canonical_smiles,pic50,ic50_nm_median,n_measurements,molecule_chembl_id,target
C#C[C@]1(O)CC[C@H]2[C@@H]3CCc4cc(O)ccc4[C@H]3CC[C@@]21C,4.679210022301194,20931.0,1,CHEMBL691,Adenosine receptor A2a
C#Cc1cccc(-c2c(C#N)c(N)nc(N3CCCCC3)c2C#N)c1,8.0,10.0,1,CHEMBL6176599,Adenosine receptor A2a
C/C(=N\OC(=O)Nc1ccccc1)c1cccc(-c2cccs2)c1,5.0,10000.0,1,CHEMBL1210154,Adenosine receptor A2a
C=Cc1cc2nc(NCc3cccnc3)nc(C(=O)c3cccs3)c2s1,5.425968732272281,3750.0,1,CHEMBL3973260,Adenosine receptor A2a
CB1C=Cc2c(cccc2OCC(O)CN(C)C)N1,5.300000202445418,5011.87,1,CHEMBL3736156,Adenosine receptor A2a
CB1C=Cc2cccc(OCC(O)CN(C)C)c2N1,5.300000202445418,5011.87,1,CHEMBL3736433,Adenosine receptor A2a
CC(=O)CCc1nc(N)c2nc(-n3nccn3)n(C)c2n1,6.00436480540245,990.0,1,CHEMBL2398486,Adenosine receptor A2a
CC(=O)N(C)C1CN(C(=O)c2nc(N[C@@H](C)c3cncc(F)c3)nc3cc(C)sc23)C1,6.301029995663981,500.0,1,CHEMBL5819102,Adenosine receptor A2a
CC(=O)N1CC(CCNC(=O)c2nc(N[C@@H](C)c3cncc(F)c3)nc3ccsc23)C1,6.522878745280337,300.0,1,CHEMBL5908312,Adenosine receptor A2a
CC(=O)NC1CN(C(=O)c2nc(N[C@@H](C)c3ccccn3)nc3ccsc23)C1,6.522878745280337,300.0,1,CHEMBL5982360,Adenosine receptor A2a
CC(=O)NC1CN(C(=O)c2nc(N[C@@H](C)c3cncc(F)c3)nc3cc(C)sc23)C1,6.522878745280337,300.0,1,CHEMBL5992575,Adenosine receptor A2a
CC(=O)NC1CN(C(=O)c2nc(N[C@@H](C)c3cncc(F)c3)nc3ccsc23)C1,6.522878745280337,300.0,1,CHEMBL5800543,Adenosine receptor A2a
CC(=O)NCC1CN(C(=O)c2nc(N[C@@H](C)c3cncc(F)c3)nc3ccsc23)C1,6.522878745280337,300.0,1,CHEMBL6006454,Adenosine receptor A2a
CC(=O)NCCNc1[nH]c(-c2ccccc2)nc2nc(C)c(C)c1-2,7.318758762624412,48.0,2,CHEMBL81616,Adenosine receptor A2a
CC(=O)N[C@@H]1CCN(C(=O)c2nc(NCc3cncc(F)c3)nc3ccsc23)C1,6.301029995663981,500.0,1,CHEMBL5851476,Adenosine receptor A2a
CC(=O)N[C@@H]1CCN(C(=O)c2nc(N[C@@H](C)c3ccccn3)nc3ccsc23)C1,6.301029995663981,500.0,1,CHEMBL5754489,Adenosine receptor A2a
CC(=O)N[C@@H]1CCN(C(=O)c2nc(N[C@@H](C)c3cccnc3)nc3ccsc23)C1,6.301029995663981,500.0,1,CHEMBL5806481,Adenosine receptor A2a
CC(=O)N[C@@H]1CCN(C(=O)c2nc(N[C@@H](C)c3cncc(F)c3)nc3cc(C)sc23)C1,6.301029995663981,500.0,1,CHEMBL5820346,Adenosine receptor A2a
CC(=O)N[C@@H]1CCN(C(=O)c2nc(N[C@@H](C)c3cncc(F)c3)nc3ccsc23)C1,6.301029995663981,500.0,1,CHEMBL5794598,Adenosine receptor A2a
CC(=O)N[C@H]1CCN(C(=O)c2nc(NCc3cncc(F)c3)nc3ccsc23)C1,6.301029995663981,500.0,1,CHEMBL5952648,Adenosine receptor A2a
CC(=O)N[C@H]1CCN(C(=O)c2nc(N[C@@H](C)c3ccccn3)nc3ccsc23)C1,6.301029995663981,500.0,1,CHEMBL6036902,Adenosine receptor A2a
CC(=O)N[C@H]1CCN(C(=O)c2nc(N[C@@H](C)c3cccnc3)nc3ccsc23)C1,6.301029995663981,500.0,1,CHEMBL5894207,Adenosine receptor A2a
CC(=O)N[C@H]1CCN(C(=O)c2nc(N[C@@H](C)c3cncc(F)c3)nc3cc(C)sc23)C1,6.301029995663981,500.0,1,CHEMBL5763948,Adenosine receptor A2a
CC(=O)N[C@H]1CCN(C(=O)c2nc(N[C@@H](C)c3cncc(F)c3)nc3ccsc23)C1,6.522878745280337,300.0,1,CHEMBL5882611,Adenosine receptor A2a
CC(=O)Nc1cc(-c2cccc(N(C)C)n2)nc(-n2nc(C)cc2C)n1,6.806875401645538,156.0,1,CHEMBL487572,Adenosine receptor A2a
CC(=O)Nc1cc(-c2cccc(N3CCC(O)CC3)n2)nc(-n2nc(C)cc2C)n1,7.657577319177793,22.0,1,CHEMBL521223,Adenosine receptor A2a
CC(=O)Nc1cc(-c2cccc(N3CCN(C)CC3)n2)nc(-n2nc(C)cc2C)n1,8.154901959985743,7.0,1,CHEMBL486162,Adenosine receptor A2a
CC(=O)Nc1cc(-c2cccc(N3CCOCC3)n2)nc(-n2nc(C)cc2C)n1,7.886056647693163,13.0,1,CHEMBL520229,Adenosine receptor A2a
CC(=O)Nc1cc(-c2cncc(N3CCOCC3)c2)nc(-n2nc(C)cc2C)n1,6.671620396561262,213.0,1,CHEMBL521029,Adenosine receptor A2a
CC(=O)Nc1cc(-c2cncc(O)c2)nc(-n2nc(C)cc2C)n1,7.1938200260161125,64.0,1,CHEMBL486130,Adenosine receptor A2a
CC(=O)Nc1cc(N2CCCC2=O)nc(-n2nc(C)cc2C)n1,6.0,1000.0,1,CHEMBL515992,Adenosine receptor A2a
CC(=O)Nc1ccc(-c2cn3c(nc4ccccc43)c(N)n2)cc1,6.506123889147177,311.8,1,CHEMBL4873408,Adenosine receptor A2a
CC(=O)Nc1ccc(CCNC(=O)c2nc(N[C@@H](C)c3cccnc3)nc3cc(C)sc23)cc1,6.301029995663981,500.0,1,CHEMBL5998179,Adenosine receptor A2a
CC(=O)Nc1ccc(CCNC(=O)c2nc(N[C@@H](C)c3cncc(F)c3)nc3cc(C)sc23)cc1,6.301029995663981,500.0,1,CHEMBL5918681,Adenosine receptor A2a
CC(=O)Nc1ccc(CCNC(=O)c2nc(N[C@@H](C)c3cncc(F)c3)nc3ccsc23)cc1,6.301029995663981,500.0,1,CHEMBL5942833,Adenosine receptor A2a
CC(=O)Nc1cccc(-c2cn3c(nc4ccccc43)c(N)n2)c1,7.313363730737707,48.6,1,CHEMBL4858421,Adenosine receptor A2a
CC(=O)Oc1ccc(CCNc2nc(N)n3nc(-c4ccco4)nc3n2)cc1,7.409492895823896,38.95,2,CHEMBL2381773,Adenosine receptor A2a
CC(C)(C)C(=O)N[C@H]1CCN(C(=O)c2nc(NCc3cncc(F)c3)nc3ccsc23)C1,7.1249387366083,75.0,1,CHEMBL5897856,Adenosine receptor A2a
CC(C)(C)NS(=O)(=O)c1ccc(-c2sc(C(=O)N[C@H]3C[C@H](C(=O)O)C3)nc2CC2CCCCC2)c2ccccc12,8.036212172654444,9.2,1,CHEMBL4128926,Adenosine receptor A2a
CC(C)(C)OC(=O)N1CC(NC(=O)c2nc(NCc3cncc(F)c3)nc3ccsc23)C1,6.522878745280337,300.0,1,CHEMBL6018147,Adenosine receptor A2a
CC(C)(C)OC(=O)N1CCC(Nc2nc(N)n3nc(-c4ccco4)nc3n2)CC1,5.759975217500241,1737.9,2,CHEMBL3394267,Adenosine receptor A2a
CC(C)(C)OC(=O)N1CCCC1CNC(=O)c1nc(NCc2cncc(F)c2)nc2ccsc12,6.301029995663981,500.0,1,CHEMBL5939798,Adenosine receptor A2a
CC(C)(C)OC(=O)N1CCN(C(=O)c2nc(NCc3cncc(F)c3)nc3ccsc23)C1,6.301029995663981,500.0,1,CHEMBL5870211,Adenosine receptor A2a
CC(C)(C)OC(=O)N[C@@H]1CCN(C(=O)c2nc(NCc3cc(F)cc(F)c3)nc3ccsc23)C1,6.522878745280337,300.0,1,CHEMBL6023992,Adenosine receptor A2a
CC(C)(C)OC(=O)N[C@@H]1CCN(C(=O)c2nc(NCc3cncc(F)c3)nc3ccsc23)C1,6.522878745280337,300.0,1,CHEMBL5886769,Adenosine receptor A2a
CC(C)(C)OC(=O)N[C@H]1CCN(C(=O)c2nc(NCc3cncc(F)c3)nc3ccsc23)C1,6.522878745280337,300.0,1,CHEMBL5890601,Adenosine receptor A2a
CC(C)(C)c1cc(-c2cn3c(=O)n(-c4ccccc4)nc3c(N)n2)ccc1O,6.747146969020107,179.0,1,CHEMBL4561681,Adenosine receptor A2a
CC(C)(C)c1cc(C(=O)NCCC(=O)Nc2ccc(-c3cn4c(=O)n(-c5ccccc5)nc4c(N)n3)cc2)cc(C(C)(C)C)c1O,6.580044251510242,263.0,1,CHEMBL4586743,Adenosine receptor A2a
CC(C)(C)c1ccc(-c2cn3c(nc4ccccc43)c(N)n2)cc1,7.481486060122112,33.0,1,CHEMBL4875468,Adenosine receptor A2a
CC(C)(NC(=O)c1nc(-c2ccc3ncccc3c2)c(-c2ccccc2)nc1N)c1ccccn1,8.886056647693163,1.3,1,CHEMBL5833176,Adenosine receptor A2a
CC(C)(Nc1nc(C(=O)N2CCCC2)c2sccc2n1)c1cccnc1,6.301029995663981,500.0,1,CHEMBL5888823,Adenosine receptor A2a
CC(C)(O)Cn1cc(N2CCC[C@@H](c3nc4c5cc(F)c(OC(F)F)cc5nc(N)n4n3)C2)cn1,8.130768280269024,7.4,1,CHEMBL5912890,Adenosine receptor A2a
CC(C)(O)c1ccc(N2Cc3c(ccnc3-c3ccc(F)cc3OCC(F)(F)F)C2=O)cc1,5.0,10000.0,1,CHEMBL5078078,Adenosine receptor A2a
CC(C)C(=O)N1CCN(C(=O)c2nc(N[C@@H](C)c3cncc(F)c3)nc3ccsc23)C1,6.301029995663981,500.0,1,CHEMBL6033479,Adenosine receptor A2a
CC(C)C(=O)NC1CN(C(=O)c2nc(N[C@@H](C)c3cncc(F)c3)nc3ccsc23)C1,7.522878745280337,30.0,1,CHEMBL5792732,Adenosine receptor A2a
CC(C)C(=O)NCC1CN(C(=O)c2nc(N[C@@H](C)c3cncc(F)c3)nc3ccsc23)C1,7.1249387366083,75.0,1,CHEMBL5856769,Adenosine receptor A2a
CC(C)C(=O)N[C@H]1C[C@@H](n2cnc3c(NCC(c4ccccc4)c4ccccc4)nc(NCCc4cn(C(C)C)cn4)nc32)[C@H](O)[C@@H]1O,7.173925197299173,67.0,1,CHEMBL590484,Adenosine receptor A2a
CC(C)Cn1cnc2c(N)nc3ccccc3c21,5.274088367704952,5320.0,1,CHEMBL1282,Adenosine receptor A2a
CC(C)NC(=O)N1CCN(C(=O)c2nc(N[C@@H](C)c3cncc(F)c3)nc3ccsc23)C1,6.522878745280337,300.0,1,CHEMBL5993414,Adenosine receptor A2a
CC(C)NC(=O)c1nc(NCc2cccnc2)nc2ccsc12,5.583359492661719,2610.0,1,CHEMBL1076504,Adenosine receptor A2a
CC(C)NC(=O)c1nc(N[C@@H](C)c2ccccn2)nc2ccsc12,7.522878745280337,30.0,1,CHEMBL6005456,Adenosine receptor A2a
CC(C)NCC(O)COc1cccc2ccccc12,5.300000202445418,5011.87,1,CHEMBL27,Adenosine receptor A2a
CC(C)OC(=O)NC1CN(C(=O)c2nc(N[C@@H](C)c3cncc(F)c3)nc3ccsc23)C1,7.522878745280337,30.0,1,CHEMBL5783496,Adenosine receptor A2a
CC(C)n1cc(-c2c(-c3ccc(F)cc3)nc(N)n3nc(Cc4ncccc4F)nc23)ccc1=O,8.397940008672037,4.0,3,CHEMBL5957422,Adenosine receptor A2a
CC(C)n1cc(-c2c(-c3ccccc3)nc(N)n3cnnc23)ccc1=O,9.698970004336019,0.2,1,CHEMBL5965998,Adenosine receptor A2a
CC(C)n1cc(-c2c(-c3ncco3)nc(N)n3nc(Cc4c(F)cccc4F)nc23)ccc1=O,9.154901959985743,0.7,1,CHEMBL6003948,Adenosine receptor A2a
CC(C)n1cc(-c2c(-c3ncco3)nc(N)n3nc(Cc4ncccc4F)nc23)ccc1=O,8.443697499232712,3.6,1,CHEMBL5915941,Adenosine receptor A2a
CC(C)n1cc(-c2cc3c(=O)cc[nH]c3nc2-c2ccccc2)cc(Cl)c1=O,8.455931955649724,3.5,1,CHEMBL6022827,Adenosine receptor A2a
CC(C)n1cc(-c2cc3c(=O)cc[nH]c3nc2-c2ccccc2)ccc1=O,8.585026652029182,2.6,1,CHEMBL6012073,Adenosine receptor A2a
CC(C)n1cnc(CCNc2nc(NCC(c3ccccc3)c3ccccc3)c3ncn([C@@H]4C[C@H](NC(=O)C(C)(C)C)[C@@H](O)[C@H]4O)c3n2)c1,6.266000713461613,542.0,1,CHEMBL601081,Adenosine receptor A2a
CC(C)n1cnc(CCNc2nc(NCC(c3ccccc3)c3ccccc3)c3ncn([C@@H]4C[C@H](NC(=O)C5CC5)[C@@H](O)[C@H]4O)c3n2)c1,7.221848749616356,60.0,1,CHEMBL589348,Adenosine receptor A2a
CC(C)n1cnc(CCNc2nc(NCC(c3ccccc3)c3ccccc3)c3ncn([C@@H]4C[C@H](NC(=O)C5CCC5)[C@@H](O)[C@H]4O)c3n2)c1,7.3979400086720375,40.0,1,CHEMBL601515,Adenosine receptor A2a
CC(CNC(=O)c1nc(N[C@@H](C)c2ccccn2)nc2ccsc12)Oc1cccnc1,6.522878745280337,300.0,1,CHEMBL5800964,Adenosine receptor A2a
CC(NC(=O)c1nc(-c2cc(Cl)c3[nH]ncc3c2)c(-c2ccc(F)cc2)nc1N)c1ccccn1,9.045757490560675,0.9,1,CHEMBL5967325,Adenosine receptor A2a
CC(NC(=O)c1nc(-c2cc(Cl)c3[nH]ncc3c2)c(-c2ccn(C)n2)nc1N)c1cccc(C#N)n1,8.431798275933005,3.7,1,CHEMBL5897825,Adenosine receptor A2a
CC(NC(=O)c1nc(-c2cc(Cl)c3ncccc3c2)c(-c2ccc(F)cc2)nc1N)c1cccc(C#N)n1,8.821032576499773,1.5499999999999998,2,CHEMBL5988572,Adenosine receptor A2a
CC(NC(=O)c1nc(-c2cc(Cl)c3ncccc3c2)c(-c2ccccc2)nc1N)c1cccc(C#N)n1,8.455931955649724,3.5,1,CHEMBL5750814,Adenosine receptor A2a
CC(NC(=O)c1nc(-c2cc(Cl)c3ncccc3c2)c(-c2ccn(C)n2)nc1N)c1cccc(C#N)n1,8.958607314841775,1.1,1,CHEMBL5895828,Adenosine receptor A2a
CC(NC(=O)c1nc(-c2cc(Cl)c3ncccc3c2)c(-c2ccn(C)n2)nc1N)c1ccccn1,8.795880017344075,1.6,1,CHEMBL6014957,Adenosine receptor A2a
CC(NC(=O)c1nc(-c2ccc(=O)n(C)c2)c(-c2ncco2)nc1N)c1c(F)cccc1F,8.2839966563652,5.2,1,CHEMBL5976352,Adenosine receptor A2a
CC(NC(=O)c1nc(-c2ccc(=O)n(C)n2)c(-c2ncco2)nc1N)c1c(F)cccc1F,8.2839966563652,5.2,1,CHEMBL5790434,Adenosine receptor A2a
CC(NC(=O)c1nc(-c2ccc3ncccc3c2)c(-c2ccccc2)nc1N)c1ncccn1,8.288213240133633,5.35,2,CHEMBL6009085,Adenosine receptor A2a
CC(NC(=O)c1nc(-c2ccc3ncccc3c2)c(-c2ccn(C)n2)nc1N)c1cccc(C#N)n1,8.4089353929735,3.9,1,CHEMBL5834415,Adenosine receptor A2a
CC(NC(=O)c1nc(-c2ccc3ncccc3c2)c(-c2ccn(C)n2)nc1N)c1ccccn1,8.327902142064282,4.7,1,CHEMBL5908007,Adenosine receptor A2a
CC(NC(=O)c1nc(-c2ccc3ncccc3c2)c(-c2ccn(C)n2)nc1N)c1ncccn1,8.136677139879543,7.3,1,CHEMBL5871859,Adenosine receptor A2a
CC(NC(=O)c1nc(NC(C)c2cccnc2)nc2ccsc12)c1cccnc1,6.301029995663981,500.0,1,CHEMBL5953647,Adenosine receptor A2a
CC(Nc1nc(C(=O)N2CCCC2)c2sccc2n1)c1cccnc1,5.629486910401408,2347.0,1,CHEMBL1082064,Adenosine receptor A2a
CC(Nc1nc(C(=O)N2CC[C@@H](F)C2)c2sccc2n1)c1cccnc1,6.522878745280337,300.0,1,CHEMBL5983865,Adenosine receptor A2a
CC(O)C(C)(C)n1cc(N2CCC[C@@H](c3nc4c5cc(F)cc(F)c5nc(N)n4n3)C2)cn1,8.420818753952375,3.85,2,CHEMBL5906623,Adenosine receptor A2a
CC(O)C(C)n1cc(N2CC(c3nc4c5cc(F)cc(F)c5nc(N)n4n3)CCC2C)cn1,8.10790539730952,24.049999999999997,4,CHEMBL5889416,Adenosine receptor A2a
CC(O)C(C)n1cc(N2CCC[C@@H](c3nc4c5cc(F)cc(F)c5nc(N)n4n3)C2)cn1,8.153664650421815,7.050000000000001,4,CHEMBL6019112,Adenosine receptor A2a
CC(O)CCc1nc(N)c2nc(-n3nccn3)n(C)c2n1,6.346787486224656,450.0,1,CHEMBL2398482,Adenosine receptor A2a
CC(O)CNC(=O)c1nc(N[C@@H](C)c2cccnc2)nc2cc(C(F)(F)F)sc12,6.301029995663981,500.0,1,CHEMBL5884754,Adenosine receptor A2a
CC/C(=C(/CC)c1ccc(O)cc1)c1ccc(O)cc1,5.045130628933522,9013.0,1,CHEMBL411,Adenosine receptor A2a
CC/C(=C(\c1ccccc1)c1ccc(OCCN(C)C)cc1)c1ccccc1,5.148802823825839,7099.0,1,CHEMBL83,Adenosine receptor A2a
CC1(C)CCN(C(=O)c2nc(NCc3cncnc3)nc3ccsc23)C1,6.301029995663981,500.0,1,CHEMBL5836649,Adenosine receptor A2a
CC1(C)OC(=O)N([C@H]2CC[C@H](c3cnc(N)c(-c4ncccn4)c3)CC2)[C@H]1c1ccccc1,4.314258261397736,48500.0,1,CHEMBL3099716,Adenosine receptor A2a
CC1(O)CN(C(=O)c2nc(NCc3cncc(F)c3)nc3ccsc23)C1,6.301029995663981,500.0,1,CHEMBL6000441,Adenosine receptor A2a
CC1CC(c2nc3c4cc(F)cc(F)c4nc(N)n3n2)CN(c2cnn(C(C)(C)CO)c2)C1,7.832773124424534,29.0,2,CHEMBL5783854,Adenosine receptor A2a
CC1CC(c2nc3c4cc(F)cc(F)c4nc(N)n3n2)CN(c2cnn(CC(C)(C)O)c2)C1,7.619788758288394,26.0,4,CHEMBL5804114,Adenosine receptor A2a
CC1CCC(C(=O)NC2CN(C(=O)c3nc(N[C@@H](C)c4cncc(F)c4)nc4ccsc34)C2)CC1,7.522878745280337,30.0,1,CHEMBL5810835,Adenosine receptor A2a
CC1CCC(c2nc3c4cc(F)cc(F)c4nc(N)n3n2)CN1c1cnn(CC(C)(CO)CO)c1,7.9160165933021895,44.15,2,CHEMBL5780762,Adenosine receptor A2a
CC1CCC(c2nc3c4cc(F)cc(F)c4nc(N)n3n2)CN1c1cnn(CC(C)(O)CO)c1,7.628127560703769,121.65,4,CHEMBL5767064,Adenosine receptor A2a
CC1CCN1C(=O)c1nc(N[C@@H](C)c2ccccn2)nc2ccsc12,7.522878745280337,30.0,1,CHEMBL5796773,Adenosine receptor A2a
CC1CCN1C(=O)c1nc(N[C@@H](C)c2cncc(F)c2)nc2ccsc12,7.1249387366083,75.0,1,CHEMBL5865633,Adenosine receptor A2a
CCC(=O)N1CC[C@H](Nc2ncnc3c2CN(c2cnc(OC)c(C(F)(F)F)c2)CC3)C1,4.522878745280337,30000.0,1,CHEMBL3643413,Adenosine receptor A2a
CCC(=O)N[C@H]1C[C@@H](n2cnc3c(NC(CC)CC)nc(NCCc4cn(C(C)C)cn4)nc32)[C@H](O)[C@@H]1O,8.080921907623926,8.3,1,CHEMBL592540,Adenosine receptor A2a
CCC(=O)N[C@H]1C[C@@H](n2cnc3c(NC(CC)CC)nc(NCCc4cn(CC)cn4)nc32)[C@H](O)[C@@H]1O,8.568636235841012,2.7,1,CHEMBL592541,Adenosine receptor A2a
CCC(=O)N[C@H]1C[C@@H](n2cnc3c(NCC(c4ccccc4)c4ccccc4)nc(NCCc4c[nH]cn4)nc32)[C@H](O)[C@@H]1O,8.229147988357855,5.9,1,CHEMBL601514,Adenosine receptor A2a
CCC(=O)N[C@H]1C[C@@H](n2cnc3c(NCC(c4ccccc4)c4ccccc4)nc(NCCc4cn(C)cn4)nc32)[C@H](O)[C@@H]1O,8.327902142064282,4.7,1,CHEMBL591423,Adenosine receptor A2a
CCC(=O)N[C@H]1C[C@@H](n2cnc3c(NCC(c4ccccc4)c4ccccc4)nc(NCCc4cn(CC)cn4)nc32)[C@H](O)[C@@H]1O,8.301029995663981,5.0,1,CHEMBL591356,Adenosine receptor A2a
CCC(=O)Nc1cc(-c2cncc(OC)c2)nc(-n2nc(C)cc2C)n1,7.508638306165727,31.0,1,CHEMBL486140,Adenosine receptor A2a
CCC(C)(O)Cn1cc(N2CCC[C@@H](c3nc4c5cc(F)c(OC)cc5nc(N)n4n3)C2)cn1,8.504386962153752,3.45,2,CHEMBL5858319,Adenosine receptor A2a
CCC(CC)CNc1nc(NCCc2cn(CC)cn2)nc2c1ncn2[C@@H]1C[C@H](n2cc(CO)cn2)[C@@H](O)[C@H]1O,8.275724130399212,5.3,1,CHEMBL604591,Adenosine receptor A2a
CCC(CC)NC(=O)NC1CN(C(=O)c2nc(N[C@@H](C)c3cncc(F)c3)nc3ccsc23)C1,8.0,10.0,1,CHEMBL6048164,Adenosine receptor A2a
CCC(NC(=O)c1nc(NC(CC)c2cccnc2)nc2ccsc12)c1cccnc1,6.301029995663981,500.0,1,CHEMBL5969675,Adenosine receptor A2a
CCC(NC(=O)c1nc(N[C@@H](C)c2cccnc2)nc2ccsc12)c1cccnc1,6.301029995663981,500.0,1,CHEMBL5864927,Adenosine receptor A2a
CCC(Nc1nc(C(=O)N2CCCC2)c2sccc2n1)c1cccnc1,6.522878745280337,300.0,1,CHEMBL5947725,Adenosine receptor A2a
CCC(Nc1nc(C(=O)N2CC[C@@H](OC)C2)c2sccc2n1)c1cccnc1,7.1249387366083,75.0,1,CHEMBL6011536,Adenosine receptor A2a
CCC(Nc1nc(C(=O)NCc2ccc(OC)nc2)c2sccc2n1)c1cccnc1,6.522878745280337,300.0,1,CHEMBL5925995,Adenosine receptor A2a
CCC1CCC(c2nc3c4cc(F)c(OC)cc4nc(N)n3n2)CN1c1cnn(CC(C)(C)O)c1,7.865103478069385,13.649999999999999,4,CHEMBL5952508,Adenosine receptor A2a
CCCC(=O)N[C@H]1C[C@@H](n2cnc3c(NCC(c4ccccc4)c4ccccc4)nc(NCCc4cn(C(C)C)cn4)nc32)[C@H](O)[C@@H]1O,6.795880017344075,160.0,1,CHEMBL590718,Adenosine receptor A2a
CCCC(=O)Oc1ccc(CCNc2nc(N)c3nc(-n4nccn4)n(C)c3n2)cc1,5.01005276723816,9771.185000000001,2,CHEMBL2381759,Adenosine receptor A2a
CCCC(=O)Oc1ccc(CCNc2nc(N)n3nc(-c4ccco4)nc3n2)cc1,7.526454767890189,29.755000000000003,2,CHEMBL2381774,Adenosine receptor A2a
CCCC(O)c1nc(N)c2nc(-n3nccn3)n(C)c2n1,5.638272163982407,2300.0,1,CHEMBL2398480,Adenosine receptor A2a
CCCCC#Cc1nc(N)c2ncn([C@@H]3C[C@H](NC(=O)CC)[C@@H](O)[C@H]3O)c2n1,7.920818753952375,12.0,1,CHEMBL591999,Adenosine receptor A2a
CCCCCCCCCC(=O)Oc1ccc(CCNc2nc(N)n3nc(-c4ccco4)nc3n2)cc1,6.739964408466519,181.985,2,CHEMBL2381757,Adenosine receptor A2a
CCCCCCCCc1ccc(O)cc1,4.649132003713436,22432.0,1,CHEMBL195437,Adenosine receptor A2a
CCCCCCc1nc2[nH]cnc2c2nc(-c3ccccc3)nn12,5.107905397309519,7800.0,1,CHEMBL123203,Adenosine receptor A2a
CCCCCc1nc2[nH]cnc2c2nc(-c3ccccc3)nn12,6.698970004336019,200.0,1,CHEMBL122511,Adenosine receptor A2a
CCCCc1nc(N)c2nc(-n3nccn3)n(C)c2n1,6.366531544420414,430.0,1,CHEMBL197669,Adenosine receptor A2a
CCCCc1nc2[nH]cnc2c2nc(-c3cc(OC)c(OC)c(OC)c3)nn12,5.6020599913279625,2500.0,1,CHEMBL333535,Adenosine receptor A2a
CCCCc1nc2[nH]cnc2c2nc(-c3ccc(-c4ccccc4)cc3)nn12,5.0,10000.0,1,CHEMBL123346,Adenosine receptor A2a
CCCCc1nc2[nH]cnc2c2nc(-c3ccc(Br)cc3)nn12,5.481486060122113,3300.0,1,CHEMBL123144,Adenosine receptor A2a
CCCCc1nc2[nH]cnc2c2nc(-c3ccc(C(F)(F)F)cc3)nn12,5.0,10000.0,2,CHEMBL123705,Adenosine receptor A2a
CCCCc1nc2[nH]cnc2c2nc(-c3ccc(C)cc3)nn12,6.7447274948966935,180.0,1,CHEMBL332742,Adenosine receptor A2a
CCCCc1nc2[nH]cnc2c2nc(-c3ccc(Cl)cc3)nn12,5.585026652029182,2600.0,2,CHEMBL121339,Adenosine receptor A2a
CCCCc1nc2[nH]cnc2c2nc(-c3ccc(F)cc3)nn12,6.292429823902063,510.0,1,CHEMBL333415,Adenosine receptor A2a
CCCCc1nc2[nH]cnc2c2nc(-c3ccc(O)cc3)nn12,7.236572006437063,58.0,1,CHEMBL123450,Adenosine receptor A2a
CCCCc1nc2[nH]cnc2c2nc(-c3ccc(OC)cc3)nn12,5.795880017344075,1600.0,2,CHEMBL331111,Adenosine receptor A2a
CCCCc1nc2[nH]cnc2c2nc(-c3ccc(OCC)cc3)nn12,5.42021640338319,3800.0,1,CHEMBL122819,Adenosine receptor A2a
CCCCc1nc2[nH]cnc2c2nc(-c3cccc(C)c3)nn12,6.72584215073632,188.0,1,CHEMBL122685,Adenosine receptor A2a
CCCCc1nc2[nH]cnc2c2nc(-c3cccc(Cl)c3)nn12,7.251811972993799,56.0,1,CHEMBL122667,Adenosine receptor A2a
CCCCc1nc2[nH]cnc2c2nc(-c3cccc(OC)c3)nn12,7.173925197299173,67.0,1,CHEMBL123172,Adenosine receptor A2a
CCCCc1nc2[nH]cnc2c2nc(-c3ccccc3)nn12,7.1487416512809245,71.0,3,CHEMBL122512,Adenosine receptor A2a
CCCCc1nc2[nH]cnc2c2nc(-c3ccccc3Cl)nn12,7.7447274948966935,18.0,1,CHEMBL124788,Adenosine receptor A2a
CCCCc1nc2[nH]cnc2c2nc(-c3cccnc3)nn12,6.045757490560675,900.0,1,CHEMBL123195,Adenosine receptor A2a
CCCCc1nc2[nH]cnc2c2nc(-c3ccco3)nn12,6.6777807052660805,210.0,1,CHEMBL125647,Adenosine receptor A2a
CCCCc1nc2[nH]cnc2c2nc(C)nn12,7.337242168318426,46.0,1,CHEMBL123310,Adenosine receptor A2a
CCCCc1nc2[nH]cnc2c2nc(Cc3ccccc3)nn12,7.327902142064283,47.0,1,CHEMBL122928,Adenosine receptor A2a
CCCCc1nc2[nH]ncc2c2nc(-c3ccc(-c4ccccc4)cc3)nn12,5.0,10000.0,1,CHEMBL340182,Adenosine receptor A2a
CCCCc1nc2[nH]ncc2c2nc(-c3ccc(Br)cc3)nn12,5.0,10000.0,1,CHEMBL126150,Adenosine receptor A2a
CCCCc1nc2[nH]ncc2c2nc(-c3ccc(C(C)(C)C)cc3)nn12,5.0,10000.0,1,CHEMBL331837,Adenosine receptor A2a
CCCCc1nc2[nH]ncc2c2nc(-c3ccc(C(F)(F)F)cc3)nn12,5.0,10000.0,2,CHEMBL332577,Adenosine receptor A2a
CCCCc1nc2[nH]ncc2c2nc(-c3ccc(C)cc3)nn12,5.0,10000.0,1,CHEMBL124725,Adenosine receptor A2a
CCCCc1nc2[nH]ncc2c2nc(-c3ccc(CC)cc3)nn12,5.0,10000.0,1,CHEMBL124724,Adenosine receptor A2a
CCCCc1nc2[nH]ncc2c2nc(-c3ccc(CCC)cc3)nn12,5.0,10000.0,1,CHEMBL125062,Adenosine receptor A2a
CCCCc1nc2[nH]ncc2c2nc(-c3ccc(Cl)cc3)nn12,5.0,10000.0,1,CHEMBL122037,Adenosine receptor A2a
CCCCc1nc2[nH]ncc2c2nc(-c3ccc(F)cc3)nn12,5.0,10000.0,1,CHEMBL339218,Adenosine receptor A2a
CCCCc1nc2[nH]ncc2c2nc(-c3ccc(OC)cc3)nn12,5.585026652029182,2600.0,2,CHEMBL126061,Adenosine receptor A2a
CCCCc1nc2[nH]ncc2c2nc(-c3ccc(OCC)cc3)nn12,5.568636235841013,2700.0,1,CHEMBL340262,Adenosine receptor A2a
CCCCc1nc2[nH]ncc2c2nc(-c3cccc(Cl)c3)nn12,6.119186407719209,760.0,1,CHEMBL124900,Adenosine receptor A2a
CCCCc1nc2[nH]ncc2c2nc(-c3ccccc3)nn12,6.721246399047171,190.0,2,CHEMBL340657,Adenosine receptor A2a
CCCCc1nc2[nH]ncc2c2nc(-c3ccccc3Cl)nn12,6.886056647693163,130.0,1,CHEMBL421611,Adenosine receptor A2a
CCCCc1nc2cc(C)ccc2c2nc(-c3ccccc3)nn12,5.0,10000.0,1,CHEMBL123694,Adenosine receptor A2a
CCCCc1nc2cc(Cl)ccc2c2nc(-c3ccc(Cl)cc3)nn12,5.0,10000.0,1,CHEMBL338837,Adenosine receptor A2a
CCCCc1nc2cc(Cl)ccc2c2nc(-c3ccc(OC)cc3)nn12,5.0,10000.0,1,CHEMBL123669,Adenosine receptor A2a
CCCCc1nc2cc(Cl)ccc2c2nc(-c3ccccc3)nn12,5.0,10000.0,1,CHEMBL340093,Adenosine receptor A2a
CCCCc1nc2ccc(Cl)cc2c2nc(-c3ccc(Br)cc3)nn12,5.0,10000.0,1,CHEMBL124659,Adenosine receptor A2a
CCCCc1nc2ccc(Cl)cc2c2nc(-c3ccc(Cl)cc3)nn12,5.0,10000.0,1,CHEMBL339019,Adenosine receptor A2a
CCCCc1nc2ccc(Cl)cc2c2nc(-c3ccc(OC)cc3)nn12,5.0,10000.0,1,CHEMBL124897,Adenosine receptor A2a
CCCCc1nc2ccc(Cl)cc2c2nc(-c3ccccc3)nn12,5.0,10000.0,1,CHEMBL339556,Adenosine receptor A2a
CCCCc1nc2cccc(Cl)c2c2nc(-c3ccccc3)nn12,5.0,10000.0,1,CHEMBL341259,Adenosine receptor A2a
CCCCc1nc2ccccc2c2nc(-c3ccc(-c4ccccc4)cc3)nn12,5.0,10000.0,1,CHEMBL122163,Adenosine receptor A2a
CCCCc1nc2ccccc2c2nc(-c3ccc(Br)cc3)nn12,5.0,10000.0,2,CHEMBL339066,Adenosine receptor A2a
CCCCc1nc2ccccc2c2nc(-c3ccc(C(F)(F)F)cc3)nn12,5.0,10000.0,2,CHEMBL125288,Adenosine receptor A2a
CCCCc1nc2ccccc2c2nc(-c3ccc(C)cc3)nn12,5.0,10000.0,1,CHEMBL121890,Adenosine receptor A2a
CCCCc1nc2ccccc2c2nc(-c3ccc(Cl)cc3)nn12,5.0,10000.0,1,CHEMBL339529,Adenosine receptor A2a
CCCCc1nc2ccccc2c2nc(-c3ccc(F)cc3)nn12,5.0,10000.0,1,CHEMBL434639,Adenosine receptor A2a
CCCCc1nc2ccccc2c2nc(-c3ccc(O)cc3)nn12,5.275724130399211,5300.0,1,CHEMBL338057,Adenosine receptor A2a
CCCCc1nc2ccccc2c2nc(-c3ccc(OC)cc3)nn12,5.0,10000.0,2,CHEMBL341041,Adenosine receptor A2a
CCCCc1nc2ccccc2c2nc(-c3ccc(OCC)cc3)nn12,5.0,10000.0,1,CHEMBL124138,Adenosine receptor A2a
CCCCc1nc2ccccc2c2nc(-c3ccccc3)nn12,5.0,10000.0,2,CHEMBL340580,Adenosine receptor A2a
CCCCc1nc2ccccc2c2nc(-c3ccco3)nn12,6.187086643357144,650.0,1,CHEMBL122230,Adenosine receptor A2a
CCCN(C)C(=O)[C@H]1S[C@@H](n2cnc3c(NCc4cccc(I)c4)nc(Cl)nc32)[C@H](O)[C@@H]1O,5.0,10000.0,1,CHEMBL403584,Adenosine receptor A2a
CCCN(CCCCCCNc1nc(N)n2nc(-c3ccco3)nc2n1)CCc1cccc2c1CC(=O)N2,5.750034049642256,1778.1399999999999,2,CHEMBL3394266,Adenosine receptor A2a
CCCN(CCCNC(=O)CCCC(=O)Oc1ccc(CCNc2nc(N)n3nc(-c4ccco4)nc3n2)cc1)CCc1cccc2c1CC(=O)N2,7.452974172245018,35.239999999999995,2,CHEMBL3394253,Adenosine receptor A2a
CCCN(CCCNC(=O)CCCCCCCCCCCNC(=O)CCCOc1ccc(CCNc2nc(N)n3nc(-c4ccco4)nc3n2)cc1)CCc1cccc2c1CC(=O)N2.O=C(O)C(F)(F)F,5.969902466525572,1071.76,2,CHEMBL3394259,Adenosine receptor A2a
CCCN(CCCNC(=O)CCCCCCCCCCCNC(=O)OC(C)(C)C)CCc1cccc2c1CC(=O)N2,4.0,100000.0,2,CHEMBL3394254,Adenosine receptor A2a
CCCN(CCCNC(=O)CCCCCCCNC(=O)CCCOc1ccc(CCNc2nc(N)n3nc(-c4ccco4)nc3n2)cc1)CCc1cccc2c1CC(=O)N2,7.38859755930806,40.870000000000005,2,CHEMBL3394258,Adenosine receptor A2a
CCCN(CCCNC(=O)CCCNC(=O)CCCOc1ccc(CCNc2nc(N)n3nc(-c4ccco4)nc3n2)cc1)CCc1cccc2c1CC(=O)N2,6.959299339414116,109.825,2,CHEMBL3394257,Adenosine receptor A2a
CCCN(CCCNC(=O)CCCOc1ccc(CCNc2nc(N)n3nc(-c4ccco4)nc3n2)cc1)CCc1cccc2c1CC(=O)N2.O=C(O)C(F)(F)F,7.742328053455809,18.1,2,CHEMBL3394256,Adenosine receptor A2a
CCCN(CCCNC(=O)COc1ccc(CCNc2nc(N)n3nc(-c4ccco4)nc3n2)cc1)CCc1cccc2c1CC(=O)N2,7.200315045651141,63.05,2,CHEMBL3394255,Adenosine receptor A2a
CCCN(CCCNc1nc(N)n2nc(-c3ccco3)nc2n1)CCc1cccc2c1CC(=O)N2,6.040002780684189,912.005,2,CHEMBL3394265,Adenosine receptor A2a
CCCN(CCCNc1nc(Oc2ccc(CCNc3nc(N)n4nc(-c5ccco5)nc4n3)cc2)nc(N2CCOCC2)n1)CCc1cccc2c1CC(=O)N2.O=CO,6.920402953422224,120.11500000000001,2,CHEMBL3394262,Adenosine receptor A2a
CCCN(CCc1cccc2c1CC(=O)N2)c1nc(N)n2nc(-c3ccco3)nc2n1,7.492420754369929,32.18,2,CHEMBL3394263,Adenosine receptor A2a
CCCNCc1ccc(CCn2ccc(OCc3ccc(F)cc3)cc2=O)cc1,5.301029995663981,5000.0,1,CHEMBL570296,Adenosine receptor A2a
CCCNCc1ccc(CCn2ccc(OCc3ccc(F)cc3)cc2=O)nc1,5.301029995663981,5000.0,1,CHEMBL565833,Adenosine receptor A2a
CCCSc1c2c(nc(N)n3nc(-c4ccco4)nc23)nn1C,7.8297382846050425,14.8,1,CHEMBL280888,Adenosine receptor A2a
CCCc1nc2[nH]cnc2c2nc(-c3ccccc3)nn12,6.920818753952375,120.0,1,CHEMBL123465,Adenosine receptor A2a
CCCc1nc2[nH]ncc2c2nc(-c3ccccc3)nn12,6.920818753952375,120.0,1,CHEMBL124137,Adenosine receptor A2a
CCCc1nn(C)c2c(=O)[nH]c(-c3cc(S(=O)(=O)N4CCN(C)CC4)ccc3OCC)nc12,6.5968794788241825,253.0,1,CHEMBL192,Adenosine receptor A2a
CCCn1c(=O)c2[nH]c(-c3ccc(OCC(=O)Nc4ccc(C#N)cc4)cc3)nc2n(CCC)c1=O,6.0,1000.0,1,CHEMBL273807,Adenosine receptor A2a
CCCn1c(=O)c2[nH]c(C3CCCC3)nc2n(CCC)c1=O,6.663540266151471,217.0,3,CHEMBL183,Adenosine receptor A2a
CCCn1c(=O)c2c(nc(/C=C/c3ccc(OC)c(OC)c3)n2C)n(CCC)c1=O,9.0,1.0,1,CHEMBL27508,Adenosine receptor A2a
CCCn1c(=O)c2c(ncn2CCN(CC)CCO)n(CCc2ccc(N)cc2)c1=O,7.0,100.0,1,CHEMBL591235,Adenosine receptor A2a
CCN(C(=O)[C@H]1S[C@@H](n2cnc3c(NCc4cccc(I)c4)nc(Cl)nc32)[C@H](O)[C@@H]1O)c1ccccc1,5.0,10000.0,1,CHEMBL272368,Adenosine receptor A2a
CCN(CC)C(=O)c1nc(N[C@@H](C)c2cccnc2)nc2ccsc12,6.301029995663981,500.0,1,CHEMBL5888836,Adenosine receptor A2a
CCN1CCCC(Nc2cc(C)nc(NC(=N)Nc3ccc(Cl)c(Cl)c3)n2)C1,6.263046046216854,545.7,1,CHEMBL1939337,Adenosine receptor A2a
CCN1CCN(Cc2ccc3cc(C(=O)Nc4cc(NC(=O)c5ccc6c(c5)OCCO6)ccc4F)ccc3n2)CC1,5.698970004336019,2000.0,1,CHEMBL5440545,Adenosine receptor A2a
CCNC(=O)C1CCN(C(=O)c2nc(N[C@@H](C)c3cncc(F)c3)nc3ccsc23)C1,6.522878745280337,300.0,1,CHEMBL5889473,Adenosine receptor A2a
CCNC(=O)CC1CN(C(=O)c2nc(N[C@@H](C)c3cncc(F)c3)nc3cc(C)sc23)C1,7.1249387366083,75.0,1,CHEMBL5994559,Adenosine receptor A2a
CCNC(=O)[C@H]1O[C@@H](N2CNc3c(N)nc(NCCc4ccc(CCC(=O)O)cc4)nc32)[C@H](O)[C@@H]1O,6.886056647693163,130.0,1,CHEMBL2391907,Adenosine receptor A2a
CCNC(=O)[C@H]1O[C@@H](n2cnc3c(N)nc(NCCc4ccc(CCC(=O)O)cc4)nc32)[C@H](O)[C@@H]1O,7.721246399047171,19.0,1,CHEMBL331372,Adenosine receptor A2a
CCNC(=O)[C@H]1O[C@@H](n2cnc3c(N)ncnc32)[C@H](O)[C@@H]1O,7.468521082957745,34.0,9,CHEMBL464859,Adenosine receptor A2a
CCNC(=O)[C@H]1O[C@@H](n2cnc3c(NCC(c4ccccc4)c4ccccc4)nc(C(=O)NCCN(C)C(=O)NCCN4CCCCC4)nc32)[C@H](O)[C@@H]1O,6.515700160653214,305.0,1,CHEMBL1096891,Adenosine receptor A2a
CCNC(=O)[C@H]1O[C@@H](n2cnc3c(NCC(c4ccccc4)c4ccccc4)nc(C(=O)NCCN4CCCCC4)nc32)[C@H](O)[C@@H]1O,8.045757490560675,9.0,1,CHEMBL403478,Adenosine receptor A2a
CCNC(=O)[C@H]1O[C@@H](n2cnc3c(NCC(c4ccccc4)c4ccccc4)nc(C(=O)NCCNC(=O)NC4CCN(c5ccccn5)CC4)nc32)[C@H](O)[C@@H]1O,8.397940008672037,4.0,1,CHEMBL1096896,Adenosine receptor A2a
CCNC(=O)[C@H]1O[C@@H](n2cnc3c(NCC(c4ccccc4)c4ccccc4)nc(C(=O)NCCNC(=O)NCCN(C(C)C)C(C)C)nc32)[C@H](O)[C@@H]1O,8.301029995663981,5.0,1,CHEMBL1096889,Adenosine receptor A2a
CCNC(=O)[C@H]1O[C@@H](n2cnc3c(NCC(c4ccccc4)c4ccccc4)nc(C(=O)NCCNC(=O)NCCN(C(C)C)C4CCCC4)nc32)[C@H](O)[C@@H]1O,8.154901959985743,7.0,1,CHEMBL1096888,Adenosine receptor A2a
CCNC(=O)[C@H]1O[C@@H](n2cnc3c(NCC(c4ccccc4)c4ccccc4)nc(C(=O)NCCNC(=O)NCCN4CCCCC4)nc32)[C@H](O)[C@@H]1O,8.301029995663981,5.0,1,CHEMBL1096886,Adenosine receptor A2a
CCNC(=O)[C@H]1O[C@@H](n2cnc3c(NCC(c4ccccc4)c4ccccc4)nc(C(=O)NCCNC(=O)NCCN4CCc5ccccc5C4)nc32)[C@H](O)[C@@H]1O,8.0,10.0,1,CHEMBL1096890,Adenosine receptor A2a
CCNC(=O)[C@H]1O[C@@H](n2cnc3c(NCC(c4ccccc4)c4ccccc4)nc(C(=O)NCCNC(=O)NCCc4ccccc4)nc32)[C@H](O)[C@@H]1O,8.0,10.0,1,CHEMBL1096892,Adenosine receptor A2a
CCNC(=O)[C@H]1O[C@@H](n2cnc3c(NCC(c4ccccc4)c4ccccc4)nc(C(=O)NCCNC(=O)NCc4ccc(C(=O)O)cc4)nc32)[C@H](O)[C@@H]1O,9.397940008672037,0.4,1,CHEMBL1095604,Adenosine receptor A2a
CCNC(=O)[C@H]1O[C@@H](n2cnc3c(NCC(c4ccccc4)c4ccccc4)nc(C(=O)NCCNC(=O)NCc4ccc(CN(CC)CC)cc4)nc32)[C@H](O)[C@@H]1O,8.301029995663981,5.0,1,CHEMBL1096895,Adenosine receptor A2a
CCNC(=O)[C@H]1O[C@@H](n2cnc3c(NCC(c4ccccc4)c4ccccc4)nc(C(=O)NCCNC(=O)NCc4ccccc4)nc32)[C@H](O)[C@@H]1O,8.221848749616356,6.0,1,CHEMBL1096893,Adenosine receptor A2a
CCNC(=O)[C@H]1O[C@@H](n2cnc3c(NCC(c4ccccc4)c4ccccc4)nc(C(=O)NCCNC(=O)NCc4ccccn4)nc32)[C@H](O)[C@@H]1O,8.397940008672037,4.0,1,CHEMBL1096894,Adenosine receptor A2a
CCNC(=O)[C@H]1O[C@@H](n2cnc3c(NCC(c4ccccc4)c4ccccc4)nc(CNC(=O)NCCN(C(C)C)C(C)C)nc32)[C@H](O)[C@@H]1O,7.958607314841775,11.0,1,CHEMBL257213,Adenosine receptor A2a
CCNC(=O)[C@H]1O[C@@H](n2cnc3c(NCC(c4ccccc4)c4ccccc4)nc(CNC(=O)NCCN(C(C)C)C4CCCC4)nc32)[C@H](O)[C@@H]1O,8.221848749616356,6.0,2,CHEMBL272761,Adenosine receptor A2a
CCNC(=O)[C@H]1O[C@@H](n2cnc3c(NCC(c4ccccc4)c4ccccc4)nc(CNC(=O)NCCN(C4CCCCC4)C(C)(C)C)nc32)[C@H](O)[C@@H]1O,7.481486060122112,33.0,1,CHEMBL256489,Adenosine receptor A2a
CCNC(=O)[C@H]1O[C@@H](n2cnc3c(NCC(c4ccccc4)c4ccccc4)nc(CNC(=O)NCCN4CCCCC4)nc32)[C@H](O)[C@@H]1O,7.769551078621726,17.0,2,CHEMBL401914,Adenosine receptor A2a
CCNC(=O)[C@H]1O[C@@H](n2cnc3c(NCC(c4ccccc4)c4ccccc4)nc(NCCC4CCCCC4)nc32)[C@H](O)[C@@H]1O,6.0,1000.0,1,CHEMBL404123,Adenosine receptor A2a
CCNC(=O)[C@H]1O[C@@H](n2cnc3c(NCCCCc4ccccc4)ncnc32)[C@H](O)[C@@H]1O,4.576754126063192,26500.0,1,CHEMBL4861092,Adenosine receptor A2a
CCNC(=O)c1ccc(CCNC(=O)c2nc(N[C@@H](C)c3cncc(F)c3)nc3cc(C)sc23)cc1,6.301029995663981,500.0,1,CHEMBL6013743,Adenosine receptor A2a
CCNC(=O)c1nc(NCCc2ccc(O)cc2)nc2ccsc12,6.522878745280337,300.0,1,CHEMBL5997068,Adenosine receptor A2a
CCNC(=O)c1nc(NCc2cccnc2)nc2ccsc12,5.599289363226768,2516.0,1,CHEMBL1081335,Adenosine receptor A2a
CCNC(=O)c1nc(N[C@@H](C)c2ccccn2)nc2ccsc12,7.1249387366083,75.0,1,CHEMBL5956246,Adenosine receptor A2a
CCNC1CN(C(=O)c2nc(N[C@@H](C)c3cncc(F)c3)nc3cc(C)sc23)C1,6.301029995663981,500.0,1,CHEMBL6043849,Adenosine receptor A2a
CCNc1c2c(nc(N)n3nc(-c4ccco4)nc23)nn1C.Cl,7.318758762624412,48.0,1,CHEMBL544678,Adenosine receptor A2a
CCNc1c2c(nc(NC(=O)Nc3ccc(OC)cc3)n3nc(-c4ccco4)nc23)nn1C.Cl,7.214670164989233,61.0,1,CHEMBL554955,Adenosine receptor A2a
CCNc1cc2nc(NCc3cccnc3)nc(C(=O)c3cccs3)c2s1,5.871778781384627,1605.65,2,CHEMBL1080421,Adenosine receptor A2a
CCNc1nc(C(=O)c2ccc(C)s2)c2sccc2n1,6.899629454882437,126.0,1,CHEMBL1077752,Adenosine receptor A2a
CCOC(=O)CCCNc1nc(NCCc2ccc(O)cc2)nc2nc(-c3ccco3)nn12,4.7949999816482975,17851.98,2,CHEMBL2381771,Adenosine receptor A2a
CCOC(=O)CCCNc1nc(NCCc2ccc(OCCCC(=O)OCC)cc2)nc2nc(-c3ccco3)nn12,4.0,100000.0,2,CHEMBL2381772,Adenosine receptor A2a
CCOC(=O)CCCOc1ccc(/C=C/c2nc3c(c(=O)n(CC)c(=O)n3CC)n2C)cc1OC,5.359759198061738,4367.58,2,CHEMBL2381767,Adenosine receptor A2a
CCOC(=O)CCCOc1ccc(CCNc2nc(N)c3nc(-n4nccn4)n(C)c3n2)cc1,5.040002542586885,9120.055,2,CHEMBL2381758,Adenosine receptor A2a
CCOC(=O)CCCOc1ccc(CCNc2nc(N)n3nc(-c4ccco4)nc3n2)cc1,7.300509466670935,50.06,2,CHEMBL2381770,Adenosine receptor A2a
CCOC(=O)N(C)C1CN(C(=O)c2nc(N[C@@H](C)c3cncc(F)c3)nc3cc(C)sc23)C1,7.1249387366083,75.0,1,CHEMBL6040129,Adenosine receptor A2a
CCOC(=O)Nc1cc(-c2cncc(OC)c2)nc(-n2nc(C)cc2C)n1,6.707743928643524,196.0,1,CHEMBL485752,Adenosine receptor A2a
CCO[C@@H]1CCN(C(=O)c2nc(N[C@@H](C)c3ccccn3)nc3ccsc23)C1,7.1249387366083,75.0,1,CHEMBL5773184,Adenosine receptor A2a
CCO[C@H]1CCN(C(=O)c2nc(N[C@@H](C)c3ccccn3)nc3ccsc23)C1,6.522878745280337,300.0,1,CHEMBL5961763,Adenosine receptor A2a
CCOc1ccc(-c2cn3c(=O)n(-c4ccccc4)nc3c(N)n2)cc1,5.765826334793921,15049.0,2,CHEMBL4064795,Adenosine receptor A2a
CCOc1ccc(CCNc2nc(N)c(C(=O)N=C(N)N)nc2Cl)cc1.O=C(O)C(F)(F)F,5.468521082957745,3400.0,1,CHEMBL3818905,Adenosine receptor A2a
CCOc1ccc(CNC(=O)c2nc(N[C@@H](C)c3ccccn3)nc3ccsc23)cn1,7.1249387366083,75.0,1,CHEMBL5831955,Adenosine receptor A2a
CCOc1ccc(CNc2nc(C(=O)N3CCC3)c3sccc3n2)cn1,6.522878745280337,300.0,1,CHEMBL5845759,Adenosine receptor A2a
CCOc1ccc(CNc2nc(C(=O)NCCc3cccc(O)c3)c3sccc3n2)cn1,6.522878745280337,300.0,1,CHEMBL6042312,Adenosine receptor A2a
CCc1cc(-c2c(-c3ccccc3)nc(N)n3cnnc23)cc(C)n1,9.3767507096021,0.42,1,CHEMBL5838281,Adenosine receptor A2a
CCc1cc2nc(NCc3cccnc3)nc(C(=O)c3cccs3)c2s1,5.425968732272281,3750.0,1,CHEMBL3952824,Adenosine receptor A2a
CCc1cc2nc(N[C@@H](C)c3cccnc3)nc(C(=O)N3CCCC3)c2s1,6.301029995663981,500.0,1,CHEMBL5763092,Adenosine receptor A2a
CCc1ccccc1-n1nc(C)c(-c2ccc3nccnc3c2)c1Nc1ccc(OC)cc1C(=O)O,4.301029995663981,50000.0,1,CHEMBL1258621,Adenosine receptor A2a
CCc1cnn([C@H]2C[C@@H](n3cnc4c(N)nc(N[C@H](CO)Cc5ccccc5)nc43)[C@H](O)[C@@H]2O)c1,7.2076083105017466,62.0,1,CHEMBL599387,Adenosine receptor A2a
CCc1cnn([C@H]2C[C@@H](n3cnc4c(NCC(CC)CC)nc(NCCc5cn(CC)cn5)nc43)[C@H](O)[C@@H]2O)c1,6.772113295386326,169.0,1,CHEMBL596904,Adenosine receptor A2a
CCc1nc(C(=O)c2ccc(C)s2)c2sccc2n1,5.4143137215475035,3852.0,1,CHEMBL1077750,Adenosine receptor A2a
CCc1nc2[nH]cnc2c2nc(-c3ccccc3)nn12,6.443697499232712,360.0,1,CHEMBL330873,Adenosine receptor A2a
CCc1nc2[nH]ncc2c2nc(-c3ccccc3)nn12,6.508638306165727,310.0,1,CHEMBL340221,Adenosine receptor A2a
CCc1nn(-c2ccccc2C)c(Nc2ccccc2C(=O)O)c1-c1ccc2nccnc2c1,4.301029995663981,50000.0,1,CHEMBL1258730,Adenosine receptor A2a
CCc1nn(C2CCCC2)c2c1CCn1c(-c3cccs3)nnc1-2,5.356547323513812,4400.0,1,CHEMBL217899,Adenosine receptor A2a
CCn1c(=O)c2c(C)c(C(=O)N3CCC(O)CC3)sc2n(CCC(F)(F)F)c1=O,6.086186147616283,820.0,1,CHEMBL4522981,Adenosine receptor A2a
CCn1c(=O)c2c(nc(/C=C/c3ccc(O)c(OC)c3)n2C)n(CC)c1=O,4.9600000784985285,11011.32,2,CHEMBL2381766,Adenosine receptor A2a
CCn1c(=O)c2c(nc(/C=C/c3ccc(OC)c(OC)c3)n2C)n(CC)c1=O,5.2799205387326,5249.035,2,CHEMBL431770,Adenosine receptor A2a
CCn1c(=O)c2c(nc(/C=C/c3ccc(OCCCC(=O)NCCCCCC(=O)OC)c(OC)c3)n2C)n(CC)c1=O,4.9800000388443255,10482.39,2,CHEMBL2381768,Adenosine receptor A2a
CCn1c(=O)c2c(nc(/C=C/c3ccc(OCCCC(=O)NCCCCCCCCCCCC(=O)OC)c(OC)c3)n2C)n(CC)c1=O,4.0,100000.0,2,CHEMBL2381769,Adenosine receptor A2a
CCn1cc(-c2c(-c3ccc(F)cc3)nc(N)n3nc(Cc4ncccc4F)nc23)ccc1=O,8.55284196865778,2.8,3,CHEMBL5966778,Adenosine receptor A2a
CCn1cc(N2CCC[C@@H](c3nc4c5cc(F)c(OC)cc5nc(N)n4n3)C2)c(CO)n1,8.236572006437063,5.8,1,CHEMBL5873032,Adenosine receptor A2a
CCn1cc([C@@]2(O)CCCC(c3nc4c5cc(F)c(OC)cc5nc(N)n4n3)C2)cn1,7.54615998787879,193.55,2,CHEMBL5941809,Adenosine receptor A2a
CCn1cc([C@]2(O)CCCC(c3nc4c5cc(F)c(OC)cc5nc(N)n4n3)C2)cn1,7.402604121139038,435.9,2,CHEMBL5832105,Adenosine receptor A2a
CCn1nnc([C@H]2O[C@@H](n3cnc4c(N)nc(N[C@H](CO)Cc5ccccc5)nc43)[C@H](O)[C@@H]2O)n1,9.397940008672037,0.4,1,CHEMBL186113,Adenosine receptor A2a
CN(C(=O)OC(C)(C)C)C1CN(C(=O)c2nc(NCc3cncc(F)c3)nc3ccsc23)C1,6.522878745280337,300.0,1,CHEMBL5965627,Adenosine receptor A2a
CN(C(=O)c1nc(NCc2cncc(F)c2)nc2ccsc12)C1CCC(C)(C)C1,6.301029995663981,500.0,1,CHEMBL6061022,Adenosine receptor A2a
CN(C)C(=O)[C@H]1S[C@@H](n2cnc3c(N(C)C)nc(Cl)nc32)[C@H](O)[C@@H]1O,5.0,10000.0,1,CHEMBL271684,Adenosine receptor A2a
CN(C)C(=O)[C@H]1S[C@@H](n2cnc3c(NC4CC4)nc(Cl)nc32)[C@H](O)[C@@H]1O,5.0,10000.0,1,CHEMBL256185,Adenosine receptor A2a
CN(C)C(=O)[C@H]1S[C@@H](n2cnc3c(NC4CCC4)nc(Cl)nc32)[C@H](O)[C@@H]1O,5.0,10000.0,1,CHEMBL255809,Adenosine receptor A2a
CN(C)C(=O)[C@H]1S[C@@H](n2cnc3c(NC4CCCC4)nc(Cl)nc32)[C@H](O)[C@@H]1O,5.0,10000.0,1,CHEMBL255597,Adenosine receptor A2a
CN(C)C(=O)[C@H]1S[C@@H](n2cnc3c(NCC4CC4)nc(Cl)nc32)[C@H](O)[C@@H]1O,5.0,10000.0,1,CHEMBL255975,Adenosine receptor A2a
CN(C)C(=O)[C@H]1S[C@@H](n2cnc3c(NCc4cccc(Br)c4)nc(Cl)nc32)[C@H](O)[C@@H]1O,5.0,10000.0,1,CHEMBL271686,Adenosine receptor A2a
CN(C)C(=O)[C@H]1S[C@@H](n2cnc3c(NCc4cccc(Cl)c4)nc(Cl)nc32)[C@H](O)[C@@H]1O,5.0,10000.0,1,CHEMBL271685,Adenosine receptor A2a
CN(C)C(=O)[C@H]1S[C@@H](n2cnc3c(NCc4cccc(F)c4)nc(Cl)nc32)[C@H](O)[C@@H]1O,5.0,10000.0,1,CHEMBL272550,Adenosine receptor A2a
CN(C)c1cc(-c2c(-c3ccc(F)cc3)nc(N)n3nc(Cc4c(F)cccc4F)nc23)ccn1,9.045757490560675,0.9,3,CHEMBL5827075,Adenosine receptor A2a
CN(C)c1cc2nc(NCc3cccnc3)nc(C(=O)c3cccs3)c2s1,6.172896755565768,867.65,2,CHEMBL1081160,Adenosine receptor A2a
CN(C)c1ccc(C(=C2C=CC(=[N+](C)C)C=C2)c2ccc(N(C)C)cc2)cc1.[Cl-],5.473014931440004,3365.0,1,CHEMBL64894,Adenosine receptor A2a
CN(C)c1cccnc1CNC(=O)c1nc(-c2ccc(=O)n(C)c2)c(-c2ncco2)nc1N,8.4089353929735,3.9,2,CHEMBL5848745,Adenosine receptor A2a
CN(CCCNc1nc(N)n2nc(-c3ccco3)nc2n1)CCc1cccc2c1CC(=O)N2,5.950003272397048,1122.01,2,CHEMBL3394264,Adenosine receptor A2a
CN(CCO)C(=O)[C@H]1S[C@@H](n2cnc3c(NCc4cccc(I)c4)nc(Cl)nc32)[C@H](O)[C@@H]1O,5.0,10000.0,1,CHEMBL255596,Adenosine receptor A2a
CN(CCOc1ccc(C[C@H](Nc2ccccc2C(=O)c2ccccc2)C(=O)O)cc1)c1ccccn1,4.428827089770373,37254.0,1,CHEMBL434063,Adenosine receptor A2a
CN(Cc1ccccc1)C(=O)c1cccc(Nc2cc(-c3ccccc3)ncn2)c1,5.777283528852417,1670.0,1,CHEMBL5207175,Adenosine receptor A2a
CN1C(=O)c2c(-c3ccco3)nc(N)nc2C1Cc1ccc(F)cc1F,7.785156151952302,16.4,1,CHEMBL5857771,Adenosine receptor A2a
CN1C(=O)c2c(-c3ccco3)nc(N)nc2C1Cc1ccccc1F,7.189767482004916,64.6,1,CHEMBL5940079,Adenosine receptor A2a
CN1C(=O)c2c(-c3ccco3)nc(N)nc2C1Cc1ccccc1OC(F)(F)F,7.935542010773082,11.6,1,CHEMBL6046222,Adenosine receptor A2a
CN1C(=O)c2c(nc(N)nc2-c2ccco2)C1=Cc1ccc(F)cc1F,8.060480747381382,8.7,1,CHEMBL5814124,Adenosine receptor A2a
CN1C(=O)c2c(nc(N)nc2-c2ccco2)C1=Cc1ccccc1F,8.214670164989233,6.1,1,CHEMBL5770572,Adenosine receptor A2a
CN1CCC[C@@H]1Cc1nc2c(-c3ccc4ncn(C)c4c3)c(-c3ccc(F)cc3)nc(N)n2n1,9.0,1.0,1,CHEMBL6040445,Adenosine receptor A2a
CN1CCC[C@H]1Cc1nc2c(-c3ccc4ncn(C)c4c3)c(-c3ccc(F)cc3)nc(N)n2n1,8.080921907623926,8.3,1,CHEMBL5876564,Adenosine receptor A2a
CN1CCN(C(=O)[C@H]2S[C@@H](n3cnc4c(NCc5cccc(I)c5)nc(Cl)nc43)[C@H](O)[C@@H]2O)CC1,5.0,10000.0,1,CHEMBL272155,Adenosine receptor A2a
CN1CCN(CC(=O)Nc2cc(-c3nccs3)nc(-c3ccco3)n2)CC1,6.987162775294828,103.0,1,CHEMBL398272,Adenosine receptor A2a
CNC(=O)N1CCN(C(=O)c2nc(N[C@@H](C)c3cncc(F)c3)nc3ccsc23)C1,6.522878745280337,300.0,1,CHEMBL6061509,Adenosine receptor A2a
CNC(=O)NCC1CN(C(=O)c2nc(N[C@@H](C)c3cncc(F)c3)nc3ccsc23)C1,6.522878745280337,300.0,1,CHEMBL5866404,Adenosine receptor A2a
CNC(=O)[C@H]1O[C@@H](n2cnc3c(NCCCCc4ccccc4)ncnc32)[C@H](O)[C@@H]1O,4.835647144215563,14600.0,1,CHEMBL4871554,Adenosine receptor A2a
CNC(=O)c1nc(NCc2cccnc2)nc2ccsc12,5.148313684557572,7107.0,1,CHEMBL1081334,Adenosine receptor A2a
CNC1CN(C(=O)c2nc(NCc3cncc(F)c3)nc3ccsc23)C1,6.301029995663981,500.0,1,CHEMBL5747275,Adenosine receptor A2a
CNC1CN(C(=O)c2nc(N[C@@H](C)c3cncc(F)c3)nc3cc(C)sc23)C1,6.301029995663981,500.0,1,CHEMBL5992335,Adenosine receptor A2a
CNCCOc1cccnc1CNC(=O)c1nc(-c2ccc3ncn(C)c3c2)c(-c2ccc(F)cc2)nc1N,8.161150909262744,6.9,2,CHEMBL5772325,Adenosine receptor A2a
CN[C@@H]1CCN(C(=O)c2nc(N[C@@H](C)c3cncc(F)c3)nc3cc(C)sc23)C1,6.301029995663981,500.0,1,CHEMBL6040908,Adenosine receptor A2a
CN[C@H]1CCN(C(=O)c2nc(N[C@@H](C)c3cncc(F)c3)nc3cc(C)sc23)C1,6.301029995663981,500.0,1,CHEMBL5843935,Adenosine receptor A2a
CNc1cc(-c2c(-c3ccc(F)cc3)nc(N)n3nc(Cc4ncccc4F)nc23)ccn1,7.721246399047171,19.0,1,CHEMBL5986561,Adenosine receptor A2a
CNc1cc2nc(NCc3ccccn3)nc(C(=O)N3CCCC3)c2s1,6.301029995663981,500.0,1,CHEMBL5762169,Adenosine receptor A2a
CNc1cc2nc(NCc3cccnc3)nc(C(=O)c3cccs3)c2s1,6.286653300435743,620.9,2,CHEMBL1077943,Adenosine receptor A2a
CNc1cc2nc(N[C@@H](C)c3ccccn3)nc(C(=O)N3CC(O)C3)c2s1,6.301029995663981,500.0,1,CHEMBL5797445,Adenosine receptor A2a
CNc1cc2nc(N[C@@H](C)c3ccccn3)nc(C(=O)N3CCC3)c2s1,6.522878745280337,300.0,1,CHEMBL5759668,Adenosine receptor A2a
CNc1cc2nc(N[C@@H](C)c3ccccn3)nc(C(=O)N3CC[C@@H](C)C3)c2s1,6.522878745280337,300.0,1,CHEMBL5810042,Adenosine receptor A2a
CNc1cc2nc(N[C@@H](C)c3ccccn3)nc(C(=O)N3CC[C@@H](F)C3)c2s1,6.522878745280337,300.0,1,CHEMBL5864167,Adenosine receptor A2a
CNc1cc2nc(N[C@@H](C)c3ccccn3)nc(C(=O)N3CC[C@@H](O)C3)c2s1,6.301029995663981,500.0,1,CHEMBL6014047,Adenosine receptor A2a
CNc1cc2nc(N[C@@H](C)c3ccccn3)nc(C(=O)NCCO)c2s1,6.301029995663981,500.0,1,CHEMBL5822877,Adenosine receptor A2a
CNc1cc2nc(N[C@@H](C)c3cccnc3)nc(C(=O)N3CC(O)C3)c2s1,6.301029995663981,500.0,1,CHEMBL5952775,Adenosine receptor A2a
CNc1cc2nc(N[C@@H](C)c3cccnc3)nc(C(=O)N3CCC(O)C3)c2s1,6.301029995663981,500.0,1,CHEMBL5901108,Adenosine receptor A2a
CNc1cc2nc(N[C@@H](C)c3cccnc3)nc(C(=O)N3CCC3)c2s1,6.522878745280337,300.0,1,CHEMBL5793406,Adenosine receptor A2a
CNc1cc2nc(N[C@@H](C)c3cccnc3)nc(C(=O)N3CCCC3)c2s1,6.522878745280337,300.0,1,CHEMBL5999768,Adenosine receptor A2a
CNc1cc2nc(N[C@@H](C)c3cccnc3)nc(C(=O)N3CC[C@@H](F)C3)c2s1,6.522878745280337,300.0,1,CHEMBL5993876,Adenosine receptor A2a
CNc1cc2nc(N[C@@H](C)c3cccnc3)nc(C(=O)N3CC[C@H](F)C3)c2s1,6.522878745280337,300.0,1,CHEMBL5859340,Adenosine receptor A2a
CNc1cc2nc(N[C@@H](C)c3cccnc3)nc(C(=O)N3CC[C@H](O)C3)c2s1,6.301029995663981,500.0,1,CHEMBL5844671,Adenosine receptor A2a
CNc1cc2nc(N[C@@H](C)c3cncc(F)c3)nc(C(=O)N3CC(OC)C3)c2s1,6.522878745280337,300.0,1,CHEMBL5900294,Adenosine receptor A2a
CNc1cc2nc(N[C@@H](C)c3cncc(F)c3)nc(C(=O)N3CCC3)c2s1,6.522878745280337,300.0,1,CHEMBL5740833,Adenosine receptor A2a
CNc1cc2nc(N[C@@H](C)c3cncc(F)c3)nc(C(=O)N3CCCC3)c2s1,6.522878745280337,300.0,1,CHEMBL5980764,Adenosine receptor A2a
CNc1cc2nc(N[C@@H](C)c3cncc(F)c3)nc(C(=O)N3CC[C@@H](O)C3)c2s1,6.301029995663981,500.0,1,CHEMBL5915410,Adenosine receptor A2a
CNc1cc2nc(N[C@@H](C)c3cncc(F)c3)nc(C(=O)N3CC[C@H](O)C3)c2s1,6.301029995663981,500.0,1,CHEMBL5809631,Adenosine receptor A2a
CNc1cccc(CNC(=O)c2nc(-c3ccc(=O)n(C)c3)c(-c3ncco3)nc2N)n1,8.455931955649724,3.5,2,CHEMBL5851524,Adenosine receptor A2a
COC(=O)C1=C(C)NC(C)=C(C(=O)OCC(C)C)C1c1ccccc1[N+](=O)[O-],5.391687957302673,4058.0,1,CHEMBL1726,Adenosine receptor A2a
COC(=O)C1=C2C=CN(C)C=C2c2nc(-c3ccccc3)nn2C1,4.560667306169737,27500.0,1,CHEMBL52735,Adenosine receptor A2a
COC(=O)CCCCCCCCCCCNC(=O)CCCOc1ccc(CCNc2nc(N)n3nc(-c4ccco4)nc3n2)cc1,6.359757208249258,436.76,2,CHEMBL3394260,Adenosine receptor A2a
COC(=O)COc1cccc(Cn2ccc(-c3cc(-c4cccc(C#N)c4C)nc(N)n3)cc2=O)c1,5.937418015771837,1155.0,1,CHEMBL5404268,Adenosine receptor A2a
COC(=O)Nc1cc(-c2cncc(OC)c2)nc(-n2nc(C)cc2C)n1,6.777283528852417,167.0,1,CHEMBL519549,Adenosine receptor A2a
COC(=O)Nc1nc2cc(C(=O)c3cccs3)ccc2[nH]1,5.1244178956721145,7509.0,1,CHEMBL9514,Adenosine receptor A2a
COC(=O)Nc1nc2cc([S+]([O-])c3ccccc3)ccc2[nH]1,5.822752163744377,1504.0,1,CHEMBL42442,Adenosine receptor A2a
COC(=O)c1ccc(CCNC(=O)c2nc(N[C@@H](C)c3cncc(F)c3)nc3ccsc23)cc1,6.301029995663981,500.0,1,CHEMBL5939913,Adenosine receptor A2a
COC(=O)c1ccc(Cn2ccc(-c3cc(-c4cccc(C#N)c4C)nc(N)n3)cc2=O)cc1,5.453457336521869,3520.0,1,CHEMBL5402843,Adenosine receptor A2a
COC(=O)c1ccc2[nH]cc(Cn3cc(-c4cc(-c5cccc(C#N)c5C)nc(N)n4)nn3)c2c1,7.153662887870195,70.2,1,CHEMBL5579687,Adenosine receptor A2a
COC(=O)c1ccc2c(Cn3cc(-c4cc(-c5cccc(C#N)c5C)nc(N)n4)nn3)c[nH]c2c1,4.0,100000.0,1,CHEMBL5589690,Adenosine receptor A2a
COC(=O)c1cccc(-c2c(C#N)c(N)nc(N3CCCCC3)c2C#N)c1,6.920818753952375,120.0,1,CHEMBL6176699,Adenosine receptor A2a
COC(=O)c1cccc(CSc2nc(N)c(C#N)c(-c3ccco3)c2C#N)c1,6.504455662453552,313.0,1,CHEMBL4448894,Adenosine receptor A2a
COC(=O)c1cccc(Cn2ccc(-c3cc(-c4cccc(C#N)c4C)nc(N)n3)cc2=O)c1,6.935916564036404,115.9,1,CHEMBL5416491,Adenosine receptor A2a
COC(=O)c1ccccc1Cn1ccc(-c2cc(-c3cccc(C#N)c3C)nc(N)n2)cc1=O,6.792365632611038,161.3,1,CHEMBL5416911,Adenosine receptor A2a
COC1(C)CN(C(=O)c2nc(N[C@@H](C)c3ccccn3)nc3cc(C)sc23)C1,6.522878745280337,300.0,1,CHEMBL5913512,Adenosine receptor A2a
COC1(C)CN(C(=O)c2nc(N[C@@H](C)c3ccccn3)nc3ccsc23)C1,6.301029995663981,500.0,1,CHEMBL6000372,Adenosine receptor A2a
COC1CC(NC(=O)c2nc(N[C@@H](C)c3cccnc3)nc3ccsc23)C1,6.522878745280337,300.0,1,CHEMBL5939364,Adenosine receptor A2a
COC1CN(C(=O)c2nc(NCc3cncc(F)c3)nc3ccsc23)C1,6.522878745280337,300.0,1,CHEMBL5941526,Adenosine receptor A2a
COC1CN(C(=O)c2nc(N[C@@H](C)c3ccccn3)nc3cc(C)sc23)C1,7.522878745280337,30.0,1,CHEMBL5742168,Adenosine receptor A2a
COC1CN(C(=O)c2nc(N[C@@H](C)c3ccccn3)nc3ccsc23)C1,6.522878745280337,300.0,1,CHEMBL5772774,Adenosine receptor A2a
COC1CN(C(=O)c2nc(N[C@@H](C)c3cccnc3)nc3cc(C)sc23)C1,7.1249387366083,75.0,1,CHEMBL5837567,Adenosine receptor A2a
COC1CN(C(=O)c2nc(N[C@@H](C)c3cccnc3)nc3ccsc23)C1,7.1249387366083,75.0,1,CHEMBL6063959,Adenosine receptor A2a
COC1CN(C(=O)c2nc(N[C@@H](C)c3cncc(Cl)c3)nc3ccsc23)C1,6.522878745280337,300.0,1,CHEMBL5770293,Adenosine receptor A2a
COC1CN(C(=O)c2nc(N[C@@H](C)c3cncc(F)c3)nc3cc(C)sc23)C1,7.1249387366083,75.0,1,CHEMBL5812135,Adenosine receptor A2a
COC1CN(C(=O)c2nc(N[C@@H](C)c3cncc(F)c3)nc3ccsc23)C1,6.522878745280337,300.0,1,CHEMBL5995121,Adenosine receptor A2a
COC1CN(c2cccc(-c3cc(NC(C)=O)nc(-n4nc(C)cc4C)n3)n2)C1,7.7447274948966935,18.0,1,CHEMBL487554,Adenosine receptor A2a
COC1CN(c2nc(N)n3nc(Cc4c(F)cccc4F)nc3c2-c2ccc3ncc(C)n3c2)C1,8.455931955649724,3.5,1,CHEMBL5811331,Adenosine receptor A2a
COCC(Nc1nc(C(=O)N2CC(OC)C2)c2sccc2n1)c1cccnc1,7.1249387366083,75.0,1,CHEMBL6005128,Adenosine receptor A2a
COCC(Nc1nc(C(=O)N2CCC2)c2sccc2n1)c1cccnc1,6.301029995663981,500.0,1,CHEMBL5744991,Adenosine receptor A2a
COCC(Nc1nc(C(=O)N2CCCC2)c2sccc2n1)c1cccnc1,6.522878745280337,300.0,1,CHEMBL5906428,Adenosine receptor A2a
COCC(Nc1nc(C(=O)N2CC[C@H](O)C2)c2sccc2n1)c1cccnc1,6.301029995663981,500.0,1,CHEMBL5860760,Adenosine receptor A2a
COCC(Nc1nc(C(=O)NC2CC(O)C2)c2sccc2n1)c1cccnc1,6.522878745280337,300.0,1,CHEMBL5806644,Adenosine receptor A2a
COCC(Nc1nc(C(=O)NC2CC2)c2sccc2n1)c1cccnc1,7.1249387366083,75.0,1,CHEMBL5933538,Adenosine receptor A2a
COCC(Nc1nc(C(=O)NC2COC2)c2sccc2n1)c1cccnc1,6.522878745280337,300.0,1,CHEMBL5952202,Adenosine receptor A2a
COCC1CN(C(=O)c2nc(N[C@@H](C)c3ccccn3)nc3c(C)csc23)C1,7.522878745280337,30.0,1,CHEMBL6006540,Adenosine receptor A2a
COCC1CN(C(=O)c2nc(N[C@@H](C)c3ccccn3)nc3cc(C)sc23)C1,7.522878745280337,30.0,1,CHEMBL6004823,Adenosine receptor A2a
COCCC(=O)N1CCN(C(=O)c2nc(N[C@@H](C)c3cncc(F)c3)nc3ccsc23)C1,6.301029995663981,500.0,1,CHEMBL5809594,Adenosine receptor A2a
COCCC(=O)NC1CN(C(=O)c2nc(N[C@@H](C)c3cncc(F)c3)nc3cc(C)sc23)C1,7.522878745280337,30.0,1,CHEMBL5991560,Adenosine receptor A2a
COCCN(C)c1cccc(-c2cc(NC(C)=O)nc(-n3nc(C)cc3C)n2)n1,7.154901959985743,70.0,1,CHEMBL485972,Adenosine receptor A2a
COCCN1CCC(CNC(=O)c2nc(N[C@@H](C)c3ccccn3)nc3ccsc23)CC1,6.301029995663981,500.0,1,CHEMBL5853899,Adenosine receptor A2a
COCCN1CCC(c2cn3c(nc4ccccc43)c(N)n2)CC1,5.0,10000.0,1,CHEMBL4872181,Adenosine receptor A2a
COCCNC(=O)c1nc(-c2ccc3ncc(C)n3c2)c(-c2ncco2)nc1N,8.2518119729938,5.6,2,CHEMBL5885393,Adenosine receptor A2a
COCCNC(=O)c1nc(NCc2cncc(F)c2)nc2ccsc12,6.522878745280337,300.0,1,CHEMBL6033186,Adenosine receptor A2a
COCCNC(=O)c1nc(NCc2cnccn2)nc2ccsc12,6.301029995663981,500.0,1,CHEMBL6011979,Adenosine receptor A2a
COCCNC(=O)c1nc(N[C@@H](C)c2ccccn2)nc2ccsc12,7.1249387366083,75.0,1,CHEMBL5782449,Adenosine receptor A2a
COCCNc1nc(Cl)nc2c1ncn2[C@@H]1S[C@H](C(=O)N(C)C)[C@@H](O)[C@H]1O,5.0,10000.0,1,CHEMBL255976,Adenosine receptor A2a
COCCOc1ccc(N2CCN(CCn3c(=O)cnc4c(-c5ccc(C)o5)nc(N)nc43)CC2)c(F)c1,8.102372908709558,7.9,1,CHEMBL5085791,Adenosine receptor A2a
COCCOc1ccc(N2CCN(CCn3c(=O)cnc4c(-c5ccc(C)o5)nc(N)nc43)CC2)c(F)c1F,8.031517051446064,9.3,1,CHEMBL5079399,Adenosine receptor A2a
COCCOc1ccc(N2CCN(CCn3c(=O)cnc4c(-c5ccc(C)o5)nc(N)nc43)CC2)cc1,7.623423042943488,23.8,1,CHEMBL5085213,Adenosine receptor A2a
COCCc1nc2[nH]cnc2c2nc(-c3ccc(-c4ccccc4)cc3)nn12,5.0,10000.0,1,CHEMBL125147,Adenosine receptor A2a
COCCc1nc2c(-c3ccc4ncc(C)n4c3)c(-c3ccc(F)cc3)nc(N)n2n1,9.698970004336019,0.2,1,CHEMBL5825227,Adenosine receptor A2a
COCCc1nc2c(-c3ccc4ncc(C)n4c3)c(-c3ncco3)nc(N)n2n1,8.958607314841775,1.1,1,CHEMBL6033152,Adenosine receptor A2a
COCCn1cc(C(=O)Nc2nc3c(OC)ncc(N4CCOCC4)c3s2)cn1,8.0,10.0,1,CHEMBL4786207,Adenosine receptor A2a
COC[C@@H](Nc1nc(C(=O)N2CCC2)c2sccc2n1)c1cccnc1,6.522878745280337,300.0,1,CHEMBL6005043,Adenosine receptor A2a
COC[C@@H](Nc1nc(C(=O)NCCc2ccc(O)cc2)c2sccc2n1)c1cccnc1,6.301029995663981,500.0,1,CHEMBL6064601,Adenosine receptor A2a
COC[C@@H](Nc1nc(C(=O)NC[C@@H](C)O)c2sccc2n1)c1cccnc1,6.522878745280337,300.0,1,CHEMBL5760191,Adenosine receptor A2a
COC[C@@H](Nc1nc(C(=O)NC[C@H](C)O)c2sccc2n1)c1cccnc1,6.522878745280337,300.0,1,CHEMBL5803131,Adenosine receptor A2a
COC[C@@H]1CCN(C(=O)c2nc(N[C@@H](C)c3ccccn3)nc3cc(C)sc23)C1,6.522878745280337,300.0,1,CHEMBL5836410,Adenosine receptor A2a
COC[C@@H]1CCN(C(=O)c2nc(N[C@@H](C)c3ccccn3)nc3ccsc23)C1,6.522878745280337,300.0,1,CHEMBL5769983,Adenosine receptor A2a
COC[C@@H]1CCN1C(=O)c1nc(N[C@@H](C)c2cncc(F)c2)nc2cc(C)sc12,6.301029995663981,500.0,1,CHEMBL5836897,Adenosine receptor A2a
COC[C@@H]1CCN1C(=O)c1nc(N[C@@H](C)c2cncc(F)c2)nc2ccsc12,6.301029995663981,500.0,1,CHEMBL5966094,Adenosine receptor A2a
COC[C@H](C)NC(=O)c1nc(-c2ccc3ncc(C)n3c2)c(-c2ncco2)nc1N,8.5016894462104,3.15,2,CHEMBL5959365,Adenosine receptor A2a
COC[C@H](Nc1nc(C(=O)NC[C@@H](C)O)c2sccc2n1)c1cccnc1,6.301029995663981,500.0,1,CHEMBL5842030,Adenosine receptor A2a
COC[C@H](Nc1nc(C(=O)NC[C@H](C)O)c2sccc2n1)c1cccnc1,6.301029995663981,500.0,1,CHEMBL5899907,Adenosine receptor A2a
COC[C@H]1CCCN1c1cc(NC(C)=O)nc(-n2nc(C)cc2C)n1,7.070581074285707,85.0,1,CHEMBL458224,Adenosine receptor A2a
COC[C@H]1CCN(C(=O)c2nc(N[C@@H](C)c3ccccn3)nc3cc(C)sc23)C1,6.301029995663981,500.0,1,CHEMBL5818498,Adenosine receptor A2a
COC[C@H]1CCN(C(=O)c2nc(N[C@@H](C)c3ccccn3)nc3ccsc23)C1,6.522878745280337,300.0,1,CHEMBL5885449,Adenosine receptor A2a
COC[C@H]1CCN1C(=O)c1nc(N[C@@H](C)c2cncc(F)c2)nc2cc(C)sc12,6.301029995663981,500.0,1,CHEMBL5841958,Adenosine receptor A2a
COC[C@H]1CCN1C(=O)c1nc(N[C@@H](C)c2cncc(F)c2)nc2ccsc12,6.301029995663981,500.0,1,CHEMBL5981581,Adenosine receptor A2a
COC[C@H]1O[C@@H](n2cnc3c(NCC(c4ccccc4)c4ccccc4)nc(CCNC4CCCCC4)nc32)[C@H](O)[C@@H]1O,7.552841968657781,28.0,1,CHEMBL257429,Adenosine receptor A2a
COC[C@H]1O[C@@H](n2cnc3c(NCC(c4ccccc4)c4ccccc4)nc(CNC4CCCCC4)nc32)[C@H](O)[C@@H]1O,7.0,100.0,1,CHEMBL401571,Adenosine receptor A2a
COC[C@H]1O[C@@H](n2cnc3c(NCC(c4ccccc4)c4ccccc4)nc(NCCC4CCCCC4)nc32)[C@H](O)[C@@H]1O,5.995678626217358,1010.0,1,CHEMBL404521,Adenosine receptor A2a
COC[C@H]1O[C@@H](n2cnc3c(NCC(c4ccccc4)c4ccccc4)nc(NCCN4CCCCC4)nc32)[C@H](O)[C@@H]1O,7.221848749616356,60.0,1,CHEMBL270378,Adenosine receptor A2a
COCc1cccc(Cn2ccc(-c3cc(-c4cccc(C#N)c4C)nc(N)n3)cc2=O)c1,6.856048883576037,139.3,1,CHEMBL5429151,Adenosine receptor A2a
CO[C@@H](C)CNC(=O)c1nc(N[C@@H](C)c2cccnc2)nc2cc(C)sc12,6.301029995663981,500.0,1,CHEMBL5802067,Adenosine receptor A2a
CO[C@@H]1CCN(C(=O)c2nc(N[C@@H](C)c3ccccn3)nc3c(C)csc23)C1,7.522878745280337,30.0,1,CHEMBL5975633,Adenosine receptor A2a
CO[C@@H]1CCN(C(=O)c2nc(N[C@@H](C)c3ccccn3)nc3cc(C)sc23)C1,7.522878745280337,30.0,1,CHEMBL5917788,Adenosine receptor A2a
CO[C@@H]1CCN(C(=O)c2nc(N[C@@H](C)c3cccnc3)nc3cc(C)sc23)C1,7.1249387366083,75.0,1,CHEMBL5968168,Adenosine receptor A2a
CO[C@@H]1CCN(C(=O)c2nc(N[C@@H](C)c3cccnc3)nc3ccsc23)C1,7.323908740944319,52.5,2,CHEMBL5922943,Adenosine receptor A2a
CO[C@@H]1CCN(C(=O)c2nc(N[C@@H](C)c3cncc(Cl)c3)nc3ccsc23)C1,6.522878745280337,300.0,1,CHEMBL5896522,Adenosine receptor A2a
CO[C@@H]1CCN(C(=O)c2nc(N[C@@H](C)c3cncc(F)c3)nc3cc(C)sc23)C1,7.1249387366083,75.0,1,CHEMBL6009828,Adenosine receptor A2a
CO[C@@H]1CCN(C(=O)c2nc(N[C@@H](C)c3cncc(F)c3)nc3ccsc23)C1,6.522878745280337,300.0,1,CHEMBL6007666,Adenosine receptor A2a
CO[C@H](C)CNC(=O)c1nc(N[C@@H](C)c2cccnc2)nc2cc(C)sc12,6.301029995663981,500.0,1,CHEMBL5798326,Adenosine receptor A2a
CO[C@H]1CCN(C(=O)c2nc(N[C@@H](C)c3ccccn3)nc3c(C)csc23)C1,6.522878745280337,300.0,1,CHEMBL5882436,Adenosine receptor A2a
CO[C@H]1CCN(C(=O)c2nc(N[C@@H](C)c3ccccn3)nc3cc(C)sc23)C1,7.1249387366083,75.0,1,CHEMBL5790837,Adenosine receptor A2a
CO[C@H]1CCN(C(=O)c2nc(N[C@@H](C)c3ccccn3)nc3ccsc23)C1,7.522878745280337,30.0,1,CHEMBL6034114,Adenosine receptor A2a
CO[C@H]1CCN(C(=O)c2nc(N[C@@H](C)c3cccnc3)nc3cc(C)sc23)C1,6.522878745280337,300.0,1,CHEMBL5784235,Adenosine receptor A2a
CO[C@H]1CCN(C(=O)c2nc(N[C@@H](C)c3cccnc3)nc3ccsc23)C1,7.1249387366083,75.0,1,CHEMBL5883635,Adenosine receptor A2a
CO[C@H]1CCN(C(=O)c2nc(N[C@@H](C)c3cncc(Cl)c3)nc3ccsc23)C1,6.522878745280337,300.0,1,CHEMBL5953187,Adenosine receptor A2a
CO[C@H]1CCN(C(=O)c2nc(N[C@@H](C)c3cncc(F)c3)nc3cc(C)sc23)C1,6.522878745280337,300.0,1,CHEMBL5877408,Adenosine receptor A2a
CO[C@H]1CCN(C(=O)c2nc(N[C@@H](C)c3cncc(F)c3)nc3ccsc23)C1,6.522878745280337,300.0,1,CHEMBL6047348,Adenosine receptor A2a
COc1cc(-c2c(-c3ccc(F)cc3)nc(N)n3nc(Cc4c(F)cccc4F)nc23)ccn1,8.721246399047171,1.9,1,CHEMBL5859356,Adenosine receptor A2a
COc1cc(-c2c(-c3ccccc3)nc(N)n3cnnc23)cc(C)n1,9.494850021680094,0.32,1,CHEMBL5879566,Adenosine receptor A2a
COc1cc(Cl)cc2c1nc(N)n1nc(C3CCCN(c4cnn(C)c4)C3)nc21,7.752026733638194,17.7,1,CHEMBL6008530,Adenosine receptor A2a
COc1cc(F)cc(CNc2nc(C(=O)N3CC(C)(O)C3)c3sccc3n2)c1,6.301029995663981,500.0,1,CHEMBL5764219,Adenosine receptor A2a
COc1cc(F)cc(CNc2nc(C(=O)N3CC(O)C3)c3sccc3n2)c1,6.522878745280337,300.0,1,CHEMBL5898892,Adenosine receptor A2a
COc1cc(F)cc2c(NNC(=O)C3CCCN(c4cnn(C)c4)C3)nc(N)nc12,8.853871964321762,1.4,1,CHEMBL5811772,Adenosine receptor A2a
COc1cc(F)cc2c1nc(C)c1c(C)nc(-c3ccncc3C)n12,5.296708621881339,5050.0,1,CHEMBL1916113,Adenosine receptor A2a
COc1cc(F)cc2c1nc(N)n1nc(C3(F)CCCN(c4cnn(CC(C)(C)O)c4)C3)nc21,7.636554929629089,64.15,2,CHEMBL5992187,Adenosine receptor A2a
COc1cc(F)cc2c1nc(N)n1nc(C3CC(C)CN(c4cn(C(C)(C)C(C)O)nc4C)C3)nc21,8.154901959985743,7.0,3,CHEMBL5921153,Adenosine receptor A2a
COc1cc(F)cc2c1nc(N)n1nc(C3CC(C)CN(c4cn(C(C)(C)CO)nc4C)C3)nc21,8.282875273801762,15.549999999999999,2,CHEMBL5755731,Adenosine receptor A2a
COc1cc(F)cc2c1nc(N)n1nc(C3CC(C)CN(c4cn(C(C)C(C)O)nc4C)C3)nc21,8.576213670428944,9.0,4,CHEMBL5998391,Adenosine receptor A2a
COc1cc(F)cc2c1nc(N)n1nc(C3CC(C)CN(c4cnn(C(C)(C)CO)c4)C3)nc21,8.397940008672037,10.4,2,CHEMBL5760899,Adenosine receptor A2a
COc1cc(F)cc2c1nc(N)n1nc(C3CC(C)CN(c4cnn(C(C)C(C)O)c4C)C3)nc21,8.422635896279923,10.549999999999999,4,CHEMBL5849758,Adenosine receptor A2a
COc1cc(F)cc2c1nc(N)n1nc(C3CC(C)CN(c4cnn(CC(C)(C)O)c4)C3)nc21,8.530240373690692,4.85,2,CHEMBL5885319,Adenosine receptor A2a
COc1cc(F)cc2c1nc(N)n1nc(C3CC(C)CN(c4cnn(CC(C)(C)O)c4C)C3)nc21,8.452939202079719,10.65,2,CHEMBL6018554,Adenosine receptor A2a
COc1cc(F)cc2c1nc(N)n1nc(C3CC(F)CN(c4cn(CC(C)(C)O)nc4C)C3)nc21,8.335199375821741,18.1,4,CHEMBL5864321,Adenosine receptor A2a
COc1cc(F)cc2c1nc(N)n1nc(C3CC(F)CN(c4cnn(CC5(O)CCC5)c4)C3)nc21,8.247425010840047,9.0,4,CHEMBL6023131,Adenosine receptor A2a
COc1cc(F)cc2c1nc(N)n1nc(C3CCC(C)N(c4cn(CC(C)(C)O)nc4C)C3)nc21,7.295849483160201,50.6,1,CHEMBL6039445,Adenosine receptor A2a
COc1cc(F)cc2c1nc(N)n1nc(C3CCC(C)N(c4cnn(C(C)(C)C(C)O)c4)C3)nc21,8.602407705158788,3.2,4,CHEMBL5913219,Adenosine receptor A2a
COc1cc(F)cc2c1nc(N)n1nc(C3CCC(C)N(c4cnn(C(C)(C)CO)c4)C3)nc21,8.293182501400722,43.35,4,CHEMBL6049760,Adenosine receptor A2a
COc1cc(F)cc2c1nc(N)n1nc(C3CCC(C)N(c4cnn(CC(C)(C)O)c4)C3)nc21,8.00429834870998,26.75,4,CHEMBL5970150,Adenosine receptor A2a
COc1cc(F)cc2c1nc(N)n1nc(C3CCCCN(c4cnn(CC(C)(C)O)c4)C3)nc21,8.958607314841775,1.1,1,CHEMBL6017997,Adenosine receptor A2a
COc1cc(F)cc2c1nc(N)n1nc([C@@H]3CCCN(c4ccc(OC(C)C)nc4)C3)nc21,9.221848749616356,0.6,1,CHEMBL5833144,Adenosine receptor A2a
COc1cc(F)cc2c1nc(N)n1nc([C@@H]3CCCN(c4ccc(OC(F)F)nc4)C3)nc21,8.443697499232712,3.6,1,CHEMBL5805426,Adenosine receptor A2a
COc1cc(F)cc2c1nc(N)n1nc([C@@H]3CCCN(c4cn(C(C)C(C)(C)O)nc4C)C3)nc21,9.460409376976187,0.35,2,CHEMBL5984547,Adenosine receptor A2a
COc1cc(F)cc2c1nc(N)n1nc([C@@H]3CCCN(c4cn(C(C)C(C)O)nc4C)C3)nc21,9.198970004336019,0.65,2,CHEMBL5844673,Adenosine receptor A2a
COc1cc(F)cc2c1nc(N)n1nc([C@@H]3CCCN(c4cn(CC(C)(C)O)nc4C)C3)nc21,9.397940008672037,0.4,1,CHEMBL5949467,Adenosine receptor A2a
COc1cc(F)cc2c1nc(N)n1nc([C@@H]3CCCN(c4cnn(C(C)(C)C(C)O)c4)C3)nc21,8.872363747448347,1.45,2,CHEMBL5970157,Adenosine receptor A2a
COc1cc(F)cc2c1nc(N)n1nc([C@@H]3CCCN(c4cnn(C(C)(C)CO)c4)C3)nc21,9.301029995663981,0.5,1,CHEMBL6032497,Adenosine receptor A2a
COc1cc(F)cc2c1nc(N)n1nc([C@@H]3CCCN(c4cnn(C(C)C(C)O)c4)C3)nc21,8.906239639581768,1.25,4,CHEMBL6041135,Adenosine receptor A2a
COc1cc(F)cc2c1nc(N)n1nc([C@@H]3CCCN(c4cnn(C(C)C(C)O)c4C)C3)nc21,8.827803863157445,1.5,2,CHEMBL6062402,Adenosine receptor A2a
COc1cc(F)cc2c1nc(N)n1nc([C@@H]3CCCN(c4cnn(CC(C)(C)O)c4)C3)nc21,8.55284196865778,2.8,1,CHEMBL5869244,Adenosine receptor A2a
COc1cc(F)cc2c1nc(N)n1nc([C@@H]3CCCN(c4cnn(CC(C)(C)O)c4C)C3)nc21,8.823908740944319,1.5,1,CHEMBL5854406,Adenosine receptor A2a
COc1cc(F)cc2c1nc(N)n1nc([C@@H]3CCCN(c4cnn(CC5(O)CCC5)c4)C3)nc21,8.769551078621726,1.7,1,CHEMBL5828216,Adenosine receptor A2a
COc1cc(F)cc2c1nc(N)n1nc([C@@H]3CCCN(c4nc(C)n(CC(C)(C)O)n4)C3)nc21,8.958607314841775,1.1,1,CHEMBL5862231,Adenosine receptor A2a
COc1cc(F)cc2c1nc(N)n1nc([C@@H]3CCCN(c4ncn(CC(C)(C)O)n4)C3)nc21,8.795880017344075,1.6,1,CHEMBL5798334,Adenosine receptor A2a
COc1cc(F)cc2c1nc(N)n1nc([C@@H]3CC[C@@H](C)N(c4cn(CC(C)(C)O)nc4C)C3)nc21,8.537602002101044,2.9,1,CHEMBL5766365,Adenosine receptor A2a
COc1cc(F)cc2c1nc(N)n1nc([C@@H]3CC[C@H](C)N(c4cn(CC(C)(C)O)nc4C)C3)nc21,9.698970004336019,0.2,1,CHEMBL5951900,Adenosine receptor A2a
COc1cc(F)cc2c1nc(N)n1nc([C@H]3CC[C@H](C)N(c4cn(CC(C)(C)O)nc4C)C3)nc21,6.684029654543083,207.0,1,CHEMBL5841235,Adenosine receptor A2a
COc1cc(N)[nH]c2nc(-c3ccc(F)cc3)c(-c3ccncc3)c1-2,5.986320302708807,1032.0,1,CHEMBL115769,Adenosine receptor A2a
COc1cc(NC(=O)c2ccc(-c3ccc(Cl)cc3)o2)cc(OC)c1,5.0,10000.0,1,CHEMBL250699,Adenosine receptor A2a
COc1cc(OC)cc(-c2cc(NC(C)=O)nc(-n3nc(C)cc3C)n2)c1,7.769551078621726,17.0,1,CHEMBL487569,Adenosine receptor A2a
COc1cc2nc(F)n3nc([C@H]4CN(c5cn(CC(C)(C)O)nc5C)CCS4(=O)=O)nc3c2cc1F,6.007004901568658,984.0,1,CHEMBL5759226,Adenosine receptor A2a
COc1cc2nc(N)n3nc(C4(F)CCN(c5cnn(CC(C)(C)O)c5)C4)nc3c2cc1F,6.725915889117566,194.0,2,CHEMBL5745879,Adenosine receptor A2a
COc1cc2nc(N)n3nc(C45CC4CN(c4cnn(CC(C)(C)O)c4)C5)nc3c2cc1F,7.866461091629782,13.6,1,CHEMBL5824961,Adenosine receptor A2a
COc1cc2nc(N)n3nc(C45CC4CN(c4cnn(CC6(O)CCC6)c4)C5)nc3c2cc1F,7.316052869248487,48.3,1,CHEMBL5779820,Adenosine receptor A2a
COc1cc2nc(N)n3nc(C4CC(C)CN(c5cn(C(C)(C)CO)nc5C)C4)nc3c2cc1F,7.621602099051862,23.9,3,CHEMBL5990688,Adenosine receptor A2a
COc1cc2nc(N)n3nc(C4CC(C)CN(c5cn(CC(C)(C)O)nc5C)C4)nc3c2cc1F,8.282476179330018,19.8,2,CHEMBL5768822,Adenosine receptor A2a
COc1cc2nc(N)n3nc(C4CC(C)CN(c5cnn(C(C)(C)CO)c5)C4)nc3c2cc1F,8.022276394711152,9.5,3,CHEMBL5863958,Adenosine receptor A2a
COc1cc2nc(N)n3nc(C4CC(C)CN(c5cnn(C(C)C(C)O)c5)C4)nc3c2cc1F,8.472693472721556,8.45,4,CHEMBL5871682,Adenosine receptor A2a
COc1cc2nc(N)n3nc(C4CC(C)CN(c5cnn(CC(C)(C)O)c5C)C4)nc3c2cc1F,8.48088868081564,8.15,2,CHEMBL5822752,Adenosine receptor A2a
COc1cc2nc(N)n3nc(C4CC(F)CN(c5cnn(C6CCOCC6)c5)C4)nc3c2cc1F,7.959326346097933,34.4,2,CHEMBL5928309,Adenosine receptor A2a
COc1cc2nc(N)n3nc(C4CC(F)CN(c5cnn(CC(C)(C)O)c5)C4)nc3c2cc1F,7.97469413473523,10.6,1,CHEMBL5741142,Adenosine receptor A2a
COc1cc2nc(N)n3nc(C4CC(F)CN(c5cnn(CC6(O)CCC6)c5)C4)nc3c2cc1F,8.481486060122112,3.3,1,CHEMBL6024507,Adenosine receptor A2a
COc1cc2nc(N)n3nc(C4CCC(C)N(c5cn(C6CCOCC6)nc5C)C4)nc3c2cc1F,9.221848749616356,0.6,1,CHEMBL6036343,Adenosine receptor A2a
COc1cc2nc(N)n3nc(C4CCC(C)N(c5cn(CC(C)(C)O)nc5C)C4)nc3c2cc1F,7.861046477476288,24.2,2,CHEMBL5933018,Adenosine receptor A2a
COc1cc2nc(N)n3nc(C4CCC(C)N(c5cnn(C(C)(C)C(C)(C)O)c5)C4)nc3c2cc1F,9.154901959985743,0.7,1,CHEMBL6021795,Adenosine receptor A2a
COc1cc2nc(N)n3nc(C4CCC(C)N(c5cnn(C(C)(C)C(C)O)c5)C4)nc3c2cc1F,7.857671858605742,33.6,4,CHEMBL5958175,Adenosine receptor A2a
COc1cc2nc(N)n3nc(C4CCC(C)N(c5cnn(C(C)(C)CO)c5)C4)nc3c2cc1F,8.585026652029182,2.6,3,CHEMBL5942523,Adenosine receptor A2a
COc1cc2nc(N)n3nc(C4CCC(C)N(c5cnn(C(C)(CO)CO)c5)C4)nc3c2cc1F,8.279152432179641,20.1,2,CHEMBL5759573,Adenosine receptor A2a
COc1cc2nc(N)n3nc(C4CCC(C)N(c5cnn(C(C)C(C)(C)O)c5)C4)nc3c2cc1F,9.221848749616356,0.6,1,CHEMBL6044356,Adenosine receptor A2a
COc1cc2nc(N)n3nc(C4CCC(C)N(c5cnn(C(C)C(C)O)c5)C4)nc3c2cc1F,8.330771753197698,11.4,4,CHEMBL5928083,Adenosine receptor A2a
COc1cc2nc(N)n3nc(C4CCC(C)N(c5cnn(C6CCOCC6)c5)C4)nc3c2cc1F,8.886056647693163,1.3,1,CHEMBL6048794,Adenosine receptor A2a
COc1cc2nc(N)n3nc(C4CCC(C)N(c5cnn(C6CCOCC6)c5C)C4)nc3c2cc1F,8.744727494896694,1.8,1,CHEMBL5801560,Adenosine receptor A2a
COc1cc2nc(N)n3nc(C4CCC(C)N(c5cnn(CC(C)(C)N)c5)C4)nc3c2cc1F,8.121301985603488,14.1,2,CHEMBL5762874,Adenosine receptor A2a
COc1cc2nc(N)n3nc(C4CCC(C)N(c5cnn(CC(C)(C)O)c5C)C4)nc3c2cc1F,8.329183832110973,9.75,2,CHEMBL5763240,Adenosine receptor A2a
COc1cc2nc(N)n3nc(C4CCC(C)N(c5cnn(CC(C)(O)CO)c5)C4)nc3c2cc1F,7.803651523370167,48.8,4,CHEMBL5804535,Adenosine receptor A2a
COc1cc2nc(N)n3nc(C4CCC(C)N(c5cnn(CC(C)O)c5)C4)nc3c2cc1F,8.903437700822769,1.25,2,CHEMBL5872253,Adenosine receptor A2a
COc1cc2nc(N)n3nc(C4CCC(C)N(c5cnn(CC6(CF)COC6)c5)C4)nc3c2cc1F,8.086186147616283,8.2,1,CHEMBL5754988,Adenosine receptor A2a
COc1cc2nc(N)n3nc(C4CCC(C)N(c5cnn(CC6(O)CC6)c5)C4)nc3c2cc1F,8.140666132341895,22.400000000000002,2,CHEMBL5744505,Adenosine receptor A2a
COc1cc2nc(N)n3nc(C4CCC(C)N(c5cnn(CC6(O)CCC6)c5)C4)nc3c2cc1F,8.920818753952375,1.2,1,CHEMBL6063006,Adenosine receptor A2a
COc1cc2nc(N)n3nc(C4CCCN(c5cnn(CC(C)(C)O)c5)C4=O)nc3c2cc1F,7.774690718274137,16.8,1,CHEMBL6060340,Adenosine receptor A2a
COc1cc2nc(N)n3nc(C4CN(c5cnn(CC(C)(C)O)c5)CCC4C)nc3c2cc1F,9.221848749616356,0.6,1,CHEMBL5778485,Adenosine receptor A2a
COc1cc2nc(N)n3nc([C@@H]4CCCCN(c5cnn(CC(C)(C)O)c5)C4)nc3c2cc1F,8.301029995663981,5.0,1,CHEMBL5811087,Adenosine receptor A2a
COc1cc2nc(N)n3nc([C@@H]4CCCN(c5cc(C)c(=O)n(C(F)F)c5)C4)nc3c2cc1F,9.221848749616356,0.6,1,CHEMBL6033797,Adenosine receptor A2a
COc1cc2nc(N)n3nc([C@@H]4CCCN(c5ccc(OC(C)C)nc5)C4)nc3c2cc1F,8.698970004336019,2.0,1,CHEMBL5763489,Adenosine receptor A2a
COc1cc2nc(N)n3nc([C@@H]4CCCN(c5ccc(OC(F)F)nc5)C4)nc3c2cc1F,8.065501548756432,8.6,1,CHEMBL5917737,Adenosine receptor A2a
COc1cc2nc(N)n3nc([C@@H]4CCCN(c5cn(C(C)(C)CO)nc5C)C4)nc3c2cc1F,9.301029995663981,0.5,1,CHEMBL5753944,Adenosine receptor A2a
COc1cc2nc(N)n3nc([C@@H]4CCCN(c5cn(C6CCOCC6)nc5C(F)F)C4)nc3c2cc1F,9.154901959985743,0.7,1,CHEMBL6047759,Adenosine receptor A2a
COc1cc2nc(N)n3nc([C@@H]4CCCN(c5cn(C6CCOCC6)nc5C)C4)nc3c2cc1F,8.769551078621726,1.7,1,CHEMBL5882906,Adenosine receptor A2a
COc1cc2nc(N)n3nc([C@@H]4CCCN(c5cn(CC(C)(C)O)nc5C)C4)nc3c2cc1F,9.301029995663981,0.5,1,CHEMBL6019683,Adenosine receptor A2a
COc1cc2nc(N)n3nc([C@@H]4CCCN(c5cn(CC(C)(C)O)nc5C5CC5)C4)nc3c2cc1F,9.522878745280337,0.3,1,CHEMBL5954196,Adenosine receptor A2a
COc1cc2nc(N)n3nc([C@@H]4CCCN(c5cn(CS(C)(=O)=O)nc5C(F)F)C4)nc3c2cc1F,8.173925197299173,6.7,1,CHEMBL5887154,Adenosine receptor A2a
COc1cc2nc(N)n3nc([C@@H]4CCCN(c5cn(CS(C)(=O)=O)nc5C)C4)nc3c2cc1F,8.387216143280265,4.1,1,CHEMBL5877367,Adenosine receptor A2a
COc1cc2nc(N)n3nc([C@@H]4CCCN(c5cnc(OC(F)F)c(C)c5)C4)nc3c2cc1F,7.860120913598763,13.8,1,CHEMBL5898366,Adenosine receptor A2a
COc1cc2nc(N)n3nc([C@@H]4CCCN(c5cnn(C(C)(C)C(C)O)c5)C4)nc3c2cc1F,8.698970004336019,2.0,1,CHEMBL5918437,Adenosine receptor A2a
COc1cc2nc(N)n3nc([C@@H]4CCCN(c5cnn(C(C)(C)C)c5)C4)nc3c2cc1F,8.823908740944319,1.5,1,CHEMBL5783060,Adenosine receptor A2a
COc1cc2nc(N)n3nc([C@@H]4CCCN(c5cnn(C(C)(C)CO)c5)C4)nc3c2cc1F,8.42021640338319,3.8,1,CHEMBL5889979,Adenosine receptor A2a
COc1cc2nc(N)n3nc([C@@H]4CCCN(c5cnn(C(C)C(C)(C)O)c5)C4)nc3c2cc1F,8.962226519303734,1.2,2,CHEMBL6027306,Adenosine receptor A2a
COc1cc2nc(N)n3nc([C@@H]4CCCN(c5cnn(C(C)C(C)O)c5)C4)nc3c2cc1F,8.602059991327963,2.5,4,CHEMBL5810060,Adenosine receptor A2a
COc1cc2nc(N)n3nc([C@@H]4CCCN(c5cnn(C(C)C(C)O)c5C)C4)nc3c2cc1F,8.450159679445374,3.55,2,CHEMBL6000695,Adenosine receptor A2a
COc1cc2nc(N)n3nc([C@@H]4CCCN(c5cnn(C(C)C)c5)C4)nc3c2cc1F,8.337242168318426,4.6,1,CHEMBL5991056,Adenosine receptor A2a
COc1cc2nc(N)n3nc([C@@H]4CCCN(c5cnn(C)c5)C4)nc3c2cc1F,8.565384140134512,2.85,2,CHEMBL6044347,Adenosine receptor A2a
COc1cc2nc(N)n3nc([C@@H]4CCCN(c5cnn(C6CCCC6O)c5)C4)nc3c2cc1F,8.461134410173804,3.75,2,CHEMBL6058998,Adenosine receptor A2a
COc1cc2nc(N)n3nc([C@@H]4CCCN(c5cnn(C6CCC[C@@]6(C)O)c5)C4)nc3c2cc1F,8.568636235841012,2.7,1,CHEMBL5951434,Adenosine receptor A2a
COc1cc2nc(N)n3nc([C@@H]4CCCN(c5cnn(C6CCC[C@]6(C)O)c5)C4)nc3c2cc1F,8.309803919971486,4.9,1,CHEMBL5787558,Adenosine receptor A2a
COc1cc2nc(N)n3nc([C@@H]4CCCN(c5cnn(C6CCOCC6)c5C(F)F)C4)nc3c2cc1F,9.154901959985743,0.7,1,CHEMBL5933436,Adenosine receptor A2a
COc1cc2nc(N)n3nc([C@@H]4CCCN(c5cnn(C6CCOCC6)c5C)C4)nc3c2cc1F,9.096910013008056,0.8,1,CHEMBL6003017,Adenosine receptor A2a
COc1cc2nc(N)n3nc([C@@H]4CCCN(c5cnn(C6CC[C@@]6(C)O)c5)C4)nc3c2cc1F,8.356547323513812,4.4,1,CHEMBL5763609,Adenosine receptor A2a
COc1cc2nc(N)n3nc([C@@H]4CCCN(c5cnn(C6CC[C@]6(C)O)c5)C4)nc3c2cc1F,9.045757490560675,0.9,1,CHEMBL5739943,Adenosine receptor A2a
COc1cc2nc(N)n3nc([C@@H]4CCCN(c5cnn(CC(C)(C)O)c5)C4)nc3c2cc1F,8.431798275933005,3.7,1,CHEMBL5919036,Adenosine receptor A2a
COc1cc2nc(N)n3nc([C@@H]4CCCN(c5cnn(CC(C)(C)O)c5C)C4)nc3c2cc1F,8.346787486224656,4.5,1,CHEMBL5813421,Adenosine receptor A2a
COc1cc2nc(N)n3nc([C@@H]4CCCN(c5cnn(CC(F)(F)F)c5)C4)nc3c2cc1F,8.481486060122112,3.3,1,CHEMBL5821050,Adenosine receptor A2a
COc1cc2nc(N)n3nc([C@@H]4CCCN(c5cnn(CC6(C)COC6)c5)C4)nc3c2cc1F,7.4156687756324695,38.4,1,CHEMBL5850961,Adenosine receptor A2a
COc1cc2nc(N)n3nc([C@@H]4CCCN(c5cnn(CC6(O)CCC6)c5)C4)nc3c2cc1F,8.455931955649724,3.5,1,CHEMBL5929331,Adenosine receptor A2a
COc1cc2nc(N)n3nc([C@@H]4CCCN(c5cnn(CCC(C)(C)O)c5)C4)nc3c2cc1F,8.229147988357855,5.9,1,CHEMBL5860289,Adenosine receptor A2a
COc1cc2nc(N)n3nc([C@@H]4CCCN(c5cnn(CCCC(C)=O)c5)C4)nc3c2cc1F,8.236572006437063,5.8,1,CHEMBL5873278,Adenosine receptor A2a
COc1cc2nc(N)n3nc([C@@H]4CCCN(c5cnn(CCC[C@@H](C)O)c5)C4)nc3c2cc1F,6.688246138944246,205.0,1,CHEMBL5834045,Adenosine receptor A2a
COc1cc2nc(N)n3nc([C@@H]4CCCN(c5cnn(CCC[C@H](C)O)c5)C4)nc3c2cc1F,8.10790539730952,7.8,1,CHEMBL6053179,Adenosine receptor A2a
COc1cc2nc(N)n3nc([C@@H]4CCCN(c5cnn(CS(C)(=O)=O)c5)C4)nc3c2cc1F,7.928117992693875,11.8,1,CHEMBL6014503,Adenosine receptor A2a
COc1cc2nc(N)n3nc([C@@H]4CCCN(c5cnn([C@H]6C[C@@](C)(O)C6)c5)C4)nc3c2cc1F,8.522878745280337,3.0,1,CHEMBL5977444,Adenosine receptor A2a
COc1cc2nc(N)n3nc([C@@H]4CCCN(c5nc(C)n(CC(C)(C)O)n5)C4)nc3c2cc1F,8.744727494896694,1.8,1,CHEMBL5778870,Adenosine receptor A2a
COc1cc2nc(N)n3nc([C@@H]4CCCN(c5ncn(C(C)C(C)(C)O)n5)C4)nc3c2cc1F,8.960409376976187,1.1,2,CHEMBL5853405,Adenosine receptor A2a
COc1cc2nc(N)n3nc([C@@H]4CCCN(c5ncn(CC(C)(C)O)n5)C4)nc3c2cc1F,8.1249387366083,7.5,1,CHEMBL5933787,Adenosine receptor A2a
COc1cc2nc(N)n3nc([C@@H]4CCN(c5cnn(CC6(O)CCC6)c5)C4)nc3c2cc1F,7.772113295386326,16.9,1,CHEMBL5854163,Adenosine receptor A2a
COc1cc2nc(N)n3nc([C@@H]4CC[C@@H](C)N(c5cnn(C(C)C(C)O)c5)C4)nc3c2cc1F,9.0,1.0,1,CHEMBL5961440,Adenosine receptor A2a
COc1cc2nc(N)n3nc([C@@H]4CC[C@H](C)N(c5cn(CC6(O)CCC6)nc5C)C4)nc3c2cc1F,7.6777807052660805,21.0,1,CHEMBL5871375,Adenosine receptor A2a
COc1cc2nc(N)n3nc([C@@H]4CC[C@H](C)N(c5cnn(C(C)C(C)(C)O)c5)C4)nc3c2cc1F,9.522878745280337,0.3,1,CHEMBL5854231,Adenosine receptor A2a
COc1cc2nc(N)n3nc([C@@H]4CC[C@H](C)N(c5cnn(C(C)C(C)O)c5)C4)nc3c2cc1F,6.913640169325252,122.0,1,CHEMBL5876589,Adenosine receptor A2a
COc1cc2nc(N)n3nc([C@@H]4CC[C@H](C)N(c5cnn(C6CCC(C)(O)CC6)c5)C4)nc3c2cc1F,9.221848749616356,0.6,1,CHEMBL5774836,Adenosine receptor A2a
COc1cc2nc(N)n3nc([C@@H]4CC[C@H](C)N(c5cnn(C6CCCC6O)c5)C4)nc3c2cc1F,10.0,0.1,1,CHEMBL5826102,Adenosine receptor A2a
COc1cc2nc(N)n3nc([C@@H]4CC[C@H](C)N(c5cnn(CC(C)(C)O)c5)C4)nc3c2cc1F,9.154901959985743,0.7,1,CHEMBL5786961,Adenosine receptor A2a
COc1cc2nc(N)n3nc([C@@H]4CN(c5cn(CC(C)(C)O)nc5C)CCO4)nc3c2cc1F,7.617982957425132,24.1,1,CHEMBL5818900,Adenosine receptor A2a
COc1cc2nc(N)n3nc([C@@H]4C[C@@H](F)CN(c5cnn(CC(C)(C)O)c5)C4)nc3c2cc1F,7.935542010773082,11.6,1,CHEMBL5855188,Adenosine receptor A2a
COc1cc2nc(N)n3nc([C@@H]4C[C@H](C)CN(C5=NC(CC(C)(C)O)N=C5)C4)nc3c2cc1F,7.349692476868063,44.7,1,CHEMBL5775346,Adenosine receptor A2a
COc1cc2nc(N)n3nc([C@@H]4C[C@H](C)CN(c5cn(CC(C)(C)O)nc5C)C4)nc3c2cc1F,8.958607314841775,1.1,1,CHEMBL5898803,Adenosine receptor A2a
COc1cc2nc(N)n3nc([C@H]4CCCCN(c5cnn(CC(C)(C)O)c5)C4)nc3c2cc1F,7.503070351926785,31.4,1,CHEMBL5975293,Adenosine receptor A2a
COc1cc2nc(N)n3nc([C@H]4CCCN(c5cn(CS(C)(=O)=O)nc5C)C4)nc3c2cc1F,8.920818753952375,1.2,1,CHEMBL5820274,Adenosine receptor A2a
COc1cc2nc(N)n3nc([C@H]4CCCN(c5cnn(C(C)(C)C(C)O)c5)C4)nc3c2cc1F,8.585026652029182,2.6,1,CHEMBL5765291,Adenosine receptor A2a
COc1cc2nc(N)n3nc([C@H]4CC[C@@H](C)N(c5cn(CC6(O)CCC6)nc5C)C4)nc3c2cc1F,7.73754891026957,18.3,1,CHEMBL5882864,Adenosine receptor A2a
COc1cc2nc(N)n3nc([C@H]4CC[C@@H](C)N(c5cnn(C(C)C(C)O)c5)C4)nc3c2cc1F,9.096910013008056,0.8,1,CHEMBL5876547,Adenosine receptor A2a
COc1cc2nc(N)n3nc([C@H]4CC[C@@H](C)N(c5cnn(C6CCC(C)(O)CC6)c5)C4)nc3c2cc1F,9.154901959985743,0.7,1,CHEMBL6024542,Adenosine receptor A2a
COc1cc2nc(N)n3nc([C@H]4CC[C@@H](C)N(c5cnn(C6CCCC6O)c5)C4)nc3c2cc1F,9.698970004336019,0.2,1,CHEMBL5834574,Adenosine receptor A2a
COc1cc2nc(N)n3nc([C@H]4CC[C@H](C)N(c5cnn(C(C)C(C)O)c5)C4)nc3c2cc1F,7.482804102050026,32.9,1,CHEMBL5897128,Adenosine receptor A2a
COc1cc2nc(N)n3nc([C@H]4CN(c5cn(CC(C)(C)O)nc5C)CCO4)nc3c2cc1F,9.096910013008056,0.8,1,CHEMBL5883137,Adenosine receptor A2a
COc1cc2nc(N)n3nc([C@H]4C[C@@H](C)CN(C5=NC(CC(C)(C)O)N=C5)C4)nc3c2cc1F,8.920818753952375,1.2,1,CHEMBL5993358,Adenosine receptor A2a
COc1cc2nc(N)n3nc([C@H]4C[C@@H](C)CN(c5cn(CC(C)(C)O)nc5C)C4)nc3c2cc1F,7.476253533188435,33.4,1,CHEMBL6052555,Adenosine receptor A2a
COc1cc2nc(N)n3nc([C@H]4C[C@H](F)CN(c5cnn(CC(C)(C)O)c5)C4)nc3c2cc1F,6.91721462968355,121.0,1,CHEMBL6047655,Adenosine receptor A2a
COc1ccc(-c2ccccc2)c2ncc(NC(=O)N3CCC(C)(O)CC3)nc12,7.0,100.0,1,CHEMBL4779911,Adenosine receptor A2a
COc1ccc(-c2cn3c(=O)n(-c4ccc([N+](=O)[O-])cc4)nc3c(N)n2)cc1,4.522878745280337,30000.0,1,CHEMBL5169465,Adenosine receptor A2a
COc1ccc(-c2cn3c(=O)n(-c4ccccc4)nc3c(N)n2)cc1,6.7447274948966935,180.0,1,CHEMBL4079360,Adenosine receptor A2a
COc1ccc(-c2cn3c(nc4ccccc43)c(N)n2)cc1,7.29073003902417,51.2,1,CHEMBL4876950,Adenosine receptor A2a
COc1ccc(-c2nc(N)n3nc(Cc4ncccc4F)nc3c2-c2ccc(=O)n(C)c2)cc1,8.3767507096021,4.2,3,CHEMBL5988628,Adenosine receptor A2a
COc1ccc(C(=O)c2nc(NCc3cccnc3)nc3ccsc23)cc1,6.195860567664649,637.0,1,CHEMBL1079232,Adenosine receptor A2a
COc1ccc(CCCNC(=O)c2nc(N[C@@H](C)c3cncc(F)c3)nc3ccsc23)cc1,6.522878745280337,300.0,1,CHEMBL5770370,Adenosine receptor A2a
COc1ccc(CCCn2ncc3c2nc(N)n2nc(-c4ccco4)nc32)cc1OC,7.698970004336019,20.0,1,CHEMBL69794,Adenosine receptor A2a
COc1ccc(CCNC(=O)c2nc(N[C@@H](C)c3cncc(F)c3)nc3ccsc23)cc1,6.522878745280337,300.0,1,CHEMBL6035129,Adenosine receptor A2a
COc1ccc(CCNc2nc(N)c(C(=O)N=C(N)N)nc2Cl)cc1.Cl,5.356547323513812,4400.0,1,CHEMBL3819313,Adenosine receptor A2a
COc1ccc(CCNc2nc(N)c3nc(-c4ccco4)sc3n2)cc1,7.442694507883913,36.5,2,CHEMBL3934626,Adenosine receptor A2a
COc1ccc(CNC(=O)c2nc(NC(C)c3ccccn3)nc3ccsc23)cn1,6.522878745280337,300.0,1,CHEMBL5977412,Adenosine receptor A2a
COc1ccc(CNC(=O)c2nc(NCc3ccc(OC)nc3)nc3ccsc23)cn1,7.1249387366083,75.0,1,CHEMBL5927275,Adenosine receptor A2a
COc1ccc(CNC(=O)c2nc(NCc3cccc(F)c3)nc3ccsc23)cn1,7.1249387366083,75.0,1,CHEMBL5929156,Adenosine receptor A2a
COc1ccc(CNC(=O)c2nc(NCc3cccnc3C)nc3ccsc23)cn1,6.522878745280337,300.0,1,CHEMBL5743758,Adenosine receptor A2a
COc1ccc(CNC(=O)c2nc(NCc3cncc(C)c3)nc3ccsc23)cn1,6.522878745280337,300.0,1,CHEMBL5938890,Adenosine receptor A2a
COc1ccc(CNC(=O)c2nc(NCc3cncc(F)c3)nc3ccsc23)cn1,6.522878745280337,300.0,1,CHEMBL5904126,Adenosine receptor A2a
COc1ccc(CNC(=O)c2nc(N[C@@H](C)c3ccccn3)nc3cc(C)sc23)cc1,6.522878745280337,300.0,1,CHEMBL5854847,Adenosine receptor A2a
COc1ccc(CNC(=O)c2nc(N[C@@H](C)c3ccccn3)nc3cc(C)sc23)cn1,6.301029995663981,500.0,1,CHEMBL5809204,Adenosine receptor A2a
COc1ccc(CNC(=O)c2nc(N[C@@H](C)c3ccccn3)nc3ccsc23)cc1,7.1249387366083,75.0,1,CHEMBL5933344,Adenosine receptor A2a
COc1ccc(CNC(=O)c2nc(N[C@@H](C)c3ccccn3)nc3ccsc23)cn1,7.1249387366083,75.0,1,CHEMBL5967463,Adenosine receptor A2a
COc1ccc(CNC(=O)c2nc(N[C@@H](C)c3cccnc3)nc3ccsc23)cc1OC,6.301029995663981,500.0,1,CHEMBL5878490,Adenosine receptor A2a
COc1ccc(CNC(=O)c2nc(N[C@@H](C)c3ccncc3)nc3ccsc23)cn1,6.522878745280337,300.0,1,CHEMBL5902694,Adenosine receptor A2a
COc1ccc(CNc2nc(C(=O)N3CCCC3)c3sccc3n2)cc1OC,6.301029995663981,500.0,1,CHEMBL5864396,Adenosine receptor A2a
COc1ccc(CNc2nc(C(=O)N3CCCC3)c3sccc3n2)cn1,7.1249387366083,75.0,1,CHEMBL5962121,Adenosine receptor A2a
COc1ccc(CNc2nc(C(=O)NC3CCC3)c3sccc3n2)cn1,7.1249387366083,75.0,1,CHEMBL5948783,Adenosine receptor A2a
COc1ccc(CNc2nc(C(=O)NCc3cccnc3)c3sccc3n2)cn1,6.522878745280337,300.0,1,CHEMBL5991486,Adenosine receptor A2a
COc1ccc(CNc2nc(N)c3nc(-c4ccco4)sc3n2)cc1,6.819126641012051,155.0,2,CHEMBL3931329,Adenosine receptor A2a
COc1ccc(CNc2nc3c(OC)cc(F)cc3c3nc([C@@H]4C[C@@H](F)CN(c5cnn(CC(C)(C)O)c5)C4)nn23)c(OC)c1,9.045757490560675,0.9,1,CHEMBL5840139,Adenosine receptor A2a
COc1ccc(CNc2nc3c(OC)cc(F)cc3c3nc([C@@H]4C[C@H](F)CN(c5cnn(CC(C)(C)O)c5)C4)nn23)c(OC)c1,8.585026652029182,2.6,1,CHEMBL5918530,Adenosine receptor A2a
COc1ccc(CNc2nc3c(OC)cc(F)cc3c3nc([C@H]4C[C@@H](F)CN(c5cnn(CC(C)(C)O)c5)C4)nn23)c(OC)c1,6.7423214251308154,181.0,1,CHEMBL5778247,Adenosine receptor A2a
COc1ccc(CNc2nc3c(OC)cc(F)cc3c3nc([C@H]4C[C@H](F)CN(c5cnn(CC(C)(C)O)c5)C4)nn23)c(OC)c1,7.244887733604929,56.9,1,CHEMBL5814557,Adenosine receptor A2a
COc1ccc(Cc2nc3c(-c4ccc(=O)n(C)c4)c(-c4ccccc4)nc(N)n3n2)nc1,8.112382699664265,7.72,1,CHEMBL4867286,Adenosine receptor A2a
COc1ccc(Cn2c(=O)cnc3c(-c4ccc(C)o4)nc(N)nc32)cc1,5.0,10000.0,1,CHEMBL5093079,Adenosine receptor A2a
COc1ccc(N(C)C2CCN(CCn3c(=O)cnc4c(-c5ccc(C)o5)nc(N)nc43)C2)cc1,5.0,10000.0,1,CHEMBL5077642,Adenosine receptor A2a
COc1ccc(N(C)C2CN(CCn3c(=O)cnc4c(-c5ccc(C)o5)nc(N)nc43)C2)cc1,5.0,10000.0,1,CHEMBL5092366,Adenosine receptor A2a
COc1ccc(N2CC3CCC(C2)N3CCn2c(=O)cnc3c(-c4ccc(C)o4)nc(N)nc32)cc1,6.255941834121164,554.7,1,CHEMBL5091130,Adenosine receptor A2a
COc1ccc(N2CCC(N(C)CCn3c(=O)cnc4c(-c5ccc(C)o5)nc(N)nc43)C2)cc1,5.0,10000.0,1,CHEMBL5069652,Adenosine receptor A2a
COc1ccc(N2CCCN(CCn3c(=O)cnc4c(-c5ccc(C)o5)nc(N)nc43)CC2)cc1,6.1452083059460145,715.8,1,CHEMBL5094358,Adenosine receptor A2a
COc1ccc(N2CCC[C@@H](c3nc4c5cc(F)c(OC)cc5nc(N)n4n3)C2)cn1,8.4089353929735,3.9,1,CHEMBL6034255,Adenosine receptor A2a
COc1ccc(N2CCC[C@@H](c3nc4c5cc(F)cc(OC)c5nc(N)n4n3)C2)cn1,8.853871964321762,1.4,1,CHEMBL5803616,Adenosine receptor A2a
COc1ccc(N2CCN(CCn3c(=O)cnc4c(-c5ccc(C)o5)nc(N)nc43)CC2)c(F)c1,8.309803919971486,4.9,1,CHEMBL5071785,Adenosine receptor A2a
COc1ccc(N2CCN(CCn3c(=O)cnc4c(-c5ccc(C)o5)nc(N)nc43)CC2)cc1,7.657577319177793,22.0,1,CHEMBL5084222,Adenosine receptor A2a
COc1ccc(N2CCN(CCn3c(=O)cnc4c(-c5ccc(C)o5)nc(N)nc43)CC2)cn1,7.530177984021837,29.5,1,CHEMBL5093742,Adenosine receptor A2a
COc1ccc(N2CCN(CCn3c(=O)cnc4c(-c5ccc(C)o5)nc(N)nc43)CC2)nc1,6.671620396561262,213.0,1,CHEMBL5079711,Adenosine receptor A2a
COc1ccc(N2CCN(CCn3c(=O)cnc4c(-c5ccc(C)o5)nc(N)nc43)C[C@@H]2C)cc1,6.650528200785614,223.6,1,CHEMBL5082528,Adenosine receptor A2a
COc1ccc(N2CCN(CCn3c(=O)cnc4c(-c5ccc(C)o5)nc(N)nc43)C[C@H]2C)cc1,7.425968732272281,37.5,1,CHEMBL5093603,Adenosine receptor A2a
COc1ccc(N2CCN(CCn3c(=O)cnc4c(-c5ccc(C)o5)nc(N)nc43)[C@@H](C)C2)c(F)c1,8.080921907623926,8.3,4,CHEMBL5090017,Adenosine receptor A2a
COc1ccc(N2CCN(CCn3c(=O)cnc4c(-c5ccc(C)o5)nc(N)nc43)[C@@H](C)C2)cc1,8.161150909262744,6.9,1,CHEMBL5094102,Adenosine receptor A2a
COc1ccc(N2CCN(CCn3c(=O)cnc4c(-c5ccc(C)o5)nc(N)nc43)[C@H](C)C2)cc1,6.528561592610701,296.1,1,CHEMBL5091663,Adenosine receptor A2a
COc1ccc(N2CCOCC2)c2nc(NC(=O)c3cccc(N4CCOCC4)c3)[nH]c12,8.0,10.0,1,CHEMBL4765154,Adenosine receptor A2a
COc1ccc(N2C[C@@H]3C[C@H]2CN3CCn2c(=O)cnc3c(-c4ccc(C)o4)nc(N)nc32)cc1,5.0,10000.0,1,CHEMBL5072377,Adenosine receptor A2a
COc1ccc(N2C[C@H](C)N(CCn3c(=O)cnc4c(-c5ccc(C)o5)nc(N)nc43)C[C@H]2C)cc1,5.694218848745018,2022.0,1,CHEMBL5088038,Adenosine receptor A2a
COc1ccc(NC(=O)Nc2nc3nn(C)c(SC)c3c3nc(-c4ccco4)nn23)cc1,7.756961951313706,17.5,1,CHEMBL22113,Adenosine receptor A2a
COc1ccc(NC(=O)c2nc(N[C@@H](C)c3ccccn3)nc3ccsc23)cn1,6.301029995663981,500.0,1,CHEMBL5849081,Adenosine receptor A2a
COc1ccc(Nc2c(-c3ccc4nccnc4c3)c(C)nn2-c2ccccc2)c(C(=O)O)c1,5.259637310505756,5500.0,1,CHEMBL1258397,Adenosine receptor A2a
COc1ccc(Nc2c(-c3ccc4nccnc4c3)c(C)nn2-c2ccccc2C)c(C(=O)O)c1,4.301029995663981,50000.0,1,CHEMBL1258170,Adenosine receptor A2a
COc1ccc(Nc2c(-c3ccc4nccnc4c3)c(C)nn2-c2ccccc2Cl)c(C(=O)O)c1,4.301029995663981,50000.0,1,CHEMBL1258506,Adenosine receptor A2a
COc1ccc(Nc2c(-c3ccc4nccnc4c3)c(C)nn2C2CCCCC2)c(C(=O)O)c1,4.301029995663981,50000.0,1,CHEMBL1258505,Adenosine receptor A2a
COc1ccc(Oc2cc(CNC(=O)c3nc(N[C@@H](C)c4cncc(F)c4)nc4ccsc34)ccn2)cc1,6.522878745280337,300.0,1,CHEMBL5994812,Adenosine receptor A2a
COc1ccc([C@@H](C)Nc2nc(C(=O)NCc3ccc(OC)nc3)c3sccc3n2)cc1,7.522878745280337,30.0,1,CHEMBL6051293,Adenosine receptor A2a
COc1ccc([C@H](C)Nc2nc(C(=O)N3CC(NC(=O)OC(C)C)C3)c3sc(C)cc3n2)cc1,7.1249387366083,75.0,1,CHEMBL5877105,Adenosine receptor A2a
COc1ccc([C@H](C)Nc2nc(C(=O)N3CC(NC(C)=O)C3)c3sc(C)cc3n2)cc1,7.1249387366083,75.0,1,CHEMBL5944347,Adenosine receptor A2a
COc1ccc([C@H](C)Nc2nc(C(=O)N3CCC3)c3sccc3n2)cc1,6.522878745280337,300.0,1,CHEMBL6047138,Adenosine receptor A2a
COc1ccc([C@H](C)Nc2nc(C(=O)NCc3ccccn3)c3sccc3n2)cc1,7.522878745280337,30.0,1,CHEMBL6028914,Adenosine receptor A2a
COc1ccc([C@H](C)Nc2nc(C(=O)NCc3cccnc3)c3sccc3n2)cc1,7.522878745280337,30.0,1,CHEMBL6001576,Adenosine receptor A2a
COc1ccc2[nH]cc(Cn3cc(-c4cc(-c5cccc(C#N)c5C)nc(N)n4)nn3)c2c1,7.2716462179787715,53.5,1,CHEMBL5563496,Adenosine receptor A2a
COc1ccc2c(Cn3cc(-c4cc(-c5cccc(C#N)c5C)nc(N)n4)nn3)c[nH]c2c1,6.875495775165717,133.2,1,CHEMBL5556910,Adenosine receptor A2a
COc1ccc2nc3cc(Cl)ccc3c(NCCNCCO)c2c1,6.263046046216854,545.7,1,CHEMBL5173144,Adenosine receptor A2a
COc1ccc2nc3cc(Cl)ccc3c(Nc3ccc(O)c(CNCCO)c3)c2c1,6.263046046216854,545.7,1,CHEMBL5172541,Adenosine receptor A2a
COc1cccc(-c2c(C#N)c(N)nc(N3CCCCC3)c2C#N)c1,6.823908740944319,150.0,1,CHEMBL6175849,Adenosine receptor A2a
COc1cccc(-c2cc(NC(C)=O)nc(-n3nc(C)cc3C)n2)c1F,7.494850021680094,32.0,1,CHEMBL486745,Adenosine receptor A2a
COc1cccc(-c2cn3c(nc4cc(F)c(F)cc43)c(N)n2)c1,7.341072755334265,52.0,2,CHEMBL4862573,Adenosine receptor A2a
COc1cccc(-c2cn3c(nc4ccccc43)c(N)n2)c1,7.995678626217358,10.1,1,CHEMBL4846301,Adenosine receptor A2a
COc1cccc(-c2nc(N)n3nc(Cc4ncccc4F)nc3c2-c2ccc(=O)n(C)c2)c1,8.443697499232712,3.6,3,CHEMBL6030840,Adenosine receptor A2a
COc1cccc(C(=O)NC2CN(C(=O)c3nc(N[C@@H](C)c4cncc(F)c4)nc4ccsc34)C2)c1,7.522878745280337,30.0,1,CHEMBL6018926,Adenosine receptor A2a
COc1cccc(CCNC(=O)c2nc(N[C@@H](C)c3ccccn3)nc3c(C)csc23)c1,7.1249387366083,75.0,1,CHEMBL6013847,Adenosine receptor A2a
COc1cccc(CCNC(=O)c2nc(N[C@@H](C)c3ccccn3)nc3ccsc23)c1,6.522878745280337,300.0,1,CHEMBL5780438,Adenosine receptor A2a
COc1cccc(CCNC(=O)c2nc(N[C@@H](C)c3cncc(F)c3)nc3ccsc23)n1,6.522878745280337,300.0,1,CHEMBL5833771,Adenosine receptor A2a
COc1cccc(CCNc2nc(N)c(C(=O)N=C(N)N)nc2Cl)c1.Cl,5.0915149811213505,8100.0,1,CHEMBL3818888,Adenosine receptor A2a
COc1cccc(CNC(=O)c2nc(N[C@@H](C)c3ccccn3)nc3c(C)csc23)n1,7.522878745280337,30.0,1,CHEMBL6064366,Adenosine receptor A2a
COc1cccc(CNC(=O)c2nc(N[C@@H](C)c3cccnc3)nc3cc(C)sc23)n1,6.522878745280337,300.0,1,CHEMBL5992066,Adenosine receptor A2a
COc1cccc(CNC(=O)c2nc(N[C@@H](C)c3cccnc3)nc3ccsc23)n1,7.1249387366083,75.0,1,CHEMBL5994826,Adenosine receptor A2a
COc1cccc(CNC(=O)c2nc(N[C@@H](C)c3cncc(F)c3)nc3cc(C)sc23)n1,6.522878745280337,300.0,1,CHEMBL5768228,Adenosine receptor A2a
COc1cccc(CNc2nc(N)c3nc(-c4ccccc4)sc3n2)c1,7.249607413541272,57.0,2,CHEMBL4128596,Adenosine receptor A2a
COc1cccc(CNc2nc(N)c3nc(-c4ccco4)sc3n2)c1,11.080921907623926,0.0083,3,CHEMBL3904408,Adenosine receptor A2a
COc1cccc(Cn2c(=O)cnc3c(-c4ccc(C)o4)nc(N)nc32)c1,6.3226668485800985,475.7,1,CHEMBL5083448,Adenosine receptor A2a
COc1cccc(Cn2cc3nc(-c4ccc(C)o4)nc(N)c3n2)c1,8.192464971931146,6.42,1,CHEMBL3800587,Adenosine receptor A2a
COc1cccc(Cn2ccc(-c3cc(-c4cccc(C#N)c4C)nc(N)n3)cc2=O)c1,6.73849922680172,182.6,1,CHEMBL5410668,Adenosine receptor A2a
COc1cccc(N2CCN(CCn3c(=O)cnc4c(-c5ccc(C)o5)nc(N)nc43)CC2)c1,7.341988603342887,45.5,1,CHEMBL5092804,Adenosine receptor A2a
COc1cccc2c1nc(N)n1nc(C3CC3c3ccc4c(c3)CCNC4)nc21,9.240743030061056,0.7000000000000001,2,CHEMBL5413330,Adenosine receptor A2a
COc1cccc2c1nc(N)n1nc(C3CC3c3nc4ccccc4n3C)nc21,9.522878745280337,0.3,2,CHEMBL5430246,Adenosine receptor A2a
COc1cccc2c1nc(N)n1nc(C3CCC(c4ccc(C(C)(C)N)cn4)C3)nc21,9.18837535480105,0.85,2,CHEMBL5426527,Adenosine receptor A2a
COc1cccc2c1nc(N)n1nc(C3CCCC(O)(c4cnn(CC(C)(C)O)c4)C3)nc21,8.853871964321762,1.4,1,CHEMBL6020874,Adenosine receptor A2a
COc1cccc2c1nc(N)n1nc([C@H]3C[C@H](c4ccc(C(C)(C)O)cn4)C3)nc21,9.20446769648675,0.8,2,CHEMBL5426841,Adenosine receptor A2a
COc1cccc2c1nc(N)n1nc([C@H]3C[C@H](c4ncc(C(C)(C)N)cc4C)C3)nc21,9.372363747448347,0.44999999999999996,2,CHEMBL5413371,Adenosine receptor A2a
COc1cccc2c1nc(N)n1nc([C@H]3C[C@H](c4ncc(C(C)(C)N)cc4Cl)C3)nc21,9.309894379144197,0.55,2,CHEMBL5438060,Adenosine receptor A2a
COc1ccccc1-c1c(C#N)c(N)nc(N2CCCCC2)c1C#N,6.1938200260161125,640.0,1,CHEMBL6176146,Adenosine receptor A2a
COc1ccccc1-c1cn2c(nc3ccccc32)c(N)n1,7.080398976215889,83.1,1,CHEMBL4849821,Adenosine receptor A2a
COc1ccccc1-c1nc(N)n2nc(Cc3ncccc3F)nc2c1-c1ccc(=O)n(C)c1,7.055517327849832,88.0,1,CHEMBL6008951,Adenosine receptor A2a
COc1ccccc1CNC(=O)c1nc(-c2cc(C)nc(C)c2)c(-c2ccc(C)o2)nc1N,8.102372908709558,7.9,2,CHEMBL5781132,Adenosine receptor A2a
COc1ccccc1CNc1nc(N)c2nc(-c3ccccc3)sc2n1,8.194967102508281,6.484999999999999,2,CHEMBL4127213,Adenosine receptor A2a
COc1ccccc1CNc1nc(N)c2nc(-c3ccco3)sc2n1,11.721246399047171,0.0019,3,CHEMBL3958838,Adenosine receptor A2a
COc1ccccc1CNc1nc(N)c2nc(-c3cccs3)sc2n1,8.414611066571158,3.885,2,CHEMBL4162037,Adenosine receptor A2a
COc1ccccc1Cn1c(=O)cnc2c(-c3ccc(C)o3)nc(N)nc21,5.9931062920521,1016.0,1,CHEMBL5089248,Adenosine receptor A2a
COc1ccccc1Cn1cc2nc(-c3ccc(C)o3)nc(N)c2n1,8.361510743045363,4.35,1,CHEMBL3799351,Adenosine receptor A2a
COc1ccccc1Cn1cc2nc(-c3ccco3)nc(N)c2n1,8.20690839982342,6.21,1,CHEMBL3798766,Adenosine receptor A2a
COc1ccccc1N1CCN(CCn2c(=O)cnc3c(-c4ccc(C)o4)nc(N)nc32)CC1,5.419018034037323,3810.5,1,CHEMBL5093249,Adenosine receptor A2a
COc1cnc(N2CCN(CCn3c(=O)cnc4c(-c5ccc(C)o5)nc(N)nc43)CC2)c(F)c1,8.259637310505756,5.5,1,CHEMBL5085803,Adenosine receptor A2a
COc1cncc(-c2cc(NC(=O)CN3CCOCC3)nc(-n3nc(C)cc3C)n2)c1,7.309803919971486,49.0,1,CHEMBL486131,Adenosine receptor A2a
COc1cncc(-c2cc(NC(C)=O)nc(-n3nc(C)cc3C)n2)c1,7.157353109306608,71.0,2,CHEMBL458242,Adenosine receptor A2a
COc1cncc(CNC(=O)c2nc(N[C@@H](C)c3ccccn3)nc3ccsc23)c1,6.522878745280337,300.0,1,CHEMBL5834647,Adenosine receptor A2a
COc1cncc(CNc2nc(C(=O)N3CC(C)C3)c3sccc3n2)c1,6.301029995663981,500.0,1,CHEMBL6020060,Adenosine receptor A2a
COc1cncc(CNc2nc(C(=O)N3CC(O)C3)c3sccc3n2)c1,6.301029995663981,500.0,1,CHEMBL5945513,Adenosine receptor A2a
COc1cncc(CNc2nc(C(=O)N3CCC3)c3sccc3n2)c1,6.301029995663981,500.0,1,CHEMBL5958783,Adenosine receptor A2a
COc1cncc(CNc2nc(C(=O)N3CCCC3)c3sccc3n2)c1,6.301029995663981,500.0,1,CHEMBL5918371,Adenosine receptor A2a
COc1cncc(NC(=O)c2nc(N[C@@H](C)c3ccccn3)nc3ccsc23)c1,6.522878745280337,300.0,1,CHEMBL5872406,Adenosine receptor A2a
COc1nc(-c2ncco2)nc(N)c1C(=O)NCc1c(Cl)cccc1Cl,7.234260541478872,108.5,2,CHEMBL4747929,Adenosine receptor A2a
COc1ncc(-c2ccccc2)c2ncc(NC(=O)N3CCC(C)(O)CC3)nc12,7.0,100.0,1,CHEMBL4750504,Adenosine receptor A2a
COc1ncc(C2=CCOCC2)c2sc(NC(=O)N3CC[C@@]4(CCCOC4)C3)nc12,8.0,10.0,1,CHEMBL5569567,Adenosine receptor A2a
COc1ncc(F)cc1C(=O)Nc1cccc(-c2nncn2[C@@H](C)C(F)(F)F)n1,6.0,1000.0,1,CHEMBL4849014,Adenosine receptor A2a
COc1ncc(N2CCOCC2)c2sc(NC(=O)N3CCC(C)(O)CC3)nc12,8.0,10.0,1,CHEMBL4762582,Adenosine receptor A2a
COc1ncccc1CNC(=O)c1nc(N[C@@H](C)c2ccccn2)nc2ccsc12,6.301029995663981,500.0,1,CHEMBL5985918,Adenosine receptor A2a
CS(=O)(=O)[C@@H]1CCN(C(=O)c2nc(NCc3cncc(F)c3)nc3ccsc23)C1,6.301029995663981,500.0,1,CHEMBL5910428,Adenosine receptor A2a
CS(=O)(=O)c1ccc(CC2OC(=O)c3c(-c4ccco4)nc(N)nc32)cc1,6.818156412055227,152.0,1,CHEMBL6029063,Adenosine receptor A2a
CSc1c2c(nc(N)n3nc(-c4ccco4)nc23)nn1C,8.214670164989233,6.1,1,CHEMBL281129,Adenosine receptor A2a
CSc1c2c(nc(NC(=O)Cc3ccc4c(c3)OCO4)n3nc(-c4ccco4)nc23)nn1C,7.667561540084395,21.5,1,CHEMBL21572,Adenosine receptor A2a
C[C@@H](NC(=O)c1nc(-c2cc(Cl)c3ncccc3c2)c(-c2ccccc2)nc1N)c1cccc(C#N)n1,8.207834387816234,32.3,2,CHEMBL5955717,Adenosine receptor A2a
C[C@@H](NC(=O)c1nc(-c2ccc3cccnc3c2)c(-c2ccccc2)nc1N)c1ccccn1,8.602059991327963,2.5,1,CHEMBL5904905,Adenosine receptor A2a
C[C@@H](NC(=O)c1nc(-c2ccc3ncccc3c2)c(-c2ccccc2)nc1N)c1ncccn1,8.744727494896694,1.8,1,CHEMBL6040738,Adenosine receptor A2a
C[C@@H](Nc1nc(C(=O)N2CCCC2)c2sccc2n1)c1cccnc1,5.170053304058364,6760.0,1,CHEMBL1079893,Adenosine receptor A2a
C[C@@H](O)CCc1nc(N)c2nc(-n3nccn3)n(C)c2n1,6.376750709602099,420.0,1,CHEMBL2398484,Adenosine receptor A2a
C[C@@H](O)CNC(=O)c1nc(NCc2cncc(C(F)(F)F)c2)nc2ccsc12,6.301029995663981,500.0,1,CHEMBL5767056,Adenosine receptor A2a
C[C@@H]1CCN(C(=O)c2nc(N[C@@H](C)c3ccccn3)nc3cc(N)sc23)C1,6.522878745280337,300.0,1,CHEMBL5816463,Adenosine receptor A2a
C[C@@H]1CCN(C(=O)c2nc(N[C@@H](C)c3ccccn3)nc3ccsc23)C1,7.1249387366083,75.0,1,CHEMBL5931811,Adenosine receptor A2a
C[C@@H]1CCN(C(=O)c2nc(N[C@@H](C)c3cccnc3)nc3ccsc23)C1,6.522878745280337,300.0,1,CHEMBL5981745,Adenosine receptor A2a
C[C@@H]1CCNC(=O)c2cc3ccc(C(=O)Nc4nc5ccccc5n4CCCN(C)C)cc3n21,5.847711655616943,1420.0,1,CHEMBL1933288,Adenosine receptor A2a
C[C@@H]1CC[C@H](c2nc3c4cc(F)cc(F)c4nc(N)n3n2)CN1c1cnn(C(C)(CO)CO)c1,8.853871964321762,1.4,1,CHEMBL6024738,Adenosine receptor A2a
C[C@H](CO)NC(=O)c1nc(N[C@@H](C)c2ccccn2)nc2ccsc12,6.522878745280337,300.0,1,CHEMBL5911819,Adenosine receptor A2a
C[C@H](NC(=O)c1nc(-c2cc(Cl)c3[nH]ncc3c2)c(-c2ccn(C)n2)nc1N)c1ccccn1,8.795880017344075,1.6,1,CHEMBL5986528,Adenosine receptor A2a
C[C@H](NC(=O)c1nc(-c2cc(Cl)c3ncccc3c2)c(-c2ccccc2)nc1N)c1cccc(C#N)n1,8.613106777509403,3.25,2,CHEMBL5900907,Adenosine receptor A2a
C[C@H](NC(=O)c1nc(-c2cc(Cl)c3ncccc3c2)c(-c2ccccc2)nc1N)c1ccccn1,8.327902142064282,4.7,1,CHEMBL5898087,Adenosine receptor A2a
C[C@H](NC(=O)c1nc(-c2ccc3[nH]ncc3c2)c(-c2ccn(C)n2)nc1N)c1cccc(C#N)n1,7.920818753952375,12.0,1,CHEMBL5767204,Adenosine receptor A2a
C[C@H](NC(=O)c1nc(-c2ccc3cccnc3c2)c(-c2ccccc2)nc1N)c1ccccn1,8.468521082957745,3.4,1,CHEMBL5996043,Adenosine receptor A2a
C[C@H](NC(=O)c1nc(-c2ccc3ncccc3c2)c(-c2cccc(C#N)c2)nc1N)c1cccc(C#N)n1,7.183063868670834,142.5,2,CHEMBL6002455,Adenosine receptor A2a
C[C@H](NC(=O)c1nc(-c2ccc3ncccc3c2)c(-c2cccc(C#N)c2)nc1N)c1ccccn1,8.42021640338319,3.8,1,CHEMBL5938716,Adenosine receptor A2a
C[C@H](NC(=O)c1nc(-c2ccc3ncccc3c2)c(-c2ccccc2)nc1N)c1cccc(C#N)n1,8.4089353929735,3.9,1,CHEMBL6026851,Adenosine receptor A2a
C[C@H](NC(=O)c1nc(-c2ccc3ncccc3c2)c(-c2ccccc2)nc1N)c1ncccn1,8.809894379144197,1.6,2,CHEMBL5765026,Adenosine receptor A2a
C[C@H](NC(=O)c1nc(-c2ccc3ncccc3c2)c(-c2ccn(C)n2)nc1N)c1ccccn1,8.537602002101044,2.9,1,CHEMBL5975339,Adenosine receptor A2a
C[C@H](NC(=O)c1nc(N[C@@H](C)c2ccccc2)nc2ccsc12)c1ccccc1,6.522878745280337,300.0,1,CHEMBL5791172,Adenosine receptor A2a
C[C@H](NC(=O)c1nc(N[C@@H](C)c2ccccn2)nc2ccsc12)c1ccccn1,7.522878745280337,30.0,1,CHEMBL5911576,Adenosine receptor A2a
C[C@H](NC(=O)c1nc(N[C@@H](C)c2cccnc2)nc2ccsc12)c1cccnc1,7.1249387366083,75.0,1,CHEMBL5854686,Adenosine receptor A2a
C[C@H](NC(=O)c1nc(N[C@@H](C)c2ccncc2)nc2ccsc12)c1ccncc1,6.301029995663981,500.0,1,CHEMBL6022508,Adenosine receptor A2a
C[C@H](Nc1nc(C(=O)C2CC[C@H](N)C2)c2sccc2n1)c1ccccn1,6.301029995663981,500.0,1,CHEMBL6042247,Adenosine receptor A2a
C[C@H](Nc1nc(C(=O)N(C)CCc2ccc(O)cc2)c2sccc2n1)c1cncc(F)c1,6.301029995663981,500.0,1,CHEMBL5908180,Adenosine receptor A2a
C[C@H](Nc1nc(C(=O)N2CC(C(=O)NCCO)C2)c2sccc2n1)c1cncc(F)c1,6.301029995663981,500.0,1,CHEMBL5917595,Adenosine receptor A2a
C[C@H](Nc1nc(C(=O)N2CC(C(=O)NOC(C)(C)C)C2)c2sccc2n1)c1cncc(F)c1,7.1249387366083,75.0,1,CHEMBL5837570,Adenosine receptor A2a
C[C@H](Nc1nc(C(=O)N2CC(C(=O)OC(C)(C)C)C2)c2sccc2n1)c1cncc(F)c1,6.522878745280337,300.0,1,CHEMBL5755180,Adenosine receptor A2a
C[C@H](Nc1nc(C(=O)N2CC(C(N)=O)C2)c2sccc2n1)c1cncc(F)c1,6.301029995663981,500.0,1,CHEMBL6029253,Adenosine receptor A2a
C[C@H](Nc1nc(C(=O)N2CC(C)(NC(=O)C3CC3)C2)c2sccc2n1)c1cncc(F)c1,7.1249387366083,75.0,1,CHEMBL6004901,Adenosine receptor A2a
C[C@H](Nc1nc(C(=O)N2CC(C)(O)C2)c2sccc2n1)c1ccccn1,6.522878745280337,300.0,1,CHEMBL6043626,Adenosine receptor A2a
C[C@H](Nc1nc(C(=O)N2CC(CC(=O)NC(C)(C)C)C2)c2sccc2n1)c1cncc(F)c1,7.522878745280337,30.0,1,CHEMBL5757472,Adenosine receptor A2a
C[C@H](Nc1nc(C(=O)N2CC(CN(C)C(=O)C(C)(C)C)C2)c2sccc2n1)c1cncc(F)c1,7.522878745280337,30.0,1,CHEMBL6005680,Adenosine receptor A2a
C[C@H](Nc1nc(C(=O)N2CC(CN(C)C(=O)CC(C)(C)C)C2)c2sccc2n1)c1cncc(F)c1,7.1249387366083,75.0,1,CHEMBL6007580,Adenosine receptor A2a
C[C@H](Nc1nc(C(=O)N2CC(CN(C)C(=O)OC(C)(C)C)C2)c2sccc2n1)c1cncc(F)c1,6.522878745280337,300.0,1,CHEMBL6044052,Adenosine receptor A2a
C[C@H](Nc1nc(C(=O)N2CC(CN)C2)c2sccc2n1)c1cncc(F)c1,6.301029995663981,500.0,1,CHEMBL5920314,Adenosine receptor A2a
C[C@H](Nc1nc(C(=O)N2CC(CNC(=O)C(C)(C)C)C2)c2sccc2n1)c1cncc(F)c1,6.522878745280337,300.0,1,CHEMBL6001537,Adenosine receptor A2a
C[C@H](Nc1nc(C(=O)N2CC(CNC(=O)N(C)C)C2)c2sccc2n1)c1cncc(F)c1,7.1249387366083,75.0,1,CHEMBL5791042,Adenosine receptor A2a
C[C@H](Nc1nc(C(=O)N2CC(CNC(=O)OC(C)(C)C)C2)c2sccc2n1)c1cncc(F)c1,7.522878745280337,30.0,1,CHEMBL5977243,Adenosine receptor A2a
C[C@H](Nc1nc(C(=O)N2CC(CNC(=O)OCC(C)(C)C)C2)c2sccc2n1)c1cncc(F)c1,7.522878745280337,30.0,1,CHEMBL5913910,Adenosine receptor A2a
C[C@H](Nc1nc(C(=O)N2CC(CNS(C)(=O)=O)C2)c2sccc2n1)c1cncc(F)c1,6.522878745280337,300.0,1,CHEMBL5970677,Adenosine receptor A2a
C[C@H](Nc1nc(C(=O)N2CC(F)(F)C2)c2sccc2n1)c1ccccn1,6.522878745280337,300.0,1,CHEMBL6019365,Adenosine receptor A2a
C[C@H](Nc1nc(C(=O)N2CC(F)(F)C2)c2sccc2n1)c1cccnc1,6.522878745280337,300.0,1,CHEMBL6057131,Adenosine receptor A2a
C[C@H](Nc1nc(C(=O)N2CC(N)C2)c2sccc2n1)c1cncc(F)c1,6.301029995663981,500.0,1,CHEMBL5938799,Adenosine receptor A2a
C[C@H](Nc1nc(C(=O)N2CC(NC(=O)C(C)(C)C(F)(F)F)C2)c2sccc2n1)c1cncc(F)c1,8.0,10.0,1,CHEMBL5899146,Adenosine receptor A2a
C[C@H](Nc1nc(C(=O)N2CC(NC(=O)C(C)(C)C)C2)c2sccc2n1)c1ccccn1,7.522878745280337,30.0,1,CHEMBL6030476,Adenosine receptor A2a
C[C@H](Nc1nc(C(=O)N2CC(NC(=O)C(C)(C)C)C2)c2sccc2n1)c1cncc(Cl)c1,8.0,10.0,1,CHEMBL6021261,Adenosine receptor A2a
C[C@H](Nc1nc(C(=O)N2CC(NC(=O)C(C)(C)C)C2)c2sccc2n1)c1cncc(F)c1,8.0,10.0,1,CHEMBL5980990,Adenosine receptor A2a
C[C@H](Nc1nc(C(=O)N2CC(NC(=O)C3(C#N)CC3)C2)c2sccc2n1)c1cncc(F)c1,7.1249387366083,75.0,1,CHEMBL5926970,Adenosine receptor A2a
C[C@H](Nc1nc(C(=O)N2CC(NC(=O)C3(C(F)(F)F)CC3)C2)c2sccc2n1)c1cncc(F)c1,8.0,10.0,1,CHEMBL5890469,Adenosine receptor A2a
C[C@H](Nc1nc(C(=O)N2CC(NC(=O)C3(C(F)(F)F)CCC3)C2)c2sccc2n1)c1cncc(F)c1,8.0,10.0,1,CHEMBL5866236,Adenosine receptor A2a
C[C@H](Nc1nc(C(=O)N2CC(NC(=O)C3(C)CC3)C2)c2sccc2n1)c1cncc(Cl)c1,7.522878745280337,30.0,1,CHEMBL5763691,Adenosine receptor A2a
C[C@H](Nc1nc(C(=O)N2CC(NC(=O)C3(C)CC3)C2)c2sccc2n1)c1cncc(F)c1,8.0,10.0,1,CHEMBL5744284,Adenosine receptor A2a
C[C@H](Nc1nc(C(=O)N2CC(NC(=O)C3(C)CCC3)C2)c2sccc2n1)c1cncc(Cl)c1,8.0,10.0,1,CHEMBL5753165,Adenosine receptor A2a
C[C@H](Nc1nc(C(=O)N2CC(NC(=O)C3(C)CCC3)C2)c2sccc2n1)c1cncc(F)c1,8.0,10.0,1,CHEMBL5744444,Adenosine receptor A2a
C[C@H](Nc1nc(C(=O)N2CC(NC(=O)C3(C)CCOC3)C2)c2sccc2n1)c1cncc(F)c1,8.0,10.0,1,CHEMBL5986192,Adenosine receptor A2a
C[C@H](Nc1nc(C(=O)N2CC(NC(=O)C34CC(C3)C4)C2)c2sccc2n1)c1cncc(F)c1,8.0,10.0,1,CHEMBL6045799,Adenosine receptor A2a
C[C@H](Nc1nc(C(=O)N2CC(NC(=O)C34CC5CC(CC(C5)C3)C4)C2)c2sccc2n1)c1cncc(F)c1,8.0,10.0,1,CHEMBL5862020,Adenosine receptor A2a
C[C@H](Nc1nc(C(=O)N2CC(NC(=O)C34CCC(CC3)CC4)C2)c2sccc2n1)c1cncc(F)c1,8.0,10.0,1,CHEMBL6032603,Adenosine receptor A2a
C[C@H](Nc1nc(C(=O)N2CC(NC(=O)C3CC(C)(C)C3)C2)c2sccc2n1)c1cncc(F)c1,8.0,10.0,1,CHEMBL5893435,Adenosine receptor A2a
C[C@H](Nc1nc(C(=O)N2CC(NC(=O)C3CC3)C2)c2sccc2n1)c1cncc(F)c1,7.522878745280337,30.0,1,CHEMBL5929413,Adenosine receptor A2a
C[C@H](Nc1nc(C(=O)N2CC(NC(=O)C3CCC(F)(F)CC3)C2)c2sccc2n1)c1cncc(F)c1,7.522878745280337,30.0,1,CHEMBL5994845,Adenosine receptor A2a
C[C@H](Nc1nc(C(=O)N2CC(NC(=O)C3CCCC3)C2)c2sccc2n1)c1cncc(F)c1,8.0,10.0,1,CHEMBL5940810,Adenosine receptor A2a
C[C@H](Nc1nc(C(=O)N2CC(NC(=O)C3CCCCC3)C2)c2sccc2n1)c1cncc(F)c1,8.0,10.0,1,CHEMBL6005974,Adenosine receptor A2a
C[C@H](Nc1nc(C(=O)N2CC(NC(=O)C3CCOC3)C2)c2sccc2n1)c1cncc(F)c1,7.522878745280337,30.0,1,CHEMBL5898399,Adenosine receptor A2a
C[C@H](Nc1nc(C(=O)N2CC(NC(=O)C3CCOCC3)C2)c2sccc2n1)c1cncc(F)c1,7.522878745280337,30.0,1,CHEMBL5885693,Adenosine receptor A2a
C[C@H](Nc1nc(C(=O)N2CC(NC(=O)C3COC3)C2)c2sccc2n1)c1cncc(F)c1,7.1249387366083,75.0,1,CHEMBL5761085,Adenosine receptor A2a
C[C@H](Nc1nc(C(=O)N2CC(NC(=O)CC(C)(C)C)C2)c2sccc2n1)c1cncc(F)c1,7.522878745280337,30.0,1,CHEMBL5962913,Adenosine receptor A2a
C[C@H](Nc1nc(C(=O)N2CC(NC(=O)CCC3CCOCC3)C2)c2sccc2n1)c1cncc(F)c1,7.522878745280337,30.0,1,CHEMBL6059617,Adenosine receptor A2a
C[C@H](Nc1nc(C(=O)N2CC(NC(=O)NC(C)(C)C)C2)c2sccc2n1)c1cncc(F)c1,8.0,10.0,1,CHEMBL5931118,Adenosine receptor A2a
C[C@H](Nc1nc(C(=O)N2CC(NC(=O)NC3CCC3)C2)c2sccc2n1)c1cncc(F)c1,8.0,10.0,1,CHEMBL5867469,Adenosine receptor A2a
C[C@H](Nc1nc(C(=O)N2CC(NC(=O)Nc3ccccc3)C2)c2sccc2n1)c1cncc(F)c1,7.522878745280337,30.0,1,CHEMBL5744336,Adenosine receptor A2a
C[C@H](Nc1nc(C(=O)N2CC(NC(=O)OC(C)(C)C)C2)c2sccc2n1)c1cncc(F)c1,7.522878745280337,30.0,1,CHEMBL6043044,Adenosine receptor A2a
C[C@H](Nc1nc(C(=O)N2CC(NC(=O)OC3CCCC3)C2)c2sccc2n1)c1cncc(F)c1,7.522878745280337,30.0,1,CHEMBL5769043,Adenosine receptor A2a
C[C@H](Nc1nc(C(=O)N2CC(NC(=O)c3ccc(-c4ccccc4)cc3)C2)c2sccc2n1)c1cncc(F)c1,7.522878745280337,30.0,1,CHEMBL5873384,Adenosine receptor A2a
C[C@H](Nc1nc(C(=O)N2CC(NC(=O)c3ccc(C(F)(F)F)o3)C2)c2sccc2n1)c1cncc(F)c1,7.522878745280337,30.0,1,CHEMBL5932058,Adenosine receptor A2a
C[C@H](Nc1nc(C(=O)N2CC(NC(=O)c3ccc(Cl)cc3)C2)c2sccc2n1)c1cncc(F)c1,7.522878745280337,30.0,1,CHEMBL5744221,Adenosine receptor A2a
C[C@H](Nc1nc(C(=O)N2CC(NC(=O)c3ccc(F)c(F)c3)C2)c2sccc2n1)c1cncc(F)c1,7.522878745280337,30.0,1,CHEMBL6004183,Adenosine receptor A2a
C[C@H](Nc1nc(C(=O)N2CC(NC(=O)c3cccc(C(F)(F)F)c3)C2)c2sccc2n1)c1cncc(F)c1,7.522878745280337,30.0,1,CHEMBL5805941,Adenosine receptor A2a
C[C@H](Nc1nc(C(=O)N2CC(NC(=O)c3cccc(Cl)c3)C2)c2sccc2n1)c1cncc(F)c1,8.0,10.0,1,CHEMBL5892463,Adenosine receptor A2a
C[C@H](Nc1nc(C(=O)N2CC(NC(=O)c3cccc(F)c3)C2)c2sccc2n1)c1cncc(F)c1,8.0,10.0,1,CHEMBL6065948,Adenosine receptor A2a
C[C@H](Nc1nc(C(=O)N2CC(NC(=O)c3ccccc3)C2)c2sccc2n1)c1cncc(F)c1,7.522878745280337,30.0,1,CHEMBL6035472,Adenosine receptor A2a
C[C@H](Nc1nc(C(=O)N2CC(NC(=O)c3ccccc3F)C2)c2sccc2n1)c1cncc(F)c1,8.0,10.0,1,CHEMBL6033528,Adenosine receptor A2a
C[C@H](Nc1nc(C(=O)N2CC(NC(=O)c3cccnc3)C2)c2sccc2n1)c1cncc(F)c1,7.1249387366083,75.0,1,CHEMBL5880906,Adenosine receptor A2a
C[C@H](Nc1nc(C(=O)N2CC(NC(=O)c3ccncc3)C2)c2sccc2n1)c1cncc(F)c1,7.1249387366083,75.0,1,CHEMBL5808923,Adenosine receptor A2a
C[C@H](Nc1nc(C(=O)N2CC(NC(=O)c3ccoc3)C2)c2sccc2n1)c1cncc(F)c1,7.522878745280337,30.0,1,CHEMBL5806060,Adenosine receptor A2a
C[C@H](Nc1nc(C(=O)N2CC(O)C2)c2sc(N)cc2n1)c1ccccn1,6.522878745280337,300.0,1,CHEMBL6006340,Adenosine receptor A2a
C[C@H](Nc1nc(C(=O)N2CC(O)C2)c2sc(N)cc2n1)c1cccnc1,6.301029995663981,500.0,1,CHEMBL5883511,Adenosine receptor A2a
C[C@H](Nc1nc(C(=O)N2CC(O)C2)c2sccc2n1)c1ccccn1,6.522878745280337,300.0,1,CHEMBL6004096,Adenosine receptor A2a
C[C@H](Nc1nc(C(=O)N2CC(O)C2)c2sccc2n1)c1cccnc1,6.522878745280337,300.0,1,CHEMBL5952310,Adenosine receptor A2a
C[C@H](Nc1nc(C(=O)N2CC(O)C2)c2sccc2n1)c1cncc(F)c1,6.522878745280337,300.0,1,CHEMBL5996505,Adenosine receptor A2a
C[C@H](Nc1nc(C(=O)N2CC3(COC3)C2)c2sccc2n1)c1cccnc1,6.522878745280337,300.0,1,CHEMBL5797749,Adenosine receptor A2a
C[C@H](Nc1nc(C(=O)N2CCC(C(=O)NC(C)(C)C)C2)c2sccc2n1)c1cncc(F)c1,6.522878745280337,300.0,1,CHEMBL5772122,Adenosine receptor A2a
C[C@H](Nc1nc(C(=O)N2CCC(C(=O)NCC(C)(C)C)C2)c2sccc2n1)c1cncc(F)c1,8.0,10.0,1,CHEMBL5836797,Adenosine receptor A2a
C[C@H](Nc1nc(C(=O)N2CCC(C(=O)O)C2)c2sccc2n1)c1ccccn1,6.301029995663981,500.0,1,CHEMBL5767689,Adenosine receptor A2a
C[C@H](Nc1nc(C(=O)N2CCC(C(=O)O)C2)c2sccc2n1)c1cncc(F)c1,6.301029995663981,500.0,1,CHEMBL6062127,Adenosine receptor A2a
C[C@H](Nc1nc(C(=O)N2CCC(C(=O)OC(C)(C)C)C2)c2sccc2n1)c1ccccn1,6.301029995663981,500.0,1,CHEMBL5784599,Adenosine receptor A2a
C[C@H](Nc1nc(C(=O)N2CCC(C(=O)OC(C)(C)C)C2)c2sccc2n1)c1cncc(F)c1,6.522878745280337,300.0,1,CHEMBL5903387,Adenosine receptor A2a
C[C@H](Nc1nc(C(=O)N2CCC(C)(C)C2)c2sccc2n1)c1cccnc1,6.522878745280337,300.0,1,CHEMBL5869198,Adenosine receptor A2a
C[C@H](Nc1nc(C(=O)N2CCC(F)(F)C2)c2sccc2n1)c1ccccn1,6.522878745280337,300.0,1,CHEMBL5926325,Adenosine receptor A2a
C[C@H](Nc1nc(C(=O)N2CCC(F)(F)C2)c2sccc2n1)c1cccnc1,6.522878745280337,300.0,1,CHEMBL5896564,Adenosine receptor A2a
C[C@H](Nc1nc(C(=O)N2CCC2)c2sc(N)cc2n1)c1ccccn1,6.522878745280337,300.0,1,CHEMBL5784828,Adenosine receptor A2a
C[C@H](Nc1nc(C(=O)N2CCC2)c2sc(N)cc2n1)c1cccnc1,6.522878745280337,300.0,1,CHEMBL5991411,Adenosine receptor A2a
C[C@H](Nc1nc(C(=O)N2CCC2)c2sc(N)cc2n1)c1cncc(F)c1,7.1249387366083,75.0,1,CHEMBL5769029,Adenosine receptor A2a
C[C@H](Nc1nc(C(=O)N2CCC2)c2sccc2n1)c1cccc(F)c1,7.1249387366083,75.0,1,CHEMBL5988525,Adenosine receptor A2a
C[C@H](Nc1nc(C(=O)N2CCC2)c2sccc2n1)c1ccccn1,7.1249387366083,75.0,1,CHEMBL5952551,Adenosine receptor A2a
C[C@H](Nc1nc(C(=O)N2CCC2)c2sccc2n1)c1cccnc1,6.522878745280337,300.0,1,CHEMBL6056860,Adenosine receptor A2a
C[C@H](Nc1nc(C(=O)N2CCC2)c2sccc2n1)c1cncc(Cl)c1,6.522878745280337,300.0,1,CHEMBL6021412,Adenosine receptor A2a
C[C@H](Nc1nc(C(=O)N2CCC2)c2sccc2n1)c1cncc(F)c1,7.1249387366083,75.0,1,CHEMBL5984646,Adenosine receptor A2a
C[C@H](Nc1nc(C(=O)N2CCCC2)c2sc(C(F)(F)F)cc2n1)c1cccnc1,6.301029995663981,500.0,1,CHEMBL6034748,Adenosine receptor A2a
C[C@H](Nc1nc(C(=O)N2CCCC2)c2sc(N)cc2n1)c1cncc(F)c1,6.522878745280337,300.0,1,CHEMBL5750437,Adenosine receptor A2a
C[C@H](Nc1nc(C(=O)N2CCCC2)c2sccc2n1)c1cccc(F)c1,6.522878745280337,300.0,1,CHEMBL5829433,Adenosine receptor A2a
C[C@H](Nc1nc(C(=O)N2CCCC2)c2sccc2n1)c1ccccn1,7.1249387366083,75.0,1,CHEMBL5821559,Adenosine receptor A2a
C[C@H](Nc1nc(C(=O)N2CCCC2)c2sccc2n1)c1cccnc1,6.329754146925876,468.0,1,CHEMBL1079894,Adenosine receptor A2a
C[C@H](Nc1nc(C(=O)N2CCCC2)c2sccc2n1)c1ccnc(F)c1,6.522878745280337,300.0,1,CHEMBL6062606,Adenosine receptor A2a
C[C@H](Nc1nc(C(=O)N2CCCC2)c2sccc2n1)c1ccncc1,6.522878745280337,300.0,1,CHEMBL5805811,Adenosine receptor A2a
C[C@H](Nc1nc(C(=O)N2CCCC2)c2sccc2n1)c1cncc(Cl)c1,6.522878745280337,300.0,1,CHEMBL5911177,Adenosine receptor A2a
C[C@H](Nc1nc(C(=O)N2CCCC2)c2sccc2n1)c1cncc(F)c1,6.522878745280337,300.0,1,CHEMBL5939109,Adenosine receptor A2a
C[C@H](Nc1nc(C(=O)N2CCCCC2)c2sccc2n1)c1cccnc1,6.301029995663981,500.0,1,CHEMBL6003556,Adenosine receptor A2a
C[C@H](Nc1nc(C(=O)N2CCCOC2)c2sccc2n1)c1ccccn1,6.301029995663981,500.0,1,CHEMBL5993751,Adenosine receptor A2a
C[C@H](Nc1nc(C(=O)N2CCC[C@@H]2C)c2sccc2n1)c1cccnc1,6.522878745280337,300.0,1,CHEMBL5893012,Adenosine receptor A2a
C[C@H](Nc1nc(C(=O)N2CCC[C@@H]2C)c2sccc2n1)c1cncc(F)c1,6.522878745280337,300.0,1,CHEMBL5860246,Adenosine receptor A2a
C[C@H](Nc1nc(C(=O)N2CCC[C@@H]2CO)c2sccc2n1)c1cccnc1,6.301029995663981,500.0,1,CHEMBL5835842,Adenosine receptor A2a
C[C@H](Nc1nc(C(=O)N2CCC[C@H]2C)c2sccc2n1)c1cccnc1,6.301029995663981,500.0,1,CHEMBL5876010,Adenosine receptor A2a
C[C@H](Nc1nc(C(=O)N2CCC[C@H]2C)c2sccc2n1)c1cncc(F)c1,6.522878745280337,300.0,1,CHEMBL6009004,Adenosine receptor A2a
C[C@H](Nc1nc(C(=O)N2CCC[C@H]2CO)c2sccc2n1)c1cccnc1,6.301029995663981,500.0,1,CHEMBL5977859,Adenosine receptor A2a
C[C@H](Nc1nc(C(=O)N2CCN(C(=O)C(C)(C)C)C2)c2sccc2n1)c1cncc(F)c1,6.301029995663981,500.0,1,CHEMBL5745093,Adenosine receptor A2a
C[C@H](Nc1nc(C(=O)N2CCN(C(=O)N(C)C)C2)c2sccc2n1)c1cncc(F)c1,6.522878745280337,300.0,1,CHEMBL5993831,Adenosine receptor A2a
C[C@H](Nc1nc(C(=O)N2CCN(C(=O)OC(C)(C)C)C2)c2sccc2n1)c1cccnc1,6.301029995663981,500.0,1,CHEMBL5766258,Adenosine receptor A2a
C[C@H](Nc1nc(C(=O)N2CCN(C(=O)OC(C)(C)C)C2)c2sccc2n1)c1cncc(F)c1,6.301029995663981,500.0,1,CHEMBL5907437,Adenosine receptor A2a
C[C@H](Nc1nc(C(=O)N2CCN(C(=O)OCC(C)(C)C)C2)c2sccc2n1)c1cncc(F)c1,6.301029995663981,500.0,1,CHEMBL5833610,Adenosine receptor A2a
C[C@H](Nc1nc(C(=O)N2CCN(CCCc3ccccc3)CC2)c2sccc2n1)c1cccnc1,6.301029995663981,500.0,1,CHEMBL6048633,Adenosine receptor A2a
C[C@H](Nc1nc(C(=O)N2CCNC2)c2sccc2n1)c1cccnc1,6.301029995663981,500.0,1,CHEMBL5971722,Adenosine receptor A2a
C[C@H](Nc1nc(C(=O)N2CCNC2)c2sccc2n1)c1cncc(F)c1,6.301029995663981,500.0,1,CHEMBL5889254,Adenosine receptor A2a
C[C@H](Nc1nc(C(=O)N2CCOC2)c2sccc2n1)c1ccccn1,6.522878745280337,300.0,1,CHEMBL5959003,Adenosine receptor A2a
C[C@H](Nc1nc(C(=O)N2CCOCC2)c2sccc2n1)c1cccnc1,6.301029995663981,500.0,1,CHEMBL6004862,Adenosine receptor A2a
C[C@H](Nc1nc(C(=O)N2CC[C@@H](C(=O)NOC3CCCC3)C2)c2sccc2n1)c1cncc(F)c1,8.0,10.0,1,CHEMBL5955446,Adenosine receptor A2a
C[C@H](Nc1nc(C(=O)N2CC[C@@H](CO)C2)c2sccc2n1)c1cccnc1,6.522878745280337,300.0,1,CHEMBL5815516,Adenosine receptor A2a
C[C@H](Nc1nc(C(=O)N2CC[C@@H](CO)C2)c2sccc2n1)c1cncc(F)c1,6.522878745280337,300.0,1,CHEMBL5903882,Adenosine receptor A2a
C[C@H](Nc1nc(C(=O)N2CC[C@@H](F)C2)c2sc(N)cc2n1)c1ccccn1,6.522878745280337,300.0,1,CHEMBL6001990,Adenosine receptor A2a
C[C@H](Nc1nc(C(=O)N2CC[C@@H](F)C2)c2sc(N)cc2n1)c1cccnc1,6.522878745280337,300.0,1,CHEMBL5979159,Adenosine receptor A2a
C[C@H](Nc1nc(C(=O)N2CC[C@@H](F)C2)c2sccc2n1)c1ccccn1,7.522878745280337,30.0,1,CHEMBL5976255,Adenosine receptor A2a
C[C@H](Nc1nc(C(=O)N2CC[C@@H](F)C2)c2sccc2n1)c1cccnc1,6.522878745280337,300.0,1,CHEMBL5903320,Adenosine receptor A2a
C[C@H](Nc1nc(C(=O)N2CC[C@@H](F)C2)c2sccc2n1)c1cncc(F)c1,6.522878745280337,300.0,1,CHEMBL6009071,Adenosine receptor A2a
C[C@H](Nc1nc(C(=O)N2CC[C@@H](N)C2)c2sccc2n1)c1ccccn1,6.301029995663981,500.0,1,CHEMBL5989605,Adenosine receptor A2a
C[C@H](Nc1nc(C(=O)N2CC[C@@H](N)C2)c2sccc2n1)c1cccnc1,6.301029995663981,500.0,1,CHEMBL5808442,Adenosine receptor A2a
C[C@H](Nc1nc(C(=O)N2CC[C@@H](NC(=O)OC(C)(C)C)C2)c2sccc2n1)c1ccccn1,6.522878745280337,300.0,1,CHEMBL6028644,Adenosine receptor A2a
C[C@H](Nc1nc(C(=O)N2CC[C@@H](NC(=O)OC(C)(C)C)C2)c2sccc2n1)c1cccnc1,6.522878745280337,300.0,1,CHEMBL6029669,Adenosine receptor A2a
C[C@H](Nc1nc(C(=O)N2CC[C@@H](O)C2)c2sc(C(F)(F)F)cc2n1)c1ccccn1,6.301029995663981,500.0,1,CHEMBL5970886,Adenosine receptor A2a
C[C@H](Nc1nc(C(=O)N2CC[C@@H](O)C2)c2sc(C(F)(F)F)cc2n1)c1cccnc1,6.301029995663981,500.0,1,CHEMBL5873095,Adenosine receptor A2a
C[C@H](Nc1nc(C(=O)N2CC[C@@H](O)C2)c2sc(C(F)(F)F)cc2n1)c1cncc(F)c1,6.301029995663981,500.0,1,CHEMBL5787556,Adenosine receptor A2a
C[C@H](Nc1nc(C(=O)N2CC[C@@H](O)C2)c2sc(N)cc2n1)c1ccccn1,6.301029995663981,500.0,1,CHEMBL6000598,Adenosine receptor A2a
C[C@H](Nc1nc(C(=O)N2CC[C@@H](O)C2)c2sc(N)cc2n1)c1cccnc1,6.301029995663981,500.0,1,CHEMBL6013424,Adenosine receptor A2a
C[C@H](Nc1nc(C(=O)N2CC[C@@H](O)C2)c2sc(N)cc2n1)c1cncc(F)c1,6.522878745280337,300.0,1,CHEMBL5852286,Adenosine receptor A2a
C[C@H](Nc1nc(C(=O)N2CC[C@@H](O)C2)c2sccc2n1)c1cccc(F)c1,6.522878745280337,300.0,1,CHEMBL5888362,Adenosine receptor A2a
C[C@H](Nc1nc(C(=O)N2CC[C@@H](O)C2)c2sccc2n1)c1ccccn1,6.522878745280337,300.0,1,CHEMBL5837744,Adenosine receptor A2a
C[C@H](Nc1nc(C(=O)N2CC[C@@H](O)C2)c2sccc2n1)c1cccnc1,6.301029995663981,500.0,1,CHEMBL5769755,Adenosine receptor A2a
C[C@H](Nc1nc(C(=O)N2CC[C@@H](O)C2)c2sccc2n1)c1ccnc(F)c1,6.301029995663981,500.0,1,CHEMBL5880220,Adenosine receptor A2a
C[C@H](Nc1nc(C(=O)N2CC[C@@H](O)C2)c2sccc2n1)c1cncc(Cl)c1,6.301029995663981,500.0,1,CHEMBL5865066,Adenosine receptor A2a
C[C@H](Nc1nc(C(=O)N2CC[C@@H](O)C2)c2sccc2n1)c1cncc(F)c1,6.301029995663981,500.0,1,CHEMBL5746188,Adenosine receptor A2a
C[C@H](Nc1nc(C(=O)N2CC[C@@H](S(C)(=O)=O)C2)c2sccc2n1)c1ccccn1,6.301029995663981,500.0,1,CHEMBL5817961,Adenosine receptor A2a
C[C@H](Nc1nc(C(=O)N2CC[C@@H](S(C)(=O)=O)C2)c2sccc2n1)c1cccnc1,6.301029995663981,500.0,1,CHEMBL5992269,Adenosine receptor A2a
C[C@H](Nc1nc(C(=O)N2CC[C@H](CO)C2)c2sccc2n1)c1cccnc1,6.522878745280337,300.0,1,CHEMBL5974533,Adenosine receptor A2a
C[C@H](Nc1nc(C(=O)N2CC[C@H](CO)C2)c2sccc2n1)c1cncc(F)c1,6.522878745280337,300.0,1,CHEMBL6060791,Adenosine receptor A2a
C[C@H](Nc1nc(C(=O)N2CC[C@H](F)C2)c2sc(N)cc2n1)c1cccnc1,6.522878745280337,300.0,1,CHEMBL5878466,Adenosine receptor A2a
C[C@H](Nc1nc(C(=O)N2CC[C@H](F)C2)c2sccc2n1)c1ccccn1,7.1249387366083,75.0,1,CHEMBL6017463,Adenosine receptor A2a
C[C@H](Nc1nc(C(=O)N2CC[C@H](F)C2)c2sccc2n1)c1cccnc1,7.1249387366083,75.0,1,CHEMBL5779510,Adenosine receptor A2a
C[C@H](Nc1nc(C(=O)N2CC[C@H](F)C2)c2sccc2n1)c1cncc(F)c1,6.522878745280337,300.0,1,CHEMBL5956234,Adenosine receptor A2a
C[C@H](Nc1nc(C(=O)N2CC[C@H](N)C2)c2sccc2n1)c1cccnc1,6.301029995663981,500.0,1,CHEMBL5900026,Adenosine receptor A2a
C[C@H](Nc1nc(C(=O)N2CC[C@H](N)C2)c2sccc2n1)c1cncc(F)c1,6.301029995663981,500.0,1,CHEMBL6054240,Adenosine receptor A2a
C[C@H](Nc1nc(C(=O)N2CC[C@H](NC(=O)OC(C)(C)C)C2)c2sccc2n1)c1ccccn1,7.1249387366083,75.0,1,CHEMBL5761672,Adenosine receptor A2a
C[C@H](Nc1nc(C(=O)N2CC[C@H](NC(=O)OC(C)(C)C)C2)c2sccc2n1)c1cccnc1,7.1249387366083,75.0,1,CHEMBL5756626,Adenosine receptor A2a
C[C@H](Nc1nc(C(=O)N2CC[C@H](NC(=O)OCc3ccccc3)C2)c2sccc2n1)c1cncc(F)c1,6.301029995663981,500.0,1,CHEMBL5769855,Adenosine receptor A2a
C[C@H](Nc1nc(C(=O)N2CC[C@H](O)C2)c2sc(C(F)(F)F)cc2n1)c1cccnc1,6.301029995663981,500.0,1,CHEMBL5992689,Adenosine receptor A2a
C[C@H](Nc1nc(C(=O)N2CC[C@H](O)C2)c2sc(C(F)(F)F)cc2n1)c1cncc(F)c1,6.301029995663981,500.0,1,CHEMBL5962614,Adenosine receptor A2a
C[C@H](Nc1nc(C(=O)N2CC[C@H](O)C2)c2sc(N)cc2n1)c1cccnc1,6.301029995663981,500.0,1,CHEMBL5981816,Adenosine receptor A2a
C[C@H](Nc1nc(C(=O)N2CC[C@H](O)C2)c2sccc2n1)c1cccc(F)c1,6.522878745280337,300.0,1,CHEMBL5775471,Adenosine receptor A2a
C[C@H](Nc1nc(C(=O)N2CC[C@H](O)C2)c2sccc2n1)c1ccccn1,6.301029995663981,500.0,1,CHEMBL6005753,Adenosine receptor A2a
C[C@H](Nc1nc(C(=O)N2CC[C@H](O)C2)c2sccc2n1)c1cccnc1,6.301029995663981,500.0,1,CHEMBL5762119,Adenosine receptor A2a
C[C@H](Nc1nc(C(=O)N2CC[C@H](O)C2)c2sccc2n1)c1ccnc(F)c1,6.301029995663981,500.0,1,CHEMBL5925776,Adenosine receptor A2a
C[C@H](Nc1nc(C(=O)N2CC[C@H](O)C2)c2sccc2n1)c1cncc(Cl)c1,6.301029995663981,500.0,1,CHEMBL6013567,Adenosine receptor A2a
C[C@H](Nc1nc(C(=O)N2CC[C@H](O)C2)c2sccc2n1)c1cncc(F)c1,6.301029995663981,500.0,1,CHEMBL5975307,Adenosine receptor A2a
C[C@H](Nc1nc(C(=O)N2CC[C@H](S(C)(=O)=O)C2)c2sccc2n1)c1ccccn1,6.522878745280337,300.0,1,CHEMBL5990564,Adenosine receptor A2a
C[C@H](Nc1nc(C(=O)NC(C)(C)C)c2sccc2n1)c1ccccn1,7.1249387366083,75.0,1,CHEMBL6024674,Adenosine receptor A2a
C[C@H](Nc1nc(C(=O)NC(CO)c2cccnc2)c2sccc2n1)c1ccccn1,6.522878745280337,300.0,1,CHEMBL5792030,Adenosine receptor A2a
C[C@H](Nc1nc(C(=O)NC2CC(O)C2)c2sccc2n1)c1ccccn1,7.022878745280337,165.0,2,CHEMBL5954665,Adenosine receptor A2a
C[C@H](Nc1nc(C(=O)NC2CC(O)C2)c2sccc2n1)c1cncc(Cl)c1,6.712984366136141,287.5,2,CHEMBL6013039,Adenosine receptor A2a
C[C@H](Nc1nc(C(=O)NC2CC2)c2sccc2n1)c1ccccn1,7.522878745280337,30.0,1,CHEMBL6062375,Adenosine receptor A2a
C[C@H](Nc1nc(C(=O)NC2CCC2)c2sccc2n1)c1ccccn1,7.522878745280337,30.0,1,CHEMBL6054676,Adenosine receptor A2a
C[C@H](Nc1nc(C(=O)NC2CCCC2)c2sccc2n1)c1ccccn1,7.522878745280337,30.0,1,CHEMBL5795646,Adenosine receptor A2a
C[C@H](Nc1nc(C(=O)NC2CCN(C(=O)OC(C)(C)C)C2)c2sccc2n1)c1ccccn1,7.522878745280337,30.0,2,CHEMBL5997583,Adenosine receptor A2a
C[C@H](Nc1nc(C(=O)NC2CCNC2)c2sccc2n1)c1ccccn1,6.301029995663981,500.0,1,CHEMBL6013871,Adenosine receptor A2a
C[C@H](Nc1nc(C(=O)NC2CC[C@@H](O)C2)c2sccc2n1)c1ccccn1,6.522878745280337,300.0,1,CHEMBL5755471,Adenosine receptor A2a
C[C@H](Nc1nc(C(=O)NC2CC[C@@H](O)C2)c2sccc2n1)c1cncc(F)c1,7.522878745280337,30.0,1,CHEMBL5849430,Adenosine receptor A2a
C[C@H](Nc1nc(C(=O)NC2CN(C(=O)C(C)(C)C)C2)c2sccc2n1)c1cncc(F)c1,6.522878745280337,300.0,1,CHEMBL5751744,Adenosine receptor A2a
C[C@H](Nc1nc(C(=O)NC2CN(C(=O)OC(C)(C)C)C2)c2sccc2n1)c1ccccn1,7.1249387366083,75.0,1,CHEMBL5781801,Adenosine receptor A2a
C[C@H](Nc1nc(C(=O)NC2CNC2)c2sccc2n1)c1cncc(F)c1,6.301029995663981,500.0,1,CHEMBL5785016,Adenosine receptor A2a
C[C@H](Nc1nc(C(=O)NC2COC2)c2sccc2n1)c1ccccn1,6.522878745280337,300.0,1,CHEMBL6012269,Adenosine receptor A2a
C[C@H](Nc1nc(C(=O)NCC(C)(C)O)c2sccc2n1)c1ccccn1,6.301029995663981,500.0,1,CHEMBL5920973,Adenosine receptor A2a
C[C@H](Nc1nc(C(=O)NCC(C)(C)O)c2sccc2n1)c1cncc(F)c1,6.522878745280337,300.0,1,CHEMBL5763346,Adenosine receptor A2a
C[C@H](Nc1nc(C(=O)NCC(F)(F)F)c2sccc2n1)c1ccccn1,7.1249387366083,75.0,1,CHEMBL5955472,Adenosine receptor A2a
C[C@H](Nc1nc(C(=O)NCC(F)(F)F)c2sccc2n1)c1cncc(F)c1,6.522878745280337,300.0,1,CHEMBL5740009,Adenosine receptor A2a
C[C@H](Nc1nc(C(=O)NCC2CCC2)c2sccc2n1)c1ccccn1,7.1249387366083,75.0,1,CHEMBL5870810,Adenosine receptor A2a
C[C@H](Nc1nc(C(=O)NCC2CCCN2C(=O)OC(C)(C)C)c2sccc2n1)c1ccccn1,6.301029995663981,500.0,1,CHEMBL5778095,Adenosine receptor A2a
C[C@H](Nc1nc(C(=O)NCC2CCN(CCc3ccccc3)CC2)c2sccc2n1)c1ccccn1,6.301029995663981,500.0,1,CHEMBL6065412,Adenosine receptor A2a
C[C@H](Nc1nc(C(=O)NCC2CCN(Cc3ccccc3)CC2)c2sccc2n1)c1ccccn1,6.522878745280337,300.0,1,CHEMBL5845104,Adenosine receptor A2a
C[C@H](Nc1nc(C(=O)NCC2CCN(Cc3ccccc3)CC2)c2sccc2n1)c1cccnc1,6.522878745280337,300.0,1,CHEMBL6011129,Adenosine receptor A2a
C[C@H](Nc1nc(C(=O)NCC2CCOCC2)c2sccc2n1)c1ccccn1,6.522878745280337,300.0,1,CHEMBL5986196,Adenosine receptor A2a
C[C@H](Nc1nc(C(=O)NCC2CCOCC2)c2sccc2n1)c1cncc(F)c1,6.823908740944319,187.5,2,CHEMBL6032065,Adenosine receptor A2a
C[C@H](Nc1nc(C(=O)NCCC2CC(C(=O)OC(C)(C)C)C2)c2sccc2n1)c1ccccn1,6.522878745280337,300.0,1,CHEMBL5973173,Adenosine receptor A2a
C[C@H](Nc1nc(C(=O)NCCC2CCCC2)c2sccc2n1)c1ccccn1,7.1249387366083,75.0,1,CHEMBL5950652,Adenosine receptor A2a
C[C@H](Nc1nc(C(=O)NCCC2CCN(C(=O)OC(C)(C)C)C2)c2sccc2n1)c1ccccn1,7.1249387366083,75.0,1,CHEMBL5952173,Adenosine receptor A2a
C[C@H](Nc1nc(C(=O)NCCC2CCN(C(=O)OC(C)(C)C)C2)c2sccc2n1)c1cncc(F)c1,7.1249387366083,75.0,1,CHEMBL5944809,Adenosine receptor A2a
C[C@H](Nc1nc(C(=O)NCCC2CCN(C(=O)OC(C)(C)C)CC2)c2sccc2n1)c1ccccn1,6.522878745280337,300.0,1,CHEMBL5892388,Adenosine receptor A2a
C[C@H](Nc1nc(C(=O)NCCC2CCN(C(=O)OC(C)(C)C)CC2)c2sccc2n1)c1cncc(F)c1,6.522878745280337,300.0,1,CHEMBL5909090,Adenosine receptor A2a
C[C@H](Nc1nc(C(=O)NCCC2CCNC2)c2sccc2n1)c1ccccn1,6.301029995663981,500.0,1,CHEMBL5866312,Adenosine receptor A2a
C[C@H](Nc1nc(C(=O)NCCC2CCNC2)c2sccc2n1)c1cncc(F)c1,6.301029995663981,500.0,1,CHEMBL6044906,Adenosine receptor A2a
C[C@H](Nc1nc(C(=O)NCCC2CNC2)c2sccc2n1)c1ccccn1,6.301029995663981,500.0,1,CHEMBL5879418,Adenosine receptor A2a
C[C@H](Nc1nc(C(=O)NCCN)c2sccc2n1)c1cncc(F)c1,6.301029995663981,500.0,1,CHEMBL5885610,Adenosine receptor A2a
C[C@H](Nc1nc(C(=O)NCCN2CCCC2)c2sccc2n1)c1ccccn1,6.301029995663981,500.0,1,CHEMBL6055222,Adenosine receptor A2a
C[C@H](Nc1nc(C(=O)NCCN2CCCC2)c2sccc2n1)c1cncc(F)c1,6.301029995663981,500.0,1,CHEMBL6041562,Adenosine receptor A2a
C[C@H](Nc1nc(C(=O)NCCNC(=O)C(C)(C)C)c2sccc2n1)c1cncc(F)c1,6.522878745280337,300.0,1,CHEMBL6024904,Adenosine receptor A2a
C[C@H](Nc1nc(C(=O)NCCNS(C)(=O)=O)c2sccc2n1)c1cncc(F)c1,6.301029995663981,500.0,1,CHEMBL5838725,Adenosine receptor A2a
C[C@H](Nc1nc(C(=O)NCCO)c2sc(N)cc2n1)c1ccccn1,6.301029995663981,500.0,1,CHEMBL5933568,Adenosine receptor A2a
C[C@H](Nc1nc(C(=O)NCCO)c2sccc2n1)c1ccccn1,6.522878745280337,300.0,1,CHEMBL5812420,Adenosine receptor A2a
C[C@H](Nc1nc(C(=O)NCCO)c2sccc2n1)c1cccnc1,6.522878745280337,300.0,1,CHEMBL5947343,Adenosine receptor A2a
C[C@H](Nc1nc(C(=O)NCCO)c2sccc2n1)c1cncc(Cl)c1,6.301029995663981,500.0,1,CHEMBL5809555,Adenosine receptor A2a
C[C@H](Nc1nc(C(=O)NCCO)c2sccc2n1)c1cncc(F)c1,6.522878745280337,300.0,1,CHEMBL6033132,Adenosine receptor A2a
C[C@H](Nc1nc(C(=O)NCCS(C)(=O)=O)c2sccc2n1)c1ccccn1,6.522878745280337,300.0,1,CHEMBL5958542,Adenosine receptor A2a
C[C@H](Nc1nc(C(=O)NCCc2ccc(C(=O)O)cc2)c2sccc2n1)c1cncc(F)c1,6.301029995663981,500.0,1,CHEMBL5757810,Adenosine receptor A2a
C[C@H](Nc1nc(C(=O)NCCc2ccc(CO)cc2)c2sccc2n1)c1cncc(F)c1,6.522878745280337,300.0,1,CHEMBL5884317,Adenosine receptor A2a
C[C@H](Nc1nc(C(=O)NCCc2ccc(Cl)cc2)c2sccc2n1)c1cncc(F)c1,6.301029995663981,500.0,1,CHEMBL6003074,Adenosine receptor A2a
C[C@H](Nc1nc(C(=O)NCCc2ccc(N)cc2)c2sccc2n1)c1cncc(F)c1,6.301029995663981,500.0,1,CHEMBL6036572,Adenosine receptor A2a
C[C@H](Nc1nc(C(=O)NCCc2ccc(NC(=O)OC(C)(C)C)cc2)c2sccc2n1)c1cncc(F)c1,6.301029995663981,500.0,1,CHEMBL6044824,Adenosine receptor A2a
C[C@H](Nc1nc(C(=O)NCCc2ccc(O)cc2)c2sccc2n1)c1ccccn1,6.522878745280337,300.0,1,CHEMBL5999255,Adenosine receptor A2a
C[C@H](Nc1nc(C(=O)NCCc2ccc(O)cc2)c2sccc2n1)c1ccnc(F)c1,6.522878745280337,300.0,1,CHEMBL5775158,Adenosine receptor A2a
C[C@H](Nc1nc(C(=O)NCCc2ccc(O)cc2)c2sccc2n1)c1cncc(F)c1,6.522878745280337,300.0,1,CHEMBL5760433,Adenosine receptor A2a
C[C@H](Nc1nc(C(=O)NCCc2ccc(S(C)(=O)=O)cc2)c2sccc2n1)c1cncc(F)c1,6.301029995663981,500.0,1,CHEMBL5871801,Adenosine receptor A2a
C[C@H](Nc1nc(C(=O)NCCc2ccc(S(N)(=O)=O)cc2)c2sccc2n1)c1cncc(F)c1,6.301029995663981,500.0,1,CHEMBL5914426,Adenosine receptor A2a
C[C@H](Nc1nc(C(=O)NCCc2cccc(C#N)c2)c2sccc2n1)c1cncc(F)c1,6.301029995663981,500.0,1,CHEMBL5773696,Adenosine receptor A2a
C[C@H](Nc1nc(C(=O)NCCc2cccc(O)c2)c2sccc2n1)c1ccccn1,6.522878745280337,300.0,1,CHEMBL6031428,Adenosine receptor A2a
C[C@H](Nc1nc(C(=O)NCCc2cccc(O)c2)c2sccc2n1)c1cccnc1,6.522878745280337,300.0,1,CHEMBL5887205,Adenosine receptor A2a
C[C@H](Nc1nc(C(=O)NCCc2cccc(O)c2)c2sccc2n1)c1cncc(F)c1,7.522878745280337,30.0,1,CHEMBL6029192,Adenosine receptor A2a
C[C@H](Nc1nc(C(=O)NCCc2cccc(Oc3ccccc3)c2)c2sccc2n1)c1cncc(F)c1,6.301029995663981,500.0,1,CHEMBL5798440,Adenosine receptor A2a
C[C@H](Nc1nc(C(=O)NCCc2ccccc2O)c2sccc2n1)c1cncc(F)c1,6.522878745280337,300.0,1,CHEMBL5974576,Adenosine receptor A2a
C[C@H](Nc1nc(C(=O)NCCc2ccncc2)c2sccc2n1)c1cncc(F)c1,6.301029995663981,500.0,1,CHEMBL5766014,Adenosine receptor A2a
C[C@H](Nc1nc(C(=O)NC[C@@H](C)O)c2sc(C(F)(F)F)cc2n1)c1cccnc1,6.301029995663981,500.0,1,CHEMBL5742503,Adenosine receptor A2a
C[C@H](Nc1nc(C(=O)NC[C@@H](C)O)c2sc(C(F)(F)F)cc2n1)c1cncc(F)c1,6.301029995663981,500.0,1,CHEMBL5885136,Adenosine receptor A2a
C[C@H](Nc1nc(C(=O)NC[C@@H](C)O)c2sccc2n1)c1ccccn1,6.522878745280337,300.0,1,CHEMBL5978641,Adenosine receptor A2a
C[C@H](Nc1nc(C(=O)NC[C@@H](C)O)c2sccc2n1)c1cncc(Cl)c1,6.522878745280337,300.0,1,CHEMBL5947174,Adenosine receptor A2a
C[C@H](Nc1nc(C(=O)NC[C@@H](C)O)c2sccc2n1)c1cncc(F)c1,7.1249387366083,75.0,1,CHEMBL5982241,Adenosine receptor A2a
C[C@H](Nc1nc(C(=O)NCc2ccc(C#N)nc2)c2sccc2n1)c1ccccn1,6.522878745280337,300.0,1,CHEMBL6054643,Adenosine receptor A2a
C[C@H](Nc1nc(C(=O)NCc2ccc(C(F)(F)F)nc2)c2sccc2n1)c1ccccn1,6.522878745280337,300.0,1,CHEMBL5847090,Adenosine receptor A2a
C[C@H](Nc1nc(C(=O)NCc2ccc(OCC3CC3)nc2)c2sccc2n1)c1ccccn1,7.1249387366083,75.0,1,CHEMBL5939822,Adenosine receptor A2a
C[C@H](Nc1nc(C(=O)NCc2ccccc2)c2sccc2n1)c1cccnc1,7.522878745280337,30.0,1,CHEMBL5870124,Adenosine receptor A2a
C[C@H](Nc1nc(C(=O)NCc2ccccn2)c2sccc2n1)c1cccnc1,7.522878745280337,30.0,1,CHEMBL6037258,Adenosine receptor A2a
C[C@H](Nc1nc(C(=O)NCc2cncc(C#N)c2)c2sccc2n1)c1ccccn1,6.522878745280337,300.0,1,CHEMBL5800042,Adenosine receptor A2a
C[C@H](Nc1nc(C(=O)NCc2cncc(C#N)c2)c2sccc2n1)c1cccnc1,6.522878745280337,300.0,1,CHEMBL5740793,Adenosine receptor A2a
C[C@H](Nc1nc(C(=O)NCc2cncc(C(F)(F)F)c2)c2sccc2n1)c1ccccn1,6.522878745280337,300.0,1,CHEMBL5786330,Adenosine receptor A2a
C[C@H](Nc1nc(C(=O)NCc2cncc(F)c2)c2sccc2n1)c1cccnc1,6.522878745280337,300.0,1,CHEMBL5855380,Adenosine receptor A2a
C[C@H](Nc1nc(C(=O)NCc2cncnc2)c2sccc2n1)c1cccnc1,6.301029995663981,500.0,1,CHEMBL6038752,Adenosine receptor A2a
C[C@H](Nc1nc(C(=O)NCc2ncc[nH]2)c2sccc2n1)c1ccccn1,6.522878745280337,300.0,1,CHEMBL5828759,Adenosine receptor A2a
C[C@H](Nc1nc(C(=O)NCc2nccn2C)c2sccc2n1)c1ccccn1,6.301029995663981,500.0,1,CHEMBL5929022,Adenosine receptor A2a
C[C@H](Nc1nc(C(=O)N[C@@H](C)CO)c2sccc2n1)c1ccccn1,6.522878745280337,300.0,1,CHEMBL5956636,Adenosine receptor A2a
C[C@H](Nc1nc(C(=O)N[C@@H]2CC[C@@H](O)C2)c2sccc2n1)c1cncc(F)c1,6.522878745280337,300.0,1,CHEMBL5771777,Adenosine receptor A2a
C[C@H](Nc1nc(C(=O)N[C@@H]2CC[C@H](O)C2)c2sccc2n1)c1cncc(F)c1,7.1249387366083,75.0,1,CHEMBL6064167,Adenosine receptor A2a
C[C@H](Nc1nc(C(=O)N[C@H](C)c2cccnc2)c2sccc2n1)c1cccnc1,6.301029995663981,500.0,1,CHEMBL5811262,Adenosine receptor A2a
C[C@H](Nc1nc(C(=O)Nc2ccccc2)c2sccc2n1)c1ccccn1,6.522878745280337,300.0,1,CHEMBL5892694,Adenosine receptor A2a
C[C@H](O)CCc1nc(N)c2nc(-n3nccn3)n(C)c2n1,6.585026652029182,260.0,1,CHEMBL2398483,Adenosine receptor A2a
C[C@H](O)CNC(=O)c1nc(NCc2cncc(C(F)(F)F)c2)nc2ccsc12,6.301029995663981,500.0,1,CHEMBL5962295,Adenosine receptor A2a
C[C@H](O)CNC(=O)c1nc(N[C@@H](C)c2ccccn2)nc2ccsc12,6.522878745280337,300.0,1,CHEMBL5921531,Adenosine receptor A2a
C[C@H](O)CNC(=O)c1nc(N[C@@H](C)c2cncc(Cl)c2)nc2ccsc12,6.301029995663981,500.0,1,CHEMBL5874604,Adenosine receptor A2a
C[C@H](O)CNC(=O)c1nc(N[C@@H](C)c2cncc(F)c2)nc2cc(C(F)(F)F)sc12,6.301029995663981,500.0,1,CHEMBL5854133,Adenosine receptor A2a
C[C@H](O)CNC(=O)c1nc(N[C@@H](C)c2cncc(F)c2)nc2ccsc12,6.522878745280337,300.0,1,CHEMBL6054989,Adenosine receptor A2a
C[C@H]1CCN(C(=O)c2nc(N[C@@H](C)c3ccccn3)nc3ccsc23)C1,6.522878745280337,300.0,1,CHEMBL6016816,Adenosine receptor A2a
C[C@H]1CCN(C(=O)c2nc(N[C@@H](C)c3cccnc3)nc3ccsc23)C1,6.522878745280337,300.0,1,CHEMBL6017684,Adenosine receptor A2a
C[C@H]1CC[C@@H](c2nc3c4cc(F)c(Cl)cc4nc(N)n3n2)CN1c1cnn(CC(C)(C)O)c1,9.698970004336019,0.2,1,CHEMBL5824610,Adenosine receptor A2a
C[C@H]1CC[C@@H](c2nc3c4cc(F)cc(F)c4nc(N)n3n2)CN1c1cnn(C(C)(CO)CO)c1,7.570247719997592,26.9,1,CHEMBL5769217,Adenosine receptor A2a
C[C@H]1CC[C@@H](c2nc3c4cc(F)cc(F)c4nc(N)n3n2)CN1c1cnn(CC(C)(C)O)c1,9.154901959985743,0.7,1,CHEMBL5804550,Adenosine receptor A2a
C[C@H]1Cc2c([nH]c3cc(Cl)c(F)cc23)[C@@]2(N1)C(=O)Nc1ccc(Cl)cc12,4.522878745280337,30000.0,1,CHEMBL1082723,Adenosine receptor A2a
C[S+]([O-])CCOc1cc(N2CCN(CCn3c(=O)sc4c3nc(N)n3nc(-c5ccco5)nc43)CC2)c(F)cc1F,8.698970004336019,2.0,3,CHEMBL4760867,Adenosine receptor A2a
C[S+]([O-])c1ccc(-c2nc(-c3ccc(F)cc3)c(-c3ccncc3)[nH]2)cc1,5.216954427885307,6068.0,1,CHEMBL10,Adenosine receptor A2a
Cc1[nH]c2nc(-c3ccccc3)nc(NCCN3CCNC3=O)c2c1C,6.179312527403937,664.5,2,CHEMBL82197,Adenosine receptor A2a
Cc1[nH]c2nc(-c3ccccc3)nc(NCc3ccncc3)c2c1C,5.731776966519206,1860.5,2,CHEMBL81863,Adenosine receptor A2a
Cc1[nH]c2nc(-c3ccccc3)nc(N[C@@H]3CCCCNC3=O)c2c1C,5.681131086545169,2084.0,2,CHEMBL312503,Adenosine receptor A2a
Cc1[nH]c2nc(-c3ccccc3)nc(N[C@@H]3Cc4ccccc4[C@H]3O)c2c1C,5.4924139602369895,3218.0,1,CHEMBL441806,Adenosine receptor A2a
Cc1[nH]c2nc(-c3ccccc3)nc(N[C@H]3CC[C@H](O)CC3)c2c1C,5.801750380943641,1579.0,2,CHEMBL78595,Adenosine receptor A2a
Cc1c(-c2c(-c3ccc(F)cc3)nc(N)n3nc(Cc4ncccc4F)nc23)ccc(=O)n1C,8.142667503568731,7.2,3,CHEMBL6044836,Adenosine receptor A2a
Cc1c(-c2ccccc2)nc(N)c2nc3ccccc3n12,6.944239535312265,113.7,1,CHEMBL4849986,Adenosine receptor A2a
Cc1c(C#N)c(N)nc(N2CCCCC2)c1C#N,6.568636235841013,270.0,1,CHEMBL6176225,Adenosine receptor A2a
Cc1c(C#N)cccc1-c1cc(-c2ccn(CCc3ccccc3)c(=O)c2)nc(N)n1,6.774174008538107,168.2,1,CHEMBL5439885,Adenosine receptor A2a
Cc1c(C#N)cccc1-c1cc(-c2ccn(Cc3cccc(Br)c3)c(=O)c2)nc(N)n1,6.399898744308609,398.2,1,CHEMBL5399566,Adenosine receptor A2a
Cc1c(C#N)cccc1-c1cc(-c2ccn(Cc3cccc(C#N)c3)c(=O)c2)nc(N)n1,6.709075440617245,195.4,1,CHEMBL5433808,Adenosine receptor A2a
Cc1c(C#N)cccc1-c1cc(-c2ccn(Cc3cccc(C(C)(C)F)c3)c(=O)c2)nc(N)n1,7.251037138743839,56.1,1,CHEMBL5415792,Adenosine receptor A2a
Cc1c(C#N)cccc1-c1cc(-c2ccn(Cc3cccc(C(C)(C)F)n3)c(=O)c2)nc(N)n1,7.987162775294828,10.3,1,CHEMBL5437168,Adenosine receptor A2a
Cc1c(C#N)cccc1-c1cc(-c2ccn(Cc3cccc(C(C)(C)O)c3)c(=O)c2)nc(N)n1,6.4875824513991605,325.4,3,CHEMBL5424461,Adenosine receptor A2a
Cc1c(C#N)cccc1-c1cc(-c2ccn(Cc3cccc(C(C)(C)O)n3)c(=O)c2)nc(N)n1,8.045757490560675,9.0,1,CHEMBL5440290,Adenosine receptor A2a
Cc1c(C#N)cccc1-c1cc(-c2ccn(Cc3cccc(CO)c3)c(=O)c2)nc(N)n1,7.257274868695302,55.3,1,CHEMBL5401706,Adenosine receptor A2a
Cc1c(C#N)cccc1-c1cc(-c2ccn(Cc3cccc(Cl)c3)c(=O)c2)nc(N)n1,6.874193541860473,133.6,1,CHEMBL5398651,Adenosine receptor A2a
Cc1c(C#N)cccc1-c1cc(-c2ccn(Cc3cccc(F)c3)c(=O)c2)nc(N)n1,6.890084136976206,128.8,1,CHEMBL5401410,Adenosine receptor A2a
Cc1c(C#N)cccc1-c1cc(-c2ccn(Cc3cccc(O)c3)c(=O)c2)nc(N)n1,6.1111412234629805,774.21,1,CHEMBL5408699,Adenosine receptor A2a
Cc1c(C#N)cccc1-c1cc(-c2ccn(Cc3cccc(OCC(=O)O)c3)c(=O)c2)nc(N)n1,5.6831912479469775,2074.0,1,CHEMBL5426226,Adenosine receptor A2a
Cc1c(C#N)cccc1-c1cc(-c2ccn(Cc3cccc(S(C)(=O)=O)c3)c(=O)c2)nc(N)n1,6.8807441107220635,131.6,1,CHEMBL5422621,Adenosine receptor A2a
Cc1c(C#N)cccc1-c1cc(-c2ccn(Cc3cccc(S(N)(=O)=O)c3)c(=O)c2)nc(N)n1,6.3439976793170425,452.9,1,CHEMBL5408447,Adenosine receptor A2a
Cc1c(C#N)cccc1-c1cc(-c2ccn(Cc3ccccc3)c(=O)c2)nc(N)n1,7.158015195409886,69.5,1,CHEMBL5397080,Adenosine receptor A2a
Cc1c(C#N)cccc1-c1cc(-c2cn(Cc3c[nH]c4c(Cl)cccc34)nn2)nc(N)n1,5.941573975542995,1144.0,1,CHEMBL5572272,Adenosine receptor A2a
Cc1c(C#N)cccc1-c1cc(-c2cn(Cc3c[nH]c4cc(C#N)ccc34)nn2)nc(N)n1,6.6154673845057514,242.4,1,CHEMBL5575304,Adenosine receptor A2a
Cc1c(C#N)cccc1-c1cc(-c2cn(Cc3c[nH]c4cc(Cl)c(Cl)cc34)nn2)nc(N)n1,5.199523499524053,6316.5,1,CHEMBL5583854,Adenosine receptor A2a
Cc1c(C#N)cccc1-c1cc(-c2cn(Cc3c[nH]c4cc(Cl)ccc34)nn2)nc(N)n1,6.1229743841327515,753.4,1,CHEMBL5569426,Adenosine receptor A2a
Cc1c(C#N)cccc1-c1cc(-c2cn(Cc3c[nH]c4cc(F)ccc34)nn2)nc(N)n1,6.920456992597094,120.1,1,CHEMBL5579741,Adenosine receptor A2a
Cc1c(C#N)cccc1-c1cc(-c2cn(Cc3c[nH]c4cc(OC(C)C)ccc34)nn2)nc(N)n1,5.414257352609543,3852.5,1,CHEMBL5573687,Adenosine receptor A2a
Cc1c(C#N)cccc1-c1cc(-c2cn(Cc3c[nH]c4cc(OC5CCCC5)ccc34)nn2)nc(N)n1,5.67575871200713,2109.8,1,CHEMBL5566421,Adenosine receptor A2a
Cc1c(C#N)cccc1-c1cc(-c2cn(Cc3c[nH]c4cc(S(C)(=O)=O)ccc34)nn2)nc(N)n1,6.365925974512532,430.6,1,CHEMBL5574860,Adenosine receptor A2a
Cc1c(C#N)cccc1-c1cc(-c2cn(Cc3c[nH]c4ccc(C#N)cc34)nn2)nc(N)n1,8.043729558604682,9.25,2,CHEMBL5562893,Adenosine receptor A2a
Cc1c(C#N)cccc1-c1cc(-c2cn(Cc3c[nH]c4ccc(Cl)cc34)nn2)nc(N)n1,6.612254340391137,244.2,1,CHEMBL5592547,Adenosine receptor A2a
Cc1c(C#N)cccc1-c1cc(-c2cn(Cc3c[nH]c4ccc(F)cc34)nn2)nc(N)n1,7.198596289982645,63.3,1,CHEMBL5569508,Adenosine receptor A2a
Cc1c(C#N)cccc1-c1cc(-c2cn(Cc3c[nH]c4ccc(OC(C)C)cc34)nn2)nc(N)n1,7.1555228242543185,69.9,1,CHEMBL5579763,Adenosine receptor A2a
Cc1c(C#N)cccc1-c1cc(-c2cn(Cc3c[nH]c4ccc(OC5CCCC5)cc34)nn2)nc(N)n1,7.011441043121384,97.4,1,CHEMBL5542375,Adenosine receptor A2a
Cc1c(C#N)cccc1-c1cc(-c2cn(Cc3c[nH]c4ccc(S(C)(=O)=O)cc34)nn2)nc(N)n1,7.73754891026957,18.3,1,CHEMBL5573410,Adenosine receptor A2a
Cc1c(C#N)cccc1-c1cc(-c2cn(Cc3c[nH]c4cccc(Cl)c34)nn2)nc(N)n1,6.764471553092451,172.0,1,CHEMBL5569497,Adenosine receptor A2a
Cc1c(C#N)cccc1-c1cc(-c2cn(Cc3c[nH]c4ccccc34)nn2)nc(N)n1,6.950781977329818,112.0,1,CHEMBL5572013,Adenosine receptor A2a
Cc1c(C#N)cccc1-c1cc(-c2cn(Cc3c[nH]c4cccnc34)nn2)nc(N)n1,7.43533393574791,36.7,1,CHEMBL5564272,Adenosine receptor A2a
Cc1c(C#N)cccc1-c1cc(-c2cn(Cc3c[nH]c4ccncc34)nn2)nc(N)n1,6.772113295386326,169.0,1,CHEMBL5565650,Adenosine receptor A2a
Cc1c(C#N)cccc1-c1cc(-c2cn(Cc3c[nH]c4cnccc34)nn2)nc(N)n1,5.719353349703805,1908.3,1,CHEMBL5542317,Adenosine receptor A2a
Cc1c(C#N)cccc1-c1cc(-c2cn(Cc3c[nH]c4ncccc34)nn2)nc(N)n1,5.64675716856627,2255.5,1,CHEMBL5574380,Adenosine receptor A2a
Cc1c(C#N)cccc1-c1cc(-c2cn(Cc3cc4ccccc4[nH]3)nn2)nc(N)n1,5.606196742344919,2476.3,1,CHEMBL5568711,Adenosine receptor A2a
Cc1c(C#N)cccc1-c1cc(-c2cn(Cc3ccc4[nH]ccc4c3)nn2)nc(N)n1,5.99481948749622,1012.0,1,CHEMBL5574634,Adenosine receptor A2a
Cc1c(C#N)cccc1-c1cc(-c2cn(Cc3ccc4cc[nH]c4c3)nn2)nc(N)n1,6.369165482171949,427.4,1,CHEMBL5532131,Adenosine receptor A2a
Cc1c(C#N)cccc1-c1cc(-c2cn(Cc3cccc(C(C)(C)O)n3)nn2)nc(N)n1,8.1249387366083,7.5,1,CHEMBL4740383,Adenosine receptor A2a
Cc1c(C#N)cccc1-c1cc(-c2cn(Cc3cccc4[nH]ccc34)nn2)nc(N)n1,5.2353532010168955,5816.3,1,CHEMBL5595120,Adenosine receptor A2a
Cc1c(C#N)cccc1-c1cc(-c2cn(Cc3cccc4cc[nH]c34)nn2)nc(N)n1,5.104489056956032,7861.6,1,CHEMBL5574063,Adenosine receptor A2a
Cc1c(C#N)cccc1-c1cc(-c2cn(Cc3cn(C)c4ccccc34)nn2)nc(N)n1,4.0,100000.0,1,CHEMBL5542999,Adenosine receptor A2a
Cc1c(C#N)cccc1-c1cc(-c2cn(Cc3cnc4ccccn34)nn2)nc(N)n1,4.0,100000.0,1,CHEMBL5557191,Adenosine receptor A2a
Cc1c(C#N)cccc1-c1cc(-c2cn(Cc3csc4c3CCCC4)nn2)nc(N)n1,7.935542010773082,11.6,1,CHEMBL5568925,Adenosine receptor A2a
Cc1c(C#N)cccc1-c1cc(-c2cn(Cc3csc4ccccc34)nn2)nc(N)n1,7.458420756053419,34.8,1,CHEMBL5570759,Adenosine receptor A2a
Cc1c(C#N)cccc1-c1cc(-c2cn(Cc3n[nH]c4ccccc34)nn2)nc(N)n1,6.8887374863409345,129.2,1,CHEMBL5555414,Adenosine receptor A2a
Cc1c(C#N)cccc1-c1nc(N)nc(-c2ccn(Cc3cccc(C(C)(C)O)c3)c(=O)c2)c1-c1ccncc1,5.0,10000.0,1,CHEMBL5416372,Adenosine receptor A2a
Cc1c(C#N)cccc1-c1nc(N)nc(-c2ccn(Cc3cccc(C(C)(C)O)c3)c(=O)c2)c1C,5.0,10000.0,1,CHEMBL5429720,Adenosine receptor A2a
Cc1c(C#N)cccc1-c1nc(N)nc(-c2ccn(Cc3cccc(C(C)(C)O)c3)c(=O)c2)c1F,6.803547458296611,157.2,1,CHEMBL5400341,Adenosine receptor A2a
Cc1c(C#N)cccc1-c1nc2[nH]ccc(=O)c2cc1-c1ccc2ncccc2c1,6.747146969020107,179.0,1,CHEMBL5775450,Adenosine receptor A2a
Cc1c(N2CC(C)CC(c3nc4c5cc(F)cc(F)c5nc(N)n4n3)C2)cnn1C(C)C(C)O,7.792847655935834,118.55,4,CHEMBL5981664,Adenosine receptor A2a
Cc1cc(-c2c(-c3ccc(C)o3)nc(N)n3cnnc23)cc(C(F)(F)F)n1,9.744727494896694,0.18,2,CHEMBL5933059,Adenosine receptor A2a
Cc1cc(-c2c(-c3ccc(Cl)cc3)nc(N)n3cnnc23)cc(C(F)(F)F)n1,8.806875401645538,1.56,1,CHEMBL6035364,Adenosine receptor A2a
Cc1cc(-c2c(-c3ccc(Cl)cc3)nc(N)n3cnnc23)cc(C(F)F)n1,9.318758762624412,0.48,2,CHEMBL5805722,Adenosine receptor A2a
Cc1cc(-c2c(-c3ccc(Cl)cc3)nc(N)n3cnnc23)cc(C)n1,9.318758762624412,0.48,1,CHEMBL5937437,Adenosine receptor A2a
Cc1cc(-c2c(-c3ccc(Cl)cc3)nc(N)n3cnnc23)cc(CF)n1,9.455931955649724,0.35,1,CHEMBL5994139,Adenosine receptor A2a
Cc1cc(-c2c(-c3ccc(Cl)cc3)nc(N)n3cnnc23)cc(Cl)n1,8.459670525209127,3.47,1,CHEMBL5743283,Adenosine receptor A2a
Cc1cc(-c2c(-c3ccc(Cl)cc3F)nc(N)n3cnnc23)cc(C(F)F)n1,8.515700160653214,3.05,3,CHEMBL5879357,Adenosine receptor A2a
Cc1cc(-c2c(-c3ccc(Cl)cc3F)nc(N)n3cnnc23)cc(Cl)n1,8.449771646944907,3.55,2,CHEMBL6012212,Adenosine receptor A2a
Cc1cc(-c2c(-c3ccc(F)cc3)nc(N)n3ccnc23)cc(C)n1,9.0,1.0,1,CHEMBL6056501,Adenosine receptor A2a
Cc1cc(-c2c(-c3ccc(F)cc3)nc(N)n3cnnc23)cc(C(F)(F)F)n1,9.200659450546418,0.63,2,CHEMBL5781731,Adenosine receptor A2a
Cc1cc(-c2c(-c3ccc(F)cc3)nc(N)n3cnnc23)cc(C(F)F)n1,9.443697499232712,0.36,2,CHEMBL5745015,Adenosine receptor A2a
Cc1cc(-c2c(-c3ccc(F)cc3)nc(N)n3cnnc23)cc(C)n1,9.2839966563652,0.52,2,CHEMBL5945954,Adenosine receptor A2a
Cc1cc(-c2c(-c3ccc(F)cc3)nc(N)n3cnnc23)cc(CF)n1,8.98296666070122,1.04,3,CHEMBL6009032,Adenosine receptor A2a
Cc1cc(-c2c(-c3ccc(F)cc3)nc(N)n3cnnc23)cc(Cl)n1,9.769551078621726,0.17,2,CHEMBL5978359,Adenosine receptor A2a
Cc1cc(-c2c(-c3ccc(F)cc3)nc(N)n3nc(C(C)c4c(F)cccc4F)nc23)ccn1,7.337242168318426,46.0,1,CHEMBL5856098,Adenosine receptor A2a
Cc1cc(-c2c(-c3ccc(F)cc3)nc(N)n3nc(CN4CCCCC4)nc23)c[nH]c1=O,8.242603971206975,5.72,1,CHEMBL4876056,Adenosine receptor A2a
Cc1cc(-c2c(-c3ccc(F)cc3)nc(N)n3nc(Cc4c(F)cccc4F)nc23)c(C)cn1,7.958607314841775,11.0,1,CHEMBL5990931,Adenosine receptor A2a
Cc1cc(-c2c(-c3ccc(F)cc3)nc(N)n3nc(Cc4cccc(C#N)n4)nc23)ccn1,6.991399828238082,102.0,1,CHEMBL5892880,Adenosine receptor A2a
Cc1cc(-c2c(-c3ccc(F)cc3)nc(N)n3nc(Cc4cccc(Cl)c4)nc23)ccn1,7.229147988357855,59.0,1,CHEMBL5874081,Adenosine receptor A2a
Cc1cc(-c2c(-c3ccc(F)cc3)nc(N)n3nc(Cc4cccc(Cl)n4)nc23)ccn1,7.337242168318426,46.0,1,CHEMBL5960960,Adenosine receptor A2a
Cc1cc(-c2c(-c3ccc(F)cc3)nc(N)n3nc(Cc4cccc(N(C)C)n4)nc23)ccn1,7.366531544420414,43.0,1,CHEMBL6008177,Adenosine receptor A2a
Cc1cc(-c2c(-c3ccc(F)cc3)nc(N)n3nc(Cc4cscn4)nc23)ccn1,6.991399828238082,102.0,1,CHEMBL5743567,Adenosine receptor A2a
Cc1cc(-c2c(-c3ccc(F)cc3)nc(N)n3nc(Cc4ncccc4F)nc23)cc(C)n1,8.161150909262744,6.9,1,CHEMBL5760505,Adenosine receptor A2a
Cc1cc(-c2c(-c3ccc(F)cc3)nc(N)n3nc(Cc4ncccc4F)nc23)cc(Cl)n1,8.920818753952375,1.2,1,CHEMBL5740360,Adenosine receptor A2a
Cc1cc(-c2c(-c3ccc(F)cc3)nc(N)n3nc(Cc4ncccc4F)nc23)ccn1,7.229147988357855,59.0,1,CHEMBL6022992,Adenosine receptor A2a
Cc1cc(-c2c(-c3ccc(F)cc3)nc(N)n3nc(Cc4ncccc4F)nc23)cn(C)c1=O,8.42021640338319,3.8,1,CHEMBL5817464,Adenosine receptor A2a
Cc1cc(-c2c(-c3ccc(F)cc3)nc(N)n3nc(Cc4nccs4)nc23)ccn1,7.468521082957745,34.0,1,CHEMBL5999973,Adenosine receptor A2a
Cc1cc(-c2c(-c3ccc(F)cc3F)nc(N)n3cnnc23)cc(C(F)(F)F)n1,9.1249387366083,0.75,3,CHEMBL6062291,Adenosine receptor A2a
Cc1cc(-c2c(-c3ccc(F)cc3F)nc(N)n3cnnc23)cc(C(F)F)n1,8.63264407897398,2.33,3,CHEMBL5887665,Adenosine receptor A2a
Cc1cc(-c2c(-c3ccc(F)cc3F)nc(N)n3cnnc23)cc(C)n1,8.756961951313706,1.75,1,CHEMBL5813061,Adenosine receptor A2a
Cc1cc(-c2c(-c3ccc(F)cc3F)nc(N)n3cnnc23)cc(Cl)n1,8.6903698325741,2.04,2,CHEMBL5849413,Adenosine receptor A2a
Cc1cc(-c2c(-c3cccc(F)c3)nc(N)n3cnnc23)cc(C(F)(F)F)n1,9.259637310505756,0.55,2,CHEMBL5980717,Adenosine receptor A2a
Cc1cc(-c2c(-c3ccccc3)nc(N)n3cc(C)nc23)cc(C)n1,8.60906489289662,2.46,1,CHEMBL5835483,Adenosine receptor A2a
Cc1cc(-c2c(-c3ccccc3)nc(N)n3ccnc23)cc(C(F)(F)F)n1,9.1249387366083,0.75,1,CHEMBL5897519,Adenosine receptor A2a
Cc1cc(-c2c(-c3ccccc3)nc(N)n3ccnc23)cc(C)n1,9.031517051446064,0.93,1,CHEMBL5960154,Adenosine receptor A2a
Cc1cc(-c2c(-c3ccccc3)nc(N)n3ccnc23)cc(Cl)n1,9.568636235841012,0.27,1,CHEMBL5874944,Adenosine receptor A2a
Cc1cc(-c2c(-c3ccccc3)nc(N)n3cnnc23)cc(C(F)(F)F)n1,9.638272163982407,0.23,2,CHEMBL5937050,Adenosine receptor A2a
Cc1cc(-c2c(-c3ccccc3)nc(N)n3cnnc23)cc(C)n1,9.823908740944319,0.15,2,CHEMBL5923815,Adenosine receptor A2a
Cc1cc(-c2c(-c3ccccc3)nc(N)n3cnnc23)cc(C2CC2)n1,9.113509274827518,0.77,2,CHEMBL5950829,Adenosine receptor A2a
Cc1cc(-c2c(-c3ccccc3)nc(N)n3cnnc23)cc(Cl)n1,10.096910013008056,0.08,3,CHEMBL5888877,Adenosine receptor A2a
Cc1cc(-c2c(-c3ccccc3)nc(N)n3cnnc23)cc2cccnc12,10.045757490560675,0.09,2,CHEMBL5759493,Adenosine receptor A2a
Cc1cc(-c2c(-c3ccccc3)nc(N)n3cnnc23)ccn1,9.200659450546418,0.63,1,CHEMBL5998795,Adenosine receptor A2a
Cc1cc(-c2c(-c3ccccc3F)nc(N)n3cnnc23)cc(C(F)(F)F)n1,8.752026733638193,1.77,2,CHEMBL5859794,Adenosine receptor A2a
Cc1cc(-c2c(-c3ccccc3F)nc(N)n3cnnc23)cc(C(F)F)n1,8.774690718274137,1.68,3,CHEMBL5825507,Adenosine receptor A2a
Cc1cc(-c2c(-c3ccccc3F)nc(N)n3cnnc23)cc(C)n1,9.017728766960431,0.96,3,CHEMBL5934149,Adenosine receptor A2a
Cc1cc(-c2c(-c3ccccc3F)nc(N)n3cnnc23)cc(CF)n1,8.586700235918748,2.59,3,CHEMBL5754606,Adenosine receptor A2a
Cc1cc(-c2c(-c3ccccc3F)nc(N)n3cnnc23)cc(Cl)n1,9.301029995663981,0.5,2,CHEMBL5748122,Adenosine receptor A2a
Cc1cc(-c2c(-c3ncco3)nc(N)n3nc(Cc4c(F)cccc4F)nc23)cc(C#N)n1,7.7447274948966935,18.0,1,CHEMBL5767016,Adenosine receptor A2a
Cc1cc(-c2c(-c3ncco3)nc(N)n3nc(Cc4c(F)cccc4F)nc23)cc(C)n1,7.7447274948966935,18.0,1,CHEMBL5812643,Adenosine receptor A2a
Cc1cc(-c2c(-c3ncco3)nc(N)n3nc(Cc4c(F)cccc4F)nc23)cc(C2CC2)n1,7.221848749616356,60.0,1,CHEMBL5770581,Adenosine receptor A2a
Cc1cc(-c2c(-c3ncco3)nc(N)n3nc(Cc4c(F)cccc4F)nc23)cc(N)n1,7.309803919971486,49.0,1,CHEMBL5873125,Adenosine receptor A2a
Cc1cc(-c2c(-c3ncco3)nc(N)n3nc(Cc4ncccc4F)nc23)cc(Cl)n1,7.6020599913279625,25.0,1,CHEMBL5859012,Adenosine receptor A2a
Cc1cc(-c2c(-c3ncco3)nc(N)n3nc(Cc4ncccc4F)nc23)cc(OC(F)F)n1,7.568636235841013,27.0,1,CHEMBL5897970,Adenosine receptor A2a
Cc1cc(-c2cc3c(=O)cc[nH]c3nc2-c2cccc(C#N)c2)cc(Cl)n1,6.94692155651658,113.0,1,CHEMBL5751505,Adenosine receptor A2a
Cc1cc(-c2cc3c(=O)cc[nH]c3nc2-c2cccc(C#N)c2C)cc(Cl)n1,5.585862637815524,2595.0,1,CHEMBL5904300,Adenosine receptor A2a
Cc1cc(-c2nc(C(=O)NCc3ccccc3OC(F)(F)F)c(N)nc2-c2ccc(F)cc2)cc(C)n1,7.886056647693163,13.0,2,CHEMBL6005886,Adenosine receptor A2a
Cc1cc(-c2nnc(N)nc2-c2ccc(F)cc2)cc(C)n1,8.0,10.0,3,CHEMBL2024116,Adenosine receptor A2a
Cc1cc(-c2nnc(N)nc2-c2ccc(F)cc2)cc(Cl)n1,6.5246194068566385,298.8,1,CHEMBL4594442,Adenosine receptor A2a
Cc1cc(C(=O)NC2CN(C(=O)c3nc(N[C@@H](C)c4cncc(F)c4)nc4ccsc34)C2)c(C)o1,7.522878745280337,30.0,1,CHEMBL5755094,Adenosine receptor A2a
Cc1cc(C)cc(-c2c(C#N)c(N)nc(N3CCCCC3)c2C#N)c1,5.892790030352131,1280.0,1,CHEMBL6174296,Adenosine receptor A2a
Cc1cc(C)cc(C(=O)NC2CN(C(=O)c3nc(N[C@@H](C)c4cncc(F)c4)nc4ccsc34)C2)c1,7.522878745280337,30.0,1,CHEMBL5793226,Adenosine receptor A2a
Cc1cc(C)n(-c2cc(NC(=O)Cc3ccc(S(C)(=O)=O)cc3)nc(-c3ccccn3)n2)n1,7.0,100.0,1,CHEMBL270654,Adenosine receptor A2a
Cc1cc(Cl)cc2c1nc(N)n1nc(C3CCCN(c4cnn(C)c4)C3)nc21,6.482804102050026,329.0,1,CHEMBL5949377,Adenosine receptor A2a
Cc1cc2cc3c(C)cc(=O)oc3c(C)c2o1,5.882066164960358,1312.0,1,CHEMBL1475,Adenosine receptor A2a
Cc1cc2nc(N)n3nc([C@@H]4CC[C@H](C)N(c5cnn(CC(C)(C)O)c5)C4)nc3c2cc1F,9.397940008672037,0.4,1,CHEMBL5945120,Adenosine receptor A2a
Cc1cc2nc(N[C@@H](C)c3ccccn3)nc(C(=O)N3CC(C(=O)OC(C)(C)C)C3)c2s1,7.522878745280337,30.0,1,CHEMBL5918540,Adenosine receptor A2a
Cc1cc2nc(N[C@@H](C)c3ccccn3)nc(C(=O)N3CC(CN)C3)c2s1,6.301029995663981,500.0,1,CHEMBL6058814,Adenosine receptor A2a
Cc1cc2nc(N[C@@H](C)c3ccccn3)nc(C(=O)N3CC(CNC(=O)C(C)(C)C)C3)c2s1,6.301029995663981,500.0,1,CHEMBL5927814,Adenosine receptor A2a
Cc1cc2nc(N[C@@H](C)c3ccccn3)nc(C(=O)N3CC(CNC(=O)OC(C)(C)C)C3)c2s1,6.522878745280337,300.0,1,CHEMBL5900097,Adenosine receptor A2a
Cc1cc2nc(N[C@@H](C)c3ccccn3)nc(C(=O)N3CC(O)C3)c2s1,6.522878745280337,300.0,1,CHEMBL6021840,Adenosine receptor A2a
Cc1cc2nc(N[C@@H](C)c3ccccn3)nc(C(=O)N3CCC3)c2s1,7.1249387366083,75.0,1,CHEMBL5899763,Adenosine receptor A2a
Cc1cc2nc(N[C@@H](C)c3ccccn3)nc(C(=O)N3CCCC3)c2s1,7.522878745280337,30.0,1,CHEMBL5981857,Adenosine receptor A2a
Cc1cc2nc(N[C@@H](C)c3ccccn3)nc(C(=O)N3CC[C@@H](O)C3)c2s1,6.522878745280337,300.0,1,CHEMBL5884132,Adenosine receptor A2a
Cc1cc2nc(N[C@@H](C)c3ccccn3)nc(C(=O)N3CC[C@H](O)C3)c2s1,6.301029995663981,500.0,1,CHEMBL6064672,Adenosine receptor A2a
Cc1cc2nc(N[C@@H](C)c3ccccn3)nc(C(=O)NC3CCC3)c2s1,7.522878745280337,30.0,1,CHEMBL5763363,Adenosine receptor A2a
Cc1cc2nc(N[C@@H](C)c3ccccn3)nc(C(=O)NCCO)c2s1,6.522878745280337,300.0,1,CHEMBL5949836,Adenosine receptor A2a
Cc1cc2nc(N[C@@H](C)c3ccccn3)nc(C(=O)NC[C@@H](C)O)c2s1,6.522878745280337,300.0,1,CHEMBL6016179,Adenosine receptor A2a
Cc1cc2nc(N[C@@H](C)c3ccccn3)nc(C(=O)NC[C@H](C)O)c2s1,6.522878745280337,300.0,1,CHEMBL5779720,Adenosine receptor A2a
Cc1cc2nc(N[C@@H](C)c3ccccn3)nc(C(=O)NCc3ccccn3)c2s1,7.522878745280337,30.0,1,CHEMBL5797615,Adenosine receptor A2a
Cc1cc2nc(N[C@@H](C)c3ccccn3)nc(C(=O)NCc3cccnc3)c2s1,7.1249387366083,75.0,1,CHEMBL5912147,Adenosine receptor A2a
Cc1cc2nc(N[C@@H](C)c3ccccn3)nc(C(=O)NCc3nccs3)c2s1,6.522878745280337,300.0,1,CHEMBL6000356,Adenosine receptor A2a
Cc1cc2nc(N[C@@H](C)c3ccccn3)nc(C(N)=O)c2s1,6.301029995663981,500.0,1,CHEMBL5840527,Adenosine receptor A2a
Cc1cc2nc(N[C@@H](C)c3cccnc3)nc(C(=O)N3CC(CN(C)C)C3)c2s1,6.301029995663981,500.0,1,CHEMBL5812653,Adenosine receptor A2a
Cc1cc2nc(N[C@@H](C)c3cccnc3)nc(C(=O)N3CC(CN)C3)c2s1,6.301029995663981,500.0,1,CHEMBL5898624,Adenosine receptor A2a
Cc1cc2nc(N[C@@H](C)c3cccnc3)nc(C(=O)N3CC(CNC(=O)OC(C)(C)C)C3)c2s1,6.301029995663981,500.0,1,CHEMBL5949981,Adenosine receptor A2a
Cc1cc2nc(N[C@@H](C)c3cccnc3)nc(C(=O)N3CC(CO)C3)c2s1,6.301029995663981,500.0,1,CHEMBL5851797,Adenosine receptor A2a
Cc1cc2nc(N[C@@H](C)c3cccnc3)nc(C(=O)N3CC(O)C3)c2s1,6.522878745280337,300.0,1,CHEMBL5886658,Adenosine receptor A2a
Cc1cc2nc(N[C@@H](C)c3cccnc3)nc(C(=O)N3CCC3)c2s1,6.522878745280337,300.0,1,CHEMBL5887812,Adenosine receptor A2a
Cc1cc2nc(N[C@@H](C)c3cccnc3)nc(C(=O)N3CCCC3)c2s1,6.411954370472159,400.0,2,CHEMBL6053680,Adenosine receptor A2a
Cc1cc2nc(N[C@@H](C)c3cccnc3)nc(C(=O)N3CC[C@@H](CO)C3)c2s1,6.301029995663981,500.0,1,CHEMBL5910049,Adenosine receptor A2a
Cc1cc2nc(N[C@@H](C)c3cccnc3)nc(C(=O)N3CC[C@@H](O)C3)c2s1,6.301029995663981,500.0,1,CHEMBL5770247,Adenosine receptor A2a
Cc1cc2nc(N[C@@H](C)c3cccnc3)nc(C(=O)N3CC[C@H](CO)C3)c2s1,6.301029995663981,500.0,1,CHEMBL5923676,Adenosine receptor A2a
Cc1cc2nc(N[C@@H](C)c3cccnc3)nc(C(=O)N3CC[C@H](O)C3)c2s1,6.301029995663981,500.0,1,CHEMBL5924340,Adenosine receptor A2a
Cc1cc2nc(N[C@@H](C)c3cccnc3)nc(C(=O)NC3CC(O)C3)c2s1,6.301029995663981,500.0,1,CHEMBL6024705,Adenosine receptor A2a
Cc1cc2nc(N[C@@H](C)c3cccnc3)nc(C(=O)NCC3CCNCC3)c2s1,6.301029995663981,500.0,1,CHEMBL5953281,Adenosine receptor A2a
Cc1cc2nc(N[C@@H](C)c3cccnc3)nc(C(=O)NCC3CCOC3)c2s1,6.301029995663981,500.0,2,CHEMBL5831826,Adenosine receptor A2a
Cc1cc2nc(N[C@@H](C)c3cccnc3)nc(C(=O)NCC3CCOCC3)c2s1,6.522878745280337,300.0,1,CHEMBL6048981,Adenosine receptor A2a
Cc1cc2nc(N[C@@H](C)c3cccnc3)nc(C(=O)NCCN3CCOCC3)c2s1,6.301029995663981,500.0,1,CHEMBL5891137,Adenosine receptor A2a
Cc1cc2nc(N[C@@H](C)c3cccnc3)nc(C(=O)NCCO)c2s1,6.522878745280337,300.0,1,CHEMBL5904829,Adenosine receptor A2a
Cc1cc2nc(N[C@@H](C)c3cccnc3)nc(C(=O)NCC[C@@H]3CCNC3)c2s1,6.301029995663981,500.0,1,CHEMBL5940768,Adenosine receptor A2a
Cc1cc2nc(N[C@@H](C)c3cccnc3)nc(C(=O)NCC[C@H]3CCNC3)c2s1,6.301029995663981,500.0,1,CHEMBL6003701,Adenosine receptor A2a
Cc1cc2nc(N[C@@H](C)c3cccnc3)nc(C(=O)NC[C@@H](C)O)c2s1,6.522878745280337,300.0,1,CHEMBL5760152,Adenosine receptor A2a
Cc1cc2nc(N[C@@H](C)c3cccnc3)nc(C(=O)NC[C@H](C)O)c2s1,6.522878745280337,300.0,1,CHEMBL5780250,Adenosine receptor A2a
Cc1cc2nc(N[C@@H](C)c3cccnc3)nc(C(=O)NCc3ccccn3)c2s1,6.522878745280337,300.0,1,CHEMBL5883591,Adenosine receptor A2a
Cc1cc2nc(N[C@@H](C)c3cncc(F)c3)nc(C(=O)N3CC(C(=O)NOC(C)(C)C)C3)c2s1,7.1249387366083,75.0,1,CHEMBL5747494,Adenosine receptor A2a
Cc1cc2nc(N[C@@H](C)c3cncc(F)c3)nc(C(=O)N3CC(C(=O)OC(C)(C)C)C3)c2s1,6.522878745280337,300.0,1,CHEMBL5997802,Adenosine receptor A2a
Cc1cc2nc(N[C@@H](C)c3cncc(F)c3)nc(C(=O)N3CC(C(N)=O)C3)c2s1,6.301029995663981,500.0,1,CHEMBL5936766,Adenosine receptor A2a
Cc1cc2nc(N[C@@H](C)c3cncc(F)c3)nc(C(=O)N3CC(CC(=O)OC(C)(C)C)C3)c2s1,7.522878745280337,30.0,1,CHEMBL5929573,Adenosine receptor A2a
Cc1cc2nc(N[C@@H](C)c3cncc(F)c3)nc(C(=O)N3CC(CN(C)C)C3)c2s1,6.823908740944319,187.5,2,CHEMBL5946276,Adenosine receptor A2a
Cc1cc2nc(N[C@@H](C)c3cncc(F)c3)nc(C(=O)N3CC(CN)C3)c2s1,6.301029995663981,500.0,1,CHEMBL6045001,Adenosine receptor A2a
Cc1cc2nc(N[C@@H](C)c3cncc(F)c3)nc(C(=O)N3CC(CNC(=O)C(C)(C)C)C3)c2s1,6.522878745280337,300.0,1,CHEMBL6056767,Adenosine receptor A2a
Cc1cc2nc(N[C@@H](C)c3cncc(F)c3)nc(C(=O)N3CC(CNC(=O)CC(C)(C)C)C3)c2s1,7.1249387366083,75.0,1,CHEMBL5904020,Adenosine receptor A2a
Cc1cc2nc(N[C@@H](C)c3cncc(F)c3)nc(C(=O)N3CC(CNC(=O)OC(C)(C)C)C3)c2s1,6.522878745280337,300.0,1,CHEMBL5908806,Adenosine receptor A2a
Cc1cc2nc(N[C@@H](C)c3cncc(F)c3)nc(C(=O)N3CC(CO)C3)c2s1,6.522878745280337,300.0,1,CHEMBL5868733,Adenosine receptor A2a
Cc1cc2nc(N[C@@H](C)c3cncc(F)c3)nc(C(=O)N3CC(CS(C)(=O)=O)C3)c2s1,6.301029995663981,500.0,1,CHEMBL5767029,Adenosine receptor A2a
Cc1cc2nc(N[C@@H](C)c3cncc(F)c3)nc(C(=O)N3CC(N(C)C(=O)CC(C)(C)C)C3)c2s1,7.522878745280337,30.0,1,CHEMBL5779527,Adenosine receptor A2a
Cc1cc2nc(N[C@@H](C)c3cncc(F)c3)nc(C(=O)N3CC(N(C)C(=O)OC(C)(C)C)C3)c2s1,6.522878745280337,300.0,1,CHEMBL6015199,Adenosine receptor A2a
Cc1cc2nc(N[C@@H](C)c3cncc(F)c3)nc(C(=O)N3CC(N(C)C)C3)c2s1,6.301029995663981,500.0,1,CHEMBL6037312,Adenosine receptor A2a
Cc1cc2nc(N[C@@H](C)c3cncc(F)c3)nc(C(=O)N3CC(N)C3)c2s1,6.301029995663981,500.0,1,CHEMBL5823461,Adenosine receptor A2a
Cc1cc2nc(N[C@@H](C)c3cncc(F)c3)nc(C(=O)N3CC(N4CCCC4)C3)c2s1,6.522878745280337,300.0,1,CHEMBL5921293,Adenosine receptor A2a
Cc1cc2nc(N[C@@H](C)c3cncc(F)c3)nc(C(=O)N3CC(NC(=O)C(C)(C)C)C3)c2s1,8.0,10.0,1,CHEMBL6031617,Adenosine receptor A2a
Cc1cc2nc(N[C@@H](C)c3cncc(F)c3)nc(C(=O)N3CC(NC(=O)C(C)C)C3)c2s1,8.0,10.0,1,CHEMBL6059471,Adenosine receptor A2a
Cc1cc2nc(N[C@@H](C)c3cncc(F)c3)nc(C(=O)N3CC(NC(=O)C4CC4)C3)c2s1,7.522878745280337,30.0,1,CHEMBL5785873,Adenosine receptor A2a
Cc1cc2nc(N[C@@H](C)c3cncc(F)c3)nc(C(=O)N3CC(NC(=O)C4CCC4)C3)c2s1,7.522878745280337,30.0,1,CHEMBL6016382,Adenosine receptor A2a
Cc1cc2nc(N[C@@H](C)c3cncc(F)c3)nc(C(=O)N3CC(NC(=O)C4CCCO4)C3)c2s1,7.522878745280337,30.0,1,CHEMBL6043817,Adenosine receptor A2a
Cc1cc2nc(N[C@@H](C)c3cncc(F)c3)nc(C(=O)N3CC(NC(=O)C4CCOC4)C3)c2s1,7.522878745280337,30.0,3,CHEMBL5902859,Adenosine receptor A2a
Cc1cc2nc(N[C@@H](C)c3cncc(F)c3)nc(C(=O)N3CC(NC(=O)CNC(=O)c4ccccc4)C3)c2s1,6.301029995663981,500.0,1,CHEMBL6037788,Adenosine receptor A2a
Cc1cc2nc(N[C@@H](C)c3cncc(F)c3)nc(C(=O)N3CC(NC(=O)OC(C)(C)C)C3)c2s1,7.522878745280337,30.0,1,CHEMBL5767757,Adenosine receptor A2a
Cc1cc2nc(N[C@@H](C)c3cncc(F)c3)nc(C(=O)N3CC(NC(=O)OC(C)C)C3)c2s1,7.522878745280337,30.0,1,CHEMBL5785313,Adenosine receptor A2a
Cc1cc2nc(N[C@@H](C)c3cncc(F)c3)nc(C(=O)N3CC(NC(=O)OCC(C)(C)C)C3)c2s1,8.0,10.0,1,CHEMBL5945811,Adenosine receptor A2a
Cc1cc2nc(N[C@@H](C)c3cncc(F)c3)nc(C(=O)N3CC(NC(=O)c4ccc(C(F)(F)F)o4)C3)c2s1,8.0,10.0,1,CHEMBL5948643,Adenosine receptor A2a
Cc1cc2nc(N[C@@H](C)c3cncc(F)c3)nc(C(=O)N3CC(NC(=O)c4ccoc4)C3)c2s1,7.522878745280337,30.0,1,CHEMBL5970352,Adenosine receptor A2a
Cc1cc2nc(N[C@@H](C)c3cncc(F)c3)nc(C(=O)N3CC(O)C3)c2s1,7.1249387366083,75.0,1,CHEMBL5980513,Adenosine receptor A2a
Cc1cc2nc(N[C@@H](C)c3cncc(F)c3)nc(C(=O)N3CCC3)c2s1,7.1249387366083,75.0,1,CHEMBL5931557,Adenosine receptor A2a
Cc1cc2nc(N[C@@H](C)c3cncc(F)c3)nc(C(=O)N3CCCC3)c2s1,7.1249387366083,75.0,1,CHEMBL5943822,Adenosine receptor A2a
Cc1cc2nc(N[C@@H](C)c3cncc(F)c3)nc(C(=O)N3CCN(C(=O)NC(C)C)C3)c2s1,7.1249387366083,75.0,1,CHEMBL5878457,Adenosine receptor A2a
Cc1cc2nc(N[C@@H](C)c3cncc(F)c3)nc(C(=O)N3CCN(C(=O)NOC(C)(C)C)C3)c2s1,8.0,10.0,1,CHEMBL5994699,Adenosine receptor A2a
Cc1cc2nc(N[C@@H](C)c3cncc(F)c3)nc(C(=O)N3CC[C@@H](CN)C3)c2s1,6.301029995663981,500.0,1,CHEMBL5933759,Adenosine receptor A2a
Cc1cc2nc(N[C@@H](C)c3cncc(F)c3)nc(C(=O)N3CC[C@@H](CO)C3)c2s1,6.522878745280337,300.0,1,CHEMBL5923318,Adenosine receptor A2a
Cc1cc2nc(N[C@@H](C)c3cncc(F)c3)nc(C(=O)N3CC[C@@H](N)C3)c2s1,6.301029995663981,500.0,1,CHEMBL5937923,Adenosine receptor A2a
Cc1cc2nc(N[C@@H](C)c3cncc(F)c3)nc(C(=O)N3CC[C@@H](NC(=O)OCc4ccccc4)C3)c2s1,6.301029995663981,500.0,1,CHEMBL6065093,Adenosine receptor A2a
Cc1cc2nc(N[C@@H](C)c3cncc(F)c3)nc(C(=O)N3CC[C@@H](O)C3)c2s1,6.522878745280337,300.0,1,CHEMBL5761615,Adenosine receptor A2a
Cc1cc2nc(N[C@@H](C)c3cncc(F)c3)nc(C(=O)N3CC[C@@H]3C)c2s1,7.522878745280337,30.0,1,CHEMBL6061450,Adenosine receptor A2a
Cc1cc2nc(N[C@@H](C)c3cncc(F)c3)nc(C(=O)N3CC[C@H](CN)C3)c2s1,6.301029995663981,500.0,1,CHEMBL5775215,Adenosine receptor A2a
Cc1cc2nc(N[C@@H](C)c3cncc(F)c3)nc(C(=O)N3CC[C@H](CO)C3)c2s1,7.1249387366083,75.0,1,CHEMBL5939717,Adenosine receptor A2a
Cc1cc2nc(N[C@@H](C)c3cncc(F)c3)nc(C(=O)N3CC[C@H](N)C3)c2s1,6.301029995663981,500.0,1,CHEMBL5864888,Adenosine receptor A2a
Cc1cc2nc(N[C@@H](C)c3cncc(F)c3)nc(C(=O)N3CC[C@H](NC(=O)OCc4ccccc4)C3)c2s1,6.301029995663981,500.0,1,CHEMBL5856224,Adenosine receptor A2a
Cc1cc2nc(N[C@@H](C)c3cncc(F)c3)nc(C(=O)N3CC[C@H](O)C3)c2s1,6.522878745280337,300.0,1,CHEMBL5860494,Adenosine receptor A2a
Cc1cc2nc(N[C@@H](C)c3cncc(F)c3)nc(C(=O)N3CC[C@H]3C)c2s1,7.522878745280337,30.0,1,CHEMBL5785339,Adenosine receptor A2a
Cc1cc2nc(N[C@@H](C)c3cncc(F)c3)nc(C(=O)NCC(C)(C)O)c2s1,7.1249387366083,75.0,1,CHEMBL5886429,Adenosine receptor A2a
Cc1cc2nc(N[C@@H](C)c3cncc(F)c3)nc(C(=O)NCC(F)(F)F)c2s1,7.522878745280337,30.0,1,CHEMBL5910436,Adenosine receptor A2a
Cc1cc2nc(N[C@@H](C)c3cncc(F)c3)nc(C(=O)NCC3CCNCC3)c2s1,6.301029995663981,500.0,1,CHEMBL5964273,Adenosine receptor A2a
Cc1cc2nc(N[C@@H](C)c3cncc(F)c3)nc(C(=O)NCC3CCOC3)c2s1,6.411954370472159,400.0,2,CHEMBL5872636,Adenosine receptor A2a
Cc1cc2nc(N[C@@H](C)c3cncc(F)c3)nc(C(=O)NCC3CCOCC3)c2s1,6.522878745280337,300.0,1,CHEMBL5831847,Adenosine receptor A2a
Cc1cc2nc(N[C@@H](C)c3cncc(F)c3)nc(C(=O)NCCC3CCN(C(=O)OC(C)(C)C)CC3)c2s1,6.301029995663981,500.0,1,CHEMBL5755712,Adenosine receptor A2a
Cc1cc2nc(N[C@@H](C)c3cncc(F)c3)nc(C(=O)NCCC3CCN(C)CC3)c2s1,6.301029995663981,500.0,1,CHEMBL5758122,Adenosine receptor A2a
Cc1cc2nc(N[C@@H](C)c3cncc(F)c3)nc(C(=O)NCCC3CCNCC3)c2s1,6.301029995663981,500.0,1,CHEMBL5800125,Adenosine receptor A2a
Cc1cc2nc(N[C@@H](C)c3cncc(F)c3)nc(C(=O)NCCC3CN(C(=O)C(F)(F)F)C3)c2s1,6.301029995663981,500.0,1,CHEMBL5935180,Adenosine receptor A2a
Cc1cc2nc(N[C@@H](C)c3cncc(F)c3)nc(C(=O)NCCC3CN(C(=O)OC(C)(C)C)C3)c2s1,6.522878745280337,300.0,1,CHEMBL6054459,Adenosine receptor A2a
Cc1cc2nc(N[C@@H](C)c3cncc(F)c3)nc(C(=O)NCCC3CN(C)C3)c2s1,6.301029995663981,500.0,1,CHEMBL6042801,Adenosine receptor A2a
Cc1cc2nc(N[C@@H](C)c3cncc(F)c3)nc(C(=O)NCCN3CCOCC3)c2s1,6.301029995663981,500.0,1,CHEMBL5837430,Adenosine receptor A2a
Cc1cc2nc(N[C@@H](C)c3cncc(F)c3)nc(C(=O)NCC[C@@H]3CCNC3)c2s1,6.301029995663981,500.0,1,CHEMBL5785423,Adenosine receptor A2a
Cc1cc2nc(N[C@@H](C)c3cncc(F)c3)nc(C(=O)NCC[C@H]3CCNC3)c2s1,6.301029995663981,500.0,1,CHEMBL5876456,Adenosine receptor A2a
Cc1cc2nc(N[C@@H](C)c3cncc(F)c3)nc(C(=O)NCCc3ccc(O)cc3)c2s1,6.522878745280337,300.0,1,CHEMBL5999152,Adenosine receptor A2a
Cc1cc2nc(N[C@@H](C)c3cncc(F)c3)nc(C(=O)NC[C@@H](C)O)c2s1,7.1249387366083,75.0,1,CHEMBL5883640,Adenosine receptor A2a
Cc1cc2nc(N[C@@H](C)c3cncc(F)c3)nc(C(=O)NC[C@H](C)O)c2s1,6.522878745280337,300.0,1,CHEMBL5894644,Adenosine receptor A2a
Cc1ccc(-c2c(C#N)c(N)nc(N3CCCCC3)c2C#N)cc1,6.017728766960431,960.0,1,CHEMBL6173485,Adenosine receptor A2a
Cc1ccc(-c2cccc(-c3c(C#N)c(N)nc(N4CCCCC4)c3C#N)c2)cc1,5.767003889607846,1710.0,1,CHEMBL6176093,Adenosine receptor A2a
Cc1ccc(-c2cn3c(nc4ccccc43)c(N)n2)cc1,7.841637507904751,14.4,1,CHEMBL4846299,Adenosine receptor A2a
Cc1ccc(-c2nc(N)c3nn(Cc4ccccc4)cc3n2)o1,7.962175249411658,10.91,1,CHEMBL3798754,Adenosine receptor A2a
Cc1ccc(-c2nc(N)n3cnnc3c2-c2cc(C)nc(Cl)c2)cc1,9.744727494896694,0.18,1,CHEMBL6063161,Adenosine receptor A2a
Cc1ccc(-c2nc(N)n3nc(Cc4c(F)cccc4F)nc3c2-c2ccc(=O)n(C)c2)cn1,7.236572006437063,58.0,1,CHEMBL5912720,Adenosine receptor A2a
Cc1ccc(-c2nc(N)nc3c2C(=O)N(C)C3=Cc2ccc(F)cc2C(F)(F)F)o1,8.468521082957745,3.4,1,CHEMBL5965388,Adenosine receptor A2a
Cc1ccc(-c2nc(N)nc3c2C(=O)N(C)C3=Cc2ccc(F)cc2F)o1,7.87942606879415,13.2,1,CHEMBL5824224,Adenosine receptor A2a
Cc1ccc(-c2nc(N)nc3c2C(=O)N(C)C3=Cc2ccccc2C(F)(F)F)o1,8.327902142064282,4.7,1,CHEMBL5998698,Adenosine receptor A2a
Cc1ccc(-c2nc(N)nc3c2C(=O)N(C)C3=Cc2ccccc2F)o1,8.136677139879543,7.3,1,CHEMBL5903479,Adenosine receptor A2a
Cc1ccc(-c2nc(N)nc3c2C(=O)N(C)C3=Cc2ccccc2OC(F)(F)F)o1,8.443697499232712,3.6,1,CHEMBL5811414,Adenosine receptor A2a
Cc1ccc(-c2nc(N)nc3c2C(=O)N(C)C3Cc2cc[n+]([O-])cc2)o1,7.6777807052660805,21.0,1,CHEMBL5914260,Adenosine receptor A2a
Cc1ccc(-c2nc(N)nc3c2C(=O)N(C)C3Cc2ccc(F)cc2C(F)(F)F)o1,6.818156412055227,152.0,1,CHEMBL6025396,Adenosine receptor A2a
Cc1ccc(-c2nc(N)nc3c2C(=O)N(C)C3Cc2ccc(F)cc2F)o1,7.493494967595128,32.1,1,CHEMBL5862916,Adenosine receptor A2a
Cc1ccc(-c2nc(N)nc3c2C(=O)N(C)C3Cc2ccccc2C(F)(F)F)o1,7.459670525209126,34.7,1,CHEMBL5920494,Adenosine receptor A2a
Cc1ccc(-c2nc(N)nc3c2C(=O)N(C)C3Cc2ccccc2F)o1,7.533132379645891,29.3,1,CHEMBL5908201,Adenosine receptor A2a
Cc1ccc(-c2nc(N)nc3c2C(=O)N(C)C3Cc2ccccc2OC(F)(F)F)o1,7.250263684430939,56.2,1,CHEMBL6006877,Adenosine receptor A2a
Cc1ccc(-c2nc(N)nc3c2C(=O)N(C)C3Cc2ccncc2)o1,6.747146969020107,179.0,1,CHEMBL5785491,Adenosine receptor A2a
Cc1ccc(-c2nc(N)nc3c2C(=O)OC3(C)Cc2ccccc2F)o1,6.0034883278458215,992.0,1,CHEMBL5782685,Adenosine receptor A2a
Cc1ccc(-c2nc(N)nc3c2C(=O)OC3Cc2c(F)cccc2Cl)o1,7.4156687756324695,38.4,1,CHEMBL5744479,Adenosine receptor A2a
Cc1ccc(-c2nc(N)nc3c2C(=O)OC3Cc2cc(Cl)ccc2F)o1,7.026872146400302,94.0,1,CHEMBL6004101,Adenosine receptor A2a
Cc1ccc(-c2nc(N)nc3c2C(=O)OC3Cc2cc(F)ccc2F)o1,6.598599459218456,252.0,1,CHEMBL5856435,Adenosine receptor A2a
Cc1ccc(-c2nc(N)nc3c2C(=O)OC3Cc2ccc(F)cc2C(F)(F)F)o1,7.701146923590294,19.9,1,CHEMBL5889134,Adenosine receptor A2a
Cc1ccc(-c2nc(N)nc3c2C(=O)OC3Cc2ccc(F)cc2F)o1,7.275991767480362,59.75,2,CHEMBL5897885,Adenosine receptor A2a
Cc1ccc(-c2nc(N)nc3c2C(=O)OC3Cc2ccccc2C(F)(F)F)o1,7.950781977329818,11.2,1,CHEMBL5901757,Adenosine receptor A2a
Cc1ccc(-c2nc(N)nc3c2C(=O)OC3Cc2ccccc2F)o1,7.6777807052660805,21.0,1,CHEMBL5974170,Adenosine receptor A2a
Cc1ccc(-c2nc(N)nc3c2C(=O)OC3Cc2ccccc2OC(F)F)o1,6.892790030352131,128.0,1,CHEMBL5902395,Adenosine receptor A2a
Cc1ccc(-c2nc(N)nc3c2CCN(Cc2ccccc2)C3)o1,5.0,10000.0,1,CHEMBL5091146,Adenosine receptor A2a
Cc1ccc(-c2nc(N)nc3c2NC(=O)CN3Cc2ccccc2)o1,5.0,10000.0,1,CHEMBL5089385,Adenosine receptor A2a
Cc1ccc(-c2nc(N)nc3c2[nH]c(=O)n3Cc2ccccc2)o1,5.987162775294828,1030.0,1,CHEMBL5074910,Adenosine receptor A2a
Cc1ccc(-c2nc(N)nc3c2[nH]c(=O)n3Cc2ccccc2C(F)(F)F)o1,6.752026733638194,177.0,1,CHEMBL6031856,Adenosine receptor A2a
Cc1ccc(-c2nc(N)nc3c2n(C)c(=O)n3Cc2ccccc2)o1,5.547446936771075,2835.0,1,CHEMBL5079580,Adenosine receptor A2a
Cc1ccc(-c2nc(N)nc3c2n(C)c(=O)n3Cc2ccccc2OC(F)(F)F)o1,7.55129368009492,28.1,1,CHEMBL5760591,Adenosine receptor A2a
Cc1ccc(-c2nc(N)nc3c2ncc(=O)n3CC2CC2)o1,5.995678626217358,1010.0,1,CHEMBL5093127,Adenosine receptor A2a
Cc1ccc(-c2nc(N)nc3c2ncc(=O)n3CC2CCCCC2)o1,5.7265357273786535,1877.0,1,CHEMBL5083172,Adenosine receptor A2a
Cc1ccc(-c2nc(N)nc3c2ncc(=O)n3CC2CCN(c3ccccc3)CC2)o1,5.0,10000.0,1,CHEMBL5088357,Adenosine receptor A2a
Cc1ccc(-c2nc(N)nc3c2ncc(=O)n3CCC2CCN(c3ccccc3)CC2)o1,6.554395796726403,279.0,1,CHEMBL5088993,Adenosine receptor A2a
Cc1ccc(-c2nc(N)nc3c2ncc(=O)n3CCCCc2ccccc2)o1,6.0088625648796885,979.8,1,CHEMBL5083868,Adenosine receptor A2a
Cc1ccc(-c2nc(N)nc3c2ncc(=O)n3CCCc2ccccc2)o1,6.147520006363144,712.0,1,CHEMBL5078181,Adenosine receptor A2a
Cc1ccc(-c2nc(N)nc3c2ncc(=O)n3CCN2CCC(c3ccccc3)CC2)o1,6.411392195257314,387.8,1,CHEMBL5092671,Adenosine receptor A2a
Cc1ccc(-c2nc(N)nc3c2ncc(=O)n3CCN2CCN(C)CC2)o1,5.0,10000.0,1,CHEMBL5079295,Adenosine receptor A2a
Cc1ccc(-c2nc(N)nc3c2ncc(=O)n3CCN2CCN(C3CCCC3)CC2)o1,5.0,10000.0,1,CHEMBL5084703,Adenosine receptor A2a
Cc1ccc(-c2nc(N)nc3c2ncc(=O)n3CCN2CCN(c3ccc(C(F)(F)F)cc3)CC2)o1,6.754734160542538,175.9,1,CHEMBL5075711,Adenosine receptor A2a
Cc1ccc(-c2nc(N)nc3c2ncc(=O)n3CCN2CCN(c3ccc(F)cc3)CC2)o1,7.230622673923861,58.8,1,CHEMBL5092067,Adenosine receptor A2a
Cc1ccc(-c2nc(N)nc3c2ncc(=O)n3CCN2CCN(c3ccc(F)cc3Cl)CC2)o1,7.062983892535186,86.5,1,CHEMBL5078193,Adenosine receptor A2a
Cc1ccc(-c2nc(N)nc3c2ncc(=O)n3CCN2CCN(c3ccc(F)cc3F)CC2)o1,8.070581074285707,8.5,1,CHEMBL5078028,Adenosine receptor A2a
Cc1ccc(-c2nc(N)nc3c2ncc(=O)n3CCN2CCN(c3ccc(OC(F)(F)F)cc3)CC2)o1,6.92009553233328,120.2,1,CHEMBL5075499,Adenosine receptor A2a
Cc1ccc(-c2nc(N)nc3c2ncc(=O)n3CCN2CCN(c3ccc(OC(F)F)cc3)CC2)o1,7.195860567664649,63.7,1,CHEMBL5083945,Adenosine receptor A2a
Cc1ccc(-c2nc(N)nc3c2ncc(=O)n3CCN2CCN(c3ccc(OC(F)F)cc3F)CC2)o1,7.6777807052660805,21.0,1,CHEMBL5089845,Adenosine receptor A2a
Cc1ccc(-c2nc(N)nc3c2ncc(=O)n3CCN2CCN(c3ccc(Oc4ccccc4)cc3)CC2)o1,6.21838821750685,604.8,1,CHEMBL5081971,Adenosine receptor A2a
Cc1ccc(-c2nc(N)nc3c2ncc(=O)n3CCN2CCN(c3cccc(C(F)(F)F)c3)CC2)o1,6.29860473098608,502.8,1,CHEMBL5079916,Adenosine receptor A2a
Cc1ccc(-c2nc(N)nc3c2ncc(=O)n3CCN2CCN(c3cccc(F)c3)CC2)o1,7.2403321553103694,57.5,1,CHEMBL5088463,Adenosine receptor A2a
Cc1ccc(-c2nc(N)nc3c2ncc(=O)n3CCN2CCN(c3cccc(OC(F)(F)F)c3)CC2)o1,5.0,10000.0,1,CHEMBL5090704,Adenosine receptor A2a
Cc1ccc(-c2nc(N)nc3c2ncc(=O)n3CCN2CCN(c3ccccc3)CC2)o1,7.308034897232639,49.2,1,CHEMBL5075272,Adenosine receptor A2a
Cc1ccc(-c2nc(N)nc3c2ncc(=O)n3CCN2CCN(c3ccccc3C(F)(F)F)CC2)o1,6.212823007529446,612.6,1,CHEMBL5084124,Adenosine receptor A2a
Cc1ccc(-c2nc(N)nc3c2ncc(=O)n3CCN2CCN(c3ccccc3F)CC2)o1,7.931814138253839,11.7,1,CHEMBL5091888,Adenosine receptor A2a
Cc1ccc(-c2nc(N)nc3c2ncc(=O)n3CCN2CCN(c3ccccc3OC(F)(F)F)CC2)o1,5.0,10000.0,1,CHEMBL5093000,Adenosine receptor A2a
Cc1ccc(-c2nc(N)nc3c2ncc(=O)n3CCc2ccccc2)o1,6.681936665037238,208.0,1,CHEMBL5081105,Adenosine receptor A2a
Cc1ccc(-c2nc(N)nc3c2ncc(=O)n3Cc2cccc(C(F)(F)F)c2)o1,5.0,10000.0,1,CHEMBL5080005,Adenosine receptor A2a
Cc1ccc(-c2nc(N)nc3c2ncc(=O)n3Cc2ccccc2)o1,6.317223353685566,481.7,1,CHEMBL5091384,Adenosine receptor A2a
Cc1ccc(-c2nc(N)nc3c2ncc(=O)n3Cc2ccco2)o1,5.66334017654558,2171.0,1,CHEMBL5076939,Adenosine receptor A2a
Cc1ccc(-c2nc(N)nc3c2nnn3Cc2cccc(CO[C@H]3CCOC3)n2)o1,7.079946952771621,83.25,6,CHEMBL4297184,Adenosine receptor A2a
Cc1ccc(C(=O)c2nc(N(C)Cc3cccnc3)nc3ccsc23)s1,5.643782865780265,2271.0,1,CHEMBL1078087,Adenosine receptor A2a
Cc1ccc(C(=O)c2nc(N)nc3ccsc23)s1,6.657577319177793,220.0,1,CHEMBL1077751,Adenosine receptor A2a
Cc1ccc(C(=O)c2nc(NC(=O)c3cccnc3)nc3ccsc23)s1,6.79317412396815,161.0,1,CHEMBL1078001,Adenosine receptor A2a
Cc1ccc(C(=O)c2nc(NC(C)c3ccccc3)nc3ccsc23)s1,5.9677842967020185,1077.0,1,CHEMBL1078347,Adenosine receptor A2a
Cc1ccc(C(=O)c2nc(NC(C)c3ccccn3)nc3ccsc23)s1,6.928117992693875,118.0,1,CHEMBL1077915,Adenosine receptor A2a
Cc1ccc(C(=O)c2nc(NC(C)c3cccnc3)nc3ccsc23)s1,7.00436480540245,99.0,1,CHEMBL1079115,Adenosine receptor A2a
Cc1ccc(C(=O)c2nc(NCC3CCCCC3)nc3ccsc23)s1,5.0,10000.0,1,CHEMBL1077984,Adenosine receptor A2a
Cc1ccc(C(=O)c2nc(NCCc3ccccn3)nc3ccsc23)s1,6.454692883534176,351.0,1,CHEMBL1078085,Adenosine receptor A2a
Cc1ccc(C(=O)c2nc(NCCc3cccnc3)nc3ccsc23)s1,6.752026733638194,177.0,1,CHEMBL1078086,Adenosine receptor A2a
Cc1ccc(C(=O)c2nc(NCc3ccccc3)nc3ccsc23)s1,5.145936988133579,7146.0,1,CHEMBL1077985,Adenosine receptor A2a
Cc1ccc(C(=O)c2nc(NCc3ccccn3)nc3ccsc23)s1,6.730487055782084,186.0,1,CHEMBL1078348,Adenosine receptor A2a
Cc1ccc(C(=O)c2nc(NCc3cccnc3)nc3ccsc23)cc1,6.354577730650908,442.0,1,CHEMBL1079142,Adenosine receptor A2a
Cc1ccc(C(=O)c2nc(NCc3cccnc3)nc3ccsc23)o1,5.902395671125589,1252.0,1,CHEMBL1079117,Adenosine receptor A2a
Cc1ccc(C(=O)c2nc(NCc3cccnc3)nc3ccsc23)s1,6.00436480540245,990.0,1,CHEMBL1078349,Adenosine receptor A2a
Cc1ccc(C(=O)c2nc(NCc3ccncn3)nc3ccsc23)s1,6.935542010773082,116.0,1,CHEMBL1077902,Adenosine receptor A2a
Cc1ccc(C(=O)c2ncnc3ccsc23)s1,5.174898588401997,6685.0,1,CHEMBL1079059,Adenosine receptor A2a
Cc1ccc(Cn2c(=O)[nH]c3c(-c4ccc(C)o4)nc(N)nc32)c(C(F)(F)F)c1,6.671620396561262,213.0,1,CHEMBL5836223,Adenosine receptor A2a
Cc1ccc(Cn2ccc(-c3cc(-c4cccc(C#N)c4C)nc(N)n3)cc2=O)cc1,6.372531727540291,424.1,1,CHEMBL5417712,Adenosine receptor A2a
Cc1ccc(Nc2c(-c3ccc4nccnc4c3)c(C)nn2-c2ccccc2C)c(C(=O)O)c1,4.301029995663981,50000.0,1,CHEMBL1258284,Adenosine receptor A2a
Cc1ccc(Nc2nc(N(CCO)Cc3ccccc3)nc3c2cnn3-c2ccccc2)cc1,5.7447274948966935,1800.0,1,CHEMBL5193510,Adenosine receptor A2a
Cc1ccc2[nH]cc(Cn3cc(-c4cc(-c5cccc(C#N)c5C)nc(N)n4)nn3)c2c1,6.985899678480379,103.3,1,CHEMBL5556652,Adenosine receptor A2a
Cc1ccc2c(Cn3cc(-c4cc(-c5cccc(C#N)c5C)nc(N)n4)nn3)c[nH]c2c1,6.489589051989823,323.9,1,CHEMBL5570763,Adenosine receptor A2a
Cc1cccc(-c2c(C#N)c(N)nc(N3CCCCC3)c2C#N)c1,6.6020599913279625,250.0,1,CHEMBL6162222,Adenosine receptor A2a
Cc1cccc(-c2cccc(-c3c(C#N)c(N)nc(N4CCCCC4)c3C#N)c2)c1,6.6777807052660805,210.0,1,CHEMBL6174991,Adenosine receptor A2a
Cc1cccc(C(=O)NC2CN(C(=O)c3nc(N[C@@H](C)c4cncc(F)c4)nc4ccsc34)C2)c1,8.0,10.0,1,CHEMBL5817662,Adenosine receptor A2a
Cc1cccc(Cn2ccc(-c3cc(-c4cccc(C#N)c4C)nc(N)n3)cc2=O)c1,7.137868620686962,72.8,1,CHEMBL5412117,Adenosine receptor A2a
Cc1cccc(Nc2nc(NCCCO)nc3c2cnn3-c2ccccc2)c1,7.221848749616356,60.0,1,CHEMBL5182020,Adenosine receptor A2a
Cc1ccccc1-c1c(C#N)c(N)nc(N2CCCCC2)c1C#N,6.221848749616356,600.0,1,CHEMBL6171849,Adenosine receptor A2a
Cc1ccccc1-c1cccc(-c2c(C#N)c(N)nc(N3CCCCC3)c2C#N)c1,6.5376020021010435,290.0,1,CHEMBL6173126,Adenosine receptor A2a
Cc1ccccc1-n1nc(C(F)(F)F)c(-c2ccc3nccnc3c2)c1Nc1ccccc1C(=O)O,4.301029995663981,50000.0,1,CHEMBL1258622,Adenosine receptor A2a
Cc1ccccc1-n1nc(C)c(-c2cc(F)c3nccnc3c2)c1Nc1ccccc1C(=O)O,4.301029995663981,50000.0,1,CHEMBL1258850,Adenosine receptor A2a
Cc1ccccc1-n1nc(C)c(-c2ccc3nccnc3c2)c1Nc1ccc(Cl)cc1C(=O)O,4.301029995663981,50000.0,1,CHEMBL1258283,Adenosine receptor A2a
Cc1ccccc1-n1nc(C)c(-c2ccc3nccnc3c2)c1Nc1ccccc1C(=O)O,4.301029995663981,50000.0,1,CHEMBL1258396,Adenosine receptor A2a
Cc1ccccc1-n1ncc(-c2ccc3nccnc3c2)c1Nc1ccccc1C(=O)O,4.301029995663981,50000.0,1,CHEMBL1258731,Adenosine receptor A2a
Cc1ccccc1CC1OC(=O)c2c(-c3ccco3)nc(N)nc21,7.507239610973162,31.1,1,CHEMBL5969464,Adenosine receptor A2a
Cc1ccccc1Cn1ccc(-c2cc(-c3cccc(C#N)c3C)nc(N)n2)cc1=O,5.960585880823863,1095.0,1,CHEMBL5422530,Adenosine receptor A2a
Cc1cccnc1CNC(=O)c1c(N)nc(-c2ccco2)nc1OCCF,6.698970004336019,200.0,1,CHEMBL4759461,Adenosine receptor A2a
Cc1cccnc1CNC(=O)c1c(N)nc(-c2ccco2)nc1OC[C@H](C)O,6.906239639581768,138.5,2,CHEMBL4778265,Adenosine receptor A2a
Cc1cccnc1CNC(=O)c1cnc(-c2ccco2)nc1N,6.906239639581768,138.5,2,CHEMBL4782266,Adenosine receptor A2a
Cc1ccn(-c2nc(N)c(C#N)nc2-c2cc(Cl)c3ncccc3c2)n1,8.619788758288394,2.4,1,CHEMBL5947305,Adenosine receptor A2a
Cc1ccn(-c2nc(N)c(C#N)nc2-c2ccc3ncccc3c2)n1,8.481486060122112,3.3,1,CHEMBL5852840,Adenosine receptor A2a
Cc1ccn(-c2nc(N)cnc2-c2cc(Cl)c3[nH]ncc3c2)n1,8.259637310505756,5.5,1,CHEMBL6050921,Adenosine receptor A2a
Cc1ccn(-c2nc(N)cnc2-c2cc(Cl)c3ncccc3c2)n1,8.67778070526608,2.1,1,CHEMBL6015286,Adenosine receptor A2a
Cc1cn([C@H](C)CC#N)c(=O)c2cc(Cn3nc(C(F)F)cc3Cl)nn12,5.0,10000.0,1,CHEMBL5092058,Adenosine receptor A2a
Cc1cnc(-c2nc(N)n3nc(Cc4c(F)cccc4F)nc3c2-c2ccc(=O)n(C)c2)o1,7.823908740944319,15.0,1,CHEMBL5969196,Adenosine receptor A2a
Cc1cnc2ccc(-c3c(-c4ccc(F)cc4)nc(N)n4nc(CC5CCOC5)nc34)cn12,10.0,0.1,1,CHEMBL5940119,Adenosine receptor A2a
Cc1cnc2ccc(-c3c(-c4ccc(F)cc4)nc(N)n4nc(CCN(C)C)nc34)cn12,9.221848749616356,0.6,1,CHEMBL5949734,Adenosine receptor A2a
Cc1cnc2ccc(-c3c(-c4ccc(F)cc4)nc(N)n4nc(C[C@@H]5CCCN5C)nc34)cn12,9.522878745280337,0.3,1,CHEMBL6016827,Adenosine receptor A2a
Cc1cnc2ccc(-c3c(-c4ccc(F)cc4)nc(N)n4nc(C[C@H]5CCCN5C)nc34)cn12,9.397940008672037,0.4,1,CHEMBL5988700,Adenosine receptor A2a
Cc1cnc2ccc(-c3c(-c4ccc(F)cc4)nc(N)n4nc(C[C@H]5CCOC5)nc34)cn12,10.0,0.1,1,CHEMBL5836704,Adenosine receptor A2a
Cc1cnc2ccc(-c3c(-c4ncco4)nc(N)n4nc(C[C@@H]5CCCO5)nc34)cn12,9.301029995663981,0.5,1,CHEMBL5742864,Adenosine receptor A2a
Cc1cnc2ccc(-c3c(-c4ncco4)nc(N)n4nc(C[C@@H]5CCOC5)nc34)cn12,9.301029995663981,0.5,1,CHEMBL5778791,Adenosine receptor A2a
Cc1cnc2ccc(-c3c(-c4ncco4)nc(N)n4nc(C[C@H]5CCCO5)nc34)cn12,9.698970004336019,0.2,1,CHEMBL6064185,Adenosine receptor A2a
Cc1cnc2ccc(-c3c(-c4ncco4)nc(N)n4nc(C[C@H]5CCOC5)nc34)cn12,9.301029995663981,0.5,1,CHEMBL5916564,Adenosine receptor A2a
Cc1cnc2ccc(-c3c(-c4ncco4)nc(N)n4nc(Cc5ncccc5F)nc34)cn12,9.301029995663981,0.5,1,CHEMBL6057896,Adenosine receptor A2a
Cc1cnc2ccc(-c3c(-n4cc(F)cn4)nc(N)n4nc(Cc5ncccc5F)nc34)cn12,9.698970004336019,0.2,1,CHEMBL6057843,Adenosine receptor A2a
Cc1cnc2ccc(-c3c(-n4ccc(F)n4)nc(N)n4nc(Cc5ncccc5F)nc34)cn12,9.698970004336019,0.2,1,CHEMBL6007478,Adenosine receptor A2a
Cc1cnc2ccc(-c3c(N(C)C)nc(N)n4nc(Cc5ncccc5F)nc34)cn12,8.920818753952375,1.2,1,CHEMBL5765395,Adenosine receptor A2a
Cc1cnc2ccc(-c3c(N4CC5(COC5)C4)nc(N)n4nc(Cc5ncccc5F)nc34)cn12,6.642065152999546,228.0,1,CHEMBL5772087,Adenosine receptor A2a
Cc1cnc2ccc(-c3c(N4CCC4)nc(N)n4nc(Cc5c(F)cccc5F)nc34)cn12,10.0,0.1,1,CHEMBL5747460,Adenosine receptor A2a
Cc1cnc2ccc(-c3c(N4CCC4)nc(N)n4nc(Cc5ncccc5F)nc34)cn12,8.721246399047171,1.9,1,CHEMBL5964116,Adenosine receptor A2a
Cc1cnc2ccc(-c3c(N4CCC5(COC5)C4)nc(N)n4nc(Cc5ncccc5F)nc34)cn12,6.0996328713435295,795.0,1,CHEMBL6031846,Adenosine receptor A2a
Cc1cnc2ccc(-c3c(N4CCCC4)nc(N)n4nc(Cc5c(F)cccc5F)nc34)cn12,9.397940008672037,0.4,1,CHEMBL6055525,Adenosine receptor A2a
Cc1cnc2ccc(-c3c(N4CCCC4)nc(N)n4nc(Cc5ncccc5F)nc34)cn12,8.086186147616283,8.2,1,CHEMBL5955357,Adenosine receptor A2a
Cc1cnc2ccc(-c3c(N4CCN(C)CC4)nc(N)n4nc(Cc5c(F)cccc5F)nc34)cn12,7.373659632624958,42.3,1,CHEMBL5745377,Adenosine receptor A2a
Cc1cnc2ccc(-c3c(N4CCOCC4)nc(N)n4nc(Cc5c(F)cccc5F)nc34)cn12,9.698970004336019,0.2,1,CHEMBL5913092,Adenosine receptor A2a
Cc1cnc2ccc(-c3c(N4CCOCC4)nc(N)n4nc(Cc5ncccc5F)nc34)cn12,8.585026652029182,2.6,1,CHEMBL5857008,Adenosine receptor A2a
Cc1cnc2ccc(-c3c(N4CCOC[C@@H]4C)nc(N)n4nc(Cc5ncccc5F)nc34)cn12,7.372634143407267,42.4,1,CHEMBL6012996,Adenosine receptor A2a
Cc1cnc2ccc(-c3c(N4CCOC[C@H]4C)nc(N)n4nc(Cc5ncccc5F)nc34)cn12,7.136677139879544,73.0,1,CHEMBL5959158,Adenosine receptor A2a
Cc1cnc2ccc(-c3c(N4CCO[C@@H](C)C4)nc(N)n4nc(Cc5ncccc5F)nc34)cn12,8.494850021680094,3.2,1,CHEMBL5865101,Adenosine receptor A2a
Cc1cnc2ccc(-c3c(N4CCO[C@H](C)C4)nc(N)n4nc(Cc5ncccc5F)nc34)cn12,7.03810452633215,91.6,1,CHEMBL5798008,Adenosine receptor A2a
Cc1cnc2ccc(-c3nc(C(=O)NC(C)C)c(N)nc3-c3ncco3)cn12,8.568636235841012,2.7,2,CHEMBL6046888,Adenosine receptor A2a
Cc1cnc2ccc(-c3nc(C(=O)NC4CCC4)c(N)nc3-c3ncco3)cn12,8.040958607678906,9.1,2,CHEMBL5800748,Adenosine receptor A2a
Cc1cnc2ccc(-c3nc(C(=O)NCC4CCCN4C)c(N)nc3-c3ncco3)cn12,8.484700139017026,3.3,4,CHEMBL5836132,Adenosine receptor A2a
Cc1cnc2ccc(-c3nc(C(=O)NCC4CCO4)c(N)nc3-c3ncco3)cn12,8.479303657420887,3.75,4,CHEMBL5957693,Adenosine receptor A2a
Cc1cnc2ccc(-c3nc(C(=O)NC[C@@H]4CCCN4C)c(N)nc3-c3ccc(F)cc3)cn12,8.2839966563652,5.2,2,CHEMBL5903127,Adenosine receptor A2a
Cc1cnc2ccc(-c3nc(C(=O)NC[C@@H]4CCCO4)c(N)nc3-c3ncco3)cn12,8.508638306165727,3.1,2,CHEMBL5818042,Adenosine receptor A2a
Cc1cnc2ccc(-c3nc(C(=O)NC[C@@H]4CCOC4)c(N)nc3-c3ncco3)cn12,8.4089353929735,3.9,2,CHEMBL6023556,Adenosine receptor A2a
Cc1cnc2ccc(-c3nc(C(=O)NC[C@H]4CCCN4C)c(N)nc3-c3ccc(F)cc3)cn12,8.657577319177793,2.2,2,CHEMBL5772644,Adenosine receptor A2a
Cc1cnc2ccc(-c3nc(C(=O)NC[C@H]4CCCO4)c(N)nc3-c3ncco3)cn12,8.853871964321762,1.4,2,CHEMBL5895809,Adenosine receptor A2a
Cc1cnc2ccc(-c3nc(C(=O)NC[C@H]4CCOC4)c(N)nc3-c3ncco3)cn12,8.769551078621726,1.7,2,CHEMBL6042158,Adenosine receptor A2a
Cc1cnc2ccc(-c3nc(C(=O)NCc4ncccc4F)c(N)nc3-c3ncco3)cn12,8.619788758288394,2.4,2,CHEMBL5878949,Adenosine receptor A2a
Cc1cncc(CNC(=O)c2nc(NCc3cncc(C)c3)nc3ccsc23)c1,6.301029995663981,500.0,1,CHEMBL6052510,Adenosine receptor A2a
Cc1cncc(CNc2nc(C(=O)N3CCC3)c3sccc3n2)c1,6.301029995663981,500.0,1,CHEMBL5961461,Adenosine receptor A2a
Cc1cncc(CNc2nc(C(=O)N3CCCC3)c3sccc3n2)c1,6.301029995663981,500.0,1,CHEMBL6002451,Adenosine receptor A2a
Cc1cncc(CNc2nc(C(=O)N3CC[C@H](O)C3)c3sccc3n2)c1,6.301029995663981,500.0,1,CHEMBL5777347,Adenosine receptor A2a
Cc1cnn([C@H]2C[C@@H](n3cnc4c(N)nc(N[C@H](CO)Cc5ccccc5)nc43)[C@H](O)[C@@H]2O)c1,7.251811972993799,56.0,1,CHEMBL592246,Adenosine receptor A2a
Cc1coc(-c2nc(N)n3nc(Cc4c(F)cccc4F)nc3c2-c2ccc(=O)n(C)c2)n1,6.856985199745905,139.0,1,CHEMBL5963502,Adenosine receptor A2a
Cc1csc2c(C(=O)N3CC(NC(=O)C(C)(C)C)C3)nc(N[C@@H](C)c3cncc(F)c3)nc12,8.0,10.0,1,CHEMBL5814541,Adenosine receptor A2a
Cc1csc2c(C(=O)N3CC(NC(=O)c4cccc(Cl)c4)C3)nc(N[C@@H](C)c3cncc(F)c3)nc12,7.522878745280337,30.0,1,CHEMBL5764196,Adenosine receptor A2a
Cc1csc2c(C(=O)N3CCC3)nc(N[C@@H](C)c3cncc(F)c3)nc12,7.522878745280337,30.0,1,CHEMBL6063175,Adenosine receptor A2a
Cc1csc2c(C(=O)N3CCCC3)nc(N[C@@H](C)c3ccccn3)nc12,7.522878745280337,30.0,1,CHEMBL5870922,Adenosine receptor A2a
Cc1csc2c(C(=O)N3CCCC3)nc(N[C@@H](C)c3cncc(F)c3)nc12,7.522878745280337,30.0,1,CHEMBL5929296,Adenosine receptor A2a
Cc1csc2c(C(=O)N3CC[C@H](O)C3)nc(N[C@@H](C)c3cncc(F)c3)nc12,6.522878745280337,300.0,1,CHEMBL5943058,Adenosine receptor A2a
Cc1csc2c(C(=O)NC3CCC3)nc(N[C@@H](C)c3ccccn3)nc12,7.522878745280337,30.0,1,CHEMBL5868500,Adenosine receptor A2a
Cc1csc2c(C(=O)NCCc3cccc(O)c3)nc(N[C@@H](C)c3ccccn3)nc12,7.1249387366083,75.0,1,CHEMBL6064227,Adenosine receptor A2a
Cc1csc2c(C(=O)NCc3ccccc3)nc(N[C@@H](C)c3ccccn3)nc12,7.522878745280337,30.0,1,CHEMBL5956556,Adenosine receptor A2a
Cc1csc2c(C(=O)NCc3ccccn3)nc(N[C@@H](C)c3ccccn3)nc12,7.522878745280337,30.0,1,CHEMBL5745907,Adenosine receptor A2a
Cc1csc2c(C(=O)NCc3cccnc3)nc(N[C@@H](C)c3ccccn3)nc12,7.522878745280337,30.0,1,CHEMBL5749409,Adenosine receptor A2a
Cc1nc(C(=O)c2ccc(C)s2)c2sccc2n1,5.1052963473907695,7847.0,1,CHEMBL1077749,Adenosine receptor A2a
Cc1nc(Cc2nc3c(-c4ccc5nccn5c4)c(-c4ccc(F)cc4)nc(N)n3n2)cs1,8.494850021680094,3.2,1,CHEMBL6031624,Adenosine receptor A2a
Cc1nc(N)c(C#N)c(-c2ccccc2)c1C,6.259637310505756,550.0,1,CHEMBL1367239,Adenosine receptor A2a
Cc1nc2[nH]cnc2c2nc(-c3ccccc3)nn12,6.259637310505756,550.0,1,CHEMBL339655,Adenosine receptor A2a
Cc1nc2c(N)nc(NCCc3cccs3)nc2s1,7.036160867931004,92.5,2,CHEMBL4126427,Adenosine receptor A2a
Cc1nc2nc(-c3ccccc3)[nH]c(N[C@H](C)c3ccccc3)c-2c1C,5.411616231621272,3876.0,1,CHEMBL81336,Adenosine receptor A2a
Cc1nc2nc(-c3ccccc3)[nH]c(N[C@H](CO)CC(C)C)c-2c1C,5.5195501861271214,3044.5,2,CHEMBL78659,Adenosine receptor A2a
Cc1ncc(-c2nc(N)cnc2-c2cc(Cl)c3ncccc3c2)s1,8.0268721464003,9.4,1,CHEMBL5939518,Adenosine receptor A2a
Cc1ncc(-c2nc(N)cnc2-c2ccc3ncccc3c2)s1,7.255707016877324,55.5,1,CHEMBL5992682,Adenosine receptor A2a
Cc1nccc(-c2c(-c3ccc(F)cc3)nc(N)n3nc(Cc4c(F)cccc4F)nc23)c1C,6.7594507517174005,174.0,1,CHEMBL5813457,Adenosine receptor A2a
Cc1ncccc1CNC(=O)c1nc(NCc2cccnc2C)nc2ccsc12,6.301029995663981,500.0,1,CHEMBL5773876,Adenosine receptor A2a
Cc1ncccc1CNc1nc(C(=O)N2CCCC2)c2sccc2n1,6.522878745280337,300.0,1,CHEMBL6052161,Adenosine receptor A2a
Cc1nn(C(C)(C)CO)cc1N1CC(C)CC(c2nc3c4cc(F)cc(F)c4nc(N)n3n2)C1,8.017164014389946,77.3,2,CHEMBL5754574,Adenosine receptor A2a
Cc1nn(C(C)C(C)O)cc1N1CC(C)CC(c2nc3c4cc(F)cc(F)c4nc(N)n3n2)C1,8.107335082494616,61.25,4,CHEMBL5801469,Adenosine receptor A2a
Cc1nn(C(C)C(C)O)cc1N1CCC[C@@H](c2nc3c4cc(F)cc(F)c4nc(N)n3n2)C1,9.071333751784366,0.8500000000000001,2,CHEMBL6013704,Adenosine receptor A2a
Cc1nn(CC(C)(C)O)cc1N1CC(C)CC(c2nc3c4cc(F)cc(F)c4nc(N)n3n2)C1,8.42172542433411,12.25,2,CHEMBL5801929,Adenosine receptor A2a
Cc1nn(CC(C)(C)O)cc1N1CCC[C@@H](c2nc3c4cc(F)c(OC(F)F)cc4nc(N)n3n2)C1,8.920818753952375,1.2,1,CHEMBL5766675,Adenosine receptor A2a
Cc1nnnn1[C@H]1C[C@@H](n2cnc3c(NCC(c4ccccc4)c4ccccc4)nc(NCCc4cn(C(C)C)cn4)nc32)[C@H](O)[C@@H]1O,6.995678626217358,101.0,1,CHEMBL601732,Adenosine receptor A2a
Cc1scnc1CNC(=O)c1nc(-c2ccc(=O)n(C)c2)c(-c2ncco2)nc1N,8.455931955649724,3.5,2,CHEMBL5921852,Adenosine receptor A2a
Cl.Cl.Nc1nc(C(=O)NCc2ccccn2)cn2c1nc1ccccc12,7.978810700930062,10.5,1,CHEMBL5203105,Adenosine receptor A2a
Cl.NC(N)=NC(=O)c1nc(Cl)c(NCCc2ccc3c(c2)OCO3)nc1N,5.251811972993799,5600.0,1,CHEMBL3818205,Adenosine receptor A2a
Clc1ccc(COC(Cn2ccnc2)c2ccc(Cl)cc2Cl)c(Cl)c1,4.846093714861132,14253.0,1,CHEMBL91,Adenosine receptor A2a
Clc1ccc(COC(Cn2ccnc2)c2ccc(Cl)cc2Cl)cc1,4.8351714656555185,14616.0,1,CHEMBL808,Adenosine receptor A2a
Clc1ccccc1C(c1ccccc1)(c1ccccc1)n1ccnc1,4.895820281279348,12711.0,1,CHEMBL104,Adenosine receptor A2a
Cn1c(-c2ccco2)nc2c(N)nc(NCCc3ccc(O)cc3)nc21,5.580021959971933,2630.135,2,CHEMBL2381762,Adenosine receptor A2a
Cn1c(-n2ccnn2)nc2c(N)nc(NCCc3ccc(O)cc3)nc21,4.629999989670023,32477.045,2,CHEMBL2381764,Adenosine receptor A2a
Cn1c(-n2nccn2)nc2c(N)nc(CCCCO)nc21,5.6777807052660805,2100.0,1,CHEMBL2398485,Adenosine receptor A2a
Cn1c(-n2nccn2)nc2c(N)nc(NCCc3ccc(O)cc3)nc21,5.01005276723816,9771.185000000001,2,CHEMBL2381763,Adenosine receptor A2a
Cn1c(=O)c2c(ncn2C)n(C)c1=O,4.853284247040651,15036.0,2,CHEMBL113,Adenosine receptor A2a
Cn1c(=O)c2nc(-c3ccccc3)[nH]c2n(C)c1=O,6.342944147142896,454.0,1,CHEMBL62350,Adenosine receptor A2a
Cn1c(=O)c2nc[nH]c2n(C)c1=O.O,4.920565489366257,12007.0,1,CHEMBL1355736,Adenosine receptor A2a
Cn1c(=O)n(Cc2ccc(F)cc2F)c2nc(N)nc(-c3ccco3)c21,7.521433504406157,30.1,1,CHEMBL5979585,Adenosine receptor A2a
Cn1c(=O)n(Cc2ccccc2F)c2nc(N)nc(-c3ccco3)c21,7.361510743045363,43.5,1,CHEMBL6037711,Adenosine receptor A2a
Cn1cc(-c2c(-c3cc(F)cc(F)c3)nc(N)n3nc(Cc4ncccc4F)nc23)ccc1=O,8.102372908709558,7.9,1,CHEMBL5963481,Adenosine receptor A2a
Cn1cc(-c2c(-c3ccc(C#N)cc3)nc(N)n3nc(Cc4ncccc4F)nc23)ccc1=O,6.920818753952375,120.0,1,CHEMBL5948505,Adenosine receptor A2a
Cn1cc(-c2c(-c3ccc(C(F)(F)F)cc3)nc(N)n3nc(Cc4ncccc4F)nc23)ccc1=O,8.2839966563652,5.2,3,CHEMBL6022055,Adenosine receptor A2a
Cn1cc(-c2c(-c3ccc(C(F)F)cc3)nc(N)n3nc(Cc4ncccc4F)nc23)ccc1=O,8.468521082957745,3.4,3,CHEMBL5931362,Adenosine receptor A2a
Cn1cc(-c2c(-c3ccc(Cl)cc3)nc(N)n3nc(Cc4ncccc4F)nc23)ccc1=O,7.657577319177793,22.0,1,CHEMBL5774791,Adenosine receptor A2a
Cn1cc(-c2c(-c3ccc(F)c(F)c3)nc(N)n3nc(Cc4ncccc4F)nc23)ccc1=O,7.7447274948966935,18.0,1,CHEMBL5882686,Adenosine receptor A2a
Cn1cc(-c2c(-c3ccc(F)cc3)nc(N)n3nc(Cc4c(F)cccc4F)nc23)ccc1=O,8.67778070526608,2.1,3,CHEMBL5756623,Adenosine receptor A2a
Cn1cc(-c2c(-c3ccc(F)cc3)nc(N)n3nc(Cc4cccc(N)n4)nc23)ccc1=O,7.568636235841013,27.0,1,CHEMBL5952384,Adenosine receptor A2a
Cn1cc(-c2c(-c3ccc(F)cc3)nc(N)n3nc(Cc4cscn4)nc23)ccc1=O,7.5376020021010435,29.0,1,CHEMBL5800628,Adenosine receptor A2a
Cn1cc(-c2c(-c3ccc(F)cc3)nc(N)n3nc(Cc4ncc(F)cc4F)nc23)ccc1=O,7.657577319177793,22.0,1,CHEMBL5969060,Adenosine receptor A2a
Cn1cc(-c2c(-c3ccc(F)cc3)nc(N)n3nc(Cc4ncccc4F)nc23)ccc1=O,8.638272163982407,2.3,3,CHEMBL5993458,Adenosine receptor A2a
Cn1cc(-c2c(-c3ccc(F)cc3)nc(N)n3nc(Cc4ncccc4OC(F)F)nc23)ccc1=O,8.55284196865778,2.8,3,CHEMBL5956015,Adenosine receptor A2a
Cn1cc(-c2c(-c3ccc(F)cc3)nc(N)n3nc(Cc4nccs4)nc23)ccc1=O,8.102372908709558,7.9,1,CHEMBL5916379,Adenosine receptor A2a
Cn1cc(-c2c(-c3ccc(F)cc3)nc(N)n3nc([C@H](O)c4ncccc4F)nc23)ccc1=O,8.060480747381382,8.7,1,CHEMBL4876080,Adenosine receptor A2a
Cn1cc(-c2c(-c3ccc(F)cc3F)nc(N)n3nc(Cc4ncccc4F)nc23)ccc1=O,7.167491087293763,68.0,1,CHEMBL5837834,Adenosine receptor A2a
Cn1cc(-c2c(-c3ccc4c(ccn4C)c3)nc(N)n3nc(Cc4ncccc4F)nc23)ccc1=O,7.327902142064283,47.0,1,CHEMBL5903842,Adenosine receptor A2a
Cn1cc(-c2c(-c3cccc(Cl)c3)nc(N)n3nc(Cc4ncccc4F)nc23)ccc1=O,8.387216143280265,4.1,3,CHEMBL6043653,Adenosine receptor A2a
Cn1cc(-c2c(-c3cccc(F)c3)nc(N)n3nc(Cc4ncccc4F)nc23)ccc1=O,8.2839966563652,5.2,1,CHEMBL5875672,Adenosine receptor A2a
Cn1cc(-c2c(-c3ccccc3)nc(N)n3nc(Cc4ncccc4F)nc23)ccc1=O,9.244125144327509,0.57,1,CHEMBL4870159,Adenosine receptor A2a
Cn1cc(-c2c(-c3ccccc3)nc(N)n3nc([C@H](O)c4ncccc4F)nc23)ccc1=O,9.2839966563652,0.52,1,CHEMBL4873266,Adenosine receptor A2a
Cn1cc(-c2c(-c3ccccc3Cl)nc(N)n3nc(Cc4ncccc4F)nc23)ccc1=O,6.8696662315049934,135.0,1,CHEMBL5746764,Adenosine receptor A2a
Cn1cc(-c2c(-c3ccccn3)nc(N)n3nc(Cc4c(F)cccc4F)nc23)ccc1=O,8.096910013008056,8.0,1,CHEMBL5974092,Adenosine receptor A2a
Cn1cc(-c2c(-c3ncco3)nc(N)n3nc(Cc4c(F)cccc4F)nc23)ccc1=O,7.920818753952375,12.0,3,CHEMBL5781725,Adenosine receptor A2a
Cn1cc(-c2c(-c3ncco3)nc(N)n3nc(Cc4ncccc4F)nc23)ccc1=O,7.698970004336019,20.0,3,CHEMBL6007073,Adenosine receptor A2a
Cn1cc(-c2c(-c3ncco3)nc(N)n3nc(Cc4ncccc4OC(F)F)nc23)ccc1=O,7.958607314841775,11.0,1,CHEMBL5896698,Adenosine receptor A2a
Cn1cc(-c2c(-c3nccs3)nc(N)n3nc(Cc4c(F)cccc4F)nc23)ccc1=O,8.366531544420413,4.3,1,CHEMBL5787943,Adenosine receptor A2a
Cn1cc(-c2c(-n3cccn3)nc(N)n3nc(Cc4ncccc4F)nc23)ccc1=O,6.913640169325252,122.0,1,CHEMBL5921476,Adenosine receptor A2a
Cn1cc(-c2c(-n3nccn3)nc(N)n3nc(Cc4c(F)cccc4F)nc23)ccc1=O,8.853871964321762,1.4,3,CHEMBL5847654,Adenosine receptor A2a
Cn1cc(-c2c(Cl)nc(N)n3nc(Cc4c(F)cccc4F)nc23)ccc1=O,6.801342913045577,158.0,1,CHEMBL5802772,Adenosine receptor A2a
Cn1cc(-c2cnc(N)n3nc(-c4ccco4)nc23)ccc1=O,8.242603971206975,5.72,1,CHEMBL5075422,Adenosine receptor A2a
Cn1cc(-c2nc(C(=O)NC(CO)c3c(F)cccc3F)c(N)nc2-c2ncco2)ccc1=O,8.031517051446064,9.3,2,CHEMBL5769004,Adenosine receptor A2a
Cn1cc(-c2nc(C(=O)NCc3c(F)cccc3F)c(N)nc2-c2ccc(F)cc2)ccc1=O,8.638272163982407,2.3,2,CHEMBL5857491,Adenosine receptor A2a
Cn1cc(-c2nc(C(=O)NCc3c(F)cccc3F)c(N)nc2-c2ncco2)ccc1=O,8.721246399047171,1.9,2,CHEMBL5867976,Adenosine receptor A2a
Cn1cc(-c2nc(C(=O)NCc3c(F)cccc3F)c(N)nc2-n2nccn2)ccc1=O,8.494850021680094,3.2,2,CHEMBL5929797,Adenosine receptor A2a
Cn1cc(-c2nc(C(=O)NCc3cccc(N)n3)c(N)nc2-c2ncco2)ccc1=O,7.958607314841775,11.0,2,CHEMBL5811659,Adenosine receptor A2a
Cn1cc(-c2nc(C(=O)NCc3nc(N)ccc3F)c(N)nc2-c2ncco2)ccc1=O,8.275724130399212,5.3,2,CHEMBL5974116,Adenosine receptor A2a
Cn1cc(-c2nc(C(=O)NCc3ncccc3F)c(N)nc2-c2ncco2)ccc1=O,8.508638306165727,3.1,2,CHEMBL5897259,Adenosine receptor A2a
Cn1cc(-c2nc(C(=O)NCc3ncccc3OC(F)F)c(N)nc2-c2ncco2)ccc1=O,5.0,10000.0,2,CHEMBL5881276,Adenosine receptor A2a
Cn1cc(-c2nc(CNC(=O)c3c(F)cccc3F)c(N)nc2-c2ccc(F)cc2)ccc1=O,8.619788758288394,2.4,2,CHEMBL6058216,Adenosine receptor A2a
Cn1cc(-c2nc(N)n3nc(Cc4ncccc4F)nc3c2-c2ccc(=O)n(C)c2)cn1,7.008773924307505,98.0,1,CHEMBL5851570,Adenosine receptor A2a
Cn1cc(N2CCCC(c3nc4c5c(F)c(F)ccc5nc(N)n4n3)C2)cn1,6.896196279044043,127.0,1,CHEMBL5805452,Adenosine receptor A2a
Cn1cc(N2CCCC(c3nc4c5cc(Cl)ccc5nc(N)n4n3)C2)cn1,6.5003129173815966,316.0,1,CHEMBL5877704,Adenosine receptor A2a
Cn1cc(N2CCCC(c3nc4c5cc(F)c(F)cc5nc(N)n4n3)C2)cn1,7.485452247339714,32.7,1,CHEMBL5894292,Adenosine receptor A2a
Cn1cc(N2CCCC(c3nc4c5cc(F)cc(F)c5nc(N)n4n3)C2)cn1,9.301029995663981,0.5,1,CHEMBL5989918,Adenosine receptor A2a
Cn1cc(N2CCCC(c3nc4c5cc(F)ccc5nc(N)n4n3)C2)cn1,6.982966660701219,104.0,1,CHEMBL6033717,Adenosine receptor A2a
Cn1cc(N2CCC[C@@H](c3nc4c5cc(Cl)cc(Cl)c5nc(N)n4n3)C2)cn1,7.235823867609669,58.1,1,CHEMBL6017263,Adenosine receptor A2a
Cn1ccc(-c2nc(N)c(C#N)nc2-c2cc(Cl)c3ncccc3c2)n1,8.795880017344075,1.6,1,CHEMBL6033264,Adenosine receptor A2a
Cn1ccc(-c2nc(N)cnc2-c2cc(Cl)c3[nH]ncc3c2)n1,8.045757490560675,9.0,1,CHEMBL6004547,Adenosine receptor A2a
Cn1ccc(-c2nc(N)cnc2-c2cc(Cl)c3ncccc3c2)n1,7.769551078621726,17.0,1,CHEMBL6012618,Adenosine receptor A2a
Cn1ccc(-c2nc(N)cnc2-c2ccc3c(=O)[nH]ccc3c2)n1,6.995678626217358,101.0,1,CHEMBL5787173,Adenosine receptor A2a
Cn1cnc2c(N)nc(NCCc3ccc(O)cc3)nc21,4.0,100000.0,2,CHEMBL2381765,Adenosine receptor A2a
Cn1cnc2c1c(=O)[nH]c(=O)n2C,3.6020599913279625,250000.0,1,CHEMBL1114,Adenosine receptor A2a
Cn1cnc2ccc(-c3c(-c4ccc(F)cc4)nc(N)n4nc(Cc5ncccc5F)nc34)cc21,10.0,0.1,1,CHEMBL5999728,Adenosine receptor A2a
Cn1cnc2ccc(-c3c(-c4ncco4)nc(N)n4nc(Cc5c(F)cccc5F)nc34)cc21,8.585026652029182,2.6,1,CHEMBL6041892,Adenosine receptor A2a
Cn1cnc2ccc(-c3c(-c4ncco4)nc(N)n4nc(Cc5ncccc5F)nc34)cc21,8.744727494896694,1.8,1,CHEMBL5882133,Adenosine receptor A2a
Cn1cnc2ccc(-c3nc(C(=O)NCc4ncccc4F)c(N)nc3-c3ncco3)cc21,8.67778070526608,2.1,2,CHEMBL5802346,Adenosine receptor A2a
Cn1nc(-c2c(-c3ccc(F)cc3)nc(N)n3nc(Cc4ncccc4F)nc23)ccc1=O,8.229147988357855,5.9,1,CHEMBL5804476,Adenosine receptor A2a
Cn1nc(-c2nc(C(=O)NCc3c(F)cccc3F)c(N)nc2-c2ncco2)ccc1=O,9.0,1.0,2,CHEMBL5837729,Adenosine receptor A2a
N#CCOc1ccc(-c2cn3c(=O)n(-c4ccccc4)nc3c(N)n2)cc1,6.804100347590766,157.0,1,CHEMBL4578482,Adenosine receptor A2a
N#Cc1c(-c2cccc(Br)c2)cc(-c2ccccc2)nc1N,5.454692883534176,3510.0,1,CHEMBL6177403,Adenosine receptor A2a
N#Cc1c(N)nc(N2CCC(F)CC2)c(C#N)c1-c1ccccc1,5.645891560852599,2260.0,1,CHEMBL6169451,Adenosine receptor A2a
N#Cc1c(N)nc(N2CCCC2)c(C#N)c1-c1ccccc1,6.376750709602099,420.0,1,CHEMBL1215029,Adenosine receptor A2a
N#Cc1c(N)nc(N2CCCCC2)c(C#N)c1-c1cc(Cl)ccc1F,6.684029654543083,207.0,1,CHEMBL6171447,Adenosine receptor A2a
N#Cc1c(N)nc(N2CCCCC2)c(C#N)c1-c1cc(F)cc(Cl)c1,6.419075024324381,381.0,1,CHEMBL6175686,Adenosine receptor A2a
N#Cc1c(N)nc(N2CCCCC2)c(C#N)c1-c1ccc(Cl)cc1,5.494850021680094,3200.0,1,CHEMBL6177512,Adenosine receptor A2a
N#Cc1c(N)nc(N2CCCCC2)c(C#N)c1-c1ccc(F)c(Cl)c1,6.2225731776106885,599.0,1,CHEMBL6175527,Adenosine receptor A2a
N#Cc1c(N)nc(N2CCCCC2)c(C#N)c1-c1ccc2ccccc2c1,5.777283528852417,1670.0,1,CHEMBL6174968,Adenosine receptor A2a
N#Cc1c(N)nc(N2CCCCC2)c(C#N)c1-c1cccc(-c2cc[nH]n2)c1,6.552841968657781,280.0,1,CHEMBL6176136,Adenosine receptor A2a
N#Cc1c(N)nc(N2CCCCC2)c(C#N)c1-c1cccc(-c2ccc(F)cc2)c1,5.896196279044043,1270.0,1,CHEMBL6174228,Adenosine receptor A2a
N#Cc1c(N)nc(N2CCCCC2)c(C#N)c1-c1cccc(-c2cccc(F)c2)c1,6.721246399047171,190.0,1,CHEMBL6162835,Adenosine receptor A2a
N#Cc1c(N)nc(N2CCCCC2)c(C#N)c1-c1cccc(-c2ccccc2)c1,7.045757490560675,90.0,1,CHEMBL6170146,Adenosine receptor A2a
N#Cc1c(N)nc(N2CCCCC2)c(C#N)c1-c1cccc(-c2ccccc2F)c1,6.795880017344075,160.0,1,CHEMBL6174526,Adenosine receptor A2a
N#Cc1c(N)nc(N2CCCCC2)c(C#N)c1-c1cccc(-c2ccccn2)c1,7.823908740944319,15.0,1,CHEMBL6176669,Adenosine receptor A2a
N#Cc1c(N)nc(N2CCCCC2)c(C#N)c1-c1cccc(-c2cccnc2)c1,8.045757490560675,9.0,1,CHEMBL6177390,Adenosine receptor A2a
N#Cc1c(N)nc(N2CCCCC2)c(C#N)c1-c1cccc(-c2cccs2)c1,7.259637310505756,55.0,1,CHEMBL6176792,Adenosine receptor A2a
N#Cc1c(N)nc(N2CCCCC2)c(C#N)c1-c1cccc(-c2ccncc2)c1,6.585026652029182,260.0,1,CHEMBL6171242,Adenosine receptor A2a
N#Cc1c(N)nc(N2CCCCC2)c(C#N)c1-c1cccc(-c2ccsc2)c1,6.823908740944319,150.0,1,CHEMBL6177442,Adenosine receptor A2a
N#Cc1c(N)nc(N2CCCCC2)c(C#N)c1-c1cccc(-c2nn[nH]n2)c1,5.197226274708024,6350.0,1,CHEMBL6174735,Adenosine receptor A2a
N#Cc1c(N)nc(N2CCCCC2)c(C#N)c1-c1cccc(-c2nnco2)c1,6.552841968657781,280.0,1,CHEMBL6175146,Adenosine receptor A2a
N#Cc1c(N)nc(N2CCCCC2)c(C#N)c1-c1cccc(Br)c1,5.982966660701219,1040.0,1,CHEMBL6177713,Adenosine receptor A2a
N#Cc1c(N)nc(N2CCCCC2)c(C#N)c1-c1cccc(Cl)c1,6.154901959985743,700.0,1,CHEMBL6177686,Adenosine receptor A2a
N#Cc1c(N)nc(N2CCCCC2)c(C#N)c1-c1cccc(Cl)c1F,6.464705879957229,343.0,1,CHEMBL6162286,Adenosine receptor A2a
N#Cc1c(N)nc(N2CCCCC2)c(C#N)c1-c1cccc(F)c1,5.94692155651658,1130.0,1,CHEMBL6177065,Adenosine receptor A2a
N#Cc1c(N)nc(N2CCCCC2)c(C#N)c1-c1cccc(O)c1,6.008773924307505,980.0,1,CHEMBL6169636,Adenosine receptor A2a
N#Cc1c(N)nc(N2CCCCC2)c(C#N)c1-c1cccc(OCc2ccccc2)c1,6.086186147616283,820.0,1,CHEMBL6175780,Adenosine receptor A2a
N#Cc1c(N)nc(N2CCCCC2)c(C#N)c1-c1cccc(Oc2ccccc2)c1,6.508638306165727,310.0,1,CHEMBL6174031,Adenosine receptor A2a
N#Cc1c(N)nc(N2CCCCC2)c(C#N)c1-c1cccc([N+](=O)[O-])c1,6.366531544420414,430.0,1,CHEMBL6176904,Adenosine receptor A2a
N#Cc1c(N)nc(N2CCCCC2)c(C#N)c1-c1ccccc1,6.657577319177793,220.0,1,CHEMBL1215030,Adenosine receptor A2a
N#Cc1c(N)nc(N2CCCCC2)c(C#N)c1-c1ccccc1Cl,6.309803919971486,490.0,1,CHEMBL6165602,Adenosine receptor A2a
N#Cc1c(N)nc(N2CCOCC2)c(C#N)c1-c1ccccc1,5.91721462968355,1210.0,1,CHEMBL4522616,Adenosine receptor A2a
N#Cc1c(N)nc(SCc2cccc(C(N)=O)c2)c(C#N)c1-c1ccco1,7.236572006437063,58.0,1,CHEMBL4581984,Adenosine receptor A2a
N#Cc1c(N)nc(SCc2cccc(CO)c2)c(C#N)c1-c1ccco1,7.657577319177793,22.0,1,CHEMBL4557250,Adenosine receptor A2a
N#Cc1c(N)nc(SCc2cccnc2)c(C#N)c1-c1ccco1,7.080921907623926,83.0,1,CHEMBL4440752,Adenosine receptor A2a
N#Cc1c(N)nc2c(c1-c1ccccc1)CCC2,5.804100347590766,1570.0,1,CHEMBL1578502,Adenosine receptor A2a
N#Cc1ccc(-c2cn3c(nc4ccccc43)c(N)n2)cc1,7.128427064454121,74.4,1,CHEMBL4846381,Adenosine receptor A2a
N#Cc1ccc(CC2OC(=O)c3c(-c4ccco4)nc(N)nc32)cc1,6.603800652904264,249.0,1,CHEMBL6060468,Adenosine receptor A2a
N#Cc1ccc(CC2OC(=O)c3c(-c4ccco4)nc(N)nc32)cc1F,6.798602875679548,159.0,1,CHEMBL5994753,Adenosine receptor A2a
N#Cc1cccc(-c2c(C#N)c(N)nc(N3CCCCC3)c2C#N)c1,5.97061622231479,1070.0,1,CHEMBL6177191,Adenosine receptor A2a
N#Cc1cccc(-c2cc(-c3ccn(Cc4ccccc4)c(=O)c3)nc(N)n2)c1,4.84055312661253,14436.0,1,CHEMBL5415529,Adenosine receptor A2a
N#Cc1cccc(-c2nc(N)cnc2-c2cc(Cl)c3ncccc3c2)c1,8.431798275933005,3.7,1,CHEMBL5892967,Adenosine receptor A2a
N#Cc1cccc(-c2nc(N)cnc2-c2cc(Cl)c3ncccc3c2)c1F,8.508638306165727,3.1,1,CHEMBL5810365,Adenosine receptor A2a
N#Cc1cccc(-c2nc3[nH]ccc(=O)c3cc2-c2ccc3[nH]cnc3c2)c1,7.769551078621726,17.0,1,CHEMBL5853034,Adenosine receptor A2a
N#Cc1cccc(-c2nc3[nH]ccc(=O)c3cc2-c2ccc3[nH]ncc3c2)c1,7.309803919971486,49.0,1,CHEMBL5840565,Adenosine receptor A2a
N#Cc1cccc(-c2nc3[nH]ccc(=O)c3cc2-c2ccc3ncccc3c2)c1,8.267606240177031,5.4,1,CHEMBL6009863,Adenosine receptor A2a
N#Cc1cccc(-c2nc3[nH]ccc(=O)c3cc2-c2ccc3ncsc3c2)c1,8.022276394711152,9.5,1,CHEMBL5980480,Adenosine receptor A2a
N#Cc1cccc(CNC(=O)c2nc(-c3ccc4ncccc4c3)c(-c3ccccc3)nc2N)n1,9.096910013008056,0.8,1,CHEMBL6060138,Adenosine receptor A2a
N#Cc1cncc(CNc2nc(C(=O)N3CCCC3)c3sccc3n2)c1,6.301029995663981,500.0,1,CHEMBL5802779,Adenosine receptor A2a
N=C(N)NC(=O)c1nc(Cl)c(N2CCCCCC2)nc1N,5.292429823902063,5100.0,1,CHEMBL501701,Adenosine receptor A2a
NC(=O)Cc1cc(N2CCN(CCn3c(=O)sc4c3nc(N)n3nc(-c5ccco5)nc43)CC2)c(F)cc1F,8.198970004336019,11.0,4,CHEMBL4741609,Adenosine receptor A2a
NC(=O)c1ccc(CC2OC(=O)c3c(-c4ccco4)nc(N)nc32)cc1,6.661543506395395,218.0,1,CHEMBL5856967,Adenosine receptor A2a
NC(=O)c1cncc(CNc2nc(C(=O)N3CCCC3)c3sccc3n2)c1,6.301029995663981,500.0,1,CHEMBL5992586,Adenosine receptor A2a
N[C@@H]1CCN(C(=O)c2nc(NCc3cncc(F)c3)nc3ccsc23)C1,6.301029995663981,500.0,1,CHEMBL5907999,Adenosine receptor A2a
N[C@H]1CCN(C(=O)c2nc(NCc3cc(F)cc(F)c3)nc3ccsc23)C1,6.301029995663981,500.0,1,CHEMBL5996922,Adenosine receptor A2a
N[C@H]1CCN(C(=O)c2nc(NCc3cncc(F)c3)nc3ccsc23)C1,6.301029995663981,500.0,1,CHEMBL5827440,Adenosine receptor A2a
Nc1cc(-c2c(-c3ccc(F)cc3)nc(N)n3nc(Cc4ncccc4F)nc23)ccn1,7.3872161432802645,41.0,1,CHEMBL5829088,Adenosine receptor A2a
Nc1cc(-c2ccco2)c2oc(-c3ccco3)nc2c1,7.151195298948196,70.6,2,CHEMBL4284595,Adenosine receptor A2a
Nc1cc(NC(=O)CN2CCCCC2)cc2nc(-c3ccco3)oc12,6.6020599913279625,250.0,1,CHEMBL4284097,Adenosine receptor A2a
Nc1cc2nc(NCc3cccnc3)nc(C(=O)N3CCCC3)c2s1,6.301029995663981,500.0,1,CHEMBL5961269,Adenosine receptor A2a
Nc1cc2nc(NCc3cccnc3)nc(C(=O)c3cccs3)c2s1,5.426935982160881,5700.0,2,CHEMBL1080241,Adenosine receptor A2a
Nc1cccc(CNC(=O)c2nc(-c3ccc4nccn4c3)c(-c3ncco3)nc2N)n1,8.508638306165727,3.1,2,CHEMBL6019989,Adenosine receptor A2a
Nc1cccc(Cc2nc3c(-c4ccc5nccn5c4)c(-c4ccc(F)cc4)nc(N)n3n2)n1,8.200659450546418,6.3,3,CHEMBL5867675,Adenosine receptor A2a
Nc1cnc(-c2cc(Cl)c3ncccc3c2)c(-n2ccccc2=O)n1,5.0,10000.0,1,CHEMBL5852598,Adenosine receptor A2a
Nc1cnc(-c2ccc(O)c(Cl)c2)c(-c2ccccc2)n1,7.2441251443275085,57.0,1,CHEMBL5749218,Adenosine receptor A2a
Nc1nc(-c2ccc(Br)cc2)cn2c1nc1ccccc12,7.4156687756324695,38.4,1,CHEMBL4862534,Adenosine receptor A2a
Nc1nc(-c2ccc(Br)o2)c2c(n1)C(Cc1ccc(F)cc1F)OC2=O,7.730487055782084,18.6,1,CHEMBL5858880,Adenosine receptor A2a
Nc1nc(-c2ccc(Br)o2)c2c(n1)C(Cc1ccccc1OC(F)(F)F)OC2=O,7.17134010346468,67.4,1,CHEMBL5916520,Adenosine receptor A2a
Nc1nc(-c2ccc(C(F)(F)F)cc2)cn2c1nc1ccccc12,7.576754126063192,26.5,1,CHEMBL4857237,Adenosine receptor A2a
Nc1nc(-c2ccc(Cl)cc2)cn2c1nc1ccccc12,7.450996737974212,35.4,1,CHEMBL4860395,Adenosine receptor A2a
Nc1nc(-c2ccc(F)cc2)c(-c2ccc(=O)[nH]c2)c2nc(CCC(F)(F)F)nn12,9.130768280269024,0.74,1,CHEMBL4855908,Adenosine receptor A2a
Nc1nc(-c2ccc(F)cc2)c(-c2ccc(=O)[nH]c2)c2nc(Cc3ccc(F)cn3)nn12,9.522878745280337,0.3,1,CHEMBL4858144,Adenosine receptor A2a
Nc1nc(-c2ccc(F)cc2)c(-c2ccc(=O)n(C3CC3)c2)c2nc(Cc3ncccc3F)nn12,7.698970004336019,20.0,1,CHEMBL5907517,Adenosine receptor A2a
Nc1nc(-c2ccc(F)cc2)c(-c2ccc(=O)n(C3CCOC3)c2)c2nc(Cc3c(F)cccc3F)nn12,8.113509274827518,7.7,1,CHEMBL6008157,Adenosine receptor A2a
Nc1nc(-c2ccc(F)cc2)c(-c2ccc(=O)n(C3CS(=O)(=O)C3)c2)c2nc(Cc3c(F)cccc3F)nn12,7.251811972993799,56.0,1,CHEMBL6007054,Adenosine receptor A2a
Nc1nc(-c2ccc(F)cc2)c(-c2ccc(=O)n(CCO)c2)c2nc(Cc3c(F)cccc3F)nn12,9.698970004336019,0.2,1,CHEMBL5800386,Adenosine receptor A2a
Nc1nc(-c2ccc(F)cc2)c(-c2ccc(=O)n(CCO)c2)c2nc(Cc3ncccc3F)nn12,8.431798275933005,3.7,1,CHEMBL5854635,Adenosine receptor A2a
Nc1nc(-c2ccc(F)cc2)c(-c2ccc3nc[nH]c3c2)c2nc(Cc3ncccc3F)nn12,8.769551078621726,1.7,1,CHEMBL5833725,Adenosine receptor A2a
Nc1nc(-c2ccc(F)cc2)c(-c2ccc3ncccc3c2)c2nc(Cc3ncccc3F)nn12,9.397940008672037,0.4,1,CHEMBL5847956,Adenosine receptor A2a
Nc1nc(-c2ccc(F)cc2)c(-c2ccc3nccn3c2)c2nc(Cc3ncccc3F)nn12,8.259637310505756,5.5,3,CHEMBL5841873,Adenosine receptor A2a
Nc1nc(-c2ccc(F)cc2)c(-c2ccc3nccnc3c2)c2nc(Cc3ncccc3F)nn12,7.6020599913279625,25.0,1,CHEMBL5865001,Adenosine receptor A2a
Nc1nc(-c2ccc(F)cc2)c(-c2ccc3ncsc3c2)c2nc(Cc3ncccc3F)nn12,9.154901959985743,0.7,1,CHEMBL5974806,Adenosine receptor A2a
Nc1nc(-c2ccc(F)cc2)c(-c2ccc3nncn3c2)c2nc(Cc3ncccc3F)nn12,7.431798275933005,37.0,1,CHEMBL5884236,Adenosine receptor A2a
Nc1nc(-c2ccc(F)cc2)c(-c2ccc3nncn3c2)c2nc(Cc3ncccc3OC(F)F)nn12,10.0,0.1,1,CHEMBL5928153,Adenosine receptor A2a
Nc1nc(-c2ccc(F)cc2)c(-c2ccnc(C(F)(F)F)c2)c2nc(Cc3c(F)cccc3F)nn12,7.2839966563652006,52.0,1,CHEMBL5752625,Adenosine receptor A2a
Nc1nc(-c2ccc(F)cc2)c(-c2ccnc(Cl)c2)c2nc(Cc3ncccc3F)nn12,7.251811972993799,56.0,1,CHEMBL5919017,Adenosine receptor A2a
Nc1nc(-c2ccc(F)cc2)c(-c2ccnnc2)c2nc(Cc3c(F)cccc3F)nn12,7.200659450546418,63.0,1,CHEMBL5880072,Adenosine receptor A2a
Nc1nc(-c2ccc(F)cc2F)cn2c1nc1ccccc12,7.4723700991286615,33.7,1,CHEMBL4876739,Adenosine receptor A2a
Nc1nc(-c2ccc(NC(=O)CCNC(=O)CCCCC3CCSS3)cc2)cn2c(=O)n(-c3ccccc3)nc12,6.528708288941061,296.0,1,CHEMBL4452288,Adenosine receptor A2a
Nc1nc(-c2ccc(NC(=O)CCNC(=O)c3ccc(S(N)(=O)=O)cc3)cc2)cn2c(=O)n(-c3ccccc3)nc12,6.033389013318065,926.0,1,CHEMBL4761976,Adenosine receptor A2a
Nc1nc(-c2ccc(NC(=O)c3ccc(S(N)(=O)=O)cc3)cc2)cn2c(=O)n(-c3ccccc3)nc12,7.041914151478915,90.8,1,CHEMBL4797036,Adenosine receptor A2a
Nc1nc(-c2ccc(O)cc2)cn2c1nc1ccccc12,7.089909454405932,81.3,1,CHEMBL4877586,Adenosine receptor A2a
Nc1nc(-c2ccc(OC(F)(F)F)cc2)cn2c1nc1ccccc12,6.883392256011751,130.8,1,CHEMBL4867327,Adenosine receptor A2a
Nc1nc(-c2ccc(OCCNC(=O)CCCCC3CCSS3)cc2)cn2c(=O)n(-c3ccccc3)nc12,6.935542010773082,116.0,1,CHEMBL4447993,Adenosine receptor A2a
Nc1nc(-c2ccc([N+](=O)[O-])cc2)cn2c1nc1ccccc12,7.1432711096171175,71.9,1,CHEMBL4853667,Adenosine receptor A2a
Nc1nc(-c2cccc(Br)c2)cn2c1nc1ccccc12,7.538300266920642,46.55,2,CHEMBL4855390,Adenosine receptor A2a
Nc1nc(-c2cccc(O)c2)nc2sc(-c3ccccc3)nc12,6.202732459169283,627.0,1,CHEMBL4447861,Adenosine receptor A2a
Nc1nc(-c2cccc(O)c2)nc2sc(-c3ccco3)nc12,6.11690664142431,764.0,1,CHEMBL4529321,Adenosine receptor A2a
Nc1nc(-c2ccccc2)c(-c2cc(C(F)(F)F)c3[nH]ncc3c2)c2nncn12,9.602059991327963,0.25,1,CHEMBL6041384,Adenosine receptor A2a
Nc1nc(-c2ccccc2)c(-c2cc(Cl)nc(C(F)(F)F)c2)c2nncn12,9.638272163982407,0.23,1,CHEMBL5970785,Adenosine receptor A2a
Nc1nc(-c2ccccc2)c(-c2cc(F)c3[nH]ncc3c2)c2nncn12,9.853871964321762,0.14,1,CHEMBL5909324,Adenosine receptor A2a
Nc1nc(-c2ccccc2)c(-c2cc(F)c3ncccc3c2)c2nncn12,9.795880017344075,0.16,2,CHEMBL5938328,Adenosine receptor A2a
Nc1nc(-c2ccccc2)c(-c2ccc(=O)[nH]c2)c2nc(Cc3ncc(F)cc3Cl)nn12,9.537602002101044,0.29,1,CHEMBL4864129,Adenosine receptor A2a
Nc1nc(-c2ccccc2)c(-c2ccc3[nH]ncc3c2)c2nncn12,9.585026652029182,0.26,2,CHEMBL5772344,Adenosine receptor A2a
Nc1nc(-c2ccccc2)c(-c2ccc3ncccc3c2)c2nncn12,10.154901959985743,0.07,2,CHEMBL5815348,Adenosine receptor A2a
Nc1nc(-c2ccccc2)c(-c2ccc3ncccc3c2)nc1C(=O)NC(O)c1ccccn1,8.508638306165727,3.1,1,CHEMBL6032927,Adenosine receptor A2a
Nc1nc(-c2ccccc2)c(-c2ccc3ncccc3c2)nc1C(=O)NCCC1CCOCC1,7.795880017344075,16.0,1,CHEMBL5989414,Adenosine receptor A2a
Nc1nc(-c2ccccc2)c(-c2ccnc(Cl)c2)c2nncn12,8.661543506395395,2.18,1,CHEMBL5982535,Adenosine receptor A2a
Nc1nc(-c2ccccc2)c(-c2ccncc2)c2nncn12,8.675717544702307,2.11,1,CHEMBL5900266,Adenosine receptor A2a
Nc1nc(-c2ccccc2)c(-c2ccnnc2)c2nc(CC3CCCO3)nn12,7.076393356982541,83.87,1,CHEMBL4865474,Adenosine receptor A2a
Nc1nc(-c2ccccc2)c(-c2ccnnc2)c2nc(Cc3ncccc3F)nn12,8.042392712939904,9.07,1,CHEMBL4862010,Adenosine receptor A2a
Nc1nc(-c2ccccc2)cc(-c2ccn(Cc3ccccc3)c(=O)c2)n1,5.408156588775215,3907.0,1,CHEMBL5408468,Adenosine receptor A2a
Nc1nc(-c2ccccc2)cn2c1nc1ccccc12,7.3325470471100465,46.5,1,CHEMBL4850192,Adenosine receptor A2a
Nc1nc(-c2ccccn2)c2c(n1)C(Cc1ccccc1)OC2=O,6.037157318798758,918.0,1,CHEMBL5848893,Adenosine receptor A2a
Nc1nc(-c2ccco2)c2c(n1)C(Cc1c(F)cccc1Cl)OC2=O,7.534617148551582,29.2,1,CHEMBL6034884,Adenosine receptor A2a
Nc1nc(-c2ccco2)c2c(n1)C(Cc1c(F)cccc1F)OC2=O,7.325138859262188,47.3,1,CHEMBL5917675,Adenosine receptor A2a
Nc1nc(-c2ccco2)c2c(n1)C(Cc1cc(C(F)(F)F)cc(C(F)(F)F)c1)OC2=O,6.52432881167557,299.0,1,CHEMBL5986667,Adenosine receptor A2a
Nc1nc(-c2ccco2)c2c(n1)C(Cc1ccc(C(F)(F)F)cc1)OC2=O,6.562249437179612,274.0,1,CHEMBL5769412,Adenosine receptor A2a
Nc1nc(-c2ccco2)c2c(n1)C(Cc1ccc(Cl)c(F)c1)OC2=O,7.000869458712629,99.8,1,CHEMBL5834807,Adenosine receptor A2a
Nc1nc(-c2ccco2)c2c(n1)C(Cc1ccc(Cl)cc1F)OC2=O,7.405607449624573,39.3,1,CHEMBL5863671,Adenosine receptor A2a
Nc1nc(-c2ccco2)c2c(n1)C(Cc1ccc(F)cc1Cl)OC2=O,6.943095148663527,114.0,1,CHEMBL5989571,Adenosine receptor A2a
Nc1nc(-c2ccco2)c2c(n1)C(Cc1ccc(F)cc1F)OC2=O,7.97061622231479,10.7,1,CHEMBL5783328,Adenosine receptor A2a
Nc1nc(-c2ccco2)c2c(n1)C(Cc1ccc(OC(F)(F)F)cc1)OC2=O,6.97469413473523,106.0,1,CHEMBL5863517,Adenosine receptor A2a
Nc1nc(-c2ccco2)c2c(n1)C(Cc1cccc(Cl)c1F)OC2=O,7.132532512140949,73.7,1,CHEMBL5979573,Adenosine receptor A2a
Nc1nc(-c2ccco2)c2c(n1)C(Cc1ccccc1)OC2=O,7.3979400086720375,40.0,1,CHEMBL6029910,Adenosine receptor A2a
Nc1nc(-c2ccco2)c2c(n1)C(Cc1ccccc1C(F)(F)F)OC2=O,7.804100347590766,15.7,1,CHEMBL6062730,Adenosine receptor A2a
Nc1nc(-c2ccco2)c2c(n1)C(Cc1ccccc1Cl)OC2=O,7.493494967595128,32.1,1,CHEMBL5964402,Adenosine receptor A2a
Nc1nc(-c2ccco2)c2c(n1)C(Cc1ccccc1F)OC2=O,7.102372908709558,79.0,3,CHEMBL5971795,Adenosine receptor A2a
Nc1nc(-c2ccco2)c2c(n1)C(Cc1ccccc1OC(F)(F)F)OC2=O,8.4089353929735,3.9,1,CHEMBL5786920,Adenosine receptor A2a
Nc1nc(-c2ccco2)c2c(n1)[C@@H](Cc1ccccc1)OC2,6.804100347590766,157.0,1,CHEMBL5791874,Adenosine receptor A2a
Nc1nc(-c2ccco2)c2c(n1)[C@H](Cc1ccccc1)OC2,6.560667306169737,275.0,1,CHEMBL5790846,Adenosine receptor A2a
Nc1nc(-c2ccco2)cn2c1nc1ccccc12,7.486782399932061,32.6,1,CHEMBL4872721,Adenosine receptor A2a
Nc1nc(-c2ccco2)nc2sc(-c3ccccc3)nc12,6.787812395596042,163.0,1,CHEMBL4440137,Adenosine receptor A2a
Nc1nc(-c2ccco2)nc2sc(-c3ccco3)nc12,6.521433504406157,301.0,1,CHEMBL4559969,Adenosine receptor A2a
Nc1nc(-c2ncco2)c(-c2ccc(=O)n(CCO)c2)nc1C(=O)NCc1c(F)cccc1F,8.481486060122112,3.3,2,CHEMBL5811898,Adenosine receptor A2a
Nc1nc(-c2ncco2)c(-c2ccc3[nH]cnc3c2)nc1C(=O)NCc1ncccc1F,8.585026652029182,2.6,2,CHEMBL6003783,Adenosine receptor A2a
Nc1nc(-c2ncco2)c(-c2ccc3nccn3c2)c2nc(Cc3ncccc3F)nn12,8.522878745280337,3.0,3,CHEMBL6063197,Adenosine receptor A2a
Nc1nc(-c2ncco2)c(-c2ccc3nccn3c2)nc1C(=O)NCc1ncccc1F,7.6777807052660805,21.0,2,CHEMBL5911581,Adenosine receptor A2a
Nc1nc(-c2ncco2)c(-c2ccc3ncnn3c2)nc1C(=O)NCc1ncccc1F,8.075720713938118,8.4,2,CHEMBL5963684,Adenosine receptor A2a
Nc1nc(-c2ncco2)c(-c2ccc3nncn3c2)c2nc(Cc3ncccc3OC(F)F)nn12,9.096910013008056,0.8,1,CHEMBL5917926,Adenosine receptor A2a
Nc1nc(-c2ncco2)c(-c2ccc3nncn3c2)nc1C(=O)NCc1c(F)cccc1F,8.431798275933005,3.7,2,CHEMBL5928407,Adenosine receptor A2a
Nc1nc(-c2ncco2)c(-c2ccnc(OC(F)F)c2)c2nc(Cc3c(F)cccc3F)nn12,8.259637310505756,5.5,3,CHEMBL5795044,Adenosine receptor A2a
Nc1nc(-c2ncco2)c(-c2ccnc(OC(F)F)c2)c2nc(Cc3ncccc3F)nn12,8.080921907623926,8.3,3,CHEMBL5810207,Adenosine receptor A2a
Nc1nc(-n2cccn2)nc(-n2cccn2)c1Br,7.926935982160881,15.3,2,CHEMBL3694769,Adenosine receptor A2a
Nc1nc(-n2ccnn2)c(-c2ccc3nccn3c2)c2nc(Cc3ncccc3F)nn12,6.987162775294828,103.0,1,CHEMBL5766823,Adenosine receptor A2a
Nc1nc(-n2nccn2)c(-c2ccc3nccn3c2)c2nc(Cc3ncccc3F)nn12,8.455931955649724,3.5,3,CHEMBL6062538,Adenosine receptor A2a
Nc1nc(-n2nccn2)c(-c2ccc3nccn3c2)nc1C(=O)NCc1ncccc1F,8.207608310501746,6.2,2,CHEMBL5796037,Adenosine receptor A2a
Nc1nc(C(=O)NCCc2ccccn2)cn2c1nc1ccccc12,6.189229988765637,646.8,1,CHEMBL5171148,Adenosine receptor A2a
Nc1nc(C(=O)NCc2ccccn2)cn2c1nc1ccccc12,7.1555228242543185,69.9,1,CHEMBL5176737,Adenosine receptor A2a
Nc1nc(C(=O)NCc2cccnc2)cn2c1nc1ccccc12,6.7654827164873135,171.6,1,CHEMBL5208415,Adenosine receptor A2a
Nc1nc(C(=O)NCc2ccncc2)cn2c1nc1ccccc12,5.975104039892515,1059.0,1,CHEMBL5174275,Adenosine receptor A2a
Nc1nc(C2CCN(CC(=O)N3CCOCC3)CC2)cn2c1nc1ccccc12,5.0,10000.0,1,CHEMBL4847639,Adenosine receptor A2a
Nc1nc(C2CCNCC2)cn2c1nc1ccccc12,5.0,10000.0,1,CHEMBL4859783,Adenosine receptor A2a
Nc1nc(CCCc2ccccc2)nc2cn(-c3ccccc3)nc12,6.373659632624958,423.0,1,CHEMBL3317574,Adenosine receptor A2a
Nc1nc(CO)cn2c1nc1ccccc12,6.826813731587726,149.0,1,CHEMBL4857425,Adenosine receptor A2a
Nc1nc(Cc2ccccc2)cn2c1nc1ccccc12,7.772425239410086,20.1,4,CHEMBL4849795,Adenosine receptor A2a
Nc1nc(N2CCCN(CCc3cccc4c3CC(=O)N4)CC2)nc2nc(-c3ccco3)nn12.O=C(O)C(F)(F)F,5.830015676369378,1479.0549999999998,2,CHEMBL3394277,Adenosine receptor A2a
Nc1nc(N2CCN(CCN3CCCC3)CC2)nc2sc(-c3ccco3)nc12,8.129596094720974,7.42,1,CHEMBL5201270,Adenosine receptor A2a
Nc1nc(N2CCN(CCc3cccc4c3CC(=O)N4)CC2)nc2nc(-c3ccco3)nn12,7.229590093514206,58.94,2,CHEMBL3394276,Adenosine receptor A2a
Nc1nc(N2CCN(c3ccccc3)CC2)nc2sc(-c3ccco3)nc12,8.025949097207123,9.42,1,CHEMBL5188037,Adenosine receptor A2a
Nc1nc(NC2CCN(C3CCCN(Cc4ccccc4)C3)CC2)nc2sc(-c3ccco3)nc12,7.818156412055227,15.2,1,CHEMBL5185537,Adenosine receptor A2a
Nc1nc(NC2CCN(CCc3cccc4c3CC(=O)N4)CC2)nc2nc(-c3ccco3)nn12,5.819937241528393,1513.78,2,CHEMBL3394271,Adenosine receptor A2a
Nc1nc(NC2CCNCC2)nc2nc(-c3ccco3)nn12,5.070009714488653,8511.189999999999,2,CHEMBL3394268,Adenosine receptor A2a
Nc1nc(NCCN2CCN(c3ccccc3)CC2)nc2sc(-c3ccco3)nc12,8.129596094720974,7.42,1,CHEMBL6173772,Adenosine receptor A2a
Nc1nc(NCCc2ccc(Br)cc2)nc2nc(-c3ccco3)nn12,6.739964408466519,181.985,2,CHEMBL2381760,Adenosine receptor A2a
Nc1nc(NCCc2ccc(O)cc2)nc2nc(-c3ccco3)nn12,8.819874124835946,1.514,11,CHEMBL113142,Adenosine receptor A2a
Nc1nc(NCCc2ccc(O)cc2)nc2nc(C3=CCCO3)nn12,8.318758762624412,4.8,1,CHEMBL4857871,Adenosine receptor A2a
Nc1nc(NCCc2ccc(O)cc2)nc2sc(-c3ccco3)nc12,7.6399203482970215,23.0,2,CHEMBL3908770,Adenosine receptor A2a
Nc1nc(NCCc2ccc(Oc3nc(Cl)nc(N4CCOCC4)n3)cc2)nc2nc(-c3ccco3)nn12,6.869827140916545,134.95,2,CHEMBL3394261,Adenosine receptor A2a
Nc1nc(NCCc2ccccc2)nc2sc(-c3ccco3)nc12,7.6259059864969,25.5,2,CHEMBL3935610,Adenosine receptor A2a
Nc1nc(NCCc2cccnc2)nc2sc(-c3ccco3)nc12,9.496766978875385,0.31999999999999995,2,CHEMBL4162638,Adenosine receptor A2a
Nc1nc(NCCc2ccco2)nc2sc(-c3ccco3)nc12,8.451861390271585,3.5949999999999998,2,CHEMBL4167557,Adenosine receptor A2a
Nc1nc(NCCc2cccs2)nc2sc(-c3ccco3)nc12,10.770303756120384,0.0257,2,CHEMBL4172264,Adenosine receptor A2a
Nc1nc(NCc2cccc(O)c2)nc2sc(-c3ccco3)nc12,7.613106777509403,24.5,2,CHEMBL3932413,Adenosine receptor A2a
Nc1nc(NCc2ccccc2)nc2sc(-c3ccco3)nc12,7.641164748498868,23.5,2,CHEMBL3950142,Adenosine receptor A2a
Nc1nc(NCc2ccccn2)nc2sc(-c3ccco3)nc12,9.026773867493464,0.99,2,CHEMBL4167813,Adenosine receptor A2a
Nc1nc(NCc2cccnc2)nc2sc(-c3ccco3)nc12,10.593877651599815,0.034999999999999996,2,CHEMBL4167125,Adenosine receptor A2a
Nc1nc(NCc2ccco2)nc2sc(-c3ccco3)nc12,11.096910013008056,0.0208,2,CHEMBL4172399,Adenosine receptor A2a
Nc1nc(NCc2cccs2)nc2sc(-c3ccccc3)nc12,7.4051145218265635,39.5,2,CHEMBL4125975,Adenosine receptor A2a
Nc1nc(NCc2cccs2)nc2sc(-c3ccco3)nc12,11.106624288927218,0.01885,2,CHEMBL4161758,Adenosine receptor A2a
Nc1nc(NCc2cccs2)nc2sc(-c3cccs3)nc12,7.8169567004900005,15.4,2,CHEMBL4168016,Adenosine receptor A2a
Nc1nc(NCc2ccncc2)nc2sc(-c3ccco3)nc12,7.7717334813229515,17.0,2,CHEMBL4175676,Adenosine receptor A2a
Nc1nc(NCc2ccsc2)nc2sc(-c3ccco3)nc12,9.415456821256488,0.385,2,CHEMBL4159215,Adenosine receptor A2a
Nc1nc(NCc2cnccn2)nc2sc(-c3ccco3)nc12,8.014708023482017,9.785,2,CHEMBL4172818,Adenosine receptor A2a
Nc1nc(Nc2ccco2)nc2sc(Cc3cccnc3)nc12,11.119788758288394,0.018799999999999997,2,CHEMBL5182250,Adenosine receptor A2a
Nc1nc(OCCc2ccccc2)nc2nc(-c3ccco3)nn12,7.38859755930806,40.870000000000005,2,CHEMBL2381761,Adenosine receptor A2a
Nc1nc2c(cnn2CCCc2ccc(O)c(O)c2)c2nc(-c3ccco3)nn12,7.221848749616356,60.0,1,CHEMBL63520,Adenosine receptor A2a
Nc1nc2c(cnn2CCCc2ccc(O)cc2)c2nc(-c3ccco3)nn12,8.0,10.0,1,CHEMBL67026,Adenosine receptor A2a
Nc1nc2c(cnn2CCCc2ccc(OCc3ccccc3)cc2)c2nc(-c3ccco3)nn12,6.522878745280337,300.0,1,CHEMBL423852,Adenosine receptor A2a
Nc1nc2c(cnn2CCCc2ccc3c(c2)OCO3)c2nc(-c3ccco3)nn12,8.096910013008056,8.0,1,CHEMBL307748,Adenosine receptor A2a
Nc1nc2c(cnn2CCCc2ccccc2)c2nc(-c3ccco3)nn12,7.7447274948966935,18.0,1,CHEMBL17121,Adenosine receptor A2a
Nc1nc2c(cnn2CCc2ccc(O)cc2)c2nc(-c3ccco3)nn12,7.853871964321762,14.0,1,CHEMBL67994,Adenosine receptor A2a
Nc1nc2c(cnn2CCc2ccc(OCc3ccccc3)cc2)c2nc(-c3ccco3)nn12,7.045757490560675,90.0,1,CHEMBL67134,Adenosine receptor A2a
Nc1nc2c(cnn2CCc2ccccc2)c2nc(-c3ccco3)nn12,7.823908740944319,15.0,3,CHEMBL17127,Adenosine receptor A2a
Nc1nc2c(cnn2Cc2ccc(O)cc2)c2nc(-c3ccco3)nn12,6.826813731587726,149.0,1,CHEMBL416684,Adenosine receptor A2a
Nc1nc2c(cnn2Cc2ccc(OCc3ccccc3)cc2)c2nc(-c3ccco3)nn12,6.301029995663981,500.0,1,CHEMBL66811,Adenosine receptor A2a
Nc1nc2ccc(Cl)cc2c2nc(-c3ccco3)nn12,7.920818753952375,12.0,1,CHEMBL16687,Adenosine receptor A2a
Nn1c(CCCCN2CCN(c3ccc4ccccc4n3)CC2)nc2c(c1=O)CCCC2,6.0,1000.0,1,CHEMBL1278088,Adenosine receptor A2a
O=C(/C=C/c1c(-c2ccccc2)nn2ccccc12)N1CCCC[C@@H]1CCO,4.94692155651658,11300.0,1,CHEMBL440115,Adenosine receptor A2a
O=C(CN1CCCCC1)Nc1cc(-c2ccco2)c2oc(-c3ccco3)nc2c1,6.313363730737707,486.0,1,CHEMBL4287056,Adenosine receptor A2a
O=C(NC1CC(O)C1)c1nc(NCc2cncc(F)c2)nc2ccsc12,6.411954370472159,400.0,2,CHEMBL5835660,Adenosine receptor A2a
O=C(NC1CC1)c1nc(NCc2cccnc2)nc2ccsc12,6.1487416512809245,710.0,1,CHEMBL1076503,Adenosine receptor A2a
O=C(NC1CCC1)c1nc(NCc2cc(F)cc(F)c2)nc2ccsc12,7.1249387366083,75.0,1,CHEMBL5968802,Adenosine receptor A2a
O=C(NC1CCC1)c1nc(NCc2cncc(F)c2)nc2ccsc12,7.1249387366083,75.0,1,CHEMBL5802095,Adenosine receptor A2a
O=C(NC1CCC1)c1nc(NCc2cnccn2)nc2ccsc12,6.522878745280337,300.0,1,CHEMBL6041527,Adenosine receptor A2a
O=C(NC1CCCCC1)c1nc(NCc2cccnc2)nc2ccsc12,5.509620079996821,3093.0,1,CHEMBL1082063,Adenosine receptor A2a
O=C(NCC1CCCN1)c1nc(NCc2ccccn2)nc2ccsc12,6.301029995663981,500.0,1,CHEMBL5755277,Adenosine receptor A2a
O=C(NCC1CCCN1)c1nc(NCc2cncc(F)c2)nc2ccsc12,6.301029995663981,500.0,1,CHEMBL5744621,Adenosine receptor A2a
O=C(NCC1CCN(Cc2ccccc2)CC1)c1nc(NCc2cncc(F)c2)nc2ccsc12,7.1249387366083,75.0,1,CHEMBL5986887,Adenosine receptor A2a
O=C(NCCN1CCCCC1)c1nc(NCC(c2ccccc2)c2ccccc2)c2ncn([C@@H]3O[C@H](CO)[C@@H](O)[C@H]3O)c2n1,7.187086643357144,65.0,2,CHEMBL256467,Adenosine receptor A2a
O=C(NCCNC(=O)c1nc(NCC(c2ccccc2)c2ccccc2)c2ncn([C@@H]3O[C@H](CO)[C@@H](O)[C@H]3O)c2n1)NCCN1CCCCC1,7.346787486224656,45.0,1,CHEMBL1096887,Adenosine receptor A2a
O=C(NCCO)c1nc(NCc2cc(F)cc(F)c2)nc2ccsc12,6.522878745280337,300.0,1,CHEMBL6048084,Adenosine receptor A2a
O=C(NCCO)c1nc(NCc2cncc(F)c2)nc2ccsc12,6.301029995663981,500.0,1,CHEMBL5860567,Adenosine receptor A2a
O=C(NCCn1ccnc1)c1nc(NCc2cncc(F)c2)nc2ccsc12,6.301029995663981,500.0,1,CHEMBL5870607,Adenosine receptor A2a
O=C(NCc1ccc(C(F)(F)F)nc1)c1nc(NCc2ccc(C(F)(F)F)nc2)nc2ccsc12,6.301029995663981,500.0,1,CHEMBL5789775,Adenosine receptor A2a
O=C(NCc1cccc(F)c1)c1nc(NCc2cccc(F)c2)nc2ccsc12,6.522878745280337,300.0,1,CHEMBL5966106,Adenosine receptor A2a
O=C(NCc1ccccc1)c1nc(NCc2ccccc2)nc2ccsc12,6.522878745280337,300.0,1,CHEMBL5858682,Adenosine receptor A2a
O=C(NCc1ccccn1)c1nc(NCc2ccccn2)nc2ccsc12,6.522878745280337,300.0,1,CHEMBL5813989,Adenosine receptor A2a
O=C(NCc1cccnn1)c1nc(NCc2cccnn2)nc2ccsc12,6.301029995663981,500.0,1,CHEMBL5932447,Adenosine receptor A2a
O=C(NCc1cncc(F)c1)c1nc(NCc2cncc(F)c2)nc2ccsc12,6.301029995663981,500.0,1,CHEMBL5813777,Adenosine receptor A2a
O=C(NCc1cncnc1)c1nc(NCc2cncnc2)nc2ccsc12,6.301029995663981,500.0,1,CHEMBL5778160,Adenosine receptor A2a
O=C(Nc1ccc(OC(F)F)nc1)NC1CCN(c2ncnc3c2nc(-c2ccccc2Cl)n3-c2ccc(Cl)cc2)CC1,5.0,10000.0,1,CHEMBL4563408,Adenosine receptor A2a
O=C(Nc1ccc2ccccc2n1)c1ccco1,6.779996573843064,165.96,1,CHEMBL4550896,Adenosine receptor A2a
O=C(O)CCCCc1nc2[nH]cnc2c2nc(-c3ccc(-c4ccccc4)cc3)nn12,5.0,10000.0,1,CHEMBL124887,Adenosine receptor A2a
O=C(O)CCCc1nc2[nH]cnc2c2nc(-c3ccc(-c4ccccc4)cc3)nn12,5.0,10000.0,1,CHEMBL332800,Adenosine receptor A2a
O=C(O)CCCc1nc2[nH]cnc2c2nc(-c3ccc(Cl)cc3)nn12,5.0,10000.0,1,CHEMBL125340,Adenosine receptor A2a
O=C(O)CCc1nc2[nH]cnc2c2nc(-c3ccc(-c4ccccc4)cc3)nn12,5.0,10000.0,1,CHEMBL125339,Adenosine receptor A2a
O=C([C@H]1S[C@@H](n2cnc3c(NCc4cccc(I)c4)nc(Cl)nc32)[C@H](O)[C@@H]1O)N1CCC(O)CC1,5.0,10000.0,1,CHEMBL271732,Adenosine receptor A2a
O=C([C@H]1S[C@@H](n2cnc3c(NCc4cccc(I)c4)nc(Cl)nc32)[C@H](O)[C@@H]1O)N1CCC1,5.0,10000.0,1,CHEMBL428245,Adenosine receptor A2a
O=C([C@H]1S[C@@H](n2cnc3c(NCc4cccc(I)c4)nc(Cl)nc32)[C@H](O)[C@@H]1O)N1CCCC1,5.0,10000.0,1,CHEMBL404235,Adenosine receptor A2a
O=C([C@H]1S[C@@H](n2cnc3c(NCc4cccc(I)c4)nc(Cl)nc32)[C@H](O)[C@@H]1O)N1CCCCC1,5.0,10000.0,1,CHEMBL406911,Adenosine receptor A2a
O=C([C@H]1S[C@@H](n2cnc3c(NCc4cccc(I)c4)nc(Cl)nc32)[C@H](O)[C@@H]1O)N1CCSCC1,5.0,10000.0,1,CHEMBL271730,Adenosine receptor A2a
O=C(c1ccc(Cl)s1)c1nc(NCc2cccnc2)nc2ccsc12,5.812197361281581,1541.0,1,CHEMBL1079116,Adenosine receptor A2a
O=C(c1ccc(OCCN2CCCCC2)cc1)c1c(-c2ccc(O)cc2)sc2cc(O)ccc12,5.675511766692344,2111.0,1,CHEMBL81,Adenosine receptor A2a
O=C(c1ccccc1)c1nc(NCc2cccnc2)nc2ccsc12,5.790753151246626,1619.0,1,CHEMBL1079141,Adenosine receptor A2a
O=C(c1cccnc1)c1nc(NCc2cccnc2)nc2ccsc12,5.932557157223619,1168.0,1,CHEMBL1081873,Adenosine receptor A2a
O=C(c1cccs1)c1nc(NCc2cccnc2)nc2cc(Cl)sc12,7.2076083105017466,62.0,1,CHEMBL1080068,Adenosine receptor A2a
O=C(c1cccs1)c1nc(NCc2cccnc2)nc2cc(NCc3cccnc3)sc12,6.0818123386410745,828.3,1,CHEMBL3922797,Adenosine receptor A2a
O=C(c1cccs1)c1nc(NCc2cccnc2)nc2ccsc12,7.292429823902063,51.0,1,CHEMBL1079118,Adenosine receptor A2a
O=C(c1ccncc1)c1nc(NCc2cccnc2)nc2ccsc12,5.711750774428014,1942.0,1,CHEMBL1080067,Adenosine receptor A2a
O=C(c1ccsc1)c1nc(NCc2cccnc2)nc2ccsc12,6.392544976785332,405.0,1,CHEMBL1079132,Adenosine receptor A2a
O=C(c1cncs1)c1nc(NCc2cccnc2)nc2ccsc12,5.7657358756212105,1715.0,1,CHEMBL1079044,Adenosine receptor A2a
O=C(c1nc(NC(CO)c2cccnc2)nc2ccsc12)N1CCCC1,6.301029995663981,500.0,1,CHEMBL5987300,Adenosine receptor A2a
O=C(c1nc(NCCc2ccc(O)cc2)nc2ccsc12)N1CCCC1,6.522878745280337,300.0,1,CHEMBL5945995,Adenosine receptor A2a
O=C(c1nc(NCCc2ccccc2)nc2ccsc12)N1CCCC1,6.522878745280337,300.0,1,CHEMBL6024050,Adenosine receptor A2a
O=C(c1nc(NCCn2ccnc2)nc2ccsc12)N1CCCC1,6.301029995663981,500.0,1,CHEMBL5967382,Adenosine receptor A2a
O=C(c1nc(NCc2cc(F)cc(F)c2)nc2ccsc12)N1CCC1,6.522878745280337,300.0,1,CHEMBL6053191,Adenosine receptor A2a
O=C(c1nc(NCc2ccc(C(F)(F)F)nc2)nc2ccsc12)N1CCCC1,6.522878745280337,300.0,1,CHEMBL6004061,Adenosine receptor A2a
O=C(c1nc(NCc2ccc(C(F)(F)F)nc2)nc2ccsc12)N1CC[C@H](O)C1,6.301029995663981,500.0,1,CHEMBL5763686,Adenosine receptor A2a
O=C(c1nc(NCc2ccc(F)cn2)nc2ccsc12)N1CCCC1,6.301029995663981,500.0,1,CHEMBL5854137,Adenosine receptor A2a
O=C(c1nc(NCc2ccc(F)cn2)nc2ccsc12)N1CC[C@H](O)C1,6.301029995663981,500.0,1,CHEMBL5796664,Adenosine receptor A2a
O=C(c1nc(NCc2cccc(Cl)c2)nc2ccsc12)N1CC(O)C1,6.522878745280337,300.0,1,CHEMBL5750149,Adenosine receptor A2a
O=C(c1nc(NCc2cccc(Cl)c2)nc2ccsc12)N1CCC1,6.522878745280337,300.0,1,CHEMBL6021606,Adenosine receptor A2a
O=C(c1nc(NCc2cccc(Cl)c2)nc2ccsc12)N1CCCC1,6.522878745280337,300.0,1,CHEMBL6050950,Adenosine receptor A2a
O=C(c1nc(NCc2cccc(Cl)c2)nc2ccsc12)N1CC[C@@H](O)C1,6.301029995663981,500.0,1,CHEMBL5753595,Adenosine receptor A2a
O=C(c1nc(NCc2cccc(F)c2)nc2ccsc12)N1CCCC1,6.301029995663981,500.0,1,CHEMBL5942451,Adenosine receptor A2a
O=C(c1nc(NCc2cccc(F)c2)nc2ccsc12)N1CCN(CCCc2ccccc2)CC1,6.301029995663981,500.0,1,CHEMBL5746435,Adenosine receptor A2a
O=C(c1nc(NCc2cccc(F)c2)nc2ccsc12)N1CC[C@@H](O)C1,6.522878745280337,300.0,1,CHEMBL5850525,Adenosine receptor A2a
O=C(c1nc(NCc2cccc(F)n2)nc2ccsc12)N1CCCC1,6.301029995663981,500.0,1,CHEMBL6018835,Adenosine receptor A2a
O=C(c1nc(NCc2cccc(O)n2)nc2ccsc12)N1CCCC1,6.301029995663981,500.0,1,CHEMBL5939142,Adenosine receptor A2a
O=C(c1nc(NCc2ccccc2)nc2ccsc12)N1CCCC1,6.522878745280337,300.0,1,CHEMBL5831488,Adenosine receptor A2a
O=C(c1nc(NCc2ccccc2)nc2ccsc12)N1CC[C@H](O)C1,6.301029995663981,500.0,1,CHEMBL6037627,Adenosine receptor A2a
O=C(c1nc(NCc2ccccn2)nc2ccsc12)N1CCCC1,6.522878745280337,300.0,1,CHEMBL6007989,Adenosine receptor A2a
O=C(c1nc(NCc2cccnc2)nc2ccsc12)N1CCCC1,5.2121146490590755,6136.0,1,CHEMBL1078030,Adenosine receptor A2a
O=C(c1nc(NCc2cccnc2)nc2ccsc12)N1CC[C@@H](O)C1,6.301029995663981,500.0,1,CHEMBL6000755,Adenosine receptor A2a
O=C(c1nc(NCc2cccnn2)nc2ccsc12)N1CCCC1,6.301029995663981,500.0,1,CHEMBL5925414,Adenosine receptor A2a
O=C(c1nc(NCc2cncc(C(F)(F)F)c2)nc2ccsc12)N1CCC1,6.301029995663981,500.0,1,CHEMBL5881413,Adenosine receptor A2a
O=C(c1nc(NCc2cncc(C(F)(F)F)c2)nc2ccsc12)N1CC[C@H](O)C1,6.301029995663981,500.0,1,CHEMBL5746639,Adenosine receptor A2a
O=C(c1nc(NCc2cncc(Cl)c2)nc2ccsc12)N1CCCC1,6.301029995663981,500.0,1,CHEMBL5941753,Adenosine receptor A2a
O=C(c1nc(NCc2cncc(F)c2)nc2ccsc12)N1CC(F)(F)C1,6.301029995663981,500.0,1,CHEMBL5779332,Adenosine receptor A2a
O=C(c1nc(NCc2cncc(F)c2)nc2ccsc12)N1CC(O)C1,6.301029995663981,500.0,1,CHEMBL5894752,Adenosine receptor A2a
O=C(c1nc(NCc2cncc(F)c2)nc2ccsc12)N1CCC1,6.522878745280337,300.0,1,CHEMBL5806330,Adenosine receptor A2a
O=C(c1nc(NCc2cncc(F)c2)nc2ccsc12)N1CCCC1,6.522878745280337,300.0,1,CHEMBL6010427,Adenosine receptor A2a
O=C(c1nc(NCc2cncc(F)c2)nc2ccsc12)N1CCNC1,6.301029995663981,500.0,1,CHEMBL5791015,Adenosine receptor A2a
O=C(c1nc(NCc2cncc(F)c2)nc2ccsc12)N1CC[C@@H](F)C1,6.522878745280337,300.0,1,CHEMBL6023160,Adenosine receptor A2a
O=C(c1nc(NCc2cncc(F)c2)nc2ccsc12)N1CC[C@@H](O)C1,6.522878745280337,300.0,1,CHEMBL5916408,Adenosine receptor A2a
O=C(c1nc(NCc2cncc(F)c2)nc2ccsc12)N1CC[C@H](F)C1,6.301029995663981,500.0,1,CHEMBL6041716,Adenosine receptor A2a
O=C(c1nc(NCc2cncc(F)c2)nc2ccsc12)N1CC[C@H](O)C1,6.301029995663981,500.0,1,CHEMBL5773322,Adenosine receptor A2a
O=C(c1nc(NCc2cnccn2)nc2ccsc12)N1CCC1,6.301029995663981,500.0,1,CHEMBL6044934,Adenosine receptor A2a
O=C(c1nc(NCc2cnccn2)nc2ccsc12)N1CC[C@H](O)C1,6.301029995663981,500.0,1,CHEMBL5891610,Adenosine receptor A2a
O=C(c1nc(NCc2cncnc2)nc2ccsc12)N1CCCC1,6.301029995663981,500.0,1,CHEMBL5797591,Adenosine receptor A2a
O=C(c1nccs1)c1nc(NCc2cccnc2)nc2ccsc12,6.135488918941608,732.0,1,CHEMBL1079043,Adenosine receptor A2a
O=P(O)(O)COC[C@H]1O[C@@H](n2ncc3c(NC4CCCC4)nc(Cl)nc32)[C@H](O)[C@@H]1O,5.0,10000.0,1,CHEMBL4745473,Adenosine receptor A2a
O=[N+]([O-])c1cc(O)c2c(c1)S(=O)(=O)N=C(Nc1ccccc1Oc1ccccc1)N2,4.6020599913279625,25000.0,1,CHEMBL399203,Adenosine receptor A2a
O=c1c(-c2ccc(O)cc2)coc2cc(O)cc(O)c12,4.758403717845929,17442.0,1,CHEMBL44,Adenosine receptor A2a
OC[C@H]1O[C@@H](n2cnc3c(NCCCCc4ccccc4)nc(Cl)nc32)[C@H](O)[C@@H]1O,4.657577319177793,22000.0,1,CHEMBL4864883,Adenosine receptor A2a
OC[C@H]1O[C@@H](n2cnc3c(NCCCCc4ccccc4)ncnc32)[C@H](O)[C@@H]1O,4.130181792020672,74100.0,1,CHEMBL2113406,Adenosine receptor A2a
OC[C@H]1O[C@@H](n2cnc3c(NCCCc4ccccc4)ncnc32)[C@H](O)[C@@H]1O,4.692503962086787,20300.0,1,CHEMBL2113484,Adenosine receptor A2a
O[C@H]1CC[C@H]2CN3CCc4c([nH]c5ccccc45)[C@H]3C[C@H]2[C@H]1CNCc1ccccc1,6.263046046216854,545.7,1,CHEMBL5206639,Adenosine receptor A2a
Oc1c(Cl)cc(Cl)c(Cl)c1Cc1c(O)c(Cl)cc(Cl)c1Cl,5.792150288869474,1613.8,1,CHEMBL496,Adenosine receptor A2a
Oc1c(Cl)cc(Cl)cc1Sc1cc(Cl)cc(Cl)c1O,5.93292914395463,1167.0,1,CHEMBL290106,Adenosine receptor A2a
c1ccc(-c2nc3c4[nH]cnc4nc(-c4ccccc4)n3n2)cc1,7.638272163982407,23.0,1,CHEMBL330982,Adenosine receptor A2a
