canonical_smiles,pic50,ic50_nm_median,n_measurements,molecule_chembl_id,target
Brc1cc(cc(F)c1N)CC1CS(=O)(=O)CC([NH2+]Cc2cc(ccc2)C(C)(C)C)C1O,7.2596374,54.99998866625503,1,BACE_707,Beta-secretase 1 (BACE-1)
Brc1cc(cc(F)c1N)C[C@@H]1CS(=O)(=O)C[C@H]([NH2+]Cc2cc(ccc2)C(F)(F)C)[C@H]1O,5.8632793,1370.0004190607012,1,BACE_146,Beta-secretase 1 (BACE-1)
Brc1cc(cc(c1)C(C)(C)C)C1([NH2+]CC(O)C(NC(=O)C)Cc2cc(F)cc(F)c2)CCCCC1,6.7594509,173.9999405906153,1,BACE_901,Beta-secretase 1 (BACE-1)
Brc1cc(ccc1)C(=O)Nc1ccc(cc1)-c1n(CC(=O)NC(=[NH2+])N)c(cc1)-c1ccccc1,6.221849,599.9996540823129,1,BACE_135,Beta-secretase 1 (BACE-1)
Brc1cc(ccc1)C1(N=C(N2C1=NCC(F)(F)C2)N)c1ccc(OC)cc1,5.4699998,3388.44312182739,1,BACE_1263,Beta-secretase 1 (BACE-1)
Brc1cc(ccc1)C12N=C(OC1CCCC2)N,3.6989701000000004,199999.95594511327,1,BACE_1521,Beta-secretase 1 (BACE-1)
Brc1cc(ccc1)C1CC1C=1N=C(N)N(C)C(=O)C=1,2.9531147000000004,1114000.2800100185,1,BACE_1545,Beta-secretase 1 (BACE-1)
Brc1cc(ccc1)CC1CS(=O)(=O)CC([NH2+]Cc2cc(ccc2)C(C)(C)C)C1O,6.2146702,609.9999508246877,1,BACE_1057,Beta-secretase 1 (BACE-1)
Brc1cc(ccc1)CC1CS(=O)(=O)CC([NH2+]Cc2cc(ccc2)C(C)C)C1O,6.1191864,760.0000135083421,1,BACE_1078,Beta-secretase 1 (BACE-1)
Brc1cc(ccc1)CCC=1N=C(N)N(C)C(=O)C=1,4.7033348,19800.000443988323,1,BACE_1408,Beta-secretase 1 (BACE-1)
Brc1cc(ccc1)C[NH2+]CC(O)C(NC(=O)c1c2cccnc2n(c1)C(=O)N(CCCC)C)Cc1ccccc1,7.6382723,22.999992796583264,1,BACE_536,Beta-secretase 1 (BACE-1)
Brc1cc(ccc1)[C@]1([NH+]=C(N2C1=NCCC2)N)c1ccc(OC(F)(F)F)cc1,5.5850267,2599.9997128120995,1,BACE_1233,Beta-secretase 1 (BACE-1)
Brc1cc(ccc1C#N)COC(=O)[C@@H]1[NH2+]C[C@]2(C1)c1c(NC2=O)cccc1,5.2034259,6259.996638463165,1,BACE_162,Beta-secretase 1 (BACE-1)
Brc1cc(ccc1N)CC1CS(=O)(=O)CC([NH2+]Cc2cc(ccc2)C(C)(C)C)C1O,6.8538718,140.00005297108746,1,BACE_877,Beta-secretase 1 (BACE-1)
Brc1cc(ccc1O)CC1CS(=O)(=O)CC([NH2+]Cc2cc(Cl)cc(Cl)c2)C1O,5.3767509,4199.998158689458,1,BACE_1286,Beta-secretase 1 (BACE-1)
Brc1cc(ccc1O)CC1CS(=O)(=O)CC([NH2+]Cc2cc(OC(C)C)ccc2)C1O,5.8538718,1400.0005297108746,1,BACE_1165,Beta-secretase 1 (BACE-1)
Brc1cc(ccc1O)CC1CS(=O)(=O)CC([NH2+]Cc2cc(ccc2)C(C)(C)C)C1O,7.2596374,54.99998866625503,1,BACE_706,Beta-secretase 1 (BACE-1)
Brc1cc(ccc1O)CC1CS(=O)(=O)CC([NH2+]Cc2cc(ccc2)C(C)C)C1O,6.5228786,300.0001003561184,1,BACE_968,Beta-secretase 1 (BACE-1)
Brc1cc(ccc1O)CC1CS(=O)(=O)CC([NH2+]Cc2ccccc2)C1O,4.1804562,65999.97940162191,1,BACE_1486,Beta-secretase 1 (BACE-1)
Brc1cc(ccc1O)CC1CS(=O)(=O)CC([NH2+]Cc2nccc(c2)C(C)C)C1O,5.3665314,4300.001429923486,1,BACE_1289,Beta-secretase 1 (BACE-1)
Brc1cc(ccc1O)CC1CS(=O)(=O)CC([NH3+])C1O,4.0,100000.0,1,BACE_1505,Beta-secretase 1 (BACE-1)
Brc1cc(ccc1O)C[C@@H]1CS(=O)(=O)C[C@H]([NH2+]Cc2cc(ccc2)C2CC2)[C@H]1O,6.0222764,949.9999884308792,1,BACE_143,Beta-secretase 1 (BACE-1)
Brc1cc(ccc1OC(=O)NC)CC1CS(=O)(=O)CC([NH2+]Cc2cc(ccc2)C(C)C)C1O,7.221849,59.99996540823128,1,BACE_723,Beta-secretase 1 (BACE-1)
Brc1cc(ccc1OC)CC1CS(=O)(=O)CC([NH2+]Cc2cc(ccc2)C(C)C)C1O,5.5528421,2799.999153205545,1,BACE_1241,Beta-secretase 1 (BACE-1)
Brc1cc2c(OC(C[C@@]23N=C(N)N(C)C3=O)(C)C)cc1,4.4337983,36829.99840102403,1,BACE_179,Beta-secretase 1 (BACE-1)
Brc1cc2c(S(=O)(=O)CC[C@@H]2OC(=O)[C@@H]2[NH2+]C[C@]3(C2)c2c(NC3=O)cccc2)cc1,5.3979402,3999.998237804733,1,BACE_158,Beta-secretase 1 (BACE-1)
Brc1cc2c(SCC[C@@H]2OC(=O)[C@@H]2[NH2+]C[C@]3(C2)c2c(NC3=O)cccc2)cc1,4.6458917,22599.99275898984,1,BACE_173,Beta-secretase 1 (BACE-1)
Brc1cc2c(cc1)C1(CCC2)C[NH2+]CC1C(=O)N1CCC(CC1C1CCCCC1)c1ccccc1,7.6197886,24.000008747341525,1,BACE_543,Beta-secretase 1 (BACE-1)
Brc1cc2c(cc1)C1(CCC2)C[NH2+]CC1C(=O)N1CCC(CC1c1ccccc1)c1ccccc1,7.154902,69.99999355046413,1,BACE_755,Beta-secretase 1 (BACE-1)
Brc1cc2c(n(cc2)CC(=O)NC(=[NH2+])NCc2cc(Cl)c(NC(=O)C)c(Cl)c2)cc1,6.9746943,105.99995966317076,1,BACE_827,Beta-secretase 1 (BACE-1)
Brc1cc2n(ccc2cc1)CC(=O)NC(=[NH2+])NCc1cc(Cl)c(NC(=O)C)c(Cl)c1,7.1023731,78.99996520346862,1,BACE_773,Beta-secretase 1 (BACE-1)
Brc1ccc(cc1)COC(=O)C1[NH2+]CC2(C1)c1c(NC2=O)cccc1,4.5301781,29499.992122038195,1,BACE_1441,Beta-secretase 1 (BACE-1)
Brc1ccc(cc1C(C)(C)C)C1([NH2+]CC(O)C(NC(=O)C)Cc2cc(F)cc(F)c2)CCCCC1,5.1611509,6900.000147164981,1,BACE_1322,Beta-secretase 1 (BACE-1)
Brc1ccccc1C1C[NH2+]CC1C(=O)N1CCC(CC1)c1ccccc1,4.7212462,19000.008708139907,1,BACE_1405,Beta-secretase 1 (BACE-1)
Brc1ccccc1C1C[NH2+]CC1C(=O)N1CCC(CC1c1ccccc1)c1ccccc1,6.221849,599.9996540823129,1,BACE_1054,Beta-secretase 1 (BACE-1)
Brc1ccccc1C1C[NH2+]CC1C(=O)N1CCCCC1c1ccccc1,4.2441254,56999.96644367287,1,BACE_1482,Beta-secretase 1 (BACE-1)
Brc1ccccc1C1C[NH2+]CC1C(=O)N1CCOCC1c1ccccc1,4.3279023,46999.98290796297,1,BACE_1475,Beta-secretase 1 (BACE-1)
Brc1ccsc1CC(NC1=NC(Cc2c1ccc(Cl)c2)(C)C)C(=O)[O-],6.1487417,709.999920352334,1,BACE_1070,Beta-secretase 1 (BACE-1)
Brc1cscc1CC(NC1=NC(Cc2c1ccc(Cl)c2)(C)C)C(=O)[O-],6.5086384,309.9999330209742,1,BACE_972,Beta-secretase 1 (BACE-1)
Brc1cscc1C[C@H](NC1=[NH+]C(Cc2c1ccc(Cl)c2)(C)C)C(=O)[O-],6.5086384,309.9999330209742,1,BACE_123,Beta-secretase 1 (BACE-1)
Brc1sccc1CC(NC1=NC(Cc2c1ccc(Cl)c2)(C)C)C(=O)[O-],5.0222764,9499.999884308792,1,BACE_1352,Beta-secretase 1 (BACE-1)
ClC1=CN=C(NC1=O)C(NC1=NC(Cc2c1ccc(Cl)c2)(C)C)Cc1ccccc1,6.251812,559.9999651769192,1,BACE_1045,Beta-secretase 1 (BACE-1)
Clc1cc(-c2cc(ccc2)C2(N=C(OC2)N)c2ccc(OC)cc2)c(F)cc1,5.7099652,1950.0008469901989,1,BACE_1205,Beta-secretase 1 (BACE-1)
Clc1cc(-c2cc3c(OC(CC34N=C(N)N(C)C4=O)(C)C)cc2)c(F)cc1,7.4436975,35.999999936397224,1,BACE_631,Beta-secretase 1 (BACE-1)
Clc1cc(-c2cc3c(Oc4c(cc(OC)cc4)C34N=C(OC4)N)cc2)c(F)cc1C,5.493495,3209.9997604859363,1,BACE_1259,Beta-secretase 1 (BACE-1)
Clc1cc(-c2cc3c(Oc4c(cc(OC)cc4)[C@@]34N=C(OC4)N)cc2)c(F)cc1,6.5528421,279.99991532055446,1,BACE_122,Beta-secretase 1 (BACE-1)
Clc1cc(C)c(nc1)C(=O)Nc1cc(C2(N=C(OCC2(F)F)N)C)c(F)cc1,7.7695513,16.999991334382887,1,BACE_471,Beta-secretase 1 (BACE-1)
Clc1cc(C[NH+]2CCC(NC(=O)COc3ccc(S(=O)(=O)N)cc3)CC2)c(OC(C)C)c(OC)c1,3.769551,170000.0307756493,1,BACE_270,Beta-secretase 1 (BACE-1)
Clc1cc(C[NH+]2CCC(NC(=O)COc3ccc(S(=O)(=O)N)cc3C)CC2)c(OC(C)C)c(OC)c1,4.1307683,73999.9966380135,1,BACE_269,Beta-secretase 1 (BACE-1)
Clc1cc(Cl)ccc1C(=O)N[C@@H](Cc1ccc([N+](=O)[O-])cc1)C(=O)N[C@H]([C@@H](O)C[C@H](C(=O)NCC(C)C)C)CC(C)C,5.3726339,4240.002376376271,1,BACE_1288,Beta-secretase 1 (BACE-1)
Clc1cc(Cl)cnc1C(=O)Nc1cc(C2(N=C(N)COC2)C)c(F)cc1,7.3467875,44.99999857264952,1,BACE_672,Beta-secretase 1 (BACE-1)
Clc1cc(Cl)cnc1C(=O)Nc1cc(C2(N=C(OCC2(F)F)N)C)c(F)cc1,7.5850267,25.999997128120995,1,BACE_559,Beta-secretase 1 (BACE-1)
Clc1cc(Cl)cnc1C(=O)Nc1cc(C2(N=C(OCC2)N)C)c(F)cc1,7.4089355,38.99999038893393,1,BACE_639,Beta-secretase 1 (BACE-1)
Clc1cc(F)c(cc1)-c1cc2c(Oc3c(cc(OC)cc3)C23N=C(OC3)N)cc1,5.8068752,1560.0007243175437,1,BACE_1177,Beta-secretase 1 (BACE-1)
Clc1cc(N(S(=O)(=O)C)c2cc(ccc2)C(=O)NC(Cc2ccccc2)C(O)C[NH2+]C(C(=O)NC2CCCCC2)C)cc(Cl)c1,7.9586072,11.000002908762928,1,BACE_423,Beta-secretase 1 (BACE-1)
Clc1cc(cc(C)c1NC(=O)C)CN\C(=N/C(=O)c1c(nsc1C)-c1ccc(OC)cc1)\N,7.6989698,20.000009410023612,1,BACE_249,Beta-secretase 1 (BACE-1)
Clc1cc(cc(Cl)c1)-c1cc(ccc1)C1(N=C(N2C1=NCCC2)N)c1ccc(OC)cc1,7.6500001,22.38720623083808,1,BACE_528,Beta-secretase 1 (BACE-1)
Clc1cc(cc(Cl)c1)-c1cc2c(OC(CC23N=C(N)N(C)C3=O)(C)C)cc1,7.5528421,27.99999153205545,1,BACE_571,Beta-secretase 1 (BACE-1)
Clc1cc(cc(Cl)c1)CNC(=[NH2+])NC(=O)Cn1c2c(cccc2)cc1,5.057992,8749.998931726677,1,BACE_1343,Beta-secretase 1 (BACE-1)
Clc1cc(cc(Cl)c1N)CN\C(=N/C(=O)c1c(nsc1C)-c1ccc(OC)cc1)\N,7.3979402,39.999982378047335,1,BACE_254,Beta-secretase 1 (BACE-1)
Clc1cc(cc(Cl)c1NC(=O)C(C)C)CNC(=[NH2+])NC(=O)Cn1c2c(cccc2)cc1,5.7644715,1720.0002102698177,1,BACE_1192,Beta-secretase 1 (BACE-1)
Clc1cc(cc(Cl)c1NC(=O)C)CNC(=[NH2+])NC(=O)Cn1c2c(cc(OC)cc2)cc1,6.3467875,449.9999857264952,1,BACE_1018,Beta-secretase 1 (BACE-1)
Clc1cc(cc(Cl)c1NC(=O)C)CNC(=[NH2+])NC(=O)Cn1c2c(cc(cc2)C#N)cc1,7.2441254,56.999966443672875,1,BACE_711,Beta-secretase 1 (BACE-1)
Clc1cc(cc(Cl)c1NC(=O)C)CNC(=[NH2+])NC(=O)Cn1c2c(cccc2)cc1,5.9956784,1010.000526093699,1,BACE_1122,Beta-secretase 1 (BACE-1)
Clc1cc(cc(Cl)c1NC(=O)C)CNC(=[NH2+])NC(=O)Cn1c2cc(OC)ccc2cc1,6.6497521,223.9999389657251,1,BACE_930,Beta-secretase 1 (BACE-1)
Clc1cc(cc(Cl)c1NC(=O)C)CNC(=[NH2+])NC(=O)Cn1c2cc(ccc2cc1)C#N,7.3565474,43.99999225089864,1,BACE_669,Beta-secretase 1 (BACE-1)
Clc1cc(cc(Cl)c1NC(=O)C)CNC(=[NH2+])NC(=O)Cn1c2cc(ccc2cc1)CN(S(=O)(=O)C)C,6.0757208,839.9998335415796,1,BACE_1095,Beta-secretase 1 (BACE-1)
Clc1cc(cc(Cl)c1NC(=O)C)CNC(NC(=O)Cn1c2cc(ccc2cc1)C#N)=N,7.3565474,43.99999225089864,1,BACE_72,Beta-secretase 1 (BACE-1)
Clc1cc(cc(Cl)c1NC(=O)C)C\N=C(\NC(=O)Cn1c2c(cccc2)cc1)/N,5.9956784,1010.000526093699,1,BACE_144,Beta-secretase 1 (BACE-1)
Clc1cc(cc(F)c1)-c1cc(ccc1)C12N=C(OC1CCCC2)N,4.5751185,26599.99163151739,1,BACE_1432,Beta-secretase 1 (BACE-1)
Clc1cc(cc(F)c1)-c1cc(ccc1)C12N=C(OC1COCC2)N,4.8827286,13100.003147425788,1,BACE_1387,Beta-secretase 1 (BACE-1)
Clc1cc(cc(F)c1)-c1cc2c(CC(CC23N=C(N)N(C)C3=O)(C)C)cc1,7.6197886,24.000008747341525,1,BACE_545,Beta-secretase 1 (BACE-1)
Clc1cc(cc(F)c1)-c1cc2c(OC(CC23N=C(N)N(C)C3=O)(C)C)cc1,7.4089355,38.99999038893393,1,BACE_638,Beta-secretase 1 (BACE-1)
Clc1cc(cc(F)c1)-c1cc2c(SC(CC23N=C(N)N(C)C3=O)(C)C)cc1,7.6382723,22.999992796583264,1,BACE_538,Beta-secretase 1 (BACE-1)
Clc1cc(ccc1)-c1cc(ccc1)C1(N=C(OC1)N)c1ccc(OC)cc1,5.6861329,2059.9994290500313,1,BACE_1215,Beta-secretase 1 (BACE-1)
Clc1cc(ccc1)-c1cc(ccc1)C1(OCCC(=N1)N)C,5.2006593,6300.002183869793,1,BACE_1317,Beta-secretase 1 (BACE-1)
Clc1cc(ccc1)-c1cc(ccc1)[C@@]1(OCCC(=[NH+]1)N)C,5.2006593,6300.002183869793,1,BACE_163,Beta-secretase 1 (BACE-1)
Clc1cc(ccc1)-c1cc2c(OC(CC23N=C(N)N(CC(F)(F)F)C3=O)(C)C)cc1,6.2189631,603.9999462872233,1,BACE_1055,Beta-secretase 1 (BACE-1)
Clc1cc(ccc1)-c1cc2c(OC(CC23N=C(N)N(CC)C3=O)(C)C)cc1,6.5850267,259.99997128121,1,BACE_950,Beta-secretase 1 (BACE-1)
Clc1cc(ccc1)-c1cc2c(OC(C[C@@]23N=C(N)N(C)C3=O)(C)C)cc1,7.6197886,24.000008747341525,1,BACE_55,Beta-secretase 1 (BACE-1)
Clc1cc(ccc1)-c1cc2c(Oc3c(cc(OC)cc3)C23N=C(OC3)N)cc1,6.8860564,130.00007414351717,1,BACE_864,Beta-secretase 1 (BACE-1)
Clc1cc(ccc1)C1(N=C(N)N(C)C1=O)c1ccccc1,5.6020598,2500.001101372527,1,BACE_1232,Beta-secretase 1 (BACE-1)
Clc1cc(ccc1)CCc1cccnc1N,3.0,1000000.0,1,BACE_201,Beta-secretase 1 (BACE-1)
Clc1cc(ccc1)CN1C(=O)C(NC1=N)(C)C,3.154902,699999.9355046413,1,BACE_198,Beta-secretase 1 (BACE-1)
Clc1cc(ccc1)CN1C(=O)[C@](NC1=N)(CC(C)C)C,3.3010298999999996,500000.1101372411,1,BACE_195,Beta-secretase 1 (BACE-1)
Clc1cc(ccc1O)C[NH+]1CCC2(N(S(=O)(=O)N(C2)C)c2cc(F)ccc2)CC1C,5.7958798,1600.0008007253653,1,BACE_1181,Beta-secretase 1 (BACE-1)
Clc1cc(ccc1OC)C1(N=C(N)N(C)C1=O)c1cc(ccc1)-c1cccnc1,7.4436975,35.999999936397224,1,BACE_627,Beta-secretase 1 (BACE-1)
Clc1cc(ccc1OCCCC)CSC(=[NH2+])N,3.6777806,210000.05090066884,1,BACE_192,Beta-secretase 1 (BACE-1)
Clc1cc(cnc1)-c1cc(ccc1)C1(N=C(C)C(=N1)N)C1CC1,6.5086384,309.9999330209742,1,BACE_971,Beta-secretase 1 (BACE-1)
Clc1cc(cnc1)-c1cc(ccc1)C1(NC(=[NH2+])N(C)C1=O)C1CC1,7.2291479,59.00001200363863,1,BACE_256,Beta-secretase 1 (BACE-1)
Clc1cc(cnc1)-c1cc(ccc1)C12N=C(OC1COCC2)N,4.3391347,45799.98122800112,1,BACE_1471,Beta-secretase 1 (BACE-1)
Clc1cc(cnc1)-c1cc(ccc1)[C@@]12N=C(O[C@@H]1CCCC2)N,4.9281178,11800.005235590874,1,BACE_169,Beta-secretase 1 (BACE-1)
Clc1cc(cnc1)-c1cc2c(CC(CC23N=C(N)N(C)C3=O)(C)C)cc1,7.5228786,30.000010035611844,1,BACE_600,Beta-secretase 1 (BACE-1)
Clc1cc(cnc1)-c1cc2c(CC(CC23N=C(OC3)N)(C)C)cc1,6.1029229,789.0001758433019,1,BACE_1082,Beta-secretase 1 (BACE-1)
Clc1cc(cnc1)-c1cc2c(CC(CC23N=C(SC3)N)(C)C)cc1,5.7002749,1993.9997521787216,1,BACE_1207,Beta-secretase 1 (BACE-1)
Clc1cc(cnc1)-c1cc2c(OC(CC23N=C(N)N(C)C3=O)(C)C)cc1,7.7212462,19.000008708139905,1,BACE_485,Beta-secretase 1 (BACE-1)
Clc1cc(cnc1)-c1cc2c(SC(CC23N=C(N)N(C)C3=O)(C)C)cc1,7.6575775,21.999990840114524,1,BACE_527,Beta-secretase 1 (BACE-1)
Clc1cc(sc1C1(NC(=[NH2+])N(C)C(=O)C1)C)-c1cc(cnc1)C#CC,8.7695513,1.699999133438289,1,BACE_240,Beta-secretase 1 (BACE-1)
Clc1cc2CC(N=C(NC(Cc3c(csc3CCC)-c3cn[nH]c3)C(=O)[O-])c2cc1)(C)C,8.0969095,8.000009449963196,1,BACE_375,Beta-secretase 1 (BACE-1)
Clc1cc2CC(N=C(NC(Cc3ccccc3)C(=O)[O-])c2cc1)(C)C,5.5466819,2839.9984302508374,1,BACE_1242,Beta-secretase 1 (BACE-1)
Clc1cc2CC(N=C(NC(Cc3ccccc3)C=3NC(=O)C(=CN=3)C#N)c2cc1)(C)C,6.3279023,469.99982907962976,1,BACE_1024,Beta-secretase 1 (BACE-1)
Clc1cc2CC(N=C(NC(Cc3ccccc3)C=3NC(=O)C=CN=3)c2cc1)(C)C,5.5670309,2709.998808942902,1,BACE_1238,Beta-secretase 1 (BACE-1)
Clc1cc2CC(N=C(NC(Cc3ccccc3)C=3NC(=O)NN=3)c2cc1)(C)C,5.4723701,3369.999993238663,1,BACE_1262,Beta-secretase 1 (BACE-1)
Clc1cc2CC(N=C(NC(Cc3ccccc3)C=3NC(=O)c4c(N=3)cccc4)c2cc1)(C)C,5.1408615,7230.003374578649,1,BACE_1328,Beta-secretase 1 (BACE-1)
Clc1cc2CC(N=C(NC(Cc3ccccc3)C=3NC(=O)c4c(N=3)ccnc4)c2cc1)(C)C,6.7695513,169.9999133438289,1,BACE_899,Beta-secretase 1 (BACE-1)
Clc1cc2CC(N=C(NC(Cc3ccccc3)C=3NC(ON=3)=O)c2cc1)(C)C,6.124939,749.9995451387857,1,BACE_1076,Beta-secretase 1 (BACE-1)
Clc1cc2CC(N=C(NC(Cc3ccccc3)c3nc(ccn3)C)c2cc1)(C)C,3.6020601,249999.9374433543,1,BACE_1529,Beta-secretase 1 (BACE-1)
Clc1cc2CC(N=C(NC(Cc3ccccc3)c3nc4occc4cn3)c2cc1)(C)C,4.1325326,73699.98509027463,1,BACE_1490,Beta-secretase 1 (BACE-1)
Clc1cc2CC(N=C(NC(Cc3ccccc3)c3ncccn3)c2cc1)(C)C,3.8629625,137100.01427224703,1,BACE_1510,Beta-secretase 1 (BACE-1)
Clc1cc2CC(N=C(NC(Cc3ccccc3)c3oc(nn3)C)c2cc1)(C)C,3.4689045,339699.96333882137,1,BACE_1533,Beta-secretase 1 (BACE-1)
Clc1cc2CC(N=C(NC(Cc3ccccc3)c3ocnn3)c2cc1)(C)C,3.7330632,184899.9526742122,1,BACE_1516,Beta-secretase 1 (BACE-1)
Clc1cc2CC(N=C(NC(Cc3ccsc3)C(=O)[O-])c2cc1)(C)C,5.5376019,2900.0006817794692,1,BACE_1245,Beta-secretase 1 (BACE-1)
Clc1cc2CC(N=C(NC(Cc3cscc3-c3ccncc3)C(=O)[O-])c2cc1)(C)C,5.7328281,1850.0007309659704,1,BACE_1200,Beta-secretase 1 (BACE-1)
Clc1cc2CC(N=C(NC(Cc3cscc3-c3cn(nc3)C)C(=O)[O-])c2cc1)(C)C,5.9625735,1090.0000051686584,1,BACE_1127,Beta-secretase 1 (BACE-1)
Clc1cc2CC(N=C(NC(Cc3cscc3-c3cn[nH]c3)C(=O)[O-])c2cc1)(C)C,6.3467875,449.9999857264952,1,BACE_1017,Beta-secretase 1 (BACE-1)
Clc1cc2CC(N=C(NC(Cc3cscc3-c3n[nH]cc3)C(=O)[O-])c2cc1)(C)C,5.8996296,1259.9995789766938,1,BACE_1146,Beta-secretase 1 (BACE-1)
Clc1cc2CC(N=C(NC(Cc3cscc3-c3occn3)C(=O)[O-])c2cc1)(C)C,6.0861859,820.0004675293343,1,BACE_1093,Beta-secretase 1 (BACE-1)
Clc1cc2CC(N=C(NC(Cc3cscc3C#C)C(=O)[O-])c2cc1)(C)C,6.1191864,760.0000135083421,1,BACE_1079,Beta-secretase 1 (BACE-1)
Clc1cc2CC(N=C(NC(Cc3cscc3C#CC)C(=O)[O-])c2cc1)(C)C,6.2924299,509.999910636801,1,BACE_1035,Beta-secretase 1 (BACE-1)
Clc1cc2CC(N=C(NC(Cc3cscc3C3CC3)C(=O)[O-])c2cc1)(C)C,5.6143937,2430.0001477248875,1,BACE_1230,Beta-secretase 1 (BACE-1)
Clc1cc2CC(N=C(NC(Cc3cscc3CC)C(=O)[O-])c2cc1)(C)C,6.2006593,630.0002183869793,1,BACE_1061,Beta-secretase 1 (BACE-1)
Clc1cc2CC(N=C(NC(Cc3cscc3CCC)C(=O)[O-])c2cc1)(C)C,6.2146702,609.9999508246877,1,BACE_1058,Beta-secretase 1 (BACE-1)
Clc1cc2CC(N=C(NC(Cc3cscc3CCC3CC3)C(=O)[O-])c2cc1)(C)C,6.2441254,569.9996644367287,1,BACE_1046,Beta-secretase 1 (BACE-1)
Clc1cc2CC([NH+]=C(N[C@@H](C[C@H]3[C@H](SC=C3c3cn[nH]c3)CCC)C(=O)[O-])c2cc1)(C)C,8.0969095,8.000009449963196,1,BACE_27,Beta-secretase 1 (BACE-1)
Clc1cc2CC([NH+]=C(N[C@@H](Cc3ccccc3)C3=NOC(=O)[N-]3)c2cc1)(C)C,6.124939,749.9995451387857,1,BACE_141,Beta-secretase 1 (BACE-1)
Clc1cc2CC([NH+]=C(N[C@@H](Cc3ccccc3)C=3NC(=O)C(=CN=3)C#N)c2cc1)(C)C,6.3279023,469.99982907962976,1,BACE_130,Beta-secretase 1 (BACE-1)
Clc1cc2CC([NH+]=C(N[C@@H](Cc3ccccc3)C=3NC(=O)c4c(N=3)ccnc4)c2cc1)(C)C,6.7695513,169.9999133438289,1,BACE_111,Beta-secretase 1 (BACE-1)
Clc1cc2CC([NH+]=C(N[C@@H](Cc3cscc3-c3cn[nH]c3)C(=O)[O-])c2cc1)(C)C,6.3467875,449.9999857264952,1,BACE_129,Beta-secretase 1 (BACE-1)
Clc1cc2CC([NH+]=C(N[C@@H](Cc3cscc3CCC)C(=O)[O-])c2cc1)(C)C,6.2146702,609.9999508246877,1,BACE_138,Beta-secretase 1 (BACE-1)
Clc1cc2c(OC3(CC2[NH2+]CC(O)C(NC(=O)C)Cc2ccccc2)CCC3)nc1,6.0190883,956.999476041289,1,BACE_1113,Beta-secretase 1 (BACE-1)
Clc1cc2c(n(cc2C(=O)NC(Cc2cc(F)cc(F)c2)C(O)C[NH2+]Cc2cc(OC)ccc2)C(=O)N(CCCC)C)cc1,7.5228786,30.000010035611844,1,BACE_593,Beta-secretase 1 (BACE-1)
Clc1cc2nc([nH]c2cc1)N,3.1360826,731000.0387842931,1,BACE_1541,Beta-secretase 1 (BACE-1)
Clc1cc2nc(n(c2cc1)C(CC(=O)N(CC1CCCCC1)C)CC)N,3.4259686,375000.1142130859,1,BACE_1535,Beta-secretase 1 (BACE-1)
Clc1cc2nc(n(c2cc1)C(CC(=O)NC(C(=O)[O-])COC(C)(C)C)CC)N,4.0604806,87000.02952416598,1,BACE_1494,Beta-secretase 1 (BACE-1)
Clc1cc2nc(n(c2cc1)C(CC(=O)NC(C(OC)=O)COC(C)(C)C)CC)N,4.124939,74999.95451387858,1,BACE_1491,Beta-secretase 1 (BACE-1)
Clc1cc2nc(n(c2cc1)C(CC(=O)NC(C)C)CC)N,3.1580153000000006,694999.8326248113,1,BACE_1540,Beta-secretase 1 (BACE-1)
Clc1cc2nc(n(c2cc1)C(CC(=O)NCC1CC1)CC)N,3.6143937,243000.01477248876,1,BACE_1526,Beta-secretase 1 (BACE-1)
Clc1cc2nc(n(c2cc1)C(CC(=O)NCC1CCOCC1)CC)N,3.0,1000000.0,1,BACE_1543,Beta-secretase 1 (BACE-1)
Clc1cc2nc(n(c2cc1)C(CC(=O)NCCC(C)(C)C)CC)N,4.0222764,94999.99884308792,1,BACE_1495,Beta-secretase 1 (BACE-1)
Clc1cc2nc(n(c2cc1)C(CC(=O)NCCC1CC[NH2+]C1)CC)N,3.5686362000000003,270000.0222822858,1,BACE_1531,Beta-secretase 1 (BACE-1)
Clc1cc2nc(n(c2cc1)C(CC(=O)NCC[NH+]1CCOCC1)CC)N,3.3565474,439999.9225089864,1,BACE_1537,Beta-secretase 1 (BACE-1)
Clc1cc2nc(n(c2cc1)C(CC(=O)NCc1cc(F)ccc1)CC)N,3.4685211000000002,339999.98665797757,1,BACE_1534,Beta-secretase 1 (BACE-1)
Clc1cc2nc(n(c2cc1)C(CC(=O)NCc1ccc(F)cc1)CC)N,3.5783961,263999.9836663014,1,BACE_1530,Beta-secretase 1 (BACE-1)
Clc1cc2nc(n(c2cc1)C(CC(=O)NCc1ccccc1)CC)N,4.1426673,72000.03374887939,1,BACE_1489,Beta-secretase 1 (BACE-1)
Clc1cc2nc(n(c2cc1)C(CC(=O)NCc1ncccc1)CC)N,3.0,1000000.0,1,BACE_1544,Beta-secretase 1 (BACE-1)
Clc1cc2nc(n(c2cc1)C(CC(C)C)CC(=O)NC(C)C)N,3.6090648000000005,246000.05261998944,1,BACE_1527,Beta-secretase 1 (BACE-1)
Clc1cc2nc(n(c2cc1)C(CC(C)C)CC(=O)NCc1cc(F)ccc1)N,4.2676063,53999.992561636864,1,BACE_1480,Beta-secretase 1 (BACE-1)
Clc1cc2nc(n(c2cc1)C(CC(C)C)CC(=O)NCc1ncccc1)N,3.6289321999999995,234999.96630429936,1,BACE_1525,Beta-secretase 1 (BACE-1)
Clc1cc2nc(n(c2cc1)CCCC(=O)N(C)C1CCCCC1)N,4.5850267,25999.997128120995,1,BACE_177,Beta-secretase 1 (BACE-1)
Clc1cc2nc(n(c2cc1)CCCC(=O)N(CC1CCCCC1)C)N,4.2291479,59000.01200363863,1,BACE_1483,Beta-secretase 1 (BACE-1)
Clc1cc2nc(n(c2cc1)CCCC(=O)N(Cc1cc(F)ccc1)C)N,3.7121983,193999.98663012343,1,BACE_1518,Beta-secretase 1 (BACE-1)
Clc1cc2nc(n(c2cc1)CCCC(=O)NC(C)C)N,3.7144427,192999.995996955,1,BACE_1517,Beta-secretase 1 (BACE-1)
Clc1cc2nc(n(c2cc1)CCCC(=O)NC1CC[NH+](CC1)C)N,3.4881167,324999.9543670629,1,BACE_1532,Beta-secretase 1 (BACE-1)
Clc1cc2nc(n(c2cc1)CCCC(=O)NCC1CC1)N,2.5445461,2853999.5480159274,1,BACE_1547,Beta-secretase 1 (BACE-1)
Clc1cc2nc(n(c2cc1)CCCC(=O)NCC1CCCCC1)N,4.0809221,82999.96323413882,1,BACE_1492,Beta-secretase 1 (BACE-1)
Clc1cc2nc(n(c2cc1)CCCC(=O)NCCC1CC[NH2+]C1)N,3.3526170000000004,444000.0305532527,1,BACE_1538,Beta-secretase 1 (BACE-1)
Clc1cc2nc(n(c2cc1)CCCC(=O)NCC[NH+]1CCOCC1)N,3.0824945,826999.9818096788,1,BACE_1542,Beta-secretase 1 (BACE-1)
Clc1cc2nc(n(c2cc1)CCCC(=O)NCc1cc(F)ccc1)N,3.6038005,249000.0876667098,1,BACE_1528,Beta-secretase 1 (BACE-1)
Clc1cc2nc(n(c2cc1)CCCC(=O)NCc1ncccc1)N,3.3705904,426000.0008801439,1,BACE_1536,Beta-secretase 1 (BACE-1)
Clc1cc2nc(n(c2cc1)CCCO)N,3.1135092,770000.1326684915,1,BACE_199,Beta-secretase 1 (BACE-1)
Clc1cc2nc(n(c2cc1)[C@H](CC(=O)NC1C2CC3CC1CC(C2)C3)CC)N,5.0506101,8899.997814525286,1,BACE_167,Beta-secretase 1 (BACE-1)
Clc1cc2nc(n(c2cc1)[C@H](CC(=O)NCC1CCCCC1)CC)N,5.154902,6999.999355046412,1,BACE_165,Beta-secretase 1 (BACE-1)
Clc1ccc(N(S(=O)(=O)C)c2cc(ccc2)C(=O)NC(Cc2ccccc2)C(O)C[NH2+]C(C(=O)NC2CCCCC2)C)cc1,8.0,10.0,1,BACE_401,Beta-secretase 1 (BACE-1)
Clc1ccc(cc1)-c1cc2c(Oc3c(cc(OC)cc3)C23N=C(OC3)N)cc1,5.6946487,2019.9996769883687,1,BACE_1211,Beta-secretase 1 (BACE-1)
Clc1ccc(cc1)C1(CCCC1)c1nc(sc1)N,4.4202166,37999.98279638034,1,BACE_1460,Beta-secretase 1 (BACE-1)
Clc1ccc(cc1)C1(N=C(N)N(C)C1=O)c1ccccc1,5.6478176,2249.9993880867937,1,BACE_1221,Beta-secretase 1 (BACE-1)
Clc1ccc(cc1)CC(NC(=O)C)C(O)C[NH2+]C1CC2(Oc3ncc(cc13)CC(C)(C)C)CCC2,8.0809221,8.299996323413882,1,BACE_378,Beta-secretase 1 (BACE-1)
Clc1ccc(nc1)C(=O)Nc1cc(C2(N=C(N)C(=O)N(C2)C)C)c(F)cc1,7.3979402,39.999982378047335,1,BACE_657,Beta-secretase 1 (BACE-1)
Clc1ccc(nc1)C(=O)Nc1cc(C2(N=C(N)C3(CC2)CC3)C)c(F)cc1,7.5086384,30.999993302097423,1,BACE_607,Beta-secretase 1 (BACE-1)
Clc1ccc(nc1)C(=O)Nc1cc(C2(N=C(N)C3C(C2)C3)C)c(F)cc1,7.0177288,95.99999269666408,1,BACE_813,Beta-secretase 1 (BACE-1)
Clc1ccc(nc1)C(=O)Nc1cc(C2(N=C(N)CCOC2)C)c(F)cc1,7.3372421,46.00000723621406,1,BACE_675,Beta-secretase 1 (BACE-1)
Clc1ccc(nc1)C(=O)Nc1cc(C2(N=C(N)COC2)C)c(F)cc1,7.5086384,30.999993302097423,1,BACE_606,Beta-secretase 1 (BACE-1)
Clc1ccc(nc1)C(=O)Nc1cc(C2(N=C(N)COCC2)C)c(F)cc1,7.6382723,22.999992796583264,1,BACE_539,Beta-secretase 1 (BACE-1)
Clc1ccc(nc1)C(=O)Nc1cc(C2(N=C(N)N(CC2)C)C)c(F)cc1,7.9208188,11.99999872765717,1,BACE_433,Beta-secretase 1 (BACE-1)
Clc1ccc(nc1)C(=O)Nc1cc(C2(N=C(N)c3c(C2)cccc3)C)c(F)cc1,7.2146702,60.99999508246877,1,BACE_731,Beta-secretase 1 (BACE-1)
Clc1ccc(nc1)C(=O)Nc1cc(C2(N=C(OCC2(F)F)N)C)c(F)cc1,7.5850267,25.999997128120995,1,BACE_558,Beta-secretase 1 (BACE-1)
Clc1ccc(nc1)C(=O)Nc1cc(C2(N=C(OCC2)N)C)c(F)cc1,6.8632793,137.00004190607012,1,BACE_869,Beta-secretase 1 (BACE-1)
Clc1ccc(nc1)C(=O)Nc1cc(C2(N=C(OCCC2)N)C)c(F)cc1,7.8538718,14.000005297108746,1,BACE_450,Beta-secretase 1 (BACE-1)
Clc1ccc(nc1)C(=O)Nc1cc(C2(Oc3c(cccc3)C(=N2)N)C)c(F)cc1,6.9208188,119.99998727657167,1,BACE_850,Beta-secretase 1 (BACE-1)
Clc1ccc(nc1)C(=O)Nc1cc(C23N=C(N)COCC2C3)c(F)cc1,7.5686364,26.99998979427093,1,BACE_566,Beta-secretase 1 (BACE-1)
Clc1ccc(nc1)C(=O)Nc1cc([C@@]2(N=C(N)C(=O)N(C2)C)C)c(F)cc1,4.5228786,30000.01003561185,1,BACE_1447,Beta-secretase 1 (BACE-1)
Clc1ccc(nc1)C(=O)Nc1cc([C@]2([NH+]=C(N)[C@@H]3[C@H](C2)C3)C)c(F)cc1,7.0177288,95.99999269666408,1,BACE_99,Beta-secretase 1 (BACE-1)
Clc1ccc(nc1)C(=O)Nc1cc(ccc1)C1(N=C(N)C(=O)N(C1)C)C,6.5301781,294.9999212203819,1,BACE_965,Beta-secretase 1 (BACE-1)
Clc1ccc(nc1)C(=O)Nc1cc(ccc1)C1(N=C(N)CNC1=O)C,6.4584208,347.99996478562366,1,BACE_986,Beta-secretase 1 (BACE-1)
Clc1ccc(nc1)C(=O)Nc1cc(ccc1)C1(N=C(N)C[NH+](C1)C)C,7.4948502,31.999986860906457,1,BACE_614,Beta-secretase 1 (BACE-1)
Clc1ccc(nc1)C(=O)Nc1cc(ccc1)C1(N=C(N)N(C)C(=O)C1)C,7.8239088,14.999997960289171,1,BACE_458,Beta-secretase 1 (BACE-1)
Clc1ccc(nc1)C(=O)Nc1cc(ccc1)C1(N=C(N)N(C)C1=O)C,5.9913998,1020.0000663210016,1,BACE_1123,Beta-secretase 1 (BACE-1)
Clc1ccc(nc1)C(=O)Nc1cc(ccc1)C1(N=C(N)c2c1cccc2)C,6.2596374,549.9998866625504,1,BACE_1041,Beta-secretase 1 (BACE-1)
Clc1ccc(nc1)C(=O)Nc1cc(ccc1)C1(N=C(OC1)N)C,5.6946487,2019.9996769883687,1,BACE_1212,Beta-secretase 1 (BACE-1)
Clc1ccc(nc1)C(=O)Nc1cc(ccc1)C12N=C(OC1COCC2)N,5.4814858,3300.0019765464795,1,BACE_1260,Beta-secretase 1 (BACE-1)
Clc1ccc(nc1)C(=O)Nc1cc(ccc1)C12N=C(SCC1C2)N,6.1191864,760.0000135083421,1,BACE_1080,Beta-secretase 1 (BACE-1)
Clc1ccc(nc1)C(=O)Nc1cc(ccc1)C12N=C(SCCC1C2)N,4.3851027,41200.0079656439,1,BACE_1467,Beta-secretase 1 (BACE-1)
Clc1ccc(nc1)C(=O)Nc1cc(ccc1)[C@@]1(N=C(N)C(=O)N(C1)C)C,4.5228786,30000.01003561185,1,BACE_1446,Beta-secretase 1 (BACE-1)
Clc1ccc(nc1)C(=O)Nc1cc(ccc1)[C@@]1(N=C(N)CN(C)C1=O)C,4.5228786,30000.01003561185,1,BACE_1445,Beta-secretase 1 (BACE-1)
Clc1ccc(nc1)C(=O)Nc1cc(ccc1)[C@]1([NH+]=C(N)CN(C)C1=O)C,6.4894552,323.9998431780077,1,BACE_124,Beta-secretase 1 (BACE-1)
Clc1ccc(nc1)C(=O)Nc1cc2c(CCC23N=C(OC3)N)cc1,4.9673815,10779.993525199989,1,BACE_1376,Beta-secretase 1 (BACE-1)
Clc1ccc(nc1)C(=O)Nc1cc2c(CCC23N=C(SC3)N)cc1,5.3979402,3999.998237804733,1,BACE_1282,Beta-secretase 1 (BACE-1)
Clc1cccc(-c2cc3c(Oc4c(cc(OC)cc4)C34N=C(OC4)N)cc2)c1F,5.9318142,1169.9998336543365,1,BACE_1136,Beta-secretase 1 (BACE-1)
Clc1ccccc1-c1cc(ccc1)C[NH+]1CCC2(N(S(=O)(=O)NC2)c2cc(F)ccc2)CC1C,5.7695513,1699.9991334382887,1,BACE_1188,Beta-secretase 1 (BACE-1)
Clc1ccccc1-c1cc2c(Oc3c(cc(OC)cc3)C23N=C(OC3)N)cc1,5.3115802,4879.999752764014,1,BACE_1295,Beta-secretase 1 (BACE-1)
Clc1ccccc1-c1n(CC(=O)NC(=[NH2+])N)c(cc1)-c1ccc(Oc2ccc(cc2)C(=O)C)cc1,6.154902,699.9999355046413,1,BACE_140,Beta-secretase 1 (BACE-1)
Clc1ccccc1-c1n(Cc2nc(N)c(NCCCO)cc2)c(cc1)-c1ccc(OCCCCC)cc1,6.6575775,219.99990840114523,1,BACE_927,Beta-secretase 1 (BACE-1)
Clc1ccccc1-c1n(Cc2nc(N)c(NCCO)cc2)c(cc1)-c1ccc(OCCCCC)cc1,6.7695513,169.9999133438289,1,BACE_894,Beta-secretase 1 (BACE-1)
Clc1ccccc1-c1n(Cc2nc(N)c(NCCO)cc2)c(cc1)-c1ccc(Oc2cncnc2)cc1,7.154902,69.99999355046413,1,BACE_748,Beta-secretase 1 (BACE-1)
Clc1ccccc1-c1n(Cc2nc(N)c(OCCO)cc2)c(cc1)-c1ccc(OCCCCC)cc1,6.9586072,110.00002908762926,1,BACE_832,Beta-secretase 1 (BACE-1)
Clc1ccccc1-c1n(Cc2nc(N)c(OCCO)cc2)c(cc1)-c1ccc(Oc2cncnc2)cc1,7.3979402,39.999982378047335,1,BACE_647,Beta-secretase 1 (BACE-1)
Clc1ccccc1-c1n(Cc2nc(N)ccc2)c(cc1)-c1ccc(Nc2cncnc2)cc1,6.0087738,980.000280504076,1,BACE_1114,Beta-secretase 1 (BACE-1)
Clc1ccccc1-c1n(Cc2nc(N)ccc2)c(cc1)-c1ccc(OC)cc1,5.6108341,2449.998959938412,1,BACE_1231,Beta-secretase 1 (BACE-1)
Clc1ccccc1-c1n(Cc2nc(N)ccc2)c(cc1)-c1ccc(OCCC)cc1,5.939302,1150.0004227393815,1,BACE_1135,Beta-secretase 1 (BACE-1)
Clc1ccccc1-c1n(Cc2nc(N)ccc2)c(cc1)-c1ccc(OCCCC#N)cc1,6.3767509,419.99981586894586,1,BACE_127,Beta-secretase 1 (BACE-1)
Clc1ccccc1-c1n(Cc2nc(N)ccc2)c(cc1)-c1ccc(OCCCC)cc1,5.782516,1650.0002119461888,1,BACE_1184,Beta-secretase 1 (BACE-1)
Clc1ccccc1-c1n(Cc2nc(N)ccc2)c(cc1)-c1ccc(OCCCCC)cc1,6.2596374,549.9998866625504,1,BACE_1040,Beta-secretase 1 (BACE-1)
Clc1ccccc1-c1n(Cc2nc(N)ccc2)c(cc1)-c1ccc(Oc2ccccc2)cc1,6.070581,850.0001453918007,1,BACE_1096,Beta-secretase 1 (BACE-1)
Clc1ccccc1-c1n(Cc2nc(N)ccc2)c(cc1)-c1ccc(Oc2cccnc2)cc1,6.3872161,410.00004085916385,1,BACE_1008,Beta-secretase 1 (BACE-1)
Clc1ccccc1-c1n(Cc2nc(N)ccc2)c(cc1)-c1ccc(Oc2ccncc2)cc1,6.2291479,590.0001200363863,1,BACE_1051,Beta-secretase 1 (BACE-1)
Clc1ccccc1-c1n(Cc2nc(N)ccc2)c(cc1)-c1ccc(Oc2cncnc2)cc1,7.0,100.0,1,BACE_102,Beta-secretase 1 (BACE-1)
Clc1ccccc1-c1n(Cc2nc(N)ccc2)c(cc1)-c1ccc(Oc2ncccc2)cc1,6.0915151,809.9997782801836,1,BACE_1089,Beta-secretase 1 (BACE-1)
Clc1ccccc1-c1n(Cc2nc(N)ccc2)c(cc1)-c1ccc(Oc2nccnc2)cc1,6.3372421,460.0000723621406,1,BACE_1020,Beta-secretase 1 (BACE-1)
Clc1ccccc1-c1n(Cc2nc(N)ccc2)c(cc1)-c1ccc(Oc2nnccc2)cc1,6.3872161,410.00004085916385,1,BACE_1009,Beta-secretase 1 (BACE-1)
Clc1ccccc1-c1n(Cc2nc(N)ccc2)c(cc1)-c1ccc(Oc2sccn2)cc1,6.5376019,290.0000681779469,1,BACE_959,Beta-secretase 1 (BACE-1)
Clc1ccccc1-c1scc(-c2ccc(OCCC)cc2)c1CC(=O)NC(=[NH2+])N,6.2291479,590.0001200363863,1,BACE_133,Beta-secretase 1 (BACE-1)
Clc1cccnc1-c1cc2cc(CC(C(=O)NCCC(C)(C)C)C)c(nc2cc1)N,7.9586072,11.000002908762928,1,BACE_424,Beta-secretase 1 (BACE-1)
Clc1cn(nc1C(=O)Nc1cc(C2(N=C(OCC2(F)F)N)C)c(F)cc1)C,6.821023,151.00001832565732,1,BACE_888,Beta-secretase 1 (BACE-1)
Clc1cn(nc1C(=O)Nc1cc(C2(N=C(OCC2(F)F)N)C)c(F)cc1)C(F)F,7.7212462,19.000008708139905,1,BACE_486,Beta-secretase 1 (BACE-1)
Clc1cnc(nc1)C(=O)Nc1cc(C2(N=C(OCC2(F)F)N)C)c(F)cc1,7.1739254,66.99996872870193,1,BACE_739,Beta-secretase 1 (BACE-1)
Clc1cnccc1-c1cc2c(Oc3c(cc(OC)cc3)C23N=C(OC3)N)cc1,5.6757174,2110.0007030297006,1,BACE_1219,Beta-secretase 1 (BACE-1)
Clc1nc2c(cc1)C1(CCC2)C[NH2+]CC1C(=O)N1CCC(CC1C1CCCCC1)c1ccccc1,7.5376019,29.00000681779469,1,BACE_576,Beta-secretase 1 (BACE-1)
Clc1sc(cc1C1(N=C(N)N(C)C1=O)c1cc(ccc1)-c1cncnc1)C,6.3279023,469.99982907962976,1,BACE_1023,Beta-secretase 1 (BACE-1)
Clc1scc(c1)C1(N=C(N)N(C)C1=O)c1cc(ccc1)-c1cncnc1,7.09691,80.00000239617253,1,BACE_783,Beta-secretase 1 (BACE-1)
FC(C(=O)NC(Cc1cc2OCOc2cc1)C(O)C[NH2+]C1CC2(Oc3ncc(cc13)CC(C)(C)C)CCC2)C,7.5391021,28.900003809249124,1,BACE_574,Beta-secretase 1 (BACE-1)
FC(F)(F)C([NH2+]CC(O)C1NC(=O)c2cc(cc(NCCCCOc3cc(C1)ccc3)c2)COC)c1cc(ccc1)C(C)(C)C,5.0,10000.0,1,BACE_1355,Beta-secretase 1 (BACE-1)
FC(F)(F)CCCc1cc(ccc1)[C@]1(N=C(N)N(C)C1=O)c1ccc(OC(F)F)cc1,7.221849,59.99996540823128,1,BACE_722,Beta-secretase 1 (BACE-1)
FC(F)(F)CCOc1cc(ccc1)[C@]1(N=C(N)N(C)C1=O)c1ccc(OC(F)F)cc1,6.6989698,200.0000941002361,1,BACE_915,Beta-secretase 1 (BACE-1)
FC(F)(F)Oc1cc(ccc1)-c1cc2c(Oc3c(cc(OC)cc3)C23N=C(OC3)N)cc1,5.5590911,2759.9988429512323,1,BACE_1240,Beta-secretase 1 (BACE-1)
FC(F)(F)Oc1ccc(cc1)-c1cc2c(Oc3c(cc(OC)cc3)C23N=C(OC3)N)cc1,5.2958493,5060.002134014703,1,BACE_1299,Beta-secretase 1 (BACE-1)
FC(F)(F)Oc1ccc(cc1)C1(N=C(N)N(C)C1=O)C12CC3CC(C1)CC(C2)C3,6.3279023,469.99982907962976,1,BACE_1022,Beta-secretase 1 (BACE-1)
FC(F)(F)Oc1ccc(cc1)C1(N=C(N)N(C)C1=O)c1cc(ccc1)-c1ccc(OC)nc1,6.0457573,900.0003949040395,1,BACE_1104,Beta-secretase 1 (BACE-1)
FC(F)(F)Oc1ccc(cc1)C1(N=C(N)N(C)C1=O)c1cc(ccc1)-c1cccnc1OC,6.2839966,520.0000674885533,1,BACE_1036,Beta-secretase 1 (BACE-1)
FC(F)(F)Oc1ccc(cc1)C1([NH+]=C(N2C1=NCCC2)N)c1cc(ccc1)-c1cncnc1,7.4685211,33.99999866579776,1,BACE_621,Beta-secretase 1 (BACE-1)
FC(F)(F)Oc1ccc(cc1)C1([NH+]=C(N2C1=NCCC2)N)c1cc(ccc1)CCC,5.8446641,1429.9995473693182,1,BACE_1168,Beta-secretase 1 (BACE-1)
FC(F)(F)Oc1ccc(cc1)CC(NC(=O)C)C(O)C[NH2+]C1CC2(Oc3ncc(cc13)CC(C)(C)C)CCC2,7.8538718,14.000005297108746,1,BACE_444,Beta-secretase 1 (BACE-1)
FC(F)(F)Oc1ccc(cc1)[C@@]1(N=C(N)N(C)C1=O)c1ccccc1,5.8477116,1420.000181849109,1,BACE_1167,Beta-secretase 1 (BACE-1)
FC(F)(F)Oc1ccc(cc1)[C@@]1([NH+]=C(N2C1=NCCC2)N)c1cc(ccc1)CCC1CC1,6.6777806,210.0000509006688,1,BACE_918,Beta-secretase 1 (BACE-1)
FC(F)(F)Oc1ccc(cc1)[C@]1([NH+]=C(N2C1=NCCC2)N)c1cc(ccc1)-c1cncnc1,6.1023731,789.9996520346862,1,BACE_1083,Beta-secretase 1 (BACE-1)
FC(F)(F)c1cc(ccc1)-c1cc(ccc1)C1(N=C(N)N(C)C1=O)c1ccncc1,6.6020598,250.0001101372527,1,BACE_945,Beta-secretase 1 (BACE-1)
FC(F)(F)c1cc(ccc1)-c1cc2c(OC(CC23N=C(N)N(C)C3=O)(C)C)cc1,7.1307683,73.9999966380135,1,BACE_762,Beta-secretase 1 (BACE-1)
FC(F)(F)c1cc(ccc1)C1([NH+]=C(N2C1=NCCC2)N)c1ccccc1,4.6595559,21899.999251663103,1,BACE_1415,Beta-secretase 1 (BACE-1)
FC(F)(F)c1cc(ccc1)CC(NC(=O)C)C(O)C[NH2+]C1CC2(Oc3ncc(cc13)CC(C)(C)C)CCC2,8.6197891,2.3999981116326214,1,BACE_295,Beta-secretase 1 (BACE-1)
FC(F)(F)c1cc(ccc1)C[NH2+]CC(O)C(NC(=O)c1cc(N2CCCC2=O)c(C)c(NCC)c1)Cc1ccccc1,7.2006593,63.00002183869793,1,BACE_732,Beta-secretase 1 (BACE-1)
FC(F)(F)c1cc(ccc1)C[NH2+]CC(O)C(NC(=O)c1cc(N2CCCC2=O)c(OC)c(NCC)c1)Cc1ccccc1,6.9586072,110.00002908762926,1,BACE_831,Beta-secretase 1 (BACE-1)
FC(F)(F)c1cc(ccc1)C[NH2+]CC(O)C(NC(=O)c1cc(N2CCCC2=O)c2[nH]cc(c2c1)CC)Cc1ccccc1,7.5850267,25.999997128120995,1,BACE_552,Beta-secretase 1 (BACE-1)
FC(F)(F)c1cc(ccc1)C[NH2+]CC(O)C(NC(=O)c1cc(N2CCCC2=O)c2c(n(cc2)CC)c1)Cc1ccccc1,7.6382723,22.999992796583264,1,BACE_532,Beta-secretase 1 (BACE-1)
FC(F)(F)c1cc(ccc1)C[NH2+]CC(O)C(NC(=O)c1cc(N2CCCC2=O)c2c(n(nc2)CC)c1)Cc1ccccc1,7.5528421,27.99999153205545,1,BACE_567,Beta-secretase 1 (BACE-1)
FC(F)(F)c1cc(ccc1)C[NH2+]CC(O)C(NC(=O)c1cc(N2CCCC2=O)c2n(cc(c2c1)CC)C)Cc1ccccc1,7.3979402,39.999982378047335,1,BACE_641,Beta-secretase 1 (BACE-1)
FC(F)(F)c1cc(ccc1)C[NH2+]CC(O)C(NC(=O)c1cc(N2CCCC2=O)c2ncn(c2c1)CC)Cc1ccccc1,7.7212462,19.000008708139905,1,BACE_480,Beta-secretase 1 (BACE-1)
FC(F)(F)c1cc(ccc1)C[NH2+]CC(O)C(NC(=O)c1cc(N2CCCC2=O)c2nnn(c2c1)CC)Cc1ccccc1,7.4685211,33.99999866579776,1,BACE_620,Beta-secretase 1 (BACE-1)
FC(F)(F)c1cc(ccc1)C[NH2+]CC(O)C(NC(=O)c1cc(N2CCCC2=O)c2occ(c2c1)CC)Cc1ccccc1,7.0604806,87.00002952416597,1,BACE_790,Beta-secretase 1 (BACE-1)
FC(F)(F)c1cc(ccc1)C[NH2+]C[C@@H](O)[C@@H](NC(=O)C=1C=C(N2CCCC2=O)C(=O)N(C=1)C1CCCC1)Cc1ccccc1,7.1191864,76.00000135083421,1,BACE_90,Beta-secretase 1 (BACE-1)
FC(F)(F)c1cc(ccc1)C[NH2+]C[C@@H](O)[C@@H](NC(=O)c1cc(N2CCCC2=O)c2nccc(c2c1)CC)Cc1ccccc1,6.6777806,210.0000509006688,1,BACE_121,Beta-secretase 1 (BACE-1)
FC(F)(F)c1cc(ccc1)C[NH2+]C[C@@H](O)[C@@H](NC(=O)c1cc(N2CCCC2=O)cc(NCC)c1)Cc1ccccc1,7.3979402,39.999982378047335,1,BACE_67,Beta-secretase 1 (BACE-1)
FC(F)(F)c1cc(ccc1OC)C1(N=C(N)N(C)C1=O)c1cc(ccc1)-c1cccnc1,7.3979402,39.999982378047335,1,BACE_644,Beta-secretase 1 (BACE-1)
FC(F)(F)c1cc(cnc1)-c1cc2c(OC(CC23N=C(N)N(C)C3=O)(C)C)cc1,7.2006593,63.00002183869793,1,BACE_733,Beta-secretase 1 (BACE-1)
FC(F)(F)c1ccc(cc1)\C=C\C(=O)N[C@@H](Cc1ccc([N+](=O)[O-])cc1)C(=O)N[C@H]([C@@H](O)C[C@H](C(=O)NCC(C)C)C)CC(C)C,5.421361,3789.9981676515927,1,BACE_1272,Beta-secretase 1 (BACE-1)
FC(F)(F)c1ccc(cc1)\C=C\C(=O)N[C@@H](Cc1ccccc1)C(=O)N[C@H]([C@@H](O)C[C@H](C(=O)NCC(C)C)C)CC(C)C,4.7090755,19539.99732822086,1,BACE_1407,Beta-secretase 1 (BACE-1)
FC(F)(F)c1ccc(nc1)C(=O)Nc1cc(ccc1)C1(N=C(N)CN(C)C1=O)C,5.8601208,1380.0003609677783,1,BACE_1160,Beta-secretase 1 (BACE-1)
FC(F)(F)c1nccc(c1)C1(N=C(N)c2c1cccc2)c1cc(ccc1)-c1cncnc1,6.8728952,134.00000050453264,1,BACE_866,Beta-secretase 1 (BACE-1)
FC(F)CCOc1cc(ccc1)[C@]1(N=C(N)N(C)C1=O)c1ccc(OC(F)F)cc1,8.0,10.0,1,BACE_408,Beta-secretase 1 (BACE-1)
FC(F)COc1cc(ccc1)[C@]1(N=C(N)N(C)C1=O)c1ccc(OC(F)F)cc1,7.5228786,30.000010035611844,1,BACE_588,Beta-secretase 1 (BACE-1)
FC(F)C\C=C\c1cc(ccc1)[C@]1(N=C(N)N(C)C1=O)c1ccc(OC(F)F)cc1,7.5228786,30.000010035611844,1,BACE_586,Beta-secretase 1 (BACE-1)
FC(F)Oc1cc(ccc1)-c1cc2c(OC(CC23N=C(N)N(C)C3=O)(C)C)cc1,7.5528421,27.99999153205545,1,BACE_572,Beta-secretase 1 (BACE-1)
FC(F)Oc1cc(ccc1)[C@]1(N=C(N)N(C)C1=O)c1ccc(OC(F)F)cc1,6.6989698,200.0000941002361,1,BACE_916,Beta-secretase 1 (BACE-1)
FC(F)Oc1cc(ccc1OC(F)F)CC(NC(=O)C)C(O)C[NH2+]C1CC2(Oc3ncc(cc13)CC(C)(C)C)CCC2,7.4534574,35.19999485503472,1,BACE_626,Beta-secretase 1 (BACE-1)
FC(F)Oc1ccc(cc1)[C@@]1(N=C(N)N(C)C1=O)c1cc(OCC2CC2)ccc1,7.6989698,20.000009410023612,1,BACE_508,Beta-secretase 1 (BACE-1)
FC(F)Oc1ccc(cc1)[C@@]1(N=C(N)N(C)C1=O)c1cc(OCC\C=C(\F)/F)ccc1,7.5228786,30.000010035611844,1,BACE_590,Beta-secretase 1 (BACE-1)
FC(F)Oc1ccc(cc1)[C@@]1(N=C(N)N(C)C1=O)c1cc(ccc1)/C(/F)=C/C1CC1,6.2676063,539.9999256163687,1,BACE_1038,Beta-secretase 1 (BACE-1)
FC(F)Oc1ccc(cc1)[C@@]1(N=C(N)N(C)C1=O)c1cc(ccc1)/C(/F)=C\C1CC1,7.6989698,20.000009410023612,1,BACE_499,Beta-secretase 1 (BACE-1)
FC(F)Oc1ccc(cc1)[C@@]1(N=C(N)N(C)C1=O)c1cc(ccc1)C#C,6.5850267,259.99997128121,1,BACE_949,Beta-secretase 1 (BACE-1)
FC(F)Oc1ccc(cc1)[C@@]1(N=C(N)N(C)C1=O)c1cc(ccc1)C#CC,7.6989698,20.000009410023612,1,BACE_502,Beta-secretase 1 (BACE-1)
FC(F)Oc1ccc(cc1)[C@@]1(N=C(N)N(C)C1=O)c1cc(ccc1)C#CC(C)C,7.6989698,20.000009410023612,1,BACE_503,Beta-secretase 1 (BACE-1)
FC(F)Oc1ccc(cc1)[C@@]1(N=C(N)N(C)C1=O)c1cc(ccc1)C#CC1CC1,7.6989698,20.000009410023612,1,BACE_504,Beta-secretase 1 (BACE-1)
FC(F)Oc1ccc(cc1)[C@@]1(N=C(N)N(C)C1=O)c1cc(ccc1)C#CC1CCCCC1,6.4814858,330.00019765464793,1,BACE_979,Beta-secretase 1 (BACE-1)
FC(F)Oc1ccc(cc1)[C@@]1(N=C(N)N(C)C1=O)c1cc(ccc1)C#CCC,7.3979402,39.999982378047335,1,BACE_650,Beta-secretase 1 (BACE-1)
FC(F)Oc1ccc(cc1)[C@@]1(N=C(N)N(C)C1=O)c1cc(ccc1)C#CCCC,7.5228786,30.000010035611844,1,BACE_587,Beta-secretase 1 (BACE-1)
FC(F)Oc1ccc(cc1)[C@@]1(N=C(N)N(C)C1=O)c1cc(ccc1)C#CCCCCO,8.0,10.0,1,BACE_406,Beta-secretase 1 (BACE-1)
FC(F)Oc1ccc(cc1)[C@@]1(N=C(N)N(C)C1=O)c1cc(ccc1)C#CCCO,8.0,10.0,1,BACE_405,Beta-secretase 1 (BACE-1)
FC(F)Oc1ccc(cc1)[C@@]1(N=C(N)N(C)C1=O)c1cc(ccc1)C#CCCOC,7.6989698,20.000009410023612,1,BACE_506,Beta-secretase 1 (BACE-1)
FC(F)Oc1ccc(cc1)[C@@]1(N=C(N)N(C)C1=O)c1cc(ccc1)C#CCOC,7.6989698,20.000009410023612,1,BACE_505,Beta-secretase 1 (BACE-1)
FC(F)Oc1ccc(cc1)[C@@]1(N=C(N)N(C)C1=O)c1cc(ccc1)C#C[C@H](O)C,7.6989698,20.000009410023612,1,BACE_507,Beta-secretase 1 (BACE-1)
FC(F)Oc1ccc(cc1)[C@@]1(N=C(N)N(C)C1=O)c1cc(ccc1)CC,6.0457573,900.0003949040395,1,BACE_1105,Beta-secretase 1 (BACE-1)
FC(F)Oc1ccc(cc1)[C@@]1(N=C(N)N(C)C1=O)c1cc(ccc1)CCC,7.0457573,90.00003949040395,1,BACE_800,Beta-secretase 1 (BACE-1)
FC(F)Oc1ccc(cc1)[C@@]1(N=C(N)N(C)C1=O)c1cc(ccc1)CCCC,7.5228786,30.000010035611844,1,BACE_585,Beta-secretase 1 (BACE-1)
FC(F)Oc1ccc(cc1)[C@@]1(N=C(N)N(C)C1=O)c1cc(ccc1)CCCC#N,7.3010302,49.99997647495204,1,BACE_693,Beta-secretase 1 (BACE-1)
FC(F)Oc1ccc(cc1)[C@@]1(N=C(N)N(C)C1=O)c1cc(ccc1)CCCCC,7.0457573,90.00003949040395,1,BACE_801,Beta-secretase 1 (BACE-1)
FC(F)Oc1ccc(cc1)[C@@]1(N=C(N)N(C)C1=O)c1cc(ccc1)C[C@@H](CC)C,6.9586072,110.00002908762926,1,BACE_835,Beta-secretase 1 (BACE-1)
FC(F)Oc1ccc(cc1)[C@@]1(N=C(N)N(C)C1=O)c1cc(ccc1)\C=C\C1CC1,7.0457573,90.00003949040395,1,BACE_802,Beta-secretase 1 (BACE-1)
FC(F)Oc1ccc(cc1)[C@@]1(N=C(N)N(C)C1=O)c1cc(ccc1)\C=C\CCCO,7.3979402,39.999982378047335,1,BACE_649,Beta-secretase 1 (BACE-1)
FC(F)Oc1ccc(cc1)[C@@]1(N=C(N)N(C)C1=O)c1cc(ccc1)\C=C\CCCOC,7.3010302,49.99997647495204,1,BACE_694,Beta-secretase 1 (BACE-1)
FC(F)Oc1ccc(cc1)[C@@]1(N=C(N)N(C)C1=O)c1cc(ccc1)\C=C\CCO,7.3010302,49.99997647495204,1,BACE_695,Beta-secretase 1 (BACE-1)
FC(F)Oc1ccc(cc1)[C@@]1(N=C(N)N(C)C1=O)c1cc(ccc1)\C=C\CCOC,7.6989698,20.000009410023612,1,BACE_501,Beta-secretase 1 (BACE-1)
FC(F)Oc1ccc(cc1)[C@@]1(N=C(N)N(C)C1=O)c1cc(ccc1)\C=C\COC,7.6989698,20.000009410023612,1,BACE_500,Beta-secretase 1 (BACE-1)
FC(F)Oc1ccc(cc1)[C@@]1(N=C(N)N(C)C1=O)c1ccccc1,6.7695513,169.9999133438289,1,BACE_896,Beta-secretase 1 (BACE-1)
FC(F)Oc1ccc(cc1C)[C@@]1(N=C(N)N(C)C1=O)c1cc(ccc1)C#CC1CC1,7.6575775,21.999990840114524,1,BACE_526,Beta-secretase 1 (BACE-1)
FC(F)Oc1ccc(cc1C)[C@@]1(N=C(N)N(C)C1=O)c1ccccc1,7.09691,80.00000239617253,1,BACE_780,Beta-secretase 1 (BACE-1)
FC1(F)CN2C(=NC1)C(N=C2N)(c1cc(ccc1)-c1cc(OC)cnc1)c1ccc(OC(F)F)cc1,7.8600001,13.803839467576994,1,BACE_443,Beta-secretase 1 (BACE-1)
FC1(F)CN2C(=NC1)C(N=C2N)(c1cc(ccc1)-c1cncnc1)c1ccc(OC(F)F)cc1,7.6300001,23.44228275541351,1,BACE_540,Beta-secretase 1 (BACE-1)
FC1(F)CN2C(=NC1)C(N=C2N)(c1cc(ccc1)-c1cncnc1)c1ccc(OC)cc1,7.0,100.0,1,BACE_824,Beta-secretase 1 (BACE-1)
FC1(F)CN2C(=NC1)C(N=C2N)(c1cc(ccc1)-c1cncnc1)c1ccncc1,6.9699998,107.15197986905956,1,BACE_829,Beta-secretase 1 (BACE-1)
FC1(F)CN2C(=NC1)C(N=C2N)(c1cc(ccc1)C#CCCOC)c1ccc(OC(F)F)cc1,7.25,56.23413251903491,1,BACE_709,Beta-secretase 1 (BACE-1)
FC1(F)CN2C(=NC1)C(N=C2N)(c1cc(ccc1)C#COCCCF)c1ccc(OC(F)F)cc1,7.23,58.88436553555884,1,BACE_712,Beta-secretase 1 (BACE-1)
FC1(F)CN2C(=NC1)[C@]([NH+]=C2N)(c1cc(ccc1)C#CCOC)c1ccc(OC(F)F)cc1,7.1100001,77.6246937891209,1,BACE_92,Beta-secretase 1 (BACE-1)
FC1(F)COC(=NC1(C)c1cc(NC(=O)c2ncc(F)cc2)ccc1F)N,7.1804562,65.99997940162191,1,BACE_736,Beta-secretase 1 (BACE-1)
FC1(F)COC(=NC1(C)c1cc(NC(=O)c2ncc(OC(F)(F)C(F)F)cc2)ccc1F)N,7.3767509,41.999981586894584,1,BACE_661,Beta-secretase 1 (BACE-1)
FC1(F)COC(=NC1(C)c1cc(NC(=O)c2ncc(OC(F)(F)F)cc2)ccc1F)N,7.2441254,56.999966443672875,1,BACE_710,Beta-secretase 1 (BACE-1)
FC1(F)COC(=NC1(C)c1cc(NC(=O)c2ncc(OC)cc2)ccc1F)N,7.2924299,50.9999910636801,1,BACE_700,Beta-secretase 1 (BACE-1)
FC1(F)COC(=NC1(C)c1cc(NC(=O)c2ncc(OC)nc2)ccc1F)N,7.5686364,26.99998979427093,1,BACE_565,Beta-secretase 1 (BACE-1)
FC1(F)COC(=NC1(C)c1cc(NC(=O)c2ncc(OCC#C)nc2)ccc1F)N,7.8860564,13.000007414351716,1,BACE_441,Beta-secretase 1 (BACE-1)
FC1(F)COC(=NC1(C)c1cc(NC(=O)c2ncc(OCC#CC)nc2)ccc1F)N,8.2218485,6.000003448578396,1,BACE_350,Beta-secretase 1 (BACE-1)
FC1(F)COC(=NC1(C)c1cc(NC(=O)c2ncc(OCC(F)(F)F)cc2)ccc1F)N,6.9665761,108.00003593739424,1,BACE_830,Beta-secretase 1 (BACE-1)
FC1(F)COC(=NC1(C)c1cc(NC(=O)c2ncc(OCC(F)(F)F)nc2)ccc1F)N,7.6020598,25.00001101372527,1,BACE_551,Beta-secretase 1 (BACE-1)
FC1(F)COC(=NC1(C)c1cc(NC(=O)c2ncc(cc2)C#C)ccc1F)N,7.4948502,31.999986860906457,1,BACE_613,Beta-secretase 1 (BACE-1)
FC1(F)COC(=NC1(C)c1cc(NC(=O)c2ncc(cc2)C)ccc1F)N,7.0604806,87.00002952416597,1,BACE_792,Beta-secretase 1 (BACE-1)
FC1(F)COC(=NC1(C)c1cc(NC(=O)c2ncccc2)ccc1F)N,6.5316525,294.0001148042114,1,BACE_964,Beta-secretase 1 (BACE-1)
FC1(F)COC(=NC1(C)c1cc(NC(=O)c2nn(cc2)C(F)F)ccc1F)N,7.4436975,35.999999936397224,1,BACE_632,Beta-secretase 1 (BACE-1)
FC1(F)COC(=NC1(C)c1cc(NC(=O)c2nn(cc2)C)ccc1F)N,6.3506651,446.0000424006902,1,BACE_1015,Beta-secretase 1 (BACE-1)
FC1(F)c2c(cc(cc2)-c2cncnc2)C2(N=C(N)N(C)C2=O)CC1(C)C,5.8259401,1493.0003172192069,1,BACE_1170,Beta-secretase 1 (BACE-1)
FCC#Cc1cc(ccc1)[C@]1(N=C(N)N(C)C1=O)c1ccc(OC(F)F)cc1,8.0,10.0,1,BACE_403,Beta-secretase 1 (BACE-1)
FCC([NH2+]CC(O)C1NC(=O)c2cc(cc(NCCCCOc3cc(C1)ccc3)c2)COC)c1cc(ccc1)C(C)(C)C,6.7520266,177.0000544652647,1,BACE_902,Beta-secretase 1 (BACE-1)
FCCC#Cc1cc(ccc1)[C@]1(N=C(N)N(C)C1=O)c1ccc(OC(F)F)cc1,8.0,10.0,1,BACE_404,Beta-secretase 1 (BACE-1)
FCCCC(=O)c1cc(ccc1)[C@]1(N=C(N)N(C)C1=O)c1ccc(OC(F)F)cc1,7.09691,80.00000239617253,1,BACE_778,Beta-secretase 1 (BACE-1)
FCCCCC#Cc1cc(ccc1)[C@]1(N=C(N)N(C)C1=O)c1ccc(OC(F)F)cc1,7.3979402,39.999982378047335,1,BACE_651,Beta-secretase 1 (BACE-1)
FCCC[C@@H](F)c1cc(ccc1)[C@]1(N=C(N)N(C)C1=O)c1ccc(OC(F)F)cc1,7.09691,80.00000239617253,1,BACE_779,Beta-secretase 1 (BACE-1)
FCCOc1ccc(cc1)[C@@]1(N=C(N)N(C)C1=O)c1ccccc1,5.9065785,1239.9994713238773,1,BACE_1144,Beta-secretase 1 (BACE-1)
FCC\C=C\c1cc(ccc1)[C@]1(N=C(N)N(C)C1=O)c1ccc(OC(F)F)cc1,7.3979402,39.999982378047335,1,BACE_648,Beta-secretase 1 (BACE-1)
Fc1c(cccc1-c1cncnc1)C1(N=C(N)N(C)C1=O)c1ccc(OC(F)(F)F)cc1,5.8664613,1359.9993474855432,1,BACE_1158,Beta-secretase 1 (BACE-1)
Fc1c(cccc1C#C)CC(NC(=O)COC)C(O)C[NH2+]C1CC2(Oc3ncc(cc13)CC(C)(C)C)CCC2,7.9586072,11.000002908762928,1,BACE_427,Beta-secretase 1 (BACE-1)
Fc1c(cccc1F)-c1cc(ccc1)C1(N=C(N)N(C)C1=O)c1ccncc1,7.3979402,39.999982378047335,1,BACE_646,Beta-secretase 1 (BACE-1)
Fc1c(cccc1OC)-c1cc(ccc1)C1(N=C(N2C1=NCCC2)N)c1ccncc1,7.0500002,89.12505276976144,1,BACE_796,Beta-secretase 1 (BACE-1)
Fc1c(cccc1OC)-c1cc(ccc1)[C@]1([NH+]=C(N2CC(F)(F)CN=C12)N)c1ccncc1,7.3899999,40.73803716068988,1,BACE_70,Beta-secretase 1 (BACE-1)
Fc1c(cccc1OC)-c1cc2c(Oc3c(cc(OC)cc3)C23N=C(OC3)N)cc1,6.0457573,900.0003949040395,1,BACE_1106,Beta-secretase 1 (BACE-1)
Fc1c2c(cc(F)c1)C(N=C2N)(C=1C=C(C)C(=O)N(C=1)CC)c1cc(ccc1)-c1cc(cnc1)C#CC,8.5867004,2.589999021469581,1,BACE_300,Beta-secretase 1 (BACE-1)
Fc1c2c(ccc1)C(N=C2N)(C=1C=C(C)C(=O)N(C=1)C)c1cc(ccc1)-c1cncnc1,7.2160964,60.800002901758646,1,BACE_726,Beta-secretase 1 (BACE-1)
Fc1c2c(ccc1)C(N=C2N)(C=1C=C(C)C(=O)N(C=1)C)c1cc(ccc1)C#CC1CC1,8.2160969,6.07999329032087,1,BACE_351,Beta-secretase 1 (BACE-1)
Fc1c2c(ccc1)C(N=C2N)(C=1C=C(C)C(=O)N(C=1)CC)c1cc(NC(=O)c2ncccc2)ccc1,8.6038008,2.489999156636022,1,BACE_297,Beta-secretase 1 (BACE-1)
Fc1c2c(ccc1)C(N=C2N)(C=1C=C(C)C(=O)N(C=1)CC)c1cc(ccc1)-c1cc(F)cnc1,7.8894105,12.89999375340979,1,BACE_435,Beta-secretase 1 (BACE-1)
Fc1c2c(ccc1)C(N=C2N)(C=1C=C(C)C(=O)N(C=1)CC)c1cc(ccc1)-c1cc(cnc1)C#N,8.0830202,8.259995296127718,1,BACE_377,Beta-secretase 1 (BACE-1)
Fc1c2c(ccc1)C(N=C2N)(C=1C=C(C)C(=O)N(C=1)CC)c1cc(ccc1)-c1cncnc1,7.8096681,15.500007203317898,1,BACE_459,Beta-secretase 1 (BACE-1)
Fc1c2c(ccc1)C(N=C2N)(c1cc(C#N)c(OC)c(c1)C)c1cc(ccc1)-c1cncnc1,7.3798637,41.70002352688702,1,BACE_659,Beta-secretase 1 (BACE-1)
Fc1c2c(ccc1)C(N=C2N)(c1cc(ccc1)-c1cc(F)cnc1)c1ccncc1,6.8632793,137.00004190607012,1,BACE_868,Beta-secretase 1 (BACE-1)
Fc1c2c(ccc1)C(N=C2N)(c1cc(ccc1)-c1cc(cnc1)C#CC)c1cc(ncc1)C(F)F,8.1877556,6.489995564682922,1,BACE_355,Beta-secretase 1 (BACE-1)
Fc1c2c(ccc1)C(N=C2N)(c1cc(ccc1)-c1cc(cnc1)C#N)c1cc(ncc1)C(F)(F)F,6.5968795,252.99998766394225,1,BACE_947,Beta-secretase 1 (BACE-1)
Fc1c2c(ccc1)C(N=C2N)(c1cc(ccc1)-c1cncnc1)c1cc(OC)ncc1,6.3968558,400.9998406134956,1,BACE_1007,Beta-secretase 1 (BACE-1)
Fc1c2c(ccc1)C(N=C2N)(c1cc(ccc1)-c1cncnc1)c1cc(ncc1)C(F)(F)F,6.6179829,241.00003186652864,1,BACE_940,Beta-secretase 1 (BACE-1)
Fc1c2c(ccc1)C(N=C2N)(c1cc(ccc1)-c1cncnc1)c1cc(ncc1)C1CC1,7.0634861,86.40003133778258,1,BACE_789,Beta-secretase 1 (BACE-1)
Fc1c2c(ccc1)C(N=C2N)(c1cc(ccc1)-c1cncnc1)c1ccc(OC)cc1,6.8696661,135.00004087820042,1,BACE_867,Beta-secretase 1 (BACE-1)
Fc1c2c(ccc1)C(N=C2N)(c1cc(ccc1)-c1cncnc1)c1ccncc1,6.9065785,123.99994713238776,1,BACE_853,Beta-secretase 1 (BACE-1)
Fc1c2c(ccc1)C(N=C2N)(c1cc(ccc1)-c1cncnc1)c1nc(C)c(OC)c(c1)C,7.1051302,78.50002589371965,1,BACE_770,Beta-secretase 1 (BACE-1)
Fc1c2c(ccc1)C(N=C2N)(c1cc(nc(c1)C)C)c1cc(ccc1)-c1cncnc1,5.8601208,1380.0003609677783,1,BACE_1161,Beta-secretase 1 (BACE-1)
Fc1c2c(ccc1)C([NH+]=C2N)(c1cc(ccc1)-c1cncnc1)c1cc(ncc1)C(F)F,7.5833597,26.099987539496663,1,BACE_253,Beta-secretase 1 (BACE-1)
Fc1c2c(ccc1)[C@@]([NH+]=C2N)(C=1C=C(C)C(=O)N(C=1)CC)c1cc(ccc1)-c1cc(cnc1)C#CC,8.6126099,2.4400015375136843,1,BACE_8,Beta-secretase 1 (BACE-1)
Fc1cc(F)ccc1CC(NC(=O)C)C(O)C[NH2+]C1CC2(Oc3ncc(cc13)CC(C)(C)C)CCC2,8.1870871,6.499993165519894,1,BACE_356,Beta-secretase 1 (BACE-1)
Fc1cc(N2C3(CC[NH+](CC3)Cc3ccc(NC(=O)C)cc3)C(=NC2=O)NC2CCCCC2)ccc1,5.5528421,2799.999153205545,1,BACE_152,Beta-secretase 1 (BACE-1)
Fc1cc(NC[C@@H](O)[C@@H](NC(=O)C2=CN(CC(OC(C)C)=O)C(C)=C(C(=O)C)[C@H]2C)Cc2ccccc2)ccc1,4.5331326,29299.98513365,1,BACE_1440,Beta-secretase 1 (BACE-1)
Fc1cc(NC[C@@H](O)[C@@H](NC(=O)C=2[C@H](C)C(C(=O)C)=C(N(CC(OC(C)C)=O)C=2C)C)Cc2ccccc2)ccc1,4.5783958,26400.016603109245,1,BACE_1430,Beta-secretase 1 (BACE-1)
Fc1cc(NC[C@@H](O)[C@@H](NC(=O)C=2[C@H](CCC)C(C(=O)C)=C(N(CC(OC(C)C)=O)C=2C)C)Cc2ccccc2)ccc1,4.5670309,27099.98808942902,1,BACE_1434,Beta-secretase 1 (BACE-1)
Fc1cc(cc(F)c1)-c1cc(ccc1)C1(N=C(N)N(C)C1=O)c1ccncc1,7.221849,59.99996540823128,1,BACE_720,Beta-secretase 1 (BACE-1)
Fc1cc(cc(F)c1)CC(NC(=O)C(N1CCC(C(C)C)C1=O)C)C(O)C1[NH2+]CC(OCCC)C1,6.7958798,160.00008007253652,1,BACE_892,Beta-secretase 1 (BACE-1)
Fc1cc(cc(F)c1)CC(NC(=O)C(N1CCC(C(C)C)C1=O)C)C(O)C[NH2+]Cc1cc(OC)ccc1,6.7695513,169.9999133438289,1,BACE_897,Beta-secretase 1 (BACE-1)
Fc1cc(cc(F)c1)CC(NC(=O)C(N1CCC(C(C)C)C1=O)CCc1ccccc1)C(O)C1[NH2+]CC(OCCC)C1,7.6777806,21.00000509006688,1,BACE_522,Beta-secretase 1 (BACE-1)
Fc1cc(cc(F)c1)CC(NC(=O)C(N1CCC(C(C)C)C1=O)CCc1ccccc1)C(O)C[NH2+]Cc1cc(OC)ccc1,7.1249385,75.00004086081698,1,BACE_765,Beta-secretase 1 (BACE-1)
Fc1cc(cc(F)c1)CC(NC(=O)C(N1CCC(C(O)CCC)C1=O)C)C(O)C1[NH2+]CC(O)C1,7.3979402,39.999982378047335,1,BACE_652,Beta-secretase 1 (BACE-1)
Fc1cc(cc(F)c1)CC(NC(=O)C(N1CCC(C(O)CCC)C1=O)C)C(O)C1[NH2+]CC(OCCC)C1,7.154902,69.99999355046413,1,BACE_752,Beta-secretase 1 (BACE-1)
Fc1cc(cc(F)c1)CC(NC(=O)C(N1CCC(C(O)CCC)C1=O)C)C(O)C[NH2+]Cc1cc(OC)ccc1,7.167491,68.00001366809106,1,BACE_740,Beta-secretase 1 (BACE-1)
Fc1cc(cc(F)c1)CC(NC(=O)C(N1CCC(C(O)CCC)C1=O)CCc1ccccc1)C(O)C1[NH2+]CC(O)C1,7.7958798,16.000008007253655,1,BACE_463,Beta-secretase 1 (BACE-1)
Fc1cc(cc(F)c1)CC(NC(=O)C(N1CCC(C(O)CCC)C1=O)CCc1ccccc1)C(O)C1[NH2+]CC(OCCC)C1,8.3279018,4.700003701872419,1,BACE_328,Beta-secretase 1 (BACE-1)
Fc1cc(cc(F)c1)CC(NC(=O)C(N1CCC(C(O)CCC)C1=O)CCc1ccccc1)C(O)C[NH2+]Cc1cc(OC)ccc1,8.2839966,5.200000674885533,1,BACE_335,Beta-secretase 1 (BACE-1)
Fc1cc(cc(F)c1)CC(NC(=O)C(N1CCC(CC(C)C)C1=O)C)C(O)C1[NH2+]CC(OCCC)C1,7.4559321,34.99998836674418,1,BACE_624,Beta-secretase 1 (BACE-1)
Fc1cc(cc(F)c1)CC(NC(=O)C(N1CCC(CC(C)C)C1=O)C)C(O)C[NH2+]Cc1cc(OC)ccc1,7.0506101,88.99997814525287,1,BACE_795,Beta-secretase 1 (BACE-1)
Fc1cc(cc(F)c1)CC(NC(=O)C(N1CCC(CC(C)C)C1=O)CCc1ccccc1)C(O)C1[NH2+]CC(OCCC)C1,8.2441254,5.699996644367287,1,BACE_338,Beta-secretase 1 (BACE-1)
Fc1cc(cc(F)c1)CC(NC(=O)C(N1CCC(CC(C)C)C1=O)CCc1ccccc1)C(O)C[NH2+]Cc1cc(OC)ccc1,7.6989698,20.000009410023612,1,BACE_513,Beta-secretase 1 (BACE-1)
Fc1cc(cc(F)c1)CC(NC(=O)C(N1CCC(CCCC)C1=O)C)C(O)C1[NH2+]CC(O)C1,7.0177288,95.99999269666408,1,BACE_812,Beta-secretase 1 (BACE-1)
Fc1cc(cc(F)c1)CC(NC(=O)C(N1CCC(CCCC)C1=O)C)C(O)C1[NH2+]CC(OCCC)C1,7.0604806,87.00002952416597,1,BACE_791,Beta-secretase 1 (BACE-1)
Fc1cc(cc(F)c1)CC(NC(=O)C(N1CCC(CCCC)C1=O)C)C(O)C1[NH2+]Cc2c(C1)cccc2,5.7958798,1600.0008007253653,1,BACE_1180,Beta-secretase 1 (BACE-1)
Fc1cc(cc(F)c1)CC(NC(=O)C(N1CCC(CCCC)C1=O)C)C(O)C[NH2+]Cc1cc(OC)ccc1,7.221849,59.99996540823128,1,BACE_724,Beta-secretase 1 (BACE-1)
Fc1cc(cc(F)c1)CC(NC(=O)C(N1CCC(CCCC)C1=O)CCc1ccccc1)C(O)C1[NH2+]CC(O)C1,7.6020598,25.00001101372527,1,BACE_549,Beta-secretase 1 (BACE-1)
Fc1cc(cc(F)c1)CC(NC(=O)C(N1CCC(CCCC)C1=O)CCc1ccccc1)C(O)C1[NH2+]CC(OCCC)C1,7.7212462,19.000008708139905,1,BACE_484,Beta-secretase 1 (BACE-1)
Fc1cc(cc(F)c1)CC(NC(=O)C(N1CCC(CCCC)C1=O)CCc1ccccc1)C(O)C1[NH2+]Cc2c(C1)cccc2,6.0,1000.0,1,BACE_1120,Beta-secretase 1 (BACE-1)
Fc1cc(cc(F)c1)CC(NC(=O)C(N1CCC(CCCC)C1=O)CCc1ccccc1)C(O)C[NH2+]Cc1cc(OC)ccc1,7.4202166,37.99998279638034,1,BACE_637,Beta-secretase 1 (BACE-1)
Fc1cc(cc(F)c1)CC(NC(=O)C(N1CCC(COC)C1=O)C)C(O)C[NH2+]Cc1cc(OC)ccc1,6.318759,479.9997376428771,1,BACE_1026,Beta-secretase 1 (BACE-1)
Fc1cc(cc(F)c1)CC(NC(=O)C(N1CCC(COC)C1=O)CCc1ccccc1)C(O)C1[NH2+]CC(OCCC)C1,7.6382723,22.999992796583264,1,BACE_537,Beta-secretase 1 (BACE-1)
Fc1cc(cc(F)c1)CC(NC(=O)C(N1CCC(COC)C1=O)CCc1ccccc1)C(O)C[NH2+]Cc1cc(OC)ccc1,7.4948502,31.999986860906457,1,BACE_611,Beta-secretase 1 (BACE-1)
Fc1cc(cc(F)c1)CC(NC(=O)C(N1CCC(NC(=O)C)(C(CC)C)C1=O)C)C(O)C1[NH2+]CC(O)C1,7.5086384,30.999993302097423,1,BACE_605,Beta-secretase 1 (BACE-1)
Fc1cc(cc(F)c1)CC(NC(=O)C(N1CCC(NC(=O)C)(C(CC)C)C1=O)CCc1ccccc1)C(O)C1[NH2+]CC(O)C1,9.0506096,0.8900008061032344,1,BACE_277,Beta-secretase 1 (BACE-1)
Fc1cc(cc(F)c1)CC(NC(=O)C(N1CCC(NC(=O)C)(C(CC)C)C1=O)CCc1ccccc1)C(O)C1[NH2+]CC(OCCC)C1,8.5850267,2.5999997128120995,1,BACE_301,Beta-secretase 1 (BACE-1)
Fc1cc(cc(F)c1)CC(NC(=O)C(N1CCC(NC(=O)C)(C(CC)C)C1=O)CCc1ccccc1)C(O)C1[NH2+]CC(OCc2cc(ccc2)C#N)C1,8.5228786,3.0000010035611844,1,BACE_310,Beta-secretase 1 (BACE-1)
Fc1cc(cc(F)c1)CC(NC(=O)C(N1CCC(NC(=O)C)(C(CC)C)C1=O)CCc1ccccc1)C(O)C1[NH2+]CC(OCc2cc(ccc2)C(F)(F)F)C1,8.5686359,2.700002087917581,1,BACE_304,Beta-secretase 1 (BACE-1)
Fc1cc(cc(F)c1)CC(NC(=O)C(N1CCC(NC(=O)C)(C(CC)C)C1=O)CCc1ccccc1)C(O)C1[NH2+]CC(OCc2ccc(F)cc2)C1,8.0,10.0,1,BACE_411,Beta-secretase 1 (BACE-1)
Fc1cc(cc(F)c1)CC(NC(=O)C(N1CCC(NC(=O)C)(C(CC)C)C1=O)CCc1ccccc1)C(O)C1[NH2+]CC(OCc2cccnc2)C1,8.8538723,1.399998917901626,1,BACE_283,Beta-secretase 1 (BACE-1)
Fc1cc(cc(F)c1)CC(NC(=O)C(N1CCC(NC(=O)C)(C(CC)C)C1=O)CCc1ccccc1)C(O)C1[NH2+]CC(OCc2ncccc2)C1,8.8239088,1.4999997960289173,1,BACE_284,Beta-secretase 1 (BACE-1)
Fc1cc(cc(F)c1)CC(NC(=O)C(N1CCC(NC(=O)C)(C(CC)C)C1=O)CCc1ccccc1)C(O)C1[NH2+]CC(Oc2ccccc2)C1,8.5850267,2.5999997128120995,1,BACE_302,Beta-secretase 1 (BACE-1)
Fc1cc(cc(F)c1)CC(NC(=O)C(N1CCC(NC(=O)C)(C(CC)C)C1=O)CCc1ccccc1)C(O)C1[NH2+]CC(Oc2cccnc2)C1,8.2291479,5.900001200363874,1,BACE_342,Beta-secretase 1 (BACE-1)
Fc1cc(cc(F)c1)CC(NC(=O)C(N1CCC(NC(=O)C)(C(CC)C)C1=O)CCc1ccccc1)C(O)C1[NH2+]CC(Oc2ncccc2)C1,8.5850267,2.5999997128120995,1,BACE_303,Beta-secretase 1 (BACE-1)
Fc1cc(cc(F)c1)CC(NC(=O)C(N1CCC(NC(=O)C)(C(CC)C)C1=O)CCc1ccccc1)C(O)C1[NH2+]CC([NH3+])C1,7.4685211,33.99999866579776,1,BACE_623,Beta-secretase 1 (BACE-1)
Fc1cc(cc(F)c1)CC(NC(=O)C(N1CCC(NC(=O)C)(C(CC)C)C1=O)CCc1ccccc1)C(O)C1[NH2+]Cc2c(C1)cccc2,7.2676063,53.999992561636866,1,BACE_704,Beta-secretase 1 (BACE-1)
Fc1cc(cc(F)c1)CC(NC(=O)C(N1CCC(NC(=O)C)(C(CC)C)C1=O)CCc1ccccc1)C(O)C1[NH2+]Cc2c(C1)cccc2O,6.0604806,870.0002952416597,1,BACE_1102,Beta-secretase 1 (BACE-1)
Fc1cc(cc(F)c1)CC(NC(=O)C(N1CCC(NC(=O)C)(C(CC)C)C1=O)CCc1ccccc1)C(O)C1[NH2+]Cc2c(C1)cccc2OC,8.3767509,4.199998158689467,1,BACE_326,Beta-secretase 1 (BACE-1)
Fc1cc(cc(F)c1)CC(NC(=O)C(N1CCC(NC(=O)C)(C(CC)C)C1=O)CCc1ccccc1)C(O)C1[NH2+]Cc2c(C1)cccc2OCCC,7.7695513,16.999991334382887,1,BACE_470,Beta-secretase 1 (BACE-1)
Fc1cc(cc(F)c1)CC(NC(=O)C(N1CCC(NC(=O)C)(C(CC)C)C1=O)CCc1ccccc1)C(O)C[NH2+]Cc1cc(OC)ccc1,8.2146702,6.0999995082468645,1,BACE_352,Beta-secretase 1 (BACE-1)
Fc1cc(cc(F)c1)CC(NC(=O)C(N1CCC(NC(=O)C)(C(CC)C)C1=O)CCc1ccccc1)[C@H](O)[C@H]1[NH2+]Cc2c(C1)cccc2,6.221849,599.9996540823129,1,BACE_1053,Beta-secretase 1 (BACE-1)
Fc1cc(cc(F)c1)CC(NC(=O)C(N1CCC(NC(=O)C)(C(CC)C)C1=O)CCc1ccccc1)[C@H](O)[C@H]1[NH2+]Cc2c(C1)cccc2OC,6.8538718,140.00005297108746,1,BACE_876,Beta-secretase 1 (BACE-1)
Fc1cc(cc(F)c1)CC(NC(=O)C(N1CCC(NC(=O)C)(CC2CC2)C1=O)C)C(O)C[NH2+]Cc1cc(OC)ccc1,7.3372421,46.00000723621406,1,BACE_674,Beta-secretase 1 (BACE-1)
Fc1cc(cc(F)c1)CC(NC(=O)C)C(O)C[NH2+]C1(CC(=O)NCC1)c1cc(ccc1)C(C)(C)C,7.7447276,17.99999564383302,1,BACE_474,Beta-secretase 1 (BACE-1)
Fc1cc(cc(F)c1)CC(NC(=O)C)C(O)C[NH2+]C1(CC1)c1cc(N2C3CC(CC3)C2)ccc1,5.7212462,1900.0008708139903,1,BACE_1202,Beta-secretase 1 (BACE-1)
Fc1cc(cc(F)c1)CC(NC(=O)C)C(O)C[NH2+]C1(CC1)c1cc(N2C3CC(OC3)C2)ccc1,5.6197886,2400.0008747341526,1,BACE_1228,Beta-secretase 1 (BACE-1)
Fc1cc(cc(F)c1)CC(NC(=O)C)C(O)C[NH2+]C1(CC1)c1cc(c[n+]([O-])c1)CC(C)(C)C,6.1426673,720.0003374887938,1,BACE_1072,Beta-secretase 1 (BACE-1)
Fc1cc(cc(F)c1)CC(NC(=O)C)C(O)C[NH2+]C1(CC1)c1cc(ccc1)C(C)(C)C,6.8538718,140.00005297108746,1,BACE_874,Beta-secretase 1 (BACE-1)
Fc1cc(cc(F)c1)CC(NC(=O)C)C(O)C[NH2+]C1(CC1)c1cc(ccc1)C1(OCCC1)C,6.2365718,580.0002756966293,1,BACE_1049,Beta-secretase 1 (BACE-1)
Fc1cc(cc(F)c1)CC(NC(=O)C)C(O)C[NH2+]C1(CC1)c1cc(ccc1)C1OCCC1,6.2365718,580.0002756966293,1,BACE_1048,Beta-secretase 1 (BACE-1)
Fc1cc(cc(F)c1)CC(NC(=O)C)C(O)C[NH2+]C1(CC1)c1cc(ccc1)C1OCCCC1,5.7695513,1699.9991334382887,1,BACE_1186,Beta-secretase 1 (BACE-1)
Fc1cc(cc(F)c1)CC(NC(=O)C)C(O)C[NH2+]C1(CC1)c1cc(ccc1)C1OCCOC1,5.3979402,3999.998237804733,1,BACE_1277,Beta-secretase 1 (BACE-1)
Fc1cc(cc(F)c1)CC(NC(=O)C)C(O)C[NH2+]C1(CC1)c1cc(ccc1)CC(C)(C)C,6.4672456,341.0000164947029,1,BACE_982,Beta-secretase 1 (BACE-1)
Fc1cc(cc(F)c1)CC(NC(=O)C)C(O)C[NH2+]C1(CC1)c1cc(cnc1)CC(C)(C)C,6.1079054,779.9999951678533,1,BACE_1081,Beta-secretase 1 (BACE-1)
Fc1cc(cc(F)c1)CC(NC(=O)C)C(O)C[NH2+]C1(CC1)c1cn(nc1)CC(C)(C)C,6.4609237,346.00016030071345,1,BACE_985,Beta-secretase 1 (BACE-1)
Fc1cc(cc(F)c1)CC(NC(=O)C)C(O)C[NH2+]C1(CC1)c1nccc(c1)C(C)(C)C,6.19382,640.0000383387624,1,BACE_1064,Beta-secretase 1 (BACE-1)
Fc1cc(cc(F)c1)CC(NC(=O)C)C(O)C[NH2+]C1(CC1)c1nn(cc1)CC(C)(C)C,6.0604806,870.0002952416597,1,BACE_1101,Beta-secretase 1 (BACE-1)
Fc1cc(cc(F)c1)CC(NC(=O)C)C(O)C[NH2+]C1(CC1)c1nnn(c1)CC(C)(C)C,6.3467875,449.9999857264952,1,BACE_1016,Beta-secretase 1 (BACE-1)
Fc1cc(cc(F)c1)CC(NC(=O)C)C(O)C[NH2+]C1(CC1)c1oc(cn1)C(C)(C)C,5.309804,4899.99909706502,1,BACE_1296,Beta-secretase 1 (BACE-1)
Fc1cc(cc(F)c1)CC(NC(=O)C)C(O)C[NH2+]C1(CC1)c1occ(n1)C(C)(C)C,4.3677454,42879.982555065115,1,BACE_1468,Beta-secretase 1 (BACE-1)
Fc1cc(cc(F)c1)CC(NC(=O)C)C(O)C[NH2+]C1(CCC(=O)CC1)c1cc(ccc1)C(C)(C)C,6.9208188,119.99998727657167,1,BACE_840,Beta-secretase 1 (BACE-1)
Fc1cc(cc(F)c1)CC(NC(=O)C)C(O)C[NH2+]C1(CCC(=O)NC1)c1cc(ccc1)C(C)(C)C,7.3279023,46.99998290796297,1,BACE_676,Beta-secretase 1 (BACE-1)
Fc1cc(cc(F)c1)CC(NC(=O)C)C(O)C[NH2+]C1(CCC(CC1)=C)c1cc(ccc1)C(C)(C)C,7.318759,47.99997376428772,1,BACE_681,Beta-secretase 1 (BACE-1)
Fc1cc(cc(F)c1)CC(NC(=O)C)C(O)C[NH2+]C1(CCC(CC1)C#N)c1cc(ccc1)C(C)(C)C,6.4202166,379.9998279638034,1,BACE_998,Beta-secretase 1 (BACE-1)
Fc1cc(cc(F)c1)CC(NC(=O)C)C(O)C[NH2+]C1(CCC(CC1)C(F)(F)F)c1cc(ccc1)C(C)(C)C,7.4814858,33.00001976546479,1,BACE_615,Beta-secretase 1 (BACE-1)
Fc1cc(cc(F)c1)CC(NC(=O)C)C(O)C[NH2+]C1(CCC(CC1)C)c1cc(ccc1)C(C)(C)C,7.309804,48.999990970650195,1,BACE_684,Beta-secretase 1 (BACE-1)
Fc1cc(cc(F)c1)CC(NC(=O)C)C(O)C[NH2+]C1(CCC(CC1)CCO)c1cc(ccc1)C(C)(C)C,5.0,10000.0,1,BACE_1354,Beta-secretase 1 (BACE-1)
Fc1cc(cc(F)c1)CC(NC(=O)C)C(O)C[NH2+]C1(CCC(CC1)CO)c1cc(ccc1)C(C)(C)C,7.4202166,37.99998279638034,1,BACE_636,Beta-secretase 1 (BACE-1)
Fc1cc(cc(F)c1)CC(NC(=O)C)C(O)C[NH2+]C1(CCC(N(O)C(=O)C)CC1)c1cc(ccc1)C(C)(C)C,6.6197886,240.00008747341525,1,BACE_935,Beta-secretase 1 (BACE-1)
Fc1cc(cc(F)c1)CC(NC(=O)C)C(O)C[NH2+]C1(CCC(NC(=O)C)CC1)c1cc(ccc1)C(C)(C)C,6.4559321,349.9998836674418,1,BACE_987,Beta-secretase 1 (BACE-1)
Fc1cc(cc(F)c1)CC(NC(=O)C)C(O)C[NH2+]C1(CCC(NC(OC)=O)CC1)c1cc(ccc1)C(C)(C)C,6.6197886,240.00008747341525,1,BACE_934,Beta-secretase 1 (BACE-1)
Fc1cc(cc(F)c1)CC(NC(=O)C)C(O)C[NH2+]C1(CCC(NC=O)CC1)c1cc(ccc1)C(C)(C)C,6.6777806,210.0000509006688,1,BACE_920,Beta-secretase 1 (BACE-1)
Fc1cc(cc(F)c1)CC(NC(=O)C)C(O)C[NH2+]C1(CCC(NO)CC1)c1cc(ccc1)C(C)(C)C,7.7212462,19.000008708139905,1,BACE_482,Beta-secretase 1 (BACE-1)
Fc1cc(cc(F)c1)CC(NC(=O)C)C(O)C[NH2+]C1(CCC(NOC)CC1)c1cc(ccc1)C(C)(C)C,7.0,100.0,1,BACE_818,Beta-secretase 1 (BACE-1)
Fc1cc(cc(F)c1)CC(NC(=O)C)C(O)C[NH2+]C1(CCC(Nc2cccnc2)CC1)c1cc(ccc1)C(C)(C)C,6.3010302,499.9997647495204,1,BACE_1030,Beta-secretase 1 (BACE-1)
Fc1cc(cc(F)c1)CC(NC(=O)C)C(O)C[NH2+]C1(CCC(Nc2ncccc2)CC1)c1cc(ccc1)C(C)(C)C,7.1366773,72.99997308556385,1,BACE_759,Beta-secretase 1 (BACE-1)
Fc1cc(cc(F)c1)CC(NC(=O)C)C(O)C[NH2+]C1(CCC(O)CC1)c1cc(ccc1)C(C)(C)C,7.6197886,24.000008747341525,1,BACE_541,Beta-secretase 1 (BACE-1)
Fc1cc(cc(F)c1)CC(NC(=O)C)C(O)C[NH2+]C1(CCC(OC)CC1)c1cc(ccc1)C(C)(C)C,6.8538718,140.00005297108746,1,BACE_871,Beta-secretase 1 (BACE-1)
Fc1cc(cc(F)c1)CC(NC(=O)C)C(O)C[NH2+]C1(CCCC1)c1cc(ccc1)C(C)(C)C,6.6575775,219.99990840114523,1,BACE_926,Beta-secretase 1 (BACE-1)
Fc1cc(cc(F)c1)CC(NC(=O)C)C(O)C[NH2+]C1(CCCCC1)c1cc(-n2ccnc2)ccc1,5.7958798,1600.0008007253653,1,BACE_1179,Beta-secretase 1 (BACE-1)
Fc1cc(cc(F)c1)CC(NC(=O)C)C(O)C[NH2+]C1(CCCCC1)c1cc(-n2nccn2)ccc1,5.1135092,7700.001326684915,1,BACE_1332,Beta-secretase 1 (BACE-1)
Fc1cc(cc(F)c1)CC(NC(=O)C)C(O)C[NH2+]C1(CCCCC1)c1cc(N(C)C)ccc1,6.3872161,410.00004085916385,1,BACE_1010,Beta-secretase 1 (BACE-1)
Fc1cc(cc(F)c1)CC(NC(=O)C)C(O)C[NH2+]C1(CCCCC1)c1cc(N2C3CC(CC3)C2=O)ccc1,6.4685211,339.99998665797756,1,BACE_981,Beta-secretase 1 (BACE-1)
Fc1cc(cc(F)c1)CC(NC(=O)C)C(O)C[NH2+]C1(CCCCC1)c1cc(N2CCCC2=O)ccc1,6.0861859,820.0004675293343,1,BACE_1092,Beta-secretase 1 (BACE-1)
Fc1cc(cc(F)c1)CC(NC(=O)C)C(O)C[NH2+]C1(CCCCC1)c1cc(N2CCCCC2=O)ccc1,6.6020598,250.0001101372527,1,BACE_946,Beta-secretase 1 (BACE-1)
Fc1cc(cc(F)c1)CC(NC(=O)C)C(O)C[NH2+]C1(CCCCC1)c1cc(N2CCCNC2=O)ccc1,6.0,1000.0,1,BACE_1119,Beta-secretase 1 (BACE-1)
Fc1cc(cc(F)c1)CC(NC(=O)C)C(O)C[NH2+]C1(CCCCC1)c1cc(N2CCCOCC2)ccc1,6.154902,699.9999355046413,1,BACE_1068,Beta-secretase 1 (BACE-1)
Fc1cc(cc(F)c1)CC(NC(=O)C)C(O)C[NH2+]C1(CCCCC1)c1cc(N2CCCOCC2=O)ccc1,6.124939,749.9995451387857,1,BACE_1075,Beta-secretase 1 (BACE-1)
Fc1cc(cc(F)c1)CC(NC(=O)C)C(O)C[NH2+]C1(CCCCC1)c1cc(N2CCNC2=O)ccc1,5.8538718,1400.0005297108746,1,BACE_1164,Beta-secretase 1 (BACE-1)
Fc1cc(cc(F)c1)CC(NC(=O)C)C(O)C[NH2+]C1(CCCCC1)c1cc(N2CCOC2=O)ccc1,5.8860564,1300.0007414351717,1,BACE_1152,Beta-secretase 1 (BACE-1)
Fc1cc(cc(F)c1)CC(NC(=O)C)C(O)C[NH2+]C1(CCCCC1)c1cc(N2CCOCC2=O)ccc1,5.8860564,1300.0007414351717,1,BACE_1151,Beta-secretase 1 (BACE-1)
Fc1cc(cc(F)c1)CC(NC(=O)C)C(O)C[NH2+]C1(CCCCC1)c1cc(cc(N)c1)C(C)(C)C,6.4975729,317.9999853669581,1,BACE_973,Beta-secretase 1 (BACE-1)
Fc1cc(cc(F)c1)CC(NC(=O)C)C(O)C[NH2+]C1(CCCCC1)c1cc(cc(O)c1)C(C)(C)C,6.7695513,169.9999133438289,1,BACE_895,Beta-secretase 1 (BACE-1)
Fc1cc(cc(F)c1)CC(NC(=O)C)C(O)C[NH2+]C1(CCCCC1)c1cc(cc(OC)c1)C(C)(C)C,7.1135092,77.00001326684915,1,BACE_768,Beta-secretase 1 (BACE-1)
Fc1cc(cc(F)c1)CC(NC(=O)C)C(O)C[NH2+]C1(CCCCC1)c1cc(cc(c1)C(=O)C)C(C)(C)C,6.7958798,160.00008007253652,1,BACE_890,Beta-secretase 1 (BACE-1)
Fc1cc(cc(F)c1)CC(NC(=O)C)C(O)C[NH2+]C1(CCCCC1)c1cc(cc(c1)C)C(C)(C)C,6.7447276,179.9999564383302,1,BACE_905,Beta-secretase 1 (BACE-1)
Fc1cc(cc(F)c1)CC(NC(=O)C)C(O)C[NH2+]C1(CCCCC1)c1cc(ccc1)-c1ccoc1,6.9208188,119.99998727657167,1,BACE_844,Beta-secretase 1 (BACE-1)
Fc1cc(cc(F)c1)CC(NC(=O)C)C(O)C[NH2+]C1(CCCCC1)c1cc(ccc1)-c1occc1,5.9586072,1100.0002908762926,1,BACE_1129,Beta-secretase 1 (BACE-1)
Fc1cc(cc(F)c1)CC(NC(=O)C)C(O)C[NH2+]C1(CCCCC1)c1cc(ccc1)/C(=C/C)/C,6.4202166,379.9998279638034,1,BACE_1000,Beta-secretase 1 (BACE-1)
Fc1cc(cc(F)c1)CC(NC(=O)C)C(O)C[NH2+]C1(CCCCC1)c1cc(ccc1)C#N,5.2076082,6200.001577526174,1,BACE_1313,Beta-secretase 1 (BACE-1)
Fc1cc(cc(F)c1)CC(NC(=O)C)C(O)C[NH2+]C1(CCCCC1)c1cc(ccc1)C(C#N)(C)C,6.779892,165.99996634853005,1,BACE_893,Beta-secretase 1 (BACE-1)
Fc1cc(cc(F)c1)CC(NC(=O)C)C(O)C[NH2+]C1(CCCCC1)c1cc(ccc1)C(C)=C,7.0,100.0,1,BACE_821,Beta-secretase 1 (BACE-1)
Fc1cc(cc(F)c1)CC(NC(=O)C)C(O)C[NH2+]C1(CCCCC1)c1cc(ccc1)C(C)C,7.3279023,46.99998290796297,1,BACE_677,Beta-secretase 1 (BACE-1)
Fc1cc(cc(F)c1)CC(NC(=O)C)C(O)C[NH2+]C1(CCCCC1)c1cc(ccc1)C(CC)(C)C,6.8860564,130.00007414351717,1,BACE_860,Beta-secretase 1 (BACE-1)
Fc1cc(cc(F)c1)CC(NC(=O)C)C(O)C[NH2+]C1(CCCCC1)c1cc(ccc1)C(CO)(C)C,6.5850267,259.99997128121,1,BACE_948,Beta-secretase 1 (BACE-1)
Fc1cc(cc(F)c1)CC(NC(=O)C)C(O)C[NH2+]C1(CCCCC1)c1cc(ccc1)C1CCCC1,6.0268722,939.9998839872128,1,BACE_1111,Beta-secretase 1 (BACE-1)
Fc1cc(cc(F)c1)CC(NC(=O)C)C(O)C[NH2+]C1(CCCCC1)c1cc(ccc1)C1CCCC1=O,6.09691,800.0000239617253,1,BACE_1086,Beta-secretase 1 (BACE-1)
Fc1cc(cc(F)c1)CC(NC(=O)C)C(O)C[NH2+]C1(CCCCC1)c1cc(ccc1)C1CCCCC1,5.0,10000.0,1,BACE_1362,Beta-secretase 1 (BACE-1)
Fc1cc(cc(F)c1)CC(NC(=O)C)C(O)C[NH2+]C1(CCCCC1)c1cc(ccc1)C1CCOC1,7.0555172,88.00002590589406,1,BACE_793,Beta-secretase 1 (BACE-1)
Fc1cc(cc(F)c1)CC(NC(=O)C)C(O)C[NH2+]C1(CCCCC1)c1cc(ccc1)C1CCOCOC1,6.251812,559.9999651769192,1,BACE_1043,Beta-secretase 1 (BACE-1)
Fc1cc(cc(F)c1)CC(NC(=O)C)C(O)C[NH2+]C1(CCCCC1)c1cc(ccc1)C1OCCC1,6.7447276,179.9999564383302,1,BACE_904,Beta-secretase 1 (BACE-1)
Fc1cc(cc(F)c1)CC(NC(=O)C)C(O)C[NH2+]C1(CCCCC1)c1cc(ccc1)CC,6.1611509,690.0000147164981,1,BACE_1067,Beta-secretase 1 (BACE-1)
Fc1cc(cc(F)c1)CC(NC(=O)C)C(O)C[NH2+]C1(CCCCC1)c1cc(ccc1)CC(C)(C)C,5.6777806,2100.0005090066884,1,BACE_1217,Beta-secretase 1 (BACE-1)
Fc1cc(cc(F)c1)CC(NC(=O)C)C(O)C[NH2+]C1(CCCCC1)c1cc(ccc1)CC(C)C,6.0915151,809.9997782801836,1,BACE_1090,Beta-secretase 1 (BACE-1)
Fc1cc(cc(F)c1)CC(NC(=O)C)C(O)C[NH2+]C1(CCCCC1)c1ccccc1,5.0,10000.0,1,BACE_1363,Beta-secretase 1 (BACE-1)
Fc1cc(cc(F)c1)CC(NC(=O)C)C(O)C[NH2+]C1(CCCCC1)c1ncnc(c1)C(C)(C)C,5.6143937,2430.0001477248875,1,BACE_1229,Beta-secretase 1 (BACE-1)
Fc1cc(cc(F)c1)CC(NC(=O)C)C(O)C[NH2+]C1(CCCCC1)c1nn(cc1)C(C)(C)C,5.7351823,1839.999478838612,1,BACE_1199,Beta-secretase 1 (BACE-1)
Fc1cc(cc(F)c1)CC(NC(=O)C)C(O)C[NH2+]C1(CCCCC1)c1nn(cc1)CC(C)(C)C,6.6777806,210.0000509006688,1,BACE_923,Beta-secretase 1 (BACE-1)
Fc1cc(cc(F)c1)CC(NC(=O)C)C(O)C[NH2+]C1(CCCCC1)c1nnn(c1)C12CC3CC(C1)CC(C2)C3,6.406714,391.9999395064448,1,BACE_1004,Beta-secretase 1 (BACE-1)
Fc1cc(cc(F)c1)CC(NC(=O)C)C(O)C[NH2+]C1(CCCCC1)c1oc(cn1)C(C)(C)C,5.801343,1579.9996836524986,1,BACE_1178,Beta-secretase 1 (BACE-1)
Fc1cc(cc(F)c1)CC(NC(=O)C)C(O)C[NH2+]C1(CCCCC1)c1occ(n1)C(C)(C)C,3.8607507000000005,137800.0261542203,1,BACE_1511,Beta-secretase 1 (BACE-1)
Fc1cc(cc(F)c1)CC(NC(=O)C)C(O)C[NH2+]C1(CCCCC1)c1onc(c1)C(C)(C)C,5.3509574,4456.999650186474,1,BACE_1291,Beta-secretase 1 (BACE-1)
Fc1cc(cc(F)c1)CC(NC(=O)C)C(O)C[NH2+]C1(CCCCC1)c1onc(c1)CC(C)(C)C,6.8569851,139.0000319246109,1,BACE_870,Beta-secretase 1 (BACE-1)
Fc1cc(cc(F)c1)CC(NC(=O)C)C(O)C[NH2+]C1(CCCN(C1)C(=O)C)c1cc(ccc1)C(C)(C)C,5.8860564,1300.0007414351717,1,BACE_1149,Beta-secretase 1 (BACE-1)
Fc1cc(cc(F)c1)CC(NC(=O)C)C(O)C[NH2+]C1(CCCN(C1)C(=O)N)c1cc(ccc1)C(C)(C)C,6.4814858,330.00019765464793,1,BACE_977,Beta-secretase 1 (BACE-1)
Fc1cc(cc(F)c1)CC(NC(=O)C)C(O)C[NH2+]C1(CCCN(C1)C(OCc1ccccc1)=O)c1cc(ccc1)C(C)(C)C,6.0655017,859.9997005040326,1,BACE_1097,Beta-secretase 1 (BACE-1)
Fc1cc(cc(F)c1)CC(NC(=O)C)C(O)C[NH2+]C1(CCCN(O)C1)c1cc(ccc1)C(C)(C)C,6.3979402,399.9998237804733,1,BACE_1005,Beta-secretase 1 (BACE-1)
Fc1cc(cc(F)c1)CC(NC(=O)C)C(O)C[NH2+]C1(CCCOC1)c1cc(-n2nccc2)ccc1,6.5686364,269.9998979427093,1,BACE_952,Beta-secretase 1 (BACE-1)
Fc1cc(cc(F)c1)CC(NC(=O)C)C(O)C[NH2+]C1(CCC[NH2+]C1)c1cc(ccc1)C(C)(C)C,5.0,10000.0,1,BACE_1353,Beta-secretase 1 (BACE-1)
Fc1cc(cc(F)c1)CC(NC(=O)C)C(O)C[NH2+]C1(CCN(CC1)C(=O)N)c1cc(ccc1)C(C)(C)C,6.4202166,379.9998279638034,1,BACE_997,Beta-secretase 1 (BACE-1)
Fc1cc(cc(F)c1)CC(NC(=O)C)C(O)C[NH2+]C1(CCOC1)c1cc(-n2nccc2)ccc1,5.6197886,2400.0008747341526,1,BACE_1227,Beta-secretase 1 (BACE-1)
Fc1cc(cc(F)c1)CC(NC(=O)C)C(O)C[NH2+]C1(CCOCC1)c1cc(ccc1)C(C)(C)C,7.2146702,60.99999508246877,1,BACE_727,Beta-secretase 1 (BACE-1)
Fc1cc(cc(F)c1)CC(NC(=O)C)C(O)C[NH2+]C1(CC[NH2+]CC1)c1cc(ccc1)C(C)(C)C,5.3279023,4699.998290796298,1,BACE_1294,Beta-secretase 1 (BACE-1)
Fc1cc(cc(F)c1)CC(NC(=O)C)C(O)C[NH2+]C1(CC\C(=N\O)\CC1)c1cc(ccc1)C(C)(C)C,8.0555172,8.800002590589388,1,BACE_380,Beta-secretase 1 (BACE-1)
Fc1cc(cc(F)c1)CC(NC(=O)C)C(O)C[NH2+]C1(CCc2nc(ncc2C1)C)c1cc(ccc1)C(C)(C)C,7.031517,93.00001101668228,1,BACE_809,Beta-secretase 1 (BACE-1)
Fc1cc(cc(F)c1)CC(NC(=O)C)C(O)C[NH2+]C1(CCc2nc(ncc2C1)N)c1cc(ccc1)C(C)(C)C,7.8538718,14.000005297108746,1,BACE_446,Beta-secretase 1 (BACE-1)
Fc1cc(cc(F)c1)CC(NC(=O)C)C(O)C[NH2+]C1CC2(Oc3ncc(cc13)CC(C)(C)C)CCC2,8.1611509,6.900000147164967,1,BACE_358,Beta-secretase 1 (BACE-1)
Fc1cc(cc(F)c1)CC(NC(=O)c1c2c(n(c1)C(=O)N(CCCC)C)cc(F)cc2)C(O)C[NH2+]Cc1cc(OC)ccc1,7.1804562,65.99997940162191,1,BACE_735,Beta-secretase 1 (BACE-1)
Fc1cc(cc(F)c1)CC(NC(=O)c1c2c(n(c1)C(=O)N(CCCC)C)cc(cc2)C#N)C(O)C[NH2+]Cc1cc(OC)ccc1,6.9208188,119.99998727657167,1,BACE_846,Beta-secretase 1 (BACE-1)
Fc1cc(cc(F)c1)CC(NC(=O)c1c2c(n(c1)C(=O)N(CCCC)C)cccc2)C(O)C[NH2+]Cc1cc(OC)ccc1,8.1307678,7.40000818337072,1,BACE_366,Beta-secretase 1 (BACE-1)
Fc1cc(cc(F)c1)CC(NC(=O)c1c2c(n(c1)C(=O)N(CCCC)CCCC)cccc2)C(O)C[NH2+]Cc1cc(OC)ccc1,7.3467875,44.99999857264952,1,BACE_670,Beta-secretase 1 (BACE-1)
Fc1cc(cc(F)c1)CC(NC(=O)c1c2c(n(c1)C(=O)NCCCC)cccc2)C(O)C[NH2+]Cc1cc(OC)ccc1,6.7212462,190.00008708139907,1,BACE_912,Beta-secretase 1 (BACE-1)
Fc1cc(cc(F)c1)CC(NC(=O)c1c2c(n(c1)C(OCCCC)=O)cccc2)C(O)C[NH2+]Cc1cc(OC)ccc1,5.9586072,1100.0002908762926,1,BACE_1130,Beta-secretase 1 (BACE-1)
Fc1cc(cc(F)c1)CC(NC(=O)c1c2cc(F)ccc2n(c1)C(=O)N(CCCC)C)C(O)C[NH2+]Cc1cc(OC)ccc1,7.8860564,13.000007414351716,1,BACE_440,Beta-secretase 1 (BACE-1)
Fc1cc(cc(F)c1)CC(NC(=O)c1c2cc(ccc2n(c1)C(=O)N(CCCC)C)C(=O)[O-])C(O)C[NH2+]Cc1cc(OC)ccc1,7.154902,69.99999355046413,1,BACE_751,Beta-secretase 1 (BACE-1)
Fc1cc(cc(F)c1)CC(NC(=O)c1c2cc(ccc2n(c1)C(=O)N(CCCC)C)C(F)(F)F)C(O)C[NH2+]Cc1cc(OC)ccc1,6.7958798,160.00008007253652,1,BACE_891,Beta-secretase 1 (BACE-1)
Fc1cc(cc(F)c1)CC(NC(=O)c1c2cc(ccc2n(c1)C(=O)N(CCCC)C)C(OCc1ccccc1)=O)C(O)C[NH2+]Cc1cc(OC)ccc1,6.0655017,859.9997005040326,1,BACE_1099,Beta-secretase 1 (BACE-1)
Fc1cc(cc(F)c1)CC(NC(=O)c1c2cccnc2n(c1)C(=O)N(CC1CC1)CCC)C(O)C[NH2+]Cc1cc(OC)ccc1,6.6777806,210.0000509006688,1,BACE_924,Beta-secretase 1 (BACE-1)
Fc1cc(cc(F)c1)CC(NC(=O)c1c2cccnc2n(c1)C(=O)N(CCC(C)C)C)C(O)C[NH2+]Cc1cc(OC)ccc1,7.5528421,27.99999153205545,1,BACE_569,Beta-secretase 1 (BACE-1)
Fc1cc(cc(F)c1)CC(NC(=O)c1c2cccnc2n(c1)C(=O)N(CCCC)C)C(O)C1[NH2+]Cc2c(C1)cccc2,5.9208188,1199.9998727657169,1,BACE_1140,Beta-secretase 1 (BACE-1)
Fc1cc(cc(F)c1)CC(NC(=O)c1c2cccnc2n(c1)C(=O)N(CCCC)C)C(O)C[NH2+]C1(CC1)c1cc(ccc1)CC,7.0915151,80.99997782801836,1,BACE_785,Beta-secretase 1 (BACE-1)
Fc1cc(cc(F)c1)CC(NC(=O)c1c2cccnc2n(c1)C(=O)N(CCCC)C)C(O)C[NH2+]Cc1cc(OC)ccc1,7.4814858,33.00001976546479,1,BACE_616,Beta-secretase 1 (BACE-1)
Fc1cc(cc(F)c1)CC(NC(=O)c1c2cccnc2n(c1)C(=O)N(CCCC)C)C(O)C[NH2+]Cc1cc(ccc1)CC,8.0655012,8.600006906158487,1,BACE_379,Beta-secretase 1 (BACE-1)
Fc1cc(cc(F)c1)CC(NC(=O)c1c2cccnc2n(c1)C(=O)N(CCCCC)C)C(O)C[NH2+]Cc1cc(OC)ccc1,7.4948502,31.999986860906457,1,BACE_610,Beta-secretase 1 (BACE-1)
Fc1cc(cc(F)c1)CC(NC(=O)c1c2cccnc2n(c1)C(=O)N(CCOC)C)C(O)C[NH2+]Cc1cc(OC)ccc1,7.1366773,72.99997308556385,1,BACE_760,Beta-secretase 1 (BACE-1)
Fc1cc(cc(F)c1)CC(NC(=O)c1cc(cc(Oc2ccc(F)cc2)c1)C(=O)N(CCC)CCC)C(O)C[NH2+]Cc1cc(OC)ccc1,7.6575775,21.999990840114524,1,BACE_524,Beta-secretase 1 (BACE-1)
Fc1cc(cc(F)c1)CC(NC(=O)c1cc(cc(Oc2ccc(OC)cc2)c1)C(=O)N(CCC)CCC)C(O)C[NH2+]Cc1cc(OC)ccc1,8.0,10.0,1,BACE_396,Beta-secretase 1 (BACE-1)
Fc1cc(cc(F)c1)CC(NC(=O)c1cc(cc(Oc2ccccc2)c1)C(=O)N(CCC)CCC)C(O)C[NH2+]Cc1cc(OC)ccc1,8.0,10.0,1,BACE_395,Beta-secretase 1 (BACE-1)
Fc1cc(cc(F)c1)CC(NC(=O)c1cc(cc(Oc2ccccc2OC)c1)C(=O)N(CCC)CCC)C(O)C[NH2+]Cc1cc(OC)ccc1,7.2676063,53.999992561636866,1,BACE_703,Beta-secretase 1 (BACE-1)
Fc1cc(cc(F)c1)CC(NC(=O)c1cc(cc(c1)/C(=N\O)/C)C(=O)N(CCC)CCC)C(O)C[NH2+]Cc1cc(OC)ccc1,8.5228786,3.0000010035611844,1,BACE_307,Beta-secretase 1 (BACE-1)
Fc1cc(cc(F)c1)CC(NC(=O)c1cc(cc(c1)/C(=N\OC)/C)C(=O)N(CCC)CCC)C(O)C[NH2+]Cc1cc(OC)ccc1,9.0,1.0,1,BACE_280,Beta-secretase 1 (BACE-1)
Fc1cc(cc(F)c1)CC(NC(=O)c1cc(cc(c1)/C(=N\OCC(C)C)/C)C(=O)N(CCC)CCC)C(O)C[NH2+]Cc1cc(OC)ccc1,7.2596374,54.99998866625503,1,BACE_705,Beta-secretase 1 (BACE-1)
Fc1cc(cc(F)c1)CC(NC(=O)c1cc(cc(c1)/C(=N\OCC=C)/C)C(=O)N(CCC)CCC)C(O)C[NH2+]Cc1cc(OC)ccc1,8.0,10.0,1,BACE_392,Beta-secretase 1 (BACE-1)
Fc1cc(cc(F)c1)CC(NC(=O)c1cc(cc(c1)/C(=N\OCc1ccccc1)/C)C(=O)N(CCC)CCC)C(O)C[NH2+]Cc1cc(OC)ccc1,7.1739254,66.99996872870193,1,BACE_737,Beta-secretase 1 (BACE-1)
Fc1cc(cc(F)c1)CC(NC(=O)c1cc(cc(c1)C(=O)N(CCC)CCC)C(=O)C)C(O)C[NH2+]Cc1cc(OC)ccc1,8.3979397,4.000002842975538,1,BACE_322,Beta-secretase 1 (BACE-1)
Fc1cc(cc(F)c1)CC(NC(=O)c1cc(cc(c1)C(=O)N(CCC)CCC)C(NC(=O)C)C)C(O)C[NH2+]Cc1cc(OC)ccc1,7.6989698,20.000009410023612,1,BACE_489,Beta-secretase 1 (BACE-1)
Fc1cc(cc(F)c1)CC(NC(=O)c1cc(cc(c1)C(=O)N(CCC)CCC)C(O)C)C(O)C[NH2+]Cc1cc(OC)ccc1,8.6989698,2.000000941002362,1,BACE_288,Beta-secretase 1 (BACE-1)
Fc1cc(cc(F)c1)CC(NC(=O)c1cc(cc(c1)C(=O)N(CCC)CCC)C([NH3+])C)C(O)C[NH2+]Cc1cc(OC)ccc1,6.9100947,123.00005340376184,1,BACE_851,Beta-secretase 1 (BACE-1)
Fc1cc(cc(F)c1)CC(NC(=O)c1cc(cc(c1)C(=O)N(CCC)CCC)CC(O)C)C(O)C[NH2+]Cc1cc(OC)ccc1,7.7958798,16.000008007253655,1,BACE_460,Beta-secretase 1 (BACE-1)
Fc1cc(cc(F)c1)CC(NC(=O)c1cc(cc(c1)C(=O)N(CCC)CCC)CC(OC)COC)C(O)C[NH2+]Cc1cc(OC)ccc1,5.6989698,2000.000941002361,1,BACE_1208,Beta-secretase 1 (BACE-1)
Fc1cc(cc(F)c1)CC(NC(=O)c1cc(cc(c1)C(=O)N(CCC)CCC)CCO)C(O)C[NH2+]Cc1cc(OC)ccc1,8.0,10.0,1,BACE_393,Beta-secretase 1 (BACE-1)
Fc1cc(cc(F)c1)CC(NC(=O)c1cc(cc(c1)C)C(=O)N(CCC)CCC)C(O)C1[NH2+]CC[NH2+]C1,6.309804,489.999909706502,1,BACE_1028,Beta-secretase 1 (BACE-1)
Fc1cc(cc(F)c1)CC(NC(=O)c1cc(cc(c1)C)C(=O)N(CCC)CCC)[C@@H](O)C[NH2+]Cc1cc(OC)ccc1,7.6989698,20.000009410023612,1,BACE_488,Beta-secretase 1 (BACE-1)
Fc1cc(cc(F)c1)CC(NC(=O)c1cc(cc(c1)C)C(=O)N1CCCC1COC)C(O)C1[NH2+]CC(Oc2ccccc2)C1,9.1549015,0.7000007414098143,1,BACE_234,Beta-secretase 1 (BACE-1)
Fc1cc(cc(F)c1)CC(NC(=O)c1cc(ccc1)C(=O)N(CCC)CCC)C(O)C1[NH2+]Cc2c(C1)cccc2,5.9586072,1100.0002908762926,1,BACE_1133,Beta-secretase 1 (BACE-1)
Fc1cc(cc(F)c1)CC(NC(=O)c1cc(ccc1)C(=O)N(CCC)CCC)C(O)C[NH2+]Cc1cc(OC)ccc1,7.5086384,30.999993302097423,1,BACE_602,Beta-secretase 1 (BACE-1)
Fc1cc(cc(F)c1)CN1C(=O)C(N=C1N)(C1CCCCC1)c1ccccc1,5.9665761,1080.0003593739425,1,BACE_1126,Beta-secretase 1 (BACE-1)
Fc1cc(cc(F)c1)C[C@H](NC(=O)C)[C@H](O)C[NH2+]C(C)(C)c1cc(ccc1)C(C)(C)C,6.6989698,200.0000941002361,1,BACE_914,Beta-secretase 1 (BACE-1)
Fc1cc(cc(F)c1)C[C@H](NC(=O)C)[C@H](O)C[NH2+]C1(CC1)c1cc(-n2nccc2)ccc1,6.0087738,980.000280504076,1,BACE_1115,Beta-secretase 1 (BACE-1)
Fc1cc(cc(F)c1)C[C@H](NC(=O)C)[C@H](O)C[NH2+]C1(CC1)c1cc(ccc1)C(C(F)(F)F)=C,5.8860564,1300.0007414351717,1,BACE_1154,Beta-secretase 1 (BACE-1)
Fc1cc(cc(F)c1)C[C@H](NC(=O)C)[C@H](O)C[NH2+]C1(CC1)c1cc(ccc1)C(C(F)F)(C)C,6.6382723,229.99992796583263,1,BACE_932,Beta-secretase 1 (BACE-1)
Fc1cc(cc(F)c1)C[C@H](NC(=O)C)[C@H](O)C[NH2+]C1(CC1)c1cc(ccc1)C(CF)(C)C,6.5376019,290.0000681779469,1,BACE_962,Beta-secretase 1 (BACE-1)
Fc1cc(cc(F)c1)C[C@H](NC(=O)C)[C@H](O)C[NH2+]C1(CC1)c1cc(ccc1)C(CF)(CF)C,6.4089355,389.9999038893393,1,BACE_1002,Beta-secretase 1 (BACE-1)
Fc1cc(cc(F)c1)C[C@H](NC(=O)C)[C@H](O)C[NH2+]C1(CC1)c1cc(ccc1)[C@H]1CCOC1,6.1191864,760.0000135083421,1,BACE_1077,Beta-secretase 1 (BACE-1)
Fc1cc(cc(F)c1)C[C@H](NC(=O)C)[C@H](O)C[NH2+]C1(CCC1)c1cc(ccc1)C(C)(C)C,6.2146702,609.9999508246877,1,BACE_1056,Beta-secretase 1 (BACE-1)
Fc1cc(cc(F)c1)C[C@H](NC(=O)C)[C@H](O)C[NH2+]C1(CCCCC1)c1cc(-n2nccc2)ccc1,7.2291479,59.00001200363863,1,BACE_84,Beta-secretase 1 (BACE-1)
Fc1cc(cc(F)c1)C[C@H](NC(=O)C)[C@H](O)C[NH2+]C1(CCCCC1)c1cc(ccc1)C(C)(C)C,7.3279023,46.99998290796297,1,BACE_73,Beta-secretase 1 (BACE-1)
Fc1cc(cc(F)c1)C[C@H](NC(=O)C)[C@H](O)C[NH2+]C1(CCOCC1)c1cc(-n2nccc2)ccc1,6.9586072,110.00002908762926,1,BACE_834,Beta-secretase 1 (BACE-1)
Fc1cc(cc(F)c1)C[C@H](NC(=O)C)[C@H](O)C[NH2+]C1(CCOCC1)c1cc(ccc1)[C@H]1CCOC1,6.5376019,290.0000681779469,1,BACE_961,Beta-secretase 1 (BACE-1)
Fc1cc(cc(F)c1)C[C@H](NC(=O)C)[C@H](O)C[NH2+]Cc1cc(ccc1)C(C)(C)C,5.8860564,1300.0007414351717,1,BACE_1153,Beta-secretase 1 (BACE-1)
Fc1cc(cc(F)c1)C[C@H](NC(=O)C)[C@H](O)C[NH2+][C@@]1(C[C@H]1C)c1cc(ccc1)C(C(F)F)(C)C,5.7695513,1699.9991334382887,1,BACE_1187,Beta-secretase 1 (BACE-1)
Fc1cc(cc(F)c1)C[C@H](NC(=O)C)[C@H](O)C[NH2+][C@]1(CCc2n[nH]cc2C1)c1cc(ccc1)C(C)(C)C,7.9208188,11.99999872765717,1,BACE_37,Beta-secretase 1 (BACE-1)
Fc1cc(cc(F)c1)C[C@H](NC(=O)[C@@H](N1CC[C@](NC(=O)C)(CC(C)C)C1=O)CCc1ccccc1)[C@H](O)[C@@H]1[NH2+]C[C@H](OCCC)C1,8.8538723,1.399998917901626,1,BACE_2,Beta-secretase 1 (BACE-1)
Fc1cc(cc(F)c1)C[C@H](NC(=O)[C@@H](N1CC[C@](NC(=O)C)(CC(C)C)C1=O)CCc1ccccc1)[C@H](O)[C@@H]1[NH2+]Cc2c(C1)cccc2,8.0969095,8.000009449963196,1,BACE_29,Beta-secretase 1 (BACE-1)
Fc1cc(cc(F)c1)C[C@H](NC(=O)c1c2cc(ccc2n(c1)C(=O)N(CCCC)C)C#N)[C@H](O)C[NH2+]Cc1cc(OC)ccc1,7.7447276,17.99999564383302,1,BACE_48,Beta-secretase 1 (BACE-1)
Fc1cc(cc(F)c1)C[C@H](NC(=O)c1c2cccnc2n(c1)C(=O)N1CCCC[C@@H]1COC)[C@H](O)C[NH2+]Cc1cc(OC)ccc1,7.5228786,30.000010035611844,1,BACE_592,Beta-secretase 1 (BACE-1)
Fc1cc(cc(F)c1)C[C@H](NC(=O)c1c2cccnc2n(c1)C(=O)N1CCCC[C@@H]1COCC)[C@H](O)C[NH2+]Cc1cc(OC)ccc1,7.5850267,25.999997128120995,1,BACE_556,Beta-secretase 1 (BACE-1)
Fc1cc(cc(F)c1)C[C@H](NC(=O)c1c2cccnc2n(c1)C(=O)N1CCC[C@@H]1COC)[C@H](O)C[NH2+]Cc1cc(OC)ccc1,8.0,10.0,1,BACE_409,Beta-secretase 1 (BACE-1)
Fc1cc(cc(F)c1)C[C@H](NC(=O)c1c2cccnc2n(c1)C(=O)N1CCC[C@@H]1COCC)[C@H](O)C[NH2+]Cc1cc(OC)ccc1,7.9208188,11.99999872765717,1,BACE_432,Beta-secretase 1 (BACE-1)
Fc1cc(cc(F)c1)C[C@H](NC(=O)c1cc(cc(c1)C(=O)N)C(=O)N(CCC)CCC)[C@H](O)C[NH2+]Cc1cc(OC)ccc1,7.9586072,11.000002908762928,1,BACE_33,Beta-secretase 1 (BACE-1)
Fc1cc(cc(F)c1)C[C@H](NC(=O)c1cc(cc(c1)C)C(=O)N(CCC)CCC)[C@@H](O)C[NH2+]Cc1cc(OC)ccc1,5.3665314,4300.001429923486,1,BACE_160,Beta-secretase 1 (BACE-1)
Fc1cc(cc(F)c1)C[C@H](NC(=O)c1cc(cc(c1)C)C(=O)N(CCC)CCC)[C@H](O)C[NH2+]Cc1cc(OC)ccc1,8.3979397,4.000002842975538,1,BACE_16,Beta-secretase 1 (BACE-1)
Fc1cc(cc(F)c1)C[C@H](NC(=O)c1cc(cc(c1)C)C(=O)N(CCC)CCC)[C@H](O)[C@@H]1[NH2+]CCN(C1)C(=O)c1ccccc1,5.939302,1150.0004227393815,1,BACE_145,Beta-secretase 1 (BACE-1)
Fc1cc(cc(F)c1)C[C@H](NC(=O)c1cc(cc(c1)C)C(=O)N(CCC)CCC)[C@H](O)[C@@H]1[NH2+]CCN(Cc2ccccc2)C1=O,8.5228786,3.0000010035611844,1,BACE_12,Beta-secretase 1 (BACE-1)
Fc1cc(cc(F)c1)C[C@H](NC(=O)c1cc(cc(c1)C)C(=O)N(CCC)CCC)[C@H](O)[C@@H]1[NH2+]CC[C@@H](C1)C\C=C\C=C/C,7.8538718,14.000005297108746,1,BACE_41,Beta-secretase 1 (BACE-1)
Fc1cc(cc(F)c1)C[C@H](NC(=O)c1cc(cc(c1)C)C(=O)N(CCC)CCC)[C@H](O)[C@@H]1[NH2+]CC[C@H](OCC)C1,8.1549015,7.000007414098143,1,BACE_25,Beta-secretase 1 (BACE-1)
Fc1cc(cc(F)c1)C[C@H](NC(=O)c1cc(cc(c1)C)C(=O)N(CCC)CCC)[C@H](O)[C@@H]1[NH2+]CC[N@@H+](C1)Cc1ccccc1,6.9208188,119.99998727657167,1,BACE_104,Beta-secretase 1 (BACE-1)
Fc1cc(cc(F)c1)C[C@H](NC(=O)c1cc(cc(c1)C)C(=O)N(CCC)CCC)[C@H](O)[C@@H]1[NH2+]CN(Cc2ccccc2)C1=O,8.3010302,4.999997647495204,1,BACE_19,Beta-secretase 1 (BACE-1)
Fc1cc(cc(F)c1)C[C@H](NC(=O)c1cc(cc(c1)C)C(=O)N(CCC)CCC)[C@H](O)[C@@H]1[NH2+]C[C@H](OCc2ccccc2)C1,8.3010302,4.999997647495204,1,BACE_17,Beta-secretase 1 (BACE-1)
Fc1cc(cc(F)c1)C[C@H](NC(=O)c1cc(cc(c1)C)C(=O)N(CCC)CCC)[C@H](O)[C@@H]1[NH2+]C[C@H](Oc2ccccc2)C1,8.5228786,3.0000010035611844,1,BACE_11,Beta-secretase 1 (BACE-1)
Fc1cc(cc(OC)c1)-c1cc2c(OC(CC23N=C(N)N(C)C3=O)(C)C)cc1,7.2146702,60.99999508246877,1,BACE_730,Beta-secretase 1 (BACE-1)
Fc1cc(cc(c1)-c1cncnc1)C1(N=C(N)N(C)C1=O)c1ccc(OC(F)(F)F)cc1,6.4948502,319.99986860906455,1,BACE_974,Beta-secretase 1 (BACE-1)
Fc1cc(cc(c1)C#C)CC(NC(=O)COC)C(O)C[NH2+]C1CC2(Oc3ncc(cc13)CC(C)(C)C)CCC2,8.7212467,1.8999986833584104,1,BACE_286,Beta-secretase 1 (BACE-1)
Fc1cc(cc(c1)C(C)(C)C)C1([NH2+]CC(O)C(NC(=O)C)Cc2cc(F)cc(F)c2)CCCCC1,7.3372421,46.00000723621406,1,BACE_673,Beta-secretase 1 (BACE-1)
Fc1cc(ccc1)-c1cc(ccc1)C1(N=C(N)N(C)C1=O)c1ccncc1,7.3010302,49.99997647495204,1,BACE_692,Beta-secretase 1 (BACE-1)
Fc1cc(ccc1)-c1cc2c(OC(CC23N=C(N)N(C)C3=O)(C)C)cc1,7.004365,98.9999556403456,1,BACE_816,Beta-secretase 1 (BACE-1)
Fc1cc(ccc1)CC(NC(=O)C)C(O)C[NH2+]C1CC2(Oc3ncc(cc13)CC(C)(C)C)CCC2,9.0,1.0,1,BACE_279,Beta-secretase 1 (BACE-1)
Fc1cc(ccc1C(F)(F)F)CC(NC(=O)C)C(O)C[NH2+]C1CC2(Oc3ncc(cc13)CC(C)(C)C)CCC2,7.3565474,43.99999225089864,1,BACE_666,Beta-secretase 1 (BACE-1)
Fc1cc(ccc1C)CC(NC(=O)C)C(O)C[NH2+]C1CC2(Oc3ncc(cc13)CC(C)(C)C)CCC2,9.004365,0.989999556403456,1,BACE_278,Beta-secretase 1 (BACE-1)
Fc1cc(ccc1F)CC(NC(=O)C)C(O)C[NH2+]C1CC2(Oc3ncc(cc13)CC(C)(C)C)CCC2,8.6989698,2.000000941002362,1,BACE_287,Beta-secretase 1 (BACE-1)
Fc1cc(ccc1OC)C1(N=C(N)N(C)C1=O)c1cc(ccc1)-c1cccnc1,7.3010302,49.99997647495204,1,BACE_691,Beta-secretase 1 (BACE-1)
Fc1cc(ccc1OC)CC(NC(=O)C)C(O)C[NH2+]C1CC2(Oc3ncc(cc13)CC(C)(C)C)CCC2,8.4436979,3.599996677918719,1,BACE_317,Beta-secretase 1 (BACE-1)
Fc1cc(ccc1OC)[C@H](Cc1cc([N+](=O)[O-])ccc1OC)c1nc([nH]c1)N,5.4948502,3199.9986860906456,1,BACE_155,Beta-secretase 1 (BACE-1)
Fc1cc(cnc1)-c1cc(ccc1)C1(N=C(N)C2N1CCCC2)C,5.3979402,3999.998237804733,1,BACE_1281,Beta-secretase 1 (BACE-1)
Fc1cc(cnc1)-c1cc(ccc1)C1(N=C(N)[C@@H]2N1CCCC2)C,4.7958798,16000.008007253651,1,BACE_1396,Beta-secretase 1 (BACE-1)
Fc1cc(cnc1)-c1cc2c(CC(CC23N=C(OC3)N)(C)C)cc1,5.2335873,5839.998021765638,1,BACE_1310,Beta-secretase 1 (BACE-1)
Fc1cc(cnc1)-c1cc2c(OC(CC23N=C(N)N(C)C3=O)(C)C)cc1,6.8386321,144.99996586631832,1,BACE_879,Beta-secretase 1 (BACE-1)
Fc1ccc(F)cc1-c1cc(ccc1)[C@@]1(N=C(N)N(C)C1=O)c1ccncc1,5.419075,3810.000213394127,1,BACE_1274,Beta-secretase 1 (BACE-1)
Fc1ccc(F)cc1-c1cc(ccc1)[C@]1(N=C(N)N(C)C1=O)c1ccncc1,7.6989698,20.000009410023612,1,BACE_52,Beta-secretase 1 (BACE-1)
Fc1ccc(NC(=O)C(CC([NH3+])C(NC(=O)c2cc(ccc2)C(=O)N(CCC)CCC)Cc2ccccc2)C)cc1,7.5850267,25.999997128120995,1,BACE_252,Beta-secretase 1 (BACE-1)
Fc1ccc(NC(=O)c2ncc(OCC)cc2)cc1[C@]1(N=C(OCC1(F)F)N)C,6.7351823,183.9999478838612,1,BACE_113,Beta-secretase 1 (BACE-1)
Fc1ccc(NC(=O)c2ncc(cc2)C#N)cc1[C@]1(N=C(OCC1(F)F)N)C,7.6382723,22.999992796583264,1,BACE_54,Beta-secretase 1 (BACE-1)
Fc1ccc(NC(=O)c2ncc(cc2)C#N)cc1[C@]1(N=C(OCC1(F)F)N)CF,7.309804,48.999990970650195,1,BACE_77,Beta-secretase 1 (BACE-1)
Fc1ccc(NC(=O)c2ncc(cc2)C#N)cc1[C@]1(N=C(OCC1)N)C,7.2923999,51.00351413993639,1,BACE_78,Beta-secretase 1 (BACE-1)
Fc1ccc(NC(=O)c2ncc(cc2)C#N)cc1[C@]1(N=C(OCC1)N)C(F)F,7.2676063,53.999992561636866,1,BACE_80,Beta-secretase 1 (BACE-1)
Fc1ccc(NC(=O)c2ncc(cc2)C#N)cc1[C@]1(N=C(OC[C@@H]1F)N)C,7.5528421,27.99999153205545,1,BACE_61,Beta-secretase 1 (BACE-1)
Fc1ccc(NC(=O)c2ncc(cc2)C#N)cc1[C@]1(N=C(OC[C@@H]1F)N)CF,7.1135092,77.00001326684915,1,BACE_91,Beta-secretase 1 (BACE-1)
Fc1ccc(NC(=O)c2ncc(cc2)C#N)cc1[C@]1(N=C(OC[C@H]1F)N)C,6.3615108,434.9999429528431,1,BACE_128,Beta-secretase 1 (BACE-1)
Fc1ccc(NC(=O)c2ncc(cc2)C#N)cc1[C@]1(N=C(O[C@@H](C(F)(F)F)[C@@H]1F)N)C,7.3979402,39.999982378047335,1,BACE_69,Beta-secretase 1 (BACE-1)
Fc1ccc(NC(=O)c2ncc(cc2)C#N)cc1[C@]1(N=C(O[C@@H](C1)C(F)(F)F)N)C,7.9208188,11.99999872765717,1,BACE_38,Beta-secretase 1 (BACE-1)
Fc1ccc(NC(=O)c2ncc(cc2)C#N)cc1[C@]1(N=C(O[C@@H](C1)C(F)(F)F)N)CF,7.7212462,19.000008708139905,1,BACE_49,Beta-secretase 1 (BACE-1)
Fc1ccc(NC(=O)c2ncc(cc2)C#N)cc1[C@]1(N=C(O[C@H](C(F)(F)F)[C@@H]1F)N)C,7.8860564,13.000007414351716,1,BACE_40,Beta-secretase 1 (BACE-1)
Fc1ccc(NC(=O)c2ncc(cc2)C#N)cc1[C@]1(N=C(O[C@H](C1)C(F)(F)F)N)C,6.1101384,775.9997833351672,1,BACE_142,Beta-secretase 1 (BACE-1)
Fc1ccc(OC)cc1-c1cc(ccc1)C1(N=C(N2C1=NCC(F)(F)C2)N)c1ccncc1,7.54,28.84031503126606,1,BACE_573,Beta-secretase 1 (BACE-1)
Fc1ccc(OC)cc1-c1cc2c(OC(CC23N=C(N)N(C)C3=O)(C)C)cc1,7.221849,59.99996540823128,1,BACE_725,Beta-secretase 1 (BACE-1)
Fc1ccc(OC)cc1-c1cc2c(Oc3c(cc(OC)cc3)C23N=C(OC3)N)cc1,6.1307683,739.999966380135,1,BACE_1074,Beta-secretase 1 (BACE-1)
Fc1ccc(cc1)C1(N=C(C)C(=N1)N)c1cc(ccc1)-c1cccnc1,6.309804,489.999909706502,1,BACE_1029,Beta-secretase 1 (BACE-1)
Fc1ccc(cc1)CC1CC[NH2+]CC1,3.3010298999999996,500000.1101372411,1,BACE_196,Beta-secretase 1 (BACE-1)
Fc1ccc(cc1)C[C@H](NC(=O)C)[C@H](O)C[NH2+][C@H]1CC2(Oc3ncc(cc13)CC(C)(C)C)CCC2,8.3010302,4.999997647495204,1,BACE_21,Beta-secretase 1 (BACE-1)
Fc1ccc(cc1)Cc1cc(ccc1)C1([NH+]=C(N2C1=NCCC2)N)c1ccccc1,5.0861859,8200.004675293343,1,BACE_1339,Beta-secretase 1 (BACE-1)
Fc1ccc(cc1-c1cccnc1)C1(N=C(N2C1=NCC(F)(F)C2)N)c1cc(C)c(OC)cc1,7.4299998,37.15354001955079,1,BACE_634,Beta-secretase 1 (BACE-1)
Fc1ccc(cc1-c1cccnc1F)C1(N=C(N)N(C)C1=O)c1cc(C)c(OC)cc1,6.251812,559.9999651769192,1,BACE_1042,Beta-secretase 1 (BACE-1)
Fc1ccc(cc1-c1cccnc1F)C1(N=C(N)N(C)C1=O)c1cn(nc1)C(C)C,7.3979402,39.999982378047335,1,BACE_654,Beta-secretase 1 (BACE-1)
Fc1ccc(cc1-c1cccnc1F)C1(N=C(N)N(C)C1=O)c1cn(nc1)CC,7.5228786,30.000010035611844,1,BACE_596,Beta-secretase 1 (BACE-1)
Fc1ccc(cc1-c1cccnc1F)[C@@]1(N=C(N)N(C)C1=O)c1cc(C)c(OC)cc1,8.0,10.0,1,BACE_398,Beta-secretase 1 (BACE-1)
Fc1ccc(cc1-c1cncnc1)C1(N=C(N)N(C)C1=O)c1cc(C)c(OC)cc1,7.6989698,20.000009410023612,1,BACE_494,Beta-secretase 1 (BACE-1)
Fc1ccc(cc1-c1cncnc1)C1(N=C(N)N(C)C1=O)c1cn(nc1)C(C)C,7.09691,80.00000239617253,1,BACE_781,Beta-secretase 1 (BACE-1)
Fc1ccc(cc1-c1cncnc1)C1(N=C(N)N(C)C1=O)c1cn(nc1)CC,7.3979402,39.999982378047335,1,BACE_653,Beta-secretase 1 (BACE-1)
Fc1ccc(cc1-c1cncnc1)C1(N=C(N)N(C)C1=O)c1cn(nc1)CC(F)(F)F,6.9208188,119.99998727657167,1,BACE_847,Beta-secretase 1 (BACE-1)
Fc1ccc(cc1-c1cncnc1)C1(N=C(N)c2c1cc(F)cc2F)c1cc(ncc1)C(F)F,7.4412913,36.20001079152582,1,BACE_633,Beta-secretase 1 (BACE-1)
Fc1ccc(cc1-c1cncnc1)C1(N=C(N)c2c1cccc2F)c1cc(ncc1)C(F)F,7.4546928,35.10000675129428,1,BACE_625,Beta-secretase 1 (BACE-1)
Fc1ccc(cc1-c1cncnc1)[C@@]1(N=C(N)N(C)C1=O)c1ccc(OC(F)(F)F)cc1,5.8569851,1390.000319246109,1,BACE_1163,Beta-secretase 1 (BACE-1)
Fc1ccc(cc1-c1cncnc1)[C@]1(N=C(N)N(C)C1=O)c1ccc(OC(F)(F)F)cc1,7.6989698,20.000009410023612,1,BACE_51,Beta-secretase 1 (BACE-1)
Fc1ccc(cc1-c1cncnc1)[C@]1([NH+]=C(N)c2c1cccc2F)c1cc(ncc1)C(F)(F)F,6.7033348,198.00000443988324,1,BACE_118,Beta-secretase 1 (BACE-1)
Fc1ccc(cc1C#C)CC(NC(=O)COC)C(O)C[NH2+]C1CC2(Oc3ncc(cc13)CC(C)(C)C)CCC2,8.431798,3.7000023508298705,1,BACE_319,Beta-secretase 1 (BACE-1)
Fc1ccc(cc1C#CC)[C@]1(N=C(N)N(C)C1=O)c1ccc(OC(F)F)cc1,7.3872161,41.00000408591639,1,BACE_658,Beta-secretase 1 (BACE-1)
Fc1ccc(cc1C#CC1CC1)[C@]1(N=C(N)N(C)C1=O)c1cc(C)c(OC(F)F)cc1,7.6989698,20.000009410023612,1,BACE_510,Beta-secretase 1 (BACE-1)
Fc1ccc(cc1C#CC1CC1)[C@]1(N=C(N)N(C)C1=O)c1ccc(OC(F)F)cc1,7.6989698,20.000009410023612,1,BACE_509,Beta-secretase 1 (BACE-1)
Fc1ccc(cc1C#CCCC)[C@]1(N=C(N)N(C)C1=O)c1cc(C)c(OC(F)F)cc1,7.5228786,30.000010035611844,1,BACE_591,Beta-secretase 1 (BACE-1)
Fc1ccc(cc1C#CCCCF)[C@]1(N=C(N)N(C)C1=O)c1ccc(OC(F)F)cc1,7.8538718,14.000005297108746,1,BACE_42,Beta-secretase 1 (BACE-1)
Fc1ccc(cc1C#CCF)[C@]1(N=C(N)N(C)C1=O)c1cc(C)c(OC(F)F)cc1,7.6989698,20.000009410023612,1,BACE_511,Beta-secretase 1 (BACE-1)
Fc1ccc(cc1C#CCOC)[C@]1(N=C(N)N(C)C1=O)c1cc(C)c(OC(F)F)cc1,7.8860564,13.000007414351716,1,BACE_439,Beta-secretase 1 (BACE-1)
Fc1ccc(cc1C#CCOC)[C@]1(N=C(N)N(C)C1=O)c1ccc(OC(F)F)cc1,7.9208188,11.99999872765717,1,BACE_431,Beta-secretase 1 (BACE-1)
Fc1ccc(cc1C#N)CC(NC(=O)C)C(O)C[NH2+]C1CC2(Oc3ncc(cc13)CC(C)(C)C)CCC2,8.6197891,2.3999981116326214,1,BACE_296,Beta-secretase 1 (BACE-1)
Fc1ccc(cc1C(F)(F)F)CC(NC(=O)C)C(O)C[NH2+]C1CC2(Oc3ncc(cc13)CC(C)(C)C)CCC2,7.9586072,11.000002908762928,1,BACE_418,Beta-secretase 1 (BACE-1)
Fc1ccc(cc1C)CC(NC(=O)C)C(O)C[NH2+]C1CC2(Oc3ncc(cc13)CC(C)(C)C)CCC2,8.3979397,4.000002842975538,1,BACE_321,Beta-secretase 1 (BACE-1)
Fc1ccc(cc1CC(NC(=O)COC)C(O)C[NH2+]C1CC2(Oc3ncc(cc13)CC(C)(C)C)CCC2)C#C,8.5376024,2.8999973430322177,1,BACE_306,Beta-secretase 1 (BACE-1)
Fc1ccc(cc1OC(F)(F)F)CC(NC(=O)C)C(O)C[NH2+]C1CC2(Oc3ncc(cc13)CC(C)(C)C)CCC2,8.6777811,2.099998091293144,1,BACE_294,Beta-secretase 1 (BACE-1)
Fc1ccc(cc1OC)CC(NC(=O)C)C(O)C[NH2+]C1CC2(Oc3ncc(cc13)CC(C)(C)C)CCC2,8.3467875,4.499999857264952,1,BACE_327,Beta-secretase 1 (BACE-1)
Fc1ccc(cc1OCC(F)F)[C@]1(N=C(N)N(C)C1=O)c1cc(C)c(OC(F)F)cc1,7.154902,69.99999355046413,1,BACE_750,Beta-secretase 1 (BACE-1)
Fc1ccc(cc1OCC(F)F)[C@]1(N=C(N)N(C)C1=O)c1ccc(OC(F)F)cc1,7.154902,69.99999355046413,1,BACE_749,Beta-secretase 1 (BACE-1)
Fc1ccc(cc1OCCCCF)[C@]1(N=C(N)N(C)C1=O)c1ccc(OC(F)F)cc1,7.0,100.0,1,BACE_822,Beta-secretase 1 (BACE-1)
Fc1ccc(cc1OCCCF)[C@]1(N=C(N)N(C)C1=O)c1ccc(OC(F)F)cc1,8.0,10.0,1,BACE_407,Beta-secretase 1 (BACE-1)
Fc1ccc(cc1OCCF)[C@]1(N=C(N)N(C)C1=O)c1ccc(OC(F)F)cc1,6.9208188,119.99998727657167,1,BACE_845,Beta-secretase 1 (BACE-1)
Fc1ccc(cc1OCC\C=C(\F)/F)[C@]1(N=C(N)N(C)C1=O)c1ccc(OC(F)F)cc1,7.5228786,30.000010035611844,1,BACE_589,Beta-secretase 1 (BACE-1)
Fc1ccc(nc1)C(=O)Nc1cc(ccc1)C12N=C(OC1COCC2)N,4.5638375,27299.99075693538,1,BACE_1436,Beta-secretase 1 (BACE-1)
Fc1ccccc1C(=O)NC(Cc1cc2OCOc2cc1)C(O)C[NH2+]C1CC2(Oc3ncc(cc13)CC(C)(C)C)CCC2,7.1157713,76.59998771834039,1,BACE_767,Beta-secretase 1 (BACE-1)
Fc1ccccc1CC(NC(=O)C)C(O)C[NH2+]C1CC2(Oc3ncc(cc13)CC(C)(C)C)CCC2,8.4436979,3.599996677918719,1,BACE_316,Beta-secretase 1 (BACE-1)
Fc1ccncc1-c1cc(ccc1)C1(N=C(OC1)N)c1ccc(OC)cc1,5.0861859,8200.004675293343,1,BACE_1340,Beta-secretase 1 (BACE-1)
Fc1ncc(cc1)-c1cc2c(Oc3c(cc(OC)cc3)C23N=C(OC3)N)cc1,6.0457573,900.0003949040395,1,BACE_1107,Beta-secretase 1 (BACE-1)
Fc1ncc(cc1)C(=O)NC(Cc1cc2OCOc2cc1)C(O)C[NH2+]C1CC2(Oc3ncc(cc13)CC(C)(C)C)CCC2,7.3151546,48.40000427454323,1,BACE_683,Beta-secretase 1 (BACE-1)
Fc1ncccc1-c1cc(ccc1)C1(N=C(N)N(C)C1=O)c1cc(C)c(OC)cc1,7.6989698,20.000009410023612,1,BACE_495,Beta-secretase 1 (BACE-1)
Fc1ncccc1-c1cc(ccc1)C1(N=C(N)N(C)C1=O)c1cc(nc(c1)CC)CC,8.0,10.0,1,BACE_400,Beta-secretase 1 (BACE-1)
Fc1ncccc1-c1cc(ccc1)C1(N=C(N)N(C)C1=O)c1ccc(OC(F)(F)F)cc1,7.221849,59.99996540823128,1,BACE_719,Beta-secretase 1 (BACE-1)
Fc1ncccc1-c1cc(ccc1)C1(N=C(N)N(C)C1=O)c1ccncc1,7.5228786,30.000010035611844,1,BACE_582,Beta-secretase 1 (BACE-1)
Fc1ncccc1-c1cc(ccc1)C1(N=C(N)N(C)C1=O)c1cn(nc1)C1CCCC1,7.6989698,20.000009410023612,1,BACE_519,Beta-secretase 1 (BACE-1)
Fc1ncccc1-c1cc(ccc1)C1(N=C(N)N(C)C1=O)c1cn(nc1)CC,8.0,10.0,1,BACE_412,Beta-secretase 1 (BACE-1)
Fc1ncccc1-c1cc(ccc1)C1(N=C(N)N(C)C1=O)c1cn(nc1)CC(C)C,7.6989698,20.000009410023612,1,BACE_516,Beta-secretase 1 (BACE-1)
Fc1ncccc1-c1cc(ccc1)C1(N=C(N)N(C)C1=O)c1cn(nc1)CC(CC)CC,7.6989698,20.000009410023612,1,BACE_518,Beta-secretase 1 (BACE-1)
Fc1ncccc1-c1cc(ccc1)C1(N=C(N)N(C)C1=O)c1cn(nc1)CC(F)(F)F,7.5228786,30.000010035611844,1,BACE_597,Beta-secretase 1 (BACE-1)
Fc1ncccc1-c1cc(ccc1)C1(N=C(N)N(C)C1=O)c1cn(nc1)CCC(C)(C)C,7.6989698,20.000009410023612,1,BACE_517,Beta-secretase 1 (BACE-1)
Fc1ncccc1-c1cc(ccc1)C1(N=C(N)N(C)C1=O)c1cn(nc1)CCC(C)C,7.7958798,16.000008007253655,1,BACE_464,Beta-secretase 1 (BACE-1)
Fc1ncccc1-c1cc(ccc1)C1(N=C(N)N(C)C1=O)c1cn(nc1)CCCC,8.0,10.0,1,BACE_413,Beta-secretase 1 (BACE-1)
Fc1ncccc1-c1cc(ccc1)C1(N=C(N)N(C)C1=O)c1cn(nc1)CCF,7.3010302,49.99997647495204,1,BACE_699,Beta-secretase 1 (BACE-1)
Fc1ncccc1-c1cc(ccc1)C1(N=C(N2C1=NCC(F)(F)C2)N)c1ccc(OC(F)F)cc1,7.52,30.199517204020193,1,BACE_601,Beta-secretase 1 (BACE-1)
Fc1ncccc1-c1cc(ccc1)C1(N=C(N2C1=NOCC2)N)c1ccc(OC(F)(F)F)cc1,7.5228786,30.000010035611844,1,BACE_578,Beta-secretase 1 (BACE-1)
Fc1ncccc1-c1cc(ccc1)C1(N=C(OC1)N)c1ccc(OC(F)F)cc1,5.9172144,1210.000639927931,1,BACE_1142,Beta-secretase 1 (BACE-1)
Fc1ncccc1-c1cc(ccc1)C1([NH+]=C(N2C1=NCC2)N)c1ccc(OC(F)(F)F)cc1,7.09691,80.00000239617253,1,BACE_775,Beta-secretase 1 (BACE-1)
Fc1ncccc1-c1cc(ccc1)C1([NH+]=C(N2C1=NCCC2)N)c1cc(OCC)c(OCC)cc1,7.09691,80.00000239617253,1,BACE_774,Beta-secretase 1 (BACE-1)
Fc1ncccc1-c1cc(ccc1)C1([NH+]=C(N2C1=NCCC2)N)c1cc2OCOc2cc1,6.7958798,160.00008007253652,1,BACE_889,Beta-secretase 1 (BACE-1)
Fc1ncccc1-c1cc(ccc1)C1([NH+]=C(N2C1=NCCC2)N)c1ccc(OC(F)(F)F)cc1,7.221849,59.99996540823128,1,BACE_716,Beta-secretase 1 (BACE-1)
Fc1ncccc1-c1cc(ccc1)C1([NH+]=C(N2C1=NCCC2)N)c1ccc(OC)cc1,7.154902,69.99999355046413,1,BACE_743,Beta-secretase 1 (BACE-1)
Fc1ncccc1-c1cc(ccc1)C1([NH+]=C(N2C1=NCCCC2)N)c1ccc(OC(F)(F)F)cc1,7.09691,80.00000239617253,1,BACE_776,Beta-secretase 1 (BACE-1)
Fc1ncccc1-c1cc(ccc1)C12N=C(OC1CCCC2)N,4.3306832,46699.99133666843,1,BACE_1474,Beta-secretase 1 (BACE-1)
Fc1ncccc1-c1cc(ccc1)[C@@]1(N=C(N)N(C)C1=O)c1cn(nc1)CC,5.7077441,1959.9992266569316,1,BACE_1206,Beta-secretase 1 (BACE-1)
Fc1ncccc1-c1cc(ccc1)[C@@]1([NH+]=C(N2C1=NCCC2)N)c1ccc(OC(F)(F)F)cc1,6.4317985,369.99980910471976,1,BACE_992,Beta-secretase 1 (BACE-1)
Fc1ncccc1-c1cc(ccc1)[C@]1(N=C(N)N(C)C1=O)c1ccc(OC(F)(F)F)cc1,7.221849,59.99996540823128,1,BACE_721,Beta-secretase 1 (BACE-1)
Fc1ncccc1-c1cc(ccc1)[C@]1(N=C(N)N(C)C1=O)c1ccc(OC(F)F)cc1,8.0,10.0,1,BACE_402,Beta-secretase 1 (BACE-1)
Fc1ncccc1-c1cc(ccc1)[C@]1(N=C(N)N(C)C1=O)c1ccc(OC)cc1,7.5228786,30.000010035611844,1,BACE_583,Beta-secretase 1 (BACE-1)
Fc1ncccc1-c1cc(ccc1)[C@]1(N=C(N)N(C)C1=O)c1ccc(OCCF)cc1,7.5228786,30.000010035611844,1,BACE_584,Beta-secretase 1 (BACE-1)
Fc1ncccc1-c1cc(ccc1)[C@]1(N=C(OC1)N)c1ccc(OC)cc1,5.545155,2850.000918675751,1,BACE_153,Beta-secretase 1 (BACE-1)
Fc1ncccc1-c1cc(ccc1)[C@]1([NH+]=C(N2C1=NCCC2)N)c1cc2OC(F)(F)Oc2cc1,6.1307683,739.999966380135,1,BACE_1073,Beta-secretase 1 (BACE-1)
Fc1ncccc1-c1cc(ccc1)[C@]1([NH+]=C(N2C1=NCCC2)N)c1cc2OCCOc2cc1,6.7212462,190.00008708139907,1,BACE_909,Beta-secretase 1 (BACE-1)
Fc1ncccc1-c1cc(ccc1)[C@]1([NH+]=C(N2C1=NCCC2)N)c1ccc(OC(F)(F)F)cc1,7.6989698,20.000009410023612,1,BACE_493,Beta-secretase 1 (BACE-1)
Fc1ncccc1-c1cc(ccc1)[C@]1([NH+]=C(N2C1=NCCCCC2)N)c1ccc(OC(F)(F)F)cc1,6.8860564,130.00007414351717,1,BACE_857,Beta-secretase 1 (BACE-1)
Fc1ncccc1-c1cc(ccc1)[C@]1([NH+]=C(N2CC(N=C12)(C)C)N)c1ccc(OC(F)(F)F)cc1,6.7212462,190.00008708139907,1,BACE_910,Beta-secretase 1 (BACE-1)
Fc1ncccc1-c1cc2c(CC(CC23N=C(N)N(C)C3=O)(C)C)cc1,7.5228786,30.000010035611844,1,BACE_599,Beta-secretase 1 (BACE-1)
Fc1ncccc1-c1cc2c(CC(CC23N=C(OC3)N)(C)C)cc1,5.7194219,1907.99881218355,1,BACE_1204,Beta-secretase 1 (BACE-1)
Fc1ncccc1-c1cc2c(OC(CC23N=C(N)N(C)C3=O)(C)C)cc1,6.8860569,129.99992447548703,1,BACE_856,Beta-secretase 1 (BACE-1)
Fc1ncccc1-c1cc2c(Oc3c(cc(OC)cc3)C23N=C(OC3)N)cc1,6.09691,800.0000239617253,1,BACE_1087,Beta-secretase 1 (BACE-1)
Fc1ncccc1C(=O)NC(Cc1cc2OCOc2cc1)C(O)C[NH2+]C1CC2(Oc3ncc(cc13)CC(C)(C)C)CCC2,7.4788618,33.200008890342104,1,BACE_619,Beta-secretase 1 (BACE-1)
IC1=CN=C(NC1=O)C(NC1=NC(Cc2c1ccc(Cl)c2)(C)C)Cc1ccccc1,6.2291479,590.0001200363863,1,BACE_1052,Beta-secretase 1 (BACE-1)
Ic1cc(cc(c1)C(C)(C)C)C1([NH2+]CC(O)C(NC(=O)C)Cc2cc(F)cc(F)c2)CCCCC1,6.6516953,222.99991627862076,1,BACE_929,Beta-secretase 1 (BACE-1)
Ic1cc(ccc1)C1([NH2+]CC(O)C(NC(=O)C)Cc2cc(F)cc(F)c2)CCCCC1,6.3372421,460.0000723621406,1,BACE_1021,Beta-secretase 1 (BACE-1)
Ic1cc(ccc1)C[NH2+]C[C@@H](O)[C@@H](NC(=O)c1cc(cc(c1)C)C(=O)N(CCC)CCC)Cc1cc(F)cc(F)c1,8.3010302,4.999997647495204,1,BACE_18,Beta-secretase 1 (BACE-1)
O(C(=O)C1=CN(C=C(C(=O)N[C@H]([C@H](O)C[NH2+]C2CC2)Cc2ccccc2)[C@@H]1C)CC(OC(C)C)=O)C(C)(C)C,4.4962091,31900.015934988693,1,BACE_1451,Beta-secretase 1 (BACE-1)
O(C(=O)C1=CN(C=C(C(=O)N[C@H]([C@H](O)C[NH2+]C2CC2)Cc2ccccc2)[C@@H]1CCC)CC(OC(C)C)=O)C(C)(C)C,4.6090651,24599.988268923244,1,BACE_1425,Beta-secretase 1 (BACE-1)
O(C(=O)C1[NH2+]CC2(C1)c1c(NC2=O)cccc1)C1CCN(CC1)C(=O)C,4.0772743,83700.04664109406,1,BACE_1493,Beta-secretase 1 (BACE-1)
O(C(=O)C=1[C@@H](C)C(=CN(CC(OC(C)C)=O)C=1C)C(=O)N[C@H]([C@H](O)C[NH2+]C1CC1)Cc1ccccc1)Cc1ccccc1,4.7931743,16099.993474215466,1,BACE_1398,Beta-secretase 1 (BACE-1)
O(C(=O)C=1[C@@H](C)C(C(=O)N[C@H]([C@H](O)C[NH2+]C2CC2)Cc2ccccc2)=C(N(CC(=O)N(C(C)C)C)C=1C)C)Cc1ccccc1,4.5497508,28200.005953090353,1,BACE_1437,Beta-secretase 1 (BACE-1)
O(C(=O)C=1[C@@H](C)C(C(=O)N[C@H]([C@H](O)C[NH2+]C2CC2)Cc2ccccc2)=C(N(CCCOC(=O)C)C=1C)C)Cc1ccccc1,4.5702477,26900.00123864164,1,BACE_1433,Beta-secretase 1 (BACE-1)
O(C(=O)C=1[C@H](C)C(C(=O)N[C@H]([C@H](O)C[NH2+]C2CC2)Cc2ccccc2)=C(N(CC(=O)N(C)C)C=1C)C)Cc1ccccc1,4.4078231,39100.01283880584,1,BACE_1464,Beta-secretase 1 (BACE-1)
O(C(=O)CN1C(C)=C(C(=O)N[C@H]([C@H](O)C[NH2+]C2CC2)Cc2ccccc2)[C@@H](C)C(C(=O)NOCc2ccccc2)=C1C)CC,4.8096681,15500.007203317897,1,BACE_1394,Beta-secretase 1 (BACE-1)
O(C(=O)CN1C(C)=C(C(=O)N[C@H]([C@H](O)C[NH2+]C2CC2)Cc2ccccc2)[C@H](C)C(C(=O)NOCc2ccccc2)=C1C)C,4.8181562,15200.007421784943,1,BACE_1393,Beta-secretase 1 (BACE-1)
O(C(=O)[C@@H]1[NH2+]C[C@]2(C1)c1c(NC2=O)cccc1)C1(CCCCC1)C#N,4.5951662,25400.00487653851,1,BACE_176,Beta-secretase 1 (BACE-1)
O(C(=O)[C@H]1N(CCC1)C(=O)[C@H](N(C(=O)[C@@H](NC(=O)[C@@H](NC(=O)C[C@H](O)[C@@H](NC(=O)[C@@H](N(C(=O)[C@@H](NC(=O)[C@@H](O)C)C(C)C)C)CCC(=O)N)CC1CCCCC1)CC(C)C)C)C)CC1CCCCC1)C,6.7235384,188.99991114615625,1,BACE_114,Beta-secretase 1 (BACE-1)
O(C(C)(C)C)C(=O)N[C@@H](C(C)C)C(=O)N([C@@H](CCC(=O)N)C(=O)N[C@H]([C@@H](O)CC(=O)N[C@@H](CC(C)C)C(=O)N[C@H](C(=O)N([C@H](Cc1ccccc1)C(=O)N1CCC[C@@H]1C(OC)=O)C)C)Cc1ccccc1)C,7.3115802,48.79999752764014,1,BACE_75,Beta-secretase 1 (BACE-1)
O(C(C)(C)C)C(=O)N[C@@H](CC(C)C)C(=O)N[C@@H](Cc1ccccc1)C(=O)N[C@H]([C@@H](O)C[C@H](C(=O)NCC(C)C)C)CC(C)C,5.6363878,2310.001170747724,1,BACE_1225,Beta-secretase 1 (BACE-1)
O(C(C)C)C(=O)CN1C(C)=C(C(=O)C)[C@@H](C)C(C(=O)N[C@H]([C@H](O)C[NH2+]C2CC2)Cc2ccccc2)=C1C,4.5331326,29299.98513365,1,BACE_1439,Beta-secretase 1 (BACE-1)
O(C(C)C)C(=O)CN1C(C)=C(C(=O)C)[C@@H](CCC)C(C(=O)N[C@H]([C@H](O)C[NH2+]C2CC2)Cc2ccccc2)=C1C,4.4801722,33099.98523127709,1,BACE_1454,Beta-secretase 1 (BACE-1)
O(C(C)C)C(=O)CN1C(C)=C(C(=O)N[C@H]([C@H](O)C[NH2+]C2CC2)Cc2ccccc2)[C@@H](C)C(C(=O)NOCc2ccccc2)=C1C,5.0457573,9000.003949040394,1,BACE_1345,Beta-secretase 1 (BACE-1)
O(C(C)C)C(=O)CN1C=C(C(=O)N[C@H](C)c2ccccc2)[C@@H](C)C(=C1)C(=O)N[C@H]([C@H](O)C[NH2+]C1CC1)Cc1ccccc1,4.4841261,32800.00425116394,1,BACE_1453,Beta-secretase 1 (BACE-1)
O(C(C)C)C(=O)CN1C=C(C(=O)N[C@H](C)c2ccccc2)[C@@H](CCC)C(=C1)C(=O)N[C@H]([C@H](O)C[NH2+]C1CC1)Cc1ccccc1,4.5287085,29599.985614961017,1,BACE_1442,Beta-secretase 1 (BACE-1)
O(C(C)C)c1cc(ccc1)-c1ccc(cc1)C1CC1C=1N=C(N)N(C)C(=O)C=1,4.2676063,53999.992561636864,1,BACE_1481,Beta-secretase 1 (BACE-1)
O(C(C)C)c1cc(ccc1OC)C1(N=C(N)N(C)C1=O)c1cc(ccc1)-c1cccnc1,7.221849,59.99996540823128,1,BACE_718,Beta-secretase 1 (BACE-1)
O(C)C1CC(N=C1N)(c1cc(ccc1)-c1cccnc1)c1ccc(OC)cc1,5.4948502,3199.9986860906456,1,BACE_1258,Beta-secretase 1 (BACE-1)
O(C)c1c(cc(cc1C)C1(N=C(C)C(=N1)N)c1cc(ccc1)-c1cc(cnc1)C#CC)C,7.5850267,25.999997128120995,1,BACE_557,Beta-secretase 1 (BACE-1)
O(C)c1c(cc(cc1C)[C@@]1(N=C(C)C(=N1)N)c1cc(ccc1)-c1cncnc1)C,5.8239088,1499.9997960289174,1,BACE_1176,Beta-secretase 1 (BACE-1)
O(C)c1c(cc(cc1C)[C@@]1([NH+]=C(N)C(=N1)C)c1cc(ccc1)-c1cncnc1)C,7.9208188,11.99999872765717,1,BACE_36,Beta-secretase 1 (BACE-1)
O(C)c1cc(NC[C@@H](O)[C@@H](NC(=O)C2=CN(C=C(C(=O)N[C@H](C)c3ccccc3)[C@H]2CCC)CC(OC(C)C)=O)Cc2ccccc2)ccc1,4.5058455,31199.9932456542,1,BACE_1450,Beta-secretase 1 (BACE-1)
O(C)c1cc(NC[C@@H](O)[C@@H](NC(=O)C2=CN(C=C(C(OC(C)(C)C)=O)[C@H]2CCC)CC(OC(C)C)=O)Cc2ccccc2)ccc1,4.5171266,30399.98714764942,1,BACE_1449,Beta-secretase 1 (BACE-1)
O(C)c1cc(NC[C@@H](O)[C@@H](NC(=O)C=2[C@H](CCC)C(C(=O)C)=C(N(CC(OC(C)C)=O)C=2C)C)Cc2ccccc2)ccc1,4.5751185,26599.99163151739,1,BACE_1431,Beta-secretase 1 (BACE-1)
O(C)c1cc(ccc1)-c1cc(ccc1)C1(N=C(C)C(=N1)N)C,5.4559321,3499.998836674418,1,BACE_1268,Beta-secretase 1 (BACE-1)
O(C)c1cc(ccc1)-c1cc(ccc1)C1(N=C(C)C(=N1)N)C1CCN(CC1)C(=O)C,6.09691,800.0000239617253,1,BACE_1088,Beta-secretase 1 (BACE-1)
O(C)c1cc(ccc1)-c1cc(ccc1)C1(N=C(C)C(=N1)N)c1ccncc1,6.7695513,169.9999133438289,1,BACE_898,Beta-secretase 1 (BACE-1)
O(C)c1cc(ccc1)-c1cc(ccc1)C1(N=C(N)CN1C(=O)C)C,4.6989698,20000.009410023613,1,BACE_1409,Beta-secretase 1 (BACE-1)
O(C)c1cc(ccc1)-c1cc(ccc1)C1(N=C(N)N(C)C(=O)C1)C,6.5686364,269.9998979427093,1,BACE_259,Beta-secretase 1 (BACE-1)
O(C)c1cc(ccc1)-c1cc(ccc1)C1(N=C(N)N(C)C1=O)c1ccncc1,7.5228786,30.000010035611844,1,BACE_581,Beta-secretase 1 (BACE-1)
O(C)c1cc(ccc1)-c1cc(ccc1)C1(NC(=[NH2+])N(C)C1=O)c1ccccc1,6.7212462,190.00008708139907,1,BACE_258,Beta-secretase 1 (BACE-1)
O(C)c1cc(ccc1)-c1cc(ccc1)C1CC1C1(N=C(N)N(C)C(=O)C1)C,5.4814858,3300.0019765464795,1,BACE_1261,Beta-secretase 1 (BACE-1)
O(C)c1cc(ccc1)-c1cc(ccc1)CCC=1N=C(N)N(C)C(=O)C=1,5.3767509,4199.998158689458,1,BACE_1287,Beta-secretase 1 (BACE-1)
O(C)c1cc(ccc1)-c1cc(ccc1)CC[C@]1(N=C(N)N(C)C(=O)C1)C,6.6989698,200.0000941002361,1,BACE_119,Beta-secretase 1 (BACE-1)
O(C)c1cc(ccc1)-c1cc(ccc1)CCc1nc(N)ccc1,4.6020598,25000.01101372527,1,BACE_175,Beta-secretase 1 (BACE-1)
O(C)c1cc(ccc1)-c1cc(ccc1)[C@@H]1C[C@@H]1C=1N=C(N)N(C)C(=O)C=1,5.3372421,4600.000723621406,1,BACE_161,Beta-secretase 1 (BACE-1)
O(C)c1cc(ccc1)-c1cc(ccc1)[C@]1(N=C(N)N(C)C(=O)C1)C,6.4202166,379.9998279638034,1,BACE_125,Beta-secretase 1 (BACE-1)
O(C)c1cc(ccc1)-c1ccc(cc1)C1CC1C=1N=C(N)N(C)C(=O)C=1,4.8446641,14299.99547369318,1,BACE_1390,Beta-secretase 1 (BACE-1)
O(C)c1cc(ccc1)C(=O)NCC(O)C(NC(=O)c1c2cccnc2n(c1)C(=O)N(CCCC)C)Cc1ccccc1,4.0,100000.0,1,BACE_1502,Beta-secretase 1 (BACE-1)
O(C)c1cc(ccc1)C(=O)Nc1cc(ccc1)C1(N=C(N)N(C)C1=O)C1CCCCC1,5.8664613,1359.9993474855432,1,BACE_1157,Beta-secretase 1 (BACE-1)
O(C)c1cc(ccc1)C([NH2+]CC(O)C(NC(=O)c1cc(N2CCCC2=O)c2c(n(cc2)CC)c1)Cc1ccccc1)(C)C,4.4559321,34999.988366744175,1,BACE_1457,Beta-secretase 1 (BACE-1)
O(C)c1cc(ccc1)C1(N=C(N)N(C)C1=O)c1ccccc1,5.4596705,3470.000201420178,1,BACE_1266,Beta-secretase 1 (BACE-1)
O(C)c1cc(ccc1)CN1CC(NC1=O)C(=O)NC(Cc1ccccc1)C(O)C[NH2+]Cc1cc(N(C)C)ccc1,6.3477535,449.0001643804472,1,BACE_260,Beta-secretase 1 (BACE-1)
O(C)c1cc(ccc1)C[NH2+]CC(O)C(NC(=O)C(N1CCC(NC(=O)C)(CC2CC2)C1=O)CCc1ccccc1)Cc1ccccc1,7.9586072,11.000002908762928,1,BACE_425,Beta-secretase 1 (BACE-1)
O(C)c1cc(ccc1)C[NH2+]CC(O)C(NC(=O)c1c2c(n(c1)C(=O)N(CC)CC)cccc2)Cc1ccccc1,5.8239088,1499.9997960289174,1,BACE_1174,Beta-secretase 1 (BACE-1)
O(C)c1cc(ccc1)C[NH2+]CC(O)C(NC(=O)c1c2c(n(c1)C(=O)N(CCC)CCC)cccc2)Cc1ccccc1,6.6197886,240.00008747341525,1,BACE_938,Beta-secretase 1 (BACE-1)
O(C)c1cc(ccc1)C[NH2+]CC(O)C(NC(=O)c1c2c(n(c1)CCCC)cccc2)Cc1ccccc1,4.4202166,37999.98279638034,1,BACE_1461,Beta-secretase 1 (BACE-1)
O(C)c1cc(ccc1)C[NH2+]CC(O)C(NC(=O)c1cc(N2CCCC2=O)c2NC(=O)N(c2c1)CC)Cc1ccccc1,6.3767509,419.99981586894586,1,BACE_1011,Beta-secretase 1 (BACE-1)
O(C)c1cc(ccc1)C[NH2+]C[C@@H](O)[C@@H](NC(=O)C1=CN(CC(OC(C)C)=O)C(C)=C(C(=O)C)[C@H]1C)Cc1ccccc1,4.5833597,26099.987539496666,1,BACE_1429,Beta-secretase 1 (BACE-1)
O(C)c1cc(ccc1)C[NH2+]C[C@@H](O)[C@@H](NC(=O)C=1[C@H](CCC)C(C(=O)C)=C(N(CC(OC(C)C)=O)C=1C)C)Cc1ccccc1,4.6345119,23200.006149125995,1,BACE_1420,Beta-secretase 1 (BACE-1)
O(C)c1cc(ccc1)C[NH2+]C[C@@H](O)[C@@H](NC(=O)[C@@H](N1CC[C@](NC(=O)C)([C@H](CC)C)C1=O)CCc1ccccc1)Cc1ccccc1,8.3010302,4.999997647495204,1,BACE_22,Beta-secretase 1 (BACE-1)
O(C)c1cc(ccc1)C[NH2+]C[C@@H](O)[C@@H](NC(=O)c1c2c(n(c1)C(=O)N(CCCC)CCCC)cccc2)Cc1ccccc1,7.0268722,93.99998839872129,1,BACE_98,Beta-secretase 1 (BACE-1)
O(C)c1cc(ccc1)C[NH2+]C[C@@H](O)[C@@H](NC(=O)c1cc(N2CCCC2=O)c2c(n(cc2)CC)c1)CC=1CCC=CC=1,7.6382723,22.999992796583264,1,BACE_53,Beta-secretase 1 (BACE-1)
O(C)c1cc(ccc1)C[NH2+]C[C@@H](O)[C@@H](NC(=O)c1cc(ccc1)C(=O)N(CCC)CCC)Cc1ccccc1,6.7212462,190.00008708139907,1,BACE_116,Beta-secretase 1 (BACE-1)
O(C)c1cc(ccc1)[C@]1([NH+]=C(N2C1=NCCC2)N)c1ccccc1,4.6925039,20300.00290209044,1,BACE_1410,Beta-secretase 1 (BACE-1)
O(C)c1cc(ccc1OC)C(=O)N[C@@H](Cc1ccc([N+](=O)[O-])cc1)C(=O)N[C@H]([C@@H](O)C[C@H](C(=O)NCC(C)C)C)CC(C)C,5.419075,3810.000213394127,1,BACE_1273,Beta-secretase 1 (BACE-1)
O(C)c1cc(ccc1OC)C1(N=C(N)N(C)C1=O)C12CC3CC(C1)CC(C2)C3,6.5686364,269.9998979427093,1,BACE_953,Beta-secretase 1 (BACE-1)
O(C)c1cc(ccc1OC)C1(N=C(N)N(C)C1=O)c1cc(ccc1)-c1cccnc1,7.0457573,90.00003949040395,1,BACE_798,Beta-secretase 1 (BACE-1)
O(C)c1cc(cnc1)-c1cc(ccc1)CNc1cccnc1N,4.3979402,39999.98237804733,1,BACE_181,Beta-secretase 1 (BACE-1)
O(C)c1ccc([N+](=O)[O-])cc1CC(c1ccc(OC)cc1)c1nc([nH]c1)N,5.2441254,5699.996644367287,1,BACE_1308,Beta-secretase 1 (BACE-1)
O(C)c1ccc(cc1)-c1cc(ccc1)C1CC1C1(N=C(N)N(C)C(=O)C1)C,4.6326442,23299.993506926847,1,BACE_1422,Beta-secretase 1 (BACE-1)
O(C)c1ccc(cc1)C1(N=C(C(C)C)C(=N1)N)c1cc(ccc1)-c1cncnc1,5.6777806,2100.0005090066884,1,BACE_1218,Beta-secretase 1 (BACE-1)
O(C)c1ccc(cc1)C1(N=C(C)C(=N1)N)c1cc(ccc1)-c1cccnc1,6.4814858,330.00019765464793,1,BACE_980,Beta-secretase 1 (BACE-1)
O(C)c1ccc(cc1)C1(N=C(C)C(=N1)N)c1cc(ccc1)-c1cncnc1,6.5686364,269.9998979427093,1,BACE_956,Beta-secretase 1 (BACE-1)
O(C)c1ccc(cc1)C1(N=C(N)CC1)c1cc(ccc1)-c1cncnc1,5.1023731,7899.996520346861,1,BACE_1336,Beta-secretase 1 (BACE-1)
O(C)c1ccc(cc1)C1(N=C(N)N(C)C1=O)C12CC3CC(C1)CC(C2)C3,7.154902,69.99999355046413,1,BACE_744,Beta-secretase 1 (BACE-1)
O(C)c1ccc(cc1)C1(N=C(N)N(C)C1=O)c1ccccc1,5.5086384,3099.9993302097423,1,BACE_1253,Beta-secretase 1 (BACE-1)
O(C)c1ccc(cc1)C1(N=C(N2C1=NCCC2)N)c1cc(ccc1)-c1cccnc1,7.04,91.20108393559096,1,BACE_808,Beta-secretase 1 (BACE-1)
O(C)c1ccc(cc1)C1(N=C(n2nc(cc12)C)N)c1cc(ccc1)-c1cncnc1,6.4948502,319.99986860906455,1,BACE_976,Beta-secretase 1 (BACE-1)
O(C)c1ccc(cc1)Cc1cc(ccc1)[C@]1([NH+]=C(N2C1=NCCC2)N)c1ccccc1,5.1487417,7099.999203523341,1,BACE_1326,Beta-secretase 1 (BACE-1)
O(C)c1ccc(cc1)[C@@]1([NH+]=C(N)CC1)c1cc(ccc1)-c1cncnc1,5.1023731,7899.996520346861,1,BACE_166,Beta-secretase 1 (BACE-1)
O(C)c1ccc(cc1)[C@@]1([NH+]=C(N)[C@H](OC)C1)c1cc(ccc1)-c1cccnc1,5.4948502,3199.9986860906456,1,BACE_154,Beta-secretase 1 (BACE-1)
O(C)c1ccc(cc1)[C@@]1([NH+]=C(N2C1=NCCC2)N)c1cc(ccc1)-c1cncnc1,7.0,100.0,1,BACE_817,Beta-secretase 1 (BACE-1)
O(C)c1ccc(cc1C#N)C1(N=C(N)N(C)C1=O)c1cc(ccc1)-c1cccnc1,6.8239088,149.99997960289173,1,BACE_881,Beta-secretase 1 (BACE-1)
O(C)c1ccc(cc1C)C1(N=C(C)C(=N1)N)c1cc(ccc1)-c1cncnc1,7.0132284,96.9999700115376,1,BACE_815,Beta-secretase 1 (BACE-1)
O(C)c1ccc(cc1C)C1(N=C(N)N(C)C1=O)c1cc(-c2cccnc2)c(cc1)C,6.8860564,130.00007414351717,1,BACE_858,Beta-secretase 1 (BACE-1)
O(C)c1ccc(cc1C)C1(N=C(N)N(C)C1=O)c1cc(-c2cccnc2)c(cc1)C#N,6.2006593,630.0002183869793,1,BACE_1059,Beta-secretase 1 (BACE-1)
O(C)c1ccc(cc1C)C1(N=C(N)N(C)C1=O)c1cc(ccc1)-c1cncnc1,7.5228786,30.000010035611844,1,BACE_579,Beta-secretase 1 (BACE-1)
O(C)c1ccc(cc1C)[C@@]1(N=C(N)N(C)C1=O)C12CC3CC(C1)CC(C2)C3,6.7695513,169.9999133438289,1,BACE_110,Beta-secretase 1 (BACE-1)
O(C)c1ccc(cc1C)[C@@]1(N=C(N)N(C)C1=O)c1cc(ccc1)-c1cccnc1,7.3979402,39.999982378047335,1,BACE_68,Beta-secretase 1 (BACE-1)
O(C)c1ccc(cc1C)[C@]1(N=C(N)N(C)C1=O)C12CC3CC(C1)CC(C2)C3,4.3467875,44999.99857264952,1,BACE_1470,Beta-secretase 1 (BACE-1)
O(C)c1ccc(cc1C1CCCC1)C1(N=C(N)N(C)C1=O)c1cc(ccc1)-c1cccnc1,6.9208188,119.99998727657167,1,BACE_841,Beta-secretase 1 (BACE-1)
O(C)c1ccc(cc1CC)C1(N=C(N)N(C)C1=O)C12CC3CC(C1)CC(C2)C3,6.5528421,279.99991532055446,1,BACE_958,Beta-secretase 1 (BACE-1)
O(C)c1ccccc1-c1cc(ccc1)C1CC1C1(N=C(N)N(C)C(=O)C1)C,5.124939,7499.995451387857,1,BACE_1330,Beta-secretase 1 (BACE-1)
O(C)c1ccccc1C[NH2+]CC(O)C(NC(=O)c1c2cccnc2n(c1)C(=O)N(CCCC)C)Cc1ccccc1,5.1870866,6500.0006489178795,1,BACE_1320,Beta-secretase 1 (BACE-1)
O(C)c1cccnc1-c1cc2cc(CC(C(=O)NCCC(C)(C)C)C)c(nc2cc1)N,7.0132284,96.9999700115376,1,BACE_814,Beta-secretase 1 (BACE-1)
O(C)c1nc(ccc1)-c1ccc(cc1)C1CC1C=1N=C(N)N(C)C(=O)C=1,4.273273,53299.9743466379,1,BACE_1479,Beta-secretase 1 (BACE-1)
O(C)c1nc(cnc1)-c1ccc(cc1)C1CC1C=1N=C(N)N(C)C(=O)C=1,4.8996296,12599.99578976694,1,BACE_1384,Beta-secretase 1 (BACE-1)
O(C)c1nccc(c1)-c1ccc(cc1)C1CC1C=1N=C(N)N(C)C(=O)C=1,3.9355421,115999.976167504,1,BACE_1507,Beta-secretase 1 (BACE-1)
O(CC)c1cc(ccc1)-c1ccc(cc1)C1CC1C=1N=C(N)N(C)C(=O)C=1,4.9913998,10200.000663210018,1,BACE_1374,Beta-secretase 1 (BACE-1)
O(CC)c1cc(ccc1OC)C1(N=C(N)N(C)C1=O)c1cc(ccc1)-c1cccnc1,7.3010302,49.99997647495204,1,BACE_688,Beta-secretase 1 (BACE-1)
O(CC)c1ccc(cc1)C1(N=C(N)N(C)C1=O)C12CC3CC(C1)CC(C2)C3,6.4814858,330.00019765464793,1,BACE_978,Beta-secretase 1 (BACE-1)
O(CC1CC1)c1cc(ccc1)-c1ccc(cc1)C1CC1C=1N=C(N)N(C)C(=O)C=1,4.4672456,34100.00164947029,1,BACE_1456,Beta-secretase 1 (BACE-1)
O(CCC)c1cc(cc(N2CCCC2=O)c1)C(=O)N[C@H]([C@H](O)C[NH2+][C@H](C(=O)NC1CCCCC1)C)Cc1ccccc1,6.2182446,605.0000353107333,1,BACE_136,Beta-secretase 1 (BACE-1)
O(CCC)c1cc(ccc1)-c1cc(ccc1)C1CC1C1(N=C(N)N(C)C(=O)C1)C,5.0757208,8399.998335415796,1,BACE_1341,Beta-secretase 1 (BACE-1)
O(CCC)c1cc(ccc1)-c1ccc(cc1)C1CC1C=1N=C(N)N(C)C(=O)C=1,4.8538718,14000.005297108746,1,BACE_1388,Beta-secretase 1 (BACE-1)
O(CCC)c1cc(ccc1OC)C1(N=C(N)N(C)C1=O)c1cc(ccc1)-c1cccnc1,7.3010302,49.99997647495204,1,BACE_689,Beta-secretase 1 (BACE-1)
O(CCCC)c1cc(ccc1OC)C1(N=C(N)N(C)C1=O)c1cc(ccc1)-c1cccnc1,7.3010302,49.99997647495204,1,BACE_690,Beta-secretase 1 (BACE-1)
O(CCCC)c1ccc(cc1)C1(N=C(N)N(C)C1=O)C12CC3CC(C1)CC(C2)C3,6.0604806,870.0002952416597,1,BACE_1100,Beta-secretase 1 (BACE-1)
O(Cc1ncccc1)c1ccc(cc1CNc1cccnc1N)-c1cc2[nH]ccc2cc1,5.3767509,4199.998158689458,1,BACE_159,Beta-secretase 1 (BACE-1)
O(c1cc(ccc1OC)C1(N=C(N)N(C)C1=O)c1cc(ccc1)-c1cccnc1)C1CCCC1,7.154902,69.99999355046413,1,BACE_745,Beta-secretase 1 (BACE-1)
O(c1cc2CN(C(CCC(=O)N(C)C3CCCCC3)C3CCCCC3)C(=[NH+]c2cc1)N)c1ccccc1,6.0457573,900.0003949040395,1,BACE_262,Beta-secretase 1 (BACE-1)
O1C2CCCCC2(N=C1N)c1cc(NC(=O)c2ncccc2)ccc1,3.6989701000000004,199999.95594511327,1,BACE_1522,Beta-secretase 1 (BACE-1)
O1C2CCCCC2(N=C1N)c1cc(ccc1)-c1cc(OC)ccc1,4.4202166,37999.98279638034,1,BACE_1462,Beta-secretase 1 (BACE-1)
O1C2CCCCC2(N=C1N)c1cc(ccc1)-c1cc(ccc1)C#N,4.4685211,33999.99866579776,1,BACE_1455,Beta-secretase 1 (BACE-1)
O1C2CCCCC2(N=C1N)c1cc(ccc1)-c1cncnc1,4.4522252,35300.00769019724,1,BACE_1458,Beta-secretase 1 (BACE-1)
O1C2COCCC2(N=C1N)c1cc(NC(=O)c2nc(oc2)C)ccc1,4.4179368,38199.985670492366,1,BACE_1463,Beta-secretase 1 (BACE-1)
O1C2COCCC2(N=C1N)c1cc(NC(=O)c2ncccc2)ccc1,3.6989701000000004,199999.95594511327,1,BACE_1520,Beta-secretase 1 (BACE-1)
O1C2COCCC2(N=C1N)c1cc(ccc1)-c1cc(OC)ccc1,4.4306259,37100.01626381095,1,BACE_1459,Beta-secretase 1 (BACE-1)
O1C2COCCC2(N=C1N)c1cc(ccc1)-c1cc(ccc1)C#N,4.3334818,46400.02344551107,1,BACE_1472,Beta-secretase 1 (BACE-1)
O1CC(N=C(N)C1)(C)c1cc(ccc1)-c1cc(OC)ccc1,5.4948502,3199.9986860906456,1,BACE_1257,Beta-secretase 1 (BACE-1)
O1CC(N=C1N)(c1cc(ccc1)-c1cccnc1)c1ccc(OC)cc1,5.1272612,7459.999528094152,1,BACE_1329,Beta-secretase 1 (BACE-1)
O1CC(N=C1N)(c1cc(ccc1)-c1cncnc1)c1ccc(OC)cc1,4.9430952,11399.998652444876,1,BACE_1382,Beta-secretase 1 (BACE-1)
O1CC(NC(=O)c2cc(cc(c2)C(=O)NCC\C=C\C1)C)C(O)C[NH2+]Cc1cc(ccc1)C(C)C,6.3010302,499.9997647495204,1,BACE_1031,Beta-secretase 1 (BACE-1)
O1CC(NC(=O)c2cc(cc(c2)C(=O)NCC\C=C\C1)C)C(O)C[NH2+]Cc1ccccc1,5.0,10000.0,1,BACE_1369,Beta-secretase 1 (BACE-1)
O1CC(NC(=O)c2cc(cc(c2)C(=O)N[C@@H](C\C=C\C1)c1ccccc1)C)C(O)C[NH2+]Cc1cc(ccc1)C(C)C,5.309804,4899.99909706502,1,BACE_1297,Beta-secretase 1 (BACE-1)
O1CC2(N=C1N)CC(Cc1c2cc(cc1)-c1cncnc1)(C)C,5.8703103,1347.9994034356616,1,BACE_1156,Beta-secretase 1 (BACE-1)
O1CC2(N=C1N)c1cc(ccc1Oc1c2cc(OC)cc1)-c1cc(ccc1)C,5.7772837,1669.9993418834006,1,BACE_1185,Beta-secretase 1 (BACE-1)
O1CC2(N=C1N)c1cc(ccc1Oc1c2cc(OC)cc1)-c1ccc(cc1)C,5.7495799,1780.0004003969568,1,BACE_1195,Beta-secretase 1 (BACE-1)
O1CC2(N=C1N)c1cc(ccc1Oc1c2cc(OC)cc1)-c1ccccc1,5.9281182,1179.9994367389413,1,BACE_1137,Beta-secretase 1 (BACE-1)
O1CC2(N=C1N)c1cc(ccc1Oc1c2cc(OC)cc1)-c1ccccc1C,5.1536627,7020.003036762168,1,BACE_1324,Beta-secretase 1 (BACE-1)
O1CC2(N=C1N)c1cc(ccc1Oc1c2cc(OC)cc1)-c1ccncc1,5.4089355,3899.999038893393,1,BACE_1275,Beta-secretase 1 (BACE-1)
O1CC2(N=C1N)c1cc(ccc1Oc1c2cc(OC)cc1)-c1cncnc1,6.9706163,106.99998086018358,1,BACE_828,Beta-secretase 1 (BACE-1)
O1CC2(N=C1N)c1cc(ccc1Oc1c2cc(cc1)CCC)-c1cncnc1,7.7958798,16.000008007253655,1,BACE_467,Beta-secretase 1 (BACE-1)
O1CCC(=NC1(C)c1cc(ccc1)-c1cc(OC)ccc1)N,5.0,10000.0,1,BACE_1370,Beta-secretase 1 (BACE-1)
O1CCC(CC1)C1(N=C(C)C(=N1)N)c1cc(ccc1)-c1cc(OC)ccc1,5.5228786,3000.0010035611845,1,BACE_1251,Beta-secretase 1 (BACE-1)
O1CCC(CC1)CNC(=O)C(Cc1cc2cc(ccc2nc1N)-c1ccccc1C)C,8.0,10.0,1,BACE_410,Beta-secretase 1 (BACE-1)
O1CCC(OC(=O)[C@@H]2[NH2+]C[C@]3(C2)c2c(NC3=O)cccc2)CC1,3.9430952,113999.98652444876,1,BACE_190,Beta-secretase 1 (BACE-1)
O1CCCC1C(=O)NC(Cc1cc2OCOc2cc1)C(O)C[NH2+]C1CC2(Oc3ncc(cc13)CC(C)(C)C)CCC2,7.6903696,20.400010924644743,1,BACE_520,Beta-secretase 1 (BACE-1)
O1CCCC1CN1C(=O)C(N=C1N)(C1CCCCC1)c1ccccc1,5.9829664,1040.0006242984002,1,BACE_1124,Beta-secretase 1 (BACE-1)
O1CCCCCCNC(=O)CC(NC(=O)C(NC1=O)C(C)C)C(=O)NC(C(O)CC(C(=O)NC(C(C)C)C(=O)NCc1ccccc1)C)CC(C)C,7.6003261,25.10001031748513,1,BACE_251,Beta-secretase 1 (BACE-1)
O1CCCCNc2cc(N3C=COC3)cc(c2)C(=O)NC(Cc2cc1ccc2)C(O)C[NH2+]Cc1cc(ccc1)C(C)C,7.7212462,19.000008708139905,1,BACE_483,Beta-secretase 1 (BACE-1)
O1CCCCNc2cc(cc(c2)C(=O)NC(Cc2cc1ccc2)C(O)C[NH2+]C(C)(C)c1cc(ccc1)C(C)C)COC,7.3010302,49.99997647495204,1,BACE_686,Beta-secretase 1 (BACE-1)
O1CCCCNc2cc(cc(c2)C(=O)NC(Cc2cc1ccc2)C(O)C[NH2+]C(COC)c1cc(ccc1)C(C)(C)C)COC,6.1752234,668.0002115300879,1,BACE_1065,Beta-secretase 1 (BACE-1)
O1CCCCNc2cc(cc(c2)C(=O)NC(Cc2cc1ccc2)C(O)C[NH2+]C1(CCC1)c1cc(ccc1)C(C)(C)C)COC,7.1739254,66.99996872870193,1,BACE_738,Beta-secretase 1 (BACE-1)
O1CCCCNc2cc(cc(c2)C(=O)NC(Cc2cc1ccc2)C(O)C[NH2+]C1(CCCC1)c1cc(ccc1)C(C)(C)C)COC,7.3010302,49.99997647495204,1,BACE_687,Beta-secretase 1 (BACE-1)
O1CCCCNc2cc(cc(c2)C(=O)NC(Cc2cc1ccc2)C(O)C[NH2+]Cc1cc(ccc1)C(C)C)COC,7.221849,59.99996540823128,1,BACE_717,Beta-secretase 1 (BACE-1)
O1CCCCNc2cc(cc(c2)C(=O)N[C@@H](Cc2cc1ccc2)[C@H](O)C[NH2+]C1(CC1)c1cc(ccc1)C(C)C)COC,7.7695513,16.999991334382887,1,BACE_46,Beta-secretase 1 (BACE-1)
O1CCCCNc2cc(ccc2)C(=O)NC(Cc2cc1ccc2)C(O)C[NH2+]Cc1cc(ccc1)C(C)C,6.5346169,292.00016711490883,1,BACE_963,Beta-secretase 1 (BACE-1)
O1CCCCNc2nc(cc(c2)C(=O)NC(Cc2cc1ccc2)C(O)C[NH2+]Cc1cc(ccc1)C(C)C)C,7.5686364,26.99998979427093,1,BACE_563,Beta-secretase 1 (BACE-1)
O1CCCCOc2cc(CC(NC(=O)c3cc(N4CCCC4=O)cc1c3)C(O)C[NH2+]C1(CC1)c1cc(ccc1)C(C)C)ccc2,9.0,1.0,1,BACE_282,Beta-secretase 1 (BACE-1)
O1CCCCOc2nc(cc(c2)C(=O)NC(Cc2cc1ccc2)C(O)C[NH2+]C(C)c1cc(ccc1)C(C)C)C,7.0809221,82.99996323413882,1,BACE_786,Beta-secretase 1 (BACE-1)
O1CCCCOc2nc(cc(c2)C(=O)NC(Cc2cc1ccc2)C(O)C[NH2+]C1(CC1)c1cc(ccc1)C(C)C)C,7.7695513,16.999991334382887,1,BACE_469,Beta-secretase 1 (BACE-1)
O1CCCCOc2nc(cc(c2)C(=O)NC(Cc2cc1ccc2)C(O)C[NH2+]C1(CC1)c1cc(ccc1)C(C)C)COC,8.0457573,9.000003949040394,1,BACE_385,Beta-secretase 1 (BACE-1)
O1CCCCOc2nc(cc(c2)C(=O)NC(Cc2cc1ccc2)C(O)C[NH2+]Cc1cc(ccc1)C(C)C)C,7.3767509,41.999981586894584,1,BACE_660,Beta-secretase 1 (BACE-1)
O1CCN(CC1)C(=O)CN1C(C)=C(C(=O)N[C@H]([C@H](O)C[NH2+]C2CC2)Cc2ccccc2)[C@H](C)C(C(OCc2ccccc2)=O)=C1C,4.5466819,28399.984302508372,1,BACE_1438,Beta-secretase 1 (BACE-1)
O1CCOc2c1cc(cc2)C1(N=C(N)N(C)C1=O)c1cc(ccc1)-c1cccnc1,7.0457573,90.00003949040395,1,BACE_799,Beta-secretase 1 (BACE-1)
O1CC[C@@H](NC(=O)[C@@H](Cc2cc3cc(ccc3nc2N)-c2ccccc2C)C)CC1(C)C,9.1549015,0.7000007414098143,1,BACE_1,Beta-secretase 1 (BACE-1)
O1CC[NH+](CC1)CC(O)COc1cc(ccc1C)C,2.6989701000000004,1999999.5594511328,1,BACE_204,Beta-secretase 1 (BACE-1)
O1CCc2cc(ccc12)C1(N=C(N)N(C)C1=O)c1cc(ccc1)-c1cccnc1,6.9208188,119.99998727657167,1,BACE_842,Beta-secretase 1 (BACE-1)
O1C[C@@]2(N=C1N)c1cc(ccc1Oc1c2cc(OC)cc1)-c1cncnc1,4.9829664,10400.006242984002,1,BACE_1375,Beta-secretase 1 (BACE-1)
O1C[C@H](NC(=O)c2cc(cc(c2)[C@@H](O)[NH2+][C@H](C\C=C\C1)c1ccccc1)C)[C@H](O)C[NH2+]Cc1cc(ccc1)C(C)C,7.1079054,77.99999951678532,1,BACE_93,Beta-secretase 1 (BACE-1)
O1C[C@]2(N=C1N)c1cc(ccc1Oc1c2cc(OCC(C)C)cc1)-c1cncnc1,8.0969095,8.000009449963196,1,BACE_28,Beta-secretase 1 (BACE-1)
O1Cc2cc(cc(c2)C(=O)N[C@H](CCc2cc(C[C@]([NH3+])(C)C1=O)ccc2)c1ccccc1)-c1ccccc1C#N,7.5686364,26.99998979427093,1,BACE_58,Beta-secretase 1 (BACE-1)
O1[C@@H]2COCC[C@@]2(N=C1N)c1cc(ccc1)-c1cncnc1,4.0030508,99299.98891169186,1,BACE_187,Beta-secretase 1 (BACE-1)
O1c2c(cc(N3CCCCC3)cc2)C2(N=C(N)N(C)C2=O)CC1(C)C,5.0624318,8661.003218743052,1,BACE_1342,Beta-secretase 1 (BACE-1)
O1c2c(cc(NC(=O)c3oc(cc3)C)cc2)C2(N=C(N)N(C)C2=O)CC1(C)C,6.6382723,229.99992796583263,1,BACE_933,Beta-secretase 1 (BACE-1)
O1c2c(cc(OCC(C)C)cc2)C2(N=C(N)N(C)C2=O)CC1(C)C,6.3655229,430.9998311301108,1,BACE_1013,Beta-secretase 1 (BACE-1)
O1c2c(cc(cc2)-c2cc(OC(C)C)ccc2)C2(N=C(N)N(C)C2=O)CC1(C)C,5.5430269,2864.000569537611,1,BACE_1244,Beta-secretase 1 (BACE-1)
O1c2c(cc(cc2)-c2cc(OC)ccc2)C2(N=C(N)N(C)C2=O)CC1(C)C,7.167491,68.00001366809106,1,BACE_742,Beta-secretase 1 (BACE-1)
O1c2c(cc(cc2)-c2cc(OCC)ccc2)C2(N=C(N)N(C)C2=O)CC1(C)C,7.154902,69.99999355046413,1,BACE_756,Beta-secretase 1 (BACE-1)
O1c2c(cc(cc2)-c2cc(ccc2)C#N)[C@]2(N=C(N)N(C)C2=O)CC1(C)C,7.0268722,93.99998839872129,1,BACE_97,Beta-secretase 1 (BACE-1)
O1c2c(cc(cc2)-c2cc(cnc2)C#CC)C2(N=C(N)N(C)C2=O)CC1(C)C,8.0,10.0,1,BACE_415,Beta-secretase 1 (BACE-1)
O1c2c(cc(cc2)-c2ccc(OC)cc2)C2(N=C(N)N(C)C2=O)CC1(C)C,5.1428485,7196.9999554636515,1,BACE_1327,Beta-secretase 1 (BACE-1)
O1c2c(cc(cc2)-c2ccccc2)C2(N=C(N)N(C)C2=O)CC1(C)C,6.3419886,455.00000350226424,1,BACE_1019,Beta-secretase 1 (BACE-1)
O1c2c(cc(cc2)-c2ccccc2OC)C2(N=C(N)N(C)C2=O)CC1(C)C,5.7695513,1699.9991334382887,1,BACE_1191,Beta-secretase 1 (BACE-1)
O1c2c(cc(cc2)-c2cccnc2)C2(N=C(N)N(C)C2=O)CC1(C)C,6.9469213,113.0000667436115,1,BACE_838,Beta-secretase 1 (BACE-1)
O1c2c(cc(cc2)-c2ccncc2)C2(N=C(N)N(C)C2=O)CC1(C)C,5.2027326,6269.997966797908,1,BACE_1315,Beta-secretase 1 (BACE-1)
O1c2c(cc(cc2)-c2cncnc2)C2(N=C(N)N(C)C2=O)CC1(C)C,6.821023,151.00001832565732,1,BACE_887,Beta-secretase 1 (BACE-1)
O1c2c(cc(cc2)-c2ncccc2)C2(N=C(N)N(C)C2=O)CC1(C)C,5.6265364,2362.99933819733,1,BACE_1226,Beta-secretase 1 (BACE-1)
O1c2c(cc(cc2)C2CCCCC2)C2(N=C(N)N(C)C2=O)CC1(C)C,6.5559554,277.9998745892125,1,BACE_957,Beta-secretase 1 (BACE-1)
O1c2c(cc(cc2)CC)C([NH2+]CC(O)C2NC(=O)C=3C=C(N4CCCC4)C(=O)N(CCCCc4cc(C2)ccc4)C=3)CC12CCC2,8.6020603,2.4999982231415516,1,BACE_299,Beta-secretase 1 (BACE-1)
O1c2c(cc(cc2)CC)C([NH2+]CC(O)C2NC(=O)C=3C=C(c4ncccc4)C(=O)N(CCCCc4cc(C2)ccc4)C=3)CC12CCC2,8.2291479,5.900001200363874,1,BACE_343,Beta-secretase 1 (BACE-1)
O1c2c(cc(cc2)CC)[C@@H]([NH2+]C[C@@H](O)[C@H]2NC(=O)C=3C=CC(=O)N(CCCCc4cc(C2)ccc4)C=3)CC12CCC2,8.6020603,2.4999982231415516,1,BACE_9,Beta-secretase 1 (BACE-1)
O1c2c(cc(cc2)CC)[C@@H]([NH2+]C[C@@H](O)[C@H]2NC(=O)CCCCCCCc3cc(C2)ccc3)CC12CCC2,7.4436975,35.999999936397224,1,BACE_64,Beta-secretase 1 (BACE-1)
O1c2c(cc(cc2)CC)[C@@H]([NH2+]C[C@@H](O)[C@H]2NC(=O)CCCCCCc3cc(C2)ccc3)CC12CCC2,7.7695513,16.999991334382887,1,BACE_47,Beta-secretase 1 (BACE-1)
O1c2cc(ccc2OC1)C(=O)N[C@@H](Cc1ccccc1)C(=O)N[C@H]([C@@H](O)C[C@H](C(=O)NCC(C)C)C)CC(C)C,5.0931263,8070.003071172218,1,BACE_1337,Beta-secretase 1 (BACE-1)
O1c2cc(ccc2OC1)C(=O)Nc1cc(ccc1)C1(N=C(N)N(C)C1=O)C1CCCCC1,6.4202166,379.9998279638034,1,BACE_999,Beta-secretase 1 (BACE-1)
O1c2cc(ccc2OC1)C1(N=C(N)N(C)C1=O)c1cc(ccc1)-c1cccnc1,6.6020598,250.0001101372527,1,BACE_944,Beta-secretase 1 (BACE-1)
O1c2ncc(cc2C([NH2+]CC(O)C(NC(=O)C(C)C)Cc2cc3OCOc3cc2)CC12CCC2)CC(C)(C)C,6.8416376,143.99996946377368,1,BACE_878,Beta-secretase 1 (BACE-1)
O1c2ncc(cc2C([NH2+]CC(O)C(NC(=O)C)Cc2cc(OC)c(OC)cc2)CC12CCC2)CC(C)(C)C,7.7399287,18.199996312805556,1,BACE_479,Beta-secretase 1 (BACE-1)
O1c2ncc(cc2C([NH2+]CC(O)C(NC(=O)C)Cc2cc3OCCOc3cc2)CC12CCC2)CC(C)(C)C,7.642065,22.800008032315446,1,BACE_529,Beta-secretase 1 (BACE-1)
O1c2ncc(cc2C([NH2+]CC(O)C(NC(=O)C)Cc2cc3OCOc3cc2)CC12CCC2)CC(C)(C)C,8.0969105,7.999991029281913,1,BACE_373,Beta-secretase 1 (BACE-1)
O1c2ncc(cc2C([NH2+]CC(O)C(NC(=O)C)Cc2ccccc2)CC12CCC2)CC,7.0409584,91.0000435160606,1,BACE_807,Beta-secretase 1 (BACE-1)
O1c2ncc(cc2C([NH2+]CC(O)C(NC(=O)C)Cc2ccccc2)CC12CCC2)CC(C)(C)C,8.2365723,5.799996079470186,1,BACE_341,Beta-secretase 1 (BACE-1)
O1c2ncc(cc2C([NH2+]CC(O)C(NC(=O)C)Cc2ccccc2)CC12CCC2)CC(C)C,8.3010302,4.999997647495204,1,BACE_334,Beta-secretase 1 (BACE-1)
O1c2ncc(cc2C([NH2+]CC(O)C(NC(=O)COC)Cc2cc(ccc2)-c2ccncc2)CC12CCC2)CC(C)(C)C,7.4814858,33.00001976546479,1,BACE_617,Beta-secretase 1 (BACE-1)
O1c2ncc(cc2C([NH2+]CC(O)C(NC(=O)COC)Cc2cc(ccc2)-c2ncccc2)CC12CCC2)CC(C)(C)C,8.031517,9.300001101668244,1,BACE_387,Beta-secretase 1 (BACE-1)
O1c2ncc(cc2C([NH2+]CC(O)C(NC(=O)COC)Cc2cc(ccc2)-c2nccn2C)CC12CCC2)CC(C)(C)C,7.19382,64.00000383387624,1,BACE_734,Beta-secretase 1 (BACE-1)
O1c2ncc(cc2C([NH2+]CC(O)C(NC(=O)COC)Cc2cc(ccc2)-c2occn2)CC12CCC2)CC(C)(C)C,8.0177288,9.599999269666409,1,BACE_389,Beta-secretase 1 (BACE-1)
O1c2ncc(cc2C([NH2+]CC(O)C(NC(=O)COC)Cc2cc(ccc2)C#C)CC12CCC2)CC(C)(C)C,8.4685211,3.3999998665797757,1,BACE_315,Beta-secretase 1 (BACE-1)
O1c2ncc(cc2C([NH2+]CC(O)C(NC(=O)COC)Cc2cc(ccc2)C#CC)CC12CCC2)CC(C)(C)C,7.8239088,14.999997960289171,1,BACE_456,Beta-secretase 1 (BACE-1)
O1c2ncc(cc2C([NH2+]CC(O)C(NC(=O)COC)Cc2cc3OCOc3cc2)CC12CCC2)CC(C)(C)C,8.2676058,5.400005473146155,1,BACE_337,Beta-secretase 1 (BACE-1)
O1c2ncc(cc2C([NH2+]CC(O)C(NC(=O)COC)Cc2ccc(cc2)C#C)CC12CCC2)CC(C)(C)C,7.3279023,46.99998290796297,1,BACE_678,Beta-secretase 1 (BACE-1)
O1c2ncc(cc2C([NH2+]CC(O)C(NC(=O)c2cccnc2)Cc2cc3OCOc3cc2)CC12CCC2)CC(C)(C)C,7.5833597,26.099987539496663,1,BACE_560,Beta-secretase 1 (BACE-1)
O1c2ncc(cc2C([NH2+]CC(O)C2NC(=O)C=3C=CC(=O)N(CCCCc4cc(C2)ccc4)C=3)CC12CCC2)CC(C)(C)C,8.0132284,9.69999700115378,1,BACE_390,Beta-secretase 1 (BACE-1)
O1c2ncc(cc2C([NH2+]CC(O)C2NC(=O)C=3C=CC(=O)N(CCCc4cc(C2)ccc4)C=3)CC12CCC2)CC(C)(C)C,8.5686359,2.700002087917581,1,BACE_305,Beta-secretase 1 (BACE-1)
O1c2ncc(cc2[C@@H]([NH2+]C[C@@H](O)[C@@H](NC(=O)[C@H](OC)C)Cc2cc3OCOc3cc2)CC12CCC2)CC(C)(C)C,7.7746906,16.800004575249893,1,BACE_45,Beta-secretase 1 (BACE-1)
O1c2ncccc2C([NH2+]CC(O)C(NC(=O)C)Cc2ccccc2)CC12CCC2,5.2773662,5279.998510277091,1,BACE_1302,Beta-secretase 1 (BACE-1)
O=C(C)c1ccccc1-c1cc2cc(CC(C(=O)NCCC(C)(C)C)C)c(nc2cc1)N,7.8239088,14.999997960289171,1,BACE_454,Beta-secretase 1 (BACE-1)
O=C(N(C)C1CCCCC1)CCc1cc2c(nc1N)cccc2,4.415669,38399.98016159236,1,BACE_267,Beta-secretase 1 (BACE-1)
O=C(N(C)C1CCCCC1)CCc1cc2cc(ccc2nc1N)-c1ccccc1C,5.2839966,5200.000674885534,1,BACE_1301,Beta-secretase 1 (BACE-1)
O=C(N)CC[C@H](N(C(=O)[C@@H](NC(=O)[C@@H](O)C)C(C)C)C)C(=O)N[C@H]([C@@H](O)CC(=O)N[C@@H](CC(C)C)C(=O)N[C@H](C(=O)N([C@H](CC1CCCCC1)C(=O)[O-])C)C)CC1CCCCC1,7.1366773,72.99997308556385,1,BACE_88,Beta-secretase 1 (BACE-1)
O=C(N1CCC(CC1)c1ccccc1)C1C[NH2+]CC12CCCc1c2cccc1,5.3979402,3999.998237804733,1,BACE_1279,Beta-secretase 1 (BACE-1)
O=C(N1CCC(CC1)c1ccccc1)C1C[NH2+]CC1c1ccccc1,4.7212462,19000.008708139907,1,BACE_1406,Beta-secretase 1 (BACE-1)
O=C(N1CCC(CC1C1CCCCC1)c1ccccc1)C1C[NH2+]CC12CCCc1nc(ccc12)C,7.4436975,35.999999936397224,1,BACE_628,Beta-secretase 1 (BACE-1)
O=C(N1CC[C@H](C[C@H]1c1ccccc1)c1ccccc1)[C@@H]1C[NH2+]C[C@]12CCCc1c2cccc1,6.8239088,149.99997960289173,1,BACE_107,Beta-secretase 1 (BACE-1)
O=C(NC(=[NH2+])N)Cn1c(ccc1-c1ccccc1)-c1ccccc1,5.4317985,3699.9980910471977,1,BACE_157,Beta-secretase 1 (BACE-1)
O=C(NC(C)C)c1ccc(cc1)-c1n(Cc2nc(N)ccc2)c(cc1)-c1ccccc1,5.7495799,1780.0004003969568,1,BACE_1194,Beta-secretase 1 (BACE-1)
O=C(NC1CC1)c1ccc(cc1)-c1n(Cc2nc(N)ccc2)c(cc1)-c1ccccc1,5.9208188,1199.9998727657169,1,BACE_1138,Beta-secretase 1 (BACE-1)
O=C(NC1CCC1)c1ccc(cc1)-c1n(Cc2nc(N)ccc2)c(cc1)-c1ccccc1,5.4685211,3399.9998665797757,1,BACE_1265,Beta-secretase 1 (BACE-1)
O=C(NC1CCCCC1)CCc1cc2cc(ccc2nc1N)-c1ccccc1C,7.1307683,73.9999966380135,1,BACE_89,Beta-secretase 1 (BACE-1)
O=C(NCC)c1ccc(cc1)-c1n(Cc2nc(N)ccc2)c(cc1)-c1ccccc1,5.6478176,2249.9993880867937,1,BACE_1222,Beta-secretase 1 (BACE-1)
O=C(NCC1CCCCC1)C(Cc1cc2cc(ccc2nc1N)-c1ccccc1C)C,8.6020603,2.4999982231415516,1,BACE_298,Beta-secretase 1 (BACE-1)
O=C(NCC1CCCCC1)C(Cc1cc2cc(ccc2nc1N)-c1ccccc1C)C(C)C,7.5686364,26.99998979427093,1,BACE_564,Beta-secretase 1 (BACE-1)
O=C(NCC1CCCCC1)C(Cc1cc2cc(ccc2nc1N)-c1ccccc1C)CC,7.7958798,16.000008007253655,1,BACE_461,Beta-secretase 1 (BACE-1)
O=C(NCC1CCCCC1)CCc1cc2c(nc1N)cccc2,4.8477116,14200.00181849109,1,BACE_266,Beta-secretase 1 (BACE-1)
O=C(NCC1CCCCC1)CCc1cc2cc(ccc2nc1N)-c1ccccc1C,7.4685211,33.99999866579776,1,BACE_622,Beta-secretase 1 (BACE-1)
O=C(NCC1CCCCC1)[C@@H](Cc1cc2cc(ccc2nc1N)-c1ccccc1C)CCC,7.9586072,11.000002908762928,1,BACE_34,Beta-secretase 1 (BACE-1)
O=C(NCC=C)c1ccc(cc1)-c1n(Cc2nc(N)ccc2)c(cc1)-c1ccccc1,6.2291479,590.0001200363863,1,BACE_1050,Beta-secretase 1 (BACE-1)
O=C(NCCC(C)(C)C)C(Cc1cc2cc(ccc2nc1N)-c1ccccc1C)C,9.1870871,0.6499993165519894,1,BACE_276,Beta-secretase 1 (BACE-1)
O=C(NCCC(C)(C)C)C(Cc1cc2cc(ccc2nc1N)-c1ncccc1C#N)C,6.4089355,389.9999038893393,1,BACE_1003,Beta-secretase 1 (BACE-1)
O=C(NCCC(C)(C)C)C(Cc1cc2cc(ccc2nc1N)-c1ncccc1C)C,7.7958798,16.000008007253655,1,BACE_462,Beta-secretase 1 (BACE-1)
O=C(NCCC)c1ccc(cc1)-c1n(Cc2nc(N)ccc2)c(cc1)-c1ccccc1,5.5228786,3000.0010035611845,1,BACE_1248,Beta-secretase 1 (BACE-1)
O=C(NCCCC)c1ccc(cc1)-c1n(Cc2nc(N)ccc2)c(cc1)-c1ccccc1,5.5228786,3000.0010035611845,1,BACE_1249,Beta-secretase 1 (BACE-1)
O=C(NC[C@H]([NH3+])C(=O)N[C@@H](C(C)C)C(=O)N[C@@H](CC(C)C)C(=O)NC[C@](O)(CCc1ccccc1)C(=O)Nc1cc(ccc1)C(=O)[O-])c1nnn[n-]1,6.7212462,190.00008708139907,1,BACE_117,Beta-secretase 1 (BACE-1)
O=C(NCc1ccccc1)C(Cc1cc2cc(ccc2nc1N)-c1ccccc1C)C,7.6989698,20.000009410023612,1,BACE_512,Beta-secretase 1 (BACE-1)
O=C(NCc1cccnc1)C(Cc1cc2cc(ccc2nc1N)-c1ccccc1C)C,7.0555172,88.00002590589406,1,BACE_794,Beta-secretase 1 (BACE-1)
O=C(NCc1nccnc1)C(Cc1cc2cc(ccc2nc1N)-c1ccccc1C)C,7.3010302,49.99997647495204,1,BACE_697,Beta-secretase 1 (BACE-1)
O=C(N[C@@H](Cc1ccc([N+](=O)[O-])cc1)C(=O)N[C@H]([C@@H](O)C[C@H](C(=O)NCC(C)C)C)CC(C)C)c1ccc([N+](=O)[O-])cc1,5.5783958,2640.0016603109243,1,BACE_1235,Beta-secretase 1 (BACE-1)
O=C(N[C@@H](Cc1ccccc1)C(=O)N[C@H]([C@@H](O)C[C@H](C(=O)NCC(C)C)C)CC(C)C)c1c2c(ccc1)cccc2,5.3306832,4669.999133666843,1,BACE_1293,Beta-secretase 1 (BACE-1)
O=C(N[C@@H](Cc1ccccc1)C(=O)N[C@H]([C@@H](O)C[C@H](C(=O)NCC(C)C)C)CC(C)C)c1ccc([N+](=O)[O-])cc1,4.8032713,15729.9991805922,1,BACE_1395,Beta-secretase 1 (BACE-1)
O=C(N[C@@H](Cc1ccccc1)C(=O)N[C@H]([C@@H](O)C[C@H](C(=O)NCC(C)C)C)CC(C)C)c1ccccc1,5.1592669,6929.997852011209,1,BACE_1323,Beta-secretase 1 (BACE-1)
O=C(N[C@H](C(=O)[O-])C)[C@@H]1CCC[C@H]1[C@H](O)[C@@H](NC(=O)[C@@H](NC(=O)[C@@H](NC(=O)[C@@H]([NH3+])CCC(=O)[O-])C(C)C)CC(=O)N)CC(C)C,7.4089355,38.99999038893393,1,BACE_66,Beta-secretase 1 (BACE-1)
O=C(N[C@H]([C@@H](O)C[C@H](C(=O)NCCCC)C)Cc1ccccc1)[C@H]1C[C@H](CCC1)C(NC(=O)C)(C)C,5.4317985,3699.9980910471977,1,BACE_156,Beta-secretase 1 (BACE-1)
O=C(N[C@H]([C@H](O)C[NH2+][C@H]1CC(Cc2nn(cc12)CC(C)(C)C)(C)C)Cc1ccccc1)C,7.3565474,43.99999225089864,1,BACE_71,Beta-secretase 1 (BACE-1)
O=C([O-])C(NC1=NC(Cc2c1ccc(c2)C)(C)C)Cc1ccccc1,5.2668028,5409.999188968482,1,BACE_1306,Beta-secretase 1 (BACE-1)
O=C([O-])C(NC1=NC(Cc2c1cccc2)(C)C)Cc1ccccc1,4.5654311,27199.99974733689,1,BACE_1435,Beta-secretase 1 (BACE-1)
O=C([O-])[C@@H](\[NH+]=C\1/NC(Cc2c/1cccc2)(C)C)Cc1ccccc1,4.5654311,27199.99974733689,1,BACE_178,Beta-secretase 1 (BACE-1)
O=C(c1cc2CN(CCC(=O)N(C)C3CCCCC3)C(=[NH+]c2cc1)N)c1ccccc1,7.9586072,11.000002908762928,1,BACE_247,Beta-secretase 1 (BACE-1)
O=C1N(C)C(=NC(=C1)C1CC1c1cc(ccc1)-c1ccccc1)N,2.7332981,1847999.7153963733,1,BACE_1546,Beta-secretase 1 (BACE-1)
O=C1N(C)C(=NC(=C1)C1CC1c1ccc(cc1)-c1cc(NC(=O)C)ccc1)N,4.154902,69999.99355046413,1,BACE_1487,Beta-secretase 1 (BACE-1)
O=C1N(C)C(=NC(=C1)C1CC1c1ccc(cc1)-c1cc(ccc1)C(=O)N)N,4.2225733,59899.98311947537,1,BACE_1485,Beta-secretase 1 (BACE-1)
O=C1N(C)C(=NC(=C1)C1CC1c1ccc(cc1)-c1cc(ccc1)CC#N)N,4.6861329,20599.994290500315,1,BACE_1411,Beta-secretase 1 (BACE-1)
O=C1N(C)C(=NC(=C1)C1CC1c1ccc(cc1)-c1cc(ccc1)CC)N,4.6345119,23200.006149125995,1,BACE_1421,Beta-secretase 1 (BACE-1)
O=C1N(C)C(=NC(=C1)C1CC1c1ccc(cc1)-c1cc(ccc1)CCC)N,4.9586072,11000.002908762926,1,BACE_1380,Beta-secretase 1 (BACE-1)
O=C1N(C)C(=NC(=C1)C1CC1c1ccc(cc1)-c1cc(ccc1)CCO)N,4.6108341,24499.98959938412,1,BACE_1424,Beta-secretase 1 (BACE-1)
O=C1N(C)C(=NC(=C1)C1CC1c1ccc(cc1)-c1cc(ccc1)COC)N,4.6143937,24300.001477248876,1,BACE_1423,Beta-secretase 1 (BACE-1)
O=C1N(C)C(=NC(=C1)C1CC1c1ccc(cc1)-c1ccc(cc1)C)N,3.9244529999999997,119000.01057874154,1,BACE_1508,Beta-secretase 1 (BACE-1)
O=C1N(C)C(=NC(=C1)C1CC1c1ccc(cc1)-c1ccccc1)N,4.5917602,25599.99025550006,1,BACE_1428,Beta-secretase 1 (BACE-1)
O=C1N(C)C(=NC(=C1)C1CC1c1ccc(cc1)-c1ccccc1C)N,4.4045038,39399.99801994356,1,BACE_1465,Beta-secretase 1 (BACE-1)
O=C1N(C)C(=NC(=C1)CCc1cc(ccc1)-c1ccccc1)N,5.1870866,6500.0006489178795,1,BACE_1321,Beta-secretase 1 (BACE-1)
O=C1N(C)C(=NC(=C1)CCc1ccc(cc1)-c1ccccc1)N,3.6989701000000004,199999.95594511327,1,BACE_1519,Beta-secretase 1 (BACE-1)
O=C1N(C)C(=NC(=C1)CCc1ccccc1)N,3.7670037999999995,171000.03528238097,1,BACE_1515,Beta-secretase 1 (BACE-1)
O=C1N(C)C(=NC(=C1)[C@H]1C[C@H]1c1ccc(cc1)-c1cc(ccc1)C)N,4.767004,17099.995653397247,1,BACE_171,Beta-secretase 1 (BACE-1)
O=C1N(C)C(=NC(=C1)[C@H]1C[C@H]1c1ccccc1)N,3.2083094,618999.9301316212,1,BACE_197,Beta-secretase 1 (BACE-1)
O=C1N(C)C(=NC(C1)(C)C1CC1c1cc(ccc1)-c1cc(NC(=O)C)ccc1)N,4.779892,16599.996634853003,1,BACE_1401,Beta-secretase 1 (BACE-1)
O=C1N(C)C(=NC(C1)(C)C1CC1c1cc(ccc1)-c1cc(ccc1)CO)N,4.6819367,20799.998325501627,1,BACE_1412,Beta-secretase 1 (BACE-1)
O=C1N(C)C(=NC(C1)(C)C1CC1c1cc(ccc1)-c1ccccc1)N,5.031517,9300.001101668226,1,BACE_1348,Beta-secretase 1 (BACE-1)
O=C1N(C)C(=NC(C1)(C)C1CC1c1cc(ccc1)-c1cccnc1)N,4.9281178,11800.005235590874,1,BACE_1383,Beta-secretase 1 (BACE-1)
O=C1N(C)C(=NC(C1)(C)C1CC1c1cc(ccc1)CCc1ccccc1)N,5.3979402,3999.998237804733,1,BACE_1283,Beta-secretase 1 (BACE-1)
O=C1N(C)C(=NC(C1)(C)C1CC1c1cc(ccc1)\C=C\c1ccccc1)N,5.5376019,2900.0006817794692,1,BACE_1246,Beta-secretase 1 (BACE-1)
O=C1N(C)C(=NC(C1)(C)C1CC1c1ccccc1)N,4.7447276,17999.995643833023,1,BACE_1403,Beta-secretase 1 (BACE-1)
O=C1N(C)C(=NC(C1)(C)[C@H]1C[C@@H]1c1ccccc1)N,3.8794260000000005,132000.02090938028,1,BACE_1509,Beta-secretase 1 (BACE-1)
O=C1N(C)C(=NC(C1)(CCc1cc(ccc1)-c1ccccc1)C)N,5.8860569,1299.9992447548705,1,BACE_1148,Beta-secretase 1 (BACE-1)
O=C1N(C)C(=NC1(C1CCCCC1)C1CCCCC1)N,5.9665761,1080.0003593739425,1,BACE_1125,Beta-secretase 1 (BACE-1)
O=C1N(C)C(=NC1(C1CCCCC1)c1cc(NC(=O)CCOC)ccc1)N,5.1045775,7859.999166764153,1,BACE_1333,Beta-secretase 1 (BACE-1)
O=C1N(C)C(=NC1(C1CCCCC1)c1cc(NC(=O)c2n(ccc2)C)ccc1)N,6.0655017,859.9997005040326,1,BACE_1098,Beta-secretase 1 (BACE-1)
O=C1N(C)C(=NC1(C1CCCCC1)c1ccccc1)N,6.004365,989.9995564034562,1,BACE_1116,Beta-secretase 1 (BACE-1)
O=C1N(C)C(=NC1(c1cc(ccc1)-c1cc(ccc1)C#N)c1ccncc1)N,7.3979402,39.999982378047335,1,BACE_645,Beta-secretase 1 (BACE-1)
O=C1N(C)C(=NC1(c1cc(ccc1)-c1ccccc1)c1ccncc1)N,6.8860564,130.00007414351717,1,BACE_859,Beta-secretase 1 (BACE-1)
O=C1N(C)C(=NC1(c1cc(ccc1)-c1cncnc1)c1cc(ncc1)C(C)C)N,7.154902,69.99999355046413,1,BACE_746,Beta-secretase 1 (BACE-1)
O=C1N(C)C(=NC1(c1cc(ccc1)-c1cncnc1)c1cn(nc1)C)N,7.0,100.0,1,BACE_823,Beta-secretase 1 (BACE-1)
O=C1N(C)C(=NC1(c1cc(ccc1)-c1cncnc1)c1cn(nc1)C1CCCC1)N,7.154902,69.99999355046413,1,BACE_753,Beta-secretase 1 (BACE-1)
O=C1N(C)C(=NC1(c1cc(ccc1)-c1cncnc1)c1cn(nc1)CC(C)C)N,7.5228786,30.000010035611844,1,BACE_594,Beta-secretase 1 (BACE-1)
O=C1N(C)C(=NC1(c1cc(ccc1)-c1cncnc1)c1cn(nc1)CCC(C)(C)C)N,7.6989698,20.000009410023612,1,BACE_514,Beta-secretase 1 (BACE-1)
O=C1N(C)C(=NC1(c1cc(ccc1)-c1cncnc1)c1cn(nc1)CCC(C)C)N,7.5228786,30.000010035611844,1,BACE_595,Beta-secretase 1 (BACE-1)
O=C1N(C)C(=NC1(c1cc(ccc1)-c1cncnc1)c1cn(nc1)CCC1CCCCC1)N,7.6989698,20.000009410023612,1,BACE_515,Beta-secretase 1 (BACE-1)
O=C1N(C)C(=NC1(c1cc(ccc1)-c1cncnc1)c1cn(nc1)CCCC)N,8.0969095,8.000009449963196,1,BACE_374,Beta-secretase 1 (BACE-1)
O=C1N(C)C(=NC1(c1cc(ccc1)-c1nccnc1)c1ccncc1)N,7.154902,69.99999355046413,1,BACE_747,Beta-secretase 1 (BACE-1)
O=C1N(C)C(=NC1(c1cc(nc(c1)C)C(C)C)c1cc(ccc1)-c1cncnc1)N,6.5228786,300.0001003561184,1,BACE_966,Beta-secretase 1 (BACE-1)
O=C1N(C)C(=NC1(c1ccccc1)c1ccccc1)N,5.4685211,3399.9998665797757,1,BACE_1264,Beta-secretase 1 (BACE-1)
O=C1N(C)C(=NC1(c1ccccc1)c1ccncc1)N,5.5718651,2680.0006539407987,1,BACE_1236,Beta-secretase 1 (BACE-1)
O=C1N(C)C(=NC12CC(Cc1c2cc(cc1)-c1cc(ccc1)C#N)(C)C)N,7.7447276,17.99999564383302,1,BACE_477,Beta-secretase 1 (BACE-1)
O=C1N(C)C(=N[C@@](C1)(CCc1ccccc1)C)N,4.3829994,41400.024678181326,1,BACE_183,Beta-secretase 1 (BACE-1)
O=C1N(C)C(=N[C@@]1(C12CC3CC(C1)CC(C2)C3)c1ccccc1)N,5.8153086,1529.9998914309847,1,BACE_148,Beta-secretase 1 (BACE-1)
O=C1N(C)C(=N[C@@]1(c1cc(ccc1)-c1cccnc1)c1cc(ncc1)C)N,7.0,100.0,1,BACE_820,Beta-secretase 1 (BACE-1)
O=C1N(C)C(=N[C@@]1(c1cc(ccc1)-c1cccnc1)c1ccncc1)N,7.221849,59.99996540823128,1,BACE_85,Beta-secretase 1 (BACE-1)
O=C1N(C)C(=N[C@@]1(c1cc(ccc1)-c1cncnc1)c1cc(ncc1)C)N,7.09691,80.00000239617253,1,BACE_777,Beta-secretase 1 (BACE-1)
O=C1N(C)C(=N[C@@]1(c1cc(ccc1)-c1cncnc1)c1cc(ncc1)CC)N,7.5228786,30.000010035611844,1,BACE_580,Beta-secretase 1 (BACE-1)
O=C1N(C)C(=N[C@@]1(c1cc(ccc1)-c1cncnc1)c1cn(nc1)CC)N,7.09691,80.00000239617253,1,BACE_95,Beta-secretase 1 (BACE-1)
O=C1N(C)C(=N[C@@]12CC(Cc1c2cc(cc1)-c1cncnc1)(C)C)N,7.318759,47.99997376428772,1,BACE_74,Beta-secretase 1 (BACE-1)
O=C1N(C)C(=N[C@](C1)(CCc1ccccc1)C)N,3.6989701000000004,199999.95594511327,1,BACE_1523,Beta-secretase 1 (BACE-1)
O=C1N(C)C(=N[C@]1(C1CCCCC1)c1cc(NC(=O)CCC)ccc1)N,5.545155,2850.000918675751,1,BACE_1243,Beta-secretase 1 (BACE-1)
O=C1N(C)C(=N[C@]1(C1CCCCC1)c1cc(NC(=O)COC)ccc1)N,6.6777806,210.0000509006688,1,BACE_921,Beta-secretase 1 (BACE-1)
O=C1N(C)C(=N[C@]1(c1cc(nc(c1)C)C)c1cc(ccc1)-c1cncnc1)N,6.8538718,140.00005297108746,1,BACE_873,Beta-secretase 1 (BACE-1)
O=C1N(C)C(=N[C@]1(c1cc(nc(c1)C)CC)c1cc(ccc1)-c1cncnc1)N,6.8239088,149.99997960289173,1,BACE_882,Beta-secretase 1 (BACE-1)
O=C1N(C)C(=N[C@]1(c1cc(nc(c1)CC)CC)c1cc(ccc1)-c1cncnc1)N,7.5228786,30.000010035611844,1,BACE_62,Beta-secretase 1 (BACE-1)
O=C1N(C)C(=[NH2+])NC1(C1CC1)c1cc(ccc1)-c1cc(cnc1)C#CC,8.2676058,5.400005473146155,1,BACE_245,Beta-secretase 1 (BACE-1)
O=C1N(C)C(=[NH2+])NC1(c1cc(ccc1)-c1cccnc1)c1ccccc1,6.2757239,530.0002811723825,1,BACE_261,Beta-secretase 1 (BACE-1)
O=C1N(C)C(=[NH2+])NC1(c1ccccc1)c1ccccc1,5.4436975,3599.999993639722,1,BACE_263,Beta-secretase 1 (BACE-1)
O=C1N(C)C(N[C@@]1(CC1CCCCC1)CCC1CCCCC1)=N,6.2182446,605.0000353107333,1,BACE_137,Beta-secretase 1 (BACE-1)
O=C1N(C)C(N[C@](C1)(C)[C@@H]1C[C@H]1c1ccccc1)=N,4.7447276,17999.995643833023,1,BACE_172,Beta-secretase 1 (BACE-1)
O=C1N(CC(=NC1(C)c1cc(NC(=O)c2ncc(cc2)C#N)ccc1)N)C,6.0899096,812.9997274477047,1,BACE_1091,Beta-secretase 1 (BACE-1)
O=C1N(CC(=NC1(C)c1cc(NC(=O)c2ncc(nc2)C)ccc1)N)C,5.1500282,7078.998169039988,1,BACE_1325,Beta-secretase 1 (BACE-1)
O=C1N(CC2CCC(CC2)C(=O)[O-])C(=NC1(C1CCCCC1)c1ccccc1)N,6.4089355,389.9999038893393,1,BACE_1001,Beta-secretase 1 (BACE-1)
O=C1N(CCC1)C(C)(C)C1CC(CCC1)C(=O)NC(Cc1ccccc1)C(O)C[NH2+]Cc1cc(ccc1)C(C)C,7.6020598,25.00001101372527,1,BACE_547,Beta-secretase 1 (BACE-1)
O=C1N(CCC1)c1cc(cc(NCC)c1)C(=O)N[C@H]([C@H](O)C[NH2+]C(CCCC(C)C)(C)C)Cc1ccccc1,7.4814858,33.00001976546479,1,BACE_63,Beta-secretase 1 (BACE-1)
O=C1N(CCC1)c1cc(cc(NCC)c1)C(=O)N[C@H]([C@H](O)C[NH2+]C1CCCCC1)Cc1ccccc1,6.7447276,179.9999564383302,1,BACE_112,Beta-secretase 1 (BACE-1)
O=C1N(CCC1)c1cc(cc(NCC)c1)C(=O)N[C@H]([C@H](O)C[NH2+][C@H](C(=O)NC1CCCCC1)C)Cc1ccccc1,7.8860564,13.000007414351716,1,BACE_39,Beta-secretase 1 (BACE-1)
O=C1N(CCC1)c1cc(ccc1)C(=O)NC(Cc1ccccc1)C(O)C[NH2+]C(C(=O)NC1CCCCC1)C,5.2757239,5300.002811723825,1,BACE_1304,Beta-secretase 1 (BACE-1)
O=C1N(CCCC1)C(C)(C)[C@@H]1C[C@@H](CCC1)C(=O)N[C@H]([C@H](O)C[NH2+]Cc1cc(ccc1)C(C)C)Cc1ccccc1,8.6020603,2.4999982231415516,1,BACE_10,Beta-secretase 1 (BACE-1)
O=C1N(CCCCCC(=O)[O-])C(=NC1(C1CCCCC1)c1ccccc1)N,6.0222764,949.9999884308792,1,BACE_1112,Beta-secretase 1 (BACE-1)
O=C1N(CCCCCC)C(=NC1(C1CCCCC1)c1ccccc1)N,5.8569851,1390.000319246109,1,BACE_1162,Beta-secretase 1 (BACE-1)
O=C1N(CC[C@]12[N@H+](CCC2)CCC)[C@H](C(=O)N[C@H]([C@H](O)C[NH2+]Cc1cc(ccc1)C(C)C)Cc1ccccc1)C,7.2596374,54.99998866625503,1,BACE_81,Beta-secretase 1 (BACE-1)
O=C1N(Cc2ccc(cc2)CN2C[C@@H](NC2=O)CCC)C(N[C@@]1(CC1CCCCC1)CCC1CCCCC1)=N,7.5686364,26.99998979427093,1,BACE_57,Beta-secretase 1 (BACE-1)
O=C1N(Cc2ccc(cc2)CNC(=O)NCCCC)C(NC1(CC1CCCCC1)C)=N,5.3010302,4999.997647495204,1,BACE_1298,Beta-secretase 1 (BACE-1)
O=C1N(Cc2ccc(cc2)CNC(=O)NCCCC)C(NC1(CC1CCCCC1)CC1CCCCC1)=N,5.6777806,2100.0005090066884,1,BACE_1216,Beta-secretase 1 (BACE-1)
O=C1N(Cc2ccc(cc2)CNC(=O)NCCCC)C(NC1(CC1CCCCC1)CCC1CCCCC1)=N,6.4559321,349.9998836674418,1,BACE_988,Beta-secretase 1 (BACE-1)
O=C1N(Cc2ccc(cc2)CNC(=O)NCCCC)C(NC1(CCC1CCCCC1)CC(C)C)=N,5.5228786,3000.0010035611845,1,BACE_1247,Beta-secretase 1 (BACE-1)
O=C1N(Cc2ccc(cc2)CNC(=O)NCCCC)C(NC1(CCc1ccccc1)CC(C)C)=N,4.3010302,49999.97647495204,1,BACE_1476,Beta-secretase 1 (BACE-1)
O=C1N(Cc2ccc(cc2)CNC(=O)NCCCC)C(N[C@@]1(CC(C)C)C)=N,4.1079054,77999.99951678533,1,BACE_184,Beta-secretase 1 (BACE-1)
O=C1N(Cc2ccc(cc2)CNC(=O)Nc2ccc(cc2)C#N)C(N[C@@]1(CC(C)C)C)=N,5.154902,6999.999355046412,1,BACE_164,Beta-secretase 1 (BACE-1)
O=C1N(Cc2ccccc2)C(=NC1(C1CCCCC1)c1ccccc1)N,5.9065785,1239.9994713238773,1,BACE_1143,Beta-secretase 1 (BACE-1)
O=C1NC(=NC(=C1)CCC)N,2.6989701000000004,1999999.5594511328,1,BACE_205,Beta-secretase 1 (BACE-1)
O=C1NC(=NC(=C1)CCc1cc2[nH]ccc2cc1)N,3.8860567,129999.98434267836,1,BACE_191,Beta-secretase 1 (BACE-1)
O=C1NC(CN1Cc1ccccc1)(Cc1ccccc1)C(=O)NC(Cc1ccccc1)C(O)C[NH2+]Cc1cc(N(C)C)ccc1,5.3009434,5000.99706882641,1,BACE_264,Beta-secretase 1 (BACE-1)
O=C1N[C@@H](C[C@@H](CCCCCCCC(=O)N[C@H]1C)C)[C@@H](O)C[C@H](C(=O)NCCCC)C,6.2291479,590.0001200363863,1,BACE_134,Beta-secretase 1 (BACE-1)
O=C1N[C@@H](C[C@@H](CCCCCCCCC(=O)N(C)[C@H]1C)C)[C@H](O)C[NH2+]Cc1cc(ccc1)C(C)C,7.5686364,26.99998979427093,1,BACE_60,Beta-secretase 1 (BACE-1)
O=C1Nc2c(cccc2)[C@]12C[C@@H]([NH2+]C2)C(OCc1ccc(cc1)C#N)=O,4.91364,12200.004756607694,1,BACE_170,Beta-secretase 1 (BACE-1)
O=C1Nc2c(cccc2)[C@]12C[C@@H]([NH2+]C2)C(OCc1ccccc1)=O,4.067019,85700.03514017716,1,BACE_185,Beta-secretase 1 (BACE-1)
O=C1c2c(cc(cc2)-c2cncnc2)C2(N=C(N)N(C)C2=O)CC1(C)C,6.1530447,702.9999594999792,1,BACE_1069,Beta-secretase 1 (BACE-1)
OC(C(NC(=O)C(NC(=O)C(NC(=O)C(NC(=O)C(NC(=O)C(NC(=O)C([NH3+])Cc1c2c([nH]c1)cccc2)Cc1c2c([nH]c1)cccc2)CO)CCC(=O)[O-])C(C)C)CC(=O)N)CC(C)C)CC(C(=O)NC(C(=O)NC(CCC(=O)[O-])C(=O)NC(Cc1ccccc1)C(=O)[O-])C)C,10.522879,0.0299999824045942,1,BACE_231,Beta-secretase 1 (BACE-1)
OC(C(NC(=O)C(NC(=O)C(NC(=O)C([NH3+])CCC(=O)[O-])C(C)C)CC(=O)N)CC(C)C)CC(C(=O)NC(C(=O)NC(CCC(=O)[O-])C(=O)NC(Cc1ccccc1)C(=O)[O-])C)C,9.0,1.0,1,BACE_237,Beta-secretase 1 (BACE-1)
OC(C(NC(=O)C(NC(=O)C(NC(=O)C([NH3+])CCC(=O)[O-])CC(C)C)CC(=O)[O-])CC(C)C)CC(C(=O)NC(C(C)C)C(=O)NC(CCC(=O)[O-])C(=O)NC(Cc1ccccc1)C(=O)[O-])C,9.5228786,0.3000001003561184,1,BACE_233,Beta-secretase 1 (BACE-1)
OC(C(NC(=O)C(NC(=O)C(NC(=O)C)CC(C)C)C)CC(C)C)CC(C(=O)NCCCC)C,6.9208188,119.99998727657167,1,BACE_843,Beta-secretase 1 (BACE-1)
OC(C(NC(=O)C1CC(CCC1)C(N(C(=O)CC)C)(C)C)Cc1ccccc1)C[NH2+]Cc1cc(ccc1)C(C)C,6.8239088,149.99997960289173,1,BACE_883,Beta-secretase 1 (BACE-1)
OC(C(NC(=O)C1CC(CCC1)C(NC(=O)C)(C)C)Cc1ccccc1)C[NH2+]Cc1cc(ccc1)C(C)C,5.3767509,4199.998158689458,1,BACE_1285,Beta-secretase 1 (BACE-1)
OC(C(NC(=O)C1CC(CCC1)C(NC(=O)C)C(C)C)Cc1ccccc1)CC(C(=O)NCCCC)C,6.09691,800.0000239617253,1,BACE_1085,Beta-secretase 1 (BACE-1)
OC(C(NC(=O)C1CC(CCC1)C(NC(=O)CC)(C)C)Cc1ccccc1)C[NH2+]Cc1cc(ccc1)C(C)C,6.2365718,580.0002756966293,1,BACE_1047,Beta-secretase 1 (BACE-1)
OC(C(NC(=O)C1CC(CCC1)C1(NC(=O)C)CCCC1)Cc1ccccc1)CC(C(=O)NCCCC)C,5.5686364,2699.998979427093,1,BACE_1237,Beta-secretase 1 (BACE-1)
OC(C(NC(=O)c1c2cccnc2n(c1)C(=O)N(CCCC)C)Cc1ccccc1)C[NH2+]C1CC1,4.0,100000.0,1,BACE_1504,Beta-secretase 1 (BACE-1)
OC(C(NC(=O)c1cc(N(C(=O)C)c2ccccc2)ccc1)Cc1ccccc1)C[NH2+]C(C(=O)NC1CCCCC1)C,5.8860564,1300.0007414351717,1,BACE_1150,Beta-secretase 1 (BACE-1)
OC(C(NC(=O)c1cc(Nc2ccccc2)ccc1)Cc1ccccc1)C[NH2+]C(C(=O)NC1CCCCC1)C,5.2006593,6300.002183869793,1,BACE_1316,Beta-secretase 1 (BACE-1)
Oc1ccc(cc1)CC([NH3+])C,3.0969099999999994,800000.0239617269,1,BACE_273,Beta-secretase 1 (BACE-1)
Oc1ccc(cc1)CC[NH3+],2.6989701000000004,1999999.5594511328,1,BACE_274,Beta-secretase 1 (BACE-1)
Oc1ccc(cc1-c1cc(cnc1)C#CC)C1(N=C(C)C(=N1)N)C1CC1,7.2146702,60.99999508246877,1,BACE_729,Beta-secretase 1 (BACE-1)
Oc1ccc(cc1-c1nccc(c1)C#CC)C1(N=C(C)C(=N1)N)C1CC1,6.8860569,129.99992447548703,1,BACE_855,Beta-secretase 1 (BACE-1)
Oc1ccc(cc1C1CCCCC1)CC[NH3+],3.6575773,220000.00971487077,1,BACE_271,Beta-secretase 1 (BACE-1)
Oc1ccc(cc1CC)CC[NH3+],3.1804562,659999.7940162191,1,BACE_272,Beta-secretase 1 (BACE-1)
S(=O)(=O)(C(CCC)CCC)C[C@@H](NC(OCc1ccccc1)=O)C(=O)N[C@H]([C@H](O)C[NH2+]Cc1cc(OC)ccc1)Cc1ccccc1,6.9507818,112.000045731513,1,BACE_103,Beta-secretase 1 (BACE-1)
S(=O)(=O)(C)C1CCC([NH2+]CC(O)C(NC(=O)C)Cc2cc(F)cc(F)c2)(CC1)c1cc(ccc1)C(C)(C)C,6.6777806,210.0000509006688,1,BACE_919,Beta-secretase 1 (BACE-1)
S(=O)(=O)(C)c1cc(ccc1)C1([NH2+]CC(O)C(NC(=O)C)Cc2cc(F)cc(F)c2)CCCCC1,6.1426673,720.0003374887938,1,BACE_1071,Beta-secretase 1 (BACE-1)
S(=O)(=O)(C)c1ccc(cc1)-c1ccccc1C1C[NH2+]CC1C(=O)N1CCOCC1c1ccccc1,5.3979402,3999.998237804733,1,BACE_1278,Beta-secretase 1 (BACE-1)
S(=O)(=O)(CC(NC(OCn1nc(cc1C)C)=O)C(=O)NC(C(O)CC(C(=O)NC(C(C)C)C(=O)NCC(C)C)C)CC(C)C)C,9.5228786,0.3000001003561184,1,BACE_232,Beta-secretase 1 (BACE-1)
S(=O)(=O)(CC)c1cc(cc(N(S(=O)(=O)C)c2ccccc2)c1)C(=O)NC(Cc1ccccc1)C(O)C[NH2+]Cc1cc(ccc1)C(F)(F)F,7.8538718,14.000005297108746,1,BACE_447,Beta-secretase 1 (BACE-1)
S(=O)(=O)(CCC([NH3+])(Cc1ccccc1)CO)c1cc(cc(N(S(=O)(=O)C)C)c1)C(=O)NC(C)c1ccc(F)cc1,4.0,100000.0,1,BACE_1500,Beta-secretase 1 (BACE-1)
S(=O)(=O)(CCCCC)C[C@@H](NC(=O)c1cccnc1)C(=O)N[C@H]([C@H](O)C[NH2+]Cc1cc(ccc1)CC)Cc1cc(F)cc(F)c1,8.6989698,2.000000941002362,1,BACE_7,Beta-secretase 1 (BACE-1)
S(=O)(=O)(CCCCC)c1cc(ccc1)C(=O)N[C@H]([C@H](O)C[NH2+][C@H](C(=O)NC1CCCCC1)C)Cc1ccccc1,5.7447276,1799.9995643833022,1,BACE_150,Beta-secretase 1 (BACE-1)
S(=O)(=O)(Cc1cc(ccc1)C(=O)NC(Cc1ccccc1)C(O)C[NH2+]C(C(=O)NC1CCCCC1)C)c1ccccc1,4.3565474,43999.99225089864,1,BACE_1469,Beta-secretase 1 (BACE-1)
S(=O)(=O)(Cc1ccccc1)c1cc(ccc1)C(=O)NC(Cc1ccccc1)C(O)C[NH2+]C(C(=O)NC1CCCCC1)C,4.3010302,49999.97647495204,1,BACE_1477,Beta-secretase 1 (BACE-1)
S(=O)(=O)(N(C)c1cc(cc(-n2nnc(c2)C([NH3+])(Cc2ccccc2)C)c1)C(=O)NC(C)c1ccc(F)cc1)C,4.7878122,16300.007341139097,1,BACE_1400,Beta-secretase 1 (BACE-1)
S(=O)(=O)(N(C)c1cc(cc(NCCC([NH3+])(Cc2ccccc2)CO)c1)C(=O)NC(C)c1ccc(F)cc1)C,4.0,100000.0,1,BACE_1498,Beta-secretase 1 (BACE-1)
S(=O)(=O)(N(C)c1cc(cc(OCCC([NH3+])(Cc2ccccc2)CO)c1)C(=O)NC(C)c1ccc(F)cc1)C,4.1518106,70500.0459414377,1,BACE_1488,Beta-secretase 1 (BACE-1)
S(=O)(=O)(N(C)c1cc(cc(c1)/C(=N/OC)/C)C(=O)NC([C@@H](O)C[NH2+]Cc1cc(OC)ccc1)Cc1cc(F)cc(F)c1)C,7.221849,59.99996540823128,1,BACE_714,Beta-secretase 1 (BACE-1)
S(=O)(=O)(N(C)c1cc(cc(c1)/C(=N\O)/C)C(=O)N[C@H]([C@@H](O)C[NH2+]Cc1cc(OC)ccc1)Cc1cc(F)cc(F)c1)C,7.1191864,76.00000135083421,1,BACE_766,Beta-secretase 1 (BACE-1)
S(=O)(=O)(N(C)c1cc(cc(c1)/C(=N\OCC(C)C)/C)C(=O)N[C@H]([C@@H](O)C[NH2+]Cc1cc(OC)ccc1)Cc1cc(F)cc(F)c1)C,6.7619538,173.00003858837957,1,BACE_900,Beta-secretase 1 (BACE-1)
S(=O)(=O)(N(C)c1cc(cc(c1)/C(=N\OCC=C)/C)C(=O)N[C@H]([C@@H](O)C[NH2+]Cc1cc(OC)ccc1)Cc1cc(F)cc(F)c1)C,6.821023,151.00001832565732,1,BACE_886,Beta-secretase 1 (BACE-1)
S(=O)(=O)(N(C)c1cc(cc(c1)/C(=N\OCCC)/C)C(=O)NC([C@@H](O)C[NH2+]Cc1cc(OC)ccc1)Cc1cc(F)cc(F)c1)C,7.2291479,59.00001200363863,1,BACE_713,Beta-secretase 1 (BACE-1)
S(=O)(=O)(N(C)c1cc(cc(c1)/C(=N\OCc1ccccc1)/C)C(=O)N[C@H]([C@@H](O)C[NH2+]Cc1cc(OC)ccc1)Cc1cc(F)cc(F)c1)C,8.0457573,9.000003949040394,1,BACE_381,Beta-secretase 1 (BACE-1)
S(=O)(=O)(N(C)c1cc(cc(c1)C(=O)NC(C(O)CC(C(=O)NC(C(C)C)C(=O)NC(C)C)C)CC(C)C)C(=O)NC(C)c1ccccc1)C,8.9586077,1.0999990244548865,1,BACE_239,Beta-secretase 1 (BACE-1)
S(=O)(=O)(N(C)c1cc(cc(c1)C(=O)NC(C(O)CC(C(=O)NC(C(C)C)C(=O)NCc1ccc(F)cc1)C)COCc1cc(F)cc(F)c1)C(=O)NC(C)c1ccccc1)C,5.4436975,3599.999993639722,1,BACE_1269,Beta-secretase 1 (BACE-1)
S(=O)(=O)(N(C)c1cc(cc(c1)C(=O)NC(C(O)CC(C(=O)NC(C(C)C)C(=O)NCc1ccccc1)C)COCc1ccccc1)C(=O)NC(C)c1ccccc1)C,8.4436979,3.599996677918719,1,BACE_318,Beta-secretase 1 (BACE-1)
S(=O)(=O)(N(C)c1cc(cc(c1)C(=O)NC(C(O)CC(C(=O)NC(C(C)C)C(=O)NCc1ccccc1)C)COc1cc(F)cc(F)c1)C(=O)NC(C)c1ccccc1)C,8.5086384,3.099999330209736,1,BACE_312,Beta-secretase 1 (BACE-1)
S(=O)(=O)(N(C)c1cc(cc(c1)C(=O)NC(C(O)CC(C(=O)NC1CC1)C)COCc1cc(F)cc(F)c1)C(=O)NC(C)c1ccccc1)C,5.0,10000.0,1,BACE_1361,Beta-secretase 1 (BACE-1)
S(=O)(=O)(N(C)c1cc(cc(c1)C(=O)NC(C(O)CC(OC)C(=O)NC(C(C)C)C(=O)NCc1ccccc1)COc1cc(F)cc(F)c1)C(=O)NC(C)c1ccccc1)C,9.0,1.0,1,BACE_236,Beta-secretase 1 (BACE-1)
S(=O)(=O)(N(C)c1cc(cc(c1)C(=O)NC(C(O)CC(OC)CNc1ccc(F)cc1)COc1cc(F)cc(F)c1)C(=O)NC(C)c1ccccc1)C,5.8239088,1499.9997960289174,1,BACE_1172,Beta-secretase 1 (BACE-1)
S(=O)(=O)(N(C)c1cc(cc(c1)C(=O)NC(C(O)CC(OC)CNc1ccccc1)COc1cc(F)cc(F)c1)C(=O)NC(C)c1ccccc1)C,5.8239088,1499.9997960289174,1,BACE_1171,Beta-secretase 1 (BACE-1)
S(=O)(=O)(N(C)c1cc(cc(c1)C(=O)NC(C(O)CC(OC)CO)COc1cc(F)cc(F)c1)C(=O)NC(C)c1ccccc1)C,5.0,10000.0,1,BACE_1356,Beta-secretase 1 (BACE-1)
S(=O)(=O)(N(C)c1cc(cc(c1)C(=O)NC(C(O)CC(OC)COC(C)C)COc1cc(F)cc(F)c1)C(=O)NC(C)c1ccccc1)C,6.318759,479.9997376428771,1,BACE_1025,Beta-secretase 1 (BACE-1)
S(=O)(=O)(N(C)c1cc(cc(c1)C(=O)NC(C(O)CC(OC)COC)COc1cc(F)cc(F)c1)C(=O)NC(C)c1ccccc1)C,5.0,10000.0,1,BACE_1357,Beta-secretase 1 (BACE-1)
S(=O)(=O)(N(C)c1cc(cc(c1)C(=O)NC(C(O)CC(OC)COCC1CC1)COc1cc(F)cc(F)c1)C(=O)NC(C)c1ccccc1)C,5.7304869,1860.0006671849171,1,BACE_1201,Beta-secretase 1 (BACE-1)
S(=O)(=O)(N(C)c1cc(cc(c1)C(=O)NC(C(O)CC(OC)COCC=C)COc1cc(F)cc(F)c1)C(=O)NC(C)c1ccccc1)C,5.6925039,2030.000290209044,1,BACE_1213,Beta-secretase 1 (BACE-1)
S(=O)(=O)(N(C)c1cc(cc(c1)C(=O)NC(C(O)CC(OC)COCc1cc(OC)ccc1)COc1cc(F)cc(F)c1)C(=O)NC(C)c1ccccc1)C,5.0,10000.0,1,BACE_1359,Beta-secretase 1 (BACE-1)
S(=O)(=O)(N(C)c1cc(cc(c1)C(=O)NC(C(O)CC(OC)COCc1ccc(F)cc1)COc1cc(F)cc(F)c1)C(=O)NC(C)c1ccccc1)C,5.0,10000.0,1,BACE_1358,Beta-secretase 1 (BACE-1)
S(=O)(=O)(N(C)c1cc(cc(c1)C(=O)NC(C(O)CC(OC)COCc1ccc(OC)cc1)COc1cc(F)cc(F)c1)C(=O)NC(C)c1ccccc1)C,6.8538718,140.00005297108746,1,BACE_872,Beta-secretase 1 (BACE-1)
S(=O)(=O)(N(C)c1cc(cc(c1)C(=O)NC(C(O)CC(OC)COCc1ccccc1)COc1cc(F)cc(F)c1)C(=O)NC(C)c1ccccc1)C,6.6197886,240.00008747341525,1,BACE_936,Beta-secretase 1 (BACE-1)
S(=O)(=O)(N(C)c1cc(cc(c1)C(=O)NC(C(O)CC(OC)COc1ccccc1)COc1cc(F)cc(F)c1)C(=O)NC(C)c1ccccc1)C,5.1870866,6500.0006489178795,1,BACE_1319,Beta-secretase 1 (BACE-1)
S(=O)(=O)(N(C)c1cc(cc(c1)C(=O)NC(C(O)CC(OC)C[NH2+]Cc1ccccc1)COc1cc(F)cc(F)c1)C(=O)NC(C)c1ccccc1)C,5.0,10000.0,1,BACE_1360,Beta-secretase 1 (BACE-1)
S(=O)(=O)(N(C)c1cc(cc(c1)C(=O)NC(C(O)CC(OCCOC)C(=O)NC(C(C)C)C(=O)NCc1ccccc1)COc1cc(F)cc(F)c1)C(=O)NC(C)c1ccccc1)C,8.5086384,3.099999330209736,1,BACE_244,Beta-secretase 1 (BACE-1)
S(=O)(=O)(N(C)c1cc(cc(c1)C(=O)NC(C(O)C[C@@H](C(=O)NC(C(C)C)C(=O)NCc1ccccc1)C)COc1cc(F)cc(F)c1)C(=O)NC(C)c1ccccc1)C,8.0,10.0,1,BACE_399,Beta-secretase 1 (BACE-1)
S(=O)(=O)(N(C)c1cc(cc(c1)C(=O)NC(C)c1ccc(F)cc1)-c1nc([nH]n1)C([NH3+])(Cc1ccccc1)C)C,6.0851283,821.9997775290444,1,BACE_1094,Beta-secretase 1 (BACE-1)
S(=O)(=O)(N(C)c1cc(cc(c1)C(=O)NC(C)c1ccc(F)cc1)-c1nc(on1)C([NH3+])(Cc1ccccc1)C)C,5.6861329,2059.9994290500313,1,BACE_1214,Beta-secretase 1 (BACE-1)
S(=O)(=O)(N(C)c1cc(cc(c1)C(=O)NC(C)c1ccc(F)cc1)-c1oc(cc1)C([NH3+])(Cc1ccccc1)C)C,7.6989698,20.000009410023612,1,BACE_496,Beta-secretase 1 (BACE-1)
S(=O)(=O)(N(C)c1cc(cc(c1)C(=O)NC(C)c1ccc(F)cc1)-c1oc(cn1)C([NH3+])(Cc1ccccc1)C)C,8.1549015,7.000007414098143,1,BACE_362,Beta-secretase 1 (BACE-1)
S(=O)(=O)(N(C)c1cc(cc(c1)C(=O)NC(C)c1ccc(F)cc1)-c1onc(n1)C([NH3+])(Cc1ccccc1)C)C,5.7375488,1830.000464646336,1,BACE_1198,Beta-secretase 1 (BACE-1)
S(=O)(=O)(N(C)c1cc(cc(c1)C(=O)NC(C)c1ccc(F)cc1)CCCC([NH3+])(Cc1ccccc1)CO)C,4.6497521,22399.99389657251,1,BACE_1418,Beta-secretase 1 (BACE-1)
S(=O)(=O)(N(C)c1cc(cc(c1)C(=O)NC(Cc1ccccc1)C(O)C[NH2+]Cc1cc(OC)ccc1)C(=O)NC(C)c1ccccc1)C,8.7447271,1.8000016367105756,1,BACE_241,Beta-secretase 1 (BACE-1)
S(=O)(=O)(N(C)c1cc(cc(c1)C(=O)NC(Cc1ccccc1)C[NH2+]C(C(O)C)C(=O)NCC(C)C)C(=O)NC(C)c1ccccc1)C,7.6020598,25.00001101372527,1,BACE_250,Beta-secretase 1 (BACE-1)
S(=O)(=O)(N(C)c1cc(cc(c1)C(=O)NC)C(=O)NC(C(O)CC(C(=O)NC(C(C)C)C(=O)NCc1ccccc1)C)COCc1cc(F)cc(F)c1)C,5.8996296,1259.9995789766938,1,BACE_1145,Beta-secretase 1 (BACE-1)
S(=O)(=O)(N(C)c1cc(cc(c1)C(=O)NCC(O)(Cc1ccccc1)CO)C(=O)NC(C)c1ccc(F)cc1)C,4.6038008,24899.991566360222,1,BACE_1426,Beta-secretase 1 (BACE-1)
S(=O)(=O)(N(C)c1cc(cc(c1)C(=O)NCC([NH3+])(Cc1ccccc1)CO)C(=O)NC(C)c1ccc(F)cc1)C,4.9665761,10800.003593739424,1,BACE_1377,Beta-secretase 1 (BACE-1)
S(=O)(=O)(N(C)c1cc(cc(c1)C(=O)N[C@@H](Cc1ccccc1)C[NH2+][C@H](C(=O)NCC(C)C)C)C(=O)N[C@H](C)c1ccc(F)cc1)C,8.0969095,8.000009449963196,1,BACE_26,Beta-secretase 1 (BACE-1)
S(=O)(=O)(N(C)c1cc(cc(c1)C(=O)N[C@H](C)c1ccc(F)cc1)-c1oc(nn1)[C@]([NH3+])(Cc1ccccc1)C)C,7.9208188,11.99999872765717,1,BACE_35,Beta-secretase 1 (BACE-1)
S(=O)(=O)(N(C)c1cc(cc(c1)C(=O)N[C@H]([C@@H](O)CC(=O)N[C@@H](C(C)C)C(=O)Nc1cc(cc(c1)C(=O)[O-])C(=O)[O-])COc1cc(F)cc(F)c1)C(=O)N[C@H](C)c1ccccc1)C,7.4317985,36.999980910471976,1,BACE_65,Beta-secretase 1 (BACE-1)
S(=O)(=O)(N(C)c1cc(cc(c1)C(=O)N[C@H]([C@@H](O)CC(=O)N[C@@H](CC(C)C)C(=O)N[C@H](C(=O)N([C@H](Cc1ccccc1)C(=O)N1CCC[C@H]1C(OC)=O)C)C)Cc1ccccc1)C(=O)N[C@H](C)c1ccccc1)C,7.2426038,57.20002254931005,1,BACE_83,Beta-secretase 1 (BACE-1)
S(=O)(=O)(N(C)c1cc(cc(c1)C(=O)N[C@H]([C@@H](O)C[C@H](C(=O)N[C@@H](C(C)C)C(=O)NCc1ccccc1)C)COCc1cc(F)cc(F)c1)C(=O)N[C@H](C)c1ccccc1)C,8.1804562,6.599997940162191,1,BACE_24,Beta-secretase 1 (BACE-1)
S(=O)(=O)(N(C)c1cc(cc(c1)C(=O)N[C@H]([C@@H](O)C[NH2+]Cc1cc(OC)ccc1)Cc1cc(F)cc(F)c1)C(=O)C)C,6.9065785,123.99994713238776,1,BACE_852,Beta-secretase 1 (BACE-1)
S(=O)(=O)(N(C)c1cc(cc(c1)C(=O)N[C@H]([C@@H](O)C[NH2+]Cc1cc(OC)ccc1)Cc1cc(F)cc(F)c1)C(O)C)C,7.3665314,43.00001429923486,1,BACE_663,Beta-secretase 1 (BACE-1)
S(=O)(=O)(N(C)c1cc(cc(c1)C(=O)N[C@H]([C@H](O)C[NH2+]C1CC1)Cc1ccccc1)C(=O)N[C@H](C)c1ccccc1)C,7.8239088,14.999997960289171,1,BACE_43,Beta-secretase 1 (BACE-1)
S(=O)(=O)(N(C)c1cc(cc(c1)C(=O)N[C@H]([C@H](O)C[NH2+]C1CC1)Cc1ccccc1)C(=O)c1ccccc1)C,7.0087738,98.0000280504076,1,BACE_100,Beta-secretase 1 (BACE-1)
S(=O)(=O)(N(C)c1cc(cc(c1)C(=O)N[C@H]([C@H](O)[C@@H]1[NH2+]C(N(C)C1=O)(C)C)Cc1ccccc1)C(=O)N[C@H](C)c1ccc(F)cc1)C,7.1487417,70.9999920352334,1,BACE_87,Beta-secretase 1 (BACE-1)
S(=O)(=O)(N(C)c1cc(cc(c1)C(OCC(O)(Cc1ccccc1)C[NH3+])=O)C(=O)NC(C)c1ccc(F)cc1)C,4.6536469,22200.00641775648,1,BACE_1417,Beta-secretase 1 (BACE-1)
S(=O)(=O)(N(C)c1cc(cc(c1)C(OCC([NH2+]C)(Cc1ccccc1)CO)=O)C(=O)NC(C)c1ccc(F)cc1)C,4.0,100000.0,1,BACE_1497,Beta-secretase 1 (BACE-1)
S(=O)(=O)(N(C)c1cc(cc(c1)C(OC[C@]([NH3+])(Cc1ccccc1)CO)=O)C(=O)N[C@H](C)c1ccc(F)cc1)C,6.6989698,200.0000941002361,1,BACE_120,Beta-secretase 1 (BACE-1)
S(=O)(=O)(N(C)c1cc(cc(c1)CNC(=O)C([NH3+])(Cc1ccccc1)C)C(=O)NC(C)c1ccc(F)cc1)C,5.2426038,5720.002254931005,1,BACE_1309,Beta-secretase 1 (BACE-1)
S(=O)(=O)(N(C)c1cc(cc(c1)CNC(=O)C([NH3+])(Cc1ccccc1)CO)C(=O)NC(C)c1ccc(F)cc1)C,4.7423215,18099.99687969297,1,BACE_1404,Beta-secretase 1 (BACE-1)
S(=O)(=O)(N(C)c1cc(cc(c1)COC(=O)C([NH3+])(Cc1ccccc1)CO)C(=O)NC(C)c1ccc(F)cc1)C,6.5086384,309.9999330209742,1,BACE_969,Beta-secretase 1 (BACE-1)
S(=O)(=O)(N(C)c1cc(cc(c1)COC(=O)[C@]([NH3+])(Cc1ccccc1)C)C(=O)N[C@H](C)c1ccc(F)cc1)C,7.5686364,26.99998979427093,1,BACE_59,Beta-secretase 1 (BACE-1)
S(=O)(=O)(N(C)c1cc(cc(c1)COCC([NH3+])(Cc1ccccc1)C(F)F)C(=O)NC(C)c1ccc(F)cc1)C,6.0338583,924.999930269424,1,BACE_1109,Beta-secretase 1 (BACE-1)
S(=O)(=O)(N(C)c1cc(cc(c1)COCC([NH3+])(Cc1ccccc1)C)C(=O)NC(C)c1ccc(F)cc1)C,6.4634414,344.0001246974249,1,BACE_983,Beta-secretase 1 (BACE-1)
S(=O)(=O)(N(C)c1cc(cc(c1)COCC([NH3+])(Cc1ccccc1)CC)C(=O)NC(C)c1ccc(F)cc1)C,4.6575775,21999.99084011452,1,BACE_1416,Beta-secretase 1 (BACE-1)
S(=O)(=O)(N(C)c1cc(cc(c1)COCC([NH3+])(Cc1ccccc1)CF)C(=O)NC(C)c1ccc(F)cc1)C,6.0013046,997.0005548386088,1,BACE_1118,Beta-secretase 1 (BACE-1)
S(=O)(=O)(N(C)c1cc(cc(c1)COCC([NH3+])(Cc1ccccc1)CO)C(=O)NC(C)c1ccc(F)cc1)C,5.8632793,1370.0004190607012,1,BACE_1159,Beta-secretase 1 (BACE-1)
S(=O)(=O)(N(C)c1cc(cc(c1)COCC([NH3+])(Cc1ccccc1)COC)C(=O)NC(C)c1ccc(F)cc1)C,4.0,100000.0,1,BACE_1501,Beta-secretase 1 (BACE-1)
S(=O)(=O)(N(C)c1cc(cc(c1)COCC([NH3+])Cc1ccccc1)C(=O)NC(C)c1ccc(F)cc1)C,4.9956784,10100.00526093699,1,BACE_1373,Beta-secretase 1 (BACE-1)
S(=O)(=O)(N(C)c1cc(cc(c1)C[NH2+]CC([NH3+])(Cc1ccccc1)CO)C(=O)NC(C)c1ccc(F)cc1)C,4.9956784,10100.00526093699,1,BACE_1372,Beta-secretase 1 (BACE-1)
S(=O)(=O)(N(C)c1cc(ccc1)C(=O)N[C@H]([C@@H](O)C[NH2+]Cc1cc(OC)ccc1)Cc1cc(F)cc(F)c1)C,7.124939,74.99995451387858,1,BACE_763,Beta-secretase 1 (BACE-1)
S(=O)(=O)(N(C)c1cc2cc(NCCCCOc3cc(CC(NC2=O)C(O)C[NH2+]C2(CC2)c2cc(ccc2)C(C)C)ccc3)c1)CCC,8.6989698,2.000000941002362,1,BACE_289,Beta-secretase 1 (BACE-1)
S(=O)(=O)(N(C)c1cc2cc(NCCCCOc3cc(CC(NC2=O)C(O)C[NH2+]Cc2cc(ccc2)C(C)C)ccc3)c1)CCC,9.0,1.0,1,BACE_281,Beta-secretase 1 (BACE-1)
S(=O)(=O)(N(C)c1cc2cc(c1)C(=O)NC(COC\C=C/CCN(C)C2=O)C(O)C[NH2+]Cc1cc(ccc1)C(C)C)C,8.124939,7.499995451387872,1,BACE_367,Beta-secretase 1 (BACE-1)
S(=O)(=O)(N(C)c1cc2cc(c1)C(=O)NC(COCc1cc(ccc1)C(NC2=O)c1ccc(OC)cc1)C(O)CC(C(C)C)C(=O)NCC(C)C)C,5.5086384,3099.9993302097423,1,BACE_1255,Beta-secretase 1 (BACE-1)
S(=O)(=O)(N(C)c1cc2cc(c1)C(=O)NC(COCc1cc(ccc1)C(NC2=O)c1ccccc1)C(O)CC(C(C)C)C(=O)NC)C,5.0,10000.0,1,BACE_1364,Beta-secretase 1 (BACE-1)
S(=O)(=O)(N(C)c1cc2cc(c1)C(=O)NC(COCc1cc(ccc1)C(NC2=O)c1ccccc1)C(O)CC(C(C)C)C(=O)NCC(C)C)C,5.4317985,3699.9980910471977,1,BACE_1271,Beta-secretase 1 (BACE-1)
S(=O)(=O)(N(C)c1cc2cc(c1)C(=O)NC(OCCOC)c1cc(COCC(NC2=O)C(O)CC(C(C)C)C(=O)NCC(C)C)ccc1)C,5.0,10000.0,1,BACE_1365,Beta-secretase 1 (BACE-1)
S(=O)(=O)(N(C)c1cc2cc(c1)C(=O)NC(c1cc(COCC(NC2=O)C(O)CC(C(C)C)C(=O)NCC(C)C)ccc1)CCCOC)C,5.7212462,1900.0008708139903,1,BACE_1203,Beta-secretase 1 (BACE-1)
S(=O)(=O)(N(C)c1cc2cc(c1)C(=O)NCCCCCCOCC(NC2=O)C(O)C[NH2+]Cc1cc(ccc1)C(C)C)C,7.7447276,17.99999564383302,1,BACE_476,Beta-secretase 1 (BACE-1)
S(=O)(=O)(N(C)c1cc2cc(c1)C(=O)NCCCCCOCC(NC2=O)C(O)C[NH2+]Cc1cc(ccc1)C(C)C)C,7.7958798,16.000008007253655,1,BACE_466,Beta-secretase 1 (BACE-1)
S(=O)(=O)(N(C)c1cc2cc(c1)C(=O)NCCCCCOCC(NC2=O)C(O)C[NH2+]Cc1ccccc1)C,5.2757239,5300.002811723825,1,BACE_1305,Beta-secretase 1 (BACE-1)
S(=O)(=O)(N(C)c1cc2cc(c1)C(=O)NCCC\C=C\COCC(NC2=O)C(O)C[NH2+]Cc1cc(ccc1)C(C)C)C,6.7447276,179.9999564383302,1,BACE_907,Beta-secretase 1 (BACE-1)
S(=O)(=O)(N(C)c1cc2cc(c1)C(=O)NCC\C=C\COCC(NC2=O)C(O)C[NH2+]Cc1cc(ccc1)C(C)(C)C)C,7.8239088,14.999997960289171,1,BACE_457,Beta-secretase 1 (BACE-1)
S(=O)(=O)(N(C)c1cc2cc(c1)C(=O)NCC\C=C\COCC(NC2=O)C(O)C[NH2+]Cc1cc(ccc1)C(C)C)C,7.8538718,14.000005297108746,1,BACE_449,Beta-secretase 1 (BACE-1)
S(=O)(=O)(N(C)c1cc2cc(c1)C(=O)NCC\C=C\COCC(NC2=O)C(O)C[NH2+]Cc1ccccc1)C,6.5686364,269.9998979427093,1,BACE_954,Beta-secretase 1 (BACE-1)
S(=O)(=O)(N(C)c1cc2cc(c1)C(=O)N[C@@H](COC\C=C\C[C@H](NC2=O)c1ccccc1)[C@H](O)C[NH2+]Cc1cc(ccc1)C(C)C)C,6.3979402,399.9998237804733,1,BACE_126,Beta-secretase 1 (BACE-1)
S(=O)(=O)(N(C)c1cc2cc(c1)C(=O)N[C@H](C\C=C\COCC(NC2=O)C(O)C[NH2+]Cc1cc(ccc1)C(C)C)c1ccccc1)C,8.4948502,3.1999986860906455,1,BACE_314,Beta-secretase 1 (BACE-1)
S(=O)(=O)(N(C)c1cc2cc(c1)CCCC(OCCOC)c1cc(COCC(NC2=O)C(O)CC(C(C)C)C(=O)NCC(C)C)ccc1)C,5.0,10000.0,1,BACE_1366,Beta-secretase 1 (BACE-1)
S(=O)(=O)(N(C)c1nc(N(CC2CC2C)C)cc(c1)C(=O)NC(C(O)CC(OC)COCc1ccc(OC)cc1)COc1cc(F)cc(F)c1)C,5.7447276,1799.9995643833022,1,BACE_1196,Beta-secretase 1 (BACE-1)
S(=O)(=O)(N(C)c1nc2CC[C@@H](CCc3cc(C[C@]([NH3+])(C)C(OCc(c1)c2)=O)ccc3)C)C,5.7447276,1799.9995643833022,1,BACE_149,Beta-secretase 1 (BACE-1)
S(=O)(=O)(N(C1CCCCC1)c1cc(ccc1)C(=O)NC(Cc1ccccc1)C(O)C[NH2+]C(C(=O)NC1CCCCC1)C)C,6.5228786,300.0001003561184,1,BACE_967,Beta-secretase 1 (BACE-1)
S(=O)(=O)(N(Cc1ccccc1)C)c1cc(ccc1)C(=O)NC(Cc1ccccc1)C(O)C[NH2+]C(C(=O)NC1CCCCC1)C,4.3872161,41000.004085916386,1,BACE_1466,Beta-secretase 1 (BACE-1)
S(=O)(=O)(N(Cc1ccccc1)c1cc(ccc1)C(=O)NC(Cc1ccccc1)C(O)C[NH2+]C(C(=O)NC1CCCCC1)C)C,6.7447276,179.9999564383302,1,BACE_903,Beta-secretase 1 (BACE-1)
S(=O)(=O)(N(c1cc(C(=O)NC(Cc2ccccc2)C(O)C[NH2+]Cc2cc(ccc2)C(F)(F)F)c(cc1)C)c1ccccc1)C,5.4596705,3470.000201420178,1,BACE_1267,Beta-secretase 1 (BACE-1)
S(=O)(=O)(N(c1cc(cc(N2CCCC2=O)c1)C(=O)NC(Cc1ccccc1)C(O)C[NH2+]Cc1cc(ccc1)C(F)(F)F)c1ccccc1)C,8.2218485,6.000003448578396,1,BACE_346,Beta-secretase 1 (BACE-1)
S(=O)(=O)(N(c1cc(cc(NCC)c1)C(=O)N[C@H]([C@H](O)C[NH2+][C@H](C(=O)NC1CCCCC1)C)Cc1ccccc1)c1ccccc1)C,8.5228786,3.0000010035611844,1,BACE_14,Beta-secretase 1 (BACE-1)
S(=O)(=O)(N(c1cc(cc(OCC)c1)C(=O)NC(Cc1ccccc1)C(O)C[NH2+]Cc1cc(ccc1)C(F)(F)F)c1ccccc1)C,8.5228786,3.0000010035611844,1,BACE_309,Beta-secretase 1 (BACE-1)
S(=O)(=O)(N(c1cc(cc(c1)/C(=N/OC)/C)C(=O)NC([C@@H](O)C[NH2+]Cc1cc(OC)ccc1)Cc1cc(F)cc(F)c1)c1ccccc1)C,8.0,10.0,1,BACE_394,Beta-secretase 1 (BACE-1)
S(=O)(=O)(N(c1cc(cc(c1)/C(=N/OCC(C)C)/C)C(=O)N[C@H]([C@@H](O)C[NH2+]Cc1cc(OC)ccc1)Cc1cc(F)cc(F)c1)c1ccccc1)C,6.6161847,241.999963234018,1,BACE_941,Beta-secretase 1 (BACE-1)
S(=O)(=O)(N(c1cc(cc(c1)/C(=N\O)/C)C(=O)N[C@H]([C@@H](O)C[NH2+]Cc1cc(OC)ccc1)Cc1cc(F)cc(F)c1)c1ccccc1)C,8.0457573,9.000003949040394,1,BACE_382,Beta-secretase 1 (BACE-1)
S(=O)(=O)(N(c1cc(cc(c1)/C(=N\OCC=C)/C)C(=O)N[C@H]([C@@H](O)C[NH2+]Cc1cc(OC)ccc1)Cc1cc(F)cc(F)c1)c1ccccc1)C,7.5686364,26.99998979427093,1,BACE_561,Beta-secretase 1 (BACE-1)
S(=O)(=O)(N(c1cc(cc(c1)/C(=N\OCCC)/C)C(=O)NC([C@@H](O)C[NH2+]Cc1cc(OC)ccc1)Cc1cc(F)cc(F)c1)c1ccccc1)C,8.2218485,6.000003448578396,1,BACE_344,Beta-secretase 1 (BACE-1)
S(=O)(=O)(N(c1cc(cc(c1)/C(=N\OCc1ccccc1)/C)C(=O)N[C@H]([C@@H](O)C[NH2+]Cc1cc(OC)ccc1)Cc1cc(F)cc(F)c1)c1ccccc1)C,7.9208188,11.99999872765717,1,BACE_429,Beta-secretase 1 (BACE-1)
S(=O)(=O)(N(c1cc(cc(c1)C(=O)NC(Cc1ccccc1)C(O)C[NH2+]Cc1cc(ccc1)C(F)(F)F)-c1ccccc1)c1ccccc1)C,7.8860564,13.000007414351716,1,BACE_438,Beta-secretase 1 (BACE-1)
S(=O)(=O)(N(c1cc(cc(c1)C(=O)NC(Cc1ccccc1)C(O)C[NH2+]Cc1cc(ccc1)C(F)(F)F)C(C)C)c1ccccc1)C,8.3010302,4.999997647495204,1,BACE_333,Beta-secretase 1 (BACE-1)
S(=O)(=O)(N(c1cc(cc(c1)C(=O)NC(Cc1ccccc1)C(O)C[NH2+]Cc1cc(ccc1)C(F)(F)F)C1CCCC1)c1ccccc1)C,8.3979397,4.000002842975538,1,BACE_323,Beta-secretase 1 (BACE-1)
S(=O)(=O)(N(c1cc(cc(c1)C(=O)N[C@H]([C@@H](O)C[NH2+]Cc1cc(OC)ccc1)Cc1cc(F)cc(F)c1)C(=O)C)c1ccccc1)C,7.7695513,16.999991334382887,1,BACE_468,Beta-secretase 1 (BACE-1)
S(=O)(=O)(N(c1cc(ccc1)C(=O)NC(Cc1ccccc1)C(O)C[NH2+]C(C(=O)NC1CCCCC1)C)c1cc(OC)ccc1)C,7.7447276,17.99999564383302,1,BACE_475,Beta-secretase 1 (BACE-1)
S(=O)(=O)(N(c1cc(ccc1)C(=O)NC(Cc1ccccc1)C(O)C[NH2+]C(C(=O)NC1CCCCC1)C)c1cc(ccc1)C#N)C,8.0969105,7.999991029281913,1,BACE_371,Beta-secretase 1 (BACE-1)
S(=O)(=O)(N(c1cc(ccc1)C(=O)NC(Cc1ccccc1)C(O)C[NH2+]C(C(=O)NC1CCCCC1)C)c1ccc(OC)cc1)C,7.9586072,11.000002908762928,1,BACE_422,Beta-secretase 1 (BACE-1)
S(=O)(=O)(N(c1cc(ccc1)C(=O)NC(Cc1ccccc1)C(O)C[NH2+]C(C(=O)NC1CCCCC1)C)c1ccc(cc1)C#N)C,6.7212462,190.00008708139907,1,BACE_911,Beta-secretase 1 (BACE-1)
S(=O)(=O)(N(c1cc(ccc1)C(=O)NC(Cc1ccccc1)C(O)C[NH2+]C(C(=O)NC1CCCCC1)C)c1ccc(cc1)C(F)(F)F)C,7.6989698,20.000009410023612,1,BACE_497,Beta-secretase 1 (BACE-1)
S(=O)(=O)(N(c1cc(ccc1)C(=O)NC(Cc1ccccc1)C(O)C[NH2+]C(CCCC(C)C)C)c1ccccc1)C,7.4948502,31.999986860906457,1,BACE_609,Beta-secretase 1 (BACE-1)
S(=O)(=O)(N(c1cc(ccc1)C(=O)NC(Cc1ccccc1)C(O)C[NH2+]C1CC1)c1ccccc1)C,6.3565474,439.99992250898646,1,BACE_1014,Beta-secretase 1 (BACE-1)
S(=O)(=O)(N(c1cc(ccc1)C(=O)NC(Cc1ccccc1)C(O)C[NH2+]C1CCCCC1)c1ccccc1)C,6.6143937,243.00001477248875,1,BACE_942,Beta-secretase 1 (BACE-1)
S(=O)(=O)(N(c1cc(ccc1)C(=O)NC(Cc1ccccc1)C(O)C[NH2+]Cc1cc(ccc1)C(F)(F)F)c1ccccc1)C,7.6382723,22.999992796583264,1,BACE_535,Beta-secretase 1 (BACE-1)
S(=O)(=O)(N(c1cc(ccc1)C(=O)NC(Cc1ccccc1)C(O)C[NH2+]Cc1cc(ccc1)C(F)(F)F)c1cccnc1)C,7.6020598,25.00001101372527,1,BACE_548,Beta-secretase 1 (BACE-1)
S(=O)(=O)(N(c1cc(ccc1)C(=O)NC(Cc1ccccc1)C(O)C[NH2+]Cc1cc(ccc1)C(F)(F)F)c1ccncc1)C,6.6777806,210.0000509006688,1,BACE_922,Beta-secretase 1 (BACE-1)
S(=O)(=O)(N(c1cc(ccc1)C(=O)NC(Cc1ccccc1)C(O)C[NH2+]Cc1cc(ccc1)C(F)(F)F)c1ncccc1)C,6.5376019,290.0000681779469,1,BACE_960,Beta-secretase 1 (BACE-1)
S(=O)(=O)(N(c1cc(ccc1)C(=O)N[C@H]([C@@H](O)C[NH2+]Cc1cc(OC)ccc1)Cc1cc(F)cc(F)c1)c1ccccc1)C,7.9586072,11.000002908762928,1,BACE_419,Beta-secretase 1 (BACE-1)
S(=O)(=O)(N(c1cc(ccc1)C(=O)N[C@H]([C@H](O)C[NH2+][C@H](C(=O)NC1CCCCC1)C)Cc1ccccc1)c1ccccc1)C,7.8239088,14.999997960289171,1,BACE_44,Beta-secretase 1 (BACE-1)
S(=O)(=O)(N(c1cc(ccc1C)C(=O)NC(Cc1ccccc1)C(O)C[NH2+]Cc1cc(ccc1)C(F)(F)F)c1ccccc1)C,6.031517,930.0001101668228,1,BACE_1110,Beta-secretase 1 (BACE-1)
S(=O)(=O)(N(c1cc(ncc1)C(=O)NC(Cc1ccccc1)C(O)C[NH2+]Cc1cc(ccc1)C(F)(F)F)c1ccccc1)C,5.3400836,4570.00210382824,1,BACE_1292,Beta-secretase 1 (BACE-1)
S(=O)(=O)(N(c1cccc(C(=O)NC(Cc2ccccc2)C(O)C[NH2+]Cc2cc(ccc2)C(F)(F)F)c1C)c1ccccc1)C,7.5850267,25.999997128120995,1,BACE_555,Beta-secretase 1 (BACE-1)
S(=O)(=O)(N(c1ccccc1)c1cc(cnc1)C(=O)NC(Cc1ccccc1)C(O)C[NH2+]Cc1cc(ccc1)C(F)(F)F)C,7.6777806,21.00000509006688,1,BACE_521,Beta-secretase 1 (BACE-1)
S(=O)(=O)(N(c1ccccc1)c1nc(ccc1)C(=O)NC(Cc1ccccc1)C(O)C[NH2+]Cc1cc(ccc1)C(F)(F)F)C,5.4400935,3629.998954900325,1,BACE_1270,Beta-secretase 1 (BACE-1)
S(=O)(=O)(N(c1ccccc1)c1nccc(c1)C(=O)NC(Cc1ccccc1)C(O)C[NH2+]Cc1cc(ccc1)C(F)(F)F)C,7.8239088,14.999997960289171,1,BACE_453,Beta-secretase 1 (BACE-1)
S(=O)(=O)(N(c1ccccc1C#N)c1cc(ccc1)C(=O)NC(Cc1ccccc1)C(O)C[NH2+]C(C(=O)NC1CCCCC1)C)C,6.5086384,309.9999330209742,1,BACE_970,Beta-secretase 1 (BACE-1)
S(=O)(=O)(N(c1ccccc1OC)c1cc(ccc1)C(=O)NC(Cc1ccccc1)C(O)C[NH2+]C(C(=O)NC1CCCCC1)C)C,6.8996296,125.9999578976694,1,BACE_854,Beta-secretase 1 (BACE-1)
S(=O)(=O)(N1C(C)=C(C(=O)N[C@H](C)c2ccccc2)[C@@H](C)C(C(=O)N[C@H]([C@H](O)C[NH2+]C2CC2)Cc2ccccc2)=C1C)C,4.7931743,16099.993474215466,1,BACE_1397,Beta-secretase 1 (BACE-1)
S(=O)(=O)(N1C(C)=C(C(=O)N[C@H](C)c2ccccc2)[C@@H](CC)C(C(=O)N[C@H]([C@H](O)C[NH2+]C2CC2)Cc2ccccc2)=C1C)C,4.7904849,16200.00318772071,1,BACE_1399,Beta-secretase 1 (BACE-1)
S(=O)(=O)(N1C(C)=C(C(=O)N[C@H]([C@H](O)C[NH2+]C2CC2)Cc2ccccc2)[C@@H](C(C(=O)NOCc2ccccc2)=C1C)c1ccccc1)C,4.6695862,21400.0013132272,1,BACE_1414,Beta-secretase 1 (BACE-1)
S(=O)(=O)(N1C(C)=C(C(=O)N[C@H]([C@H](O)C[NH2+]C2CC2)Cc2ccccc2)[C@@H](C(C)C)C(C(=O)NOCc2ccccc2)=C1C)C,4.9586072,11000.002908762926,1,BACE_1378,Beta-secretase 1 (BACE-1)
S(=O)(=O)(N1C(C)=C(C(=O)N[C@H]([C@H](O)C[NH2+]C2CC2)Cc2ccccc2)[C@@H](C)C(C(=O)NOCc2ccccc2)=C1C)C,4.8268137,14900.001083728108,1,BACE_1391,Beta-secretase 1 (BACE-1)
S(=O)(=O)(N1C(C)=C(C(=O)N[C@H]([C@H](O)C[NH2+]C2CC2)Cc2ccccc2)[C@@H](CC)C(C(=O)NOCc2ccccc2)=C1C)C,5.0222764,9499.999884308792,1,BACE_1350,Beta-secretase 1 (BACE-1)
S(=O)(=O)(N1C(C)=C(C(=O)N[C@H]([C@H](O)C[NH2+]C2CC2)Cc2ccccc2)[C@H](CCC)C(C(=O)NOCc2ccccc2)=C1C)C,5.0915151,8099.9977828018355,1,BACE_1338,Beta-secretase 1 (BACE-1)
S(=O)(=O)(N1CC([NH2+]CC1)C(O)C(NC(=O)c1cc(cc(c1)C)C(=O)N1CCCC1COC)Cc1cc(F)cc(F)c1)c1cc(ccc1)C,9.0,1.0,1,BACE_235,Beta-secretase 1 (BACE-1)
S(=O)(=O)(N1C[C@@H]([NH2+]CC1)[C@@H](O)[C@@H](NC(=O)c1cc(cc(c1)C)C(=O)N(CCC)CCC)Cc1cc(F)cc(F)c1)c1ccccc1,8.3010302,4.999997647495204,1,BACE_20,Beta-secretase 1 (BACE-1)
S(=O)(=O)(NC1CCC([NH2+]CC(O)C(NC(=O)C)Cc2cc(F)cc(F)c2)(CC1)c1cc(ccc1)C(C)(C)C)C,6.3979402,399.9998237804733,1,BACE_1006,Beta-secretase 1 (BACE-1)
S(=O)(=O)(NCC(O)C(NC(=O)c1c2cccnc2n(c1)C(=O)N(CCCC)C)Cc1ccccc1)c1cc(OC)ccc1,4.0,100000.0,1,BACE_1503,Beta-secretase 1 (BACE-1)
S(=O)(=O)(N[C@@H]1C[C@H](C[C@@H](C1)C(=O)N[C@H]([C@@H](O)CC(=O)N[C@@H](CC(C)C)C(=O)N[C@H](C(=O)N([C@H](CC1CCCCC1)C(=O)N1CCC[C@H]1C(OC)=O)C)C)CC1CCCCC1)C(=O)N[C@H](C)C1CCCCC1)C,6.8927898,128.00006789190718,1,BACE_105,Beta-secretase 1 (BACE-1)
S(=O)(=O)(Nc1cc(Nc2ncnc(c2)-c2ccccc2)ccc1C)C,4.6197886,24000.00874734152,1,BACE_174,Beta-secretase 1 (BACE-1)
S(=O)(=O)(Nc1cc(cc(c1)C(C)(C)C)C1([NH2+]CC(O)C(NC(=O)C)Cc2cc(F)cc(F)c2)CCCCC1)C,7.031517,93.00001101668228,1,BACE_810,Beta-secretase 1 (BACE-1)
S(=O)(=O)(Nc1cc(ccc1)C(=O)NC(Cc1ccccc1)C(O)C[NH2+]C(C(=O)NC1CCCCC1)C)Cc1ccccc1,5.2596374,5499.998866625503,1,BACE_1307,Beta-secretase 1 (BACE-1)
S(=O)(=O)(Nc1cc(ccc1)C(=O)NC(Cc1ccccc1)C(O)C[NH2+]C(C(=O)NC1CCCCC1)C)c1ccccc1,5.1023731,7899.996520346861,1,BACE_1334,Beta-secretase 1 (BACE-1)
S(=O)(=O)(c1cc(cc(c1)C(=O)NC(Cc1cc(F)cc(F)c1)C(O)C[NH2+]Cc1cc(OC)ccc1)C(=O)N(CCC)CCC)c1ccc(OC)cc1,7.9208188,11.99999872765717,1,BACE_430,Beta-secretase 1 (BACE-1)
S(=O)(=O)(c1cc(cc(c1)C(=O)NC(Cc1cc(F)cc(F)c1)C(O)C[NH2+]Cc1cc(OC)ccc1)C(=O)N(CCC)CCC)c1ccccc1,7.9586072,11.000002908762928,1,BACE_420,Beta-secretase 1 (BACE-1)
S(=O)(=O)(n1cc(c2c1cccc2)C(=O)NC(Cc1ccccc1)C(O)C[NH2+]Cc1cc(OC)ccc1)CCCC,5.5086384,3099.9993302097423,1,BACE_1254,Beta-secretase 1 (BACE-1)
S(C(C)C)C(NC(=O)C(C(C)C)CC(O)C1NC(=O)c2cc(N(S(=O)(=O)C)C)cc(c2)C(=O)NC(c2cc(COC1)ccc2)C)C(=O)NCc1ccccc1,7.3010302,49.99997647495204,1,BACE_696,Beta-secretase 1 (BACE-1)
S(C(C)C)C(NC(=O)C(C(C)C)CC(O)C1NC(=O)c2cc(N(S(=O)(=O)C)C)cc(c2)C(=O)NC(c2cc(COC1)ccc2)c1ccccc1)C(=O)NCc1ccccc1,6.6197886,240.00008747341525,1,BACE_939,Beta-secretase 1 (BACE-1)
S(C)C1CCC([NH2+]CC(O)C(NC(=O)C)Cc2cc(F)cc(F)c2)(CC1)c1cc(ccc1)C(C)(C)C,7.6197886,24.000008747341525,1,BACE_542,Beta-secretase 1 (BACE-1)
S(C)c1cc(ccc1)-c1cc2c(OC(CC23N=C(N)N(C)C3=O)(C)C)cc1,6.4634414,344.0001246974249,1,BACE_984,Beta-secretase 1 (BACE-1)
S(C)c1cc(ccc1)-c1ccc(cc1)C1CC1C=1N=C(N)N(C)C(=O)C=1,4.8268137,14900.001083728108,1,BACE_1392,Beta-secretase 1 (BACE-1)
S(CC)c1cc(ccc1)-c1ccc(cc1)C1CC1C=1N=C(N)N(C)C(=O)C=1,5.0409584,9100.00435160606,1,BACE_1346,Beta-secretase 1 (BACE-1)
S(CCC(NC(=O)C(NC(=O)C)C(C)C)C(=O)NC(C(O)CC(C(=O)NCCCC)C)CC(C)C)C,6.4317985,369.99980910471976,1,BACE_993,Beta-secretase 1 (BACE-1)
S(CCC(NC(=O)C(NC(=O)C)C)C(=O)NC(C(O)CC(C(=O)NCCCC)C)CC(C)C)C,5.3979402,3999.998237804733,1,BACE_1276,Beta-secretase 1 (BACE-1)
S(CCC([NH3+])(Cc1ccccc1)CO)c1cc(cc(N(S(=O)(=O)C)C)c1)C(=O)NC(C)c1ccc(F)cc1,4.0,100000.0,1,BACE_1499,Beta-secretase 1 (BACE-1)
S(CC[C@H](NC(=O)CCC(C)C)C(=O)N[C@H]([C@@H](O)C[C@H](C(=O)NCCCC)C)CC(C)C)C,6.2291479,590.0001200363863,1,BACE_132,Beta-secretase 1 (BACE-1)
S(CC[C@H](NC(=O)[C@@H](NC(=O)C)CC(C)C)C(=O)N[C@H]([C@@H](O)C[C@H](C(=O)NCCCC)C)CC(C)C)C,7.2757239,53.00002811723825,1,BACE_79,Beta-secretase 1 (BACE-1)
S(CC[C@H](NC(=O)[C@@H](NC(=O)C)CC(C)C)C(=O)N[C@H]([C@@H](O)[C@@H]1CC(=O)C[C@H]1C(=O)N[C@@H](C(C)C)C(=O)[NH2+]CCCC)CC(C)C)C,8.0,10.0,1,BACE_31,Beta-secretase 1 (BACE-1)
S(Oc1cc(cc(OCC(=O)NCCCCC[NH3+])c1)C(=O)N[C@H](C)c1ccc(F)cc1)(=O)(=O)Cc1ccccc1,5.8538718,1400.0005297108746,1,BACE_147,Beta-secretase 1 (BACE-1)
S(Oc1cc(ccc1)C(=O)NC(Cc1ccccc1)C(O)C[NH2+]C(C(=O)NC1CCCCC1)C)(=O)(=O)Cc1ccccc1,4.8860564,13000.007414351718,1,BACE_1385,Beta-secretase 1 (BACE-1)
S(c1cc(cc(c1)C(=O)NC(Cc1cc(F)cc(F)c1)C(O)C[NH2+]Cc1cc(OC)ccc1)C(=O)N(CCC)CCC)c1ccc(OC)cc1,7.5686364,26.99998979427093,1,BACE_562,Beta-secretase 1 (BACE-1)
S(c1cc(cc(c1)C(=O)NC(Cc1cc(F)cc(F)c1)C(O)C[NH2+]Cc1cc(OC)ccc1)C(=O)N(CCC)CCC)c1ccccc1,7.8860564,13.000007414351716,1,BACE_436,Beta-secretase 1 (BACE-1)
S1(=O)(=O)CC(Cc2cc(-c3ccoc3)c(N)c(F)c2)C(O)C([NH2+]Cc2cc(ccc2)C(C)(C)C)C1,6.8239088,149.99997960289173,1,BACE_885,Beta-secretase 1 (BACE-1)
S1(=O)(=O)CC(Cc2cc(-c3n[nH]cc3)c(N)c(F)c2)C(O)C([NH2+]Cc2cc(ccc2)C(C)(C)C)C1,7.5528421,27.99999153205545,1,BACE_570,Beta-secretase 1 (BACE-1)
S1(=O)(=O)CC(Cc2cc(-c3occc3)c(N)c(F)c2)C(O)C([NH2+]Cc2cc(ccc2)C(C)(C)C)C1,7.1023731,78.99996520346862,1,BACE_772,Beta-secretase 1 (BACE-1)
S1(=O)(=O)CC(Cc2cc(C3CC3)c(N)c(F)c2)C(O)C([NH2+]Cc2cc(ccc2)C(C)(C)C)C1,7.0268722,93.99998839872129,1,BACE_811,Beta-secretase 1 (BACE-1)
S1(=O)(=O)CC(Cc2cc(CC(OC)C(F)(F)F)c(N)c(F)c2)C(O)C([NH2+]Cc2cc(ccc2)C(C)(C)C)C1,7.1079054,77.99999951678532,1,BACE_769,Beta-secretase 1 (BACE-1)
S1(=O)(=O)CC(Cc2cc(CC)c(N)c(F)c2)C(O)C([NH2+]Cc2cc(ccc2)C(C)(C)C)C1,6.0604806,870.0002952416597,1,BACE_1103,Beta-secretase 1 (BACE-1)
S1(=O)(=O)CC(Cc2cc(CC)c(NC(=O)C)c(F)c2)C(O)C([NH2+]Cc2cc(ccc2)C(C)(C)C)C1,8.0969105,7.999991029281913,1,BACE_372,Beta-secretase 1 (BACE-1)
S1(=O)(=O)CC(Cc2cc(CC)c(NC(=O)C[NH+](C)C)c(F)c2)C(O)C([NH2+]Cc2cc(ccc2)C(C)(C)C)C1,7.2839966,52.000006748855334,1,BACE_702,Beta-secretase 1 (BACE-1)
S1(=O)(=O)CC(Cc2cc(CC)c(O)cc2)C(O)C([NH2+]Cc2cc(ccc2)C(C)C)C1,6.4317985,369.99980910471976,1,BACE_995,Beta-secretase 1 (BACE-1)
S1(=O)(=O)CC(Cc2cc(CCC(F)(F)F)c(N)c(F)c2)C(O)C([NH2+]Cc2cc(ccc2)C(C)(C)C)C1,6.8860564,130.00007414351717,1,BACE_863,Beta-secretase 1 (BACE-1)
S1(=O)(=O)CC(Cc2cc(CCC)c(N)c(F)c2)C(O)C([NH2+]Cc2cc(ccc2)C(C)(C)C)C1,6.8860564,130.00007414351717,1,BACE_862,Beta-secretase 1 (BACE-1)
S1(=O)(=O)CC(Cc2cc(CCC)c(O)cc2)C(O)C([NH2+]Cc2cc(ccc2)C(C)C)C1,6.7212462,190.00008708139907,1,BACE_913,Beta-secretase 1 (BACE-1)
S1(=O)(=O)CC(Cc2cc(CCCC)c(O)cc2)C(O)C([NH2+]Cc2cc(ccc2)C(C)C)C1,6.8239088,149.99997960289173,1,BACE_884,Beta-secretase 1 (BACE-1)
S1(=O)(=O)CC(Cc2cc(CCO)c(O)cc2)C(O)C([NH2+]Cc2cc(ccc2)C(C)C)C1,6.004365,989.9995564034562,1,BACE_1117,Beta-secretase 1 (BACE-1)
S1(=O)(=O)CC(Cc2cc(CO)c(O)cc2)C(O)C([NH2+]Cc2cc(ccc2)C(C)C)C1,5.9208188,1199.9998727657169,1,BACE_1139,Beta-secretase 1 (BACE-1)
S1(=O)(=O)CC(Cc2cc(Cc3cc(ccc3)C)c(O)cc2)C(O)C([NH2+]Cc2cc(ccc2)C(C)C)C1,5.2076082,6200.001577526174,1,BACE_1314,Beta-secretase 1 (BACE-1)
S1(=O)(=O)CC(Cc2cc(F)c(N)cc2)C(O)C([NH2+]Cc2cc(ccc2)C(C)(C)C)C1,6.4559321,349.9998836674418,1,BACE_989,Beta-secretase 1 (BACE-1)
S1(=O)(=O)CC(Cc2cc(F)c(NC(=O)C[NH+](C)C)cc2)C(O)C([NH2+]Cc2cc(ccc2)C(C)(C)C)C1,7.2146702,60.99999508246877,1,BACE_728,Beta-secretase 1 (BACE-1)
S1(=O)(=O)CC(Cc2cc(F)c3NCC4(CCC4)c3c2)C(O)C([NH2+]Cc2cc(ccc2)C(C)(C)C)C1,6.251812,559.9999651769192,1,BACE_1044,Beta-secretase 1 (BACE-1)
S1(=O)(=O)CC(Cc2cc(O)c(N)c(F)c2)C(O)C([NH2+]Cc2cc(ccc2)C(C)(C)C)C1,6.9208188,119.99998727657167,1,BACE_849,Beta-secretase 1 (BACE-1)
S1(=O)(=O)CC(Cc2cc(OC(C(F)(F)F)C(F)(F)F)c(N)c(F)c2)C(O)C([NH2+]CC2CC2OC(C)(C)C)C1,5.0,10000.0,1,BACE_1368,Beta-secretase 1 (BACE-1)
S1(=O)(=O)CC(Cc2cc(OC(C(F)(F)F)C(F)(F)F)c(N)c(F)c2)C(O)C([NH2+]Cc2cc(OC(F)(F)F)ccc2)C1,7.3565474,43.99999225089864,1,BACE_668,Beta-secretase 1 (BACE-1)
S1(=O)(=O)CC(Cc2cc(OC(C(F)(F)F)C(F)(F)F)c(N)c(F)c2)C(O)C([NH2+]Cc2cc(ccc2)C(C)(C)C)C1,8.6989698,2.000000941002362,1,BACE_290,Beta-secretase 1 (BACE-1)
S1(=O)(=O)CC(Cc2cc(OC(C(F)(F)F)C(F)(F)F)c(N)c(F)c2)C(O)C([NH2+]Cc2cc(ccc2)C(CO)(C)C)C1,8.6989698,2.000000941002362,1,BACE_293,Beta-secretase 1 (BACE-1)
S1(=O)(=O)CC(Cc2cc(OC(C(F)(F)F)C(F)(F)F)c(N)c(F)c2)C(O)C([NH2+]Cc2cc(ccc2)C(O)(C)C)C1,8.6989698,2.000000941002362,1,BACE_292,Beta-secretase 1 (BACE-1)
S1(=O)(=O)CC(Cc2cc(OC(C(F)(F)F)C(F)(F)F)c(N)c(F)c2)C(O)C([NH2+]Cc2cc3c(COC3(C)C)cc2)C1,8.2218485,6.000003448578396,1,BACE_349,Beta-secretase 1 (BACE-1)
S1(=O)(=O)CC(Cc2cc(OC(C(F)(F)F)C(F)(F)F)c(N)c(F)c2)C(O)C([NH2+]Cc2cn(nc2)CC(C)(C)C)C1,7.4436975,35.999999936397224,1,BACE_630,Beta-secretase 1 (BACE-1)
S1(=O)(=O)CC(Cc2cc(OC(C(F)(F)F)C(F)(F)F)c(N)c(F)c2)C(O)C([NH2+]Cc2nccc(c2)C(C)(C)C)C1,7.167491,68.00001366809106,1,BACE_741,Beta-secretase 1 (BACE-1)
S1(=O)(=O)CC(Cc2cc(OC(C(F)(F)F)C(F)(F)F)c(N)c(F)c2)C(O)C([NH2+]Cc2noc(c2)CC(C)(C)C)C1,8.1549015,7.000007414098143,1,BACE_363,Beta-secretase 1 (BACE-1)
S1(=O)(=O)CC(Cc2cc(OC(C(F)(F)F)C(F)(F)F)c(N)c(F)c2)C(O)C([NH3+])C1,5.0,10000.0,1,BACE_1367,Beta-secretase 1 (BACE-1)
S1(=O)(=O)CC(Cc2cc(OC(C)C)c(N)c(F)c2)C(O)C([NH2+]Cc2cc(ccc2)C(C)(C)C)C1,7.3665314,43.00001429923486,1,BACE_665,Beta-secretase 1 (BACE-1)
S1(=O)(=O)CC(Cc2cc(OC(F)(F)F)c(N)cc2)C(O)C([NH2+]Cc2cc(ccc2)C(C)(C)C)C1,6.8860564,130.00007414351717,1,BACE_861,Beta-secretase 1 (BACE-1)
S1(=O)(=O)CC(Cc2cc(OC3CCC3)c(N)c(F)c2)C(O)C([NH2+]Cc2cc(ccc2)C(C)(C)C)C1,7.9586072,11.000002908762928,1,BACE_426,Beta-secretase 1 (BACE-1)
S1(=O)(=O)CC(Cc2cc(OC3COC3)c(N)c(F)c2)C(O)C([NH2+]Cc2cc(ccc2)C(C)(C)C)C1,7.6020598,25.00001101372527,1,BACE_550,Beta-secretase 1 (BACE-1)
S1(=O)(=O)CC(Cc2cc(OCC(F)(F)F)c(N)c(F)c2)C(O)C([NH2+]Cc2cc(ccc2)C(C)(C)C)C1,8.2218485,6.000003448578396,1,BACE_348,Beta-secretase 1 (BACE-1)
S1(=O)(=O)CC(Cc2cc(OCC(F)(F)F)c(N)cc2)C(O)C([NH2+]Cc2cc(ccc2)C(C)(C)C)C1,7.4436975,35.999999936397224,1,BACE_629,Beta-secretase 1 (BACE-1)
S1(=O)(=O)CC(Cc2cc(OCC(F)F)c(N)c(F)c2)C(O)C([NH2+]Cc2cc(ccc2)C(C)(C)C)C1,8.2218485,6.000003448578396,1,BACE_347,Beta-secretase 1 (BACE-1)
S1(=O)(=O)CC(Cc2cc(OCC)c(N)c(F)c2)C(O)C([NH2+]Cc2cc(ccc2)C(C)(C)C)C1,7.6197886,24.000008747341525,1,BACE_544,Beta-secretase 1 (BACE-1)
S1(=O)(=O)CC(Cc2cc(OCCC(F)(F)F)c(N)c(F)c2)C(O)C([NH2+]Cc2cc(ccc2)C(C)(C)C)C1,7.124939,74.99995451387858,1,BACE_764,Beta-secretase 1 (BACE-1)
S1(=O)(=O)CC(Cc2cc(OCCC)c(N)c(F)c2)C(O)C([NH2+]Cc2cc(ccc2)C(C)(C)C)C1,7.251812,55.99999651769192,1,BACE_708,Beta-secretase 1 (BACE-1)
S1(=O)(=O)CC(Cc2cc(OCCC)c(N)cc2)C(O)C([NH2+]Cc2cc(ccc2)C(C)(C)C)C1,7.3467875,44.99999857264952,1,BACE_671,Beta-secretase 1 (BACE-1)
S1(=O)(=O)CC(Cc2cc(OCCC)ccc2)C(O)C([NH2+]Cc2cc(ccc2)C(C)(C)C)C1,6.1739254,669.9996872870192,1,BACE_1066,Beta-secretase 1 (BACE-1)
S1(=O)(=O)CC(Cc2cc(OCCC)ccc2)C(O)C([NH2+]Cc2cc(ccc2)C(C)C)C1,5.6382723,2299.9992796583265,1,BACE_1223,Beta-secretase 1 (BACE-1)
S1(=O)(=O)CC(Cc2cc(OCCF)c(N)c(F)c2)C(O)C([NH2+]Cc2cc(ccc2)C(C)(C)C)C1,7.3665314,43.00001429923486,1,BACE_664,Beta-secretase 1 (BACE-1)
S1(=O)(=O)CC(Cc2cc(OCCOC)c(N)c(F)c2)C(O)C([NH2+]Cc2cc(ccc2)C(C)(C)C)C1,7.0,100.0,1,BACE_825,Beta-secretase 1 (BACE-1)
S1(=O)(=O)CC(Cc2cc(O[C@@H](C(F)(F)F)C)c(N)c(F)c2)C(O)C([NH2+]Cc2cc(ccc2)C(C)(C)C)C1,8.5228786,3.0000010035611844,1,BACE_311,Beta-secretase 1 (BACE-1)
S1(=O)(=O)CC(Cc2cc(O[C@@H](COCC)C(F)(F)F)c(N)c(F)c2)C(O)C([NH2+]Cc2cc(ccc2)C(C)(C)C)C1,7.4948502,31.999986860906457,1,BACE_612,Beta-secretase 1 (BACE-1)
S1(=O)(=O)CC(Cc2cc(O[C@H](COC)C(F)(F)F)c(N)c(F)c2)C(O)C([NH2+]Cc2cc(ccc2)C(C)(C)C)C1,8.6989698,2.000000941002362,1,BACE_291,Beta-secretase 1 (BACE-1)
S1(=O)(=O)CC(Cc2cc(O[C@H](COCCOC)C(F)(F)F)c(N)c(F)c2)C(O)C([NH2+]Cc2cc(ccc2)C(C)(C)C)C1,8.3979397,4.000002842975538,1,BACE_324,Beta-secretase 1 (BACE-1)
S1(=O)(=O)CC(Cc2cc(ccc2)COCCC)C(O)C([NH2+]Cc2cc(ccc2)C(C)C)C1,5.9586072,1100.0002908762926,1,BACE_1132,Beta-secretase 1 (BACE-1)
S1(=O)(=O)CC(Cc2cc3c([nH]cc3)cc2)C(O)C([NH2+]Cc2cc(ccc2)C(C)(C)C)C1,5.5606675,2749.9987726459217,1,BACE_1239,Beta-secretase 1 (BACE-1)
S1(=O)(=O)CC(Cc2cc3c([nH]cc3CC(F)(F)F)cc2)C(O)C([NH2+]Cc2cc(ccc2)C(C)(C)C)C1,6.9208188,119.99998727657167,1,BACE_848,Beta-secretase 1 (BACE-1)
S1(=O)(=O)CC(Cc2cc3c([nH]cc3CC)cc2)C(O)C([NH2+]Cc2cc(ccc2)C(C)(C)C)C1,6.6989698,200.0000941002361,1,BACE_917,Beta-secretase 1 (BACE-1)
S1(=O)(=O)CC(Cc2cc3c([nH]nc3)cc2)C(O)C([NH2+]Cc2cc(ccc2)C(C)(C)C)C1,5.8386321,1449.9996586631833,1,BACE_1169,Beta-secretase 1 (BACE-1)
S1(=O)(=O)CC(Cc2cc3c([nH]nc3CCC)cc2)C(O)C([NH2+]Cc2cc(ccc2)C(C)(C)C)C1,6.6575775,219.99990840114523,1,BACE_928,Beta-secretase 1 (BACE-1)
S1(=O)(=O)CC(Cc2ccc(O)cc2)C(O)C([NH2+]Cc2cc(ccc2)C(C)C)C1,5.7447276,1799.9995643833022,1,BACE_1197,Beta-secretase 1 (BACE-1)
S1(=O)(=O)CC(Cc2ccccc2)C(O)C([NH2+]Cc2cc(ccc2)C(C)(C)C)C1,5.7904849,1620.000318772071,1,BACE_1183,Beta-secretase 1 (BACE-1)
S1(=O)(=O)CC(Cc2ccccc2)C(O)C([NH2+]Cc2cc(ccc2)C(C)C)C1,5.9586072,1100.0002908762926,1,BACE_1131,Beta-secretase 1 (BACE-1)
S1(=O)(=O)C[C@@H](Cc2cc(C[C@@H]3N(CCC)C(OC3)=O)c(O)cc2)[C@H](O)[C@@H]([NH2+]Cc2cc(ccc2)C(C)C)C1,6.8239088,149.99997960289173,1,BACE_108,Beta-secretase 1 (BACE-1)
S1(=O)(=O)C[C@@H](Cc2cc(C[C@H](O)C(F)(F)F)c(N)c(F)c2)[C@H](O)[C@@H]([NH2+]Cc2cc(ccc2)C(C)(C)C)C1,7.309804,48.999990970650195,1,BACE_76,Beta-secretase 1 (BACE-1)
S1(=O)(=O)C[C@@H](Cc2cc(F)c3NCC4(CCC(F)(F)CC4)c3c2)[C@H](O)[C@@H]([NH2+]Cc2cc(ccc2)C(C)(C)C)C1,6.8538718,140.00005297108746,1,BACE_106,Beta-secretase 1 (BACE-1)
S1(=O)(=O)C[C@@H](Cc2cc(O[C@H](COCC)C(F)(F)F)c(N)c(F)c2)[C@H](O)[C@@H]([NH2+]Cc2cc(ccc2)C(C)(C)C)C1,8.6989698,2.000000941002362,1,BACE_4,Beta-secretase 1 (BACE-1)
S1(=O)(=O)C[C@@H](Cc2cc3c([nH]cc3CC(F)F)cc2)[C@H](O)[C@@H]([NH2+]Cc2cc(ccc2)C(C)(C)C)C1,7.2596374,54.99998866625503,1,BACE_82,Beta-secretase 1 (BACE-1)
S1(=O)(=O)N(C2(CC([NH+](CC2)Cc2cc(OC(C)C)ccc2)C)CN1C(C)C)c1cc(F)ccc1,5.6382723,2299.9992796583265,1,BACE_1224,Beta-secretase 1 (BACE-1)
S1(=O)(=O)N(C2(CC([NH+](CC2)Cc2cc(OC(C)C)ccc2)C)CN1CC)c1cc(F)ccc1,5.7695513,1699.9991334382887,1,BACE_1189,Beta-secretase 1 (BACE-1)
S1(=O)(=O)N(C2(CC([NH+](CC2)Cc2cc(OC(C)C)ccc2)C)CN1c1cccnc1)c1cc(F)ccc1,5.5086384,3099.9993302097423,1,BACE_1256,Beta-secretase 1 (BACE-1)
S1(=O)(=O)N(C2(CC([NH+](CC2)Cc2cc(OC(C)C)ccc2)C)CN1c1ccncc1)c1cc(F)ccc1,5.3979402,3999.998237804733,1,BACE_1280,Beta-secretase 1 (BACE-1)
S1(=O)(=O)N(C2(CC([NH+](CC2)Cc2cc(OC(C)C)ccc2)C)CN1c1ncccn1)c1cc(F)ccc1,5.8239088,1499.9997960289174,1,BACE_1175,Beta-secretase 1 (BACE-1)
S1(=O)(=O)N(C2(CC([NH+](CC2)Cc2cc(OC(C)C)ccc2)C)CN1c1occn1)c1cc(F)ccc1,5.7695513,1699.9991334382887,1,BACE_1190,Beta-secretase 1 (BACE-1)
S1(=O)(=O)N(C2(CC([NH+](CC2)Cc2cc(OCC)c(O)cc2)C)CN1C)c1cc(F)ccc1,5.9208188,1199.9998727657169,1,BACE_1141,Beta-secretase 1 (BACE-1)
S1(=O)(=O)N(C2(CC([NH+](CC2)Cc2cc3c([nH]cc3)cc2)C)CN1C)c1cc(F)ccc1,5.2146702,6099.999508246877,1,BACE_1311,Beta-secretase 1 (BACE-1)
S1(=O)(=O)N(C2(CC([NH+](CC2)Cc2cc3c([nH]nc3CC)cc2)C)CN1C)c1cc(F)ccc1,5.9586072,1100.0002908762926,1,BACE_1134,Beta-secretase 1 (BACE-1)
S1(=O)(=O)N(C2(CC([NH+](CC2)Cc2ccc(NC(=O)C)cc2)C)CN1C)c1cc(F)ccc1,5.19382,6400.0003833876235,1,BACE_1318,Beta-secretase 1 (BACE-1)
S1(=O)(=O)N(C2(CC([NH+](CC2)Cc2ccc(O)cc2)C)CN1C)c1cc(F)ccc1,6.5686364,269.9998979427093,1,BACE_955,Beta-secretase 1 (BACE-1)
S1(=O)(=O)N(C2C=C(C=C3N(CC[NH+](C23)CC1)CC)C(=O)NC(Cc1ccccc1)C(O)C[NH2+]C1CC1)C,6.2596374,549.9998866625504,1,BACE_1039,Beta-secretase 1 (BACE-1)
S1(=O)(=O)N(C2C=C(C=C3N(CC[NH+](C23)CC1)CC)C(=O)NC(Cc1ccccc1)C(O)C[NH2+]Cc1cc(ccc1)C(F)(F)F)C,7.5850267,25.999997128120995,1,BACE_553,Beta-secretase 1 (BACE-1)
S1(=O)(=O)N(CCCC1)c1cc(cc(NCC)c1)C(=O)NC(Cc1ccccc1)C(O)C[NH2+]C1CC1,6.9208188,119.99998727657167,1,BACE_839,Beta-secretase 1 (BACE-1)
S1(=O)(=O)N(CCCC1)c1cc(cc(NCC)c1)C(=O)NC(Cc1ccccc1)C(O)C[NH2+]C1CCOCC1,7.0409584,91.0000435160606,1,BACE_805,Beta-secretase 1 (BACE-1)
S1(=O)(=O)N(CCCC1)c1cc(cc(NCC)c1)C(=O)NC(Cc1ccccc1)C(O)C[NH2+]C1CCc2c1cc(OC)cc2,7.7447276,17.99999564383302,1,BACE_473,Beta-secretase 1 (BACE-1)
S1(=O)(=O)N(CCCC1)c1cc(cc(NCC)c1)C(=O)NC(Cc1ccccc1)C(O)C[NH2+]Cc1cc(cnc1)C#N,7.3979402,39.999982378047335,1,BACE_642,Beta-secretase 1 (BACE-1)
S1(=O)(=O)N(CCCC1)c1cc(cc(NCC)c1)C(=O)N[C@H]([C@H](O)C[NH2+]C(C)(C)c1cc(ccc1)C(F)(F)F)Cc1ccccc1,8.2218485,6.000003448578396,1,BACE_345,Beta-secretase 1 (BACE-1)
S1(=O)(=O)N(CCCC1)c1cc(cc(NCC)c1)C(=O)N[C@H]([C@H](O)C[NH2+]Cc1cc(ccc1)C(F)(F)F)Cc1ccccc1,8.5228786,3.0000010035611844,1,BACE_13,Beta-secretase 1 (BACE-1)
S1(=O)(=O)N(CCCC1)c1cc(cc(NCC)c1C)C(=O)NC(Cc1ccccc1)C(O)C[NH2+]Cc1cc(ccc1)C(F)(F)F,7.6382723,22.999992796583264,1,BACE_531,Beta-secretase 1 (BACE-1)
S1(=O)(=O)N(CCCC1)c1cc(cc(NCC)c1OC)C(=O)NC(Cc1ccccc1)C(O)C[NH2+]Cc1cc(ccc1)C(F)(F)F,7.7447276,17.99999564383302,1,BACE_472,Beta-secretase 1 (BACE-1)
S1(=O)(=O)N(CCCC1)c1cc(cc(c1)/C(=N\O)/C)C(=O)N[C@H]([C@@H](O)C[NH2+]Cc1cc(OC)ccc1)Cc1cc(F)cc(F)c1,7.4202166,37.99998279638034,1,BACE_635,Beta-secretase 1 (BACE-1)
S1(=O)(=O)N(CCCC1)c1cc(cc(c1)/C(=N\OC)/C)C(=O)NC([C@@H](O)C[NH2+]Cc1cc(OC)ccc1)Cc1cc(F)cc(F)c1,7.2839966,52.000006748855334,1,BACE_701,Beta-secretase 1 (BACE-1)
S1(=O)(=O)N(CCCC1)c1cc(cc(c1)/C(=N\OCC(C)C)/C)C(=O)N[C@H]([C@@H](O)C[NH2+]Cc1cc(OC)ccc1)Cc1cc(F)cc(F)c1,6.368556,428.0002276390626,1,BACE_1012,Beta-secretase 1 (BACE-1)
S1(=O)(=O)N(CCCC1)c1cc(cc(c1)/C(=N\OCC=C)/C)C(=O)N[C@H]([C@@H](O)C[NH2+]Cc1cc(OC)ccc1)Cc1cc(F)cc(F)c1,6.9546771,110.99997986316082,1,BACE_837,Beta-secretase 1 (BACE-1)
S1(=O)(=O)N(CCCC1)c1cc(cc(c1)/C(=N\OCCC)/C)C(=O)NC([C@@H](O)C[NH2+]Cc1cc(OC)ccc1)Cc1cc(F)cc(F)c1,7.6020598,25.00001101372527,1,BACE_546,Beta-secretase 1 (BACE-1)
S1(=O)(=O)N(CCCC1)c1cc(cc(c1)/C(=N\OCc1ccccc1)/C)C(=O)N[C@H]([C@@H](O)C[NH2+]Cc1cc(OC)ccc1)Cc1cc(F)cc(F)c1,7.5086384,30.999993302097423,1,BACE_603,Beta-secretase 1 (BACE-1)
S1(=O)(=O)N(CCCC1)c1cc(cc(c1)C(=O)N[C@H]([C@@H](O)C[NH2+]Cc1cc(OC)ccc1)Cc1cc(F)cc(F)c1)C(=O)C,7.0457573,90.00003949040395,1,BACE_797,Beta-secretase 1 (BACE-1)
S1(=O)(=O)N(CCCC1)c1cc(cc(c1)C(=O)N[C@H]([C@@H](O)C[NH2+]Cc1cc(OC)ccc1)Cc1cc(F)cc(F)c1)C(O)C,7.3665314,43.00001429923486,1,BACE_662,Beta-secretase 1 (BACE-1)
S1(=O)(=O)N(CCCC1)c1cc(ccc1)C(=O)NC(Cc1cc(F)cc(F)c1)C(O)C[NH2+]Cc1cc(OC)ccc1,7.1307683,73.9999966380135,1,BACE_761,Beta-secretase 1 (BACE-1)
S1(=O)(=O)N([C@]2(C[C@@H]([N@H+](CC2)Cc2cc(OC(C)C)c(O)cc2)C)CN1C)c1cc(F)ccc1,7.0,100.0,1,BACE_101,Beta-secretase 1 (BACE-1)
S1(=O)(=O)N([C@]2(C[C@@H]([N@H+](CC2)Cc2cc(OC(C)C)ccc2)C)CN1C)c1cc(F)ccc1,5.6197886,2400.0008747341526,1,BACE_151,Beta-secretase 1 (BACE-1)
S1(=O)(=O)N(c2c(CCC1)c(NCC)cc(c2)C(=O)NC(Cc1ccccc1)C(O)C[NH2+]C1CC1)C,6.8239088,149.99997960289173,1,BACE_880,Beta-secretase 1 (BACE-1)
S1(=O)(=O)N(c2c(CCC1)c(NCC)cc(c2)C(=O)NC(Cc1ccccc1)C(O)C[NH2+]C1CCOCC1)C,6.7212462,190.00008708139907,1,BACE_908,Beta-secretase 1 (BACE-1)
S1(=O)(=O)N(c2c(CCC1)c(NCC)cc(c2)C(=O)NC(Cc1ccccc1)C(O)C[NH2+]CCC(F)(F)F)C,7.5850267,25.999997128120995,1,BACE_554,Beta-secretase 1 (BACE-1)
S1(=O)(=O)N(c2c(CCC1)c(NCC)cc(c2)C(=O)NC(Cc1ccccc1)C(O)C[NH2+]Cc1cc(ccc1)C(F)(F)F)C,7.7212462,19.000008708139905,1,BACE_481,Beta-secretase 1 (BACE-1)
S1(=O)(=O)N(c2c(CCC1)c(NCC)cc(c2)C(=O)N[C@H]([C@H](O)C[NH2+]Cc1cc(OC)ccc1)Cc1ccccc1)C,7.7212462,19.000008708139905,1,BACE_50,Beta-secretase 1 (BACE-1)
S1(=O)(=O)N(c2c3n(cc(c3c(cc2)C(=O)NC(C(O)CC(OC)COCc2ccc(OC)cc2)COc2cc(F)cc(F)c2)CC)CC1)C,5.8239088,1499.9997960289174,1,BACE_1173,Beta-secretase 1 (BACE-1)
S1(=O)(=O)N(c2cc(cc3N(CCN(CC1)c23)CC)C(=O)N[C@H]([C@H](O)C[NH2+]Cc1cc(OC)ccc1)Cc1ccccc1)C,7.5850267,25.999997128120995,1,BACE_56,Beta-secretase 1 (BACE-1)
S1(=O)(=O)N(c2cc(cc3c2n(cc3CC)C1)C(=O)NC(Cc1ccccc1)C(O)C[NH2+]C(CCCC(C)C)(C)C)C,7.6382723,22.999992796583264,1,BACE_533,Beta-secretase 1 (BACE-1)
S1(=O)(=O)N(c2cc(cc3c2n(cc3CC)C1)C(=O)NC(Cc1ccccc1)C(O)C[NH2+]C)C,7.0409584,91.0000435160606,1,BACE_806,Beta-secretase 1 (BACE-1)
S1(=O)(=O)N(c2cc(cc3c2n(cc3CC)C1)C(=O)NC(Cc1ccccc1)C(O)C[NH2+]C1CCCCC1)C,7.221849,59.99996540823128,1,BACE_715,Beta-secretase 1 (BACE-1)
S1(=O)(=O)N(c2cc(cc3c2n(cc3CC)C1)C(=O)NC(Cc1ccccc1)C(O)C[NH2+]Cc1cc(OC)ccc1)C,8.0969105,7.999991029281913,1,BACE_370,Beta-secretase 1 (BACE-1)
S1(=O)(=O)N(c2cc(cc3c2n(cc3CC)CC1)C(=O)NC(Cc1ccccc1)C(O)C[NH2+]C(CCCC(C)C)(C)C)C,8.3010302,4.999997647495204,1,BACE_331,Beta-secretase 1 (BACE-1)
S1(=O)(=O)N(c2cc(cc3c2n(cc3CC)CC1)C(=O)NC(Cc1ccccc1)C(O)C[NH2+]C)C,7.8239088,14.999997960289171,1,BACE_452,Beta-secretase 1 (BACE-1)
S1(=O)(=O)N(c2cc(cc3c2n(cc3CC)CC1)C(=O)NC(Cc1ccccc1)C(O)C[NH2+]C1CC1)C,7.6989698,20.000009410023612,1,BACE_491,Beta-secretase 1 (BACE-1)
S1(=O)(=O)N(c2cc(cc3c2n(cc3CC)CC1)C(=O)NC(Cc1ccccc1)C(O)C[NH2+]C1CC1)CC,7.6989698,20.000009410023612,1,BACE_492,Beta-secretase 1 (BACE-1)
S1(=O)(=O)N(c2cc(cc3c2n(cc3CC)CC1)C(=O)NC(Cc1ccccc1)C(O)C[NH2+]C1CCCCC1)C,8.0457573,9.000003949040394,1,BACE_384,Beta-secretase 1 (BACE-1)
S1(=O)(=O)N(c2cc(cc3c2n(cc3CC)CC1)C(=O)NC(Cc1ccccc1)C(O)C[NH2+]C1CCCCC1)CC,8.1549015,7.000007414098143,1,BACE_361,Beta-secretase 1 (BACE-1)
S1(=O)(=O)N(c2cc(cc3c2n(cc3CC)CC1)C(=O)NC(Cc1ccccc1)C(O)C[NH2+]C1CCOCC1)C,7.8239088,14.999997960289171,1,BACE_451,Beta-secretase 1 (BACE-1)
S1(=O)(=O)N(c2cc(cc3c2n(cc3CC)CC1)C(=O)NC(Cc1ccccc1)C(O)C[NH2+]C1CCOCC1)C(C)C,7.6382723,22.999992796583264,1,BACE_534,Beta-secretase 1 (BACE-1)
S1(=O)(=O)N(c2cc(cc3c2n(cc3CC)CC1)C(=O)NC(Cc1ccccc1)C(O)C[NH2+]C1CCOCC1)CC(F)(F)F,7.5376019,29.00000681779469,1,BACE_575,Beta-secretase 1 (BACE-1)
S1(=O)(=O)N(c2cc(cc3c2n(cc3CC)CC1)C(=O)NC(Cc1ccccc1)C(O)C[NH2+]CC)C,7.318759,47.99997376428772,1,BACE_680,Beta-secretase 1 (BACE-1)
S1(=O)(=O)N(c2cc(cc3c2n(cc3CC)CC1)C(=O)NC(Cc1ccccc1)C(O)C[NH2+]CCC(F)(F)F)C,8.1549015,7.000007414098143,1,BACE_360,Beta-secretase 1 (BACE-1)
S1(=O)(=O)N(c2cc(cc3c2n(cc3CC)CC1)C(=O)NC([C@H](O)C[NH2+]CC#C)Cc1ccccc1)C,7.1366773,72.99997308556385,1,BACE_758,Beta-secretase 1 (BACE-1)
S1(=O)(=O)N(c2cc(cc3c2n(cc3CC)CC1)C(=O)NC([C@H](O)C[NH2+]CCF)Cc1ccccc1)C,7.3010302,49.99997647495204,1,BACE_685,Beta-secretase 1 (BACE-1)
S1(=O)(=O)N(c2cc(cc3c2n(cc3CC)CC1)C(=O)N[C@H]([C@H](O)C[NH2+]C(CC)C)Cc1ccccc1)C,7.6575775,21.999990840114524,1,BACE_525,Beta-secretase 1 (BACE-1)
S1(=O)(=O)N(c2cc(cc3c2n(cc3CC)CC1)C(=O)N[C@H]([C@H](O)C[NH2+]C1CCOCC1)Cc1ccccc1)CC,8.3010302,4.999997647495204,1,BACE_332,Beta-secretase 1 (BACE-1)
S1(=O)(=O)N(c2cc(cc3c2n(cc3CC)CC1)C(=O)N[C@H]([C@H](O)C[NH2+]Cc1cc(OC)ccc1)Cc1ccccc1)C,8.6989698,2.000000941002362,1,BACE_3,Beta-secretase 1 (BACE-1)
S1(=O)(=O)N(c2cc(cc3c2n(cc3CC)CC1)C(=O)N[C@H]([C@H](O)C[NH2+]Cc1cc(ccc1)C(F)(F)F)Cc1ccccc1)C,8.6989698,2.000000941002362,1,BACE_5,Beta-secretase 1 (BACE-1)
S1(=O)(=O)N(c2cc(cc3n(cc(CC1)c23)CC)C(=O)NC(Cc1ccccc1)C(=O)C[NH2+]C1CCOCC1)C,7.8860564,13.000007414351716,1,BACE_437,Beta-secretase 1 (BACE-1)
S1(=O)(=O)N(c2cc(cc3n(cc(CC1)c23)CC)C(=O)NC(Cc1ccccc1)C(O)(O)C[NH2+]C1CCOCC1)C,7.8860564,13.000007414351716,1,BACE_248,Beta-secretase 1 (BACE-1)
S1(=O)(=O)N(c2cc(cc3n(cc(CC1)c23)CC)C(=O)NC(Cc1ccccc1)C(O)C[NH2+]C1CCOCC1)C,8.3010302,4.999997647495204,1,BACE_329,Beta-secretase 1 (BACE-1)
S1(=O)(=O)N(c2cc(cc3n(cc(CC1)c23)CC)C(=O)NC([C@H](O)CNc1ccccc1)Cc1ccccc1)C,8.3010302,4.999997647495204,1,BACE_330,Beta-secretase 1 (BACE-1)
S1(=O)(=O)N(c2cc(cc3n(cc(CC1)c23)CC)C(=O)NC([C@H](O)C[NH2+]C1CC1)Cc1ccccc1)C,8.0457573,9.000003949040394,1,BACE_383,Beta-secretase 1 (BACE-1)
S1(=O)(=O)N(c2cc(cc3n(cc(CC1)c23)CC)C(=O)NC([C@H](O)C[NH2+]CC#C)Cc1ccccc1)C,7.9586072,11.000002908762928,1,BACE_421,Beta-secretase 1 (BACE-1)
S1(=O)(=O)N(c2cc(cc3n(cc(CC1)c23)CC)C(=O)NC([C@H](O)C[NH2+]CC(F)(F)C(F)(F)F)Cc1ccccc1)C,7.4948502,31.999986860906457,1,BACE_608,Beta-secretase 1 (BACE-1)
S1(=O)(=O)N(c2cc(cc3n(cc(CC1)c23)CC)C(=O)NC([C@H](O)C[NH2+]CC(F)(F)F)Cc1ccccc1)C,7.1023731,78.99996520346862,1,BACE_771,Beta-secretase 1 (BACE-1)
S1(=O)(=O)N(c2cc(cc3n(cc(CC1)c23)CC)C(=O)NC([C@H](O)C[NH2+]CC(F)F)Cc1ccccc1)C,7.6989698,20.000009410023612,1,BACE_490,Beta-secretase 1 (BACE-1)
S1(=O)(=O)N(c2cc(cc3n(cc(CC1)c23)CC)C(=O)NC([C@H](O)C[NH2+]CCC(F)(F)F)Cc1ccccc1)C,8.5228786,3.0000010035611844,1,BACE_308,Beta-secretase 1 (BACE-1)
S1(=O)(=O)N(c2cc(cc3n(cc(CC1)c23)CC)C(=O)NC([C@H](O)C[NH2+]CCF)Cc1ccccc1)C,7.3979402,39.999982378047335,1,BACE_640,Beta-secretase 1 (BACE-1)
S1(=O)(=O)N(c2cc(cc3n(cc(CC1)c23)CC)C(=O)N[C@H]([C@H](O)C[NH2+]C(CC)C)Cc1ccccc1)C,8.0,10.0,1,BACE_397,Beta-secretase 1 (BACE-1)
S1(=O)(=O)N(c2cc(cc3n(cc(CC1)c23)CC)C(=O)N[C@H]([C@H](O)C[NH2+]CC)Cc1ccccc1)C,7.6382723,22.999992796583264,1,BACE_530,Beta-secretase 1 (BACE-1)
S1(=O)(=O)N(c2cc(cc3n(cc(CC1)c23)CC)C(=O)N[C@H]([C@H](O)C[NH2+]CCC)Cc1ccccc1)C,8.0969105,7.999991029281913,1,BACE_369,Beta-secretase 1 (BACE-1)
S1(=O)(=O)NCC2(N1c1cc(F)ccc1)CC([NH+](CC2)Cc1cc(OC(C)C)ccc1)C,5.8860564,1300.0007414351717,1,BACE_1155,Beta-secretase 1 (BACE-1)
S1(=O)(=O)NCC2(N1c1cc(F)ccc1)CC([NH+](CC2)Cc1cc(OC)ccc1)C,4.0030508,99299.98891169186,1,BACE_1496,Beta-secretase 1 (BACE-1)
S1(=O)(=O)NCC2(N1c1cc(F)ccc1)CC([NH+](CC2)Cc1cc(OC2CCCC2)ccc1)C,4.9586072,11000.002908762926,1,BACE_1379,Beta-secretase 1 (BACE-1)
S1(=O)(=O)NCC2(N1c1cc(F)ccc1)CC([NH+](CC2)Cc1cc(OCC(C)C)ccc1)C,4.9507818,11200.004573151302,1,BACE_1381,Beta-secretase 1 (BACE-1)
S1(=O)(=O)NCC2(N1c1cc(F)ccc1)CC([NH+](CC2)Cc1cc(OCC)ccc1)C,5.0222764,9499.999884308792,1,BACE_1351,Beta-secretase 1 (BACE-1)
S1(=O)(=O)NCC2(N1c1cc(F)ccc1)CC([NH+](CC2)Cc1cc(OCCC)ccc1)C,4.6363878,23100.01170747724,1,BACE_1419,Beta-secretase 1 (BACE-1)
S1(=O)(=O)NCC2(N1c1cc(F)ccc1)CC([NH+](CC2)Cc1ccccc1)C,4.6798539,20899.991043588245,1,BACE_1413,Beta-secretase 1 (BACE-1)
S1(=O)(=O)Nc2cc(cc3c2n(cc3CC)CC1)C(=O)NC([C@H](O)C[NH2+]Cc1cc(OC)ccc1)Cc1ccccc1,7.8538718,14.000005297108746,1,BACE_445,Beta-secretase 1 (BACE-1)
S1(=O)(=O)Nc2cc(cc3c2n(cc3CC)CCC1)C(=O)NC(Cc1ccccc1)C(O)CNc1ccc(OC)cc1,7.5528421,27.99999153205545,1,BACE_568,Beta-secretase 1 (BACE-1)
S1(=O)(=O)Nc2cc(cc3c2n(cc3CC)CCC1)C(=O)NC(Cc1ccccc1)C(O)C[NH2+]C1CC1,6.309804,489.999909706502,1,BACE_1027,Beta-secretase 1 (BACE-1)
S1(=O)CC(Cc2cc(O)c(N)c(F)c2)C(O)C([NH2+]Cc2cc(ccc2)C(C)(C)C)C1,6.2757239,530.0002811723825,1,BACE_1037,Beta-secretase 1 (BACE-1)
S1(=O)CC(Cc2cc(OC(CO)C(F)(F)F)c(N)c(F)c2)C(O)C([NH2+]Cc2cc(ccc2)C(C)(C)C)C1,8.1549015,7.000007414098143,1,BACE_364,Beta-secretase 1 (BACE-1)
S1(=O)CC(Cc2cc(OC(COC)C(F)(F)F)c(N)c(F)c2)C(O)C([NH2+]C(C)c2cc(ccc2)C(C)(C)C)C1,8.0,10.0,1,BACE_416,Beta-secretase 1 (BACE-1)
S1(=O)CC(Cc2cc(OC(COC)C(F)(F)F)c(N)c(F)c2)C(O)C([NH2+]CCCOC(C)(C)C)C1,5.0,10000.0,1,BACE_1371,Beta-secretase 1 (BACE-1)
S1(=O)CC(Cc2cc(OC(COC)C(F)(F)F)c(N)c(F)c2)C(O)C([NH2+]Cc2cc(OC(C)C)ccc2)C1,7.09691,80.00000239617253,1,BACE_784,Beta-secretase 1 (BACE-1)
S1(=O)CC(Cc2cc(OC(COC)C(F)(F)F)c(N)c(F)c2)C(O)C([NH2+]Cc2cc(OC(F)(F)F)ccc2)C1,6.6736641,212.00001907255432,1,BACE_925,Beta-secretase 1 (BACE-1)
S1(=O)CC(Cc2cc(OC(COC)C(F)(F)F)c(N)c(F)c2)C(O)C([NH2+]Cc2cc(ccc2)C(C)C)C1,7.7447276,17.99999564383302,1,BACE_478,Beta-secretase 1 (BACE-1)
S1(=O)CC(Cc2cc(OC(COC)C(F)(F)F)c(N)c(F)c2)C(O)C([NH2+]Cc2cc(ccc2)C(CO)(C)C)C1,7.9208188,11.99999872765717,1,BACE_434,Beta-secretase 1 (BACE-1)
S1(=O)CC(Cc2cc(OC(COC)C(F)(F)F)c(N)c(F)c2)C(O)C([NH2+]Cc2cc(ccc2)C(O)(C)C)C1,7.8860564,13.000007414351716,1,BACE_442,Beta-secretase 1 (BACE-1)
S1(=O)CC(Cc2cc(OC(COC)C(F)(F)F)c(N)c(F)c2)C(O)C([NH2+]Cc2cc(ccc2F)C(C)(C)C)C1,8.0,10.0,1,BACE_417,Beta-secretase 1 (BACE-1)
S1(=O)CC(Cc2cc(OC(COC)C(F)(F)F)c(N)c(F)c2)C(O)C([NH2+]Cc2cn(nc2)CC(C)(C)C)C1,7.6777806,21.00000509006688,1,BACE_523,Beta-secretase 1 (BACE-1)
S1(=O)CC(Cc2cc(OC(COC)C(F)(F)F)c(N)c(F)c2)C(O)C([NH2+]Cc2nccc(c2)C(C)(C)C)C1,6.6458917,225.9999275898984,1,BACE_931,Beta-secretase 1 (BACE-1)
S1(=O)CC(Cc2cc(OC(COC)C(F)(F)F)c(N)c(F)c2)C(O)C([NH2+]Cc2noc(c2)CC(C)(C)C)C1,7.7212462,19.000008708139905,1,BACE_487,Beta-secretase 1 (BACE-1)
S1(=O)CC(Cc2cc(OC(COC)C(F)(F)F)c(N)c(F)c2)C(O)C([NH3+])C1,3.8239088,149999.97960289172,1,BACE_1512,Beta-secretase 1 (BACE-1)
S1(=O)CC(Cc2cc(OC)c(N)c(F)c2)C(O)C([NH2+]Cc2cc(ccc2)C(C)(C)C)C1,7.4814858,33.00001976546479,1,BACE_618,Beta-secretase 1 (BACE-1)
S1(=O)CC(Cc2cc(OCC(F)(F)F)c(N)c(F)c2)C(O)C([NH2+]Cc2cc(ccc2)C(C)(C)C)C1,8.0969095,8.000009449963196,1,BACE_376,Beta-secretase 1 (BACE-1)
S1(=O)C[C@@H](Cc2cc(OC(C(F)(F)F)C(F)(F)F)c(N)c(F)c2)[C@H](O)[C@@H]([NH2+]Cc2cc(ccc2)C(C)(C)C)C1,8.6989698,2.000000941002362,1,BACE_6,Beta-secretase 1 (BACE-1)
S1(=O)C[C@@H](Cc2cc(O[C@H](COC)C(F)(F)F)c(N)c(F)c2)[C@H](O)[C@@H]([NH2+]Cc2cc(ccc2)C(C)(C)C)C1,8.3979397,4.000002842975538,1,BACE_15,Beta-secretase 1 (BACE-1)
S1(Oc2c(N1c1cc(ccc1)C(=O)NC(Cc1ccccc1)C(O)C[NH2+]Cc1cc(ccc1)C(F)(F)F)cccc2)(=O)=O,6.0409584,910.000435160606,1,BACE_1108,Beta-secretase 1 (BACE-1)
S1(Oc2cc(cc3c2n(cc3CC)CC1)C(=O)NC([C@H](O)C[NH2+]C1CC1)Cc1ccccc1)(=O)=O,6.6020598,250.0001101372527,1,BACE_943,Beta-secretase 1 (BACE-1)
S1(Oc2cc(cc3c2n(cc3CC)CC1)C(=O)NC([C@H](O)C[NH2+]CC#C)Cc1ccccc1)(=O)=O,6.4436975,359.9999993639722,1,BACE_991,Beta-secretase 1 (BACE-1)
S1(Oc2cc(cc3c2n(cc3CC)CC1)C(=O)NC([C@H](O)C[NH2+]CC1CCOCC1)Cc1ccccc1)(=O)=O,7.0655017,85.99997005040326,1,BACE_788,Beta-secretase 1 (BACE-1)
S1(Oc2cc(cc3c2n(cc3CC)CC1)C(=O)NC([C@H](O)C[NH2+]Cc1cc(ccc1)C(F)(F)F)Cc1ccccc1)(=O)=O,8.0969105,7.999991029281913,1,BACE_368,Beta-secretase 1 (BACE-1)
S1CC(=NC1(C)c1cc(ccc1)-c1cc(OC)ccc1)N,5.1023731,7899.996520346861,1,BACE_1335,Beta-secretase 1 (BACE-1)
S1CC(=NC1(c1cc(ccc1)-c1cc(OC)ccc1)c1ccncc1)N,6.3010302,499.9997647495204,1,BACE_1033,Beta-secretase 1 (BACE-1)
S1CC(=NC1(c1cc(ccc1)-c1cccnc1)c1ccc(OC)cc1)N,6.1023731,789.9996520346862,1,BACE_1084,Beta-secretase 1 (BACE-1)
S1CC(N=C(N)C1)(C)c1cc(ccc1)-c1cc(OC)ccc1,5.6989698,2000.000941002361,1,BACE_1209,Beta-secretase 1 (BACE-1)
S1CC(N=C1N)(C)c1cc(NC(=O)c2ncccc2)ccc1,5.0467238,8979.997174101334,1,BACE_1344,Beta-secretase 1 (BACE-1)
S1CCC(=NC1(C)c1cc(ccc1)-c1cc(OC)ccc1)N,6.2006593,630.0002183869793,1,BACE_1062,Beta-secretase 1 (BACE-1)
S1CCC(=NC1(C)c1cc(ccc1)-c1cncnc1)N,6.0,1000.0,1,BACE_1121,Beta-secretase 1 (BACE-1)
S1CCC(N=C1N)(C)c1cc(ccc1)-c1cc(OC)ccc1,5.6989698,2000.000941002361,1,BACE_1210,Beta-secretase 1 (BACE-1)
S1CC[C@@](N=C1N)(C)c1ccc(OC)cc1,4.3851027,41200.0079656439,1,BACE_182,Beta-secretase 1 (BACE-1)
S1C[C@H](NC(=O)[C@@H](NC(=O)[C@@H]2[NH2+]CCC[C@@H]2SC\C=C\C1)C)[C@@H](O)C[C@H](C(=O)NCCCC)C,6.7212462,190.00008708139907,1,BACE_115,Beta-secretase 1 (BACE-1)
S1C[C@H](NC(OC(C)(C)C)=O)C(=O)N[C@@H](C)C(=O)N[C@@H](CSC\C=C\C1)[C@@H](O)C[C@H](C(=O)N[C@@H](C(C)C)C(=O)NCCCC)C,6.8068752,156.00007243175438,1,BACE_109,Beta-secretase 1 (BACE-1)
S1c2c(cc(cc2)-c2cc(ccc2)C#N)C2(N=C(N)N(C)C2=O)CC1(C)C,7.3279023,46.99998290796297,1,BACE_679,Beta-secretase 1 (BACE-1)
S1c2c(cc(cc2)-c2cncnc2)C2(N=C(N)N(C)C2=O)CC1(C)C,7.318759,47.99997376428772,1,BACE_682,Beta-secretase 1 (BACE-1)
[NH+]=1C(C=2N(CCCN=2)C=1N)(c1ccccc1)c1ccccc1,4.4202166,37999.98279638034,1,BACE_180,Beta-secretase 1 (BACE-1)
[NH+]=1[C@@](C=2N(CCCN=2)C=1N)(c1cc(ccc1)C(C)(C)C)c1ccccc1,4.5199928,30200.017874268902,1,BACE_1448,Beta-secretase 1 (BACE-1)
[NH+]=1[C@@](C=2N(CCCN=2)C=1N)(c1cc(ccc1)Cc1ccccc1)c1ccccc1,5.2757239,5300.002811723825,1,BACE_1303,Beta-secretase 1 (BACE-1)
[NH+]=1[C@](N=C(C)C=1N)(C1CC1)c1cc(ccc1)-c1cc(cnc1)C#CC,7.1023731,78.99996520346862,1,BACE_94,Beta-secretase 1 (BACE-1)
[NH+]=1[C@](N=C(c2ccccc2)C=1N)(C)c1cc(ccc1)-c1cccnc1,4.0,100000.0,1,BACE_188,Beta-secretase 1 (BACE-1)
[nH]1c2cc(ccc2cc1)-c1cc(ccc1)CNc1cccnc1N,5.0409584,9100.00435160606,1,BACE_168,Beta-secretase 1 (BACE-1)
[nH]1c2cc(ccc2cc1)CCc1nc(N)ccc1,4.0268722,93999.98839872128,1,BACE_186,Beta-secretase 1 (BACE-1)
[nH]1nnnc1C(NC1=NC(Cc2c1cccc2)(C)C)Cc1ccccc1,3.1947711000000005,638599.9791148438,1,BACE_1539,Beta-secretase 1 (BACE-1)
n1c(cccc1N)Cn1c(ccc1-c1ccccc1)-c1ccccc1,5.2839966,5200.000674885534,1,BACE_1300,Beta-secretase 1 (BACE-1)
n1c2c(cc(cc2)-c2ccccc2C#CC(C)(C)C)ccc1N,5.2146702,6099.999508246877,1,BACE_265,Beta-secretase 1 (BACE-1)
n1c2c(ccc1N)cccc2,3.0,1000000.0,1,BACE_203,Beta-secretase 1 (BACE-1)
n1c2c(nc(N)c1N1CCCC1)cccc2,3.0604808000000006,869999.8945918087,1,BACE_200,Beta-secretase 1 (BACE-1)
n1cc(ccc1)-c1cc(ccc1)C1(N=C(C(C)C)C(=N1)N)C,4.0,100000.0,1,BACE_1506,Beta-secretase 1 (BACE-1)
n1cc(ccc1)-c1cc(ccc1)C1(N=C(C)C(=N1)N)C,4.8860564,13000.007414351718,1,BACE_1386,Beta-secretase 1 (BACE-1)
n1cc(ccc1)-c1cc(ccc1)C1(N=C(C)C(=N1)N)C1CCCCC1,5.8538718,1400.0005297108746,1,BACE_1166,Beta-secretase 1 (BACE-1)
n1cc(ccc1)-c1cc(ccc1)C1(N=C(C)C(=N1)N)c1ccccc1,5.8860569,1299.9992447548705,1,BACE_1147,Beta-secretase 1 (BACE-1)
n1cc(ccc1)-c1cc(ccc1)C1(N=C(N2C1=NCCC2)N)c1ccncc1,6.5799999,263.026859753704,1,BACE_951,Beta-secretase 1 (BACE-1)
n1cc(cnc1)-c1cc(ccc1)C1(N=C(C(C)C)C(=N1)N)c1ccccc1,4.7447276,17999.995643833023,1,BACE_1402,Beta-secretase 1 (BACE-1)
n1cc(cnc1)-c1cc(ccc1)C1(N=C(C)C(=N1)N)Cc1ccccc1,5.5850267,2599.9997128120995,1,BACE_1234,Beta-secretase 1 (BACE-1)
n1ccc(cc1)C1(N=C(N)c2c1cccc2)c1cc(ccc1)-c1cncnc1,6.3010302,499.9997647495204,1,BACE_1032,Beta-secretase 1 (BACE-1)
n1ccc2c(cccc2)c1N,3.0,1000000.0,1,BACE_202,Beta-secretase 1 (BACE-1)
n1cccc(NCc2cc(ccc2)-c2cccnc2)c1N,4.0,100000.0,1,BACE_189,Beta-secretase 1 (BACE-1)
n1cccc(NCc2ccccc2)c1N,3.5086384000000006,309999.9330209736,1,BACE_194,Beta-secretase 1 (BACE-1)
o1cc(cc1)-c1cc(ccc1)C1(N=C(N)N(C)C1=O)c1ccncc1,6.2006593,630.0002183869793,1,BACE_1060,Beta-secretase 1 (BACE-1)
o1ccc(C)c1C(=O)Nc1cc(ccc1)C1(N=C(N)N(C)C1=O)C1CCCCC1,7.3979402,39.999982378047335,1,BACE_643,Beta-secretase 1 (BACE-1)
o1cccc1-c1ccc(cc1)C1CC1C=1N=C(N)N(C)C(=O)C=1,4.2291479,59000.01200363863,1,BACE_1484,Beta-secretase 1 (BACE-1)
o1cccc1C(=O)Nc1cc(ccc1)C1(N=C(N)N(C)C1=O)C1CCCCC1,7.0,100.0,1,BACE_819,Beta-secretase 1 (BACE-1)
o1cccc1C[N@H+](Cc1cc(ccc1)CCc1cccnc1N)C,3.6020601,249999.9374433543,1,BACE_193,Beta-secretase 1 (BACE-1)
s1c(C)c(cc1CC)C1(N=C(N)N(C)C1=O)c1cc(ccc1)-c1cncnc1,6.7447276,179.9999564383302,1,BACE_906,Beta-secretase 1 (BACE-1)
s1c(ccc1-c1cc(C#N)c(F)cc1)C12N=C(N)N(C)C(=O)C1CN(C2)c1ccccc1,7.0457573,90.00003949040395,1,BACE_257,Beta-secretase 1 (BACE-1)
s1c(ccc1C(C)C)C1([NH2+]CC(O)C(NC(=O)C)Cc2cc(F)cc(F)c2)CCCCC1,5.3968558,4009.998406134957,1,BACE_1284,Beta-secretase 1 (BACE-1)
s1c(ccc1C)-c1ccc(cc1)C1CC1C=1N=C(N)N(C)C(=O)C=1,3.782516,165000.02119461886,1,BACE_1513,Beta-secretase 1 (BACE-1)
s1c(ccc1CC(C)(C)C)C1([NH2+]CC(O)C(NC(=O)C)Cc2cc(F)cc(F)c2)CC1,5.7904849,1620.000318772071,1,BACE_1182,Beta-secretase 1 (BACE-1)
s1c(nnc1C([NH3+])(Cc1ccccc1)C)-c1cc(cc(N(S(=O)(=O)C)C)c1)C(=O)NC(C)c1ccc(F)cc1,4.5243287,29900.007688561855,1,BACE_1443,Beta-secretase 1 (BACE-1)
s1c2OC(C[C@H]([NH2+]C[C@@H](O)[C@@H](NC(=O)C)Cc3ccccc3)c2cc1CC(C)(C)C)(C)C,8.0705814,8.499993625130953,1,BACE_30,Beta-secretase 1 (BACE-1)
s1c2c(nc1C)C(=NC2(c1cc(ccc1)-c1cncnc1)c1ccc(OC)cc1)N,6.2006593,630.0002183869793,1,BACE_1063,Beta-secretase 1 (BACE-1)
s1c2c(nc1C)C(=[NH+][C@@]2(c1cc(ccc1)-c1cncnc1)c1ccc(OC)cc1)N,6.2006593,630.0002183869793,1,BACE_139,Beta-secretase 1 (BACE-1)
s1cc(cc1)-c1cc(ccc1)C1(N=C(N)N(C)C1=O)c1ccncc1,6.6197886,240.00008747341525,1,BACE_937,Beta-secretase 1 (BACE-1)
s1cc(cc1)-c1cc(ccc1)C1([NH2+]CC(O)C(NC(=O)C)Cc2cc(F)cc(F)c2)CCCCC1,7.3565474,43.99999225089864,1,BACE_667,Beta-secretase 1 (BACE-1)
s1cc(cc1)-c1cc(ccc1)C1CC1C1(N=C(N)N(C)C(=O)C1)C,5.124939,7499.995451387857,1,BACE_1331,Beta-secretase 1 (BACE-1)
s1cc(cc1)-c1cc2c(nc(N)cc2)cc1,4.4111681,38800.01558146923,1,BACE_268,Beta-secretase 1 (BACE-1)
s1cc(cc1)-c1ccc(cc1)C1CC1C=1N=C(N)N(C)C(=O)C=1,4.3325472,46499.983630043935,1,BACE_1473,Beta-secretase 1 (BACE-1)
s1cc(cc1)C1(N=C(N)N(C)C1=O)c1cc(-c2cccnc2)c(F)cc1,7.0457573,90.00003949040395,1,BACE_803,Beta-secretase 1 (BACE-1)
s1cc(cc1)C1(N=C(N)N(C)C1=O)c1cc(-c2cccnc2F)c(F)cc1,7.5228786,30.000010035611844,1,BACE_598,Beta-secretase 1 (BACE-1)
s1cc(cc1)C1(N=C(N)N(C)C1=O)c1cc(ccc1)-c1cc(OC)cnc1,7.3979402,39.999982378047335,1,BACE_656,Beta-secretase 1 (BACE-1)
s1cc(cc1)C1(N=C(N)N(C)C1=O)c1cc(ccc1)-c1cccnc1F,7.3979402,39.999982378047335,1,BACE_655,Beta-secretase 1 (BACE-1)
s1cc(cc1)C1(N=C(N)N(C)C1=O)c1cc(ccc1)-c1cncnc1,7.154902,69.99999355046413,1,BACE_754,Beta-secretase 1 (BACE-1)
s1cc(cc1)C1(N=C(N)N(C)C1=O)c1cc(ccc1)-c1nccnc1,7.0457573,90.00003949040395,1,BACE_804,Beta-secretase 1 (BACE-1)
s1cc(cc1)C[C@H](NC(=O)c1cc(nc(NC[C@H]2C[C@@H]2C)c1)N(S(=O)(=O)C)C)[C@@H]([NH3+])CCCC,7.9586072,11.000002908762928,1,BACE_32,Beta-secretase 1 (BACE-1)
s1cc(cc1)[C@@]1(N=C(N)N(C)C1=O)c1cc(ccc1)-c1cccnc1,7.221849,59.99996540823128,1,BACE_86,Beta-secretase 1 (BACE-1)
s1cc(cc1-c1ccc(cc1)C1CC1C=1N=C(N)N(C)C(=O)C=1)C,4.294992,50700.004747469895,1,BACE_1478,Beta-secretase 1 (BACE-1)
s1cc(cc1C(=O)CC)C1(N=C(N)N(C)C1=O)c1cc(ccc1)-c1cccnc1F,8.0,10.0,1,BACE_414,Beta-secretase 1 (BACE-1)
s1cc(cc1C(=O)CC)C1(N=C(N)N(C)C1=O)c1cc(ccc1)-c1cncnc1,7.8239088,14.999997960289171,1,BACE_455,Beta-secretase 1 (BACE-1)
s1cc(cc1C(=O)CC)[C@]1(N=C(N)N(C)C1=O)c1cc(ccc1)-c1cccnc1F,5.5228786,3000.0010035611845,1,BACE_1250,Beta-secretase 1 (BACE-1)
s1cc(cc1C(C)C)C1([NH2+]CC(O)C(NC(=O)C)Cc2cc(F)cc(F)c2)CCCCC1,6.4948502,319.99986860906455,1,BACE_975,Beta-secretase 1 (BACE-1)
s1cc(cc1C)C1(N=C(N)N(C)C1=O)c1cc(ccc1)-c1cncnc1,6.8538718,140.00005297108746,1,BACE_875,Beta-secretase 1 (BACE-1)
s1cc(cc1C1(N=C(N)N(C)C(=O)C1)C)-c1cc(ccc1)C#N,7.251812,55.99999651769192,1,BACE_255,Beta-secretase 1 (BACE-1)
s1cc(cc1C1([NH2+]CC(O)C(NC(=O)C)Cc2cc(F)cc(F)c2)CCCCC1)C#C,5.3649187,4315.998648329972,1,BACE_1290,Beta-secretase 1 (BACE-1)
s1cc(cc1C1([NH2+]CC(O)C(NC(=O)C)Cc2cc(F)cc(F)c2)CCCCC1)C(C)(C)C,6.9829664,104.00006242984,1,BACE_826,Beta-secretase 1 (BACE-1)
s1cc(cc1C1([NH2+]CC(O)C(NC(=O)C)Cc2cc(F)cc(F)c2)CCCCC1)C(C)C,6.4534574,351.99994855034714,1,BACE_990,Beta-secretase 1 (BACE-1)
s1cc(cc1C1([NH2+]CC(O)C(NC(=O)C)Cc2cc(F)cc(F)c2)CCCCC1)CC,5.7594509,1739.9994059061528,1,BACE_1193,Beta-secretase 1 (BACE-1)
s1cc(cc1C1([NH2+]CC(O)C(NC(=O)C)Cc2cc(F)cc(F)c2)CCCCC1)CC(C)(C)C,6.8827286,131.00003147425787,1,BACE_865,Beta-secretase 1 (BACE-1)
s1cc(cc1C1([NH2+]C[C@@H](O)[C@@H](NC(=O)C)Cc2cc(F)cc(F)c2)CC1)CC(C)(C)C,6.3279023,469.99982907962976,1,BACE_131,Beta-secretase 1 (BACE-1)
s1cc(cc1C12N=C(N)N(C)C(=O)C1CN(C2)C(=O)c1ccccc1)-c1cc(ccc1)C#N,8.5228786,3.0000010035611844,1,BACE_242,Beta-secretase 1 (BACE-1)
s1cc(cc1C12N=C(N)N(C)C(=O)C1CN(C2)c1nc(OC)ccc1)-c1cc(ccc1)C#N,9.0,1.0,1,BACE_238,Beta-secretase 1 (BACE-1)
s1cc(cc1C12N=C(N)N(C)C(=O)C1CN(C2)c1ncccc1C#N)-c1cc(ccc1)C#N,8.2218485,6.000003448578396,1,BACE_246,Beta-secretase 1 (BACE-1)
s1cc(cc1C12N=C(N)N(C)C(=O)C1CN(C2)c1ncccc1OC)-c1cc(ccc1)C#N,8.5228786,3.0000010035611844,1,BACE_243,Beta-secretase 1 (BACE-1)
s1cc(cc1CC)C1(N=C(N)N(C)C1=O)c1cc(ccc1)-c1cncnc1,7.09691,80.00000239617253,1,BACE_782,Beta-secretase 1 (BACE-1)
s1cc(nc1)-c1cc(ccc1)C1([NH2+]CC(O)C(NC(=O)C)Cc2cc(F)cc(F)c2)CCCCC1,6.9586072,110.00002908762926,1,BACE_833,Beta-secretase 1 (BACE-1)
s1cc(nc1)-c1cc(ccc1)CC(NC(=O)COC)C(O)C[NH2+]C1CC2(Oc3ncc(cc13)CC(C)(C)C)CCC2,8.1611509,6.900000147164967,1,BACE_359,Beta-secretase 1 (BACE-1)
s1cc(nc1-c1cc(ccc1)CC(NC(=O)COC)C(O)C[NH2+]C1CC2(Oc3ncc(cc13)CC(C)(C)C)CCC2)C,8.2441254,5.699996644367287,1,BACE_339,Beta-secretase 1 (BACE-1)
s1cc(nc1C1([NH2+]CC(O)C(NC(=O)C)Cc2cc(F)cc(F)c2)CC1)CC(C)(C)C,5.0287242,9359.998949586838,1,BACE_1349,Beta-secretase 1 (BACE-1)
s1cc(nc1CC(C)(C)C)C1([NH2+]CC(O)C(NC(=O)C)Cc2cc(F)cc(F)c2)CC1,5.5157003,3049.9990213837714,1,BACE_1252,Beta-secretase 1 (BACE-1)
s1cc(nc1N)C(Cc1cc([N+](=O)[O-])ccc1OC)c1ccc(OC)cc1,5.9586072,1100.0002908762926,1,BACE_1128,Beta-secretase 1 (BACE-1)
s1cc(nc1N)C(Cc1ccccc1)c1ccc(OC)cc1,4.4948502,31999.986860906454,1,BACE_1452,Beta-secretase 1 (BACE-1)
s1cc(nc1N)C1(CCCC1)c1ccc(OC)cc1,4.6020598,25000.01101372527,1,BACE_1427,Beta-secretase 1 (BACE-1)
s1cc(nc1N)C1(CCCC1)c1ccccc1,3.6635404000000005,216999.93312112463,1,BACE_1524,Beta-secretase 1 (BACE-1)
s1ccc(C2(N=C(N)N(C)C2=O)c2cc(ccc2)-c2cncnc2)c1C,6.4317985,369.99980910471976,1,BACE_996,Beta-secretase 1 (BACE-1)
s1cccc1-c1cc(ccc1)C1([NH2+]CC(O)C(NC(=O)C)Cc2cc(F)cc(F)c2)CCCCC1,6.4317985,369.99980910471976,1,BACE_994,Beta-secretase 1 (BACE-1)
s1cccc1-c1cc(ccc1)C1CC1C1(N=C(N)N(C)C(=O)C1)C,5.2146702,6099.999508246877,1,BACE_1312,Beta-secretase 1 (BACE-1)
s1cccc1-c1ccc(cc1)C1CC1C=1N=C(N)N(C)C(=O)C=1,4.850781,14099.996342480252,1,BACE_1389,Beta-secretase 1 (BACE-1)
s1cccc1C1([NH2+]CC(O)C(NC(=O)C)Cc2cc(F)cc(F)c2)CCCCC1,4.5228786,30000.01003561185,1,BACE_1444,Beta-secretase 1 (BACE-1)
s1ccnc1-c1cc(CC(NC(=O)COC)C(O)C[NH2+]C2CC3(Oc4ncc(cc24)CC(C)(C)C)CCC3)c(F)cc1,8.0222759,9.500010821594138,1,BACE_388,Beta-secretase 1 (BACE-1)
s1ccnc1-c1cc(cc(F)c1)CC(NC(=O)COC)C(O)C[NH2+]C1CC2(Oc3ncc(cc13)CC(C)(C)C)CCC2,8.7212467,1.8999986833584104,1,BACE_285,Beta-secretase 1 (BACE-1)
s1ccnc1-c1cc(ccc1)CC(NC(=O)C(O)C)C(O)C[NH2+]C1CC2(Oc3ncc(cc13)CC(C)(C)C)CCC2,8.4948502,3.1999986860906455,1,BACE_313,Beta-secretase 1 (BACE-1)
s1ccnc1-c1cc(ccc1)CC(NC(=O)C(OC)OC)C(O)C[NH2+]C1CC2(Oc3ncc(cc13)CC(C)(C)C)CCC2,8.0087738,9.80000280504076,1,BACE_391,Beta-secretase 1 (BACE-1)
s1ccnc1-c1cc(ccc1)CC(NC(=O)C(OCC)C)C(O)C[NH2+]C1CC2(Oc3ncc(cc13)CC(C)(C)C)CCC2,7.7958798,16.000008007253655,1,BACE_465,Beta-secretase 1 (BACE-1)
s1ccnc1-c1cc(ccc1)CC(NC(=O)C)C(O)C[NH2+]C1CC2(Oc3ncc(cc13)CC(C)(C)C)CCC2,8.431798,3.7000023508298705,1,BACE_320,Beta-secretase 1 (BACE-1)
s1ccnc1-c1cc(ccc1)CC(NC(=O)C1OCCC1)C(O)C[NH2+]C1CC2(Oc3ncc(cc13)CC(C)(C)C)CCC2,8.2006598,6.2999949307284036,1,BACE_354,Beta-secretase 1 (BACE-1)
s1ccnc1-c1cc(ccc1)CC(NC(=O)CC)C(O)C[NH2+]C1CC2(Oc3ncc(cc13)CC(C)(C)C)CCC2,7.9586072,11.000002908762928,1,BACE_428,Beta-secretase 1 (BACE-1)
s1ccnc1-c1cc(ccc1)CC(NC(=O)COC)C(O)C[NH2+]C1CC2(Oc3ncc(cc13)CC(C)(C)C)CCC2,8.3872166,4.09999568829444,1,BACE_325,Beta-secretase 1 (BACE-1)
s1ccnc1-c1cc(ccc1)CC(NC(=O)COCC)C(O)C[NH2+]C1CC2(Oc3ncc(cc13)CC(C)(C)C)CCC2,8.2441254,5.699996644367287,1,BACE_340,Beta-secretase 1 (BACE-1)
s1ccnc1-c1cc(ccc1)CC(NC(=O)[C@@H](OC)C)C(O)C[NH2+]C1CC2(Oc3ncc(cc13)CC(C)(C)C)CCC2,8.1426678,7.199995085582496,1,BACE_365,Beta-secretase 1 (BACE-1)
s1ccnc1-c1cc(ccc1)CC(NC(=O)[C@H]1OCCC1)C(O)C[NH2+]C1CC2(Oc3ncc(cc13)CC(C)(C)C)CCC2,8.036212,9.200003657474976,1,BACE_386,Beta-secretase 1 (BACE-1)
s1ccnc1-c1cc(ccc1)C[C@H](NC(=O)[C@H](OC)C)[C@H](O)C[NH2+][C@H]1CC2(Oc3ncc(cc13)CC(C)(C)C)CCC2,8.2596369,5.500005198736845,1,BACE_23,Beta-secretase 1 (BACE-1)
s1ccnc1-c1cc(ccc1F)CC(NC(=O)COC)C(O)C[NH2+]C1CC2(Oc3ncc(cc13)CC(C)(C)C)CCC2,8.2146702,6.0999995082468645,1,BACE_353,Beta-secretase 1 (BACE-1)
s1ccnc1-c1ccc(cc1)CC(NC(=O)COC)C(O)C[NH2+]C1CC2(Oc3ncc(cc13)CC(C)(C)C)CCC2,7.5376019,29.00000681779469,1,BACE_577,Beta-secretase 1 (BACE-1)
s1ccnc1-c1cccc(CC(NC(=O)COC)C(O)C[NH2+]C2CC3(Oc4ncc(cc24)CC(C)(C)C)CCC3)c1F,7.1487417,70.9999920352334,1,BACE_757,Beta-secretase 1 (BACE-1)
s1ccnc1N1S(=O)(=O)N(C2(CC([NH+](CC2)Cc2cc(OC(C)C)ccc2)C)C1)c1cc(F)ccc1,5.6575775,2199.9990840114524,1,BACE_1220,Beta-secretase 1 (BACE-1)
s1ccnc1NC1CCC([NH2+]CC(O)C(NC(=O)C)Cc2cc(F)cc(F)c2)(CC1)c1cc(ccc1)C(C)(C)C,7.070581,85.00001453918007,1,BACE_787,Beta-secretase 1 (BACE-1)
s1cncc1-c1cc(ccc1)CC(NC(=O)COC)C(O)C[NH2+]C1CC2(Oc3ncc(cc13)CC(C)(C)C)CCC2,8.2839966,5.200000674885533,1,BACE_336,Beta-secretase 1 (BACE-1)
s1cncc1CNC(=O)C(Cc1cc2cc(ccc2nc1N)-c1ccccc1C)C,7.5086384,30.999993302097423,1,BACE_604,Beta-secretase 1 (BACE-1)
s1nc(cc1)-c1cc2c(OC(CC23N=C(N)N(C)C3=O)(C)C)cc1,6.3001623,500.99997015967193,1,BACE_1034,Beta-secretase 1 (BACE-1)
