canonical_smiles,pic50,ic50_nm_median,n_measurements,molecule_chembl_id,target
C/C=C/C/C=C/CCC(=O)[C@H]1O[C@H]1C(N)=O,5.6020599913279625,2500.0,1,CHEMBL45627,Human immunodeficiency virus type 1 protease
C=C(C)[C@@H]1CC[C@]2(C(=O)O)CC[C@]3(C)[C@H](CC[C@@H]4[C@@]5(C)CC[C@H](O)C(C)(C)[C@@H]5CC[C@]43C)[C@@H]12,3.6595558851598815,219000.0,1,CHEMBL269277,Human immunodeficiency virus type 1 protease
C=C(C)[C@@H]1CC[C@]2(C(=O)O)CC[C@]3(C)[C@H](CC[C@@H]4[C@@]5(C)CC[C@H](OC(=O)C(C)(C)CC(=O)O)C(C)(C)[C@@H]5CC[C@]43C)[C@@H]12,3.767003889607846,171000.0,1,CHEMBL7365,Human immunodeficiency virus type 1 protease
C=C(C)[C@@H]1CC[C@]2(C(=O)O)CC[C@]3(C)[C@H](CC[C@@H]4[C@@]5(C)CC[C@H](OC(=O)CC(C)(C)C(=O)O)C(C)(C)[C@@H]5CC[C@]43C)[C@@H]12,3.767003889607846,171000.0,1,CHEMBL404519,Human immunodeficiency virus type 1 protease
C=C(C)[C@@H]1CC[C@]2(C(=O)O)CC[C@]3(C)[C@H](CC[C@@H]4[C@@]5(C)CC[C@H](OC(=O)CC(C)(C)CC(=O)O)C(C)(C)[C@@H]5CC[C@]43C)[C@@H]12,3.7772835288524167,167000.0,1,CHEMBL273330,Human immunodeficiency virus type 1 protease
C=C(C)[C@@H]1CC[C@]2(C(=O)O)CC[C@]3(C)[C@H](CC[C@@H]4[C@@]5(C)CC[C@H](OC(=O)COCC(=O)O)C(C)(C)[C@@H]5CC[C@]43C)[C@@H]12,3.7569619513137056,175000.0,1,CHEMBL263957,Human immunodeficiency virus type 1 protease
C=C(C)[C@@H]1CC[C@]2(NCCN3CCS(=O)(=O)CC3)CC[C@]3(C)[C@H](CC[C@@H]4[C@@]5(C)CC=C(c6ccc(C(=O)O)cc6)C(C)(C)[C@@H]5CC[C@]43C)[C@@H]12,5.0,10000.0,1,CHEMBL3827379,Human immunodeficiency virus type 1 protease
C=C(C)[C@H]1CC[C@]2(C)[C@H]3CC[C@@H]4[C@@]5(C)C[C@H](OC(C)=O)C[C@](C)(C(=O)O)[C@@H]5CC[C@@]4(C)[C@]3(C)CC[C@@H]12,5.769551078621726,1700.0,1,CHEMBL5265800,Human immunodeficiency virus type 1 protease
C=C(C)[C@]12C[C@@H](COC(C)=O)[C@@]3(OO1)[C@@H]1[C@H]2OCCCCCC[C@@H](C)[C@H]2[C@H](C)[C@H](OC(=O)c4ccccc4)[C@@](O)([C@H](O)[C@@]4(CO)O[C@@H]14)[C@@H]23,5.366531544420414,4300.0,1,CHEMBL5572555,Human immunodeficiency virus type 1 protease
C=CC(C1=C(O)OC2(CCCC2)CC1=O)c1ccccc1,5.522878745280337,3000.0,1,CHEMBL356524,Human immunodeficiency virus type 1 protease
C=CC(C1=C(O)OC2(CCCCC2Cc2ccccc2)CC1=O)c1ccccc1,6.0,1000.0,1,CHEMBL336000,Human immunodeficiency virus type 1 protease
C=CC(C1=C(O)OC2(CCCCCC2)CC1=O)c1ccccc1,6.0,1000.0,1,CHEMBL343637,Human immunodeficiency virus type 1 protease
C=CC(C1=C(O)OC2(CCOCC2)CC1=O)c1ccccc1,5.0,10000.0,1,CHEMBL337360,Human immunodeficiency virus type 1 protease
C=CC1=C(C)c2cc3[nH]c(cc4nc(cc5[nH]c(cc1n2)c(C)c5CCC(=O)O)C(CCC(=O)O)=C4C)c(C)c3C=C,3.610924374808178,250000.0,2,CHEMBL1325592,Human immunodeficiency virus type 1 protease
C=CCC1OC[C@H](Cc2ccccc2)N(C[C@H](O)CN(CC2CCCC2)S(=O)(=O)c2ccc(OC)cc2)C1=O,8.698970004336019,2.0,1,CHEMBL182360,Human immunodeficiency virus type 1 protease
C=CCN1C(=O)N(CC=C)[C@@H](Cc2ccccc2)C(O)[C@@H]1Cc1ccccc1,4.275724130399211,53000.0,1,CHEMBL22057,Human immunodeficiency virus type 1 protease
C=CCOC(=O)NC(C(=O)N[C@@H](Cc1ccccc1)[C@H](O)CN(CC1CCCCC1)NC(=O)C(NC(=O)OCC=C)C(C)C)C(C)C,7.292429823902063,51.0,1,CHEMBL323425,Human immunodeficiency virus type 1 protease
C=CC[C@H](C[C@H](O)[C@H](Cc1ccccc1)NC(=O)OC(C)(C)C)C(=O)NC1c2ccccc2C[C@@H]1O,7.560036064079095,27.54,1,CHEMBL138829,Human immunodeficiency virus type 1 protease
C=CC[C@H](C[C@H](O)[C@H](Cc1ccccc1)NC(=O)OC(C)(C)C)C(=O)N[C@@H]1c2ccccc2C[C@H]1O,7.560983271612487,27.48,1,CHEMBL321503,Human immunodeficiency virus type 1 protease
C=CC[C@H](C[C@H](O)[C@H](Cc1ccccc1)NC(=O)OC(C)(C)C)C(=O)N[C@H]1c2ccccc2C[C@H]1O,7.560351685124417,27.52,2,CHEMBL321641,Human immunodeficiency virus type 1 protease
CC(=O)CC(c1ccccc1)c1c(O)c2ccc(C)c(C)c2oc1=O,5.721246399047171,1900.0,1,CHEMBL5271554,Human immunodeficiency virus type 1 protease
CC(=O)CC(c1ccccc1)c1c(O)c2ccccc2oc1=O,4.522878745280337,30000.0,1,CHEMBL1464,Human immunodeficiency virus type 1 protease
CC(=O)NCC1O[C@@H](Oc2ccccc2)[C@@H](O)C(O)[C@@H]1O,5.048176964684088,8950.0,1,CHEMBL52487,Human immunodeficiency virus type 1 protease
CC(=O)N[C@@H](CC(=O)OCc1ccccc1)C(=O)N[C@@H](Cc1ccccc1)[C@H](O)Cc1ccccc1C(=O)NC(C)(C)C,7.070581074285707,85.0,2,CHEMBL11193,Human immunodeficiency virus type 1 protease
CC(=O)N[C@@H](CC(N)=O)C(=O)N[C@@H](CSc1ccc2ccccc2c1)[C@H](O)Cc1ccccc1C(=O)NC(C)(C)C,8.958607314841775,1.1,1,CHEMBL352273,Human immunodeficiency virus type 1 protease
CC(=O)N[C@@H](CC(N)=O)C(=O)N[C@@H](CSc1ccccc1)[C@H](O)Cc1ccccc1C(=O)NC(C)(C)C,7.721246399047171,19.0,1,CHEMBL423648,Human immunodeficiency virus type 1 protease
CC(=O)N[C@@H](CO)C(=O)N[C@@H](CC(C)C)C(=O)N[C@@H](CC(N)=O)C(=O)N[C@@H](Cc1ccccc1)[C@@H](O)CN1CCC[C@H]1C(=O)OC(C)(C)C,7.853871964321762,14.0,2,CHEMBL3349889,Human immunodeficiency virus type 1 protease
CC(=O)N[C@@H](CO)C(=O)N[C@@H](CC(C)C)C(=O)N[C@@H](CC(N)=O)C(=O)N[C@@H](Cc1ccccc1)[C@H](O)CN1CCC[C@H]1C(=O)OC(C)(C)C,7.853871964321762,14.0,2,CHEMBL131802,Human immunodeficiency virus type 1 protease
CC(=O)N[C@@H](CS(=O)(=O)c1ccc2ccccc2c1)C(=O)N[C@@H](Cc1ccccc1)[C@H](O)Cc1ccccc1C(=O)NC(C)(C)C,9.494850021680094,0.32,1,CHEMBL276379,Human immunodeficiency virus type 1 protease
CC(=O)N[C@@H](CS(=O)(=O)c1ccc2ccccc2n1)C(=O)N[C@@H](Cc1ccccc1)[C@H](O)Cc1ccccc1C(=O)NC(C)(C)C,9.537860356969059,0.29000000000000004,2,CHEMBL275237,Human immunodeficiency virus type 1 protease
CC(=O)N[C@@H](CS(=O)(=O)c1ccccc1)C(=O)N[C@@H](Cc1ccccc1)[C@H](O)Cc1ccccc1C(=O)NC(C)(C)C,7.698970004336019,20.0,1,CHEMBL275960,Human immunodeficiency virus type 1 protease
CC(=O)N[C@@H](CSCc1ccccc1)C(=O)N[C@@H](Cc1ccccc1)[C@H](O)Cc1ccccc1C(=O)NC(C)(C)C,7.346787486224656,45.0,2,CHEMBL276704,Human immunodeficiency virus type 1 protease
CC(=O)N[C@@H](CSc1ccc2ccccc2c1)C(=O)N[C@@H](Cc1ccccc1)[C@H](O)Cc1ccccc1C(=O)NC(C)(C)C,7.376750709602099,42.0,2,CHEMBL418527,Human immunodeficiency virus type 1 protease
CC(=O)N[C@@H](CSc1ccc2ccccc2n1)C(=O)N[C@@H](Cc1ccccc1)[C@H](O)Cc1ccccc1C(=O)NC(C)(C)C,7.8326826652518236,14.7,1,CHEMBL276203,Human immunodeficiency virus type 1 protease
CC(=O)N[C@@H](CSc1ccccc1)C(=O)N[C@@H](Cc1ccccc1)[C@H](O)Cc1ccccc1C(=O)NC(C)(C)C,6.657577319177793,220.0,1,CHEMBL11008,Human immunodeficiency virus type 1 protease
CC(=O)N[C@@H](C[S+]([O-])c1ccc2ccccc2n1)C(=O)N[C@@H](Cc1ccccc1)[C@H](O)Cc1ccccc1C(=O)NC(C)(C)C,9.602059991327963,0.25,1,CHEMBL268765,Human immunodeficiency virus type 1 protease
CC(=O)N[C@@H](Cc1c[nH]c2ccccc12)C(=O)N[C@H](C(=O)N[C@@H](Cc1ccccc1)[C@@H](O)C(=O)N[C@H]1Cc2ccc(cc2)OCCCNC(=O)[C@H](C(C)C)NC1=O)C(C)C,7.309803919971486,49.0,9,CHEMBL302958,Human immunodeficiency virus type 1 protease
CC(=O)N[C@@H](Cc1ccc(O)cc1)C(=O)N[C@H](C(=O)N[C@@H](Cc1ccccc1)[C@@H](O)C(=O)N[C@@H](Cc1ccc(O)cc1)C(=O)N[C@H](C(N)=O)C(C)C)C(C)C,6.673664139071248,212.0,1,CHEMBL71913,Human immunodeficiency virus type 1 protease
CC(=O)N[C@@H](Cc1ccc(O)cc1)C(=O)N[C@H](C(=O)N[C@@H](Cc1ccccc1)[C@@H](O)C(=O)N[C@H]1Cc2ccc(cc2)OCCCNC(=O)[C@H](C(C)C)NC1=O)C(C)C,7.154901959985743,70.0,9,CHEMBL74166,Human immunodeficiency virus type 1 protease
CC(=O)N[C@@H](Cc1ccccc1)C(=O)N[C@H](C(=O)N[C@@H](Cc1ccccc1)[C@@H](O)C(=O)N[C@H]1Cc2ccc(cc2)OCCCNC(=O)[C@H](C(C)C)NC1=O)C(C)C,7.102372908709558,79.0,9,CHEMBL70388,Human immunodeficiency virus type 1 protease
CC(=O)N[C@@H](Cc1ccccc1)C(O)[C@H](Cc1ccccc1)NC(C)=O,5.0,10000.0,3,CHEMBL9735,Human immunodeficiency virus type 1 protease
CC(=O)N[C@H](C(=O)NCCCC[C@@H](CO)N(CC(C)C)S(=O)(=O)c1ccc(N)cc1)C(c1ccccc1)c1ccccc1,8.823908740944319,1.5,1,CHEMBL208907,Human immunodeficiency virus type 1 protease
CC(=O)N[C@H](C(=O)N[C@@H](Cc1ccccc1)C(O)[C@H](Cc1ccccc1)NC(=O)[C@@H](NC(C)=O)C(C)C)C(C)C,7.920818753952375,12.0,2,CHEMBL2311105,Human immunodeficiency virus type 1 protease
CC(=O)N[C@H](C(=O)N[C@@H](Cc1ccccc1)[C@@H](O)CN(CC(C)C)NC(=O)[C@@H](NC(C)=O)C(C)C)C(C)C,7.346787486224656,45.0,1,CHEMBL97189,Human immunodeficiency virus type 1 protease
CC(=O)N[C@H](C(=O)N[C@@H](Cc1ccccc1)[C@@H](O)CN(CC1CCCCC1)NC(=O)[C@@H](NC(C)=O)C(C)C)C(C)C,8.045757490560675,9.0,1,CHEMBL94797,Human immunodeficiency virus type 1 protease
CC(=O)N[C@H](C(=O)N[C@@H](Cc1ccccc1)[C@@H](O)CN(Cc1ccc(C#N)cc1)NC(=O)[C@@H](NC(C)=O)C(C)C)C(C)C,7.301029995663981,50.0,1,CHEMBL327752,Human immunodeficiency virus type 1 protease
CC(=O)N[C@H](C(=O)N[C@@H](Cc1ccccc1)[C@@H](O)CN(Cc1ccc(F)cc1)NC(=O)[C@@H](NC(C)=O)C(C)C)C(C)C,7.552841968657781,28.0,1,CHEMBL320671,Human immunodeficiency virus type 1 protease
CC(=O)N[C@H](C(=O)N[C@@H](Cc1ccccc1)[C@@H](O)CN(Cc1ccccc1)NC(=O)[C@H](NC(C)=O)C(C)C)C(C)C,7.522878745280337,30.0,1,CHEMBL94497,Human immunodeficiency virus type 1 protease
CC(=O)N[C@H](C(=O)N[C@@H](Cc1ccccc1)[C@H](O)CN1CC2CCCCC2C[C@H]1C(=O)NC(C)(C)C)C(C)C,8.522878745280337,3.0,1,CHEMBL72474,Human immunodeficiency virus type 1 protease
CC(=O)N[C@H](C(=O)N[C@H](C(=O)N[C@@H](Cc1ccccc1)C(O)[C@H](Cc1ccccc1)NC(=O)[C@@H](NC(=O)[C@@H](NC(C)=O)C(C)C)C(C)C)C(C)C)C(C)C,8.0,10.0,1,CHEMBL3143979,Human immunodeficiency virus type 1 protease
CC(=O)N[C@H](C(=O)N[C@H](C(=O)N[C@@H](Cc1ccccc1)C(O)[C@H](Cc1ccccc1)NC(=O)[C@H](NC(=O)[C@H](NC(C)=O)C(C)C)C(C)C)C(C)C)C(C)C,8.0,10.0,1,CHEMBL88255,Human immunodeficiency virus type 1 protease
CC(=O)N[C@H](CC(=O)OCc1ccccc1)C(=O)N[C@@H](Cc1ccccc1)[C@H](O)Cc1ccccc1C(=O)NC(C)(C)C,6.0,1000.0,1,CHEMBL24442,Human immunodeficiency virus type 1 protease
CC(=O)N[C@H](CS(=O)(=O)c1ccc(F)cc1)C(=O)N[C@@H](CSc1ccccc1)[C@H](O)CN1C[C@H]2CCS[C@H]2C[C@H]1C(=O)NC(C)(C)C,8.744727494896694,1.8,1,CHEMBL328205,Human immunodeficiency virus type 1 protease
CC(=O)N[C@H](CS(=O)(=O)c1ccc(F)cc1)C(=O)N[C@@H](Cc1ccccc1)[C@H](O)CN1C[C@H]2CCS[C@H]2C[C@H]1C(=O)NC(C)(C)C,8.920818753952375,1.2,1,CHEMBL431455,Human immunodeficiency virus type 1 protease
CC(=O)N[C@H](CS(=O)(=O)c1ccc2ccccc2c1)C(=O)N[C@@H](Cc1ccccc1)[C@H](O)CN1C[C@H]2CCCC[C@H]2C[C@H]1C(=O)NC(C)(C)C,8.795880017344075,1.6,1,CHEMBL432784,Human immunodeficiency virus type 1 protease
CC(=O)N[C@H](CS(=O)(=O)c1ccc2ccccc2c1)C(=O)N[C@@H](Cc1ccccc1)[C@H](O)CN1C[C@H]2CCS[C@H]2C[C@H]1C(=O)NC(C)(C)C,9.301029995663981,0.5,1,CHEMBL316694,Human immunodeficiency virus type 1 protease
CC(=O)N[C@H](CS(=O)(=O)c1ccc2ccccc2c1)C(=O)N[C@@H](Cc1ccccc1)[C@H](O)Cc1ccccc1C(=O)NC(C)(C)C,9.522878745280337,0.3,1,CHEMBL277985,Human immunodeficiency virus type 1 protease
CC(=O)N[C@H](CS(=O)(=O)c1cccc2cccnc12)C(=O)N[C@@H](Cc1ccccc1)[C@H](O)CN1C[C@H]2CCCC[C@H]2C[C@H]1C(=O)NC(C)(C)C,8.769551078621726,1.7,1,CHEMBL415318,Human immunodeficiency virus type 1 protease
CC(=O)N[C@H](CS(=O)(=O)c1cccc2cccnc12)C(=O)N[C@@H](Cc1ccccc1)[C@H](O)CN1C[C@H]2CCS[C@H]2C[C@H]1C(=O)NC(C)(C)C,9.3767507096021,0.42,1,CHEMBL99357,Human immunodeficiency virus type 1 protease
CC(=O)N[C@H](CSCc1ccccc1)C(=O)N[C@@H](Cc1ccccc1)[C@H](O)CN1C[C@H]2CCCC[C@H]2C[C@H]1C(=O)NC(C)(C)C,8.221848749616356,6.0,1,CHEMBL99081,Human immunodeficiency virus type 1 protease
CC(=O)N[C@H](CSCc1ccccc1)C(=O)N[C@@H](Cc1ccccc1)[C@H](O)Cc1ccccc1C(=O)NC(C)(C)C,6.0,1000.0,1,CHEMBL31510,Human immunodeficiency virus type 1 protease
CC(=O)N[C@H]1CCCC[C@@H]1NC(=O)[C@H](Cc1ccccc1)CC(O)C[C@@H](Cc1ccccc1)C(=O)N[C@H]1CCCC[C@@H]1NC(C)=O,5.522878745280337,3000.0,1,CHEMBL439641,Human immunodeficiency virus type 1 protease
CC(=O)Nc1cc(C(C)(C)C)c(SC2=C(O)OC(CCc3ccc(O)cc3)(C(C)C)CC2=O)cc1C,8.468521082957745,3.4,1,CHEMBL265095,Human immunodeficiency virus type 1 protease
CC(=O)Nc1cc(C(C)(C)C)c(SC2=C(O)OC(CCc3ccccc3)(C(C)C)CC2=O)cc1C,8.455931955649724,3.5,1,CHEMBL36608,Human immunodeficiency virus type 1 protease
CC(=O)Nc1nc(CCC2(C(C)C)CC(=O)C(Sc3cc(C)c(CO)cc3C(C)(C)C)=C(O)O2)cs1,7.7447274948966935,18.0,1,CHEMBL431976,Human immunodeficiency virus type 1 protease
CC(=O)c1ccc(C)cc1NC(C(N)=O)c1c(Cl)cccc1Cl,5.548455006504028,8250.0,2,CHEMBL37624,Human immunodeficiency virus type 1 protease
CC(=O)c1cccc(NC(=O)C(=O)c2c(O)oc3ccccc3c2=O)c1,4.0,100000.0,1,CHEMBL312699,Human immunodeficiency virus type 1 protease
CC(C)(C)CC(=O)N[C@@H](Cc1ccccc1)[C@@H](O)C[C@]1(Cc2ccccc2)N=CC(C2C[C@H](CC(N)=O)c3ccccc32)=C1O,6.6020599913279625,250.0,1,CHEMBL372611,Human immunodeficiency virus type 1 protease
CC(C)(C)CC(=O)N[C@@H](Cc1ccccc1)[C@@H](O)C[C@]1(Cc2ccccc2)N=CC(C2c3ccccc3[C@H]3NC(=O)OC23)=C1O,7.017728766960431,96.0,1,CHEMBL201216,Human immunodeficiency virus type 1 protease
CC(C)(C)CC(=O)N[C@@H](Cc1ccccc1)[C@H](O)CNC[C@@H](O)[C@H](Cc1ccccc1)NC(=O)OC(C)(C)C,5.3979400086720375,4000.0,2,CHEMBL298572,Human immunodeficiency virus type 1 protease
CC(C)(C)CC(SC1CCCCC1)c1c(O)cc(-c2ccccc2)oc1=O,6.522878745280337,300.0,1,CHEMBL170802,Human immunodeficiency virus type 1 protease
CC(C)(C)CNC(=O)[C@@H]1CN(C(C)(C)c2cc3cnccc3o2)CCN1C[C@@H](O)C[C@@H](Cc1ccccc1)C(=O)N[C@H]1c2ccccc2OC[C@H]1O,8.935542010773082,1.16,1,CHEMBL310459,Human immunodeficiency virus type 1 protease
CC(C)(C)COC(=O)N[C@@H](Cc1ccccc1)[C@H](O)CNC[C@@H](O)[C@H](Cc1ccccc1)NC(=O)OCC(C)(C)C,5.221848749616356,6000.0,1,CHEMBL49341,Human immunodeficiency virus type 1 protease
CC(C)(C)N(C[C@@H](O)[C@H](Cc1ccccc1)NC(=O)[C@H](CC(N)=O)NC(=O)OCc1ccccc1)C(=O)NCC1CCCCC1,7.537003387971944,29.04,1,CHEMBL132036,Human immunodeficiency virus type 1 protease
CC(C)(C)N(C[C@@H](O)[C@H](Cc1ccccc1)NC(=O)[C@H](CC(N)=O)NC(=O)OCc1ccccc1)C(=O)NCc1ccccc1,7.721017883134556,19.01,1,CHEMBL134296,Human immunodeficiency virus type 1 protease
CC(C)(C)N(C[C@@H](O)[C@H](Cc1ccccc1)NC(=O)[C@H](CC(N)=O)NC(=O)OCc1ccccc1)C(=O)NCc1ccncc1,6.9779842601822795,105.2,1,CHEMBL335056,Human immunodeficiency virus type 1 protease
CC(C)(C)N(C[C@@H](O)[C@H](Cc1ccccc1)NC(=O)[C@H](CC(N)=O)NC(=O)c1ccc2ccccc2n1)C(=O)NCC1CCCCC1,8.301029995663981,5.0,1,CHEMBL129565,Human immunodeficiency virus type 1 protease
CC(C)(C)N(C[C@@H](O)[C@H](Cc1ccccc1)NC(=O)[C@H](CC(N)=O)NC(=O)c1ccc2ccccc2n1)C(=O)NCc1ccccc1,8.523023534240473,2.999,1,CHEMBL133552,Human immunodeficiency virus type 1 protease
CC(C)(C)N(C[C@@H](O)[C@H](Cc1ccccc1)NC(=O)[C@H](CC(N)=O)NC(=O)c1ccc2ccccc2n1)C(=O)NCc1ccncc1,7.721017883134556,19.01,1,CHEMBL133883,Human immunodeficiency virus type 1 protease
CC(C)(C)NC(=O)C(Cc1ccccc1)NCC(O)[C@H](Cc1ccccc1)NC(=O)OC(C)(C)C,4.0,100000.0,1,CHEMBL313993,Human immunodeficiency virus type 1 protease
CC(C)(C)NC(=O)C1(C)OC(O)=C(CCc2ccccc2)C1=O,4.154901959985743,70000.0,1,CHEMBL104340,Human immunodeficiency virus type 1 protease
CC(C)(C)NC(=O)C1(CCc2ccccc2)OC(O)=C(CCc2ccccc2)C1=O,5.522878745280337,3000.0,1,CHEMBL104253,Human immunodeficiency virus type 1 protease
CC(C)(C)NC(=O)C1(CCc2ccccc2)OC(O)=C(Cc2ccccc2)C1=O,4.958607314841775,11000.0,1,CHEMBL104360,Human immunodeficiency virus type 1 protease
CC(C)(C)NC(=O)C1(CCc2ccccc2)OC(O)=C(c2c[nH]c3ccccc23)C1=O,3.9706162223147903,107000.0,1,CHEMBL108517,Human immunodeficiency virus type 1 protease
CC(C)(C)NC(=O)C1(CCc2ccccc2)OC(O)=C(c2ccc(-c3ccccc3)cc2)C1=O,4.568636235841013,27000.0,1,CHEMBL106905,Human immunodeficiency virus type 1 protease
CC(C)(C)NC(=O)C1(CCc2ccccc2)OC(O)=C(c2ccc(C(C)(C)C)cc2)C1=O,4.769551078621726,17000.0,1,CHEMBL322781,Human immunodeficiency virus type 1 protease
CC(C)(C)NC(=O)C1CC2CCCCC2CN1C[C@@H](O)[C@H](Cc1ccccc1)NC(=O)[C@H](CC(N)=O)NC(=O)OCc1ccccc1,8.568636235841012,2.7,2,CHEMBL323014,Human immunodeficiency virus type 1 protease
CC(C)(C)NC(=O)C1CC2CCCCC2CN1C[C@H](O)[C@H](Cc1ccccc1)NC(=O)[C@H](CC(N)=O)NC(=O)OCc1ccccc1,7.0,100.0,2,CHEMBL321398,Human immunodeficiency virus type 1 protease
CC(C)(C)NC(=O)C1CCCCN1C[C@@H](O)[C@H](Cc1ccccc1)NC(=O)[C@H](CC(N)=O)NC(=O)c1ccc2ccccc2n1,8.698970004336019,2.0,1,CHEMBL3350611,Human immunodeficiency virus type 1 protease
CC(C)(C)NC(=O)C1CCCCN1C[C@H](O)[C@H](Cc1ccccc1)NC(=O)C(CC#N)NC(=O)OCc1ccccc1,7.638083381331357,23.01,1,CHEMBL133585,Human immunodeficiency virus type 1 protease
CC(C)(C)NC(=O)C1CCCCN1C[C@H](O)[C@H](Cc1ccccc1)NC(=O)C(CC(N)=O)NC(=O)c1ccc2ccccc2n1,8.698970004336019,2.0,1,CHEMBL132777,Human immunodeficiency virus type 1 protease
CC(C)(C)NC(=O)C1CN(Cc2c[nH]c3ccccc23)CCN1CC(O)CC(Cc1ccccc1)C(=O)NC1c2ccccc2CC1O,8.769551078621726,1.7,1,CHEMBL325395,Human immunodeficiency virus type 1 protease
CC(C)(C)NC(=O)C1CN(Cc2cc3cc(CO)cnc3o2)CCN1CC(O)CC(Cc1ccccc1)C(=O)NC1c2ccccc2CC1O,9.744727494896694,0.18,1,CHEMBL116052,Human immunodeficiency virus type 1 protease
CC(C)(C)NC(=O)C1CN(Cc2cc3cccnc3o2)CCN1CC(O)CC(Cc1ccccc1)C(=O)NC1c2ccccc2CC1O,9.494850021680094,0.32,1,CHEMBL324516,Human immunodeficiency virus type 1 protease
CC(C)(C)NC(=O)C1CN(Cc2cc3cccnc3s2)CCN1CC(O)CC(Cc1ccccc1)C(=O)NC1c2ccccc2CC1O,9.958607314841775,0.11,1,CHEMBL113845,Human immunodeficiency virus type 1 protease
CC(C)(C)NC(=O)C1CN(Cc2ccc3occc3c2)CCN1CC(O)CC(Cc1ccccc1)C(=O)NC1c2ccccc2CC1O,8.769551078621726,1.7,1,CHEMBL332498,Human immunodeficiency virus type 1 protease
CC(C)(C)NC(=O)C1CN(Cc2csc3ncccc23)CCN1CC(O)CC(Cc1ccccc1)C(=O)NC1c2ccccc2CC1O,9.698970004336019,0.2,1,CHEMBL326337,Human immunodeficiency virus type 1 protease
CC(C)(C)NC(=O)C1N(C[C@@H](O)CNC(=O)[C@@H]2N[C@@H](C(NC(=O)Cc3ccccc3)C(=O)NCc3ccccc3)SC2(C)C)C(C)(C)SC1(C)C,6.721246399047171,190.0,1,CHEMBL122104,Human immunodeficiency virus type 1 protease
CC(C)(C)NC(=O)C1N(C[C@H](O)CNC(=O)[C@@H]2N[C@@H](C(NC(=O)Cc3ccccc3)C(=O)NCc3ccccc3)SC2(C)C)C(C)(C)SC1(C)C,7.031517051446065,93.0,1,CHEMBL331232,Human immunodeficiency virus type 1 protease
CC(C)(C)NC(=O)C[C@@H](C(=O)NC[C@@H](O)[C@H](Cc1ccccc1)NC(=O)OCc1ccccc1)C(C)(C)C,7.721246399047171,19.0,1,CHEMBL69651,Human immunodeficiency virus type 1 protease
CC(C)(C)NC(=O)N(CC(O)[C@H](Cc1ccccc1)NC(=O)[C@H](CC(N)=O)NC(=O)OCc1ccccc1)C1CCCCC1,7.537003387971944,29.04,1,CHEMBL70394,Human immunodeficiency virus type 1 protease
CC(C)(C)NC(=O)N(CC(O)[C@H](Cc1ccccc1)NC(=O)[C@H](CC(N)=O)NC(=O)c1ccc2ccccc2n1)C1CCCCC1,8.301029995663981,5.0,1,CHEMBL305460,Human immunodeficiency virus type 1 protease
CC(C)(C)NC(=O)N(CC1CCCCC1)C[C@@H](O)[C@H](Cc1ccccc1)NC(=O)[C@H](CC(N)=O)NC(=O)OCc1ccccc1,7.5376020021010435,29.0,1,CHEMBL98150,Human immunodeficiency virus type 1 protease
CC(C)(C)NC(=O)N(CC1CCCCC1)C[C@@H](O)[C@H](Cc1ccccc1)NC(=O)[C@H](CC(N)=O)NC(=O)c1ccc2ccccc2n1,8.301029995663981,5.0,1,CHEMBL317933,Human immunodeficiency virus type 1 protease
CC(C)(C)NC(=O)N(Cc1ccccc1)CC(O)[C@H](Cc1ccccc1)NC(=O)[C@H](CC(N)=O)NC(=O)OCc1ccccc1,7.721017883134556,19.01,1,CHEMBL290765,Human immunodeficiency virus type 1 protease
CC(C)(C)NC(=O)N(Cc1ccccc1)CC(O)[C@H](Cc1ccccc1)NC(=O)[C@H](CC(N)=O)NC(=O)c1ccc2ccccc2n1,8.523023534240473,2.999,1,CHEMBL69995,Human immunodeficiency virus type 1 protease
CC(C)(C)NC(=O)N(Cc1ccccc1)C[C@@H](O)[C@H](Cc1ccccc1)NC(=O)[C@H](CC(N)=O)NC(=O)OCc1ccccc1,7.721246399047171,19.0,1,CHEMBL329068,Human immunodeficiency virus type 1 protease
CC(C)(C)NC(=O)N(Cc1ccccc1)C[C@@H](O)[C@H](Cc1ccccc1)NC(=O)[C@H](CC(N)=O)NC(=O)c1ccc2ccccc2n1,8.522878745280337,3.0,1,CHEMBL98002,Human immunodeficiency virus type 1 protease
CC(C)(C)NC(=O)N(Cc1ccncc1)CC(O)[C@H](Cc1ccccc1)NC(=O)[C@H](CC(N)=O)NC(=O)OCc1ccccc1,6.9779842601822795,105.2,1,CHEMBL305967,Human immunodeficiency virus type 1 protease
CC(C)(C)NC(=O)N(Cc1ccncc1)CC(O)[C@H](Cc1ccccc1)NC(=O)[C@H](CC(N)=O)NC(=O)c1ccc2ccccc2n1,7.721017883134556,19.01,1,CHEMBL71134,Human immunodeficiency virus type 1 protease
CC(C)(C)NC(=O)N(Cc1ccncc1)C[C@@H](O)[C@H](Cc1ccccc1)NC(=O)[C@H](CC(N)=O)NC(=O)OCc1ccccc1,6.978810700930062,105.0,1,CHEMBL430674,Human immunodeficiency virus type 1 protease
CC(C)(C)NC(=O)N(Cc1ccncc1)C[C@@H](O)[C@H](Cc1ccccc1)NC(=O)[C@H](CC(N)=O)NC(=O)c1ccc2ccccc2n1,7.721246399047171,19.0,1,CHEMBL98302,Human immunodeficiency virus type 1 protease
CC(C)(C)NC(=O)N[C@@H](Cc1ccccc1)[C@H](O)CNC[C@@H](O)[C@H](Cc1ccccc1)NC(=O)OC(C)(C)C,6.3979400086720375,400.0,1,CHEMBL300492,Human immunodeficiency virus type 1 protease
CC(C)(C)NC(=O)[C@@H]1CC2CCCCC2CN1C[C@@H](O)C[C@@H](Cc1ccccc1)C(=O)NC1c2ccccc2C[C@H]1O,8.10790539730952,7.8,1,CHEMBL113825,Human immunodeficiency virus type 1 protease
CC(C)(C)NC(=O)[C@@H]1CC2CCCCC2CN1C[C@@H](O)[C@@H]1Cc2ccc(cc2)OCCCCOc2cc3ccccc3cc2C(=O)N[C@@H](CC(N)=O)C(=O)N1,7.055517327849832,88.0,1,CHEMBL430984,Human immunodeficiency virus type 1 protease
CC(C)(C)NC(=O)[C@@H]1CC2CCCCC2CN1C[C@@H](O)[C@@H]1Cc2ccc(cc2)OCCCOc2cc3ccccc3cc2C(=O)N[C@@H](CC(N)=O)C(=O)N1,8.0,10.0,1,CHEMBL70787,Human immunodeficiency virus type 1 protease
CC(C)(C)NC(=O)[C@@H]1CC2CCCCC2CN1C[C@@H](O)[C@@H]1Cc2ccc(cc2)OCCOc2cc3ccccc3cc2C(=O)N[C@@H](CC(N)=O)C(=O)N1,7.886056647693163,13.0,1,CHEMBL431754,Human immunodeficiency virus type 1 protease
CC(C)(C)NC(=O)[C@@H]1CC2CCCCC2CN1C[C@@H](O)[C@H](Cc1ccccc1)NC(=O)[C@H](CC(N)=O)NC(=O)OCc1ccccc1,8.568636235841012,2.7,1,CHEMBL3349989,Human immunodeficiency virus type 1 protease
CC(C)(C)NC(=O)[C@@H]1CC2CCCCC2CN1C[C@H](O)[C@H](Cc1ccccc1)NC(=O)[C@H](CC(N)=O)NC(=O)c1ccc2ccccc2n1,7.0,100.0,2,CHEMBL3350205,Human immunodeficiency virus type 1 protease
CC(C)(C)NC(=O)[C@@H]1CCCCN1C(=O)[C@@H](O)[C@H](Cc1ccccc1)NC(=O)[C@H](CC(N)=O)NC(=O)OCc1ccccc1,7.585026652029182,26.0,2,CHEMBL3085514,Human immunodeficiency virus type 1 protease
CC(C)(C)NC(=O)[C@@H]1CCCCN1C[C@@H](O)CNC(=O)[C@@H]1N[C@@H](C(NC(=O)Cc2ccccc2)C(=O)NCc2ccccc2)SC1(C)C,5.187086643357144,6500.0,1,CHEMBL273621,Human immunodeficiency virus type 1 protease
CC(C)(C)NC(=O)[C@@H]1CCCCN1C[C@@H](O)C[C@@H](Cc1ccccc1)C(=O)NC1c2ccccc2C[C@H]1O,7.096910013008056,80.0,1,CHEMBL327025,Human immunodeficiency virus type 1 protease
CC(C)(C)NC(=O)[C@@H]1CCCCN1C[C@@H](O)C[C@@H](Cc1ccccc1)C(=O)N[C@H]1c2ccccc2C[C@H]1O,7.096910013008056,80.0,1,CHEMBL293777,Human immunodeficiency virus type 1 protease
CC(C)(C)NC(=O)[C@@H]1CCCCN1C[C@@H](O)[C@H](Cc1ccccc1)NC(=O)[C@H](CC(N)=O)NC(=O)OCc1ccccc1,7.7447274948966935,18.0,3,CHEMBL93082,Human immunodeficiency virus type 1 protease
CC(C)(C)NC(=O)[C@@H]1CCCCN1C[C@@H](O)[C@H](Cc1ccccc1)NC(=O)[C@H](CC(N)=O)NC(=O)c1ccc2ccccc2n1,8.0,10.0,3,CHEMBL12790,Human immunodeficiency virus type 1 protease
CC(C)(C)NC(=O)[C@@H]1CCCCN1C[C@H](O)CNC(=O)[C@@H]1N[C@@H](C(NC(=O)Cc2ccccc2)C(=O)NCc2ccccc2)SC1(C)C,5.657577319177793,2200.0,1,CHEMBL123243,Human immunodeficiency virus type 1 protease
CC(C)(C)NC(=O)[C@@H]1CCCC[C@@H]1C[C@@H](O)[C@H](Cc1ccccc1)NC(=O)[C@H](CC(N)=O)NC(=O)OCc1ccccc1,7.2441251443275085,57.0,1,CHEMBL2115250,Human immunodeficiency virus type 1 protease
CC(C)(C)NC(=O)[C@@H]1CCCC[C@H]1C[C@@H](O)[C@H](Cc1ccccc1)NC(=O)[C@H](CC(N)=O)NC(=O)OCc1ccccc1,8.698970004336019,2.0,1,CHEMBL2114261,Human immunodeficiency virus type 1 protease
CC(C)(C)NC(=O)[C@@H]1CCCC[C@H]1C[C@@H](O)[C@H](Cc1ccccc1)NC(=O)[C@H](CC(N)=O)NC(=O)c1ccc2ccccc2n1,8.853871964321762,1.4,1,CHEMBL327599,Human immunodeficiency virus type 1 protease
CC(C)(C)NC(=O)[C@@H]1CCCN1C(=O)C(=O)[C@H](Cc1ccccc1)NC(=O)OCc1ccccc1,6.221924764454062,599.895,2,CHEMBL335023,Human immunodeficiency virus type 1 protease
CC(C)(C)NC(=O)[C@@H]1CCCN1C(=O)C(=O)[C@H](Cc1ccccc1)NC(=O)[C@H](CC(N)=O)NC(=O)OCc1ccccc1,7.698970004336019,20.0,2,CHEMBL3085515,Human immunodeficiency virus type 1 protease
CC(C)(C)NC(=O)[C@@H]1CCCN1C(=O)[C@@H](O)[C@@H]1Cc2ccc(cc2)OCCCOc2cc3ccccc3cc2C(=O)N[C@@H](CC(N)=O)C(=O)N1,7.721246399047171,19.0,1,CHEMBL137282,Human immunodeficiency virus type 1 protease
CC(C)(C)NC(=O)[C@@H]1CCCN1C(=O)[C@@H](O)[C@H](Cc1ccccc1)NC(=O)OCc1ccccc1,6.337119467594392,460.13,2,CHEMBL336818,Human immunodeficiency virus type 1 protease
CC(C)(C)NC(=O)[C@@H]1CCCN1C(=O)[C@@H](O)[C@H](Cc1ccccc1)NC(=O)[C@H](CC(N)=O)NC(=O)COc1ccc2ccccc2c1,8.886056647693163,1.3,2,CHEMBL334985,Human immunodeficiency virus type 1 protease
CC(C)(C)NC(=O)[C@@H]1CCCN1C(=O)[C@@H](O)[C@H](Cc1ccccc1)NC(=O)[C@H](CC(N)=O)NC(=O)COc1cccc2ccccc12,9.23679675778466,0.5797,2,CHEMBL3085518,Human immunodeficiency virus type 1 protease
CC(C)(C)NC(=O)[C@@H]1CCCN1C(=O)[C@@H](O)[C@H](Cc1ccccc1)NC(=O)[C@H](CC(N)=O)NC(=O)OCc1ccccc1,8.130768280269024,7.4,3,CHEMBL3349847,Human immunodeficiency virus type 1 protease
CC(C)(C)NC(=O)[C@@H]1CCCN1C(=O)[C@@H](O)[C@H](Cc1ccccc1)NC(=O)[C@H](CC(N)=O)NC(=O)c1ccc2ccccc2n1,8.958607314841775,1.1,3,CHEMBL337283,Human immunodeficiency virus type 1 protease
CC(C)(C)NC(=O)[C@@H]1CCCN1C(=O)[C@H](O)[C@@H]1Cc2ccc(cc2)OCCCOc2cc3ccccc3cc2C(=O)N[C@@H](CC(N)=O)C(=O)N1,5.42021640338319,3800.0,1,CHEMBL342585,Human immunodeficiency virus type 1 protease
CC(C)(C)NC(=O)[C@@H]1CCCN1C(=O)[C@H](O)[C@H](Cc1ccccc1)NC(=O)[C@H](CC(N)=O)NC(=O)OCc1ccccc1,5.508819103953845,3098.71,2,CHEMBL335676,Human immunodeficiency virus type 1 protease
CC(C)(C)NC(=O)[C@@H]1CCCN1CC(O)CNC(=O)[C@@H]1N[C@@H](C(NC(=O)Cc2ccccc2)C(=O)NCc2ccccc2)SC1(C)C,5.823908740944319,1500.0,1,CHEMBL122464,Human immunodeficiency virus type 1 protease
CC(C)(C)NC(=O)[C@@H]1CCCN1CC(O)CNC(=O)[C@@H]1N[C@@H](C(NC(=O)Cc2ccccc2)C(=O)NCc2ccccc2)SC1(C)C.O,5.508638306165727,3100.0,1,CHEMBL2111803,Human immunodeficiency virus type 1 protease
CC(C)(C)NC(=O)[C@@H]1CCCN1C[C@@H](O)C[C@@H](Cc1ccccc1)C(=O)NC1c2ccccc2C[C@H]1O,6.459670525209126,347.0,1,CHEMBL326288,Human immunodeficiency virus type 1 protease
CC(C)(C)NC(=O)[C@@H]1CCCN1C[C@@H](O)[C@@H]1Cc2ccc(cc2)OCCCCOc2cc3ccccc3cc2C(=O)N[C@@H](CC(N)=O)C(=O)N1,6.045757490560675,900.0,1,CHEMBL304369,Human immunodeficiency virus type 1 protease
CC(C)(C)NC(=O)[C@@H]1CCCN1C[C@@H](O)[C@@H]1Cc2ccc(cc2)OCCCOc2cc3ccccc3cc2C(=O)N[C@@H](CC(N)=O)C(=O)N1,6.3979400086720375,400.0,2,CHEMBL305289,Human immunodeficiency virus type 1 protease
CC(C)(C)NC(=O)[C@@H]1CCCN1C[C@@H](O)[C@@H]1Cc2ccc(cc2)OCCOc2cc3ccccc3cc2C(=O)N[C@@H](CC(N)=O)C(=O)N1,6.346787486224656,450.0,1,CHEMBL302486,Human immunodeficiency virus type 1 protease
CC(C)(C)NC(=O)[C@@H]1CCCN1C[C@@H](O)[C@H](Cc1ccccc1)NC(=O)[C@H](CC(N)=O)NC(=O)OCc1ccccc1,6.6777807052660805,210.0,1,CHEMBL3349988,Human immunodeficiency virus type 1 protease
CC(C)(C)NC(=O)[C@@H]1CCCN1C[C@H](O)[C@@H]1Cc2ccc(cc2)OCCCOc2cc3ccccc3cc2C(=O)N[C@@H](CC(N)=O)C(=O)N1,4.045757490560675,90000.0,2,CHEMBL305290,Human immunodeficiency virus type 1 protease
CC(C)(C)NC(=O)[C@@H]1CCCN1C[C@H](O)[C@H](Cc1ccccc1)NC(=O)[C@H](CC(N)=O)NC(=O)OCc1ccccc1,6.678008252452735,209.89,1,CHEMBL3085516,Human immunodeficiency virus type 1 protease
CC(C)(C)NC(=O)[C@@H]1CN(C(=O)OCc2ccccc2)CCN1C[C@@H](O)C[C@@H](Cc1ccccc1)C(=O)N[C@H]1c2ccccc2C[C@H]1O,9.455931955649724,0.35,1,CHEMBL2062139,Human immunodeficiency virus type 1 protease
CC(C)(C)NC(=O)[C@@H]1CN(C(=O)OCc2ccccc2)CCN1C[C@@H](O)[C@H](Cc1ccccc1)NC(=O)O[C@H]1CCOC1,7.723538195826756,18.9,1,CHEMBL309346,Human immunodeficiency virus type 1 protease
CC(C)(C)NC(=O)[C@@H]1CN(C(=O)OCc2ccccc2)CCN1C[C@H](O)[C@H](Cc1ccccc1)NC(=O)O[C@H]1CCOC1,4.920818753952375,12000.0,1,CHEMBL306598,Human immunodeficiency virus type 1 protease
CC(C)(C)NC(=O)[C@@H]1CN(C(=O)Oc2ccccc2)CCN1C[C@@H](O)CNC(=O)[C@@H]1N[C@@H](C(NC(=O)Cc2ccccc2)C(=O)NCc2ccccc2)SC1(C)C,7.236572006437063,58.0,1,CHEMBL2112601,Human immunodeficiency virus type 1 protease
CC(C)(C)NC(=O)[C@@H]1CN(C(=O)c2cc3ccccc3oc2=O)CCN1C[C@@H](O)C[C@@H](Cc1ccccc1)C(=O)NC1c2ccccc2C[C@H]1O,9.886056647693163,0.13,1,CHEMBL333828,Human immunodeficiency virus type 1 protease
CC(C)(C)NC(=O)[C@@H]1CN(C(=O)c2ccccc2)CCN1C[C@@H](O)[C@H](Cc1ccccc1)NC(=O)O[C@H]1CCOC1,6.382999658879101,414.0,1,CHEMBL73723,Human immunodeficiency virus type 1 protease
CC(C)(C)NC(=O)[C@@H]1CN(C(=O)c2ccccn2)CCN1C[C@@H](O)[C@H](Cc1ccccc1)NC(=O)O[C@H]1CCOC1,6.590066876668706,257.0,1,CHEMBL76460,Human immunodeficiency virus type 1 protease
CC(C)(C)NC(=O)[C@@H]1CN(C(=O)c2cccnc2)CCN1C[C@@H](O)[C@H](Cc1ccccc1)NC(=O)O[C@H]1CCOC1,6.430626090384954,371.0,1,CHEMBL308771,Human immunodeficiency virus type 1 protease
CC(C)(C)NC(=O)[C@@H]1CN(C(=O)c2ccncc2)CCN1C[C@@H](O)[C@H](Cc1ccccc1)NC(=O)O[C@H]1CCOC1,6.87942606879415,132.0,1,CHEMBL308837,Human immunodeficiency virus type 1 protease
CC(C)(C)NC(=O)[C@@H]1CN(C(=O)c2cnc3occc3c2)CCN1C[C@@H](O)C[C@@H](Cc1ccccc1)C(=O)NC1c2ccccc2C[C@H]1O,8.769551078621726,1.7,1,CHEMBL116845,Human immunodeficiency virus type 1 protease
CC(C)(C)NC(=O)[C@@H]1CN(C(C)(C)c2cc3cnccc3o2)CCN1C[C@@H](O)C[C@@H](Cc1ccccc1)C(=O)N[C@H]1c2ccccc2C[C@H]1O,9.823908740944319,0.15,1,CHEMBL78876,Human immunodeficiency virus type 1 protease
CC(C)(C)NC(=O)[C@@H]1CN(C(C)(C)c2cc3cnccc3o2)CCN1C[C@@H](O)C[C@@H](Cc1ccccc1)C(=O)N[C@H]1c2ccccc2OC[C@H]1O,10.110924374808178,0.0775,2,CHEMBL312238,Human immunodeficiency virus type 1 protease
CC(C)(C)NC(=O)[C@@H]1CN(C(C)(C)c2cccnc2)CCN1C[C@@H](O)C[C@@H](Cc1ccccc1)C(=O)N[C@H]1c2ccccc2C[C@H]1O,8.935542010773082,1.16,1,CHEMBL311979,Human immunodeficiency virus type 1 protease
CC(C)(C)NC(=O)[C@@H]1CN(CC(=O)OC(C)(C)C)CCN1C[C@@H](O)C[C@@H](Cc1ccccc1)C(=O)NC1c2ccccc2C[C@H]1O,9.09151498112135,0.81,1,CHEMBL115176,Human immunodeficiency virus type 1 protease
CC(C)(C)NC(=O)[C@@H]1CN(CC2(c3ccccc3)CC2)CCN1C[C@@H](O)C[C@@H](Cc1ccccc1)C(=O)NC1c2ccccc2C[C@H]1O,7.351788075748112,132.35,2,CHEMBL347500,Human immunodeficiency virus type 1 protease
CC(C)(C)NC(=O)[C@@H]1CN(CCCC(F)(F)F)CCN1C[C@@H](O)C[C@@H](Cc1ccccc1)C(=O)NC1c2ccccc2C[C@H]1O,7.030480116735691,291.65,2,CHEMBL151617,Human immunodeficiency virus type 1 protease
CC(C)(C)NC(=O)[C@@H]1CN(CCCc2ccccc2)CCN1C[C@@H](O)[C@H](Cc1ccccc1)NC(=O)O[C@H]1CCOC1,6.756961951313706,175.0,1,CHEMBL72784,Human immunodeficiency virus type 1 protease
CC(C)(C)NC(=O)[C@@H]1CN(CCOCc2ccccc2)CCN1C[C@@H](O)C[C@@H](Cc1ccccc1)C(=O)NC1c2ccccc2C[C@H]1O,8.987162775294827,1.03,1,CHEMBL324260,Human immunodeficiency virus type 1 protease
CC(C)(C)NC(=O)[C@@H]1CN(CCc2ccccc2)CCN1C[C@@H](O)[C@H](Cc1ccccc1)NC(=O)O[C@H]1CCOC1,6.320572103387881,478.0,1,CHEMBL73662,Human immunodeficiency virus type 1 protease
CC(C)(C)NC(=O)[C@@H]1CN(Cc2c(F)cccc2F)CCN1C[C@@H](O)C[C@@H](Cc1cccnc1)C(=O)N[C@H]1c2ccccc2C[C@H]1O,9.853871964321762,0.14,1,CHEMBL318525,Human immunodeficiency virus type 1 protease
CC(C)(C)NC(=O)[C@@H]1CN(Cc2c(F)cccc2F)CCN1C[C@@H](O)C[C@@H](Cc1ccncc1)C(=O)N[C@H]1c2ccccc2C[C@H]1O,9.318758762624412,0.48,1,CHEMBL319053,Human immunodeficiency virus type 1 protease
CC(C)(C)NC(=O)[C@@H]1CN(Cc2cc(Br)cs2)CCN1C[C@@H](O)C[C@@H](Cc1cccnc1)C(=O)N[C@H]1c2ccccc2C[C@H]1O,10.522878745280337,0.03,1,CHEMBL421568,Human immunodeficiency virus type 1 protease
CC(C)(C)NC(=O)[C@@H]1CN(Cc2cc(Br)cs2)CCN1C[C@@H](O)C[C@@H](Cc1ccncc1)C(=O)N[C@H]1c2ccccc2C[C@H]1O,9.958607314841775,0.11,1,CHEMBL318777,Human immunodeficiency virus type 1 protease
CC(C)(C)NC(=O)[C@@H]1CN(Cc2cc3cc(F)ccc3o2)CCN1C[C@@H](O)C[C@@H](Cc1ccccc1)C(=O)NC1c2ccccc2C[C@H]1O,8.182057157359363,23.47,2,CHEMBL151080,Human immunodeficiency virus type 1 protease
CC(C)(C)NC(=O)[C@@H]1CN(Cc2cc3ccccc3o2)CCN1C[C@@H](O)C[C@@H](Cc1ccccc1)C(=O)NC1c2ccccc2C[C@H]1O,8.46479633912994,12.245,2,CHEMBL151663,Human immunodeficiency virus type 1 protease
CC(C)(C)NC(=O)[C@@H]1CN(Cc2cc3ccccc3o2)CCN1C[C@@H](O)C[C@@H](Cc1ccccc1)C(=O)N[C@H]1c2ccccc2C[C@H]1O,9.744727494896694,0.18,1,CHEMBL1233940,Human immunodeficiency virus type 1 protease
CC(C)(C)NC(=O)[C@@H]1CN(Cc2cc3ccncc3o2)CCN1C[C@@H](O)C[C@@H](Cc1ccccc1)C(=O)NC1c2ccccc2C[C@H]1O,9.4089353929735,0.39,1,CHEMBL325354,Human immunodeficiency virus type 1 protease
CC(C)(C)NC(=O)[C@@H]1CN(Cc2cc3ccsc3s2)CCN1C[C@@H](O)C[C@@H](Cc1cccnc1)C(=O)N[C@H]1c2ccccc2C[C@H]1O,9.920818753952375,0.12,2,CHEMBL96645,Human immunodeficiency virus type 1 protease
CC(C)(C)NC(=O)[C@@H]1CN(Cc2cc3ccsc3s2)CCN1C[C@@H](O)C[C@@H](Cc1ccncc1)C(=O)N[C@H]1c2ccccc2C[C@H]1O,10.221848749616356,0.06,1,CHEMBL96100,Human immunodeficiency virus type 1 protease
CC(C)(C)NC(=O)[C@@H]1CN(Cc2cc3cnccc3o2)CCN1C[C@@H](O)C[C@@H](Cc1ccccc1)C(=O)NC1c2ccccc2C[C@H]1O,9.657577319177793,0.22,1,CHEMBL324025,Human immunodeficiency virus type 1 protease
CC(C)(C)NC(=O)[C@@H]1CN(Cc2cc3cnccc3o2)CCN1C[C@@H](O)C[C@@H](Cc1ccccc1)C(=O)N[C@H]1c2ccccc2C[C@H]1O,9.638272163982407,0.23,1,CHEMBL81840,Human immunodeficiency virus type 1 protease
CC(C)(C)NC(=O)[C@@H]1CN(Cc2cc3sccc3s2)CCN1C[C@@H](O)C[C@@H](Cc1cccnc1)C(=O)N[C@H]1c2ccccc2C[C@H]1O,10.045757490560675,0.09,1,CHEMBL316454,Human immunodeficiency virus type 1 protease
CC(C)(C)NC(=O)[C@@H]1CN(Cc2cc3sccc3s2)CCN1C[C@@H](O)C[C@@H](Cc1ccncc1)C(=O)N[C@H]1c2ccccc2C[C@H]1O,10.301029995663981,0.05,1,CHEMBL96697,Human immunodeficiency virus type 1 protease
CC(C)(C)NC(=O)[C@@H]1CN(Cc2ccc(Br)cc2S)CCN1C[C@@H](O)C[C@@H](Cc1ccccc1)C(=O)NC1c2ccccc2C[C@H]1O,10.221848749616356,0.06,1,CHEMBL326600,Human immunodeficiency virus type 1 protease
CC(C)(C)NC(=O)[C@@H]1CN(Cc2ccc(Cl)c(Cl)c2)CCN1C[C@@H](O)C[C@@H](Cc1ccccc1)C(=O)N[C@H]1c2ccccc2C[C@H]1O,8.958607314841775,1.1,1,CHEMBL37383,Human immunodeficiency virus type 1 protease
CC(C)(C)NC(=O)[C@@H]1CN(Cc2ccc(Cl)nc2)CCN1C[C@@H](O)C[C@@H](Cc1ccccc1)C(=O)NC1c2ccccc2C[C@H]1O,9.309803919971486,0.49,1,CHEMBL116107,Human immunodeficiency virus type 1 protease
CC(C)(C)NC(=O)[C@@H]1CN(Cc2ccc(F)cc2F)CCN1C[C@@H](O)C[C@@H](Cc1ccccc1)C(=O)NC1c2ccccc2C[C@H]1O,9.508638306165727,0.31,1,CHEMBL326543,Human immunodeficiency virus type 1 protease
CC(C)(C)NC(=O)[C@@H]1CN(Cc2ccc(O)cc2)CCN1C[C@@H](O)[C@H](Cc1ccccc1)NC(=O)O[C@H]1CCOC1,6.815308569182402,153.0,1,CHEMBL74699,Human immunodeficiency virus type 1 protease
CC(C)(C)NC(=O)[C@@H]1CN(Cc2cccc(C(C)(C)NC(=O)OC(C)(C)C)c2)CCN1C[C@@H](O)C[C@@H](Cc1ccccc1)C(=O)NC1c2ccccc2C[C@H]1O,6.979556484974935,210.2,2,CHEMBL405134,Human immunodeficiency virus type 1 protease
CC(C)(C)NC(=O)[C@@H]1CN(Cc2cccc(O)c2)CCN1C[C@@H](O)[C@H](Cc1ccccc1)NC(=O)O[C@H]1CCOC1,6.31695296176115,482.0,1,CHEMBL75270,Human immunodeficiency virus type 1 protease
CC(C)(C)NC(=O)[C@@H]1CN(Cc2ccccc2)CCN1C[C@@H](O)C[C@@H](Cc1ccccc1)C(=O)NC1c2ccccc2C[C@H]1O,9.522878745280337,0.3,1,CHEMBL324084,Human immunodeficiency virus type 1 protease
CC(C)(C)NC(=O)[C@@H]1CN(Cc2ccccc2)CCN1C[C@@H](O)[C@H](Cc1ccccc1)NC(=O)O[C@H]1CCOC1,6.991399828238082,102.0,1,CHEMBL74629,Human immunodeficiency virus type 1 protease
CC(C)(C)NC(=O)[C@@H]1CN(Cc2ccccc2O)CCN1C[C@@H](O)[C@H](Cc1ccccc1)NC(=O)O[C@H]1CCOC1,6.991399828238082,102.0,1,CHEMBL74862,Human immunodeficiency virus type 1 protease
CC(C)(C)NC(=O)[C@@H]1CN(Cc2ccccc2S)CCN1C[C@@H](O)C[C@@H](Cc1ccccc1)C(=O)NC1c2ccccc2C[C@H]1O,9.267606240177031,0.54,1,CHEMBL326493,Human immunodeficiency virus type 1 protease
CC(C)(C)NC(=O)[C@@H]1CN(Cc2ccccn2)CCN1C[C@@H](O)[C@H](Cc1ccccc1)NC(=O)O[C@H]1CCOC1,6.019088062223156,957.0,1,CHEMBL73804,Human immunodeficiency virus type 1 protease
CC(C)(C)NC(=O)[C@@H]1CN(Cc2cccnc2)CCN1C[C@@H](O)C[C@@H](Cc1ccccc1)C(=O)N[C@H]1c2ccccc2C[C@H]1O.O,8.246341979961793,10.850000000000001,34,CHEMBL5483011,Human immunodeficiency virus type 1 protease
CC(C)(C)NC(=O)[C@@H]1CN(Cc2cccnc2)CCN1C[C@@H](O)C[C@@H](Cc1ccccc1)C(=O)N[C@H]1c2ccccc2C[C@H]1O.O=S(=O)(O)O,9.387216143280265,0.41,1,CHEMBL1735,Human immunodeficiency virus type 1 protease
CC(C)(C)NC(=O)[C@@H]1CN(Cc2cccnc2)CCN1C[C@@H](O)C[C@@H](Cc1cccnc1)C(=O)N[C@H]1c2ccccc2C[C@H]1O,8.769551078621726,1.7,1,CHEMBL317926,Human immunodeficiency virus type 1 protease
CC(C)(C)NC(=O)[C@@H]1CN(Cc2cccnc2)CCN1C[C@@H](O)C[C@@H](Cc1ccncc1)C(=O)N[C@H]1c2ccccc2C[C@H]1O,8.769551078621726,1.7,1,CHEMBL313876,Human immunodeficiency virus type 1 protease
CC(C)(C)NC(=O)[C@@H]1CN(Cc2cccnc2)CCN1C[C@@H](O)[C@H](Cc1ccccc1)NC(=O)O[C@H]1CCOC1,6.170053304058364,676.0,1,CHEMBL420379,Human immunodeficiency virus type 1 protease
CC(C)(C)NC(=O)[C@@H]1CN(Cc2ccncc2)CCN1C[C@@H](O)C[C@@H](Cc1ccccc1)C(=O)NC1c2ccccc2C[C@H]1O,9.4089353929735,0.39,1,CHEMBL113826,Human immunodeficiency virus type 1 protease
CC(C)(C)NC(=O)[C@@H]1CN(Cc2ccncc2)CCN1C[C@@H](O)[C@H](Cc1ccccc1)NC(=O)O[C@H]1CCOC1,6.533132379645891,293.0,1,CHEMBL308574,Human immunodeficiency virus type 1 protease
CC(C)(C)NC(=O)[C@@H]1CN(Cc2cnc3c(c2)CCO3)CCN1C[C@@H](O)C[C@@H](Cc1ccccc1)C(=O)NC1c2ccccc2C[C@H]1O,9.167491087293763,0.68,1,CHEMBL325946,Human immunodeficiency virus type 1 protease
CC(C)(C)NC(=O)[C@@H]1CN(Cc2cnc3ccccc3c2)CCN1C[C@@H](O)C[C@@H](Cc1ccccc1)C(=O)NC1c2ccccc2C[C@H]1O,9.853871964321762,0.14,1,CHEMBL325951,Human immunodeficiency virus type 1 protease
CC(C)(C)NC(=O)[C@@H]1CN(Cc2cnc3ccoc3c2)CCN1C[C@@H](O)C[C@@H](Cc1ccccc1)C(=O)NC1c2ccccc2C[C@H]1O,9.769551078621726,0.17,1,CHEMBL408413,Human immunodeficiency virus type 1 protease
CC(C)(C)NC(=O)[C@@H]1CN(Cc2cnc3occc3c2)CCN1C[C@@H](O)C[C@@H](Cc1ccccc1)C(=O)N[C@H]1c2ccccc2C[C@H]1O,9.455931955649724,0.35,1,CHEMBL2062137,Human immunodeficiency virus type 1 protease
CC(C)(C)NC(=O)[C@@H]1CN(Cc2cnc3occc3c2Cl)CCN1C[C@@H](O)C[C@@H](Cc1ccccc1)C(=O)NC1c2ccccc2C[C@H]1O,9.602059991327963,0.25,1,CHEMBL325181,Human immunodeficiency virus type 1 protease
CC(C)(C)NC(=O)[C@@H]1CN(Cc2nc3ccccc3[nH]2)CCN1C[C@@H](O)C[C@@H](Cc1ccccc1)C(=O)NC1c2ccccc2C[C@H]1O,9.327902142064282,0.47,1,CHEMBL114834,Human immunodeficiency virus type 1 protease
CC(C)(C)NC(=O)[C@@H]1CN(Cc2nc3ccccc3o2)CCN1C[C@@H](O)C[C@@H](Cc1ccccc1)C(=O)NC1c2ccccc2C[C@H]1O,8.050637409205253,33.6,2,CHEMBL147227,Human immunodeficiency virus type 1 protease
CC(C)(C)NC(=O)[C@@H]1CN(Cc2nc3ccccc3s2)CCN1C[C@@H](O)C[C@@H](Cc1ccccc1)C(=O)NC1c2ccccc2C[C@H]1O,8.032649799142288,36.45,2,CHEMBL359237,Human immunodeficiency virus type 1 protease
CC(C)(C)NC(=O)[C@@H]1CN(Cc2ncc(-c3ccccc3)s2)CCN1C[C@@H](O)C[C@@H](Cc1ccccc1)C(=O)NC1c2ccccc2C[C@H]1O,9.1419983281826,1.13,2,CHEMBL358228,Human immunodeficiency virus type 1 protease
CC(C)(C)NC(=O)[C@@H]1CN(Cc2ncc(-c3ccccc3)s2)CCN1C[C@@H](O)C[C@@H](Cc1ccccc1)C(=O)N[C@H]1c2ccccc2C[C@H]1O,9.610924374808178,0.35,2,CHEMBL421786,Human immunodeficiency virus type 1 protease
CC(C)(C)NC(=O)[C@@H]1CN(Cc2noc3ccccc23)CCN1C[C@@H](O)C[C@@H](Cc1ccccc1)C(=O)NC1c2ccccc2C[C@H]1O,8.038754048226378,36.335,2,CHEMBL359236,Human immunodeficiency virus type 1 protease
CC(C)(C)NC(=O)[C@@H]1CN(S(=O)(=O)c2cccc3cccnc23)CCN1C[C@@H](O)C[C@@H](Cc1ccccc1)C(=O)NC1c2ccccc2C[C@H]1O,10.886056647693163,0.013,1,CHEMBL116954,Human immunodeficiency virus type 1 protease
CC(C)(C)NC(=O)[C@@H]1CN(S(=O)(=O)c2cccc3cccnc23)CCN1C[C@@H](O)C[C@@H](Cc1cccnc1)C(=O)N[C@H]1c2ccccc2C[C@H]1O,10.522878745280337,0.03,1,CHEMBL96352,Human immunodeficiency virus type 1 protease
CC(C)(C)NC(=O)[C@@H]1CN(S(=O)(=O)c2cccc3cccnc23)CCN1C[C@@H](O)C[C@@H](Cc1ccncc1)C(=O)N[C@H]1c2ccccc2C[C@H]1O,10.823908740944319,0.015,1,CHEMBL433165,Human immunodeficiency virus type 1 protease
CC(C)(C)NC(=O)[C@@H]1CN(S(=O)(=O)c2cccnc2)CCN1C[C@@H](O)C[C@@H](Cc1ccccc1)C(=O)NC1c2ccccc2C[C@H]1O,9.522878745280337,0.3,1,CHEMBL325885,Human immunodeficiency virus type 1 protease
CC(C)(C)NC(=O)[C@@H]1CN(S(C)(=O)=O)CCN1C[C@@H](O)C[C@@H](Cc1ccccc1)C(=O)N[C@H]1c2ccccc2C[C@H]1O,8.795880017344075,1.6,1,CHEMBL432101,Human immunodeficiency virus type 1 protease
CC(C)(C)NC(=O)[C@@H]1CNCCN1C[C@@H](O)C[C@@H](Cc1ccccc1)C(=O)NC1c2ccccc2C[C@H]1O,7.42021640338319,38.0,1,CHEMBL430701,Human immunodeficiency virus type 1 protease
CC(C)(C)NC(=O)[C@@H]1CNCCN1C[C@@H](O)C[C@@H](Cc1ccccc1)C(=O)N[C@H]1c2ccccc2C[C@H]1O,7.42021640338319,38.0,1,CHEMBL949,Human immunodeficiency virus type 1 protease
CC(C)(C)NC(=O)[C@@H]1CSCN1C(=O)[C@@H](O)[C@H](Cc1ccccc1)NC(=O)[C@H](CC(N)=O)NC(=O)COc1cccc2ccccc12,8.05551732784983,8.8,1,CHEMBL5271231,Human immunodeficiency virus type 1 protease
CC(C)(C)NC(=O)[C@@H]1CSCN1C(=O)[C@@H](O)[C@H](Cc1ccccc1)NC(=O)[C@H](CC(N)=O)NC(=O)OCc1ccccc1,7.508638306165727,31.0,1,CHEMBL5270344,Human immunodeficiency virus type 1 protease
CC(C)(C)NC(=O)[C@@H]1CSCN1CC(O)CNC(=O)[C@@H]1N[C@@H](C(NC(=O)Cc2ccccc2)C(=O)NCc2ccccc2)SC1(C)C,6.346787486224656,450.0,1,CHEMBL331645,Human immunodeficiency virus type 1 protease
CC(C)(C)NC(=O)[C@@H]1C[C@@H](O)CN1CC(O)CNC(=O)[C@@H]1N[C@@H](C(NC(=O)Cc2ccccc2)C(=O)NCc2ccccc2)SC1(C)C,5.292429823902063,5100.0,1,CHEMBL121923,Human immunodeficiency virus type 1 protease
CC(C)(C)NC(=O)[C@@H]1C[C@@H](OC(C)(C)C)CN1CC(O)CNC(=O)[C@@H]1N[C@@H](C(NC(=O)Cc2ccccc2)C(=O)NCc2ccccc2)SC1(C)C,5.795880017344075,1600.0,1,CHEMBL122261,Human immunodeficiency virus type 1 protease
CC(C)(C)NC(=O)[C@@H]1C[C@@H]2CCCC[C@@H]2CN1C(=O)[C@@H](O)[C@H](Cc1ccccc1)NC(=O)[C@H](CC(N)=O)NC(=O)OCc1ccccc1,7.075850006732026,83.975,2,CHEMBL132945,Human immunodeficiency virus type 1 protease
CC(C)(C)NC(=O)[C@@H]1C[C@@H]2CCCC[C@@H]2CN1C(=O)[C@@H](O)[C@H](Cc1ccccc1)NC(=O)[C@H](CC(N)=O)NC(=O)c1ccc2ccccc2n1,7.568797145252564,26.990000000000002,2,CHEMBL3085513,Human immunodeficiency virus type 1 protease
CC(C)(C)NC(=O)[C@@H]1C[C@@H]2CCCC[C@@H]2CN1CC(O)CN1C[C@H]2CCCC[C@H]2C[C@H]1C(=O)NC(C)(C)C,5.169999984192581,6760.83,2,CHEMBL323225,Human immunodeficiency virus type 1 protease
CC(C)(C)NC(=O)[C@@H]1C[C@@H]2CCCC[C@@H]2CN1CC(O)CNC(=O)[C@@H]1N[C@@H](C(NC(=O)Cc2ccccc2)C(=O)NCCNC(=O)CCCC[C@@H]2SC[C@@H]3NC(=O)N[C@@H]32)SC1(C)C,6.920818753952375,120.0,1,CHEMBL333043,Human immunodeficiency virus type 1 protease
CC(C)(C)NC(=O)[C@@H]1C[C@@H]2CCCC[C@@H]2CN1CC(O)CNC(=O)[C@@H]1N[C@@H](C(NC(=O)Cc2ccccc2)C(=O)NCCNC(=O)OC(C)(C)C)SC1(C)C,6.795880017344075,160.0,1,CHEMBL125827,Human immunodeficiency virus type 1 protease
CC(C)(C)NC(=O)[C@@H]1C[C@@H]2CCCC[C@@H]2CN1CC(O)C[C@@H](Cc1ccccc1)C(=O)N[C@H]1CCCC[C@@H]1NC(=O)c1cc2ccccc2cn1,7.154901959985743,70.0,1,CHEMBL412878,Human immunodeficiency virus type 1 protease
CC(C)(C)NC(=O)[C@@H]1C[C@@H]2CCCC[C@@H]2CN1CC(O)C[C@@H](Cc1ccccc1)C(=O)N[C@H]1CCCC[C@@H]1NC(=O)c1ccc2ccccc2n1,7.154901959985743,70.0,1,CHEMBL291155,Human immunodeficiency virus type 1 protease
CC(C)(C)NC(=O)[C@@H]1C[C@@H]2CCCC[C@@H]2CN1CC(O)[C@H](Cc1ccccc1)NC(=O)OC(C)(C)C,5.5200002474083645,3019.95,1,CHEMBL110144,Human immunodeficiency virus type 1 protease
CC(C)(C)NC(=O)[C@@H]1C[C@@H]2CCCC[C@@H]2CN1C[C@@H](O)CNC(=O)[C@@H]1N[C@@H](C(NC(=O)Cc2ccccc2)C(=O)NCc2ccccc2)SC1(C)C,7.638272163982407,23.0,1,CHEMBL122171,Human immunodeficiency virus type 1 protease
CC(C)(C)NC(=O)[C@@H]1C[C@@H]2CCCC[C@@H]2CN1C[C@@H](O)CNC(=O)[C@@H]1N[C@@H](C(NC(=O)Cc2ccccc2)C(N)=O)SC1(C)C,7.638272163982407,23.0,1,CHEMBL121920,Human immunodeficiency virus type 1 protease
CC(C)(C)NC(=O)[C@@H]1C[C@@H]2CCCC[C@@H]2CN1C[C@@H](O)C[C@@H](Cc1ccccc1)C(=O)N[C@H]1c2ccccc2CC1O,8.119987161633228,7.586,1,CHEMBL355291,Human immunodeficiency virus type 1 protease
CC(C)(C)NC(=O)[C@@H]1C[C@@H]2CCCC[C@@H]2CN1C[C@@H](O)C[C@@H](Cc1ccccc1)C(=O)N[C@H]1c2ccccc2C[C@H]1O,8.119987161633228,7.586,1,CHEMBL322577,Human immunodeficiency virus type 1 protease
CC(C)(C)NC(=O)[C@@H]1C[C@@H]2CCCC[C@@H]2CN1C[C@@H](O)[C@@H](Cc1ccccc1)NC(=O)[C@H](CC(N)=O)NC(=O)c1ccc2ccccc2n1,6.316052869248487,483.0,1,CHEMBL438376,Human immunodeficiency virus type 1 protease
CC(C)(C)NC(=O)[C@@H]1C[C@@H]2CCCC[C@@H]2CN1C[C@@H](O)[C@@H](NC(=O)[C@H](CC(N)=O)NC(=O)c1ccc2ccccc2n1)c1cccs1,5.301029995663981,5000.0,1,CHEMBL577017,Human immunodeficiency virus type 1 protease
CC(C)(C)NC(=O)[C@@H]1C[C@@H]2CCCC[C@@H]2CN1C[C@@H](O)[C@H](CSc1ccc2ccccc2c1)NC(=O)[C@H](CC(N)=O)NC(=O)c1ccc2ccccc2n1,9.602059991327963,0.25,1,CHEMBL351834,Human immunodeficiency virus type 1 protease
CC(C)(C)NC(=O)[C@@H]1C[C@@H]2CCCC[C@@H]2CN1C[C@@H](O)[C@H](CSc1ccccc1)NC(=O)[C@H](CC(N)=O)NC(=O)c1ccc2ccccc2n1,8.823908740944319,1.5,1,CHEMBL433704,Human immunodeficiency virus type 1 protease
CC(C)(C)NC(=O)[C@@H]1C[C@@H]2CCCC[C@@H]2CN1C[C@@H](O)[C@H](Cc1ccccc1)NC(=O)C1=CCCS(=O)(=O)C1,7.262012673666569,54.7,1,CHEMBL354884,Human immunodeficiency virus type 1 protease
CC(C)(C)NC(=O)[C@@H]1C[C@@H]2CCCC[C@@H]2CN1C[C@@H](O)[C@H](Cc1ccccc1)NC(=O)C1=CCCSC1,6.776244546342759,167.4,1,CHEMBL354379,Human immunodeficiency virus type 1 protease
CC(C)(C)NC(=O)[C@@H]1C[C@@H]2CCCC[C@@H]2CN1C[C@@H](O)[C@H](Cc1ccccc1)NC(=O)C1CO[C@@H]2CCS(=O)(=O)[C@@H]2C1,7.522878745280337,30.0,1,CHEMBL17852,Human immunodeficiency virus type 1 protease
CC(C)(C)NC(=O)[C@@H]1C[C@@H]2CCCC[C@@H]2CN1C[C@@H](O)[C@H](Cc1ccccc1)NC(=O)C1CO[C@H]2CCS(=O)(=O)[C@H]2C1,7.920818753952375,12.0,1,CHEMBL17853,Human immunodeficiency virus type 1 protease
CC(C)(C)NC(=O)[C@@H]1C[C@@H]2CCCC[C@@H]2CN1C[C@@H](O)[C@H](Cc1ccccc1)NC(=O)OC(C)(C)C,5.522878745280337,3000.0,4,CHEMBL82338,Human immunodeficiency virus type 1 protease
CC(C)(C)NC(=O)[C@@H]1C[C@@H]2CCCC[C@@H]2CN1C[C@@H](O)[C@H](Cc1ccccc1)NC(=O)OC1CS(=O)(=O)C1,6.982966660701219,104.0,1,CHEMBL17571,Human immunodeficiency virus type 1 protease
CC(C)(C)NC(=O)[C@@H]1C[C@@H]2CCCC[C@@H]2CN1C[C@@H](O)[C@H](Cc1ccccc1)NC(=O)OCCS(C)(=O)=O,5.987162775294828,1030.0,2,CHEMBL17704,Human immunodeficiency virus type 1 protease
CC(C)(C)NC(=O)[C@@H]1C[C@@H]2CCCC[C@@H]2CN1C[C@@H](O)[C@H](Cc1ccccc1)NC(=O)OCc1ccccc1,6.896196279044043,127.0,1,CHEMBL317103,Human immunodeficiency virus type 1 protease
CC(C)(C)NC(=O)[C@@H]1C[C@@H]2CCCC[C@@H]2CN1C[C@@H](O)[C@H](Cc1ccccc1)NC(=O)O[C@@H]1C=CCOC1,7.31069114087638,48.9,1,CHEMBL99600,Human immunodeficiency virus type 1 protease
CC(C)(C)NC(=O)[C@@H]1C[C@@H]2CCCC[C@@H]2CN1C[C@@H](O)[C@H](Cc1ccccc1)NC(=O)O[C@@H]1CCCOC1,6.511449283499556,308.0,1,CHEMBL321571,Human immunodeficiency virus type 1 protease
CC(C)(C)NC(=O)[C@@H]1C[C@@H]2CCCC[C@@H]2CN1C[C@@H](O)[C@H](Cc1ccccc1)NC(=O)O[C@@H]1CCCS(=O)(=O)C1,5.684449465578095,2068.0,2,CHEMBL18603,Human immunodeficiency virus type 1 protease
CC(C)(C)NC(=O)[C@@H]1C[C@@H]2CCCC[C@@H]2CN1C[C@@H](O)[C@H](Cc1ccccc1)NC(=O)O[C@@H]1CCOC1,6.158640529545145,694.0,1,CHEMBL99213,Human immunodeficiency virus type 1 protease
CC(C)(C)NC(=O)[C@@H]1C[C@@H]2CCCC[C@@H]2CN1C[C@@H](O)[C@H](Cc1ccccc1)NC(=O)O[C@@H]1CCS(=O)(=O)C1,6.853871964321762,140.0,3,CHEMBL275389,Human immunodeficiency virus type 1 protease
CC(C)(C)NC(=O)[C@@H]1C[C@@H]2CCCC[C@@H]2CN1C[C@@H](O)[C@H](Cc1ccccc1)NC(=O)O[C@@H]1CCS(=O)(=O)[C@@H]1C1CCCC1,7.645891560852599,22.6,1,CHEMBL277825,Human immunodeficiency virus type 1 protease
CC(C)(C)NC(=O)[C@@H]1C[C@@H]2CCCC[C@@H]2CN1C[C@@H](O)[C@H](Cc1ccccc1)NC(=O)O[C@@H]1CCSC1,6.657577319177793,220.0,1,CHEMBL279097,Human immunodeficiency virus type 1 protease
CC(C)(C)NC(=O)[C@@H]1C[C@@H]2CCCC[C@@H]2CN1C[C@@H](O)[C@H](Cc1ccccc1)NC(=O)O[C@@H]1CO[C@@H]2OCC[C@@H]21,8.193820026016112,6.4,1,CHEMBL83768,Human immunodeficiency virus type 1 protease
CC(C)(C)NC(=O)[C@@H]1C[C@@H]2CCCC[C@@H]2CN1C[C@@H](O)[C@H](Cc1ccccc1)NC(=O)O[C@H]1C=CCOC1,6.503070351926785,314.0,1,CHEMBL330615,Human immunodeficiency virus type 1 protease
CC(C)(C)NC(=O)[C@@H]1C[C@@H]2CCCC[C@@H]2CN1C[C@@H](O)[C@H](Cc1ccccc1)NC(=O)O[C@H]1CCCOC1,6.406713932979542,392.0,1,CHEMBL327277,Human immunodeficiency virus type 1 protease
CC(C)(C)NC(=O)[C@@H]1C[C@@H]2CCCC[C@@H]2CN1C[C@@H](O)[C@H](Cc1ccccc1)NC(=O)O[C@H]1CCCS(=O)(=O)C1,5.758204568704802,1745.0,2,CHEMBL18086,Human immunodeficiency virus type 1 protease
CC(C)(C)NC(=O)[C@@H]1C[C@@H]2CCCC[C@@H]2CN1C[C@@H](O)[C@H](Cc1ccccc1)NC(=O)O[C@H]1CCOC1,6.795880017344075,160.0,5,CHEMBL18389,Human immunodeficiency virus type 1 protease
CC(C)(C)NC(=O)[C@@H]1C[C@@H]2CCCC[C@@H]2CN1C[C@@H](O)[C@H](Cc1ccccc1)NC(=O)O[C@H]1CCS(=O)(=O)C1,7.119186407719209,76.0,3,CHEMBL273317,Human immunodeficiency virus type 1 protease
CC(C)(C)NC(=O)[C@@H]1C[C@@H]2CCCC[C@@H]2CN1C[C@@H](O)[C@H](Cc1ccccc1)NC(=O)O[C@H]1CCS(=O)(=O)[C@H]1C1CCCC1,8.207608310501746,6.2,1,CHEMBL278416,Human immunodeficiency virus type 1 protease
CC(C)(C)NC(=O)[C@@H]1C[C@@H]2CCCC[C@@H]2CN1C[C@@H](O)[C@H](Cc1ccccc1)NC(=O)O[C@H]1CCSC1,6.87942606879415,132.0,1,CHEMBL277725,Human immunodeficiency virus type 1 protease
CC(C)(C)NC(=O)[C@@H]1C[C@@H]2CCCC[C@@H]2CN1C[C@@H](O)[C@H](Cc1ccccc1)NC(=O)O[C@H]1CC[C@H]2OCC[C@@H]12,7.769551078621726,17.0,1,CHEMBL113090,Human immunodeficiency virus type 1 protease
CC(C)(C)NC(=O)[C@@H]1C[C@@H]2CCCC[C@@H]2CN1C[C@@H](O)[C@H](Cc1ccccc1)NC(=O)O[C@H]1CO[C@H]2CCC[C@H]21,6.721246399047171,190.0,1,CHEMBL331599,Human immunodeficiency virus type 1 protease
CC(C)(C)NC(=O)[C@@H]1C[C@@H]2CCCC[C@@H]2CN1C[C@@H](O)[C@H](Cc1ccccc1)NC(=O)O[C@H]1CO[C@H]2OCC[C@H]21,7.8120767818454215,66.9,2,CHEMBL315403,Human immunodeficiency virus type 1 protease
CC(C)(C)NC(=O)[C@@H]1C[C@@H]2CCCC[C@@H]2CN1C[C@@H](O)[C@H](Cc1ccccc1)NC(=O)[C@@H](CC(N)=O)NC(=O)c1ccc2ccccc2n1,9.638272163982407,0.23,1,CHEMBL83506,Human immunodeficiency virus type 1 protease
CC(C)(C)NC(=O)[C@@H]1C[C@@H]2CCCC[C@@H]2CN1C[C@@H](O)[C@H](Cc1ccccc1)NC(=O)[C@@H](CS(=O)(=O)c1ccc(F)cc1)NS(C)(=O)=O,8.698970004336019,2.0,1,CHEMBL318668,Human immunodeficiency virus type 1 protease
CC(C)(C)NC(=O)[C@@H]1C[C@@H]2CCCC[C@@H]2CN1C[C@@H](O)[C@H](Cc1ccccc1)NC(=O)[C@@H](CS(=O)(=O)c1ccc2ccccc2c1)NS(C)(=O)=O,9.301029995663981,0.5,1,CHEMBL100089,Human immunodeficiency virus type 1 protease
CC(C)(C)NC(=O)[C@@H]1C[C@@H]2CCCC[C@@H]2CN1C[C@@H](O)[C@H](Cc1ccccc1)NC(=O)[C@@H](CSc1ccc(F)cc1)NS(C)(=O)=O,7.619788758288394,24.0,1,CHEMBL99774,Human immunodeficiency virus type 1 protease
CC(C)(C)NC(=O)[C@@H]1C[C@@H]2CCCC[C@@H]2CN1C[C@@H](O)[C@H](Cc1ccccc1)NC(=O)[C@@H](CSc1ccc2ccccc2c1)NS(C)(=O)=O,8.292429823902063,5.1,1,CHEMBL418978,Human immunodeficiency virus type 1 protease
CC(C)(C)NC(=O)[C@@H]1C[C@@H]2CCCC[C@@H]2CN1C[C@@H](O)[C@H](Cc1ccccc1)NC(=O)[C@@H](C[S+]([O-])c1ccc(F)cc1)NS(C)(=O)=O,9.221848749616356,0.6,1,CHEMBL317793,Human immunodeficiency virus type 1 protease
CC(C)(C)NC(=O)[C@@H]1C[C@@H]2CCCC[C@@H]2CN1C[C@@H](O)[C@H](Cc1ccccc1)NC(=O)[C@@H](C[S+]([O-])c1ccc2ccccc2c1)NS(C)(=O)=O,9.397940008672037,0.4,1,CHEMBL49002,Human immunodeficiency virus type 1 protease
CC(C)(C)NC(=O)[C@@H]1C[C@@H]2CCCC[C@@H]2CN1C[C@@H](O)[C@H](Cc1ccccc1)NC(=O)[C@@H](NC(=O)c1cc(=O)c2ccccc2o1)[C@H]1CCOC1,9.958607314841775,0.11,1,CHEMBL73934,Human immunodeficiency virus type 1 protease
CC(C)(C)NC(=O)[C@@H]1C[C@@H]2CCCC[C@@H]2CN1C[C@@H](O)[C@H](Cc1ccccc1)NC(=O)[C@@H](NC(=O)c1ccc2ccccc2n1)C1CCCC1,8.585026652029182,2.6,1,CHEMBL307926,Human immunodeficiency virus type 1 protease
CC(C)(C)NC(=O)[C@@H]1C[C@@H]2CCCC[C@@H]2CN1C[C@@H](O)[C@H](Cc1ccccc1)NC(=O)[C@@H](NC(=O)c1ccc2ccccc2n1)C1CCOC1,10.267606240177031,0.054,4,CHEMBL17612,Human immunodeficiency virus type 1 protease
CC(C)(C)NC(=O)[C@@H]1C[C@@H]2CCCC[C@@H]2CN1C[C@@H](O)[C@H](Cc1ccccc1)NC(=O)[C@@H](NC(=O)c1ccc2ccccc2n1)C1CCOCC1,7.168130225719498,67.9,1,CHEMBL418902,Human immunodeficiency virus type 1 protease
CC(C)(C)NC(=O)[C@@H]1C[C@@H]2CCCC[C@@H]2CN1C[C@@H](O)[C@H](Cc1ccccc1)NC(=O)[C@@H](NC(=O)c1ccc2ccccc2n1)[C@@H]1CCOC1,8.267606240177031,5.4,3,CHEMBL312788,Human immunodeficiency virus type 1 protease
CC(C)(C)NC(=O)[C@@H]1C[C@@H]2CCCC[C@@H]2CN1C[C@@H](O)[C@H](Cc1ccccc1)NC(=O)[C@@H](NC(=O)c1ccc2ccccc2n1)[C@@H]1CCS(=O)(=O)C1,7.4089353929735005,39.0,1,CHEMBL306810,Human immunodeficiency virus type 1 protease
CC(C)(C)NC(=O)[C@@H]1C[C@@H]2CCCC[C@@H]2CN1C[C@@H](O)[C@H](Cc1ccccc1)NC(=O)[C@@H](NC(=O)c1ccc2ccccc2n1)[C@@H]1CCSC1,8.481486060122112,3.3,1,CHEMBL74077,Human immunodeficiency virus type 1 protease
CC(C)(C)NC(=O)[C@@H]1C[C@@H]2CCCC[C@@H]2CN1C[C@@H](O)[C@H](Cc1ccccc1)NC(=O)[C@@H](NC(=O)c1ccc2ccccc2n1)[C@H]1CCS(=O)(=O)C1,9.301029995663981,0.5,1,CHEMBL76352,Human immunodeficiency virus type 1 protease
CC(C)(C)NC(=O)[C@@H]1C[C@@H]2CCCC[C@@H]2CN1C[C@@H](O)[C@H](Cc1ccccc1)NC(=O)[C@@H](NC(=O)c1ccc2ccccc2n1)[C@H]1CCSC1,9.221848749616356,0.6,1,CHEMBL306570,Human immunodeficiency virus type 1 protease
CC(C)(C)NC(=O)[C@@H]1C[C@@H]2CCCC[C@@H]2CN1C[C@@H](O)[C@H](Cc1ccccc1)NC(=O)[C@@H](NC(=O)c1cnc2ccccc2n1)[C@H]1CCOC1,9.920818753952375,0.12,1,CHEMBL307918,Human immunodeficiency virus type 1 protease
CC(C)(C)NC(=O)[C@@H]1C[C@@H]2CCCC[C@@H]2CN1C[C@@H](O)[C@H](Cc1ccccc1)NC(=O)[C@@H](NC(=O)c1cnccn1)[C@H]1CCOC1,8.54821356447571,2.83,1,CHEMBL265026,Human immunodeficiency virus type 1 protease
CC(C)(C)NC(=O)[C@@H]1C[C@@H]2CCCC[C@@H]2CN1C[C@@H](O)[C@H](Cc1ccccc1)NC(=O)[C@@H]1CCCS(=O)(=O)C1,8.036212172654444,9.2,1,CHEMBL355316,Human immunodeficiency virus type 1 protease
CC(C)(C)NC(=O)[C@@H]1C[C@@H]2CCCC[C@@H]2CN1C[C@@H](O)[C@H](Cc1ccccc1)NC(=O)[C@@H]1CCCSC1,7.105683937315561,78.4,1,CHEMBL170195,Human immunodeficiency virus type 1 protease
CC(C)(C)NC(=O)[C@@H]1C[C@@H]2CCCC[C@@H]2CN1C[C@@H](O)[C@H](Cc1ccccc1)NC(=O)[C@@H]1CCS(=O)(=O)C1,6.698970004336019,200.0,1,CHEMBL354169,Human immunodeficiency virus type 1 protease
CC(C)(C)NC(=O)[C@@H]1C[C@@H]2CCCC[C@@H]2CN1C[C@@H](O)[C@H](Cc1ccccc1)NC(=O)[C@@H]1CCSC1,6.465973893943865,342.0,1,CHEMBL354309,Human immunodeficiency virus type 1 protease
CC(C)(C)NC(=O)[C@@H]1C[C@@H]2CCCC[C@@H]2CN1C[C@@H](O)[C@H](Cc1ccccc1)NC(=O)[C@H](CC(N)=O)NC(=O)OCc1ccccc1,6.499996931948306,316.23,1,CHEMBL334806,Human immunodeficiency virus type 1 protease
CC(C)(C)NC(=O)[C@@H]1C[C@@H]2CCCC[C@@H]2CN1C[C@@H](O)[C@H](Cc1ccccc1)NC(=O)[C@H](CC(N)=O)NC(=O)c1ccc2ccccc2n1,9.397940008672037,0.4,24,CHEMBL114,Human immunodeficiency virus type 1 protease
CC(C)(C)NC(=O)[C@@H]1C[C@@H]2CCCC[C@@H]2CN1C[C@@H](O)[C@H](Cc1ccccc1)NC(=O)[C@H](CC(N)=O)NC(=O)c1ccc2ccccc2n1.CS(=O)(=O)O,9.0,1.0,1,CHEMBL282042,Human immunodeficiency virus type 1 protease
CC(C)(C)NC(=O)[C@@H]1C[C@@H]2CCCC[C@@H]2CN1C[C@@H](O)[C@H](Cc1ccccc1)NC(=O)[C@H]1CCCS(=O)(=O)C1,7.628932137728263,23.5,1,CHEMBL436252,Human immunodeficiency virus type 1 protease
CC(C)(C)NC(=O)[C@@H]1C[C@@H]2CCCC[C@@H]2CN1C[C@@H](O)[C@H](Cc1ccccc1)NC(=O)[C@H]1CCCSC1,7.005243055412372,98.8,1,CHEMBL352747,Human immunodeficiency virus type 1 protease
CC(C)(C)NC(=O)[C@@H]1C[C@@H]2CCCC[C@@H]2CN1C[C@@H](O)[C@H](Cc1ccccc1)NC(=O)[C@H]1CCS(=O)(=O)C1,6.714442690992226,193.0,1,CHEMBL354805,Human immunodeficiency virus type 1 protease
CC(C)(C)NC(=O)[C@@H]1C[C@@H]2CCCC[C@@H]2CN1C[C@@H](O)[C@H](Cc1ccccc1)NC(=O)[C@H]1CCSC1,6.187086643357144,650.0,1,CHEMBL355133,Human immunodeficiency virus type 1 protease
CC(C)(C)NC(=O)[C@@H]1C[C@@H]2CCCC[C@@H]2CN1C[C@H](O)CNC(=O)[C@@H]1N[C@@H](C(NC(=O)Cc2ccccc2)C(=O)NCC2CCCCC2)SC1(C)C,6.522878745280337,300.0,1,CHEMBL125720,Human immunodeficiency virus type 1 protease
CC(C)(C)NC(=O)[C@@H]1C[C@@H]2CCCC[C@@H]2CN1C[C@H](O)CNC(=O)[C@@H]1N[C@@H](C(NC(=O)Cc2ccccc2)C(=O)NCc2ccccc2)SC1(C)C,6.795880017344075,160.0,1,CHEMBL333738,Human immunodeficiency virus type 1 protease
CC(C)(C)NC(=O)[C@@H]1C[C@@H]2CCCC[C@@H]2CN1C[C@H](O)[C@H](Cc1ccccc1)NC(=O)[C@H](CC(N)=O)NC(=O)OCc1ccccc1,8.568958054664115,2.698,1,CHEMBL337053,Human immunodeficiency virus type 1 protease
CC(C)(C)NC(=O)[C@@H]1C[C@@H]2CCCC[C@@H]2CN1C[C@H](O)[C@H](Cc1ccccc1)NC(=O)[C@H](CC(N)=O)NC(=O)c1ccc2ccccc2n1,6.5376020021010435,290.0,1,CHEMBL405969,Human immunodeficiency virus type 1 protease
CC(C)(C)NC(=O)[C@@H]1C[C@@H]2CCC[C@@H]2CN1C[C@@H](O)[C@H](Cc1ccccc1)NC(=O)O[C@H]1CCOC1,7.214670164989233,61.0,1,CHEMBL405657,Human immunodeficiency virus type 1 protease
CC(C)(C)NC(=O)[C@@H]1C[C@@H]2CCC[C@@H]2CN1C[C@@H](O)[C@H](Cc1ccccc1)NC(=O)O[C@H]1CCS(=O)(=O)C1,7.94692155651658,11.3,1,CHEMBL279793,Human immunodeficiency virus type 1 protease
CC(C)(C)NC(=O)[C@@H]1C[C@@H]2SCC[C@@H]2CN1C[C@@H](O)[C@H](CSc1ccccc1)NC(=O)OCc1ccccc1,8.481486060122112,3.3,1,CHEMBL318217,Human immunodeficiency virus type 1 protease
CC(C)(C)NC(=O)[C@@H]1C[C@@H]2SCC[C@@H]2CN1C[C@@H](O)[C@H](CSc1ccccc1)NC(=O)O[C@@H]1CCS(=O)(=O)C1,8.698970004336019,2.0,1,CHEMBL316608,Human immunodeficiency virus type 1 protease
CC(C)(C)NC(=O)[C@@H]1C[C@@H]2SCC[C@@H]2CN1C[C@@H](O)[C@H](CSc1ccccc1)NC(=O)O[C@H]1CCS(=O)(=O)C1,8.769551078621726,1.7,1,CHEMBL100048,Human immunodeficiency virus type 1 protease
CC(C)(C)NC(=O)[C@@H]1C[C@@H]2SCC[C@@H]2CN1C[C@@H](O)[C@H](CSc1ccccc1)NC(=O)[C@@H](CS(=O)(=O)c1ccc(F)cc1)NC(=O)C(F)(F)F,8.0,10.0,1,CHEMBL99878,Human immunodeficiency virus type 1 protease
CC(C)(C)NC(=O)[C@@H]1C[C@@H]2SCC[C@@H]2CN1C[C@@H](O)[C@H](CSc1ccccc1)NC(=O)[C@@H](CS(=O)(=O)c1ccc2ccccc2c1)NC(=O)C(F)(F)F,8.744727494896694,1.8,1,CHEMBL317160,Human immunodeficiency virus type 1 protease
CC(C)(C)NC(=O)[C@@H]1C[C@@H]2SCC[C@@H]2CN1C[C@@H](O)[C@H](Cc1ccccc1)NC(=O)OCc1ccccc1,8.18045606445813,6.6,1,CHEMBL99875,Human immunodeficiency virus type 1 protease
CC(C)(C)NC(=O)[C@@H]1C[C@@H]2SCC[C@@H]2CN1C[C@@H](O)[C@H](Cc1ccccc1)NC(=O)[C@@H](CS(=O)(=O)c1ccc(F)cc1)NC(=O)C(F)(F)F,9.698970004336019,0.2,1,CHEMBL100040,Human immunodeficiency virus type 1 protease
CC(C)(C)NC(=O)[C@@H]1C[C@@H]2SCC[C@@H]2CN1C[C@@H](O)[C@H](Cc1ccccc1)NC(=O)[C@@H](CS(=O)(=O)c1ccc(F)cc1)NS(C)(=O)=O,9.657577319177793,0.22,1,CHEMBL98954,Human immunodeficiency virus type 1 protease
CC(C)(C)NC(=O)[C@@H]1C[C@@H]2SCC[C@@H]2CN1C[C@@H](O)[C@H](Cc1ccccc1)NC(=O)[C@@H](CS(=O)(=O)c1ccc2ccccc2c1)NC(=O)C(F)(F)F,9.698970004336019,0.2,1,CHEMBL99267,Human immunodeficiency virus type 1 protease
CC(C)(C)NC(=O)[C@@H]1C[C@@H]2SCC[C@@H]2CN1C[C@@H](O)[C@H](Cc1ccccc1)NC(=O)[C@@H](CS(=O)(=O)c1ccc2ccccc2c1)NS(C)(=O)=O,9.698970004336019,0.2,1,CHEMBL98589,Human immunodeficiency virus type 1 protease
CC(C)(C)NC(=O)[C@@H]1C[C@@H]2SCC[C@@H]2CN1C[C@@H](O)[C@H](Cc1ccccc1)NC(=O)[C@@H](CS(=O)(=O)c1cccc2cccnc12)NC(=O)C(F)(F)F,9.67778070526608,0.21,1,CHEMBL95228,Human immunodeficiency virus type 1 protease
CC(C)(C)NC(=O)[C@@H]1C[C@@H]2SCC[C@@H]2CN1C[C@@H](O)[C@H](Cc1ccccc1)NC(=O)[C@@H](CS(=O)(=O)c1cccc2cccnc12)NS(C)(=O)=O,9.148741651280925,0.71,1,CHEMBL263423,Human immunodeficiency virus type 1 protease
CC(C)(C)NC(=O)[C@@H]1C[C@H](Cl)CN1C(=O)[C@@H](O)[C@H](Cc1ccccc1)NC(=O)c1ccc(O)cc1,7.481486060122112,33.0,1,CHEMBL324732,Human immunodeficiency virus type 1 protease
CC(C)(C)NC(=O)[C@@H]1C[C@H](Cl)CN1C(=O)[C@@H](O)[C@H](Cc1ccccc1)NC(=O)c1cccc(O)c1,8.045757490560675,9.0,1,CHEMBL326750,Human immunodeficiency virus type 1 protease
CC(C)(C)NC(=O)[C@@H]1C[C@H](Cl)CN1C(=O)[C@@H](O)[C@H](Cc1ccccc1)NC(=O)c1cccc(O)c1Br,8.823908740944319,1.5,1,CHEMBL114216,Human immunodeficiency virus type 1 protease
CC(C)(C)NC(=O)[C@@H]1C[C@H](Cl)CN1C(=O)[C@@H](O)[C@H](Cc1ccccc1)NC(=O)c1ccccc1,7.585026652029182,26.0,1,CHEMBL324504,Human immunodeficiency virus type 1 protease
CC(C)(C)NC(=O)[C@@H]1C[C@H](Cl)CN1C(=O)[C@@H](O)[C@H](Cc1ccccc1)NC(=O)c1ccccc1Br,7.920818753952375,12.0,1,CHEMBL325944,Human immunodeficiency virus type 1 protease
CC(C)(C)NC(=O)[C@@H]1C[C@H](Cl)CN1C(=O)[C@@H](O)[C@H](Cc1ccccc1)NC(=O)c1ccccc1Cl,7.958607314841775,11.0,1,CHEMBL323653,Human immunodeficiency virus type 1 protease
CC(C)(C)NC(=O)[C@@H]1C[C@H](Cl)CN1C(=O)[C@@H](O)[C@H](Cc1ccccc1)NC(=O)c1ccccc1I,7.853871964321762,14.0,1,CHEMBL333833,Human immunodeficiency virus type 1 protease
CC(C)(C)NC(=O)[C@@H]1C[C@H](Cl)CN1C(=O)[C@@H](O)[C@H](Cc1ccccc1)NC(=O)c1ccccc1N,7.4089353929735005,39.0,1,CHEMBL324948,Human immunodeficiency virus type 1 protease
CC(C)(C)NC(=O)[C@@H]1C[C@H](Cl)CN1C(=O)[C@@H](O)[C@H](Cc1ccccc1)NC(=O)c1ccccc1O,6.0,1000.0,1,CHEMBL117095,Human immunodeficiency virus type 1 protease
CC(C)(C)NC(=O)[C@@H]1C[C@H](OCc2ccccc2)CN1CC(O)CNC(=O)[C@@H]1N[C@@H](C(NC(=O)Cc2ccccc2)C(=O)NCc2ccccc2)SC1(C)C,6.187086643357144,650.0,1,CHEMBL124123,Human immunodeficiency virus type 1 protease
CC(C)(C)NC(=O)[C@@H]1C[C@H](OCc2ccncc2)CCN1C[C@@H](O)[C@H](Cc1ccccc1)NC(=O)/C=C/c1ccccc1,4.958607314841775,11000.0,1,CHEMBL12161,Human immunodeficiency virus type 1 protease
CC(C)(C)NC(=O)[C@@H]1C[C@H](OCc2ccncc2)CCN1C[C@@H](O)[C@H](Cc1ccccc1)NC(=O)CCCc1ccccc1,4.698970004336019,20000.0,1,CHEMBL276892,Human immunodeficiency virus type 1 protease
CC(C)(C)NC(=O)[C@@H]1C[C@H](OCc2ccncc2)CCN1C[C@@H](O)[C@H](Cc1ccccc1)NC(=O)CCc1ccccc1,5.853871964321762,1400.0,1,CHEMBL274291,Human immunodeficiency virus type 1 protease
CC(C)(C)NC(=O)[C@@H]1C[C@H](OCc2ccncc2)CCN1C[C@@H](O)[C@H](Cc1ccccc1)NC(=O)COc1ccccc1,5.958607314841775,1100.0,1,CHEMBL12705,Human immunodeficiency virus type 1 protease
CC(C)(C)NC(=O)[C@@H]1C[C@H](OCc2ccncc2)CCN1C[C@@H](O)[C@H](Cc1ccccc1)NC(=O)CSc1ccccc1,5.376750709602099,4200.0,1,CHEMBL12886,Human immunodeficiency virus type 1 protease
CC(C)(C)NC(=O)[C@@H]1C[C@H](OCc2ccncc2)CCN1C[C@@H](O)[C@H](Cc1ccccc1)NC(=O)OCc1ccccc1,6.3979400086720375,400.0,1,CHEMBL12413,Human immunodeficiency virus type 1 protease
CC(C)(C)NC(=O)[C@@H]1C[C@H](OCc2ccncc2)CCN1C[C@@H](O)[C@H](Cc1ccccc1)NC(=O)O[C@@H]1CCOC1,6.585026652029182,260.0,1,CHEMBL13205,Human immunodeficiency virus type 1 protease
CC(C)(C)NC(=O)[C@@H]1C[C@H](Oc2ccc3ccccc3c2)CN1C[C@@H](O)C[C@@H](Cc1ccccc1)C(=O)NC1c2ccccc2C[C@H]1O,7.823908740944319,15.0,1,CHEMBL116677,Human immunodeficiency virus type 1 protease
CC(C)(C)NC(=O)[C@H](CC1CCCCC1)N1CCC(O)([C@H](Cc2ccccc2)NC(=O)OC(C)(C)C)CC1,4.0,100000.0,1,CHEMBL69538,Human immunodeficiency virus type 1 protease
CC(C)(C)NC(=O)[C@H](CC1CCCCC1)N1CCC[C@](O)([C@H](Cc2ccccc2)NC(=O)OC(C)(C)C)C1,4.0,100000.0,1,CHEMBL305836,Human immunodeficiency virus type 1 protease
CC(C)(C)NC(=O)[C@H](CC1CCCCC1)N1CC[C@@](O)([C@H](Cc2ccccc2)NC(=O)OC(C)(C)C)C1,4.431798275933005,37000.0,1,CHEMBL304135,Human immunodeficiency virus type 1 protease
CC(C)(C)NC(=O)[C@H]1CN(C(=O)Oc2ccccc2)CCN1C[C@@H](O)CNC(=O)[C@@H]1N[C@@H](C(NC(=O)Cc2ccccc2)C(=O)NCc2ccccc2)SC1(C)C,7.086186147616283,82.0,1,CHEMBL2111802,Human immunodeficiency virus type 1 protease
CC(C)(C)NC(=O)[C@H]1CN(S(=O)(=O)c2cccs2)CCN1C[C@H](O)C[C@@H](Cc1ccccc1)C(=O)NC1c2ccccc2C[C@H]1O,10.0,0.1,1,CHEMBL95611,Human immunodeficiency virus type 1 protease
CC(C)(C)NC(=O)[C@H]1C[C@@H]2CCCC[C@@H]2CN1C[C@@H](O)[C@H](Cc1ccccc1)NC(=O)[C@H](CC(N)=O)NC(=O)c1ccc2ccccc2n1,9.397940008672037,0.4,1,CHEMBL3350201,Human immunodeficiency virus type 1 protease
CC(C)(C)NC(=O)[C@H]1N(C(=O)[C@@H](O)[C@H](Cc2ccccc2)NC(=O)[C@H](CC(N)=O)NC(=O)COc2cccc3ccccc23)CSC1(C)C,8.55284196865778,2.8,1,CHEMBL5280289,Human immunodeficiency virus type 1 protease
CC(C)(C)NC(=O)[C@H]1N(CC(O)CNC(=O)[C@@H]2N[C@@H]([C@H](NC(=O)Cc3ccccc3)C(=O)NCc3ccccc3)SC2(C)C)CSC1(C)C,7.6777807052660805,21.0,1,CHEMBL122402,Human immunodeficiency virus type 1 protease
CC(C)(C)NC(=O)c1c(CCC(O)Cc2ccc3ccccc3c2C(=O)NC(C)(C)C)ccc2ccccc12,4.939302159646388,11500.0,1,CHEMBL440322,Human immunodeficiency virus type 1 protease
CC(C)(C)NC(=O)c1c(C[C@@H](O)[C@H](Cc2ccccc2)NC(=O)[C@H](CC(N)=O)NC(=O)c2ccc3ccccc3n2)ccc2ccccc12,8.455931955649724,3.5,1,CHEMBL29312,Human immunodeficiency virus type 1 protease
CC(C)(C)NC(=O)c1c(OC[C@@H](O)[C@H](Cc2ccccc2)NC(=O)[C@H](CC(N)=O)NC(=O)c2ccc3c(c2)C(=O)c2ccccc2C3=O)ccc2ccccc12,7.2076083105017466,62.0,1,CHEMBL175385,Human immunodeficiency virus type 1 protease
CC(C)(C)NC(=O)c1c(OC[C@@H](O)[C@H](Cc2ccccc2)NC(=O)[C@H](CC(N)=O)NC(=O)c2ccc3c(c2)S(=O)(=O)c2ccccc2C3=O)ccc2ccccc12,7.221848749616356,60.0,1,CHEMBL177011,Human immunodeficiency virus type 1 protease
CC(C)(C)NC(=O)c1cc(C(C)(C)C)ccc1CCC(O)Cc1ccc(C(C)(C)C)cc1C(=O)NC(C)(C)C,5.154901959985743,7000.0,1,CHEMBL96857,Human immunodeficiency virus type 1 protease
CC(C)(C)NC(=O)c1cc2ccccc2cc1C[C@@H](O)[C@H](Cc1ccccc1)NC(=O)[C@H](CC(N)=O)NC(=O)c1ccc2ccccc2n1,6.826813731587726,149.0,1,CHEMBL28462,Human immunodeficiency virus type 1 protease
CC(C)(C)NC(=O)c1ccccc1/C=C/C(O)Cc1ccccc1C(=O)NC(C)(C)C,3.6989700043360187,200000.0,1,CHEMBL96897,Human immunodeficiency virus type 1 protease
CC(C)(C)NC(=O)c1ccccc1C#CC(O)Cc1ccccc1C(=O)NC(C)(C)C,3.6989700043360187,200000.0,1,CHEMBL329269,Human immunodeficiency virus type 1 protease
CC(C)(C)NC(=O)c1ccccc1CC(O)CNc1ccccc1C(=O)NC(C)(C)C,3.9208187539523753,120000.0,1,CHEMBL328718,Human immunodeficiency virus type 1 protease
CC(C)(C)NC(=O)c1ccccc1CC(O)CSc1ccccc1NC(=O)C(C)(C)C,3.6989700043360187,200000.0,1,CHEMBL318293,Human immunodeficiency virus type 1 protease
CC(C)(C)NC(=O)c1ccccc1CCC(O)CN1CCCCC1C(=O)NC(C)(C)C,4.0,100000.0,2,CHEMBL329047,Human immunodeficiency virus type 1 protease
CC(C)(C)NC(=O)c1ccccc1CCC(O)Cc1ccc2ccccc2c1C(=O)NC(C)(C)C,4.200659450546418,63000.0,1,CHEMBL314324,Human immunodeficiency virus type 1 protease
CC(C)(C)NC(=O)c1ccccc1CC[C@@H](O)CN1CCC[C@H]1C(=O)NC(C)(C)C,5.0,10000.0,1,CHEMBL95011,Human immunodeficiency virus type 1 protease
CC(C)(C)NC(=O)c1ccccc1CC[C@H](O)CN1CCC[C@H]1C(=O)NC(C)(C)C,5.0,10000.0,1,CHEMBL419513,Human immunodeficiency virus type 1 protease
CC(C)(C)NC(=O)c1ccccc1CSc1c(O)cc(-c2ccccc2)oc1=O,6.721246399047171,190.0,1,CHEMBL15053,Human immunodeficiency virus type 1 protease
CC(C)(C)NC(=O)c1ccccc1C[C@@H](O)C[C@@H](Cc1ccccc1)C(=O)N[C@H]1c2ccccc2C[C@H]1O,8.327902142064282,4.7,1,CHEMBL58277,Human immunodeficiency virus type 1 protease
CC(C)(C)NC(=O)c1ccccc1C[C@@H](O)[C@H](CSc1ccc2ccccc2c1)NC(=O)CCC(N)=O,7.096910013008056,80.0,1,CHEMBL436034,Human immunodeficiency virus type 1 protease
CC(C)(C)NC(=O)c1ccccc1C[C@@H](O)[C@H](CSc1ccc2ccccc2c1)NC(=O)[C@H](CC(N)=O)NC(=O)OCc1ccccc1,8.823908740944319,1.5,1,CHEMBL164158,Human immunodeficiency virus type 1 protease
CC(C)(C)NC(=O)c1ccccc1C[C@@H](O)[C@H](CSc1ccc2ccccc2c1)NC(=O)[C@H](CC(N)=O)NC(=O)c1ccc2ccccc2n1,9.602059991327963,0.25,1,CHEMBL164045,Human immunodeficiency virus type 1 protease
CC(C)(C)NC(=O)c1ccccc1C[C@@H](O)[C@H](CSc1ccccc1)NC(=O)CCC(N)=O,6.823908740944319,150.0,1,CHEMBL163275,Human immunodeficiency virus type 1 protease
CC(C)(C)NC(=O)c1ccccc1C[C@@H](O)[C@H](CSc1ccccc1)NC(=O)[C@H](CC(N)=O)NC(=O)OCc1ccccc1,7.853871964321762,14.0,1,CHEMBL159378,Human immunodeficiency virus type 1 protease
CC(C)(C)NC(=O)c1ccccc1C[C@@H](O)[C@H](CSc1ccccc1)NC(=O)[C@H](CC(N)=O)NC(=O)c1ccc2ccccc2n1,8.958607314841775,1.1,1,CHEMBL163045,Human immunodeficiency virus type 1 protease
CC(C)(C)NC(=O)c1ccccc1C[C@@H](O)[C@H](Cc1ccccc1)NC(=O)C(CS(=O)(=O)c1ccc2ccccc2n1)NS(C)(=O)=O,8.55284196865778,2.8,1,CHEMBL275592,Human immunodeficiency virus type 1 protease
CC(C)(C)NC(=O)c1ccccc1C[C@@H](O)[C@H](Cc1ccccc1)NC(=O)[C@@H](CC(=O)OCc1ccccc1)NS(C)(=O)=O,6.0,1000.0,1,CHEMBL31266,Human immunodeficiency virus type 1 protease
CC(C)(C)NC(=O)c1ccccc1C[C@@H](O)[C@H](Cc1ccccc1)NC(=O)[C@@H](N)CC(=O)OCc1ccccc1,6.0,1000.0,2,CHEMBL10890,Human immunodeficiency virus type 1 protease
CC(C)(C)NC(=O)c1ccccc1C[C@@H](O)[C@H](Cc1ccccc1)NC(=O)[C@H](CC(=O)NCc1ccc2ccccc2n1)NS(C)(=O)=O,8.096910013008056,8.0,1,CHEMBL407052,Human immunodeficiency virus type 1 protease
CC(C)(C)NC(=O)c1ccccc1C[C@@H](O)[C@H](Cc1ccccc1)NC(=O)[C@H](CC(=O)OCc1ccccc1)NC(=O)OC(C)(C)C,6.0,1000.0,2,CHEMBL441894,Human immunodeficiency virus type 1 protease
CC(C)(C)NC(=O)c1ccccc1C[C@@H](O)[C@H](Cc1ccccc1)NC(=O)[C@H](CC(=O)OCc1ccccc1)NC(N)=O,7.292429823902063,51.0,2,CHEMBL268605,Human immunodeficiency virus type 1 protease
CC(C)(C)NC(=O)c1ccccc1C[C@@H](O)[C@H](Cc1ccccc1)NC(=O)[C@H](CC(=O)OCc1ccccc1)NS(C)(=O)=O,8.267606240177031,5.4,2,CHEMBL429036,Human immunodeficiency virus type 1 protease
CC(C)(C)NC(=O)c1ccccc1C[C@@H](O)[C@H](Cc1ccccc1)NC(=O)[C@H](CC(N)=O)NC(=O)c1ccc2ccccc2n1,8.823908740944319,1.5,4,CHEMBL282787,Human immunodeficiency virus type 1 protease
CC(C)(C)NC(=O)c1ccccc1C[C@@H](O)[C@H](Cc1ccccc1)NC(=O)[C@H](CS(=O)(=O)Cc1ccccc1)NS(C)(=O)=O,7.712198270069774,19.4,1,CHEMBL273424,Human immunodeficiency virus type 1 protease
CC(C)(C)NC(=O)c1ccccc1C[C@@H](O)[C@H](Cc1ccccc1)NC(=O)[C@H](CS(=O)(=O)c1ccc(C(F)(F)F)cc1)NS(C)(=O)=O,8.698970004336019,2.0,1,CHEMBL274569,Human immunodeficiency virus type 1 protease
CC(C)(C)NC(=O)c1ccccc1C[C@@H](O)[C@H](Cc1ccccc1)NC(=O)[C@H](CS(=O)(=O)c1ccc(Cl)cc1)NS(C)(=O)=O,9.468521082957745,0.34,1,CHEMBL274186,Human immunodeficiency virus type 1 protease
CC(C)(C)NC(=O)c1ccccc1C[C@@H](O)[C@H](Cc1ccccc1)NC(=O)[C@H](CS(=O)(=O)c1ccc(F)cc1)NS(C)(=O)=O,9.113509274827518,0.77,1,CHEMBL276656,Human immunodeficiency virus type 1 protease
CC(C)(C)NC(=O)c1ccccc1C[C@@H](O)[C@H](Cc1ccccc1)NC(=O)[C@H](CS(=O)(=O)c1ccc2ccccc2n1)NS(C)(=O)=O,9.522878745280337,0.3,1,CHEMBL262714,Human immunodeficiency virus type 1 protease
CC(C)(C)NC(=O)c1ccccc1C[C@@H](O)[C@H](Cc1ccccc1)NC(=O)[C@H](CS(=O)(=O)c1cccc2ccccc12)NS(C)(=O)=O,9.356547323513812,0.44,1,CHEMBL11143,Human immunodeficiency virus type 1 protease
CC(C)(C)NC(=O)c1ccccc1C[C@@H](O)[C@H](Cc1ccccc1)NC(=O)[C@H](CS(=O)(=O)c1ccccc1)NS(C)(=O)=O,8.244125144327509,5.7,1,CHEMBL267092,Human immunodeficiency virus type 1 protease
CC(C)(C)NC(=O)c1ccccc1C[C@@H](O)[C@H](Cc1ccccc1)NC(=O)[C@H](CS(=O)(=O)c1ccccn1)NS(C)(=O)=O,7.657577319177793,22.0,1,CHEMBL273437,Human immunodeficiency virus type 1 protease
CC(C)(C)NC(=O)c1ccccc1C[C@@H](O)[C@H](Cc1ccccc1)NC(=O)[C@H](CSCc1ccccc1)NS(C)(=O)=O,7.8326826652518236,14.7,1,CHEMBL430153,Human immunodeficiency virus type 1 protease
CC(C)(C)NC(=O)c1ccccc1C[C@@H](O)[C@H](Cc1ccccc1)NC(=O)[C@H](CSc1ccc(C(F)(F)F)cc1)NS(C)(=O)=O,6.769551078621726,170.0,1,CHEMBL276653,Human immunodeficiency virus type 1 protease
CC(C)(C)NC(=O)c1ccccc1C[C@@H](O)[C@H](Cc1ccccc1)NC(=O)[C@H](CSc1ccc(F)cc1)NS(C)(=O)=O,8.356547323513812,4.4,1,CHEMBL11426,Human immunodeficiency virus type 1 protease
CC(C)(C)NC(=O)c1ccccc1C[C@@H](O)[C@H](Cc1ccccc1)NC(=O)[C@H](CSc1ccc2ccccc2c1)NS(C)(=O)=O,8.744727494896694,1.8,1,CHEMBL11050,Human immunodeficiency virus type 1 protease
CC(C)(C)NC(=O)c1ccccc1C[C@@H](O)[C@H](Cc1ccccc1)NC(=O)[C@H](CSc1ccc2ccccc2n1)NS(C)(=O)=O,7.221848749616356,60.0,1,CHEMBL10725,Human immunodeficiency virus type 1 protease
CC(C)(C)NC(=O)c1ccccc1C[C@@H](O)[C@H](Cc1ccccc1)NC(=O)[C@H](CSc1cccc2ccccc12)NS(C)(=O)=O,8.920818753952375,1.2,1,CHEMBL406991,Human immunodeficiency virus type 1 protease
CC(C)(C)NC(=O)c1ccccc1C[C@@H](O)[C@H](Cc1ccccc1)NC(=O)[C@H](CSc1ccccc1)NS(C)(=O)=O,7.356547323513812,44.0,1,CHEMBL10777,Human immunodeficiency virus type 1 protease
CC(C)(C)NC(=O)c1ccccc1C[C@@H](O)[C@H](Cc1ccccc1)NC(=O)[C@H](CSc1ccccn1)NS(C)(=O)=O,6.040958607678906,910.0,1,CHEMBL11424,Human immunodeficiency virus type 1 protease
CC(C)(C)NC(=O)c1ccccc1C[C@@H](O)[C@H](Cc1ccccc1)NC(=O)[C@H](C[S+]([O-])c1ccc(C(F)(F)F)cc1)NS(C)(=O)=O,8.638272163982407,2.3,1,CHEMBL418528,Human immunodeficiency virus type 1 protease
CC(C)(C)NC(=O)c1ccccc1C[C@@H](O)[C@H](Cc1ccccc1)NC(=O)[C@H](C[S+]([O-])c1ccc(F)cc1)NS(C)(=O)=O,9.42021640338319,0.38,1,CHEMBL11421,Human immunodeficiency virus type 1 protease
CC(C)(C)NC(=O)c1ccccc1C[C@@H](O)[C@H](Cc1ccccc1)NC(=O)[C@H](C[S+]([O-])c1ccc2ccccc2c1)NS(C)(=O)=O,8.455931955649724,3.5,1,CHEMBL273368,Human immunodeficiency virus type 1 protease
CC(C)(C)NC(=O)c1ccccc1C[C@@H](O)[C@H](Cc1ccccc1)NC(=O)[C@H](C[S+]([O-])c1cccc2ccccc12)NS(C)(=O)=O,9.346787486224656,0.45,1,CHEMBL11116,Human immunodeficiency virus type 1 protease
CC(C)(C)NC(=O)c1ccccc1C[C@@H](O)[C@H](Cc1ccccc1)NC(=O)[C@H](C[S+]([O-])c1ccccc1)NS(C)(=O)=O,8.721246399047171,1.9,1,CHEMBL11137,Human immunodeficiency virus type 1 protease
CC(C)(C)NC(=O)c1ccccc1C[C@@H](O)[C@H](Cc1ccccc1)NC(=O)[C@H](C[S+]([O-])c1ccccn1)NS(C)(=O)=O,7.908407799850892,13.600000000000001,2,CHEMBL273827,Human immunodeficiency virus type 1 protease
CC(C)(C)NC(=O)c1ccccc1C[C@@H](O)[C@H](Cc1ccccc1)NC(=O)c1cccc(C(=O)N2CCc3ccccc3C2)c1,7.301029995663981,50.0,1,CHEMBL120090,Human immunodeficiency virus type 1 protease
CC(C)(C)NC(=O)c1ccccc1C[C@H](O)[C@H](Cc1ccccc1)NC(=O)[C@H](CC(N)=O)NC(=O)c1ccc2ccccc2n1,6.494850021680094,320.0,1,CHEMBL281922,Human immunodeficiency virus type 1 protease
CC(C)(C)NC(=O)c1ccccc1NC[C@@H](O)[C@H](Cc1ccccc1)NC(=O)[C@H](CC(N)=O)NC(=O)c1ccc2ccccc2n1,7.026872146400302,94.0,1,CHEMBL174803,Human immunodeficiency virus type 1 protease
CC(C)(C)NC(=O)c1ccccc1OC[C@@H](O)[C@H](Cc1ccccc1)NC(=O)[C@H](CC(N)=O)NC(=O)c1ccc2c(c1)C(=O)c1ccccc1C2=O,7.3872161432802645,41.0,1,CHEMBL175214,Human immunodeficiency virus type 1 protease
CC(C)(C)NC(=O)c1ccccc1OC[C@@H](O)[C@H](Cc1ccccc1)NC(=O)[C@H](CC(N)=O)NC(=O)c1ccc2c(c1)S(=O)(=O)c1ccccc1C2=O,7.356547323513812,44.0,1,CHEMBL355811,Human immunodeficiency virus type 1 protease
CC(C)(C)NC(=O)c1ccccc1OC[C@@H](O)[C@H](Cc1ccccc1)NC(=O)[C@H](CC(N)=O)NC(=O)c1ccc2ccccc2n1,7.346787486224656,45.0,1,CHEMBL368352,Human immunodeficiency virus type 1 protease
CC(C)(C)NC(=O)c1ccccc1OC[C@@H](O)[C@H](Cc1ccccc1)NC(=O)[C@H](CC(N)=O)NC(=O)c1cnc2ccccc2n1,7.200659450546418,63.0,1,CHEMBL415758,Human immunodeficiency virus type 1 protease
CC(C)(C)NC(=O)c1ccccc1OC[C@@H](O)[C@H](Cc1ccccc1)NC(=O)[C@H](CC(N)=O)NC(=O)c1cnnc2ccccc12,6.886056647693163,130.0,1,CHEMBL174527,Human immunodeficiency virus type 1 protease
CC(C)(C)NC(=O)c1ccccc1OC[C@H](O)[C@H](Cc1ccccc1)NC(=O)[C@H](CC(N)=O)NC(=O)c1cc(O)c2ccccc2n1,6.3872161432802645,410.0,1,CHEMBL369369,Human immunodeficiency virus type 1 protease
CC(C)(C)NC(=O)c1ccccc1OC[C@H](O)[C@H](Cc1ccccc1)NC(=O)[C@H](CC(N)=O)NC(=O)c1ccc2c(c1)C(=O)c1ccccc1C2=O,7.045757490560675,90.0,1,CHEMBL172724,Human immunodeficiency virus type 1 protease
CC(C)(C)NC(=O)c1ccccc1OC[C@H](O)[C@H](Cc1ccccc1)NC(=O)[C@H](CC(N)=O)NC(=O)c1cnc2ccccc2n1,7.0,100.0,1,CHEMBL367466,Human immunodeficiency virus type 1 protease
CC(C)(C)NC(=O)c1ccccc1OC[C@H](O)[C@H](Cc1ccccc1)NC(=O)[C@H](CC(N)=O)NC(=O)c1cnnc2ccccc12,6.301029995663981,500.0,1,CHEMBL174480,Human immunodeficiency virus type 1 protease
CC(C)(C)NC(=O)c1ccccc1OC[C@H](O)[C@H](Cc1ccccc1)NC(=O)[C@H](CC(N)=O)NS(=O)(=O)c1ccc2ccccc2c1,6.371611069949688,425.0,1,CHEMBL368994,Human immunodeficiency virus type 1 protease
CC(C)(C)NC(=O)c1ccccc1SCC(O)Cc1ccc2ccccc2c1C(=O)NC(C)(C)C,4.6020599913279625,25000.0,1,CHEMBL94703,Human immunodeficiency virus type 1 protease
CC(C)(C)NC(=O)c1ccccc1SCC(O)c1ccccc1C(=O)NC(C)(C)C,3.6989700043360187,200000.0,1,CHEMBL96869,Human immunodeficiency virus type 1 protease
CC(C)(C)NC(=O)c1ccccc1SC[C@@H](O)[C@H](Cc1ccccc1)NC(=O)[C@H](CC(N)=O)NC(=O)c1ccc2ccccc2n1,7.045757490560675,90.0,1,CHEMBL355533,Human immunodeficiency virus type 1 protease
CC(C)(C)NC(=O)c1ccccc1SC[C@H](O)[C@H](Cc1ccccc1)NC(=O)[C@H](CC(N)=O)NC(=O)c1ccc2ccccc2c1,6.4089353929735005,390.0,1,CHEMBL176742,Human immunodeficiency virus type 1 protease
CC(C)(C)NS(=O)(=O)CC[C@@H]1O[C@@H]1[C@H](Cc1ccccc1)NC(=O)[C@@H](NC(=O)OCc1ccccc1)C(C)(C)S(C)(=O)=O,7.694648630553377,20.2,1,CHEMBL328956,Human immunodeficiency virus type 1 protease
CC(C)(C)NS(=O)(=O)CC[C@@H]1O[C@@H]1[C@H](Cc1ccccc1)NOC(=O)CCC(=O)NC(=O)c1ccc2ccccc2n1,7.522878745280337,30.0,1,CHEMBL4783390,Human immunodeficiency virus type 1 protease
CC(C)(C)NS(=O)(=O)c1ccccc1C[C@@H](O)C[C@@H](Cc1ccccc1)C(=O)N[C@H]1c2ccccc2C[C@H]1O,8.221848749616356,6.0,1,CHEMBL58406,Human immunodeficiency virus type 1 protease
CC(C)(C)OC(=O)C1CCCN1C[C@@H](O)[C@H](Cc1ccccc1)NC(=O)[C@H](CC(N)=O)NC(=O)OCc1ccccc1,6.853871964321762,140.0,1,CHEMBL3350613,Human immunodeficiency virus type 1 protease
CC(C)(C)OC(=O)CN(Cc1ccccc1)C[C@@H](O)[C@H](Cc1ccccc1)NC(=O)OC(C)(C)C,5.330000131185909,4677.35,2,CHEMBL106005,Human immunodeficiency virus type 1 protease
CC(C)(C)OC(=O)CNC(=O)[C@@H](NC(=O)Cc1ccccc1)[C@@H]1N[C@@H](C(=O)NCCNC(=O)[C@@H]2N[C@@H]([C@H](NC(=O)Cc3ccccc3)C(=O)NCC(=O)OC(C)(C)C)SC2(C)C)C(C)(C)S1,7.6777807052660805,21.0,1,CHEMBL106991,Human immunodeficiency virus type 1 protease
CC(C)(C)OC(=O)CNC(=O)[C@@H](NC(=O)c1ccccc1-c1ccccc1)[C@@H]1N[C@@H](C(=O)NCCNC(=O)[C@@H]2N[C@@H]([C@H](NC(=O)c3ccccc3-c3ccccc3)C(=O)NCC(=O)OC(C)(C)C)SC2(C)C)C(C)(C)S1,8.387216143280265,4.1,1,CHEMBL274534,Human immunodeficiency virus type 1 protease
CC(C)(C)OC(=O)N1CCC[C@H]1C(=O)Nc1cccc(C(c2c(O)c3c(oc2=O)CCCCCC3)C2CC2)c1,4.534617148551582,29200.0,1,CHEMBL336038,Human immunodeficiency virus type 1 protease
CC(C)(C)OC(=O)NC(CC(N)=O)C(=O)N[C@@H](Cc1ccccc1)C(O)CN[C@@H](Cc1ccccc1)C(=O)NC1c2ccccc2C[C@H]1O,6.530177984021837,295.0,1,CHEMBL309507,Human immunodeficiency virus type 1 protease
CC(C)(C)OC(=O)NC(CC1CCCCC1)[C@H](O)CNC[C@@H](O)C(CC1CCCCC1)NC(=O)OC(C)(C)C,6.096910013008056,800.0,1,CHEMBL48302,Human immunodeficiency virus type 1 protease
CC(C)(C)OC(=O)NC(CCc1ccccc1)[C@H](O)CNC[C@@H](O)[C@H](Cc1ccccc1)NC(=O)OC(C)(C)C,6.301029995663981,500.0,1,CHEMBL48891,Human immunodeficiency virus type 1 protease
CC(C)(C)OC(=O)NC(Cc1ccc(O)cc1)[C@H](O)CNC[C@@H](O)[C@H](Cc1ccccc1)NC(=O)OC(C)(C)C,7.0,100.0,1,CHEMBL48805,Human immunodeficiency virus type 1 protease
CC(C)(C)OC(=O)NC(Cc1ccccc1)C(=O)C(F)(F)C(=O)NCc1ccccc1,8.397940008672037,4.0,1,CHEMBL87092,Human immunodeficiency virus type 1 protease
CC(C)(C)OC(=O)NC(Cc1ccccc1)[C@@H](O)CC(CSc1ccccc1)C(=O)NC1c2ccccc2C[C@@H]1O,9.599980364934842,0.2512,1,CHEMBL137925,Human immunodeficiency virus type 1 protease
CC(C)(C)OC(=O)NC(Cc1ccccc1)[C@@H](O)CC(Cc1ccc(N)cc1)C(=O)NC1c2ccccc2C[C@@H]1O,9.510041520575164,0.309,1,CHEMBL343053,Human immunodeficiency virus type 1 protease
CC(C)(C)OC(=O)NC(Cc1ccccc1)[C@@H](O)CC(Cc1ccc([N+](=O)[O-])cc1)C(=O)NC1c2ccccc2C[C@@H]1O,9.569924944448061,0.2692,1,CHEMBL342700,Human immunodeficiency virus type 1 protease
CC(C)(C)OC(=O)NCC(=O)N[C@@H](Cc1ccccc1)/C(O)=C(\C#N)c1ccc([N+](=O)[O-])cc1,4.236572006437063,58000.0,1,CHEMBL16491,Human immunodeficiency virus type 1 protease
CC(C)(C)OC(=O)NCC(=O)Nc1cccc(C(c2c(O)c3c(oc2=O)CCCCCC3)C2CC2)c1,4.525783735923745,29800.0,1,CHEMBL138388,Human immunodeficiency virus type 1 protease
CC(C)(C)OC(=O)NCCC(=O)Nc1cccc(C(c2c(O)c3c(oc2=O)CCCCCC3)C2CC2)c1,4.476253533188435,33400.0,1,CHEMBL16359,Human immunodeficiency virus type 1 protease
CC(C)(C)OC(=O)NCCCC(=O)Nc1cccc(C(c2c(O)c3c(oc2=O)CCCCCC3)C2CC2)c1,4.305394801066432,49500.0,1,CHEMBL434266,Human immunodeficiency virus type 1 protease
CC(C)(C)OC(=O)N[C@@H](CC(N)=O)C(=O)N[C@@H](Cc1ccccc1)C(O)C[C@@H](Cc1ccccc1)C(=O)N[C@H]1c2ccccc2C[C@H]1O,6.530001357781253,295.12,1,CHEMBL336981,Human immunodeficiency virus type 1 protease
CC(C)(C)OC(=O)N[C@@H](Cc1c[nH]cn1)C(=O)Nc1cccc(C(c2c(O)c3c(oc2=O)CCCCCC3)C2CC2)c1,4.343901797987168,45300.0,1,CHEMBL342947,Human immunodeficiency virus type 1 protease
CC(C)(C)OC(=O)N[C@@H](Cc1ccc(O)cc1)C(=O)N1CCC(=O)[C@@H]1Sc1ccccc1,7.6020599913279625,25.0,1,CHEMBL302902,Human immunodeficiency virus type 1 protease
CC(C)(C)OC(=O)N[C@@H](Cc1ccc(O)cc1)C(=O)N1CCC(=O)[C@H]1Sc1ccccc1,7.585026652029182,26.0,1,CHEMBL293394,Human immunodeficiency virus type 1 protease
CC(C)(C)OC(=O)N[C@@H](Cc1ccc(O)cc1)[C@@H](O)C1CCCC1C(=O)NCc1ccccc1,6.23000269597146,588.84,1,CHEMBL136707,Human immunodeficiency virus type 1 protease
CC(C)(C)OC(=O)N[C@@H](Cc1ccc(O)cc1)[C@@H](O)C[C@@H](Cc1ccc(O)cc1)C(=O)NC1c2ccccc2C[C@H]1O,9.823908740944319,0.15,1,CHEMBL295470,Human immunodeficiency virus type 1 protease
CC(C)(C)OC(=O)N[C@@H](Cc1ccc(O)cc1)[C@@H](O)C[C@@H](Cc1ccccc1)C(=O)NC1c2ccccc2C[C@H]1O,9.455931955649724,0.35,1,CHEMBL297045,Human immunodeficiency virus type 1 protease
CC(C)(C)OC(=O)N[C@@H](Cc1ccc(O)cc1)[C@@H](O)[C@@H]1CCC[C@H]1C(=O)NCc1ccccc1,6.229951074138112,588.9100000000001,2,CHEMBL107259,Human immunodeficiency virus type 1 protease
CC(C)(C)OC(=O)N[C@@H](Cc1ccc(OCCN2CCOCC2)cc1)[C@@H](O)C[C@@H](Cc1ccc(OCCN2CCOCC2)cc1)C(=O)NC1c2ccccc2C[C@H]1O,8.721246399047171,1.9,1,CHEMBL295013,Human immunodeficiency virus type 1 protease
CC(C)(C)OC(=O)N[C@@H](Cc1ccc(OCCN2CCOCC2)cc1)[C@@H](O)C[C@@H](Cc1ccccc1)C(=O)NC1c2ccccc2C[C@H]1O,9.259637310505756,0.55,1,CHEMBL45457,Human immunodeficiency virus type 1 protease
CC(C)(C)OC(=O)N[C@@H](Cc1ccc(OCc2ccccc2)cc1)C(=O)N1CCC(=O)[C@@H]1Sc1ccccc1,7.698970004336019,20.0,1,CHEMBL445105,Human immunodeficiency virus type 1 protease
CC(C)(C)OC(=O)N[C@@H](Cc1ccc(OCc2ccccc2)cc1)C(=O)N1CCC(=O)[C@H]1Sc1ccccc1,7.698970004336019,20.0,1,CHEMBL294097,Human immunodeficiency virus type 1 protease
CC(C)(C)OC(=O)N[C@@H](Cc1ccccc1)C(=O)N1CCC(=O)[C@@H]1Sc1ccccc1,6.0,1000.0,1,CHEMBL63717,Human immunodeficiency virus type 1 protease
CC(C)(C)OC(=O)N[C@@H](Cc1ccccc1)C(=O)N1CCC(=O)[C@H]1Sc1ccccc1,8.096910013008056,8.0,1,CHEMBL302464,Human immunodeficiency virus type 1 protease
CC(C)(C)OC(=O)N[C@@H](Cc1ccccc1)C(O)CNC(Cc1ccccc1)C(=O)NC(CO)c1ccccc1,4.42021640338319,38000.0,1,CHEMBL431023,Human immunodeficiency virus type 1 protease
CC(C)(C)OC(=O)N[C@@H](Cc1ccccc1)C(O)C[C@@H](Cc1ccccc1)C(=O)N[C@H]1c2ccccc2C[C@H]1O,6.598996020100517,251.77,1,CHEMBL135948,Human immunodeficiency virus type 1 protease
CC(C)(C)OC(=O)N[C@@H](Cc1ccccc1)C(O)[C@H](Cc1ccccc1)NC(=O)OC(C)(C)C,5.522878745280337,3000.0,1,CHEMBL9409,Human immunodeficiency virus type 1 protease
CC(C)(C)OC(=O)N[C@@H](Cc1ccccc1)C1(O)CCN([C@@H](Cc2ccccc2)C(=O)N[C@H]2c3ccccc3C[C@H]2O)CC1,5.835647144215563,1460.0,1,CHEMBL306640,Human immunodeficiency virus type 1 protease
CC(C)(C)OC(=O)N[C@@H](Cc1ccccc1)C[C@H](O)[C@H](Cc1ccccc1)NC(=O)OC(C)(C)C,8.275724130399212,5.3,1,CHEMBL94078,Human immunodeficiency virus type 1 protease
CC(C)(C)OC(=O)N[C@@H](Cc1ccccc1)C[C@H](O)[C@H](Cc1ccccc1)NC(=O)c1c(Cl)ccc(N)c1Cl,7.508638306165727,31.0,1,CHEMBL93120,Human immunodeficiency virus type 1 protease
CC(C)(C)OC(=O)N[C@@H](Cc1ccccc1)C[C@H](O)[C@H](Cc1ccccc1)NC(=O)c1c(Cl)cccc1Cl,7.173925197299173,67.0,1,CHEMBL92272,Human immunodeficiency virus type 1 protease
CC(C)(C)OC(=O)N[C@@H](Cc1ccccc1)C[C@H](O)[C@H](Cc1ccccc1)NC(=O)c1cc(N)cc(N)c1,6.6020599913279625,250.0,1,CHEMBL93389,Human immunodeficiency virus type 1 protease
CC(C)(C)OC(=O)N[C@@H](Cc1ccccc1)C[C@H](O)[C@H](Cc1ccccc1)NC(=O)c1cc(N)ccc1Cl,8.481486060122112,3.3,1,CHEMBL93566,Human immunodeficiency virus type 1 protease
CC(C)(C)OC(=O)N[C@@H](Cc1ccccc1)C[C@H](O)[C@H](Cc1ccccc1)NC(=O)c1cc(O)cc(O)c1,7.292429823902063,51.0,1,CHEMBL91062,Human immunodeficiency virus type 1 protease
CC(C)(C)OC(=O)N[C@@H](Cc1ccccc1)C[C@H](O)[C@H](Cc1ccccc1)NC(=O)c1cc(O)ccc1Cl,7.920818753952375,12.0,1,CHEMBL91601,Human immunodeficiency virus type 1 protease
CC(C)(C)OC(=O)N[C@@H](Cc1ccccc1)C[C@H](O)[C@H](Cc1ccccc1)NC(=O)c1ccc(N)c(N)c1,8.017728766960431,9.6,1,CHEMBL90699,Human immunodeficiency virus type 1 protease
CC(C)(C)OC(=O)N[C@@H](Cc1ccccc1)C[C@H](O)[C@H](Cc1ccccc1)NC(=O)c1ccc(N)c(O)c1,7.958607314841775,11.0,1,CHEMBL91443,Human immunodeficiency virus type 1 protease
CC(C)(C)OC(=O)N[C@@H](Cc1ccccc1)C[C@H](O)[C@H](Cc1ccccc1)NC(=O)c1ccc(N)cc1Cl,8.468521082957745,3.4,1,CHEMBL93481,Human immunodeficiency virus type 1 protease
CC(C)(C)OC(=O)N[C@@H](Cc1ccccc1)C[C@H](O)[C@H](Cc1ccccc1)NC(=O)c1ccc(O)c(N)c1,8.119186407719209,7.6,1,CHEMBL90139,Human immunodeficiency virus type 1 protease
CC(C)(C)OC(=O)N[C@@H](Cc1ccccc1)C[C@H](O)[C@H](Cc1ccccc1)NC(=O)c1ccc(O)c(O)c1,8.387216143280265,4.1,1,CHEMBL328531,Human immunodeficiency virus type 1 protease
CC(C)(C)OC(=O)N[C@@H](Cc1ccccc1)C[C@H](O)[C@H](Cc1ccccc1)NC(=O)c1ccc(O)cc1,8.481486060122112,3.3,1,CHEMBL93540,Human immunodeficiency virus type 1 protease
CC(C)(C)OC(=O)N[C@@H](Cc1ccccc1)C[C@H](O)[C@H](Cc1ccccc1)NC(=O)c1ccc(O)cc1Cl,8.853871964321762,1.4,1,CHEMBL93589,Human immunodeficiency virus type 1 protease
CC(C)(C)OC(=O)N[C@@H](Cc1ccccc1)C[C@H](O)[C@H](Cc1ccccc1)NC(=O)c1cccc(N)c1Cl,8.275724130399212,5.3,1,CHEMBL93323,Human immunodeficiency virus type 1 protease
CC(C)(C)OC(=O)N[C@@H](Cc1ccccc1)C[C@H](O)[C@H](Cc1ccccc1)NC(=O)c1cccc(O)c1,8.468521082957745,3.4,1,CHEMBL273562,Human immunodeficiency virus type 1 protease
CC(C)(C)OC(=O)N[C@@H](Cc1ccccc1)C[C@H](O)[C@H](Cc1ccccc1)NC(=O)c1ccccc1,8.346787486224656,4.5,1,CHEMBL91600,Human immunodeficiency virus type 1 protease
CC(C)(C)OC(=O)N[C@@H](Cc1ccccc1)C[C@H](O)[C@H](Cc1ccccc1)NC(=O)c1ccccc1O,6.838631997765025,145.0,1,CHEMBL91557,Human immunodeficiency virus type 1 protease
CC(C)(C)OC(=O)N[C@@H](Cc1ccccc1)[C@@H](O)/C=C(/Cc1ccccc1)C(=O)NC1c2ccccc2C[C@@H]1O,8.890084136976206,1.288,1,CHEMBL136336,Human immunodeficiency virus type 1 protease
CC(C)(C)OC(=O)N[C@@H](Cc1ccccc1)[C@@H](O)/C=C(/Cc1ccccc1)C(=O)N[C@H]1c2ccccc2C[C@H]1O,8.890084136976206,1.288,2,CHEMBL322037,Human immunodeficiency virus type 1 protease
CC(C)(C)OC(=O)N[C@@H](Cc1ccccc1)[C@@H](O)CC(=O)NC1c2ccccc2C[C@@H]1O,6.2500010234416505,562.34,1,CHEMBL336868,Human immunodeficiency virus type 1 protease
CC(C)(C)OC(=O)N[C@@H](Cc1ccccc1)[C@@H](O)CC(=O)NC1c2ccccc2C[C@H]1O,6.245697542889856,567.94,1,CHEMBL320099,Human immunodeficiency virus type 1 protease
CC(C)(C)OC(=O)N[C@@H](Cc1ccccc1)[C@@H](O)CC(=O)N[C@H]1c2ccccc2C[C@H]1O,6.2500010234416505,562.34,1,CHEMBL168314,Human immunodeficiency virus type 1 protease
CC(C)(C)OC(=O)N[C@@H](Cc1ccccc1)[C@@H](O)CC(Cc1ccc(OCC(=O)O)cc1)C(=O)NC1c2ccccc2C[C@H]1O,10.397940008672037,0.04,1,CHEMBL295414,Human immunodeficiency virus type 1 protease
CC(C)(C)OC(=O)N[C@@H](Cc1ccccc1)[C@@H](O)CC1(Cc2ccccc2)CCCN(C2c3ccccc3C[C@@H]2O)C1=O,5.899998417198648,1258.93,1,CHEMBL342599,Human immunodeficiency virus type 1 protease
CC(C)(C)OC(=O)N[C@@H](Cc1ccccc1)[C@@H](O)CCC(=O)NC1c2ccccc2C[C@@H]1O,5.529999886197673,2951.21,1,CHEMBL136086,Human immunodeficiency virus type 1 protease
CC(C)(C)OC(=O)N[C@@H](Cc1ccccc1)[C@@H](O)CCC(=O)N[C@@H]1c2ccccc2C[C@H]1O,5.531999948546901,2937.65,1,CHEMBL319192,Human immunodeficiency virus type 1 protease
CC(C)(C)OC(=O)N[C@@H](Cc1ccccc1)[C@@H](O)CCC(=O)N[C@H]1c2ccccc2C[C@H]1O,5.5312698883452045,2942.605,2,CHEMBL110385,Human immunodeficiency virus type 1 protease
CC(C)(C)OC(=O)N[C@@H](Cc1ccccc1)[C@@H](O)CN(Cc1ccccc1)NC(=O)OC(C)(C)C,4.301029995663981,50000.0,1,CHEMBL330438,Human immunodeficiency virus type 1 protease
CC(C)(C)OC(=O)N[C@@H](Cc1ccccc1)[C@@H](O)CNCC(O)[C@@H](Cc1ccccc1)NC(=O)OC(C)(C)C,5.0,10000.0,1,CHEMBL51021,Human immunodeficiency virus type 1 protease
CC(C)(C)OC(=O)N[C@@H](Cc1ccccc1)[C@@H](O)CNC[C@H](O)[C@H](Cc1ccccc1)NC(=O)OC(C)(C)C,5.0,10000.0,1,CHEMBL51182,Human immunodeficiency virus type 1 protease
CC(C)(C)OC(=O)N[C@@H](Cc1ccccc1)[C@@H](O)CN[C@@H](Cc1ccccc1)C(=O)N[C@H]1c2ccccc2C[C@H]1O,5.327902142064283,4700.0,1,CHEMBL2114201,Human immunodeficiency virus type 1 protease
CC(C)(C)OC(=O)N[C@@H](Cc1ccccc1)[C@@H](O)CN[C@H](Cc1ccccc1)C(=O)N[C@H]1c2ccccc2C[C@H]1O,4.6307841425898575,23400.0,1,CHEMBL2115205,Human immunodeficiency virus type 1 protease
CC(C)(C)OC(=O)N[C@@H](Cc1ccccc1)[C@@H](O)C[C@@H](C/C=C/c1ccc(CCN2CCOCC2)cc1)C(=O)N[C@H]1c2ccccc2C[C@H]1O,9.537602002101044,0.29,1,CHEMBL295924,Human immunodeficiency virus type 1 protease
CC(C)(C)OC(=O)N[C@@H](Cc1ccccc1)[C@@H](O)C[C@@H](C/C=C/c1ccc(O)cc1)C(=O)N[C@H]1c2ccccc2C[C@H]1O,9.769551078621726,0.17,1,CHEMBL295530,Human immunodeficiency virus type 1 protease
CC(C)(C)OC(=O)N[C@@H](Cc1ccccc1)[C@@H](O)C[C@@H](C/C=C/c1ccccc1)C(=O)NC1c2ccccc2C[C@@H]1O,9.639974910810603,0.2291,1,CHEMBL433660,Human immunodeficiency virus type 1 protease
CC(C)(C)OC(=O)N[C@@H](Cc1ccccc1)[C@@H](O)C[C@@H](C/C=C/c1ccccc1)C(=O)N[C@@H]1c2ccccc2C[C@H]1O,9.638083381331356,0.2301,1,CHEMBL418986,Human immunodeficiency virus type 1 protease
CC(C)(C)OC(=O)N[C@@H](Cc1ccccc1)[C@@H](O)C[C@@H](C/C=C/c1ccccc1)C(=O)N[C@H]1c2ccccc2C[C@H]1O,9.638272163982407,0.23,3,CHEMBL265514,Human immunodeficiency virus type 1 protease
CC(C)(C)OC(=O)N[C@@H](Cc1ccccc1)[C@@H](O)C[C@@H](CC(=O)c1ccccc1)C(=O)N[C@@H]1c2ccccc2C[C@H]1O,8.266000713461613,5.42,1,CHEMBL318319,Human immunodeficiency virus type 1 protease
CC(C)(C)OC(=O)N[C@@H](Cc1ccccc1)[C@@H](O)C[C@@H](CC(=O)c1ccccc1)C(=O)N[C@H]1c2ccccc2C[C@H]1O,8.26801321388103,5.395,2,CHEMBL268512,Human immunodeficiency virus type 1 protease
CC(C)(C)OC(=O)N[C@@H](Cc1ccccc1)[C@@H](O)C[C@@H](CCCc1ccccc1)C(=O)NC1c2ccccc2C(O)[C@@H]1O,9.720105019988361,0.1905,1,CHEMBL337349,Human immunodeficiency virus type 1 protease
CC(C)(C)OC(=O)N[C@@H](Cc1ccccc1)[C@@H](O)C[C@@H](CCCc1ccccc1)C(=O)N[C@@H]1c2ccccc2[C@@H](O)[C@H]1O,9.721017883134557,0.1901,1,CHEMBL430875,Human immunodeficiency virus type 1 protease
CC(C)(C)OC(=O)N[C@@H](Cc1ccccc1)[C@@H](O)C[C@@H](CCCc1ccccc1)C(=O)N[C@H]1c2ccccc2[C@@H](O)[C@H]1O,9.720675709517767,0.19025,2,CHEMBL322984,Human immunodeficiency virus type 1 protease
CC(C)(C)OC(=O)N[C@@H](Cc1ccccc1)[C@@H](O)C[C@@H](CCc1cnc2ccccc2n1)C(=O)N[C@H]1c2ccccc2C[C@H]1O,9.769551078621726,0.17,1,CHEMBL47610,Human immunodeficiency virus type 1 protease
CC(C)(C)OC(=O)N[C@@H](Cc1ccccc1)[C@@H](O)C[C@@H](CSc1ccccc1)C(=O)N[C@@H]1c2ccccc2C[C@H]1O,9.602059991327963,0.25,1,CHEMBL105319,Human immunodeficiency virus type 1 protease
CC(C)(C)OC(=O)N[C@@H](Cc1ccccc1)[C@@H](O)C[C@@H](CSc1ccccc1)C(=O)N[C@H]1c2ccccc2C[C@H]1O,9.601020178131403,0.2506,2,CHEMBL108918,Human immunodeficiency virus type 1 protease
CC(C)(C)OC(=O)N[C@@H](Cc1ccccc1)[C@@H](O)C[C@@H](Cc1c(F)c(F)c(F)c(F)c1F)C(=O)NC1c2ccccc2C[C@@H]1O,9.219970872662662,0.6026,1,CHEMBL342365,Human immunodeficiency virus type 1 protease
CC(C)(C)OC(=O)N[C@@H](Cc1ccccc1)[C@@H](O)C[C@@H](Cc1c(F)c(F)c(F)c(F)c1F)C(=O)N[C@@H]1c2ccccc2C[C@H]1O,9.221993538576491,0.5998,1,CHEMBL322634,Human immunodeficiency virus type 1 protease
CC(C)(C)OC(=O)N[C@@H](Cc1ccccc1)[C@@H](O)C[C@@H](Cc1c(F)c(F)c(F)c(F)c1F)C(=O)N[C@H]1c2ccccc2C[C@H]1O,9.221848749616356,0.6,3,CHEMBL47514,Human immunodeficiency virus type 1 protease
CC(C)(C)OC(=O)N[C@@H](Cc1ccccc1)[C@@H](O)C[C@@H](Cc1ccc(C(C)(C)C)cc1)C(=O)N[C@@H]1c2ccccc2C[C@H]1O,9.770062314092065,0.1698,1,CHEMBL319417,Human immunodeficiency virus type 1 protease
CC(C)(C)OC(=O)N[C@@H](Cc1ccccc1)[C@@H](O)C[C@@H](Cc1ccc(C(C)(C)C)cc1)C(=O)N[C@H]1c2ccccc2C[C@H]1O,9.769551078621726,0.17,3,CHEMBL297620,Human immunodeficiency virus type 1 protease
CC(C)(C)OC(=O)N[C@@H](Cc1ccccc1)[C@@H](O)C[C@@H](Cc1ccc(C(F)(F)F)cc1)C(=O)NC1c2ccccc2C[C@@H]1O,9.590066876668706,0.257,1,CHEMBL337315,Human immunodeficiency virus type 1 protease
CC(C)(C)OC(=O)N[C@@H](Cc1ccccc1)[C@@H](O)C[C@@H](Cc1ccc(C(F)(F)F)cc1)C(=O)N[C@@H]1c2ccccc2C[C@H]1O,9.585026652029182,0.26,1,CHEMBL263938,Human immunodeficiency virus type 1 protease
CC(C)(C)OC(=O)N[C@@H](Cc1ccccc1)[C@@H](O)C[C@@H](Cc1ccc(C(F)(F)F)cc1)C(=O)N[C@H]1c2ccccc2C[C@H]1O,9.585026652029182,0.26,3,CHEMBL296484,Human immunodeficiency virus type 1 protease
CC(C)(C)OC(=O)N[C@@H](Cc1ccccc1)[C@@H](O)C[C@@H](Cc1ccc(CCCN2CCOCC2)cc1)C(=O)N[C@H]1c2ccccc2C[C@H]1O,9.366531544420413,0.43,1,CHEMBL49544,Human immunodeficiency virus type 1 protease
CC(C)(C)OC(=O)N[C@@H](Cc1ccccc1)[C@@H](O)C[C@@H](Cc1ccc(CCCN2CCSCC2)cc1)C(=O)N[C@H]1c2ccccc2C[C@H]1O,9.0,1.0,1,CHEMBL45928,Human immunodeficiency virus type 1 protease
CC(C)(C)OC(=O)N[C@@H](Cc1ccccc1)[C@@H](O)C[C@@H](Cc1ccc(CCCO)cc1)C(=O)N[C@H]1c2ccccc2C[C@H]1O,10.0,0.1,1,CHEMBL44489,Human immunodeficiency virus type 1 protease
CC(C)(C)OC(=O)N[C@@H](Cc1ccccc1)[C@@H](O)C[C@@H](Cc1ccc(CCC[N+](C)(C)C)cc1)C(=O)N[C@H]1c2ccccc2C[C@H]1O.[I-],9.040958607678906,0.91,1,CHEMBL433072,Human immunodeficiency virus type 1 protease
CC(C)(C)OC(=O)N[C@@H](Cc1ccccc1)[C@@H](O)C[C@@H](Cc1ccc(CCO)cc1)C(=O)N[C@H]1c2ccccc2C[C@H]1O,9.795880017344075,0.16,1,CHEMBL291196,Human immunodeficiency virus type 1 protease
CC(C)(C)OC(=O)N[C@@H](Cc1ccccc1)[C@@H](O)C[C@@H](Cc1ccc(CN2CCOCC2)cc1)C(=O)N[C@H]1c2ccccc2C[C@H]1O,8.939302159646388,1.15,1,CHEMBL295777,Human immunodeficiency virus type 1 protease
CC(C)(C)OC(=O)N[C@@H](Cc1ccccc1)[C@@H](O)C[C@@H](Cc1ccc(CO)cc1)C(=O)N[C@H]1c2ccccc2C[C@H]1O,9.769551078621726,0.17,1,CHEMBL46114,Human immunodeficiency virus type 1 protease
CC(C)(C)OC(=O)N[C@@H](Cc1ccccc1)[C@@H](O)C[C@@H](Cc1ccc(F)cc1)C(=O)N[C@H]1c2ccccc2C[C@H]1O,9.356547323513812,0.44,1,CHEMBL296137,Human immunodeficiency virus type 1 protease
CC(C)(C)OC(=O)N[C@@H](Cc1ccccc1)[C@@H](O)C[C@@H](Cc1ccc(I)cc1)C(=O)N[C@@H]1c2ccccc2C[C@H]1O,9.143029566517507,0.7194,1,CHEMBL420466,Human immunodeficiency virus type 1 protease
CC(C)(C)OC(=O)N[C@@H](Cc1ccccc1)[C@@H](O)C[C@@H](Cc1ccc(I)cc1)C(=O)N[C@H]1c2ccccc2C[C@H]1O,9.142667503568731,0.72,3,CHEMBL296855,Human immunodeficiency virus type 1 protease
CC(C)(C)OC(=O)N[C@@H](Cc1ccccc1)[C@@H](O)C[C@@H](Cc1ccc(N)cc1)C(=O)N[C@@H]1c2ccccc2C[C@H]1O,9.509058794643213,0.3097,1,CHEMBL317868,Human immunodeficiency virus type 1 protease
CC(C)(C)OC(=O)N[C@@H](Cc1ccccc1)[C@@H](O)C[C@@H](Cc1ccc(N)cc1)C(=O)N[C@H]1c2ccccc2C[C@H]1O,9.508638306165727,0.31,3,CHEMBL296493,Human immunodeficiency virus type 1 protease
CC(C)(C)OC(=O)N[C@@H](Cc1ccccc1)[C@@H](O)C[C@@H](Cc1ccc(O)cc1)C(=O)NC1c2ccccc2C[C@@H]1O,9.79997073344623,0.1585,1,CHEMBL138300,Human immunodeficiency virus type 1 protease
CC(C)(C)OC(=O)N[C@@H](Cc1ccccc1)[C@@H](O)C[C@@H](Cc1ccc(O)cc1)C(=O)N[C@@H]1c2ccccc2C[C@H]1O,9.795880017344075,0.16,1,CHEMBL318531,Human immunodeficiency virus type 1 protease
CC(C)(C)OC(=O)N[C@@H](Cc1ccccc1)[C@@H](O)C[C@@H](Cc1ccc(O)cc1)C(=O)N[C@H]1c2ccccc2C[C@H]1O,9.795880017344075,0.16,5,CHEMBL298316,Human immunodeficiency virus type 1 protease
CC(C)(C)OC(=O)N[C@@H](Cc1ccccc1)[C@@H](O)C[C@@H](Cc1ccc(OCC(=O)N2CCOCC2)cc1)C(=O)NC1c2ccccc2C[C@H]1O,9.698970004336019,0.2,1,CHEMBL297673,Human immunodeficiency virus type 1 protease
CC(C)(C)OC(=O)N[C@@H](Cc1ccccc1)[C@@H](O)C[C@@H](Cc1ccc(OCCCN2CCOCC2)cc1)C(=O)NC1c2ccccc2C[C@H]1O,8.698970004336019,2.0,1,CHEMBL45474,Human immunodeficiency virus type 1 protease
CC(C)(C)OC(=O)N[C@@H](Cc1ccccc1)[C@@H](O)C[C@@H](Cc1ccc(OCCN2CCCC2)cc1)C(=O)NC1c2ccccc2C[C@H]1O,8.744727494896694,1.8,1,CHEMBL295609,Human immunodeficiency virus type 1 protease
CC(C)(C)OC(=O)N[C@@H](Cc1ccccc1)[C@@H](O)C[C@@H](Cc1ccc(OCCN2CCCCC2)cc1)C(=O)NC1c2ccccc2C[C@H]1O,8.795880017344075,1.6,1,CHEMBL291203,Human immunodeficiency virus type 1 protease
CC(C)(C)OC(=O)N[C@@H](Cc1ccccc1)[C@@H](O)C[C@@H](Cc1ccc(OCCN2CCOCC2)cc1)C(=O)N[C@H]1c2ccccc2C[C@H]1O,9.346787486224656,0.45,2,CHEMBL2062158,Human immunodeficiency virus type 1 protease
CC(C)(C)OC(=O)N[C@@H](Cc1ccccc1)[C@@H](O)C[C@@H](Cc1ccc(OCCN2CCS(=O)(=O)CC2)cc1)C(=O)NC1c2ccccc2C[C@H]1O,10.096910013008056,0.08,1,CHEMBL416082,Human immunodeficiency virus type 1 protease
CC(C)(C)OC(=O)N[C@@H](Cc1ccccc1)[C@@H](O)C[C@@H](Cc1ccc(OCCN2CCSCC2)cc1)C(=O)NC1c2ccccc2C[C@H]1O,9.327902142064282,0.47,1,CHEMBL47712,Human immunodeficiency virus type 1 protease
CC(C)(C)OC(=O)N[C@@H](Cc1ccccc1)[C@@H](O)C[C@@H](Cc1ccc(OCCN2CC[S+]([O-])CC2)cc1)C(=O)NC1c2ccccc2C[C@H]1O,10.154901959985743,0.07,1,CHEMBL295442,Human immunodeficiency virus type 1 protease
CC(C)(C)OC(=O)N[C@@H](Cc1ccccc1)[C@@H](O)C[C@@H](Cc1ccc(OCCO)cc1)C(=O)NC1c2ccccc2C[C@H]1O,10.045757490560675,0.09,1,CHEMBL295549,Human immunodeficiency virus type 1 protease
CC(C)(C)OC(=O)N[C@@H](Cc1ccccc1)[C@@H](O)C[C@@H](Cc1ccc(OCC[N+]2([O-])CCOCC2)cc1)C(=O)NC1c2ccccc2C[C@H]1O,9.698970004336019,0.2,1,CHEMBL46274,Human immunodeficiency virus type 1 protease
CC(C)(C)OC(=O)N[C@@H](Cc1ccccc1)[C@@H](O)C[C@@H](Cc1ccc(OCc2ccccc2)cc1)C(=O)NC1c2ccccc2C[C@H]1O,9.744727494896694,0.18,1,CHEMBL45451,Human immunodeficiency virus type 1 protease
CC(C)(C)OC(=O)N[C@@H](Cc1ccccc1)[C@@H](O)C[C@@H](Cc1ccc(S(C)(=O)=O)cc1)C(=O)N[C@H]1c2ccccc2C[C@H]1O,9.769551078621726,0.17,1,CHEMBL295471,Human immunodeficiency virus type 1 protease
CC(C)(C)OC(=O)N[C@@H](Cc1ccccc1)[C@@H](O)C[C@@H](Cc1ccc([N+](=O)[O-])cc1)C(=O)N[C@@H]1c2ccccc2C[C@H]1O,9.568958054664115,0.2698,1,CHEMBL322897,Human immunodeficiency virus type 1 protease
CC(C)(C)OC(=O)N[C@@H](Cc1ccccc1)[C@@H](O)C[C@@H](Cc1ccc([N+](=O)[O-])cc1)C(=O)N[C@H]1c2ccccc2C[C@H]1O,9.568636235841012,0.27,3,CHEMBL295904,Human immunodeficiency virus type 1 protease
CC(C)(C)OC(=O)N[C@@H](Cc1ccccc1)[C@@H](O)C[C@@H](Cc1cccc(O)c1)C(=O)N[C@H]1c2ccccc2C[C@H]1O,9.67778070526608,0.21,1,CHEMBL297189,Human immunodeficiency virus type 1 protease
CC(C)(C)OC(=O)N[C@@H](Cc1ccccc1)[C@@H](O)C[C@@H](Cc1ccccc1)C(=O)NC1C=CC[C@@H]1O,8.019996628416253,9.55,1,CHEMBL138336,Human immunodeficiency virus type 1 protease
CC(C)(C)OC(=O)N[C@@H](Cc1ccccc1)[C@@H](O)C[C@@H](Cc1ccccc1)C(=O)NC1C=CC[C@H]1O,8.019996628416253,9.55,1,CHEMBL167022,Human immunodeficiency virus type 1 protease
CC(C)(C)OC(=O)N[C@@H](Cc1ccccc1)[C@@H](O)C[C@@H](Cc1ccccc1)C(=O)NC1CCCc2ccccc21,7.795880017344075,16.0,1,CHEMBL20930,Human immunodeficiency virus type 1 protease
CC(C)(C)OC(=O)N[C@@H](Cc1ccccc1)[C@@H](O)C[C@@H](Cc1ccccc1)C(=O)NC1CCc2ccccc21,7.470056598341331,33.88,1,CHEMBL21166,Human immunodeficiency virus type 1 protease
CC(C)(C)OC(=O)N[C@@H](Cc1ccccc1)[C@@H](O)C[C@@H](Cc1ccccc1)C(=O)NC1Cc2ccccc21,7.657577319177793,22.0,1,CHEMBL279279,Human immunodeficiency virus type 1 protease
CC(C)(C)OC(=O)N[C@@H](Cc1ccccc1)[C@@H](O)C[C@@H](Cc1ccccc1)C(=O)NC1Cc2ccccc2C1,6.886056647693163,130.0,5,CHEMBL439725,Human immunodeficiency virus type 1 protease
CC(C)(C)OC(=O)N[C@@H](Cc1ccccc1)[C@@H](O)C[C@@H](Cc1ccccc1)C(=O)NC1c2ccccc2C(O)[C@@H]1O,10.0,0.1,1,CHEMBL138828,Human immunodeficiency virus type 1 protease
CC(C)(C)OC(=O)N[C@@H](Cc1ccccc1)[C@@H](O)C[C@@H](Cc1ccccc1)C(=O)NC1c2ccccc2C[C@@H]1O,9.599980364934842,0.2512,1,CHEMBL21226,Human immunodeficiency virus type 1 protease
CC(C)(C)OC(=O)N[C@@H](Cc1ccccc1)[C@@H](O)C[C@@H](Cc1ccccc1)C(=O)NC1c2ccccc2C[C@H]1C(N)=O,8.744727494896694,1.8,1,CHEMBL20546,Human immunodeficiency virus type 1 protease
CC(C)(C)OC(=O)N[C@@H](Cc1ccccc1)[C@@H](O)C[C@@H](Cc1ccccc1)C(=O)NC1c2ccccc2OC[C@@H]1O,8.57002360935083,20.4589,2,CHEMBL136708,Human immunodeficiency virus type 1 protease
CC(C)(C)OC(=O)N[C@@H](Cc1ccccc1)[C@@H](O)C[C@@H](Cc1ccccc1)C(=O)NC1c2ccccc2[C@@H](N)[C@H]1O,8.721246399047171,1.9,1,CHEMBL21041,Human immunodeficiency virus type 1 protease
CC(C)(C)OC(=O)N[C@@H](Cc1ccccc1)[C@@H](O)C[C@@H](Cc1ccccc1)C(=O)NCC(N)=O,6.259637310505756,550.0,1,CHEMBL319126,Human immunodeficiency virus type 1 protease
CC(C)(C)OC(=O)N[C@@H](Cc1ccccc1)[C@@H](O)C[C@@H](Cc1ccccc1)C(=O)NCC1CCCCC1,4.519999959791458,30199.52,3,CHEMBL106657,Human immunodeficiency virus type 1 protease
CC(C)(C)OC(=O)N[C@@H](Cc1ccccc1)[C@@H](O)C[C@@H](Cc1ccccc1)C(=O)NCCc1ccccc1,5.552841968657781,2800.0,1,CHEMBL422928,Human immunodeficiency virus type 1 protease
CC(C)(C)OC(=O)N[C@@H](Cc1ccccc1)[C@@H](O)C[C@@H](Cc1ccccc1)C(=O)NCc1ccccc1,6.943057055997707,114.00999999999999,6,CHEMBL277034,Human immunodeficiency virus type 1 protease
CC(C)(C)OC(=O)N[C@@H](Cc1ccccc1)[C@@H](O)C[C@@H](Cc1ccccc1)C(=O)N[C@@H](CC1CCCCC1)C(N)=O,7.1938200260161125,64.0,1,CHEMBL95467,Human immunodeficiency virus type 1 protease
CC(C)(C)OC(=O)N[C@@H](Cc1ccccc1)[C@@H](O)C[C@@H](Cc1ccccc1)C(=O)N[C@@H](CO)C(N)=O,6.217527375833714,606.0,1,CHEMBL95316,Human immunodeficiency virus type 1 protease
CC(C)(C)OC(=O)N[C@@H](Cc1ccccc1)[C@@H](O)C[C@@H](Cc1ccccc1)C(=O)N[C@@H](Cc1cc2ccccc2[nH]1)C(N)=O,7.221848749616356,60.0,1,CHEMBL262764,Human immunodeficiency virus type 1 protease
CC(C)(C)OC(=O)N[C@@H](Cc1ccccc1)[C@@H](O)C[C@@H](Cc1ccccc1)C(=O)N[C@@H](Cc1ccccc1)C(N)=O,7.5376020021010435,29.0,1,CHEMBL97423,Human immunodeficiency virus type 1 protease
CC(C)(C)OC(=O)N[C@@H](Cc1ccccc1)[C@@H](O)C[C@@H](Cc1ccccc1)C(=O)N[C@@H](Cc1ncc[nH]1)C(N)=O,6.113509274827518,770.0,1,CHEMBL94316,Human immunodeficiency virus type 1 protease
CC(C)(C)OC(=O)N[C@@H](Cc1ccccc1)[C@@H](O)C[C@@H](Cc1ccccc1)C(=O)N[C@@H]1C=CC[C@H]1O,8.02099825152528,9.528,1,CHEMBL421019,Human immunodeficiency virus type 1 protease
CC(C)(C)OC(=O)N[C@@H](Cc1ccccc1)[C@@H](O)C[C@@H](Cc1ccccc1)C(=O)N[C@@H]1CCCC[C@H]1O,6.911992635187236,122.465,2,CHEMBL437643,Human immunodeficiency virus type 1 protease
CC(C)(C)OC(=O)N[C@@H](Cc1ccccc1)[C@@H](O)C[C@@H](Cc1ccccc1)C(=O)N[C@@H]1CCc2ccccc21,7.470056598341331,33.88,3,CHEMBL325107,Human immunodeficiency virus type 1 protease
CC(C)(C)OC(=O)N[C@@H](Cc1ccccc1)[C@@H](O)C[C@@H](Cc1ccccc1)C(=O)N[C@@H]1c2ccccc2CC[C@H]1O,9.157522752087385,0.6958,2,CHEMBL317446,Human immunodeficiency virus type 1 protease
CC(C)(C)OC(=O)N[C@@H](Cc1ccccc1)[C@@H](O)C[C@@H](Cc1ccccc1)C(=O)N[C@@H]1c2ccccc2C[C@H]1O,9.602059991327963,0.25,1,CHEMBL318003,Human immunodeficiency virus type 1 protease
CC(C)(C)OC(=O)N[C@@H](Cc1ccccc1)[C@@H](O)C[C@@H](Cc1ccccc1)C(=O)N[C@@H]1c2ccccc2OC[C@@H]1O,7.391261976060593,40.620000000000005,2,CHEMBL110348,Human immunodeficiency virus type 1 protease
CC(C)(C)OC(=O)N[C@@H](Cc1ccccc1)[C@@H](O)C[C@@H](Cc1ccccc1)C(=O)N[C@@H]1c2ccccc2OC[C@H]1O,9.744968836654449,0.1799,1,CHEMBL103213,Human immunodeficiency virus type 1 protease
CC(C)(C)OC(=O)N[C@@H](Cc1ccccc1)[C@@H](O)C[C@@H](Cc1ccccc1)C(=O)N[C@@H]1c2ccccc2[C@@H](O)[C@H]1O,10.0,0.1,1,CHEMBL103400,Human immunodeficiency virus type 1 protease
CC(C)(C)OC(=O)N[C@@H](Cc1ccccc1)[C@@H](O)C[C@@H](Cc1ccccc1)C(=O)N[C@@]1(C)c2ccccc2C[C@H]1O,6.671398447312004,213.11,4,CHEMBL105299,Human immunodeficiency virus type 1 protease
CC(C)(C)OC(=O)N[C@@H](Cc1ccccc1)[C@@H](O)C[C@@H](Cc1ccccc1)C(=O)N[C@H](C(=O)NCc1ccccc1)c1ccccc1,8.236572006437063,5.8,1,CHEMBL319013,Human immunodeficiency virus type 1 protease
CC(C)(C)OC(=O)N[C@@H](Cc1ccccc1)[C@@H](O)C[C@@H](Cc1ccccc1)C(=O)N[C@H](C(=O)NCc1nc2ccccc2[nH]1)c1ccccc1,10.154901959985743,0.07,1,CHEMBL314510,Human immunodeficiency virus type 1 protease
CC(C)(C)OC(=O)N[C@@H](Cc1ccccc1)[C@@H](O)C[C@@H](Cc1ccccc1)C(=O)N[C@H](C(N)=O)C1CCCCC1,8.2839966563652,5.2,1,CHEMBL99016,Human immunodeficiency virus type 1 protease
CC(C)(C)OC(=O)N[C@@H](Cc1ccccc1)[C@@H](O)C[C@@H](Cc1ccccc1)C(=O)N[C@H](C(N)=O)c1ccccc1,9.045757490560675,0.9,1,CHEMBL98355,Human immunodeficiency virus type 1 protease
CC(C)(C)OC(=O)N[C@@H](Cc1ccccc1)[C@@H](O)C[C@@H](Cc1ccccc1)C(=O)N[C@H](CO)Cc1ccccc1,6.160500243034479,691.0350000000001,4,CHEMBL2367851,Human immunodeficiency virus type 1 protease
CC(C)(C)OC(=O)N[C@@H](Cc1ccccc1)[C@@H](O)C[C@@H](Cc1ccccc1)C(=O)N[C@H](CO)c1ccccc1,7.411506640465419,38.769999999999996,4,CHEMBL2367850,Human immunodeficiency virus type 1 protease
CC(C)(C)OC(=O)N[C@@H](Cc1ccccc1)[C@@H](O)C[C@@H](Cc1ccccc1)C(=O)N[C@H]1C=CC[C@H]1O,8.020907099361674,9.53,1,CHEMBL444057,Human immunodeficiency virus type 1 protease
CC(C)(C)OC(=O)N[C@@H](Cc1ccccc1)[C@@H](O)C[C@@H](Cc1ccccc1)C(=O)N[C@H]1CCCC[C@H]1O,6.912170843847998,122.41499999999999,2,CHEMBL108471,Human immunodeficiency virus type 1 protease
CC(C)(C)OC(=O)N[C@@H](Cc1ccccc1)[C@@H](O)C[C@@H](Cc1ccccc1)C(=O)N[C@H]1CCc2ccccc21,7.57136994600746,27.64,2,CHEMBL2079666,Human immunodeficiency virus type 1 protease
CC(C)(C)OC(=O)N[C@@H](Cc1ccccc1)[C@@H](O)C[C@@H](Cc1ccccc1)C(=O)N[C@H]1c2ccccc2CC[C@H]1O,9.157460701153699,0.6959,2,CHEMBL325551,Human immunodeficiency virus type 1 protease
CC(C)(C)OC(=O)N[C@@H](Cc1ccccc1)[C@@H](O)C[C@@H](Cc1ccccc1)C(=O)N[C@H]1c2ccccc2C[C@@H]1O,6.613432376789429,244.0,2,CHEMBL2092982,Human immunodeficiency virus type 1 protease
CC(C)(C)OC(=O)N[C@@H](Cc1ccccc1)[C@@H](O)C[C@@H](Cc1ccccc1)C(=O)N[C@H]1c2ccccc2C[C@H]1O,9.522878745280337,0.3,9,CHEMBL296115,Human immunodeficiency virus type 1 protease
CC(C)(C)OC(=O)N[C@@H](Cc1ccccc1)[C@@H](O)C[C@@H](Cc1ccccc1)C(=O)N[C@H]1c2ccccc2OC[C@@H]1O,7.392009141452825,40.55,1,CHEMBL99949,Human immunodeficiency virus type 1 protease
CC(C)(C)OC(=O)N[C@@H](Cc1ccccc1)[C@@H](O)C[C@@H](Cc1ccccc1)C(=O)N[C@H]1c2ccccc2OC[C@H]1O,9.747397869131248,0.1789,2,CHEMBL111143,Human immunodeficiency virus type 1 protease
CC(C)(C)OC(=O)N[C@@H](Cc1ccccc1)[C@@H](O)C[C@@H](Cc1ccccc1)C(=O)N[C@H]1c2ccccc2[C@@H](O)[C@H]1O,10.0,0.1,3,CHEMBL419923,Human immunodeficiency virus type 1 protease
CC(C)(C)OC(=O)N[C@@H](Cc1ccccc1)[C@@H](O)C[C@@H](Cc1ccncc1)C(=O)NC1c2ccccc2C[C@@H]1O,9.280006173632396,0.5248,1,CHEMBL423358,Human immunodeficiency virus type 1 protease
CC(C)(C)OC(=O)N[C@@H](Cc1ccccc1)[C@@H](O)C[C@@H](Cc1ccncc1)C(=O)N[C@@H]1c2ccccc2C[C@H]1O,9.275970027064403,0.5297,1,CHEMBL322214,Human immunodeficiency virus type 1 protease
CC(C)(C)OC(=O)N[C@@H](Cc1ccccc1)[C@@H](O)C[C@@H](Cc1ccncc1)C(=O)N[C@H]1c2ccccc2C[C@H]1O,9.277865152015803,0.5274000000000001,2,CHEMBL430692,Human immunodeficiency virus type 1 protease
CC(C)(C)OC(=O)N[C@@H](Cc1ccccc1)[C@@H](O)C[C@@](C)(Cc1ccccc1)C(=O)N[C@@H]1c2ccccc2C[C@H]1O,8.113001954328901,7.709,1,CHEMBL320150,Human immunodeficiency virus type 1 protease
CC(C)(C)OC(=O)N[C@@H](Cc1ccccc1)[C@@H](O)C[C@@](C)(Cc1ccccc1)C(=O)N[C@H]1c2ccccc2C[C@H]1O,8.11176781821176,7.731,4,CHEMBL108960,Human immunodeficiency virus type 1 protease
CC(C)(C)OC(=O)N[C@@H](Cc1ccccc1)[C@@H](O)C[C@@]1(Cc2ccccc2)CCN([C@H]2c3ccccc3C[C@H]2O)C1=O,7.248649912344719,61.5,2,CHEMBL2062145,Human immunodeficiency virus type 1 protease
CC(C)(C)OC(=O)N[C@@H](Cc1ccccc1)[C@@H](O)C[C@H](C(=O)NC1c2ccccc2C[C@@H]1O)C(=O)c1ccccc1,8.270025714300445,5.37,1,CHEMBL422112,Human immunodeficiency virus type 1 protease
CC(C)(C)OC(=O)N[C@@H](Cc1ccccc1)[C@@H](O)C[C@]1(Cc2ccc(O)cc2)N=CC(C2c3ccccc3C[C@H]2O)=C1O,8.221848749616356,6.0,1,CHEMBL430445,Human immunodeficiency virus type 1 protease
CC(C)(C)OC(=O)N[C@@H](Cc1ccccc1)[C@@H](O)C[C@]1(Cc2ccccc2)CCCN([C@H]2c3ccccc3C[C@H]2O)C1=O,5.898249575517845,1264.02,2,CHEMBL111175,Human immunodeficiency virus type 1 protease
CC(C)(C)OC(=O)N[C@@H](Cc1ccccc1)[C@@H](O)C[C@]1(Cc2ccccc2)CCN([C@@H]2CS(=O)(=O)Cc3ccccc32)C1=O,7.769551078621726,17.0,1,CHEMBL146875,Human immunodeficiency virus type 1 protease
CC(C)(C)OC(=O)N[C@@H](Cc1ccccc1)[C@@H](O)C[C@]1(Cc2ccccc2)CCN([C@@H]2CSCc3ccccc32)C1=O,6.954677021213342,111.0,1,CHEMBL356749,Human immunodeficiency virus type 1 protease
CC(C)(C)OC(=O)N[C@@H](Cc1ccccc1)[C@@H](O)C[C@]1(Cc2ccccc2)N=CC(C2C[C@H](CC(N)=O)c3ccccc32)=C1O,7.688246138944246,20.5,1,CHEMBL201918,Human immunodeficiency virus type 1 protease
CC(C)(C)OC(=O)N[C@@H](Cc1ccccc1)[C@@H](O)C[C@]1(Cc2ccccc2)N=CC(C2c3ccccc3C[C@H]2O)=C1O,7.924453038607469,11.9,2,CHEMBL291974,Human immunodeficiency virus type 1 protease
CC(C)(C)OC(=O)N[C@@H](Cc1ccccc1)[C@@H](O)C[C@]1(Cc2ccccc2)N=CC(C2c3ccccc3[C@H]3NC(=O)OC23)=C1O,8.602059991327963,2.5,1,CHEMBL377274,Human immunodeficiency virus type 1 protease
CC(C)(C)OC(=O)N[C@@H](Cc1ccccc1)[C@@H](O)[C@H](O)[C@H](Cc1ccccc1)NC(=O)OC(C)(C)C,6.2072712145041535,827.495,4,CHEMBL9618,Human immunodeficiency virus type 1 protease
CC(C)(C)OC(=O)N[C@@H](Cc1ccccc1)[C@@]1(O)CCN([C@@H](Cc2ccccc2)C(=O)N[C@H]2c3ccccc3C[C@H]2O)C1,5.221848749616356,6000.0,1,CHEMBL419262,Human immunodeficiency virus type 1 protease
CC(C)(C)OC(=O)N[C@@H](Cc1ccccc1)[C@H](O)CN1C[C@H]2CCCC[C@H]2C[C@H]1C(=O)NC1c2ccccc2CC1O,5.522878745280337,3000.0,1,CHEMBL316216,Human immunodeficiency virus type 1 protease
CC(C)(C)OC(=O)N[C@@H](Cc1ccccc1)[C@H](O)CNC(C(=O)N[C@H]1c2ccccc2C[C@H]1O)C(O)c1ccccc1,5.068041311521069,8550.0,2,CHEMBL2115206,Human immunodeficiency virus type 1 protease
CC(C)(C)OC(=O)N[C@@H](Cc1ccccc1)[C@H](O)CNC[C@@H](O)[C@@H](Cc1ccccc1)NC(=O)OC(C)(C)C,5.0,10000.0,1,CHEMBL52153,Human immunodeficiency virus type 1 protease
CC(C)(C)OC(=O)N[C@@H](Cc1ccccc1)[C@H](O)CNC[C@@H](O)[C@@H](N)Cc1ccccc1,5.0,10000.0,1,CHEMBL140755,Human immunodeficiency virus type 1 protease
CC(C)(C)OC(=O)N[C@@H](Cc1ccccc1)[C@H](O)CNC[C@@H](O)[C@H](Cc1ccc(CCC(=O)N2CCOCC2)cc1)NC(=O)OC(C)(C)C,7.070581074285707,85.0,1,CHEMBL64701,Human immunodeficiency virus type 1 protease
CC(C)(C)OC(=O)N[C@@H](Cc1ccccc1)[C@H](O)CNC[C@@H](O)[C@H](Cc1ccc(COC(=O)N2CCOCC2)cc1)NC(=O)OC(C)(C)C,7.522878745280337,30.0,1,CHEMBL291773,Human immunodeficiency virus type 1 protease
CC(C)(C)OC(=O)N[C@@H](Cc1ccccc1)[C@H](O)CNC[C@@H](O)[C@H](Cc1ccc(O)cc1)NC(=O)OC(C)(C)C,7.0,100.0,1,CHEMBL60357,Human immunodeficiency virus type 1 protease
CC(C)(C)OC(=O)N[C@@H](Cc1ccccc1)[C@H](O)CNC[C@@H](O)[C@H](Cc1ccc(OCC(=O)N2CCCCC2)cc1)NC(=O)OC(C)(C)C,7.045757490560675,90.0,1,CHEMBL304249,Human immunodeficiency virus type 1 protease
CC(C)(C)OC(=O)N[C@@H](Cc1ccccc1)[C@H](O)CNC[C@@H](O)[C@H](Cc1ccc(OCC(=O)N2CCOCC2)cc1)NC(=O)OC(C)(C)C,7.0,100.0,1,CHEMBL59705,Human immunodeficiency virus type 1 protease
CC(C)(C)OC(=O)N[C@@H](Cc1ccccc1)[C@H](O)CNC[C@@H](O)[C@H](Cc1ccc(OCC(=O)O)cc1)NC(=O)OC(C)(C)C,6.823908740944319,150.0,1,CHEMBL293525,Human immunodeficiency virus type 1 protease
CC(C)(C)OC(=O)N[C@@H](Cc1ccccc1)[C@H](O)CNC[C@@H](O)[C@H](Cc1ccc(OCC(O)c2ccccn2)cc1)NC(=O)OC(C)(C)C,6.958607314841775,110.0,1,CHEMBL62046,Human immunodeficiency virus type 1 protease
CC(C)(C)OC(=O)N[C@@H](Cc1ccccc1)[C@H](O)CNC[C@@H](O)[C@H](Cc1ccc(OCCCN2CCOCC2)cc1)NC(=O)OC(C)(C)C,7.0655015487564325,86.0,1,CHEMBL62133,Human immunodeficiency virus type 1 protease
CC(C)(C)OC(=O)N[C@@H](Cc1ccccc1)[C@H](O)CNC[C@@H](O)[C@H](Cc1ccc(OCCCN2CCOCC2=O)cc1)NC(=O)OC(C)(C)C,7.096910013008056,80.0,1,CHEMBL293727,Human immunodeficiency virus type 1 protease
CC(C)(C)OC(=O)N[C@@H](Cc1ccccc1)[C@H](O)CNC[C@@H](O)[C@H](Cc1ccc(OCCCc2nc3ccccc3o2)cc1)NC(=O)OC(C)(C)C,6.552841968657781,280.0,1,CHEMBL301401,Human immunodeficiency virus type 1 protease
CC(C)(C)OC(=O)N[C@@H](Cc1ccccc1)[C@H](O)CNC[C@@H](O)[C@H](Cc1ccc(OCCN2CCOC2=O)cc1)NC(=O)OC(C)(C)C,7.3979400086720375,40.0,1,CHEMBL60782,Human immunodeficiency virus type 1 protease
CC(C)(C)OC(=O)N[C@@H](Cc1ccccc1)[C@H](O)CNC[C@@H](O)[C@H](Cc1ccc(OCCN2CCOCC2)cc1)NC(=O)OC(C)(C)C,7.0,100.0,1,CHEMBL61118,Human immunodeficiency virus type 1 protease
CC(C)(C)OC(=O)N[C@@H](Cc1ccccc1)[C@H](O)CNC[C@@H](O)[C@H](Cc1ccc(OCCO)cc1)NC(=O)OC(C)(C)C,7.1938200260161125,64.0,1,CHEMBL61188,Human immunodeficiency virus type 1 protease
CC(C)(C)OC(=O)N[C@@H](Cc1ccccc1)[C@H](O)CNC[C@@H](O)[C@H](Cc1ccc(OCCOc2cccnc2)cc1)NC(=O)OC(C)(C)C,7.221848749616356,60.0,1,CHEMBL61670,Human immunodeficiency virus type 1 protease
CC(C)(C)OC(=O)N[C@@H](Cc1ccccc1)[C@H](O)CNC[C@@H](O)[C@H](Cc1ccc(OCCc2ccccn2)cc1)NC(=O)OC(C)(C)C,7.301029995663981,50.0,1,CHEMBL59706,Human immunodeficiency virus type 1 protease
CC(C)(C)OC(=O)N[C@@H](Cc1ccccc1)[C@H](O)CNC[C@@H](O)[C@H](Cc1ccc(OCCn2ccnc2)cc1)NC(=O)OC(C)(C)C,7.045757490560675,90.0,1,CHEMBL304231,Human immunodeficiency virus type 1 protease
CC(C)(C)OC(=O)N[C@@H](Cc1ccccc1)[C@H](O)CNC[C@@H](O)[C@H](Cc1ccc(OCc2ccccc2)cc1)NC(=O)OC(C)(C)C,6.522878745280337,300.0,1,CHEMBL291802,Human immunodeficiency virus type 1 protease
CC(C)(C)OC(=O)N[C@@H](Cc1ccccc1)[C@H](O)CNC[C@@H](O)[C@H](Cc1ccc(OCc2nc3ccccc3o2)cc1)NC(=O)OC(C)(C)C,6.494850021680094,320.0,1,CHEMBL413271,Human immunodeficiency virus type 1 protease
CC(C)(C)OC(=O)N[C@@H](Cc1ccccc1)[C@H](O)CNC[C@@H](O)[C@H](Cc1ccc2ncccc2c1)NC(=O)OC(C)(C)C,6.886056647693163,130.0,1,CHEMBL294261,Human immunodeficiency virus type 1 protease
CC(C)(C)OC(=O)N[C@@H](Cc1ccccc1)[C@H](O)CNC[C@@H](O)[C@H](Cc1cccc(O)c1)NC(=O)OC(C)(C)C,6.698970004336019,200.0,1,CHEMBL292423,Human immunodeficiency virus type 1 protease
CC(C)(C)OC(=O)N[C@@H](Cc1ccccc1)[C@H](O)CNC[C@@H](O)[C@H](Cc1cccc(OCc2ccccc2)c1)NC(=O)OC(C)(C)C,6.853871964321762,140.0,1,CHEMBL63319,Human immunodeficiency virus type 1 protease
CC(C)(C)OC(=O)N[C@@H](Cc1ccccc1)[C@H](O)CNC[C@@H](O)[C@H](Cc1ccccc1)NC(=O)C(C)(C)O,6.346787486224656,450.0,1,CHEMBL46020,Human immunodeficiency virus type 1 protease
CC(C)(C)OC(=O)N[C@@H](Cc1ccccc1)[C@H](O)CNC[C@@H](O)[C@H](Cc1ccccc1)NC(=O)C(C)(O)C(C)(C)CO,6.903437700822769,125.0,2,CHEMBL45699,Human immunodeficiency virus type 1 protease
CC(C)(C)OC(=O)N[C@@H](Cc1ccccc1)[C@H](O)CNC[C@@H](O)[C@H](Cc1ccccc1)NC(=O)C(O)(CO)C(C)(C)C,6.110924374808178,5030.0,2,CHEMBL49305,Human immunodeficiency virus type 1 protease
CC(C)(C)OC(=O)N[C@@H](Cc1ccccc1)[C@H](O)CNC[C@@H](O)[C@H](Cc1ccccc1)NC(=O)C(O)C(F)(F)F,6.527758663924915,1120.0,2,CHEMBL45838,Human immunodeficiency virus type 1 protease
CC(C)(C)OC(=O)N[C@@H](Cc1ccccc1)[C@H](O)CNC[C@@H](O)[C@H](Cc1ccccc1)NC(=O)C1(O)CCCC1(C)C,7.212984366136141,132.5,2,CHEMBL50382,Human immunodeficiency virus type 1 protease
CC(C)(C)OC(=O)N[C@@H](Cc1ccccc1)[C@H](O)CNC[C@@H](O)[C@H](Cc1ccccc1)NC(=O)C1(O)COCC1(C)C,6.056754637413759,1860.0,2,CHEMBL46067,Human immunodeficiency virus type 1 protease
CC(C)(C)OC(=O)N[C@@H](Cc1ccccc1)[C@H](O)CNC[C@@H](O)[C@H](Cc1ccccc1)NC(=O)OC(C)(C)C,6.903089986991944,125.0,4,CHEMBL47476,Human immunodeficiency virus type 1 protease
CC(C)(C)OC(=O)N[C@@H](Cc1ccccc1)[C@H](O)CNC[C@@H](O)[C@H](Cc1ccccc1)NC(=O)OC(C)(C)CCCO,5.958607314841775,1100.0,1,CHEMBL348226,Human immunodeficiency virus type 1 protease
CC(C)(C)OC(=O)N[C@@H](Cc1ccccc1)[C@H](O)CNC[C@@H](O)[C@H](Cc1ccccc1)NC(=O)OC(C)(C)CCO,6.698970004336019,200.0,1,CHEMBL356345,Human immunodeficiency virus type 1 protease
CC(C)(C)OC(=O)N[C@@H](Cc1ccccc1)[C@H](O)CNC[C@@H](O)[C@H](Cc1ccccc1)NC(=O)OC(C)(C)CN,5.0,10000.0,1,CHEMBL141252,Human immunodeficiency virus type 1 protease
CC(C)(C)OC(=O)N[C@@H](Cc1ccccc1)[C@H](O)CNC[C@@H](O)[C@H](Cc1ccccc1)NC(=O)OC(C)(C)CNC=O,5.823908740944319,1500.0,1,CHEMBL346860,Human immunodeficiency virus type 1 protease
CC(C)(C)OC(=O)N[C@@H](Cc1ccccc1)[C@H](O)CNC[C@@H](O)[C@H](Cc1ccccc1)NC(=O)OC(C)(C)CO,7.455931955649724,35.0,1,CHEMBL143470,Human immunodeficiency virus type 1 protease
CC(C)(C)OC(=O)N[C@@H](Cc1ccccc1)[C@H](O)CNC[C@@H](O)[C@H](Cc1ccccc1)NC(=O)OC(C)(CO)CO,6.698970004336019,200.0,1,CHEMBL142990,Human immunodeficiency virus type 1 protease
CC(C)(C)OC(=O)N[C@@H](Cc1ccccc1)[C@H](O)CNC[C@@H](O)[C@H](Cc1ccccc1)NC(=O)OC1(CO)CCC1,7.0,100.0,1,CHEMBL435594,Human immunodeficiency virus type 1 protease
CC(C)(C)OC(=O)N[C@@H](Cc1ccccc1)[C@H](O)CNC[C@@H](O)[C@H](Cc1ccccc1)NC(=O)OCCO,6.638272163982407,230.0,1,CHEMBL143415,Human immunodeficiency virus type 1 protease
CC(C)(C)OC(=O)N[C@@H](Cc1ccccc1)[C@H](O)CNC[C@@H](O)[C@H](Cc1ccccc1)NC(=O)SC(C)(C)C,6.154901959985743,700.0,1,CHEMBL51366,Human immunodeficiency virus type 1 protease
CC(C)(C)OC(=O)N[C@@H](Cc1ccccc1)[C@H](O)CNC[C@@H](O)[C@H](Cc1ccccc1)NC(=O)[C@@H](O)C(C)(C)C,5.920818753952375,1200.0,1,CHEMBL297829,Human immunodeficiency virus type 1 protease
CC(C)(C)OC(=O)N[C@@H](Cc1ccccc1)[C@H](O)CNC[C@@H](O)[C@H](Cc1ccccc1)NC(=O)[C@@H](O)c1ccccc1,5.0,10000.0,1,CHEMBL301382,Human immunodeficiency virus type 1 protease
CC(C)(C)OC(=O)N[C@@H](Cc1ccccc1)[C@H](O)CNC[C@@H](O)[C@H](Cc1ccccc1)NC(=O)[C@@](C)(O)C(C)(C)C,7.3979400086720375,40.0,1,CHEMBL288759,Human immunodeficiency virus type 1 protease
CC(C)(C)OC(=O)N[C@@H](Cc1ccccc1)[C@H](O)CNC[C@@H](O)[C@H](Cc1ccccc1)NC(=O)[C@@](C)(O)c1ccccc1,6.585026652029182,260.0,1,CHEMBL445886,Human immunodeficiency virus type 1 protease
CC(C)(C)OC(=O)N[C@@H](Cc1ccccc1)[C@H](O)CNC[C@@H](O)[C@H](Cc1ccccc1)NC(=O)[C@H](O)C(C)(C)C,7.301029995663981,50.0,1,CHEMBL48917,Human immunodeficiency virus type 1 protease
CC(C)(C)OC(=O)N[C@@H](Cc1ccccc1)[C@H](O)CNC[C@@H](O)[C@H](Cc1ccccc1)NC(=O)[C@H](O)c1ccccc1,6.494850021680094,320.0,1,CHEMBL49773,Human immunodeficiency virus type 1 protease
CC(C)(C)OC(=O)N[C@@H](Cc1ccccc1)[C@H](O)CNC[C@@H](O)[C@H](Cc1ccccc1)NC(=O)[C@](C)(O)C(C)(C)C,6.045757490560675,900.0,1,CHEMBL48921,Human immunodeficiency virus type 1 protease
CC(C)(C)OC(=O)N[C@@H](Cc1ccccc1)[C@H](O)CNC[C@@H](O)[C@H](Cc1ccccc1)NC(=O)[C@](C)(O)c1ccccc1,5.187086643357144,6500.0,1,CHEMBL48993,Human immunodeficiency virus type 1 protease
CC(C)(C)OC(=O)N[C@@H](Cc1ccccc1)[C@H](O)CNC[C@@H](O)[C@H](Cc1ccccc1O)NC(=O)OC(C)(C)C,6.522878745280337,300.0,1,CHEMBL59816,Human immunodeficiency virus type 1 protease
CC(C)(C)OC(=O)N[C@@H](Cc1ccccc1)[C@H](O)CNC[C@@H](O)[C@H](Cc1ccncc1)NC(=O)OC(C)(C)C,6.3979400086720375,400.0,1,CHEMBL299054,Human immunodeficiency virus type 1 protease
CC(C)(C)OC(=O)N[C@@H](Cc1ccccc1)[C@H](O)CNC[C@H](O)[C@@H](Cc1ccccc1)NC(=O)OC(C)(C)C,5.0,10000.0,1,CHEMBL51820,Human immunodeficiency virus type 1 protease
CC(C)(C)OC(=O)N[C@@H](Cc1ccccc1)[C@H](O)CNC[C@H](O)[C@H](Cc1ccccc1)NC(=O)OC(C)(C)C,5.346787486224656,4500.0,1,CHEMBL295314,Human immunodeficiency virus type 1 protease
CC(C)(C)OC(=O)N[C@@H](Cc1ccccc1)[C@H](O)CN[C@@H](Cc1ccccc1)C(=O)N[C@H]1c2ccccc2C[C@H]1O,6.621026929549432,239.54500000000002,4,CHEMBL69604,Human immunodeficiency virus type 1 protease
CC(C)(C)OC(=O)N[C@@H](Cc1ccccc1)[C@H](O)CN[C@H](Cc1ccccc1)C(=O)N[C@H]1c2ccccc2C[C@H]1O,5.136677139879544,7300.0,1,CHEMBL2114200,Human immunodeficiency virus type 1 protease
CC(C)(C)OC(=O)N[C@@H](Cc1ccccc1)[C@H](O)COC[C@@H](O)[C@H](Cc1ccccc1)NC(=O)OC(C)(C)C,5.0,10000.0,1,CHEMBL48484,Human immunodeficiency virus type 1 protease
CC(C)(C)OC(=O)N[C@@H](Cc1ccccc1)[C@H](O)[C@@H](O)[C@H](Cc1ccccc1)NC(=O)OC(C)(C)C,6.975390988664909,160.0,2,CHEMBL9726,Human immunodeficiency virus type 1 protease
CC(C)(C)OC(=O)N[C@@H](Cc1ccccc1)[C@H](O)[C@H](O)[C@H](Cc1ccccc1)NC(=O)OC(C)(C)C,7.920818753952375,12.0,3,CHEMBL275554,Human immunodeficiency virus type 1 protease
CC(C)(C)OC(=O)N[C@@H](Cc1ccccc1)[C@]1(O)CCCN([C@@H](Cc2ccccc2)C(=O)N[C@H]2c3ccccc3C[C@H]2O)C1,4.0,100000.0,1,CHEMBL304594,Human immunodeficiency virus type 1 protease
CC(C)(C)OC(=O)N[C@@H](Cc1ccccc1)[C@]1(O)CCN([C@@H](Cc2ccccc2)C(=O)N[C@H]2c3ccccc3C[C@H]2O)C1,6.221848749616356,600.0,1,CHEMBL68528,Human immunodeficiency virus type 1 protease
CC(C)(C)OC(=O)N[C@H](CCNC[C@@H](O)[C@H](Cc1ccccc1)NC(=O)OC(C)(C)C)Cc1ccccc1.O,5.5376020021010435,2900.0,1,CHEMBL2113708,Human immunodeficiency virus type 1 protease
CC(C)(C)OC(=O)N[C@H](CC[C@H](O)[C@H](Cc1ccccc1)NC(=O)OC(C)(C)C)Cc1ccccc1,6.42021640338319,380.0,1,CHEMBL303444,Human immunodeficiency virus type 1 protease
CC(C)(C)OC(=O)N[C@H]1CCCC[C@@H]1NC(=O)[C@H](Cc1ccccc1)CC(O)C[C@@H](Cc1ccccc1)C(=O)N[C@H]1CCCC[C@@H]1NC(=O)OC(C)(C)C,5.0,10000.0,1,CHEMBL157450,Human immunodeficiency virus type 1 protease
CC(C)(C)OC(=O)[C@@H]1CCCN1CC(O)[C@H](Cc1ccccc1)NC(=O)[C@H](CC(N)=O)NC(=O)OCc1ccccc1,6.853996066189131,139.96,1,CHEMBL337040,Human immunodeficiency virus type 1 protease
CC(C)(C)OC(=O)[C@@H]1CCCN1C[C@@H](O)[C@H](Cc1ccccc1)NC(=O)OCc1ccccc1,5.187086643357144,6500.0,1,CHEMBL3349992,Human immunodeficiency virus type 1 protease
CC(C)(C)OC(=O)[C@@H]1CCCN1C[C@@H](O)[C@H](Cc1ccccc1)NC(=O)[C@H](CC(N)=O)NC(=O)OCc1ccccc1,6.522994572586506,299.92,5,CHEMBL113062,Human immunodeficiency virus type 1 protease
CC(C)(C)OC(=O)[C@@H]1CCCN1C[C@@H](O)[C@H](Cc1ccccc1)NC(=O)[C@H](CC(N)=O)NC(=O)c1ccc2ccccc2n1,7.638272163982407,23.0,1,CHEMBL139237,Human immunodeficiency virus type 1 protease
CC(C)(C)OC(=O)[C@@H]1CCCN1C[C@H](O)[C@H](Cc1ccccc1)NC(=O)OCc1ccccc1,5.186999793145495,6501.3,1,CHEMBL435001,Human immunodeficiency virus type 1 protease
CC(C)(C)OC(=O)[C@@H]1CCCN1C[C@H](O)[C@H](Cc1ccccc1)NC(=O)[C@H](CC(N)=O)NC(=O)OCc1ccccc1,6.799299729609228,160.0,10,CHEMBL115292,Human immunodeficiency virus type 1 protease
CC(C)(C)OC(=O)[C@@H]1CCCN1C[C@H](O)[C@H](Cc1ccccc1)NC(=O)[C@H](CC(N)=O)NC(=O)c1ccc2ccccc2n1,7.638083381331357,23.01,1,CHEMBL3350216,Human immunodeficiency virus type 1 protease
CC(C)(C)[C@@H](CC(=O)NC1CCCCC1)C(=O)NC[C@@H](O)[C@H](Cc1ccccc1)NC(=O)OCc1ccccc1,6.8696662315049934,135.0,1,CHEMBL422408,Human immunodeficiency virus type 1 protease
CC(C)(C)[C@@H](CC(=O)Nc1ccccc1)C(=O)NC[C@@H](O)[C@H](Cc1ccccc1)NC(=O)OCc1ccccc1,7.853871964321762,14.0,1,CHEMBL307001,Human immunodeficiency virus type 1 protease
CC(C)(C)[C@H](NC(=O)OCc1ccccc1)C(=O)NC(Cc1ccccc1)C(=O)C(F)(F)C(=O)NCc1ccccc1,7.568636235841013,27.0,1,CHEMBL224483,Human immunodeficiency virus type 1 protease
CC(C)(C)c1c(SC2=C(O)OC(CCc3ccccc3)(c3ccccc3)CC2=O)oc2ccccc12,7.318194010053928,110.5,2,CHEMBL293860,Human immunodeficiency virus type 1 protease
CC(C)(C)c1c(SC2=C(O)OC(CCc3ccccc3)(c3ccccc3)CC2=O)sc2ccccc12,7.9622265193037345,12.0,2,CHEMBL59522,Human immunodeficiency virus type 1 protease
CC(C)(C)c1cc2c(cc1SC1=C(O)OC(CCc3ccccc3)(c3ccccc3)CC1=O)CCC2,7.465907069126919,69.5,2,CHEMBL292264,Human immunodeficiency virus type 1 protease
CC(C)(C)c1cc2c(cc1SC1=C(O)OC(CCc3ccccc3)(c3ccccc3)CC1=O)CCCC2,7.552841968657781,28.0,1,CHEMBL418680,Human immunodeficiency virus type 1 protease
CC(C)(C)c1ccccc1SC1=C(O)OC(CCc2ccccc2)(c2ccccc2)CC1=O,7.752922702990778,53.5,2,CHEMBL124555,Human immunodeficiency virus type 1 protease
CC(C)(C)c1ccccc1SC1=C(O)OC(c2ccccc2)(c2ccccc2)CC1=O,7.309803919971486,49.0,1,CHEMBL341294,Human immunodeficiency virus type 1 protease
CC(C)(C)c1ccccc1Sc1c(O)cc(-c2ccccc2)oc1=O,7.769551078621726,17.0,2,CHEMBL263995,Human immunodeficiency virus type 1 protease
CC(C)(C)c1oc2ccccc2c1SC1=C(O)OC(CCc2ccccc2)(c2ccccc2)CC1=O,7.2102225197995,114.5,2,CHEMBL292791,Human immunodeficiency virus type 1 protease
CC(C)(C)n1c(SC2=C(O)OC(CCc3ccccc3)(c3ccccc3)CC2=O)nc2ccccc21,6.296708621881338,505.0,1,CHEMBL291354,Human immunodeficiency virus type 1 protease
CC(C)(CO)OC(=O)N[C@@H](Cc1ccccc1)[C@H](O)CNC[C@@H](O)[C@H](Cc1ccccc1)NC(=O)OC(C)(C)CO,7.795880017344075,16.0,1,CHEMBL357009,Human immunodeficiency virus type 1 protease
CC(C)(O)COc1ccc(C[C@H](NC(=O)OC(C)(C)C)[C@H](O)CNC[C@@H](O)[C@H](Cc2ccccc2)NC(=O)OC(C)(C)C)cc1,6.920818753952375,120.0,1,CHEMBL291506,Human immunodeficiency virus type 1 protease
CC(C)(c1cc2cnccc2o1)N1CCN(C[C@@H](O)C[C@@H](Cc2ccccc2)C(=O)N[C@H]2c3ccccc3OC[C@H]2O)[C@H](C(=O)NC2CC2)C1,9.221848749616356,0.6,1,CHEMBL81811,Human immunodeficiency virus type 1 protease
CC(C)(c1cc2cnccc2o1)N1CCN(C[C@@H](O)C[C@@H](Cc2ccccc2)C(=O)N[C@H]2c3ccccc3OC[C@H]2O)[C@H](C(=O)NC2CCCC2)C1,9.431798275933005,0.37,1,CHEMBL82245,Human immunodeficiency virus type 1 protease
CC(C)(c1cc2cnccc2o1)N1CCN(C[C@@H](O)C[C@@H](Cc2ccccc2)C(=O)N[C@H]2c3ccccc3OC[C@H]2O)[C@H](C(=O)NCC(F)(F)C(F)(F)F)C1,9.853871964321762,0.14,1,CHEMBL311953,Human immunodeficiency virus type 1 protease
CC(C)(c1cc2cnccc2o1)N1CCN(C[C@@H](O)C[C@@H](Cc2ccccc2)C(=O)N[C@H]2c3ccccc3OC[C@H]2O)[C@H](C(=O)NCC(F)(F)F)C1,8.795880017344075,1.6,5,CHEMBL79236,Human immunodeficiency virus type 1 protease
CC(C)(c1cc2cnccc2o1)N1CCN(C[C@@H](O)C[C@@H](Cc2ccccc2)C(=O)N[C@H]2c3ccccc3OC[C@H]2O)[C@H](C(=O)NCC2CC2)C1,9.301029995663981,0.5,1,CHEMBL432550,Human immunodeficiency virus type 1 protease
CC(C)(c1cc2cnccc2o1)N1CCN(C[C@@H](O)C[C@@H](Cc2ccccc2)C(=O)N[C@H]2c3ccccc3OC[C@H]2O)[C@H](C(=O)NCCC(F)(F)F)C1,8.795880017344075,1.6,1,CHEMBL81974,Human immunodeficiency virus type 1 protease
CC(C)(c1cc2cnccc2o1)N1CCN(C[C@@H](O)C[C@@H](Cc2ccccc2)C(=O)N[C@H]2c3ccccc3OC[C@H]2O)[C@H](C(=O)NCc2ccccc2)C1,8.659555885159882,2.19,1,CHEMBL421330,Human immunodeficiency virus type 1 protease
CC(C)(c1cc2cnccc2o1)N1CCN(C[C@@H](O)C[C@@H](Cc2ccccc2)C(=O)N[C@H]2c3ccccc3OC[C@H]2O)[C@H](C(=O)NCc2cccs2)C1,9.187086643357144,0.65,1,CHEMBL78514,Human immunodeficiency virus type 1 protease
CC(C)(c1cc2cnccc2o1)N1CCN(C[C@@H](O)C[C@@H](Cc2ccccc2)C(=O)N[C@H]2c3ccccc3OC[C@H]2O)[C@H](C(=O)Nc2ccccc2)C1,7.860120913598763,13.8,1,CHEMBL82490,Human immunodeficiency virus type 1 protease
CC(C)(c1ccc(-c2ccncc2)o1)N1CCN(C[C@@H](O)C[C@@H](Cc2ccccc2)C(=O)N[C@H]2c3ccccc3OC[C@H]2O)[C@H](C(=O)NCC(F)(F)F)C1,9.761439372640169,0.2,4,CHEMBL3706620,Human immunodeficiency virus type 1 protease
CC(C)(c1ncc(-c2ccc(Cl)cc2)o1)N1CCN(C[C@@H](O)C[C@@H](Cc2cc3c(Cl)cncc3s2)C(=O)N[C@H]2c3ccccc3OC[C@H]2O)[C@H](C(=O)NCC(F)(F)F)C1,10.698970004336019,0.02,1,CHEMBL408036,Human immunodeficiency virus type 1 protease
CC(C)(c1ncc(-c2ccc(Cl)cc2)o1)N1CCN(C[C@@H](O)C[C@@H](Cc2cc3ccncc3o2)C(=O)N[C@H]2c3ccccc3OC[C@H]2O)[C@H](C(=O)NCC(F)(F)F)C1,10.698970004336019,0.02,1,CHEMBL381630,Human immunodeficiency virus type 1 protease
CC(C)(c1ncc(-c2ccc(Cl)cc2)o1)N1CCN(C[C@@H](O)C[C@@H](Cc2cc3ccncc3s2)C(=O)N[C@H]2c3ccccc3OC[C@H]2O)[C@H](C(=O)NCC(F)(F)F)C1,10.698970004336019,0.02,1,CHEMBL380591,Human immunodeficiency virus type 1 protease
CC(C)(c1ncc(-c2ccc(Cl)cc2)o1)N1CCN(C[C@@H](O)C[C@@H](Cc2cc3cnccc3s2)C(=O)N[C@H]2c3ccccc3OC[C@H]2O)[C@H](C(=O)NCC(F)(F)F)C1,10.698970004336019,0.02,1,CHEMBL373039,Human immunodeficiency virus type 1 protease
CC(C)(c1ncc(-c2ccc(Cl)cc2)o1)N1CCN(C[C@@H](O)C[C@@H](Cc2nnc(-c3ccccc3)o2)C(=O)N[C@H]2CCOC[C@H]2O)[C@H](C(=O)NCC(F)(F)F)C1,10.372363747448347,0.095,2,CHEMBL364855,Human immunodeficiency virus type 1 protease
CC(C)(c1ncc(-c2ccc(Cl)cc2)o1)N1CCN(C[C@@H](O)C[C@@H](Cc2nnco2)C(=O)N[C@H]2CCOC[C@H]2O)[C@H](C(=O)NCC(F)(F)F)C1,10.698970004336019,0.025,2,CHEMBL184010,Human immunodeficiency virus type 1 protease
CC(C)(c1ncc(-c2ccc(Cl)cc2)s1)N1CCN(C[C@@H](O)C[C@@H](Cc2cc3cnccc3s2)C(=O)N[C@H]2c3ccccc3OC[C@H]2O)[C@H](C(=O)NCC(F)(F)F)C1,10.397940008672037,0.04,1,CHEMBL382951,Human immunodeficiency virus type 1 protease
CC(C)(c1ncc(-c2ccc(F)cc2)o1)N1CCN(C[C@@H](O)C[C@@H](Cc2nnc(-c3ccccc3)o2)C(=O)N[C@H]2CCOC[C@H]2O)[C@H](C(=O)NCC(F)(F)F)C1,10.698970004336019,0.02,1,CHEMBL435095,Human immunodeficiency virus type 1 protease
CC(C)(c1ncc(-c2ccc(F)cc2)o1)N1CCN(C[C@@H](O)C[C@@H](Cc2nnco2)C(=O)N[C@H]2CCOC[C@H]2O)[C@H](C(=O)NCC(F)(F)F)C1,10.460409376976187,0.04,2,CHEMBL364407,Human immunodeficiency virus type 1 protease
CC(C)(c1ncc(-c2ccccn2)o1)N1CCN(C[C@@H](O)C[C@@H](Cc2ccccc2)C(=O)N[C@H]2c3ccccc3OC[C@H]2O)[C@H](C(=O)NCC(F)(F)F)C1,10.397940008672037,0.04,1,CHEMBL3706621,Human immunodeficiency virus type 1 protease
CC(C)(c1ncc(-c2cccnc2)o1)N1CCN(C[C@@H](O)C[C@@H](Cc2ccccc2)C(=O)N[C@H]2c3ccccc3OC[C@H]2O)[C@H](C(=O)NCC(F)(F)F)C1,10.397940008672037,0.04,1,CHEMBL3706613,Human immunodeficiency virus type 1 protease
CC(C)(c1ncc(-c2cnccc2Cl)o1)N1CCN(C[C@@H](O)C[C@@H](Cc2ccccc2)C(=O)N[C@H]2c3ccccc3OC[C@H]2O)[C@H](C(=O)NCC(F)(F)F)C1,10.698970004336019,0.02,1,CHEMBL3706622,Human immunodeficiency virus type 1 protease
CC(C)=CCCC(C)C1=C(O)C(C)(C(=O)NC(C)(C)C)OC1=O,3.8210230527068307,151000.0,1,CHEMBL421037,Human immunodeficiency virus type 1 protease
CC(C)=CCCC(C)C1=C(O)C(CCc2ccccc2)(C(=O)NC(C)(C)C)OC1=O,5.886056647693163,1300.0,4,CHEMBL104471,Human immunodeficiency virus type 1 protease
CC(C)=CCN1Cc2cc(Cl)cc3[nH]c(=S)n(c23)C[C@@H]1C,5.135488918941608,7320.0,3,CHEMBL293498,Human immunodeficiency virus type 1 protease
CC(C)C(C=O)NC(=O)C(F)(F)C(=O)C(Cc1ccc(OCc2ccccc2)cc1)NC(=O)[C@@H](NC(=O)OCc1ccccc1)C(C)C,8.397940008672037,4.0,1,CHEMBL20642,Human immunodeficiency virus type 1 protease
CC(C)C(NC(=O)C[C@@H](C(=O)NC[C@@H](O)[C@H](Cc1ccccc1)NC(=O)OCc1ccccc1)C(C)(C)C)C(C)C,7.236572006437063,58.0,1,CHEMBL71741,Human immunodeficiency virus type 1 protease
CC(C)C(NC(=O)C[C@@H]1O[C@@H]1[C@H](Cc1ccccc1)NC(=O)[C@H](CC(N)=O)NC(=O)c1ccc2ccccc2n1)C(C)C,7.698970004336019,20.0,1,CHEMBL312911,Human immunodeficiency virus type 1 protease
CC(C)C(NC(=O)OCc1ccccc1)C(=O)NC(Cc1ccccc1)C(=O)C(F)(F)C(=O)CCc1ccccc1,7.0,100.0,1,CHEMBL415082,Human immunodeficiency virus type 1 protease
CC(C)C(NC(=O)OCc1ccccc1)C(=O)NC(Cc1ccccc1)C(O)C(F)(F)C(=O)NCc1ccccc1,2.3010299956639813,5000000.0,1,CHEMBL315011,Human immunodeficiency virus type 1 protease
CC(C)C(NC(=O)OCc1ccccc1)C(=O)NN(CC1CCCCC1)C[C@H](O)[C@H](Cc1ccccc1)NC(=O)[C@H](CC(N)=O)NC(=O)c1ccc2ccccc2n1,7.3872161432802645,41.0,1,CHEMBL111259,Human immunodeficiency virus type 1 protease
CC(C)C(NC(=O)OCc1ccccc1)C(=O)N[C@@H](Cc1ccccc1)CC(C[C@H](Cc1ccccc1)NC(=O)C(NC(=O)OCc1ccccc1)C(C)C)[N+](=O)[O-],5.823908740944319,1500.0,1,CHEMBL69781,Human immunodeficiency virus type 1 protease
CC(C)C(NC(=O)OCc1ccccc1)C(=O)N[C@H](CC[C@@H](O)[C@H](Cc1ccccc1)NC(=O)C(NC(=O)OCc1ccccc1)C(C)C)Cc1ccccc1,6.698970004336019,200.0,1,CHEMBL71514,Human immunodeficiency virus type 1 protease
CC(C)C(NC(=O)OCc1ccccc1)C(=O)N[C@H](CC[C@H](O)[C@H](Cc1ccccc1)NC(=O)C(NC(=O)OCc1ccccc1)C(C)C)Cc1ccccc1,9.0,1.0,1,CHEMBL304545,Human immunodeficiency virus type 1 protease
CC(C)CC(NC(=O)OCc1ccccc1)C(=O)NC(Cc1ccccc1)C(=O)C(F)(F)C(=O)NCc1ccccc1,3.1249387366083,750000.0,1,CHEMBL313819,Human immunodeficiency virus type 1 protease
CC(C)CC(NC(=O)[C@H](Cc1ccccc1)C[C@H](O)[C@H](Cc1ccccc1)NC(=O)OC(C)(C)C)C(=O)NCCc1ccccc1,7.920818753952375,12.0,1,CHEMBL249788,Human immunodeficiency virus type 1 protease
CC(C)CC(NC(=O)[C@H](Cc1ccccc1)C[C@H](O)[C@H](Cc1ccccc1)NC(=O)OC(C)(C)C)C(=O)NCc1ccccc1,8.853871964321762,1.4,1,CHEMBL282041,Human immunodeficiency virus type 1 protease
CC(C)CC(NC(=O)[C@H](Cc1ccccc1)C[C@H](O)[C@H](Cc1ccccc1)NC(=O)OC(C)(C)C)C(N)=O,7.920818753952375,12.0,1,CHEMBL423106,Human immunodeficiency virus type 1 protease
CC(C)CC(SC1CCCC1)c1c(O)cc(-c2ccccc2)oc1=O,7.236572006437063,58.0,1,CHEMBL170320,Human immunodeficiency virus type 1 protease
CC(C)CC(SC1CCCCC1)c1c(O)cc(-c2ccccc2)oc1=O,6.494850021680094,320.0,1,CHEMBL353836,Human immunodeficiency virus type 1 protease
CC(C)CC(SCC1CCCCC1)c1c(O)cc(-c2ccccc2)oc1=O,6.071604147743286,848.0,1,CHEMBL173704,Human immunodeficiency virus type 1 protease
CC(C)CC(SCc1ccccc1)c1c(O)cc(-c2ccccc2)oc1=O,6.585026652029182,260.0,1,CHEMBL171551,Human immunodeficiency virus type 1 protease
CC(C)CC(Sc1ccccc1)c1c(O)cc(-c2ccccc2)oc1=O,6.3872161432802645,410.0,1,CHEMBL170421,Human immunodeficiency virus type 1 protease
CC(C)CC1(c2ccccc2)CC(=O)C(SCCc2ccccc2)=C(O)O1,5.920818753952375,1200.0,1,CHEMBL121976,Human immunodeficiency virus type 1 protease
CC(C)CC1(c2ccccc2)CC(=O)C(SCc2ccccc2)=C(O)O1,6.356547323513812,440.0,1,CHEMBL122292,Human immunodeficiency virus type 1 protease
CC(C)CCC(Sc1ccccc1)c1c(O)cc(-c2ccccc2)oc1=O,6.4089353929735005,390.0,1,CHEMBL170981,Human immunodeficiency virus type 1 protease
CC(C)CCC1(c2ccccc2)CC(=O)C(SCCc2ccccc2)=C(O)O1,7.017728766960431,96.0,1,CHEMBL123513,Human immunodeficiency virus type 1 protease
CC(C)CCC1(c2ccccc2)CC(=O)C(SCc2ccccc2)=C(O)O1,7.008773924307505,98.0,1,CHEMBL124841,Human immunodeficiency virus type 1 protease
CC(C)CCC1(c2ccccc2)CC(=O)C(Sc2ccccc2)=C(O)O1,5.853871964321762,1400.0,1,CHEMBL435401,Human immunodeficiency virus type 1 protease
CC(C)CCCC(C)C1CCC2C3CC=C4CC(OC(=O)Nc5cc(S(=O)(=O)O)cc6cc(S(=O)(=O)O)cc(O)c56)CC[C@]4(C)C3CC[C@]12C,6.162110829162957,3980.0,2,CHEMBL312014,Human immunodeficiency virus type 1 protease
CC(C)CCCC(C)[C@H]1CC[C@H]2[C@@H]3CCC4CC(=C(c5cc(Cl)c(O)c(C(=O)O)c5)c5cc(Cl)c(O)c(C(=O)O)c5)CC[C@]4(C)[C@H]3CC[C@]12C,6.455931955649724,350.0,1,CHEMBL3138267,Human immunodeficiency virus type 1 protease
CC(C)CCCC(C)[C@H]1CC[C@H]2[C@@H]3CCC4C[C@@H](CCC=C(c5cc(Cl)c(O)c(C(=O)O)c5)c5cc(Cl)c(O)c(C(=O)O)c5)CC[C@]4(C)[C@H]3CC[C@]12C,5.823908740944319,1500.0,1,CHEMBL3138187,Human immunodeficiency virus type 1 protease
CC(C)CCCC1(c2ccccc2)CC(=O)C(SCCc2ccccc2)=C(O)O1,6.809668301829708,155.0,1,CHEMBL419595,Human immunodeficiency virus type 1 protease
CC(C)CCCC1(c2ccccc2)CC(=O)C(SCc2ccccc2)=C(O)O1,6.73754891026957,183.0,1,CHEMBL123324,Human immunodeficiency virus type 1 protease
CC(C)CCC[C@@H](C)[C@H]1CCC2C3CC=C4C[C@H](SC[C@@H]5CCN6CC[C@@H](CSCC(=O)NCC(=O)N[C@@H](C)C(=O)N[C@H](C(=O)N[C@@H](CC(C)C)C(=O)N[C@@H](CC(N)=O)C(=O)N[C@@H](Cc7ccccc7)C(=O)OCc7ccccc7)[C@@H](C)OCc7ccccc7)NC6=N5)CC[C@]4(C)C3CC[C@@]21C,5.522878745280337,3000.0,1,CHEMBL1161303,Human immunodeficiency virus type 1 protease
CC(C)CCN(CC(O)[C@H](Cc1ccccc1)NC(=O)[C@H](CC(N)=O)NC(=O)OCc1ccccc1)C(=O)NC(C)(C)C,7.886056647693163,13.0,1,CHEMBL307123,Human immunodeficiency virus type 1 protease
CC(C)CCN(CC(O)[C@H](Cc1ccccc1)NC(=O)[C@H](CC(N)=O)NC(=O)c1ccc2ccccc2n1)C(=O)NC(C)(C)C,8.523023534240473,2.999,1,CHEMBL69392,Human immunodeficiency virus type 1 protease
CC(C)CCN(C[C@@H](O)[C@@H]1Cc2ccc(cc2)OCCCCCC(=O)N[C@@H](C(C)C)C(=O)N1)S(=O)(=O)c1ccc(N)cc1,6.706144517490545,260.0,4,CHEMBL442738,Human immunodeficiency virus type 1 protease
CC(C)CCN(C[C@@H](O)[C@H](Cc1ccccc1)NC(=O)OCc1ccccc1)S(=O)(=O)Cc1ccccc1,5.0,10000.0,1,CHEMBL155260,Human immunodeficiency virus type 1 protease
CC(C)CCN(C[C@@H](O)[C@H](Cc1ccccc1)NC(=O)OCc1ccccc1)S(=O)(=O)c1ccc(Cl)cc1,8.0,10.0,1,CHEMBL347671,Human immunodeficiency virus type 1 protease
CC(C)CCN(C[C@@H](O)[C@H](Cc1ccccc1)NC(=O)OCc1ccccc1)S(=O)(=O)c1cccc(Cl)c1,7.036212172654444,92.0,1,CHEMBL156424,Human immunodeficiency virus type 1 protease
CC(C)CCN(C[C@@H](O)[C@H](Cc1ccccc1)NC(=O)OCc1ccccc1)S(=O)(=O)c1ccccc1,7.795880017344075,16.0,1,CHEMBL347431,Human immunodeficiency virus type 1 protease
CC(C)CCN(C[C@@H](O)[C@H](Cc1ccccc1)NC(=O)OCc1ccccc1)S(=O)(=O)c1ccccc1Cl,6.42021640338319,380.0,1,CHEMBL154600,Human immunodeficiency virus type 1 protease
CC(C)CCN(C[C@@H](O)[C@H](Cc1ccccc1)NC(=O)OCc1ccccc1)S(C)(=O)=O,5.494850021680094,3200.0,1,CHEMBL154798,Human immunodeficiency virus type 1 protease
CC(C)CCN(C[C@@H](O)[C@H](Cc1ccccc1)NC(=O)[C@H](CC(N)=O)NC(=O)OCc1ccccc1)C(=O)NC(C)(C)C,7.886056647693163,13.0,1,CHEMBL100039,Human immunodeficiency virus type 1 protease
CC(C)CCN(C[C@@H](O)[C@H](Cc1ccccc1)NC(=O)[C@H](CC(N)=O)NC(=O)OCc1ccccc1)S(C)(=O)=O,7.0,100.0,1,CHEMBL154252,Human immunodeficiency virus type 1 protease
CC(C)CCN(C[C@@H](O)[C@H](Cc1ccccc1)NC(=O)[C@H](CC(N)=O)NC(=O)OCc1ccccn1)S(=O)(=O)c1ccccc1,8.657577319177793,2.2,1,CHEMBL351994,Human immunodeficiency virus type 1 protease
CC(C)CCN(C[C@@H](O)[C@H](Cc1ccccc1)NC(=O)[C@H](CC(N)=O)NC(=O)c1ccc2ccccc2n1)C(=O)NC(C)(C)C,8.522878745280337,3.0,1,CHEMBL99616,Human immunodeficiency virus type 1 protease
CC(C)CCN(C[C@@H](O)[C@H](Cc1ccccc1)NC(=O)[C@H](CC(N)=O)NC(=O)c1ccc2ccccc2n1)S(=O)(=O)c1ccccc1,8.823908740944319,1.5,1,CHEMBL351726,Human immunodeficiency virus type 1 protease
CC(C)CCN(C[C@@H](O)[C@H](Cc1ccccc1)NC(=O)[C@H](CC(N)=O)NC(=O)c1ccc2ccccc2n1)S(C)(=O)=O,7.568636235841013,27.0,1,CHEMBL154952,Human immunodeficiency virus type 1 protease
CC(C)CCN(C[C@H](O)[C@H](Cc1ccccc1)NC(=O)OCc1ccccc1)S(=O)(=O)c1ccccc1,6.346787486224656,450.0,1,CHEMBL154638,Human immunodeficiency virus type 1 protease
CC(C)CCNC(=O)N(C[C@@H](O)[C@H](Cc1ccccc1)NC(=O)[C@H](CC(N)=O)NC(=O)OCc1ccccc1)C(C)(C)C,7.886056647693163,13.0,1,CHEMBL335379,Human immunodeficiency virus type 1 protease
CC(C)CCNC(=O)N(C[C@@H](O)[C@H](Cc1ccccc1)NC(=O)[C@H](CC(N)=O)NC(=O)c1ccc2ccccc2n1)C(C)(C)C,8.523023534240473,2.999,1,CHEMBL132432,Human immunodeficiency virus type 1 protease
CC(C)CCNC(=O)[C@H](Cc1ccccc1)C[C@H](O)[C@H](Cc1ccccc1)NC(=O)OC(C)(C)C,6.327902142064283,470.0,1,CHEMBL428686,Human immunodeficiency virus type 1 protease
CC(C)CCS(=O)(=O)[C@@H](C)C[C@@H](O)[C@H](Cc1cccc(Br)c1)NC(=O)CCS(C)(=O)=O,4.3979400086720375,40000.0,1,CHEMBL371921,Human immunodeficiency virus type 1 protease
CC(C)CN(CC(O)[C@H](Cc1ccccc1)NC(=O)[C@H](CC(N)=O)NC(=O)OCc1ccccc1)C(=O)NC(C)(C)C,7.4560560575170935,34.99,1,CHEMBL71928,Human immunodeficiency virus type 1 protease
CC(C)CN(CC(O)[C@H](Cc1ccccc1)NC(=O)[C@H](CC(N)=O)NC(=O)OCc1ccccc1)C(=O)NC(C)C,6.584993246046173,260.02,1,CHEMBL71108,Human immunodeficiency virus type 1 protease
CC(C)CN(CC(O)[C@H](Cc1ccccc1)NC(=O)[C@H](CC(N)=O)NC(=O)c1ccc2ccccc2n1)C(=O)NC(C)(C)C,8.220981028085129,6.012,1,CHEMBL305731,Human immunodeficiency virus type 1 protease
CC(C)CN(C[C@@H](O)[C@@H](NC(=O)O[C@@H]1CCOC1)Sc1ccccc1)S(=O)(=O)c1ccc(N)cc1,4.777283528852417,16700.0,1,CHEMBL113559,Human immunodeficiency virus type 1 protease
CC(C)CN(C[C@@H](O)[C@H](Cc1ccccc1)NC(=O)/C=C/c1ccc(O)c(O)c1)S(=O)(=O)c1ccc(N)cc1,9.698970004336019,0.2,1,CHEMBL4855073,Human immunodeficiency virus type 1 protease
CC(C)CN(C[C@@H](O)[C@H](Cc1ccccc1)NC(=O)CCc1ccc(O)c(O)c1)S(=O)(=O)c1ccc(N)cc1,9.2518119729938,0.56,1,CHEMBL4871585,Human immunodeficiency virus type 1 protease
CC(C)CN(C[C@@H](O)[C@H](Cc1ccccc1)NC(=O)CN1CCS(=O)(=O)CC1)S(=O)(=O)c1ccc(NO)cc1,7.324038450357831,47.42,1,CHEMBL5190456,Human immunodeficiency virus type 1 protease
CC(C)CN(C[C@@H](O)[C@H](Cc1ccccc1)NC(=O)CN1CCS(=O)(=O)CC1)S(=O)(=O)c1ccc(O)cc1,7.974284616098659,10.61,1,CHEMBL5208594,Human immunodeficiency virus type 1 protease
CC(C)CN(C[C@@H](O)[C@H](Cc1ccccc1)NC(=O)C[C@@H]1CCNC1)S(=O)(=O)c1ccc(O)cc1,5.300162274132754,5010.0,1,CHEMBL5414506,Human immunodeficiency virus type 1 protease
CC(C)CN(C[C@@H](O)[C@H](Cc1ccccc1)NC(=O)C[C@H]1CCNC1)S(=O)(=O)c1ccc(O)cc1,5.844663962534939,1430.0,1,CHEMBL5420240,Human immunodeficiency virus type 1 protease
CC(C)CN(C[C@@H](O)[C@H](Cc1ccccc1)NC(=O)Cc1cc(=O)oc2cc(N(C)C)ccc12)S(=O)(=O)c1ccc(N)cc1,7.124360062995832,75.1,1,CHEMBL4783468,Human immunodeficiency virus type 1 protease
CC(C)CN(C[C@@H](O)[C@H](Cc1ccccc1)NC(=O)Cc1cc(=O)oc2cc(N(C)C)ccc12)S(=O)(=O)c1ccc([N+](=O)[O-])cc1,6.559720786764411,275.6,1,CHEMBL4757760,Human immunodeficiency virus type 1 protease
CC(C)CN(C[C@@H](O)[C@H](Cc1ccccc1)NC(=O)Cc1cc(=O)oc2cc(O)ccc12)S(=O)(=O)c1ccc(N)cc1,7.421360790031928,37.9,1,CHEMBL4789923,Human immunodeficiency virus type 1 protease
CC(C)CN(C[C@@H](O)[C@H](Cc1ccccc1)NC(=O)Cc1cc(=O)oc2cc(O)ccc12)S(=O)(=O)c1ccc([N+](=O)[O-])cc1,7.954677021213342,11.1,1,CHEMBL4779428,Human immunodeficiency virus type 1 protease
CC(C)CN(C[C@@H](O)[C@H](Cc1ccccc1)NC(=O)Cc1cc2ccc(N)cc2oc1=O)S(=O)(=O)c1ccc(N)cc1,7.020451625295905,95.4,1,CHEMBL4759593,Human immunodeficiency virus type 1 protease
CC(C)CN(C[C@@H](O)[C@H](Cc1ccccc1)NC(=O)Cc1cc2ccc(N)cc2oc1=O)S(=O)(=O)c1ccc([N+](=O)[O-])cc1,6.249491605148654,563.0,1,CHEMBL4781495,Human immunodeficiency virus type 1 protease
CC(C)CN(C[C@@H](O)[C@H](Cc1ccccc1)NC(=O)Cc1cc2ccc(O)cc2oc1=O)S(=O)(=O)c1ccc(N)cc1,6.822175028135319,150.6,1,CHEMBL4751162,Human immunodeficiency virus type 1 protease
CC(C)CN(C[C@@H](O)[C@H](Cc1ccccc1)NC(=O)Cc1cc2ccc(O)cc2oc1=O)S(=O)(=O)c1ccc([N+](=O)[O-])cc1,6.254144804826271,557.0,1,CHEMBL4797650,Human immunodeficiency virus type 1 protease
CC(C)CN(C[C@@H](O)[C@H](Cc1ccccc1)NC(=O)Cc1ccc(O)c(O)c1)S(=O)(=O)c1ccc(N)cc1,8.024108863598206,9.46,1,CHEMBL5408304,Human immunodeficiency virus type 1 protease
CC(C)CN(C[C@@H](O)[C@H](Cc1ccccc1)NC(=O)Cc1ccc(O)cc1)S(=O)(=O)c1ccc(N)cc1,7.494443061336178,32.03,1,CHEMBL5414145,Human immunodeficiency virus type 1 protease
CC(C)CN(C[C@@H](O)[C@H](Cc1ccccc1)NC(=O)Cc1cccc(O)c1)S(=O)(=O)c1ccc(N)cc1,8.255707016877324,5.55,1,CHEMBL5424805,Human immunodeficiency virus type 1 protease
CC(C)CN(C[C@@H](O)[C@H](Cc1ccccc1)NC(=O)N[C@@H]1CCNC1)S(=O)(=O)c1ccc(O)cc1,5.224025668870631,5970.0,1,CHEMBL5427634,Human immunodeficiency virus type 1 protease
CC(C)CN(C[C@@H](O)[C@H](Cc1ccccc1)NC(=O)N[C@H]1CCNC1)S(=O)(=O)c1ccc(O)cc1,5.709965388637482,1950.0,1,CHEMBL5395418,Human immunodeficiency virus type 1 protease
CC(C)CN(C[C@@H](O)[C@H](Cc1ccccc1)NC(=O)OC[C@H]1CN(C)CCO1)S(=O)(=O)c1ccc(NO)cc1,7.858236769724212,13.86,1,CHEMBL5173934,Human immunodeficiency virus type 1 protease
CC(C)CN(C[C@@H](O)[C@H](Cc1ccccc1)NC(=O)OC[C@H]1CN(C)CCO1)S(=O)(=O)c1ccc(O)cc1,8.812479279163536,1.54,1,CHEMBL5185165,Human immunodeficiency virus type 1 protease
CC(C)CN(C[C@@H](O)[C@H](Cc1ccccc1)NC(=O)OC[C@H]1CNCCO1)S(=O)(=O)c1ccc(N)cc1,7.705313375720556,19.71,1,CHEMBL5207804,Human immunodeficiency virus type 1 protease
CC(C)CN(C[C@@H](O)[C@H](Cc1ccccc1)NC(=O)OC[C@H]1CNCCO1)S(=O)(=O)c1ccc(NO)cc1,8.610833915635467,2.45,1,CHEMBL5187891,Human immunodeficiency virus type 1 protease
CC(C)CN(C[C@@H](O)[C@H](Cc1ccccc1)NC(=O)OC[C@H]1CNCCO1)S(=O)(=O)c1ccc(O)cc1,8.721246399047171,1.9,1,CHEMBL5170917,Human immunodeficiency virus type 1 protease
CC(C)CN(C[C@@H](O)[C@H](Cc1ccccc1)NC(=O)OCc1ccccc1)S(=O)(=O)c1ccccc1,8.221848749616356,6.0,3,CHEMBL141265,Human immunodeficiency virus type 1 protease
CC(C)CN(C[C@@H](O)[C@H](Cc1ccccc1)NC(=O)O[C@@H]1CCNC1)S(=O)(=O)c1ccc(N)cc1,4.596022036330645,25350.0,1,CHEMBL5432896,Human immunodeficiency virus type 1 protease
CC(C)CN(C[C@@H](O)[C@H](Cc1ccccc1)NC(=O)O[C@@H]1CCNC1)S(=O)(=O)c1ccc(NO)cc1,4.562883906951921,27360.0,1,CHEMBL5434683,Human immunodeficiency virus type 1 protease
CC(C)CN(C[C@@H](O)[C@H](Cc1ccccc1)NC(=O)O[C@@H]1CCNC1)S(=O)(=O)c1ccc(O)cc1,6.086186147616283,820.0,1,CHEMBL5433661,Human immunodeficiency virus type 1 protease
CC(C)CN(C[C@@H](O)[C@H](Cc1ccccc1)NC(=O)O[C@H]1C2CO[C@H]3OCC1C3C2)S(=O)(=O)c1ccc2oc(NC3CC3)nc2c1,9.585026652029182,0.26,1,CHEMBL5277648,Human immunodeficiency virus type 1 protease
CC(C)CN(C[C@@H](O)[C@H](Cc1ccccc1)NC(=O)O[C@H]1CCNC1)S(=O)(=O)c1ccc(N)cc1,5.295849483160201,5060.0,1,CHEMBL5394261,Human immunodeficiency virus type 1 protease
CC(C)CN(C[C@@H](O)[C@H](Cc1ccccc1)NC(=O)O[C@H]1CCNC1)S(=O)(=O)c1ccc(NO)cc1,5.292429823902063,5100.0,1,CHEMBL5415161,Human immunodeficiency virus type 1 protease
CC(C)CN(C[C@@H](O)[C@H](Cc1ccccc1)NC(=O)O[C@H]1CCNC1)S(=O)(=O)c1ccc(O)cc1,6.142667503568732,720.0,1,CHEMBL5414502,Human immunodeficiency virus type 1 protease
CC(C)CN(C[C@@H](O)[C@H](Cc1ccccc1)NC(=O)O[C@H]1CCOC1)S(=O)(=O)c1ccc(N)cc1,6.590228032229065,295.0,6,CHEMBL116,Human immunodeficiency virus type 1 protease
CC(C)CN(C[C@@H](O)[C@H](Cc1ccccc1)NC(=O)O[C@H]1CO[C@H]2OCC[C@H]21)S(=O)(=O)c1ccc(N)cc1,8.79131398257384,1.62,8,CHEMBL1323,Human immunodeficiency virus type 1 protease
CC(C)CN(C[C@@H](O)[C@H](Cc1ccccc1)NC(=O)Oc1c2occc2cc2ccc(=O)oc12)S(=O)(=O)c1ccc([N+](=O)[O-])cc1,8.8153085691824,1.53,1,CHEMBL4753411,Human immunodeficiency virus type 1 protease
CC(C)CN(C[C@@H](O)[C@H](Cc1ccccc1)NC(=O)[C@@H](CS(=O)(=O)c1ccc(F)cc1)NS(C)(=O)=O)C(=O)NC(C)(C)C,8.0,10.0,1,CHEMBL430863,Human immunodeficiency virus type 1 protease
CC(C)CN(C[C@@H](O)[C@H](Cc1ccccc1)NC(=O)[C@@H](CSc1ccc(F)cc1)NS(C)(=O)=O)C(=O)NC(C)(C)C,7.070581074285707,85.0,1,CHEMBL330620,Human immunodeficiency virus type 1 protease
CC(C)CN(C[C@@H](O)[C@H](Cc1ccccc1)NC(=O)[C@@H](CSc1ccc2ccccc2c1)NS(C)(=O)=O)C(=O)NC(C)(C)C,7.301029995663981,50.0,1,CHEMBL98709,Human immunodeficiency virus type 1 protease
CC(C)CN(C[C@@H](O)[C@H](Cc1ccccc1)NC(=O)[C@@H](C[S+]([O-])c1ccc2ccccc2c1)NS(C)(=O)=O)C(=O)NC(C)(C)C,8.67778070526608,2.1,1,CHEMBL318285,Human immunodeficiency virus type 1 protease
CC(C)CN(C[C@@H](O)[C@H](Cc1ccccc1)NC(=O)[C@@H]1CCCN1)S(=O)(=O)c1ccc(O)cc1,6.013228265733755,970.0,1,CHEMBL5432689,Human immunodeficiency virus type 1 protease
CC(C)CN(C[C@@H](O)[C@H](Cc1ccccc1)NC(=O)[C@@H]1CCNC1)S(=O)(=O)c1ccc(N)cc1,5.210419287835575,6160.0,1,CHEMBL5423048,Human immunodeficiency virus type 1 protease
CC(C)CN(C[C@@H](O)[C@H](Cc1ccccc1)NC(=O)[C@@H]1CCNC1)S(=O)(=O)c1ccc(NO)cc1,5.91721462968355,1210.0,1,CHEMBL5437849,Human immunodeficiency virus type 1 protease
CC(C)CN(C[C@@H](O)[C@H](Cc1ccccc1)NC(=O)[C@@H]1CCNC1)S(=O)(=O)c1ccc(O)cc1,6.494850021680094,320.0,1,CHEMBL5402748,Human immunodeficiency virus type 1 protease
CC(C)CN(C[C@@H](O)[C@H](Cc1ccccc1)NC(=O)[C@@H]1COCCN1)S(=O)(=O)c1ccc(N)cc1,7.504178246614094,31.32,1,CHEMBL5175137,Human immunodeficiency virus type 1 protease
CC(C)CN(C[C@@H](O)[C@H](Cc1ccccc1)NC(=O)[C@@H]1COCCN1)S(=O)(=O)c1ccc(NO)cc1,8.52432881167557,2.99,1,CHEMBL5189453,Human immunodeficiency virus type 1 protease
CC(C)CN(C[C@@H](O)[C@H](Cc1ccccc1)NC(=O)[C@@H]1COCCN1)S(=O)(=O)c1ccc(O)cc1,10.045757490560675,0.09,1,CHEMBL5179241,Human immunodeficiency virus type 1 protease
CC(C)CN(C[C@@H](O)[C@H](Cc1ccccc1)NC(=O)[C@@H]1COCCN1)S(=O)(=O)c1ccc(S(C)(=O)=O)cc1,6.342848498099033,454.1,1,CHEMBL5198164,Human immunodeficiency virus type 1 protease
CC(C)CN(C[C@@H](O)[C@H](Cc1ccccc1)NC(=O)[C@@H]1COCCN1C)S(=O)(=O)c1ccc(NO)cc1,7.5741398549221595,26.66,1,CHEMBL5199301,Human immunodeficiency virus type 1 protease
CC(C)CN(C[C@@H](O)[C@H](Cc1ccccc1)NC(=O)[C@@H]1COCCN1C)S(=O)(=O)c1ccc(O)cc1,8.920818753952375,1.2,1,CHEMBL5182799,Human immunodeficiency virus type 1 protease
CC(C)CN(C[C@@H](O)[C@H](Cc1ccccc1)NC(=O)[C@H](CC(N)=O)NC(=O)OCc1ccccc1)C(=O)NC(C)(C)C,7.455931955649724,35.0,1,CHEMBL99211,Human immunodeficiency virus type 1 protease
CC(C)CN(C[C@@H](O)[C@H](Cc1ccccc1)NC(=O)[C@H](CC(N)=O)NC(=O)OCc1ccccc1)C(=O)NC(C)C,6.585026652029182,260.0,1,CHEMBL317077,Human immunodeficiency virus type 1 protease
CC(C)CN(C[C@@H](O)[C@H](Cc1ccccc1)NC(=O)[C@H](CC(N)=O)NC(=O)c1ccc2ccccc2n1)C(=O)NC(C)(C)C,8.221848749616356,6.0,1,CHEMBL322241,Human immunodeficiency virus type 1 protease
CC(C)CN(C[C@@H](O)[C@H](Cc1ccccc1)NC(=O)[C@H]1CCCN1)S(=O)(=O)c1ccc(O)cc1,4.01390037494487,96850.0,1,CHEMBL5418346,Human immunodeficiency virus type 1 protease
CC(C)CN(C[C@@H](O)[C@H](Cc1ccccc1)NC(=O)[C@H]1CCNC1)S(=O)(=O)c1ccc(N)cc1,4.902395671125589,12520.0,1,CHEMBL5418270,Human immunodeficiency virus type 1 protease
CC(C)CN(C[C@@H](O)[C@H](Cc1ccccc1)NC(=O)[C@H]1CCNC1)S(=O)(=O)c1ccc(NO)cc1,4.963770455913705,10870.0,1,CHEMBL5419080,Human immunodeficiency virus type 1 protease
CC(C)CN(C[C@@H](O)[C@H](Cc1ccccc1)NC(=O)[C@H]1CCNC1)S(=O)(=O)c1ccc(O)cc1,6.292429823902063,510.0,1,CHEMBL5438442,Human immunodeficiency virus type 1 protease
CC(C)CN(C[C@@H](O)[C@H](Cc1ccccc1)NC(=O)[C@H]1CNCCO1)S(=O)(=O)c1ccc(N)cc1,7.265120197207373,54.31,1,CHEMBL5197451,Human immunodeficiency virus type 1 protease
CC(C)CN(C[C@@H](O)[C@H](Cc1ccccc1)NC(=O)[C@H]1CNCCO1)S(=O)(=O)c1ccc(NO)cc1,7.467882883751196,34.05,1,CHEMBL5202333,Human immunodeficiency virus type 1 protease
CC(C)CN(C[C@@H](O)[C@H](Cc1ccccc1)NC(=O)[C@H]1CNCCO1)S(=O)(=O)c1ccc(O)cc1,8.247951552180561,5.65,1,CHEMBL5190758,Human immunodeficiency virus type 1 protease
CC(C)CN(C[C@@H](O)[C@H](Cc1ccccc1)NC(=O)c1cc(O)c(O)c(O)c1)S(=O)(=O)c1ccc(C(F)(F)F)cc1,9.481486060122112,0.33,1,CHEMBL5175258,Human immunodeficiency virus type 1 protease
CC(C)CN(C[C@@H](O)[C@H](Cc1ccccc1)NC(=O)c1cc(O)c(O)c(O)c1)S(=O)(=O)c1ccc([N+](=O)[O-])cc1,9.136677139879543,0.73,1,CHEMBL5200806,Human immunodeficiency virus type 1 protease
CC(C)CN(C[C@@H](O)[C@H](Cc1ccccc1)NC(=O)c1cc(O)cc(O)c1)S(=O)(=O)c1ccc(C(F)(F)F)cc1,10.10790539730952,0.078,1,CHEMBL5193294,Human immunodeficiency virus type 1 protease
CC(C)CN(C[C@@H](O)[C@H](Cc1ccccc1)NC(=O)c1cc(O)cc(O)c1)S(=O)(=O)c1ccc(F)cc1,10.67778070526608,0.021,1,CHEMBL5176682,Human immunodeficiency virus type 1 protease
CC(C)CN(C[C@@H](O)[C@H](Cc1ccccc1)NC(=O)c1cc(O)cc(O)c1)S(=O)(=O)c1ccc([N+](=O)[O-])cc1,10.187086643357144,0.065,1,CHEMBL5174561,Human immunodeficiency virus type 1 protease
CC(C)CN(C[C@@H](O)[C@H](Cc1ccccc1)NC(=O)c1cc2cc(O)ccc2[nH]1)S(=O)(=O)c1ccc(N)cc1,6.0655015487564325,860.0,1,CHEMBL5420696,Human immunodeficiency virus type 1 protease
CC(C)CN(C[C@@H](O)[C@H](Cc1ccccc1)NC(=O)c1cc2cc(O)ccc2o1)S(=O)(=O)c1ccc(N)cc1,5.343901797987168,4530.0,1,CHEMBL5410180,Human immunodeficiency virus type 1 protease
CC(C)CN(C[C@@H](O)[C@H](Cc1ccccc1)NC(=O)c1cc2ccc(O)cc2[nH]1)S(=O)(=O)c1ccc(N)cc1,6.259637310505756,550.0,1,CHEMBL5396429,Human immunodeficiency virus type 1 protease
CC(C)CN(C[C@@H](O)[C@H](Cc1ccccc1)NC(=O)c1cc2ccc(O)cc2o1)S(=O)(=O)c1ccc(N)cc1,5.515700160653214,3050.0,1,CHEMBL5413884,Human immunodeficiency virus type 1 protease
CC(C)CN(C[C@@H](O)[C@H](Cc1ccccc1)NC(=O)c1cc2ccc(O)cc2oc1=O)S(=O)(=O)c1ccc(N)cc1,7.557520230935552,27.7,1,CHEMBL4748014,Human immunodeficiency virus type 1 protease
CC(C)CN(C[C@@H](O)[C@H](Cc1ccccc1)NC(=O)c1cc2ccc(O)cc2oc1=O)S(=O)(=O)c1ccc([N+](=O)[O-])cc1,7.20690839982342,62.1,1,CHEMBL4764162,Human immunodeficiency virus type 1 protease
CC(C)CN(C[C@@H](O)[C@H](Cc1ccccc1)NC(=O)c1cc2ccccc2o1)S(=O)(=O)c1ccc(N)cc1,4.787812395596042,16300.0,1,CHEMBL5436912,Human immunodeficiency virus type 1 protease
CC(C)CN(C[C@@H](O)[C@H](Cc1ccccc1)NC(=O)c1cc2ccccc2oc1=O)S(=O)(=O)c1ccc(N)cc1,6.807153884811158,155.9,1,CHEMBL4759897,Human immunodeficiency virus type 1 protease
CC(C)CN(C[C@@H](O)[C@H](Cc1ccccc1)NC(=O)c1cc2ccccc2oc1=O)S(=O)(=O)c1ccc([N+](=O)[O-])cc1,6.525201181199368,298.4,1,CHEMBL4760876,Human immunodeficiency virus type 1 protease
CC(C)CN(C[C@@H](O)[C@H](Cc1ccccc1)NC(=O)c1ccc(Cl)cc1O)S(=O)(=O)c1ccc(C(F)(F)F)cc1,8.20551195334083,6.23,1,CHEMBL5202379,Human immunodeficiency virus type 1 protease
CC(C)CN(C[C@@H](O)[C@H](Cc1ccccc1)NC(=O)c1ccc(Cl)cc1O)S(=O)(=O)c1ccc(F)cc1,8.158640529545146,6.94,1,CHEMBL5173061,Human immunodeficiency virus type 1 protease
CC(C)CN(C[C@@H](O)[C@H](Cc1ccccc1)NC(=O)c1ccc(Cl)cc1O)S(=O)(=O)c1ccc([N+](=O)[O-])cc1,8.000434511774017,9.99,1,CHEMBL5172551,Human immunodeficiency virus type 1 protease
CC(C)CN(C[C@@H](O)[C@H](Cc1ccccc1)NC(=O)c1ccc(O)c(O)c1)S(=O)(=O)c1ccc(C(F)(F)F)cc1,10.113509274827518,0.077,1,CHEMBL5204718,Human immunodeficiency virus type 1 protease
CC(C)CN(C[C@@H](O)[C@H](Cc1ccccc1)NC(=O)c1ccc(O)c(O)c1)S(=O)(=O)c1ccc(F)cc1,10.1249387366083,0.075,1,CHEMBL5200970,Human immunodeficiency virus type 1 protease
CC(C)CN(C[C@@H](O)[C@H](Cc1ccccc1)NC(=O)c1ccc(O)c(O)c1)S(=O)(=O)c1ccc([N+](=O)[O-])cc1,9.602059991327963,0.25,1,CHEMBL5199325,Human immunodeficiency virus type 1 protease
CC(C)CN(C[C@@H](O)[C@H](Cc1ccccc1)NC(=O)c1ccc(O)cc1O)S(=O)(=O)c1ccc(C(F)(F)F)cc1,8.05453141486818,8.82,1,CHEMBL5186107,Human immunodeficiency virus type 1 protease
CC(C)CN(C[C@@H](O)[C@H](Cc1ccccc1)NC(=O)c1ccc(O)cc1O)S(=O)(=O)c1ccc(F)cc1,9.200659450546418,0.63,1,CHEMBL5184578,Human immunodeficiency virus type 1 protease
CC(C)CN(C[C@@H](O)[C@H](Cc1ccccc1)NC(=O)c1ccc(O)cc1O)S(=O)(=O)c1ccc([N+](=O)[O-])cc1,8.616184634019568,2.42,1,CHEMBL5193685,Human immunodeficiency virus type 1 protease
CC(C)CN(C[C@@H](O)[C@H](Cc1ccccc1)NC(=O)c1ccc2oc(=O)ccc2c1)S(=O)(=O)c1ccc(N)cc1,9.397940008672037,0.4,1,CHEMBL4785296,Human immunodeficiency virus type 1 protease
CC(C)CN(C[C@@H](O)[C@H](Cc1ccccc1)NC(=O)c1ccc2oc(=O)ccc2c1)S(=O)(=O)c1ccc([N+](=O)[O-])cc1,8.585026652029182,2.6,1,CHEMBL4783462,Human immunodeficiency virus type 1 protease
CC(C)CN(C[C@@H](O)[C@H](Cc1ccccc1)NC(=O)c1ccccc1O)S(=O)(=O)c1ccc(C(F)(F)F)cc1,7.637517525248826,23.04,1,CHEMBL5177217,Human immunodeficiency virus type 1 protease
CC(C)CN(C[C@@H](O)[C@H](Cc1ccccc1)NC(=O)c1ccccc1O)S(=O)(=O)c1ccc(F)cc1,8.6903698325741,2.04,1,CHEMBL5198933,Human immunodeficiency virus type 1 protease
CC(C)CN(C[C@@H](O)[C@H](Cc1ccccc1)NC(=O)c1ccccc1O)S(=O)(=O)c1ccc([N+](=O)[O-])cc1,7.876148359032914,13.3,1,CHEMBL5189544,Human immunodeficiency virus type 1 protease
CC(C)CN(C[C@@H](O)[C@H](Cc1ccccc1)NCc1cc(=O)oc2cc(O)ccc12)S(=O)(=O)c1ccc([N+](=O)[O-])cc1,9.853871964321762,0.14,1,CHEMBL4760803,Human immunodeficiency virus type 1 protease
CC(C)CN(C[C@@H](O)[C@H](Cc1ccccc1)NS(=O)(=O)N1CCOCC1)S(=O)(=O)c1ccc(N)cc1,7.453704164878557,35.18,1,CHEMBL5189760,Human immunodeficiency virus type 1 protease
CC(C)CN(C[C@@H](O)[C@H](NC(=O)O[C@@H]1CCOC1)Sc1ccccc1)S(=O)(=O)c1ccc(N)cc1,5.853871964321762,1400.0,1,CHEMBL115329,Human immunodeficiency virus type 1 protease
CC(C)CN(C[C@H](O)[C@@H](NC(=O)O[C@@H]1CCOC1)Sc1ccccc1)S(=O)(=O)c1ccc(N)cc1,4.903089986991944,12500.0,1,CHEMBL112703,Human immunodeficiency virus type 1 protease
CC(C)CN(C[C@H](O)[C@H](Cc1ccccc1)NC(=O)[C@@H](NC(=O)OCc1ccccc1)C(C)C)NC(=O)[C@@H](NC(=O)OCc1ccccc1)C(C)C,8.0,10.0,1,CHEMBL317204,Human immunodeficiency virus type 1 protease
CC(C)CN(C[C@H](O)[C@H](Cc1ccccc1)NC(=O)[C@H](CC(N)=O)NC(=O)OCc1ccccc1)C(=O)NC(C)(C)C,4.267606240177032,54000.0,1,CHEMBL99268,Human immunodeficiency virus type 1 protease
CC(C)CN(C[C@H](O)[C@H](Cc1ccccc1)NC(=O)[C@H](CC(N)=O)NC(=O)c1ccc2ccccc2n1)C(=O)NC(C)(C)C,5.0,10000.0,1,CHEMBL99317,Human immunodeficiency virus type 1 protease
CC(C)CN(C[C@H](O)[C@H](Cc1ccccc1)NC(=O)[C@H](CC(N)=O)NC(=O)c1ccc2ccccc2n1)NC(=O)C(NC(=O)OCc1ccccc1)C(C)C,7.431798275933005,37.0,1,CHEMBL325778,Human immunodeficiency virus type 1 protease
CC(C)CN(C[C@H](O)[C@H](NC(=O)O[C@@H]1CCOC1)Sc1ccccc1)S(=O)(=O)c1ccc(N)cc1,4.935542010773082,11600.0,1,CHEMBL324319,Human immunodeficiency virus type 1 protease
CC(C)CN(Cc1csc(C(C)C)n1)C(=O)NCC(=O)N[C@@H](Cc1ccccc1)C[C@H](O)[C@H](Cc1ccccc1)NC(=O)OCc1cncs1,8.795880017344075,1.6,1,CHEMBL155636,Human immunodeficiency virus type 1 protease
CC(C)CN([C@@H](CCCCNC(=O)OCC1c2ccccc2-c2ccccc21)C(=O)O)S(=O)(=O)c1ccc(N)cc1,8.67778070526608,2.1,1,CHEMBL178421,Human immunodeficiency virus type 1 protease
CC(C)CN([C@H](CO)CCCCNC(=O)[C@@H](N)C(c1ccccc1)c1ccccc1)S(=O)(=O)c1ccc(N)cc1,9.301029995663981,0.5,1,CHEMBL209023,Human immunodeficiency virus type 1 protease
CC(C)CN([C@H](CO)CCCCNC(=O)[C@@H](NC(=O)C1CC1)C(c1ccccc1)c1ccccc1)S(=O)(=O)c1ccc(N)cc1,9.366531544420413,0.43,1,CHEMBL378557,Human immunodeficiency virus type 1 protease
CC(C)CN([C@H](CO)CCCCNC(=O)[C@@H](NC(=O)C1CCCCC1)C(c1ccccc1)c1ccccc1)S(=O)(=O)c1ccc(N)cc1,8.42021640338319,3.8,1,CHEMBL379540,Human immunodeficiency virus type 1 protease
CC(C)CN([C@H](CO)CCCCNC(=O)[C@@H](NC(=O)Cc1cccnc1)C(c1ccccc1)c1ccccc1)S(=O)(=O)c1ccc(N)cc1,9.619788758288394,0.24,1,CHEMBL378044,Human immunodeficiency virus type 1 protease
CC(C)CN([C@H](CO)CCCCNC(=O)[C@@H](NC(=O)N(C)C)C(c1ccccc1)c1ccccc1)S(=O)(=O)c1ccc(N)cc1,9.356547323513812,0.44,1,CHEMBL379162,Human immunodeficiency virus type 1 protease
CC(C)CN([C@H](CO)CCCCNC(=O)[C@@H](NC(=O)N1CCNCC1)C(c1ccccc1)c1ccccc1)S(=O)(=O)c1ccc(N)cc1,9.2839966563652,0.52,1,CHEMBL380545,Human immunodeficiency virus type 1 protease
CC(C)CN([C@H](CO)CCCCNC(=O)[C@@H](NC(=O)N1CCOCC1)C(c1ccccc1)c1ccccc1)S(=O)(=O)c1ccc(N)cc1,9.292429823902063,0.51,1,CHEMBL207077,Human immunodeficiency virus type 1 protease
CC(C)CN([C@H](CO)CCCCNC(=O)[C@@H](NC(=O)OC(C)(C)C)C(c1ccccc1)c1ccccc1)S(=O)(=O)c1ccc(N)cc1,9.397940008672037,0.4,1,CHEMBL441528,Human immunodeficiency virus type 1 protease
CC(C)CN([C@H](CO)CCCCNC(=O)[C@@H](NC(=O)OCc1ccccn1)C(c1ccccc1)c1ccccc1)S(=O)(=O)c1ccc(N)cc1,9.920818753952375,0.12,1,CHEMBL211715,Human immunodeficiency virus type 1 protease
CC(C)CN([C@H](CO)CCCCNC(=O)[C@@H](NC(=O)OCc1cccnc1)C(c1ccccc1)c1ccccc1)S(=O)(=O)c1ccc(N)cc1,9.318758762624412,0.48,1,CHEMBL377192,Human immunodeficiency virus type 1 protease
CC(C)CN([C@H](CO)CCCCNC(=O)[C@@H](NC(=O)OCc1ccncc1)C(c1ccccc1)c1ccccc1)S(=O)(=O)c1ccc(N)cc1,9.4089353929735,0.39,1,CHEMBL384210,Human immunodeficiency virus type 1 protease
CC(C)CN([C@H](CO)CCCCNC(=O)[C@@H](NC(=O)c1ccc(O)c([N+](=O)[O-])c1)C(c1ccccc1)c1ccccc1)S(=O)(=O)c1ccc(N)cc1,9.2518119729938,0.56,1,CHEMBL378194,Human immunodeficiency virus type 1 protease
CC(C)CN([C@H](CO)CCCCNC(=O)[C@@H](NC(=O)c1ccc(O)cc1)C(c1ccccc1)c1ccccc1)S(=O)(=O)c1ccc(N)cc1,9.275724130399212,0.53,1,CHEMBL438249,Human immunodeficiency virus type 1 protease
CC(C)CN([C@H](CO)CCCCNC(=O)[C@@H](NC(=O)c1ccc([N+](=O)[O-])c(O)c1)C(c1ccccc1)c1ccccc1)S(=O)(=O)c1ccc(N)cc1,9.481486060122112,0.33,1,CHEMBL381583,Human immunodeficiency virus type 1 protease
CC(C)CN([C@H](CO)CCCCNC(=O)[C@@H](NC(=O)c1ccc[nH]1)C(c1ccccc1)c1ccccc1)S(=O)(=O)c1ccc(N)cc1,9.366531544420413,0.43,1,CHEMBL379751,Human immunodeficiency virus type 1 protease
CC(C)CN([C@H](CO)CCCCNC(=O)[C@@H](NC(=O)c1cccc(O)c1)C(c1ccccc1)c1ccccc1)S(=O)(=O)c1ccc(N)cc1,9.397940008672037,0.4,1,CHEMBL378134,Human immunodeficiency virus type 1 protease
CC(C)CN([C@H](CO)CCCCNC(=O)[C@@H](NC(=O)c1ccccc1O)C(c1ccccc1)c1ccccc1)S(=O)(=O)c1ccc(N)cc1,9.200659450546418,0.63,1,CHEMBL384211,Human immunodeficiency virus type 1 protease
CC(C)CN([C@H](CO)CCCCNC(=O)[C@@H](NC(=O)c1ccccn1)C(c1ccccc1)c1ccccc1)S(=O)(=O)c1ccc(N)cc1,9.337242168318426,0.46,1,CHEMBL205968,Human immunodeficiency virus type 1 protease
CC(C)CN([C@H](CO)CCCCNC(=O)[C@@H](NC(=O)c1cccnc1)C(c1ccccc1)c1ccccc1)S(=O)(=O)c1ccc(N)cc1,9.167491087293763,0.68,1,CHEMBL261952,Human immunodeficiency virus type 1 protease
CC(C)CN([C@H](CO)CCCCNC(=O)[C@@H](NC(=O)c1ccncc1)C(c1ccccc1)c1ccccc1)S(=O)(=O)c1ccc(N)cc1,9.187086643357144,0.65,1,CHEMBL208724,Human immunodeficiency virus type 1 protease
CC(C)CN([C@H](CO)CCCCNC(=O)[C@@H](NC(=O)c1cnccc1N)C(c1ccccc1)c1ccccc1)S(=O)(=O)c1ccc(N)cc1,9.397940008672037,0.4,1,CHEMBL377826,Human immunodeficiency virus type 1 protease
CC(C)CN([C@H](CO)CCCCNC(=O)[C@@H](NC(=O)c1cnccc1O)C(c1ccccc1)c1ccccc1)S(=O)(=O)c1ccc(N)cc1,9.301029995663981,0.5,1,CHEMBL379272,Human immunodeficiency virus type 1 protease
CC(C)CN([C@H](CO)CCCCNC(=O)[C@@H](NC(=O)c1ncccc1O)C(c1ccccc1)c1ccccc1)S(=O)(=O)c1ccc(N)cc1,9.045757490560675,0.9,1,CHEMBL209878,Human immunodeficiency virus type 1 protease
CC(C)CN1CC(O)(CNC(=O)OC(C)(C)C)C[C@@H]1C(=O)NC(C)(C)C,4.045757490560675,90000.0,1,CHEMBL35046,Human immunodeficiency virus type 1 protease
CC(C)CN1CC(O)(CNC(=O)OC(C)(C)C)C[C@H]1C(=O)NC(C)(C)C,4.045757490560675,90000.0,1,CHEMBL36226,Human immunodeficiency virus type 1 protease
CC(C)CN1CC(O)(CNC(=O)[C@@H]2N[C@@H]([C@H](NC(=O)Cc3ccccc3)C(=O)NCc3ccccc3)SC2(C)C)C[C@H]1C(=O)NC(C)(C)C,7.522878745280337,30.0,1,CHEMBL289409,Human immunodeficiency virus type 1 protease
CC(C)CN1CC(O)(CNC(=O)[C@H]2N[C@@H]([C@H](NC(=O)Cc3ccccc3)C(=O)NCc3ccccc3)SC2(C)C)C[C@H]1C(=O)NC(C)(C)C,7.154901959985743,70.0,1,CHEMBL285836,Human immunodeficiency virus type 1 protease
CC(C)CN1CCN(C[C@@H](O)[C@H](Cc2ccccc2)NC(=O)O[C@@H]2CCS(=O)(=O)[C@@H]2C(C)C)[C@H](C(=O)NC(C)(C)C)C1,7.567030709125595,27.1,1,CHEMBL91995,Human immunodeficiency virus type 1 protease
CC(C)CN1C[C@](O)([C@H](CC2CCCCC2)NC(=O)CC(C)(C)C)C[C@H]1C(=O)NC(C)(C)C,5.045757490560675,9000.0,1,CHEMBL290349,Human immunodeficiency virus type 1 protease
CC(C)CNC(=O)C(F)(F)C(=O)C(Cc1ccc(OCc2ccccc2)cc1)NC(=O)[C@@H](NC(=O)OCc1ccccc1)C(C)C,8.301029995663981,5.0,1,CHEMBL264739,Human immunodeficiency virus type 1 protease
CC(C)CNC(=O)C[C@@H](O)[C@@H](Cc1ccccc1)NC(=O)[C@@H]1N[C@@H]([C@H](NC(=O)Cc2ccccc2)C(=O)NCc2ccccc2)SC1(C)C,7.161150909262744,69.0,1,CHEMBL106805,Human immunodeficiency virus type 1 protease
CC(C)CNC(=O)C[C@H](O)[C@@H](Cc1ccccc1)NC(=O)[C@@H]1N[C@@H]([C@H](NC(=O)Cc2ccccc2)C(=O)NCc2ccccc2)SC1(C)C,5.552841968657781,2800.0,1,CHEMBL317881,Human immunodeficiency virus type 1 protease
CC(C)CNC(=O)N(C)C[C@@H](O)[C@H](Cc1ccccc1)NC(=O)[C@H](CC(N)=O)NC(=O)OCc1ccccc1,5.824001400317809,1499.68,1,CHEMBL134127,Human immunodeficiency virus type 1 protease
CC(C)CNC(=O)N(C[C@@H](O)[C@H](Cc1ccccc1)NC(=O)[C@H](CC(N)=O)NC(=O)OCc1ccccc1)C(C)(C)C,7.4560560575170935,34.99,1,CHEMBL133022,Human immunodeficiency virus type 1 protease
CC(C)CNC(=O)N(C[C@@H](O)[C@H](Cc1ccccc1)NC(=O)[C@H](CC(N)=O)NC(=O)OCc1ccccc1)C(C)C,6.584993246046173,260.02,1,CHEMBL335881,Human immunodeficiency virus type 1 protease
CC(C)CNC(=O)N(C[C@@H](O)[C@H](Cc1ccccc1)NC(=O)[C@H](CC(N)=O)NC(=O)c1ccc2ccccc2n1)C(C)(C)C,8.220981028085129,6.012,1,CHEMBL335093,Human immunodeficiency virus type 1 protease
CC(C)CNC(=O)[C@@H]1CN(C(C)(C)c2cc3cnccc3o2)CCN1C[C@@H](O)C[C@@H](Cc1ccccc1)C(=O)N[C@H]1c2ccccc2OC[C@H]1O,9.397940008672037,0.4,1,CHEMBL310417,Human immunodeficiency virus type 1 protease
CC(C)CNC(=O)[C@H](Cc1ccccc1)CC(O)C[C@@H](Cc1ccccc1)C(=O)NCC(C)C,6.0,1000.0,1,CHEMBL289572,Human immunodeficiency virus type 1 protease
CC(C)COC(=O)c1ccccc1CSc1c(O)cc(-c2ccccc2)oc1=O,6.208309350979882,619.0,1,CHEMBL15217,Human immunodeficiency virus type 1 protease
CC(C)COc1ccccc1C[C@@H](O)C[C@@H](Cc1ccccc1)C(=O)N[C@H]1c2ccccc2C[C@H]1O,7.013228265733755,97.0,1,CHEMBL58701,Human immunodeficiency virus type 1 protease
CC(C)C[C@@H](C(=O)NC(C)(C)C)N1CCC(O)([C@H](Cc2ccccc2)NC(=O)[C@@H](NC(=O)OCc2ccccc2)C(C)C)CC1,4.573488738635425,26700.0,1,CHEMBL69243,Human immunodeficiency virus type 1 protease
CC(C)C[C@@H](C(=O)NC(C)(C)C)N1CCC[C@@](O)([C@H](Cc2ccccc2)NC(=O)OC(C)(C)C)C1,4.0,100000.0,1,CHEMBL304732,Human immunodeficiency virus type 1 protease
CC(C)C[C@@H](C(=O)N[C@@H](Cc1ccccc1)C(N)=O)N(C)C(=O)[C@@H](NC(=O)CCCCCCCCCCCCCCC(=O)N[C@@H](C(N)=O)C(=O)N[C@H](Cc1ccccc1)C(=O)O)[C@H](C)O,5.096910013008056,8000.0,1,CHEMBL1790128,Human immunodeficiency virus type 1 protease
CC(C)C[C@@H](NC(=O)[C@H](Cc1ccccc1)C[C@H](O)[C@H](Cc1ccccc1)NC(=O)OC(C)(C)C)C(N)=O,5.508638306165727,3100.0,1,CHEMBL97544,Human immunodeficiency virus type 1 protease
CC(C)C[C@@H]1NC(=O)[C@H](C(C)C)NC(=O)[C@@H]2CCCN2C(=O)[C@H](C(C)C)NC(=O)[C@H](Cc2ccccc2)NC(=O)CSCCNC(=O)CNC(=O)[C@H](Cc2ccccc2)N(C)C(=O)[C@H](CC(C)C)NC(=O)[C@H](Cc2c[nH]c3ccccc23)NC1=O,9.00436480540245,0.99,1,CHEMBL5203523,Human immunodeficiency virus type 1 protease
CC(C)C[C@@H]1NC(=O)[C@H](C(C)C)NC(=O)[C@@H]2CCCN2C(=O)[C@H](C(C)C)NC(=O)[C@H](Cc2ccccc2)NC(=O)CSCCNC(=O)[C@H](Cc2ccccc2)N(C)C(=O)[C@H](CC(C)C)NC(=O)[C@H](Cc2c[nH]c3ccccc23)NC1=O,8.094204119632131,8.05,1,CHEMBL5204991,Human immunodeficiency virus type 1 protease
CC(C)C[C@@H]1NC(=O)[C@H](C(C)C)NC(=O)[C@@H]2CCCN2C(=O)[C@H](C(C)C)NC(=O)[C@H](Cc2ccccc2)NC(=O)CSCCNC(=O)[C@H](Cc2ccccc2)N(C)C(=O)[C@H](CC(C)C)NC(=O)[C@H](Cc2cccc3ccccc23)NC1=O,9.167491087293763,0.68,1,CHEMBL5195759,Human immunodeficiency virus type 1 protease
CC(C)C[C@@H]1NC(=O)[C@H](C(C)C)NC(=O)[C@@H]2CCCN2C(=O)[C@H](C(C)C)NC(=O)[C@H](Cc2ccccc2)NC(=O)CSCCNC(=O)[C@H](Cc2ccccc2)N(C)C(=O)[C@H](CC(C)C)NC(=O)[C@H](Cc2cn(C)c3ccccc23)NC1=O,8.104577453960593,7.86,1,CHEMBL5201205,Human immunodeficiency virus type 1 protease
CC(C)C[C@@H]1NC(=O)[C@H](C(C)C)NC(=O)[C@]2(C)CCCN2C(=O)[C@H](C(C)C)NC(=O)[C@H](Cc2ccccc2)NC(=O)C(C)(C)SCCNC(=O)[C@H](C)NC(=O)[C@H](Cc2ccccc2)N(C)C(=O)[C@H](CC(C)C)NC(=O)[C@H](CCC2CCCCC2)NC1=O,7.815308569182402,15.3,1,CHEMBL5173200,Human immunodeficiency virus type 1 protease
CC(C)C[C@@H]1NC(=O)[C@H](C(C)C)NC(=O)[C@]2(C)CCCN2C(=O)[C@H](C(C)C)NC(=O)[C@H](Cc2ccccc2)NC(=O)CSC(C)(C)CNC(=O)[C@H](C)NC(=O)[C@H](Cc2ccccc2)N(C)C(=O)[C@H](CC(C)C)NC(=O)[C@H](CCC2CCCCC2)NC1=O,9.207608310501746,0.62,1,CHEMBL5201455,Human immunodeficiency virus type 1 protease
CC(C)C[C@@H]1NC(=O)[C@H](C(C)C)NC(=O)[C@]2(C)CCCN2C(=O)[C@H](C(C)C)NC(=O)[C@H](Cc2ccccc2)NC(=O)CSCCNC(=O)CNC(=O)[C@H](Cc2ccccc2)N(C)C(=O)[C@H](CC(C)C)NC(=O)[C@H](CCC2CCCCC2)NC1=O,9.431798275933005,0.37,1,CHEMBL5180391,Human immunodeficiency virus type 1 protease
CC(C)C[C@@H]1NC(=O)[C@H](C(C)C)NC(=O)[C@]2(C)CCCN2C(=O)[C@H](C(C)C)NC(=O)[C@H](Cc2ccccc2)NC(=O)CSCCNC(=O)[C@H](C)NC(=O)[C@H](Cc2ccccc2)N(C)C(=O)[C@H](CC(C)C)NC(=O)[C@H](CCC2CCCCC2)NC1=O,9.55284196865778,0.28,1,CHEMBL5199920,Human immunodeficiency virus type 1 protease
CC(C)C[C@@H]1NC(=O)[C@H](C(C)C)NC(=O)[C@]2(C)CCCN2C(=O)[C@H](C(C)C)NC(=O)[C@H](Cc2ccccc2)NC(=O)CSCCNC(=O)[C@H](CC(C)C)NC(=O)[C@H](Cc2ccccc2)N(C)C(=O)[C@H](CC(C)C)NC(=O)[C@H](CCC2CCCCC2)NC1=O,8.638272163982407,2.3,1,CHEMBL5205912,Human immunodeficiency virus type 1 protease
CC(C)C[C@@H]1NC(=O)[C@H](C(C)C)NC(=O)[C@]2(C)CCCN2C(=O)[C@H](C(C)C)NC(=O)[C@H](Cc2ccccc2)NC(=O)CSCCNC(=O)[C@H](Cc2ccccc2)N(C)C(=O)[C@H](CC(C)C)NC(=O)[C@H](CCC2=CCC(F)(F)CC2)NC1=O,9.67778070526608,0.21,1,CHEMBL5199870,Human immunodeficiency virus type 1 protease
CC(C)C[C@@H]1NC(=O)[C@H](C(C)C)NC(=O)[C@]2(C)CCCN2C(=O)[C@H](C(C)C)NC(=O)[C@H](Cc2ccccc2)NC(=O)CSCCNC(=O)[C@H](Cc2ccccc2)N(C)C(=O)[C@H](CC(C)C)NC(=O)[C@H](CCC2CCCCC2)NC1=O,9.537602002101044,0.29,1,CHEMBL5208859,Human immunodeficiency virus type 1 protease
CC(C)C[C@@H]1NC(=O)[C@H](C(C)C)NC(=O)[C@]2(C)CCCN2C(=O)[C@H](C(C)C)NC(=O)[C@H](Cc2ccccc2)NC(=O)CSCCNC(=O)[C@H](Cc2ccccc2)N(C)C(=O)[C@H](CC(C)C)NC(=O)[C@H](CCc2ccccc2)NC1=O,9.346787486224656,0.45,1,CHEMBL5194642,Human immunodeficiency virus type 1 protease
CC(C)C[C@@H]1NC(=O)[C@H](C(C)C)NC(=O)[C@]2(C)CCCN2C(=O)[C@H](C(C)C)NC(=O)[C@H](Cc2ccccc2)NC(=O)CSCCNC(=O)[C@H](Cc2ccccc2)N(C)C(=O)[C@H](CC(C)C)NC(=O)[C@H](Cc2cccc3ccccc23)NC1=O,9.10790539730952,0.78,1,CHEMBL5183416,Human immunodeficiency virus type 1 protease
CC(C)C[C@@H]1NC(=O)[C@H](C(C)C)NC(=O)[C@]2(C)CCCN2C(=O)[C@H](C(C)C)NC(=O)[C@H](Cc2ccccc2)NC(=O)CSCCNC(=O)[C@H](Cc2ccccc2)NC(=O)[C@H](Cc2ccccc2)N(C)C(=O)[C@H](CC(C)C)NC(=O)[C@H](CCC2CCCCC2)NC1=O,8.6345120151091,2.32,1,CHEMBL5189547,Human immunodeficiency virus type 1 protease
CC(C)C[C@@H]1NC(=O)[C@](C)(C(C)C)NC(=O)[C@@H]2CCCN2C(=O)[C@H](C(C)C)NC(=O)[C@H](Cc2ccccc2)NC(=O)CSCCNC(=O)[C@H](Cc2ccccc2)N(C)C(=O)[C@H](CC(C)C)NC(=O)[C@H](Cc2cccc3ccccc23)NC1=O,9.356547323513812,0.44,1,CHEMBL5175402,Human immunodeficiency virus type 1 protease
CC(C)C[C@@H]1[C@H](OC(=O)N[C@@H](Cc2ccccc2)[C@H](O)CN2C[C@H]3CCCC[C@H]3C[C@H]2C(=O)NC(C)(C)C)CCS1(=O)=O,7.522878745280337,30.0,1,CHEMBL170576,Human immunodeficiency virus type 1 protease
CC(C)C[C@@]1(C2=C(O)[C@](Cc3ccccc3)(C[C@H](O)[C@@H](CC(=O)OC(C)(C)C)Cc3ccccc3)N=C2)N=CC([C@@H](Cc2ccccc2)C(N)=O)=C1O,8.0,10.0,1,CHEMBL431534,Human immunodeficiency virus type 1 protease
CC(C)C[C@@]1(C2=C(O)[C@](Cc3ccccc3)(C[C@H](O)[C@@H](CC(=O)OC3CCOC3)Cc3ccccc3)N=C2)N=CC([C@@H](Cc2ccccc2)C(N)=O)=C1O,8.886056647693163,1.3,1,CHEMBL53107,Human immunodeficiency virus type 1 protease
CC(C)C[C@@]1(C2=C(O)[C@](Cc3ccccc3)(C[C@H](O)[C@H](Cc3ccccc3)NC(=O)OC(C)(C)C)N=C2)N=CC([C@@H](Cc2ccccc2)C(N)=O)=C1O,8.0,10.0,2,CHEMBL70140,Human immunodeficiency virus type 1 protease
CC(C)C[C@@]1(C2=C(O)[C@](Cc3ccccc3)(C[C@H](O)[C@H](Cc3ccccc3)NC(=O)O[C@@H]3CCOC3)N=C2)N=CC([C@@H](Cc2ccccc2)C(N)=O)=C1O,8.886056647693163,1.3,1,CHEMBL304805,Human immunodeficiency virus type 1 protease
CC(C)C[C@H](CO)NC(=O)[C@@H]1N[C@@H]([C@H](NC(=O)Cc2ccccc2)C(=O)NCc2ccccc2)SC1(C)C,5.337242168318426,4600.0,1,CHEMBL108174,Human immunodeficiency virus type 1 protease
CC(C)C[C@H](COCc1ccccc1)NC(=O)C(F)(F)C(=O)C(Cc1ccc(OCc2ccccc2)cc1)NC(=O)[C@@H](NC(=O)OCc1ccccc1)C(C)C,8.744727494896694,1.8,1,CHEMBL280358,Human immunodeficiency virus type 1 protease
CC(C)C[C@H](NC(=O)CCCCCCCCCCCCCCC(=O)N[C@@H](CC(N)=O)C(=O)N[C@@H](Cc1ccccc1)C(=O)O)C(=O)N[C@@H](Cc1ccccc1)C(N)=O,4.958607314841775,11000.0,1,CHEMBL185579,Human immunodeficiency virus type 1 protease
CC(C)C[C@H](NC(=O)OCc1ccccc1)C(=O)NC(Cc1ccc(OCc2ccccc2)cc1)C(=O)C(F)(F)C(=O)NCc1ccccc1,7.823908740944319,15.0,1,CHEMBL309464,Human immunodeficiency virus type 1 protease
CC(C)C[C@H](NC(=O)OCc1ccccc1)C(=O)N[C@@H](Cc1ccccc1)C(O)[C@H](Cc1ccccc1)NC(=O)[C@@H](CC(C)C)NC(=O)OCc1ccccc1,7.0,100.0,1,CHEMBL88254,Human immunodeficiency virus type 1 protease
CC(C)C[C@H](NC(=O)[C@@H](NC(=O)CCCCCCCCCCCCCCC(=O)N(C)[C@@H](C(N)=O)C(=O)N[C@H](Cc1ccccc1)C(=O)O)[C@H](C)O)C(=O)N[C@@H](Cc1ccccc1)C(N)=O,5.346787486224656,4500.0,1,CHEMBL1790139,Human immunodeficiency virus type 1 protease
CC(C)C[C@H](NC(=O)[C@@H](NC(=O)CCCCCCCCCCCCCCC(=O)N[C@@H](C(N)=O)C(=O)N(C)[C@H](Cc1ccccc1)C(=O)O)[C@H](C)O)C(=O)NCCc1ccccc1,5.236572006437063,5800.0,1,CHEMBL1790126,Human immunodeficiency virus type 1 protease
CC(C)C[C@H](NC(=O)[C@@H](NC(=O)CCCCCCCCCCCCCCC(=O)N[C@@H](C(N)=O)C(=O)N(C)[C@H](Cc1ccccc1)C(=O)O)[C@H](C)O)C(=O)N[C@@H](Cc1ccccc1)C(N)=O,5.017728766960431,9600.0,1,CHEMBL1790127,Human immunodeficiency virus type 1 protease
CC(C)C[C@H](NC(=O)[C@@H](NC(=O)CCCCCCCCCCCCCCC(=O)N[C@@H](C(N)=O)C(=O)N[C@H](Cc1ccccc1)C(=O)O)[C@H](C)O)C(=O)N(C)[C@@H](Cc1ccccc1)C(N)=O,4.886056647693163,13000.0,1,CHEMBL1790138,Human immunodeficiency virus type 1 protease
CC(C)C[C@H](NC(=O)[C@@H](NC(=O)CCCCCCCCCCCCCCC(=O)N[C@@H](C(N)=O)C(=O)N[C@H](Cc1ccccc1)C(=O)O)[C@H](C)O)C(=O)N[C@@H](Cc1ccccc1)C(N)=O,5.229147988357856,5900.0,1,CHEMBL1790133,Human immunodeficiency virus type 1 protease
CC(C)C[C@H](NC(=O)[C@@H](NC(=O)CCCCCCCCCCCCCCC(=O)N[C@@H](CC(N)=O)C(=O)N[C@@H](Cc1ccccc1)C(=O)O)[C@@H](C)O)C(=O)NCCc1ccc(N)cc1,6.187086643357144,650.0,1,CHEMBL5290854,Human immunodeficiency virus type 1 protease
CC(C)C[C@H](NC(=O)[C@@H](NC(=O)CCCCCCCCCCCCCCC(=O)N[C@@H](CC(N)=O)C(=O)N[C@@H](Cc1ccccc1)C(=O)O)[C@@H](C)O)C(=O)NCCc1ccc(Oc2ccc(O)cc2)cc1,7.017728766960431,96.0,1,CHEMBL5268156,Human immunodeficiency virus type 1 protease
CC(C)C[C@H](NC(=O)[C@@H](NC(=O)CCCCCCCCCCCCCCC(=O)N[C@@H](CC(N)=O)C(=O)N[C@@H](Cc1ccccc1)C(=O)O)[C@@H](C)O)C(=O)NCCc1cccc(O)c1,5.94692155651658,1130.0,1,CHEMBL5272766,Human immunodeficiency virus type 1 protease
CC(C)C[C@H](NC(=O)[C@@H](NC(=O)CCCCCCCCCCCCCCC(=O)N[C@@H](CC(N)=O)C(=O)N[C@@H](Cc1ccccc1)C(=O)O)[C@@H](C)O)C(=O)NCCc1ccccc1,5.236572006437063,5800.0,1,CHEMBL5290272,Human immunodeficiency virus type 1 protease
CC(C)C[C@H](NC(=O)[C@@H](NC(=O)CCCCCCCCCCCCCCC(=O)N[C@@H](CC(N)=O)C(=O)N[C@@H](Cc1ccccc1)C(=O)O)[C@H](C)O)C(=O)N[C@@H](Cc1ccccc1)C(N)=O,5.267606240177032,5400.0,1,CHEMBL449777,Human immunodeficiency virus type 1 protease
CC(C)C[C@H](NC(=O)[C@@H](NC(=O)CCCCCCCCCCCCCCC(=O)N[C@H](CC(=O)N[C@@H](Cc1ccccc1)C(=O)O)C(N)=O)C(C)O)C(=O)N[C@@H](Cc1ccccc1)C(N)=O,8.267606240177031,5.4,1,CHEMBL195072,Human immunodeficiency virus type 1 protease
CC(C)C[C@H](NC(=O)[C@@H](NC(=O)CCCOc1ccc2ccc(OCCCC(=O)N[C@H](C(=O)N[C@@H](CC(C)C)C(=O)N[C@H](C(=O)O)C(C)C)C(C)O)cc2c1)C(C)O)C(=O)N[C@H](C(=O)O)C(C)C,5.0,10000.0,1,CHEMBL172440,Human immunodeficiency virus type 1 protease
CC(C)C[C@H](NC(=O)[C@@H](NC(=O)CCCOc1cccc(OCCCC(=O)N[C@H](C(=O)N[C@@H](CC(C)C)C(=O)N[C@H](C(=O)O)C(C)C)C(C)O)n1)C(C)O)C(=O)N[C@H](C(=O)O)C(C)C,4.468521082957745,34000.0,1,CHEMBL172031,Human immunodeficiency virus type 1 protease
CC(C)C[C@H](NC(=O)[C@@H](NC(=O)[C@H](C)NC(=O)CNC(=O)CSCC1CCN2CCC(CO[Si](c3ccccc3)(c3ccccc3)C(C)(C)C)N=C2N1)[C@@H](C)OCc1ccccc1)C(=O)N[C@@H](CC(N)=O)C(=O)N[C@@H](Cc1ccccc1)C(=O)O,4.958607314841775,11000.0,1,CHEMBL2068518,Human immunodeficiency virus type 1 protease
CC(C)C[C@H](NC(=O)[C@@H](NC(=O)[C@H](C)NC(=O)CNC(=O)CSCC1CCN2CCC(CO[Si](c3ccccc3)(c3ccccc3)C(C)(C)C)N=C2N1)[C@@H](C)OCc1ccccc1)C(=O)N[C@@H](CC(N)=O)C(=O)N[C@@H](Cc1ccccc1)C(=O)OCc1ccccc1,5.747425010840047,1800.0,2,CHEMBL2068409,Human immunodeficiency virus type 1 protease
CC(C)C[C@H](NC(=O)[C@H](C)C[C@H](O)[C@H](Cc1ccccc1)NC(=O)OC(C)(C)C)C(=O)N[C@@H](Cc1ccccc1)C(N)=O,8.221848749616356,6.0,1,CHEMBL45953,Human immunodeficiency virus type 1 protease
CC(C)C[C@H](NC(=O)[C@H](C/C=C/c1ccccc1)C[C@H](O)[C@H](Cc1ccccc1)NC(=O)OC(C)(C)C)C(=O)N[C@@H](Cc1ccccc1)C(N)=O,9.731090452463363,0.19,2,CHEMBL47480,Human immunodeficiency virus type 1 protease
CC(C)C[C@H](NC(=O)[C@H](CCCc1ccccc1)C[C@H](O)[C@H](Cc1ccccc1)NC(=O)OC(C)(C)C)C(=O)N[C@@H](Cc1ccccc1)C(N)=O,9.443697499232712,0.36,1,CHEMBL291195,Human immunodeficiency virus type 1 protease
CC(C)C[C@H](NC(=O)[C@H](Cc1ccc(-c2ccccc2)cc1)C[C@H](O)[C@H](Cc1ccccc1)NC(=O)OC(C)(C)C)C(=O)N[C@@H](Cc1ccccc1)C(N)=O,9.366531544420413,0.43,1,CHEMBL298788,Human immunodeficiency virus type 1 protease
CC(C)C[C@H](NC(=O)[C@H](Cc1cccc2ccccc12)C[C@H](O)[C@H](Cc1ccccc1)NC(=O)OC(C)(C)C)C(=O)N[C@@H](Cc1ccccc1)C(N)=O,8.920818753952375,1.2,1,CHEMBL295345,Human immunodeficiency virus type 1 protease
CC(C)C[C@H](NC(=O)[C@H](Cc1ccccc1)CP(=O)(O)[C@H](Cc1ccccc1)NC(=O)OC(C)(C)C)C(=O)N[C@@H](Cc1ccccc1)C(N)=O,8.045757490560675,9.0,1,CHEMBL3350608,Human immunodeficiency virus type 1 protease
CC(C)C[C@H](NC(=O)[C@H](Cc1ccccc1)C[C@H](O)[C@@H](CC(=O)OC(C)(C)C)Cc1ccccc1)C(=O)N[C@@H](Cc1ccccc1)C(N)=O,9.221848749616356,0.6,1,CHEMBL52868,Human immunodeficiency virus type 1 protease
CC(C)C[C@H](NC(=O)[C@H](Cc1ccccc1)C[C@H](O)[C@H](Cc1ccccc1)NC(=O)CC(C)(C)C)C(=O)N[C@@H](Cc1ccccc1)C(N)=O,8.221848749616356,6.0,1,CHEMBL3143353,Human immunodeficiency virus type 1 protease
CC(C)C[C@H](NC(=O)[C@H](Cc1ccccc1)C[C@H](O)[C@H](Cc1ccccc1)NC(=O)OC(C)(C)C)C(=O)NC(=O)C(N)Cc1ccccc1,9.221848749616356,0.6,1,CHEMBL262300,Human immunodeficiency virus type 1 protease
CC(C)C[C@H](NC(=O)[C@H](Cc1ccccc1)C[C@H](O)[C@H](Cc1ccccc1)NC(=O)OC(C)(C)C)C(=O)NC(CO)Cc1ccccc1,8.823908740944319,1.5,1,CHEMBL97299,Human immunodeficiency virus type 1 protease
CC(C)C[C@H](NC(=O)[C@H](Cc1ccccc1)C[C@H](O)[C@H](Cc1ccccc1)NC(=O)OC(C)(C)C)C(=O)NCCCN(C)C,7.638272163982407,23.0,1,CHEMBL263236,Human immunodeficiency virus type 1 protease
CC(C)C[C@H](NC(=O)[C@H](Cc1ccccc1)C[C@H](O)[C@H](Cc1ccccc1)NC(=O)OC(C)(C)C)C(=O)NCCO,8.67778070526608,2.1,1,CHEMBL98284,Human immunodeficiency virus type 1 protease
CC(C)C[C@H](NC(=O)[C@H](Cc1ccccc1)C[C@H](O)[C@H](Cc1ccccc1)NC(=O)OC(C)(C)C)C(=O)NCCc1ccccc1,7.823908740944319,15.0,1,CHEMBL97558,Human immunodeficiency virus type 1 protease
CC(C)C[C@H](NC(=O)[C@H](Cc1ccccc1)C[C@H](O)[C@H](Cc1ccccc1)NC(=O)OC(C)(C)C)C(=O)NCc1ccccc1,8.853871964321762,1.4,1,CHEMBL97824,Human immunodeficiency virus type 1 protease
CC(C)C[C@H](NC(=O)[C@H](Cc1ccccc1)C[C@H](O)[C@H](Cc1ccccc1)NC(=O)OC(C)(C)C)C(=O)N[C@@H](Cc1ccccc1)C(N)=O,9.221848749616356,0.6,4,CHEMBL289195,Human immunodeficiency virus type 1 protease
CC(C)C[C@H](NC(=O)[C@H](Cc1ccccc1)C[C@H](O)[C@H](Cc1ccccc1)NC(=O)OC(C)(C)C)C(N)=O,8.0,10.0,1,CHEMBL99412,Human immunodeficiency virus type 1 protease
CC(C)C[C@H](NC(=O)[C@H](Cc1ccccc1)C[C@H](O)[C@H](Cc1ccccc1)NC(=O)[C@H](Cc1ccccc1)NC(=O)OC(C)(C)C)C(=O)N[C@@H](Cc1ccccc1)C(N)=O,7.698970004336019,20.0,1,CHEMBL3143341,Human immunodeficiency virus type 1 protease
CC(C)C[C@H](NC(=O)[C@H](Cc1ccccc1)C[C@H](O)[C@H](Cc1ccccc1)NC(=O)[C@H](Cc1ccccc1)NC(=O)[C@H](Cc1ccccc1)NC(=O)OC(C)(C)C)C(=O)N[C@@H](Cc1ccccc1)C(N)=O,9.0,1.0,1,CHEMBL3143349,Human immunodeficiency virus type 1 protease
CC(C)C[C@H](NC(=O)[C@H]([C@H](C)O)N(C)C(=O)CCCCCCCCCCCCCCC(=O)N[C@@H](C(N)=O)C(=O)N[C@H](Cc1ccccc1)C(=O)O)C(=O)N[C@@H](Cc1ccccc1)C(N)=O,5.080921907623926,8300.0,1,CHEMBL1790135,Human immunodeficiency virus type 1 protease
CC(C)C[C@H]1[C@@H](OC(=O)N[C@@H](Cc2ccccc2)[C@H](O)CN2C[C@H]3CCCC[C@H]3C[C@H]2C(=O)NC(C)(C)C)CCS1(=O)=O,7.920818753952375,12.0,1,CHEMBL353815,Human immunodeficiency virus type 1 protease
CC(C)N1CCC(CC(O)CCc2ccccc2C(=O)NC(C)(C)C)=C(C(=O)NC(C)(C)C)C1,4.154901959985743,70000.0,1,CHEMBL328536,Human immunodeficiency virus type 1 protease
CC(C)NC(=O)C(F)(F)C(=O)C(Cc1ccc(OCc2ccccc2)cc1)NC(=O)[C@@H](NC(=O)OCc1ccccc1)C(C)C,8.301029995663981,5.0,1,CHEMBL19973,Human immunodeficiency virus type 1 protease
CC(C)NC(=O)C[C@@H](C(=O)NC[C@@H](O)[C@H](Cc1ccccc1)NC(=O)OCc1ccccc1)C(C)(C)C,7.721246399047171,19.0,1,CHEMBL71852,Human immunodeficiency virus type 1 protease
CC(C)Nc1cccnc1N1CCN(C(=O)c2cc3cc(NS(C)(=O)=O)ccc3[nH]2)CC1,8.886056647693163,1.3,1,CHEMBL593,Human immunodeficiency virus type 1 protease
CC(C)OC(=O)N[C@@H](Cc1ccccc1)[C@H](O)CNC[C@@H](O)[C@H](Cc1ccccc1)NC(=O)OC(C)C,6.045757490560675,900.0,1,CHEMBL48175,Human immunodeficiency virus type 1 protease
CC(C)OC(=O)c1ccccc1CSc1c(O)cc(-c2ccccc2)oc1=O,7.468521082957745,34.0,1,CHEMBL276097,Human immunodeficiency virus type 1 protease
CC(C)[C@@H](C(=O)N[C@H]1Cc2ccccc2[C@H]1O)[C@@H](O)[C@H](O)[C@H](CC1CCCCC1)NC(=O)c1ccccc1,7.444059562181489,35.97,1,CHEMBL71863,Human immunodeficiency virus type 1 protease
CC(C)[C@@H](C(=O)N[C@H]1Cc2ccccc2[C@H]1O)[C@@H](O)[C@H](O)[C@H](CC1CCCCC1)NC(=O)c1ccccc1OCOc1ccccc1,6.268000501111618,539.51,1,CHEMBL71396,Human immunodeficiency virus type 1 protease
CC(C)[C@@H](C(=O)N[C@H]1Cc2ccccc2[C@H]1O)[C@@H](O)[C@H](O)[C@H](CC1CCCCC1)NC(=O)c1ccccc1OCSc1ccccc1,6.346999859889158,449.78,1,CHEMBL302516,Human immunodeficiency virus type 1 protease
CC(C)[C@@H](C(=O)N[C@H]1Cc2ccccc2[C@H]1O)[C@@H](O)[C@H](O)[C@H](CC1CCCCC1)NC(=O)c1ncccc1OCOc1ccccc1,6.268000501111618,539.51,1,CHEMBL302062,Human immunodeficiency virus type 1 protease
CC(C)[C@@H](C(=O)N[C@H]1Cc2ccccc2[C@H]1O)[C@@H](O)[C@H](O)[C@H](CC1CCCCC1)NC(=O)c1ncccc1OCSc1ccccc1,5.620000528471499,2398.83,1,CHEMBL308607,Human immunodeficiency virus type 1 protease
CC(C)[C@@H](CO)N1CC[C@@](Cc2ccccc2)(C[C@H](O)[C@H](Cc2ccccc2)NC(=O)OC(C)(C)C)C1=O,7.455931955649724,35.0,1,CHEMBL148090,Human immunodeficiency virus type 1 protease
CC(C)[C@@H](COCc1ccccc1)NC(=O)C(F)(F)C(=O)C(Cc1ccc(OCc2ccccc2)cc1)NC(=O)[C@H](NC(=O)OCc1ccccc1)C(C)C,5.698970004336019,2000.0,1,CHEMBL278823,Human immunodeficiency virus type 1 protease
CC(C)[C@@H](NC(=O)C[C@@H]1O[C@@H]1[C@H](Cc1ccccc1)NC(=O)[C@H](CC(N)=O)NC(=O)c1ccc2ccccc2n1)c1ccccc1,8.0,10.0,1,CHEMBL309837,Human immunodeficiency virus type 1 protease
CC(C)[C@@H]1CC[C@]2(C(=O)O)CC[C@]3(C)C(CCC4[C@@]5(C)CC[C@H](O)C(C)(C)C5CC[C@]43C)C12,3.661543506395395,218000.0,1,CHEMBL108505,Human immunodeficiency virus type 1 protease
CC(C)[C@@H]1CC[C@]2(C(=O)O)CC[C@]3(C)[C@H](CC[C@@H]4[C@@]5(C)CC[C@H](OC(=O)CC(C)(C)C(=O)O)C(C)(C)[C@@H]5CC[C@]43C)[C@@H]12,3.767003889607846,171000.0,1,CHEMBL266867,Human immunodeficiency virus type 1 protease
CC(C)[C@@H]1CC[C@]2(C(=O)O)CC[C@]3(C)[C@H](CC[C@@H]4[C@@]5(C)CC[C@H](OC(=O)CC(C)(C)CC(=O)O)C(C)(C)[C@@H]5CC[C@]43C)[C@@H]12,3.7772835288524167,167000.0,1,CHEMBL273768,Human immunodeficiency virus type 1 protease
CC(C)[C@@H]1CC[C@]2(C(=O)O)CC[C@]3(C)[C@H](CC[C@@H]4[C@@]5(C)CC[C@H](OC(=O)COCC(=O)O)C(C)(C)[C@@H]5CC[C@]43C)[C@@H]12,3.7594507517174,174000.0,1,CHEMBL269279,Human immunodeficiency virus type 1 protease
CC(C)[C@@H]1NC(=O)/C=C\CCCCCOc2ccc(cc2)C[C@@H]([C@H](O)CN2CC3CCCCC3C[C@H]2C(=O)NC(C)(C)C)NC1=O,7.6020599913279625,25.0,1,CHEMBL305063,Human immunodeficiency virus type 1 protease
CC(C)[C@@H]1NC(=O)/C=C\CCCCOc2ccc(cc2)C[C@@H]([C@H](O)CN2CC3CCCCC3C[C@H]2C(=O)NC(C)(C)C)NC1=O,8.045757490560675,9.0,1,CHEMBL431569,Human immunodeficiency virus type 1 protease
CC(C)[C@@H]1NC(=O)/C=C\CCCOc2ccc(cc2)C[C@@H]([C@H](O)CN2CC3CCCCC3C[C@H]2C(=O)NC(C)(C)C)NC1=O,8.136677139879543,7.3,1,CHEMBL306727,Human immunodeficiency virus type 1 protease
CC(C)[C@@H]1NC(=O)CCCCCCCOc2ccc(cc2)C[C@@H]([C@H](O)CN2CC3CCCCC3C[C@H]2C(=O)NC(C)(C)C)NC1=O,8.468521082957745,3.4,1,CHEMBL431387,Human immunodeficiency virus type 1 protease
CC(C)[C@@H]1NC(=O)CCCCCCOc2ccc(cc2)C[C@@H]([C@H](O)CN2CC3CCCCC3C[C@H]2C(=O)NC(C)(C)C)NC1=O,9.0,1.0,1,CHEMBL68313,Human immunodeficiency virus type 1 protease
CC(C)[C@@H]1NC(=O)CCCCCOc2ccc(cc2)C[C@@H]([C@H](O)CN2CC3CCCCC3C[C@H]2C(=O)NC(C)(C)C)NC1=O,8.823908740944319,1.5,1,CHEMBL433309,Human immunodeficiency virus type 1 protease
CC(C)[C@@H]1NC(=O)[C@@H](NC(=O)C(=O)C(Cc2ccccc2)NC(=O)OC(C)(C)C)Cc2ccc(cc2)OCCCNC1=O,7.886056647693163,13.0,1,CHEMBL430995,Human immunodeficiency virus type 1 protease
CC(C)[C@@H]1NC(=O)[C@@H](NC(=O)[C@@H](O)[C@H](Cc2ccccc2)NC(=O)OC(C)(C)C)Cc2ccc(cc2)OCCCNC1=O,7.0,100.0,1,CHEMBL71143,Human immunodeficiency virus type 1 protease
CC(C)[C@@H]1NC(=O)[C@@H](NC(=O)[C@H](O)[C@H](Cc2ccccc2)NC(=O)OC(C)(C)C)Cc2ccc(cc2)OCCCNC1=O,6.200659450546418,630.0,1,CHEMBL71646,Human immunodeficiency virus type 1 protease
CC(C)[C@@H]1NC(=O)[C@@H](NC(=O)[C@H](O)[C@H](Cc2ccccc2)NC(=O)[C@@H](N[C@H](C)NC(=O)OCc2ccccc2)C(C)C)Cc2ccc(cc2)OCCCNC1=O,8.0,10.0,1,CHEMBL71961,Human immunodeficiency virus type 1 protease
CC(C)[C@@H]1NC(=O)c2cc3ccccc3cc2OCCCOc2ccc(cc2)C[C@@H]([C@H](O)CN2CC3CCCCC3C[C@H]2C(=O)NC(C)(C)C)NC1=O,8.259637310505756,5.5,1,CHEMBL305466,Human immunodeficiency virus type 1 protease
CC(C)[C@@H]1NC(=O)c2ccccc2OCCCOc2ccc(cc2)C[C@@H]([C@H](O)CN2CC3CCCCC3C[C@H]2C(=O)NC(C)(C)C)NC1=O,8.096910013008056,8.0,1,CHEMBL306897,Human immunodeficiency virus type 1 protease
CC(C)[C@@H]1SCC[C@@H]1OC(=O)N[C@@H](Cc1ccccc1)[C@H](O)CN1C[C@H]2CCS[C@H]2C[C@H]1C(=O)NC(C)(C)C,8.585026652029182,2.6,1,CHEMBL100271,Human immunodeficiency virus type 1 protease
CC(C)[C@@H]1[C@H](OC(=O)N[C@@H](CSc2ccccc2)[C@H](O)CN2C[C@H]3CCS[C@H]3C[C@H]2C(=O)NC(C)(C)C)CCS1(=O)=O,9.3767507096021,0.42,1,CHEMBL97585,Human immunodeficiency virus type 1 protease
CC(C)[C@@H]1[C@H](OC(=O)N[C@@H](Cc2ccccc2)[C@H](O)CN2CCN(C(C)C)C[C@H]2C(=O)NC(C)(C)C)CCS1(=O)=O,7.2441251443275085,57.0,1,CHEMBL88755,Human immunodeficiency virus type 1 protease
CC(C)[C@@H]1[C@H](OC(=O)N[C@@H](Cc2ccccc2)[C@H](O)CN2CCN(C3CC(c4ccccc4)C3)C[C@H]2C(=O)NC(C)(C)C)CCS1(=O)=O,8.42021640338319,3.8,1,CHEMBL330565,Human immunodeficiency virus type 1 protease
CC(C)[C@@H]1[C@H](OC(=O)N[C@@H](Cc2ccccc2)[C@H](O)CN2CCN(C3CC3)C[C@H]2C(=O)NC(C)(C)C)CCS1(=O)=O,8.318758762624412,4.8,1,CHEMBL90313,Human immunodeficiency virus type 1 protease
CC(C)[C@@H]1[C@H](OC(=O)N[C@@H](Cc2ccccc2)[C@H](O)CN2CCN(C3CCC3)C[C@H]2C(=O)NC(C)(C)C)CCS1(=O)=O,7.704885689379921,19.9,2,CHEMBL314752,Human immunodeficiency virus type 1 protease
CC(C)[C@@H]1[C@H](OC(=O)N[C@@H](Cc2ccccc2)[C@H](O)CN2CCN(C3CCCC3)C[C@H]2C(=O)NC(C)(C)C)CCS1(=O)=O,7.5156301432705295,34.4,2,CHEMBL90768,Human immunodeficiency virus type 1 protease
CC(C)[C@@H]1[C@H](OC(=O)N[C@@H](Cc2ccccc2)[C@H](O)CN2CCN(C3CCCCC3)C[C@H]2C(=O)NC(C)(C)C)CCS1(=O)=O,7.498050112717246,44.35,2,CHEMBL93162,Human immunodeficiency virus type 1 protease
CC(C)[C@@H]1[C@H](OC(=O)N[C@@H](Cc2ccccc2)[C@H](O)CN2CCN(C3CCCCCC3)C[C@H]2C(=O)NC(C)(C)C)CCS1(=O)=O,7.039053804266168,91.4,1,CHEMBL265548,Human immunodeficiency virus type 1 protease
CC(C)[C@@H]1[C@H](OC(=O)N[C@@H](Cc2ccccc2)[C@H](O)CN2CCN(C3CCOCC3)C[C@H]2C(=O)NC(C)(C)C)CCS1(=O)=O,7.460923901207224,34.6,1,CHEMBL88757,Human immunodeficiency virus type 1 protease
CC(C)[C@@H]1[C@H](OC(=O)N[C@@H](Cc2ccccc2)[C@H](O)CN2CCN(C3CCSC3)C[C@H]2C(=O)NC(C)(C)C)CCS1(=O)=O,8.080921907623926,8.3,1,CHEMBL328233,Human immunodeficiency virus type 1 protease
CC(C)[C@@H]1[C@H](OC(=O)N[C@@H](Cc2ccccc2)[C@H](O)CN2CCN(C3CCSCC3)C[C@H]2C(=O)NC(C)(C)C)CCS1(=O)=O,6.623423042943488,238.0,1,CHEMBL90645,Human immunodeficiency virus type 1 protease
CC(C)[C@@H]1[C@H](OC(=O)N[C@@H](Cc2ccccc2)[C@H](O)CN2CCN(C3Cc4ccccc4C3)C[C@H]2C(=O)NC(C)(C)C)CCS1(=O)=O,8.275724130399212,5.3,1,CHEMBL91610,Human immunodeficiency virus type 1 protease
CC(C)[C@@H]1[C@H](OC(=O)N[C@@H](Cc2ccccc2)[C@H](O)CN2CCN(CC(C)(C)C)C[C@H]2C(=O)NC(C)(C)C)CCS1(=O)=O,7.318758762624412,48.0,1,CHEMBL330739,Human immunodeficiency virus type 1 protease
CC(C)[C@@H]1[C@H](OC(=O)N[C@@H](Cc2ccccc2)[C@H](O)CN2CCN(CCc3cccs3)C[C@H]2C(=O)NC(C)(C)C)CCS1(=O)=O,9.229147988357855,0.59,1,CHEMBL301260,Human immunodeficiency virus type 1 protease
CC(C)[C@@H]1[C@H](OC(=O)N[C@@H](Cc2ccccc2)[C@H](O)CN2CCN(CCc3ccsc3)C[C@H]2C(=O)NC(C)(C)C)CCS1(=O)=O,8.795880017344075,1.6,1,CHEMBL57238,Human immunodeficiency virus type 1 protease
CC(C)[C@@H]1[C@H](OC(=O)N[C@@H](Cc2ccccc2)[C@H](O)CN2CCN(Cc3cc(Br)cs3)C[C@H]2C(=O)NC(C)(C)C)CCS1(=O)=O,9.744727494896694,0.18,1,CHEMBL292193,Human immunodeficiency virus type 1 protease
CC(C)[C@@H]1[C@H](OC(=O)N[C@@H](Cc2ccccc2)[C@H](O)CN2CCN(Cc3cc(Cl)cc(Cl)c3)C[C@H]2C(=O)NC(C)(C)C)CCS1(=O)=O,7.161150909262744,69.0,1,CHEMBL308845,Human immunodeficiency virus type 1 protease
CC(C)[C@@H]1[C@H](OC(=O)N[C@@H](Cc2ccccc2)[C@H](O)CN2CCN(Cc3cc4ccccc4s3)C[C@H]2C(=O)NC(C)(C)C)CCS1(=O)=O,10.0,0.1,1,CHEMBL293992,Human immunodeficiency virus type 1 protease
CC(C)[C@@H]1[C@H](OC(=O)N[C@@H](Cc2ccccc2)[C@H](O)CN2CCN(Cc3cc4ccsc4s3)C[C@H]2C(=O)NC(C)(C)C)CCS1(=O)=O,9.958607314841775,0.11,1,CHEMBL294392,Human immunodeficiency virus type 1 protease
CC(C)[C@@H]1[C@H](OC(=O)N[C@@H](Cc2ccccc2)[C@H](O)CN2CCN(Cc3cc4sccc4s3)C[C@H]2C(=O)NC(C)(C)C)CCS1(=O)=O,9.494850021680094,0.32,1,CHEMBL301269,Human immunodeficiency virus type 1 protease
CC(C)[C@@H]1[C@H](OC(=O)N[C@@H](Cc2ccccc2)[C@H](O)CN2CCN(Cc3ccc(-c4cccs4)s3)C[C@H]2C(=O)NC(C)(C)C)CCS1(=O)=O,10.397940008672037,0.04,1,CHEMBL300140,Human immunodeficiency virus type 1 protease
CC(C)[C@@H]1[C@H](OC(=O)N[C@@H](Cc2ccccc2)[C@H](O)CN2CCN(Cc3ccc(Br)s3)C[C@H]2C(=O)NC(C)(C)C)CCS1(=O)=O,9.602059991327963,0.25,1,CHEMBL410311,Human immunodeficiency virus type 1 protease
CC(C)[C@@H]1[C@H](OC(=O)N[C@@H](Cc2ccccc2)[C@H](O)CN2CCN(Cc3ccc4ccccc4c3)C[C@H]2C(=O)NC(C)(C)C)CCS1(=O)=O,7.267606240177032,54.0,1,CHEMBL310485,Human immunodeficiency virus type 1 protease
CC(C)[C@@H]1[C@H](OC(=O)N[C@@H](Cc2ccccc2)[C@H](O)CN2CCN(Cc3cccc(O)c3)C[C@H]2C(=O)NC(C)(C)C)CCS1(=O)=O,6.896196279044043,127.0,1,CHEMBL309582,Human immunodeficiency virus type 1 protease
CC(C)[C@@H]1[C@H](OC(=O)N[C@@H](Cc2ccccc2)[C@H](O)CN2CCN(Cc3cccnc3)C[C@H]2C(=O)NC(C)(C)C)CCS1(=O)=O,7.823908740944319,15.0,1,CHEMBL75833,Human immunodeficiency virus type 1 protease
CC(C)[C@@H]1[C@H](OC(=O)N[C@@H](Cc2ccccc2)[C@H](O)CN2CCN(Cc3cccs3)C[C@H]2C(=O)NC(C)(C)C)CCS1(=O)=O,9.221848749616356,0.6,1,CHEMBL57566,Human immunodeficiency virus type 1 protease
CC(C)[C@@H]1[C@H](OC(=O)N[C@@H](Cc2ccccc2)[C@H](O)CN2CCN(Cc3ccncc3)C[C@H]2C(=O)NC(C)(C)C)CCS1(=O)=O,7.887733468696958,65.15,2,CHEMBL72487,Human immunodeficiency virus type 1 protease
CC(C)[C@@H]1[C@H](OC(=O)N[C@@H](Cc2ccccc2)[C@H](O)CN2CCN(Cc3ccsc3)C[C@H]2C(=O)NC(C)(C)C)CCS1(=O)=O,8.443697499232712,3.6,1,CHEMBL56247,Human immunodeficiency virus type 1 protease
CC(C)[C@@H]1[C@H](OC(=O)N[C@@H](Cc2ccccc2)[C@H](O)CN2CCN(Cc3csc4ccc(Cl)cc34)C[C@H]2C(=O)NC(C)(C)C)CCS1(=O)=O,9.327902142064282,0.47,1,CHEMBL60697,Human immunodeficiency virus type 1 protease
CC(C)[C@@H]1[C@H](OC(=O)N[C@@H](Cc2ccccc2)[C@H](O)CN2C[C@H]3CCCC[C@H]3C[C@H]2C(=O)NC(C)(C)C)CCS1(=O)=O,8.455931955649724,3.5,3,CHEMBL18067,Human immunodeficiency virus type 1 protease
CC(C)[C@@H]1[C@H](OC(=O)N[C@@H](Cc2ccccc2)[C@H](O)CN2C[C@H]3CCC[C@H]3C[C@H]2C(=O)NC(C)(C)C)CCS1(=O)=O,8.522878745280337,3.0,1,CHEMBL17788,Human immunodeficiency virus type 1 protease
CC(C)[C@@H]1[C@H](OC(=O)N[C@@H](Cc2ccccc2)[C@H](O)CN2C[C@H]3CCS[C@H]3C[C@H]2C(=O)NC(C)(C)C)CCS1(=O)=O,8.886056647693163,1.3,1,CHEMBL316718,Human immunodeficiency virus type 1 protease
CC(C)[C@H](CCc1ccccc1)NC(=O)C(F)(F)C(=O)C(Cc1ccc(OCc2ccccc2)cc1)NC(=O)[C@@H](NC(=O)OCc1ccccc1)C(C)C,7.886056647693163,13.0,1,CHEMBL20135,Human immunodeficiency virus type 1 protease
CC(C)[C@H](CO)NC(=O)[C@@H]1N[C@@H]([C@H](NC(=O)Cc2ccccc2)C(=O)NCc2ccccc2)SC1(C)C,5.327902142064283,4700.0,1,CHEMBL105679,Human immunodeficiency virus type 1 protease
CC(C)[C@H](COCc1ccccc1)NC(=O)C(F)(F)C(=O)C(Cc1ccc(OCc2ccccc2)cc1)NC(=O)[C@H](NC(=O)OCc1ccccc1)C(C)C,7.221848749616356,60.0,1,CHEMBL262702,Human immunodeficiency virus type 1 protease
CC(C)[C@H](COCc1ccccc1)NC(=O)C(F)(F)[C@@H](O)C(Cc1ccc(OCc2ccccc2)cc1)NC(=O)[C@@H](NC(=O)OCc1ccccc1)C(C)C,8.18045606445813,6.6,1,CHEMBL278084,Human immunodeficiency virus type 1 protease
CC(C)[C@H](COCc1ccccc1)NC(=O)C(F)(F)[C@H](O)C(Cc1ccc(OCc2ccccc2)cc1)NC(=O)[C@@H](NC(=O)OCc1ccccc1)C(C)C,8.301029995663981,5.0,1,CHEMBL19752,Human immunodeficiency virus type 1 protease
CC(C)[C@H](Cc1ccccc1)NC(=O)C[C@@H]1O[C@@H]1[C@H](Cc1ccccc1)NC(=O)[C@H](CC(N)=O)NC(=O)c1ccc2ccccc2n1,8.0,10.0,1,CHEMBL79128,Human immunodeficiency virus type 1 protease
CC(C)[C@H](N)C(=O)N[C@@H](Cc1ccccc1)C(O)[C@H](Cc1ccccc1)NC(=O)[C@@H](N)C(C)C,6.229147988357855,590.0,1,CHEMBL3351009,Human immunodeficiency virus type 1 protease
CC(C)[C@H](N)C(=O)N[C@@H](Cc1ccccc1)[C@@H](O)CN(Cc1ccccc1)NC(=O)[C@H](N)C(C)C.Cl.Cl,4.0,100000.0,1,CHEMBL558219,Human immunodeficiency virus type 1 protease
CC(C)[C@H](NC(=O)/C=C/c1ccccn1)C(=O)N[C@@H](Cc1ccccc1)[C@@H](O)[C@@H](O)[C@H](Cc1ccccc1)NC(=O)[C@H](NC(=O)/C=C/c1ccccn1)C(C)C,9.0,1.0,1,CHEMBL113451,Human immunodeficiency virus type 1 protease
CC(C)[C@H](NC(=O)/C=C/c1cccnc1)C(=O)N[C@@H](Cc1ccccc1)C(O)[C@H](Cc1ccccc1)NC(=O)[C@H](NC(=O)/C=C/c1cccnc1)C(C)C,8.657577319177793,2.2,1,CHEMBL113626,Human immunodeficiency virus type 1 protease
CC(C)[C@H](NC(=O)/C=C/c1cccnc1)C(=O)N[C@@H](Cc1ccccc1)[C@@H](O)[C@@H](O)[C@H](Cc1ccccc1)NC(=O)[C@H](NC(=O)/C=C/c1cccnc1)C(C)C,8.275724130399212,5.3,1,CHEMBL111957,Human immunodeficiency virus type 1 protease
CC(C)[C@H](NC(=O)C(O)(c1ccccc1)c1ccccc1)C(=O)N[C@@H](Cc1ccccc1)C[C@H](O)[C@H](Cc1ccccc1)NC(=O)[C@@H](NC(=O)C(O)(c1ccccc1)c1ccccc1)C(C)C,6.795880017344075,160.0,1,CHEMBL316766,Human immunodeficiency virus type 1 protease
CC(C)[C@H](NC(=O)C(O)(c1ccccc1)c1ccccc1)C(=O)N[C@@H](Cc1ccccc1)[C@@H](O)[C@H](O)[C@H](Cc1ccccc1)NC(=O)[C@@H](NC(=O)C(O)(c1ccccc1)c1ccccc1)C(C)C,5.1938200260161125,6400.0,1,CHEMBL322644,Human immunodeficiency virus type 1 protease
CC(C)[C@H](NC(=O)C1Cc2ccccc2CN1)C(=O)N[C@@H](Cc1ccccc1)C(O)[C@H](Cc1ccccc1)NC(=O)[C@H](NC(=O)C1Cc2ccccc2CN1)C(C)C,8.148741651280925,7.1,1,CHEMBL419580,Human immunodeficiency virus type 1 protease
CC(C)[C@H](NC(=O)CC1NC(=O)NC1=O)C(=O)N[C@@H](Cc1ccccc1)C[C@H](O)[C@H](Cc1ccccc1)NC(=O)[C@@H](NC(=O)CC1NC(=O)NC1=O)C(C)C,9.0,1.0,1,CHEMBL317907,Human immunodeficiency virus type 1 protease
CC(C)[C@H](NC(=O)CC1NC(=O)NC1=O)C(=O)N[C@@H](Cc1ccccc1)[C@@H](O)[C@H](O)[C@H](Cc1ccccc1)NC(=O)[C@@H](NC(=O)CC1NC(=O)NC1=O)C(C)C,8.017728766960431,9.6,1,CHEMBL103783,Human immunodeficiency virus type 1 protease
CC(C)[C@H](NC(=O)CCN1CCOCC1)C(=O)N[C@@H](Cc1ccccc1)[C@@H](O)[C@@H](O)[C@H](Cc1ccccc1)NC(=O)[C@H](NC(=O)CCN1CCOCC1)C(C)C,7.638272163982407,23.0,1,CHEMBL109699,Human immunodeficiency virus type 1 protease
CC(C)[C@H](NC(=O)CCc1ccccn1)C(=O)N[C@@H](Cc1ccccc1)C(O)[C@H](Cc1ccccc1)NC(=O)[C@H](NC(=O)CCc1ccccn1)C(C)C,7.920818753952375,12.0,1,CHEMBL331829,Human immunodeficiency virus type 1 protease
CC(C)[C@H](NC(=O)CCc1cccnc1)C(=O)NC(Cc1ccc(OCc2ccccc2)cc1)C(=O)C(F)(F)C(=O)NCc1ccccc1,8.096910013008056,8.0,1,CHEMBL79362,Human immunodeficiency virus type 1 protease
CC(C)[C@H](NC(=O)CCc1cccnc1)C(=O)N[C@@H](Cc1ccccc1)C(O)[C@H](Cc1ccccc1)NC(=O)[C@H](NC(=O)CCc1cccnc1)C(C)C,7.657577319177793,22.0,1,CHEMBL109220,Human immunodeficiency virus type 1 protease
CC(C)[C@H](NC(=O)CCc1cccnc1)C(=O)N[C@@H](Cc1ccccc1)[C@@H](O)[C@@H](O)[C@H](Cc1ccccc1)NC(=O)[C@H](NC(=O)CCc1cccnc1)C(C)C,8.823908740944319,1.5,1,CHEMBL324916,Human immunodeficiency virus type 1 protease
CC(C)[C@H](NC(=O)CN1CCOCC1)C(=O)N[C@@H](Cc1ccccc1)[C@@H](O)[C@@H](O)[C@H](Cc1ccccc1)NC(=O)[C@H](NC(=O)CN1CCOCC1)C(C)C,8.1249387366083,7.5,1,CHEMBL112846,Human immunodeficiency virus type 1 protease
CC(C)[C@H](NC(=O)COc1cccc2ccccc12)C(=O)N[C@@H](Cc1ccccc1)[C@H](O)C(=O)N1CCC[C@H]1C(=O)NC(C)(C)C,8.721132141090864,1.9005,2,CHEMBL335391,Human immunodeficiency virus type 1 protease
CC(C)[C@H](NC(=O)CSc1ncccn1)C(=O)N[C@@H](Cc1ccccc1)C[C@H](O)[C@H](Cc1ccccc1)NC(=O)[C@@H](NC(=O)CSc1ncccn1)C(C)C,9.0,1.0,1,CHEMBL100412,Human immunodeficiency virus type 1 protease
CC(C)[C@H](NC(=O)CSc1ncccn1)C(=O)N[C@@H](Cc1ccccc1)[C@@H](O)[C@H](O)[C@H](Cc1ccccc1)NC(=O)[C@@H](NC(=O)CSc1ncccn1)C(C)C,7.795880017344075,16.0,1,CHEMBL316767,Human immunodeficiency virus type 1 protease
CC(C)[C@H](NC(=O)Cc1ccccc1)C(=O)N[C@@H](Cc1ccccc1)[C@@H](O)CN(Cc1ccccc1)NC(=O)[C@H](NC(=O)Cc1ccccc1)C(C)C,6.443697499232712,360.0,1,CHEMBL94335,Human immunodeficiency virus type 1 protease
CC(C)[C@H](NC(=O)Cc1cccnc1)C(=O)N[C@@H](Cc1ccccc1)[C@@H](O)CN(Cc1ccccc1)NC(=O)[C@H](NC(=O)Cc1cccnc1)C(C)C,6.301029995663981,500.0,1,CHEMBL94271,Human immunodeficiency virus type 1 protease
CC(C)[C@H](NC(=O)Cc1csc(N)n1)C(=O)N[C@@H](Cc1ccccc1)C[C@H](O)[C@H](Cc1ccccc1)NC(=O)[C@@H](NC(=O)Cc1csc(N)n1)C(C)C,9.0,1.0,1,CHEMBL329239,Human immunodeficiency virus type 1 protease
CC(C)[C@H](NC(=O)Cc1csc(N)n1)C(=O)N[C@@H](Cc1ccccc1)[C@@H](O)[C@H](O)[C@H](Cc1ccccc1)NC(=O)[C@@H](NC(=O)Cc1csc(N)n1)C(C)C,7.920818753952375,12.0,1,CHEMBL321514,Human immunodeficiency virus type 1 protease
CC(C)[C@H](NC(=O)N(C)CCc1ccccn1)C(=O)N[C@@H](Cc1ccccc1)[C@@H](O)[C@@H](O)[C@H](Cc1ccccc1)NC(=O)[C@H](NC(=O)N(C)CCc1ccccn1)C(C)C,7.657577319177793,22.0,1,CHEMBL442010,Human immunodeficiency virus type 1 protease
CC(C)[C@H](NC(=O)N(C)CCc1ccccn1)C(=O)N[C@@H](Cc1ccccc1)[C@@H](O)[C@H](O)[C@H](Cc1ccccc1)NC(=O)[C@H](NC(=O)N(C)CCc1ccccn1)C(C)C,8.2839966563652,5.2,1,CHEMBL323955,Human immunodeficiency virus type 1 protease
CC(C)[C@H](NC(=O)N(C)CCc1ccccn1)C(=O)N[C@@H](Cc1ccccc1)[C@H](O)[C@H](O)[C@H](Cc1ccccc1)NC(=O)[C@H](NC(=O)N(C)CCc1ccccn1)C(C)C,7.508638306165727,31.0,1,CHEMBL263534,Human immunodeficiency virus type 1 protease
CC(C)[C@H](NC(=O)N(C)Cc1ccccn1)C(=O)N[C@@H](Cc1ccccc1)C(O)[C@H](Cc1ccccc1)NC(=O)[C@H](NC(=O)N(C)Cc1ccccn1)C(C)C,7.366531544420414,43.0,1,CHEMBL113554,Human immunodeficiency virus type 1 protease
CC(C)[C@H](NC(=O)N(C)Cc1ccccn1)C(=O)N[C@@H](Cc1ccccc1)[C@@H](O)[C@@H](O)[C@H](Cc1ccccc1)NC(=O)[C@H](NC(=O)N(C)Cc1ccccn1)C(C)C,8.779891911959945,1.66,1,CHEMBL113575,Human immunodeficiency virus type 1 protease
CC(C)[C@H](NC(=O)N(C)Cc1ccccn1)C(=O)N[C@@H](Cc1ccccc1)[C@@H](O)[C@H](O)[C@H](Cc1ccccc1)NC(=O)[C@H](NC(=O)N(C)Cc1ccccn1)C(C)C,9.0,1.0,1,CHEMBL112138,Human immunodeficiency virus type 1 protease
CC(C)[C@H](NC(=O)N(C)Cc1ccccn1)C(=O)N[C@@H](Cc1ccccc1)[C@H](O)[C@@H](O)[C@H](Cc1ccccc1)NC(=O)[C@H](NC(=O)N(C)Cc1cccnc1)C(C)C,9.0,1.0,1,CHEMBL111388,Human immunodeficiency virus type 1 protease
CC(C)[C@H](NC(=O)N(C)Cc1ccccn1)C(=O)N[C@@H](Cc1ccccc1)[C@H](O)[C@@H](O)[C@H](Cc1ccccc1)NC(=O)[C@H](NC(=O)N(C)Cc1csc(N)n1)C(C)C,9.0,1.0,1,CHEMBL326620,Human immunodeficiency virus type 1 protease
CC(C)[C@H](NC(=O)N(C)Cc1ccccn1)C(=O)N[C@@H](Cc1ccccc1)[C@H](O)[C@@H](O)[C@H](Cc1ccccc1)NC(=O)[C@H](NC(=O)N(C)Cc1cscn1)C(C)C,9.0,1.0,1,CHEMBL324163,Human immunodeficiency virus type 1 protease
CC(C)[C@H](NC(=O)N(C)Cc1ccccn1)C(=O)N[C@@H](Cc1ccccc1)[C@H](O)[C@@H](O)[C@H](Cc1ccccc1)NC(=O)[C@H](NC(=O)N(C)Cc1nccs1)C(C)C,9.0,1.0,1,CHEMBL269617,Human immunodeficiency virus type 1 protease
CC(C)[C@H](NC(=O)N(C)Cc1ccccn1)C(=O)N[C@@H](Cc1ccccc1)[C@H](O)[C@H](O)[C@H](Cc1ccccc1)NC(=O)[C@@H](NC(=O)N(C)Cc1ccccn1)C(C)C,9.0,1.0,1,CHEMBL73050,Human immunodeficiency virus type 1 protease
CC(C)[C@H](NC(=O)N(C)Cc1ccccn1)C(=O)N[C@@H](Cc1ccccc1)[C@H](O)[C@H](O)[C@H](Cc1ccccc1)NC(=O)[C@H](NC(=O)N(C)Cc1ccccn1)C(C)C,9.0,1.0,1,CHEMBL113377,Human immunodeficiency virus type 1 protease
CC(C)[C@H](NC(=O)N(C)Cc1cccnc1)C(=O)N[C@@H](Cc1ccccc1)[C@@H](O)[C@@H](O)[C@H](Cc1ccccc1)NC(=O)[C@H](NC(=O)N(C)Cc1cccnc1)C(C)C,8.795880017344075,1.6,1,CHEMBL331363,Human immunodeficiency virus type 1 protease
CC(C)[C@H](NC(=O)N(C)Cc1cccnc1)C(=O)N[C@@H](Cc1ccccc1)[C@@H](O)[C@H](O)[C@H](Cc1ccccc1)NC(=O)[C@H](NC(=O)N(C)Cc1cccnc1)C(C)C,9.0,1.0,1,CHEMBL333601,Human immunodeficiency virus type 1 protease
CC(C)[C@H](NC(=O)N(C)Cc1cccnc1)C(=O)N[C@@H](Cc1ccccc1)[C@H](O)[C@H](O)[C@H](Cc1ccccc1)NC(=O)[C@H](NC(=O)N(C)Cc1cccnc1)C(C)C,9.0,1.0,1,CHEMBL323809,Human immunodeficiency virus type 1 protease
CC(C)[C@H](NC(=O)N(C)Cc1csc(N)n1)C(=O)N[C@@H](Cc1ccccc1)[C@@H](O)[C@H](O)[C@H](Cc1ccccc1)NC(=O)[C@H](NC(=O)N(C)Cc1csc(N)n1)C(C)C,9.0,1.0,1,CHEMBL320743,Human immunodeficiency virus type 1 protease
CC(C)[C@H](NC(=O)N(C)Cc1cscn1)C(=O)N[C@@H](Cc1ccccc1)[C@@H](O)[C@@H](O)[C@H](Cc1ccccc1)NC(=O)[C@H](NC(=O)N(C)Cc1cscn1)C(C)C,9.0,1.0,1,CHEMBL324746,Human immunodeficiency virus type 1 protease
CC(C)[C@H](NC(=O)N(C)Cc1cscn1)C(=O)N[C@@H](Cc1ccccc1)[C@@H](O)[C@H](O)[C@H](Cc1ccccc1)NC(=O)[C@H](NC(=O)N(C)Cc1cscn1)C(C)C,9.0,1.0,1,CHEMBL115978,Human immunodeficiency virus type 1 protease
CC(C)[C@H](NC(=O)N(C)Cc1cscn1)C(=O)N[C@@H](Cc1ccccc1)[C@H](O)[C@@H](O)[C@H](Cc1ccccc1)NC(=O)[C@H](NC(=O)N(C)Cc1csc(N)n1)C(C)C,9.0,1.0,1,CHEMBL267793,Human immunodeficiency virus type 1 protease
CC(C)[C@H](NC(=O)N(C)Cc1cscn1)C(=O)N[C@@H](Cc1ccccc1)[C@H](O)[C@H](O)[C@H](Cc1ccccc1)NC(=O)[C@H](NC(=O)N(C)Cc1cscn1)C(C)C,9.0,1.0,1,CHEMBL114972,Human immunodeficiency virus type 1 protease
CC(C)[C@H](NC(=O)N(C)Cc1nc2ccccc2[nH]1)C(=O)N[C@@H](Cc1ccccc1)[C@@H](O)[C@@H](O)[C@H](Cc1ccccc1)NC(=O)[C@H](NC(=O)N(C)Cc1nc2ccccc2[nH]1)C(C)C,9.0,1.0,1,CHEMBL333600,Human immunodeficiency virus type 1 protease
CC(C)[C@H](NC(=O)N(C)Cc1nc2ccccc2[nH]1)C(=O)N[C@@H](Cc1ccccc1)[C@@H](O)[C@H](O)[C@H](Cc1ccccc1)NC(=O)[C@H](NC(=O)N(C)Cc1nc2ccccc2[nH]1)C(C)C,9.0,1.0,1,CHEMBL113355,Human immunodeficiency virus type 1 protease
CC(C)[C@H](NC(=O)N(C)Cc1nc2ccccc2[nH]1)C(=O)N[C@@H](Cc1ccccc1)[C@H](O)[C@H](O)[C@H](Cc1ccccc1)NC(=O)[C@H](NC(=O)N(C)Cc1nc2ccccc2[nH]1)C(C)C,9.0,1.0,1,CHEMBL112416,Human immunodeficiency virus type 1 protease
CC(C)[C@H](NC(=O)N(C)Cc1nccs1)C(=O)N[C@@H](Cc1ccccc1)[C@@H](O)[C@@H](O)[C@H](Cc1ccccc1)NC(=O)[C@H](NC(=O)N(C)Cc1nccs1)C(C)C,9.0,1.0,1,CHEMBL432806,Human immunodeficiency virus type 1 protease
CC(C)[C@H](NC(=O)N(C)Cc1nccs1)C(=O)N[C@@H](Cc1ccccc1)[C@@H](O)[C@H](O)[C@H](Cc1ccccc1)NC(=O)[C@H](NC(=O)N(C)Cc1nccs1)C(C)C,9.0,1.0,1,CHEMBL323918,Human immunodeficiency virus type 1 protease
CC(C)[C@H](NC(=O)N(C)Cc1nccs1)C(=O)N[C@@H](Cc1ccccc1)[C@H](O)[C@@H](O)[C@H](Cc1ccccc1)NC(=O)[C@H](NC(=O)N(C)Cc1csc(N)n1)C(C)C,9.0,1.0,1,CHEMBL323731,Human immunodeficiency virus type 1 protease
CC(C)[C@H](NC(=O)N(C)Cc1nccs1)C(=O)N[C@@H](Cc1ccccc1)[C@H](O)[C@H](O)[C@H](Cc1ccccc1)NC(=O)[C@H](NC(=O)N(C)Cc1nccs1)C(C)C,9.0,1.0,1,CHEMBL322805,Human immunodeficiency virus type 1 protease
CC(C)[C@H](NC(=O)N1CCN(C)CC1)C(=O)N[C@@H](Cc1ccccc1)[C@@H](O)[C@H](Cc1ccccc1)NC(=O)[C@H](NC(=O)OCc1ccccc1)C(C)C,7.552841968657781,28.0,1,CHEMBL411507,Human immunodeficiency virus type 1 protease
CC(C)[C@H](NC(=O)N1CCN(Cc2ccccc2)CC1)C(=O)N[C@@H](Cc1ccccc1)[C@@H](O)[C@@H](O)[C@H](Cc1ccccc1)NC(=O)[C@H](NC(=O)N1CCN(Cc2ccccc2)CC1)C(C)C,8.10790539730952,7.8,1,CHEMBL320321,Human immunodeficiency virus type 1 protease
CC(C)[C@H](NC(=O)N1CCN(Cc2ccccc2)CC1)C(=O)N[C@@H](Cc1ccccc1)[C@H](O)[C@H](O)[C@H](Cc1ccccc1)NC(=O)[C@H](NC(=O)N1CCN(Cc2ccccc2)CC1)C(C)C,8.045757490560675,9.0,1,CHEMBL330915,Human immunodeficiency virus type 1 protease
CC(C)[C@H](NC(=O)N1CCN(c2ccccc2)CC1)C(=O)N[C@@H](Cc1ccccc1)[C@@H](O)[C@@H](O)[C@H](Cc1ccccc1)NC(=O)[C@H](NC(=O)N1CCN(c2ccccc2)CC1)C(C)C,8.853871964321762,1.4,1,CHEMBL320322,Human immunodeficiency virus type 1 protease
CC(C)[C@H](NC(=O)N1CCOCC1)C(=O)N[C@@H](Cc1ccccc1)[C@@H](O)CN(Cc1ccccc1)NC(=O)[C@H](NC(=O)N1CCOCC1)C(C)C,5.698970004336019,2000.0,1,CHEMBL327985,Human immunodeficiency virus type 1 protease
CC(C)[C@H](NC(=O)N1CCOCC1)C(=O)N[C@@H](Cc1ccccc1)[C@H](O)[C@H](O)[C@H](Cc1ccccc1)NC(=O)[C@H](NC(=O)N1CCOCC1)C(C)C,7.366531544420414,43.0,1,CHEMBL322964,Human immunodeficiency virus type 1 protease
CC(C)[C@H](NC(=O)NCc1ccccn1)C(=O)N[C@@H](Cc1ccccc1)C(O)[C@H](Cc1ccccc1)NC(=O)[C@H](NC(=O)NCc1ccccn1)C(C)C,8.0,10.0,1,CHEMBL114192,Human immunodeficiency virus type 1 protease
CC(C)[C@H](NC(=O)OC(C)(C)C)C(=O)NC(Cc1ccc(OCc2ccccc2)cc1)C(=O)C(F)(F)C(=O)NCc1ccccc1,6.0,1000.0,1,CHEMBL311259,Human immunodeficiency virus type 1 protease
CC(C)[C@H](NC(=O)OC(C)(C)C)C(=O)N[C@@H](Cc1ccccc1)[C@@H](O)CN(Cc1ccccc1)NC(=O)[C@H](NC(=O)OC(C)(C)C)C(C)C,4.2839966563652006,52000.0,1,CHEMBL415698,Human immunodeficiency virus type 1 protease
CC(C)[C@H](NC(=O)OCC1CCCCN1C)C(=O)N[C@@H](Cc1ccccc1)[C@@H](O)[C@H](Cc1ccccc1)NC(=O)[C@H](NC(=O)OCc1ccccc1)C(C)C,7.200659450546418,63.0,1,CHEMBL110603,Human immunodeficiency virus type 1 protease
CC(C)[C@H](NC(=O)OCC1CCCN(C)C1)C(=O)N[C@@H](Cc1ccccc1)[C@@H](O)[C@H](Cc1ccccc1)NC(=O)[C@H](NC(=O)OCc1ccccc1)C(C)C,7.886056647693163,13.0,1,CHEMBL113264,Human immunodeficiency virus type 1 protease
CC(C)[C@H](NC(=O)OCCN1CCCC1)C(=O)N[C@@H](Cc1ccccc1)[C@@H](O)[C@H](Cc1ccccc1)NC(=O)[C@H](NC(=O)OCc1ccccc1)C(C)C,7.853871964321762,14.0,1,CHEMBL112569,Human immunodeficiency virus type 1 protease
CC(C)[C@H](NC(=O)OCCN1CCOCC1)C(=O)N[C@@H](Cc1ccccc1)C(O)[C@H](Cc1ccccc1)NC(=O)[C@H](NC(=O)OCCN1CCOCC1)C(C)C,6.7447274948966935,180.0,1,CHEMBL325847,Human immunodeficiency virus type 1 protease
CC(C)[C@H](NC(=O)OCCN1CCOCC1)C(=O)N[C@@H](Cc1ccccc1)[C@@H](O)[C@@H](O)[C@H](Cc1ccccc1)NC(=O)[C@H](NC(=O)OCCN1CCOCC1)C(C)C,7.698970004336019,20.0,1,CHEMBL333611,Human immunodeficiency virus type 1 protease
CC(C)[C@H](NC(=O)OCCN1CCOCC1)C(=O)N[C@@H](Cc1ccccc1)[C@@H](O)[C@H](Cc1ccccc1)NC(=O)[C@H](NC(=O)OCc1ccccc1)C(C)C,8.045757490560675,9.0,1,CHEMBL112412,Human immunodeficiency virus type 1 protease
CC(C)[C@H](NC(=O)OCc1ccccc1)C(=O)NC(Cc1ccc(OCc2ccccc2)cc1)C(=O)C(F)(F)C(=O)N1CCc2ccccc2C1,8.698970004336019,2.0,1,CHEMBL314234,Human immunodeficiency virus type 1 protease
CC(C)[C@H](NC(=O)OCc1ccccc1)C(=O)NC(Cc1ccc(OCc2ccccc2)cc1)C(=O)C(F)(F)C(=O)N[C@@H](C(=O)O)C(C)C,8.397940008672037,4.0,1,CHEMBL20143,Human immunodeficiency virus type 1 protease
CC(C)[C@H](NC(=O)OCc1ccccc1)C(=O)NC(Cc1ccc(OCc2ccccc2)cc1)C(=O)C(F)(F)C(=O)N[C@@H](C(=O)OC(C)(C)C)C(C)C,8.221848749616356,6.0,1,CHEMBL19545,Human immunodeficiency virus type 1 protease
CC(C)[C@H](NC(=O)OCc1ccccc1)C(=O)NC(Cc1ccc(OCc2ccccc2)cc1)C(=O)C(F)(F)C(=O)N[C@@H](COCc1ccccc1)c1ccccc1,9.0,1.0,1,CHEMBL283537,Human immunodeficiency virus type 1 protease
CC(C)[C@H](NC(=O)OCc1ccccc1)C(=O)NC(Cc1ccc(OCc2ccccc2)cc1)C(=O)C(F)(F)C(=O)N[C@H](COCc1ccccc1)C(C)C,7.3979400086720375,40.0,1,CHEMBL280398,Human immunodeficiency virus type 1 protease
CC(C)[C@H](NC(=O)OCc1ccccc1)C(=O)NC(Cc1ccccc1)C(=O)C(F)(F)C(=O)N1CCc2ccccc2C1,7.301029995663981,50.0,1,CHEMBL312809,Human immunodeficiency virus type 1 protease
CC(C)[C@H](NC(=O)OCc1ccccc1)C(=O)NN(Cc1ccccc1)C[C@H](O)[C@H](Cc1ccccc1)NC(=O)[C@H](NC(=O)OCc1ccccc1)C(C)C,4.0,100000.0,1,CHEMBL97849,Human immunodeficiency virus type 1 protease
CC(C)[C@H](NC(=O)OCc1ccccc1)C(=O)N[C@@H](Cc1ccccc1)C(O)[C@H](Cc1ccccc1)NC(=O)[C@@H](NC(=O)OCc1ccccc1)C(C)C,8.522878745280337,3.0,3,CHEMBL307193,Human immunodeficiency virus type 1 protease
CC(C)[C@H](NC(=O)OCc1ccccc1)C(=O)N[C@@H](Cc1ccccc1)C1(O)CCN(CCc2ccccc2)CC1,4.412289034981089,38700.0,1,CHEMBL69362,Human immunodeficiency virus type 1 protease
CC(C)[C@H](NC(=O)OCc1ccccc1)C(=O)N[C@@H](Cc1ccccc1)CC1(C[C@H](Cc2ccccc2)NC(=O)[C@@H](NC(=O)OCc2ccccc2)C(C)C)CCC(=O)N1,5.568636235841013,2700.0,1,CHEMBL3084791,Human immunodeficiency virus type 1 protease
CC(C)[C@H](NC(=O)OCc1ccccc1)C(=O)N[C@@H](Cc1ccccc1)[C@@H](O)CN(CC1CCCCC1)NC(=O)[C@@H](NC(=O)OCc1ccccc1)C(C)C,7.022276394711152,95.0,1,CHEMBL322171,Human immunodeficiency virus type 1 protease
CC(C)[C@H](NC(=O)OCc1ccccc1)C(=O)N[C@@H](Cc1ccccc1)[C@@H](O)CN(Cc1ccc(C#N)cc1)NC(=O)[C@@H](NC(=O)OCc1ccccc1)C(C)C,7.619788758288394,24.0,1,CHEMBL95462,Human immunodeficiency virus type 1 protease
CC(C)[C@H](NC(=O)OCc1ccccc1)C(=O)N[C@@H](Cc1ccccc1)[C@@H](O)CN(Cc1ccc(F)cc1)NC(=O)[C@@H](NC(=O)OCc1ccccc1)C(C)C,7.657577319177793,22.0,1,CHEMBL97512,Human immunodeficiency virus type 1 protease
CC(C)[C@H](NC(=O)OCc1ccccc1)C(=O)N[C@@H](Cc1ccccc1)[C@@H](O)CN(Cc1ccccc1)NC(=O)[C@H](NC(=O)OCc1ccccc1)C(C)C,7.481486060122112,33.0,1,CHEMBL97547,Human immunodeficiency virus type 1 protease
CC(C)[C@H](NC(=O)OCc1ccccc1)C(=O)N[C@@H](Cc1ccccc1)[C@@H](O)CNC(=O)[C@H](CC(=O)NC(C)(C)C)C(C)(C)C,7.301029995663981,50.0,1,CHEMBL69811,Human immunodeficiency virus type 1 protease
CC(C)[C@H](NC(=O)OCc1ccccc1)C(=O)N[C@@H](Cc1ccccc1)[C@@H](O)[C@@H](O)[C@H](Cc1ccccc1)NC(=O)[C@H](NC(=O)OCc1ccccc1)C(C)C,9.328788659588897,0.61,2,CHEMBL314298,Human immunodeficiency virus type 1 protease
CC(C)[C@H](NC(=O)OCc1ccccc1)C(=O)N[C@@H](Cc1ccccc1)[C@@H](O)[C@H](Cc1ccccc1)NC(=O)[C@H](NC(=O)OCc1ccccc1)C(C)C,8.522878745280337,3.0,3,CHEMBL430891,Human immunodeficiency virus type 1 protease
CC(C)[C@H](NC(=O)OCc1ccccc1)C(=O)N[C@@H](Cc1ccccc1)[C@@H](O)[C@H](O)[C@H](Cc1ccccc1)NC(=O)[C@@H](NC(=O)OCc1ccccc1)C(C)C,9.657577319177793,0.22,2,CHEMBL289846,Human immunodeficiency virus type 1 protease
CC(C)[C@H](NC(=O)OCc1ccccc1)C(=O)N[C@@H](Cc1ccccc1)[C@@H](O)[C@H](O)[C@H](Cc1ccccc1)NC(=O)[C@H](NC(=O)OCc1ccccc1)C(C)C,9.0,1.0,3,CHEMBL83462,Human immunodeficiency virus type 1 protease
CC(C)[C@H](NC(=O)OCc1ccccc1)C(=O)N[C@@H](Cc1ccccc1)[C@H](O)C(=O)N1CCC[C@H]1C(=O)NC(C)(C)C,8.366784188126577,4.297499999999999,2,CHEMBL3349662,Human immunodeficiency virus type 1 protease
CC(C)[C@H](NC(=O)OCc1ccccc1)C(=O)N[C@@H](Cc1ccccc1)[C@H](O)CN1CCCC[C@H]1C(=O)NC(C)(C)C,7.2076083105017466,62.0,1,CHEMBL302532,Human immunodeficiency virus type 1 protease
CC(C)[C@H](NC(=O)OCc1ccccc1)C(=O)N[C@@H](Cc1ccccc1)[C@H](O)CNC(=O)C1CCCC[C@H]1C(=O)NC(C)(C)C,6.853871964321762,140.0,1,CHEMBL308693,Human immunodeficiency virus type 1 protease
CC(C)[C@H](NC(=O)OCc1ccccc1)C(=O)N[C@@H](Cc1ccccc1)[C@H](O)CNC(=O)CCC(=O)NC(C)(C)C,5.0835460514500745,8250.0,1,CHEMBL67968,Human immunodeficiency virus type 1 protease
CC(C)[C@H](NC(=O)OCc1ccccc1)C(=O)N[C@@H](Cc1ccccc1)[C@H](O)CNC(=O)C[C@@H](C(=O)NC(C)(C)C)C(C)(C)C,6.903089986991944,125.0,1,CHEMBL69200,Human immunodeficiency virus type 1 protease
CC(C)[C@H](NC(=O)OCc1ccccc1)C(=O)N[C@@H](Cc1ccccc1)[C@H](O)CNC(=O)C[C@H](C(=O)NC(C)(C)C)C(C)(C)C,5.314258261397736,4850.0,1,CHEMBL302989,Human immunodeficiency virus type 1 protease
CC(C)[C@H](NC(=O)OCc1ccccc1)C(=O)N[C@@H](Cc1ccccc1)[C@H](O)CNC(=O)[C@@H](CC(=O)NC(C)(C)C)C(C)(C)C,7.6020599913279625,25.0,1,CHEMBL304804,Human immunodeficiency virus type 1 protease
CC(C)[C@H](NC(=O)OCc1ccccc1)C(=O)N[C@@H](Cc1ccccc1)[C@H](O)CNC(=O)[C@H](CC(=O)NC(C)(C)C)C(C)(C)C,8.522878745280337,3.0,1,CHEMBL68721,Human immunodeficiency virus type 1 protease
CC(C)[C@H](NC(=O)OCc1ccccc1)C(=O)N[C@@H](Cc1ccccc1)[C@H](O)[C@@H](O)[C@H](Cc1ccccc1)NC(=O)[C@@H](NC(=O)OCc1ccccc1)C(C)C,9.42021640338319,0.38,1,CHEMBL300968,Human immunodeficiency virus type 1 protease
CC(C)[C@H](NC(=O)OCc1ccccc1)C(=O)N[C@@H](Cc1ccccc1)[C@H](O)[C@@H](O)[C@H](Cc1ccccc1)NC(=O)[C@H](NC(=O)OCc1ccccc1)C(C)C,9.42021640338319,0.38,1,CHEMBL314758,Human immunodeficiency virus type 1 protease
CC(C)[C@H](NC(=O)OCc1ccccc1)C(=O)N[C@@H](Cc1ccccc1)[C@H](O)[C@H](O)[C@H](Cc1ccccc1)NC(=O)[C@@H](NC(=O)OCc1ccccc1)C(C)C,9.657577319177793,0.22,3,CHEMBL48565,Human immunodeficiency virus type 1 protease
CC(C)[C@H](NC(=O)OCc1ccccc1)C(=O)N[C@@H](Cc1ccccc1)[C@H](O)[C@H](O)[C@H](Cc1ccccc1)NC(=O)[C@H](NC(=O)OCc1ccccc1)C(C)C,9.0,1.0,1,CHEMBL109976,Human immunodeficiency virus type 1 protease
CC(C)[C@H](NC(=O)OCc1ccccc1)C(=O)N[C@@H](Cc1ccccc1)[C@]1(O)CCN([C@@H](Cc2ccccc2)C(=O)N[C@H]2c3ccccc3C[C@H]2O)C1,6.657577319177793,220.0,1,CHEMBL273775,Human immunodeficiency virus type 1 protease
CC(C)[C@H](NC(=O)OCc1ccccn1)C(=O)N[C@@H](Cc1ccccc1)C(O)[C@H](Cc1ccccc1)NC(=O)[C@H](NC(=O)OCc1ccccn1)C(C)C,8.318758762624412,4.8,1,CHEMBL106486,Human immunodeficiency virus type 1 protease
CC(C)[C@H](NC(=O)OCc1ccccn1)C(=O)N[C@@H](Cc1ccccc1)[C@@H](O)[C@@H](O)[C@H](Cc1ccccc1)NC(=O)[C@H](NC(=O)OCc1ccccn1)C(C)C,9.0,1.0,1,CHEMBL112859,Human immunodeficiency virus type 1 protease
CC(C)[C@H](NC(=O)OCc1ccccn1)C(=O)N[C@@H](Cc1ccccc1)[C@@H](O)[C@H](Cc1ccccc1)NC(=O)[C@H](NC(=O)OCc1ccccc1)C(C)C,8.522878745280337,3.0,1,CHEMBL109371,Human immunodeficiency virus type 1 protease
CC(C)[C@H](NC(=O)OCc1ccccn1)C(=O)N[C@@H](Cc1ccccc1)[C@@H](O)[C@H](O)[C@H](Cc1ccccc1)NC(=O)[C@H](NC(=O)OCc1ccccn1)C(C)C,9.0,1.0,1,CHEMBL331814,Human immunodeficiency virus type 1 protease
CC(C)[C@H](NC(=O)OCc1ccccn1)C(=O)N[C@@H](Cc1ccccc1)[C@H](O)[C@H](O)[C@H](Cc1ccccc1)NC(=O)[C@H](NC(=O)OCc1ccccn1)C(C)C,9.0,1.0,1,CHEMBL112958,Human immunodeficiency virus type 1 protease
CC(C)[C@H](NC(=O)OCc1cccnc1)C(=O)N[C@@H](Cc1ccccc1)C(O)[C@H](Cc1ccccc1)NC(=O)[C@H](NC(=O)OCc1cccnc1)C(C)C,8.167491087293763,6.8,1,CHEMBL112186,Human immunodeficiency virus type 1 protease
CC(C)[C@H](NC(=O)OCc1cccnc1)C(=O)N[C@@H](Cc1ccccc1)[C@@H](O)[C@@H](O)[C@H](Cc1ccccc1)NC(=O)[C@H](NC(=O)OCc1cccnc1)C(C)C,9.0,1.0,1,CHEMBL322941,Human immunodeficiency virus type 1 protease
CC(C)[C@H](NC(=O)OCc1cccnc1)C(=O)N[C@@H](Cc1ccccc1)[C@@H](O)[C@H](Cc1ccccc1)NC(=O)[C@H](NC(=O)OCc1ccccc1)C(C)C,8.397940008672037,4.0,1,CHEMBL113627,Human immunodeficiency virus type 1 protease
CC(C)[C@H](NC(=O)OCc1cccnc1)C(=O)N[C@@H](Cc1ccccc1)[C@@H](O)[C@H](O)[C@H](Cc1ccccc1)NC(=O)[C@H](NC(=O)OCc1cccnc1)C(C)C,9.0,1.0,1,CHEMBL323595,Human immunodeficiency virus type 1 protease
CC(C)[C@H](NC(=O)OCc1cccnc1)C(=O)N[C@@H](Cc1ccccc1)[C@H](O)[C@H](O)[C@H](Cc1ccccc1)NC(=O)[C@H](NC(=O)OCc1cccnc1)C(C)C,9.0,1.0,1,CHEMBL324596,Human immunodeficiency virus type 1 protease
CC(C)[C@H](NC(=O)OCc1ccncc1)C(=O)N[C@@H](Cc1ccccc1)C(O)[C@H](Cc1ccccc1)NC(=O)[C@H](NC(=O)OCc1ccncc1)C(C)C,7.585026652029182,26.0,1,CHEMBL113268,Human immunodeficiency virus type 1 protease
CC(C)[C@H](NC(=O)OCc1ccncc1)C(=O)N[C@@H](Cc1ccccc1)[C@@H](O)[C@@H](O)[C@H](Cc1ccccc1)NC(=O)[C@H](NC(=O)OCc1ccncc1)C(C)C,8.769551078621726,1.7,1,CHEMBL322804,Human immunodeficiency virus type 1 protease
CC(C)[C@H](NC(=O)OCc1ccncc1)C(=O)N[C@@H](Cc1ccccc1)[C@@H](O)[C@H](Cc1ccccc1)NC(=O)[C@H](NC(=O)OCc1ccccc1)C(C)C,8.154901959985743,7.0,1,CHEMBL112546,Human immunodeficiency virus type 1 protease
CC(C)[C@H](NC(=O)OCc1ccncc1)C(=O)N[C@@H](Cc1ccccc1)[C@H](O)[C@H](O)[C@H](Cc1ccccc1)NC(=O)[C@H](NC(=O)OCc1ccncc1)C(C)C,8.638272163982407,2.3,1,CHEMBL109221,Human immunodeficiency virus type 1 protease
CC(C)[C@H](NC(=O)[C@@H](NC(=O)[C@@H]1CCCN1C[C@H](Cc1ccccc1)NC(=O)[C@H](C)NC(=O)[C@H](C)NC(=O)[C@@H](N)CO)C(C)C)C(N)=O,7.721246399047171,19.0,1,CHEMBL77621,Human immunodeficiency virus type 1 protease
CC(C)[C@H](NC(=O)[C@H](C)NC(=O)OCc1ccccc1)C(=O)N[C@@H](Cc1ccccc1)[C@@H](O)[C@H](O)[C@H](Cc1ccccc1)NC(=O)[C@H](N[C@@H](C)C(=O)OCc1ccccc1)C(C)C,6.841637507904751,144.0,9,CHEMBL305458,Human immunodeficiency virus type 1 protease
CC(C)[C@H](NC(=O)[C@H](Cc1cccc2ccccc12)CS(=O)(=O)C(C)(C)C)C(=O)NCP(=O)(CNC(=O)[C@@H](NC(=O)[C@H](Cc1cccc2ccccc12)CS(=O)(=O)C(C)(C)C)C(C)C)NN,8.070581074285707,8.5,1,CHEMBL275123,Human immunodeficiency virus type 1 protease
CC(C)[C@H](NC(=O)[C@H](Cc1cccc2ccccc12)CS(=O)(=O)C(C)(C)C)C(=O)NCP(=O)(O)CNC(=O)[C@@H](NC(=O)[C@H](Cc1cccc2ccccc12)CS(=O)(=O)C(C)(C)C)C(C)C,8.958607314841775,1.1,1,CHEMBL277579,Human immunodeficiency virus type 1 protease
CC(C)[C@H](NC(=O)[C@H](Cc1cccc2ccccc12)CS(=O)(=O)C(C)(C)C)C(=O)NCP(N)(=O)CNC(=O)[C@@H](NC(=O)[C@H](Cc1cccc2ccccc12)CS(=O)(=O)C(C)(C)C)C(C)C,8.259637310505756,5.5,1,CHEMBL274912,Human immunodeficiency virus type 1 protease
CC(C)[C@H](NC(=O)[C@H](Cc1cccc2ccccc12)CS(=O)(=O)C(C)(C)C)C(=O)N[C@H](Cc1ccccc1)P(=O)(O)[C@@H](Cc1ccccc1)NC(=O)[C@@H](NC(=O)[C@H](Cc1cccc2ccccc12)CS(=O)(=O)C(C)(C)C)C(C)C,8.185805534974843,42.75,2,CHEMBL407999,Human immunodeficiency virus type 1 protease
CC(C)[C@H](NC(=O)[C@H](Cc1cccc2ccccc12)CS(=O)(=O)C(C)(C)C)C(=O)N[C@H](Cc1ccccc1)P(N)(=O)[C@@H](Cc1ccccc1)NC(=O)[C@@H](NC(=O)[C@H](Cc1cccc2ccccc12)CS(=O)(=O)C(C)(C)C)C(C)C,7.801029995663981,125.5,2,CHEMBL413390,Human immunodeficiency virus type 1 protease
CC(C)[C@H](NC(=O)[C@H](Cc1ccccc1)CC(O)C[C@@H](Cc1ccccc1)C(=O)N[C@H](C(=O)NCc1nc2ccccc2[nH]1)C(C)C)C(=O)NCc1nc2ccccc2[nH]1,8.0,10.0,1,CHEMBL288163,Human immunodeficiency virus type 1 protease
CC(C)[C@H](NC(=O)[C@H](Cc1ccccc1)C[C@H](O)CN1C[C@H]2CCCC[C@H]2C[C@H]1C(=O)NC(C)(C)C)C(=O)Nc1ccc2ccccc2n1,7.278686125549292,52.64,2,CHEMBL106530,Human immunodeficiency virus type 1 protease
CC(C)[C@H](NC(=O)[C@H](Cc1ccccc1)C[C@H](O)[C@H](Cc1ccccc1)NC(=O)OC(C)(C)C)C(=O)NCC(O)CN1CCOCC1,9.05551732784983,0.88,1,CHEMBL95116,Human immunodeficiency virus type 1 protease
CC(C)[C@H](NC(=O)[C@H](Cc1ccccc1)C[C@H](O)[C@H](Cc1ccccc1)NC(=O)OC(C)(C)C)C(=O)NCC(O)CO,10.301029995663981,0.05,1,CHEMBL100310,Human immunodeficiency virus type 1 protease
CC(C)[C@H](NC(=O)[C@H](Cc1ccccc1)C[C@H](O)[C@H](Cc1ccccc1)NC(=O)OC(C)(C)C)C(=O)NCCCN(C)C,8.468521082957745,3.4,1,CHEMBL58522,Human immunodeficiency virus type 1 protease
CC(C)[C@H](NC(=O)[C@H](Cc1ccccc1)C[C@H](O)[C@H](Cc1ccccc1)NC(=O)OC(C)(C)C)C(=O)NCCCN1CCOCC1,8.537602002101044,2.9,1,CHEMBL96996,Human immunodeficiency virus type 1 protease
CC(C)[C@H](NC(=O)[C@H](Cc1ccccc1)C[C@H](O)[C@H](Cc1ccccc1)NC(=O)OC(C)(C)C)C(=O)NCCN,9.337242168318426,0.46,1,CHEMBL97253,Human immunodeficiency virus type 1 protease
CC(C)[C@H](NC(=O)[C@H](Cc1ccccc1)C[C@H](O)[C@H](Cc1ccccc1)NC(=O)OC(C)(C)C)C(=O)NCCO,9.356547323513812,0.44,1,CHEMBL95413,Human immunodeficiency virus type 1 protease
CC(C)[C@H](NC(=O)[C@H](Cc1ccccc1)C[C@H](O)[C@H](Cc1ccccc1)NC(=O)OC(C)(C)C)C(=O)NCc1ccccc1,9.619788758288394,0.24,1,CHEMBL329750,Human immunodeficiency virus type 1 protease
CC(C)[C@H](NC(=O)[C@H](Cc1ccccc1)C[C@H](O)[C@H](Cc1ccccc1)NC(=O)OC(C)(C)C)C(=O)NCc1ccccn1,9.1249387366083,0.75,1,CHEMBL327565,Human immunodeficiency virus type 1 protease
CC(C)[C@H](NC(=O)[C@H](Cc1ccccc1)C[C@H](O)[C@H](Cc1ccccc1)NC(=O)OC(C)(C)C)C(=O)NCc1cccnc1,9.161150909262744,0.69,1,CHEMBL327564,Human immunodeficiency virus type 1 protease
CC(C)[C@H](NC(=O)[C@H](Cc1ccccc1)C[C@H](O)[C@H](Cc1ccccc1)NC(=O)OC(C)(C)C)C(=O)NCc1ccncc1,9.207608310501746,0.62,1,CHEMBL77281,Human immunodeficiency virus type 1 protease
CC(C)[C@H](NC(=O)[C@H](Cc1ccccc1)C[C@H](O)[C@H](Cc1ccccc1)NC(=O)OC(C)(C)C)C(=O)NCc1nc2ccccc2[nH]1,9.698970004336019,0.2,1,CHEMBL276447,Human immunodeficiency virus type 1 protease
CC(C)[C@H](NC(=O)[C@H](Cc1ccccc1)C[C@H](O)[C@H](Cc1ccccc1)NC(=O)OC(C)(C)C)C(=O)O,6.791507504580611,161.62,4,CHEMBL2367848,Human immunodeficiency virus type 1 protease
CC(C)[C@H](NC(=O)[C@H](Cc1ccccc1)C[C@H](O)[C@H](Cc1ccccc1)NC(=O)OC(C)(C)C)C(N)=O,8.958607314841775,1.1,1,CHEMBL95419,Human immunodeficiency virus type 1 protease
CC(C)[C@H](NC(=O)c1cc(=O)c2ccccc2o1)C(=O)N[C@@H](Cc1ccccc1)[C@H](O)CN1C[C@H]2CCCC[C@H]2C[C@H]1C(=O)NC(C)(C)C,9.823908740944319,0.15,1,CHEMBL309175,Human immunodeficiency virus type 1 protease
CC(C)[C@H](NC(=O)c1cc2ccccc2[nH]1)C(=O)N[C@@H](Cc1ccccc1)C(O)[C@H](Cc1ccccc1)NC(=O)[C@H](NC(=O)c1cc2ccccc2[nH]1)C(C)C,8.920818753952375,1.2,1,CHEMBL320126,Human immunodeficiency virus type 1 protease
CC(C)[C@H](NC(=O)c1cc2ccccc2[nH]1)C(=O)N[C@@H](Cc1ccccc1)[C@@H](O)[C@@H](O)[C@H](Cc1ccccc1)NC(=O)[C@H](NC(=O)c1cc2ccccc2[nH]1)C(C)C,9.0,1.0,1,CHEMBL113225,Human immunodeficiency virus type 1 protease
CC(C)[C@H](NC(=O)c1ccc2ccccc2c1)C(=O)N[C@@H](Cc1ccccc1)[C@H](O)CN1CC2CCCCC2C[C@H]1C(=O)NC(C)(C)C,9.045757490560675,0.9,1,CHEMBL72386,Human immunodeficiency virus type 1 protease
CC(C)[C@H](NC(=O)c1ccc2ccccc2n1)C(=O)N[C@@H](Cc1ccccc1)C(O)[C@H](Cc1ccccc1)NC(=O)[C@H](NC(=O)c1ccc2ccccc2n1)C(C)C,8.795880017344075,1.6,1,CHEMBL324747,Human immunodeficiency virus type 1 protease
CC(C)[C@H](NC(=O)c1ccc2ccccc2n1)C(=O)N[C@@H](Cc1ccccc1)[C@@H](O)CN(Cc1ccccc1)NC(=O)[C@H](NC(=O)c1ccc2ccccc2n1)C(C)C,7.187086643357144,65.0,1,CHEMBL97146,Human immunodeficiency virus type 1 protease
CC(C)[C@H](NC(=O)c1ccc2ccccc2n1)C(=O)N[C@@H](Cc1ccccc1)[C@H](O)CN1CC[C@@H](OCc2ccncc2)C[C@H]1C(=O)NC(C)(C)C,8.397940008672037,4.0,3,CHEMBL13134,Human immunodeficiency virus type 1 protease
CC(C)[C@H](NC(=O)c1ccc2ccccc2n1)C(=O)N[C@@H](Cc1ccccc1)[C@H](O)CN1C[C@H]2CCCC[C@H]2C[C@H]1C(=O)NC(C)(C)C,9.154901959985743,0.7,1,CHEMBL75082,Human immunodeficiency virus type 1 protease
CC(C)[C@H](NC(=O)c1cnc2ccccc2n1)C(=O)N[C@@H](Cc1ccccc1)[C@H](O)CN1C[C@H]2CCCC[C@H]2C[C@H]1C(=O)NC(C)(C)C,9.4089353929735,0.39,1,CHEMBL74472,Human immunodeficiency virus type 1 protease
CC(C)[C@H](NS(=O)(=O)CCc1ccccn1)C(=O)N[C@@H](Cc1ccccc1)[C@@H](O)[C@@H](O)[C@H](Cc1ccccc1)NC(=O)[C@H](NS(=O)(=O)CCc1ccccn1)C(C)C,9.0,1.0,1,CHEMBL109992,Human immunodeficiency virus type 1 protease
CC(C)[C@H](NS(=O)(=O)CCc1ccccn1)C(=O)N[C@@H](Cc1ccccc1)[C@@H](O)[C@H](O)[C@H](Cc1ccccc1)NC(=O)[C@H](NS(=O)(=O)CCc1ccccn1)C(C)C,9.0,1.0,1,CHEMBL322477,Human immunodeficiency virus type 1 protease
CC(C)[C@H](NS(=O)(=O)CCc1ccccn1)C(=O)N[C@@H](Cc1ccccc1)[C@H](O)[C@H](O)[C@H](Cc1ccccc1)NC(=O)[C@H](NS(=O)(=O)CCc1ccccn1)C(C)C,8.795880017344075,1.6,1,CHEMBL112930,Human immunodeficiency virus type 1 protease
CC(C)[C@H](NS(=O)(=O)CCc1ccncc1)C(=O)N[C@@H](Cc1ccccc1)[C@@H](O)[C@@H](O)[C@H](Cc1ccccc1)NC(=O)[C@H](NS(=O)(=O)CCc1ccncc1)C(C)C,8.244125144327509,5.7,1,CHEMBL112578,Human immunodeficiency virus type 1 protease
CC(C)[C@H](NS(=O)(=O)CCc1ccncc1)C(=O)N[C@@H](Cc1ccccc1)[C@@H](O)[C@H](O)[C@H](Cc1ccccc1)NC(=O)[C@H](NS(=O)(=O)CCc1ccncc1)C(C)C,7.619788758288394,24.0,1,CHEMBL322939,Human immunodeficiency virus type 1 protease
CC(C)[C@H](NS(=O)(=O)CCc1ccncc1)C(=O)N[C@@H](Cc1ccccc1)[C@H](O)[C@H](O)[C@H](Cc1ccccc1)NC(=O)[C@H](NS(=O)(=O)CCc1ccncc1)C(C)C,7.886056647693163,13.0,1,CHEMBL110865,Human immunodeficiency virus type 1 protease
CC(C)[C@H](NS(=O)(=O)Cc1ccccc1)C(=O)NC(Cc1ccc(OCc2ccccc2)cc1)C(=O)C(F)(F)C(=O)NCc1ccccc1,4.318758762624412,48000.0,1,CHEMBL311419,Human immunodeficiency virus type 1 protease
CC(C)[C@H](NS(=O)(=O)N(C)Cc1ccccn1)C(=O)N[C@@H](Cc1ccccc1)C(O)[C@H](Cc1ccccc1)NC(=O)[C@H](NS(=O)(=O)N(C)Cc1ccccn1)C(C)C,5.886056647693163,1300.0,1,CHEMBL325673,Human immunodeficiency virus type 1 protease
CC(C)[C@H](NS(=O)(=O)N(C)Cc1ccccn1)C(=O)N[C@@H](Cc1ccccc1)[C@@H](O)[C@@H](O)[C@H](Cc1ccccc1)NC(=O)[C@H](NS(=O)(=O)N(C)Cc1ccccn1)C(C)C,6.619788758288394,240.0,1,CHEMBL320243,Human immunodeficiency virus type 1 protease
CC(C)[C@H](NS(=O)(=O)N(C)Cc1ccccn1)C(=O)N[C@@H](Cc1ccccc1)[C@@H](O)[C@H](O)[C@H](Cc1ccccc1)NC(=O)[C@H](NS(=O)(=O)N(C)Cc1ccccn1)C(C)C,7.1487416512809245,71.0,1,CHEMBL326053,Human immunodeficiency virus type 1 protease
CC(C)[C@H](NS(=O)(=O)N(C)Cc1ccccn1)C(=O)N[C@@H](Cc1ccccc1)[C@H](O)[C@H](O)[C@H](Cc1ccccc1)NC(=O)[C@H](NS(=O)(=O)N(C)Cc1ccccn1)C(C)C,7.42021640338319,38.0,1,CHEMBL325731,Human immunodeficiency virus type 1 protease
CC(C)[C@H]1SCC[C@H]1OC(=O)N[C@@H](Cc1ccccc1)[C@H](O)CN1C[C@H]2CCCC[C@H]2C[C@H]1C(=O)NC(C)(C)C,8.045757490560675,9.0,1,CHEMBL414648,Human immunodeficiency virus type 1 protease
CC(C)[C@H]1SCC[C@H]1OC(=O)N[C@@H](Cc1ccccc1)[C@H](O)CN1C[C@H]2CCS[C@H]2C[C@H]1C(=O)NC(C)(C)C,9.585026652029182,0.26,1,CHEMBL95546,Human immunodeficiency virus type 1 protease
CC(C)[C@H]1[C@@H](OC(=O)N[C@@H](CSc2ccccc2)[C@H](O)CN2C[C@H]3CCS[C@H]3C[C@H]2C(=O)NC(C)(C)C)CCS1(=O)=O,9.022276394711152,0.95,1,CHEMBL316717,Human immunodeficiency virus type 1 protease
CC(C)[C@H]1[C@@H](OC(=O)N[C@@H](Cc2ccccc2)[C@H](O)CN2C[C@H]3CCCC[C@H]3C[C@H]2C(=O)NC(C)(C)C)CCS1(=O)=O,7.958607314841775,11.0,3,CHEMBL261340,Human immunodeficiency virus type 1 protease
CC(C)[C@H]1[C@@H](OC(=O)N[C@@H](Cc2ccccc2)[C@H](O)CN2C[C@H]3CCS[C@H]3C[C@H]2C(=O)NC(C)(C)C)CCS1(=O)=O,8.585026652029182,2.6,1,CHEMBL321778,Human immunodeficiency virus type 1 protease
CC(C)[C@]1(CCc2ccc(O)cc2)CC(=O)C(Sc2sc3ccccc3c2C(C)(C)C)=C(O)O1,9.0,1.0,1,CHEMBL61756,Human immunodeficiency virus type 1 protease
CC(C)c1cc(CN2CCN(C[C@@H](O)[C@H](Cc3ccccc3)NC(=O)O[C@@H]3CCS(=O)(=O)[C@@H]3C(C)C)[C@H](C(=O)NC(C)(C)C)C2)cc(C(C)C)n1,8.638272163982407,2.3,1,CHEMBL306772,Human immunodeficiency virus type 1 protease
CC(C)c1ccc(C(C)(C)C)c(SC2=C(O)OC(CCc3ccccc3)(c3ccccc3)CC2=O)c1,7.327902142064283,47.0,1,CHEMBL122547,Human immunodeficiency virus type 1 protease
CC(C)c1ccc(C(C)C)c(SC2=C(O)OC(CCc3ccccc3)(c3ccccc3)CC2=O)c1,7.853871964321762,14.0,1,CHEMBL121855,Human immunodeficiency virus type 1 protease
CC(C)c1ccc(C(C)C)c(SC2=C(O)OC(c3ccccc3)(c3ccccc3)CC2=O)c1,6.924453038607469,119.0,1,CHEMBL124529,Human immunodeficiency virus type 1 protease
CC(C)c1cccc(C(C)C)c1NC(=O)C(=O)CC(=O)CC(c1ccccc1)c1c(O)oc2ccccc2c1=O,4.508638306165727,31000.0,1,CHEMBL62658,Human immunodeficiency virus type 1 protease
CC(C)c1ccccc1SC1=C(O)OC(CCC(=O)N2CCN(C(=O)OC(C)(C)C)CC2)(c2ccccc2)CC1=O,5.896196279044043,1270.0,1,CHEMBL353796,Human immunodeficiency virus type 1 protease
CC(C)c1ccccc1SC1=C(O)OC(CCC(=O)N2CCNCC2)(c2ccccc2)CC1=O,5.956244873031321,1106.0,1,CHEMBL161954,Human immunodeficiency virus type 1 protease
CC(C)c1ccccc1SC1=C(O)OC(CCC(=O)N2CCOCC2)(c2ccccc2)CC1=O,5.61261017366127,2440.0,1,CHEMBL414635,Human immunodeficiency virus type 1 protease
CC(C)c1ccccc1SC1=C(O)OC(CCC(=O)N2CCSCC2)(c2ccccc2)CC1=O,5.957424487559809,1103.0,1,CHEMBL439833,Human immunodeficiency virus type 1 protease
CC(C)c1ccccc1SC1=C(O)OC(CCCC(=O)N(C)CCc2ccccc2)(c2ccccc2)CC1=O,6.665546248849069,216.0,1,CHEMBL351243,Human immunodeficiency virus type 1 protease
CC(C)c1ccccc1SC1=C(O)OC(CCCC(=O)N(C)Cc2ccccc2)(c2ccccc2)CC1=O,6.170053304058364,676.0,1,CHEMBL159290,Human immunodeficiency virus type 1 protease
CC(C)c1ccccc1SC1=C(O)OC(CCCC(=O)N(C)c2ccccc2)(c2ccccc2)CC1=O,6.204815410317576,624.0,1,CHEMBL354917,Human immunodeficiency virus type 1 protease
CC(C)c1ccccc1SC1=C(O)OC(CCCC(=O)N2CCN(C(=O)OC(C)(C)C)CC2)(c2ccccc2)CC1=O,6.906578314837765,124.0,1,CHEMBL274027,Human immunodeficiency virus type 1 protease
CC(C)c1ccccc1SC1=C(O)OC(CCCC(=O)N2CCNCC2)(c2ccccc2)CC1=O,6.248720896016658,564.0,1,CHEMBL422197,Human immunodeficiency virus type 1 protease
CC(C)c1ccccc1SC1=C(O)OC(CCCC(=O)N2CCOCC2)(c2ccccc2)CC1=O,6.730487055782084,186.0,1,CHEMBL163633,Human immunodeficiency virus type 1 protease
CC(C)c1ccccc1SC1=C(O)OC(CCCC(=O)N2CCSCC2)(c2ccccc2)CC1=O,6.54515513999149,285.0,1,CHEMBL163435,Human immunodeficiency virus type 1 protease
CC(C)c1ccccc1SC1=C(O)OC(CCCC(=O)NCCc2ccccc2)(c2ccccc2)CC1=O,6.835647144215563,146.0,1,CHEMBL163390,Human immunodeficiency virus type 1 protease
CC(C)c1ccccc1SC1=C(O)OC(CCCC(=O)NCc2ccccc2)(c2ccccc2)CC1=O,7.0915149811213505,81.0,1,CHEMBL159602,Human immunodeficiency virus type 1 protease
CC(C)c1ccccc1SC1=C(O)OC(CCCC(=O)Nc2ccccc2)(c2ccccc2)CC1=O,6.367542707815276,429.0,1,CHEMBL159387,Human immunodeficiency virus type 1 protease
CC(C)c1ccccc1SC1=C(O)OC(CCCC(N)=O)(c2ccccc2)CC1=O,6.995678626217358,101.0,1,CHEMBL162922,Human immunodeficiency virus type 1 protease
CC(C)c1ccccc1SC1=C(O)OC(CCCCC(=O)N2CCN(C(=O)OC(C)(C)C)CC2)(c2ccccc2)CC1=O,6.896196279044043,127.0,1,CHEMBL162769,Human immunodeficiency virus type 1 protease
CC(C)c1ccccc1SC1=C(O)OC(CCCCC(=O)N2CCNCC2)(c2ccccc2)CC1=O,6.6307841425898575,234.0,1,CHEMBL423618,Human immunodeficiency virus type 1 protease
CC(C)c1ccccc1SC1=C(O)OC(CCCCC(=O)N2CCOCC2)(c2ccccc2)CC1=O,6.709965388637482,195.0,1,CHEMBL162317,Human immunodeficiency virus type 1 protease
CC(C)c1ccccc1SC1=C(O)OC(CCCCC(=O)N2CCSCC2)(c2ccccc2)CC1=O,6.2343314452409855,583.0,1,CHEMBL163539,Human immunodeficiency virus type 1 protease
CC(C)c1ccccc1SC1=C(O)OC(CCCCC(=O)NCCc2ccccc2)(c2ccccc2)CC1=O,7.1487416512809245,71.0,1,CHEMBL159658,Human immunodeficiency virus type 1 protease
CC(C)c1ccccc1SC1=C(O)OC(CCCCC(=O)NCc2ccccc2)(c2ccccc2)CC1=O,7.585026652029182,26.0,1,CHEMBL164570,Human immunodeficiency virus type 1 protease
CC(C)c1ccccc1SC1=C(O)OC(CCCCC(=O)Nc2ccccc2)(c2ccccc2)CC1=O,7.040958607678906,91.0,1,CHEMBL423628,Human immunodeficiency virus type 1 protease
CC(C)c1ccccc1SC1=C(O)OC(CCCCC(=O)O)(c2ccccc2)CC1=O,8.744727494896694,1.8,1,CHEMBL350861,Human immunodeficiency virus type 1 protease
CC(C)c1ccccc1SC1=C(O)OC(CCCCC(N)=O)(c2ccccc2)CC1=O,7.036212172654444,92.0,1,CHEMBL163941,Human immunodeficiency virus type 1 protease
CC(C)c1ccccc1SC1=C(O)OC(CCc2ccccc2)(c2ccccc2)CC1=O,7.433550115027758,55.5,2,CHEMBL124789,Human immunodeficiency virus type 1 protease
CC(C)c1ccccc1SC1=C(O)OC(c2ccccc2)(c2ccccc2)CC1=O,7.638272163982407,23.0,1,CHEMBL124892,Human immunodeficiency virus type 1 protease
CC(C)c1ccccc1Sc1c(O)cc(-c2cc(Cl)cc(Cl)c2)oc1=O,7.585026652029182,26.0,1,CHEMBL12224,Human immunodeficiency virus type 1 protease
CC(C)c1ccccc1Sc1c(O)cc(-c2ccc(C#N)cc2)oc1=O,6.688246138944246,205.0,1,CHEMBL12485,Human immunodeficiency virus type 1 protease
CC(C)c1ccccc1Sc1c(O)cc(-c2ccc(C(=O)O)cc2)oc1=O,7.167491087293763,68.0,1,CHEMBL275560,Human immunodeficiency virus type 1 protease
CC(C)c1ccccc1Sc1c(O)cc(-c2ccc(C(N)=O)cc2)oc1=O,6.8696662315049934,135.0,1,CHEMBL273732,Human immunodeficiency virus type 1 protease
CC(C)c1ccccc1Sc1c(O)cc(-c2ccc(Cl)c(Cl)c2)oc1=O,7.657577319177793,22.0,1,CHEMBL13136,Human immunodeficiency virus type 1 protease
CC(C)c1ccccc1Sc1c(O)cc(-c2ccc(Cl)cc2)oc1=O,7.119186407719209,76.0,1,CHEMBL275730,Human immunodeficiency virus type 1 protease
CC(C)c1ccccc1Sc1c(O)cc(-c2ccc(F)cc2)oc1=O,6.906578314837765,124.0,1,CHEMBL275301,Human immunodeficiency virus type 1 protease
CC(C)c1ccccc1Sc1c(O)cc(-c2ccc(O)c(C(=O)O)c2)oc1=O,6.534617148551582,292.0,1,CHEMBL12573,Human immunodeficiency virus type 1 protease
CC(C)c1ccccc1Sc1c(O)cc(-c2ccc(O)cc2)oc1=O,7.267606240177032,54.0,1,CHEMBL12950,Human immunodeficiency virus type 1 protease
CC(C)c1ccccc1Sc1c(O)cc(-c2ccc([N+](=O)[O-])cc2)oc1=O,6.718966632752273,191.0,1,CHEMBL12671,Human immunodeficiency virus type 1 protease
CC(C)c1ccccc1Sc1c(O)cc(-c2cccc(-c3ccccc3)c2)oc1=O,7.42021640338319,38.0,1,CHEMBL12421,Human immunodeficiency virus type 1 protease
CC(C)c1ccccc1Sc1c(O)cc(-c2cccc(C(=O)O)c2)oc1=O,6.82102305270683,151.0,1,CHEMBL13037,Human immunodeficiency virus type 1 protease
CC(C)c1ccccc1Sc1c(O)cc(-c2cccc(C(F)(F)F)c2)oc1=O,7.119186407719209,76.0,1,CHEMBL12600,Human immunodeficiency virus type 1 protease
CC(C)c1ccccc1Sc1c(O)cc(-c2cccc(Cl)c2)oc1=O,7.638272163982407,23.0,1,CHEMBL12714,Human immunodeficiency virus type 1 protease
CC(C)c1ccccc1Sc1c(O)cc(-c2cccc(N(C)C)c2)oc1=O,6.943095148663527,114.0,1,CHEMBL12884,Human immunodeficiency virus type 1 protease
CC(C)c1ccccc1Sc1c(O)cc(-c2cccc(O)c2)oc1=O,7.050609993355087,89.0,1,CHEMBL12408,Human immunodeficiency virus type 1 protease
CC(C)c1ccccc1Sc1c(O)cc(-c2cccc([N+](=O)[O-])c2)oc1=O,7.173925197299173,67.0,1,CHEMBL275937,Human immunodeficiency virus type 1 protease
CC(C)c1ccccc1Sc1c(O)cc(-c2ccccc2)oc1=O,7.431798275933005,37.0,3,CHEMBL12844,Human immunodeficiency virus type 1 protease
CC(C)c1ccccc1Sc1c(O)cc(-c2ccccc2Cl)oc1=O,6.647817481888637,225.0,1,CHEMBL12707,Human immunodeficiency virus type 1 protease
CC(C)c1csc(COC(=O)NC(C(=O)N[C@@H](Cc2ccccc2)[C@@H](O)C[C@H](Cc2ccccc2)NC(=O)OCc2cncs2)C(C)C)n1,8.721246399047171,1.9,1,CHEMBL346943,Human immunodeficiency virus type 1 protease
CC(C)c1nc(CN(C(=O)NC(C(=O)N[C@@H](Cc2ccccc2)[C@@H](O)C[C@H](Cc2ccccc2)NC(=O)OCc2cncs2)C(C)C)C2CC2)cs1,8.721246399047171,1.9,1,CHEMBL348147,Human immunodeficiency virus type 1 protease
CC(C)c1nc(CN(C(=O)NCCC(=O)N[C@@H](Cc2ccccc2)C[C@H](O)[C@H](Cc2ccccc2)NC(=O)OCc2cncs2)C2CC2)cs1,7.853871964321762,14.0,1,CHEMBL357706,Human immunodeficiency virus type 1 protease
CC(C)c1nc(CN(C(=O)NCCC(=O)N[C@@H](Cc2ccccc2)[C@@H](O)C[C@H](Cc2ccccc2)NC(=O)OCc2cncs2)C2CC2)cs1,7.136677139879544,73.0,1,CHEMBL158358,Human immunodeficiency virus type 1 protease
CC(C)c1nc(CN(C)C(=O)NC(C(=O)N[C@@H](Cc2ccccc2)[C@@H](O)C[C@H](Cc2ccccc2)NC(=O)OCc2cnc(C(C)C)s2)C(C)C)cs1,8.823908740944319,1.5,1,CHEMBL351145,Human immunodeficiency virus type 1 protease
CC(C)c1nc(CN(C)C(=O)NCCC(=O)N[C@@H](Cc2ccccc2)C[C@H](O)[C@H](Cc2ccccc2)NC(=O)OCc2cncs2)cs1,8.958607314841775,1.1,1,CHEMBL347802,Human immunodeficiency virus type 1 protease
CC(C)c1nc(CN(C)C(=O)NCCC(=O)N[C@@H](Cc2ccccc2)[C@@H](O)C[C@H](Cc2ccccc2)NC(=O)OCc2cncs2)cs1,8.886056647693163,1.3,1,CHEMBL346120,Human immunodeficiency virus type 1 protease
CC(C1=C(O)C(C)(C(=O)NC(C)(C)C)OC1=O)c1ccccc1,3.9788107009300617,105000.0,1,CHEMBL107436,Human immunodeficiency virus type 1 protease
CC(C1=C(O)C(CCc2ccccc2)(C(=O)NC(C)(C)C)OC1=O)c1ccccc1,5.392578075976151,4050.0,4,CHEMBL324640,Human immunodeficiency virus type 1 protease
CC(C1=C(O)OC(C(=O)NCCc2ccc(Cl)cc2)(C(C)C)C1=O)c1ccccc1,4.508638306165727,31000.0,1,CHEMBL107851,Human immunodeficiency virus type 1 protease
CC(C1=C(O)[C@@](CCc2ccccc2)(C(=O)NCc2ccc(C(C)(C)C)cc2)OC1=O)c1ccccc1,5.301029995663981,5000.0,1,CHEMBL2112467,Human immunodeficiency virus type 1 protease
CC(CCC=C(c1cc(Cl)c(O)c(C(=O)O)c1)c1cc(Cl)c(O)c(C(=O)O)c1)[C@H]1CC[C@H]2[C@@H]3CC[C@@H]4CC(F)(F)CC[C@]4(C)[C@H]3CC[C@]12C,6.4089353929735005,390.0,1,CHEMBL3138268,Human immunodeficiency virus type 1 protease
CC(CCC=C(c1cc(Cl)c(O)c(C(=O)O)c1)c1cc(Cl)c(O)c(C(=O)O)c1)[C@H]1CC[C@H]2[C@@H]3CC[C@@H]4CCCC[C@]4(C)[C@H]3CC[C@]12C,5.823908740944319,1500.0,1,CHEMBL3137943,Human immunodeficiency virus type 1 protease
CC(NC(=O)N(Cc1csc(C(C)C)n1)C1CC1)C(=O)N[C@@H](Cc1ccccc1)[C@@H](O)C[C@H](Cc1ccccc1)NC(=O)OCc1cncs1,8.0268721464003,9.4,1,CHEMBL155588,Human immunodeficiency virus type 1 protease
CC(O)COc1ccc(C[C@H](NC(=O)OC(C)(C)C)[C@H](O)CNC[C@@H](O)[C@H](Cc2ccccc2)NC(=O)OC(C)(C)C)cc1,7.309803919971486,49.0,1,CHEMBL53979,Human immunodeficiency virus type 1 protease
CC(O)[C@H](NC(=O)CCCCCCCCCCCCCCC(=O)N[C@H](CC(=O)N[C@@H](Cc1ccccc1)C(=O)O)C(N)=O)C(=O)N[C@@H](Cc1ccccc1)C(N)=O,4.958607314841775,11000.0,1,CHEMBL194822,Human immunodeficiency virus type 1 protease
CC(c1ccccc1)N(CC(O)[C@H](Cc1ccccc1)NC(=O)[C@H](CC(N)=O)NC(=O)OCc1ccccc1)C(=O)NC(C)(C)C,5.29299989005351,5093.31,1,CHEMBL71012,Human immunodeficiency virus type 1 protease
CC1(C(=O)NC2CC2)OC(O)=C(CCc2ccccc2)C1=O,3.5316526695878427,294000.0,1,CHEMBL326227,Human immunodeficiency virus type 1 protease
CC1(C)CC2(CC(C)(C)c3c(Br)c(O)c(O)c(Br)c32)c2c(Br)c(O)c(O)c(Br)c21,5.503070351926785,3140.0,3,CHEMBL65504,Human immunodeficiency virus type 1 protease
CC1(C)CC2(CC(C)(C)c3c(Br)c(OS(=O)(=O)[O-])c(OS(=O)(=O)[O-])c(Br)c32)c2c(Br)c(OS(=O)(=O)[O-])c(OS(=O)(=O)[O-])c(Br)c21.[K+].[K+].[K+].[K+],5.853871964321762,1400.0,3,CHEMBL292735,Human immunodeficiency virus type 1 protease
CC1(C)CC2(CC(C)(C)c3cc(Br)c(O)cc32)c2cc(O)c(Br)cc21,4.979303657420887,10500.0,2,CHEMBL302862,Human immunodeficiency virus type 1 protease
CC1(C)CC2(CC(C)(C)c3cc(C=O)c(O)cc32)c2cc(O)c(C=O)cc21,4.795880017344075,16000.0,3,CHEMBL417029,Human immunodeficiency virus type 1 protease
CC1(C)CC2(CC(C)(C)c3cc(I)c(O)cc32)c2cc(O)c(I)cc21,5.3539428811221805,4700.0,2,CHEMBL62901,Human immunodeficiency virus type 1 protease
CC1(C)CC2(CC(C)(C)c3cc(N)c(O)cc32)c2cc(O)c(N)cc21.Cl.Cl,4.481486060122113,33000.0,1,CHEMBL60891,Human immunodeficiency virus type 1 protease
CC1(C)CC2(CC(C)(C)c3cc(O)c(O)cc32)c2cc(O)c(O)cc21,5.035290537142854,11000.0,2,CHEMBL304266,Human immunodeficiency virus type 1 protease
CC1(C)CC2(CC(C)(C)c3cc(OS(=O)(=O)[O-])c(OS(=O)(=O)[O-])cc32)c2cc(OS(=O)(=O)[O-])c(OS(=O)(=O)[O-])cc21.[K+].[K+].[K+].[K+],5.6259059864969,2400.0,2,CHEMBL292736,Human immunodeficiency virus type 1 protease
CC1(C)CC2(CC(C)(C)c3cc(S(=O)(=O)O)c(O)cc32)c2cc(O)c(S(=O)(=O)O)cc21,4.161150909262744,69000.0,1,CHEMBL60432,Human immunodeficiency virus type 1 protease
CC1(C)CC2(CC(C)(C)c3cc([N+](=O)[O-])c(O)c([N+](=O)[O-])c32)c2cc(O)c([N+](=O)[O-])cc21,4.356547323513812,44000.0,3,CHEMBL303764,Human immunodeficiency virus type 1 protease
CC1(C)CC2(CC(C)(C)c3ccc(O)c(NC(N)=O)c32)c2cc(O)c(NC(N)=O)cc21,3.4163413326259118,385000.0,2,CHEMBL62411,Human immunodeficiency virus type 1 protease
CC1(C)CC2(CC(C)(C)c3ccc(O)c([N+](=O)[O-])c32)c2cc(O)c([N+](=O)[O-])cc21,4.275724130399211,53000.0,3,CHEMBL64554,Human immunodeficiency virus type 1 protease
CC1(C)CC2(CC(C)(C)c3ccc(O)cc32)c2cc(O)ccc21,3.598527663138796,253000.0,2,CHEMBL60955,Human immunodeficiency virus type 1 protease
CC1(C)CC2(CC(C)(C)c3ccc(OS(=O)(=O)[O-])cc32)c2cc(OS(=O)(=O)[O-])ccc21.[K+].[K+],4.494850021680094,32000.0,3,CHEMBL304673,Human immunodeficiency virus type 1 protease
CC1(C)CN=C(c2[nH]c3ccc(Cl)cc3c2S(=O)(=O)c2ccccc2)N1,7.301029995663981,50.0,1,CHEMBL356040,Human immunodeficiency virus type 1 protease
CC1(C)SCN(C(=O)[C@@H](O)C[C@@H](Cc2ccccc2)C(=O)N[C@H]2c3ccccc3OC[C@H]2O)[C@@H]1C(=O)NCc1c(Cl)cccc1Cl,9.920818753952375,0.12,3,CHEMBL433270,Human immunodeficiency virus type 1 protease
CC1(C)SCN(C(=O)[C@@H](O)C[C@@H](Cc2ccccc2)C(=O)N[C@H]2c3ccccc3OC[C@H]2O)[C@@H]1C(=O)NCc1c(F)cccc1F,8.829738284605043,1.48,3,CHEMBL52670,Human immunodeficiency virus type 1 protease
CC1(C)S[C@@H]2[C@H](NC(=O)Cc3ccccc3)C(=O)N2[C@H]1C(=O)NCCNC(=O)[C@@H]1N2C(=O)[C@@H](NC(=O)Cc3ccccc3)[C@H]2SC1(C)C,4.154901959985743,70000.0,1,CHEMBL102771,Human immunodeficiency virus type 1 protease
CC1(C)S[C@H](C(NC(=O)Cc2ccccc2)C(=O)NCc2ccccc2)N[C@H]1C(=O)N[C@H](Cc1ccccc1)[C@H](O)CC(=O)NCc1ccccc1,5.337242168318426,4600.0,1,CHEMBL334057,Human immunodeficiency virus type 1 protease
CC1(C)S[C@H](CNC(=O)Cc2ccccc2)N[C@H]1C(=O)NCCNC(=O)[C@@H]1N[C@@H](CNC(=O)Cc2ccccc2)SC1(C)C,5.107905397309519,7800.0,1,CHEMBL107001,Human immunodeficiency virus type 1 protease
CC1(C)S[C@H]([C@@H](CO)NC(=O)Cc2ccccc2)N[C@H]1C(=O)NCCNC(=O)[C@@H]1N[C@@H]([C@@H](CO)NC(=O)Cc2ccccc2)SC1(C)C,6.853871964321762,140.0,1,CHEMBL107250,Human immunodeficiency virus type 1 protease
CC1(C)S[C@H]([C@@H](COC(=O)c2ccccc2)NC(=O)Cc2ccccc2)N[C@H]1C(=O)NCCNC(=O)[C@@H]1N[C@@H]([C@@H](COC(=O)c2ccccc2)NC(=O)Cc2ccccc2)SC1(C)C,7.154901959985743,70.0,1,CHEMBL321789,Human immunodeficiency virus type 1 protease
CC1(C)S[C@H]([C@H](NC(=O)Cc2ccccc2)C(=O)N(CCO)CCO)N[C@H]1C(=O)NCCNC(=O)[C@@H]1N[C@@H]([C@H](NC(=O)Cc2ccccc2)C(=O)N(CCO)CCO)SC1(C)C,6.075720713938118,840.0,1,CHEMBL325546,Human immunodeficiency virus type 1 protease
CC1(C)S[C@H]([C@H](NC(=O)Cc2ccccc2)C(=O)N2CCCCC2)N[C@H]1C(=O)NCCNC(=O)[C@@H]1N[C@@H]([C@H](NC(=O)Cc2ccccc2)C(=O)N2CCCCC2)SC1(C)C,8.161150909262744,6.9,1,CHEMBL106748,Human immunodeficiency virus type 1 protease
CC1(C)S[C@H]([C@H](NC(=O)Cc2ccccc2)C(=O)NCC(=O)O)N[C@H]1C(=O)NCCNC(=O)[C@@H]1N[C@@H]([C@H](NC(=O)Cc2ccccc2)C(=O)NCC(=O)O)SC1(C)C,7.4089353929735005,39.0,1,CHEMBL107310,Human immunodeficiency virus type 1 protease
CC1(C)S[C@H]([C@H](NC(=O)Cc2ccccc2)C(=O)NCC(F)(F)F)NC1C(=O)NCCNC(=O)[C@@H]1N[C@@H]([C@H](NC(=O)Cc2ccccc2)C(=O)NCC(F)(F)F)SC1(C)C,8.356547323513812,4.4,1,CHEMBL432969,Human immunodeficiency virus type 1 protease
CC1(C)S[C@H]([C@H](NC(=O)Cc2ccccc2)C(=O)NCC(F)(F)F)N[C@H]1C(=O)NCCNC(=O)[C@@H]1N[C@@H]([C@H](NC(=O)Cc2ccccc2)C(=O)NCC(F)(F)F)SC1(C)C,8.356547323513812,4.4,1,CHEMBL432962,Human immunodeficiency virus type 1 protease
CC1(C)S[C@H]([C@H](NC(=O)Cc2ccccc2)C(=O)NCC2CCCCC2)N[C@H]1C(=O)NCCNC(=O)[C@@H]1N[C@@H]([C@H](NC(=O)Cc2ccccc2)C(=O)NCC2CCCCC2)SC1(C)C,7.3979400086720375,40.0,1,CHEMBL320050,Human immunodeficiency virus type 1 protease
CC1(C)S[C@H]([C@H](NC(=O)Cc2ccccc2)C(=O)NCCO)N[C@H]1C(=O)NCCNC(=O)[C@@H]1N[C@@H]([C@H](NC(=O)Cc2ccccc2)C(=O)NCCO)SC1(C)C,7.3979400086720375,40.0,1,CHEMBL326679,Human immunodeficiency virus type 1 protease
CC1(C)S[C@H]([C@H](NC(=O)Cc2ccccc2)C(=O)NCc2ccccc2)NC1C(=O)NCC(O)CNC(=O)[C@@H]1N[C@@H]([C@H](NC(=O)Cc2ccccc2)C(=O)NCc2ccccc2)SC1(C)C,8.301029995663981,5.0,1,CHEMBL430117,Human immunodeficiency virus type 1 protease
CC1(C)S[C@H]([C@H](NC(=O)Cc2ccccc2)C(=O)NCc2ccccc2)NC1C(=O)NCCCNC(=O)[C@@H]1N[C@@H]([C@H](NC(=O)Cc2ccccc2)C(=O)NCc2ccccc2)SC1(C)C,6.267606240177032,540.0,1,CHEMBL104509,Human immunodeficiency virus type 1 protease
CC1(C)S[C@H]([C@H](NC(=O)Cc2ccccc2)C(=O)NCc2ccccc2)N[C@H]1C(=O)NCC(O)CNC(=O)[C@@H]1N[C@@H]([C@H](NC(=O)Cc2ccccc2)C(=O)NCc2ccccc2)SC1(C)C,8.301029995663981,5.0,3,CHEMBL317882,Human immunodeficiency virus type 1 protease
CC1(C)S[C@H]([C@H](NC(=O)Cc2ccccc2)C(=O)NCc2ccccc2)N[C@H]1C(=O)NCCCCNC(=O)[C@@H]1N[C@@H]([C@H](NC(=O)Cc2ccccc2)C(=O)NCc2ccccc2)SC1(C)C,6.275724130399211,530.0,1,CHEMBL436266,Human immunodeficiency virus type 1 protease
CC1(C)S[C@H]([C@H](NC(=O)Cc2ccccc2)C(=O)NCc2ccccc2)N[C@H]1C(=O)NCCCNC(=O)[C@@H]1N[C@@H]([C@H](NC(=O)Cc2ccccc2)C(=O)NCc2ccccc2)SC1(C)C,6.267606240177032,540.0,3,CHEMBL318844,Human immunodeficiency virus type 1 protease
CC1(C)S[C@H]([C@H](NC(=O)Cc2ccccc2)C(=O)NCc2ccccc2)N[C@H]1C(=O)NCCNC(=O)[C@@H]1N[C@@H]([C@H](NC(=O)Cc2ccccc2)C(=O)NCc2ccccc2)SC1(C)C,9.045757490560675,0.9,5,CHEMBL102664,Human immunodeficiency virus type 1 protease
CC1(C)S[C@H]([C@H](NC(=O)Cc2ccccc2)C(=O)NCc2ccccc2)N[C@H]1C(=O)NCCO,3.744727494896694,180000.0,1,CHEMBL108208,Human immunodeficiency virus type 1 protease
CC1(C)S[C@H]([C@H](NC(=O)Cc2ccccc2)C(=O)NCc2ccccc2)N[C@H]1C(=O)NC[C@@H](O)[C@@H](O)CNC(=O)[C@@H]1N[C@@H]([C@H](NC(=O)Cc2ccccc2)C(=O)NCc2ccccc2)SC1(C)C,7.853871964321762,14.0,1,CHEMBL436694,Human immunodeficiency virus type 1 protease
CC1(C)S[C@H]([C@H](NC(=O)Cc2ccccc2)C(=O)NCc2ccccc2)N[C@H]1C(=O)NC[C@@H](O)[C@H](O)CNC(=O)[C@@H]1N[C@@H]([C@H](NC(=O)Cc2ccccc2)C(=O)NCc2ccccc2)SC1(C)C,7.823908740944319,15.0,1,CHEMBL427631,Human immunodeficiency virus type 1 protease
CC1(C)S[C@H]([C@H](NC(=O)Cc2ccccc2)C(=O)NCc2ccccc2)N[C@H]1C(=O)NC[C@H](O)[C@@H](O)CNC(=O)[C@@H]1N[C@@H]([C@H](NC(=O)Cc2ccccc2)C(=O)NCc2ccccc2)SC1(C)C,7.443697499232712,36.0,1,CHEMBL408108,Human immunodeficiency virus type 1 protease
CC1(C)S[C@H]([C@H](NC(=O)Cc2ccccc2)C(=O)NCc2ccccc2)N[C@H]1C(=O)N[C@@H](CO)CCc1ccccc1,4.6020599913279625,25000.0,1,CHEMBL430511,Human immunodeficiency virus type 1 protease
CC1(C)S[C@H]([C@H](NC(=O)Cc2ccccc2)C(=O)NCc2ccccc2)N[C@H]1C(=O)N[C@@H](CO)Cc1ccccc1,6.823908740944319,150.0,1,CHEMBL318814,Human immunodeficiency virus type 1 protease
CC1(C)S[C@H]([C@H](NC(=O)Cc2ccccc2)C(=O)NCc2ccccc2)N[C@H]1C(=O)N[C@H](CO)CCc1ccccc1,4.585026652029182,26000.0,1,CHEMBL319004,Human immunodeficiency virus type 1 protease
CC1(C)S[C@H]([C@H](NC(=O)Cc2ccccc2)C(=O)NCc2ccccc2)N[C@H]1C(=O)N[C@H](CO)Cc1ccccc1,3.769551078621726,170000.0,1,CHEMBL318815,Human immunodeficiency virus type 1 protease
CC1(C)S[C@H]([C@H](NC(=O)Cc2ccccc2)C(=O)NCc2ccccc2)N[C@H]1C(=O)N[C@H](Cc1ccccc1)C(O)CNC(=O)Cc1ccccc1,7.275724130399211,53.0,1,CHEMBL316975,Human immunodeficiency virus type 1 protease
CC1(C)S[C@H]([C@H](NC(=O)Cc2ccccc2)C(=O)NCc2ccccc2)N[C@H]1C(=O)N[C@H](Cc1ccccc1)[C@@H](O)CC(=O)NCc1ccccc1,5.5376020021010435,2900.0,1,CHEMBL316974,Human immunodeficiency virus type 1 protease
CC1(C)S[C@H]([C@H](NC(=O)Cc2ccccc2)C(=O)NCc2ccccc2)N[C@H]1C(=O)N[C@H](Cc1ccccc1)[C@@H](O)CC(=O)Nc1nc2ccccc2[nH]1,5.42021640338319,3800.0,1,CHEMBL324230,Human immunodeficiency virus type 1 protease
CC1(C)S[C@H]([C@H](NC(=O)Cc2ccccc2)C(=O)NCc2ccccc2)N[C@H]1C(=O)N[C@H](Cc1ccccc1)[C@@H](O)CC(N)=O,5.721246399047171,1900.0,1,CHEMBL319872,Human immunodeficiency virus type 1 protease
CC1(C)S[C@H]([C@H](NC(=O)Cc2ccccc2)C(=O)NCc2ccccc2)N[C@H]1C(=O)N[C@H](Cc1ccccc1)[C@H](O)CC(=O)NCC(O)CO,7.022276394711152,95.0,1,CHEMBL325764,Human immunodeficiency virus type 1 protease
CC1(C)S[C@H]([C@H](NC(=O)Cc2ccccc2)C(=O)NCc2ccccc2)N[C@H]1C(=O)N[C@H](Cc1ccccc1)[C@H](O)CC(=O)NCCCO,7.267606240177032,54.0,1,CHEMBL320637,Human immunodeficiency virus type 1 protease
CC1(C)S[C@H]([C@H](NC(=O)Cc2ccccc2)C(=O)NCc2ccccc2)N[C@H]1C(=O)N[C@H](Cc1ccccc1)[C@H](O)CC(=O)NCCO,5.958607314841775,1100.0,1,CHEMBL421410,Human immunodeficiency virus type 1 protease
CC1(C)S[C@H]([C@H](NC(=O)Cc2ccccc2)C(=O)NCc2ccccc2)N[C@H]1C(=O)N[C@H](Cc1ccccc1)[C@H](O)CC(=O)NCCc1ncc[nH]1,6.522878745280337,300.0,1,CHEMBL431043,Human immunodeficiency virus type 1 protease
CC1(C)S[C@H]([C@H](NC(=O)Cc2ccccc2)C(=O)NCc2ccccc2)N[C@H]1C(=O)N[C@H](Cc1ccccc1)[C@H](O)CC(=O)NCc1ccccc1,8.337242168318426,4.6,1,CHEMBL106765,Human immunodeficiency virus type 1 protease
CC1(C)S[C@H]([C@H](NC(=O)Cc2ccccc2)C(=O)NCc2ccccc2)N[C@H]1C(=O)N[C@H](Cc1ccccc1)[C@H](O)CC(=O)N[C@@H](CO)Cc1ccccc1,6.769551078621726,170.0,1,CHEMBL318797,Human immunodeficiency virus type 1 protease
CC1(C)S[C@H]([C@H](NC(=O)Cc2ccccc2)C(=O)NCc2ccccc2)N[C@H]1C(=O)N[C@H](Cc1ccccc1)[C@H](O)CC(=O)N[C@@H](CO)c1ccccc1,6.721246399047171,190.0,1,CHEMBL107744,Human immunodeficiency virus type 1 protease
CC1(C)S[C@H]([C@H](NC(=O)Cc2ccccc2)C(=O)NCc2ccccc2)N[C@H]1C(=O)N[C@H](Cc1ccccc1)[C@H](O)CC(=O)N[C@H](CO)Cc1ccccc1,6.657577319177793,220.0,1,CHEMBL318595,Human immunodeficiency virus type 1 protease
CC1(C)S[C@H]([C@H](NC(=O)Cc2ccccc2)C(=O)NCc2ccccc2)N[C@H]1C(=O)N[C@H](Cc1ccccc1)[C@H](O)CC(=O)N[C@H](CO)c1ccccc1,6.769551078621726,170.0,1,CHEMBL316959,Human immunodeficiency virus type 1 protease
CC1(C)S[C@H]([C@H](NC(=O)Cc2ccccc2)C(=O)NCc2ccccc2)N[C@H]1C(=O)N[C@H](Cc1ccccc1)[C@H](O)CC(=O)Nc1nc2ccccc2[nH]1,8.42021640338319,3.8,1,CHEMBL104576,Human immunodeficiency virus type 1 protease
CC1(C)S[C@H]([C@H](NC(=O)Cc2ccccc2)C(=O)NCc2ccccc2)N[C@H]1C(=O)N[C@H](Cc1ccccc1)[C@H](O)CC(N)=O,7.086186147616283,82.0,1,CHEMBL104375,Human immunodeficiency virus type 1 protease
CC1(C)S[C@H]([C@H](NC(=O)Cc2ccccc2)C(=O)NCc2ccccc2)N[C@H]1C(N)=O,3.638272163982407,230000.0,1,CHEMBL432212,Human immunodeficiency virus type 1 protease
CC1(C)S[C@H]([C@H](NC(=O)Cc2ccccc2)C(=O)NCc2ccccn2)N[C@H]1C(=O)NCCNC(=O)[C@@H]1N[C@@H]([C@H](NC(=O)Cc2ccccc2)C(=O)NCc2ccccn2)SC1(C)C,7.958607314841775,11.0,1,CHEMBL105879,Human immunodeficiency virus type 1 protease
CC1(C)S[C@H]([C@H](NC(=O)Cc2ccccc2)C(=O)OCc2ccccc2)N[C@H]1C(=O)NCCNC(=O)[C@@H]1N[C@@H]([C@H](NC(=O)Cc2ccccc2)C(=O)OCc2ccccc2)SC1(C)C,7.1249387366083,75.0,1,CHEMBL106623,Human immunodeficiency virus type 1 protease
CC1(C)S[C@H]([C@H](NC(=O)Cc2ccccc2)C(N)=O)N[C@H]1C(=O)NCCNC(=O)[C@@H]1N[C@@H]([C@H](NC(=O)Cc2ccccc2)C(N)=O)SC1(C)C,8.522878745280337,3.0,2,CHEMBL105695,Human immunodeficiency virus type 1 protease
CC1(C)S[C@H]([C@H](NC(=O)Cc2ccccn2)C(=O)NCc2ccc(Cl)cc2)N[C@H]1C(=O)NCCNC(=O)[C@@H]1N[C@@H]([C@H](NC(=O)Cc2ccccn2)C(=O)NCc2ccc(Cl)cc2)SC1(C)C,8.1249387366083,7.5,1,CHEMBL105880,Human immunodeficiency virus type 1 protease
CC1(C)S[C@H]([C@H](NC(=O)Cc2ccccn2)C(=O)NCc2ccc(Cl)cc2Cl)N[C@H]1C(=O)NCCNC(=O)[C@@H]1N[C@@H]([C@H](NC(=O)Cc2ccccn2)C(=O)NCc2ccc(Cl)cc2Cl)SC1(C)C,7.853871964321762,14.0,1,CHEMBL269252,Human immunodeficiency virus type 1 protease
CC1(C)S[C@H]([C@H](NC(=O)Cc2ccccn2)C(=O)NCc2ccccc2)N[C@H]1C(=O)NCCNC(=O)[C@@H]1N[C@@H]([C@H](NC(=O)Cc2ccccn2)C(=O)NCc2ccccc2)SC1(C)C,9.259637310505756,0.55,1,CHEMBL324881,Human immunodeficiency virus type 1 protease
CC1(C)S[C@H]([C@H](NC(=O)c2ccccc2-c2ccccc2)C(=O)NCC(=O)O)N[C@H]1C(=O)NCCNC(=O)[C@@H]1N[C@@H]([C@H](NC(=O)c2ccccc2-c2ccccc2)C(=O)NCC(=O)O)SC1(C)C,7.4089353929735005,39.0,1,CHEMBL386631,Human immunodeficiency virus type 1 protease
CC1(C)S[C@H]([C@H](NC(=O)c2ccccc2-c2ccccc2)C(=O)NCc2ccccc2)N[C@H]1C(=O)NCCNC(=O)[C@@H]1N[C@@H]([C@H](NC(=O)c2ccccc2-c2ccccc2)C(=O)NCc2ccccc2)SC1(C)C,8.1249387366083,7.5,1,CHEMBL439366,Human immunodeficiency virus type 1 protease
CC1=C(C(COC(=O)C23C[C@H]4C[C@@H](C2)C[C@@H](C3)C4)OC(=O)C23C[C@H]4C[C@@H](C2)C[C@@H](C3)C4)c2cc3nc(cc4[nH]c(cc5[nH]c(cc1n2)c(C)c5CCC(=O)O)c(CCC(=O)O)c4C)C(C(COC(=O)C12C[C@H]4C[C@@H](C1)C[C@@H](C2)C4)OC(=O)C12C[C@H]4C[C@@H](C1)C[C@@H](C2)C4)=C3C,5.301029995663981,5000.0,1,CHEMBL268410,Human immunodeficiency virus type 1 protease
CC1=C(C(COC(=O)c2ccc(N(C)C)cc2)OC(=O)c2ccc(N(C)C)cc2)c2cc3nc(cc4[nH]c(cc5[nH]c(cc1n2)c(C)c5CCC(=O)O)c(CCC(=O)O)c4C)C(C(COC(=O)c1ccc(N(C)C)cc1)OC(=O)c1ccc(N(C)C)cc1)=C3C,4.6399203482970215,41000.0,2,CHEMBL442513,Human immunodeficiency virus type 1 protease
CC1=C(C(COC(=O)c2ccc3ccccc3c2)OC(=O)c2ccc3ccccc3c2)c2cc3nc(cc4[nH]c(cc5[nH]c(cc1n2)c(C)c5CCC(=O)O)c(CCC(=O)O)c4C)C(C(COC(=O)c1ccc2ccccc2c1)OC(=O)c1ccc2ccccc2c1)=C3C,4.33889035263304,82000.0,2,CHEMBL384612,Human immunodeficiency virus type 1 protease
CC1=C(C(COC(=O)c2ccccc2)OC(=O)c2ccccc2)c2cc3nc(cc4[nH]c(cc5[nH]c(cc1n2)c(C)c5CCC(=O)O)c(CCC(=O)O)c4C)C(C(COC(=O)c1ccccc1)OC(=O)c1ccccc1)=C3C,4.426935982160881,57000.0,2,CHEMBL217693,Human immunodeficiency virus type 1 protease
CC1=C(C(O)CO)c2cc3nc(cc4[nH]c(cc5[nH]c(cc1n2)c(C)c5CCC(=O)O)c(CCC(=O)O)c4C)C(C(O)CO)=C3C,3.6259059864968997,240000.0,2,CHEMBL12659,Human immunodeficiency virus type 1 protease
CC1=C(CCC(=O)O)c2cc3[nH]c(cc4[nH]c(cc5nc(cc1n2)C(C)=C5C(COC(=O)C1=CC1)OC(=O)C1=CC1)c(C)c4C(COC(=O)C1=CC1)OC(=O)C1=CC1)c(C)c3CCC(=O)O,4.920818753952375,12000.0,5,CHEMBL326831,Human immunodeficiency virus type 1 protease
CC1=C(CCC(=O)O)c2cc3[nH]c(cc4[nH]c(cc5nc(cc1n2)C(C)=C5C(COC(=O)C1=CCC1)OC(=O)C1=CCC1)c(C)c4C(COC(=O)C1=CCC1)OC(=O)C1=CCC1)c(C)c3CCC(=O)O,6.045757490560675,900.0,3,CHEMBL408667,Human immunodeficiency virus type 1 protease
CC1=C(CCOC(=O)C2=CC2)c2cc3[nH]c(cc4[nH]c(cc5nc(cc1n2)C(C)=C5CCC(=O)O)c(CCC(=O)O)c4C)c(CCOC(=O)C1=CC1)c3C,5.430848650916859,25137.5,2,CHEMBL324788,Human immunodeficiency virus type 1 protease
CC1=CSC2C(CN3CCN(C[C@@H](O)C[C@@H](Cc4ccccc4)C(=O)NC4c5ccccc5C[C@H]4O)[C@H](C(=O)NC(C)(C)C)C3)N=CN12,7.298216698730974,192.35,2,CHEMBL149053,Human immunodeficiency virus type 1 protease
CCC(=O)N[C@@H](CC(=O)OCc1ccccc1)C(=O)N[C@@H](Cc1ccccc1)[C@H](O)Cc1ccccc1C(=O)NC(C)(C)C,7.136677139879544,73.0,1,CHEMBL266620,Human immunodeficiency virus type 1 protease
CCC(C)(C)C(=O)C(=O)N1CCCCC1C(=O)OC(CCc1ccc(OC)c(OC)c1)c1cccc(NC(=O)CCC(=O)N[C@@H](Cc2ccccc2)[C@H](O)CN(CC(C)C)S(=O)(=O)c2ccc(OC)cc2)c1,8.008773924307505,9.8,1,CHEMBL5274597,Human immunodeficiency virus type 1 protease
CCC(C)(NC(=O)[C@@H](NC(=O)[C@@H](NC(=O)C[C@H](O)[C@H](CC(C)C)NC(=O)[C@H](C)NC(=O)C[C@H](O)[C@@H](N)CC(C)C)C(C)C)C(C)C)C(=O)O,4.9210001097592295,11994.99,1,CHEMBL337061,Human immunodeficiency virus type 1 protease
CCC(C)C(CO)NC(=O)[C@@H]1N[C@@H]([C@H](NC(=O)Cc2ccccc2)C(=O)NCc2ccccc2)SC1(C)C.CO,6.267606240177032,540.0,1,CHEMBL2112468,Human immunodeficiency virus type 1 protease
CCC(C)C(CO)NC(=O)[C@@H]1N[C@@H]([C@H](NC(=O)Cc2ccccc2)C(=O)NCc2ccccc2)SC1(C)C.O,6.267606240177032,540.0,1,CHEMBL2111680,Human immunodeficiency virus type 1 protease
CCC(C)C(NC(=O)[C@H](Cc1ccccc1)C[C@H](O)[C@H](Cc1ccccc1)NC(=O)OC(C)(C)C)C(=O)NCC(O)CO,9.823908740944319,0.15,1,CHEMBL283583,Human immunodeficiency virus type 1 protease
CCC(C)C(NC(=O)[C@H](Cc1ccccc1)C[C@H](O)[C@H](Cc1ccccc1)NC(=O)OC(C)(C)C)C(=O)NCc1ccccc1,9.148741651280925,0.71,1,CHEMBL282654,Human immunodeficiency virus type 1 protease
CCC(C)[C@@H](NC(=O)C(CCc1ccccc1)NC(=O)CCCCCCCCCCCCCCC(=O)N[C@H](CC(=O)N[C@@H](Cc1ccccc1)C(=O)O)C(N)=O)C(=O)N[C@@H](Cc1ccccc1)C(N)=O,6.008773924307505,980.0,1,CHEMBL217577,Human immunodeficiency virus type 1 protease
CCC(C)[C@@H](NC(=O)C(Cc1ccc(F)c(F)c1)NC(=O)CCCCCCCCCCCCCCC(=O)N[C@H](CC(=O)N[C@@H](Cc1ccccc1)C(=O)O)C(N)=O)C(=O)N[C@@H](Cc1ccccc1)C(N)=O,5.958607314841775,1100.0,1,CHEMBL385753,Human immunodeficiency virus type 1 protease
CCC(C)[C@@H](NC(=O)C(NC(=O)CCCCCCCCCCCCCCC(=O)N[C@H](CC(=O)N[C@@H](Cc1ccccc1)C(=O)O)C(N)=O)c1ccccc1)C(=O)N[C@@H](Cc1ccccc1)C(N)=O,5.6777807052660805,2100.0,1,CHEMBL193943,Human immunodeficiency virus type 1 protease
CCC(C)[C@@H](NC(=O)[C@@H](NC(=O)CCCCCCCCCCCCCCC(=O)N[C@H](CC(=O)N[C@@H](Cc1ccccc1)C(=O)O)C(N)=O)C(C)O)C(=O)N[C@@H](Cc1ccccc1)C(N)=O,8.958607314841775,1.1,1,CHEMBL194856,Human immunodeficiency virus type 1 protease
CCC(C)[C@@H](NC(=O)[C@H](C(C)O)N(C)C(=O)CCCCCCCCCCCCCCC(=O)NC(Cc1ccc(N)cc1)C(=O)N[C@@H](Cc1ccccc1)C(=O)O)C(=O)NC(CO)C(N)=O,8.920818753952375,1.2,1,CHEMBL195073,Human immunodeficiency virus type 1 protease
CCC(C)[C@@H](NC(=O)[C@H](C(C)O)N(C)C(=O)CCCCCCCCCCCCCCC(=O)NC(Cc1ccc(OP(=O)(O)O)cc1)C(=O)N[C@@H](Cc1ccccc1)C(=O)O)C(=O)NC(CO)C(N)=O,5.6777807052660805,2100.0,1,CHEMBL195816,Human immunodeficiency virus type 1 protease
CCC(C)[C@@H]1NC(=O)[C@@H](NC[C@@H](O)C[C@@H](Cc2ccccc2)C(=O)N[C@H]2c3ccccc3C[C@H]2O)Cc2ccc(cc2)OCCCCCNC1=O,7.110924374808178,80.0,4,CHEMBL331945,Human immunodeficiency virus type 1 protease
CCC(C)[C@H](NC(=O)CCCCCCCCCCCNC(=O)CNC(=O)[C@@H](CC(N)=O)NC(=O)[C@H](Cc1ccccc1)NC(=O)/C=C/C(=O)O)C(=O)N[C@@H](Cc1ccccc1)C(N)=O,4.774690718274137,16800.0,1,CHEMBL433569,Human immunodeficiency virus type 1 protease
CCC(C)[C@H](NC(=O)CCCCCCCCCCCNC(=O)[C@@H](NC(=O)[C@@H](Cc1ccccc1)NC(=O)/C=C/C(=O)O)C(N)=O)C(=O)N[C@@H](Cc1ccccc1)C(N)=O,4.72584215073632,18800.0,1,CHEMBL413958,Human immunodeficiency virus type 1 protease
CCC(C)[C@H](NC(=O)CCCCCCCCCCCNC(=O)[C@@H](NC(=O)[C@H](Cc1ccccc1)NC(=O)/C=C/C(=O)O)C(N)=O)C(=O)N[C@@H](Cc1ccccc1)C(N)=O,4.920818753952375,12000.0,1,CHEMBL364211,Human immunodeficiency virus type 1 protease
CCC(C)[C@H](NC(=O)CCCCCCCCCCCNC(=O)[C@H](Cc1ccc(O)c([N+](=O)[O-])c1)NC(=O)[C@H](CC1CCCCC1)NC(=O)/C=C/C(=O)O)C(=O)N[C@@H](Cc1ccc(O)c([N+](=O)[O-])c1)C(N)=O,3.607303046740334,247000.0,1,CHEMBL386539,Human immunodeficiency virus type 1 protease
CCC(C)[C@H](NC(=O)CCCCCCCCCCCNC(=O)[C@H](Cc1ccc(O)c([N+](=O)[O-])c1)NC(=O)[C@H](CC1CCCCC1)NC(=O)/C=C/C(=O)O)C(=O)N[C@@H](Cc1cccc2ccccc12)C(N)=O,3.442492798094342,361000.0,1,CHEMBL407688,Human immunodeficiency virus type 1 protease
CCC(C)[C@H](NC(=O)CCCCCCCCCCCNC(=O)[C@H](Cc1ccc(O)c([N+](=O)[O-])c1)NC(=O)[C@H](CC1CCCCC1)NC(=O)/C=C/C(=O)O)C(=O)N[C@@H](Cc1ccccc1)C(N)=O,3.485452247339714,327000.0,1,CHEMBL360848,Human immunodeficiency virus type 1 protease
CCC(C)[C@H](NC(=O)CCCCCCCCCCCNC(=O)[C@H](Cc1ccc(O)c([N+](=O)[O-])c1)NC(=O)[C@H](CC1CCCCC1)NC(=O)/C=C/C(=O)O)C(N)=O,5.431798275933005,3700.0,1,CHEMBL185130,Human immunodeficiency virus type 1 protease
CCC(C)[C@H](NC(=O)CCCCCCCCCCCNC(=O)[C@H](NC(=O)[C@@H](Cc1ccccc1)NC(=O)/C=C/C(=O)O)C(N)=O)C(=O)N[C@@H](Cc1ccccc1)C(N)=O,5.013228265733755,9700.0,1,CHEMBL359972,Human immunodeficiency virus type 1 protease
CCC(C)[C@H](NC(=O)CCCCCCCCCCCNC(=O)[C@H](NC(=O)[C@H](Cc1ccccc1)NC(=O)/C=C/C(=O)O)C(N)=O)C(=O)N[C@@H](Cc1ccccc1)C(N)=O,4.847711655616943,14200.0,1,CHEMBL184561,Human immunodeficiency virus type 1 protease
CCC(C)[C@H](NC(=O)C[C@H](O)[C@H](CC(C)C)NC(=O)CC1C=CCN2C(=O)CCC(CNCc3ccccc3)C(=O)N12)C(=O)N[C@@H](Cc1ccccc1)C(N)=O,4.6777807052660805,21000.0,1,CHEMBL325180,Human immunodeficiency virus type 1 protease
CCC(C)[C@H](NC(=O)C[C@H](O)[C@H](CC1CCCCC1)NC(=O)CC1CCCN2C(=O)CCC(CN)C(=O)N12)C(=O)N[C@@H](Cc1ccccc1)C(N)=O,7.585026652029182,26.0,1,CHEMBL324989,Human immunodeficiency virus type 1 protease
CCC(C)[C@H](NC(=O)C[C@H](O)[C@H](Cc1ccccc1)NC(=O)CC1C=CCN2C(=O)CCC(CNCc3ccccc3)C(=O)N12)C(=O)N[C@@H](Cc1ccccc1)C(=O)OC,3.4559319556497243,350000.0,1,CHEMBL323710,Human immunodeficiency virus type 1 protease
CCC(C)[C@H](NC(=O)[C@H](Cc1ccccc1)C[C@H](O)[C@H](Cc1ccccc1)NC(=O)OC(C)(C)C)C(=O)NCC(O)CO,9.823908740944319,0.15,1,CHEMBL431999,Human immunodeficiency virus type 1 protease
CCC(C)[C@H](NC(=O)[C@H](Cc1ccccc1)C[C@H](O)[C@H](Cc1ccccc1)NC(=O)OC(C)(C)C)C(=O)NCCCN(C)C,8.102372908709558,7.9,1,CHEMBL318700,Human immunodeficiency virus type 1 protease
CCC(C)[C@H](NC(=O)[C@H](Cc1ccccc1)C[C@H](O)[C@H](Cc1ccccc1)NC(=O)OC(C)(C)C)C(=O)NCCN(C)C,8.148741651280925,7.1,1,CHEMBL97362,Human immunodeficiency virus type 1 protease
CCC(C)[C@H](NC(=O)[C@H](Cc1ccccc1)C[C@H](O)[C@H](Cc1ccccc1)NC(=O)OC(C)(C)C)C(=O)NCCO,9.337242168318426,0.46,1,CHEMBL98129,Human immunodeficiency virus type 1 protease
CCC(C)[C@H](NC(=O)[C@H](Cc1ccccc1)C[C@H](O)[C@H](Cc1ccccc1)NC(=O)OC(C)(C)C)C(=O)NCc1ccccc1,9.148741651280925,0.71,1,CHEMBL430868,Human immunodeficiency virus type 1 protease
CCC(C)[C@H](NC(=O)[C@H](Cc1ccccc1)C[C@H](O)[C@H](Cc1ccccc1)NC(=O)OC(C)(C)C)C(=O)NCc1ccccn1,8.886056647693163,1.3,1,CHEMBL94991,Human immunodeficiency virus type 1 protease
CCC(C)[C@H](NC(=O)[C@H](Cc1ccccc1)C[C@H](O)[C@H](Cc1ccccc1)NC(=O)OC(C)(C)C)C(=O)NCc1ncc[nH]1,9.05551732784983,0.88,1,CHEMBL97825,Human immunodeficiency virus type 1 protease
CCC(C)[C@H](NC(=O)[C@H](Cc1ccccc1)C[C@H](O)[C@H](Cc1ccccc1)NC(=O)OC(C)(C)C)C(N)=O,8.568636235841012,2.7,1,CHEMBL97847,Human immunodeficiency virus type 1 protease
CCC(C)c1cc(CN2CCN(C[C@@H](O)[C@H](Cc3ccccc3)NC(=O)O[C@@H]3CCS(=O)(=O)[C@@H]3C(C)C)[C@H](C(=O)NC(C)(C)C)C2)ccn1,8.920818753952375,1.2,1,CHEMBL307966,Human immunodeficiency virus type 1 protease
CCC(C)c1ccccc1SC1=C(O)OC(CCc2ccccc2)(c2ccccc2)CC1=O,8.0,10.0,1,CHEMBL121995,Human immunodeficiency virus type 1 protease
CCC(C)c1ccccc1SC1=C(O)OC(c2ccccc2)(c2ccccc2)CC1=O,7.769551078621726,17.0,1,CHEMBL125506,Human immunodeficiency virus type 1 protease
CCC(C1=C(O)OC(CC(C)C)(CC(C)C)CC1=O)c1cccc(NS(=O)(=O)c2cn(C)cn2)c1,5.7447274948966935,1800.0,1,CHEMBL116798,Human immunodeficiency virus type 1 protease
CCC(C1=C(O)OC(CC(C)C)(CC(C)C)CC1=O)c1ccccc1,4.1249387366083,75000.0,1,CHEMBL142907,Human immunodeficiency virus type 1 protease
CCC(C1=C(O)OC(CCC2CC2)(CCC2CC2)CC1=O)c1cccc(NS(=O)(=O)c2cn(C)cn2)c1,5.7447274948966935,1800.0,1,CHEMBL332043,Human immunodeficiency virus type 1 protease
CCC(C1=C(O)OC(CCc2ccccc2)(CCc2ccccc2)CC1=O)c1cccc(NS(=O)(=O)c2cn(C)cn2)c1,6.1938200260161125,640.0,1,CHEMBL116965,Human immunodeficiency virus type 1 protease
CCC(C1=C(O)OC(Cc2ccccc2)(Cc2ccccc2)CC1=O)c1ccccc1,5.0,10000.0,1,CHEMBL143085,Human immunodeficiency virus type 1 protease
CCC(C1=C(O)OC(Cc2ccccc2)(c2ccccc2)CC1=O)c1ccccc1,5.0,10000.0,1,CHEMBL143086,Human immunodeficiency virus type 1 protease
CCC(C1=C(O)OC2(CCC(=O)CC2)CC1=O)c1ccccc1,6.0,1000.0,1,CHEMBL142661,Human immunodeficiency virus type 1 protease
CCC(C1=C(O)OC2(CCCCC2)CC1=O)c1ccccc1,6.107905397309519,780.0,1,CHEMBL143401,Human immunodeficiency virus type 1 protease
CCC(C1=C(O)OC2(CCCCCCC2)CC1=O)c1ccccc1,5.522878745280337,3000.0,1,CHEMBL141176,Human immunodeficiency virus type 1 protease
CCC(CC)N1CCN(C[C@@H](O)[C@H](Cc2ccccc2)NC(=O)O[C@@H]2CCS(=O)(=O)[C@@H]2C(C)C)[C@H](C(=O)NC(C)(C)C)C1,7.006123085058789,98.6,1,CHEMBL93113,Human immunodeficiency virus type 1 protease
CCC(CC)NC(=O)C[C@@H](C(=O)NC[C@@H](O)[C@H](Cc1ccccc1)NC(=O)OCc1ccccc1)C(C)(C)C,7.823908740944319,15.0,1,CHEMBL69134,Human immunodeficiency virus type 1 protease
CCC(CC)NC(=O)C[C@@H](C(=O)NC[C@@H](O)[C@H](Cc1ccccc1)NC(=O)[C@@H](NC(=O)OCc1ccccc1)C(C)C)C(C)(C)C,8.537602002101044,2.9,1,CHEMBL69062,Human immunodeficiency virus type 1 protease
CCC(CC)NC(=O)C[C@@H](C(=O)NC[C@@H](O)[C@H](Cc1ccccc1)NC(=O)[C@@H](NC(=O)OCc1ccccc1)[C@H](C)O)C(C)(C)C,8.086186147616283,8.2,1,CHEMBL1790510,Human immunodeficiency virus type 1 protease
CCC(CC)NC(=O)C[C@@H](C(=O)NC[C@@H](O)[C@H](Cc1ccccc1)NC(=O)[C@@H](NC(=O)c1ccc2ccccc2n1)C(C)C)C(C)(C)C,8.602059991327963,2.5,1,CHEMBL304086,Human immunodeficiency virus type 1 protease
CCC(CC)NC(=O)C[C@@H](C(=O)NC[C@@H](O)[C@H](Cc1ccccc1)NC(=O)[C@@H](NC(=O)c1ccc2ccccc2n1)[C@H](C)O)C(C)(C)C,8.443697499232712,3.6,1,CHEMBL1790509,Human immunodeficiency virus type 1 protease
CCC(CC)NC(=O)C[C@@H](C(=O)NC[C@@H](O)[C@H](Cc1ccccc1)NC(=O)[C@@H](NC(=O)c1cnc2ccccc2n1)C(C)C)C(C)(C)C,8.657577319177793,2.2,1,CHEMBL66460,Human immunodeficiency virus type 1 protease
CCC(CC)NC(=O)C[C@@H](C(=O)NC[C@@H](O)[C@H](Cc1ccccc1)NC(=O)[C@@H](NC(=O)c1cnc2ccccc2n1)[C@H](C)O)C(C)(C)C,8.522878745280337,3.0,1,CHEMBL1790508,Human immunodeficiency virus type 1 protease
CCC(CC)NC(=O)C[C@@H](C(=O)NC[C@@H](O)[C@H](Cc1ccccc1)NC(=O)[C@H](CC(N)=O)NC(=O)OCc1ccccc1)C(C)(C)C,8.42021640338319,3.8,1,CHEMBL69755,Human immunodeficiency virus type 1 protease
CCC(CC)NC(=O)C[C@@H](C(=O)NC[C@@H](O)[C@H](Cc1ccccc1)NC(=O)[C@H](CC(N)=O)NC(=O)c1ccc2ccccc2n1)C(C)(C)C,8.657577319177793,2.2,1,CHEMBL66399,Human immunodeficiency virus type 1 protease
CCC(CC)NC(=O)C[C@@H](C(=O)NC[C@@H](O)[C@H](Cc1ccccc1)NC(=O)[C@H](CC(N)=O)NC(=O)c1cnc2ccccc2n1)C(C)(C)C,8.721246399047171,1.9,1,CHEMBL71334,Human immunodeficiency virus type 1 protease
CCC(CC)c1cc(O)c(C(c2cccc(NS(=O)(=O)c3cn(C)cn3)c2)C2CC2)c(=O)o1,5.522878745280337,3000.0,1,CHEMBL310123,Human immunodeficiency virus type 1 protease
CCC(CC1CCOCC1)c1cc(O)c(C(c2cccc(NS(=O)(=O)c3cn(C)cn3)c2)C2CC2)c(=O)o1,5.376750709602099,4200.0,1,CHEMBL79116,Human immunodeficiency virus type 1 protease
CCC(CCOCCOC)c1cc(O)c(C(c2cccc(NS(=O)(=O)c3cn(C)cn3)c2)C2CC2)c(=O)o1,5.236572006437063,5800.0,1,CHEMBL78955,Human immunodeficiency virus type 1 protease
CCC(Cc1ccccc1)c1cc(O)c(C(CC)c2ccccc2)c(=O)o1,5.522878745280337,3000.0,2,CHEMBL22164,Human immunodeficiency virus type 1 protease
CCC(Cc1ccccc1)c1cc(O)c(C(c2cccc(NS(=O)(=O)c3ccc(C#N)cc3)c2)C2CC2)c(=O)o1,5.795880017344075,1600.0,1,CHEMBL76486,Human immunodeficiency virus type 1 protease
CCC(Cc1ccccc1)c1cc(O)c(C(c2cccc(NS(=O)(=O)c3ccc(Cl)cc3)c2)C2CC2)c(=O)o1,5.698970004336019,2000.0,1,CHEMBL78454,Human immunodeficiency virus type 1 protease
CCC(Cc1ccccc1)c1cc(O)c(C(c2cccc(NS(=O)(=O)c3ccc(OC)cc3)c2)C2CC2)c(=O)o1,5.7447274948966935,1800.0,1,CHEMBL430629,Human immunodeficiency virus type 1 protease
CCC(Cc1ccccc1)c1cc(O)c(C(c2cccc(NS(=O)(=O)c3cccc4cccnc34)c2)C2CC2)c(=O)o1,5.638272163982407,2300.0,1,CHEMBL78822,Human immunodeficiency virus type 1 protease
CCC(Cc1ccccc1)c1cc(O)c(C(c2cccc(NS(=O)(=O)c3ccccc3)c2)C2CC2)c(=O)o1,5.853871964321762,1400.0,1,CHEMBL79063,Human immunodeficiency virus type 1 protease
CCC(Cc1ccccc1)c1cc(O)c(C(c2cccc(NS(=O)(=O)c3cccnc3)c2)C2CC2)c(=O)o1,5.585026652029182,2600.0,1,CHEMBL78357,Human immunodeficiency virus type 1 protease
CCC(Cc1ccccc1)c1cc(O)c(C(c2cccc(NS(=O)(=O)c3cn(C)cn3)c2)C2CC2)c(=O)o1,5.886056647693163,1300.0,5,CHEMBL312178,Human immunodeficiency virus type 1 protease
CCC(c1ccccc1)c1c(O)c2ccccc2oc1=O,6.0,1000.0,1,CHEMBL1465,Human immunodeficiency virus type 1 protease
CCC1(CC=C(C)C)Oc2ccccc2-n2cccc2C1=O,6.522878745280337,300.0,1,CHEMBL90115,Human immunodeficiency virus type 1 protease
CCCC(=O)N[C@@H](CC(=O)OCc1ccccc1)C(=O)N[C@@H](Cc1ccccc1)[C@H](O)Cc1ccccc1C(=O)NC(C)(C)C,6.490797477668897,323.0,1,CHEMBL11142,Human immunodeficiency virus type 1 protease
CCCC(=O)Nc1cccc(C(c2c(O)c3c(oc2=O)CCCCCC3)C2CC2)c1,4.454692883534176,35100.0,1,CHEMBL137841,Human immunodeficiency virus type 1 protease
CCCC(CCC)NC(=O)C[C@@H](C(=O)NC[C@@H](O)[C@H](Cc1ccccc1)NC(=O)OCc1ccccc1)C(C)(C)C,7.4089353929735005,39.0,1,CHEMBL68267,Human immunodeficiency virus type 1 protease
CCCC1(CCC)CC(=O)C(C(CC)c2cccc(NS(=O)(=O)c3cn(C)cn3)c2)=C(O)O1,6.096910013008056,800.0,1,CHEMBL118006,Human immunodeficiency virus type 1 protease
CCCC1(CCC)CC(=O)C(C(c2cccc(NS(=O)(=O)c3cn(C)cn3)c2)C(C)(C)C)=C(O)O1,6.221848749616356,600.0,1,CHEMBL117719,Human immunodeficiency virus type 1 protease
CCCC1(CCC)CC(=O)C(C(c2cccc(NS(=O)(=O)c3cn(C)cn3)c2)C2CC2)=C(O)O1,6.0,1000.0,1,CHEMBL324579,Human immunodeficiency virus type 1 protease
CCCC1(CCC)CC(=O)C(C(c2ccccc2)C(C)(C)C)=C(O)O1,6.0,1000.0,1,CHEMBL443822,Human immunodeficiency virus type 1 protease
CCCC1(CCC)CC(O)=C(C(c2ccccc2)C2CC2)C(=O)O1,5.301029995663981,5000.0,1,CHEMBL5279989,Human immunodeficiency virus type 1 protease
CCCC1(CCc2ccc(F)cc2)CC(=O)C(C(CC)c2cccc(NS(=O)(=O)c3cn(C)cn3)c2)=C(O)O1,6.154901959985743,700.0,1,CHEMBL117500,Human immunodeficiency virus type 1 protease
CCCC1(CCc2ccc(O)cc2)CC(=O)C(Sc2cc(C)c(N)cc2C(C)(C)C)=C(O)O1,8.42021640338319,3.8,1,CHEMBL290442,Human immunodeficiency virus type 1 protease
CCCC1(CCc2ccc(O)cc2)CC(=O)C(Sc2cc(C)c(OS(=O)(=O)Cn3ccnc3)cc2C(C)(C)C)=C(O)O1,8.657577319177793,2.2,1,CHEMBL171229,Human immunodeficiency virus type 1 protease
CCCC1(CCc2ccccc2)CC(=O)C(C(CC)c2cccc(NS(=O)(=O)c3ccc(C#N)cc3)c2)=C(O)O1,5.958607314841775,1100.0,2,CHEMBL21281,Human immunodeficiency virus type 1 protease
CCCC1(CCc2ccccc2)CC(=O)C(C(CC)c2cccc(NS(=O)(=O)c3ccc(C#N)cn3)c2)=C(O)O1,6.886056647693163,130.0,1,CHEMBL21405,Human immunodeficiency virus type 1 protease
CCCC1(CCc2ccccc2)CC(=O)C(C(CC)c2cccc(NS(=O)(=O)c3ccc(F)cc3)c2)=C(O)O1,5.920818753952375,1200.0,2,CHEMBL326566,Human immunodeficiency virus type 1 protease
CCCC1(CCc2ccccc2)CC(=O)C(C(CC)c2cccc(NS(=O)(=O)c3cccc4cccnc34)c2)=C(O)O1,6.0,1000.0,2,CHEMBL20846,Human immunodeficiency virus type 1 protease
CCCC1(CCc2ccccc2)CC(=O)C(C(CC)c2cccc(NS(=O)(=O)c3ccccc3)c2)=C(O)O1,5.795880017344075,1600.0,2,CHEMBL115743,Human immunodeficiency virus type 1 protease
CCCC1(CCc2ccccc2)CC(=O)C(C(CC)c2cccc(NS(=O)(=O)c3cn(C)cn3)c2)=C(O)O1,6.301029995663981,500.0,3,CHEMBL21188,Human immunodeficiency virus type 1 protease
CCCC1(CCc2ccccc2)CC(=O)C(C(CC)c2ccccc2)=C(O)O1,7.455931955649724,35.0,1,CHEMBL143235,Human immunodeficiency virus type 1 protease
CCCC1(CCc2ccccc2)CC(=O)C(C(c2cccc(NS(=O)(=O)c3ccc(C#N)cc3)c2)C(C)(C)C)=C(O)O1,5.920818753952375,1200.0,1,CHEMBL117856,Human immunodeficiency virus type 1 protease
CCCC1(CCc2ccccc2)CC(=O)C(C(c2cccc(NS(=O)(=O)c3ccc(C#N)cn3)c2)C(C)(C)C)=C(O)O1,6.853871964321762,140.0,1,CHEMBL325454,Human immunodeficiency virus type 1 protease
CCCC1(CCc2ccccc2)CC(=O)C(C(c2cccc(NS(=O)(=O)c3ccc(C(F)(F)F)cn3)c2)C(C)(C)C)=C(O)O1,6.275724130399211,530.0,1,CHEMBL117389,Human immunodeficiency virus type 1 protease
CCCC1(CCc2ccccc2)CC(=O)C(C(c2cccc(NS(=O)(=O)c3ccc(N)cn3)c2)C(C)(C)C)=C(O)O1,6.638272163982407,230.0,1,CHEMBL116068,Human immunodeficiency virus type 1 protease
CCCC1(CCc2ccccc2)CC(=O)C(C(c2cccc(NS(=O)(=O)c3ccc([N+](=O)[O-])cn3)c2)C(C)(C)C)=C(O)O1,5.638272163982407,2300.0,1,CHEMBL119906,Human immunodeficiency virus type 1 protease
CCCC1(CCc2ccccc2)CC(=O)C(C(c2cccc(NS(=O)(=O)c3cn(C)cn3)c2)C(C)(C)C)=C(O)O1,6.823908740944319,150.0,1,CHEMBL421230,Human immunodeficiency virus type 1 protease
CCCC1(CCc2ccccc2)CC(=O)C(C(c2cccc(NS(=O)(=O)c3cn(C)cn3)c2)C2CC2)=C(O)O1,6.0,1000.0,1,CHEMBL117638,Human immunodeficiency virus type 1 protease
CCCC1(CCc2ccccc2)OC(=O)C(C(CC)c2cccc(NS(=O)(=O)c3ccc(C#N)cc3)c2)=C(O)O1,7.823908740944319,15.0,1,CHEMBL89038,Human immunodeficiency virus type 1 protease
CCCC1(CCc2ccccc2)OC(=O)C(C(CC)c2cccc(NS(=O)(=O)c3ccc(C#N)cn3)c2)=C(O)O1,8.522878745280337,3.0,1,CHEMBL315121,Human immunodeficiency virus type 1 protease
CCCC1(CCc2ccccc2)OC(=O)C(C(CC)c2cccc(NS(=O)(=O)c3ccc(C(F)(F)F)cn3)c2)=C(O)O1,8.0,10.0,1,CHEMBL88964,Human immunodeficiency virus type 1 protease
CCCC1(CCc2ccccc2)OC(=O)C(C(CC)c2cccc(NS(=O)(=O)c3ccc(N)cn3)c2)=C(O)O1,7.886056647693163,13.0,1,CHEMBL312909,Human immunodeficiency virus type 1 protease
CCCC1(CCc2ccccc2)OC(=O)C(C(CC)c2cccc(NS(=O)(=O)c3ccc([N+](=O)[O-])cn3)c2)=C(O)O1,7.187086643357144,65.0,1,CHEMBL87806,Human immunodeficiency virus type 1 protease
CCCC1(CCc2ccccc2)OC(=O)C(C(CC)c2cccc(NS(=O)(=O)c3ccccn3)c2)=C(O)O1,7.886056647693163,13.0,1,CHEMBL90449,Human immunodeficiency virus type 1 protease
CCCC1(c2ccccc2)CC(=O)C(SCCc2ccccc2)=C(O)O1,5.292429823902063,5100.0,1,CHEMBL125639,Human immunodeficiency virus type 1 protease
CCCC1(c2ccccc2)CC(=O)C(SCc2ccccc2)=C(O)O1,6.5376020021010435,290.0,1,CHEMBL338010,Human immunodeficiency virus type 1 protease
CCCC1CCCCCCc2c1oc(O)c(C(c1ccccc1)C1CC1)c2=O,5.275724130399211,5300.0,1,CHEMBL343163,Human immunodeficiency virus type 1 protease
CCCCC(CO)NC(=O)[C@@H]1N[C@@H]([C@H](NC(=O)Cc2ccccc2)C(=O)NCc2ccccc2)SC1(C)C,6.6020599913279625,250.0,1,CHEMBL319188,Human immunodeficiency virus type 1 protease
CCCCC(CO)NC(=O)[C@@H]1N[C@@H]([C@H](NC(=O)Cc2ccccc2)C(=O)NCc2ccccc2)SC1(C)C.O,5.337242168318426,4600.0,1,CHEMBL2111679,Human immunodeficiency virus type 1 protease
CCCCC(NC(=O)CCCCCCCCCCCCCCC(=O)N[C@H](CC(=O)N[C@@H](Cc1ccccc1)C(=O)O)C(N)=O)C(=O)N[C@@H](C(=O)N[C@@H](Cc1ccccc1)C(N)=O)C(C)CC,5.795880017344075,1600.0,1,CHEMBL370393,Human immunodeficiency virus type 1 protease
CCCCC1(CCc2ccc(O)cc2)CC(=O)C(Sc2cc(C)c(N)cc2C(C)(C)C)=C(O)O1,8.356547323513812,4.4,1,CHEMBL38384,Human immunodeficiency virus type 1 protease
CCCCC1(Cc2ccccc2)CC(=O)C(C(CC)c2ccccc2)=C(O)O1,5.522878745280337,3000.0,1,CHEMBL344838,Human immunodeficiency virus type 1 protease
CCCCC1(c2ccccc2)CC(=O)C(SCCc2ccccc2)=C(O)O1,6.3979400086720375,400.0,1,CHEMBL122565,Human immunodeficiency virus type 1 protease
CCCCC1(c2ccccc2)CC(=O)C(SCc2ccccc2)=C(O)O1,6.568636235841013,270.0,1,CHEMBL123561,Human immunodeficiency virus type 1 protease
CCCCCC/C=C\CCCCCCCc1cc(O)cc(O)c1,5.585026652029182,2600.0,1,CHEMBL461628,Human immunodeficiency virus type 1 protease
CCCCCC1(CCCCC)CC(=O)C(C(CC)c2cccc(NS(=O)(=O)c3cn(C)cn3)c2)=C(O)O1,6.0,1000.0,1,CHEMBL116265,Human immunodeficiency virus type 1 protease
CCCCCC1(CCc2ccc(O)cc2)CC(=O)C(Sc2cc(C)c(N)cc2C(C)(C)C)=C(O)O1,8.113509274827518,7.7,1,CHEMBL36448,Human immunodeficiency virus type 1 protease
CCCCCC1(c2ccccc2)CC(=O)C(SCCc2ccccc2)=C(O)O1,7.075720713938118,84.0,1,CHEMBL340859,Human immunodeficiency virus type 1 protease
CCCCCC1(c2ccccc2)CC(=O)C(SCc2ccccc2)=C(O)O1,6.696015281088739,225.5,2,CHEMBL125097,Human immunodeficiency virus type 1 protease
CCCCCC1(c2ccccc2)CC(=O)C(Sc2ccccc2C(C)C)=C(O)O1,7.055517327849832,88.0,1,CHEMBL164110,Human immunodeficiency virus type 1 protease
CCCCCC=C(c1cc(Cl)c(O)c(C(=O)NO)c1)c1cc(Cl)c(O)c(C(=O)NO)c1,4.236572006437063,58000.0,1,CHEMBL113197,Human immunodeficiency virus type 1 protease
CCCCCCC(=O)N[C@H](C(=O)N[C@@H](Cc1ccccc1)[C@H](O)CN1CC2CCCCC2C[C@H]1C(=O)NC(C)(C)C)C(C)C,8.221848749616356,6.0,1,CHEMBL305463,Human immunodeficiency virus type 1 protease
CCCCCCC/N=C1/C(=O)c2ccccc2C(O)=C1O,4.481486060122113,33000.0,1,CHEMBL82611,Human immunodeficiency virus type 1 protease
CCCCCCC1(c2ccccc2)CC(=O)C(SCCc2ccccc2)=C(O)O1,6.950781977329818,112.0,1,CHEMBL127754,Human immunodeficiency virus type 1 protease
CCCCCCC1(c2ccccc2)CC(=O)C(SCc2ccccc2)=C(O)O1,6.7447274948966935,180.0,1,CHEMBL125556,Human immunodeficiency virus type 1 protease
CCCCCCCCCCCCCCCC(=O)Nc1c(O)cc(S(=O)(=O)O)c2ccccc12,5.188789363012164,8150.0,2,CHEMBL311950,Human immunodeficiency virus type 1 protease
CCCCCCCCCCCCCCCC(=O)Nc1c(OC(=O)CCCCCCCCCCCCCCC)cc(S(=O)(=O)O)c2ccccc12,5.661561784013432,3660.0,2,CHEMBL313213,Human immunodeficiency virus type 1 protease
CCCCCCCCCCCCCCCC(=O)Nc1ccc(S(=O)(=O)O)c2cccc(S(=O)(=O)O)c12,5.484902607321624,4150.0,2,CHEMBL82443,Human immunodeficiency virus type 1 protease
CCCCCCCCCCCCCCC[C@H](C[C@H](O)[C@H](Cc1ccccc1)NC(=O)OC(C)(C)C)C(=O)N[C@H]1c2ccccc2C[C@H]1O,5.522878745280337,3000.0,1,CHEMBL48281,Human immunodeficiency virus type 1 protease
CCCCCCCCN1CCN(C[C@@H](O)[C@H](Cc2ccccc2)NC(=O)O[C@@H]2CCS(=O)(=O)[C@@H]2C(C)C)[C@H](C(=O)NC(C)(C)C)C1,8.075720713938118,8.4,1,CHEMBL327194,Human immunodeficiency virus type 1 protease
CCCCCCCNC(=O)C(NC(=O)Cc1ccccc1)[C@@H]1N[C@@H](C(=O)NCC(O)CN2C[C@H]3CCCC[C@H]3C[C@H]2C(=O)NC(C)(C)C)C(C)(C)S1,7.0655015487564325,86.0,1,CHEMBL122031,Human immunodeficiency virus type 1 protease
CCCCCCc1cc2c(cc1O)OC(=O)C(C(c1ccccc1)c1c(O)oc3cc(O)c(CCCCCC)cc3c1=O)C2O,6.494850021680094,320.0,1,CHEMBL64802,Human immunodeficiency virus type 1 protease
CCCCN(C)C(=O)Oc1nsnc1-c1c(Cl)cccc1Cl,5.34518491628705,6850.0,2,CHEMBL62905,Human immunodeficiency virus type 1 protease
CCCCN(C[C@@H](O)[C@H](Cc1ccccc1)NC(=O)[C@H](CC(N)=O)NC(=O)OCc1ccccc1)C(=O)NCC(C)C,6.025999813961353,941.89,1,CHEMBL131640,Human immunodeficiency virus type 1 protease
CCCCN(C[C@@H](O)[C@H](Cc1ccccc1)NC(=O)[C@H](CC(N)=O)NC(=O)c1ccc2ccccc2n1)C(=O)NCC(C)C,6.899009476930035,126.18,1,CHEMBL278875,Human immunodeficiency virus type 1 protease
CCCCNC(=O)C1(C)OC(O)=C(CCc2ccccc2)C1=O,4.0,100000.0,1,CHEMBL107267,Human immunodeficiency virus type 1 protease
CCCCNC(=O)N(CC(C)C)CC(O)[C@H](Cc1ccccc1)NC(=O)[C@H](CC(N)=O)NC(=O)OCc1ccccc1,6.025999813961353,941.89,1,CHEMBL68155,Human immunodeficiency virus type 1 protease
CCCCNC(=O)N(CC(C)C)CC(O)[C@H](Cc1ccccc1)NC(=O)[C@H](CC(N)=O)NC(=O)c1ccc2ccccc2n1,6.899009476930035,126.18,1,CHEMBL302061,Human immunodeficiency virus type 1 protease
CCCCNC(=O)N(CC(C)C)C[C@@H](O)[C@H](Cc1ccccc1)NC(=O)[C@H](CC(N)=O)NC(=O)OCc1ccccc1,6.026872146400302,940.0,1,CHEMBL99015,Human immunodeficiency virus type 1 protease
CCCCNC(=O)N(CC(C)C)C[C@@H](O)[C@H](Cc1ccccc1)NC(=O)[C@H](CC(N)=O)NC(=O)c1ccc2ccccc2n1,6.899629454882437,126.0,1,CHEMBL100034,Human immunodeficiency virus type 1 protease
CCCC[C@@H](CN[C@@H](CCCC)C(=O)N[C@@H](CCC(N)=O)C(=O)N[C@@H](CCCNC(=N)N)C(N)=O)NC(=O)[C@@H](NC(=O)[C@@H](NC(C)=O)[C@@H](C)O)[C@@H](C)CC,5.721246399047171,1900.0,1,CHEMBL48996,Human immunodeficiency virus type 1 protease
CCCC[C@@H]1[C@H](OC(=O)N[C@@H](Cc2ccccc2)[C@H](O)CN2C[C@H]3CCCC[C@H]3C[C@H]2C(=O)NC(C)(C)C)CCS1(=O)=O,7.339134521996131,45.8,1,CHEMBL279372,Human immunodeficiency virus type 1 protease
CCCC[C@H](CC(O)(CO)C[C@@H](CCCC)C(=O)N[C@@H](CC(C)C)C(=O)N[C@@H](Cc1ccccc1)C(=O)OC)C(=O)N[C@@H](CC(C)C)C(=O)N[C@@H](Cc1ccccc1)C(=O)OC,5.698970004336019,2000.0,1,CHEMBL38501,Human immunodeficiency virus type 1 protease
CCCC[C@H](CC(O)C[C@@H](CCCC)C(=O)N[C@@H](C)C(=O)N[C@@H](C)C(=O)OC)C(=O)N[C@@H](C)C(=O)N[C@@H](C)C(=O)OC,7.1249387366083,75.0,1,CHEMBL41965,Human immunodeficiency virus type 1 protease
CCCC[C@H](CC(O)C[C@@H](CCCC)C(=O)N[C@@H](CC(C)C)C(=O)N[C@@H](Cc1ccccc1)C(=O)OC)C(=O)N[C@@H](CC(C)C)C(=O)N[C@@H](Cc1ccccc1)C(=O)OC,7.045757490560675,90.0,1,CHEMBL35215,Human immunodeficiency virus type 1 protease
CCCC[C@H](CC(O)C[C@@H](CCCC)C(=O)N[C@H](C(=O)N[C@H](C(=O)OC)C(C)C)C(C)C)C(=O)N[C@H](C(=O)N[C@H](C(=O)OC)C(C)C)C(C)C,8.301029995663981,5.0,1,CHEMBL39130,Human immunodeficiency virus type 1 protease
CCCC[C@H](CC1(C[C@@H](CCCC)C(=O)N[C@@H](CC(C)C)C(=O)N[C@@H](Cc2ccccc2)C(=O)OC)CO1)C(=O)N[C@@H](CC(C)C)C(=O)N[C@@H](Cc1ccccc1)C(=O)OC,6.3979400086720375,400.0,1,CHEMBL20303,Human immunodeficiency virus type 1 protease
CCCC[C@H](CN[C@H](CCCC)C(=O)N[C@@H](CCC(N)=O)C(=O)N[C@@H](CCCN=C(N)N)C(N)=O)NC(=O)[C@@H](NC(=O)[C@@H](NC(C)=O)[C@@H](C)O)[C@@H](C)CC,9.10790539730952,0.78,1,CHEMBL73875,Human immunodeficiency virus type 1 protease
CCCC[C@H]1[C@@H](OC(=O)N[C@@H](Cc2ccccc2)[C@H](O)CN2C[C@H]3CCCC[C@H]3C[C@H]2C(=O)NC(C)(C)C)CCS1(=O)=O,7.826813731587726,14.9,1,CHEMBL17621,Human immunodeficiency virus type 1 protease
CCCCc1cc(CN2CCN(C[C@@H](O)[C@H](Cc3ccccc3)NC(=O)O[C@@H]3CCS(=O)(=O)[C@@H]3C(C)C)[C@H](C(=O)NC(C)(C)C)C2)cc(CCCC)n1,9.022276394711152,0.95,1,CHEMBL72497,Human immunodeficiency virus type 1 protease
CCCN(C)C(=O)Oc1nsnc1-c1c(Cl)cccc1Cl,5.66674100972256,3300.0,2,CHEMBL60314,Human immunodeficiency virus type 1 protease
CCCN(CCc1csc(C(C)C)n1)C(=O)NC(C)C(=O)N[C@@H](Cc1ccccc1)C[C@H](O)[C@H](Cc1ccccc1)NC(=O)OCc1cncs1,8.387216143280265,4.1,1,CHEMBL157673,Human immunodeficiency virus type 1 protease
CCCN(C[C@@H](O)[C@H](Cc1ccccc1)NC(=O)/C=C/c1cc(OC)c(O)c(OC)c1)S(=O)(=O)c1ccc(OC)cc1,7.435807539373802,36.66,1,CHEMBL4873131,Human immunodeficiency virus type 1 protease
CCCN(C[C@@H](O)[C@H](Cc1ccccc1)NC(=O)/C=C/c1ccc(O)c(O)c1)S(=O)(=O)c1ccc(OC)cc1,8.593459819566045,2.55,1,CHEMBL4879286,Human immunodeficiency virus type 1 protease
CCCN(C[C@@H](O)[C@H](Cc1ccccc1)NC(=O)/C=C/c1ccc(O)c(OC)c1)S(=O)(=O)c1ccc(OC)cc1,7.617802789622546,24.11,1,CHEMBL4878073,Human immunodeficiency virus type 1 protease
CCCN(C[C@@H](O)[C@H](Cc1ccccc1)NC(=O)CCc1cc(OC)c(O)cc1OC)S(=O)(=O)c1ccc(OC)cc1,7.063285241788797,86.44,1,CHEMBL4849408,Human immunodeficiency virus type 1 protease
CCCN(C[C@@H](O)[C@H](Cc1ccccc1)NC(=O)CCc1ccc(O)c(O)c1)S(=O)(=O)c1ccc(OC)cc1,9.267606240177031,0.54,1,CHEMBL4860724,Human immunodeficiency virus type 1 protease
CCCN(C[C@@H](O)[C@H](Cc1ccccc1)NC(=O)CCc1ccc(O)c(OC)c1)S(=O)(=O)c1ccc(OC)cc1,8.769551078621726,1.7,1,CHEMBL4867848,Human immunodeficiency virus type 1 protease
CCCN(C[C@@H](O)[C@H](Cc1ccccc1)NC(=O)[C@H](CC(N)=O)NC(=O)OCc1ccccc1)C(=O)NCC(C)C,6.285000032587957,518.8,1,CHEMBL135148,Human immunodeficiency virus type 1 protease
CCCN(Cc1csc(C(C)C)n1)C(=O)NCC(=O)N[C@@H](Cc1ccccc1)C[C@H](O)[C@H](Cc1ccccc1)NC(=O)OCc1cncs1,8.920818753952375,1.2,1,CHEMBL154831,Human immunodeficiency virus type 1 protease
CCCN1CCN(C[C@@H](O)[C@H](Cc2ccccc2)NC(=O)O[C@@H]2CCS(=O)(=O)[C@@H]2C(C)C)[C@H](C(=O)NC(C)(C)C)C1,7.863279432843593,13.7,1,CHEMBL91085,Human immunodeficiency virus type 1 protease
CCCNC(=O)N(CC(C)C)CC(O)[C@H](Cc1ccccc1)NC(=O)[C@H](CC(N)=O)NC(=O)OCc1ccccc1,6.265000265007438,543.25,1,CHEMBL71266,Human immunodeficiency virus type 1 protease
CCCNC(=O)N(CC(C)C)C[C@@H](O)[C@H](Cc1ccccc1)NC(=O)[C@H](CC(N)=O)NC(=O)OCc1ccccc1,6.285670240254767,518.0,1,CHEMBL99934,Human immunodeficiency virus type 1 protease
CCCNC(=O)[C@@H](NC(=O)Cc1ccccc1)[C@@H]1N[C@@H](C(=O)N(C)CCN(C)C(=O)[C@@H]2N[C@@H]([C@H](NC(=O)Cc3ccccc3)C(=O)NCC)SC2(C)C)C(C)(C)S1,7.958607314841775,11.0,1,CHEMBL150003,Human immunodeficiency virus type 1 protease
CCCNC(=O)[C@@H](NC(=O)Cc1ccccc1)[C@@H]1N[C@@H](C(=O)NCC(CO)NC(=O)[C@@H]2N[C@@H]([C@H](NC(=O)Cc3ccccc3)C(=O)NCC)SC2(C)C)C(C)(C)S1,7.6020599913279625,25.0,1,CHEMBL356947,Human immunodeficiency virus type 1 protease
CCCNS(=O)(=O)Oc1cc(C(C)(C)C)c(SC2=C(O)OC(C)(CCc3ccc(O)cc3)CC2=O)cc1C,8.207608310501746,6.2,1,CHEMBL308889,Human immunodeficiency virus type 1 protease
CCCNS(=O)(=O)Oc1cc(C(C)(C)C)c(SC2=C(O)OC(CCc3ccc(O)cc3)(C(C)C)CC2=O)cc1C,8.522878745280337,3.0,1,CHEMBL70444,Human immunodeficiency virus type 1 protease
CCCS(=O)(=O)N(CCC(C)C)C[C@@H](O)[C@H](Cc1ccccc1)NC(=O)OCc1ccccc1,6.6777807052660805,210.0,1,CHEMBL155051,Human immunodeficiency virus type 1 protease
CCCS(=O)(=O)Nc1cccc(C(c2c(O)cc(C(CC)Cc3ccccc3)oc2=O)C2CC2)c1,5.455931955649724,3500.0,1,CHEMBL309533,Human immunodeficiency virus type 1 protease
CCC[C@@H]1[C@H](OC(=O)N[C@@H](Cc2ccccc2)[C@H](O)CN2C[C@H]3CCCC[C@H]3C[C@H]2C(=O)NC(C)(C)C)CCS1(=O)=O,7.696803942579511,20.1,1,CHEMBL17969,Human immunodeficiency virus type 1 protease
CCC[C@@]1(CCc2ccccc2)CC(=O)C([C@@H](CC)c2cccc(NS(=O)(=O)c3ccc(C#N)cn3)c2)=C(O)O1,6.63420561740663,300.0,2,CHEMBL2111769,Human immunodeficiency virus type 1 protease
CCC[C@@]1(CCc2ccccc2)CC(=O)C([C@@H](CC)c2cccc(NS(=O)(=O)c3ccc(C(F)(F)F)cn3)c2)=C(O)O1,6.078383610950995,1055.0,4,CHEMBL2111768,Human immunodeficiency virus type 1 protease
CCC[C@@]1(CCc2ccccc2)CC(=O)C([C@@H](CC)c2cccc(NS(=O)(=O)c3cn(C)cn3)c2)=C(O)O1,6.0,1000.0,1,CHEMBL2111771,Human immunodeficiency virus type 1 protease
CCC[C@@]1(CCc2ccccc2)CC(=O)C([C@H](CC)c2cccc(NS(=O)(=O)c3cn(C)cn3)c2)=C(O)O1,6.886056647693163,130.0,1,CHEMBL2112562,Human immunodeficiency virus type 1 protease
CCC[C@@]1(CCc2ccccc2)CC(O)=C([C@H](CC)c2cccc(NS(=O)(=O)c3ccc(C#N)cn3)c2)C(=O)O1,7.3979400086720375,40.0,2,CHEMBL3335621,Human immunodeficiency virus type 1 protease
CCC[C@@]1(CCc2ccccc2)CC(O)=C([C@H](CC)c2cccc(NS(=O)(=O)c3ccc(C(F)(F)F)cn3)c2)C(=O)O1,7.522878745280337,30.0,2,CHEMBL222559,Human immunodeficiency virus type 1 protease
CCC[C@H]1[C@@H](OC(=O)N[C@@H](Cc2ccccc2)[C@H](O)CN2C[C@H]3CCCC[C@H]3C[C@H]2C(=O)NC(C)(C)C)CCS1(=O)=O,8.207608310501746,6.2,1,CHEMBL17494,Human immunodeficiency virus type 1 protease
CCC[C@]1(CCc2ccccc2)CC(=O)C(C(CC)c2cccc(NS(=O)(=O)c3ccc(C(F)(F)F)cn3)c2)=C(O)O1,6.853871964321762,140.0,1,CHEMBL332684,Human immunodeficiency virus type 1 protease
CCC[C@]1(CCc2ccccc2)CC(=O)C([C@@H](CC)c2cccc(NS(=O)(=O)c3ccc(C#N)cn3)c2)=C(O)O1,6.0,1000.0,2,CHEMBL2111770,Human immunodeficiency virus type 1 protease
CCC[C@]1(CCc2ccccc2)CC(=O)C([C@@H](CC)c2cccc(NS(=O)(=O)c3cn(C)cn3)c2)=C(O)O1,6.0,1000.0,5,CHEMBL2092978,Human immunodeficiency virus type 1 protease
CCC[C@]1(CCc2ccccc2)CC(=O)C([C@H](CC)c2cccc(NS(=O)(=O)c3ccc(C#N)cn3)c2)=C(O)O1,6.63420561740663,300.0,2,CHEMBL2092977,Human immunodeficiency virus type 1 protease
CCC[C@]1(CCc2ccccc2)CC(=O)C([C@H](CC)c2cccc(NS(=O)(=O)c3ccc(C(F)(F)F)cn3)c2)=C(O)O1,6.853871964321762,140.0,1,CHEMBL2112563,Human immunodeficiency virus type 1 protease
CCC[C@]1(CCc2ccccc2)CC(=O)C([C@H](CC)c2cccc(NS(=O)(=O)c3cn(C)cn3)c2)=C(O)O1,6.236572006437063,580.0,1,CHEMBL2112566,Human immunodeficiency virus type 1 protease
CCC[C@]1(CCc2ccccc2)OC(=O)C([C@H](CC)c2cccc(NS(=O)(=O)c3ccc(C(F)(F)F)cn3)c2)=C(O)O1,7.301029995663981,50.0,1,CHEMBL420235,Human immunodeficiency virus type 1 protease
CCC[C@]1(c2ccc(S(C)(=O)=O)cc2)C(=O)N(Cc2ccc(OC)cc2)C[C@@H]1O,4.494850021680094,32000.0,1,CHEMBL5170089,Human immunodeficiency virus type 1 protease
CCCc1[nH]c(-c2[nH]c3ccc(Cl)cc3c2S(=O)(=O)c2ccccc2)nc1C,8.0268721464003,9.4,1,CHEMBL147210,Human immunodeficiency virus type 1 protease
CCCc1cc(=O)oc2c3c(c4c(c12)OC(C)(C)C=C4)O[C@@H](C)C(C)[C@@H]3O,6.013228265733755,970.0,3,CHEMBL282382,Human immunodeficiency virus type 1 protease
CCCc1cc(=O)oc2c3c(c4c(c12)OC(C)(C)C=C4)O[C@@H](C)[C@H](C)[C@@H]3O,4.181833295756902,91750.0,2,CHEMBL7187,Human immunodeficiency virus type 1 protease
CCCc1cc(=O)oc2c3c(c4c(c12)OC(C)(C)C=C4)O[C@H](C)[C@@H](C)[C@@H]3O,6.42021640338319,380.0,3,CHEMBL267447,Human immunodeficiency virus type 1 protease
CCCc1cc(CN2CCN(C[C@@H](O)[C@H](Cc3ccccc3)NC(=O)O[C@@H]3CCS(=O)(=O)[C@@H]3C(C)C)[C@H](C(=O)NC(C)(C)C)C2)ccn1,8.958607314841775,1.1,1,CHEMBL72399,Human immunodeficiency virus type 1 protease
CCCc1cc(O)c(C(c2cccc(NS(=O)(=O)c3cn(C)cn3)c2)C2CC2)c(=O)o1,5.522878745280337,3000.0,1,CHEMBL82770,Human immunodeficiency virus type 1 protease
CCCc1nnc(C[C@H](C[C@H](O)CN2CCN(C(C)(C)c3ncc(-c4ccc(Cl)cc4)o3)C[C@H]2C(=O)NCC(F)(F)F)C(=O)N[C@H]2CCOC[C@H]2O)o1,10.372363747448347,0.095,2,CHEMBL187111,Human immunodeficiency virus type 1 protease
CCCc1nnc(C[C@H](C[C@H](O)CN2CCN(C(C)(C)c3ncc(-c4ccc(F)cc4)o3)C[C@H]2C(=O)NCC(F)(F)F)C(=O)N[C@H]2CCOC[C@H]2O)o1,10.360623199523586,0.1,2,CHEMBL364409,Human immunodeficiency virus type 1 protease
CCCc1nnc(C[C@H](C[C@H](O)CN2CCN(C(C)(C)c3ncc(-c4cncc(OC)c4)o3)C[C@H]2C(=O)NCC(F)(F)F)C(=O)N[C@H]2CCOC[C@H]2O)o1,9.494850021680094,0.32,1,CHEMBL366293,Human immunodeficiency virus type 1 protease
CCCc1nnc(C[C@H](C[C@H](O)CN2CCN(Cc3ccc(-c4ccc(Cl)cc4)o3)C[C@H]2C(=O)NCC(F)(F)F)C(=O)N[C@H]2CCOC[C@H]2O)o1,11.0,0.01,1,CHEMBL366299,Human immunodeficiency virus type 1 protease
CCN(C(C)C)S(=O)(=O)CC[C@@H]1O[C@@H]1[C@H](Cc1ccccc1)NC(=O)[C@H](CC(C)(C)S(C)(=O)=O)NC(=O)c1ccc2ccccc2n1,8.18045606445813,6.6,1,CHEMBL4758323,Human immunodeficiency virus type 1 protease
CCN(C)C(=O)Oc1nsnc1-c1c(Cl)cccc1Cl,5.995699914119041,1850.0,2,CHEMBL62196,Human immunodeficiency virus type 1 protease
CCN(CC)CC(O)CNC(=O)[C@@H](NC(=O)[C@H](Cc1ccccc1)C[C@H](O)[C@H](Cc1ccccc1)NC(=O)OC(C)(C)C)C(C)C,8.200659450546418,6.3,1,CHEMBL98229,Human immunodeficiency virus type 1 protease
CCN(CCc1csc(C(C)C)n1)C(=O)NC(C)C(=O)N[C@@H](Cc1ccccc1)C[C@H](O)[C@H](Cc1ccccc1)NC(=O)OCc1cncs1,8.638272163982407,2.3,1,CHEMBL347824,Human immunodeficiency virus type 1 protease
CCN(C[C@@H](O)[C@H](Cc1ccccc1)NC(=O)[C@H](CC(N)=O)NC(=O)OCc1ccccc1)C(=O)NCC(C)C,6.480999396660359,330.37,1,CHEMBL337679,Human immunodeficiency virus type 1 protease
CCN(Cc1ccccc1)C(=O)C(F)(F)C(=O)C(Cc1ccc(OCc2ccccc2)cc1)NC(=O)[C@@H](NC(=O)OCc1ccccc1)C(C)C,7.823908740944319,15.0,1,CHEMBL79345,Human immunodeficiency virus type 1 protease
CCN1CCN(C[C@@H](O)C[C@@H](Cc2ccccc2)C(=O)NC2c3ccccc3C[C@H]2O)[C@H](C(=O)NC(C)(C)C)C1,8.214670164989233,6.1,1,CHEMBL333610,Human immunodeficiency virus type 1 protease
CCNC(=O)C(NC(=O)Cc1ccccc1)[C@@H]1N[C@@H](C(=O)NCC(O)CN(C)[C@@H](CC2CCCCC2)C(=O)NC(C)(C)C)C(C)(C)S1,6.1487416512809245,710.0,1,CHEMBL333259,Human immunodeficiency virus type 1 protease
CCNC(=O)C(NC(=O)Cc1ccccc1)[C@@H]1N[C@@H](C(=O)NCC(O)CN2C[C@H]3CCCC[C@H]3C[C@H]2C(=O)NC(C)(C)C)C(C)(C)S1,7.508638306165727,31.0,1,CHEMBL330980,Human immunodeficiency virus type 1 protease
CCNC(=O)C(NC(=O)Cc1ccccc1)[C@@H]1N[C@@H](C(=O)NCC(O)CN[C@@H](CC2CCCCC2)C(=O)NC(C)(C)C)C(C)(C)S1,6.0,1000.0,1,CHEMBL122233,Human immunodeficiency virus type 1 protease
CCNC(=O)C(NC(=O)Cc1ccccc1)[C@@H]1N[C@@H](C(=O)NCCNC(=O)[C@@H]2N[C@@H]([C@H](NC(=O)Cc3ccccc3)C(=O)NCC)SC2(C)C)C(C)(C)S1,8.301029995663981,5.0,1,CHEMBL340368,Human immunodeficiency virus type 1 protease
CCNC(=O)N(CC(C)C)CC(O)[C@H](Cc1ccccc1)NC(=O)[C@H](CC(N)=O)NC(=O)OCc1ccccc1,6.480999396660359,330.37,1,CHEMBL430788,Human immunodeficiency virus type 1 protease
CCNC(=O)N(CC(C)C)C[C@@H](O)[C@H](Cc1ccccc1)NC(=O)[C@H](CC(N)=O)NC(=O)OCc1ccccc1,6.481486060122113,330.0,1,CHEMBL98533,Human immunodeficiency virus type 1 protease
CCNC(=O)Nc1cccc(C(c2c(O)c3c(oc2=O)CCCCCC3)C2CC2)c1,4.221848749616356,60000.0,1,CHEMBL139397,Human immunodeficiency virus type 1 protease
CCNC(=O)[C@@H](N)[C@@H]1N[C@@H](C(=O)NCCNC(=O)[C@@H]2N[C@@H]([C@H](N)C(=O)NCC)SC2(C)C)C(C)(C)S1,3.9208187539523753,120000.0,1,CHEMBL319641,Human immunodeficiency virus type 1 protease
CCNC(=O)[C@@H](NC(=O)/C=C\c1ccccc1)[C@@H]1N[C@@H](C(=O)NCCNC(=O)[C@@H]2N[C@@H]([C@H](NC(=O)/C=C\c3ccccc3)C(=O)NCC)SC2(C)C)C(C)(C)S1,8.537602002101044,2.9,1,CHEMBL106633,Human immunodeficiency virus type 1 protease
CCNC(=O)[C@@H](NC(=O)CC(C)C)[C@@H]1N[C@@H](C(=O)NCCNC(=O)[C@@H]2N[C@@H]([C@H](NC(=O)CC(C)C)C(=O)NCC)SC2(C)C)C(C)(C)S1,8.060480747381382,8.7,1,CHEMBL104683,Human immunodeficiency virus type 1 protease
CCNC(=O)[C@@H](NC(=O)CCc1ccccc1)[C@@H]1N[C@@H](C(=O)NCCNC(=O)[C@@H]2N[C@@H]([C@H](NC(=O)CCc3ccccc3)C(=O)NCC)SC2(C)C)C(C)(C)S1,8.619788758288394,2.4,1,CHEMBL104118,Human immunodeficiency virus type 1 protease
CCNC(=O)[C@@H](NC(=O)Cc1ccc(O)cc1)[C@@H]1N[C@@H](C(=O)NCCNC(=O)[C@@H]2N[C@@H]([C@H](NC(=O)Cc3ccc(O)cc3)C(=O)NCC)SC2(C)C)C(C)(C)S1,4.920818753952375,12000.0,1,CHEMBL107014,Human immunodeficiency virus type 1 protease
CCNC(=O)[C@@H](NC(=O)Cc1ccc2ccccc2c1)[C@@H]1N[C@@H](C(=O)NCCNC(=O)[C@@H]2N[C@@H]([C@H](NC(=O)Cc3ccc4ccccc4c3)C(=O)NCC)SC2(C)C)C(C)(C)S1,6.086186147616283,820.0,1,CHEMBL447834,Human immunodeficiency virus type 1 protease
CCNC(=O)[C@@H](NC(=O)Cc1ccccc1)[C@@H]1NC(C(=O)NCCNC(=O)[C@@H]2N[C@@H]([C@H](NC(=O)Cc3ccccc3)C(=O)NCC)SC2(C)C)C(C)(C)S1,8.522878745280337,3.0,1,CHEMBL318379,Human immunodeficiency virus type 1 protease
CCNC(=O)[C@@H](NC(=O)Cc1ccccc1)[C@@H]1N[C@@H](C(=O)NCCNC(=O)[C@@H]2NCSC2(C)C)C(C)(C)S1,5.055517327849832,8800.0,1,CHEMBL326249,Human immunodeficiency virus type 1 protease
CCNC(=O)[C@@H](NC(=O)Cc1ccccc1)[C@@H]1N[C@@H](C(=O)NCCNC(=O)[C@@H]2N[C@@H](CNC(=O)Cc3ccccc3)SC2(C)C)C(C)(C)S1,7.455931955649724,35.0,1,CHEMBL325800,Human immunodeficiency virus type 1 protease
CCNC(=O)[C@@H](NC(=O)Cc1ccccc1)[C@@H]1N[C@@H](C(=O)NCCNC(=O)[C@@H]2N[C@@H]([C@H](NC(=O)Cc3ccccc3)C(=O)NCC)SC2(C)C)C(C)(C)S1,8.318758762624412,4.8,3,CHEMBL105851,Human immunodeficiency virus type 1 protease
CCNC(=O)[C@@H](NC(=O)Cc1ccccc1)[C@@H]1N[C@@H](C(=O)NCCNC(=O)[C@@H]2N[C@@H]([C@H](NC(=O)Cc3ccccc3)C(=O)NCC)SC2(C)C)C(C)(C)S1.O,5.886056647693163,1300.0,1,CHEMBL2021324,Human immunodeficiency virus type 1 protease
CCNC(=O)[C@@H](NC(=O)Cc1ccccc1)[C@@H]1N[C@@H](C(=O)NCCNC(=O)[C@@H]2N[C@@H]([C@H](NC(=O)Cc3ccccc3)C(=O)NCC)SC2(C)C)C(C)(C)S1.O.O,5.886056647693163,1300.0,1,CHEMBL2021323,Human immunodeficiency virus type 1 protease
CCNC(=O)[C@@H](NC(=O)Cc1ccccc1)[C@@H]1N[C@@H](C(=O)OCCOC(=O)[C@@H]2N[C@@H]([C@H](NC(=O)Cc3ccccc3)C(=O)NCC)SC2(C)C)C(C)(C)S1,4.920818753952375,12000.0,1,CHEMBL316813,Human immunodeficiency virus type 1 protease
CCNC(=O)[C@@H](NC(=O)Cc1ccccn1)[C@@H]1N[C@@H](C(=O)NCCNC(=O)[C@@H]2N[C@@H]([C@H](NC(=O)Cc3ccccn3)C(=O)NCC)SC2(C)C)C(C)(C)S1,7.721246399047171,19.0,1,CHEMBL432787,Human immunodeficiency virus type 1 protease
CCNC(=O)[C@@H](NC(=O)Cc1cccs1)[C@@H]1N[C@@H](C(=O)NCCNC(=O)[C@@H]2N[C@@H]([C@H](NC(=O)Cc3cccs3)C(=O)NCC)SC2(C)C)C(C)(C)S1,7.823908740944319,15.0,1,CHEMBL107393,Human immunodeficiency virus type 1 protease
CCNC(=O)[C@@H](NC(=O)c1c(-c2ccccc2)noc1C)[C@@H]1NC(C(=O)NCCNC(=O)[C@@H]2N[C@@H]([C@H](NC(=O)c3c(-c4ccccc4)noc3C)C(=O)NCC)SC2(C)C)C(C)(C)S1,8.267606240177031,5.4,1,CHEMBL319400,Human immunodeficiency virus type 1 protease
CCNC(=O)[C@@H](NC(=O)c1c(-c2ccccc2)noc1C)[C@@H]1N[C@@H](C(=O)NCCNC(=O)[C@@H]2N[C@@H]([C@H](NC(=O)c3c(-c4ccccc4)noc3C)C(=O)NCC)SC2(C)C)C(C)(C)S1,8.267606240177031,5.4,1,CHEMBL325356,Human immunodeficiency virus type 1 protease
CCNC(=O)[C@@H](NC(=O)c1ccccc1)[C@@H]1NC(C(=O)NCCNC(=O)[C@@H]2N[C@@H]([C@H](NC(=O)c3ccccc3)C(=O)NCC)SC2(C)C)C(C)(C)S1,6.4089353929735005,390.0,1,CHEMBL318180,Human immunodeficiency virus type 1 protease
CCNC(=O)[C@@H](NC(=O)c1ccccc1)[C@@H]1N[C@@H](C(=O)NCCNC(=O)[C@@H]2N[C@@H]([C@H](NC(=O)c3ccccc3)C(=O)NCC)SC2(C)C)C(C)(C)S1,6.4089353929735005,390.0,1,CHEMBL320268,Human immunodeficiency virus type 1 protease
CCNC(=O)[C@@H](NC(=O)c1ccccc1-c1ccccc1)[C@@H]1NC(C(=O)NCCNC(=O)[C@@H]2N[C@@H]([C@H](NC(=O)c3ccccc3-c3ccccc3)C(=O)NCC)SC2(C)C)C(C)(C)S1,8.00436480540245,9.9,1,CHEMBL323318,Human immunodeficiency virus type 1 protease
CCNC(=O)[C@@H](NC(=O)c1ccccc1-c1ccccc1)[C@@H]1N[C@@H](C(=O)NCCNC(=O)[C@@H]2N[C@@H]([C@H](NC(=O)c3ccccc3-c3ccccc3)C(=O)NCC)SC2(C)C)C(C)(C)S1,8.00436480540245,9.9,1,CHEMBL107748,Human immunodeficiency virus type 1 protease
CCNC(=O)[C@@H](NC(=O)c1ccccc1Cc1ccccc1)[C@@H]1N[C@@H](C(=O)NCCNC(=O)[C@@H]2N[C@@H]([C@H](NC(=O)c3ccccc3Cc3ccccc3)C(=O)NCC)SC2(C)C)C(C)(C)S1,7.142667503568732,72.0,1,CHEMBL106282,Human immunodeficiency virus type 1 protease
CCNC(=O)[C@@H](NC(=O)c1ccccc1Nc1ccccc1)[C@@H]1N[C@@H](C(=O)NCCNC(=O)[C@@H]2N[C@@H]([C@H](NC(=O)c3ccccc3Nc3ccccc3)C(=O)NCC)SC2(C)C)C(C)(C)S1,5.318758762624412,4800.0,1,CHEMBL419560,Human immunodeficiency virus type 1 protease
CCNC(=O)[C@@H](NC(=O)c1ccccc1Oc1ccccc1)[C@@H]1N[C@@H](C(=O)NCCNC(=O)[C@@H]2N[C@@H]([C@H](NC(=O)c3ccccc3Oc3ccccc3)C(=O)NCC)SC2(C)C)C(C)(C)S1,6.795880017344075,160.0,1,CHEMBL106965,Human immunodeficiency virus type 1 protease
CCNC(=O)[C@@H](NS(=O)(=O)Cc1ccccc1)[C@@H]1N[C@@H](C(=O)NCCNC(=O)[C@@H]2N[C@@H]([C@H](NS(=O)(=O)Cc3ccccc3)C(=O)NCC)SC2(C)C)C(C)(C)S1,7.236572006437063,58.0,1,CHEMBL107015,Human immunodeficiency virus type 1 protease
CCNC(=O)[C@@H]1CN(C(C)(C)c2cc3cnccc3o2)CCN1C[C@@H](O)C[C@@H](Cc1ccccc1)C(=O)N[C@H]1c2ccccc2OC[C@H]1O,9.214670164989233,0.61,1,CHEMBL311514,Human immunodeficiency virus type 1 protease
CCNC(=O)[C@@H]1N[C@@H]([C@H](NC(=O)Cc2ccccc2)C(=O)OC)SC1(C)C,4.200659450546418,63000.0,1,CHEMBL321096,Human immunodeficiency virus type 1 protease
CCNS(=O)(=O)Nc1cc(C(C)(C)C)c(SC2=C(O)OC(CCc3ccc(O)cc3)(C(C)C)CC2=O)cc1C,8.769551078621726,1.7,1,CHEMBL172271,Human immunodeficiency virus type 1 protease
CCNS(=O)(=O)Nc1cc(C(C)(C)C)c(SC2=C(O)OC(CCc3ccccc3)(C(C)C)CC2=O)cc1C,8.481486060122112,3.3,1,CHEMBL169074,Human immunodeficiency virus type 1 protease
CCNS(=O)(=O)Oc1cc(C(C)(C)C)c(SC2=C(O)OC(C)(CCc3ccc(O)cc3)CC2=O)cc1C,8.638272163982407,2.3,1,CHEMBL71472,Human immunodeficiency virus type 1 protease
CCNS(=O)(=O)Oc1cc(C(C)(C)C)c(SC2=C(O)OC(CCc3ccc(N)cc3)(C(C)C)CC2=O)cc1C,8.366531544420413,4.3,2,CHEMBL305204,Human immunodeficiency virus type 1 protease
CCNS(=O)(=O)Oc1cc(C(C)(C)C)c(SC2=C(O)OC(CCc3ccc(O)cc3)(C(C)C)CC2=O)cc1C,8.309803919971486,4.9,2,CHEMBL70986,Human immunodeficiency virus type 1 protease
CCNS(=O)(=O)Oc1cc(C(C)(C)C)c(SC2=C(O)OC(CCc3ccc(O)cc3)(C3CCCCC3)CC2=O)cc1C,8.318758762624412,4.8,1,CHEMBL306297,Human immunodeficiency virus type 1 protease
CCNS(=O)(=O)Oc1cc(C(C)(C)C)c(SC2=C(O)OC(CCc3ccc(O)cc3)(c3ccccc3)CC2=O)cc1C,7.585026652029182,26.0,1,CHEMBL71218,Human immunodeficiency virus type 1 protease
CCNS(=O)(=O)Oc1cc(C(C)(C)C)c(SC2=C(O)OC(CCc3ccccc3)(C(C)C)CC2=O)cc1C,8.050609993355087,8.9,2,CHEMBL67867,Human immunodeficiency virus type 1 protease
CCNc1cccnc1N1CCN(C(=O)c2cc3cc(OC)ccc3[nH]2)CC1,4.476253533188435,33400.0,3,CHEMBL280527,Human immunodeficiency virus type 1 protease
CCOC(=O)C(C(C)=O)C(c1cccc([N+](=O)[O-])c1)c1c(O)c2ccccc2oc1=O,11.0,0.01,1,CHEMBL478728,Human immunodeficiency virus type 1 protease
CCOC(=O)C(c1c(O)c2ccccc2oc1=O)c1c(O)c2ccccc2oc1=O,4.0,100000.0,1,CHEMBL2106261,Human immunodeficiency virus type 1 protease
CCOC(=O)NC(C(=O)NN(CC1CCCCC1)C[C@@H](O)[C@H](Cc1ccccc1)NC(=O)C(NC(=O)OC)C(C)C)C(C)C,7.251811972993799,56.0,1,CHEMBL107559,Human immunodeficiency virus type 1 protease
CCOC(=O)NC(C(=O)NN(CC1CCCCC1)C[C@@H](O)[C@H](Cc1ccccc1)NC(=O)C(NC(=O)OCCOC)C(C)C)C(C)C,6.872895201635193,134.0,1,CHEMBL107701,Human immunodeficiency virus type 1 protease
CCOC(=O)NC(C(=O)NN(CC1CCCCC1)C[C@H](O)[C@H](Cc1ccccc1)NC(=O)[C@H](CC(N)=O)NC(=O)c1ccc2ccccc2n1)C(C)C,6.899629454882437,126.0,1,CHEMBL110557,Human immunodeficiency virus type 1 protease
CCOC(=O)NC(C(=O)N[C@@H](Cc1ccccc1)[C@H](O)CN(CC1CCCCC1)NC(=O)C(NC(=O)OC)C(C)C)C(C)C,7.119186407719209,76.0,1,CHEMBL322995,Human immunodeficiency virus type 1 protease
CCOC(=O)NC(C(=O)N[C@@H](Cc1ccccc1)[C@H](O)CN(CC1CCCCC1)NC(=O)C(NC(=O)OCC)C(C)C)C(C)C,6.752026733638194,177.0,1,CHEMBL432252,Human immunodeficiency virus type 1 protease
CCOC(=O)NC(C(=O)N[C@@H](Cc1ccccc1)[C@H](O)CN(CC1CCCCC1)NC(=O)C(NC(=O)OCCOC)C(C)C)C(C)C,6.823908740944319,150.0,1,CHEMBL321429,Human immunodeficiency virus type 1 protease
CCOC(=O)c1cc(-c2cc(O)c(Sc3ccccc3C(C)C)c(=O)o2)ccc1O,6.8297382846050425,148.0,1,CHEMBL13036,Human immunodeficiency virus type 1 protease
CCOC(=O)c1ccc(-c2cc(O)c(Sc3ccccc3C(C)C)c(=O)o2)cc1,7.455931955649724,35.0,1,CHEMBL12768,Human immunodeficiency virus type 1 protease
CCOC(=O)c1cccc(-c2cc(O)c(Sc3ccccc3C(C)C)c(=O)o2)c1,5.713543530253017,1934.0,1,CHEMBL12622,Human immunodeficiency virus type 1 protease
CCOC(=O)c1cccc(OCCCc2c(O)oc3ccccc3c2=O)c1,5.853871964321762,1400.0,1,CHEMBL328732,Human immunodeficiency virus type 1 protease
CCOC(=O)c1cnc2oc(CN3CCN(CC(O)CC(Cc4ccccc4)C(=O)NC4c5ccccc5CC4O)C(C(=O)NC(C)(C)C)C3)cc2c1,9.568636235841012,0.27,1,CHEMBL432633,Human immunodeficiency virus type 1 protease
CCOC1=C(c2ccccc2)Oc2ccccc2-n2cccc21,3.5228787452803374,300000.0,1,CHEMBL94169,Human immunodeficiency virus type 1 protease
CCO[C@@H]1C[C@@H](C(=O)NC(C)(C)C)N(C[C@@H](O)CNC(=O)[C@@H]2N[C@@H](C(NC(=O)Cc3ccccc3)C(=O)NCc3ccccc3)SC2(C)C)C1,4.455931955649724,35000.0,1,CHEMBL332736,Human immunodeficiency virus type 1 protease
CCO[C@@H]1C[C@@H](C(=O)NC(C)(C)C)N(C[C@H](O)CNC(=O)[C@@H]2N[C@@H](C(NC(=O)Cc3ccccc3)C(=O)NCc3ccccc3)SC2(C)C)C1,4.455931955649724,35000.0,1,CHEMBL340787,Human immunodeficiency virus type 1 protease
CCOc1ccc(CN2CCN(C[C@@H](O)C[C@@H](Cc3ccccc3)C(=O)NC3c4ccccc4C[C@H]3O)[C@H](C(=O)NC(C)(C)C)C2)cn1,8.468521082957745,3.4,1,CHEMBL325267,Human immunodeficiency virus type 1 protease
CC[C@@H](C)C(NC(=O)OC(C)(C)C)[C@H](O)CNC[C@@H](O)C(NC(=O)OC(C)(C)C)[C@@H](C)CC,5.346787486224656,4500.0,1,CHEMBL46316,Human immunodeficiency virus type 1 protease
CC[C@@H](C)[C@@H]1NC(=O)[C@@H](NC[C@@H](O)[C@H](Cc2ccccc2)NC(=O)[C@@H](NC(=O)c2ccc3ccccc3n2)C(C)C)Cc2ccc(cc2)OCCCNC1=O,7.022276394711152,95.0,1,CHEMBL1790230,Human immunodeficiency virus type 1 protease
CC[C@@H](C)[C@H](NC(=O)[C@@H](CC(C)C)C(O)C(O)[C@H](CC(C)C)NC(=O)C(Cc1c[nH]cn1)NC(=O)COc1cccc2ccccc12)C(=O)NCc1ccccn1,6.305000167252905,495.45,1,CHEMBL2304142,Human immunodeficiency virus type 1 protease
CC[C@@H](C)[C@H](NC(=O)[C@@H](NC(=O)CCCOc1cccc(OCCCC(=O)N[C@H](C(=O)N[C@H](C(=O)N[C@H](C(=O)OC)C(C)C)[C@H](C)CC)C(C)O)n1)C(C)O)C(=O)N[C@H](C(=O)OC)C(C)C,5.376750709602099,4200.0,1,CHEMBL367849,Human immunodeficiency virus type 1 protease
CC[C@@H](C)[C@H](NC(=O)[C@@H](NC(=O)[C@H](CC(C)C)NC(=O)[C@@H](N)Cc1c[nH]c2ccccc12)[C@H](C)O)C(=O)NCCc1cccc2c1oc1c(CCC(=O)N[C@H](C(=O)N[C@@H](Cc3ccc(O)cc3)C(=O)N[C@@H](CC(N)=O)C(=O)N[C@@H](Cc3ccccc3)C(=O)O)[C@H](C)O)cccc12,4.920818753952375,12000.0,1,CHEMBL1790643,Human immunodeficiency virus type 1 protease
CC[C@@H]1[C@H](OC(=O)N[C@@H](Cc2ccccc2)[C@H](O)CN2C[C@H]3CCCC[C@H]3C[C@H]2C(=O)NC(C)(C)C)CCS1(=O)=O,7.882728704344236,13.1,2,CHEMBL279326,Human immunodeficiency virus type 1 protease
CC[C@H](C)CNC(=O)[C@@H](C(C)C)C(O)C(O)[C@H](CC(C)C)NC(=O)[C@H](Cc1c[nH]cn1)NC(=O)[C@H](Cc1ccccc1)NC(=O)OC(C)(C)C,6.091997798827446,809.1,1,CHEMBL3350208,Human immunodeficiency virus type 1 protease
CC[C@H](C)CNC(=O)[C@@H](C(C)C)C(O)C(O)[C@H](Cc1c[nH]cn1)NC(=O)COc1ccccc1,6.091997798827446,809.1,1,CHEMBL3350213,Human immunodeficiency virus type 1 protease
CC[C@H](C)[C@@H](NC(=O)C(NC(=O)CCCCCCCCCCCCCCC(=O)N[C@H](CC(=O)N[C@@H](Cc1ccccc1)C(=O)O)C(N)=O)C(C)(C)C)C(=O)N[C@@H](Cc1ccccc1)C(N)=O,5.113509274827518,7700.0,1,CHEMBL1791315,Human immunodeficiency virus type 1 protease
CC[C@H](C)[C@@H](NC(=O)[C@@H](NC(=O)CCCCCCCCCCCCCCC(=O)N[C@H](CC(=O)N[C@@H](Cc1ccccc1)C(=O)O)C(N)=O)[C@H](C)O)C(=O)N1Cc2[nH]c3ccccc3c2CC1C(N)=O,5.508638306165727,3100.0,1,CHEMBL1791325,Human immunodeficiency virus type 1 protease
CC[C@H](C)[C@@H](NC(=O)[C@@H](NC(=O)CCCCCCCCCCCCCCC(=O)N[C@H](CC(=O)N[C@@H](Cc1ccccc1)C(=O)O)C(N)=O)[C@H](C)O)C(=O)NC(CCc1ccccc1)C(N)=O,5.886056647693163,1300.0,1,CHEMBL1791322,Human immunodeficiency virus type 1 protease
CC[C@H](C)[C@@H](NC(=O)[C@@H](NC(=O)CCCCCCCCCCCCCCC(=O)N[C@H](CC(=O)N[C@@H](Cc1ccccc1)C(=O)O)C(N)=O)[C@H](C)O)C(=O)N[C@@H](Cc1cc(I)c(O)c(I)c1)C(N)=O,3.1307682802690238,740000.0,1,CHEMBL1791320,Human immunodeficiency virus type 1 protease
CC[C@H](C)[C@@H](NC(=O)[C@@H](NC(=O)CCCCCCCCCCCCCCC(=O)N[C@H](CC(=O)N[C@@H](Cc1ccccc1)C(=O)O)C(N)=O)[C@H](C)O)C(=O)N[C@@H](Cc1ccc(F)c(F)c1)C(N)=O,3.059483515067433,872000.0,1,CHEMBL1791321,Human immunodeficiency virus type 1 protease
CC[C@H](C)[C@@H](NC(=O)[C@@H](NC(=O)CCCCCCCCCCCCCCC(=O)N[C@H](CC(=O)N[C@@H](Cc1ccccc1)C(=O)O)C(N)=O)[C@H](C)O)C(=O)N[C@@H](Cc1ccc(N)cc1)C(N)=O,5.443697499232712,3600.0,1,CHEMBL1791326,Human immunodeficiency virus type 1 protease
CC[C@H](C)[C@@H](NC(=O)[C@@H](NC(=O)CCCCCCCCCCCCCCC(=O)N[C@H](CC(=O)N[C@@H](Cc1ccccc1)C(=O)O)C(N)=O)[C@H](C)O)C(=O)N[C@@H](Cc1ccc([N+](=O)[O-])cc1)C(N)=O,3.2291479883578558,590000.0,1,CHEMBL1791319,Human immunodeficiency virus type 1 protease
CC[C@H](C)[C@@H](NC(=O)[C@@H](NC(=O)CCCCCCCCCCCCCCC(=O)N[C@H](CC(=O)N[C@@H](Cc1ccccc1)C(=O)O)C(N)=O)[C@H](C)O)C(=O)N[C@H](Cc1ccc(Br)cc1)C(N)=O,5.769551078621726,1700.0,1,CHEMBL1791324,Human immunodeficiency virus type 1 protease
CC[C@H](C)[C@@H](NC(=O)[C@@H](NC(=O)CCCCCCCCCCCCCCC(=O)N[C@H](CC(=O)N[C@@H](Cc1ccccc1)C(=O)O)C(N)=O)[C@H](C)O)C(=O)N[C@H](Cc1ccc(C#N)cc1)C(N)=O,5.853871964321762,1400.0,1,CHEMBL1791323,Human immunodeficiency virus type 1 protease
CC[C@H](C)[C@@H](NC(=O)[C@H]([C@H](C)O)N(C)C(=O)CCCCCCCCCCCCCCC(=O)NC(Cc1ccc(O)cc1)C(=O)N[C@@H](Cc1ccccc1)C(=O)O)C(=O)NC(CO)C(N)=O,6.111259039317107,774.0,1,CHEMBL1791334,Human immunodeficiency virus type 1 protease
CC[C@H](C)[C@H](N)C(=O)N[C@@H](C)C(=O)N[C@@H](CCC(=O)O)C(=O)NC12NC(=O)C3(O)C4C5CC(C6C5C3C61)C42,6.301029995663981,500.0,1,CHEMBL1761678,Human immunodeficiency virus type 1 protease
CC[C@H](C)[C@H](N)C(=O)N[C@@H](CCC(N)=O)C(=O)N[C@@H](CC(C)C)[C@@H](O)CC(=O)N[C@@H](CC(N)=O)C(=O)N[C@@H](Cc1ccccc1)C(=O)N[C@@H](CO)C(=O)O,4.9210001097592295,11994.99,1,CHEMBL3350198,Human immunodeficiency virus type 1 protease
CC[C@H](C)[C@H](NC(=O)C1CC2CCCCC2CN1C[C@@H](O)[C@H](Cc1ccccc1)NC(=O)[C@H](CC(N)=O)NC(=O)OCc1ccccc1)C(=O)N[C@H](C(=O)OC)C(C)C,7.0,100.0,2,CHEMBL324206,Human immunodeficiency virus type 1 protease
CC[C@H](C)[C@H](NC(=O)C1CC2CCCCC2CN1C[C@H](O)[C@H](Cc1ccccc1)NC(=O)[C@H](CC(N)=O)NC(=O)OCc1ccccc1)C(=O)N[C@H](C(=O)OC)C(C)C,7.0,100.0,2,CHEMBL262044,Human immunodeficiency virus type 1 protease
CC[C@H](C)[C@H](NC(=O)CCCOc1ccc2ccc(OCCCC(=O)N[C@H](C(=O)N[C@@H](CC(C)C)C(=O)N[C@H](C(=O)OC)C(C)C)C(C)C)cc2c1)C(=O)N[C@H](C(N)=O)[C@@H](C)O,5.366531544420414,4300.0,1,CHEMBL222971,Human immunodeficiency virus type 1 protease
CC[C@H](C)[C@H](NC(=O)CCCOc1ccc2ccc(OCCCC(=O)N[C@H](C(=O)N[C@@H](CC(C)C)C(=O)N[C@H](C(=O)OC)C(C)C)C(C)C)cc2n1)C(=O)N[C@H](C(=O)N[C@@H](CC(C)C)C(=O)OC)[C@@H](C)O,5.275724130399211,5300.0,1,CHEMBL224644,Human immunodeficiency virus type 1 protease
CC[C@H](C)[C@H](NC(=O)CCCOc1ccc2ccc(OCCCC(=O)N[C@H](C(=O)N[C@@H](CC(C)C)C(=O)N[C@H](C(=O)OC)C(C)C)C(C)C)cc2n1)C(=O)N[C@H](C(N)=O)[C@@H](C)O,5.769551078621726,1700.0,1,CHEMBL222213,Human immunodeficiency virus type 1 protease
CC[C@H](C)[C@H](NC(=O)CNC(=O)CSCC1CCN2CCC(CO[Si](c3ccccc3)(c3ccccc3)C(C)(C)C)N=C2N1)C(=O)N[C@@H](CO)C(=O)N[C@@H](Cc1ccc(O)cc1)C(=O)N[C@@H](CC(N)=O)C(=O)N[C@@H](CC(C)C)C(=O)OC,5.301029995663981,5000.0,1,CHEMBL2068513,Human immunodeficiency virus type 1 protease
CC[C@H](C)[C@H](NC(=O)CNC(=O)CSCC1CCN2CCC(CO[Si](c3ccccc3)(c3ccccc3)C(C)(C)C)N=C2N1)C(=O)N[C@@H](COCc1ccccc1)C(=O)N[C@@H](Cc1ccc(OCc2ccccc2)cc1)C(=O)N[C@@H](CC(N)=O)C(=O)N[C@@H](CC(C)C)C(=O)OC,5.481486060122113,3300.0,1,CHEMBL2068526,Human immunodeficiency virus type 1 protease
CC[C@H](C)[C@H](NC(=O)C[C@H](O)[C@H](CC(C)C)NC(=O)CC1C=CCN2C(=O)CCC(CNCc3ccccc3)C(=O)N12)C(=O)N[C@@H](Cc1ccccc1)C(=O)OC,3.853871964321762,140000.0,1,CHEMBL1790846,Human immunodeficiency virus type 1 protease
CC[C@H](C)[C@H](NC(=O)C[C@H](O)[C@H](CC1CCCCC1)NC(=O)CC1C=CCN2C(=O)CCC(CNCc3ccccc3)C(=O)N12)C(=O)N[C@@H](Cc1ccccc1)C(=O)O,3.4436974992327127,360000.0,1,CHEMBL1790845,Human immunodeficiency virus type 1 protease
CC[C@H](C)[C@H](NC(=O)OCc1ccccc1)C(=O)N[C@@H](Cc1ccccc1)C(O)[C@H](Cc1ccccc1)NC(=O)[C@H](NC(=O)OCc1ccccc1)[C@@H](C)CC,8.309803919971486,4.9,1,CHEMBL90174,Human immunodeficiency virus type 1 protease
CC[C@H](C)[C@H](NC(=O)[C@@H](C(C)C)C(O)C(O)[C@H](CC(C)C)NC(=O)[C@H](Cc1c[nH]cn1)NC(=O)COc1cccc2ccccc12)C(=O)NCc1ccccn1,7.950007143079858,11.22,1,CHEMBL3350206,Human immunodeficiency virus type 1 protease
CC[C@H](C)[C@H](NC(=O)[C@@H](C(C)C)C(O)C(O)[C@H](CC(C)C)NC(=O)[C@H](Cc1c[nH]cn1)NC(=O)[C@H](Cc1ccccc1)NC(=O)OC(C)(C)C)C(=O)NCc1ccccn1,7.201004265556119,62.95,1,CHEMBL3350204,Human immunodeficiency virus type 1 protease
CC[C@H](C)[C@H](NC(=O)[C@@H](C(C)C)C(O)C(O)[C@H](CC1CCCCC1)NC(=O)CC1CCCCC1)C(=O)NCc1ccccn1,7.3049563411787055,49.55,1,CHEMBL3085517,Human immunodeficiency virus type 1 protease
CC[C@H](C)[C@H](NC(=O)[C@@H](C(C)C)C(O)C(O)[C@H](CC1CCCCC1)NC(=O)[C@H](Cc1c[nH]cn1)NC(=O)CN)C(=O)NCc1ccccn1,7.606073993414163,24.77,1,CHEMBL3350210,Human immunodeficiency virus type 1 protease
CC[C@H](C)[C@H](NC(=O)[C@@H](C(C)C)C(O)C(O)[C@H](CC1CCCCC1)NC(=O)[C@H](Cc1c[nH]cn1)NC(=O)CO)C(=O)NCc1ccccn1,8.04599883231843,8.995,1,CHEMBL3350211,Human immunodeficiency virus type 1 protease
CC[C@H](C)[C@H](NC(=O)[C@@H](C(C)C)C(O)C(O)[C@H](CC1CCCCC1)NC(=O)[C@H](Cc1c[nH]cn1)NC(=O)COc1cccc2ccccc12)C(=O)NCc1ccccn1,8.744968836654449,1.799,1,CHEMBL3350196,Human immunodeficiency virus type 1 protease
CC[C@H](C)[C@H](NC(=O)[C@@H](C(C)C)C(O)C(O)[C@H](CC1CCCCC1)NC(=O)[C@H](Cc1c[nH]cn1)NC(=O)COc1ccccc1)C(=O)NCc1ccccn1,8.346980548900387,4.498,1,CHEMBL3350207,Human immunodeficiency virus type 1 protease
CC[C@H](C)[C@H](NC(=O)[C@@H](C(C)C)C(O)C(O)[C@H](Cc1c[nH]cn1)NC(=O)COc1ccccc1)C(=O)NCc1ccccn1,7.950007143079858,11.22,1,CHEMBL3350209,Human immunodeficiency virus type 1 protease
CC[C@H](C)[C@H](NC(=O)[C@@H](CC(C)C)C(O)C(O)[C@H](CC1CCCCC1)NC(=O)[C@H](Cc1c[nH]cn1)NC(=O)COc1cccc2ccccc12)C(=O)NCc1ccccn1,7.950007143079858,11.22,1,CHEMBL3350197,Human immunodeficiency virus type 1 protease
CC[C@H](C)[C@H](NC(=O)[C@@H](CC1CCCCC1)C(O)C(O)[C@H](CC1CCCCC1)NC(=O)[C@H](Cc1c[nH]cn1)NC(=O)COc1cccc2ccccc12)C(=O)NCc1ccccn1,7.232992636050196,58.48,1,CHEMBL3350203,Human immunodeficiency virus type 1 protease
CC[C@H](C)[C@H](NC(=O)[C@@H](Cc1ccccc1)[C@@H](O)[C@H](O)[C@H](Cc1ccccc1)NC(=O)[C@H](Cc1c[nH]cn1)NC(=O)COc1cccc2ccccc12)C(=O)NCc1ccccn1,7.568958054664114,26.98,1,CHEMBL3350218,Human immunodeficiency virus type 1 protease
CC[C@H](C)[C@H](NC(=O)[C@@H](N)CO)C(=O)N[C@@H](C)C(=O)NC12NC(=O)C3(O)C4C5CC(C6C5C3C61)C42,5.650514997831991,5250.0,2,CHEMBL1829140,Human immunodeficiency virus type 1 protease
CC[C@H](C)[C@H](NC(=O)[C@@H](N)CO)C(=O)N[C@@H](C)C(=O)N[C@@H](CCC(=O)O)C(=O)NC12NC(=O)C3(O)C4C5CC(C6C5C3C61)C42,7.107905397309519,78.0,1,CHEMBL1761675,Human immunodeficiency virus type 1 protease
CC[C@H](C)[C@H](NC(=O)[C@@H](N)CO)C(=O)N[C@@H](C)C(=O)N[C@@H](CCC(=O)O)C(=O)NC12NC(=O)C3(OC(C)=O)C4C5CC(C6C5C3C61)C42,5.0,10000.0,1,CHEMBL1761677,Human immunodeficiency virus type 1 protease
CC[C@H](C)[C@H](NC(=O)[C@@H](N)CO)C(=O)N[C@@H](C)C(=O)N[C@@H](CCC(=O)O)C(=O)Nc1cccc(O)c1,5.0,10000.0,1,CHEMBL1761676,Human immunodeficiency virus type 1 protease
CC[C@H](C)[C@H](NC(=O)[C@@H](N)CO)C(=O)N[C@@H](C)C(=O)N[C@@H](CCC(N)=O)C(=O)NC12NC(=O)C3(O)C4C5CC(C6C5C3C61)C42,5.301029995663981,5000.0,1,CHEMBL1761680,Human immunodeficiency virus type 1 protease
CC[C@H](C)[C@H](NC(=O)[C@@H](N)CO)C(=O)N[C@H](C(=O)N[C@@H](CCC(=O)O)C(=O)NC12NC(=O)C3(O)C4C5CC(C6C5C3C61)C42)C(C)C,5.698970004336019,2000.0,1,CHEMBL1761679,Human immunodeficiency virus type 1 protease
CC[C@H](C)[C@H](NC(=O)[C@@H](NC(=O)[C@@H](N)CCC(N)=O)C(C)C)C(=O)N[C@@H](CC(C)C)[C@@H](O)CC(=O)N[C@@H](CCC(N)=O)C(=O)N[C@@H](CO)C(=O)O,5.0970001384638906,7998.34,1,CHEMBL1790973,Human immunodeficiency virus type 1 protease
CC[C@H](C)[C@H](NC(=O)[C@@H]1CCCN1C(=O)[C@@H](O)[C@H](Cc1ccccc1)NC(=O)[C@@H](CC(N)=O)NC(=O)OCc1ccccc1)C(=O)N[C@H](C(=O)OC)C(C)C,8.508638306165727,3.1,1,CHEMBL3349509,Human immunodeficiency virus type 1 protease
CC[C@H](C)[C@H](NC(=O)[C@@H]1CCCN1C(=O)[C@H](O)[C@H](Cc1ccccc1)NC(=O)[C@H](CC(N)=O)NC(=O)OCc1ccccc1)C(=O)N[C@H](C(=O)OC)C(C)C,7.6020599913279625,25.0,2,CHEMBL3349993,Human immunodeficiency virus type 1 protease
CC[C@H](C)[C@H](NC(=O)[C@@H]1CCCN1CC(O)[C@H](Cc1ccccc1)NC(=O)[C@H](CC(N)=O)NC(=O)OCc1ccccc1)C(=O)N[C@H](C(=O)OC)C(C)C,6.499996931948306,316.23,1,CHEMBL1790971,Human immunodeficiency virus type 1 protease
CC[C@H](C)[C@H](NC(=O)[C@@H]1CCCN1CC(O)[C@H](Cc1ccccc1)NC(=O)[C@H](CC(N)=O)NC(=O)[C@H](CC(C)C)NC(=O)[C@H](CO)NC(C)=O)C(=O)N[C@H](C(=O)OC)C(C)C,8.045757490560675,9.0,1,CHEMBL432614,Human immunodeficiency virus type 1 protease
CC[C@H](C)[C@H](NC(=O)[C@@H]1CCCN1CC(O)[C@H](Cc1ccccc1)NC(=O)[C@H](CC(N)=O)NC(=O)[C@H](CC(C)C)NC(=O)[C@H](CO)NC(C)=O)C(=O)OC,6.376750709602099,420.0,2,CHEMBL115376,Human immunodeficiency virus type 1 protease
CC[C@H](C)[C@H](NC(=O)[C@@H]1CCCN1CC(O)[C@H](Cc1ccccc1)NC(=O)[C@H](CC(N)=O)NC(=O)c1ccc2ccccc2n1)C(=O)N[C@@H](Cc1ccccc1)C(=O)OC,8.638083381331356,2.301,1,CHEMBL1790969,Human immunodeficiency virus type 1 protease
CC[C@H](C)[C@H](NC(=O)[C@@H]1CCCN1C[C@@H](O)[C@H](Cc1ccccc1)NC(=O)[C@H](CC(N)=O)NC(=O)OC(C)(C)C)C(=O)N[C@H](C(=O)OC)C(C)C,6.070581074285707,850.0,2,CHEMBL3349553,Human immunodeficiency virus type 1 protease
CC[C@H](C)[C@H](NC(=O)[C@@H]1CCCN1C[C@@H](O)[C@H](Cc1ccccc1)NC(=O)[C@H](CC(N)=O)NC(=O)OCc1ccccc1)C(=O)N[C@@H](Cc1ccccc1)C(=O)OC,8.398048595866479,3.999,1,CHEMBL3349496,Human immunodeficiency virus type 1 protease
CC[C@H](C)[C@H](NC(=O)[C@@H]1CCCN1C[C@@H](O)[C@H](Cc1ccccc1)NC(=O)[C@H](CC(N)=O)NC(=O)OCc1ccccc1)C(=O)N[C@H](C(=O)OC)C(C)C,7.0,100.0,4,CHEMBL111958,Human immunodeficiency virus type 1 protease
CC[C@H](C)[C@H](NC(=O)[C@@H]1CCCN1C[C@H](Cc1ccccc1)NC(=O)[C@H](CC(N)=O)NC(=O)[C@H](CCC(N)=O)NC(=O)[C@H](CO)NC(=O)[C@@H](N)C(C)C)C(=O)N[C@H](C(=O)O)C(C)C,8.455931955649724,3.5,1,CHEMBL77671,Human immunodeficiency virus type 1 protease
CC[C@H](C)[C@H](NC(=O)[C@@H]1CCCN1C[C@H](O)[C@H](Cc1ccccc1)NC(=O)[C@H](CC(N)=O)NC(=O)OC(C)(C)C)C(=O)N[C@H](C(=O)OC)C(C)C,7.795880017344075,16.0,2,CHEMBL3349554,Human immunodeficiency virus type 1 protease
CC[C@H](C)[C@H](NC(=O)[C@@H]1CCCN1C[C@H](O)[C@H](Cc1ccccc1)NC(=O)[C@H](CC(N)=O)NC(=O)OCc1ccccc1)C(=O)N[C@@H](Cc1ccccc1)C(=O)OC,8.397940008672037,4.0,1,CHEMBL3350878,Human immunodeficiency virus type 1 protease
CC[C@H](C)[C@H](NC(=O)[C@@H]1CCCN1C[C@H](O)[C@H](Cc1ccccc1)NC(=O)[C@H](CC(N)=O)NC(=O)OCc1ccccc1)C(=O)N[C@H](C(=O)OC)C(C)C,7.886056647693163,13.0,3,CHEMBL321377,Human immunodeficiency virus type 1 protease
CC[C@H](C)[C@H](NC(=O)[C@@H]1CCCN1C[C@H](O)[C@H](Cc1ccccc1)NC(=O)[C@H](CC(N)=O)NC(=O)[C@H](CC(C)C)NC(=O)[C@H](CO)NC(C)=O)C(=O)N[C@H](C(=O)OC)C(C)C,7.8278038631574445,34.2,2,CHEMBL109500,Human immunodeficiency virus type 1 protease
CC[C@H](C)[C@H](NC(=O)[C@@H]1CCCN1C[C@H](O)[C@H](Cc1ccccc1)NC(=O)[C@H](CC(N)=O)NC(=O)c1ccc2ccccc2n1)C(=O)N[C@@H](Cc1ccccc1)C(=O)OC,8.638272163982407,2.3,1,CHEMBL3351098,Human immunodeficiency virus type 1 protease
CC[C@H](C)[C@H](NC(=O)[C@@H]1C[C@@H]2CCCC[C@@H]2CN1C[C@@H](O)[C@H](Cc1ccccc1)NC(=O)[C@H](CC(N)=O)NC(=O)OCc1ccccc1)C(=O)N[C@H](C(=O)OC)C(C)C,6.499996931948306,316.23,1,CHEMBL3350199,Human immunodeficiency virus type 1 protease
CC[C@H](C)[C@H](NC(=O)[C@H](C(C)C)C(O)(S)C(O)[C@H](CC(C)C)NC(=O)[C@H](Cc1c[nH]cn1)NC(=O)[C@H](Cc1ccccc1)NC(=O)OC(C)(C)C)C(=O)NCc1ccccn1,5.949001920826616,1124.6,1,CHEMBL3350202,Human immunodeficiency virus type 1 protease
CC[C@H](C)[C@H](NC(=O)[C@H](C(C)C)C(O)[C@H](O)[C@H](CC1CCCCC1)NC(=O)c1ccccc1OCOc1ccccc1)C(=O)NCc1nc2ccccc2[nH]1,7.744968836654449,17.99,1,CHEMBL1790515,Human immunodeficiency virus type 1 protease
CC[C@H](C)[C@H](NC(=O)[C@H](C(C)C)C(O)[C@H](O)[C@H](CC1CCCCC1)NC(=O)c1ncccc1OCOc1ccccc1)C(=O)NCc1nc2ccccc2[nH]1,6.268000501111618,539.51,1,CHEMBL1790514,Human immunodeficiency virus type 1 protease
CC[C@H](C)[C@H](NC(=O)[C@H](C(C)C)[C@@H](O)[C@H](O)[C@H](CC1CCCCC1)NC(=O)C1CCCCC1)C(=O)NCc1ccccn1,7.3049563411787055,49.55,1,CHEMBL1790518,Human immunodeficiency virus type 1 protease
CC[C@H](C)[C@H](NC(=O)[C@H](C(C)C)[C@@H](O)[C@H](O)[C@H](CC1CCCCC1)NC(=O)[C@H](Cc1c[nH]cn1)NC(=O)COc1cccc2ccccc12)C(=O)NCc1ccccn1,7.56246936830415,375.5,2,CHEMBL3350189,Human immunodeficiency virus type 1 protease
CC[C@H](C)[C@H](NC(=O)[C@H](C(C)C)[C@@H](O)[C@H](O)[C@H](CC1CCCCC1)NC(=O)c1cccc(C)c1OCOc1ccccc1)C(=O)NCc1nc2ccccc2[nH]1,6.967018806902632,107.89,1,CHEMBL1790516,Human immunodeficiency virus type 1 protease
CC[C@H](C)[C@H](NC(=O)[C@H](C(C)C)[C@@H](O)[C@H](O)[C@H](CC1CCCCC1)NC(=O)c1ccccc1)C(=O)NCc1nc2ccccc2[nH]1,7.091997798827446,80.91,1,CHEMBL1790517,Human immunodeficiency virus type 1 protease
CC[C@H](C)[C@H](NC(=O)[C@H](C(C)C)[C@@H](O)[C@H](O)[C@H](CC1CCCCC1)NC(=O)c1ccccc1OCSc1ccccc1)C(=O)NCc1nc2ccccc2[nH]1,7.950007143079858,11.22,1,CHEMBL1790513,Human immunodeficiency virus type 1 protease
CC[C@H](C)[C@H](NC(=O)[C@H](C(C)C)[C@@H](O)[C@H](O)[C@H](CC1CCCCC1)NC(=O)c1ncccc1OCSc1ccccc1)C(=O)NCc1nc2ccccc2[nH]1,6.5020066659422975,314.77,1,CHEMBL1790512,Human immunodeficiency virus type 1 protease
CC[C@H](C)[C@H](NC(=O)[C@H](C)NC(=O)CSCC1CCN2CCC(CO[Si](c3ccccc3)(c3ccccc3)C(C)(C)C)N=C2N1)C(=O)N[C@H](C(=O)N[C@@H](CC(C)C)C(=O)N[C@@H](Cc1c[nH]c2ccccc12)C(=O)OC)[C@@H](C)OCc1ccccc1,5.301029995663981,5000.0,1,CHEMBL2068515,Human immunodeficiency virus type 1 protease
CC[C@H](C)[C@H](NC(=O)[C@H](C/C=C/c1ccccc1)C[C@H](O)[C@H](Cc1ccccc1)NC(=O)OC(C)(C)C)C(=O)NCc1nc2ccccc2[nH]1,10.522878745280337,0.03,2,CHEMBL3085527,Human immunodeficiency virus type 1 protease
CC[C@H](C)[C@H](NC(=O)[C@H](CC(C)C)C(O)C(O)[C@H](CC(C)C)NC(=O)[C@H](Cc1c[nH]cn1)NC(=O)COc1cccc2ccccc12)C(=O)NCc1ccccn1,7.802995271976954,15.74,1,CHEMBL3350200,Human immunodeficiency virus type 1 protease
CC[C@H](C)[C@H](NC(=O)[C@H](CC(C)C)CC(O)CN1C[C@H]2CCCC[C@H]2C[C@H]1C(=O)NC(C)(C)C)C(=O)NCc1nc2ccccc2[nH]1,7.522878745280337,30.0,1,CHEMBL415896,Human immunodeficiency virus type 1 protease
CC[C@H](C)[C@H](NC(=O)[C@H](CCC(N)=O)NC(=O)CCCOc1ccc2ccc(OCCCC(=O)N[C@H](C(=O)N[C@@H](CC(C)C)C(=O)N[C@H](C(=O)OC)C(C)C)C(C)C)cc2c1)C(=O)N[C@H](C(N)=O)[C@@H](C)O,5.552841968657781,2800.0,1,CHEMBL388957,Human immunodeficiency virus type 1 protease
CC[C@H](C)[C@H](NC(=O)[C@H](CCC(N)=O)NC(=O)[C@@H]1CCCN1C(=O)CCCCC/C=C/CCCCCC(=O)N[C@H](CO)C(=O)N[C@@H](C(=O)N[C@H](CC(C)C)C(=O)N[C@H](CC(N)=O)C(=O)N[C@H](Cc1ccccc1)C(=O)O)[C@H](C)O)C(=O)N[C@H](C(=O)N[C@@H](CC(C)C)C(=O)N[C@@H](Cc1c[nH]c2ccccc12)C(=O)O)[C@@H](C)O,4.288192770958809,51500.0,1,CHEMBL1790823,Human immunodeficiency virus type 1 protease
CC[C@H](C)[C@H](NC(=O)[C@H](CCC(N)=O)NC(=O)[C@@H]1CCCN1C(=O)CCCCC/C=C\CCCCCC(=O)N[C@H](CO)C(=O)N[C@@H](C(=O)N[C@H](CC(C)C)C(=O)N[C@H](CC(N)=O)C(=O)N[C@H](Cc1ccccc1)C(=O)O)[C@H](C)O)C(=O)N[C@H](C(=O)N[C@@H](CC(C)C)C(=O)N[C@@H](Cc1c[nH]c2ccccc12)C(=O)O)[C@@H](C)O,4.485452247339714,32700.0,1,CHEMBL1790827,Human immunodeficiency virus type 1 protease
CC[C@H](C)[C@H](NC(=O)[C@H](CCC(N)=O)NC(=O)[C@@H]1CCCN1C(=O)CCCCCC#CCCCCCC(=O)N[C@H](CO)C(=O)N[C@@H](C(=O)N[C@H](CC(C)C)C(=O)N[C@H](CC(N)=O)C(=O)N[C@H](Cc1ccccc1)C(=O)O)[C@H](C)O)C(=O)N[C@H](C(=O)N[C@@H](CC(C)C)C(=O)N[C@@H](Cc1c[nH]c2ccccc12)C(=O)O)[C@@H](C)O,4.6777807052660805,21000.0,1,CHEMBL1790834,Human immunodeficiency virus type 1 protease
CC[C@H](C)[C@H](NC(=O)[C@H](CCC(N)=O)NC(=O)[C@@H]1CCCN1C(=O)CCCCCC/C=C/CCCCCCC(=O)N[C@H](CO)C(=O)N[C@@H](C(=O)N[C@H](CC(C)C)C(=O)N[C@H](CC(N)=O)C(=O)N[C@H](Cc1ccccc1)C(=O)O)[C@H](C)O)C(=O)N[C@H](C(=O)N[C@@H](CC(C)C)C(=O)N[C@@H](Cc1c[nH]c2ccccc12)C(=O)O)[C@@H](C)O,4.756961951313706,17500.0,1,CHEMBL1790824,Human immunodeficiency virus type 1 protease
CC[C@H](C)[C@H](NC(=O)[C@H](CCC(N)=O)NC(=O)[C@@H]1CCCN1C(=O)CCCCCC/C=C\CCCCCCC(=O)N[C@H](CO)C(=O)N[C@@H](C(=O)N[C@H](CC(C)C)C(=O)N[C@H](CC(N)=O)C(=O)N[C@H](Cc1ccccc1)C(=O)O)[C@H](C)O)C(=O)N[C@H](C(=O)N[C@@H](CC(C)C)C(=O)N[C@@H](Cc1c[nH]c2ccccc12)C(=O)O)[C@@H](C)O,4.889410289700751,12900.0,1,CHEMBL1790826,Human immunodeficiency virus type 1 protease
CC[C@H](C)[C@H](NC(=O)[C@H](CCC(N)=O)NC(=O)[C@@H]1CCCN1C(=O)CCCCCCC#CCCCCCCC(=O)N[C@H](CO)C(=O)N[C@@H](C(=O)N[C@H](CC(C)C)C(=O)N[C@H](CC(N)=O)C(=O)N[C@H](Cc1ccccc1)C(=O)O)[C@H](C)O)C(=O)N[C@H](C(=O)N[C@@H](CC(C)C)C(=O)N[C@@H](Cc1c[nH]c2ccccc12)C(=O)O)[C@@H](C)O,5.346787486224656,4500.0,1,CHEMBL1790833,Human immunodeficiency virus type 1 protease
CC[C@H](C)[C@H](NC(=O)[C@H](CCC(N)=O)NC(=O)[C@@H]1CCCN1C(=O)CCCCCCC/C=C/CCCCCCCC(=O)N[C@H](CO)C(=O)N[C@@H](C(=O)N[C@H](CC(C)C)C(=O)N[C@H](CC(N)=O)C(=O)N[C@H](Cc1ccccc1)C(=O)O)[C@H](C)O)C(=O)N[C@H](C(=O)N[C@@H](CC(C)C)C(=O)N[C@@H](Cc1c[nH]c2ccccc12)C(=O)O)[C@@H](C)O,5.200659450546418,6300.0,1,CHEMBL1790825,Human immunodeficiency virus type 1 protease
CC[C@H](C)[C@H](NC(=O)[C@H](CCC(N)=O)NC(=O)[C@@H]1CCCN1C(=O)CCCCCCC/C=C\CCCCCCCC(=O)N[C@H](CO)C(=O)N[C@@H](C(=O)N[C@H](CC(C)C)C(=O)N[C@H](CC(N)=O)C(=O)N[C@H](Cc1ccccc1)C(=O)O)[C@H](C)O)C(=O)N[C@H](C(=O)N[C@@H](CC(C)C)C(=O)N[C@@H](Cc1c[nH]c2ccccc12)C(=O)O)[C@@H](C)O,5.356547323513812,4400.0,1,CHEMBL1790835,Human immunodeficiency virus type 1 protease
CC[C@H](C)[C@H](NC(=O)[C@H](CCC(N)=O)NC(=O)[C@@H]1CCCN1C(=O)CCCCCCCC#CCCCCCCCC(=O)N[C@H](CO)C(=O)N[C@@H](C(=O)N[C@H](CC(C)C)C(=O)N[C@H](CC(N)=O)C(=O)N[C@H](Cc1ccccc1)C(=O)O)[C@H](C)O)C(=O)N[C@H](C(=O)N[C@@H](CC(C)C)C(=O)N[C@@H](Cc1c[nH]c2ccccc12)C(=O)O)[C@@H](C)O,5.142667503568732,7200.0,1,CHEMBL1790832,Human immunodeficiency virus type 1 protease
CC[C@H](C)[C@H](NC(=O)[C@H](CCC(N)=O)NC(=O)[C@@H]1CCCN1C(=O)CCCCCCCCCCCCC(=O)N[C@H](CO)C(=O)N[C@@H](C(=O)N[C@H](CC(C)C)C(=O)N[C@H](CC(N)=O)C(=O)N[C@H](Cc1ccccc1)C(=O)O)[C@H](C)O)C(=O)N[C@H](C(=O)N[C@@H](CC(C)C)C(=O)N[C@@H](Cc1c[nH]c2ccccc12)C(=O)O)[C@@H](C)O,4.886056647693163,13000.0,1,CHEMBL1790831,Human immunodeficiency virus type 1 protease
CC[C@H](C)[C@H](NC(=O)[C@H](CCC(N)=O)NC(=O)[C@@H]1CCCN1C(=O)CCCCCCCCCCCCCCC(=O)N[C@@H](CO)C(=O)N[C@H](C(=O)N[C@@H](CC(C)C)C(=O)N[C@@H](CC(N)=O)C(=O)N[C@@H](Cc1ccccc1)C(=O)O)[C@@H](C)O)C(=O)N[C@H](C(=O)N[C@@H](CC(C)C)C(=O)N[C@@H](Cc1c[nH]c2ccccc12)C(=O)O)[C@H](C)O,6.455931955649724,350.0,2,CHEMBL2369717,Human immunodeficiency virus type 1 protease
CC[C@H](C)[C@H](NC(=O)[C@H](CCC(N)=O)NC(=O)[C@@H]1CCCN1C(=O)CCCCCCCCCCCCCCC(=O)N[C@H](CO)C(=O)N[C@@H](C(=O)N[C@H](CC(C)C)C(=O)N[C@H](CC(N)=O)C(=O)N[C@H](Cc1ccccc1)C(=O)O)[C@H](C)O)C(=O)N[C@H](C(=O)N[C@@H](CC(C)C)C(=O)N[C@@H](Cc1c[nH]c2ccccc12)C(=O)O)[C@@H](C)O,5.698970004336019,2000.0,1,CHEMBL1790830,Human immunodeficiency virus type 1 protease
CC[C@H](C)[C@H](NC(=O)[C@H](CCC(N)=O)NC(=O)[C@@H]1CCCN1C(=O)CCCCCCCCCCCCCCCCC(=O)N[C@H](CO)C(=O)N[C@@H](C(=O)N[C@H](CC(C)C)C(=O)N[C@H](CC(N)=O)C(=O)N[C@H](Cc1ccccc1)C(=O)O)[C@H](C)O)C(=O)N[C@H](C(=O)N[C@@H](CC(C)C)C(=O)N[C@@H](Cc1c[nH]c2ccccc12)C(=O)O)[C@@H](C)O,5.3979400086720375,4000.0,1,CHEMBL1790828,Human immunodeficiency virus type 1 protease
CC[C@H](C)[C@H](NC(=O)[C@H](Cc1ccccc1)CC(O)(CO)CN(CC(=O)NC(C)(C)C)CC1CCCCC1)C(=O)NCc1nc2ccccc2[nH]1,6.853871964321762,140.0,1,CHEMBL40291,Human immunodeficiency virus type 1 protease
CC[C@H](C)[C@H](NC(=O)[C@H](Cc1ccccc1)CC(O)(CO)CN1C[C@H]2CCCC[C@H]2C[C@H]1C(=O)NC(C)(C)C)C(=O)NCc1nc2ccccc2[nH]1,7.154901959985743,70.0,1,CHEMBL290749,Human immunodeficiency virus type 1 protease
CC[C@H](C)[C@H](NC(=O)[C@H](Cc1ccccc1)CC(O)CN1CCCCC1C(=O)NC(C)(C)C)C(=O)NCc1ccccn1,6.6020599913279625,250.0,1,CHEMBL42366,Human immunodeficiency virus type 1 protease
CC[C@H](C)[C@H](NC(=O)[C@H](Cc1ccccc1)CC(O)CN1CCCCC1C(=O)NC(C)(C)C)C(=O)NCc1nc2ccccc2[nH]1,7.522878745280337,30.0,1,CHEMBL40829,Human immunodeficiency virus type 1 protease
CC[C@H](C)[C@H](NC(=O)[C@H](Cc1ccccc1)CC(O)CN1CCC[C@@H]1C(=O)NC(C)(C)C)C(=O)NCc1nc2ccccc2[nH]1,7.096910013008056,80.0,1,CHEMBL289928,Human immunodeficiency virus type 1 protease
CC[C@H](C)[C@H](NC(=O)[C@H](Cc1ccccc1)CC(O)CN1CCC[C@@H]1C(=O)N[C@H](C(=O)OC(C)(C)C)[C@@H](C)CC)C(=O)NCc1nc2ccccc2[nH]1,5.853871964321762,1400.0,1,CHEMBL289282,Human immunodeficiency virus type 1 protease
CC[C@H](C)[C@H](NC(=O)[C@H](Cc1ccccc1)CC(O)CN1C[C@H]2CCCC[C@H]2C[C@H]1C(=O)NC(C)(C)C)C(=O)NCCc1nc2ccccc2[nH]1,6.886056647693163,130.0,1,CHEMBL41789,Human immunodeficiency virus type 1 protease
CC[C@H](C)[C@H](NC(=O)[C@H](Cc1ccccc1)CC(O)CN1C[C@H]2CCCC[C@H]2C[C@H]1C(=O)NC(C)(C)C)C(=O)NCc1ccccn1,6.823908740944319,150.0,1,CHEMBL43739,Human immunodeficiency virus type 1 protease
CC[C@H](C)[C@H](NC(=O)[C@H](Cc1ccccc1)CC(O)CN1C[C@H]2CCCC[C@H]2C[C@H]1C(=O)NC(C)(C)C)C(=O)OC,6.060480747381382,870.0,1,CHEMBL290872,Human immunodeficiency virus type 1 protease
CC[C@H](C)[C@H](NC(=O)[C@H](Cc1ccccc1)CC(O)C[C@@H](Cc1ccccc1)C(=O)N[C@H](C(=O)NCC1CCc2ccccc2N1)[C@@H](C)CC)C(=O)NCC1CCc2ccccc2N1,5.920818753952375,1200.0,1,CHEMBL37465,Human immunodeficiency virus type 1 protease
CC[C@H](C)[C@H](NC(=O)[C@H](Cc1ccccc1)CC(O)C[C@@H](Cc1ccccc1)C(=O)N[C@H](C(=O)NCCN1CCOCC1)[C@@H](C)CC)C(=O)NCCN1CCOCC1,6.070581074285707,850.0,1,CHEMBL41063,Human immunodeficiency virus type 1 protease
CC[C@H](C)[C@H](NC(=O)[C@H](Cc1ccccc1)CC(O)C[C@@H](Cc1ccccc1)C(=O)N[C@H](C(=O)NCc1ccccn1)[C@@H](C)CC)C(=O)NCc1ccccn1,6.346787486224656,450.0,1,CHEMBL287984,Human immunodeficiency virus type 1 protease
CC[C@H](C)[C@H](NC(=O)[C@H](Cc1ccccc1)CC(O)C[C@@H](Cc1ccccc1)C(=O)N[C@H](C(=O)NCc1nc2ccccc2[nH]1)[C@@H](C)CC)C(=O)NCc1nc2ccccc2[nH]1,6.4604093769761874,20001.5,2,CHEMBL40760,Human immunodeficiency virus type 1 protease
CC[C@H](C)[C@H](NC(=O)[C@H](Cc1ccccc1)C[C@@H](O)CN1C[C@H]2CCCC[C@H]2C[C@H]1C(=O)NC(C)(C)C)C(=O)NCc1nc2ccccc2[nH]1,7.522878745280337,30.0,1,CHEMBL2114445,Human immunodeficiency virus type 1 protease
CC[C@H](C)[C@H](NC(=O)[C@H](Cc1ccccc1)C[C@H](O)CN1C[C@H]2CCCC[C@H]2C[C@H]1C(=O)NC(C)(C)C)C(=O)NCc1nc2ccccc2[nH]1,7.522878745280337,30.0,1,CHEMBL2115378,Human immunodeficiency virus type 1 protease
CC[C@H](C)[C@H](NC(=O)[C@H](Cc1ccccc1)C[C@H](O)[C@H](Cc1ccccc1)NC(=O)OC(C)(C)C)C(=O)NC(=O)C(N)Cc1ccccc1,9.602059991327963,0.25,1,CHEMBL1790766,Human immunodeficiency virus type 1 protease
CC[C@H](C)[C@H](NC(=O)[C@H](Cc1ccccc1)C[C@H](O)[C@H](Cc1ccccc1)NC(=O)OC(C)(C)C)C(=O)NCc1nc2ccccc2[nH]1,10.18837535480105,0.065,2,CHEMBL3085503,Human immunodeficiency virus type 1 protease
CC[C@H](C[C@H](O)[C@H](Cc1ccccc1)NC(=O)OC(C)(C)C)C(=O)N[C@H]1c2ccccc2C[C@H]1O,7.459670525209126,34.7,1,CHEMBL297633,Human immunodeficiency virus type 1 protease
CC[C@H]1[C@@H](OC(=O)N[C@@H](Cc2ccccc2)[C@H](O)CN2C[C@H]3CCCC[C@H]3C[C@H]2C(=O)NC(C)(C)C)CCS1(=O)=O,8.267606240177031,5.4,2,CHEMBL17600,Human immunodeficiency virus type 1 protease
CCc1c(SC2=C(O)OC(CCc3ccccc3)(c3ccccc3)CC2=O)sc2ccccc12,7.552841968657781,28.0,1,CHEMBL61755,Human immunodeficiency virus type 1 protease
CCc1cc(CN2CCN(C[C@@H](O)[C@H](Cc3ccccc3)NC(=O)O[C@@H]3CCS(=O)(=O)[C@@H]3C(C)C)[C@H](C(=O)NC(C)(C)C)C2)cc(CC)n1,8.744727494896694,1.8,1,CHEMBL72385,Human immunodeficiency virus type 1 protease
CCc1cc(CN2CCN(C[C@@H](O)[C@H](Cc3ccccc3)NC(=O)O[C@@H]3CCS(=O)(=O)[C@@H]3C(C)C)[C@H](C(=O)NC(C)(C)C)C2)ccn1,8.823908740944319,1.5,1,CHEMBL308410,Human immunodeficiency virus type 1 protease
CCc1cc(NCc2nc3c(Cl)ccc(Cl)c3o2)c(O)nc1C,6.2636034977233574,545.0,3,CHEMBL268871,Human immunodeficiency virus type 1 protease
CCc1ccc(CCN2CCN(C[C@@H](O)[C@H](Cc3ccccc3)NC(=O)O[C@@H]3CCS(=O)(=O)[C@@H]3C(C)C)[C@H](C(=O)NC(C)(C)C)C2)s1,9.119186407719209,0.76,1,CHEMBL301193,Human immunodeficiency virus type 1 protease
CCc1cccc(-c2cc(O)c(SCc3ccccc3)c(=O)o2)c1,5.690369832574102,2040.0,1,CHEMBL15246,Human immunodeficiency virus type 1 protease
CCc1cccc(-c2cc(O)c(Sc3ccccc3C(C)C)c(=O)o2)c1,6.581698708680254,262.0,1,CHEMBL12229,Human immunodeficiency virus type 1 protease
CCc1ccccc1C(=O)N[C@@H](Cc1ccccc1)[C@H](O)CN(CC(C)C)S(=O)(=O)c1ccc(OC)cc1,8.0,10.0,1,CHEMBL343108,Human immunodeficiency virus type 1 protease
CCc1nc(-c2[nH]c3ccc(Cl)cc3c2S(=O)(=O)c2ccccc2)[nH]c1CC,8.0,10.0,1,CHEMBL341883,Human immunodeficiency virus type 1 protease
CN(C(=O)OC(C)(C)C)C1=C(O)C(CCc2ccccc2)(C(=O)NC(C)(C)C)OC1=O,4.327902142064283,47000.0,1,CHEMBL108114,Human immunodeficiency virus type 1 protease
CN(C(=O)OC(C)(C)C)C1=C(O)C(CCc2ccccc2)(C(=O)NCC2CCCO2)OC1=O,3.714442690992226,193000.0,1,CHEMBL321798,Human immunodeficiency virus type 1 protease
CN(C(=O)OC(C)(C)C)[C@@H](Cc1ccccc1)[C@H](O)CNC[C@@H](O)[C@H](Cc1ccccc1)NC(=O)OC(C)(C)C,5.070581074285707,8500.0,1,CHEMBL299429,Human immunodeficiency virus type 1 protease
CN(C(=O)[C@H](Cc1ccccc1)C[C@H](O)[C@H](Cc1ccccc1)NC(=O)OC(C)(C)C)[C@H]1c2ccccc2C[C@H]1O,6.730487055782084,186.0,1,CHEMBL606565,Human immunodeficiency virus type 1 protease
CN(C)C(=O)OCCOc1ccc(C[C@H](NC(=O)OC(C)(C)C)[C@H](O)CNC[C@@H](O)[C@H](Cc2ccccc2)NC(=O)OC(C)(C)C)cc1,7.3979400086720375,40.0,1,CHEMBL301046,Human immunodeficiency virus type 1 protease
CN(C)C(=O)[C@@H](NC(=O)Cc1ccccc1)[C@@H]1N[C@@H](C(=O)NCCNC(=O)[C@@H]2N[C@@H]([C@H](NC(=O)Cc3ccccc3)C(=O)N(C)C)SC2(C)C)C(C)(C)S1,8.2839966563652,5.2,1,CHEMBL322285,Human immunodeficiency virus type 1 protease
CN(C)C(=O)c1[nH]c2ccccc2c1Sc1ccccc1,4.057495893831919,87600.0,1,CHEMBL23678,Human immunodeficiency virus type 1 protease
CN(C)CCCNC(=O)[C@@H](NC(=O)[C@H](Cc1ccccc1)C[C@H](O)[C@H](Cc1ccccc1)NC(=O)OC(C)(C)C)c1ccccc1,7.585026652029182,26.0,1,CHEMBL329974,Human immunodeficiency virus type 1 protease
CN(C)CCCc1ccc(C[C@H](C[C@H](O)[C@H](Cc2ccccc2)NC(=O)OC(C)(C)C)C(=O)N[C@H]2c3ccccc3C[C@H]2O)cc1,9.221848749616356,0.6,1,CHEMBL416814,Human immunodeficiency virus type 1 protease
CN(C)CCOc1ccc(C[C@H](C[C@H](O)[C@H](Cc2ccccc2)NC(=O)OC(C)(C)C)C(=O)NC2c3ccccc3C[C@H]2O)cc1,9.0,1.0,1,CHEMBL46062,Human immunodeficiency virus type 1 protease
CN(C)Cc1ccc(C[C@H](C[C@H](O)[C@H](Cc2ccccc2)NC(=O)OC(C)(C)C)C(=O)N[C@H]2c3ccccc3C[C@H]2O)cc1,8.853871964321762,1.4,1,CHEMBL46061,Human immunodeficiency virus type 1 protease
CN(C)c1ccc(CNC(=O)C(NC(=O)Cc2ccccc2)[C@@H]2N[C@@H](C(=O)NC[C@H](O)CN3C[C@H]4CCCC[C@H]4C[C@H]3C(=O)NC(C)(C)C)C(C)(C)S2)cc1,7.585026652029182,26.0,1,CHEMBL333982,Human immunodeficiency virus type 1 protease
CN(C)c1ccc(CNC(=O)[C@@H](NC(=O)Cc2ccccc2)[C@@H]2N[C@@H](C(=O)NCCNC(=O)[C@@H]3N[C@@H]([C@H](NC(=O)Cc4ccccc4)C(=O)NCc4ccc(N(C)C)cc4)SC3(C)C)C(C)(C)S2)cc1,7.327902142064283,47.0,1,CHEMBL217396,Human immunodeficiency virus type 1 protease
CN(C)c1ccc(CNC(=O)[C@@H](NC(=O)c2ccccc2-c2ccccc2)[C@@H]2N[C@@H](C(=O)NCCNC(=O)[C@@H]3N[C@@H]([C@H](NC(=O)c4ccccc4-c4ccccc4)C(=O)NCc4ccc(N(C)C)cc4)SC3(C)C)C(C)(C)S2)cc1,9.638272163982407,0.23,1,CHEMBL413515,Human immunodeficiency virus type 1 protease
CN(C)c1ccc2cc(S(=O)(=O)N3CCN(C[C@@H](O)C[C@@H](Cc4ccccc4)C(=O)N[C@H]4c5ccccc5C[C@H]4O)[C@H](C(=O)NC(C)(C)C)C3)ccc2n1.Cl,9.610924374808178,0.35,2,CHEMBL1203459,Human immunodeficiency virus type 1 protease
CN(C)c1ccc2ccc(S(=O)(=O)N3CCN(C[C@@H](O)C[C@@H](Cc4ccccc4)C(=O)NC4c5ccccc5C[C@H]4O)[C@H](C(=O)NC(C)(C)C)C3)cc2n1,9.157577319177793,1.2100000000000002,2,CHEMBL358139,Human immunodeficiency virus type 1 protease
CN(C)c1nc(N)c(C(=O)N[C@H](C(=O)N[C@@H](Cc2ccccc2)[C@H](O)CN2C[C@H]3CCCC[C@H]3C[C@H]2C(=O)NC(C)(C)C)[C@H]2CCOC2)nc1Cl,9.619788758288394,0.24,1,CHEMBL432924,Human immunodeficiency virus type 1 protease
CN(C)c1ncc(C(=O)N[C@H](C(=O)N[C@@H](Cc2ccccc2)[C@H](O)CN2C[C@H]3CCCC[C@H]3C[C@H]2C(=O)NC(C)(C)C)[C@H]2CCOC2)nc1Cl,10.221848749616356,0.06,1,CHEMBL75904,Human immunodeficiency virus type 1 protease
CN(CC(O)C[C@@H](Cc1ccccc1)C(=O)N[C@H]1CCCC[C@@H]1NC(=O)c1ccc2ccccc2n1)[C@@H](CC1CCCCC1)C(=O)NC(C)(C)C,5.853871964321762,1400.0,1,CHEMBL41955,Human immunodeficiency virus type 1 protease
CN(CC(O)[C@H](Cc1ccccc1)NC(=O)OC(C)(C)C)C[C@@H](O)[C@H](Cc1ccccc1)NC(=O)OC(C)(C)C,5.0,10000.0,1,CHEMBL49605,Human immunodeficiency virus type 1 protease
CN(CC1(c2ccccc2)CC(=O)C(SCCc2ccccc2)=C(O)O1)c1ccccc1,5.642065152999546,2280.0,1,CHEMBL123370,Human immunodeficiency virus type 1 protease
CN(Cc1ccccc1)C(=O)[C@@H](NC(=O)Cc1ccccc1)[C@@H]1N[C@@H](C(=O)NCCNC(=O)[C@@H]2N[C@@H]([C@H](NC(=O)Cc3ccccc3)C(=O)N(C)Cc3ccccc3)SC2(C)C)C(C)(C)S1,6.086186147616283,820.0,1,CHEMBL316755,Human immunodeficiency virus type 1 protease
CN1C2[C@]3(CO)C4N(C)C5[C@@](CO)(C1[C@@]5(CO)[C@@H](c1ccccc1)[C@]24CO)[C@H]3c1ccccc1,3.5816987086802543,262000.0,1,CHEMBL4524112,Human immunodeficiency virus type 1 protease
CN1CCN(CCOc2ccc(C[C@H](C[C@H](O)[C@H](Cc3ccccc3)NC(=O)OC(C)(C)C)C(=O)NC3c4ccccc4C[C@H]3O)cc2)CC1,9.698970004336019,0.2,1,CHEMBL44578,Human immunodeficiency virus type 1 protease
CN1CCN(CCOc2ccc(C[C@H](NC(=O)OC(C)(C)C)[C@H](O)CNC[C@@H](O)[C@H](Cc3ccccc3)NC(=O)OC(C)(C)C)cc2)C1=O,7.221848749616356,60.0,1,CHEMBL292653,Human immunodeficiency virus type 1 protease
CN1CCN(c2ncc(C(=O)N[C@H](C(=O)N[C@@H](Cc3ccccc3)[C@H](O)CN3C[C@H]4CCCC[C@H]4C[C@H]3C(=O)NC(C)(C)C)[C@H]3CCOC3)nc2Cl)CC1,10.148741651280925,0.071,1,CHEMBL310924,Human immunodeficiency virus type 1 protease
CNC(=O)C1(C)OC(O)=C(C(C)c2ccccc2)C1=O,3.6126101736612704,244000.0,1,CHEMBL107016,Human immunodeficiency virus type 1 protease
CNC(=O)N(CC(C)C)CC(O)[C@H](Cc1ccccc1)NC(=O)[C@H](CC(N)=O)NC(=O)OCc1ccccc1,5.824001400317809,1499.68,1,CHEMBL70804,Human immunodeficiency virus type 1 protease
CNC(=O)N(CC(C)C)C[C@@H](O)[C@H](Cc1ccccc1)NC(=O)[C@H](CC(N)=O)NC(=O)OCc1ccccc1,5.823908740944319,1500.0,1,CHEMBL99527,Human immunodeficiency virus type 1 protease
CNC(=O)[C@@H](NC(=O)[C@H](OCc1ccccc1)[C@H](O)[C@@H](O)[C@@H](OCc1ccccc1)C(=O)N[C@H](C(=O)NC)C(C)C)C(C)C,7.823908740944319,15.0,1,CHEMBL105459,Human immunodeficiency virus type 1 protease
CNC(=O)c1[nH]c2ccc(Cl)cc2c1Sc1ccccc1,7.657577319177793,22.0,1,CHEMBL23456,Human immunodeficiency virus type 1 protease
CNC(=O)c1[nH]c2ccccc2c1Sc1ccccc1,6.127261172527331,746.0,1,CHEMBL286378,Human immunodeficiency virus type 1 protease
CNC1=C(O)C(CCc2ccccc2)(C(=O)NCC2CCCO2)OC1=O,3.0,1000000.0,1,CHEMBL322094,Human immunodeficiency virus type 1 protease
CNCCNC(=O)[C@@H](NC(=O)[C@H](Cc1ccccc1)C[C@H](O)[C@H](Cc1ccccc1)NC(=O)OC(C)(C)C)C(C)C,8.761953896871205,1.73,1,CHEMBL95516,Human immunodeficiency virus type 1 protease
CNS(=O)(=O)Oc1cc(C(C)(C)C)c(SC2=C(O)OC(CCc3ccc(O)cc3)(C(C)C)CC2=O)cc1C,8.920818753952375,1.2,1,CHEMBL71153,Human immunodeficiency virus type 1 protease
CNc1ccc(S(=O)(=O)N(CC(C)C)C[C@@H](O)[C@H](Cc2ccccc2)NC(=O)[C@@H]2COCCN2)cc1,7.018725167293411,95.78,1,CHEMBL5195078,Human immunodeficiency virus type 1 protease
CNc1ccc(S(=O)(=O)N(CC(C)C)C[C@@H](O)[C@H](Cc2ccccc2)NC(=O)[C@H]2CNCCO2)cc1,7.0448897690294485,90.18,1,CHEMBL5172827,Human immunodeficiency virus type 1 protease
CNc1ccc(S(=O)(=O)[C@@H](CC(C)C)C[C@@H](O)[C@H](Cc2cccc(Br)c2)NC(=O)COc2c(C)cccc2C)cc1,6.275724130399211,530.0,1,CHEMBL382924,Human immunodeficiency virus type 1 protease
COC(=O)C(NC(=O)Cc1ccccc1)[C@@H]1N[C@@H](C(=O)NC[C@H](O)CN2C[C@H]3CCCC[C@H]3C[C@H]2C(=O)NC(C)(C)C)C(C)(C)S1,7.267606240177032,54.0,1,CHEMBL122641,Human immunodeficiency virus type 1 protease
COC(=O)C1Cc2ccccc2C1NC(=O)[C@H](Cc1ccccc1)C[C@H](O)[C@H](Cc1ccccc1)NC(=O)OC(C)(C)C,7.179995693191682,66.07,1,CHEMBL139756,Human immunodeficiency virus type 1 protease
COC(=O)CCCC=C(c1cc(Cl)c(OC)c(C(=O)OC)c1)c1cc(Cl)c(OC)c(C(=O)OC)c1,4.0,100000.0,1,CHEMBL294840,Human immunodeficiency virus type 1 protease
COC(=O)CCCOc1ccc2ccc(OCCCC(=O)N[C@H](C(=O)N[C@@H](CC(C)C)C(=O)N[C@H](C(=O)N[C@H](C(=O)OC)C(C)C)C(C)C)C(C)O)cc2c1,5.0,10000.0,1,CHEMBL173001,Human immunodeficiency virus type 1 protease
COC(=O)N(C)C(C(=O)N[C@@H](Cc1ccccc1)[C@H](O)CN(CC1CCCCC1)NC(=O)C(C(C)C)N(C)C(=O)OC)C(C)C,6.0,1000.0,1,CHEMBL322033,Human immunodeficiency virus type 1 protease
COC(=O)N(C)[C@H](Cc1ccccc1)C(=O)NCCCC[C@@H](CO)N(CC(C)C)S(=O)(=O)c1ccc(N)cc1,8.187086643357144,6.5,1,CHEMBL2374444,Human immunodeficiency virus type 1 protease
COC(=O)NC(C(=O)NN(CC(C)C)C[C@H](O)[C@H](Cc1ccccc1)NC(=O)[C@H](CC(N)=O)NC(=O)c1ccc2ccccc2n1)C(C)C,7.638272163982407,23.0,1,CHEMBL324630,Human immunodeficiency virus type 1 protease
COC(=O)NC(C(=O)NN(CC1CCCCC1)C[C@H](O)[C@H](Cc1ccccc1)NC(=O)[C@H](CC(N)=O)NC(=O)c1ccc2ccccc2n1)C(C)C,7.568636235841013,27.0,1,CHEMBL322119,Human immunodeficiency virus type 1 protease
COC(=O)NC(C(=O)NN(Cc1ccc(OC)cc1)C[C@H](O)[C@H](Cc1ccccc1)NC(=O)[C@H](CC(N)=O)NC(=O)c1ccc2ccccc2n1)C(C)C,7.508638306165727,31.0,1,CHEMBL320783,Human immunodeficiency virus type 1 protease
COC(=O)N[C@@H](C(=O)NCCCC[C@@H](CO)N(CC(C)C)S(=O)(=O)c1ccc(N)cc1)C(c1ccccc1)c1ccccc1,7.886056647693163,13.0,1,CHEMBL208651,Human immunodeficiency virus type 1 protease
COC(=O)N[C@@H](C(=O)NCCCC[C@@H](CO)N(CC(C)C)S(=O)(=O)c1ccc(N)cc1)c1ccccc1,6.522878745280337,300.0,1,CHEMBL2374442,Human immunodeficiency virus type 1 protease
COC(=O)N[C@@H](C(=O)NCCCC[C@H](CO)N(CC(C)C)S(=O)(=O)c1ccc(N)cc1)C(c1ccccc1)c1ccccc1,6.522878745280337,300.0,1,CHEMBL377238,Human immunodeficiency virus type 1 protease
COC(=O)N[C@H](C(=O)NCCCC[C@@H](CO)N(CC(C)C)S(=O)(=O)c1ccc(N)cc1)C(c1ccccc1)c1ccccc1,9.301029995663981,0.5,1,CHEMBL168640,Human immunodeficiency virus type 1 protease
COC(=O)N[C@H](C(=O)NCCCC[C@H](CO)N(CC(C)C)S(=O)(=O)c1ccc(N)cc1)C(c1ccccc1)c1ccccc1,7.6020599913279625,25.0,1,CHEMBL378214,Human immunodeficiency virus type 1 protease
COC(=O)N[C@H](C(=O)N[C@@H](Cc1ccccc1)C(O)CN(CC(C)C)NC(=O)[C@@H](NC(=O)OC)C(C)C)C(C)C,7.3872161432802645,41.0,1,CHEMBL108807,Human immunodeficiency virus type 1 protease
COC(=O)N[C@H](C(=O)N[C@@H](Cc1ccccc1)C(O)CN(CC1CCCCC1)NC(=O)[C@@H](NC(=O)OC)C(C)C)C(C)C,7.075720713938118,84.0,1,CHEMBL322716,Human immunodeficiency virus type 1 protease
COC(=O)N[C@H](C(=O)N[C@@H](Cc1ccccc1)C(O)CN(CCC(C)C)NC(=O)[C@@H](NC(=O)OC)C(C)C)C(C)C,7.795880017344075,16.0,1,CHEMBL324398,Human immunodeficiency virus type 1 protease
COC(=O)N[C@H](C(=O)N[C@@H](Cc1ccccc1)C(O)CN(Cc1ccc(C#N)cc1)NC(=O)[C@@H](NC(=O)OC)C(C)C)C(C)C,7.2076083105017466,62.0,1,CHEMBL323161,Human immunodeficiency virus type 1 protease
COC(=O)N[C@H](C(=O)N[C@@H](Cc1ccccc1)C(O)CN(Cc1ccc(C(F)(F)F)cc1)NC(=O)[C@@H](NC(=O)OC)C(C)C)C(C)C,7.481486060122112,33.0,1,CHEMBL280464,Human immunodeficiency virus type 1 protease
COC(=O)N[C@H](C(=O)N[C@@H](Cc1ccccc1)C(O)CN(Cc1ccc(C)cc1)NC(=O)[C@@H](NC(=O)OC)C(C)C)C(C)C,7.721246399047171,19.0,1,CHEMBL324377,Human immunodeficiency virus type 1 protease
COC(=O)N[C@H](C(=O)N[C@@H](Cc1ccccc1)C(O)CN(Cc1ccc(F)cc1)NC(=O)[C@@H](NC(=O)OC)C(C)C)C(C)C,7.376750709602099,42.0,1,CHEMBL108102,Human immunodeficiency virus type 1 protease
COC(=O)N[C@H](C(=O)N[C@@H](Cc1ccccc1)C(O)CN(Cc1ccc(O)cc1)NC(=O)[C@@H](NC(=O)OC)C(C)C)C(C)C,7.7447274948966935,18.0,1,CHEMBL324657,Human immunodeficiency virus type 1 protease
COC(=O)N[C@H](C(=O)N[C@@H](Cc1ccccc1)C(O)CN(Cc1ccc(OC)c(OC)c1OC)NC(=O)[C@@H](NC(=O)OC)C(C)C)C(C)C,7.468521082957745,34.0,1,CHEMBL325561,Human immunodeficiency virus type 1 protease
COC(=O)N[C@H](C(=O)N[C@@H](Cc1ccccc1)C(O)CN(Cc1ccc(OC)cc1)NC(=O)[C@@H](NC(=O)OC)C(C)C)C(C)C,7.795880017344075,16.0,1,CHEMBL321165,Human immunodeficiency virus type 1 protease
COC(=O)N[C@H](C(=O)N[C@@H](Cc1ccccc1)C(O)CN(Cc1cccs1)NC(=O)[C@@H](NC(=O)OC)C(C)C)C(C)C,7.769551078621726,17.0,1,CHEMBL326913,Human immunodeficiency virus type 1 protease
COC(=O)N[C@H](C(=O)N[C@@H](Cc1ccccc1)[C@@H](O)CN(Cc1ccc(-c2ccccn2)cc1)NC(=O)[C@@H](NC(=O)OC)C(C)(C)C)C(C)(C)C,8.397940008672037,4.0,1,CHEMBL1163,Human immunodeficiency virus type 1 protease
COC(=O)N[C@H](C(=O)N[C@@H](Cc1ccccc1)[C@H](O)CN(CC1CCCCC1)NC(=O)[C@@H](NC(=O)OC)C(C)C)C(C)C,5.97469413473523,1060.0,1,CHEMBL107758,Human immunodeficiency virus type 1 protease
COC(=O)N[C@H](C(=O)N[C@@H](Cc1ccccc1)[C@H](O)CN(CC1CCCCC1)NC(=O)[C@@H](NC(C)=O)C(C)C)C(C)C,8.070581074285707,8.5,1,CHEMBL323203,Human immunodeficiency virus type 1 protease
COC(=O)N[C@H](C(=O)N[C@@H](Cc1ccccc1)[C@H](O)CN(OC1CCCC1)S(=O)(=O)c1ccc(OC)cc1)C(C)(C)C,6.692503962086787,203.0,1,CHEMBL189903,Human immunodeficiency virus type 1 protease
COC(=O)N[C@H](CCc1ccccc1)C(=O)NCCCC[C@@H](CO)N(CC(C)C)S(=O)(=O)c1ccc(N)cc1,7.3979400086720375,40.0,1,CHEMBL2374443,Human immunodeficiency virus type 1 protease
COC(=O)N[C@H](Cc1ccc2ccccc2c1)C(=O)NCCCC[C@@H](CO)N(CC(C)C)S(=O)(=O)c1ccc(N)cc1,8.920818753952375,1.2,1,CHEMBL2374439,Human immunodeficiency virus type 1 protease
COC(=O)N[C@H](Cc1cccc2ccccc12)C(=O)NCCCC[C@@H](CO)N(CC(C)C)S(=O)(=O)c1ccc(N)cc1,8.920818753952375,1.2,1,CHEMBL2374438,Human immunodeficiency virus type 1 protease
COC(=O)N[C@H](Cc1ccccc1)C(=O)NCCCC[C@@H](CO)N(CC(C)C)S(=O)(=O)c1ccc(N)cc1,7.920818753952375,12.0,1,CHEMBL2374441,Human immunodeficiency virus type 1 protease
COC(=O)N[C@H](Cc1ccccc1-c1ccccc1)C(=O)NCCCC[C@@H](CO)N(CC(C)C)S(=O)(=O)c1ccc(N)cc1,9.283162276700475,0.521,1,CHEMBL2374440,Human immunodeficiency virus type 1 protease
COC(=O)[C@@H](/N=C(\S)[C@@H](NC(=O)[C@H](Cc1ccccc1)NC(=O)[C@H](Cc1ccccc1)NC(=O)[C@H](C)NC(=O)[C@H](C)NC(=O)OC(C)(C)C)C(C)C)C(C)C,5.346787486224656,4500.0,1,CHEMBL161243,Human immunodeficiency virus type 1 protease
COC(=O)[C@@H](NC(=O)Cc1ccccc1)[C@@H]1N[C@@H](C(=O)NCCCNC(=O)[C@@H]2N[C@@H]([C@H](NC(=O)Cc3ccccc3)C(=O)OC)SC2(C)C)C(C)(C)S1,4.920818753952375,12000.0,1,CHEMBL322454,Human immunodeficiency virus type 1 protease
COC(=O)[C@@H](NC(=O)Cc1ccccc1)[C@@H]1N[C@@H](C(=O)NCCNC(=O)[C@@H]2N3C(=O)C(NC(=O)Cc4ccccc4)[C@H]3SC2(C)C)C(C)(C)S1,6.301029995663981,500.0,1,CHEMBL319892,Human immunodeficiency virus type 1 protease
COC(=O)[C@@H](NC(=O)Cc1ccccc1)[C@@H]1N[C@@H](C(=O)NCCNC(=O)[C@@H]2N[C@@H]([C@H](NC(=O)Cc3ccccc3)C(=O)OC)SC2(C)C)C(C)(C)S1,7.221848749616356,60.0,2,CHEMBL104525,Human immunodeficiency virus type 1 protease
COC(=O)[C@@H](NC(=O)Cc1ccccc1)[C@@H]1N[C@@H](C(=O)NCCNC(C)=O)C(C)(C)S1,4.259637310505756,55000.0,1,CHEMBL105589,Human immunodeficiency virus type 1 protease
COC(=O)[C@@H](NC(=O)Cc1ccccc1)[C@@H]1N[C@@H](C(=O)NNC(=O)[C@@H]2N[C@@H]([C@H](NC(=O)Cc3ccccc3)C(=O)OC)SC2(C)C)C(C)(C)S1,5.167491087293763,6800.0,1,CHEMBL319652,Human immunodeficiency virus type 1 protease
COC(=O)[C@@H](NC(=O)OCc1cn([C@@H](Cc2ccccc2)[C@H](O)CN(CC(C)C)S(=O)(=O)c2ccc(OC)cc2)nn1)c1ccccc1,8.0,10.0,1,CHEMBL5560565,Human immunodeficiency virus type 1 protease
COC(=O)[C@@H](NC(=O)[C@@H](/N=C(\S)[C@H](Cc1ccccc1)NC(=O)[C@H](Cc1ccccc1)NC(=O)[C@H](C)NC(=O)[C@H](C)NC(=O)OC(C)(C)C)C(C)C)C(C)C,3.6989700043360187,200000.0,1,CHEMBL161106,Human immunodeficiency virus type 1 protease
COC(=O)[C@@H](NC(=O)[C@@H](NC(=O)[C@@H](CC(=O)C[C@@H](Cc1ccccc1)C(=O)N[C@H](C(=O)N[C@H](C(=O)OC)C(C)C)C(C)C)Cc1ccccc1)C(C)C)C(C)C,5.0,10000.0,1,CHEMBL40710,Human immunodeficiency virus type 1 protease
COC(=O)[C@@H](NC(=O)[C@@H](NC(=O)[C@H](Cc1ccccc1)/N=C(\S)[C@H](Cc1ccccc1)NC(=O)[C@H](C)NC(=O)[C@H](C)NC(=O)OC(C)(C)C)C(C)C)C(C)C,4.7447274948966935,18000.0,1,CHEMBL348791,Human immunodeficiency virus type 1 protease
COC(=O)[C@@H](NC(=O)[C@@H](NC(=O)[C@H](Cc1ccccc1)CC(O)C[C@@H](Cc1ccccc1)C(=O)N[C@H](C(=O)N[C@H](C(=O)OC)C(C)C)C(C)C)C(C)C)C(C)C,8.301029995663981,5.0,2,CHEMBL281439,Human immunodeficiency virus type 1 protease
COC(=O)[C@@H](NC(=O)[C@@H](NC(=O)[C@H](Cc1ccccc1)NC(=O)N[C@H](Cc1ccccc1)NC(=O)[C@H](C)NC(=O)[C@H](C)N)C(C)C)C(C)C,4.489454989793388,32400.0,1,CHEMBL187239,Human immunodeficiency virus type 1 protease
COC(=O)[C@@H](NC(=O)[C@@H](NC(=O)[C@H](Cc1ccccc1)NC(=O)[C@H](Cc1ccccc1)/N=C(\S)[C@H](C)NC(=O)[C@H](C)NC(=O)OC(C)(C)C)C(C)C)C(C)C,4.292429823902063,51000.0,1,CHEMBL434478,Human immunodeficiency virus type 1 protease
COC(=O)[C@@H](NC(=O)[C@@H](NC(=O)[C@H](Cc1ccccc1)NC(=O)[C@H](Cc1ccccc1)NC(=O)[C@H](C)/N=C(\S)[C@H](C)NC(=O)OC(C)(C)C)C(C)C)C(C)C,3.795880017344075,160000.0,1,CHEMBL434668,Human immunodeficiency virus type 1 protease
COC(=O)[C@@H](NC(=O)[C@H](CC(C)C)NC(=O)[C@@H](NC(=O)CCCOc1ccc2ccc(OCCCC(=O)N[C@@H](CCC(=O)O)C(=O)N[C@@H](CC(C)C)C(N)=O)cc2c1)C(C)C)C(C)C,5.552841968657781,2800.0,1,CHEMBL376450,Human immunodeficiency virus type 1 protease
COC(=O)[C@@H](NC(=O)[C@H](CC(C)C)NC(=O)[C@@H](NC(=O)CCCOc1ccc2ccc(OCCCC(=O)N[C@@H](CCC(=O)OC(C)(C)C)C(=O)N[C@@H](CC(C)C)C(N)=O)cc2c1)C(C)C)C(C)C,5.958607314841775,1100.0,1,CHEMBL267183,Human immunodeficiency virus type 1 protease
COC(=O)[C@@H](NC(=O)[C@H](CC(C)C)NC(=O)[C@@H](NC(=O)CCCOc1ccc2ccc(OCCCC(=O)N[C@@H](CCC(=O)OC(C)(C)C)C(=O)N[C@@H](CC(C)C)C(N)=O)nc2c1)C(C)C)C(C)C,5.7447274948966935,1800.0,1,CHEMBL267184,Human immunodeficiency virus type 1 protease
COC(=O)[C@@H](NC(=O)[C@H](CC(C)C)NC(=O)[C@@H](NC(=O)CCCOc1ccc2ccc(OCCCC(=O)N[C@@H](Cc3ccc(O)cc3)C(=O)N[C@@H](CCC(=O)OC(C)(C)C)C(=O)N[C@@H](CC(C)C)C(N)=O)cc2c1)C(C)C)C(C)C,5.958607314841775,1100.0,1,CHEMBL375250,Human immunodeficiency virus type 1 protease
COC(=O)[C@@H](NC(=O)[C@H](CC(C)C)NC(=O)[C@@H](NC(=O)CCCOc1ccc2ccc(OCCCC(=O)N[C@@H](Cc3ccc(O)cc3)C(=O)N[C@@H](CCC(=O)OC(C)(C)C)C(=O)N[C@@H](CC(C)C)C(N)=O)nc2c1)C(C)C)C(C)C,6.0,1000.0,1,CHEMBL376190,Human immunodeficiency virus type 1 protease
COC(=O)[C@@H](NC(=O)[C@H](CC(C)C)NC(=O)[C@@H](NC(=O)CCCOc1ccc2ccc(OCCCC(=O)N[C@H](C(=O)N[C@@H](CC(C)C)C(=O)N[C@H](C(=O)OC)C(C)C)C(C)C)cc2c1)C(C)C)C(C)C,5.5774509799928715,2750.0,2,CHEMBL412382,Human immunodeficiency virus type 1 protease
COC(=O)[C@@H](NC(=O)[C@H](CC(C)C)NC(=O)[C@@H](NC(=O)CCCOc1ccc2ccc(OCCCC(=O)N[C@H](C(=O)N[C@@H](CC(C)C)C(=O)N[C@H](C(=O)OC)C(C)C)C(C)C)nc2c1)C(C)C)C(C)C,5.853871964321762,1400.0,1,CHEMBL375050,Human immunodeficiency virus type 1 protease
COC(=O)[C@@H](NC(=O)[C@H](CC(C)C)NC(=O)[C@@H](NC(=O)CCCOc1cccc(OCCCC(=O)N[C@H](C(=O)N[C@@H](CC(C)C)C(=O)N[C@H](C(=O)OC)C(C)C)C(C)C)n1)C(C)C)C(C)C,5.522878745280337,3000.0,1,CHEMBL369273,Human immunodeficiency virus type 1 protease
COC(=O)[C@@H](NC(=O)[C@H](CC(C)C)NC(=O)[C@@H]1CCCN1C[C@@H](O)[C@H](Cc1ccccc1)NC(=O)[C@H](CC(N)=O)NC(=O)OC(C)(C)C)C(C)C,7.795880017344075,16.0,1,CHEMBL335073,Human immunodeficiency virus type 1 protease
COC(=O)[C@@H](NC(=O)[C@H](CC(C)C)NC(=O)[C@@H]1CCCN1C[C@@H](O)[C@H](Cc1ccccc1)NC(=O)[C@H](CC(N)=O)NC(=O)[C@H](CC(C)C)NC(=O)[C@H](CO)NC(C)=O)C(C)C,8.469032318428084,3.396,1,CHEMBL3350215,Human immunodeficiency virus type 1 protease
COC(=O)[C@@H](NC(=O)[C@H](CC(C)C)NC(=O)[C@@H]1CCCN1C[C@H](O)[C@H](Cc1ccccc1)NC(=O)[C@H](CC(N)=O)NC(=O)OC(C)(C)C)C(C)C,6.071000242946834,849.18,1,CHEMBL3350214,Human immunodeficiency virus type 1 protease
COC(=O)[C@@H](NC(=O)[C@H](CC(C)C)NC(=O)[C@@H]1CCCN1C[C@H](O)[C@H](Cc1ccccc1)NC(=O)[C@H](CC(N)=O)NC(=O)[C@H](CC(C)C)NC(=O)[C@H](CO)NC(C)=O)C(C)C,7.18701983396052,65.01,1,CHEMBL3350212,Human immunodeficiency virus type 1 protease
COC(=O)[C@@H](NC(=O)[C@H](Cc1ccccc1)C[C@H](O[Si](C)(C)C(C)(C)C)[C@H](Cc1ccccc1)NC(=O)OC(C)(C)C)C(C)C,8.958607314841775,1.1,1,CHEMBL98228,Human immunodeficiency virus type 1 protease
COC(=O)[C@@H](NC(=O)[C@H](OCc1ccccc1)[C@H](O)[C@@H](O)[C@@H](OCc1ccccc1)C(=O)N[C@H](C(=O)OC)C(C)C)C(C)C,5.301029995663981,5000.0,1,CHEMBL124434,Human immunodeficiency virus type 1 protease
COC(=O)[C@@H]1Cc2ccccc2[C@@H]1NC(=O)[C@H](Cc1ccccc1)C[C@H](O)[C@H](Cc1ccccc1)NC(=O)OC(C)(C)C,7.179241082393455,66.185,2,CHEMBL107369,Human immunodeficiency virus type 1 protease
COC(=O)[C@@H]1Cc2ccccc2[C@H]1NC(=O)[C@H](Cc1ccccc1)C[C@H](O)[C@H](Cc1ccccc1)NC(=O)OC(C)(C)C,7.17901082358395,66.22,1,CHEMBL321551,Human immunodeficiency virus type 1 protease
COC(=O)[C@H](CC(C)C)NC(=O)[C@@H](NC(=O)CCCOc1ccc2ccc(OCCCC(=O)N[C@H](C(=O)N[C@@H](CC(C)C)C(=O)N[C@H](C(=O)OC)C(C)C)C(C)C)cc2c1)[C@@H](C)O,5.3979400086720375,4000.0,1,CHEMBL375606,Human immunodeficiency virus type 1 protease
COC(=O)[C@H](CC(C)C)NC(=O)[C@@H](NC(=O)CCCOc1ccc2ccc(OCCCC(=O)N[C@H](C(=O)N[C@@H](CC(C)C)C(=O)N[C@H](C(=O)OC)C(C)C)C(C)C)cc2n1)[C@@H](C)O,5.853871964321762,1400.0,1,CHEMBL375566,Human immunodeficiency virus type 1 protease
COC(=O)[C@H](CC(C)C)NC(=O)[C@H](CC(C)C)NC(=O)CNC(=O)CCCOc1cccc(OCCCC(=O)NCC(=O)N[C@@H](CC(C)C)C(=O)N[C@@H](CC(C)C)C(=O)OC)n1,4.795880017344075,16000.0,1,CHEMBL369462,Human immunodeficiency virus type 1 protease
COC(=O)[C@H](CC(N)=O)NC(=O)[C@H](CC(C)C)NC(=O)[C@@H](NC(=O)CCCOc1ccc2ccc(OCCCC(=O)N[C@H](C(=O)N[C@@H](CC(C)C)C(=O)N[C@H](C(=O)OC)C(C)C)C(C)C)cc2n1)[C@@H](C)O,5.292429823902063,5100.0,1,CHEMBL376817,Human immunodeficiency virus type 1 protease
COC(=O)[C@H](Cc1ccccc1)N=[S+](N)([O-])CCc1ccccc1,2.6505149978319906,3000000.0,2,CHEMBL1627195,Human immunodeficiency virus type 1 protease
COC(=O)[C@H](Cc1ccccc1)NC(=O)CCc1ccccc1,2.5228787452803374,3000000.0,1,CHEMBL36438,Human immunodeficiency virus type 1 protease
COC(=O)[C@H](Cc1ccccc1)NC(=O)[C@@H](NC(=O)[C@H](Cc1ccccc1)CC(O)C[C@@H](Cc1ccccc1)C(=O)N[C@H](C(=O)N[C@@H](Cc1ccccc1)C(=O)OC)C(C)C)C(C)C,8.0,10.0,1,CHEMBL290900,Human immunodeficiency virus type 1 protease
COC(=O)[C@H](Cc1ccccc1)NC(=O)[C@H](CC(C)C)NC(=O)[C@H](Cc1ccccc1)CC(O)C[C@@H](Cc1ccccc1)C(=O)N[C@@H](CC(C)C)C(=O)N[C@@H](Cc1ccccc1)C(=O)OC,7.522878745280337,30.0,1,CHEMBL290163,Human immunodeficiency virus type 1 protease
COC(=O)[C@H](Cc1ccccc1)NC(=O)[C@H](CC(N)=O)NC(=O)[C@H](CC(C)C)NC(=O)[C@@H](NC(=O)CCCOc1ccc2ccc(OCCCC(=O)N[C@H](C(=O)N[C@@H](CC(C)C)C(=O)N[C@@H](CC(N)=O)C(=O)N[C@@H](Cc3ccccc3)C(=O)OC)C(C)O)cc2c1)C(C)O,5.356547323513812,4400.0,1,CHEMBL415804,Human immunodeficiency virus type 1 protease
COC(=O)[C@H](Cc1ccccc1)NC(=O)[C@H](CC(N)=O)NC(=O)[C@H](CC(C)C)NC(=O)[C@@H](NC(=O)CCCOc1cccc(OCCCC(=O)N[C@H](C(=O)N[C@@H](CC(C)C)C(=O)N[C@@H](CC(N)=O)C(=O)N[C@@H](Cc2ccccc2)C(=O)OC)C(C)O)n1)C(C)O,5.0,10000.0,1,CHEMBL442133,Human immunodeficiency virus type 1 protease
COC(=O)[C@H](Cc1ccccc1)NC(=O)[C@H](CC(N)=O)NC(=O)[C@H](CC(C)C)NC(=O)[C@@H](NC(=O)[C@H](C)NC(=O)CCCCC(=O)OC[C@@H]1CCN2CC[C@@H](CO[Si](c3ccccc3)(c3ccccc3)C(C)(C)C)N=C2N1)[C@@H](C)O,5.721246399047171,1900.0,1,CHEMBL2068549,Human immunodeficiency virus type 1 protease
COC(=O)[C@H](NC(=O)C(F)(F)C(=O)C(Cc1ccc(OCc2ccccc2)cc1)NC(=O)[C@@H](NC(=O)OCc1ccccc1)C(C)C)C(C)C,8.0,10.0,1,CHEMBL278375,Human immunodeficiency virus type 1 protease
COC(=O)[C@H](O)[C@H](Cc1ccccc1)NC(=O)[C@@H](NC(=O)[C@H](Cc1c[nH]c2ccccc12)NC(C)=O)C(C)C,4.853871964321762,14000.0,1,CHEMBL70657,Human immunodeficiency virus type 1 protease
COC(=O)[C@H](O)[C@H](Cc1ccccc1)NC(=O)[C@@H](NC(=O)[C@H](Cc1ccc(O)cc1)NC(C)=O)C(C)C,4.1487416512809245,71000.0,1,CHEMBL419630,Human immunodeficiency virus type 1 protease
COC(=O)[C@H](O)[C@H](Cc1ccccc1)NC(=O)[C@@H](NC(=O)[C@H](Cc1ccccc1)NC(C)=O)C(C)C,3.94692155651658,113000.0,1,CHEMBL423494,Human immunodeficiency virus type 1 protease
COC(=O)[C@H]1NC(=O)[C@H](C)NC(=O)[C@H](Cc2ccccc2)N(C)C(=O)[C@H](CC(C)C)NC(=O)[C@H](CCC2CCCCC2)NC(=O)[C@H](CC(C)C)NC(=O)[C@H](C(C)C)NC(=O)[C@]2(C)CCCN2C(=O)[C@H](C(C)C)NC(=O)[C@H](Cc2ccccc2)NC(=O)CSC1(C)C,8.453457336521868,3.52,1,CHEMBL5186053,Human immunodeficiency virus type 1 protease
COC(=O)c1[nH]c2ccc(Cl)cc2c1Sc1ccccc1,6.806875401645538,156.0,1,CHEMBL24273,Human immunodeficiency virus type 1 protease
COC(=O)c1[nH]c2ccccc2c1Sc1ccccc1,5.6020599913279625,2500.0,1,CHEMBL286404,Human immunodeficiency virus type 1 protease
COC(=O)c1c(Br)c(OC)c2c(c1-c1c3c(c(OC)c(Br)c1C(=O)OC)OCO3)OCO2,5.721246399047171,1900.0,3,CHEMBL103217,Human immunodeficiency virus type 1 protease
COC(=O)c1cc(-c2cc(O)c(Sc3ccccc3C(C)C)c(=O)o2)ccc1O,7.2076083105017466,62.0,1,CHEMBL273234,Human immunodeficiency virus type 1 protease
COC(=O)c1cc(C(=CCCN=[N+]=[N-])c2cc(Cl)c(OC)c(C(=O)OC)c2)cc(Cl)c1OC,4.0,100000.0,1,CHEMBL63515,Human immunodeficiency virus type 1 protease
COC(=O)c1cc(OC)c2c(c1-c1c3c(c(OC)c(Br)c1C(=O)OC)OCO3)OCO2,5.657577319177793,2200.0,3,CHEMBL317773,Human immunodeficiency virus type 1 protease
COC(=O)c1ccc(-c2cc(O)c(SCc3ccccc3)c(=O)o2)cc1,4.0,100000.0,1,CHEMBL15037,Human immunodeficiency virus type 1 protease
COC(=O)c1ccc(CN2C(=O)N(Cc3ccc(C(=O)OC)cc3)[C@H](COc3ccccc3)[C@H](O)[C@@H](O)[C@H]2COc2ccccc2)cc1,5.096910013008056,8000.0,1,CHEMBL171235,Human immunodeficiency virus type 1 protease
COC(=O)c1ccc(COC(COCc2ccccc2)C(O)C(O)C(COCc2ccccc2)OCc2ccc(C(=O)OC)cc2)cc1,5.075720713938118,8400.0,1,CHEMBL120747,Human immunodeficiency virus type 1 protease
COC(=O)c1ccc(COCC(OCc2ccccc2)C(O)C(O)C(COCc2ccc(C(=O)OC)cc2)OCc2ccccc2)cc1,5.698970004336019,2000.0,1,CHEMBL331919,Human immunodeficiency virus type 1 protease
COC(=O)c1ccc(CSc2c(O)cc(-c3ccccc3)oc2=O)cc1,5.0,10000.0,1,CHEMBL14482,Human immunodeficiency virus type 1 protease
COC(=O)c1cccc(-c2cc(O)c(Sc3ccccc3C(C)C)c(=O)o2)c1,7.096910013008056,80.0,1,CHEMBL13067,Human immunodeficiency virus type 1 protease
COC(=O)c1cccc(CSc2c(O)cc(-c3ccccc3)oc2=O)c1,4.713768145971447,19330.0,1,CHEMBL14373,Human immunodeficiency virus type 1 protease
COC(=O)c1ccccc1CSc1c(O)cc(-c2ccccc2)oc1=O,6.0,1000.0,1,CHEMBL14934,Human immunodeficiency virus type 1 protease
COC(=O)c1nc(Cl)c(N[C@H](C(=O)N[C@@H](Cc2ccccc2)[C@H](O)CN2C[C@H]3CCCC[C@H]3C[C@H]2C(=O)NC(C)(C)C)[C@H]2CCOC2)nc1N,9.795880017344075,0.16,1,CHEMBL306974,Human immunodeficiency virus type 1 protease
COC(CCc1ccc(C[C@H](C[C@H](O)[C@H](Cc2ccccc2)NC(=O)OC(C)(C)C)C(=O)N[C@H]2c3ccccc3C[C@H]2O)cc1)OC,10.096910013008056,0.08,1,CHEMBL297294,Human immunodeficiency virus type 1 protease
COCC(C)(C)OC(=O)N[C@@H](Cc1ccccc1)[C@H](O)CNC[C@@H](O)[C@H](Cc1ccccc1)NC(=O)OC(C)(C)C,6.376750709602099,420.0,1,CHEMBL344953,Human immunodeficiency virus type 1 protease
COCCCCOc1ccc(C[C@H](NC(=O)OC(C)(C)C)[C@H](O)CNC[C@@H](O)[C@H](Cc2ccccc2)NC(=O)OC(C)(C)C)cc1,7.301029995663981,50.0,1,CHEMBL59667,Human immunodeficiency virus type 1 protease
COCCN(CCCc1ccc(C[C@H](C[C@H](O)[C@H](Cc2ccccc2)NC(=O)OC(C)(C)C)C(=O)N[C@H]2c3ccccc3C[C@H]2O)cc1)CCOC,9.229147988357855,0.59,1,CHEMBL299821,Human immunodeficiency virus type 1 protease
COCCN(CCOC)CCOc1ccc(C[C@H](C[C@H](O)[C@H](Cc2ccccc2)NC(=O)OC(C)(C)C)C(=O)NC2c3ccccc3C[C@H]2O)cc1,9.045757490560675,0.9,1,CHEMBL295482,Human immunodeficiency virus type 1 protease
COCCNC(=O)C1(C)OC(O)=C(C(C)c2ccccc2)C1=O,3.6497519816658373,224000.0,1,CHEMBL321695,Human immunodeficiency virus type 1 protease
COCCOC(=O)NC(C(=O)NC(Cc1ccccc1)C(O)CN(CC1CCCCC1)NC(=O)C(NC(=O)OC)C(C)C)C(C)C,7.2076083105017466,62.0,1,CHEMBL327087,Human immunodeficiency virus type 1 protease
COCCOC(=O)NC(C(=O)NN(CC1CCCCC1)C[C@@H](O)[C@H](Cc1ccccc1)NC(=O)C(NC(=O)OC)C(C)C)C(C)C,7.173925197299173,67.0,1,CHEMBL326025,Human immunodeficiency virus type 1 protease
COCCOC(=O)NC(C(=O)N[C@@H](Cc1ccccc1)[C@H](O)CN(CC1CCCCC1)NC(=O)C(NC(=O)OCCOC)C(C)C)C(C)C,6.785156151952302,164.0,1,CHEMBL108429,Human immunodeficiency virus type 1 protease
COCCOCCC(CCOCCOC)c1cc(O)c(C(c2cccc(NS(=O)(=O)c3cn(C)cn3)c2)C2CC2)c(=O)o1,5.522878745280337,3000.0,1,CHEMBL105320,Human immunodeficiency virus type 1 protease
COCCOCCCc1cc(O)c(C(c2cccc(NS(=O)(=O)c3cn(C)cn3)c2)C2CC2)c(=O)o1,5.522878745280337,3000.0,1,CHEMBL432552,Human immunodeficiency virus type 1 protease
COCCOCCOC(=O)NC(C(=O)N[C@@H](Cc1ccccc1)[C@H](O)CN(CC1CCCCC1)NC(=O)C(NC(=O)OCCOCCOC)C(C)C)C(C)C,7.173925197299173,67.0,1,CHEMBL320343,Human immunodeficiency virus type 1 protease
COCCOCCO[C@H](NC(=O)C(F)(F)C(=O)C(Cc1ccc(OCc2ccccc2)cc1)NC(=O)[C@@H](NC(=O)OCc1ccccc1)C(C)C)C(C)C,7.823908740944319,15.0,1,CHEMBL269569,Human immunodeficiency virus type 1 protease
COCCOCOCCCc1ccc(C[C@H](C[C@H](O)[C@H](Cc2ccccc2)NC(=O)OC(C)(C)C)C(=O)N[C@H]2c3ccccc3C[C@H]2O)cc1,10.154901959985743,0.07,1,CHEMBL49768,Human immunodeficiency virus type 1 protease
COCCOCOCCc1ccc(C[C@H](C[C@H](O)[C@H](Cc2ccccc2)NC(=O)OC(C)(C)C)C(=O)N[C@H]2c3ccccc3C[C@H]2O)cc1,9.886056647693163,0.13,1,CHEMBL297066,Human immunodeficiency virus type 1 protease
COCCOCO[C@H](NC(=O)C(F)(F)C(=O)C(Cc1ccc(OCc2ccccc2)cc1)NC(=O)[C@@H](NC(=O)OCc1ccccc1)C(C)C)C(C)C,8.0,10.0,1,CHEMBL19886,Human immunodeficiency virus type 1 protease
COCCOc1ccc(C[C@H](NC(=O)OC(C)(C)C)[C@H](O)CNC[C@@H](O)[C@H](Cc2ccccc2)NC(=O)OC(C)(C)C)cc1,7.142667503568732,72.0,1,CHEMBL292276,Human immunodeficiency virus type 1 protease
COCOc1ccccc1C[C@@H](O)C[C@@H](Cc1ccccc1)C(=O)N[C@H]1c2ccccc2C[C@H]1O,6.559090917934782,276.0,1,CHEMBL292691,Human immunodeficiency virus type 1 protease
COCc1cc(C(C)(C)C)c(SC2=C(O)OC(CCc3ccccc3)(c3ccc(OCCO)cc3)CC2=O)cc1C,8.346787486224656,4.5,1,CHEMBL122802,Human immunodeficiency virus type 1 protease
CONC(=O)[C@H](NC(=O)C[C@@H]1O[C@@H]1[C@H](Cc1ccccc1)NC(=O)[C@H](CC(N)=O)NC(=O)c1ccc2ccccc2n1)C(C)C,8.0,10.0,1,CHEMBL78312,Human immunodeficiency virus type 1 protease
COP(=O)(C(Cc1ccccc1)NC(=O)C(F)(F)F)N1CCC[C@H]1C(N)=O,3.9884295564027217,102700.0,1,CHEMBL158393,Human immunodeficiency virus type 1 protease
COP(=O)(CNC(=O)[C@@H](NC(=O)[C@H](Cc1cccc2ccccc12)CS(=O)(=O)C(C)(C)C)C(C)C)CNC(=O)[C@@H](NC(=O)[C@H](Cc1cccc2ccccc12)CS(=O)(=O)C(C)(C)C)C(C)C,6.022276394711152,950.0,1,CHEMBL275161,Human immunodeficiency virus type 1 protease
COP(=O)(N[C@@H](Cc1ccccc1)C(N)=O)C(Cc1ccccc1)NC(=O)C(F)(F)F,3.7351821769904636,184000.0,1,CHEMBL160889,Human immunodeficiency virus type 1 protease
CO[C@@H]1OC(CNC(=O)OCc2ccccc2)[C@@H](O)C(OCc2ccccc2)[C@H]1O,5.33161408331,4660.0,1,CHEMBL50563,Human immunodeficiency virus type 1 protease
CO[C@@H]1OC2COC(c3ccccc3)O[C@H]2C(OCc2ccccc2)[C@H]1O,5.314258261397736,4850.0,1,CHEMBL50700,Human immunodeficiency virus type 1 protease
CO[C@H](CNC[C@@H](O)[C@H](Cc1ccccc1)NC(=O)OC(C)(C)C)[C@H](Cc1ccccc1)NC(=O)OC(C)(C)C,5.0,10000.0,1,CHEMBL290992,Human immunodeficiency virus type 1 protease
CO[C@H](NC(=O)C(F)(F)C(=O)C(Cc1ccc(OCc2ccccc2)cc1)NC(=O)[C@@H](NC(=O)OCc1ccccc1)C(C)C)C(C)C,8.0,10.0,1,CHEMBL283726,Human immunodeficiency virus type 1 protease
COc1cc(/C=C/C(=O)N[C@@H](Cc2ccccc2)[C@H](O)CN(CC(C)C)S(=O)(=O)c2ccc(N)cc2)cc(OC)c1O,6.84043280676638,144.4,1,CHEMBL4872125,Human immunodeficiency virus type 1 protease
COc1cc(/C=C/C(=O)N[C@@H](Cc2ccccc2)[C@H](O)CN(CC(C)C)S(=O)(=O)c2ccc(N)cc2)ccc1O,8.510041520575164,3.09,1,CHEMBL4853765,Human immunodeficiency virus type 1 protease
COc1cc(/C=C/C(=O)N[C@@H](Cc2ccccc2)[C@H](O)CN(CC(C)C)S(=O)(=O)c2ccc(SC)cc2)cc(OC)c1O,7.186752699102395,65.05,1,CHEMBL4864706,Human immunodeficiency virus type 1 protease
COc1cc(/C=C/C(=O)N[C@@H](Cc2ccccc2)[C@H](O)CN(CC(C)C)S(=O)(=O)c2ccc(SC)cc2)ccc1O,7.800519085137644,15.83,1,CHEMBL4851883,Human immunodeficiency virus type 1 protease
COc1cc(Br)c(C(=O)N[C@@H](Cc2cccc(Br)c2)[C@H](O)C[C@H](CCc2ccc(Cl)cc2Cl)S(=O)(=O)c2ccc(F)cc2)cc1OC,5.346787486224656,4500.0,1,CHEMBL382513,Human immunodeficiency virus type 1 protease
COc1cc(C(=O)N[C@@H](C(=O)NCCCC[C@@H](CO)N(CC(C)C)S(=O)(=O)c2ccc(N)cc2)C(c2ccccc2)c2ccccc2)ccc1O,9.301029995663981,0.5,1,CHEMBL209452,Human immunodeficiency virus type 1 protease
COc1cc(C(=O)N[C@@H](Cc2ccccc2)C[C@H](O)[C@H](Cc2ccccc2)NC(=O)OCc2ccccc2)ccc1N,7.978810700930062,10.5,1,CHEMBL191849,Human immunodeficiency virus type 1 protease
COc1cc(C(=O)N[C@@H](Cc2ccccc2)[C@@H](O)C[C@H](Cc2ccccc2)NC(=O)OC(C)(C)C)ccc1N,8.1249387366083,7.5,1,CHEMBL441065,Human immunodeficiency virus type 1 protease
COc1cc(C(=O)N[C@@H](Cc2ccccc2)[C@@H](O)C[C@H](Cc2ccccc2)NC(=O)OC(C)(C)C)ccc1O,8.481486060122112,3.3,1,CHEMBL327611,Human immunodeficiency virus type 1 protease
COc1cc(C(=O)N[C@@H](Cc2ccccc2)[C@H](O)CN(CC(C)C)S(=O)(=O)c2ccc(C(F)(F)F)cc2)cc(OC)c1O,8.082494490447454,8.27,1,CHEMBL5201751,Human immunodeficiency virus type 1 protease
COc1cc(C(=O)N[C@@H](Cc2ccccc2)[C@H](O)CN(CC(C)C)S(=O)(=O)c2ccc(F)cc2)cc(OC)c1O,9.494850021680094,0.32,1,CHEMBL5182015,Human immunodeficiency virus type 1 protease
COc1cc(C(=O)N[C@@H](Cc2ccccc2)[C@H](O)CN(CC(C)C)S(=O)(=O)c2ccc([N+](=O)[O-])cc2)cc(OC)c1O,9.102372908709558,0.79,1,CHEMBL5180804,Human immunodeficiency virus type 1 protease
COc1cc(C(=O)N[C@@H](Cc2ccccc2)[C@H](O)CN(C[C@@H](C)O)S(=O)(=O)c2ccc(C(F)(F)F)cc2)cc(OC)c1O,7.928854709548917,11.78,1,CHEMBL4634293,Human immunodeficiency virus type 1 protease
COc1cc(C(=O)N[C@@H](Cc2ccccc2)[C@H](O)CN(C[C@@H](C)O)S(=O)(=O)c2ccc([N+](=O)[O-])cc2)cc(OC)c1O,7.8823973083099155,13.11,1,CHEMBL4639161,Human immunodeficiency virus type 1 protease
COc1cc(C(=O)N[C@@H](Cc2ccccc2)[C@H](O)CN(C[C@H](C)O)S(=O)(=O)c2ccc(C(F)(F)F)cc2)cc(OC)c1O,7.855425792390384,13.95,1,CHEMBL4634468,Human immunodeficiency virus type 1 protease
COc1cc(C(=O)N[C@@H](Cc2ccccc2)[C@H](O)CN(C[C@H](C)O)S(=O)(=O)c2ccc([N+](=O)[O-])cc2)cc(OC)c1O,7.120158944013437,75.83,1,CHEMBL4646189,Human immunodeficiency virus type 1 protease
COc1cc(C(C)(C)C)c(SC2=C(O)OC(CCc3ccccc3)(c3ccccc3)CC2=O)cc1C,7.823908740944319,15.0,1,CHEMBL331458,Human immunodeficiency virus type 1 protease
COc1cc(CC(=O)N[C@@H](Cc2ccccc2)[C@H](O)CN(CC(C)C)S(=O)(=O)c2ccc(N)cc2)ccc1O,6.420902673447356,379.4,1,CHEMBL5436871,Human immunodeficiency virus type 1 protease
COc1cc(CC(=O)N[C@@H](Cc2ccccc2)[C@H](O)CN(CC(C)C)S(=O)(=O)c2ccc(SC)cc2)ccc1O,6.935167780261426,116.1,1,CHEMBL5439119,Human immunodeficiency virus type 1 protease
COc1cc(CC(=O)N[C@H](C(=O)N[C@@H](Cc2ccccc2)C[C@H](O)[C@H](Cc2ccccc2)NC(=O)[C@@H](NC(=O)Cc2cc(OC)c(OC)c(OC)c2)C(C)C)C(C)C)cc(OC)c1OC,9.0,1.0,1,CHEMBL101111,Human immunodeficiency virus type 1 protease
COc1cc(CC(=O)N[C@H](C(=O)N[C@@H](Cc2ccccc2)[C@@H](O)[C@H](O)[C@H](Cc2ccccc2)NC(=O)[C@@H](NC(=O)Cc2cc(OC)c(OC)c(OC)c2)C(C)C)C(C)C)cc(OC)c1OC,8.468521082957745,3.4,1,CHEMBL101962,Human immunodeficiency virus type 1 protease
COc1cc(CC2=C(O)C(C)(C(=O)NC(C)(C)C)OC2=O)cc(OC)c1OC,3.0,1000000.0,1,CHEMBL108054,Human immunodeficiency virus type 1 protease
COc1cc(CC2=C(O)C(C)(C(=O)NC3CC3)OC2=O)cc(OC)c1OC,3.0,1000000.0,1,CHEMBL323770,Human immunodeficiency virus type 1 protease
COc1cc(CC2=C(O)C(CCc3ccccc3)(C(=O)NCC(C)(C)C)OC2=O)cc(OC)c1OC,3.0,1000000.0,1,CHEMBL444591,Human immunodeficiency virus type 1 protease
COc1cc(CCC(=O)N[C@@H](Cc2ccccc2)[C@H](O)CN(CC(C)C)S(=O)(=O)c2ccc(N)cc2)c(OC)cc1O,7.1617177500853115,68.91,1,CHEMBL4848294,Human immunodeficiency virus type 1 protease
COc1cc(CCC(=O)N[C@@H](Cc2ccccc2)[C@H](O)CN(CC(C)C)S(=O)(=O)c2ccc(N)cc2)ccc1O,9.236572006437063,0.58,1,CHEMBL4847152,Human immunodeficiency virus type 1 protease
COc1cc(CCC(=O)N[C@@H](Cc2ccccc2)[C@H](O)CN(CC(C)C)S(=O)(=O)c2ccc(SC)cc2)c(OC)cc1O,7.046675303610814,89.81,1,CHEMBL4862102,Human immunodeficiency virus type 1 protease
COc1cc(CCC(=O)N[C@@H](Cc2ccccc2)[C@H](O)CN(CC(C)C)S(=O)(=O)c2ccc(SC)cc2)ccc1O,8.111820506081676,7.73,1,CHEMBL4863665,Human immunodeficiency virus type 1 protease
COc1cc(CN2C(=O)N(Cc3ccc(O)c(OC)c3)N(C(=O)CCCCN3CCOCC3)C[C@@H](O)[C@H]2Cc2ccccc2)ccc1O,8.67778070526608,2.1,1,CHEMBL200296,Human immunodeficiency virus type 1 protease
COc1cc(CN2C(=O)N(Cc3ccc(O)c(OC)c3)N(C(=O)CCCN3CCOCC3)C[C@@H](O)[C@H]2Cc2ccccc2)ccc1O,8.42021640338319,3.8,1,CHEMBL198734,Human immunodeficiency virus type 1 protease
COc1cc(CN2C(=O)N(Cc3ccc(O)c(OC)c3)N(C(=O)CCc3ccncc3)C[C@@H](O)[C@H]2Cc2ccccc2)ccc1O,8.920818753952375,1.2,1,CHEMBL371085,Human immunodeficiency virus type 1 protease
COc1cc(CN2C(=O)N(Cc3ccc(O)c(OC)c3)N(C(=O)CN3CCCC3)C[C@@H](O)[C@H]2Cc2ccccc2)ccc1O,8.102372908709558,7.9,1,CHEMBL370853,Human immunodeficiency virus type 1 protease
COc1cc(CN2C(=O)N(Cc3ccc(O)c(OC)c3)N(C(=O)CN3CCNCC3)C[C@@H](O)[C@H]2Cc2ccccc2)ccc1O,8.214670164989233,6.1,1,CHEMBL434190,Human immunodeficiency virus type 1 protease
COc1cc(O)c(C(=O)N[C@@H](Cc2ccccc2)[C@H](O)CN(CC(C)C)S(=O)(=O)c2ccc(C(F)(F)F)cc2)cc1OC,7.942333896090171,11.42,1,CHEMBL5196711,Human immunodeficiency virus type 1 protease
COc1cc(O)c(C(=O)N[C@@H](Cc2ccccc2)[C@H](O)CN(CC(C)C)S(=O)(=O)c2ccc(F)cc2)cc1OC,7.9396799713117145,11.49,1,CHEMBL5197889,Human immunodeficiency virus type 1 protease
COc1cc(O)c(C(=O)N[C@@H](Cc2ccccc2)[C@H](O)CN(CC(C)C)S(=O)(=O)c2ccc([N+](=O)[O-])cc2)cc1OC,7.864231485432177,13.67,1,CHEMBL5208050,Human immunodeficiency virus type 1 protease
COc1cc(O)c(C(=O)N[C@@H](Cc2ccccc2)[C@H](O)CN(C[C@@H](C)O)S(=O)(=O)c2ccc(C(F)(F)F)cc2)cc1OC,7.2115487929765445,61.44,1,CHEMBL4640732,Human immunodeficiency virus type 1 protease
COc1cc(O)c(C(=O)N[C@@H](Cc2ccccc2)[C@H](O)CN(C[C@@H](C)O)S(=O)(=O)c2ccc([N+](=O)[O-])cc2)cc1OC,6.99097425791309,102.1,1,CHEMBL4639505,Human immunodeficiency virus type 1 protease
COc1cc(O)c(C(=O)N[C@@H](Cc2ccccc2)[C@H](O)CN(C[C@H](C)O)S(=O)(=O)c2ccc(C(F)(F)F)cc2)cc1OC,6.546987608878545,283.8,1,CHEMBL4640149,Human immunodeficiency virus type 1 protease
COc1cc(O)c(C(=O)N[C@@H](Cc2ccccc2)[C@H](O)CN(C[C@H](C)O)S(=O)(=O)c2ccc([N+](=O)[O-])cc2)cc1OC,5.883724412419456,1307.0,1,CHEMBL4635268,Human immunodeficiency virus type 1 protease
COc1cc(Oc2ccccc2)ccc1C[C@@H](O)C[C@@H](Cc1ccccc1)C(=O)N[C@H]1c2ccccc2C[C@H]1O,7.346787486224656,45.0,1,CHEMBL292161,Human immunodeficiency virus type 1 protease
COc1ccc(-c2cc(O)c(SCc3ccccc3)c(=O)o2)cc1,5.787812395596042,1630.0,1,CHEMBL274011,Human immunodeficiency virus type 1 protease
COc1ccc(-c2cc(O)c(SCc3ccccc3)c(=O)o2)cc1C,6.130768280269024,740.0,1,CHEMBL14298,Human immunodeficiency virus type 1 protease
COc1ccc(-c2cc(O)c(Sc3ccccc3C(C)C)c(=O)o2)cc1,7.080921907623926,83.0,1,CHEMBL440834,Human immunodeficiency virus type 1 protease
COc1ccc(C(=O)N[C@@H](Cc2ccccc2)[C@H](O)CN(CC(C)C)S(=O)(=O)c2ccc(C(F)(F)F)cc2)c(O)c1,7.791289980093599,16.17,1,CHEMBL5178550,Human immunodeficiency virus type 1 protease
COc1ccc(C(=O)N[C@@H](Cc2ccccc2)[C@H](O)CN(CC(C)C)S(=O)(=O)c2ccc(F)cc2)c(O)c1,8.078833949362261,8.34,1,CHEMBL5192084,Human immunodeficiency virus type 1 protease
COc1ccc(C(=O)N[C@@H](Cc2ccccc2)[C@H](O)CN(CC(C)C)S(=O)(=O)c2ccc([N+](=O)[O-])cc2)c(O)c1,7.896196279044043,12.7,1,CHEMBL5173491,Human immunodeficiency virus type 1 protease
COc1ccc(C(=O)N[C@@H](Cc2ccccc2)[C@H](O)CN(C[C@@H](C)O)S(=O)(=O)c2ccc(C(F)(F)F)cc2)c(O)c1,6.3698773571406875,426.7,1,CHEMBL4638002,Human immunodeficiency virus type 1 protease
COc1ccc(C(=O)N[C@@H](Cc2ccccc2)[C@H](O)CN(C[C@@H](C)O)S(=O)(=O)c2ccc([N+](=O)[O-])cc2)c(O)c1,6.2043284940539785,624.7,1,CHEMBL4635224,Human immunodeficiency virus type 1 protease
COc1ccc(C(=O)N[C@@H](Cc2ccccc2)[C@H](O)CN(C[C@H](C)O)S(=O)(=O)c2ccc(C(F)(F)F)cc2)c(O)c1,6.728855682050922,186.7,1,CHEMBL4642129,Human immunodeficiency virus type 1 protease
COc1ccc(C(=O)N[C@@H](Cc2ccccc2)[C@H](O)CN(C[C@H](C)O)S(=O)(=O)c2ccc([N+](=O)[O-])cc2)c(O)c1,6.296794629304514,504.9,1,CHEMBL4646050,Human immunodeficiency virus type 1 protease
COc1ccc(CC(=O)N[C@@H](Cc2ccccc2)[C@H](O)CN(CC(C)C)S(=O)(=O)c2ccc(N)cc2)cc1,6.423773862550395,376.9,1,CHEMBL5397108,Human immunodeficiency virus type 1 protease
COc1ccc(CC(=O)N[C@@H](Cc2ccccc2)[C@H](O)CN(CC(C)C)S(=O)(=O)c2ccc(N)cc2)cc1O,7.560036064079095,27.54,1,CHEMBL5430370,Human immunodeficiency virus type 1 protease
COc1ccc(CC(=O)N[C@@H](Cc2ccccc2)[C@H](O)CN(CC(C)C)S(=O)(=O)c2ccc(N)cc2)cc1OC,5.991399828238082,1020.0,1,CHEMBL5426331,Human immunodeficiency virus type 1 protease
COc1ccc(CC(=O)N[C@@H](Cc2ccccc2)[C@H](O)CN(CC(C)C)S(=O)(=O)c2ccc(OC)cc2)cc1,7.678194516142461,20.98,1,CHEMBL5412527,Human immunodeficiency virus type 1 protease
COc1ccc(CC(=O)N[C@@H](Cc2ccccc2)[C@H](O)CN(CC(C)C)S(=O)(=O)c2ccc(OC)nc2)cc1,7.285335007137463,51.84,1,CHEMBL5438735,Human immunodeficiency virus type 1 protease
COc1ccc(CC(=O)N[C@@H](Cc2ccccc2)[C@H](O)CN(CC(C)C)S(=O)(=O)c2ccc(SC)cc2)cc1,7.066613958096945,85.78,1,CHEMBL5440212,Human immunodeficiency virus type 1 protease
COc1ccc(CC(=O)N[C@@H](Cc2ccccc2)[C@H](O)CN(CC(C)C)S(=O)(=O)c2ccc(SC)cc2)cc1O,8.032452023781138,9.28,1,CHEMBL5414725,Human immunodeficiency virus type 1 protease
COc1ccc(CC(=O)N[C@@H](Cc2ccccc2)[C@H](O)CN(CC(C)C)S(=O)(=O)c2ccc(SC)cc2)cc1OC,6.767003889607846,171.0,1,CHEMBL5401508,Human immunodeficiency virus type 1 protease
COc1ccc(CCCCc2c(O)oc3ccccc3c2=O)cc1,4.0,100000.0,1,CHEMBL412672,Human immunodeficiency virus type 1 protease
COc1ccc(CN(C[C@H](O)[C@H](Cc2ccccc2)NC(=O)[C@H](CC(N)=O)NC(=O)c2ccc3ccccc3n2)NC(=O)C(NC(=O)OCc2ccccc2)C(C)C)cc1,7.309803919971486,49.0,1,CHEMBL325815,Human immunodeficiency virus type 1 protease
COc1ccc(CN2C[C@@H](O)[C@@](Cc3ccc(F)cc3)(c3ccc(S(C)(=O)=O)cc3)C2=O)cc1,4.113509274827518,77000.0,1,CHEMBL5177981,Human immunodeficiency virus type 1 protease
COc1ccc(CN2C[C@H](O)[C@@](CC(C)C)(c3ccc(S(C)(=O)=O)cc3)C2=O)cc1,4.468521082957745,34000.0,1,CHEMBL5203598,Human immunodeficiency virus type 1 protease
COc1ccc(CN2C[C@H](O)[C@@](CCC(C)C)(c3ccc(S(C)(=O)=O)cc3)C2=O)cc1,5.698970004336019,2000.0,1,CHEMBL5198345,Human immunodeficiency virus type 1 protease
COc1ccc(CN2C[C@H](O)[C@@](CCC(C)C)(c3ccc(S(C)(=O)=O)cc3OC(C)C)C2=O)cc1,7.086186147616283,82.0,1,CHEMBL5203913,Human immunodeficiency virus type 1 protease
COc1ccc(CN2C[C@H](O)[C@@](CCC(C)C)(c3ccc(S(C)(=O)=O)cc3O[C@@H](C)CO)C2=O)cc1,8.148741651280925,7.1,1,CHEMBL5208218,Human immunodeficiency virus type 1 protease
COc1ccc(CN2C[C@H](O)[C@@](Cc3ccc(F)cc3)(c3ccc(S(C)(=O)=O)cc3)C2=O)cc1,4.267606240177032,54000.0,1,CHEMBL5202105,Human immunodeficiency virus type 1 protease
COc1ccc(C[C@@H](O)C[C@@H](Cc2ccccc2)C(=O)N[C@H]2c3ccccc3C[C@H]2O)c(OC)c1,6.978810700930062,105.0,1,CHEMBL58606,Human immunodeficiency virus type 1 protease
COc1ccc(C[C@H](NC(=O)OC(C)(C)C)C(=O)N2CCC(=O)[C@@H]2Sc2ccccc2)cc1,5.0,10000.0,1,CHEMBL62621,Human immunodeficiency virus type 1 protease
COc1ccc(C[C@H](NC(=O)OC(C)(C)C)C(=O)N2CCC(=O)[C@H]2Sc2ccccc2)cc1,5.0,10000.0,1,CHEMBL291441,Human immunodeficiency virus type 1 protease
COc1ccc(NC(=O)C(=O)O)cc1C(=O)NNC(=O)OCC1c2ccccc2-c2ccccc21,4.522878745280337,30000.0,1,CHEMBL81802,Human immunodeficiency virus type 1 protease
COc1ccc(O[C@@H]2C(CNC(=O)OCc3ccccc3)O[C@@H](OC)[C@H](O)C2OCc2ccccc2)cc1,5.3487219860018556,4480.0,1,CHEMBL294938,Human immunodeficiency virus type 1 protease
COc1ccc(O[C@@H]2C(CNC(C)=O)O[C@@H](OC)[C@H](O)C2OCc2ccccc2)cc1,5.111259039317107,7740.0,1,CHEMBL51564,Human immunodeficiency virus type 1 protease
COc1ccc(S(=O)(=O)C[C@H](NS(C)(=O)=O)C(=O)N[C@@H](Cc2ccccc2)[C@H](O)Cc2ccccc2C(=O)NC(C)(C)C)cc1,8.619788758288394,2.4,1,CHEMBL266398,Human immunodeficiency virus type 1 protease
COc1ccc(S(=O)(=O)N(CC(C)C)C[C@@H](O)[C@H](Cc2ccccc2)NC(=O)/C=C/c2cc(OC)c(O)c(OC)c2)cc1,7.882728704344236,13.1,1,CHEMBL4867018,Human immunodeficiency virus type 1 protease
COc1ccc(S(=O)(=O)N(CC(C)C)C[C@@H](O)[C@H](Cc2ccccc2)NC(=O)/C=C/c2cc(OC)c(O)c(OC)c2)cn1,7.157952711490362,69.51,1,CHEMBL4855424,Human immunodeficiency virus type 1 protease
COc1ccc(S(=O)(=O)N(CC(C)C)C[C@@H](O)[C@H](Cc2ccccc2)NC(=O)/C=C/c2ccc(O)c(O)c2)cc1,9.795880017344075,0.16,1,CHEMBL4867393,Human immunodeficiency virus type 1 protease
COc1ccc(S(=O)(=O)N(CC(C)C)C[C@@H](O)[C@H](Cc2ccccc2)NC(=O)/C=C/c2ccc(O)c(O)c2)cn1,8.543633966870956,2.86,1,CHEMBL4852771,Human immunodeficiency virus type 1 protease
COc1ccc(S(=O)(=O)N(CC(C)C)C[C@@H](O)[C@H](Cc2ccccc2)NC(=O)/C=C/c2ccc(O)c(OC)c2)cc1,8.53313237964589,2.93,1,CHEMBL4845710,Human immunodeficiency virus type 1 protease
COc1ccc(S(=O)(=O)N(CC(C)C)C[C@@H](O)[C@H](Cc2ccccc2)NC(=O)/C=C/c2ccc(O)c(OC)c2)cn1,8.616184634019568,2.42,1,CHEMBL4869642,Human immunodeficiency virus type 1 protease
COc1ccc(S(=O)(=O)N(CC(C)C)C[C@@H](O)[C@H](Cc2ccccc2)NC(=O)CCC(=O)O)cc1,7.928117992693875,11.8,1,CHEMBL5268749,Human immunodeficiency virus type 1 protease
COc1ccc(S(=O)(=O)N(CC(C)C)C[C@@H](O)[C@H](Cc2ccccc2)NC(=O)CCc2cc(OC)c(O)cc2OC)cc1,6.982549270489464,104.1,1,CHEMBL4862926,Human immunodeficiency virus type 1 protease
COc1ccc(S(=O)(=O)N(CC(C)C)C[C@@H](O)[C@H](Cc2ccccc2)NC(=O)CCc2cc(OC)c(O)cc2OC)cn1,7.374687549038326,42.2,1,CHEMBL4868890,Human immunodeficiency virus type 1 protease
COc1ccc(S(=O)(=O)N(CC(C)C)C[C@@H](O)[C@H](Cc2ccccc2)NC(=O)CCc2ccc(O)c(O)c2)cc1,9.4089353929735,0.39,1,CHEMBL4878124,Human immunodeficiency virus type 1 protease
COc1ccc(S(=O)(=O)N(CC(C)C)C[C@@H](O)[C@H](Cc2ccccc2)NC(=O)CCc2ccc(O)c(O)c2)cn1,10.09151498112135,0.081,1,CHEMBL4865743,Human immunodeficiency virus type 1 protease
COc1ccc(S(=O)(=O)N(CC(C)C)C[C@@H](O)[C@H](Cc2ccccc2)NC(=O)CCc2ccc(O)c(OC)c2)cc1,8.958607314841775,1.1,1,CHEMBL4874177,Human immunodeficiency virus type 1 protease
COc1ccc(S(=O)(=O)N(CC(C)C)C[C@@H](O)[C@H](Cc2ccccc2)NC(=O)CCc2ccc(O)c(OC)c2)cn1,9.795880017344075,0.16,1,CHEMBL4855469,Human immunodeficiency virus type 1 protease
COc1ccc(S(=O)(=O)N(CC(C)C)C[C@@H](O)[C@H](Cc2ccccc2)NC(=O)CN2CCS(=O)(=O)CC2)cc1,7.614393726401688,24.3,1,CHEMBL5192640,Human immunodeficiency virus type 1 protease
COc1ccc(S(=O)(=O)N(CC(C)C)C[C@@H](O)[C@H](Cc2ccccc2)NC(=O)C[C@@H]2CCNC2)cc1,4.688670047696207,20480.0,1,CHEMBL5418438,Human immunodeficiency virus type 1 protease
COc1ccc(S(=O)(=O)N(CC(C)C)C[C@@H](O)[C@H](Cc2ccccc2)NC(=O)C[C@H]2CCNC2)cc1,5.557520230935552,2770.0,1,CHEMBL5408719,Human immunodeficiency virus type 1 protease
COc1ccc(S(=O)(=O)N(CC(C)C)C[C@@H](O)[C@H](Cc2ccccc2)NC(=O)Cc2cc(=O)oc3cc(N(C)C)ccc23)cc1,6.675100502947687,211.3,1,CHEMBL4792023,Human immunodeficiency virus type 1 protease
COc1ccc(S(=O)(=O)N(CC(C)C)C[C@@H](O)[C@H](Cc2ccccc2)NC(=O)Cc2cc(=O)oc3cc(O)ccc23)cc1,8.790484985457368,1.62,1,CHEMBL4754375,Human immunodeficiency virus type 1 protease
COc1ccc(S(=O)(=O)N(CC(C)C)C[C@@H](O)[C@H](Cc2ccccc2)NC(=O)Cc2cc(=O)oc3cc(OC)ccc23)cc1,7.809668301829708,15.5,1,CHEMBL4796869,Human immunodeficiency virus type 1 protease
COc1ccc(S(=O)(=O)N(CC(C)C)C[C@@H](O)[C@H](Cc2ccccc2)NC(=O)Cc2cc3ccc(N)cc3oc2=O)cc1,6.653060537301009,222.3,1,CHEMBL4780130,Human immunodeficiency virus type 1 protease
COc1ccc(S(=O)(=O)N(CC(C)C)C[C@@H](O)[C@H](Cc2ccccc2)NC(=O)Cc2cc3ccc(O)cc3oc2=O)cc1,6.961777361631282,109.2,1,CHEMBL4778183,Human immunodeficiency virus type 1 protease
COc1ccc(S(=O)(=O)N(CC(C)C)C[C@@H](O)[C@H](Cc2ccccc2)NC(=O)Cc2ccc(O)c(O)c2)cc1,9.267606240177031,0.54,1,CHEMBL5401237,Human immunodeficiency virus type 1 protease
COc1ccc(S(=O)(=O)N(CC(C)C)C[C@@H](O)[C@H](Cc2ccccc2)NC(=O)Cc2ccc(O)c(O)c2)cn1,8.542118103266008,2.87,1,CHEMBL5414701,Human immunodeficiency virus type 1 protease
COc1ccc(S(=O)(=O)N(CC(C)C)C[C@@H](O)[C@H](Cc2ccccc2)NC(=O)Cc2ccc(O)c(OC)c2)cc1,7.30076949711659,50.03,1,CHEMBL5414914,Human immunodeficiency virus type 1 protease
COc1ccc(S(=O)(=O)N(CC(C)C)C[C@@H](O)[C@H](Cc2ccccc2)NC(=O)Cc2ccc(O)c(OC)c2)cn1,6.769551078621726,170.0,1,CHEMBL5435096,Human immunodeficiency virus type 1 protease
COc1ccc(S(=O)(=O)N(CC(C)C)C[C@@H](O)[C@H](Cc2ccccc2)NC(=O)Cc2ccc(O)cc2)cc1,8.653647025549361,2.22,1,CHEMBL5411301,Human immunodeficiency virus type 1 protease
COc1ccc(S(=O)(=O)N(CC(C)C)C[C@@H](O)[C@H](Cc2ccccc2)NC(=O)Cc2ccc(O)cc2)cn1,8.139063379299905,7.26,1,CHEMBL5425251,Human immunodeficiency virus type 1 protease
COc1ccc(S(=O)(=O)N(CC(C)C)C[C@@H](O)[C@H](Cc2ccccc2)NC(=O)Cc2ccc(OC)c(O)c2)cc1,8.401209493236886,3.97,1,CHEMBL5427441,Human immunodeficiency virus type 1 protease
COc1ccc(S(=O)(=O)N(CC(C)C)C[C@@H](O)[C@H](Cc2ccccc2)NC(=O)Cc2ccc(OC)c(O)c2)cn1,7.886056647693163,13.0,1,CHEMBL5404238,Human immunodeficiency virus type 1 protease
COc1ccc(S(=O)(=O)N(CC(C)C)C[C@@H](O)[C@H](Cc2ccccc2)NC(=O)Cc2ccc(OC)c(OC)c2)cc1,7.07052998382251,85.01,1,CHEMBL5419282,Human immunodeficiency virus type 1 protease
COc1ccc(S(=O)(=O)N(CC(C)C)C[C@@H](O)[C@H](Cc2ccccc2)NC(=O)Cc2ccc(OC)c(OC)c2)cn1,6.7544873321858505,176.0,1,CHEMBL5430527,Human immunodeficiency virus type 1 protease
COc1ccc(S(=O)(=O)N(CC(C)C)C[C@@H](O)[C@H](Cc2ccccc2)NC(=O)Cc2cccc(O)c2)cc1,9.060480747381382,0.87,1,CHEMBL5431641,Human immunodeficiency virus type 1 protease
COc1ccc(S(=O)(=O)N(CC(C)C)C[C@@H](O)[C@H](Cc2ccccc2)NC(=O)Cc2cccc(O)c2)cn1,8.920818753952375,1.2,1,CHEMBL5432568,Human immunodeficiency virus type 1 protease
COc1ccc(S(=O)(=O)N(CC(C)C)C[C@@H](O)[C@H](Cc2ccccc2)NC(=O)Cc2cccc(OC)c2)cc1,8.158015195409886,6.95,1,CHEMBL5398588,Human immunodeficiency virus type 1 protease
COc1ccc(S(=O)(=O)N(CC(C)C)C[C@@H](O)[C@H](Cc2ccccc2)NC(=O)N[C@@H]2CCNC2)cc1,4.6831912479469775,20740.0,1,CHEMBL5436319,Human immunodeficiency virus type 1 protease
COc1ccc(S(=O)(=O)N(CC(C)C)C[C@@H](O)[C@H](Cc2ccccc2)NC(=O)N[C@H]2CCNC2)cc1,5.396855627379818,4010.0,1,CHEMBL5433397,Human immunodeficiency virus type 1 protease
COc1ccc(S(=O)(=O)N(CC(C)C)C[C@@H](O)[C@H](Cc2ccccc2)NC(=O)OC[C@H]2CN(C)CCO2)cc1,8.647817481888637,2.25,1,CHEMBL5183429,Human immunodeficiency virus type 1 protease
COc1ccc(S(=O)(=O)N(CC(C)C)C[C@@H](O)[C@H](Cc2ccccc2)NC(=O)OC[C@H]2CNCCO2)cc1,9.173925197299173,0.67,1,CHEMBL5189530,Human immunodeficiency virus type 1 protease
COc1ccc(S(=O)(=O)N(CC(C)C)C[C@@H](O)[C@H](Cc2ccccc2)NC(=O)OCc2ccccc2)cc1,8.522878745280337,3.0,1,CHEMBL336684,Human immunodeficiency virus type 1 protease
COc1ccc(S(=O)(=O)N(CC(C)C)C[C@@H](O)[C@H](Cc2ccccc2)NC(=O)O[C@@H]2CCNC2)cc1,5.58838029403677,2580.0,1,CHEMBL5420133,Human immunodeficiency virus type 1 protease
COc1ccc(S(=O)(=O)N(CC(C)C)C[C@@H](O)[C@H](Cc2ccccc2)NC(=O)O[C@@H]2CCNC2)cn1,4.638839004804974,22970.0,1,CHEMBL5432659,Human immunodeficiency virus type 1 protease
COc1ccc(S(=O)(=O)N(CC(C)C)C[C@@H](O)[C@H](Cc2ccccc2)NC(=O)O[C@H]2CCNC2)cc1,5.958607314841775,1100.0,1,CHEMBL5409097,Human immunodeficiency virus type 1 protease
COc1ccc(S(=O)(=O)N(CC(C)C)C[C@@H](O)[C@H](Cc2ccccc2)NC(=O)O[C@H]2CCNC2)cn1,5.393618634889395,4040.0,1,CHEMBL5406463,Human immunodeficiency virus type 1 protease
COc1ccc(S(=O)(=O)N(CC(C)C)C[C@@H](O)[C@H](Cc2ccccc2)NC(=O)O[C@H]2CCOC2)cc1,8.3767507096021,4.2,1,CHEMBL159580,Human immunodeficiency virus type 1 protease
COc1ccc(S(=O)(=O)N(CC(C)C)C[C@@H](O)[C@H](Cc2ccccc2)NC(=O)O[C@H]2CO[C@H]3O[C@@H]4OCC[C@@H]4[C@H]32)cc1,8.744727494896694,1.8,1,CHEMBL1232930,Human immunodeficiency virus type 1 protease
COc1ccc(S(=O)(=O)N(CC(C)C)C[C@@H](O)[C@H](Cc2ccccc2)NC(=O)Oc2c3occc3cc3ccc(=O)oc23)cc1,9.920818753952375,0.12,1,CHEMBL4744103,Human immunodeficiency virus type 1 protease
COc1ccc(S(=O)(=O)N(CC(C)C)C[C@@H](O)[C@H](Cc2ccccc2)NC(=O)Oc2ccc3c(C)cc(=O)oc3c2)cc1,9.795880017344075,0.16,1,CHEMBL4784196,Human immunodeficiency virus type 1 protease
COc1ccc(S(=O)(=O)N(CC(C)C)C[C@@H](O)[C@H](Cc2ccccc2)NC(=O)[C@@H]2CCCN2)cc1,5.6595558851598815,2190.0,1,CHEMBL5421891,Human immunodeficiency virus type 1 protease
COc1ccc(S(=O)(=O)N(CC(C)C)C[C@@H](O)[C@H](Cc2ccccc2)NC(=O)[C@@H]2CCNC2)cc1,6.3872161432802645,410.0,1,CHEMBL5402855,Human immunodeficiency virus type 1 protease
COc1ccc(S(=O)(=O)N(CC(C)C)C[C@@H](O)[C@H](Cc2ccccc2)NC(=O)[C@@H]2CCNC2)cn1,6.080921907623926,830.0,1,CHEMBL5401798,Human immunodeficiency virus type 1 protease
COc1ccc(S(=O)(=O)N(CC(C)C)C[C@@H](O)[C@H](Cc2ccccc2)NC(=O)[C@@H]2COCCN2)cc1,9.4089353929735,0.39,1,CHEMBL5176853,Human immunodeficiency virus type 1 protease
COc1ccc(S(=O)(=O)N(CC(C)C)C[C@@H](O)[C@H](Cc2ccccc2)NC(=O)[C@@H]2COCCN2C)cc1,8.316052869248487,4.83,1,CHEMBL5191566,Human immunodeficiency virus type 1 protease
COc1ccc(S(=O)(=O)N(CC(C)C)C[C@@H](O)[C@H](Cc2ccccc2)NC(=O)[C@H]2CCCN2)cc1,4.400226060853612,39790.0,1,CHEMBL5399871,Human immunodeficiency virus type 1 protease
COc1ccc(S(=O)(=O)N(CC(C)C)C[C@@H](O)[C@H](Cc2ccccc2)NC(=O)[C@H]2CCNC2)cc1,6.221848749616356,600.0,1,CHEMBL5419886,Human immunodeficiency virus type 1 protease
COc1ccc(S(=O)(=O)N(CC(C)C)C[C@@H](O)[C@H](Cc2ccccc2)NC(=O)[C@H]2CCNC2)cn1,5.324221658325915,4740.0,1,CHEMBL5421837,Human immunodeficiency virus type 1 protease
COc1ccc(S(=O)(=O)N(CC(C)C)C[C@@H](O)[C@H](Cc2ccccc2)NC(=O)[C@H]2CNCCO2)cc1,7.933674074637962,11.65,1,CHEMBL5194449,Human immunodeficiency virus type 1 protease
COc1ccc(S(=O)(=O)N(CC(C)C)C[C@@H](O)[C@H](Cc2ccccc2)NC(=O)c2c[nH]c3ccccc23)cc1,4.889410289700751,12900.0,1,CHEMBL5415656,Human immunodeficiency virus type 1 protease
COc1ccc(S(=O)(=O)N(CC(C)C)C[C@@H](O)[C@H](Cc2ccccc2)NC(=O)c2cc(N)ccc2C)cc1,8.0,10.0,1,CHEMBL344856,Human immunodeficiency virus type 1 protease
COc1ccc(S(=O)(=O)N(CC(C)C)C[C@@H](O)[C@H](Cc2ccccc2)NC(=O)c2cc(O)ccc2C)cc1,7.3979400086720375,40.0,1,CHEMBL141002,Human immunodeficiency virus type 1 protease
COc1ccc(S(=O)(=O)N(CC(C)C)C[C@@H](O)[C@H](Cc2ccccc2)NC(=O)c2cc3cc(N)ccc3o2)cc1,5.275724130399211,5300.0,1,CHEMBL5409170,Human immunodeficiency virus type 1 protease
COc1ccc(S(=O)(=O)N(CC(C)C)C[C@@H](O)[C@H](Cc2ccccc2)NC(=O)c2cc3cc(O)c(O)cc3[nH]2)cc1,5.97061622231479,1070.0,1,CHEMBL5437826,Human immunodeficiency virus type 1 protease
COc1ccc(S(=O)(=O)N(CC(C)C)C[C@@H](O)[C@H](Cc2ccccc2)NC(=O)c2cc3cc(O)c(O)cc3[nH]2)cn1,6.075720713938118,840.0,1,CHEMBL5422714,Human immunodeficiency virus type 1 protease
COc1ccc(S(=O)(=O)N(CC(C)C)C[C@@H](O)[C@H](Cc2ccccc2)NC(=O)c2cc3cc(O)c(O)cc3o2)cc1,5.714442690992226,1930.0,1,CHEMBL5401540,Human immunodeficiency virus type 1 protease
COc1ccc(S(=O)(=O)N(CC(C)C)C[C@@H](O)[C@H](Cc2ccccc2)NC(=O)c2cc3cc(O)c(O)cc3o2)cn1,5.636388020107856,2310.0,1,CHEMBL5395311,Human immunodeficiency virus type 1 protease
COc1ccc(S(=O)(=O)N(CC(C)C)C[C@@H](O)[C@H](Cc2ccccc2)NC(=O)c2cc3cc(O)ccc3[nH]2)cc1,6.236572006437063,580.0,1,CHEMBL5432752,Human immunodeficiency virus type 1 protease
COc1ccc(S(=O)(=O)N(CC(C)C)C[C@@H](O)[C@H](Cc2ccccc2)NC(=O)c2cc3cc(O)ccc3[nH]2)cn1,6.130768280269024,740.0,1,CHEMBL5395210,Human immunodeficiency virus type 1 protease
COc1ccc(S(=O)(=O)N(CC(C)C)C[C@@H](O)[C@H](Cc2ccccc2)NC(=O)c2cc3cc(O)ccc3o2)cc1,5.623423042943488,2380.0,1,CHEMBL5423385,Human immunodeficiency virus type 1 protease
COc1ccc(S(=O)(=O)N(CC(C)C)C[C@@H](O)[C@H](Cc2ccccc2)NC(=O)c2cc3cc(O)ccc3o2)cn1,5.703334809738469,1980.0,1,CHEMBL5406135,Human immunodeficiency virus type 1 protease
COc1ccc(S(=O)(=O)N(CC(C)C)C[C@@H](O)[C@H](Cc2ccccc2)NC(=O)c2cc3ccc(N)cc3o2)cc1,5.428291168191312,3730.0,1,CHEMBL5427142,Human immunodeficiency virus type 1 protease
COc1ccc(S(=O)(=O)N(CC(C)C)C[C@@H](O)[C@H](Cc2ccccc2)NC(=O)c2cc3ccc(O)cc3[nH]2)cc1,6.301029995663981,500.0,1,CHEMBL5401562,Human immunodeficiency virus type 1 protease
COc1ccc(S(=O)(=O)N(CC(C)C)C[C@@H](O)[C@H](Cc2ccccc2)NC(=O)c2cc3ccc(O)cc3[nH]2)cn1,6.337242168318426,460.0,1,CHEMBL5431978,Human immunodeficiency virus type 1 protease
COc1ccc(S(=O)(=O)N(CC(C)C)C[C@@H](O)[C@H](Cc2ccccc2)NC(=O)c2cc3ccc(O)cc3o2)cc1,5.698970004336019,2000.0,1,CHEMBL5394728,Human immunodeficiency virus type 1 protease
COc1ccc(S(=O)(=O)N(CC(C)C)C[C@@H](O)[C@H](Cc2ccccc2)NC(=O)c2cc3ccc(O)cc3o2)cn1,5.546681659952962,2840.0,1,CHEMBL5440268,Human immunodeficiency virus type 1 protease
COc1ccc(S(=O)(=O)N(CC(C)C)C[C@@H](O)[C@H](Cc2ccccc2)NC(=O)c2cc3ccc(O)cc3oc2=O)cc1,7.403402904373539,39.5,1,CHEMBL4778947,Human immunodeficiency virus type 1 protease
COc1ccc(S(=O)(=O)N(CC(C)C)C[C@@H](O)[C@H](Cc2ccccc2)NC(=O)c2cc3ccc(OC)cc3oc2=O)cc1,7.330683119433888,46.7,1,CHEMBL4747834,Human immunodeficiency virus type 1 protease
COc1ccc(S(=O)(=O)N(CC(C)C)C[C@@H](O)[C@H](Cc2ccccc2)NC(=O)c2cc3ccccc3[nH]2)cc1,5.124360062995832,7510.0,1,CHEMBL5430201,Human immunodeficiency virus type 1 protease
COc1ccc(S(=O)(=O)N(CC(C)C)C[C@@H](O)[C@H](Cc2ccccc2)NC(=O)c2cc3ccccc3o2)cc1,5.035740369803151,9210.0,1,CHEMBL5434585,Human immunodeficiency virus type 1 protease
COc1ccc(S(=O)(=O)N(CC(C)C)C[C@@H](O)[C@H](Cc2ccccc2)NC(=O)c2cc3ccccc3oc2=O)cc1,7.137630062877117,72.84,1,CHEMBL4798607,Human immunodeficiency virus type 1 protease
COc1ccc(S(=O)(=O)N(CC(C)C)C[C@@H](O)[C@H](Cc2ccccc2)NC(=O)c2ccc(C)cc2)cc1,7.823908740944319,15.0,1,CHEMBL423189,Human immunodeficiency virus type 1 protease
COc1ccc(S(=O)(=O)N(CC(C)C)C[C@@H](O)[C@H](Cc2ccccc2)NC(=O)c2ccc(N)cc2C)cc1,8.045757490560675,9.0,1,CHEMBL342037,Human immunodeficiency virus type 1 protease
COc1ccc(S(=O)(=O)N(CC(C)C)C[C@@H](O)[C@H](Cc2ccccc2)NC(=O)c2ccc(O)cc2C)cc1,8.301029995663981,5.0,1,CHEMBL139444,Human immunodeficiency virus type 1 protease
COc1ccc(S(=O)(=O)N(CC(C)C)C[C@@H](O)[C@H](Cc2ccccc2)NC(=O)c2ccc3oc(=O)ccc3c2)cc1,8.735182176990463,1.84,1,CHEMBL4779600,Human immunodeficiency virus type 1 protease
COc1ccc(S(=O)(=O)N(CC(C)C)C[C@@H](O)[C@H](Cc2ccccc2)NC(=O)c2cccc(C)c2)cc1,7.568636235841013,27.0,1,CHEMBL341697,Human immunodeficiency virus type 1 protease
COc1ccc(S(=O)(=O)N(CC(C)C)C[C@@H](O)[C@H](Cc2ccccc2)NC(=O)c2cccc(N)c2C)cc1,8.221848749616356,6.0,1,CHEMBL342367,Human immunodeficiency virus type 1 protease
COc1ccc(S(=O)(=O)N(CC(C)C)C[C@@H](O)[C@H](Cc2ccccc2)NC(=O)c2cccc(O)c2C)cc1,8.522878745280337,3.0,1,CHEMBL263540,Human immunodeficiency virus type 1 protease
COc1ccc(S(=O)(=O)N(CC(C)C)C[C@@H](O)[C@H](Cc2ccccc2)NC(=O)c2ccccc2)cc1,7.853871964321762,14.0,1,CHEMBL141046,Human immunodeficiency virus type 1 protease
COc1ccc(S(=O)(=O)N(CC(C)C)C[C@@H](O)[C@H](Cc2ccccc2)NC(=O)c2ccccc2C(C)C)cc1,7.309803919971486,49.0,1,CHEMBL139309,Human immunodeficiency virus type 1 protease
COc1ccc(S(=O)(=O)N(CC(C)C)C[C@@H](O)[C@H](Cc2ccccc2)NC(=O)c2ccccc2C(F)(F)F)cc1,7.431798275933005,37.0,1,CHEMBL140653,Human immunodeficiency virus type 1 protease
COc1ccc(S(=O)(=O)N(CC(C)C)C[C@@H](O)[C@H](Cc2ccccc2)NC(=O)c2ccccc2C)cc1,8.301029995663981,5.0,1,CHEMBL139538,Human immunodeficiency virus type 1 protease
COc1ccc(S(=O)(=O)N(CC(C)C)C[C@@H](O)[C@H](Cc2ccccc2)NC(=O)c2ccccc2Cl)cc1,8.221848749616356,6.0,1,CHEMBL344233,Human immunodeficiency virus type 1 protease
COc1ccc(S(=O)(=O)N(CC(C)C)C[C@@H](O)[C@H](Cc2ccccc2)NC(=O)c2ccccc2O)cc1,6.045757490560675,900.0,1,CHEMBL139346,Human immunodeficiency virus type 1 protease
COc1ccc(S(=O)(=O)N(CC(C)C)C[C@@H](O)[C@H](Cc2ccccc2)NC(=O)c2ccccc2OC)cc1,6.721246399047171,190.0,1,CHEMBL141398,Human immunodeficiency virus type 1 protease
COc1ccc(S(=O)(=O)N(CC(C)C)C[C@@H](O)[C@H](Cc2ccccc2)NC(=O)c2coc3cc(O)c(O)cc23)cn1,5.866461091629782,1360.0,1,CHEMBL5402197,Human immunodeficiency virus type 1 protease
COc1ccc(S(=O)(=O)N(CC(C)C)C[C@@H](O)[C@H](Cc2ccccc2)NC(=O)c2coc3cc(O)ccc23)cc1,5.806875401645538,1560.0,1,CHEMBL5433859,Human immunodeficiency virus type 1 protease
COc1ccc(S(=O)(=O)N(CC(C)C)C[C@@H](O)[C@H](Cc2ccccc2)NC(=O)c2coc3ccc(O)cc23)cc1,5.688246138944246,2050.0,1,CHEMBL5417744,Human immunodeficiency virus type 1 protease
COc1ccc(S(=O)(=O)N(CC(C)C)C[C@@H](O)[C@H](Cc2ccccc2)NC(=O)c2coc3ccccc23)cc1,5.047691990337875,8960.0,1,CHEMBL5429184,Human immunodeficiency virus type 1 protease
COc1ccc(S(=O)(=O)N(CC(C)C)C[C@@H](O)[C@H](Cc2ccccc2)NCc2cc(=O)oc3cc(O)ccc23)cc1,10.275724130399212,0.053,1,CHEMBL4741886,Human immunodeficiency virus type 1 protease
COc1ccc(S(=O)(=O)N(CC(C)C)C[C@@H](O)[C@H](Cc2ccccc2)NS(=O)(=O)N2CCOCC2)cc1,7.7162466166674735,19.22,1,CHEMBL5199550,Human immunodeficiency virus type 1 protease
COc1ccc(S(=O)(=O)N(CC(C)C)C[C@@H](O)[C@H](Cc2ccccc2)n2cc(CNC(=O)c3ccc(CNC(=O)OC(C)(C)C)cc3)nn2)cc1,7.886056647693163,13.0,1,CHEMBL1230747,Human immunodeficiency virus type 1 protease
COc1ccc(S(=O)(=O)N(CC(C)C)C[C@@H](O)[C@H](Cc2ccccc2)n2cc(CNC(=O)c3ccncc3)nn2)cc1,8.0,10.0,1,CHEMBL5561690,Human immunodeficiency virus type 1 protease
COc1ccc(S(=O)(=O)N(CC(C)C)C[C@@H](O)[C@H](Cc2ccccc2)n2cc(COC(=O)N[C@@H]3c4ccccc4C[C@H]3O)nn2)cc1,8.221848749616356,6.0,1,CHEMBL1230778,Human immunodeficiency virus type 1 protease
COc1ccc(S(=O)(=O)N(CC(C)C)C[C@@H](O)[C@H](Cc2ccccc2)n2cc(COC(=O)N[C@H]3c4ccccc4C[C@H]3O)nn2)cc1,8.221848749616356,6.0,1,CHEMBL503571,Human immunodeficiency virus type 1 protease
COc1ccc(S(=O)(=O)N(CC(O)C(Cc2ccccc2)NC(=O)[C@H](CC(N)=O)NC(=O)c2ccc3ccccc3n2)OC2CCCC2)cc1,7.619788758288394,24.0,1,CHEMBL187707,Human immunodeficiency virus type 1 protease
COc1ccc(S(=O)(=O)N(CC2CCCC2)C[C@@H](O)CN2C(=O)C(Cc3ccccc3)OC[C@@H]2Cc2ccccc2)cc1,7.522878745280337,30.0,1,CHEMBL359518,Human immunodeficiency virus type 1 protease
COc1ccc(S(=O)(=O)N(C[C@@H](O)[C@H](Cc2ccccc2)NC(=O)/C=C/c2cc(OC)c(O)c(OC)c2)C(C)C)cc1,6.278024598414047,527.2,1,CHEMBL4859328,Human immunodeficiency virus type 1 protease
COc1ccc(S(=O)(=O)N(C[C@@H](O)[C@H](Cc2ccccc2)NC(=O)/C=C/c2cc(OC)c(O)c(OC)c2)C2CC2)cc1,6.531504975492931,294.1,1,CHEMBL4872427,Human immunodeficiency virus type 1 protease
COc1ccc(S(=O)(=O)N(C[C@@H](O)[C@H](Cc2ccccc2)NC(=O)/C=C/c2ccc(O)c(O)c2)C(C)C)cc1,7.267928059000133,53.96,1,CHEMBL4860291,Human immunodeficiency virus type 1 protease
COc1ccc(S(=O)(=O)N(C[C@@H](O)[C@H](Cc2ccccc2)NC(=O)/C=C/c2ccc(O)c(O)c2)C2CC2)cc1,7.710411047457403,19.48,1,CHEMBL4869543,Human immunodeficiency virus type 1 protease
COc1ccc(S(=O)(=O)N(C[C@@H](O)[C@H](Cc2ccccc2)NC(=O)/C=C/c2ccc(O)c(OC)c2)C(C)C)cc1,7.005199100705396,98.81,1,CHEMBL4858155,Human immunodeficiency virus type 1 protease
COc1ccc(S(=O)(=O)N(C[C@@H](O)[C@H](Cc2ccccc2)NC(=O)/C=C/c2ccc(O)c(OC)c2)C2CC2)cc1,7.010416710688995,97.63,1,CHEMBL4850169,Human immunodeficiency virus type 1 protease
COc1ccc(S(=O)(=O)N(C[C@@H](O)[C@H](Cc2ccccc2)NC(=O)CCc2cc(OC)c(O)cc2OC)C(C)C)cc1,7.1542200328881105,70.11,1,CHEMBL4854057,Human immunodeficiency virus type 1 protease
COc1ccc(S(=O)(=O)N(C[C@@H](O)[C@H](Cc2ccccc2)NC(=O)CCc2cc(OC)c(O)cc2OC)C2CC2)cc1,6.793713955587568,160.8,1,CHEMBL4853622,Human immunodeficiency virus type 1 protease
COc1ccc(S(=O)(=O)N(C[C@@H](O)[C@H](Cc2ccccc2)NC(=O)CCc2ccc(O)c(O)c2)C(C)C)cc1,8.832682665251824,1.47,1,CHEMBL4858568,Human immunodeficiency virus type 1 protease
COc1ccc(S(=O)(=O)N(C[C@@H](O)[C@H](Cc2ccccc2)NC(=O)CCc2ccc(O)c(O)c2)C2CC2)cc1,8.393618634889394,4.04,1,CHEMBL4855701,Human immunodeficiency virus type 1 protease
COc1ccc(S(=O)(=O)N(C[C@@H](O)[C@H](Cc2ccccc2)NC(=O)CCc2ccc(O)c(OC)c2)C(C)C)cc1,8.0195421077239,9.56,1,CHEMBL4868172,Human immunodeficiency virus type 1 protease
COc1ccc(S(=O)(=O)N(C[C@@H](O)[C@H](Cc2ccccc2)NC(=O)CCc2ccc(O)c(OC)c2)C2CC2)cc1,7.488517711373999,32.47,1,CHEMBL4865101,Human immunodeficiency virus type 1 protease
COc1ccc(S(=O)(=O)N(C[C@@H](O)[C@H](Cc2ccccc2)NC(=O)CN2CCOCC2)C2CC2)cc1,5.982966660701219,1040.0,1,CHEMBL4645237,Human immunodeficiency virus type 1 protease
COc1ccc(S(=O)(=O)N(C[C@@H](O)[C@H](Cc2ccccc2)NC(=O)CN2CCO[C@@H](C)C2)C2CC2)cc1,5.896196279044043,1270.0,1,CHEMBL4641599,Human immunodeficiency virus type 1 protease
COc1ccc(S(=O)(=O)N(C[C@@H](O)[C@H](Cc2ccccc2)NC(=O)CN2CCO[C@H](C)C2)C2CC2)cc1,6.721246399047171,190.0,1,CHEMBL4634015,Human immunodeficiency virus type 1 protease
COc1ccc(S(=O)(=O)N(C[C@@H](O)[C@H](Cc2ccccc2)NC(=O)N2CCOCC2)C2CC2)cc1,6.585026652029182,260.0,1,CHEMBL4635436,Human immunodeficiency virus type 1 protease
COc1ccc(S(=O)(=O)N(C[C@@H](O)[C@H](Cc2ccccc2)NC(=O)OC2CCOC2)OC2CCCC2)cc1,6.131943638176958,738.0,1,CHEMBL371589,Human immunodeficiency virus type 1 protease
COc1ccc(S(=O)(=O)N(C[C@@H](O)[C@H](Cc2ccccc2)NC(=O)OCCN2CCOCC2)C2CC2)cc1,7.275724130399211,53.0,1,CHEMBL4644061,Human immunodeficiency virus type 1 protease
COc1ccc(S(=O)(=O)N(C[C@@H](O)[C@H](Cc2ccccc2)NC(=O)O[C@@H]2COC3OCCC32)OC2CCCC2)cc1,8.221848749616356,6.0,1,CHEMBL264818,Human immunodeficiency virus type 1 protease
COc1ccc(S(=O)(=O)N(C[C@@H](O)[C@H](Cc2ccccc2)NC(=O)O[C@H]2CO[C@H]3OCC[C@H]32)OC2CCCC2)cc1,7.698970004336019,20.0,1,CHEMBL362787,Human immunodeficiency virus type 1 protease
COc1ccc(S(=O)(=O)N(C[C@@H](O)[C@H](Cc2ccccc2)NCC(=O)N2CCOCC2)C2CC2)cc1,6.7447274948966935,180.0,1,CHEMBL4639173,Human immunodeficiency virus type 1 protease
COc1ccc(S(=O)(=O)N(C[C@@H](O)[C@H](Cc2ccccc2)NCCN2CCOCC2)C2CC2)cc1,6.769551078621726,170.0,1,CHEMBL4643837,Human immunodeficiency virus type 1 protease
COc1ccc(SC[C@H](NS(C)(=O)=O)C(=O)N[C@@H](Cc2ccccc2)[C@H](O)Cc2ccccc2C(=O)NC(C)(C)C)cc1,7.795880017344075,16.0,1,CHEMBL11287,Human immunodeficiency virus type 1 protease
COc1ccc([C@H]2[C@@]3(CO)C4N(Cc5ccccc5)C5[C@]2(CO)C2N(Cc6ccccc6)C3[C@]4(CO)[C@H](c3ccc(OC)cc3)[C@@]52CO)cc1,4.481486060122113,33000.0,1,CHEMBL142249,Human immunodeficiency virus type 1 protease
COc1ccc([C@H]2[C@]3(CO)C4N(C)C5[C@]2(CO)C2N(C)C3[C@]4(CO)[C@H](c3ccc(OC)cc3)[C@]52CO)cc1,3.709965388637482,195000.0,1,CHEMBL4524113,Human immunodeficiency virus type 1 protease
COc1ccc([C@H]2[C@]3(CO)C4NC5[C@@]2(CO)C2NC3[C@@]4(CO)[C@H](c3ccc(OC)cc3)[C@]52CO)cc1,3.6798537138889458,209000.0,1,CHEMBL357018,Human immunodeficiency virus type 1 protease
COc1ccc2c(CC(=O)N[C@@H](Cc3ccccc3)[C@H](O)CN(CC(C)C)S(=O)(=O)c3ccc(N)cc3)cc(=O)oc2c1,7.772113295386326,16.9,1,CHEMBL4789192,Human immunodeficiency virus type 1 protease
COc1ccc2c(CC(=O)N[C@@H](Cc3ccccc3)[C@H](O)CN(CC(C)C)S(=O)(=O)c3ccc([N+](=O)[O-])cc3)cc(=O)oc2c1,7.253365801062421,55.8,1,CHEMBL4762527,Human immunodeficiency virus type 1 protease
COc1ccc2c(O)c(C(c3cccc(NS(=O)(=O)c4ccc(C#N)cc4)c3)C3CC3)c(=O)oc2c1,5.0,10000.0,1,CHEMBL80556,Human immunodeficiency virus type 1 protease
COc1ccc2c(O)c(C(c3cccc(NS(=O)(=O)c4ccc(F)cc4)c3)C3CC3)c(=O)oc2c1,5.0,10000.0,1,CHEMBL80630,Human immunodeficiency virus type 1 protease
COc1ccc2c(O)c(C(c3cccc(NS(=O)(=O)c4cccc5cccnc45)c3)C3CC3)c(=O)oc2c1,5.0,10000.0,1,CHEMBL80362,Human immunodeficiency virus type 1 protease
COc1ccc2c(O)c(C(c3cccc(NS(=O)(=O)c4cn(C)cn4)c3)C3CC3)c(=O)oc2c1,5.0,10000.0,1,CHEMBL80972,Human immunodeficiency virus type 1 protease
COc1ccc2c(O)c(CCCCc3ccccc3OC)c(=O)oc2c1,5.481486060122113,3300.0,1,CHEMBL92492,Human immunodeficiency virus type 1 protease
COc1ccc2c(O)c(S(=O)(=O)c3ccc(C)cc3)c(=O)oc2c1,4.0,100000.0,1,CHEMBL310437,Human immunodeficiency virus type 1 protease
COc1ccc2c(O)c(S(=O)(=O)c3ccc(Cl)cc3)c(=O)oc2c1,4.0,100000.0,1,CHEMBL313215,Human immunodeficiency virus type 1 protease
COc1ccc2cc(C(=O)N[C@@H](Cc3ccccc3)[C@H](O)CN(CC(C)C)S(=O)(=O)c3ccc(N)cc3)c(=O)oc2c1,6.99097425791309,102.1,1,CHEMBL4785073,Human immunodeficiency virus type 1 protease
COc1ccc2cc(C(=O)N[C@@H](Cc3ccccc3)[C@H](O)CN(CC(C)C)S(=O)(=O)c3ccc([N+](=O)[O-])cc3)c(=O)oc2c1,6.655804284128565,220.9,1,CHEMBL4793934,Human immunodeficiency virus type 1 protease
COc1cccc(-c2cc(O)c(SCc3ccccc3)c(=O)o2)c1,6.00436480540245,990.0,1,CHEMBL14828,Human immunodeficiency virus type 1 protease
COc1cccc(C(=O)N[C@@H](Cc2ccccc2)[C@@H](O)C[C@H](Cc2ccccc2)NC(=O)OC(C)(C)C)c1,7.638272163982407,23.0,1,CHEMBL541982,Human immunodeficiency virus type 1 protease
COc1cccc(C(=O)N[C@@H](Cc2ccccc2)[C@H](O)C(=O)N2C[C@@H](Cl)C[C@H]2C(=O)NC(C)(C)C)c1O,6.0,1000.0,1,CHEMBL113810,Human immunodeficiency virus type 1 protease
COc1cccc(CC(=O)N[C@@H](Cc2ccccc2)[C@H](O)CN(CC(C)C)S(=O)(=O)c2ccc(N)cc2)c1,7.454321850207974,35.13,1,CHEMBL5406657,Human immunodeficiency virus type 1 protease
COc1cccc(CC(=O)N[C@@H](Cc2ccccc2)[C@H](O)CN(CC(C)C)S(=O)(=O)c2ccc(OC)nc2)c1,7.901702463505302,12.54,1,CHEMBL5423870,Human immunodeficiency virus type 1 protease
COc1cccc(CC(=O)N[C@@H](Cc2ccccc2)[C@H](O)CN(CC(C)C)S(=O)(=O)c2ccc(SC)cc2)c1,7.517412230473233,30.38,1,CHEMBL5424424,Human immunodeficiency virus type 1 protease
COc1cccc2[nH]c(C(=O)N[C@@H](CC(C)C)C(=O)N[C@@H](C[C@@H]3CCNC3=O)C(=O)CO)cc12,5.0,10000.0,1,CHEMBL4777223,Human immunodeficiency virus type 1 protease
COc1ccccc1-c1cc(O)c(Sc2ccccc2C(C)C)c(=O)o1,5.848323769152953,1418.0,1,CHEMBL12797,Human immunodeficiency virus type 1 protease
COc1ccccc1CCCCc1c(O)c2ccc(O)cc2oc1=O,6.2839966563652006,520.0,2,CHEMBL5288759,Human immunodeficiency virus type 1 protease
COc1ccccc1CCCCc1c(O)oc2cc(OCc3ccccc3)ccc2c1=O,4.0,100000.0,1,CHEMBL90284,Human immunodeficiency virus type 1 protease
COc1ccccc1CCCCc1c(O)oc2ccccc2c1=O,5.769551078621726,1700.0,1,CHEMBL89444,Human immunodeficiency virus type 1 protease
COc1ccccc1C[C@@H](O)C[C@@H](Cc1ccccc1)C(=O)N[C@H]1c2ccccc2C[C@H]1O,7.096910013008056,80.0,1,CHEMBL57069,Human immunodeficiency virus type 1 protease
COc1ccccc1OCCCc1c(O)oc2ccccc2c1=O,4.356547323513812,44000.0,1,CHEMBL89631,Human immunodeficiency virus type 1 protease
COc1cncc(-c2cnc(C(C)(C)N3CCN(C[C@@H](O)C[C@@H](Cc4ccccc4)C(=O)N[C@H]4c5ccccc5OC[C@H]4O)[C@H](C(=O)NCC(F)(F)F)C3)o2)c1,10.698970004336019,0.02,1,CHEMBL3706615,Human immunodeficiency virus type 1 protease
COc1cncc(-c2cnc(C(C)(C)N3CCN(C[C@@H](O)C[C@@H](Cc4nnc(-c5ccccc5)o4)C(=O)N[C@H]4CCOC[C@H]4O)[C@H](C(=O)NCC(F)(F)F)C3)o2)c1,9.318758762624412,0.48,1,CHEMBL361062,Human immunodeficiency virus type 1 protease
COc1cncc(-c2cnc(C(C)(C)N3CCN(C[C@@H](O)C[C@@H](Cc4nnc(C)o4)C(=O)N[C@H]4CCOC[C@H]4O)[C@H](C(=O)NCC(F)(F)F)C3)o2)c1,8.610924374808178,7.7,2,CHEMBL364552,Human immunodeficiency virus type 1 protease
COc1cncc(-c2cnc(C(C)(C)N3CCN(C[C@@H](O)C[C@@H](Cc4nnco4)C(=O)N[C@H]4CCOC[C@H]4O)[C@H](C(=O)NCC(F)(F)F)C3)o2)c1,8.875278519278709,3.8200000000000003,2,CHEMBL434342,Human immunodeficiency virus type 1 protease
COc1ncccc1CN1CCN(C[C@@H](O)C[C@@H](Cc2ccccc2)C(=O)NC2c3ccccc3C[C@H]2O)[C@H](C(=O)NC(C)(C)C)C1,8.958607314841775,1.1,1,CHEMBL323882,Human immunodeficiency virus type 1 protease
CS(=O)(=O)c1ccccc1C[C@@H](O)C[C@@H](Cc1ccccc1)C(=O)N[C@H]1c2ccccc2C[C@H]1O,6.503070351926785,314.0,1,CHEMBL299475,Human immunodeficiency virus type 1 protease
CSCC(NC(=O)c1ccc2ccccc2n1)C(=O)N[C@@H](Cc1ccccc1)[C@@H](O)CN1CCCCC1C(=O)NC(C)(C)C,7.921180816901152,11.99,1,CHEMBL335916,Human immunodeficiency virus type 1 protease
CSC[C@H](NC(=O)COc1cccc2cnccc12)C(=O)N[C@@H](Cc1ccccc1)[C@H](O)C(=O)N1CSC[C@H]1C(=O)NC(C)(C)C,8.187086643357144,6.5,1,CHEMBL414640,Human immunodeficiency virus type 1 protease
CSc1ccc(C[C@H](C[C@H](O)[C@H](Cc2ccccc2)NC(=O)OC(C)(C)C)C(=O)N[C@H]2c3ccccc3C[C@H]2O)cc1,9.657577319177793,0.22,1,CHEMBL295357,Human immunodeficiency virus type 1 protease
CSc1ccc(S(=O)(=O)N(CC(C)C)C[C@@H](O)[C@H](Cc2ccccc2)NC(=O)/C=C/c2ccc(O)c(O)c2)cc1,7.791827473332878,16.15,1,CHEMBL4865893,Human immunodeficiency virus type 1 protease
CSc1ccc(S(=O)(=O)N(CC(C)C)C[C@@H](O)[C@H](Cc2ccccc2)NC(=O)CCc2ccc(O)c(O)c2)cc1,8.694648630553376,2.02,1,CHEMBL4868702,Human immunodeficiency virus type 1 protease
CSc1ccc(S(=O)(=O)N(CC(C)C)C[C@@H](O)[C@H](Cc2ccccc2)NC(=O)Cc2ccc(O)c(O)c2)cc1,8.640164517660113,2.29,1,CHEMBL5394711,Human immunodeficiency virus type 1 protease
CSc1ccc(S(=O)(=O)N(CC(C)C)C[C@@H](O)[C@H](Cc2ccccc2)NC(=O)Cc2ccc(O)cc2)cc1,8.3767507096021,4.2,1,CHEMBL5423302,Human immunodeficiency virus type 1 protease
CSc1ccc(S(=O)(=O)N(CC(C)C)C[C@@H](O)[C@H](Cc2ccccc2)NC(=O)Cc2cccc(O)c2)cc1,8.661543506395395,2.18,1,CHEMBL5419032,Human immunodeficiency virus type 1 protease
CSc1ccccc1C[C@@H](O)C[C@@H](Cc1ccccc1)C(=O)N[C@H]1c2ccccc2C[C@H]1O,7.022276394711152,95.0,1,CHEMBL57987,Human immunodeficiency virus type 1 protease
CSc1nccc(-c2ccc(S(=O)(=O)N3CCN(C[C@H](O)C[C@@H](Cc4ccccc4)C(=O)NCc4c(C)cc(O)cc4C)[C@@H](C(=O)NC(C)(C)C)C3)s2)n1,9.698970004336019,0.2,1,CHEMBL95733,Human immunodeficiency virus type 1 protease
CSc1ncccc1CN1CCN(C[C@@H](O)C[C@@H](Cc2ccccc2)C(=O)NC2c3ccccc3C[C@H]2O)[C@H](C(=O)NC(C)(C)C)C1,9.585026652029182,0.26,1,CHEMBL112257,Human immunodeficiency virus type 1 protease
C[C@@H](C(=O)NC(C)(C)C)N(CC(O)CNC(=O)[C@@H]1N[C@@H](C(NC(=O)Cc2ccccc2)C(=O)NCc2ccccc2)SC1(C)C)CC1CCCCC1,5.1938200260161125,6400.0,1,CHEMBL331741,Human immunodeficiency virus type 1 protease
C[C@@H](Cc1ccccc1)NC(=O)[C@@H]1N[C@@H]([C@H](NC(=O)Cc2ccccc2)C(=O)NCc2ccccc2)SC1(C)C,3.744727494896694,180000.0,1,CHEMBL320202,Human immunodeficiency virus type 1 protease
C[C@@H](NC(=O)N(C[C@@H](O)[C@H](Cc1ccccc1)NC(=O)[C@H](CC(N)=O)NC(=O)OCc1ccccc1)C(C)(C)C)c1ccccc1,5.186999793145495,6501.3,1,CHEMBL134292,Human immunodeficiency virus type 1 protease
C[C@@H](NC(=O)OC(C)(C)C)C(=O)Nc1cccc(C(c2c(O)c3c(oc2=O)CCCCCC3)C2CC2)c1,4.221848749616356,60000.0,1,CHEMBL343963,Human immunodeficiency virus type 1 protease
C[C@@H](NC(=O)[C@H](Cc1ccccc1)C[C@H](O)[C@H](Cc1ccccc1)NC(=O)OC(C)(C)C)C1CCCCC1,6.835647144215563,146.0,1,CHEMBL324198,Human immunodeficiency virus type 1 protease
C[C@@H](NC(=O)[C@H](Cc1ccccc1)C[C@H](O)[C@H](Cc1ccccc1)NC(=O)OC(C)(C)C)c1ccccc1,6.840011949618013,144.54,3,CHEMBL2367852,Human immunodeficiency virus type 1 protease
C[C@@H](O)C(C)(C)OC(=O)N[C@@H](Cc1ccccc1)[C@H](O)CNC[C@@H](O)[C@H](Cc1ccccc1)NC(=O)OC(C)(C)C,6.795880017344075,160.0,1,CHEMBL140062,Human immunodeficiency virus type 1 protease
C[C@@H](O)CN(C[C@@H](O)[C@H](Cc1ccccc1)NC(=O)c1cc(O)cc(O)c1)S(=O)(=O)c1ccc(C(F)(F)F)cc1,8.63264407897398,2.33,1,CHEMBL4646552,Human immunodeficiency virus type 1 protease
C[C@@H](O)CN(C[C@@H](O)[C@H](Cc1ccccc1)NC(=O)c1cc(O)cc(O)c1)S(=O)(=O)c1ccc([N+](=O)[O-])cc1,8.316052869248487,4.83,1,CHEMBL4639705,Human immunodeficiency virus type 1 protease
C[C@@H](O)CN(C[C@@H](O)[C@H](Cc1ccccc1)NC(=O)c1ccc(O)c(O)c1)S(=O)(=O)c1ccc(C(F)(F)F)cc1,8.785156151952302,1.64,1,CHEMBL4641610,Human immunodeficiency virus type 1 protease
C[C@@H](O)CN(C[C@@H](O)[C@H](Cc1ccccc1)NC(=O)c1ccc(O)c(O)c1)S(=O)(=O)c1ccc([N+](=O)[O-])cc1,7.985899678480379,10.33,1,CHEMBL4636012,Human immunodeficiency virus type 1 protease
C[C@@H](O)CN(C[C@@H](O)[C@H](Cc1ccccc1)NC(=O)c1ccc(O)cc1O)S(=O)(=O)c1ccc(C(F)(F)F)cc1,7.909389292171594,12.32,1,CHEMBL4647275,Human immunodeficiency virus type 1 protease
C[C@@H](O)CN(C[C@@H](O)[C@H](Cc1ccccc1)NC(=O)c1ccc(O)cc1O)S(=O)(=O)c1ccc([N+](=O)[O-])cc1,7.873219422987991,13.39,1,CHEMBL4649002,Human immunodeficiency virus type 1 protease
C[C@@H](O)CN(C[C@@H](O)[C@H](Cc1ccccc1)NC(=O)c1ccccc1O)S(=O)(=O)c1ccc(C(F)(F)F)cc1,7.493494967595128,32.1,1,CHEMBL4636296,Human immunodeficiency virus type 1 protease
C[C@@H](O)CN(C[C@@H](O)[C@H](Cc1ccccc1)NC(=O)c1ccccc1O)S(=O)(=O)c1ccc([N+](=O)[O-])cc1,8.045757490560675,9.0,1,CHEMBL4634800,Human immunodeficiency virus type 1 protease
C[C@@H](c1ccccc1)N(C[C@@H](O)[C@H](Cc1ccccc1)NC(=O)[C@H](CC(N)=O)NC(=O)OCc1ccccc1)C(=O)NC(C)(C)C,5.292429823902063,5100.0,1,CHEMBL607102,Human immunodeficiency virus type 1 protease
C[C@@H]1CC[C@@H](O)[C@H]1N1CC[C@@](Cc2ccccc2)(C[C@H](O)[C@H](Cc2ccccc2)NC(=O)OC(C)(C)C)C1=O,7.853871964321762,14.0,1,CHEMBL146361,Human immunodeficiency virus type 1 protease
C[C@@H]1CN(CC(=O)N[C@@H](Cc2ccccc2)[C@H](O)CN(C2CC2)S(=O)(=O)c2ccc(C(F)(F)F)cc2)CCO1,5.52432881167557,2990.0,1,CHEMBL4638580,Human immunodeficiency virus type 1 protease
C[C@@H]1CN(CC(=O)N[C@@H](Cc2ccccc2)[C@H](O)CN(C2CC2)S(=O)(=O)c2ccc(N)cc2)CCO1,5.815308569182402,1530.0,1,CHEMBL4633067,Human immunodeficiency virus type 1 protease
C[C@@H]1CN(CC(=O)N[C@@H](Cc2ccccc2)[C@H](O)CN(C2CC2)S(=O)(=O)c2ccc([N+](=O)[O-])cc2)CCO1,6.031517051446065,930.0,1,CHEMBL4649272,Human immunodeficiency virus type 1 protease
C[C@@H]1CS(=O)(=O)C[C@@H]1OC(=O)N[C@@H](Cc1ccccc1)[C@H](O)CN1C[C@H]2CCCC[C@H]2C[C@H]1C(=O)NC(C)(C)C,6.665546248849069,216.0,1,CHEMBL279323,Human immunodeficiency virus type 1 protease
C[C@@H]1C[C@H](OC(=O)N[C@@H](Cc2ccccc2)[C@H](O)CN2C[C@H]3CCCC[C@H]3C[C@H]2C(=O)NC(C)(C)C)CS1(=O)=O,7.086186147616283,82.0,1,CHEMBL429193,Human immunodeficiency virus type 1 protease
C[C@@H]1OCC[C@@H]1OC(=O)N[C@@H](CSc1ccccc1)[C@H](O)CN1C[C@H]2CCS[C@H]2C[C@H]1C(=O)NC(C)(C)C,9.55284196865778,0.28,1,CHEMBL99336,Human immunodeficiency virus type 1 protease
C[C@@H]1OCC[C@@H]1OC(=O)N[C@@H](Cc1ccccc1)[C@H](O)CN1C[C@H]2CCCC[C@H]2C[C@H]1C(=O)NC(C)(C)C,7.280668713016273,52.4,2,CHEMBL18031,Human immunodeficiency virus type 1 protease
C[C@@H]1[C@@H](OC(=O)N[C@@H](CSc2ccccc2)[C@H](O)CN2C[C@H]3CCS[C@H]3C[C@H]2C(=O)NC(C)(C)C)CCS1(=O)=O,8.2839966563652,5.2,1,CHEMBL320602,Human immunodeficiency virus type 1 protease
C[C@@H]1[C@H](OC(=O)N[C@@H](CSc2ccccc2)[C@H](O)CN2C[C@H]3CCS[C@H]3C[C@H]2C(=O)NC(C)(C)C)CCS1(=O)=O,9.1249387366083,0.75,1,CHEMBL99214,Human immunodeficiency virus type 1 protease
C[C@@H]1[C@H](OC(=O)N[C@@H](Cc2ccccc2)[C@H](O)CN2C[C@H]3CCCC[C@H]3C[C@H]2C(=O)NC(C)(C)C)CCS1(=O)=O,7.651695136951839,22.3,3,CHEMBL277801,Human immunodeficiency virus type 1 protease
C[C@H](C1=C(O)[C@@](CCc2ccccc2)(C(=O)NCc2ccc(C(C)(C)C)cc2)OC1=O)c1ccccc1,5.302424204247728,5000.0,6,CHEMBL2111673,Human immunodeficiency virus type 1 protease
C[C@H](CCC(=O)N[C@H](CC(=O)OCc1ccccc1)C(=O)O)[C@H]1CC[C@H]2[C@@H]3[C@H](O)C[C@@H]4C[C@H](O)CC[C@]4(C)[C@H]3C[C@H](O)[C@]12C,3.9030899869919438,125000.0,1,CHEMBL5282058,Human immunodeficiency virus type 1 protease
C[C@H](CO)NC(=O)[C@@H]1N[C@@H]([C@H](NC(=O)Cc2ccccc2)C(=O)NCc2ccccc2)SC1(C)C,4.698970004336019,20000.0,1,CHEMBL107784,Human immunodeficiency virus type 1 protease
C[C@H](C[C@H](O)[C@H](Cc1ccccc1)NC(=O)OC(C)(C)C)C(=O)N[C@H]1c2ccccc2C[C@H]1O,7.202732459169283,62.7,1,CHEMBL297349,Human immunodeficiency virus type 1 protease
C[C@H](Cc1cc2c(cc1O)OCO2)[C@H](C)Cc1cc2c(cc1O)OCO2,5.251811972993799,5600.0,1,CHEMBL4573962,Human immunodeficiency virus type 1 protease
C[C@H](Cc1ccccc1)NC(=O)[C@@H]1N[C@@H]([C@H](NC(=O)Cc2ccccc2)C(=O)NCc2ccccc2)SC1(C)C,3.744727494896694,180000.0,1,CHEMBL104685,Human immunodeficiency virus type 1 protease
C[C@H](NC(=O)N(C[C@@H](O)[C@H](Cc1ccccc1)NC(=O)[C@H](CC(N)=O)NC(=O)OCc1ccccc1)C(C)(C)C)c1ccccc1,5.29299989005351,5093.31,1,CHEMBL274071,Human immunodeficiency virus type 1 protease
C[C@H](NC(=O)OC(C)(C)C)C(=O)Nc1cccc(C(c2c(O)c3c(oc2=O)CCCCCC3)C2CC2)c1,4.497572880015567,31800.0,1,CHEMBL138637,Human immunodeficiency virus type 1 protease
C[C@H](NC(=O)[C@H](Cc1ccccc1)C[C@H](O)[C@H](Cc1ccccc1)NC(=O)OC(C)(C)C)C(N)=O,8.154901959985743,7.0,1,CHEMBL94266,Human immunodeficiency virus type 1 protease
C[C@H](O)C(C)(C)OC(=O)N[C@@H](Cc1ccccc1)[C@H](O)CNC[C@@H](O)[C@H](Cc1ccccc1)NC(=O)OC(C)(C)C,6.978810700930062,105.0,1,CHEMBL343727,Human immunodeficiency virus type 1 protease
C[C@H](O)CN(C[C@@H](O)[C@H](Cc1ccccc1)NC(=O)c1cc(O)cc(O)c1)S(=O)(=O)c1ccc(C(F)(F)F)cc1,7.565431095965801,27.2,1,CHEMBL4633781,Human immunodeficiency virus type 1 protease
C[C@H](O)CN(C[C@@H](O)[C@H](Cc1ccccc1)NC(=O)c1cc(O)cc(O)c1)S(=O)(=O)c1ccc([N+](=O)[O-])cc1,7.427012291801795,37.41,1,CHEMBL4632622,Human immunodeficiency virus type 1 protease
C[C@H](O)CN(C[C@@H](O)[C@H](Cc1ccccc1)NC(=O)c1ccc(O)c(O)c1)S(=O)(=O)c1ccc(C(F)(F)F)cc1,8.185086818724926,6.53,1,CHEMBL4643796,Human immunodeficiency virus type 1 protease
C[C@H](O)CN(C[C@@H](O)[C@H](Cc1ccccc1)NC(=O)c1ccc(O)c(O)c1)S(=O)(=O)c1ccc([N+](=O)[O-])cc1,8.18309616062434,6.56,1,CHEMBL4633794,Human immunodeficiency virus type 1 protease
C[C@H](O)CN(C[C@@H](O)[C@H](Cc1ccccc1)NC(=O)c1ccc(O)cc1O)S(=O)(=O)c1ccc(C(F)(F)F)cc1,7.391794992295674,40.57,1,CHEMBL4645760,Human immunodeficiency virus type 1 protease
C[C@H](O)CN(C[C@@H](O)[C@H](Cc1ccccc1)NC(=O)c1ccc(O)cc1O)S(=O)(=O)c1ccc([N+](=O)[O-])cc1,7.327163545828603,47.08,1,CHEMBL4639006,Human immunodeficiency virus type 1 protease
C[C@H](O)CN(C[C@@H](O)[C@H](Cc1ccccc1)NC(=O)c1ccccc1O)S(=O)(=O)c1ccc(C(F)(F)F)cc1,6.590066876668706,257.0,1,CHEMBL4632759,Human immunodeficiency virus type 1 protease
C[C@H](O)CN(C[C@@H](O)[C@H](Cc1ccccc1)NC(=O)c1ccccc1O)S(=O)(=O)c1ccc([N+](=O)[O-])cc1,7.106682188383888,78.22,1,CHEMBL4640557,Human immunodeficiency virus type 1 protease
C[C@H](c1ccccc1)N(CC(O)[C@H](Cc1ccccc1)NC(=O)[C@H](CC(N)=O)NC(=O)OCc1ccccc1)C(=O)NC(C)(C)C,5.186999793145495,6501.3,1,CHEMBL305767,Human immunodeficiency virus type 1 protease
C[C@H](c1ccccc1)N(C[C@@H](O)[C@H](Cc1ccccc1)NC(=O)[C@H](CC(N)=O)NC(=O)OCc1ccccc1)C(=O)NC(C)(C)C,5.187086643357144,6500.0,1,CHEMBL607101,Human immunodeficiency virus type 1 protease
C[C@H]1CN(CC(=O)N[C@@H](Cc2ccccc2)[C@H](O)CN(C2CC2)S(=O)(=O)c2ccc(C(F)(F)F)cc2)CCO1,6.3979400086720375,400.0,1,CHEMBL4639796,Human immunodeficiency virus type 1 protease
C[C@H]1CN(CC(=O)N[C@@H](Cc2ccccc2)[C@H](O)CN(C2CC2)S(=O)(=O)c2ccc(N)cc2)CCO1,5.872895201635193,1340.0,1,CHEMBL4640499,Human immunodeficiency virus type 1 protease
C[C@H]1CN(CC(=O)N[C@@H](Cc2ccccc2)[C@H](O)CN(C2CC2)S(=O)(=O)c2ccc([N+](=O)[O-])cc2)CCO1,6.236572006437063,580.0,1,CHEMBL4640834,Human immunodeficiency virus type 1 protease
C[C@H]1CS(=O)(=O)C[C@H]1OC(=O)N[C@@H](Cc1ccccc1)[C@H](O)CN1C[C@H]2CCCC[C@H]2C[C@H]1C(=O)NC(C)(C)C,7.154901959985743,70.0,1,CHEMBL17419,Human immunodeficiency virus type 1 protease
C[C@H]1C[C@@H](OC(=O)N[C@@H](Cc2ccccc2)[C@H](O)CN2C[C@H]3CCCC[C@H]3C[C@H]2C(=O)NC(C)(C)C)CS1(=O)=O,5.795880017344075,1600.0,1,CHEMBL428519,Human immunodeficiency virus type 1 protease
C[C@H]1OCC[C@H]1OC(=O)N[C@@H](CSc1ccccc1)[C@H](O)CN1C[C@H]2CCS[C@H]2C[C@H]1C(=O)NC(C)(C)C,8.522878745280337,3.0,1,CHEMBL318894,Human immunodeficiency virus type 1 protease
C[C@H]1OCC[C@H]1OC(=O)N[C@@H](Cc1ccccc1)[C@H](O)CN1C[C@H]2CCCC[C@H]2C[C@H]1C(=O)NC(C)(C)C,6.772113295386326,169.0,2,CHEMBL18253,Human immunodeficiency virus type 1 protease
C[C@H]1[C@@H](OC(=O)N[C@@H](CSc2ccccc2)[C@H](O)CN2C[C@H]3CCS[C@H]3C[C@H]2C(=O)NC(C)(C)C)CCS1(=O)=O,9.397940008672037,0.4,1,CHEMBL321949,Human immunodeficiency virus type 1 protease
C[C@H]1[C@@H](OC(=O)N[C@@H](Cc2ccccc2)[C@H](O)CN2C[C@H]3CCCC[C@H]3C[C@H]2C(=O)NC(C)(C)C)CCS1(=O)=O,7.943095148663527,11.4,2,CHEMBL18068,Human immunodeficiency virus type 1 protease
C[C@H]1[C@@H](OC(=O)N[C@@H](Cc2ccccc2)[C@H](O)CN2C[C@H]3CCC[C@H]3C[C@H]2C(=O)NC(C)(C)C)CCS1(=O)=O,7.8996294548824375,12.6,1,CHEMBL276077,Human immunodeficiency virus type 1 protease
C[C@H]1[C@H](OC(=O)N[C@@H](CSc2ccccc2)[C@H](O)CN2C[C@H]3CCS[C@H]3C[C@H]2C(=O)NC(C)(C)C)CCS1(=O)=O,8.853871964321762,1.4,1,CHEMBL318129,Human immunodeficiency virus type 1 protease
C[S+]([O-])c1ccc(C[C@H](C[C@H](O)[C@H](Cc2ccccc2)NC(=O)OC(C)(C)C)C(=O)N[C@H]2c3ccccc3C[C@H]2O)cc1,9.292429823902063,0.51,1,CHEMBL47465,Human immunodeficiency virus type 1 protease
Cc1c(C(=O)N[C@@H](Cc2ccccc2)[C@H](O)Cc2ccccc2C(=O)NC(C)(C)C)cccc1C(=O)N1CCc2ccccc2C1,6.0,1000.0,1,CHEMBL351680,Human immunodeficiency virus type 1 protease
Cc1c(CN2CCN(CC(O)CC(Cc3ccccc3)C(=O)NC3c4ccccc4CC3O)C(C(=O)NC(C)(C)C)C2)oc2ccccc12,9.958607314841775,0.11,1,CHEMBL331155,Human immunodeficiency virus type 1 protease
Cc1c(N)cccc1C(=O)N[C@@H](Cc1ccccc1)[C@@H](O)C[C@H](Cc1ccccc1)NC(=O)OC(C)(C)C,8.585026652029182,2.6,1,CHEMBL90090,Human immunodeficiency virus type 1 protease
Cc1c(N)cccc1C(=O)N[C@@H](Cc1ccccc1)[C@H](O)C(=O)N1C[C@@H](Cl)C[C@H]1C(=O)NC(C)(C)C,8.267606240177031,5.4,1,CHEMBL324971,Human immunodeficiency virus type 1 protease
Cc1c(O)cc(F)cc1C(=O)N[C@@H](Cc1ccc2ccccc2c1)[C@H](O)C(=O)N1C[C@@H](Cl)C[C@H]1C(=O)NC(C)(C)C,8.920818753952375,1.2,1,CHEMBL422786,Human immunodeficiency virus type 1 protease
Cc1c(O)cc(F)cc1C(=O)N[C@@H](Cc1cccc(C(F)(F)F)c1)[C@H](O)C(=O)N1C[C@@H](Cl)C[C@H]1C(=O)NC(C)(C)C,8.67778070526608,2.1,1,CHEMBL115332,Human immunodeficiency virus type 1 protease
Cc1c(O)cc(F)cc1C(=O)N[C@@H](Cc1ccccc1)[C@H](O)C(=O)N1C[C@@H](Cl)C[C@H]1C(=O)NC(C)(C)C,8.769551078621726,1.7,1,CHEMBL325394,Human immunodeficiency virus type 1 protease
Cc1c(O)cccc1C(=O)N[C@@H](CSc1ccccc1)[C@H](O)CN1C[C@H]2CCCC[C@H]2C[C@H]1C(=O)NC(C)(C)C,6.275724130399211,530.0,1,CHEMBL584,Human immunodeficiency virus type 1 protease
Cc1c(O)cccc1C(=O)N[C@@H](CSc1ccccc1)[C@H](O)CN1C[C@H]2CCS[C@H]2C[C@H]1C(=O)NC(C)(C)C,9.522878745280337,0.3,1,CHEMBL98710,Human immunodeficiency virus type 1 protease
Cc1c(O)cccc1C(=O)N[C@@H](Cc1ccccc1)[C@@H](O)C[C@H](Cc1ccccc1)NC(=O)OC(C)(C)C,8.795880017344075,1.6,1,CHEMBL93718,Human immunodeficiency virus type 1 protease
Cc1c(O)cccc1C(=O)N[C@@H](Cc1ccccc1)[C@H](O)C(=O)N1C[C@@H](Cl)C[C@H]1C(=O)NC(C)(C)C,9.096910013008056,0.8,1,CHEMBL113958,Human immunodeficiency virus type 1 protease
Cc1c(O)cccc1C(=O)N[C@@H](Cc1ccccc1)[C@H](O)CN1CC[C@@H](OCc2ccncc2)C[C@H]1C(=O)NC(C)(C)C,7.920818753952375,12.0,1,CHEMBL276431,Human immunodeficiency virus type 1 protease
Cc1c(O)cccc1C(=O)N[C@@H](Cc1ccccc1)[C@H](O)CN1C[C@H]2CCCC[C@H]2C[C@H]1C(=O)NC(C)(C)C,7.886056647693163,13.0,1,CHEMBL99607,Human immunodeficiency virus type 1 protease
Cc1c(O)cccc1C(=O)N[C@@H](Cc1ccccc1)[C@H](O)CN1C[C@H]2CCS[C@H]2C[C@H]1C(=O)NC(C)(C)C,9.301029995663981,0.5,1,CHEMBL98096,Human immunodeficiency virus type 1 protease
Cc1c(O)cccc1C(=O)N[C@@H](c1cccs1)[C@H](O)CN1C[C@H]2CCCC[C@H]2C[C@H]1C(=O)NC(C)(C)C,4.522878745280337,30000.0,1,CHEMBL597982,Human immunodeficiency virus type 1 protease
Cc1c(SC2=C(O)OC(CCc3ccccc3)(c3ccccc3)CC2=O)sc2ccccc12,7.130768280269024,74.0,1,CHEMBL64513,Human immunodeficiency virus type 1 protease
Cc1cc(-c2cc(O)c(SCc3ccccc3)c(=O)o2)cc(C)c1O,6.6020599913279625,250.0,1,CHEMBL14437,Human immunodeficiency virus type 1 protease
Cc1cc(=O)oc2cc(OC(=O)N[C@@H](Cc3ccccc3)[C@H](O)CN(CC(C)C)S(=O)(=O)c3ccc([N+](=O)[O-])cc3)ccc12,8.991399828238082,1.02,1,CHEMBL4797696,Human immunodeficiency virus type 1 protease
Cc1cc(C(=O)N[C@@H](Cc2ccccc2)[C@H](O)Cc2ccccc2C(=O)NC(C)(C)C)cc(C(=O)N2CCc3ccccc3C2)c1,6.301029995663981,500.0,1,CHEMBL163563,Human immunodeficiency virus type 1 protease
Cc1cc(C)cc(-c2cc(O)c(SCc3ccccc3)c(=O)o2)c1,6.585026652029182,260.0,1,CHEMBL14751,Human immunodeficiency virus type 1 protease
Cc1cc(C)cc(-c2cc(O)c(Sc3ccccc3C(C)C)c(=O)o2)c1,7.823908740944319,15.0,1,CHEMBL276671,Human immunodeficiency virus type 1 protease
Cc1cc(C)cc(CN2CCN(C[C@@H](O)[C@H](Cc3ccccc3)NC(=O)O[C@@H]3CCS(=O)(=O)[C@@H]3C(C)C)[C@H](C(=O)NC(C)(C)C)C2)c1,7.107905397309519,78.0,1,CHEMBL76338,Human immunodeficiency virus type 1 protease
Cc1cc(C)cc(S(=O)(=O)c2c(C(N)=O)[nH]c3ccc(Cl)cc23)c1,6.886056647693163,130.0,1,CHEMBL85059,Human immunodeficiency virus type 1 protease
Cc1cc(CN2CCN(C[C@@H](O)[C@H](Cc3ccccc3)NC(=O)O[C@@H]3CCS(=O)(=O)[C@@H]3C(C)C)[C@H](C(=O)NC(C)(C)C)C2)cc(C)n1,8.602059991327963,2.5,1,CHEMBL419072,Human immunodeficiency virus type 1 protease
Cc1cc(CN2CCN(C[C@@H](O)[C@H](Cc3ccccc3)NC(=O)O[C@@H]3CCS(=O)(=O)[C@@H]3C(C)C)[C@H](C(=O)NC(C)(C)C)C2)cc(Cl)n1,8.267606240177031,27.27,2,CHEMBL55586,Human immunodeficiency virus type 1 protease
Cc1cc(CN2CCN(C[C@@H](O)[C@H](Cc3ccccc3)NC(=O)O[C@@H]3CCS(=O)(=O)[C@@H]3C(C)C)[C@H](C(=O)NC(C)(C)C)C2)ccn1,8.853871964321762,1.4,1,CHEMBL307091,Human immunodeficiency virus type 1 protease
Cc1cc(O)c(C(c2cccc(NS(=O)(=O)c3cn(C)cn3)c2)C2CC2)c(=O)o1,5.522878745280337,3000.0,1,CHEMBL78470,Human immunodeficiency virus type 1 protease
Cc1cc(O)c(C)c(C(=O)N[C@@H](Cc2cc(F)cc(F)c2)[C@H](O)C(=O)N2C[C@@H](Cl)C[C@H]2C(=O)NC(C)(C)C)c1,8.920818753952375,1.2,1,CHEMBL114674,Human immunodeficiency virus type 1 protease
Cc1cc(O)c(C)c(C(=O)N[C@@H](Cc2ccc(-c3ccccc3)cc2)[C@H](O)C(=O)N2C[C@@H](Cl)C[C@H]2C(=O)NC(C)(C)C)c1,8.886056647693163,1.3,1,CHEMBL432436,Human immunodeficiency virus type 1 protease
Cc1cc(O)c(C)c(C(=O)N[C@@H](Cc2ccc3ccccc3c2)[C@H](O)C(=O)N2C[C@@H](Cl)C[C@H]2C(=O)NC(C)(C)C)c1,9.096910013008056,0.8,1,CHEMBL116867,Human immunodeficiency virus type 1 protease
Cc1cc(O)c(C)c(C(=O)N[C@@H](Cc2cccc(C(F)(F)F)c2)[C@H](O)C(=O)N2C[C@@H](Cl)C[C@H]2C(=O)NC(C)(C)C)c1,8.721246399047171,1.9,1,CHEMBL117088,Human immunodeficiency virus type 1 protease
Cc1cc(O)c(C)c(C(=O)N[C@@H](Cc2ccccc2)[C@H](O)C(=O)N2C[C@@H](Cl)C[C@H]2C(=O)NC(C)(C)C)c1,8.886056647693163,1.3,1,CHEMBL113665,Human immunodeficiency virus type 1 protease
Cc1cc(O)cc(C)c1CNC(=O)[C@H](Cc1ccccc1)C[C@@H](O)CN1CCN(S(=O)(=O)c2ccc3c(c2)CCN3c2ncccn2)C[C@@H]1C(=O)NC(C)(C)C,9.698970004336019,0.2,1,CHEMBL318114,Human immunodeficiency virus type 1 protease
Cc1cc(O)cc(C)c1CNC(=O)[C@H](Cc1ccccc1)C[C@@H](O)CN1CCN(S(=O)(=O)c2cccs2)C[C@@H]1C(=O)NC(C)(C)C,9.327902142064282,0.47,1,CHEMBL98289,Human immunodeficiency virus type 1 protease
Cc1cc(SC2=C(O)OC(C)(CCc3ccc(O)cc3)CC2=O)c(C(C)(C)C)cc1CO,8.366531544420413,4.3,1,CHEMBL122847,Human immunodeficiency virus type 1 protease
Cc1cc(SC2=C(O)OC(C)(CCc3ccc(O)cc3)CC2=O)c(C(C)(C)C)cc1N,7.951892707326797,11.3,2,CHEMBL37755,Human immunodeficiency virus type 1 protease
Cc1cc(SC2=C(O)OC(C)(CCc3ccc(O)cc3)CC2=O)c(C(C)(C)C)cc1NS(=O)(=O)Cn1ccnc1,8.721246399047171,1.9,1,CHEMBL171434,Human immunodeficiency virus type 1 protease
Cc1cc(SC2=C(O)OC(C)(CCc3ccc(O)cc3)CC2=O)c(C(C)(C)C)cc1NS(=O)(=O)c1ccc(-c2cccs2)cc1,8.200659450546418,6.3,1,CHEMBL169871,Human immunodeficiency virus type 1 protease
Cc1cc(SC2=C(O)OC(C)(CCc3ccc(O)cc3)CC2=O)c(C(C)(C)C)cc1NS(=O)(=O)c1ccc(C#N)cc1,8.67778070526608,2.1,1,CHEMBL168369,Human immunodeficiency virus type 1 protease
Cc1cc(SC2=C(O)OC(C)(CCc3ccc(O)cc3)CC2=O)c(C(C)(C)C)cc1NS(=O)(=O)c1ccc(C(F)(F)F)cc1,7.910094888560602,12.3,1,CHEMBL263268,Human immunodeficiency virus type 1 protease
Cc1cc(SC2=C(O)OC(C)(CCc3ccc(O)cc3)CC2=O)c(C(C)(C)C)cc1NS(=O)(=O)c1ccc(Cl)cc1,8.455931955649724,3.5,1,CHEMBL354616,Human immunodeficiency virus type 1 protease
Cc1cc(SC2=C(O)OC(C)(CCc3ccc(O)cc3)CC2=O)c(C(C)(C)C)cc1NS(=O)(=O)c1ccc(F)cc1,8.431798275933005,3.7,1,CHEMBL170117,Human immunodeficiency virus type 1 protease
Cc1cc(SC2=C(O)OC(C)(CCc3ccc(O)cc3)CC2=O)c(C(C)(C)C)cc1NS(=O)(=O)c1ccccc1,8.823908740944319,1.5,1,CHEMBL168270,Human immunodeficiency virus type 1 protease
Cc1cc(SC2=C(O)OC(C)(CCc3ccc(O)cc3)CC2=O)c(C(C)(C)C)cc1NS(C)(=O)=O,8.013228265733755,9.7,1,CHEMBL354173,Human immunodeficiency virus type 1 protease
Cc1cc(SC2=C(O)OC(C)(CCc3ccc(O)cc3)CC2=O)c(C(C)(C)C)cc1O,8.187086643357144,6.5,2,CHEMBL37668,Human immunodeficiency virus type 1 protease
Cc1cc(SC2=C(O)OC(C)(CCc3ccc(O)cc3)CC2=O)c(C(C)(C)C)cc1OS(=O)(=O)Cn1ccnc1,8.698970004336019,2.0,1,CHEMBL169256,Human immunodeficiency virus type 1 protease
Cc1cc(SC2=C(O)OC(C)(CCc3ccc(O)cc3)CC2=O)c(C(C)(C)C)cc1OS(=O)(=O)N(C)C,8.795880017344075,1.6,1,CHEMBL70386,Human immunodeficiency virus type 1 protease
Cc1cc(SC2=C(O)OC(C)(CCc3ccc(O)cc3)CC2=O)c(C(C)(C)C)cc1OS(=O)(=O)N1CCN(C)CC1,8.148741651280925,7.1,1,CHEMBL70502,Human immunodeficiency virus type 1 protease
Cc1cc(SC2=C(O)OC(C)(CCc3ccc(O)cc3)CC2=O)c(C(C)(C)C)cc1OS(=O)(=O)c1ccc(F)cc1,7.772113295386326,16.9,1,CHEMBL168384,Human immunodeficiency virus type 1 protease
Cc1cc(SC2=C(O)OC(C)(CCc3ccc(O)cc3)CC2=O)c(C(C)(C)C)cc1OS(=O)(=O)c1ccccc1,8.008773924307505,9.8,1,CHEMBL172622,Human immunodeficiency virus type 1 protease
Cc1cc(SC2=C(O)OC(C)(CCc3ccc(O)cc3)CC2=O)c(C(C)(C)C)cc1OS(N)(=O)=O,8.744727494896694,1.8,1,CHEMBL71440,Human immunodeficiency virus type 1 protease
Cc1cc(SC2=C(O)OC(CCC3CCCO3)(C(C)C)CC2=O)c(C(C)(C)C)cc1CO,8.301029995663981,5.0,1,CHEMBL78217,Human immunodeficiency virus type 1 protease
Cc1cc(SC2=C(O)OC(CCc3c[nH]c4ccccc34)(C(C)C)CC2=O)c(C(C)(C)C)cc1CO,9.142667503568731,0.72,1,CHEMBL308615,Human immunodeficiency virus type 1 protease
Cc1cc(SC2=C(O)OC(CCc3c[nH]cn3)(C(C)C)CC2=O)c(C(C)(C)C)cc1CO,7.154901959985743,70.0,1,CHEMBL305845,Human immunodeficiency virus type 1 protease
Cc1cc(SC2=C(O)OC(CCc3cc[nH]n3)(C(C)C)CC2=O)c(C(C)(C)C)cc1CO,9.55284196865778,0.28,1,CHEMBL305814,Human immunodeficiency virus type 1 protease
Cc1cc(SC2=C(O)OC(CCc3ccc(CO)s3)(C(C)C)CC2=O)c(C(C)(C)C)cc1CO,9.236572006437063,0.58,1,CHEMBL77041,Human immunodeficiency virus type 1 protease
Cc1cc(SC2=C(O)OC(CCc3ccc(N)cc3)(C(C)C)CC2=O)c(C(C)(C)C)cc1CO,8.967583890130712,1.5650000000000002,2,CHEMBL75363,Human immunodeficiency virus type 1 protease
Cc1cc(SC2=C(O)OC(CCc3ccc(N)cc3)(C(C)C)CC2=O)c(C(C)(C)C)cc1N,8.1249387366083,7.5,1,CHEMBL38269,Human immunodeficiency virus type 1 protease
Cc1cc(SC2=C(O)OC(CCc3ccc(N)cc3)(C(C)C)CC2=O)c(C(C)(C)C)cc1OS(=O)(=O)Cn1ccnc1,8.657577319177793,2.2,1,CHEMBL86226,Human immunodeficiency virus type 1 protease
Cc1cc(SC2=C(O)OC(CCc3ccc(N)cc3)(C(C)C)CC2=O)c(C(C)(C)C)cc1OS(=O)(=O)N(C)C,8.4089353929735,3.9,2,CHEMBL306421,Human immunodeficiency virus type 1 protease
Cc1cc(SC2=C(O)OC(CCc3ccc(N)cc3)(C(C)C)CC2=O)c(C(C)(C)C)cc1OS(=O)(=O)N1CCN(C)CC1,9.0,1.0,1,CHEMBL307582,Human immunodeficiency virus type 1 protease
Cc1cc(SC2=C(O)OC(CCc3ccc(N)cc3)(C(C)C)CC2=O)c(C(C)(C)C)cc1OS(=O)(=O)c1ccc(C#N)cc1,8.886056647693163,1.3,1,CHEMBL168525,Human immunodeficiency virus type 1 protease
Cc1cc(SC2=C(O)OC(CCc3ccc(N)cc3)(C(C)C)CC2=O)c(C(C)(C)C)cc1OS(=O)(=O)c1cccnc1,8.387216143280265,4.1,1,CHEMBL167243,Human immunodeficiency virus type 1 protease
Cc1cc(SC2=C(O)OC(CCc3ccc(N)cc3)(C(C)C)CC2=O)c(C(C)(C)C)cc1OS(=O)(=O)c1cccs1,7.732828271596986,18.5,1,CHEMBL169247,Human immunodeficiency virus type 1 protease
Cc1cc(SC2=C(O)OC(CCc3ccc(N)cc3)(C3CCCCC3)CC2=O)c(C(C)(C)C)cc1CO,8.494850021680094,3.2,1,CHEMBL121706,Human immunodeficiency virus type 1 protease
Cc1cc(SC2=C(O)OC(CCc3ccc(N)cc3)(c3ccccc3)CC2=O)c(C(C)(C)C)cc1CO,8.508638306165727,3.1,1,CHEMBL123287,Human immunodeficiency virus type 1 protease
Cc1cc(SC2=C(O)OC(CCc3ccc(O)cc3)(C(C)C)CC2=O)c(C(C)(C)C)cc1CO,8.443697499232712,3.6,1,CHEMBL123883,Human immunodeficiency virus type 1 protease
Cc1cc(SC2=C(O)OC(CCc3ccc(O)cc3)(C(C)C)CC2=O)c(C(C)(C)C)cc1N,8.568636235841012,2.7,2,CHEMBL38268,Human immunodeficiency virus type 1 protease
Cc1cc(SC2=C(O)OC(CCc3ccc(O)cc3)(C(C)C)CC2=O)c(C(C)(C)C)cc1N(C)C,7.958607314841775,11.0,1,CHEMBL35088,Human immunodeficiency virus type 1 protease
Cc1cc(SC2=C(O)OC(CCc3ccc(O)cc3)(C(C)C)CC2=O)c(C(C)(C)C)cc1NC(=O)CC(C)(C)C,7.221848749616356,60.0,1,CHEMBL34479,Human immunodeficiency virus type 1 protease
Cc1cc(SC2=C(O)OC(CCc3ccc(O)cc3)(C(C)C)CC2=O)c(C(C)(C)C)cc1NC(=O)OC(C)(C)C,7.040958607678906,91.0,1,CHEMBL286861,Human immunodeficiency virus type 1 protease
Cc1cc(SC2=C(O)OC(CCc3ccc(O)cc3)(C(C)C)CC2=O)c(C(C)(C)C)cc1NC(=O)c1ccc(C#N)cc1,8.301029995663981,5.0,1,CHEMBL37597,Human immunodeficiency virus type 1 protease
Cc1cc(SC2=C(O)OC(CCc3ccc(O)cc3)(C(C)C)CC2=O)c(C(C)(C)C)cc1NC(=O)c1ccc(C(F)(F)F)cc1,7.91721462968355,12.1,1,CHEMBL36600,Human immunodeficiency virus type 1 protease
Cc1cc(SC2=C(O)OC(CCc3ccc(O)cc3)(C(C)C)CC2=O)c(C(C)(C)C)cc1NC(=O)c1cccc(C#N)c1,7.823908740944319,15.0,1,CHEMBL34008,Human immunodeficiency virus type 1 protease
Cc1cc(SC2=C(O)OC(CCc3ccc(O)cc3)(C(C)C)CC2=O)c(C(C)(C)C)cc1NC(=O)c1ccccc1,7.87942606879415,13.2,1,CHEMBL35664,Human immunodeficiency virus type 1 protease
Cc1cc(SC2=C(O)OC(CCc3ccc(O)cc3)(C(C)C)CC2=O)c(C(C)(C)C)cc1NC(=O)c1ccccn1,8.214670164989233,6.1,1,CHEMBL38236,Human immunodeficiency virus type 1 protease
Cc1cc(SC2=C(O)OC(CCc3ccc(O)cc3)(C(C)C)CC2=O)c(C(C)(C)C)cc1NC(=O)c1cccnc1,8.292429823902063,5.1,1,CHEMBL432665,Human immunodeficiency virus type 1 protease
Cc1cc(SC2=C(O)OC(CCc3ccc(O)cc3)(C(C)C)CC2=O)c(C(C)(C)C)cc1NC(=O)c1ccncc1,8.29413628771608,5.08,1,CHEMBL38154,Human immunodeficiency virus type 1 protease
Cc1cc(SC2=C(O)OC(CCc3ccc(O)cc3)(C(C)C)CC2=O)c(C(C)(C)C)cc1NS(=O)(=O)N(C)C,8.443697499232712,3.6,1,CHEMBL354783,Human immunodeficiency virus type 1 protease
Cc1cc(SC2=C(O)OC(CCc3ccc(O)cc3)(C(C)C)CC2=O)c(C(C)(C)C)cc1NS(=O)(=O)c1ccc(C#N)cc1,8.657577319177793,2.2,1,CHEMBL169391,Human immunodeficiency virus type 1 protease
Cc1cc(SC2=C(O)OC(CCc3ccc(O)cc3)(C(C)C)CC2=O)c(C(C)(C)C)cc1NS(=O)(=O)c1ccc(C(F)(F)F)cc1,7.73754891026957,18.3,1,CHEMBL171873,Human immunodeficiency virus type 1 protease
Cc1cc(SC2=C(O)OC(CCc3ccc(O)cc3)(C(C)C)CC2=O)c(C(C)(C)C)cc1NS(=O)(=O)c1ccc(Cl)cc1,8.275724130399212,5.3,1,CHEMBL169543,Human immunodeficiency virus type 1 protease
Cc1cc(SC2=C(O)OC(CCc3ccc(O)cc3)(C(C)C)CC2=O)c(C(C)(C)C)cc1NS(=O)(=O)c1ccc(F)cc1,8.387216143280265,4.1,1,CHEMBL171720,Human immunodeficiency virus type 1 protease
Cc1cc(SC2=C(O)OC(CCc3ccc(O)cc3)(C(C)C)CC2=O)c(C(C)(C)C)cc1NS(=O)(=O)c1ccccc1,8.744727494896694,1.8,1,CHEMBL287361,Human immunodeficiency virus type 1 protease
Cc1cc(SC2=C(O)OC(CCc3ccc(O)cc3)(C(C)C)CC2=O)c(C(C)(C)C)cc1NS(=O)(=O)c1ccccn1,8.585026652029182,2.6,1,CHEMBL169714,Human immunodeficiency virus type 1 protease
Cc1cc(SC2=C(O)OC(CCc3ccc(O)cc3)(C(C)C)CC2=O)c(C(C)(C)C)cc1NS(=O)(=O)c1cccnc1,8.585026652029182,2.6,1,CHEMBL354867,Human immunodeficiency virus type 1 protease
Cc1cc(SC2=C(O)OC(CCc3ccc(O)cc3)(C(C)C)CC2=O)c(C(C)(C)C)cc1NS(=O)(=O)c1cccs1,8.060480747381382,8.7,1,CHEMBL354803,Human immunodeficiency virus type 1 protease
Cc1cc(SC2=C(O)OC(CCc3ccc(O)cc3)(C(C)C)CC2=O)c(C(C)(C)C)cc1NS(C)(=O)=O,8.397940008672037,4.0,1,CHEMBL352964,Human immunodeficiency virus type 1 protease
Cc1cc(SC2=C(O)OC(CCc3ccc(O)cc3)(C(C)C)CC2=O)c(C(C)(C)C)cc1OS(=O)(=O)Cn1ccnc1,8.619788758288394,2.4,1,CHEMBL170162,Human immunodeficiency virus type 1 protease
Cc1cc(SC2=C(O)OC(CCc3ccc(O)cc3)(C(C)C)CC2=O)c(C(C)(C)C)cc1OS(=O)(=O)N(C)C,8.468521082957745,3.4,2,CHEMBL312293,Human immunodeficiency virus type 1 protease
Cc1cc(SC2=C(O)OC(CCc3ccc(O)cc3)(C(C)C)CC2=O)c(C(C)(C)C)cc1OS(=O)(=O)N1CCN(C)CC1,8.508638306165727,3.1,1,CHEMBL71509,Human immunodeficiency virus type 1 protease
Cc1cc(SC2=C(O)OC(CCc3ccc(O)cc3)(C(C)C)CC2=O)c(C(C)(C)C)cc1OS(=O)(=O)N1CCOCC1,8.585026652029182,2.6,1,CHEMBL302289,Human immunodeficiency virus type 1 protease
Cc1cc(SC2=C(O)OC(CCc3ccc(O)cc3)(C(C)C)CC2=O)c(C(C)(C)C)cc1OS(=O)(=O)c1ccc(C#N)cc1,8.346787486224656,4.5,1,CHEMBL168839,Human immunodeficiency virus type 1 protease
Cc1cc(SC2=C(O)OC(CCc3ccc(O)cc3)(C(C)C)CC2=O)c(C(C)(C)C)cc1OS(=O)(=O)c1ccc(F)cc1,8.017728766960431,9.6,1,CHEMBL354216,Human immunodeficiency virus type 1 protease
Cc1cc(SC2=C(O)OC(CCc3ccc(O)cc3)(C(C)C)CC2=O)c(C(C)(C)C)cc1OS(=O)(=O)c1ccccc1,7.982966660701219,10.4,1,CHEMBL353812,Human immunodeficiency virus type 1 protease
Cc1cc(SC2=C(O)OC(CCc3ccc(O)cc3)(C(C)C)CC2=O)c(C(C)(C)C)cc1OS(=O)(=O)c1ccccn1,8.301029995663981,5.0,1,CHEMBL169535,Human immunodeficiency virus type 1 protease
Cc1cc(SC2=C(O)OC(CCc3ccc(O)cc3)(C(C)C)CC2=O)c(C(C)(C)C)cc1OS(=O)(=O)c1cccnc1,8.455931955649724,3.5,1,CHEMBL171786,Human immunodeficiency virus type 1 protease
Cc1cc(SC2=C(O)OC(CCc3ccc(O)cc3)(C(C)C)CC2=O)c(C(C)(C)C)cc1OS(=O)(=O)c1cccs1,7.661543506395395,21.8,1,CHEMBL169142,Human immunodeficiency virus type 1 protease
Cc1cc(SC2=C(O)OC(CCc3ccc(O)cc3)(C(C)C)CC2=O)c(C(C)(C)C)cc1OS(C)(=O)=O,8.657577319177793,2.2,1,CHEMBL166757,Human immunodeficiency virus type 1 protease
Cc1cc(SC2=C(O)OC(CCc3ccc(O)cc3)(C3CC3)CC2=O)c(C(C)(C)C)cc1N,8.387216143280265,4.1,1,CHEMBL35271,Human immunodeficiency virus type 1 protease
Cc1cc(SC2=C(O)OC(CCc3ccc(O)cc3)(C3CC3)CC2=O)c(C(C)(C)C)cc1NS(=O)(=O)c1ccccc1,8.443697499232712,3.6,1,CHEMBL168269,Human immunodeficiency virus type 1 protease
Cc1cc(SC2=C(O)OC(CCc3ccc(O)cc3)(C3CCCC3)CC2=O)c(C(C)(C)C)cc1N,8.221848749616356,6.0,1,CHEMBL37541,Human immunodeficiency virus type 1 protease
Cc1cc(SC2=C(O)OC(CCc3ccc(O)cc3)(C3CCCC3)CC2=O)c(C(C)(C)C)cc1NS(=O)(=O)c1ccccc1,8.065501548756432,8.6,1,CHEMBL169278,Human immunodeficiency virus type 1 protease
Cc1cc(SC2=C(O)OC(CCc3ccc(O)cc3)(C3CCCCC3)CC2=O)c(C(C)(C)C)cc1CO,8.387216143280265,4.1,1,CHEMBL332868,Human immunodeficiency virus type 1 protease
Cc1cc(SC2=C(O)OC(CCc3ccc(O)cc3)(C3CCCCC3)CC2=O)c(C(C)(C)C)cc1N,7.698970004336019,20.0,1,CHEMBL289799,Human immunodeficiency virus type 1 protease
Cc1cc(SC2=C(O)OC(CCc3ccc(O)cc3)(C3CCCCC3)CC2=O)c(C(C)(C)C)cc1OS(=O)(=O)Cn1ccnc1,8.096910013008056,8.0,1,CHEMBL169490,Human immunodeficiency virus type 1 protease
Cc1cc(SC2=C(O)OC(CCc3ccc(O)cc3)(C3CCCCC3)CC2=O)c(C(C)(C)C)cc1OS(=O)(=O)N(C)C,7.698970004336019,20.0,1,CHEMBL71980,Human immunodeficiency virus type 1 protease
Cc1cc(SC2=C(O)OC(CCc3ccc(O)cc3)(C3CCCCC3)CC2=O)c(C(C)(C)C)cc1OS(=O)(=O)N1CCN(C)CC1,8.013228265733755,9.7,1,CHEMBL71662,Human immunodeficiency virus type 1 protease
Cc1cc(SC2=C(O)OC(CCc3ccc(O)cc3)(C3CCCCC3)CC2=O)c(C(C)(C)C)cc1OS(=O)(=O)c1ccc(C#N)cc1,7.6777807052660805,21.0,1,CHEMBL171404,Human immunodeficiency virus type 1 protease
Cc1cc(SC2=C(O)OC(CCc3ccc(O)cc3)(C3CCCCC3)CC2=O)c(C(C)(C)C)cc1OS(=O)(=O)c1ccc(F)cc1,7.5376020021010435,29.0,1,CHEMBL355735,Human immunodeficiency virus type 1 protease
Cc1cc(SC2=C(O)OC(CCc3ccc(O)cc3)(C3CCCCC3)CC2=O)c(C(C)(C)C)cc1OS(=O)(=O)c1ccccc1,6.882728704344236,131.0,1,CHEMBL355438,Human immunodeficiency virus type 1 protease
Cc1cc(SC2=C(O)OC(CCc3ccc(O)cc3)(CC(C)C)CC2=O)c(C(C)(C)C)cc1N,7.8696662315049934,13.5,1,CHEMBL287118,Human immunodeficiency virus type 1 protease
Cc1cc(SC2=C(O)OC(CCc3ccc(O)cc3)(CC(C)C)CC2=O)c(C(C)(C)C)cc1OS(=O)(=O)Cn1ccnc1,8.443697499232712,3.6,1,CHEMBL433616,Human immunodeficiency virus type 1 protease
Cc1cc(SC2=C(O)OC(CCc3ccc(O)cc3)(c3ccc(O)cc3)CC2=O)c(C(C)(C)C)cc1CO,6.920818753952375,120.0,1,CHEMBL122388,Human immunodeficiency virus type 1 protease
Cc1cc(SC2=C(O)OC(CCc3ccc(O)cc3)(c3ccccc3)CC2=O)c(C(C)(C)C)cc1CO,8.769551078621726,1.7,1,CHEMBL121545,Human immunodeficiency virus type 1 protease
Cc1cc(SC2=C(O)OC(CCc3ccc4[nH]ccc4c3)(C(C)C)CC2=O)c(C(C)(C)C)cc1CO,9.008773924307505,0.98,1,CHEMBL306932,Human immunodeficiency virus type 1 protease
Cc1cc(SC2=C(O)OC(CCc3cccc(N)c3)(c3ccccc3)CC2=O)c(C(C)(C)C)cc1CO,8.397940008672037,4.0,1,CHEMBL123022,Human immunodeficiency virus type 1 protease
Cc1cc(SC2=C(O)OC(CCc3cccc(O)c3)(c3ccccc3)CC2=O)c(C(C)(C)C)cc1CO,8.602059991327963,2.5,1,CHEMBL123229,Human immunodeficiency virus type 1 protease
Cc1cc(SC2=C(O)OC(CCc3ccccc3)(C(C)C)CC2=O)c(C(C)(C)C)cc1N,8.462591779677412,3.45,2,CHEMBL288033,Human immunodeficiency virus type 1 protease
Cc1cc(SC2=C(O)OC(CCc3ccccc3)(C(C)C)CC2=O)c(C(C)(C)C)cc1NC(=O)c1ccc(C#N)cc1,7.853871964321762,14.0,1,CHEMBL284341,Human immunodeficiency virus type 1 protease
Cc1cc(SC2=C(O)OC(CCc3ccccc3)(C(C)C)CC2=O)c(C(C)(C)C)cc1NS(=O)(=O)Cn1ccnc1,8.721246399047171,1.9,1,CHEMBL169878,Human immunodeficiency virus type 1 protease
Cc1cc(SC2=C(O)OC(CCc3ccccc3)(C(C)C)CC2=O)c(C(C)(C)C)cc1NS(=O)(=O)c1ccc(C#N)cc1,8.040958607678906,9.1,1,CHEMBL169037,Human immunodeficiency virus type 1 protease
Cc1cc(SC2=C(O)OC(CCc3ccccc3)(C(C)C)CC2=O)c(C(C)(C)C)cc1NS(=O)(=O)c1ccccn1,8.522878745280337,3.0,1,CHEMBL169381,Human immunodeficiency virus type 1 protease
Cc1cc(SC2=C(O)OC(CCc3ccccc3)(C(C)C)CC2=O)c(C(C)(C)C)cc1NS(=O)(=O)c1cccnc1,8.455931955649724,3.5,1,CHEMBL353086,Human immunodeficiency virus type 1 protease
Cc1cc(SC2=C(O)OC(CCc3ccccc3)(C(C)C)CC2=O)c(C(C)(C)C)cc1NS(=O)(=O)c1cccs1,8.443697499232712,3.6,1,CHEMBL351155,Human immunodeficiency virus type 1 protease
Cc1cc(SC2=C(O)OC(CCc3ccccc3)(C(C)C)CC2=O)c(C(C)(C)C)cc1OS(=O)(=O)Cn1ccnc1,8.522878745280337,3.0,1,CHEMBL354829,Human immunodeficiency virus type 1 protease
Cc1cc(SC2=C(O)OC(CCc3ccccc3)(C(C)C)CC2=O)c(C(C)(C)C)cc1OS(=O)(=O)N1CCN(C)CC1,8.4089353929735,3.9,1,CHEMBL68032,Human immunodeficiency virus type 1 protease
Cc1cc(SC2=C(O)OC(CCc3ccccc3)(C(C)C)CC2=O)c(C(C)(C)C)cc1OS(=O)(=O)c1ccccn1,8.173925197299173,6.7,1,CHEMBL354615,Human immunodeficiency virus type 1 protease
Cc1cc(SC2=C(O)OC(CCc3ccccc3)(C(C)C)CC2=O)c(C(C)(C)C)cc1OS(=O)(=O)c1cccnc1,7.853871964321762,14.0,1,CHEMBL354499,Human immunodeficiency virus type 1 protease
Cc1cc(SC2=C(O)OC(CCc3ccccc3)(c3ccc(OCCO)cc3)CC2=O)c(C(C)(C)C)cc1CO,8.853871964321762,1.4,1,CHEMBL333906,Human immunodeficiency virus type 1 protease
Cc1cc(SC2=C(O)OC(CCc3ccccc3)(c3ccc(OCCO)cc3)CC2=O)c(C(C)(C)C)cc1O,8.431798275933005,3.7,1,CHEMBL123042,Human immunodeficiency virus type 1 protease
Cc1cc(SC2=C(O)OC(CCc3ccccc3)(c3ccc(OCCO)cc3)CC2=O)c(C(C)(C)C)cc1OCCO,8.193820026016112,6.4,1,CHEMBL333211,Human immunodeficiency virus type 1 protease
Cc1cc(SC2=C(O)OC(CCc3ccccc3)(c3ccccc3)CC2=O)c(C(C)(C)C)cc1CO,8.18045606445813,6.6,1,CHEMBL331412,Human immunodeficiency virus type 1 protease
Cc1cc(SC2=C(O)OC(CCc3ccccc3)(c3ccccc3)CC2=O)c(C(C)(C)C)cc1N,7.958607314841775,11.0,1,CHEMBL37813,Human immunodeficiency virus type 1 protease
Cc1cc(SC2=C(O)OC(CCc3ccccc3)(c3ccccc3)CC2=O)c(C(C)(C)C)cc1O,7.481486060122112,33.0,1,CHEMBL339407,Human immunodeficiency virus type 1 protease
Cc1cc(SC2=C(O)OC(CCc3ccccc3)(c3ccccc3)CC2=O)c(C(C)(C)C)cc1OCCO,8.167491087293763,6.8,1,CHEMBL333427,Human immunodeficiency virus type 1 protease
Cc1cc(SC2=C(O)OC(CCc3ccccn3)(C(C)C)CC2=O)c(C(C)(C)C)cc1CO,8.920818753952375,1.2,1,CHEMBL75118,Human immunodeficiency virus type 1 protease
Cc1cc(SC2=C(O)OC(CCc3cccnc3)(C(C)C)CC2=O)c(C(C)(C)C)cc1CO,9.0268721464003,0.94,1,CHEMBL74508,Human immunodeficiency virus type 1 protease
Cc1cc(SC2=C(O)OC(CCc3ccco3)(C(C)C)CC2=O)c(C(C)(C)C)cc1CO,9.10790539730952,0.78,1,CHEMBL311555,Human immunodeficiency virus type 1 protease
Cc1cc(SC2=C(O)OC(CCc3cccs3)(C(C)C)CC2=O)c(C(C)(C)C)cc1CO,9.455931955649724,0.35,1,CHEMBL77431,Human immunodeficiency virus type 1 protease
Cc1cc(SC2=C(O)OC(CCc3ccncc3)(C(C)C)CC2=O)c(C(C)(C)C)cc1CO,8.823908740944319,1.5,1,CHEMBL306534,Human immunodeficiency virus type 1 protease
Cc1cc(SC2=C(O)OC(CCc3ccoc3)(C(C)C)CC2=O)c(C(C)(C)C)cc1CO,9.468521082957745,0.34,1,CHEMBL78261,Human immunodeficiency virus type 1 protease
Cc1cc(SC2=C(O)OC(CCc3ccsc3)(C(C)C)CC2=O)c(C(C)(C)C)cc1CO,9.769551078621726,0.17,1,CHEMBL306073,Human immunodeficiency virus type 1 protease
Cc1cc(SC2=C(O)OC(CCc3ccsc3CO)(C(C)C)CC2=O)c(C(C)(C)C)cc1CO,7.853871964321762,14.0,1,CHEMBL308167,Human immunodeficiency virus type 1 protease
Cc1cc(SC2=C(O)OC(CCc3cncnc3)(C(C)C)CC2=O)c(C(C)(C)C)cc1CO,7.769551078621726,17.0,1,CHEMBL74275,Human immunodeficiency virus type 1 protease
Cc1cc(SC2=C(O)OC(CCc3cncs3)(C(C)C)CC2=O)c(C(C)(C)C)cc1CO,9.619788758288394,0.24,1,CHEMBL77497,Human immunodeficiency virus type 1 protease
Cc1cc(SC2=C(O)OC(CCc3csc(C(C)C)n3)(C(C)C)CC2=O)c(C(C)(C)C)cc1CO,8.795880017344075,1.6,1,CHEMBL74787,Human immunodeficiency virus type 1 protease
Cc1cc(SC2=C(O)OC(CCc3csc(CO)c3)(C(C)C)CC2=O)c(C(C)(C)C)cc1CO,9.721246399047171,0.19,1,CHEMBL77786,Human immunodeficiency virus type 1 protease
Cc1cc(SC2=C(O)OC(CCc3csc(N)n3)(C(C)C)CC2=O)c(C(C)(C)C)cc1CO,9.022276394711152,0.95,1,CHEMBL78327,Human immunodeficiency virus type 1 protease
Cc1cc(SC2=C(O)OC(CCc3cscc3C)(C(C)C)CC2=O)c(C(C)(C)C)cc1CO,9.387216143280265,0.41,1,CHEMBL265975,Human immunodeficiency virus type 1 protease
Cc1cc(SC2=C(O)OC(CCc3cscn3)(C(C)C)CC2=O)c(C(C)(C)C)cc1CO,8.886056647693163,1.3,1,CHEMBL77498,Human immunodeficiency virus type 1 protease
Cc1cc(SC2=C(O)OC(CCc3nc(C(C)C)cs3)(C(C)C)CC2=O)c(C(C)(C)C)cc1CO,7.853871964321762,14.0,1,CHEMBL78185,Human immunodeficiency virus type 1 protease
Cc1cc(SC2=C(O)OC(CCc3nc4ccccc4s3)(C(C)C)CC2=O)c(C(C)(C)C)cc1CO,8.853871964321762,1.4,1,CHEMBL308786,Human immunodeficiency virus type 1 protease
Cc1cc(SC2=C(O)OC(CCc3nccs3)(C(C)C)CC2=O)c(C(C)(C)C)cc1CO,9.244125144327509,0.57,1,CHEMBL76040,Human immunodeficiency virus type 1 protease
Cc1cc(SC2=C(O)OC(CCc3ncsc3C(C)C)(C(C)C)CC2=O)c(C(C)(C)C)cc1CO,8.236572006437063,5.8,1,CHEMBL77819,Human immunodeficiency virus type 1 protease
Cc1cc(SC2=C(O)OC(CCc3ncsc3C)(C(C)C)CC2=O)c(C(C)(C)C)cc1CO,8.886056647693163,1.3,1,CHEMBL78209,Human immunodeficiency virus type 1 protease
Cc1cc(SC2=C(O)OC(CCc3scnc3C(C)C)(C(C)C)CC2=O)c(C(C)(C)C)cc1CO,9.096910013008056,0.8,1,CHEMBL75070,Human immunodeficiency virus type 1 protease
Cc1cc(SC2=C(O)O[C@@](CCc3ccsc3)(C(C)C)CC2=O)c(C(C)(C)C)cc1CO,7.939302159646388,11.5,1,CHEMBL1907857,Human immunodeficiency virus type 1 protease
Cc1cc(SC2=C(O)O[C@](CCc3ccc(N)cc3)(C(C)C)CC2=O)c(C(C)(C)C)cc1CO,9.479303657420887,0.555,2,CHEMBL285759,Human immunodeficiency virus type 1 protease
Cc1cc(SC2=C(O)O[C@](CCc3ccc(O)cc3)(C(C)C)CC2=O)c(C(C)(C)C)cc1CO,9.0,1.0,1,CHEMBL37037,Human immunodeficiency virus type 1 protease
Cc1cc(SC2=C(O)O[C@](CCc3ccsc3)(C(C)C)CC2=O)c(C(C)(C)C)cc1CO,9.886056647693163,0.13,1,CHEMBL2092879,Human immunodeficiency virus type 1 protease
Cc1cc(S[C@@H]2CCN(C[C@@H](O)[C@H](Cc3ccccc3)NC(=O)COc3c(C)cccc3C)[C@H](C(=O)NC(C)(C)C)C2)nc(C)n1,8.823908740944319,1.5,1,CHEMBL275969,Human immunodeficiency virus type 1 protease
Cc1cc2oc(CN3CCN(C[C@@H](O)C[C@@H](Cc4ccccc4)C(=O)NC4c5ccccc5C[C@H]4O)[C@H](C(=O)NC(C)(C)C)C3)cc2cn1,9.721246399047171,0.19,1,CHEMBL325013,Human immunodeficiency virus type 1 protease
Cc1ccc(-c2cc(O)c(SCc3ccccc3)c(=O)o2)cc1,4.911509529817604,12260.0,1,CHEMBL14931,Human immunodeficiency virus type 1 protease
Cc1ccc(-c2cc(O)c(Sc3ccccc3C(C)C)c(=O)o2)cc1,7.229147988357855,59.0,1,CHEMBL12257,Human immunodeficiency virus type 1 protease
Cc1ccc(-n2ccc(CN3CCN(C[C@@H](O)C[C@@H](Cc4cccnc4)C(=O)N[C@H]4c5ccccc5OC[C@H]4O)[C@H](C(=O)NCC(F)(F)F)C3)c2)cc1,10.221848749616356,0.06,1,CHEMBL340733,Human immunodeficiency virus type 1 protease
Cc1ccc(C(=O)N(C)Cc2ccccn2)cc1C(=O)N[C@@H](Cc1ccccc1)[C@H](O)CN1C[C@H]2CCCC[C@H]2C[C@H]1C(=O)NC(C)(C)C,8.065501548756432,8.6,1,CHEMBL163243,Human immunodeficiency virus type 1 protease
Cc1ccc(C(=O)N2CCc3ccccc3C2)cc1C(=O)N[C@@H](Cc1ccccc1)[C@H](O)CN1C[C@H]2CCCC[C@H]2C[C@H]1C(=O)NC(C)(C)C,7.860120913598763,13.8,1,CHEMBL3706748,Human immunodeficiency virus type 1 protease
Cc1ccc(C(=O)N2CCc3ccccc3C2)cc1C(=O)N[C@@H](Cc1ccccc1)[C@H](O)Cc1ccccc1C(=O)NC(C)(C)C,8.214670164989233,6.1,1,CHEMBL347662,Human immunodeficiency virus type 1 protease
Cc1ccc(C(=O)NC(C)(C)C)c(C[C@@H](O)[C@H](Cc2ccccc2)NC(=O)[C@H](CC(N)=O)NC(=O)c2ccc3ccccc3n2)c1,8.657577319177793,2.2,1,CHEMBL29259,Human immunodeficiency virus type 1 protease
Cc1ccc(C(=O)N[C@@H](Cc2ccc(C(F)(F)F)cc2)[C@H](O)C(=O)N2C[C@@H](Cl)C[C@H]2C(=O)NC(C)(C)C)c(C)c1O,8.200659450546418,6.3,1,CHEMBL117769,Human immunodeficiency virus type 1 protease
Cc1ccc(C(=O)N[C@@H](Cc2ccc3ccccc3c2)[C@H](O)C(=O)N2C[C@@H](Cl)C[C@H]2C(=O)NC(C)(C)C)c(C)c1O,8.494850021680094,3.2,1,CHEMBL117271,Human immunodeficiency virus type 1 protease
Cc1ccc(C(=O)N[C@@H](Cc2cccc(C(F)(F)F)c2)[C@H](O)C(=O)N2C[C@@H](Cl)C[C@H]2C(=O)NC(C)(C)C)c(C)c1O,8.455931955649724,3.5,1,CHEMBL116439,Human immunodeficiency virus type 1 protease
Cc1ccc(C(=O)N[C@@H](Cc2ccccc2)[C@H](O)C(=O)N2C[C@@H](Cl)C[C@H]2C(=O)NC(C)(C)C)c(C)c1O,8.086186147616283,8.2,1,CHEMBL324524,Human immunodeficiency virus type 1 protease
Cc1ccc(C(=O)N[C@@H](Cc2ccccc2)[C@H](O)Cc2ccccc2C(=O)NC(C)(C)C)cc1C(=O)N1CCc2ccccc2C1,6.173925197299173,670.0,1,CHEMBL163616,Human immunodeficiency virus type 1 protease
Cc1ccc(C(C)(C)C)c(SC2=C(O)OC(CCc3ccc(N)cc3)(c3ccccc3)CC2=O)c1,7.619788758288394,24.0,1,CHEMBL123183,Human immunodeficiency virus type 1 protease
Cc1ccc(C(C)(C)C)c(SC2=C(O)OC(CCc3ccc(O)cc3)(c3ccccc3)CC2=O)c1,7.958607314841775,11.0,1,CHEMBL121758,Human immunodeficiency virus type 1 protease
Cc1ccc(C(C)(C)C)c(SC2=C(O)OC(CCc3ccccc3)(C(C)C)CC2=O)c1,8.958607314841775,1.1,1,CHEMBL372040,Human immunodeficiency virus type 1 protease
Cc1ccc(C(C)(C)C)c(SC2=C(O)OC(CCc3ccccc3)(c3ccc(N)cc3)CC2=O)c1,7.494850021680094,32.0,1,CHEMBL331846,Human immunodeficiency virus type 1 protease
Cc1ccc(C(C)(C)C)c(SC2=C(O)OC(CCc3ccccc3)(c3ccc(O)cc3)CC2=O)c1,7.3979400086720375,40.0,1,CHEMBL125719,Human immunodeficiency virus type 1 protease
Cc1ccc(C(C)(C)C)c(SC2=C(O)OC(CCc3ccccc3)(c3ccc(OCCO)cc3)CC2=O)c1,7.920818753952375,12.0,1,CHEMBL119488,Human immunodeficiency virus type 1 protease
Cc1ccc(C(C)(C)C)c(SC2=C(O)OC(CCc3ccccc3)(c3ccccc3)CC2=O)c1,7.455931955649724,35.0,6,CHEMBL418511,Human immunodeficiency virus type 1 protease
Cc1ccc(C(C)(C)C)c(SC2=C(O)OC(c3ccccc3)(c3ccccc3)CC2=O)c1,7.920818753952375,12.0,1,CHEMBL331724,Human immunodeficiency virus type 1 protease
Cc1ccc(C(C)(C)C)c(SC2=C(O)O[C@](CCc3ccccc3)(c3ccccc3)CC2=O)c1,8.0,10.0,1,CHEMBL289402,Human immunodeficiency virus type 1 protease
Cc1ccc(C(C)(C)C)c(Sc2c(O)cc(-c3ccccc3)oc2=O)c1,7.051296430169209,155.0,2,CHEMBL340472,Human immunodeficiency virus type 1 protease
Cc1ccc(C(C)C)c(SC2=C(O)OC(CCc3ccccc3)(c3ccccc3)CC2=O)c1,7.628637434347651,43.0,2,CHEMBL122426,Human immunodeficiency virus type 1 protease
Cc1ccc(C(C)C)c(SC2=C(O)OC(c3ccccc3)(c3ccccc3)CC2=O)c1,7.42021640338319,38.0,1,CHEMBL122480,Human immunodeficiency virus type 1 protease
Cc1ccc(C(C)C)c(SC2=C(O)O[C@@](CCc3ccccc3)(c3ccccc3)CC2=O)c1,6.886056647693163,130.0,1,CHEMBL2111824,Human immunodeficiency virus type 1 protease
Cc1ccc(C(C)C)c(SC2=C(O)O[C@](CCc3ccccc3)(c3ccccc3)CC2=O)c1,8.221848749616356,6.0,1,CHEMBL2448127,Human immunodeficiency virus type 1 protease
Cc1ccc(C(C)C)c(Sc2c(O)cc(-c3ccccc3)oc2=O)c1,7.769551078621726,17.0,1,CHEMBL126058,Human immunodeficiency virus type 1 protease
Cc1ccc(C)c(N2CCN(Cc3cn([C@@H](Cc4ccccc4)[C@H](Cc4ccccc4)NC(=O)OC4CCCC4)nn3)CC2)c1,4.6020599913279625,25000.0,1,CHEMBL386847,Human immunodeficiency virus type 1 protease
Cc1ccc(CN2CCN(C[C@@H](O)C[C@@H](Cc3ccccc3)C(=O)NC3c4ccccc4C[C@H]3O)[C@H](C(=O)NC(C)(C)C)C2)cn1,9.207608310501746,0.62,1,CHEMBL333607,Human immunodeficiency virus type 1 protease
Cc1ccc(CN2CCN(C[C@@H](O)[C@H](Cc3ccccc3)NC(=O)O[C@@H]3CCS(=O)(=O)[C@@H]3C(C)C)[C@H](C(=O)NC(C)(C)C)C2)cn1,8.698970004336019,2.0,1,CHEMBL75310,Human immunodeficiency virus type 1 protease
Cc1ccc(COC(COCc2ccccc2)C(O)C(O)C(COCc2ccccc2)OCc2ccc(C)cc2)cc1,5.431798275933005,3700.0,1,CHEMBL120218,Human immunodeficiency virus type 1 protease
Cc1ccc(COCC(OCc2ccc(C)cc2)C(O)C(O)C(COCc2ccc(C)cc2)OCc2ccc(C)cc2)cc1,5.154901959985743,7000.0,1,CHEMBL261987,Human immunodeficiency virus type 1 protease
Cc1ccc(COCC(OCc2ccccc2)C(O)C(O)C(COCc2ccc(C)cc2)OCc2ccccc2)cc1,5.522878745280337,3000.0,1,CHEMBL121243,Human immunodeficiency virus type 1 protease
Cc1ccc(CSc2c(O)cc(-c3ccccc3)oc2=O)cc1,5.33913452199613,4580.0,1,CHEMBL14262,Human immunodeficiency virus type 1 protease
Cc1ccc(C[C@@H](O)C[C@@H](Cc2ccccc2)C(=O)N[C@H]2c3ccccc3C[C@H]2O)c(C(=O)NC(C)(C)C)c1,8.769551078621726,1.7,1,CHEMBL58043,Human immunodeficiency virus type 1 protease
Cc1ccc(C[C@@H](O)[C@H](Cc2ccccc2)NC(=O)[C@H](CC(N)=O)NC(=O)c2ccc3ccccc3n2)c(C(=O)NC(C)(C)C)c1,8.468521082957745,3.4,1,CHEMBL27120,Human immunodeficiency virus type 1 protease
Cc1ccc(C[C@H](C[C@H](O)[C@H](Cc2ccccc2)NC(=O)OC(C)(C)C)C(=O)NC2c3ccccc3C[C@@H]2O)cc1,9.54000474395261,0.2884,1,CHEMBL139804,Human immunodeficiency virus type 1 protease
Cc1ccc(C[C@H](C[C@H](O)[C@H](Cc2ccccc2)NC(=O)OC(C)(C)C)C(=O)N[C@@H]2c3ccccc3C[C@H]2O)cc1,9.538051504796238,0.2897,1,CHEMBL103821,Human immunodeficiency virus type 1 protease
Cc1ccc(C[C@H](C[C@H](O)[C@H](Cc2ccccc2)NC(=O)OC(C)(C)C)C(=O)N[C@H]2c3ccccc3C[C@H]2O)cc1,9.537602002101044,0.29,3,CHEMBL265516,Human immunodeficiency virus type 1 protease
Cc1ccc(C[C@H](NC(=O)c2c(C)ccc(O)c2C)[C@H](O)C(=O)N2C[C@@H](Cl)C[C@H]2C(=O)NC(C)(C)C)cc1,8.443697499232712,3.6,1,CHEMBL325199,Human immunodeficiency virus type 1 protease
Cc1ccc(C[C@H](NC(=O)c2ccc(C)c(O)c2C)[C@H](O)C(=O)N2C[C@@H](Cl)C[C@H]2C(=O)NC(C)(C)C)cc1,8.065501548756432,8.6,1,CHEMBL117024,Human immunodeficiency virus type 1 protease
Cc1ccc(O)c(C)c1C(=O)N[C@@H](Cc1ccc(C(F)(F)F)cc1)[C@H](O)C(=O)N1C[C@@H](Cl)C[C@H]1C(=O)NC(C)(C)C,8.4089353929735,3.9,1,CHEMBL116552,Human immunodeficiency virus type 1 protease
Cc1ccc(O)c(C)c1C(=O)N[C@@H](Cc1ccc2ccccc2c1)[C@H](O)C(=O)N1C[C@@H](Cl)C[C@H]1C(=O)NC(C)(C)C,8.55284196865778,2.8,1,CHEMBL324710,Human immunodeficiency virus type 1 protease
Cc1ccc(O)c(C)c1C(=O)N[C@@H](Cc1cccc(C(F)(F)F)c1)[C@H](O)C(=O)N1C[C@@H](Cl)C[C@H]1C(=O)NC(C)(C)C,8.337242168318426,4.6,1,CHEMBL325824,Human immunodeficiency virus type 1 protease
Cc1ccc(O)c(C)c1C(=O)N[C@@H](Cc1ccccc1)[C@H](O)C(=O)N1C[C@@H](Cl)C[C@H]1C(=O)NC(C)(C)C,8.602059991327963,2.5,1,CHEMBL116723,Human immunodeficiency virus type 1 protease
Cc1ccc(S(=O)(=O)N(CC(C)C)[C@@H](CCCCNC(=O)OCC2c3ccccc3-c3ccccc32)C(=O)O)cc1,8.301029995663981,5.0,1,CHEMBL359756,Human immunodeficiency virus type 1 protease
Cc1ccc(S(=O)(=O)N/N=C(/CCN2CCCC2)CC(c2ccccc2)c2c(O)oc3ccccc3c2=O)cc1,4.0,100000.0,1,CHEMBL431195,Human immunodeficiency virus type 1 protease
Cc1ccc(S(=O)(=O)[C@H](C)NC(=O)N[C@H](C(=O)N[C@@H](Cc2ccccc2)[C@@H](O)C(=O)N[C@H]2Cc3ccc(cc3)OCCCNC(=O)[C@H](C(C)C)NC2=O)C(C)C)cc1,7.886056647693163,13.0,1,CHEMBL72129,Human immunodeficiency virus type 1 protease
Cc1ccc(S(=O)(=O)c2c(C(N)=O)[nH]c3ccc(Cl)cc23)cc1,6.958607314841775,110.0,1,CHEMBL84217,Human immunodeficiency virus type 1 protease
Cc1ccc2oc(=O)c3cc(N)ccc3c2c1,4.0,100000.0,1,CHEMBL182348,Human immunodeficiency virus type 1 protease
Cc1ccc2oc(=O)c3cc([N+](=O)[O-])ccc3c2c1,4.301029995663981,50000.0,1,CHEMBL182831,Human immunodeficiency virus type 1 protease
Cc1cccc(-c2cc(O)c(SCc3ccccc3)c(=O)o2)c1,6.0655015487564325,860.0,1,CHEMBL14792,Human immunodeficiency virus type 1 protease
Cc1cccc(-c2cc(O)c(Sc3ccccc3C(C)C)c(=O)o2)c1,7.853871964321762,14.0,2,CHEMBL275546,Human immunodeficiency virus type 1 protease
Cc1cccc(-n2ccc(CN3CCN(C[C@@H](O)C[C@@H](Cc4cccnc4)C(=O)N[C@H]4c5ccccc5OC[C@H]4O)[C@H](C(=O)NCC(F)(F)F)C3)c2)c1,10.0,0.1,1,CHEMBL341176,Human immunodeficiency virus type 1 protease
Cc1cccc(C)c1C(=O)N[C@@H](Cc1ccccc1)[C@H](O)C(=O)N1C[C@@H](Cl)C[C@H]1C(=O)NC(C)(C)C,8.443697499232712,3.6,1,CHEMBL324388,Human immunodeficiency virus type 1 protease
Cc1cccc(C)c1CCC(=O)N[C@@H](Cc1ccccc1)[C@H](O)CN1CC[C@@H](OCc2ccncc2)C[C@H]1C(=O)NC(C)(C)C,5.619788758288394,2400.0,1,CHEMBL12906,Human immunodeficiency virus type 1 protease
Cc1cccc(C)c1CNC(=O)[C@H]1N(C(=O)[C@@H](O)C[C@@H](Cc2ccccc2)C(=O)N[C@H]2c3ccccc3C[C@H]2O)CSC1(C)C,10.207608310501746,0.062,3,CHEMBL298189,Human immunodeficiency virus type 1 protease
Cc1cccc(C)c1CNC(=O)[C@H]1N(C(=O)[C@@H](O)C[C@@H](Cc2ccccc2)C(=O)N[C@H]2c3ccccc3OC[C@H]2O)CSC1(C)C,8.943095148663527,1.14,3,CHEMBL298393,Human immunodeficiency virus type 1 protease
Cc1cccc(C)c1CNC(=O)[C@H]1N(C(=O)[C@H](O)C[C@@H](Cc2ccccc2)C(=O)N[C@H]2c3ccccc3OC[C@H]2O)CSC1(C)C,10.096910013008056,0.08,3,CHEMBL52702,Human immunodeficiency virus type 1 protease
Cc1cccc(C)c1COC(=O)N[C@@H](Cc1ccccc1)[C@H](O)CN1CC[C@@H](OCc2ccncc2)C[C@H]1C(=O)NC(C)(C)C,6.376750709602099,420.0,1,CHEMBL265333,Human immunodeficiency virus type 1 protease
Cc1cccc(C)c1OC(C)C(=O)N[C@@H](Cc1ccccc1)[C@H](O)CN1CC[C@@H](OCc2ccncc2)C[C@H]1C(=O)NC(C)(C)C,7.698970004336019,20.0,1,CHEMBL274128,Human immunodeficiency virus type 1 protease
Cc1cccc(C)c1OCC(=O)N(Cc1ccccc1)C[C@@H]1CNC[C@H]1CN(CC(C)C)S(=O)(=O)c1ccccc1,5.657577319177793,2200.0,1,CHEMBL5287187,Human immunodeficiency virus type 1 protease
Cc1cccc(C)c1OCC(=O)N[C@@H](Cc1cccc(Br)c1)[C@H](O)C[C@H](CC(C)C)S(=O)(=O)c1ccc(F)cc1,6.9622265193037345,112.5,2,CHEMBL371457,Human immunodeficiency virus type 1 protease
Cc1cccc(C)c1OCC(=O)N[C@@H](Cc1cccc(Br)c1)[C@H](O)C[C@H](CC(C)C)S(=O)(=O)c1ccc(N(C)C)cc1,6.102372908709558,790.0,1,CHEMBL383583,Human immunodeficiency virus type 1 protease
Cc1cccc(C)c1OCC(=O)N[C@@H](Cc1ccccc1)[C@@H](O)C[C@H](Cc1ccccc1)NC(=O)[C@H](C(C)C)N1CCCNC1=O,7.6020599913279625,25.0,1,CHEMBL729,Human immunodeficiency virus type 1 protease
Cc1cccc(C)c1OCC(=O)N[C@@H](Cc1ccccc1)[C@H](O)C(=O)N(Cc1ccccc1)NC(=O)COc1c(C)cccc1C,5.301029995663981,5000.0,1,CHEMBL177918,Human immunodeficiency virus type 1 protease
Cc1cccc(C)c1OCC(=O)N[C@@H](Cc1ccccc1)[C@H](O)CN(CC(C)C)S(=O)(=O)c1ccc(N)cc1,8.585026652029182,2.6,1,CHEMBL265588,Human immunodeficiency virus type 1 protease
Cc1cccc(C)c1OCC(=O)N[C@@H](Cc1ccccc1)[C@H](O)CN1CC[C@@H](OCc2ccncc2)C[C@H]1C(=O)NC(C)(C)C,8.154901959985743,7.0,1,CHEMBL272599,Human immunodeficiency virus type 1 protease
Cc1cccc(C)c1OCC(=O)N[C@@H](Cc1ccccc1)[C@H](O)CN1CC[C@@H](SCc2cccnc2)C[C@H]1C(=O)NC(C)(C)C,8.769551078621726,1.7,1,CHEMBL13011,Human immunodeficiency virus type 1 protease
Cc1cccc(C)c1OCC(=O)N[C@@H](Cc1ccccc1)[C@H](O)CN1CC[C@@H](SCc2ccncc2)C[C@H]1C(=O)NC(C)(C)C,8.744727494896694,1.8,1,CHEMBL13217,Human immunodeficiency virus type 1 protease
Cc1cccc(C)c1OCC(=O)N[C@@H](Cc1ccccc1)[C@H](O)CN1CC[C@@H](Sc2ccncc2)C[C@H]1C(=O)NC(C)(C)C,8.795880017344075,1.6,1,CHEMBL267571,Human immunodeficiency virus type 1 protease
Cc1cccc(C)c1OCC(=O)N[C@@H](Cc1ccccc1)[C@H](O)CN1C[C@H]2CCCC[C@H]2C[C@H]1C(=O)NC(C)(C)C,8.075720713938118,8.4,1,CHEMBL12900,Human immunodeficiency virus type 1 protease
Cc1cccc(C)c1OCC(=O)N[C@H](Cc1cccc(Br)c1)[C@@H](O)C[C@@H](CC(C)C)S(=O)(=O)c1ccc(F)cc1,5.698970004336019,2000.0,1,CHEMBL194238,Human immunodeficiency virus type 1 protease
Cc1cccc(CSc2c(O)cc(-c3ccccc3)oc2=O)c1,5.068542129310995,8540.0,1,CHEMBL15001,Human immunodeficiency virus type 1 protease
Cc1cccc(C[C@@H](O)[C@H](Cc2ccccc2)NC(=O)[C@H](CC(N)=O)NC(=O)c2ccc3ccccc3n2)c1C(=O)NC(C)(C)C,7.552841968657781,28.0,1,CHEMBL29010,Human immunodeficiency virus type 1 protease
Cc1cccc(C[C@H](NC(=O)c2c(C)ccc(O)c2C)[C@H](O)C(=O)N2C[C@@H](Cl)C[C@H]2C(=O)NC(C)(C)C)c1,8.468521082957745,3.4,1,CHEMBL327147,Human immunodeficiency virus type 1 protease
Cc1cccc(C[C@H](NC(=O)c2cc(C)cc(O)c2C)[C@H](O)C(=O)N2C[C@@H](Cl)C[C@H]2C(=O)NC(C)(C)C)c1,8.886056647693163,1.3,1,CHEMBL331585,Human immunodeficiency virus type 1 protease
Cc1cccc(C[C@H](NC(=O)c2ccc(C)c(O)c2C)[C@H](O)C(=O)N2C[C@@H](Cl)C[C@H]2C(=O)NC(C)(C)C)c1,8.602059991327963,2.5,1,CHEMBL117495,Human immunodeficiency virus type 1 protease
Cc1cccc(Cl)c1CNC(=O)[C@H]1N(C(=O)[C@@H](O)C[C@@H](Cc2ccccc2)C(=O)N[C@H]2c3ccccc3OC[C@H]2O)CSC1(C)C,10.096910013008056,0.08,3,CHEMBL52669,Human immunodeficiency virus type 1 protease
Cc1ccccc1-c1cc(O)c(SCc2ccccc2)c(=O)o1,4.84893674664625,14160.0,1,CHEMBL14698,Human immunodeficiency virus type 1 protease
Cc1ccccc1-c1cc(O)c(Sc2ccccc2C(C)C)c(=O)o1,5.871277715661574,1345.0,1,CHEMBL12484,Human immunodeficiency virus type 1 protease
Cc1ccccc1-n1ccc(CN2CCN(C[C@@H](O)C[C@@H](Cc3cccnc3)C(=O)N[C@H]3c4ccccc4OC[C@H]3O)[C@H](C(=O)NCC(F)(F)F)C2)c1,9.795880017344075,0.16,1,CHEMBL337449,Human immunodeficiency virus type 1 protease
Cc1ccccc1CCC(=O)N[C@@H](Cc1ccccc1)[C@H](O)CN1CC[C@@H](OCc2ccncc2)C[C@H]1C(=O)NC(C)(C)C,5.6020599913279625,2500.0,1,CHEMBL13075,Human immunodeficiency virus type 1 protease
Cc1ccccc1CNC(=O)[C@H]1N(C(=O)[C@@H](O)C[C@@H](Cc2ccccc2)C(=O)N[C@H]2c3ccccc3OC[C@H]2O)CSC1(C)C,9.397940008672037,0.4,3,CHEMBL52645,Human immunodeficiency virus type 1 protease
Cc1ccccc1CNC(=O)[C@H]1N(C[C@@H](O)C[C@@H](Cc2ccccc2)C(=O)N[C@H]2c3ccccc3OC[C@H]2O)CSC1(C)C,8.102372908709558,7.9,3,CHEMBL54182,Human immunodeficiency virus type 1 protease
Cc1ccccc1COC(=O)N[C@@H](Cc1ccccc1)[C@H](O)CN1CC[C@@H](OCc2ccncc2)C[C@H]1C(=O)NC(C)(C)C,6.6777807052660805,210.0,1,CHEMBL267553,Human immunodeficiency virus type 1 protease
Cc1ccccc1COC(COCc1ccccc1F)C(O)C(O)C(COCc1ccccc1F)OCc1ccccc1C,6.096910013008056,800.0,1,CHEMBL334149,Human immunodeficiency virus type 1 protease
Cc1ccccc1CSc1c(O)cc(-c2ccccc2)oc1=O,5.270025714300444,5370.0,1,CHEMBL278942,Human immunodeficiency virus type 1 protease
Cc1ccccc1C[C@H](NC(=O)c1c(C)ccc(O)c1C)[C@H](O)C(=O)N1C[C@@H](Cl)C[C@H]1C(=O)NC(C)(C)C,7.464705879957229,34.3,1,CHEMBL333827,Human immunodeficiency virus type 1 protease
Cc1ccccc1C[C@H](NC(=O)c1ccc(C)c(O)c1C)[C@H](O)C(=O)N1C[C@@H](Cl)C[C@H]1C(=O)NC(C)(C)C,7.30189945437661,49.9,1,CHEMBL324285,Human immunodeficiency virus type 1 protease
Cc1ccccc1OCC(=O)N[C@@H](Cc1ccccc1)[C@H](O)CN1CC[C@@H](OCc2ccncc2)C[C@H]1C(=O)NC(C)(C)C,6.920818753952375,120.0,1,CHEMBL12449,Human immunodeficiency virus type 1 protease
Cc1ccccc1SC1=C(O)OC(CCc2ccccc2)(c2ccccc2)CC1=O,7.136677139879544,73.0,1,CHEMBL339426,Human immunodeficiency virus type 1 protease
Cc1ccccc1SC1=C(O)OC(c2ccccc2)(c2ccccc2)CC1=O,6.411168274405792,388.0,1,CHEMBL338554,Human immunodeficiency virus type 1 protease
Cc1cccnc1CNC(=O)[C@H]1N(C(=O)[C@@H](O)C[C@@H](Cc2ccccc2)C(=O)N[C@H]2c3ccccc3OC[C@H]2O)CSC1(C)C,9.585026652029182,0.26,3,CHEMBL301571,Human immunodeficiency virus type 1 protease
Cc1ccnc(C)c1CNC(=O)[C@H]1N(C(=O)[C@@H](O)C[C@@H](Cc2ccccc2)C(=O)N[C@H]2c3ccccc3OC[C@H]2O)CSC1(C)C,9.142667503568731,0.72,3,CHEMBL299884,Human immunodeficiency virus type 1 protease
Cc1ccnc2c1NC(=O)c1cccnc1N2C1CC1,4.94692155651658,11300.0,3,CHEMBL57,Human immunodeficiency virus type 1 protease
Cc1ccncc1-c1ccc(C[C@H](C[C@H](O)CN2CCN(C(C)(C)c3ncc(-c4ccc(Cl)cc4)s3)C[C@H]2C(=O)NCC(F)(F)F)C(=O)N[C@H]2c3ccccc3OC[C@H]2O)o1,10.522878745280337,0.03,1,CHEMBL372527,Human immunodeficiency virus type 1 protease
Cc1ccncc1-c1ccc(C[C@H](C[C@H](O)CN2CCN(Cc3ccc(-c4ccc(Cl)cc4)o3)C[C@H]2C(=O)NCC(F)(F)F)C(=O)N[C@H]2c3ccccc3OC[C@H]2O)o1,10.096910013008056,0.08,1,CHEMBL198531,Human immunodeficiency virus type 1 protease
Cc1ccncc1-c1ccc(C[C@H](C[C@H](O)CN2CCN(Cc3ccc(-c4ccc(Cl)cc4)s3)C[C@H]2C(=O)NCC(F)(F)F)C(=O)N[C@H]2c3ccccc3OC[C@H]2O)o1,10.397940008672037,0.04,1,CHEMBL370179,Human immunodeficiency virus type 1 protease
Cc1ccncc1-c1ccc(C[C@H](C[C@H](O)CN2CCN(Cc3csc(-c4ccc(F)cc4)n3)C[C@H]2C(=O)NCC(F)(F)F)C(=O)N[C@H]2c3ccccc3OC[C@H]2O)o1,9.958607314841775,0.11,1,CHEMBL197114,Human immunodeficiency virus type 1 protease
Cc1ccncc1-c1ccc(C[C@H](C[C@H](O)CN2CCN(Cc3ncc(-c4ccc(Cl)cc4)o3)C[C@H]2C(=O)NCC(F)(F)F)C(=O)N[C@H]2c3ccccc3OC[C@H]2O)o1,10.522878745280337,0.03,1,CHEMBL439513,Human immunodeficiency virus type 1 protease
Cc1ccncc1C(=O)N[C@H](C(=O)NCCCC[C@@H](CO)N(CC(C)C)S(=O)(=O)c1ccc(N)cc1)C(c1ccccc1)c1ccccc1,9.397940008672037,0.4,1,CHEMBL378829,Human immunodeficiency virus type 1 protease
Cc1ccsc1SC1=C(O)OC(CCc2ccccc2)(c2ccccc2)CC1=O,6.709965388637482,195.0,1,CHEMBL62390,Human immunodeficiency virus type 1 protease
Cc1cn([C@H]2C[C@H](N=[N+]=[N-])[C@@H](CO)O2)c(=O)[nH]c1=O,7.717076090663241,19.5,4,CHEMBL129,Human immunodeficiency virus type 1 protease
Cc1cnc(-c2[nH]c3ccc(Cl)cc3c2S(=O)(=O)c2ccccc2)[nH]1,8.327902142064282,4.7,1,CHEMBL253018,Human immunodeficiency virus type 1 protease
Cc1cnc(CCC2(C(C)C)CC(=O)C(Sc3cc(C)c(CO)cc3C(C)(C)C)=C(O)O2)s1,7.721246399047171,19.0,1,CHEMBL74654,Human immunodeficiency virus type 1 protease
Cc1csc(CCC2(C(C)C)CC(=O)C(Sc3cc(C)c(CO)cc3C(C)(C)C)=C(O)O2)n1,9.346787486224656,0.45,1,CHEMBL306963,Human immunodeficiency virus type 1 protease
Cc1nc(-c2[nH]c3ccc(Cl)cc3c2S(=O)(=O)c2ccccc2)[nH]c1C,8.292429823902063,5.1,1,CHEMBL148372,Human immunodeficiency virus type 1 protease
Cc1nc(C)c(C(=O)N[C@H](C(=O)N[C@@H](Cc2ccccc2)C[C@H](O)[C@H](Cc2ccccc2)NC(=O)[C@@H](NC(=O)c2sc(C)nc2C)C(C)C)C(C)C)s1,7.886056647693163,13.0,1,CHEMBL99725,Human immunodeficiency virus type 1 protease
Cc1nc(C)c(C(=O)N[C@H](C(=O)N[C@@H](Cc2ccccc2)[C@@H](O)[C@H](O)[C@H](Cc2ccccc2)NC(=O)[C@@H](NC(=O)c2sc(C)nc2C)C(C)C)C(C)C)s1,6.0655015487564325,860.0,1,CHEMBL318387,Human immunodeficiency virus type 1 protease
Cc1nc(CCC2(C(C)C)CC(=O)C(Sc3cc(C)c(CO)cc3C(C)(C)C)=C(O)O2)cs1,7.886056647693163,13.0,1,CHEMBL77685,Human immunodeficiency virus type 1 protease
Cc1nc(S(=O)(=O)N2CCN(C[C@@H](O)C[C@@H](Cc3ccccc3)C(=O)NC3c4ccccc4C[C@H]3O)[C@H](C(=O)NC(C)(C)C)C2)c(C)s1,9.795880017344075,0.16,1,CHEMBL116628,Human immunodeficiency virus type 1 protease
Cc1ncccc1C(=O)N[C@H](C(=O)NCCCC[C@@H](CO)N(CC(C)C)S(=O)(=O)c1ccc(N)cc1)C(c1ccccc1)c1ccccc1,9.397940008672037,0.4,1,CHEMBL208879,Human immunodeficiency virus type 1 protease
Cc1nn(C)c2ncc(CN3CCN(C[C@@H](O)C[C@@H](Cc4ccccc4)C(=O)NC4c5ccccc5C[C@H]4O)[C@H](C(=O)NC(C)(C)C)C3)c(Cl)c12,9.853871964321762,0.14,1,CHEMBL326336,Human immunodeficiency virus type 1 protease
Cc1nn(C)c2ncc(CN3CCN(C[C@@H](O)C[C@@H](Cc4ccccc4)C(=O)NC4c5ccccc5C[C@H]4O)[C@H](C(=O)NC(C)(C)C)C3)cc12,9.455931955649724,0.35,1,CHEMBL115080,Human immunodeficiency virus type 1 protease
Cc1nnc(C[C@H](C[C@H](O)CN2CCN(C(C)(C)c3ncc(-c4ccc(Cl)cc4)o3)C[C@H]2C(=O)NCC(F)(F)F)C(=O)N[C@H]2CCOC[C@H]2O)o1,10.610924374808178,0.034999999999999996,2,CHEMBL361443,Human immunodeficiency virus type 1 protease
Cc1nnc(C[C@H](C[C@H](O)CN2CCN(C(C)(C)c3ncc(-c4ccc(F)cc4)o3)C[C@H]2C(=O)NCC(F)(F)F)C(=O)N[C@H]2CCOC[C@H]2O)o1,10.210108201691595,0.105,2,CHEMBL364404,Human immunodeficiency virus type 1 protease
Cc1nnc(C[C@H](C[C@H](O)CN2CCN(Cc3ccc(-c4ccc(Cl)cc4)o3)C[C@H]2C(=O)NCC(F)(F)F)C(=O)N[C@H]2CCOC[C@H]2O)o1,11.0,0.01,1,CHEMBL361292,Human immunodeficiency virus type 1 protease
Cc1noc(C)c1CNC(=O)[C@H]1N(C(=O)[C@@H](O)C[C@@H](Cc2ccccc2)C(=O)N[C@H]2c3ccccc3OC[C@H]2O)CSC1(C)C,9.67778070526608,0.21,3,CHEMBL297720,Human immunodeficiency virus type 1 protease
Cc1nsc(C)c1CNC(=O)[C@H]1N(C(=O)[C@@H](O)C[C@@H](Cc2ccccc2)C(=O)N[C@H]2c3ccccc3OC[C@H]2O)CSC1(C)C,9.958607314841775,0.11,3,CHEMBL300754,Human immunodeficiency virus type 1 protease
Cn1cc(CN2CCN(C[C@@H](O)C[C@@H](Cc3ccccc3)C(=O)NC3c4ccccc4C[C@H]3O)[C@H](C(=O)NC(C)(C)C)C2)c2ccccc21,7.326262784591899,169.45,2,CHEMBL151824,Human immunodeficiency virus type 1 protease
Cn1cc(CN2CCN(C[C@@H](O)C[C@@H](Cc3ccccc3)C(=O)NC3c4ccccc4C[C@H]3O)[C@H](C(=O)NC(C)(C)C)C2)ccc1=O,7.770153011761014,66.6,2,CHEMBL356205,Human immunodeficiency virus type 1 protease
Cn1cnc(Cn2c(=O)[nH]/c(=N\c3cc4cn(C)nc4cc3Cl)n(Cc3cc(F)c(F)cc3F)c2=O)n1,4.0,100000.0,1,CHEMBL5183847,Human immunodeficiency virus type 1 protease
Cn1cnc(S(=O)(=O)Nc2cccc(C(c3c(O)cc(C(CC4CC4)CC4CC4)oc3=O)C3CC3)c2)c1,5.903437700822769,1250.0,4,CHEMBL78887,Human immunodeficiency virus type 1 protease
Cn1cnc(S(=O)(=O)Nc2cccc(C(c3c(O)cc(CCc4ccccc4)oc3=O)C3CC3)c2)c1,5.522878745280337,3000.0,1,CHEMBL78958,Human immunodeficiency virus type 1 protease
Cn1nc(C(F)(F)F)cc1-c1ccc(CN2CCN(C[C@@H](O)C[C@@H](Cc3ccccc3)C(=O)NC3c4ccccc4C[C@H]3O)[C@H](C(=O)NC(C)(C)C)C2)s1,9.55395269865476,0.365,2,CHEMBL149166,Human immunodeficiency virus type 1 protease
Cn1nc(C(F)(F)F)cc1-c1ccc(CN2CCN(C[C@@H](O)C[C@@H](Cc3ccccc3)C(=O)N[C@H]3c4ccccc4C[C@H]3O)[C@H](C(=O)NC(C)(C)C)C2)s1,9.610924374808178,0.35,2,CHEMBL422323,Human immunodeficiency virus type 1 protease
Cn1nnnc1SC[C@H](NS(C)(=O)=O)C(=O)N[C@@H](Cc1ccccc1)[C@H](O)Cc1ccccc1C(=O)NC(C)(C)C,7.756961951313706,17.5,1,CHEMBL275792,Human immunodeficiency virus type 1 protease
Cn1nnnc1[S+]([O-])C[C@H](NS(C)(=O)=O)C(=O)N[C@@H](Cc1ccccc1)[C@H](O)Cc1ccccc1C(=O)NC(C)(C)C,8.67778070526608,2.1,1,CHEMBL276833,Human immunodeficiency virus type 1 protease
N#Cc1ccc(-n2ccc(CN3CCN(C[C@@H](O)C[C@@H](Cc4cccnc4)C(=O)N[C@H]4c5ccccc5OC[C@H]4O)[C@H](C(=O)NCC(F)(F)F)C3)c2)cc1,10.0,0.1,1,CHEMBL334572,Human immunodeficiency virus type 1 protease
N#Cc1ccc(COC(COCc2ccccc2)C(O)C(O)C(COCc2ccccc2)OCc2ccc(C#N)cc2)cc1,5.267606240177032,5400.0,1,CHEMBL120466,Human immunodeficiency virus type 1 protease
N#Cc1ccc(COCC(OCc2ccc(C#N)cc2)C(O)C(O)C(COCc2ccc(C#N)cc2)OCc2ccc(C#N)cc2)cc1,5.508638306165727,3100.0,1,CHEMBL121035,Human immunodeficiency virus type 1 protease
N#Cc1ccc(COCC(OCc2ccccc2)C(O)C(O)C(COCc2ccc(C#N)cc2)OCc2ccccc2)cc1,5.366531544420414,4300.0,1,CHEMBL121427,Human immunodeficiency virus type 1 protease
N#Cc1ccc(S(=O)(=O)Nc2cccc(C(c3c(O)c4c(oc3=O)CCCCCC4)C3CC3)c2)cc1,5.698970004336019,2000.0,2,CHEMBL2062136,Human immunodeficiency virus type 1 protease
N#Cc1ccc(S(=O)(=O)Nc2cccc(C(c3c(O)oc(C(CC4CC4)CC4CC4)cc3=O)C3CC3)c2)cc1,5.657577319177793,2200.0,1,CHEMBL80494,Human immunodeficiency virus type 1 protease
N#Cc1cccc(-n2ccc(CN3CCN(C[C@@H](O)C[C@@H](Cc4cccnc4)C(=O)N[C@H]4c5ccccc5OC[C@H]4O)[C@H](C(=O)NCC(F)(F)F)C3)c2)c1,9.823908740944319,0.15,1,CHEMBL276121,Human immunodeficiency virus type 1 protease
N#Cc1cccc(OCCCc2c(O)c3ccccc3oc2=O)c1,6.173925197299173,670.0,1,CHEMBL91025,Human immunodeficiency virus type 1 protease
N#Cc1ccccc1-n1ccc(CN2CCN(C[C@@H](O)C[C@@H](Cc3cccnc3)C(=O)N[C@H]3c4ccccc4OC[C@H]3O)[C@H](C(=O)NCC(F)(F)F)C2)c1,9.337242168318426,0.46,1,CHEMBL406460,Human immunodeficiency virus type 1 protease
NC(=O)C(F)(F)C(=O)C(Cc1ccccc1)NC(=O)OCc1ccccc1,3.5228787452803374,300000.0,1,CHEMBL83579,Human immunodeficiency virus type 1 protease
NC(=O)CC(N)C(=O)N[C@@H](Cc1ccccc1)[C@H](O)CN[C@@H](Cc1ccccc1)C(=O)NC1c2ccccc2C[C@H]1O,5.958607314841775,1100.0,1,CHEMBL309402,Human immunodeficiency virus type 1 protease
NC(=O)CC(NC(=O)c1ccc2ccccc2n1)C(=O)N[C@@H](Cc1ccccc1)[C@H](O)CN[C@@H](Cc1ccccc1)C(=O)NC1c2ccccc2C[C@H]1O,8.267606240177031,5.4,1,CHEMBL315253,Human immunodeficiency virus type 1 protease
NC(=O)CCCC1(c2ccccc2)CC(=O)C(SCCc2ccccc2)=C(O)O1,5.886056647693163,1300.0,1,CHEMBL121837,Human immunodeficiency virus type 1 protease
NC(=O)CCCCC1(c2ccccc2)CC(=O)C(SCCc2ccccc2)=C(O)O1,6.471083299722345,338.0,1,CHEMBL125597,Human immunodeficiency virus type 1 protease
NC(=O)CCCCCCCCCCCNC(=O)[C@H](Cc1ccc(O)c([N+](=O)[O-])c1)NC(=O)[C@H](CC1CCCCC1)NC(=O)/C=C/C(=O)O,4.698970004336019,20000.0,1,CHEMBL366146,Human immunodeficiency virus type 1 protease
NC(=O)C[C@H]1CC(C2=C(O)[C@](Cc3ccccc3)(C[C@H](O)[C@H](Cc3ccccc3)NC(=O)O[C@H]3CCOC3)N=C2)c2ccccc21,8.619788758288394,2.4,1,CHEMBL383732,Human immunodeficiency virus type 1 protease
NC(=O)OC[C@@H]1CCCOC1,6.158640529545145,694.0,1,CHEMBL354897,Human immunodeficiency virus type 1 protease
NC(=O)O[C@@H]1Cc2ccccc2C1C1=C(O)[C@](Cc2ccccc2)(C[C@H](O)[C@H](Cc2ccccc2)NC(=O)O[C@H]2CCOC2)N=C1,7.619788758288394,145.0,2,CHEMBL55070,Human immunodeficiency virus type 1 protease
NC(=O)O[C@@H]1Cc2ccccc2[C@@H]1C1=C(O)[C@](Cc2ccccc2)(C[C@H](O)[C@H](Cc2ccccc2)NC(=O)O[C@H]2CCOC2)N=C1,8.698970004336019,2.0,1,CHEMBL382463,Human immunodeficiency virus type 1 protease
NC(=O)[C@@H]1CCCN1P(=O)(O)C(Cc1ccccc1)NC(=O)C(F)(F)F,3.916139199133427,121300.0,1,CHEMBL1161406,Human immunodeficiency virus type 1 protease
NC(=O)[C@H](Cc1ccccc1)NP(=O)(O)C(Cc1ccccc1)NC(=O)C(F)(F)F,3.9788107009300617,105000.0,1,CHEMBL1161407,Human immunodeficiency virus type 1 protease
NC(=O)c1[nH]c2ccc(Cl)cc2c1S(=O)(=O)c1ccccc1,7.042141831027003,93.5,4,CHEMBL283950,Human immunodeficiency virus type 1 protease
NC(=O)c1[nH]c2ccc(Cl)cc2c1Sc1ccccc1,5.982966660701219,1040.0,3,CHEMBL286759,Human immunodeficiency virus type 1 protease
NC(=O)c1[nH]c2ccc(Cl)cc2c1[S+]([O-])c1ccccc1,5.856985199745905,1390.0,3,CHEMBL23401,Human immunodeficiency virus type 1 protease
NC(=O)c1ccc(COC(COCc2ccccc2)C(O)C(O)C(COCc2ccccc2)OCc2ccc(C(N)=O)cc2)cc1,4.698970004336019,20000.0,1,CHEMBL331444,Human immunodeficiency virus type 1 protease
NC(=O)c1cccc(OCCCc2c(O)oc3ccccc3c2=O)c1,5.4089353929735005,3900.0,1,CHEMBL91773,Human immunodeficiency virus type 1 protease
NC1C(OCc2ccccc2)OC(CO)C(OCc2ccccc2)C1N,3.688246138944246,205000.0,1,CHEMBL17894,Human immunodeficiency virus type 1 protease
NC1C(OCc2ccccc2)OC(COC(=O)Nc2ccccc2)C(OCc2ccccc2)C1N,4.552841968657781,28000.0,1,CHEMBL278187,Human immunodeficiency virus type 1 protease
NCc1ccc(COC(COCc2ccccc2)C(O)C(O)C(COCc2ccccc2)OCc2ccc(CN)cc2)cc1,4.568636235841013,27000.0,1,CHEMBL122655,Human immunodeficiency virus type 1 protease
NS(=O)(=O)c1ccccc1C[C@@H](O)C[C@@H](Cc1ccccc1)C(=O)N[C@H]1c2ccccc2C[C@H]1O,6.5376020021010435,290.0,1,CHEMBL59022,Human immunodeficiency virus type 1 protease
N[C@@H](Cc1ccccc1)C(O)CN[C@@H](Cc1ccccc1)C(=O)NC1c2ccccc2C[C@H]1O,4.200659450546418,63000.0,1,CHEMBL313367,Human immunodeficiency virus type 1 protease
N[C@@H](Cc1ccccc1)C(O)[C@@H](N)Cc1ccccc1,5.0,10000.0,1,CHEMBL9417,Human immunodeficiency virus type 1 protease
N[S+]([O-])(CCc1ccccc1)=NCC(=O)OCc1ccccc1,2.3010299956639813,5000000.0,1,CHEMBL1627194,Human immunodeficiency virus type 1 protease
Nc1ccc(C(=O)N[C@@H](Cc2ccccc2)C[C@H](O)[C@H](Cc2ccccc2)NC(=O)OCc2ccccc2)c(Cl)c1,8.214670164989233,6.1,1,CHEMBL91657,Human immunodeficiency virus type 1 protease
Nc1ccc(C(=O)N[C@@H](Cc2ccccc2)C[C@H](O)[C@H](Cc2ccccc2)NC(=O)OCc2ccccc2)cc1O,7.657577319177793,22.0,1,CHEMBL90510,Human immunodeficiency virus type 1 protease
Nc1ccc(S(=O)(=O)N(C[C@@H](O)[C@H](Cc2ccccc2)NC(=O)CN2CCOCC2)C2CC2)cc1,5.0,10000.0,1,CHEMBL4646160,Human immunodeficiency virus type 1 protease
Nc1ccc(S(=O)(=O)N(C[C@@H](O)[C@H](Cc2ccccc2)NC(=O)N2CCOCC2)C2CC2)cc1,6.1938200260161125,640.0,1,CHEMBL4640416,Human immunodeficiency virus type 1 protease
Nc1ccc(S(=O)(=O)N(C[C@@H](O)[C@H](Cc2ccccc2)NC(=O)OCCN2CCOCC2)C2CC2)cc1,7.214670164989233,61.0,1,CHEMBL4641584,Human immunodeficiency virus type 1 protease
Nc1ccc(S(=O)(=O)N(C[C@@H](O)[C@H](Cc2ccccc2)NC(=O)O[C@H]2CO[C@H]3OCC[C@H]32)OC2CCCC2)cc1,6.673664139071248,212.0,3,CHEMBL189347,Human immunodeficiency virus type 1 protease
Nc1ccc(S(=O)(=O)N(C[C@@H](O)[C@H](Cc2ccccc2)NC(=O)O[C@H]2CO[C@H]3OCC[C@H]32)OC2CCCCC2)cc1,8.096910013008056,8.0,1,CHEMBL362524,Human immunodeficiency virus type 1 protease
Nc1ccc(S(=O)(=O)N(C[C@@H](O)[C@H](Cc2ccccc2)NCC(=O)N2CCOCC2)C2CC2)cc1,5.939302159646388,1150.0,1,CHEMBL4634384,Human immunodeficiency virus type 1 protease
Nc1ccc(S(=O)(=O)N(C[C@@H](O)[C@H](Cc2ccccc2)NCCN2CCOCC2)C2CC2)cc1,6.026872146400302,940.0,1,CHEMBL4649183,Human immunodeficiency virus type 1 protease
Nc1ccc2c(c1)c(=O)oc1ccc(CBr)cc12,4.301029995663981,50000.0,1,CHEMBL182782,Human immunodeficiency virus type 1 protease
Nc1cccc(CO[C@@H]2[C@H](O)[C@@H](O)[C@@H](OCc3cccc(N)c3)[C@@H](Cc3ccccc3)S(=O)(=O)[C@@H]2Cc2ccccc2)c1,9.0,1.0,1,CHEMBL324071,Human immunodeficiency virus type 1 protease
Nc1cccc(OCCCc2c(O)oc3ccccc3c2=O)c1,5.1938200260161125,6400.0,1,CHEMBL92171,Human immunodeficiency virus type 1 protease
Nc1cccc(S(=O)(=O)N(C[C@@H](O)[C@H](Cc2ccccc2)NC(=O)O[C@H]2CO[C@H]3OCC[C@H]32)OC2CCCC2)c1,7.769551078621726,17.0,1,CHEMBL189858,Human immunodeficiency virus type 1 protease
Nc1cccc(S(=O)(=O)N(C[C@@H](O)[C@H](Cc2ccccc2)NC(=O)O[C@H]2CO[C@H]3OCC[C@H]32)OC2CCCCC2)c1,7.958607314841775,11.0,1,CHEMBL362510,Human immunodeficiency virus type 1 protease
Nc1nc(-c2[nH]c3ccc(Cl)cc3c2S(=O)(=O)c2ccccc2)cs1,7.698970004336019,20.0,1,CHEMBL558604,Human immunodeficiency virus type 1 protease
O=C(/C=C(/CN1CCC(O)(c2ccc(Cl)cc2)CC1)SCCO)c1ccccc1,3.853871964321762,140000.0,1,CHEMBL158756,Human immunodeficiency virus type 1 protease
O=C(/C=C/CN1CCC(O)(c2ccc(Cl)cc2)CC1)c1ccc(F)cc1,4.096910013008056,80000.0,1,CHEMBL159101,Human immunodeficiency virus type 1 protease
O=C(/C=C/C[N+]1([O-])CCC(O)(c2ccc(Cl)cc2)CC1)c1ccc(F)cc1,4.522878745280337,30000.0,1,CHEMBL160413,Human immunodeficiency virus type 1 protease
O=C(/C=C/c1ccccc1)Nc1cccc(C(c2c(O)oc3c(c2=O)CCCCCC3)C2CC2)c1,4.767003889607846,17100.0,1,CHEMBL139070,Human immunodeficiency virus type 1 protease
O=C(C#CCN1CCC(O)(c2ccc(Cl)cc2)CC1)c1ccc(-c2ccccc2)cc1,4.0,100000.0,1,CHEMBL161613,Human immunodeficiency virus type 1 protease
O=C(C#CCN1CCC(O)(c2ccc(Cl)cc2)CC1)c1cccc(-c2ccccc2)c1,4.200659450546418,63000.0,1,CHEMBL159191,Human immunodeficiency virus type 1 protease
O=C(C#CCN1CCC(O)(c2ccc(Cl)cc2)CC1)c1ccccc1,4.698970004336019,20000.0,1,CHEMBL161488,Human immunodeficiency virus type 1 protease
O=C(CCCN1CCC(O)(c2ccc(Cl)cc2)CC1)c1ccc(F)cc1,3.9030899869919438,125000.0,1,CHEMBL54,Human immunodeficiency virus type 1 protease
O=C(CCc1c(O)c2ccccc2oc1=O)c1ccccc1,4.045757490560675,90000.0,1,CHEMBL91766,Human immunodeficiency virus type 1 protease
O=C(CCc1ccccc1)NCC(=O)OCc1ccccc1,2.5228787452803374,3000000.0,1,CHEMBL39772,Human immunodeficiency virus type 1 protease
O=C(CN1CCOCC1)N[C@@H](Cc1ccccc1)[C@H](O)CN(C1CC1)S(=O)(=O)c1ccc(C(F)(F)F)cc1,6.3979400086720375,400.0,1,CHEMBL4640777,Human immunodeficiency virus type 1 protease
O=C(CN1CCOCC1)N[C@@H](Cc1ccccc1)[C@H](O)CN(C1CC1)S(=O)(=O)c1ccc([N+](=O)[O-])cc1,5.265200170411153,5430.0,1,CHEMBL4639282,Human immunodeficiency virus type 1 protease
O=C(CN[C@@H](Cc1ccccc1)[C@H](O)CN(C1CC1)S(=O)(=O)c1ccc(C(F)(F)F)cc1)N1CCOCC1,5.8996294548824375,1260.0,1,CHEMBL4643347,Human immunodeficiency virus type 1 protease
O=C(CN[C@@H](Cc1ccccc1)[C@H](O)CN(C1CC1)S(=O)(=O)c1ccc([N+](=O)[O-])cc1)N1CCOCC1,5.0,10000.0,1,CHEMBL4634200,Human immunodeficiency virus type 1 protease
O=C(COc1ccc(Cl)cc1Cl)N[C@@H](Cc1cccc(Br)c1)[C@H](O)C[C@H](CCc1ccc(Cl)cc1Cl)S(=O)(=O)c1ccc(F)cc1,5.0,10000.0,1,CHEMBL436088,Human immunodeficiency virus type 1 protease
O=C(Cc1ccccc1)Nc1cccc(C(c2c(O)oc3c(c2=O)CCCCCC3)C2CC2)c1,4.761953896871205,17300.0,1,CHEMBL139519,Human immunodeficiency virus type 1 protease
O=C(NC(C(=O)NC(Cc1ccc(OCc2ccccc2)cc1)C(=O)C(F)(F)C(=O)NCc1ccccc1)C1CCCC1)OCc1ccccc1,8.221848749616356,6.0,1,CHEMBL82829,Human immunodeficiency virus type 1 protease
O=C(NC(C(=O)NC(Cc1ccc(OCc2ccccc2)cc1)C(=O)C(F)(F)C(=O)NCc1ccccc1)C1CCCCC1)OCc1ccccc1,7.154901959985743,70.0,1,CHEMBL81135,Human immunodeficiency virus type 1 protease
O=C(NC1=C(Cl)C(=O)c2ccccc2C1=O)C(=O)c1c(O)c2ccccc2oc1=O,4.0,100000.0,1,CHEMBL79480,Human immunodeficiency virus type 1 protease
O=C(NC1c2ccccc2C[C@@H]1O)[C@H](Cc1ccccc1)CC(O)C[C@@H](Cc1ccccc1)C(=O)NC1c2ccccc2C[C@@H]1O,9.160019442321657,0.6918,1,CHEMBL342135,Human immunodeficiency virus type 1 protease
O=C(NNC(=O)c1ccccc1S)c1ccccc1S,4.022878745280337,95000.0,2,CHEMBL157428,Human immunodeficiency virus type 1 protease
O=C(NNC(=O)c1ccccc1SSc1ccccc1C(=O)NNC(=O)c1ccccc1S)c1ccccc1S,4.022878745280337,95000.0,2,CHEMBL157373,Human immunodeficiency virus type 1 protease
O=C(N[C@@H](Cc1cccc(Br)c1)[C@H](O)C[C@H](CCc1ccc(Cl)cc1Cl)S(=O)(=O)c1ccc(F)cc1)[C@H]1CCCO1,6.161196523639753,2842.5,2,CHEMBL370663,Human immunodeficiency virus type 1 protease
O=C(N[C@@H](Cc1ccccc1)C(=O)N1CCC(=O)C1Sc1ccccc1)c1ccc2ccccc2n1,5.301029995663981,5000.0,1,CHEMBL302877,Human immunodeficiency virus type 1 protease
O=C(N[C@@H](Cc1ccccc1)C(=O)N1CCC(=O)C1Sc1ccccc1)c1cccnc1,7.0,100.0,1,CHEMBL294635,Human immunodeficiency virus type 1 protease
O=C(N[C@@H](Cc1ccccc1)C1(O)CCN([C@@H](Cc2ccccc2)C(=O)N[C@H]2c3ccccc3C[C@H]2O)CC1)O[C@H]1CCOC1,4.527243550682788,29700.0,1,CHEMBL69250,Human immunodeficiency virus type 1 protease
O=C(N[C@@H](Cc1ccccc1)C[C@H](O)[C@H](Cc1ccccc1)NC(=O)OCc1ccccc1)OCc1ccccc1,8.2518119729938,5.6,1,CHEMBL314753,Human immunodeficiency virus type 1 protease
O=C(N[C@@H](Cc1ccccc1)[C@@H](O)C[C@@H](Cc1ccccc1)C(=O)NC1c2ccccc2C[C@@H]1O)OC1CCOC1,10.219970872662662,0.06026,1,CHEMBL136146,Human immunodeficiency virus type 1 protease
O=C(N[C@@H](Cc1ccccc1)[C@@H](O)C[C@@H](Cc1ccccc1)C(=O)N[C@H]1c2ccccc2C[C@H]1O)OC1CCCC1,9.481486060122112,0.33,1,CHEMBL101560,Human immunodeficiency virus type 1 protease
O=C(N[C@@H](Cc1ccccc1)[C@@H](O)C[C@@H](Cc1ccccc1)C(=O)N[C@H]1c2ccccc2C[C@H]1O)OC1CCOC1,10.522878745280337,0.03,2,CHEMBL2062160,Human immunodeficiency virus type 1 protease
O=C(N[C@@H](Cc1ccccc1)[C@@H](O)C[C@@H](Cc1ccccc1)C(=O)N[C@H]1c2ccccc2C[C@H]1O)OC1CCOCC1,8.913640169325252,1.22,1,CHEMBL98885,Human immunodeficiency virus type 1 protease
O=C(N[C@@H](Cc1ccccc1)[C@@H](O)C[C@@H](Cc1ccccc1)C(=O)N[C@H]1c2ccccc2C[C@H]1O)O[C@@H]1CCCOC1,10.522878745280337,0.03,1,CHEMBL319792,Human immunodeficiency virus type 1 protease
O=C(N[C@@H](Cc1ccccc1)[C@@H](O)C[C@@H](Cc1ccccc1)C(=O)N[C@H]1c2ccccc2C[C@H]1O)O[C@@H]1CCOC1,10.522878745280337,0.03,1,CHEMBL319092,Human immunodeficiency virus type 1 protease
O=C(N[C@@H](Cc1ccccc1)[C@@H](O)C[C@@H](Cc1ccccc1)C(=O)N[C@H]1c2ccccc2C[C@H]1O)O[C@H]1CCCOC1,10.522878745280337,0.03,1,CHEMBL430469,Human immunodeficiency virus type 1 protease
O=C(N[C@@H](Cc1ccccc1)[C@@H](O)C[C@@H](Cc1ccccc1)C(=O)N[C@H]1c2ccccc2C[C@H]1O)O[C@H]1CCOC1,10.221993538576491,0.05998,5,CHEMBL319408,Human immunodeficiency virus type 1 protease
O=C(N[C@@H](Cc1ccccc1)[C@@H](O)C[C@H](Cc1ccccc1)NC(=O)c1ccc(O)cc1Cl)OCc1ccccc1,8.886056647693163,1.3,1,CHEMBL90751,Human immunodeficiency virus type 1 protease
O=C(N[C@@H](Cc1ccccc1)[C@@H](O)C[C@H](Cc1ccccc1)NC(=O)c1ccccc1)OCc1ccccc1,7.508638306165727,31.0,1,CHEMBL91102,Human immunodeficiency virus type 1 protease
O=C(N[C@@H](Cc1ccccc1)[C@@H](O)C[C@]1(Cc2ccccc2)CCN([C@@H]2CS(=O)(=O)Cc3ccccc32)C1=O)O[C@H]1CCOC1,8.744727494896694,1.8,1,CHEMBL357039,Human immunodeficiency virus type 1 protease
O=C(N[C@@H](Cc1ccccc1)[C@@H](O)C[C@]1(Cc2ccccc2)N=CC(C2CNC(=O)c3ccccc32)=C1O)O[C@H]1CCOC1,8.244125144327509,5.7,1,CHEMBL300812,Human immunodeficiency virus type 1 protease
O=C(N[C@@H](Cc1ccccc1)[C@@H](O)C[C@]1(Cc2ccccc2)N=CC(C2c3ccccc3C[C@H]2O)=C1O)O[C@H]1CCOC1,8.698970004336019,2.0,3,CHEMBL293808,Human immunodeficiency virus type 1 protease
O=C(N[C@@H](Cc1ccccc1)[C@@H](O)C[C@]1(Cc2ccccc2)N=CC([C@@H]2CNC(=O)c3ccccc32)=C1O)O[C@H]1CCOC1,8.244125144327509,5.7,1,CHEMBL371678,Human immunodeficiency virus type 1 protease
O=C(N[C@@H](Cc1ccccc1)[C@@H](O)C[C@]1(Cc2ccccc2)N=CC([C@H]2c3ccccc3C[C@H]2O)=C1O)O[C@H]1CCOC1,8.698970004336019,2.0,1,CHEMBL202110,Human immunodeficiency virus type 1 protease
O=C(N[C@@H](Cc1ccccc1)[C@H](O)CN(C1CC1)S(=O)(=O)c1ccc(C(F)(F)F)cc1)N1CCOCC1,7.327902142064283,47.0,1,CHEMBL4648367,Human immunodeficiency virus type 1 protease
O=C(N[C@@H](Cc1ccccc1)[C@H](O)CN(C1CC1)S(=O)(=O)c1ccc(C(F)(F)F)cc1)OCCN1CCOCC1,6.920818753952375,120.0,1,CHEMBL4642712,Human immunodeficiency virus type 1 protease
O=C(N[C@@H](Cc1ccccc1)[C@H](O)CN(C1CC1)S(=O)(=O)c1ccc([N+](=O)[O-])cc1)N1CCOCC1,6.102372908709558,790.0,1,CHEMBL4645388,Human immunodeficiency virus type 1 protease
O=C(N[C@@H](Cc1ccccc1)[C@H](O)CN(C1CC1)S(=O)(=O)c1ccc([N+](=O)[O-])cc1)OCCN1CCOCC1,7.096910013008056,80.0,1,CHEMBL4637416,Human immunodeficiency virus type 1 protease
O=C(N[C@@H](Cc1ccccc1)[C@H](O)CN(CC1CCCCC1)S(=O)(=O)c1ccccc1)OCc1ccccc1,7.853871964321762,14.0,1,CHEMBL348282,Human immunodeficiency virus type 1 protease
O=C(N[C@@H](Cc1ccccc1)[C@H](O)CN(Cc1ccccc1)S(=O)(=O)c1ccccc1)OCc1ccccc1,6.721246399047171,190.0,1,CHEMBL154197,Human immunodeficiency virus type 1 protease
O=C(N[C@@H](Cc1ccccc1)[C@H](O)CN(OC1CCCC1)S(=O)(=O)c1ccc(O)cc1)O[C@H]1CO[C@H]2OCC[C@H]21,7.920818753952375,12.0,1,CHEMBL189244,Human immunodeficiency virus type 1 protease
O=C(N[C@@H](Cc1ccccc1)[C@H](O)CN(OC1CCCC1)S(=O)(=O)c1ccc2c(c1)OCCO2)O[C@H]1CO[C@H]2OCC[C@H]21,6.735182176990463,184.0,3,CHEMBL439853,Human immunodeficiency virus type 1 protease
O=C(N[C@@H](Cc1ccccc1)[C@H](O)CN(OC1CCCC1)S(=O)(=O)c1ccc2c(c1)OCO2)O[C@H]1CO[C@H]2OCC[C@H]21,8.154901959985743,7.0,1,CHEMBL190372,Human immunodeficiency virus type 1 protease
O=C(N[C@@H](Cc1ccccc1)[C@H](O)CN(OC1CCCCC1)S(=O)(=O)c1ccc(O)cc1)O[C@H]1CO[C@H]2OCC[C@H]21,7.356547323513812,44.0,3,CHEMBL361082,Human immunodeficiency virus type 1 protease
O=C(N[C@@H](Cc1ccccc1)[C@H](O)CN(OC1CCCCC1)S(=O)(=O)c1ccc2c(c1)OCCO2)O[C@H]1CO[C@H]2OCC[C@H]21,7.0,100.0,3,CHEMBL362312,Human immunodeficiency virus type 1 protease
O=C(N[C@@H](Cc1ccccc1)[C@H](O)CN(OC1CCCCC1)S(=O)(=O)c1ccc2c(c1)OCO2)O[C@H]1CO[C@H]2OCC[C@H]21,6.97061622231479,107.0,3,CHEMBL364424,Human immunodeficiency virus type 1 protease
O=C(N[C@@H](Cc1ccccc1)[C@H](O)CNC[C@@H](O)[C@H](Cc1ccccc1)NC(=O)OCc1ccccc1)OCc1ccccc1,5.468521082957745,3400.0,1,CHEMBL48147,Human immunodeficiency virus type 1 protease
O=C(N[C@H](CC[C@H](O)[C@H](Cc1ccccc1)NC(=O)c1ccccc1NS(=O)(=O)c1ccccn1)Cc1ccccc1)c1ccccc1NS(=O)(=O)c1ccccn1,5.522878745280337,3000.0,1,CHEMBL305436,Human immunodeficiency virus type 1 protease
O=C(N[C@H](Cc1cccc(Br)c1)[C@@H](O)C[C@@H](CCc1ccc(Cl)cc1Cl)S(=O)(=O)c1ccc(F)cc1)[C@H]1CCCO1,4.3979400086720375,40000.0,1,CHEMBL370415,Human immunodeficiency virus type 1 protease
O=C(N[C@H]1CCCC[C@@H]1NC(=O)[C@H](Cc1ccccc1)CC(O)C[C@@H](Cc1ccccc1)C(=O)N[C@H]1CCCC[C@@H]1NC(=O)c1cc2ccccc2cn1)c1cc2ccccc2cn1,7.346787486224656,45.0,1,CHEMBL348047,Human immunodeficiency virus type 1 protease
O=C(N[C@H]1CCCC[C@@H]1NC(=O)[C@H](Cc1ccccc1)CC(O)C[C@@H](Cc1ccccc1)C(=O)N[C@H]1CCCC[C@@H]1NC(=O)c1ccc2ccccc2n1)c1ccc2ccccc2n1,7.3979400086720375,40.0,1,CHEMBL345868,Human immunodeficiency virus type 1 protease
O=C(N[C@H]1CCCC[C@@H]1NC(=O)[C@H](Cc1ccccc1)CC(O)C[C@@H](Cc1ccccc1)C(=O)N[C@H]1CCCC[C@@H]1NC(=O)c1ccccn1)c1ccccn1,6.3979400086720375,400.0,1,CHEMBL153845,Human immunodeficiency virus type 1 protease
O=C(N[C@H]1CCCC[C@@H]1NC(=O)[C@H](Cc1ccccc1)CC(O)C[C@@H](Cc1ccccc1)C(=O)N[C@H]1CCCC[C@@H]1NC(=O)c1cccnc1)c1cccnc1,6.221848749616356,600.0,1,CHEMBL345630,Human immunodeficiency virus type 1 protease
O=C(N[C@H]1CCCC[C@@H]1NC(=O)[C@H](Cc1ccccc1)CC(O)C[C@@H](Cc1ccccc1)C(=O)N[C@H]1CCCC[C@@H]1NC(=O)c1ccncc1)c1ccncc1,6.455931955649724,350.0,1,CHEMBL156839,Human immunodeficiency virus type 1 protease
O=C(N[C@H]1CCOC[C@H]1O)[C@H](Cc1nnc(-c2ccccc2)o1)C[C@H](O)CN1CCN(Cc2ccc(-c3ccc(Cl)cc3)o2)C[C@H]1C(=O)NCC(F)(F)F,11.0,0.01,1,CHEMBL364376,Human immunodeficiency virus type 1 protease
O=C(N[C@H]1CCOC[C@H]1O)[C@H](Cc1nnco1)C[C@H](O)CN1CCN(Cc2ccc(-c3ccc(Cl)cc3)o2)C[C@H]1C(=O)NCC(F)(F)F,10.522878745280337,0.049999999999999996,2,CHEMBL360212,Human immunodeficiency virus type 1 protease
O=C(N[C@H]1c2ccccc2C[C@H]1O)[C@H](Cc1ccccc1)CC(O)C[C@@H](Cc1ccccc1)C(=O)N[C@H]1c2ccccc2C[C@H]1O,9.160019442321657,0.6918,2,CHEMBL109952,Human immunodeficiency virus type 1 protease
O=C(N[C@H]1c2ccccc2C[C@H]1O)[C@H](Cc1ccccc1)C[C@H](O)Cc1ccccc1,5.920818753952375,1200.0,1,CHEMBL58998,Human immunodeficiency virus type 1 protease
O=C(N[C@H]1c2ccccc2C[C@H]1O)[C@H](Cc1ccccc1)C[C@H](O)Cc1ccccc1O,5.795880017344075,1600.0,1,CHEMBL291732,Human immunodeficiency virus type 1 protease
O=C(N[C@H]1c2ccccc2OC[C@H]1O)[C@H](Cc1cc2ccncc2o1)C[C@H](O)CN1CCN(Cc2ccc(-c3ccc(Cl)cc3)o2)C[C@H]1C(=O)NCC(F)(F)F,10.301029995663981,0.05,1,CHEMBL370736,Human immunodeficiency virus type 1 protease
O=C(N[C@H]1c2ccccc2OC[C@H]1O)[C@H](Cc1cc2cnccc2s1)C[C@H](O)CN1CCN(Cc2ccc(-c3ccc(Cl)cc3)o2)C[C@H]1C(=O)NCC(F)(F)F,10.522878745280337,0.03,1,CHEMBL197493,Human immunodeficiency virus type 1 protease
O=C(N[C@H]1c2ccccc2OC[C@H]1O)[C@H](Cc1cc2cnccc2s1)C[C@H](O)CN1CCN(Cc2ccc(-c3ccc(Cl)cc3)s2)C[C@H]1C(=O)NCC(F)(F)F,10.301029995663981,0.05,1,CHEMBL199209,Human immunodeficiency virus type 1 protease
O=C(N[C@H]1c2ccccc2OC[C@H]1O)[C@H](Cc1cc2cnccc2s1)C[C@H](O)CN1CCN(Cc2csc(-c3ccc(C(F)(F)F)cc3)n2)C[C@H]1C(=O)NCC(F)(F)F,10.154901959985743,0.07,1,CHEMBL197039,Human immunodeficiency virus type 1 protease
O=C(N[C@H]1c2ccccc2OC[C@H]1O)[C@H](Cc1ccccc1)C[C@H](O)CN1CCN(Cc2ccc(-c3ccccn3)o2)C[C@H]1C(=O)NCC(F)(F)F,9.397940008672037,0.4,5,CHEMBL3706619,Human immunodeficiency virus type 1 protease
O=C(N[C@H]1c2ccccc2OC[C@H]1O)[C@H](Cc1ccccc1)C[C@H](O)CN1CCN(Cc2ccc(-c3cccnc3)o2)C[C@H]1C(=O)NCC(F)(F)F,9.522878745280337,0.3,3,CHEMBL3706623,Human immunodeficiency virus type 1 protease
O=C(N[C@H]1c2ccccc2OC[C@H]1O)[C@H](Cc1ccccc1)C[C@H](O)CN1CCN(Cc2ccc(-c3ccncc3)o2)C[C@H]1C(=O)NCC(F)(F)F,9.159379381312206,0.7,8,CHEMBL114756,Human immunodeficiency virus type 1 protease
O=C(N[C@H]1c2ccccc2OC[C@H]1O)[C@H](Cc1ccccc1)C[C@H](O)CN1CCN(Cc2ncc(-c3ccccn3)o2)C[C@H]1C(=O)NCC(F)(F)F,9.886056647693163,0.13,1,CHEMBL3706614,Human immunodeficiency virus type 1 protease
O=C(N[C@H]1c2ccccc2OC[C@H]1O)[C@H](Cc1ccccc1)C[C@H](O)CN1CCN(Cc2ncc(-c3cccnc3)o2)C[C@H]1C(=O)NCC(F)(F)F,9.853871964321762,0.14,1,CHEMBL3706616,Human immunodeficiency virus type 1 protease
O=C(N[C@H]1c2ccccc2OC[C@H]1O)[C@H](Cc1ccccc1)C[C@H](O)CN1CCN(Cc2ncc(-c3ccncc3)o2)C[C@H]1C(=O)NCC(F)(F)F,10.0,0.1,1,CHEMBL3706617,Human immunodeficiency virus type 1 protease
O=C(N[C@H]1c2ccccc2OC[C@H]1O)[C@H](Cc1cccnc1)C[C@H](O)CN1CCN(CC2=CC3C=CSC3S2)C[C@H]1C(=O)NCC(F)(F)F,8.930690783050252,1.8150000000000002,4,CHEMBL419396,Human immunodeficiency virus type 1 protease
O=C(N[C@H]1c2ccccc2OC[C@H]1O)[C@H](Cc1cccnc1)C[C@H](O)CN1CCN(Cc2cc3cccc(Cl)c3o2)C[C@H]1C(=O)NCC(F)(F)F,10.309894379144197,0.06999999999999999,2,CHEMBL321814,Human immunodeficiency virus type 1 protease
O=C(N[C@H]1c2ccccc2OC[C@H]1O)[C@H](Cc1cccnc1)C[C@H](O)CN1CCN(Cc2cc3ccccc3o2)C[C@H]1C(=O)NCC(F)(F)F,8.727346441767088,2.0,4,CHEMBL324461,Human immunodeficiency virus type 1 protease
O=C(N[C@H]1c2ccccc2OC[C@H]1O)[C@H](Cc1cccnc1)C[C@H](O)CN1CCN(Cc2ccc(-c3ccccc3)o2)C[C@H]1C(=O)NCC(F)(F)F,10.18837535480105,0.065,8,CHEMBL444533,Human immunodeficiency virus type 1 protease
O=C(N[C@H]1c2ccccc2OC[C@H]1O)[C@H](Cc1cccnc1)C[C@H](O)CN1CCN(Cc2ccn(-c3cc(Cl)c(Cl)c(Cl)c3)c2)C[C@H]1C(=O)NCC(F)(F)F,10.698970004336019,0.02,1,CHEMBL128395,Human immunodeficiency virus type 1 protease
O=C(N[C@H]1c2ccccc2OC[C@H]1O)[C@H](Cc1cccnc1)C[C@H](O)CN1CCN(Cc2ccn(-c3ccc(C(F)(F)F)cc3)c2)C[C@H]1C(=O)NCC(F)(F)F,10.397940008672037,0.04,1,CHEMBL334573,Human immunodeficiency virus type 1 protease
O=C(N[C@H]1c2ccccc2OC[C@H]1O)[C@H](Cc1cccnc1)C[C@H](O)CN1CCN(Cc2ccn(-c3ccc(Cl)c(Cl)c3)c2)C[C@H]1C(=O)NCC(F)(F)F,10.698970004336019,0.02,1,CHEMBL338142,Human immunodeficiency virus type 1 protease
O=C(N[C@H]1c2ccccc2OC[C@H]1O)[C@H](Cc1cccnc1)C[C@H](O)CN1CCN(Cc2ccn(-c3ccc(Cl)cc3)c2)C[C@H]1C(=O)NCC(F)(F)F,10.522878745280337,0.03,1,CHEMBL127589,Human immunodeficiency virus type 1 protease
O=C(N[C@H]1c2ccccc2OC[C@H]1O)[C@H](Cc1cccnc1)C[C@H](O)CN1CCN(Cc2ccn(-c3ccc(F)c(F)c3F)c2)C[C@H]1C(=O)NCC(F)(F)F,10.301029995663981,0.05,1,CHEMBL334379,Human immunodeficiency virus type 1 protease
O=C(N[C@H]1c2ccccc2OC[C@H]1O)[C@H](Cc1cccnc1)C[C@H](O)CN1CCN(Cc2ccn(-c3ccc(F)cc3)c2)C[C@H]1C(=O)NCC(F)(F)F,10.301029995663981,0.05,1,CHEMBL128336,Human immunodeficiency virus type 1 protease
O=C(N[C@H]1c2ccccc2OC[C@H]1O)[C@H](Cc1cccnc1)C[C@H](O)CN1CCN(Cc2ccn(-c3cccc(C(F)(F)F)c3)c2)C[C@H]1C(=O)NCC(F)(F)F,10.301029995663981,0.05,1,CHEMBL131941,Human immunodeficiency virus type 1 protease
O=C(N[C@H]1c2ccccc2OC[C@H]1O)[C@H](Cc1cccnc1)C[C@H](O)CN1CCN(Cc2ccn(-c3cccc(Cl)c3)c2)C[C@H]1C(=O)NCC(F)(F)F,10.301029995663981,0.05,1,CHEMBL276081,Human immunodeficiency virus type 1 protease
O=C(N[C@H]1c2ccccc2OC[C@H]1O)[C@H](Cc1cccnc1)C[C@H](O)CN1CCN(Cc2ccn(-c3cccc(F)c3)c2)C[C@H]1C(=O)NCC(F)(F)F,10.301029995663981,0.05,1,CHEMBL340729,Human immunodeficiency virus type 1 protease
O=C(N[C@H]1c2ccccc2OC[C@H]1O)[C@H](Cc1cccnc1)C[C@H](O)CN1CCN(Cc2ccn(-c3ccccc3)c2)C[C@H]1C(=O)NCC(F)(F)F,8.603800652904264,2.49,3,CHEMBL341089,Human immunodeficiency virus type 1 protease
O=C(N[C@H]1c2ccccc2OC[C@H]1O)[C@H](Cc1cccnc1)C[C@H](O)CN1CCN(Cc2ccn(-c3ccccc3C(F)(F)F)c2)C[C@H]1C(=O)NCC(F)(F)F,8.87942606879415,1.32,1,CHEMBL437449,Human immunodeficiency virus type 1 protease
O=C(N[C@H]1c2ccccc2OC[C@H]1O)[C@H](Cc1cccnc1)C[C@H](O)CN1CCN(Cc2ccn(-c3ccccc3Cl)c2)C[C@H]1C(=O)NCC(F)(F)F,9.744727494896694,0.18,1,CHEMBL337701,Human immunodeficiency virus type 1 protease
O=C(N[C@H]1c2ccccc2OC[C@H]1O)[C@H](Cc1cccnc1)C[C@H](O)CN1CCN(Cc2ccn(-c3ccccc3F)c2)C[C@H]1C(=O)NCC(F)(F)F,9.795880017344075,0.16,1,CHEMBL131994,Human immunodeficiency virus type 1 protease
O=C(N[C@H]1c2ccccc2OC[C@H]1O)[C@H](Cc1ccncc1)C[C@H](O)CN1CCN(CC2=CC3C=CSC3S2)C[C@H]1C(=O)NCC(F)(F)F,8.619788758288394,3.0,4,CHEMBL326849,Human immunodeficiency virus type 1 protease
O=C(N[C@H]1c2ccccc2OC[C@H]1O)[C@H](Cc1ccncc1)C[C@H](O)CN1CCN(Cc2cc3cccc(Cl)c3o2)C[C@H]1C(=O)NCC(F)(F)F,9.853871964321762,0.14,3,CHEMBL321260,Human immunodeficiency virus type 1 protease
O=C(N[C@H]1c2ccccc2OC[C@H]1O)[C@H](Cc1ccncc1)C[C@H](O)CN1CCN(Cc2cc3ccccc3o2)C[C@H]1C(=O)NCC(F)(F)F,8.657577319177793,2.2,3,CHEMBL325829,Human immunodeficiency virus type 1 protease
O=C(N[C@H]1c2ccccc2OC[C@H]1O)[C@H](Cc1ccncc1)C[C@H](O)CN1CCN(Cc2ccc(-c3ccccc3)o2)C[C@H]1C(=O)NCC(F)(F)F,9.828788659588897,0.155,4,CHEMBL326796,Human immunodeficiency virus type 1 protease
O=C(Nc1cccc(C(c2c(O)oc3c(c2=O)CCCCCC3)C2CC2)c1)c1ccc(F)cc1,4.6595558851598815,21900.0,1,CHEMBL138205,Human immunodeficiency virus type 1 protease
O=C(Nc1cccc(C(c2c(O)oc3c(c2=O)CCCCCC3)C2CC2)c1)c1ccccc1,4.628932137728263,23500.0,1,CHEMBL140074,Human immunodeficiency virus type 1 protease
O=C(Nc1ccccc1)Nc1cccc(C(c2c(O)oc3c(c2=O)CCCCCC3)C2CC2)c1,4.663540266151471,21700.0,1,CHEMBL436210,Human immunodeficiency virus type 1 protease
O=C(Nc1ccccc1C(=O)N[C@H](CC[C@H](O)[C@H](Cc1ccccc1)NC(=O)c1ccccc1NC(=O)OCc1ccccn1)Cc1ccccc1)OCc1ccccn1,7.853871964321762,14.0,1,CHEMBL73308,Human immunodeficiency virus type 1 protease
O=C(O)CCC1(c2ccccc2)CC(=O)C(SCCc2ccccc2)=C(O)O1,5.920818753952375,1200.0,1,CHEMBL339998,Human immunodeficiency virus type 1 protease
O=C(O)CCCC1(c2ccccc2)CC(=O)C(SCCc2ccccc2)=C(O)O1,6.568636235841013,270.0,1,CHEMBL126166,Human immunodeficiency virus type 1 protease
O=C(O)CCCCC1(c2ccccc2)CC(=O)C(SCCc2ccccc2)=C(O)O1,8.301029995663981,5.0,1,CHEMBL125448,Human immunodeficiency virus type 1 protease
O=C(O)CCCCC1(c2ccccc2)CC(O)=C(SCCc2ccccc2)C(=O)O1,5.301029995663981,5000.0,1,CHEMBL5270593,Human immunodeficiency virus type 1 protease
O=C(O)COc1ccc(-c2cc(O)c(SCCc3ccccc3)c(=O)o2)cc1,6.795880017344075,160.0,1,CHEMBL5291083,Human immunodeficiency virus type 1 protease
O=C(O)c1cc(/C=C/c2ccc3ccc(C(=O)O)c(O)c3n2)ccc1O,5.568636235841013,2700.0,1,CHEMBL59548,Human immunodeficiency virus type 1 protease
O=C(O)c1cc(C(=CCC23CC4CC(CC(C4)C2)C3)c2cc(Cl)c(O)c(C(=O)O)c2)cc(Cl)c1O,6.431798275933005,370.0,1,CHEMBL141281,Human immunodeficiency virus type 1 protease
O=C(O)c1ccc(-c2cc(O)c(SCc3ccccc3)c(=O)o2)cc1,6.443697499232712,360.0,1,CHEMBL14859,Human immunodeficiency virus type 1 protease
O=C(O)c1ccc(COC(COCc2ccccc2)C(O)C(O)C(COCc2ccccc2)OCc2ccc(C(=O)O)cc2)cc1,4.585026652029182,26000.0,1,CHEMBL121586,Human immunodeficiency virus type 1 protease
O=C(O)c1ccc(COCC(OCc2ccccc2)C(O)C(O)C(COCc2ccc(C(=O)O)cc2)OCc2ccccc2)cc1,5.301029995663981,5000.0,1,CHEMBL120705,Human immunodeficiency virus type 1 protease
O=C(O)c1ccc(CSc2c(O)cc(-c3ccccc3)oc2=O)cc1,4.99097425791309,10210.0,1,CHEMBL280520,Human immunodeficiency virus type 1 protease
O=C(O)c1ccc2ccc(/C=C/c3ccc(O)cc3)nc2c1O,5.376750709602099,4200.0,1,CHEMBL418613,Human immunodeficiency virus type 1 protease
O=C(O)c1ccc2ccc(/C=C/c3ccccc3)nc2c1O,5.468521082957745,3400.0,1,CHEMBL40148,Human immunodeficiency virus type 1 protease
O=C(O)c1cccc(CSc2c(O)cc(-c3ccccc3)oc2=O)c1,5.211124884224583,6150.0,1,CHEMBL14855,Human immunodeficiency virus type 1 protease
O=C(O)c1cccc(OCCCc2c(O)oc3ccccc3c2=O)c1,5.154901959985743,7000.0,1,CHEMBL90889,Human immunodeficiency virus type 1 protease
O=C(O)c1ccccc1CSc1c(O)cc(-c2ccccc2)oc1=O,4.60624935965192,24760.0,1,CHEMBL14675,Human immunodeficiency virus type 1 protease
O=C(OC1CCCC1)c1ccccc1CSc1c(O)oc(-c2ccccc2)cc1=O,7.301029995663981,50.0,1,CHEMBL14592,Human immunodeficiency virus type 1 protease
O=C(OC1CCCCC1)c1ccccc1CSc1c(O)oc(-c2ccccc2)cc1=O,5.920818753952375,1200.0,1,CHEMBL14889,Human immunodeficiency virus type 1 protease
O=C(OC1COc2cc(O)cc(O)c2C1)c1ccc(O)c(O)c1O,5.627087997029894,2360.0,1,CHEMBL328046,Human immunodeficiency virus type 1 protease
O=C(OC1COc2cc(O)cc(O)c2C1)c1cccc(O)c1O,4.0,100000.0,1,CHEMBL96112,Human immunodeficiency virus type 1 protease
O=C(OC1COc2cc(O)cc(O)c2C1)c1ccccc1,4.0,100000.0,1,CHEMBL92678,Human immunodeficiency virus type 1 protease
O=C(OC1COc2cc(O)ccc2C1)c1ccc(O)c(O)c1O,4.510885630621081,30840.0,1,CHEMBL96321,Human immunodeficiency virus type 1 protease
O=C(OC1COc2cccc(O)c2C1)c1ccc(O)c(O)c1O,4.189297139052883,64670.0,1,CHEMBL93130,Human immunodeficiency virus type 1 protease
O=C(OC1COc2ccccc2C1)c1ccc(O)c(O)c1O,4.0,100000.0,1,CHEMBL93249,Human immunodeficiency virus type 1 protease
O=C(OCCC1COc2cc(O)c(O)cc2C1)c1ccc(O)c(O)c1O,5.198596289982645,6330.0,1,CHEMBL92138,Human immunodeficiency virus type 1 protease
O=C(Oc1cc(S(=O)(=O)O)cc2cc(S(=O)(=O)O)ccc12)c1ccc(-c2ccc(C(=O)Oc3cc(S(=O)(=O)O)cc4cc(S(=O)(=O)O)ccc34)cc2)cc1,5.3148359961102445,5150.0,2,CHEMBL430447,Human immunodeficiency virus type 1 protease
O=C(SCc1c(O)c2ccccc2oc1=O)c1ccccc1,4.0,100000.0,1,CHEMBL84281,Human immunodeficiency virus type 1 protease
O=C(c1ccc(Cl)cc1)c1c(O)c2ccccc2oc1=O,4.0,100000.0,1,CHEMBL84356,Human immunodeficiency virus type 1 protease
O=C(c1cccc([N+](=O)[O-])c1)c1c(O)oc2ccccc2c1=O,4.0,100000.0,1,CHEMBL550020,Human immunodeficiency virus type 1 protease
O=C1C(=O)c2ccccc2C(O)=C1CCCC1CCC2CCCCC2C1,5.070581074285707,8500.0,1,CHEMBL81875,Human immunodeficiency virus type 1 protease
O=C1C(=O)c2ccccc2C(O)=C1CSc1ccc(Cl)cc1,4.301029995663981,50000.0,1,CHEMBL83730,Human immunodeficiency virus type 1 protease
O=C1C(=O)c2ccccc2C(O)=C1Cc1ccc(Cl)cc1,5.522878745280337,3000.0,1,CHEMBL79687,Human immunodeficiency virus type 1 protease
O=C1C(=O)c2ccccc2C(O)=C1Sc1ccccc1,4.0,100000.0,1,CHEMBL84199,Human immunodeficiency virus type 1 protease
O=C1C(O)=C(C(C2=C(O)C(=O)c3ccccc3C2=O)c2ccc(C(C3=C(O)C(=O)c4ccccc4C3=O)C3=C(O)C(=O)c4ccccc4C3=O)cc2)C(=O)c2ccccc21,6.1249387366083,750.0,1,CHEMBL66033,Human immunodeficiency virus type 1 protease
O=C1C(O)=C(C(C2=C(O)C(=O)c3ccccc3C2=O)c2ccc(Cl)cc2Cl)C(=O)c2ccccc21,4.619788758288394,24000.0,1,CHEMBL291663,Human immunodeficiency virus type 1 protease
O=C1C=C(O)C(=O)c2ccccc21,4.0,100000.0,1,CHEMBL240963,Human immunodeficiency virus type 1 protease
O=C1CC(CC2CCCC2)(c2ccccc2)OC(O)=C1SCCc1ccccc1,6.292429823902063,510.0,1,CHEMBL333568,Human immunodeficiency virus type 1 protease
O=C1CC(CC2CCCC2)(c2ccccc2)OC(O)=C1SCc1ccccc1,7.055517327849832,88.0,1,CHEMBL123428,Human immunodeficiency virus type 1 protease
O=C1CC(CC2CCCCC2)(c2ccccc2)OC(O)=C1SCc1ccccc1,6.863279432843593,137.0,1,CHEMBL126157,Human immunodeficiency virus type 1 protease
O=C1CC(CCCCO)(c2ccccc2)OC(O)=C1SCc1ccccc1,5.8996294548824375,1260.0,1,CHEMBL340206,Human immunodeficiency virus type 1 protease
O=C1CC(CCc2ccccc2)(c2ccccc2)OC(O)=C1SCCc1ccccc1,7.292429823902063,51.0,1,CHEMBL340811,Human immunodeficiency virus type 1 protease
O=C1CC(CCc2ccccc2)(c2ccccc2)OC(O)=C1SCc1ccccc1,7.221848749616356,60.0,1,CHEMBL421622,Human immunodeficiency virus type 1 protease
O=C1CC(CCc2ccccc2)(c2ccccc2)OC(O)=C1Sc1cc2ccccc2s1,6.440093374963888,363.0,1,CHEMBL62158,Human immunodeficiency virus type 1 protease
O=C1CC(CCc2ccccc2)(c2ccccc2)OC(O)=C1Sc1ccccc1,6.886056647693163,130.0,1,CHEMBL339288,Human immunodeficiency virus type 1 protease
O=C1CC(CCc2ccccc2)(c2ccccc2)OC(O)=C1Sc1ccccc1C1CCCCC1,7.494850021680094,32.0,1,CHEMBL122320,Human immunodeficiency virus type 1 protease
O=C1CC(CCc2ccccc2)(c2ccccc2)OC(O)=C1Sc1cccs1,6.5376020021010435,290.0,1,CHEMBL417238,Human immunodeficiency virus type 1 protease
O=C1CC(COc2ccccc2)(c2ccccc2)OC(O)=C1SCc1ccccc1,6.764471553092451,172.0,1,CHEMBL124672,Human immunodeficiency virus type 1 protease
O=C1CC(c2ccccc2)(c2ccccc2)OC(O)=C1SCCc1ccccc1,6.818156412055227,152.0,1,CHEMBL124731,Human immunodeficiency virus type 1 protease
O=C1CC(c2ccccc2)(c2ccccc2)OC(O)=C1SCc1ccccc1,6.581698708680254,262.0,1,CHEMBL125948,Human immunodeficiency virus type 1 protease
O=C1CC(c2ccccc2)(c2ccccc2)OC(O)=C1Sc1ccccc1,6.958607314841775,110.0,1,CHEMBL341006,Human immunodeficiency virus type 1 protease
O=C1CC(c2ccccc2)(c2ccccc2)OC(O)=C1Sc1ccccc1C1CCCC1,7.853871964321762,14.0,1,CHEMBL341237,Human immunodeficiency virus type 1 protease
O=C1CC(c2ccccc2)(c2ccccc2)OC(O)=C1Sc1ccccc1C1CCCCC1,6.896196279044043,127.0,1,CHEMBL338912,Human immunodeficiency virus type 1 protease
O=C1CC(c2ccccc2)(c2ccncc2)OC(O)=C1SCCc1ccccc1,6.102372908709558,790.0,1,CHEMBL421475,Human immunodeficiency virus type 1 protease
O=C1CC(c2ccccc2)OC(O)=C1SCCc1ccccc1,5.6777807052660805,2100.0,1,CHEMBL332603,Human immunodeficiency virus type 1 protease
O=C1CC(c2ccccc2)OC(O)=C1SCc1ccccc1,5.050609993355087,8900.0,1,CHEMBL124921,Human immunodeficiency virus type 1 protease
O=C1CC2(CCCc3ccccc32)OC(O)=C1SCCc1ccccc1,5.886056647693163,1300.0,1,CHEMBL122797,Human immunodeficiency virus type 1 protease
O=C1CC2(CCCc3ccccc32)OC(O)=C1SCc1ccccc1,5.638272163982407,2300.0,1,CHEMBL334126,Human immunodeficiency virus type 1 protease
O=C1CC2(CCc3ccccc32)OC(O)=C1SCc1ccccc1,4.928117992693875,11800.0,1,CHEMBL125816,Human immunodeficiency virus type 1 protease
O=C1N(CC2CC2)[C@@H](Cc2ccccc2)C(O)[C@H](Cc2ccccc2)N1CC1CC1,5.045757490560675,9000.0,1,CHEMBL21296,Human immunodeficiency virus type 1 protease
O=C1N(Cc2ccc(CBr)cc2)C(Cc2ccccc2)P(=O)(O)C(Cc2ccccc2)N1Cc1ccc(CBr)cc1,5.449814727441218,9350.0,2,CHEMBL314409,Human immunodeficiency virus type 1 protease
O=C1N(Cc2ccc(CO)cc2)C(Cc2ccccc2)P(=O)(O)C(Cc2ccccc2)N1Cc1ccc(CO)cc1,5.969273760456403,2520.0,2,CHEMBL432178,Human immunodeficiency virus type 1 protease
O=C1N(Cc2ccc(CO)cc2)[C@H](COc2ccccc2)[C@H](O)[C@@H](O)[C@@H](COc2ccccc2)N1Cc1ccc(CO)cc1,8.0,10.0,1,CHEMBL354502,Human immunodeficiency virus type 1 protease
O=C1N(Cc2ccc(CO)cc2)[C@H](Cc2ccccc2)[C@H](O)[C@@H](O)[C@@H](Cc2ccccc2)N1Cc1ccc(CO)cc1,7.391258027893047,62.5,2,CHEMBL21145,Human immunodeficiency virus type 1 protease
O=C1N(Cc2ccc3ccccc3c2)C(Cc2ccccc2)P(=O)(O)C(Cc2ccccc2)N1Cc1ccc2ccccc2c1,6.585026652029182,260.0,1,CHEMBL295472,Human immunodeficiency virus type 1 protease
O=C1N(Cc2ccccc2)C(Cc2ccccc2)P(=O)(O)C(Cc2ccccc2)N1Cc1ccccc1,4.6777807052660805,21000.0,1,CHEMBL315009,Human immunodeficiency virus type 1 protease
O=C1N(Cc2ccccc2)[C@@H](Cc2ccccc2)C(O)[C@H](Cc2ccccc2)N1Cc1ccccc1,4.050609993355087,89000.0,1,CHEMBL21291,Human immunodeficiency virus type 1 protease
O=C1N(Cc2ccccc2)[C@H](CCCc2ccccc2)[C@H](O)[C@@H](O)[C@@H](CCCc2ccccc2)N1Cc1ccccc1,5.0,10000.0,1,CHEMBL355782,Human immunodeficiency virus type 1 protease
O=C1N(Cc2ccccc2)[C@H](CCc2ccccc2)[C@H](O)[C@@H](O)[C@@H](CCc2ccccc2)N1Cc1ccccc1,5.3979400086720375,4000.0,1,CHEMBL69731,Human immunodeficiency virus type 1 protease
O=C1N(Cc2ccccc2)[C@H](COc2ccccc2)[C@H](O)[C@@H](O)[C@@H](COc2ccccc2)N1Cc1ccccc1,7.096910013008056,80.0,1,CHEMBL171148,Human immunodeficiency virus type 1 protease
O=C1NC(Cc2ccccc2)P(=O)(O)C(Cc2ccccc2)N1,4.0,100000.0,2,CHEMBL86563,Human immunodeficiency virus type 1 protease
O=C1NNC(=O)c2ccccc2SSc2ccccc2C(=O)NNC(=O)c2ccccc2SSc2ccccc21,4.022878745280337,95000.0,2,CHEMBL152850,Human immunodeficiency virus type 1 protease
O=C1N[C@@H](Cc2ccccc2)C(O)[C@H](Cc2ccccc2)N1,4.0,100000.0,1,CHEMBL25704,Human immunodeficiency virus type 1 protease
O=C1N[C@@H]2c3ccccc3C(C3=C(O)[C@](Cc4ccccc4)(C[C@H](O)[C@H](Cc4ccccc4)NC(=O)O[C@H]4CCOC4)N=C3)C2O1,9.356547323513812,0.44,1,CHEMBL202345,Human immunodeficiency virus type 1 protease
O=C1Nc2ccc(Cl)cc2[C@@](C#CC2CC2)(C(F)(F)F)N1,7.508638306165727,31.0,1,CHEMBL283619,Human immunodeficiency virus type 1 protease
O=C1Oc2ccccc2C(O)C1Cc1c(O)oc2ccccc2c1=O,4.0,100000.0,1,CHEMBL312902,Human immunodeficiency virus type 1 protease
O=C1Oc2ccccc2C(O)C1Sc1c(O)oc2ccccc2c1=O,4.6777807052660805,21000.0,1,CHEMBL303093,Human immunodeficiency virus type 1 protease
O=S(=O)(O)c1ccc2c(OS(=O)(=O)c3cccc4c(S(=O)(=O)Oc5cc(S(=O)(=O)O)cc6cc(S(=O)(=O)O)ccc56)cccc34)cc(S(=O)(=O)O)cc2c1,4.703030383443057,47800.0,2,CHEMBL85517,Human immunodeficiency virus type 1 protease
O=S(=O)(c1ccc(C(F)(F)F)cc1)N(C[C@@H](O)[C@H](Cc1ccccc1)NCCN1CCOCC1)C1CC1,5.772113295386326,1690.0,1,CHEMBL4635379,Human immunodeficiency virus type 1 protease
O=S(=O)(c1ccccc1)c1c(-c2nc3c([nH]2)CCCC3)[nH]c2ccc(Cl)cc12,8.09151498112135,8.1,1,CHEMBL147790,Human immunodeficiency virus type 1 protease
O=S(=O)(c1ccccc1)c1c(-c2ncc[nH]2)[nH]c2ccc(Cl)cc12,8.455931955649724,3.5,1,CHEMBL148371,Human immunodeficiency virus type 1 protease
O=S(=O)(c1ccccc1)c1c(-n2ccnc2)[nH]c2ccc(Cl)cc12,5.622511616623867,2385.0,1,CHEMBL144356,Human immunodeficiency virus type 1 protease
O=S(=O)(c1ccccc1)c1c(C2=NCCCN2)[nH]c2ccc(Cl)cc12,5.640543979879014,2288.0,1,CHEMBL343642,Human immunodeficiency virus type 1 protease
O=S(=O)(c1ccccc1)c1c(C2=NCCN2)[nH]c2ccc(Cl)cc12,8.187086643357144,6.5,1,CHEMBL264184,Human immunodeficiency virus type 1 protease
O=S(=O)(c1ccccc1)c1c(C2=NCCS2)[nH]c2ccc(Cl)cc12,7.779891911959945,16.6,1,CHEMBL144742,Human immunodeficiency virus type 1 protease
O=S(=O)(c1ccccc1)c1c(C2=N[C@H]3CCCC[C@@H]3N2)[nH]c2ccc(Cl)cc12,7.5376020021010435,29.0,1,CHEMBL144409,Human immunodeficiency virus type 1 protease
O=S1(=O)N(Cc2ccccc2)[C@H](CCc2ccccc2)[C@H](O)[C@@H](O)[C@@H](CCc2ccccc2)N1Cc1ccccc1,6.698970004336019,200.0,1,CHEMBL170517,Human immunodeficiency virus type 1 protease
O=S1(=O)N(Cc2ccccc2)[C@H](COc2ccccc2)[C@H](O)[C@@H](O)[C@@H](COc2ccccc2)N1Cc1ccccc1,6.698970004336019,200.0,1,CHEMBL130998,Human immunodeficiency virus type 1 protease
O=S1(=O)[C@H](Cc2ccccc2)[C@H](OCc2ccccc2)[C@H](O)[C@@H](O)[C@@H](OCc2ccccc2)[C@H]1Cc1ccccc1,9.221848749616356,0.6,1,CHEMBL323814,Human immunodeficiency virus type 1 protease
O=S1(=O)[C@H](Cc2ccccc2)[C@H](OCc2cncs2)[C@H](O)[C@@H](O)[C@@H](OCc2cncs2)[C@H]1Cc1ccccc1,9.522878745280337,0.3,1,CHEMBL326764,Human immunodeficiency virus type 1 protease
O=[N+]([O-])c1ccc(S(=O)(=O)N(C[C@@H](O)[C@H](Cc2ccccc2)NCCN2CCOCC2)C2CC2)cc1,6.214670164989233,610.0,1,CHEMBL4642575,Human immunodeficiency virus type 1 protease
O=c1c(C(c2ccc(C(c3c(O)oc4ccccc4c3=O)c3c(O)oc4ccccc4c3=O)cc2)c2c(O)oc3ccccc3c2=O)c(O)oc2ccccc12,5.769551078621726,1700.0,1,CHEMBL293914,Human immunodeficiency virus type 1 protease
O=c1c(C(c2ccc3c(c2)OCO3)c2c(O)oc3ccccc3c2=O)c(O)oc2ccccc12,4.522878745280337,30000.0,1,CHEMBL64213,Human immunodeficiency virus type 1 protease
O=c1c(CC/C(=N/O)c2ccccc2)c(O)oc2ccccc12,4.1487416512809245,71000.0,1,CHEMBL89376,Human immunodeficiency virus type 1 protease
O=c1c(CCCO)c(O)oc2ccccc12,4.0655015487564325,86000.0,1,CHEMBL88145,Human immunodeficiency virus type 1 protease
O=c1c(CCCOc2cccc(CO)c2)c(O)oc2ccccc12,5.638272163982407,2300.0,1,CHEMBL314852,Human immunodeficiency virus type 1 protease
O=c1cc(-c2cc(C(F)(F)F)cc(C(F)(F)F)c2)oc(O)c1SCc1ccccc1,6.200659450546418,630.0,1,CHEMBL274046,Human immunodeficiency virus type 1 protease
O=c1cc(-c2ccc(O)cc2)oc(O)c1SCc1ccccc1,6.161150909262744,690.0,1,CHEMBL14692,Human immunodeficiency virus type 1 protease
O=c1cc(-c2ccc3c(c2)OCCO3)oc(O)c1SCc1ccccc1,6.102372908709558,790.0,1,CHEMBL14578,Human immunodeficiency virus type 1 protease
O=c1cc(-c2ccc3c(c2)OCO3)oc(O)c1SCc1ccccc1,6.309803919971486,490.0,1,CHEMBL277060,Human immunodeficiency virus type 1 protease
O=c1cc(-c2cccc(C(F)(F)F)c2)oc(O)c1SCc1ccccc1,6.221848749616356,600.0,1,CHEMBL278499,Human immunodeficiency virus type 1 protease
O=c1cc(-c2cccc(Cl)c2)oc(O)c1SCc1ccccc1,6.161150909262744,690.0,1,CHEMBL14759,Human immunodeficiency virus type 1 protease
O=c1cc(-c2cccc(O)c2)oc(O)c1SCc1ccccc1,5.924453038607469,1190.0,1,CHEMBL15182,Human immunodeficiency virus type 1 protease
O=c1cc(-c2cccc(OC(F)(F)F)c2)oc(O)c1SCc1ccccc1,5.669586226650809,2140.0,1,CHEMBL441952,Human immunodeficiency virus type 1 protease
O=c1cc(-c2ccccc2)oc(O)c1C(CC1CC1)SC1CCCCC1,6.8326826652518236,147.0,1,CHEMBL174342,Human immunodeficiency virus type 1 protease
O=c1cc(-c2ccccc2)oc(O)c1C(CC1CC1)SCc1ccccc1,7.075720713938118,84.0,1,CHEMBL170804,Human immunodeficiency virus type 1 protease
O=c1cc(-c2ccccc2)oc(O)c1C(CC1CCCC1)SC1CCCCC1,6.266802734893431,541.0,1,CHEMBL170264,Human immunodeficiency virus type 1 protease
O=c1cc(-c2ccccc2)oc(O)c1C(SC1CCCC1)C1CCCC1,6.647817481888637,225.0,1,CHEMBL353679,Human immunodeficiency virus type 1 protease
O=c1cc(-c2ccccc2)oc(O)c1C(SC1CCCCC1)c1ccccc1,6.318758762624412,480.0,1,CHEMBL366779,Human immunodeficiency virus type 1 protease
O=c1cc(-c2ccccc2)oc(O)c1C(SCc1ccccc1)c1ccccc1,6.318758762624412,480.0,1,CHEMBL171802,Human immunodeficiency virus type 1 protease
O=c1cc(-c2ccccc2)oc(O)c1C(Sc1ccc2ccccc2c1)c1ccccc1,5.610833915635467,2450.0,1,CHEMBL172909,Human immunodeficiency virus type 1 protease
O=c1cc(-c2ccccc2)oc(O)c1C(Sc1ccccc1)C1CCCCC1,5.61261017366127,2440.0,1,CHEMBL173655,Human immunodeficiency virus type 1 protease
O=c1cc(-c2ccccc2)oc(O)c1C(Sc1ccccc1)c1ccc2ccccc2c1,5.106793246940152,7820.0,1,CHEMBL352550,Human immunodeficiency virus type 1 protease
O=c1cc(-c2ccccc2)oc(O)c1C(Sc1ccccc1)c1ccccc1,6.107905397309519,780.0,1,CHEMBL173361,Human immunodeficiency virus type 1 protease
O=c1cc(-c2ccccc2)oc(O)c1CSc1ccccc1,4.074172425375258,84300.0,1,CHEMBL444869,Human immunodeficiency virus type 1 protease
O=c1cc(-c2ccccc2)oc(O)c1SCc1ccc2c(c1)OCCO2,5.465973893943865,3420.0,1,CHEMBL14342,Human immunodeficiency virus type 1 protease
O=c1cc(-c2ccccc2)oc(O)c1SCc1ccccc1,5.769551078621726,1700.0,2,CHEMBL14930,Human immunodeficiency virus type 1 protease
O=c1cc(-c2ccccc2)oc(O)c1Sc1ccccc1,5.515758525723032,3050.0,2,CHEMBL310487,Human immunodeficiency virus type 1 protease
O=c1cc(-c2ccccc2Cl)oc(O)c1SCc1ccccc1,5.5951662833800615,2540.0,1,CHEMBL14707,Human immunodeficiency virus type 1 protease
O=c1cc(-c2ccccc2O)oc(O)c1SCc1ccccc1,5.221848749616356,6000.0,1,CHEMBL14620,Human immunodeficiency virus type 1 protease
O=c1cc(C(CC2CC2)CC2CC2)oc(O)c1C(c1cccc(NS(=O)(=O)c2ccc(F)cc2)c1)C1CC1,5.657577319177793,2200.0,1,CHEMBL80882,Human immunodeficiency virus type 1 protease
O=c1cc(C(CC2CC2)CC2CC2)oc(O)c1C(c1cccc(NS(=O)(=O)c2cccc3cccnc23)c1)C1CC1,5.638272163982407,2300.0,1,CHEMBL311570,Human immunodeficiency virus type 1 protease
O=c1cc(C(CC2CC2)CC2CC2)oc(O)c1C(c1cccc(NS(=O)(=O)c2ccccc2)c1)C1CC1,5.3872161432802645,4100.0,1,CHEMBL312027,Human immunodeficiency virus type 1 protease
O=c1oc(-c2ccccc2)cc(O)c1C(SC1CCCC1)C1CCCC1,6.647817481888637,225.0,1,CHEMBL5273530,Human immunodeficiency virus type 1 protease
O=c1oc(-c2ccccc2)cc(O)c1Sc1ccccc1,5.522878745280337,3000.0,1,CHEMBL5284161,Human immunodeficiency virus type 1 protease
O=c1oc2c(-c3ccccc3)cccc2c(O)c1-c1ccccc1,4.886056647693163,13000.0,1,CHEMBL418131,Human immunodeficiency virus type 1 protease
O=c1oc2cc(O)ccc2c(O)c1-c1ccc(O)cc1,5.698970004336019,2000.0,1,CHEMBL5284565,Human immunodeficiency virus type 1 protease
O=c1oc2cc(O)ccc2c(O)c1C(c1ccc(/C=C\c2ccccc2)cc1)c1c(O)c2ccc(O)cc2oc1=O,5.154901959985743,7000.0,1,CHEMBL5287553,Human immunodeficiency virus type 1 protease
O=c1oc2cc(O)ccc2c(O)c1C(c1ccc2ccccc2c1)c1c(O)c2ccc(O)cc2oc1=O,5.376750709602099,4200.0,1,CHEMBL2005069,Human immunodeficiency virus type 1 protease
O=c1oc2ccc(CBr)cc2c2ccc([N+](=O)[O-])cc12,5.0,10000.0,1,CHEMBL369126,Human immunodeficiency virus type 1 protease
O=c1oc2cccc(O)c2c(O)c1Cc1ccccc1,4.0,100000.0,1,CHEMBL64588,Human immunodeficiency virus type 1 protease
O=c1oc2ccccc2c(O)c1-c1ccccc1,4.494850021680094,32000.0,1,CHEMBL64744,Human immunodeficiency virus type 1 protease
O=c1oc2ccccc2c(O)c1C(c1ccc(C(c2c(O)c3ccccc3oc2=O)c2c(O)c3ccccc3oc2=O)cc1)c1c(O)c2ccccc2oc1=O,4.939302159646388,11500.0,1,CHEMBL392450,Human immunodeficiency virus type 1 protease
O=c1oc2ccccc2c(O)c1C(c1ccccc1)c1c(O)c2ccccc2oc1=O,4.366531544420414,43000.0,1,CHEMBL238297,Human immunodeficiency virus type 1 protease
O=c1oc2ccccc2c(O)c1CCCCOc1ccccc1,4.0,100000.0,1,CHEMBL88167,Human immunodeficiency virus type 1 protease
O=c1oc2ccccc2c(O)c1CCCCc1ccccc1,3.958607314841775,110000.0,1,CHEMBL88132,Human immunodeficiency virus type 1 protease
O=c1oc2ccccc2c(O)c1CCCN(Cc1ccccc1)c1ccccc1,4.886056647693163,13000.0,1,CHEMBL313331,Human immunodeficiency virus type 1 protease
O=c1oc2ccccc2c(O)c1CCCN(c1ccccc1)c1ccc(F)cc1,5.259637310505756,5500.0,1,CHEMBL315189,Human immunodeficiency virus type 1 protease
O=c1oc2ccccc2c(O)c1CCCOC1CCCCC1,4.494850021680094,32000.0,1,CHEMBL91457,Human immunodeficiency virus type 1 protease
O=c1oc2ccccc2c(O)c1CCCOCc1ccccc1,4.42021640338319,38000.0,1,CHEMBL313167,Human immunodeficiency virus type 1 protease
O=c1oc2ccccc2c(O)c1CCCOc1cccc(Cl)c1,5.853871964321762,1400.0,1,CHEMBL327912,Human immunodeficiency virus type 1 protease
O=c1oc2ccccc2c(O)c1CCCOc1cccc([N+](=O)[O-])c1,5.3979400086720375,4000.0,1,CHEMBL88511,Human immunodeficiency virus type 1 protease
O=c1oc2ccccc2c(O)c1CCCOc1ccccc1,5.638272163982407,2300.0,2,CHEMBL88443,Human immunodeficiency virus type 1 protease
O=c1oc2ccccc2c(O)c1CCCSc1ccccc1,4.585026652029182,26000.0,1,CHEMBL88778,Human immunodeficiency virus type 1 protease
O=c1oc2ccccc2c(O)c1CCOCc1ccccc1,5.3979400086720375,4000.0,1,CHEMBL90188,Human immunodeficiency virus type 1 protease
O=c1oc2ccccc2c(O)c1CCOc1ccccc1,4.275724130399211,53000.0,1,CHEMBL88855,Human immunodeficiency virus type 1 protease
O=c1oc2ccccc2c(O)c1SCCOc1ccccc1,4.619788758288394,24000.0,1,CHEMBL89166,Human immunodeficiency virus type 1 protease
OC(C(COCc1c(F)cccc1F)OCc1ccc(F)cc1)C(O)C(COCc1c(F)cccc1F)OCc1ccc(F)cc1,6.481486060122113,330.0,1,CHEMBL120342,Human immunodeficiency virus type 1 protease
OC(C(COCc1c(F)cccc1F)OCc1ccccc1)C(O)C(COCc1c(F)cccc1F)OCc1ccccc1,6.481486060122113,330.0,1,CHEMBL332088,Human immunodeficiency virus type 1 protease
OC(C(COCc1ccc(Br)cc1)OCc1ccccc1)C(O)C(COCc1ccc(Br)cc1)OCc1ccccc1,5.221848749616356,6000.0,1,CHEMBL331284,Human immunodeficiency virus type 1 protease
OC(C(COCc1ccc(C(F)(F)F)cc1)OCc1ccc(C(F)(F)F)cc1)C(O)C(COCc1ccc(C(F)(F)F)cc1)OCc1ccc(C(F)(F)F)cc1,5.221848749616356,6000.0,1,CHEMBL120693,Human immunodeficiency virus type 1 protease
OC(C(COCc1ccc(C(F)(F)F)cc1)OCc1ccccc1)C(O)C(COCc1ccc(C(F)(F)F)cc1)OCc1ccccc1,5.301029995663981,5000.0,1,CHEMBL333458,Human immunodeficiency virus type 1 protease
OC(C(COCc1ccc(Cl)cc1)OCc1ccccc1)C(O)C(COCc1ccc(Cl)cc1)OCc1ccccc1,5.2839966563652006,5200.0,1,CHEMBL16796,Human immunodeficiency virus type 1 protease
OC(C(COCc1ccc(F)cc1)OCc1ccc(F)cc1)C(O)C(COCc1ccc(F)cc1)OCc1ccc(F)cc1,5.795880017344075,1600.0,1,CHEMBL330840,Human immunodeficiency virus type 1 protease
OC(C(COCc1ccc(F)cc1)OCc1ccccc1)C(O)C(COCc1ccc(F)cc1)OCc1ccccc1,5.6020599913279625,2500.0,1,CHEMBL331664,Human immunodeficiency virus type 1 protease
OC(C(COCc1ccc(F)cc1F)OCc1ccccc1)C(O)C(COCc1ccc(F)cc1F)OCc1ccccc1,5.376750709602099,4200.0,1,CHEMBL332379,Human immunodeficiency virus type 1 protease
OC(C(COCc1cccc(F)c1)OCc1ccccc1)C(O)C(COCc1cccc(F)c1)OCc1ccccc1,5.823908740944319,1500.0,1,CHEMBL121722,Human immunodeficiency virus type 1 protease
OC(C(COCc1ccccc1)OCc1c(F)cccc1F)C(O)C(COCc1ccccc1)OCc1c(F)cccc1F,5.1938200260161125,6400.0,1,CHEMBL119968,Human immunodeficiency virus type 1 protease
OC(C(COCc1ccccc1)OCc1ccc(Br)cc1)C(O)C(COCc1ccccc1)OCc1ccc(Br)cc1,5.6777807052660805,2100.0,1,CHEMBL120694,Human immunodeficiency virus type 1 protease
OC(C(COCc1ccccc1)OCc1ccc(C(F)(F)F)cc1)C(O)C(COCc1ccccc1)OCc1ccc(C(F)(F)F)cc1,5.0,10000.0,1,CHEMBL120261,Human immunodeficiency virus type 1 protease
OC(C(COCc1ccccc1)OCc1ccc(Cl)cc1)C(O)C(COCc1ccccc1)OCc1ccc(Cl)cc1,5.698970004336019,2000.0,1,CHEMBL121033,Human immunodeficiency virus type 1 protease
OC(C(COCc1ccccc1)OCc1ccc(F)cc1)C(O)C(COCc1ccccc1)OCc1ccc(F)cc1,6.154901959985743,700.0,1,CHEMBL121034,Human immunodeficiency virus type 1 protease
OC(C(COCc1ccccc1)OCc1ccc(F)cc1F)C(O)C(COCc1ccccc1)OCc1ccc(F)cc1F,5.585026652029182,2600.0,1,CHEMBL120167,Human immunodeficiency virus type 1 protease
OC(C(COCc1ccccc1)OCc1cccc(F)c1)C(O)C(COCc1ccccc1)OCc1cccc(F)c1,5.7447274948966935,1800.0,1,CHEMBL120214,Human immunodeficiency virus type 1 protease
OC(C(COCc1ccccc1)OCc1ccccc1F)C(O)C(COCc1ccccc1)OCc1ccccc1F,5.431798275933005,3700.0,1,CHEMBL120092,Human immunodeficiency virus type 1 protease
OC(C(COCc1ccccc1F)OCc1ccc(F)cc1)C(O)C(COCc1ccccc1F)OCc1ccc(F)cc1,6.698970004336019,200.0,1,CHEMBL121005,Human immunodeficiency virus type 1 protease
OC(C(COCc1ccccc1F)OCc1ccccc1)C(O)C(COCc1ccccc1F)OCc1ccccc1,6.221848749616356,600.0,1,CHEMBL121287,Human immunodeficiency virus type 1 protease
OC1(C#CC2(c3ccccc3)CO2)CCN(Cc2ccccc2)CC1,3.1396619934290064,725000.0,1,CHEMBL349773,Human immunodeficiency virus type 1 protease
OC1(c2ccc(Cl)cc2)CCN(CC#CC2(c3ccccc3)CO2)CC1,3.8239087409443187,150000.0,1,CHEMBL159049,Human immunodeficiency virus type 1 protease
OC1=C(C(c2ccccc2)C2CC2)COC2=C1CCCCCCC2,4.24184537803261,57300.0,1,CHEMBL137832,Human immunodeficiency virus type 1 protease
OC[C@]12C3N(Cc4ccccc4)C4[C@](CO)(C5N(Cc6ccccc6)C1[C@]3(CO)[C@@H](c1ccccc1)[C@]54CO)[C@@H]2c1ccccc1,4.79317412396815,16100.0,1,CHEMBL142248,Human immunodeficiency virus type 1 protease
OC[C@]12C3NC4[C@](CO)(C5NC1[C@]3(CO)[C@H](c1ccccc1)[C@@]45CO)[C@H]2c1ccccc1,3.643974142806877,227000.0,1,CHEMBL146604,Human immunodeficiency virus type 1 protease
OCc1ccc(COC(COCc2ccccc2)C(O)C(O)C(COCc2ccccc2)OCc2ccc(CO)cc2)cc1,5.0,10000.0,1,CHEMBL121327,Human immunodeficiency virus type 1 protease
OCc1ccc(COCC(OCc2ccccc2)C(O)C(O)C(COCc2ccc(CO)cc2)OCc2ccccc2)cc1,5.920818753952375,1200.0,1,CHEMBL334150,Human immunodeficiency virus type 1 protease
O[C@@H](C[C@@H](COCc1ccccc1)OCc1ccccc1)[C@@H](COCc1ccccc1)OCc1ccccc1,4.301029995663981,50000.0,1,CHEMBL120289,Human immunodeficiency virus type 1 protease
O[C@@H]([C@H](O)[C@@H](COCc1ccccc1)OCc1ccccc1)[C@@H](COCc1ccccc1)OCc1ccccc1,5.619788758288394,2400.0,1,CHEMBL118872,Human immunodeficiency virus type 1 protease
O[C@@H]([C@H](O)[C@@H](COc1ccccc1)OCc1ccccc1)[C@@H](COc1ccccc1)OCc1ccccc1,4.301029995663981,50000.0,1,CHEMBL333892,Human immunodeficiency virus type 1 protease
O[C@@H]([C@H](O)[C@@H](Cc1ccccc1)OCc1ccccc1)[C@@H](Cc1ccccc1)OCc1ccccc1,4.301029995663981,50000.0,1,CHEMBL331073,Human immunodeficiency virus type 1 protease
O[C@@H]([C@H](OCc1ccccc1)[C@H](COCc1ccccc1)OCc1ccccc1)[C@@H](COCc1ccccc1)OCc1ccccc1,4.301029995663981,50000.0,1,CHEMBL332652,Human immunodeficiency virus type 1 protease
O[C@H]([C@@H](O)[C@H](COCc1ccccc1)OCc1ccccc1)[C@H](COCc1ccccc1)OCc1ccccc1,4.301029995663981,50000.0,1,CHEMBL120654,Human immunodeficiency virus type 1 protease
O[C@H]([C@H](O)[C@@H](COCc1ccccc1)OCc1ccccc1)[C@@H](COCc1ccccc1)OCc1ccccc1,4.301029995663981,50000.0,1,CHEMBL118819,Human immunodeficiency virus type 1 protease
O[C@H]([C@H](O)[C@H](COCc1ccccc1)OCc1ccccc1)[C@@H](COCc1ccccc1)OCc1ccccc1,4.301029995663981,50000.0,1,CHEMBL116537,Human immunodeficiency virus type 1 protease
Oc1cccc2ccc(/C=C/c3ccccc3)nc12,4.0,100000.0,1,CHEMBL61203,Human immunodeficiency virus type 1 protease
Oc1nc2ccccc2c(O)c1CCCOc1ccccc1,3.6989700043360187,200000.0,1,CHEMBL89024,Human immunodeficiency virus type 1 protease
[N-]=[N+]=NC1C(N)C(OCc2ccccc2)OC(CO)C1OCc1ccccc1,6.0,1000.0,1,CHEMBL16982,Human immunodeficiency virus type 1 protease
[N-]=[N+]=N[C@]1(CO)O[C@@H](n2ccc(N)nc2=O)[C@@H](O)[C@@H]1O,6.767003889607846,171.0,1,CHEMBL513181,Human immunodeficiency virus type 1 protease
[N-]=[N+]=N[C@]1(CO)O[C@@H](n2ccc(N)nc2=O)[C@H](O)[C@@H]1O,5.892790030352131,1280.0,1,CHEMBL393857,Human immunodeficiency virus type 1 protease
[O-][S+](Cc1[nH]c2ccc(Cl)cc2c1Sc1ccccc1)c1ccccc1,6.950781977329818,112.0,1,CHEMBL285799,Human immunodeficiency virus type 1 protease
[O-][S+](Cc1[nH]c2ccccc2c1Sc1ccccc1)c1ccccc1,5.590066876668706,2570.0,3,CHEMBL280551,Human immunodeficiency virus type 1 protease
[O-][S+](Cc1[nH]c2ccccc2c1[S+]([O-])c1ccccc1)c1ccccc1,4.137868620686962,72800.0,1,CHEMBL24214,Human immunodeficiency virus type 1 protease
