canonical_smiles,pic50,ic50_nm_median,n_measurements,molecule_chembl_id,target
Br.Oc1cc2c(cc1O)C(c1ccccc1)CNCC2,5.580044251510242,2630.0,1,CHEMBL505308,Replicase polyprotein 1ab
Brc1ccc(-n2nnnc2Sc2ncnc3[nH]ccc23)cc1,3.905266906246218,124375.0,1,CHEMBL5441611,Replicase polyprotein 1ab
C#CC(=O)N(c1ccc(-c2ccccc2)cc1)[C@@H](C(=O)N[C@@H](C)c1ccccc1)c1cccnc1,7.698970004336019,20.0,2,CHEMBL5555689,Replicase polyprotein 1ab
C#CC(=O)N(c1ccc(-c2ccccc2)cc1)[C@H](C(=O)N[C@@H](C)c1ccccc1)c1cccnc1,7.301029995663981,50.0,1,CHEMBL5633085,Replicase polyprotein 1ab
C#CC(=O)N1CCN(c2ccc(Cl)c(Cl)c2)[C@H](C(=O)NCc2cccs2)C1,5.552841968657781,2800.0,1,CHEMBL5193842,Replicase polyprotein 1ab
C#CC(=O)NNC(=O)CCc1ccccc1C(=O)N[C@H](C)c1cccc2ccccc12,7.02726570743409,94.0,2,CHEMBL5196343,Replicase polyprotein 1ab
C#CCC(=O)N(c1ccc(-c2ccccc2)cc1)C(C(=O)N[C@@H](C)c1ccccc1)c1cccnc1,5.334419008982047,4630.0,1,CHEMBL5631977,Replicase polyprotein 1ab
C#CCCC(=O)N(c1ccc(-c2ccccc2)cc1)C(C(=O)N[C@@H](C)c1ccccc1)c1cccnc1,4.698970004336019,20000.0,1,CHEMBL5633686,Replicase polyprotein 1ab
C#CCCC(=O)NCCOc1ccc(C)c(C(=O)N[C@H](C)c2cccc3ccccc23)c1,4.698970004336019,20000.0,1,CHEMBL5574162,Replicase polyprotein 1ab
C#CCCCCOc1ccc(/C=C/C(=O)N[C@@H](CC(C)C)C(=O)N[C@@H](Cc2ccccc2)C(=O)OC)cc1,5.0,10000.0,1,CHEMBL6172616,Replicase polyprotein 1ab
C#CCN(c1ccc(-c2ccccc2)cc1)C(C(=O)N[C@@H](C)c1ccccc1)c1cccnc1,4.698970004336019,20000.0,1,CHEMBL5631311,Replicase polyprotein 1ab
C#CCNC(=O)CCc1ccccc1C(=O)N[C@H](C)c1cc(-c2cnn(C)c2)cc(-c2ccn(CC)n2)c1,5.301029995663981,5000.0,1,CHEMBL6150996,Replicase polyprotein 1ab
C#CCOC(=O)[C@@H]1N2C(=O)[C@@H](NC(=O)COc3ccccc3)[C@H]2S(=O)(=O)C1(C)C,5.522878745280337,3000.0,1,CHEMBL5183479,Replicase polyprotein 1ab
C#CC[C@H](NC(=O)/C=C/c1ccccc1)C(=O)N[C@H](C=O)C[C@@H]1CCCNC1=O,5.484788695672198,3275.0,1,CHEMBL5173857,Replicase polyprotein 1ab
C#CC[C@H](NC(=O)/C=C/c1ccccc1)C(=O)N[C@H](C=O)C[C@@H]1CCNC1=O,5.410665165629167,3884.5,2,CHEMBL5180964,Replicase polyprotein 1ab
C#C[C@@H]1C[C@@]2(CN1C(=O)[C@H](CC(C)C)N(C)C(=O)c1cc3c(OC)cccc3[nH]1)C(=O)N(C)c1ccccc12,7.0,100.0,1,CHEMBL6031391,Replicase polyprotein 1ab
C#C[C@H](CCC(N)=O)NC(=O)[C@H](CC(C)C)NC(=O)OCc1ccccc1,4.455931955649724,35000.0,1,CHEMBL5401763,Replicase polyprotein 1ab
C#C[C@H](CCC(N)=O)NC(=O)[C@H](CC(C)C)NC(=O)c1cc2c(OC)cccc2[nH]1,4.657577319177793,22000.0,1,CHEMBL5407849,Replicase polyprotein 1ab
C#C[C@H](CCSC)NC(=O)[C@@H]1[C@@H]2[C@H](CN1C(=O)[C@@H](NC(=O)C(F)(F)F)C(C)(C)C)C2(C)C,4.924453038607469,11900.0,1,CHEMBL5435659,Replicase polyprotein 1ab
C#C[C@H](C[C@@H]1CCNC1=O)NC(=O)[C@@H]1[C@@H]2[C@H](CN1C(=O)COc1ccc(C(F)(F)F)cc1)C2(C)C,5.522878745280337,3000.0,1,CHEMBL5409319,Replicase polyprotein 1ab
C#C[C@H](C[C@@H]1CCNC1=O)NC(=O)[C@@H]1[C@@H]2[C@H](CN1C(=O)COc1ccc(OC(F)(F)F)cc1)C2(C)C,5.552841968657781,2800.0,1,CHEMBL5396631,Replicase polyprotein 1ab
C#C[C@H](C[C@@H]1CCNC1=O)NC(=O)[C@@H]1[C@@H]2[C@H](CN1C(=O)[C@@H](NC(=O)C(F)(F)F)C(C)(C)C)C2(C)C,6.667679012221937,235.0,4,CHEMBL5401883,Replicase polyprotein 1ab
C#C[C@H](C[C@@H]1CCNC1=O)NC(=O)[C@H](CC(C)C)NC(=O)OCc1ccccc1,5.327902142064283,4700.0,1,CHEMBL5406957,Replicase polyprotein 1ab
C#C[C@H](C[C@@H]1CCNC1=O)NC(=O)[C@H](CC(C)C)NC(=O)c1cc2c(OC)cccc2[nH]1,5.356547323513812,4400.0,1,CHEMBL5399907,Replicase polyprotein 1ab
C#Cc1ccc2c(ccc3[n+]2C(OC)C[Se]3)c1,4.780699874571511,39335.0,2,CHEMBL5174083,Replicase polyprotein 1ab
C/C(=N\NC(=O)c1ccc(CSc2cccc3cccnc23)cc1)c1ccc(F)nc1,5.0,10000.0,1,CHEMBL6190094,Replicase polyprotein 1ab
C/C=C(\C)C(=O)N(c1ccc(-c2ccccc2)cc1)C(C(=O)N[C@@H](C)c1ccccc1)c1cccnc1,4.698970004336019,20000.0,1,CHEMBL5631923,Replicase polyprotein 1ab
C/C=C/C(=O)NCc1nc(-c2ccc(C(F)(F)F)cc2)no1,3.602077363454683,249990.0,1,CHEMBL5284419,Replicase polyprotein 1ab
C/C=C1\C(OC2OC(CO)C(O)C(O)C2O)OC=C(C(=O)OC)C1CC(=O)OCCc1ccc(O)c(O)c1,5.471083299722345,3380.0,1,CHEMBL4303154,Replicase polyprotein 1ab
C/N=c1/nc(-c2ccccc2)n(-c2ccccc2)s1,6.008773924307505,980.0,1,CHEMBL1188627,Replicase polyprotein 1ab
C/N=c1\nc(-c2ccc(Cl)cc2)n(-c2ccccc2)s1,6.866461091629782,136.0,1,CHEMBL162755,Replicase polyprotein 1ab
C/N=c1\nc(-c2ccc(F)cc2)n(-c2ccccc2)s1,6.638419989347865,283.0,2,CHEMBL5423593,Replicase polyprotein 1ab
C/N=c1\nc(-c2ccc(OC)c(OC)c2)n(-c2ccc(F)cc2)s1,6.598599459218456,252.0,1,CHEMBL5430129,Replicase polyprotein 1ab
C/N=c1\nc(-c2ccc(OC)cc2)n(-c2cc(F)c(F)c(F)c2)s1,6.235077015350112,582.0,1,CHEMBL5408402,Replicase polyprotein 1ab
C/N=c1\nc(-c2ccc(OC)cc2)n(-c2ccc(F)cc2)s1,6.428291168191312,373.0,1,CHEMBL5441037,Replicase polyprotein 1ab
C/N=c1\nc(-c2ccc(OC)cc2)n(-c2ccccc2)s1,6.782516055786093,165.0,1,CHEMBL351694,Replicase polyprotein 1ab
C/N=c1\nc(-c2ccccc2)n(-c2ccc(F)cc2)s1,6.906578314837765,124.0,1,CHEMBL5418476,Replicase polyprotein 1ab
C/N=c1\nc(-c2ccccc2)n(-c2ccccc2)s1,6.603062918336848,254.0,6,CHEMBL161867,Replicase polyprotein 1ab
C=C(Br)C(=O)N(c1ccc(-c2ccccc2)cc1)C(C(=O)N[C@@H](C)c1ccccc1)c1cccnc1,5.370590400897281,4260.0,1,CHEMBL5632001,Replicase polyprotein 1ab
C=C(C(=O)N(c1ccc(-c2ccccc2)cc1)C(C(=O)N[C@@H](C)c1ccccc1)c1cccnc1)C(F)(F)F,5.360513510731414,4360.0,1,CHEMBL5633479,Replicase polyprotein 1ab
C=C(C(=O)N(c1ccc(-c2ccccc2)cc1)C(C(=O)N[C@@H](C)c1ccccc1)c1cccnc1)c1ccccc1,4.698970004336019,20000.0,1,CHEMBL5631724,Replicase polyprotein 1ab
C=C(C)C(=O)N(c1ccc(-c2ccccc2)cc1)C(C(=O)N[C@@H](C)c1ccccc1)c1cccnc1,4.698970004336019,20000.0,1,CHEMBL5632110,Replicase polyprotein 1ab
C=C(C)C(Cc1c(OC)ccc(C(=O)/C=C/c2ccc(O)cc2)c1O)OO,4.795880017344075,16000.0,1,CHEMBL1718454,Replicase polyprotein 1ab
C=C(C)C[C@H](NC(=O)[C@@H](NC(=O)OCc1ccccc1)C(C)C)C(=O)N[C@H](C=O)C[C@@H]1CCNC1=O,7.958607314841775,11.0,1,CHEMBL5178875,Replicase polyprotein 1ab
C=C(C)[C@@H]1CC[C@]2(C(=O)O)CC[C@]3(C)[C@H](CC[C@@H]4[C@@]5(C)CC[C@H](O)C(C)(C)[C@@H]5CC[C@]43C)[C@@H]12,5.0,10000.0,1,CHEMBL269277,Replicase polyprotein 1ab
C=C(CC(=O)NNC(=O)CCc1ccccc1C(=O)N[C@H](C)c1cccc2ccccc12)C(=O)OC,4.747146969020107,17900.0,1,CHEMBL6162392,Replicase polyprotein 1ab
C=C(CC)C(=O)c1ccc(OCC(=O)O)c(Cl)c1Cl,5.954677021213342,1110.0,1,CHEMBL456,Replicase polyprotein 1ab
C=C(Cl)C(=O)N(c1ccc(-c2ccccc2)cc1)C(C(=O)N[C@@H](C)c1ccccc1)c1cccnc1,5.374687549038326,4220.0,1,CHEMBL5632113,Replicase polyprotein 1ab
C=C(Cl)C(=O)N(c1ccc(-c2ccccc2)cc1)[C@@H](C(=O)N[C@@H](C)c1ccccc1)c1cccnc1,5.374687549038326,4220.0,1,CHEMBL5567958,Replicase polyprotein 1ab
C=C(Cl)COC(=O)c1cnc2[nH]ccc2c1,4.508638306165727,31000.0,1,CHEMBL5425227,Replicase polyprotein 1ab
C=C(F)C(=O)N(c1ccc(-c2ccccc2)cc1)C(C(=O)N[C@@H](C)c1ccccc1)c1cccnc1,4.698970004336019,20000.0,1,CHEMBL5633236,Replicase polyprotein 1ab
C=C(NC(C)=O)C(=O)N(c1ccc(-c2ccccc2)cc1)C(C(=O)N[C@@H](C)c1ccccc1)c1cccnc1,4.698970004336019,20000.0,1,CHEMBL5631556,Replicase polyprotein 1ab
C=C1C(=O)[C@]23[C@H](O)[C@H]1CC[C@@H]2[C@@]12CO[C@]3(O)C[C@@H]1C(C)(C)CC[C@@H]2O,5.590066876668706,2570.0,1,CHEMBL4303503,Replicase polyprotein 1ab
C=C1CC[C@@H]2[C@](C)(CO)[C@H](O)CC[C@@]2(C)[C@@H]1C/C=C1/C(=O)OC[C@H]1O,4.823908740944319,15000.0,1,CHEMBL186141,Replicase polyprotein 1ab
C=C1CC[C@H]2[C@@](C)(CCC[C@]2(C)C(=O)O)[C@@H]1C/C=C(\C)[C@@H]1CCc2c(O)c(CC3C(=O)C(C(C)=O)=C(O)C(C)(C)C3O)c(O)c(C(=O)CCC)c2O1,5.18837535480105,6550.0,2,CHEMBL5173280,Replicase polyprotein 1ab
C=C1CC[C@H]2[C@@](C)(CCC[C@]2(C)C(=O)O)[C@@H]1C/C=C(\C)[C@H]1CCc2c(O)c(CC3C(=O)C(C(C)=O)=C(O)C(C)(C)C3O)c(O)c(C(=O)CCC)c2O1,5.1716634770575745,6850.0,2,CHEMBL5171650,Replicase polyprotein 1ab
C=CC(=O)N(C)c1ccc(C(=O)Nc2ccc(-c3cn4ccsc4n3)cc2)cc1,4.4089353929735005,39000.0,1,CHEMBL5405564,Replicase polyprotein 1ab
C=CC(=O)N(CCC(N)=O)NC(=O)[C@H](CC(C)C)NC(=O)[C@@H](NC(=O)OCc1ccccc1)[C@@H](C)OC(C)(C)C,7.468521082957745,34.0,1,CHEMBL5566750,Replicase polyprotein 1ab
C=CC(=O)N(CCC)[C@H](C(=O)NCc1ccc2c(c1)OCO2)c1cccc(O)c1,6.0,1000.0,1,CHEMBL6176007,Replicase polyprotein 1ab
C=CC(=O)N(c1ccc(-c2ccccc2)cc1)C(C(=O)N[C@@H](C)c1ccccc1)c1cccnc1,4.698970004336019,20000.0,1,CHEMBL5632601,Replicase polyprotein 1ab
C=CC(=O)N(c1ccc(C(C)(C)C)cc1)[C@@H](C(=O)NCCc1cccc(F)c1)c1cccnc1,4.063888568325146,86320.0,1,CHEMBL5288729,Replicase polyprotein 1ab
C=CC(=O)N(c1ccc(C(C)(C)C)cc1)[C@H](C(=O)NCCc1cccc(F)c1)c1cccnc1,5.543633966870957,2860.0,1,CHEMBL5271977,Replicase polyprotein 1ab
C=CC(=O)NCC(=O)C(=O)N1CCC(C2C(=O)Nc3cc(Cl)ccc32)CC1,5.154901959985743,7000.0,1,CHEMBL5429971,Replicase polyprotein 1ab
C=CC(=O)NCCC(=O)N1CCC(C2C(=O)Nc3cc(Cl)ccc32)CC1,4.494850021680094,32000.0,1,CHEMBL5436990,Replicase polyprotein 1ab
C=CC(=O)NNC(=O)CCc1ccccc1C(=O)N[C@H](C)c1cc(-c2cnn(C)c2)cc(-c2ccn(CC)n2)c1,5.508638306165727,3100.0,1,CHEMBL6103390,Replicase polyprotein 1ab
C=CC(=O)N[C@@H](CC(C)C)C(=O)N[C@@H](Cc1c[nH]c2ccccc12)C(=O)NCc1ccccc1,4.522878745280337,30000.0,1,CHEMBL5575599,Replicase polyprotein 1ab
C=CC(=O)N[C@@H](Cc1ccccc1)C(=O)N[C@@H](Cc1c[nH]c2ccccc12)C(=O)NCc1ccccc1,4.522878745280337,30000.0,1,CHEMBL5566215,Replicase polyprotein 1ab
C=CC(=O)N[C@H](CC(=C)C)C(=O)N1C[C@@H](C(=O)N[C@H](Cc2ccccc2)C(=O)NC)[C@H](c2cccc(C(F)(F)F)c2)C1,5.698970004336019,2000.0,1,CHEMBL5563508,Replicase polyprotein 1ab
C=CC(=O)Nc1ccc(C)c(C(=O)N[C@H](C)c2cccc3ccccc23)c1,5.1938200260161125,6400.0,2,CHEMBL5172181,Replicase polyprotein 1ab
C=CC(=O)O[C@H](C(=O)NCc1cccc(OC)c1OC)c1ccc([N+](=O)[O-])cc1,5.027334407733889,9390.0,1,CHEMBL6165941,Replicase polyprotein 1ab
C=CC(=O)O[C@H](CC)C(=O)NCCc1c[nH]c2ccccc12,3.8566728700079533,139100.0,1,CHEMBL6168104,Replicase polyprotein 1ab
C=CC(=O)[C@H](Cc1ccccc1)NC(=O)[C@H](CC(C)C)NC(=O)/C=C/c1ccccc1,5.0,10000.0,1,CHEMBL6173052,Replicase polyprotein 1ab
C=CC(=O)c1ccc2ccccc2c1,5.906578314837765,1240.0,1,CHEMBL154580,Replicase polyprotein 1ab
C=CCN(C(=O)OCc1ccccc1)[C@@H](CC(C)C)C(=O)N1C[C@]2(CC1C#N)C(=O)Nc1ccccc12,7.0,100.0,1,CHEMBL5750023,Replicase polyprotein 1ab
C=CCN(C(=O)OCc1ccccc1)[C@@H](CC(C)C)C(=O)N1C[C@]2(C[C@H]1C#N)C(=O)Nc1ccccc12,7.0,100.0,1,CHEMBL5777609,Replicase polyprotein 1ab
C=CCOC(=O)C1=C(C(=O)O)N2C(=O)[C@@H](NC(=O)[C@H](Cc3ccccc3)NC(=O)c3cc4ccccc4[nH]3)CN2C1,3.7166987712964503,192000.0,1,CHEMBL5436617,Replicase polyprotein 1ab
C=CCSc1nc2ccccc2n1C(=O)c1ccc(C)cc1,5.262200500306636,5467.705,2,CHEMBL5613546,Replicase polyprotein 1ab
C=CCSc1nc2sc3c(c2c(=O)n1CC)CCc1ccccc1-3,6.096910013008056,800.0,1,CHEMBL1448440,Replicase polyprotein 1ab
C=CC[C@H](NC(=O)/C=C/c1ccccc1)C(=O)N[C@H](C=O)C[C@@H]1CCCNC1=O,5.8735438865681955,1338.0,1,CHEMBL5207769,Replicase polyprotein 1ab
C=CC[C@H](NC(=O)CCl)C(=O)N[C@@H](CC=C)C(=O)N[C@H](CNCc1ccccc1)Cc1c[nH]c2ccccc12,4.522878745280337,30000.0,1,CHEMBL5563602,Replicase polyprotein 1ab
C=CC[C@H](NC(=O)CCl)C(=O)N[C@@H](Cc1c[nH]c2ccccc12)C(=O)NCCN1CCOCC1,4.522878745280337,30000.0,1,CHEMBL5569237,Replicase polyprotein 1ab
C=CC[C@H](NC(=O)CCl)C(=O)N[C@@H](Cc1c[nH]c2ccccc12)C(=O)NCc1ccccc1,5.764360468711919,1720.44,1,CHEMBL5070941,Replicase polyprotein 1ab
C=CCn1c(S)nnc1CSc1ccccc1[N+](=O)[O-],6.4300604567993815,1523.0,2,CHEMBL1595621,Replicase polyprotein 1ab
C=CCn1c(Sc2ncnc3[nH]ccc23)nc2sccc2c1=O,4.002176919254275,99500.0,1,CHEMBL5441770,Replicase polyprotein 1ab
C=CCn1ccc2c(C(=O)Oc3cncc(Cl)c3)cccc21,7.154901959985743,70.0,1,CHEMBL4852507,Replicase polyprotein 1ab
C=CCn1cnc2c(-c3cccc4c3CC(COC(C)=O)c3c(C)ccc(O)c3-4)ncnc21,4.0,100000.0,1,CHEMBL5186196,Replicase polyprotein 1ab
C=CCn1sc2ccccc2c1=O,6.200659450546418,630.0,1,CHEMBL2391913,Replicase polyprotein 1ab
C=CS(=O)(=O)N(c1ccc(-c2ccccc2)cc1)[C@@H](C(=O)N[C@@H](C)c1ccccc1)c1cccnc1,6.508638306165727,310.0,2,CHEMBL5523475,Replicase polyprotein 1ab
C=CS(=O)(=O)N(c1ccc(-c2ccccc2)cc1)[C@H](C(=O)N[C@@H](C)c1ccccc1)c1cccnc1,5.187755303199631,6490.0,1,CHEMBL5633125,Replicase polyprotein 1ab
C=CS(=O)(=O)N(c1ccc(C(C)(C)C)cc1)C(C(=O)NC1CCCCC1)c1cccnc1,6.376750709602099,420.0,2,CHEMBL5076981,Replicase polyprotein 1ab
C=CS(=O)(=O)N(c1ccc(C(C)(C)C)cc1)C(C(=O)NCCc1cccc(Cl)c1)c1cccnc1,9.769551078621726,0.17,1,CHEMBL5093164,Replicase polyprotein 1ab
C=CS(=O)(=O)N(c1ccc(C(C)(C)C)cc1)C(C(=O)NCCc1cccc(OC)c1)c1cccnc1,6.619788758288394,240.0,1,CHEMBL5082129,Replicase polyprotein 1ab
C=CS(=O)(=O)NNC(=O)CCc1ccccc1C(=O)N[C@H](C)c1cc(-c2cnn(C)c2)cc(-c2ccn(CC)n2)c1,6.522878745280337,300.0,1,CHEMBL6133996,Replicase polyprotein 1ab
C=C[C@@H]1C[C@]1(NC(=O)[C@@H]1C[C@@H](Oc2cc(-c3csc(C(=O)CC)n3)nc3c(C)c(OC)ccc23)CN1C(=O)[C@@H](NC(=O)OC1CCCC1)C(C)(C)C)C(=O)O,8.0,10.0,1,CHEMBL5575681,Replicase polyprotein 1ab
C=C[C@@H]1C[C@]1(NC(=O)[C@@H]1C[C@@H](Oc2cc(-c3csc(NC(C)C)n3)nc3c(C(C)C)c(OC)ccc23)CN1C(=O)[C@@H](NC(=O)OC1CCCC1)C(C)(C)C)C(=O)O,7.853871964321762,14.0,1,CHEMBL5572345,Replicase polyprotein 1ab
C=C[C@@H]1C[C@]1(NC(=O)[C@@H]1C[C@@H](Oc2cc(-c3csc(NC(C)C)n3)nc3cc(OC)ccc23)CN1C(=O)[C@@H](NC(=O)OC1CCCC1)C(C)(C)C)P(=O)(O)O,9.045757490560675,0.9,1,CHEMBL1779107,Replicase polyprotein 1ab
C=Cc1ccc(C(=O)N[C@@H](CC(C)C)C(=O)N[C@H](C=O)Cc2ccccc2)cc1,5.0,10000.0,1,CHEMBL6160497,Replicase polyprotein 1ab
C=S(=O)([Na])C(O)C1C[C@@]2(CN1C(=O)[C@H](CC(C)C)N(C)C(=O)c1cc3c(F)cccc3[nH]1)C(=O)Nc1ccccc12,7.0,100.0,1,CHEMBL5897133,Replicase polyprotein 1ab
C=S(=O)([Na])C(O)C1C[C@@]2(CN1C(=O)[C@H](CC(C)C)NC(=O)c1cc3c(OC)cccc3[nH]1)C(=O)Nc1ccccc12,7.0,100.0,1,CHEMBL5851593,Replicase polyprotein 1ab
CC#CC(=O)N(c1ccc(-c2ccccc2)cc1)C(C(=O)N[C@@H](C)c1ccccc1)c1cccnc1,5.939302159646388,1150.0,1,CHEMBL5632672,Replicase polyprotein 1ab
CC#CC(=O)NNC(=O)CCc1ccccc1C(=O)N[C@H](C)c1cccc2ccccc12,4.94692155651658,11300.0,1,CHEMBL6166553,Replicase polyprotein 1ab
CC(=O)/C(C)=C\[C@H](C[C@@H]1CCNC1=O)NC(=O)[C@@H]1[C@@H]2[C@H](CN1C(=O)[C@@H](NC(=O)C(F)(F)F)C(C)(C)C)C2(C)C,7.295163393788596,50.68,1,CHEMBL6164445,Replicase polyprotein 1ab
CC(=O)/C=C/C(=O)N(c1ccc(-c2ccccc2)cc1)C(C(=O)N[C@@H](C)c1ccccc1)c1cccnc1,4.768275616671484,17050.0,1,CHEMBL5633152,Replicase polyprotein 1ab
CC(=O)/C=C/C(=O)NNC(=O)CCc1ccccc1C(=O)N[C@H](C)c1cccc2ccccc12,4.565431095965801,27200.0,1,CHEMBL6168096,Replicase polyprotein 1ab
CC(=O)/C=C/[C@H](CCc1ccccc1)NC(=O)[C@H](CC(C)C)NC(=O)OCc1ccc([N+](=O)[O-])cc1,3.8034098947325736,157250.0,2,CHEMBL4096388,Replicase polyprotein 1ab
CC(=O)/C=C/[C@H](CCc1ccccc1)NC(=O)[C@H](CC1CCCCC1)NC(=O)c1ccc(F)cc1,4.3260580013659125,47200.0,2,CHEMBL5289700,Replicase polyprotein 1ab
CC(=O)C(=O)NNC(=O)CCc1ccccc1C(=O)N[C@H](C)c1cccc2ccccc12,4.428291168191312,37300.0,1,CHEMBL6166367,Replicase polyprotein 1ab
CC(=O)Cc1cc(=O)c2c(C)cc(O)c([C@@H]3O[C@H](CO)[C@@H](O)[C@H](O)[C@H]3O)c2o1,4.410050398674292,38900.0,1,CHEMBL5172191,Replicase polyprotein 1ab
CC(=O)N(C)[C@@H](CC(C)(C)C)C(=O)N(C)[C@@H](CC(C)C)C(=O)N1C[C@]2(C[C@H]1C#N)C(=O)Nc1ccccc12,7.0,100.0,1,CHEMBL5846900,Replicase polyprotein 1ab
CC(=O)N(C[C@@H]1CCNC1=O)NC(=O)[C@H](CC(C)C)NC(=O)c1cc2c(F)cccc2[nH]1,6.478861916295964,332.0,1,CHEMBL5172924,Replicase polyprotein 1ab
CC(=O)N1CC(NC(=O)c2cc3c(N[C@@H](c4ccc5c(c4)OCCO5)C(C)C)ncnc3[nH]2)C1,5.899739862023092,1397.0,2,CHEMBL5441950,Replicase polyprotein 1ab
CC(=O)N1CC2(CC2)C[C@H]1C(=O)N[C@@H](C[C@@H]1CCNC1=O)C(=O)COC(F)(F)F,7.450996737974212,35.4,1,CHEMBL5426319,Replicase polyprotein 1ab
CC(=O)N1CCN(Cc2cccc(-c3cc4c(N[C@@H](c5ccc6c(c5)S(=O)(=O)CCC6)C(C)C)ncnc4[nH]3)c2)CC1,6.58838029403677,258.0,3,CHEMBL5441791,Replicase polyprotein 1ab
CC(=O)N1[C@@H]2CC[C@H]1c1c(ncnc1N[C@@H](c1ccc3c(c1)S(=O)(=O)CCC3)C(C)C)C2,4.002176919254275,99500.0,1,CHEMBL5441903,Replicase polyprotein 1ab
CC(=O)NC(C)C(=O)N[C@@H](CO)C(=O)N[C@H](C(=O)[C@@H](CO)C(=O)N[C@H](C=O)CCC(N)=O)[C@@H](C)O,5.1249387366083,7500.0,1,CHEMBL5272843,Replicase polyprotein 1ab
CC(=O)NC(CCC(=O)O)C(=O)N[C@@H](CO)C(=O)N[C@H](C(=O)[C@@H](CC(C)C)C(=O)N[C@H](C=O)CCC(N)=O)[C@@H](C)O,5.1249387366083,7500.0,1,CHEMBL5280630,Replicase polyprotein 1ab
CC(=O)NCC(=O)N[C@@H](Cc1c[nH]cn1)C(=O)N[C@H](C=O)Cc1c[nH]cn1,3.6716203965612624,213000.0,1,CHEMBL5270591,Replicase polyprotein 1ab
CC(=O)NCC(=O)N[C@@H](Cc1c[nH]cn1)C(=O)N[C@H](C=O)Cc1ccc(O)cc1,3.3716110699496884,425000.0,1,CHEMBL5287116,Replicase polyprotein 1ab
CC(=O)NCC(=O)N[C@@H](Cc1ccc(O)cc1)C(=O)N[C@H](C=O)Cc1c[nH]cn1,3.703927433640165,197730.0,1,CHEMBL5291407,Replicase polyprotein 1ab
CC(=O)NCC(=O)N[C@@H](Cc1ccccc1)C(=O)N[C@H](C=O)Cc1c[nH]cn1,5.600326278518962,2510.0,1,CHEMBL5286815,Replicase polyprotein 1ab
CC(=O)NCCn1cc2cc(Nc3nc(=O)n(Cc4ccc[nH]c4=O)c(=O)n3Cc3cc(F)c(F)c(F)c3)c(Cl)cc2n1,6.0,1000.0,1,CHEMBL5556358,Replicase polyprotein 1ab
CC(=O)NCc1ccc(-c2cccc([C@@H](C)NC(=O)c3cc(NC4CNC4)ccc3C)c2)s1,6.431798275933005,370.0,2,CHEMBL5085659,Replicase polyprotein 1ab
CC(=O)NCn1sc2cc(F)ccc2c1=O,6.5968794788241825,253.0,1,CHEMBL5198660,Replicase polyprotein 1ab
CC(=O)N[C@@H](C(=O)N[C@@H](CC(C)(C)C)C(=O)N1C[C@]2(C[C@H]1C#N)C(=O)Nc1ccccc12)C(C)C,6.259637310505756,550.0,1,CHEMBL5823056,Replicase polyprotein 1ab
CC(=O)N[C@@H](C)C(=O)N(C)[C@@H](CC(C)(C)C)C(=O)N1C[C@]2(C[C@H]1C#N)C(=O)Nc1ccccc12,7.0,100.0,1,CHEMBL5916346,Replicase polyprotein 1ab
CC(=O)N[C@@H](CC1CC1)C(=O)N(C)[C@@H](CC(C)(C)C)C(=O)N1C[C@]2(C[C@H]1C#N)C(=O)Nc1ccccc12,7.0,100.0,1,CHEMBL5859654,Replicase polyprotein 1ab
CC(=O)N[C@@H](CC1CC1)C(=O)N(C)[C@@H](CC(C)C)C(=O)N1C[C@]2(C[C@H]1C#N)C(=O)Nc1ccccc12,7.0,100.0,1,CHEMBL5944197,Replicase polyprotein 1ab
CC(=O)N[C@@H](CC1CC1)C(=O)N(C)[C@@H](Cc1ccc(F)cc1)C(=O)N1C[C@]2(C[C@H]1C#N)C(=O)Nc1ccccc12,7.0,100.0,1,CHEMBL5905342,Replicase polyprotein 1ab
CC(=O)N[C@@H](CC1CC1)C(=O)N[C@@H](CC(C)(C)C)C(=O)N1C[C@]2(C[C@H]1C#N)C(=O)Nc1ccccc12,7.0,100.0,1,CHEMBL5918217,Replicase polyprotein 1ab
CC(=O)N[C@@H](CCc1ccc(O)cc1)C(=O)N[C@@H](CN)C(=O)NCC(=O)NC/C=C/C(=O)O,5.0,10000.0,1,CHEMBL5176411,Replicase polyprotein 1ab
CC(=O)N[C@@H](CCc1nc2ccccc2s1)C(=O)N[C@@H](CN)C(=O)NCC(=O)NC/C=C/C(=O)O,5.0,10000.0,1,CHEMBL5172346,Replicase polyprotein 1ab
CC(=O)N[C@@H](CO)C(=O)N[C@H](C(=O)N[C@@H](CO)C(=O)N[C@@H](C)C(=O)N[C@H](C(=O)N[C@@H](CC(C)C)C(=O)N[C@@H](CCC(N)=O)C(=O)N[C@@H](CO)C(=O)NCC(=O)N[C@@H](Cc1ccccc1)C(=O)N[C@@H](CCCNC(=N)N)C(=O)N[C@@H](CCCCN)C(=O)N[C@@H](Cc1ccccc1)C(N)=O)C(C)C)[C@@H](C)O,4.1487416512809245,71000.0,1,CHEMBL4875501,Replicase polyprotein 1ab
CC(=O)N[C@@H](Cc1cc(F)c(F)cc1F)C(=O)N(C)[C@@H](CC(C)(C)C)C(=O)N1C[C@]2(C[C@H]1C#N)C(=O)Nc1ccccc12,7.0,100.0,1,CHEMBL5981587,Replicase polyprotein 1ab
CC(=O)N[C@@H](Cc1ccc(F)cc1)C(=O)N(C)[C@@H](CC(C)(C)C)C(=O)N1C[C@]2(C[C@H]1C#N)C(=O)Nc1ccccc12,7.0,100.0,1,CHEMBL5997684,Replicase polyprotein 1ab
CC(=O)N[C@H](C(=O)N1C[C@@H]2CCC[C@@H]2[C@H]1C(=O)N[C@H](C#N)C[C@@H]1CCNC1=O)C1CCCCC1,6.258848401148215,551.0,1,CHEMBL5411271,Replicase polyprotein 1ab
CC(=O)N[C@H](C(=O)N1C[C@H]2[C@@H]([C@H]1C(=O)N[C@H](C#N)C[C@@H]1CCNC1=O)C2(C)C)C(C)(C)C,7.0,100.0,2,CHEMBL5178656,Replicase polyprotein 1ab
CC(=O)N[C@H](C(=O)N1C[C@H]2[C@@H]([C@H]1C(=O)N[C@H](C#N)C[C@@H]1CCNC1=O)C2(C)C)c1cc(Cl)c(OCCN(C)C)c(Cl)c1,4.5499049241283975,28190.0,1,CHEMBL6102427,Replicase polyprotein 1ab
CC(=O)N[C@H](C(=O)N[C@@H](CC(C)(C)C)C(=O)N1C[C@]2(C[C@H]1C#N)C(=O)Nc1ccccc12)C(C)C,6.259637310505756,550.0,1,CHEMBL5802741,Replicase polyprotein 1ab
CC(=O)N[C@H](C(=O)N[C@H](C(=O)N[C@@H](CC(C)C)C(=O)N[C@@H](CCC(=O)N(C)C)C(=O)Cn1[nH]c(=O)c2c([N+](=O)[O-])cccc2c1=O)C(C)O)C(C)C,4.275724130399211,53000.0,1,CHEMBL385315,Replicase polyprotein 1ab
CC(=O)N[C@H](C(=O)N[C@H](C(=O)N[C@@H](CC(C)C)C(=O)N[C@@H](CCC(=O)N(C)C)C(=O)Cn1[nH]c(=O)c2c([N+](=O)[O-])cccc2c1=O)C(C)OCc1ccccc1)C(C)C,4.154901959985743,70000.0,1,CHEMBL446118,Replicase polyprotein 1ab
CC(=O)N[C@H](C(=O)N[C@H](C(=O)N[C@@H](CC(C)C)C(=O)N[C@@H](CCC(=O)N(C)C)C(=O)Cn1[nH]c(=O)c2c([N+](=O)[O-])cccc2c1=O)[C@@H](C)OCc1ccccc1)C(C)C,6.221848749616356,600.0,1,CHEMBL5290841,Replicase polyprotein 1ab
CC(=O)N[C@H](C(=O)N[C@H](C(=O)N[C@@H](CC(C)C)C(=O)N[C@@H](CCC(=O)N(C)C)C(=O)Cn1[nH]c(=O)c2ccccc2c1=O)C(C)O)C(C)C,4.552841968657781,28000.0,1,CHEMBL223094,Replicase polyprotein 1ab
CC(=O)N[C@H](C(=O)N[C@H](C(=O)N[C@@H](CC(C)C)C(=O)N[C@@H](CCC(=O)N(C)C)C(=O)Cn1[nH]c(=O)c2ccccc2c1=O)C(C)OCc1ccccc1)C(C)C,4.1938200260161125,64000.0,1,CHEMBL374164,Replicase polyprotein 1ab
CC(=O)N[C@H](C(=O)N[C@H](C(=O)N[C@@H](CC(C)C)C(=O)N[C@@H](C[C@@H]1CCNC1=O)C(=O)Cn1[nH]c(=O)c2c([N+](=O)[O-])cccc2c1=O)C(C)O)C(C)C,5.468521082957745,3400.0,1,CHEMBL372816,Replicase polyprotein 1ab
CC(=O)N[C@H](C(=O)N[C@H](C(=O)N[C@@H](CC(C)C)C(=O)N[C@@H](C[C@@H]1CCNC1=O)C(=O)Cn1[nH]c(=O)c2c([N+](=O)[O-])cccc2c1=O)C(C)OCc1ccccc1)C(C)C,6.221848749616356,600.0,1,CHEMBL373658,Replicase polyprotein 1ab
CC(=O)N[C@H](C(=O)N[C@H](C(=O)N[C@@H](CC(C)C)C(=O)N[C@@H](C[C@@H]1CCNC1=O)C(=O)Cn1[nH]c(=O)c2ccccc2c1=O)C(C)O)C(C)C,5.5376020021010435,2900.0,1,CHEMBL221519,Replicase polyprotein 1ab
CC(=O)N[C@H](C(=O)N[C@H](C(=O)N[C@@H](CC(C)C)C(=O)N[C@@H](C[C@@H]1CCNC1=O)C(=O)Cn1[nH]c(=O)c2ccccc2c1=O)C(C)OCc1ccccc1)C(C)C,5.568636235841013,2700.0,1,CHEMBL221518,Replicase polyprotein 1ab
CC(=O)N[C@H](CC(C)C)C(=O)N[C@H](CC(C)C)C(=O)N[C@H](C=O)CCCN=C(N)N,3.895512888687605,127200.0,1,CHEMBL5550069,Replicase polyprotein 1ab
CC(=O)N[C@H](Cc1cc(F)c(F)cc1F)C(=O)N(C)[C@@H](CC(C)(C)C)C(=O)N1C[C@]2(C[C@H]1C#N)C(=O)Nc1ccccc12,7.0,100.0,1,CHEMBL5917741,Replicase polyprotein 1ab
CC(=O)Nc1cc(F)cc(CNC(=O)C2CCN([C@H](C)c3cccc4ccccc34)CC2)c1,5.94692155651658,1130.0,3,CHEMBL5192637,Replicase polyprotein 1ab
CC(=O)Nc1ccc(-c2cc3c(N[C@@H](c4ccc5c(c4)S(=O)(=O)CCC5)C(C)C)ncnc3[nH]2)cc1F,6.692503962086787,203.0,3,CHEMBL5441510,Replicase polyprotein 1ab
CC(=O)Nc1ccc(C(=O)Nc2ncnc3[nH]c(C)c(C)c23)cc1Cl,4.002176919254275,99500.0,2,CHEMBL5441964,Replicase polyprotein 1ab
CC(=O)Nc1ccc(C)c(C(=O)NC(C)c2cccc3ccccc23)c1,4.958607314841775,11000.0,1,CHEMBL6141708,Replicase polyprotein 1ab
CC(=O)Nc1ccc(C)c(C(=O)N[C@@H](C)c2cccc3ccccc23)c1,5.301029995663981,5000.0,1,CHEMBL5171214,Replicase polyprotein 1ab
CC(=O)Nc1ccc(C)c(C(=O)N[C@H](C)c2cccc(-c3ccc(CN4CCCC4)s3)c2)c1,5.616184634019569,2420.0,1,CHEMBL5590827,Replicase polyprotein 1ab
CC(=O)Nc1ccc(C)c(C(=O)N[C@H](C)c2cccc(-c3ccc(CNC4CCCC4)s3)c2)c1,5.747146969020107,1790.0,1,CHEMBL5595314,Replicase polyprotein 1ab
CC(=O)Nc1ccc(C)c(C(=O)N[C@H](C)c2cccc(-c3ccc(CN[C@H]4CC[C@@H](O)C4)s3)c2)c1,5.818156412055227,1520.0,1,CHEMBL5088866,Replicase polyprotein 1ab
CC(=O)Nc1ccc(C)c(C(=O)N[C@H](C)c2cccc3ccccc23)c1,5.207608310501746,6200.0,3,CHEMBL551592,Replicase polyprotein 1ab
CC(=O)Nc1ccc(CCC(=O)NNC(=O)CCl)c(C(=O)N[C@H](C)c2cccc3ccccc23)c1,5.356547323513812,4400.0,1,CHEMBL6143565,Replicase polyprotein 1ab
CC(=O)Nc1ccc(CN(C)[C@H](C)c2cccc3ccccc23)cc1,5.354577730650908,4420.0,1,CHEMBL6103074,Replicase polyprotein 1ab
CC(=O)Nc1ccc(S(=O)(=O)NNc2ncnc3sccc23)cc1,4.002176919254275,99500.0,1,CHEMBL5442109,Replicase polyprotein 1ab
CC(=O)Nc1ccc([C@@H](CC(=O)O)NC(=O)c2ncnc3[nH]ccc23)cc1,4.837332019774749,14543.5,2,CHEMBL5441605,Replicase polyprotein 1ab
CC(=O)Nc1cccc(CNC(=O)C2CCN([C@H](C)c3cccc4ccccc34)CC2)c1,5.570247719997592,2690.0,5,CHEMBL3233809,Replicase polyprotein 1ab
CC(=O)Nc1cccc(Nc2ccc(C)c(C(=O)NC3(c4cccc5ccccc45)CC3)c2)c1,6.301029995663981,500.0,1,CHEMBL6159764,Replicase polyprotein 1ab
CC(=O)Nc1cccc([C@@H](CC(=O)O)NC(=O)c2ncnc3[nH]ccc23)c1,4.684848662295018,20661.0,3,CHEMBL5441935,Replicase polyprotein 1ab
CC(=O)Nc1nc2cc(Cl)c(Nc3nc(=O)n(Cc4ncn(C)n4)c(=O)n3Cc3cc(F)c(F)c(Cl)c3)cc2s1,6.0,1000.0,1,CHEMBL5557749,Replicase polyprotein 1ab
CC(=O)Nc1ncnc2c1ncn2[C@@H]1O[C@H](CNS(=O)(=O)c2ccc3ccccc3c2)[C@@H](O)[C@H]1O,7.318758762624412,48.0,1,CHEMBL5178276,Replicase polyprotein 1ab
CC(=O)OC(C)OC(=O)N1CC(Nc2ccc(C)c(C(=O)N[C@H](C)c3cccc(-c4ccc(CNC(=O)C5CCCC5)s4)c3)c2)C1,6.221848749616356,600.0,1,CHEMBL5592606,Replicase polyprotein 1ab
CC(=O)OCC(=O)[C@H](C[C@@H]1CCNC1=O)NC(=O)[C@H](CC(C)C)NC(=O)OCc1cccc(Cl)c1,5.823908740944319,1500.0,1,CHEMBL5182169,Replicase polyprotein 1ab
CC(=O)OCC1Cc2c(-c3cc(-c4ccccc4)ccn3)cccc2-c2c(O)ccc(-c3ccc(Br)cc3)c21,5.181037096827536,10060.0,2,CHEMBL5206883,Replicase polyprotein 1ab
CC(=O)OCC1Cc2c(-c3cc(-c4ccccc4)ccn3)cccc2-c2c(O)ccc(C)c21,5.247951552180561,5650.0,1,CHEMBL5203894,Replicase polyprotein 1ab
CC(=O)OCC1Cc2c(-c3cc(-c4ccccc4)ccn3)cccc2-c2c(O)ccc(C3CCCCC3)c21,5.068542129310995,8540.0,1,CHEMBL5170933,Replicase polyprotein 1ab
CC(=O)OCC1Cc2c(-c3cc(C#N)ccn3)cccc2-c2c(O)ccc(-c3ccc(Br)cc3)c21,4.988852639224203,10260.0,1,CHEMBL5177686,Replicase polyprotein 1ab
CC(=O)OCC1Cc2c(-c3cc(C)ccn3)cccc2-c2c(O)ccc(-c3ccc(Br)cc3)c21,5.00788851221305,9820.0,1,CHEMBL5208389,Replicase polyprotein 1ab
CC(=O)OCC1Cc2c(-c3cc(C)ccn3)cccc2-c2c(O)ccc(C)c21,4.1664704182413566,68160.0,1,CHEMBL5186504,Replicase polyprotein 1ab
CC(=O)OCC1Cc2c(-c3cc(C=O)ccn3)cccc2-c2c(O)ccc(-c3ccc(Br)cc3)c21,5.486855968988029,3260.0,2,CHEMBL5176434,Replicase polyprotein 1ab
CC(=O)OCC1Cc2c(-c3cc(Cl)ccn3)cccc2-c2c(O)ccc(-c3ccc(Br)cc3)c21,5.292032793443628,5115.0,2,CHEMBL5175482,Replicase polyprotein 1ab
CC(=O)OCC1Cc2c(-c3cc(N4CCCC4)ccn3)cccc2-c2c(O)ccc(-c3ccc(Br)cc3)c21,4.949620243738543,11230.0,1,CHEMBL5179506,Replicase polyprotein 1ab
CC(=O)OCC1Cc2c(-c3cc(N4CCOCC4)ccn3)cccc2-c2c(O)ccc(-c3ccc(Br)cc3)c21,5.131355561605174,7390.0,1,CHEMBL5191235,Replicase polyprotein 1ab
CC(=O)OCC1Cc2c(-c3cc4ccccc4cn3)cccc2-c2c(O)ccc(C)c21,4.921905849593589,11970.0,1,CHEMBL5209023,Replicase polyprotein 1ab
CC(=O)OCC1Cc2c(-c3ccc(-c4ccccc4)cn3)cccc2-c2c(O)ccc(-c3ccc(Br)cc3)c21,5.08196966321512,8280.0,1,CHEMBL5209460,Replicase polyprotein 1ab
CC(=O)OCC1Cc2c(-c3ccc(Br)cn3)cccc2-c2c(O)ccc(-c3ccc(Br)cc3)c21,5.171984935776023,6730.0,1,CHEMBL5172817,Replicase polyprotein 1ab
CC(=O)OCC1Cc2c(-c3ccc(Br)cn3)cccc2-c2c(O)ccc(C)c21,4.732828271596986,18500.0,1,CHEMBL5208242,Replicase polyprotein 1ab
CC(=O)OCC1Cc2c(-c3ccc(C#N)cn3)cccc2-c2c(O)ccc(-c3ccc(Br)cc3)c21,5.351737605222533,4950.0,2,CHEMBL5198662,Replicase polyprotein 1ab
CC(=O)OCC1Cc2c(-c3ccc(C(C)=O)cn3)cccc2-c2c(O)ccc(-c3ccc(Br)cc3)c21,5.2343314452409855,5830.0,1,CHEMBL5195252,Replicase polyprotein 1ab
CC(=O)OCC1Cc2c(-c3ccc(C)cn3)cccc2-c2c(O)ccc(-c3ccc(Br)cc3)c21,5.279840696594043,5250.0,1,CHEMBL5183857,Replicase polyprotein 1ab
CC(=O)OCC1Cc2c(-c3ccc(C=O)cn3)cccc2-c2c(O)ccc(-c3ccc(Br)cc3)c21,5.051098239029786,8890.0,1,CHEMBL5205128,Replicase polyprotein 1ab
CC(=O)OCC1Cc2c(-c3ccc(Cl)cn3)cccc2-c2c(O)ccc(-c3ccc(Br)cc3)c21,5.4784525311943035,3390.0,2,CHEMBL5189811,Replicase polyprotein 1ab
CC(=O)OCC1Cc2c(-c3ccc(Cl)cn3)cccc2-c2c(O)ccc(C)c21,4.44648105985103,35770.0,1,CHEMBL5174450,Replicase polyprotein 1ab
CC(=O)OCC1Cc2c(-c3ccc(F)cn3)cccc2-c2c(O)ccc(-c3ccc(Br)cc3)c21,5.237445836968988,6050.0,2,CHEMBL5204665,Replicase polyprotein 1ab
CC(=O)OCC1Cc2c(-c3ccc(F)cn3)cccc2-c2c(O)ccc(C)c21,4.175223537524454,66800.0,1,CHEMBL5193737,Replicase polyprotein 1ab
CC(=O)OCC1Cc2c(-c3ccc(N(C)C)cn3)cccc2-c2c(O)ccc(-c3ccc(Br)cc3)c21,5.3320986039413345,4790.0,2,CHEMBL5192607,Replicase polyprotein 1ab
CC(=O)OCC1Cc2c(-c3ccc(NCc4ccccc4)cn3)cccc2-c2c(O)ccc(-c3ccc(Br)cc3)c21,5.358746721248423,4550.0,2,CHEMBL5181133,Replicase polyprotein 1ab
CC(=O)OCC1Cc2c(-c3ccc(S(C)(=O)=O)cn3)cccc2-c2c(O)ccc(-c3ccc(Br)cc3)c21,5.1771783546968955,6650.0,1,CHEMBL5209430,Replicase polyprotein 1ab
CC(=O)OCC1Cc2c(-c3ccc4ccccc4n3)cccc2-c2c(O)ccc(C)c21,4.85949195696182,13820.0,1,CHEMBL5207257,Replicase polyprotein 1ab
CC(=O)OCC1Cc2c(-c3ccccn3)cc(C)cc2-c2c(O)ccc(C)c21,4.239050048589102,57670.0,1,CHEMBL5185504,Replicase polyprotein 1ab
CC(=O)OCC1Cc2c(-c3ccccn3)ccc(Br)c2-c2c(O)ccc(C)c21,4.0,100000.0,1,CHEMBL5178260,Replicase polyprotein 1ab
CC(=O)OCC1Cc2c(-c3ccccn3)ccc(C)c2-c2c(O)ccc(C)c21,4.0,100000.0,1,CHEMBL5170998,Replicase polyprotein 1ab
CC(=O)OCC1Cc2c(-c3ccccn3)ccc(Cl)c2-c2c(O)ccc(C)c21,4.067627717852086,85580.0,1,CHEMBL5205858,Replicase polyprotein 1ab
CC(=O)OCC1Cc2c(-c3ccccn3)ccc(F)c2-c2c(O)ccc(C)c21,4.0,100000.0,1,CHEMBL5205597,Replicase polyprotein 1ab
CC(=O)OCC1Cc2c(-c3ccccn3)cccc2-c2c(O)ccc(-c3ccc(Br)cc3)c21,5.1911141326401875,6440.0,1,CHEMBL5203183,Replicase polyprotein 1ab
CC(=O)OCC1Cc2c(-c3ccccn3)cccc2-c2c(O)ccc(-c3ccc(C#N)cc3)c21,4.713992877920526,19320.0,1,CHEMBL5175215,Replicase polyprotein 1ab
CC(=O)OCC1Cc2c(-c3ccccn3)cccc2-c2c(O)ccc(C(C)C)c21,4.5307672574933875,29460.0,1,CHEMBL5206974,Replicase polyprotein 1ab
CC(=O)OCC1Cc2c(-c3ccccn3)cccc2-c2c(O)ccc(C)c21,4.213603538627695,61150.0,1,CHEMBL5200032,Replicase polyprotein 1ab
CC(=O)OCC1Cc2c(-c3ccccn3)cccc2-c2c(O)ccc(C3CCCCC3)c21,5.042871802323186,9060.0,1,CHEMBL5187246,Replicase polyprotein 1ab
CC(=O)OCC1Cc2c(-c3ccccn3)cccc2-c2c(O)ccc(Cc3ccccc3)c21,4.9434762759209,11390.0,1,CHEMBL5200309,Replicase polyprotein 1ab
CC(=O)OCC1Cc2c(-c3ccncn3)cccc2-c2c(O)ccc(C)c21,4.0,100000.0,1,CHEMBL5170377,Replicase polyprotein 1ab
CC(=O)OCC1Cc2c(-c3ncccc3C)cccc2-c2c(O)ccc(C)c21,4.229810977264007,58910.0,1,CHEMBL5204406,Replicase polyprotein 1ab
CC(=O)OCC1Cc2c(-c3ncccn3)cccc2-c2c(O)ccc(C)c21,4.0,100000.0,1,CHEMBL5171129,Replicase polyprotein 1ab
CC(=O)OCC1Cc2c(ccc(C)c2-c2ccccn2)-c2c(O)ccc(C)c21,4.269137007953506,53810.0,1,CHEMBL5199771,Replicase polyprotein 1ab
CC(=O)OCC1Cc2c(cccc2-c2nccc3ccccc23)-c2c(O)ccc(C)c21,4.848630149752539,14170.0,1,CHEMBL5191100,Replicase polyprotein 1ab
CC(=O)OCC1Cc2c(cccc2-c2ncnc3c2ncn3CC2CC2)-c2c(O)ccc(C)c21,4.0,100000.0,1,CHEMBL5174506,Replicase polyprotein 1ab
CC(=O)OCC1Cc2c(cccc2-n2cccn2)-c2c(O)ccc(C)c21,4.0,100000.0,1,CHEMBL5181569,Replicase polyprotein 1ab
CC(=O)O[C@H](CC=C(C)C)C1=CC(=O)c2c(O)ccc(O)c2C1=O,5.42021640338319,3800.0,3,CHEMBL403516,Replicase polyprotein 1ab
CC(=O)Oc1c(Cl)c(/C=C/C(=O)c2ccc(F)cc2)c(Cl)c(OC(C)=O)c1OC(C)=O,6.6074789100680675,246.9,1,CHEMBL6143814,Replicase polyprotein 1ab
CC(=O)Oc1cccc(COC(=O)N[C@@H](CC2CCCCC2)C(=O)N[C@H](C=O)C[C@@H]2CCNC2=O)c1,7.008773924307505,98.0,1,CHEMBL5396546,Replicase polyprotein 1ab
CC(=O)Oc1ccccc1C(=O)Nc1ncc([N+](=O)[O-])s1,5.013228265733755,9700.0,1,CHEMBL1401,Replicase polyprotein 1ab
CC(=O)[C@@]1(O)CC[C@H]2[C@@H]3CCC4=CC(=O)CC[C@]4(C)[C@H]3CC[C@@]21C,5.607303046740334,2470.0,1,CHEMBL1062,Replicase polyprotein 1ab
CC(=O)c1cc(O)c2ccccc2c1O,5.657577319177793,2200.0,1,CHEMBL1382760,Replicase polyprotein 1ab
CC(=O)c1ccc(-c2cc3c(N[C@@H](c4ccc5c(c4)OCCO5)C(C)C)ncnc3[nH]2)[nH]1,5.507990002390927,3107.5,2,CHEMBL5441732,Replicase polyprotein 1ab
CC(=O)c1ccc(-c2cc3c(N[C@@H](c4ccc5c(c4)OCCO5)C(C)C)ncnc3[nH]2)o1,5.830709108283165,1477.0,2,CHEMBL5441826,Replicase polyprotein 1ab
CC(=O)c1ccc(S(=O)(=O)Nc2cnc3[nH]ccc3c2)cc1,4.002176919254275,99500.0,1,CHEMBL5441536,Replicase polyprotein 1ab
CC(=O)c1ccc2c(c1)N(C(=O)CSC#N)c1ccccc1S2,5.975925012692573,1057.0,1,CHEMBL5426704,Replicase polyprotein 1ab
CC(=O)n1cc(-c2cc(-c3cnn(C)c3)cc([C@@H](C)NC(=O)c3cc(OCCN(C)C)ccc3C)c2)cn1,6.958607314841775,110.0,1,CHEMBL6148482,Replicase polyprotein 1ab
CC(C)(C(=O)N1C[C@H]2[C@@H]([C@H]1C(=O)N[C@H](C=O)C[C@@H]1CCNC1=O)C2(C)C)c1ccccc1,7.638272163982407,23.0,1,CHEMBL5562781,Replicase polyprotein 1ab
CC(C)(C)C(=O)N[C@@H]1C(=O)N2C[C@H]3[C@@H]([C@H]2C(=O)N[C@H](C#N)C[C@@H]2C[C@H](NC2=O)C(=O)NCC1(C)C)C3(C)C,6.512861624522813,307.0,1,CHEMBL6101985,Replicase polyprotein 1ab
CC(C)(C)C(=O)N[C@H](C(=O)N1CC2(C[C@H]1C(=O)N[C@H](C#N)C[C@@H]1CCNC1=O)SCCS2)C(C)(C)C,7.657577319177793,22.0,2,CHEMBL5594068,Replicase polyprotein 1ab
CC(C)(C)C(=O)N[C@H](C(=O)N1C[C@H]2[C@@H]([C@H]1C(=O)NC(CC1CCC1)C(=O)C(N)=O)C2(C)C)C(C)(C)C,5.192024974171799,7065.0,2,CHEMBL4868590,Replicase polyprotein 1ab
CC(C)(C)C(=O)N[C@H](C(=O)N1C[C@H]2[C@@H]([C@H]1C(=O)N[C@H](C#N)C[C@@H]1CCNC1=O)C2(C)C)C(C)(C)C,7.0,100.0,2,CHEMBL5202626,Replicase polyprotein 1ab
CC(C)(C)C(CC(=O)OCc1ccccc1)C(=O)N1CCC[C@H]1C(=O)N1C[C@]2(C[C@H]1C#N)C(=O)Nc1ccccc12,6.0,1000.0,1,CHEMBL5755906,Replicase polyprotein 1ab
CC(C)(C)C(NC(=O)C(Cc1ccc(F)cc1)NC(=O)OCc1ccccc1)C(=O)N1CCC[C@H]1C(=O)N1C[C@]2(C[C@H]1C#N)C(=O)Nc1ccccc12,7.0,100.0,1,CHEMBL5903199,Replicase polyprotein 1ab
CC(C)(C)C(NC(=O)C(F)(F)F)C(=O)N1CCC[C@H]1C(=O)N1C[C@]2(C[C@H]1C#N)C(=O)Nc1ccccc12,6.0,1000.0,1,CHEMBL5871232,Replicase polyprotein 1ab
CC(C)(C)C(NC(=O)NCc1ccccc1)C(=O)N1CCC[C@H]1C(=O)N1C[C@]2(C[C@H]1C#N)C(=O)Nc1ccccc12,6.0,1000.0,1,CHEMBL5831024,Replicase polyprotein 1ab
CC(C)(C)C(NC(=O)c1ccc(F)cc1)C(=O)N1CCC[C@H]1C(=O)N1C[C@]2(C[C@H]1C#N)C(=O)Nc1ccccc12,6.0,1000.0,1,CHEMBL5821430,Replicase polyprotein 1ab
CC(C)(C)C(NCc1cc(F)c(F)cc1F)C(=O)N1CCC[C@H]1C(=O)N1C[C@]2(C[C@H]1C#N)C(=O)Nc1ccccc12,6.0,1000.0,1,CHEMBL5793037,Replicase polyprotein 1ab
CC(C)(C)C(NS(=O)(=O)c1ccccc1)C(=O)N1CCC[C@H]1C(=O)N1C[C@]2(C[C@H]1C#N)C(=O)Nc1ccccc12,6.0,1000.0,1,CHEMBL5927416,Replicase polyprotein 1ab
CC(C)(C)C1CC2(C1)NC(=O)N(c1cncc(F)c1)C2=O,5.080921907623926,8300.0,1,CHEMBL5549787,Replicase polyprotein 1ab
CC(C)(C)C1CC2(C1)NC(=O)N(c1cncc3ccccc13)C2=O,6.337242168318426,460.0,1,CHEMBL5555663,Replicase polyprotein 1ab
CC(C)(C)CC(=O)N1CC2(CCCCC2)C[C@H]1C(=O)N[C@@H](CCC(C)(F)F)C(=O)C(=O)NC1CC1,6.050609993355087,890.0,1,CHEMBL5573945,Replicase polyprotein 1ab
CC(C)(C)CC(=O)N1CCC(CCCNC(=O)n2cc(F)c(=O)[nH]c2=O)CC1,6.522637604510468,876.5,2,CHEMBL5631306,Replicase polyprotein 1ab
CC(C)(C)CC(=O)N1C[C@H]2[C@@H]([C@H]1C(=O)N[C@H](C=O)C[C@@H]1CCNC1=O)C2(C)C,7.337242168318426,46.0,1,CHEMBL5565724,Replicase polyprotein 1ab
CC(C)(C)CC(=O)N[C@H](C(=O)N1C[C@H]2[C@@H]([C@H]1C(=O)N[C@@H](C[C@@H]1CCNC1=O)C(=O)C(N)=O)C2(C)C)C(C)(C)C,6.823908740944319,150.0,1,CHEMBL5204666,Replicase polyprotein 1ab
CC(C)(C)CC(=O)N[C@H](C(=O)N1C[C@H]2[C@@H]([C@H]1C(=O)N[C@H](C#N)C[C@@H]1CCNC1=O)C2(C)C)C(C)(C)C,6.142667503568732,720.0,1,CHEMBL5176204,Replicase polyprotein 1ab
CC(C)(C)CC(=O)N[C@H](C(=O)N1C[C@H]2[C@@H]([C@H]1C(=O)N[C@H](C=O)C[C@@H]1CCNC1=O)C2(C)C)C(C)(C)C,6.7447274948966935,180.0,1,CHEMBL5206180,Replicase polyprotein 1ab
CC(C)(C)CC(C)(C)NC(=O)C(c1cccnc1)N(C(=O)c1ccco1)c1ccc(-c2ccccc2)cc1,5.669586226650809,2140.0,1,CHEMBL5195867,Replicase polyprotein 1ab
CC(C)(C)CC(C)(C)NC(=O)C(c1cccnc1)N(C(=O)c1ccco1)c1ccc(C(C)(C)C)cc1,4.698970004336019,20000.0,1,CHEMBL5207030,Replicase polyprotein 1ab
CC(C)(C)CCC(=O)N1C[C@H]2[C@@H]([C@H]1C(=O)N[C@H](C=O)C[C@@H]1CCNC1=O)C2(C)C,7.494850021680094,32.0,1,CHEMBL5574536,Replicase polyprotein 1ab
CC(C)(C)C[C@H](NC(=O)C(C)(C)NC(=O)OCc1ccccc1)C(=O)N[C@H](C=O)C[C@@H]1CCNC1=O,7.309803919971486,49.0,1,CHEMBL5204033,Replicase polyprotein 1ab
CC(C)(C)C[C@H](NC(=O)N1CC[C@@H]1c1ccccc1)C(=O)N[C@H](C=O)C[C@@H]1CCNC1=O,7.552841968657781,28.0,1,CHEMBL5573467,Replicase polyprotein 1ab
CC(C)(C)C[C@H](NC(=O)OCc1ccccc1)C(=O)N1C[C@]2(C[C@H]1C#N)C(=O)Nc1ccccc12,7.0,100.0,2,CHEMBL5886175,Replicase polyprotein 1ab
CC(C)(C)C[C@H](NC(=O)OCc1ccccc1)C(=O)N[C@H](C=O)C[C@@H]1CCNC1=O,7.275724130399211,53.0,1,CHEMBL5415290,Replicase polyprotein 1ab
CC(C)(C)C[C@H](NC(=O)OCc1cccnc1)C(=O)N[C@H](C=O)C[C@@H]1CCNC1=O,7.552841968657781,28.0,1,CHEMBL5567084,Replicase polyprotein 1ab
CC(C)(C)C[C@H](NC(=O)[C@@H](NC(=O)NC(C)(C)C)C(C)(C)C)C(=O)N[C@H](C=O)C[C@@H]1CCNC1=O,7.769551078621726,17.0,1,CHEMBL5206924,Replicase polyprotein 1ab
CC(C)(C)C[C@H](NC(=O)[C@@H](NC(=O)OCc1ccccc1)C(C)(C)C)C(=O)N[C@H](C=O)C[C@@H]1CCNC1=O,7.443697499232712,36.0,1,CHEMBL5203715,Replicase polyprotein 1ab
CC(C)(C)C[C@H](NC(=O)[C@@H](NC(=O)OCc1ccccc1)C1CC1)C(=O)N[C@H](C=O)C[C@@H]1CCNC1=O,7.795880017344075,16.0,1,CHEMBL5185670,Replicase polyprotein 1ab
CC(C)(C)C[C@H](NC(=O)[C@@H]1CC[C@@H]1c1ccccc1)C(=O)N[C@H](C=O)C[C@@H]1CCNC1=O,7.4089353929735005,39.0,1,CHEMBL5571293,Replicase polyprotein 1ab
CC(C)(C)C[C@H](NC(=O)[C@H](CC1CC1)N1CCOC1=O)C(=O)N1C[C@]2(C[C@H]1C#N)C(=O)Nc1ccccc12,7.0,100.0,1,CHEMBL5885817,Replicase polyprotein 1ab
CC(C)(C)C[C@H](NC(=O)[C@H](CC1CC1)NC(=O)C(F)(F)F)C(=O)N1C[C@]2(C[C@H]1C#N)C(=O)Nc1ccccc12,7.0,100.0,1,CHEMBL5862868,Replicase polyprotein 1ab
CC(C)(C)C[C@H](NC(=O)[C@H](CC1CC1)NC(=O)C(F)(F)c1ccccc1)C(=O)N1C[C@]2(C[C@H]1C#N)C(=O)Nc1ccccc12,7.0,100.0,1,CHEMBL5809892,Replicase polyprotein 1ab
CC(C)(C)C[C@H](NC(=O)[C@H](CC1CC1)NC(=O)C1(c2ccccc2)CC1)C(=O)N1C[C@]2(C[C@H]1C#N)C(=O)Nc1ccccc12,7.0,100.0,1,CHEMBL5821201,Replicase polyprotein 1ab
CC(C)(C)C[C@H](NC(=O)[C@H](CC1CC1)NC(=O)N1CCCCC1)C(=O)N1C[C@]2(C[C@H]1C#N)C(=O)Nc1ccccc12,7.0,100.0,1,CHEMBL5833116,Replicase polyprotein 1ab
CC(C)(C)C[C@H](NC(=O)[C@H](CC1CC1)NC(=O)N1CCOCC1)C(=O)N1C[C@]2(C[C@H]1C#N)C(=O)Nc1ccccc12,7.0,100.0,1,CHEMBL5940097,Replicase polyprotein 1ab
CC(C)(C)C[C@H](NC(=O)[C@H](CC1CC1)NC(=O)NC1CC1)C(=O)N1C[C@]2(C[C@H]1C#N)C(=O)Nc1ccccc12,7.0,100.0,1,CHEMBL5763271,Replicase polyprotein 1ab
CC(C)(C)C[C@H](NC(=O)[C@H](CC1CC1)NC(=O)OCc1ccccc1)C(=O)N1C[C@]2(C[C@H]1C#N)C(=O)Nc1ccccc12,7.0,100.0,1,CHEMBL5905850,Replicase polyprotein 1ab
CC(C)(C)C[C@H](NC(=O)[C@H](CC1CC1)NC(=O)c1ccc(F)cc1)C(=O)N1C[C@]2(C[C@H]1C#N)C(=O)Nc1ccccc12,7.0,100.0,1,CHEMBL5854117,Replicase polyprotein 1ab
CC(C)(C)C[C@H](NC(=O)[C@H](CC1CC1)NC(=O)c1cnccn1)C(=O)N1C[C@]2(C[C@H]1C#N)C(=O)Nc1ccccc12,7.0,100.0,1,CHEMBL5987315,Replicase polyprotein 1ab
CC(C)(C)C[C@H](NC(=O)[C@H](CC1CC1)NS(=O)(=O)C1CC1)C(=O)N1C[C@]2(C[C@H]1C#N)C(=O)Nc1ccccc12,7.0,100.0,1,CHEMBL5981588,Replicase polyprotein 1ab
CC(C)(C)C[C@H](NC(=O)[C@H](CC1CC1)n1cc(C2CC2)nn1)C(=O)N1C[C@]2(C[C@H]1C#N)C(=O)Nc1ccccc12,7.0,100.0,1,CHEMBL5999448,Replicase polyprotein 1ab
CC(C)(C)C[C@H](NC(=O)[C@H](Cc1ccc(F)cc1)N1CCCNC1=O)C(=O)N1C[C@]2(C[C@H]1C#N)C(=O)Nc1ccccc12,7.0,100.0,1,CHEMBL5811631,Replicase polyprotein 1ab
CC(C)(C)C[C@H](NC(=O)[C@H](Cc1ccc(F)cc1)NC(=O)OCc1ccccc1)C(=O)N1C[C@]2(C[C@H]1C#N)C(=O)Nc1ccccc12,7.0,100.0,1,CHEMBL5744451,Replicase polyprotein 1ab
CC(C)(C)C[C@H](NC(=O)[C@H](Cc1ccc(F)cc1)NC(=O)c1cnccn1)C(=O)N1C[C@]2(C[C@H]1C#N)C(=O)Nc1ccccc12,7.0,100.0,1,CHEMBL6022698,Replicase polyprotein 1ab
CC(C)(C)C[C@H](NC(=O)c1cc2c(F)c(F)ccc2[nH]1)C(=O)N1C[C@]2(C[C@H]1C#N)C(=O)Nc1ccccc12,7.0,100.0,2,CHEMBL5975835,Replicase polyprotein 1ab
CC(C)(C)C[C@H](NC(=O)c1cc2c(F)cccc2[nH]1)C(=O)N1C[C@]2(C[C@H]1C#N)C(=O)Nc1ccccc12,7.0,100.0,1,CHEMBL5958667,Replicase polyprotein 1ab
CC(C)(C)C[C@H](NC(=O)c1cc2ccccc2[nH]1)C(=O)N[C@H](C=O)C[C@@H]1CCNC1=O,7.5376020021010435,29.0,1,CHEMBL5427537,Replicase polyprotein 1ab
CC(C)(C)Cc1nc2cc(O)c(O)c(O)c2c(=O)[nH]1,6.013228265733755,970.0,1,CHEMBL5434998,Replicase polyprotein 1ab
CC(C)(C)NC(=O)C(=O)N1C[C@@H]2CCC[C@@H]2[C@H]1C(=O)N[C@@H](C[C@@H]1CCNC1=O)C(=O)COC(F)(F)F,7.540607512240769,28.8,1,CHEMBL5398789,Replicase polyprotein 1ab
CC(C)(C)NC(=O)C(=O)N1C[C@H]2[C@@H]([C@H]1C(=O)N[C@@H](C[C@@H]1CCNC1=O)C(=O)COC(F)(F)F)C2(C)C,7.090979145788844,81.1,1,CHEMBL5426046,Replicase polyprotein 1ab
CC(C)(C)NC(=O)C(=O)[C@H](C[C@@H]1CCNC1=O)NC(=O)[C@@H]1[C@H]2CCC[C@H]2CN1C(=O)[C@@H](NC(=O)C(F)(F)F)C1CC2(CCC2)C1,7.113509274827518,77.0,1,CHEMBL5414443,Replicase polyprotein 1ab
CC(C)(C)NC(=O)C(=O)[C@H](C[C@@H]1CCNC1=O)NC(=O)[C@@H]1[C@H]2CCC[C@H]2CN1C(=O)[C@@H](NC(=O)C(F)(F)F)C1CCC1,6.982966660701219,104.0,1,CHEMBL5438575,Replicase polyprotein 1ab
CC(C)(C)NC(=O)C(=O)[C@H](C[C@@H]1CCNC1=O)NC(=O)[C@@H]1[C@H]2CCC[C@H]2CN1C(=O)[C@@H](NC(=O)C(F)(F)F)C1CCCC1,7.301029995663981,50.0,1,CHEMBL5409804,Replicase polyprotein 1ab
CC(C)(C)NC(=O)C(=O)[C@H](C[C@@H]1CCNC1=O)NC(=O)[C@@H]1[C@H]2CCC[C@H]2CN1C(=O)[C@@H](NC(=O)C(F)(F)F)C1CCCCC1,7.468521082957745,34.0,1,CHEMBL5403964,Replicase polyprotein 1ab
CC(C)(C)NC(=O)C(c1c[nH]cn1)N(C(=O)c1ccco1)c1ccc(C(C)(C)C)cc1,4.698970004336019,20000.0,1,CHEMBL2311738,Replicase polyprotein 1ab
CC(C)(C)NC(=O)C(c1cccnc1)N(C(=O)c1ccco1)c1ccc(C(C)(C)C)cc1,4.96018944585165,10960.0,5,CHEMBL2311694,Replicase polyprotein 1ab
CC(C)(C)NC(=O)C(c1cnccn1)N(C(=O)c1ccco1)c1ccc(C(C)(C)C)cc1,5.30715308072277,4930.0,1,CHEMBL2311731,Replicase polyprotein 1ab
CC(C)(C)NC(=O)C(c1cncnc1)N(C(=O)c1ccco1)c1ccc(C(C)(C)C)cc1,4.698970004336019,20000.0,1,CHEMBL3605708,Replicase polyprotein 1ab
CC(C)(C)NC(=O)Cn1c(-c2ccccc2)nc2cc(O)c(O)c(O)c2c1=O,6.022733787572707,949.0,1,CHEMBL5408555,Replicase polyprotein 1ab
CC(C)(C)NC(=O)N[C@H](C(=O)N1CC2(CC2)C[C@H]1C(=O)N[C@H](C=O)C[C@@H]1CCNC1=O)C(C)(C)C,7.638272163982407,23.0,1,CHEMBL5197166,Replicase polyprotein 1ab
CC(C)(C)NC(=O)N[C@H](C(=O)N1C[C@H]2[C@@H]([C@H]1C(=O)NC(CC1CCC1)C(=O)C(N)=O)C2(C)C)C(C)(C)C,5.384049948343599,4130.0,13,CHEMBL218394,Replicase polyprotein 1ab
CC(C)(C)NC(=O)N[C@H](C(=O)N1C[C@H]2[C@@H]([C@H]1C(=O)N[C@@H](C[C@@H]1CCNC1=O)C(=O)C(=O)NC1CC1)C2(C)C)C(C)(C)C,6.443697499232712,360.0,1,CHEMBL5175509,Replicase polyprotein 1ab
CC(C)(C)NC(=O)N[C@H](C(=O)N1C[C@H]2[C@@H]([C@H]1C(=O)N[C@@H](C[C@@H]1CCNC1=O)C(=O)C(=O)NCC1CC1)C2(C)C)C(C)(C)C,6.2076083105017466,620.0,1,CHEMBL5203173,Replicase polyprotein 1ab
CC(C)(C)NC(=O)N[C@H](C(=O)N1C[C@H]2[C@@H]([C@H]1C(=O)N[C@@H](C[C@@H]1CCNC1=O)C(=O)C(=O)NCc1ccccc1)C2(C)C)C(C)(C)C,6.920818753952375,120.0,1,CHEMBL5200532,Replicase polyprotein 1ab
CC(C)(C)NC(=O)N[C@H](C(=O)N1C[C@H]2[C@@H]([C@H]1C(=O)N[C@@H](C[C@@H]1CCNC1=O)C(=O)C(N)=O)C2(C)C)C(C)(C)C,7.717076090663241,24.6,2,CHEMBL5180793,Replicase polyprotein 1ab
CC(C)(C)NC(=O)N[C@H](C(=O)N1C[C@H]2[C@@H]([C@H]1C(=O)N[C@H](C=O)C[C@@H]1CCNC1=O)C2(C)C)C(C)(C)C,8.031517051446064,9.3,1,CHEMBL5196043,Replicase polyprotein 1ab
CC(C)(C)NC(=O)N[C@H](C(=O)N1C[C@H]2[C@@H]([C@H]1C(=O)N[C@H](C[C@@H]1CCNC1=O)C(=O)C(N)=O)C2(C)C)C(C)(C)C,7.920818753952375,12.0,1,CHEMBL5573798,Replicase polyprotein 1ab
CC(C)(C)NC(=O)N[C@H](C(=O)N[C@@H](CC1CC1)C(=O)N[C@H](C=O)C[C@@H]1CCNC1=O)C(C)(C)C,7.585026652029182,26.0,1,CHEMBL5182608,Replicase polyprotein 1ab
CC(C)(C)NC(=O)[C@@H](c1cccnc1)N(C(=O)c1c[nH]cn1)c1ccc(C(C)(C)C)cc1,6.017728766960431,960.0,1,CHEMBL3605601,Replicase polyprotein 1ab
CC(C)(C)NC(=O)[C@@H](c1cccnc1)N(C(=O)c1ccco1)c1ccc(C(C)(C)C)cc1,5.2811247185898065,6730.0,2,CHEMBL2311740,Replicase polyprotein 1ab
CC(C)(C)NC(=O)[C@@H](c1cccnc1)N(C(=O)c1ccno1)c1ccc(-c2ccccc2)cc1,5.607303046740334,2470.0,1,CHEMBL5562474,Replicase polyprotein 1ab
CC(C)(C)NC(=O)[C@@H](c1cccnc1)N(C(=O)c1cnco1)c1ccc(-c2ccccc2)cc1,5.303643611266668,4970.0,1,CHEMBL5556592,Replicase polyprotein 1ab
CC(C)(C)NC(=O)[C@@H](c1cnccn1)N(C(=O)c1ccco1)c1ccc(-c2ccccc2)cc1,6.552841968657781,280.0,1,CHEMBL5560724,Replicase polyprotein 1ab
CC(C)(C)NC(=O)[C@@H]1C[C@@H]2CCCC[C@@H]2CN1C[C@@H](O)[C@H](Cc1ccccc1)NC(=O)[C@H](CC(N)=O)NC(=O)c1ccc2ccccc2n1.CS(=O)(=O)O,5.0034883278458215,9920.0,1,CHEMBL282042,Replicase polyprotein 1ab
CC(C)(C)NCc1ccccc1,6.00788851221305,982.0,1,CHEMBL5430961,Replicase polyprotein 1ab
CC(C)(C)OC(=O)CC[C@H](NC(=O)CNC(=O)OC(C)(C)C)C(=O)CCl,5.7594507517174005,1740.0,2,CHEMBL5397992,Replicase polyprotein 1ab
CC(C)(C)OC(=O)CC[C@H](NC(=O)CNC(=O)OC(C)(C)C)C(=O)COC(=O)c1c(Cl)cccc1Cl,5.52432881167557,2990.0,1,CHEMBL5440889,Replicase polyprotein 1ab
CC(C)(C)OC(=O)Cn1sc2cc(F)ccc2c1=O,6.657182685364267,220.2,1,CHEMBL5183334,Replicase polyprotein 1ab
CC(C)(C)OC(=O)N1CC2(CCC2)C[C@H]1C(=O)N[C@H](C=O)C[C@@H]1CCNC1=O,5.301029995663981,5000.0,1,CHEMBL5397334,Replicase polyprotein 1ab
CC(C)(C)OC(=O)N1CCC(CCCNC(=O)n2cc(F)c(=O)[nH]c2=O)CC1,5.468521082957745,3400.0,1,CHEMBL5631334,Replicase polyprotein 1ab
CC(C)(C)OC(=O)N1CCC(n2[se]c3ccccc3c2=O)CC1,6.379863945026242,417.0,1,CHEMBL5434494,Replicase polyprotein 1ab
CC(C)(C)OC(=O)NCC(=O)N[C@@H](Cc1ccccc1)C(=O)N[C@H](C=O)Cc1c[nH]cn1,5.187755303199631,6490.0,1,CHEMBL5291013,Replicase polyprotein 1ab
CC(C)(C)OC(=O)NCCc1nnc(S(=O)(=O)Cc2ccc(Cl)cc2Cl)o1,5.374687549038326,4220.0,1,CHEMBL259018,Replicase polyprotein 1ab
CC(C)(C)OC(=O)NCn1[se]c2ccccc2c1=O,6.481486060122113,330.0,1,CHEMBL5270064,Replicase polyprotein 1ab
CC(C)(C)OC(=O)N[C@H](C(=O)N1C[C@H]2[C@@H]([C@H]1C(=O)N[C@H](C=O)C[C@@H]1CCNC1=O)C2(C)C)C(C)(C)C,7.346787486224656,45.0,1,CHEMBL5187437,Replicase polyprotein 1ab
CC(C)(C)OC(=O)N[C@H](C(=O)N1[C@@H]2CC[C@@H](C2)[C@H]1C(=O)N[C@@H](C[C@@H]1CCNC1=O)C(=O)c1nc2ccccc2s1)C(C)(C)C,5.30076949711659,5003.0,1,CHEMBL5630174,Replicase polyprotein 1ab
CC(C)(C)OC(=O)N[C@H](C(=O)N[C@@H](CSCc1ccccc1)C(=O)N1C[C@]2(C[C@H]1C#N)C(=O)Nc1ccccc12)C1CC1,7.327902142064283,47.0,1,CHEMBL6148266,Replicase polyprotein 1ab
CC(C)(C)OC(=O)Nc1cccn(C(=O)N[C@@H](CC2CC2)C(=O)N[C@@H](C[C@@H]2CCNC2=O)C(=O)C(=O)NCc2ccccc2)c1=O,6.173925197299173,670.0,1,CHEMBL5196018,Replicase polyprotein 1ab
CC(C)(C)OC(=O)Nc1cccn(C(CC2CC2)C(=O)N[C@@H](C[C@@H]2CCNC2=O)C(=O)C(=O)NCc2ccccc2)c1=O,6.2970708003411815,525.0,2,CHEMBL5198567,Replicase polyprotein 1ab
CC(C)(C)OC(=O)Nc1cccn([C@@H](CC2CC2)C(=O)N[C@@H](C[C@@H]2CCNC2=O)C(=O)C(=O)NCc2ccccc2)c1=O,6.173925197299173,670.0,12,CHEMBL5075209,Replicase polyprotein 1ab
CC(C)(C)OC(=O)Nc1cccn([C@@H](CC2CCCCC2)C(=O)N[C@@H](C[C@@H]2CCNC2=O)C(=O)C(=O)NC2CC2)c1=O,5.621602099051862,2390.0,2,CHEMBL5277714,Replicase polyprotein 1ab
CC(C)(C)OC(=O)Nc1cccn([C@@H](CC2CCCCC2)C(=O)N[C@@H](C[C@@H]2CCNC2=O)C(=O)C(=O)NCc2ccccc2)c1=O,5.621602099051862,2390.0,1,CHEMBL5170500,Replicase polyprotein 1ab
CC(C)(C)OC(=O)Nc1cccn([C@H](CC2CC2)C(=O)N[C@@H](C[C@@H]2CCNC2=O)C(=O)C(=O)NCc2ccccc2)c1=O,5.301029995663981,5000.0,1,CHEMBL5174025,Replicase polyprotein 1ab
CC(C)(C)OC(=O)Nc1cccn([C@H](CC2CC2)C(=O)N[C@H](C[C@@H]2CCNC2=O)C(=O)C(=O)NCc2ccccc2)c1=O,6.173964092825614,669.94,4,CHEMBL5208812,Replicase polyprotein 1ab
CC(C)(C)OC(=O)Nc1cccn([C@H](CC2CCCCC2)C(=O)N[C@H](C[C@@H]2CCNC2=O)C(=O)C(=O)NC2CC2)c1=O,5.621801166193917,2388.9049999999997,4,CHEMBL5179067,Replicase polyprotein 1ab
CC(C)(C)OC(=O)Nc1ccn([C@@H](CC2CC2)C(=O)N[C@@H](C[C@@H]2CCNC2=O)C(=O)C(=O)NCc2ccccc2)c(=O)c1,6.173925197299173,670.0,1,CHEMBL5286417,Replicase polyprotein 1ab
CC(C)(C)OC[C@H](NC(=O)OCc1ccccc1)C(=O)N1C[C@]2(C[C@H]1C#N)C(=O)Nc1ccccc12,6.259637310505756,550.0,2,CHEMBL5775610,Replicase polyprotein 1ab
CC(C)(C)OC[C@H](NS(=O)(=O)C(F)(F)F)C(=O)N1[C@@H]2CC[C@@H](C2)[C@H]1C(=O)N[C@@H](C[C@@H]1CCNC1=O)C(=O)c1nc2ccccc2s1,5.562090964460501,2741.0,1,CHEMBL5624531,Replicase polyprotein 1ab
CC(C)(C)O[C@@H]1C[C@@H](C(=O)N[C@H](C=O)C[C@@H]2CCNC2=O)N(C(=O)OCc2ccccc2)C1,6.251811972993799,560.0,1,CHEMBL5425267,Replicase polyprotein 1ab
CC(C)(C)O[C@H]1CN[C@H](C(=O)N[C@@H](Cc2c[nH]cn2)C(=O)N[C@H](C=O)Cc2c[nH]cn2)C1,3.769551078621726,170000.0,1,CHEMBL5276189,Replicase polyprotein 1ab
CC(C)(C)[C@@H](Nc1ncnc2[nH]c(-c3cnn(CC(N)=O)c3)cc12)c1ccc2c(c1)OCCO2,6.549750891680639,282.0,3,CHEMBL5441539,Replicase polyprotein 1ab
CC(C)(C)[C@@H](Nc1ncnc2[nH]c(-c3cnn(CC(N)=O)c3)cc12)c1ccc2c(n1)OCCO2,7.140003086816198,73.0,4,CHEMBL5441427,Replicase polyprotein 1ab
CC(C)(C)[C@@H](Nc1ncnc2[nH]ccc12)c1ccc2c(c1)OCCO2,5.943306784855059,1142.5,2,CHEMBL5441471,Replicase polyprotein 1ab
CC(C)(C)[C@H](NC(=O)/C=C/c1ccccc1)C(=O)N[C@H](C=O)C[C@@H]1CCCNC1=O,5.4639468448407955,3436.0,1,CHEMBL5182830,Replicase polyprotein 1ab
CC(C)(C)[C@H](NC(=O)/C=C/c1ccccc1)C(=O)N[C@H](C=O)Cc1ccccc1,5.0,10000.0,1,CHEMBL6175953,Replicase polyprotein 1ab
CC(C)(C)[C@H](NC(=O)C(F)(F)F)C(=O)N1CC2(CC2)C[C@H]1C(=O)N[C@H](C#N)C[C@@H]1CCNC1=O,7.433916215832004,36.82,1,CHEMBL5279748,Replicase polyprotein 1ab
CC(C)(C)[C@H](NC(=O)C(F)(F)F)C(=O)N1C[C@@H]2CCC[C@@H]2[C@H]1C(=O)NN(C[C@@H]1CCNC1=O)C(=O)[C@H](F)Cl,8.221848749616356,6.0,1,CHEMBL5397099,Replicase polyprotein 1ab
CC(C)(C)[C@H](NC(=O)C(F)(F)F)C(=O)N1C[C@@H]2CCC[C@@H]2[C@H]1C(=O)N[C@H](C#N)C[C@@H]1CCNC1=O,7.366531544420414,43.0,1,CHEMBL5419985,Replicase polyprotein 1ab
CC(C)(C)[C@H](NC(=O)C(F)(F)F)C(=O)N1C[C@@H]2C[C@@H]2[C@H]1C(=O)N[C@H](C#N)C[C@@H]1CCNC1=O,6.448550002027125,356.0,1,CHEMBL5403340,Replicase polyprotein 1ab
CC(C)(C)[C@H](NC(=O)C(F)(F)F)C(=O)N1C[C@H]2[C@@H]([C@H]1C(=O)N1C[C@]3(CC1C#N)C(=O)Nc1ccccc13)C2(C)C,6.605548319173784,248.0,1,CHEMBL6169342,Replicase polyprotein 1ab
CC(C)(C)[C@H](NC(=O)C(F)(F)F)C(=O)N1C[C@H]2[C@@H]([C@H]1C(=O)NCCC1CCNC1=O)C2(C)C,4.0,100000.0,1,CHEMBL5199404,Replicase polyprotein 1ab
CC(C)(C)[C@H](NC(=O)C(F)(F)F)C(=O)N1C[C@H]2[C@@H]([C@H]1C(=O)NN(C[C@@H]1CCNC1=O)C(=O)CCl)C2(C)C,8.221848749616356,6.0,1,CHEMBL5421881,Replicase polyprotein 1ab
CC(C)(C)[C@H](NC(=O)C(F)(F)F)C(=O)N1C[C@H]2[C@@H]([C@H]1C(=O)N[C@@H](C[C@@H]1CCNC1=O)C(=O)C(=O)NC1CC1)C2(C)C,7.721246399047171,19.0,1,CHEMBL5183165,Replicase polyprotein 1ab
CC(C)(C)[C@H](NC(=O)C(F)(F)F)C(=O)N1C[C@H]2[C@@H]([C@H]1C(=O)N[C@@H](C[C@@H]1CCNC1=O)C(=O)CO)C2(C)C,8.096910013008056,8.0,2,CHEMBL5182995,Replicase polyprotein 1ab
CC(C)(C)[C@H](NC(=O)C(F)(F)F)C(=O)N1C[C@H]2[C@@H]([C@H]1C(=O)N[C@@H](C[C@@H]1CCNC1=O)C(=O)COCc1ccccc1)C2(C)C,7.568636235841013,27.0,1,CHEMBL5174632,Replicase polyprotein 1ab
CC(C)(C)[C@H](NC(=O)C(F)(F)F)C(=O)N1C[C@H]2[C@@H]([C@H]1C(=O)N[C@@H](C[C@@H]1CCNC1=O)C(=O)c1nc3c(F)cccc3s1)C2(C)C,8.096910013008056,8.0,1,CHEMBL5438511,Replicase polyprotein 1ab
CC(C)(C)[C@H](NC(=O)C(F)(F)F)C(=O)N1C[C@H]2[C@@H]([C@H]1C(=O)N[C@@H](C[C@@H]1CCNC1=O)C(=O)c1nc3ccccc3s1)C2(C)C,7.568636235841013,27.0,2,CHEMBL5185801,Replicase polyprotein 1ab
CC(C)(C)[C@H](NC(=O)C(F)(F)F)C(=O)N1C[C@H]2[C@@H]([C@H]1C(=O)N[C@@H](C[C@@H]1CCNC1=O)C(N)=O)C2(C)C,4.048455006504028,90000.0,2,CHEMBL5178853,Replicase polyprotein 1ab
CC(C)(C)[C@H](NC(=O)C(F)(F)F)C(=O)N1C[C@H]2[C@@H]([C@H]1C(=O)N[C@H](/C=C/C(N)=O)C[C@@H]1CCNC1=O)C2(C)C,7.6311554931741785,23.38,1,CHEMBL6143406,Replicase polyprotein 1ab
CC(C)(C)[C@H](NC(=O)C(F)(F)F)C(=O)N1C[C@H]2[C@@H]([C@H]1C(=O)N[C@H](C#CC(F)(F)F)C[C@@H]1CCNC1=O)C2(C)C,6.638272163982407,230.0,3,CHEMBL5395936,Replicase polyprotein 1ab
CC(C)(C)[C@H](NC(=O)C(F)(F)F)C(=O)N1C[C@H]2[C@@H]([C@H]1C(=O)N[C@H](C#Cc1ccc([N+](=O)[O-])cc1)C[C@@H]1CCNC1=O)C2(C)C,5.1487416512809245,7100.0,1,CHEMBL5410610,Replicase polyprotein 1ab
CC(C)(C)[C@H](NC(=O)C(F)(F)F)C(=O)N1C[C@H]2[C@@H]([C@H]1C(=O)N[C@H](C#Cc1ccccc1)C[C@@H]1CCNC1=O)C2(C)C,4.958607314841775,11000.0,1,CHEMBL5403352,Replicase polyprotein 1ab
CC(C)(C)[C@H](NC(=O)C(F)(F)F)C(=O)N1C[C@H]2[C@@H]([C@H]1C(=O)N[C@H](C#N)C[C@@H]1CCNC1=O)C2(C)C,7.518673297553394,30.3,36,CHEMBL4802135,Replicase polyprotein 1ab
CC(C)(C)[C@H](NC(=O)C(F)(F)F)C(=O)N1C[C@H]2[C@@H]([C@H]1C(=O)N[C@H](C#N)C[C@H]1CCNC1=O)C2(C)C,7.533256356075647,39.5,2,CHEMBL5201264,Replicase polyprotein 1ab
CC(C)(C)[C@H](NC(=O)C(F)(F)F)C(=O)N1C[C@H]2[C@@H]([C@H]1C(=O)N[C@H](C=O)C[C@@H]1CCNC1=O)C2(C)C,7.268801001050521,150.0,2,CHEMBL5173582,Replicase polyprotein 1ab
CC(C)(C)[C@H](NC(=O)C(F)(F)F)C(=O)N1C[C@H]2[C@@H]([C@H]1C(=O)N[C@H](CO)C[C@@H]1CCNC1=O)C2(C)C,4.0,100000.0,1,CHEMBL5207993,Replicase polyprotein 1ab
CC(C)(C)[C@H](NC(=O)C(F)(F)F)C(=O)N1C[C@H]2[C@@H]([C@H]1C(=S)N[C@@H](C[C@@H]1CCNC1=O)C(=O)c1nc3c(F)cccc3s1)C2(C)C,7.055517327849832,88.0,1,CHEMBL5416788,Replicase polyprotein 1ab
CC(C)(C)[C@H](NC(=O)C(F)(F)F)C(=O)N1[C@@H]2CCCC[C@@H]2C[C@H]1C(=O)N[C@H](C#N)C[C@@H]1CCNC1=O,6.0,1000.0,1,CHEMBL5430131,Replicase polyprotein 1ab
CC(C)(C)[C@H](NC(=O)C(F)(F)F)C(=O)N1[C@@H]2CCC[C@@H]2C[C@H]1C(=O)N[C@H](C#N)C[C@@H]1CCNC1=O,7.743282254022513,18.06,1,CHEMBL5286307,Replicase polyprotein 1ab
CC(C)(C)[C@H](NC(=O)C(F)(F)F)C(=O)N1[C@@H]2CC[C@@H](C2)[C@H]1C(=O)N[C@@H](C[C@@H]1CCNC1=O)C(=O)c1nc2ccccc2s1,6.958607314841775,110.0,1,CHEMBL5630515,Replicase polyprotein 1ab
CC(C)(C)[C@H](NC(=O)C(F)(F)F)C(=O)N1[C@@H]2CC[C@@H](C2)[C@H]1C(=O)N[C@H](C#N)C[C@@H]1CCNC1=O,7.262489309326524,54.64,1,CHEMBL5283975,Replicase polyprotein 1ab
CC(C)(C)[C@H](NC(=O)C1CCCC1)C(=O)N1C[C@H]2[C@@H]([C@H]1C(=O)N[C@H](C#N)C[C@@H]1CCNC1=O)C2(C)C,7.0,100.0,1,CHEMBL5879573,Replicase polyprotein 1ab
CC(C)(C)[C@H](NC(=O)C1CCCCC1)C(=O)N1C[C@H]2[C@@H]([C@H]1C(=O)N[C@H](C#N)C[C@@H]1CCNC1=O)C2(C)C,7.0,100.0,2,CHEMBL5200445,Replicase polyprotein 1ab
CC(C)(C)[C@H](NC(=O)Cc1ccccc1)C(=O)N1C[C@H]2[C@@H]([C@H]1C(=O)N[C@H](C#N)C[C@@H]1CCNC1=O)C2(C)C,7.0,100.0,2,CHEMBL5173561,Replicase polyprotein 1ab
CC(C)(C)[C@H](NC(=O)OCc1ccccc1)C(=O)N1CCC[C@H]1C(=O)N1C[C@]2(C[C@H]1C(N)=O)C(=O)Nc1ccccc12,6.259637310505756,550.0,1,CHEMBL5932448,Replicase polyprotein 1ab
CC(C)(C)[C@H](NC(=O)OCc1ccccc1)C(=O)N1C[C@H]2[C@@H]([C@H]1C(=O)N[C@H](C=O)C[C@@H]1CCNC1=O)C2(C)C,7.229147988357855,59.0,1,CHEMBL5183731,Replicase polyprotein 1ab
CC(C)(C)[C@H](NC(=O)OCc1ccccc1)C(=O)N1C[C@]2(C[C@H]1C#N)C(=O)Nc1ccccc12,6.0,1000.0,2,CHEMBL6028465,Replicase polyprotein 1ab
CC(C)(C)[C@H](NC(=O)OCc1ccccc1)C(=O)N[C@@H](CC1CC1)C(=O)N[C@H](C=O)C[C@@H]1CCNC1=O,7.886056647693163,13.0,1,CHEMBL5178556,Replicase polyprotein 1ab
CC(C)(C)[C@H](NC(=O)c1cc2c(F)cccc2[nH]1)C(=O)N1C[C@]2(C[C@H]1C#N)C(=O)Nc1ccccc12,6.0,1000.0,2,CHEMBL6034398,Replicase polyprotein 1ab
CC(C)(C)[C@H](NS(=O)(=O)C(F)(F)F)C(=O)N1C[C@H]2[C@@H]([C@H]1C(=O)N[C@H](C#N)C[C@@H]1CCNC1=O)C2(C)C,7.649364391741045,22.42,1,CHEMBL5282079,Replicase polyprotein 1ab
CC(C)(C)[C@H](NS(=O)(=O)C(F)(F)F)C(=O)N1[C@@H]2CC[C@@H](C2)[C@H]1C(=O)N[C@@H](C[C@@H]1CCNC1=O)C(=O)c1nc2ccccc2s1,6.061480274823508,868.0,1,CHEMBL5630461,Replicase polyprotein 1ab
CC(C)(C)[C@H](NS(=O)(=O)C1CC1)C(=O)N1C[C@H]2[C@@H]([C@H]1C(=O)N[C@H](C#N)C[C@@H]1CCNC1=O)C2(C)C,7.641494088509765,22.83,1,CHEMBL5266964,Replicase polyprotein 1ab
CC(C)(C)[C@H](Nc1ncnc2[nH]c(-c3cnn(CC(N)=O)c3)cc12)c1ccc2c(c1)OCCO2,6.913640169325252,122.0,1,CHEMBL5441402,Replicase polyprotein 1ab
CC(C)(C)[C@H](Nc1ncnc2[nH]c(-c3cnn(CC(N)=O)c3)cc12)c1ccc2c(n1)OCCO2,4.910102070943866,12414.0,2,CHEMBL5441700,Replicase polyprotein 1ab
CC(C)(C)c1ccc(-c2nc3cc(O)c(O)c(O)c3c(=O)[nH]2)cc1,4.698970004336019,20000.0,1,CHEMBL5396993,Replicase polyprotein 1ab
CC(C)(C)c1ccc(-c2nnc([S+]([O-])Cc3cccnc3)o2)cc1,6.958607314841775,110.0,1,CHEMBL5639088,Replicase polyprotein 1ab
CC(C)(C)c1ccc(N(C(=O)CCl)C(C(=O)NC2CCCCC2)c2cccnc2)cc1,6.3872161432802645,410.0,1,CHEMBL5075842,Replicase polyprotein 1ab
CC(C)(C)c1ccc(N(C(=O)c2c[nH]cn2)C(C(=O)NC2CCCCC2)c2cccnc2)cc1,5.3872161432802645,4100.0,1,CHEMBL5089978,Replicase polyprotein 1ab
CC(C)(C)c1ccc(N(C(=O)c2ccco2)C(C(=O)NC2CC2)c2cccnc2)cc1,5.413412695328245,3860.0,1,CHEMBL5193986,Replicase polyprotein 1ab
CC(C)(C)c1ccc(N(C(=O)c2ccco2)C(C(=O)NC2CCCC2)c2cccnc2)cc1,5.600326278518962,2510.0,1,CHEMBL5193830,Replicase polyprotein 1ab
CC(C)(C)c1ccc(N(C(=O)c2ccco2)C(C(=O)NC2CCCCC2)c2cccnc2)cc1,5.621602099051862,2390.0,1,CHEMBL5180821,Replicase polyprotein 1ab
CC(C)(C)c1ccc(N(C(=O)c2ccco2)C(C(=O)NCc2ccccc2)c2cccnc2)cc1,4.878112014896319,13240.0,1,CHEMBL5179427,Replicase polyprotein 1ab
CC(C)(C)c1ccc(N(C(=O)c2ccco2)C(C(=O)NCn2nnc3ccccc32)c2cccnc2)cc1,5.089909454405932,8130.0,1,CHEMBL5192910,Replicase polyprotein 1ab
CC(C)(C)c1ccc(N(C(=O)c2ccco2)C(C(=O)Nc2ccc(F)cc2)c2cccnc2)cc1,5.1073489661227,7810.0,1,CHEMBL5188623,Replicase polyprotein 1ab
CC(C)(C)c1ccc(N(C(=O)c2ccco2)[C@@H](C(=O)NC2CC2)c2cccnc2)cc1,5.413412695328245,3860.0,1,CHEMBL5558921,Replicase polyprotein 1ab
CC(C)(C)c1ccc(N(C(=O)c2ccco2)[C@@H](C(=O)NC2CCCC2)c2cccnc2)cc1,5.600326278518962,2510.0,1,CHEMBL5556914,Replicase polyprotein 1ab
CC(C)(C)c1ccc(N(C(=O)c2ccco2)[C@@H](C(=O)NC2CCCCC2)c2cccnc2)cc1,5.621602099051862,2390.0,1,CHEMBL5564967,Replicase polyprotein 1ab
CC(C)(C)c1ccc(N(C(=O)c2cnc[nH]2)[C@@H](C(=O)NC2CCCCC2)c2cccnc2)cc1,5.552841968657781,2800.0,1,CHEMBL6165151,Replicase polyprotein 1ab
CC(C)(C)c1ccc(NC(=O)Cn2sc3cc(F)ccc3c2=O)cc1,6.508638306165727,310.0,1,CHEMBL5175672,Replicase polyprotein 1ab
CC(C)(C)c1ccc(S(=O)(=O)/C=C/C#N)cc1,6.075720713938118,840.0,1,CHEMBL270299,Replicase polyprotein 1ab
CC(C)(C)c1ccc2c(c1)nc(SC(Cc1ccccc1)C(=O)N1CCOC1=O)n2Cc1ccccc1,4.530177984021837,29500.0,1,CHEMBL5186585,Replicase polyprotein 1ab
CC(C)(C)c1ccc2c(c1)nc(SCC(=O)N1CCOC1=O)n2Cc1ccccc1,4.454692883534176,35100.0,1,CHEMBL5170254,Replicase polyprotein 1ab
CC(C)(C)c1cccc(-c2nc3cc(O)c(O)c(O)c3c(=O)[nH]2)c1,5.074533199308462,8423.0,1,CHEMBL5424128,Replicase polyprotein 1ab
CC(C)(C)c1nc2cc(O)c(O)c(O)c2c(=O)[nH]1,5.388701637703571,4086.0,1,CHEMBL5407708,Replicase polyprotein 1ab
CC(C)(C)n1cc([C@H]2N(c3ncnc4[nH]ccc34)CC23CCOCC3)cn1,4.002176919254275,99500.0,1,CHEMBL5442083,Replicase polyprotein 1ab
CC(C)(CCC(=O)NCCCC(=O)Nc1cccc2c1C(=O)N(C1CCC(=O)NC1=O)C2=O)NC(=O)N[C@H](C(=O)N1C[C@H]2[C@@H]([C@H]1C(=O)N[C@H](C=O)C[C@@H]1CCNC1=O)C2(C)C)C(C)(C)C,6.826813731587726,149.0,1,CHEMBL5575512,Replicase polyprotein 1ab
CC(C)(CCOCCCCCCOc1cccc2c1C(=O)N(C1CCC(=O)NC1=O)C2=O)NC(=O)N[C@H](C(=O)N1C[C@H]2[C@@H]([C@H]1C(=O)N[C@H](C=O)C[C@@H]1CCNC1=O)C2(C)C)C(C)(C)C,7.619788758288394,24.0,1,CHEMBL5584042,Replicase polyprotein 1ab
CC(C)(COCCCCCCOc1cccc2c1C(=O)N(C1CCC(=O)NC1=O)C2=O)NC(=O)N[C@H](C(=O)N1C[C@H]2[C@@H]([C@H]1C(=O)N[C@H](C=O)C[C@@H]1CCNC1=O)C2(C)C)C(C)(C)C,7.455931955649724,35.0,1,CHEMBL5573202,Replicase polyprotein 1ab
CC(C)(F)C(=O)N[C@H](C(=O)N1[C@@H]2CC[C@@H](C2)[C@H]1C(=O)N[C@@H](C[C@@H]1CCNC1=O)C(=O)c1nc2ccccc2s1)C(C)(C)C,5.896880746454286,1268.0,1,CHEMBL5629985,Replicase polyprotein 1ab
CC(C)(F)C(=O)N[C@H](C(=O)N[C@@H](COCc1ccccc1)C(=O)N1C[C@]2(C[C@H]1C#N)C(=O)Nc1ccccc12)C1CC1,7.096910013008056,80.0,1,CHEMBL6152986,Replicase polyprotein 1ab
CC(C)(F)C(=O)N[C@H](C(=O)N[C@@H](CSCc1ccccc1)C(=O)N1C[C@]2(C[C@H]1C#N)C(=O)Nc1ccccc12)C1CC1,7.013228265733755,97.0,1,CHEMBL6151105,Replicase polyprotein 1ab
CC(C)(F)C[C@H](NC(=O)OCc1ccccc1)C(=O)N1C[C@]2(C[C@H]1C#N)C(=O)Nc1ccccc12,7.0,100.0,2,CHEMBL5917393,Replicase polyprotein 1ab
CC(C)(F)C[C@H](NC(=O)c1cc2c(F)cc(F)cc2[nH]1)C(=O)N1C[C@]2(C[C@H]1C#N)C(=O)Nc1ccc(Cl)cc12,7.0,100.0,1,CHEMBL5779451,Replicase polyprotein 1ab
CC(C)(NC(=O)c1ncnc2[nH]ccc12)c1cc(C(=O)O)[nH]n1,4.002176919254275,99500.0,2,CHEMBL5441745,Replicase polyprotein 1ab
CC(C)(O)C1Cc2cc(/C=C3\OC(=O)C(c4cc5c(cc4O)OC(C)(C)C(O)C5)=C3O)ccc2O1,5.026872146400302,9400.0,1,CHEMBL5186663,Replicase polyprotein 1ab
CC(C)(O)Cn1cc2cc(Nc3nc(=O)n(Cc4ccc[nH]c4=O)c(=O)n3Cc3cc(F)c(F)c(F)c3)c(Cl)cc2n1,6.0,1000.0,1,CHEMBL5567482,Replicase polyprotein 1ab
CC(C)(O)c1ccccc1CC[C@@H](SCCCC(=O)[O-])c1cccc(/C=C/c2ccc3ccc(Cl)cc3n2)c1.[Na+],5.282460230797753,5540.0,4,CHEMBL5430305,Replicase polyprotein 1ab
CC(C)/C=C(\C#N)C(=O)N(c1ccc(-c2ccccc2)cc1)C(C(=O)N[C@@H](C)c1ccccc1)c1cccnc1,4.698970004336019,20000.0,1,CHEMBL5633883,Replicase polyprotein 1ab
CC(C)/C=C/C(=O)N1CC2(CC2)C[C@H]1C(=O)N[C@@H](C[C@@H]1CCNC1=O)C(=O)COC(F)(F)F,7.459670525209126,34.7,1,CHEMBL5402318,Replicase polyprotein 1ab
CC(C)=CC(=O)N(c1ccc(-c2ccccc2)cc1)C(C(=O)N[C@@H](C)c1ccccc1)c1cccnc1,4.698970004336019,20000.0,1,CHEMBL5632594,Replicase polyprotein 1ab
CC(C)=CCC/C(C)=C/CC[C@]1(C)C=Cc2c(C=O)c(O)c(C)c(O)c2O1,4.6777807052660805,21000.0,1,CHEMBL5207375,Replicase polyprotein 1ab
CC(C)=CCC/C(C)=C/COc1c2ccoc2cc2oc(=O)ccc12,5.015922966097169,9640.0,1,CHEMBL1078442,Replicase polyprotein 1ab
CC(C)=CCC12Oc3cc(O)c(C4C=C(C)CC(c5ccc(O)cc5O)C4C(=O)c4ccc(O)cc4O)c(O)c3C(=O)C1(O)Oc1cc(O)ccc12,4.856985199745905,13900.0,1,CHEMBL5269476,Replicase polyprotein 1ab
CC(C)=CCCC1=C[C@H](c2c(O)cc3c(c2O)C(=O)C[C@@H](c2ccc(O)cc2O)O3)[C@@H](C(=O)c2ccc(O)cc2O)[C@H](c2ccc(O)cc2O)C1,5.318758762624412,4800.0,1,CHEMBL5281602,Replicase polyprotein 1ab
CC(C)=CC[C@@H](O)C1=CC(=O)c2c(O)ccc(O)c2C1=O,4.8028597022389015,15744.915,8,CHEMBL9470,Replicase polyprotein 1ab
CC(C)=CC[C@@H](OC(=O)CC(C)(C)O)C1=CC(=O)c2c(O)ccc(O)c2C1=O,5.991399828238082,1020.0,1,CHEMBL397309,Replicase polyprotein 1ab
CC(C)=CC[C@@]12Oc3cc(O)c([C@H]4C=C(C)C[C@H](c5ccc(O)cc5O)[C@H]4C(=O)c4ccc(O)cc4O)c(O)c3C(=O)[C@]1(O)Oc1cc(O)ccc12,5.173925197299174,6700.0,1,CHEMBL525084,Replicase polyprotein 1ab
CC(C)=CC[C@]12Oc3cc(O)c([C@H]4C=C(C)C[C@H](c5ccc(O)cc5O)[C@H]4C(=O)c4ccc(O)cc4O)c(O)c3C(=O)[C@@]1(O)Oc1cc(O)ccc12,5.142667503568732,7200.0,1,CHEMBL204813,Replicase polyprotein 1ab
CC(C)=CCc1c(-c2ccc(O)c3c2OC(C)(C)C=C3)oc2cc(O)cc(O)c2c1=O,4.453457336521869,35200.0,1,CHEMBL1770312,Replicase polyprotein 1ab
CC(C)=CCc1c(-c2ccc(O)cc2O)oc2c3c(cc(O)c2c1=O)OC(C)(C)C=C3,4.474955192963154,33500.0,1,CHEMBL464006,Replicase polyprotein 1ab
CC(C)=CCc1cc(/C=C2\OC(=O)C(c3cc(CCC(C)(C)O)c(O)cc3O)=C2O)ccc1O,5.113509274827518,7700.0,1,CHEMBL5196901,Replicase polyprotein 1ab
CC(C)=CCc1cc(/C=C2\OC(=O)C(c3cc4c(cc3O)OC(C)(C)CC4)=C2O)ccc1O,4.987162775294828,10300.0,1,CHEMBL5189793,Replicase polyprotein 1ab
CC(C)C#CC(=O)N(c1ccc(-c2ccccc2)cc1)C(C(=O)N[C@@H](C)c1ccccc1)c1cccnc1,5.377785977033705,4190.0,1,CHEMBL5632377,Replicase polyprotein 1ab
CC(C)C(=O)N[C@@H](C)C(=O)N(C)[C@@H](CC(C)(C)C)C(=O)N1C[C@]2(C[C@H]1C#N)C(=O)Nc1ccccc12,7.0,100.0,1,CHEMBL5953606,Replicase polyprotein 1ab
CC(C)C(=O)N[C@@H](CC1CC1)C(=O)N(C)[C@@H](CC(C)(C)C)C(=O)N1C[C@]2(C[C@H]1C#N)C(=O)Nc1ccccc12,7.0,100.0,1,CHEMBL5793836,Replicase polyprotein 1ab
CC(C)C(=O)N[C@H](C(=O)N1C[C@H]2[C@@H]([C@H]1C(=O)N[C@H](C#N)C[C@@H]1CCNC1=O)C2(C)C)C(C)(C)C,7.0,100.0,2,CHEMBL5170545,Replicase polyprotein 1ab
CC(C)C(=O)N[C@H](C(=O)N1C[C@H]2[C@@H]([C@H]1C(=O)N[C@H](C#N)C[C@@H]1CCNC1=O)C2(C)C)c1cc(Cl)c(OCCN(C)C)c(Cl)c1,6.687188173787912,205.5,1,CHEMBL6149282,Replicase polyprotein 1ab
CC(C)C(=O)Nc1ccc(N(C(=O)Cn2nnc3ccccc32)C(C(=O)NC(C)(C)C)c2ccn(C)c2)cc1,5.3872161432802645,4100.0,1,CHEMBL5288969,Replicase polyprotein 1ab
CC(C)C(c1ccccc1)c1nc2cc(O)c(O)c(O)c2c(=O)[nH]1,6.4089353929735005,390.0,1,CHEMBL5432454,Replicase polyprotein 1ab
CC(C)CC(=O)C(=O)N1CC2(CC2)C[C@H]1C(=O)N[C@@H](C[C@@H]1CCNC1=O)C(=O)COC(F)(F)F,7.619788758288394,24.0,1,CHEMBL5438703,Replicase polyprotein 1ab
CC(C)CC(=O)N[C@H](C(=O)N1C[C@H]2[C@@H]([C@H]1C(=O)N[C@H](C=O)C[C@@H]1CCNC1=O)C2(C)C)C(C)(C)C,7.657577319177793,22.0,1,CHEMBL5184261,Replicase polyprotein 1ab
CC(C)CC(NC(=O)OCc1ccccc1)C(=O)N1C[C@]2(C[C@H]1C#N)C(=O)Nc1ccccc12,6.259637310505756,550.0,1,CHEMBL5822626,Replicase polyprotein 1ab
CC(C)CCOc1cc(O)c2c(=O)c(O)c(-c3cc(O)c(O)c(O)c3)oc2c1,5.716698771296451,1920.0,1,CHEMBL5557683,Replicase polyprotein 1ab
CC(C)CC[C@@H](C(=O)N1C[C@]2(CC1C#N)C(=O)Nc1ccccc12)N(C)C(=O)OCc1ccccc1,7.0,100.0,1,CHEMBL5846150,Replicase polyprotein 1ab
CC(C)CC[C@@H](C(=O)N1C[C@]2(CC1C#N)C(=O)Nc1ccccc12)N(C)C(=O)c1cc2c(F)cc(F)cc2[nH]1,7.0,100.0,1,CHEMBL5991690,Replicase polyprotein 1ab
CC(C)CC[C@@H](C(=O)N1C[C@]2(C[C@H]1C#N)C(=O)Nc1ccccc12)N(C)C(=O)OCc1ccccc1,7.0,100.0,1,CHEMBL5955308,Replicase polyprotein 1ab
CC(C)CC[C@@H](C(=O)N1C[C@]2(C[C@H]1C#N)C(=O)Nc1ccccc12)N(C)C(=O)c1cc2c(F)cc(F)cc2[nH]1,7.0,100.0,1,CHEMBL5844074,Replicase polyprotein 1ab
CC(C)CCn1sc2c(Br)cccc2c1=O,4.024568191490737,94500.0,1,CHEMBL5556738,Replicase polyprotein 1ab
CC(C)CCn1sc2ccc(Br)cc2c1=O,6.586315363473087,265.0,2,CHEMBL5274000,Replicase polyprotein 1ab
CC(C)CCn1sc2ccccc2c1=O,6.494850021680094,320.0,2,CHEMBL3916514,Replicase polyprotein 1ab
CC(C)COc1cc(Cl)cc(-c2cc(-c3c[nH]c(=O)[nH]c3=O)cn(-c3cccnc3)c2=O)c1,6.721246399047171,190.0,1,CHEMBL5542974,Replicase polyprotein 1ab
CC(C)C[C@@H](C(=O)C1C[C@]2(C[C@H]1C#N)C(=O)Nc1ccccc12)N(C)C(=O)[C@H](C)NC(=O)C(F)(F)F,7.0,100.0,1,CHEMBL5924096,Replicase polyprotein 1ab
CC(C)C[C@@H](C(=O)N1C[C@]2(CC1C#N)C(=O)Nc1ccccc12)N(C)C(=O)NCc1ccccc1,7.0,100.0,1,CHEMBL5820046,Replicase polyprotein 1ab
CC(C)C[C@@H](C(=O)N1C[C@]2(CC1C#N)C(=O)Nc1ccccc12)N(C)C(=O)OCc1ccccc1,7.0,100.0,1,CHEMBL5995672,Replicase polyprotein 1ab
CC(C)C[C@@H](C(=O)N1C[C@]2(CC1C#N)C(=O)Nc1ccccc12)N(C)C(=O)OCc1sc2cc(F)ccc2c1Cl,6.259637310505756,550.0,1,CHEMBL5943315,Replicase polyprotein 1ab
CC(C)C[C@@H](C(=O)N1C[C@]2(CC1C#N)C(=O)Nc1ccccc12)N(C)C(=O)c1[nH]c2ccc(F)cc2c1Cl,6.259637310505756,550.0,1,CHEMBL5762735,Replicase polyprotein 1ab
CC(C)C[C@@H](C(=O)N1C[C@]2(CC1C#N)C(=O)Nc1ccccc12)N(C)C(=O)c1[nH]c2ccccc2c1-c1ccccc1,6.259637310505756,550.0,1,CHEMBL5819121,Replicase polyprotein 1ab
CC(C)C[C@@H](C(=O)N1C[C@]2(CC1C#N)C(=O)Nc1ccccc12)N(C)C(=O)c1c(Cl)cccc1Cl,7.0,100.0,1,CHEMBL5888109,Replicase polyprotein 1ab
CC(C)C[C@@H](C(=O)N1C[C@]2(CC1C#N)C(=O)Nc1ccccc12)N(C)C(=O)c1cc(F)ccc1Cl,7.0,100.0,1,CHEMBL5867918,Replicase polyprotein 1ab
CC(C)C[C@@H](C(=O)N1C[C@]2(CC1C#N)C(=O)Nc1ccccc12)N(C)C(=O)c1cc2c(Br)ccc(Cl)c2[nH]1,7.0,100.0,1,CHEMBL6018690,Replicase polyprotein 1ab
CC(C)C[C@@H](C(=O)N1C[C@]2(CC1C#N)C(=O)Nc1ccccc12)N(C)C(=O)c1cc2c(Br)cccc2[nH]1,7.0,100.0,1,CHEMBL6045101,Replicase polyprotein 1ab
CC(C)C[C@@H](C(=O)N1C[C@]2(CC1C#N)C(=O)Nc1ccccc12)N(C)C(=O)c1cc2c(C#N)cccc2[nH]1,7.0,100.0,1,CHEMBL5809767,Replicase polyprotein 1ab
CC(C)C[C@@H](C(=O)N1C[C@]2(CC1C#N)C(=O)Nc1ccccc12)N(C)C(=O)c1cc2c(C3CC3)cccc2[nH]1,7.0,100.0,1,CHEMBL5961070,Replicase polyprotein 1ab
CC(C)C[C@@H](C(=O)N1C[C@]2(CC1C#N)C(=O)Nc1ccccc12)N(C)C(=O)c1cc2c(Cl)cc(Cl)cc2[nH]1,7.0,100.0,1,CHEMBL6009668,Replicase polyprotein 1ab
CC(C)C[C@@H](C(=O)N1C[C@]2(CC1C#N)C(=O)Nc1ccccc12)N(C)C(=O)c1cc2c(Cl)cc(F)cc2[nH]1,7.0,100.0,1,CHEMBL5852447,Replicase polyprotein 1ab
CC(C)C[C@@H](C(=O)N1C[C@]2(CC1C#N)C(=O)Nc1ccccc12)N(C)C(=O)c1cc2c(Cl)cccc2[nH]1,7.0,100.0,1,CHEMBL6060106,Replicase polyprotein 1ab
CC(C)C[C@@H](C(=O)N1C[C@]2(CC1C#N)C(=O)Nc1ccccc12)N(C)C(=O)c1cc2c(F)c(Cl)ccc2[nH]1,7.0,100.0,1,CHEMBL5900935,Replicase polyprotein 1ab
CC(C)C[C@@H](C(=O)N1C[C@]2(CC1C#N)C(=O)Nc1ccccc12)N(C)C(=O)c1cc2c(F)c(F)c(F)cc2[nH]1,7.0,100.0,1,CHEMBL5842482,Replicase polyprotein 1ab
CC(C)C[C@@H](C(=O)N1C[C@]2(CC1C#N)C(=O)Nc1ccccc12)N(C)C(=O)c1cc2c(F)cc(F)c(F)c2[nH]1,7.0,100.0,1,CHEMBL5839885,Replicase polyprotein 1ab
CC(C)C[C@@H](C(=O)N1C[C@]2(CC1C#N)C(=O)Nc1ccccc12)N(C)C(=O)c1cc2c(F)cc(F)cc2[nH]1,7.0,100.0,1,CHEMBL6002193,Replicase polyprotein 1ab
CC(C)C[C@@H](C(=O)N1C[C@]2(CC1C#N)C(=O)Nc1ccccc12)N(C)C(=O)c1cc2c(F)ccc(F)c2[nH]1,7.0,100.0,1,CHEMBL5740400,Replicase polyprotein 1ab
CC(C)C[C@@H](C(=O)N1C[C@]2(CC1C#N)C(=O)Nc1ccccc12)N(C)C(=O)c1cc2c(F)cccc2[nH]1,7.0,100.0,1,CHEMBL5796402,Replicase polyprotein 1ab
CC(C)C[C@@H](C(=O)N1C[C@]2(CC1C#N)C(=O)Nc1ccccc12)N(C)C(=O)c1cc2c(OC(F)(F)F)cccc2[nH]1,7.0,100.0,1,CHEMBL5794779,Replicase polyprotein 1ab
CC(C)C[C@@H](C(=O)N1C[C@]2(CC1C#N)C(=O)Nc1ccccc12)N(C)C(=O)c1cc2c(OC(F)F)cccc2[nH]1,7.0,100.0,1,CHEMBL5794534,Replicase polyprotein 1ab
CC(C)C[C@@H](C(=O)N1C[C@]2(CC1C#N)C(=O)Nc1ccccc12)N(C)C(=O)c1cc2c(OC3CC3)cccc2[nH]1,7.0,100.0,1,CHEMBL6052097,Replicase polyprotein 1ab
CC(C)C[C@@H](C(=O)N1C[C@]2(CC1C#N)C(=O)Nc1ccccc12)N(C)C(=O)c1cc2cc(-c3ccccc3)ccc2[nH]1,7.0,100.0,1,CHEMBL5874243,Replicase polyprotein 1ab
CC(C)C[C@@H](C(=O)N1C[C@]2(CC1C#N)C(=O)Nc1ccccc12)N(C)C(=O)c1cc2cc(C(C)(C)C)ccc2[nH]1,7.0,100.0,1,CHEMBL5844034,Replicase polyprotein 1ab
CC(C)C[C@@H](C(=O)N1C[C@]2(CC1C#N)C(=O)Nc1ccccc12)N(C)C(=O)c1cc2cc(C(C)C)ccc2[nH]1,7.0,100.0,1,CHEMBL5999917,Replicase polyprotein 1ab
CC(C)C[C@@H](C(=O)N1C[C@]2(CC1C#N)C(=O)Nc1ccccc12)N(C)C(=O)c1cc2cc(Cl)cc(Cl)c2[nH]1,7.0,100.0,1,CHEMBL5784105,Replicase polyprotein 1ab
CC(C)C[C@@H](C(=O)N1C[C@]2(CC1C#N)C(=O)Nc1ccccc12)N(C)C(=O)c1cc2cc(F)c(F)cc2[nH]1,7.0,100.0,1,CHEMBL5836296,Replicase polyprotein 1ab
CC(C)C[C@@H](C(=O)N1C[C@]2(CC1C#N)C(=O)Nc1ccccc12)N(C)C(=O)c1cc2cc(F)cc(F)c2[nH]1,7.0,100.0,1,CHEMBL6018307,Replicase polyprotein 1ab
CC(C)C[C@@H](C(=O)N1C[C@]2(CC1C#N)C(=O)Nc1ccccc12)N(C)C(=O)c1cc2cc(F)ccc2[nH]1,7.0,100.0,1,CHEMBL6060747,Replicase polyprotein 1ab
CC(C)C[C@@H](C(=O)N1C[C@]2(CC1C#N)C(=O)Nc1ccccc12)N(C)C(=O)c1cc2ccc(-c3ccccc3)cc2[nH]1,7.0,100.0,1,CHEMBL6061464,Replicase polyprotein 1ab
CC(C)C[C@@H](C(=O)N1C[C@]2(CC1C#N)C(=O)Nc1ccccc12)N(C)C(=O)c1cc2ccc(C(C)(C)C)cc2[nH]1,7.0,100.0,1,CHEMBL5783940,Replicase polyprotein 1ab
CC(C)C[C@@H](C(=O)N1C[C@]2(CC1C#N)C(=O)Nc1ccccc12)N(C)C(=O)c1cc2ccc(F)cc2[nH]1,7.0,100.0,1,CHEMBL6011427,Replicase polyprotein 1ab
CC(C)C[C@@H](C(=O)N1C[C@]2(CC1C#N)C(=O)Nc1ccccc12)N(C)C(=O)c1cc2ccccc2[nH]1,7.0,100.0,1,CHEMBL5969853,Replicase polyprotein 1ab
CC(C)C[C@@H](C(=O)N1C[C@]2(CC1C#N)C(=O)Nc1ccccc12)N(C)C(=O)c1ccc(F)c(Cl)c1,7.0,100.0,1,CHEMBL5887703,Replicase polyprotein 1ab
CC(C)C[C@@H](C(=O)N1C[C@]2(CC1C#N)C(=O)Nc1ccccc12)N(C)C(=O)c1ccc(F)cc1Cl,7.0,100.0,1,CHEMBL5853587,Replicase polyprotein 1ab
CC(C)C[C@@H](C(=O)N1C[C@]2(CC1C#N)C(=O)Nc1ccccc12)N(C)C(=O)c1cnccc1C#N,7.0,100.0,1,CHEMBL5944120,Replicase polyprotein 1ab
CC(C)C[C@@H](C(=O)N1C[C@]2(CC1C#N)C(=O)Nc1ccccc12)N(C)C(=O)c1n[nH]c2ccccc12,7.0,100.0,1,CHEMBL5821900,Replicase polyprotein 1ab
CC(C)C[C@@H](C(=O)N1C[C@]2(CC1C#N)C(=O)Nc1ccccc12)N(C)C(=O)c1ncccc1Cl,7.0,100.0,1,CHEMBL5776828,Replicase polyprotein 1ab
CC(C)C[C@@H](C(=O)N1C[C@]2(CC1C(=O)C(=O)NC1CC1)C(=O)Nc1ccccc12)N(C)C(=O)c1cc2c(F)cccc2[nH]1,6.259637310505756,550.0,1,CHEMBL6065555,Replicase polyprotein 1ab
CC(C)C[C@@H](C(=O)N1C[C@]2(CC1C(=O)C(=O)NC1CCCCC1)C(=O)Nc1ccccc12)N(C)C(=O)c1cc2c(F)cccc2[nH]1,6.0,1000.0,1,CHEMBL5829078,Replicase polyprotein 1ab
CC(C)C[C@@H](C(=O)N1C[C@]2(C[C@H]1C#N)C(=O)Nc1ccccc12)N(C)C(=O)C(NC(=O)OCc1ccccc1)c1ccccc1,7.0,100.0,1,CHEMBL5996909,Replicase polyprotein 1ab
CC(C)C[C@@H](C(=O)N1C[C@]2(C[C@H]1C#N)C(=O)Nc1ccccc12)N(C)C(=O)C(NC(=O)c1ccc(F)c(F)c1)c1ccccc1,7.0,100.0,1,CHEMBL5763604,Replicase polyprotein 1ab
CC(C)C[C@@H](C(=O)N1C[C@]2(C[C@H]1C#N)C(=O)Nc1ccccc12)N(C)C(=O)C1(NC(=O)OCc2ccccc2)CCCC1,7.0,100.0,1,CHEMBL5962892,Replicase polyprotein 1ab
CC(C)C[C@@H](C(=O)N1C[C@]2(C[C@H]1C#N)C(=O)Nc1ccccc12)N(C)C(=O)OCc1ccccc1,7.0,100.0,1,CHEMBL5818286,Replicase polyprotein 1ab
CC(C)C[C@@H](C(=O)N1C[C@]2(C[C@H]1C#N)C(=O)Nc1ccccc12)N(C)C(=O)[C@@H](NC(=O)C(F)(F)F)C(C)(C)C,7.0,100.0,1,CHEMBL5962078,Replicase polyprotein 1ab
CC(C)C[C@@H](C(=O)N1C[C@]2(C[C@H]1C#N)C(=O)Nc1ccccc12)N(C)C(=O)[C@@H](NC(=O)C(F)(F)F)C1CCCCC1,7.0,100.0,1,CHEMBL6025647,Replicase polyprotein 1ab
CC(C)C[C@@H](C(=O)N1C[C@]2(C[C@H]1C#N)C(=O)Nc1ccccc12)N(C)C(=O)[C@@H](NC(=O)C(F)(F)F)c1ccccc1,7.0,100.0,1,CHEMBL5846155,Replicase polyprotein 1ab
CC(C)C[C@@H](C(=O)N1C[C@]2(C[C@H]1C#N)C(=O)Nc1ccccc12)N(C)C(=O)[C@@H](NC(=O)OCc1ccccc1)C(C)(C)C,7.0,100.0,1,CHEMBL6008945,Replicase polyprotein 1ab
CC(C)C[C@@H](C(=O)N1C[C@]2(C[C@H]1C#N)C(=O)Nc1ccccc12)N(C)C(=O)[C@@H](NC(=O)OCc1ccccc1)C(C)C,7.0,100.0,1,CHEMBL6004543,Replicase polyprotein 1ab
CC(C)C[C@@H](C(=O)N1C[C@]2(C[C@H]1C#N)C(=O)Nc1ccccc12)N(C)C(=O)[C@@H](NC(=O)OCc1ccccc1)C1CCCCC1,7.0,100.0,1,CHEMBL5991474,Replicase polyprotein 1ab
CC(C)C[C@@H](C(=O)N1C[C@]2(C[C@H]1C#N)C(=O)Nc1ccccc12)N(C)C(=O)[C@H](C)NC(=O)C(C)(C)F,7.6136794261059535,24.34,1,CHEMBL6143060,Replicase polyprotein 1ab
CC(C)C[C@@H](C(=O)N1C[C@]2(C[C@H]1C#N)C(=O)Nc1ccccc12)N(C)C(=O)[C@H](C)NC(=O)C(C)C,7.525783735923745,29.8,1,CHEMBL6147570,Replicase polyprotein 1ab
CC(C)C[C@@H](C(=O)N1C[C@]2(C[C@H]1C#N)C(=O)Nc1ccccc12)N(C)C(=O)[C@H](C)NC(=O)c1ccc(F)cc1,7.0,100.0,1,CHEMBL5822346,Replicase polyprotein 1ab
CC(C)C[C@@H](C(=O)N1C[C@]2(C[C@H]1C#N)C(=O)Nc1ccccc12)N(C)C(=O)[C@H](CC(C)(C)C)N(C)C(=O)C(F)(F)F,7.0,100.0,1,CHEMBL6010697,Replicase polyprotein 1ab
CC(C)C[C@@H](C(=O)N1C[C@]2(C[C@H]1C#N)C(=O)Nc1ccccc12)N(C)C(=O)[C@H](CC(C)(C)C)N(C)C(=O)OCc1ccccc1,7.0,100.0,1,CHEMBL6058089,Replicase polyprotein 1ab
CC(C)C[C@@H](C(=O)N1C[C@]2(C[C@H]1C#N)C(=O)Nc1ccccc12)N(C)C(=O)[C@H](CC(C)(C)C)NC(=O)C(C)(C)C,7.0,100.0,1,CHEMBL5994369,Replicase polyprotein 1ab
CC(C)C[C@@H](C(=O)N1C[C@]2(C[C@H]1C#N)C(=O)Nc1ccccc12)N(C)C(=O)[C@H](CC(C)(C)C)NC(=O)C(F)(F)F,7.0,100.0,1,CHEMBL5776839,Replicase polyprotein 1ab
CC(C)C[C@@H](C(=O)N1C[C@]2(C[C@H]1C#N)C(=O)Nc1ccccc12)N(C)C(=O)[C@H](CC(C)(C)C)NC(=O)OCc1ccccc1,7.0,100.0,1,CHEMBL6021389,Replicase polyprotein 1ab
CC(C)C[C@@H](C(=O)N1C[C@]2(C[C@H]1C#N)C(=O)Nc1ccccc12)N(C)C(=O)[C@H](CC(C)(C)C)NC(=O)c1cc2c(F)cc(F)c(F)c2[nH]1,7.0,100.0,1,CHEMBL5905493,Replicase polyprotein 1ab
CC(C)C[C@@H](C(=O)N1C[C@]2(C[C@H]1C#N)C(=O)Nc1ccccc12)N(C)C(=O)[C@H](CC(C)(C)C)NC(=O)c1ccc(F)cc1,7.0,100.0,1,CHEMBL5869324,Replicase polyprotein 1ab
CC(C)C[C@@H](C(=O)N1C[C@]2(C[C@H]1C#N)C(=O)Nc1ccccc12)N(C)C(=O)[C@H](CC1CC1)NC(=O)C(F)(F)F,7.0,100.0,1,CHEMBL5848009,Replicase polyprotein 1ab
CC(C)C[C@@H](C(=O)N1C[C@]2(C[C@H]1C#N)C(=O)Nc1ccccc12)N(C)C(=O)[C@H](CC1CC1)NC(=O)OCc1ccccc1,7.0,100.0,1,CHEMBL5963314,Replicase polyprotein 1ab
CC(C)C[C@@H](C(=O)N1C[C@]2(C[C@H]1C#N)C(=O)Nc1ccccc12)N(C)C(=O)[C@H](CC1CC1)NC(=O)c1ccc(F)cc1,7.0,100.0,1,CHEMBL6054503,Replicase polyprotein 1ab
CC(C)C[C@@H](C(=O)N1C[C@]2(C[C@H]1C#N)C(=O)Nc1ccccc12)N(C)C(=O)[C@H](CC1CCC1)NC(=O)C(C)(C)C,7.0,100.0,1,CHEMBL5899893,Replicase polyprotein 1ab
CC(C)C[C@@H](C(=O)N1C[C@]2(C[C@H]1C#N)C(=O)Nc1ccccc12)N(C)C(=O)[C@H](CC1CCC1)NC(=O)C(F)(F)F,7.0,100.0,1,CHEMBL5917231,Replicase polyprotein 1ab
CC(C)C[C@@H](C(=O)N1C[C@]2(C[C@H]1C#N)C(=O)Nc1ccccc12)N(C)C(=O)[C@H](CC1CCC1)NC(=O)OCc1ccccc1,7.0,100.0,1,CHEMBL5991215,Replicase polyprotein 1ab
CC(C)C[C@@H](C(=O)N1C[C@]2(C[C@H]1C#N)C(=O)Nc1ccccc12)N(C)C(=O)[C@H](CC1CCC1)NC(=O)c1cc2c(F)cc(F)c(F)c2[nH]1,7.0,100.0,1,CHEMBL5852194,Replicase polyprotein 1ab
CC(C)C[C@@H](C(=O)N1C[C@]2(C[C@H]1C#N)C(=O)Nc1ccccc12)N(C)C(=O)[C@H](CC1CCC1)NC(=O)c1ccc(F)cc1,7.0,100.0,1,CHEMBL6011761,Replicase polyprotein 1ab
CC(C)C[C@@H](C(=O)N1C[C@]2(C[C@H]1C#N)C(=O)Nc1ccccc12)N(C)C(=O)[C@H](Cc1ccc(F)cc1)NC(=O)OCc1ccccc1,7.0,100.0,1,CHEMBL5862829,Replicase polyprotein 1ab
CC(C)C[C@@H](C(=O)N1C[C@]2(C[C@H]1C#N)C(=O)Nc1ccccc12)N(C)C(=O)[C@H](Cc1ccc(F)cc1)NC(=O)c1ccn(C)n1,7.0,100.0,1,CHEMBL5944564,Replicase polyprotein 1ab
CC(C)C[C@@H](C(=O)N1C[C@]2(C[C@H]1C#N)C(=O)Nc1ccccc12)N(C)C(=O)[C@H](Cc1ccc(F)cc1)NC(=O)c1cnccn1,7.0,100.0,1,CHEMBL5770217,Replicase polyprotein 1ab
CC(C)C[C@@H](C(=O)N1C[C@]2(C[C@H]1C#N)C(=O)Nc1ccccc12)N(C)C(=O)[C@H](NC(=O)C(F)(F)F)c1ccccc1,7.0,100.0,1,CHEMBL5777293,Replicase polyprotein 1ab
CC(C)C[C@@H](C(=O)N1C[C@]2(C[C@H]1C#N)C(=O)Nc1ccccc12)N(C)C(=O)c1[nH]c2ccc(F)cc2c1Cl,6.259637310505756,550.0,1,CHEMBL5926508,Replicase polyprotein 1ab
CC(C)C[C@@H](C(=O)N1C[C@]2(C[C@H]1C#N)C(=O)Nc1ccccc12)N(C)C(=O)c1[nH]c2ccccc2c1-c1ccccc1,6.259637310505756,550.0,1,CHEMBL5934391,Replicase polyprotein 1ab
CC(C)C[C@@H](C(=O)N1C[C@]2(C[C@H]1C#N)C(=O)Nc1ccccc12)N(C)C(=O)c1c(Cl)cccc1Cl,7.0,100.0,1,CHEMBL5849032,Replicase polyprotein 1ab
CC(C)C[C@@H](C(=O)N1C[C@]2(C[C@H]1C#N)C(=O)Nc1ccccc12)N(C)C(=O)c1cc(F)ccc1Cl,7.0,100.0,1,CHEMBL5974196,Replicase polyprotein 1ab
CC(C)C[C@@H](C(=O)N1C[C@]2(C[C@H]1C#N)C(=O)Nc1ccccc12)N(C)C(=O)c1cc2c(Br)ccc(Cl)c2[nH]1,7.0,100.0,1,CHEMBL5815342,Replicase polyprotein 1ab
CC(C)C[C@@H](C(=O)N1C[C@]2(C[C@H]1C#N)C(=O)Nc1ccccc12)N(C)C(=O)c1cc2c(Br)cccc2[nH]1,7.0,100.0,1,CHEMBL5794767,Replicase polyprotein 1ab
CC(C)C[C@@H](C(=O)N1C[C@]2(C[C@H]1C#N)C(=O)Nc1ccccc12)N(C)C(=O)c1cc2c(C#N)cccc2[nH]1,7.0,100.0,1,CHEMBL5901881,Replicase polyprotein 1ab
CC(C)C[C@@H](C(=O)N1C[C@]2(C[C@H]1C#N)C(=O)Nc1ccccc12)N(C)C(=O)c1cc2c(C3CC3)cccc2[nH]1,7.0,100.0,1,CHEMBL5884797,Replicase polyprotein 1ab
CC(C)C[C@@H](C(=O)N1C[C@]2(C[C@H]1C#N)C(=O)Nc1ccccc12)N(C)C(=O)c1cc2c(Cl)cc(Cl)cc2[nH]1,7.0,100.0,1,CHEMBL5969746,Replicase polyprotein 1ab
CC(C)C[C@@H](C(=O)N1C[C@]2(C[C@H]1C#N)C(=O)Nc1ccccc12)N(C)C(=O)c1cc2c(Cl)cc(F)cc2[nH]1,7.0,100.0,1,CHEMBL5900457,Replicase polyprotein 1ab
CC(C)C[C@@H](C(=O)N1C[C@]2(C[C@H]1C#N)C(=O)Nc1ccccc12)N(C)C(=O)c1cc2c(Cl)cccc2[nH]1,7.0,100.0,1,CHEMBL5778182,Replicase polyprotein 1ab
CC(C)C[C@@H](C(=O)N1C[C@]2(C[C@H]1C#N)C(=O)Nc1ccccc12)N(C)C(=O)c1cc2c(F)c(Cl)ccc2[nH]1,7.0,100.0,1,CHEMBL5960582,Replicase polyprotein 1ab
CC(C)C[C@@H](C(=O)N1C[C@]2(C[C@H]1C#N)C(=O)Nc1ccccc12)N(C)C(=O)c1cc2c(F)c(F)c(F)cc2[nH]1,7.0,100.0,1,CHEMBL6051372,Replicase polyprotein 1ab
CC(C)C[C@@H](C(=O)N1C[C@]2(C[C@H]1C#N)C(=O)Nc1ccccc12)N(C)C(=O)c1cc2c(F)cc(F)c(F)c2[nH]1,7.0,100.0,1,CHEMBL5314432,Replicase polyprotein 1ab
CC(C)C[C@@H](C(=O)N1C[C@]2(C[C@H]1C#N)C(=O)Nc1ccccc12)N(C)C(=O)c1cc2c(F)cc(F)cc2[nH]1,7.0,100.0,1,CHEMBL5829332,Replicase polyprotein 1ab
CC(C)C[C@@H](C(=O)N1C[C@]2(C[C@H]1C#N)C(=O)Nc1ccccc12)N(C)C(=O)c1cc2c(F)ccc(F)c2[nH]1,7.0,100.0,1,CHEMBL5860605,Replicase polyprotein 1ab
CC(C)C[C@@H](C(=O)N1C[C@]2(C[C@H]1C#N)C(=O)Nc1ccccc12)N(C)C(=O)c1cc2c(F)cccc2[nH]1,7.0,100.0,1,CHEMBL6056048,Replicase polyprotein 1ab
CC(C)C[C@@H](C(=O)N1C[C@]2(C[C@H]1C#N)C(=O)Nc1ccccc12)N(C)C(=O)c1cc2c(OC(F)(F)F)cccc2[nH]1,7.0,100.0,1,CHEMBL5780559,Replicase polyprotein 1ab
CC(C)C[C@@H](C(=O)N1C[C@]2(C[C@H]1C#N)C(=O)Nc1ccccc12)N(C)C(=O)c1cc2c(OC(F)F)cccc2[nH]1,7.0,100.0,1,CHEMBL5995816,Replicase polyprotein 1ab
CC(C)C[C@@H](C(=O)N1C[C@]2(C[C@H]1C#N)C(=O)Nc1ccccc12)N(C)C(=O)c1cc2c(OC3CC3)cccc2[nH]1,7.0,100.0,1,CHEMBL6022428,Replicase polyprotein 1ab
CC(C)C[C@@H](C(=O)N1C[C@]2(C[C@H]1C#N)C(=O)Nc1ccccc12)N(C)C(=O)c1cc2cc(-c3ccccc3)ccc2[nH]1,7.0,100.0,1,CHEMBL5868723,Replicase polyprotein 1ab
CC(C)C[C@@H](C(=O)N1C[C@]2(C[C@H]1C#N)C(=O)Nc1ccccc12)N(C)C(=O)c1cc2cc(C(C)(C)C)ccc2[nH]1,7.0,100.0,1,CHEMBL5965406,Replicase polyprotein 1ab
CC(C)C[C@@H](C(=O)N1C[C@]2(C[C@H]1C#N)C(=O)Nc1ccccc12)N(C)C(=O)c1cc2cc(C(C)C)ccc2[nH]1,7.0,100.0,1,CHEMBL5900554,Replicase polyprotein 1ab
CC(C)C[C@@H](C(=O)N1C[C@]2(C[C@H]1C#N)C(=O)Nc1ccccc12)N(C)C(=O)c1cc2cc(Cl)cc(Cl)c2[nH]1,7.0,100.0,1,CHEMBL5838587,Replicase polyprotein 1ab
CC(C)C[C@@H](C(=O)N1C[C@]2(C[C@H]1C#N)C(=O)Nc1ccccc12)N(C)C(=O)c1cc2cc(F)c(F)cc2[nH]1,7.0,100.0,1,CHEMBL5841409,Replicase polyprotein 1ab
CC(C)C[C@@H](C(=O)N1C[C@]2(C[C@H]1C#N)C(=O)Nc1ccccc12)N(C)C(=O)c1cc2cc(F)cc(F)c2[nH]1,7.0,100.0,1,CHEMBL5768326,Replicase polyprotein 1ab
CC(C)C[C@@H](C(=O)N1C[C@]2(C[C@H]1C#N)C(=O)Nc1ccccc12)N(C)C(=O)c1cc2cc(F)ccc2[nH]1,7.0,100.0,1,CHEMBL5771622,Replicase polyprotein 1ab
CC(C)C[C@@H](C(=O)N1C[C@]2(C[C@H]1C#N)C(=O)Nc1ccccc12)N(C)C(=O)c1cc2ccc(-c3ccccc3)cc2[nH]1,7.0,100.0,1,CHEMBL5747587,Replicase polyprotein 1ab
CC(C)C[C@@H](C(=O)N1C[C@]2(C[C@H]1C#N)C(=O)Nc1ccccc12)N(C)C(=O)c1cc2ccc(C(C)(C)C)cc2[nH]1,7.0,100.0,1,CHEMBL5855011,Replicase polyprotein 1ab
CC(C)C[C@@H](C(=O)N1C[C@]2(C[C@H]1C#N)C(=O)Nc1ccccc12)N(C)C(=O)c1cc2ccc(F)cc2[nH]1,7.0,100.0,1,CHEMBL5877193,Replicase polyprotein 1ab
CC(C)C[C@@H](C(=O)N1C[C@]2(C[C@H]1C#N)C(=O)Nc1ccccc12)N(C)C(=O)c1cc2ccccc2[nH]1,7.0,100.0,1,CHEMBL5977150,Replicase polyprotein 1ab
CC(C)C[C@@H](C(=O)N1C[C@]2(C[C@H]1C#N)C(=O)Nc1ccccc12)N(C)C(=O)c1ccc(F)c(Cl)c1,7.0,100.0,1,CHEMBL5831009,Replicase polyprotein 1ab
CC(C)C[C@@H](C(=O)N1C[C@]2(C[C@H]1C#N)C(=O)Nc1ccccc12)N(C)C(=O)c1ccc(F)cc1Cl,7.0,100.0,1,CHEMBL5968812,Replicase polyprotein 1ab
CC(C)C[C@@H](C(=O)N1C[C@]2(C[C@H]1C#N)C(=O)Nc1ccccc12)N(C)C(=O)c1cncc(C#N)c1,7.0,100.0,1,CHEMBL5951678,Replicase polyprotein 1ab
CC(C)C[C@@H](C(=O)N1C[C@]2(C[C@H]1C#N)C(=O)Nc1ccccc12)N(C)C(=O)c1n[nH]c2ccccc12,7.0,100.0,1,CHEMBL6042099,Replicase polyprotein 1ab
CC(C)C[C@@H](C(=O)N1C[C@]2(C[C@H]1C#N)C(=O)Nc1ccccc12)N(C)C(=O)c1ncccc1Cl,7.0,100.0,1,CHEMBL5750584,Replicase polyprotein 1ab
CC(C)C[C@@H](C(=O)N1C[C@]2(C[C@H]1C#N)C(=O)Nc1ccccc12)N(C)C(=O)c1sc2cc(F)ccc2c1Cl,6.259637310505756,550.0,1,CHEMBL5840470,Replicase polyprotein 1ab
CC(C)C[C@@H](C(=O)N1C[C@]2(C[C@H]1C#N)C(=O)Nc1ccccc12)N1CC[C@H](NC(=O)C(F)(F)F)C1=O,6.259637310505756,550.0,1,CHEMBL5989600,Replicase polyprotein 1ab
CC(C)C[C@@H](C(=O)N1C[C@]2(C[C@H]1C(=O)C(=O)NC1CC1)C(=O)Nc1ccccc12)N(C)C(=O)c1cc2c(F)cccc2[nH]1,6.259637310505756,550.0,1,CHEMBL5865280,Replicase polyprotein 1ab
CC(C)C[C@@H](C(=O)N1C[C@]2(C[C@H]1C(=O)C(=O)NC1CCCCC1)C(=O)Nc1ccccc12)N(C)C(=O)c1cc2c(F)cccc2[nH]1,6.0,1000.0,1,CHEMBL6048250,Replicase polyprotein 1ab
CC(C)C[C@@H](C(=O)N1C[C@]2(C[C@H]1C(N)=O)C(=O)Nc1ccccc12)N1CC[C@H](NC(=O)OC(C)(C)C)C1=O,6.259637310505756,550.0,1,CHEMBL6011375,Replicase polyprotein 1ab
CC(C)C[C@@H](C(=O)N1C[C@]2(C[C@H]1C(O)S(=O)(=O)[O-])C(=O)Nc1ccccc12)N(C)C(=O)c1cc2c(F)cccc2[nH]1.[Na+],7.0,100.0,1,CHEMBL6013564,Replicase polyprotein 1ab
CC(C)C[C@@H](C(=O)N1C[C@]2(C[C@H]1C=O)C(=O)Nc1ccccc12)N(C)C(=O)OCc1ccccc1,6.259637310505756,550.0,2,CHEMBL5834308,Replicase polyprotein 1ab
CC(C)C[C@@H](C(=O)N1C[C@]2(C[C@H]1NC=O)C(=O)Nc1ccccc12)N(C)C(=O)[C@H](Cc1ccc(F)cc1)NC(=O)OCc1ccccc1,7.0,100.0,1,CHEMBL6042228,Replicase polyprotein 1ab
CC(C)C[C@@H](C(=O)NCC12CC3CC(CC(C3)C1)C2)N(Cc1ccccc1)C(=O)CCl,4.522878745280337,30000.0,1,CHEMBL5574180,Replicase polyprotein 1ab
CC(C)C[C@@H](C=O)NC(=O)[C@@H](NS(=O)(=O)c1ccc(F)cc1)C(C)C,4.698970004336019,20000.0,1,CHEMBL288365,Replicase polyprotein 1ab
CC(C)C[C@@H](C=O)NC(=O)[C@H](CC(C)C)NC(=O)[C@H](CC(C)C)NC(=O)OCc1ccccc1,5.4089353929735005,3900.0,9,CHEMBL64925,Replicase polyprotein 1ab
CC(C)C[C@@H](C=O)NC(=O)[C@H](Cc1ccccc1)NC(=O)[C@@H]1Cc2ccccc2CN1,3.3716110699496884,425000.0,1,CHEMBL5281857,Replicase polyprotein 1ab
CC(C)C[C@@H](NC(=O)/C=C/c1ccccc1)C(=O)N[C@H](C=O)Cc1ccccc1,5.0,10000.0,1,CHEMBL6172107,Replicase polyprotein 1ab
CC(C)C[C@@H](NC(=O)CCl)C(=O)N[C@@H](Cc1c[nH]c2ccccc12)C(=O)NCc1ccccc1,4.522878745280337,30000.0,1,CHEMBL5565757,Replicase polyprotein 1ab
CC(C)C[C@@H](NC(=O)OCc1ccccc1)C(=O)N[C@H](CC1CCNC1=O)C(O)S(=O)(=O)[O-].[Na+],7.522878745280337,30.0,1,CHEMBL5205992,Replicase polyprotein 1ab
CC(C)C[C@@H](Nc1ncnc2[nH]ccc12)C(=O)O,4.002176919254275,99500.0,2,CHEMBL5441462,Replicase polyprotein 1ab
CC(C)C[C@@H](O)C(=O)N1CC2(CC2)C[C@H]1C(=O)N[C@@H](C[C@@H]1CCNC1=O)C(=O)COC(F)(F)F,7.6307841425898575,23.4,1,CHEMBL5430978,Replicase polyprotein 1ab
CC(C)C[C@@H](O)C(=O)N1C[C@H](C(F)(F)F)C[C@H]1C(=O)N[C@@H](C[C@@H]1CCNC1=O)C(=O)COC(F)(F)F,7.657577319177793,22.0,1,CHEMBL5397476,Replicase polyprotein 1ab
CC(C)C[C@@H]1NC(=O)[C@H](C(C)C)NC(=O)[C@@H]2CSC(=N2)c2cc(ccn2)C[C@@H](C(N)=O)NC(=O)[C@H](CO)NC(=O)[C@H](CCC(N)=O)NC1=O,4.0,100000.0,1,CHEMBL4855260,Replicase polyprotein 1ab
CC(C)C[C@@H]1NC(=O)[C@H](C(C)C)NC(=O)[C@H](C(C)C)NC(=O)[C@@H]2CSC(=N2)c2cc(ccn2)C[C@@H](C(N)=O)NC(=O)[C@H](CCC(=O)O)NC1=O,4.0,100000.0,1,CHEMBL4876522,Replicase polyprotein 1ab
CC(C)C[C@@H]1NC(=O)[C@H](C(C)C)NC(=O)[C@H](C(C)C)NC(=O)[C@@H]2CSC(=N2)c2cc(ccn2)C[C@@H](C(N)=O)NC(=O)[C@H](CCC(N)=O)NC1=O,4.0,100000.0,1,CHEMBL4868572,Replicase polyprotein 1ab
CC(C)C[C@@H]1NC(=O)[C@H](C(C)C)NC(=O)[C@H](C)NC(=O)[C@H](C)NC(=O)[C@@H]2CSC(=N2)c2cc(ccn2)C[C@@H](C(N)=O)NC(=O)[C@H](C)NC(=O)[C@H](C)NC(=O)[C@H](CCC(N)=O)NC1=O,4.0,100000.0,1,CHEMBL4851348,Replicase polyprotein 1ab
CC(C)C[C@@H]1NC(=O)[C@H](C(C)C)NC(=O)[C@H](C)NC(=O)[C@H](C)NC(=O)[C@@H]2CSC(=N2)c2cc(ccn2)C[C@@H](C(N)=O)NC(=O)[C@H](C)NC(=O)[C@H](CC(N)=O)NC1=O,4.0,100000.0,1,CHEMBL4848940,Replicase polyprotein 1ab
CC(C)C[C@@H]1NC(=O)[C@H](C(C)C)NC(=O)[C@H](C)NC(=O)[C@H](C)NC(=O)[C@@H]2CSC(=N2)c2cc(ccn2)C[C@@H](C(N)=O)NC(=O)[C@H](C)NC(=O)[C@H](CCC(N)=O)NC1=O,4.0,100000.0,1,CHEMBL4864163,Replicase polyprotein 1ab
CC(C)C[C@@H]1NC(=O)[C@H](C(C)C)NC(=O)[C@H](C)NC(=O)[C@H](C)NC(=O)[C@@H]2CSC(=N2)c2cc(ccn2)C[C@@H](C(N)=O)NC(=O)[C@H](CO)NC(=O)[C@H](CCC(N)=O)NC1=O,4.0,100000.0,1,CHEMBL4851196,Replicase polyprotein 1ab
CC(C)C[C@@H]1NC(=O)[C@H](C(C)C)NC(=O)[C@H](C)NC(=O)[C@H](CO)NC(=O)[C@H]([C@@H](C)O)NC(=O)[C@@H]2CSC(=N2)c2cc(ccn2)C[C@@H](C(N)=O)NC(=O)[C@H](CCCCN)NC(=O)[C@H](CCCNC(=N)N)NC(=O)[C@H](Cc2ccccc2)NC(=O)CNC(=O)[C@H](CO)NC(=O)[C@H](CCC(N)=O)NC1=O,4.0,100000.0,1,CHEMBL4873945,Replicase polyprotein 1ab
CC(C)C[C@@H]1NC(=O)[C@H](C)NC(=O)[C@@H]2CCCN2C(=O)[C@H]([C@@H](C)O)NC(=O)[C@H]([C@@H](C)O)NC(=O)[C@H]([C@@H](C)O)NC(=O)[C@H](Cc2c[nH]cn2)NC(=O)[C@H](Cc2ccccc2)NC(=O)[C@H]([C@@H](C)O)NC(=O)[C@H](C(C)C)NC(=O)[C@@H](Cc2ccc(O)cc2)NC(=O)CSC[C@@H](C(=O)NCC(N)=O)NC(=O)[C@@H]2CCCN2C(=O)[C@@H]2CCCN2C1=O,5.2380721615794705,5780.0,1,CHEMBL6120795,Replicase polyprotein 1ab
CC(C)C[C@@H]1NC(=O)[C@H](CC(N)=O)NC(=O)[C@H](Cc2ccc(O)cc2)NC(=O)CSC[C@@H](C(=O)NCC(N)=O)NC(=O)[C@H](Cc2ccc(O)cc2)NC(=O)[C@H](CCC(N)=O)NC(=O)[C@H]([C@@H](C)O)NC(=O)[C@H]([C@@H](C)O)NC(=O)[C@H](Cc2c[nH]c3ccccc23)NC(=O)[C@H](CC(=O)O)NC(=O)[C@H]([C@@H](C)O)NC(=O)[C@H](CCCNC(=N)N)NC(=O)[C@H](CCC(N)=O)NC(=O)[C@H](Cc2ccccc2)NC1=O,6.301029995663981,500.0,1,CHEMBL6142386,Replicase polyprotein 1ab
CC(C)C[C@@H]1NC(=O)[C@H](CC(N)=O)NC(=O)[C@H](Cc2ccc(O)cc2)NC(=O)CSC[C@@H](C(=O)NCC(N)=O)NC(=O)[C@H](Cc2ccccc2)NC(=O)[C@H](CCCNC(=N)N)NC(=O)[C@H](CCC(N)=O)NC(=O)[C@H](CC(N)=O)NC(=O)[C@H](Cc2c[nH]c3ccccc23)NC(=O)[C@H](CC(=O)O)NC(=O)[C@H]([C@@H](C)O)NC(=O)[C@H](CCCNC(=N)N)NC(=O)[C@H](CCC(N)=O)NC(=O)[C@H](Cc2ccccc2)NC1=O,6.6020599913279625,250.0,1,CHEMBL6102335,Replicase polyprotein 1ab
CC(C)C[C@@H]1NC(=O)[C@H](CC(N)=O)NC(=O)[C@H](Cc2ccc(O)cc2)NC(=O)CSC[C@@H](C(=O)NCC(N)=O)NC(=O)[C@H](Cc2ccccc2)NC(=O)[C@H](CO)NC(=O)[C@H](CO)NC(=O)[C@H](CO)NC(=O)[C@H](Cc2c[nH]c3ccccc23)NC(=O)[C@H](CC(=O)O)NC(=O)[C@H](C)NC(=O)[C@H](CCCNC(=N)N)NC(=O)[C@H](CCC(N)=O)NC(=O)[C@H](Cc2ccccc2)NC1=O,6.522878745280337,300.0,1,CHEMBL6152614,Replicase polyprotein 1ab
CC(C)C[C@@H]1NC(=O)[C@H](CCC(N)=O)NC(=O)[C@@H]2CSC(=N2)c2cc(ccn2)C[C@@H](C(N)=O)NC(=O)[C@H](C(C)C)NC(=O)[C@H](C(C)C)NC1=O,4.0,100000.0,1,CHEMBL4871930,Replicase polyprotein 1ab
CC(C)C[C@@H]1NC(=O)[C@H](CCCNC(=N)N)NC(=O)[C@H](C)NC(=O)[C@@H]2CSC(=N2)c2cc(ccn2)C[C@@H](C(N)=O)NC(=O)[C@H](CCC(=O)O)NC1=O,4.0,100000.0,1,CHEMBL4858748,Replicase polyprotein 1ab
CC(C)C[C@@H]1NC(=O)[C@H](CCCNC(=N)N)NC(=O)[C@H](C)NC(=O)[C@@H]2CSC(=N2)c2cc(ccn2)C[C@@H](C(N)=O)NC(=O)[C@H](CCC(N)=O)NC1=O,4.0,100000.0,1,CHEMBL4859153,Replicase polyprotein 1ab
CC(C)C[C@@H]1NC(=O)[C@H](Cc2ccc(F)c(F)c2)NC(=O)[C@@H]2CCCN2C(=O)[C@H]([C@@H](C)O)NC(=O)[C@H]([C@@H](C)O)NC(=O)[C@H]([C@@H](C)O)NC(=O)[C@H](Cc2c[nH]cn2)NC(=O)[C@H](Cc2cccc(F)c2)NC(=O)[C@H]([C@@H](C)O)NC(=O)[C@H](C(C)C)NC(=O)[C@@H](Cc2ccc(O)cc2)NC(=O)CSC[C@@H](C(=O)NCC(N)=O)NC(=O)[C@@H]2CCCN2C(=O)[C@@H]2CCCN2C1=O,6.494850021680094,320.0,1,CHEMBL6160622,Replicase polyprotein 1ab
CC(C)C[C@@H]1NC(=O)[C@H](Cc2ccccc2)NC(=O)[C@@H](Cc2ccc(O)cc2)NC(=O)CSC[C@@H](C(=O)NCC(N)=O)NC(=O)CNC(=O)[C@H](Cc2ccccc2)NC(=O)[C@H]([C@@H](C)O)NC(=O)[C@H](Cc2ccc(O)cc2)NC(=O)[C@H](CCCNC(=N)N)NC(=O)[C@H](Cc2ccc(O)cc2)NC(=O)[C@@H]2CCCN2C(=O)[C@@H]2CCCN2C1=O,5.838631997765025,1450.0,1,CHEMBL6120738,Replicase polyprotein 1ab
CC(C)C[C@@H]1NC(=O)[C@H](Cc2ccccc2)NC(=O)[C@@H]2CCCN2C(=O)[C@H](C)NC(=O)[C@H]([C@@H](C)O)NC(=O)[C@H]([C@@H](C)O)NC(=O)[C@H](Cc2c[nH]cn2)NC(=O)[C@H](Cc2ccccc2)NC(=O)[C@H]([C@@H](C)O)NC(=O)[C@H](C(C)C)NC(=O)[C@@H](Cc2ccc(O)cc2)NC(=O)CSC[C@@H](C(=O)NCC(N)=O)NC(=O)[C@@H]2CCCN2C(=O)[C@@H]2CCCN2C1=O,6.657577319177793,220.0,1,CHEMBL6134130,Replicase polyprotein 1ab
CC(C)C[C@@H]1NC(=O)[C@H](Cc2ccccc2)NC(=O)[C@@H]2CCCN2C(=O)[C@H]([C@@H](C)O)NC(=O)[C@H](C)NC(=O)[C@H]([C@@H](C)O)NC(=O)[C@H](Cc2c[nH]cn2)NC(=O)[C@H](Cc2ccccc2)NC(=O)[C@H]([C@@H](C)O)NC(=O)[C@H](C(C)C)NC(=O)[C@@H](Cc2ccc(O)cc2)NC(=O)CSC[C@@H](C(=O)NCC(N)=O)NC(=O)[C@@H]2CCCN2C(=O)[C@@H]2CCCN2C1=O,6.698970004336019,200.0,1,CHEMBL6149659,Replicase polyprotein 1ab
CC(C)C[C@@H]1NC(=O)[C@H](Cc2ccccc2)NC(=O)[C@@H]2CCCN2C(=O)[C@H]([C@@H](C)O)NC(=O)[C@H]([C@@H](C)O)NC(=O)[C@H](C)NC(=O)[C@H](Cc2c[nH]cn2)NC(=O)[C@H](Cc2ccccc2)NC(=O)[C@H]([C@@H](C)O)NC(=O)[C@H](C(C)C)NC(=O)[C@@H](Cc2ccc(O)cc2)NC(=O)CSC[C@@H](C(=O)NCC(N)=O)NC(=O)[C@@H]2CCCN2C(=O)[C@@H]2CCCN2C1=O,6.292429823902063,510.0,1,CHEMBL6149649,Replicase polyprotein 1ab
CC(C)C[C@@H]1NC(=O)[C@H](Cc2ccccc2)NC(=O)[C@@H]2CCCN2C(=O)[C@H]([C@@H](C)O)NC(=O)[C@H]([C@@H](C)O)NC(=O)[C@H]([C@@H](C)O)NC(=O)[C@H](C)NC(=O)[C@H](Cc2ccccc2)NC(=O)[C@H]([C@@H](C)O)NC(=O)[C@H](C(C)C)NC(=O)[C@@H](Cc2ccc(O)cc2)NC(=O)CSC[C@@H](C(=O)NCC(N)=O)NC(=O)[C@@H]2CCCN2C(=O)[C@@H]2CCCN2C1=O,5.0,10000.0,1,CHEMBL6142315,Replicase polyprotein 1ab
CC(C)C[C@@H]1NC(=O)[C@H](Cc2ccccc2)NC(=O)[C@@H]2CCCN2C(=O)[C@H]([C@@H](C)O)NC(=O)[C@H]([C@@H](C)O)NC(=O)[C@H]([C@@H](C)O)NC(=O)[C@H](Cc2c[nH]cn2)NC(=O)[C@H](C)NC(=O)[C@H]([C@@H](C)O)NC(=O)[C@H](C(C)C)NC(=O)[C@@H](Cc2ccc(O)cc2)NC(=O)CSC[C@@H](C(=O)NCC(N)=O)NC(=O)[C@@H]2CCCN2C(=O)[C@@H]2CCCN2C1=O,5.0,10000.0,1,CHEMBL6146599,Replicase polyprotein 1ab
CC(C)C[C@@H]1NC(=O)[C@H](Cc2ccccc2)NC(=O)[C@@H]2CCCN2C(=O)[C@H]([C@@H](C)O)NC(=O)[C@H]([C@@H](C)O)NC(=O)[C@H]([C@@H](C)O)NC(=O)[C@H](Cc2c[nH]cn2)NC(=O)[C@H](Cc2cccc(F)c2)NC(=O)[C@H]([C@@H](C)O)NC(=O)[C@H](C(C)C)NC(=O)[C@@H](Cc2ccc(O)cc2)NC(=O)CSC[C@@H](C(=O)NCC(N)=O)NC(=O)[C@@H]2CCCN2C(=O)[C@@H]2CCCN2C1=O,6.6020599913279625,250.0,1,CHEMBL6159892,Replicase polyprotein 1ab
CC(C)C[C@@H]1NC(=O)[C@H](Cc2ccccc2)NC(=O)[C@@H]2CCCN2C(=O)[C@H]([C@@H](C)O)NC(=O)[C@H]([C@@H](C)O)NC(=O)[C@H]([C@@H](C)O)NC(=O)[C@H](Cc2c[nH]cn2)NC(=O)[C@H](Cc2ccccc2)NC(=O)[C@H](C)NC(=O)[C@H](C(C)C)NC(=O)[C@@H](Cc2ccc(O)cc2)NC(=O)CSC[C@@H](C(=O)NCC(N)=O)NC(=O)[C@@H]2CCCN2C(=O)[C@@H]2CCCN2C1=O,5.782516055786093,1650.0,1,CHEMBL6103523,Replicase polyprotein 1ab
CC(C)C[C@@H]1NC(=O)[C@H](Cc2ccccc2)NC(=O)[C@@H]2CCCN2C(=O)[C@H]([C@@H](C)O)NC(=O)[C@H]([C@@H](C)O)NC(=O)[C@H]([C@@H](C)O)NC(=O)[C@H](Cc2c[nH]cn2)NC(=O)[C@H](Cc2ccccc2)NC(=O)[C@H]([C@@H](C)O)NC(=O)[C@H](C(C)C)NC(=O)[C@@H](Cc2ccc(O)cc2)NC(=O)CC[C@@H](C(=O)NCC(N)=O)NC(=O)[C@@H]2CCCN2C(=O)[C@@H]2CCCN2C1=O,6.823908740944319,150.0,1,CHEMBL6091834,Replicase polyprotein 1ab
CC(C)C[C@@H]1NC(=O)[C@H](Cc2ccccc2)NC(=O)[C@@H]2CCCN2C(=O)[C@H]([C@@H](C)O)NC(=O)[C@H]([C@@H](C)O)NC(=O)[C@H]([C@@H](C)O)NC(=O)[C@H](Cc2c[nH]cn2)NC(=O)[C@H](Cc2ccccc2)NC(=O)[C@H]([C@@H](C)O)NC(=O)[C@H](C(C)C)NC(=O)[C@@H](Cc2ccc(O)cc2)NC(=O)CSC[C@@H](C(=O)NCC(N)=O)NC(=O)[C@@H]2CCCN2C(=O)[C@@H]2CCCN2C1=O,6.522878745280337,300.0,1,CHEMBL6143389,Replicase polyprotein 1ab
CC(C)C[C@@H]1NC(=O)[C@H](Cc2ccccc2)NC(=O)[C@@H]2CCCN2C(=O)[C@H]([C@@H](C)O)NC(=O)[C@H]([C@@H](C)O)NC(=O)[C@H]([C@@H](C)O)NC(=O)[C@H](Cc2c[nH]cn2)NC(=O)[C@H](Cc2ccccc2)NC(=O)[C@H]([C@@H](C)O)NC(=O)[C@H](C(C)C)NC(=O)[C@@H](Cc2ccc(O)cc2)NC(=O)CSC[C@@H](C(=O)NCC(N)=O)NC(=O)[C@@H]2CCCN2C(=O)[C@H](C)NC1=O,6.214670164989233,610.0,1,CHEMBL6142616,Replicase polyprotein 1ab
CC(C)C[C@@H]1NC(=O)[C@H](Cc2ccccc2)NC(=O)[C@@H]2CCCN2C(=O)[C@H]([C@@H](C)O)NC(=O)[C@H]([C@@H](C)O)NC(=O)[C@H]([C@@H](C)O)NC(=O)[C@H](Cc2c[nH]cn2)NC(=O)[C@H](Cc2ccccc2)NC(=O)[C@H]([C@@H](C)O)NC(=O)[C@H](C(C)C)NC(=O)[C@@H](Cc2ccc(O)cc2)NC(=O)CSC[C@@H](C(=O)NCC(N)=O)NC(=O)[C@H](C)NC(=O)[C@@H]2CCCN2C1=O,5.714442690992226,1930.0,1,CHEMBL6144059,Replicase polyprotein 1ab
CC(C)C[C@@H]1NC(=O)[C@H](Cc2ccccc2)NC(=O)[C@@H]2CCCN2C(=O)[C@H]([C@@H](C)O)NC(=O)[C@H]([C@@H](C)O)NC(=O)[C@H]([C@@H](C)O)NC(=O)[C@H](Cc2c[nH]cn2)NC(=O)[C@H](Cc2ccccc2)NC(=O)[C@H]([C@@H](C)O)NC(=O)[C@H](C)NC(=O)[C@@H](Cc2ccc(O)cc2)NC(=O)CSC[C@@H](C(=O)NCC(N)=O)NC(=O)[C@@H]2CCCN2C(=O)[C@@H]2CCCN2C1=O,5.0,10000.0,1,CHEMBL6149207,Replicase polyprotein 1ab
CC(C)C[C@@H]1NC(=O)[C@H](Cc2ccccc2)NC(=O)[C@H](C)NC(=O)[C@H]([C@@H](C)O)NC(=O)[C@H]([C@@H](C)O)NC(=O)[C@H]([C@@H](C)O)NC(=O)[C@H](Cc2c[nH]cn2)NC(=O)[C@H](Cc2ccccc2)NC(=O)[C@H]([C@@H](C)O)NC(=O)[C@H](C(C)C)NC(=O)[C@@H](Cc2ccc(O)cc2)NC(=O)CSC[C@@H](C(=O)NCC(N)=O)NC(=O)[C@@H]2CCCN2C(=O)[C@@H]2CCCN2C1=O,6.4089353929735005,390.0,1,CHEMBL6149893,Replicase polyprotein 1ab
CC(C)C[C@@H]1NC(=O)[C@H](NC(=O)N[C@@H](Cc2ccccc2)C(=O)O)CCCCNC(=O)[C@H](Cc2ccccc2)NC(=O)[C@H](Cc2c[nH]c3cc(Cl)c(O)cc23)N(C)C(=O)[C@H](CC(C)C)NC1=O,5.958607314841775,1100.0,1,CHEMBL5414337,Replicase polyprotein 1ab
CC(C)C[C@@H]1NC(=O)[C@H](NC(=O)N[C@@H](Cc2ccccc2)C(=O)O)CCCCNC(=O)[C@H](Cc2ccccc2)NC(=O)[C@H](Cc2c[nH]c3cc(Cl)ccc23)N(C)C(=O)[C@H](CC(C)C)NC1=O,5.337242168318426,4600.0,1,CHEMBL5430373,Replicase polyprotein 1ab
CC(C)C[C@H](CNC(=O)c1cc2ccccc2[nH]1)CNC(=O)n1cc(F)c(=O)[nH]c1=O,5.356547323513812,4400.0,1,CHEMBL5632482,Replicase polyprotein 1ab
CC(C)C[C@H](NC(=O)/C=C/c1ccc(Br)cc1)C(=O)N[C@H](C=O)Cc1ccccc1,5.0,10000.0,1,CHEMBL6144154,Replicase polyprotein 1ab
CC(C)C[C@H](NC(=O)/C=C/c1ccc(C(F)(F)F)cc1)C(=O)N[C@H](C=O)Cc1ccccc1,5.0,10000.0,1,CHEMBL6170675,Replicase polyprotein 1ab
CC(C)C[C@H](NC(=O)/C=C/c1ccc(Cl)cc1)C(=O)N[C@H](C=O)Cc1ccccc1,5.0,10000.0,1,CHEMBL6164929,Replicase polyprotein 1ab
CC(C)C[C@H](NC(=O)/C=C/c1ccc(F)cc1)C(=O)N[C@H](C=O)Cc1ccccc1,5.0,10000.0,1,CHEMBL6159876,Replicase polyprotein 1ab
CC(C)C[C@H](NC(=O)/C=C/c1cccc(Cl)c1)C(=O)N[C@H](C=O)Cc1ccccc1,5.0,10000.0,1,CHEMBL6147369,Replicase polyprotein 1ab
CC(C)C[C@H](NC(=O)/C=C/c1cccc(F)c1)C(=O)N[C@H](C=O)Cc1ccccc1,5.0,10000.0,1,CHEMBL6169413,Replicase polyprotein 1ab
CC(C)C[C@H](NC(=O)/C=C/c1ccccc1)C(=O)N[C@@H](C=O)Cc1ccccc1,5.0,10000.0,1,CHEMBL6168364,Replicase polyprotein 1ab
CC(C)C[C@H](NC(=O)/C=C/c1ccccc1)C(=O)N[C@@H](Cc1ccccc1)C(=O)CCl,5.0,10000.0,1,CHEMBL6168897,Replicase polyprotein 1ab
CC(C)C[C@H](NC(=O)/C=C/c1ccccc1)C(=O)N[C@@H](Cc1ccccc1)C(N)=O,5.0,10000.0,1,CHEMBL6167168,Replicase polyprotein 1ab
CC(C)C[C@H](NC(=O)/C=C/c1ccccc1)C(=O)N[C@H](C=O)C(C)C,5.0,10000.0,1,CHEMBL6166665,Replicase polyprotein 1ab
CC(C)C[C@H](NC(=O)/C=C/c1ccccc1)C(=O)N[C@H](C=O)CC1CCCCC1,5.0,10000.0,1,CHEMBL6163961,Replicase polyprotein 1ab
CC(C)C[C@H](NC(=O)/C=C/c1ccccc1)C(=O)N[C@H](C=O)CCc1ccccc1,5.0,10000.0,1,CHEMBL6151194,Replicase polyprotein 1ab
CC(C)C[C@H](NC(=O)/C=C/c1ccccc1)C(=O)N[C@H](C=O)C[C@@H]1CCCNC1=O,6.494172494637611,320.5,2,CHEMBL3885329,Replicase polyprotein 1ab
CC(C)C[C@H](NC(=O)/C=C/c1ccccc1)C(=O)N[C@H](C=O)C[C@@H]1CCNC1=O,6.429463336866263,372.0,2,CHEMBL5195478,Replicase polyprotein 1ab
CC(C)C[C@H](NC(=O)/C=C/c1ccccc1)C(=O)N[C@H](C=O)Cc1ccc(C(F)(F)F)cc1,5.0,10000.0,1,CHEMBL6171633,Replicase polyprotein 1ab
CC(C)C[C@H](NC(=O)/C=C/c1ccccc1)C(=O)N[C@H](C=O)Cc1ccc(F)cc1,5.0,10000.0,1,CHEMBL6174406,Replicase polyprotein 1ab
CC(C)C[C@H](NC(=O)/C=C/c1ccccc1)C(=O)N[C@H](C=O)Cc1ccc([N+](=O)[O-])cc1,5.0,10000.0,1,CHEMBL6165478,Replicase polyprotein 1ab
CC(C)C[C@H](NC(=O)/C=C/c1ccccc1)C(=O)N[C@H](C=O)Cc1cccc(F)c1,5.0,10000.0,1,CHEMBL6165629,Replicase polyprotein 1ab
CC(C)C[C@H](NC(=O)/C=C/c1ccccc1)C(=O)N[C@H](C=O)Cc1ccccc1,5.0,10000.0,1,CHEMBL6173867,Replicase polyprotein 1ab
CC(C)C[C@H](NC(=O)/C=C/c1ccccc1)C(=O)N[C@H](C=O)Cc1ccccc1Br,5.0,10000.0,1,CHEMBL6165521,Replicase polyprotein 1ab
CC(C)C[C@H](NC(=O)/C=C/c1ccccc1)C(=O)N[C@H](C=O)Cc1ccccc1Cl,5.0,10000.0,1,CHEMBL6174559,Replicase polyprotein 1ab
CC(C)C[C@H](NC(=O)/C=C/c1ccccc1)C(=O)N[C@H](C=O)Cc1ccccc1F,5.0,10000.0,1,CHEMBL6148129,Replicase polyprotein 1ab
CC(C)C[C@H](NC(=O)/C=C/c1ccccc1Cl)C(=O)N[C@H](C=O)Cc1ccccc1,5.0,10000.0,1,CHEMBL6167093,Replicase polyprotein 1ab
CC(C)C[C@H](NC(=O)/C=C/c1ccccc1F)C(=O)N[C@H](C=O)Cc1ccccc1,5.0,10000.0,1,CHEMBL6147830,Replicase polyprotein 1ab
CC(C)C[C@H](NC(=O)C(=O)NC12CC(F)(C1)C2)C(=O)N[C@@H](C[C@@H]1CCNC1=O)C(=O)COC(F)(F)F,7.4723700991286615,33.7,1,CHEMBL5430747,Replicase polyprotein 1ab
CC(C)C[C@H](NC(=O)C(=O)NCC(F)(F)F)C(=O)N[C@@H](C[C@@H]1CCNC1=O)C(=O)COC(F)(F)F,7.462180904926726,34.5,1,CHEMBL5416435,Replicase polyprotein 1ab
CC(C)C[C@H](NC(=O)C(=O)Nc1ccccc1F)C(=O)N[C@@H](C[C@@H]1CCNC1=O)C(=O)CO,6.795880017344075,160.0,1,CHEMBL5423024,Replicase polyprotein 1ab
CC(C)C[C@H](NC(=O)C(=O)Nc1ccccc1F)C(=O)N[C@@H](C[C@@H]1CCNC1=O)C(=O)COC(F)(F)F,7.117475462045119,76.3,1,CHEMBL5436463,Replicase polyprotein 1ab
CC(C)C[C@H](NC(=O)C(=O)Nc1ccccc1F)C(=O)N[C@@H](C[C@@H]1CCNC1=O)C(=O)COc1c(F)c(F)cc(F)c1F,7.8297382846050425,14.8,1,CHEMBL5427572,Replicase polyprotein 1ab
CC(C)C[C@H](NC(=O)C1CCC(F)(F)CC1)C(=O)N[C@H](C=O)Cc1ccccc1,5.0,10000.0,1,CHEMBL6150370,Replicase polyprotein 1ab
CC(C)C[C@H](NC(=O)C1CCCCC1)C(=O)N[C@H](C=O)Cc1ccccc1,5.0,10000.0,1,CHEMBL6162564,Replicase polyprotein 1ab
CC(C)C[C@H](NC(=O)C1CCOCC1)C(=O)N[C@H](C=O)Cc1ccccc1,5.0,10000.0,1,CHEMBL6174827,Replicase polyprotein 1ab
CC(C)C[C@H](NC(=O)CCc1ccccc1)C(=O)N[C@H](C=O)Cc1ccccc1,5.0,10000.0,1,CHEMBL6172426,Replicase polyprotein 1ab
CC(C)C[C@H](NC(=O)CCl)C(=O)N[C@@H](Cc1c[nH]c2ccccc12)C(=O)NCc1ccccc1,5.551168510045487,2810.81,1,CHEMBL5574506,Replicase polyprotein 1ab
CC(C)C[C@H](NC(=O)CCl)C(=O)N[C@@H](Cc1ccccc1)C(=O)N[C@@H](Cc1c[nH]c2ccccc12)C(=O)NCc1ccccc1,4.522878745280337,30000.0,1,CHEMBL5564969,Replicase polyprotein 1ab
CC(C)C[C@H](NC(=O)CCl)C(=O)N[C@H](Cc1c[nH]c2ccccc12)C(=O)NCc1ccccc1,4.83533373241024,14610.54,1,CHEMBL5572122,Replicase polyprotein 1ab
CC(C)C[C@H](NC(=O)Cc1c[nH]c2ccccc12)C(=O)N[C@H](C=O)Cc1ccccc1,5.0,10000.0,1,CHEMBL6167372,Replicase polyprotein 1ab
CC(C)C[C@H](NC(=O)Cc1ccccc1)C(=O)N[C@H](C=O)Cc1ccccc1,5.0,10000.0,1,CHEMBL6151402,Replicase polyprotein 1ab
CC(C)C[C@H](NC(=O)NCc1ccccc1)C(=O)N1C[C@]2(C[C@H]1C#N)C(=O)Nc1ccccc12,7.0,100.0,1,CHEMBL6011212,Replicase polyprotein 1ab
CC(C)C[C@H](NC(=O)OC(C)(C)C)C(=O)N[C@H](C=O)Cc1ccccc1,5.0,10000.0,1,CHEMBL6149908,Replicase polyprotein 1ab
CC(C)C[C@H](NC(=O)OC(C)(C)c1cccc(Cl)c1)C(=O)N1C[C@]2(C[C@H]1C#N)C(=O)Nc1ccccc12,6.259637310505756,550.0,2,CHEMBL5809218,Replicase polyprotein 1ab
CC(C)C[C@H](NC(=O)OC1(C)CN(C(=O)OC(C)(C)C)C1)C(=O)N[C@@H](C[C@H]1CCNC1=O)C(=O)C(O)S(=O)(=O)[O-].[Na+],5.6020599913279625,2500.0,1,CHEMBL5205491,Replicase polyprotein 1ab
CC(C)C[C@H](NC(=O)OC1(C)CN(C(=O)OC(C)(C)C)C1)C(=O)N[C@H](C=O)C[C@H]1CCNC1=O,5.437707135543525,3650.0,1,CHEMBL5207499,Replicase polyprotein 1ab
CC(C)C[C@H](NC(=O)OC1(c2ccccc2)CC1)C(=O)N1C[C@]2(C[C@H]1C#N)C(=O)Nc1ccccc12,7.0,100.0,1,CHEMBL5748094,Replicase polyprotein 1ab
CC(C)C[C@H](NC(=O)OC1CC2(C1)CN(C(=O)C(C)C)C2)C(=O)N[C@@H](C[C@H]1CCNC1=O)C(=O)C(O)S(=O)(=O)[O-].[Na+],6.187086643357144,650.0,1,CHEMBL5180071,Replicase polyprotein 1ab
CC(C)C[C@H](NC(=O)OC1CC2(C1)CN(C(=O)C(C)C)C2)C(=O)N[C@H](C=O)C[C@H]1CCNC1=O,5.939302159646388,1150.0,1,CHEMBL5185303,Replicase polyprotein 1ab
CC(C)C[C@H](NC(=O)OC1CC2(C1)CN(C(=O)Cc1ccccc1)C2)C(=O)N[C@@H](C[C@H]1CCNC1=O)C(=O)C(O)S(=O)(=O)[O-].[Na+],6.585026652029182,260.0,1,CHEMBL5209543,Replicase polyprotein 1ab
CC(C)C[C@H](NC(=O)OC1CC2(C1)CN(C(=O)Cc1ccccc1)C2)C(=O)N[C@H](C=O)C[C@H]1CCNC1=O,6.585026652029182,260.0,1,CHEMBL5172622,Replicase polyprotein 1ab
CC(C)C[C@H](NC(=O)OC1CC2(C1)CN(C(=O)OC(C)(C)C)C2)C(=O)N[C@@H](C[C@H]1CCNC1=O)C(=O)C(O)S(=O)(=O)[O-].[Na+],6.070581074285707,850.0,1,CHEMBL5177226,Replicase polyprotein 1ab
CC(C)C[C@H](NC(=O)OC1CC2(C1)CN(C(=O)OC(C)(C)C)C2)C(=O)N[C@H](C=O)C[C@H]1CCNC1=O,5.481486060122113,3300.0,1,CHEMBL5205703,Replicase polyprotein 1ab
CC(C)C[C@H](NC(=O)OC1CC2(C1)CN(S(C)(=O)=O)C2)C(=O)N[C@@H](C[C@H]1CCNC1=O)C(=O)C(O)S(=O)(=O)[O-].[Na+],6.119186407719209,760.0,1,CHEMBL5188783,Replicase polyprotein 1ab
CC(C)C[C@H](NC(=O)OC1CC2(C1)CN(S(C)(=O)=O)C2)C(=O)N[C@H](C=O)C[C@H]1CCNC1=O,6.167491087293763,680.0,1,CHEMBL5198062,Replicase polyprotein 1ab
CC(C)C[C@H](NC(=O)OC1CC2(CCN(C#N)CC2)C1)C(=O)N[C@@H](C[C@H]1CCNC1=O)C(=O)C(O)S(=O)(=O)[O-].[Na+],6.4089353929735005,390.0,1,CHEMBL5170187,Replicase polyprotein 1ab
CC(C)C[C@H](NC(=O)OC1CC2(CCN(C#N)CC2)C1)C(=O)N[C@H](C=O)C[C@H]1CCNC1=O,6.494850021680094,320.0,1,CHEMBL5209179,Replicase polyprotein 1ab
CC(C)C[C@H](NC(=O)OC1CC2(CCN(C(=O)C(C)C)CC2)C1)C(=O)N[C@@H](C[C@H]1CCNC1=O)C(=O)C(O)S(=O)(=O)[O-].[Na+],6.3872161432802645,410.0,1,CHEMBL5171293,Replicase polyprotein 1ab
CC(C)C[C@H](NC(=O)OC1CC2(CCN(C(=O)C(C)C)CC2)C1)C(=O)N[C@H](C=O)C[C@H]1CCNC1=O,6.42021640338319,380.0,1,CHEMBL5172047,Replicase polyprotein 1ab
CC(C)C[C@H](NC(=O)OC1CC2(CCN(C(=O)Cc3ccccc3)CC2)C1)C(=O)N[C@@H](C[C@H]1CCNC1=O)C(=O)C(O)S(=O)(=O)[O-].[Na+],6.5376020021010435,290.0,1,CHEMBL5197848,Replicase polyprotein 1ab
CC(C)C[C@H](NC(=O)OC1CC2(CCN(C(=O)Cc3ccccc3)CC2)C1)C(=O)N[C@H](C=O)C[C@H]1CCNC1=O,6.455931955649724,350.0,1,CHEMBL5182182,Replicase polyprotein 1ab
CC(C)C[C@H](NC(=O)OC1CC2(CCN(C(=O)OC(C)(C)C)C2)C1)C(=O)N[C@@H](C[C@H]1CCNC1=O)C(=O)C(O)S(=O)(=O)[O-].[Na+],6.1249387366083,750.0,1,CHEMBL5179631,Replicase polyprotein 1ab
CC(C)C[C@H](NC(=O)OC1CC2(CCN(C(=O)OC(C)(C)C)C2)C1)C(=O)N[C@H](C=O)C[C@H]1CCNC1=O,6.346787486224656,450.0,1,CHEMBL5199430,Replicase polyprotein 1ab
CC(C)C[C@H](NC(=O)OC1CC2(CCN(C(=O)OC(C)(C)C)CC2)C1)C(=O)N[C@@H](C[C@H]1CCNC1=O)C(=O)C(O)S(=O)(=O)[O-].[Na+],6.5376020021010435,290.0,1,CHEMBL5189699,Replicase polyprotein 1ab
CC(C)C[C@H](NC(=O)OC1CC2(CCN(C(=O)OC(C)(C)C)CC2)C1)C(=O)N[C@H](C=O)C[C@H]1CCNC1=O,6.443697499232712,360.0,1,CHEMBL5180417,Replicase polyprotein 1ab
CC(C)C[C@H](NC(=O)OC1CC2(CCN(S(C)(=O)=O)CC2)C1)C(=O)N[C@@H](C[C@H]1CCNC1=O)C(=O)C(O)S(=O)(=O)[O-].[Na+],6.619788758288394,240.0,1,CHEMBL5205014,Replicase polyprotein 1ab
CC(C)C[C@H](NC(=O)OC1CC2(CCN(S(C)(=O)=O)CC2)C1)C(=O)N[C@H](C=O)C[C@H]1CCNC1=O,6.619788758288394,240.0,1,CHEMBL5171724,Replicase polyprotein 1ab
CC(C)C[C@H](NC(=O)OC1CC2CCC(C1)N2C(=O)OC(C)(C)C)C(=O)N[C@@H](C[C@H]1CCNC1=O)C(O)S(=O)(=O)[O-].[Na+],5.767003889607846,1710.0,1,CHEMBL5220147,Replicase polyprotein 1ab
CC(C)C[C@H](NC(=O)OC1CC2CCC(C1)N2C(=O)OC(C)(C)C)C(=O)N[C@H](C=O)C[C@H]1CCNC1=O,5.721246399047171,1900.0,1,CHEMBL5220774,Replicase polyprotein 1ab
CC(C)C[C@H](NC(=O)OC1CC2CCC(C1)N2C(=O)OCc1ccccc1)C(=O)N[C@@H](C[C@H]1CCNC1=O)C(O)S(=O)(=O)[O-].[Na+],6.431798275933005,370.0,1,CHEMBL5219346,Replicase polyprotein 1ab
CC(C)C[C@H](NC(=O)OC1CC2CCC(C1)N2C(=O)OCc1ccccc1)C(=O)N[C@H](C=O)C[C@H]1CCNC1=O,6.4089353929735005,390.0,1,CHEMBL5220933,Replicase polyprotein 1ab
CC(C)C[C@H](NC(=O)OC1CCC(F)(F)CC1)C(=O)N[C@@H](C[C@@H]1CCNC1=O)C(O)S(=O)(=O)O,6.3872161432802645,410.0,1,CHEMBL5271624,Replicase polyprotein 1ab
CC(C)C[C@H](NC(=O)OC1CCC2(C1)CN(C(=O)OC(C)(C)C)C2)C(=O)N[C@@H](C[C@H]1CCNC1=O)C(=O)C(O)S(=O)(=O)[O-].[Na+],5.920818753952375,1200.0,1,CHEMBL5190060,Replicase polyprotein 1ab
CC(C)C[C@H](NC(=O)OC1CCC2(C1)CN(C(=O)OC(C)(C)C)C2)C(=O)N[C@H](C=O)C[C@H]1CCNC1=O,5.903089986991944,1250.0,1,CHEMBL5178643,Replicase polyprotein 1ab
CC(C)C[C@H](NC(=O)OC1CCCCC1)C(=O)N[C@@H](C[C@@H]1CCNC1=O)C(O)S(=O)(=O)O,6.187086643357144,650.0,1,CHEMBL5289335,Replicase polyprotein 1ab
CC(C)C[C@H](NC(=O)OC1CN(C(=O)OC(C)(C)C)C1)C(=O)N[C@@H](C[C@H]1CCNC1=O)C(=O)C(O)S(=O)(=O)[O-].[Na+],5.515700160653214,3050.0,1,CHEMBL5208016,Replicase polyprotein 1ab
CC(C)C[C@H](NC(=O)OC1CN(C(=O)OC(C)(C)C)C1)C(=O)N[C@H](C=O)C[C@H]1CCNC1=O,5.6020599913279625,2500.0,1,CHEMBL5175369,Replicase polyprotein 1ab
CC(C)C[C@H](NC(=O)OCC(C)(C)Oc1ccc(Cl)cc1)C(=O)N[C@@H](C[C@@H]1CCNC1=O)C(O)S(=O)(=O)[O-].[Na+],6.468521082957745,340.0,1,CHEMBL5434471,Replicase polyprotein 1ab
CC(C)C[C@H](NC(=O)OCC(C)(C)Oc1ccc(Cl)cc1)C(=O)N[C@H](C=O)C[C@@H]1CCNC1=O,6.337242168318426,460.0,1,CHEMBL5413385,Replicase polyprotein 1ab
CC(C)C[C@H](NC(=O)OCC(C)(C)Oc1ccc(F)cc1)C(=O)N[C@@H](C[C@@H]1CCNC1=O)C(O)S(=O)(=O)[O-].[Na+],6.638272163982407,230.0,1,CHEMBL5399690,Replicase polyprotein 1ab
CC(C)C[C@H](NC(=O)OCC(C)(C)Oc1ccc(F)cc1)C(=O)N[C@H](C=O)C[C@@H]1CCNC1=O,6.657577319177793,220.0,1,CHEMBL5396481,Replicase polyprotein 1ab
CC(C)C[C@H](NC(=O)OCC(C)(C)Oc1cccc(Cl)c1)C(=O)N[C@@H](C[C@@H]1CCNC1=O)C(O)S(=O)(=O)[O-].[Na+],6.6777807052660805,210.0,1,CHEMBL5422084,Replicase polyprotein 1ab
CC(C)C[C@H](NC(=O)OCC(C)(C)Oc1cccc(Cl)c1)C(=O)N[C@H](C=O)C[C@@H]1CCNC1=O,6.721246399047171,190.0,1,CHEMBL5414071,Replicase polyprotein 1ab
CC(C)C[C@H](NC(=O)OCC(C)(C)Oc1cccc(F)c1)C(=O)N[C@@H](C[C@@H]1CCNC1=O)C(O)S(=O)(=O)[O-].[Na+],6.920818753952375,120.0,1,CHEMBL5421178,Replicase polyprotein 1ab
CC(C)C[C@H](NC(=O)OCC(C)(C)Oc1cccc(F)c1)C(=O)N[C@H](C=O)C[C@@H]1CCNC1=O,6.698970004336019,200.0,1,CHEMBL5420595,Replicase polyprotein 1ab
CC(C)C[C@H](NC(=O)OCC(C)(C)Oc1ccccc1)C(=O)N[C@@H](C[C@@H]1CCNC1=O)C(O)S(=O)(=O)[O-].[Na+],6.619788758288394,240.0,1,CHEMBL5414988,Replicase polyprotein 1ab
CC(C)C[C@H](NC(=O)OCC(C)(C)Oc1ccccc1)C(=O)N[C@H](C=O)C[C@@H]1CCNC1=O,6.508638306165727,310.0,1,CHEMBL5428994,Replicase polyprotein 1ab
CC(C)C[C@H](NC(=O)OCC(C)(C)S(=O)(=O)c1ccccc1)C(=O)N[C@@H](C[C@@H]1CCNC1=O)C(O)S(=O)(=O)[O-].[Na+],6.698970004336019,200.0,1,CHEMBL5439320,Replicase polyprotein 1ab
CC(C)C[C@H](NC(=O)OCC(C)(C)S(=O)(=O)c1ccccc1)C(=O)N[C@H](C=O)C[C@@H]1CCNC1=O,6.721246399047171,190.0,1,CHEMBL5426613,Replicase polyprotein 1ab
CC(C)C[C@H](NC(=O)OCC(C)(C)Sc1ccc(F)cc1)C(=O)N[C@@H](C[C@@H]1CCNC1=O)C(O)S(=O)(=O)[O-].[Na+],6.568636235841013,270.0,1,CHEMBL5436494,Replicase polyprotein 1ab
CC(C)C[C@H](NC(=O)OCC(C)(C)Sc1ccc(F)cc1)C(=O)N[C@H](C=O)C[C@@H]1CCNC1=O,6.769551078621726,170.0,1,CHEMBL5393926,Replicase polyprotein 1ab
CC(C)C[C@H](NC(=O)OCC(C)(C)Sc1cccc(Cl)c1)C(=O)N[C@@H](C[C@@H]1CCNC1=O)C(O)S(=O)(=O)[O-].[Na+],6.769551078621726,170.0,1,CHEMBL5405150,Replicase polyprotein 1ab
CC(C)C[C@H](NC(=O)OCC(C)(C)Sc1cccc(Cl)c1)C(=O)N[C@H](C=O)C[C@@H]1CCNC1=O,6.823908740944319,150.0,1,CHEMBL5405557,Replicase polyprotein 1ab
CC(C)C[C@H](NC(=O)OCC(C)(C)Sc1cccc(F)c1)C(=O)N[C@@H](C[C@@H]1CCNC1=O)C(O)S(=O)(=O)[O-].[Na+],6.886056647693163,130.0,1,CHEMBL5426354,Replicase polyprotein 1ab
CC(C)C[C@H](NC(=O)OCC(C)(C)Sc1cccc(F)c1)C(=O)N[C@H](C=O)C[C@@H]1CCNC1=O,6.853871964321762,140.0,1,CHEMBL5408912,Replicase polyprotein 1ab
CC(C)C[C@H](NC(=O)OCC(C)(C)Sc1ccccc1)C(=O)N[C@@H](C[C@@H]1CCNC1=O)C(=O)C(=O)NC1CC1,6.6777807052660805,210.0,1,CHEMBL5433524,Replicase polyprotein 1ab
CC(C)C[C@H](NC(=O)OCC(C)(C)Sc1ccccc1)C(=O)N[C@@H](C[C@@H]1CCNC1=O)C(O)(C(=O)NC1CC1)S(=O)(=O)[O-].[Na+],6.346787486224656,450.0,1,CHEMBL5406733,Replicase polyprotein 1ab
CC(C)C[C@H](NC(=O)OCC(C)(C)Sc1ccccc1)C(=O)N[C@@H](C[C@@H]1CCNC1=O)C(O)S(=O)(=O)[O-].[Na+],7.045757490560675,90.0,1,CHEMBL5419959,Replicase polyprotein 1ab
CC(C)C[C@H](NC(=O)OCC(C)(C)Sc1ccccc1)C(=O)N[C@H](C#N)C[C@@H]1CCNC1=O,6.309803919971486,490.0,1,CHEMBL5405589,Replicase polyprotein 1ab
CC(C)C[C@H](NC(=O)OCC(C)(C)Sc1ccccc1)C(=O)N[C@H](C=O)C[C@@H]1CCNC1=O,7.154901959985743,70.0,1,CHEMBL5426970,Replicase polyprotein 1ab
CC(C)C[C@H](NC(=O)OCC(C)(C)Sc1nc2ccccc2[nH]1)C(=O)N[C@@H](C[C@@H]1CCNC1=O)C(O)S(=O)(=O)[O-].[Na+],6.508638306165727,310.0,1,CHEMBL5424499,Replicase polyprotein 1ab
CC(C)C[C@H](NC(=O)OCC(C)(C)Sc1nc2ccccc2[nH]1)C(=O)N[C@H](C=O)C[C@@H]1CCNC1=O,6.522878745280337,300.0,1,CHEMBL5402239,Replicase polyprotein 1ab
CC(C)C[C@H](NC(=O)OCC(C)(C)[S+]([O-])c1ccccc1)C(=O)N[C@@H](C[C@@H]1CCNC1=O)C(O)S(=O)(=O)[O-].[Na+],6.455931955649724,350.0,1,CHEMBL5433293,Replicase polyprotein 1ab
CC(C)C[C@H](NC(=O)OCC(C)(C)[S+]([O-])c1ccccc1)C(=O)N[C@H](C=O)C[C@@H]1CCNC1=O,6.481486060122113,330.0,1,CHEMBL5415120,Replicase polyprotein 1ab
CC(C)C[C@H](NC(=O)OCC(C)(O)c1cccc(Cl)c1)C(=O)N[C@@H](C[C@@H]1CCNC1=O)C(O)S(=O)(=O)O,6.494850021680094,320.0,1,CHEMBL5421269,Replicase polyprotein 1ab
CC(C)C[C@H](NC(=O)OCC(C)(O)c1cccc(Cl)c1)C(=O)N[C@H](C=O)C[C@@H]1CCNC1=O,6.5376020021010435,290.0,1,CHEMBL5438553,Replicase polyprotein 1ab
CC(C)C[C@H](NC(=O)OCC1(c2ccccc2)CC1)C(=O)N1C[C@]2(C[C@H]1C#N)C(=O)Nc1ccccc12,7.0,100.0,1,CHEMBL5909434,Replicase polyprotein 1ab
CC(C)C[C@H](NC(=O)OCC12CC3CC(CC(C3)C1)C2)C(=O)N[C@@H](C[C@H]1CCNC1=O)C(O)S(=O)(=O)[O-].[Na+],6.823908740944319,150.0,1,CHEMBL5220123,Replicase polyprotein 1ab
CC(C)C[C@H](NC(=O)OCC12CC3CC(CC(C3)C1)C2)C(=O)N[C@H](C=O)C[C@H]1CCNC1=O,6.7447274948966935,180.0,1,CHEMBL5218716,Replicase polyprotein 1ab
CC(C)C[C@H](NC(=O)OCC12CC3CC(CC(O)(C3)C1)C2)C(=O)N[C@@H](C[C@H]1CCNC1=O)C(O)S(=O)(=O)[O-].[Na+],5.987162775294828,1030.0,1,CHEMBL5219749,Replicase polyprotein 1ab
CC(C)C[C@H](NC(=O)OCC12CC3CC(CC(O)(C3)C1)C2)C(=O)N[C@H](C=O)C[C@H]1CCNC1=O,6.086186147616283,820.0,1,CHEMBL5220377,Replicase polyprotein 1ab
CC(C)C[C@H](NC(=O)OCC1CC(=O)N(CC2CC3C=CC2C3)C1)C(=O)N[C@@H](C[C@@H]1CCNC1=O)C(O)S(=O)(=O)[O-].[Na+],6.721246399047171,190.0,1,CHEMBL5566167,Replicase polyprotein 1ab
CC(C)C[C@H](NC(=O)OCC1CC(=O)N(CC2CC3C=CC2C3)C1)C(=O)N[C@H](C=O)C[C@@H]1CCNC1=O,6.721246399047171,190.0,1,CHEMBL5561765,Replicase polyprotein 1ab
CC(C)C[C@H](NC(=O)OCC1CC(=O)N(CC2CC3CCC2C3)C1)C(=O)N[C@@H](C[C@@H]1CCNC1=O)C(O)S(=O)(=O)[O-].[Na+],6.769551078621726,170.0,1,CHEMBL5562345,Replicase polyprotein 1ab
CC(C)C[C@H](NC(=O)OCC1CC(=O)N(CC2CC3CCC2C3)C1)C(=O)N[C@H](C=O)C[C@@H]1CCNC1=O,6.795880017344075,160.0,1,CHEMBL5542649,Replicase polyprotein 1ab
CC(C)C[C@H](NC(=O)OCC1CC(=O)N(CC2CCCCC2)C1)C(=O)N[C@@H](C[C@@H]1CCNC1=O)C(O)S(=O)(=O)[O-].[Na+],6.431798275933005,370.0,1,CHEMBL5559277,Replicase polyprotein 1ab
CC(C)C[C@H](NC(=O)OCC1CC(=O)N(CC2CCCCC2)C1)C(=O)N[C@H](C=O)C[C@@H]1CCNC1=O,6.508638306165727,310.0,1,CHEMBL5561826,Replicase polyprotein 1ab
CC(C)C[C@H](NC(=O)OCC1CC(=O)N(Cc2cccc(C(F)(F)F)c2)C1)C(=O)N[C@@H](C[C@@H]1CCNC1=O)C(O)S(=O)(=O)[O-].[Na+],6.455931955649724,350.0,1,CHEMBL5563538,Replicase polyprotein 1ab
CC(C)C[C@H](NC(=O)OCC1CC(=O)N(Cc2cccc(C(F)(F)F)c2)C1)C(=O)N[C@H](C=O)C[C@@H]1CCNC1=O,6.3872161432802645,410.0,1,CHEMBL5560411,Replicase polyprotein 1ab
CC(C)C[C@H](NC(=O)OCC1CC(=O)N(Cc2ccccc2)C1)C(=O)N[C@@H](C[C@@H]1CCNC1=O)C(O)S(=O)(=O)[O-].[Na+],6.187086643357144,650.0,1,CHEMBL5562223,Replicase polyprotein 1ab
CC(C)C[C@H](NC(=O)OCC1CC(=O)N(Cc2ccccc2)C1)C(=O)N[C@H](C=O)C[C@@H]1CCNC1=O,6.142667503568732,720.0,1,CHEMBL5561115,Replicase polyprotein 1ab
CC(C)C[C@H](NC(=O)OCC1CC(=O)N(Cc2ccco2)C1)C(=O)N[C@@H](C[C@@H]1CCNC1=O)C(O)S(=O)(=O)[O-].[Na+],6.251811972993799,560.0,1,CHEMBL5560870,Replicase polyprotein 1ab
CC(C)C[C@H](NC(=O)OCC1CC(=O)N(Cc2ccco2)C1)C(=O)N[C@H](C=O)C[C@@H]1CCNC1=O,6.259637310505756,550.0,1,CHEMBL5564471,Replicase polyprotein 1ab
CC(C)C[C@H](NC(=O)OCC1CC2C=CC1C2)C(=O)N[C@@H](C[C@H]1CCNC1=O)C(O)S(=O)(=O)[O-].[Na+],6.552841968657781,280.0,1,CHEMBL5219523,Replicase polyprotein 1ab
CC(C)C[C@H](NC(=O)OCC1CC2C=CC1C2)C(=O)N[C@H](C=O)C[C@H]1CCNC1=O,6.585026652029182,260.0,1,CHEMBL5218940,Replicase polyprotein 1ab
CC(C)C[C@H](NC(=O)OCC1CC2C=CCC(C2)C1)C(=O)N[C@@H](C[C@H]1CCNC1=O)C(O)S(=O)(=O)[O-].[Na+],6.585026652029182,260.0,1,CHEMBL5220472,Replicase polyprotein 1ab
CC(C)C[C@H](NC(=O)OCC1CC2C=CCC(C2)C1)C(=O)N[C@H](C=O)C[C@H]1CCNC1=O,6.508638306165727,310.0,1,CHEMBL5219984,Replicase polyprotein 1ab
CC(C)C[C@H](NC(=O)OCC1CC2CCC1C2)C(=O)N[C@@H](C[C@H]1CCNC1=O)C(O)S(=O)(=O)[O-].[Na+],7.0,100.0,1,CHEMBL5218995,Replicase polyprotein 1ab
CC(C)C[C@H](NC(=O)OCC1CC2CCC1C2)C(=O)N[C@H](C=O)C[C@H]1CCNC1=O,6.853871964321762,140.0,1,CHEMBL5219370,Replicase polyprotein 1ab
CC(C)C[C@H](NC(=O)OCC1CC2CCCC(C2)C1)C(=O)N[C@@H](C[C@H]1CCNC1=O)C(O)S(=O)(=O)[O-].[Na+],6.769551078621726,170.0,1,CHEMBL5218876,Replicase polyprotein 1ab
CC(C)C[C@H](NC(=O)OCC1CC2CCCC(C2)C1)C(=O)N[C@H](C=O)C[C@H]1CCNC1=O,6.7447274948966935,180.0,1,CHEMBL5220835,Replicase polyprotein 1ab
CC(C)C[C@H](NC(=O)OCC1CCC(F)(F)CC1)C(=O)N[C@@H](C[C@@H]1CCNC1=O)C(O)S(=O)(=O)O,6.346787486224656,450.0,1,CHEMBL5095608,Replicase polyprotein 1ab
CC(C)C[C@H](NC(=O)OCC1CCC(F)(F)CC1)C(=O)N[C@@H](C[C@@H]1CCNC1=O)C(O)S(=O)(=O)[O-].[Na+],7.0,100.0,1,CHEMBL5085894,Replicase polyprotein 1ab
CC(C)C[C@H](NC(=O)OCC1CCC(F)(F)CC1)C(=O)N[C@H](C=O)C[C@H]1CCNC1=O,7.096910013008056,80.0,1,CHEMBL5175540,Replicase polyprotein 1ab
CC(C)C[C@H](NC(=O)OCC1CCN(CC2CCCCC2)C1=O)C(=O)N[C@@H](C[C@@H]1CCNC1=O)C(O)S(=O)(=O)[O-].[Na+],6.657577319177793,220.0,1,CHEMBL5561491,Replicase polyprotein 1ab
CC(C)C[C@H](NC(=O)OCC1CCN(CC2CCCCC2)C1=O)C(=O)N[C@H](C=O)C[C@@H]1CCNC1=O,6.638272163982407,230.0,1,CHEMBL5564187,Replicase polyprotein 1ab
CC(C)C[C@H](NC(=O)OCC1CCN(C[C@H]2C[C@H]3C=C[C@@H]2C3)C1=O)C(=O)N[C@@H](C[C@@H]1CCNC1=O)C(O)S(=O)(=O)[O-].[Na+],6.259637310505756,550.0,1,CHEMBL5561397,Replicase polyprotein 1ab
CC(C)C[C@H](NC(=O)OCC1CCN(C[C@H]2C[C@H]3C=C[C@@H]2C3)C1=O)C(=O)N[C@H](C=O)C[C@@H]1CCNC1=O,6.337242168318426,460.0,1,CHEMBL5561078,Replicase polyprotein 1ab
CC(C)C[C@H](NC(=O)OCC1CCN(C[C@H]2C[C@H]3CC[C@@H]2C3)C1=O)C(=O)N[C@@H](C[C@@H]1CCNC1=O)C(O)S(=O)(=O)[O-].[Na+],6.292429823902063,510.0,1,CHEMBL5565309,Replicase polyprotein 1ab
CC(C)C[C@H](NC(=O)OCC1CCN(C[C@H]2C[C@H]3CC[C@@H]2C3)C1=O)C(=O)N[C@H](C=O)C[C@@H]1CCNC1=O,6.366531544420414,430.0,1,CHEMBL5565464,Replicase polyprotein 1ab
CC(C)C[C@H](NC(=O)OCC1CCN(Cc2cccc(C(F)(F)F)c2)C1=O)C(=O)N[C@@H](C[C@@H]1CCNC1=O)C(O)S(=O)(=O)[O-].[Na+],6.055517327849832,880.0,1,CHEMBL5532307,Replicase polyprotein 1ab
CC(C)C[C@H](NC(=O)OCC1CCN(Cc2cccc(C(F)(F)F)c2)C1=O)C(=O)N[C@H](C=O)C[C@@H]1CCNC1=O,6.070581074285707,850.0,1,CHEMBL5561170,Replicase polyprotein 1ab
CC(C)C[C@H](NC(=O)OCC1CCN(Cc2ccccc2)C1=O)C(=O)N[C@@H](C[C@@H]1CCNC1=O)C(O)S(=O)(=O)[O-].[Na+],6.086186147616283,820.0,1,CHEMBL5564726,Replicase polyprotein 1ab
CC(C)C[C@H](NC(=O)OCC1CCN(Cc2ccccc2)C1=O)C(=O)N[C@H](C=O)C[C@@H]1CCNC1=O,6.102372908709558,790.0,1,CHEMBL5556867,Replicase polyprotein 1ab
CC(C)C[C@H](NC(=O)OCC1CCN(Cc2ccco2)C1=O)C(=O)N[C@@H](C[C@@H]1CCNC1=O)C(O)S(=O)(=O)[O-].[Na+],5.696803942579511,2010.0,1,CHEMBL5564927,Replicase polyprotein 1ab
CC(C)C[C@H](NC(=O)OCC1CCN(Cc2ccco2)C1=O)C(=O)N[C@H](C=O)C[C@@H]1CCNC1=O,5.707743928643524,1960.0,1,CHEMBL5555548,Replicase polyprotein 1ab
CC(C)C[C@H](NC(=O)OCC1CN(C(=O)C2CC3CCC2C3)C1)C(=O)N[C@@H](C[C@H]1CCNC1=O)C(=O)C(O)S(=O)(=O)[O-].[Na+],6.309803919971486,490.0,1,CHEMBL5175460,Replicase polyprotein 1ab
CC(C)C[C@H](NC(=O)OCC1CN(C(=O)C2CC3CCC2C3)C1)C(=O)N[C@H](C=O)C[C@H]1CCNC1=O,6.2839966563652006,520.0,1,CHEMBL5199753,Replicase polyprotein 1ab
CC(C)C[C@H](NC(=O)OCC1CN(C(=O)Cc2ccccc2)C1)C(=O)N[C@@H](C[C@H]1CCNC1=O)C(=O)C(O)S(=O)(=O)[O-].[Na+],6.119186407719209,760.0,1,CHEMBL5201279,Replicase polyprotein 1ab
CC(C)C[C@H](NC(=O)OCC1CN(C(=O)Cc2ccccc2)C1)C(=O)N[C@H](C=O)C[C@H]1CCNC1=O,6.080921907623926,830.0,1,CHEMBL5171649,Replicase polyprotein 1ab
CC(C)C[C@H](NC(=O)OCC1CN(C(=O)OC(C)(C)C)C1)C(=O)N[C@@H](C[C@H]1CCNC1=O)C(=O)C(O)S(=O)(=O)[O-].[Na+],6.301029995663981,500.0,1,CHEMBL5175792,Replicase polyprotein 1ab
CC(C)C[C@H](NC(=O)OCC1CN(C(=O)OC(C)(C)C)C1)C(=O)N[C@H](C=O)C[C@H]1CCNC1=O,6.3872161432802645,410.0,1,CHEMBL5174398,Replicase polyprotein 1ab
CC(C)C[C@H](NC(=O)OCC1CN(S(C)(=O)=O)C1)C(=O)N[C@@H](C[C@H]1CCNC1=O)C(=O)C(O)S(=O)(=O)[O-].[Na+],5.392544976785332,4050.0,1,CHEMBL5199371,Replicase polyprotein 1ab
CC(C)C[C@H](NC(=O)OCC1CN(S(C)(=O)=O)C1)C(=O)N[C@H](C=O)C[C@H]1CCNC1=O,5.305394801066432,4950.0,1,CHEMBL5169443,Replicase polyprotein 1ab
CC(C)C[C@H](NC(=O)OCCC12CC3CC(CC(C3)C1)C2)C(=O)N[C@@H](C[C@H]1CCNC1=O)C(O)S(=O)(=O)[O-].[Na+],6.6020599913279625,250.0,1,CHEMBL5220196,Replicase polyprotein 1ab
CC(C)C[C@H](NC(=O)OCCC12CC3CC(CC(C3)C1)C2)C(=O)N[C@H](C=O)C[C@H]1CCNC1=O,6.568636235841013,270.0,1,CHEMBL5220452,Replicase polyprotein 1ab
CC(C)C[C@H](NC(=O)OCCSc1ccccc1)C(=O)N[C@@H](C[C@@H]1CCNC1=O)C(O)S(=O)(=O)[O-].[Na+],6.508638306165727,310.0,1,CHEMBL5434476,Replicase polyprotein 1ab
CC(C)C[C@H](NC(=O)OCCSc1ccccc1)C(=O)N[C@H](C=O)C[C@@H]1CCNC1=O,6.494850021680094,320.0,1,CHEMBL5424235,Replicase polyprotein 1ab
CC(C)C[C@H](NC(=O)OC[C@@H]1CCC(=O)N1CC1CCC(F)(F)CC1)C(=O)N[C@@H](C[C@@H]1CCNC1=O)C(O)S(=O)(=O)[O-].[Na+],6.267606240177032,540.0,1,CHEMBL5563189,Replicase polyprotein 1ab
CC(C)C[C@H](NC(=O)OC[C@@H]1CCC(=O)N1CC1CCC(F)(F)CC1)C(=O)N[C@H](C=O)C[C@@H]1CCNC1=O,6.259637310505756,550.0,1,CHEMBL5563641,Replicase polyprotein 1ab
CC(C)C[C@H](NC(=O)OC[C@@H]1CCC(=O)N1CC1CCCCC1)C(=O)N[C@@H](C[C@@H]1CCNC1=O)C(O)S(=O)(=O)[O-].[Na+],6.552841968657781,280.0,1,CHEMBL5560988,Replicase polyprotein 1ab
CC(C)C[C@H](NC(=O)OC[C@@H]1CCC(=O)N1CC1CCCCC1)C(=O)N[C@H](C=O)C[C@@H]1CCNC1=O,6.6020599913279625,250.0,1,CHEMBL5564389,Replicase polyprotein 1ab
CC(C)C[C@H](NC(=O)OC[C@@H]1CCC(=O)N1CCC1CCCCC1)C(=O)N[C@@H](C[C@@H]1CCNC1=O)C(O)S(=O)(=O)[O-].[Na+],6.236572006437063,580.0,1,CHEMBL5559350,Replicase polyprotein 1ab
CC(C)C[C@H](NC(=O)OC[C@@H]1CCC(=O)N1CCC1CCCCC1)C(=O)N[C@H](C=O)C[C@@H]1CCNC1=O,6.301029995663981,500.0,1,CHEMBL5564645,Replicase polyprotein 1ab
CC(C)C[C@H](NC(=O)OC[C@@H]1CCC(=O)N1CCc1ccccc1)C(=O)N[C@@H](C[C@@H]1CCNC1=O)C(O)S(=O)(=O)[O-].[Na+],6.259637310505756,550.0,1,CHEMBL5556687,Replicase polyprotein 1ab
CC(C)C[C@H](NC(=O)OC[C@@H]1CCC(=O)N1CCc1ccccc1)C(=O)N[C@H](C=O)C[C@@H]1CCNC1=O,6.136677139879544,730.0,1,CHEMBL5564452,Replicase polyprotein 1ab
CC(C)C[C@H](NC(=O)OC[C@@H]1CCC(=O)N1C[C@H]1C[C@@H]2C=C[C@H]1C2)C(=O)N[C@@H](C[C@@H]1CCNC1=O)C(O)S(=O)(=O)[O-].[Na+],6.346787486224656,450.0,1,CHEMBL5563828,Replicase polyprotein 1ab
CC(C)C[C@H](NC(=O)OC[C@@H]1CCC(=O)N1C[C@H]1C[C@@H]2C=C[C@H]1C2)C(=O)N[C@H](C=O)C[C@@H]1CCNC1=O,6.3788237182249645,418.0,1,CHEMBL5563203,Replicase polyprotein 1ab
CC(C)C[C@H](NC(=O)OC[C@@H]1CCC(=O)N1C[C@H]1C[C@@H]2CC[C@H]1C2)C(=O)N[C@@H](C[C@@H]1CCNC1=O)C(O)S(=O)(=O)[O-].[Na+],6.3872161432802645,410.0,1,CHEMBL5563519,Replicase polyprotein 1ab
CC(C)C[C@H](NC(=O)OC[C@@H]1CCC(=O)N1C[C@H]1C[C@@H]2CC[C@H]1C2)C(=O)N[C@H](C=O)C[C@@H]1CCNC1=O,6.301029995663981,500.0,1,CHEMBL5561636,Replicase polyprotein 1ab
CC(C)C[C@H](NC(=O)OC[C@@H]1CCC(=O)N1Cc1ccc2c(c1)OC(F)(F)O2)C(=O)N[C@@H](C[C@@H]1CCNC1=O)C(O)S(=O)(=O)[O-].[Na+],6.494850021680094,320.0,1,CHEMBL5561324,Replicase polyprotein 1ab
CC(C)C[C@H](NC(=O)OC[C@@H]1CCC(=O)N1Cc1ccc2c(c1)OC(F)(F)O2)C(=O)N[C@H](C=O)C[C@@H]1CCNC1=O,6.568636235841013,270.0,1,CHEMBL5566549,Replicase polyprotein 1ab
CC(C)C[C@H](NC(=O)OC[C@@H]1CCC(=O)N1Cc1cccc(C(F)(F)F)c1)C(=O)N[C@@H](C[C@@H]1CCNC1=O)C(O)S(=O)(=O)[O-].[Na+],6.113509274827518,770.0,1,CHEMBL5560612,Replicase polyprotein 1ab
CC(C)C[C@H](NC(=O)OC[C@@H]1CCC(=O)N1Cc1cccc(C(F)(F)F)c1)C(=O)N[C@H](C=O)C[C@@H]1CCNC1=O,6.130768280269024,740.0,1,CHEMBL5561259,Replicase polyprotein 1ab
CC(C)C[C@H](NC(=O)OC[C@@H]1CCC(=O)N1Cc1cccc(Cl)c1)C(=O)N[C@@H](C[C@@H]1CCNC1=O)C(O)S(=O)(=O)[O-].[Na+],7.0,100.0,1,CHEMBL5555469,Replicase polyprotein 1ab
CC(C)C[C@H](NC(=O)OC[C@@H]1CCC(=O)N1Cc1cccc(Cl)c1)C(=O)N[C@H](C=O)C[C@@H]1CCNC1=O,6.958607314841775,110.0,1,CHEMBL5567705,Replicase polyprotein 1ab
CC(C)C[C@H](NC(=O)OC[C@@H]1CCC(=O)N1Cc1cccc(F)c1)C(=O)N[C@@H](C[C@@H]1CCNC1=O)C(O)S(=O)(=O)[O-].[Na+],6.795880017344075,160.0,1,CHEMBL5564675,Replicase polyprotein 1ab
CC(C)C[C@H](NC(=O)OC[C@@H]1CCC(=O)N1Cc1cccc(F)c1)C(=O)N[C@H](C=O)C[C@@H]1CCNC1=O,6.958607314841775,110.0,1,CHEMBL5563154,Replicase polyprotein 1ab
CC(C)C[C@H](NC(=O)OC[C@@H]1CCC(=O)N1Cc1ccccc1)C(=O)N[C@@H](C[C@@H]1CCNC1=O)C(O)S(=O)(=O)[O-].[Na+],6.309803919971486,490.0,1,CHEMBL5563410,Replicase polyprotein 1ab
CC(C)C[C@H](NC(=O)OC[C@@H]1CCC(=O)N1Cc1ccccc1)C(=O)N[C@H](C=O)C[C@@H]1CCNC1=O,6.366531544420414,430.0,1,CHEMBL5542103,Replicase polyprotein 1ab
CC(C)C[C@H](NC(=O)OC[C@@H]1CCC(=O)N1Cc1ccco1)C(=O)N[C@@H](C[C@@H]1CCNC1=O)C(O)S(=O)(=O)[O-].[Na+],6.6020599913279625,250.0,1,CHEMBL5532354,Replicase polyprotein 1ab
CC(C)C[C@H](NC(=O)OC[C@@H]1CCC(=O)N1Cc1ccco1)C(=O)N[C@H](C=O)C[C@@H]1CCNC1=O,6.481486060122113,330.0,1,CHEMBL5567964,Replicase polyprotein 1ab
CC(C)C[C@H](NC(=O)OC[C@@H]1C[C@H]1C1CCC(F)(F)CC1)C(=O)N[C@@H](C[C@H]1CCNC1=O)[C@H](O)S(=O)(=O)[O-].[Na+],6.769551078621726,170.0,1,CHEMBL6160198,Replicase polyprotein 1ab
CC(C)C[C@H](NC(=O)OC[C@@H]1C[C@H]1C1CCCCC1)C(=O)N[C@@H](C[C@H]1CCNC1=O)[C@H](O)S(=O)(=O)[O-].[Na+],6.661196523639753,225.0,2,CHEMBL6146458,Replicase polyprotein 1ab
CC(C)C[C@H](NC(=O)OC[C@@H]1C[C@H]1c1cccc(Cl)c1)C(=O)N[C@H](C=O)C[C@H]1CCNC1=O,6.769551078621726,170.0,1,CHEMBL6177419,Replicase polyprotein 1ab
CC(C)C[C@H](NC(=O)OC[C@@H]1C[C@H]1c1cccc(F)c1)C(=O)N[C@@H](CC1CCNC1=O)C(O)S(=O)(=O)[O-].[Na+],6.853871964321762,140.0,1,CHEMBL6169849,Replicase polyprotein 1ab
CC(C)C[C@H](NC(=O)OC[C@@H]1C[C@H]1c1cccc(F)c1)C(=O)N[C@H](C=O)CC1CCNC1=O,6.853871964321762,140.0,1,CHEMBL6149270,Replicase polyprotein 1ab
CC(C)C[C@H](NC(=O)OC[C@@H]1C[C@H]1c1ccccc1)C(=O)N[C@H](C=O)C[C@H]1CCNC1=O,6.769551078621726,170.0,1,CHEMBL6173910,Replicase polyprotein 1ab
CC(C)C[C@H](NC(=O)OC[C@H]1CCC(=O)N1CC1CCCCC1)C(=O)N[C@@H](C[C@@H]1CCNC1=O)C(O)S(=O)(=O)[O-].[Na+],6.292429823902063,510.0,1,CHEMBL5568225,Replicase polyprotein 1ab
CC(C)C[C@H](NC(=O)OC[C@H]1CCC(=O)N1CC1CCCCC1)C(=O)N[C@H](C=O)C[C@@H]1CCNC1=O,6.301029995663981,500.0,1,CHEMBL5562154,Replicase polyprotein 1ab
CC(C)C[C@H](NC(=O)OCc1cccc(C(F)(F)F)c1)C(=O)N[C@@H](C[C@@H]1CCNC1=O)C(O)S(=O)(=O)[O-].[Na+],7.795880017344075,16.0,1,CHEMBL5290927,Replicase polyprotein 1ab
CC(C)C[C@H](NC(=O)OCc1ccccc1)C(=O)N1C[C@]2(C[C@H]1C#N)C(=O)Nc1ccccc12,6.259637310505756,550.0,1,CHEMBL5754999,Replicase polyprotein 1ab
CC(C)C[C@H](NC(=O)OCc1ccccc1)C(=O)NN(CC1CCCNC1=O)C(=O)CCl,8.301029995663981,5.0,1,CHEMBL5173143,Replicase polyprotein 1ab
CC(C)C[C@H](NC(=O)OCc1ccccc1)C(=O)NN(CC1CCNC1=O)C(=O)CCl,7.769551078621726,17.0,1,CHEMBL5184210,Replicase polyprotein 1ab
CC(C)C[C@H](NC(=O)OCc1ccccc1)C(=O)NN(CCC(N)=O)C(=O)CBr,6.267606240177032,540.0,1,CHEMBL5193596,Replicase polyprotein 1ab
CC(C)C[C@H](NC(=O)OCc1ccccc1)C(=O)NN(CCC(N)=O)C(=O)CCl,7.769551078621726,17.0,1,CHEMBL5189591,Replicase polyprotein 1ab
CC(C)C[C@H](NC(=O)OCc1ccccc1)C(=O)NN(Cc1c[nH]cn1)C(=O)CCl,7.060480747381382,87.0,1,CHEMBL5176036,Replicase polyprotein 1ab
CC(C)C[C@H](NC(=O)OCc1ccccc1)C(=O)NN(Cc1cc[nH]n1)C(=O)CCl,7.468521082957745,34.0,1,CHEMBL5174530,Replicase polyprotein 1ab
CC(C)C[C@H](NC(=O)OCc1ccccc1)C(=O)N[C@@H](CC(C)C)C(=O)N[C@@H](C[C@@H]1CCNC1=O)C(=O)C(=O)NC(C)C,7.187086643357144,65.0,1,CHEMBL4857345,Replicase polyprotein 1ab
CC(C)C[C@H](NC(=O)OCc1ccccc1)C(=O)N[C@@H](CC1CCNC1=O)C(=O)C(=O)NC(C)C,5.301029995663981,5000.0,1,CHEMBL1821856,Replicase polyprotein 1ab
CC(C)C[C@H](NC(=O)OCc1ccccc1)C(=O)N[C@@H](CC1CCNC1=O)C(O)S(=O)(=O)O,7.698970004336019,20.0,6,CHEMBL2365410,Replicase polyprotein 1ab
CC(C)C[C@H](NC(=O)OCc1ccccc1)C(=O)N[C@@H](CC1CCNC1=O)C(O)S(=O)(=O)[O-].[Na+],7.610924374808178,25.0,10,CHEMBL2315036,Replicase polyprotein 1ab
CC(C)C[C@H](NC(=O)OCc1ccccc1)C(=O)N[C@@H](CCC(N)=O)C(=O)C(=O)Nc1ccccc1,4.096910013008056,80000.0,1,CHEMBL5406827,Replicase polyprotein 1ab
CC(C)C[C@H](NC(=O)OCc1ccccc1)C(=O)N[C@@H](C[C@@H]1CCNC1=O)C(=O)C(=O)NC1CC1,7.346787486224656,45.0,1,CHEMBL3427167,Replicase polyprotein 1ab
CC(C)C[C@H](NC(=O)OCc1ccccc1)C(=O)N[C@@H](C[C@@H]1CCNC1=O)C(=O)c1nc2ccccc2s1,5.0,10000.0,1,CHEMBL2402501,Replicase polyprotein 1ab
CC(C)C[C@H](NC(=O)OCc1ccccc1)C(=O)N[C@@H](C[C@@H]1CCNC1=O)C(O)S(=O)(=O)O,7.522878745280337,30.0,5,CHEMBL3559293,Replicase polyprotein 1ab
CC(C)C[C@H](NC(=O)OCc1ccccc1)C(=O)N[C@@H](C[C@@H]1CCNC1=O)C(O)S(=O)(=O)[O-].C[N+](C)(C)CCO,6.7447274948966935,180.0,1,CHEMBL4850660,Replicase polyprotein 1ab
CC(C)C[C@H](NC(=O)OCc1ccccc1)C(=O)N[C@@H](C[C@@H]1CCNC1=O)C(O)S(=O)(=O)[O-].[K+],6.698970004336019,200.0,1,CHEMBL4856219,Replicase polyprotein 1ab
CC(C)C[C@H](NC(=O)OCc1ccccc1)C(=O)N[C@@H](C[C@@H]1CCNC1=O)C(O)S(=O)(=O)[O-].[Na+],6.8979400086720375,130.0,28,CHEMBL3427166,Replicase polyprotein 1ab
CC(C)C[C@H](NC(=O)OCc1ccccc1)C(=O)N[C@@H](C[C@H]1CCNC1=O)C(=O)C(O)S(=O)(=O)[O-].[Na+],6.3872161432802645,410.0,1,CHEMBL5205847,Replicase polyprotein 1ab
CC(C)C[C@H](NC(=O)OCc1ccccc1)C(=O)N[C@@H]1C(=O)N2[C@@H](C(=O)OCc3ccccc3)C(C)(C)S(=O)(=O)[C@H]12,4.301029995663981,50000.0,1,CHEMBL5200470,Replicase polyprotein 1ab
CC(C)C[C@H](NC(=O)OCc1ccccc1)C(=O)N[C@H](/C=C/C(=O)N1CCN(CC2CCN(c3cc4c(cc3F)C(=O)N(C3CCC(=O)NC3=O)C4=O)CC2)CC1)C[C@@H]1CCNC1=O,4.673664139071248,21200.0,1,CHEMBL5426938,Replicase polyprotein 1ab
CC(C)C[C@H](NC(=O)OCc1ccccc1)C(=O)N[C@H](/C=C/C(=O)OCc1ccccc1)CCC(N)=O,5.6020599913279625,2500.0,1,CHEMBL5397697,Replicase polyprotein 1ab
CC(C)C[C@H](NC(=O)OCc1ccccc1)C(=O)N[C@H](/C=C/S(C)(=O)=O)CCC(N)=O,4.920818753952375,12000.0,1,CHEMBL5416837,Replicase polyprotein 1ab
CC(C)C[C@H](NC(=O)OCc1ccccc1)C(=O)N[C@H](C#N)CCC(N)=O,4.096910013008056,80000.0,1,CHEMBL5436497,Replicase polyprotein 1ab
CC(C)C[C@H](NC(=O)OCc1ccccc1)C(=O)N[C@H](C=O)CC1CCNC1=O,5.301029995663981,5000.0,1,CHEMBL1821850,Replicase polyprotein 1ab
CC(C)C[C@H](NC(=O)OCc1ccccc1)C(=O)N[C@H](C=O)CCC(N)=O,4.096910013008056,80000.0,1,CHEMBL5435701,Replicase polyprotein 1ab
CC(C)C[C@H](NC(=O)OCc1ccccc1)C(=O)N[C@H](C=O)C[C@@H]1CCNC1=O,6.3979400086720375,400.0,5,CHEMBL4850298,Replicase polyprotein 1ab
CC(C)C[C@H](NC(=O)OCc1ccccc1)C(=O)N[C@H](C=O)Cc1ccccc1,5.0,10000.0,1,CHEMBL341014,Replicase polyprotein 1ab
CC(C)C[C@H](NC(=O)[C@@H](NC(=O)/C=C/c1ccc(-c2ccccc2)cc1)C(C)C)C(=O)N[C@H](C=O)C[C@@H]1CCCNC1=O,6.530177984021837,295.0,1,CHEMBL5179730,Replicase polyprotein 1ab
CC(C)C[C@H](NC(=O)[C@@H](NC(=O)/C=C/c1ccc(C(C)C)cc1)C(C)C)C(=O)N[C@H](C=O)C[C@@H]1CCCNC1=O,6.638272163982407,230.0,1,CHEMBL5189974,Replicase polyprotein 1ab
CC(C)C[C@H](NC(=O)[C@@H](NC(=O)/C=C/c1ccc(F)cc1)C(C)C)C(=O)N[C@H](C=O)C[C@@H]1CCCNC1=O,6.512861624522813,307.0,1,CHEMBL5201697,Replicase polyprotein 1ab
CC(C)C[C@H](NC(=O)[C@@H](NC(=O)/C=C/c1ccc(N(C)C)cc1)C(C)C)C(=O)N[C@H](C=O)C[C@@H]1CCCNC1=O,6.22767829327708,592.0,1,CHEMBL5189874,Replicase polyprotein 1ab
CC(C)C[C@H](NC(=O)[C@@H](NC(=O)/C=C/c1cccc(F)c1)C(C)C)C(=O)N[C@H](C=O)C[C@@H]1CCCNC1=O,6.5934598195660445,255.0,1,CHEMBL5198279,Replicase polyprotein 1ab
CC(C)C[C@H](NC(=O)[C@@H](NC(=O)/C=C/c1ccccc1)C(C)C)C(=O)N[C@H](C=O)C[C@@H]1CCCNC1=O,6.55129368009492,281.0,1,CHEMBL5183017,Replicase polyprotein 1ab
CC(C)C[C@H](NC(=O)[C@@H](NC(=O)/C=C/c1ccccc1F)C(C)C)C(=O)N[C@H](C=O)C[C@@H]1CCCNC1=O,6.761953896871205,173.0,1,CHEMBL5197113,Replicase polyprotein 1ab
CC(C)C[C@H](NC(=O)[C@@H](NC(=O)C1CCCCC1)C(C)C)C(=O)N[C@H](C=O)C[C@@H]1CCCNC1=O,5.851089006890644,1409.0,1,CHEMBL5179310,Replicase polyprotein 1ab
CC(C)C[C@H](NC(=O)[C@@H](NC(=O)C1CCOCC1)C(C)C)C(=O)N[C@H](C=O)C[C@@H]1CCCNC1=O,6.54515513999149,285.0,1,CHEMBL5173399,Replicase polyprotein 1ab
CC(C)C[C@H](NC(=O)[C@@H](NC(=O)CCc1ccccc1)C(C)C)C(=O)N[C@H](C=O)C[C@@H]1CCCNC1=O,6.701146923590294,199.0,1,CHEMBL5182229,Replicase polyprotein 1ab
CC(C)C[C@H](NC(=O)[C@@H](NC(=O)OC(C)(C)C)C(C)C)C(=O)N[C@H](C=O)C[C@@H]1CCNC1=O,9.154901959985743,0.7,1,CHEMBL5405842,Replicase polyprotein 1ab
CC(C)C[C@H](NC(=O)[C@@H](NC(=O)OCc1cccc(Cl)c1)[C@@H](C)OC(C)(C)C)C(=O)N[C@H](C=O)C[C@@H]1CCNC1=O,6.275724130399211,530.0,1,CHEMBL5173899,Replicase polyprotein 1ab
CC(C)C[C@H](NC(=O)[C@@H](NC(=O)OCc1ccccc1)C(C)(C)C)C(=O)N1C[C@]2(C[C@H]1C#N)C(=O)Nc1ccccc12,7.0,100.0,1,CHEMBL5936982,Replicase polyprotein 1ab
CC(C)C[C@H](NC(=O)[C@@H](NC(=O)OCc1ccccc1)C(C)C)C(=O)N[C@@H](C[C@@H]1CCNC1=O)C(=O)c1nc2ccccc2s1,7.026872146400302,94.0,1,CHEMBL2316746,Replicase polyprotein 1ab
CC(C)C[C@H](NC(=O)[C@@H](NC(=O)OCc1ccccc1)C(C)C)C(=O)N[C@H](C=O)C[C@@H]1CCNC1=O,8.070581074285707,8.5,3,CHEMBL5171771,Replicase polyprotein 1ab
CC(C)C[C@H](NC(=O)[C@@H](NC(=O)OCc1ccccc1)C(C)OC(C)(C)C)C(=O)N[C@H](C=O)C[C@@H]1CCNC1=O,6.978810700930062,105.0,1,CHEMBL5275051,Replicase polyprotein 1ab
CC(C)C[C@H](NC(=O)[C@@H](NC(=O)OCc1ccccc1)[C@@H](C)OC(C)(C)C)C(=O)N[C@H](C=O)C[C@@H]1CCNC1=O,7.221848749616356,60.0,1,CHEMBL5178763,Replicase polyprotein 1ab
CC(C)C[C@H](NC(=O)[C@@H](NC(=O)[C@H](C)NC(=O)OCc1ccccc1)C(C)C)C(=O)N[C@H](C#N)CCC(N)=O,5.337242168318426,4600.0,1,CHEMBL2316337,Replicase polyprotein 1ab
CC(C)C[C@H](NC(=O)[C@@H](NC(=O)[C@H](C)NC(=O)[C@H](C)NC(=O)[C@@H]1CSCN1)C(C)C)C(=O)N[C@@H](CCC(N)=O)C(=O)N[C@@H](C)C(=O)N[C@@H](Cc1ccnc(C#N)c1)C(N)=O,4.0,100000.0,1,CHEMBL4873357,Replicase polyprotein 1ab
CC(C)C[C@H](NC(=O)[C@@H](NC(=O)c1cc2ccccc2[nH]1)C(C)C)C(=O)N[C@H](C=O)C[C@@H]1CCCNC1=O,6.530177984021837,295.0,1,CHEMBL5169416,Replicase polyprotein 1ab
CC(C)C[C@H](NC(=O)[C@@H](NC(=O)c1cc2ccccc2[nH]1)C(C)C)C(=O)N[C@H](C=O)C[C@@H]1CCNC1=O,7.2839966563652006,52.0,1,CHEMBL5203726,Replicase polyprotein 1ab
CC(C)C[C@H](NC(=O)[C@@H](NC(=O)c1ccc(-c2ccccc2)cc1)C(C)C)C(=O)N[C@H](C=O)C[C@@H]1CCCNC1=O,6.393618634889395,404.0,1,CHEMBL5191663,Replicase polyprotein 1ab
CC(C)C[C@H](NC(=O)[C@@H](NC(=O)c1ccc(C(F)(F)F)cc1)C(C)C)C(=O)N[C@H](C=O)C[C@@H]1CCCNC1=O,5.8458804744841535,1426.0,1,CHEMBL5182755,Replicase polyprotein 1ab
CC(C)C[C@H](NC(=O)[C@@H](NC(=O)c1ccc(Cl)cc1)C(C)C)C(=O)N[C@H](C=O)C[C@@H]1CCCNC1=O,6.841805124463402,144.0,2,CHEMBL5192273,Replicase polyprotein 1ab
CC(C)C[C@H](NC(=O)[C@@H](NC(=O)c1ccc(F)cc1)C(C)C)C(=O)N[C@H](C=O)C[C@@H]1CCCNC1=O,6.705533773838407,197.0,1,CHEMBL5189683,Replicase polyprotein 1ab
CC(C)C[C@H](NC(=O)[C@@H](NC(=O)c1ccc([N+](=O)[O-])cc1)C(C)C)C(=O)N[C@H](C=O)C[C@@H]1CCCNC1=O,6.679853713888946,209.0,1,CHEMBL5205787,Replicase polyprotein 1ab
CC(C)C[C@H](NC(=O)[C@@H](NC(=O)c1ccc2cc[nH]c2c1)C(C)C)C(=O)N[C@H](C=O)C[C@@H]1CCCNC1=O,6.655607726314889,221.0,1,CHEMBL5192541,Replicase polyprotein 1ab
CC(C)C[C@H](NC(=O)[C@@H](NC(=O)c1ccc2ccccc2c1)C(C)C)C(=O)N[C@H](C=O)C[C@@H]1CCCNC1=O,6.567030709125595,271.0,1,CHEMBL5203574,Replicase polyprotein 1ab
CC(C)C[C@H](NC(=O)[C@@H](NC(=O)c1ccc[nH]1)C(C)C)C(=O)N[C@H](C=O)C[C@@H]1CCCNC1=O,6.764471553092451,172.0,1,CHEMBL5185152,Replicase polyprotein 1ab
CC(C)C[C@H](NC(=O)[C@@H](NC(=O)c1ccccc1)C(C)C)C(=O)N[C@H](C=O)C[C@@H]1CCCNC1=O,6.590066876668706,257.0,1,CHEMBL5191197,Replicase polyprotein 1ab
CC(C)C[C@H](NC(=O)[C@@H](NC(=O)c1ccccn1)C(C)C)C(=O)N[C@H](C=O)C[C@@H]1CCCNC1=O,6.247951552180561,565.0,1,CHEMBL5197105,Replicase polyprotein 1ab
CC(C)C[C@H](NC(=O)[C@@H](NC(=O)c1cccnc1)C(C)C)C(=O)N[C@H](C=O)C[C@@H]1CCCNC1=O,6.1938200260161125,640.0,1,CHEMBL5179883,Replicase polyprotein 1ab
CC(C)C[C@H](NC(=O)[C@@H](NC(=O)c1ccco1)C(C)C)C(=O)N[C@H](C=O)C[C@@H]1CCCNC1=O,6.6307841425898575,234.0,1,CHEMBL5175884,Replicase polyprotein 1ab
CC(C)C[C@H](NC(=O)[C@@H](NC(=O)c1ccncc1)C(C)C)C(=O)N[C@H](C=O)C[C@@H]1CCCNC1=O,6.815308569182402,153.0,1,CHEMBL5206326,Replicase polyprotein 1ab
CC(C)C[C@H](NC(=O)[C@@H](NC(=O)c1ccoc1)C(C)C)C(=O)N[C@H](C=O)C[C@@H]1CCCNC1=O,6.761953896871205,173.0,1,CHEMBL5199219,Replicase polyprotein 1ab
CC(C)C[C@H](NC(=O)[C@H](CC1CCCCC1)NC(=O)/C=C/c1ccccc1)C(=O)N[C@H](C=O)C[C@@H]1CCCNC1=O,5.824778199656947,1497.0,1,CHEMBL5174138,Replicase polyprotein 1ab
CC(C)C[C@H](NC(=O)[C@H](Cc1c[nH]c2ccccc12)NC(=O)CCl)C(=O)NCc1ccccc1,5.07986310221877,8320.26,1,CHEMBL5576036,Replicase polyprotein 1ab
CC(C)C[C@H](NC(=O)[C@H](Cc1ccc(F)cc1)NC(=O)OCc1ccccc1)C(=O)NC(/C=C1\CCOC1=O)CC1CCCO1,6.799998134593398,158.49,1,CHEMBL5556493,Replicase polyprotein 1ab
CC(C)C[C@H](NC(=O)[C@H](Cc1ccc(F)cc1)NC(=O)OCc1ccccc1)C(=O)NC(C=O)CC(F)(F)F,6.0,1000.0,1,CHEMBL5557187,Replicase polyprotein 1ab
CC(C)C[C@H](NC(=O)[C@H](Cc1ccc(F)cc1)NC(=O)OCc1ccccc1)C(=O)NC(C=O)CC(F)F,6.0,1000.0,1,CHEMBL5532537,Replicase polyprotein 1ab
CC(C)C[C@H](NC(=O)[C@H](Cc1ccc(F)cc1)NC(=O)OCc1ccccc1)C(=O)NC(C=O)CC1CCCC1,7.100015437450609,79.43,1,CHEMBL5566569,Replicase polyprotein 1ab
CC(C)C[C@H](NC(=O)[C@H](Cc1ccc(F)cc1)NC(=O)OCc1ccccc1)C(=O)NC(C=O)CC1CCCCO1,7.400007822415902,39.81,1,CHEMBL5567405,Replicase polyprotein 1ab
CC(C)C[C@H](NC(=O)[C@H](Cc1ccc(F)cc1)NC(=O)OCc1ccccc1)C(=O)NC(C=O)CC1CCCO1,8.899974269892137,1.259,1,CHEMBL5567825,Replicase polyprotein 1ab
CC(C)C[C@H](NC(=O)[C@H](Cc1ccc(F)cc1)NC(=O)OCc1ccccc1)C(=O)NC(C=O)CCF,6.199998172182031,630.96,1,CHEMBL5532275,Replicase polyprotein 1ab
CC(C)C[C@H](NC(=O)[C@H](Cc1ccc(F)cc1)NC(=O)OCc1ccccc1)C(=O)NC(C=O)C[C@@H]1CCNC1=O,9.400007822415901,0.3981,1,CHEMBL5563979,Replicase polyprotein 1ab
CC(C)C[C@H](NC(=O)[C@H](Cc1ccc(F)cc1)NC(=O)OCc1ccccc1)C(=O)NC(C=O)Cc1c[nH]cn1,7.79997073344623,15.85,1,CHEMBL5563890,Replicase polyprotein 1ab
CC(C)C[C@H](NC(=O)[C@H](Cc1ccc(F)cc1)NC(=O)OCc1ccccc1)C(=O)NC(C=O)Cc1ccc(F)cc1,6.0999990348465305,794.33,1,CHEMBL5560987,Replicase polyprotein 1ab
CC(C)C[C@H](NC(=O)[C@H](Cc1ccc(F)cc1)NC(=O)OCc1ccccc1)C(=O)NC(C=O)Cc1cccc(F)c1,6.199998172182031,630.96,1,CHEMBL5562719,Replicase polyprotein 1ab
CC(C)C[C@H](NC(=O)[C@H](Cc1ccc(F)cc1)NC(=O)OCc1ccccc1)C(=O)NC(C=O)Cc1ccccc1F,8.500038134403809,3.162,1,CHEMBL5562367,Replicase polyprotein 1ab
CC(C)C[C@H](NC(=O)[C@H](Cc1ccc(F)cc1)NC(=O)OCc1ccccc1)C(=O)NC(C=O)Cc1ccccn1,7.899974269892137,12.59,1,CHEMBL5556984,Replicase polyprotein 1ab
CC(C)C[C@H](NC(=O)[C@H](Cc1ccc(F)cc1)NC(=O)OCc1ccccc1)C(=O)NC(C=O)Cc1cccnc1,6.0,1000.0,1,CHEMBL5560941,Replicase polyprotein 1ab
CC(C)C[C@H](NC(=O)[C@H](Cc1ccc(F)cc1)NC(=O)OCc1ccccc1)C(=O)NC(C=O)Cc1ccco1,6.900008766455316,125.89,1,CHEMBL5563502,Replicase polyprotein 1ab
CC(C)C[C@H](NC(=O)[C@H](Cc1ccc(F)cc1)NC(=O)OCc1ccccc1)C(=O)NC(C=O)Cc1ccncc1,6.0,1000.0,1,CHEMBL5561254,Replicase polyprotein 1ab
CC(C)C[C@H](NC(=O)[C@H](Cc1ccc(F)cc1)NC(=O)OCc1ccccc1)C(=O)NC(C=O)Cc1cncs1,6.0,1000.0,1,CHEMBL5561223,Replicase polyprotein 1ab
CC(C)C[C@H](NC(=O)[C@H](Cc1ccc(F)cc1)NC(=O)OCc1ccccc1)C(=O)NC(CC1CCCO1)C(=O)C(=O)NC(C)C,6.699991797446187,199.53,1,CHEMBL5557033,Replicase polyprotein 1ab
CC(C)C[C@H](NC(=O)[C@H](Cc1ccc(F)cc1)NC(=O)OCc1ccccc1)C(=O)N[C@@H](/C=C1\CCOC1=O)C[C@@H]1CCCO1,6.0,1000.0,1,CHEMBL5559379,Replicase polyprotein 1ab
CC(C)C[C@H](NC(=O)[C@H](Cc1ccc(F)cc1)NC(=O)OCc1ccccc1)C(=O)N[C@@H](/C=C1\CCOC1=O)C[C@H]1CCCO1,6.0,1000.0,1,CHEMBL5565240,Replicase polyprotein 1ab
CC(C)C[C@H](NC(=O)[C@H](Cc1ccc(F)cc1)NC(=O)OCc1ccccc1)C(=O)N[C@@H](C[C@@H]1CCNC1=O)C(=O)C(=O)NC(C)C,8.299988937677888,5.012,1,CHEMBL5564253,Replicase polyprotein 1ab
CC(C)C[C@H](NC(=O)[C@H](Cc1ccc(F)cc1)NC(=O)OCc1ccccc1)C(=O)N[C@H](/C=C1\CCOC1=O)C[C@@H]1CCCO1,7.400007822415902,39.81,1,CHEMBL5566512,Replicase polyprotein 1ab
CC(C)C[C@H](NC(=O)[C@H](Cc1ccc(F)cc1)NC(=O)OCc1ccccc1)C(=O)N[C@H](/C=C1\CCOC1=O)C[C@@H]1CCNC1=O,8.79997073344623,1.585,1,CHEMBL5563746,Replicase polyprotein 1ab
CC(C)C[C@H](NC(=O)[C@H](Cc1ccc(F)cc1)NC(=O)OCc1ccccc1)C(=O)N[C@H](/C=C1\CCOC1=O)C[C@H]1CCCO1,6.900008766455316,125.89,1,CHEMBL5568556,Replicase polyprotein 1ab
CC(C)C[C@H](NC(=O)[C@H](Cc1ccc(F)cc1)NC(=O)OCc1ccccc1)C(=O)N[C@H](C=O)CC[S+](C)[O-],8.100015437450608,7.943,1,CHEMBL5564711,Replicase polyprotein 1ab
CC(C)C[C@H](NC(=O)[C@H]1CCCO1)C(=O)N[C@@H](C[C@@H]1CCNC1=O)C(=O)COC(F)(F)F,7.221125527997261,60.1,1,CHEMBL5411753,Replicase polyprotein 1ab
CC(C)C[C@H](NC(=O)c1cc(C(C)(C)F)on1)C(=O)N[C@@H](C[C@@H]1CCNC1=O)C(=O)COC(F)(F)F,7.458420756053419,34.8,1,CHEMBL5439634,Replicase polyprotein 1ab
CC(C)C[C@H](NC(=O)c1cc2c(F)cccc2[nH]1)C(=O)N1C[C@]2(CC1C#N)C(=O)Nc1c(F)cccc12,7.0,100.0,1,CHEMBL5793337,Replicase polyprotein 1ab
CC(C)C[C@H](NC(=O)c1cc2c(F)cccc2[nH]1)C(=O)N1C[C@]2(CC1C#N)C(=O)Nc1ccccc12,7.0,100.0,1,CHEMBL6055687,Replicase polyprotein 1ab
CC(C)C[C@H](NC(=O)c1cc2c(F)cccc2[nH]1)C(=O)N1C[C@]2(C[C@H]1C#N)C(=O)Nc1c(F)cccc12,7.0,100.0,1,CHEMBL5942632,Replicase polyprotein 1ab
CC(C)C[C@H](NC(=O)c1cc2c(F)cccc2[nH]1)C(=O)N1C[C@]2(C[C@H]1C#N)C(=O)Nc1ccccc12,7.0,100.0,1,CHEMBL5902280,Replicase polyprotein 1ab
CC(C)C[C@H](NC(=O)c1cc2c(F)cccc2[nH]1)C(=O)N1C[C@]2(C[C@H]1C=O)C(=O)Nc1ccccc12,7.0,100.0,2,CHEMBL5927925,Replicase polyprotein 1ab
CC(C)C[C@H](NC(=O)c1cc2c(F)cccc2[nH]1)C(=O)NN(C[C@@H]1CCNC1=O)C(=O)C(F)Cl,8.522878745280337,3.0,1,CHEMBL5412571,Replicase polyprotein 1ab
CC(C)C[C@H](NC(=O)c1cc2c(F)cccc2[nH]1)C(=O)NN(C[C@@H]1CCNC1=O)C(=O)[C@@H](F)Cl,7.552841968657781,28.0,1,CHEMBL5190754,Replicase polyprotein 1ab
CC(C)C[C@H](NC(=O)c1cc2c(F)cccc2[nH]1)C(=O)NN(C[C@@H]1CCNC1=O)C(=O)[C@H](F)Cl,8.42021640338319,3.8,1,CHEMBL5179778,Replicase polyprotein 1ab
CC(C)C[C@H](NC(=O)c1cc2c(F)cccc2[nH]1)C(=O)NN(C[C@H]1CCNC1=O)C(=O)[C@@H](F)Cl,6.333482019445119,464.0,1,CHEMBL5197241,Replicase polyprotein 1ab
CC(C)C[C@H](NC(=O)c1cc2c(F)cccc2[nH]1)C(=O)NN(C[C@H]1CCNC1=O)C(=O)[C@H](F)Cl,8.318758762624412,4.8,1,CHEMBL5179611,Replicase polyprotein 1ab
CC(C)C[C@H](NC(=O)c1cc2c(OC(F)(F)F)cccc2[nH]1)C(=O)N[C@H](C#N)C[C@@H]1CCCNC1=O,7.863279432843593,13.7,1,CHEMBL5190756,Replicase polyprotein 1ab
CC(C)C[C@H](NC(=O)c1cc2c3c(ccc2[nH]1)CCO3)C(=O)N[C@H](C#N)C[C@@H]1CCCNC1=O,7.309803919971486,49.0,1,CHEMBL5189649,Replicase polyprotein 1ab
CC(C)C[C@H](NC(=O)c1cc2ccccc2[nH]1)C(=O)NN(CCC(N)=O)C(=O)CCl,8.154901959985743,7.0,1,CHEMBL5179702,Replicase polyprotein 1ab
CC(C)C[C@H](NC(=O)c1cc2ccccc2[nH]1)C(=O)NN(C[C@@H]1CCNC1=O)C(=O)CCl,8.397940008672037,4.0,1,CHEMBL5182106,Replicase polyprotein 1ab
CC(C)C[C@H](NC(=O)c1cc2ccccc2[nH]1)C(=O)NN(C[C@H]1CCNC1=O)C(=O)CCl,8.522878745280337,3.0,1,CHEMBL5205478,Replicase polyprotein 1ab
CC(C)C[C@H](NC(=O)c1cc2ccccc2[nH]1)C(=O)N[C@H](C=O)Cc1ccccc1,5.0,10000.0,1,CHEMBL6169046,Replicase polyprotein 1ab
CC(C)C[C@H](NC(=O)c1cc2cnccc2[nH]1)C(=O)NN(CCC(N)=O)C(=O)CCl,7.853871964321762,14.0,1,CHEMBL5198234,Replicase polyprotein 1ab
CC(C)C[C@H](NC(=O)c1cc[nH]c1)C(=O)N[C@H](C=O)Cc1ccccc1,5.0,10000.0,1,CHEMBL6175542,Replicase polyprotein 1ab
CC(C)C[C@H](NC(=O)c1ccc(-c2ccccc2)cc1)C(=O)N[C@H](C=O)Cc1ccccc1,5.0,10000.0,1,CHEMBL6173253,Replicase polyprotein 1ab
CC(C)C[C@H](NC(=O)c1ccc(Br)cc1)C(=O)N[C@H](C=O)Cc1ccccc1,5.0,10000.0,1,CHEMBL6173162,Replicase polyprotein 1ab
CC(C)C[C@H](NC(=O)c1ccc(Cl)cc1)C(=O)N[C@H](C=O)Cc1ccccc1,5.0,10000.0,1,CHEMBL6170280,Replicase polyprotein 1ab
CC(C)C[C@H](NC(=O)c1ccc(F)cc1)C(=O)N[C@H](C=O)Cc1ccccc1,5.0,10000.0,1,CHEMBL6176753,Replicase polyprotein 1ab
CC(C)C[C@H](NC(=O)c1ccc([N+](=O)[O-])cc1)C(=O)N[C@H](C=O)Cc1ccccc1,5.0,10000.0,1,CHEMBL6170262,Replicase polyprotein 1ab
CC(C)C[C@H](NC(=O)c1ccc2[nH]ccc2c1)C(=O)N[C@H](C=O)Cc1ccccc1,5.0,10000.0,1,CHEMBL6177435,Replicase polyprotein 1ab
CC(C)C[C@H](NC(=O)c1ccc2ccccc2c1)C(=O)N[C@H](C=O)Cc1ccccc1,5.0,10000.0,1,CHEMBL6176876,Replicase polyprotein 1ab
CC(C)C[C@H](NC(=O)c1ccc[nH]1)C(=O)N[C@H](C=O)Cc1ccccc1,5.0,10000.0,1,CHEMBL6173578,Replicase polyprotein 1ab
CC(C)C[C@H](NC(=O)c1cccc(F)c1)C(=O)N[C@H](C=O)Cc1ccccc1,5.0,10000.0,1,CHEMBL6169469,Replicase polyprotein 1ab
CC(C)C[C@H](NC(=O)c1cccc2ccccc12)C(=O)N[C@H](C=O)Cc1ccccc1,5.0,10000.0,1,CHEMBL6175331,Replicase polyprotein 1ab
CC(C)C[C@H](NC(=O)c1ccccc1)C(=O)N[C@H](C=O)Cc1ccccc1,5.0,10000.0,1,CHEMBL6146036,Replicase polyprotein 1ab
CC(C)C[C@H](NC(=O)c1ccccc1F)C(=O)N[C@H](C=O)Cc1ccccc1,5.0,10000.0,1,CHEMBL6166728,Replicase polyprotein 1ab
CC(C)C[C@H](NC(=O)c1ccccn1)C(=O)N[C@H](C=O)Cc1ccccc1,5.0,10000.0,1,CHEMBL6168367,Replicase polyprotein 1ab
CC(C)C[C@H](NC(=O)c1cccnc1)C(=O)N[C@H](C=O)Cc1ccccc1,5.0,10000.0,1,CHEMBL6169439,Replicase polyprotein 1ab
CC(C)C[C@H](NC(=O)c1ccco1)C(=O)N[C@H](C=O)Cc1ccccc1,5.0,10000.0,1,CHEMBL6174802,Replicase polyprotein 1ab
CC(C)C[C@H](NC(=O)c1ccncc1)C(=O)N[C@H](C=O)Cc1ccccc1,5.0,10000.0,1,CHEMBL6170924,Replicase polyprotein 1ab
CC(C)C[C@H](NC(=O)c1ccoc1)C(=O)N[C@H](C=O)Cc1ccccc1,5.0,10000.0,1,CHEMBL6149405,Replicase polyprotein 1ab
CC(C)C[C@H](NC(=O)c1ccsc1)C(=O)N[C@H](C=O)Cc1ccccc1,5.0,10000.0,1,CHEMBL6150060,Replicase polyprotein 1ab
CC(C)Cc1ccc2c(NC(=O)c3ccc(NC(=O)NC4CC4)cc3)c(C(=O)O)sc2n1,4.002176919254275,99500.0,1,CHEMBL5441740,Replicase polyprotein 1ab
CC(C)Cc1nc2cc(O)c(O)c(O)c2c(=O)[nH]1,6.414539270491499,385.0,1,CHEMBL5405273,Replicase polyprotein 1ab
CC(C)Cc1nc2cc(O)c(O)c(O)c2c(=O)n1-c1ccc(Br)cc1F,6.546681659952962,284.0,1,CHEMBL5399660,Replicase polyprotein 1ab
CC(C)Cc1nc2cc(O)c(O)c(O)c2c(=O)n1-c1ccccc1,6.97061622231479,107.0,1,CHEMBL5406891,Replicase polyprotein 1ab
CC(C)Cc1nc2cc(O)c(O)c(O)c2c(=O)n1-c1ccccc1F,6.621602099051862,239.0,1,CHEMBL5400991,Replicase polyprotein 1ab
CC(C)Cn1c(-c2ccccc2)nc2cc(O)c(O)c(O)c2c1=O,6.906578314837765,124.0,1,CHEMBL5434000,Replicase polyprotein 1ab
CC(C)Cn1c(C(=O)NCCCNC(=O)n2cc(F)c(=O)[nH]c2=O)cc2cc(C(F)(F)F)ccc21,6.102372908709558,790.0,1,CHEMBL5632920,Replicase polyprotein 1ab
CC(C)Cn1c(C(=O)NCCCNC(=O)n2cc(F)c(=O)[nH]c2=O)cc2cc(Cl)ccc21,6.455931955649724,350.0,1,CHEMBL5631518,Replicase polyprotein 1ab
CC(C)Cn1c(C(=O)NCCCNC(=O)n2cc(F)c(=O)[nH]c2=O)cc2cc(F)ccc21,6.431798275933005,370.0,1,CHEMBL5633930,Replicase polyprotein 1ab
CC(C)Cn1c(C(=O)NCCCNC(=O)n2cc(F)c(=O)[nH]c2=O)cc2cc(OC(F)(F)F)ccc21,5.6020599913279625,2500.0,1,CHEMBL5631345,Replicase polyprotein 1ab
CC(C)Cn1c(C(=O)NCCCNC(=O)n2cc(F)c(=O)[nH]c2=O)cc2ccccc21,6.013228265733755,970.0,1,CHEMBL5631538,Replicase polyprotein 1ab
CC(C)Cn1c(C(=O)NCCCNC(=O)n2ccc(=O)[nH]c2=O)cc2cc(Cl)ccc21,5.795880017344075,1600.0,1,CHEMBL5633196,Replicase polyprotein 1ab
CC(C)Cn1c(C(=O)NCCCNC(=O)n2ccc(=O)[nH]c2=O)cc2cc(F)ccc21,6.2441251443275085,570.0,1,CHEMBL5632811,Replicase polyprotein 1ab
CC(C)Cn1c(C(C)c2ccccc2)nc2cc(O)c(O)c(O)c2c1=O,6.1598939055432425,692.0,1,CHEMBL5409249,Replicase polyprotein 1ab
CC(C)Cn1c(Cc2ccccc2)nc2cc(O)c(O)c(O)c2c1=O,6.33161408331,466.0,1,CHEMBL5394410,Replicase polyprotein 1ab
CC(C)Cn1sc2ccccc2c1=O,6.318758762624412,480.0,1,CHEMBL3219171,Replicase polyprotein 1ab
CC(C)N(CCC(=O)c1ccc2ccccc2c1)Cc1ccccc1,6.236572006437063,580.0,1,CHEMBL596674,Replicase polyprotein 1ab
CC(C)NC(=O)C(c1cccnc1)N(C(=O)c1ccco1)c1ccc(C(C)(C)C)cc1,5.270025714300444,5370.0,1,CHEMBL5188059,Replicase polyprotein 1ab
CC(C)NC(=O)c1ccc(/C=N/NC(=O)c2ccc(CSc3cccc4cccnc34)cc2)cc1,6.026872146400302,940.0,1,CHEMBL6191028,Replicase polyprotein 1ab
CC(C)Nc1cccnc1N1CCN(C(=O)c2cc3cc(NS(C)(=O)=O)ccc3[nH]2)CC1.CS(=O)(=O)O,5.399027104313252,3990.0,1,CHEMBL929,Replicase polyprotein 1ab
CC(C)OC(=O)/C=C/C(=O)NNC(=O)CCc1ccccc1C(=O)N[C@H](C)c1cccc2ccccc12,6.619788758288394,240.0,1,CHEMBL6173434,Replicase polyprotein 1ab
CC(C)OC(=O)NC(C(=O)N1CCC[C@H]1C(=O)N1C[C@]2(C[C@H]1C#N)C(=O)Nc1ccccc12)C(C)(C)C,6.0,1000.0,1,CHEMBL5894232,Replicase polyprotein 1ab
CC(C)OC(=O)N[C@@H](CC1CC1)C(=O)N(C)[C@@H](CC(C)(C)C)C(=O)N1C[C@]2(C[C@H]1C#N)C(=O)Nc1ccccc12,7.0,100.0,1,CHEMBL5839991,Replicase polyprotein 1ab
CC(C)OC(=O)N[C@H](C(=O)N(C)[C@@H](Cc1ccccc1)C(=O)N1C[C@]2(C[C@H]1C#N)C(=O)Nc1ccccc12)C(C)(C)C,7.0,100.0,1,CHEMBL5985253,Replicase polyprotein 1ab
CC(C)OCCNC(=O)c1cc2c(=O)n3ccccc3nc2n1C,3.905266906246218,124375.0,1,CHEMBL5441834,Replicase polyprotein 1ab
CC(C)O[C@@H]1C[C@@H]2CC(=O)N(C)[C@H](Cc3ccc(Cl)cc3Cl)C(=O)NCCCCC/C=C/c3cncc(c3)C(=O)N2C1,8.0,10.0,1,CHEMBL6151358,Replicase polyprotein 1ab
CC(C)Oc1cccc2[nH]c(C(=O)N3C[C@H]4[C@@H]([C@H]3C(=O)N[C@H](C=O)C[C@@H]3CCNC3=O)C4(C)C)cc12,7.552841968657781,28.0,1,CHEMBL5570816,Replicase polyprotein 1ab
CC(C)SCn1cnc2cnn(C)c2c1=O,4.229147988357856,59000.0,1,CHEMBL5436474,Replicase polyprotein 1ab
CC(C)[C@@H](CCN(C)C(=O)c1cc2nccnc2cc1F)Nc1ncnc2[nH]ccc12,4.002176919254275,99500.0,1,CHEMBL5441929,Replicase polyprotein 1ab
CC(C)[C@@H](CCN(C)C(=O)c1cccc2cc(F)ccc12)Nc1ncnc2[nH]ccc12,4.002176919254275,99500.0,1,CHEMBL5441799,Replicase polyprotein 1ab
CC(C)[C@@H](CCN(C)C(=O)c1nn(C)c2ccc(F)cc12)Nc1ncnc2[nH]ccc12,4.002176919254275,99500.0,1,CHEMBL5442111,Replicase polyprotein 1ab
CC(C)[C@@H](CN1CCCCC1)Nc1ncnc2[nH]ccc12,4.002176919254275,99500.0,1,CHEMBL5442130,Replicase polyprotein 1ab
CC(C)[C@@H](CO)NC(=O)c1c[nH]c2c(NC(=O)NC3CC3)cccc12,4.002176919254275,99500.0,1,CHEMBL5441837,Replicase polyprotein 1ab
CC(C)[C@@H](Cc1ccc(F)cc1)NC(=O)c1ncnc2[nH]ccc12,4.002176919254275,99500.0,1,CHEMBL5441730,Replicase polyprotein 1ab
CC(C)[C@@H](NC(=O)C(F)(F)F)C(=O)N[C@@H](CC(C)(C)C)C(=O)N1C[C@]2(C[C@H]1C#N)C(=O)Nc1ccccc12,6.259637310505756,550.0,1,CHEMBL5884535,Replicase polyprotein 1ab
CC(C)[C@@H](NC(=O)C1CCC(F)(F)CC1)C(=O)N[C@H](Cc1ccccc1)C(=O)C(=O)NCc1ccccn1,7.5718652059712115,26.8,1,CHEMBL5632372,Replicase polyprotein 1ab
CC(C)[C@@H](NC(=O)Cc1ncnc2[nH]ccc12)c1ccc2c(c1)S(=O)(=O)CCC2,4.002176919254275,99500.0,1,CHEMBL5441597,Replicase polyprotein 1ab
CC(C)[C@@H](NC(=O)F)C(=O)N(C)[C@@H](Cc1ccccc1)C(=O)N1C[C@]2(C[C@H]1C#N)C(=O)Nc1ccccc12,7.0,100.0,1,CHEMBL6035565,Replicase polyprotein 1ab
CC(C)[C@@H](NC(=O)OC(C)(C)C)C(=O)N(C)[C@@H](Cc1ccccc1)C(=O)N1C[C@]2(C[C@H]1C#N)C(=O)Nc1ccccc12,7.0,100.0,1,CHEMBL5943633,Replicase polyprotein 1ab
CC(C)[C@@H](NC(=O)OCc1ccccc1)C(=O)N[C@@H](CC(C)(C)C)C(=O)N1C[C@]2(C[C@H]1C#N)C(=O)Nc1ccccc12,7.0,100.0,1,CHEMBL6045040,Replicase polyprotein 1ab
CC(C)[C@@H](NC(=O)c1c[nH]c2c(NC(=O)NC3CC3)cccc12)C(F)F,4.002176919254275,99500.0,1,CHEMBL5441713,Replicase polyprotein 1ab
CC(C)[C@@H](NC(=O)c1cc2c(F)cc(F)c(F)c2[nH]1)C(=O)N[C@@H](CC(C)(C)C)C(=O)N1C[C@]2(C[C@H]1C#N)C(=O)Nc1ccccc12,6.0,1000.0,1,CHEMBL5779498,Replicase polyprotein 1ab
CC(C)[C@@H](NC(=O)c1ccccn1)c1ccc2c(c1)OCCO2,4.002176919254275,99500.0,1,CHEMBL5442108,Replicase polyprotein 1ab
CC(C)[C@@H](NC(=O)c1ccnc(-n2ccnc2)c1)c1ccc2c(c1)OCCO2,4.002176919254275,99500.0,1,CHEMBL5442115,Replicase polyprotein 1ab
CC(C)[C@@H](NC(=O)c1ccnc2ccccc12)c1ccc2c(c1)OCCO2,4.002176919254275,99500.0,1,CHEMBL5442064,Replicase polyprotein 1ab
CC(C)[C@@H](NC(=O)c1cnn(-c2ccccc2)n1)c1ccc2c(c1)OCCO2,4.002176919254275,99500.0,1,CHEMBL5441848,Replicase polyprotein 1ab
CC(C)[C@@H](NC(=O)c1ncnc2[nH]ccc12)c1ccc2c(c1)S(=O)(=O)CCC2,4.002176919254275,99500.0,1,CHEMBL5442082,Replicase polyprotein 1ab
CC(C)[C@@H](NCc1ccc(-n2cccn2)cc1)c1ccc2c(c1)OCCO2,4.002176919254275,99500.0,1,CHEMBL5442007,Replicase polyprotein 1ab
CC(C)[C@@H](NCc1ccc(-n2ccnc2)cc1)c1ccc2c(c1)OCCO2,4.002176919254275,99500.0,1,CHEMBL5442040,Replicase polyprotein 1ab
CC(C)[C@@H](NCc1cccc2[nH]ccc12)c1ccc2c(c1)OCCO2,4.002176919254275,99500.0,1,CHEMBL5442137,Replicase polyprotein 1ab
CC(C)[C@@H](NCc1ncc[nH]1)c1ccc2c(c1)OCCO2,4.002176919254275,99500.0,1,CHEMBL5441974,Replicase polyprotein 1ab
CC(C)[C@@H](Nc1c(N)cnc2[nH]ccc12)c1ccc2c(c1)S(=O)(=O)CCC2,4.002176919254275,99500.0,1,CHEMBL5441477,Replicase polyprotein 1ab
CC(C)[C@@H](Nc1cc(-c2c[nH]cn2)ncn1)c1ccc2c(c1)OCCO2,4.002176919254275,99500.0,1,CHEMBL5441529,Replicase polyprotein 1ab
CC(C)[C@@H](Nc1cc(-c2cc[nH]n2)ncn1)c1ccc2c(c1)OCCO2,4.002176919254275,99500.0,1,CHEMBL5441816,Replicase polyprotein 1ab
CC(C)[C@@H](Nc1cc(-n2ccnn2)ncn1)c1ccc2c(c1)S(=O)(=O)CCC2,4.002176919254275,99500.0,1,CHEMBL5441461,Replicase polyprotein 1ab
CC(C)[C@@H](Nc1cc(-n2nccn2)ncn1)c1ccc2c(c1)S(=O)(=O)CCC2,4.002176919254275,99500.0,1,CHEMBL5442024,Replicase polyprotein 1ab
CC(C)[C@@H](Nc1cc(C(N)=O)ccn1)c1ccc2c(c1)S(=O)(=O)CCC2,4.002176919254275,99500.0,1,CHEMBL5441839,Replicase polyprotein 1ab
CC(C)[C@@H](Nc1cc(N)ncn1)c1ccc2c(c1)S(=O)(=O)CCC2,4.358287985090114,43824.0,1,CHEMBL5441563,Replicase polyprotein 1ab
CC(C)[C@@H](Nc1cc(N2CCC[C@H]2C(=O)O)ncn1)c1ccc2c(c1)S(=O)(=O)CCC2,4.002176919254275,99500.0,1,CHEMBL5442034,Replicase polyprotein 1ab
CC(C)[C@@H](Nc1cc(N2CCNCC2)ncn1)c1ccc2c(c1)S(=O)(=O)CCC2,4.002176919254275,99500.0,1,CHEMBL5442132,Replicase polyprotein 1ab
CC(C)[C@@H](Nc1cc(N2CCOCC2)ncn1)c1ccc2c(c1)S(=O)(=O)CCC2,4.002176919254275,99500.0,1,CHEMBL5441522,Replicase polyprotein 1ab
CC(C)[C@@H](Nc1cc(NCC(F)(F)F)ncn1)c1ccc2c(c1)S(=O)(=O)CCC2,5.648783654660658,2245.0,1,CHEMBL5442069,Replicase polyprotein 1ab
CC(C)[C@@H](Nc1ccc(NC(=O)NC2CC2)cc1)c1ccc2c(c1)OCCO2,4.002176919254275,99500.0,1,CHEMBL5441606,Replicase polyprotein 1ab
CC(C)[C@@H](Nc1cccc2nc[nH]c(=O)c12)c1ccc2c(c1)S(=O)(=O)CCC2,4.002176919254275,99500.0,2,CHEMBL5441624,Replicase polyprotein 1ab
CC(C)[C@@H](Nc1ccnc2[nH]ccc12)c1ccc2c(c1)S(=O)(=O)CCC2,4.002176919254275,99500.0,2,CHEMBL5441582,Replicase polyprotein 1ab
CC(C)[C@@H](Nc1ccnc2[nH]ncc12)c1ccc2c(c1)S(=O)(=O)CCC2,4.002176919254275,99500.0,1,CHEMBL5441670,Replicase polyprotein 1ab
CC(C)[C@@H](Nc1ccnc2nccn12)c1ccc2c(c1)S(=O)(=O)CCC2,4.002176919254275,99500.0,1,CHEMBL5441532,Replicase polyprotein 1ab
CC(C)[C@@H](Nc1ccnc2nn[nH]c12)c1ccc2c(c1)S(=O)(=O)CCC2,4.002176919254275,99500.0,1,CHEMBL5441531,Replicase polyprotein 1ab
CC(C)[C@@H](Nc1ccncn1)c1ccc2c(c1)S(=O)(=O)CCC2,4.002176919254275,99500.0,1,CHEMBL5442133,Replicase polyprotein 1ab
CC(C)[C@@H](Nc1cnc(C(=O)O)cn1)c1ccc2c(c1)OCCO2,4.002176919254275,99500.0,1,CHEMBL5441817,Replicase polyprotein 1ab
CC(C)[C@@H](Nc1cnc2[nH]cnc2c1)c1ccc2c(c1)S(=O)(=O)CCC2,4.002176919254275,99500.0,1,CHEMBL5442000,Replicase polyprotein 1ab
CC(C)[C@@H](Nc1n[nH]c2ncccc12)c1ccc2c(c1)S(=O)(=O)CCC2,4.361091626534814,43542.0,1,CHEMBL5441727,Replicase polyprotein 1ab
CC(C)[C@@H](Nc1nc(C(F)F)nc2ccccc12)c1ccc2c(c1)OCCO2,4.002176919254275,99500.0,1,CHEMBL5441858,Replicase polyprotein 1ab
CC(C)[C@@H](Nc1nc(C2CC2)nc2[nH]ccc12)c1ccc2c(c1)OCCO2,4.002176919254275,99500.0,1,CHEMBL5442122,Replicase polyprotein 1ab
CC(C)[C@@H](Nc1nc(N(C)C)nc2[nH]ccc12)c1ccc2c(c1)OCCO2,4.002176919254275,99500.0,1,CHEMBL5441722,Replicase polyprotein 1ab
CC(C)[C@@H](Nc1ncc2c(n1)CCCC2)c1ccc2c(c1)OCCO2,4.002176919254275,99500.0,1,CHEMBL5441807,Replicase polyprotein 1ab
CC(C)[C@@H](Nc1nccc2[nH]c(=O)[nH]c12)c1ccc2c(c1)S(=O)(=O)CCC2,4.002176919254275,99500.0,1,CHEMBL5441846,Replicase polyprotein 1ab
CC(C)[C@@H](Nc1ncnc(N)c1Cl)c1ccc2c(c1)S(=O)(=O)CCC2,5.791289980093599,1617.0,3,CHEMBL5441819,Replicase polyprotein 1ab
CC(C)[C@@H](Nc1ncnc(N2CCCC2)n1)c1ccc2c(c1)S(=O)(=O)CCC2,4.002176919254275,99500.0,1,CHEMBL5441564,Replicase polyprotein 1ab
CC(C)[C@@H](Nc1ncnc2[nH]c(-c3[nH]ncc3C3CC3)cc12)c1ccc2c(c1)OCCO2,4.81904078848258,15196.5,2,CHEMBL5441643,Replicase polyprotein 1ab
CC(C)[C@@H](Nc1ncnc2[nH]c(-c3cc(-c4ccccc4)n[nH]3)cc12)c1ccc2c(c1)OCCO2,4.002176919254275,99500.0,1,CHEMBL5441472,Replicase polyprotein 1ab
CC(C)[C@@H](Nc1ncnc2[nH]c(-c3cc(O)nc4ccccc34)cc12)c1ccc2c(c1)S(=O)(=O)CCC2,5.776504059037605,1673.0,1,CHEMBL5441930,Replicase polyprotein 1ab
CC(C)[C@@H](Nc1ncnc2[nH]c(-c3cc4c(C#N)cccc4[nH]3)cc12)c1ccc2c(c1)OCCO2,4.002176919254275,99500.0,1,CHEMBL5441866,Replicase polyprotein 1ab
CC(C)[C@@H](Nc1ncnc2[nH]c(-c3cc4c(cc3F)NC(=O)CC4)cc12)c1ccc2c(c1)S(=O)(=O)CCC2,6.527243550682788,297.0,3,CHEMBL5441856,Replicase polyprotein 1ab
CC(C)[C@@H](Nc1ncnc2[nH]c(-c3cc[nH]c3)cc12)c1ccc2c(c1)OCCO2,5.307333342462847,4944.0,2,CHEMBL5441587,Replicase polyprotein 1ab
CC(C)[C@@H](Nc1ncnc2[nH]c(-c3cc[nH]n3)cc12)c1ccc2c(c1)OCCO2,5.733970907024474,1845.5,2,CHEMBL5441883,Replicase polyprotein 1ab
CC(C)[C@@H](Nc1ncnc2[nH]c(-c3ccc(-n4cccn4)cc3)cc12)c1ccc2c(c1)OCCO2,4.002176919254275,99500.0,1,CHEMBL5441509,Replicase polyprotein 1ab
CC(C)[C@@H](Nc1ncnc2[nH]c(-c3ccc(=O)n(C)c3)cc12)c1ccc2c(c1)S(=O)(=O)CCC2,7.318758762624412,48.0,5,CHEMBL5441871,Replicase polyprotein 1ab
CC(C)[C@@H](Nc1ncnc2[nH]c(-c3ccc(C#N)nc3)cc12)c1ccc2c(c1)OCCO2,5.702106988904179,1990.5,2,CHEMBL5441794,Replicase polyprotein 1ab
CC(C)[C@@H](Nc1ncnc2[nH]c(-c3ccc(C4(C#N)CC4)cc3)cc12)c1ccc2c(c1)OCCO2,4.002176919254275,99500.0,1,CHEMBL5441809,Replicase polyprotein 1ab
CC(C)[C@@H](Nc1ncnc2[nH]c(-c3ccc(CC#N)cc3)cc12)c1ccc2c(c1)OCCO2,4.558559697751847,27660.5,2,CHEMBL5442006,Replicase polyprotein 1ab
CC(C)[C@@H](Nc1ncnc2[nH]c(-c3ccc(S(=O)(=O)NCCO)cc3)cc12)c1ccc2c(c1)S(=O)(=O)CCC2,7.0,100.0,3,CHEMBL5441473,Replicase polyprotein 1ab
CC(C)[C@@H](Nc1ncnc2[nH]c(-c3ccc(S(C)(=O)=O)nc3)cc12)c1ccc2c(c1)S(=O)(=O)CCC2,7.221848749616356,60.0,5,CHEMBL5441829,Replicase polyprotein 1ab
CC(C)[C@@H](Nc1ncnc2[nH]c(-c3ccc(S(N)(=O)=O)c4nsnc34)cc12)c1ccc2c(c1)S(=O)(=O)CCC2,6.616184634019569,242.0,1,CHEMBL5441570,Replicase polyprotein 1ab
CC(C)[C@@H](Nc1ncnc2[nH]c(-c3ccc(S(N)(=O)=O)cc3)cc12)c1ccc2c(c1)OCCO2,5.764654690471895,1721.5,2,CHEMBL5441961,Replicase polyprotein 1ab
CC(C)[C@@H](Nc1ncnc2[nH]c(-c3ccc4[nH]ncc4c3)cc12)c1ccc2c(c1)OCCO2,4.697797028310722,20058.0,2,CHEMBL5442039,Replicase polyprotein 1ab
CC(C)[C@@H](Nc1ncnc2[nH]c(-c3ccc4c(c3)C(C)(C)C(=O)N4)cc12)c1ccc2c(c1)S(=O)(=O)CCC2,6.476253533188435,334.0,1,CHEMBL5441517,Replicase polyprotein 1ab
CC(C)[C@@H](Nc1ncnc2[nH]c(-c3ccc4cncn4c3)cc12)c1ccc2c(c1)S(=O)(=O)CCC2,6.966185641635877,109.0,2,CHEMBL5441425,Replicase polyprotein 1ab
CC(C)[C@@H](Nc1ncnc2[nH]c(-c3ccc4nccn4c3)cc12)c1ccc2c(c1)OCCO2,5.902056812793409,1259.0,2,CHEMBL5442027,Replicase polyprotein 1ab
CC(C)[C@@H](Nc1ncnc2[nH]c(-c3ccc4nnn(C)c4c3)cc12)c1ccc2c(c1)S(=O)(=O)CCC2,7.035290537142854,92.5,2,CHEMBL5441419,Replicase polyprotein 1ab
CC(C)[C@@H](Nc1ncnc2[nH]c(-c3cccc(-n4cnnn4)c3)cc12)c1ccc2c(c1)S(=O)(=O)CCC2,6.617982957425132,241.0,1,CHEMBL5441459,Replicase polyprotein 1ab
CC(C)[C@@H](Nc1ncnc2[nH]c(-c3cccc(C#N)c3)cc12)c1ccc2c(c1)OCCO2,4.702736681421133,19946.5,2,CHEMBL5442050,Replicase polyprotein 1ab
CC(C)[C@@H](Nc1ncnc2[nH]c(-c3cccc(CN4CCCS4(=O)=O)c3)cc12)c1ccc2c(c1)OCCO2,4.002176919254275,99500.0,1,CHEMBL5441657,Replicase polyprotein 1ab
CC(C)[C@@H](Nc1ncnc2[nH]c(-c3cccc(CN4CCS(=O)(=O)CC4)c3)cc12)c1ccc2c(c1)OCCO2,5.462306805632609,3449.0,3,CHEMBL5441725,Replicase polyprotein 1ab
CC(C)[C@@H](Nc1ncnc2[nH]c(-c3cccc(Cn4ccnc4)c3)cc12)c1ccc2c(c1)OCCO2,4.002176919254275,99500.0,1,CHEMBL5441752,Replicase polyprotein 1ab
CC(C)[C@@H](Nc1ncnc2[nH]c(-c3cccc(NC(N)=O)c3)cc12)c1ccc2c(c1)OCCO2,5.2611838104947,5492.0,2,CHEMBL5441492,Replicase polyprotein 1ab
CC(C)[C@@H](Nc1ncnc2[nH]c(-c3cccc4c3CN(C)C4=O)cc12)c1ccc2c(c1)OCCO2,5.631519561195404,2344.0,2,CHEMBL5441576,Replicase polyprotein 1ab
CC(C)[C@@H](Nc1ncnc2[nH]c(-c3cccc4c3NC(=O)C4)cc12)c1ccc2c(c1)S(=O)(=O)CCC2,6.443697499232712,360.0,1,CHEMBL5441571,Replicase polyprotein 1ab
CC(C)[C@@H](Nc1ncnc2[nH]c(-c3ccco3)cc12)c1ccc2c(c1)OCCO2,5.2112816760851,6148.0,2,CHEMBL5441705,Replicase polyprotein 1ab
CC(C)[C@@H](Nc1ncnc2[nH]c(-c3ccn(C(C)C)n3)cc12)c1ccc2c(c1)OCCO2,5.612976966654395,2444.0,2,CHEMBL5441765,Replicase polyprotein 1ab
CC(C)[C@@H](Nc1ncnc2[nH]c(-c3ccn(C)c(=O)c3)cc12)c1ccc2c(c1)S(=O)(=O)CCC2,7.130768280269024,74.0,3,CHEMBL5441896,Replicase polyprotein 1ab
CC(C)[C@@H](Nc1ncnc2[nH]c(-c3ccn(C)n3)cc12)c1ccc2c(c1)OCCO2,6.001016889216957,998.0,2,CHEMBL5441683,Replicase polyprotein 1ab
CC(C)[C@@H](Nc1ncnc2[nH]c(-c3ccn4cnnc4c3)cc12)c1ccc2c(c1)S(=O)(=O)CCC2,7.031517051446065,93.0,3,CHEMBL5442008,Replicase polyprotein 1ab
CC(C)[C@@H](Nc1ncnc2[nH]c(-c3ccnc(C#N)c3)cc12)c1ccc2c(c1)OCCO2,5.666634614924086,2155.5,2,CHEMBL5441956,Replicase polyprotein 1ab
CC(C)[C@@H](Nc1ncnc2[nH]c(-c3ccnc(N4CCCC4)c3)cc12)c1ccc2c(c1)OCCO2,4.77205975532217,16905.0,2,CHEMBL5441812,Replicase polyprotein 1ab
CC(C)[C@@H](Nc1ncnc2[nH]c(-c3ccnc(OCCN(C)C)c3)cc12)c1ccc2c(c1)S(=O)(=O)CCC2,6.943095148663527,114.0,1,CHEMBL5442158,Replicase polyprotein 1ab
CC(C)[C@@H](Nc1ncnc2[nH]c(-c3ccnn3C(C)C)cc12)c1ccc2c(c1)OCCO2,5.526114486553095,2978.0,2,CHEMBL5442144,Replicase polyprotein 1ab
CC(C)[C@@H](Nc1ncnc2[nH]c(-c3ccnn3C)cc12)c1ccc2c(c1)OCCO2,6.079876673709276,832.0,3,CHEMBL5441580,Replicase polyprotein 1ab
CC(C)[C@@H](Nc1ncnc2[nH]c(-c3ccnn3C3CC3)cc12)c1ccc2c(c1)OCCO2,5.938890094255971,1153.5,2,CHEMBL5441781,Replicase polyprotein 1ab
CC(C)[C@@H](Nc1ncnc2[nH]c(-c3ccnn3C3CCC3)cc12)c1ccc2c(c1)OCCO2,5.154847901483775,7177.5,2,CHEMBL5441515,Replicase polyprotein 1ab
CC(C)[C@@H](Nc1ncnc2[nH]c(-c3ccnn3CC3CC3)cc12)c1ccc2c(c1)OCCO2,5.391327526130462,4064.5,2,CHEMBL5441630,Replicase polyprotein 1ab
CC(C)[C@@H](Nc1ncnc2[nH]c(-c3ccoc3)cc12)c1ccc2c(c1)OCCO2,5.801625708626007,1580.0,2,CHEMBL5442110,Replicase polyprotein 1ab
CC(C)[C@@H](Nc1ncnc2[nH]c(-c3ccoc3C#N)cc12)c1ccc2c(c1)OCCO2,5.570665424944496,2687.5,2,CHEMBL5441468,Replicase polyprotein 1ab
CC(C)[C@@H](Nc1ncnc2[nH]c(-c3cn(C)nc3C#N)cc12)c1ccc2c(c1)OCCO2,6.067077135183798,857.0,2,CHEMBL5441882,Replicase polyprotein 1ab
CC(C)[C@@H](Nc1ncnc2[nH]c(-c3cn(C)nc3C3CC3)cc12)c1ccc2c(c1)OCCO2,5.925184174789612,1188.0,2,CHEMBL5441797,Replicase polyprotein 1ab
CC(C)[C@@H](Nc1ncnc2[nH]c(-c3cn[nH]c3)cc12)c1ccc2c(c1)OCCO2,6.139721491144542,725.0,2,CHEMBL5441851,Replicase polyprotein 1ab
CC(C)[C@@H](Nc1ncnc2[nH]c(-c3cn[nH]c3)cc12)c1ccc2c(c1)S(=O)(=O)CCC2,7.221848749616356,60.0,5,CHEMBL5442054,Replicase polyprotein 1ab
CC(C)[C@@H](Nc1ncnc2[nH]c(-c3cnc(C#N)nc3)cc12)c1ccc2c(c1)OCCO2,5.59903196835749,2517.5,2,CHEMBL5441972,Replicase polyprotein 1ab
CC(C)[C@@H](Nc1ncnc2[nH]c(-c3cnc(C4CC4)o3)cc12)c1ccc2c(c1)OCCO2,5.4546509037830635,3518.5,2,CHEMBL5441687,Replicase polyprotein 1ab
CC(C)[C@@H](Nc1ncnc2[nH]c(-c3cnc(N)nc3)cc12)c1ccc2c(c1)S(=O)(=O)CCC2,7.070581074285707,85.0,3,CHEMBL5441689,Replicase polyprotein 1ab
CC(C)[C@@H](Nc1ncnc2[nH]c(-c3cnc(N4CC(O)C4)nc3)cc12)c1ccc2c(c1)S(=O)(=O)CCC2,7.026872146400302,94.0,3,CHEMBL5441716,Replicase polyprotein 1ab
CC(C)[C@@H](Nc1ncnc2[nH]c(-c3cnc4c(c3)CC(=O)N4)cc12)c1ccc2c(c1)OCCO2,5.854427174498555,1402.0,2,CHEMBL5441822,Replicase polyprotein 1ab
CC(C)[C@@H](Nc1ncnc2[nH]c(-c3cnc4c(c3)nnn4C)cc12)c1ccc2c(c1)S(=O)(=O)CCC2,6.617982957425132,241.0,3,CHEMBL5441987,Replicase polyprotein 1ab
CC(C)[C@@H](Nc1ncnc2[nH]c(-c3cnc4n3CCC4)cc12)c1ccc2c(c1)S(=O)(=O)CCC2,7.292429823902063,51.0,5,CHEMBL5441813,Replicase polyprotein 1ab
CC(C)[C@@H](Nc1ncnc2[nH]c(-c3cncc(C#N)c3)cc12)c1ccc2c(c1)OCCO2,5.191336715580913,6470.5,2,CHEMBL5441802,Replicase polyprotein 1ab
CC(C)[C@@H](Nc1ncnc2[nH]c(-c3cncc(C(=O)N(C)C)c3)cc12)c1ccc2c(c1)OCCO2,6.106988635383456,782.5,2,CHEMBL5441724,Replicase polyprotein 1ab
CC(C)[C@@H](Nc1ncnc2[nH]c(-c3cncc(OCCN(C)C)c3)cc12)c1ccc2c(c1)OCCO2,6.04721727282481,897.0,2,CHEMBL5441780,Replicase polyprotein 1ab
CC(C)[C@@H](Nc1ncnc2[nH]c(-c3cncc(S(C)(=O)=O)c3)cc12)c1ccc2c(c1)S(=O)(=O)CCC2,7.173249026518533,68.0,4,CHEMBL5441426,Replicase polyprotein 1ab
CC(C)[C@@H](Nc1ncnc2[nH]c(-c3cncn3C)cc12)c1ccc2c(c1)OCCO2,5.1843941528387285,6592.0,2,CHEMBL5441609,Replicase polyprotein 1ab
CC(C)[C@@H](Nc1ncnc2[nH]c(-c3cncnc3)cc12)c1ccc2c(c1)S(=O)(=O)CCC2,6.320572103387881,478.0,3,CHEMBL5441696,Replicase polyprotein 1ab
CC(C)[C@@H](Nc1ncnc2[nH]c(-c3cnn(-c4ccc(F)cc4)c3)cc12)c1ccc2c(c1)OCCO2,4.574060596528891,26674.0,2,CHEMBL5441589,Replicase polyprotein 1ab
CC(C)[C@@H](Nc1ncnc2[nH]c(-c3cnn(C(C)C)c3)cc12)c1ccc2c(c1)OCCO2,6.063486257521107,864.0,3,CHEMBL5442015,Replicase polyprotein 1ab
CC(C)[C@@H](Nc1ncnc2[nH]c(-c3cnn(C(C)C)c3C#N)cc12)c1ccc2c(c1)OCCO2,5.714551382169375,1931.5,2,CHEMBL5441619,Replicase polyprotein 1ab
CC(C)[C@@H](Nc1ncnc2[nH]c(-c3cnn(C(C)C)n3)cc12)c1ccc2c(c1)OCCO2,5.720765478663894,1914.5,2,CHEMBL5442153,Replicase polyprotein 1ab
CC(C)[C@@H](Nc1ncnc2[nH]c(-c3cnn(C)c3)cc12)c1ccc2c(c1)OCCO2,6.210419287835575,616.0,3,CHEMBL5441620,Replicase polyprotein 1ab
CC(C)[C@@H](Nc1ncnc2[nH]c(-c3cnn(C)c3)cc12)c1ccc2c(c1)S(=O)(=O)CCC2,7.468521082957745,34.0,12,CHEMBL5441420,Replicase polyprotein 1ab
CC(C)[C@@H](Nc1ncnc2[nH]c(-c3cnn(C)c3)cc12)c1ccc2c(c1)S(=O)(=O)CCO2,7.329480684161238,47.0,2,CHEMBL5441982,Replicase polyprotein 1ab
CC(C)[C@@H](Nc1ncnc2[nH]c(-c3cnn(C)c3)cc12)c1ccc2c(c1)S(=O)(=O)NCC2,7.196433397804217,64.0,2,CHEMBL5441397,Replicase polyprotein 1ab
CC(C)[C@@H](Nc1ncnc2[nH]c(-c3cnn(C)c3C#N)cc12)c1ccc2c(c1)NC(=O)CO2,6.671620396561262,213.0,3,CHEMBL5441652,Replicase polyprotein 1ab
CC(C)[C@@H](Nc1ncnc2[nH]c(-c3cnn(C)c3C#N)cc12)c1ccc2c(c1)OCCO2,6.282329496997738,522.0,4,CHEMBL5441416,Replicase polyprotein 1ab
CC(C)[C@@H](Nc1ncnc2[nH]c(-c3cnn(C)c3C#N)cc12)c1ccc2c(c1)S(=O)(=O)CCC2,6.127364988005506,11137.5,2,CHEMBL5441435,Replicase polyprotein 1ab
CC(C)[C@@H](Nc1ncnc2[nH]c(-c3cnn(C)c3C#N)cc12)c1ccc2c(n1)NC(=O)CO2,5.47696510383803,43498.0,2,CHEMBL5441434,Replicase polyprotein 1ab
CC(C)[C@@H](Nc1ncnc2[nH]c(-c3cnn(C)c3C#N)cc12)c1ccc2c(n1)OCCO2,7.167491087293763,68.0,9,CHEMBL5441414,Replicase polyprotein 1ab
CC(C)[C@@H](Nc1ncnc2[nH]c(-c3cnn(C)n3)cc12)c1ccc2c(c1)OCCO2,6.300383859151896,501.0,2,CHEMBL5441440,Replicase polyprotein 1ab
CC(C)[C@@H](Nc1ncnc2[nH]c(-c3cnn(C4(C(N)=O)CC4)c3)cc12)c1ccc2c(c1)OCCO2,5.882728704344236,1310.0,3,CHEMBL5441508,Replicase polyprotein 1ab
CC(C)[C@@H](Nc1ncnc2[nH]c(-c3cnn(C4CC4)c3)cc12)c1ccc2c(c1)OCCO2,5.949233688766958,1124.0,3,CHEMBL5441634,Replicase polyprotein 1ab
CC(C)[C@@H](Nc1ncnc2[nH]c(-c3cnn(C4CCC4)c3)cc12)c1ccc2c(c1)OCCO2,5.852632892206214,1404.0,3,CHEMBL5441938,Replicase polyprotein 1ab
CC(C)[C@@H](Nc1ncnc2[nH]c(-c3cnn(C4CCC4)n3)cc12)c1ccc2c(c1)OCCO2,5.411356504851861,3878.5,2,CHEMBL5441952,Replicase polyprotein 1ab
CC(C)[C@@H](Nc1ncnc2[nH]c(-c3cnn(CC(=O)N(C)C)c3)cc12)c1ccc2c(c1)OCCO2,6.501689446210399,315.0,3,CHEMBL5441432,Replicase polyprotein 1ab
CC(C)[C@@H](Nc1ncnc2[nH]c(-c3cnn(CC(=O)N(C)C)c3)cc12)c1ccc2c(c1)S(=O)(=O)CCC2,7.481486060122112,33.0,7,CHEMBL5441433,Replicase polyprotein 1ab
CC(C)[C@@H](Nc1ncnc2[nH]c(-c3cnn(CC(N)=O)c3)cc12)c1ccc2c(c1)NC(=O)CO2,6.60345419991171,250.0,4,CHEMBL5441823,Replicase polyprotein 1ab
CC(C)[C@@H](Nc1ncnc2[nH]c(-c3cnn(CC(N)=O)c3)cc12)c1ccc2c(c1)OCCO2,6.5154365460655566,309.5,4,CHEMBL5441441,Replicase polyprotein 1ab
CC(C)[C@@H](Nc1ncnc2[nH]c(-c3cnn(CC(N)=O)c3)cc12)c1ccc2c(c1)S(=O)(=O)CCC2,6.30826107546701,2266.0,4,CHEMBL5441429,Replicase polyprotein 1ab
CC(C)[C@@H](Nc1ncnc2[nH]c(-c3cnn(CC(N)=O)c3)cc12)c1ccc2c(n1)NC(=O)CO2,6.519993057042849,302.0,3,CHEMBL5442036,Replicase polyprotein 1ab
CC(C)[C@@H](Nc1ncnc2[nH]c(-c3cnn(CC(N)=O)c3)cc12)c1ccc2c(n1)OCCO2,6.872895201635193,134.0,3,CHEMBL5441422,Replicase polyprotein 1ab
CC(C)[C@@H](Nc1ncnc2[nH]c(-c3cnn(CC4(C#N)CC4)c3)cc12)c1ccc2c(c1)OCCO2,6.363191522726095,433.5,2,CHEMBL5442120,Replicase polyprotein 1ab
CC(C)[C@@H](Nc1ncnc2[nH]c(-c3cnn(CC4CC4)c3)cc12)c1ccc2c(c1)OCCO2,6.081897460042013,828.5,2,CHEMBL5442100,Replicase polyprotein 1ab
CC(C)[C@@H](Nc1ncnc2[nH]c(-c3cnn(CCC(N)=O)c3)cc12)c1ccc2c(c1)OCCO2,6.529229377061215,296.5,2,CHEMBL5441423,Replicase polyprotein 1ab
CC(C)[C@@H](Nc1ncnc2[nH]c(-c3cnn([C@@H](C)C(N)=O)c3)cc12)c1ccc2c(c1)OCCO2,6.303643611266668,497.0,3,CHEMBL5441764,Replicase polyprotein 1ab
CC(C)[C@@H](Nc1ncnc2[nH]c(-c3cnoc3)cc12)c1ccc2c(c1)OCCO2,4.263260128035901,64699.5,2,CHEMBL5441555,Replicase polyprotein 1ab
CC(C)[C@@H](Nc1ncnc2[nH]c(Br)cc12)c1ccc2c(c1)S(=O)(=O)CCC2,6.4736607226101555,336.0,1,CHEMBL5441739,Replicase polyprotein 1ab
CC(C)[C@@H](Nc1ncnc2[nH]c(C(=O)N(C)C)cc12)c1ccc2c(c1)OCCO2,4.692140494102045,20374.0,2,CHEMBL5441990,Replicase polyprotein 1ab
CC(C)[C@@H](Nc1ncnc2[nH]c(C(=O)NC3(CF)COC3)cc12)c1ccc2c(c1)OCCO2,5.8305981048550155,1497.5,2,CHEMBL5441486,Replicase polyprotein 1ab
CC(C)[C@@H](Nc1ncnc2[nH]c(C(=O)NC34CC(C#N)(C3)C4)cc12)c1ccc2c(c1)OCCO2,5.7911565613867255,1642.5,2,CHEMBL5442107,Replicase polyprotein 1ab
CC(C)[C@@H](Nc1ncnc2[nH]c(C(=O)NC3CCN(C)CC3)cc12)c1ccc2c(c1)S(=O)(=O)CCC2,6.681936665037238,208.0,1,CHEMBL5441835,Replicase polyprotein 1ab
CC(C)[C@@H](Nc1ncnc2[nH]c(C(=O)NC3CN(C)C3)cc12)c1ccc2c(c1)OCCO2,5.662659428954074,2358.5,2,CHEMBL5442087,Replicase polyprotein 1ab
CC(C)[C@@H](Nc1ncnc2[nH]c(C(=O)NC3CN(C)C3)cc12)c1ccc2c(c1)S(=O)(=O)CCC2,6.723538195826756,189.0,1,CHEMBL5442049,Replicase polyprotein 1ab
CC(C)[C@@H](Nc1ncnc2[nH]c(C(=O)NC3COC3)cc12)c1ccc2c(c1)OCCO2,5.97116865936984,1140.0,2,CHEMBL5442072,Replicase polyprotein 1ab
CC(C)[C@@H](Nc1ncnc2[nH]c(C(=O)NCC(C)(C)C#N)cc12)c1ccc2c(c1)OCCO2,5.525563775616293,3164.5,2,CHEMBL5441575,Replicase polyprotein 1ab
CC(C)[C@@H](Nc1ncnc2[nH]c(C(=O)NCC3(C#N)CC3)cc12)c1ccc2c(c1)OCCO2,5.770018636040308,1865.0,2,CHEMBL5441844,Replicase polyprotein 1ab
CC(C)[C@@H](Nc1ncnc2[nH]c(C(=O)NCC3(CO)CC3)cc12)c1ccc2c(c1)OCCO2,5.882908965421539,1470.0,2,CHEMBL5441506,Replicase polyprotein 1ab
CC(C)[C@@H](Nc1ncnc2[nH]c(C(=O)NCC3(CO)CCC3)cc12)c1ccc2c(c1)OCCO2,5.75870111190161,1820.5,2,CHEMBL5442037,Replicase polyprotein 1ab
CC(C)[C@@H](Nc1ncnc2[nH]c(C(=O)NCC3(F)CC3)cc12)c1ccc2c(c1)OCCO2,5.780825673511589,1688.5,2,CHEMBL5441954,Replicase polyprotein 1ab
CC(C)[C@@H](Nc1ncnc2[nH]c(C(=O)NCC3=NCCCN3)cc12)c1ccc2c(c1)OCCO2,5.270358185468611,5751.5,2,CHEMBL5441893,Replicase polyprotein 1ab
CC(C)[C@@H](Nc1ncnc2[nH]c(C(=O)NCC3CN(C)C3)cc12)c1ccc2c(c1)OCCO2,6.082427508346106,828.0,2,CHEMBL5441755,Replicase polyprotein 1ab
CC(C)[C@@H](Nc1ncnc2[nH]c(C(=O)NCCC(F)F)cc12)c1ccc2c(c1)OCCO2,5.975734041933606,1086.5,2,CHEMBL5441771,Replicase polyprotein 1ab
CC(C)[C@@H](Nc1ncnc2[nH]c(C(=O)NCCC3CN(C)C3)cc12)c1ccc2c(c1)OCCO2,6.048662481204082,894.0,1,CHEMBL5442045,Replicase polyprotein 1ab
CC(C)[C@@H](Nc1ncnc2[nH]c(C(=O)NCCc3c[nH]nn3)cc12)c1ccc2c(c1)OCCO2,5.956361889365153,1119.0,2,CHEMBL5441977,Replicase polyprotein 1ab
CC(C)[C@@H](Nc1ncnc2[nH]c(C(=O)NCCc3cn[nH]c3)cc12)c1ccc2c(c1)OCCO2,5.667076161692057,2382.5,2,CHEMBL5442077,Replicase polyprotein 1ab
CC(C)[C@@H](Nc1ncnc2[nH]c(C(=O)NCCc3cnco3)cc12)c1ccc2c(c1)OCCO2,5.86925484592754,1434.0,2,CHEMBL5441626,Replicase polyprotein 1ab
CC(C)[C@@H](Nc1ncnc2[nH]c(C(=O)NCCn3cncn3)cc12)c1ccc2c(c1)OCCO2,5.749579997691106,1780.0,1,CHEMBL5441647,Replicase polyprotein 1ab
CC(C)[C@@H](Nc1ncnc2[nH]c(C(=O)NC[C@@H]3CCOC3)cc12)c1ccc2c(c1)OCCO2,6.0885042942678975,863.5,2,CHEMBL5441754,Replicase polyprotein 1ab
CC(C)[C@@H](Nc1ncnc2[nH]c(C(=O)NCc3c[nH]cn3)cc12)c1ccc2c(c1)OCCO2,5.765272209058223,1859.0,2,CHEMBL5441533,Replicase polyprotein 1ab
CC(C)[C@@H](Nc1ncnc2[nH]c(C(=O)NCc3ccn(C)n3)cc12)c1ccc2c(c1)OCCO2,6.000648064875005,999.5,2,CHEMBL5442070,Replicase polyprotein 1ab
CC(C)[C@@H](Nc1ncnc2[nH]c(C(=O)NCc3ccno3)cc12)c1ccc2c(c1)OCCO2,6.091360143930117,810.5,2,CHEMBL5441495,Replicase polyprotein 1ab
CC(C)[C@@H](Nc1ncnc2[nH]c(C(=O)NCc3cnco3)cc12)c1ccc2c(c1)OCCO2,5.974740135551924,1198.5,2,CHEMBL5441892,Replicase polyprotein 1ab
CC(C)[C@@H](Nc1ncnc2[nH]c(C(=O)NCc3ncccn3)cc12)c1ccc2c(c1)OCCO2,5.381174868528716,4408.0,2,CHEMBL5441936,Replicase polyprotein 1ab
CC(C)[C@@H](Nc1ncnc2[nH]c(C(=O)NCc3nncn3C)cc12)c1ccc2c(c1)OCCO2,5.8826788551553655,1312.5,2,CHEMBL5441983,Replicase polyprotein 1ab
CC(C)[C@@H](Nc1ncnc2[nH]c(C(=O)N[C@@H]3CCN(C)C3)cc12)c1ccc2c(c1)OCCO2,6.341147970867041,458.0,2,CHEMBL5442057,Replicase polyprotein 1ab
CC(C)[C@@H](Nc1ncnc2[nH]c(C(=O)N[C@@H]3CCN(C)C3)cc12)c1ccc2c(c1)S(=O)(=O)CCC2,7.142667503568732,72.0,7,CHEMBL5441396,Replicase polyprotein 1ab
CC(C)[C@@H](Nc1ncnc2[nH]c(C(=O)N[C@H]3CCN(C)C3)cc12)c1ccc2c(c1)S(=O)(=O)CCC2,7.1191112312459115,80.5,2,CHEMBL5441387,Replicase polyprotein 1ab
CC(C)[C@@H](Nc1ncnc2[nH]c(C(=O)N[C@H]3[C@@H]4CN(C)C[C@@H]43)cc12)c1ccc2c(c1)OCCO2,5.822343983465377,1581.0,2,CHEMBL5441595,Replicase polyprotein 1ab
CC(C)[C@@H](Nc1ncnc2[nH]c(C(=O)N[C@H]3[C@@H]4COC[C@@H]43)cc12)c1ccc2c(c1)OCCO2,6.233274762482942,586.0,2,CHEMBL5441627,Replicase polyprotein 1ab
CC(C)[C@@H](Nc1ncnc2[nH]c(C(=O)Nc3cn(C)nc3O)cc12)c1ccc2c(c1)OCCO2,6.1913645479451915,644.5,2,CHEMBL5441513,Replicase polyprotein 1ab
CC(C)[C@@H](Nc1ncnc2[nH]c(C(=O)Nc3cn[nH]c3)cc12)c1ccc2c(c1)OCCO2,5.590235895733654,2569.0,1,CHEMBL5442114,Replicase polyprotein 1ab
CC(C)[C@@H](Nc1ncnc2[nH]c(C(=O)Nc3cnccc3O)cc12)c1ccc2c(c1)OCCO2,4.873574251198872,13959.5,2,CHEMBL5441672,Replicase polyprotein 1ab
CC(C)[C@@H](Nc1ncnc2[nH]c(C(=O)Nc3cnoc3)cc12)c1ccc2c(c1)OCCO2,5.47513444121308,3831.0,2,CHEMBL5441913,Replicase polyprotein 1ab
CC(C)[C@@H](Nc1ncnc2[nH]c(C(=O)Nc3ncco3)cc12)c1ccc2c(c1)OCCO2,5.185126202318976,6564.0,2,CHEMBL5442017,Replicase polyprotein 1ab
CC(C)[C@@H](Nc1ncnc2[nH]c(C(=O)O)cc12)c1ccc2c(c1)OCCO2,4.935622902534577,11598.0,2,CHEMBL5442067,Replicase polyprotein 1ab
CC(C)[C@@H](Nc1ncnc2[nH]c(C(N)=O)cc12)c1ccc2c(c1)OCCO2,6.337757940648584,459.5,2,CHEMBL5441428,Replicase polyprotein 1ab
CC(C)[C@@H](Nc1ncnc2[nH]c(C3=CCCN(C(=O)OCc4ccccc4)C3)cc12)c1ccc2c(c1)OCCO2,4.002176919254275,99500.0,1,CHEMBL5441959,Replicase polyprotein 1ab
CC(C)[C@@H](Nc1ncnc2[nH]c(C3=CCOC3)cc12)c1ccc2c(c1)OCCO2,6.312604754656492,492.0,2,CHEMBL5442119,Replicase polyprotein 1ab
CC(C)[C@@H](Nc1ncnc2[nH]c(C3=CCOC3)cc12)c1ccc2c(c1)S(=O)(=O)CCC2,6.943095148663527,114.0,3,CHEMBL5441776,Replicase polyprotein 1ab
CC(C)[C@@H](Nc1ncnc2[nH]c(C3=CCS(=O)(=O)C3)cc12)c1ccc2c(c1)S(=O)(=O)CCC2,6.931814138253839,117.0,3,CHEMBL5441991,Replicase polyprotein 1ab
CC(C)[C@@H](Nc1ncnc2[nH]c(C3CCS(=O)(=O)CC3)cc12)c1ccc2c(c1)OCCO2,5.838113941583227,1481.5,2,CHEMBL5441465,Replicase polyprotein 1ab
CC(C)[C@@H](Nc1ncnc2[nH]c(S(C)(=O)=O)cc12)c1ccc2c(c1)S(=O)(=O)CCC2,6.0034883278458215,992.0,1,CHEMBL5441992,Replicase polyprotein 1ab
CC(C)[C@@H](Nc1ncnc2[nH]c([C@@H]3CCCNC3)cc12)c1ccc2c(c1)OCCO2,5.284832642151542,5190.0,3,CHEMBL5441525,Replicase polyprotein 1ab
CC(C)[C@@H](Nc1ncnc2[nH]c([C@@H]3CCOC3)cc12)c1ccc2c(c1)OCCO2,5.720014865479811,1906.0,2,CHEMBL5441516,Replicase polyprotein 1ab
CC(C)[C@@H](Nc1ncnc2[nH]c([C@@]3(O)CCCNC3)cc12)c1ccc2c(c1)OCCO2,4.802013492263836,15895.5,2,CHEMBL5441546,Replicase polyprotein 1ab
CC(C)[C@@H](Nc1ncnc2[nH]c([C@@]3(O)CCOC3)cc12)c1ccc2c(c1)OCCO2,4.819929873052242,16471.0,2,CHEMBL5441714,Replicase polyprotein 1ab
CC(C)[C@@H](Nc1ncnc2[nH]c3cc(F)ccc3c12)c1ccc2c(c1)OCCO2,5.033372388747029,9291.0,2,CHEMBL5441511,Replicase polyprotein 1ab
CC(C)[C@@H](Nc1ncnc2[nH]cc(Br)c12)c1ccc2c(c1)OCCO2,4.962648406192608,10932.0,2,CHEMBL5442116,Replicase polyprotein 1ab
CC(C)[C@@H](Nc1ncnc2[nH]cc(C#N)c12)c1ccc2c(c1)OCCO2,5.389602037016095,4086.5,2,CHEMBL5441746,Replicase polyprotein 1ab
CC(C)[C@@H](Nc1ncnc2[nH]cc(C(=O)N(C)C)c12)c1ccc2c(c1)OCCO2,5.707857121608015,1959.5,2,CHEMBL5441708,Replicase polyprotein 1ab
CC(C)[C@@H](Nc1ncnc2[nH]cc(C(=O)NC3CC3)c12)c1ccc2c(c1)S(=O)(=O)CCC2,6.823908740944319,150.0,3,CHEMBL5441418,Replicase polyprotein 1ab
CC(C)[C@@H](Nc1ncnc2[nH]cc(C(N)=O)c12)c1ccc2c(c1)OCCO2,6.0837806732478885,825.5,2,CHEMBL5441613,Replicase polyprotein 1ab
CC(C)[C@@H](Nc1ncnc2[nH]cc(Cl)c12)c1ccc2c(c1)OCCO2,5.107056149201157,7816.0,2,CHEMBL5441702,Replicase polyprotein 1ab
CC(C)[C@@H](Nc1ncnc2[nH]cc(S(=O)(=O)N(C)C)c12)c1ccc2c(c1)OCCO2,5.430905622033224,3717.0,2,CHEMBL5441788,Replicase polyprotein 1ab
CC(C)[C@@H](Nc1ncnc2[nH]cc(S(N)(=O)=O)c12)c1ccc2c(c1)OCCO2,5.488768987694683,3250.0,2,CHEMBL5442047,Replicase polyprotein 1ab
CC(C)[C@@H](Nc1ncnc2[nH]ccc12)C(=O)O,4.730521946757795,18695.0,4,CHEMBL5442075,Replicase polyprotein 1ab
CC(C)[C@@H](Nc1ncnc2[nH]ccc12)C(F)F,4.8192435076964415,15162.0,1,CHEMBL5442061,Replicase polyprotein 1ab
CC(C)[C@@H](Nc1ncnc2[nH]ccc12)C(N)=O,4.513456180117481,30658.0,1,CHEMBL5441741,Replicase polyprotein 1ab
CC(C)[C@@H](Nc1ncnc2[nH]ccc12)c1cc2c(cn1)OCCO2,5.231046435829095,5874.5,2,CHEMBL5441815,Replicase polyprotein 1ab
CC(C)[C@@H](Nc1ncnc2[nH]ccc12)c1ccc(C(F)(F)F)cc1,4.382485029343951,41692.0,2,CHEMBL5442142,Replicase polyprotein 1ab
CC(C)[C@@H](Nc1ncnc2[nH]ccc12)c1ccc(F)c(C#N)c1,5.081170554124856,10371.5,2,CHEMBL5441719,Replicase polyprotein 1ab
CC(C)[C@@H](Nc1ncnc2[nH]ccc12)c1ccc2c(c1)C(=O)NCC2,5.63014011306477,2345.5,2,CHEMBL5441784,Replicase polyprotein 1ab
CC(C)[C@@H](Nc1ncnc2[nH]ccc12)c1ccc2c(c1)CCCS2(=O)=O,5.550378221053024,2822.0,2,CHEMBL5441604,Replicase polyprotein 1ab
CC(C)[C@@H](Nc1ncnc2[nH]ccc12)c1ccc2c(c1)CCNC2=O,4.820757222735328,15110.0,2,CHEMBL5441863,Replicase polyprotein 1ab
CC(C)[C@@H](Nc1ncnc2[nH]ccc12)c1ccc2c(c1)N(C)C(=O)CO2,4.170379428975695,67549.5,2,CHEMBL5441530,Replicase polyprotein 1ab
CC(C)[C@@H](Nc1ncnc2[nH]ccc12)c1ccc2c(c1)N(C)CCO2,4.527205963232557,29765.5,2,CHEMBL5442035,Replicase polyprotein 1ab
CC(C)[C@@H](Nc1ncnc2[nH]ccc12)c1ccc2c(c1)NC(=O)CO2,6.154901959985743,700.0,5,CHEMBL5441407,Replicase polyprotein 1ab
CC(C)[C@@H](Nc1ncnc2[nH]ccc12)c1ccc2c(c1)NC(=O)[C@@H](C)O2,5.554143872355568,2793.5,2,CHEMBL5441733,Replicase polyprotein 1ab
CC(C)[C@@H](Nc1ncnc2[nH]ccc12)c1ccc2c(c1)OCC(=O)N2,4.59137076726234,25667.0,2,CHEMBL5441464,Replicase polyprotein 1ab
CC(C)[C@@H](Nc1ncnc2[nH]ccc12)c1ccc2c(c1)OCCO2,5.971840348948899,1067.0,6,CHEMBL5441545,Replicase polyprotein 1ab
CC(C)[C@@H](Nc1ncnc2[nH]ccc12)c1ccc2c(c1)S(=O)(=O)CCC2,5.734506120542429,11471.0,4,CHEMBL5441386,Replicase polyprotein 1ab
CC(C)[C@@H](Nc1ncnc2[nH]ccc12)c1ccc2c(c1)S(=O)(=O)CCO2,6.7423214251308154,181.0,1,CHEMBL5441406,Replicase polyprotein 1ab
CC(C)[C@@H](Nc1ncnc2[nH]ccc12)c1ccc2c(c1)S(=O)(=O)CO2,5.534931901846864,2986.5,2,CHEMBL5441482,Replicase polyprotein 1ab
CC(C)[C@@H](Nc1ncnc2[nH]ccc12)c1ccc2c(c1)S(=O)(=O)N(C)CC2,5.004485347707334,11387.0,2,CHEMBL5441891,Replicase polyprotein 1ab
CC(C)[C@@H](Nc1ncnc2[nH]ccc12)c1ccc2c(c1)S(=O)(=O)NCC2,5.954872561131671,1120.0,2,CHEMBL5441737,Replicase polyprotein 1ab
CC(C)[C@@H](Nc1ncnc2[nH]ccc12)c1ccc2c(c1)SCCO2,5.721095771568091,1901.0,2,CHEMBL5442154,Replicase polyprotein 1ab
CC(C)[C@@H](Nc1ncnc2[nH]ccc12)c1ccc2c(c1)[S+]([O-])CCO2,6.210501708820836,616.0,2,CHEMBL5483082,Replicase polyprotein 1ab
CC(C)[C@@H](Nc1ncnc2[nH]ccc12)c1ccc2c(n1)NC(=O)CO2,5.575028768261279,2661.0,2,CHEMBL5441878,Replicase polyprotein 1ab
CC(C)[C@@H](Nc1ncnc2[nH]ccc12)c1ccc2c(n1)OCCO2,5.933674074637962,1165.0,3,CHEMBL5441489,Replicase polyprotein 1ab
CC(C)[C@@H](Nc1ncnc2[nH]ccc12)c1ccc2c(n1)S(=O)(=O)CCC2,6.029204534965691,949.5,2,CHEMBL5441738,Replicase polyprotein 1ab
CC(C)[C@@H](Nc1ncnc2[nH]ccc12)c1ccc2cn[nH]c2c1,4.002176919254275,99500.0,1,CHEMBL5441548,Replicase polyprotein 1ab
CC(C)[C@@H](Nc1ncnc2[nH]ccc12)c1ccc2nn[nH]c2c1,5.394694953858891,4030.0,3,CHEMBL5441849,Replicase polyprotein 1ab
CC(C)[C@@H](Nc1ncnc2[nH]ccc12)c1cccc(C(F)(F)F)c1,4.095129064175135,80377.0,2,CHEMBL5441676,Replicase polyprotein 1ab
CC(C)[C@@H](Nc1ncnc2[nH]ccc12)c1cccc(S(C)(=O)=O)c1,4.0158463856482305,96417.0,1,CHEMBL5441610,Replicase polyprotein 1ab
CC(C)[C@@H](Nc1ncnc2[nH]ccc12)c1cccs1,4.826638883105768,14906.0,1,CHEMBL5441978,Replicase polyprotein 1ab
CC(C)[C@@H](Nc1ncnc2[nH]ccc12)c1ccncc1,4.686658835274695,23235.0,2,CHEMBL5442012,Replicase polyprotein 1ab
CC(C)[C@@H](Nc1ncnc2[nH]ccc12)c1cnc2c(c1)OCCO2,4.002176919254275,99500.0,1,CHEMBL5441542,Replicase polyprotein 1ab
CC(C)[C@@H](Nc1ncnc2[nH]ccc12)c1cnn(C)c1,5.4518345655857114,3553.5,2,CHEMBL5441645,Replicase polyprotein 1ab
CC(C)[C@@H](Nc1ncnc2[nH]ccc12)c1nc2ccccc2[nH]1,4.0150408571652,96596.0,1,CHEMBL5441527,Replicase polyprotein 1ab
CC(C)[C@@H](Nc1ncnc2[nH]cnc12)c1ccc2c(c1)S(=O)(=O)CCC2,5.878768544850378,1322.0,3,CHEMBL5441476,Replicase polyprotein 1ab
CC(C)[C@@H](Nc1ncnc2c1CCO2)c1ccc2c(c1)S(=O)(=O)CCC2,4.20129412188495,62908.0,1,CHEMBL5441888,Replicase polyprotein 1ab
CC(C)[C@@H](Nc1ncnc2c1CNCC2)c1ccc2c(c1)S(=O)(=O)CCC2,4.002176919254275,99500.0,1,CHEMBL5442065,Replicase polyprotein 1ab
CC(C)[C@@H](Nc1ncnc2c1OCCO2)c1ccc2c(c1)S(=O)(=O)CCC2,4.002176919254275,99500.0,1,CHEMBL5441556,Replicase polyprotein 1ab
CC(C)[C@@H](Nc1ncnc2c1ccn2C)c1ccc2c(c1)OCCO2,4.002176919254275,99500.0,1,CHEMBL5441820,Replicase polyprotein 1ab
CC(C)[C@@H](Nc1ncnc2c1cnn2C)c1ccc2c(c1)OCCO2,4.002176919254275,99500.0,2,CHEMBL5441557,Replicase polyprotein 1ab
CC(C)[C@@H](Nc1ncnc2ccccc12)c1ccc2c(c1)OCCO2,4.228521609724189,59091.0,2,CHEMBL5442033,Replicase polyprotein 1ab
CC(C)[C@@H](Nc1ncnc2n[nH]cc12)c1ccc2c(c1)S(=O)(=O)CCC2,6.027334407733889,939.0,3,CHEMBL5441490,Replicase polyprotein 1ab
CC(C)[C@@H](Nc1ncnc2n[nH]cc12)c1cnn(C)c1,4.365966319580321,43056.0,1,CHEMBL5442081,Replicase polyprotein 1ab
CC(C)[C@@H](Nc1ncnc2ncccc12)c1ccc2c(c1)OCCO2,4.002176919254275,99500.0,1,CHEMBL5442021,Replicase polyprotein 1ab
CC(C)[C@@H](Nc1ncncc1Cl)c1ccc2c(c1)S(=O)(=O)CCC2,4.002176919254275,99500.0,1,CHEMBL5441944,Replicase polyprotein 1ab
CC(C)[C@@H](Nc1ncncc1N1CCOCC1)c1ccc2c(c1)S(=O)(=O)CCC2,4.002176919254275,99500.0,1,CHEMBL5441666,Replicase polyprotein 1ab
CC(C)[C@@H](Oc1cc(N)ncn1)c1ccc2c(c1)S(=O)(=O)CCC2,4.171643055406042,67353.0,1,CHEMBL5441979,Replicase polyprotein 1ab
CC(C)[C@@H](Oc1ncnc2[nH]ccc12)c1ccc2c(c1)OCCO2,4.002176919254275,99500.0,1,CHEMBL5442105,Replicase polyprotein 1ab
CC(C)[C@@H](Oc1ncnc2[nH]ccc12)c1ccc2c(c1)S(=O)(=O)CCC2,5.218316415492649,6049.0,1,CHEMBL5441562,Replicase polyprotein 1ab
CC(C)[C@@H](c1ccc2c(c1)OCCO2)N(C)c1ncnc2[nH]c(-c3cnn(CC(N)=O)c3)cc12,4.697582480849378,20064.0,1,CHEMBL5441718,Replicase polyprotein 1ab
CC(C)[C@@H](c1ccc2c(c1)OCCO2)N(C)c1ncnc2[nH]c(Br)cc12,4.002176919254275,99500.0,1,CHEMBL5442043,Replicase polyprotein 1ab
CC(C)[C@@H](c1ccc2c(c1)S(=O)(=O)CCC2)n1c(=O)[nH]c2c(N)ccnc21,4.002176919254275,99500.0,1,CHEMBL5442080,Replicase polyprotein 1ab
CC(C)[C@@H]1C(=O)NCCN1c1ncnc2[nH]ccc12,4.452705375294679,35261.0,1,CHEMBL5441734,Replicase polyprotein 1ab
CC(C)[C@@H]1C[C@@H](Nc2ncnc3[nH]ccc23)CCO1,4.002176919254275,99500.0,3,CHEMBL5441568,Replicase polyprotein 1ab
CC(C)[C@@H]1C[C@H](Nc2[nH]cnc3nccc2-3)CCO1,4.002176919254275,99500.0,1,CHEMBL5441566,Replicase polyprotein 1ab
CC(C)[C@@H]1NC(=O)[C@@H](Cc2ccc(O)cc2)NC(=O)CC[C@@H](C(=O)NCC(N)=O)NC(=O)[C@@H]2CCCN2C(=O)[C@@H]2CCCN2C(=O)[C@@H]2CSCc3cccc(c3)CSC[C@H](NC1=O)C(=O)N[C@@H](Cc1ccccc1)C(=O)N[C@@H](Cc1c[nH]cn1)C(=O)N[C@@H]([C@@H](C)O)C(=O)N[C@@H]([C@@H](C)O)C(=O)N[C@@H]([C@@H](C)O)C(=O)N1CCC[C@H]1C(=O)N[C@@H](Cc1ccccc1)C(=O)N2,6.356547323513812,440.0,1,CHEMBL6141704,Replicase polyprotein 1ab
CC(C)[C@@H]1NC(=O)[C@@H](Cc2ccc(O)cc2)NC(=O)CC[C@@H](C(N)=O)NC(=O)[C@@H]2CCCN2C(=O)[C@@H]2CCCN2C(=O)C2CSc3c(F)c(F)c(c(F)c3F)-c3c(F)c(F)c(c(F)c3F)SC[C@H](NC1=O)C(=O)N[C@@H](Cc1ccccc1)C(=O)N[C@@H](Cc1c[nH]cn1)C(=O)N[C@@H]([C@@H](C)O)C(=O)N[C@@H]([C@@H](C)O)C(=O)N[C@@H]([C@@H](C)O)C(=O)N1CCC[C@H]1C(=O)N[C@@H](Cc1ccccc1)C(=O)N2,5.345823458122039,4510.0,1,CHEMBL6141894,Replicase polyprotein 1ab
CC(C)[C@@H]1NC(=O)[C@@H](Cc2ccc(O)cc2)NC(=O)CC[C@@H](C(N)=O)NC(=O)[C@@H]2CCCN2C(=O)[C@@H]2CCCN2C(=O)[C@@H]2CSc3c(F)c(F)c(c(F)c3F)SC[C@H](NC1=O)C(=O)N[C@@H](Cc1ccccc1)C(=O)N[C@@H](Cc1c[nH]cn1)C(=O)N[C@@H]([C@@H](C)O)C(=O)N[C@@H]([C@@H](C)O)C(=O)N[C@@H]([C@@H](C)O)C(=O)N1CCC[C@H]1C(=O)N[C@@H](Cc1ccccc1)C(=O)N2,4.779107750780481,16630.0,1,CHEMBL6150906,Replicase polyprotein 1ab
CC(C)[C@@H]1NC(=O)[C@@H](Cc2ccc(O)cc2)NC(=O)CSC[C@@H](C(=O)NCC(N)=O)NC(=O)[C@@H]2CCCN2C(=O)[C@@H]2CCCN2C(=O)[C@H](C)NC(=O)[C@H](Cc2ccccc2)NC(=O)[C@@H]2CCCN2C(=O)[C@H]([C@@H](C)O)NC(=O)[C@H]([C@@H](C)O)NC(=O)[C@H]([C@@H](C)O)NC(=O)[C@H](Cc2c[nH]cn2)NC(=O)[C@H](Cc2ccccc2)NC(=O)[C@H]([C@@H](C)O)NC1=O,6.431798275933005,370.0,1,CHEMBL6151899,Replicase polyprotein 1ab
CC(C)[C@H](CC(=O)OCc1ccccc1)C(=O)N[C@@H](CC(C)(C)C)C(=O)N1C[C@]2(C[C@H]1C#N)C(=O)Nc1ccccc12,7.0,100.0,1,CHEMBL5922263,Replicase polyprotein 1ab
CC(C)[C@H](CO)Nc1ncnc2[nH]ccc12,4.9515970438472605,11179.0,1,CHEMBL5441598,Replicase polyprotein 1ab
CC(C)[C@H](NC(=O)/C=C/c1ccccc1)C(=O)N[C@H](C=O)C[C@@H]1CCCNC1=O,5.159392120990709,6928.0,1,CHEMBL3884779,Replicase polyprotein 1ab
CC(C)[C@H](NC(=O)/C=C/c1ccccc1)C(=O)N[C@H](C=O)Cc1ccccc1,5.0,10000.0,1,CHEMBL6167648,Replicase polyprotein 1ab
CC(C)[C@H](NC(=O)C(F)(F)F)C(=O)N[C@@H](CC(C)(C)C)C(=O)N1C[C@]2(C[C@H]1C#N)C(=O)Nc1ccccc12,7.0,100.0,1,CHEMBL6041277,Replicase polyprotein 1ab
CC(C)[C@H](NC(=O)N1CCCCC1)C(=O)N(C)[C@@H](CC(C)(C)C)C(=O)N1C[C@]2(C[C@H]1C#N)C(=O)Nc1ccccc12,7.0,100.0,1,CHEMBL6039594,Replicase polyprotein 1ab
CC(C)[C@H](NC(=O)OC(C)(C)C)C(=O)N(C)[C@@H](Cc1ccccc1)C(=O)N1C[C@]2(C[C@H]1C#N)C(=O)Nc1ccccc12,7.0,100.0,1,CHEMBL5972533,Replicase polyprotein 1ab
CC(C)[C@H](NC(=O)OC(C)(C)C)C(=O)N1CCCC[C@H]1C(=O)N[C@H](C=O)C[C@@H]1CCNC1=O,5.474955192963154,3350.0,1,CHEMBL5424014,Replicase polyprotein 1ab
CC(C)[C@H](NC(=O)OC(C)(C)C)C(=O)N1CCC[C@H]1C(=O)N[C@H](C=O)C[C@@H]1CCNC1=O,8.20551195334083,6.23,1,CHEMBL5438782,Replicase polyprotein 1ab
CC(C)[C@H](NC(=O)OC(C)(C)C)C(=O)N1C[C@@H](C)C[C@H]1C(=O)N[C@H](C=O)C[C@@H]1CCNC1=O,9.327902142064282,0.47,1,CHEMBL5401358,Replicase polyprotein 1ab
CC(C)[C@H](NC(=O)OC(C)(C)C)C(=O)N1C[C@@H](OC(C)(C)C)C[C@H]1C(=O)N[C@H](C=O)C[C@@H]1CCNC1=O,4.692717952966654,20290.0,1,CHEMBL5409791,Replicase polyprotein 1ab
CC(C)[C@H](NC(=O)OC(C)(C)C)C(=O)N1C[C@@H]2CCC[C@@H]2[C@H]1C(=O)N[C@H](C=O)C[C@@H]1CCNC1=O,8.301029995663981,5.0,1,CHEMBL5395225,Replicase polyprotein 1ab
CC(C)[C@H](NC(=O)OC(C)(C)C)C(=O)N1C[C@H](OC(C)(C)C)C[C@H]1C(=O)N[C@H](C=O)C[C@@H]1CCNC1=O,8.602059991327963,2.5,1,CHEMBL5402990,Replicase polyprotein 1ab
CC(C)[C@H](NC(=O)OCC1(c2ccccc2)CC1)C(=O)N(C)[C@@H](CC(C)(C)C)C(=O)N1C[C@]2(C[C@H]1C#N)C(=O)Nc1ccccc12,7.0,100.0,1,CHEMBL6005368,Replicase polyprotein 1ab
CC(C)[C@H](NC(=O)OCc1cccc(Cl)c1)C(=O)N[C@@H](CC1CCCCC1)C(=O)N[C@H](C=O)C[C@@H]1CCNC1=O,6.795880017344075,160.0,1,CHEMBL5177381,Replicase polyprotein 1ab
CC(C)[C@H](NC(=O)OCc1ccccc1)C(=O)N[C@@H](CC(C)(C)C)C(=O)N[C@H](C=O)C[C@@H]1CCNC1=O,7.721246399047171,19.0,3,CHEMBL5202866,Replicase polyprotein 1ab
CC(C)[C@H](NC(=O)OCc1ccccc1)C(=O)N[C@@H](CC1CC1)C(=O)N[C@H](C=O)C[C@@H]1CCNC1=O,8.318758762624412,4.8,1,CHEMBL5205477,Replicase polyprotein 1ab
CC(C)[C@H](NC(=O)OCc1ccccc1)C(=O)N[C@@H](CC1CCCCC1)C(=O)N[C@H](C=O)C[C@@H]1CCNC1=O,7.481486060122112,33.0,1,CHEMBL5202077,Replicase polyprotein 1ab
CC(C)[C@H](NC(=O)OCc1ccccc1)C(=O)N[C@@H](Cc1ccccc1)C(=O)N[C@H](C=O)C[C@@H]1CCNC1=O,7.823908740944319,15.0,1,CHEMBL5183770,Replicase polyprotein 1ab
CC(C)[C@H](NC(=O)OCc1ccccc1)C(=O)N[C@@H](Cc1ccco1)C(=O)N[C@H](C=O)C[C@@H]1CCNC1=O,8.2839966563652,5.2,1,CHEMBL5189578,Replicase polyprotein 1ab
CC(C)[C@H](NC(=O)OCc1ccccc1)C(=O)N[C@H](C=O)Cc1ccccc1,4.698970004336019,20000.0,1,CHEMBL286722,Replicase polyprotein 1ab
CC(C)[C@H](NC(=O)[C@H](CCCNC(=N)N)NC(=O)N[C@@H](Cc1ccccc1)C(=O)O)C(=O)N[C@H](C=O)CCCNC(=N)N,8.522878745280337,3.0,1,CHEMBL1230912,Replicase polyprotein 1ab
CC(C)[C@H](NC(=O)c1cc(F)c(F)c(F)c1)C(=O)N(C)[C@@H](CC(C)(C)C)C(=O)N1C[C@]2(C[C@H]1C#N)C(=O)Nc1ccccc12,7.0,100.0,1,CHEMBL5932543,Replicase polyprotein 1ab
CC(C)[C@H](NC(=O)c1cc2c(F)cc(F)c(F)c2[nH]1)C(=O)N[C@@H](CC(C)(C)C)C(=O)N1C[C@]2(C[C@H]1C#N)C(=O)Nc1ccccc12,7.0,100.0,1,CHEMBL5924407,Replicase polyprotein 1ab
CC(C)[C@H](NC(=O)c1ccc(F)c(F)c1)C(=O)N(C)[C@@H](CC(C)(C)C)C(=O)N1C[C@]2(C[C@H]1C#N)C(=O)Nc1ccccc12,7.0,100.0,1,CHEMBL5747612,Replicase polyprotein 1ab
CC(C)[C@H](NC(=O)c1ccc2c(F)cc(F)cc2n1)C(=O)N(C)[C@@H](CC(C)(C)C)C(=O)N1C[C@]2(C[C@H]1C#N)C(=O)Nc1ccccc12,7.0,100.0,1,CHEMBL5749025,Replicase polyprotein 1ab
CC(C)[C@H](NC(=O)c1ncnc2[nH]ccc12)c1ccc2c(c1)S(=O)(=O)CCC2,4.002176919254275,99500.0,1,CHEMBL5441994,Replicase polyprotein 1ab
CC(C)[C@H](Nc1cc(-c2nc[nH]n2)ncn1)c1ccc2c(c1)S(=O)(=O)CCC2,4.002176919254275,99500.0,1,CHEMBL5441750,Replicase polyprotein 1ab
CC(C)[C@H](Nc1cc(-n2ccnn2)ncn1)c1ccc2c(c1)S(=O)(=O)CCC2,4.002176919254275,99500.0,1,CHEMBL5441916,Replicase polyprotein 1ab
CC(C)[C@H](Nc1cc(-n2cncn2)ncn1)c1ccc2c(c1)S(=O)(=O)CCC2,4.002176919254275,99500.0,1,CHEMBL5441947,Replicase polyprotein 1ab
CC(C)[C@H](Nc1cc(-n2nccn2)ncn1)c1ccc2c(c1)S(=O)(=O)CCC2,4.002176919254275,99500.0,1,CHEMBL5442058,Replicase polyprotein 1ab
CC(C)[C@H](Nc1cc(N2CCNCC2)ncn1)c1ccc2c(c1)S(=O)(=O)CCC2,4.002176919254275,99500.0,1,CHEMBL5441870,Replicase polyprotein 1ab
CC(C)[C@H](Nc1cc(N2CCOCC2)ncn1)c1ccc2c(c1)S(=O)(=O)CCC2,4.002176919254275,99500.0,1,CHEMBL5442141,Replicase polyprotein 1ab
CC(C)[C@H](Nc1cc(NCC(F)(F)F)ncn1)c1ccc2c(c1)S(=O)(=O)CCC2,4.002176919254275,99500.0,1,CHEMBL5441889,Replicase polyprotein 1ab
CC(C)[C@H](Nc1cc(O)ncn1)c1ccc2c(c1)S(=O)(=O)CCC2,4.002176919254275,99500.0,1,CHEMBL5441910,Replicase polyprotein 1ab
CC(C)[C@H](Nc1cccc2nc[nH]c(=O)c12)c1ccc2c(c1)S(=O)(=O)CCC2,4.002176919254275,99500.0,1,CHEMBL5442093,Replicase polyprotein 1ab
CC(C)[C@H](Nc1ccnc2[nH]ccc12)c1ccc2c(c1)S(=O)(=O)CCC2,4.002176919254275,99500.0,1,CHEMBL5441505,Replicase polyprotein 1ab
CC(C)[C@H](Nc1nc(N)ncc1Cl)c1ccc2c(c1)S(=O)(=O)CCC2,4.002176919254275,99500.0,1,CHEMBL5441512,Replicase polyprotein 1ab
CC(C)[C@H](Nc1nccc2[nH]ccc12)c1ccc2c(c1)S(=O)(=O)CCC2,4.002176919254275,99500.0,1,CHEMBL5442147,Replicase polyprotein 1ab
CC(C)[C@H](Nc1ncnc(-n2cccn2)n1)c1ccc2c(c1)S(=O)(=O)CCC2,4.002176919254275,99500.0,1,CHEMBL5441786,Replicase polyprotein 1ab
CC(C)[C@H](Nc1ncnc(N)c1Cl)c1ccc2c(c1)S(=O)(=O)CCC2,5.66990372045454,2247.0,2,CHEMBL5441879,Replicase polyprotein 1ab
CC(C)[C@H](Nc1ncnc(N)c1F)c1ccc2c(c1)S(=O)(=O)CCC2,4.002176919254275,99500.0,1,CHEMBL5441968,Replicase polyprotein 1ab
CC(C)[C@H](Nc1ncnc(N2CCCC2)n1)c1ccc2c(c1)S(=O)(=O)CCC2,4.002176919254275,99500.0,1,CHEMBL5441710,Replicase polyprotein 1ab
CC(C)[C@H](Nc1ncnc(O)c1Cl)c1ccc2c(c1)S(=O)(=O)CCC2,4.002176919254275,99500.0,1,CHEMBL5441717,Replicase polyprotein 1ab
CC(C)[C@H](Nc1ncnc2[nH]c(-c3cnn(C)c3)cc12)c1ccc2c(c1)S(=O)(=O)CCC2,5.038816290187564,9145.0,1,CHEMBL5441412,Replicase polyprotein 1ab
CC(C)[C@H](Nc1ncnc2[nH]c(-c3cnn(C)c3C#N)cc12)c1ccc2c(c1)NC(=O)CO2,6.7544873321858505,176.0,1,CHEMBL5441410,Replicase polyprotein 1ab
CC(C)[C@H](Nc1ncnc2[nH]c(-c3cnn(C)c3C#N)cc12)c1ccc2c(c1)OCCO2,6.334349125982213,569.5,2,CHEMBL5441989,Replicase polyprotein 1ab
CC(C)[C@H](Nc1ncnc2[nH]c(-c3cnn(C)c3C#N)cc12)c1ccc2c(c1)S(=O)(=O)CCC2,7.823908740944319,15.0,3,CHEMBL5441400,Replicase polyprotein 1ab
CC(C)[C@H](Nc1ncnc2[nH]c(-c3cnn(C)c3C#N)cc12)c1ccc2c(n1)NC(=O)CO2,7.0089775104642555,98.0,2,CHEMBL5441404,Replicase polyprotein 1ab
CC(C)[C@H](Nc1ncnc2[nH]c(-c3cnn(C)c3C#N)cc12)c1ccc2c(n1)OCCO2,4.721007446043721,19010.5,6,CHEMBL5441415,Replicase polyprotein 1ab
CC(C)[C@H](Nc1ncnc2[nH]c(-c3cnn(CC(=O)N(C)C)c3)cc12)c1ccc2c(c1)OCCO2,6.516167521050901,315.0,2,CHEMBL5441778,Replicase polyprotein 1ab
CC(C)[C@H](Nc1ncnc2[nH]c(-c3cnn(CC(=O)N(C)C)c3)cc12)c1ccc2c(c1)S(=O)(=O)CCC2,5.313130019397007,4906.0,2,CHEMBL5441960,Replicase polyprotein 1ab
CC(C)[C@H](Nc1ncnc2[nH]c(-c3cnn(CC(N)=O)c3)cc12)c1ccc2c(c1)NC(=O)CO2,4.002176919254275,99500.0,1,CHEMBL5442155,Replicase polyprotein 1ab
CC(C)[C@H](Nc1ncnc2[nH]c(-c3cnn(CC(N)=O)c3)cc12)c1ccc2c(c1)OCCO2,4.037325633546969,91781.0,2,CHEMBL5441608,Replicase polyprotein 1ab
CC(C)[C@H](Nc1ncnc2[nH]c(-c3cnn(CC(N)=O)c3)cc12)c1ccc2c(c1)S(=O)(=O)CCC2,7.638272163982407,23.0,8,CHEMBL5441394,Replicase polyprotein 1ab
CC(C)[C@H](Nc1ncnc2[nH]c(-c3cnn(CC(N)=O)c3)cc12)c1ccc2c(n1)OCCO2,4.934793871945688,11620.0,1,CHEMBL5441761,Replicase polyprotein 1ab
CC(C)[C@H](Nc1ncnc2[nH]c(C(=O)N[C@@H]3CCN(C)C3)cc12)c1ccc2c(c1)S(=O)(=O)CCC2,5.522400390503833,3007.0,4,CHEMBL5441962,Replicase polyprotein 1ab
CC(C)[C@H](Nc1ncnc2[nH]c(C(=O)N[C@H]3CCN(C)C3)cc12)c1ccc2c(c1)S(=O)(=O)CCC2,5.502379350218712,3145.0,1,CHEMBL5441782,Replicase polyprotein 1ab
CC(C)[C@H](Nc1ncnc2[nH]cc(C(=O)NC3CC3)c12)c1ccc2c(c1)S(=O)(=O)CCC2,5.369063880935808,4275.0,3,CHEMBL5441824,Replicase polyprotein 1ab
CC(C)[C@H](Nc1ncnc2[nH]ccc12)C(=O)O,4.469241053797022,33944.0,2,CHEMBL5169608,Replicase polyprotein 1ab
CC(C)[C@H](Nc1ncnc2[nH]ccc12)c1ccc2c(c1)NC(=O)CO2,4.002176919254275,99500.0,1,CHEMBL5441881,Replicase polyprotein 1ab
CC(C)[C@H](Nc1ncnc2[nH]ccc12)c1ccc2c(c1)OCCO2,4.295823735238773,50603.0,3,CHEMBL5441681,Replicase polyprotein 1ab
CC(C)[C@H](Nc1ncnc2[nH]ccc12)c1ccc2c(c1)S(=O)(=O)CCC2,6.786159591834268,166.0,6,CHEMBL5441417,Replicase polyprotein 1ab
CC(C)[C@H](Nc1ncnc2[nH]cnc12)c1ccc2c(c1)S(=O)(=O)CCC2,6.129011186239425,743.0,1,CHEMBL5441479,Replicase polyprotein 1ab
CC(C)[C@H](Nc1ncnc2[nH]nnc12)c1ccc2c(c1)S(=O)(=O)CCC2,4.002176919254275,99500.0,1,CHEMBL5442003,Replicase polyprotein 1ab
CC(C)[C@H](Nc1ncnc2c1CCN2)c1ccc2c(c1)S(=O)(=O)CCC2,4.282928937371585,52128.0,1,CHEMBL5441567,Replicase polyprotein 1ab
CC(C)[C@H](Nc1ncnc2c1CCO2)c1ccc2c(c1)S(=O)(=O)CCC2,4.002176919254275,99500.0,1,CHEMBL5442062,Replicase polyprotein 1ab
CC(C)[C@H](Nc1ncnc2c1CNCC2)c1ccc2c(c1)S(=O)(=O)CCC2,4.002176919254275,99500.0,1,CHEMBL5441855,Replicase polyprotein 1ab
CC(C)[C@H](Nc1ncnc2c1NCCO2)c1ccc2c(c1)S(=O)(=O)CCC2,4.002176919254275,99500.0,1,CHEMBL5441623,Replicase polyprotein 1ab
CC(C)[C@H](Nc1ncnc2c1OCCO2)c1ccc2c(c1)S(=O)(=O)CCC2,4.415374821581482,38426.0,1,CHEMBL5441859,Replicase polyprotein 1ab
CC(C)[C@H](Nc1ncnc2ccoc12)c1ccc2c(c1)S(=O)(=O)CCC2,4.002176919254275,99500.0,1,CHEMBL5441503,Replicase polyprotein 1ab
CC(C)[C@H](Nc1ncnc2cn[nH]c12)c1ccc2c(c1)S(=O)(=O)CCC2,4.002176919254275,99500.0,1,CHEMBL5441884,Replicase polyprotein 1ab
CC(C)[C@H](Nc1ncnc2n[nH]cc12)c1ccc2c(c1)S(=O)(=O)CCC2,5.960192338236528,1165.0,2,CHEMBL5441663,Replicase polyprotein 1ab
CC(C)[C@H](Nc1ncnc2nccnc12)c1ccc2c(c1)S(=O)(=O)CCC2,4.002176919254275,99500.0,1,CHEMBL5442148,Replicase polyprotein 1ab
CC(C)[C@H](Nc1ncncc1-c1nc[nH]n1)c1ccc2c(c1)S(=O)(=O)CCC2,4.002176919254275,99500.0,1,CHEMBL5441534,Replicase polyprotein 1ab
CC(C)[C@H](Nc1ncncc1-n1ccnn1)c1ccc2c(c1)S(=O)(=O)CCC2,4.002176919254275,99500.0,1,CHEMBL5441559,Replicase polyprotein 1ab
CC(C)[C@H](Nc1ncncc1-n1cncn1)c1ccc2c(c1)S(=O)(=O)CCC2,4.002176919254275,99500.0,1,CHEMBL5441769,Replicase polyprotein 1ab
CC(C)[C@H](Nc1ncncc1-n1nccn1)c1ccc2c(c1)S(=O)(=O)CCC2,4.002176919254275,99500.0,1,CHEMBL5441469,Replicase polyprotein 1ab
CC(C)[C@H](Nc1ncncc1Cl)c1ccc2c(c1)S(=O)(=O)CCC2,4.002176919254275,99500.0,1,CHEMBL5442160,Replicase polyprotein 1ab
CC(C)[C@H](Nc1ncncc1N1CCNCC1)c1ccc2c(c1)S(=O)(=O)CCC2,4.002176919254275,99500.0,1,CHEMBL5442145,Replicase polyprotein 1ab
CC(C)[C@H](Oc1cc(N)ncn1)c1ccc2c(c1)S(=O)(=O)CCC2,4.223008415143595,59840.0,1,CHEMBL5441759,Replicase polyprotein 1ab
CC(C)[C@H]1C(=O)N2C[C@]3(C[C@H]2C#N)C(=O)Nc2ccc(cc23)CCCCCN1C(=O)C1CN(c2ccccc2)N=N1,7.0,100.0,1,CHEMBL5560749,Replicase polyprotein 1ab
CC(C)[C@H]1C(=O)N2C[C@]3(C[C@H]2C#N)C(=O)Nc2ccc(cc23)CCCCCN1C(=O)c1cc2c(F)cc(F)c(F)c2[nH]1,7.0,100.0,1,CHEMBL5556394,Replicase polyprotein 1ab
CC(C)[C@H]1C(=O)N2C[C@]3(C[C@H]2C#N)C(=O)Nc2ccc(cc23)CCCCCN1C(=O)c1cc2c(F)cc(F)cc2[nH]1,7.0,100.0,1,CHEMBL5558699,Replicase polyprotein 1ab
CC(C)[C@H]1C(=O)N2C[C@]3(C[C@H]2C#N)C(=O)Nc2ccc(cc23)CCCCCN1C(=O)c1cc2ccc(C(F)(F)F)cc2[nH]1,7.0,100.0,1,CHEMBL5560937,Replicase polyprotein 1ab
CC(C)[C@H]1N(c2ncnc3[nH]ccc23)CC12CCOCC2,4.002176919254275,99500.0,1,CHEMBL5441637,Replicase polyprotein 1ab
CC(C)[C@](C)(NC(=O)OCc1ccccc1)C(=O)N[C@@H](CC(C)(C)C)C(=O)N[C@H](C=O)C[C@@H]1CCNC1=O,7.113509274827518,77.0,1,CHEMBL5169820,Replicase polyprotein 1ab
CC(C)c1c[nH]nc1NC(=O)c1ccc(NC(=O)Nc2ccccc2)cc1,4.002176919254275,99500.0,1,CHEMBL5442073,Replicase polyprotein 1ab
CC(C)c1cc(=O)oc2ccc(OC(=O)c3ccc(NC(=N)N)cc3)cc12,8.354577730650908,4.42,1,CHEMBL5619680,Replicase polyprotein 1ab
CC(C)c1cc(CNc2nc(Nc3cc(C4CC4)[nH]n3)cc(N3CCN(C)CC3)n2)on1,5.826813731587726,1490.0,1,CHEMBL3545085,Replicase polyprotein 1ab
CC(C)c1ccc(Cl)c2[nH]c(C(=O)N3C[C@H]4[C@@H]([C@H]3C(=O)N[C@H](C=O)C[C@@H]3CCNC3=O)C4(C)C)cc12,7.394694953858891,40.3,1,CHEMBL5571280,Replicase polyprotein 1ab
CC(C)c1ccc(F)c2[nH]c(C(=O)N3C[C@H]4[C@@H]([C@H]3C(=O)N[C@H](C=O)C[C@@H]3CCNC3=O)C4(C)C)cc12,7.657577319177793,22.0,1,CHEMBL5570210,Replicase polyprotein 1ab
CC(C)c1ccc(N(C(=O)c2ccco2)C(C(=O)NC(C)(C)C)c2cccnc2)cc1,4.55129368009492,28100.0,1,CHEMBL2311695,Replicase polyprotein 1ab
CC(C)c1cccc(-c2nc3cc(O)c(O)c(O)c3c(=O)[nH]2)c1,5.11719095860756,7635.0,1,CHEMBL5425140,Replicase polyprotein 1ab
CC(C)c1cccc2[nH]c(C(=O)N3C[C@H]4[C@@H]([C@H]3C(=O)N[C@H](C#N)C[C@@H]3CCNC3=O)C4(C)C)cc12,6.3979400086720375,400.0,1,CHEMBL5594722,Replicase polyprotein 1ab
CC(C)c1cccc2[nH]c(C(=O)N3C[C@H]4[C@@H]([C@H]3C(=O)N[C@H](C=O)C[C@@H]3CCNC3=O)C4(C)C)cc12,7.698970004336019,20.0,1,CHEMBL5574928,Replicase polyprotein 1ab
CC(C)c1n[nH]cc1-c1cc2c(N[C@@H](c3ccc4c(c3)OCCO4)C(C)C)ncnc2[nH]1,5.690941943293546,2037.5,2,CHEMBL5441847,Replicase polyprotein 1ab
CC(C)c1nc(CN(C)C(=O)N[C@@H](CCN2CCOCC2)C(=O)N[C@H](CC[C@H](Cc2ccccc2)NC(=O)OCc2cncs2)Cc2ccccc2)cs1,5.173925197299174,6700.0,1,CHEMBL2095208,Replicase polyprotein 1ab
CC(C)c1nc(CN(C)C(=O)N[C@H](C(=O)N[C@@H](Cc2ccccc2)C[C@H](O)[C@H](Cc2ccccc2)NC(=O)OCc2cncs2)C(C)C)cs1,4.698970004336019,20000.0,1,CHEMBL163,Replicase polyprotein 1ab
CC(C)c1nc(N[C@@H](c2ccc3c(c2)OCCO3)C(C)C)c2cc[nH]c2n1,4.002176919254275,99500.0,1,CHEMBL5441963,Replicase polyprotein 1ab
CC(C)c1nc2cc(O)c(O)c(O)c2c(=O)[nH]1,5.3060093895392235,4943.0,1,CHEMBL5427073,Replicase polyprotein 1ab
CC(C)n1nccc1S(=O)(=O)Nc1cnc2[nH]ccc2c1,4.002176919254275,99500.0,1,CHEMBL5441593,Replicase polyprotein 1ab
CC(CN1CC(=O)NC(=O)C1)N1CC(=O)NC(=O)C1,5.496209316942819,3190.0,1,CHEMBL444186,Replicase polyprotein 1ab
CC(Cc1ccc(O)c(O)c1)C(C)Cc1ccc(O)c(O)c1,5.586700235918748,2590.0,1,CHEMBL52,Replicase polyprotein 1ab
CC(F)(F)CC[C@H](NC(=O)[C@@H]1CC2(CCCCC2)CN1C(=O)C(O)c1cccc(F)c1)C(=O)C(=O)NC1CC1,7.251811972993799,56.0,1,CHEMBL5568626,Replicase polyprotein 1ab
CC(F)(F)CC[C@H](NC(=O)[C@@H]1CC2(CCCCC2)CN1C(=O)[C@@H](NC(=O)OCc1ccccc1)C1CCCCC1)C(=O)C(=O)NC1CC1,7.795880017344075,16.0,1,CHEMBL5563131,Replicase polyprotein 1ab
CC(F)(F)CC[C@H](NC(=O)[C@@H]1CC2(CCCCC2)CN1C(=O)c1cc2ccccc2[nH]1)C(=O)C(=O)NC1CC1,7.1938200260161125,64.0,1,CHEMBL5573215,Replicase polyprotein 1ab
CC(F)(F)CC[C@H](NC(=O)[C@@H]1[C@@H]2[C@H](CN1C(=O)[C@@H](NC(=O)NC1(CS(=O)(=O)C(C)(C)C)CCCCC1)C(C)(C)C)C2(C)C)C(=O)C(=O)NC1CC1,6.889410289700751,129.0,1,CHEMBL5567520,Replicase polyprotein 1ab
CC(NC(=O)C(Cc1ccccc1)NC(=O)OCc1ccccc1)C(=O)CF,4.9434762759209,11390.0,2,CHEMBL5271003,Replicase polyprotein 1ab
CC(OC(C)(C)C)[C@H](NC(=O)OC(C)(C)C)C(=O)N1CCC[C@H]1C(=O)N[C@H](C=O)C[C@@H]1CCNC1=O,8.275724130399212,5.3,1,CHEMBL5427494,Replicase polyprotein 1ab
CC(OC(C)(C)C)[C@H](NC(=O)OCc1ccccc1)C(=O)N1C[C@]2(C[C@H]1C#N)C(=O)Nc1ccccc12,6.0,1000.0,2,CHEMBL5863970,Replicase polyprotein 1ab
CC(Oc1ccccc1)C(=O)N[C@@H]1C(=O)N2[C@@H](C(=O)OCc3ccc(F)cc3)C(C)(C)S(=O)(=O)[C@H]12,4.301029995663981,50000.0,1,CHEMBL5204887,Replicase polyprotein 1ab
CC(Oc1ccccc1)C(=O)N[C@@H]1C(=O)N2[C@@H](C(=O)OCc3ccccc3)C(C)(C)S(=O)(=O)[C@H]12,4.301029995663981,50000.0,1,CHEMBL5181916,Replicase polyprotein 1ab
CC(c1ccc(O)c(O)c1)c1cc(=O)c2c(O)cccc2o1,5.3872161432802645,4100.0,1,CHEMBL5278945,Replicase polyprotein 1ab
CC(c1cccc2ccccc12)N1CCC(C(=O)NCc2ccc(F)cc2)CC1,5.853871964321762,1400.0,1,CHEMBL6103062,Replicase polyprotein 1ab
CC(c1cccc2ccccc12)N1CCC(C(=O)NCc2cccc(F)c2)CC1,5.939302159646388,1150.0,1,CHEMBL6108937,Replicase polyprotein 1ab
CC(c1ccccc1)c1nc2cc(O)c(O)c(O)c2c(=O)[nH]1,6.7594507517174005,174.0,1,CHEMBL5435314,Replicase polyprotein 1ab
CC(c1ccccc1)c1nc2cc(O)c(O)c(O)c2c(=O)n1-c1ccc(Br)cc1F,6.413412695328245,386.0,1,CHEMBL5414042,Replicase polyprotein 1ab
CC(c1ccccc1)c1nc2cc(O)c(O)c(O)c2c(=O)n1-c1ccccc1,6.321481620959886,477.0,1,CHEMBL5410809,Replicase polyprotein 1ab
CC(c1ccccc1)c1nc2cc(O)c(O)c(O)c2c(=O)n1-c1ccccc1F,6.5376020021010435,290.0,1,CHEMBL5411183,Replicase polyprotein 1ab
CC(c1ccccc1Cl)N(C)Cc1cc(O)ccc1Cl,5.137272471682025,7290.0,2,CHEMBL5174096,Replicase polyprotein 1ab
CC(c1nc(-c2cc(NCc3ccc(C(=O)O)cc3)cc(C(F)(F)F)c2)no1)c1cccc2ccccc12,6.698970004336019,200.0,1,CHEMBL5557725,Replicase polyprotein 1ab
CC(c1nc(-c2cc(NCc3ccc(C(=O)O)cc3)ccc2Br)no1)c1cccc2ccccc12,5.6777807052660805,2100.0,1,CHEMBL5555157,Replicase polyprotein 1ab
CC(c1nc(-c2cc(NCc3ccc(C(=O)O)s3)cc(C(F)(F)F)c2)no1)c1cccc2ccccc12,7.0,100.0,1,CHEMBL5559272,Replicase polyprotein 1ab
CC(c1nc(-c2ccc(-c3ccc(C#N)s3)cc2)no1)c1cccc2ccccc12,6.221848749616356,600.0,1,CHEMBL5556742,Replicase polyprotein 1ab
CC(c1nc(-c2ccc(-c3ccc(C(=O)O)cc3)cc2)no1)c1cccc2ccccc12,4.931814138253839,11700.0,1,CHEMBL5505947,Replicase polyprotein 1ab
CC(c1nc(-c2ccc(-c3ccc(C(=O)O)s3)cc2)no1)c1cccc2ccccc12,5.7447274948966935,1800.0,1,CHEMBL5558299,Replicase polyprotein 1ab
CC(c1nc(-c2ccc(N(C)Cc3ccc(C(=O)O)s3)cc2)no1)c1cccc2ccccc12,5.3979400086720375,4000.0,1,CHEMBL5542893,Replicase polyprotein 1ab
CC(c1nc(-c2ccc(NCc3ccc(C(=O)O)cc3)cc2)no1)c1cccc2ccccc12,4.29929628285498,50200.0,1,CHEMBL5558582,Replicase polyprotein 1ab
CC(c1nc(-c2ccc(NCc3ccc(C(=O)O)s3)cc2)no1)c1cccc2ccccc12,6.698970004336019,200.0,1,CHEMBL5557823,Replicase polyprotein 1ab
CC(c1nc(-c2ccc(Nc3ccc(C(=O)O)cc3)cc2)no1)c1cccc2ccccc12,5.376750709602099,4200.0,1,CHEMBL5558026,Replicase polyprotein 1ab
CC(c1nc(-c2cccc(NCc3ccc(C(=O)O)cc3)c2)no1)c1cccc2ccccc12,5.1249387366083,7500.0,1,CHEMBL5532433,Replicase polyprotein 1ab
CC(c1nc(-c2cccc(NCc3ccc(C(=O)O)o3)c2)no1)c1cccc2ccccc12,4.015472686656207,96500.0,1,CHEMBL5517872,Replicase polyprotein 1ab
CC(c1nc(-c2cccc(NCc3ccc(C(=O)O)s3)c2)no1)c1cccc2ccccc12,5.119186407719209,7600.0,1,CHEMBL5558603,Replicase polyprotein 1ab
CC(c1ncc(-c2ccc(-c3ccc(C#N)s3)cc2)o1)c1cccc2ccccc12,4.681936665037238,20800.0,1,CHEMBL5556327,Replicase polyprotein 1ab
CC(c1ncc(-c2ccc(-c3ccc(C(=O)O)s3)cc2)o1)c1cccc2ccccc12,5.113509274827518,7700.0,1,CHEMBL5512576,Replicase polyprotein 1ab
CC(c1noc(-c2ccc(-c3ccc(C#N)s3)cc2)n1)c1cccc2ccccc12,4.503070351926785,31400.0,1,CHEMBL5505771,Replicase polyprotein 1ab
CC(c1noc(-c2ccc(-c3ccc(C(=O)O)s3)cc2)n1)c1cccc2ccccc12,5.6777807052660805,2100.0,1,CHEMBL5558504,Replicase polyprotein 1ab
CC1(C)C2CN(C(=O)C3CN(c4ccc(Cl)c(Cl)c4)CCN3C(=O)c3cc(=O)[nH]c4ccccc34)CC21,5.345823458122039,4510.0,1,CHEMBL5559515,Replicase polyprotein 1ab
CC1(C)C=Cc2c(ccc3cc(C(=O)N/N=C/c4ccc5cccc(O)c5n4)oc23)O1,3.7375489102695707,183000.0,1,CHEMBL5584194,Replicase polyprotein 1ab
CC1(C)C=Cc2c(ccc3cc(C(=O)N/N=C/c4ccc5ccccc5n4)oc23)O1,3.6020599913279625,250000.0,1,CHEMBL5594321,Replicase polyprotein 1ab
CC1(C)C=Cc2c(ccc3cc(C(=O)N/N=C/c4ccc5ncccc5c4)oc23)O1,4.467245621007502,34100.0,1,CHEMBL5593246,Replicase polyprotein 1ab
CC1(C)C=Cc2c(ccc3cc(C(=O)N/N=C/c4cccc5cccnc45)oc23)O1,4.79317412396815,16100.0,1,CHEMBL5593975,Replicase polyprotein 1ab
CC1(C)C=Cc2c(ccc3cc(C(=O)N/N=C/c4cccc5ncccc45)oc23)O1,4.3655227298392685,43100.0,1,CHEMBL5594631,Replicase polyprotein 1ab
CC1(C)C=Cc2c(ccc3cc(C(=O)N/N=C/c4ccnc5ccccc45)oc23)O1,3.8894102897007508,129000.0,1,CHEMBL5591502,Replicase polyprotein 1ab
CC1(C)C=Cc2c(ccc3cc(C(=O)N/N=C/c4cnc5ccccc5c4)oc23)O1,4.527243550682788,29700.0,1,CHEMBL5591631,Replicase polyprotein 1ab
CC1(C)CC(=O)C2=C(C1)Nc1cc([N+](=O)[O-])ccc1N(C(=O)CCl)C2,4.6129662987176365,24380.0,1,CHEMBL5410459,Replicase polyprotein 1ab
CC1(C)CC(=O)C2=C(C1)Nc1cc([N+](=O)[O-])ccc1N(C(=O)CCl)C2C1CC1,4.87484417041947,13340.0,1,CHEMBL5437930,Replicase polyprotein 1ab
CC1(C)CC(=O)C2=C(C1)Nc1cc([N+](=O)[O-])ccc1N(C(=O)CCl)C2C1CCC1,5.019088062223156,9570.0,1,CHEMBL5409154,Replicase polyprotein 1ab
CC1(C)CC(=O)C2=C(C1)Nc1cc([N+](=O)[O-])ccc1N(C(=O)CCl)C2C1CCCC1,5.0400051616715835,9120.0,1,CHEMBL5413108,Replicase polyprotein 1ab
CC1(C)CC(=O)C2=C(C1)Nc1cc([N+](=O)[O-])ccc1N(C(=O)CCl)C2C1CCCCC1,5.279014255846261,5260.0,1,CHEMBL5400538,Replicase polyprotein 1ab
CC1(C)CC(=O)C2=C(C1)Nc1cc([N+](=O)[O-])ccc1N(C(=O)CCl)C2c1ccc(C(F)(F)F)cc1,5.428291168191312,3730.0,1,CHEMBL5421327,Replicase polyprotein 1ab
CC1(C)CC(=O)C2=C(C1)Nc1cc([N+](=O)[O-])ccc1N(C(=O)CCl)C2c1ccc(F)cc1F,5.019996628416254,9550.0,1,CHEMBL5398813,Replicase polyprotein 1ab
CC1(C)CC(=O)C2=C(C1)Nc1cc([N+](=O)[O-])ccc1N(C(=O)CCl)C2c1ccc(OC(F)(F)F)cc1,5.245651664288981,5680.0,1,CHEMBL5414005,Replicase polyprotein 1ab
CC1(C)CC(=O)C2=C(C1)Nc1cc([N+](=O)[O-])ccc1N(C(=O)CCl)C2c1ccccc1,5.3448615651886175,4520.0,1,CHEMBL5415228,Replicase polyprotein 1ab
CC1(C)CC(O)(C(=O)N2CC3(CC3)C[C@H]2C(=O)N[C@@H](C[C@@H]2CCNC2=O)C(=O)COC(F)(F)F)C1,7.437707135543525,36.5,1,CHEMBL5420351,Replicase polyprotein 1ab
CC1(C)CCC2=C(O1)c1ccccc1C(=O)C2=O,6.214670164989233,610.0,1,CHEMBL15192,Replicase polyprotein 1ab
CC1(C)CCCC[C@@H]2C[C@@H](C[C@@H](C#N)NC(=O)[C@@H]3[C@@H]4[C@H](CN3C(=O)[C@H]1NC(=O)C(F)(F)F)C4(C)C)C(=O)N2,8.0,10.0,1,CHEMBL6074523,Replicase polyprotein 1ab
CC1(C)CCCC[C@@H]2C[C@@H](C[C@@H](C#N)NC(=O)[C@@H]3[C@@H]4[C@H](CN3C(=O)[C@H]1NC(=O)OCc1ccccc1)C4(C)C)C(=O)N2,7.568636235841013,27.0,1,CHEMBL6078476,Replicase polyprotein 1ab
CC1(C)CCOC(=O)[C@@H]2C[C@@H](C[C@@H](C#N)NC(=O)[C@@H]3[C@@H]4[C@H](CN3C(=O)[C@H]1NC(=O)C(F)(F)F)C4(C)C)C(=O)N2,7.920818753952375,12.0,1,CHEMBL6082928,Replicase polyprotein 1ab
CC1(C)CNC(=O)[C@@H]2C[C@@H](C[C@@H](C#N)NC(=O)[C@@H]3[C@@H]4[C@H](CN3C(=O)[C@H]1NC(=O)C(F)(F)F)C4(C)C)C(=O)N2,7.7447274948966935,18.0,1,CHEMBL6114914,Replicase polyprotein 1ab
CC1(C)CNC(=O)[C@@H]2C[C@@H](C[C@@H](C#N)NC(=O)[C@@H]3[C@@H]4[C@H](CN3C(=O)[C@H]1NC(=O)C1CC1)C4(C)C)C(=O)N2,7.494850021680094,32.0,1,CHEMBL6078406,Replicase polyprotein 1ab
CC1(C)CNC(=O)[C@@H]2C[C@@H](C[C@@H](C#N)NC(=O)[C@@H]3[C@@H]4[C@H](CN3C(=O)[C@H]1NC(=O)COc1ccc(F)cc1F)C4(C)C)C(=O)N2,7.154901959985743,70.0,1,CHEMBL6074614,Replicase polyprotein 1ab
CC1(C)CNC(=O)[C@@H]2C[C@@H](C[C@@H](C#N)NC(=O)[C@@H]3[C@@H]4[C@H](CN3C(=O)[C@H]1NC(=O)OCc1ccccc1)C4(C)C)C(=O)N2,8.05551732784983,8.8,1,CHEMBL6133070,Replicase polyprotein 1ab
CC1(C)CNC(=O)[C@@H]2C[C@H](C[C@@H](C#N)NC(=O)[C@@H]3[C@@H]4[C@H](CN3C(=O)[C@H]1NC(=O)C(F)(F)F)C4(C)C)C(=O)N2,7.1249387366083,75.0,1,CHEMBL6101937,Replicase polyprotein 1ab
CC1(C)CNC(=O)[C@@H]2C[C@H](C[C@@H](C#N)NC(=O)[C@@H]3[C@@H]4[C@H](CN3C(=O)[C@H]1NC(=O)OCc1ccccc1)C4(C)C)C(=O)N2,7.920818753952375,12.0,1,CHEMBL6082909,Replicase polyprotein 1ab
CC1(C)COC(=O)[C@@H]2C[C@@H](C[C@@H](C#N)NC(=O)[C@@H]3[C@@H]4[C@H](CN3C(=O)[C@H]1NC(=O)C(F)(F)C1CC1)C4(C)C)C(=O)N2,7.853871964321762,14.0,1,CHEMBL6132678,Replicase polyprotein 1ab
CC1(C)COC(=O)[C@@H]2C[C@@H](C[C@@H](C#N)NC(=O)[C@@H]3[C@@H]4[C@H](CN3C(=O)[C@H]1NC(=O)C(F)(F)Cc1ccccc1)C4(C)C)C(=O)N2,7.638272163982407,23.0,1,CHEMBL6102348,Replicase polyprotein 1ab
CC1(C)COC(=O)[C@@H]2C[C@@H](C[C@@H](C#N)NC(=O)[C@@H]3[C@@H]4[C@H](CN3C(=O)[C@H]1NC(=O)C(F)(F)F)C4(C)C)C(=O)N2,7.468521082957745,34.0,1,CHEMBL6078581,Replicase polyprotein 1ab
CC1(C)COC(=O)[C@@H]2C[C@@H](C[C@@H](C#N)NC(=O)[C@@H]3[C@@H]4[C@H](CN3C(=O)[C@H]1NC(=O)C(F)(F)c1ccc(F)cc1)C4(C)C)C(=O)N2,7.657577319177793,22.0,1,CHEMBL6078189,Replicase polyprotein 1ab
CC1(C)COC(=O)[C@@H]2C[C@@H](C[C@@H](C#N)NC(=O)[C@@H]3[C@@H]4[C@H](CN3C(=O)[C@H]1NC(=O)C1CC1)C4(C)C)C(=O)N2,7.920818753952375,12.0,1,CHEMBL6078046,Replicase polyprotein 1ab
CC1(C)COC(=O)[C@@H]2C[C@@H](C[C@@H](C#N)NC(=O)[C@@H]3[C@@H]4[C@H](CN3C(=O)[C@H]1NC(=O)CC1CC1)C4(C)C)C(=O)N2,7.6777807052660805,21.0,1,CHEMBL6078478,Replicase polyprotein 1ab
CC1(C)COC(=O)[C@@H]2C[C@@H](C[C@@H](C#N)NC(=O)[C@@H]3[C@@H]4[C@H](CN3C(=O)[C@H]1NC(=O)OC1CC1)C4(C)C)C(=O)N2,7.769551078621726,17.0,1,CHEMBL6102141,Replicase polyprotein 1ab
CC1(C)COC(=O)[C@@H]2C[C@@H](C[C@@H](C#N)NC(=O)[C@@H]3[C@@H]4[C@H](CN3C(=O)[C@H]1NC(=O)OCc1ccccc1)C4(C)C)C(=O)N2,8.193820026016112,6.4,1,CHEMBL6102641,Replicase polyprotein 1ab
CC1(C)C[C@@H](C(=O)N[C@H](C=O)C[C@@H]2CCNC2=O)N(C(=O)c2cc3ccccc3[nH]2)C1,7.585026652029182,26.0,1,CHEMBL5573206,Replicase polyprotein 1ab
CC1(C)OC2=C(C(=O)C(=O)c3ccccc32)C1n1cc(-c2ccccc2)nn1,5.769551078621726,1700.0,1,CHEMBL454129,Replicase polyprotein 1ab
CC1(C)S[C@@H]2[C@H](NC(=O)COc3ccccc3)C(=O)N2[C@H]1C(=O)O,4.301029995663981,50000.0,1,CHEMBL615,Replicase polyprotein 1ab
CC1(C)S[C@@H]2[C@H](NC(=O)COc3ccccc3)C(=O)N2[C@H]1C(=O)OCc1ccccc1,4.301029995663981,50000.0,1,CHEMBL5179718,Replicase polyprotein 1ab
CC1(C)S[C@@H]2[C@H](NC(=O)[C@H](Cc3ccccc3)NC(=O)c3cc4ccccc4[nH]3)C(=O)N2[C@H]1C(=O)O,3.8728952016351923,134000.0,1,CHEMBL5432178,Replicase polyprotein 1ab
CC1(C)S[C@H]2N(C(=O)C2(Br)Br)[C@H]1C(=O)OCc1ccc([N+](=O)[O-])cc1,4.301029995663981,50000.0,1,CHEMBL5174549,Replicase polyprotein 1ab
CC1(C)S[C@H]2N(C(=O)C2(Br)Br)[C@H]1C(=O)OCc1ccccc1,4.301029995663981,50000.0,1,CHEMBL3133030,Replicase polyprotein 1ab
CC1(C)[C@@H]2[C@@H](C(=O)N3C[C@]4(CC3C#N)C(=O)Nc3ccccc34)N(C(=O)[C@@H](NC(=O)C(F)(F)F)C3CC3)C[C@@H]21,6.052566278112949,886.0,1,CHEMBL6143898,Replicase polyprotein 1ab
CC1(C)[C@@H]2[C@@H](C(=O)N[C@H](C#N)C[C@@H]3CCNC3=O)N(C(=O)C3(c4cccc(Cl)c4)CC3)C[C@@H]21,6.7447274948966935,180.0,1,CHEMBL5569851,Replicase polyprotein 1ab
CC1(C)[C@@H]2[C@@H](C(=O)N[C@H](C#N)C[C@@H]3CCNC3=O)N(C(=O)COc3ccc(C(F)(F)F)cc3)C[C@@H]21,6.795880017344075,160.0,1,CHEMBL5435034,Replicase polyprotein 1ab
CC1(C)[C@@H]2[C@@H](C(=O)N[C@H](C#N)C[C@@H]3CCNC3=O)N(C(=O)COc3ccc(OC(F)(F)F)cc3)C[C@@H]21,6.795880017344075,160.0,1,CHEMBL5434703,Replicase polyprotein 1ab
CC1(C)[C@@H]2[C@@H](C(=O)N[C@H](C#N)C[C@@H]3CCNC3=O)N(C(=O)OCc3cccnc3)C[C@@H]21,7.102372908709558,79.0,1,CHEMBL5575592,Replicase polyprotein 1ab
CC1(C)[C@@H]2[C@@H](C(=O)N[C@H](C#N)C[C@@H]3CCNC3=O)N(C(=O)[C@@H](NC(=O)C(F)(F)F)c3ccc(Cl)c(Cl)c3)C[C@@H]21,7.6020599913279625,25.0,1,CHEMBL5572845,Replicase polyprotein 1ab
CC1(C)[C@@H]2[C@@H](C(=O)N[C@H](C#N)C[C@@H]3CCNC3=O)N(C(=O)[C@@H](NC(=O)C(F)(F)F)c3ccc(Cl)cc3)C[C@@H]21,6.376750709602099,420.0,1,CHEMBL5562763,Replicase polyprotein 1ab
CC1(C)[C@@H]2[C@@H](C(=O)N[C@H](C#N)C[C@@H]3CCNC3=O)N(C(=O)c3cc4c(Cl)cccc4[nH]3)C[C@@H]21,6.259637310505756,550.0,1,CHEMBL5792621,Replicase polyprotein 1ab
CC1(C)[C@@H]2[C@@H](C(=O)N[C@H](C#N)C[C@@H]3CCNC3=O)N(C(=O)c3cc4c(Cl)cccc4o3)C[C@@H]21,6.0,1000.0,1,CHEMBL5863144,Replicase polyprotein 1ab
CC1(C)[C@@H]2[C@@H](C(=O)N[C@H](C#N)C[C@@H]3CCNC3=O)N(C(=O)c3cc4c(F)cc(F)cc4[nH]3)C[C@@H]21,6.259637310505756,550.0,1,CHEMBL6032260,Replicase polyprotein 1ab
CC1(C)[C@@H]2[C@@H](C(=O)N[C@H](C#N)C[C@@H]3CCNC3=O)N(C(=O)c3cc4c(F)ccc(F)c4[nH]3)C[C@@H]21,6.259637310505756,550.0,1,CHEMBL5774839,Replicase polyprotein 1ab
CC1(C)[C@@H]2[C@@H](C(=O)N[C@H](C#N)C[C@@H]3CCNC3=O)N(C(=O)c3cc4c(OC(F)F)cccc4[nH]3)C[C@@H]21,7.0,100.0,1,CHEMBL5188495,Replicase polyprotein 1ab
CC1(C)[C@@H]2[C@@H](C(=O)N[C@H](C#N)C[C@@H]3CCNC3=O)N(C(=O)c3cc4cc(F)c(F)cc4[nH]3)C[C@@H]21,6.259637310505756,550.0,1,CHEMBL5952591,Replicase polyprotein 1ab
CC1(C)[C@@H]2[C@@H](C(=O)N[C@H](C#N)C[C@@H]3CCNC3=O)N(C(=O)c3cc4cc(F)cc(F)c4[nH]3)C[C@@H]21,6.259637310505756,550.0,1,CHEMBL5916230,Replicase polyprotein 1ab
CC1(C)[C@@H]2[C@@H](C(=O)N[C@H](C=O)C[C@@H]3CCNC3=O)N(C(=O)C(Oc3ccc(Cl)cc3)Oc3ccc(Cl)cc3)C[C@@H]21,6.552841968657781,280.0,1,CHEMBL5594537,Replicase polyprotein 1ab
CC1(C)[C@@H]2[C@@H](C(=O)N[C@H](C=O)C[C@@H]3CCNC3=O)N(C(=O)C(c3ccc(Cl)cc3)c3ccc(Cl)cc3)C[C@@H]21,6.552841968657781,280.0,1,CHEMBL5573076,Replicase polyprotein 1ab
CC1(C)[C@@H]2[C@@H](C(=O)N[C@H](C=O)C[C@@H]3CCNC3=O)N(C(=O)C3(O)CCCCC3)C[C@@H]21,7.346787486224656,45.0,1,CHEMBL5575126,Replicase polyprotein 1ab
CC1(C)[C@@H]2[C@@H](C(=O)N[C@H](C=O)C[C@@H]3CCNC3=O)N(C(=O)C3(c4cccc(Cl)c4)CC3)C[C@@H]21,7.958607314841775,11.0,1,CHEMBL5565685,Replicase polyprotein 1ab
CC1(C)[C@@H]2[C@@H](C(=O)N[C@H](C=O)C[C@@H]3CCNC3=O)N(C(=O)C3(c4ccccc4)CC3)C[C@@H]21,8.0,10.0,1,CHEMBL5563513,Replicase polyprotein 1ab
CC1(C)[C@@H]2[C@@H](C(=O)N[C@H](C=O)C[C@@H]3CCNC3=O)N(C(=O)C3(c4ccccc4)CCCC3)C[C@@H]21,7.823908740944319,15.0,1,CHEMBL5565858,Replicase polyprotein 1ab
CC1(C)[C@@H]2[C@@H](C(=O)N[C@H](C=O)C[C@@H]3CCNC3=O)N(C(=O)C3CCCC3)C[C@@H]21,6.6777807052660805,210.0,1,CHEMBL5574830,Replicase polyprotein 1ab
CC1(C)[C@@H]2[C@@H](C(=O)N[C@H](C=O)C[C@@H]3CCNC3=O)N(C(=O)CC3CCCCC3)C[C@@H]21,7.6020599913279625,25.0,1,CHEMBL5567063,Replicase polyprotein 1ab
CC1(C)[C@@H]2[C@@H](C(=O)N[C@H](C=O)C[C@@H]3CCNC3=O)N(C(=O)CCC3CCCCC3)C[C@@H]21,7.3872161432802645,41.0,1,CHEMBL5425010,Replicase polyprotein 1ab
CC1(C)[C@@H]2[C@@H](C(=O)N[C@H](C=O)C[C@@H]3CCNC3=O)N(C(=O)CCc3cccc(F)c3)C[C@@H]21,7.782516055786093,16.5,1,CHEMBL5275295,Replicase polyprotein 1ab
CC1(C)[C@@H]2[C@@H](C(=O)N[C@H](C=O)C[C@@H]3CCNC3=O)N(C(=O)CNc3ccc(Cl)cc3)C[C@@H]21,6.00436480540245,990.0,1,CHEMBL5440769,Replicase polyprotein 1ab
CC1(C)[C@@H]2[C@@H](C(=O)N[C@H](C=O)C[C@@H]3CCNC3=O)N(C(=O)COC3CCCCC3)C[C@@H]21,7.6020599913279625,25.0,1,CHEMBL5398911,Replicase polyprotein 1ab
CC1(C)[C@@H]2[C@@H](C(=O)N[C@H](C=O)C[C@@H]3CCNC3=O)N(C(=O)COc3cc(F)cc(F)c3)C[C@@H]21,7.732828271596986,18.5,1,CHEMBL5270522,Replicase polyprotein 1ab
CC1(C)[C@@H]2[C@@H](C(=O)N[C@H](C=O)C[C@@H]3CCNC3=O)N(C(=O)COc3ccc(Br)c(Cl)c3)C[C@@H]21,7.294136287716081,50.8,1,CHEMBL5287690,Replicase polyprotein 1ab
CC1(C)[C@@H]2[C@@H](C(=O)N[C@H](C=O)C[C@@H]3CCNC3=O)N(C(=O)COc3ccc(Br)cc3Cl)C[C@@H]21,7.876148359032914,13.3,1,CHEMBL5282244,Replicase polyprotein 1ab
CC1(C)[C@@H]2[C@@H](C(=O)N[C@H](C=O)C[C@@H]3CCNC3=O)N(C(=O)COc3ccc(Cl)c(Cl)c3)C[C@@H]21,7.906578314837765,12.4,1,CHEMBL5287318,Replicase polyprotein 1ab
CC1(C)[C@@H]2[C@@H](C(=O)N[C@H](C=O)C[C@@H]3CCNC3=O)N(C(=O)COc3ccc(Cl)cc3)C[C@@H]21,7.883501944803923,14.0,2,CHEMBL5276490,Replicase polyprotein 1ab
CC1(C)[C@@H]2[C@@H](C(=O)N[C@H](C=O)C[C@@H]3CCNC3=O)N(C(=O)COc3ccc(Cl)cc3Cl)C[C@@H]21,7.886056647693163,13.0,3,CHEMBL5288416,Replicase polyprotein 1ab
CC1(C)[C@@H]2[C@@H](C(=O)N[C@H](C=O)C[C@@H]3CCNC3=O)N(C(=O)COc3ccc(F)c(F)c3)C[C@@H]21,7.87942606879415,13.2,1,CHEMBL5269547,Replicase polyprotein 1ab
CC1(C)[C@@H]2[C@@H](C(=O)N[C@H](C=O)C[C@@H]3CCNC3=O)N(C(=O)COc3ccc(OC(F)(F)F)cc3)C[C@@H]21,7.821032576499773,15.1,8,CHEMBL5195325,Replicase polyprotein 1ab
CC1(C)[C@@H]2[C@@H](C(=O)N[C@H](C=O)C[C@@H]3CCNC3=O)N(C(=O)COc3ccc4ccccc4c3)C[C@@H]21,7.283162276700476,52.1,1,CHEMBL5287688,Replicase polyprotein 1ab
CC1(C)[C@@H]2[C@@H](C(=O)N[C@H](C=O)C[C@@H]3CCNC3=O)N(C(=O)COc3cccc(C(F)(F)F)c3)C[C@@H]21,7.363512103646634,43.3,1,CHEMBL5286326,Replicase polyprotein 1ab
CC1(C)[C@@H]2[C@@H](C(=O)N[C@H](C=O)C[C@@H]3CCNC3=O)N(C(=O)COc3ccccc3)C[C@@H]21,7.267606240177032,54.0,1,CHEMBL5564834,Replicase polyprotein 1ab
CC1(C)[C@@H]2[C@@H](C(=O)N[C@H](C=O)C[C@@H]3CCNC3=O)N(C(=O)Cc3ccccc3)C[C@@H]21,7.795880017344075,16.0,1,CHEMBL5567237,Replicase polyprotein 1ab
CC1(C)[C@@H]2[C@@H](C(=O)N[C@H](C=O)C[C@@H]3CCNC3=O)N(C(=O)N(c3ccc(Cl)cc3)c3ccc(Cl)cc3)C[C@@H]21,6.346787486224656,450.0,1,CHEMBL5573472,Replicase polyprotein 1ab
CC1(C)[C@@H]2[C@@H](C(=O)N[C@H](C=O)C[C@@H]3CCNC3=O)N(C(=O)OC(c3ccc(F)cc3)c3ccc(F)cc3)C[C@@H]21,7.026872146400302,94.0,1,CHEMBL5570352,Replicase polyprotein 1ab
CC1(C)[C@@H]2[C@@H](C(=O)N[C@H](C=O)C[C@@H]3CCNC3=O)N(C(=O)OC(c3ccccc3)c3ccccc3)C[C@@H]21,7.017728766960431,96.0,1,CHEMBL5574995,Replicase polyprotein 1ab
CC1(C)[C@@H]2[C@@H](C(=O)N[C@H](C=O)C[C@@H]3CCNC3=O)N(C(=O)OCc3ccccc3)C[C@@H]21,7.434833115752497,39.5,2,CHEMBL5276875,Replicase polyprotein 1ab
CC1(C)[C@@H]2[C@@H](C(=O)N[C@H](C=O)C[C@@H]3CCNC3=O)N(C(=O)OCc3cccnc3)C[C@@H]21,7.698970004336019,20.0,1,CHEMBL5571652,Replicase polyprotein 1ab
CC1(C)[C@@H]2[C@@H](C(=O)N[C@H](C=O)C[C@@H]3CCNC3=O)N(C(=O)[C@H](CC3CCCCC3)NC(=O)OCc3ccccc3)C[C@@H]21,6.6020599913279625,250.0,1,CHEMBL5571924,Replicase polyprotein 1ab
CC1(C)[C@@H]2[C@@H](C(=O)N[C@H](C=O)C[C@@H]3CCNC3=O)N(C(=O)[C@H](Cc3ccccc3)NC(=O)OCc3ccccc3)C[C@@H]21,6.568636235841013,270.0,1,CHEMBL5571290,Replicase polyprotein 1ab
CC1(C)[C@@H]2[C@@H](C(=O)N[C@H](C=O)C[C@@H]3CCNC3=O)N(C(=O)c3cc4c(C#N)cccc4[nH]3)C[C@@H]21,7.585026652029182,26.0,1,CHEMBL5564296,Replicase polyprotein 1ab
CC1(C)[C@@H]2[C@@H](C(=O)N[C@H](C=O)C[C@@H]3CCNC3=O)N(C(=O)c3cc4c(F)cccc4[nH]3)C[C@@H]21,7.823908740944319,15.0,1,CHEMBL5570296,Replicase polyprotein 1ab
CC1(C)[C@@H]2[C@@H](C(=O)N[C@H](C=O)C[C@@H]3CCNC3=O)N(C(=O)c3cc4cc(F)ccc4[nH]3)C[C@@H]21,7.769551078621726,17.0,1,CHEMBL5571893,Replicase polyprotein 1ab
CC1(C)[C@@H]2[C@@H](C(=O)N[C@H](C=O)C[C@@H]3CCNC3=O)N(C(=O)c3cc4ccc(F)cc4[nH]3)C[C@@H]21,7.823908740944319,15.0,1,CHEMBL5570525,Replicase polyprotein 1ab
CC1(C)[C@@H]2[C@@H](C(=O)N[C@H](C=O)C[C@@H]3CCNC3=O)N(C(=O)c3cc4cccc(C#N)c4[nH]3)C[C@@H]21,7.698970004336019,20.0,1,CHEMBL5571332,Replicase polyprotein 1ab
CC1(C)[C@@H]2[C@@H](C(=O)N[C@H](C=O)C[C@@H]3CCNC3=O)N(C(=O)c3cc4cccc(C(F)(F)F)c4[nH]3)C[C@@H]21,7.7447274948966935,18.0,1,CHEMBL5591360,Replicase polyprotein 1ab
CC1(C)[C@@H]2[C@@H](C(=O)N[C@H](C=O)C[C@@H]3CCNC3=O)N(C(=O)c3cc4cccc(Cl)c4[nH]3)C[C@@H]21,8.0,10.0,1,CHEMBL5574569,Replicase polyprotein 1ab
CC1(C)[C@@H]2[C@@H](C(=O)N[C@H](C=O)C[C@@H]3CCNC3=O)N(C(=O)c3cc4cccc(F)c4[nH]3)C[C@@H]21,7.958607314841775,11.0,1,CHEMBL5572085,Replicase polyprotein 1ab
CC1(C)[C@@H]2[C@@H](C(=O)N[C@H](C=O)C[C@@H]3CCNC3=O)N(C(=O)c3cc4ccccc4[nH]3)C[C@@H]21,7.585026652029182,26.0,1,CHEMBL5595277,Replicase polyprotein 1ab
CC1(C)[C@@H]2[C@@H](C(=O)N[C@H](C=O)C[C@@H]3CCNC3=O)N(C(=O)c3ccc4ccccc4c3)C[C@@H]21,6.343901797987168,453.0,1,CHEMBL5284199,Replicase polyprotein 1ab
CC1(C)[C@@H]2[C@H]1CN(C(=O)COc1ccc(OC(F)(F)F)cc1)[C@H]2C(=O)N[C@@H](C=O)C[C@H]1CCNC1=O,7.818156412055227,15.2,1,CHEMBL5555618,Replicase polyprotein 1ab
CC1(C)[C@@H]2[C@H]1CN(C(=O)OCc1ccccc1)[C@H]2C(=O)N[C@@H](C=O)C[C@H]1CCNC1=O,7.267606240177032,54.0,1,CHEMBL5560375,Replicase polyprotein 1ab
CC1(C)[C@H](C(=O)O)N2C(=O)C(Br)(Br)[C@H]2S1(=O)=O,4.616184634019569,24200.0,1,CHEMBL5201737,Replicase polyprotein 1ab
CC1(C)[C@H](C(=O)O)N2C(=O)C[C@H]2S1(=O)=O,4.301029995663981,50000.0,1,CHEMBL403,Replicase polyprotein 1ab
CC1(C)[C@H](C(=O)OCC#N)N2C(=O)[C@@H](NC(=O)COc3ccccc3)[C@H]2S1(=O)=O,5.013228265733755,9700.0,1,CHEMBL5193299,Replicase polyprotein 1ab
CC1(C)[C@H](C(=O)OCOc2ccccc2)N2C(=O)[C@@H](NC(=O)COc3ccccc3)[C@H]2S1(=O)=O,5.180456064458132,6600.0,1,CHEMBL5184016,Replicase polyprotein 1ab
CC1(C)[C@H](C(=O)OCc2c(F)cc(F)cc2F)N2C(=O)[C@@H](NC(=O)COc3ccccc3)[C@H]2S1(=O)=O,5.795880017344075,1600.0,1,CHEMBL5202165,Replicase polyprotein 1ab
CC1(C)[C@H](C(=O)OCc2cc(C(F)(F)F)cc(C(F)(F)F)c2)N2C(=O)[C@@H](NC(=O)COc3ccccc3)[C@H]2S1(=O)=O,4.452225294612178,35300.0,1,CHEMBL5192323,Replicase polyprotein 1ab
CC1(C)[C@H](C(=O)OCc2cc(F)c(F)c(F)c2)N2C(=O)[C@@H](NC(=O)COc3ccccc3)[C@H]2S1(=O)=O,4.301029995663981,50000.0,1,CHEMBL5207886,Replicase polyprotein 1ab
CC1(C)[C@H](C(=O)OCc2cc(F)cc(F)c2)N2C(=O)[C@@H](NC(=O)COc3ccccc3)[C@H]2S1(=O)=O,4.772113295386326,16900.0,1,CHEMBL5188979,Replicase polyprotein 1ab
CC1(C)[C@H](C(=O)OCc2ccc(C(F)(F)F)o2)N2C(=O)[C@@H](NC(=O)COc3ccccc3)[C@H]2S1(=O)=O,4.991399828238082,10200.0,1,CHEMBL5202168,Replicase polyprotein 1ab
CC1(C)[C@H](C(=O)OCc2ccc(F)cc2)N2C(=O)[C@@H](NC(=O)COc3ccccc3)[C@H]2S1(=O)=O,5.130768280269024,7400.0,1,CHEMBL5184585,Replicase polyprotein 1ab
CC1(C)[C@H](C(=O)OCc2ccc(F)cc2F)N2C(=O)[C@@H](NC(=O)COc3ccccc3)[C@H]2S1(=O)=O,5.443697499232712,3600.0,1,CHEMBL5177564,Replicase polyprotein 1ab
CC1(C)[C@H](C(=O)OCc2ccc([N+](=O)[O-])cc2)C2C(=O)C(Br)(Br)[C@H]2S1(=O)=O,6.221848749616356,600.0,1,CHEMBL5433693,Replicase polyprotein 1ab
CC1(C)[C@H](C(=O)OCc2ccc([N+](=O)[O-])cc2)C2C(=O)C(Br)(Br)[C@H]2[S+]1[O-],6.301029995663981,500.0,1,CHEMBL5409790,Replicase polyprotein 1ab
CC1(C)[C@H](C(=O)OCc2ccc([N+](=O)[O-])cc2)N2C(=O)C(Br)(Br)[C@H]2S1(=O)=O,6.221848749616356,600.0,1,CHEMBL5196801,Replicase polyprotein 1ab
CC1(C)[C@H](C(=O)OCc2ccc([N+](=O)[O-])cc2)N2C(=O)C(Br)(Br)[C@H]2[S+]1[O-],6.301029995663981,500.0,1,CHEMBL5174185,Replicase polyprotein 1ab
CC1(C)[C@H](C(=O)OCc2ccc([N+](=O)[O-])cc2)N2C(=O)[C@@H](NC(=O)COc3ccccc3)[C@H]2S1(=O)=O,4.301029995663981,50000.0,1,CHEMBL5205045,Replicase polyprotein 1ab
CC1(C)[C@H](C(=O)OCc2ccc3ccccc3c2)N2C(=O)[C@@H](NC(=O)COc3ccccc3)[C@H]2S1(=O)=O,4.301029995663981,50000.0,1,CHEMBL5182588,Replicase polyprotein 1ab
CC1(C)[C@H](C(=O)OCc2cccc(F)c2)N2C(=O)[C@@H](NC(=O)COc3ccccc3)[C@H]2S1(=O)=O,5.036212172654444,9200.0,1,CHEMBL5187062,Replicase polyprotein 1ab
CC1(C)[C@H](C(=O)OCc2cccc([N+](=O)[O-])c2)N2C(=O)[C@@H](NC(=O)COc3ccccc3)[C@H]2S1(=O)=O,4.876148359032914,13300.0,1,CHEMBL5193661,Replicase polyprotein 1ab
CC1(C)[C@H](C(=O)OCc2ccccc2)C2C(=O)C(Br)(Br)[C@H]2S1(=O)=O,6.154901959985743,700.0,1,CHEMBL5417410,Replicase polyprotein 1ab
CC1(C)[C@H](C(=O)OCc2ccccc2)N2C(=O)C(Br)(Br)[C@H]2S1(=O)=O,6.154901959985743,700.0,1,CHEMBL5191009,Replicase polyprotein 1ab
CC1(C)[C@H](C(=O)OCc2ccccc2)N2C(=O)C[C@H]2S1(=O)=O,4.301029995663981,50000.0,1,CHEMBL5205487,Replicase polyprotein 1ab
CC1(C)[C@H](C(=O)OCc2ccccc2)N2C(=O)[C@@H](NC(=O)CCc3ccccc3)[C@H]2S1(=O)=O,4.34008379993015,45700.0,1,CHEMBL5198745,Replicase polyprotein 1ab
CC1(C)[C@H](C(=O)OCc2ccccc2)N2C(=O)[C@@H](NC(=O)CNC(=O)OCc3ccccc3)[C@H]2S1(=O)=O,4.301029995663981,50000.0,1,CHEMBL5194789,Replicase polyprotein 1ab
CC1(C)[C@H](C(=O)OCc2ccccc2)N2C(=O)[C@@H](NC(=O)CNC(=O)c3ccccc3)[C@H]2S1(=O)=O,4.301029995663981,50000.0,1,CHEMBL5178752,Replicase polyprotein 1ab
CC1(C)[C@H](C(=O)OCc2ccccc2)N2C(=O)[C@@H](NC(=O)COC3CCCCC3)[C@H]2S1(=O)=O,5.3872161432802645,4100.0,1,CHEMBL5189663,Replicase polyprotein 1ab
CC1(C)[C@H](C(=O)OCc2ccccc2)N2C(=O)[C@@H](NC(=O)COCc3ccccc3)[C@H]2S1(=O)=O,5.638272163982407,2300.0,1,CHEMBL5183136,Replicase polyprotein 1ab
CC1(C)[C@H](C(=O)OCc2ccccc2)N2C(=O)[C@@H](NC(=O)COc3c(F)c(F)c(F)c(F)c3F)[C@H]2S1(=O)=O,5.275724130399211,5300.0,1,CHEMBL5203554,Replicase polyprotein 1ab
CC1(C)[C@H](C(=O)OCc2ccccc2)N2C(=O)[C@@H](NC(=O)COc3cccc4ccccc34)[C@H]2S1(=O)=O,4.375717904164332,42100.0,1,CHEMBL5184680,Replicase polyprotein 1ab
CC1(C)[C@H](C(=O)OCc2ccccc2)N2C(=O)[C@@H](NC(=O)COc3ccccc3)C[C@H]2S1(=O)=O,4.583359492661719,26100.0,1,CHEMBL5187027,Replicase polyprotein 1ab
CC1(C)[C@H](C(=O)OCc2ccccc2)N2C(=O)[C@@H](NC(=O)COc3ccccc3)[C@H]2S1(=O)=O,5.180456064458132,6600.0,1,CHEMBL5190736,Replicase polyprotein 1ab
CC1(C)[C@H](C(=O)OCc2ccccc2)N2C(=O)[C@@H](NC(=O)COc3ccccc3)[C@H]2[S@@+]1[O-],4.640164517660112,22900.0,1,CHEMBL5175665,Replicase polyprotein 1ab
CC1(C)[C@H](C(=O)OCc2ccccc2)N2C(=O)[C@@H](NC(=O)Cc3ccccc3)[C@H]2S1(=O)=O,4.301029995663981,50000.0,1,CHEMBL5183311,Replicase polyprotein 1ab
CC1(C)[C@H](C(=O)OCc2ccccc2)N2C(=O)[C@@H](NC(=O)OCc3ccccc3)[C@H]2S1(=O)=O,4.301029995663981,50000.0,1,CHEMBL5207205,Replicase polyprotein 1ab
CC1(C)[C@H](C(=O)OCc2ccccc2)N2C(=O)[C@H](Br)[C@H]2S1(=O)=O,4.995678626217358,10100.0,1,CHEMBL5184035,Replicase polyprotein 1ab
CC1(C)[C@H](C(=O)OCc2ccccc2)N2C(=O)[C@H](NC(=O)COc3ccccc3)[C@H]2S1(=O)=O,4.301029995663981,50000.0,1,CHEMBL5177029,Replicase polyprotein 1ab
CC1(C)[C@H](C(=O)OCc2ccccc2)N2C(=O)[C@H](NC(=O)COc3ccccc3)[C@H]2[S@@+]1[O-],4.301029995663981,50000.0,1,CHEMBL5180585,Replicase polyprotein 1ab
CC1(C)[C@H](C(=O)OCc2ccccc2F)N2C(=O)[C@@H](NC(=O)COc3ccccc3)[C@H]2S1(=O)=O,5.236572006437063,5800.0,1,CHEMBL5191284,Replicase polyprotein 1ab
CC1(C)[C@H]2[C@@H](C(=O)N[C@H](C#N)C[C@@H]3CCNC3=O)N(C(=O)c3cc4c(OC(F)F)cccc4[nH]3)C[C@H]21,6.259637310505756,550.0,1,CHEMBL5890503,Replicase polyprotein 1ab
CC1(c2ccccc2)CC2(C1)NC(=O)N(c1cncc3ccccc13)C2=O,7.1487416512809245,71.0,1,CHEMBL5564582,Replicase polyprotein 1ab
CC1=C(C#N)C(=O)N(CCCO)C(=O)/C1=N\Nc1ccc(Br)cc1C(=O)O,4.719194071606333,19090.0,1,CHEMBL5184053,Replicase polyprotein 1ab
CC1=C(C(=O)OCCc2ccccc2)C(c2ccccc2[N+](=O)[O-])C2C(=O)CCCC2N1,5.6020599913279625,2500.0,1,CHEMBL5280472,Replicase polyprotein 1ab
CC1=C(C)C(=O)C(C(C)(C)CC(=O)N(CCCCSC[C@H]2O[C@@H](n3cnc4c(N)ncnc43)[C@H](O)[C@@H]2O)Cc2cccc(-c3ccc(Cl)cc3)c2)=C(C)C1=O,5.958607314841775,1100.0,1,CHEMBL5094158,Replicase polyprotein 1ab
CC1=C(C)C(=O)O[C@@H]([C@@H](C)[C@@]2(O)CC[C@H]3[C@@H]4[C@@H]5O[C@@H]5[C@@]5(O)CC=CC(=O)[C@]5(C)[C@H]4CC[C@@]32C)C1,5.7447274948966935,1800.0,1,CHEMBL516703,Replicase polyprotein 1ab
CC1=C(CO)C(=O)O[C@@H]([C@@H](C)[C@H]2CC[C@H]3[C@@H]4C[C@H]5O[C@]56[C@@H](O)C=CC(=O)[C@]6(C)[C@H]4CC[C@]23C)C1,6.234132845361724,585.0,2,CHEMBL517080,Replicase polyprotein 1ab
CC1=C(c2ccccc2)C1C(=O)NC(C)c1nc(-c2ccc(C(F)(F)F)cc2)no1,4.013541787262693,96930.0,1,CHEMBL5280670,Replicase polyprotein 1ab
CC1=C(c2ccccc2)C1C(=O)NC(CC1CC1)c1nc(-c2ccc(C(F)(F)F)cc2)no1,4.114695332411032,76790.0,1,CHEMBL5288939,Replicase polyprotein 1ab
CC1=C(c2ccccc2)C1C(=O)NC(CC1CCCCC1)c1nc(-c2ccc(C(F)(F)F)cc2)no1,4.712870379280889,19370.0,1,CHEMBL5274679,Replicase polyprotein 1ab
CC1=C(c2ccccc2)C1C(=O)NC(Cc1cc2ccccc2[nH]1)c1nc(-c2ccc(C(F)(F)F)cc2)no1,4.831502516476967,14740.0,1,CHEMBL5290924,Replicase polyprotein 1ab
CC1=C(c2ccccc2)C1C(=O)NC(Cc1ccc(F)cc1)c1nc(-c2ccc(C(F)(F)F)cc2)no1,4.782252926737207,16510.0,1,CHEMBL5279877,Replicase polyprotein 1ab
CC1=C(c2ccccc2)C1C(=O)NC(Cc1ccc2ccccc2c1)c1nc(-c2ccc(C(F)(F)F)cc2)no1,5.189095719331299,6470.0,1,CHEMBL5286093,Replicase polyprotein 1ab
CC1=C(c2ccccc2)C1C(=O)NC(Cc1cccc(F)c1)c1nc(-c2ccc(C(F)(F)F)cc2)no1,4.849243560139691,14150.0,1,CHEMBL5269801,Replicase polyprotein 1ab
CC1=C(c2ccccc2)C1C(=O)NC(Cc1ccccc1)c1nc(-c2ccc(C(F)(F)F)cc2)no1,5.278189384787454,5270.0,1,CHEMBL5290148,Replicase polyprotein 1ab
CC1=C(c2ccccc2)C1C(=O)NC(Cc1ccccc1F)c1nc(-c2ccc(C(F)(F)F)cc2)no1,5.126098402135539,7480.0,1,CHEMBL5274265,Replicase polyprotein 1ab
CC1=C(c2ccccc2)C1C(=O)NCc1nc(-c2ccc(C(F)(F)F)cc2)no1,5.1732774798310075,6710.0,1,CHEMBL5282313,Replicase polyprotein 1ab
CC1=C(c2ccccc2)C1C(=O)NCc1nc(-c2cccc(C(F)(F)F)c2)no1,4.8458804744841535,14260.0,1,CHEMBL5270638,Replicase polyprotein 1ab
CC1=C(c2ccccc2)C1C(=O)NCc1nc(-c2cccc(C)c2)no1,4.453210648368742,35220.0,1,CHEMBL5275803,Replicase polyprotein 1ab
CC1=C(c2ccccc2)C1C(=O)NCc1nc(-c2cccc(Cl)c2)no1,4.6728454875905685,21240.0,1,CHEMBL5270863,Replicase polyprotein 1ab
CC1=C(c2ccccc2)C1C(=O)NCc1nc(-c2cccc(F)c2)no1,4.174184555014796,66960.0,1,CHEMBL5290811,Replicase polyprotein 1ab
CC1=C(c2ccccc2)C1C(=O)NCc1nc(-c2cccc(OC(F)(F)F)c2)no1,4.706858516549069,19640.0,1,CHEMBL5276507,Replicase polyprotein 1ab
CC1=C(c2ccccc2)C1C(=O)NCc1nc(-c2cccc([N+](=O)[O-])c2)no1,4.706416486503883,19660.0,1,CHEMBL5288572,Replicase polyprotein 1ab
CC1=C(c2ccccc2)C1C(=O)NCc1nc(-c2ccccc2)no1,4.098977826751921,79620.0,1,CHEMBL5277777,Replicase polyprotein 1ab
CC1=C(c2ccccc2)C1C(=O)NCc1nc(-c2ccccc2C(F)(F)F)no1,4.1744440677096435,66920.0,1,CHEMBL5284820,Replicase polyprotein 1ab
CC1=CC(=O)c2ccccc2C1=O,5.26721043400512,5815.0,2,CHEMBL590,Replicase polyprotein 1ab
CC1=C[C@H](c2c(O)ccc([C@@H]3CC(=O)c4c(O)cc(O)cc4O3)c2O)[C@@H](C(=O)c2ccc(O)cc2O)[C@H](c2ccc(O)cc2O)C1,5.275724130399211,5300.0,1,CHEMBL377937,Replicase polyprotein 1ab
CC1=NC2C(=O)C(Nc3ccc(C)cc3)=CC(=O)C2S1,6.4089353929735005,390.0,1,CHEMBL5188743,Replicase polyprotein 1ab
CC1=NN(c2ccc(Cl)cc2)C(=O)/C1=C\c1ccc(OCc2cn(CC(=O)NCc3ccc(C(=O)O)cc3)nn2)cc1,5.5003129173815966,3160.0,1,CHEMBL5559018,Replicase polyprotein 1ab
CC1C2=C(CC(C)(C)CC2=O)Nc2cc([N+](=O)[O-])ccc2N1C(=O)CCl,4.632271453913024,23320.0,1,CHEMBL5410934,Replicase polyprotein 1ab
CC1C2=C(CCCC2=O)Nc2cc([N+](=O)[O-])ccc2N1C(=O)CCl,5.432973633840939,3690.0,1,CHEMBL5437199,Replicase polyprotein 1ab
CC1CC(=O)C2=C(C1)Nc1cc([N+](=O)[O-])ccc1N(C(=O)CCl)C2,4.939302159646388,11500.0,1,CHEMBL5433473,Replicase polyprotein 1ab
CC1CC(=O)C2=C(C1)Nc1cc([N+](=O)[O-])ccc1N(C(=O)CCl)C2C,4.959793372425289,10970.0,1,CHEMBL5402209,Replicase polyprotein 1ab
CC1CC(=O)C2=C(C1)Nc1cc([N+](=O)[O-])ccc1N(C(=O)CCl)C2C1CC1,5.042871802323186,9060.0,1,CHEMBL5419891,Replicase polyprotein 1ab
CC1CC(=O)C2=C(C1)Nc1cc([N+](=O)[O-])ccc1N(C(=O)CCl)C2C1CCC1,5.135488918941608,7320.0,1,CHEMBL5395044,Replicase polyprotein 1ab
CC1CC(=O)C2=C(C1)Nc1cc([N+](=O)[O-])ccc1N(C(=O)CCl)C2C1CCCC1,5.288192770958809,5150.0,1,CHEMBL5401195,Replicase polyprotein 1ab
CC1CC(=O)C2=C(C1)Nc1cc([N+](=O)[O-])ccc1N(C(=O)CCl)C2C1CCCCC1,5.440093374963888,3630.0,1,CHEMBL5394565,Replicase polyprotein 1ab
CC1CC(=O)C2=C(C1)Nc1cc([N+](=O)[O-])ccc1N(C(=O)CCl)C2c1ccc(C(F)(F)F)cc1,5.480172006224281,3310.0,1,CHEMBL5395848,Replicase polyprotein 1ab
CC1CC(=O)C2=C(C1)Nc1cc([N+](=O)[O-])ccc1N(C(=O)CCl)C2c1ccc(F)cc1F,5.20690839982342,6210.0,1,CHEMBL5429124,Replicase polyprotein 1ab
CC1CC(=O)C2=C(C1)Nc1cc([N+](=O)[O-])ccc1N(C(=O)CCl)C2c1ccc(OC(F)(F)F)cc1,5.3819519032879075,4150.0,1,CHEMBL5417240,Replicase polyprotein 1ab
CC1CC(=O)C2=C(C1)Nc1cc([N+](=O)[O-])ccc1N(C(=O)CCl)C2c1ccccc1,5.473660722610156,3360.0,1,CHEMBL5439502,Replicase polyprotein 1ab
CC1CC(C(=O)N2C[C@H]3[C@@H]([C@H]2C(=O)N[C@H](C=O)C[C@@H]2CCNC2=O)C3(C)C)C1,7.086186147616283,82.0,1,CHEMBL5573583,Replicase polyprotein 1ab
CC1CCC(CC(=O)N2C[C@H]3[C@@H]([C@H]2C(=O)N[C@H](C=O)C[C@@H]2CCNC2=O)C3(C)C)CC1,7.6020599913279625,25.0,1,CHEMBL5574551,Replicase polyprotein 1ab
CC1COP(=O)(Oc2cc(O)c3c(=O)c(O)c(-c4cc(O)c(O)c(O)c4)oc3c2)OC1,5.1791420105603,6620.0,1,CHEMBL5561562,Replicase polyprotein 1ab
CCC#CC(=O)N(c1ccc(-c2ccccc2)cc1)C(C(=O)N[C@@H](C)c1ccccc1)c1cccnc1,5.782516055786093,1650.0,1,CHEMBL5631419,Replicase polyprotein 1ab
CCC(=O)C(=O)N(c1ccc(-c2ccccc2)cc1)C(C(=O)N[C@@H](C)c1ccccc1)c1cccnc1,5.419075024324381,3810.0,1,CHEMBL5632539,Replicase polyprotein 1ab
CCC(=O)N[C@H](C(=O)N1C[C@H]2[C@@H]([C@H]1C(=O)N[C@H](C#N)C[C@@H]1CCNC1=O)C2(C)C)C(C)(C)C,7.0,100.0,2,CHEMBL5188869,Replicase polyprotein 1ab
CCC(=O)OCN1C(=O)C=CC1=O,6.5376020021010435,290.0,1,CHEMBL1374426,Replicase polyprotein 1ab
CCC(=O)[C@H](Cc1ccccc1)NC(=O)[C@H](CC(C)C)NC(=O)/C=C/c1ccccc1,5.0,10000.0,1,CHEMBL6162928,Replicase polyprotein 1ab
CCC(=O)c1ccc2c(c1)N(C(=O)CSC#N)c1ccccc1S2,5.47716468633947,3333.0,1,CHEMBL5398507,Replicase polyprotein 1ab
CCC(C(=O)Nc1cc(NC2CCNC2)ccc1C)n1cc(Br)cc2nc(SCc3ccc(F)cc3)nc1-2,7.301029995663981,50.0,1,CHEMBL6141781,Replicase polyprotein 1ab
CCC(C(=O)Nc1cc(NC2CCNC2)ccc1C)n1cc(Cl)cc2nc(SCc3ccc(F)cc3)nc1-2,7.154901959985743,70.0,1,CHEMBL6147745,Replicase polyprotein 1ab
CCC(C(=O)Nc1cc(NC2CCNC2)ccc1C)n1cc(F)cc2nc(SCc3ccc(F)cc3)nc1-2,6.636388020107856,231.0,1,CHEMBL6148271,Replicase polyprotein 1ab
CCC(C(=O)Nc1cc(NC2CCNC2)ccc1C)n1cccc2nc(SCc3ccc(F)cc3)nc1-2,6.853871964321762,140.0,1,CHEMBL6141633,Replicase polyprotein 1ab
CCC(C(=O)Nc1cc(NC2CCNCC2)ccc1C)n1cc(Br)cc2nc(SCc3ccc(F)cc3)nc1-2,7.301029995663981,50.0,1,CHEMBL6134008,Replicase polyprotein 1ab
CCC(C(=O)Nc1cc(NC2CCNCC2)ccc1C)n1cc(Cl)cc2nc(SCc3ccc(F)cc3)nc1-2,7.154901959985743,70.0,1,CHEMBL6148027,Replicase polyprotein 1ab
CCC(C(=O)Nc1cc(NC2CCOC2)ccc1C)n1cc(Br)cc2nc(SCc3ccc(F)cc3)nc1-2,6.301029995663981,500.0,1,CHEMBL6168448,Replicase polyprotein 1ab
CCC(C(=O)Nc1cc(NC2CCOC2)ccc1C)n1cc(Cl)cc2nc(SCc3ccc(F)cc3)nc1-2,6.795880017344075,160.0,1,CHEMBL6152806,Replicase polyprotein 1ab
CCC(C(=O)Nc1cc(NC2CCOC2)ccc1C)n1cc(F)cc2nc(SCc3ccc(F)cc3)nc1-2,5.730487055782084,1860.0,1,CHEMBL6145244,Replicase polyprotein 1ab
CCC(C(=O)Nc1cc(NC2CCOCC2)ccc1C)n1cc(Br)cc2nc(SCc3ccc(F)cc3)nc1-2,6.301029995663981,500.0,1,CHEMBL6172604,Replicase polyprotein 1ab
CCC(C(=O)Nc1cc(NC2CCOCC2)ccc1C)n1cc(Cl)cc2nc(SCc3ccc(F)cc3)nc1-2,6.2839966563652006,520.0,1,CHEMBL6167937,Replicase polyprotein 1ab
CCC(C(=O)Nc1cc(NC2CCOCC2)ccc1C)n1cc(F)cc2nc(SCc3ccc(F)cc3)nc1-2,5.853871964321762,1400.0,1,CHEMBL6161069,Replicase polyprotein 1ab
CCC(C(=O)Nc1cc(NC2CCOCC2)ccc1C)n1cccc2nc(SCc3ccc(F)cc3)nc1-2,6.221848749616356,600.0,1,CHEMBL6132654,Replicase polyprotein 1ab
CCC(C(=O)Nc1cc(NC2CNC2)ccc1C)n1cc(Br)cc2nc(SCc3ccc(F)cc3)nc1-2,7.154901959985743,70.0,1,CHEMBL6148472,Replicase polyprotein 1ab
CCC(C(=O)Nc1cc(NC2CNC2)ccc1C)n1cc(Cl)cc2nc(SCc3ccc(F)cc3)nc1-2,7.045757490560675,90.0,1,CHEMBL6144973,Replicase polyprotein 1ab
CCC(C(=O)Nc1cc(NC2CNC2)ccc1C)n1cc(F)cc2nc(SCc3ccc(F)cc3)nc1-2,6.698970004336019,200.0,1,CHEMBL6166615,Replicase polyprotein 1ab
CCC(C(=O)Nc1cc(NC2CNC2)ccc1C)n1cccc2nc(SCc3ccc(F)cc3)nc1-2,6.853871964321762,140.0,1,CHEMBL6133162,Replicase polyprotein 1ab
CCC(C(=O)Nc1cc(NC2COC2)ccc1C)n1cc(Br)cc2nc(SCc3ccc(F)cc3)nc1-2,6.619788758288394,240.0,1,CHEMBL6144097,Replicase polyprotein 1ab
CCC(C(=O)Nc1cc(NC2COC2)ccc1C)n1cc(F)cc2nc(SCc3ccc(F)cc3)nc1-2,6.3979400086720375,400.0,1,CHEMBL6152202,Replicase polyprotein 1ab
CCC(C(=O)Nc1cc(NC2COC2)ccc1C)n1cccc2nc(SCc3ccc(F)cc3)nc1-2,6.522878745280337,300.0,1,CHEMBL6161956,Replicase polyprotein 1ab
CCC(C(=O)Nc1ccccc1C)n1cc(F)cc2nc(SCc3ccc(F)cc3)nc1-2,5.293282217663241,5090.0,1,CHEMBL6166967,Replicase polyprotein 1ab
CCC(C(=O)Nc1ccccc1C)n1cccc2nc(SCc3ccc(F)cc3)nc1-2,5.97061622231479,1070.0,1,CHEMBL6159757,Replicase polyprotein 1ab
CCC(C)(C)[C@H](NC(=O)C1(F)CC1)C(=O)N1C[C@@H]2CCC[C@@H]2[C@H]1C(=O)NN(C[C@@H]1CCNC1=O)C(=O)[C@H](F)Cl,8.221848749616356,6.0,1,CHEMBL5393937,Replicase polyprotein 1ab
CCC(C)SSc1ncc[nH]1,4.6700000181810175,21379.62,7,CHEMBL406050,Replicase polyprotein 1ab
CCC(C)c1ccc(N(C(=O)c2ccco2)C(C(=O)NC2CCCC2)c2cccnc2)cc1,5.657577319177793,2200.0,1,CHEMBL1405735,Replicase polyprotein 1ab
CCC(CC)CC1(C(=O)Nc2ccccc2S)CCCCC1,4.841637507904751,14400.0,1,CHEMBL117102,Replicase polyprotein 1ab
CCC(CC)COC(=O)[C@H](C)N[P@](=O)(OC[C@H]1O[C@@](C#N)(c2ccc3c(N)ncnn23)[C@H](O)[C@@H]1O)Oc1ccccc1,5.79601577679892,1600.0,4,CHEMBL4065616,Replicase polyprotein 1ab
CCC(CC)OC(=O)[C@H](C)N[P@@](=O)(CC[C@H]1O[C@@](C#N)(c2ccc3c(N)ncnn23)[C@H](O)[C@@H]1O)Oc1ccccc1,4.942714355581785,11410.0,1,CHEMBL5280654,Replicase polyprotein 1ab
CCC(CC)[C@H](NC(=O)C(F)(F)F)C(=O)N1C[C@H]2[C@@H]([C@H]1C(=O)NN(C[C@@H]1CCNC1=O)C(=O)[C@H](F)Cl)C2(C)C,8.154901959985743,7.0,1,CHEMBL5431221,Replicase polyprotein 1ab
CCC(c1ccccc1)c1nc2cc(O)c(O)c(O)c2c(=O)[nH]1,6.6777807052660805,210.0,1,CHEMBL5411855,Replicase polyprotein 1ab
CCC1(OC(=O)N[C@@H](CC(C)C)C(=O)N[C@H](C=O)C[C@@H]2CCNC2=O)COCOC1,6.346787486224656,450.0,1,CHEMBL6175844,Replicase polyprotein 1ab
CCC1CCC(OC(=O)N[C@@H](CC(C)C)C(=O)N[C@H](C=O)C[C@@H]2CCNC2=O)CC1,5.958607314841775,1100.0,1,CHEMBL6172907,Replicase polyprotein 1ab
CCCC#CC(=O)N(c1ccc(-c2ccccc2)cc1)C(C(=O)N[C@@H](C)c1ccccc1)c1cccnc1,4.698970004336019,20000.0,1,CHEMBL5632013,Replicase polyprotein 1ab
CCCC(=O)N[C@@H](CC(C)C)C(=O)N[C@H](C=O)Cc1ccccc1,5.0,10000.0,1,CHEMBL6167970,Replicase polyprotein 1ab
CCCC1CCC(OC(=O)N[C@@H](CC(C)C)C(=O)N[C@@H](C[C@@H]2CCNC2=O)C(O)S(=O)(=O)O)CC1,6.638272163982407,230.0,1,CHEMBL5288267,Replicase polyprotein 1ab
CCCCC(=O)Nc1ccc(C)c(C(=O)N[C@H](C)c2cccc3ccccc23)c1,4.896196279044043,12700.0,3,CHEMBL5177666,Replicase polyprotein 1ab
CCCCC(c1ccc(O)c(O)c1)c1cc(=O)c2c(O)cccc2o1,4.0,100000.0,1,CHEMBL5281756,Replicase polyprotein 1ab
CCCCC1CCC(COC(=O)N[C@@H](CC(C)C)C(=O)N[C@H](C=O)C[C@@H]2CCNC2=O)CC1,6.769551078621726,170.0,1,CHEMBL5593485,Replicase polyprotein 1ab
CCCCC1CCC(OC(=O)N[C@@H](CC(C)C)C(=O)N[C@@H](C[C@@H]2CCNC2=O)C(O)S(=O)(=O)O)CC1,6.698970004336019,200.0,1,CHEMBL5277063,Replicase polyprotein 1ab
CCCCCC(=O)N[C@@H](CC(C)C)C(=O)N[C@H](C=O)Cc1ccccc1,5.0,10000.0,1,CHEMBL6145787,Replicase polyprotein 1ab
CCCCCC/C=C\CCCCCCCc1cccc(O)c1C(=O)O,5.267479682308075,9045.0,2,CHEMBL445177,Replicase polyprotein 1ab
CCCCCC12CCC(COC(=O)N[C@@H](CC(C)C)C(=O)N[C@@H](C[C@H]3CCNC3=O)C(O)S(=O)(=O)[O-])(CC1)CC2.[Na+],6.522878745280337,300.0,1,CHEMBL5218677,Replicase polyprotein 1ab
CCCCCC12CCC(COC(=O)N[C@@H](CC(C)C)C(=O)N[C@H](C=O)C[C@H]3CCNC3=O)(CC1)CC2,6.568636235841013,270.0,1,CHEMBL5219362,Replicase polyprotein 1ab
CCCCCCCC(=O)NCC(=O)N[C@@H](Cc1ccccc1)C(=O)N[C@H](C=O)Cc1c[nH]cn1,5.6252516539898965,2370.0,1,CHEMBL5287352,Replicase polyprotein 1ab
CCCCCCCCCC(=O)N[C@H]1[C@H](Oc2c3cc4cc2Oc2ccc(cc2Cl)[C@@H](O[C@@H]2O[C@H](CO)[C@@H](O)[C@H](O)[C@H]2NC(C)=O)[C@@H]2NC(=O)[C@H](NC(=O)[C@@H]4NC(=O)[C@H]4NC(=O)[C@H](Cc5ccc(c(Cl)c5)O3)NC(=O)[C@H](N)c3ccc(O)c(c3)Oc3cc(O)cc4c3)c3ccc(O)c(c3)-c3c(O[C@H]4O[C@H](CO)[C@@H](O)[C@H](O)[C@@H]4O)cc(O)cc3[C@@H](C(=O)O)NC2=O)O[C@H](CO)[C@@H](O)[C@@H]1O,5.823908740944319,1500.0,1,CHEMBL2103913,Replicase polyprotein 1ab
CCCCCCCCCC(C)CCC(C)C(=O)O,4.5376020021010435,29000.0,1,CHEMBL5570180,Replicase polyprotein 1ab
CCCCCCCCCCCCCCCc1cccc(O)c1C(=O)O,5.167491087293763,6800.0,3,CHEMBL33778,Replicase polyprotein 1ab
CCCCCCCCCCCCNC(=O)[C@@H](Cc1ccc(O)c(O)c1)OC(=O)/C=C/c1ccc(O)c(O)c1,4.38933983691012,40800.0,1,CHEMBL5403998,Replicase polyprotein 1ab
CCCCCCCCc1ccc(-n2[se]c3ccccc3c2=O)cc1,5.570124247569637,2690.7650000000003,2,CHEMBL5598437,Replicase polyprotein 1ab
CCCCCCCOc1ccc(C(=O)Oc2cncc(Cl)c2)cc1,6.0,1000.0,1,CHEMBL5597993,Replicase polyprotein 1ab
CCCCCCCc1ccc(-n2[se]c3ccccc3c2=O)cc1,5.254962704703923,5559.52,2,CHEMBL5596345,Replicase polyprotein 1ab
CCCCCCNC(=O)C(=O)[C@H](C[C@@H]1CCNC1=O)NC(=O)[C@@H]1[C@@H]2[C@H](CN1C(=O)[C@@H](NC(=O)NC(C)(C)C)C(C)(C)C)C2(C)C,6.142667503568732,720.0,1,CHEMBL5170923,Replicase polyprotein 1ab
CCCCCCNC(=O)n1cc(Br)c(=O)[nH]c1=O,5.130768280269024,7400.0,1,CHEMBL2333042,Replicase polyprotein 1ab
CCCCCCNC(=O)n1cc(C(F)(F)F)c(=O)[nH]c1=O,5.130768280269024,7400.0,1,CHEMBL2333033,Replicase polyprotein 1ab
CCCCCCNC(=O)n1cc(C)c(=O)[nH]c1=O,5.119186407719209,7600.0,1,CHEMBL2333031,Replicase polyprotein 1ab
CCCCCCNC(=O)n1cc(CC)c(=O)[nH]c1=O,5.207608310501746,6200.0,1,CHEMBL2333034,Replicase polyprotein 1ab
CCCCCCNC(=O)n1cc(Cl)c(=O)[nH]c1=O,5.259637310505756,5500.0,1,CHEMBL2333032,Replicase polyprotein 1ab
CCCCCCNC(=O)n1cc(F)c(=O)[nH]c1=O,5.739928612014925,1820.0,11,CHEMBL460499,Replicase polyprotein 1ab
CCCCCCNC(=O)n1ccc(=O)[nH]c1=O,5.008773924307505,9800.0,1,CHEMBL2333065,Replicase polyprotein 1ab
CCCCCn1sc2ccccc2c1=O,6.3872161432802645,410.0,2,CHEMBL416639,Replicase polyprotein 1ab
CCCCNC(=O)C(=O)[C@H](C[C@@H]1CCNC1=O)NC(=O)[C@@H]1[C@@H]2[C@H](CN1C(=O)[C@@H](NC(=O)NC(C)(C)C)C(C)(C)C)C2(C)C,6.431798275933005,370.0,1,CHEMBL5179663,Replicase polyprotein 1ab
CCCCNC(=O)C1CN(c2ccc(Cl)c(Cl)c2)CCN1C(=O)c1cc(=O)[nH]c2ccccc12,6.236572006437063,580.0,1,CHEMBL5565854,Replicase polyprotein 1ab
CCCCNC(=O)Nc1ccc(C)c(C(=O)N[C@H](C)c2cccc3ccccc23)c1,4.774690718274137,16800.0,2,CHEMBL5171621,Replicase polyprotein 1ab
CCCCNC(=O)c1ccc(-n2sc3ccccc3c2=O)cc1,6.040958607678906,910.0,1,CHEMBL5274064,Replicase polyprotein 1ab
CCCCOC(=O)/C=C/C(=O)NNC(=O)CCc1ccccc1C(=O)N[C@H](C)c1cccc2ccccc12,6.619788758288394,240.0,1,CHEMBL6166424,Replicase polyprotein 1ab
CCCCOc1c(-c2ccc(O)c(O)c2)oc2cc(O)cc(O)c2c1=O,5.275724130399211,5300.0,1,CHEMBL3326854,Replicase polyprotein 1ab
CCCCOc1cc(Cl)cc(-c2cc(-c3c[nH]c(=O)[nH]c3=O)cn(-c3cccnc3)c2=O)c1,6.6020599913279625,250.0,1,CHEMBL5563455,Replicase polyprotein 1ab
CCCC[C@@H](C=O)NC(=O)[C@H](CC(C)C)NC(=O)OCc1ccccc1,4.977412470639392,10535.0,8,CHEMBL92708,Replicase polyprotein 1ab
CCCC[C@@H](C=O)NC(=O)[C@H](CC(C)C)NC(=O)[C@H](CC(C)C)NC(C)=O,5.06599975808587,8590.14,3,CHEMBL304784,Replicase polyprotein 1ab
CCCC[C@H](NC(=O)/C=C/c1ccccc1)C(=O)N[C@H](C=O)C[C@@H]1CCCNC1=O,6.557520230935552,277.0,1,CHEMBL5207566,Replicase polyprotein 1ab
CCCC[C@H](NC(=O)/C=C/c1ccccc1)C(=O)N[C@H](C=O)C[C@@H]1CCNC1=O,6.428291168191312,373.0,1,CHEMBL5200040,Replicase polyprotein 1ab
CCCC[C@H](NC(=O)/C=C/c1ccccc1)C(=O)N[C@H](C=O)Cc1ccccc1,5.0,10000.0,1,CHEMBL6162187,Replicase polyprotein 1ab
CCCC[C@H](NC(=O)[C@@H]1CC2(CCCCC2)CN1C(=O)[C@@H](NC(=O)OC)C(C)(C)C)C(=O)C(=O)NC1CC1,6.145693958198919,715.0,1,CHEMBL5542896,Replicase polyprotein 1ab
CCCC[C@H](NC(=O)[C@@H]1[C@@H]2[C@H](CN1C(=O)[C@@H](NC(=O)NC1(CS(=O)(=O)C(C)(C)C)CCCCC1)C(C)(C)C)C2(C)C)C(=O)C(=O)NC1CC1,5.243062583910497,5713.98,4,CHEMBL1255891,Replicase polyprotein 1ab
CCCCc1c(-c2ccc(O)c(O)c2)oc2cc(O)cc(O)c2c1=O,5.221848749616356,6000.0,1,CHEMBL594248,Replicase polyprotein 1ab
CCCN(C(=O)OCc1ccccc1)[C@@H](CC(C)C)C(=O)N1C[C@]2(CC1C#N)C(=O)Nc1ccccc12,7.0,100.0,1,CHEMBL5826032,Replicase polyprotein 1ab
CCCN(C(=O)OCc1ccccc1)[C@@H](CC(C)C)C(=O)N1C[C@]2(C[C@H]1C#N)C(=O)Nc1ccccc12,7.0,100.0,1,CHEMBL5882479,Replicase polyprotein 1ab
CCCN(C(=O)c1cc2c(F)cc(F)cc2[nH]1)[C@@H](CC(C)C)C(=O)N1C[C@]2(CC1C#N)C(=O)Nc1ccccc12,7.0,100.0,1,CHEMBL5947740,Replicase polyprotein 1ab
CCCN(C(=O)c1cc2c(F)cc(F)cc2[nH]1)[C@@H](CC(C)C)C(=O)N1C[C@]2(C[C@H]1C#N)C(=O)Nc1ccccc12,7.0,100.0,1,CHEMBL5986428,Replicase polyprotein 1ab
CCCN(C(=O)c1cc2c(F)cccc2[nH]1)[C@@H](CC(C)C)C(=O)N1C[C@]2(CC1C#N)C(=O)Nc1ccccc12,7.0,100.0,1,CHEMBL5752304,Replicase polyprotein 1ab
CCCN(C(=O)c1cc2c(F)cccc2[nH]1)[C@@H](CC(C)C)C(=O)N1C[C@]2(C[C@H]1C#N)C(=O)Nc1ccccc12,7.0,100.0,1,CHEMBL5915508,Replicase polyprotein 1ab
CCCN(CCC)C(=O)c1ccc(C)c(C(=O)N[C@H](C)c2cccc3ccccc23)c1,4.0,100000.0,1,CHEMBL5395513,Replicase polyprotein 1ab
CCCN(CCC)C(=O)c1cccc(C(=O)N[C@H](C)c2cccc3ccccc23)c1,4.798602875679548,15900.0,1,CHEMBL5428316,Replicase polyprotein 1ab
CCCNC(=O)c1ccc(-n2sc3ccccc3c2=O)cc1,6.638272163982407,230.0,1,CHEMBL1435753,Replicase polyprotein 1ab
CCCOc1cc(Cl)cc(-c2cc(-c3c[nH]c(=O)[nH]c3=O)cn(-c3cccnc3)c2=O)c1,6.920818753952375,120.0,1,CHEMBL4872194,Replicase polyprotein 1ab
CCCOc1ccc(-c2cc(OCCN3CCCC3)c3cc(OC)cc(OC)c3n2)cc1,4.522878745280337,30000.0,2,CHEMBL5209332,Replicase polyprotein 1ab
CCCOc1ccc(-c2cc(OCCN3CCCCC3)c3c(OC)ccc(OC)c3n2)cc1,5.186829816312478,15705.0,2,CHEMBL5181347,Replicase polyprotein 1ab
CCCOc1ccc(-c2cc(OCCN3CCN(Cc4ccccc4)CC3)c3c(OC)cc(OC)cc3n2)cc1,4.522878745280337,30000.0,2,CHEMBL5173495,Replicase polyprotein 1ab
CCCOc1ccc(-c2cc(OCCN3CCc4cc(OC)c(OC)cc4C3)c3c(OC)cc(OC)cc3n2)cc1,5.449814727441218,15210.0,2,CHEMBL4175014,Replicase polyprotein 1ab
CCCS(=O)(=O)N[C@H](C(=O)N[C@@H](Cc1ccccc1)C(=O)N(C)N(C#N)Cc1ccc(Cl)cc1)C(C)(C)C,6.806875401645538,156.0,1,CHEMBL5568095,Replicase polyprotein 1ab
CCCSc1nc2sc3c(c2c(=O)n1CC)CCc1ccccc1-3,5.2839966563652006,5200.0,1,CHEMBL5561435,Replicase polyprotein 1ab
CCC[C@@H](C=O)NC(=O)[C@H](CC(C)C)NC(=O)[C@H](CC(C)C)NC(=O)OCc1ccccc1,5.503035085652827,3140.255,4,CHEMBL4518490,Replicase polyprotein 1ab
CCC[C@@H](NC(=O)[C@@H](CC(C)C)NC(=O)OCc1ccccc1)C(=O)C(=O)NCc1ccccn1,6.346787486224656,450.0,3,CHEMBL5196922,Replicase polyprotein 1ab
CCC[C@@H](Nc1ncnc2[nH]ccc12)C(=O)O,4.002176919254275,99500.0,2,CHEMBL5441541,Replicase polyprotein 1ab
CCC[C@@H]1C[C@H]1COC(=O)N[C@@H](CC(C)C)C(=O)N[C@@H](C[C@H]1CCNC1=O)[C@@H](O)S(=O)(=O)[O-].[Na+],6.769551078621726,170.0,1,CHEMBL6177150,Replicase polyprotein 1ab
CCC[C@@H]1NC(=O)[C@@H](NC(=O)[C@H](C)N)CNC(=O)[C@H](CS(=O)(=O)[O-])NC(=O)/C=C/c2csc(n2)[C@H](Cc2ccc(O)cc2)NC(=O)C(=O)[C@H]([C@@H](C)CC)NC1=O.[Na+],4.79317412396815,16100.0,1,CHEMBL5418049,Replicase polyprotein 1ab
CCC[C@@]1(CCc2ccccc2)CC(O)=C([C@H](CC)c2cccc(NS(=O)(=O)c3ccc(C(F)(F)F)cn3)c2)C(=O)O1,5.131943638176958,7380.0,1,CHEMBL222559,Replicase polyprotein 1ab
CCC[C@H](NC(=O)/C=C/c1ccccc1)C(=O)N[C@@H](CC(C)C)C(=O)N[C@H](C=O)C[C@@H]1CCCNC1=O,6.265200170411153,543.0,1,CHEMBL5172144,Replicase polyprotein 1ab
CCC[C@H](NC(=O)/C=C/c1ccccc1)C(=O)N[C@H](C=O)Cc1ccccc1,5.0,10000.0,1,CHEMBL6168660,Replicase polyprotein 1ab
CCC[C@H](NC(=O)[C@@H]1[C@H]2CCC[C@H]2CN1C(=O)[C@@H](NC(=O)[C@@H](NC(=O)c1cnccn1)C1CCCCC1)C(C)(C)C)C(=O)C(=O)NC1CC1,4.97061622231479,10700.0,3,CHEMBL231813,Replicase polyprotein 1ab
CCC[C@H](NC(=O)[C@H](CC(C)C)NC(=O)OCc1ccccc1)C(=O)C(=O)NCc1ccccn1,6.346787486224656,450.0,5,CHEMBL5266148,Replicase polyprotein 1ab
CCC[C@H](Nc1ncnc2[nH]ccc12)C(=O)O,4.002176919254275,99500.0,2,CHEMBL5442127,Replicase polyprotein 1ab
CCC[C@H]1C(=O)N2C[C@]3(C[C@H]2C#N)C(=O)Nc2ccc(cc23)CCCCCN1C(=O)c1cc2c(F)cc(F)c(F)c2[nH]1,7.0,100.0,1,CHEMBL5556319,Replicase polyprotein 1ab
CCCc1c(-c2ccc(O)c(O)c2)oc2cc(O)cc(O)c2c1=O,5.055517327849832,8800.0,1,CHEMBL5271510,Replicase polyprotein 1ab
CCCn1nccc1-c1cc2c(N[C@@H](c3ccc4c(c3)OCCO4)C(C)C)ncnc2[nH]1,5.610479534153622,2452.0,3,CHEMBL5441706,Replicase polyprotein 1ab
CCCn1sc2ccccc2c1=O,6.136677139879544,730.0,1,CHEMBL5280783,Replicase polyprotein 1ab
CCN(C(=O)OCc1ccccc1)[C@@H](CC(C)C)C(=O)N1C[C@]2(CC1C#N)C(=O)Nc1ccccc12,7.0,100.0,1,CHEMBL5776727,Replicase polyprotein 1ab
CCN(C(=O)OCc1ccccc1)[C@@H](CC(C)C)C(=O)N1C[C@]2(C[C@H]1C#N)C(=O)Nc1ccccc12,7.0,100.0,1,CHEMBL5767362,Replicase polyprotein 1ab
CCN(C(=O)c1cc2c(F)cccc2[nH]1)[C@@H](CC(C)C)C(=O)N1C[C@]2(CC1C#N)C(=O)Nc1ccccc12,7.0,100.0,1,CHEMBL5941769,Replicase polyprotein 1ab
CCN(C(=O)c1cc2c(F)cccc2[nH]1)[C@@H](CC(C)C)C(=O)N1C[C@]2(C[C@H]1C#N)C(=O)Nc1ccccc12,7.0,100.0,1,CHEMBL5743317,Replicase polyprotein 1ab
CCN(CC)C(=O)C1=C(C(=O)O)N2C(=O)[C@@H](NC(=O)[C@H](Cc3ccccc3)NC(=O)c3cc4ccccc4[nH]3)CN2C1,3.5543957967264026,279000.0,1,CHEMBL5427682,Replicase polyprotein 1ab
CCN(CC)C(=S)SSC(=S)N(CC)CC,5.1482064431772665,7120.0,16,CHEMBL964,Replicase polyprotein 1ab
CCN(CC)C(=S)SSc1ccccc1,4.0,100000.0,3,CHEMBL4226426,Replicase polyprotein 1ab
CCN(CC)CCCC(C)Nc1ccnc2cc(Cl)ccc12,5.137868620686962,7280.0,1,CHEMBL76,Replicase polyprotein 1ab
CCN(C[C@H]1O[C@@H](n2cnc3c(=O)[nH]cnc32)[C@H](O)[C@@H]1O)S(=O)(=O)c1ccc(OC)c(C#N)c1,5.3979400086720375,4000.0,1,CHEMBL5400055,Replicase polyprotein 1ab
CCN(C[C@H]1O[C@@H](n2cnc3c(N)ncnc32)[C@H](O)[C@@H]1O)S(=O)(=O)c1ccc(Br)c([N+](=O)[O-])c1,7.096910013008056,80.0,1,CHEMBL5188905,Replicase polyprotein 1ab
CCN(C[C@H]1O[C@@H](n2cnc3c(N)ncnc32)[C@H](O)[C@@H]1O)S(=O)(=O)c1ccc(C(F)(F)F)cc1[N+](=O)[O-],5.301029995663981,5000.0,1,CHEMBL5186326,Replicase polyprotein 1ab
CCN(C[C@H]1O[C@@H](n2cnc3c(N)ncnc32)[C@H](O)[C@@H]1O)S(=O)(=O)c1ccc(C)c(Cl)c1,7.251811972993799,56.0,1,CHEMBL5185064,Replicase polyprotein 1ab
CCN(C[C@H]1O[C@@H](n2cnc3c(N)ncnc32)[C@H](O)[C@@H]1O)S(=O)(=O)c1ccc(C)c([N+](=O)[O-])c1,7.42021640338319,38.0,1,CHEMBL5188698,Replicase polyprotein 1ab
CCN(C[C@H]1O[C@@H](n2cnc3c(N)ncnc32)[C@H](O)[C@@H]1O)S(=O)(=O)c1ccc(Cl)c(C#N)c1,5.1938200260161125,6400.0,1,CHEMBL6145046,Replicase polyprotein 1ab
CCN(C[C@H]1O[C@@H](n2cnc3c(N)ncnc32)[C@H](O)[C@@H]1O)S(=O)(=O)c1ccc(Cl)c(Cl)c1,7.0,100.0,1,CHEMBL5177598,Replicase polyprotein 1ab
CCN(C[C@H]1O[C@@H](n2cnc3c(N)ncnc32)[C@H](O)[C@@H]1O)S(=O)(=O)c1ccc(OC)c(C#N)c1,7.721246399047171,19.0,2,CHEMBL5171003,Replicase polyprotein 1ab
CCN(C[C@H]1O[C@@H](n2cnc3c(N)ncnc32)[C@H](O)[C@@H]1O)S(=O)(=O)c1ccc(OC)c([N+](=O)[O-])c1,7.356547323513812,44.0,1,CHEMBL5188649,Replicase polyprotein 1ab
CCN(C[C@H]1O[C@@H](n2cnc3c(N)ncnc32)[C@H](O)[C@@H]1O)S(=O)(=O)c1cccc(C#N)c1,6.017728766960431,960.0,1,CHEMBL5189150,Replicase polyprotein 1ab
CCN(C[C@H]1O[C@@H](n2cnc3c(N)ncnc32)[C@H](O)[C@@H]1O)S(=O)(=O)c1cccc(Cl)c1,6.354577730650908,442.0,1,CHEMBL5204579,Replicase polyprotein 1ab
CCN(C[C@H]1O[C@@H](n2cnc3c(N)ncnc32)[C@H](O)[C@@H]1O)S(=O)(=O)c1cccc([N+](=O)[O-])c1,6.287350298372789,516.0,1,CHEMBL5180205,Replicase polyprotein 1ab
CCN(C[C@H]1O[C@@H](n2cnc3c(NC)ncnc32)[C@H](O)[C@@H]1O)S(=O)(=O)c1ccc(Br)c([N+](=O)[O-])c1,6.416801226031377,383.0,1,CHEMBL5407468,Replicase polyprotein 1ab
CCN(C[C@H]1O[C@@H](n2cnc3c(NC)ncnc32)[C@H](O)[C@@H]1O)S(=O)(=O)c1ccc(C)c(Cl)c1,6.886056647693163,130.0,1,CHEMBL5423096,Replicase polyprotein 1ab
CCN(C[C@H]1O[C@@H](n2cnc3c(NC)ncnc32)[C@H](O)[C@@H]1O)S(=O)(=O)c1ccc(C)c([N+](=O)[O-])c1,6.728158393463501,187.0,1,CHEMBL5427053,Replicase polyprotein 1ab
CCN(C[C@H]1O[C@@H](n2cnc3c(NC)ncnc32)[C@H](O)[C@@H]1O)S(=O)(=O)c1ccc(OC)c(C#N)c1,7.2076083105017466,62.0,1,CHEMBL5411560,Replicase polyprotein 1ab
CCN(C[C@H]1O[C@@H](n2cnc3c(NC)ncnc32)[C@H](O)[C@@H]1O)S(=O)(=O)c1ccc(OC)c([N+](=O)[O-])c1,6.562249437179612,274.0,1,CHEMBL5428251,Replicase polyprotein 1ab
CCN(C[C@]1(C)CN(C(=O)c2nn(C)c3c2CCc2ccccc2-3)CCC1=O)C(=O)c1nn(C)c2c1CCc1ccccc1-2,6.1249387366083,750.0,1,CHEMBL5397764,Replicase polyprotein 1ab
CCN1CCC(NC(=O)N[C@@H](C(=O)N[C@@H]2C(=O)N3[C@@H](C(=O)OCc4ccccc4)C(C)(C)S(=O)(=O)[C@H]23)c2ccccc2)C(=O)C1=O,4.301029995663981,50000.0,1,CHEMBL5185121,Replicase polyprotein 1ab
CCN1CCN(C(c2ccc(C(F)(F)F)cc2)c2ccc3cccnc3c2O)CC1,6.823908740944319,150.0,1,CHEMBL1422849,Replicase polyprotein 1ab
CCN1CCN(c2ccc(N)cc2)CC1,7.552841968657781,28.0,1,CHEMBL1370095,Replicase polyprotein 1ab
CCNC(=O)C(=O)[C@H](C[C@@H]1CCNC1=O)NC(=O)[C@@H]1[C@@H]2[C@H](CN1C(=O)[C@@H](NC(=O)NC(C)(C)C)C(C)(C)C)C2(C)C,7.1249387366083,75.0,1,CHEMBL5203431,Replicase polyprotein 1ab
CCNC(=O)Cn1c(=O)nc(Nc2cc3cn(C)nc3cc2Cl)n(Cc2cc(F)c(F)c(F)c2)c1=O,6.853871964321762,140.0,1,CHEMBL5203047,Replicase polyprotein 1ab
CCNC(=O)Cn1sc2cc(F)ccc2c1=O,6.42021640338319,380.0,1,CHEMBL5207227,Replicase polyprotein 1ab
CCNC(=O)c1cc2c(NC3(c4ccc5c(c4)S(=O)(=O)CCC5)CC3)ncnc2[nH]1,4.608517955774954,24631.0,1,CHEMBL5441588,Replicase polyprotein 1ab
CCNC(=O)c1cc2c(NC3(c4ccc5c(c4)S(=O)(=O)CCC5)CCC3)ncnc2[nH]1,5.515273195701338,3053.0,1,CHEMBL5441949,Replicase polyprotein 1ab
CCNC(=O)c1cc2c(N[C@@H](C(=O)NC3CCOCC3)C(C)C)ncnc2[nH]1,4.002176919254275,99500.0,1,CHEMBL5441633,Replicase polyprotein 1ab
CCNC(=O)c1cc2c(N[C@@H](CC(=O)Nc3cnn(C(C)C)c3)C(C)C)ncnc2[nH]1,4.592969519561091,25614.5,2,CHEMBL5442140,Replicase polyprotein 1ab
CCNC(=O)c1cc2c(N[C@@H](CCc3cccc(NS(C)(=O)=O)c3)C(C)C)ncnc2[nH]1,4.002176919254275,99500.0,1,CHEMBL5441756,Replicase polyprotein 1ab
CCNC(=O)c1cc2c(N[C@@H](c3cc4c(cc3Cl)OCO4)C(C)C)ncnc2[nH]1,5.2571407344123084,5570.0,2,CHEMBL5441707,Replicase polyprotein 1ab
CCNC(=O)c1cc2c(N[C@@H](c3ccc4c(c3)CCN4C(=O)C3CC3)C(C)C)ncnc2[nH]1,4.6093474527516785,24584.0,1,CHEMBL5441845,Replicase polyprotein 1ab
CCNC(=O)c1cc2c(N[C@@H](c3ccc4c(c3)OCCO4)C(C)C)ncnc2[nH]1,6.528909131959611,296.0,4,CHEMBL5441399,Replicase polyprotein 1ab
CCNC(=O)c1cc2c(N[C@@H](c3ccc4c(c3)S(=O)(=O)CCC4)C(C)C)ncnc2[nH]1,7.468521082957745,34.0,9,CHEMBL5441390,Replicase polyprotein 1ab
CCNC(=O)c1cc2c(N[C@@H](c3ccc4c(c3)S(=O)(=O)CCC4)C3CC3)ncnc2[nH]1,6.493381198517629,328.0,2,CHEMBL5441838,Replicase polyprotein 1ab
CCNC(=O)c1cc2c(N[C@@H](c3ccc4c(c3)S(=O)(=O)CCO4)C(C)C)ncnc2[nH]1,7.2389083411906565,58.0,6,CHEMBL5441388,Replicase polyprotein 1ab
CCNC(=O)c1cc2c(N[C@@H](c3ccc4c(c3)S(=O)(=O)NCC4)C(C)C)ncnc2[nH]1,6.919196226545802,120.5,4,CHEMBL5441411,Replicase polyprotein 1ab
CCNC(=O)c1cc2c(N[C@@H](c3ccc4c(n3)NC(=O)CO4)C(C)C)ncnc2[nH]1,6.106869249913634,819.5,2,CHEMBL5441596,Replicase polyprotein 1ab
CCNC(=O)c1cc2c(N[C@@H](c3ccc4ncn(C)c(=O)c4c3)C(C)C)ncnc2[nH]1,6.365132647667773,432.0,2,CHEMBL5441496,Replicase polyprotein 1ab
CCNC(=O)c1cc2c(N[C@@H](c3cccc(-c4ccc(OC)nc4)c3)C(C)C)ncnc2[nH]1,4.716047896034368,19295.0,2,CHEMBL5441642,Replicase polyprotein 1ab
CCNC(=O)c1cc2c(N[C@@H](c3cccnc3OCC(F)(F)F)C(C)C)ncnc2[nH]1,4.002176919254275,99500.0,1,CHEMBL5441917,Replicase polyprotein 1ab
CCNC(=O)c1cc2c(N[C@@H](c3cnc(NC(C)=O)s3)C(C)C)ncnc2[nH]1,5.361211332842601,4353.0,3,CHEMBL5442156,Replicase polyprotein 1ab
CCNC(=O)c1cc2c(N[C@@H](c3nc4ccccc4o3)C(C)C)ncnc2[nH]1,4.721699349434214,19033.5,2,CHEMBL5441680,Replicase polyprotein 1ab
CCNC(=O)c1cc2c(N[C@H](c3ccc4c(c3)NS(=O)(=O)CO4)C(C)C)ncnc2[nH]1,7.431798275933005,37.0,3,CHEMBL5441902,Replicase polyprotein 1ab
CCNC(=O)c1cc2c(N[C@H](c3ccc4c(c3)OCCO4)C(C)C)ncnc2[nH]1,4.329512939209649,46826.0,1,CHEMBL5441439,Replicase polyprotein 1ab
CCNC(=O)c1cc2c(N[C@H](c3ccc4c(c3)S(=O)(=O)CCC4)C(C)C)ncnc2[nH]1,5.8941493256148565,1276.0,1,CHEMBL5442146,Replicase polyprotein 1ab
CCNC(=O)c1cc2c(N[C@H](c3ccc4c(n3)S(=O)(=O)CCC4)C(C)C)ncnc2[nH]1,6.924453038607469,119.0,1,CHEMBL5441971,Replicase polyprotein 1ab
CCNC(=O)c1cc2c(N[C@H](c3ccc4c(n3)S(=O)(=O)CCO4)C(C)C)ncnc2[nH]1,6.958607314841775,110.0,1,CHEMBL5441524,Replicase polyprotein 1ab
CCNC(=O)c1cc2c(N[C@H](c3ccc4nc(NC(C)=O)sc4c3)C(C)C)ncnc2[nH]1,4.520986454543866,30131.0,1,CHEMBL5441650,Replicase polyprotein 1ab
CCNC(=O)c1cc2c(N[C@H](c3ccccc3N(C)S(C)(=O)=O)C(C)C)ncnc2[nH]1,4.002176919254275,99500.0,1,CHEMBL5441697,Replicase polyprotein 1ab
CCNC(=O)c1cc2c(N[C@H](c3ccnc(N)c3)C(C)C)ncnc2[nH]1,5.746904414150968,1791.0,1,CHEMBL5441519,Replicase polyprotein 1ab
CCNC(=O)c1cc2c(N[C@H](c3cnc(C(=O)N(C)C)nc3)C(C)C)ncnc2[nH]1,4.323699719229211,47457.0,1,CHEMBL5441760,Replicase polyprotein 1ab
CCNc1ccc(-c2cccc3c2CC(CO)c2c(-c4ccc(Br)cc4)ccc(O)c2-3)nc1,5.259637310505756,5500.0,1,CHEMBL5203622,Replicase polyprotein 1ab
CCNc1ccnc(-c2cccc3c2CC(COC(C)=O)c2c(-c4ccc(Br)cc4)ccc(O)c2-3)c1,5.0,10000.0,1,CHEMBL5170370,Replicase polyprotein 1ab
CCOC(=O)/C=C/C(=O)N(c1ccc(-c2ccccc2)cc1)[C@@H](C(=O)N[C@@H](C)c1ccccc1)c1cccnc1,4.698970004336019,20000.0,1,CHEMBL5567903,Replicase polyprotein 1ab
CCOC(=O)/C=C/C(=O)NCC(=O)NCc1ccccc1C(=O)NC1(c2cc(-c3cnn(C)c3)cc(-c3ccn(CC)n3)c2)CC1,5.958607314841775,1100.0,1,CHEMBL6152633,Replicase polyprotein 1ab
CCOC(=O)/C=C/C(=O)NNC(=O)CCc1ccccc1C(=O)N[C@H](C)c1cc(-c2cnn(C)c2)cc(-c2ccn(CC)n2)c1,7.0,100.0,1,CHEMBL6102691,Replicase polyprotein 1ab
CCOC(=O)/C=C/C(=O)NNC(=O)CCc1ccccc1C(=O)N[C@H](C)c1cccc(-c2cccs2)c1,6.853871964321762,140.0,1,CHEMBL6172310,Replicase polyprotein 1ab
CCOC(=O)/C=C/C(=O)NNC(=O)CCc1ccccc1C(=O)N[C@H](C)c1cccc(-c2ccsc2)c1,6.920818753952375,120.0,1,CHEMBL6148043,Replicase polyprotein 1ab
CCOC(=O)/C=C/C(=O)NNC(=O)CCc1ccccc1C(=O)N[C@H](C)c1cccc2ccccc12,6.721246399047171,190.0,1,CHEMBL6161303,Replicase polyprotein 1ab
CCOC(=O)/C=C/[C@H](C[C@@H]1CCNC1=O)NC(=O)[C@@H](CC(=O)[C@@H](NC(=O)c1cc(C)on1)C(C)C)Cc1ccc(F)cc1,4.349485002168009,60000.0,2,CHEMBL20210,Replicase polyprotein 1ab
CCOC(=O)/C=C/[C@H](C[C@@H]1CCNC1=O)NC(=O)[C@H](CC(C)C)NC(=O)[C@@H](NC(=O)OCc1ccccc1)C(C)C,6.543633966870957,286.0,1,CHEMBL213543,Replicase polyprotein 1ab
CCOC(=O)/C=C/[C@H](C[C@@H]1CCNC1=O)NC(=O)[C@H](CC(C)C)NC(=O)[C@@H](NC(=O)OCc1ccccc1)[C@@H](C)OC(C)(C)C,6.82102305270683,151.0,4,CHEMBL5267356,Replicase polyprotein 1ab
CCOC(=O)/C=C/[C@H](C[C@@H]1CCNC1=O)NC(=O)[C@H](Cc1ccccc1)NC(=O)[C@@H](Cc1ccc(F)cc1)NC(=O)OC(C)(C)C,6.483288122256525,930.0,2,CHEMBL5542652,Replicase polyprotein 1ab
CCOC(=O)/C=C/[C@H](C[C@@H]1CCNC1=O)NC(=O)[C@H](Cc1ccccc1)NC(=O)[C@H](N)Cc1ccccc1,6.045757490560675,900.0,3,CHEMBL5557204,Replicase polyprotein 1ab
CCOC(=O)C1=C(Nc2cc(C)cc(C)c2)OCC1=O,4.002176919254275,99500.0,1,CHEMBL4532243,Replicase polyprotein 1ab
CCOC(=O)C=C[C@H](C[C@@H]1CCNC1=O)NC(=O)[C@@H]1[C@@H]2[C@H](CN1C(=O)[C@@H](NC(=O)C(F)(F)F)C(C)(C)C)C2(C)C,7.356547323513812,44.0,1,CHEMBL5173858,Replicase polyprotein 1ab
CCOC(=O)CCCCN(C[C@H]1O[C@@H](n2cnc3c(N)ncnc32)[C@H](O)[C@@H]1O)S(=O)(=O)c1ccc(OC)c([N+](=O)[O-])c1,6.943095148663527,114.0,1,CHEMBL5202735,Replicase polyprotein 1ab
CCOC(=O)CCCNCc1ccc(-c2cccc([C@@H](C)NC(=O)c3cc(NC4CNC4)ccc3C)c2)s1,6.6020599913279625,250.0,1,CHEMBL6147176,Replicase polyprotein 1ab
CCOC(=O)Cc1ccc(-c2ccccc2)cc1,6.698970004336019,200.0,1,CHEMBL1886408,Replicase polyprotein 1ab
CCOC(=O)[C@@H]1CCN(Cc2ccc(-c3cccc([C@@H](C)NC(=O)c4cc(NC5CNC5)ccc4C)c3)s2)C1,5.7121982700697735,1940.0,1,CHEMBL6164997,Replicase polyprotein 1ab
CCOC(=O)[C@@H]1CC[C@H](NCc2ccc(-c3cccc([C@@H](C)NC(=O)c4cc(NC5CNC5)ccc4C)c3)s2)C1,6.309803919971486,490.0,1,CHEMBL5591613,Replicase polyprotein 1ab
CCOC(=O)[C@@H]1N2C(=O)[C@@H](NC(=O)COc3ccccc3)[C@H]2S(=O)(=O)C1(C)C,5.2839966563652006,5200.0,1,CHEMBL5177086,Replicase polyprotein 1ab
CCOC(=O)[C@@H]1O[C@H]1C(=O)N(CCC(N)=O)NC(=O)[C@H](Cc1ccccc1)NC(=O)[C@H](CC(C)C)NC(=O)OCc1ccccc1,6.017728766960431,960.0,1,CHEMBL5430616,Replicase polyprotein 1ab
CCOC(=O)[C@@H]1O[C@H]1C(=O)NNC(=O)CCc1ccccc1C(=O)N[C@H](N)c1cc(-c2cnn(C)c2)nc2ccccc12,8.698970004336019,2.0,1,CHEMBL6147665,Replicase polyprotein 1ab
CCOC(=O)[C@H]1O[C@@H]1C(=O)NNC(=O)CCc1ccccc1C(=O)N[C@H](N)c1cc(-c2cnn(C)c2)nc2ccccc12,8.698970004336019,2.0,1,CHEMBL6163519,Replicase polyprotein 1ab
CCOC(=O)c1c(N)sc(-c2ccccc2)c1C,5.496209316942819,3190.0,1,CHEMBL566136,Replicase polyprotein 1ab
CCOC(=O)c1cc(=O)oc2cc(O)c(O)cc12,4.337242168318426,46000.0,1,CHEMBL5590116,Replicase polyprotein 1ab
CCOc1cc(C(Nc2cc(C)ccn2)c2ccc3cccnc3c2O)ccc1OC,6.568636235841013,270.0,1,CHEMBL1397952,Replicase polyprotein 1ab
CCOc1cc(O)c2c(=O)c(O)c(-c3cc(O)c(O)c(O)c3)oc2c1,6.130768280269024,740.0,1,CHEMBL5558407,Replicase polyprotein 1ab
CCOc1ccc(-c2n/c(=N\C)sn2-c2ccc(F)cc2)cc1,6.335358024443875,462.0,1,CHEMBL5408081,Replicase polyprotein 1ab
CCOc1ccc(C(=O)Oc2cncc(Br)c2)c(F)c1,6.97061622231479,107.0,1,CHEMBL5596825,Replicase polyprotein 1ab
CCOc1ccc(C(=O)Oc2cncc(Cl)c2)c(F)c1,7.324221658325915,47.4,1,CHEMBL5597157,Replicase polyprotein 1ab
CCOc1ccc(C(=O)Oc2cncc(Cl)c2)cc1,6.482804102050026,329.0,1,CHEMBL5596369,Replicase polyprotein 1ab
CCOc1ccc(Cl)cc1C(C)N1CCC(C(=O)NCc2ccnc(OC)c2)CC1,5.102372908709558,7900.0,1,CHEMBL6142179,Replicase polyprotein 1ab
CCOc1ccc(NC(=O)C2c3cccc[n+]3CC(=O)N2c2ccccc2)cc1,5.301029995663981,5000.0,1,CHEMBL5590459,Replicase polyprotein 1ab
CCOc1ccc2ccccc2c1C(C)N1CCC(C(=O)NCc2ccnc(OC)c2)CC1,4.008773924307505,98000.0,1,CHEMBL6102040,Replicase polyprotein 1ab
CCOc1cccc(C(=O)c2ccc(O)c(O)c2O)c1,4.97469413473523,10600.0,1,CHEMBL1336287,Replicase polyprotein 1ab
CCOc1cccc2[nH]c(C(=O)N[C@@H](CC(C)C)C(=O)N[C@H](C#N)C[C@@H]3CCCNC3=O)cc12,7.619788758288394,24.0,1,CHEMBL5204224,Replicase polyprotein 1ab
CCOc1ccccc1CN(OC)C(=O)CSc1c[nH]c2cccc(Br)c12,5.839107608520049,1500.0,2,CHEMBL4857861,Replicase polyprotein 1ab
CCS(=O)(=O)N1CCC([C@@H](C)n2c(C)c(C(=O)NCc3c(OC)cc(C)[nH]c3=O)c3ccccc32)CC1,5.136677139879544,7300.0,1,CHEMBL3605457,Replicase polyprotein 1ab
CCS(=O)(=O)c1nnc(-c2ccc(Cl)cc2)o1,6.619788758288394,240.0,1,CHEMBL5646823,Replicase polyprotein 1ab
CCSC(=S)NCc1cccnc1,5.699790012286144,11282.605,4,CHEMBL5396515,Replicase polyprotein 1ab
CCSC1=CC(=O)c2ccccc2C1=O,5.2716462179787715,5350.0,1,CHEMBL531383,Replicase polyprotein 1ab
CCSc1ccc2c(c1)N(C(=O)CSC#N)c1ccccc1S2,5.578231598793076,2641.0,1,CHEMBL5406269,Replicase polyprotein 1ab
CCSc1nc2ccccc2n1C(=O)c1ccc(C)cc1,5.427406211434197,3737.675,2,CHEMBL5611899,Replicase polyprotein 1ab
CCSc1nc2sc3c(c2c(=O)n1CC)CCc1ccccc1-3,5.309803919971486,4900.0,1,CHEMBL5561792,Replicase polyprotein 1ab
CC[C@@H](C(=O)Nc1cc(NC2CCNCC2)ccc1C)n1cc(Cl)cc2nc(SCc3ccc(F)cc3)nc1-2,7.522878745280337,30.0,1,CHEMBL6134572,Replicase polyprotein 1ab
CC[C@@H](C(=O)Nc1cc(NC2COC2)ccc1C)n1cc(Br)cc2nc(SCc3ccc(F)cc3)nc1-2,7.045757490560675,90.0,1,CHEMBL6149861,Replicase polyprotein 1ab
CC[C@@H](C)[C@@H](NC(=O)c1ccc(-c2cccc([C@@H](C)NC(=O)c3cc(N)ccc3C)c2)s1)C(=O)OC,5.565431095965801,2720.0,1,CHEMBL6166863,Replicase polyprotein 1ab
CC[C@@H](NC(=O)C1CCC(F)(F)CC1)C(=O)N[C@H](Cc1ccccc1)C(=O)C(=O)NCc1ccccn1,7.380906669373258,41.6,1,CHEMBL5633618,Replicase polyprotein 1ab
CC[C@@H]1C[C@@H](C(=O)Nc2ncnc3[nH]c(C)c(C)c23)CCO1,3.905266906246218,124375.0,1,CHEMBL5441790,Replicase polyprotein 1ab
CC[C@@H]1NC(=O)[C@@H](N)CCNC(=O)[C@@H]2CSC(=N2)c2cccc(n2)C2=N[C@@H](CS2)C(=O)NCCCC[C@@H](C(N)=O)NC(=O)[C@H](CCC(N)=O)NC(=O)[C@H](CC(C)C)NC(=O)[C@H](C(C)(C)C)NC1=O,4.0,100000.0,1,CHEMBL4846266,Replicase polyprotein 1ab
CC[C@@H]1NC(=O)[C@@H]2CSC(=N2)c2cc(ccn2)C[C@@H](C(N)=O)NC(=O)[C@H](CCC(N)=O)NC(=O)[C@H](CC2CC2)NC(=O)[C@H](C(C)(C)C)NC1=O,4.0,100000.0,1,CHEMBL4846937,Replicase polyprotein 1ab
CC[C@@H]1NC(=O)[C@@H]2CSC(=N2)c2cc(ccn2)C[C@@H](C(N)=O)NC(=O)[C@H](CO)NC(=O)[C@H](CCC(N)=O)NC(=O)[C@H](CC2CC2)NC(=O)[C@H](C(C)(C)C)NC1=O,4.0,100000.0,1,CHEMBL4872397,Replicase polyprotein 1ab
CC[C@@H]1NC(=O)[C@H](C)NC(=O)[C@@H]2CSC(=N2)c2cc(ccn2)C[C@@H](C(N)=O)NC(=O)[C@H](C)NC(=O)[C@H](CCC(N)=O)NC(=O)[C@H](CC2CC2)NC(=O)[C@H](C(C)(C)C)NC1=O,4.0,100000.0,1,CHEMBL4867088,Replicase polyprotein 1ab
CC[C@H](C(=O)Nc1cc(NC2CCNCC2)ccc1C)n1cc(Cl)cc2nc(SCc3ccc(F)cc3)nc1-2,5.376750709602099,4200.0,1,CHEMBL6133652,Replicase polyprotein 1ab
CC[C@H](C(=O)Nc1cc(NC2COC2)ccc1C)n1cc(Br)cc2nc(SCc3ccc(F)cc3)nc1-2,4.698970004336019,20000.0,1,CHEMBL6151332,Replicase polyprotein 1ab
CC[C@H](C)[C@@H]1NC(=O)[C@@H](Cc2ccc(O)cc2)NC(=O)CSC[C@@H](C(=O)NCC(N)=O)NC(=O)[C@@H]2CCCN2C(=O)[C@H](CC(C)C)NC(=O)[C@H](CC(C)C)NC(=O)[C@H]([C@@H](C)O)NC(=O)[C@H](CC(N)=O)NC(=O)CNC(=O)[C@H](CO)NC(=O)[C@H](C)NC(=O)[C@H](Cc2ccccc2)NC(=O)[C@H](CCCNC(=N)N)NC1=O,6.6020599913279625,250.0,1,CHEMBL6146049,Replicase polyprotein 1ab
CC[C@H](C)[C@@H]1NC(=O)[C@@H](Cc2ccc(O)cc2)NC(=O)CSC[C@@H](C(N)=O)NC(=O)[C@H](C(C)C)NC(=O)[C@H](CC(C)C)NC(=O)[C@@H]2CCCN2C(=O)[C@H](Cc2ccccc2)NC(=O)[C@H]([C@@H](C)O)NC(=O)[C@H](CCC(N)=O)NC1=O,5.853871964321762,1400.0,1,CHEMBL6148184,Replicase polyprotein 1ab
CC[C@H](C)[C@@H]1NC(=O)[C@@H](Cc2ccc(O)cc2)NC(=O)CSC[C@@H](C(N)=O)NC(=O)[C@H](C(C)C)NC(=O)[C@H](CC(C)C)NC(=O)[C@@H]2CCCN2C(=O)[C@H](Cc2ccccc2)NC(=O)[C@H]([C@@H](C)O)NC(=O)[C@H](Cc2c[nH]cn2)NC1=O,5.853871964321762,1400.0,1,CHEMBL6151475,Replicase polyprotein 1ab
CC[C@H](C)[C@@H]1NC(=O)[C@@H](Cc2ccc(O)cc2)NC(=O)CSC[C@@H](C(N)=O)NC(=O)[C@H]([C@@H](C)CC)NC(=O)[C@@H]2CCCN2C(=O)[C@@H]2CCCN2C(=O)[C@H](Cc2ccccc2)NC(=O)[C@H](CO)NC(=O)[C@H](CCC(N)=O)NC1=O,5.853871964321762,1400.0,1,CHEMBL6144326,Replicase polyprotein 1ab
CC[C@H](C)[C@@H]1NC(=O)[C@H](CC(C)C)NC(=O)[C@@H](NC(=O)[C@H](C)N)CNC(=O)[C@H](CS(=O)(=O)[O-])NC(=O)/C=C/c2csc(n2)[C@H](Cc2ccc(O)cc2)NC(=O)C1=O.[Na+],5.214670164989233,6100.0,1,CHEMBL5394627,Replicase polyprotein 1ab
CC[C@H](C)[C@@H]1NC(=O)[C@H](Cc2c[nH]cn2)NC(=O)[C@H](CO)NC(=O)[C@H](Cc2ccccc2)NC(=O)[C@H](Cc2ccc(O)cc2)NC(=O)[C@H](CCC(N)=O)NC(=O)[C@H]([C@@H](C)O)NC(=O)[C@H](Cc2ccc(O)cc2)NC(=O)CSC[C@@H](C(=O)N[C@@H](CO)C(=O)N[C@@H](CO)C(=O)N[C@@H](CCCNC(=N)N)C(=O)N[C@@H](CO)C(=O)NCC(N)=O)NC1=O,4.0,100000.0,1,CHEMBL6120582,Replicase polyprotein 1ab
CC[C@H](C)[C@@H]1NC(=O)[C@H](Cc2ccc(O)cc2)NC(=O)[C@H](CO)NC(=O)[C@H](CC(C)C)NC(=O)CNC(=O)[C@H](Cc2ccc(O)cc2)NC(=O)[C@H](CO)NC(=O)[C@H](CCC(N)=O)NC(=O)[C@H](Cc2ccccc2)NC(=O)[C@@H](Cc2ccc(O)cc2)NC(=O)CSC[C@@H](C(=O)NCC(N)=O)NC(=O)CNC(=O)[C@@H]2CCCN2C1=O,6.337242168318426,460.0,1,CHEMBL6120712,Replicase polyprotein 1ab
CC[C@H](C)[C@H](NC(=O)/C=C/c1ccccc1)C(=O)N[C@@H](CC(C)C)C(=O)N[C@H](C=O)C[C@@H]1CCCNC1=O,6.447331783887806,357.0,1,CHEMBL5190907,Replicase polyprotein 1ab
CC[C@H](C)[C@H](NC(=O)/C=C/c1ccccc1)C(=O)N[C@H](C=O)Cc1ccccc1,5.0,10000.0,1,CHEMBL6173274,Replicase polyprotein 1ab
CC[C@H](C)[C@H](NC(=O)C(F)(F)C(F)(F)F)C(=O)N1C[C@@H]2CCC[C@@H]2[C@H]1C(=O)NN(C[C@@H]1CCNC1=O)C(=O)[C@H](F)Cl,8.221848749616356,6.0,1,CHEMBL5430055,Replicase polyprotein 1ab
CC[C@H](C)[C@H](NC(=O)[C@@H](F)Cl)C(=O)N1C[C@@H]2CCC[C@@H]2[C@H]1C(=O)NN(C[C@@H]1CCCNC1=O)C(=O)[C@@H](F)Cl,8.154901959985743,7.0,1,CHEMBL5421070,Replicase polyprotein 1ab
CC[C@H](CO)Nc1nc(NCc2ccc(-c3ccccn3)cc2)c2ncn(C(C)C)c2n1,6.075720713938118,840.0,1,CHEMBL518800,Replicase polyprotein 1ab
CC[C@H](N)C(=O)N[C@H](C(=O)N[C@@H](CC1CC1)C(=O)N[C@@H](CCC(N)=O)C(=O)N[C@@H](Cc1ccnc(C#N)c1)C(N)=O)C(C)(C)C,4.0,100000.0,1,CHEMBL4877763,Replicase polyprotein 1ab
CC[C@H](NC(C)=O)C(=O)N[C@H](C(=O)N[C@@H](CC(C)C)C(=O)N[C@@H](CCC(N)=O)C(N)=O)C(C)(C)C,4.0,100000.0,1,CHEMBL4877806,Replicase polyprotein 1ab
CC[S+]([O-])c1nnc(-c2ccc(Cl)cc2)o1,5.688246138944246,2050.0,1,CHEMBL5647191,Replicase polyprotein 1ab
CCc1[nH]nnc1NC(=O)c1cc2c(N[C@@H](c3ccc4c(c3)OCCO4)C(C)C)ncnc2[nH]1,5.361516251408299,4350.5,2,CHEMBL5441748,Replicase polyprotein 1ab
CCc1c(C(=O)/C=C/c2ccc(O)c([N+](=O)[O-])c2)oc2ccccc12,4.6020599913279625,25000.0,1,CHEMBL5437795,Replicase polyprotein 1ab
CCc1ccc(-n2[se]c3ccccc3c2=O)cc1,5.209005903048918,6180.08,2,CHEMBL5084537,Replicase polyprotein 1ab
CCc1ccc(/C=C/C(=O)Nc2ccc(C(C)=O)cc2)o1,5.305394801066432,4950.0,1,CHEMBL4303618,Replicase polyprotein 1ab
CCc1ccc(C(=O)n2c(SC)nc3ccccc32)cc1,5.7473636754076995,1789.1399999999999,2,CHEMBL5613122,Replicase polyprotein 1ab
CCc1ccc(O)c2c1C(COC(C)=O)Cc1c(-c3ccccn3)cccc1-2,4.480697150764572,33060.0,1,CHEMBL5200159,Replicase polyprotein 1ab
CCc1ccc(S(=O)(=O)NC[C@H]2O[C@@H](n3cnc4c(N)ncnc43)[C@H](O)[C@@H]2O)cc1[N+](=O)[O-],6.61261017366127,244.0,1,CHEMBL5194209,Replicase polyprotein 1ab
CCc1cccc(NC(=O)[C@@H](Cc2ccc(O)c(O)c2)OC(=O)/C=C/c2ccc(O)c(O)c2)c1,4.34008379993015,45700.0,1,CHEMBL5414300,Replicase polyprotein 1ab
CCc1cccc2[nH]c(C(=O)N3C[C@H]4[C@@H]([C@H]3C(=O)N[C@H](C=O)C[C@@H]3CCNC3=O)C4(C)C)cc12,7.853871964321762,14.0,1,CHEMBL5572795,Replicase polyprotein 1ab
CCc1cnn(C)c1NC(=O)c1ncnc2[nH]ccc12,4.002176919254275,99500.0,1,CHEMBL5441795,Replicase polyprotein 1ab
CCc1coc(Nc2ccc([C@@H](CC(=O)O)NC(=O)c3c[nH]c4ncncc34)cc2)n1,4.134105957207177,73479.5,2,CHEMBL5442084,Replicase polyprotein 1ab
CCc1coc(Nc2ccc([C@@H](CC(=O)O)NC(=O)c3ncnc4[nH]ccc34)cc2)n1,4.833952226476544,14678.5,2,CHEMBL5442078,Replicase polyprotein 1ab
CCc1n[nH]cc1-c1cc2c(N[C@@H](c3ccc4c(c3)OCCO4)C(C)C)ncnc2[nH]1,5.971412946688432,1074.0,2,CHEMBL5441584,Replicase polyprotein 1ab
CCc1nc2ccccc2n1C(=O)c1ccc(C)cc1,5.1818794972488655,6578.465,2,CHEMBL5613416,Replicase polyprotein 1ab
CCn1c(-c2nonc2N)nc2cncc(CNC3CCNCC3)c21,5.684029654543083,2070.0,1,CHEMBL188434,Replicase polyprotein 1ab
CCn1c(C(=O)NCCCNC(=O)n2cc(F)c(=O)[nH]c2=O)cc2ccccc21,5.721246399047171,1900.0,1,CHEMBL5632676,Replicase polyprotein 1ab
CCn1cc(-c2cc3c(N[C@@H](c4ccc5c(c4)OCCO5)C(C)C)ncnc3[nH]2)c(C)n1,6.349399245943573,448.0,2,CHEMBL5442029,Replicase polyprotein 1ab
CCn1cc(-c2cc3c(N[C@@H](c4ccc5c(c4)OCCO5)C(C)C)ncnc3[nH]2)cn1,6.194589035528825,639.0,2,CHEMBL5442086,Replicase polyprotein 1ab
CCn1cc2cc(Nc3nc(=O)n(-c4cncc(Cl)c4)c(=O)n3Cc3cc(C#N)ccc3C)ccc2n1,6.6307841425898575,234.0,1,CHEMBL5562910,Replicase polyprotein 1ab
CCn1cc2cc(Nc3nc(=O)n(-c4cncc(Cl)c4)c(=O)n3Cc3cc(C#N)ccc3Cl)ccc2n1,6.449771646944906,355.0,1,CHEMBL5561347,Replicase polyprotein 1ab
CCn1cc2cc(Nc3nc(=O)n(Cc4ncn(C)n4)c(=O)n3Cc3cc(F)c(F)cc3F)c(Cl)cc2n1,7.853871964321762,14.0,1,CHEMBL5194350,Replicase polyprotein 1ab
CCn1ccc(-c2cc(-c3ccn(C(F)F)n3)cc([C@@H](C)NC(=O)c3cc(OCCN(C)C)ccc3C)c2)n1,6.3979400086720375,400.0,1,CHEMBL6165191,Replicase polyprotein 1ab
CCn1ccc(-c2cc(-c3ccn(C)n3)cc([C@@H](C)NC(=O)c3cc(OCCN(C)C)ccc3C)c2)n1,6.481486060122113,330.0,1,CHEMBL6167075,Replicase polyprotein 1ab
CCn1ccc(-c2cc(-c3ccn(CC(F)F)n3)cc([C@@H](C)NC(=O)c3cc(OCCN(C)C)ccc3C)c2)n1,6.657577319177793,220.0,1,CHEMBL6148867,Replicase polyprotein 1ab
CCn1ccc(-c2cc(-c3ccn(CC)n3)cc([C@@H](C)NC(=O)c3cc(OCCN(C)C)ccc3C)c2)n1,6.698970004336019,200.0,1,CHEMBL6103023,Replicase polyprotein 1ab
CCn1ccc(-c2cc(-c3cnn(C(C)C)c3)cc([C@@H](C)NC(=O)c3cc(OCCN(C)C)ccc3C)c2)n1,6.698970004336019,200.0,1,CHEMBL6151415,Replicase polyprotein 1ab
CCn1ccc(-c2cc(-c3cnn(C(F)F)c3)cc([C@@H](C)NC(=O)c3cc(OCCN(C)C)ccc3C)c2)n1,6.494850021680094,320.0,1,CHEMBL6149063,Replicase polyprotein 1ab
CCn1ccc(-c2cc(-c3cnn(C)c3)cc(C3(NC(=O)c4ccccc4CNC(=O)CNC(=O)/C=C/C(=O)N4CC(F)(F)C4)CC3)c2)n1,5.795880017344075,1600.0,1,CHEMBL6102434,Replicase polyprotein 1ab
CCn1ccc(-c2cc(-c3cnn(C)c3)cc([C@@H](C)NC(=O)c3cc(OCCN(C)C)ccc3C)c2)n1,6.958607314841775,110.0,3,CHEMBL5594543,Replicase polyprotein 1ab
CCn1ccc(-c2cc(-c3cnn(C)c3)cc([C@@H](C)NC(=O)c3ccccc3CCC(=O)NCC(=O)CF)c2)n1,5.301029995663981,5000.0,1,CHEMBL6161292,Replicase polyprotein 1ab
CCn1ccc(-c2cc(-c3cnn(C)c3)cc([C@@H](C)NC(=O)c3ccccc3CCC(=O)NCCC#N)c2)n1,5.0,10000.0,1,CHEMBL6120759,Replicase polyprotein 1ab
CCn1ccc(-c2cc(-c3cnn(C)c3)cc([C@@H](C)NC(=O)c3ccccc3CCC(=O)NNC(=O)/C=C/C(=O)N(C)C)c2)n1,6.154901959985743,700.0,1,CHEMBL6165721,Replicase polyprotein 1ab
CCn1ccc(-c2cc(-c3cnn(C)c3)cc([C@@H](C)NC(=O)c3ccccc3CCC(=O)NNC(=O)/C=C/C(=O)N3CC(C(F)(F)F)C3)c2)n1,7.0,100.0,1,CHEMBL6120816,Replicase polyprotein 1ab
CCn1ccc(-c2cc(-c3cnn(C)c3)cc([C@@H](C)NC(=O)c3ccccc3CCC(=O)NNC(=O)/C=C/C(=O)N3CC(C)(C)C3)c2)n1,7.0,100.0,1,CHEMBL6161804,Replicase polyprotein 1ab
CCn1ccc(-c2cc(-c3cnn(C)c3)cc([C@@H](C)NC(=O)c3ccccc3CCC(=O)NNC(=O)/C=C/C(=O)N3CC(F)(F)C3)c2)n1,7.0,100.0,1,CHEMBL6151578,Replicase polyprotein 1ab
CCn1ccc(-c2cc(-c3cnn(C)c3)cc([C@@H](C)NC(=O)c3ccccc3CCC(=O)NNC(=O)/C=C/C(=O)N3CC(F)C3)c2)n1,7.0,100.0,1,CHEMBL6132695,Replicase polyprotein 1ab
CCn1ccc(-c2cc(-c3cnn(C)c3)cc([C@@H](C)NC(=O)c3ccccc3CCC(=O)NNC(=O)/C=C/C(=O)N3CCC3)c2)n1,7.0,100.0,1,CHEMBL6144633,Replicase polyprotein 1ab
CCn1ccc(-c2cc(-c3cnn(C)c3)cc([C@@H](C)NC(=O)c3ccccc3CCC(=O)NNC(=O)/C=C/C(=O)NC34CC(C3)C4)c2)n1,7.0,100.0,1,CHEMBL6150542,Replicase polyprotein 1ab
CCn1ccc(-c2cc(-c3cnn(C)c3)cc([C@@H](C)NC(=O)c3ccccc3CCC(=O)NNC(=O)/C=C/C(=O)NC3CC(F)(F)C3)c2)n1,6.698970004336019,200.0,1,CHEMBL6148753,Replicase polyprotein 1ab
CCn1ccc(-c2cc(-c3cnn(C)c3)cc([C@@H](C)NC(=O)c3ccccc3CCC(=O)NNC(=O)/C=C/C(=O)NC3CC3)c2)n1,6.698970004336019,200.0,1,CHEMBL6146855,Replicase polyprotein 1ab
CCn1ccc(-c2cc(-c3cnn(C)c3)cc([C@@H](C)NC(=O)c3ccccc3CCC(=O)NNC(=O)/C=C/C(=O)OC(C)(C)C)c2)n1,7.0,100.0,1,CHEMBL6160946,Replicase polyprotein 1ab
CCn1ccc(-c2cc(-c3cnn(C)c3)cc([C@@H](C)NC(=O)c3ccccc3CCC(=O)NNC(=O)/C=C/CN(C)C)c2)n1,5.301029995663981,5000.0,1,CHEMBL6145303,Replicase polyprotein 1ab
CCn1ccc(-c2cc(-c3cnn(C)c3)cc([C@@H](C)NC(=O)c3ccccc3CCC(=O)NNC(=O)C(Cl)Cl)c2)n1,5.657577319177793,2200.0,1,CHEMBL6146574,Replicase polyprotein 1ab
CCn1ccc(-c2cc(-c3cnn(C)c3)cc([C@@H](C)NC(=O)c3ccccc3CCC(=O)NNC(=O)C34CC(C3)C4)c2)n1,5.301029995663981,5000.0,1,CHEMBL6148127,Replicase polyprotein 1ab
CCn1ccc(-c2cc(-c3cnn(C)c3)cc([C@@H](C)NC(=O)c3ccccc3CCC(=O)NNC(=O)CCl)c2)n1,6.522878745280337,300.0,1,CHEMBL6162689,Replicase polyprotein 1ab
CCn1ccc(-c2cc(-c3cnn(C)c3)cc([C@@H](C)NC(=O)c3ccccc3CCC(=O)NNC(C)=O)c2)n1,5.301029995663981,5000.0,1,CHEMBL6146391,Replicase polyprotein 1ab
CCn1ccc(-c2cc(-c3cnn(C)c3)cc([C@@H](C)NC(=O)c3ccccc3CNC(=O)CNC(=O)/C=C/C(=O)N3CC(F)(F)C3)c2)n1,6.301029995663981,500.0,1,CHEMBL6102260,Replicase polyprotein 1ab
CCn1ccc(-c2cc(-c3cnn(C4COC4)c3)cc([C@@H](C)NC(=O)c3cc(OCCN(C)C)ccc3C)c2)n1,6.585026652029182,260.0,1,CHEMBL6133062,Replicase polyprotein 1ab
CCn1ccc(-c2cc(-c3cnn(CC(F)(F)F)c3)cc([C@@H](C)NC(=O)c3cc(OCCN(C)C)ccc3C)c2)n1,6.568636235841013,270.0,1,CHEMBL6145630,Replicase polyprotein 1ab
CCn1ccc(-c2cc(-c3cnn(CC(F)F)c3)cc([C@@H](C)NC(=O)c3cc(OCCN(C)C)ccc3C)c2)n1,6.638272163982407,230.0,1,CHEMBL6160905,Replicase polyprotein 1ab
CCn1ccc(-c2cc(-c3cnn(CCOC)c3)cc([C@@H](C)NC(=O)c3cc(OCCN(C)C)ccc3C)c2)n1,6.795880017344075,160.0,1,CHEMBL6133520,Replicase polyprotein 1ab
CCn1ccc(-c2cc(-c3cnn(COC)c3)cc([C@@H](C)NC(=O)c3cc(OCCN(C)C)ccc3C)c2)n1,6.619788758288394,240.0,1,CHEMBL6120684,Replicase polyprotein 1ab
CCn1ccc(-c2cc3c(N[C@@H](c4ccc5c(c4)OCCO5)C(C)C)ncnc3[nH]2)n1,5.847696579462205,1424.0,2,CHEMBL5441629,Replicase polyprotein 1ab
CCn1cncc1NC(=O)C1c2cc(Cl)cc(Cl)c2OCC1C,4.174573882232177,66900.0,1,CHEMBL5594098,Replicase polyprotein 1ab
CCn1ncc(-c2cc3c(N[C@@H](c4ccc5c(c4)OCCO5)C(C)C)ncnc3[nH]2)c1C,6.008613452024673,983.5,2,CHEMBL5441467,Replicase polyprotein 1ab
CCn1ncc(-c2cc3c(N[C@@H](c4ccc5c(c4)OCCO5)C(C)C)ncnc3[nH]2)c1C#N,6.081964595542429,828.5,2,CHEMBL5441474,Replicase polyprotein 1ab
CCn1ncc(-c2cc3c(N[C@@H](c4ccc5c(c4)OCCO5)C(C)C)ncnc3[nH]2)n1,5.937437061397951,1158.0,2,CHEMBL5441504,Replicase polyprotein 1ab
CCn1nccc1-c1cc(-c2ccnn2CC)cc([C@@H](C)NC(=O)c2cc(OCCN(C)C)ccc2C)c1,6.356547323513812,440.0,1,CHEMBL6161039,Replicase polyprotein 1ab
CCn1nccc1-c1cc2c(N[C@@H](c3ccc4c(c3)OCCO4)C(C)C)ncnc2[nH]1,5.889410289700751,1290.0,3,CHEMBL5441749,Replicase polyprotein 1ab
CCn1nncc1Cn1c(=O)[nH]/c(=N\c2cc3cn(C)nc3cc2Cl)n(Cc2cc(F)c(F)cc2F)c1=O,6.909389292171594,123.2,1,CHEMBL5556922,Replicase polyprotein 1ab
CCn1nnnc1Cn1c(=O)[nH]/c(=N\c2cc3cn(C)nc3cc2Cl)n(Cc2cc(F)c(F)cc2F)c1=O,6.795880017344075,160.0,1,CHEMBL5549788,Replicase polyprotein 1ab
CN(C(=O)OCc1ccccc1)[C@@H](CC(C)(C)C)C(=O)N1C[C@]2(CC1C#N)C(=O)Nc1ccccc12,7.0,100.0,1,CHEMBL5824309,Replicase polyprotein 1ab
CN(C(=O)OCc1ccccc1)[C@@H](CC(C)(C)C)C(=O)N1C[C@]2(C[C@H]1C#N)C(=O)Nc1ccccc12,7.0,100.0,1,CHEMBL6024091,Replicase polyprotein 1ab
CN(C(=O)OCc1ccccc1)[C@@H](CC(C)(C)F)C(=O)N1C[C@]2(CC1C#N)C(=O)Nc1ccccc12,7.0,100.0,1,CHEMBL5979756,Replicase polyprotein 1ab
CN(C(=O)OCc1ccccc1)[C@@H](CC(C)(C)F)C(=O)N1C[C@]2(C[C@H]1C#N)C(=O)Nc1ccccc12,7.0,100.0,1,CHEMBL5935917,Replicase polyprotein 1ab
CN(C(=O)OCc1ccccc1)[C@@H](CC1CC1)C(=O)N1C[C@]2(CC1C#N)C(=O)Nc1ccccc12,7.0,100.0,1,CHEMBL6059221,Replicase polyprotein 1ab
CN(C(=O)OCc1ccccc1)[C@@H](CC1CC1)C(=O)N1C[C@]2(C[C@H]1C#N)C(=O)Nc1ccccc12,7.0,100.0,1,CHEMBL5824397,Replicase polyprotein 1ab
CN(C(=O)OCc1ccccc1)[C@@H](CC1CCC1)C(=O)N1C[C@]2(CC1C#N)C(=O)Nc1ccccc12,7.0,100.0,1,CHEMBL5828735,Replicase polyprotein 1ab
CN(C(=O)OCc1ccccc1)[C@@H](CC1CCC1)C(=O)N1C[C@]2(C[C@H]1C#N)C(=O)Nc1ccccc12,7.0,100.0,1,CHEMBL5792572,Replicase polyprotein 1ab
CN(C(=O)OCc1ccccc1)[C@@H](CC1CCCCC1)C(=O)N1C[C@]2(C[C@H]1C#N)C(=O)Nc1ccccc12,7.0,100.0,1,CHEMBL6018536,Replicase polyprotein 1ab
CN(C(=O)OCc1ccccc1)[C@@H](Cc1ccccc1)C(=O)N1C[C@]2(CC1C#N)C(=O)Nc1ccccc12,7.0,100.0,2,CHEMBL5776778,Replicase polyprotein 1ab
CN(C(=O)[C@@H](N)C(C)(C)C)[C@@H](Cc1ccccc1)C(=O)N1C[C@]2(C[C@H]1C#N)C(=O)Nc1ccccc12,7.0,100.0,1,CHEMBL6046000,Replicase polyprotein 1ab
CN(C(=O)[C@@H](NC(=O)C(C)(C)F)C1CC1)[C@@H](COCc1ccccc1)C(=O)N1C[C@]2(C[C@H]1C#N)C(=O)Nc1ccccc12,7.275724130399211,53.0,1,CHEMBL6150203,Replicase polyprotein 1ab
CN(C(=O)[C@@H](NC(=O)C(C)(C)F)C1CC1)[C@@H](CSCc1ccccc1)C(=O)N1C[C@]2(C[C@H]1C#N)C(=O)Nc1ccccc12,7.366531544420414,43.0,1,CHEMBL6141725,Replicase polyprotein 1ab
CN(C(=O)[C@@H](NC(=O)C(F)(F)F)C1CC1)[C@@H](CS(=O)(=O)Cc1ccccc1)C(=O)N1C[C@]2(C[C@H]1C#N)C(=O)Nc1ccccc12,7.026872146400302,94.0,1,CHEMBL6160189,Replicase polyprotein 1ab
CN(C(=O)[C@@H](NC(=O)C(F)(F)F)C1CC1)[C@@H](CSCc1ccccc1)C(=O)N1C[C@]2(C[C@H]1C#N)C(=O)Nc1ccccc12,7.3979400086720375,40.0,1,CHEMBL6133394,Replicase polyprotein 1ab
CN(C(=O)[C@@H](NC(=O)C(F)(F)F)C1CC1)[C@@H](Cc1ccc(F)cc1)C(=O)N1C[C@]2(C[C@H]1C#N)C(=O)Nc1ccccc12,7.6777807052660805,21.0,1,CHEMBL6146262,Replicase polyprotein 1ab
CN(C(=O)[C@@H](NC(=O)OC(C)(C)C)C1CC1)[C@@H](CSCc1ccccc1)C(=O)N1C[C@]2(C[C@H]1C#N)C(=O)Nc1ccccc12,7.42021640338319,38.0,1,CHEMBL6165794,Replicase polyprotein 1ab
CN(C(=O)[C@@H](NC(=O)OC(C)(C)C)C1CC1)[C@H](CSCc1ccccc1)C(=O)N1C[C@]2(C[C@H]1C#N)C(=O)Nc1ccccc12,6.17134010346468,674.0,1,CHEMBL6147127,Replicase polyprotein 1ab
CN(C(=O)[C@@H](NC(=O)OCc1ccccc1)C(C)(C)C)[C@@H](Cc1ccccc1)C(=O)N1C[C@]2(C[C@H]1C#N)C(=O)Nc1ccccc12,7.0,100.0,1,CHEMBL5840087,Replicase polyprotein 1ab
CN(C(=O)[C@@H](NCc1cc(F)c(F)cc1F)C(C)(C)C)[C@@H](Cc1ccccc1)C(=O)N1C[C@]2(C[C@H]1C#N)C(=O)Nc1ccccc12,7.0,100.0,1,CHEMBL5998477,Replicase polyprotein 1ab
CN(C(=O)[C@H](CC1CC1)N1CCOC1=O)[C@@H](CC(C)(C)C)C(=O)N1C[C@]2(C[C@H]1C#N)C(=O)Nc1ccccc12,7.0,100.0,1,CHEMBL5970580,Replicase polyprotein 1ab
CN(C(=O)[C@H](CC1CC1)NC(=O)C(F)(F)F)[C@@H](CC(C)(C)C)C(=O)N1C[C@]2(C[C@H]1C#N)C(=O)Nc1ccccc12,7.0,100.0,1,CHEMBL5768414,Replicase polyprotein 1ab
CN(C(=O)[C@H](CC1CC1)NC(=O)C(F)(F)F)[C@@H](CC1CC1)C(=O)N1C[C@]2(C[C@H]1C#N)C(=O)Nc1ccccc12,7.0,100.0,1,CHEMBL5768721,Replicase polyprotein 1ab
CN(C(=O)[C@H](CC1CC1)NC(=O)C(F)(F)F)[C@@H](Cc1ccc(F)cc1)C(=O)N1C[C@]2(C[C@H]1C#N)C(=O)Nc1ccccc12,7.0,100.0,1,CHEMBL6062460,Replicase polyprotein 1ab
CN(C(=O)[C@H](CC1CC1)NC(=O)C1CC1)[C@@H](CC(C)(C)C)C(=O)N1C[C@]2(C[C@H]1C#N)C(=O)Nc1ccccc12,7.0,100.0,1,CHEMBL5926703,Replicase polyprotein 1ab
CN(C(=O)[C@H](CC1CC1)NC(=O)C1COC1)[C@@H](CC(C)(C)C)C(=O)N1C[C@]2(C[C@H]1C#N)C(=O)Nc1ccccc12,7.0,100.0,1,CHEMBL5979458,Replicase polyprotein 1ab
CN(C(=O)[C@H](CC1CC1)NC(=O)C1COC1)[C@@H](Cc1ccc(F)cc1)C(=O)N1C[C@]2(C[C@H]1C#N)C(=O)Nc1ccccc12,7.0,100.0,1,CHEMBL5927951,Replicase polyprotein 1ab
CN(C(=O)[C@H](CC1CC1)NC(=O)N1CCOCC1)[C@@H](CC(C)(C)C)C(=O)N1C[C@]2(C[C@H]1C#N)C(=O)Nc1ccccc12,7.0,100.0,1,CHEMBL5973204,Replicase polyprotein 1ab
CN(C(=O)[C@H](CC1CC1)NC(=O)NC1CC1)[C@@H](CC(C)(C)C)C(=O)N1C[C@]2(C[C@H]1C#N)C(=O)Nc1ccccc12,7.0,100.0,1,CHEMBL5760251,Replicase polyprotein 1ab
CN(C(=O)[C@H](CC1CC1)NC(=O)c1cc(F)c2nn(C3CC3)cc2c1)[C@@H](CC(C)(C)C)C(=O)N1C[C@]2(C[C@H]1C#N)C(=O)Nc1ccccc12,7.0,100.0,1,CHEMBL6020646,Replicase polyprotein 1ab
CN(C(=O)[C@H](CC1CC1)NC(=O)c1cc(OC(F)(F)F)c2ncccc2c1)[C@@H](CC(C)(C)C)C(=O)N1C[C@]2(C[C@H]1C#N)C(=O)Nc1ccccc12,7.0,100.0,1,CHEMBL5971663,Replicase polyprotein 1ab
CN(C(=O)[C@H](CC1CC1)NC(=O)c1cc2c(F)cc(F)c(F)c2[nH]1)[C@@H](CC(C)(C)C)C(=O)N1C[C@]2(C[C@H]1C#N)C(=O)Nc1ccccc12,7.0,100.0,1,CHEMBL5944131,Replicase polyprotein 1ab
CN(C(=O)[C@H](CC1CC1)NC(=O)c1ccc(OC2CC2)c(OC2CC2)c1)[C@@H](CC(C)(C)C)C(=O)N1C[C@]2(C[C@H]1C#N)C(=O)Nc1ccccc12,7.0,100.0,1,CHEMBL5762017,Replicase polyprotein 1ab
CN(C(=O)[C@H](CC1CC1)NC(=O)c1cn(C2CC2)nn1)[C@@H](CC(C)(C)C)C(=O)N1C[C@]2(C[C@H]1C#N)C(=O)Nc1ccccc12,7.0,100.0,1,CHEMBL6022125,Replicase polyprotein 1ab
CN(C(=O)[C@H](CC1CC1)NS(=O)(=O)C1CC1)[C@@H](CC(C)(C)C)C(=O)N1C[C@]2(C[C@H]1C#N)C(=O)Nc1ccccc12,7.0,100.0,1,CHEMBL5772565,Replicase polyprotein 1ab
CN(C(=O)[C@H](CC1CC1)NS(=O)(=O)c1ccn(-c2ccc(F)cc2)n1)[C@@H](CC(C)(C)C)C(=O)N1C[C@]2(C[C@H]1C#N)C(=O)Nc1ccccc12,7.0,100.0,1,CHEMBL6000767,Replicase polyprotein 1ab
CN(C(=O)[C@H](CC1CC1)NS(C)(=O)=O)[C@@H](CC(C)(C)C)C(=O)N1C[C@]2(C[C@H]1C#N)C(=O)Nc1ccccc12,7.0,100.0,1,CHEMBL6021319,Replicase polyprotein 1ab
CN(C(=O)[C@H](Cc1ccc(F)cc1)N1CCCC1=O)[C@@H](CC(C)(C)C)C(=O)N1C[C@]2(C[C@H]1C#N)C(=O)Nc1ccccc12,7.0,100.0,1,CHEMBL5974841,Replicase polyprotein 1ab
CN(C(=O)[C@H](Cc1ccc(F)cc1)N1CCCNC1=O)[C@@H](CC(C)(C)C)C(=O)N1C[C@]2(C[C@H]1C#N)C(=O)Nc1ccccc12,7.0,100.0,1,CHEMBL5946475,Replicase polyprotein 1ab
CN(C(=O)[C@H](Cc1ccc(F)cc1)N1CCOC1=O)[C@@H](CC(C)(C)C)C(=O)N1C[C@]2(C[C@H]1C#N)C(=O)Nc1ccccc12,7.0,100.0,1,CHEMBL5962757,Replicase polyprotein 1ab
CN(C(=O)[C@H](Cc1ccc(F)cc1)NC(=O)C1CCC1)[C@@H](CC(C)(C)C)C(=O)N1C[C@]2(C[C@H]1C#N)C(=O)Nc1ccccc12,7.0,100.0,1,CHEMBL5782803,Replicase polyprotein 1ab
CN(C(=O)[C@H](Cc1ccc(F)cc1)NC(=O)C1COC1)[C@@H](CC(C)(C)C)C(=O)N1C[C@]2(C[C@H]1C#N)C(=O)Nc1ccccc12,7.0,100.0,1,CHEMBL5809812,Replicase polyprotein 1ab
CN(C(=O)[C@H](Cc1ccc(F)cc1)NC(=O)N1CCOCC1)[C@@H](CC(C)(C)C)C(=O)N1C[C@]2(C[C@H]1C#N)C(=O)Nc1ccccc12,7.0,100.0,1,CHEMBL6036899,Replicase polyprotein 1ab
CN(C(=O)[C@H](Cc1ccc(F)cc1)NC(=O)NC1CC1)[C@@H](CC(C)(C)C)C(=O)N1C[C@]2(C[C@H]1C#N)C(=O)Nc1ccccc12,7.0,100.0,1,CHEMBL5816712,Replicase polyprotein 1ab
CN(C(=O)[C@H](Cc1ccc(F)cc1)NC(=O)OCc1ccccc1)[C@@H](CC(C)(C)C)C(=O)N1C[C@]2(C[C@H]1C#N)C(=O)Nc1ccccc12,7.0,100.0,2,CHEMBL5965435,Replicase polyprotein 1ab
CN(C(=O)[C@H](Cc1ccc(F)cc1)NC(=O)[C@@H](NC(=O)c1cccs1)C(C)(C)C)N(C#N)Cc1cccc(Cl)c1F,7.6020599913279625,25.0,1,CHEMBL5566559,Replicase polyprotein 1ab
CN(C(=O)[C@H](Cc1ccc(F)cc1)NC(=O)c1cc2c(F)cc(F)c(F)c2[nH]1)[C@@H](CC(C)(C)C)C(=O)N1C[C@]2(C[C@H]1C#N)C(=O)Nc1ccccc12,7.0,100.0,1,CHEMBL5898441,Replicase polyprotein 1ab
CN(C(=O)[C@H](Cc1ccc(F)cc1)NS(=O)(=O)C1CC1)[C@@H](CC(C)(C)C)C(=O)N1C[C@]2(C[C@H]1C#N)C(=O)Nc1ccccc12,7.0,100.0,1,CHEMBL5839748,Replicase polyprotein 1ab
CN(C(=O)[C@H](Cc1ccc(F)cc1)n1cc(-c2ccccc2)nn1)[C@@H](CC(C)(C)C)C(=O)N1C[C@]2(C[C@H]1C#N)C(=O)Nc1ccccc12,7.0,100.0,1,CHEMBL5807703,Replicase polyprotein 1ab
CN(C(=O)[C@H](Cc1ccc(F)cc1)n1cc(C2CC2)nn1)[C@@H](CC(C)(C)C)C(=O)N1C[C@]2(C[C@H]1C#N)C(=O)Nc1ccccc12,7.0,100.0,1,CHEMBL5973582,Replicase polyprotein 1ab
CN(C(=O)[C@H](Cc1cccc(Cl)c1)NC(=O)[C@@H](NC(=O)c1cccs1)C(C)(C)C)N(C#N)Cc1cccc(Cl)c1F,8.045757490560675,9.0,1,CHEMBL5562042,Replicase polyprotein 1ab
CN(C(=O)[C@H](Cc1cccc(F)c1)NC(=O)[C@@H](NC(=O)c1cccs1)C(C)(C)C)N(C#N)Cc1cccc(Cl)c1F,8.397940008672037,4.0,1,CHEMBL5549898,Replicase polyprotein 1ab
CN(C(=O)[C@H](Cc1ccccc1)NC(=O)C1(NC(=O)c2cccs2)CC1)N(C#N)Cc1ccc(Cl)cc1,6.247183568811728,566.0,1,CHEMBL5556115,Replicase polyprotein 1ab
CN(C(=O)[C@H](Cc1ccccc1)NC(=O)CCc1ccc(F)c(F)c1)N(C#N)Cc1ccc(Cl)cc1,5.847711655616943,1420.0,1,CHEMBL5561848,Replicase polyprotein 1ab
CN(C(=O)[C@H](Cc1ccccc1)NC(=O)CNc1c(F)cccc1F)N(C#N)Cc1ccc(Cl)cc1,6.005682847330363,987.0,1,CHEMBL5557273,Replicase polyprotein 1ab
CN(C(=O)[C@H](Cc1ccccc1)NC(=O)CNc1ccc(F)c(F)c1)N(C#N)Cc1ccc(Cl)cc1,6.464705879957229,343.0,1,CHEMBL5563673,Replicase polyprotein 1ab
CN(C(=O)[C@H](Cc1ccccc1)NC(=O)CNc1ccc(F)cc1F)N(C#N)Cc1ccc(Cl)cc1,6.021363051615525,952.0,1,CHEMBL5555184,Replicase polyprotein 1ab
CN(C(=O)[C@H](Cc1ccccc1)NC(=O)COc1ccc(Cl)cc1)N(C#N)Cc1ccc(Cl)cc1,5.886056647693163,1300.0,1,CHEMBL5555651,Replicase polyprotein 1ab
CN(C(=O)[C@H](Cc1ccccc1)NC(=O)COc1ccc(Cl)cc1Cl)N(C#N)Cc1ccc(Cl)cc1,5.739928612014925,1820.0,1,CHEMBL5555257,Replicase polyprotein 1ab
CN(C(=O)[C@H](Cc1ccccc1)NC(=O)COc1ccc(F)c(F)c1)N(C#N)Cc1ccc(Cl)cc1,5.939302159646388,1150.0,1,CHEMBL5568069,Replicase polyprotein 1ab
CN(C(=O)[C@H](Cc1ccccc1)NC(=O)COc1ccc(F)cc1)N(C#N)Cc1ccc(Cl)cc1,5.913640169325252,1220.0,1,CHEMBL5561030,Replicase polyprotein 1ab
CN(C(=O)[C@H](Cc1ccccc1)NC(=O)COc1ccc2c(c1)NC(=O)CC2)N(C#N)Cc1ccc(Cl)cc1,6.017728766960431,960.0,1,CHEMBL5532623,Replicase polyprotein 1ab
CN(C(=O)[C@H](Cc1ccccc1)NC(=O)COc1cccc(Cl)c1)N(C#N)Cc1ccc(Cl)cc1,5.97469413473523,1060.0,1,CHEMBL5557211,Replicase polyprotein 1ab
CN(C(=O)[C@H](Cc1ccccc1)NC(=O)COc1cccc(F)c1Br)N(C#N)Cc1ccc(Cl)cc1,5.991399828238082,1020.0,1,CHEMBL5556043,Replicase polyprotein 1ab
CN(C(=O)[C@H](Cc1ccccc1)NC(=O)COc1cccc2ccccc12)N(C#N)Cc1ccc(Cl)cc1,5.97469413473523,1060.0,1,CHEMBL5562732,Replicase polyprotein 1ab
CN(C(=O)[C@H](Cc1ccccc1)NC(=O)OCc1ccccc1)N(C#N)Cc1c(F)cc(Br)cc1F,7.0915149811213505,81.0,1,CHEMBL5562584,Replicase polyprotein 1ab
CN(C(=O)[C@H](Cc1ccccc1)NC(=O)OCc1ccccc1)N(C#N)Cc1cc(Cl)ccc1F,6.924453038607469,119.0,1,CHEMBL5562454,Replicase polyprotein 1ab
CN(C(=O)[C@H](Cc1ccccc1)NC(=O)OCc1ccccc1)N(C#N)Cc1ccc(Br)c(Cl)c1,6.716698771296451,192.0,1,CHEMBL5556610,Replicase polyprotein 1ab
CN(C(=O)[C@H](Cc1ccccc1)NC(=O)OCc1ccccc1)N(C#N)Cc1ccc(Br)c(Cl)c1F,6.903089986991944,125.0,1,CHEMBL5560351,Replicase polyprotein 1ab
CN(C(=O)[C@H](Cc1ccccc1)NC(=O)OCc1ccccc1)N(C#N)Cc1ccc(Br)c(F)c1,6.686132779630847,206.0,1,CHEMBL5557933,Replicase polyprotein 1ab
CN(C(=O)[C@H](Cc1ccccc1)NC(=O)OCc1ccccc1)N(C#N)Cc1ccc(Br)cc1,6.698970004336019,200.0,1,CHEMBL5532227,Replicase polyprotein 1ab
CN(C(=O)[C@H](Cc1ccccc1)NC(=O)OCc1ccccc1)N(C#N)Cc1ccc(Br)cc1Cl,6.844663962534939,143.0,1,CHEMBL5562204,Replicase polyprotein 1ab
CN(C(=O)[C@H](Cc1ccccc1)NC(=O)OCc1ccccc1)N(C#N)Cc1ccc(Br)cc1F,6.982966660701219,104.0,1,CHEMBL5556145,Replicase polyprotein 1ab
CN(C(=O)[C@H](Cc1ccccc1)NC(=O)OCc1ccccc1)N(C#N)Cc1ccc(Cl)cc1,6.585026652029182,260.0,1,CHEMBL5568134,Replicase polyprotein 1ab
CN(C(=O)[C@H](Cc1ccccc1)NC(=O)OCc1ccccc1)N(C#N)Cc1ccc(F)cc1,6.531652669587842,294.0,1,CHEMBL5560161,Replicase polyprotein 1ab
CN(C(=O)[C@H](Cc1ccccc1)NC(=O)OCc1ccccc1)N(C#N)Cc1ccc([N+](=O)[O-])cc1,6.6777807052660805,210.0,1,CHEMBL5568219,Replicase polyprotein 1ab
CN(C(=O)[C@H](Cc1ccccc1)NC(=O)OCc1ccccc1)N(C#N)Cc1cccc(Br)c1,7.0655015487564325,86.0,1,CHEMBL5560345,Replicase polyprotein 1ab
CN(C(=O)[C@H](Cc1ccccc1)NC(=O)OCc1ccccc1)N(C#N)Cc1cccc(Cl)c1,7.055517327849832,88.0,1,CHEMBL5555320,Replicase polyprotein 1ab
CN(C(=O)[C@H](Cc1ccccc1)NC(=O)OCc1ccccc1)N(C#N)Cc1cccc(Cl)c1F,7.455931955649724,35.0,1,CHEMBL5542936,Replicase polyprotein 1ab
CN(C(=O)[C@H](Cc1ccccc1)NC(=O)OCc1ccccc1)N(C#N)Cc1cccc(F)c1,6.847711655616943,142.0,1,CHEMBL5565509,Replicase polyprotein 1ab
CN(C(=O)[C@H](Cc1ccccc1)NC(=O)OCc1ccccc1)N(C#N)Cc1ccccc1Br,6.72584215073632,188.0,1,CHEMBL5549835,Replicase polyprotein 1ab
CN(C(=O)[C@H](Cc1ccccc1)NC(=O)OCc1ccccc1)N(C#N)Cc1ccccc1Cl,6.826813731587726,149.0,1,CHEMBL5560220,Replicase polyprotein 1ab
CN(C(=O)[C@H](Cc1ccccc1)NC(=O)OCc1ccccc1)N(C#N)Cc1ccccc1F,6.863279432843593,137.0,1,CHEMBL5561739,Replicase polyprotein 1ab
CN(C(=O)[C@H](Cc1ccccc1)NC(=O)OCc1ccccc1)N(C#N)Cc1ccco1,6.686132779630847,206.0,1,CHEMBL5562352,Replicase polyprotein 1ab
CN(C(=O)[C@H](Cc1ccccc1)NC(=O)OCc1ccccc1)N(C#N)Cc1ccsc1,6.380906669373258,416.0,1,CHEMBL5568426,Replicase polyprotein 1ab
CN(C(=O)[C@H](Cc1ccccc1)NC(=O)[C@@H](NC(=O)C(F)(F)F)C(C)(C)C)N(C#N)Cc1ccc(Cl)cc1,7.481486060122112,33.0,1,CHEMBL5556558,Replicase polyprotein 1ab
CN(C(=O)[C@H](Cc1ccccc1)NC(=O)[C@@H](NC(=O)C1(F)CC1)C(C)(C)C)N(C#N)Cc1ccc(Cl)cc1,7.301029995663981,50.0,1,CHEMBL5557788,Replicase polyprotein 1ab
CN(C(=O)[C@H](Cc1ccccc1)NC(=O)[C@@H](NC(=O)C1CCCC1)C(C)(C)C)N(C#N)Cc1ccc(Cl)cc1,7.494850021680094,32.0,1,CHEMBL5565472,Replicase polyprotein 1ab
CN(C(=O)[C@H](Cc1ccccc1)NC(=O)[C@@H](NC(=O)c1ccc(-c2cccs2)s1)C(C)(C)C)N(C#N)Cc1ccc(Cl)cc1,6.272458742971444,534.0,1,CHEMBL5561579,Replicase polyprotein 1ab
CN(C(=O)[C@H](Cc1ccccc1)NC(=O)[C@@H](NC(=O)c1cccs1)C(C)(C)C)N(C#N)Cc1ccc(Cl)cc1,7.721246399047171,19.0,1,CHEMBL5568269,Replicase polyprotein 1ab
CN(C(=O)[C@H](Cc1ccccc1)NC(=O)[C@@H](NC(=O)c1cccs1)C(C)(C)C)N(C#N)Cc1cccc(Cl)c1F,7.823908740944319,15.0,1,CHEMBL5559134,Replicase polyprotein 1ab
CN(C(=O)[C@H](Cc1ccccc1)NC(=O)[C@@H](NC(=O)c1cccs1)C1CCCCC1)N(C#N)Cc1ccc(Cl)cc1,7.7447274948966935,18.0,1,CHEMBL5561728,Replicase polyprotein 1ab
CN(C(=O)[C@H](Cc1ccccc1)NC(=O)[C@@H](Nc1ccc([N+](=O)[O-])cc1[N+](=O)[O-])C(C)(C)C)N(C#N)Cc1ccc(Cl)cc1,5.647817481888637,2250.0,1,CHEMBL5567940,Replicase polyprotein 1ab
CN(C(=O)[C@H](Cc1ccccc1)NC(=O)c1cc2cc(Cl)ccc2[nH]1)N(C#N)Cc1ccc(Cl)cc1,7.113509274827518,77.0,1,CHEMBL5542364,Replicase polyprotein 1ab
CN(C(=O)[C@H](Cc1ccccc1Cl)NC(=O)[C@@H](NC(=O)c1cccs1)C(C)(C)C)N(C#N)Cc1cccc(Cl)c1F,7.585026652029182,26.0,1,CHEMBL5566531,Replicase polyprotein 1ab
CN(C(=O)[C@H](Cc1ccccc1F)NC(=O)[C@@H](NC(=O)c1cccs1)C(C)(C)C)N(C#N)Cc1cccc(Cl)c1F,7.721246399047171,19.0,1,CHEMBL5564971,Replicase polyprotein 1ab
CN(C(=O)[C@H](Cc1cccs1)NC(=O)[C@@H](NC(=O)c1cccs1)C(C)(C)C)N(C#N)Cc1cccc(Cl)c1F,8.045757490560675,9.0,1,CHEMBL5558707,Replicase polyprotein 1ab
CN(C(=O)c1cc2c(C(=O)C(F)(F)F)cccc2[nH]1)[C@@H](CC1CCCC1)C(=O)N1C[C@]2(CC1C#N)C(=O)Nc1ccccc12,7.0,100.0,1,CHEMBL5999412,Replicase polyprotein 1ab
CN(C(=O)c1cc2c(F)c(F)ccc2[nH]1)[C@@H](CC(C)(C)C)C(=O)N1C[C@]2(CC1C#N)C(=O)Nc1ccccc12,7.0,100.0,1,CHEMBL6006410,Replicase polyprotein 1ab
CN(C(=O)c1cc2c(F)c(F)ccc2[nH]1)[C@@H](CC(C)(C)C)C(=O)N1C[C@]2(C[C@H]1C#N)C(=O)Nc1ccccc12,7.0,100.0,1,CHEMBL5876270,Replicase polyprotein 1ab
CN(C(=O)c1cc2c(F)c(F)ccc2[nH]1)[C@@H](CC1CCCCC1)C(=O)N1C[C@]2(CC1C#N)C(=O)Nc1ccccc12,7.0,100.0,1,CHEMBL6002297,Replicase polyprotein 1ab
CN(C(=O)c1cc2c(F)c(F)ccc2[nH]1)[C@@H](CC1CCCCC1)C(=O)N1C[C@]2(C[C@H]1C#N)C(=O)Nc1ccccc12,7.0,100.0,1,CHEMBL5811677,Replicase polyprotein 1ab
CN(C(=O)c1cc2c(F)cc(F)c(F)c2[nH]1)[C@@H](CC1CCCC1)C(=O)N1C[C@]2(CC1C#N)C(=O)Nc1ccccc12,7.0,100.0,1,CHEMBL5960766,Replicase polyprotein 1ab
CN(C(=O)c1cc2c(F)cc(F)c(F)c2[nH]1)[C@@H](CC1CCCC1)C(=O)N1C[C@]2(C[C@H]1C#N)C(=O)Nc1ccccc12,7.0,100.0,1,CHEMBL5763144,Replicase polyprotein 1ab
CN(C(=O)c1cc2c(F)cc(F)cc2[nH]1)[C@@H](CC(C)(C)C)C(=O)N1C[C@]2(CC1C#N)C(=O)Nc1ccccc12,7.0,100.0,1,CHEMBL5757740,Replicase polyprotein 1ab
CN(C(=O)c1cc2c(F)cc(F)cc2[nH]1)[C@@H](CC(C)(C)C)C(=O)N1C[C@]2(C[C@H]1C#N)C(=O)Nc1ccccc12,7.0,100.0,1,CHEMBL5918442,Replicase polyprotein 1ab
CN(C(=O)c1cc2c(F)cc(F)cc2[nH]1)[C@@H](CC(C)(C)F)C(=O)N1C[C@]2(CC1C#N)C(=O)Nc1cccc(Cl)c12,7.0,100.0,1,CHEMBL6060286,Replicase polyprotein 1ab
CN(C(=O)c1cc2c(F)cc(F)cc2[nH]1)[C@@H](CC1CC1)C(=O)N1C[C@]2(CC1C#N)C(=O)Nc1ccccc12,7.0,100.0,1,CHEMBL5822659,Replicase polyprotein 1ab
CN(C(=O)c1cc2c(F)cc(F)cc2[nH]1)[C@@H](CC1CC1)C(=O)N1C[C@]2(C[C@H]1C#N)C(=O)Nc1ccccc12,7.0,100.0,1,CHEMBL5821623,Replicase polyprotein 1ab
CN(C(=O)c1cc2c(F)cc(F)cc2[nH]1)[C@@H](CC1CCC1)C(=O)N1C[C@]2(CC1C#N)C(=O)Nc1ccccc12,7.0,100.0,1,CHEMBL5986981,Replicase polyprotein 1ab
CN(C(=O)c1cc2c(F)cc(F)cc2[nH]1)[C@@H](CC1CCC1)C(=O)N1C[C@]2(C[C@H]1C#N)C(=O)Nc1ccccc12,7.0,100.0,1,CHEMBL5852872,Replicase polyprotein 1ab
CN(C(=O)c1cc2c(F)cc(F)cc2[nH]1)[C@@H](CC1CCCC1)C(=O)N1C[C@]2(CC1C#N)C(=O)Nc1ccccc12,7.0,100.0,1,CHEMBL5944776,Replicase polyprotein 1ab
CN(C(=O)c1cc2c(F)cc(F)cc2[nH]1)[C@@H](CC1CCCC1)C(=O)N1C[C@]2(C[C@H]1C#N)C(=O)Nc1ccccc12,7.0,100.0,1,CHEMBL5750808,Replicase polyprotein 1ab
CN(C(=O)c1cc2c(F)cc(F)cc2[nH]1)[C@@H](CC1CCCCC1)C(=O)N1C[C@]2(CC1C#N)C(=O)Nc1ccccc12,7.0,100.0,1,CHEMBL5839577,Replicase polyprotein 1ab
CN(C(=O)c1cc2c(F)cc(F)cc2[nH]1)[C@@H](CC1CCCCC1)C(=O)N1C[C@]2(C[C@H]1C#N)C(=O)Nc1ccccc12,7.0,100.0,1,CHEMBL5747114,Replicase polyprotein 1ab
CN(C(=O)c1cc2c(F)cc(F)cc2[nH]1)[C@@H](Cc1ccccc1)C(=O)N1C[C@]2(CC1C#N)C(=O)Nc1ccccc12,7.0,100.0,1,CHEMBL5781476,Replicase polyprotein 1ab
CN(C(=O)c1cc2c(F)cc(F)cc2[nH]1)[C@@H](Cc1ccccc1)C(=O)N1C[C@]2(C[C@H]1C#N)C(=O)Nc1ccccc12,7.0,100.0,1,CHEMBL5752237,Replicase polyprotein 1ab
CN(C(=O)c1cc2c(F)cccc2[nH]1)[C@@H](CC(C)(C)C)C(=O)N1C[C@]2(CC1C#N)C(=O)Nc1ccccc12,7.0,100.0,1,CHEMBL5963406,Replicase polyprotein 1ab
CN(C(=O)c1cc2c(F)cccc2[nH]1)[C@@H](CC(C)(C)C)C(=O)N1C[C@]2(C[C@H]1C#N)C(=O)Nc1ccccc12,7.0,100.0,2,CHEMBL5986212,Replicase polyprotein 1ab
CN(C(=O)c1cc2c(F)cccc2[nH]1)[C@@H](CC1CC1)C(=O)N1C[C@]2(CC1C#N)C(=O)Nc1ccccc12,7.0,100.0,1,CHEMBL5821914,Replicase polyprotein 1ab
CN(C(=O)c1cc2c(F)cccc2[nH]1)[C@@H](CC1CC1)C(=O)N1C[C@]2(C[C@H]1C#N)C(=O)Nc1ccccc12,7.0,100.0,1,CHEMBL5818559,Replicase polyprotein 1ab
CN(C(=O)c1cc2c(F)cccc2[nH]1)[C@@H](CC1CCC1)C(=O)N1C[C@]2(CC1C#N)C(=O)Nc1ccccc12,7.0,100.0,1,CHEMBL5947325,Replicase polyprotein 1ab
CN(C(=O)c1cc2c(F)cccc2[nH]1)[C@@H](CC1CCC1)C(=O)N1C[C@]2(C[C@H]1C#N)C(=O)Nc1ccccc12,7.0,100.0,1,CHEMBL5982458,Replicase polyprotein 1ab
CN(C(=O)c1cc2c(F)cccc2[nH]1)[C@@H](CC1CCCCC1)C(=O)N1C[C@]2(CC1C#N)C(=O)Nc1ccccc12,7.0,100.0,1,CHEMBL5824613,Replicase polyprotein 1ab
CN(C(=O)c1cc2c(F)cccc2[nH]1)[C@@H](CC1CCCCC1)C(=O)N1C[C@]2(C[C@H]1C#N)C(=O)Nc1ccccc12,7.0,100.0,1,CHEMBL5884559,Replicase polyprotein 1ab
CN(C(=O)c1cc2c(F)cccc2[nH]1)[C@@H](Cc1ccccc1)C(=O)N1C[C@]2(CC1C#N)C(=O)Nc1ccccc12,7.0,100.0,1,CHEMBL5799938,Replicase polyprotein 1ab
CN(C(=O)c1cc2c(F)cccc2[nH]1)[C@@H](Cc1ccccc1)C(=O)N1C[C@]2(C[C@H]1C#N)C(=O)Nc1ccccc12,7.0,100.0,1,CHEMBL5821316,Replicase polyprotein 1ab
CN(C(=O)c1cc2c(OC(F)(F)F)cccc2[nH]1)[C@@H](CC1CCCC1)C(=O)N1C[C@]2(C[C@H]1C#N)C(=O)Nc1ccccc12,7.0,100.0,1,CHEMBL5892203,Replicase polyprotein 1ab
CN(C(=O)c1cc2c(OC3CC3)cccc2[nH]1)[C@@H](CC1CCC1)C(=O)N1C[C@]2(CC1C#N)C(=O)Nc1ccccc12,7.0,100.0,1,CHEMBL6029047,Replicase polyprotein 1ab
CN(C(=O)c1cc2c(OC3CC3)cccc2[nH]1)[C@@H](CC1CCC1)C(=O)N1C[C@]2(C[C@H]1C#N)C(=O)Nc1ccccc12,7.0,100.0,1,CHEMBL5990117,Replicase polyprotein 1ab
CN(C(=O)c1cnn(-c2ccccc2C(F)(F)F)c1)[C@@H](CC1CC1)C(=O)N1C[C@]2(C[C@H]1C#N)C(=O)Nc1ccccc12,7.0,100.0,1,CHEMBL5816118,Replicase polyprotein 1ab
CN(C(=O)c1cnn(C(C)(C)C)c1)[C@@H](CC1CC1)C(=O)N1C[C@]2(C[C@H]1C#N)C(=O)Nc1ccccc12,7.0,100.0,1,CHEMBL5808803,Replicase polyprotein 1ab
CN(C(O)OCc1ccccc1)[C@@H](Cc1ccccc1)C(=O)N1C[C@]2(C[C@H]1C#N)C(=O)Nc1ccccc12,7.0,100.0,1,CHEMBL5760246,Replicase polyprotein 1ab
CN(C)C(=O)COC(=O)Cc1ccc(OC(=O)c2ccc(NC(=N)N)cc2)cc1,4.698970004336019,20000.0,1,CHEMBL590799,Replicase polyprotein 1ab
CN(C)C(=O)c1cccc(S(=O)(=O)Nc2cnc3[nH]ccc3c2)c1,4.002176919254275,99500.0,1,CHEMBL5442124,Replicase polyprotein 1ab
CN(C)C(=S)SC(=S)N(C)C,6.026872146400302,940.0,1,CHEMBL571700,Replicase polyprotein 1ab
CN(C)C(=S)SSC(=S)N(C)C,7.301029995663981,50.0,1,CHEMBL120563,Replicase polyprotein 1ab
CN(C)C1CN(Cc2ccc(NC(=O)c3ccc(OCCC(F)(F)F)c([N+](=O)[O-])c3)cc2C(F)(F)F)C1,4.417141537775501,38270.0,1,CHEMBL5565292,Replicase polyprotein 1ab
CN(C)CCCSc1ccccc1NC(=O)/C=C/c1ccccc1,3.903333260024618,124930.0,3,CHEMBL18786,Replicase polyprotein 1ab
CN(C)CCNc1nc2cc(O)ccc2c2c1C(=O)c1ccccc1-2,5.52432881167557,2990.0,1,CHEMBL488755,Replicase polyprotein 1ab
CN(C)CCOc1c(Cl)cc(C(NC(=O)C(C)(C)F)C(=O)N2C[C@H]3[C@@H]([C@H]2C(=O)N[C@H](C#N)C[C@@H]2CCNC2=O)C3(C)C)cc1Cl,6.604149623981219,248.8,1,CHEMBL6148562,Replicase polyprotein 1ab
CN(C)CCOc1c(Cl)cc([C@H](NC(=O)C(F)(F)F)C(=O)N2C[C@H]3[C@@H]([C@H]2C(=O)N[C@H](C#N)C[C@@H]2CCNC2=O)C3(C)C)cc1Cl,6.200108315343135,630.8,1,CHEMBL6102452,Replicase polyprotein 1ab
CN(C)CCOc1c(Cl)cc([C@H](NC(=O)C(F)F)C(=O)N2C[C@H]3[C@@H]([C@H]2C(=O)N[C@H](C#N)C[C@@H]2CCNC2=O)C3(C)C)cc1Cl,6.424927674286187,375.9,1,CHEMBL6165413,Replicase polyprotein 1ab
CN(C)CCOc1c(Cl)cc([C@H](NC(=O)CF)C(=O)N2C[C@H]3[C@@H]([C@H]2C(=O)N[C@H](C#N)C[C@@H]2CCNC2=O)C3(C)C)cc1Cl,6.638272163982407,230.0,1,CHEMBL6114864,Replicase polyprotein 1ab
CN(C)CCOc1ccc(CNC(=O)CSc2c[nH]c3ccccc23)cc1,5.041914151478915,9080.0,1,CHEMBL4855167,Replicase polyprotein 1ab
CN(C)CCOc1ccc(CNC(=O)CSc2cn(C)c3ccccc23)cc1,5.050122295963125,8910.0,1,CHEMBL4850314,Replicase polyprotein 1ab
CN(C)CCn1cc2cc(Nc3nc(=O)n(Cc4ccc[nH]c4=O)c(=O)n3Cc3cc(F)c(F)c(F)c3)c(Cl)cc2n1,6.0,1000.0,1,CHEMBL5560128,Replicase polyprotein 1ab
CN(C)S(=O)(=O)N[C@H](C(=O)N1[C@@H]2CC[C@@H](C2)[C@H]1C(=O)N[C@@H](C[C@@H]1CCNC1=O)C(=O)c1nc2ccccc2s1)C(C)(C)C,6.2335871528876,584.0,1,CHEMBL5624454,Replicase polyprotein 1ab
CN(C)S(=O)(=O)Nc1ccc(-n2[se]c3ccccc3c2=O)cc1,6.632644078973981,233.0,1,CHEMBL5409716,Replicase polyprotein 1ab
CN(C)[C@@H](CC1CC1)C(=O)N(C)[C@@H](CC(C)(C)C)C(=O)N1C[C@]2(C[C@H]1C#N)C(=O)Nc1ccccc12,6.259637310505756,550.0,1,CHEMBL5867534,Replicase polyprotein 1ab
CN(C)[C@@H](CC1CC1)C(=O)N[C@@H](CC(C)(C)C)C(=O)N1C[C@]2(C[C@H]1C#N)C(=O)Nc1ccccc12,6.0,1000.0,1,CHEMBL5934801,Replicase polyprotein 1ab
CN(C)c1ccc(/C=C/C(=O)N2C[C@@H]3CCC[C@@H]3[C@H]2C(=O)N[C@H](C=O)C[C@@H]2CCNC2=O)cc1,6.425968732272281,375.0,1,CHEMBL5284630,Replicase polyprotein 1ab
CN(C)c1ccc(C(=O)N[C@@H](CC(=O)O)c2ccc(Br)cc2)nc1,4.002176919254275,99500.0,2,CHEMBL5441728,Replicase polyprotein 1ab
CN(C)c1ccc(CCC(=O)N2C[C@@H]3CCC[C@@H]3[C@H]2C(=O)N[C@H](C=O)C[C@@H]2CCNC2=O)cc1,6.422278475490979,378.2,1,CHEMBL5274857,Replicase polyprotein 1ab
CN(C)c1cncc(NC(=O)c2ccc(C=O)cc2O)c1,4.920818753952375,12000.0,1,CHEMBL5418908,Replicase polyprotein 1ab
CN(CC(=O)N[C@H](Cc1ccccc1)C(=O)C(=O)NCc1ccccn1)C(=O)C1CCC(F)(F)CC1,7.51427857351842,30.6,1,CHEMBL5631713,Replicase polyprotein 1ab
CN(CC1COCCO1)C(=O)C1CN(c2ccc(Cl)c(Cl)c2)CCN1C(=O)c1cc(=O)[nH]c2ccccc12,5.583359492661719,2610.0,1,CHEMBL5567760,Replicase polyprotein 1ab
CN(CCN(C)c1cccc2c1C(=O)N(C1CCC(=O)NC1=O)C2=O)C(=O)CCC(C)(C)NC(=O)N[C@H](C(=O)N1C[C@H]2[C@@H]([C@H]1C(=O)N[C@H](C=O)C[C@@H]1CCNC1=O)C2(C)C)C(C)(C)C,7.508638306165727,31.0,1,CHEMBL5596035,Replicase polyprotein 1ab
CN(C[C@H]1O[C@@H](n2cc(C#Cc3ccccc3)c3c(N)ncnc32)[C@H](O)[C@@H]1O)S(=O)(=O)c1ccc(Br)c([N+](=O)[O-])c1,7.761953896871205,17.3,1,CHEMBL5408911,Replicase polyprotein 1ab
CN(C[C@H]1O[C@@H](n2cc(C#Cc3cnc4ccccc4c3)c3c(N)ncnc32)[C@H](O)[C@@H]1O)S(=O)(=O)c1ccc(Br)c([N+](=O)[O-])c1,8.455931955649724,3.5,1,CHEMBL5423458,Replicase polyprotein 1ab
CN(Cc1ccc(C(C)(C)C)cc1)Cc1cccc2ccccc12.Cl,5.267606240177032,5400.0,1,CHEMBL1200397,Replicase polyprotein 1ab
CN(Cc1ccccc1)C(=O)C1=C(C(=O)O)N2C(=O)[C@@H](NC(=O)[C@H](Cc3ccccc3)NC(=O)c3cc4ccccc4[nH]3)CN2C1,3.3010299956639813,500000.0,1,CHEMBL5414906,Replicase polyprotein 1ab
CN(Cc1ccccc1)C(=O)CSc1c[nH]c2c(Br)cccc12,4.680061560019691,20890.0,1,CHEMBL4854368,Replicase polyprotein 1ab
CN(Cc1ccccc1)C(=O)CSc1c[nH]c2cccc(Br)c12,5.325138859262188,4730.0,1,CHEMBL4865625,Replicase polyprotein 1ab
CN(Cc1ccccc1)C(=O)CSc1c[nH]c2ccccc12,5.306007158821666,4960.0,2,CHEMBL4878063,Replicase polyprotein 1ab
CN(Cc1cccs1)C(=O)[C@@H]1CN(C(=O)c2cccnc2)CCN1c1ccc(Cl)c(Cl)c1,5.886056647693163,1300.0,1,CHEMBL5403236,Replicase polyprotein 1ab
CN(Cc1ccncc1)c1cc(Br)ncn1,3.769551078621726,170000.0,1,CHEMBL5394168,Replicase polyprotein 1ab
CN(Cc1cn(C2C3=C(OC2(C)C)c2ccccc2C(=O)C3=O)nn1)C1=C(Br)C(=O)c2ccccc2C1=O,4.84454718531193,34550.0,2,CHEMBL5206451,Replicase polyprotein 1ab
CN(Cc1cn(C2C3=C(OC2(C)C)c2ccccc2C(=O)C3=O)nn1)C1=CC(=O)c2ccccc2C1=O,5.657577319177793,2200.0,1,CHEMBL5188555,Replicase polyprotein 1ab
CN1C(=O)/C(=C2/C(=O)N(CCCN)c3ccc(Br)cc32)c2ccccc21.Cl,5.8794759246641775,1320.0,4,CHEMBL5572124,Replicase polyprotein 1ab
CN1C(=O)/C(=C2/C(=O)N(CCN)c3ccccc32)c2cc(Br)ccc21.Cl,5.822485071821477,1505.0,4,CHEMBL5568874,Replicase polyprotein 1ab
CN1C(=O)/C(=C2/C(=O)N(CCN3CCCC3)c3ccccc32)c2ccccc21.Cl,5.939302159646388,1150.0,1,CHEMBL5589829,Replicase polyprotein 1ab
CN1C(=O)/C(=C2/C(=O)Nc3ccccc32)c2ccccc21,4.805485658117533,15650.0,1,CHEMBL607535,Replicase polyprotein 1ab
CN1C(=O)C[C@H]2CC3(CC3)CN2C(=O)c2cncc(c2)/C=C/CCCCCNC(=O)[C@H]1Cc1ccc(Cl)cc1Cl,8.045757490560675,9.0,1,CHEMBL6133637,Replicase polyprotein 1ab
CN1C(=O)C[C@H]2CC3(CC3)CN2C(=O)c2cncc(c2)NCCC/C=C/CNC(=O)[C@H]1Cc1ccc(Cl)cc1Cl,8.154901959985743,7.0,1,CHEMBL6147211,Replicase polyprotein 1ab
CN1C(=O)C[C@H]2CC3(CC3)CN2C(=O)c2cncc(c2)NCCCCCCNC(=O)[C@H]1Cc1ccc(Cl)cc1Cl,8.221848749616356,6.0,1,CHEMBL6146345,Replicase polyprotein 1ab
CN1C(=O)C[C@H]2C[C@@H](C(F)(F)F)CN2C(=O)c2cncc(c2)/C=C/CCCCCNC(=O)[C@H]1Cc1ccc(Cl)cc1Cl,7.958607314841775,11.0,1,CHEMBL6159507,Replicase polyprotein 1ab
CN1C(=O)C[n+]2ccccc2C1C(=O)Nc1ccccc1,5.050609993355087,8900.0,1,CHEMBL5591923,Replicase polyprotein 1ab
CN1C(=O)[C@H](CCc2ccccc2)NC(=O)COCCOc2ccc(F)cc2CN1C#N,5.8326826652518236,1470.0,1,CHEMBL5556766,Replicase polyprotein 1ab
CN1C(=O)[C@H](Cc2ccccc2)N(C(=O)CNC(=O)c2cccs2)CC2(CC2)COc2c(Cl)cccc2CN1C#N,7.522878745280337,30.0,1,CHEMBL5564222,Replicase polyprotein 1ab
CN1C(=O)[C@H](Cc2ccccc2)N(C(=O)CNC(=O)c2cccs2)CCCOc2c(Cl)cccc2CN1C#N,8.522878745280337,3.0,1,CHEMBL5559068,Replicase polyprotein 1ab
CN1C(=O)[C@H](Cc2ccccc2)N(C(=O)COc2ccc(Cl)cc2Cl)CCCCCOc2ccc(F)cc2CN1C#N,7.318758762624412,48.0,1,CHEMBL5558496,Replicase polyprotein 1ab
CN1C(=O)[C@H](Cc2ccccc2)N(C(=O)COc2ccc(Cl)cc2Cl)CCCCOc2ccc(F)cc2CN1C#N,7.376750709602099,42.0,1,CHEMBL5557407,Replicase polyprotein 1ab
CN1C(=O)[C@H](Cc2ccccc2)N(C(=O)COc2ccc(Cl)cc2Cl)CCCOc2c(Cl)cccc2CN1C#N,7.42021640338319,38.0,1,CHEMBL5568382,Replicase polyprotein 1ab
CN1C(=O)[C@H](Cc2ccccc2)N(C(=O)COc2ccc(Cl)cc2Cl)CCCOc2ccc(Cl)c(F)c2CN1C#N,7.2441251443275085,57.0,1,CHEMBL5560182,Replicase polyprotein 1ab
CN1C(=O)[C@H](Cc2ccccc2)N(C(=O)COc2ccc(Cl)cc2Cl)CCCOc2ccc(F)cc2CN1C#N,7.6020599913279625,25.0,1,CHEMBL5560304,Replicase polyprotein 1ab
CN1C(=O)[C@H](Cc2ccccc2)NC(=O)COCCOCCOc2ccc(F)cc2CN1C#N,5.583359492661719,2610.0,1,CHEMBL5562393,Replicase polyprotein 1ab
CN1C(=O)[C@H](Cc2ccccc2)NC(=O)COCCOc2ccc(F)cc2CN1C#N,6.645891560852599,226.0,1,CHEMBL5559003,Replicase polyprotein 1ab
CN1CC(C)(C)[C@H](NC(=O)C(F)(F)F)C(=O)N2C[C@H]3[C@@H]([C@H]2C(=O)N[C@H](C#N)C[C@@H]2C[C@H](NC2=O)C1=O)C3(C)C,5.0,10000.0,1,CHEMBL6102410,Replicase polyprotein 1ab
CN1CC(C)(C)[C@H](NC(=O)OCc2ccccc2)C(=O)N2C[C@H]3[C@@H]([C@H]2C(=O)N[C@H](C#N)C[C@@H]2C[C@H](NC2=O)C1=O)C3(C)C,5.0,10000.0,1,CHEMBL6092232,Replicase polyprotein 1ab
CN1CCN(C(=O)C2CN(c3ccc(Cl)c(Cl)c3)CCN2C(=O)c2cc(=O)[nH]c3ccccc23)CC1,5.87942606879415,1320.0,1,CHEMBL5560644,Replicase polyprotein 1ab
CN1CCN(C(=O)c2cc(Br)cc([N+](=O)[O-])c2N[C@@H]2CCCC[C@@H]2NC(=O)c2cc(=O)[nH]c3c(F)cccc23)CC1,7.675717544702307,21.1,1,CHEMBL5555832,Replicase polyprotein 1ab
CN1CCN(C(=O)c2cc(Br)cc([N+](=O)[O-])c2N[C@@H]2CCC[C@@H]2NC(=O)c2cc(=O)[nH]c3c(F)cccc23)CC1,7.543633966870957,28.6,1,CHEMBL5563194,Replicase polyprotein 1ab
CN1CCN(C(=O)c2cc(Br)cc([N+](=O)[O-])c2N[C@@H]2CCC[C@@H]2NC(=O)c2cc(=O)[nH]c3ccccc23)CC1,7.640164517660112,22.9,1,CHEMBL5562026,Replicase polyprotein 1ab
CN1CCN(C(=O)c2cc(C3CC3)cc([N+](=O)[O-])c2N[C@@H]2CCC[C@@H]2NC(=O)c2cc(=O)[nH]c3c(F)cccc23)CC1,7.54515513999149,28.5,1,CHEMBL5561778,Replicase polyprotein 1ab
CN1CCN(C(=O)c2cc(C3CC3)cc([N+](=O)[O-])c2N[C@@H]2CCC[C@@H]2NC(=O)c2cc(=O)[nH]c3ccccc23)CC1,7.603800652904264,24.9,1,CHEMBL5560985,Replicase polyprotein 1ab
CN1CCN(C(=O)c2ccc(-c3ccc4c(C=O)c(O)ccc4c3)s2)CC1,5.876148359032914,1330.0,1,CHEMBL3665060,Replicase polyprotein 1ab
CN1CCN(C2=C(Cl)C(=O)N(c3ccc(Cl)c(Cl)c3)C2=O)CC1,5.910094888560602,1230.0,1,CHEMBL1271764,Replicase polyprotein 1ab
CN1CCN(c2ccc(N)cc2F)CC1,7.2076083105017466,62.0,1,CHEMBL5435017,Replicase polyprotein 1ab
CN1CCN(c2ccccc2N)CC1,8.742321425130816,1.81,1,CHEMBL1879790,Replicase polyprotein 1ab
CN1CC[C@@H]1[C@@H](Nc1ncnc2[nH]ccc12)c1ccc2c(c1)OCCO2,4.091214522400648,82765.5,2,CHEMBL5441614,Replicase polyprotein 1ab
CN1CC[C@@]2(C)c3cc(O)ccc3N(C)[C@@H]12.O=C(O)/C=C/C(=O)O,5.701146923590294,1990.0,1,CHEMBL1256915,Replicase polyprotein 1ab
CN1CCc2cccc3c2[C@H]1Cc1ccc(O)c(O)c1-3.CN1CCc2cccc3c2[C@H]1Cc1ccc(O)c(O)c1-3.Cl.Cl.O,6.2839966563652006,520.0,1,CHEMBL3187985,Replicase polyprotein 1ab
CN1C[C@@H](c2ccc(Br)cc2)[C@@]2(CN(P(=O)(CO)CO)C/C(=C\c3ccccc3)C2=O)[C@@]12C(=O)Nc1ccccc12,4.807153884811158,15590.0,1,CHEMBL5630367,Replicase polyprotein 1ab
CN1C[C@@H](c2ccc(F)cc2)[C@@]2(CN(P(=O)(CO)CO)C/C(=C\c3ccccc3)C2=O)[C@@]12C(=O)Nc1ccc(Cl)cc12,4.36835333704158,42820.0,1,CHEMBL5630045,Replicase polyprotein 1ab
CN1C[C@@H](c2ccccc2)[C@@]2(CN(P(=O)(CO)CO)C/C(=C\c3ccccc3)C2=O)[C@@]12C(=O)Nc1ccc(Cl)cc12,5.017502630802287,9605.0,1,CHEMBL5629893,Replicase polyprotein 1ab
CN=C(S)N=C(Nc1ccccc1)c1ccccc1,4.398157210217902,39980.0,1,CHEMBL1431798,Replicase polyprotein 1ab
CNC(=N)C[C@@H](NC(=O)c1ncnc2[nH]ccc12)c1ccc(Br)cc1,4.002176919254275,99500.0,1,CHEMBL5441674,Replicase polyprotein 1ab
CNC(=O)/C=C/C(=O)NNC(=O)CCc1ccccc1C(=O)N[C@H](C)c1cccc2ccccc12,4.790484985457369,16200.0,1,CHEMBL6170721,Replicase polyprotein 1ab
CNC(=O)C(=O)[C@H](CCC(C)(F)F)NC(=O)C1C2CC(C)(C)C2CN1C(=O)[C@@H](NC(=O)OC)C(C)(C)C,8.301029995663981,5.0,1,CHEMBL5418521,Replicase polyprotein 1ab
CNC(=O)C(=O)[C@H](CCC(C)(F)F)NC(=O)[C@@H]1CC2(CCCCC2)CN1C(=O)[C@@H](NC(=O)OC)C(C)(C)C,8.05551732784983,8.8,1,CHEMBL5594778,Replicase polyprotein 1ab
CNC(=O)C(=O)[C@H](CCC(C)(F)F)NC(=O)[C@@H]1CC2(CCN1C(=O)[C@@H](NC(=O)OC)C(C)(C)C)CC2,8.187086643357144,6.5,1,CHEMBL5440103,Replicase polyprotein 1ab
CNC(=O)C(=O)[C@H](CCC(C)(F)F)NC(=O)[C@@H]1C[C@H](C(F)(F)F)CCN1C(=O)[C@@H](NC(=O)OC)C(C)(C)C,8.00436480540245,9.9,1,CHEMBL5573477,Replicase polyprotein 1ab
CNC(=O)C(=O)[C@H](CCC(C)(F)F)NC(=O)[C@@H]1[C@H]2CCC[C@H]2CN1C(=O)[C@@H](NC(=O)OC)C(C)(C)C,8.060480747381382,8.7,1,CHEMBL5594588,Replicase polyprotein 1ab
CNC(=O)C(=O)[C@H](CCC(C)(F)F)NC(=O)[C@@H]1[C@H]2CCC[C@H]2CN1C(=O)[C@H](CC(F)(F)F)NC(=O)OC,8.154901959985743,7.0,1,CHEMBL5433055,Replicase polyprotein 1ab
CNC(=O)C1CCN([C@H](C)c2cccc3ccccc23)CC1,5.508638306165727,3100.0,1,CHEMBL6141582,Replicase polyprotein 1ab
CNC(=O)Cn1c(=O)[nH]/c(=N\c2cc3cn(C)nc3cc2Cl)n(Cc2cc(F)c(F)c(F)c2)c1=O,7.017728766960431,96.0,2,CHEMBL5206756,Replicase polyprotein 1ab
CNC(=O)Cn1c(=O)[nH]/c(=N\c2ccc(OC(F)F)cc2C)n(Cc2cc(F)c(F)c(F)c2)c1=O,5.0655015487564325,8600.0,2,CHEMBL5200025,Replicase polyprotein 1ab
CNC(=O)Cn1cc(-c2cc3c(N[C@@H](c4ccc5c(c4)OCCO5)C(C)C)ncnc3[nH]2)cn1,6.586700235918748,259.0,3,CHEMBL5441526,Replicase polyprotein 1ab
CNC(=O)Cn1cc(-c2cc3c(N[C@@H](c4ccc5c(c4)S(=O)(=O)CCC5)C(C)C)ncnc3[nH]2)cn1,7.622062572163754,24.5,10,CHEMBL5441413,Replicase polyprotein 1ab
CNC(=O)Cn1cc(-c2cc3c(N[C@H](c4ccc5c(c4)OCCO5)C(C)C)ncnc3[nH]2)cn1,6.66068618911355,218.5,2,CHEMBL5441943,Replicase polyprotein 1ab
CNC(=O)Cn1cc(-c2cc3c(N[C@H](c4ccc5c(c4)S(=O)(=O)CCC5)C(C)C)ncnc3[nH]2)cn1,5.25072759170158,5614.0,3,CHEMBL5441424,Replicase polyprotein 1ab
CNC(=O)N[C@H](C(=O)N1CC2(CCCCC2)C[C@H]1C(=O)N[C@@H](CCC(C)(F)F)C(=O)C(=O)NC1CC1)C(C)(C)C,7.086186147616283,82.0,1,CHEMBL5565573,Replicase polyprotein 1ab
CNC(=O)ON(C(C)=O)C(=O)NC,5.876148359032914,1330.0,1,CHEMBL9116,Replicase polyprotein 1ab
CNC(=O)[C@@H](Cc1ccc(Cl)cc1)N1CCCCCC/C=C/c2cncc(c2)C(=O)N2c3ccccc3C[C@@H]2CC1=O,7.721246399047171,19.0,1,CHEMBL6165159,Replicase polyprotein 1ab
CNC(=O)[C@@H](Cc1cccc(F)c1)NC(=O)C1CN(C(=O)c2cncc3cccc(O)c23)CCN1Cc1ccc(Cl)cc1Cl,3.7822529267372063,165100.0,1,CHEMBL5555358,Replicase polyprotein 1ab
CNC(=O)[C@@H]1C/C=C/CCNc2cncc(c2)C(=O)N2CC3(CC3)C[C@@H]2CC(=O)N(C)[C@H](Cc2ccc(Cl)cc2Cl)C(=O)N1,8.154901959985743,7.0,1,CHEMBL6133299,Replicase polyprotein 1ab
CNC(=O)[C@@H]1CCCCCNc2cncc(c2)C(=O)N2CC3(CC3)C[C@@H]2CC(=O)N(C)[C@H](Cc2ccc(Cl)cc2Cl)C(=O)N1,8.154901959985743,7.0,1,CHEMBL6120683,Replicase polyprotein 1ab
CNC(=O)[C@H]1C/C=C/CCNc2cncc(c2)C(=O)N2CC3(CC3)C[C@@H]2CC(=O)N(C)[C@H](Cc2ccc(Cl)cc2Cl)C(=O)N1,8.154901959985743,7.0,1,CHEMBL6143266,Replicase polyprotein 1ab
CNC(=O)[C@H]1CCCCCNc2cncc(c2)C(=O)N2CC3(CC3)C[C@@H]2CC(=O)N(C)[C@H](Cc2ccc(Cl)cc2Cl)C(=O)N1,8.301029995663981,5.0,1,CHEMBL6103524,Replicase polyprotein 1ab
CNC(=O)[C@H]1Cc2cccc(c2)OC/C=C/c2cccc3c2CC(CC(=O)N1C)N3C(=O)c1cncc2cccnc12,7.42021640338319,38.0,1,CHEMBL6134603,Replicase polyprotein 1ab
CNC(=O)c1c[nH]c2ncnc(N[C@@H](c3ccc4c(c3)NC(=O)CO4)C(C)C)c12,6.51427857351842,306.0,1,CHEMBL5441682,Replicase polyprotein 1ab
CNC(=O)c1c[nH]c2ncnc(N[C@@H](c3ccc4c(c3)OCCO4)C(C)C)c12,6.148881263115102,710.0,2,CHEMBL5441549,Replicase polyprotein 1ab
CNC(=O)c1c[nH]c2ncnc(N[C@@H](c3ccc4c(c3)S(=O)(=O)CCC4)C(C)C)c12,5.709837165436248,11752.5,2,CHEMBL5441594,Replicase polyprotein 1ab
CNC(=O)c1c[nH]c2ncnc(N[C@H](c3ccc4c(c3)S(=O)(=O)CCC4)C(C)C)c12,6.920818753952375,120.0,3,CHEMBL5441436,Replicase polyprotein 1ab
CNC(=O)c1cc(Br)cc([N+](=O)[O-])c1NC1CCN(C(=O)c2cc(=O)[nH]c3ccccc23)C1,6.709520186669327,195.2,1,CHEMBL5560680,Replicase polyprotein 1ab
CNC(=O)c1cc(Br)cc([N+](=O)[O-])c1N[C@@H]1CCCC[C@@H]1NC(=O)c1cc(=O)[nH]c2c(F)cccc12,7.2441251443275085,57.0,1,CHEMBL5560324,Replicase polyprotein 1ab
CNC(=O)c1cc(Br)cc([N+](=O)[O-])c1N[C@@H]1CCCC[C@@H]1NC(=O)c1cc(=O)[nH]c2cc(F)ccc12,6.979638717352292,104.8,1,CHEMBL5549975,Replicase polyprotein 1ab
CNC(=O)c1cc(Br)cc([N+](=O)[O-])c1N[C@@H]1CCCC[C@@H]1NC(=O)c1cc(=O)[nH]c2ccc(F)cc12,7.235077015350112,58.2,1,CHEMBL5561679,Replicase polyprotein 1ab
CNC(=O)c1cc(Br)cc([N+](=O)[O-])c1N[C@@H]1CCCC[C@@H]1NC(=O)c1cc(=O)[nH]c2ccccc12,7.38933983691012,40.8,1,CHEMBL5563321,Replicase polyprotein 1ab
CNC(=O)c1cc(Br)cc([N+](=O)[O-])c1N[C@@H]1CCCC[C@@H]1NC(=O)c1cccc2ccccc12,7.142667503568732,72.0,1,CHEMBL5278228,Replicase polyprotein 1ab
CNC(=O)c1cc(Br)cc([N+](=O)[O-])c1N[C@@H]1CCCC[C@@H]1NC(=O)c1cncc2ccccc12,7.031743128760553,96.0,4,CHEMBL5404334,Replicase polyprotein 1ab
CNC(=O)c1cc(Br)cc([N+](=O)[O-])c1N[C@@H]1CCC[C@H](NC(=O)c2cncc3cccc(O)c23)C1,4.204119982655925,62500.0,1,CHEMBL5559548,Replicase polyprotein 1ab
CNC(=O)c1cc(Br)cc([N+](=O)[O-])c1N[C@H]1CCCC[C@H]1NC(=O)c1cncc2cc(O)ccc12,3.9197343726601552,120300.0,1,CHEMBL5523508,Replicase polyprotein 1ab
CNC(=O)c1cc(Br)cc([N+](=O)[O-])c1N[C@H]1CCCC[C@H]1NC(=O)c1cncc2ccccc12,4.189767482004916,64600.0,1,CHEMBL5559091,Replicase polyprotein 1ab
CNC(=O)c1cc(Br)cc([N+](=O)[O-])c1N[C@H]1CCC[C@H]1NC(=O)c1cc(=O)[nH]c2ccccc12,7.289882634888183,51.3,1,CHEMBL5565749,Replicase polyprotein 1ab
CNC(=O)c1cc(C)cc([N+](=O)[O-])c1N1CC[C@]2(CCN(C(=O)c3cncc4cc(O)ccc34)C2)C1,4.305394801066432,49500.0,1,CHEMBL5557557,Replicase polyprotein 1ab
CNC(=O)c1cc(C2CC2)cc([N+](=O)[O-])c1N[C@@H]1CCCC[C@@H]1NC(=O)c1cc(=O)[nH]c2ccccc12,7.684029654543083,20.7,1,CHEMBL5558007,Replicase polyprotein 1ab
CNC(=O)c1cc2c(N[C@@H](c3ccc4c(c3)NC(=O)CO4)C(C)C)ncnc2[nH]1,6.800145837379789,158.5,4,CHEMBL5441869,Replicase polyprotein 1ab
CNC(=O)c1cc2c(N[C@@H](c3ccc4c(c3)OCCO4)C(C)C)ncnc2[nH]1,6.3916532004151225,408.0,2,CHEMBL5441392,Replicase polyprotein 1ab
CNC(=O)c1cc2c(N[C@@H](c3ccc4c(c3)S(=O)(=O)CCC4)C(C)C)ncnc2[nH]1,7.3013777094948065,50.0,8,CHEMBL5441430,Replicase polyprotein 1ab
CNC(=O)c1cc2c(N[C@H](c3ccc4c(c3)NC(=O)CO4)C(C)C)ncnc2[nH]1,5.920339749168606,1208.5,4,CHEMBL5442161,Replicase polyprotein 1ab
CNC(=O)c1cc2c(N[C@H](c3ccc4c(c3)S(=O)(=O)CCC4)C(C)C)ncnc2[nH]1,5.747632485540101,1788.0,1,CHEMBL5441701,Replicase polyprotein 1ab
CNC(=O)c1ccc(N)cc1,7.468521082957745,34.0,1,CHEMBL165728,Replicase polyprotein 1ab
CNC(=O)c1ccc([C@@H](CC(=O)O)NC(=O)c2ncnc3[nH]ccc23)cc1,4.957845471810442,11229.5,2,CHEMBL5441502,Replicase polyprotein 1ab
CNC(=O)c1ccc([C@H]2CCCCN2Cc2cccc(C(=O)N(C)C)c2)n1C,6.161150909262744,690.0,1,CHEMBL5593969,Replicase polyprotein 1ab
CNC(=O)c1cccc(-c2cc3c(N[C@@H](c4ccc5c(c4)OCCO5)C(C)C)ncnc3[nH]2)c1,6.380906669373258,416.0,3,CHEMBL5441988,Replicase polyprotein 1ab
CNC(=O)c1cccc(-c2cc3c(N[C@@H](c4ccc5c(c4)S(=O)(=O)CCC5)C(C)C)ncnc3[nH]2)c1,5.171662399940995,6735.0,1,CHEMBL5441393,Replicase polyprotein 1ab
CNC(=O)c1cccc(-c2cc3c(N[C@H](c4ccc5c(c4)S(=O)(=O)CCC5)C(C)C)ncnc3[nH]2)c1,7.657577319177793,22.0,7,CHEMBL5441431,Replicase polyprotein 1ab
CNC(=O)c1cccc([C@@H](CC(=O)O)NC(=O)c2ncnc3[nH]ccc23)c1,4.744459033024258,18023.0,2,CHEMBL5441777,Replicase polyprotein 1ab
CNC(=O)c1cccc([N+](=O)[O-])c1N[C@@H]1CCCC[C@@H]1NC(=O)c1cc(=O)[nH]c2ccccc12,5.907630300370879,1237.0,1,CHEMBL5559439,Replicase polyprotein 1ab
CNCCCNc1ccc(C)c(C(=O)N[C@H](C)c2cccc3ccccc23)c1,5.823908740944319,1500.0,1,CHEMBL6149231,Replicase polyprotein 1ab
CNC[C@@H](Cc1ccc(Cl)cc1)N(C)C(=O)C[C@H]1CCCN1C(=O)c1cncc2ccccc12,7.102372908709558,79.0,1,CHEMBL6164725,Replicase polyprotein 1ab
CNC[C@@H](Cc1ccc(Cl)cc1)N(C)C(=O)C[C@H]1Cc2ccccc2N1C(=O)c1cncc(C)c1,7.585026652029182,26.0,1,CHEMBL6163139,Replicase polyprotein 1ab
CNC[C@@H](Cc1ccc(Cl)cc1)N(C)C(=O)C[C@H]1Cc2ccccc2N1C(=O)c1cncc2ccccc12,7.698970004336019,20.0,1,CHEMBL6148081,Replicase polyprotein 1ab
CNC[C@@H](Cc1ccc(Cl)cc1)N(C)C(=O)C[C@H]1Cc2ccccc2N1C(=O)c1cncc2cccnc12,7.795880017344075,16.0,1,CHEMBL6166637,Replicase polyprotein 1ab
CNCc1cc(-c2cc3c(N[C@@H](c4ccc5c(c4)NC(=O)CO5)C(C)C)ncnc3[nH]2)co1,6.616307027958527,250.0,2,CHEMBL5441603,Replicase polyprotein 1ab
CNCc1cc(-c2cc3c(N[C@@H](c4ccc5c(c4)OCCO5)C(C)C)ncnc3[nH]2)co1,6.484047453063148,332.0,2,CHEMBL5441573,Replicase polyprotein 1ab
CNCc1cc(-c2cc3c(N[C@@H](c4ccc5c(c4)S(=O)(=O)CCC5)C(C)C)ncnc3[nH]2)co1,7.6020599913279625,25.0,9,CHEMBL5441401,Replicase polyprotein 1ab
CNCc1cc(-c2cc3c(N[C@@H](c4ccc5c(c4)S(=O)(=O)NCC5)C(C)C)ncnc3[nH]2)co1,7.154901959985743,70.0,4,CHEMBL5441405,Replicase polyprotein 1ab
CNCc1cc(-c2cc3c(N[C@H](c4ccc5c(c4)S(=O)(=O)CCC5)C(C)C)ncnc3[nH]2)co1,5.718285029972704,1913.0,3,CHEMBL5441403,Replicase polyprotein 1ab
CNCc1cc(-c2cc3c(N[C@H](c4ccc5c(c4)S(=O)(=O)CCO5)C(C)C)ncnc3[nH]2)co1,7.2441251443275085,57.0,1,CHEMBL5441779,Replicase polyprotein 1ab
CNCc1ccc(C)c(C(=O)N[C@H](C)c2cccc3ccccc23)c1,6.318758762624412,480.0,1,CHEMBL559234,Replicase polyprotein 1ab
CNS(=O)(=O)/C=C/[C@H](CCC(N)=O)NC(=O)[C@H](CC(C)C)NC(=O)OCc1ccccc1,4.4089353929735005,39000.0,1,CHEMBL5439416,Replicase polyprotein 1ab
CNS(=O)(=O)C[C@@H](NC(=O)c1ncnc2[nH]ccc12)c1ccc(Br)cc1,4.002176919254275,99500.0,1,CHEMBL5441836,Replicase polyprotein 1ab
CNS(=O)(=O)c1c[nH]c2ncnc(N[C@@H](c3ccc4c(c3)OCCO4)C(C)C)c12,5.587713864965848,2584.0,2,CHEMBL5441801,Replicase polyprotein 1ab
CNS(=O)(=O)c1cc2c(N[C@@H](c3ccc4c(c3)S(=O)(=O)CCC4)C(C)C)ncnc2[nH]1,5.933301449577004,1166.0,1,CHEMBL5441726,Replicase polyprotein 1ab
CNc1c[nH]c2ncnc(N[C@@H](c3ccc4c(c3)OCCO4)C(C)C)c12,4.538786694538865,28921.0,1,CHEMBL5441757,Replicase polyprotein 1ab
CNc1cc(N[C@@H](c2ccc3c(c2)S(=O)(=O)CCC3)C(C)C)ncn1,5.216239304256076,6078.0,1,CHEMBL5441976,Replicase polyprotein 1ab
CNc1ccc(C(=O)Oc2cncc(Cl)c2)cc1,5.404503778174425,3940.0,1,CHEMBL466532,Replicase polyprotein 1ab
CNc1ccc([C@@H](CC(=O)O)NC(=O)c2ncnc3[nH]ccc23)cc1,4.500187219262829,31738.0,2,CHEMBL5441484,Replicase polyprotein 1ab
CNc1cccc([C@@H](CC(=O)O)NC(=O)c2ncnc3[nH]ccc23)c1,4.384471397044071,45984.5,2,CHEMBL5441842,Replicase polyprotein 1ab
CNc1nc(C(=O)N[C@@H](Cc2nn[nH]n2)c2ccc(OC)cc2)c2ccnc-2[nH]1,4.34508795933959,45179.5,2,CHEMBL5442103,Replicase polyprotein 1ab
CNc1nc(N[C@@H](c2ccc3c(c2)OCCO3)C(C)C)c2cc[nH]c2n1,4.002176919254275,99500.0,1,CHEMBL5441709,Replicase polyprotein 1ab
CNc1nccc(N[C@@H](c2ccc3c(c2)S(=O)(=O)CCC3)C(C)C)n1,4.002176919254275,99500.0,2,CHEMBL5441735,Replicase polyprotein 1ab
CNc1nccc(N[C@H](c2ccc3c(c2)S(=O)(=O)CCC3)C(C)C)n1,4.002176919254275,99500.0,1,CHEMBL5441478,Replicase polyprotein 1ab
CNc1ncnc(N[C@H](c2ccc3c(c2)S(=O)(=O)CCC3)C(C)C)c1Cl,4.002176919254275,99500.0,1,CHEMBL5441969,Replicase polyprotein 1ab
CNc1ncnc2c1ncn2[C@@H]1O[C@H](CNS(=O)(=O)c2ccc(Br)c([N+](=O)[O-])c2)[C@@H](O)[C@H]1O,5.467500413905338,3408.0,1,CHEMBL5427720,Replicase polyprotein 1ab
CNc1ncnc2c1ncn2[C@@H]1O[C@H](CNS(=O)(=O)c2ccc(C)c(Cl)c2)[C@@H](O)[C@H]1O,5.661543506395395,2180.0,1,CHEMBL5424971,Replicase polyprotein 1ab
CNc1ncnc2c1ncn2[C@@H]1O[C@H](CNS(=O)(=O)c2ccc(C)c([N+](=O)[O-])c2)[C@@H](O)[C@H]1O,5.54515513999149,2850.0,1,CHEMBL5415934,Replicase polyprotein 1ab
CNc1ncnc2c1ncn2[C@@H]1O[C@H](CNS(=O)(=O)c2ccc(OC)c(C#N)c2)[C@@H](O)[C@H]1O,6.329754146925876,468.0,1,CHEMBL5438762,Replicase polyprotein 1ab
CNc1ncnc2c1ncn2[C@@H]1O[C@H](CNS(=O)(=O)c2ccc(OC)c([N+](=O)[O-])c2)[C@@H](O)[C@H]1O,6.24184537803261,573.0,1,CHEMBL5394180,Replicase polyprotein 1ab
CO/C=C/C(=O)N(c1ccc(-c2ccccc2)cc1)C(C(=O)N[C@@H](C)c1ccccc1)c1cccnc1,4.698970004336019,20000.0,1,CHEMBL5633985,Replicase polyprotein 1ab
COC(=O)/C=C/C(=O)N(c1ccc(-c2ccccc2)cc1)C(C(=O)N[C@@H](C)c1ccccc1)c1cccnc1,5.401209493236885,3970.0,1,CHEMBL5631988,Replicase polyprotein 1ab
COC(=O)/C=C/C(=O)NNC(=O)/C=C/c1ccccc1C(=O)N[C@H](C)c1cccc2ccccc12,7.026872146400302,94.0,1,CHEMBL5197203,Replicase polyprotein 1ab
COC(=O)/C=C/C(=O)NNC(=O)CCc1ccc(NC(C)=O)cc1C(=O)N[C@H](C)c1cccc2ccccc12,6.638272163982407,230.0,2,CHEMBL5182468,Replicase polyprotein 1ab
COC(=O)/C=C/C(=O)NNC(=O)CCc1ccccc1C(=O)N[C@H](C)c1cccc(-c2cc3ccccc3o2)c1,6.6020599913279625,250.0,1,CHEMBL6172555,Replicase polyprotein 1ab
COC(=O)/C=C/C(=O)NNC(=O)CCc1ccccc1C(=O)N[C@H](C)c1cccc(-c2cn[nH]c2)c1,6.6777807052660805,210.0,1,CHEMBL6160057,Replicase polyprotein 1ab
COC(=O)/C=C/C(=O)NNC(=O)CCc1ccccc1C(=O)N[C@H](C)c1cccc(-c2cncnc2)c1,6.455931955649724,350.0,1,CHEMBL6175675,Replicase polyprotein 1ab
COC(=O)/C=C/C(=O)NNC(=O)CCc1ccccc1C(=O)N[C@H](C)c1cccc(C2=CCOCC2)c1,6.5376020021010435,290.0,1,CHEMBL6162776,Replicase polyprotein 1ab
COC(=O)/C=C/C(=O)NNC(=O)CCc1ccccc1C(=O)N[C@H](C)c1cccc2ccccc12,7.026872146400302,94.0,9,CHEMBL5204399,Replicase polyprotein 1ab
COC(=O)/C=C/C(=O)NNC(=O)CNC(=O)CNC(=O)C1CCN(C(C)c2cccc3ccccc23)CC1,6.638272163982407,230.0,1,CHEMBL6162346,Replicase polyprotein 1ab
COC(=O)/C=C/CNC(=O)CCc1ccccc1C(=O)N[C@H](C)c1cccc2ccccc12,4.581698708680254,26200.0,1,CHEMBL6163724,Replicase polyprotein 1ab
COC(=O)/C=C/CNC(=O)CNC(=O)CNC(=O)C1CCN(C(C)c2cccc3ccccc23)CC1,6.337242168318426,460.0,1,CHEMBL6120768,Replicase polyprotein 1ab
COC(=O)/C=C/[C@H](C[C@@H]1CCNC1=O)NC(=O)[C@@H]1[C@@H]2[C@H](CN1C(=O)[C@@H](NC(=O)C(F)(F)F)C(C)(C)C)C2(C)C,7.539252458155803,28.89,1,CHEMBL6102983,Replicase polyprotein 1ab
COC(=O)/C=C/[C@H](C[C@@H]1CCNC1=O)NC(=O)[C@H](CC(C)C)NC(=O)OCc1ccccc1,5.8696662315049934,1350.0,1,CHEMBL5411233,Replicase polyprotein 1ab
COC(=O)/C=C/[C@H](C[C@@H]1CCNC1=O)NC(=O)[C@H](Cc1ccccc1)NC(=O)[C@@H](NC(=O)CCC(=O)N1CCN(C(=O)C2CCN(c3cccc4c3C(=O)N(C3CCC(=O)NC3=O)C4=O)CC2)CC1)C(C)C,4.0,100000.0,1,CHEMBL5437354,Replicase polyprotein 1ab
COC(=O)/C=C/[C@H](Cc1ccccc1)NC(=O)[C@H](CC(C)C)NC(=O)/C=C/c1ccccc1,5.0,10000.0,1,CHEMBL6170875,Replicase polyprotein 1ab
COC(=O)/C=C\C(=O)NNC(=O)CCc1ccccc1C(=O)N[C@H](C)c1cccc2ccccc12,6.823908740944319,150.0,1,CHEMBL6148301,Replicase polyprotein 1ab
COC(=O)C1CCCN1C(=S)SSc1ccccc1,6.267606240177032,540.0,3,CHEMBL6145560,Replicase polyprotein 1ab
COC(=O)CCC(CC(=O)[C@H](CC(=O)OC)NC(=O)OCc1ccccc1)C(=O)NC(C(=O)NC(CC(=O)OC)C(=O)CF)C(C)C,5.166852888087215,6810.0,1,CHEMBL5402071,Replicase polyprotein 1ab
COC(=O)CCSSC(=S)N1CCC(O)CC1,4.0,100000.0,3,CHEMBL6150514,Replicase polyprotein 1ab
COC(=O)CC[C@H](NC(=O)[C@H](CC(=O)OC)NC(=O)OCc1ccccc1)C(=O)N[C@H](C(=O)N[C@@H](CC(=O)OC)C(=O)CF)C(C)C,8.0,10.0,1,CHEMBL3963349,Replicase polyprotein 1ab
COC(=O)CCc1ccccc1C(=O)N[C@H](C)c1cccc2ccccc12,4.0,100000.0,1,CHEMBL6142197,Replicase polyprotein 1ab
COC(=O)CCn1sc2ccccc2c1=O,6.6020599913279625,250.0,1,CHEMBL5532013,Replicase polyprotein 1ab
COC(=O)C[C@@H](NC(=O)c1ncnc2[nH]ccc12)c1ccc(Br)cc1,4.002176919254275,99500.0,1,CHEMBL5441659,Replicase polyprotein 1ab
COC(=O)Cc1ccc(CNc2ccc(C)c(C(=O)N[C@H](C)c3cccc4ccccc34)c2)cc1,5.536107011014093,2910.0,1,CHEMBL6163677,Replicase polyprotein 1ab
COC(=O)Cn1sc2ccccc2c1=O,5.548213564475709,2830.0,1,CHEMBL4094994,Replicase polyprotein 1ab
COC(=O)N[C@@H](CC1CC1)C(=O)N(C)[C@@H](CC(C)C)C(=O)N1C[C@]2(C[C@H]1C#N)C(=O)Nc1ccccc12,7.0,100.0,1,CHEMBL6048233,Replicase polyprotein 1ab
COC(=O)N[C@@H](Cc1ccc(F)cc1)C(=O)N(C)[C@@H](CC(C)C)C(=O)N1C[C@]2(C[C@H]1C#N)C(=O)Nc1ccccc12,7.0,100.0,1,CHEMBL5855235,Replicase polyprotein 1ab
COC(=O)N[C@@H]1C(=O)N2C[C@H]3[C@@H]([C@H]2C(=O)N[C@H](C#N)C[C@@H]2C[C@@H](CCCCC1(C)C)NC2=O)C3(C)C,8.337242168318426,4.6,1,CHEMBL6082927,Replicase polyprotein 1ab
COC(=O)N[C@@H]1C(=O)N2C[C@H]3[C@@H]([C@H]2C(=O)N[C@H](C#N)C[C@@H]2C[C@H](NC2=O)C(=O)OCC1(C)C)C3(C)C,8.065501548756432,8.6,1,CHEMBL6102114,Replicase polyprotein 1ab
COC(=O)N[C@@H]1C(=O)N2C[C@H]3[C@@H]([C@H]2C(=O)N[C@H](C#N)C[C@@H]2C[C@H](NC2=O)C(=O)OCCC1(C)C)C3(C)C,8.050609993355087,8.9,1,CHEMBL6078580,Replicase polyprotein 1ab
COC(=O)N[C@H](C(=O)N(C)[C@@H](CC(C)C)C(=O)N1C[C@]2(C[C@H]1C#N)C(=O)Nc1ccccc12)C(C)(C)C,7.0,100.0,1,CHEMBL5761696,Replicase polyprotein 1ab
COC(=O)N[C@H](C(=O)N(C)[C@@H](CC(C)C)C(=O)N1C[C@]2(C[C@H]1C#N)C(=O)Nc1ccccc12)C1CCCCC1,7.0,100.0,1,CHEMBL5875956,Replicase polyprotein 1ab
COC(=O)N[C@H](C(=O)N1CC2(CCC(F)(F)CC2)C[C@H]1C(=O)N[C@@H](CCC(C)(F)F)C(=O)C(=O)NC1CC1)C(C)(C)C,6.568636235841013,270.0,1,CHEMBL5563735,Replicase polyprotein 1ab
COC(=O)N[C@H](C(=O)N1CC2(CCCCC2)C[C@H]1C(=O)N[C@@H](CC1CC1(F)F)C(=O)C(=O)NC1CC1)C(C)(C)C,6.449771646944906,355.0,1,CHEMBL5575898,Replicase polyprotein 1ab
COC(=O)N[C@H](C(=O)N1CC2(CCCCC2)C[C@H]1C(=O)N[C@@H](CCC(C)(F)F)C(=O)C(=O)NC1CC1)C(C)(C)C,7.958607314841775,11.0,1,CHEMBL5579768,Replicase polyprotein 1ab
COC(=O)N[C@H](C(=O)N1CC2(CCCCC2)C[C@H]1C(=O)N[C@@H](CCC(C)(F)F)C(=O)C(=O)NC1CCCCC1)C(C)(C)C,7.113509274827518,77.0,1,CHEMBL5574888,Replicase polyprotein 1ab
COC(=O)N[C@H](C(=O)N1CC2(CCCCC2)C[C@H]1C(=O)N[C@@H](CCC(C)(F)F)C(=O)C(=O)NCc1ccccc1)C(C)(C)C,7.958607314841775,11.0,1,CHEMBL5571082,Replicase polyprotein 1ab
COC(=O)N[C@H](C(=O)N1CC2(CCCCC2)C[C@H]1C(=O)N[C@@H](CCC(C)(F)F)C(=O)C(=O)NCc1ccncc1)C(C)(C)C,7.522878745280337,30.0,1,CHEMBL5570065,Replicase polyprotein 1ab
COC(=O)N[C@H](C(=O)N1CC2(CCCCC2)C[C@H]1C(=O)N[C@@H](CCC(C)(F)F)C(=O)C(N)=O)C(C)(C)C,7.6020599913279625,25.0,1,CHEMBL5569553,Replicase polyprotein 1ab
COC(=O)N[C@H](C(=O)N1CC2(CCCCC2)C[C@H]1C(=O)N[C@@H](CCC(F)(F)F)C(=O)C(=O)NC1CC1)C(C)(C)C,6.4179366370882915,382.0,1,CHEMBL5575838,Replicase polyprotein 1ab
COC(=O)N[C@H](C(=O)N1CC2(CCCCC2)C[C@H]1C(=O)N[C@@H](CCC(F)F)C(=O)C(=O)NC1CC1)C(C)(C)C,6.910094888560602,123.0,1,CHEMBL5563614,Replicase polyprotein 1ab
COC(=O)N[C@H](C(=O)N1CC2(CCOCC2)C[C@H]1C(=O)N[C@@H](CCC(C)(F)F)C(=O)C(=O)NC1CC1)C(C)(C)C,6.527243550682788,297.0,1,CHEMBL5564676,Replicase polyprotein 1ab
COC(=O)N[C@H](C(=O)N1CC2(C[C@H]1C(=O)N[C@@H](CCC(C)(F)F)C(=O)C(=O)NC1CC1)CC2(F)F)C(C)(C)C,7.823908740944319,15.0,1,CHEMBL5562983,Replicase polyprotein 1ab
COC(=O)N[C@H](C(=O)N1CCC2(CC2)C[C@H]1C(=O)N[C@@H](CCC(C)(F)F)C(=O)C(=O)NC1CC1)C(C)(C)C,8.113509274827518,7.7,2,CHEMBL5401144,Replicase polyprotein 1ab
COC(=O)N[C@H](C(=O)N1CCC2(CC2)C[C@H]1C(=O)N[C@@H](CCC(C)(F)F)C(=O)C(N)=O)C(C)(C)C,8.130768280269024,7.4,1,CHEMBL5397947,Replicase polyprotein 1ab
COC(=O)N[C@H](C(=O)N1CCC2(CCCC2)CC1C(=O)N[C@@H](CCC(C)(F)F)C(=O)C(=O)NC1CC1)C(C)(C)C,8.130768280269024,7.4,1,CHEMBL5424206,Replicase polyprotein 1ab
COC(=O)N[C@H](C(=O)N1CC[C@@H](C(F)(F)F)C[C@H]1C(=O)N[C@@H](CCC(C)(F)F)C(=O)C(=O)NC1CC1)C(C)(C)C,7.795880017344075,16.0,1,CHEMBL5542356,Replicase polyprotein 1ab
COC(=O)N[C@H](C(=O)N1C[C@@H]2CCC[C@@H]2[C@H]1C(=O)N[C@@H](CCC(C)(C)F)C(=O)C(=O)NC1CC1)C(C)(C)C,7.585026652029182,26.0,1,CHEMBL5556426,Replicase polyprotein 1ab
COC(=O)N[C@H](C(=O)N1C[C@@H]2CCC[C@@H]2[C@H]1C(=O)N[C@@H](CCC(C)(F)F)C(=O)C(=O)NC1CC1)C(C)(C)C,8.0,10.0,1,CHEMBL5555374,Replicase polyprotein 1ab
COC(=O)N[C@H](C(=O)N1C[C@@H]2CCC[C@@H]2[C@H]1C(=O)N[C@@H](CC[C@@H](C)F)C(=O)C(=O)NC1CC1)C(C)(C)C,7.958607314841775,11.0,1,CHEMBL5563523,Replicase polyprotein 1ab
COC(=O)N[C@H](C(=O)N1C[C@@H]2CCC[C@@H]2[C@H]1C(=O)N[C@@H](CC[C@H](C)F)C(=O)C(=O)NC1CC1)C(C)(C)C,7.638272163982407,23.0,1,CHEMBL5570884,Replicase polyprotein 1ab
COC(=O)N[C@H](C(=O)N1C[C@H]2[C@@H]([C@H]1C(=O)N[C@@H](CCC(C)(F)F)C(=O)C(=O)NC1CC1)C21CCOCC1)C(C)(C)C,7.721246399047171,19.0,1,CHEMBL5555378,Replicase polyprotein 1ab
COC(=O)[C@@H](CCC(=O)OC(C)(C)C)NCc1ccc(-c2cccc([C@@H](C)NC(=O)c3cc(N)ccc3C)c2)s1,5.326979092871103,4710.0,1,CHEMBL6151399,Replicase polyprotein 1ab
COC(=O)[C@@H]1N2C(=O)[C@@H](NC(=O)COc3ccccc3)[C@H]2S(=O)(=O)C1(C)C,5.102372908709558,7900.0,1,CHEMBL5170364,Replicase polyprotein 1ab
COC(=O)[C@H](CC(C)C)NC(=O)[C@H](Cc1c[nH]c2ccccc12)NC(=O)CCl,4.522878745280337,30000.0,1,CHEMBL5570567,Replicase polyprotein 1ab
COC(=O)[C@H](CCC(N)=O)NC(=O)[C@H](Cc1c[nH]c2ccccc12)NC(=O)[C@H](CC(C)C)NC(=O)CCl,4.522878745280337,30000.0,1,CHEMBL5592679,Replicase polyprotein 1ab
COC(=O)[C@H](C[C@@H]1CCNC1=O)NC(=O)[C@@H]1[C@@H]2[C@H](CN1C(=O)[C@@H](NC(=O)C(F)(F)F)C(C)(C)C)C2(C)C,4.0,100000.0,1,CHEMBL5208243,Replicase polyprotein 1ab
COC(=O)[C@H](Cc1ccccc1)NC(=O)[C@H](CC(C)C)NC(=O)/C=C/c1ccccc1,5.0,10000.0,1,CHEMBL6161034,Replicase polyprotein 1ab
COC(=O)[C@H]1O[C@@H]1C(=O)NNC(=O)CCc1ccccc1C(=O)N[C@H](N)c1cc(-c2cnn(C)c2)nc2ccccc12,8.698970004336019,2.0,1,CHEMBL6167274,Replicase polyprotein 1ab
COC(=O)[C@]12CCC(C)(C)C[C@H]1[C@H]1C(=O)C=C3[C@@]4(C)C=C(C#N)C(=O)C(C)(C)[C@@H]4CC[C@@]3(C)[C@]1(C)CC2,5.235823867609669,5810.0,1,CHEMBL1762621,Replicase polyprotein 1ab
COC(=O)c1c[nH]c(-c2cc(N[C@@H](c3ccc4c(c3)OCCO4)C(C)C)ncn2)c1,4.002176919254275,99500.0,1,CHEMBL5441460,Replicase polyprotein 1ab
COC(=O)c1c[nH]c(-c2cc3c(N[C@@H](c4ccc5c(c4)OCCO5)C(C)C)ncnc3[nH]2)c1,5.485404428184251,3284.0,2,CHEMBL5442094,Replicase polyprotein 1ab
COC(=O)c1c[nH]c2ncnc(N[C@@H](c3ccc4c(c3)OCCO4)C(C)C)c12,5.482052457753684,3301.0,2,CHEMBL5441617,Replicase polyprotein 1ab
COC(=O)c1cc(-c2cc3c(N[C@@H](c4ccc5c(c4)OCCO5)C(C)C)ncnc3[nH]2)c[nH]1,5.302466693734196,4983.5,2,CHEMBL5441854,Replicase polyprotein 1ab
COC(=O)c1cc2c(N[C@@H](c3ccc4c(c3)CCN4)C(C)C)ncnc2[nH]1,4.5406979996839345,28794.0,3,CHEMBL5441787,Replicase polyprotein 1ab
COC(=O)c1cc2c(N[C@@H](c3ccc4c(c3)OCCO4)C(C)C)ncnc2[nH]1,5.230880883800279,5906.5,2,CHEMBL5441751,Replicase polyprotein 1ab
COC(=O)c1cc2c(O)cc(C(F)(F)F)cc2o1,5.366531544420414,4300.0,1,CHEMBL5285762,Replicase polyprotein 1ab
COC(=O)c1ccc(-c2cccc([C@@H](C)NC(=O)c3cc(NC4CNC4)ccc3C)c2)s1,6.0915149811213505,810.0,1,CHEMBL5173688,Replicase polyprotein 1ab
COC(=O)c1ccc(-n2sc3ccccc3c2=O)cc1,6.443697499232712,360.0,1,CHEMBL4060715,Replicase polyprotein 1ab
COC(=O)c1ccc(CNc2ccc(C)c(-c3noc(C(C)c4cccc5ccccc45)n3)c2)cc1,3.6989700043360187,200000.0,1,CHEMBL5517967,Replicase polyprotein 1ab
COC(=O)c1ccc(NC(=O)[C@H]2O[C@@H](n3cnc4c(N)ncnc43)[C@H](O)[C@@H]2O)cc1,4.6020599913279625,25000.0,1,CHEMBL6142409,Replicase polyprotein 1ab
COC(=O)c1ccc(Nc2ccc(C)c(-c3noc(C(C)c4cccc5ccccc45)n3)c2)cc1,4.149353764816934,70900.0,1,CHEMBL5558664,Replicase polyprotein 1ab
COC(=O)c1ccc(O)c(O)c1,5.424812155072339,3760.0,1,CHEMBL486027,Replicase polyprotein 1ab
COC(=O)c1ccc2c(c1)NC1=C(C(=O)CCC1)C(c1ccc(C(F)(F)F)cc1)N2C(=O)CCl,6.7447274948966935,180.0,1,CHEMBL5428967,Replicase polyprotein 1ab
COC(=O)c1coc(-c2cc3c(N[C@@H](c4ccc5c(c4)OCCO5)C(C)C)ncnc3[nH]2)c1,4.9949911793276325,10116.0,3,CHEMBL5441591,Replicase polyprotein 1ab
COC1CCC(Nc2ccc(C)c(-c3noc(C(C)c4cccc5ccccc45)n3)c2)CC1,3.9438577379409474,113800.0,1,CHEMBL5542100,Replicase polyprotein 1ab
COCCC(C=O)NC(=O)[C@H](CC(C)C)NC(=O)[C@H](Cc1ccc(F)cc1)NC(=O)OCc1ccccc1,7.50003813440381,31.62,1,CHEMBL5568244,Replicase polyprotein 1ab
COCCC1(NC(=O)c2cc3c(N[C@@H](c4ccc5c(c4)OCCO5)C(C)C)ncnc3[nH]2)CC1,5.450700683509337,3629.0,2,CHEMBL5442095,Replicase polyprotein 1ab
COCCCOc1ccnc(C[S+]([O-])c2nc3ccccc3[n-]2)c1C.[Na+],6.130768280269024,740.0,1,CHEMBL1200930,Replicase polyprotein 1ab
COCCCc1cc(Cl)cc(-c2cc(-c3c[nH]c(=O)[nH]c3=O)cn(-c3cccnc3)c2=O)c1,7.6020599913279625,25.0,1,CHEMBL5559623,Replicase polyprotein 1ab
COCCCc1cc(Cl)cc(-c2cc(-c3ccccc3C#N)cn(-c3cccnc3)c2=O)c1,6.769551078621726,170.0,1,CHEMBL5566907,Replicase polyprotein 1ab
COCCNC(=O)c1c[nH]c2ncnc(N[C@@H](c3ccc4c(c3)S(=O)(=O)CCC4)C(C)C)c12,6.486782399932061,326.0,1,CHEMBL5441810,Replicase polyprotein 1ab
COCCOc1cc(Cl)cc(-c2cc(-c3ccccc3C#N)cn(-c3cccnc3)c2=O)c1,6.327902142064283,470.0,1,CHEMBL5561950,Replicase polyprotein 1ab
COCCS(=O)(=O)c1nnc(-c2ccc(Cl)cc2)o1,6.6020599913279625,250.0,1,CHEMBL5641921,Replicase polyprotein 1ab
COCC[S+]([O-])c1nnc(-c2ccc(Cl)cc2)o1,6.3872161432802645,410.0,1,CHEMBL5641701,Replicase polyprotein 1ab
COCC[n+]1c2c(n(Cc3cnccn3)c1C)C(=O)c1ccccc1C2=O.[Br-],5.607303046740334,2470.0,1,CHEMBL2105734,Replicase polyprotein 1ab
COCCn1c(C(=O)NCC(O)c2ccccc2)nc2ccccc2c1=O,4.267606240177032,54000.0,1,CHEMBL5171142,Replicase polyprotein 1ab
COCCn1c[n+](Cc2cnccn2)c2c1C(=O)c1ccccc1C2=O.[Br-],5.607303046740334,2470.0,1,CHEMBL5583650,Replicase polyprotein 1ab
COCCn1cc(-c2cc(-c3cccs3)cc([C@@H](C)NC(=O)c3cc(OCCN(C)C)ccc3C)c2)cn1,6.958607314841775,110.0,1,CHEMBL6160512,Replicase polyprotein 1ab
COCCn1cc(-c2cc(-c3ccn(C)n3)cc([C@@H](C)NC(=O)c3cc(OCCN(C)C)ccc3C)c2)cn1,7.045757490560675,90.0,1,CHEMBL6163434,Replicase polyprotein 1ab
COCCn1cc(-c2cc(-c3cncs3)cc([C@@H](C)NC(=O)c3cc(OCCN(C)C)ccc3C)c2)cn1,6.958607314841775,110.0,1,CHEMBL6152731,Replicase polyprotein 1ab
COCCn1cc(-c2cc(-c3cnn(C(F)F)c3)cc([C@@H](C)NC(=O)c3cc(OCCN(C)C)ccc3C)c2)cn1,6.958607314841775,110.0,1,CHEMBL6152037,Replicase polyprotein 1ab
COCCn1cc(-c2cc(-c3cnn(CC(F)F)c3)cc([C@@H](C)NC(=O)c3cc(OCCN(C)C)ccc3C)c2)cn1,6.698970004336019,200.0,1,CHEMBL6152571,Replicase polyprotein 1ab
COCCn1cc(-c2cc(-c3cnn(CC(N)=O)c3)cc([C@@H](C)NC(=O)c3cc(OCCN(C)C)ccc3C)c2)cn1,7.045757490560675,90.0,1,CHEMBL6145467,Replicase polyprotein 1ab
COCCn1cc(-c2cc(-c3cnn(CCO)c3)cc([C@@H](C)NC(=O)c3cc(OCCN(C)C)ccc3C)c2)cn1,7.0,100.0,1,CHEMBL6147704,Replicase polyprotein 1ab
COCCn1cc(-c2cc(-c3cnn(CCOC)c3)cc([C@@H](C)NC(=O)c3cc(OCCN(C)C)ccc3C)c2)cn1,6.7447274948966935,180.0,1,CHEMBL6146576,Replicase polyprotein 1ab
COCCn1cc(-c2cc3c(N[C@@H](c4ccc5c(c4)OCCO5)C(C)C)ncnc3[nH]2)c(C#N)n1,6.115766789440936,772.0,2,CHEMBL5441980,Replicase polyprotein 1ab
COCCn1cc(-c2cccc([C@@H](C)NC(=O)c3cc(OCCN)ccc3C)c2)cn1,5.82102305270683,1510.0,1,CHEMBL5563616,Replicase polyprotein 1ab
COCCn1ncc(-c2cc3c(N[C@@H](c4ccc5c(c4)OCCO5)C(C)C)ncnc3[nH]2)c1C#N,6.3761287185855515,421.5,2,CHEMBL5441900,Replicase polyprotein 1ab
COCCn1sc2ccccc2c1=O,6.022276394711152,950.0,1,CHEMBL5568048,Replicase polyprotein 1ab
COC[C@@H](NC(=O)C1CCC(F)(F)CC1)C(=O)N[C@H](Cc1ccccc1)C(=O)C(=O)NCc1ccccn1,7.769551078621726,17.0,1,CHEMBL5632329,Replicase polyprotein 1ab
COC[C@@H](NC(=O)C1CCCC(F)(F)C1)C(=O)N[C@H](Cc1ccccc1)C(=O)C(=O)NCc1nccs1,4.841637507904751,14400.0,1,CHEMBL5570561,Replicase polyprotein 1ab
COC[C@@H]1C[C@@H]1CNc1ccc([C@@H](CC(=O)O)NC(=O)c2c[nH]c3ncncc23)cc1,4.002176919254275,99500.0,2,CHEMBL5441998,Replicase polyprotein 1ab
COC[C@@H]1C[C@@H]1CNc1ccc([C@@H](CC(=O)O)NC(=O)c2ncnc3[nH]ccc23)cc1,4.354484274659421,44210.5,2,CHEMBL5441825,Replicase polyprotein 1ab
COC[C@H]1C/C=C/CCNc2cncc(c2)C(=O)N2CC3(CC3)C[C@@H]2CC(=O)N[C@H](Cc2ccc(Cl)cc2)C(=O)N1,8.301029995663981,5.0,1,CHEMBL6149005,Replicase polyprotein 1ab
COC[C@H]1CCCCCNc2cncc(c2)C(=O)N2CC3(CC3)C[C@@H]2CC(=O)N[C@H](Cc2ccc(Cl)cc2)C(=O)N1,8.301029995663981,5.0,1,CHEMBL6145932,Replicase polyprotein 1ab
COCc1cc(CNc2ccc([C@@H](CC(=O)O)NC(=O)c3c[nH]c4ncncc34)cc2)on1,4.002176919254275,99500.0,2,CHEMBL5441661,Replicase polyprotein 1ab
COCc1cc(CNc2ccc([C@@H](CC(=O)O)NC(=O)c3ncnc4[nH]ccc34)cc2)on1,4.94020108293342,11509.0,2,CHEMBL5441577,Replicase polyprotein 1ab
COCc1noc(C)c1-c1cc2c(N[C@@H](c3ccc4c(c3)OCCO4)C(C)C)ncnc2[nH]1,4.002176919254275,99500.0,2,CHEMBL5441544,Replicase polyprotein 1ab
CONC(=O)c1ccc(-c2ccc(-c3noc(C(C)c4cccc5ccccc45)n3)cc2)cc1,6.045757490560675,900.0,1,CHEMBL5537045,Replicase polyprotein 1ab
CO[C@@H]1CCCN(C(=O)c2cnn3ccc(C4CCN(C(=O)c5ccccc5)CC4)cc23)C1,4.002176919254275,99500.0,1,CHEMBL5441715,Replicase polyprotein 1ab
CO[C@@H]1CCC[C@H]1NC(=O)c1cc2c(N[C@@H](c3ccc4c(c3)OCCO4)C(C)C)ncnc2[nH]1,5.934240389651045,1174.5,2,CHEMBL5441612,Replicase polyprotein 1ab
CO[C@@H]1C[C@@H](C(=O)N[C@H](C=O)C[C@@H]2CCNC2=O)N(C(=O)[C@@H](NC(=O)OC(C)(C)C)C(C)C)C1,5.3771645204784795,4196.0,1,CHEMBL5427783,Replicase polyprotein 1ab
CO[C@@H]1C[C@@H](C(=O)O)N(c2ncnc3[nH]ccc23)C1,4.002176919254275,99500.0,2,CHEMBL5442002,Replicase polyprotein 1ab
CO[C@@H]1C[C@@H]2CC(=O)N(C)[C@H](Cc3ccc(Cl)cc3Cl)C(=O)NCCCCC/C=C/c3cncc(c3)C(=O)N2C1,8.045757490560675,9.0,1,CHEMBL6146900,Replicase polyprotein 1ab
CO[C@@H]1C[C@H](O[C@H]2C[C@](C)(CO)[C@@H]3CC[C@@]4(C)[C@@H]5CC[C@@H]6[C@H](CC(=O)[C@]7(C)C8=COC(N[C@H](C)C(C)C)=N[C@]8(C)[C@@H](O)[C@@H]8O[C@@]687)[C@@]5(C)CC[C@@H]4[C@@]3(C)[C@@H]2O)O[C@H](C)[C@H]1O,7.130768280269024,74.0,1,CHEMBL6165991,Replicase polyprotein 1ab
CO[C@H]1C[C@@H](C(=O)N[C@H](C=O)C[C@@H]2CCNC2=O)N(C(=O)[C@@H](NC(=O)OC(C)(C)C)C(C)C)C1,9.619788758288394,0.24,1,CHEMBL5409350,Replicase polyprotein 1ab
CO[C@H]1C[C@@H](C(=O)O)N(c2ncnc3[nH]ccc23)C1,4.08886549880626,81523.0,2,CHEMBL5441632,Replicase polyprotein 1ab
COc1c(Cl)ccc(C(=O)Oc2cncc(Cl)c2)c1F,7.150580586203101,70.7,1,CHEMBL5597963,Replicase polyprotein 1ab
COc1c(Cl)cccc1CN(C#N)N(C)C(=O)[C@H](Cc1ccccc1)NC(=O)OCc1ccccc1,6.371611069949688,425.0,1,CHEMBL5542352,Replicase polyprotein 1ab
COc1c(Cl)ncnc1N[C@@H](c1ccc2c(c1)S(=O)(=O)CCC2)C(C)C,4.002176919254275,99500.0,1,CHEMBL5441753,Replicase polyprotein 1ab
COc1cc(/C=N/NC(=O)c2ccc(CSc3cccc4cccnc34)cc2)ccc1O,5.036684488613889,9190.0,1,CHEMBL6189094,Replicase polyprotein 1ab
COc1cc(C#N)cc2[nH]c(C(=O)N[C@@H](CC(C)C)C(=O)N3C[C@]4(C[C@H]3C#N)C(=O)Nc3ccccc34)cc12,6.259637310505756,550.0,1,CHEMBL5891015,Replicase polyprotein 1ab
COc1cc(C#N)cc2[nH]c(C(=O)N[C@@H](CC(C)C)C(=O)N3C[C@]4(C[C@H]3C=O)C(=O)Nc3ccccc34)cc12,6.259637310505756,550.0,1,CHEMBL5827866,Replicase polyprotein 1ab
COc1cc(C(=O)N[C@@H](CC2CC2)C(=O)N(C)[C@@H](CC(C)(C)C)C(=O)N2C[C@]3(C[C@H]2C#N)C(=O)Nc2ccccc23)cc2cn(C3CC3)nc12,7.0,100.0,1,CHEMBL5896478,Replicase polyprotein 1ab
COc1cc(C(=O)n2c(SC)nc3ccccc32)ccc1C,6.180229165473678,660.345,2,CHEMBL5613705,Replicase polyprotein 1ab
COc1cc(C(=S)N2CCOCC2)ccc1O,5.87942606879415,1320.0,1,CHEMBL1380480,Replicase polyprotein 1ab
COc1cc(C(NC2=NC(=O)C(CC(=O)Nc3ccc(C(=O)O)cc3)S2)c2c(O)[nH]c(=O)[nH]c2=O)ccc1O,6.708684280255182,267.5,2,CHEMBL4869416,Replicase polyprotein 1ab
COc1cc(C)c2c(=O)cc(C[C@@H](C)O)oc2c1[C@@H]1O[C@H](CO)[C@@H](O)[C@H](O)[C@H]1OC(=O)/C=C/c1ccc(O)cc1,3.9020489290058498,125300.0,1,CHEMBL5187969,Replicase polyprotein 1ab
COc1cc(C)cc2c(-c3c(O)cc(O)c4c3C[C@@H](C)N[C@@H]4C)ccc(O)c12,4.870965487803461,37205.0,2,CHEMBL487392,Replicase polyprotein 1ab
COc1cc(CN2C[C@H]3O[C@]4(C2)CN(S(=O)(=O)c2ccc(C)cc2)[C@]2(C(C)C)CC[C@H](OCCCN(C)C)[C@H]3[C@H]42)cc(OC)c1,4.0,100000.0,1,CHEMBL5268058,Replicase polyprotein 1ab
COc1cc(CNC(=O)C2CC3(C2)CN([C@H](C)c2cccc4ccccc24)C3)ccn1,5.267606240177032,5400.0,1,CHEMBL6150968,Replicase polyprotein 1ab
COc1cc(CNC(=O)C2CCN(C(C)c3c(C)sc4ccccc34)CC2)ccn1,4.008773924307505,98000.0,1,CHEMBL6152673,Replicase polyprotein 1ab
COc1cc(CNC(=O)C2CCN(C(C)c3c(OC)ccc4ccccc34)CC2)ccn1,4.008773924307505,98000.0,1,CHEMBL6150130,Replicase polyprotein 1ab
COc1cc(CNC(=O)C2CCN(C(C)c3cc(Cl)ccc3OC)CC2)ccn1,5.337242168318426,4600.0,1,CHEMBL6103451,Replicase polyprotein 1ab
COc1cc(CNC(=O)C2CCN(C(C)c3ccc(F)c4ccccc34)CC2)ccn1,5.657577319177793,2200.0,1,CHEMBL6142267,Replicase polyprotein 1ab
COc1cc(CNC(=O)C2CCN(C(C)c3ccc(OC)c4ccccc34)CC2)ccn1,6.119186407719209,760.0,1,CHEMBL6120905,Replicase polyprotein 1ab
COc1cc(CNC(=O)C2CCN(C(C)c3cccc(-c4ccccc4)c3)CC2)ccn1,4.7447274948966935,18000.0,1,CHEMBL6160754,Replicase polyprotein 1ab
COc1cc(CNC(=O)C2CCN(C(C)c3cccc4ccccc34)CC2)ccn1,6.0915149811213505,810.0,4,CHEMBL5201129,Replicase polyprotein 1ab
COc1cc(CNC(=O)C2CCN(C(C)c3csc4ccccc34)CC2)ccn1,5.346787486224656,4500.0,1,CHEMBL6152994,Replicase polyprotein 1ab
COc1cc(CNC(=O)C2CCN([C@H](C)c3cccc4ccccc34)CC2)ccn1,5.732828271596986,1850.0,3,CHEMBL3233822,Replicase polyprotein 1ab
COc1cc(CNC(=O)C2CN(C(C)c3cccc4ccccc34)C2)ccn1,4.5638373529592435,27300.0,1,CHEMBL6114928,Replicase polyprotein 1ab
COc1cc(Cl)cc(-c2cc(-c3c[nH]c(=O)[nH]c3=O)cn(-c3cccnc3)c2=O)c1,6.0,1000.0,1,CHEMBL5532001,Replicase polyprotein 1ab
COc1cc(Cl)cc2[nH]c(C(=O)N[C@@H](CC(C)(C)C)C(=O)N[C@H](C#N)C[C@@H]3CCCNC3=O)cc12,7.853871964321762,14.0,1,CHEMBL5208639,Replicase polyprotein 1ab
COc1cc(Cl)cc2[nH]c(C(=O)N[C@@H](CC(C)C)C(=O)N[C@H](C#N)C[C@@H]3CCCNC3=O)cc12,8.040958607678906,9.1,3,CHEMBL5170425,Replicase polyprotein 1ab
COc1cc(F)cc(NC(=O)c2cccc(-c3cnc4[nH]c(=O)n(C)c4c3)c2)c1,4.853871964321762,14000.0,1,CHEMBL5403341,Replicase polyprotein 1ab
COc1cc(F)ccc1-n1[se]c2ccccc2c1=O,5.7448638579163855,1799.435,2,CHEMBL5087429,Replicase polyprotein 1ab
COc1cc(F)ccc1/C=N/NC(=O)c1ccc(CSc2cccc3cccnc23)cc1,5.54515513999149,2850.0,1,CHEMBL6192988,Replicase polyprotein 1ab
COc1cc(F)ccc1C(=O)Oc1cncc(Cl)c1,6.603800652904264,249.0,1,CHEMBL5596092,Replicase polyprotein 1ab
COc1cc(NC(=O)Cn2sc3cc(F)ccc3c2=O)cc(OC)c1,6.920818753952375,120.0,1,CHEMBL5200414,Replicase polyprotein 1ab
COc1cc(Nc2ccc(C(=O)N[C@@H]3c4cccc(O)c4C[C@@H]3C(=O)O)cc2)[nH]n1,5.567351339986893,2708.0,3,CHEMBL5441886,Replicase polyprotein 1ab
COc1cc(Nc2ccc(C(=O)N[C@@H]3c4cccc(O)c4C[C@H]3C(=O)O)cc2)[nH]n1,4.002176919254275,99500.0,1,CHEMBL5442025,Replicase polyprotein 1ab
COc1cc(Nc2ccc([C@@H](CC(=O)O)NC(=O)c3ncnc4[nH]ccc34)cc2)n[nH]1,5.129833050618034,7417.5,2,CHEMBL5441800,Replicase polyprotein 1ab
COc1cc(O)c(C(=O)[C@@H]2[C@H](CC=C(C)C)C(C)=CC[C@H]2c2ccccc2)c(O)c1,6.0915149811213505,810.0,1,CHEMBL379110,Replicase polyprotein 1ab
COc1cc(O)c2c(=O)c(O)c(-c3cc(O)c(O)c(O)c3)oc2c1,6.522878745280337,300.0,2,CHEMBL5288812,Replicase polyprotein 1ab
COc1cc(O)c2c(c1)O[C@H](c1cc(O)c(O)c(O)c1)[C@@H](O)C2=O,6.585026652029182,260.0,2,CHEMBL5287202,Replicase polyprotein 1ab
COc1cc(O)ccc1CN(C)[C@@H](C)c1cccc(-c2ccc(CN3CCCC3)s2)c1,5.522878745280337,3000.0,1,CHEMBL5575204,Replicase polyprotein 1ab
COc1cc(O)ccc1CN(C)[C@H](C)c1cccc2ccccc12,6.244191989715431,570.0,2,CHEMBL5184650,Replicase polyprotein 1ab
COc1cc(OC)c(NC(=O)[C@@H]2CN(C(=O)c3cnccc3OC)CCN2c2ccc(Cl)c(Cl)c2)cc1F,6.3979400086720375,400.0,1,CHEMBL5434910,Replicase polyprotein 1ab
COc1cc(OC)cc(C(=O)Nc2nc3c(s2)Cc2cc(OC)ccc2-3)c1,5.892790030352131,1280.0,1,CHEMBL6192227,Replicase polyprotein 1ab
COc1cc([N+](=O)[O-])ccc1CN(C)[C@H](C)c1cccc2ccccc12,6.318758762624412,480.0,1,CHEMBL5568645,Replicase polyprotein 1ab
COc1cc([N+](=O)[O-])ccc1S(=O)(=O)NC[C@H]1O[C@@H](n2cnc3c(N)ncnc32)[C@H](O)[C@@H]1O,5.292429823902063,5100.0,1,CHEMBL5199148,Replicase polyprotein 1ab
COc1cc2c(cc1Cl)nc(SC(Cc1ccco1)C(=O)N1CCOC1=O)n2Cc1ccccc1,4.557520230935552,27700.0,1,CHEMBL5201497,Replicase polyprotein 1ab
COc1cc2c(cc1Cl)nc(SCC(=O)N1CCOC1=O)n2Cc1ccccc1,4.279840696594043,52500.0,1,CHEMBL5172920,Replicase polyprotein 1ab
COc1cc2nc(SC)n(C(=O)c3ccc(C)cc3)c2cc1OC,5.163745534519114,6859.155000000001,2,CHEMBL5613344,Replicase polyprotein 1ab
COc1ccc(-c2cc(=O)c3c(O)c(OC)c(O[C@@H]4O[C@H](CO[C@@H]5O[C@@H](C)[C@H](O)[C@@H](O)[C@H]5O)[C@@H](O)[C@H](O)[C@H]4O)cc3o2)cc1,4.42021640338319,38000.0,1,CHEMBL445978,Replicase polyprotein 1ab
COc1ccc(-c2ccc(/C=N/NC(N)=S)o2)cc1OC,5.235823867609669,5810.0,1,CHEMBL5193704,Replicase polyprotein 1ab
COc1ccc(-c2ccccn2)c2c1-c1c(O)ccc(C)c1C(COC(C)=O)C2,4.0,100000.0,1,CHEMBL5176202,Replicase polyprotein 1ab
COc1ccc(-c2nc(N)n(C)c2SSc2c(-c3ccc(OC)cc3)nc(N)n2C)cc1.Cl.Cl,7.522878745280337,30.0,1,CHEMBL5403045,Replicase polyprotein 1ab
COc1ccc(-c2noc(C(C)c3cccc4ccccc34)n2)cc1NCc1ccc(C(=O)O)s1,5.886056647693163,1300.0,1,CHEMBL5542926,Replicase polyprotein 1ab
COc1ccc(-c2sc3n(c(NC(C)(C)C)c4[n+]3[C@H]3CC(=O)C=C[C@H]3OC4)c2-c2ccc(OC)cc2)cc1.O=S(=O)([O-])C(F)(F)F,4.684029654543083,20700.0,1,CHEMBL5283687,Replicase polyprotein 1ab
COc1ccc(-n2[se]c3ccccc3c2=O)c(OC)c1,6.642102750998246,521.25,2,CHEMBL5206009,Replicase polyprotein 1ab
COc1ccc(-n2[se]c3ccccc3c2=O)cc1,5.903044825062503,1250.13,2,CHEMBL3913676,Replicase polyprotein 1ab
COc1ccc(/C=C(\C#N)C(=O)N(c2ccc(-c3ccccc3)cc2)[C@@H](C(=O)N[C@@H](C)c2ccccc2)c2cccnc2)cc1,6.251811972993799,560.0,2,CHEMBL5542416,Replicase polyprotein 1ab
COc1ccc(/C=C(\C#N)C(=O)N(c2ccc(-c3ccccc3)cc2)[C@H](C(=O)N[C@@H](C)c2ccccc2)c2cccnc2)cc1,4.698970004336019,20000.0,1,CHEMBL5633203,Replicase polyprotein 1ab
COc1ccc(/C=C/C(=O)N2C[C@@H](NC(=O)c3cccnc3)C[C@H]2C(=O)NO)cc1OC,8.045757490560675,9.0,1,CHEMBL472915,Replicase polyprotein 1ab
COc1ccc(/C=C/C(=O)N2C[C@@H]3CCC[C@@H]3[C@H]2C(=O)N[C@H](C=O)C[C@@H]2CCNC2=O)c(OC)c1,6.708631149548418,195.6,1,CHEMBL5281031,Replicase polyprotein 1ab
COc1ccc(/C=C/C(=O)N[C@@H](CC(C)C)C(=O)N[C@H](C=O)Cc2ccccc2)cc1,5.0,10000.0,1,CHEMBL6151975,Replicase polyprotein 1ab
COc1ccc(/C=C/C(=O)N[C@H](C(=O)N[C@@H](CC(C)C)C(=O)N[C@H](C=O)C[C@@H]2CCCNC2=O)C(C)C)cc1,6.603800652904264,249.0,1,CHEMBL5207843,Replicase polyprotein 1ab
COc1ccc(/C=N/NC(=O)c2ccc(CSc3cccc4cccnc34)cc2)c(O)c1,5.26440110030182,5440.0,1,CHEMBL6189198,Replicase polyprotein 1ab
COc1ccc(/C=N/NC(=O)c2ccc(CSc3cccc4cccnc34)cc2)cc1,6.017728766960431,960.0,1,CHEMBL6193634,Replicase polyprotein 1ab
COc1ccc(/C=N/NC(=O)c2ccc(CSc3cccc4cccnc34)cc2)cc1OC,5.303643611266668,4970.0,1,CHEMBL6189529,Replicase polyprotein 1ab
COc1ccc(C(=C[C@@H]2COC[C@H]2S(=O)(=O)c2nc(-c3ccc(Cl)cc3)cs2)c2ccc(OC)cc2)cc1,4.0,100000.0,1,CHEMBL5639423,Replicase polyprotein 1ab
COc1ccc(C(=C[C@@H]2COC[C@H]2S(=O)(=O)c2nnc(-c3ccc(Cl)cc3)[nH]2)c2ccc(OC)cc2)cc1,4.0,100000.0,1,CHEMBL5647450,Replicase polyprotein 1ab
COc1ccc(C(=C[C@@H]2COC[C@H]2S(=O)(=O)c2nnc(-c3ccc(Cl)cc3)o2)c2ccc(OC)cc2)cc1,6.008773924307505,980.0,1,CHEMBL5646514,Replicase polyprotein 1ab
COc1ccc(C(=O)N2CCC(c3ccn4ncc(C(=O)N[C@@H]5CCC[C@@H]5C(=O)O)c4c3)CC2)cc1,4.651811512136874,22403.0,2,CHEMBL5441793,Replicase polyprotein 1ab
COc1ccc(C(=O)N[C@@H](CC(C)C)C(=O)N[C@H](C=O)Cc2ccccc2)cc1,5.0,10000.0,1,CHEMBL6164908,Replicase polyprotein 1ab
COc1ccc(C(=O)N[C@H](C)c2cccc3ccccc23)cc1N,4.453457336521869,35200.0,1,CHEMBL5410076,Replicase polyprotein 1ab
COc1ccc(C(=O)Nc2ccc(C(=O)N[C@@H]3c4ccccc4C[C@@H]3C(=O)O)cc2)cc1S(=O)(=O)NCCN1CCCC1,4.002176919254275,99500.0,1,CHEMBL5441852,Replicase polyprotein 1ab
COc1ccc(C(=O)Nc2ncnc3[nH]c(C)c(C)c23)cn1,4.002176919254275,99500.0,2,CHEMBL5441827,Replicase polyprotein 1ab
COc1ccc(C(=O)Oc2cncc(Br)c2)cc1,7.016373712875465,96.3,1,CHEMBL5591027,Replicase polyprotein 1ab
COc1ccc(C(=O)Oc2cncc(Cl)c2)c(OC)c1,5.777283528852417,1670.0,1,CHEMBL5596853,Replicase polyprotein 1ab
COc1ccc(C(=O)Oc2cncc(Cl)c2)cc1,6.785156151952302,164.0,1,CHEMBL469163,Replicase polyprotein 1ab
COc1ccc(C(=O)Oc2cncc(Cl)c2)cc1Cl,6.607303046740334,247.0,1,CHEMBL5597703,Replicase polyprotein 1ab
COc1ccc(C(=O)n2c(SC)nc3ccccc32)cc1,5.521439496344351,3009.975,2,CHEMBL5612353,Replicase polyprotein 1ab
COc1ccc(C(=O)n2c(SC)nc3ccccc32)cc1OC,5.398970097364309,3990.535,2,CHEMBL5613346,Replicase polyprotein 1ab
COc1ccc(C2C3=C(CC(C)(C)CC3=O)Nc3cc([N+](=O)[O-])ccc3N2C(=O)CCl)cc1,5.3448615651886175,4520.0,1,CHEMBL5408097,Replicase polyprotein 1ab
COc1ccc(C2C3=C(CC(C)CC3=O)Nc3cc([N+](=O)[O-])ccc3N2C(=O)CCl)cc1,5.351639989019068,4450.0,1,CHEMBL5405634,Replicase polyprotein 1ab
COc1ccc(C2C3=C(CCCC3=O)Nc3cc([N+](=O)[O-])ccc3N2C(=O)CCl)cc1,5.688246138944246,2050.0,1,CHEMBL5423655,Replicase polyprotein 1ab
COc1ccc(CN(C#N)N(C)C(=O)[C@H](Cc2ccccc2)NC(=O)OCc2ccccc2)cc1,6.462180904926726,345.0,1,CHEMBL5559722,Replicase polyprotein 1ab
COc1ccc(CN(C)[C@H](C)c2cccc3ccccc23)cn1,4.931814138253839,11700.0,1,CHEMBL6134127,Replicase polyprotein 1ab
COc1ccc(CN(c2ncnc3[nH]ccc23)C(C)C)cc1OC,4.002176919254275,99500.0,1,CHEMBL5441592,Replicase polyprotein 1ab
COc1ccc(CNC(=O)C2CCN(Cc3cccc4ccccc34)CC2)cc1,3.996970529446382,100700.0,1,CHEMBL1173049,Replicase polyprotein 1ab
COc1ccc(CNC(=O)C2CCN([C@H](C)c3cccc4ccccc34)CC2)cc1,6.036212172654444,920.0,1,CHEMBL1172891,Replicase polyprotein 1ab
COc1ccc(COC(=O)/C=C/C(=O)NNC(=O)CCc2ccccc2C(=O)N[C@H](C)c2cccc3ccccc23)cc1OC,5.995678626217358,1010.0,1,CHEMBL6171967,Replicase polyprotein 1ab
COc1ccc(COC(=O)[C@@H]2N3C(=O)[C@@H](NC(=O)COc4ccccc4)[C@H]3S(=O)(=O)C2(C)C)cc1,4.507239610973162,31100.0,1,CHEMBL5172484,Replicase polyprotein 1ab
COc1ccc(C[C@@H](C=O)NC(=O)[C@H](CC(C)C)NC(=O)/C=C/c2ccccc2)cc1,5.0,10000.0,1,CHEMBL6150783,Replicase polyprotein 1ab
COc1ccc(C[C@H](NS(=O)(=O)C(F)(F)F)C(=O)N2[C@@H]3CC[C@@H](C3)[C@H]2C(=O)N[C@@H](C[C@@H]2CCNC2=O)C(=O)c2nc3ccccc3s2)cc1,5.272865576239512,5335.0,1,CHEMBL5624925,Replicase polyprotein 1ab
COc1ccc(Cl)c(C(=O)N(C)[C@@H](CC(C)C)C(=O)N2C[C@]3(CC2C#N)C(=O)Nc2ccccc23)c1,7.0,100.0,1,CHEMBL5793195,Replicase polyprotein 1ab
COc1ccc(Cl)c(C(=O)N(C)[C@@H](CC(C)C)C(=O)N2C[C@]3(C[C@H]2C#N)C(=O)Nc2ccccc23)c1,7.0,100.0,1,CHEMBL5838121,Replicase polyprotein 1ab
COc1ccc(Cl)c(CN(C)[C@H](C)c2cccc3ccccc23)c1,4.698970004336019,20000.0,1,CHEMBL6146289,Replicase polyprotein 1ab
COc1ccc(Cl)c(F)c1CN(C#N)N(C)C(=O)[C@H](Cc1ccccc1)NC(=O)OCc1ccccc1,6.406713932979542,392.0,1,CHEMBL5560262,Replicase polyprotein 1ab
COc1ccc(Cn2[se]c3ccccc3c2=O)c(OC)c1,6.214833977140659,609.77,2,CHEMBL5093994,Replicase polyprotein 1ab
COc1ccc(F)c(C(=O)Oc2cncc(Cl)c2)c1F,7.518557371497695,30.3,1,CHEMBL5596543,Replicase polyprotein 1ab
COc1ccc(F)cc1-n1[se]c2ccccc2c1=O,5.481242728391236,3301.85,2,CHEMBL5085970,Replicase polyprotein 1ab
COc1ccc(NC(=O)C(c2cccnc2)N(C(=O)c2ccco2)c2ccc(C(C)(C)C)cc2)cc1,5.125518182300533,7490.0,1,CHEMBL5171462,Replicase polyprotein 1ab
COc1ccc(NC(=O)Cn2sc3cc(F)ccc3c2=O)cc1,6.522878745280337,300.0,1,CHEMBL5177648,Replicase polyprotein 1ab
COc1ccc(NC(=O)[C@@H]2CN(C(=O)c3cccnc3)CCN2c2ccc(Cl)c(Cl)c2)cc1,6.698970004336019,200.0,1,CHEMBL5428745,Replicase polyprotein 1ab
COc1ccc(NC(=O)[C@@H]2CN(C(=O)c3cnccc3OC)CCN2c2ccc(Cl)c(Cl)c2)cc1,6.657577319177793,220.0,1,CHEMBL5437475,Replicase polyprotein 1ab
COc1ccc(NC(=O)[C@@H]2CN(C(=O)c3cnccc3OC)CCN2c2ccc(Cl)c(Cl)c2)cc1.Cl,6.721246399047171,190.0,1,CHEMBL5438208,Replicase polyprotein 1ab
COc1ccc(NC(=O)[C@H]2O[C@@H](n3cnc4c(N)ncnc43)[C@H](O)[C@@H]2O)cc1O,4.6020599913279625,25000.0,1,CHEMBL6102442,Replicase polyprotein 1ab
COc1ccc(NCC(=O)N[C@@H](Cc2ccccc2)C(=O)N(C)N(C#N)Cc2ccc(Cl)cc2)c(Cl)c1,6.171984935776023,673.0,1,CHEMBL5532218,Replicase polyprotein 1ab
COc1ccc(Nc2nc(=O)n(Cc3ccc[nH]c3=O)c(=O)n2Cc2cc(F)c(F)c(F)c2)c(OC)c1,6.0,1000.0,1,CHEMBL5567753,Replicase polyprotein 1ab
COc1ccc(Nc2nc(=O)n(Cc3ccc[nH]c3=O)c(=O)n2Cc2cc(F)c(F)c(F)c2)cc1,6.0,1000.0,1,CHEMBL5561794,Replicase polyprotein 1ab
COc1ccc(Nc2ncnc3[nH]ccc23)cc1OC,4.002176919254275,99500.0,1,CHEMBL5441704,Replicase polyprotein 1ab
COc1ccc(OC(C)C(=O)N2C[C@@H]3CCC[C@@H]3[C@H]2C(=O)N[C@H](C=O)C[C@@H]2CCNC2=O)cc1,7.1605219526258015,69.1,1,CHEMBL5274687,Replicase polyprotein 1ab
COc1ccc(OC)c(CN(C#N)N(C)C(=O)[C@H](Cc2ccccc2)NC(=O)OCc2ccccc2)c1,6.083019952679618,826.0,1,CHEMBL5542929,Replicase polyprotein 1ab
COc1ccc(OCC(=O)N2C[C@@H]3CCC[C@@H]3[C@H]2C(=O)N[C@H](C=O)C[C@@H]2CCNC2=O)cc1,7.441291429466834,36.2,1,CHEMBL5278216,Replicase polyprotein 1ab
COc1ccc(OCC(=O)N2C[C@H]3[C@@H]([C@H]2C(=O)N[C@H](C=O)C[C@@H]2CCNC2=O)C3(C)C)cc1,7.818156412055227,15.2,1,CHEMBL5290282,Replicase polyprotein 1ab
COc1ccc(OCC(=O)N2C[C@H]3[C@@H]([C@H]2C(=O)N[C@H](C=O)C[C@@H]2CCNC2=O)C3(C)C)cc1F,7.429457060118103,37.2,1,CHEMBL5286331,Replicase polyprotein 1ab
COc1ccc(OCC(=O)N2C[C@H]3[C@@H]([C@H]2C(=O)N[C@H](C=O)C[C@@H]2CCNC2=O)C3(C)C)cc1OC,7.838631997765025,14.5,1,CHEMBL5269544,Replicase polyprotein 1ab
COc1ccc(OCC(=O)N[C@@H](Cc2ccccc2)C(=O)N(C)N(C#N)Cc2ccc(Cl)cc2)cc1,5.910094888560602,1230.0,1,CHEMBL5560122,Replicase polyprotein 1ab
COc1ccc(OCC(=O)N[C@@H]2C(=O)N3[C@@H](C(=O)OCc4ccccc4)C(C)(C)S(=O)(=O)[C@H]23)cc1,5.552841968657781,2800.0,1,CHEMBL5188357,Replicase polyprotein 1ab
COc1ccc(S(=O)(=O)N(C)C[C@H]2O[C@@H](n3cc(C#Cc4ccccc4)c4c(N)ncnc43)[C@H](O)[C@@H]2O)cc1C#N,8.920818753952375,1.2,1,CHEMBL5401656,Replicase polyprotein 1ab
COc1ccc(S(=O)(=O)N(C)C[C@H]2O[C@@H](n3cc(C#Cc4ccccc4)c4c(N)ncnc43)[C@H](O)[C@@H]2O)cc1[N+](=O)[O-],8.55284196865778,2.8,1,CHEMBL5393994,Replicase polyprotein 1ab
COc1ccc(S(=O)(=O)N(C)C[C@H]2O[C@@H](n3cc(C#Cc4cnc5ccccc5c4)c4c(N)ncnc43)[C@H](O)[C@@H]2O)cc1C#N,7.721246399047171,19.0,3,CHEMBL5396377,Replicase polyprotein 1ab
COc1ccc(S(=O)(=O)N(C)C[C@H]2O[C@@H](n3cc(C#Cc4cnc5ccccc5c4)c4c(N)ncnc43)[C@H](O)[C@@H]2O)cc1[N+](=O)[O-],8.886056647693163,1.3,1,CHEMBL5413359,Replicase polyprotein 1ab
COc1ccc(S(=O)(=O)N(CCCCNc2cccc3ccccc23)C[C@H]2O[C@@H](n3cnc4c(N)ncnc43)[C@H](O)[C@@H]2O)cc1[N+](=O)[O-],7.522878745280337,30.0,1,CHEMBL5177302,Replicase polyprotein 1ab
COc1ccc(S(=O)(=O)N(CCCCOC(C)=O)C[C@H]2O[C@@H](n3cnc4c(N)ncnc43)[C@H](O)[C@@H]2O)cc1[N+](=O)[O-],7.096910013008056,80.0,1,CHEMBL5185197,Replicase polyprotein 1ab
COc1ccc(S(=O)(=O)NCCSC[C@H]2O[C@@H](n3cnc4c(N)ncnc43)[C@H](O)[C@@H]2O)c([N+](=O)[O-])c1,6.045757490560675,900.0,2,CHEMBL5421616,Replicase polyprotein 1ab
COc1ccc(S(=O)(=O)NC[C@H]2O[C@@H](n3cnc4c(N)ncnc43)[C@H](O)[C@@H]2O)c([N+](=O)[O-])c1,5.853871964321762,1400.0,1,CHEMBL5178940,Replicase polyprotein 1ab
COc1ccc(S(=O)(=O)NC[C@H]2O[C@@H](n3cnc4c(N)ncnc43)[C@H](O)[C@@H]2O)cc1C#N,6.289036881004725,514.0,1,CHEMBL5187401,Replicase polyprotein 1ab
COc1ccc(S(=O)(=O)NC[C@H]2O[C@@H](n3cnc4c(N)ncnc43)[C@H](O)[C@@H]2O)cc1[N+](=O)[O-],6.835647144215563,146.0,1,CHEMBL5174397,Replicase polyprotein 1ab
COc1ccc(S(=O)(=O)Nc2cnc3[nH]ccc3c2)cc1C(N)=O,4.002176919254275,99500.0,1,CHEMBL5441694,Replicase polyprotein 1ab
COc1ccc(SSC(=S)N2CCC(O)CC2)cc1,6.638272163982407,230.0,3,CHEMBL6143713,Replicase polyprotein 1ab
COc1ccc([C@@H](C)NC(=O)c2cc(N)ccc2C)c2ccccc12,4.0,100000.0,1,CHEMBL5436385,Replicase polyprotein 1ab
COc1ccc([C@@H](CC(=O)O)NC(=O)c2c[nH]c3c(NC(=O)NC4CC4)cccc23)cc1,4.002176919254275,99500.0,1,CHEMBL5442112,Replicase polyprotein 1ab
COc1ccc([C@@H](CC(=O)O)NC(=O)c2cc3cccc(NC(=O)NC4CC4)c3[nH]2)cc1,4.002176919254275,99500.0,1,CHEMBL5441927,Replicase polyprotein 1ab
COc1ccc([C@@H](CC(=O)O)NC(=O)c2ccc(NC(=O)NC3CC3)cc2)cc1,4.331533045102837,47633.5,2,CHEMBL5442053,Replicase polyprotein 1ab
COc1ccc([C@@H](CC(=O)O)NC(=O)c2ncnc3[nH]ccc23)cc1,5.673254620434678,2122.0,3,CHEMBL5441925,Replicase polyprotein 1ab
COc1ccc([C@@H](Cc2nn[nH]n2)NC(=O)c2nc(C)nc3[nH]ccc23)cc1,5.758205353139728,1747.5,2,CHEMBL5441767,Replicase polyprotein 1ab
COc1ccc([C@@H](Cc2nn[nH]n2)NC(=O)c2nc(OC)nc3[nH]ccc23)cc1,5.322752451736219,4760.5,2,CHEMBL5441803,Replicase polyprotein 1ab
COc1ccc([C@@H](Cc2nnn[nH]2)NC(=O)c2ncnc3[nH]ccc23)cc1,5.5934324712551735,4460.0,4,CHEMBL5441409,Replicase polyprotein 1ab
COc1ccc([C@@H](NC(=O)c2[nH]cnc3nccc2-3)C(C)c2nnn[nH]2)cc1,5.680062505455359,3763.5,4,CHEMBL5441923,Replicase polyprotein 1ab
COc1ccc([C@@H](NC(=O)c2ncnc3[nH]ccc23)C(C)(C)C#N)cc1,4.002176919254275,99500.0,1,CHEMBL5441872,Replicase polyprotein 1ab
COc1ccc([C@@H](NC(=O)c2ncnc3[nH]ccc23)C(C)(C)c2nnn[nH]2)cc1,5.590298550729372,2799.0,2,CHEMBL5441985,Replicase polyprotein 1ab
COc1ccc([C@@H](Nc2ncnc3[nH]ccc23)C(C)C)cc1,5.141255220400901,7282.5,2,CHEMBL5441914,Replicase polyprotein 1ab
COc1ccc([C@@H](Nc2ncnc3[nH]ccc23)C(C)C)cc1OC,4.002176919254275,99500.0,2,CHEMBL5441744,Replicase polyprotein 1ab
COc1ccc([C@@H]2CCN(c3ncnc4[nH]ccc34)C2)cc1,4.002176919254275,99500.0,1,CHEMBL5441497,Replicase polyprotein 1ab
COc1ccc([C@@H]2CN(C(=O)c3ncnc4[nH]ccc34)C[C@H]2C(=O)O)cc1,4.002176919254275,99500.0,1,CHEMBL5441686,Replicase polyprotein 1ab
COc1ccc([C@@H]2C[C@H]2COC(=O)N[C@@H](CC(C)C)C(=O)N[C@@H](C[C@H]2CCNC2=O)[C@@H](O)S(=O)(=O)[O-])cc1.[Na+],6.769551078621726,170.0,1,CHEMBL6149710,Replicase polyprotein 1ab
COc1ccc([C@@](C)(CC(=O)O)NC(=O)c2ncnc3[nH]ccc23)cc1,4.727362522394078,18743.0,2,CHEMBL5441951,Replicase polyprotein 1ab
COc1ccc([C@H](CC(=O)O)NC(=O)c2ccc(NC(=O)NC3CC3)cc2)cc1,4.291018533503346,51166.0,3,CHEMBL5442126,Replicase polyprotein 1ab
COc1ccc([C@H](CC(=O)O)NC(=O)c2ncnc3[nH]ccc23)cc1,5.84103473961659,1442.0,1,CHEMBL5442117,Replicase polyprotein 1ab
COc1ccc([C@H](Cc2nnn[nH]2)NC(=O)c2ncnc3[nH]ccc23)cc1,5.826813731587726,1490.0,5,CHEMBL5441398,Replicase polyprotein 1ab
COc1ccc2[nH]c(=O)cc(C(=O)N[C@H]3CCCC[C@H]3Nc3c(C(=O)N4CCN(C)CC4)cc(Br)cc3[N+](=O)[O-])c2c1,7.7447274948966935,18.0,1,CHEMBL5565690,Replicase polyprotein 1ab
COc1ccc2[nH]c(=O)cc(C(=O)N[C@H]3CCCC[C@H]3Nc3c(C(=O)N4CCOCC4)cc(Br)cc3[N+](=O)[O-])c2c1,7.534617148551582,29.2,1,CHEMBL5556847,Replicase polyprotein 1ab
COc1ccc2[nH]c(=O)cc(C(=O)N[C@H]3CCCC[C@H]3Nc3c(C(=O)N4CCOCC4)cc(C4CC4)cc3[N+](=O)[O-])c2c1,7.97469413473523,10.6,1,CHEMBL5561307,Replicase polyprotein 1ab
COc1ccc2[nH]c(=O)cc(C(=O)N[C@H]3CCC[C@H]3Nc3c(C(=O)N4CCN(C)CC4)cc(C4CC4)cc3[N+](=O)[O-])c2c1,7.619788758288394,24.0,1,CHEMBL5559946,Replicase polyprotein 1ab
COc1ccc2[nH]c(=O)cc(C(=O)N[C@H]3CCC[C@H]3Nc3c(C(=O)N4CCOCC4)cc(C4CC4)cc3[N+](=O)[O-])c2c1,7.692503962086787,20.3,1,CHEMBL5561234,Replicase polyprotein 1ab
COc1ccc2[nH]c([S+]([O-])Cc3ncc(C)c(OC)c3C)nc2n1,6.013228265733755,970.0,1,CHEMBL1475252,Replicase polyprotein 1ab
COc1ccc2[se]n(-c3ccccc3)c(=O)c2c1,5.2014101536013815,6290.08,2,CHEMBL5542162,Replicase polyprotein 1ab
COc1ccc2c(=O)n(CC(=O)Nc3ccccc3)sc2c1,6.542723813938674,286.6,1,CHEMBL5188666,Replicase polyprotein 1ab
COc1ccc2c(NC(=O)c3ccc(NC(=O)NC4CC4)cc3)c(C(=O)O)sc2c1,4.002176919254275,99500.0,1,CHEMBL5441636,Replicase polyprotein 1ab
COc1ccc2c(O[C@@H]3C[C@H]4C(=O)N[C@]5(C(=O)NS(=O)(=O)C6CC6)C[C@H]5/C=C\CCCCN(C)C(=O)[C@@H]4C3)cc(-c3nc(C(C)C)cs3)nc2c1C,5.259637310505756,5500.0,4,CHEMBL501849,Replicase polyprotein 1ab
COc1ccc2c(O[C@@H]3C[C@H]4C(=O)N[C@]5(P(=O)(O)Cc6ccccc6)C[C@H]5CCCCCCC[C@H](NC(=O)OC5CCCC5)C(=O)N4C3)cc(-c3csc(NC(C)C)n3)nc2c1,8.221848749616356,6.0,1,CHEMBL1779118,Replicase polyprotein 1ab
COc1ccc2c(c1)/C(=C1\C(=O)Nc3ccccc31)C(=O)N2CCCCCCCC(=O)O,5.79317412396815,1610.0,1,CHEMBL5565973,Replicase polyprotein 1ab
COc1ccc2c(c1)CCN(c1ncnc3[nH]ccc13)[C@H]2C(C)C,4.88406359868978,13104.5,2,CHEMBL5441967,Replicase polyprotein 1ab
COc1ccc2c(c1)N(C(=O)CSC#N)c1ccccc1S2,5.537751784645002,2899.0,1,CHEMBL5405232,Replicase polyprotein 1ab
COc1ccc2c(c1)cc(C(=O)NCCCNC(=O)n1cc(F)c(=O)[nH]c1=O)n2CC(C)C,5.853871964321762,1400.0,1,CHEMBL5632123,Replicase polyprotein 1ab
COc1ccc2cc(C(C)c3nc(-c4ccc(C)c(NCc5ccc(C(=O)O)s5)c4)no3)ccc2c1,5.229147988357856,5900.0,1,CHEMBL5554984,Replicase polyprotein 1ab
COc1ccc2cc([C@@H](C)C(=O)Oc3cncc(Cl)c3)ccc2c1,6.795880017344075,160.0,1,CHEMBL5270421,Replicase polyprotein 1ab
COc1ccc2cc([C@@H](C)c3nc(-c4ccc(C)c(NCc5ccc(C(=O)O)s5)c4)no3)ccc2c1,4.978810700930062,10500.0,1,CHEMBL5532406,Replicase polyprotein 1ab
COc1ccc2cc([C@H](C)C(=O)O)ccc2c1,5.462180904926726,3450.0,1,CHEMBL154,Replicase polyprotein 1ab
COc1ccc2cc([C@H](C)C(=O)Sc3ncccn3)ccc2c1,6.258848401148215,551.0,1,CHEMBL5178465,Replicase polyprotein 1ab
COc1ccc2cc([C@H](C)c3nc(-c4ccc(C)c(NCc5ccc(C(=O)O)s5)c4)no3)ccc2c1,5.236572006437063,5800.0,1,CHEMBL5532114,Replicase polyprotein 1ab
COc1ccc2cc1Oc1ccc(cc1)C[C@H]1c3c(cc4c(c3Oc3cc5c(cc3OC)CCN(C)[C@@H]5C2)OCO4)CCN1C,7.0,100.0,1,CHEMBL449782,Replicase polyprotein 1ab
COc1ccc2nc(SC(Cc3ccco3)C(=O)N3CCOC3=O)n(Cc3ccccc3)c2c1,4.268411234813262,53900.0,1,CHEMBL5196969,Replicase polyprotein 1ab
COc1ccc2nc3c4c(c2c1)CC[C@]1(C[C@H]2C(=O)N[C@]5(C(=O)NS(=O)(=O)C6(C)CC6)C[C@H]5/C=C/CCCCC[C@H](NC(=O)O[C@@H]5CCC[C@H]5CCCCC3)C(=O)N2C1)O4,11.0,0.01,1,CHEMBL5575722,Replicase polyprotein 1ab
COc1ccc2nccc(C(=O)NCC(=O)N3CC(F)(F)C[C@H]3C#N)c2c1,8.045757490560675,9.0,1,CHEMBL3233843,Replicase polyprotein 1ab
COc1ccc2sn(CC(=O)Nc3ccccc3)c(=O)c2c1,6.815024809301739,153.1,1,CHEMBL5186395,Replicase polyprotein 1ab
COc1cccc(-c2noc(CNC(=O)C3C(C)=C3c3ccccc3)n2)c1,4.405386490839902,39320.0,1,CHEMBL5272656,Replicase polyprotein 1ab
COc1cccc(-n2[se]c3ccccc3c2=O)c1,5.38933983691012,4080.0,1,CHEMBL5074774,Replicase polyprotein 1ab
COc1cccc(C(=O)CCN[C@@H](C)[C@H](O)c2ccccc2)c1.Cl,5.628932137728264,2350.0,1,CHEMBL2354521,Replicase polyprotein 1ab
COc1cccc(C(=O)Oc2cncc(Br)c2)c1,7.701146923590294,19.9,1,CHEMBL5596651,Replicase polyprotein 1ab
COc1cccc(C(=O)Oc2cncc(Br)c2)c1OC,7.106793246940152,78.2,1,CHEMBL5596420,Replicase polyprotein 1ab
COc1cccc(C(=O)Oc2cncc(Cl)c2)c1,8.289882634888183,5.13,1,CHEMBL222735,Replicase polyprotein 1ab
COc1cccc(C(=O)Oc2cncc(Cl)c2)c1OC,7.073143291050307,84.5,1,CHEMBL5597314,Replicase polyprotein 1ab
COc1cccc(CN(C#N)N(C)C(=O)[C@H](Cc2ccccc2)NC(=O)OCc2ccccc2)c1F,6.928117992693875,118.0,1,CHEMBL5562021,Replicase polyprotein 1ab
COc1cccc(CSC[C@@H](NC(=O)c2ncnc3[nH]ccc23)C(=O)O)c1,4.002176919254275,99500.0,2,CHEMBL5441523,Replicase polyprotein 1ab
COc1cccc(Cn2[se]c3ccccc3c2=O)c1,6.440093374963888,363.0,1,CHEMBL5280925,Replicase polyprotein 1ab
COc1cccc(NC(=O)Cn2sc3cc(F)ccc3c2=O)c1,6.823908740944319,150.0,1,CHEMBL5201817,Replicase polyprotein 1ab
COc1cccc(OCC(=O)N[C@@H](Cc2ccccc2)C(=O)N(C)N(C#N)Cc2ccc(Cl)cc2)c1,5.910094888560602,1230.0,1,CHEMBL5532127,Replicase polyprotein 1ab
COc1cccc([C@@H](CC(=O)O)NC(=O)c2ncnc3[nH]ccc23)c1,4.725489609664903,19009.5,2,CHEMBL5441578,Replicase polyprotein 1ab
COc1cccc([C@@H](Nc2ncnc3[nH]ccc23)C(C)C)c1,4.494305323160288,32820.0,2,CHEMBL5442060,Replicase polyprotein 1ab
COc1cccc2[nH]c(C(=O)N(C)[C@@H](CC(C)(C)C)C(=O)N3C[C@]4(CC3C#N)C(=O)Nc3ccccc34)cc12,7.0,100.0,1,CHEMBL5973198,Replicase polyprotein 1ab
COc1cccc2[nH]c(C(=O)N(C)[C@@H](CC(C)(C)C)C(=O)N3C[C@]4(C[C@H]3C#N)C(=O)Nc3ccccc34)cc12,7.0,100.0,1,CHEMBL6027752,Replicase polyprotein 1ab
COc1cccc2[nH]c(C(=O)N(C)[C@@H](CC(C)(C)F)C(=O)N3C[C@]4(C[C@H]3C#N)C(=O)Nc3ccccc34)cc12,6.259637310505756,550.0,1,CHEMBL5958100,Replicase polyprotein 1ab
COc1cccc2[nH]c(C(=O)N(C)[C@@H](CC(C)C)C(=O)N3C[C@]4(CC3C(=O)C(=O)NC3CCCCC3)C(=O)Nc3ccccc34)cc12,6.0,1000.0,1,CHEMBL5861364,Replicase polyprotein 1ab
COc1cccc2[nH]c(C(=O)N(C)[C@@H](CC(C)C)C(=O)N3C[C@]4(CC3C(=O)NS(=O)(=O)C3CC3)C(=O)Nc3ccccc34)cc12,6.0,1000.0,1,CHEMBL5867059,Replicase polyprotein 1ab
COc1cccc2[nH]c(C(=O)N(C)[C@@H](CC(C)C)C(=O)N3C[C@]4(CC3C(=O)O)C(=O)Nc3ccccc34)cc12,6.259637310505756,550.0,1,CHEMBL5774755,Replicase polyprotein 1ab
COc1cccc2[nH]c(C(=O)N(C)[C@@H](CC(C)C)C(=O)N3C[C@]4(CC3C=O)C(=O)N(C)c3ccccc34)cc12,7.0,100.0,1,CHEMBL6065869,Replicase polyprotein 1ab
COc1cccc2[nH]c(C(=O)N(C)[C@@H](CC(C)C)C(=O)N3C[C@]4(C[C@H]3C#N)C(=O)N(C)c3ccccc34)cc12,7.0,100.0,1,CHEMBL6055211,Replicase polyprotein 1ab
COc1cccc2[nH]c(C(=O)N(C)[C@@H](CC(C)C)C(=O)N3C[C@]4(C[C@H]3C#N)C(=O)Nc3ccccc34)cc12,7.0,100.0,1,CHEMBL5883289,Replicase polyprotein 1ab
COc1cccc2[nH]c(C(=O)N(C)[C@@H](CC(C)C)C(=O)N3C[C@]4(C[C@H]3C(=O)C(=O)NC3CCCCC3)C(=O)Nc3ccccc34)cc12,6.0,1000.0,1,CHEMBL5755993,Replicase polyprotein 1ab
COc1cccc2[nH]c(C(=O)N(C)[C@@H](CC3CC3)C(=O)N3C[C@]4(CC3C#N)C(=O)Nc3ccccc34)cc12,7.0,100.0,1,CHEMBL5830792,Replicase polyprotein 1ab
COc1cccc2[nH]c(C(=O)N(C)[C@@H](CC3CC3)C(=O)N3C[C@]4(C[C@H]3C#N)C(=O)Nc3ccccc34)cc12,7.0,100.0,1,CHEMBL5858937,Replicase polyprotein 1ab
COc1cccc2[nH]c(C(=O)N(C)[C@@H](CC3CCC3)C(=O)N3C[C@]4(CC3C#N)C(=O)Nc3ccccc34)cc12,7.0,100.0,1,CHEMBL6039914,Replicase polyprotein 1ab
COc1cccc2[nH]c(C(=O)N(C)[C@@H](CC3CCC3)C(=O)N3C[C@]4(C[C@H]3C#N)C(=O)Nc3ccccc34)cc12,7.0,100.0,1,CHEMBL5851548,Replicase polyprotein 1ab
COc1cccc2[nH]c(C(=O)N(C)[C@@H](CC3CCCC3)C(=O)N3C[C@]4(CC3C#N)C(=O)Nc3ccccc34)cc12,7.0,100.0,1,CHEMBL5886140,Replicase polyprotein 1ab
COc1cccc2[nH]c(C(=O)N(C)[C@@H](CC3CCCC3)C(=O)N3C[C@]4(C[C@H]3C#N)C(=O)Nc3ccccc34)cc12,7.0,100.0,1,CHEMBL5972573,Replicase polyprotein 1ab
COc1cccc2[nH]c(C(=O)N(C)[C@@H](CC3CCCCC3)C(=O)N3C[C@]4(CC3C#N)C(=O)Nc3ccccc34)cc12,7.0,100.0,1,CHEMBL5901846,Replicase polyprotein 1ab
COc1cccc2[nH]c(C(=O)N(C)[C@@H](CC3CCCCC3)C(=O)N3C[C@]4(C[C@H]3C#N)C(=O)Nc3ccccc34)cc12,7.0,100.0,1,CHEMBL5923080,Replicase polyprotein 1ab
COc1cccc2[nH]c(C(=O)N(C)[C@@H](CCC(C)C)C(=O)N3C[C@]4(CC3C#N)C(=O)Nc3ccccc34)cc12,7.0,100.0,1,CHEMBL5795937,Replicase polyprotein 1ab
COc1cccc2[nH]c(C(=O)N(C)[C@@H](CCC(C)C)C(=O)N3C[C@]4(C[C@H]3C#N)C(=O)Nc3ccccc34)cc12,7.0,100.0,1,CHEMBL6048782,Replicase polyprotein 1ab
COc1cccc2[nH]c(C(=O)N3CC4(CCCC4)CC3C(=O)N[C@H](C#N)C[C@@H]3CCCNC3=O)cc12,5.221848749616356,6000.0,1,CHEMBL5398479,Replicase polyprotein 1ab
COc1cccc2[nH]c(C(=O)N3CC4(CCCC4)CC3C(=O)N[C@H](C=O)C[C@@H]3CCNC3=O)cc12,5.823908740944319,1500.0,1,CHEMBL5399253,Replicase polyprotein 1ab
COc1cccc2[nH]c(C(=O)N3C[C@@H]4CCC[C@@H]4[C@H]3C(=O)N[C@@H](C[C@@H]3CCNC3=O)C(=O)C(=O)NC3CCCCC3)cc12,7.0,100.0,2,CHEMBL5175257,Replicase polyprotein 1ab
COc1cccc2[nH]c(C(=O)N3C[C@@H]4CCC[C@@H]4[C@H]3C(=O)N[C@@H](C[C@@H]3CCNC3=O)C(=O)CCl)cc12,6.629818655252878,325.0,2,CHEMBL5171211,Replicase polyprotein 1ab
COc1cccc2[nH]c(C(=O)N3C[C@@H]4CCC[C@@H]4[C@H]3C(=O)N[C@@H](C[C@@H]3CCNC3=O)C(=O)CO)cc12,6.629818655252878,325.0,2,CHEMBL5184551,Replicase polyprotein 1ab
COc1cccc2[nH]c(C(=O)N3C[C@@H]4CCC[C@@H]4[C@H]3C(=O)N[C@@H](C[C@@H]3CCNC3=O)C(=O)COC(=O)c3c(Cl)cccc3Cl)cc12,7.0,100.0,2,CHEMBL5181744,Replicase polyprotein 1ab
COc1cccc2[nH]c(C(=O)N3C[C@@H]4CCC[C@@H]4[C@H]3C(=O)N[C@H](C#N)C[C@@H]3CCCNC3=O)cc12,7.0,100.0,1,CHEMBL5860499,Replicase polyprotein 1ab
COc1cccc2[nH]c(C(=O)N3C[C@@H]4CCC[C@@H]4[C@H]3C(=O)N[C@H](C#N)C[C@@H]3CCNC3=O)cc12,6.629818655252878,325.0,2,CHEMBL5184431,Replicase polyprotein 1ab
COc1cccc2[nH]c(C(=O)N3C[C@@H]4CCC[C@@H]4[C@H]3C(=O)N[C@H](C=O)C[C@@H]3CCNC3=O)cc12,7.0,100.0,2,CHEMBL5178854,Replicase polyprotein 1ab
COc1cccc2[nH]c(C(=O)N3C[C@H]4[C@@H]([C@H]3C(=O)N[C@@H](C[C@@H]3CCNC3=O)C(=O)c3nc5ccccc5s3)C4(C)C)cc12,6.291579099865287,511.0,1,CHEMBL5400081,Replicase polyprotein 1ab
COc1cccc2[nH]c(C(=O)N3C[C@H]4[C@@H]([C@H]3C(=O)N[C@H](C=O)C[C@@H]3CCNC3=O)C4(C)C)cc12,7.568636235841013,27.0,1,CHEMBL5573701,Replicase polyprotein 1ab
COc1cccc2[nH]c(C(=O)N[C@@H](CC(C)(C)C)C(=O)N3C[C@]4(C[C@H]3C#N)C(=O)Nc3ccccc34)cc12,7.0,100.0,1,CHEMBL5743715,Replicase polyprotein 1ab
COc1cccc2[nH]c(C(=O)N[C@@H](CC(C)(C)C)C(=O)N[C@@H](C[C@@H]3CCNC3=O)C(=O)c3nc4ccccc4s3)cc12,7.4089353929735005,39.0,1,CHEMBL6174060,Replicase polyprotein 1ab
COc1cccc2[nH]c(C(=O)N[C@@H](CC(C)(C)C)C(=O)N[C@H](C=O)C[C@@H]3CCNC3=O)cc12,7.130768280269024,74.0,1,CHEMBL5431050,Replicase polyprotein 1ab
COc1cccc2[nH]c(C(=O)N[C@@H](CC(C)C)C(=O)N3C[C@]4(CC3C(=O)C(=O)NC3CC3)C(=O)Nc3ccccc34)cc12,6.259637310505756,550.0,1,CHEMBL6045869,Replicase polyprotein 1ab
COc1cccc2[nH]c(C(=O)N[C@@H](CC(C)C)C(=O)N3C[C@]4(CC3C(=O)C(=O)NC3CCCCC3)C(=O)Nc3ccccc34)cc12,7.0,100.0,1,CHEMBL5755966,Replicase polyprotein 1ab
COc1cccc2[nH]c(C(=O)N[C@@H](CC(C)C)C(=O)N3C[C@]4(CC3C(=O)C(=O)NCc3ccccc3)C(=O)Nc3ccccc34)cc12,7.0,100.0,1,CHEMBL5938670,Replicase polyprotein 1ab
COc1cccc2[nH]c(C(=O)N[C@@H](CC(C)C)C(=O)N3C[C@]4(C[C@H]3C#N)C(=O)N(C)c3ccccc34)cc12,6.259637310505756,550.0,1,CHEMBL5817356,Replicase polyprotein 1ab
COc1cccc2[nH]c(C(=O)N[C@@H](CC(C)C)C(=O)N3C[C@]4(C[C@H]3C#N)C(=O)Nc3ccccc34)cc12,7.0,100.0,2,CHEMBL5867740,Replicase polyprotein 1ab
COc1cccc2[nH]c(C(=O)N[C@@H](CC(C)C)C(=O)N3C[C@]4(C[C@H]3C(=O)C(=O)NC3CC3)C(=O)Nc3ccccc34)cc12,6.259637310505756,550.0,1,CHEMBL5739828,Replicase polyprotein 1ab
COc1cccc2[nH]c(C(=O)N[C@@H](CC(C)C)C(=O)N3C[C@]4(C[C@H]3C(=O)C(=O)NC3CCCCC3)C(=O)Nc3ccccc34)cc12,7.0,100.0,1,CHEMBL5963603,Replicase polyprotein 1ab
COc1cccc2[nH]c(C(=O)N[C@@H](CC(C)C)C(=O)N3C[C@]4(C[C@H]3C(=O)C(=O)NCc3ccccc3)C(=O)Nc3ccccc34)cc12,7.0,100.0,1,CHEMBL5986691,Replicase polyprotein 1ab
COc1cccc2[nH]c(C(=O)N[C@@H](CC(C)C)C(=O)N3C[C@]4(C[C@H]3C(=O)NS(=O)(=O)C3CC3)C(=O)Nc3ccccc34)cc12,6.0,1000.0,1,CHEMBL5962850,Replicase polyprotein 1ab
COc1cccc2[nH]c(C(=O)N[C@@H](CC(C)C)C(=O)N3C[C@]4(C[C@H]3C(=O)O)C(=O)Nc3ccccc34)cc12,6.259637310505756,550.0,1,CHEMBL6058638,Replicase polyprotein 1ab
COc1cccc2[nH]c(C(=O)N[C@@H](CC(C)C)C(=O)N3C[C@]4(C[C@H]3C(O)S(=O)(=O)[O-])C(=O)Nc3ccccc34)cc12.[Na+],7.0,100.0,1,CHEMBL5919995,Replicase polyprotein 1ab
COc1cccc2[nH]c(C(=O)N[C@@H](CC(C)C)C(=O)N3C[C@]4(C[C@H]3C=O)C(=O)N(C)c3ccccc34)cc12,7.0,100.0,1,CHEMBL6008705,Replicase polyprotein 1ab
COc1cccc2[nH]c(C(=O)N[C@@H](CC(C)C)C(=O)N3C[C@]4(C[C@H]3C=O)C(=O)Nc3ccccc34)cc12,7.0,100.0,2,CHEMBL5815019,Replicase polyprotein 1ab
COc1cccc2[nH]c(C(=O)N[C@@H](CC(C)C)C(=O)NN(C[C@@H]3CCNC3=O)C(=O)[C@H](F)Cl)cc12,8.022276394711152,9.5,1,CHEMBL5198073,Replicase polyprotein 1ab
COc1cccc2[nH]c(C(=O)N[C@@H](CC(C)C)C(=O)NN(C[C@H]3CCNC3=O)C(=O)[C@H](F)Cl)cc12,7.806875401645538,15.6,1,CHEMBL5195394,Replicase polyprotein 1ab
COc1cccc2[nH]c(C(=O)N[C@@H](CC(C)C)C(=O)N[C@@H](C[C@@H]3CCCNC3=O)C(=O)CO)cc12,7.709965388637482,19.5,2,CHEMBL5195798,Replicase polyprotein 1ab
COc1cccc2[nH]c(C(=O)N[C@@H](CC(C)C)C(=O)N[C@@H](C[C@@H]3CCCNC3=O)C(=O)COC(=O)C(C)(C)C#N)cc12,7.6595558851598815,21.9,1,CHEMBL5194822,Replicase polyprotein 1ab
COc1cccc2[nH]c(C(=O)N[C@@H](CC(C)C)C(=O)N[C@@H](C[C@@H]3CCCNC3=O)C(=O)COC(=O)C(C)(C)C(F)(F)F)cc12,7.698970004336019,20.0,1,CHEMBL5198667,Replicase polyprotein 1ab
COc1cccc2[nH]c(C(=O)N[C@@H](CC(C)C)C(=O)N[C@@H](C[C@@H]3CCCNC3=O)C(=O)COC(=O)C(C)(C)C)cc12,7.193141970481182,64.1,1,CHEMBL5179259,Replicase polyprotein 1ab
COc1cccc2[nH]c(C(=O)N[C@@H](CC(C)C)C(=O)N[C@@H](C[C@@H]3CCCNC3=O)C(=O)COC(=O)C3(C(F)(F)F)CCCCC3)cc12,7.06398920428479,86.3,1,CHEMBL5190213,Replicase polyprotein 1ab
COc1cccc2[nH]c(C(=O)N[C@@H](CC(C)C)C(=O)N[C@@H](C[C@@H]3CCCNC3=O)C(=O)COC(=O)C3(C)OCCCO3)cc12,7.903089986991944,12.5,1,CHEMBL5206120,Replicase polyprotein 1ab
COc1cccc2[nH]c(C(=O)N[C@@H](CC(C)C)C(=O)N[C@@H](C[C@@H]3CCCNC3=O)C(=O)COC(=O)c3c(C(F)(F)F)cc(C)nc3C)cc12,7.853871964321762,14.0,1,CHEMBL5173658,Replicase polyprotein 1ab
COc1cccc2[nH]c(C(=O)N[C@@H](CC(C)C)C(=O)N[C@@H](C[C@@H]3CCCNC3=O)C(=O)COC(=O)c3c(C(F)(F)F)cccc3C(F)(F)F)cc12,9.0,1.0,1,CHEMBL5191092,Replicase polyprotein 1ab
COc1cccc2[nH]c(C(=O)N[C@@H](CC(C)C)C(=O)N[C@@H](C[C@@H]3CCCNC3=O)C(=O)COC(=O)c3c(C)cc(C)nc3C)cc12,7.721246399047171,19.0,2,CHEMBL5191060,Replicase polyprotein 1ab
COc1cccc2[nH]c(C(=O)N[C@@H](CC(C)C)C(=O)N[C@@H](C[C@@H]3CCCNC3=O)C(=O)COC(=O)c3c(C)nc(C)nc3C)cc12,7.655607726314889,22.1,1,CHEMBL5171263,Replicase polyprotein 1ab
COc1cccc2[nH]c(C(=O)N[C@@H](CC(C)C)C(=O)N[C@@H](C[C@@H]3CCCNC3=O)C(=O)COC(=O)c3c(C)nn(C)c3C)cc12,7.14569395819892,71.5,1,CHEMBL5195086,Replicase polyprotein 1ab
COc1cccc2[nH]c(C(=O)N[C@@H](CC(C)C)C(=O)N[C@@H](C[C@@H]3CCCNC3=O)C(=O)COC(=O)c3c(Cl)cccc3Cl)cc12,8.193820026016112,6.4,1,CHEMBL5191464,Replicase polyprotein 1ab
COc1cccc2[nH]c(C(=O)N[C@@H](CC(C)C)C(=O)N[C@@H](C[C@@H]3CCCNC3=O)C(=O)COC(=O)c3ccccc3)cc12,7.197226274708024,63.5,1,CHEMBL5193390,Replicase polyprotein 1ab
COc1cccc2[nH]c(C(=O)N[C@@H](CC(C)C)C(=O)N[C@@H](C[C@@H]3CCCNC3=O)C(=O)COC(=O)c3ccccn3)cc12,6.901356274182943,125.5,1,CHEMBL5187784,Replicase polyprotein 1ab
COc1cccc2[nH]c(C(=O)N[C@@H](CC(C)C)C(=O)N[C@@H](C[C@@H]3CCCNC3=O)C(=O)COC(=O)c3cccnc3)cc12,8.397940008672037,4.0,1,CHEMBL5190876,Replicase polyprotein 1ab
COc1cccc2[nH]c(C(=O)N[C@@H](CC(C)C)C(=O)N[C@@H](C[C@@H]3CCCNC3=O)C(=O)COC(=O)c3ccncc3)cc12,7.482804102050026,32.9,1,CHEMBL5192585,Replicase polyprotein 1ab
COc1cccc2[nH]c(C(=O)N[C@@H](CC(C)C)C(=O)N[C@@H](C[C@@H]3CCNC3=O)C(=O)CO)cc12,8.096910013008056,8.0,7,CHEMBL4777223,Replicase polyprotein 1ab
COc1cccc2[nH]c(C(=O)N[C@@H](CC(C)C)C(=O)N[C@@H](C[C@@H]3CCNC3=O)C(=O)COC(=O)c3c(C(F)(F)F)cc(C)nc3C)cc12,7.769551078621726,17.0,1,CHEMBL5189954,Replicase polyprotein 1ab
COc1cccc2[nH]c(C(=O)N[C@@H](CC(C)C)C(=O)N[C@H](C#N)CCC(N)=O)cc12,4.5376020021010435,29000.0,1,CHEMBL5424171,Replicase polyprotein 1ab
COc1cccc2[nH]c(C(=O)N[C@@H](CC(C)C)C(=O)N[C@H](C#N)C[C@@H]3CCCNC3=O)cc12,7.886056647693163,13.0,2,CHEMBL5185160,Replicase polyprotein 1ab
COc1cccc2[nH]c(C(=O)N[C@@H](CC(C)C)C(=O)N[C@H](C#N)C[C@@H]3CCNC3=O)cc12,7.2441251443275085,57.0,3,CHEMBL5180730,Replicase polyprotein 1ab
COc1cccc2[nH]c(C(=O)N[C@@H](CC(C)C)C(=O)N[C@H](C=O)C[C@@H]3CCNC3=O)cc12,7.221848749616356,60.0,1,CHEMBL4851462,Replicase polyprotein 1ab
COc1cccc2[nH]c(C(=O)N[C@@H](CC3CC3)C(=O)N3C[C@]4(C[C@H]3C#N)C(=O)Nc3ccccc34)cc12,7.0,100.0,2,CHEMBL5819384,Replicase polyprotein 1ab
COc1cccc2[nH]c(C(=O)N[C@@H](CC3CCC3)C(=O)N3C[C@]4(C[C@H]3C#N)C(=O)Nc3ccccc34)cc12,6.629818655252878,325.0,2,CHEMBL5816337,Replicase polyprotein 1ab
COc1cccc2[nH]c(C(=O)N[C@@H](CC3CCCCC3)C(=O)N3C[C@]4(C[C@H]3C#N)C(=O)Nc3ccccc34)cc12,7.0,100.0,2,CHEMBL5907665,Replicase polyprotein 1ab
COc1cccc2[nH]c(C(=O)N[C@@H](Cc3ccccc3)C(=O)N(C)N(C#N)Cc3ccc(Cl)cc3)cc12,7.638272163982407,23.0,1,CHEMBL5560995,Replicase polyprotein 1ab
COc1cccc2[nH]c(C(=O)N[C@H](C(=O)N3C[C@]4(C[C@H]3C#N)C(=O)Nc3ccccc34)C(C)OC(C)(C)C)cc12,6.259637310505756,550.0,2,CHEMBL5773017,Replicase polyprotein 1ab
COc1cccc2[nH]c(C(=O)N[C@H](CC(C)(C)C)C(=O)N3C[C@]4(C[C@H]3C#N)C(=O)Nc3ccccc34)cc12,6.629818655252878,325.0,2,CHEMBL5845821,Replicase polyprotein 1ab
COc1cccc2[nH]c(C(=O)N[C@H](CC(C)C)C(=O)N3C[C@]4(C[C@H]3C#N)C(=O)Nc3ccccc34)cc12,6.0,1000.0,2,CHEMBL6016571,Replicase polyprotein 1ab
COc1cccc2[nH]c(C(=O)N[C@H](CC3CCC3)C(=O)N3C[C@]4(C[C@H]3C#N)C(=O)Nc3ccccc34)cc12,7.0,100.0,1,CHEMBL6015854,Replicase polyprotein 1ab
COc1cccc2[nH]c(C(=O)N[C@H](CC3CCCCC3)C(=O)N3C[C@]4(C[C@H]3C#N)C(=O)Nc3ccccc34)cc12,6.259637310505756,550.0,2,CHEMBL5981289,Replicase polyprotein 1ab
COc1cccc2c1C(=O)c1c(O)c3c(c(O)c1C2=O)C[C@@](O)(/C(CO)=N/NC(=O)CCCCCN1C(=O)C=CC1=O)C[C@@H]3O[C@H]1C[C@H](N)[C@H](O)[C@H](C)O1,6.236572006437063,580.0,1,CHEMBL2107818,Replicase polyprotein 1ab
COc1cccc2c1C=C(COC(=O)N(C)[C@@H](CC(C)C)C(=O)N1C[C@]3(CC1C#N)C(=O)Nc1ccccc13)C2,7.0,100.0,1,CHEMBL5971867,Replicase polyprotein 1ab
COc1cccc2c1cc(C(=O)N(C)[C@@H](CC(C)C)C(=O)N1C[C@]3(CC1C#N)C(=O)Nc1ccccc13)n2C,7.0,100.0,1,CHEMBL5924935,Replicase polyprotein 1ab
COc1cccc2c1cc(C(=O)N(C)[C@@H](CC(C)C)C(=O)N1C[C@]3(C[C@H]1C#N)C(=O)Nc1ccccc13)n2C,7.0,100.0,1,CHEMBL5978704,Replicase polyprotein 1ab
COc1cccc2cc(C(=O)N3C[C@H]4[C@@H]([C@H]3C(=O)N[C@H](C=O)C[C@@H]3CCNC3=O)C4(C)C)[nH]c12,7.356547323513812,44.0,1,CHEMBL5572886,Replicase polyprotein 1ab
COc1cccc2sn(CC(=O)Nc3ccccc3)c(=O)c12,6.4769041617474326,333.5,1,CHEMBL5199130,Replicase polyprotein 1ab
COc1ccccc1-n1[se]c2ccccc2c1=O,6.59176003468815,256.0,3,CHEMBL3983492,Replicase polyprotein 1ab
COc1ccccc1C(=O)Oc1cncc(Cl)c1,6.578396073130169,264.0,1,CHEMBL466336,Replicase polyprotein 1ab
COc1ccccc1C1CC2(C1)NC(=O)N(c1cncc3ccccc13)C2=O,6.321481620959886,477.0,1,CHEMBL5517908,Replicase polyprotein 1ab
COc1ccccc1CN(C)C(=O)CSc1c[nH]c2ccccc12,5.11690664142431,7640.0,1,CHEMBL4852069,Replicase polyprotein 1ab
COc1ccccc1CNC(=O)CSc1c[nH]c2c(-c3ccccc3)cccc12,5.722029781090744,1915.0,2,CHEMBL4845924,Replicase polyprotein 1ab
COc1ccccc1CNC(=O)CSc1c[nH]c2c(Br)cccc12,5.149966742310231,7080.0,1,CHEMBL4875555,Replicase polyprotein 1ab
COc1ccccc1CNC(=O)CSc1c[nH]c2cc(Br)ccc12,4.999565922520682,10010.0,1,CHEMBL4852238,Replicase polyprotein 1ab
COc1ccccc1CNC(=O)CSc1c[nH]c2ccc(Br)cc12,4.969805214643249,10720.0,1,CHEMBL4854494,Replicase polyprotein 1ab
COc1ccccc1CNC(=O)CSc1c[nH]c2cccc(Br)c12,5.059981844992337,8710.0,1,CHEMBL4857654,Replicase polyprotein 1ab
COc1ccccc1CNC(=O)CSc1cn(C)c2ccccc12,5.00788851221305,9820.0,1,CHEMBL4851261,Replicase polyprotein 1ab
COc1ccccc1C[C@@H](Nc1ncnc2[nH]ccc12)C(C)C,4.010937482230595,97513.0,1,CHEMBL5442020,Replicase polyprotein 1ab
COc1ccccc1NC(=O)Cn1sc2cc(F)ccc2c1=O,6.7447274948966935,180.0,1,CHEMBL5170578,Replicase polyprotein 1ab
COc1ccccc1NC(=O)c1ccccc1[Se][Se]c1ccccc1C(=O)Nc1ccccc1OC,6.582535451769711,261.5,2,CHEMBL3912164,Replicase polyprotein 1ab
COc1ccccc1[C@@H]1C[C@H]1COC(=O)N[C@@H](CC(C)C)C(=O)N[C@@H](CC1CCNC1=O)C(O)S(=O)(=O)[O-].[Na+],6.853871964321762,140.0,1,CHEMBL6175271,Replicase polyprotein 1ab
COc1ccccc1[C@@H]1C[C@H]1COC(=O)N[C@@H](CC(C)C)C(=O)N[C@H](C=O)CC1CCNC1=O,6.853871964321762,140.0,1,CHEMBL6172770,Replicase polyprotein 1ab
COc1ccncc1C(=O)N1CCN(c2ccc(Cl)c(Cl)c2)[C@H](C(=O)NCc2ccc(F)s2)C1,6.3872161432802645,410.0,1,CHEMBL5433690,Replicase polyprotein 1ab
COc1ccncc1C(=O)N1CCN(c2ccc(Cl)c(Cl)c2)[C@H](C(=O)NCc2ccc(F)s2)C1.Cl,6.455931955649724,350.0,1,CHEMBL5397501,Replicase polyprotein 1ab
COc1ccncc1C(=O)N1CCN(c2ccc(Cl)c(Cl)c2)[C@H](C(=O)NCc2cccs2)C1,6.6777807052660805,210.0,1,CHEMBL5425265,Replicase polyprotein 1ab
COc1ccncc1C(=O)N1CCN(c2ccc(Cl)c(Cl)c2)[C@H](C(=O)NCc2cccs2)C1.Cl,6.769551078621726,170.0,1,CHEMBL5414006,Replicase polyprotein 1ab
COc1ccncc1C(=O)N1CCN(c2ccc(Cl)c(Cl)c2)[C@H](C(=O)Nc2cc(F)c(OC)c(F)c2)C1,6.366531544420414,430.0,1,CHEMBL5433514,Replicase polyprotein 1ab
COc1ccncc1C(=O)N1CCN(c2ccc(Cl)c(Cl)c2)[C@H](C(=O)Nc2ccc(OC(F)F)cc2)C1,6.318758762624412,480.0,1,CHEMBL5411464,Replicase polyprotein 1ab
COc1cn[nH]c1NC(=O)c1cc2c(N[C@@H](c3ccc4c(c3)OCCO4)C(C)C)ncnc2[nH]1,4.139332653555863,72555.0,1,CHEMBL5442125,Replicase polyprotein 1ab
COc1cncc(Cn2[se]c3ccccc3c2=O)c1,6.330683119433888,467.0,1,CHEMBL5279145,Replicase polyprotein 1ab
COc1cnn(C)c1-c1cc2c(N[C@@H](c3ccc4c(c3)OCCO4)C(C)C)ncnc2[nH]1,4.2731848287271035,53369.5,2,CHEMBL5441498,Replicase polyprotein 1ab
COc1nc(NC(=O)c2cc3c(N[C@@H](c4ccc5c(c4)OCCO5)C(C)C)ncnc3[nH]2)n[nH]1,4.32644462188446,47158.0,1,CHEMBL5441946,Replicase polyprotein 1ab
COc1nc(N[C@@H](c2ccc3c(c2)OCCO3)C(C)C)c2cc[nH]c2n1,4.002176919254275,99500.0,1,CHEMBL5441649,Replicase polyprotein 1ab
COc1nc2ccc(Br)cc2cc1[C@@H](c1ccccc1)[C@@](O)(CCN(C)C)c1cccc2ccccc12,5.360513510731414,4360.0,1,CHEMBL376488,Replicase polyprotein 1ab
COc1nc2ccccc2n1C(=O)c1ccc(C)cc1,4.0,100000.0,2,CHEMBL5612313,Replicase polyprotein 1ab
COc1ncc(-c2cc(-c3cnc(OC)nc3)cc([C@@H](C)NC(=O)c3cc(OCCN(C)C)ccc3C)c2)cn1,5.709965388637482,1950.0,1,CHEMBL6142352,Replicase polyprotein 1ab
COc1ncnc(N[C@H](c2ccc3c(c2)S(=O)(=O)CCC3)C(C)C)c1F,4.002176919254275,99500.0,1,CHEMBL5441864,Replicase polyprotein 1ab
COc1nn(C)cc1-c1cc2c(N[C@@H](c3ccc4c(c3)OCCO4)C(C)C)ncnc2[nH]1,5.7337473397104946,1847.0,2,CHEMBL5442042,Replicase polyprotein 1ab
COc1nnc(SC(=O)c2cc3ccccc3[nH]2)s1,6.8326826652518236,147.0,1,CHEMBL5204064,Replicase polyprotein 1ab
CS(=O)(=O)CCNCc1ccc(-c2ccc3ncnc(Nc4ccc(OCc5cccc(F)c5)c(Cl)c4)c3c2)o1,4.455931955649724,35000.0,1,CHEMBL554,Replicase polyprotein 1ab
CS(=O)(=O)NC1CCC(Nc2ccc([C@@H](CC(=O)O)NC(=O)c3c[nH]c4ncncc34)cc2)CC1,4.002176919254275,99500.0,2,CHEMBL5441565,Replicase polyprotein 1ab
CS(=O)(=O)NC1CCC(Nc2ccc([C@@H](CC(=O)O)NC(=O)c3ncnc4[nH]ccc34)cc2)CC1,4.098850818327621,79879.5,2,CHEMBL5441551,Replicase polyprotein 1ab
CS(=O)(=O)Nc1ccc([C@@H](CC(=O)O)NC(=O)c2ncnc3[nH]ccc23)cc1,4.958323909155618,11055.5,2,CHEMBL5441811,Replicase polyprotein 1ab
CS(=O)(=O)Nc1cccc([C@@H](CC(=O)O)NC(=O)c2ncnc3[nH]ccc23)c1,4.4038539251655555,39459.0,3,CHEMBL5441602,Replicase polyprotein 1ab
CS(=O)(=O)c1nnc(-c2ccc(Cl)cc2)o1,6.853871964321762,140.0,1,CHEMBL5639297,Replicase polyprotein 1ab
CSCC[C@@H](C#N)NC(=O)[C@@H]1[C@@H]2[C@H](CN1C(=O)[C@@H](NC(=O)C(F)(F)F)C(C)(C)C)C2(C)C,6.050609993355087,890.0,1,CHEMBL5397356,Replicase polyprotein 1ab
CSCC[C@@H](C=O)NC(=O)[C@H](CC(C)C)NC(=O)/C=C/c1ccccc1,5.0,10000.0,1,CHEMBL6174799,Replicase polyprotein 1ab
CSCC[C@@H](C=O)NC(=O)[C@H](CC(C)C)NC(=O)[C@H](CC(C)C)NC(C)=O,6.013228265733755,970.0,5,CHEMBL318779,Replicase polyprotein 1ab
CSCC[C@@H](C=O)NC(=O)[C@H](CC(C)C)NC(=O)[C@H](Cc1ccc(F)cc1)NC(=O)OCc1ccccc1,8.199970640755867,6.31,1,CHEMBL5566880,Replicase polyprotein 1ab
CSCC[C@H](C=O)NC(=O)[C@@H](CC(C)C)NC(=O)[C@@H](CC(C)C)NC(C)=O,6.013228265733755,970.0,3,CHEMBL5180554,Replicase polyprotein 1ab
CSc1ccc2c(c1)NC(=O)C(F)(F)C2=O,6.080921907623926,830.0,1,CHEMBL5287068,Replicase polyprotein 1ab
CSc1nc2cc(C#N)ccc2n1C(=O)c1ccc(C)c(F)c1,6.050305225247582,890.625,2,CHEMBL5612964,Replicase polyprotein 1ab
CSc1nc2cc(Cl)ccc2n1C(=O)c1ccc(C)cc1,6.259819000551894,549.77,2,CHEMBL5613263,Replicase polyprotein 1ab
CSc1nc2cc(F)ccc2n1C(=O)c1ccc(C)c(F)c1,7.0,100.0,2,CHEMBL5612270,Replicase polyprotein 1ab
CSc1nc2cc(F)ccc2n1C(=O)c1ccc(C)cc1,6.569320925844654,269.575,2,CHEMBL5613162,Replicase polyprotein 1ab
CSc1nc2cc3c(cc2n1C(=O)c1ccc(C)c(F)c1)OCCO3,6.569320925844654,269.575,2,CHEMBL5612639,Replicase polyprotein 1ab
CSc1nc2cc3c(cc2n1C(=O)c1ccc(C)c(F)c1)OCO3,7.152465023828446,70.39500000000001,2,CHEMBL5612402,Replicase polyprotein 1ab
CSc1nc2cc3c(cc2n1C(=O)c1ccc(C)cc1)OCCO3,6.840011949618013,144.54,5,CHEMBL586628,Replicase polyprotein 1ab
CSc1nc2cc3c(cc2n1C(=O)c1ccc(C)cc1)OCO3,7.112460684735114,77.555,4,CHEMBL5614072,Replicase polyprotein 1ab
CSc1nc2ccc(C#N)cc2n1C(=O)c1ccc(C)c(F)c1,5.200329843827886,6304.785,2,CHEMBL5613116,Replicase polyprotein 1ab
CSc1nc2ccc(Cl)cc2n1C(=O)c1ccc(C)cc1,6.31030780460169,579.575,2,CHEMBL5612715,Replicase polyprotein 1ab
CSc1nc2ccc(F)cc2n1C(=O)c1ccc(C)c(F)c1,6.5875129697428605,258.52,2,CHEMBL5612735,Replicase polyprotein 1ab
CSc1nc2ccc(F)cc2n1C(=O)c1ccc(C)cc1,6.699480900891103,199.765,2,CHEMBL5612589,Replicase polyprotein 1ab
CSc1nc2ccccc2n1C(=O)Cc1ccccc1,4.0,100000.0,2,CHEMBL5611925,Replicase polyprotein 1ab
CSc1nc2ccccc2n1C(=O)NCc1ccc(C)cc1,4.0,100000.0,2,CHEMBL5612440,Replicase polyprotein 1ab
CSc1nc2ccccc2n1C(=O)Oc1ccccc1,4.0,100000.0,2,CHEMBL1540207,Replicase polyprotein 1ab
CSc1nc2ccccc2n1C(=O)c1ccc(C(C)(C)C)cc1,4.0,100000.0,2,CHEMBL5612990,Replicase polyprotein 1ab
CSc1nc2ccccc2n1C(=O)c1ccc(C(F)(F)F)cc1,5.567715935553741,2705.7650000000003,2,CHEMBL5614078,Replicase polyprotein 1ab
CSc1nc2ccccc2n1C(=O)c1ccc(C)c(C)c1,6.004999382482669,988.62,2,CHEMBL5614177,Replicase polyprotein 1ab
CSc1nc2ccccc2n1C(=O)c1ccc(C)c(Cl)c1,6.821948810943301,150.68,2,CHEMBL5614360,Replicase polyprotein 1ab
CSc1nc2ccccc2n1C(=O)c1ccc(C)c(F)c1,7.0528696677765055,88.55,2,CHEMBL5612841,Replicase polyprotein 1ab
CSc1nc2ccccc2n1C(=O)c1ccc(C)cc1,6.409464986661085,389.525,2,CHEMBL5612298,Replicase polyprotein 1ab
CSc1nc2ccccc2n1C(=O)c1ccc(Cl)cc1,5.959303300184228,1098.24,2,CHEMBL5613930,Replicase polyprotein 1ab
CSc1nc2ccccc2n1C(=O)c1ccc(F)cc1,5.420108428052357,3800.9449999999997,2,CHEMBL5612009,Replicase polyprotein 1ab
CSc1nc2ccccc2n1C(=O)c1ccc2c(c1)OCCO2,6.0,1000.0,2,CHEMBL5612960,Replicase polyprotein 1ab
CSc1nc2ccccc2n1C(=O)c1cccc(C(F)(F)F)c1,4.471185021456275,33792.21,2,CHEMBL5613938,Replicase polyprotein 1ab
CSc1nc2ccccc2n1C(=O)c1cccc(C)c1,5.678889950500676,2094.65,2,CHEMBL5612084,Replicase polyprotein 1ab
CSc1nc2ccccc2n1C(=O)c1ccccc1,5.60602989974387,2477.355,2,CHEMBL5612821,Replicase polyprotein 1ab
CSc1nc2ccccc2n1C(=O)c1ccccc1C,4.0,100000.0,2,CHEMBL5613535,Replicase polyprotein 1ab
CSc1nc2ccccc2n1C(=O)c1ccccc1C(F)(F)F,4.0,100000.0,2,CHEMBL5613150,Replicase polyprotein 1ab
CSc1nc2ccccc2n1C(=O)c1ccncc1,4.0,100000.0,2,CHEMBL5613107,Replicase polyprotein 1ab
CSc1nc2ccccc2n1C(=O)c1ccsc1,5.619894643379946,2399.415,2,CHEMBL5613891,Replicase polyprotein 1ab
CSc1nc2ccccc2n1C(C)=O,4.0,100000.0,2,CHEMBL5612133,Replicase polyprotein 1ab
CSc1nc2ccccc2n1Cc1ccc(C)cc1,4.0,100000.0,2,CHEMBL5612852,Replicase polyprotein 1ab
CSc1nc2ccccc2n1S(=O)(=O)c1ccc(C)cc1,4.0,100000.0,2,CHEMBL5611979,Replicase polyprotein 1ab
CSc1nnc(SC(=O)c2cc3ccccc3[nH]2)s1,7.039053804266168,91.4,1,CHEMBL5204452,Replicase polyprotein 1ab
CSc1nnc(SCc2ccc(C(=O)N/N=C/c3cc([N+](=O)[O-])ccc3Cl)cc2)s1,5.0,10000.0,1,CHEMBL6189131,Replicase polyprotein 1ab
C[C@@H](C(=O)N1C[C@H]2[C@@H]([C@H]1C(=O)N[C@H](C=O)C[C@@H]1CCNC1=O)C2(C)C)C1CCCCC1,7.5376020021010435,29.0,1,CHEMBL5590624,Replicase polyprotein 1ab
C[C@@H](C(=O)N1C[C@H]2[C@@H]([C@H]1C(=O)N[C@H](C=O)C[C@@H]1CCNC1=O)C2(C)C)c1ccccc1,7.6777807052660805,21.0,1,CHEMBL5575793,Replicase polyprotein 1ab
C[C@@H](C(=O)N[C@H](C(=O)N1C[C@H](OC(F)F)C[C@H]1C(=O)N[C@H](C#N)C[C@@H]1CCNC1=O)C(C)(C)C)N(C)C(=O)CCCCCNc1cccc2c1C(=O)N(C1CCC(=O)NC1=O)C2=O,6.739928612014925,182.0,1,CHEMBL6141747,Replicase polyprotein 1ab
C[C@@H](C(=O)O)[C@@H](NC(=O)c1ncnc2[nH]ccc12)c1ccc(Br)cc1,6.183338503465183,670.0,2,CHEMBL5441528,Replicase polyprotein 1ab
C[C@@H](C(=O)O)[C@H](NC(=O)c1ncnc2[nH]ccc12)c1ccc(Br)cc1,5.987162775294828,1030.0,3,CHEMBL5441438,Replicase polyprotein 1ab
C[C@@H](CO)Nc1ncnc2[nH]c(C(=O)OC(C)(C)C)cc12,3.905266906246218,124375.0,1,CHEMBL5441660,Replicase polyprotein 1ab
C[C@@H](Cc1ccc(Cl)s1)Nc1ccc([C@@H](CC(=O)O)NC(=O)c2ncnc3[nH]ccc23)cc1,4.33199268390889,46559.5,2,CHEMBL5441688,Replicase polyprotein 1ab
C[C@@H](NC(=O)C1CCC(F)(F)CC1)C(=O)N[C@H](Cc1ccccc1)C(=O)C(=O)NCc1ccccn1,7.795880017344075,16.0,1,CHEMBL5632711,Replicase polyprotein 1ab
C[C@@H](NC(=O)CC1CCC(F)(F)CC1)C(=O)N[C@H](Cc1ccccc1)C(=O)C(=O)NCc1ccccn1,7.79317412396815,16.1,1,CHEMBL5631672,Replicase polyprotein 1ab
C[C@@H](NC(=O)CSc1c[nH]c2ccccc12)c1ccccc1,5.175223537524454,6680.0,1,CHEMBL4877143,Replicase polyprotein 1ab
C[C@@H](NC(=O)[C@@H](Cc1c[nH]c2ccccc12)NC(=O)OC(C)(C)C)c1cccc2ccccc12,4.0,100000.0,1,CHEMBL5401455,Replicase polyprotein 1ab
C[C@@H](NC(=O)[C@@H](Cc1ccccc1)NC(=O)OC(C)(C)C)c1cccc2ccccc12,4.0,100000.0,1,CHEMBL5422352,Replicase polyprotein 1ab
C[C@@H](NC(=O)[C@@H](NC(=O)OC(C)(C)C)c1ccccc1)c1cccc2ccccc12,4.87942606879415,13200.0,1,CHEMBL5421806,Replicase polyprotein 1ab
C[C@@H](NC(=O)[C@@H]1C[C@@H]2[C@H](C1)C2(F)F)C(=O)N[C@H](Cc1ccccc1)C(=O)C(=O)NCc1ccccn1,7.954677021213342,11.1,1,CHEMBL5632878,Replicase polyprotein 1ab
C[C@@H](NC(=O)[C@H](N)Cc1c[nH]c2ccccc12)c1cccc2ccccc12,4.0,100000.0,1,CHEMBL5431564,Replicase polyprotein 1ab
C[C@@H](NC(=O)[C@H](N)Cc1ccccc1)c1cccc2ccccc12,4.0,100000.0,1,CHEMBL5406177,Replicase polyprotein 1ab
C[C@@H](NC(=O)[C@H](NC(=O)OC(C)(C)C)c1ccccc1)c1cccc2ccccc12,4.876148359032914,13300.0,1,CHEMBL5413396,Replicase polyprotein 1ab
C[C@@H](NC(=O)[C@H](c1cccnc1)N(C(=O)C(Br)(Br)Br)c1ccc(-c2ccccc2)cc1)c1ccccc1,7.096910013008056,80.0,1,CHEMBL5556988,Replicase polyprotein 1ab
C[C@@H](NC(=O)[C@H](c1cccnc1)N(C(=O)C(Cl)Cl)c1ccc(-c2ccccc2)cc1)c1ccccc1,6.366531544420414,430.0,1,CHEMBL5558170,Replicase polyprotein 1ab
C[C@@H](NC(=O)c1cccc(OCCN)c1)c1cccc(-c2cccs2)c1,5.0,10000.0,1,CHEMBL5570866,Replicase polyprotein 1ab
C[C@@H](NC(=O)c1ccccc1CCC(=O)NN)c1cccc2ccccc12,4.619788758288394,24000.0,1,CHEMBL6144422,Replicase polyprotein 1ab
C[C@@H](NC(=O)c1ccccc1CCC(=O)NNC(=O)/C(C#N)=C/C1CC1)c1cccc2ccccc12,3.6989700043360187,200000.0,2,CHEMBL5169739,Replicase polyprotein 1ab
C[C@@H](NC(=O)c1ccccc1CCC(=O)NNC(=O)/C=C/C#N)c1cccc2ccccc12,5.721246399047171,1900.0,1,CHEMBL6171581,Replicase polyprotein 1ab
C[C@@H](NC(=O)c1ccccc1CCC(=O)NNC(=O)/C=C/C(=O)N(C)C)c1cccc2ccccc12,4.732828271596986,18500.0,1,CHEMBL6162168,Replicase polyprotein 1ab
C[C@@H](NC(=O)c1ccccc1CCC(=O)NNC(=O)/C=C/C(=O)O)c1cccc2ccccc12,5.585026652029182,2600.0,1,CHEMBL6170580,Replicase polyprotein 1ab
C[C@@H](NC(=O)c1ccccc1CCC(=O)NNC(=O)/C=C/C(=O)OC(C)(C)C)c1cccc2ccccc12,6.619788758288394,240.0,1,CHEMBL6167270,Replicase polyprotein 1ab
C[C@@H](NC(=O)c1ccccc1CCC(=O)NNC(=O)/C=C/C(=O)OC1CCC1)c1cccc2ccccc12,6.481486060122113,330.0,1,CHEMBL6172126,Replicase polyprotein 1ab
C[C@@H](NC(=O)c1ccccc1CCC(=O)NNC(=O)/C=C/C(=O)OC1CCCCC1)c1cccc2ccccc12,6.017728766960431,960.0,1,CHEMBL6161188,Replicase polyprotein 1ab
C[C@@H](NC(=O)c1ccccc1CCC(=O)NNC(=O)/C=C/C(=O)OCC1CCCC1)c1cccc2ccccc12,5.790484985457369,1620.0,1,CHEMBL6152838,Replicase polyprotein 1ab
C[C@@H](NC(=O)c1ccccc1CCC(=O)NNC(=O)/C=C/C(=O)OCCC(F)(F)F)c1cccc2ccccc12,6.6020599913279625,250.0,1,CHEMBL6161179,Replicase polyprotein 1ab
C[C@@H](NC(=O)c1ccccc1CCC(=O)NNC(=O)/C=C/C(=O)OCc1ccc2ccccc2n1)c1cccc2ccccc12,6.346787486224656,450.0,1,CHEMBL6176176,Replicase polyprotein 1ab
C[C@@H](NC(=O)c1ccccc1CCC(=O)NNC(=O)/C=C/C(=O)OCc1ccccc1)c1cccc2ccccc12,6.2839966563652006,520.0,1,CHEMBL6168072,Replicase polyprotein 1ab
C[C@@H](NC(=O)c1ccccc1CCC(=O)NNC(=O)/C=C/C(=O)OCc1ncccn1)c1cccc2ccccc12,6.455931955649724,350.0,1,CHEMBL6165157,Replicase polyprotein 1ab
C[C@@H](NC(=O)c1ccccc1CCC(=O)NNC(=O)/C=C/C(=O)OCc1nccs1)c1cccc2ccccc12,6.468521082957745,340.0,1,CHEMBL6143829,Replicase polyprotein 1ab
C[C@@H](NC(=O)c1ccccc1CCC(=O)NNC(=O)/C=C/c1ncco1)c1cccc2ccccc12,4.351639989019068,44500.0,1,CHEMBL6177172,Replicase polyprotein 1ab
C[C@@H](NC(=O)c1ccccc1CCC(=O)NNC(=O)C(F)Cl)c1cccc2ccccc12,4.801342913045577,15800.0,1,CHEMBL6164893,Replicase polyprotein 1ab
C[C@@H](NC(=O)c1ccccc1CCC(=O)NNC(=O)CC#N)c1cccc2ccccc12,5.096910013008056,8000.0,3,CHEMBL5208536,Replicase polyprotein 1ab
C[C@@H](NC(=O)c1ccccc1CCC(=O)NNC(=O)CCl)c1cccc2ccccc12,5.267606240177032,5400.0,2,CHEMBL5196473,Replicase polyprotein 1ab
C[C@@H](NC(=O)c1ccccc1CCC(=O)NNC(=O)COC(F)(F)F)c1cccc2ccccc12,4.276544327964814,52900.0,1,CHEMBL6172116,Replicase polyprotein 1ab
C[C@@H](NC(=O)c1ccccc1Cl)c1cccc2ccccc12,4.823908740944319,15000.0,1,CHEMBL5180056,Replicase polyprotein 1ab
C[C@@H](NCCCc1cccc(C(F)(F)F)c1)c1cccc2ccccc12,5.2225731776106885,5990.0,1,CHEMBL1201284,Replicase polyprotein 1ab
C[C@@H](NS(=O)(=O)c1ccc(N)cc1)c1cccc2ccccc12,4.0,100000.0,1,CHEMBL5426282,Replicase polyprotein 1ab
C[C@@H](NS(=O)(=O)c1ccc([N+](=O)[O-])cc1)c1cccc2ccccc12,5.200659450546418,6300.0,1,CHEMBL5398900,Replicase polyprotein 1ab
C[C@@H](NS(=O)(=O)c1cccc(N)c1)c1cccc2ccccc12,5.886056647693163,1300.0,1,CHEMBL5430702,Replicase polyprotein 1ab
C[C@@H](NS(=O)(=O)c1cccc([N+](=O)[O-])c1)c1cccc2ccccc12,4.809668301829708,15500.0,1,CHEMBL5421184,Replicase polyprotein 1ab
C[C@@H](Nc1ncnc2[nH]ccc12)[C@@H]1CCCCO1,4.002176919254275,99500.0,2,CHEMBL5441677,Replicase polyprotein 1ab
C[C@@H](Nc1ncnc2[nH]ccc12)[C@@H]1CCOC1,4.002176919254275,99500.0,2,CHEMBL5441561,Replicase polyprotein 1ab
C[C@@H](Nc1ncnc2[nH]ccc12)[C@@H]1CCS(=O)(=O)C1,4.002176919254275,99500.0,2,CHEMBL5442090,Replicase polyprotein 1ab
C[C@@H](O)[C@@H](NC(=O)c1csc2c(NC(=O)NC3CC3)ncnc12)c1ccccc1F,4.002176919254275,99500.0,1,CHEMBL5441986,Replicase polyprotein 1ab
C[C@@H](O)[C@@H]1NC(=O)[C@@H]2CSC(=N2)c2cc(ccn2)C[C@@H](C(N)=O)NC(=O)[C@H](CCC(N)=O)NC(=O)[C@H](CC2CC2)NC(=O)[C@H]([C@@H](C)O)NC1=O,4.0,100000.0,1,CHEMBL4873791,Replicase polyprotein 1ab
C[C@@H](OC(C)(C)C)[C@H](NC(=O)NC(C)(C)C)C(=O)N[C@@H](CC1CCCCC1)C(=O)N[C@H](C=O)C[C@@H]1CCNC1=O,7.013228265733755,97.0,1,CHEMBL5207867,Replicase polyprotein 1ab
C[C@@H](OC(C)(C)C)[C@H](NC(=O)OCc1cccc(Cl)c1)C(=O)N[C@@H](CC1CCCCC1)C(=O)N[C@H](C=O)C[C@@H]1CCNC1=O,6.187086643357144,650.0,1,CHEMBL5193629,Replicase polyprotein 1ab
C[C@@H](OC(C)(C)C)[C@H](NC(=O)OCc1cccc(OCCCCCCCCOc2cccc3c2C(=O)N(C2CCC(=O)NC2=O)C3=O)c1)C(=O)N[C@@H](CC1CCCCC1)C(=O)N[C@H](C=O)C[C@@H]1CCNC1=O,7.292429823902063,51.0,1,CHEMBL5569928,Replicase polyprotein 1ab
C[C@@H](OC(C)(C)C)[C@H](NC(=O)OCc1cccc(OCCCCCCN(C)CCN(C)c2cccc3c2C(=O)N(C2CCC(=O)NC2=O)C3=O)c1)C(=O)N[C@@H](CC1CCCCC1)C(=O)N[C@H](C=O)C[C@@H]1CCNC1=O,7.443697499232712,36.0,1,CHEMBL5572806,Replicase polyprotein 1ab
C[C@@H](OC(C)(C)C)[C@H](NC(=O)OCc1cccc(OCCCCCCOc2cccc3c2C(=O)N(C2CCC(=O)NC2=O)C3=O)c1)C(=O)N[C@@H](CC1CCCCC1)C(=O)N[C@H](C=O)C[C@@H]1CCNC1=O,7.3872161432802645,41.0,1,CHEMBL5570662,Replicase polyprotein 1ab
C[C@@H](OC(C)(C)C)[C@H](NC(=O)OCc1cccc(OCCCCOc2cccc3c2C(=O)N(C2CCC(=O)NC2=O)C3=O)c1)C(=O)N[C@@H](CC1CCCCC1)C(=O)N[C@H](C=O)C[C@@H]1CCNC1=O,7.4089353929735005,39.0,1,CHEMBL5592933,Replicase polyprotein 1ab
C[C@@H](OC(C)(C)C)[C@H](NC(=O)OCc1ccccc1)C(=O)N1C[C@H]2[C@@H]([C@H]1C(=O)N[C@H](C=O)C[C@@H]1CCNC1=O)C2(C)C,6.920818753952375,120.0,1,CHEMBL5176816,Replicase polyprotein 1ab
C[C@@H](OC(C)(C)C)[C@H](NC(=O)OCc1ccccc1)C(=O)N[C@@H](CC(C)(C)C)C(=O)N[C@H](C=O)C[C@@H]1CCNC1=O,6.823908740944319,150.0,1,CHEMBL5190267,Replicase polyprotein 1ab
C[C@@H](OC(C)(C)C)[C@H](NC(=O)OCc1ccccc1)C(=O)N[C@@H](CC1CC1)C(=O)N[C@H](C=O)C[C@@H]1CCNC1=O,7.221848749616356,60.0,1,CHEMBL5176166,Replicase polyprotein 1ab
C[C@@H](OC(C)(C)C)[C@H](NC(=O)OCc1ccccc1)C(=O)N[C@@H](CC1CCCCC1)C(=O)NN(CCC(N)=O)C(=O)C(Cl)Cl,4.167491087293763,68000.0,1,CHEMBL5590039,Replicase polyprotein 1ab
C[C@@H](OC(C)(C)C)[C@H](NC(=O)OCc1ccccc1)C(=O)N[C@@H](CC1CCCCC1)C(=O)N[C@H](C=O)C[C@@H]1CCNC1=O,6.978810700930062,105.0,6,CHEMBL4852855,Replicase polyprotein 1ab
C[C@@H](OC(C)(C)C)[C@H](NC(=O)OCc1ccccc1)C(=O)N[C@@H](Cc1ccccc1)C(=O)N[C@H](C=O)C[C@@H]1CCNC1=O,7.327902142064283,47.0,1,CHEMBL5203900,Replicase polyprotein 1ab
C[C@@H](OC(C)(C)C)[C@H](NC(=O)OCc1ccccc1)C(=O)N[C@H](C=O)C[C@@H]1CCNC1=O,6.3979400086720375,400.0,1,CHEMBL5397315,Replicase polyprotein 1ab
C[C@@H](OC(C)(C)C)[C@H](NC(=O)OCc1cn(CCOCCOCCOCCC(=O)N(C)CCN(C)c2cccc3c2C(=O)N(C2CCC(=O)NC2=O)C3=O)nn1)C(=O)N[C@@H](CC1CCCCC1)C(=O)N[C@H](C=O)C[C@@H]1CCNC1=O,6.954677021213342,111.0,1,CHEMBL5571844,Replicase polyprotein 1ab
C[C@@H](OC(C)(C)C)[C@H](NC(=O)OCc1cn(CCOCCOCCOCCC(=O)Nc2cccc3c2C(=O)N(C2CCC(=O)NC2=O)C3=O)nn1)C(=O)N[C@@H](CC1CCCCC1)C(=O)N[C@H](C=O)C[C@@H]1CCNC1=O,7.443697499232712,36.0,1,CHEMBL5564504,Replicase polyprotein 1ab
C[C@@H](c1ccc(F)c(F)c1)N(C)C(=O)c1ncnc2[nH]ccc12,4.002176919254275,99500.0,1,CHEMBL5442131,Replicase polyprotein 1ab
C[C@@H](c1cccc2ccccc12)N(C)Cc1ccc(O)cc1,4.698970004336019,20000.0,1,CHEMBL5178750,Replicase polyprotein 1ab
C[C@@H]1O[C@@H](O[C@@H]2[C@@H](O)[C@H](OCCc3ccc(O)c(O)c3)O[C@H](CO)[C@H]2OC(=O)/C=C/c2ccc(O)c(O)c2)[C@H](O)[C@H](O)[C@H]1O,5.342944147142896,4540.0,1,CHEMBL444478,Replicase polyprotein 1ab
C[C@@H]1O[C@@H](O[C@H]2[C@H](Oc3cc(O)c4c(=O)cc(-c5ccc(O)cc5)oc4c3)O[C@H](CO)[C@@H](O)[C@@H]2O)[C@H](O)[C@H](O)[C@H]1O,4.568636235841013,27000.0,1,CHEMBL395990,Replicase polyprotein 1ab
C[C@@H]1O[C@@H](Oc2c(-c3cc(O)c(O)c(O)c3)oc3cc(O)cc(O)c3c2=O)[C@@H](O)[C@H](O)[C@H]1O,5.436518914605589,3660.0,1,CHEMBL4303331,Replicase polyprotein 1ab
C[C@@H]1Oc2ccc(Nc3ncnc4[nH]ccc34)cc2NC1=O,4.002176919254275,99500.0,1,CHEMBL5441945,Replicase polyprotein 1ab
C[C@@](Cc1ccc(O)c(O)c1)(NN)C(=O)O,5.449771646944906,3550.0,1,CHEMBL1201236,Replicase polyprotein 1ab
C[C@H](C(=O)N1C[C@H]2[C@@H]([C@H]1C(=O)N[C@H](C=O)C[C@@H]1CCNC1=O)C2(C)C)C1CCCCC1,7.346787486224656,45.0,1,CHEMBL5583904,Replicase polyprotein 1ab
C[C@H](C(=O)N1C[C@H]2[C@@H]([C@H]1C(=O)N[C@H](C=O)C[C@@H]1CCNC1=O)C2(C)C)c1ccccc1,7.187086643357144,65.0,1,CHEMBL5565166,Replicase polyprotein 1ab
C[C@H](C(=O)O)[C@@H](NC(=O)c1ncnc2[nH]ccc12)c1ccc(Br)cc1,5.987186519716689,1065.0,6,CHEMBL5441408,Replicase polyprotein 1ab
C[C@H](NC(=O)/C=C/c1ccccc1)C(=O)N[C@H](C=O)C[C@@H]1CCCNC1=O,4.909389292171594,12320.0,1,CHEMBL5203407,Replicase polyprotein 1ab
C[C@H](NC(=O)/C=C/c1ccccc1)C(=O)N[C@H](C=O)Cc1ccccc1,5.0,10000.0,1,CHEMBL6168822,Replicase polyprotein 1ab
C[C@H](NC(=O)C(F)(F)F)C(=O)N(C)[C@@H](CC(C)(C)C)C(=O)N1C[C@]2(C[C@H]1C#N)C(=O)Nc1ccccc12,7.0,100.0,1,CHEMBL5765449,Replicase polyprotein 1ab
C[C@H](NC(=O)C(F)(F)F)C(=O)N(C)[C@@H](CC1CC1)C(=O)N1C[C@]2(C[C@H]1C#N)C(=O)Nc1ccccc12,7.593630164530732,25.49,1,CHEMBL6103521,Replicase polyprotein 1ab
C[C@H](NC(=O)C(F)F)C(=O)N(C)[C@@H](CC1CC1)C(=O)N1C[C@]2(C[C@H]1C#N)C(=O)Nc1ccccc12,7.673869043289205,21.19,1,CHEMBL6082979,Replicase polyprotein 1ab
C[C@H](NC(=O)C(c1cccnc1)N(C(=O)/C(C#N)=C/C1CC1)c1ccc(-c2ccccc2)cc1)c1ccccc1,4.698970004336019,20000.0,1,CHEMBL5631866,Replicase polyprotein 1ab
C[C@H](NC(=O)C(c1cccnc1)N(C(=O)/C=C/Br)c1ccc(-c2ccccc2)cc1)c1ccccc1,4.698970004336019,20000.0,1,CHEMBL5631676,Replicase polyprotein 1ab
C[C@H](NC(=O)C(c1cccnc1)N(C(=O)/C=C/C(=O)O)c1ccc(-c2ccccc2)cc1)c1ccccc1,4.906928693623937,12390.0,1,CHEMBL5633344,Replicase polyprotein 1ab
C[C@H](NC(=O)C(c1cccnc1)N(C(=O)/C=C/Cl)c1ccc(-c2ccccc2)cc1)c1ccccc1,4.698970004336019,20000.0,1,CHEMBL5634056,Replicase polyprotein 1ab
C[C@H](NC(=O)C(c1cccnc1)N(C(=O)/C=C/c1ccco1)c1ccc(-c2ccccc2)cc1)c1ccccc1,4.811915626285062,15420.0,1,CHEMBL5632712,Replicase polyprotein 1ab
C[C@H](NC(=O)C(c1cccnc1)N(C(=O)/C=C\I)c1ccc(-c2ccccc2)cc1)c1ccccc1,4.698970004336019,20000.0,1,CHEMBL5632880,Replicase polyprotein 1ab
C[C@H](NC(=O)C(c1cccnc1)N(C(=O)C#CC(C)(C)C)c1ccc(-c2ccccc2)cc1)c1ccccc1,5.600326278518962,2510.0,1,CHEMBL5633051,Replicase polyprotein 1ab
C[C@H](NC(=O)C(c1cccnc1)N(C(=O)C#CC(C)(C)F)c1ccc(-c2ccccc2)cc1)c1ccccc1,4.698970004336019,20000.0,1,CHEMBL5633284,Replicase polyprotein 1ab
C[C@H](NC(=O)C(c1cccnc1)N(C(=O)C#CC(C)(C)O)c1ccc(-c2ccccc2)cc1)c1ccccc1,5.892790030352131,1280.0,1,CHEMBL5632201,Replicase polyprotein 1ab
C[C@H](NC(=O)C(c1cccnc1)N(C(=O)C#CC1CC1)c1ccc(-c2ccccc2)cc1)c1ccccc1,6.070581074285707,850.0,1,CHEMBL5632338,Replicase polyprotein 1ab
C[C@H](NC(=O)C(c1cccnc1)N(C(=O)C(=O)N1CCN(C)CC1)c1ccc(-c2ccccc2)cc1)c1ccccc1,4.698970004336019,20000.0,1,CHEMBL5633477,Replicase polyprotein 1ab
C[C@H](NC(=O)C(c1cccnc1)N(C(=O)C(C#N)=C1CCCCC1)c1ccc(-c2ccccc2)cc1)c1ccccc1,4.698970004336019,20000.0,1,CHEMBL5631886,Replicase polyprotein 1ab
C[C@H](NC(=O)C(c1cccnc1)N(C(=O)C(F)(F)S(=O)(=O)F)c1ccc(-c2ccccc2)cc1)c1ccccc1,4.698970004336019,20000.0,1,CHEMBL5633789,Replicase polyprotein 1ab
C[C@H](NC(=O)C(c1cccnc1)N(C(=O)C1(C#N)CC1)c1ccc(-c2ccccc2)cc1)c1ccccc1,4.698970004336019,20000.0,1,CHEMBL5633372,Replicase polyprotein 1ab
C[C@H](NC(=O)C(c1cccnc1)N(C(=O)C1(C#N)CCN(C(=O)OC(C)(C)C)CC1)c1ccc(-c2ccccc2)cc1)c1ccccc1,4.698970004336019,20000.0,1,CHEMBL5631640,Replicase polyprotein 1ab
C[C@H](NC(=O)C(c1cccnc1)N(C(=O)C1(C#N)CCOCC1)c1ccc(-c2ccccc2)cc1)c1ccccc1,4.698970004336019,20000.0,1,CHEMBL5633968,Replicase polyprotein 1ab
C[C@H](NC(=O)C(c1cccnc1)N(C(=O)C1=CC(=O)CC1)c1ccc(-c2ccccc2)cc1)c1ccccc1,4.698970004336019,20000.0,1,CHEMBL5632325,Replicase polyprotein 1ab
C[C@H](NC(=O)C(c1cccnc1)N(C(=O)C1=CCCCC1)c1ccc(-c2ccccc2)cc1)c1ccccc1,4.698970004336019,20000.0,1,CHEMBL5633608,Replicase polyprotein 1ab
C[C@H](NC(=O)C(c1cccnc1)N(C(=O)c1c[nH]cn1)c1ccc(-c2ccccc2)cc1)c1ccccc1,6.017728766960431,960.0,1,CHEMBL5208393,Replicase polyprotein 1ab
C[C@H](NC(=O)C(c1cccnc1)N(C(=O)c1ccco1)c1ccc(-c2ccccc2)cc1)c1ccccc1,6.180456064458132,660.0,1,CHEMBL5186431,Replicase polyprotein 1ab
C[C@H](NC(=O)C(c1cccnc1)N(C(=O)c1ccco1)c1ccc(-c2ccccn2)cc1)c1ccccc1,5.7423214251308154,1810.0,1,CHEMBL5175491,Replicase polyprotein 1ab
C[C@H](NC(=O)C(c1cccnc1)N(C(=O)c1ccco1)c1ccc(-c2ccco2)cc1)c1ccccc1,5.5951662833800615,2540.0,2,CHEMBL5182370,Replicase polyprotein 1ab
C[C@H](NC(=O)C(c1cccnc1)N(C(=O)c1ccco1)c1ccc(-c2cccs2)cc1)c1ccccc1,6.251811972993799,560.0,2,CHEMBL5169554,Replicase polyprotein 1ab
C[C@H](NC(=O)C(c1cccnc1)N(C(=O)c1ccco1)c1ccc(-n2cccc2)cc1)c1ccccc1,6.026872146400302,940.0,1,CHEMBL5189062,Replicase polyprotein 1ab
C[C@H](NC(=O)C(c1cccnc1)N(C(=O)c1ccco1)c1ccc(C(C)(C)C)cc1)c1ccccc1,5.2441251443275085,5700.0,1,CHEMBL5170231,Replicase polyprotein 1ab
C[C@H](NC(=O)C(c1cccnc1)N(C(=O)c1ccco1)c1ccc(C2CCCCC2)cc1)c1ccccc1,6.292429823902063,510.0,1,CHEMBL5178131,Replicase polyprotein 1ab
C[C@H](NC(=O)C(c1cccnc1)N(C(=O)c1ccco1)c1ccc(Cc2ccccc2)cc1)c1ccccc1,4.454692883534176,35100.0,1,CHEMBL5195155,Replicase polyprotein 1ab
C[C@H](NC(=O)C(c1cccnc1)N(C(=O)c1ccco1)c1ccc(N2CCCCC2)cc1)c1ccccc1,5.262807357295263,5460.0,1,CHEMBL5171513,Replicase polyprotein 1ab
C[C@H](NC(=O)C(c1cccnc1)N(C(=O)c1ccco1)c1ccc(OC(C)(C)C)cc1)c1ccccc1,4.659952682338607,21880.0,1,CHEMBL5170981,Replicase polyprotein 1ab
C[C@H](NC(=O)C(c1cccnc1)N(C(=O)c1ccco1)c1ccc([Si](C)(C)C)cc1)c1ccccc1,5.705533773838407,1970.0,1,CHEMBL5198265,Replicase polyprotein 1ab
C[C@H](NC(=O)C(c1cccnc1)N(C(=O)c1ccno1)c1ccc(-c2ccccc2)cc1)c1ccccc1,5.607303046740334,2470.0,1,CHEMBL5196047,Replicase polyprotein 1ab
C[C@H](NC(=O)C(c1cccnc1)N(C(=O)c1ccno1)c1ccc(C2CCCCC2)cc1)c1ccccc1,6.0915149811213505,810.0,1,CHEMBL5172431,Replicase polyprotein 1ab
C[C@H](NC(=O)C(c1cccnc1)N(C(=O)c1cnco1)c1ccc(-c2ccccc2)cc1)c1ccccc1,5.303643611266668,4970.0,1,CHEMBL5190815,Replicase polyprotein 1ab
C[C@H](NC(=O)C(c1cnccn1)N(C(=O)c1c[nH]cn1)c1ccc(-c2ccccc2)cc1)c1ccccc1,6.173925197299173,670.0,1,CHEMBL5201613,Replicase polyprotein 1ab
C[C@H](NC(=O)C(c1cnccn1)N(C(=O)c1ccco1)c1ccc(-c2ccccc2)cc1)c1ccccc1,6.552841968657781,280.0,1,CHEMBL5207542,Replicase polyprotein 1ab
C[C@H](NC(=O)C1CCC(F)(F)CC1)C(=O)N[C@H](Cc1ccccc1)C(=O)C(=O)NCc1ccccn1,7.1791420105603,66.2,1,CHEMBL5631849,Replicase polyprotein 1ab
C[C@H](NC(=O)OCc1ccccc1)C(=O)N[C@@H](C)C(=O)NN(CC(N)=O)C(=O)/C=C/C(=O)c1ccccc1,6.309803919971486,490.0,1,CHEMBL468971,Replicase polyprotein 1ab
C[C@H](NC(=O)[C@@H](c1ccccc1)N(C(=O)c1ccco1)c1ccc(-c2ccccc2)cc1)c1ccccc1,9.698970004336019,0.2,1,CHEMBL5283942,Replicase polyprotein 1ab
C[C@H](NC(=O)[C@@H](c1cccnc1)N(C(=O)C#CCC#N)c1ccc(-c2ccccc2)cc1)c1ccccc1,6.301029995663981,500.0,1,CHEMBL5632671,Replicase polyprotein 1ab
C[C@H](NC(=O)[C@@H](c1cccnc1)N(C(=O)C#CCCl)c1ccc(-c2ccccc2)cc1)c1ccccc1,7.3979400086720375,40.0,1,CHEMBL5633615,Replicase polyprotein 1ab
C[C@H](NC(=O)[C@@H](c1cccnc1)N(C(=O)C(Br)(Br)Br)c1ccc(-c2ccccc2)cc1)c1ccccc1,7.096910013008056,80.0,2,CHEMBL5401551,Replicase polyprotein 1ab
C[C@H](NC(=O)[C@@H](c1cccnc1)N(C(=O)C(Cl)Cl)c1ccc(-c2ccccc2)cc1)c1ccccc1,6.173925197299173,670.0,7,CHEMBL5173559,Replicase polyprotein 1ab
C[C@H](NC(=O)[C@@H](c1cccnc1)N(C(=O)CC#N)c1ccc(-c2ccccc2)cc1)c1ccccc1,6.301029995663981,500.0,1,CHEMBL5557526,Replicase polyprotein 1ab
C[C@H](NC(=O)[C@@H](c1cccnc1)N(C(=O)CCl)c1ccc(-c2ccccc2)cc1)c1ccccc1,7.301029995663981,50.0,1,CHEMBL5517978,Replicase polyprotein 1ab
C[C@H](NC(=O)[C@@H](c1cccnc1)N(C(=O)CCl)c1ccc(-n2cccc2)cc1)c1ccccc1,7.301029995663981,50.0,1,CHEMBL5200851,Replicase polyprotein 1ab
C[C@H](NC(=O)[C@@H](c1cccnc1)N(C(=O)c1ccco1)c1ccc(-c2ccccc2)cc1)c1ccccc1,6.34454718531193,485.0,4,CHEMBL5206501,Replicase polyprotein 1ab
C[C@H](NC(=O)[C@@H](c1cccnc1)N(C(=O)c1ccco1)c1ccc(-n2cccc2)cc1)c1ccccc1,6.026872146400302,940.0,1,CHEMBL5562560,Replicase polyprotein 1ab
C[C@H](NC(=O)[C@@H](c1cccnc1)N(C(=O)c1ccco1)c1ccc(C(C)(C)C)cc1)c1ccccc1,5.2441251443275085,5700.0,1,CHEMBL5560737,Replicase polyprotein 1ab
C[C@H](NC(=O)[C@H](c1cccnc1)N(C(=O)C#CCC#N)c1ccc(-c2ccccc2)cc1)c1ccccc1,4.698970004336019,20000.0,1,CHEMBL5631856,Replicase polyprotein 1ab
C[C@H](NC(=O)[C@H](c1cccnc1)N(C(=O)C#CCCl)c1ccc(-c2ccccc2)cc1)c1ccccc1,5.954677021213342,1110.0,1,CHEMBL5631847,Replicase polyprotein 1ab
C[C@H](NC(=O)[C@H](c1cccnc1)N(C(=O)c1ccco1)c1ccc(-c2ccccc2)cc1)c1ccccc1,4.698970004336019,20000.0,1,CHEMBL5191806,Replicase polyprotein 1ab
C[C@H](NC[C@@H](c1cccnc1)N(C(=O)C(Br)(Br)Br)c1ccc(-c2ccccc2)cc1)c1ccccc1,7.096910013008056,80.0,1,CHEMBL5281998,Replicase polyprotein 1ab
C[C@H](NC[C@@H](c1cccnc1)N(C(=O)C(Cl)Cl)c1ccc(-c2ccccc2)cc1)c1ccccc1,6.366531544420414,430.0,1,CHEMBL5283004,Replicase polyprotein 1ab
C[C@H](c1cccc(-c2ccc(CN3CCCC3)s2)c1)N(C)Cc1c[nH]c2ccccc12,5.692503962086787,2030.0,1,CHEMBL5557565,Replicase polyprotein 1ab
C[C@H](c1cccc(-c2ccc(CN3CCCC3)s2)c1)N(C)Cc1ccc(O)cc1,5.229884705212898,5890.0,1,CHEMBL5594354,Replicase polyprotein 1ab
C[C@H](c1cccc(-c2ccc(CN3CCCC3)s2)c1)N(C)Cc1ccc2[nH]ncc2c1,5.149353764816934,7090.0,1,CHEMBL5557029,Replicase polyprotein 1ab
C[C@H](c1cccc(-c2ccc(CN3CCCC3)s2)c1)N(C)Cc1cccc2[nH]ccc12,5.4698003017969175,3390.0,1,CHEMBL5569772,Replicase polyprotein 1ab
C[C@H](c1cccc(-c2cccs2)c1)N(C)Cc1c[nH]c2cc(F)ccc12,5.6307841425898575,2340.0,1,CHEMBL5549902,Replicase polyprotein 1ab
C[C@H](c1cccc(-c2cccs2)c1)N(C)Cc1c[nH]c2ccc(F)cc12,5.575118363368933,2660.0,1,CHEMBL5563853,Replicase polyprotein 1ab
C[C@H](c1cccc(-c2cccs2)c1)N(C)Cc1c[nH]c2ccccc12,5.610833915635467,2450.0,1,CHEMBL5566394,Replicase polyprotein 1ab
C[C@H](c1cccc(-c2cccs2)c1)N(C)Cc1ccc(O)cc1,5.7544873321858505,1760.0,1,CHEMBL5571829,Replicase polyprotein 1ab
C[C@H](c1cccc(-c2cccs2)c1)N(C)Cc1ccc(O)cc1O,5.298432014944073,5030.0,1,CHEMBL5549861,Replicase polyprotein 1ab
C[C@H](c1cccc(-c2cccs2)c1)N(C)Cc1ccc2cn[nH]c2c1,5.627087997029894,2360.0,1,CHEMBL5570702,Replicase polyprotein 1ab
C[C@H](c1cccc2ccccc12)N(C)Cc1c(F)cc(N)cc1F,5.841637507904751,1440.0,1,CHEMBL6150853,Replicase polyprotein 1ab
C[C@H](c1cccc2ccccc12)N(C)Cc1c[nH]c(=O)[nH]c1=O,4.71602071576152,19230.0,1,CHEMBL6146226,Replicase polyprotein 1ab
C[C@H](c1cccc2ccccc12)N(C)Cc1c[nH]c2cc(F)ccc12,6.221848749616356,600.0,1,CHEMBL5573357,Replicase polyprotein 1ab
C[C@H](c1cccc2ccccc12)N(C)Cc1c[nH]c2ccc(F)cc12,6.275724130399211,530.0,1,CHEMBL5589867,Replicase polyprotein 1ab
C[C@H](c1cccc2ccccc12)N(C)Cc1c[nH]c2ccccc12,6.173925197299173,670.0,6,CHEMBL5182315,Replicase polyprotein 1ab
C[C@H](c1cccc2ccccc12)N(C)Cc1cc(F)c(O)c(F)c1,5.187755303199631,6490.0,1,CHEMBL6120594,Replicase polyprotein 1ab
C[C@H](c1cccc2ccccc12)N(C)Cc1cc(N)ccc1Cl,5.732828271596986,1850.0,1,CHEMBL6161841,Replicase polyprotein 1ab
C[C@H](c1cccc2ccccc12)N(C)Cc1cc(NC2CCNCC2)ccc1O,4.698970004336019,20000.0,1,CHEMBL5542590,Replicase polyprotein 1ab
C[C@H](c1cccc2ccccc12)N(C)Cc1cc(O)cc(O)c1,5.565431095965801,2720.0,1,CHEMBL6169168,Replicase polyprotein 1ab
C[C@H](c1cccc2ccccc12)N(C)Cc1cc(O)ccc1Cl,5.575118363368933,2660.0,1,CHEMBL6146237,Replicase polyprotein 1ab
C[C@H](c1cccc2ccccc12)N(C)Cc1cc([N+](=O)[O-])ccc1O,4.698970004336019,20000.0,1,CHEMBL5569397,Replicase polyprotein 1ab
C[C@H](c1cccc2ccccc12)N(C)Cc1cc2ccccc2[nH]1,5.1904402853647325,6450.0,1,CHEMBL5575420,Replicase polyprotein 1ab
C[C@H](c1cccc2ccccc12)N(C)Cc1cc[nH]c1,5.303643611266668,4970.0,1,CHEMBL5573632,Replicase polyprotein 1ab
C[C@H](c1cccc2ccccc12)N(C)Cc1ccc(-n2cccc2)cc1,4.698970004336019,20000.0,1,CHEMBL6148563,Replicase polyprotein 1ab
C[C@H](c1cccc2ccccc12)N(C)Cc1ccc(B(O)O)cc1,5.886056647693163,1300.0,1,CHEMBL6152709,Replicase polyprotein 1ab
C[C@H](c1cccc2ccccc12)N(C)Cc1ccc(C(=O)O)cc1,4.698970004336019,20000.0,1,CHEMBL5556679,Replicase polyprotein 1ab
C[C@H](c1cccc2ccccc12)N(C)Cc1ccc(N(C)CCO)cc1,5.035269078946371,9220.0,1,CHEMBL6168449,Replicase polyprotein 1ab
C[C@H](c1cccc2ccccc12)N(C)Cc1ccc(N)cc1,5.910094888560602,1230.0,1,CHEMBL5570272,Replicase polyprotein 1ab
C[C@H](c1cccc2ccccc12)N(C)Cc1ccc(O)c(O)c1,5.051098239029786,8890.0,1,CHEMBL6150186,Replicase polyprotein 1ab
C[C@H](c1cccc2ccccc12)N(C)Cc1ccc(O)cc1,6.173925197299173,670.0,7,CHEMBL5173886,Replicase polyprotein 1ab
C[C@H](c1cccc2ccccc12)N(C)Cc1ccc(O)cc1Cl,6.096910013008056,800.0,2,CHEMBL5176085,Replicase polyprotein 1ab
C[C@H](c1cccc2ccccc12)N(C)Cc1ccc(O)cc1F,5.55129368009492,2810.0,1,CHEMBL5573491,Replicase polyprotein 1ab
C[C@H](c1cccc2ccccc12)N(C)Cc1ccc(O)cc1O,6.236572006437063,580.0,1,CHEMBL5573437,Replicase polyprotein 1ab
C[C@H](c1cccc2ccccc12)N(C)Cc1ccc(O)cn1,5.259637310505756,5500.0,1,CHEMBL6151667,Replicase polyprotein 1ab
C[C@H](c1cccc2ccccc12)N(C)Cc1ccc(OCC(N)=O)cc1,5.546681659952962,2840.0,1,CHEMBL6165859,Replicase polyprotein 1ab
C[C@H](c1cccc2ccccc12)N(C)Cc1ccc2[nH]ccc2c1,5.801342913045577,1580.0,1,CHEMBL6163474,Replicase polyprotein 1ab
C[C@H](c1cccc2ccccc12)N(C)Cc1ccc2[nH]ncc2c1,6.180456064458132,660.0,3,CHEMBL5207076,Replicase polyprotein 1ab
C[C@H](c1cccc2ccccc12)N(C)Cc1ccc2[nH]nnc2c1,5.607303046740334,2470.0,1,CHEMBL6151360,Replicase polyprotein 1ab
C[C@H](c1cccc2ccccc12)N(C)Cc1ccc2c(c1)COC2=O,5.193141970481182,6410.0,1,CHEMBL6149914,Replicase polyprotein 1ab
C[C@H](c1cccc2ccccc12)N(C)Cc1ccc2c(c1)NC(=O)CO2,5.154281982033341,7010.0,1,CHEMBL6143975,Replicase polyprotein 1ab
C[C@H](c1cccc2ccccc12)N(C)Cc1ccc2cc[nH]c2c1,5.886056647693163,1300.0,1,CHEMBL6141994,Replicase polyprotein 1ab
C[C@H](c1cccc2ccccc12)N(C)Cc1ccc2cccc(O)c2n1,4.698970004336019,20000.0,1,CHEMBL6149835,Replicase polyprotein 1ab
C[C@H](c1cccc2ccccc12)N(C)Cc1ccc2cn[nH]c2c1,6.200659450546418,630.0,1,CHEMBL5572033,Replicase polyprotein 1ab
C[C@H](c1cccc2ccccc12)N(C)Cc1ccc2ncccc2c1,5.289882634888183,5130.0,1,CHEMBL6161722,Replicase polyprotein 1ab
C[C@H](c1cccc2ccccc12)N(C)Cc1ccc[nH]1,5.1487416512809245,7100.0,1,CHEMBL6144971,Replicase polyprotein 1ab
C[C@H](c1cccc2ccccc12)N(C)Cc1cccc(C(=O)O)c1,4.698970004336019,20000.0,1,CHEMBL5555809,Replicase polyprotein 1ab
C[C@H](c1cccc2ccccc12)N(C)Cc1cccc(N)c1,5.627087997029894,2360.0,1,CHEMBL5575331,Replicase polyprotein 1ab
C[C@H](c1cccc2ccccc12)N(C)Cc1cccc(O)c1,5.812479279163537,1540.0,1,CHEMBL6145421,Replicase polyprotein 1ab
C[C@H](c1cccc2ccccc12)N(C)Cc1cccc(S(N)(=O)=O)c1,5.213248577854439,6120.0,1,CHEMBL6151483,Replicase polyprotein 1ab
C[C@H](c1cccc2ccccc12)N(C)Cc1cccc2[nH]ccc12,6.2076083105017466,620.0,3,CHEMBL5174607,Replicase polyprotein 1ab
C[C@H](c1cccc2ccccc12)N(C)Cc1cccc2cc[nH]c12,5.286509456906058,5170.0,1,CHEMBL5571307,Replicase polyprotein 1ab
C[C@H](c1cccc2ccccc12)N(C)Cc1cccnc1,5.031984286006359,9290.0,1,CHEMBL2426535,Replicase polyprotein 1ab
C[C@H](c1cccc2ccccc12)N(C)Cc1ccnc(O)c1,4.698970004336019,20000.0,1,CHEMBL6146077,Replicase polyprotein 1ab
C[C@H](c1cccc2ccccc12)N(C)Cc1cn(CC(N)=O)c2ccccc12,5.939302159646388,1150.0,1,CHEMBL6144482,Replicase polyprotein 1ab
C[C@H](c1cccc2ccccc12)N(C)Cc1cnc(N)cc1N,5.250263684430939,5620.0,1,CHEMBL6120874,Replicase polyprotein 1ab
C[C@H](c1cccc2ccccc12)N(C)Cc1cnc(N)nc1,4.7801536139756395,16590.0,1,CHEMBL6147855,Replicase polyprotein 1ab
C[C@H](c1cccc2ccccc12)N(C)Cc1cnc2c(O)cccn12,4.844663962534939,14300.0,1,CHEMBL6152765,Replicase polyprotein 1ab
C[C@H](c1cccc2ccccc12)N(C)Cc1cnccn1,4.698970004336019,20000.0,1,CHEMBL6148057,Replicase polyprotein 1ab
C[C@H](c1cccc2ccccc12)N(C)Cc1cncn1C,5.079876673709276,8320.0,1,CHEMBL6163389,Replicase polyprotein 1ab
C[C@H](c1cccc2ccccc12)N(C)Cc1cnn(C)c1,4.995678626217358,10100.0,1,CHEMBL6162023,Replicase polyprotein 1ab
C[C@H](c1cccc2ccccc12)N(C)Cc1n[nH]c2ccc(O)cc12,5.399027104313252,3990.0,1,CHEMBL6142772,Replicase polyprotein 1ab
C[C@H](c1cccc2ccccc12)N(C)Cc1n[nH]c2cccc(O)c12,4.698970004336019,20000.0,1,CHEMBL6148159,Replicase polyprotein 1ab
C[C@H](c1cccc2ccccc12)N1CCC(C(=O)NCC2CCN(C)CC2)CC1,5.665546248849069,2160.0,3,CHEMBL5171052,Replicase polyprotein 1ab
C[C@H](c1cccc2ccccc12)N1CCC(C(=O)NCC2CCOCC2)CC1,5.886056647693163,1300.0,1,CHEMBL6150258,Replicase polyprotein 1ab
C[C@H](c1cccc2ccccc12)N1CCC(C(=O)NCc2cc(F)cc(NC(=O)CN(C)C)c2)CC1,6.107905397309519,780.0,3,CHEMBL5187162,Replicase polyprotein 1ab
C[C@H](c1cccc2ccccc12)N1CCC(C(=O)NCc2cc(F)cc(NC(=O)N3CCN(C)CC3)c2)CC1,6.356547323513812,440.0,6,CHEMBL5191209,Replicase polyprotein 1ab
C[C@H](c1cccc2ccccc12)N1CCC(C(=O)NCc2ccc(S(N)(=O)=O)cc2)CC1,6.221848749616356,600.0,1,CHEMBL6162033,Replicase polyprotein 1ab
C[C@H](c1cccc2ccccc12)N1CCC(C(=O)NCc2cccc(F)c2)CC1,5.756961951313706,1750.0,3,CHEMBL3233815,Replicase polyprotein 1ab
C[C@H](c1cccc2ccccc12)N1CCC(C(=O)NCc2cccc(NC(=O)CN(C)C)c2)CC1,5.818156412055227,1520.0,3,CHEMBL5175589,Replicase polyprotein 1ab
C[C@H](c1cccc2ccccc12)N1CCC(C(=O)NCc2cccc(NC(=O)N3CCN(C)CC3)c2)CC1,6.236572006437063,580.0,3,CHEMBL5180567,Replicase polyprotein 1ab
C[C@H](c1cccc2ccccc12)N1CCC(C(=O)NCc2cccnc2)CC1,6.086186147616283,820.0,1,CHEMBL3233820,Replicase polyprotein 1ab
C[C@H](c1cccc2ccccc12)N1CCC(C(=O)NCc2ccn(C)c(=O)c2)CC1,6.161150909262744,690.0,1,CHEMBL6144005,Replicase polyprotein 1ab
C[C@H](c1cccc2ccccc12)N1Cc2ccccc2C1,5.119186407719209,7600.0,1,CHEMBL5199721,Replicase polyprotein 1ab
C[C@H](c1ccccc1Cl)N(C)Cc1cc(O)ccc1Cl,5.175874166083451,6670.0,1,CHEMBL5206079,Replicase polyprotein 1ab
C[C@H]1COC2=C1C(=O)C(=O)c1c2ccc2c1CCCC2(C)C,5.376750709602099,4200.0,3,CHEMBL187460,Replicase polyprotein 1ab
C[C@H]1C[C@H]1c1nnc(Nc2ccc([C@@H](CC(=O)O)NC(=O)c3c[nH]c4ncncc34)cc2)o1,4.041434783751757,91090.0,2,CHEMBL5442162,Replicase polyprotein 1ab
C[C@H]1C[C@H]1c1nnc(Nc2ccc([C@@H](CC(=O)O)NC(=O)c3ncnc4[nH]ccc34)cc2)o1,5.161690058489091,6951.0,2,CHEMBL5441904,Replicase polyprotein 1ab
C[C@H]1[C@H](NC(=O)[C@H](Cc2ccccc2)NC(=O)c2cc3ccccc3[nH]2)C(=O)N1S(=O)(=O)O,3.3010299956639813,500000.0,1,CHEMBL5427178,Replicase polyprotein 1ab
C[S+]([O-])c1nnc(-c2ccc(Cl)cc2)o1,6.214670164989233,610.0,1,CHEMBL5639629,Replicase polyprotein 1ab
C[n+]1c2cc(N)ccc2cc2ccc(N)cc21.[Cl-],5.277291315117041,5290.0,2,CHEMBL354349,Replicase polyprotein 1ab
Cc1[nH]c2ncnc(C(=O)Nc3ccnc(Cl)c3)c2c1C,4.002176919254275,99500.0,1,CHEMBL5442138,Replicase polyprotein 1ab
Cc1[nH]c2ncnc(NC(=O)C3(c4ccc(F)cc4)CCC3)c2c1C,4.685834295860023,20647.0,2,CHEMBL5442136,Replicase polyprotein 1ab
Cc1[nH]c2ncnc(NC(=O)C3CC(C(F)(F)F)C3)c2c1C,4.002176919254275,99500.0,1,CHEMBL5442011,Replicase polyprotein 1ab
Cc1[nH]c2ncnc(NC(=O)C3CC=CC3)c2c1C,4.376761050070008,41999.0,1,CHEMBL5441693,Replicase polyprotein 1ab
Cc1[nH]c2ncnc(NC(=O)CCc3ccccc3)c2c1C,4.002176919254275,99500.0,1,CHEMBL5442118,Replicase polyprotein 1ab
Cc1[nH]c2ncnc(NC(=O)Cc3ccc(Cl)nc3)c2c1C,4.002176919254275,99500.0,1,CHEMBL5441638,Replicase polyprotein 1ab
Cc1[nH]c2ncnc(NC(=O)Cc3cn[nH]c3)c2c1C,4.064000384855502,87113.5,2,CHEMBL5442009,Replicase polyprotein 1ab
Cc1[nH]c2ncnc(NC(=O)[C@@H](CC(F)F)C3CCC3)c2c1C,5.08592245967564,8205.0,2,CHEMBL5441867,Replicase polyprotein 1ab
Cc1[nH]c2ncnc(NC(=O)[C@@H]3CCCc4ncccc43)c2c1C,4.002176919254275,99500.0,2,CHEMBL5442088,Replicase polyprotein 1ab
Cc1[nH]c2ncnc(NC(=O)[C@@H]3CCO[C@@H]3C)c2c1C,3.9140960617506906,121872.0,1,CHEMBL5441654,Replicase polyprotein 1ab
Cc1[nH]c2ncnc(NC(=O)[C@@H]3CCc4c(Cl)cccc43)c2c1C,4.002176919254275,99500.0,1,CHEMBL5441928,Replicase polyprotein 1ab
Cc1[nH]c2ncnc(NC(=O)[C@@H]3Cc4ccccc4CO3)c2c1C,4.002176919254275,99500.0,2,CHEMBL5441831,Replicase polyprotein 1ab
Cc1[nH]c2ncnc(NC(=O)c3cc(Cl)ccn3)c2c1C,4.002176919254275,99500.0,2,CHEMBL5442129,Replicase polyprotein 1ab
Cc1[nH]c2ncnc(NC(=O)c3ccc(-n4cccc4)nc3)c2c1C,4.002176919254275,99500.0,1,CHEMBL5441909,Replicase polyprotein 1ab
Cc1[nH]c2ncnc(NC(=O)c3ccc(-n4cccn4)nc3)c2c1C,4.002176919254275,99500.0,1,CHEMBL5441631,Replicase polyprotein 1ab
Cc1[nH]c2ncnc(NC(=O)c3ccc(-n4cnnc4)cc3)c2c1C,4.002176919254275,99500.0,1,CHEMBL5441862,Replicase polyprotein 1ab
Cc1[nH]c2ncnc(NC(=O)c3ccc(C#N)nc3)c2c1C,4.002176919254275,99500.0,1,CHEMBL5441850,Replicase polyprotein 1ab
Cc1[nH]c2ncnc(NC(=O)c3ccc(C(F)(F)F)nc3)c2c1C,4.002176919254275,99500.0,1,CHEMBL5441758,Replicase polyprotein 1ab
Cc1[nH]c2ncnc(NC(=O)c3ccc(Cl)cn3)c2c1C,4.002176919254275,99500.0,1,CHEMBL5442026,Replicase polyprotein 1ab
Cc1[nH]c2ncnc(NC(=O)c3ccc(Cl)nn3)c2c1C,4.002176919254275,99500.0,2,CHEMBL5441590,Replicase polyprotein 1ab
Cc1[nH]c2ncnc(NC(=O)c3ccc(N(C)C)nc3)c2c1C,4.002176919254275,99500.0,2,CHEMBL5441665,Replicase polyprotein 1ab
Cc1[nH]c2ncnc(NC(=O)c3ccc(S(C)(=O)=O)nc3)c2c1C,4.002176919254275,99500.0,1,CHEMBL5442001,Replicase polyprotein 1ab
Cc1[nH]c2ncnc(NC(=O)c3cccc(Cl)n3)c2c1C,4.002176919254275,99500.0,1,CHEMBL5441607,Replicase polyprotein 1ab
Cc1[nH]c2ncnc(NC(=O)c3cccnc3)c2c1C,4.002176919254275,99500.0,2,CHEMBL5441808,Replicase polyprotein 1ab
Cc1[nH]c2ncnc(NC(=O)c3cccnn3)c2c1C,4.002176919254275,99500.0,2,CHEMBL5441621,Replicase polyprotein 1ab
Cc1[nH]c2ncnc(NC(=O)c3ccncc3)c2c1C,4.002176919254275,99500.0,2,CHEMBL5441615,Replicase polyprotein 1ab
Cc1[nH]c2ncnc(NC(=O)c3ccncc3Cl)c2c1C,4.597618235760902,25257.0,1,CHEMBL4975056,Replicase polyprotein 1ab
Cc1[nH]c2ncnc(NC(=O)c3ccnnc3)c2c1C,4.002176919254275,99500.0,2,CHEMBL5441599,Replicase polyprotein 1ab
Cc1[nH]c2ncnc(NC(=O)c3cnc(Cl)cn3)c2c1C,4.002176919254275,99500.0,2,CHEMBL5441853,Replicase polyprotein 1ab
Cc1[nH]c2ncnc(NC(=O)c3cncc(Cl)n3)c2c1C,4.002176919254275,99500.0,1,CHEMBL5441953,Replicase polyprotein 1ab
Cc1[nH]c2ncnc(NC(=O)c3cncnc3)c2c1C,4.002176919254275,99500.0,1,CHEMBL5441658,Replicase polyprotein 1ab
Cc1[nH]c2ncnc(NC(=O)c3ncccc3Cl)c2c1C,4.263248644964413,54822.5,2,CHEMBL5441880,Replicase polyprotein 1ab
Cc1[nH]c2ncnc(NC(=O)c3ncn(-c4ccccc4)n3)c2c1C,4.002176919254275,99500.0,1,CHEMBL5441601,Replicase polyprotein 1ab
Cc1[nH]c2ncnc(NCc3ccco3)c2c1C,4.002176919254275,99500.0,1,CHEMBL5441558,Replicase polyprotein 1ab
Cc1[nH]nc2ncc(C(=O)N[C@@H](c3ccc4c(c3)OCCO4)C(C)C)cc12,4.002176919254275,99500.0,1,CHEMBL5441540,Replicase polyprotein 1ab
Cc1c(-c2cc3c(N[C@@H](c4ccc5c(c4)OCCO5)C(C)C)ncnc3[nH]2)cnn1C,6.174390561937471,670.0,2,CHEMBL5441766,Replicase polyprotein 1ab
Cc1c(-c2ccc(O)c(O)c2)oc2cc(O)cc(O)c2c1=O,5.366531544420414,4300.0,1,CHEMBL5280903,Replicase polyprotein 1ab
Cc1c(-c2cnccn2)ssc1=S,6.442694507883914,415.0,2,CHEMBL178459,Replicase polyprotein 1ab
Cc1c(Br)cncc1NC[C@@H](N)CC1CCCCC1,5.1249387366083,7500.0,1,CHEMBL5564057,Replicase polyprotein 1ab
Cc1c(C#N)cncc1-c1cc2c(N[C@@H](c3ccc4c(c3)OCCO4)C(C)C)ncnc2[nH]1,4.753178492262893,17712.0,2,CHEMBL5441520,Replicase polyprotein 1ab
Cc1c(C(=O)/C=C/c2ccc(O)c([N+](=O)[O-])c2)c(C#N)c2n1CCC2,4.301029995663981,50000.0,1,CHEMBL5426089,Replicase polyprotein 1ab
Cc1c(C(=O)N(C)[C@@H](CC(C)C)C(=O)N2C[C@]3(CC2C#N)C(=O)Nc2ccccc23)[nH]c2cc(F)cc(F)c12,7.0,100.0,1,CHEMBL5844800,Replicase polyprotein 1ab
Cc1c(C(=O)N(C)[C@@H](CC(C)C)C(=O)N2C[C@]3(C[C@H]2C#N)C(=O)Nc2ccccc23)[nH]c2cc(F)cc(F)c12,7.0,100.0,1,CHEMBL6027325,Replicase polyprotein 1ab
Cc1c(COc2cc(OCc3cccc(C#N)c3)c(CN3C[C@H](O)C[C@@H]3C(=O)O)cc2Cl)cccc1-c1ccc2c(c1)OCCO2,7.962573502059376,10.9,1,CHEMBL4071326,Replicase polyprotein 1ab
Cc1c(Cl)cccc1-n1[se]c2ccccc2c1=O,6.726404669783042,657.685,2,CHEMBL5202141,Replicase polyprotein 1ab
Cc1c(Cl)cncc1OC(=O)c1cccc2[nH]ccc12,5.657577319177793,2200.0,1,CHEMBL4862535,Replicase polyprotein 1ab
Cc1c(NC(=S)N/N=C/c2ccc(-c3ccc([N+](=O)[O-])cc3)o2)c(=O)n(-c2ccccc2)n1C,4.96818772866963,10760.0,2,CHEMBL5175377,Replicase polyprotein 1ab
Cc1c(OCC(F)(F)F)ccnc1C[S+]([O-])c1nc2ccccc2[nH]1,6.102407705158788,995.0,2,CHEMBL480,Replicase polyprotein 1ab
Cc1c(S(=O)(=O)[O-])oc2c1C(=O)C(=O)c1c-2ccc2c1CCCC2(C)C.[Na+],5.782516055786093,1650.0,1,CHEMBL1473252,Replicase polyprotein 1ab
Cc1cc(-c2cc3c(N[C@@H](c4ccc5c(c4)OCCO5)C(C)C)ncnc3[nH]2)[nH]n1,5.550801483144941,2825.5,2,CHEMBL5441690,Replicase polyprotein 1ab
Cc1cc(-c2cc3c(N[C@@H](c4ccc5c(c4)OCCO5)C(C)C)ncnc3[nH]2)c[nH]1,5.0051795673943245,9888.0,2,CHEMBL5442076,Replicase polyprotein 1ab
Cc1cc(-c2cc3c(N[C@@H](c4ccc5c(c4)OCCO5)C(C)C)ncnc3[nH]2)co1,4.867932518695993,13554.0,3,CHEMBL5442019,Replicase polyprotein 1ab
Cc1cc(-c2cc3c(N[C@@H](c4ccc5c(c4)OCCO5)C(C)C)ncnc3[nH]2)n(C)n1,5.981183580798643,1044.5,2,CHEMBL5442085,Replicase polyprotein 1ab
Cc1cc(-c2cc3c(N[C@@H](c4ccc5c(c4)OCCO5)C(C)C)ncnc3[nH]2)nn1C,5.671460116453472,2209.5,2,CHEMBL5441669,Replicase polyprotein 1ab
Cc1cc(-c2ccc(/C=N/NC(=O)Cn3nnnc3N)o2)c([N+](=O)[O-])cc1C,4.756961951313706,17500.0,1,CHEMBL5170994,Replicase polyprotein 1ab
Cc1cc(-c2ccc(/N=N/c3ccc4c(S(=O)(=O)[O-])cc(S(=O)(=O)[O-])c(N)c4c3O)c(C)c2)ccc1/N=N/c1ccc2c(S(=O)(=O)[O-])cc(S(=O)(=O)[O-])c(N)c2c1O.[Na+].[Na+].[Na+].[Na+],6.698970004336019,200.0,1,CHEMBL1200712,Replicase polyprotein 1ab
Cc1cc(-c2nc3cc(O)c(O)c(O)c3c(=O)[nH]2)n(C)n1,4.698970004336019,20000.0,1,CHEMBL5400054,Replicase polyprotein 1ab
Cc1cc(-n2c(-c3ccccc3)nc3cc(O)c(O)c(O)c3c2=O)ccc1F,6.931814138253839,117.0,1,CHEMBL5424318,Replicase polyprotein 1ab
Cc1cc(-n2c(C(C)c3ccccc3)nc3cc(O)c(O)c(O)c3c2=O)ccc1F,5.997833938243493,1005.0,1,CHEMBL5406997,Replicase polyprotein 1ab
Cc1cc(-n2c(CC(C)C)nc3cc(O)c(O)c(O)c3c2=O)ccc1F,7.0,100.0,1,CHEMBL5406059,Replicase polyprotein 1ab
Cc1cc(-n2c(Cc3ccccc3)nc3cc(O)c(O)c(O)c3c2=O)ccc1F,6.29929628285498,502.0,1,CHEMBL5427453,Replicase polyprotein 1ab
Cc1cc(=O)[nH]c2cc(N(C)C(=O)[C@H]3O[C@@H](n4cc(C#Cc5cncnc5)c5c(N)ncnc54)[C@H](O)[C@@H]3O)ccc12,6.050609993355087,890.0,1,CHEMBL6133897,Replicase polyprotein 1ab
Cc1cc(=O)[nH]c2cc(NC(=O)[C@H]3O[C@@H](n4cc(C#Cc5cncnc5)c5c(N)ncnc54)[C@H](O)[C@@H]3O)ccc12,7.366531544420414,43.0,1,CHEMBL6147386,Replicase polyprotein 1ab
Cc1cc(=O)[nH]c2cc(NC(=O)[C@H]3O[C@@H](n4cnc5c(N)ncnc54)[C@H](O)[C@@H]3O)ccc12,6.455931955649724,350.0,1,CHEMBL6146733,Replicase polyprotein 1ab
Cc1cc(=O)oc2cc(NC(=O)[C@H]3O[C@@H](n4cc(C#Cc5cncnc5)c5c(N)ncnc54)[C@H](O)[C@@H]3O)ccc12,7.508638306165727,31.0,3,CHEMBL6102833,Replicase polyprotein 1ab
Cc1cc(=O)oc2cc(NC(=O)[C@H]3O[C@@H](n4cnc5c(N)ncnc54)[C@H](O)[C@@H]3O)ccc12,6.443697499232712,360.0,1,CHEMBL6103030,Replicase polyprotein 1ab
Cc1cc(=O)oc2cc(S(=O)(=O)C[C@H]3O[C@@H](n4cnc5c(N)ncnc54)[C@H](O)[C@@H]3O)ccc12,4.6020599913279625,25000.0,1,CHEMBL6102988,Replicase polyprotein 1ab
Cc1cc(=O)oc2cc(SC[C@H]3O[C@@H](n4cnc5c(N)ncnc54)[C@H](O)[C@@H]3O)ccc12,5.43533393574791,3670.0,1,CHEMBL6134432,Replicase polyprotein 1ab
Cc1cc(C(=O)NCc2cscn2)ccc1C(=O)N[C@H](C)c1cc(-c2cnn(C)c2)cc(-c2ccns2)c1,8.522878745280337,3.0,1,CHEMBL5593349,Replicase polyprotein 1ab
Cc1cc(C(=O)NCc2cscn2)ccc1C(=O)N[C@H](C)c1cc(-c2cnn(C)c2)nc2ccccc12,8.522878745280337,3.0,1,CHEMBL6145392,Replicase polyprotein 1ab
Cc1cc(C(=O)NCc2ncsc2C)ccc1C(=O)N[C@H](C)c1cc(-c2cnn(C)c2)nc2ccccc12,8.698970004336019,2.0,1,CHEMBL6141915,Replicase polyprotein 1ab
Cc1cc(C(=O)N[C@@H](CC2CC2)C(=O)N[C@@H](CC(C)(C)C)C(=O)N2C[C@]3(C[C@H]2C#N)C(=O)Nc2ccccc23)no1,7.0,100.0,1,CHEMBL5807475,Replicase polyprotein 1ab
Cc1cc(C(=O)N[C@@H](CC2CCCCC2)C(=O)NN(CCC(N)=O)C(=O)CCl)no1,8.397940008672037,4.0,1,CHEMBL5186059,Replicase polyprotein 1ab
Cc1cc(C(=O)N[C@@H](Cc2ccc(F)cc2)C(=O)N(C)[C@@H](CC(C)(C)C)C(=O)N2C[C@]3(C[C@H]2C#N)C(=O)Nc2ccccc23)no1,7.0,100.0,1,CHEMBL5953288,Replicase polyprotein 1ab
Cc1cc(C(=O)N[C@@H](Cc2ccc(F)cc2)C(=O)N(C)[C@@H](CC(C)C)C(=O)N2C[C@]3(C[C@H]2NC=O)C(=O)Nc2ccccc23)no1,7.0,100.0,1,CHEMBL6042269,Replicase polyprotein 1ab
Cc1cc(C(=O)N[C@@H](Cc2ccc(F)cc2)C(=O)N[C@@H](CC(C)(C)C)C(=O)N2C[C@]3(C[C@H]2C#N)C(=O)Nc2ccccc23)no1,7.0,100.0,1,CHEMBL5926446,Replicase polyprotein 1ab
Cc1cc(C(=O)N[C@@H](Cc2cccc3ccccc23)C(=O)N[C@@H](CC(C)C)C(=O)N[C@H](C=O)C[C@@H]2CCCNC2=O)no1,6.780677491580663,165.7,1,CHEMBL5532059,Replicase polyprotein 1ab
Cc1cc(C(=O)N[C@H](C(=O)N(C)[C@@H](CC(C)C)C(=O)N2C[C@]3(C[C@H]2C#N)C(=O)Nc2ccccc23)C2CCCCC2)no1,7.0,100.0,1,CHEMBL5896610,Replicase polyprotein 1ab
Cc1cc(C(=O)Nc2cccc(N3CCNC3=O)c2C)sc1C=O,5.556754637413759,2850.0,2,CHEMBL5432498,Replicase polyprotein 1ab
Cc1cc(C(=O)O)ccc1-c1ccc(/C=N/NC(N)=S)o1,5.328827157284917,4690.0,1,CHEMBL5174417,Replicase polyprotein 1ab
Cc1cc(C)cc(CS(=O)(=O)Nc2cnc3[nH]ccc3c2)c1,4.002176919254275,99500.0,1,CHEMBL5441857,Replicase polyprotein 1ab
Cc1cc(C)cc(N2C(=O)CC(Sc3nc[nH]n3)C2=O)c1,5.498940737782249,3170.0,1,CHEMBL1608472,Replicase polyprotein 1ab
Cc1cc(C)cc(N2C(=O)C[n+]3ccccc3C2C(=O)Nc2ccc(Cl)cc2)c1,5.055517327849832,8800.0,1,CHEMBL5593882,Replicase polyprotein 1ab
Cc1cc(C)nc(SC(=O)c2cc3ccccc3[nH]2)n1,5.692503962086787,2030.0,1,CHEMBL5192248,Replicase polyprotein 1ab
Cc1cc(C)nc(SC(=O)c2ccc(C#Cc3ccccc3)o2)n1,6.540607512240769,288.0,1,CHEMBL5169680,Replicase polyprotein 1ab
Cc1cc(CNC(=O)c2cc3c(N[C@@H](c4ccc5c(c4)OCCO5)C(C)C)ncnc3[nH]2)[nH]n1,5.921905849593589,1197.0,1,CHEMBL5441550,Replicase polyprotein 1ab
Cc1cc(CNCc2cscn2)ccc1C(=O)N[C@H](C)c1cc(-c2cnn(C)c2)cc(-c2ccns2)c1,8.522878745280337,3.0,1,CHEMBL5595056,Replicase polyprotein 1ab
Cc1cc(COC(=O)[C@@H]2N3C(=O)[C@@H](NC(=O)COc4ccccc4)[C@H]3S(=O)(=O)C2(C)C)on1,5.045757490560675,9000.0,1,CHEMBL5194556,Replicase polyprotein 1ab
Cc1cc(Cl)ccc1C(=O)Oc1cncc(Cl)c1,5.468521082957745,3400.0,1,CHEMBL5597956,Replicase polyprotein 1ab
Cc1cc(Cl)ccc1OCC(=O)N1C[C@@H]2CCC[C@@H]2[C@H]1C(=O)N[C@H](C=O)C[C@@H]1CCNC1=O,7.705533773838407,19.7,1,CHEMBL5288153,Replicase polyprotein 1ab
Cc1cc(Cn2c(Nc3cc4cn(C)nc4cc3Cl)cc(=O)n(Cc3ncn(C)n3)c2=O)c(F)cc1F,7.920818753952375,12.0,1,CHEMBL5557111,Replicase polyprotein 1ab
Cc1cc(N)ccc1C(=O)N[C@H](C)c1cccc2ccccc12,5.1249387366083,7500.0,1,CHEMBL5175329,Replicase polyprotein 1ab
Cc1cc(NCc2cnc3c(c2)NC(=O)CO3)cnc1C,3.905266906246218,124375.0,1,CHEMBL5442010,Replicase polyprotein 1ab
Cc1cc(NS(C)(=O)=O)ccc1C(=O)N[C@H](C)c1cccc2ccccc12,5.0,10000.0,1,CHEMBL5187526,Replicase polyprotein 1ab
Cc1cc(O)cc(C)c1CN(C)[C@H](C)c1cccc2ccccc12,6.431798275933005,370.0,1,CHEMBL6132826,Replicase polyprotein 1ab
Cc1cc(O)ccc1CN(C)[C@H](C)c1cccc2ccccc12,6.045757490560675,900.0,2,CHEMBL5205511,Replicase polyprotein 1ab
Cc1cc(OCCN)ccc1C(=O)N[C@H](C)c1cccc(-c2cccs2)c1,5.512861624522814,3070.0,1,CHEMBL5575326,Replicase polyprotein 1ab
Cc1cc(S(=O)(=O)c2c([N+](=O)[O-])cc(C(F)(F)F)cc2[N+](=O)[O-])c(Cl)cc1Cl,6.522878745280337,300.0,1,CHEMBL212218,Replicase polyprotein 1ab
Cc1cc([N+](=O)[O-])c(-c2ccc(/C=N/NC(=O)c3nonc3N)o2)cc1Cl,4.601712694642599,25020.0,1,CHEMBL5199064,Replicase polyprotein 1ab
Cc1cc2c(C(=O)N[C@@H](CC(=O)O)c3ccc(Br)cc3)cccc2[nH]1,4.002176919254275,99500.0,2,CHEMBL5441668,Replicase polyprotein 1ab
Cc1cc2c(C(C)C)c(O)c(O)c(C=O)c2c(O)c1-c1c(C)cc2c(C(C)C)c(O)c(O)c(C=O)c2c1O,4.849243560139691,14150.0,1,CHEMBL51483,Replicase polyprotein 1ab
Cc1cc2cc(CN(CCc3ccccc3C)C(=O)NCc3ccccc3)c(=O)[nH]c2cc1C,4.764471553092451,17200.0,1,CHEMBL495231,Replicase polyprotein 1ab
Cc1cc2nc3c(=O)[nH]c(=O)nc-3n(C)c2cc1C=O,6.275724130399211,530.0,1,CHEMBL1397270,Replicase polyprotein 1ab
Cc1cc2nc3s/c(=C/c4ccc(-c5cccc(C(=O)O)c5)o4)c(=O)n3c2cc1C,7.259637310505756,55.0,1,CHEMBL5398458,Replicase polyprotein 1ab
Cc1ccc(-c2cc(-c3ccc(C)s3)cc([C@@H](C)NC(=O)c3cc(OCCN(C)C)ccc3C)c2)s1,6.853871964321762,140.0,1,CHEMBL6145140,Replicase polyprotein 1ab
Cc1ccc(-c2cc3c(N[C@@H](c4ccc5c(c4)OCCO5)C(C)C)ncnc3[nH]2)o1,4.408580746220785,39060.5,2,CHEMBL5441942,Replicase polyprotein 1ab
Cc1ccc(-c2cccc3c2CC(CO)c2c(-c4ccc(Br)cc4)ccc(O)c2-3)nc1,4.99012436628784,10230.0,1,CHEMBL5171088,Replicase polyprotein 1ab
Cc1ccc(-c2n[nH]cc2CNc2cnc3[nH]ncc3c2)o1,3.905266906246218,124375.0,1,CHEMBL5442098,Replicase polyprotein 1ab
Cc1ccc(-c2nc3cc(O)c(O)c(O)c3c(=O)[nH]2)cc1,5.728855682050922,1867.0,1,CHEMBL5415275,Replicase polyprotein 1ab
Cc1ccc(-c2nnc([S+]([O-])Cc3cccnc3)o2)cc1,6.721246399047171,190.0,1,CHEMBL5639360,Replicase polyprotein 1ab
Cc1ccc(-c2noc(-c3ccc(-c4ccccc4)cc3)n2)cc1NCc1ccc(C(=O)O)s1,4.5934598195660445,25500.0,1,CHEMBL5517705,Replicase polyprotein 1ab
Cc1ccc(-c2noc(-c3cccc4ccccc34)n2)cc1NCc1ccc(C(=O)O)s1,4.935542010773082,11600.0,1,CHEMBL5532385,Replicase polyprotein 1ab
Cc1ccc(-c2noc(-c3ccccc3)n2)cc1NCc1ccc(C(=O)O)s1,4.229147988357856,59000.0,1,CHEMBL5555933,Replicase polyprotein 1ab
Cc1ccc(-c2noc(C(C)(C)c3ccc(-c4ccccc4)cc3)n2)cc1NCc1ccc(C(=O)O)s1,4.450996737974212,35400.0,1,CHEMBL5557982,Replicase polyprotein 1ab
Cc1ccc(-c2noc(C(C)c3ccc(-c4ccccc4)c(F)c3)n2)cc1NCc1ccc(C(=O)O)s1,6.0,1000.0,1,CHEMBL5555100,Replicase polyprotein 1ab
Cc1ccc(-c2noc(C(C)c3ccc(CC(C)C)cc3)n2)cc1NCc1ccc(C(=O)O)s1,5.443697499232712,3600.0,1,CHEMBL5556552,Replicase polyprotein 1ab
Cc1ccc(-c2noc(C(C)c3ccc(N4Cc5ccccc5C4=O)cc3)n2)cc1NCc1ccc(C(=O)O)s1,5.4089353929735005,3900.0,1,CHEMBL5555695,Replicase polyprotein 1ab
Cc1ccc(-c2noc(C(C)c3ccc4c(c3)[nH]c3ccc(Cl)cc34)n2)cc1NCc1ccc(C(=O)O)s1,5.721246399047171,1900.0,1,CHEMBL5505843,Replicase polyprotein 1ab
Cc1ccc(-c2noc(C(C)c3cccc(-c4ccccc4)c3)n2)cc1NCc1ccc(C(=O)O)s1,5.366531544420414,4300.0,1,CHEMBL5558918,Replicase polyprotein 1ab
Cc1ccc(-c2noc(C(C)c3cccc(-c4cccs4)c3)n2)cc1NCc1ccc(C(=O)O)s1,5.3872161432802645,4100.0,1,CHEMBL5517794,Replicase polyprotein 1ab
Cc1ccc(-c2noc(C(C)c3cccc(C(O)c4ccccc4)c3)n2)cc1NCc1ccc(C(=O)O)s1,4.954677021213342,11100.0,1,CHEMBL5517677,Replicase polyprotein 1ab
Cc1ccc(-c2noc(C(C)c3cccc(Oc4ccccc4)c3)n2)cc1NCc1ccc(C(=O)O)s1,5.356547323513812,4400.0,1,CHEMBL5558891,Replicase polyprotein 1ab
Cc1ccc(-c2noc(C(C)c3cccc4ccccc34)n2)cc1NCc1ccc(C(=O)O)cc1,6.698970004336019,200.0,1,CHEMBL5558443,Replicase polyprotein 1ab
Cc1ccc(-c2noc(C(C)c3cccc4ccccc34)n2)cc1NCc1ccc(C(=O)O)s1,7.0,100.0,1,CHEMBL5550054,Replicase polyprotein 1ab
Cc1ccc(-c2noc(C(O)c3ccccc3)n2)cc1NCc1ccc(C(=O)O)s1,3.3611115752949243,435400.0,1,CHEMBL5555602,Replicase polyprotein 1ab
Cc1ccc(-c2noc(C(c3ccccc3)c3ccccc3)n2)cc1NCc1ccc(C(=O)O)s1,5.045757490560675,9000.0,1,CHEMBL5505833,Replicase polyprotein 1ab
Cc1ccc(-c2noc(Cc3cccc(-c4cccs4)c3)n2)cc1NCc1ccc(C(=O)O)s1,5.167491087293763,6800.0,1,CHEMBL5518022,Replicase polyprotein 1ab
Cc1ccc(-c2noc([C@@H](C)c3ccc(-c4ccccc4)c(F)c3)n2)cc1NCc1ccc(C(=O)O)s1,5.468521082957745,3400.0,1,CHEMBL5557307,Replicase polyprotein 1ab
Cc1ccc(-c2noc([C@H](C)c3ccc(-c4ccccc4)c(F)c3)n2)cc1NCc1ccc(C(=O)O)s1,5.3979400086720375,4000.0,1,CHEMBL5542229,Replicase polyprotein 1ab
Cc1ccc(-n2[se]c3ccccc3c2=O)cc1,5.640082036340232,2290.435,2,CHEMBL3894673,Replicase polyprotein 1ab
Cc1ccc(-n2sc(=O)n(Cc3ccc(F)cc3)c2=O)cc1,6.731090452463363,190.0,2,CHEMBL1917204,Replicase polyprotein 1ab
Cc1ccc(-n2sc3ccccc3c2=O)cc1,6.481486060122113,330.0,1,CHEMBL1336959,Replicase polyprotein 1ab
Cc1ccc(/C=C/C(=O)N[C@H](C(=O)N[C@@H](CC(C)C)C(=O)N[C@H](C=O)C[C@@H]2CCCNC2=O)C(C)C)cc1,6.707743928643524,196.0,1,CHEMBL5176330,Replicase polyprotein 1ab
Cc1ccc(C(=O)N2CCC(c3ccn4ncc(C(=O)N[C@@H]5CCC[C@@H]5C(=O)O)c4c3)CC2)cc1,4.673504557009656,21215.0,2,CHEMBL5441906,Replicase polyprotein 1ab
Cc1ccc(C(=O)NC(C)C)cc1C(=O)N[C@H](C)c1cccc2ccccc12,4.0,100000.0,1,CHEMBL5426865,Replicase polyprotein 1ab
Cc1ccc(C(=O)Nc2ccc(S(=O)(=O)O)c3cc(S(=O)(=O)O)cc(S(=O)(=O)O)c23)cc1NC(=O)c1cccc(NC(=O)Nc2cccc(C(=O)Nc3cc(C(=O)Nc4ccc(S(=O)(=O)O)c5cc(S(=O)(=O)O)cc(S(=O)(=O)O)c45)ccc3C)c2)c1,6.585026652029182,260.0,3,CHEMBL265502,Replicase polyprotein 1ab
Cc1ccc(C(=O)Nc2ccc(S(=O)(=O)[O-])c3cc(S(=O)(=O)[O-])cc(S(=O)(=O)[O-])c23)cc1NC(=O)c1cccc(NC(=O)Nc2cccc(C(=O)Nc3cc(C(=O)Nc4ccc(S(=O)(=O)[O-])c5cc(S(=O)(=O)[O-])cc(S(=O)(=O)[O-])c45)ccc3C)c2)c1.[Na+].[Na+].[Na+].[Na+].[Na+].[Na+],5.187086643357144,6500.0,1,CHEMBL413376,Replicase polyprotein 1ab
Cc1ccc(C(=O)Nc2ncnc3[nH]c(C)c(C)c23)cn1,4.002176919254275,99500.0,2,CHEMBL5441485,Replicase polyprotein 1ab
Cc1ccc(C(=O)n2c(-c3ccccc3)nc3ccccc32)cc1,4.0,100000.0,2,CHEMBL5612368,Replicase polyprotein 1ab
Cc1ccc(C(=O)n2c(C#N)nc3ccccc32)cc1,4.0,100000.0,2,CHEMBL5612743,Replicase polyprotein 1ab
Cc1ccc(C(=O)n2c(C(F)(F)F)nc3ccccc32)cc1,4.7697754948726185,16991.22,2,CHEMBL5613613,Replicase polyprotein 1ab
Cc1ccc(C(=O)n2c(C)nc3cc4c(cc32)OCCO4)cc1,5.127469438986887,7456.55,2,CHEMBL5612081,Replicase polyprotein 1ab
Cc1ccc(C(=O)n2c(C)nc3ccccc32)cc1,5.467353040039968,3409.2200000000003,2,CHEMBL5612687,Replicase polyprotein 1ab
Cc1ccc(C(=O)n2c(C)nc3ccccc32)cc1F,6.826955601938874,148.95499999999998,2,CHEMBL5611903,Replicase polyprotein 1ab
Cc1ccc(C(=O)n2c(N)nc3ccccc32)cc1,4.0,100000.0,2,CHEMBL1539400,Replicase polyprotein 1ab
Cc1ccc(C(=O)n2c(S)nc3ccccc32)cc1,4.0,100000.0,2,CHEMBL5612278,Replicase polyprotein 1ab
Cc1ccc(C(=O)n2ccc3ccccc32)cc1,4.0,100000.0,2,CHEMBL5613778,Replicase polyprotein 1ab
Cc1ccc(C(=O)n2cnc3ccccc32)cc1,5.176525770829699,6660.0,3,CHEMBL5612948,Replicase polyprotein 1ab
Cc1ccc(C(=O)n2ncc3ccccc32)cc1,4.0,100000.0,2,CHEMBL5613754,Replicase polyprotein 1ab
Cc1ccc(C(=O)n2nnc3ccccc32)cc1,4.0,100000.0,2,CHEMBL1716092,Replicase polyprotein 1ab
Cc1ccc(C)c(-n2sc3cc(F)ccc3c2=O)c1,7.698970004336019,20.0,1,CHEMBL1725120,Replicase polyprotein 1ab
Cc1ccc(C2C3=C(CC(C)(C)CC3=O)Nc3cc([N+](=O)[O-])ccc3N2C(=O)CCl)cc1,5.404503778174425,3940.0,1,CHEMBL5421429,Replicase polyprotein 1ab
Cc1ccc(C2C3=C(CC(C)CC3=O)Nc3cc([N+](=O)[O-])ccc3N2C(=O)CCl)cc1,5.474955192963154,3350.0,1,CHEMBL5397709,Replicase polyprotein 1ab
Cc1ccc(C2C3=C(CCCC3=O)Nc3cc([N+](=O)[O-])ccc3N2C(=O)CCl)cc1,5.628932137728264,2350.0,1,CHEMBL5402611,Replicase polyprotein 1ab
Cc1ccc(CCN)cc1,7.113509274827518,77.0,1,CHEMBL103299,Replicase polyprotein 1ab
Cc1ccc(CN)cc1C(=O)N[C@H](C)c1cccc2ccccc12,6.0,1000.0,1,CHEMBL561061,Replicase polyprotein 1ab
Cc1ccc(CNC(=O)C(=O)O)cc1C(=O)N[C@H](C)c1cccc2ccccc12,5.229147988357856,5900.0,1,CHEMBL6151768,Replicase polyprotein 1ab
Cc1ccc(CNC(=O)c2ccc(C(C)(C)C)cc2)cc1C(=O)N[C@H](C)c1cccc2ccccc12,5.508638306165727,3100.0,1,CHEMBL6144662,Replicase polyprotein 1ab
Cc1ccc(CNC(=O)c2ccc(F)c(F)c2)cc1C(=O)N[C@H](C)c1cccc2ccccc12,4.721246399047171,19000.0,1,CHEMBL6132765,Replicase polyprotein 1ab
Cc1ccc(Cl)cc1-n1[se]c2ccccc2c1=O,6.703097984562513,537.905,2,CHEMBL5177233,Replicase polyprotein 1ab
Cc1ccc(N(C)C)cc1C(=O)N[C@H](C)c1cccc2ccccc12,5.0,10000.0,1,CHEMBL5170174,Replicase polyprotein 1ab
Cc1ccc(N(C)C2CNC2)cc1C(=O)N[C@H](C)c1cccc2ccccc12,5.619788758288394,2400.0,1,CHEMBL5093083,Replicase polyprotein 1ab
Cc1ccc(N(C)C2CNC2)cc1C(=O)N[C@H](C)c1nccc2ccccc12,4.251811972993799,56000.0,1,CHEMBL5072144,Replicase polyprotein 1ab
Cc1ccc(N)cc1-c1noc(C(C)c2cccc3ccccc23)n1,3.6989700043360187,200000.0,1,CHEMBL5518026,Replicase polyprotein 1ab
Cc1ccc(N)cc1C(=O)NC(C)c1cccc2ccccc12,5.6290304611354,2350.0,2,CHEMBL5078359,Replicase polyprotein 1ab
Cc1ccc(N)cc1C(=O)NC1(c2cccc3ccccc23)CC1,6.7447274948966935,180.0,1,CHEMBL6148391,Replicase polyprotein 1ab
Cc1ccc(N)cc1C(=O)N[C@@H](C)c1cccc2ccccc12,5.619788758288394,2400.0,1,CHEMBL5201546,Replicase polyprotein 1ab
Cc1ccc(N)cc1C(=O)N[C@H](C)c1cc(-c2cccs2)cc(-c2cccs2)c1,6.769551078621726,170.0,1,CHEMBL6171571,Replicase polyprotein 1ab
Cc1ccc(N)cc1C(=O)N[C@H](C)c1cccc(-c2ccc(CN3CCCC3)s2)c1,5.772113295386326,1690.0,1,CHEMBL5594115,Replicase polyprotein 1ab
Cc1ccc(N)cc1C(=O)N[C@H](C)c1cccc(-c2ccc(CNC3CCCC3)s2)c1,5.856985199745905,1390.0,1,CHEMBL5594045,Replicase polyprotein 1ab
Cc1ccc(N)cc1C(=O)N[C@H](C)c1cccc(-c2ccc(CN[C@H]3CC[C@@H](O)C3)s2)c1,6.221848749616356,600.0,1,CHEMBL5591278,Replicase polyprotein 1ab
Cc1ccc(N)cc1C(=O)N[C@H](C)c1cccc2ccccc12,5.688246138944246,2050.0,21,CHEMBL549695,Replicase polyprotein 1ab
Cc1ccc(N)cc1CN(C)[C@H](C)c1cccc2ccccc12,6.027487399378769,940.0,2,CHEMBL5174085,Replicase polyprotein 1ab
Cc1ccc(N)cc1CN[C@H](C)c1cccc2ccccc12,4.386158178123931,41100.0,1,CHEMBL6103385,Replicase polyprotein 1ab
Cc1ccc(N2C(=O)C[n+]3ccccc3C2C(=O)Nc2ccc(Cl)cc2)cc1Br,5.346787486224656,4500.0,1,CHEMBL5595865,Replicase polyprotein 1ab
Cc1ccc(N2C(=O)C[n+]3ccccc3C2C(=O)Nc2ccccc2C)cc1,5.214670164989233,6100.0,1,CHEMBL5592599,Replicase polyprotein 1ab
Cc1ccc(N2CC3CN(C)CC3C2)cc1C(=O)NC1(c2cccc3ccccc23)CC1,6.886056647693163,130.0,1,CHEMBL6147703,Replicase polyprotein 1ab
Cc1ccc(N2CC3CNCC3C2)cc1C(=O)NC1(c2cccc3ccccc23)CC1,7.522878745280337,30.0,1,CHEMBL6162855,Replicase polyprotein 1ab
Cc1ccc(N2CCN(C(=N)N)CC2)cc1C(=O)NC1(c2cccc3ccccc23)CC1,6.853871964321762,140.0,1,CHEMBL6147967,Replicase polyprotein 1ab
Cc1ccc(N2CCN(C)CC2)cc1C(=O)NC1(c2cc(-c3cnn(C)c3)nc3ccccc23)CC1,8.34948500216801,6.0,2,CHEMBL5590694,Replicase polyprotein 1ab
Cc1ccc(N2CCN(C)CC2)cc1C(=O)NC1(c2cccc3ccccc23)CC1,7.698970004336019,20.0,1,CHEMBL6133531,Replicase polyprotein 1ab
Cc1ccc(N2CCN(C)CC2)cc1C(=O)N[C@H](C)c1cc(-c2cnn(C)c2)cc(-c2cc(Cl)cnc2N)c1,8.522878745280337,3.0,1,CHEMBL5594231,Replicase polyprotein 1ab
Cc1ccc(N2CCN(C)CC2)cc1C(=O)N[C@H](C)c1cc(-c2cnn(C)c2)cc(-c2cccs2)c1,8.397940008672037,4.0,1,CHEMBL5590316,Replicase polyprotein 1ab
Cc1ccc(N2CCN(CC(=O)O)CC2)cc1C(=O)NC1(c2cccc3ccccc23)CC1,7.3979400086720375,40.0,1,CHEMBL6164496,Replicase polyprotein 1ab
Cc1ccc(N2CCN(CCC(=O)O)CC2)cc1C(=O)NC1(c2cccc3ccccc23)CC1,6.958607314841775,110.0,1,CHEMBL6120916,Replicase polyprotein 1ab
Cc1ccc(N2CCNC(C)C2)cc1C(=O)NC1(c2cccc3ccccc23)CC1,7.154901959985743,70.0,1,CHEMBL6161455,Replicase polyprotein 1ab
Cc1ccc(N2CCNCC2)cc1C(=O)NC1(c2cccc3ccccc23)CC1,7.522878745280337,30.0,1,CHEMBL6133220,Replicase polyprotein 1ab
Cc1ccc(N2CCNCC2)cc1C(=O)N[C@H](C)c1cc(-c2cnn(C)c2)cc(-c2cc(Cl)cnc2N)c1,8.397940008672037,4.0,1,CHEMBL5595285,Replicase polyprotein 1ab
Cc1ccc(N2C[C@H]3C[C@@H](C2)N3)cc1C(=O)NC1(c2cccc3ccccc23)CC1,7.698970004336019,20.0,1,CHEMBL6134554,Replicase polyprotein 1ab
Cc1ccc(NC(=O)C2(N)CC2)cc1C(=O)N[C@H](C)c1cccc2ccccc12,5.42021640338319,3800.0,1,CHEMBL6152046,Replicase polyprotein 1ab
Cc1ccc(NC(=O)C2CCN2)cc1C(=O)N[C@H](C)c1cccc2ccccc12,5.7447274948966935,1800.0,1,CHEMBL6160206,Replicase polyprotein 1ab
Cc1ccc(NC(=O)C2CCNCC2)cc1C(=O)N[C@H](C)c1cc(-c2cccs2)cc(-c2cccs2)c1,6.787812395596042,163.0,1,CHEMBL6151111,Replicase polyprotein 1ab
Cc1ccc(NC(=O)C2CCNCC2)cc1C(=O)N[C@H](C)c1cccc2ccccc12,6.096910013008056,800.0,1,CHEMBL5182901,Replicase polyprotein 1ab
Cc1ccc(NC(=O)C2CN(C(C)C)CCN2)cc1C(=O)N[C@H](C)c1cccc2ccccc12,5.853871964321762,1400.0,1,CHEMBL6145963,Replicase polyprotein 1ab
Cc1ccc(NC(=O)C2CN(C)C2)cc1C(=O)N[C@H](C)c1cccc2ccccc12,5.809668301829708,1550.0,1,CHEMBL6142245,Replicase polyprotein 1ab
Cc1ccc(NC(=O)C2CN(C)CCN2)cc1C(=O)N[C@H](C)c1cccc2ccccc12,5.769551078621726,1700.0,1,CHEMBL6160921,Replicase polyprotein 1ab
Cc1ccc(NC(=O)C2CN(C)CCN2C)cc1C(=O)N[C@H](C)c1cccc2ccccc12,5.769551078621726,1700.0,1,CHEMBL6143352,Replicase polyprotein 1ab
Cc1ccc(NC(=O)C2CNCCN2)cc1C(=O)N[C@H](C)c1cccc2ccccc12,5.823908740944319,1500.0,1,CHEMBL6120731,Replicase polyprotein 1ab
Cc1ccc(NC(=O)CCN)cc1C(=O)N[C@H](C)c1cccc2ccccc12,5.7447274948966935,1800.0,1,CHEMBL6142285,Replicase polyprotein 1ab
Cc1ccc(NC(=O)CN(C)C)cc1C(=O)N[C@H](C)c1cc(-c2cccs2)cc(-c2cccs2)c1,6.958607314841775,110.0,1,CHEMBL6148428,Replicase polyprotein 1ab
Cc1ccc(NC(=O)CN)cc1C(=O)N[C@H](C)c1cc(-c2cccs2)cc(-c2cccs2)c1,6.853871964321762,140.0,1,CHEMBL6150908,Replicase polyprotein 1ab
Cc1ccc(NC(=O)CN)cc1C(=O)N[C@H](C)c1cccc2ccccc12,5.481486060122113,3300.0,1,CHEMBL6102572,Replicase polyprotein 1ab
Cc1ccc(NC(=O)CN2CCCC2)cc1C(=O)N[C@H](C)c1cccc2ccccc12,5.958607314841775,1100.0,1,CHEMBL6145539,Replicase polyprotein 1ab
Cc1ccc(NC(=O)CN2CCCCC2)cc1C(=O)N[C@H](C)c1cccc2ccccc12,5.7447274948966935,1800.0,1,CHEMBL6134539,Replicase polyprotein 1ab
Cc1ccc(NC(=O)CNCC2CC2)cc1C(=O)N[C@H](C)c1cccc2ccccc12,5.886056647693163,1300.0,1,CHEMBL6170973,Replicase polyprotein 1ab
Cc1ccc(NC(=O)N2CCCN(C)CC2)cc1C(=O)N[C@H](C)c1cccc2ccccc12,5.823908740944319,1500.0,1,CHEMBL6149975,Replicase polyprotein 1ab
Cc1ccc(NC(=O)N2CCN(C)CC2)cc1C(=O)N[C@H](C)c1cccc2ccccc12,5.795880017344075,1600.0,1,CHEMBL6163929,Replicase polyprotein 1ab
Cc1ccc(NC(=O)NC(N)=O)cc1C(=O)N[C@H](C)c1cccc2ccccc12,5.292429823902063,5100.0,2,CHEMBL5197139,Replicase polyprotein 1ab
Cc1ccc(NC(=O)NCCN)cc1C(=O)N[C@H](C)c1cccc2ccccc12,5.958607314841775,1100.0,1,CHEMBL6143597,Replicase polyprotein 1ab
Cc1ccc(NC(=O)Oc2ccc([N+](=O)[O-])cc2)cc1C(=O)N[C@H](C)c1cccc2ccccc12,5.154901959985743,7000.0,3,CHEMBL5172897,Replicase polyprotein 1ab
Cc1ccc(NC(=O)[C@@H](CN)NC[C@@H]2CCCN2)cc1C(=O)N[C@H](C)c1cccc2ccccc12,5.721246399047171,1900.0,1,CHEMBL6148330,Replicase polyprotein 1ab
Cc1ccc(NC(=O)[C@@H](N)CCCCN)cc1C(=O)N[C@H](C)c1cccc2ccccc12,5.769551078621726,1700.0,1,CHEMBL6120927,Replicase polyprotein 1ab
Cc1ccc(NC(=O)[C@@H](N)CCN)cc1C(=O)N[C@H](C)c1cccc2ccccc12,5.721246399047171,1900.0,1,CHEMBL6163332,Replicase polyprotein 1ab
Cc1ccc(NC(=O)[C@@H](N)CN)cc1C(=O)N[C@H](C)c1cccc2ccccc12,5.795880017344075,1600.0,1,CHEMBL6142600,Replicase polyprotein 1ab
Cc1ccc(NC(=O)[C@@H]2CCCCN2)cc1C(=O)N[C@H](C)c1cccc2ccccc12,5.886056647693163,1300.0,1,CHEMBL6163843,Replicase polyprotein 1ab
Cc1ccc(NC(=O)[C@@]2(C)CCCN2)cc1C(=O)N[C@H](C)c1cccc2ccccc12,5.7447274948966935,1800.0,1,CHEMBL6151750,Replicase polyprotein 1ab
Cc1ccc(NC(=O)[C@H]2CCCCN2)cc1C(=O)N[C@H](C)c1cc(-c2cnn(C)c2)cc(-c2cccs2)c1,8.397940008672037,4.0,1,CHEMBL5593684,Replicase polyprotein 1ab
Cc1ccc(NC(=O)[C@H]2CCCCN2)cc1C(=O)N[C@H](C)c1cccc2ccccc12,6.522878745280337,300.0,1,CHEMBL6142432,Replicase polyprotein 1ab
Cc1ccc(NC(=O)[C@H]2CCCN2)cc1C(=O)N[C@H](C)c1cccc2ccccc12,5.853871964321762,1400.0,1,CHEMBL6152786,Replicase polyprotein 1ab
Cc1ccc(NC(=O)c2ccc(CN3CCN(C)CC3)cc2)cc1Nc1nc(-c2cccnc2)cs1,5.6020599913279625,2500.0,7,CHEMBL1908391,Replicase polyprotein 1ab
Cc1ccc(NC(=O)c2ccc(Cl)s2)cc1C(=O)N[C@H](C)c1cccc2ccccc12,4.698970004336019,20000.0,1,CHEMBL6167695,Replicase polyprotein 1ab
Cc1ccc(NC(N)=O)cc1C(=O)N[C@H](C)c1cccc2ccccc12,5.42021640338319,3800.0,1,CHEMBL6145498,Replicase polyprotein 1ab
Cc1ccc(NC2=CC(=O)c3sc(C)nc3C2=O)cc1,6.4089353929735005,390.0,1,CHEMBL290904,Replicase polyprotein 1ab
Cc1ccc(NC2CCC(C#N)CC2)cc1-c1noc(C(C)c2cccc3ccccc23)n1,3.6989700043360187,200000.0,1,CHEMBL5532019,Replicase polyprotein 1ab
Cc1ccc(NC2CCC(C(=O)O)CC2)cc1-c1noc(C(C)c2cccc3ccccc23)n1,4.6439741428068775,22700.0,1,CHEMBL5557815,Replicase polyprotein 1ab
Cc1ccc(NC2CCCC(C(=O)O)C2)cc1-c1noc(C(C)c2cccc3ccccc23)n1,4.454692883534176,35100.0,1,CHEMBL5556449,Replicase polyprotein 1ab
Cc1ccc(NC2CCCCC2)cc1-c1noc(C(C)c2cccc3ccccc23)n1,3.9974020192800914,100600.0,1,CHEMBL5542925,Replicase polyprotein 1ab
Cc1ccc(NC2CCN(C)CC2)cc1C(=O)N[C@H](C)c1cc(-c2cccs2)cc(-c2cccs2)c1,6.7447274948966935,180.0,1,CHEMBL6102280,Replicase polyprotein 1ab
Cc1ccc(NC2CCN(C)CC2)cc1C(=O)N[C@H](C)c1cccc2ccccc12,6.154901959985743,700.0,1,CHEMBL5180299,Replicase polyprotein 1ab
Cc1ccc(NC2CCN(C[C@@H]3CCCN3)CC2)cc1C(=O)N[C@H](C)c1cccc2ccccc12,6.0,1000.0,1,CHEMBL6145653,Replicase polyprotein 1ab
Cc1ccc(NC2CCN(C[C@H]3CCCN3)CC2)cc1C(=O)N[C@H](C)c1cccc2ccccc12,5.7447274948966935,1800.0,1,CHEMBL6163236,Replicase polyprotein 1ab
Cc1ccc(NC2CCN(S(C)(=O)=O)CC2)cc1C(=O)N[C@H](C)c1cccc2ccccc12,5.721246399047171,1900.0,1,CHEMBL6146022,Replicase polyprotein 1ab
Cc1ccc(NC2CCNCC2)cc1C(=O)N[C@H](C)c1cccc2ccccc12,5.995699914119041,1150.0,2,CHEMBL5073830,Replicase polyprotein 1ab
Cc1ccc(NC2CCNCC2)cc1CN(C)[C@H](C)c1cccc2ccccc12,5.6020599913279625,2500.0,1,CHEMBL5570100,Replicase polyprotein 1ab
Cc1ccc(NC2CNC2)cc1C(=O)N[C@H](C)c1cc(-c2cccs2)cc(-c2cccs2)c1,6.767003889607846,171.0,1,CHEMBL6133396,Replicase polyprotein 1ab
Cc1ccc(NC2CNC2)cc1C(=O)N[C@H](C)c1cccc(-c2cc(C)c(CN3CCCC3)s2)c1,6.036212172654444,920.0,1,CHEMBL5584015,Replicase polyprotein 1ab
Cc1ccc(NC2CNC2)cc1C(=O)N[C@H](C)c1cccc(-c2cc(C)c(CNC3CCCC3)s2)c1,6.187086643357144,650.0,1,CHEMBL5583811,Replicase polyprotein 1ab
Cc1ccc(NC2CNC2)cc1C(=O)N[C@H](C)c1cccc(-c2cc(C)c(CN[C@H]3CC[C@@H](O)C3)s2)c1,6.481486060122113,330.0,1,CHEMBL5594376,Replicase polyprotein 1ab
Cc1ccc(NC2CNC2)cc1C(=O)N[C@H](C)c1cccc(-c2cc3ccccc3s2)c1,5.94692155651658,1130.0,1,CHEMBL5589705,Replicase polyprotein 1ab
Cc1ccc(NC2CNC2)cc1C(=O)N[C@H](C)c1cccc(-c2cc3sccc3s2)c1,6.086186147616283,820.0,1,CHEMBL5591014,Replicase polyprotein 1ab
Cc1ccc(NC2CNC2)cc1C(=O)N[C@H](C)c1cccc(-c2ccc(-c3ccccc3)s2)c1,5.323306390375134,4750.0,1,CHEMBL5590663,Replicase polyprotein 1ab
Cc1ccc(NC2CNC2)cc1C(=O)N[C@H](C)c1cccc(-c2ccc(-c3cccs3)s2)c1,5.3535962737769305,4430.0,1,CHEMBL5592196,Replicase polyprotein 1ab
Cc1ccc(NC2CNC2)cc1C(=O)N[C@H](C)c1cccc(-c2ccc(C#N)s2)c1,5.257274868695302,5530.0,1,CHEMBL5592624,Replicase polyprotein 1ab
Cc1ccc(NC2CNC2)cc1C(=O)N[C@H](C)c1cccc(-c2ccc(C(=O)NCC3CCO3)s2)c1,6.086186147616283,820.0,1,CHEMBL5179681,Replicase polyprotein 1ab
Cc1ccc(NC2CNC2)cc1C(=O)N[C@H](C)c1cccc(-c2ccc(C(=O)O)s2)c1,6.013228265733755,970.0,1,CHEMBL5201060,Replicase polyprotein 1ab
Cc1ccc(NC2CNC2)cc1C(=O)N[C@H](C)c1cccc(-c2ccc(C(F)(F)F)s2)c1,5.213248577854439,6120.0,1,CHEMBL5595281,Replicase polyprotein 1ab
Cc1ccc(NC2CNC2)cc1C(=O)N[C@H](C)c1cccc(-c2ccc(CN)s2)c1,5.779891911959945,1660.0,1,CHEMBL5591998,Replicase polyprotein 1ab
Cc1ccc(NC2CNC2)cc1C(=O)N[C@H](C)c1cccc(-c2ccc(CN3CCCC3)s2)c1,6.236830361305078,580.0,2,CHEMBL5083635,Replicase polyprotein 1ab
Cc1ccc(NC2CNC2)cc1C(=O)N[C@H](C)c1cccc(-c2ccc(CN3CC[C@@H](C(=O)O)C3)s2)c1,6.568636235841013,270.0,1,CHEMBL6167959,Replicase polyprotein 1ab
Cc1ccc(NC2CNC2)cc1C(=O)N[C@H](C)c1cccc(-c2ccc(CN3CC[C@@H](O)C3)s2)c1,6.1938200260161125,640.0,1,CHEMBL5185454,Replicase polyprotein 1ab
Cc1ccc(NC2CNC2)cc1C(=O)N[C@H](C)c1cccc(-c2ccc(CN3CC[C@H](O)C3)s2)c1,6.154901959985743,700.0,1,CHEMBL5183676,Replicase polyprotein 1ab
Cc1ccc(NC2CNC2)cc1C(=O)N[C@H](C)c1cccc(-c2ccc(CNC(=O)C3CC3)s2)c1,6.102372908709558,790.0,1,CHEMBL5594581,Replicase polyprotein 1ab
Cc1ccc(NC2CNC2)cc1C(=O)N[C@H](C)c1cccc(-c2ccc(CNC(=O)C3CCC(N)C3)s2)c1,6.017728766960431,960.0,1,CHEMBL5589924,Replicase polyprotein 1ab
Cc1ccc(NC2CNC2)cc1C(=O)N[C@H](C)c1cccc(-c2ccc(CNC(=O)C3CCCC3)s2)c1,6.42021640338319,380.0,1,CHEMBL5591371,Replicase polyprotein 1ab
Cc1ccc(NC2CNC2)cc1C(=O)N[C@H](C)c1cccc(-c2ccc(CNC(=O)C3CCCO3)s2)c1,6.161150909262744,690.0,1,CHEMBL5591703,Replicase polyprotein 1ab
Cc1ccc(NC2CNC2)cc1C(=O)N[C@H](C)c1cccc(-c2ccc(CNC(=O)C3CCNCC3)s2)c1,5.619788758288394,2400.0,1,CHEMBL5594527,Replicase polyprotein 1ab
Cc1ccc(NC2CNC2)cc1C(=O)N[C@H](C)c1cccc(-c2ccc(CNC(=O)C3CCOCC3)s2)c1,6.086186147616283,820.0,1,CHEMBL5592435,Replicase polyprotein 1ab
Cc1ccc(NC2CNC2)cc1C(=O)N[C@H](C)c1cccc(-c2ccc(CNC(=O)C3CNC3)s2)c1,5.943095148663527,1140.0,1,CHEMBL5592351,Replicase polyprotein 1ab
Cc1ccc(NC2CNC2)cc1C(=O)N[C@H](C)c1cccc(-c2ccc(CNC(=O)[C@@H]3CCCN3)s2)c1,6.259637310505756,550.0,1,CHEMBL5592166,Replicase polyprotein 1ab
Cc1ccc(NC2CNC2)cc1C(=O)N[C@H](C)c1cccc(-c2ccc(CNC3CCC(O)C3)s2)c1,6.769551078621726,170.0,1,CHEMBL5179021,Replicase polyprotein 1ab
Cc1ccc(NC2CNC2)cc1C(=O)N[C@H](C)c1cccc(-c2ccc(CNC3CCCC3)s2)c1,6.4089353929735005,390.0,1,CHEMBL5078524,Replicase polyprotein 1ab
Cc1ccc(NC2CNC2)cc1C(=O)N[C@H](C)c1cccc(-c2ccc(CNC3CCNC3=O)s2)c1,6.1938200260161125,640.0,1,CHEMBL5175433,Replicase polyprotein 1ab
Cc1ccc(NC2CNC2)cc1C(=O)N[C@H](C)c1cccc(-c2ccc(CNC[C@H]3CCCO3)s2)c1,6.119186407719209,760.0,1,CHEMBL5171009,Replicase polyprotein 1ab
Cc1ccc(NC2CNC2)cc1C(=O)N[C@H](C)c1cccc(-c2ccc(CN[C@@H]3CCOC3)s2)c1,6.481486060122113,330.0,2,CHEMBL5183892,Replicase polyprotein 1ab
Cc1ccc(NC2CNC2)cc1C(=O)N[C@H](C)c1cccc(-c2ccc(CN[C@@H]3CC[C@@H](O)C3)s2)c1,6.366531544420414,430.0,1,CHEMBL5207904,Replicase polyprotein 1ab
Cc1ccc(NC2CNC2)cc1C(=O)N[C@H](C)c1cccc(-c2ccc(CN[C@@H]3CC[C@H](O)C3)s2)c1,6.6777807052660805,210.0,2,CHEMBL5085054,Replicase polyprotein 1ab
Cc1ccc(NC2CNC2)cc1C(=O)N[C@H](C)c1cccc(-c2ccc(CN[C@H]3CCOC3)s2)c1,6.2076083105017466,620.0,1,CHEMBL5199419,Replicase polyprotein 1ab
Cc1ccc(NC2CNC2)cc1C(=O)N[C@H](C)c1cccc(-c2ccc(CN[C@H]3CC[C@@H](C(=O)O)C3)s2)c1,6.494850021680094,320.0,1,CHEMBL5590755,Replicase polyprotein 1ab
Cc1ccc(NC2CNC2)cc1C(=O)N[C@H](C)c1cccc(-c2ccc(CN[C@H]3CC[C@@H](C(=O)OC[C@H]4O[C@@H](n5ccc(NO)nc5=O)[C@H](O)[C@@H]4O)C3)s2)c1,6.2076083105017466,620.0,1,CHEMBL5594403,Replicase polyprotein 1ab
Cc1ccc(NC2CNC2)cc1C(=O)N[C@H](C)c1cccc(-c2ccc(CN[C@H]3CC[C@@H](O)C3)s2)c1,6.94692155651658,113.0,3,CHEMBL5079592,Replicase polyprotein 1ab
Cc1ccc(NC2CNC2)cc1C(=O)N[C@H](C)c1cccc(-c2ccc(CN[C@H]3CC[C@@H](OC(=O)[C@@H](N)C(C)C)C3)s2)c1,6.251811972993799,560.0,1,CHEMBL5593811,Replicase polyprotein 1ab
Cc1ccc(NC2CNC2)cc1C(=O)N[C@H](C)c1cccc(-c2ccc(CN[C@H]3CC[C@@H](OC(=O)[C@@H](NC(=O)[C@@H](N)C(C)C)C(C)C)C3)s2)c1,6.301029995663981,500.0,1,CHEMBL5594740,Replicase polyprotein 1ab
Cc1ccc(NC2CNC2)cc1C(=O)N[C@H](C)c1cccc(-c2ccc(CN[C@H]3CC[C@H](O)C3)s2)c1,6.6020599913279625,250.0,1,CHEMBL5208693,Replicase polyprotein 1ab
Cc1ccc(NC2CNC2)cc1C(=O)N[C@H](C)c1cccc(-c2ccc(Cl)s2)c1,5.966576244513051,1080.0,1,CHEMBL5590536,Replicase polyprotein 1ab
Cc1ccc(NC2CNC2)cc1C(=O)N[C@H](C)c1cccc(-c2cccn2C)c1,5.009661145212399,9780.0,1,CHEMBL5591214,Replicase polyprotein 1ab
Cc1ccc(NC2CNC2)cc1C(=O)N[C@H](C)c1cccc(-c2cccs2)c1,6.229147988357855,590.0,1,CHEMBL5071508,Replicase polyprotein 1ab
Cc1ccc(NC2CNC2)cc1C(=O)N[C@H](C)c1cccc(-c2ncc(CNC3CCCC3)s2)c1,5.806875401645538,1560.0,1,CHEMBL5595528,Replicase polyprotein 1ab
Cc1ccc(NC2CNC2)cc1C(=O)N[C@H](C)c1cccc(-c2sc(CN3CCCC3)cc2C)c1,5.498940737782249,3170.0,1,CHEMBL5590176,Replicase polyprotein 1ab
Cc1ccc(NC2CNC2)cc1C(=O)N[C@H](C)c1cccc(-c2sc(CNC3CCCC3)cc2C)c1,5.707743928643524,1960.0,1,CHEMBL5590671,Replicase polyprotein 1ab
Cc1ccc(NC2CNC2)cc1C(=O)N[C@H](C)c1cccc(-c2sc(CN[C@H]3CC[C@@H](O)C3)cc2C)c1,5.8297382846050425,1480.0,1,CHEMBL5592713,Replicase polyprotein 1ab
Cc1ccc(NC2CNC2)cc1C(=O)N[C@H](C)c1cccc(-c2sccc2C)c1,5.924453038607469,1190.0,1,CHEMBL5589680,Replicase polyprotein 1ab
Cc1ccc(NC2CNC2)cc1C(=O)N[C@H](C)c1cccc2ccccc12,5.995678626217358,1010.0,1,CHEMBL5077800,Replicase polyprotein 1ab
Cc1ccc(NC2CNC2)cc1CN(C)[C@H](C)c1cccc2ccccc12,6.017728766960431,960.0,1,CHEMBL5590311,Replicase polyprotein 1ab
Cc1ccc(NCC(C)(C)C)cc1-c1noc(C(C)c2cccc3ccccc23)n1,3.6989700043360187,200000.0,1,CHEMBL5556028,Replicase polyprotein 1ab
Cc1ccc(NCC(C)(C)N)cc1C(=O)N[C@H](C)c1cccc2ccccc12,5.7447274948966935,1800.0,1,CHEMBL6168038,Replicase polyprotein 1ab
Cc1ccc(NCC2(C)CCN2)cc1C(=O)N[C@H](C)c1cccc2ccccc12,6.096910013008056,800.0,1,CHEMBL6102133,Replicase polyprotein 1ab
Cc1ccc(NCC2CCN2)cc1C(=O)N[C@H](C)c1cccc2ccccc12,6.045757490560675,900.0,1,CHEMBL6146337,Replicase polyprotein 1ab
Cc1ccc(NCC2CCNC2)cc1C(=O)N[C@H](C)c1cccc2ccccc12,5.823908740944319,1500.0,1,CHEMBL6152863,Replicase polyprotein 1ab
Cc1ccc(NCC2CN(C)CCN2)cc1C(=O)N[C@H](C)c1cccc2ccccc12,5.823908740944319,1500.0,1,CHEMBL6142817,Replicase polyprotein 1ab
Cc1ccc(NCC2CNC2)cc1C(=O)N[C@H](C)c1cc(-c2cccs2)cc(-c2cccs2)c1,6.468521082957745,340.0,1,CHEMBL6150119,Replicase polyprotein 1ab
Cc1ccc(NCC2CNC2)cc1C(=O)N[C@H](C)c1cccc2ccccc12,6.0,1000.0,1,CHEMBL6134228,Replicase polyprotein 1ab
Cc1ccc(NCCN)cc1CN(C)[C@H](C)c1cccc2ccccc12,5.779891911959945,1660.0,1,CHEMBL5542340,Replicase polyprotein 1ab
Cc1ccc(NCCN2CCCCC2)cc1C(=O)N[C@H](C)c1cc(-c2cccs2)cc(-c2cccs2)c1,6.958607314841775,110.0,1,CHEMBL6120347,Replicase polyprotein 1ab
Cc1ccc(NCCNC(=N)N)cc1CN[C@H](C)c1cccc2ccccc12,5.896196279044043,1270.0,1,CHEMBL5571905,Replicase polyprotein 1ab
Cc1ccc(NC[C@@H](N)CNC[C@H]2CCCN2)cc1C(=O)N[C@H](C)c1cccc2ccccc12,5.958607314841775,1100.0,1,CHEMBL6149768,Replicase polyprotein 1ab
Cc1ccc(NC[C@@H]2CCCCN2)cc1C(=O)N[C@H](C)c1cccc2ccccc12,6.045757490560675,900.0,1,CHEMBL6165563,Replicase polyprotein 1ab
Cc1ccc(NC[C@@H]2CCCCN2C)cc1C(=O)N[C@H](C)c1cccc2ccccc12,5.853871964321762,1400.0,1,CHEMBL6151526,Replicase polyprotein 1ab
Cc1ccc(NC[C@@H]2CCCN2)cc1C(=O)N[C@H](C)c1cccc2ccccc12,6.096910013008056,800.0,1,CHEMBL6163098,Replicase polyprotein 1ab
Cc1ccc(NC[C@@H]2CCCN2C)cc1C(=O)N[C@H](C)c1cccc2ccccc12,6.045757490560675,900.0,1,CHEMBL6166647,Replicase polyprotein 1ab
Cc1ccc(NC[C@@]2(C)CCCN2)cc1C(=O)N[C@H](C)c1cccc2ccccc12,5.958607314841775,1100.0,1,CHEMBL6134367,Replicase polyprotein 1ab
Cc1ccc(NC[C@H]2CCCCN2)cc1C(=O)N[C@H](C)c1cccc2ccccc12,5.853871964321762,1400.0,1,CHEMBL6144965,Replicase polyprotein 1ab
Cc1ccc(NC[C@H]2CCCCN2C)cc1C(=O)N[C@H](C)c1cccc2ccccc12,5.823908740944319,1500.0,1,CHEMBL6120334,Replicase polyprotein 1ab
Cc1ccc(NC[C@H]2CCCN2)cc1C(=O)N[C@H](C)c1cccc2ccccc12,6.045757490560675,900.0,1,CHEMBL6151691,Replicase polyprotein 1ab
Cc1ccc(NC[C@H]2CCCN2C)cc1C(=O)N[C@H](C)c1cccc2ccccc12,5.823908740944319,1500.0,1,CHEMBL6114931,Replicase polyprotein 1ab
Cc1ccc(NC[C@]2(C)CCCN2)cc1C(=O)N[C@H](C)c1cccc2ccccc12,5.920818753952375,1200.0,1,CHEMBL6148061,Replicase polyprotein 1ab
Cc1ccc(NCc2ccc(C#N)cc2)cc1-c1noc(C(C)c2cccc3ccccc23)n1,3.6989700043360187,200000.0,1,CHEMBL5556108,Replicase polyprotein 1ab
Cc1ccc(NCc2ccc(C(=O)O)cc2)cc1-c1noc(C(C)c2cccc3ccccc23)n1,4.950781977329818,11200.0,1,CHEMBL5558077,Replicase polyprotein 1ab
Cc1ccc(NCc2ccc(C(=O)O)o2)cc1-c1noc(C(C)c2cccc3ccccc23)n1,4.841637507904751,14400.0,1,CHEMBL5556950,Replicase polyprotein 1ab
Cc1ccc(NCc2ccc(C(=O)O)s2)cc1-c1noc(C(C)c2cccc3ccccc23)n1,4.982966660701219,10400.0,1,CHEMBL5556174,Replicase polyprotein 1ab
Cc1ccc(NCc2ccc(O)cc2)cc1-c1noc(C(C)c2cccc3ccccc23)n1,3.7532552902761585,176500.0,1,CHEMBL5559525,Replicase polyprotein 1ab
Cc1ccc(NCc2ccc(S(C)(=O)=O)cc2)cc1-c1noc(C(C)c2cccc3ccccc23)n1,4.22767829327708,59200.0,1,CHEMBL5556150,Replicase polyprotein 1ab
Cc1ccc(NCc2cccc(C(=O)O)c2)cc1-c1noc(C(C)c2cccc3ccccc23)n1,4.954677021213342,11100.0,1,CHEMBL5523587,Replicase polyprotein 1ab
Cc1ccc(Nc2ccc(C(=O)O)cc2)cc1-c1noc(C(C)c2cccc3ccccc23)n1,4.97061622231479,10700.0,1,CHEMBL5542225,Replicase polyprotein 1ab
Cc1ccc(Nc2ccncc2)cc1C(=O)N[C@H](C)c1cccc2ccccc12,5.769551078621726,1700.0,1,CHEMBL6133995,Replicase polyprotein 1ab
Cc1ccc(O)cc1CN(C)[C@H](C)c1cccc2ccccc12,6.060480747381382,870.0,3,CHEMBL5200707,Replicase polyprotein 1ab
Cc1ccc(OC2CCNC2)cc1C(=O)N[C@H](C)c1cccc(-c2ccc(CN3CCCC3)s2)c1,5.920818753952375,1200.0,1,CHEMBL5591155,Replicase polyprotein 1ab
Cc1ccc(OC2CCNCC2)cc1C(=O)N[C@H](C)c1cccc(-c2ccc(CNC3CCCC3)s2)c1,6.1249387366083,750.0,1,CHEMBL5590148,Replicase polyprotein 1ab
Cc1ccc(OC2CN(C(=N)N)C2)cc1C(=O)N[C@H](C)c1cccc2ccccc12,5.549750891680639,2820.0,1,CHEMBL5575356,Replicase polyprotein 1ab
Cc1ccc(OC2CNC2)cc1C(=O)N[C@H](C)c1cccc(-c2ccc(CN3C(=O)[C@@H]4CC[C@H]3C4)s2)c1,5.795880017344075,1600.0,1,CHEMBL5592033,Replicase polyprotein 1ab
Cc1ccc(OC2CNC2)cc1C(=O)N[C@H](C)c1cccc(-c2ccc(CN3CCCC3)s2)c1,6.0915149811213505,810.0,1,CHEMBL5593630,Replicase polyprotein 1ab
Cc1ccc(OC2CNC2)cc1C(=O)N[C@H](C)c1cccc(-c2ccc(CNC3CCCC3)o2)c1,5.549750891680639,2820.0,1,CHEMBL5591929,Replicase polyprotein 1ab
Cc1ccc(OC2CNC2)cc1C(=O)N[C@H](C)c1cccc(-c2ccc(CNC3CCCC3)s2)c1,6.017728766960431,960.0,1,CHEMBL5589927,Replicase polyprotein 1ab
Cc1ccc(OC2CNC2)cc1C(=O)N[C@H](C)c1cccc(-c2ccc(CN[C@H]3CC[C@@H](C(=O)O)C3)s2)c1,6.443697499232712,360.0,1,CHEMBL5583676,Replicase polyprotein 1ab
Cc1ccc(OC2CNC2)cc1C(=O)N[C@H](C)c1cccc(-c2ccc(CN[C@H]3CC[C@@H](C(=O)OC[C@H]4O[C@@H](n5ccc(N)nc5=O)[C@H](O)[C@@H]4O)C3)s2)c1,6.327902142064283,470.0,1,CHEMBL5583933,Replicase polyprotein 1ab
Cc1ccc(OC2CNC2)cc1C(=O)N[C@H](C)c1cccc(-c2ccc(CN[C@H]3CC[C@@H](O)C3)s2)c1,6.366531544420414,430.0,1,CHEMBL5591153,Replicase polyprotein 1ab
Cc1ccc(OC2CNC2)cc1C(=O)N[C@H](C)c1cccc(-c2ncc(CNC3CCCC3)o2)c1,5.856985199745905,1390.0,1,CHEMBL5583810,Replicase polyprotein 1ab
Cc1ccc(OC2CNC2)cc1C(=O)N[C@H](C)c1cccc2ccccc12,5.85078088734462,1410.0,1,CHEMBL5570215,Replicase polyprotein 1ab
Cc1ccc(OCC(=O)NC(=N)N)cc1C(=O)N[C@H](C)c1cccc2ccccc12,6.00436480540245,990.0,1,CHEMBL5574283,Replicase polyprotein 1ab
Cc1ccc(OCCN(C)C)cc1C(=O)N[C@H](C)c1cc(-c2c(C)noc2C)cc(-c2c(C)noc2C)c1,6.3979400086720375,400.0,1,CHEMBL6149160,Replicase polyprotein 1ab
Cc1ccc(OCCN(C)C)cc1C(=O)N[C@H](C)c1cc(-c2ccc(N3CCOCC3)nc2)cc(-c2cccs2)c1,7.045757490560675,90.0,1,CHEMBL6149682,Replicase polyprotein 1ab
Cc1ccc(OCCN(C)C)cc1C(=O)N[C@H](C)c1cc(-c2ccc(N3CCOCC3)nc2)cc(-c2cnn(C)c2)c1,7.096910013008056,80.0,1,CHEMBL6145028,Replicase polyprotein 1ab
Cc1ccc(OCCN(C)C)cc1C(=O)N[C@H](C)c1cc(-c2ccc(O)cc2)cc(-c2ccc(O)cc2)c1,6.795880017344075,160.0,1,CHEMBL6145077,Replicase polyprotein 1ab
Cc1ccc(OCCN(C)C)cc1C(=O)N[C@H](C)c1cc(-c2ccc3cnn(C)c3c2)cc(-c2cnn(C)c2)c1,6.886056647693163,130.0,1,CHEMBL6142320,Replicase polyprotein 1ab
Cc1ccc(OCCN(C)C)cc1C(=O)N[C@H](C)c1cc(-c2ccccc2)cc(-c2ccccc2)c1,6.987162775294828,103.0,1,CHEMBL6168655,Replicase polyprotein 1ab
Cc1ccc(OCCN(C)C)cc1C(=O)N[C@H](C)c1cc(-c2ccco2)cc(-c2ccco2)c1,6.698970004336019,200.0,1,CHEMBL6163476,Replicase polyprotein 1ab
Cc1ccc(OCCN(C)C)cc1C(=O)N[C@H](C)c1cc(-c2cccs2)cc(-c2ccc(CN)s2)c1,7.045757490560675,90.0,1,CHEMBL6162529,Replicase polyprotein 1ab
Cc1ccc(OCCN(C)C)cc1C(=O)N[C@H](C)c1cc(-c2cccs2)cc(-c2cccs2)c1,7.221848749616356,60.0,1,CHEMBL6145641,Replicase polyprotein 1ab
Cc1ccc(OCCN(C)C)cc1C(=O)N[C@H](C)c1cc(-c2ccn(C)n2)cc(-c2ccn(C)n2)c1,6.853871964321762,140.0,1,CHEMBL6159867,Replicase polyprotein 1ab
Cc1ccc(OCCN(C)C)cc1C(=O)N[C@H](C)c1cc(-c2ccn(C)n2)cc(-c2ccn(C3CC3)n2)c1,6.920818753952375,120.0,1,CHEMBL6144424,Replicase polyprotein 1ab
Cc1ccc(OCCN(C)C)cc1C(=O)N[C@H](C)c1cc(-c2ccnn2C)cc(-c2ccnn2C)c1,6.337242168318426,460.0,1,CHEMBL6160793,Replicase polyprotein 1ab
Cc1ccc(OCCN(C)C)cc1C(=O)N[C@H](C)c1cc(-c2ccoc2)cc(-c2ccoc2)c1,7.096910013008056,80.0,1,CHEMBL6150467,Replicase polyprotein 1ab
Cc1ccc(OCCN(C)C)cc1C(=O)N[C@H](C)c1cc(-c2ccsc2)cc(-c2ccsc2)c1,7.0,100.0,1,CHEMBL6161668,Replicase polyprotein 1ab
Cc1ccc(OCCN(C)C)cc1C(=O)N[C@H](C)c1cc(-c2cn[nH]c2)cc(-c2cccs2)c1,7.096910013008056,80.0,1,CHEMBL6145810,Replicase polyprotein 1ab
Cc1ccc(OCCN(C)C)cc1C(=O)N[C@H](C)c1cc(-c2cncs2)cc(-c2cncs2)c1,7.0,100.0,1,CHEMBL6160297,Replicase polyprotein 1ab
Cc1ccc(OCCN(C)C)cc1C(=O)N[C@H](C)c1cc(-c2cnn(C(C)C)c2)cc(-c2ccn(C)n2)c1,6.958607314841775,110.0,1,CHEMBL6159754,Replicase polyprotein 1ab
Cc1ccc(OCCN(C)C)cc1C(=O)N[C@H](C)c1cc(-c2cnn(C(C)C)c2)cc(-c2cnn(C(F)F)c2)c1,6.795880017344075,160.0,1,CHEMBL6142360,Replicase polyprotein 1ab
Cc1ccc(OCCN(C)C)cc1C(=O)N[C@H](C)c1cc(-c2cnn(C(F)F)c2)cc(-c2cccs2)c1,7.154901959985743,70.0,1,CHEMBL6162460,Replicase polyprotein 1ab
Cc1ccc(OCCN(C)C)cc1C(=O)N[C@H](C)c1cc(-c2cnn(C(F)F)c2)cc(-c2ccn(C)n2)c1,7.045757490560675,90.0,1,CHEMBL6161173,Replicase polyprotein 1ab
Cc1ccc(OCCN(C)C)cc1C(=O)N[C@H](C)c1cc(-c2cnn(C(F)F)c2)cc(-c2cnn(C(F)F)c2)c1,6.769551078621726,170.0,1,CHEMBL6132843,Replicase polyprotein 1ab
Cc1ccc(OCCN(C)C)cc1C(=O)N[C@H](C)c1cc(-c2cnn(C(F)F)c2)cc(-c2cnn(C3CC3)c2)c1,7.045757490560675,90.0,1,CHEMBL6147876,Replicase polyprotein 1ab
Cc1ccc(OCCN(C)C)cc1C(=O)N[C@H](C)c1cc(-c2cnn(C)c2)cc(-c2ccc(CN3CCOCC3)o2)c1,6.920818753952375,120.0,1,CHEMBL6147768,Replicase polyprotein 1ab
Cc1ccc(OCCN(C)C)cc1C(=O)N[C@H](C)c1cc(-c2cnn(C)c2)cc(-c2cccs2)c1,6.823908740944319,150.0,1,CHEMBL6168763,Replicase polyprotein 1ab
Cc1ccc(OCCN(C)C)cc1C(=O)N[C@H](C)c1cc(-c2cnn(C)c2)cc(-c2cnn(CC(N)=O)c2)c1,7.154901959985743,70.0,1,CHEMBL6132945,Replicase polyprotein 1ab
Cc1ccc(OCCN(C)C)cc1C(=O)N[C@H](C)c1cc(-c2cnn(C)c2)cc(-c2cnn(CC3CCOCC3)c2)c1,7.154901959985743,70.0,1,CHEMBL6143888,Replicase polyprotein 1ab
Cc1ccc(OCCN(C)C)cc1C(=O)N[C@H](C)c1cc(-c2cnn(C)c2)cc(-c2cnn(CCO)c2)c1,7.045757490560675,90.0,1,CHEMBL6162657,Replicase polyprotein 1ab
Cc1ccc(OCCN(C)C)cc1C(=O)N[C@H](C)c1cc(-c2cnn(CC(F)(F)F)c2)cc(-c2cccs2)c1,7.154901959985743,70.0,1,CHEMBL6146709,Replicase polyprotein 1ab
Cc1ccc(OCCN(C)C)cc1C(=O)N[C@H](C)c1cc(-c2cnn(CC(N)=O)c2)cc(-c2cccs2)c1,7.096910013008056,80.0,1,CHEMBL6142438,Replicase polyprotein 1ab
Cc1ccc(OCCN(C)C)cc1C(=O)N[C@H](C)c1cc(-c2cnn(CC3CCOCC3)c2)cc(-c2ccn(C)n2)c1,7.096910013008056,80.0,1,CHEMBL6141852,Replicase polyprotein 1ab
Cc1ccc(OCCN(C)C)cc1C(=O)N[C@H](C)c1cc(-c2cnn(CCN(C)C)c2)cc(-c2cccs2)c1,6.958607314841775,110.0,1,CHEMBL6103527,Replicase polyprotein 1ab
Cc1ccc(OCCN(C)C)cc1C(=O)N[C@H](C)c1cc(-c2cnn(CCN3CCOCC3)c2)cc(-c2cccs2)c1,7.221848749616356,60.0,1,CHEMBL6167092,Replicase polyprotein 1ab
Cc1ccc(OCCN(C)C)cc1C(=O)N[C@H](C)c1cc(-c2cnn(CCO)c2)cc(-c2ccc(CN3CCCC3)s2)c1,7.154901959985743,70.0,1,CHEMBL6134679,Replicase polyprotein 1ab
Cc1ccc(OCCN(C)C)cc1C(=O)N[C@H](C)c1cc(-c2cnn(CCO)c2)cc(-c2cccs2)c1,6.958607314841775,110.0,1,CHEMBL6133903,Replicase polyprotein 1ab
Cc1ccc(OCCN(C)C)cc1C(=O)N[C@H](C)c1cc(-c2cnn(CCO)c2)cc(-c2ccnn2C)c1,6.853871964321762,140.0,1,CHEMBL6103530,Replicase polyprotein 1ab
Cc1ccc(OCCN(C)C)cc1C(=O)N[C@H](C)c1cc(-c2cnn(CCO)c2)cc(-c2cnn(C(F)F)c2)c1,7.045757490560675,90.0,1,CHEMBL6165042,Replicase polyprotein 1ab
Cc1ccc(OCCN(C)C)cc1C(=O)N[C@H](C)c1cc(-c2cnn(CCO)c2)cc(-c2cnn(CCN(C)C)c2)c1,6.853871964321762,140.0,1,CHEMBL6152423,Replicase polyprotein 1ab
Cc1ccc(OCCN(C)C)cc1C(=O)N[C@H](C)c1cc(-c2cnn(CCO)c2)cc(-c2cnn(CCO)c2)c1,6.795880017344075,160.0,1,CHEMBL6145052,Replicase polyprotein 1ab
Cc1ccc(OCCN)cc1C(=O)N[C@H](C)c1cc(-c2cccs2)cc(-c2cccs2)c1,7.221848749616356,60.0,1,CHEMBL6142585,Replicase polyprotein 1ab
Cc1ccc(OCCN)cc1C(=O)N[C@H](C)c1cccc(-c2c(C)noc2C)c1,5.8297382846050425,1480.0,1,CHEMBL5570169,Replicase polyprotein 1ab
Cc1ccc(OCCN)cc1C(=O)N[C@H](C)c1cccc(-c2c[nH]nc2C)c1,5.707743928643524,1960.0,1,CHEMBL5570043,Replicase polyprotein 1ab
Cc1ccc(OCCN)cc1C(=O)N[C@H](C)c1cccc(-c2ccc(C#N)cc2)c1,6.050609993355087,890.0,1,CHEMBL5575765,Replicase polyprotein 1ab
Cc1ccc(OCCN)cc1C(=O)N[C@H](C)c1cccc(-c2ccc(C#N)s2)c1,6.229147988357855,590.0,1,CHEMBL5574762,Replicase polyprotein 1ab
Cc1ccc(OCCN)cc1C(=O)N[C@H](C)c1cccc(-c2ccc(CN3CCCC3)s2)c1,6.2441251443275085,570.0,1,CHEMBL5595950,Replicase polyprotein 1ab
Cc1ccc(OCCN)cc1C(=O)N[C@H](C)c1cccc(-c2ccc(CNC3CC3)s2)c1,6.026872146400302,940.0,1,CHEMBL5595683,Replicase polyprotein 1ab
Cc1ccc(OCCN)cc1C(=O)N[C@H](C)c1cccc(-c2ccc(CNC3CCCC3)s2)c1,6.585026652029182,260.0,1,CHEMBL5591637,Replicase polyprotein 1ab
Cc1ccc(OCCN)cc1C(=O)N[C@H](C)c1cccc(-c2ccc(F)cc2)c1,5.913640169325252,1220.0,1,CHEMBL5592561,Replicase polyprotein 1ab
Cc1ccc(OCCN)cc1C(=O)N[C@H](C)c1cccc(-c2ccc(F)cc2F)c1,5.812479279163537,1540.0,1,CHEMBL5575341,Replicase polyprotein 1ab
Cc1ccc(OCCN)cc1C(=O)N[C@H](C)c1cccc(-c2ccc(O)cc2)c1,6.161150909262744,690.0,1,CHEMBL5568838,Replicase polyprotein 1ab
Cc1ccc(OCCN)cc1C(=O)N[C@H](C)c1cccc(-c2ccc3c(c2)CCO3)c1,5.966576244513051,1080.0,1,CHEMBL5571934,Replicase polyprotein 1ab
Cc1ccc(OCCN)cc1C(=O)N[C@H](C)c1cccc(-c2ccc3c(c2)OCCO3)c1,6.013228265733755,970.0,1,CHEMBL5566385,Replicase polyprotein 1ab
Cc1ccc(OCCN)cc1C(=O)N[C@H](C)c1cccc(-c2ccccc2O)c1,5.647817481888637,2250.0,1,CHEMBL5575393,Replicase polyprotein 1ab
Cc1ccc(OCCN)cc1C(=O)N[C@H](C)c1cccc(-c2cccs2)c1,6.301029995663981,500.0,1,CHEMBL5592625,Replicase polyprotein 1ab
Cc1ccc(OCCN)cc1C(=O)N[C@H](C)c1cccc(-c2ccn(C)c2C)c1,5.474955192963154,3350.0,1,CHEMBL5571953,Replicase polyprotein 1ab
Cc1ccc(OCCN)cc1C(=O)N[C@H](C)c1cccc(-c2ccn[nH]2)c1,5.935542010773082,1160.0,1,CHEMBL5565009,Replicase polyprotein 1ab
Cc1ccc(OCCN)cc1C(=O)N[C@H](C)c1cccc(-c2ccnn2C)c1,5.555955204081924,2780.0,1,CHEMBL5573157,Replicase polyprotein 1ab
Cc1ccc(OCCN)cc1C(=O)N[C@H](C)c1cccc(-c2ccoc2)c1,6.200659450546418,630.0,1,CHEMBL5574064,Replicase polyprotein 1ab
Cc1ccc(OCCN)cc1C(=O)N[C@H](C)c1cccc(-c2ccsc2)c1,6.275724130399211,530.0,1,CHEMBL5575776,Replicase polyprotein 1ab
Cc1ccc(OCCN)cc1C(=O)N[C@H](C)c1cccc(-c2cn[nH]c2)c1,5.826813731587726,1490.0,1,CHEMBL5575882,Replicase polyprotein 1ab
Cc1ccc(OCCN)cc1C(=O)N[C@H](C)c1cccc(-c2cnc(N(C)C)nc2)c1,4.698970004336019,20000.0,1,CHEMBL5594529,Replicase polyprotein 1ab
Cc1ccc(OCCN)cc1C(=O)N[C@H](C)c1cccc(-c2cnn(C(F)F)c2)c1,5.943095148663527,1140.0,1,CHEMBL5569062,Replicase polyprotein 1ab
Cc1ccc(OCCN)cc1C(=O)N[C@H](C)c1cccc(-c2cnn(C)c2)c1,6.017728766960431,960.0,1,CHEMBL5542794,Replicase polyprotein 1ab
Cc1ccc(OCCN)cc1C(=O)N[C@H](C)c1cccc(-c2cnn(Cc3ccccc3)c2)c1,5.987162775294828,1030.0,1,CHEMBL5574214,Replicase polyprotein 1ab
Cc1ccc(OCCN)cc1C(=O)N[C@H](C)c1cccc2ccccc12,6.161150909262744,690.0,1,CHEMBL5568674,Replicase polyprotein 1ab
Cc1ccc(OCCN2CCCC2)cc1C(=O)N[C@H](C)c1cc(-c2cccs2)cc(-c2cccs2)c1,7.154901959985743,70.0,1,CHEMBL6162469,Replicase polyprotein 1ab
Cc1ccc(OCCN2CCOCC2)cc1C(=O)N[C@H](C)c1cc(-c2cccs2)cc(-c2cccs2)c1,6.443697499232712,360.0,1,CHEMBL6146529,Replicase polyprotein 1ab
Cc1ccc(OCCNC(=N)N)cc1C(=O)N[C@H](C)c1cccc2ccccc12.Cl,6.008773924307505,980.0,1,CHEMBL5566727,Replicase polyprotein 1ab
Cc1ccc(OCC[N+](C)(C)C)cc1C(=O)N[C@H](C)c1cc(-c2cccs2)cc(-c2cccs2)c1,6.886056647693163,130.0,1,CHEMBL6164703,Replicase polyprotein 1ab
Cc1ccc(OCC[N+](C)(C)C)cc1C(=O)N[C@H](C)c1cccc(-c2cccs2)c1,5.886056647693163,1300.0,1,CHEMBL5573502,Replicase polyprotein 1ab
Cc1ccc(S(=O)(=O)/C=C/C#N)cc1,6.086186147616283,820.0,1,CHEMBL403183,Replicase polyprotein 1ab
Cc1ccc(S(=O)(=O)CNC(=O)C(c2cccnc2)N(C(=O)c2ccco2)c2ccc(C(C)(C)C)cc2)cc1,4.698970004336019,20000.0,1,CHEMBL5178977,Replicase polyprotein 1ab
Cc1ccc(S(=O)(=O)N(C)C[C@H]2O[C@@H](n3cc(C#Cc4ccccc4)c4c(N)ncnc43)[C@H](O)[C@@H]2O)cc1Cl,7.59176003468815,25.6,1,CHEMBL5431675,Replicase polyprotein 1ab
Cc1ccc(S(=O)(=O)N(C)C[C@H]2O[C@@H](n3cc(C#Cc4ccccc4)c4c(N)ncnc43)[C@H](O)[C@@H]2O)cc1[N+](=O)[O-],8.022276394711152,9.5,1,CHEMBL5412104,Replicase polyprotein 1ab
Cc1ccc(S(=O)(=O)N(C)C[C@H]2O[C@@H](n3cc(C#Cc4cnc5ccccc5c4)c4c(N)ncnc43)[C@H](O)[C@@H]2O)cc1Cl,8.684029654543082,2.07,1,CHEMBL5400638,Replicase polyprotein 1ab
Cc1ccc(S(=O)(=O)N(C)C[C@H]2O[C@@H](n3cc(C#Cc4cnc5ccccc5c4)c4c(N)ncnc43)[C@H](O)[C@@H]2O)cc1[N+](=O)[O-],8.67778070526608,2.1,1,CHEMBL5427101,Replicase polyprotein 1ab
Cc1ccc(S(=O)(=O)NCCS(=O)(=O)C[C@H]2O[C@@H](n3cnc4c(N)ncnc43)[C@H](O)[C@@H]2O)cc1,4.309803919971486,49000.0,1,CHEMBL5410336,Replicase polyprotein 1ab
Cc1ccc(S(=O)(=O)NCCSC[C@H]2O[C@@H](n3cnc4c(N)ncnc43)[C@H](O)[C@@H]2O)cc1,5.657577319177793,2200.0,1,CHEMBL5406405,Replicase polyprotein 1ab
Cc1ccc(S(=O)(=O)NC[C@H]2O[C@@H](n3cnc4c(N)ncnc43)[C@H](O)[C@@H]2O)cc1Cl,6.46344155742847,344.0,1,CHEMBL5170481,Replicase polyprotein 1ab
Cc1ccc(S(=O)(=O)NC[C@H]2O[C@@H](n3cnc4c(N)ncnc43)[C@H](O)[C@@H]2O)cc1[N+](=O)[O-],6.465973893943865,342.0,1,CHEMBL5180746,Replicase polyprotein 1ab
Cc1ccc(S(=O)(=O)N[C@@H](Cc2ccccc2)C(=O)CCl)cc1,5.863279432843593,1370.0,1,CHEMBL60718,Replicase polyprotein 1ab
Cc1ccc([C@@H](CC(=O)O)NC(=O)c2ncnc3[nH]ccc23)cc1,5.199515788947997,6317.0,2,CHEMBL5442046,Replicase polyprotein 1ab
Cc1ccc([C@@H](Nc2ncnc3[nH]ccc23)C(C)C)cc1S(C)(=O)=O,5.042460624882363,9285.0,2,CHEMBL5441984,Replicase polyprotein 1ab
Cc1ccc([N+](=O)[O-])cc1CN(C)[C@H](C)c1cccc2ccccc12,4.698970004336019,20000.0,1,CHEMBL5592779,Replicase polyprotein 1ab
Cc1ccc2c(NC(=O)c3ccc(NC(=O)NC4CC4)cc3)c(C(=O)O)sc2n1,4.002176919254275,99500.0,1,CHEMBL5441487,Replicase polyprotein 1ab
Cc1ccc2c(c1)C[C@@H](C(=O)N(C)CC[C@@H](Nc1ncnc3[nH]ccc13)C(C)C)S2,4.002176919254275,99500.0,1,CHEMBL5441500,Replicase polyprotein 1ab
Cc1ccc2c(c1)cc(C(=O)NCCCNC(=O)n1cc(F)c(=O)[nH]c1=O)n2CC(C)C,5.920818753952375,1200.0,1,CHEMBL5632186,Replicase polyprotein 1ab
Cc1ccc2c(c1)nc(SC(Cc1ccccc1)C(=O)N1CCNC1=O)n2Cc1ccccc1,4.489454989793388,32400.0,1,CHEMBL5194113,Replicase polyprotein 1ab
Cc1ccc2c(c1)nc(SC(Cc1ccccc1)C(=O)N1CCOC1=O)n2Cc1ccccc1,4.437707135543525,36500.0,1,CHEMBL5182801,Replicase polyprotein 1ab
Cc1ccc2nc(-c3ccc(N)cc3)sc2c1S(=O)(=O)O,5.366531544420414,4300.0,1,CHEMBL1339340,Replicase polyprotein 1ab
Cc1ccc2snc(C(=O)N(C)CC[C@@H](Nc3ncnc4[nH]ccc34)C(C)C)c2c1,4.002176919254275,99500.0,1,CHEMBL5441618,Replicase polyprotein 1ab
Cc1cccc(-c2nc3cc(O)c(O)c(O)c3c(=O)[nH]2)c1,5.642636969384857,2277.0,1,CHEMBL5436099,Replicase polyprotein 1ab
Cc1cccc(C(=O)Oc2c(C)cccc2C(=O)Oc2cncc(Cl)c2)c1O,5.309803919971486,4900.0,1,CHEMBL5288669,Replicase polyprotein 1ab
Cc1cccc(C)c1-n1nnnc1CSc1ncnc2[nH]cnc12,4.002176919254275,99500.0,1,CHEMBL5441712,Replicase polyprotein 1ab
Cc1cccc(C)c1NC(=O)C(c1cccnc1)N(C(=O)c1ccco1)c1ccc(C(C)(C)C)cc1,4.698970004336019,20000.0,1,CHEMBL5189716,Replicase polyprotein 1ab
Cc1cccc(C)c1NC(=O)C1c2cccc[n+]2CC(=O)N1C,5.080921907623926,8300.0,1,CHEMBL5584157,Replicase polyprotein 1ab
Cc1cccc(C)c1OCC(=O)N[C@@H](Cc1ccccc1)[C@@H](O)C[C@H](Cc1ccccc1)NC(=O)[C@H](C(C)C)N1CCCNC1=O,4.869487583003801,14560.0,2,CHEMBL729,Replicase polyprotein 1ab
Cc1cccc(C)c1OCC(=O)N[C@@H]1C(=O)N2C[C@H]3[C@@H]([C@H]2C(=O)N[C@H](C#N)C[C@@H]2C[C@H](NC2=O)C(=O)NCC1(C)C)C3(C)C,6.494850021680094,320.0,1,CHEMBL6096564,Replicase polyprotein 1ab
Cc1cccc(COc2cccc(C(=O)Nc3ccc4c(c3)B(O)OC4)c2)c1,4.223298816011589,59800.0,1,CHEMBL5188282,Replicase polyprotein 1ab
Cc1cccc(Cl)c1-n1sc(=O)n(CC2CC2)c1=O,4.639028116274064,22960.0,1,CHEMBL5441470,Replicase polyprotein 1ab
Cc1cccc(N2C(=O)C[n+]3ccccc3C2C(=O)Nc2ccccc2)c1,5.214670164989233,6100.0,1,CHEMBL5591010,Replicase polyprotein 1ab
Cc1cccc(OCc2cc(Cl)cc(-c3cc(-c4c[nH]c(=O)[nH]c4=O)cn(-c4cccnc4)c3=O)c2)c1,6.958607314841775,110.0,1,CHEMBL5560897,Replicase polyprotein 1ab
Cc1cccc([C@@H](C)C(=O)N2C[C@H]3[C@@H]([C@H]2C(=O)N[C@H](C=O)C[C@@H]2CCNC2=O)C3(C)C)c1,7.958607314841775,11.0,1,CHEMBL5572787,Replicase polyprotein 1ab
Cc1cccc2[nH]c(C(=O)N3C[C@H]4[C@@H]([C@H]3C(=O)N[C@H](C=O)C[C@@H]3CCNC3=O)C4(C)C)cc12,7.431798275933005,37.0,1,CHEMBL5562962,Replicase polyprotein 1ab
Cc1cccc2c(=O)n(-c3ccccc3)sc12,4.0,100000.0,1,CHEMBL5557600,Replicase polyprotein 1ab
Cc1cccc2c(=O)n(CCC(C)C)sc12,4.0,100000.0,1,CHEMBL5560730,Replicase polyprotein 1ab
Cc1cccc2c3c(ccc12)C1=C(C(=O)C3=O)[C@@H](C)CO1,6.229147988357855,590.0,1,CHEMBL227075,Replicase polyprotein 1ab
Cc1cccc2cc(C(=O)N3C[C@H]4[C@@H]([C@H]3C(=O)N[C@H](C=O)C[C@@H]3CCNC3=O)C4(C)C)[nH]c12,7.698970004336019,20.0,1,CHEMBL5562905,Replicase polyprotein 1ab
Cc1cccc2nc(CNC(=S)NCc3cccnc3)cn12,4.227965977824862,67500.0,4,CHEMBL5405544,Replicase polyprotein 1ab
Cc1cccc2nc(CSC(=S)NCc3cccnc3)cn12,7.673886502196661,21.189999999999998,6,CHEMBL4590273,Replicase polyprotein 1ab
Cc1ccccc1-c1nc2cc(O)c(O)c(O)c2c(=O)[nH]1,6.437707135543525,365.0,1,CHEMBL5439047,Replicase polyprotein 1ab
Cc1ccccc1-n1[se]c2ccccc2c1=O,5.129005633420008,7430.094999999999,2,CHEMBL5094204,Replicase polyprotein 1ab
Cc1ccccc1C(=O)N(C)c1ccccc1,6.173925197299173,670.0,1,CHEMBL5268979,Replicase polyprotein 1ab
Cc1ccccc1C(=O)NC(C)c1ccc2ccccc2c1,4.628932137728263,23500.0,1,CHEMBL562121,Replicase polyprotein 1ab
Cc1ccccc1C(=O)NC(C)c1cccc2ccccc12,4.628932137728263,23500.0,1,CHEMBL6150356,Replicase polyprotein 1ab
Cc1ccccc1C(=O)N[C@H](C)c1cccc2ccccc12,4.0,100000.0,1,CHEMBL560179,Replicase polyprotein 1ab
Cc1ccccc1Cn1c(=O)sn(-c2cccc3ccccc23)c1=O,5.809668301829708,1550.0,1,CHEMBL5280512,Replicase polyprotein 1ab
Cc1ccccc1N(C)C(=O)c1ccc([S+]([O-])c2nccs2)c([N+](=O)[O-])c1,5.728158393463501,1870.0,1,CHEMBL4303376,Replicase polyprotein 1ab
Cc1ccccc1N1C(=O)C[n+]2ccccc2C1C(=O)Nc1ccccc1,5.251811972993799,5600.0,1,CHEMBL5595272,Replicase polyprotein 1ab
Cc1ccccc1NC(=O)C1c2cccc[n+]2CC(=O)N1C,5.3979400086720375,4000.0,1,CHEMBL5593580,Replicase polyprotein 1ab
Cc1ccccc1OCc1cc(Cl)cc(-c2cc(-c3c[nH]c(=O)[nH]c3=O)cn(-c3cccnc3)c2=O)c1,7.0,100.0,1,CHEMBL5562231,Replicase polyprotein 1ab
Cc1ccccc1[C@@H](C)N(C)Cc1cc(O)ccc1Cl,5.175874166083451,6670.0,1,CHEMBL5183725,Replicase polyprotein 1ab
Cc1ccnc(SC(=O)c2cc3ccccc3[nH]2)n1,7.057495893831919,87.6,1,CHEMBL5207081,Replicase polyprotein 1ab
Cc1ccncc1N1C(=O)N[C@@H](CC2CCCCC2)C1=O,4.7447274948966935,18000.0,1,CHEMBL5568575,Replicase polyprotein 1ab
Cc1ccoc1-c1cc2c(N[C@@H](c3ccc4c(c3)OCCO4)C(C)C)ncnc2[nH]1,4.378971159550444,41839.0,2,CHEMBL5441723,Replicase polyprotein 1ab
Cc1ccsc1C(=O)N[C@H](C)c1cccc2ccccc12,4.376750709602099,42000.0,1,CHEMBL5200289,Replicase polyprotein 1ab
Cc1cn(C(=O)NCCCNC(=O)c2cc3cc(Cl)ccc3n2CC(C)C)c(=O)[nH]c1=O,5.886056647693163,1300.0,1,CHEMBL5631290,Replicase polyprotein 1ab
Cc1cn(C(=O)NCCCNC(=O)c2cc3cc(F)ccc3n2CC(C)C)c(=O)[nH]c1=O,6.154901959985743,700.0,1,CHEMBL5633225,Replicase polyprotein 1ab
Cc1cn(C)nc1-c1cc2c(N[C@@H](c3ccc4c(c3)OCCO4)C(C)C)ncnc2[nH]1,4.002176919254275,99500.0,1,CHEMBL5442018,Replicase polyprotein 1ab
Cc1cn[nH]c1-c1cc2c(N[C@@H](c3ccc4c(c3)OCCO4)C(C)C)ncnc2[nH]1,5.057148993445662,8767.0,3,CHEMBL5441958,Replicase polyprotein 1ab
Cc1cnc(Cn2c(=O)nc(Nc3cc4cn(C)nc4cc3Cl)n(Cc3cc(F)c(F)cc3F)c2=O)nc1,6.585026652029182,260.0,1,CHEMBL5208006,Replicase polyprotein 1ab
Cc1cncc(-n2c(=O)nc(Nc3cc4cn(C)nc4cc3Cl)n(Cc3cc(C#N)c(F)cc3C)c2=O)c1,8.077450979992872,18.5,2,CHEMBL5195764,Replicase polyprotein 1ab
Cc1cncc(-n2c(=O)nc(Nc3cc4cn(C)nc4cc3Cl)n(Cc3cc(F)c(F)c(F)c3)c2=O)c1,7.853871964321762,14.0,1,CHEMBL5187177,Replicase polyprotein 1ab
Cc1cncc(-n2c(=O)nc(Nc3cc4cn(C)nc4cc3Cl)n(Cc3cc(F)c(F)cc3F)c2=O)c1,8.045757490560675,9.0,1,CHEMBL5196584,Replicase polyprotein 1ab
Cc1cncc(CC(=O)N2CCC[C@H]2c2cccc(Cl)c2)c1,4.790435346129012,63550.0,2,CHEMBL5566255,Replicase polyprotein 1ab
Cc1cncc(CC(=O)N2CCc3cc(Cl)c(Cl)cc3C2)c1,4.770681075487175,63650.0,2,CHEMBL5573352,Replicase polyprotein 1ab
Cc1cnn(-c2ccc(-c3cc4c(N[C@@H](c5ccc6c(c5)OCCO6)C(C)C)ncnc4[nH]3)cc2)c1,4.002176919254275,99500.0,1,CHEMBL5441792,Replicase polyprotein 1ab
Cc1cnn(C)c1NC(=O)c1cc2c(N[C@@H](c3ccc4c(c3)OCCO4)C(C)C)ncnc2[nH]1,4.283261816963928,63384.0,2,CHEMBL5441736,Replicase polyprotein 1ab
Cc1coc(-c2cc3c(N[C@@H](c4ccc5c(c4)OCCO5)C(C)C)ncnc3[nH]2)c1,4.002176919254275,99500.0,1,CHEMBL5441997,Replicase polyprotein 1ab
Cc1coc2c1C(=O)C(=O)c1c-2ccc2c(C)cccc12,5.655607726314889,2210.0,1,CHEMBL363535,Replicase polyprotein 1ab
Cc1coc2c1C(=O)C(=O)c1c-2ccc2c1CCCC2(C)C,5.803823814960027,1571.0,1,CHEMBL187266,Replicase polyprotein 1ab
Cc1cocc1-c1cc2c(N[C@@H](c3ccc4c(c3)OCCO4)C(C)C)ncnc2[nH]1,5.594699613689319,2543.0,2,CHEMBL5441908,Replicase polyprotein 1ab
Cc1csc(-c2cccc([C@@H](C)NC(=O)c3cc(NC4CNC4)ccc3C)c2)c1,5.714442690992226,1930.0,1,CHEMBL5593629,Replicase polyprotein 1ab
Cc1csc(C(=O)N[C@H](C(=O)N[C@@H](Cc2ccccc2)C(=O)N(C)N(C#N)Cc2ccc(Cl)cc2)C(C)(C)C)c1,7.1487416512809245,71.0,1,CHEMBL5561253,Replicase polyprotein 1ab
Cc1csc(NC(=O)CSC[C@@H](NC(=O)c2ncnc3[nH]ccc23)C(=O)O)n1,4.002176919254275,99500.0,2,CHEMBL5441840,Replicase polyprotein 1ab
Cc1n[nH]c(-c2cc3c(N[C@@H](c4ccc5c(c4)OCCO5)C(C)C)ncnc3[nH]2)c1C,5.3164424824263214,4836.5,2,CHEMBL5441639,Replicase polyprotein 1ab
Cc1n[nH]c(C)c1-c1cc2c(N[C@@H](c3ccc4c(c3)OCCO4)C(C)C)ncnc2[nH]1,4.49850255438586,31732.0,1,CHEMBL5441830,Replicase polyprotein 1ab
Cc1n[nH]c(C)c1-c1cc2c(N[C@@H](c3ccc4c(c3)S(=O)(=O)CCC4)C(C)C)ncnc2[nH]1,6.341035157335565,456.0,3,CHEMBL5441860,Replicase polyprotein 1ab
Cc1n[nH]c(C)c1C(=O)N1CCC(c2ccn3ncc(C(=O)N4CCCCC4)c3c2)CC1,4.002176919254275,99500.0,1,CHEMBL5441885,Replicase polyprotein 1ab
Cc1n[nH]nc1C(=O)N1CCC(c2ccn3ncc(C(=O)N4CCCCC4)c3c2)CC1,4.002176919254275,99500.0,1,CHEMBL5442016,Replicase polyprotein 1ab
Cc1nc(C(=O)N2CCC(c3ccn4ncc(C(=O)N5CCCCC5)c4c3)CC2)c(=O)[nH]c1C,4.002176919254275,99500.0,1,CHEMBL5442066,Replicase polyprotein 1ab
Cc1nc(C(=O)N2CCOCC2)c(C(=O)Nc2cc(Cl)c(Cl)cc2Cl)[nH]1,4.877456475931246,13260.0,1,CHEMBL6160579,Replicase polyprotein 1ab
Cc1nc(C(=O)N2CCOCC2)c(C(=O)Nc2cc(Cl)ccc2Cl)[nH]1,5.074172425375258,8430.0,1,CHEMBL6147044,Replicase polyprotein 1ab
Cc1nc(C(=O)N2CCOCC2)c(C(=O)Nc2ccc(Cl)c(Cl)c2)[nH]1,4.640923773940737,22860.0,1,CHEMBL6171054,Replicase polyprotein 1ab
Cc1nc(C(=O)N2CCOCC2)c(C(=O)Nc2ccc(Cl)cc2)[nH]1,5.319664486585437,4790.0,1,CHEMBL6151461,Replicase polyprotein 1ab
Cc1nc(C(=O)N[C@@H](CC(=O)O)c2ccc(Br)cc2)c2cc[nH]c2n1,5.54242536736899,2883.0,2,CHEMBL5441538,Replicase polyprotein 1ab
Cc1nc(C)c(CC(=O)Nc2cnc3[nH]ncc3c2)c(=O)[nH]1,4.002176919254275,99500.0,1,CHEMBL5441616,Replicase polyprotein 1ab
Cc1nc(C)c(COc2cc(Cl)cc(-n3cc(-c4ccc[nH]c4=O)c(=O)n(-c4cccnc4)c3=O)c2)s1,7.795880017344075,16.0,1,CHEMBL5394734,Replicase polyprotein 1ab
Cc1nc(N)c(Cl)c(N[C@H](c2ccc3c(c2)S(=O)(=O)CCC3)C(C)C)n1,4.002176919254275,99500.0,1,CHEMBL5441933,Replicase polyprotein 1ab
Cc1nc(N[C@@H](c2ccc3c(c2)OCCO3)C(C)C)c2cc[nH]c2n1,4.002176919254275,99500.0,2,CHEMBL5441805,Replicase polyprotein 1ab
Cc1nc2c(C(=O)N[C@@H](CC(=O)O)c3ccc(Br)cc3)ccnc2[nH]1,4.690555988161594,20392.0,2,CHEMBL5441970,Replicase polyprotein 1ab
Cc1nc2cc(Br)c(Nc3nc(=O)n(Cc4ncn(C)n4)c(=O)n3Cc3cc(F)c(F)c(F)c3)cc2s1,6.0,1000.0,1,CHEMBL5564026,Replicase polyprotein 1ab
Cc1nc2ccc(C(=O)N(C)CC[C@@H](Nc3ncnc4[nH]ccc34)C(C)C)cc2s1,4.002176919254275,99500.0,2,CHEMBL5441667,Replicase polyprotein 1ab
Cc1nc2nc[nH]c(NC(=O)c3ccc(NC(=O)NC4CC4)nc3)c-2c1C,4.002176919254275,99500.0,1,CHEMBL5441679,Replicase polyprotein 1ab
Cc1nc2ncc(-c3c[nH]nn3)cc2[nH]1,3.896196279044043,127000.0,1,CHEMBL5432888,Replicase polyprotein 1ab
Cc1ncc(-c2cc3c(N[C@@H](c4ccc5c(c4)OCCO5)C(C)C)ncnc3[nH]2)cn1,6.276254310251629,532.0,2,CHEMBL5441421,Replicase polyprotein 1ab
Cc1ncc(-c2cc3c(N[C@@H](c4ccc5c(c4)OCCO5)C(C)C)ncnc3[nH]2)n1C,6.159735251367457,692.5,2,CHEMBL5441874,Replicase polyprotein 1ab
Cc1ncc(-c2cc3c(N[C@@H](c4ccc5c(c4)OCCO5)C(C)C)ncnc3[nH]2)o1,5.870632404277014,1347.0,3,CHEMBL5441924,Replicase polyprotein 1ab
Cc1ncc(C(=O)N[C@@H](CC2CC2)C(=O)N[C@@H](CC(C)(C)C)C(=O)N2C[C@]3(C[C@H]2C#N)C(=O)Nc2ccccc23)s1,7.0,100.0,1,CHEMBL5757380,Replicase polyprotein 1ab
Cc1ncc(C(=O)Nc2ncnc3[nH]c(C)c(C)c23)cn1,4.002176919254275,99500.0,1,CHEMBL5441678,Replicase polyprotein 1ab
Cc1ncc(CCNC(=O)c2csc3c(NC(=O)NC4CC4)ncnc23)s1,4.002176919254275,99500.0,1,CHEMBL5441996,Replicase polyprotein 1ab
Cc1ncc(CNC(=O)C2CCN([C@H](C)c3cccc4ccccc34)CC2)s1,6.1487416512809245,710.0,1,CHEMBL6143805,Replicase polyprotein 1ab
Cc1ncc(CNC(=O)c2cc3c(N[C@@H](c4ccc5c(c4)OCCO5)C(C)C)ncnc3[nH]2)o1,6.181763574375358,659.0,2,CHEMBL5442032,Replicase polyprotein 1ab
Cc1nccc(C(=O)N2CCC(c3ccn4ncc(C(=O)N5CCCCC5)c4c3)CC2)n1,4.002176919254275,99500.0,1,CHEMBL5441806,Replicase polyprotein 1ab
Cc1ncn(C)c1NC(=O)c1cc2c(N[C@@H](c3ccc4c(c3)OCCO4)C(C)C)ncnc2[nH]1,4.837707835448855,15202.0,2,CHEMBL5441518,Replicase polyprotein 1ab
Cc1ncnc2c1C[C@@H](C(=O)N(C)CC[C@@H](Nc1ncnc3[nH]ccc13)C(C)C)CC2,4.002176919254275,99500.0,2,CHEMBL5441640,Replicase polyprotein 1ab
Cc1ncsc1-c1ccc(CNC(=O)[C@@H]2C[C@@H](O)CN2C(=O)[C@@H](NC(=O)CCOCCOCCOCCNC(=O)[C@]23CCC(C)(C)C[C@H]2[C@H]2CC[C@@H]4[C@@]5(C)CC[C@H](O)C(C)(C)[C@@H]5CC[C@@]4(C)[C@]2(C)CC3)C(C)(C)C)cc1,5.943095148663527,1140.0,1,CHEMBL6171960,Replicase polyprotein 1ab
Cc1ncsc1-c1ccc(CNC(=O)[C@@H]2C[C@@H](O)CN2C(=O)[C@@H](NC(=O)COCCCCCn2cc(COc3ccc(COC(=O)N[C@@H](CC(C)C)C(=O)N[C@@H](C[C@@H]4CCNC4=O)C(O)S(=O)(=O)[O-])cc3)nn2)C(C)(C)C)cc1.[Na+],6.126098402135539,748.0,1,CHEMBL5595966,Replicase polyprotein 1ab
Cc1ncsc1-c1ccc(CNC(=O)[C@@H]2C[C@@H](O)CN2C(=O)[C@@H](NC(=O)COCCCCCn2cc(COc3ccc(COC(=O)N[C@@H](CC(C)C)C(=O)N[C@H](C=O)C[C@@H]4CCNC4=O)cc3)nn2)C(C)(C)C)cc1,6.195179321278838,638.0,1,CHEMBL5592905,Replicase polyprotein 1ab
Cc1nn(C)cc1-c1cc2c(N[C@@H](c3ccc4c(c3)OCCO4)C(C)C)ncnc2[nH]1,6.328827157284917,469.0,3,CHEMBL5442051,Replicase polyprotein 1ab
Cc1nn(C)cc1-c1cc2c(N[C@@H](c3ccc4c(c3)S(=O)(=O)CCC4)C(C)C)ncnc2[nH]1,4.699707619910415,23816.0,2,CHEMBL5441389,Replicase polyprotein 1ab
Cc1nn(C)cc1-c1cc2c(N[C@H](c3ccc4c(c3)S(=O)(=O)CCC4)C(C)C)ncnc2[nH]1,7.552841968657781,28.0,13,CHEMBL5441395,Replicase polyprotein 1ab
Cc1nn(C)nc1-c1cc2c(N[C@@H](c3ccc4c(c3)OCCO4)C(C)C)ncnc2[nH]1,4.512584959482858,30898.5,2,CHEMBL5442004,Replicase polyprotein 1ab
Cc1nn(CC(C)C)c(Cl)c1[C@@H]1CCCN1c1ncnc2[nH]ccc12,4.002176919254275,99500.0,1,CHEMBL5441720,Replicase polyprotein 1ab
Cc1nn(CC(N)=O)cc1-c1cc2c(N[C@@H](c3ccc4c(c3)OCCO4)C(C)C)ncnc2[nH]1,6.474365840564808,335.5,2,CHEMBL5442152,Replicase polyprotein 1ab
Cc1nnc(CNC(=O)c2cc3c(N[C@@H](c4ccc5c(c4)OCCO5)C(C)C)ncnc3[nH]2)o1,5.951558196449596,1118.0,1,CHEMBL5441481,Replicase polyprotein 1ab
Cc1nnc(N[C@@H](c2ccc3c(c2)OCCO3)C(C)C)c2ccccc12,4.002176919254275,99500.0,1,CHEMBL5441552,Replicase polyprotein 1ab
Cc1nnc(Nc2ccc(C(=O)N[C@@H]3c4cccc(O)c4C[C@@H]3C(=O)O)cc2)o1,5.138488647384101,7270.5,2,CHEMBL5441818,Replicase polyprotein 1ab
Cc1nnc(Nc2ccc(C(=O)N[C@@H]3c4cccc(O)c4C[C@H]3C(=O)O)cc2)o1,4.591237433505336,25633.0,2,CHEMBL5441648,Replicase polyprotein 1ab
Cc1nnc(Nc2ccc(C(=O)N[C@H]3c4cccc(O)c4C[C@@H]3C(=O)O)cc2)o1,4.002176919254275,99500.0,2,CHEMBL5441941,Replicase polyprotein 1ab
Cc1nnc(Nc2ccc(C(=O)N[C@H]3c4cccc(O)c4C[C@H]3C(=O)O)cc2)o1,4.002176919254275,99500.0,2,CHEMBL5441920,Replicase polyprotein 1ab
Cc1nnc(Nc2ccc([C@@H](CC(=O)O)NC(=O)c3ncnc4[nH]ccc34)cc2)o1,4.95423922055212,11161.5,2,CHEMBL5441973,Replicase polyprotein 1ab
Cc1nnc(SC(=O)c2cc3ccccc3[nH]2)n1C(=O)c1cc2ccccc2[nH]1,6.55129368009492,281.0,1,CHEMBL5202104,Replicase polyprotein 1ab
Cc1nnc(SC(=O)c2cc3ccccc3[nH]2)o1,5.913640169325252,1220.0,1,CHEMBL5207613,Replicase polyprotein 1ab
Cc1nnc(SC(=O)c2cc3ccccc3[nH]2)s1,6.204815410317576,624.0,1,CHEMBL5184334,Replicase polyprotein 1ab
Cc1nnc(SC(=O)c2cc3ccccc3n2C)s1,6.45717457304082,349.0,1,CHEMBL5199531,Replicase polyprotein 1ab
Cc1nnc(SC(=O)c2cc3ccccc3o2)s1,6.5003129173815966,316.0,1,CHEMBL5189863,Replicase polyprotein 1ab
Cc1nnc(SC(=O)c2ccc(-c3ccccc3)[nH]2)s1,6.628932137728263,235.0,1,CHEMBL5192027,Replicase polyprotein 1ab
Cc1nnc(SC(=O)c2ccc(-c3ccccc3)o2)s1,7.46344155742847,34.4,1,CHEMBL4855437,Replicase polyprotein 1ab
Cc1nnc(SC(=O)c2ccc(Br)o2)s1,6.317854923626168,481.0,1,CHEMBL5174547,Replicase polyprotein 1ab
Cc1nnc(SC(=O)c2ccc(C#Cc3ccccc3)o2)s1,6.6020599913279625,250.0,1,CHEMBL5207392,Replicase polyprotein 1ab
Cc1nnc(SC(=O)c2ccc3[nH]ccc3c2)s1,7.140861702705469,72.3,1,CHEMBL5173920,Replicase polyprotein 1ab
Cc1nnc(SC(=O)c2ccc3cc[nH]c3c2)s1,7.262012673666569,54.7,1,CHEMBL5188939,Replicase polyprotein 1ab
Cc1nnc(SC(=O)c2ccc3ccccc3c2)s1,6.342944147142896,454.0,1,CHEMBL5191017,Replicase polyprotein 1ab
Cc1nnc(SC(=O)c2cccc3[nH]ccc23)s1,7.221848749616356,60.0,1,CHEMBL5189565,Replicase polyprotein 1ab
Cc1nnc(SC(=O)c2cccc3cc[nH]c23)s1,6.798602875679548,159.0,1,CHEMBL5199191,Replicase polyprotein 1ab
Cc1nnn(C)c1-c1cc2c(N[C@@H](c3ccc4c(c3)OCCO4)C(C)C)ncnc2[nH]1,5.028410983293812,9395.0,2,CHEMBL5441653,Replicase polyprotein 1ab
Cc1nnn(C)c1-c1cc2c(N[C@@H](c3ccc4c(c3)S(=O)(=O)CCC4)C(C)C)ncnc2[nH]1,6.380392817956404,416.5,2,CHEMBL5442055,Replicase polyprotein 1ab
Cc1noc(C)c1-c1cc2c(N[C@@H](c3ccc4c(c3)OCCO4)C(C)C)ncnc2[nH]1,4.754901046076759,17605.0,2,CHEMBL5441922,Replicase polyprotein 1ab
Cc1noc2ncc(-c3cc4c(N[C@@H](c5ccc6c(c5)OCCO6)C(C)C)ncnc4[nH]3)cc12,5.475468555102937,3366.0,2,CHEMBL5441625,Replicase polyprotein 1ab
Cc1occc1-c1cc2c(N[C@@H](c3ccc4c(c3)OCCO4)C(C)C)ncnc2[nH]1,5.046095406586541,8993.0,3,CHEMBL5441664,Replicase polyprotein 1ab
Cc1onc(-c2c(Cl)cccc2Cl)c1C(=O)N[C@@H]1C(=O)N2[C@@H](C(=O)OCc3ccccc3)C(C)(C)S(=O)(=O)[C@H]12,4.301029995663981,50000.0,1,CHEMBL5200029,Replicase polyprotein 1ab
Cc1scnc1COc1cc(Cl)cc(-n2cc(-c3ccc(=O)[nH]c3)c(=O)n(-c3cccnc3)c2=O)c1,6.920818753952375,120.0,1,CHEMBL5437439,Replicase polyprotein 1ab
Cc1scnc1COc1cc(Cl)cc(-n2cc(-c3ccc[nH]c3=O)c(=O)n(-c3cccnc3)c2=O)c1,7.769551078621726,17.0,1,CHEMBL5412903,Replicase polyprotein 1ab
Cl.NC(CO)C(=O)NNCc1ccc(O)c(O)c1O,6.853871964321762,140.0,1,CHEMBL1255778,Replicase polyprotein 1ab
Cl.NC1CC1c1ccccc1,5.063486257521107,8640.0,1,CHEMBL542118,Replicase polyprotein 1ab
Cl.O=C(NCc1cccs1)[C@@H]1CN(C(=O)c2cncc3cc[nH]c23)CCN1c1ccc(Cl)c(Cl)c1,6.6777807052660805,210.0,1,CHEMBL5430366,Replicase polyprotein 1ab
Cl.O=C(c1ccc(OCCN2CCCCC2)cc1)c1c(-c2ccc(O)cc2)sc2cc(O)ccc12,5.251037138743839,5610.0,1,CHEMBL1116,Replicase polyprotein 1ab
Cl.O=C1C=C(Nc2ccccc2N2CCNCC2)C2=NS(=O)(=O)c3cccc1c32,6.462591779677412,555.0,2,CHEMBL5206685,Replicase polyprotein 1ab
Cl.Oc1cc2c(cc1O)[C@H]1c3ccccc3CN[C@@H]1CC2,5.978810700930062,1050.0,1,CHEMBL1256832,Replicase polyprotein 1ab
Clc1cc(Nc2ncnc3ccccc23)ccc1OCc1cccc(Br)c1,5.3585258894959,4380.0,1,CHEMBL6166181,Replicase polyprotein 1ab
Clc1cc(Nc2ncnc3ccccc23)ccc1OCc1ccccc1,5.401209493236885,3970.0,1,CHEMBL6146174,Replicase polyprotein 1ab
Clc1ccc(-c2c(-n3ccnc3)c(-c3ccc(Br)cc3)nn2-c2ccc(Cl)c(Cl)c2)cc1,5.6020599913279625,2500.0,1,CHEMBL5282983,Replicase polyprotein 1ab
Cn1c(=O)[nH]c2ncc(-c3cccc(C(=O)Nc4ccc(Cl)c(CO)c4)c3)cc21,4.823908740944319,15000.0,1,CHEMBL5416060,Replicase polyprotein 1ab
Cn1c(=O)[nH]c2ncc(-c3cccc(C(=O)Nc4cccc(C#N)c4)c3)cc21,4.698970004336019,20000.0,1,CHEMBL5401536,Replicase polyprotein 1ab
Cn1c(=O)c2c(nc3n(CC#Cc4ccc(Cl)c(Cl)c4)ccn23)n(C)c1=O,5.327902142064283,4700.0,1,CHEMBL5281103,Replicase polyprotein 1ab
Cn1c(C(=O)NCCCNC(=O)n2cc(F)c(=O)[nH]c2=O)cc2ccccc21,5.823908740944319,1500.0,1,CHEMBL5632978,Replicase polyprotein 1ab
Cn1c(C(=O)NCc2ccc(O)c([N+](=O)[O-])c2)c(Br)c2ccccc21,4.721246399047171,19000.0,1,CHEMBL5407039,Replicase polyprotein 1ab
Cn1c(C(=O)O)c(NC(=O)c2ccc(NC(=O)NC3CC3)cc2)c2ccccc21,4.002176919254275,99500.0,1,CHEMBL5441887,Replicase polyprotein 1ab
Cn1c(C(=O)O)c(NC(=O)c2ccc(NC(=O)NC3CC3)cc2)c2cccnc21,4.002176919254275,99500.0,2,CHEMBL5441491,Replicase polyprotein 1ab
Cn1c([N+](=O)[O-])cnc1COc1cc(Cl)cc(-n2cc(-c3ccc[nH]c3=O)c(=O)n(-c3cccnc3)c2=O)c1,7.920818753952375,12.0,1,CHEMBL5427542,Replicase polyprotein 1ab
Cn1cc(-c2cc(-c3cc(Cl)c(F)c(OCc4ccccc4Cl)c3)c(=O)n(-c3cccnc3)c2)c(=O)[nH]c1=O,7.356547323513812,44.0,1,CHEMBL4861071,Replicase polyprotein 1ab
Cn1cc(-c2cc([C@@H](N)NC(=O)c3ccccc3CCC(=O)NNC(=O)[C@H]3O[C@@H]3C(=O)O)c3ccccc3n2)cn1,9.0,1.0,1,CHEMBL6151243,Replicase polyprotein 1ab
Cn1cc(/C=N/NC(=O)c2ccc(CSc3cccc4cccnc34)cc2)cn1,4.572513890904214,26760.0,1,CHEMBL6190204,Replicase polyprotein 1ab
Cn1cc(CNc2ccc3n(c2=O)C[C@H]2C[C@@H]3CN(Cc3ccccc3)C2)c(=O)n(C)c1=O,5.107905397309519,7800.0,1,CHEMBL6108906,Replicase polyprotein 1ab
Cn1cc(COc2cc(Cl)cc(-n3cc(-c4ccc[nH]c4=O)c(=O)n(-c4cccnc4)c3=O)c2)c(C(F)(F)F)n1,8.221848749616356,6.0,1,CHEMBL5431872,Replicase polyprotein 1ab
Cn1cc(SCC(=O)N(Cc2ccccc2)Cc2ccccc2)c2ccccc21,4.910094888560602,12300.0,1,CHEMBL4864930,Replicase polyprotein 1ab
Cn1cc(SCC(=O)NCc2ccc(Cl)c(Cl)c2)c2ccccc21,5.1249387366083,7500.0,1,CHEMBL4860368,Replicase polyprotein 1ab
Cn1cc(SCC(=O)NCc2ccccc2)c2ccccc21,4.5699249444480605,26920.0,1,CHEMBL4848534,Replicase polyprotein 1ab
Cn1cc([C@@H](NC(=O)c2c[nH]c3c(NC(=O)NC4CC4)cccc23)C2CCC2)cn1,4.002176919254275,99500.0,1,CHEMBL5441543,Replicase polyprotein 1ab
Cn1cc([C@@H](Nc2ncnc3[nH]ccc23)C2CCC2)cn1,4.82344574038671,15016.0,1,CHEMBL5441995,Replicase polyprotein 1ab
Cn1cc([C@@H](Nc2ncnc3[nH]ccc23)c2ccc(F)cc2)cn1,4.002176919254275,99500.0,2,CHEMBL5441671,Replicase polyprotein 1ab
Cn1cc2cc(/N=c3\[nH]c(=O)n(Cc4cn(CCC(=O)Nc5cccc6c5C(=O)N(C5CCC(=O)NC5=O)C6)nn4)c(=O)n3Cc3cc(F)c(F)cc3F)c(Cl)cc2n1,7.0,100.0,1,CHEMBL5560537,Replicase polyprotein 1ab
Cn1cc2cc(/N=c3\[nH]c(=O)n(Cc4cn(CCC(=O)Nc5cccc6c5C(=O)N(C5CCC(=O)NC5=O)C6=O)nn4)c(=O)n3Cc3cc(F)c(F)cc3F)c(Cl)cc2n1,7.0,100.0,1,CHEMBL5563062,Replicase polyprotein 1ab
Cn1cc2cc(/N=c3\[nH]c(=O)n(Cc4cn(CCCC(=O)Nc5cccc6c5C(=O)N(C5CCC(=O)NC5=O)C6)nn4)c(=O)n3Cc3cc(F)c(F)cc3F)c(Cl)cc2n1,7.0,100.0,1,CHEMBL5555030,Replicase polyprotein 1ab
Cn1cc2cc(/N=c3\[nH]c(=O)n(Cc4cn(CCCC(=O)Nc5cccc6c5C(=O)N(C5CCC(=O)NC5=O)C6=O)nn4)c(=O)n3Cc3cc(F)c(F)cc3F)c(Cl)cc2n1,7.0,100.0,1,CHEMBL5559064,Replicase polyprotein 1ab
Cn1cc2cc(/N=c3\[nH]c(=O)n(Cc4cn(CCCCC(=O)Nc5cccc6c5C(=O)N(C5CCC(=O)NC5=O)C6)nn4)c(=O)n3Cc3cc(F)c(F)cc3F)c(Cl)cc2n1,7.0,100.0,1,CHEMBL5517912,Replicase polyprotein 1ab
Cn1cc2cc(/N=c3\[nH]c(=O)n(Cc4cn(CCCCC(=O)Nc5cccc6c5C(=O)N(C5CCC(=O)NC5=O)C6=O)nn4)c(=O)n3Cc3cc(F)c(F)cc3F)c(Cl)cc2n1,7.0,100.0,1,CHEMBL5557061,Replicase polyprotein 1ab
Cn1cc2cc(/N=c3\[nH]c(=O)n(Cc4cn(CCCCCC(=O)Nc5cccc6c5C(=O)N(C5CCC(=O)NC5=O)C6)nn4)c(=O)n3Cc3cc(F)c(F)cc3F)c(Cl)cc2n1,7.0,100.0,1,CHEMBL5542620,Replicase polyprotein 1ab
Cn1cc2cc(/N=c3\[nH]c(=O)n(Cc4cn(CCCCCC(=O)Nc5cccc6c5C(=O)N(C5CCC(=O)NC5=O)C6=O)nn4)c(=O)n3Cc3cc(F)c(F)cc3F)c(Cl)cc2n1,7.0,100.0,1,CHEMBL5560675,Replicase polyprotein 1ab
Cn1cc2cc(/N=c3\[nH]c(=O)n(Cc4cn(CCCCCCC(=O)Nc5cccc6c5C(=O)N(C5CCC(=O)NC5=O)C6)nn4)c(=O)n3Cc3cc(F)c(F)cc3F)c(Cl)cc2n1,7.0,100.0,1,CHEMBL5542639,Replicase polyprotein 1ab
Cn1cc2cc(/N=c3\[nH]c(=O)n(Cc4cn(CCCCCCC(=O)Nc5cccc6c5C(=O)N(C5CCC(=O)NC5=O)C6=O)nn4)c(=O)n3Cc3cc(F)c(F)cc3F)c(Cl)cc2n1,7.0,100.0,1,CHEMBL5556057,Replicase polyprotein 1ab
Cn1cc2cc(/N=c3\[nH]c(=O)n(Cc4cn(CCCCCCCC(=O)Nc5cccc6c5C(=O)N(C5CCC(=O)NC5=O)C6)nn4)c(=O)n3Cc3cc(F)c(F)cc3F)c(Cl)cc2n1,7.0,100.0,1,CHEMBL5565024,Replicase polyprotein 1ab
Cn1cc2cc(/N=c3\[nH]c(=O)n(Cc4cn(CCCCCCCC(=O)Nc5cccc6c5C(=O)N(C5CCC(=O)NC5=O)C6=O)nn4)c(=O)n3Cc3cc(F)c(F)cc3F)c(Cl)cc2n1,7.0,100.0,1,CHEMBL5562311,Replicase polyprotein 1ab
Cn1cc2cc(/N=c3\[nH]c(=O)n(Cc4cn(CCOCC(=O)Nc5cccc6c5C(=O)N(C5CCC(=O)NC5=O)C6)nn4)c(=O)n3Cc3cc(F)c(F)cc3F)c(Cl)cc2n1,7.0,100.0,1,CHEMBL5532034,Replicase polyprotein 1ab
Cn1cc2cc(/N=c3\[nH]c(=O)n(Cc4cn(CCOCC(=O)Nc5cccc6c5C(=O)N(C5CCC(=O)NC5=O)C6=O)nn4)c(=O)n3Cc3cc(F)c(F)cc3F)c(Cl)cc2n1,7.0,100.0,1,CHEMBL5558922,Replicase polyprotein 1ab
Cn1cc2cc(/N=c3\[nH]c(=O)n(Cc4cn(CCOCCOCC(=O)Nc5cccc6c5C(=O)N(C5CCC(=O)NC5=O)C6)nn4)c(=O)n3Cc3cc(F)c(F)cc3F)c(Cl)cc2n1,7.0,100.0,1,CHEMBL5556407,Replicase polyprotein 1ab
Cn1cc2cc(/N=c3\[nH]c(=O)n(Cc4cn(CCOCCOCC(=O)Nc5cccc6c5C(=O)N(C5CCC(=O)NC5=O)C6=O)nn4)c(=O)n3Cc3cc(F)c(F)cc3F)c(Cl)cc2n1,7.0,100.0,1,CHEMBL5555021,Replicase polyprotein 1ab
Cn1cc2cc(/N=c3\[nH]c(=O)n(Cc4cn(CCOCCOCCOCC(=O)Nc5cccc6c5C(=O)N(C5CCC(=O)NC5=O)C6)nn4)c(=O)n3Cc3cc(F)c(F)cc3F)c(Cl)cc2n1,7.0,100.0,1,CHEMBL5556937,Replicase polyprotein 1ab
Cn1cc2cc(/N=c3\[nH]c(=O)n(Cc4cn(CCOCCOCCOCC(=O)Nc5cccc6c5C(=O)N(C5CCC(=O)NC5=O)C6=O)nn4)c(=O)n3Cc3cc(F)c(F)cc3F)c(Cl)cc2n1,7.0,100.0,1,CHEMBL5517932,Replicase polyprotein 1ab
Cn1cc2cc(/N=c3\[nH]c(=O)n(Cc4cnn[nH]4)c(=O)n3Cc3cc(F)c(F)cc3F)c(Cl)cc2n1,7.033389013318065,92.6,1,CHEMBL5565599,Replicase polyprotein 1ab
Cn1cc2cc(/N=c3\[nH]c(=O)n(Cc4nnn[nH]4)c(=O)n3Cc3cc(F)c(F)cc3F)c(Cl)cc2n1,6.921905849593589,119.7,1,CHEMBL5559801,Replicase polyprotein 1ab
Cn1cc2cc(Nc3nc(=O)n(-c4cncc(C(F)(F)F)c4)c(=O)n3Cc3cc(F)c(F)c(F)c3)c(Cl)cc2n1,6.443697499232712,360.0,1,CHEMBL5188525,Replicase polyprotein 1ab
Cn1cc2cc(Nc3nc(=O)n(-c4cncc5c4COC5)c(=O)n3Cc3cc(Cl)c(F)cc3F)c(Cl)cc2n1,7.920818753952375,12.0,1,CHEMBL5200024,Replicase polyprotein 1ab
Cn1cc2cc(Nc3nc(=O)n(Cc4cc(Cl)ccn4)c(=O)n3Cc3cc(F)c(F)cc3F)c(Cl)cc2n1,7.0,100.0,1,CHEMBL5192363,Replicase polyprotein 1ab
Cn1cc2cc(Nc3nc(=O)n(Cc4cc5ccsc5[nH]c4=O)c(=O)n3Cc3cc(F)c(F)c(F)c3)c(Cl)cc2n1,8.397940008672037,4.0,1,CHEMBL5197155,Replicase polyprotein 1ab
Cn1cc2cc(Nc3nc(=O)n(Cc4ccc[nH]c4=O)c(=O)n3Cc3cc(F)c(F)c(F)c3)c(Cl)cc2n1,6.0,1000.0,1,CHEMBL5561321,Replicase polyprotein 1ab
Cn1ccc2c(C(=O)N[C@@H](CC(=O)O)c3ccc(Br)cc3)ccnc21,4.457320015775945,34930.0,2,CHEMBL5442121,Replicase polyprotein 1ab
Cn1ccc2ccc(C(=O)NCCCNC(=O)n3cc(F)c(=O)[nH]c3=O)cc21,5.42021640338319,3800.0,1,CHEMBL5633832,Replicase polyprotein 1ab
Cn1cnc(CN2C(=O)NC(Nc3cc4cn(C)nc4cc3Cl)N(Cc3cc(F)c(F)cc3F)C2=O)n1,7.769551078621726,17.0,1,CHEMBL6145506,Replicase polyprotein 1ab
Cn1cnc(Cn2c(=O)[nH]/c(=N\c3cc4cn(C)nc4cc3Cl)n(Cc3cc(F)c(F)cc3F)c2=O)n1,7.9430283238465815,11.5,4,CHEMBL5183847,Replicase polyprotein 1ab
Cn1cnc(Cn2c(=O)cc(Nc3cc4cn(C)nc4cc3C(F)(F)F)n(Cc3cc(Cl)c(Cl)cc3F)c2=O)n1,7.853871964321762,14.0,1,CHEMBL5561775,Replicase polyprotein 1ab
Cn1cnc(Cn2c(=O)cc(Nc3cc4cn(C)nc4cc3Cl)n(Cc3cc(F)c(F)cc3F)c2=O)n1,8.0,10.0,1,CHEMBL5564896,Replicase polyprotein 1ab
Cn1cnc(Cn2c(=O)cc(Nc3cc4cn(C)nc4cc3F)n(Cc3cc(Cl)c(F)cc3F)c2=O)n1,7.7447274948966935,18.0,1,CHEMBL5561918,Replicase polyprotein 1ab
Cn1cnc(Cn2c(=O)cc(Nc3cc4cn(C)nc4cc3OC(F)(F)F)n(Cc3cc(F)c(F)cc3F)c2=O)n1,8.0,10.0,1,CHEMBL5556435,Replicase polyprotein 1ab
Cn1cnc(Cn2c(=O)nc(NC3=CC4CCOC4C=C3Cl)n(Cc3cc(F)c(F)c(F)c3)c2=O)n1,7.823908740944319,15.0,1,CHEMBL5185732,Replicase polyprotein 1ab
Cn1cnc(Cn2c(=O)nc(Nc3cc4c(F)n(C)nc4cc3Cl)n(Cc3cc(F)c(F)cc3F)c2=O)n1,7.721246399047171,19.0,1,CHEMBL5208498,Replicase polyprotein 1ab
Cn1cnc(Cn2c(=O)nc(Nc3cc4cn(C)nc4cc3Cl)n(Cc3cc(Cl)c(F)c(Cl)c3)c2=O)n1,8.301029995663981,5.0,1,CHEMBL5206128,Replicase polyprotein 1ab
Cn1cnc(Cn2c(=O)nc(Nc3cc4cn(C)nc4cc3Cl)n(Cc3cc(Cl)c(F)cc3F)c2=O)n1,8.301029995663981,5.0,1,CHEMBL5188818,Replicase polyprotein 1ab
Cn1cnc(Cn2c(=O)nc(Nc3cc4cn(C)nc4cc3Cl)n(Cc3cc(F)c(F)c(F)c3)c2=O)c1,8.221848749616356,6.0,1,CHEMBL5177083,Replicase polyprotein 1ab
Cn1cnc(Cn2c(=O)nc(Nc3cc4cn(C)nc4cc3Cl)n(Cc3cc(F)c(F)c(F)c3)c2=O)n1,8.0,10.0,1,CHEMBL5207127,Replicase polyprotein 1ab
Cn1cnc(Cn2c(=O)nc(Nc3cc4cn(C)nc4cc3Cl)n(Cc3cc(F)c(F)c(F)c3F)c2=O)n1,8.0,10.0,1,CHEMBL5192777,Replicase polyprotein 1ab
Cn1cnc(Cn2c(=O)nc(Nc3cc4cn(C)nc4cc3Cl)n(Cc3cccc4ccccc34)c2=O)n1,6.107905397309519,780.0,1,CHEMBL5203920,Replicase polyprotein 1ab
Cn1cnc(Cn2c(=O)nc(Nc3cc4cn(CC(F)F)nc4cc3Cl)n(Cc3cc(F)c(F)cc3F)c2=O)n1,8.045757490560675,9.0,1,CHEMBL5201925,Replicase polyprotein 1ab
Cn1cnc(Cn2c(=O)nc(Nc3cc4sc(N)nc4cc3Cl)n(Cc3cc(F)c(F)c(Cl)c3)c2=O)n1,6.0,1000.0,1,CHEMBL5564231,Replicase polyprotein 1ab
Cn1cnc(Cn2c(=O)nc(Nc3cc4sc(NCC(F)F)nc4cc3Cl)n(Cc3cc(F)c(F)c(F)c3)c2=O)n1,6.0,1000.0,1,CHEMBL5568109,Replicase polyprotein 1ab
Cn1cnc2c1c(=O)n(CC(=O)Nc1ccc(S(=O)(=O)Nc3ncccn3)cc1)c(=O)n2C,5.29290454324954,5640.0,2,CHEMBL5275584,Replicase polyprotein 1ab
Cn1nc(-c2ccc(C(F)(F)F)cc2)nc2c(=O)n(C)c(=O)cc1-2,6.585026652029182,260.0,1,CHEMBL5290702,Replicase polyprotein 1ab
Cn1nc(-c2ccc(C(F)(F)F)cc2)nc2c(=O)n(C)c(=O)nc1-2,6.585026652029182,260.0,3,CHEMBL1096283,Replicase polyprotein 1ab
Cn1nc(C(=O)N2CCC(c3ccn4ncc(C(=O)N5CCCCC5)c4c3)CC2)cc1C(=O)O,4.177694590176769,66421.0,1,CHEMBL5442097,Replicase polyprotein 1ab
Cn1nc(C(=O)O)cc1C(=O)N1CCC(c2ccn3ncc(C(=O)N4CCCCC4)c3c2)CC1,4.002176919254275,99500.0,1,CHEMBL5442092,Replicase polyprotein 1ab
Cn1ncc(-c2cc3c(N[C@@H](c4ccc5c(c4)OCCO5)C(C)(C)C)ncnc3[nH]2)c1C#N,6.494451718435565,320.5,2,CHEMBL5441437,Replicase polyprotein 1ab
Cn1ncc(-c2cc3c(N[C@@H](c4ccc5c(n4)OCCO5)C(C)(C)C)ncnc3[nH]2)c1C#N,7.337242168318426,46.0,7,CHEMBL5441391,Replicase polyprotein 1ab
Cn1ncc(-c2cc3c(N[C@H](c4ccc5c(n4)OCCO5)C(C)(C)C)ncnc3[nH]2)c1C#N,5.511872503752541,3077.0,5,CHEMBL5441993,Replicase polyprotein 1ab
Cn1ncc(N)c1-c1cc2ccccc2[nH]1,3.4672456210075024,341000.0,1,CHEMBL5435740,Replicase polyprotein 1ab
Cn1ncc2c(C(=O)N[C@@H](CC(=O)O)c3ccc(Br)cc3)ccnc21,4.120622177455482,75967.5,2,CHEMBL5441957,Replicase polyprotein 1ab
Cn1ncc2c(NCc3ncccc3O)ncnc21,3.905266906246218,124375.0,1,CHEMBL5442101,Replicase polyprotein 1ab
Cn1ncc2c(N[C@@H](c3ccc4c(c3)OCCO4)C3CC3)ncnc21,4.002176919254275,99500.0,2,CHEMBL5442048,Replicase polyprotein 1ab
Cn1sc(=O)n(Cc2ccccc2)c1=O,6.227965977824862,1320.0,2,CHEMBL284861,Replicase polyprotein 1ab
Cn1sc2ccccc2c1=O,6.107905397309519,780.0,1,CHEMBL1710047,Replicase polyprotein 1ab
FC(F)(F)CO[C@@H]1CCCN(c2ncnc3[nH]ccc23)C1,3.905266906246218,124375.0,1,CHEMBL5441553,Replicase polyprotein 1ab
FC(F)[C@@H](Nc1ncnc2[nH]ccc12)c1ccc2c(c1)OCCO2,4.720063552641038,19353.0,2,CHEMBL5441763,Replicase polyprotein 1ab
FC1(F)CC(/N=c2\nc(-c3ccccc3)n(-c3ccccc3)s2)C1,6.490797477668897,323.0,1,CHEMBL5433491,Replicase polyprotein 1ab
Fc1cccc(COc2ccc(Nc3ncnc4ccccc34)cc2Cl)c1,5.497572880015567,3180.0,1,CHEMBL3736478,Replicase polyprotein 1ab
N#CC(C#N)=C1C(=O)Nc2c(Br)cc(Br)cc21,4.2716462179787715,53500.0,1,CHEMBL6133518,Replicase polyprotein 1ab
N#CC(C#N)=C1C(=O)Nc2ccc(Br)cc21,4.081445469449727,82900.0,1,CHEMBL6145328,Replicase polyprotein 1ab
N#CC(C#N)=C1C(=O)Nc2ccc(F)cc21,3.6270879970298933,236000.0,1,CHEMBL6162658,Replicase polyprotein 1ab
N#CC(C#N)=C1C(=O)Nc2ccc(I)cc21,3.819874124835946,151400.0,1,CHEMBL6144288,Replicase polyprotein 1ab
N#CC(C#N)=C1C(=O)Nc2ccc([N+](=O)[O-])cc21,4.361510743045363,43500.0,1,CHEMBL291313,Replicase polyprotein 1ab
N#CC1(CS(=O)(=O)N2Cc3ccc(Cl)cc3[C@H](C(=O)Nc3cncc4ccccc34)C2)CC1,7.434152181326482,36.8,1,CHEMBL5568709,Replicase polyprotein 1ab
N#CC[C@@H](NC(=O)c1ncnc2[nH]ccc12)c1ccc(Br)cc1,4.002176919254275,99500.0,1,CHEMBL5442151,Replicase polyprotein 1ab
N#CCc1cccc(S(=O)(=O)Nc2cnc3[nH]ccc3c2)c1,4.002176919254275,99500.0,1,CHEMBL5441762,Replicase polyprotein 1ab
N#CSCC(=O)N1c2ccccc2CCc2ccc(Cl)cc21,6.320572103387881,478.0,1,CHEMBL5428557,Replicase polyprotein 1ab
N#CSCC(=O)N1c2ccccc2CCc2ccccc21,4.827411191728649,51107.0,2,CHEMBL1488059,Replicase polyprotein 1ab
N#CSCC(=O)N1c2ccccc2Oc2ccccc21,5.402195157595707,3961.0,1,CHEMBL5439420,Replicase polyprotein 1ab
N#CSCC(=O)N1c2ccccc2Sc2ccc(C#N)cc21,5.246072064152084,50161.0,2,CHEMBL5406478,Replicase polyprotein 1ab
N#CSCC(=O)N1c2ccccc2Sc2ccc(C(F)(F)F)cc21,5.337147766735204,4601.0,1,CHEMBL5402852,Replicase polyprotein 1ab
N#CSCC(=O)N1c2ccccc2Sc2ccc(Cl)cc21,6.280668713016273,524.0,1,CHEMBL5409259,Replicase polyprotein 1ab
N#CSCC(=O)N1c2ccccc2Sc2ccccc21,5.733063088840827,1849.0,1,CHEMBL5398303,Replicase polyprotein 1ab
N#CSc1cc(SC#N)c(N)nc1N,6.3872161432802645,410.0,1,CHEMBL4303622,Replicase polyprotein 1ab
N#C[C@@H]1C[C@@]2(CN1C(=O)C(CC1CCC1)NC(=O)OCc1ccccc1)C(=O)Nc1ccccc12,7.0,100.0,1,CHEMBL5956578,Replicase polyprotein 1ab
N#C[C@@H]1C[C@@]2(CN1C(=O)[C@@H](CSCc1ccc(F)cc1)NC(=O)[C@@H](NC(=O)C(F)(F)F)C1CC1)C(=O)Nc1ccccc12,7.6020599913279625,25.0,1,CHEMBL6143744,Replicase polyprotein 1ab
N#C[C@@H]1C[C@@]2(CN1C(=O)[C@H](CC1CC1)NC(=O)OCc1ccccc1)C(=O)Nc1ccccc12,7.0,100.0,2,CHEMBL5872208,Replicase polyprotein 1ab
N#C[C@@H]1C[C@@]2(CN1C(=O)[C@H](CC1CCC1)NC(=O)OCc1ccccc1)C(=O)Nc1ccccc12,7.0,100.0,1,CHEMBL5899741,Replicase polyprotein 1ab
N#C[C@@H]1C[C@@]2(CN1C(=O)[C@H](CS(=O)(=O)Cc1ccccc1)NC(=O)[C@@H](NC(=O)C(F)(F)F)C1CC1)C(=O)Nc1ccccc12,5.886390848926972,1299.0,1,CHEMBL6102122,Replicase polyprotein 1ab
N#C[C@@H]1C[C@@]2(CN1C(=O)[C@H](CSCc1ccccc1)NC(=O)[C@@H](NC(=O)C(F)(F)F)C1CC1)C(=O)Nc1ccccc12,6.525783735923745,298.0,1,CHEMBL6161502,Replicase polyprotein 1ab
N#C[C@@H]1C[C@]23CN1C(=O)[C@H](c1ccccc1)N(C(=O)C1CN(c4ccc(F)cc4)N=N1)CCCCCc1ccc(c2c1)NC3=O,7.0,100.0,1,CHEMBL5556787,Replicase polyprotein 1ab
N#C[C@@]1(c2ccc3c(N)ncnn23)O[C@H](COP(=O)(O)OP(=O)(O)OP(=O)(O)O)[C@@H](O)[C@H]1O,5.20690839982342,6210.0,1,CHEMBL2016761,Replicase polyprotein 1ab
N#C[C@@]1(c2ccc3c(NC(=O)c4ccc(NC(=N)N)cc4)ncnn23)O[C@H](CO)[C@@H](O)[C@H]1O,8.214670164989233,6.1,1,CHEMBL5620212,Replicase polyprotein 1ab
N#C[C@@]1(c2ccc3c(NC(=O)c4ccc(Nc5ncccn5)cc4)ncnn23)O[C@H](CO)[C@@H](O)[C@H]1O,7.489723155582645,32.38,1,CHEMBL5618567,Replicase polyprotein 1ab
N#C[C@H](C[C@@H]1CCNC1=O)NC(=O)C1CC2(CCCC2)CN1C(=O)OCc1cccc(Cl)c1,5.443697499232712,3600.0,1,CHEMBL5436573,Replicase polyprotein 1ab
N#C[C@H](C[C@@H]1CCNC1=O)NC(=O)C1CC2(CCCC2)CN1C(=O)OCc1ccccc1,5.657577319177793,2200.0,1,CHEMBL5412310,Replicase polyprotein 1ab
N#C[C@H](C[C@@H]1CCNC1=O)NC(=O)C1CC2(CCCCC2)CN1C(=O)OCc1ccccc1,5.853871964321762,1400.0,1,CHEMBL5396421,Replicase polyprotein 1ab
N#C[C@H](C[C@@H]1CCNC1=O)NC(=O)[C@@H]1CCCN1C(=O)c1cc2c(OC(F)F)cccc2[nH]1,6.0,1000.0,2,CHEMBL5192978,Replicase polyprotein 1ab
N#C[C@H](C[C@@H]1CCNC1=O)NC(=O)[C@@H]1C[C@H](Oc2ccccc2)CN1C(=O)c1cc2c(OC(F)F)cccc2[nH]1,6.0,1000.0,1,CHEMBL5792415,Replicase polyprotein 1ab
N#C[C@H](C[C@@H]1CCNC1=O)NC(=O)[C@@H]1[C@H]2CCC[C@H]2CN1C(=O)[C@@H](NC(=O)C(F)(F)F)C1CCCCC1,7.327902142064283,47.0,1,CHEMBL5439916,Replicase polyprotein 1ab
N#C[C@H](C[C@@H]1CCNC1=O)NC(=O)[C@@H]1[C@H]2CCC[C@H]2CN1C(=O)[C@@H](NC(=O)C(F)(F)F)c1ccc(F)cc1,6.782516055786093,165.0,1,CHEMBL5402227,Replicase polyprotein 1ab
N#C[C@H](C[C@@H]1CCNC1=O)NC(=O)[C@@H]1[C@H]2CCC[C@H]2CN1C(=O)[C@@H](NC(=O)c1cnoc1)C1CCCCC1,6.8696662315049934,135.0,1,CHEMBL5400701,Replicase polyprotein 1ab
N#C[C@H](C[C@@H]1CCNC1=O)NC(=O)[C@@H]1[C@H]2CCC[C@H]2CN1C(=O)c1cc2c(Cl)cccc2[nH]1,6.259637310505756,550.0,1,CHEMBL6057022,Replicase polyprotein 1ab
N#C[C@H](C[C@@H]1CCNC1=O)NC(=O)[C@@H]1[C@H]2CCC[C@H]2CN1C(=O)c1cc2c(F)cc(F)cc2[nH]1,6.259637310505756,550.0,1,CHEMBL5809062,Replicase polyprotein 1ab
N#C[C@H](C[C@@H]1CCNC1=O)NC(=O)[C@@H]1[C@H]2CCC[C@H]2CN1C(=O)c1cc2c(OC(F)F)cccc2[nH]1,6.259637310505756,550.0,1,CHEMBL5794463,Replicase polyprotein 1ab
N#C[C@H](C[C@@H]1CCNC1=O)NC(=O)[C@H](CC1CCCCC1)NC(=O)C(F)(F)F,5.698970004336019,2000.0,1,CHEMBL5407572,Replicase polyprotein 1ab
N#C[C@H](Cc1n[nH]c2ccccc12)NC(=O)[C@@H]1[C@H]2CCC[C@H]2CN1C(=O)[C@@H](NC(=O)C(F)(F)F)C1CCCCC1,6.0,1000.0,1,CHEMBL5400782,Replicase polyprotein 1ab
N#Cc1c(-c2ccc(Cl)cc2)nc(SCc2ccc([N+](=O)[O-])cc2)[nH]c1=O,5.214670164989233,6100.0,1,CHEMBL1082333,Replicase polyprotein 1ab
N#Cc1c(C(=O)NCc2ccc(O)c([N+](=O)[O-])c2)[nH]c2ccccc12,4.568636235841013,27000.0,1,CHEMBL5432737,Replicase polyprotein 1ab
N#Cc1cc(-c2ccc(/C=N/NC(N)=S)o2)ccc1O,5.382999658879101,4140.0,1,CHEMBL5203660,Replicase polyprotein 1ab
N#Cc1cc(C(=O)NCC(=O)N[C@H](Cc2ccccc2)C(=O)C(=O)NCc2ccccn2)ccc1F,6.774949303861951,167.9,1,CHEMBL5632056,Replicase polyprotein 1ab
N#Cc1cc(F)cc(C(=O)NCC(=O)N[C@H](Cc2ccccc2)C(=O)C(=O)NCc2ccccn2)c1,7.686132779630847,20.6,1,CHEMBL5631522,Replicase polyprotein 1ab
N#Cc1cc(S(=O)(=O)NC[C@H]2O[C@@H](n3cnc4c(N)ncnc43)[C@H](O)[C@@H]2O)ccc1Cl,5.995678626217358,1010.0,1,CHEMBL5178008,Replicase polyprotein 1ab
N#Cc1cc(S(=O)(=O)NC[C@H]2O[C@@H](n3cnc4c(N)ncnc43)[C@H](O)[C@@H]2O)ccc1F,6.046240308266771,899.0,1,CHEMBL5189696,Replicase polyprotein 1ab
N#Cc1ccc(-c2cccc3c2CC(CO)c2c(-c4ccc(Br)cc4)ccc(O)c2-3)nc1,4.9714287473074625,10680.0,1,CHEMBL5194593,Replicase polyprotein 1ab
N#Cc1ccc(-c2nnc([S+]([O-])Cc3cccnc3)o2)cc1,6.853871964321762,140.0,1,CHEMBL5641914,Replicase polyprotein 1ab
N#Cc1ccc(C(=O)Nc2ccc(C(=O)N[C@@H]3c4ccccc4C[C@@H]3C(=O)O)cc2)cc1,4.002176919254275,99500.0,1,CHEMBL5442023,Replicase polyprotein 1ab
N#Cc1ccc(C(=O)Oc2cncc(Cl)c2)c(F)c1,7.327902142064283,47.0,1,CHEMBL5590271,Replicase polyprotein 1ab
N#Cc1ccc(N2N=C3c4ccc(C(=O)O)cc4CC[C@@H]3[C@@H]2C2CCCC2)cc1Cl,5.954677021213342,1110.0,1,CHEMBL1215331,Replicase polyprotein 1ab
N#Cc1ccc(NC(=O)c2cc(C=O)n3c2CCCC3)c2cc(O)ccc12,5.096910013008056,8000.0,1,CHEMBL5411566,Replicase polyprotein 1ab
N#Cc1ccc(S(=O)(=O)NCCS(=O)(=O)C[C@H]2O[C@@H](n3cnc4c(N)ncnc43)[C@H](O)[C@@H]2O)cc1,4.280668713016273,52400.0,1,CHEMBL5394078,Replicase polyprotein 1ab
N#Cc1ccc(S(=O)(=O)NCCSC[C@H]2O[C@@H](n3cnc4c(N)ncnc43)[C@H](O)[C@@H]2O)cc1,4.806875401645539,15600.0,1,CHEMBL5409052,Replicase polyprotein 1ab
N#Cc1ccc2c(c1)NC1=C(C(=O)CCC1)C(c1ccc(C(F)(F)F)cc1)N2C(=O)CCl,5.735182176990463,1840.0,1,CHEMBL5399795,Replicase polyprotein 1ab
N#Cc1cccc(-n2[se]c3ccccc3c2=O)c1,6.420107856897075,380.095,2,CHEMBL5076691,Replicase polyprotein 1ab
N#Cc1cccc(S(=O)(=O)NC[C@H]2O[C@@H](n3cnc4c(N)ncnc43)[C@H](O)[C@@H]2O)c1,5.275724130399211,5300.0,1,CHEMBL5191433,Replicase polyprotein 1ab
N#Cc1ccccc1-c1cc(-c2cc(Cl)cc(Cl)c2)c(=O)n(-c2cccnc2)c1,5.39577394691553,4020.0,1,CHEMBL5557409,Replicase polyprotein 1ab
N#Cc1ccccc1-c1cc(-c2cc(Cl)cc(OCCC(F)(F)F)c2)c(=O)n(-c2cccnc2)c1,6.920818753952375,120.0,1,CHEMBL4854695,Replicase polyprotein 1ab
N#Cc1ccccc1-c1cc(-c2cc(Cl)cc(OCCc3ccccc3)c2)c(=O)n(-c2cccnc2)c1,6.292429823902063,510.0,1,CHEMBL5560237,Replicase polyprotein 1ab
N#Cc1ccccc1-c1cc(-c2cc(Cl)cc(OCc3ccccc3)c2)c(=O)n(-c2cccnc2)c1,6.552841968657781,280.0,1,CHEMBL5561698,Replicase polyprotein 1ab
N#Cc1ccccc1-c1cc(-c2cccc(Cl)c2)c(=O)n(-c2cccnc2)c1,5.000434511774017,9990.0,1,CHEMBL5405138,Replicase polyprotein 1ab
N#Cc1ccccc1-c1cc(-c2cccc(Cl)c2)cn(-c2cccnc2)c1=O,5.000434511774017,9990.0,1,CHEMBL5564714,Replicase polyprotein 1ab
N#Cc1ccccc1-c1cc(-c2ccccn2)cn(-c2ccccc2)c1=O,4.0,100000.0,2,CHEMBL1214124,Replicase polyprotein 1ab
N#Cc1ccccc1CN1CCCN(C(=O)c2cncc(Cl)c2)CC1,4.259637310505756,74600.0,2,CHEMBL5571383,Replicase polyprotein 1ab
N#Cc1cn([C@@H]2O[C@H](CSCC[C@H](N)C(=O)O)[C@@H](O)[C@H]2O)c2ncnc(N)c12,7.154901959985743,70.0,1,CHEMBL4588797,Replicase polyprotein 1ab
N#Cc1cncc(NCc2cc(Br)c[nH]2)n1,4.221848749616356,60000.0,1,CHEMBL5399052,Replicase polyprotein 1ab
N.S=C(S)N1CCCC1,6.6777807052660805,210.0,1,CHEMBL1449651,Replicase polyprotein 1ab
N=C(N)C[C@@H](NC(=O)c1ncnc2[nH]ccc12)c1ccc(Br)cc1,4.002176919254275,99500.0,1,CHEMBL5441651,Replicase polyprotein 1ab
N=C(N)Nc1ccc(C(=O)Nc2ccc3c(c2)B(O)OC3)cc1,4.856985199745905,13900.0,1,CHEMBL5198559,Replicase polyprotein 1ab
N=C(N)Nc1ccc(C(=O)Oc2cncc(Cl)c2)cc1,7.18111458540599,65.9,1,CHEMBL5597502,Replicase polyprotein 1ab
N=C(N)Nc1ccc2c(c1)B(O)OC2,5.0,10000.0,1,CHEMBL5205883,Replicase polyprotein 1ab
N=C(N/N=C/c1ccccc1O)c1nonc1NCNc1nonc1C(=N)N/N=C/c1ccccc1O,7.079633382694096,86.5,2,CHEMBL4877358,Replicase polyprotein 1ab
NC(=O)CCN(NC(=O)[C@H](CC1CCCCC1)NC(=O)OCc1ccccc1)C(=O)CCl,8.096910013008056,8.0,1,CHEMBL5184792,Replicase polyprotein 1ab
NC(=O)CCN(NC(=O)[C@H](CC1CCCCC1)NC(=O)OCc1ccccc1)C(=O)CF,5.920818753952375,1200.0,1,CHEMBL5182294,Replicase polyprotein 1ab
NC(=O)CCN(NC(=O)[C@H](CC1CCCCC1)NC(=O)OCc1ccccc1)C(=O)[C@@H](F)Cl,7.275724130399211,53.0,1,CHEMBL5180774,Replicase polyprotein 1ab
NC(=O)CCN(NC(=O)[C@H](CC1CCCCC1)NC(=O)OCc1ccccc1)C(=O)[C@H](F)Cl,8.698970004336019,2.0,1,CHEMBL5169690,Replicase polyprotein 1ab
NC(=O)CCN(NC(=O)[C@H](CC1CCCCC1)NC(=O)c1cc2ccccc2[nH]1)C(=O)CCl,8.698970004336019,2.0,1,CHEMBL5208244,Replicase polyprotein 1ab
NC(=O)CN1C(=O)C(O)(CC(=O)/C=C\c2ccc3c(c2)OCO3)c2ccccc21,4.442853857681637,36070.0,1,CHEMBL1479456,Replicase polyprotein 1ab
NC(=O)C[C@@H](NC(=O)c1ncnc2[nH]ccc12)C1CCCCC1,4.002176919254275,99500.0,1,CHEMBL5441783,Replicase polyprotein 1ab
NC(=O)C[C@H](NC(=O)c1ncnc2[nH]ccc12)c1ccc(Cl)cc1,4.002176919254275,99500.0,2,CHEMBL5442022,Replicase polyprotein 1ab
NC(=O)[C@@H](NC(=O)c1ncnc2[nH]ccc12)c1ccc(Br)cc1,4.002176919254275,99500.0,1,CHEMBL5442123,Replicase polyprotein 1ab
NC(=O)[C@@H](NC(=O)c1ncnc2[nH]ccc12)c1ccc(F)cc1,4.002176919254275,99500.0,2,CHEMBL5441915,Replicase polyprotein 1ab
NC(=O)c1ccc(-c2ccc(/C=N/NC(N)=S)o2)cc1,5.3979400086720375,4000.0,1,CHEMBL5181942,Replicase polyprotein 1ab
NC(=O)c1ccc(S(=O)(=O)Nc2cnc3[nH]ccc3c2)cc1,4.002176919254275,99500.0,1,CHEMBL5441926,Replicase polyprotein 1ab
NC(=O)c1ccc2c(c1)C(=O)C(=O)N2Cc1ccc2ccccc2c1,6.934833115752497,172.5,2,CHEMBL358279,Replicase polyprotein 1ab
NC(=O)c1ccc2c(c1)C(=O)C(=O)N2Cc1cn(Cc2ccc(C(F)(F)F)cc2F)nn1,6.275724130399211,530.0,1,CHEMBL5397586,Replicase polyprotein 1ab
NC(=O)c1ccc2c(c1)C(=O)C(=O)N2Cc1cn(Cc2ccc(S(N)(=O)=O)cc2)nn1,5.950781977329818,1120.0,1,CHEMBL5421800,Replicase polyprotein 1ab
NC(=O)c1ccc2c(c1)C(=O)C(=O)N2Cc1cn(Cc2cccc(Cl)c2)nn1,6.356547323513812,440.0,1,CHEMBL5415051,Replicase polyprotein 1ab
NC(=S)N/N=C/c1cc(-c2ccc(C(=O)O)cc2)co1,4.60977163753087,24560.0,1,CHEMBL5202218,Replicase polyprotein 1ab
NC(=S)N/N=C/c1ccc(-c2cc(C(=O)O)ccc2Cl)o1,5.0,10000.0,1,CHEMBL5171994,Replicase polyprotein 1ab
NC(=S)N/N=C/c1ccc(-c2ccc(C(=O)O)c(Cl)c2)o1,4.487715936718146,32530.0,1,CHEMBL5187397,Replicase polyprotein 1ab
NC(=S)N/N=C/c1ccc(-c2ccc(C(=O)O)c(O)c2)o1,5.804100347590766,1570.0,5,CHEMBL5195352,Replicase polyprotein 1ab
NC(=S)N/N=C/c1ccc(-c2ccc(C(=O)O)cc2)o1,4.756218083906205,17530.0,1,CHEMBL5186313,Replicase polyprotein 1ab
NC(=S)N/N=C/c1ccc(-c2ccc(C(=O)O)cc2)s1,5.2380721615794705,5780.0,1,CHEMBL5171422,Replicase polyprotein 1ab
NC(=S)N/N=C/c1ccc(-c2ccc(C(=O)O)cc2F)o1,5.089375595110798,8140.0,1,CHEMBL5181310,Replicase polyprotein 1ab
NC(=S)N/N=C/c1ccc(-c2ccc(Cl)c(C(=O)O)c2)o1,4.595337299126277,25390.0,1,CHEMBL5174488,Replicase polyprotein 1ab
NC(=S)N/N=C/c1ccc(-c2ccc(F)nc2)o1,5.057495893831919,8760.0,1,CHEMBL5180925,Replicase polyprotein 1ab
NC(=S)N/N=C/c1ccc(-c2ccc(O)c(C(=O)O)c2)o1,5.041436116778033,9090.0,1,CHEMBL5203288,Replicase polyprotein 1ab
NC(=S)N/N=C/c1ccc(-c2ccc(S(N)(=O)=O)cc2)o1,5.268411234813262,5390.0,1,CHEMBL5198114,Replicase polyprotein 1ab
NC(=S)N/N=C/c1ccc(-c2ccc([N+](=O)[O-])cc2)o1,5.013676222949234,9690.0,1,CHEMBL1994837,Replicase polyprotein 1ab
NC(=S)N/N=C/c1ccc(-c2ccc3cccnc3c2)o1,4.982966660701219,10400.0,1,CHEMBL5195265,Replicase polyprotein 1ab
NC(=S)N/N=C/c1ccc(-c2cccc(C(=O)O)c2)o1,4.963371104637839,10880.0,1,CHEMBL5206721,Replicase polyprotein 1ab
NC(=S)N/N=C/c1ccc(-c2cccc(C(=O)O)c2Cl)o1,4.391580948682715,40590.0,1,CHEMBL5172901,Replicase polyprotein 1ab
NC(=S)N/N=C/c1ccc(-c2cccc([N+](=O)[O-])c2)o1,5.092588639225414,8080.0,1,CHEMBL1992382,Replicase polyprotein 1ab
NC(=S)N/N=C/c1ccc(-c2ccccc2)o1,5.392544976785332,4050.0,1,CHEMBL1965444,Replicase polyprotein 1ab
NC(=S)N/N=C/c1ccc(-c2ccncc2)o1,5.149353764816934,7090.0,1,CHEMBL5187551,Replicase polyprotein 1ab
NC(=S)N/N=C/c1ccc(-c2cnc3ccccc3c2)o1,4.987162775294828,10300.0,1,CHEMBL5180049,Replicase polyprotein 1ab
NC(=S)N/N=C/c1ccc(Cc2ccccc2)o1,5.809668301829708,1550.0,2,CHEMBL5198323,Replicase polyprotein 1ab
NC(=S)N/N=C/c1cccc(-c2ccc(C(=O)O)cc2)c1,5.26440110030182,5440.0,1,CHEMBL5197257,Replicase polyprotein 1ab
NC(CO)C(=O)NNCc1ccc(O)c(O)c1O,6.853871964321762,140.0,1,CHEMBL1096979,Replicase polyprotein 1ab
NCCCC[C@@H]1NC(=O)[C@H](CO)NC(=O)[C@H](CCC(N)=O)NC(=O)[C@H](Cc2ccccc2)NC(=O)[C@@H]2CSC(=N2)c2cc(ccn2)C[C@@H](C(N)=O)NC1=O,4.0,100000.0,1,CHEMBL4847752,Replicase polyprotein 1ab
NCCc1ccc(C(F)F)cc1,7.301029995663981,50.0,1,CHEMBL5393918,Replicase polyprotein 1ab
NCCc1cccc(Cl)c1,7.2839966563652006,52.0,1,CHEMBL274497,Replicase polyprotein 1ab
NC[C@@H](CC[C@H](N)C(=O)O)C[C@H]1O[C@@H](n2cnc3c(N)ncnc32)[C@H](O)[C@@H]1O,5.958607314841775,1100.0,1,CHEMBL5567336,Replicase polyprotein 1ab
NCc1c(Cl)cccc1Cl,7.0915149811213505,81.0,1,CHEMBL13305,Replicase polyprotein 1ab
NCc1ccc(Br)cc1,7.346787486224656,45.0,1,CHEMBL138621,Replicase polyprotein 1ab
NCc1ccc(CCO)cc1,7.113509274827518,77.0,1,CHEMBL5429989,Replicase polyprotein 1ab
NCc1cccc(F)c1,7.1487416512809245,71.0,1,CHEMBL12722,Replicase polyprotein 1ab
NCc1ccccc1,7.214670164989233,61.0,1,CHEMBL522,Replicase polyprotein 1ab
NS(=O)(=O)C[C@@H](NC(=O)c1ncnc2[nH]ccc12)c1ccc(Br)cc1,4.002176919254275,99500.0,2,CHEMBL5441547,Replicase polyprotein 1ab
NS(=O)(=O)c1ccc(C(=O)N2CCC(n3[se]c4ccccc4c3=O)CC2)cc1,6.259637310505756,550.0,1,CHEMBL5426830,Replicase polyprotein 1ab
NS(=O)(=O)c1cccc2c1C(=O)c1cccc(O)c1C2=O,5.007004901568658,9840.0,2,CHEMBL2380760,Replicase polyprotein 1ab
NS(=O)(=O)c1ccccc1CNc1ncnc2[nH]ccc12,3.905266906246218,124375.0,1,CHEMBL5441875,Replicase polyprotein 1ab
N[C@H]1C(=O)N[C@@H]2Cc3ccc(c(Cl)c3)Oc3cc4cc(c3O)Oc3ccc(cc3Cl)[C@@H](O)[C@@H]3NC(=O)[C@H](NC(=O)[C@@H]4NC(=O)[C@@H](NC2=O)c2cc(O)cc(c2)Oc2cc1ccc2O)c1ccc(O)c(c1)-c1c(O)cc(O)cc1[C@@H](C(=O)O)NC3=O,5.835647144215563,1460.0,1,CHEMBL2348244,Replicase polyprotein 1ab
N[C@H]1CN2CC(C(=O)N(Cc3ccccc3)Cc3ccccc3)=C(C(=O)O)N2C1=O,3.3010299956639813,500000.0,1,CHEMBL5407193,Replicase polyprotein 1ab
Nc1cc(C(=O)Nc2cccc3ccccc23)cc(C(F)(F)F)c1,4.364516253185088,43200.0,1,CHEMBL5175380,Replicase polyprotein 1ab
Nc1ccc(C(=O)Oc2cncc(Cl)c2)c(F)c1,6.0254883072626715,943.0,1,CHEMBL5597608,Replicase polyprotein 1ab
Nc1ccc(O)c2ncccc12,5.688246138944246,2050.0,1,CHEMBL449298,Replicase polyprotein 1ab
Nc1ccc(S(=O)(=O)[N-]c2ncccn2)cc1.[Ag+],6.1249387366083,750.0,1,CHEMBL1382627,Replicase polyprotein 1ab
Nc1ccc2c(=O)n(-c3ccccc3)[se]c2c1,6.492144128304169,322.0,1,CHEMBL5395762,Replicase polyprotein 1ab
Nc1ccc2c(=O)n(CC(=O)Nc3ccccc3)sc2c1,6.353498249968388,443.1,1,CHEMBL5191706,Replicase polyprotein 1ab
Nc1ccc2cc3ccc(N)cc3nc2c1,5.835647144215563,1460.0,4,CHEMBL55400,Replicase polyprotein 1ab
Nc1ccc2cc3ccc(N)cc3nc2c1.Nc1ccc2cc3ccc(N)cc3nc2c1.O=S(=O)(O)O,6.080921907623926,830.0,1,CHEMBL465704,Replicase polyprotein 1ab
Nc1ccc2cc3ccc(N)cc3nc2c1.O=S(=O)(O)O,5.684029654543083,2070.0,1,CHEMBL1964546,Replicase polyprotein 1ab
Nc1ccc2sn(CC(=O)Nc3ccccc3)c(=O)c2c1,6.380906669373258,416.0,1,CHEMBL5175153,Replicase polyprotein 1ab
Nc1cccc2c(=O)n(CC(=O)Nc3ccccc3)sc12,4.95951633579373,10977.0,1,CHEMBL5187806,Replicase polyprotein 1ab
Nc1cccc2sn(CC(=O)Nc3ccccc3)c(=O)c12,5.7527634504932355,1767.0,1,CHEMBL5177329,Replicase polyprotein 1ab
Nc1ccccc1-c1noc(-c2ccncc2)n1,5.142424392952744,7204.035,2,CHEMBL5438334,Replicase polyprotein 1ab
Nc1ccccc1-n1sc2ccccc2c1=O,6.886056647693163,130.0,1,CHEMBL4079667,Replicase polyprotein 1ab
Nc1cccn([C@@H](CC2CC2)C(=O)N[C@@H](C[C@@H]2CCNC2=O)C(=O)C(=O)NCc2ccccc2)c1=O,5.872895201635193,1340.0,1,CHEMBL5208720,Replicase polyprotein 1ab
Nc1cn2cc(-c3cscc3Cl)ncc2n1,4.107905397309519,78000.0,1,CHEMBL5416105,Replicase polyprotein 1ab
Nc1nc(S)c2ncn(C3OC(CO)C(O)C3O)c2n1,5.966576244513051,1080.0,1,CHEMBL119171,Replicase polyprotein 1ab
Nc1nc2[nH]cnc2c(=S)[nH]1,6.150514997831991,750.0,4,CHEMBL727,Replicase polyprotein 1ab
Nc1ncnc2c1c(C#Cc1cnc3ccccc3c1)cn2[C@@H]1O[C@H](CSCCC(N)C(=O)O)[C@@H](O)[C@H]1O,8.522878745280337,3.0,1,CHEMBL6149328,Replicase polyprotein 1ab
Nc1ncnc2c1c(C#Cc1cnc3ccccc3c1)cn2[C@@H]1O[C@H](CSCC[C@H](N)C(=O)O)[C@@H](O)[C@H]1O,8.522878745280337,3.0,1,CHEMBL6133134,Replicase polyprotein 1ab
Nc1ncnc2c1ncn2[C@@H]1O[C@H](C(=O)Nc2ccc3c(C(F)(F)F)cc(=O)oc3c2)[C@@H](O)[C@H]1O,5.8326826652518236,1470.0,1,CHEMBL6141701,Replicase polyprotein 1ab
Nc1ncnc2c1ncn2[C@@H]1O[C@H](C(=O)Nc2ccc3c(c2)NC(=O)CC3)[C@@H](O)[C@H]1O,5.183758700008217,6550.0,1,CHEMBL6142898,Replicase polyprotein 1ab
Nc1ncnc2c1ncn2[C@@H]1O[C@H](C(=O)Nc2ccc3c(c2)OCCO3)[C@@H](O)[C@H]1O,5.7423214251308154,1810.0,1,CHEMBL6101994,Replicase polyprotein 1ab
Nc1ncnc2c1ncn2[C@@H]1O[C@H](C(=O)Nc2ccc3cccnc3c2)[C@@H](O)[C@H]1O,5.317854923626168,4810.0,1,CHEMBL6150315,Replicase polyprotein 1ab
Nc1ncnc2c1ncn2[C@@H]1O[C@H](CN(CCO[C@@H]2[C@H](O)[C@@H](CO)O[C@H]2n2cnc3c(N)ncnc32)S(=O)(=O)c2ccc(Cl)c([N+](=O)[O-])c2)[C@@H](O)[C@H]1O,6.221848749616356,600.0,1,CHEMBL4793508,Replicase polyprotein 1ab
Nc1ncnc2c1ncn2[C@@H]1O[C@H](CNC(=O)c2ccc3ccccc3c2)[C@@H](O)[C@H]1O,5.568636235841013,2700.0,1,CHEMBL5172081,Replicase polyprotein 1ab
Nc1ncnc2c1ncn2[C@@H]1O[C@H](CNCc2ccc3ccccc3c2)[C@@H](O)[C@H]1O,5.017728766960431,9600.0,1,CHEMBL5171569,Replicase polyprotein 1ab
Nc1ncnc2c1ncn2[C@@H]1O[C@H](CNS(=O)(=O)c2ccc(Br)c([N+](=O)[O-])c2)[C@@H](O)[C@H]1O,5.5376020021010435,2900.0,1,CHEMBL5206233,Replicase polyprotein 1ab
Nc1ncnc2c1ncn2[C@@H]1O[C@H](CNS(=O)(=O)c2ccc(C(F)(F)F)cc2[N+](=O)[O-])[C@@H](O)[C@H]1O,5.455931955649724,3500.0,1,CHEMBL5172628,Replicase polyprotein 1ab
Nc1ncnc2c1ncn2[C@@H]1O[C@H](CNS(=O)(=O)c2ccc(Cl)c(Cl)c2)[C@@H](O)[C@H]1O,6.31695296176115,482.0,1,CHEMBL5185979,Replicase polyprotein 1ab
Nc1ncnc2c1ncn2[C@@H]1O[C@H](CNS(=O)(=O)c2ccc(Cl)cc2)[C@@H](O)[C@H]1O,4.885389015767827,13020.0,1,CHEMBL5185094,Replicase polyprotein 1ab
Nc1ncnc2c1ncn2[C@@H]1O[C@H](CNS(=O)(=O)c2ccc(F)c([N+](=O)[O-])c2)[C@@H](O)[C@H]1O,5.356547323513812,4400.0,1,CHEMBL5174051,Replicase polyprotein 1ab
Nc1ncnc2c1ncn2[C@@H]1O[C@H](CNS(=O)(=O)c2ccc([N+](=O)[O-])cc2)[C@@H](O)[C@H]1O,4.85078088734462,14100.0,1,CHEMBL5208871,Replicase polyprotein 1ab
Nc1ncnc2c1ncn2[C@@H]1O[C@H](CNS(=O)(=O)c2ccc3c(c2)OCCO3)[C@@H](O)[C@H]1O,4.813891620186794,15350.0,1,CHEMBL6146389,Replicase polyprotein 1ab
Nc1ncnc2c1ncn2[C@@H]1O[C@H](CNS(=O)(=O)c2ccc3ccccc3c2)[C@@H](O)[C@H]1O,5.6230936082176495,46530.5,2,CHEMBL5190048,Replicase polyprotein 1ab
Nc1ncnc2c1ncn2[C@@H]1O[C@H](CNS(=O)(=O)c2ccc3cccnc3c2)[C@@H](O)[C@H]1O,7.161150909262744,69.0,1,CHEMBL5172911,Replicase polyprotein 1ab
Nc1ncnc2c1ncn2[C@@H]1O[C@H](CNS(=O)(=O)c2ccc3nc(Cl)ccc3c2)[C@@H](O)[C@H]1O,6.356547323513812,440.0,1,CHEMBL5193934,Replicase polyprotein 1ab
Nc1ncnc2c1ncn2[C@@H]1O[C@H](CNS(=O)(=O)c2cccc([N+](=O)[O-])c2)[C@@H](O)[C@H]1O,5.44502654166676,3589.0,1,CHEMBL5180645,Replicase polyprotein 1ab
Nc1ncnc2c1ncn2[C@@H]1O[C@H](CNS(=O)(=O)c2cccc([N+](=O)[O-])c2Cl)[C@@H](O)[C@H]1O,5.6777807052660805,2100.0,1,CHEMBL5195979,Replicase polyprotein 1ab
Nc1ncnc2c1ncn2[C@@H]1O[C@H](CS(=O)(=O)CCNS(=O)(=O)c2ccc(C(F)(F)F)cc2)[C@@H](O)[C@H]1O,4.4156687756324695,38400.0,1,CHEMBL5438646,Replicase polyprotein 1ab
Nc1ncnc2c1ncn2[C@@H]1O[C@H](CS(=O)(=O)CCNS(=O)(=O)c2ccc([N+](=O)[O-])cc2)[C@@H](O)[C@H]1O,4.562249437179612,27400.0,1,CHEMBL5439086,Replicase polyprotein 1ab
Nc1ncnc2c1ncn2[C@@H]1O[C@H](CS(=O)(=O)CCNS(=O)(=O)c2ccccc2)[C@@H](O)[C@H]1O,4.632644078973981,23300.0,1,CHEMBL5420170,Replicase polyprotein 1ab
Nc1ncnc2c1ncn2[C@@H]1O[C@H](CSCCNC(=O)NCCc2ccccc2)[C@@H](O)[C@H]1O,5.958607314841775,1100.0,1,CHEMBL5612706,Replicase polyprotein 1ab
Nc1ncnc2c1ncn2[C@@H]1O[C@H](CSCCNS(=O)(=O)c2ccc(C(F)(F)F)cc2)[C@@H](O)[C@H]1O,5.136677139879544,7300.0,1,CHEMBL5403276,Replicase polyprotein 1ab
Nc1ncnc2c1ncn2[C@@H]1O[C@H](CSCCNS(=O)(=O)c2ccc(Cl)cc2[N+](=O)[O-])[C@@H](O)[C@H]1O,6.045757490560675,900.0,1,CHEMBL5411147,Replicase polyprotein 1ab
Nc1ncnc2c1ncn2[C@@H]1O[C@H](CSCCNS(=O)(=O)c2ccc([N+](=O)[O-])cc2)[C@@H](O)[C@H]1O,5.327902142064283,4700.0,1,CHEMBL5423053,Replicase polyprotein 1ab
Nc1ncnc2c1ncn2[C@@H]1O[C@H](CSCCNS(=O)(=O)c2ccccc2)[C@@H](O)[C@H]1O,5.337242168318426,4600.0,1,CHEMBL5437799,Replicase polyprotein 1ab
Nc1ncnc2c1ncn2[C@@H]1O[C@H](CSCCNS(=O)(=O)c2ccccc2[N+](=O)[O-])[C@@H](O)[C@H]1O,5.690369832574102,2040.0,1,CHEMBL5418419,Replicase polyprotein 1ab
Nc1ncnc2c1ncn2[C@@H]1O[C@H](CSCC[C@H](N)C(=O)O)[C@@H](O)[C@H]1O,5.726728668260934,8110.0,2,CHEMBL418052,Replicase polyprotein 1ab
Nc1ncnc2c1ncn2[C@@H]1O[C@H](CSCc2cc(C(=O)O)cc(-c3ccccc3)c2)[C@@H](O)[C@H]1O,6.236572006437063,580.0,1,CHEMBL6152805,Replicase polyprotein 1ab
Nc1ncnc2c1ncn2[C@@H]1O[C@H](CSCc2cccc(C(=O)O)c2)[C@@H](O)[C@H]1O,5.096910013008056,8000.0,1,CHEMBL4874278,Replicase polyprotein 1ab
Nc1ncnc2c1ncn2[C@@H]1O[C@H](C[C@@H](N)CC[C@H](N)C(=O)O)[C@@H](O)[C@H]1O,6.443697499232712,360.0,7,CHEMBL1214186,Replicase polyprotein 1ab
Nc1ncnn2c([C@@H]3O[C@H](CNS(=O)(=O)c4ccc5ccccc5c4)[C@@H](O)[C@H]3O)ccc12,7.031517051446065,93.0,1,CHEMBL5198248,Replicase polyprotein 1ab
Nc1nnc(Sc2ncc([N+](=O)[O-])s2)s1,7.522878745280337,30.0,1,CHEMBL510038,Replicase polyprotein 1ab
Nc1nonc1-c1nc2ccccc2n1CC(=O)N/N=C/c1ccc(-c2cccc(C(=O)O)c2)o1,4.672028376376989,21280.0,1,CHEMBL1997422,Replicase polyprotein 1ab
O=C(/C=C/CCc1ccc(O)c(O)c1)CCc1ccc(O)c(O)c1,5.3872161432802645,4100.0,1,CHEMBL464274,Replicase polyprotein 1ab
O=C(/C=C/c1c(Cl)c(O)c(O)c(O)c1Cl)c1c(Cl)c(O)c(O)c(O)c1Cl,6.940815382368629,114.6,1,CHEMBL6134216,Replicase polyprotein 1ab
O=C(/C=C/c1c(Cl)c(O)c(O)c(O)c1Cl)c1c(Cl)cc(Cl)cc1Cl,6.393081474051709,404.5,1,CHEMBL6103446,Replicase polyprotein 1ab
O=C(/C=C/c1c(Cl)c(O)c(O)c(O)c1Cl)c1c(Cl)cc(F)cc1Cl,6.394479476562531,403.2,1,CHEMBL6144830,Replicase polyprotein 1ab
O=C(/C=C/c1c(Cl)c(O)c(O)c(O)c1Cl)c1ccc(-c2ccc(F)cc2)cc1,5.9714287473074625,1068.0,1,CHEMBL6141896,Replicase polyprotein 1ab
O=C(/C=C/c1c(Cl)c(O)c(O)c(O)c1Cl)c1ccc(Br)cc1,6.100398340853878,793.6,1,CHEMBL6142703,Replicase polyprotein 1ab
O=C(/C=C/c1c(Cl)c(O)c(O)c(O)c1Cl)c1ccc(C(F)(F)F)cc1,6.354577730650908,442.0,1,CHEMBL6147956,Replicase polyprotein 1ab
O=C(/C=C/c1c(Cl)c(O)c(O)c(O)c1Cl)c1ccc(Cl)c(Cl)c1,6.382265964635982,414.7,1,CHEMBL6142628,Replicase polyprotein 1ab
O=C(/C=C/c1c(Cl)c(O)c(O)c(O)c1Cl)c1ccc(Cl)cc1,6.200521601162019,630.2,1,CHEMBL6147816,Replicase polyprotein 1ab
O=C(/C=C/c1c(Cl)c(O)c(O)c(O)c1Cl)c1ccc(Cl)cc1Cl,6.5141366704026655,306.1,1,CHEMBL6102555,Replicase polyprotein 1ab
O=C(/C=C/c1c(Cl)c(O)c(O)c(O)c1Cl)c1ccc(F)cc1,6.96018944585165,109.6,3,CHEMBL6102705,Replicase polyprotein 1ab
O=C(/C=C/c1c(Cl)c(O)c(O)c(O)c1Cl)c1ccc(F)cc1Cl,6.508638306165727,310.0,1,CHEMBL6147136,Replicase polyprotein 1ab
O=C(/C=C/c1c(Cl)c(O)c(O)c(O)c1Cl)c1ccc(F)cc1F,6.8830603534492445,130.9,1,CHEMBL6120677,Replicase polyprotein 1ab
O=C(/C=C/c1c(Cl)c(O)c(O)c(O)c1Cl)c1ccc(O)cc1,6.717831221695358,191.5,1,CHEMBL6101819,Replicase polyprotein 1ab
O=C(/C=C/c1c(Cl)c(O)c(O)c(O)c1Cl)c1ccc([N+](=O)[O-])cc1,6.558461961297839,276.4,1,CHEMBL6092064,Replicase polyprotein 1ab
O=C(/C=C/c1c(Cl)c(O)c(O)c(O)c1Cl)c1cccc(-c2ccc(Cl)c(Cl)c2)c1,5.301029995663981,5000.0,1,CHEMBL6141811,Replicase polyprotein 1ab
O=C(/C=C/c1c(Cl)c(O)c(O)c(O)c1Cl)c1ccccc1,6.845271792559845,142.8,1,CHEMBL6134276,Replicase polyprotein 1ab
O=C(/C=C/c1c(Cl)c(O)c(O)c(O)c1Cl)c1ccccc1F,6.625434939277235,236.9,1,CHEMBL6152732,Replicase polyprotein 1ab
O=C(/C=C/c1c(Cl)c(O)c(O)c(O)c1Cl)c1ccco1,7.019996628416254,95.5,1,CHEMBL6149300,Replicase polyprotein 1ab
O=C(/C=C/c1c(Cl)c(O)c(O)c(O)c1Cl)c1cccs1,6.666351243485299,215.6,1,CHEMBL6151354,Replicase polyprotein 1ab
O=C(/C=C/c1cc(O)c(O)c(O)c1)c1ccc(F)cc1,6.5828605902726745,261.3,3,CHEMBL6134507,Replicase polyprotein 1ab
O=C(/C=C/c1cc(O)c(O)c(O)c1Cl)c1ccc(F)cc1,6.367340286706087,429.2,1,CHEMBL6102446,Replicase polyprotein 1ab
O=C(/C=C/c1ccc(O)c(O)c1)O[C@H](Cc1ccc(O)c(O)c1)C(=O)O,5.413412695328245,3860.0,1,CHEMBL324842,Replicase polyprotein 1ab
O=C(/C=C/c1ccc(O)c2c1[C@@H](C(=O)O[C@H](Cc1ccc(O)c(O)c1)C(=O)O)[C@H](c1ccc(O)c(O)c1)O2)O[C@H](Cc1ccc(O)c(O)c1)C(=O)O,5.465973893943865,3420.0,1,CHEMBL3747259,Replicase polyprotein 1ab
O=C(/C=C/c1ccccc1)NCc1nc(-c2ccc(C(F)(F)F)cc2)no1,4.334559734468739,46285.0,2,CHEMBL5274314,Replicase polyprotein 1ab
O=C(/C=C/c1ccccc1)N[C@@H](CC1CCCCC1)C(=O)N[C@@H](C[C@@H]1CCNC1=O)C(=O)C(=O)NCc1ccccc1,6.7447274948966935,180.0,5,CHEMBL4441971,Replicase polyprotein 1ab
O=C(/C=C/c1ccccc1)N[C@H](CC1CCCCC1)C(=O)N[C@H](C[C@@H]1CCNC1=O)C(=O)C(=O)NCc1ccccc1,6.7447274948966935,180.0,4,CHEMBL5207860,Replicase polyprotein 1ab
O=C(/C=C/c1ccccn1)NCc1nc(-c2ccc(C(F)(F)F)cc2)no1,3.989530430203608,102440.0,1,CHEMBL5288475,Replicase polyprotein 1ab
O=C(/C=C/c1ccco1)NCc1nc(-c2ccc(C(F)(F)F)cc2)no1,4.218101080648851,60520.0,1,CHEMBL5276871,Replicase polyprotein 1ab
O=C(/C=C/c1cccs1)NCc1nc(-c2ccc(C(F)(F)F)cc2)no1,4.263125638351577,54560.0,1,CHEMBL5285814,Replicase polyprotein 1ab
O=C(C#Cc1ccccc1)NCc1nc(-c2ccc(C(F)(F)F)cc2)no1,4.32910504647979,46870.0,1,CHEMBL5283003,Replicase polyprotein 1ab
O=C(C1CN(c2ccc(Cl)c(Cl)c2)CCN1C(=O)c1cc(=O)[nH]c2ccccc12)N1CC2(COC2)C1,5.675717544702307,2110.0,1,CHEMBL5556824,Replicase polyprotein 1ab
O=C(C1CN(c2ccc(Cl)c(Cl)c2)CCN1C(=O)c1cc(=O)[nH]c2ccccc12)N1CCC2(CC1)COC2,5.653647025549361,2220.0,1,CHEMBL5542904,Replicase polyprotein 1ab
O=C(C1CN(c2ccc(Cl)c(Cl)c2)CCN1C(=O)c1cc(=O)[nH]c2ccccc12)N1CCOCC1,5.023650020996727,9470.0,1,CHEMBL5542826,Replicase polyprotein 1ab
O=C(CC1C(=O)NCCN1C(=O)CCl)Nc1cccc(Cl)c1,5.070581074285707,8500.0,1,CHEMBL5205985,Replicase polyprotein 1ab
O=C(CC1CCC(F)(F)CC1)NCC(=O)N[C@H](Cc1ccccc1)C(=O)C(=O)NCc1ccccn1,7.823908740944319,15.0,1,CHEMBL5633409,Replicase polyprotein 1ab
O=C(CC1CCCCC1)N1CCC(CCCNC(=O)n2cc(F)c(=O)[nH]c2=O)CC1,6.372363747448347,2270.0,2,CHEMBL5631689,Replicase polyprotein 1ab
O=C(CC1Sc2ncnn2C1=O)Nc1ccc(Br)cc1,5.690369832574102,2040.0,1,CHEMBL243652,Replicase polyprotein 1ab
O=C(CCCc1ccccc1)N[C@H](Cc1ccccc1)C(=O)C(=O)NCc1ccccn1,7.471083299722345,33.8,1,CHEMBL5631284,Replicase polyprotein 1ab
O=C(CCN(Cc1cccc(Cl)c1)C(=O)c1ccc(F)cn1)N1CCNCC1,4.002176919254275,99500.0,1,CHEMBL5441905,Replicase polyprotein 1ab
O=C(CCc1cc(O)c(O)c(O)c1)c1ccc(F)cc1,5.7517814388099255,1771.0,1,CHEMBL6142140,Replicase polyprotein 1ab
O=C(CCc1ccccc1)NCc1nc(-c2ccc(C(F)(F)F)cc2)no1,4.043447408082601,90480.0,1,CHEMBL5266928,Replicase polyprotein 1ab
O=C(CCc1ccccc1)N[C@H](Cc1ccccc1)C(=O)C(=O)NCc1ccccn1,7.06198090252379,86.7,1,CHEMBL5632173,Replicase polyprotein 1ab
O=C(CCl)N1N=C(c2cc(Cl)ccc2F)C(c2ccccc2)C1c1ccc2nccnc2c1,7.853871964321762,14.0,1,CHEMBL5267414,Replicase polyprotein 1ab
O=C(CCl)N1N=C(c2ccccc2)C[C@@H]1c1cccc2nccnc12,6.275724130399211,530.0,1,CHEMBL5287918,Replicase polyprotein 1ab
O=C(CCl)NCC(=O)N[C@@H](Cc1c[nH]c2ccccc12)C(=O)NCc1ccccc1,4.522878745280337,30000.0,1,CHEMBL5589813,Replicase polyprotein 1ab
O=C(CCl)N[C@@H](Cc1ccc(O)cc1)C(=O)N[C@@H](Cc1c[nH]c2ccccc12)C(=O)NCc1ccccc1,5.0782859593941545,8350.53,1,CHEMBL5591434,Replicase polyprotein 1ab
O=C(CCl)N[C@@H](Cc1ccccc1)C(=O)N[C@@H](Cc1c[nH]c2ccccc12)C(=O)NCc1ccccc1,6.136605754872907,730.12,1,CHEMBL5594341,Replicase polyprotein 1ab
O=C(CCl)Nc1sc(-c2ccccc2)cc1C(=O)NC1CC1,5.627087997029894,2360.0,1,CHEMBL6160575,Replicase polyprotein 1ab
O=C(CCl)c1ccccc1,6.721246399047171,190.0,1,CHEMBL105712,Replicase polyprotein 1ab
O=C(CNC(=O)C1CCC(F)(F)CC1)N[C@H](Cc1ccc(Cl)c(Cl)c1)C(=O)C(=O)NCc1ccccn1,7.46344155742847,34.4,1,CHEMBL5632349,Replicase polyprotein 1ab
O=C(CNC(=O)C1CCC(F)(F)CC1)N[C@H](Cc1ccc(Cl)cc1)C(=O)C(=O)NCc1ccccn1,6.727462222624762,187.3,1,CHEMBL5631551,Replicase polyprotein 1ab
O=C(CNC(=O)C1CCC(F)(F)CC1)N[C@H](Cc1ccc(Cl)cc1Cl)C(=O)C(=O)NCc1ccccn1,7.342944147142896,45.4,1,CHEMBL5631948,Replicase polyprotein 1ab
O=C(CNC(=O)C1CCC(F)(F)CC1)N[C@H](Cc1cccc(Cl)c1)C(=O)C(=O)NCc1ccccn1,7.2225731776106885,59.9,1,CHEMBL5633598,Replicase polyprotein 1ab
O=C(CNC(=O)C1CCC(F)(F)CC1)N[C@H](Cc1ccccc1)C(=O)C(=O)NCc1ccccn1,7.85078088734462,14.1,1,CHEMBL5633166,Replicase polyprotein 1ab
O=C(CNC(=O)C1CCC(F)(F)CC1)N[C@H](Cc1ccccc1Cl)C(=O)C(=O)NCc1ccccn1,7.343901797987168,45.3,1,CHEMBL5633457,Replicase polyprotein 1ab
O=C(CNC(=O)C1CCCCC1)N[C@H](Cc1ccccc1)C(=O)C(=O)NCc1ccccn1,7.661543506395395,21.8,1,CHEMBL5632807,Replicase polyprotein 1ab
O=C(CNC(=O)C1CCOCC1)N[C@H](Cc1ccccc1)C(=O)C(=O)NCc1ccccn1,6.3828947694976215,414.1,1,CHEMBL5633973,Replicase polyprotein 1ab
O=C(CNC(=O)[C@@H]1C[C@@H]2[C@H](C1)C2(F)F)N[C@H](Cc1ccccc1)C(=O)C(=O)NCc1ccccn1,7.747146969020107,17.9,1,CHEMBL5631484,Replicase polyprotein 1ab
O=C(CNC(=O)c1cc2ccccc2o1)N[C@H](Cc1ccccc1)C(=O)C(=O)NCc1ccccn1,6.668977828958171,214.3,1,CHEMBL5632725,Replicase polyprotein 1ab
O=C(CNC(=O)c1ccc(Cl)c(Cl)c1)N[C@H](Cc1ccccc1)C(=O)C(=O)NCc1ccccn1,7.690369832574102,20.4,1,CHEMBL5631920,Replicase polyprotein 1ab
O=C(CNC(=O)c1ccc(Cl)c(F)c1)N[C@H](Cc1ccccc1)C(=O)C(=O)NCc1ccccn1,7.732828271596986,18.5,1,CHEMBL5633587,Replicase polyprotein 1ab
O=C(CNC(=O)c1ccc(Cl)cc1)N[C@H](Cc1ccccc1)C(=O)C(=O)NCc1ccccn1,7.335358024443875,46.2,1,CHEMBL5633644,Replicase polyprotein 1ab
O=C(CNC(=O)c1ccccc1)N[C@H](Cc1ccccc1)C(=O)C(=O)NCc1ccccn1,6.850472986245652,141.1,1,CHEMBL5632068,Replicase polyprotein 1ab
O=C(COC(=O)c1cc(-c2ccoc2)n[nH]1)Nc1ccc(Br)cc1,5.657577319177793,2200.0,2,CHEMBL5402316,Replicase polyprotein 1ab
O=C(COc1ccccc1)N[C@H](Cc1ccccc1)C(=O)C(=O)NCc1ccccn1,7.255707016877324,55.5,1,CHEMBL5633499,Replicase polyprotein 1ab
O=C(CS)N[C@@H](Cc1ccccc1)C(=O)N[C@@H](Cc1c[nH]c2ccccc12)C(=O)NCc1ccccc1,4.522878745280337,30000.0,1,CHEMBL5566703,Replicase polyprotein 1ab
O=C(CSc1c[nH]c2c(Br)cccc12)N(Cc1ccccc1)Cc1ccccc1,5.149966742310231,7080.0,1,CHEMBL4874748,Replicase polyprotein 1ab
O=C(CSc1c[nH]c2c(Br)cccc12)NCc1ccc(Cl)c(Cl)c1,5.341988603342887,4550.0,1,CHEMBL4863334,Replicase polyprotein 1ab
O=C(CSc1c[nH]c2cc(Br)ccc12)NCc1ccc(Cl)c(Cl)c1,5.059981844992337,8710.0,1,CHEMBL4846173,Replicase polyprotein 1ab
O=C(CSc1c[nH]c2ccc(Br)cc12)NCc1ccc(Cl)c(Cl)c1,5.0101054362812265,9770.0,1,CHEMBL4874978,Replicase polyprotein 1ab
O=C(CSc1c[nH]c2cccc(Br)c12)N(Cc1ccccc1)Cc1ccccc1,5.419675712781919,3805.0,2,CHEMBL4869436,Replicase polyprotein 1ab
O=C(CSc1c[nH]c2cccc(Br)c12)NCc1ccc(Cl)c(Cl)c1,5.142064735280571,7210.0,1,CHEMBL4870400,Replicase polyprotein 1ab
O=C(CSc1c[nH]c2ccccc12)N(Cc1ccccc1)Cc1ccccc1,5.435905410171486,3680.0,2,CHEMBL4870398,Replicase polyprotein 1ab
O=C(CSc1c[nH]c2ccccc12)NCc1ccc(C(F)(F)F)cc1,5.100179497572904,7940.0,1,CHEMBL4863973,Replicase polyprotein 1ab
O=C(CSc1c[nH]c2ccccc12)NCc1ccccc1,5.166852888087215,6810.0,1,CHEMBL4854844,Replicase polyprotein 1ab
O=C(CSc1nc(C2CCCCC2)nc2ccccc12)NCc1ccco1,4.739928612014925,18200.0,1,CHEMBL523052,Replicase polyprotein 1ab
O=C(CSc1nc2cc(Cl)c(Cl)cc2n1Cc1ccccc1)N1CCOC1=O,4.530177984021837,29500.0,1,CHEMBL5179950,Replicase polyprotein 1ab
O=C(CSc1nc2cc(Cl)c(O)cc2n1Cc1ccccc1)N1CCOC1=O,4.446116973356125,35800.0,1,CHEMBL5202164,Replicase polyprotein 1ab
O=C(CSc1nc2cc(Cl)ccc2n1Cc1ccccc1)N1CCNC1=O,4.616184634019569,24200.0,2,CHEMBL5194970,Replicase polyprotein 1ab
O=C(CSc1nc2cc(Cl)ccc2n1Cc1ccccc1)N1CCOC1=O,4.206209615309181,62200.0,1,CHEMBL5177181,Replicase polyprotein 1ab
O=C(Cc1ccccc1)N1CCC(CCCNC(=O)n2cc(F)c(=O)[nH]c2=O)CC1,5.4089353929735005,3900.0,1,CHEMBL5632889,Replicase polyprotein 1ab
O=C(Cc1ccccc1)N[C@H](Cc1ccccc1)C(=O)C(=O)NCc1ccccn1,6.658763376761308,219.4,1,CHEMBL5632992,Replicase polyprotein 1ab
O=C(Cc1cccnc1)N1CCc2c(Cl)cc(Cl)cc2C1,4.053257826890757,93800.0,2,CHEMBL5575889,Replicase polyprotein 1ab
O=C(Cc1cncc(Br)c1)c1ccc(-c2ccc(Cl)cc2)o1,4.886056647693163,13000.0,1,CHEMBL4289483,Replicase polyprotein 1ab
O=C(Cc1cncc(Br)c1)c1cnc(-c2ccc(Cl)cc2)o1,4.1249387366083,75000.0,1,CHEMBL5274912,Replicase polyprotein 1ab
O=C(Cn1sc2c(F)cccc2c1=O)Nc1ccccc1,6.484126156288321,328.0,1,CHEMBL5201634,Replicase polyprotein 1ab
O=C(Cn1sc2cc(C(F)(F)F)ccc2c1=O)Nc1ccccc1,6.2806521372073405,524.02,1,CHEMBL5191848,Replicase polyprotein 1ab
O=C(Cn1sc2cc(F)ccc2c1=O)NC1CCCC1,6.3979400086720375,400.0,1,CHEMBL5172482,Replicase polyprotein 1ab
O=C(Cn1sc2cc(F)ccc2c1=O)NC1CCCCC1,5.949126463026817,4030.0,2,CHEMBL5176190,Replicase polyprotein 1ab
O=C(Cn1sc2cc(F)ccc2c1=O)NCCc1ccccc1,6.410832609453952,388.3,1,CHEMBL5204705,Replicase polyprotein 1ab
O=C(Cn1sc2cc(F)ccc2c1=O)NCc1ccccc1,6.638272163982407,230.0,1,CHEMBL5173090,Replicase polyprotein 1ab
O=C(Cn1sc2cc(F)ccc2c1=O)Nc1cc(Cl)cc(Cl)c1,6.721246399047171,190.0,1,CHEMBL5198897,Replicase polyprotein 1ab
O=C(Cn1sc2cc(F)ccc2c1=O)Nc1ccc(C(F)(F)F)cc1,6.6777807052660805,210.0,1,CHEMBL5191265,Replicase polyprotein 1ab
O=C(Cn1sc2cc(F)ccc2c1=O)Nc1ccc(Cl)cc1,6.823908740944319,150.0,1,CHEMBL5178149,Replicase polyprotein 1ab
O=C(Cn1sc2cc(F)ccc2c1=O)Nc1cccc(C(F)(F)F)c1,6.6020599913279625,250.0,1,CHEMBL5204604,Replicase polyprotein 1ab
O=C(Cn1sc2cc(F)ccc2c1=O)Nc1cccc(Cl)c1,6.853871964321762,140.0,1,CHEMBL5176486,Replicase polyprotein 1ab
O=C(Cn1sc2cc(F)ccc2c1=O)Nc1ccccc1,5.957533212531642,3295.0,2,CHEMBL1703831,Replicase polyprotein 1ab
O=C(Cn1sc2cc(F)ccc2c1=O)Nc1ccccc1C(F)(F)F,6.4752145506787775,334.8,1,CHEMBL5177146,Replicase polyprotein 1ab
O=C(Cn1sc2cc(F)ccc2c1=O)Nc1ccccc1Cl,6.721246399047171,190.0,1,CHEMBL5188739,Replicase polyprotein 1ab
O=C(Cn1sc2ccc(C(F)(F)F)cc2c1=O)Nc1ccccc1,6.405939098729582,392.7,1,CHEMBL5187129,Replicase polyprotein 1ab
O=C(Cn1sc2ccc(F)cc2c1=O)Nc1ccccc1,6.542572307053516,286.7,1,CHEMBL5182841,Replicase polyprotein 1ab
O=C(Cn1sc2cccc(C(F)(F)F)c2c1=O)Nc1ccccc1,6.649364391741045,224.2,1,CHEMBL5182008,Replicase polyprotein 1ab
O=C(Cn1sc2cccc(F)c2c1=O)Nc1ccccc1,6.932557157223619,116.8,1,CHEMBL5189273,Replicase polyprotein 1ab
O=C(Cn1sc2ccccc2c1=O)Nc1ccccc1,6.781989957015637,165.2,1,CHEMBL1709906,Replicase polyprotein 1ab
O=C(N/N=C/c1c(Cl)ccnc1Cl)c1ccc(CSc2cccc3cccnc23)cc1,6.318758762624412,480.0,1,CHEMBL6192548,Replicase polyprotein 1ab
O=C(N/N=C/c1c(Cl)nc(Cl)nc1Cl)c1ccc(CSc2cccc3cccnc23)cc1,5.531652669587842,2940.0,1,CHEMBL6193550,Replicase polyprotein 1ab
O=C(N/N=C/c1c(O)ccc2ccccc12)c1ccc(CSc2cccc3cccnc23)cc1,5.406713932979542,3920.0,1,CHEMBL6192489,Replicase polyprotein 1ab
O=C(N/N=C/c1cc(F)c(F)cc1O)c1ccc(CSc2cccc3cccnc23)cc1,5.6307841425898575,2340.0,1,CHEMBL6191170,Replicase polyprotein 1ab
O=C(N/N=C/c1cc(O)c(Br)c(O)c1)c1ccc(CSc2cccc3cccnc23)cc1,5.686132779630847,2060.0,1,CHEMBL6191510,Replicase polyprotein 1ab
O=C(N/N=C/c1cc([N+](=O)[O-])ccc1Cl)c1ccc(CNc2cccc3ccccc23)cc1,5.0,10000.0,1,CHEMBL6188979,Replicase polyprotein 1ab
O=C(N/N=C/c1cc([N+](=O)[O-])ccc1Cl)c1ccc(COc2cccc3ccccc23)cc1,5.0,10000.0,1,CHEMBL6188594,Replicase polyprotein 1ab
O=C(N/N=C/c1cc([N+](=O)[O-])ccc1Cl)c1ccc(CSc2cccc3ccccc23)cc1,5.0,10000.0,1,CHEMBL6189696,Replicase polyprotein 1ab
O=C(N/N=C/c1cc([N+](=O)[O-])ccc1Cl)c1ccc(CSc2cccc3cccnc23)cc1,6.552841968657781,280.0,1,CHEMBL6193155,Replicase polyprotein 1ab
O=C(N/N=C/c1cc([N+](=O)[O-])ccc1Cl)c1ccc(CSc2ccccc2Br)cc1,5.0,10000.0,1,CHEMBL6189781,Replicase polyprotein 1ab
O=C(N/N=C/c1cc([N+](=O)[O-])ccc1Cl)c1ccc(CSc2ccnc3ccccc23)cc1,6.119186407719209,760.0,1,CHEMBL6188867,Replicase polyprotein 1ab
O=C(N/N=C/c1cc2c(cc1[N+](=O)[O-])OCO2)c1ccc(CSc2cccc3cccnc23)cc1,6.366531544420414,430.0,1,CHEMBL6189740,Replicase polyprotein 1ab
O=C(N/N=C/c1cc2ccncc2[nH]1)c1ccc(CSc2cccc3cccnc23)cc1,5.0,10000.0,1,CHEMBL6192423,Replicase polyprotein 1ab
O=C(N/N=C/c1ccc(Br)o1)c1ccc(CSc2cccc3cccnc23)cc1,5.0,10000.0,1,CHEMBL6191568,Replicase polyprotein 1ab
O=C(N/N=C/c1ccc(Cl)nc1)c1ccc(CSc2cccc3cccnc23)cc1,5.292429823902063,5100.0,1,CHEMBL6189498,Replicase polyprotein 1ab
O=C(N/N=C/c1ccc(F)cc1)c1ccc(CSc2cccc3cccnc23)cc1,5.590066876668706,2570.0,1,CHEMBL6192474,Replicase polyprotein 1ab
O=C(N/N=C/c1ccc(F)cc1O)c1ccc(CSc2cccc3cccnc23)cc1,5.568636235841013,2700.0,1,CHEMBL6193143,Replicase polyprotein 1ab
O=C(N/N=C/c1ccc(F)nc1)c1ccc(CSc2cccc3cccnc23)cc1,6.180456064458132,660.0,1,CHEMBL6189443,Replicase polyprotein 1ab
O=C(N/N=C/c1cccc(F)c1O)c1ccc(CSc2cccc3cccnc23)cc1,5.525783735923745,2980.0,1,CHEMBL6190854,Replicase polyprotein 1ab
O=C(N/N=C/c1cccc2ccncc12)c1ccc(CSc2cccc3cccnc23)cc1,5.363512103646634,4330.0,1,CHEMBL6191838,Replicase polyprotein 1ab
O=C(N/N=C/c1ncccn1)c1ccc(CSc2cccc3cccnc23)cc1,5.0,10000.0,1,CHEMBL6191333,Replicase polyprotein 1ab
O=C(NC1CC1)C(c1cccnc1)N(C(=O)c1ccco1)c1ccc(-c2ccccc2)cc1,4.917573699139228,12090.0,1,CHEMBL5176329,Replicase polyprotein 1ab
O=C(NC1CCCC1)C(c1cccnc1)N(C(=O)c1ccco1)c1ccc(-c2ccccc2)cc1,5.3872161432802645,4100.0,1,CHEMBL5170916,Replicase polyprotein 1ab
O=C(NC1CCCC1)C(c1cccnc1)N(C(=O)c1cnc[nH]1)c1ccc(-c2ccccc2)cc1,5.138465589140962,7270.0,1,CHEMBL5171325,Replicase polyprotein 1ab
O=C(NC1CCCCC1)C(=O)[C@H](C[C@@H]1CCNC1=O)NC(=O)[C@@H]1[C@H]2CCC[C@H]2CN1C(=O)c1cc2c(OC(F)F)cccc2[nH]1,7.0,100.0,1,CHEMBL5849258,Replicase polyprotein 1ab
O=C(NC1CCCCC1)C(c1cccnc1)N(C(=O)c1c[nH]cn1)c1ccc(-c2ccccc2)cc1,5.235077015350112,5820.0,1,CHEMBL5179593,Replicase polyprotein 1ab
O=C(NC1CCCCC1)C(c1cccnc1)N(C(=O)c1ccco1)c1ccc(-c2ccccc2)cc1,5.5718652059712115,2680.0,1,CHEMBL5176045,Replicase polyprotein 1ab
O=C(NC1CSC1)c1ncnn2cccc12,4.207608310501746,62000.0,1,CHEMBL5407441,Replicase polyprotein 1ab
O=C(NCC(c1ccccc1)c1ccccc1)C(c1cccnc1)N(C(=O)c1ccco1)c1ccc(-c2ccccc2)cc1,5.8297382846050425,1480.0,1,CHEMBL5204664,Replicase polyprotein 1ab
O=C(NCC1CC1)C1CN(c2ccc(Cl)c(Cl)c2)CCN1C(=O)c1cc(=O)[nH]c2ccccc12,6.468521082957745,340.0,1,CHEMBL5562330,Replicase polyprotein 1ab
O=C(NCC1CCC1)C1CN(c2ccc(Cl)c(Cl)c2)CCN1C(=O)c1cc(=O)[nH]c2ccccc12,6.522878745280337,300.0,1,CHEMBL5562235,Replicase polyprotein 1ab
O=C(NCC1CCCC1)C1CN(c2ccc(Cl)c(Cl)c2)CCN1C(=O)c1cc(=O)[nH]c2ccccc12,6.552841968657781,280.0,1,CHEMBL5565159,Replicase polyprotein 1ab
O=C(NCC1CCCCC1)C1CN(c2ccc(Cl)c(Cl)c2)CCN1C(=O)c1cc(=O)[nH]c2ccccc12,6.356547323513812,440.0,1,CHEMBL5557248,Replicase polyprotein 1ab
O=C(NCC1CCCO1)C1CN(c2ccc(Cl)c(Cl)c2)CCN1C(=O)c1cc(=O)[nH]c2ccccc12,6.455931955649724,350.0,1,CHEMBL5561574,Replicase polyprotein 1ab
O=C(NCC1CCO1)C1CN(c2ccc(Cl)c(Cl)c2)CCN1C(=O)c1cc(=O)[nH]c2ccccc12,6.508638306165727,310.0,1,CHEMBL5567646,Replicase polyprotein 1ab
O=C(NCCC(F)(F)F)C1CN(c2ccc(Cl)c(Cl)c2)CCN1C(=O)c1cc(=O)[nH]c2ccccc12,6.698970004336019,200.0,1,CHEMBL5564526,Replicase polyprotein 1ab
O=C(NCCC(F)(F)F)[C@@H]1CN(c2ccc(Cl)c(Cl)c2)CCN1C(=O)c1cc(=O)[nH]c2ccccc12,6.823908740944319,150.0,1,CHEMBL5563562,Replicase polyprotein 1ab
O=C(NCCC(F)(F)F)[C@H]1CN(c2ccc(Cl)c(Cl)c2)CCN1C(=O)c1cc(=O)[nH]c2ccccc12,6.267606240177032,540.0,1,CHEMBL5562924,Replicase polyprotein 1ab
O=C(NCCC1CC1)C1CN(c2ccc(Cl)c(Cl)c2)CCN1C(=O)c1cc(=O)[nH]c2ccccc12,6.2839966563652006,520.0,1,CHEMBL5558498,Replicase polyprotein 1ab
O=C(NCCC1CCCC1)C1CN(c2ccc(Cl)c(Cl)c2)CCN1C(=O)c1cc(=O)[nH]c2ccccc12,6.036212172654444,920.0,1,CHEMBL5567669,Replicase polyprotein 1ab
O=C(NCCC1CCCC1)n1cc(F)c(=O)[nH]c1=O,5.337242168318426,4600.0,1,CHEMBL5631415,Replicase polyprotein 1ab
O=C(NCCC1CCCCC1)n1cc(F)c(=O)[nH]c1=O,5.309803919971486,4900.0,1,CHEMBL5631416,Replicase polyprotein 1ab
O=C(NCCC1CCOCC1)C1CN(c2ccc(Cl)c(Cl)c2)CCN1C(=O)c1cc(=O)[nH]c2ccccc12,5.943095148663527,1140.0,1,CHEMBL5563272,Replicase polyprotein 1ab
O=C(NCCCC(F)(F)F)C1CN(c2ccc(Cl)c(Cl)c2)CCN1C(=O)c1cc(=O)[nH]c2ccccc12,6.698970004336019,200.0,1,CHEMBL5562450,Replicase polyprotein 1ab
O=C(NCCCC1CCCCC1)n1cc(F)c(=O)[nH]c1=O,5.481486060122113,3300.0,1,CHEMBL5631646,Replicase polyprotein 1ab
O=C(NCCCCCCc1ccccc1)n1cc(F)c(=O)[nH]c1=O,5.42021640338319,3800.0,1,CHEMBL5632793,Replicase polyprotein 1ab
O=C(NCCCCc1ccccc1)n1cc(F)c(=O)[nH]c1=O,5.4089353929735005,3900.0,1,CHEMBL5633197,Replicase polyprotein 1ab
O=C(NCCCN1CCOCC1)C1CN(c2ccc(Cl)c(Cl)c2)CCN1C(=O)c1cc(=O)[nH]c2ccccc12,5.872895201635193,1340.0,1,CHEMBL5561615,Replicase polyprotein 1ab
O=C(NCCCNC(=O)n1cc(F)c(=O)[nH]c1=O)c1cc2ccccc2[nH]1,5.585026652029182,2600.0,1,CHEMBL5629950,Replicase polyprotein 1ab
O=C(NCCCNC(=O)n1cc(F)c(=O)[nH]c1=O)c1cc2ccccc2n1Cc1ccccc1,5.292429823902063,5100.0,1,CHEMBL5633371,Replicase polyprotein 1ab
O=C(NCCCNC(=O)n1cc(F)c(=O)[nH]c1=O)c1ccc2cc[nH]c2c1,5.619788758288394,2400.0,1,CHEMBL5632782,Replicase polyprotein 1ab
O=C(NCCCc1ccccc1)C(c1cccnc1)N(C(=O)c1ccco1)c1ccc(-c2ccccc2)cc1,5.978810700930062,1050.0,1,CHEMBL5179577,Replicase polyprotein 1ab
O=C(NCCN1C(=O)C=CC1=O)c1cc2ccccc2[nH]1,5.681936665037238,2080.0,2,CHEMBL5190583,Replicase polyprotein 1ab
O=C(NCCN1CCOCC1)C1CN(c2ccc(Cl)c(Cl)c2)CCN1C(=O)c1cc(=O)[nH]c2ccccc12,6.075720713938118,840.0,1,CHEMBL5568193,Replicase polyprotein 1ab
O=C(NCCNC(=O)c1cc(=O)c2c(O)cccc2o1)c1ccc(O)c(O)c1,4.798602875679548,15900.0,1,CHEMBL5279136,Replicase polyprotein 1ab
O=C(NCCNC(=S)Nc1ccc(O)c(O)c1)c1cc(=O)c2c(O)cccc2o1,5.468521082957745,3400.0,1,CHEMBL5286682,Replicase polyprotein 1ab
O=C(NCCc1cccc(F)c1)[C@@H](c1cncnc1)N(C(=O)[C@H](F)Cl)c1ccc(S(F)(F)(F)(F)F)cc1,7.251811972993799,56.0,1,CHEMBL5278950,Replicase polyprotein 1ab
O=C(NCSC[C@@H](NC(=O)c1ncnc2[nH]ccc12)C(=O)O)c1ccccc1,4.002176919254275,99500.0,1,CHEMBL5441747,Replicase polyprotein 1ab
O=C(NCc1cc2n(n1)CCCC2)c1cc2cncnc2[nH]1,3.905266906246218,124375.0,1,CHEMBL5441673,Replicase polyprotein 1ab
O=C(NCc1ccc(Br)s1)[C@@H]1CN(C(=O)c2cccnc2)CCN1c1ccc(Cl)c(Cl)c1,5.7447274948966935,1800.0,1,CHEMBL5408702,Replicase polyprotein 1ab
O=C(NCc1ccc(F)cn1)c1ncnc2[nH]ccc12,4.002176919254275,99500.0,1,CHEMBL5442038,Replicase polyprotein 1ab
O=C(NCc1ccc(F)s1)[C@@H]1CN(C(=O)c2cccnc2)CCN1c1ccc(Cl)c(Cl)c1,6.3979400086720375,400.0,1,CHEMBL5414023,Replicase polyprotein 1ab
O=C(NCc1ccc(O)c(F)c1)N1CCC(CN2CCc3ccccc32)CC1,6.136677139879544,730.0,1,CHEMBL5568631,Replicase polyprotein 1ab
O=C(NCc1ccccc1)C(=O)[C@H](C[C@@H]1CCNC1=O)NC(=O)[C@@H]1[C@H]2CCC[C@H]2CN1C(=O)c1cc2c(OC(F)F)cccc2[nH]1,7.0,100.0,1,CHEMBL5797024,Replicase polyprotein 1ab
O=C(NCc1ccccc1F)c1ncnc2[nH]ccc12,4.002176919254275,99500.0,1,CHEMBL5441775,Replicase polyprotein 1ab
O=C(NCc1ccccn1)C(=O)[C@@H](Cc1ccccc1)NC(=O)C1(NC(=O)C2CCC(F)(F)CC2)CC1,7.673664139071248,21.2,1,CHEMBL5633582,Replicase polyprotein 1ab
O=C(NCc1ccccn1)C(=O)[C@@H](Cc1ccccc1)NC(=O)[C@H]1CC(F)(F)CN1C(=O)C1CCC(F)(F)CC1,7.962573502059376,10.9,1,CHEMBL5632679,Replicase polyprotein 1ab
O=C(NCc1ccccn1)C(=O)[C@@H](Cc1ccccc1)NC(=O)[C@H]1CC(F)(F)CN1C(=O)CC1CCC(F)(F)CC1,7.455931955649724,35.0,1,CHEMBL5633317,Replicase polyprotein 1ab
O=C(NCc1ccccn1)C(=O)[C@@H](Cc1ccccc1)NC(=O)[C@H]1CC(F)(F)CN1C(=O)[C@@H]1C[C@@H]2[C@H](C1)C2(F)F,7.429457060118103,37.2,1,CHEMBL5633251,Replicase polyprotein 1ab
O=C(NCc1ccccn1)C(=O)[C@@H](Cc1ccccc1)NC(=O)[C@H]1CCC(=O)N1Cc1ccccc1,5.896196279044043,1270.0,1,CHEMBL5632119,Replicase polyprotein 1ab
O=C(NCc1ccccn1)C(=O)[C@@H](Cc1ccccc1)NC(=O)[C@H]1COCCN1C(=O)C1CCC(F)(F)CC1,7.835647144215563,14.6,1,CHEMBL5633042,Replicase polyprotein 1ab
O=C(NCc1ccccn1)C(=O)[C@@H](Cc1ccccc1)NC(=O)[C@H]1COCCN1C(=O)CC1CCC(F)(F)CC1,7.962573502059376,10.9,1,CHEMBL5633635,Replicase polyprotein 1ab
O=C(NCc1ccccn1)C(=O)[C@@H](Cc1ccccc1)NC(=O)[C@H]1COCCN1C(=O)[C@@H]1C[C@@H]2[C@H](C1)C2(F)F,7.627087997029894,23.6,1,CHEMBL5631235,Replicase polyprotein 1ab
O=C(NCc1ccccn1)C(=O)[C@@H](Cc1ccccc1)NC(=O)c1ccccc1,6.681727919788373,208.1,1,CHEMBL5633318,Replicase polyprotein 1ab
O=C(NCc1ccco1)C1CN(C(=O)c2cc(=O)[nH]c(=O)[nH]2)CCN1.O=C(O)C(F)(F)F,8.096910013008056,8.0,1,CHEMBL5208946,Replicase polyprotein 1ab
O=C(NCc1ccco1)C1CN(C(=O)c2cc(=O)[nH]c(=O)[nH]2)CCN1Cc1ccc(Cl)cc1Cl,9.229147988357855,0.59,1,CHEMBL5181886,Replicase polyprotein 1ab
O=C(NCc1ccco1)C1CN(C(=O)c2cc(=O)[nH]c(=O)[nH]2)CCN1c1ccc(Cl)c(Cl)c1,9.102372908709558,0.79,1,CHEMBL5201620,Replicase polyprotein 1ab
O=C(NCc1ccco1)[C@@H]1CN(C(=O)c2cc(=O)[nH]c(=O)[nH]2)CCN1Cc1ccc(Cl)cc1Cl,9.318758762624412,0.48,1,CHEMBL5188982,Replicase polyprotein 1ab
O=C(NCc1ccco1)[C@@H]1CN(C(=O)c2cc(=O)[nH]c(=O)[nH]2)CCN1c1ccc(Cl)c(Cl)c1,9.455931955649724,0.35,1,CHEMBL5192350,Replicase polyprotein 1ab
O=C(NCc1ccco1)[C@H]1CN(C(=O)c2cc(=O)[nH]c(=O)[nH]2)CCN1c1ccc(Cl)c(Cl)c1,8.525783735923746,2.98,1,CHEMBL5180494,Replicase polyprotein 1ab
O=C(NCc1ccco1)c1ccc(-n2sc3ccccc3c2=O)cc1,6.42021640338319,380.0,1,CHEMBL1394251,Replicase polyprotein 1ab
O=C(NCc1cccs1)C1CN(C(=O)c2cc(=O)[nH]c(=O)[nH]2)CCN1c1ccc(Cl)c(Cl)c1,9.214670164989233,0.61,1,CHEMBL5172248,Replicase polyprotein 1ab
O=C(NCc1cccs1)[C@@H]1CN(C(=O)C(F)(F)S(=O)(=O)F)CCN1c1ccc(Cl)c(Cl)c1,5.795880017344075,1600.0,1,CHEMBL5190212,Replicase polyprotein 1ab
O=C(NCc1cccs1)[C@@H]1CN(C(=O)CBr)CCN1c1ccc(Cl)c(Cl)c1,6.508638306165727,310.0,1,CHEMBL5180502,Replicase polyprotein 1ab
O=C(NCc1cccs1)[C@@H]1CN(C(=O)CCl)CCN1c1ccc(Cl)c(Cl)c1,6.7447274948966935,180.0,2,CHEMBL5206532,Replicase polyprotein 1ab
O=C(NCc1cccs1)[C@@H]1CN(C(=O)c2cc(=O)[nH]c(=O)[nH]2)CCN1Cc1ccc(Cl)cc1Cl,9.356547323513812,0.44,1,CHEMBL5188908,Replicase polyprotein 1ab
O=C(NCc1cccs1)[C@@H]1CN(C(=O)c2cc(=O)[nH]c(=O)[nH]2)CCN1c1ccc(Cl)c(Cl)c1,9.397940008672037,0.4,1,CHEMBL5204987,Replicase polyprotein 1ab
O=C(NCc1cccs1)[C@@H]1CN(C(=O)c2cc(=O)[nH]c3ccccc23)CCN1c1ccc(Cl)c(Cl)c1,6.568636235841013,270.0,1,CHEMBL5418992,Replicase polyprotein 1ab
O=C(NCc1cccs1)[C@@H]1CN(C(=O)c2cccnc2)CCN1c1ccc(Cl)c(Cl)c1,6.3979400086720375,400.0,4,CHEMBL5174111,Replicase polyprotein 1ab
O=C(NCc1cccs1)[C@@H]1CN(C(=O)c2cncc(F)c2)CCN1c1ccc(Cl)c(Cl)c1,6.455931955649724,350.0,1,CHEMBL5403743,Replicase polyprotein 1ab
O=C(NCc1cccs1)[C@@H]1CN(C(=O)c2cncc(O)c2)CCN1c1ccc(Cl)c(Cl)c1,6.356547323513812,440.0,1,CHEMBL5417180,Replicase polyprotein 1ab
O=C(NCc1cccs1)[C@@H]1CN(C(=O)c2cncc3cc[nH]c23)CCN1c1ccc(Cl)c(Cl)c1,6.6020599913279625,250.0,1,CHEMBL5439743,Replicase polyprotein 1ab
O=C(NCc1cccs1)[C@@H]1CN(C(=O)c2cncc3ccccc23)CCN1c1ccc(Cl)c(Cl)c1,9.356547323513812,0.44,1,CHEMBL5188502,Replicase polyprotein 1ab
O=C(NCc1cccs1)[C@@H]1CN(C(=O)c2cnccc2Cl)CCN1c1ccc(Cl)c(Cl)c1,6.494850021680094,320.0,1,CHEMBL5412579,Replicase polyprotein 1ab
O=C(NCc1nc(-c2cc3c(N4CCCC5(CC5)C4)ncnc3[nH]2)c[nH]1)c1ccc(F)nc1,4.643488217920555,22815.5,2,CHEMBL5441572,Replicase polyprotein 1ab
O=C(NCc1nc(-c2ccc(C(F)(F)F)cc2)no1)c1ccccc1,4.207398218835033,62030.0,1,CHEMBL5269736,Replicase polyprotein 1ab
O=C(NS(=O)(=O)c1cccs1)[C@@H]1CN(C(=O)c2cccnc2)CCN1c1ccc(Cl)c(Cl)c1,5.022276394711152,9500.0,1,CHEMBL5396073,Replicase polyprotein 1ab
O=C(N[C@@H](C(=O)O)C1Cc2ccccc2C1)c1ncnc2[nH]ccc12,4.002176919254275,99500.0,2,CHEMBL5441581,Replicase polyprotein 1ab
O=C(N[C@@H](C(=O)O)c1ccc(Br)cc1)c1ncnc2[nH]ccc12,4.242065494317878,57522.5,2,CHEMBL5442089,Replicase polyprotein 1ab
O=C(N[C@@H](C(=O)O)c1ccc2c(c1)CCO2)c1ncnc2[nH]ccc12,4.1163014677381184,76530.0,2,CHEMBL5441698,Replicase polyprotein 1ab
O=C(N[C@@H](CC1CC1)C(=O)N[C@@H](C[C@@H]1CCNC1=O)C(O)S(=O)(=O)[O-])OCCc1cccc(Cl)c1.[Na+],7.096910013008056,80.0,1,CHEMBL4860690,Replicase polyprotein 1ab
O=C(N[C@@H](CC1CC1)C(=O)N[C@@H](C[C@@H]1CCNC1=O)C(O)S(=O)(=O)[O-])OCc1cccc(F)c1.[Na+],7.154901959985743,70.0,1,CHEMBL4868443,Replicase polyprotein 1ab
O=C(N[C@@H](CCO)c1ccccc1F)c1ncnc2[nH]ccc12,4.002176919254275,99500.0,2,CHEMBL5441692,Replicase polyprotein 1ab
O=C(N[C@@H](CO)Cc1ccncc1)c1ncnc2[nH]ccc12,4.002176919254275,99500.0,1,CHEMBL5442041,Replicase polyprotein 1ab
O=C(N[C@@H](Cc1ccc(Br)cc1)C(=O)O)c1ncnc2[nH]ccc12,4.002176919254275,99500.0,2,CHEMBL5441955,Replicase polyprotein 1ab
O=C(N[C@@H](Cc1ccc(O)cc1)C(=O)O)c1cc(-c2ccccc2)c(=O)n2c1sc1ccc(OC3CCCCC3)cc12,4.559090917934782,27600.0,1,CHEMBL4526128,Replicase polyprotein 1ab
O=C(N[C@@H](Cc1ccccc1)C(=O)N[C@@H](C[C@@H]1CCNC1=O)C(O)S(=O)(=O)[O-])OCc1ccccc1.[Na+],7.346787486224656,45.0,1,CHEMBL5287345,Replicase polyprotein 1ab
O=C(N[C@@H](Cc1ccccc1)C(=O)N[C@@H]1CONC1=O)c1cc2ccccc2[nH]1,3.3010299956639813,500000.0,1,CHEMBL5424598,Replicase polyprotein 1ab
O=C(N[C@@H](Cc1ccccc1)C(=O)O)c1cc2ccccc2[nH]1,3.3010299956639813,500000.0,1,CHEMBL5414262,Replicase polyprotein 1ab
O=C(N[C@@H](Cc1nn[nH]n1)c1ccc(Br)cc1)c1ncnc2[nH]ccc12,5.695581131713622,2018.0,2,CHEMBL5441841,Replicase polyprotein 1ab
O=C(N[C@@H]1CCC[C@@H]1C(=O)O)c1cnn2ccc(C3CCN(C(=O)c4ccc(Cl)c(Cl)c4)CC3)cc12,4.4045586201070295,39420.0,2,CHEMBL5442135,Replicase polyprotein 1ab
O=C(N[C@@H]1CCC[C@@H]1C(=O)O)c1cnn2ccc(C3CCN(C(=O)c4ccc(Cl)cc4)CC3)cc12,4.5496131581172765,28490.5,2,CHEMBL5441921,Replicase polyprotein 1ab
O=C(N[C@@H]1CCC[C@@H]1Nc1ccc(Cl)c(Cl)c1)c1cc(=O)[nH]c2ccccc12,5.0,10000.0,1,CHEMBL5561540,Replicase polyprotein 1ab
O=C(N[C@H]1CCCC[C@H]1Nc1c(C(=O)N2CCOCC2)cc(Br)cc1[N+](=O)[O-])c1cc(=O)[nH]c2c(F)cccc12,7.570247719997592,26.9,1,CHEMBL5555104,Replicase polyprotein 1ab
O=C(N[C@H]1CCCC[C@H]1Nc1c(C(=O)N2CCOCC2)cc(Br)cc1[N+](=O)[O-])c1cc(=O)[nH]c2cc(F)ccc12,7.412289034981089,38.7,1,CHEMBL5567494,Replicase polyprotein 1ab
O=C(N[C@H]1CCCC[C@H]1Nc1c(C(=O)N2CCOCC2)cc(Br)cc1[N+](=O)[O-])c1cc(=O)[nH]c2ccccc12,7.485452247339714,32.7,1,CHEMBL5568138,Replicase polyprotein 1ab
O=C(N[C@H]1CCCC[C@H]1Nc1c(C(=O)N2CCOCC2)cc(C2CC2)cc1[N+](=O)[O-])c1cc(=O)[nH]c2c(F)cccc12,7.939302159646388,11.5,1,CHEMBL5560631,Replicase polyprotein 1ab
O=C(N[C@H]1CCCC[C@H]1Nc1c(C(=O)N2CCOCC2)cc(C2CC2)cc1[N+](=O)[O-])c1cc(=O)[nH]c2ccccc12,8.017728766960431,9.6,1,CHEMBL5561361,Replicase polyprotein 1ab
O=C(N[C@H]1CCC[C@H]1C(=O)O)c1cnn2ccc(C3CCN(C(=O)c4ccccc4)CC3)cc12,4.446529627786878,35766.0,1,CHEMBL5441785,Replicase polyprotein 1ab
O=C(N[C@H]1CCC[C@H]1Nc1c(C(=O)N2CCOCC2)cc(Br)cc1[N+](=O)[O-])c1cc(=O)[nH]c2c(F)cccc12,7.437707135543525,36.5,1,CHEMBL5559894,Replicase polyprotein 1ab
O=C(N[C@H]1CCC[C@H]1Nc1c(C(=O)N2CCOCC2)cc(Br)cc1[N+](=O)[O-])c1cc(=O)[nH]c2ccccc12,7.679853713888946,20.9,1,CHEMBL5568045,Replicase polyprotein 1ab
O=C(N[C@H]1CCC[C@H]1Nc1c(C(=O)N2CCOCC2)cc(C2CC2)cc1[N+](=O)[O-])c1cc(=O)[nH]c2c(F)cccc12,7.671620396561262,21.3,1,CHEMBL5557684,Replicase polyprotein 1ab
O=C(N[C@H]1CCC[C@H]1Nc1c(C(=O)N2CCOCC2)cc(C2CC2)cc1[N+](=O)[O-])c1cc(=O)[nH]c2ccccc12,7.628932137728263,23.5,1,CHEMBL5563607,Replicase polyprotein 1ab
O=C(Nc1ccc(-n2[se]c3ccccc3c2=O)cc1)C1CC1,6.309803919971486,490.0,1,CHEMBL5438913,Replicase polyprotein 1ab
O=C(Nc1ccc(C(=O)NCc2c(C(=O)O)[nH]c3ccccc23)cc1)NC1CC1,4.864962808450382,13647.0,1,CHEMBL5441843,Replicase polyprotein 1ab
O=C(Nc1ccc(C(=O)N[C@@H]2c3ccccc3C[C@@H]2C(=O)O)cc1)c1ccc(C(=O)NC2CC2)cc1,4.002176919254275,99500.0,1,CHEMBL5441877,Replicase polyprotein 1ab
O=C(Nc1ccc(C(=O)N[C@@H]2c3ccccc3C[C@@H]2C(=O)O)cc1)c1ccc(N2CCC(O)CC2)cc1,4.002176919254275,99500.0,1,CHEMBL5442028,Replicase polyprotein 1ab
O=C(Nc1ccc(C(=O)N[C@@H]2c3ccccc3C[C@@H]2C(=O)O)cc1)c1ccc2c(c1)OCCO2,4.002176919254275,99500.0,1,CHEMBL5441729,Replicase polyprotein 1ab
O=C(Nc1ccc(C(=O)Nc2c(C(=O)O)[nH]c3ccccc23)cc1)NC1CC1,4.002176919254275,99500.0,2,CHEMBL5442013,Replicase polyprotein 1ab
O=C(Nc1ccc(C(=O)Nc2c(C(=O)O)oc3cc(Br)ccc23)cc1)NC1CC1,4.002176919254275,99500.0,1,CHEMBL5441721,Replicase polyprotein 1ab
O=C(Nc1ccc(C(=O)Nc2c(C(=O)O)sc3ccncc23)cc1)NC1CC1,4.002176919254275,99500.0,1,CHEMBL5441628,Replicase polyprotein 1ab
O=C(Nc1ccc(C(=O)Nc2c(C(=O)O)sc3cnccc23)cc1)NC1CC1,4.002176919254275,99500.0,2,CHEMBL5441912,Replicase polyprotein 1ab
O=C(Nc1ccc(C(=O)Nc2c(C(=O)O)sc3ncccc23)cc1)NC1CC1,4.002176919254275,99500.0,1,CHEMBL5441890,Replicase polyprotein 1ab
O=C(Nc1ccc(Cl)c(Cl)c1)c1[nH]cnc1C(=O)N1CCOCC1,4.350762527650392,44590.0,1,CHEMBL6172705,Replicase polyprotein 1ab
O=C(Nc1ccc(Cl)cc1)C1c2cccc[n+]2CC(=O)N1Cc1ccc2c(c1)OCO2,5.161150909262744,6900.0,1,CHEMBL1620799,Replicase polyprotein 1ab
O=C(Nc1ccc(Cl)cc1)C1c2cccc[n+]2CC(=O)N1c1ccc(Br)cc1,5.070581074285707,8500.0,1,CHEMBL5591320,Replicase polyprotein 1ab
O=C(Nc1ccc(Cl)cc1)C1c2cccc[n+]2CC(=O)N1c1ccc(Cl)cc1,5.017728766960431,9600.0,1,CHEMBL5593227,Replicase polyprotein 1ab
O=C(Nc1ccc(Cl)cc1)C1c2cccc[n+]2CC(=O)N1c1cccc(Cl)c1,5.292429823902063,5100.0,1,CHEMBL5591539,Replicase polyprotein 1ab
O=C(Nc1ccc(Cl)cc1)c1ccc(COc2ccc(Nc3ncnc4ccccc34)cc2Cl)cc1,5.316052869248487,4830.0,1,CHEMBL6142123,Replicase polyprotein 1ab
O=C(Nc1ccc(O)c(O)c1)c1cc(=O)c2c(O)cccc2o1,5.1487416512809245,7100.0,1,CHEMBL5279962,Replicase polyprotein 1ab
O=C(Nc1ccc([N+](=O)[O-])cc1Cl)c1cc(Cl)ccc1O,6.552841968657781,280.0,1,CHEMBL1448,Replicase polyprotein 1ab
O=C(Nc1ccc2c(C(=O)N[C@@H]3c4ccccc4C[C@@H]3C(=O)O)cnn2c1)NC1CC1,4.251242904801474,56538.0,2,CHEMBL5442079,Replicase polyprotein 1ab
O=C(Nc1ccc2c(c1)B(O)OC2)c1cccc(NCc2ccccc2)c1,4.244887733604929,56900.0,1,CHEMBL5181062,Replicase polyprotein 1ab
O=C(Nc1ccc2c(c1)B(O)OC2)c1cccc(OCc2ccccc2)c1,5.214670164989233,6100.0,2,CHEMBL5199388,Replicase polyprotein 1ab
O=C(Nc1ccc2c(c1)B(O)OC2)c1cccc(OCc2ccccc2)n1,4.414539270491499,38500.0,1,CHEMBL5187156,Replicase polyprotein 1ab
O=C(Nc1cccc(C(=O)Nc2ccc3c(c2)B(O)OC3)c1)c1ccccc1,4.281498311132726,52300.0,1,CHEMBL5200317,Replicase polyprotein 1ab
O=C(Nc1cccc(I)c1)c1ccc(COc2ccc(Nc3ncnc4ccccc34)cc2Cl)cc1,5.0400051616715835,9120.0,1,CHEMBL6143184,Replicase polyprotein 1ab
O=C(Nc1cccc2c(C(=O)N[C@@H](C(=O)O)c3ccc4c(c3)OCCO4)c[nH]c12)NC1CC1,4.002176919254275,99500.0,2,CHEMBL5441483,Replicase polyprotein 1ab
O=C(Nc1cccc2c(C(=O)N[C@@H](CO)c3ccc4c(c3)OCCO4)c[nH]c12)NC1CC1,4.002176919254275,99500.0,1,CHEMBL5441966,Replicase polyprotein 1ab
O=C(Nc1cccc2c(C(=O)N[C@@H](c3ccccc3)C(F)F)c[nH]c12)NC1CC1,4.002176919254275,99500.0,1,CHEMBL5441895,Replicase polyprotein 1ab
O=C(Nc1cccc2c(C(=O)N[C@@H]3c4ccccc4C[C@@H]3C(=O)O)c[nH]c12)NC1CC1,5.550808233072919,2876.0,4,CHEMBL5442059,Replicase polyprotein 1ab
O=C(Nc1cccc2c(C(=O)N[C@H]3c4ccccc4C[C@H]3C(=O)O)c[nH]c12)NC1CC1,5.1441051980414,7203.5,2,CHEMBL5441675,Replicase polyprotein 1ab
O=C(Nc1cccc2c(C(=O)Nc3cc4c(cc3C(=O)O)OCCO4)c[nH]c12)NC1CC1,4.002176919254275,99500.0,1,CHEMBL5441774,Replicase polyprotein 1ab
O=C(Nc1cccc2c(C(=O)Nc3cc4c(cc3CO)OCCO4)c[nH]c12)NC1CC1,4.002176919254275,99500.0,1,CHEMBL5441931,Replicase polyprotein 1ab
O=C(Nc1cccc2c(C(=O)Nc3ccccc3C(=O)O)c[nH]c12)NC1CC1,4.7001148040669545,19947.5,2,CHEMBL5442099,Replicase polyprotein 1ab
O=C(Nc1ccccc1)C1c2cccc[n+]2CC(=O)N1c1ccc(Br)cc1,5.0655015487564325,8600.0,1,CHEMBL5592993,Replicase polyprotein 1ab
O=C(Nc1ccccc1)C1c2cccc[n+]2CC(=O)N1c1ccccc1,5.2839966563652006,5200.0,1,CHEMBL5593903,Replicase polyprotein 1ab
O=C(Nc1ccccc1)Nc1ccc(C(=O)NC2c3cccc(O)c3CC2C(=O)O)cc1,6.324221658325915,474.0,51,CHEMBL5441699,Replicase polyprotein 1ab
O=C(Nc1ccccc1)c1cccc(COc2ccc(Nc3ncnc4ccccc34)cc2Cl)c1,5.426084559578449,3749.0,1,CHEMBL6149076,Replicase polyprotein 1ab
O=C(Nc1ccccc1)n1sc2cc(F)ccc2c1=O,5.491399828238082,7990.0,2,CHEMBL5190812,Replicase polyprotein 1ab
O=C(Nc1ccccc1F)C(=O)N1CC2(CC2)C[C@H]1C(=O)N[C@@H](C[C@@H]1CCNC1=O)C(=O)COC(F)(F)F,7.79317412396815,16.1,1,CHEMBL5400139,Replicase polyprotein 1ab
O=C(Nc1ccccc1O)c1ccccc1[Se][Se]c1ccccc1C(=O)Nc1ccccc1O,5.469160692377331,17169.5,2,CHEMBL3928799,Replicase polyprotein 1ab
O=C(Nc1cnc2[nH]ncc2c1)C1CCN(c2ccc3nncn3n2)CC1,3.905266906246218,124375.0,1,CHEMBL5441521,Replicase polyprotein 1ab
O=C(Nc1ncnc2c(C(=O)NC3(c4ccccc4F)CCCCC3)csc12)NC1CC1,4.002176919254275,99500.0,1,CHEMBL5441499,Replicase polyprotein 1ab
O=C(Nc1ncnc2c(C(=O)N[C@@H](c3cccs3)C3CCCC3)csc12)NC1CC1,4.002176919254275,99500.0,1,CHEMBL5442005,Replicase polyprotein 1ab
O=C(Nc1ncnc2c(C(=O)Nc3ccccc3C(=O)N3CCCC3)csc12)NC1CC1,4.002176919254275,99500.0,1,CHEMBL5441919,Replicase polyprotein 1ab
O=C(Nn1cnc2c(F)cc(F)cc21)C1COc2cc(Cl)c(Cl)cc21,4.274490773922271,73800.0,2,CHEMBL5569972,Replicase polyprotein 1ab
O=C(O)/C=C/c1c(Cl)c(O)c(O)c(O)c1Br,5.461426266193144,3456.0,1,CHEMBL6133701,Replicase polyprotein 1ab
O=C(O)/C=C/c1c(Cl)c(O)c(O)c(O)c1Cl,6.075875846814175,839.7,1,CHEMBL6144706,Replicase polyprotein 1ab
O=C(O)C1=C(C(=O)N(Cc2ccccc2)Cc2ccccc2)CN2C[C@H](NC(=O)[C@H](C[C@@H]3CCNC3=O)NC(=O)[C@H](Cc3ccccc3)NC(=O)c3cc4ccccc4[nH]3)C(=O)N12,3.7878123955960423,163000.0,1,CHEMBL5418995,Replicase polyprotein 1ab
O=C(O)C1=C(C(=O)N(Cc2ccccc2)Cc2ccccc2)CN2C[C@H](NC(=O)[C@H](Cc3ccccc3)NC(=O)c3cc4ccccc4[nH]3)C(=O)N12,4.346787486224656,45000.0,1,CHEMBL5415241,Replicase polyprotein 1ab
O=C(O)C1=C(C(=O)N2CCCC2)CN2C[C@H](NC(=O)[C@H](Cc3ccccc3)NC(=O)c3cc4ccccc4[nH]3)C(=O)N12,3.7423214251308154,181000.0,1,CHEMBL5426230,Replicase polyprotein 1ab
O=C(O)C1=C(C(=O)NCc2ccccc2)CN2C[C@H](NC(=O)[C@H](Cc3ccccc3)NC(=O)c3cc4ccccc4[nH]3)C(=O)N12,3.749579997691106,178000.0,1,CHEMBL5413390,Replicase polyprotein 1ab
O=C(O)C1=C(C(=O)NCc2ccncc2)CN2C[C@H](NC(=O)[C@H](Cc3ccccc3)NC(=O)c3cc4ccccc4[nH]3)C(=O)N12,3.696803942579511,201000.0,1,CHEMBL5393858,Replicase polyprotein 1ab
O=C(O)C1=C(Cl)CS[C@@H]2[C@H](NC(=O)[C@H](Cc3ccccc3)NC(=O)c3cc4ccccc4[nH]3)C(=O)N12,4.045757490560675,90000.0,1,CHEMBL5414823,Replicase polyprotein 1ab
O=C(O)C1=CC(=C(c2ccc(O)c(C(=O)O)c2)c2ccc(O)c(C(=O)O)c2)C=CC1=O,5.7447274948966935,1800.0,1,CHEMBL275938,Replicase polyprotein 1ab
O=C(O)CC(NC(=O)c1ncnc2[nH]ccc12)c1ccc(NC2C[C@H]3CC(CO)C[C@@H]23)cc1,4.002176919254275,99500.0,1,CHEMBL5441731,Replicase polyprotein 1ab
O=C(O)CCCCCCCCCCCCCCc1ccc(I)cc1,5.647817481888637,2250.0,1,CHEMBL128251,Replicase polyprotein 1ab
O=C(O)CCCCCCCN1C(=O)/C(=C2/C(=O)Nc3ccccc32)c2cc(Br)ccc21,5.91721462968355,1210.0,1,CHEMBL5573244,Replicase polyprotein 1ab
O=C(O)CCc1c(Cl)c(O)c(O)c(O)c1Cl,5.301029995663981,5000.0,1,CHEMBL6102184,Replicase polyprotein 1ab
O=C(O)CCn1[se]c2ccccc2c1=O,6.455931955649724,350.0,1,CHEMBL4552531,Replicase polyprotein 1ab
O=C(O)C[C@@H](CNC(=O)c1ncnc2[nH]ccc12)c1ccc(Cl)cc1,4.1659898831493924,68302.5,2,CHEMBL5441646,Replicase polyprotein 1ab
O=C(O)C[C@@H](NC(=O)Cc1c[nH]c2ncccc12)c1ccc(Br)cc1,4.002176919254275,99500.0,2,CHEMBL5441743,Replicase polyprotein 1ab
O=C(O)C[C@@H](NC(=O)c1c[nH]c2ncccc12)c1ccc(Br)cc1,4.549964954252404,28198.0,2,CHEMBL5441899,Replicase polyprotein 1ab
O=C(O)C[C@@H](NC(=O)c1c[nH]c2ncncc12)c1ccc(NCC2=NO[C@@H]3COC[C@H]23)cc1,4.002176919254275,99500.0,1,CHEMBL5441965,Replicase polyprotein 1ab
O=C(O)C[C@@H](NC(=O)c1cc2[nH]ccc2cn1)c1ccc(Br)cc1,5.144205408108802,7183.5,2,CHEMBL5442056,Replicase polyprotein 1ab
O=C(O)C[C@@H](NC(=O)c1ccc(NC(=O)NC2CC2)cc1)C1CCOCC1,4.002176919254275,99500.0,1,CHEMBL5441948,Replicase polyprotein 1ab
O=C(O)C[C@@H](NC(=O)c1ccc(NC(=O)NC2CC2)cc1)c1cccc(C(F)F)c1,4.128787719836571,74367.0,2,CHEMBL5441865,Replicase polyprotein 1ab
O=C(O)C[C@@H](NC(=O)c1ccc(NC(=O)NC2CC2)cc1)c1cccc(F)c1,4.526095479467137,29890.0,2,CHEMBL5442104,Replicase polyprotein 1ab
O=C(O)C[C@@H](NC(=O)c1ccc(NC(=O)NC2CC2)cc1)c1cccc(O)c1,5.050469308555478,8904.0,2,CHEMBL5441937,Replicase polyprotein 1ab
O=C(O)C[C@@H](NC(=O)c1ccc(NC(=O)NC2CC2)cc1)c1cccnc1,4.1396434778846904,72641.0,2,CHEMBL5441832,Replicase polyprotein 1ab
O=C(O)C[C@@H](NC(=O)c1ccc2[nH]ccc2n1)c1ccc(Br)cc1,4.4007584048403325,39767.5,2,CHEMBL5442068,Replicase polyprotein 1ab
O=C(O)C[C@@H](NC(=O)c1cccc2[nH]cnc12)c1ccc(Br)cc1,4.400647032405121,39755.5,2,CHEMBL5441711,Replicase polyprotein 1ab
O=C(O)C[C@@H](NC(=O)c1cccc2[nH]ncc12)c1ccc(Br)cc1,4.002176919254275,99500.0,2,CHEMBL5441873,Replicase polyprotein 1ab
O=C(O)C[C@@H](NC(=O)c1cccc2cc[nH]c12)c1ccc(Br)cc1,4.002176919254275,99500.0,2,CHEMBL5441569,Replicase polyprotein 1ab
O=C(O)C[C@@H](NC(=O)c1ccnc(-n2cccc2)c1)c1ccc(Br)cc1,4.002176919254275,99500.0,2,CHEMBL5441796,Replicase polyprotein 1ab
O=C(O)C[C@@H](NC(=O)c1ccnc2cn[nH]c12)c1ccc(Br)cc1,5.003822495414374,9920.0,2,CHEMBL5441695,Replicase polyprotein 1ab
O=C(O)C[C@@H](NC(=O)c1ccnc2ncccc12)c1ccc(Br)cc1,4.044153197023685,90365.5,2,CHEMBL5441466,Replicase polyprotein 1ab
O=C(O)C[C@@H](NC(=O)c1cnc2[nH]ccc2c1)c1ccc(Br)cc1,4.002176919254275,99500.0,2,CHEMBL5442143,Replicase polyprotein 1ab
O=C(O)C[C@@H](NC(=O)c1cncc2[nH]ccc12)c1ccc(Br)cc1,4.414945181357687,38562.0,2,CHEMBL5441975,Replicase polyprotein 1ab
O=C(O)C[C@@H](NC(=O)c1nccc2[nH]ncc12)c1ccc(Br)cc1,4.612043983658522,24433.0,2,CHEMBL5441821,Replicase polyprotein 1ab
O=C(O)C[C@@H](NC(=O)c1nccc2cc[nH]c12)c1ccc(Br)cc1,4.517165478493704,30408.5,2,CHEMBL5442106,Replicase polyprotein 1ab
O=C(O)C[C@@H](NC(=O)c1ncnc2[nH]c3cc(F)ccc3c12)c1ccc(Br)cc1,6.000661133044657,998.5,2,CHEMBL5441804,Replicase polyprotein 1ab
O=C(O)C[C@@H](NC(=O)c1ncnc2[nH]ccc12)c1ccc(Br)cc1,5.810229043653126,1548.0,1,CHEMBL5441814,Replicase polyprotein 1ab
O=C(O)C[C@@H](NC(=O)c1ncnc2[nH]ccc12)c1ccc(Cl)cc1,5.536442988571605,2910.5,2,CHEMBL5441918,Replicase polyprotein 1ab
O=C(O)C[C@@H](NC(=O)c1ncnc2[nH]ccc12)c1ccc(F)cc1,5.547081290203723,2839.5,2,CHEMBL5441742,Replicase polyprotein 1ab
O=C(O)C[C@@H](NC(=O)c1ncnc2[nH]ccc12)c1ccc(NCC2=NO[C@@H]3COC[C@H]23)cc1,5.108231820244473,7811.5,2,CHEMBL5441586,Replicase polyprotein 1ab
O=C(O)C[C@@H](NC(=O)c1ncnc2[nH]ccc12)c1ccc(NCC2C[C@@H](O)[C@@H](O)C2)cc1,4.581389049039066,26247.5,2,CHEMBL5441514,Replicase polyprotein 1ab
O=C(O)C[C@@H](NC(=O)c1ncnc2[nH]ccc12)c1ccc(NCc2ccno2)cc1,4.915465604422115,12183.5,2,CHEMBL5442159,Replicase polyprotein 1ab
O=C(O)C[C@@H](NC(=O)c1ncnc2[nH]ccc12)c1ccc(Nc2nnc(C3CC3)o2)cc1,5.382506546104539,4162.5,2,CHEMBL5441684,Replicase polyprotein 1ab
O=C(O)C[C@@H](NC(=O)c1ncnc2[nH]ccc12)c1ccc(Nc2nnco2)cc1,5.22189308837112,6024.5,2,CHEMBL5442134,Replicase polyprotein 1ab
O=C(O)C[C@@H](NC(=O)c1ncnc2[nH]ccc12)c1ccccc1,5.377009446166341,4197.5,2,CHEMBL5441475,Replicase polyprotein 1ab
O=C(O)C[C@@H](NC(=O)c1ncnc2[nH]ccc12)c1ccccn1,4.788437374424339,16377.0,2,CHEMBL5441685,Replicase polyprotein 1ab
O=C(O)C[C@@H](NC(=O)c1ncnc2[nH]ccc12)c1ccncc1,4.470416058335671,33858.0,2,CHEMBL5441861,Replicase polyprotein 1ab
O=C(O)C[C@H](NC(=O)c1ccc(NC(=O)NC2CC2)cc1)c1cccnc1,4.266732342702358,54266.5,2,CHEMBL5441901,Replicase polyprotein 1ab
O=C(O)C[C@H](NC(=O)c1ncnc2[nH]ccc12)c1ccc(Br)cc1,5.527640005642892,2998.5,2,CHEMBL5441798,Replicase polyprotein 1ab
O=C(O)Cn1[se]c2ccccc2c1=O,6.3872161432802645,410.0,1,CHEMBL4068618,Replicase polyprotein 1ab
O=C(O)Cn1sc2cc(F)ccc2c1=O,5.803740889494624,1571.3,1,CHEMBL5170392,Replicase polyprotein 1ab
O=C(O)[C@@H](CC(F)F)Nc1ncnc2[nH]ccc12,4.059186971300323,87527.0,2,CHEMBL5441655,Replicase polyprotein 1ab
O=C(O)[C@@H](CC1CC1)Nc1ncnc2[nH]ccc12,4.002176919254275,99500.0,4,CHEMBL5441537,Replicase polyprotein 1ab
O=C(O)[C@@H](CC1CCCCC1)Nc1ncnc2[nH]ccc12,4.136574514285588,73035.0,2,CHEMBL5441480,Replicase polyprotein 1ab
O=C(O)[C@@H](Nc1ncnc2[nH]ccc12)C1CC(F)(F)C1,4.002176919254275,99500.0,2,CHEMBL5442157,Replicase polyprotein 1ab
O=C(O)[C@@H](Nc1ncnc2[nH]ccc12)C1CC1,4.142140286560426,72087.5,2,CHEMBL5441656,Replicase polyprotein 1ab
O=C(O)[C@@H](Nc1ncnc2[nH]ccc12)c1ccc2c(c1)OCCO2,5.062939697059994,8681.5,2,CHEMBL5441981,Replicase polyprotein 1ab
O=C(O)[C@@H](S)[C@@H](S)C(=O)O,5.764471553092451,1720.0,1,CHEMBL1201073,Replicase polyprotein 1ab
O=C(O)[C@@H]1CC2(CCCCC2)CN1c1ncnc2[nH]ccc12,4.002176919254275,99500.0,2,CHEMBL5441600,Replicase polyprotein 1ab
O=C(O)[C@@H]1C[C@@H](O)CN1c1ncnc2[nH]ccc12,4.002176919254275,99500.0,2,CHEMBL5442139,Replicase polyprotein 1ab
O=C(O)[C@@H]1C[C@@H]2OCC[C@@H]2N1c1ncnc2[nH]ccc12,4.002176919254275,99500.0,2,CHEMBL5441579,Replicase polyprotein 1ab
O=C(O)[C@@H]1C[C@H](F)CN1c1ncnc2[nH]ccc12,4.002176919254275,99500.0,2,CHEMBL5441535,Replicase polyprotein 1ab
O=C(O)[C@@H]1[C@@H](c2ccccc2)CCN1c1ncnc2[nH]ccc12,4.002176919254275,99500.0,2,CHEMBL5441703,Replicase polyprotein 1ab
O=C(O)[C@H](CC1CC1)Nc1ncnc2[nH]ccc12,4.002176919254275,99500.0,2,CHEMBL5442044,Replicase polyprotein 1ab
O=C(O)[C@H](CC1CCCCC1)Nc1ncnc2[nH]ccc12,4.035866853946103,92073.5,2,CHEMBL5441789,Replicase polyprotein 1ab
O=C(O)[C@H](O)Cc1ccc(O)c(O)c1,5.667561540084395,2150.0,1,CHEMBL4218391,Replicase polyprotein 1ab
O=C(O)[C@H]1CCCCCN1C(=O)c1ncnc2[nH]ccc12,3.905266906246218,124375.0,1,CHEMBL5442113,Replicase polyprotein 1ab
O=C(O)[C@H]1C[C@@H](F)CN1c1ncnc2[nH]ccc12,4.002176919254275,99500.0,1,CHEMBL5441939,Replicase polyprotein 1ab
O=C(O)[C@H]1C[C@H](O)CN1c1ncnc2[nH]ccc12,4.002176919254275,99500.0,1,CHEMBL5441662,Replicase polyprotein 1ab
O=C(O)[C@H]1O[C@@H](Oc2cc3oc(-c4ccccc4)cc(=O)c3c(O)c2O)[C@H](O)[C@@H](O)[C@@H]1O,5.193141970481182,6410.0,9,CHEMBL485818,Replicase polyprotein 1ab
O=C(O)c1cc(F)c2nc(N3[C@@H]4CC[C@H]3C[C@@H](OCc3c(-c5ccccc5OC(F)(F)F)noc3C3CC3)C4)sc2c1,5.291579099865287,5110.0,1,CHEMBL4298169,Replicase polyprotein 1ab
O=C(O)c1cc(O)c2c(c1)[C@H]([C@H]1c3cc(C(=O)O)cc(O)c3C(=O)c3c(O[C@@H]4O[C@H](CO)[C@@H](O)[C@H](O)[C@H]4O)cccc31)c1cccc(O[C@@H]3O[C@H](CO)[C@@H](O)[C@H](O)[C@H]3O)c1C2=O,5.798602875679548,1590.0,1,CHEMBL2368547,Replicase polyprotein 1ab
O=C(O)c1ccc(-n2[se]c3ccccc3c2=O)cc1,6.886056647693163,130.0,1,CHEMBL3655715,Replicase polyprotein 1ab
O=C(O)c1ccc(C(=O)N2CCC(c3ccn4ncc(C(=O)N5CCCCC5)c4c3)CC2)o1,4.167159106666376,68052.0,1,CHEMBL5441768,Replicase polyprotein 1ab
O=C(O)c1ccc(Nc2nc(=O)n(Cc3ccc[nH]c3=O)c(=O)n2Cc2cc(F)c(F)c(F)c2)cc1,6.0,1000.0,1,CHEMBL5518047,Replicase polyprotein 1ab
O=C(O)c1ccc(SSc2ccc(C(=O)O)cn2)nc1,6.619788758288394,240.0,1,CHEMBL1161936,Replicase polyprotein 1ab
O=C(O)c1ccsc1C(=O)N1CCC(c2ccn3ncc(C(=O)N4CCCCC4)c3c2)CC1,4.229818349495683,58909.0,1,CHEMBL5442031,Replicase polyprotein 1ab
O=C(O)c1cn(CCCNC(=O)c2ncnc3[nH]ccc23)nn1,4.002176919254275,99500.0,1,CHEMBL5441932,Replicase polyprotein 1ab
O=C(O)c1cn(CCNC(=O)c2ncnc3[nH]ccc23)cn1,4.002176919254275,99500.0,1,CHEMBL5441554,Replicase polyprotein 1ab
O=C(O)c1cnc(C(=O)N2CCC(c3ccn4ncc(C(=O)N5CCCCC5)c4c3)CC2)cn1,4.002176919254275,99500.0,1,CHEMBL5441493,Replicase polyprotein 1ab
O=C(O)c1cscc1C(=O)N1CCC(c2ccn3ncc(C(=O)N4CCCCC4)c3c2)CC1,4.353694319715241,44290.0,1,CHEMBL5441641,Replicase polyprotein 1ab
O=C(O)c1sccc1C(=O)N1CCC(c2ccn3ncc(C(=O)N4CCCCC4)c3c2)CC1,4.420399302725503,37984.0,1,CHEMBL5441622,Replicase polyprotein 1ab
O=C(OCCc1ccc(O)c(O)c1)c1cc(=O)c2c(O)cccc2o1,4.355561410532162,44100.0,1,CHEMBL5281483,Replicase polyprotein 1ab
O=C(OC[C@H]1O[C@@H](OC(=O)c2cc(O)c(O)c(OC(=O)c3cc(O)c(O)c(O)c3)c2)[C@H](OC(=O)c2cc(O)c(O)c(OC(=O)c3cc(O)c(O)c(O)c3)c2)[C@@H](OC(=O)c2cc(O)c(O)c(OC(=O)c3cc(O)c(O)c(O)c3)c2)[C@@H]1OC(=O)c1cc(O)c(O)c(OC(=O)c2cc(O)c(O)c(O)c2)c1)c1cc(O)c(O)c(OC(=O)c2cc(O)c(O)c(O)c2)c1,4.87942606879415,13200.0,1,CHEMBL506247,Replicase polyprotein 1ab
O=C(OCc1ccc(Cl)nc1)c1ncnc2[nH]ccc12,4.002176919254275,99500.0,1,CHEMBL5441463,Replicase polyprotein 1ab
O=C(OCc1cccc(Cl)n1)c1ncnc2[nH]ccc12,3.905266906246218,124375.0,1,CHEMBL5441507,Replicase polyprotein 1ab
O=C(OCc1cn2cc(Br)ccc2n1)c1cc(-c2ccco2)[nH]n1,5.221848749616356,6000.0,1,CHEMBL5423030,Replicase polyprotein 1ab
O=C(OCc1ncccc1Cl)c1ncnc2[nH]ccc12,4.002176919254275,99500.0,1,CHEMBL5441574,Replicase polyprotein 1ab
O=C(O[C@@H]1Cc2c(O)cc(O)cc2O[C@@H]1c1cc(O)c(O)c(O)c1)c1cc(O)c(O)c(O)c1,6.142667503568732,720.0,3,CHEMBL297453,Replicase polyprotein 1ab
O=C(Oc1ccc(O)c(O)c1)c1cc(=O)c2c(O)cccc2o1,5.698970004336019,2000.0,1,CHEMBL5279597,Replicase polyprotein 1ab
O=C(Oc1cncc(Br)c1)c1ccc(Cl)c(Cl)c1,7.425968732272281,37.5,1,CHEMBL5597654,Replicase polyprotein 1ab
O=C(Oc1cncc(Br)c1)c1ccc(Cl)cc1,7.019088062223156,95.7,1,CHEMBL5597641,Replicase polyprotein 1ab
O=C(Oc1cncc(Br)c1)c1ccc(Cl)cc1Cl,7.073143291050307,84.5,1,CHEMBL5596141,Replicase polyprotein 1ab
O=C(Oc1cncc(Br)c1)c1ccc(Cl)cc1F,7.448550002027125,35.6,1,CHEMBL5597089,Replicase polyprotein 1ab
O=C(Oc1cncc(Br)c1)c1ccc(I)cc1F,7.474955192963154,33.5,1,CHEMBL5597247,Replicase polyprotein 1ab
O=C(Oc1cncc(Br)c1)c1ccc(OCc2ccccc2)cc1F,6.634512015109101,232.0,1,CHEMBL5596693,Replicase polyprotein 1ab
O=C(Oc1cncc(Br)c1)c1cccc(Cl)c1,7.296708621881338,50.5,1,CHEMBL5596551,Replicase polyprotein 1ab
O=C(Oc1cncc(Br)c1)c1ccccc1,7.392544976785332,40.5,1,CHEMBL5598277,Replicase polyprotein 1ab
O=C(Oc1cncc(Br)c1)c1ccccc1Cl,7.406713932979542,39.2,1,CHEMBL5598483,Replicase polyprotein 1ab
O=C(Oc1cncc(Br)c1)c1ccccc1F,7.97061622231479,10.7,1,CHEMBL5598257,Replicase polyprotein 1ab
O=C(Oc1cncc(Br)c1)c1ccco1,7.301029995663981,50.0,1,CHEMBL222234,Replicase polyprotein 1ab
O=C(Oc1cncc(Cl)c1)c1c(F)cccc1F,7.534617148551582,29.2,1,CHEMBL5597224,Replicase polyprotein 1ab
O=C(Oc1cncc(Cl)c1)c1cc(Cl)cc(Cl)c1,6.876148359032914,133.0,1,CHEMBL5597390,Replicase polyprotein 1ab
O=C(Oc1cncc(Cl)c1)c1cc(F)cc(F)c1,7.416801226031377,38.3,1,CHEMBL5597773,Replicase polyprotein 1ab
O=C(Oc1cncc(Cl)c1)c1cc2cc(Cl)ccc2[nH]1,7.465973893943865,34.2,4,CHEMBL5205750,Replicase polyprotein 1ab
O=C(Oc1cncc(Cl)c1)c1cc2ccccc2[nH]1,7.187086643357144,65.0,1,CHEMBL225515,Replicase polyprotein 1ab
O=C(Oc1cncc(Cl)c1)c1ccc(-c2ccc(Cl)cc2)o1,7.200659450546418,63.0,1,CHEMBL222769,Replicase polyprotein 1ab
O=C(Oc1cncc(Cl)c1)c1ccc(-c2ccccc2)cc1,6.823908740944319,150.0,1,CHEMBL511584,Replicase polyprotein 1ab
O=C(Oc1cncc(Cl)c1)c1ccc(-c2cccnc2)cc1,6.863279432843593,137.0,1,CHEMBL5597838,Replicase polyprotein 1ab
O=C(Oc1cncc(Cl)c1)c1ccc(Br)cc1F,7.45717457304082,34.9,1,CHEMBL5597101,Replicase polyprotein 1ab
O=C(Oc1cncc(Cl)c1)c1ccc(Cl)c(Cl)c1,7.015922966097169,96.4,1,CHEMBL5596425,Replicase polyprotein 1ab
O=C(Oc1cncc(Cl)c1)c1ccc(Cl)cc1,6.661543506395395,218.0,1,CHEMBL252661,Replicase polyprotein 1ab
O=C(Oc1cncc(Cl)c1)c1ccc(Cl)cc1Cl,6.966576244513051,108.0,1,CHEMBL5598122,Replicase polyprotein 1ab
O=C(Oc1cncc(Cl)c1)c1ccc(Cl)cc1F,7.34008379993015,45.7,1,CHEMBL5596859,Replicase polyprotein 1ab
O=C(Oc1cncc(Cl)c1)c1ccc(F)cc1,6.924453038607469,119.0,1,CHEMBL467960,Replicase polyprotein 1ab
O=C(Oc1cncc(Cl)c1)c1ccc(I)cc1,7.0400051616715835,91.2,1,CHEMBL5598500,Replicase polyprotein 1ab
O=C(Oc1cncc(Cl)c1)c1ccc(I)cc1F,7.826813731587726,14.9,1,CHEMBL5596805,Replicase polyprotein 1ab
O=C(Oc1cncc(Cl)c1)c1ccc(OCc2ccccc2)cc1F,6.492144128304169,322.0,1,CHEMBL5598322,Replicase polyprotein 1ab
O=C(Oc1cncc(Cl)c1)c1ccc2[nH]ccc2c1,6.698970004336019,200.0,1,CHEMBL510559,Replicase polyprotein 1ab
O=C(Oc1cncc(Cl)c1)c1ccc2c(ccn2S(=O)(=O)c2cccc([N+](=O)[O-])c2)c1,6.920818753952375,120.0,1,CHEMBL496316,Replicase polyprotein 1ab
O=C(Oc1cncc(Cl)c1)c1cccc(-c2ccccc2)c1,6.931814138253839,117.0,1,CHEMBL5598082,Replicase polyprotein 1ab
O=C(Oc1cncc(Cl)c1)c1cccc(Cl)c1,7.258848401148215,55.1,1,CHEMBL451434,Replicase polyprotein 1ab
O=C(Oc1cncc(Cl)c1)c1cccc(Cl)c1Cl,6.899629454882437,126.0,1,CHEMBL5596806,Replicase polyprotein 1ab
O=C(Oc1cncc(Cl)c1)c1cccc(F)c1,7.333482019445119,46.4,1,CHEMBL5598524,Replicase polyprotein 1ab
O=C(Oc1cncc(Cl)c1)c1cccc2[nH]ccc12,6.553257826890757,281.5,6,CHEMBL490820,Replicase polyprotein 1ab
O=C(Oc1cncc(Cl)c1)c1cccc2cc[nH]c12,7.259637310505756,55.0,1,CHEMBL490822,Replicase polyprotein 1ab
O=C(Oc1cncc(Cl)c1)c1ccccc1,7.393618634889395,40.4,1,CHEMBL375451,Replicase polyprotein 1ab
O=C(Oc1cncc(Cl)c1)c1ccccc1-c1ccccc1,6.0,1000.0,1,CHEMBL5597240,Replicase polyprotein 1ab
O=C(Oc1cncc(Cl)c1)c1ccccc1Cl,7.218963061378868,60.4,1,CHEMBL443692,Replicase polyprotein 1ab
O=C(Oc1cncc(Cl)c1)c1ccccc1F,7.586700235918748,25.9,1,CHEMBL5596380,Replicase polyprotein 1ab
O=C(Oc1cncc(Cl)c1)c1cccnc1,6.120330794367947,758.0,1,CHEMBL252660,Replicase polyprotein 1ab
O=C(Oc1cncc(Cl)c1)c1ccco1,7.221848749616356,60.0,1,CHEMBL222840,Replicase polyprotein 1ab
O=C(Oc1cncc(Cl)c1)c1cccs1,6.696272488392665,290.5,6,CHEMBL468553,Replicase polyprotein 1ab
O=C(Oc1cncc(Cl)c1)c1ccncc1,6.139661993429006,725.0,1,CHEMBL254103,Replicase polyprotein 1ab
O=C(Oc1cncc(Cl)c1)c1sccc1Cl,6.986741334716483,103.1,1,CHEMBL1892684,Replicase polyprotein 1ab
O=C(On1nnc2ccccc21)c1ccc2[nH]ccc2c1,8.1249387366083,7.5,1,CHEMBL497141,Replicase polyprotein 1ab
O=C(Sc1nc2ccccc2s1)c1cc2ccccc2[nH]1,6.931814138253839,117.0,1,CHEMBL5192654,Replicase polyprotein 1ab
O=C(Sc1nc2ccccc2s1)c1cc2ccccc2s1,6.721246399047171,190.0,1,CHEMBL5181137,Replicase polyprotein 1ab
O=C(Sc1nc2ccccc2s1)c1ccc(-c2ccc(Br)cc2)o1,6.5934598195660445,255.0,1,CHEMBL5194755,Replicase polyprotein 1ab
O=C(Sc1nc2ccccc2s1)c1ccc(-c2ccccc2)o1,6.779891911959945,166.0,1,CHEMBL5186708,Replicase polyprotein 1ab
O=C(Sc1nc2ccccc2s1)c1ccc(-c2ccccc2)s1,6.903089986991944,125.0,1,CHEMBL5178568,Replicase polyprotein 1ab
O=C(Sc1nc2ccccc2s1)c1ccc2ccccc2n1,7.051098239029786,88.9,1,CHEMBL5197891,Replicase polyprotein 1ab
O=C(Sc1ncccn1)c1cc2ccccc2[nH]1,7.950851231752651,11.2,2,CHEMBL5169323,Replicase polyprotein 1ab
O=C(Sc1ncccn1)c1cc2ccccc2s1,7.809668301829708,15.5,1,CHEMBL5204680,Replicase polyprotein 1ab
O=C(Sc1ncccn1)c1ccc(-c2ccc(Br)cc2)s1,7.841637507904751,14.4,1,CHEMBL5208709,Replicase polyprotein 1ab
O=C(Sc1ncccn1)c1ccc(-c2ccccc2)o1,7.7423214251308154,18.1,1,CHEMBL5177782,Replicase polyprotein 1ab
O=C(Sc1ncccn1)c1ccc(-c2ccccc2)s1,7.863279432843593,13.7,1,CHEMBL5186338,Replicase polyprotein 1ab
O=C(Sc1ncccn1)c1ccc2ccccc2n1,7.686132779630847,20.6,1,CHEMBL5184362,Replicase polyprotein 1ab
O=C(Sc1nncs1)c1cc2ccccc2[nH]1,6.844663962534939,143.0,1,CHEMBL5204130,Replicase polyprotein 1ab
O=C(c1c[nH]c(=O)cn1)N1CCC(c2ccn3ncc(C(=O)N4CCCCC4)c3c2)CC1,4.105933285052125,78355.0,1,CHEMBL5441560,Replicase polyprotein 1ab
O=C(c1cc(=O)[nH]c(=O)[nH]1)N1CCN(c2ccc(Cl)c(Cl)c2)CC1,5.376750709602099,4200.0,5,CHEMBL5082224,Replicase polyprotein 1ab
O=C(c1cc(=O)[nH]c2ccccc12)N1CCC(Nc2ccc(Cl)c(Cl)c2)C1,5.079443639165396,8328.3,1,CHEMBL5566011,Replicase polyprotein 1ab
O=C(c1cc(=O)[nH]c2ccccc12)N1CCN(c2ccc(Cl)c(Cl)c2)CC1CN1CCOCC1,6.823908740944319,150.0,2,CHEMBL5568422,Replicase polyprotein 1ab
O=C(c1cc(=O)[nH]c2ccccc12)N1CCN(c2ccc(Cl)c(Cl)c2)CC1Cc1ccccc1,4.698970004336019,20000.0,1,CHEMBL5566561,Replicase polyprotein 1ab
O=C(c1cc(=O)[nH]c2ccccc12)N1CCN(c2ccc(Cl)c(Cl)c2)C[C@@H]1CC1CCCCC1,4.698970004336019,20000.0,1,CHEMBL5561517,Replicase polyprotein 1ab
O=C(c1cc(O)c(O)c(O)c1)c1ccc(O)c(O)c1O,5.3585258894959,4380.0,1,CHEMBL329522,Replicase polyprotein 1ab
O=C(c1cc(O)ccn1)N1CCC(c2ccn3ncc(C(=O)N4CCCCC4)c3c2)CC1,4.002176919254275,99500.0,1,CHEMBL5441911,Replicase polyprotein 1ab
O=C(c1ccc(-c2ccc(Cl)cc2)o1)C(F)(F)c1cncc(Br)c1,4.2441251443275085,57000.0,1,CHEMBL5269595,Replicase polyprotein 1ab
O=C(c1ccc(-c2ccc(Cl)cc2)o1)C(F)c1cncc(Br)c1,4.552841968657781,28000.0,1,CHEMBL5278309,Replicase polyprotein 1ab
O=C(c1ccc2cc[nH]c2c1)N1CCC(CCCNC(=O)n2cc(F)c(=O)[nH]c2=O)CC1,5.508638306165727,3100.0,1,CHEMBL5633928,Replicase polyprotein 1ab
O=C(c1cccc(Br)c1)N1CCC(c2ccn3ncc(C(=O)N4CCCCC4)c3c2)CC1,3.905266906246218,124375.0,1,CHEMBL5442091,Replicase polyprotein 1ab
O=C(c1cccc(Cn2[se]c3ccccc3c2=O)c1)N1CCOCC1,7.962180904926726,172.6725,2,CHEMBL5290840,Replicase polyprotein 1ab
O=C(c1ccccc1)N1CCC(c2ccn3ncc(C(=O)N4CCCC[C@H](O)C4)c3c2)CC1,4.002176919254275,99500.0,1,CHEMBL5442102,Replicase polyprotein 1ab
O=C(c1ccccc1)N1CCC(c2ccn3ncc(C(=O)N4CCc5nc[nH]c5C4)c3c2)CC1,4.002176919254275,99500.0,1,CHEMBL5441488,Replicase polyprotein 1ab
O=C(c1cccnc1)N1CCN(Cc2cc(Cl)cc(Cl)c2OC(F)F)CC1,4.051874718769181,94000.0,2,CHEMBL5565663,Replicase polyprotein 1ab
O=C(c1cccnc1)N1CCN(Cc2cccc(Cl)c2Cl)CC1,4.050158130849984,94250.0,2,CHEMBL5570014,Replicase polyprotein 1ab
O=C(c1cccnc1S)N1CCC(c2ccn3ncc(C(=O)N4CCCCC4)c3c2)CC1,4.210708443714005,61559.0,1,CHEMBL5441907,Replicase polyprotein 1ab
O=C(c1cn2ncccc2n1)N1CCC(c2ccn3ncc(C(=O)N4CCCCC4)c3c2)CC1,4.002176919254275,99500.0,1,CHEMBL5441644,Replicase polyprotein 1ab
O=C(c1cnc[nH]1)N1CCC(c2ccn3ncc(C(=O)N4CCCCC4)c3c2)CC1,4.002176919254275,99500.0,1,CHEMBL5441897,Replicase polyprotein 1ab
O=C(c1cncc(Cl)c1)N1CCCN(Cc2ccccc2Cl)CC1,4.894573317342553,63150.0,2,CHEMBL5574998,Replicase polyprotein 1ab
O=C(c1cncc2ccc(F)cc12)N1CCN(Cc2ccc(Cl)cc2Cl)CC1,4.694271117165829,64135.0,2,CHEMBL5589635,Replicase polyprotein 1ab
O=C(c1ncc[nH]1)N1CCC(c2ccn3ncc(C(=O)N4CCCCC4)c3c2)CC1,4.002176919254275,99500.0,1,CHEMBL5441583,Replicase polyprotein 1ab
O=C(c1nnn[nH]1)N1CCC(c2ccn3ncc(C(=O)N4CCCCC4)c3c2)CC1,4.548443816923572,28285.0,1,CHEMBL5441894,Replicase polyprotein 1ab
O=C1C(Cl)=C(Cl)C(=O)C(Cl)=C1Cl,7.698970004336019,20.0,1,CHEMBL192627,Replicase polyprotein 1ab
O=C1C(Cl)=C(N2CCOCC2)C(=O)N1c1ccc(Cl)c(Cl)c1,5.643498473325348,2835.0,2,CHEMBL1271993,Replicase polyprotein 1ab
O=C1C(Cl)=C(NCCN2CCOCC2)C(=O)c2ncccc21,7.113509274827518,77.0,1,CHEMBL337173,Replicase polyprotein 1ab
O=C1C2C3C=CC(CO)(O3)C2C(=O)N1c1cc(C(F)(F)F)ccc1Cl,5.356547323513812,4400.0,1,CHEMBL5591288,Replicase polyprotein 1ab
O=C1C2CC=CCC2C(=O)N1SC(Cl)(Cl)Cl,6.173925197299173,670.0,1,CHEMBL388676,Replicase polyprotein 1ab
O=C1C=C(Sc2ccccc2)C(=O)c2ccccc21,6.015922966097169,964.0,1,CHEMBL269468,Replicase polyprotein 1ab
O=C1C=C2C(=CCOC2O)O1,5.823908740944319,1500.0,1,CHEMBL294018,Replicase polyprotein 1ab
O=C1C=CC(=O)C2=C1C1c3ccccc3C2c2ccccc21,6.619788758288394,240.0,1,CHEMBL1474701,Replicase polyprotein 1ab
O=C1C=CC(=O)c2c(O)ccc(O)c21,6.309803919971486,490.0,1,CHEMBL274056,Replicase polyprotein 1ab
O=C1C=Cc2cc(Br)ccc2C1=O,7.096910013008056,100.0,2,CHEMBL4303595,Replicase polyprotein 1ab
O=C1CC(=O)c2c(Cl)c(Cl)c(Cl)c(Cl)c21,3.8601209135987635,138000.0,1,CHEMBL1241028,Replicase polyprotein 1ab
O=C1CC2(CCN(C(=O)C3CN(c4ccc(Cl)c(Cl)c4)CCN3C(=O)c3cc(=O)[nH]c4ccccc34)CC2)C1,5.889410289700751,1290.0,1,CHEMBL5562979,Replicase polyprotein 1ab
O=C1CC2CN(C(=O)C3CN(c4ccc(Cl)c(Cl)c4)CCN3C(=O)c3cc(=O)[nH]c4ccccc34)CC2C1,5.732828271596986,1850.0,1,CHEMBL5557049,Replicase polyprotein 1ab
O=C1CCCC2=C1C(C1CC1)N(C(=O)CCl)c1ccc([N+](=O)[O-])cc1N2,5.5934598195660445,2550.0,1,CHEMBL5437572,Replicase polyprotein 1ab
O=C1CCCC2=C1C(C1CCC1)N(C(=O)CCl)c1ccc([N+](=O)[O-])cc1N2,5.605548319173784,2480.0,1,CHEMBL5433579,Replicase polyprotein 1ab
O=C1CCCC2=C1C(C1CCCC1)N(C(=O)CCl)c1ccc([N+](=O)[O-])cc1N2,5.716698771296451,1920.0,1,CHEMBL5418478,Replicase polyprotein 1ab
O=C1CCCC2=C1C(C1CCCCC1)N(C(=O)CCl)c1ccc([N+](=O)[O-])cc1N2,5.798602875679548,1590.0,1,CHEMBL5407311,Replicase polyprotein 1ab
O=C1CCCC2=C1C(c1ccc(C(F)(F)F)cc1)N(C(=O)CCl)c1ccc([N+](=O)[O-])cc1N2,5.991399828238082,1020.0,1,CHEMBL5430369,Replicase polyprotein 1ab
O=C1CCCC2=C1C(c1ccc(F)cc1F)N(C(=O)CCl)c1ccc([N+](=O)[O-])cc1N2,5.388276691992658,4090.0,1,CHEMBL5426918,Replicase polyprotein 1ab
O=C1CCCC2=C1C(c1ccc(OC(F)(F)F)cc1)N(C(=O)CCl)c1ccc([N+](=O)[O-])cc1N2,5.692503962086787,2030.0,1,CHEMBL5436025,Replicase polyprotein 1ab
O=C1CCCC2=C1C(c1ccccc1)N(C(=O)CCl)c1ccc([N+](=O)[O-])cc1N2,5.777283528852417,1670.0,1,CHEMBL5406509,Replicase polyprotein 1ab
O=C1CCCC2=C1CN(C(=O)CCl)c1ccc([N+](=O)[O-])cc1N2,5.291579099865287,5110.0,1,CHEMBL5415422,Replicase polyprotein 1ab
O=C1CCCN1CN1C(=O)N(c2cncc3ccccc23)C(=O)C12CC(C1CCC1)C2,5.51427857351842,3060.0,1,CHEMBL5556568,Replicase polyprotein 1ab
O=C1CCN(C(=O)C2CN(c3ccc(Cl)c(Cl)c3)CCN2C(=O)c2cc(=O)[nH]c3ccccc23)CC1,5.480172006224281,3310.0,1,CHEMBL5561594,Replicase polyprotein 1ab
O=C1C[C@H](Cn2sc3ccccc3c2=O)CN1,6.292429823902063,510.0,1,CHEMBL5564336,Replicase polyprotein 1ab
O=C1C[C@H]2CC3(CC3)CN2C(=O)c2cncc(c2)/C=C/CCCCCNC(=O)[C@@H](Cc2ccc(Cl)cc2Cl)N1,8.096910013008056,8.0,1,CHEMBL6149548,Replicase polyprotein 1ab
O=C1C[C@H]2CCCN2C(=O)c2cncc(c2)/C=C/CCCCCCOC(=O)[C@@H](Cc2ccc(Cl)cc2)N1,7.0,100.0,1,CHEMBL6133865,Replicase polyprotein 1ab
O=C1C[C@H]2CCCN2C(=O)c2cncc(c2)/C=C/CCCCCNC(=O)[C@@H](Cc2ccc(Cl)cc2)N1,7.920818753952375,12.0,1,CHEMBL6142218,Replicase polyprotein 1ab
O=C1C[C@H]2CCCN2C(=O)c2cncc(c2)/C=C/CCCCCNC(=O)[C@@H](Cc2ccc(Cl)cc2Cl)N1,8.045757490560675,9.0,1,CHEMBL6134382,Replicase polyprotein 1ab
O=C1C[C@H]2CCCN2C(=O)c2cncc(c2)/C=C/CCCCCNC(=O)[C@@H](Cc2ccc(F)cc2F)N1,7.6777807052660805,21.0,1,CHEMBL6102236,Replicase polyprotein 1ab
O=C1C[C@H]2CCCN2C(=O)c2cncc(c2)/C=C/CCCCCOC(=O)[C@@H](Cc2ccc(Cl)cc2)N1,7.7447274948966935,18.0,1,CHEMBL6163615,Replicase polyprotein 1ab
O=C1C[C@H]2CCCN2C(=O)c2cncc(c2)/C=C/CCCCOC(=O)[C@@H](Cc2ccc(Cl)cc2)N1,7.6020599913279625,25.0,1,CHEMBL6144746,Replicase polyprotein 1ab
O=C1C[C@H]2CCCN2C(=O)c2cncc(c2)CCCCCCCOC(=O)[C@@H](Cc2ccc(Cl)cc2)N1,7.769551078621726,17.0,1,CHEMBL6143566,Replicase polyprotein 1ab
O=C1C[C@H]2Cc3ccccc3N2C(=O)c2cncc(c2)/C=C/CCCCCOC(=O)[C@@H](Cc2ccc(Cl)c(Cl)c2)N1,7.7447274948966935,18.0,1,CHEMBL6133427,Replicase polyprotein 1ab
O=C1C[C@H]2Cc3ccccc3N2C(=O)c2cncc(c2)/C=C/CCCCCOC(=O)[C@@H](Cc2ccc(Cl)cc2)N1,7.958607314841775,11.0,1,CHEMBL6146825,Replicase polyprotein 1ab
O=C1Cc2c([nH]c3ccc(Br)cc23)-c2ccccc2N1,5.823908740944319,1500.0,1,CHEMBL296586,Replicase polyprotein 1ab
O=C1Cc2c([nH]c3ccc([N+](=O)[O-])cc23)-c2ccccc2N1,5.823908740944319,1500.0,1,CHEMBL50894,Replicase polyprotein 1ab
O=C1N(Cc2ccc(Cl)cc2Cl)CCN1c1cncc2ccccc12,3.9030899869919438,125000.0,1,CHEMBL5575411,Replicase polyprotein 1ab
O=C1N(Cc2ccccc2Cl)CCN1c1cncc2ccc(Cl)cc12,3.9030899869919438,125000.0,1,CHEMBL5542957,Replicase polyprotein 1ab
O=C1N(c2cncc3ccccc23)C(=O)C2(CC(C3CCC3)C2)N1Cc1ccn[nH]1,5.4179366370882915,3820.0,1,CHEMBL5560940,Replicase polyprotein 1ab
O=C1NC2(CC(C3CCC3)C2)C(=O)N1c1cncc(F)c1,5.161150909262744,6900.0,1,CHEMBL5561945,Replicase polyprotein 1ab
O=C1NC2(CC(C3CCC3)C2)C(=O)N1c1cncc2ccccc12,6.481486060122113,330.0,1,CHEMBL5557373,Replicase polyprotein 1ab
O=C1NC2(CC(c3ccccc3)C2)C(=O)N1c1cncc2ccccc12,6.4089353929735005,390.0,1,CHEMBL5549839,Replicase polyprotein 1ab
O=C1NC2(CC(c3ccccc3Cl)C2)C(=O)N1c1cncc2ccccc12,7.113509274827518,77.0,4,CHEMBL5395482,Replicase polyprotein 1ab
O=C1NCCN1C(=O)C(Cc1ccccc1)Sc1nc2cc(Cl)ccc2n1Cc1ccccc1,4.52432881167557,29900.0,1,CHEMBL5184754,Replicase polyprotein 1ab
O=C1NCC[C@H]1C[C@H](NC(=O)[C@@H]1[C@H]2CCC[C@H]2CN1C(=O)COc1ccc(Cl)cc1Cl)C(=O)CF,7.7447274948966935,18.0,1,CHEMBL5564996,Replicase polyprotein 1ab
O=C1NCC[C@H]1C[C@H](NC(=O)[C@@H]1[C@H]2CC[C@H](C2)N1C(=O)[C@@H](NS(=O)(=O)C(F)(F)F)C12CC3CC(CC(C3)C1)C2)C(=O)c1nc2ccccc2s1,5.783570169123749,1646.0,1,CHEMBL5630407,Replicase polyprotein 1ab
O=C1NCC[C@H]1C[C@H](NC(=O)[C@@H]1[C@H]2CC[C@H](C2)N1C(=O)[C@H](CC1CCCCC1)NS(=O)(=O)C(F)(F)F)C(=O)c1nc2ccccc2s1,5.289036881004725,5140.0,1,CHEMBL5624642,Replicase polyprotein 1ab
O=C1NCCc2ccc(CNc3ncnc4[nH]ccc34)cc21,4.002176919254275,99500.0,1,CHEMBL5441868,Replicase polyprotein 1ab
O=C1NN(c2ccc(Cl)c(Cl)c2)C(=O)/C1=C\c1ccc(-c2ccc(Br)cc2C(=O)O)o1,5.036684488613889,9190.0,1,CHEMBL376902,Replicase polyprotein 1ab
O=C1N[C@@H](CC2CCCCC2)C(=O)N1c1cncc2ccccc12,5.886056647693163,1300.0,1,CHEMBL5561138,Replicase polyprotein 1ab
O=C1N[C@@H](Cc2cc(Cl)ccc2F)C(=O)N1c1cncc(F)c1,4.242394347836099,75600.0,2,CHEMBL5591438,Replicase polyprotein 1ab
O=C1Nc2ccccc2/C1=C1\C(=O)Nc2ccccc21,5.920818753952375,1200.0,1,CHEMBL515155,Replicase polyprotein 1ab
O=C1OCCN1C(=O)C(Cc1ccccc1)Sc1nc2cc(Cl)ccc2n1Cc1ccccc1,4.573488738635425,26700.0,1,CHEMBL5191524,Replicase polyprotein 1ab
O=C1OCCN1C(=O)C(Cc1ccco1)Sc1nc2cc(Cl)c(Cl)cc2n1Cc1ccccc1,4.511449283499556,30800.0,1,CHEMBL5189428,Replicase polyprotein 1ab
O=C1OCCN1C(=O)C(Cc1ccco1)Sc1nc2cc(Cl)c(O)cc2n1Cc1ccccc1,4.336299074610352,46100.0,1,CHEMBL5205913,Replicase polyprotein 1ab
O=C1OCCN1C(=O)C(Cc1ccco1)Sc1nc2cc(Cl)ccc2n1Cc1ccccc1,4.826813731587726,14900.0,1,CHEMBL5179857,Replicase polyprotein 1ab
O=C1OCCN1C(=O)C(Cc1ccco1)Sc1nc2ccc(Cl)cc2n1Cc1ccccc1,4.276544327964814,52900.0,1,CHEMBL5205104,Replicase polyprotein 1ab
O=C1OCCN1C(=O)C(Cc1ccco1)Sc1nc2ccc(O)cc2n1Cc1ccccc1,4.253365801062421,55800.0,1,CHEMBL5202324,Replicase polyprotein 1ab
O=C1c2c(O)cc(O)c([Se][Se]c3c(O)cc(O)c4c3OC(c3cc(O)c(O)c(O)c3)C(O)C4=O)c2CC(c2cc(O)c(O)c(O)c2)C1O,6.0915149811213505,810.0,1,CHEMBL5556853,Replicase polyprotein 1ab
O=C1c2c(O)cc(O)cc2OC(c2cc(O)c(O)c(O)c2)[C@@H]1O,5.920818753952375,1200.0,1,CHEMBL5426064,Replicase polyprotein 1ab
O=C1c2c(O)cc(O)cc2O[C@H](c2cc(O)c(O)c(O)c2)[C@H]1O,6.34391132178011,660.0,2,CHEMBL3348861,Replicase polyprotein 1ab
O=C1c2c(O)cc(OP(=O)(Oc3ccccc3)Oc3ccccc3)cc2O[C@H](c2cc(O)c(O)c(O)c2)[C@H]1O,5.735182176990463,1840.0,1,CHEMBL5562077,Replicase polyprotein 1ab
O=C1c2c(O)cccc2[C@@H]([C@@H]2O[C@H](CO)[C@@H](O)[C@H](O)[C@H]2O)c2cc(CO)cc(O)c21,4.775213904752061,16795.0,2,CHEMBL3617994,Replicase polyprotein 1ab
O=C1c2c(O)cccc2[C@H]([C@@H]2O[C@H](CO)[C@@H](O)[C@H](O)[C@H]2O)c2cc(CO)cc(O)c21,4.842699026186821,14420.0,2,CHEMBL2103763,Replicase polyprotein 1ab
O=C1c2ccccc2-c2nc3nnnn3nc21,6.585026652029182,260.0,2,CHEMBL599894,Replicase polyprotein 1ab
O=C1c2ccccc2C(=O)c2oc(-c3ccccc3)nc21,6.251811972993799,560.0,1,CHEMBL3407552,Replicase polyprotein 1ab
O=C[C@@H](C[C@@H]1CCNC1=O)NC(=O)[C@@H](CC1CCCCC1)NC(=O)c1cc2ccccc2[nH]1,7.275724130399211,53.0,3,CHEMBL5184946,Replicase polyprotein 1ab
O=C[C@@H](C[C@@H]1CCNC1=O)NC(=O)[C@@H](Cc1cccc(F)c1)NC(=O)c1cc2ccccc2[nH]1,7.3979400086720375,40.0,3,CHEMBL5187773,Replicase polyprotein 1ab
O=C[C@@H](C[C@H]1CCNC1=O)NC(=O)[C@H]1[C@@H]2CCC[C@@H]2CN1C(=O)COc1ccc(Cl)cc1Cl,7.764471553092451,17.2,1,CHEMBL5562461,Replicase polyprotein 1ab
O=C[C@@H](C[C@H]1CCNC1=O)NC(=O)[C@H]1[C@@H]2CCC[C@@H]2CN1C(=O)OCc1ccccc1,7.292429823902063,51.0,1,CHEMBL5532217,Replicase polyprotein 1ab
O=C[C@H](CC1CCNC1=O)NC(=O)[C@H](CC1CCCCC1)NC(=O)c1cc2ccccc2[nH]1,7.275724130399211,53.0,1,CHEMBL5560356,Replicase polyprotein 1ab
O=C[C@H](CC1CCNC1=O)NC(=O)[C@H](Cc1cccc(F)c1)NC(=O)c1cc2ccccc2[nH]1,7.3979400086720375,40.0,1,CHEMBL5563980,Replicase polyprotein 1ab
O=C[C@H](C[C@@H]1CCCNC1=O)NC(=O)[C@@H](NC(=O)/C=C/c1ccccc1)c1ccccc1,5.689519108537325,2044.0,1,CHEMBL5186446,Replicase polyprotein 1ab
O=C[C@H](C[C@@H]1CCCNC1=O)NC(=O)[C@H](CC1CC1)NC(=O)/C=C/c1ccccc1,6.525783735923745,298.0,1,CHEMBL5199094,Replicase polyprotein 1ab
O=C[C@H](C[C@@H]1CCNC1=O)NC(=O)C1CC2(CCCC2)CN1C(=O)OCc1ccccc1,7.657577319177793,22.0,1,CHEMBL5399799,Replicase polyprotein 1ab
O=C[C@H](C[C@@H]1CCNC1=O)NC(=O)C1CC2(CCCCC2)CN1C(=O)OCc1ccccc1,7.309803919971486,49.0,1,CHEMBL5435470,Replicase polyprotein 1ab
O=C[C@H](C[C@@H]1CCNC1=O)NC(=O)[C@@H]1CC(F)(F)CN1C(=O)c1cc2ccccc2[nH]1,7.0,100.0,1,CHEMBL5593819,Replicase polyprotein 1ab
O=C[C@H](C[C@@H]1CCNC1=O)NC(=O)[C@@H]1CC2(CC2)CN1C(=O)COc1ccc(Cl)cc1Cl,7.4089353929735005,39.0,1,CHEMBL5437518,Replicase polyprotein 1ab
O=C[C@H](C[C@@H]1CCNC1=O)NC(=O)[C@@H]1CC2(CC2)CN1C(=O)OCc1ccccc1,7.6020599913279625,25.0,1,CHEMBL5398423,Replicase polyprotein 1ab
O=C[C@H](C[C@@H]1CCNC1=O)NC(=O)[C@@H]1CC2(CC2)CN1C(=O)c1cc2ccccc2[nH]1,7.638272163982407,23.0,1,CHEMBL5573233,Replicase polyprotein 1ab
O=C[C@H](C[C@@H]1CCNC1=O)NC(=O)[C@@H]1CC2(CCC2)CN1C(=O)OCc1ccccc1,7.522878745280337,30.0,1,CHEMBL5438286,Replicase polyprotein 1ab
O=C[C@H](C[C@@H]1CCNC1=O)NC(=O)[C@@H]1CCCN1C(=O)c1cc2ccccc2[nH]1,6.301029995663981,500.0,1,CHEMBL5593300,Replicase polyprotein 1ab
O=C[C@H](C[C@@H]1CCNC1=O)NC(=O)[C@@H]1C[C@@H](C2CCCCC2)CN1C(=O)OCc1ccccc1,6.292429823902063,510.0,1,CHEMBL5427578,Replicase polyprotein 1ab
O=C[C@H](C[C@@H]1CCNC1=O)NC(=O)[C@@H]1C[C@@H](C2CCCCC2)CN1C(=O)c1cc2ccccc2[nH]1,7.585026652029182,26.0,1,CHEMBL5571608,Replicase polyprotein 1ab
O=C[C@H](C[C@@H]1CCNC1=O)NC(=O)[C@@H]1[C@H]2CCC[C@H]2CN1C(=O)/C=C/c1ccccc1,6.2790968291865425,525.9,1,CHEMBL5286696,Replicase polyprotein 1ab
O=C[C@H](C[C@@H]1CCNC1=O)NC(=O)[C@@H]1[C@H]2CCC[C@H]2CN1C(=O)CCc1cc(F)cc(F)c1,8.119186407719209,7.6,4,CHEMBL5267069,Replicase polyprotein 1ab
O=C[C@H](C[C@@H]1CCNC1=O)NC(=O)[C@@H]1[C@H]2CCC[C@H]2CN1C(=O)CCc1ccc(F)c(F)c1,7.7594507517174005,17.4,1,CHEMBL5277900,Replicase polyprotein 1ab
O=C[C@H](C[C@@H]1CCNC1=O)NC(=O)[C@@H]1[C@H]2CCC[C@H]2CN1C(=O)CCc1cccc(F)c1,8.119186407719209,7.6,1,CHEMBL5275426,Replicase polyprotein 1ab
O=C[C@H](C[C@@H]1CCNC1=O)NC(=O)[C@@H]1[C@H]2CCC[C@H]2CN1C(=O)COc1ccc(Cl)c(Cl)c1,7.522878745280337,30.0,3,CHEMBL5267952,Replicase polyprotein 1ab
O=C[C@H](C[C@@H]1CCNC1=O)NC(=O)[C@@H]1[C@H]2CCC[C@H]2CN1C(=O)COc1ccc(Cl)cc1,8.04098483160756,9.1,2,CHEMBL5275166,Replicase polyprotein 1ab
O=C[C@H](C[C@@H]1CCNC1=O)NC(=O)[C@@H]1[C@H]2CCC[C@H]2CN1C(=O)COc1ccc(Cl)cc1Cl,7.764471553092451,17.2,7,CHEMBL5270743,Replicase polyprotein 1ab
O=C[C@H](C[C@@H]1CCNC1=O)NC(=O)[C@@H]1[C@H]2CCC[C@H]2CN1C(=O)COc1ccc(Cl)cc1F,7.459670525209126,34.7,1,CHEMBL5290856,Replicase polyprotein 1ab
O=C[C@H](C[C@@H]1CCNC1=O)NC(=O)[C@@H]1[C@H]2CCC[C@H]2CN1C(=O)COc1ccc2c(c1)OCCO2,7.029188389127482,93.5,1,CHEMBL5282049,Replicase polyprotein 1ab
O=C[C@H](C[C@@H]1CCNC1=O)NC(=O)[C@@H]1[C@H]2CCC[C@H]2CN1C(=O)OCc1ccccc1,7.292429823902063,51.0,1,CHEMBL5276480,Replicase polyprotein 1ab
O=C[C@H](C[C@@H]1CCNC1=O)NC(=O)[C@@H]1[C@H]2CCC[C@H]2CN1C(=O)c1cc2c(OC(F)F)cccc2[nH]1,7.0,100.0,1,CHEMBL5829690,Replicase polyprotein 1ab
O=C[C@H](C[C@@H]1CCNC1=O)NC(=O)[C@@H]1[C@H]2CCC[C@H]2CN1C(=O)c1cc2ccccc2[nH]1,6.815024809301739,153.1,1,CHEMBL5278207,Replicase polyprotein 1ab
O=C[C@H](C[C@@H]1CCNC1=O)NC(=O)[C@@H]1[C@H]2CCC[C@H]2CN1C(=O)c1cc2ccccn2n1,6.5246194068566385,298.8,1,CHEMBL5290455,Replicase polyprotein 1ab
O=C[C@H](C[C@@H]1CCNC1=O)NC(=O)[C@@H]1[C@H]2CCC[C@H]2CN1C(=O)c1cccnc1,6.1258081953209285,748.5,1,CHEMBL5273500,Replicase polyprotein 1ab
O=C[C@H](C[C@@H]1CCNC1=O)NC(=O)[C@H](CC1CC1)NC(=O)[C@@H](NC(=O)OCc1ccccc1)C1CC1,8.075720713938118,8.4,1,CHEMBL5208464,Replicase polyprotein 1ab
O=C[C@H](C[C@@H]1CCNC1=O)NC(=O)[C@H](CC1CC1)NC(=O)c1cc2ccccc2[nH]1,7.275724130399211,53.0,1,CHEMBL5207119,Replicase polyprotein 1ab
O=C[C@H](C[C@@H]1CCNC1=O)NC(=O)[C@H](CC1CCCCC1)NC(=O)C1(NC(=O)OCc2ccccc2)CC1,6.455931955649724,350.0,1,CHEMBL5199403,Replicase polyprotein 1ab
O=C[C@H](C[C@@H]1CCNC1=O)NC(=O)[C@H](CC1CCCCC1)NC(=O)OCc1cccc(Cl)c1,6.958607314841775,110.0,1,CHEMBL3427141,Replicase polyprotein 1ab
O=C[C@H](C[C@@H]1CCNC1=O)NC(=O)[C@H](CC1CCCCC1)NC(=O)OCc1ccccc1,7.251811972993799,56.0,1,CHEMBL3427168,Replicase polyprotein 1ab
O=C[C@H](C[C@@H]1CCNC1=O)NC(=O)[C@H](CC1CCCCC1)NC(=O)c1cc2ccccc2[nH]1,7.275724130399211,53.0,18,CHEMBL4796938,Replicase polyprotein 1ab
O=C[C@H](C[C@@H]1CCNC1=O)NC(=O)[C@H](Cc1ccc(F)cc1)NC(=O)c1cc2ccccc2[nH]1,6.987162775294828,103.0,1,CHEMBL5566211,Replicase polyprotein 1ab
O=C[C@H](C[C@@H]1CCNC1=O)NC(=O)[C@H](Cc1cccc(F)c1)NC(=O)c1cc2ccccc2[nH]1,7.3979400086720375,40.0,14,CHEMBL4764751,Replicase polyprotein 1ab
O=C[C@H](C[C@@H]1CCNC1=O)NC(=O)[C@H](Cc1ccccc1)NC(=O)/C=C/c1ccc(Cl)cc1F,6.987162775294828,103.0,1,CHEMBL477164,Replicase polyprotein 1ab
O=C[C@H](C[C@@H]1CCNC1=O)NC(=O)[C@H](Cc1ccccc1)NC(=O)OCc1ccccc1,7.0,100.0,1,CHEMBL478401,Replicase polyprotein 1ab
O=C[C@H](C[C@@H]1CCNC1=O)NC(=O)[C@H](Cc1ccccc1)NC(=O)c1cc2ccccc2[nH]1,7.522878745280337,30.0,3,CHEMBL5076204,Replicase polyprotein 1ab
O=C[C@H](C[C@@H]1CNCC1=O)NC(=O)[C@H](Cc1cccc(F)c1)NC(=O)c1cc2ccccc2[nH]1,7.6020599913279625,25.0,1,CHEMBL5574420,Replicase polyprotein 1ab
O=C[C@H](Cc1c[nH]cn1)NC(=O)[C@H](Cc1c[nH]cn1)NC(=O)[C@@H]1Cc2ccccc2CN1,4.422048872270245,37840.0,1,CHEMBL5279125,Replicase polyprotein 1ab
O=C[C@H](Cc1ccccc1)NC(=O)[C@H](CC1CCCCC1)NC(=O)/C=C/c1ccccc1,5.0,10000.0,1,CHEMBL6144396,Replicase polyprotein 1ab
O=C[C@H](Cc1ccccc1)NC(=O)[C@H](Cc1ccc(Br)cc1)NC(=O)/C=C/c1ccccc1,5.0,10000.0,1,CHEMBL6171797,Replicase polyprotein 1ab
O=C[C@H](Cc1ccccc1)NC(=O)[C@H](Cc1ccc(Cl)cc1)NC(=O)/C=C/c1ccccc1,5.0,10000.0,1,CHEMBL6175781,Replicase polyprotein 1ab
O=C[C@H](Cc1ccccc1)NC(=O)[C@H](Cc1ccc(F)cc1)NC(=O)/C=C/c1ccccc1,5.0,10000.0,1,CHEMBL6172532,Replicase polyprotein 1ab
O=C[C@H](Cc1ccccc1)NC(=O)[C@H](Cc1cccc(F)c1)NC(=O)/C=C/c1ccccc1,5.0,10000.0,1,CHEMBL6163841,Replicase polyprotein 1ab
O=C[C@H](Cc1ccccc1)NC(=O)[C@H](Cc1ccccc1)NC(=O)/C=C/c1ccccc1,5.0,10000.0,1,CHEMBL5270053,Replicase polyprotein 1ab
O=C[C@H](Cc1ccccc1)NC(=O)[C@H](Cc1ccccc1F)NC(=O)/C=C/c1ccccc1,5.0,10000.0,1,CHEMBL6168815,Replicase polyprotein 1ab
O=Cc1cc(F)c(C(=O)Nc2cc(Cl)c3c(c2)OCCO3)cc1F,4.6020599913279625,25000.0,1,CHEMBL5416515,Replicase polyprotein 1ab
O=Cc1ccc(O)cc1,5.399027104313252,3990.0,1,CHEMBL14193,Replicase polyprotein 1ab
O=Cc1ccnc(-c2cccc3c2CC(CO)c2c(-c4ccc(Br)cc4)ccc(O)c2-3)c1,5.7423214251308154,1810.0,3,CHEMBL5177264,Replicase polyprotein 1ab
O=Cc1nc2ccccn2c1C=C1COC1,4.958607314841775,11000.0,1,CHEMBL5423901,Replicase polyprotein 1ab
O=S(=O)(CC1CC1)c1nnc(-c2ccc(Cl)cc2)o1,6.795880017344075,160.0,1,CHEMBL5639614,Replicase polyprotein 1ab
O=S(=O)(Cc1ccc(F)cc1)Nc1cnc2[nH]ccc2c1,4.002176919254275,99500.0,1,CHEMBL5441691,Replicase polyprotein 1ab
O=S(=O)(Cc1ccc2cnccc2c1)c1nnc(-c2ccc(Cl)cc2)o1,5.8297382846050425,1480.0,1,CHEMBL5647650,Replicase polyprotein 1ab
O=S(=O)(Cc1ccccc1)c1nnc(-c2ccc(Cl)cc2)o1,6.154901959985743,700.0,1,CHEMBL5646558,Replicase polyprotein 1ab
O=S(=O)(Cc1ccccc1F)Nc1cnc2[nH]ccc2c1,4.002176919254275,99500.0,1,CHEMBL5441772,Replicase polyprotein 1ab
O=S(=O)(Cc1ccccn1)c1nnc(-c2ccc(Cl)cc2)o1,6.494850021680094,320.0,1,CHEMBL5646493,Replicase polyprotein 1ab
O=S(=O)(Cc1cccnc1)c1nnc(-c2ccc(Cl)cc2)o1,6.221848749616356,600.0,1,CHEMBL5641805,Replicase polyprotein 1ab
O=S(=O)(Cc1ccncc1)c1nnc(-c2ccc(Cl)cc2)o1,6.769551078621726,170.0,1,CHEMBL5639611,Replicase polyprotein 1ab
O=S(=O)(Cc1cscn1)c1nnc(-c2ccc(Cl)cc2)o1,6.376750709602099,420.0,1,CHEMBL5641624,Replicase polyprotein 1ab
O=S(=O)(Cc1ncccn1)c1nnc(-c2ccc(Cl)cc2)o1,6.292429823902063,510.0,1,CHEMBL5639732,Replicase polyprotein 1ab
O=S(=O)(c1ccccc1)c1nnc(-c2ccc(Cl)cc2)o1,6.318758762624412,480.0,1,CHEMBL5639833,Replicase polyprotein 1ab
O=S(=O)(c1nnc(-c2ccc(Cl)cc2)o1)C1CCOC1,6.7447274948966935,180.0,1,CHEMBL5641676,Replicase polyprotein 1ab
O=S(=O)(c1nnc(-c2ccc(Cl)cc2)o1)C1COC1,6.443697499232712,360.0,1,CHEMBL5639399,Replicase polyprotein 1ab
O=[N+]([O-])C(Br)(CO)CO,6.376750709602099,420.0,1,CHEMBL1408862,Replicase polyprotein 1ab
O=[N+]([O-])c1ccc(SSC(=S)N2CCC(O)CC2)cc1,6.494850021680094,320.0,3,CHEMBL6146217,Replicase polyprotein 1ab
O=[N+]([O-])c1ccc(Sc2cccc[n+]2[O-])c2nonc12,7.0,100.0,1,CHEMBL505670,Replicase polyprotein 1ab
O=[N+]([O-])c1cnc(Sc2nnc(O)n2-c2ccc3c(c2)OCCO3)s1,6.522878745280337,300.0,1,CHEMBL508280,Replicase polyprotein 1ab
O=c1[nH]c(-c2ccc(Br)cc2)nc2cc(O)c(O)c(O)c12,5.008906891951113,9797.0,1,CHEMBL5433628,Replicase polyprotein 1ab
O=c1[nH]c(-c2ccc(Cl)cc2)nc2cc(O)c(O)c(O)c12,5.113170995323018,7706.0,1,CHEMBL5433083,Replicase polyprotein 1ab
O=c1[nH]c(-c2ccc(F)c(F)c2)nc2cc(O)c(O)c(O)c12,5.566070234391536,2716.0,1,CHEMBL5406209,Replicase polyprotein 1ab
O=c1[nH]c(-c2ccc(F)cc2)nc2cc(O)c(O)c(O)c12,4.8941493256148565,12760.0,1,CHEMBL5410698,Replicase polyprotein 1ab
O=c1[nH]c(-c2ccc(F)cc2F)nc2cc(O)c(O)c(O)c12,5.812197361281581,1541.0,1,CHEMBL5436202,Replicase polyprotein 1ab
O=c1[nH]c(-c2ccc(O)cc2)nc2cc(O)c(O)c(O)c12,4.698970004336019,20000.0,1,CHEMBL5425158,Replicase polyprotein 1ab
O=c1[nH]c(-c2ccc([N+](=O)[O-])cc2)nc2cc(O)c(O)c(O)c12,4.698970004336019,20000.0,1,CHEMBL5397835,Replicase polyprotein 1ab
O=c1[nH]c(-c2ccc3ccccc3c2)nc2cc(O)c(O)c(O)c12,5.447940465812116,3565.0,1,CHEMBL5430534,Replicase polyprotein 1ab
O=c1[nH]c(-c2cccc(Br)c2)nc2cc(O)c(O)c(O)c12,5.095988116402611,8017.0,1,CHEMBL5418838,Replicase polyprotein 1ab
O=c1[nH]c(-c2cccc(C(F)(F)F)c2)nc2cc(O)c(O)c(O)c12,4.9775716288145135,10530.0,1,CHEMBL5428437,Replicase polyprotein 1ab
O=c1[nH]c(-c2cccc(Cl)c2)nc2cc(O)c(O)c(O)c12,5.157390760389438,6960.0,1,CHEMBL5423390,Replicase polyprotein 1ab
O=c1[nH]c(-c2cccc(F)c2)nc2cc(O)c(O)c(O)c12,5.289713352297109,5132.0,1,CHEMBL5436067,Replicase polyprotein 1ab
O=c1[nH]c(-c2cccc(F)c2F)nc2cc(O)c(O)c(O)c12,5.94692155651658,1130.0,1,CHEMBL5400454,Replicase polyprotein 1ab
O=c1[nH]c(-c2cccc(OC(F)(F)F)c2)nc2cc(O)c(O)c(O)c12,4.698970004336019,20000.0,1,CHEMBL5425895,Replicase polyprotein 1ab
O=c1[nH]c(-c2cccc([N+](=O)[O-])c2)nc2cc(O)c(O)c(O)c12,4.951985709061946,11169.0,1,CHEMBL5418540,Replicase polyprotein 1ab
O=c1[nH]c(-c2ccccc2)nc2cc(O)c(O)c(O)c12,5.862645888629267,1372.0,1,CHEMBL5397302,Replicase polyprotein 1ab
O=c1[nH]c(-c2ccccc2Br)nc2cc(O)c(O)c(O)c12,6.2564902352715706,554.0,1,CHEMBL5416294,Replicase polyprotein 1ab
O=c1[nH]c(-c2ccccc2C(F)(F)F)nc2cc(O)c(O)c(O)c12,5.829444941478791,1481.0,1,CHEMBL5408630,Replicase polyprotein 1ab
O=c1[nH]c(-c2ccccc2Cl)nc2cc(O)c(O)c(O)c12,6.361510743045363,435.0,1,CHEMBL5418940,Replicase polyprotein 1ab
O=c1[nH]c(-c2ccccc2F)nc2cc(O)c(O)c(O)c12,5.8407336689065055,1443.0,1,CHEMBL5395882,Replicase polyprotein 1ab
O=c1[nH]c(-c2ccccc2O)nc2cc(O)c(O)c(O)c12,4.737905035325936,18285.0,1,CHEMBL5405838,Replicase polyprotein 1ab
O=c1[nH]c(-c2ccccc2OC(F)(F)F)nc2cc(O)c(O)c(O)c12,5.74521031260279,1798.0,1,CHEMBL5417362,Replicase polyprotein 1ab
O=c1[nH]c(-c2ccccc2[N+](=O)[O-])nc2cc(O)c(O)c(O)c12,4.975186067370689,10588.0,1,CHEMBL5401478,Replicase polyprotein 1ab
O=c1[nH]c(-c2ccccn2)nc2cc(O)c(O)c(O)c12,4.698970004336019,20000.0,1,CHEMBL5417818,Replicase polyprotein 1ab
O=c1[nH]c(-c2cccs2)nc2cc(O)c(O)c(O)c12,4.698970004336019,20000.0,1,CHEMBL5438144,Replicase polyprotein 1ab
O=c1[nH]c(-c2ccncc2)nc2cc(O)c(O)c(O)c12,4.818442226137214,15190.0,1,CHEMBL5435180,Replicase polyprotein 1ab
O=c1[nH]c(/C=C/c2ccccc2)nc2cc(O)c(O)c(O)c12,5.541513236201793,2874.0,1,CHEMBL5405362,Replicase polyprotein 1ab
O=c1[nH]c(C2CC2)nc2cc(O)c(O)c(O)c12,5.26082336808927,5485.0,1,CHEMBL5396109,Replicase polyprotein 1ab
O=c1[nH]c(C2CCCC2)nc2cc(O)c(O)c(O)c12,6.268411234813262,539.0,1,CHEMBL5413101,Replicase polyprotein 1ab
O=c1[nH]c(C2CCCCC2)nc2cc(O)c(O)c(O)c12,5.863279432843593,1370.0,1,CHEMBL5412979,Replicase polyprotein 1ab
O=c1[nH]c(Cc2ccccc2)nc2cc(O)c(O)c(O)c12,6.485452247339714,327.0,1,CHEMBL5416685,Replicase polyprotein 1ab
O=c1[nH]cc(-c2cc(-c3cc(Cl)c(F)c(OCc4ccccc4Cl)c3)c(=O)n(-c3cccnc3)c2)c(=O)[nH]1,7.552841968657781,28.0,1,CHEMBL4867191,Replicase polyprotein 1ab
O=c1[nH]cc(-c2cc(-c3cc(Cl)cc(COc4c(F)cccc4F)c3)c(=O)n(-c3cccnc3)c2)c(=O)[nH]1,7.443697499232712,36.0,1,CHEMBL5542616,Replicase polyprotein 1ab
O=c1[nH]cc(-c2cc(-c3cc(Cl)cc(COc4cccc(F)c4)c3)c(=O)n(-c3cccnc3)c2)c(=O)[nH]1,7.431798275933005,37.0,1,CHEMBL5561093,Replicase polyprotein 1ab
O=c1[nH]cc(-c2cc(-c3cc(Cl)cc(COc4ccccc4)c3)c(=O)n(-c3cccnc3)c2)c(=O)[nH]1,6.892790030352131,128.0,1,CHEMBL5532197,Replicase polyprotein 1ab
O=c1[nH]cc(-c2cc(-c3cc(Cl)cc(COc4ccccc4Cl)c3)c(=O)n(-c3cccnc3)c2)c(=O)[nH]1,7.7447274948966935,18.0,1,CHEMBL5567822,Replicase polyprotein 1ab
O=c1[nH]cc(-c2cc(-c3cc(Cl)cc(COc4ccccc4F)c3)c(=O)n(-c3cccnc3)c2)c(=O)[nH]1,7.619788758288394,24.0,1,CHEMBL5564566,Replicase polyprotein 1ab
O=c1[nH]cc(-c2cc(-c3cc(Cl)cc(OCCC(F)(F)F)c3)c(=O)n(-c3cccnc3)c2)c(=O)[nH]1,6.958607314841775,110.0,1,CHEMBL4863054,Replicase polyprotein 1ab
O=c1[nH]cc(-c2cc(-c3cc(Cl)cc(OCCc4ccccc4)c3)c(=O)n(-c3cccnc3)c2)c(=O)[nH]1,7.431798275933005,37.0,1,CHEMBL5555909,Replicase polyprotein 1ab
O=c1[nH]cc(-c2cc(-c3cc(Cl)cc(OCc4ccccc4Cl)c3)c(=O)n(-c3cccnc3)c2)c(=O)[nH]1,7.7447274948966935,18.0,1,CHEMBL5180524,Replicase polyprotein 1ab
O=c1[nH]cc(-c2cc(-c3cccc(Cl)c3)c(=O)n(-c3cccnc3)c2)c(=O)[nH]1,5.195179321278838,6380.0,2,CHEMBL5268256,Replicase polyprotein 1ab
O=c1[nH]cccc1-c1cn(-c2cc(Cl)cc(Cl)c2)c(=O)n(-c2cccnc2)c1=O,6.552841968657781,280.0,1,CHEMBL5434245,Replicase polyprotein 1ab
O=c1[nH]cccc1-c1cn(-c2cc(Cl)cc(OCC3CC3)c2)c(=O)n(-c2cccnc2)c1=O,7.0,100.0,1,CHEMBL5420763,Replicase polyprotein 1ab
O=c1[nH]cccc1-c1cn(-c2cc(Cl)cc(OCCC(F)(F)F)c2)c(=O)n(-c2cccnc2)c1=O,7.259637310505756,55.0,1,CHEMBL5402360,Replicase polyprotein 1ab
O=c1[nH]cccc1-c1cn(-c2cc(Cl)cc(OCc3ccccc3Cl)c2)c(=O)n(-c2cccnc2)c1=O,8.045757490560675,9.0,1,CHEMBL5428134,Replicase polyprotein 1ab
O=c1[nH]cccc1-c1cn(-c2cc(Cl)cc(OCc3nc4ccccc4n3C(F)F)c2)c(=O)n(-c2cccnc2)c1=O,7.6777807052660805,21.0,1,CHEMBL5439438,Replicase polyprotein 1ab
O=c1[nH]cccc1-c1cn(-c2cc(Cl)cc(OCc3nccn3C(F)F)c2)c(=O)n(-c2cccnc2)c1=O,7.886056647693163,13.0,1,CHEMBL5399537,Replicase polyprotein 1ab
O=c1[nH]cccc1-c1cn(-c2cc(Cl)cc(OCc3ncsc3C(F)(F)F)c2)c(=O)n(-c2cccnc2)c1=O,7.920818753952375,12.0,1,CHEMBL5406180,Replicase polyprotein 1ab
O=c1[nH]cccc1-c1cn(-c2cc(Cl)cc(OCc3scnc3C(F)(F)F)c2)c(=O)n(-c2cccnc2)c1=O,7.366531544420414,43.0,1,CHEMBL5423178,Replicase polyprotein 1ab
O=c1[nH]cccc1Cn1c(=O)nc(Nc2cc3cn(C4CCOCC4)nc3cc2Cl)n(Cc2cc(F)c(F)c(F)c2)c1=O,6.0,1000.0,1,CHEMBL5557057,Replicase polyprotein 1ab
O=c1[nH]sc2cc(F)ccc12,5.639595945270061,2293.0,1,CHEMBL1532997,Replicase polyprotein 1ab
O=c1[nH]sc2ccccc12,6.180456064458132,660.0,1,CHEMBL297304,Replicase polyprotein 1ab
O=c1c(O)c(-c2cc(O)c(O)c(O)c2)oc2cc(O)cc(O)c12,6.200659450546418,630.0,10,CHEMBL164,Replicase polyprotein 1ab
O=c1c(O)c(-c2cc(O)c(O)c(O)c2)oc2cc(OCC3CCCC3)cc(O)c12,5.610833915635467,2450.0,1,CHEMBL5562122,Replicase polyprotein 1ab
O=c1c(O)c(-c2cc(O)c(O)c(O)c2)oc2cc(OP(=O)(Oc3ccccc3)Oc3ccccc3)cc(O)c12,5.504455662453552,3130.0,1,CHEMBL5523537,Replicase polyprotein 1ab
O=c1c(O)c(-c2ccc(O)c(O)c2)oc2cc(O)c(O)c(O)c12,5.906578314837765,1240.0,1,CHEMBL413552,Replicase polyprotein 1ab
O=c1c(O)c(-c2ccc(O)c(O)c2)oc2cc(O)cc(O)c12,5.161150909262744,6900.0,1,CHEMBL50,Replicase polyprotein 1ab
O=c1c(O)c(-c2ccc(O)cc2)oc2c(O)c(O)cc(O)c12,4.481486060122113,33000.0,1,CHEMBL611029,Replicase polyprotein 1ab
O=c1c(O)cccc2cc(O)c(O)c(O)c12,5.33913452199613,4580.0,1,CHEMBL66953,Replicase polyprotein 1ab
O=c1c(OCCCO)c(-c2ccc(O)c(O)c2)oc2cc(O)cc(O)c12,5.251811972993799,5600.0,1,CHEMBL5272459,Replicase polyprotein 1ab
O=c1c(OCCO)c(-c2ccc(O)c(O)c2)oc2cc(O)cc(O)c12,5.214670164989233,6100.0,1,CHEMBL5284680,Replicase polyprotein 1ab
O=c1c(OC[C@H]2O[C@@H](O)[C@H](O)[C@@H](O)[C@H]2O)c(-c2ccc(O)c(O)c2)oc2cc(O)cc(O)c12,4.368657713516067,42790.0,1,CHEMBL5279101,Replicase polyprotein 1ab
O=c1c2c(O)c(O)c(O)cc2nc(-c2ccccc2)n1-c1ccc(-c2ccccc2)cc1,5.830913642512977,1476.0,1,CHEMBL5419145,Replicase polyprotein 1ab
O=c1c2c(O)c(O)c(O)cc2nc(-c2ccccc2)n1-c1ccc(Br)cc1F,6.684029654543083,207.0,1,CHEMBL5425241,Replicase polyprotein 1ab
O=c1c2c(O)c(O)c(O)cc2nc(-c2ccccc2)n1-c1ccc(O)cc1,6.567030709125595,271.0,1,CHEMBL5418627,Replicase polyprotein 1ab
O=c1c2c(O)c(O)c(O)cc2nc(-c2ccccc2)n1-c1cccc(F)c1,6.627087997029894,236.0,1,CHEMBL5439575,Replicase polyprotein 1ab
O=c1c2c(O)c(O)c(O)cc2nc(-c2ccccc2)n1-c1ccccc1,7.080921907623926,83.0,1,CHEMBL5426124,Replicase polyprotein 1ab
O=c1c2c(O)c(O)c(O)cc2nc(-c2ccccc2)n1-c1ccccc1F,6.688246138944246,205.0,1,CHEMBL5400303,Replicase polyprotein 1ab
O=c1c2c(O)c(O)c(O)cc2nc(-c2ccccc2)n1-c1cccnc1,6.673664139071248,212.0,1,CHEMBL5423618,Replicase polyprotein 1ab
O=c1c2c(O)c(O)c(O)cc2nc(-c2ccccc2)n1-c1cn[nH]c1,6.4089353929735005,390.0,1,CHEMBL5398166,Replicase polyprotein 1ab
O=c1c2c(O)c(O)c(O)cc2nc(-c2ccccc2)n1C1CC1,6.5376020021010435,290.0,1,CHEMBL5429980,Replicase polyprotein 1ab
O=c1c2c(O)c(O)c(O)cc2nc(-c2ccccc2)n1C1CCCC1,6.906578314837765,124.0,1,CHEMBL5406114,Replicase polyprotein 1ab
O=c1c2c(O)c(O)c(O)cc2nc(-c2ccccc2)n1C1CCCCC1,6.562249437179612,274.0,1,CHEMBL5425758,Replicase polyprotein 1ab
O=c1c2c(O)c(O)c(O)cc2nc(-c2ccccc2)n1CCO,5.864867348623225,1365.0,1,CHEMBL5418919,Replicase polyprotein 1ab
O=c1c2c(O)c(O)c(O)cc2nc(Cc2ccccc2)n1-c1ccccc1,6.882728704344236,131.0,1,CHEMBL5422331,Replicase polyprotein 1ab
O=c1c2cc(Br)ccc2sn1-c1ccccc1,7.522878745280337,30.0,2,CHEMBL1716371,Replicase polyprotein 1ab
O=c1c2ccc(F)cc2sn1CCCc1ccccc1,6.267686672528757,539.9,1,CHEMBL5198161,Replicase polyprotein 1ab
O=c1c2cccc(-c3ccccc3)c2sn1-c1ccccc1,4.0,100000.0,1,CHEMBL5563260,Replicase polyprotein 1ab
O=c1c2cccc(Br)c2sn1-c1ccccc1,4.0,100000.0,1,CHEMBL5561343,Replicase polyprotein 1ab
O=c1c2ccccc2[se]n1-c1c(F)cccc1F,5.679926454812109,2089.65,2,CHEMBL5077179,Replicase polyprotein 1ab
O=c1c2ccccc2[se]n1-c1cc(Cl)cc(Cl)c1,6.193911654337597,639.865,2,CHEMBL5071765,Replicase polyprotein 1ab
O=c1c2ccccc2[se]n1-c1cc(Cl)ccc1F,7.8170150329964185,15.24,3,CHEMBL5193976,Replicase polyprotein 1ab
O=c1c2ccccc2[se]n1-c1ccc(Br)cc1,5.556760370740626,2774.855,2,CHEMBL5088374,Replicase polyprotein 1ab
O=c1c2ccccc2[se]n1-c1ccc(C(F)(F)F)cc1,6.049878720793501,891.54,2,CHEMBL5078831,Replicase polyprotein 1ab
O=c1c2ccccc2[se]n1-c1ccc(F)cc1,5.555977857313813,2779.855,2,CHEMBL3964347,Replicase polyprotein 1ab
O=c1c2ccccc2[se]n1-c1ccc(NS(=O)(=O)C2CC2)cc1,6.277366077466188,528.0,1,CHEMBL5418023,Replicase polyprotein 1ab
O=c1c2ccccc2[se]n1-c1ccc([N+](=O)[O-])cc1,7.06932241990337,143.975,4,CHEMBL5195364,Replicase polyprotein 1ab
O=c1c2ccccc2[se]n1-c1cccc(C(F)(F)F)c1,5.557520230935552,2770.0,3,CHEMBL5092396,Replicase polyprotein 1ab
O=c1c2ccccc2[se]n1-c1cccc(Cl)c1,6.167245339087412,680.385,2,CHEMBL5089153,Replicase polyprotein 1ab
O=c1c2ccccc2[se]n1-c1cccc([N+](=O)[O-])c1,6.823908740944319,150.0,1,CHEMBL5283181,Replicase polyprotein 1ab
O=c1c2ccccc2[se]n1-c1ccccc1,6.173925197299173,670.0,28,CHEMBL51085,Replicase polyprotein 1ab
O=c1c2ccccc2[se]n1-c1ccccc1Br,6.7457960849582985,640.345,2,CHEMBL5194538,Replicase polyprotein 1ab
O=c1c2ccccc2[se]n1-c1ccccc1O,6.623438377659143,238.0,2,CHEMBL3922662,Replicase polyprotein 1ab
O=c1c2ccccc2[se]n1-c1ncccc1O,6.771514251379088,313.775,2,CHEMBL5199343,Replicase polyprotein 1ab
O=c1c2ccccc2[se]n1C1CCN(S(=O)(=O)C2CC2)CC1,6.448550002027125,356.0,1,CHEMBL5394951,Replicase polyprotein 1ab
O=c1c2ccccc2[se]n1C1CCN(S(=O)(=O)c2cccnc2)CC1,6.5718652059712115,268.0,1,CHEMBL5398922,Replicase polyprotein 1ab
O=c1c2ccccc2[se]n1CCN1CCOCC1,6.619788758288394,240.0,1,CHEMBL4779667,Replicase polyprotein 1ab
O=c1c2ccccc2[se]n1CCO,6.187086643357144,650.0,1,CHEMBL4783878,Replicase polyprotein 1ab
O=c1c2ccccc2[se]n1Cc1ccc(Cl)cc1,6.084072788302884,824.0,1,CHEMBL5273811,Replicase polyprotein 1ab
O=c1c2ccccc2[se]n1Cc1ccc(F)cc1,6.0,1000.0,2,CHEMBL5084065,Replicase polyprotein 1ab
O=c1c2ccccc2[se]n1Cc1ccccc1,6.438898616350944,364.0,1,CHEMBL3920474,Replicase polyprotein 1ab
O=c1c2ccccc2[se]n1Cc1cccnc1,6.338187314462739,459.0,1,CHEMBL5403838,Replicase polyprotein 1ab
O=c1c2ccccc2[se]n1Cc1ccco1,7.130768280269024,74.0,3,CHEMBL5266355,Replicase polyprotein 1ab
O=c1c2ccccc2[se]n1Cc1ccncc1,6.542118103266008,287.0,1,CHEMBL5411764,Replicase polyprotein 1ab
O=c1c2ccccc2sn1-c1ccc(Cl)cc1,6.4089353929735005,390.0,1,CHEMBL98386,Replicase polyprotein 1ab
O=c1c2ccccc2sn1-c1ccccc1,6.886056647693163,130.0,3,CHEMBL45152,Replicase polyprotein 1ab
O=c1c2ccccc2sn1-c1ccccn1,6.657577319177793,220.0,1,CHEMBL45151,Replicase polyprotein 1ab
O=c1c2ccccc2sn1CC1CCCCC1,6.0,1000.0,2,CHEMBL5291321,Replicase polyprotein 1ab
O=c1c2ccccc2sn1CCCCc1ccccc1,6.3872161432802645,410.0,1,CHEMBL5277713,Replicase polyprotein 1ab
O=c1c2ccccc2sn1CCO,6.3872161432802645,410.0,1,CHEMBL45016,Replicase polyprotein 1ab
O=c1c2ccccc2sn1Cc1ccccc1,6.721246399047171,190.0,3,CHEMBL99313,Replicase polyprotein 1ab
O=c1c2ccccc2sn1Cc1ccco1,6.958607314841775,110.0,4,CHEMBL5179454,Replicase polyprotein 1ab
O=c1c2cnccc2sn1-c1ccccc1,6.318758762624412,480.0,1,CHEMBL5556021,Replicase polyprotein 1ab
O=c1cc(-c2ccc(O)c(O)c2)oc2cc(O)cc(O)c12,5.337242168318426,4600.0,1,CHEMBL151,Replicase polyprotein 1ab
O=c1cc(-c2ccc(O)cc2)oc2cc(O)c(O)c(O)c12,5.236572006437063,5800.0,1,CHEMBL55415,Replicase polyprotein 1ab
O=c1cc(-c2ccc(O)cc2)oc2cc(O)cc(O)c12,5.519993057042849,3020.0,1,CHEMBL28,Replicase polyprotein 1ab
O=c1cc(-c2ccccc2)oc2cc(O)c(O)c(O)c12,6.026872146400302,940.0,25,CHEMBL8260,Replicase polyprotein 1ab
O=c1cc(/C=C/c2ccc(O)c(O)c2)oc2cccc(O)c12,5.154901959985743,7000.0,1,CHEMBL228623,Replicase polyprotein 1ab
O=c1cc(CCc2ccc(O)c(O)c2)oc2cccc(O)c12,5.236572006437063,5800.0,1,CHEMBL5284676,Replicase polyprotein 1ab
O=c1cc(Cc2ccc(O)c(O)c2)oc2cccc(O)c12,5.070581074285707,8500.0,1,CHEMBL5281399,Replicase polyprotein 1ab
O=c1ccc(-c2cn(-c3cc(Cl)cc(Cl)c3)c(=O)n(-c3cccnc3)c2=O)c[nH]1,5.798602875679548,1590.0,1,CHEMBL5404766,Replicase polyprotein 1ab
O=c1nc(/C=C/c2cccc(-c3ccc(O)c(O)c3)c2)cc(C(F)(F)F)[nH]1,5.3979400086720375,4000.0,1,CHEMBL6166397,Replicase polyprotein 1ab
O=c1nc2n(CCO)c3ccccc3nc-2c(=O)n1-c1ccccc1,6.443697499232712,360.0,1,CHEMBL6141942,Replicase polyprotein 1ab
O=c1sn(-c2cccc3ccccc23)c(=O)n1Cc1ccccc1,6.173925197299173,670.0,9,CHEMBL3545157,Replicase polyprotein 1ab
OC1CCN(C(=S)SSC(=S)N2CCC(O)CC2)CC1,6.036212172654444,920.0,3,CHEMBL6164714,Replicase polyprotein 1ab
OC1CCN(C(=S)SSCc2ccccc2)CC1,6.481486060122113,330.0,3,CHEMBL6143096,Replicase polyprotein 1ab
OC1CCN(C(=S)SSc2ccc(C(F)(F)F)cc2)CC1,6.853871964321762,140.0,3,CHEMBL6150829,Replicase polyprotein 1ab
OC1CCN(C(=S)SSc2ccc(F)cc2)CC1,6.721246399047171,190.0,3,CHEMBL6146870,Replicase polyprotein 1ab
OC1CCN(C(=S)SSc2ccccc2)CC1,4.0,100000.0,3,CHEMBL6165296,Replicase polyprotein 1ab
OCC1Cc2c(-c3cc(-c4ccccc4)ccn3)cccc2-c2c(O)ccc(-c3ccc(Br)cc3)c21,5.809668301829708,1550.0,3,CHEMBL5175405,Replicase polyprotein 1ab
OCC1Cc2c(-c3ccc(Cl)cn3)cccc2-c2c(O)ccc(-c3ccc(Br)cc3)c21,5.153101802338773,7600.0,2,CHEMBL5201244,Replicase polyprotein 1ab
OCC1Cc2c(-c3ccc(F)cn3)cccc2-c2c(O)ccc(-c3ccc(Br)cc3)c21,5.268411234813262,5390.0,1,CHEMBL5177159,Replicase polyprotein 1ab
OCCN(CCO)c1nc(N2CCCCC2)c2nc(N(CCO)CCO)nc(N3CCCCC3)c2n1,6.221848749616356,600.0,1,CHEMBL932,Replicase polyprotein 1ab
OCCc1ccc(O)cc1,5.175223537524454,6680.0,1,CHEMBL53566,Replicase polyprotein 1ab
OC[C@@H](Nc1ncnc2[nH]c(I)cc12)c1ccccc1,3.905266906246218,124375.0,1,CHEMBL5441934,Replicase polyprotein 1ab
OC[C@@]1(Cc2ccc(F)cc2)CCN(c2ncnc3[nH]ccc23)C1,4.002176919254275,99500.0,1,CHEMBL5441494,Replicase polyprotein 1ab
O[C@@H]1CCCC[C@@H]1Nc1ncnc2[nH]ccc12,4.011480496767307,97413.5,2,CHEMBL5441773,Replicase polyprotein 1ab
O[C@H]1CCCC[C@@H]1Nc1ncnc2[nH]ccc12,4.222970485879531,60026.5,2,CHEMBL5442074,Replicase polyprotein 1ab
O[C@H]1C[C@](CNc2ncnc3[nH]ccc23)(c2ccccc2)C1,3.905266906246218,124375.0,1,CHEMBL5309692,Replicase polyprotein 1ab
Oc1c(Cl)cc(Cl)c2cccnc12,5.140261433802853,7240.0,1,CHEMBL1200596,Replicase polyprotein 1ab
Oc1c(I)cc(I)c(O)c1I,6.481486060122113,330.0,1,CHEMBL4303312,Replicase polyprotein 1ab
Oc1cc(CCCc2ccc(F)cc2)cc(O)c1O,5.619788758288394,2400.0,1,CHEMBL6120570,Replicase polyprotein 1ab
Oc1cc(CNC(=S)/C=C/c2cc(O)c(O)c(Br)c2)cc(O)c1O,6.318758762624412,480.0,1,CHEMBL4303361,Replicase polyprotein 1ab
Oc1cc2c(cc1C(c1ccc(C(F)(F)F)cc1)N1CCOCC1)OCO2,6.267606240177032,540.0,1,CHEMBL3797437,Replicase polyprotein 1ab
Oc1cc2c(cc1O)C(c1ccccc1)CNCC2,5.552841968657781,2800.0,1,CHEMBL286080,Replicase polyprotein 1ab
Oc1cc2c(cc1O)[C@@H]1c3ccc(O)c(O)c3OC[C@]1(O)C2,6.657577319177793,220.0,1,CHEMBL477197,Replicase polyprotein 1ab
Oc1ccc(SSC(=S)N2CCC(O)CC2)cc1,5.112945621949043,7710.0,3,CHEMBL6149815,Replicase polyprotein 1ab
Oc1ccc2ccccc2c1SSc1c(O)ccc2ccccc12,5.628932137728264,2350.0,3,CHEMBL472940,Replicase polyprotein 1ab
Oc1ccccc1-c1ncnc2[nH]ccc12,4.920818753952375,12000.0,1,CHEMBL5407297,Replicase polyprotein 1ab
Oc1nc(/C=C/c2ccc(Cl)cc2Cl)cc(C(F)(F)F)n1,5.045757490560675,9000.0,1,CHEMBL1308276,Replicase polyprotein 1ab
Oc1ncnc2[nH]ncc12,5.423658649794207,3770.0,1,CHEMBL1467,Replicase polyprotein 1ab
S=C(NCc1cccnc1)OCc1ccccc1,4.0,100000.0,4,CHEMBL5394457,Replicase polyprotein 1ab
S=C(NCc1cccnc1)SCc1ccccc1,7.638272163982407,23.0,5,CHEMBL5434729,Replicase polyprotein 1ab
S=C(SSC(=S)N1CCCC1)N1CCCC1,5.872895201635193,1340.0,3,CHEMBL583959,Replicase polyprotein 1ab
S=C(SSC(=S)N1CCCCC1)N1CCCCC1,5.8297382846050425,1480.0,3,CHEMBL121516,Replicase polyprotein 1ab
S=C(SSC(=S)N1CCOCC1)N1CCOCC1,5.654167561592072,2625.0,4,CHEMBL121556,Replicase polyprotein 1ab
S=C(SSc1ccccc1)N1CCCC1,6.3979400086720375,400.0,3,CHEMBL6169226,Replicase polyprotein 1ab
S=C(SSc1ccccc1)N1CCCCC1,5.6020599913279625,2500.0,3,CHEMBL6161221,Replicase polyprotein 1ab
S=C(SSc1ccccc1)N1CCOCC1,5.761953896871205,1730.0,3,CHEMBL3248487,Replicase polyprotein 1ab
S=C([S-])NCc1cccnc1.[K+],7.522878745280337,30.0,5,CHEMBL5436771,Replicase polyprotein 1ab
Sc1nc2ccccc2s1,5.7594507517174005,1740.0,1,CHEMBL111654,Replicase polyprotein 1ab
Sc1nnc(Nc2ccccc2)s1,6.4089353929735005,390.0,1,CHEMBL289356,Replicase polyprotein 1ab
Sc1nnnn1-c1ccccc1,5.627087997029894,2360.0,1,CHEMBL226652,Replicase polyprotein 1ab
[2H]C([2H])(OC(=O)N[C@@H](CC(C)C)C(=O)N[C@@H](C[C@@H]1CCNC1=O)C(O)S(=O)(=O)[O-])C(C)(C)Oc1ccc(Cl)cc1.[Na+],6.769551078621726,170.0,1,CHEMBL5404972,Replicase polyprotein 1ab
[2H]C([2H])(OC(=O)N[C@@H](CC(C)C)C(=O)N[C@@H](C[C@@H]1CCNC1=O)C(O)S(=O)(=O)[O-])C(C)(C)Oc1cccc(Cl)c1.[Na+],6.552841968657781,280.0,1,CHEMBL5421859,Replicase polyprotein 1ab
[2H]C([2H])(OC(=O)N[C@@H](CC(C)C)C(=O)N[C@@H](C[C@@H]1CCNC1=O)C(O)S(=O)(=O)[O-])C(C)(C)Sc1ccccc1.[Na+],6.508638306165727,310.0,1,CHEMBL5440163,Replicase polyprotein 1ab
[2H]C([2H])(OC(=O)N[C@@H](CC(C)C)C(=O)N[C@@H](C[C@H]1CCNC1=O)C(=O)C(O)S(=O)(=O)[O-])C1CN(C(=O)OC(C)(C)C)C1.[Na+],6.468521082957745,340.0,1,CHEMBL5191530,Replicase polyprotein 1ab
[2H]C([2H])(OC(=O)N[C@@H](CC(C)C)C(=O)N[C@@H](C[C@H]1CCNC1=O)C(O)S(=O)(=O)[O-])C12CC3CC(CC(C3)C1)C2.[Na+],6.568636235841013,270.0,1,CHEMBL5220471,Replicase polyprotein 1ab
[2H]C([2H])(OC(=O)N[C@@H](CC(C)C)C(=O)N[C@@H](C[C@H]1CCNC1=O)C(O)S(=O)(=O)[O-])C12CC3CC(CC(O)(C3)C1)C2.[Na+],6.107905397309519,780.0,1,CHEMBL5220641,Replicase polyprotein 1ab
[2H]C([2H])(OC(=O)N[C@@H](CC(C)C)C(=O)N[C@@H](C[C@H]1CCNC1=O)C(O)S(=O)(=O)[O-])C12CCC(CCCCC)(CC1)CC2.[Na+],6.508638306165727,310.0,1,CHEMBL5219054,Replicase polyprotein 1ab
[2H]C([2H])(OC(=O)N[C@@H](CC(C)C)C(=O)N[C@@H](C[C@H]1CCNC1=O)C(O)S(=O)(=O)[O-])C1CC2C=CCC(C2)C1.[Na+],6.522878745280337,300.0,1,CHEMBL5220285,Replicase polyprotein 1ab
[2H]C([2H])(OC(=O)N[C@@H](CC(C)C)C(=O)N[C@@H](C[C@H]1CCNC1=O)C(O)S(=O)(=O)[O-])C1CC2CCCC(C2)C1.[Na+],6.5376020021010435,290.0,1,CHEMBL5219492,Replicase polyprotein 1ab
[2H]C([2H])(OC(=O)N[C@@H](CC(C)C)C(=O)N[C@H](C=O)C[C@@H]1CCNC1=O)C(C)(C)Oc1ccc(Cl)cc1,6.769551078621726,170.0,1,CHEMBL5402510,Replicase polyprotein 1ab
[2H]C([2H])(OC(=O)N[C@@H](CC(C)C)C(=O)N[C@H](C=O)C[C@@H]1CCNC1=O)C(C)(C)Oc1cccc(Cl)c1,6.522878745280337,300.0,1,CHEMBL5436896,Replicase polyprotein 1ab
[2H]C([2H])(OC(=O)N[C@@H](CC(C)C)C(=O)N[C@H](C=O)C[C@@H]1CCNC1=O)C(C)(C)Sc1ccccc1,6.698970004336019,200.0,1,CHEMBL5433349,Replicase polyprotein 1ab
[2H]C([2H])(OC(=O)N[C@@H](CC(C)C)C(=O)N[C@H](C=O)C[C@H]1CCNC1=O)C12CC3CC(CC(C3)C1)C2,6.5376020021010435,290.0,1,CHEMBL5220574,Replicase polyprotein 1ab
[2H]C([2H])(OC(=O)N[C@@H](CC(C)C)C(=O)N[C@H](C=O)C[C@H]1CCNC1=O)C12CC3CC(CC(O)(C3)C1)C2,6.130768280269024,740.0,1,CHEMBL5218884,Replicase polyprotein 1ab
[2H]C([2H])(OC(=O)N[C@@H](CC(C)C)C(=O)N[C@H](C=O)C[C@H]1CCNC1=O)C12CCC(CCCCC)(CC1)CC2,6.508638306165727,310.0,1,CHEMBL5219870,Replicase polyprotein 1ab
[2H]C([2H])(OC(=O)N[C@@H](CC(C)C)C(=O)N[C@H](C=O)C[C@H]1CCNC1=O)C1CC2C=CCC(C2)C1,6.552841968657781,280.0,1,CHEMBL5220572,Replicase polyprotein 1ab
[2H]C([2H])(OC(=O)N[C@@H](CC(C)C)C(=O)N[C@H](C=O)C[C@H]1CCNC1=O)C1CC2CCCC(C2)C1,6.5376020021010435,290.0,1,CHEMBL5219917,Replicase polyprotein 1ab
[2H]C([2H])(OC(=O)N[C@@H](CC(C)C)C(=O)N[C@H](C=O)C[C@H]1CCNC1=O)C1CN(C(=O)OC(C)(C)C)C1,6.481486060122113,330.0,1,CHEMBL5169770,Replicase polyprotein 1ab
[2H]C([2H])(OC(=O)N[C@H](CC(C)C)C(=O)N[C@H](C[C@@H]1CCNC1=O)C(O)S(=O)(=O)[O-])c1ccccc1.[Na+],6.7447274948966935,180.0,1,CHEMBL5430984,Replicase polyprotein 1ab
[2H]C([2H])([2H])C(=O)N[C@H](C(=O)N1[C@@H]2CC[C@@H](C2)[C@H]1C(=O)N[C@@H](C[C@@H]1CCNC1=O)C(=O)c1nc2ccccc2s1)C(C)(C)C,6.278189384787454,527.0,1,CHEMBL5630058,Replicase polyprotein 1ab
[2H][C@](C(=O)N[C@@H](C)c1ccc(F)cc1)(c1ccccc1)N(C(=O)C(C)=O)c1ccc2c(c1)oc1ccccc12,8.096910013008056,8.0,1,CHEMBL5633810,Replicase polyprotein 1ab
[2H][C@](C(=O)N[C@@H](C)c1ccc(F)cc1)(c1cccnc1)N(C(=O)C(C)=O)c1ccc2c(c1)oc1ccccc12,8.09151498112135,8.1,5,CHEMBL5173274,Replicase polyprotein 1ab
[O-][S+](CC1CC1)c1nnc(-c2ccc(Cl)cc2)o1,5.913640169325252,1220.0,1,CHEMBL5640018,Replicase polyprotein 1ab
[O-][S+](Cc1ccc2cnccc2c1)c1nnc(-c2ccc(Cl)cc2)o1,6.443697499232712,360.0,1,CHEMBL5646404,Replicase polyprotein 1ab
[O-][S+](Cc1ccccc1)c1nnc(-c2ccc(Cl)cc2)o1,6.494850021680094,320.0,1,CHEMBL5639888,Replicase polyprotein 1ab
[O-][S+](Cc1ccccn1)c1nnc(-c2ccc(Cl)cc2)o1,6.886056647693163,130.0,1,CHEMBL5639784,Replicase polyprotein 1ab
[O-][S+](Cc1cccnc1)c1nnc(-c2ccc(Br)cc2)o1,7.346787486224656,45.0,5,CHEMBL5639226,Replicase polyprotein 1ab
[O-][S+](Cc1cccnc1)c1nnc(-c2ccc(C(F)(F)F)cc2)o1,7.0655015487564325,86.0,1,CHEMBL5646656,Replicase polyprotein 1ab
[O-][S+](Cc1cccnc1)c1nnc(-c2ccc(Cl)cc2)o1,7.045757490560675,90.0,1,CHEMBL5642474,Replicase polyprotein 1ab
[O-][S+](Cc1cccnc1)c1nnc(-c2ccc(F)cc2)o1,6.769551078621726,170.0,1,CHEMBL5639557,Replicase polyprotein 1ab
[O-][S+](Cc1cccnc1)c1nnc(-c2ccc(OC(F)F)cc2)o1,6.698970004336019,200.0,1,CHEMBL5647199,Replicase polyprotein 1ab
[O-][S+](Cc1cccnc1)c1nnc(-c2cccc(Br)c2)o1,7.259637310505756,55.0,1,CHEMBL5639684,Replicase polyprotein 1ab
[O-][S+](Cc1cccnc1)c1nnc(-c2ccccc2)o1,6.3979400086720375,400.0,1,CHEMBL5647679,Replicase polyprotein 1ab
[O-][S+](Cc1cccnc1)c1nnc(-c2ccccc2Br)o1,7.187086643357144,65.0,1,CHEMBL5646373,Replicase polyprotein 1ab
[O-][S+](Cc1ccncc1)c1nnc(-c2ccc(Cl)cc2)o1,6.0,1000.0,1,CHEMBL5639974,Replicase polyprotein 1ab
[O-][S+](Cc1cscn1)c1nnc(-c2ccc(Cl)cc2)o1,6.769551078621726,170.0,1,CHEMBL5646556,Replicase polyprotein 1ab
[O-][S+](Cc1ncccn1)c1nnc(-c2ccc(Cl)cc2)o1,6.958607314841775,110.0,1,CHEMBL5641848,Replicase polyprotein 1ab
[O-][S+](c1ccccc1)c1ccc2nnnn2n1,5.950781977329818,1120.0,1,CHEMBL271023,Replicase polyprotein 1ab
[O-][S+](c1ccccc1)c1nnc(-c2ccc(Cl)cc2)o1,6.236572006437063,580.0,1,CHEMBL5646842,Replicase polyprotein 1ab
[O-][S+](c1nnc(-c2ccc(Cl)cc2)o1)C1CCOC1,5.6439741428068775,2270.0,1,CHEMBL5641652,Replicase polyprotein 1ab
[O-][S+](c1nnc(-c2ccc(Cl)cc2)o1)C1COC1,6.301029995663981,500.0,1,CHEMBL5641641,Replicase polyprotein 1ab
[O-][n+]1ccccc1S,7.301029995663981,50.0,1,CHEMBL1356238,Replicase polyprotein 1ab
[O-][n+]1ccccc1[S-].[O-][n+]1ccccc1[S-].[Zn+2],5.609064892896621,2460.0,1,CHEMBL1200471,Replicase polyprotein 1ab
c1cc(-c2nnc(Sc3ncnc4[nH]ccc34)[nH]2)ccn1,3.905266906246218,124375.0,1,CHEMBL5442071,Replicase polyprotein 1ab
c1ccc(-c2cc(CNc3ncnc4[nH]ccc34)on2)cc1,3.905266906246218,124375.0,1,CHEMBL5441898,Replicase polyprotein 1ab
c1ccc(-c2n/c(=N\C3CC3)sn2-c2ccccc2)cc1,6.844663962534939,143.0,1,CHEMBL5435359,Replicase polyprotein 1ab
c1ccc2c(N[C@@H](c3ccc4c(c3)OCCO4)C3CC3)ncnc2c1,4.002176919254275,99500.0,2,CHEMBL5442150,Replicase polyprotein 1ab
c1ccc2c(c1)OCC[C@@H]2Nc1ncnc2[nH]ccc12,4.002176919254275,99500.0,2,CHEMBL5442096,Replicase polyprotein 1ab
c1ccc2sc(SNC3CCCCC3)nc2c1,6.113509274827518,770.0,1,CHEMBL1591074,Replicase polyprotein 1ab
c1ccc2sc(SSc3nc4ccccc4s3)nc2c1,6.795880017344075,160.0,1,CHEMBL508112,Replicase polyprotein 1ab
c1nc(-c2ccc3c(c2)OCO3)c2cc[nH]c2n1,4.002176919254275,99500.0,1,CHEMBL2004515,Replicase polyprotein 1ab
c1nc(N2CCC[C@@H](Nc3ccc4c(c3)OCCO4)C2)c2cc[nH]c2n1,4.002176919254275,99500.0,1,CHEMBL5442063,Replicase polyprotein 1ab
c1nc(N2CCC[C@@H]2c2ccc3c(c2)OCCO3)c2cc[nH]c2n1,4.002176919254275,99500.0,2,CHEMBL5441833,Replicase polyprotein 1ab
c1nc(NCc2ccc3c(c2)OCCO3)c2cc[nH]c2n1,4.061407427617231,87080.0,2,CHEMBL5441876,Replicase polyprotein 1ab
c1nc(N[C@@H](C2CC2)[C@@H]2CCCOC2)c2cc[nH]c2n1,4.002176919254275,99500.0,2,CHEMBL5441940,Replicase polyprotein 1ab
c1nc(N[C@@H](c2ccc3c(c2)OCCO3)C2CC2)c2cn[nH]c2n1,4.7270960286081785,18777.0,2,CHEMBL5441828,Replicase polyprotein 1ab
c1nc(N[C@@H](c2ccc3c(c2)OCCO3)C2CCC2)c2cc[nH]c2n1,5.234975031564535,5859.0,2,CHEMBL5441635,Replicase polyprotein 1ab
c1nc(N[C@@H](c2ccc3c(c2)OCCO3)C2CCCC2)c2cc[nH]c2n1,5.649466972614004,2241.5,2,CHEMBL5442149,Replicase polyprotein 1ab
c1nc(N[C@@H](c2ccc3c(c2)OCCO3)C2CNC2)c2cc[nH]c2n1,4.002176919254275,99500.0,1,CHEMBL5442052,Replicase polyprotein 1ab
c1nc(N[C@@H](c2ccc3c(c2)OCCO3)[C@@H]2CCN2)c2cc[nH]c2n1,4.002176919254275,99500.0,1,CHEMBL5442128,Replicase polyprotein 1ab
c1nc(Nc2ccc3c(c2)OCO3)c2cc[nH]c2n1,4.002176919254275,99500.0,2,CHEMBL5441501,Replicase polyprotein 1ab
