model,test_idx,smiles,y_true,pred,std,max_sim,abs_err
rf,14,CC(=O)N[C@@H]1CCN(C(=O)c2nc(NCc3cncc(F)c3)nc3ccsc23)C1,6.301030158996582,6.576601437047022,0.4580279749854115,0.6901408450704225,0.2755712780504398
rf,16,CC(=O)N[C@@H]1CCN(C(=O)c2nc(N[C@@H](C)c3cccnc3)nc3ccsc23)C1,6.301030158996582,6.7635436539456055,0.49732332450884187,0.704225352112676,0.4625134949490235
rf,17,CC(=O)N[C@@H]1CCN(C(=O)c2nc(N[C@@H](C)c3cncc(F)c3)nc3cc(C)sc23)C1,6.301030158996582,6.974235910232548,0.5789865268445985,0.7671232876712328,0.6732057512359662
rf,18,CC(=O)N[C@@H]1CCN(C(=O)c2nc(N[C@@H](C)c3cncc(F)c3)nc3ccsc23)C1,6.301030158996582,6.967895025851592,0.5890381510296832,0.7671232876712328,0.6668648668550103
rf,19,CC(=O)N[C@H]1CCN(C(=O)c2nc(NCc3cncc(F)c3)nc3ccsc23)C1,6.301030158996582,6.576601437047022,0.4580279749854115,0.6901408450704225,0.2755712780504398
rf,21,CC(=O)N[C@H]1CCN(C(=O)c2nc(N[C@@H](C)c3cccnc3)nc3ccsc23)C1,6.301030158996582,6.7635436539456055,0.49732332450884187,0.704225352112676,0.4625134949490235
rf,22,CC(=O)N[C@H]1CCN(C(=O)c2nc(N[C@@H](C)c3cncc(F)c3)nc3cc(C)sc23)C1,6.301030158996582,6.974235910232548,0.5789865268445985,0.7671232876712328,0.6732057512359662
rf,23,CC(=O)N[C@H]1CCN(C(=O)c2nc(N[C@@H](C)c3cncc(F)c3)nc3ccsc23)C1,6.522878646850586,6.967895025851592,0.5890381510296832,0.7671232876712328,0.44501637900100643
rf,37,CC(C)(C)C(=O)N[C@H]1CCN(C(=O)c2nc(NCc3cncc(F)c3)nc3ccsc23)C1,7.12493896484375,6.579031753108155,0.4744844997065919,0.6621621621621622,0.545907211735595
rf,44,CC(C)(C)OC(=O)N[C@@H]1CCN(C(=O)c2nc(NCc3cncc(F)c3)nc3ccsc23)C1,6.522878646850586,6.549269006013624,0.35717542948950287,0.717948717948718,0.026390359163038113
rf,45,CC(C)(C)OC(=O)N[C@H]1CCN(C(=O)c2nc(NCc3cncc(F)c3)nc3ccsc23)C1,6.522878646850586,6.549269006013624,0.35717542948950287,0.717948717948718,0.026390359163038113
rf,50,CC(C)(Nc1nc(C(=O)N2CCCC2)c2sccc2n1)c1cccnc1,6.301030158996582,6.18984387051048,0.8087133010939768,0.5797101449275363,0.11118628848610168
rf,86,CC(Nc1nc(C(=O)N2CCCC2)c2sccc2n1)c1cccnc1,5.629487037658691,6.418917066414943,0.12679813736336468,0.847457627118644,0.7894300287562519
rf,87,CC(Nc1nc(C(=O)N2CC[C@@H](F)C2)c2sccc2n1)c1cccnc1,6.522878646850586,6.426879864905832,0.25853267158514265,0.746268656716418,0.09599878194475409
rf,117,CCC(Nc1nc(C(=O)N2CCCC2)c2sccc2n1)c1cccnc1,6.522878646850586,6.390386601694948,0.12464903844750878,0.7213114754098361,0.1324920451556375
rf,118,CCC(Nc1nc(C(=O)N2CC[C@@H](OC)C2)c2sccc2n1)c1cccnc1,7.12493896484375,6.476409411011775,0.4083190964536534,0.6285714285714286,0.6485295538319749
rf,210,CCNC(=O)C1CCN(C(=O)c2nc(N[C@@H](C)c3cncc(F)c3)nc3ccsc23)C1,6.522878646850586,7.018037253338965,0.7083484214524214,0.782051282051282,0.4951586064883795
rf,258,CCc1cc2nc(N[C@@H](C)c3cccnc3)nc(C(=O)N3CCCC3)c2s1,6.301030158996582,6.2784115698810545,0.4332706485386189,0.6285714285714286,0.0226185891155275
rf,311,CN[C@@H]1CCN(C(=O)c2nc(N[C@@H](C)c3cncc(F)c3)nc3cc(C)sc23)C1,6.301030158996582,6.909476045488587,0.5893526793192607,0.7746478873239436,0.6084458864920048
rf,312,CN[C@H]1CCN(C(=O)c2nc(N[C@@H](C)c3cncc(F)c3)nc3cc(C)sc23)C1,6.301030158996582,6.909476045488587,0.5893526793192607,0.7746478873239436,0.6084458864920048
rf,323,CNc1cc2nc(N[C@@H](C)c3cccnc3)nc(C(=O)N3CCC(O)C3)c2s1,6.301030158996582,6.415158492942473,0.2632553936149709,0.6351351351351351,0.11412833394589139
rf,325,CNc1cc2nc(N[C@@H](C)c3cccnc3)nc(C(=O)N3CCCC3)c2s1,6.522878646850586,6.427575257071129,0.27804294036715277,0.6865671641791045,0.09530338977945707
rf,326,CNc1cc2nc(N[C@@H](C)c3cccnc3)nc(C(=O)N3CC[C@@H](F)C3)c2s1,6.522878646850586,6.435980662934878,0.33986008537696094,0.5714285714285714,0.08689798391570758
rf,327,CNc1cc2nc(N[C@@H](C)c3cccnc3)nc(C(=O)N3CC[C@H](F)C3)c2s1,6.522878646850586,6.435980662934878,0.33986008537696094,0.5714285714285714,0.08689798391570758
rf,328,CNc1cc2nc(N[C@@H](C)c3cccnc3)nc(C(=O)N3CC[C@H](O)C3)c2s1,6.301030158996582,6.415158492942473,0.2632553936149709,0.6351351351351351,0.11412833394589139
rf,331,CNc1cc2nc(N[C@@H](C)c3cncc(F)c3)nc(C(=O)N3CCCC3)c2s1,6.522878646850586,6.481678847121325,0.2865293668238789,0.6527777777777778,0.041199799729261244
rf,332,CNc1cc2nc(N[C@@H](C)c3cncc(F)c3)nc(C(=O)N3CC[C@@H](O)C3)c2s1,6.301030158996582,6.474961698094512,0.30325401020095044,0.6075949367088608,0.17393153909793035
rf,333,CNc1cc2nc(N[C@@H](C)c3cncc(F)c3)nc(C(=O)N3CC[C@H](O)C3)c2s1,6.301030158996582,6.474961698094512,0.30325401020095044,0.6075949367088608,0.17393153909793035
rf,365,COCC(Nc1nc(C(=O)N2CCCC2)c2sccc2n1)c1cccnc1,6.522878646850586,6.418259359900216,0.16165390323869547,0.7058823529411765,0.1046192869503697
rf,366,COCC(Nc1nc(C(=O)N2CC[C@H](O)C2)c2sccc2n1)c1cccnc1,6.301030158996582,6.437248986830427,0.1892024424671237,0.6944444444444444,0.13621882783384454
rf,413,CO[C@@H]1CCN(C(=O)c2nc(N[C@@H](C)c3cccnc3)nc3cc(C)sc23)C1,7.12493896484375,6.585824332995164,0.46692517993198185,0.64,0.5391146318485864
rf,414,CO[C@@H]1CCN(C(=O)c2nc(N[C@@H](C)c3cccnc3)nc3ccsc23)C1,7.323908805847168,6.477397088763557,0.3604981071988581,0.7142857142857143,0.8465117170836107
rf,415,CO[C@@H]1CCN(C(=O)c2nc(N[C@@H](C)c3cncc(Cl)c3)nc3ccsc23)C1,6.522878646850586,6.510884323853756,0.40867163917678084,0.6753246753246753,0.011994322996829787
rf,416,CO[C@@H]1CCN(C(=O)c2nc(N[C@@H](C)c3cncc(F)c3)nc3cc(C)sc23)C1,7.12493896484375,6.619245425888497,0.4969503156441889,0.7066666666666667,0.5056935389552528
rf,417,CO[C@@H]1CCN(C(=O)c2nc(N[C@@H](C)c3cncc(F)c3)nc3ccsc23)C1,6.522878646850586,6.533303574406708,0.429060381216266,0.7532467532467533,0.010424927556122121
rf,422,CO[C@H]1CCN(C(=O)c2nc(N[C@@H](C)c3cccnc3)nc3cc(C)sc23)C1,6.522878646850586,6.585824332995164,0.46692517993198185,0.64,0.06294568614457763
rf,423,CO[C@H]1CCN(C(=O)c2nc(N[C@@H](C)c3cccnc3)nc3ccsc23)C1,7.12493896484375,6.477397088763557,0.3604981071988581,0.7142857142857143,0.6475418760801928
rf,424,CO[C@H]1CCN(C(=O)c2nc(N[C@@H](C)c3cncc(Cl)c3)nc3ccsc23)C1,6.522878646850586,6.510884323853756,0.40867163917678084,0.6753246753246753,0.011994322996829787
rf,425,CO[C@H]1CCN(C(=O)c2nc(N[C@@H](C)c3cncc(F)c3)nc3cc(C)sc23)C1,6.522878646850586,6.619245425888497,0.4969503156441889,0.7066666666666667,0.09636677903791124
rf,426,CO[C@H]1CCN(C(=O)c2nc(N[C@@H](C)c3cncc(F)c3)nc3ccsc23)C1,6.522878646850586,6.533303574406708,0.429060381216266,0.7532467532467533,0.010424927556122121
rf,589,COc1ccc(CNc2nc(C(=O)N3CCCC3)c3sccc3n2)cn1,7.12493896484375,6.592344764348695,0.48615718858851065,0.7258064516129032,0.5325942004950548
rf,680,COc1cncc(CNc2nc(C(=O)N3CCCC3)c3sccc3n2)c1,6.301030158996582,6.370482004424305,0.20920079093500185,0.7288135593220338,0.06945184542772331
rf,688,CS(=O)(=O)[C@@H]1CCN(C(=O)c2nc(NCc3cncc(F)c3)nc3ccsc23)C1,6.301030158996582,6.3838695719313145,0.38116306109374354,0.6901408450704225,0.08283941293473251
rf,695,C[C@@H](Nc1nc(C(=O)N2CCCC2)c2sccc2n1)c1cccnc1,5.170053482055664,6.418917066414943,0.12679813736336468,0.847457627118644,1.2488635843592792
rf,700,C[C@@H]1CCN(C(=O)c2nc(N[C@@H](C)c3cccnc3)nc3ccsc23)C1,6.522878646850586,6.522503000095096,0.4752195290140795,0.7692307692307693,0.00037564675549006665
rf,787,C[C@H](Nc1nc(C(=O)N2CCC(C(=O)NC(C)(C)C)C2)c2sccc2n1)c1cncc(F)c1,6.522878646850586,7.137989715737337,0.6816800672349841,0.782051282051282,0.6151110688867512
rf,788,C[C@H](Nc1nc(C(=O)N2CCC(C(=O)NCC(C)(C)C)C2)c2sccc2n1)c1cncc(F)c1,8.0,7.08900444085559,0.7460041125660879,0.7530864197530864,0.9109955591444097
rf,790,C[C@H](Nc1nc(C(=O)N2CCC(C(=O)O)C2)c2sccc2n1)c1cncc(F)c1,6.301030158996582,6.640050257187571,0.5606157498622579,0.7866666666666666,0.3390200981909892
rf,792,C[C@H](Nc1nc(C(=O)N2CCC(C(=O)OC(C)(C)C)C2)c2sccc2n1)c1cncc(F)c1,6.522878646850586,6.66746262822687,0.7914212083392261,0.75,0.14458398137628414
rf,793,C[C@H](Nc1nc(C(=O)N2CCC(C)(C)C2)c2sccc2n1)c1cccnc1,6.522878646850586,6.525974532793135,0.3880429289961602,0.7538461538461538,0.003095885942548726
rf,795,C[C@H](Nc1nc(C(=O)N2CCC(F)(F)C2)c2sccc2n1)c1cccnc1,6.522878646850586,6.428107866468316,0.20327355731401792,0.7424242424242424,0.09477078038227038
rf,804,C[C@H](Nc1nc(C(=O)N2CCCC2)c2sc(C(F)(F)F)cc2n1)c1cccnc1,6.301030158996582,6.42826301377582,0.2538779824124754,0.6857142857142857,0.12723285477923785
rf,805,C[C@H](Nc1nc(C(=O)N2CCCC2)c2sc(N)cc2n1)c1cncc(F)c1,6.522878646850586,6.477386252947957,0.37940869630564655,0.6619718309859155,0.04549239390262905
rf,808,C[C@H](Nc1nc(C(=O)N2CCCC2)c2sccc2n1)c1cccnc1,6.32975435256958,6.418917066414943,0.12679813736336468,0.847457627118644,0.08916271384536323
rf,811,C[C@H](Nc1nc(C(=O)N2CCCC2)c2sccc2n1)c1cncc(Cl)c1,6.522878646850586,6.444396173777396,0.276818698671803,0.7333333333333333,0.07848247307318967
rf,812,C[C@H](Nc1nc(C(=O)N2CCCC2)c2sccc2n1)c1cncc(F)c1,6.522878646850586,6.45068147493155,0.16012117631615716,0.8,0.07219717191903552
rf,815,C[C@H](Nc1nc(C(=O)N2CCC[C@@H]2C)c2sccc2n1)c1cccnc1,6.522878646850586,6.65888499804789,0.4761596990991598,0.6911764705882353,0.1360063511973042
rf,816,C[C@H](Nc1nc(C(=O)N2CCC[C@@H]2C)c2sccc2n1)c1cncc(F)c1,6.522878646850586,6.675639084477232,0.4856412122150433,0.7083333333333334,0.15276043762664582
rf,817,C[C@H](Nc1nc(C(=O)N2CCC[C@@H]2CO)c2sccc2n1)c1cccnc1,6.301030158996582,6.527173014831848,0.42416623667747466,0.6619718309859155,0.22614285583526605
rf,818,C[C@H](Nc1nc(C(=O)N2CCC[C@H]2C)c2sccc2n1)c1cccnc1,6.301030158996582,6.65888499804789,0.4761596990991598,0.6911764705882353,0.3578548390513081
rf,819,C[C@H](Nc1nc(C(=O)N2CCC[C@H]2C)c2sccc2n1)c1cncc(F)c1,6.522878646850586,6.675639084477232,0.4856412122150433,0.7083333333333334,0.15276043762664582
rf,820,C[C@H](Nc1nc(C(=O)N2CCC[C@H]2CO)c2sccc2n1)c1cccnc1,6.301030158996582,6.527173014831848,0.42416623667747466,0.6619718309859155,0.22614285583526605
rf,832,C[C@H](Nc1nc(C(=O)N2CC[C@@H](CO)C2)c2sccc2n1)c1cccnc1,6.522878646850586,6.4227849491561,0.3245768758331098,0.7142857142857143,0.1000936976944855
rf,833,C[C@H](Nc1nc(C(=O)N2CC[C@@H](CO)C2)c2sccc2n1)c1cncc(F)c1,6.522878646850586,6.450036709238672,0.31765535950324975,0.7307692307692307,0.07284193761191382
rf,835,C[C@H](Nc1nc(C(=O)N2CC[C@@H](F)C2)c2sc(N)cc2n1)c1cccnc1,6.522878646850586,6.432614170858895,0.3827829648526134,0.5657894736842105,0.09026447599169085
rf,837,C[C@H](Nc1nc(C(=O)N2CC[C@@H](F)C2)c2sccc2n1)c1cccnc1,6.522878646850586,6.426879864905832,0.25853267158514265,0.746268656716418,0.09599878194475409
rf,838,C[C@H](Nc1nc(C(=O)N2CC[C@@H](F)C2)c2sccc2n1)c1cncc(F)c1,6.522878646850586,6.478135575543232,0.33321955408007387,0.7647058823529411,0.04474307130735422
rf,840,C[C@H](Nc1nc(C(=O)N2CC[C@@H](N)C2)c2sccc2n1)c1cccnc1,6.301030158996582,6.4454919309030005,0.28113512004981417,0.7352941176470589,0.1444617719064185
rf,842,C[C@H](Nc1nc(C(=O)N2CC[C@@H](NC(=O)OC(C)(C)C)C2)c2sccc2n1)c1cccnc1,6.522878646850586,6.897397377005388,0.537561671976233,0.6493506493506493,0.37451873015480164
rf,844,C[C@H](Nc1nc(C(=O)N2CC[C@@H](O)C2)c2sc(C(F)(F)F)cc2n1)c1cccnc1,6.301030158996582,6.448263073915303,0.32332107070003663,0.64,0.14723291491872104
rf,845,C[C@H](Nc1nc(C(=O)N2CC[C@@H](O)C2)c2sc(C(F)(F)F)cc2n1)c1cncc(F)c1,6.301030158996582,6.484615035933936,0.3822167455310764,0.6351351351351351,0.1835848769373536
rf,847,C[C@H](Nc1nc(C(=O)N2CC[C@@H](O)C2)c2sc(N)cc2n1)c1cccnc1,6.301030158996582,6.408434961372384,0.2843647661736246,0.6301369863013698,0.10740480237580208
rf,848,C[C@H](Nc1nc(C(=O)N2CC[C@@H](O)C2)c2sc(N)cc2n1)c1cncc(F)c1,6.522878646850586,6.473897852540089,0.3881686536091128,0.6153846153846154,0.048980794310496734
rf,851,C[C@H](Nc1nc(C(=O)N2CC[C@@H](O)C2)c2sccc2n1)c1cccnc1,6.301030158996582,6.411166797856403,0.11774708335492763,0.75,0.11013663885982083
rf,853,C[C@H](Nc1nc(C(=O)N2CC[C@@H](O)C2)c2sccc2n1)c1cncc(Cl)c1,6.301030158996582,6.459265365941383,0.3329486527246968,0.704225352112676,0.1582352069448012
rf,854,C[C@H](Nc1nc(C(=O)N2CC[C@@H](O)C2)c2sccc2n1)c1cncc(F)c1,6.301030158996582,6.459515758009172,0.24860988643818233,0.8059701492537313,0.1584855990125904
rf,856,C[C@H](Nc1nc(C(=O)N2CC[C@@H](S(C)(=O)=O)C2)c2sccc2n1)c1cccnc1,6.301030158996582,6.487722247961751,0.4505515899205749,0.7246376811594203,0.1866920889651693
rf,857,C[C@H](Nc1nc(C(=O)N2CC[C@H](CO)C2)c2sccc2n1)c1cccnc1,6.522878646850586,6.4227849491561,0.3245768758331098,0.7142857142857143,0.1000936976944855
rf,858,C[C@H](Nc1nc(C(=O)N2CC[C@H](CO)C2)c2sccc2n1)c1cncc(F)c1,6.522878646850586,6.450036709238672,0.31765535950324975,0.7307692307692307,0.07284193761191382
rf,859,C[C@H](Nc1nc(C(=O)N2CC[C@H](F)C2)c2sc(N)cc2n1)c1cccnc1,6.522878646850586,6.432614170858895,0.3827829648526134,0.5657894736842105,0.09026447599169085
rf,861,C[C@H](Nc1nc(C(=O)N2CC[C@H](F)C2)c2sccc2n1)c1cccnc1,7.12493896484375,6.426879864905832,0.25853267158514265,0.746268656716418,0.6980590999379181
rf,862,C[C@H](Nc1nc(C(=O)N2CC[C@H](F)C2)c2sccc2n1)c1cncc(F)c1,6.522878646850586,6.478135575543232,0.33321955408007387,0.7647058823529411,0.04474307130735422
rf,863,C[C@H](Nc1nc(C(=O)N2CC[C@H](N)C2)c2sccc2n1)c1cccnc1,6.301030158996582,6.4454919309030005,0.28113512004981417,0.7352941176470589,0.1444617719064185
rf,864,C[C@H](Nc1nc(C(=O)N2CC[C@H](N)C2)c2sccc2n1)c1cncc(F)c1,6.301030158996582,6.514314558054845,0.38668091833938784,0.75,0.21328439905826269
rf,866,C[C@H](Nc1nc(C(=O)N2CC[C@H](NC(=O)OC(C)(C)C)C2)c2sccc2n1)c1cccnc1,7.12493896484375,6.897397377005388,0.537561671976233,0.6493506493506493,0.22754158783836242
rf,868,C[C@H](Nc1nc(C(=O)N2CC[C@H](O)C2)c2sc(C(F)(F)F)cc2n1)c1cccnc1,6.301030158996582,6.448263073915303,0.32332107070003663,0.64,0.14723291491872104
rf,869,C[C@H](Nc1nc(C(=O)N2CC[C@H](O)C2)c2sc(C(F)(F)F)cc2n1)c1cncc(F)c1,6.301030158996582,6.484615035933936,0.3822167455310764,0.6351351351351351,0.1835848769373536
rf,870,C[C@H](Nc1nc(C(=O)N2CC[C@H](O)C2)c2sc(N)cc2n1)c1cccnc1,6.301030158996582,6.408434961372384,0.2843647661736246,0.6301369863013698,0.10740480237580208
rf,873,C[C@H](Nc1nc(C(=O)N2CC[C@H](O)C2)c2sccc2n1)c1cccnc1,6.301030158996582,6.411166797856403,0.11774708335492763,0.75,0.11013663885982083
rf,875,C[C@H](Nc1nc(C(=O)N2CC[C@H](O)C2)c2sccc2n1)c1cncc(Cl)c1,6.301030158996582,6.459265365941383,0.3329486527246968,0.704225352112676,0.1582352069448012
rf,876,C[C@H](Nc1nc(C(=O)N2CC[C@H](O)C2)c2sccc2n1)c1cncc(F)c1,6.301030158996582,6.459515758009172,0.24860988643818233,0.8059701492537313,0.1584855990125904
rf,970,C[C@H]1CCN(C(=O)c2nc(N[C@@H](C)c3cccnc3)nc3ccsc23)C1,6.522878646850586,6.522503000095096,0.4752195290140795,0.7692307692307693,0.00037564675549006665
rf,1124,Cc1cc2nc(N[C@@H](C)c3cccnc3)nc(C(=O)N3CCCC3)c2s1,6.411954402923584,6.498320364321978,0.3149189704226913,0.676923076923077,0.08636596139839359
rf,1125,Cc1cc2nc(N[C@@H](C)c3cccnc3)nc(C(=O)N3CC[C@@H](CO)C3)c2s1,6.301030158996582,6.428213737270104,0.3641094804360694,0.6493506493506493,0.127183578273522
rf,1126,Cc1cc2nc(N[C@@H](C)c3cccnc3)nc(C(=O)N3CC[C@@H](O)C3)c2s1,6.301030158996582,6.466146188156202,0.28155935944557947,0.625,0.16511602915961987
rf,1127,Cc1cc2nc(N[C@@H](C)c3cccnc3)nc(C(=O)N3CC[C@H](CO)C3)c2s1,6.301030158996582,6.428213737270104,0.3641094804360694,0.6493506493506493,0.127183578273522
rf,1128,Cc1cc2nc(N[C@@H](C)c3cccnc3)nc(C(=O)N3CC[C@H](O)C3)c2s1,6.301030158996582,6.466146188156202,0.28155935944557947,0.625,0.16511602915961987
rf,1170,Cc1cc2nc(N[C@@H](C)c3cncc(F)c3)nc(C(=O)N3CCCC3)c2s1,7.12493896484375,6.547959666222905,0.3469598724186292,0.8,0.5769792986208451
rf,1173,Cc1cc2nc(N[C@@H](C)c3cncc(F)c3)nc(C(=O)N3CC[C@@H](CN)C3)c2s1,6.301030158996582,6.45279499672033,0.3249484995181388,0.6973684210526315,0.15176483772374816
rf,1174,Cc1cc2nc(N[C@@H](C)c3cncc(F)c3)nc(C(=O)N3CC[C@@H](CO)C3)c2s1,6.522878646850586,6.447078284615907,0.36064767968157857,0.7066666666666667,0.07580036223467879
rf,1175,Cc1cc2nc(N[C@@H](C)c3cncc(F)c3)nc(C(=O)N3CC[C@@H](N)C3)c2s1,6.301030158996582,6.585503552138275,0.46882905368433553,0.726027397260274,0.28447339314169273
rf,1177,Cc1cc2nc(N[C@@H](C)c3cncc(F)c3)nc(C(=O)N3CC[C@@H](O)C3)c2s1,6.522878646850586,6.512601186909843,0.3411830396063474,0.7361111111111112,0.010277459940742695
rf,1179,Cc1cc2nc(N[C@@H](C)c3cncc(F)c3)nc(C(=O)N3CC[C@H](CN)C3)c2s1,6.301030158996582,6.45279499672033,0.3249484995181388,0.6973684210526315,0.15176483772374816
rf,1180,Cc1cc2nc(N[C@@H](C)c3cncc(F)c3)nc(C(=O)N3CC[C@H](CO)C3)c2s1,7.12493896484375,6.447078284615907,0.36064767968157857,0.7066666666666667,0.6778606802278428
rf,1181,Cc1cc2nc(N[C@@H](C)c3cncc(F)c3)nc(C(=O)N3CC[C@H](N)C3)c2s1,6.301030158996582,6.585503552138275,0.46882905368433553,0.726027397260274,0.28447339314169273
rf,1183,Cc1cc2nc(N[C@@H](C)c3cncc(F)c3)nc(C(=O)N3CC[C@H](O)C3)c2s1,6.522878646850586,6.512601186909843,0.3411830396063474,0.7361111111111112,0.010277459940742695
rf,1348,Cc1cncc(CNc2nc(C(=O)N3CCCC3)c3sccc3n2)c1,6.301030158996582,6.348656399066342,0.15563237095280127,0.7678571428571429,0.047626240069759795
rf,1349,Cc1cncc(CNc2nc(C(=O)N3CC[C@H](O)C3)c3sccc3n2)c1,6.301030158996582,6.350624596212622,0.18040749572569062,0.7301587301587301,0.04959443721604018
rf,1356,Cc1csc2c(C(=O)N3CCCC3)nc(N[C@@H](C)c3cncc(F)c3)nc12,7.522878646850586,6.867094428528443,0.6665742429474247,0.6623376623376623,0.6557842183221432
rf,1357,Cc1csc2c(C(=O)N3CC[C@H](O)C3)nc(N[C@@H](C)c3cncc(F)c3)nc12,6.522878646850586,6.8151681445103,0.6596913313099664,0.6419753086419753,0.2922894976597137
rf,1374,Cc1ncccc1CNc1nc(C(=O)N2CCCC2)c2sccc2n1,6.522878646850586,6.483621452774698,0.2936330578714585,0.7068965517241379,0.0392571940758879
rf,1502,N#Cc1cncc(CNc2nc(C(=O)N3CCCC3)c3sccc3n2)c1,6.301030158996582,6.354165485001967,0.25045517649453936,0.7288135593220338,0.05313532600538462
rf,1506,NC(=O)c1cncc(CNc2nc(C(=O)N3CCCC3)c3sccc3n2)c1,6.301030158996582,6.348511793091779,0.3096273916497773,0.7413793103448276,0.04748163409519712
rf,1507,N[C@@H]1CCN(C(=O)c2nc(NCc3cncc(F)c3)nc3ccsc23)C1,6.301030158996582,6.364784770720255,0.17781543709433775,0.8387096774193549,0.06375461172367292
rf,1509,N[C@H]1CCN(C(=O)c2nc(NCc3cncc(F)c3)nc3ccsc23)C1,6.301030158996582,6.364784770720255,0.17781543709433775,0.8387096774193549,0.06375461172367292
rf,1513,Nc1cc2nc(NCc3cccnc3)nc(C(=O)N3CCCC3)c2s1,6.301030158996582,5.915884556036611,0.48532162962844777,0.65625,0.38514560295997136
rf,1696,O=C(c1nc(NC(CO)c2cccnc2)nc2ccsc12)N1CCCC1,6.301030158996582,6.425916766183225,0.18925039542420158,0.6666666666666666,0.12488660718664324
rf,1701,O=C(c1nc(NCc2ccc(C(F)(F)F)nc2)nc2ccsc12)N1CCCC1,6.522878646850586,6.244842241298849,0.4412109676102788,0.6833333333333333,0.27803640555173725
rf,1702,O=C(c1nc(NCc2ccc(C(F)(F)F)nc2)nc2ccsc12)N1CC[C@H](O)C1,6.301030158996582,6.234905807893102,0.45248668726705304,0.7076923076923077,0.06612435110347992
rf,1717,O=C(c1nc(NCc2cccnc2)nc2ccsc12)N1CCCC1,5.2121148109436035,6.093671163467751,0.39385152611853225,0.7962962962962963,0.8815563525241474
rf,1718,O=C(c1nc(NCc2cccnc2)nc2ccsc12)N1CC[C@@H](O)C1,6.301030158996582,6.121785626929343,0.37164456216641467,0.8135593220338984,0.1792445320672389
rf,1721,O=C(c1nc(NCc2cncc(C(F)(F)F)c2)nc2ccsc12)N1CC[C@H](O)C1,6.301030158996582,6.348559445120136,0.2327115533019105,0.696969696969697,0.047529286123554115
rf,1722,O=C(c1nc(NCc2cncc(Cl)c2)nc2ccsc12)N1CCCC1,6.301030158996582,6.358179631484729,0.22623130102090902,0.7758620689655172,0.05714947248814717
rf,1726,O=C(c1nc(NCc2cncc(F)c2)nc2ccsc12)N1CCCC1,6.522878646850586,6.368713274239791,0.10337177019664852,0.7868852459016393,0.15416537261079455
rf,1728,O=C(c1nc(NCc2cncc(F)c2)nc2ccsc12)N1CC[C@@H](F)C1,6.522878646850586,6.36242543542644,0.1479573876369518,0.7538461538461538,0.16045321142414615
rf,1729,O=C(c1nc(NCc2cncc(F)c2)nc2ccsc12)N1CC[C@@H](O)C1,6.522878646850586,6.370192451415021,0.11559626371721443,0.796875,0.15268619543556472
rf,1730,O=C(c1nc(NCc2cncc(F)c2)nc2ccsc12)N1CC[C@H](F)C1,6.301030158996582,6.36242543542644,0.1479573876369518,0.7538461538461538,0.06139527642985776
rf,1731,O=C(c1nc(NCc2cncc(F)c2)nc2ccsc12)N1CC[C@H](O)C1,6.301030158996582,6.370192451415021,0.11559626371721443,0.796875,0.06916229241843919
rf,7,CC(=O)N(C)C1CN(C(=O)c2nc(N[C@@H](C)c3cncc(F)c3)nc3cc(C)sc23)C1,6.301030158996582,6.819432927725113,0.6084772181499732,0.7162162162162162,0.5184027687285306
rf,10,CC(=O)NC1CN(C(=O)c2nc(N[C@@H](C)c3cncc(F)c3)nc3cc(C)sc23)C1,6.522878646850586,7.368946034431458,0.40097097093464973,0.8382352941176471,0.846067387580872
rf,11,CC(=O)NC1CN(C(=O)c2nc(N[C@@H](C)c3cncc(F)c3)nc3ccsc23)C1,6.522878646850586,7.379639650344848,0.41962128376128777,0.8382352941176471,0.8567610034942623
rf,12,CC(=O)NCC1CN(C(=O)c2nc(N[C@@H](C)c3cncc(F)c3)nc3ccsc23)C1,6.522878646850586,6.662816264476218,0.5102725261561472,0.72,0.13993761762563217
rf,54,CC(C)C(=O)NC1CN(C(=O)c2nc(N[C@@H](C)c3cncc(F)c3)nc3ccsc23)C1,7.522878646850586,7.550870683670044,0.2050716479728408,0.8260869565217391,0.027992036819457944
rf,55,CC(C)C(=O)NCC1CN(C(=O)c2nc(N[C@@H](C)c3cncc(F)c3)nc3ccsc23)C1,7.12493896484375,6.649600656084161,0.4627813879541036,0.7105263157894737,0.47533830875958927
rf,62,CC(C)OC(=O)NC1CN(C(=O)c2nc(N[C@@H](C)c3cncc(F)c3)nc3ccsc23)C1,7.522878646850586,7.447666907310486,0.28192265559216,0.8108108108108109,0.07521173954009974
rf,97,CC1(O)CN(C(=O)c2nc(NCc3cncc(F)c3)nc3ccsc23)C1,6.301030158996582,6.37317878360074,0.17193053978313574,0.7424242424242424,0.07214862460415805
rf,104,CC1CCN1C(=O)c1nc(N[C@@H](C)c2cncc(F)c2)nc2ccsc12,7.12493896484375,6.688611321184319,0.48100402857440316,0.704225352112676,0.436327643659431
rf,114,CCC(CC)NC(=O)NC1CN(C(=O)c2nc(N[C@@H](C)c3cncc(F)c3)nc3ccsc23)C1,8.0,7.247792925924221,0.6758540777100339,0.7972972972972973,0.7522070740757787
rf,211,CCNC(=O)CC1CN(C(=O)c2nc(N[C@@H](C)c3cncc(F)c3)nc3cc(C)sc23)C1,7.12493896484375,6.6635387015971075,0.5222784344802052,0.6883116883116883,0.4614002632466425
rf,237,CCNC1CN(C(=O)c2nc(N[C@@H](C)c3cncc(F)c3)nc3cc(C)sc23)C1,6.301030158996582,6.839413893640798,0.6281046457875845,0.7746478873239436,0.5383837346442162
rf,247,CCOC(=O)N(C)C1CN(C(=O)c2nc(N[C@@H](C)c3cncc(F)c3)nc3cc(C)sc23)C1,7.12493896484375,6.906574399176071,0.7658400058110184,0.6708860759493671,0.21836456566767914
rf,254,CCOc1ccc(CNc2nc(C(=O)N3CCC3)c3sccc3n2)cn1,6.522878646850586,6.418106112938879,0.47237391813845503,0.6451612903225806,0.10477253391170738
rf,277,CN(C(=O)OC(C)(C)C)C1CN(C(=O)c2nc(NCc3cncc(F)c3)nc3ccsc23)C1,6.522878646850586,6.573004560136167,0.4952047897830411,0.7105263157894737,0.050125913285580914
rf,305,CNC(=O)NCC1CN(C(=O)c2nc(N[C@@H](C)c3cncc(F)c3)nc3ccsc23)C1,6.522878646850586,6.604569324724855,0.5156447672451752,0.7012987012987013,0.08169067787426876
rf,308,CNC1CN(C(=O)c2nc(NCc3cncc(F)c3)nc3ccsc23)C1,6.301030158996582,6.745357791272609,0.5249634928957375,0.7014925373134329,0.44432763227602656
rf,309,CNC1CN(C(=O)c2nc(N[C@@H](C)c3cncc(F)c3)nc3cc(C)sc23)C1,6.301030158996582,7.166389721260862,0.5381196265413916,0.8088235294117647,0.8653595622642802
rf,322,CNc1cc2nc(N[C@@H](C)c3cccnc3)nc(C(=O)N3CC(O)C3)c2s1,6.301030158996582,6.4750799982774,0.3309886544035555,0.7205882352941176,0.1740498392808183
rf,324,CNc1cc2nc(N[C@@H](C)c3cccnc3)nc(C(=O)N3CCC3)c2s1,6.522878646850586,6.514397710782772,0.3363985117742311,0.7121212121212122,0.008480936067813971
rf,329,CNc1cc2nc(N[C@@H](C)c3cncc(F)c3)nc(C(=O)N3CC(OC)C3)c2s1,6.522878646850586,6.787423422180772,0.5910076090111495,0.6153846153846154,0.2645447753301857
rf,330,CNc1cc2nc(N[C@@H](C)c3cncc(F)c3)nc(C(=O)N3CCC3)c2s1,6.522878646850586,6.5706207956840625,0.34691772459062437,0.6527777777777778,0.047742148833476605
rf,353,COC1CN(C(=O)c2nc(NCc3cncc(F)c3)nc3ccsc23)C1,6.522878646850586,6.555700627994113,0.469766972061125,0.6911764705882353,0.032821981143526635
rf,356,COC1CN(C(=O)c2nc(N[C@@H](C)c3cccnc3)nc3cc(C)sc23)C1,7.12493896484375,6.801809165457626,0.5465590540884689,0.7246376811594203,0.3231297993861242
rf,357,COC1CN(C(=O)c2nc(N[C@@H](C)c3cccnc3)nc3ccsc23)C1,7.12493896484375,6.614230456475829,0.43981724389585847,0.7313432835820896,0.5107085083679213
rf,358,COC1CN(C(=O)c2nc(N[C@@H](C)c3cncc(Cl)c3)nc3ccsc23)C1,6.522878646850586,6.716825176986827,0.5387754494827477,0.7361111111111112,0.19394653013624108
rf,359,COC1CN(C(=O)c2nc(N[C@@H](C)c3cncc(F)c3)nc3cc(C)sc23)C1,7.12493896484375,6.861151673812029,0.5868595699174454,0.7464788732394366,0.26378729103172116
rf,360,COC1CN(C(=O)c2nc(N[C@@H](C)c3cncc(F)c3)nc3ccsc23)C1,6.522878646850586,6.761247272210054,0.5646070625342834,0.7464788732394366,0.23836862535946768
rf,363,COCC(Nc1nc(C(=O)N2CC(OC)C2)c2sccc2n1)c1cccnc1,7.12493896484375,6.586830357047378,0.4367044103684112,0.7,0.5381086077963717
rf,364,COCC(Nc1nc(C(=O)N2CCC2)c2sccc2n1)c1cccnc1,6.301030158996582,6.472075610200387,0.23901559866029676,0.7058823529411765,0.17104545120380532
rf,373,COCCC(=O)NC1CN(C(=O)c2nc(N[C@@H](C)c3cncc(F)c3)nc3cc(C)sc23)C1,7.522878646850586,7.048941226333895,0.591261491985226,0.75,0.4739374205166911
rf,389,COC[C@@H](Nc1nc(C(=O)N2CCC2)c2sccc2n1)c1cccnc1,6.522878646850586,6.472075610200387,0.23901559866029676,0.7058823529411765,0.050803036650198585
rf,395,COC[C@@H]1CCN1C(=O)c1nc(N[C@@H](C)c2cncc(F)c2)nc2cc(C)sc12,6.301030158996582,6.63654180832507,0.4554756152033189,0.6493506493506493,0.3355116493284882
rf,396,COC[C@@H]1CCN1C(=O)c1nc(N[C@@H](C)c2cncc(F)c2)nc2ccsc12,6.301030158996582,6.610014968581891,0.42325560528323286,0.6708860759493671,0.3089848095853087
rf,403,COC[C@H]1CCN1C(=O)c1nc(N[C@@H](C)c2cncc(F)c2)nc2cc(C)sc12,6.301030158996582,6.63654180832507,0.4554756152033189,0.6493506493506493,0.3355116493284882
rf,404,COC[C@H]1CCN1C(=O)c1nc(N[C@@H](C)c2cncc(F)c2)nc2ccsc12,6.301030158996582,6.610014968581891,0.42325560528323286,0.6708860759493671,0.3089848095853087
rf,677,COc1cncc(CNc2nc(C(=O)N3CC(C)C3)c3sccc3n2)c1,6.301030158996582,6.572326766819305,0.5572507839024524,0.6666666666666666,0.27129660782272325
rf,678,COc1cncc(CNc2nc(C(=O)N3CC(O)C3)c3sccc3n2)c1,6.301030158996582,6.500301042072836,0.38880834343392146,0.7692307692307693,0.19927088307625418
rf,679,COc1cncc(CNc2nc(C(=O)N3CCC3)c3sccc3n2)c1,6.301030158996582,6.38739613378667,0.21592582141140007,0.7,0.08636597479008756
rf,720,C[C@H](Nc1nc(C(=O)N2CC(C(=O)NCCO)C2)c2sccc2n1)c1cncc(F)c1,6.301030158996582,7.029432732105588,0.7714652358689692,0.7432432432432432,0.7284025731090056
rf,721,C[C@H](Nc1nc(C(=O)N2CC(C(=O)NOC(C)(C)C)C2)c2sccc2n1)c1cncc(F)c1,7.12493896484375,7.257814895136426,0.6810202625490546,0.725,0.13287593029267608
rf,722,C[C@H](Nc1nc(C(=O)N2CC(C(=O)OC(C)(C)C)C2)c2sccc2n1)c1cncc(F)c1,6.522878646850586,6.90865600781327,0.6147439881563009,0.7567567567567568,0.3857773609626838
rf,723,C[C@H](Nc1nc(C(=O)N2CC(C(N)=O)C2)c2sccc2n1)c1cncc(F)c1,6.301030158996582,6.873969409156806,0.6344048551121316,0.7714285714285715,0.572939250160224
rf,726,C[C@H](Nc1nc(C(=O)N2CC(CC(=O)NC(C)(C)C)C2)c2sccc2n1)c1cncc(F)c1,7.522878646850586,6.6512668103198,0.4866004840091257,0.6794871794871795,0.8716118365307857
rf,727,C[C@H](Nc1nc(C(=O)N2CC(CN(C)C(=O)C(C)(C)C)C2)c2sccc2n1)c1cncc(F)c1,7.522878646850586,6.616063097438722,0.6329563474244828,0.6794871794871795,0.9068155494118644
rf,728,C[C@H](Nc1nc(C(=O)N2CC(CN(C)C(=O)CC(C)(C)C)C2)c2sccc2n1)c1cncc(F)c1,7.12493896484375,6.649644238344947,0.5461097396948685,0.6582278481012658,0.4752947264988032
rf,729,C[C@H](Nc1nc(C(=O)N2CC(CN(C)C(=O)OC(C)(C)C)C2)c2sccc2n1)c1cncc(F)c1,6.522878646850586,6.686707035256998,0.5819713170601599,0.691358024691358,0.16382838840641245
rf,730,C[C@H](Nc1nc(C(=O)N2CC(CN)C2)c2sccc2n1)c1cncc(F)c1,6.301030158996582,6.627665290494563,0.47388868945054735,0.7361111111111112,0.32663513149798096
rf,731,C[C@H](Nc1nc(C(=O)N2CC(CNC(=O)C(C)(C)C)C2)c2sccc2n1)c1cncc(F)c1,6.522878646850586,6.640934722584464,0.46811228476607286,0.7123287671232876,0.118056075733878
rf,732,C[C@H](Nc1nc(C(=O)N2CC(CNC(=O)N(C)C)C2)c2sccc2n1)c1cncc(F)c1,7.12493896484375,6.41825439542078,0.6483687020975333,0.7066666666666667,0.7066845694229702
rf,733,C[C@H](Nc1nc(C(=O)N2CC(CNC(=O)OC(C)(C)C)C2)c2sccc2n1)c1cncc(F)c1,7.522878646850586,6.7283345561734995,0.5201361940895264,0.7088607594936709,0.7945440906770864
rf,734,C[C@H](Nc1nc(C(=O)N2CC(CNC(=O)OCC(C)(C)C)C2)c2sccc2n1)c1cncc(F)c1,7.522878646850586,6.59877858706662,0.4341836126421187,0.7283950617283951,0.9241000597839664
rf,735,C[C@H](Nc1nc(C(=O)N2CC(CNS(C)(=O)=O)C2)c2sccc2n1)c1cncc(F)c1,6.522878646850586,6.650626472151839,0.485495032788262,0.6883116883116883,0.1277478253012534
rf,737,C[C@H](Nc1nc(C(=O)N2CC(F)(F)C2)c2sccc2n1)c1cccnc1,6.522878646850586,6.444679799058355,0.1551464312556249,0.8095238095238095,0.07819884779223063
rf,738,C[C@H](Nc1nc(C(=O)N2CC(N)C2)c2sccc2n1)c1cncc(F)c1,6.301030158996582,6.728587870057437,0.5166091815577795,0.7681159420289855,0.42755771106085483
rf,739,C[C@H](Nc1nc(C(=O)N2CC(NC(=O)C(C)(C)C(F)(F)F)C2)c2sccc2n1)c1cncc(F)c1,8.0,7.549063052177429,0.2551990863330906,0.7808219178082192,0.4509369478225711
rf,741,C[C@H](Nc1nc(C(=O)N2CC(NC(=O)C(C)(C)C)C2)c2sccc2n1)c1cncc(Cl)c1,8.0,7.459570256175374,0.35509008976888856,0.7808219178082192,0.5404297438246264
rf,742,C[C@H](Nc1nc(C(=O)N2CC(NC(=O)C(C)(C)C)C2)c2sccc2n1)c1cncc(F)c1,8.0,7.503951223373413,0.3163231162814297,0.8028169014084507,0.4960487766265871
rf,762,C[C@H](Nc1nc(C(=O)N2CC(NC(=O)CC(C)(C)C)C2)c2sccc2n1)c1cncc(F)c1,7.522878646850586,7.137030135190167,0.5975356639941029,0.7808219178082192,0.3858485116604191
rf,764,C[C@H](Nc1nc(C(=O)N2CC(NC(=O)NC(C)(C)C)C2)c2sccc2n1)c1cncc(F)c1,8.0,7.570686327934265,0.23791852827347956,0.8194444444444444,0.4293136720657351
rf,767,C[C@H](Nc1nc(C(=O)N2CC(NC(=O)OC(C)(C)C)C2)c2sccc2n1)c1cncc(F)c1,7.522878646850586,7.454438488006592,0.29088280841541325,0.7894736842105263,0.06844015884399379
rf,782,C[C@H](Nc1nc(C(=O)N2CC(O)C2)c2sc(N)cc2n1)c1cccnc1,6.301030158996582,6.480599631139104,0.3463266001747954,0.7164179104477612,0.17956947214252228
rf,784,C[C@H](Nc1nc(C(=O)N2CC(O)C2)c2sccc2n1)c1cccnc1,6.522878646850586,6.5114413306415955,0.2537935325457567,0.7619047619047619,0.011437316208990467
rf,785,C[C@H](Nc1nc(C(=O)N2CC(O)C2)c2sccc2n1)c1cncc(F)c1,6.522878646850586,6.661279656885267,0.46177501614042754,0.7794117647058824,0.13840101003468064
rf,797,C[C@H](Nc1nc(C(=O)N2CCC2)c2sc(N)cc2n1)c1cccnc1,6.522878646850586,6.496440913680321,0.3592649466843104,0.7076923076923077,0.026437733170264544
rf,798,C[C@H](Nc1nc(C(=O)N2CCC2)c2sc(N)cc2n1)c1cncc(F)c1,7.12493896484375,6.55444795658047,0.42451910166726153,0.6619718309859155,0.5704910082632804
rf,801,C[C@H](Nc1nc(C(=O)N2CCC2)c2sccc2n1)c1cccnc1,6.522878646850586,6.544354933300812,0.27859459350584004,0.847457627118644,0.021476286450226034
rf,802,C[C@H](Nc1nc(C(=O)N2CCC2)c2sccc2n1)c1cncc(Cl)c1,6.522878646850586,6.533643722912004,0.355355070229391,0.7083333333333334,0.010765076061417744
rf,803,C[C@H](Nc1nc(C(=O)N2CCC2)c2sccc2n1)c1cncc(F)c1,7.12493896484375,6.573803730502744,0.30003801524800267,0.8,0.5511352343410056
rf,1118,Cc1cc2nc(N[C@@H](C)c3cccnc3)nc(C(=O)N3CC(CN(C)C)C3)c2s1,6.301030158996582,6.542349711183051,0.44609797102346516,0.6164383561643836,0.24131955218646883
rf,1119,Cc1cc2nc(N[C@@H](C)c3cccnc3)nc(C(=O)N3CC(CN)C3)c2s1,6.301030158996582,6.515196154011615,0.3680571205618548,0.7285714285714285,0.21416599501503253
rf,1120,Cc1cc2nc(N[C@@H](C)c3cccnc3)nc(C(=O)N3CC(CNC(=O)OC(C)(C)C)C3)c2s1,6.301030158996582,6.610282309918535,0.3971222887825231,0.759493670886076,0.309252150921953
rf,1121,Cc1cc2nc(N[C@@H](C)c3cccnc3)nc(C(=O)N3CC(CO)C3)c2s1,6.301030158996582,6.52997231476455,0.42733637575299704,0.6666666666666666,0.22894215576796828
rf,1122,Cc1cc2nc(N[C@@H](C)c3cccnc3)nc(C(=O)N3CC(O)C3)c2s1,6.522878646850586,6.528148074133859,0.32395566090703953,0.7121212121212122,0.005269427283272954
rf,1123,Cc1cc2nc(N[C@@H](C)c3cccnc3)nc(C(=O)N3CCC3)c2s1,6.522878646850586,6.600624774305026,0.3680234776320013,0.703125,0.0777461274544402
rf,1140,Cc1cc2nc(N[C@@H](C)c3cncc(F)c3)nc(C(=O)N3CC(C(=O)NOC(C)(C)C)C3)c2s1,7.12493896484375,7.270767769083381,0.6741198432873646,0.7631578947368421,0.14582880423963118
rf,1141,Cc1cc2nc(N[C@@H](C)c3cncc(F)c3)nc(C(=O)N3CC(C(=O)OC(C)(C)C)C3)c2s1,6.522878646850586,6.952756730447966,0.619224972244001,0.72,0.4298780835973801
rf,1142,Cc1cc2nc(N[C@@H](C)c3cncc(F)c3)nc(C(=O)N3CC(C(N)=O)C3)c2s1,6.301030158996582,6.892102682838396,0.6427662524519789,0.7714285714285715,0.591072523841814
rf,1143,Cc1cc2nc(N[C@@H](C)c3cncc(F)c3)nc(C(=O)N3CC(CC(=O)OC(C)(C)C)C3)c2s1,7.522878646850586,6.426555840498738,0.7564209501347482,0.7160493827160493,1.0963228063518482
rf,1144,Cc1cc2nc(N[C@@H](C)c3cncc(F)c3)nc(C(=O)N3CC(CN(C)C)C3)c2s1,6.823908805847168,6.627589329293614,0.5129346374366447,0.7162162162162162,0.19631947655355386
rf,1145,Cc1cc2nc(N[C@@H](C)c3cncc(F)c3)nc(C(=O)N3CC(CN)C3)c2s1,6.301030158996582,6.608221254389501,0.46840120500394367,0.7361111111111112,0.3071910953929189
rf,1146,Cc1cc2nc(N[C@@H](C)c3cncc(F)c3)nc(C(=O)N3CC(CNC(=O)C(C)(C)C)C3)c2s1,6.522878646850586,6.617918279929239,0.4563422018069261,0.6883116883116883,0.09503963307865337
rf,1147,Cc1cc2nc(N[C@@H](C)c3cncc(F)c3)nc(C(=O)N3CC(CNC(=O)CC(C)(C)C)C3)c2s1,7.12493896484375,6.572071871830669,0.42945358412255946,0.6708860759493671,0.5528670930130808
rf,1148,Cc1cc2nc(N[C@@H](C)c3cncc(F)c3)nc(C(=O)N3CC(CNC(=O)OC(C)(C)C)C3)c2s1,6.522878646850586,6.668146860549424,0.45984337430400585,0.7195121951219512,0.1452682136988379
rf,1149,Cc1cc2nc(N[C@@H](C)c3cncc(F)c3)nc(C(=O)N3CC(CO)C3)c2s1,6.522878646850586,6.612885056894037,0.4975711959288154,0.7464788732394366,0.09000641004345145
rf,1150,Cc1cc2nc(N[C@@H](C)c3cncc(F)c3)nc(C(=O)N3CC(CS(C)(=O)=O)C3)c2s1,6.301030158996582,6.544610401296003,0.6614392544339618,0.7066666666666667,0.2435802422994211
rf,1151,Cc1cc2nc(N[C@@H](C)c3cncc(F)c3)nc(C(=O)N3CC(N(C)C(=O)CC(C)(C)C)C3)c2s1,7.522878646850586,6.716537880237097,0.5936294639365065,0.6708860759493671,0.8063407666134887
rf,1152,Cc1cc2nc(N[C@@H](C)c3cncc(F)c3)nc(C(=O)N3CC(N(C)C(=O)OC(C)(C)C)C3)c2s1,6.522878646850586,6.833084764598848,0.6594857190215659,0.6790123456790124,0.3102061177482618
rf,1153,Cc1cc2nc(N[C@@H](C)c3cncc(F)c3)nc(C(=O)N3CC(N(C)C)C3)c2s1,6.301030158996582,6.72620616376521,0.5518611061620775,0.7464788732394366,0.4251760047686277
rf,1154,Cc1cc2nc(N[C@@H](C)c3cncc(F)c3)nc(C(=O)N3CC(N)C3)c2s1,6.301030158996582,6.74975195782007,0.5335811814430116,0.7681159420289855,0.44872179882348817
rf,1156,Cc1cc2nc(N[C@@H](C)c3cncc(F)c3)nc(C(=O)N3CC(NC(=O)C(C)(C)C)C3)c2s1,8.0,7.468257901191712,0.35404090455976267,0.8028169014084507,0.5317420988082882
rf,1157,Cc1cc2nc(N[C@@H](C)c3cncc(F)c3)nc(C(=O)N3CC(NC(=O)C(C)C)C3)c2s1,8.0,7.513247504234314,0.2644828456812666,0.8260869565217391,0.48675249576568635
rf,1163,Cc1cc2nc(N[C@@H](C)c3cncc(F)c3)nc(C(=O)N3CC(NC(=O)OC(C)(C)C)C3)c2s1,7.522878646850586,7.419079040527344,0.3349011258139514,0.7702702702702703,0.10379960632324181
rf,1164,Cc1cc2nc(N[C@@H](C)c3cncc(F)c3)nc(C(=O)N3CC(NC(=O)OC(C)C)C3)c2s1,7.522878646850586,7.416028548240662,0.3223095759374465,0.7916666666666666,0.10685009860992434
rf,1165,Cc1cc2nc(N[C@@H](C)c3cncc(F)c3)nc(C(=O)N3CC(NC(=O)OCC(C)(C)C)C3)c2s1,8.0,7.034532409700987,0.6023008490744084,0.7402597402597403,0.9654675902990126
rf,1168,Cc1cc2nc(N[C@@H](C)c3cncc(F)c3)nc(C(=O)N3CC(O)C3)c2s1,7.12493896484375,6.666753530721645,0.4702040384000494,0.7794117647058824,0.4581854341221048
rf,1169,Cc1cc2nc(N[C@@H](C)c3cncc(F)c3)nc(C(=O)N3CCC3)c2s1,7.12493896484375,6.642039017223133,0.39383359248883126,0.8,0.4828999476206173
rf,1178,Cc1cc2nc(N[C@@H](C)c3cncc(F)c3)nc(C(=O)N3CC[C@@H]3C)c2s1,7.522878646850586,6.740432290767593,0.5171095498451013,0.704225352112676,0.7824463560829926
rf,1184,Cc1cc2nc(N[C@@H](C)c3cncc(F)c3)nc(C(=O)N3CC[C@H]3C)c2s1,7.522878646850586,6.740432290767593,0.5171095498451013,0.704225352112676,0.7824463560829926
rf,1347,Cc1cncc(CNc2nc(C(=O)N3CCC3)c3sccc3n2)c1,6.301030158996582,6.367679956463583,0.16872465796986114,0.7368421052631579,0.06664979746700084
rf,1352,Cc1csc2c(C(=O)N3CC(NC(=O)C(C)(C)C)C3)nc(N[C@@H](C)c3cncc(F)c3)nc12,8.0,7.4922315063476566,0.3192149633682004,0.7215189873417721,0.5077684936523434
rf,1354,Cc1csc2c(C(=O)N3CCC3)nc(N[C@@H](C)c3cncc(F)c3)nc12,7.522878646850586,6.916337064891194,0.6578715669272421,0.6623376623376623,0.6065415819593918
rf,1720,O=C(c1nc(NCc2cncc(C(F)(F)F)c2)nc2ccsc12)N1CCC1,6.301030158996582,6.365714023739233,0.25104720087703475,0.7,0.06468386474265131
rf,1723,O=C(c1nc(NCc2cncc(F)c2)nc2ccsc12)N1CC(F)(F)C1,6.301030158996582,6.367566824366059,0.14036890801308885,0.734375,0.066536665369477
rf,1724,O=C(c1nc(NCc2cncc(F)c2)nc2ccsc12)N1CC(O)C1,6.301030158996582,6.50955272919861,0.3686643267915995,0.734375,0.20852257020202813
rf,1725,O=C(c1nc(NCc2cncc(F)c2)nc2ccsc12)N1CCC1,6.522878646850586,6.391564718593951,0.12596141405926228,0.8181818181818182,0.13131392825663468
rf,51,CC(C)(O)Cn1cc(N2CCC[C@@H](c3nc4c5cc(F)c(OC(F)F)cc5nc(N)n4n3)C2)cn1,8.130767822265625,8.106934265375138,0.47990158104831704,0.8227848101265823,0.023833556890487273
rf,88,CC(O)C(C)(C)n1cc(N2CCC[C@@H](c3nc4c5cc(F)cc(F)c5nc(N)n4n3)C2)cn1,8.420818328857422,8.751817759037019,0.4360548395133104,0.5930232558139535,0.3309994301795971
rf,89,CC(O)C(C)n1cc(N2CC(c3nc4c5cc(F)cc(F)c5nc(N)n4n3)CCC2C)cn1,8.107905387878418,9.086609893608092,0.4530644823981009,0.5056179775280899,0.9787045057296737
rf,90,CC(O)C(C)n1cc(N2CCC[C@@H](c3nc4c5cc(F)cc(F)c5nc(N)n4n3)C2)cn1,8.153664588928223,8.720281996822358,0.38965525059432526,0.5813953488372093,0.5666174078941353
rf,98,CC1CC(c2nc3c4cc(F)cc(F)c4nc(N)n3n2)CN(c2cnn(C(C)(C)CO)c2)C1,7.832773208618164,8.301982448514304,0.6829034055632389,0.5054945054945055,0.4692092398961396
rf,99,CC1CC(c2nc3c4cc(F)cc(F)c4nc(N)n3n2)CN(c2cnn(CC(C)(C)O)c2)C1,7.619788646697998,8.286304888502757,0.6660408198309001,0.6585365853658537,0.666516241804759
rf,101,CC1CCC(c2nc3c4cc(F)cc(F)c4nc(N)n3n2)CN1c1cnn(CC(C)(CO)CO)c1,7.916016578674316,8.501290368684133,0.6046314091308248,0.5568181818181818,0.5852737900098166
rf,102,CC1CCC(c2nc3c4cc(F)cc(F)c4nc(N)n3n2)CN1c1cnn(CC(C)(O)CO)c1,7.628127574920654,8.39768200135231,0.7933548838306357,0.5681818181818182,0.7695544264316556
rf,112,CCC(C)(O)Cn1cc(N2CCC[C@@H](c3nc4c5cc(F)c(OC)cc5nc(N)n4n3)C2)cn1,8.504386901855469,7.970697025791803,0.6084606058408925,0.8461538461538461,0.5336898760636659
rf,120,CCC1CCC(c2nc3c4cc(F)c(OC)cc4nc(N)n3n2)CN1c1cnn(CC(C)(C)O)c1,7.865103244781494,8.111071099599203,0.516428227808878,0.7439024390243902,0.24596785481770844
rf,273,CCn1cc(N2CCC[C@@H](c3nc4c5cc(F)c(OC)cc5nc(N)n4n3)C2)c(CO)n1,8.236572265625,8.337310563709623,0.7310437780978895,0.7037037037037037,0.10073829808462342
rf,429,COc1cc(Cl)cc2c1nc(N)n1nc(C3CCCN(c4cnn(C)c4)C3)nc21,7.752026557922363,8.726781559880573,0.37190643458635264,0.6219512195121951,0.9747550019582096
rf,434,COc1cc(F)cc2c1nc(N)n1nc(C3(F)CCCN(c4cnn(CC(C)(C)O)c4)C3)nc21,7.636554718017578,7.895750943342844,0.9776655307879655,0.7073170731707317,0.2591962253252662
rf,435,COc1cc(F)cc2c1nc(N)n1nc(C3CC(C)CN(c4cn(C(C)(C)C(C)O)nc4C)C3)nc21,8.154901504516602,8.955703491210938,0.5403815472387243,0.5217391304347826,0.8008019866943368
rf,436,COc1cc(F)cc2c1nc(N)n1nc(C3CC(C)CN(c4cn(C(C)(C)CO)nc4C)C3)nc21,8.282875061035156,8.581594441970191,0.6437931754504534,0.5333333333333333,0.2987193809350348
rf,437,COc1cc(F)cc2c1nc(N)n1nc(C3CC(C)CN(c4cn(C(C)C(C)O)nc4C)C3)nc21,8.576213836669922,8.92028598936399,0.5656408253367091,0.49473684210526314,0.34407215269406777
rf,438,COc1cc(F)cc2c1nc(N)n1nc(C3CC(C)CN(c4cnn(C(C)(C)CO)c4)C3)nc21,8.397939682006836,8.540549081961315,0.6316898178448546,0.6136363636363636,0.14260939995447863
rf,439,COc1cc(F)cc2c1nc(N)n1nc(C3CC(C)CN(c4cnn(C(C)C(C)O)c4C)C3)nc21,8.422636032104492,8.95735379489263,0.551852528157949,0.5052631578947369,0.5347177627881372
rf,440,COc1cc(F)cc2c1nc(N)n1nc(C3CC(C)CN(c4cnn(CC(C)(C)O)c4)C3)nc21,8.530240058898926,8.554491367419562,0.5978061237520845,0.7848101265822784,0.024251308520636172
rf,441,COc1cc(F)cc2c1nc(N)n1nc(C3CC(C)CN(c4cnn(CC(C)(C)O)c4C)C3)nc21,8.4529390335083,8.648214200210573,0.6400439169194702,0.627906976744186,0.19527516670227207
rf,442,COc1cc(F)cc2c1nc(N)n1nc(C3CC(F)CN(c4cn(CC(C)(C)O)nc4C)C3)nc21,8.335199356079102,8.59368046398163,0.5336098690729387,0.6206896551724138,0.2584811079025293
rf,444,COc1cc(F)cc2c1nc(N)n1nc(C3CCC(C)N(c4cn(CC(C)(C)O)nc4C)C3)nc21,7.295849323272705,8.669440488831201,0.5763313726155309,0.6206896551724138,1.373591165558496
rf,445,COc1cc(F)cc2c1nc(N)n1nc(C3CCC(C)N(c4cnn(C(C)(C)C(C)O)c4)C3)nc21,8.602407455444336,9.150455458259582,0.3350374142045122,0.5666666666666667,0.5480480028152463
rf,446,COc1cc(F)cc2c1nc(N)n1nc(C3CCC(C)N(c4cnn(C(C)(C)CO)c4)C3)nc21,8.293182373046875,8.814306262413663,0.5007971355588098,0.5909090909090909,0.5211238893667876
rf,447,COc1cc(F)cc2c1nc(N)n1nc(C3CCC(C)N(c4cnn(CC(C)(C)O)c4)C3)nc21,8.004298210144043,8.711814278364182,0.47952204097938367,0.7625,0.7075160682201389
rf,451,COc1cc(F)cc2c1nc(N)n1nc([C@@H]3CCCN(c4cn(C(C)C(C)(C)O)nc4C)C3)nc21,9.460409164428711,8.984345575586955,0.2930854742419826,0.6470588235294118,0.4760635888417557
rf,452,COc1cc(F)cc2c1nc(N)n1nc([C@@H]3CCCN(c4cn(C(C)C(C)O)nc4C)C3)nc21,9.198969841003418,8.97911380689939,0.3142866452578147,0.6172839506172839,0.2198560341040281
rf,453,COc1cc(F)cc2c1nc(N)n1nc([C@@H]3CCCN(c4cn(CC(C)(C)O)nc4C)C3)nc21,9.397939682006836,8.852544128497442,0.3907201838893018,0.759493670886076,0.545395553509394
rf,454,COc1cc(F)cc2c1nc(N)n1nc([C@@H]3CCCN(c4cnn(C(C)(C)C(C)O)c4)C3)nc21,8.872364044189453,8.85714119879405,0.3668418432012445,0.7108433734939759,0.015222845395403084
rf,455,COc1cc(F)cc2c1nc(N)n1nc([C@@H]3CCCN(c4cnn(C(C)(C)CO)c4)C3)nc21,9.301030158996582,8.75482824598948,0.3643643256845397,0.75,0.5462019130071027
rf,456,COc1cc(F)cc2c1nc(N)n1nc([C@@H]3CCCN(c4cnn(C(C)C(C)O)c4)C3)nc21,8.90623950958252,8.829345987097424,0.3368309143700461,0.6987951807228916,0.07689352248509529
rf,457,COc1cc(F)cc2c1nc(N)n1nc([C@@H]3CCCN(c4cnn(C(C)C(C)O)c4C)C3)nc21,8.827803611755371,9.042971990585327,0.2570318154089134,0.6296296296296297,0.2151683788299561
rf,458,COc1cc(F)cc2c1nc(N)n1nc([C@@H]3CCCN(c4cnn(CC(C)(C)O)c4)C3)nc21,8.552842140197754,8.740031550995507,0.40177847007212425,0.9583333333333334,0.1871894107977532
rf,459,COc1cc(F)cc2c1nc(N)n1nc([C@@H]3CCCN(c4cnn(CC(C)(C)O)c4C)C3)nc21,8.823908805847168,8.91618542846044,0.3266751662822321,0.7721518987341772,0.09227662261327119
rf,463,COc1cc(F)cc2c1nc(N)n1nc([C@@H]3CC[C@@H](C)N(c4cn(CC(C)(C)O)nc4C)C3)nc21,8.537602424621582,8.669440488831201,0.5763313726155309,0.6206896551724138,0.13183806420961908
rf,464,COc1cc(F)cc2c1nc(N)n1nc([C@@H]3CC[C@H](C)N(c4cn(CC(C)(C)O)nc4C)C3)nc21,9.698969841003418,8.669440488831201,0.5763313726155309,0.6206896551724138,1.0295293521722169
rf,465,COc1cc(F)cc2c1nc(N)n1nc([C@H]3CC[C@H](C)N(c4cn(CC(C)(C)O)nc4C)C3)nc21,6.684029579162598,8.669440488831201,0.5763313726155309,0.6206896551724138,1.9854109096686035
rf,473,COc1cc2nc(N)n3nc(C4CC(C)CN(c5cn(C(C)(C)CO)nc5C)C4)nc3c2cc1F,7.6216020584106445,8.231437363166998,0.6594698569913531,0.6428571428571429,0.6098353047563538
rf,474,COc1cc2nc(N)n3nc(C4CC(C)CN(c5cn(CC(C)(C)O)nc5C)C4)nc3c2cc1F,8.282476425170898,8.153971498540434,0.6273305940584839,0.7195121951219512,0.1285049266304643
rf,475,COc1cc2nc(N)n3nc(C4CC(C)CN(c5cnn(C(C)(C)CO)c5)C4)nc3c2cc1F,8.022275924682617,8.11108035229384,0.5905294685749665,0.6352941176470588,0.08880442761122254
rf,476,COc1cc2nc(N)n3nc(C4CC(C)CN(c5cnn(C(C)C(C)O)c5)C4)nc3c2cc1F,8.47269344329834,8.565346577517193,0.6120740786248232,0.6046511627906976,0.09265313421885324
rf,477,COc1cc2nc(N)n3nc(C4CC(C)CN(c5cnn(CC(C)(C)O)c5C)C4)nc3c2cc1F,8.480888366699219,8.233284179849816,0.6942174402777398,0.6588235294117647,0.24760418684940255
rf,479,COc1cc2nc(N)n3nc(C4CC(F)CN(c5cnn(CC(C)(C)O)c5)C4)nc3c2cc1F,7.97469425201416,8.064671275637227,0.4086167791236862,0.7948717948717948,0.08997702362306725
rf,482,COc1cc2nc(N)n3nc(C4CCC(C)N(c5cn(CC(C)(C)O)nc5C)C4)nc3c2cc1F,7.861046314239502,8.177364018016734,0.6364735807858407,0.7654320987654321,0.3163177037772318
rf,483,COc1cc2nc(N)n3nc(C4CCC(C)N(c5cnn(C(C)(C)C(C)(C)O)c5)C4)nc3c2cc1F,9.154901504516602,9.121731021436055,0.3845399627967366,0.7160493827160493,0.033170483080546376
rf,484,COc1cc2nc(N)n3nc(C4CCC(C)N(c5cnn(C(C)(C)C(C)O)c5)C4)nc3c2cc1F,7.857671737670898,9.12651830250422,0.3769684284367223,0.7073170731707317,1.2688465648333214
rf,485,COc1cc2nc(N)n3nc(C4CCC(C)N(c5cnn(C(C)(C)CO)c5)C4)nc3c2cc1F,8.585026741027832,8.51381282394727,0.6170083734286658,0.7283950617283951,0.0712139170805628
rf,486,COc1cc2nc(N)n3nc(C4CCC(C)N(c5cnn(C(C)(CO)CO)c5)C4)nc3c2cc1F,8.279152870178223,8.510450587860744,0.6168486764303274,0.7283950617283951,0.23129771768252105
rf,487,COc1cc2nc(N)n3nc(C4CCC(C)N(c5cnn(C(C)C(C)(C)O)c5)C4)nc3c2cc1F,9.221848487854004,9.115052380339302,0.3699361452726477,0.6987951807228916,0.10679610751470214
rf,488,COc1cc2nc(N)n3nc(C4CCC(C)N(c5cnn(C(C)C(C)O)c5)C4)nc3c2cc1F,8.330771446228027,9.130080415471395,0.3755561166482814,0.7160493827160493,0.7993089692433681
rf,491,COc1cc2nc(N)n3nc(C4CCC(C)N(c5cnn(CC(C)(C)N)c5)C4)nc3c2cc1F,8.121301651000977,8.19333391477267,0.5238417620350551,0.7721518987341772,0.07203226377169258
rf,492,COc1cc2nc(N)n3nc(C4CCC(C)N(c5cnn(CC(C)(C)O)c5C)C4)nc3c2cc1F,8.329183578491211,8.370396143553332,0.6779447744813678,0.6987951807228916,0.04121256506212134
rf,493,COc1cc2nc(N)n3nc(C4CCC(C)N(c5cnn(CC(C)(O)CO)c5)C4)nc3c2cc1F,7.803651332855225,8.126896712001164,0.7223558542716386,0.7654320987654321,0.32324537914593954
rf,494,COc1cc2nc(N)n3nc(C4CCC(C)N(c5cnn(CC(C)O)c5)C4)nc3c2cc1F,8.903437614440918,8.297686205561957,0.5356809200027824,0.7848101265822784,0.6057514088789606
rf,499,COc1cc2nc(N)n3nc(C4CN(c5cnn(CC(C)(C)O)c5)CCC4C)nc3c2cc1F,9.221848487854004,7.920584370246351,0.38975982012380284,0.7848101265822784,1.3012641176076531
rf,504,COc1cc2nc(N)n3nc([C@@H]4CCCN(c5cn(C(C)(C)CO)nc5C)C4)nc3c2cc1F,9.301030158996582,8.60494102767838,0.5617760818590823,0.7125,0.6960891313182014
rf,507,COc1cc2nc(N)n3nc([C@@H]4CCCN(c5cn(CC(C)(C)O)nc5C)C4)nc3c2cc1F,9.301030158996582,8.50270526897112,0.6171018655298816,0.8552631578947368,0.7983248900254623
rf,509,COc1cc2nc(N)n3nc([C@@H]4CCCN(c5cn(CS(C)(=O)=O)nc5C(F)F)C4)nc3c2cc1F,8.173925399780273,8.565687366331945,0.6646200872144233,0.7228915662650602,0.3917619665516714
rf,510,COc1cc2nc(N)n3nc([C@@H]4CCCN(c5cn(CS(C)(=O)=O)nc5C)C4)nc3c2cc1F,8.387216567993164,8.392659846565458,0.660941219657496,0.7037037037037037,0.005443278572293764
rf,512,COc1cc2nc(N)n3nc([C@@H]4CCCN(c5cnn(C(C)(C)C(C)O)c5)C4)nc3c2cc1F,8.698969841003418,8.67007014242808,0.387487701457823,0.7108433734939759,0.02889969857533714
rf,513,COc1cc2nc(N)n3nc([C@@H]4CCCN(c5cnn(C(C)(C)C)c5)C4)nc3c2cc1F,8.823908805847168,8.52852250655492,0.3002115070554993,0.7435897435897436,0.29538629929224847
rf,514,COc1cc2nc(N)n3nc([C@@H]4CCCN(c5cnn(C(C)(C)CO)c5)C4)nc3c2cc1F,8.42021656036377,8.301681056759087,0.4604198093012151,0.75,0.1185355036046829
rf,515,COc1cc2nc(N)n3nc([C@@H]4CCCN(c5cnn(C(C)C(C)(C)O)c5)C4)nc3c2cc1F,8.962226867675781,8.637932597573599,0.31490797685075284,0.7625,0.3242942701021825
rf,516,COc1cc2nc(N)n3nc([C@@H]4CCCN(c5cnn(C(C)C(C)O)c5)C4)nc3c2cc1F,8.602060317993164,8.623308766587575,0.3136907142220276,0.725,0.02124844859441133
rf,517,COc1cc2nc(N)n3nc([C@@H]4CCCN(c5cnn(C(C)C(C)O)c5C)C4)nc3c2cc1F,8.450160026550293,8.99140291191737,0.2672014954871706,0.7073170731707317,0.5412428853670779
rf,518,COc1cc2nc(N)n3nc([C@@H]4CCCN(c5cnn(C(C)C)c5)C4)nc3c2cc1F,8.337242126464844,8.62053819773992,0.3349543539838106,0.7402597402597403,0.2832960712750765
rf,519,COc1cc2nc(N)n3nc([C@@H]4CCCN(c5cnn(C)c5)C4)nc3c2cc1F,8.565383911132812,8.52783316224416,0.33059809935295603,0.7808219178082192,0.03755074888865195
rf,527,COc1cc2nc(N)n3nc([C@@H]4CCCN(c5cnn(CC(C)(C)O)c5)C4)nc3c2cc1F,8.431797981262207,8.043671828317642,0.41145330877207237,0.9583333333333334,0.3881261529445652
rf,528,COc1cc2nc(N)n3nc([C@@H]4CCCN(c5cnn(CC(C)(C)O)c5C)C4)nc3c2cc1F,8.346787452697754,8.610161530033746,0.5947697966723557,0.7721518987341772,0.2633740773359925
rf,529,COc1cc2nc(N)n3nc([C@@H]4CCCN(c5cnn(CC(F)(F)F)c5)C4)nc3c2cc1F,8.481486320495605,8.044809431552885,0.45194313401901665,0.8289473684210527,0.4366768889427206
rf,532,COc1cc2nc(N)n3nc([C@@H]4CCCN(c5cnn(CCC(C)(C)O)c5)C4)nc3c2cc1F,8.229147911071777,8.079245514588884,0.43996899867553496,0.8333333333333334,0.1499023964828936
rf,533,COc1cc2nc(N)n3nc([C@@H]4CCCN(c5cnn(CCCC(C)=O)c5)C4)nc3c2cc1F,8.236572265625,8.054813799799813,0.4912130594936215,0.7380952380952381,0.18175846582518673
rf,534,COc1cc2nc(N)n3nc([C@@H]4CCCN(c5cnn(CCC[C@@H](C)O)c5)C4)nc3c2cc1F,6.688246250152588,8.13611588262452,0.49441530253022753,0.7469879518072289,1.4478696324719316
rf,535,COc1cc2nc(N)n3nc([C@@H]4CCCN(c5cnn(CCC[C@H](C)O)c5)C4)nc3c2cc1F,8.107905387878418,8.13611588262452,0.49441530253022753,0.7469879518072289,0.02821049474610149
rf,536,COc1cc2nc(N)n3nc([C@@H]4CCCN(c5cnn(CS(C)(=O)=O)c5)C4)nc3c2cc1F,7.9281182289123535,8.054880247979693,0.4624291225753401,0.7625,0.12676201906733908
rf,542,COc1cc2nc(N)n3nc([C@@H]4CC[C@@H](C)N(c5cnn(C(C)C(C)O)c5)C4)nc3c2cc1F,9.0,9.130080415471395,0.3755561166482814,0.7160493827160493,0.13008041547139548
rf,544,COc1cc2nc(N)n3nc([C@@H]4CC[C@H](C)N(c5cnn(C(C)C(C)(C)O)c5)C4)nc3c2cc1F,9.522878646850586,9.115052380339302,0.3699361452726477,0.6987951807228916,0.4078262665112842
rf,545,COc1cc2nc(N)n3nc([C@@H]4CC[C@H](C)N(c5cnn(C(C)C(C)O)c5)C4)nc3c2cc1F,6.913640022277832,9.130080415471395,0.3755561166482814,0.7160493827160493,2.2164403931935635
rf,548,COc1cc2nc(N)n3nc([C@@H]4CC[C@H](C)N(c5cnn(CC(C)(C)O)c5)C4)nc3c2cc1F,9.154901504516602,8.202534145879746,0.5164156374982511,0.7848101265822784,0.952367358636856
rf,550,COc1cc2nc(N)n3nc([C@@H]4C[C@@H](F)CN(c5cnn(CC(C)(C)O)c5)C4)nc3c2cc1F,7.935542106628418,8.064671275637227,0.4086167791236862,0.7948717948717948,0.12912916900880944
rf,552,COc1cc2nc(N)n3nc([C@@H]4C[C@H](C)CN(c5cn(CC(C)(C)O)nc5C)C4)nc3c2cc1F,8.95860767364502,8.153971498540434,0.6273305940584839,0.7195121951219512,0.8046361751045854
rf,554,COc1cc2nc(N)n3nc([C@H]4CCCN(c5cn(CS(C)(=O)=O)nc5C)C4)nc3c2cc1F,8.920818328857422,8.392659846565458,0.660941219657496,0.7037037037037037,0.528158482291964
rf,555,COc1cc2nc(N)n3nc([C@H]4CCCN(c5cnn(C(C)(C)C(C)O)c5)C4)nc3c2cc1F,8.585026741027832,8.67007014242808,0.387487701457823,0.7108433734939759,0.0850434014002488
rf,557,COc1cc2nc(N)n3nc([C@H]4CC[C@@H](C)N(c5cnn(C(C)C(C)O)c5)C4)nc3c2cc1F,9.09691047668457,9.130080415471395,0.3755561166482814,0.7160493827160493,0.03316993878682517
rf,560,COc1cc2nc(N)n3nc([C@H]4CC[C@H](C)N(c5cnn(C(C)C(C)O)c5)C4)nc3c2cc1F,7.482804298400879,9.130080415471395,0.3755561166482814,0.7160493827160493,1.6472761170705166
rf,563,COc1cc2nc(N)n3nc([C@H]4C[C@@H](C)CN(c5cn(CC(C)(C)O)nc5C)C4)nc3c2cc1F,7.476253509521484,8.153971498540434,0.6273305940584839,0.7195121951219512,0.6777179890189498
rf,564,COc1cc2nc(N)n3nc([C@H]4C[C@H](F)CN(c5cnn(CC(C)(C)O)c5)C4)nc3c2cc1F,6.917214393615723,8.064671275637227,0.4086167791236862,0.7948717948717948,1.1474568820215048
rf,702,C[C@@H]1CC[C@H](c2nc3c4cc(F)cc(F)c4nc(N)n3n2)CN1c1cnn(C(C)(CO)CO)c1,8.853872299194336,8.637930700508754,0.6255921675049279,0.5168539325842697,0.21594159868558194
rf,971,C[C@H]1CC[C@@H](c2nc3c4cc(F)c(Cl)cc4nc(N)n3n2)CN1c1cnn(CC(C)(C)O)c1,9.698969841003418,8.117136492443084,0.6271116766585022,0.6352941176470588,1.581833348560334
rf,972,C[C@H]1CC[C@@H](c2nc3c4cc(F)cc(F)c4nc(N)n3n2)CN1c1cnn(C(C)(CO)CO)c1,7.570247650146484,8.637930700508754,0.6255921675049279,0.5168539325842697,1.0676830503622696
rf,973,C[C@H]1CC[C@@H](c2nc3c4cc(F)cc(F)c4nc(N)n3n2)CN1c1cnn(CC(C)(C)O)c1,9.154901504516602,8.491711487801869,0.5990958687116213,0.6385542168674698,0.6631900167147329
rf,1035,Cc1c(N2CC(C)CC(c3nc4c5cc(F)cc(F)c5nc(N)n4n3)C2)cnn1C(C)C(C)O,7.792847633361816,8.843632466952007,0.6179979706890251,0.40816326530612246,1.0507848335901908
rf,1098,Cc1cc(Cl)cc2c1nc(N)n1nc(C3CCCN(c4cnn(C)c4)C3)nc21,6.482804298400879,8.697693442281086,0.4404677702754187,0.5116279069767442,2.2148891438802067
rf,1100,Cc1cc2nc(N)n3nc([C@@H]4CC[C@H](C)N(c5cnn(CC(C)(C)O)c5)C4)nc3c2cc1F,9.397939682006836,8.186350556500754,0.5431103656024001,0.6428571428571429,1.211589125506082
rf,1375,Cc1nn(C(C)(C)CO)cc1N1CC(C)CC(c2nc3c4cc(F)cc(F)c4nc(N)n3n2)C1,8.01716423034668,8.349911040385566,0.7037960690851764,0.45652173913043476,0.33274681003888595
rf,1376,Cc1nn(C(C)C(C)O)cc1N1CC(C)CC(c2nc3c4cc(F)cc(F)c4nc(N)n3n2)C1,8.107335090637207,8.818590684811275,0.6103939269285046,0.3979591836734694,0.7112555941740677
rf,1377,Cc1nn(C(C)C(C)O)cc1N1CCC[C@@H](c2nc3c4cc(F)cc(F)c4nc(N)n3n2)C1,9.071333885192871,8.922973541021348,0.37168637028110435,0.5,0.14836034417152355
rf,1378,Cc1nn(CC(C)(C)O)cc1N1CC(C)CC(c2nc3c4cc(F)cc(F)c4nc(N)n3n2)C1,8.421725273132324,8.353032027133306,0.6961296527861578,0.5111111111111111,0.06869324599901816
rf,1379,Cc1nn(CC(C)(C)O)cc1N1CCC[C@@H](c2nc3c4cc(F)c(OC(F)F)cc4nc(N)n3n2)C1,8.920818328857422,8.486694100999827,0.6333545599615149,0.7349397590361446,0.43412422785759475
rf,1436,Cn1cc(N2CCCC(c3nc4c5c(F)c(F)ccc5nc(N)n4n3)C2)cn1,6.896196365356445,8.533961923535664,0.3808541116240539,0.5180722891566265,1.6377655581792183
rf,1437,Cn1cc(N2CCCC(c3nc4c5cc(Cl)ccc5nc(N)n4n3)C2)cn1,6.500312805175781,8.590125555737815,0.4327143712618308,0.5365853658536586,2.089812750562034
rf,1438,Cn1cc(N2CCCC(c3nc4c5cc(F)c(F)cc5nc(N)n4n3)C2)cn1,7.485452175140381,8.526657838757831,0.3669154904916909,0.6533333333333333,1.0412056636174505
rf,1439,Cn1cc(N2CCCC(c3nc4c5cc(F)cc(F)c5nc(N)n4n3)C2)cn1,9.301030158996582,8.639440823332471,0.4008706022046642,0.620253164556962,0.6615893356641109
rf,1440,Cn1cc(N2CCCC(c3nc4c5cc(F)ccc5nc(N)n4n3)C2)cn1,6.982966423034668,8.64706168689728,0.41413861343530495,0.575,1.6640952638626114
rf,1441,Cn1cc(N2CCC[C@@H](c3nc4c5cc(Cl)cc(Cl)c5nc(N)n4n3)C2)cn1,7.235823631286621,8.689593543942769,0.4127768809621984,0.5176470588235295,1.4537699126561474
rf,15,CC(=O)N[C@@H]1CCN(C(=O)c2nc(N[C@@H](C)c3ccccn3)nc3ccsc23)C1,6.301030158996582,6.857078878823733,0.5155244541308301,0.875,0.5560487198271513
rf,20,CC(=O)N[C@H]1CCN(C(=O)c2nc(N[C@@H](C)c3ccccn3)nc3ccsc23)C1,6.301030158996582,6.857078878823733,0.5155244541308301,0.875,0.5560487198271513
rf,249,CCO[C@@H]1CCN(C(=O)c2nc(N[C@@H](C)c3ccccn3)nc3ccsc23)C1,7.12493896484375,6.649602405060117,0.45025360121617214,0.7536231884057971,0.4753365597836332
rf,250,CCO[C@H]1CCN(C(=O)c2nc(N[C@@H](C)c3ccccn3)nc3ccsc23)C1,6.522878646850586,6.649602405060117,0.45025360121617214,0.7536231884057971,0.12672375820953086
rf,314,CNc1cc2nc(NCc3ccccn3)nc(C(=O)N3CCCC3)c2s1,6.301030158996582,6.584197323900275,0.42454245612408026,0.6666666666666666,0.2831671649036931
rf,318,CNc1cc2nc(N[C@@H](C)c3ccccn3)nc(C(=O)N3CC[C@@H](C)C3)c2s1,6.522878646850586,6.648151930515158,0.5583523731166774,0.7910447761194029,0.1252732836645718
rf,319,CNc1cc2nc(N[C@@H](C)c3ccccn3)nc(C(=O)N3CC[C@@H](F)C3)c2s1,6.522878646850586,6.511757393014044,0.3623554394448033,0.7910447761194029,0.011121253836542166
rf,320,CNc1cc2nc(N[C@@H](C)c3ccccn3)nc(C(=O)N3CC[C@@H](O)C3)c2s1,6.301030158996582,6.470222717873425,0.2892113989728869,0.875,0.16919255887684326
rf,393,COC[C@@H]1CCN(C(=O)c2nc(N[C@@H](C)c3ccccn3)nc3cc(C)sc23)C1,6.522878646850586,7.0134068948643735,0.5339989584810098,0.9090909090909091,0.4905282480137876
rf,394,COC[C@@H]1CCN(C(=O)c2nc(N[C@@H](C)c3ccccn3)nc3ccsc23)C1,6.522878646850586,6.960288895918084,0.5132950299082828,0.7391304347826086,0.43741024906749804
rf,401,COC[C@H]1CCN(C(=O)c2nc(N[C@@H](C)c3ccccn3)nc3cc(C)sc23)C1,6.301030158996582,7.0134068948643735,0.5339989584810098,0.9090909090909091,0.7123767358677915
rf,402,COC[C@H]1CCN(C(=O)c2nc(N[C@@H](C)c3ccccn3)nc3ccsc23)C1,6.522878646850586,6.960288895918084,0.5132950299082828,0.7391304347826086,0.43741024906749804
rf,411,CO[C@@H]1CCN(C(=O)c2nc(N[C@@H](C)c3ccccn3)nc3c(C)csc23)C1,7.522878646850586,7.268816932862006,0.5104469879892324,0.7323943661971831,0.25406171398858035
rf,412,CO[C@@H]1CCN(C(=O)c2nc(N[C@@H](C)c3ccccn3)nc3cc(C)sc23)C1,7.522878646850586,6.886443637746084,0.5196544911285685,0.8769230769230769,0.6364350091045017
rf,419,CO[C@H]1CCN(C(=O)c2nc(N[C@@H](C)c3ccccn3)nc3c(C)csc23)C1,6.522878646850586,7.268816932862006,0.5104469879892324,0.7323943661971831,0.7459382860114196
rf,420,CO[C@H]1CCN(C(=O)c2nc(N[C@@H](C)c3ccccn3)nc3cc(C)sc23)C1,7.12493896484375,6.886443637746084,0.5196544911285685,0.8769230769230769,0.23849532709766574
rf,421,CO[C@H]1CCN(C(=O)c2nc(N[C@@H](C)c3ccccn3)nc3ccsc23)C1,7.522878646850586,6.642688258325166,0.4188518412020393,0.873015873015873,0.8801903885254196
rf,698,C[C@@H]1CCN(C(=O)c2nc(N[C@@H](C)c3ccccn3)nc3cc(N)sc23)C1,6.522878646850586,6.669196108201536,0.5468857592491858,0.7878787878787878,0.14631746135095014
rf,699,C[C@@H]1CCN(C(=O)c2nc(N[C@@H](C)c3ccccn3)nc3ccsc23)C1,7.12493896484375,6.688125772026945,0.5276160136367434,0.7777777777777778,0.4368131928168051
rf,789,C[C@H](Nc1nc(C(=O)N2CCC(C(=O)O)C2)c2sccc2n1)c1ccccn1,6.301030158996582,6.752895418913064,0.5198942990546451,0.7538461538461538,0.45186525991648185
rf,791,C[C@H](Nc1nc(C(=O)N2CCC(C(=O)OC(C)(C)C)C2)c2sccc2n1)c1ccccn1,6.301030158996582,6.856713452995201,0.7260902901055271,0.6962025316455697,0.5556832939986194
rf,794,C[C@H](Nc1nc(C(=O)N2CCC(F)(F)C2)c2sccc2n1)c1ccccn1,6.522878646850586,6.521053645802929,0.20062683523575056,0.8666666666666667,0.0018250010476572598
rf,807,C[C@H](Nc1nc(C(=O)N2CCCC2)c2sccc2n1)c1ccccn1,7.12493896484375,6.640649563983627,0.31379429129132624,0.9622641509433962,0.4842894008601233
rf,834,C[C@H](Nc1nc(C(=O)N2CC[C@@H](F)C2)c2sc(N)cc2n1)c1ccccn1,6.522878646850586,6.539446648159308,0.3570281791932135,0.7878787878787878,0.01656800130872238
rf,836,C[C@H](Nc1nc(C(=O)N2CC[C@@H](F)C2)c2sccc2n1)c1ccccn1,7.522878646850586,6.549304046311742,0.3226303861701547,0.7777777777777778,0.9735746005388437
rf,839,C[C@H](Nc1nc(C(=O)N2CC[C@@H](N)C2)c2sccc2n1)c1ccccn1,6.301030158996582,6.51416393208212,0.34525772227615165,0.765625,0.21313377308553783
rf,841,C[C@H](Nc1nc(C(=O)N2CC[C@@H](NC(=O)OC(C)(C)C)C2)c2sccc2n1)c1ccccn1,6.522878646850586,7.081895817547849,0.5208542131322009,0.7894736842105263,0.5590171706972633
rf,843,C[C@H](Nc1nc(C(=O)N2CC[C@@H](O)C2)c2sc(C(F)(F)F)cc2n1)c1ccccn1,6.301030158996582,6.662364025029723,0.4093389271382958,0.7,0.3613338660331413
rf,846,C[C@H](Nc1nc(C(=O)N2CC[C@@H](O)C2)c2sc(N)cc2n1)c1ccccn1,6.301030158996582,6.507303413796976,0.2739705355089779,0.873015873015873,0.2062732548003936
rf,850,C[C@H](Nc1nc(C(=O)N2CC[C@@H](O)C2)c2sccc2n1)c1ccccn1,6.522878646850586,6.51801323681203,0.2417579091368885,0.8666666666666667,0.004865410038555673
rf,855,C[C@H](Nc1nc(C(=O)N2CC[C@@H](S(C)(=O)=O)C2)c2sccc2n1)c1ccccn1,6.301030158996582,6.787961965997272,0.4608260019677997,0.7313432835820896,0.4869318070006896
rf,860,C[C@H](Nc1nc(C(=O)N2CC[C@H](F)C2)c2sccc2n1)c1ccccn1,7.12493896484375,6.549304046311742,0.3226303861701547,0.7777777777777778,0.5756349185320078
rf,865,C[C@H](Nc1nc(C(=O)N2CC[C@H](NC(=O)OC(C)(C)C)C2)c2sccc2n1)c1ccccn1,7.12493896484375,7.081895817547849,0.5208542131322009,0.7894736842105263,0.04304314729590075
rf,872,C[C@H](Nc1nc(C(=O)N2CC[C@H](O)C2)c2sccc2n1)c1ccccn1,6.301030158996582,6.51801323681203,0.2417579091368885,0.8666666666666667,0.21698307781544823
rf,877,C[C@H](Nc1nc(C(=O)N2CC[C@H](S(C)(=O)=O)C2)c2sccc2n1)c1ccccn1,6.522878646850586,6.787961965997272,0.4608260019677997,0.7313432835820896,0.2650833191466857
rf,969,C[C@H]1CCN(C(=O)c2nc(N[C@@H](C)c3ccccn3)nc3ccsc23)C1,6.522878646850586,6.688125772026945,0.5276160136367434,0.7777777777777778,0.16524712517635898
rf,1107,Cc1cc2nc(N[C@@H](C)c3ccccn3)nc(C(=O)N3CCCC3)c2s1,7.522878646850586,6.6987843031563,0.3422751034033671,0.9636363636363636,0.824094343694286
rf,1108,Cc1cc2nc(N[C@@H](C)c3ccccn3)nc(C(=O)N3CC[C@@H](O)C3)c2s1,6.522878646850586,6.587334309999257,0.33393340109868963,0.8709677419354839,0.0644556631486708
rf,1109,Cc1cc2nc(N[C@@H](C)c3ccccn3)nc(C(=O)N3CC[C@H](O)C3)c2s1,6.301030158996582,6.587334309999257,0.33393340109868963,0.8709677419354839,0.2863041510026747
rf,1355,Cc1csc2c(C(=O)N3CCCC3)nc(N[C@@H](C)c3ccccn3)nc12,7.522878646850586,7.273638899940625,0.4628365426186762,0.7424242424242424,0.24923974690996076
rf,1703,O=C(c1nc(NCc2ccc(F)cn2)nc2ccsc12)N1CCCC1,6.301030158996582,6.351939552886436,0.6786931907299633,0.6833333333333333,0.05090939388985394
rf,1704,O=C(c1nc(NCc2ccc(F)cn2)nc2ccsc12)N1CC[C@H](O)C1,6.301030158996582,6.317915684838781,0.6763297915546903,0.7384615384615385,0.016885525842199378
rf,1712,O=C(c1nc(NCc2cccc(F)n2)nc2ccsc12)N1CCCC1,6.301030158996582,6.520094769621288,0.35110759509085393,0.7241379310344828,0.21906461062470584
rf,1713,O=C(c1nc(NCc2cccc(O)n2)nc2ccsc12)N1CCCC1,6.301030158996582,6.424174712770178,0.3424295020412455,0.7368421052631579,0.12314455377359579
rf,1716,O=C(c1nc(NCc2ccccn2)nc2ccsc12)N1CCCC1,6.522878646850586,6.602751769253578,0.35190898645145463,0.7678571428571429,0.07987312240299183
gin,14,CC(=O)N[C@@H]1CCN(C(=O)c2nc(NCc3cncc(F)c3)nc3ccsc23)C1,6.301030158996582,6.468284396411708,0.09794741151533204,0.6901408450704225,0.16725423741512557
gin,16,CC(=O)N[C@@H]1CCN(C(=O)c2nc(N[C@@H](C)c3cccnc3)nc3ccsc23)C1,6.301030158996582,6.521043564682341,0.06916999875752179,0.704225352112676,0.22001340568575856
gin,17,CC(=O)N[C@@H]1CCN(C(=O)c2nc(N[C@@H](C)c3cncc(F)c3)nc3cc(C)sc23)C1,6.301030158996582,6.657428262100137,0.08000307490873564,0.7671232876712328,0.3563981031035546
gin,18,CC(=O)N[C@@H]1CCN(C(=O)c2nc(N[C@@H](C)c3cncc(F)c3)nc3ccsc23)C1,6.301030158996582,6.6244598376166905,0.07112547089082799,0.7671232876712328,0.3234296786201085
gin,19,CC(=O)N[C@H]1CCN(C(=O)c2nc(NCc3cncc(F)c3)nc3ccsc23)C1,6.301030158996582,6.916640521569511,0.14091428233301603,0.6901408450704225,0.6156103625729292
gin,21,CC(=O)N[C@H]1CCN(C(=O)c2nc(N[C@@H](C)c3cccnc3)nc3ccsc23)C1,6.301030158996582,6.9147000827834395,0.1336204892513414,0.704225352112676,0.6136699237868575
gin,22,CC(=O)N[C@H]1CCN(C(=O)c2nc(N[C@@H](C)c3cncc(F)c3)nc3cc(C)sc23)C1,6.301030158996582,7.032876700202851,0.08811180337137954,0.7671232876712328,0.7318465412062691
gin,23,CC(=O)N[C@H]1CCN(C(=O)c2nc(N[C@@H](C)c3cncc(F)c3)nc3ccsc23)C1,6.522878646850586,6.996647315990312,0.11259734140070235,0.7671232876712328,0.4737686691397265
gin,37,CC(C)(C)C(=O)N[C@H]1CCN(C(=O)c2nc(NCc3cncc(F)c3)nc3ccsc23)C1,7.12493896484375,6.883253313836856,0.1825056627963778,0.6621621621621622,0.2416856510068941
gin,44,CC(C)(C)OC(=O)N[C@@H]1CCN(C(=O)c2nc(NCc3cncc(F)c3)nc3ccsc23)C1,6.522878646850586,6.298604261125014,0.11374199636425035,0.717948717948718,0.2242743857255718
gin,45,CC(C)(C)OC(=O)N[C@H]1CCN(C(=O)c2nc(NCc3cncc(F)c3)nc3ccsc23)C1,6.522878646850586,6.729308072005121,0.12274177727639651,0.717948717948718,0.20642942515453466
gin,50,CC(C)(Nc1nc(C(=O)N2CCCC2)c2sccc2n1)c1cccnc1,6.301030158996582,6.624541209502536,0.14332771734610847,0.5797101449275363,0.32351105050595397
gin,86,CC(Nc1nc(C(=O)N2CCCC2)c2sccc2n1)c1cccnc1,5.629487037658691,6.56632066465939,0.026567465082613515,0.847457627118644,0.9368336270006985
gin,87,CC(Nc1nc(C(=O)N2CC[C@@H](F)C2)c2sccc2n1)c1cccnc1,6.522878646850586,6.703216411088827,0.06104468716717954,0.746268656716418,0.18033776423824133
gin,117,CCC(Nc1nc(C(=O)N2CCCC2)c2sccc2n1)c1cccnc1,6.522878646850586,6.4812340654419,0.03043955911132163,0.7213114754098361,0.04164458140868632
gin,118,CCC(Nc1nc(C(=O)N2CC[C@@H](OC)C2)c2sccc2n1)c1cccnc1,7.12493896484375,6.58993357924523,0.07399587977673366,0.6285714285714286,0.5350053855985202
gin,210,CCNC(=O)C1CCN(C(=O)c2nc(N[C@@H](C)c3cncc(F)c3)nc3ccsc23)C1,6.522878646850586,7.163847662287807,0.08119936689858544,0.782051282051282,0.6409690154372214
gin,258,CCc1cc2nc(N[C@@H](C)c3cccnc3)nc(C(=O)N3CCCC3)c2s1,6.301030158996582,6.673029177085186,0.11106138868019139,0.6285714285714286,0.37199901808860414
gin,311,CN[C@@H]1CCN(C(=O)c2nc(N[C@@H](C)c3cncc(F)c3)nc3cc(C)sc23)C1,6.301030158996582,6.474882722411348,0.048345088723784145,0.7746478873239436,0.17385256341476563
gin,312,CN[C@H]1CCN(C(=O)c2nc(N[C@@H](C)c3cncc(F)c3)nc3cc(C)sc23)C1,6.301030158996582,6.702599910496235,0.12441349164912872,0.7746478873239436,0.401569751499653
gin,323,CNc1cc2nc(N[C@@H](C)c3cccnc3)nc(C(=O)N3CCC(O)C3)c2s1,6.301030158996582,6.529628142876085,0.03345743201956926,0.6351351351351351,0.22859798387950292
gin,325,CNc1cc2nc(N[C@@H](C)c3cccnc3)nc(C(=O)N3CCCC3)c2s1,6.522878646850586,6.569442957133056,0.03552156176287851,0.6865671641791045,0.04656431028246999
gin,326,CNc1cc2nc(N[C@@H](C)c3cccnc3)nc(C(=O)N3CC[C@@H](F)C3)c2s1,6.522878646850586,6.694495689636741,0.05442356854413582,0.5714285714285714,0.17161704278615542
gin,327,CNc1cc2nc(N[C@@H](C)c3cccnc3)nc(C(=O)N3CC[C@H](F)C3)c2s1,6.522878646850586,6.511642063361794,0.03029317734662083,0.5714285714285714,0.011236583488791752
gin,328,CNc1cc2nc(N[C@@H](C)c3cccnc3)nc(C(=O)N3CC[C@H](O)C3)c2s1,6.301030158996582,6.478718943672359,0.03237524914476694,0.6351351351351351,0.17768878467577665
gin,331,CNc1cc2nc(N[C@@H](C)c3cncc(F)c3)nc(C(=O)N3CCCC3)c2s1,6.522878646850586,6.6706834428579995,0.03827388072880041,0.6527777777777778,0.14780479600741359
gin,332,CNc1cc2nc(N[C@@H](C)c3cncc(F)c3)nc(C(=O)N3CC[C@@H](O)C3)c2s1,6.301030158996582,6.709721355554026,0.020683433016194627,0.6075949367088608,0.40869119655744424
gin,333,CNc1cc2nc(N[C@@H](C)c3cncc(F)c3)nc(C(=O)N3CC[C@H](O)C3)c2s1,6.301030158996582,6.590973097298765,0.04236197549724732,0.6075949367088608,0.28994293830218254
gin,365,COCC(Nc1nc(C(=O)N2CCCC2)c2sccc2n1)c1cccnc1,6.522878646850586,6.460963228163987,0.03823626845257518,0.7058823529411765,0.06191541868659911
gin,366,COCC(Nc1nc(C(=O)N2CC[C@H](O)C2)c2sccc2n1)c1cccnc1,6.301030158996582,6.312282875771551,0.02591195895009647,0.6944444444444444,0.011252716774968974
gin,413,CO[C@@H]1CCN(C(=O)c2nc(N[C@@H](C)c3cccnc3)nc3cc(C)sc23)C1,7.12493896484375,6.510341384723308,0.06124982596325604,0.64,0.6145975801204422
gin,414,CO[C@@H]1CCN(C(=O)c2nc(N[C@@H](C)c3cccnc3)nc3ccsc23)C1,7.323908805847168,6.457347847111333,0.08055759183542446,0.7142857142857143,0.8665609587358354
gin,415,CO[C@@H]1CCN(C(=O)c2nc(N[C@@H](C)c3cncc(Cl)c3)nc3ccsc23)C1,6.522878646850586,6.341298491944791,0.09578105260338039,0.6753246753246753,0.18158015490579515
gin,416,CO[C@@H]1CCN(C(=O)c2nc(N[C@@H](C)c3cncc(F)c3)nc3cc(C)sc23)C1,7.12493896484375,6.626632115389345,0.07327928861415166,0.7066666666666667,0.49830684945440495
gin,417,CO[C@@H]1CCN(C(=O)c2nc(N[C@@H](C)c3cncc(F)c3)nc3ccsc23)C1,6.522878646850586,6.583437827978479,0.07595322046598388,0.7532467532467533,0.060559181127892714
gin,422,CO[C@H]1CCN(C(=O)c2nc(N[C@@H](C)c3cccnc3)nc3cc(C)sc23)C1,6.522878646850586,6.666451456311112,0.05580287565570172,0.64,0.14357280946052597
gin,423,CO[C@H]1CCN(C(=O)c2nc(N[C@@H](C)c3cccnc3)nc3ccsc23)C1,7.12493896484375,6.627859095856042,0.08680744244162551,0.7142857142857143,0.49707986898770784
gin,424,CO[C@H]1CCN(C(=O)c2nc(N[C@@H](C)c3cncc(Cl)c3)nc3ccsc23)C1,6.522878646850586,6.536352109254512,0.11307458701096619,0.6753246753246753,0.013473462403926106
gin,425,CO[C@H]1CCN(C(=O)c2nc(N[C@@H](C)c3cncc(F)c3)nc3cc(C)sc23)C1,6.522878646850586,6.7742071859352,0.04004539870485228,0.7066666666666667,0.2513285390846143
gin,426,CO[C@H]1CCN(C(=O)c2nc(N[C@@H](C)c3cncc(F)c3)nc3ccsc23)C1,6.522878646850586,6.7346188129985025,0.06322707859528709,0.7532467532467533,0.21174016614791658
gin,589,COc1ccc(CNc2nc(C(=O)N3CCCC3)c3sccc3n2)cn1,7.12493896484375,6.560698992020164,0.06831193874640812,0.7258064516129032,0.5642399728235858
gin,680,COc1cncc(CNc2nc(C(=O)N3CCCC3)c3sccc3n2)c1,6.301030158996582,6.486815010813313,0.06082821848836246,0.7288135593220338,0.18578485181673088
gin,688,CS(=O)(=O)[C@@H]1CCN(C(=O)c2nc(NCc3cncc(F)c3)nc3ccsc23)C1,6.301030158996582,6.30177346052686,0.1645078844664005,0.6901408450704225,0.0007433015302780177
gin,695,C[C@@H](Nc1nc(C(=O)N2CCCC2)c2sccc2n1)c1cccnc1,5.170053482055664,6.535600250576476,0.04241724937250857,0.847457627118644,1.3655467685208116
gin,700,C[C@@H]1CCN(C(=O)c2nc(N[C@@H](C)c3cccnc3)nc3ccsc23)C1,6.522878646850586,6.438682589862751,0.06263625713405604,0.7692307692307693,0.08419605698783528
gin,787,C[C@H](Nc1nc(C(=O)N2CCC(C(=O)NC(C)(C)C)C2)c2sccc2n1)c1cncc(F)c1,6.522878646850586,7.260749619543602,0.0745107158821917,0.782051282051282,0.7378709726930159
gin,788,C[C@H](Nc1nc(C(=O)N2CCC(C(=O)NCC(C)(C)C)C2)c2sccc2n1)c1cncc(F)c1,8.0,7.207289161544071,0.0930523578369305,0.7530864197530864,0.7927108384559292
gin,790,C[C@H](Nc1nc(C(=O)N2CCC(C(=O)O)C2)c2sccc2n1)c1cncc(F)c1,6.301030158996582,6.70888745743424,0.0552215122411477,0.7866666666666666,0.4078572984376576
gin,792,C[C@H](Nc1nc(C(=O)N2CCC(C(=O)OC(C)(C)C)C2)c2sccc2n1)c1cncc(F)c1,6.522878646850586,6.6047094396368,0.04887174874500551,0.75,0.08183079278621364
gin,793,C[C@H](Nc1nc(C(=O)N2CCC(C)(C)C2)c2sccc2n1)c1cccnc1,6.522878646850586,6.505850628077372,0.0504098676949633,0.7538461538461538,0.017028018773213915
gin,795,C[C@H](Nc1nc(C(=O)N2CCC(F)(F)C2)c2sccc2n1)c1cccnc1,6.522878646850586,6.271745422712108,0.15008945173447497,0.7424242424242424,0.25113322413847783
gin,804,C[C@H](Nc1nc(C(=O)N2CCCC2)c2sc(C(F)(F)F)cc2n1)c1cccnc1,6.301030158996582,6.533426052785888,0.09562529537467916,0.6857142857142857,0.23239589378930603
gin,805,C[C@H](Nc1nc(C(=O)N2CCCC2)c2sc(N)cc2n1)c1cncc(F)c1,6.522878646850586,6.692836768711852,0.08671611233892298,0.6619718309859155,0.16995812186126624
gin,808,C[C@H](Nc1nc(C(=O)N2CCCC2)c2sccc2n1)c1cccnc1,6.32975435256958,6.550513182446977,0.03893567743043688,0.847457627118644,0.22075882987739703
gin,811,C[C@H](Nc1nc(C(=O)N2CCCC2)c2sccc2n1)c1cncc(Cl)c1,6.522878646850586,6.4576675237395165,0.07938976516606026,0.7333333333333333,0.06521112311106947
gin,812,C[C@H](Nc1nc(C(=O)N2CCCC2)c2sccc2n1)c1cncc(F)c1,6.522878646850586,6.671839681471911,0.02755306258391589,0.8,0.14896103462132526
gin,815,C[C@H](Nc1nc(C(=O)N2CCC[C@@H]2C)c2sccc2n1)c1cccnc1,6.522878646850586,6.467932346501023,0.099572174429173,0.6911764705882353,0.05494630034956316
gin,816,C[C@H](Nc1nc(C(=O)N2CCC[C@@H]2C)c2sccc2n1)c1cncc(F)c1,6.522878646850586,6.631804802642965,0.09333801793557436,0.7083333333333334,0.1089261557923793
gin,817,C[C@H](Nc1nc(C(=O)N2CCC[C@@H]2CO)c2sccc2n1)c1cccnc1,6.301030158996582,6.391104672634334,0.06978119573311277,0.6619718309859155,0.09007451363775232
gin,818,C[C@H](Nc1nc(C(=O)N2CCC[C@H]2C)c2sccc2n1)c1cccnc1,6.301030158996582,6.702701398066652,0.18421122986575167,0.6911764705882353,0.40167123907006985
gin,819,C[C@H](Nc1nc(C(=O)N2CCC[C@H]2C)c2sccc2n1)c1cncc(F)c1,6.522878646850586,6.841818993857572,0.15222232511369718,0.7083333333333334,0.31894034700698626
gin,820,C[C@H](Nc1nc(C(=O)N2CCC[C@H]2CO)c2sccc2n1)c1cccnc1,6.301030158996582,6.610123184506153,0.1459310439882268,0.6619718309859155,0.3090930255095712
gin,832,C[C@H](Nc1nc(C(=O)N2CC[C@@H](CO)C2)c2sccc2n1)c1cccnc1,6.522878646850586,6.518810240511694,0.08765755644017822,0.7142857142857143,0.004068406338891606
gin,833,C[C@H](Nc1nc(C(=O)N2CC[C@@H](CO)C2)c2sccc2n1)c1cncc(F)c1,6.522878646850586,6.6401130063348255,0.06824303729777918,0.7307692307692307,0.11723435948423955
gin,835,C[C@H](Nc1nc(C(=O)N2CC[C@@H](F)C2)c2sc(N)cc2n1)c1cccnc1,6.522878646850586,6.702109641546232,0.12849943874370193,0.5657894736842105,0.1792309946956463
gin,837,C[C@H](Nc1nc(C(=O)N2CC[C@@H](F)C2)c2sccc2n1)c1cccnc1,6.522878646850586,6.672926106453626,0.07279363654775751,0.746268656716418,0.1500474596030399
gin,838,C[C@H](Nc1nc(C(=O)N2CC[C@@H](F)C2)c2sccc2n1)c1cncc(F)c1,6.522878646850586,6.801197036962502,0.04167004545103847,0.7647058823529411,0.2783183901119157
gin,840,C[C@H](Nc1nc(C(=O)N2CC[C@@H](N)C2)c2sccc2n1)c1cccnc1,6.301030158996582,6.548905211931743,0.0789442535264008,0.7352941176470589,0.24787505293516077
gin,842,C[C@H](Nc1nc(C(=O)N2CC[C@@H](NC(=O)OC(C)(C)C)C2)c2sccc2n1)c1cccnc1,6.522878646850586,6.759587908727982,0.11867348021595697,0.6493506493506493,0.2367092618773965
gin,844,C[C@H](Nc1nc(C(=O)N2CC[C@@H](O)C2)c2sc(C(F)(F)F)cc2n1)c1cccnc1,6.301030158996582,6.50488835577843,0.11182461000611603,0.64,0.20385819678184802
gin,845,C[C@H](Nc1nc(C(=O)N2CC[C@@H](O)C2)c2sc(C(F)(F)F)cc2n1)c1cncc(F)c1,6.301030158996582,6.7083585147455365,0.12089659907665166,0.6351351351351351,0.40732835574895443
gin,847,C[C@H](Nc1nc(C(=O)N2CC[C@@H](O)C2)c2sc(N)cc2n1)c1cccnc1,6.301030158996582,6.610149365412934,0.10774485217423181,0.6301369863013698,0.3091192064163524
gin,848,C[C@H](Nc1nc(C(=O)N2CC[C@@H](O)C2)c2sc(N)cc2n1)c1cncc(F)c1,6.522878646850586,6.730071581123099,0.07828373327194299,0.6153846153846154,0.20719293427251273
gin,851,C[C@H](Nc1nc(C(=O)N2CC[C@@H](O)C2)c2sccc2n1)c1cccnc1,6.301030158996582,6.572138280850595,0.06765216376155307,0.75,0.271108121854013
gin,853,C[C@H](Nc1nc(C(=O)N2CC[C@@H](O)C2)c2sccc2n1)c1cncc(Cl)c1,6.301030158996582,6.460368798241113,0.11512716858709006,0.704225352112676,0.15933863924453107
gin,854,C[C@H](Nc1nc(C(=O)N2CC[C@@H](O)C2)c2sccc2n1)c1cncc(F)c1,6.301030158996582,6.699949634086859,0.05607061844898129,0.8059701492537313,0.3989194750902767
gin,856,C[C@H](Nc1nc(C(=O)N2CC[C@@H](S(C)(=O)=O)C2)c2sccc2n1)c1cccnc1,6.301030158996582,6.486054543842954,0.16107109379389073,0.7246376811594203,0.18502438484637196
gin,857,C[C@H](Nc1nc(C(=O)N2CC[C@H](CO)C2)c2sccc2n1)c1cccnc1,6.522878646850586,6.392889081353804,0.04030890988599254,0.7142857142857143,0.12998956549678198
gin,858,C[C@H](Nc1nc(C(=O)N2CC[C@H](CO)C2)c2sccc2n1)c1cncc(F)c1,6.522878646850586,6.544083283980726,0.03181274356801819,0.7307692307692307,0.02120463713013976
gin,859,C[C@H](Nc1nc(C(=O)N2CC[C@H](F)C2)c2sc(N)cc2n1)c1cccnc1,6.522878646850586,6.511667214325183,0.06325094030529463,0.5657894736842105,0.011211432525403353
gin,861,C[C@H](Nc1nc(C(=O)N2CC[C@H](F)C2)c2sccc2n1)c1cccnc1,7.12493896484375,6.448473193625485,0.08476045914435933,0.746268656716418,0.6764657712182647
gin,862,C[C@H](Nc1nc(C(=O)N2CC[C@H](F)C2)c2sccc2n1)c1cncc(F)c1,6.522878646850586,6.607882885965729,0.08724093023369711,0.7647058823529411,0.08500423911514332
gin,863,C[C@H](Nc1nc(C(=O)N2CC[C@H](N)C2)c2sccc2n1)c1cccnc1,6.301030158996582,6.389178347887373,0.03337744560643023,0.7352941176470589,0.08814818889079135
gin,864,C[C@H](Nc1nc(C(=O)N2CC[C@H](N)C2)c2sccc2n1)c1cncc(F)c1,6.301030158996582,6.544796106532573,0.029954258614321348,0.75,0.2437659475359908
gin,866,C[C@H](Nc1nc(C(=O)N2CC[C@H](NC(=O)OC(C)(C)C)C2)c2sccc2n1)c1cccnc1,7.12493896484375,6.357882030147337,0.10371357742308399,0.6493506493506493,0.7670569346964129
gin,868,C[C@H](Nc1nc(C(=O)N2CC[C@H](O)C2)c2sc(C(F)(F)F)cc2n1)c1cccnc1,6.301030158996582,6.273143806104223,0.06252998546271757,0.64,0.02788635289235941
gin,869,C[C@H](Nc1nc(C(=O)N2CC[C@H](O)C2)c2sc(C(F)(F)F)cc2n1)c1cncc(F)c1,6.301030158996582,6.494730341961546,0.07899381947286652,0.6351351351351351,0.19370018296496383
gin,870,C[C@H](Nc1nc(C(=O)N2CC[C@H](O)C2)c2sc(N)cc2n1)c1cccnc1,6.301030158996582,6.472705167768215,0.05955948075129939,0.6301369863013698,0.17167500877163278
gin,873,C[C@H](Nc1nc(C(=O)N2CC[C@H](O)C2)c2sccc2n1)c1cccnc1,6.301030158996582,6.397497556715134,0.07424235863689913,0.75,0.09646739771855195
gin,875,C[C@H](Nc1nc(C(=O)N2CC[C@H](O)C2)c2sccc2n1)c1cncc(Cl)c1,6.301030158996582,6.271251329620426,0.11297565048067734,0.704225352112676,0.029778829376155613
gin,876,C[C@H](Nc1nc(C(=O)N2CC[C@H](O)C2)c2sccc2n1)c1cncc(F)c1,6.301030158996582,6.5584320357473125,0.06117612227293138,0.8059701492537313,0.25740187675073045
gin,970,C[C@H]1CCN(C(=O)c2nc(N[C@@H](C)c3cccnc3)nc3ccsc23)C1,6.522878646850586,6.644538323429155,0.14315389595522743,0.7692307692307693,0.12165967657856935
gin,1124,Cc1cc2nc(N[C@@H](C)c3cccnc3)nc(C(=O)N3CCCC3)c2s1,6.411954402923584,6.5665447345667864,0.012839706599441093,0.676923076923077,0.15459033164320246
gin,1125,Cc1cc2nc(N[C@@H](C)c3cccnc3)nc(C(=O)N3CC[C@@H](CO)C3)c2s1,6.301030158996582,6.554170040973126,0.04873848701552192,0.6493506493506493,0.25313988197654425
gin,1126,Cc1cc2nc(N[C@@H](C)c3cccnc3)nc(C(=O)N3CC[C@@H](O)C3)c2s1,6.301030158996582,6.598358198329052,0.039844803690294514,0.625,0.29732803933247
gin,1127,Cc1cc2nc(N[C@@H](C)c3cccnc3)nc(C(=O)N3CC[C@H](CO)C3)c2s1,6.301030158996582,6.451745234782582,0.017835338823360004,0.6493506493506493,0.15071507578599963
gin,1128,Cc1cc2nc(N[C@@H](C)c3cccnc3)nc(C(=O)N3CC[C@H](O)C3)c2s1,6.301030158996582,6.461953626818346,0.056003706906006416,0.625,0.16092346782176392
gin,1170,Cc1cc2nc(N[C@@H](C)c3cncc(F)c3)nc(C(=O)N3CCCC3)c2s1,7.12493896484375,6.680377632475188,0.013994505882669234,0.8,0.4445613323685622
gin,1173,Cc1cc2nc(N[C@@H](C)c3cncc(F)c3)nc(C(=O)N3CC[C@@H](CN)C3)c2s1,6.301030158996582,6.640410399311169,0.051127423559300174,0.6973684210526315,0.33938024031458713
gin,1174,Cc1cc2nc(N[C@@H](C)c3cncc(F)c3)nc(C(=O)N3CC[C@@H](CO)C3)c2s1,6.522878646850586,6.664789248468106,0.038807440487591535,0.7066666666666667,0.14191060161752045
gin,1175,Cc1cc2nc(N[C@@H](C)c3cncc(F)c3)nc(C(=O)N3CC[C@@H](N)C3)c2s1,6.301030158996582,6.675832886450816,0.04127686741009,0.726027397260274,0.3748027274542336
gin,1177,Cc1cc2nc(N[C@@H](C)c3cncc(F)c3)nc(C(=O)N3CC[C@@H](O)C3)c2s1,6.522878646850586,6.713013385242188,0.032996047764158355,0.7361111111111112,0.19013473839160167
gin,1179,Cc1cc2nc(N[C@@H](C)c3cncc(F)c3)nc(C(=O)N3CC[C@H](CN)C3)c2s1,6.301030158996582,6.537766234250608,0.010789202666798245,0.6973684210526315,0.23673607525402574
gin,1180,Cc1cc2nc(N[C@@H](C)c3cncc(F)c3)nc(C(=O)N3CC[C@H](CO)C3)c2s1,7.12493896484375,6.566581036892607,0.02461128602905891,0.7066666666666667,0.5583579279511426
gin,1181,Cc1cc2nc(N[C@@H](C)c3cncc(F)c3)nc(C(=O)N3CC[C@H](N)C3)c2s1,6.301030158996582,6.553665661162849,0.03588042423022821,0.726027397260274,0.2526355021662674
gin,1183,Cc1cc2nc(N[C@@H](C)c3cncc(F)c3)nc(C(=O)N3CC[C@H](O)C3)c2s1,6.522878646850586,6.586205031572678,0.05769196376896154,0.7361111111111112,0.0633263847220924
gin,1348,Cc1cncc(CNc2nc(C(=O)N3CCCC3)c3sccc3n2)c1,6.301030158996582,6.368507739988161,0.07015837861557565,0.7678571428571429,0.06747758099157863
gin,1349,Cc1cncc(CNc2nc(C(=O)N3CC[C@H](O)C3)c3sccc3n2)c1,6.301030158996582,6.16474511206421,0.1069700130144436,0.7301587301587301,0.13628504693237176
gin,1356,Cc1csc2c(C(=O)N3CCCC3)nc(N[C@@H](C)c3cncc(F)c3)nc12,7.522878646850586,6.836862148090123,0.1370452657803014,0.6623376623376623,0.6860164987604627
gin,1357,Cc1csc2c(C(=O)N3CC[C@H](O)C3)nc(N[C@@H](C)c3cncc(F)c3)nc12,6.522878646850586,6.702437468714119,0.10925552900808956,0.6419753086419753,0.1795588218635329
gin,1374,Cc1ncccc1CNc1nc(C(=O)N2CCCC2)c2sccc2n1,6.522878646850586,6.528727082274692,0.03954561887120058,0.7068965517241379,0.005848435424105958
gin,1502,N#Cc1cncc(CNc2nc(C(=O)N3CCCC3)c3sccc3n2)c1,6.301030158996582,6.45318021295358,0.04140275423802829,0.7288135593220338,0.15215005395699777
gin,1506,NC(=O)c1cncc(CNc2nc(C(=O)N3CCCC3)c3sccc3n2)c1,6.301030158996582,6.086611724280218,0.1789735079612087,0.7413793103448276,0.21441843471636446
gin,1507,N[C@@H]1CCN(C(=O)c2nc(NCc3cncc(F)c3)nc3ccsc23)C1,6.301030158996582,6.302518096885784,0.053482964035757134,0.8387096774193549,0.0014879378892018735
gin,1509,N[C@H]1CCN(C(=O)c2nc(NCc3cncc(F)c3)nc3ccsc23)C1,6.301030158996582,6.481524967231788,0.0892272496481401,0.8387096774193549,0.18049480823520625
gin,1513,Nc1cc2nc(NCc3cccnc3)nc(C(=O)N3CCCC3)c2s1,6.301030158996582,6.367996849918402,0.10569783071444543,0.65625,0.06696669092182006
gin,1696,O=C(c1nc(NC(CO)c2cccnc2)nc2ccsc12)N1CCCC1,6.301030158996582,6.447938487704146,0.023729622420753424,0.6666666666666666,0.1469083287075641
gin,1701,O=C(c1nc(NCc2ccc(C(F)(F)F)nc2)nc2ccsc12)N1CCCC1,6.522878646850586,6.176709417718861,0.037409976621245226,0.6833333333333333,0.3461692291317249
gin,1702,O=C(c1nc(NCc2ccc(C(F)(F)F)nc2)nc2ccsc12)N1CC[C@H](O)C1,6.301030158996582,5.867341022503261,0.10180610307840687,0.7076923076923077,0.43368913649332086
gin,1717,O=C(c1nc(NCc2cccnc2)nc2ccsc12)N1CCCC1,5.2121148109436035,6.305359926872363,0.04680144319280572,0.7962962962962963,1.0932451159287595
gin,1718,O=C(c1nc(NCc2cccnc2)nc2ccsc12)N1CC[C@@H](O)C1,6.301030158996582,6.314086573677805,0.06705698724043697,0.8135593220338984,0.013056414681223316
gin,1721,O=C(c1nc(NCc2cncc(C(F)(F)F)c2)nc2ccsc12)N1CC[C@H](O)C1,6.301030158996582,5.8433812585851115,0.02391465129482184,0.696969696969697,0.45764890041147055
gin,1722,O=C(c1nc(NCc2cncc(Cl)c2)nc2ccsc12)N1CCCC1,6.301030158996582,6.207512278134743,0.10425902165957937,0.7758620689655172,0.09351788086183888
gin,1726,O=C(c1nc(NCc2cncc(F)c2)nc2ccsc12)N1CCCC1,6.522878646850586,6.481086834397878,0.050467714721227186,0.7868852459016393,0.04179181245270769
gin,1728,O=C(c1nc(NCc2cncc(F)c2)nc2ccsc12)N1CC[C@@H](F)C1,6.522878646850586,6.623589872405067,0.07497741035656524,0.7538461538461538,0.10071122555448131
gin,1729,O=C(c1nc(NCc2cncc(F)c2)nc2ccsc12)N1CC[C@@H](O)C1,6.522878646850586,6.501742247453183,0.08093213460536115,0.796875,0.021136399397402528
gin,1730,O=C(c1nc(NCc2cncc(F)c2)nc2ccsc12)N1CC[C@H](F)C1,6.301030158996582,6.372769238863675,0.10908707187014045,0.7538461538461538,0.07173907986709338
gin,1731,O=C(c1nc(NCc2cncc(F)c2)nc2ccsc12)N1CC[C@H](O)C1,6.301030158996582,6.316315498337161,0.0925101601429182,0.796875,0.015285339340579185
gin,7,CC(=O)N(C)C1CN(C(=O)c2nc(N[C@@H](C)c3cncc(F)c3)nc3cc(C)sc23)C1,6.301030158996582,6.973852898055905,0.08694318271184967,0.7162162162162162,0.6728227390593231
gin,10,CC(=O)NC1CN(C(=O)c2nc(N[C@@H](C)c3cncc(F)c3)nc3cc(C)sc23)C1,6.522878646850586,7.45209342207097,0.036910377460609836,0.8382352941176471,0.9292147752203839
gin,11,CC(=O)NC1CN(C(=O)c2nc(N[C@@H](C)c3cncc(F)c3)nc3ccsc23)C1,6.522878646850586,7.440515942810759,0.02481725580739448,0.8382352941176471,0.9176372959601728
gin,12,CC(=O)NCC1CN(C(=O)c2nc(N[C@@H](C)c3cncc(F)c3)nc3ccsc23)C1,6.522878646850586,6.763357609632589,0.022374574978761372,0.72,0.24047896278200298
gin,54,CC(C)C(=O)NC1CN(C(=O)c2nc(N[C@@H](C)c3cncc(F)c3)nc3ccsc23)C1,7.522878646850586,7.451794713055843,0.0392501833061158,0.8260869565217391,0.07108393379474265
gin,55,CC(C)C(=O)NCC1CN(C(=O)c2nc(N[C@@H](C)c3cncc(F)c3)nc3ccsc23)C1,7.12493896484375,6.807041183732629,0.012374322151234601,0.7105263157894737,0.317897781111121
gin,62,CC(C)OC(=O)NC1CN(C(=O)c2nc(N[C@@H](C)c3cncc(F)c3)nc3ccsc23)C1,7.522878646850586,7.269342631193599,0.03838634171394091,0.8108108108108109,0.25353601565698725
gin,97,CC1(O)CN(C(=O)c2nc(NCc3cncc(F)c3)nc3ccsc23)C1,6.301030158996582,6.332816946236555,0.07121748554575905,0.7424242424242424,0.03178678723997308
gin,104,CC1CCN1C(=O)c1nc(N[C@@H](C)c2cncc(F)c2)nc2ccsc12,7.12493896484375,6.938799620192513,0.09657989874443085,0.704225352112676,0.18613934465123716
gin,114,CCC(CC)NC(=O)NC1CN(C(=O)c2nc(N[C@@H](C)c3cncc(F)c3)nc3ccsc23)C1,8.0,7.547686690017432,0.11513722464540824,0.7972972972972973,0.4523133099825678
gin,211,CCNC(=O)CC1CN(C(=O)c2nc(N[C@@H](C)c3cncc(F)c3)nc3cc(C)sc23)C1,7.12493896484375,6.91977240459633,0.007516691871649964,0.6883116883116883,0.2051665602474202
gin,237,CCNC1CN(C(=O)c2nc(N[C@@H](C)c3cncc(F)c3)nc3cc(C)sc23)C1,6.301030158996582,6.818031423600703,0.06008182668230025,0.7746478873239436,0.5170012646041213
gin,247,CCOC(=O)N(C)C1CN(C(=O)c2nc(N[C@@H](C)c3cncc(F)c3)nc3cc(C)sc23)C1,7.12493896484375,6.849883255933253,0.09313420294005954,0.6708860759493671,0.2750557089104966
gin,254,CCOc1ccc(CNc2nc(C(=O)N3CCC3)c3sccc3n2)cn1,6.522878646850586,6.57890956104842,0.07805840932462145,0.6451612903225806,0.05603091419783368
gin,277,CN(C(=O)OC(C)(C)C)C1CN(C(=O)c2nc(NCc3cncc(F)c3)nc3ccsc23)C1,6.522878646850586,6.651912343031437,0.1534072847917916,0.7105263157894737,0.12903369618085136
gin,305,CNC(=O)NCC1CN(C(=O)c2nc(N[C@@H](C)c3cncc(F)c3)nc3ccsc23)C1,6.522878646850586,6.9723313068905055,0.030131468244478894,0.7012987012987013,0.44945266003991957
gin,308,CNC1CN(C(=O)c2nc(NCc3cncc(F)c3)nc3ccsc23)C1,6.301030158996582,6.665983849294626,0.08619885700853919,0.7014925373134329,0.36495369029804436
gin,309,CNC1CN(C(=O)c2nc(N[C@@H](C)c3cncc(F)c3)nc3cc(C)sc23)C1,6.301030158996582,6.845925987713842,0.0452241872725406,0.8088235294117647,0.5448958287172596
gin,322,CNc1cc2nc(N[C@@H](C)c3cccnc3)nc(C(=O)N3CC(O)C3)c2s1,6.301030158996582,6.6180802537925665,0.05050937502036751,0.7205882352941176,0.31705009479598445
gin,324,CNc1cc2nc(N[C@@H](C)c3cccnc3)nc(C(=O)N3CCC3)c2s1,6.522878646850586,6.628904208663819,0.030722909892295848,0.7121212121212122,0.10602556181323308
gin,329,CNc1cc2nc(N[C@@H](C)c3cncc(F)c3)nc(C(=O)N3CC(OC)C3)c2s1,6.522878646850586,6.780037978408413,0.08058901145306147,0.6153846153846154,0.2571593315578271
gin,330,CNc1cc2nc(N[C@@H](C)c3cncc(F)c3)nc(C(=O)N3CCC3)c2s1,6.522878646850586,6.73200568130692,0.04088054121207421,0.6527777777777778,0.2091270344563343
gin,353,COC1CN(C(=O)c2nc(NCc3cncc(F)c3)nc3ccsc23)C1,6.522878646850586,6.582710522642355,0.012058355858486606,0.6911764705882353,0.05983187579176885
gin,356,COC1CN(C(=O)c2nc(N[C@@H](C)c3cccnc3)nc3cc(C)sc23)C1,7.12493896484375,6.6813298914355705,0.033918964443182875,0.7246376811594203,0.44360907340817946
gin,357,COC1CN(C(=O)c2nc(N[C@@H](C)c3cccnc3)nc3ccsc23)C1,7.12493896484375,6.643057169462633,0.01247512173692239,0.7313432835820896,0.481881795381117
gin,358,COC1CN(C(=O)c2nc(N[C@@H](C)c3cncc(Cl)c3)nc3ccsc23)C1,6.522878646850586,6.5551284223748,0.022616989719301626,0.7361111111111112,0.03224977552421393
gin,359,COC1CN(C(=O)c2nc(N[C@@H](C)c3cncc(F)c3)nc3cc(C)sc23)C1,7.12493896484375,6.795777245943962,0.04629767943903486,0.7464788732394366,0.32916171889978774
gin,360,COC1CN(C(=O)c2nc(N[C@@H](C)c3cncc(F)c3)nc3ccsc23)C1,6.522878646850586,6.754144041193175,0.021675389208814417,0.7464788732394366,0.2312653943425893
gin,363,COCC(Nc1nc(C(=O)N2CC(OC)C2)c2sccc2n1)c1cccnc1,7.12493896484375,6.5755987253567945,0.04730819228430154,0.7,0.5493402394869555
gin,364,COCC(Nc1nc(C(=O)N2CCC2)c2sccc2n1)c1cccnc1,6.301030158996582,6.528967046370276,0.021289957174057923,0.7058823529411765,0.22793688737369422
gin,373,COCCC(=O)NC1CN(C(=O)c2nc(N[C@@H](C)c3cncc(F)c3)nc3cc(C)sc23)C1,7.522878646850586,7.410789983579029,0.0684883498751539,0.75,0.11208866327155675
gin,389,COC[C@@H](Nc1nc(C(=O)N2CCC2)c2sccc2n1)c1cccnc1,6.522878646850586,6.4716995361238965,0.06738152234272182,0.7058823529411765,0.05117911072668946
gin,395,COC[C@@H]1CCN1C(=O)c1nc(N[C@@H](C)c2cncc(F)c2)nc2cc(C)sc12,6.301030158996582,6.674130631611251,0.05041777145569869,0.6493506493506493,0.37310047261466917
gin,396,COC[C@@H]1CCN1C(=O)c1nc(N[C@@H](C)c2cncc(F)c2)nc2ccsc12,6.301030158996582,6.613203090358759,0.05541729786060264,0.6708860759493671,0.31217293136217705
gin,403,COC[C@H]1CCN1C(=O)c1nc(N[C@@H](C)c2cncc(F)c2)nc2cc(C)sc12,6.301030158996582,6.891950964080078,0.09945800322227226,0.6493506493506493,0.5909208050834955
gin,404,COC[C@H]1CCN1C(=O)c1nc(N[C@@H](C)c2cncc(F)c2)nc2ccsc12,6.301030158996582,6.83762825590787,0.13184336781736064,0.6708860759493671,0.5365980969112876
gin,677,COc1cncc(CNc2nc(C(=O)N3CC(C)C3)c3sccc3n2)c1,6.301030158996582,6.5918693260669485,0.0744866071968214,0.6666666666666666,0.2908391670703665
gin,678,COc1cncc(CNc2nc(C(=O)N3CC(O)C3)c3sccc3n2)c1,6.301030158996582,6.462748463381242,0.03217862382458361,0.7692307692307693,0.16171830438466017
gin,679,COc1cncc(CNc2nc(C(=O)N3CCC3)c3sccc3n2)c1,6.301030158996582,6.576118656040794,0.07764177357827486,0.7,0.27508849704421223
gin,720,C[C@H](Nc1nc(C(=O)N2CC(C(=O)NCCO)C2)c2sccc2n1)c1cncc(F)c1,6.301030158996582,7.423323199447999,0.07439693803786537,0.7432432432432432,1.1222930404514173
gin,721,C[C@H](Nc1nc(C(=O)N2CC(C(=O)NOC(C)(C)C)C2)c2sccc2n1)c1cncc(F)c1,7.12493896484375,7.453029666047335,0.04911133362863429,0.725,0.3280907012035854
gin,722,C[C@H](Nc1nc(C(=O)N2CC(C(=O)OC(C)(C)C)C2)c2sccc2n1)c1cncc(F)c1,6.522878646850586,6.831150391165796,0.10498358194577824,0.7567567567567568,0.3082717443152099
gin,723,C[C@H](Nc1nc(C(=O)N2CC(C(N)=O)C2)c2sccc2n1)c1cncc(F)c1,6.301030158996582,7.002734640660876,0.0610512147547431,0.7714285714285715,0.7017044816642937
gin,726,C[C@H](Nc1nc(C(=O)N2CC(CC(=O)NC(C)(C)C)C2)c2sccc2n1)c1cncc(F)c1,7.522878646850586,6.984488554479697,0.03848536487800998,0.6794871794871795,0.5383900923708893
gin,727,C[C@H](Nc1nc(C(=O)N2CC(CN(C)C(=O)C(C)(C)C)C2)c2sccc2n1)c1cncc(F)c1,7.522878646850586,6.515484286268265,0.07451201544766871,0.6794871794871795,1.007394360582321
gin,728,C[C@H](Nc1nc(C(=O)N2CC(CN(C)C(=O)CC(C)(C)C)C2)c2sccc2n1)c1cncc(F)c1,7.12493896484375,6.522862139548739,0.0546062093159979,0.6582278481012658,0.6020768252950113
gin,729,C[C@H](Nc1nc(C(=O)N2CC(CN(C)C(=O)OC(C)(C)C)C2)c2sccc2n1)c1cncc(F)c1,6.522878646850586,6.416212899729533,0.05048514967230551,0.691358024691358,0.10666574712105259
gin,730,C[C@H](Nc1nc(C(=O)N2CC(CN)C2)c2sccc2n1)c1cncc(F)c1,6.301030158996582,6.684035050476761,0.020020883520578615,0.7361111111111112,0.38300489148017913
gin,731,C[C@H](Nc1nc(C(=O)N2CC(CNC(=O)C(C)(C)C)C2)c2sccc2n1)c1cncc(F)c1,6.522878646850586,6.754410052684361,0.0481323791251585,0.7123287671232876,0.23153140583377496
gin,732,C[C@H](Nc1nc(C(=O)N2CC(CNC(=O)N(C)C)C2)c2sccc2n1)c1cncc(F)c1,7.12493896484375,6.686354667373916,0.03498523569965048,0.7066666666666667,0.4385842974698342
gin,733,C[C@H](Nc1nc(C(=O)N2CC(CNC(=O)OC(C)(C)C)C2)c2sccc2n1)c1cncc(F)c1,7.522878646850586,6.6271424714143805,0.002362789641466736,0.7088607594936709,0.8957361754362054
gin,734,C[C@H](Nc1nc(C(=O)N2CC(CNC(=O)OCC(C)(C)C)C2)c2sccc2n1)c1cncc(F)c1,7.522878646850586,6.620395922573376,0.02294978276726987,0.7283950617283951,0.9024827242772098
gin,735,C[C@H](Nc1nc(C(=O)N2CC(CNS(C)(=O)=O)C2)c2sccc2n1)c1cncc(F)c1,6.522878646850586,6.760828322962535,0.05649739397749992,0.6883116883116883,0.23794967611194906
gin,737,C[C@H](Nc1nc(C(=O)N2CC(F)(F)C2)c2sccc2n1)c1cccnc1,6.522878646850586,6.073573759855805,0.16263425277688398,0.8095238095238095,0.4493048869947813
gin,738,C[C@H](Nc1nc(C(=O)N2CC(N)C2)c2sccc2n1)c1cncc(F)c1,6.301030158996582,6.714212658960034,0.03262910844730415,0.7681159420289855,0.4131824999634519
gin,739,C[C@H](Nc1nc(C(=O)N2CC(NC(=O)C(C)(C)C(F)(F)F)C2)c2sccc2n1)c1cncc(F)c1,8.0,7.464128094475566,0.06018430275822225,0.7808219178082192,0.5358719055244343
gin,741,C[C@H](Nc1nc(C(=O)N2CC(NC(=O)C(C)(C)C)C2)c2sccc2n1)c1cncc(Cl)c1,8.0,7.2955335640304755,0.10141340519889804,0.7808219178082192,0.7044664359695245
gin,742,C[C@H](Nc1nc(C(=O)N2CC(NC(=O)C(C)(C)C)C2)c2sccc2n1)c1cncc(F)c1,8.0,7.405838123818415,0.06084513218789687,0.8028169014084507,0.5941618761815848
gin,762,C[C@H](Nc1nc(C(=O)N2CC(NC(=O)CC(C)(C)C)C2)c2sccc2n1)c1cncc(F)c1,7.522878646850586,7.419886138471462,0.03654714417503114,0.7808219178082192,0.1029925083791241
gin,764,C[C@H](Nc1nc(C(=O)N2CC(NC(=O)NC(C)(C)C)C2)c2sccc2n1)c1cncc(F)c1,8.0,7.7790756930595535,0.0196682764090793,0.8194444444444444,0.2209243069404465
gin,767,C[C@H](Nc1nc(C(=O)N2CC(NC(=O)OC(C)(C)C)C2)c2sccc2n1)c1cncc(F)c1,7.522878646850586,7.266700839101876,0.04148549257065564,0.7894736842105263,0.2561778077487098
gin,782,C[C@H](Nc1nc(C(=O)N2CC(O)C2)c2sc(N)cc2n1)c1cccnc1,6.301030158996582,6.631688171090044,0.07856055256086034,0.7164179104477612,0.3306580120934619
gin,784,C[C@H](Nc1nc(C(=O)N2CC(O)C2)c2sccc2n1)c1cccnc1,6.522878646850586,6.593800139332654,0.025455456524528203,0.7619047619047619,0.0709214924820678
gin,785,C[C@H](Nc1nc(C(=O)N2CC(O)C2)c2sccc2n1)c1cncc(F)c1,6.522878646850586,6.7240857853478415,0.031721089941031434,0.7794117647058824,0.20120713849725558
gin,797,C[C@H](Nc1nc(C(=O)N2CCC2)c2sc(N)cc2n1)c1cccnc1,6.522878646850586,6.638166826567979,0.093467808618049,0.7076923076923077,0.11528817971739347
gin,798,C[C@H](Nc1nc(C(=O)N2CCC2)c2sc(N)cc2n1)c1cncc(F)c1,7.12493896484375,6.7697208478735815,0.06448950888850609,0.6619718309859155,0.3552181169701685
gin,801,C[C@H](Nc1nc(C(=O)N2CCC2)c2sccc2n1)c1cccnc1,6.522878646850586,6.615816260196393,0.035861744065856925,0.847457627118644,0.09293761334580708
gin,802,C[C@H](Nc1nc(C(=O)N2CCC2)c2sccc2n1)c1cncc(Cl)c1,6.522878646850586,6.5299765816272135,0.07536672272174068,0.7083333333333334,0.007097934776627568
gin,803,C[C@H](Nc1nc(C(=O)N2CCC2)c2sccc2n1)c1cncc(F)c1,7.12493896484375,6.739283000668269,0.033824691233634734,0.8,0.38565596417548065
gin,1118,Cc1cc2nc(N[C@@H](C)c3cccnc3)nc(C(=O)N3CC(CN(C)C)C3)c2s1,6.301030158996582,6.627809773011258,0.05822943933213632,0.6164383561643836,0.3267796140146757
gin,1119,Cc1cc2nc(N[C@@H](C)c3cccnc3)nc(C(=O)N3CC(CN)C3)c2s1,6.301030158996582,6.5771505703147,0.03915059842661995,0.7285714285714285,0.27612041131811793
gin,1120,Cc1cc2nc(N[C@@H](C)c3cccnc3)nc(C(=O)N3CC(CNC(=O)OC(C)(C)C)C3)c2s1,6.301030158996582,6.556617377208884,0.014370918621218351,0.759493670886076,0.2555872182123018
gin,1121,Cc1cc2nc(N[C@@H](C)c3cccnc3)nc(C(=O)N3CC(CO)C3)c2s1,6.301030158996582,6.595884261579943,0.02478690471884819,0.6666666666666666,0.2948541025833613
gin,1122,Cc1cc2nc(N[C@@H](C)c3cccnc3)nc(C(=O)N3CC(O)C3)c2s1,6.522878646850586,6.617954015792304,0.02863252169751029,0.7121212121212122,0.09507536894171764
gin,1123,Cc1cc2nc(N[C@@H](C)c3cccnc3)nc(C(=O)N3CCC3)c2s1,6.522878646850586,6.6332373839703855,0.018699623084539884,0.703125,0.1103587371197996
gin,1140,Cc1cc2nc(N[C@@H](C)c3cncc(F)c3)nc(C(=O)N3CC(C(=O)NOC(C)(C)C)C3)c2s1,7.12493896484375,7.426264476191232,0.05450125361286391,0.7631578947368421,0.301325511347482
gin,1141,Cc1cc2nc(N[C@@H](C)c3cncc(F)c3)nc(C(=O)N3CC(C(=O)OC(C)(C)C)C3)c2s1,6.522878646850586,6.851134427354373,0.09438003030162247,0.72,0.32825578050378734
gin,1142,Cc1cc2nc(N[C@@H](C)c3cncc(F)c3)nc(C(=O)N3CC(C(N)=O)C3)c2s1,6.301030158996582,7.012973474040567,0.053203646535046174,0.7714285714285715,0.7119433150439853
gin,1143,Cc1cc2nc(N[C@@H](C)c3cncc(F)c3)nc(C(=O)N3CC(CC(=O)OC(C)(C)C)C3)c2s1,7.522878646850586,6.550245753194204,0.035986927492908646,0.7160493827160493,0.9726328936563817
gin,1144,Cc1cc2nc(N[C@@H](C)c3cncc(F)c3)nc(C(=O)N3CC(CN(C)C)C3)c2s1,6.823908805847168,6.7382595166717785,0.05550069835704183,0.7162162162162162,0.0856492891753895
gin,1145,Cc1cc2nc(N[C@@H](C)c3cncc(F)c3)nc(C(=O)N3CC(CN)C3)c2s1,6.301030158996582,6.691230902587133,0.01801008899409964,0.7361111111111112,0.390200743590551
gin,1146,Cc1cc2nc(N[C@@H](C)c3cncc(F)c3)nc(C(=O)N3CC(CNC(=O)C(C)(C)C)C3)c2s1,6.522878646850586,6.770382224117102,0.048866208537589294,0.6883116883116883,0.2475035772665164
gin,1147,Cc1cc2nc(N[C@@H](C)c3cncc(F)c3)nc(C(=O)N3CC(CNC(=O)CC(C)(C)C)C3)c2s1,7.12493896484375,6.794319500937803,0.02949168846081392,0.6708860759493671,0.330619463905947
gin,1148,Cc1cc2nc(N[C@@H](C)c3cncc(F)c3)nc(C(=O)N3CC(CNC(=O)OC(C)(C)C)C3)c2s1,6.522878646850586,6.646154488987818,0.011682957988819092,0.7195121951219512,0.12327584213723242
gin,1149,Cc1cc2nc(N[C@@H](C)c3cncc(F)c3)nc(C(=O)N3CC(CO)C3)c2s1,6.522878646850586,6.711213374787593,0.00764062472556646,0.7464788732394366,0.1883347279370069
gin,1150,Cc1cc2nc(N[C@@H](C)c3cncc(F)c3)nc(C(=O)N3CC(CS(C)(=O)=O)C3)c2s1,6.301030158996582,6.750130777748777,0.034362059625746906,0.7066666666666667,0.44910061875219487
gin,1151,Cc1cc2nc(N[C@@H](C)c3cncc(F)c3)nc(C(=O)N3CC(N(C)C(=O)CC(C)(C)C)C3)c2s1,7.522878646850586,6.886474862336915,0.10090048608927056,0.6708860759493671,0.6364037845136705
gin,1152,Cc1cc2nc(N[C@@H](C)c3cncc(F)c3)nc(C(=O)N3CC(N(C)C(=O)OC(C)(C)C)C3)c2s1,6.522878646850586,6.803452825978732,0.12962964106534858,0.6790123456790124,0.28057417912814575
gin,1153,Cc1cc2nc(N[C@@H](C)c3cncc(F)c3)nc(C(=O)N3CC(N(C)C)C3)c2s1,6.301030158996582,6.915496953802424,0.04025207713434076,0.7464788732394366,0.6144667948058418
gin,1154,Cc1cc2nc(N[C@@H](C)c3cncc(F)c3)nc(C(=O)N3CC(N)C3)c2s1,6.301030158996582,6.7188380648106225,0.039468335126937204,0.7681159420289855,0.4178079058140405
gin,1156,Cc1cc2nc(N[C@@H](C)c3cncc(F)c3)nc(C(=O)N3CC(NC(=O)C(C)(C)C)C3)c2s1,8.0,7.373516147756942,0.07806520605680718,0.8028169014084507,0.6264838522430578
gin,1157,Cc1cc2nc(N[C@@H](C)c3cncc(F)c3)nc(C(=O)N3CC(NC(=O)C(C)C)C3)c2s1,8.0,7.461001783951126,0.048710306621584126,0.8260869565217391,0.5389982160488742
gin,1163,Cc1cc2nc(N[C@@H](C)c3cncc(F)c3)nc(C(=O)N3CC(NC(=O)OC(C)(C)C)C3)c2s1,7.522878646850586,7.2458260481035275,0.05376772817143052,0.7702702702702703,0.27705259874705845
gin,1164,Cc1cc2nc(N[C@@H](C)c3cncc(F)c3)nc(C(=O)N3CC(NC(=O)OC(C)C)C3)c2s1,7.522878646850586,7.286283896710851,0.037390672977080715,0.7916666666666666,0.23659475013973452
gin,1165,Cc1cc2nc(N[C@@H](C)c3cncc(F)c3)nc(C(=O)N3CC(NC(=O)OCC(C)(C)C)C3)c2s1,8.0,7.2276480748764085,0.05151271549987915,0.7402597402597403,0.7723519251235915
gin,1168,Cc1cc2nc(N[C@@H](C)c3cncc(F)c3)nc(C(=O)N3CC(O)C3)c2s1,7.12493896484375,6.731417551840245,0.03825137198961052,0.7794117647058824,0.39352141300350496
gin,1169,Cc1cc2nc(N[C@@H](C)c3cncc(F)c3)nc(C(=O)N3CCC3)c2s1,7.12493896484375,6.746586424644296,0.030936624677162537,0.8,0.37835254019945364
gin,1178,Cc1cc2nc(N[C@@H](C)c3cncc(F)c3)nc(C(=O)N3CC[C@@H]3C)c2s1,7.522878646850586,6.707762632093863,0.0675838491015664,0.704225352112676,0.8151160147567227
gin,1184,Cc1cc2nc(N[C@@H](C)c3cncc(F)c3)nc(C(=O)N3CC[C@H]3C)c2s1,7.522878646850586,6.931029488016342,0.10188187697372719,0.704225352112676,0.5918491588342443
gin,1347,Cc1cncc(CNc2nc(C(=O)N3CCC3)c3sccc3n2)c1,6.301030158996582,6.441257219472867,0.06262920476432568,0.7368421052631579,0.14022706047628475
gin,1352,Cc1csc2c(C(=O)N3CC(NC(=O)C(C)(C)C)C3)nc(N[C@@H](C)c3cncc(F)c3)nc12,8.0,7.4894547585778675,0.10025499868338379,0.7215189873417721,0.5105452414221325
gin,1354,Cc1csc2c(C(=O)N3CCC3)nc(N[C@@H](C)c3cncc(F)c3)nc12,7.522878646850586,6.926088796307056,0.14030467289313,0.6623376623376623,0.5967898505435301
gin,1720,O=C(c1nc(NCc2cncc(C(F)(F)F)c2)nc2ccsc12)N1CCC1,6.301030158996582,6.233689141436237,0.08254784439037935,0.7,0.06734101756034505
gin,1723,O=C(c1nc(NCc2cncc(F)c2)nc2ccsc12)N1CC(F)(F)C1,6.301030158996582,5.990974308636645,0.1881473298970055,0.734375,0.3100558503599373
gin,1724,O=C(c1nc(NCc2cncc(F)c2)nc2ccsc12)N1CC(O)C1,6.301030158996582,6.511386535677136,0.03425176537221233,0.734375,0.2103563766805543
gin,1725,O=C(c1nc(NCc2cncc(F)c2)nc2ccsc12)N1CCC1,6.522878646850586,6.558927514812204,0.056690652069555356,0.8181818181818182,0.036048867961618214
gin,51,CC(C)(O)Cn1cc(N2CCC[C@@H](c3nc4c5cc(F)c(OC(F)F)cc5nc(N)n4n3)C2)cn1,8.130767822265625,8.571578022763191,0.14497520734458313,0.8227848101265823,0.44081020049756603
gin,88,CC(O)C(C)(C)n1cc(N2CCC[C@@H](c3nc4c5cc(F)cc(F)c5nc(N)n4n3)C2)cn1,8.420818328857422,8.978324844850405,0.12960025878114162,0.5930232558139535,0.5575065159929835
gin,89,CC(O)C(C)n1cc(N2CC(c3nc4c5cc(F)cc(F)c5nc(N)n4n3)CCC2C)cn1,8.107905387878418,8.754549577556816,0.07679727685079413,0.5056179775280899,0.6466441896783977
gin,90,CC(O)C(C)n1cc(N2CCC[C@@H](c3nc4c5cc(F)cc(F)c5nc(N)n4n3)C2)cn1,8.153664588928223,8.812446993554104,0.19521545220555414,0.5813953488372093,0.6587824046258817
gin,98,CC1CC(c2nc3c4cc(F)cc(F)c4nc(N)n3n2)CN(c2cnn(C(C)(C)CO)c2)C1,7.832773208618164,8.794287336789452,0.05494962826934648,0.5054945054945055,0.961514128171288
gin,99,CC1CC(c2nc3c4cc(F)cc(F)c4nc(N)n3n2)CN(c2cnn(CC(C)(C)O)c2)C1,7.619788646697998,8.651626850954074,0.06565983557711873,0.6585365853658537,1.0318382042560756
gin,101,CC1CCC(c2nc3c4cc(F)cc(F)c4nc(N)n3n2)CN1c1cnn(CC(C)(CO)CO)c1,7.916016578674316,8.429670743433007,0.049699231531774093,0.5568181818181818,0.513654164758691
gin,102,CC1CCC(c2nc3c4cc(F)cc(F)c4nc(N)n3n2)CN1c1cnn(CC(C)(O)CO)c1,7.628127574920654,8.607767537994079,0.034060478272896995,0.5681818181818182,0.9796399630734243
gin,112,CCC(C)(O)Cn1cc(N2CCC[C@@H](c3nc4c5cc(F)c(OC)cc5nc(N)n4n3)C2)cn1,8.504386901855469,8.576636748687505,0.1722747816338743,0.8461538461538461,0.07224984683203672
gin,120,CCC1CCC(c2nc3c4cc(F)c(OC)cc4nc(N)n3n2)CN1c1cnn(CC(C)(C)O)c1,7.865103244781494,8.474683847301932,0.0938700491383945,0.7439024390243902,0.6095806025204382
gin,273,CCn1cc(N2CCC[C@@H](c3nc4c5cc(F)c(OC)cc5nc(N)n4n3)C2)c(CO)n1,8.236572265625,8.619459353686437,0.2544935232476669,0.7037037037037037,0.38288708806143745
gin,429,COc1cc(Cl)cc2c1nc(N)n1nc(C3CCCN(c4cnn(C)c4)C3)nc21,7.752026557922363,8.896535488614802,0.2127343413743156,0.6219512195121951,1.1445089306924388
gin,434,COc1cc(F)cc2c1nc(N)n1nc(C3(F)CCCN(c4cnn(CC(C)(C)O)c4)C3)nc21,7.636554718017578,7.31840693157645,0.23458790794381582,0.7073170731707317,0.31814778644112796
gin,435,COc1cc(F)cc2c1nc(N)n1nc(C3CC(C)CN(c4cn(C(C)(C)C(C)O)nc4C)C3)nc21,8.154901504516602,8.42807008424434,0.23474564976810908,0.5217391304347826,0.2731685797277379
gin,436,COc1cc(F)cc2c1nc(N)n1nc(C3CC(C)CN(c4cn(C(C)(C)CO)nc4C)C3)nc21,8.282875061035156,8.465805811532839,0.22992409008612105,0.5333333333333333,0.18293075049768248
gin,437,COc1cc(F)cc2c1nc(N)n1nc(C3CC(C)CN(c4cn(C(C)C(C)O)nc4C)C3)nc21,8.576213836669922,8.268174601936323,0.16226480977374544,0.49473684210526314,0.30803923473359873
gin,438,COc1cc(F)cc2c1nc(N)n1nc(C3CC(C)CN(c4cnn(C(C)(C)CO)c4)C3)nc21,8.397939682006836,8.77591670692847,0.08494329039238908,0.6136363636363636,0.3779770249216341
gin,439,COc1cc(F)cc2c1nc(N)n1nc(C3CC(C)CN(c4cnn(C(C)C(C)O)c4C)C3)nc21,8.422636032104492,8.234495630948778,0.16499560543657119,0.5052631578947369,0.18814040115571373
gin,440,COc1cc(F)cc2c1nc(N)n1nc(C3CC(C)CN(c4cnn(CC(C)(C)O)c4)C3)nc21,8.530240058898926,8.637451981606262,0.0584780205534525,0.7848101265822784,0.10721192270733582
gin,441,COc1cc(F)cc2c1nc(N)n1nc(C3CC(C)CN(c4cnn(CC(C)(C)O)c4C)C3)nc21,8.4529390335083,8.148459830812712,0.17948496276616832,0.627906976744186,0.3044792026955889
gin,442,COc1cc(F)cc2c1nc(N)n1nc(C3CC(F)CN(c4cn(CC(C)(C)O)nc4C)C3)nc21,8.335199356079102,8.362925630493038,0.1000161597727624,0.6206896551724138,0.02772627441393638
gin,444,COc1cc(F)cc2c1nc(N)n1nc(C3CCC(C)N(c4cn(CC(C)(C)O)nc4C)C3)nc21,7.295849323272705,8.550061360869066,0.1061179847116054,0.6206896551724138,1.2542120375963606
gin,445,COc1cc(F)cc2c1nc(N)n1nc(C3CCC(C)N(c4cnn(C(C)(C)C(C)O)c4)C3)nc21,8.602407455444336,8.895836246057343,0.026215817023749817,0.5666666666666667,0.29342879061300664
gin,446,COc1cc(F)cc2c1nc(N)n1nc(C3CCC(C)N(c4cnn(C(C)(C)CO)c4)C3)nc21,8.293182373046875,8.949815757381685,0.05289559025332768,0.5909090909090909,0.6566333843348104
gin,447,COc1cc(F)cc2c1nc(N)n1nc(C3CCC(C)N(c4cnn(CC(C)(C)O)c4)C3)nc21,8.004298210144043,8.810882039069782,0.0032763993376606253,0.7625,0.8065838289257385
gin,451,COc1cc(F)cc2c1nc(N)n1nc([C@@H]3CCCN(c4cn(C(C)C(C)(C)O)nc4C)C3)nc21,9.460409164428711,8.716498789312382,0.18922394465660058,0.6470588235294118,0.7439103751163287
gin,452,COc1cc(F)cc2c1nc(N)n1nc([C@@H]3CCCN(c4cn(C(C)C(C)O)nc4C)C3)nc21,9.198969841003418,8.509748104870525,0.16845425932391445,0.6172839506172839,0.6892217361328932
gin,453,COc1cc(F)cc2c1nc(N)n1nc([C@@H]3CCCN(c4cn(CC(C)(C)O)nc4C)C3)nc21,9.397939682006836,8.581705036555434,0.13533041293913492,0.759493670886076,0.8162346454514022
gin,454,COc1cc(F)cc2c1nc(N)n1nc([C@@H]3CCCN(c4cnn(C(C)(C)C(C)O)c4)C3)nc21,8.872364044189453,8.978094747866848,0.11909263615296112,0.7108433734939759,0.1057307036773949
gin,455,COc1cc(F)cc2c1nc(N)n1nc([C@@H]3CCCN(c4cnn(C(C)(C)CO)c4)C3)nc21,9.301030158996582,9.038175084385202,0.10132138531633592,0.75,0.26285507461138025
gin,456,COc1cc(F)cc2c1nc(N)n1nc([C@@H]3CCCN(c4cnn(C(C)C(C)O)c4)C3)nc21,8.90623950958252,8.81946301881932,0.17946136844225002,0.6987951807228916,0.08677649076319938
gin,457,COc1cc(F)cc2c1nc(N)n1nc([C@@H]3CCCN(c4cnn(C(C)C(C)O)c4C)C3)nc21,8.827803611755371,8.48959000189059,0.12494459705276798,0.6296296296296297,0.33821360986478055
gin,458,COc1cc(F)cc2c1nc(N)n1nc([C@@H]3CCCN(c4cnn(CC(C)(C)O)c4)C3)nc21,8.552842140197754,8.894408719081767,0.1470410196719928,0.9583333333333334,0.341566578884013
gin,459,COc1cc(F)cc2c1nc(N)n1nc([C@@H]3CCCN(c4cnn(CC(C)(C)O)c4C)C3)nc21,8.823908805847168,8.403679956571466,0.05528454254788417,0.7721518987341772,0.42022884927570203
gin,463,COc1cc(F)cc2c1nc(N)n1nc([C@@H]3CC[C@@H](C)N(c4cn(CC(C)(C)O)nc4C)C3)nc21,8.537602424621582,8.625290918617196,0.1445395066717376,0.6206896551724138,0.08768849399561418
gin,464,COc1cc(F)cc2c1nc(N)n1nc([C@@H]3CC[C@H](C)N(c4cn(CC(C)(C)O)nc4C)C3)nc21,9.698969841003418,8.607609867647255,0.13909827017251844,0.6206896551724138,1.0913599733561625
gin,465,COc1cc(F)cc2c1nc(N)n1nc([C@H]3CC[C@H](C)N(c4cn(CC(C)(C)O)nc4C)C3)nc21,6.684029579162598,8.580740043171474,0.09974144870341954,0.6206896551724138,1.8967104640088763
gin,473,COc1cc2nc(N)n3nc(C4CC(C)CN(c5cn(C(C)(C)CO)nc5C)C4)nc3c2cc1F,7.6216020584106445,8.358624332570301,0.23925416635630994,0.6428571428571429,0.7370222741596564
gin,474,COc1cc2nc(N)n3nc(C4CC(C)CN(c5cn(CC(C)(C)O)nc5C)C4)nc3c2cc1F,8.282476425170898,8.248104667197104,0.19328089548032681,0.7195121951219512,0.034371757973794104
gin,475,COc1cc2nc(N)n3nc(C4CC(C)CN(c5cnn(C(C)(C)CO)c5)C4)nc3c2cc1F,8.022275924682617,8.674102504586699,0.08692497340021935,0.6352941176470588,0.6518265799040819
gin,476,COc1cc2nc(N)n3nc(C4CC(C)CN(c5cnn(C(C)C(C)O)c5)C4)nc3c2cc1F,8.47269344329834,8.470787355279313,0.10539113794528751,0.6046511627906976,0.0019060880190266971
gin,477,COc1cc2nc(N)n3nc(C4CC(C)CN(c5cnn(CC(C)(C)O)c5C)C4)nc3c2cc1F,8.480888366699219,8.037429923852635,0.1809510268314104,0.6588235294117647,0.443458442846584
gin,479,COc1cc2nc(N)n3nc(C4CC(F)CN(c5cnn(CC(C)(C)O)c5)C4)nc3c2cc1F,7.97469425201416,8.5540275330127,0.09163893162245594,0.7948717948717948,0.5793332809985401
gin,482,COc1cc2nc(N)n3nc(C4CCC(C)N(c5cn(CC(C)(C)O)nc5C)C4)nc3c2cc1F,7.861046314239502,8.449610167814178,0.13990324078945734,0.7654320987654321,0.5885638535746764
gin,483,COc1cc2nc(N)n3nc(C4CCC(C)N(c5cnn(C(C)(C)C(C)(C)O)c5)C4)nc3c2cc1F,9.154901504516602,8.718062523123052,0.061769967567153715,0.7160493827160493,0.4368389813935494
gin,484,COc1cc2nc(N)n3nc(C4CCC(C)N(c5cnn(C(C)(C)C(C)O)c5)C4)nc3c2cc1F,7.857671737670898,8.78204408177443,0.08932680197190773,0.7073170731707317,0.9243723441035314
gin,485,COc1cc2nc(N)n3nc(C4CCC(C)N(c5cnn(C(C)(C)CO)c5)C4)nc3c2cc1F,8.585026741027832,8.840716676402664,0.05467391472912123,0.7283950617283951,0.2556899353748321
gin,486,COc1cc2nc(N)n3nc(C4CCC(C)N(c5cnn(C(C)(CO)CO)c5)C4)nc3c2cc1F,8.279152870178223,8.622373101695729,0.049122403419722134,0.7283950617283951,0.34322023151750614
gin,487,COc1cc2nc(N)n3nc(C4CCC(C)N(c5cnn(C(C)C(C)(C)O)c5)C4)nc3c2cc1F,9.221848487854004,8.841805364716777,0.11715414939458738,0.6987951807228916,0.3800431231372272
gin,488,COc1cc2nc(N)n3nc(C4CCC(C)N(c5cnn(C(C)C(C)O)c5)C4)nc3c2cc1F,8.330771446228027,8.635516908698122,0.11033571343405782,0.7160493827160493,0.3047454624700947
gin,491,COc1cc2nc(N)n3nc(C4CCC(C)N(c5cnn(CC(C)(C)N)c5)C4)nc3c2cc1F,8.121301651000977,8.714864714182468,0.08770105530468714,0.7721518987341772,0.5935630631814917
gin,492,COc1cc2nc(N)n3nc(C4CCC(C)N(c5cnn(CC(C)(C)O)c5C)C4)nc3c2cc1F,8.329183578491211,8.248206542585713,0.12336522989874998,0.6987951807228916,0.08097703590549798
gin,493,COc1cc2nc(N)n3nc(C4CCC(C)N(c5cnn(CC(C)(O)CO)c5)C4)nc3c2cc1F,7.803651332855225,8.497893074938503,0.0853902212229117,0.7654320987654321,0.6942417420832783
gin,494,COc1cc2nc(N)n3nc(C4CCC(C)N(c5cnn(CC(C)O)c5)C4)nc3c2cc1F,8.903437614440918,8.494165035879973,0.09030011008193102,0.7848101265822784,0.40927257856094457
gin,499,COc1cc2nc(N)n3nc(C4CN(c5cnn(CC(C)(C)O)c5)CCC4C)nc3c2cc1F,9.221848487854004,8.711843190861913,0.10855313301850056,0.7848101265822784,0.510005296992091
gin,504,COc1cc2nc(N)n3nc([C@@H]4CCCN(c5cn(C(C)(C)CO)nc5C)C4)nc3c2cc1F,9.301030158996582,8.609452525387596,0.18663015783861683,0.7125,0.6915776336089863
gin,507,COc1cc2nc(N)n3nc([C@@H]4CCCN(c5cn(CC(C)(C)O)nc5C)C4)nc3c2cc1F,9.301030158996582,8.486062814509353,0.22820682526812033,0.8552631578947368,0.8149673444872292
gin,509,COc1cc2nc(N)n3nc([C@@H]4CCCN(c5cn(CS(C)(=O)=O)nc5C(F)F)C4)nc3c2cc1F,8.173925399780273,8.443855276447238,0.24819976698439747,0.7228915662650602,0.2699298766669642
gin,510,COc1cc2nc(N)n3nc([C@@H]4CCCN(c5cn(CS(C)(=O)=O)nc5C)C4)nc3c2cc1F,8.387216567993164,8.332555422594979,0.2464866617001441,0.7037037037037037,0.05466114539818534
gin,512,COc1cc2nc(N)n3nc([C@@H]4CCCN(c5cnn(C(C)(C)C(C)O)c5)C4)nc3c2cc1F,8.698969841003418,8.866236893571042,0.2085708278416993,0.7108433734939759,0.16726705256762386
gin,513,COc1cc2nc(N)n3nc([C@@H]4CCCN(c5cnn(C(C)(C)C)c5)C4)nc3c2cc1F,8.823908805847168,9.077373814477312,0.19233610784462615,0.7435897435897436,0.253465008630144
gin,514,COc1cc2nc(N)n3nc([C@@H]4CCCN(c5cnn(C(C)(C)CO)c5)C4)nc3c2cc1F,8.42021656036377,8.92341818102534,0.1760188591410366,0.75,0.5032016206615708
gin,515,COc1cc2nc(N)n3nc([C@@H]4CCCN(c5cnn(C(C)C(C)(C)O)c5)C4)nc3c2cc1F,8.962226867675781,8.926710999065236,0.24276918442184742,0.7625,0.035515868610545454
gin,516,COc1cc2nc(N)n3nc([C@@H]4CCCN(c5cnn(C(C)C(C)O)c5)C4)nc3c2cc1F,8.602060317993164,8.716735549139628,0.2561688715253367,0.725,0.11467523114646383
gin,517,COc1cc2nc(N)n3nc([C@@H]4CCCN(c5cnn(C(C)C(C)O)c5C)C4)nc3c2cc1F,8.450160026550293,8.384906962157672,0.22582259950514916,0.7073170731707317,0.06525306439262124
gin,518,COc1cc2nc(N)n3nc([C@@H]4CCCN(c5cnn(C(C)C)c5)C4)nc3c2cc1F,8.337242126464844,9.152218605717792,0.20950381710151023,0.7402597402597403,0.8149764792529481
gin,519,COc1cc2nc(N)n3nc([C@@H]4CCCN(c5cnn(C)c5)C4)nc3c2cc1F,8.565383911132812,8.940986268820993,0.28484512378651045,0.7808219178082192,0.3756023576881802
gin,527,COc1cc2nc(N)n3nc([C@@H]4CCCN(c5cnn(CC(C)(C)O)c5)C4)nc3c2cc1F,8.431797981262207,8.782550457894743,0.23235873805987226,0.9583333333333334,0.35075247663253606
gin,528,COc1cc2nc(N)n3nc([C@@H]4CCCN(c5cnn(CC(C)(C)O)c5C)C4)nc3c2cc1F,8.346787452697754,8.301539936087195,0.15631832715115473,0.7721518987341772,0.04524751661055859
gin,529,COc1cc2nc(N)n3nc([C@@H]4CCCN(c5cnn(CC(F)(F)F)c5)C4)nc3c2cc1F,8.481486320495605,8.917048349875088,0.1772760773810351,0.8289473684210527,0.43556202937948285
gin,532,COc1cc2nc(N)n3nc([C@@H]4CCCN(c5cnn(CCC(C)(C)O)c5)C4)nc3c2cc1F,8.229147911071777,8.620048125278316,0.2327443512612268,0.8333333333333334,0.390900214206539
gin,533,COc1cc2nc(N)n3nc([C@@H]4CCCN(c5cnn(CCCC(C)=O)c5)C4)nc3c2cc1F,8.236572265625,8.21007396920654,0.16101253541777322,0.7380952380952381,0.026498296418459688
gin,534,COc1cc2nc(N)n3nc([C@@H]4CCCN(c5cnn(CCC[C@@H](C)O)c5)C4)nc3c2cc1F,6.688246250152588,8.11361186135698,0.12989580749228657,0.7469879518072289,1.4253656112043913
gin,535,COc1cc2nc(N)n3nc([C@@H]4CCCN(c5cnn(CCC[C@H](C)O)c5)C4)nc3c2cc1F,8.107905387878418,8.140092112922602,0.18283292798173495,0.7469879518072289,0.03218672504418407
gin,536,COc1cc2nc(N)n3nc([C@@H]4CCCN(c5cnn(CS(C)(=O)=O)c5)C4)nc3c2cc1F,7.9281182289123535,8.621578315994235,0.2725934079918197,0.7625,0.6934600870818812
gin,542,COc1cc2nc(N)n3nc([C@@H]4CC[C@@H](C)N(c5cnn(C(C)C(C)O)c5)C4)nc3c2cc1F,9.0,8.790612498757625,0.2862723603746176,0.7160493827160493,0.20938750124237515
gin,544,COc1cc2nc(N)n3nc([C@@H]4CC[C@H](C)N(c5cnn(C(C)C(C)(C)O)c5)C4)nc3c2cc1F,9.522878646850586,8.936094622602909,0.25536540567598487,0.6987951807228916,0.5867840242476774
gin,545,COc1cc2nc(N)n3nc([C@@H]4CC[C@H](C)N(c5cnn(C(C)C(C)O)c5)C4)nc3c2cc1F,6.913640022277832,8.745251655481852,0.2715262111576958,0.7160493827160493,1.8316116332040195
gin,548,COc1cc2nc(N)n3nc([C@@H]4CC[C@H](C)N(c5cnn(CC(C)(C)O)c5)C4)nc3c2cc1F,9.154901504516602,8.809905144117707,0.25006616621574296,0.7848101265822784,0.3449963603988948
gin,550,COc1cc2nc(N)n3nc([C@@H]4C[C@@H](F)CN(c5cnn(CC(C)(C)O)c5)C4)nc3c2cc1F,7.935542106628418,8.79605344811948,0.2197769970483519,0.7948717948717948,0.8605113414910619
gin,552,COc1cc2nc(N)n3nc([C@@H]4C[C@H](C)CN(c5cn(CC(C)(C)O)nc5C)C4)nc3c2cc1F,8.95860767364502,8.29439657930157,0.25089330672833055,0.7195121951219512,0.6642110943434503
gin,554,COc1cc2nc(N)n3nc([C@H]4CCCN(c5cn(CS(C)(=O)=O)nc5C)C4)nc3c2cc1F,8.920818328857422,8.307233539464484,0.2088082062085844,0.7037037037037037,0.613584789392938
gin,555,COc1cc2nc(N)n3nc([C@H]4CCCN(c5cnn(C(C)(C)C(C)O)c5)C4)nc3c2cc1F,8.585026741027832,8.836501486833853,0.1719322188917962,0.7108433734939759,0.25147474580602136
gin,557,COc1cc2nc(N)n3nc([C@H]4CC[C@@H](C)N(c5cnn(C(C)C(C)O)c5)C4)nc3c2cc1F,9.09691047668457,8.743009023674603,0.2682218742903869,0.7160493827160493,0.3539014530099678
gin,560,COc1cc2nc(N)n3nc([C@H]4CC[C@H](C)N(c5cnn(C(C)C(C)O)c5)C4)nc3c2cc1F,7.482804298400879,8.726251056293208,0.23970929071013236,0.7160493827160493,1.243446757892329
gin,563,COc1cc2nc(N)n3nc([C@H]4C[C@@H](C)CN(c5cn(CC(C)(C)O)nc5C)C4)nc3c2cc1F,7.476253509521484,8.401507564360656,0.21341955051119976,0.7195121951219512,0.9252540548391721
gin,564,COc1cc2nc(N)n3nc([C@H]4C[C@H](F)CN(c5cnn(CC(C)(C)O)c5)C4)nc3c2cc1F,6.917214393615723,8.649327356099164,0.1927600889630121,0.7948717948717948,1.7321129624834413
gin,702,C[C@@H]1CC[C@H](c2nc3c4cc(F)cc(F)c4nc(N)n3n2)CN1c1cnn(C(C)(CO)CO)c1,8.853872299194336,8.858789105862542,0.16952197033135935,0.5168539325842697,0.004916806668205709
gin,971,C[C@H]1CC[C@@H](c2nc3c4cc(F)c(Cl)cc4nc(N)n3n2)CN1c1cnn(CC(C)(C)O)c1,9.698969841003418,8.785603362700456,0.27753990955547236,0.6352941176470588,0.9133664783029616
gin,972,C[C@H]1CC[C@@H](c2nc3c4cc(F)cc(F)c4nc(N)n3n2)CN1c1cnn(C(C)(CO)CO)c1,7.570247650146484,8.850120644501217,0.17368780006513118,0.5168539325842697,1.279872994354733
gin,973,C[C@H]1CC[C@@H](c2nc3c4cc(F)cc(F)c4nc(N)n3n2)CN1c1cnn(CC(C)(C)O)c1,9.154901504516602,8.945245809532523,0.21290532631792544,0.6385542168674698,0.20965569498407888
gin,1035,Cc1c(N2CC(C)CC(c3nc4c5cc(F)cc(F)c5nc(N)n4n3)C2)cnn1C(C)C(C)O,7.792847633361816,8.25317059000983,0.14621557348973407,0.40816326530612246,0.4603229566480138
gin,1098,Cc1cc(Cl)cc2c1nc(N)n1nc(C3CCCN(c4cnn(C)c4)C3)nc21,6.482804298400879,8.66201529235363,0.134117904194957,0.5116279069767442,2.1792109939527506
gin,1100,Cc1cc2nc(N)n3nc([C@@H]4CC[C@H](C)N(c5cnn(CC(C)(C)O)c5)C4)nc3c2cc1F,9.397939682006836,8.781965094016812,0.2683708732888462,0.6428571428571429,0.6159745879900242
gin,1375,Cc1nn(C(C)(C)CO)cc1N1CC(C)CC(c2nc3c4cc(F)cc(F)c4nc(N)n3n2)C1,8.01716423034668,8.486327293800798,0.2031283558411967,0.45652173913043476,0.4691630634541184
gin,1376,Cc1nn(C(C)C(C)O)cc1N1CC(C)CC(c2nc3c4cc(F)cc(F)c4nc(N)n3n2)C1,8.107335090637207,8.280704003200128,0.1600040523121733,0.3979591836734694,0.1733689125629212
gin,1377,Cc1nn(C(C)C(C)O)cc1N1CCC[C@@H](c2nc3c4cc(F)cc(F)c4nc(N)n3n2)C1,9.071333885192871,8.487117679991002,0.18775086105137095,0.5,0.5842162052018693
gin,1378,Cc1nn(CC(C)(C)O)cc1N1CC(C)CC(c2nc3c4cc(F)cc(F)c4nc(N)n3n2)C1,8.421725273132324,8.35329418477314,0.15170668581456012,0.5111111111111111,0.06843108835918343
gin,1379,Cc1nn(CC(C)(C)O)cc1N1CCC[C@@H](c2nc3c4cc(F)c(OC(F)F)cc4nc(N)n3n2)C1,8.920818328857422,8.295114411701533,0.142570247565166,0.7349397590361446,0.6257039171558887
gin,1436,Cn1cc(N2CCCC(c3nc4c5c(F)c(F)ccc5nc(N)n4n3)C2)cn1,6.896196365356445,8.725510107385944,0.0741471558330688,0.5180722891566265,1.8293137420294983
gin,1437,Cn1cc(N2CCCC(c3nc4c5cc(Cl)ccc5nc(N)n4n3)C2)cn1,6.500312805175781,8.48050844422059,0.16241271117962122,0.5365853658536586,1.9801956390448083
gin,1438,Cn1cc(N2CCCC(c3nc4c5cc(F)c(F)cc5nc(N)n4n3)C2)cn1,7.485452175140381,8.808201032836962,0.21570762980350108,0.6533333333333333,1.3227488576965811
gin,1439,Cn1cc(N2CCCC(c3nc4c5cc(F)cc(F)c5nc(N)n4n3)C2)cn1,9.301030158996582,8.919303493587279,0.21388734626955683,0.620253164556962,0.3817266654093032
gin,1440,Cn1cc(N2CCCC(c3nc4c5cc(F)ccc5nc(N)n4n3)C2)cn1,6.982966423034668,8.579864209825573,0.17881616788531404,0.575,1.5968977867909047
gin,1441,Cn1cc(N2CCC[C@@H](c3nc4c5cc(Cl)cc(Cl)c5nc(N)n4n3)C2)cn1,7.235823631286621,9.0623531708723,0.19638196585566906,0.5176470588235295,1.8265295395856782
gin,15,CC(=O)N[C@@H]1CCN(C(=O)c2nc(N[C@@H](C)c3ccccn3)nc3ccsc23)C1,6.301030158996582,6.711049124246859,0.07438257297187618,0.875,0.41001896525027703
gin,20,CC(=O)N[C@H]1CCN(C(=O)c2nc(N[C@@H](C)c3ccccn3)nc3ccsc23)C1,6.301030158996582,7.097347710842958,0.08630212671328671,0.875,0.7963175518463759
gin,249,CCO[C@@H]1CCN(C(=O)c2nc(N[C@@H](C)c3ccccn3)nc3ccsc23)C1,7.12493896484375,6.634365826827993,0.061876239503979816,0.7536231884057971,0.4905731380157574
gin,250,CCO[C@H]1CCN(C(=O)c2nc(N[C@@H](C)c3ccccn3)nc3ccsc23)C1,6.522878646850586,6.774857595188872,0.061604465075726894,0.7536231884057971,0.2519789483382864
gin,314,CNc1cc2nc(NCc3ccccn3)nc(C(=O)N3CCCC3)c2s1,6.301030158996582,6.5945255246508445,0.03328922305071679,0.6666666666666666,0.2934953656542625
gin,318,CNc1cc2nc(N[C@@H](C)c3ccccn3)nc(C(=O)N3CC[C@@H](C)C3)c2s1,6.522878646850586,6.874579016129627,0.06521170704355582,0.7910447761194029,0.35170036927904125
gin,319,CNc1cc2nc(N[C@@H](C)c3ccccn3)nc(C(=O)N3CC[C@@H](F)C3)c2s1,6.522878646850586,6.887741044229359,0.05187829437091881,0.7910447761194029,0.364862397378773
gin,320,CNc1cc2nc(N[C@@H](C)c3ccccn3)nc(C(=O)N3CC[C@@H](O)C3)c2s1,6.301030158996582,6.806129461309799,0.03229538542086172,0.875,0.5050993023132166
gin,393,COC[C@@H]1CCN(C(=O)c2nc(N[C@@H](C)c3ccccn3)nc3cc(C)sc23)C1,6.522878646850586,6.677399093397167,0.05418227369165007,0.9090909090909091,0.15452044654658081
gin,394,COC[C@@H]1CCN(C(=O)c2nc(N[C@@H](C)c3ccccn3)nc3ccsc23)C1,6.522878646850586,6.635012103592736,0.029849715278533417,0.7391304347826086,0.11213345674214992
gin,401,COC[C@H]1CCN(C(=O)c2nc(N[C@@H](C)c3ccccn3)nc3cc(C)sc23)C1,6.301030158996582,6.801573983529562,0.024359944775560687,0.9090909090909091,0.5005438245329801
gin,402,COC[C@H]1CCN(C(=O)c2nc(N[C@@H](C)c3ccccn3)nc3ccsc23)C1,6.522878646850586,6.759947848513683,0.0524431717149108,0.7391304347826086,0.23706920166309686
gin,411,CO[C@@H]1CCN(C(=O)c2nc(N[C@@H](C)c3ccccn3)nc3c(C)csc23)C1,7.522878646850586,6.906231243683951,0.14983974767791228,0.7323943661971831,0.6166474031666347
gin,412,CO[C@@H]1CCN(C(=O)c2nc(N[C@@H](C)c3ccccn3)nc3cc(C)sc23)C1,7.522878646850586,6.7233240659154525,0.08999181661138275,0.8769230769230769,0.7995545809351334
gin,419,CO[C@H]1CCN(C(=O)c2nc(N[C@@H](C)c3ccccn3)nc3c(C)csc23)C1,6.522878646850586,7.081243935532025,0.16974804814687994,0.7323943661971831,0.558365288681439
gin,420,CO[C@H]1CCN(C(=O)c2nc(N[C@@H](C)c3ccccn3)nc3cc(C)sc23)C1,7.12493896484375,6.884694582927538,0.041766631441290225,0.8769230769230769,0.2402443819162121
gin,421,CO[C@H]1CCN(C(=O)c2nc(N[C@@H](C)c3ccccn3)nc3ccsc23)C1,7.522878646850586,6.835428327810734,0.05624966489047415,0.873015873015873,0.6874503190398515
gin,698,C[C@@H]1CCN(C(=O)c2nc(N[C@@H](C)c3ccccn3)nc3cc(N)sc23)C1,6.522878646850586,6.686068482979081,0.02898441805014987,0.7878787878787878,0.16318983612849536
gin,699,C[C@@H]1CCN(C(=O)c2nc(N[C@@H](C)c3ccccn3)nc3ccsc23)C1,7.12493896484375,6.658731299436151,0.06514640562128055,0.7777777777777778,0.46620766540759906
gin,789,C[C@H](Nc1nc(C(=O)N2CCC(C(=O)O)C2)c2sccc2n1)c1ccccn1,6.301030158996582,6.7873468540909885,0.05847927435753313,0.7538461538461538,0.48631669509440645
gin,791,C[C@H](Nc1nc(C(=O)N2CCC(C(=O)OC(C)(C)C)C2)c2sccc2n1)c1ccccn1,6.301030158996582,6.6697473514658405,0.036818931165878435,0.6962025316455697,0.3687171924692585
gin,794,C[C@H](Nc1nc(C(=O)N2CCC(F)(F)C2)c2sccc2n1)c1ccccn1,6.522878646850586,6.463691522785503,0.14044769338006616,0.8666666666666667,0.059187124065083196
gin,807,C[C@H](Nc1nc(C(=O)N2CCCC2)c2sccc2n1)c1ccccn1,7.12493896484375,6.742139396088905,0.026052130478094848,0.9622641509433962,0.38279956875484533
gin,834,C[C@H](Nc1nc(C(=O)N2CC[C@@H](F)C2)c2sc(N)cc2n1)c1ccccn1,6.522878646850586,6.8822063032630085,0.10789017698756972,0.7878787878787878,0.3593276564124226
gin,836,C[C@H](Nc1nc(C(=O)N2CC[C@@H](F)C2)c2sccc2n1)c1ccccn1,7.522878646850586,6.865963501487994,0.03550443391425715,0.7777777777777778,0.6569151453625919
gin,839,C[C@H](Nc1nc(C(=O)N2CC[C@@H](N)C2)c2sccc2n1)c1ccccn1,6.301030158996582,6.731302757655477,0.05960505858150425,0.765625,0.43027259865889533
gin,841,C[C@H](Nc1nc(C(=O)N2CC[C@@H](NC(=O)OC(C)(C)C)C2)c2sccc2n1)c1ccccn1,6.522878646850586,6.90650181203889,0.10327979295658804,0.7894736842105263,0.38362316518830397
gin,843,C[C@H](Nc1nc(C(=O)N2CC[C@@H](O)C2)c2sc(C(F)(F)F)cc2n1)c1ccccn1,6.301030158996582,6.799985146438069,0.12593951213194496,0.7,0.49895498744148714
gin,846,C[C@H](Nc1nc(C(=O)N2CC[C@@H](O)C2)c2sc(N)cc2n1)c1ccccn1,6.301030158996582,6.791669160951673,0.08586796010532868,0.873015873015873,0.490639001955091
gin,850,C[C@H](Nc1nc(C(=O)N2CC[C@@H](O)C2)c2sccc2n1)c1ccccn1,6.522878646850586,6.7701085071234814,0.05185621001586663,0.8666666666666667,0.2472298602728955
gin,855,C[C@H](Nc1nc(C(=O)N2CC[C@@H](S(C)(=O)=O)C2)c2sccc2n1)c1ccccn1,6.301030158996582,6.653851968035074,0.12677418228831908,0.7313432835820896,0.3528218090384918
gin,860,C[C@H](Nc1nc(C(=O)N2CC[C@H](F)C2)c2sccc2n1)c1ccccn1,7.12493896484375,6.668207547944906,0.07788302018888392,0.7777777777777778,0.4567314168988439
gin,865,C[C@H](Nc1nc(C(=O)N2CC[C@H](NC(=O)OC(C)(C)C)C2)c2sccc2n1)c1ccccn1,7.12493896484375,6.52218672555821,0.07470804866411508,0.7894736842105263,0.6027522392855396
gin,872,C[C@H](Nc1nc(C(=O)N2CC[C@H](O)C2)c2sccc2n1)c1ccccn1,6.301030158996582,6.625493958003918,0.06471134506603769,0.8666666666666667,0.3244637990073356
gin,877,C[C@H](Nc1nc(C(=O)N2CC[C@H](S(C)(=O)=O)C2)c2sccc2n1)c1ccccn1,6.522878646850586,6.537893006295594,0.11660465160278158,0.7313432835820896,0.015014359445007841
gin,969,C[C@H]1CCN(C(=O)c2nc(N[C@@H](C)c3ccccn3)nc3ccsc23)C1,6.522878646850586,6.852425894516095,0.10454634272765997,0.7777777777777778,0.32954724766550925
gin,1107,Cc1cc2nc(N[C@@H](C)c3ccccn3)nc(C(=O)N3CCCC3)c2s1,7.522878646850586,6.787119026797505,0.026335123020552458,0.9636363636363636,0.7357596200530807
gin,1108,Cc1cc2nc(N[C@@H](C)c3ccccn3)nc(C(=O)N3CC[C@@H](O)C3)c2s1,6.522878646850586,6.813597193045638,0.03451943470463206,0.8709677419354839,0.2907185461950519
gin,1109,Cc1cc2nc(N[C@@H](C)c3ccccn3)nc(C(=O)N3CC[C@H](O)C3)c2s1,6.301030158996582,6.680970339468061,0.06721908666262602,0.8709677419354839,0.37994018047147904
gin,1355,Cc1csc2c(C(=O)N3CCCC3)nc(N[C@@H](C)c3ccccn3)nc12,7.522878646850586,6.994610167426792,0.15553515458753778,0.7424242424242424,0.5282684794237937
gin,1703,O=C(c1nc(NCc2ccc(F)cn2)nc2ccsc12)N1CCCC1,6.301030158996582,6.727151923654639,0.13843378893058975,0.6833333333333333,0.42612176465805707
gin,1704,O=C(c1nc(NCc2ccc(F)cn2)nc2ccsc12)N1CC[C@H](O)C1,6.301030158996582,6.5393544578264375,0.14556684492600278,0.7384615384615385,0.2383242988298555
gin,1712,O=C(c1nc(NCc2cccc(F)n2)nc2ccsc12)N1CCCC1,6.301030158996582,6.817226599129949,0.08423862749569418,0.7241379310344828,0.516196440133367
gin,1713,O=C(c1nc(NCc2cccc(O)n2)nc2ccsc12)N1CCCC1,6.301030158996582,6.744216187936601,0.06266734997960903,0.7368421052631579,0.4431860289400191
gin,1716,O=C(c1nc(NCc2ccccn2)nc2ccsc12)N1CCCC1,6.522878646850586,6.55981339328504,0.03798773009469196,0.7678571428571429,0.03693474643445427
