model,test_idx,smiles,y_true,pred,std,max_sim,abs_err
rf,144,CC(C)(O)C1CCN(c2ncc(C(=O)Nc3ccc(OC(F)(F)F)cc3)cc2-c2cccnc2)C1,8.221848487854004,8.535510658370125,0.25094726819284374,0.8805970149253731,0.3136621705161211
rf,301,CC(F)(F)Oc1ccc(NC(=O)c2cnc(N3CC[C@@H](O)C3)c(-c3cncc(C#N)c3)c2)cc1,8.345185279846191,8.421059235489558,0.6406169797935681,0.684931506849315,0.07587395564336674
rf,302,CC(F)(F)Oc1ccc(NC(=O)c2cnc(N3CC[C@@H](O)C3)c(-c3cncc(F)c3)c2)cc1,8.426936149597168,8.44237942883325,0.637993823343574,0.7647058823529411,0.015443279236082574
rf,517,CCc1ccc(-c2cc(C(=O)Nc3ccc(OC(F)(F)F)cc3)cnc2N2CC[C@H](CO)C2)cn1,7.958607196807861,8.508769623438518,0.24775135279361207,0.7945205479452054,0.5501624266306564
rf,602,CN(C)[C@H]1CN(c2ncc(C(=O)Nc3ccc(OC(F)(F)F)cc3)cc2-c2cncc(F)c2)C[C@@H]1O,8.688375473022461,8.479188473807442,0.2692503566080936,0.8260869565217391,0.20918699921501904
rf,747,CN[C@@H]1CCN(c2ncc(C(=O)Nc3ccc(OC(F)(F)F)cc3)cc2-c2ccc(C)nc2)C1,8.522878646850586,8.442460597991943,0.2139164392369731,0.7971014492753623,0.08041804885864323
rf,748,CN[C@@H]1CCN(c2ncc(C(=O)Nc3ccc(OC(F)(F)F)cc3)cc2-c2cccnc2)C1,8.522878646850586,8.502021768993801,0.183992370048122,0.7746478873239436,0.020856877856784806
rf,751,CN[C@H]1CCN(c2ncc(C(=O)Nc3ccc(OC(F)(F)F)cc3)cc2-c2ccc(C)nc2)C1,8.522878646850586,8.442460597991943,0.2139164392369731,0.7971014492753623,0.08041804885864323
rf,752,CN[C@H]1CCN(c2ncc(C(=O)Nc3ccc(OC(F)(F)F)cc3)cc2-c2cccnc2)C1,8.522878646850586,8.502021768993801,0.183992370048122,0.7746478873239436,0.020856877856784806
rf,832,CO[C@H]1CN(c2ncc(C(=O)Nc3ccc(OC(F)(F)Cl)cc3)cc2-c2cncc(F)c2)C[C@@H]1N,9.048455238342285,8.946855087280273,0.17620950811719285,0.7123287671232876,0.10160015106201215
rf,834,CO[C@H]1CN(c2ncc(C(=O)Nc3ccc(OC(F)(F)F)cc3)cc2-c2cncc(F)c2)C[C@@H]1N,8.734260559082031,8.60710694800483,0.15073844110566792,0.8088235294117647,0.12715361107720113
rf,900,COc1ccc(-c2cc(C(=O)Nc3ccc(OC(F)(F)F)cc3)cnc2N2CC[C@@H](CN)C2)cn1,8.522878646850586,8.45152592833837,0.23938115454735573,0.6923076923076923,0.07135271851221603
rf,901,COc1ccc(-c2cc(C(=O)Nc3ccc(OC(F)(F)F)cc3)cnc2N2CC[C@@H](O)C2)cn1,8.397939682006836,8.421884875774383,0.17464701351148465,0.7761194029850746,0.023945193767547224
rf,1007,COc1cncc(-c2cc(C(=O)Nc3ccc(OC(F)(F)F)cc3)cnc2N2CC[C@@H](O)C2)c1,8.522878646850586,8.543002274747879,0.2103798661349165,0.7910447761194029,0.02012362789729316
rf,1019,COc1ncc(-c2cc(C(=O)Nc3ccc(OC(F)(F)Cl)cc3)cnc2N2CC[C@@H](O)C2)cc1C#N,9.522878646850586,8.833350475629171,0.25000664016802976,0.7532467532467533,0.689528171221415
rf,1286,Cc1ccc(-c2cc(C(=O)Nc3ccc(OC(F)(F)C(F)F)cc3)cnc2N2CC[C@@H](O)C2)cn1,7.975390911102295,8.300067455450693,0.599627754305888,0.8088235294117647,0.32467654434839766
rf,1295,Cc1ccc(-c2cc(C(=O)Nc3ccc(OC(F)(F)F)cc3)cnc2N2CCC(C(C)(C)O)C2)cn1,7.79587984085083,8.44409874153137,0.26425793013484206,0.8923076923076924,0.6482189006805399
rf,1296,Cc1ccc(-c2cc(C(=O)Nc3ccc(OC(F)(F)F)cc3)cnc2N2CCC(O)C2)cn1,8.522878646850586,8.4309164036115,0.18654887544220602,0.9206349206349206,0.0919622432390863
rf,1301,Cc1ccc(-c2cc(C(=O)Nc3ccc(OC(F)(F)F)cc3)cnc2N2CC[C@@H](CN)C2)cn1,8.301030158996582,8.457041214942931,0.2361207856775437,0.8088235294117647,0.15601105594634923
rf,1302,Cc1ccc(-c2cc(C(=O)Nc3ccc(OC(F)(F)F)cc3)cnc2N2CC[C@@H](CO)C2)cn1,8.784317970275879,8.500158710479736,0.25356549478167306,0.90625,0.28415925979614265
rf,1303,Cc1ccc(-c2cc(C(=O)Nc3ccc(OC(F)(F)F)cc3)cnc2N2CC[C@@H](N)C2)cn1,8.522878646850586,8.427447181383767,0.28942032002082935,0.8088235294117647,0.09543146546681847
rf,1304,Cc1ccc(-c2cc(C(=O)Nc3ccc(OC(F)(F)F)cc3)cnc2N2CC[C@@H](O)C2)cn1,8.809894561767578,8.4309164036115,0.18654887544220602,0.9206349206349206,0.3789781581560785
rf,1305,Cc1ccc(-c2cc(C(=O)Nc3ccc(OC(F)(F)F)cc3)cnc2N2CC[C@H](CN)C2)cn1,8.522878646850586,8.457041214942931,0.2361207856775437,0.8088235294117647,0.06583743190765468
rf,1306,Cc1ccc(-c2cc(C(=O)Nc3ccc(OC(F)(F)F)cc3)cnc2N2CC[C@H](CO)C2)cn1,8.872364044189453,8.500158710479736,0.25356549478167306,0.90625,0.37220533370971687
rf,1307,Cc1ccc(-c2cc(C(=O)Nc3ccc(OC(F)(F)F)cc3)cnc2N2CC[C@H](N)C2)cn1,8.154901504516602,8.427447181383767,0.28942032002082935,0.8088235294117647,0.2725456768671659
rf,1308,Cc1ccc(-c2cc(C(=O)Nc3ccc(OC(F)(F)F)cc3)cnc2N2CC[C@H](O)C2)cn1,8.809894561767578,8.4309164036115,0.18654887544220602,0.9206349206349206,0.3789781581560785
rf,1710,Cc1ccncc1-c1cc(C(=O)Nc2ccc(OC(F)(F)Cl)cc2)cnc1N1CC[C@@H](O)C1,9.698969841003418,8.642836469014485,0.6010653917143931,0.8028169014084507,1.056133371988933
rf,1777,Cc1cncc(-c2cc(C(=O)Nc3ccc(OC(F)(F)F)cc3)cnc2N2CC[C@@H](O)C2)c1,8.522878646850586,8.535017473508441,0.15196874855317913,0.803030303030303,0.012138826657855262
rf,1834,Cc1ncc(-c2cc(C(=O)Nc3ccc(OC(F)(F)F)cc3)cnc2N2CC[C@@H](O)C2)cc1F,8.872364044189453,8.586181308746337,0.2753507554965073,0.7910447761194029,0.28618273544311634
rf,1837,Cc1ncc(-c2cc(C(=O)Nc3ccc(OC(F)(F)F)cc3)cnc2N2CC[C@H](CO)C2)cc1F,8.688375473022461,8.638684000174205,0.3183992052697496,0.8955223880597015,0.04969147284825581
rf,1841,Cc1ncccc1-c1cc(C(=O)Nc2ccc(OC(F)(F)Cl)cc2)cnc1N1CC[C@@H](O)C1,8.960409164428711,8.774334355990092,0.2879985405695269,0.7777777777777778,0.1860748084386188
rf,1842,Cc1ncccc1-c1cc(C(=O)Nc2ccc(OC(F)(F)F)cc2)cnc1N1CC[C@@H](O)C1,8.301030158996582,8.525235318585047,0.40169434890341665,0.7681159420289855,0.22420515958846465
rf,2000,N#Cc1ccc(-c2cc(C(=O)Nc3ccc(OC(F)(F)F)cc3)cnc2N2CC[C@H](CO)C2)cn1,8.301030158996582,8.512881709734598,0.25855972451401876,0.8055555555555556,0.21185155073801631
rf,2008,N#Cc1ccncc1-c1cc(C(=O)Nc2ccc(OC(F)(F)Cl)cc2)cnc1N1CC[C@@H](O)C1,9.698969841003418,8.822106819152832,0.3341025112100249,0.8082191780821918,0.8768630218505855
rf,2009,N#Cc1ccncc1-c1cc(C(=O)Nc2ccc(OC(F)(F)Cl)cc2)cnc1N1C[C@H](O)[C@@H](O)C1,8.897939682006836,9.009812585512798,0.34848464705184606,0.726027397260274,0.11187290350596157
rf,2010,N#Cc1ccncc1-c1cc(C(=O)Nc2ccc(OC(F)(F)F)cc2)cnc1N1CC[C@@H](O)C1,8.776420593261719,8.42354351215514,0.47169984726916886,0.7681159420289855,0.35287708110657867
rf,2014,N#Cc1cncc(-c2cc(C(=O)Nc3ccc(C(F)(F)C(F)(F)F)cc3)cnc2N2CC[C@@H](O)C2)c1,8.747425079345703,7.791429280598959,1.0593176772060409,0.6,0.955995798746744
rf,2015,N#Cc1cncc(-c2cc(C(=O)Nc3ccc(OC(F)(F)Cl)cc3)cnc2N2CC[C@@H](O)C2)c1,9.2044677734375,8.86325709660848,0.1775031291050525,0.7702702702702703,0.34121067682901973
rf,2016,N#Cc1cncc(-c2cc(C(=O)Nc3ccc(OC(F)(F)Cl)cc3)cnc2N2CC[C@H](CO)C2)c1,8.590228080749512,8.86262255191803,0.19972201543707344,0.7297297297297297,0.2723944711685178
rf,2017,N#Cc1cncc(-c2cc(C(=O)Nc3ccc(OC(F)(F)Cl)cc3)cnc2N2C[C@@H](O)[C@@H](O)C2)c1,9.301030158996582,8.992799932161967,0.18816100381685,0.7361111111111112,0.3082302268346151
rf,2018,N#Cc1cncc(-c2cc(C(=O)Nc3ccc(OC(F)(F)Cl)cc3)cnc2N2C[C@H](O)[C@@H](O)C2)c1,9.943028450012207,8.992799932161967,0.18816100381685,0.7361111111111112,0.9502285178502401
rf,2019,N#Cc1cncc(-c2cc(C(=O)Nc3ccc(OC(F)(F)F)c(F)c3)cnc2N2CC[C@@H](O)C2)c1,8.659379005432129,8.010692795700498,0.9167091127229338,0.6447368421052632,0.6486862097316308
rf,2020,N#Cc1cncc(-c2cc(C(=O)Nc3ccc(OC(F)(F)F)c(F)c3)cnc2N2CC[C@H](CO)C2)c1,9.022878646850586,7.901889818112055,1.0176093976961742,0.6144578313253012,1.1209888287385308
rf,2021,N#Cc1cncc(-c2cc(C(=O)Nc3ccc(OC(F)(F)F)cc3)cnc2N2CC[C@@H](O)C2)c1,8.673394203186035,8.563424428947389,0.18213559744607266,0.7794117647058824,0.10996977423864607
rf,2022,N#Cc1cncc(-c2cc(C(=O)Nc3ccc(OC(F)(F)F)cc3)cnc2N2CC[C@H](CO)C2)c1,8.838890075683594,8.53666124934242,0.24602673731635125,0.7466666666666667,0.30222882634117454
rf,2023,N#Cc1cncc(-c2cc(C(=O)Nc3ccc(SC(F)(F)F)c(F)c3)cnc2N2CC[C@@H](O)C2)c1,8.740742683410645,8.018846174399057,0.927533688552441,0.6282051282051282,0.7218965090115876
rf,2024,N#Cc1cncc(-c2cc(C(=O)Nc3ccc(SC(F)(F)F)cc3)cnc2N2CC[C@@H](O)C2)c1,9.048455238342285,8.21343538988961,0.7580913926156654,0.6712328767123288,0.8350198484526743
rf,2025,N#Cc1cncc(-c2cc(C(=O)Nc3ccc(SC(F)(F)F)cc3)cnc2N2CC[C@H](CO)C2)c1,8.571333885192871,8.098975099722544,0.9141973661959877,0.5853658536585366,0.47235878547032684
rf,2028,N#Cc1ncc(F)cc1-c1cc(C(=O)Nc2ccc(OC(F)(F)Cl)cc2)cnc1N1CC[C@@H](O)C1,9.301030158996582,8.817398811976116,0.1647804408220177,0.8082191780821918,0.4836313470204665
rf,2053,NCC1CN(c2ncc(C(=O)Nc3ccc(OC(F)(F)Cl)cc3)cc2-c2cncc(F)c2)CC1O,9.053953170776367,8.934763573010763,0.1858885796052198,0.6986301369863014,0.11918959776560456
rf,2054,NCC1CN(c2ncc(C(=O)Nc3ccc(OC(F)(F)F)cc3)cc2-c2cncc(F)c2)CC1O,9.071333885192871,8.60936094819175,0.28174025656266605,0.7941176470588235,0.4619729370011214
rf,2061,NC[C@@H]1CCN(c2ncc(C(=O)Nc3ccc(OC(F)(F)F)cc3)cc2-c2cccnc2)C1,8.522878646850586,8.486446786297693,0.20163308113164724,0.7971014492753623,0.03643186055289327
rf,2063,NC[C@H]1CCN(c2ncc(C(=O)Nc3ccc(OC(F)(F)F)cc3)cc2-c2cccnc2)C1,8.522878646850586,8.486446786297693,0.20163308113164724,0.7971014492753623,0.03643186055289327
rf,2072,N[C@@H]1CCN(c2ncc(C(=O)Nc3ccc(OC(F)(F)F)cc3)cc2-c2cccnc2)C1,8.522878646850586,8.478027944829732,0.26852215912652033,0.7971014492753623,0.04485070202085417
rf,2079,N[C@H]1CCN(c2ncc(C(=O)Nc3ccc(OC(F)(F)F)cc3)cc2-c2cccnc2)C1,8.522878646850586,8.478027944829732,0.26852215912652033,0.7971014492753623,0.04485070202085417
rf,2084,N[C@H]1CN(c2ncc(C(=O)Nc3ccc(OC(F)(F)Cl)cc3)cc2-c2cncc(F)c2)C[C@@H]1O,8.387345314025879,8.943387921651205,0.16704962079599664,0.7887323943661971,0.5560426076253258
rf,2123,Nc1ncc(-c2cc(C(=O)Nc3ccc(OC(F)(F)Cl)cc3)cnc2N2CC[C@@H](O)C2)cc1F,9.22796630859375,8.817987936337788,0.31587656505597594,0.7857142857142857,0.4099783722559618
rf,2125,Nc1ncc(-c2cc(C(=O)Nc3ccc(OC(F)(F)F)cc3)cnc2N2CC[C@@H](O)C2)cc1F,8.827803611755371,8.47422924009959,0.28151056780429273,0.7910447761194029,0.35357437165578176
rf,2246,O=C(Nc1ccc(C(F)(F)C(F)(F)F)cc1)c1cnc(N2CC[C@@H](O)C2)c(-c2cncc(F)c2)c1,8.911953926086426,7.730251556661393,1.1462448463450814,0.6714285714285714,1.1817023694250324
rf,2249,O=C(Nc1ccc(OC(F)(F)C(F)(F)F)cc1)c1cnc(N2CC[C@@H](O)C2)c(-c2cncc(F)c2)c1,8.443028450012207,8.57576033875299,0.4733068783907446,0.7647058823529411,0.1327318887407838
rf,2251,O=C(Nc1ccc(OC(F)(F)C(F)F)cc1)c1cnc(N2CC[C@@H](O)C2)c(-c2cncc(F)c2)c1,7.958607196807861,8.540521621991719,0.49649423523120995,0.7647058823529411,0.5819144251838573
rf,2339,O=C(Nc1ccc(OC(F)(F)Cl)cc1)c1cnc(N2CC[C@@H](O)C2)c(-c2cc(F)cnc2Cl)c1,9.0,8.781115825970968,0.1700722555916231,0.7887323943661971,0.21888417402903215
rf,2340,O=C(Nc1ccc(OC(F)(F)Cl)cc1)c1cnc(N2CC[C@@H](O)C2)c(-c2cc(F)cnc2F)c1,8.67827320098877,8.783202809757656,0.1742205400929562,0.8,0.10492960876888624
rf,2344,O=C(Nc1ccc(OC(F)(F)Cl)cc1)c1cnc(N2CC[C@@H](O)C2)c(-c2cccnc2F)c1,9.022878646850586,8.763124141163296,0.3321513386639581,0.7464788732394366,0.2597545056872903
rf,2345,O=C(Nc1ccc(OC(F)(F)Cl)cc1)c1cnc(N2CC[C@@H](O)C2)c(-c2cncc(F)c2)c1,8.849485397338867,8.845993455251058,0.16556400127433366,0.8088235294117647,0.003491942087809008
rf,2346,O=C(Nc1ccc(OC(F)(F)Cl)cc1)c1cnc(N2CC[C@@H](O)C2)c(-c2cnccc2F)c1,9.11092472076416,8.813710764249166,0.36854849052941874,0.7777777777777778,0.2972139565149945
rf,2349,O=C(Nc1ccc(OC(F)(F)Cl)cc1)c1cnc(N2CC[C@H](CO)C2)c(-c2cncc(F)c2)c1,9.5,8.842743395169576,0.1895052491198329,0.7857142857142857,0.6572566048304243
rf,2352,O=C(Nc1ccc(OC(F)(F)Cl)cc1)c1cnc(N2C[C@@H](O)[C@@H](O)C2)c(-c2cncc(F)c2)c1,9.11092472076416,8.983451987902324,0.17154405171436074,0.746268656716418,0.12747273286183614
rf,2356,O=C(Nc1ccc(OC(F)(F)Cl)cc1)c1cnc(N2C[C@H](O)[C@@H](O)C2)c(-c2cncc(F)c2)c1,9.2044677734375,8.983451987902324,0.17154405171436074,0.746268656716418,0.22101578553517598
rf,2369,O=C(Nc1ccc(OC(F)(F)F)c(F)c1)c1cnc(N2CC[C@@H](O)C2)c(-c2cncc(F)c2)c1,8.721848487854004,7.961248482651181,1.0261041871457155,0.7142857142857143,0.7606000052028232
rf,2371,O=C(Nc1ccc(OC(F)(F)F)c(F)c1)c1cnc(N2CC[C@H](CO)C2)c(-c2cncc(F)c2)c1,8.811711311340332,7.848042667309443,1.1063303915921225,0.7361111111111112,0.9636686440308893
rf,2425,O=C(Nc1ccc(OC(F)(F)F)cc1)c1cnc(N2CCC(O)C2)c(-c2ccc(C(F)(F)F)nc2)c1,8.522878646850586,8.463385896523794,0.16915768296454628,0.8,0.059492750326791466
rf,2426,O=C(Nc1ccc(OC(F)(F)F)cc1)c1cnc(N2CCC(O)C2)c(-c2cccnc2)c1,8.522878646850586,8.47842893764708,0.12247075053475796,0.90625,0.04444970920350677
rf,2436,O=C(Nc1ccc(OC(F)(F)F)cc1)c1cnc(N2CCCC2)c(-c2ccc(CO)nc2)c1,8.911953926086426,8.471567702611287,0.1682630018799415,0.8571428571428571,0.440386223475139
rf,2452,O=C(Nc1ccc(OC(F)(F)F)cc1)c1cnc(N2CC[C@@H](CO)C2)c(-c2cccnc2)c1,8.522878646850586,8.496237121105192,0.2163975793515498,0.8923076923076924,0.02664152574539358
rf,2455,O=C(Nc1ccc(OC(F)(F)F)cc1)c1cnc(N2CC[C@@H](O)C2)c(-c2cc(F)cnc2F)c1,8.378480911254883,8.549693593978882,0.26075978936907623,0.7878787878787878,0.1712126827239988
rf,2457,O=C(Nc1ccc(OC(F)(F)F)cc1)c1cnc(N2CC[C@@H](O)C2)c(-c2ccc(C(F)(F)F)nc2)c1,8.530240058898926,8.463385896523794,0.16915768296454628,0.8,0.06685416237513131
rf,2458,O=C(Nc1ccc(OC(F)(F)F)cc1)c1cnc(N2CC[C@@H](O)C2)c(-c2ccc(CO)nc2)c1,8.809894561767578,8.456814770857493,0.17491162542429733,0.803030303030303,0.3530797909100851
rf,2459,O=C(Nc1ccc(OC(F)(F)F)cc1)c1cnc(N2CC[C@@H](O)C2)c(-c2ccc(F)nc2)c1,8.721848487854004,8.501797179063162,0.20735512879995002,0.84375,0.22005130879084156
rf,2467,O=C(Nc1ccc(OC(F)(F)F)cc1)c1cnc(N2CC[C@@H](O)C2)c(-c2cccnc2)c1,8.872364044189453,8.47842893764708,0.12247075053475796,0.90625,0.39393510654237396
rf,2468,O=C(Nc1ccc(OC(F)(F)F)cc1)c1cnc(N2CC[C@@H](O)C2)c(-c2cccnc2F)c1,8.460409164428711,8.524290726268102,0.3733751216808475,0.7794117647058824,0.06388156183939131
rf,2471,O=C(Nc1ccc(OC(F)(F)F)cc1)c1cnc(N2CC[C@@H](O)C2)c(-c2cnc(Cl)c(F)c2)c1,8.960409164428711,8.233514186541239,0.25758655921176515,0.7910447761194029,0.726894977887472
rf,2472,O=C(Nc1ccc(OC(F)(F)F)cc1)c1cnc(N2CC[C@@H](O)C2)c(-c2cncc(C(F)(F)F)c2)c1,7.721246242523193,8.492511805277022,0.3613839753821356,0.803030303030303,0.771265562753829
rf,2473,O=C(Nc1ccc(OC(F)(F)F)cc1)c1cnc(N2CC[C@@H](O)C2)c(-c2cncc(Cl)c2)c1,8.740742683410645,8.376988804060316,0.3324314067296791,0.803030303030303,0.36375387935032855
rf,2474,O=C(Nc1ccc(OC(F)(F)F)cc1)c1cnc(N2CC[C@@H](O)C2)c(-c2cncc(F)c2)c1,8.740742683410645,8.648314940475283,0.17830095787335973,0.873015873015873,0.09242774293536193
rf,2475,O=C(Nc1ccc(OC(F)(F)F)cc1)c1cnc(N2CC[C@@H](O)C2)c(-c2cnccc2F)c1,8.736830711364746,8.311590820630391,0.5860446922596932,0.803030303030303,0.4252398907343551
rf,2483,O=C(Nc1ccc(OC(F)(F)F)cc1)c1cnc(N2CC[C@H](CO)C2)c(-c2ccc(CF)nc2)c1,8.740742683410645,8.50818615436554,0.24338465533361647,0.8055555555555556,0.23255652904510526
rf,2484,O=C(Nc1ccc(OC(F)(F)F)cc1)c1cnc(N2CC[C@H](CO)C2)c(-c2ccc(Cl)nc2)c1,9.141998291015625,8.38597331047058,0.2867988286267101,0.8169014084507042,0.7560249805450443
rf,2485,O=C(Nc1ccc(OC(F)(F)F)cc1)c1cnc(N2CC[C@H](CO)C2)c(-c2cccnc2)c1,8.522878646850586,8.496237121105192,0.2163975793515498,0.8923076923076924,0.02664152574539358
rf,2486,O=C(Nc1ccc(OC(F)(F)F)cc1)c1cnc(N2CC[C@H](CO)C2)c(-c2cnc(Cl)c(F)c2)c1,9.022878646850586,8.257229460080465,0.2825412645564522,0.7702702702702703,0.765649186770121
rf,2487,O=C(Nc1ccc(OC(F)(F)F)cc1)c1cnc(N2CC[C@H](CO)C2)c(-c2cncc(F)c2)c1,8.711254119873047,8.606670825027285,0.24525523749107095,0.8923076923076924,0.1045832948457619
rf,2490,O=C(Nc1ccc(OC(F)(F)F)cc1)c1cnc(N2C[C@@H](O)[C@@H](O)C2)c(-c2cncc(F)c2)c1,8.721848487854004,8.632585573249393,0.18964748079493005,0.8548387096774194,0.08926291460461044
rf,2492,O=C(Nc1ccc(OC(F)(F)F)cc1)c1cnc(N2C[C@H](CO)[C@@H](O)C2)c(-c2cncc(F)c2)c1,8.688375473022461,8.658075992319318,0.3085809785317527,0.8484848484848485,0.03029948070314248
rf,2495,O=C(Nc1ccc(OC(F)(F)F)cc1)c1cnc(N2C[C@H](O)[C@@H](O)C2)c(-c2cccnc2)c1,8.960409164428711,8.503777992331793,0.20770745214438865,0.8412698412698413,0.45663117209691784
rf,2513,O=C(Nc1ccc(S(F)(F)(F)(F)F)cc1)c1cnc(N2CC[C@@H](O)C2)c(-c2cncc(F)c2)c1,8.734260559082031,7.938152890629239,1.101610375227025,0.6428571428571429,0.7961076684527919
rf,2515,O=C(Nc1ccc(SC(F)(F)Cl)cc1)c1cnc(N2CC[C@@H](O)C2)c(-c2cncc(F)c2)c1,8.784317970275879,8.136042916138967,0.9599410477400108,0.6619718309859155,0.6482750541369118
rf,2517,O=C(Nc1ccc(SC(F)(F)F)c(F)c1)c1cnc(N2CC[C@@H](O)C2)c(-c2cncc(F)c2)c1,8.761439323425293,7.942952282746632,1.0615212352285388,0.6621621621621622,0.8184870406786606
rf,2521,O=C(Nc1ccc(SC(F)(F)F)cc1)c1cnc(N2CC[C@@H](O)C2)c(-c2cncc(F)c2)c1,8.747425079345703,8.158119167645772,0.9370210757422848,0.7,0.5893059116999311
rf,2523,O=C(Nc1ccc(SC(F)(F)F)cc1)c1cnc(N2CC[C@H](CO)C2)c(-c2cncc(F)c2)c1,8.76508903503418,8.046172361373902,1.0450151105758494,0.6944444444444444,0.7189166736602779
rf,2529,O=C(Nc1ccc([S+]([O-])C(F)(F)F)cc1)c1cnc(N2CC[C@@H](O)C2)c(-c2cncc(F)c2)c1,7.823908805847168,7.900658907519448,1.1788949211988857,0.6438356164383562,0.07675010167228002
rf,47,C=CCn1nc(-c2ccc(OCC)c(OC)c2)c2c(N)ncnc21,4.835647106170654,5.707737099329631,0.6503813220057489,0.6290322580645161,0.8720899931589763
rf,105,CC(=O)c1ccc(-c2nn(C(C)C)c3ncnc(N)c23)cc1,5.698969841003418,5.370457921028137,0.9057676640290779,0.64,0.3285119199752806
rf,108,CC(=O)c1cccc(-c2nn(C(C)C)c3ncnc(N)c23)c1,4.79587984085083,5.888702114423116,0.760076539289181,0.6612903225806451,1.0928222735722857
rf,136,CC(C)(C)n1nc(-c2ccc(Cl)cc2)c2c(N)ncnc21,6.764471530914307,5.126138407389323,0.5554806373300729,0.6595744680851063,1.6383331235249834
rf,139,CC(C)(C)n1nc(-c2ccccc2)c2c(N)ncnc21,6.196542739868164,5.075634618600209,0.5075270648688446,0.7272727272727273,1.1209081212679548
rf,175,CC(C)c1cccc(-c2nn(C(C)C)c3ncnc(N)c23)c1,6.698969841003418,6.021894569396973,0.7769714620502501,0.7083333333333334,0.6770752716064452
rf,211,CC(C)n1nc(-c2cc(F)c(C=O)c(F)c2)c2c(N)ncnc21,5.886056423187256,5.366497993469238,0.5161334953714496,0.625,0.5195584297180176
rf,212,CC(C)n1nc(-c2cc(F)c(O)cc2F)c2c(N)ncnc21,5.721246242523193,6.617066890398661,1.0521209209845508,0.54,0.8958206478754676
rf,214,CC(C)n1nc(-c2cc(O)cc(Br)c2)c2c(N)ncnc21,7.585026741027832,6.567407838503519,1.0353507260553083,0.6041666666666666,1.0176189025243128
rf,215,CC(C)n1nc(-c2cc(O)cc(F)c2)c2c(N)ncnc21,7.28399658203125,6.576244511604309,1.0540228223891583,0.6111111111111112,0.7077520704269409
rf,221,CC(C)n1nc(-c2ccc(Br)c(O)c2)c2c(N)ncnc21,8.338890075683594,6.6162763579686485,0.980019560581173,0.6470588235294118,1.7226137177149452
rf,222,CC(C)n1nc(-c2ccc(C#N)c(F)c2)c2c(N)ncnc21,5.301030158996582,6.011098295052847,1.046833170089209,0.6481481481481481,0.7100681360562646
rf,223,CC(C)n1nc(-c2ccc(C#N)c(O)c2)c2c(N)ncnc21,5.958607196807861,6.694221524397532,1.0680398864175926,0.6481481481481481,0.7356143275896709
rf,225,CC(C)n1nc(-c2ccc(C(N)=O)c(Cl)c2)c2c(N)ncnc21,4.301030158996582,5.790039695633782,0.8368769369739382,0.603448275862069,1.4890095366371998
rf,226,CC(C)n1nc(-c2ccc(C=O)c(F)c2)c2c(N)ncnc21,6.162411689758301,5.276085279517703,0.4947016694750791,0.6730769230769231,0.8863264102405974
rf,227,CC(C)n1nc(-c2ccc(CC#N)cc2)c2c(N)ncnc21,5.102373123168945,5.267491925557454,0.7450201961018085,0.6538461538461539,0.16511880238850907
rf,228,CC(C)n1nc(-c2ccc(Cl)c(Cl)c2)c2c(N)ncnc21,7.15490198135376,5.67330626683765,0.4337431226311503,0.6875,1.4815957145161098
rf,229,CC(C)n1nc(-c2ccc(Cl)c(O)c2)c2c(N)ncnc21,8.259636878967285,6.679291898572255,1.0900547646452587,0.6481481481481481,1.5803449803950302
rf,230,CC(C)n1nc(-c2ccc(F)c(C#N)c2)c2c(N)ncnc21,5.4685211181640625,6.057175761858622,1.0587963101852462,0.6481481481481481,0.5886546436945599
rf,231,CC(C)n1nc(-c2ccc(F)c(O)c2)c2c(N)ncnc21,7.853871822357178,6.675234402550591,1.0536413668024944,0.6470588235294118,1.178637419806587
rf,232,CC(C)n1nc(-c2ccc(N)c(O)c2)c2c(N)ncnc21,6.681936740875244,6.529988056818644,0.9187014177479566,0.673469387755102,0.15194868405659978
rf,233,CC(C)n1nc(-c2ccc(NS(C)(=O)=O)cc2)c2c(N)ncnc21,4.958607196807861,5.27934054851532,0.8535792903871625,0.58,0.3207333517074584
rf,234,CC(C)n1nc(-c2ccc(O)c(F)c2)c2c(N)ncnc21,6.177832126617432,6.615203348000844,1.073466013257976,0.6470588235294118,0.43737122138341267
rf,235,CC(C)n1nc(-c2ccc(O)cc2)c2c(N)ncnc21,5.7695512771606445,5.977218918800354,1.354711749877317,0.6744186046511628,0.2076676416397092
rf,236,CC(C)n1nc(-c2ccc(S(N)(=O)=O)cc2)c2c(N)ncnc21,4.236571788787842,5.440224209626516,1.0086728700304952,0.6170212765957447,1.203652420838674
rf,270,CC(C)n1nc(-c2cccc(C#N)c2)c2c(N)ncnc21,4.7695512771606445,5.817132980028788,0.688994005691179,0.6415094339622641,1.0475817028681433
rf,272,CC(C)n1nc(-c2cccc(CC#N)c2)c2c(N)ncnc21,4.301030158996582,5.833282198905945,0.6530570230845765,0.6,1.5322520399093627
rf,273,CC(C)n1nc(-c2cccc(CO)c2)c2c(N)ncnc21,5.744727611541748,6.036251872380575,0.755783931194149,0.6346153846153846,0.2915242608388269
rf,274,CC(C)n1nc(-c2cccc(NS(C)(=O)=O)c2)c2c(N)ncnc21,4.886056423187256,5.73063716729482,0.8011412307702872,0.5892857142857143,0.8445807441075646
rf,275,CC(C)n1nc(-c2cccc(O)c2)c2c(N)ncnc21,7.15490198135376,6.811960099538167,1.0596267624976725,0.673469387755102,0.3429418818155927
rf,276,CC(C)n1nc(-c2cccc(O)c2F)c2c(N)ncnc21,7.12493896484375,6.016321410338084,1.1789873922302665,0.6181818181818182,1.108617554505666
rf,277,CC(C)n1nc(-c2cccc(S(N)(=O)=O)c2)c2c(N)ncnc21,4.958607196807861,5.839477212429046,0.8231632602789207,0.6346153846153846,0.880870015621185
rf,331,CCC(C)n1nc(-c2ccc(C)c(O)c2)c2c(N)ncnc21,6.79587984085083,6.368240554332733,0.8852896171764928,0.5333333333333333,0.42763928651809735
rf,459,CCOc1cc(-c2nn(C(C)C)c3ncnc(N)c23)ccc1OC,5.221848964691162,5.75043271223704,0.49020623177811157,0.6909090909090909,0.5285837475458779
rf,460,CCOc1cc(-c2nn(CCO)c3ncnc(N)c23)ccc1OC,4.187086582183838,5.781939377784729,0.6931372176852019,0.5967741935483871,1.5948527956008913
rf,462,CCOc1ccc(-c2n[nH]c3ncnc(N)c23)cc1OC,5.211124897003174,5.960517614682516,1.0069311246635866,0.5714285714285714,0.749392717679342
rf,463,CCOc1ccc(-c2nn(C(C)C)c3ncnc(N)c23)cc1OC,5.677780628204346,5.7635317182540895,0.5217297143045639,0.6909090909090909,0.0857510900497438
rf,562,CCn1nc(-c2ccc(OC)c(O)c2)c2c(N)ncnc21,6.752026557922363,6.116604913075765,0.7626812244401261,0.6491228070175439,0.6354216448465984
rf,818,COCOc1cc(-c2nn(C(C)C)c3ncnc(N)c23)ccc1Br,6.496209144592285,6.005937026341756,0.9334612586452321,0.6140350877192983,0.4902721182505294
rf,847,COc1cc(-c2nn(C(C)C)c3ncnc(N)c23)cc(OC)c1OC,6.0809221267700195,5.99622803846995,0.6321838309323532,0.6346153846153846,0.0846940883000693
rf,848,COc1cc(-c2nn(C(C)C)c3ncnc(N)c23)ccc1F,6.253365993499756,5.9353480704625445,0.5950701921428512,0.6792452830188679,0.3180179230372113
rf,849,COc1cc(-c2nn(C(C)C)c3ncnc(N)c23)ccc1N,6.585026741027832,6.362964684168498,0.9102474957524715,0.7058823529411765,0.22206205685933433
rf,850,COc1cc(-c2nn(C(C)C)c3ncnc(N)c23)ccc1NC(=O)OC(C)(C)C,8.0,5.680871810807123,1.1419726389309548,0.7205882352941176,2.3191281891928774
rf,851,COc1cc(-c2nn(C(C)C)c3ncnc(N)c23)ccc1NC(C)CO,5.06048059463501,6.283512591785854,1.025774762634215,0.5901639344262295,1.2230319971508443
rf,852,COc1cc(-c2nn(C(C)C)c3ncnc(N)c23)ccc1O,5.823908805847168,6.585488930543264,0.906303817846593,0.6792452830188679,0.7615801246960956
rf,866,COc1cc(Br)cc(-c2nn(C(C)C)c3ncnc(N)c23)c1,5.823908805847168,5.776114641825358,0.5746428607547518,0.660377358490566,0.047794164021810026
rf,869,COc1cc(F)c(-c2nn(C(C)C)c3ncnc(N)c23)cc1F,5.602059841156006,6.013198757171631,0.8344549978006747,0.5714285714285714,0.41113891601562536
rf,915,COc1ccc(-c2n[nH]c3ncnc(N)c23)cc1O,6.10568380355835,6.205623811086019,0.9146159773194915,0.5789473684210527,0.0999400075276693
rf,916,COc1ccc(-c2nn(C(C)(C)C)c3ncnc(N)c23)cc1C,5.531209945678711,5.397808589935303,0.717519531409519,0.6923076923076923,0.13340135574340817
rf,917,COc1ccc(-c2nn(C(C)(C)C)c3ncnc(N)c23)cc1OC,5.3565473556518555,5.7757379865646366,0.5584415378947192,0.72,0.4191906309127811
rf,918,COc1ccc(-c2nn(C(C)C)c3ncnc(N)c23)cc1,5.443697452545166,5.247529551188151,0.8018060003099013,0.8043478260869565,0.19616790135701478
rf,919,COc1ccc(-c2nn(C(C)C)c3ncnc(N)c23)cc1O,7.045757293701172,6.404481372833252,0.9032655013047206,0.6792452830188679,0.64127592086792
rf,920,COc1ccc(-c2nn(C(C)C)c3ncnc(N)c23)cc1OC,5.387216091156006,5.867441903750102,0.4615934476808659,0.72,0.4802258125940959
rf,921,COc1ccc(-c2nn(C)c3ncnc(N)c23)cc1O,6.275723934173584,6.1686974000930785,1.0245523353219934,0.6851851851851852,0.10702653408050544
rf,928,COc1ccc(-c2nn(C[C@@H](C)CO)c3ncnc(N)c23)cc1OC,5.193819999694824,6.022578725814819,1.037116972605228,0.5573770491803278,0.8287587261199949
rf,929,COc1ccc(-c2nn(C[C@H](C)CO)c3ncnc(N)c23)cc1OC,4.92081880569458,6.022578725814819,1.037116972605228,0.5573770491803278,1.101759920120239
rf,975,COc1cccc(-c2nn(C(C)C)c3ncnc(N)c23)c1,5.7695512771606445,5.812638417085012,0.5976390664501923,0.7755102040816326,0.04308713992436708
rf,976,COc1cccc(-c2nn(C(C)C)c3ncnc(N)c23)c1OC,4.95078182220459,5.607317001024882,0.8871926052304981,0.5892857142857143,0.6565351788202918
rf,1069,C[C@@H](CN)n1nc(-c2ccc(Cl)c(O)c2)c2c(N)ncnc21,6.158015251159668,6.5133810657698,1.0030957939993839,0.576271186440678,0.35536581461013217
rf,1070,C[C@@H](CN)n1nc(-c2ccc(F)c(O)c2)c2c(N)ncnc21,6.139063358306885,6.468145014974805,0.9852723667364633,0.576271186440678,0.32908165666792044
rf,1147,C[C@H](CN)n1nc(-c2ccc(Cl)c(O)c2)c2c(N)ncnc21,6.886056423187256,6.5133810657698,1.0030957939993839,0.576271186440678,0.3726753574174557
rf,1148,C[C@H](CN)n1nc(-c2ccc(F)c(O)c2)c2c(N)ncnc21,6.701147079467773,6.468145014974805,0.9852723667364633,0.576271186440678,0.23300206449296823
rf,1277,Cc1cc(O)ccc1-c1nn(C(C)C)c2ncnc(N)c12,7.15490198135376,6.609236613909403,1.013829981353982,0.6181818181818182,0.5456653674443563
rf,1319,Cc1ccc(-c2n[nH]c3ncnc(N)c23)cc1O,6.251811981201172,6.10985646337933,0.9586772904903026,0.5961538461538461,0.14195551782184168
rf,1323,Cc1ccc(-c2nn(C(C)(C)C)c3ncnc(N)c23)cc1,6.8326826095581055,5.245338286558787,0.6016320820598511,0.6739130434782609,1.5873443229993187
rf,1324,Cc1ccc(-c2nn(C(C)C)c3ncnc(N)c23)cc1O,7.508638381958008,6.496506550312042,0.9967467608569518,0.66,1.0121318316459655
rf,1325,Cc1ccc(-c2nn(C)c3ncnc(N)c23)cc1O,6.632644176483154,6.200653934001922,1.2261835896718576,0.5882352941176471,0.4319902424812323
rf,1643,Cc1cccc(-c2nn(C(C)(C)C)c3ncnc(N)c23)c1,5.786216735839844,5.425889342592118,0.4592794388628143,0.6875,0.3603273932477258
rf,1951,Cn1nc(-c2ccc(Br)c(O)c2)c2c(N)ncnc21,6.962573528289795,6.274196592013041,1.2518580709662912,0.6538461538461539,0.6883769362767538
rf,1981,N#CCCCCn1nc(-c2ccc(F)c(O)c2)c2c(N)ncnc21,6.36351203918457,6.258493524127536,0.9709052732738689,0.5846153846153846,0.10501851505703463
rf,1982,N#CCCCn1nc(-c2ccc(F)c(O)c2)c2c(N)ncnc21,6.016373634338379,6.257669790320926,0.9777770106371363,0.59375,0.24129615598254706
rf,63,CC(=O)NC1CCN(c2ncc(C(=O)Nc3ccc(OC(F)(F)F)cc3)cc2-c2cncnc2)C1,8.522878646850586,8.50638715426127,0.13509573498979133,0.9117647058823529,0.01649149258931537
rf,64,CC(=O)NC[C@H]1CCN(c2ncc(C(=O)Nc3ccc(OC(F)(F)Cl)cc3)cc2-c2cncnc2)C1,8.641998291015625,8.755414554278056,0.3110671127800324,0.7534246575342466,0.11341626326243137
rf,119,CC(C)(C)Oc1ccc(NC(=O)c2cnc(N3CC[C@@H](O)C3)c(-c3cncnc3)c2)cc1,7.79587984085083,8.376603187825944,0.644520559651638,0.7692307692307693,0.5807233469751143
rf,145,CC(C)(O)C1CCN(c2ncc(C(=O)Nc3ccc(OC(F)(F)F)cc3)cc2-c2cncnc2)C1,8.673394203186035,8.431636298497518,0.27541852754398743,0.8769230769230769,0.24175790468851766
rf,303,CC(F)(F)Oc1ccc(NC(=O)c2cnc(N3CC[C@@H](O)C3)c(-c3cncnc3)c2)cc1,8.102373123168945,8.385522829002804,0.6160441460428902,0.8,0.2831497058338588
rf,316,CC1(O)CCN(c2ncc(C(=O)Nc3ccc(OC(F)(F)F)cc3)cc2-c2cncnc2)C1,8.481486320495605,8.537160018285116,0.0844946182133082,0.873015873015873,0.05567369778951026
rf,575,CN(C)C1CCN(c2ncc(C(=O)Nc3ccc(OC(F)(F)F)cc3)cc2-c2cncnc2)C1,8.522878646850586,8.437634965578715,0.1557798281980357,0.8769230769230769,0.0852436812718711
rf,601,CN(C)[C@H]1CN(c2ncc(C(=O)Nc3ccc(OC(F)(F)Cl)cc3)cc2-c2cncnc2)C[C@@H]1O,9.5774507522583,8.807070417404175,0.1766217798803064,0.7571428571428571,0.770380334854126
rf,603,CN(C)[C@H]1CN(c2ncc(C(=O)Nc3ccc(OC(F)(F)F)cc3)cc2-c2cncnc2)C[C@@H]1O,8.384775161743164,8.39093498632643,0.24558834367566995,0.8208955223880597,0.006159824583265916
rf,749,CN[C@@H]1CCN(c2ncc(C(=O)Nc3ccc(OC(F)(F)F)cc3)cc2-c2cncnc2)C1,8.522878646850586,8.520572714805603,0.15335233243351323,0.7777777777777778,0.0023059320449831944
rf,753,CN[C@H]1CCN(c2ncc(C(=O)Nc3ccc(OC(F)(F)F)cc3)cc2-c2cncnc2)C1,8.580574989318848,8.520572714805603,0.15335233243351323,0.7777777777777778,0.06000227451324491
rf,828,CO[C@@H]1CN(c2ncc(C(=O)Nc3ccc(OC(F)(F)F)cc3)cc2-c2cncnc2)C[C@H]1O,7.838890552520752,8.494993420388964,0.14163721144375271,0.8,0.6561028678682117
rf,835,CO[C@H]1CN(c2ncc(C(=O)Nc3ccc(OC(F)(F)F)cc3)cc2-c2cncnc2)C[C@@H]1O,8.460409164428711,8.494993420388964,0.14163721144375271,0.8,0.03458425596025272
rf,1018,COc1ncc(-c2cc(C(=O)Nc3ccc(OC(F)(F)Cl)cc3)cnc2N2CC[C@@H](O)C2)c(OC)n1,8.67827320098877,8.793823316891988,0.17498769820719193,0.7066666666666667,0.1155501159032184
rf,1025,COc1ncc(-c2cc(C(=O)Nc3ccc(OC(F)(F)F)cc3)cnc2N2CCC(O)C2)cn1,8.522878646850586,8.288386845906576,0.19402580856631402,0.8088235294117647,0.23449180094401
rf,1026,COc1ncc(-c2cc(C(=O)Nc3ccc(OC(F)(F)F)cc3)cnc2N2CC[C@@H](O)C2)cn1,8.522878646850586,8.288386845906576,0.19402580856631402,0.8088235294117647,0.23449180094401
rf,1134,C[C@@]1(O)CCN(c2ncc(C(=O)Nc3ccc(OC(F)(F)F)cc3)cc2-c2cncnc2)C1,8.960409164428711,8.537160018285116,0.0844946182133082,0.873015873015873,0.4232491461435952
rf,1166,C[C@]1(O)CCN(c2ncc(C(=O)Nc3ccc(OC(F)(F)F)cc3)cc2-c2cncnc2)C1,8.489405632019043,8.537160018285116,0.0844946182133082,0.873015873015873,0.04775438626607276
rf,1828,Cc1ncc(-c2cc(C(=O)Nc3ccc(OC(F)(F)Cl)cc3)cnc2N2C[C@H](O)[C@@H](O)C2)cn1,8.926936149597168,8.902189655303955,0.15585584001816763,0.7846153846153846,0.02474649429321296
rf,1835,Cc1ncc(-c2cc(C(=O)Nc3ccc(OC(F)(F)F)cc3)cnc2N2CC[C@@H](O)C2)cn1,8.522878646850586,8.398019524097442,0.18895180646522158,0.8125,0.12485912275314348
rf,1838,Cc1ncc(-c2cc(C(=O)Nc3ccc(OC(F)(F)F)cc3)cnc2N2CC[C@H](CO)C2)cn1,8.698969841003418,8.457639181613922,0.25470386943215934,0.890625,0.2413306593894955
rf,1848,Cc1ncncc1-c1cc(C(=O)Nc2ccc(OC(F)(F)Cl)cc2)cnc1N1CC[C@@H](O)C1,9.2044677734375,8.772736296653747,0.2899970863567293,0.7777777777777778,0.431731476783753
rf,1849,Cc1ncncc1-c1cc(C(=O)Nc2ccc(OC(F)(F)Cl)cc2)cnc1N1C[C@@H](O)[C@H](O)C1,9.045757293701172,8.91435910542806,0.2755037064985825,0.7681159420289855,0.13139818827311167
rf,1850,Cc1ncncc1-c1cc(C(=O)Nc2ccc(OC(F)(F)Cl)cc2)cnc1N1C[C@H](O)[C@@H](O)C1,7.048672199249268,8.91435910542806,0.2755037064985825,0.7681159420289855,1.8656869061787926
rf,2027,N#Cc1ncc(-c2cc(C(=O)Nc3ccc(OC(F)(F)F)cc3)cnc2N2CC[C@H](CO)C2)cn1,8.301030158996582,8.47607519944509,0.32005910059905035,0.7808219178082192,0.17504504044850755
rf,2060,NC[C@@H]1CCN(c2ncc(C(=O)Nc3ccc(OC(F)(F)Cl)cc3)cc2-c2cncnc2)C1,9.261439323425293,8.748375557263692,0.15229524475753214,0.7971014492753623,0.5130637661616007
rf,2062,NC[C@@H]1CCN(c2ncc(C(=O)Nc3ccc(OC(F)(F)F)cc3)cc2-c2cncnc2)C1,9.022878646850586,8.535364006360371,0.19408502374552544,0.7887323943661971,0.48751464049021465
rf,2064,NC[C@H]1CCN(c2ncc(C(=O)Nc3ccc(OC(F)(F)F)cc3)cc2-c2cncnc2)C1,8.522878646850586,8.535364006360371,0.19408502374552544,0.7887323943661971,0.012485359509785354
rf,2073,N[C@@H]1CCN(c2ncc(C(=O)Nc3ccc(OC(F)(F)F)cc3)cc2-c2cncnc2)C1,8.537859916687012,8.535252372423807,0.26227795162210055,0.8709677419354839,0.002607544263204531
rf,2080,N[C@H]1CCN(c2ncc(C(=O)Nc3ccc(OC(F)(F)F)cc3)cc2-c2cncnc2)C1,8.537859916687012,8.535252372423807,0.26227795162210055,0.8709677419354839,0.002607544263204531
rf,2085,N[C@]1(C(F)(F)F)CCN(c2ncc(C(=O)Nc3ccc(OC(F)(F)Cl)cc3)cc2-c2cncnc2)C1,8.838890075683594,8.823584955533345,0.19967819346785431,0.7432432432432432,0.015305120150248541
rf,2087,N[C@]1(C(F)(F)F)CCN(c2ncc(C(=O)Nc3ccc(OC(F)(F)F)cc3)cc2-c2cncnc2)C1,8.849485397338867,8.551269455115001,0.18689352763043585,0.7605633802816901,0.29821594222386594
rf,2124,Nc1ncc(-c2cc(C(=O)Nc3ccc(OC(F)(F)F)cc3)cnc2N2CCCC2)cn1,8.784317970275879,8.426707788891262,0.2194039768194773,0.7014925373134329,0.35761018138461687
rf,2126,Nc1ncc(-c2cc(C(=O)Nc3ccc(OC(F)(F)F)cc3)cnc2N2CC[C@@H](O)C2)cn1,8.625905990600586,8.434002758026123,0.22019161657261457,0.8125,0.19190323257446273
rf,2245,O=C(Nc1ccc(C(F)(F)C(F)(F)Cl)cc1)c1cnc(N2CC[C@@H](O)C2)c(-c2cncnc2)c1,9.022878646850586,8.045108015537261,0.8906782098584963,0.7,0.9777706313133248
rf,2247,O=C(Nc1ccc(C(F)(F)C(F)(F)F)cc1)c1cnc(N2CC[C@@H](O)C2)c(-c2cncnc2)c1,8.522878646850586,7.832870876153311,0.9811095355556749,0.7205882352941176,0.6900077706972754
rf,2250,O=C(Nc1ccc(OC(F)(F)C(F)(F)F)cc1)c1cnc(N2CC[C@@H](O)C2)c(-c2cncnc2)c1,8.430060386657715,8.495825660334694,0.44175351074448965,0.8,0.06576527367697871
rf,2324,O=C(Nc1ccc(OC(F)(F)Cl)cc1)c1cnc(N2CCC(F)(F)C2)c(-c2cncnc2)c1,9.303651809692383,8.813136943181355,0.3045659048128785,0.7857142857142857,0.4905148665110275
rf,2347,O=C(Nc1ccc(OC(F)(F)Cl)cc1)c1cnc(N2CC[C@@H](O)C2)c(-c2cncnc2)c1,9.301030158996582,8.788061299324035,0.1339732123115896,0.8382352941176471,0.5129688596725472
rf,2350,O=C(Nc1ccc(OC(F)(F)Cl)cc1)c1cnc(N2CC[C@H](CO)C2)c(-c2cncnc2)c1,8.784317970275879,8.770239602724711,0.1596403192257682,0.8923076923076924,0.014078367551167759
rf,2351,O=C(Nc1ccc(OC(F)(F)Cl)cc1)c1cnc(N2CC[C@H](O)C2)c(-c2cncnc2)c1,9.027758598327637,8.788061299324035,0.1339732123115896,0.8382352941176471,0.23969729900360193
rf,2353,O=C(Nc1ccc(OC(F)(F)Cl)cc1)c1cnc(N2C[C@@H](O)[C@@H](O)C2)c(-c2cncnc2)c1,9.0,8.923963030179342,0.19414638792972858,0.8548387096774194,0.07603696982065777
rf,2354,O=C(Nc1ccc(OC(F)(F)Cl)cc1)c1cnc(N2C[C@H](CO)[C@@H](O)C2)c(-c2cncnc2)c1,8.943028450012207,8.790348925590514,0.17803441306924336,0.8823529411764706,0.15267952442169275
rf,2357,O=C(Nc1ccc(OC(F)(F)Cl)cc1)c1cnc(N2C[C@H](O)[C@@H](O)C2)c(-c2cncnc2)c1,9.0,8.923963030179342,0.19414638792972858,0.8548387096774194,0.07603696982065777
rf,2367,O=C(Nc1ccc(OC(F)(F)F)c(Cl)c1)c1cnc(N2CC[C@@H](O)C2)c(-c2cncnc2)c1,8.44470500946045,7.969528814845615,0.8156577101568493,0.7142857142857143,0.47517619461483385
rf,2370,O=C(Nc1ccc(OC(F)(F)F)c(F)c1)c1cnc(N2CC[C@@H](O)C2)c(-c2cncnc2)c1,8.960409164428711,8.062571409967212,0.7987388886068211,0.7352941176470589,0.8978377544614986
rf,2372,O=C(Nc1ccc(OC(F)(F)F)c(F)c1)c1cnc(N2CC[C@H](CO)C2)c(-c2cncnc2)c1,8.397939682006836,7.91380936384201,0.9664412142127886,0.7432432432432432,0.48413031816482555
rf,2423,O=C(Nc1ccc(OC(F)(F)F)cc1)c1cnc(N2CCC(CO)C2)c(-c2cncnc2)c1,8.522878646850586,8.503898968696594,0.19774865459469448,0.9090909090909091,0.018979678153991486
rf,2424,O=C(Nc1ccc(OC(F)(F)F)cc1)c1cnc(N2CCC(F)(F)C2)c(-c2cncnc2)c1,8.561891555786133,8.53216071510315,0.22296538291750334,0.8059701492537313,0.029730840682983484
rf,2428,O=C(Nc1ccc(OC(F)(F)F)cc1)c1cnc(N2CCC(O)C2)c(-c2cncnc2)c1,8.0,8.55322164761831,0.1253716358183433,0.9166666666666666,0.5532216476183098
rf,2438,O=C(Nc1ccc(OC(F)(F)F)cc1)c1cnc(N2CCCC2)c(-c2cncnc2)c1,8.522878646850586,8.53926404004627,0.058765101684566064,0.8524590163934426,0.016385393195683662
rf,2453,O=C(Nc1ccc(OC(F)(F)F)cc1)c1cnc(N2CC[C@@H](CO)C2)c(-c2cncnc2)c1,8.872364044189453,8.503898968696594,0.19774865459469448,0.9090909090909091,0.3684650754928587
rf,2476,O=C(Nc1ccc(OC(F)(F)F)cc1)c1cnc(N2CC[C@@H](O)C2)c(-c2cncnc2)c1,8.530240058898926,8.55322164761831,0.1253716358183433,0.9166666666666666,0.02298158871938405
rf,2488,O=C(Nc1ccc(OC(F)(F)F)cc1)c1cnc(N2CC[C@H](CO)C2)c(-c2cncnc2)c1,9.11092472076416,8.503898968696594,0.19774865459469448,0.9090909090909091,0.6070257520675657
rf,2489,O=C(Nc1ccc(OC(F)(F)F)cc1)c1cnc(N2CC[C@H](O)C2)c(-c2cncnc2)c1,8.318758964538574,8.55322164761831,0.1253716358183433,0.9166666666666666,0.2344626830797356
rf,2491,O=C(Nc1ccc(OC(F)(F)F)cc1)c1cnc(N2C[C@@H](O)[C@@H](O)C2)c(-c2cncnc2)c1,8.583745956420898,8.562855071968501,0.13470738091937787,0.896551724137931,0.020890884452397174
rf,2512,O=C(Nc1ccc(S(=O)(=O)C(F)(F)F)cc1)c1cnc(N2CC[C@@H](O)C2)c(-c2cncnc2)c1,8.094212532043457,7.977348234017691,0.9315326077642457,0.7,0.11686429802576637
rf,2514,O=C(Nc1ccc(S(F)(F)(F)(F)F)cc1)c1cnc(N2CC[C@@H](O)C2)c(-c2cncnc2)c1,8.522878646850586,8.018961062855192,0.8968693935193998,0.6911764705882353,0.5039175839953938
rf,2516,O=C(Nc1ccc(SC(F)(F)Cl)cc1)c1cnc(N2CC[C@@H](O)C2)c(-c2cncnc2)c1,9.048455238342285,8.239852253331078,0.6835248891903977,0.7611940298507462,0.8086029850112073
rf,2518,O=C(Nc1ccc(SC(F)(F)F)c(F)c1)c1cnc(N2CC[C@@H](O)C2)c(-c2cncnc2)c1,9.2044677734375,8.062848849455516,0.8265569653474925,0.7681159420289855,1.1416189239819836
rf,2522,O=C(Nc1ccc(SC(F)(F)F)cc1)c1cnc(N2CC[C@@H](O)C2)c(-c2cncnc2)c1,9.154901504516602,8.258080940140617,0.6267306674281246,0.828125,0.8968205643759841
rf,2524,O=C(Nc1ccc(SC(F)(F)F)cc1)c1cnc(N2CC[C@H](CO)C2)c(-c2cncnc2)c1,8.761439323425293,8.110926915804544,0.8556751340322895,0.7123287671232876,0.6505124076207487
rf,2525,O=C(Nc1ccc(SC(F)(F)F)cc1)c1cnc(N2CC[C@H](O)C2)c(-c2cncnc2)c1,9.159379005432129,8.258080940140617,0.6267306674281246,0.828125,0.9012980652915115
rf,2527,O=C(Nc1ccc(SC(F)F)cc1)c1cnc(N2CC[C@@H](O)C2)c(-c2cncnc2)c1,8.220046997070312,8.113512491544089,0.8182489689089473,0.7058823529411765,0.10653450552622346
rf,66,CC(=O)NCc1c(F)cccc1-c1ccc2nc(NC(=O)[C@@H]3C[C@@H]3F)cn2c1,6.259637355804443,7.279707140127818,0.8551305442849139,0.676923076923077,1.0200697843233746
rf,80,CC(=O)Nc1ccc(C)c(-c2ccc3nc(NC(=O)[C@@H]4C[C@@H]4F)cn3c2)c1,7.259637355804443,7.933845025168524,0.45654484701095616,0.703125,0.6742076693640806
rf,101,CC(=O)c1c(F)cccc1-c1ccc2nc(NC(=O)[C@@H]3C[C@@H]3F)cn2c1,7.259637355804443,7.41441630800565,0.641521366296742,0.7333333333333333,0.15477895220120708
rf,161,CC(C)NCc1c(F)cccc1-c1ccc2nc(NC(=O)[C@@H]3C[C@@H]3F)cn2c1,6.0,7.338524444500606,0.7937549895076784,0.6666666666666666,1.3385244445006057
rf,169,CC(C)c1c(F)cccc1-c1ccc2nc(NC(=O)[C@@H]3C[C@@H]3F)cn2c1,6.259637355804443,7.414257274866104,0.6439883532345694,0.7333333333333333,1.1546199190616608
rf,512,CCc1c(F)cccc1-c1ccc2nc(NC(=O)[C@@H]3C[C@@H]3F)cn2c1,8.0,7.363712180058162,0.7430969714969344,0.7213114754098361,0.6362878199418383
rf,596,CN(C)Cc1c(F)cccc1-c1ccc2nc(NC(=O)[C@@H]3C[C@@H]3F)cn2c1,6.0,7.222220061222712,0.833862936575253,0.6875,1.2222200612227123
rf,604,CN(C)c1c(F)cccc1-c1ccc2nc(NC(=O)[C@@H]3C[C@@H]3F)cn2c1,7.259637355804443,7.268683841625849,0.7392526061127163,0.7213114754098361,0.00904648582140588
rf,737,CNCc1c(F)cccc1-c1ccc2nc(NC(=O)[C@@H]3C[C@@H]3F)cn2c1,6.0,7.325862477223079,0.7783786177185092,0.6984126984126984,1.3258624772230787
rf,755,CNc1c(F)cccc1-c1ccc2nc(NC(=O)[C@@H]3C[C@@H]3F)cn2c1,8.0,7.428555311759313,0.6310676298681809,0.7333333333333333,0.5714446882406872
rf,757,CNc1ccc(C)c(-c2ccc3nc(NC(=O)[C@@H]4C[C@@H]4F)cn3c2)c1,8.0,7.950472661124334,0.25960041997524824,0.7142857142857143,0.04952733887566563
rf,804,COC(=O)c1ccc(C)c(-c2ccc3nc(NC(=O)[C@@H]4C[C@@H]4F)cn3c2)c1,8.0,7.836924322446188,0.8487503973088092,0.7076923076923077,0.16307567755381225
rf,814,COCCOCc1c(F)cccc1-c1ccc2nc(NC(=O)[C@@H]3C[C@@H]3F)cn2c1,7.259637355804443,7.319949340820313,0.7887102395099068,0.6376811594202898,0.06031198501586932
rf,821,COCc1c(F)cccc1-c1ccc2nc(NC(=O)[C@@H]3C[C@@H]3F)cn2c1,8.0,7.319392375548681,0.7539570900613234,0.6875,0.6806076244513193
rf,836,COc1c(F)cccc1-c1ccc2nc(NC(=O)[C@@H]3C[C@@H]3F)cn2c1,8.0,7.456457981665929,0.6376868662122293,0.7213114754098361,0.5435420183340707
rf,1054,CSc1c(F)cccc1-c1ccc2nc(NC(=O)[C@@H]3C[C@@H]3F)cn2c1,8.0,7.417627690633138,0.6672914267149048,0.7213114754098361,0.5823723093668622
rf,1168,Cc1c(-c2ccc3nc(NC(=O)[C@@H]4C[C@@H]4F)cn3c2)ccc(Cl)c1F,8.0,7.509457194010417,0.5438300331671064,0.6885245901639344,0.4905428059895831
rf,1169,Cc1c(-c2ccc3nc(NC(=O)[C@@H]4C[C@@H]4F)cn3c2)ccc(F)c1F,8.0,7.552085088094075,0.5257401748318083,0.7413793103448276,0.4479149119059249
rf,1177,Cc1c(Cl)cccc1-c1ccc2nc(NC(=O)[C@@H]3C[C@@H]3F)cn2c1,8.0,7.571295261383057,0.5174652332253441,0.6833333333333333,0.42870473861694336
rf,1178,Cc1c(F)cc(N)cc1-c1ccc2nc(NC(=O)[C@@H]3C[C@@H]3F)cn2c1,8.0,7.628008637428284,0.5383595286642409,0.7333333333333333,0.37199136257171617
rf,1179,Cc1c(F)ccc(-c2ccc3nc(NC(=O)[C@@H]4C[C@@H]4F)cn3c2)c1C,8.0,7.561670252482096,0.4963347028544121,0.7543859649122807,0.438329747517904
rf,1180,Cc1c(F)ccc(F)c1-c1ccc2nc(NC(=O)[C@@H]3C[C@@H]3F)cn2c1,8.0,7.530759756962459,0.6033114764741071,0.7068965517241379,0.4692402430375413
rf,1183,Cc1c(F)cccc1-c1ccc2nc(NC(=O)C3CC3(F)F)cn2c1,8.0,7.34629869778951,0.4329623088392925,0.8070175438596491,0.6537013022104903
rf,1184,Cc1c(F)cccc1-c1ccc2nc(NC(=O)C3CC3)cn2c1,8.0,7.255375712712606,0.3405114284301559,0.92,0.7446242872873938
rf,1186,Cc1c(F)cccc1-c1ccc2nc(NC(=O)[C@@H]3C[C@@H]3F)c(Br)n2c1,7.259637355804443,6.520657178560893,0.8730329885192192,0.640625,0.7389801772435503
rf,1187,Cc1c(F)cccc1-c1ccc2nc(NC(=O)[C@@H]3C[C@@H]3F)c(C)n2c1,7.259637355804443,6.507368000348409,0.7702323931506688,0.7758620689655172,0.7522693554560345
rf,1188,Cc1c(F)cccc1-c1ccc2nc(NC(=O)[C@@H]3C[C@@H]3F)c(Cl)n2c1,7.259637355804443,6.530972547531128,0.7545592360183863,0.7833333333333333,0.7286648082733151
rf,1189,Cc1c(F)cccc1-c1ccc2nc(NC(=O)[C@@H]3C[C@@H]3F)c(F)n2c1,8.0,6.54096477429072,0.8071582501909824,0.6612903225806451,1.4590352257092798
rf,1190,Cc1c(F)cccc1-c1ccc2nc(NC(=O)[C@@H]3C[C@@H]3F)cn2c1.Cl,8.0,7.514566381772359,0.40880435583921176,0.7894736842105263,0.4854336182276411
rf,1191,Cc1c(F)cccc1-c1ccc2nc(NC(=O)[C@@H]3C[C@H]3F)cn2c1,8.0,7.5147109222412105,0.4089682658624928,0.8035714285714286,0.4852890777587895
rf,1192,Cc1c(F)cccc1-c1ccc2nc(NC(=O)[C@H]3C[C@@H]3F)cn2c1,8.0,7.5147109222412105,0.4089682658624928,0.8035714285714286,0.4852890777587895
rf,1193,Cc1c(F)cccc1-c1ccc2nc(NC(=O)[C@H]3C[C@H]3F)cn2c1,8.0,7.5147109222412105,0.4089682658624928,0.8035714285714286,0.4852890777587895
rf,1206,Cc1c(O)cccc1-c1ccc2nc(NC(=O)[C@@H]3C[C@@H]3F)cn2c1,8.0,7.62500347773234,0.52179678219319,0.6833333333333333,0.37499652226765967
rf,1240,Cc1cc(Cl)ccc1-c1ccc2nc(NC(=O)[C@@H]3C[C@@H]3F)cn2c1,8.0,7.817937876383463,0.5436486138712524,0.7166666666666667,0.18206212361653673
rf,1242,Cc1cc(F)c(O)cc1-c1ccc2nc(NC(=O)[C@@H]3C[C@@H]3F)cn2c1,8.0,7.777123513221741,0.3941463719062293,0.7333333333333333,0.2228764867782589
rf,1243,Cc1cc(F)cc(C)c1-c1ccc2nc(NC(=O)[C@@H]3C[C@@H]3F)cn2c1,8.0,7.648770638571846,0.5600717825623464,0.6949152542372882,0.3512293614281541
rf,1244,Cc1cc(F)ccc1-c1ccc2nc(NC(=O)[C@@H]3C[C@@H]3F)cn2c1,8.0,7.628198971748352,0.6057680058332178,0.7586206896551724,0.37180102825164774
rf,1315,Cc1ccc(-c2ccc3nc(NC(=O)[C@@H]4C[C@@H]4F)cn3c2)c(C)c1,8.0,7.849894965489705,0.44315632622166706,0.7543859649122807,0.150105034510295
rf,1338,Cc1ccc(C#N)cc1-c1ccc2nc(NC(=O)[C@@H]3C[C@@H]3F)cn2c1,8.0,7.823189606666565,0.49532311316644817,0.6923076923076923,0.17681039333343485
rf,1492,Cc1ccc(C)c(-c2ccc3nc(NC(=O)[C@@H]4C[C@@H]4F)cn3c2)c1,8.0,7.9602475182215375,0.2557406574945431,0.7627118644067796,0.03975248177846247
rf,1496,Cc1ccc(Cl)cc1-c1ccc2nc(NC(=O)[C@@H]3C[C@@H]3F)cn2c1,8.0,7.894567305246989,0.4628484979708844,0.7258064516129032,0.10543269475301109
rf,1499,Cc1ccc(F)cc1-c1ccc2nc(NC(=O)[C@@H]3C[C@@H]3F)cn2c1,8.0,7.699634397824605,0.5847667134074003,0.7377049180327869,0.3003656021753951
rf,1502,Cc1ccc(N)cc1-c1ccc2nc(NC(=O)[C@@H]3C[C@@H]3F)cn2c1,8.0,7.964731520016988,0.2031472033823456,0.7258064516129032,0.03526847998301186
rf,1621,Cc1ccc(O)cc1-c1ccc2nc(NC(=O)[C@@H]3C[C@@H]3F)cn2c1,8.0,7.958111057281494,0.23549080407472042,0.7377049180327869,0.04188894271850607
rf,1642,Cc1cccc(-c2ccc3nc(NC(=O)[C@@H]4C[C@@H]4F)cn3c2)c1C,8.0,7.661549873352051,0.5525545194818903,0.7068965517241379,0.33845012664794893
rf,1647,Cc1cccc(C)c1-c1ccc2nc(NC(=O)[C@@H]3C[C@@H]3F)cn2c1,8.0,7.768281418482463,0.5020925131717715,0.711864406779661,0.2317185815175371
rf,1662,Cc1cccc(Cl)c1-c1ccc2nc(NC(=O)[C@@H]3C[C@@H]3F)cn2c1,8.0,7.746989720662435,0.5469330801054879,0.65625,0.25301027933756526
rf,1677,Cc1cccc(F)c1-c1ccc2nc(NC(=O)[C@@H]3C[C@@H]3F)c(C)n2c1,7.259637355804443,6.985959712664286,0.8762034124148114,0.6721311475409836,0.2736776431401573
rf,1678,Cc1cccc(F)c1-c1ccc2nc(NC(=O)[C@@H]3C[C@@H]3F)c(Cl)n2c1,7.259637355804443,6.95576152642568,0.8779451631181029,0.671875,0.30387582937876356
rf,1679,Cc1cccc(F)c1-c1ccc2nc(NC(=O)[C@@H]3C[C@@H]3F)cn2c1,8.0,7.594624052047729,0.6030875660470576,0.7,0.4053759479522707
rf,1694,Cc1ccccc1-c1ccc2nc(NC(=O)[C@@H]3C[C@@H]3F)cn2c1,8.0,7.752082320849101,0.45185333805208666,0.7636363636363637,0.24791767915089924
rf,1988,N#Cc1c(F)cccc1-c1ccc2nc(NC(=O)[C@@H]3C[C@@H]3F)cn2c1,7.629818439483643,7.053555097182592,0.8301537291748708,0.7213114754098361,0.5762633423010506
rf,2066,NCc1c(F)cccc1-c1ccc2nc(NC(=O)[C@@H]3C[C@@H]3F)cn2c1,6.0,7.280849783817927,0.7349953646924142,0.7213114754098361,1.280849783817927
rf,2089,Nc1c(F)cccc1-c1ccc2nc(NC(=O)[C@@H]3C[C@@H]3F)cn2c1,8.0,7.350292845964431,0.6062088180960219,0.7586206896551724,0.6497071540355686
rf,2547,O=C(Nc1cn2cc(-c3cccc(F)c3CO)ccc2n1)[C@@H]1C[C@@H]1F,8.0,7.258771822849909,0.7522446995613883,0.7333333333333333,0.7412281771500906
rf,2548,O=C(Nc1cn2cc(-c3cccc(F)c3COCCO)ccc2n1)[C@@H]1C[C@@H]1F,6.259637355804443,7.226391617059708,0.7696265180794208,0.6567164179104478,0.9667542612552644
rf,2549,O=C(Nc1cn2cc(-c3cccc(F)c3F)ccc2n1)[C@@H]1C[C@@H]1F,8.0,7.360350834131241,0.6617172198314388,0.7857142857142857,0.6396491658687591
rf,2550,O=C(Nc1cn2cc(-c3cccc(F)c3O)ccc2n1)[C@@H]1C[C@@H]1F,8.0,7.431450725793838,0.5877127984565914,0.8181818181818182,0.5685492742061617
rf,2551,O=C(Nc1cn2cc(-c3cccc(F)c3OCCF)ccc2n1)[C@@H]1C[C@@H]1F,8.328826904296875,7.314262065887451,0.75940031488484,0.676923076923077,1.0145648384094237
rf,2552,O=C(Nc1cn2cc(-c3ccccc3C(F)(F)F)ccc2n1)[C@@H]1C[C@@H]1F,7.259637355804443,7.019517772595088,0.7928501769048696,0.7719298245614035,0.24011958320935545
rf,2553,O=C(Nc1cn2cc(-c3ccccc3CCF)ccc2n1)[C@@H]1C[C@@H]1F,8.310690879821777,7.09015187382698,1.0618735012785192,0.6349206349206349,1.2205390059947971
rf,102,CC(=O)c1cc(C)c(-c2ccc3nc(NC(=O)[C@@H]4C[C@@H]4F)sc3c2)cn1,7.701147079467773,7.2977339758381,0.5176543681692408,0.8596491228070176,0.4034131036296733
rf,736,CNC[C@@H]1CC1C(=O)Nc1nc2ccc(-c3cncc(F)c3C)cc2s1,5.778846740722656,7.67780982706282,0.5055951290387728,0.7142857142857143,1.8989630863401636
rf,1005,COc1ccncc1-c1ccc2nc(NC(=O)[C@@H]3C[C@@H]3F)sc2c1,8.229147911071777,7.561847392717997,0.9260455234943791,0.7457627118644068,0.6673005183537803
rf,1176,Cc1c(CO)cncc1-c1ccc2nc(NC(=O)[C@@H]3C[C@@H]3F)sc2c1,7.698969841003418,7.619455190234714,0.5786020640371928,0.6935483870967742,0.07951465076870434
rf,1196,Cc1c(F)cncc1-c1ccc2nc(NC(=O)C3CC3(F)F)sc2c1,8.102373123168945,7.562164634068807,0.3379551995402055,0.8103448275862069,0.540208489100138
rf,1197,Cc1c(F)cncc1-c1ccc2nc(NC(=O)C3CC3)sc2c1,8.602060317993164,7.637091217570836,0.3943413904748791,0.9230769230769231,0.9649691004223282
rf,1199,Cc1c(F)cncc1-c1ccc2nc(NC(=O)C3C[C@H]3CO)sc2c1,7.7695512771606445,7.679657822185093,0.505420091407008,0.7377049180327869,0.08989345497555146
rf,1203,Cc1c(F)cncc1-c1ccc2nc(NC(=O)[C@@H]3C[C@@H]3F)sc2c1,8.568635940551758,7.651927248107062,0.31635823857737605,0.7586206896551724,0.9167086924446961
rf,1227,Cc1cc(C(C)O)ncc1-c1ccc2nc(NC(=O)[C@@H]3C[C@@H]3F)sc2c1,7.609065055847168,7.291618685514207,0.5284514837719674,0.864406779661017,0.3174463703329611
rf,1229,Cc1cc(C(F)(F)F)ncc1-c1ccc2nc(NC(=O)[C@@H]3C[C@@H]3F)sc2c1,6.341988563537598,7.3309646779204165,0.5237933387022665,0.6774193548387096,0.9889761143828188
rf,1230,Cc1cc(C)c(-c2ccc3nc(NC(=O)[C@@H]4C[C@@H]4F)sc3c2)cn1,7.6716203689575195,7.338073736618435,0.5185802368288189,0.7368421052631579,0.3335466323390843
rf,1231,Cc1cc(C)c(-c2ccc3nc(NC(=O)[C@@H]4C[C@@H]4F)sc3c2)cn1.O=C(O)C(F)(F)F.O=C(O)C(F)(F)F,7.630042552947998,7.312365291705206,0.6091455569765939,0.6666666666666666,0.3176772612427916
rf,1235,Cc1cc(CF)ncc1-c1ccc2nc(NC(=O)[C@@H]3C[C@@H]3F)sc2c1,7.673664093017578,7.392332841347134,0.642455677426782,0.7419354838709677,0.28133125167044426
rf,1236,Cc1cc(CO)ncc1-c1ccc2nc(NC(=O)[C@@H]3C[C@@H]3F)sc2c1,7.595166206359863,7.386934745898322,0.636719984263939,0.8620689655172413,0.2082314604615414
rf,1241,Cc1cc(Cl)ncc1-c1ccc2nc(NC(=O)[C@@H]3C[C@@H]3F)sc2c1,7.692503929138184,7.288535663684209,0.510894991996017,0.711864406779661,0.40396826545397424
rf,1246,Cc1cc(F)ncc1-c1ccc2nc(NC(=O)[C@@H]3C[C@@H]3F)sc2c1,7.876148223876953,7.311119519926253,0.4721285532183376,0.7288135593220338,0.5650287039507003
rf,1248,Cc1cc(N)nc(C)c1-c1ccc2nc(NC(=O)[C@@H]3C[C@@H]3F)sc2c1,8.397939682006836,7.317354911565781,0.6597394952646812,0.7321428571428571,1.080584770441055
rf,1704,Cc1ccnc(C)c1-c1ccc2nc(NC(=O)C3C[C@@H]3F)sc2c1,7.490797519683838,7.228369938002691,0.5595033968204801,0.7924528301886793,0.26242758168114655
rf,1705,Cc1ccnc(C)c1-c1ccc2nc(NC(=O)[C@@H]3C[C@@H]3F)sc2c1,7.490797519683838,7.228369938002691,0.5595033968204801,0.7924528301886793,0.26242758168114655
rf,1706,Cc1ccnc(Cl)c1-c1ccc2nc(NC(=O)[C@@H]3C[C@@H]3F)sc2c1,8.08092212677002,7.278727353678808,0.6044963305069766,0.7192982456140351,0.8021947730912116
rf,1708,Cc1ccnc(F)c1-c1ccc2nc(NC(=O)[C@@H]3C[C@@H]3F)sc2c1,8.29242992401123,7.2898243611577955,0.616327475448322,0.7454545454545455,1.002605562853435
rf,1711,Cc1ccncc1-c1cc(F)c2nc(NC(=O)[C@@H]3C[C@@H]3F)sc2c1,7.405607223510742,5.645634422832065,1.0436647242936155,0.7166666666666667,1.7599728006786775
rf,1712,Cc1ccncc1-c1cc(F)c2nc(NC(=O)[C@@H]3C[C@@H]3F)sc2c1.O=C(O)C(F)(F)F.O=C(O)C(F)(F)F,7.38247537612915,5.740858436160617,1.1106869177344039,0.6515151515151515,1.6416169399685332
rf,1713,Cc1ccncc1-c1cc2sc(NC(=O)[C@@H]3C[C@@H]3F)nc2cc1F.Cl.Cl,7.854803562164307,6.130600752035777,0.8752671083398129,0.7288135593220338,1.7242028101285296
rf,1716,Cc1ccncc1-c1ccc2nc(N(C)C(=O)[C@@H]3C[C@@H]3F)sc2c1,5.0,5.193385472297669,0.5390752830339574,0.6557377049180327,0.19338547229766867
rf,1720,Cc1ccncc1-c1ccc2nc(NC(=O)C3CC3(F)F)sc2c1,7.9430952072143555,6.977006699774,0.34447982070910543,0.8070175438596491,0.9660885074403556
rf,1721,Cc1ccncc1-c1ccc2nc(NC(=O)C3CC3)sc2c1,8.045757293701172,7.113792533269003,0.5595644021308301,0.92,0.9319647604321686
rf,1723,Cc1ccncc1-c1ccc2nc(NC(=O)C3C[C@@H]3F)sc2c1,5.0,7.115245631989977,0.38694033239418907,0.8518518518518519,2.1152456319899766
rf,1724,Cc1ccncc1-c1ccc2nc(NC(=O)[C@@H]3C[C@@H]3CO)sc2c1,7.460923671722412,7.231550340046956,0.698650472375155,0.7288135593220338,0.22937333167545582
rf,1725,Cc1ccncc1-c1ccc2nc(NC(=O)[C@@H]3C[C@@H]3CO)sc2c1.O=CO,7.497709274291992,7.573726168132963,1.034424510227854,0.6825396825396826,0.0760168938409711
rf,1729,Cc1ccncc1-c1ccc2nc(NC(=O)[C@@H]3C[C@@H]3F)sc2c1,8.387216567993164,7.115245631989977,0.38694033239418907,0.8518518518518519,1.2719709360031874
rf,1730,Cc1ccncc1-c1ccc2nc(NC(=O)[C@@H]3C[C@@H]3F)sc2c1.Cl.Cl,8.294992446899414,7.1224355792999265,0.39549252533531837,0.8363636363636363,1.1725568675994875
rf,1732,Cc1ccncc1-c1ccc2nc(NC(=O)[C@@H]3C[C@H]3F)sc2c1,7.625251770019531,7.115245631989977,0.38694033239418907,0.8518518518518519,0.5100061380295546
rf,1733,Cc1ccncc1-c1ccc2nc(NC(=O)[C@@H]3C[C@H]3F)sc2c1.Cl.Cl,7.560509204864502,7.1224355792999265,0.39549252533531837,0.8363636363636363,0.4380736255645754
rf,1734,Cc1ccncc1-c1ccc2nc(NC(=O)[C@H]3C[C@@H]3F)sc2c1.Cl.Cl,8.015472412109375,7.1224355792999265,0.39549252533531837,0.8363636363636363,0.8930368328094485
rf,1736,Cc1ccncc1-c1ccc2nc(NC(=O)[C@H]3C[C@H]3F)sc2c1,7.896196365356445,7.115245631989977,0.38694033239418907,0.8518518518518519,0.7809507333664687
rf,1737,Cc1ccncc1-c1ccc2nc(NC(=O)[C@H]3C[C@H]3F)sc2c1.Cl.Cl,7.924088001251221,7.1224355792999265,0.39549252533531837,0.8363636363636363,0.8016524219512942
rf,1843,Cc1ncccc1-c1ccc2nc(NC(=O)[C@@H]3C[C@@H]3F)sc2c1,8.1260986328125,7.193782760983421,0.6005837761254579,0.7543859649122807,0.9323158718290792
rf,2012,N#Cc1ccncc1-c1ccc2nc(NC(=O)[C@@H]3C[C@@H]3F)sc2c1,7.2932820320129395,7.313088201416863,0.7184323043200591,0.7288135593220338,0.019806169403923768
rf,2013,N#Cc1ccncc1-c1ccc2nc(NC(=O)[C@@H]3C[C@@H]3F)sc2c1.O=C(O)C(F)(F)F.O=C(O)C(F)(F)F,7.299123287200928,7.2929726272159145,0.7815169278883959,0.6615384615384615,0.006150659985013185
rf,2093,Nc1ccc(-c2ccc3nc(NC(=O)C4CC4)sc3c2)cn1,8.130767822265625,7.58952836619483,0.8137638614026419,0.6792452830188679,0.5412394560707954
rf,2570,O=C(Nc1nc2ccc(-c3cccnc3)cc2s1)[C@@H]1C[C@@H]1F,7.6216020584106445,7.265611509217155,0.7231105445527382,0.7017543859649122,0.35599054919348916
rf,2575,O=C(Nc1nc2ccc(-c3cnccc3C(F)(F)F)cc2s1)[C@@H]1C[C@@H]1F,7.197226047515869,7.3173596260282725,0.7438453532648484,0.7288135593220338,0.12013357851240336
rf,2576,O=C(Nc1nc2ccc(-c3cnccc3C(F)(F)F)cc2s1)[C@@H]1C[C@@H]1F.O=C(O)C(F)(F)F.O=C(O)C(F)(F)F,7.209574222564697,7.291729078822665,0.7964783711764704,0.6825396825396826,0.0821548562579677
rf,2577,O=C(Nc1nc2ccc(-c3cnccc3CO)cc2s1)[C@@H]1C[C@@H]1F,7.749579906463623,7.3935172579023565,0.817017081097434,0.7288135593220338,0.35606264856126657
rf,2578,O=C(Nc1nc2ccc(-c3cnccc3Cl)cc2s1)[C@@H]1C[C@@H]1F,8.130767822265625,7.3229387712478635,0.7376573845471756,0.7543859649122807,0.8078290510177615
rf,135,CC(C)(C)n1cnc2cc(C(=O)Nc3ccc(OC(F)(F)Cl)cc3)cc(-c3cncnc3)c21,9.301030158996582,9.15630576278293,0.5175092773893196,0.7352941176470589,0.14472439621365218
rf,149,CC(C)(O)Cn1cnc2cc(C(=O)Nc3ccc(OC(F)(F)Cl)cc3)cc(-c3cncnc3)c21,8.917214393615723,9.24973819516954,0.32718411948328785,0.7605633802816901,0.3325238015538172
rf,178,CC(C)c1nc2cc(C(=O)Nc3ccc(OC(F)(F)Cl)cc3)cc(-c3cncnc3)c2n1C,9.20065975189209,9.297696833398605,0.12300941187903536,0.7761194029850746,0.09703708150651558
rf,182,CC(C)n1c(C(F)F)nc2cc(C(=O)Nc3ccc(OC(F)(F)Cl)cc3)cc(-c3cncnc3)c21,9.221848487854004,9.300599146631027,0.14063844888178706,0.8115942028985508,0.07875065877702347
rf,189,CC(C)n1c([C@H](C)O)nc2cc(C(=O)Nc3ccc(OC(F)(F)Cl)cc3)cc(-c3cncnc3)c21,9.327901840209961,9.324172354221345,0.12791721351922491,0.7162162162162162,0.0037294859886163323
rf,197,CC(C)n1cnc2cc(C(=O)Nc3ccc(OC(F)(F)Cl)cc3)cc(-c3cncnc3)c21,9.568635940551758,9.288723743067846,0.0884776393116658,0.8461538461538461,0.2799121974839114
rf,494,CCOc1nc2cc(C(=O)Nc3ccc(OC(F)(F)Cl)cc3)cc(-c3cncnc3)c2n1C(C)C,9.318758964538574,9.205978762043847,0.24034114178953755,0.6875,0.11278020249472753
rf,545,CCn1c(OC)nc2cc(C(=O)Nc3ccc(OC(F)(F)Cl)cc3)cc(-c3cncnc3)c21,9.468521118164062,9.265686539400193,0.15196588210868917,0.7123287671232876,0.2028345787638699
rf,549,CCn1c([C@H](C)O)nc2cc(C(=O)Nc3ccc(OC(F)(F)Cl)cc3)cc(-c3cncnc3)c21,9.267605781555176,9.315219644069673,0.12363172888300884,0.7916666666666666,0.047613862514497285
rf,819,COC[C@@H](C)n1cnc2cc(C(=O)Nc3ccc(OC(F)(F)Cl)cc3)cc(-c3cncnc3)c21,9.318758964538574,9.225624547587502,0.43804423577995844,0.7777777777777778,0.09313441695107194
rf,820,COC[C@H](C)n1cnc2cc(C(=O)Nc3ccc(OC(F)(F)Cl)cc3)cc(-c3cncnc3)c21,9.113509178161621,9.225624547587502,0.43804423577995844,0.7777777777777778,0.11211536942588118
rf,1014,COc1nc2cc(C(=O)Nc3ccc(OC(F)(F)Cl)cc3)cc(-c3cncnc3)c2n1C(C)C,9.481486320495605,9.274792685508729,0.16999776450148635,0.7142857142857143,0.20669363498687687
rf,1015,COc1nc2cc(C(=O)Nc3ccc(OC(F)(F)Cl)cc3)cc(-c3cncnc3)c2n1[C@H](C)CO,9.552842140197754,9.252430743111503,0.17446077802016374,0.7402597402597403,0.30041139708625053
rf,1016,COc1ncc(-c2cc(C(=O)Nc3ccc(OC(F)(F)Cl)cc3)cc3ncn(C(C)C)c23)cn1,9.214670181274414,9.290232964462703,0.10609573066656965,0.7794117647058824,0.07556278318828902
rf,1062,C[C@@H](C(F)F)n1cnc2cc(C(=O)Nc3ccc(OC(F)(F)Cl)cc3)cc(-c3cncnc3)c21,9.327901840209961,9.284937155511644,0.09662026667109595,0.8115942028985508,0.04296468469831716
rf,1064,C[C@@H](CC#N)n1cnc2cc(C(=O)Nc3ccc(OC(F)(F)Cl)cc3)cc(-c3cncnc3)c21,9.214670181274414,9.305285769727496,0.09798936257704983,0.7567567567567568,0.09061558845308149
rf,1066,C[C@@H](CF)n1c(C(F)F)nc2cc(C(=O)Nc3ccc(OC(F)(F)Cl)cc3)cc(-c3cncnc3)c21,9.443697929382324,9.251710003217061,0.16803879034756822,0.7066666666666667,0.19198792616526283
rf,1068,C[C@@H](CF)n1cnc2cc(C(=O)Nc3ccc(OC(F)(F)Cl)cc3)cc(-c3cncnc3)c21,9.30980396270752,9.268998853736454,0.1095782424833463,0.8,0.04080510897106571
rf,1072,C[C@@H](CO)n1cnc2cc(C(=O)Nc3ccc(OC(F)(F)Cl)cc3)cc(-c3cncnc3)c21,9.327901840209961,9.289212979899514,0.0938328996470145,0.8,0.03868886031044738
rf,1073,C[C@@H](O)Cn1cnc2cc(C(=O)Nc3ccc(OC(F)(F)Cl)cc3)cc(-c3cncnc3)c21,9.20065975189209,9.300193558004167,0.08111188867231649,0.75,0.09953380611207763
rf,1139,C[C@H](C(F)F)n1cnc2cc(C(=O)Nc3ccc(OC(F)(F)Cl)cc3)cc(-c3cncnc3)c21,9.376750946044922,9.284937155511644,0.09662026667109595,0.8115942028985508,0.0918137905332781
rf,1141,C[C@H](CC#N)n1cnc2cc(C(=O)Nc3ccc(OC(F)(F)Cl)cc3)cc(-c3cncnc3)c21,9.337242126464844,9.305285769727496,0.09798936257704983,0.7567567567567568,0.0319563567373482
rf,1144,C[C@H](CF)n1c(C(F)F)nc2cc(C(=O)Nc3ccc(OC(F)(F)Cl)cc3)cc(-c3cncnc3)c21,9.267605781555176,9.251710003217061,0.16803879034756822,0.7066666666666667,0.015895778338114397
rf,1146,C[C@H](CF)n1cnc2cc(C(=O)Nc3ccc(OC(F)(F)Cl)cc3)cc(-c3cncnc3)c21,9.366531372070312,9.268998853736454,0.1095782424833463,0.8,0.09753251833385868
rf,1149,C[C@H](CO)n1c(C(F)F)nc2cc(C(=O)Nc3ccc(OC(F)(F)Cl)cc3)cc(-c3cncnc3)c21,9.42021656036377,9.284087897936503,0.15158312213192204,0.7066666666666667,0.13612866242726618
rf,1152,C[C@H](CO)n1cnc2cc(C(=O)Nc3ccc(OC(F)(F)Cl)cc3)cc(-c3cncnc3)c21,9.443697929382324,9.289212979899514,0.0938328996470145,0.8,0.15448494948281066
rf,1156,C[C@H](O)Cn1cnc2cc(C(=O)Nc3ccc(OC(F)(F)Cl)cc3)cc(-c3cncnc3)c21,9.387216567993164,9.300193558004167,0.08111188867231649,0.75,0.08702300998899659
rf,1157,C[C@H](n1cnc2cc(C(=O)Nc3ccc(OC(F)(F)Cl)cc3)cc(-c3cncnc3)c21)C(C)(C)O,9.251811981201172,9.287495795885722,0.08080709885053963,0.7887323943661971,0.03568381468454973
rf,1823,Cc1nc2cc(C(=O)Nc3ccc(OC(F)(F)Cl)cc3)cc(-c3cncnc3)c2n1C,9.481486320495605,9.373905269002158,0.14342982988696196,0.7878787878787878,0.10758105149344743
rf,1824,Cc1nc2cc(C(=O)Nc3ccc(OC(F)(F)Cl)cc3)cc(-c3cncnc3)c2n1C(C)C,9.397939682006836,9.355487959914736,0.15887040474495576,0.7536231884057971,0.042451722092099686
rf,1826,Cc1nc2cc(C(=O)Nc3ccc(OC(F)(F)Cl)cc3)cc(-c3cncnc3)c2n1[C@H](C)CO,9.29242992401123,9.330958310233223,0.16344762690739853,0.7222222222222222,0.038528386221992506
rf,1929,Cn1c(C(C)(C)O)nc2cc(C(=O)Nc3ccc(OC(F)(F)Cl)cc3)cc(-c3cncnc3)c21,9.366531372070312,9.290194082222287,0.13482344983111155,0.7428571428571429,0.07633728984802524
rf,1931,Cn1c(C(F)F)nc2cc(C(=O)Nc3ccc(OC(F)(F)Cl)cc3)cc(-c3cncnc3)c21,9.468521118164062,9.299147170331743,0.13981898311231883,0.7761194029850746,0.16937394783231952
rf,1934,Cn1c(CO)nc2cc(C(=O)Nc3ccc(OC(F)(F)Cl)cc3)cc(-c3cncnc3)c21,9.318758964538574,9.316595491212512,0.11425821816518328,0.7428571428571429,0.0021634733260622596
rf,2273,O=C(Nc1ccc(OC(F)(F)Cl)cc1)c1cc(-c2cncnc2)c2[nH]cnc2c1,9.102373123168945,9.25776647350523,0.2040369409591609,0.6285714285714286,0.15539335033628454
rf,2291,O=C(Nc1ccc(OC(F)(F)Cl)cc1)c1cc(-c2cncnc2)c2c(c1)ncn2CC(F)F,9.301030158996582,9.294511402712928,0.08796531587609321,0.7714285714285715,0.00651875628365417
rf,366,CCN(CCO)c1ncc(C(=O)Nc2ccc(OC(F)(F)Cl)cc2)cc1-c1cncc(C#N)c1,8.659379005432129,8.973265619277955,0.3060956544020611,0.5164835164835165,0.31388661384582583
rf,367,CCN(CCO)c1ncc(C(=O)Nc2ccc(OC(F)(F)Cl)cc2)cc1-c1cncc(F)c1,9.0,8.975475562413534,0.28908762877757943,0.5844155844155844,0.024524437586466163
rf,370,CCN(CCO)c1ncc(C(=O)Nc2ccc(OC(F)(F)F)cc2)cc1-c1cncc(C#N)c1,7.9923200607299805,8.44657184123993,0.30846316792806583,0.5915492957746479,0.4542517805099493
rf,371,CCN(CCO)c1ncc(C(=O)Nc2ccc(OC(F)(F)F)cc2)cc1-c1cncc(F)c1,8.61092472076416,8.475133123397827,0.3163828567143108,0.6164383561643836,0.1357915973663335
rf,374,CCN(CCO)c1ncc(C(=O)Nc2ccc(SC(F)(F)F)cc2)cc1-c1cncc(C#N)c1,8.270303726196289,8.089408289591471,1.0850923046586118,0.44871794871794873,0.18089543660481766
rf,375,CCN(CCO)c1ncc(C(=O)Nc2ccc(SC(F)(F)F)cc2)cc1-c1cncc(F)c1,8.723666191101074,8.101255435943603,1.0875733585138827,0.475,0.6224107551574711
rf,588,CN(C)CCCN(C)c1ncc(C(=O)Nc2ccc(OC(F)(F)F)cc2)cc1-c1cccnc1,8.522878646850586,8.375916119151645,0.3314300621742887,0.6119402985074627,0.1469625276989408
rf,609,CN(CCCO)c1ncc(C(=O)Nc2ccc(OC(F)(F)F)cc2)cc1-c1cccnc1,7.376750946044922,8.376160226398044,0.31615892734521583,0.6119402985074627,0.999409280353122
rf,615,CN(CCO)c1ncc(C(=O)Nc2ccc(OC(F)(F)Cl)cc2)cc1-c1cncc(C#N)c1,8.625905990600586,8.96230758412679,0.3027404634770247,0.5222222222222223,0.3364015935262046
rf,616,CN(CCO)c1ncc(C(=O)Nc2ccc(OC(F)(F)Cl)cc2)cc1-c1cncc(F)c1,9.198969841003418,8.964511115392048,0.28551298773432887,0.5714285714285714,0.23445872561137016
rf,618,CN(CCO)c1ncc(C(=O)Nc2ccc(OC(F)(F)F)cc2)cc1-c1cccnc1,8.267605781555176,8.375652572843762,0.31613928225944643,0.6307692307692307,0.10804679128858652
rf,620,CN(CCO)c1ncc(C(=O)Nc2ccc(OC(F)(F)F)cc2)cc1-c1cncc(C#N)c1,8.1298189163208,8.437195267677307,0.292168098948285,0.6,0.3073763513565062
rf,621,CN(CCO)c1ncc(C(=O)Nc2ccc(OC(F)(F)F)cc2)cc1-c1cncc(F)c1,8.761439323425293,8.465419336954753,0.3005256465272901,0.6301369863013698,0.2960199864705402
rf,624,CN(CCO)c1ncc(C(=O)Nc2ccc(SC(F)(F)F)cc2)cc1-c1cncc(C#N)c1,8.5774507522583,7.763166653315226,1.2146427363944183,0.4444444444444444,0.8142840989430749
rf,625,CN(CCO)c1ncc(C(=O)Nc2ccc(SC(F)(F)F)cc2)cc1-c1cncc(F)c1,9.018106460571289,7.7192786566416425,1.2582603556150829,0.475,1.2988278039296466
rf,902,COc1ccc(-c2cc(C(=O)Nc3ccc(OC(F)(F)F)cc3)cnc2NCCCO)cn1,7.92081880569458,8.383985939025878,0.28483148237303485,0.5352112676056338,0.46316713333129833
rf,1030,COc1ncccc1-c1cncc(C(=O)Nc2ccc(OC(F)(F)F)cc2)c1,7.161150932312012,7.877459532419841,0.8210569397645417,0.6290322580645161,0.7163086001078289
rf,1289,Cc1ccc(-c2cc(C(=O)Nc3ccc(OC(F)(F)F)cc3)cnc2N(C)CCCO)cn1,7.522878646850586,8.431439355214437,0.26317222335671303,0.6164383561643836,0.9085607083638507
rf,1290,Cc1ccc(-c2cc(C(=O)Nc3ccc(OC(F)(F)F)cc3)cnc2N(C)CCO)cn1,8.522878646850586,8.431312964757284,0.2627633821731347,0.6338028169014085,0.09156568209330196
rf,1309,Cc1ccc(-c2cc(C(=O)Nc3ccc(OC(F)(F)F)cc3)cnc2NCCCO)cn1,8.522878646850586,8.396555207570394,0.284900062149934,0.6338028169014085,0.12632343928019196
rf,1310,Cc1ccc(-c2cc(C(=O)Nc3ccc(OC(F)(F)F)cc3)cnc2NCCO)cn1,8.522878646850586,8.396994171142579,0.28490915542517437,0.6521739130434783,0.12588447570800732
rf,2313,O=C(Nc1ccc(OC(F)(F)Cl)cc1)c1cnc(Cl)c(-c2cncc(F)c2)c1,8.408935546875,8.979027315245734,0.26779566030675667,0.6323529411764706,0.5700917683707338
rf,2410,O=C(Nc1ccc(OC(F)(F)F)cc1)c1cnc(Cl)c(-c2cccnc2)c1,8.0,8.179238742722404,0.28684315205233285,0.7636363636363637,0.17923874272240425
rf,2412,O=C(Nc1ccc(OC(F)(F)F)cc1)c1cnc(Cl)c(-c2cncc(F)c2)c1,8.30980396270752,8.339099572499594,0.2817823524092138,0.671875,0.029295609792074018
rf,2498,O=C(Nc1ccc(OC(F)(F)F)cc1)c1cnc(NCCCO)c(-c2cccnc2)c1,7.92081880569458,8.27064908477995,0.35433304451725073,0.6338028169014085,0.3498302790853707
rf,2500,O=C(Nc1ccc(OC(F)(F)F)cc1)c1cnc(NCCO)c(-c2cccnc2)c1,8.522878646850586,8.271440580421023,0.3546649234045997,0.6521739130434783,0.25143806642956257
rf,2505,O=C(Nc1ccc(OC(F)(F)F)cc1)c1cncc(-c2cccnc2)c1,8.060481071472168,7.892892654736837,0.869724327046808,0.7169811320754716,0.16758841673533098
rf,2506,O=C(Nc1ccc(OC(F)(F)F)cc1)c1cncc(-c2cccnc2O)c1,7.113509178161621,7.8788121843338015,0.8098490405712359,0.6101694915254238,0.7653030061721804
rf,2507,O=C(Nc1ccc(OC(F)(F)F)cc1)c1cncc(-c2cncc(F)c2)c1,7.585026741027832,7.833599098523458,0.8600359477295164,0.639344262295082,0.24857235749562623
rf,15,C/C=C/C(=O)NCc1ccc(C(=O)Nc2ccc(C)c(Nc3nccc(-c4cccnc4)n3)c2)cc1,4.698969841003418,5.804691210322909,0.6515420660901529,0.6666666666666666,1.1057213693194914
rf,16,C=C(C)C(=O)NCc1ccc(C(=O)Nc2ccc(C)c(Nc3nccc(-c4cccnc4)n3)c2)cc1,4.698969841003418,5.786389882299635,0.7275392205856354,0.676056338028169,1.087420041296217
rf,738,CNN=Nc1ccc(C(=O)Nc2ccc(C)c(Nc3nccc(-c4cccnc4)n3)c2)cc1C(F)(F)F,7.552842140197754,6.479192899121178,0.7730920569504567,0.6621621621621622,1.073649241076576
rf,739,CNN=Nc1ccc(C(=O)Nc2ccc(C)c(Nc3nccc(-c4cccnc4)n3)c2)cc1Cl,6.744727611541748,6.404815676689148,0.7096364808011796,0.6901408450704225,0.33991193485259963
rf,998,COc1ccccc1C(=O)Nc1ccc(C)c(Nc2nccc(-c3cccnc3)n2)c1,6.096909999847412,6.13554420431455,0.9530715337338229,0.7049180327868853,0.0386342044671375
rf,999,COc1ccccc1C(=O)Nc1cccc(Nc2nccc(-c3cccnc3)n2)c1,5.721246242523193,6.397990261713664,1.0182896998579558,0.6896551724137931,0.6767440191904708
rf,1055,CSc1cccc(C(=O)Nc2ccc(C)c(Nc3nccc(-c4cccnc4)n3)c2)c1,5.958607196807861,6.323024141391119,0.8429170719502378,0.7384615384615385,0.36441694458325724
rf,1382,Cc1ccc(C(=O)Nc2ccc(C)c(Nc3nccc(-c4cccnc4)n3)c2)cc1,7.198969841003418,5.9156136794885,0.6119157768990222,0.8135593220338984,1.2833561615149183
rf,1487,Cc1ccc(C(=O)Nc2cccc(Nc3nccc(-c4cccnc4)n3)c2)cc1,6.0,6.2728429836697055,0.6865415821072904,0.8235294117647058,0.2728429836697055
rf,1535,Cc1ccc(NC(=O)c2ccc(CCl)cc2)cc1Nc1nccc(-c2cccnc2)n1,5.158015251159668,5.858421588473849,0.6368146215028242,0.7681159420289855,0.7004063373141811
rf,1536,Cc1ccc(NC(=O)c2ccc(CN(C)CCCl)cc2)cc1Nc1nccc(-c2cccnc2)n1,5.507239818572998,5.804496227237913,0.7427689472365745,0.7402597402597403,0.2972564086649152
rf,1537,Cc1ccc(NC(=O)c2ccc(CN(CCCl)CCCl)cc2)cc1Nc1nccc(-c2cccnc2)n1,5.0,5.8319134955936,0.772660778902313,0.7368421052631579,0.8319134955936001
rf,1539,Cc1ccc(NC(=O)c2ccc(CN)cc2)cc1Nc1nccc(-c2cccnc2)n1,4.698969841003418,6.246343146165212,0.9564086990141495,0.75,1.547373305161794
rf,1577,Cc1ccc(NC(=O)c2ccc(CNC(=O)CCl)cc2)cc1Nc1nccc(-c2cccnc2)n1,4.698969841003418,5.874660946263207,0.6755969079502803,0.7162162162162162,1.175691105259789
rf,1578,Cc1ccc(NC(=O)c2ccc(Cl)cc2)cc1Nc1nccc(-c2cccnc2)n1,6.096909999847412,5.913593199253082,0.6971243909760008,0.7868852459016393,0.18331680059432998
rf,1581,Cc1ccc(NC(=O)c2ccc(N(CCCl)CCCl)cc2)cc1Nc1nccc(-c2cccnc2)n1,6.6575775146484375,5.711289213233523,0.6477173732834566,0.7101449275362319,0.9462883014149144
rf,1582,Cc1ccc(NC(=O)c2ccc(N)c(C(F)(F)F)c2)cc1Nc1nccc(-c2cccnc2)n1,6.806875228881836,6.391482201947106,0.8624605703417795,0.7205882352941176,0.4153930269347299
rf,1583,Cc1ccc(NC(=O)c2ccc(N)c(N)c2)cc1Nc1nccc(-c2cccnc2)n1,4.602059841156006,6.127645521296395,0.7143569041708662,0.7903225806451613,1.5255856801403889
rf,1584,Cc1ccc(NC(=O)c2ccc(N)cc2)cc1Nc1nccc(-c2cccnc2)n1,5.0,5.898375628921721,0.6617574311987984,0.7868852459016393,0.8983756289217206
rf,1585,Cc1ccc(NC(=O)c2ccc(N=NN(C)C)c(C(F)(F)F)c2)cc1Nc1nccc(-c2cccnc2)n1,7.744727611541748,6.449620553705427,0.7968527197371271,0.6533333333333333,1.2951070578363213
rf,1586,Cc1ccc(NC(=O)c2ccc(N=NN(C)CO)c(C(F)(F)F)c2)cc1Nc1nccc(-c2cccnc2)n1,7.481485843658447,6.4421394475830915,0.7916474500651663,0.6477272727272727,1.0393463960753557
rf,1587,Cc1ccc(NC(=O)c2ccc(N=NN(C)CO)cc2)cc1Nc1nccc(-c2cccnc2)n1,5.975924968719482,5.940215766827265,0.8011000492008352,0.676056338028169,0.03570920189221738
rf,1611,Cc1ccc(NC(=O)c2ccccc2)cc1Nc1nccc(-c2cccnc2)n1,5.647068023681641,5.798928514056735,0.656374687545087,0.8275862068965517,0.15186049037509441
rf,2003,N#Cc1ccc(C(=O)Nc2cccc(Nc3nccc(-c4cccnc4)n3)c2)cc1,5.886056423187256,6.244117697079976,0.6576131630461124,0.7777777777777778,0.35806127389272024
rf,2537,O=C(Nc1cccc(Nc2nccc(-c3cccnc3)n2)c1)c1ccc(F)cc1,6.698969841003418,6.187435925801595,0.7472127972728897,0.8235294117647058,0.5115339152018228
rf,2538,O=C(Nc1cccc(Nc2nccc(-c3cccnc3)n2)c1)c1ccccc1,6.397940158843994,6.118630941708883,0.7418759433128422,0.8936170212765957,0.27930921713511125
rf,2586,O=C(O)c1ccccc1C(=O)Nc1cccc(Nc2nccc(-c3cccnc3)n2)c1,5.698969841003418,5.963947329521179,0.7322057968959695,0.7407407407407407,0.2649774885177614
rf,4,C#Cc1ccc(C)c(-c2ccc3nc(NC(=O)[C@@H]4C[C@@H]4F)sc3c2)c1,8.443697929382324,7.3752037839094795,0.7032848457079769,0.7164179104477612,1.0684941454728447
rf,17,C=C(C)c1ccc(C)c(-c2ccc3nc(NC(=O)[C@@H]4C[C@@H]4F)sc3c2)c1,8.107905387878418,7.3565332889556885,0.9504907053582492,0.6875,0.7513720989227295
rf,79,CC(=O)Nc1ccc(C)c(-c2ccc3nc(NC(=O)C4CC4)sc3c2)c1,7.6458916664123535,7.517621931102541,0.7242500061349084,0.6333333333333333,0.12826973530981256
rf,735,CNC[C@@H]1CC1C(=O)Nc1nc2ccc(-c3c(C)cccc3F)cc2s1,5.698969841003418,6.608066802365439,0.6686157090009714,0.71875,0.909096961362021
rf,758,CNc1ccc(C)c(-c2ccc3nc(NC(=O)[C@@H]4C[C@@H]4F)sc3c2)c1F,7.774690628051758,7.6294165235284765,0.8094333655760031,0.6825396825396826,0.14527410452328127
rf,1207,Cc1c(O)cccc1-c1ccc2nc(NC(=O)[C@@H]3C[C@@H]3F)sc2c1,9.221848487854004,7.409462388224071,0.7083654670854426,0.6779661016949152,1.8123860996299328
rf,1339,Cc1ccc(C#N)cc1-c1ccc2nc(NC(=O)[C@@H]3C[C@@H]3F)sc2c1,8.148741722106934,7.4561091824372605,0.5869711392328888,0.7164179104477612,0.6926325396696731
rf,1490,Cc1ccc(C(C)(C)O)cc1-c1ccc2nc(NC(=O)[C@@H]3C[C@@H]3F)sc2c1,6.935542106628418,7.475013539923563,0.7163126216002023,0.6875,0.5394714332951454
rf,1500,Cc1ccc(N(C)C(=O)OC(C)(C)C)c(F)c1-c1ccc2nc(NC(=O)[C@@H]3C[C@@H]3F)sc2c1,5.2748236656188965,7.628357765958421,0.8581001362894952,0.8028169014084507,2.353534100339525
rf,1622,Cc1ccc(O)cc1-c1ccc2nc(NC(=O)[C@@H]3C[C@@H]3F)sc2c1,8.81539249420166,7.544141271246805,0.5643859605734941,0.7333333333333333,1.271251222954855
rf,1648,Cc1cccc(C)c1-c1ccc2nc(NC(=O)[C@@H]3C[C@@H]3F)sc2c1,7.924453258514404,7.048117871341249,0.667685483743372,0.7692307692307693,0.876335387173155
rf,1649,Cc1cccc(C)c1-c1ccc2nc(NC(=O)[C@@H]3C[C@@H]3F)sc2c1.O=CO,7.927382469177246,7.409510467639044,1.0681556937219305,0.7142857142857143,0.5178720015382021
rf,1663,Cc1cccc(Cl)c1-c1ccc2nc(NC(=O)[C@@H]3C[C@@H]3F)sc2c1,7.525783538818359,7.0343814872938495,0.6726462217792613,0.7017543859649122,0.4914020515245099
rf,1664,Cc1cccc(Cl)c1-c1ccc2nc(NC(=O)[C@@H]3C[C@@H]3F)sc2c1.O=CO,7.52622127532959,7.392656554570273,1.074833356532994,0.6557377049180327,0.1335647207593169
rf,1668,Cc1cccc(F)c1-c1cc(F)c2nc(NC(=O)[C@@H]3C[C@@H]3F)sc2c1,6.847711563110352,5.93036794980367,0.9659011034660695,0.7288135593220338,0.9173436133066817
rf,1672,Cc1cccc(F)c1-c1ccc2nc(NC(=O)C3CC3(F)F)sc2c1,7.560667514801025,6.384021947667712,0.3900539127145066,0.8070175438596491,1.1766455671333134
rf,1673,Cc1cccc(F)c1-c1ccc2nc(NC(=O)C3CC3)sc2c1,8.376750946044922,6.460659895794732,0.3275900446527269,0.9215686274509803,1.9160910502501896
rf,1675,Cc1cccc(F)c1-c1ccc2nc(NC(=O)C3C[C@H]3CO)sc2c1,7.235076904296875,6.605817836466289,0.6705323335386927,0.8620689655172413,0.6292590678305858
rf,1676,Cc1cccc(F)c1-c1ccc2nc(NC(=O)[C@@H]3C[C@@H]3CO)sc2c1,7.411168098449707,6.605817836466289,0.6705323335386927,0.8620689655172413,0.8053502619834179
rf,1680,Cc1cccc(F)c1-c1ccc2nc(NC(=O)[C@@H]3C[C@@H]3F)sc2c1,7.735182285308838,6.595525776885804,0.49786175441410063,0.8035714285714286,1.139656508423034
rf,1682,Cc1cccc(F)c1-c1ccc2nc(NC(=O)[C@H]3C[C@H]3CO)sc2c1,6.892789840698242,6.605817836466289,0.6705323335386927,0.8620689655172413,0.286972004231953
rf,1695,Cc1ccccc1-c1ccc2nc(NC(=O)[C@@H]3C[C@@H]3F)sc2c1,8.430625915527344,7.291040989160538,0.8552862805859057,0.7636363636363637,1.1395849263668056
rf,2569,O=C(Nc1nc2ccc(-c3ccccc3)cc2s1)[C@@H]1C[C@@H]1F,8.356547355651855,7.317397011121114,0.8919912318966681,0.6923076923076923,1.039150344530741
rf,110,CC(C)(C#N)c1ncc(C(=O)Nc2ccc(OC(F)(F)F)cc2)cc1-c1cncnc1,8.261439323425293,8.400485213597616,0.23680829131131398,0.6470588235294118,0.13904589017232283
rf,152,CC(C)(O)c1ncc(C(=O)Nc2ccc(OC(F)(F)F)cc2)cc1-c1cncnc1,8.031517028808594,8.421342973709107,0.16248508339765128,0.6842105263157895,0.3898259449005135
rf,368,CCN(CCO)c1ncc(C(=O)Nc2ccc(OC(F)(F)Cl)cc2)cc1-c1cncnc1,8.809894561767578,8.896442279815673,0.3111532926565366,0.6164383561643836,0.08654771804809513
rf,372,CCN(CCO)c1ncc(C(=O)Nc2ccc(OC(F)(F)F)cc2)cc1-c1cncnc1,8.535290718078613,8.466335781415303,0.26749410590199946,0.6388888888888888,0.0689549366633102
rf,376,CCN(CCO)c1ncc(C(=O)Nc2ccc(SC(F)(F)F)cc2)cc1-c1cncnc1,9.2044677734375,8.08355741182963,1.0687623985571133,0.5384615384615384,1.1209103616078693
rf,495,CCOc1ncc(C(=O)Nc2ccc(OC(F)(F)F)cc2)cc1-c1cncnc1,7.668337821960449,8.34934073607127,0.29521329110212313,0.6724137931034483,0.6810029141108203
rf,610,CN(CCCO)c1ncc(C(=O)Nc2ccc(OC(F)(F)F)cc2)cc1-c1cncnc1,8.522878646850586,8.455523413022359,0.25120101028717534,0.6527777777777778,0.06735523382822706
rf,617,CN(CCO)c1ncc(C(=O)Nc2ccc(OC(F)(F)Cl)cc2)cc1-c1cncnc1,8.897939682006836,8.887798335393269,0.30394611988939685,0.625,0.010141346613567137
rf,622,CN(CCO)c1ncc(C(=O)Nc2ccc(OC(F)(F)F)cc2)cc1-c1cncnc1,9.2044677734375,8.456721701622008,0.2500528314351049,0.6714285714285714,0.7477460718154916
rf,626,CN(CCO)c1ncc(C(=O)Nc2ccc(SC(F)(F)F)cc2)cc1-c1cncnc1,8.792512893676758,7.8108644819259645,1.1684389464969789,0.5555555555555556,0.9816484117507933
rf,817,COCCOc1ncc(C(=O)Nc2ccc(OC(F)(F)F)cc2)cc1-c1cncnc1,7.24654483795166,8.37765339533488,0.31107609975128236,0.6557377049180327,1.1311085573832198
rf,1028,COc1ncc(C(=O)Nc2ccc(OC(F)(F)F)cc2)cc1-c1cncnc1,8.522878646850586,8.35905191898346,0.2655177839039509,0.7321428571428571,0.16382672786712682
rf,1840,Cc1ncc(C(=O)Nc2ccc(OC(F)(F)F)cc2)cc1-c1cncnc1,8.580574989318848,8.450163701375326,0.1739368561030111,0.7547169811320755,0.13041128794352197
rf,2128,Nc1ncc(-c2cncc(C(=O)Nc3ccc(OC(F)(F)F)cc3)c2)cn1,7.978810787200928,7.851977753639221,0.8198029084917414,0.6296296296296297,0.12683303356170672
rf,2314,O=C(Nc1ccc(OC(F)(F)Cl)cc1)c1cnc(Cl)c(-c2cncnc2)c1,8.537602424621582,8.905002574390835,0.29939207465918155,0.6825396825396826,0.36740014976925295
rf,2315,O=C(Nc1ccc(OC(F)(F)Cl)cc1)c1cnc(N(CCO)CCO)c(-c2cncnc2)c1,8.576831817626953,8.90075397491455,0.31275739081313697,0.6521739130434783,0.32392215728759766
rf,2407,O=C(Nc1ccc(OC(F)(F)F)cc1)c1cnc(C(F)(F)F)c(-c2cncnc2)c1,7.6575775146484375,8.436945780118306,0.2124751634162399,0.7037037037037037,0.7793682654698681
rf,2413,O=C(Nc1ccc(OC(F)(F)F)cc1)c1cnc(Cl)c(-c2cncnc2)c1,8.002182006835938,8.361956596374512,0.21287911589162894,0.7547169811320755,0.3597745895385742
rf,2499,O=C(Nc1ccc(OC(F)(F)F)cc1)c1cnc(NCCCO)c(-c2cncnc2)c1,7.92081880569458,8.379775681495666,0.3028929841087872,0.65625,0.4589568758010856
rf,2502,O=C(Nc1ccc(OC(F)(F)F)cc1)c1cnc(OCCNCCO)c(-c2cncnc2)c1,8.376750946044922,8.241338731977674,0.38262013942198575,0.6615384615384615,0.13541221406724802
rf,2504,O=C(Nc1ccc(OC(F)(F)F)cc1)c1cnc(OCCO)c(-c2cncnc2)c1,7.638272285461426,8.269841502507528,0.3269667999577534,0.7586206896551724,0.6315692170461027
rf,2508,O=C(Nc1ccc(OC(F)(F)F)cc1)c1cncc(-c2cncnc2)c1,7.893640041351318,7.786582392056783,0.7878679434300244,0.7872340425531915,0.10705764929453565
rf,315,CC1(O)CCN(c2ncc(C(=O)Nc3ccc(OC(F)(F)Cl)cc3)cc2-c2ccn[nH]2)C1,9.548455238342285,8.865561048189798,0.17795214980922883,0.8955223880597015,0.6828941901524868
rf,600,CN(C)[C@H]1CN(c2ncc(C(=O)Nc3ccc(OC(F)(F)Cl)cc3)cc2-c2ccn[nH]2)C[C@@H]1O,9.426936149597168,8.949202361901602,0.23930838744519295,0.8333333333333334,0.4777337876955663
rf,771,COC(=O)C1CCN(c2ncc(C(=O)Nc3ccc(OC(F)(F)Cl)cc3)cc2-c2ccn[nH]2)C1,7.455932140350342,8.779994593991173,0.3455390366106277,0.7808219178082192,1.3240624536408312
rf,831,CO[C@H]1CN(c2ncc(C(=O)Nc3ccc(OC(F)(F)Cl)cc3)cc2-c2ccn[nH]2)C[C@@H]1N,9.0774507522583,9.005601245032416,0.23726606054442562,0.8169014084507042,0.07184950722588468
rf,833,CO[C@H]1CN(c2ncc(C(=O)Nc3ccc(OC(F)(F)F)cc3)cc2-c2ccn[nH]2)C[C@@H]1N,8.420818328857422,8.491001008351644,0.17652928847095783,0.7887323943661971,0.07018267949422174
rf,1132,C[C@@]1(O)CCN(c2ncc(C(=O)Nc3ccc(OC(F)(F)Cl)cc3)cc2-c2ccn[nH]2)C1,9.397939682006836,8.865561048189798,0.17795214980922883,0.8955223880597015,0.5323786338170375
rf,1133,C[C@@]1(O)CCN(c2ncc(C(=O)Nc3ccc(OC(F)(F)F)cc3)cc2-c2ccn[nH]2)C1,8.602060317993164,8.327136433919271,0.16539005844363747,0.8923076923076924,0.27492388407389257
rf,1164,C[C@]1(O)CCN(c2ncc(C(=O)Nc3ccc(OC(F)(F)Cl)cc3)cc2-c2ccn[nH]2)C1,9.0,8.865561048189798,0.17795214980922883,0.8955223880597015,0.1344389518102016
rf,1165,C[C@]1(O)CCN(c2ncc(C(=O)Nc3ccc(OC(F)(F)F)cc3)cc2-c2ccn[nH]2)C1,8.688375473022461,8.327136433919271,0.16539005844363747,0.8923076923076924,0.36123903910318944
rf,1994,N#Cc1cc(-c2cc(C(=O)Nc3ccc(OC(F)(F)F)cc3)cnc2N2CCCC2)[nH]n1,7.934994220733643,8.350145888646443,0.37214124844778584,0.6438356164383562,0.41515166791280045
rf,2051,NCC1(F)CCN(c2ncc(C(=O)Nc3ccc(OC(F)(F)Cl)cc3)cc2-c2ccn[nH]2)C1,8.63420581817627,8.859199395179749,0.23920241208576928,0.7662337662337663,0.22499357700347922
rf,2052,NCC1(O)CCN(c2ncc(C(=O)Nc3ccc(OC(F)(F)Cl)cc3)cc2-c2ccn[nH]2)C1,9.397939682006836,8.873939164479573,0.23364920407210274,0.7662337662337663,0.5240005175272628
rf,2065,NC[C@H]1CN(c2ncc(C(=O)Nc3ccc(OC(F)(F)Cl)cc3)cc2-c2ccn[nH]2)C[C@H]1O,9.641998291015625,9.052082858350543,0.21050604552537797,0.8142857142857143,0.589915432665082
rf,2074,N[C@@H]1CN(c2ncc(C(=O)Nc3ccc(OC(F)(F)Cl)cc3)cc2-c2ccn[nH]2)C[C@H]1F,8.495699882507324,9.008714403576322,0.2824325112890657,0.8529411764705882,0.5130145210689978
rf,2086,N[C@]1(C(F)(F)F)CCN(c2ncc(C(=O)Nc3ccc(OC(F)(F)F)cc3)cc2-c2ccn[nH]2)C1,8.387216567993164,8.326852882627458,0.1914563377134894,0.7567567567567568,0.06036368536570613
rf,2323,O=C(Nc1ccc(OC(F)(F)Cl)cc1)c1cnc(N2CCC(F)(F)C2)c(-c2ccn[nH]2)c1,8.259636878967285,8.830598268508911,0.29606955189367046,0.8309859154929577,0.5709613895416261
rf,2338,O=C(Nc1ccc(OC(F)(F)Cl)cc1)c1cnc(N2CC[C@@H](O)C2)c(-c2[nH]ncc2F)c1,9.154901504516602,8.957656698120966,0.2871733792275388,0.8939393939393939,0.19724480639563602
rf,2355,O=C(Nc1ccc(OC(F)(F)Cl)cc1)c1cnc(N2C[C@H](O)[C@@H](F)C2)c(-c2ccn[nH]2)c1,8.911953926086426,9.03410089996126,0.2563060154932434,0.8507462686567164,0.12214697387483398
rf,2435,O=C(Nc1ccc(OC(F)(F)F)cc1)c1cnc(N2CCCC2)c(-c2cc(CO)n[nH]2)c1,8.481486320495605,8.36662451060613,0.32653942182172196,0.6712328767123288,0.11486180988947581
rf,2437,O=C(Nc1ccc(OC(F)(F)F)cc1)c1cnc(N2CCCC2)c(-c2ccn[nH]2)c1,8.809894561767578,8.324757144769032,0.14903429122039988,0.7846153846153846,0.48513741699854585
rf,2469,O=C(Nc1ccc(OC(F)(F)F)cc1)c1cnc(N2CC[C@@H](O)C2)c(-c2ccn[nH]2)c1,8.95860767364502,8.368616530100505,0.17600446766674363,0.8088235294117647,0.5899911435445144
rf,2494,O=C(Nc1ccc(OC(F)(F)F)cc1)c1cnc(N2C[C@H](O)[C@@H](F)C2)c(-c2ccn[nH]2)c1,8.431797981262207,8.468209602492196,0.16121277990277405,0.7941176470588235,0.03641162122998942
rf,180,CC(C)n1c(C(F)F)nc2cc(C(=O)Nc3ccc(OC(F)(F)Cl)cc3)cc(-c3ccn[nH]3)c21,9.267605781555176,9.241408557891846,0.11217361818271093,0.7567567567567568,0.02619722366332944
rf,186,CC(C)n1c([C@@H](C)O)nc2cc(C(=O)Nc3ccc(OC(F)(F)Cl)cc3)cc(-c3ccn[nH]3)c21,8.946921348571777,9.271909658432007,0.1147817346668851,0.72,0.3249883098602293
rf,188,CC(C)n1c([C@H](C)O)nc2cc(C(=O)Nc3ccc(OC(F)(F)Cl)cc3)cc(-c3ccn[nH]3)c21,9.318758964538574,9.271909658432007,0.1147817346668851,0.72,0.04684930610656757
rf,194,CC(C)n1cnc2cc(C(=O)Nc3ccc(OC(F)(F)Cl)cc3)cc(-c3ccn[nH]3)c21,9.28399658203125,9.240034851498075,0.1118793230716486,0.7941176470588235,0.04396173053317476
rf,195,CC(C)n1cnc2cc(C(=O)Nc3ccc(OC(F)(F)Cl)cc3)cc(-c3ccnn3C)c21,8.603800773620605,9.228882915761735,0.13305192313919287,0.7285714285714285,0.6250821421411299
rf,542,CCn1c(CO)nc2cc(C(=O)Nc3ccc(OC(F)(F)Cl)cc3)cc(-c3ccn[nH]3)c21,9.060481071472168,9.207016552501255,0.3377059334063324,0.6623376623376623,0.14653548102908687
rf,544,CCn1c(OC)nc2cc(C(=O)Nc3ccc(OC(F)(F)Cl)cc3)cc(-c3ccn[nH]3)c21,9.356547355651855,9.205429819107056,0.11867629401295354,0.7162162162162162,0.15111753654479898
rf,546,CCn1c([C@@H](C)O)nc2cc(C(=O)Nc3ccc(OC(F)(F)Cl)cc3)cc(-c3ccn[nH]3)c21,9.318758964538574,9.286956722153558,0.10871292668561015,0.7236842105263158,0.031802242385015944
rf,548,CCn1c([C@H](C)O)nc2cc(C(=O)Nc3ccc(OC(F)(F)Cl)cc3)cc(-c3ccn[nH]3)c21,9.481486320495605,9.286956722153558,0.10871292668561015,0.7236842105263158,0.1945295983420472
rf,561,CCn1cnc2cc(C(=O)Nc3ccc(OC(F)(F)Cl)cc3)cc(-c3ccn[nH]3)c21,9.30980396270752,9.243469529893664,0.13789767122106647,0.7428571428571429,0.06633443281385532
rf,1012,COc1nc2cc(C(=O)Nc3ccc(OC(F)(F)Cl)cc3)cc(-c3ccn[nH]3)c2n1C(C)C,9.443697929382324,9.190816233952841,0.13741464915253634,0.6582278481012658,0.25288169542948324
rf,1013,COc1nc2cc(C(=O)Nc3ccc(OC(F)(F)Cl)cc3)cc(-c3ccn[nH]3)c2n1[C@H](C)CO,9.585026741027832,9.137001887957256,0.15229958927325946,0.7341772151898734,0.44802485307057616
rf,1061,C[C@@H](C(F)F)n1cnc2cc(C(=O)Nc3ccc(OC(F)(F)Cl)cc3)cc(-c3ccn[nH]3)c21,9.06550121307373,9.243035376866658,0.11835556616188343,0.7397260273972602,0.1775341637929273
rf,1065,C[C@@H](CF)n1c(C(F)F)nc2cc(C(=O)Nc3ccc(OC(F)(F)Cl)cc3)cc(-c3ccn[nH]3)c21,9.28399658203125,9.164765508333842,0.14876517309753493,0.717948717948718,0.11923107369740826
rf,1067,C[C@@H](CF)n1cnc2cc(C(=O)Nc3ccc(OC(F)(F)Cl)cc3)cc(-c3ccn[nH]3)c21,9.251811981201172,9.218619290457832,0.13481975533481316,0.6933333333333334,0.033192690743339526
rf,1071,C[C@@H](CO)n1cnc2cc(C(=O)Nc3ccc(OC(F)(F)Cl)cc3)cc(-c3ccn[nH]3)c21,9.481486320495605,9.231652231216431,0.1262333925089609,0.7236842105263158,0.24983408927917417
rf,1137,C[C@H](C(F)F)n1cnc2cc(C(=O)Nc3ccc(OC(F)(F)Cl)cc3)cc(-c3ccn[nH]3)c21,9.537602424621582,9.243035376866658,0.11835556616188343,0.7397260273972602,0.29456704775492426
rf,1143,C[C@H](CF)n1c(C(F)F)nc2cc(C(=O)Nc3ccc(OC(F)(F)Cl)cc3)cc(-c3ccn[nH]3)c21,9.244125366210938,9.164765508333842,0.14876517309753493,0.717948717948718,0.07935985787709576
rf,1145,C[C@H](CF)n1cnc2cc(C(=O)Nc3ccc(OC(F)(F)Cl)cc3)cc(-c3ccn[nH]3)c21,9.443697929382324,9.218619290457832,0.13481975533481316,0.6933333333333334,0.22507863892449187
rf,1151,C[C@H](CO)n1cnc2cc(C(=O)Nc3ccc(OC(F)(F)Cl)cc3)cc(-c3ccn[nH]3)c21,9.494850158691406,9.231652231216431,0.1262333925089609,0.7236842105263158,0.26319792747497495
rf,365,CCN(CCO)c1ncc(C(=O)Nc2ccc(OC(F)(F)Cl)cc2)cc1-c1ccn[nH]1,8.943028450012207,9.031820921368068,0.30829490432269074,0.631578947368421,0.08879247135586077
rf,369,CCN(CCO)c1ncc(C(=O)Nc2ccc(OC(F)(F)F)cc2)cc1-c1ccn[nH]1,8.895242691040039,8.334418164889017,0.32234481182294544,0.6216216216216216,0.5608245261510216
rf,373,CCN(CCO)c1ncc(C(=O)Nc2ccc(SC(F)(F)F)cc2)cc1-c1ccn[nH]1,8.673394203186035,8.034002389378017,1.0759652057862723,0.48148148148148145,0.6393918138080181
rf,614,CN(CCO)c1ncc(C(=O)Nc2ccc(OC(F)(F)Cl)cc2)cc1-c1ccn[nH]1,8.51857852935791,9.020837178336247,0.30897469149282086,0.6447368421052632,0.5022586489783372
rf,619,CN(CCO)c1ncc(C(=O)Nc2ccc(OC(F)(F)F)cc2)cc1-c1ccn[nH]1,8.158026695251465,8.330090074539184,0.306765843588062,0.6351351351351351,0.1720633792877191
rf,623,CN(CCO)c1ncc(C(=O)Nc2ccc(SC(F)(F)F)cc2)cc1-c1ccn[nH]1,8.479303359985352,7.674274946848551,1.1658984606407934,0.48148148148148145,0.8050284131368004
rf,816,COCCOc1ncc(C(=O)Nc2ccc(OC(F)(F)F)cc2)cc1-c1ccn[nH]1,7.345184803009033,8.293848358790079,0.301194055593247,0.6428571428571429,0.9486635557810459
rf,2359,O=C(Nc1ccc(OC(F)(F)Cl)cc1)c1cnc(NCC(O)CCO)c(-c2ccn[nH]2)c1,8.244125366210938,8.933492017851934,0.3786755098608104,0.6363636363636364,0.6893666516409969
rf,2360,O=C(Nc1ccc(OC(F)(F)Cl)cc1)c1cnc(NCCC(O)C(=O)O)c(-c2ccn[nH]2)c1,8.275724411010742,8.814265490637885,0.6373720483108807,0.6153846153846154,0.5385410796271426
rf,2361,O=C(Nc1ccc(OC(F)(F)Cl)cc1)c1cnc(NCCC(O)CO)c(-c2ccn[nH]2)c1,8.180456161499023,8.851129408942327,0.5979747127460603,0.6363636363636364,0.6706732474433039
rf,2362,O=C(Nc1ccc(OC(F)(F)Cl)cc1)c1cnc(NCC[C@@H](O)CO)c(-c2ccn[nH]2)c1,7.886056423187256,8.851129408942327,0.5979747127460603,0.6363636363636364,0.9650729857550715
rf,2363,O=C(Nc1ccc(OC(F)(F)Cl)cc1)c1cnc(NCC[C@H](O)CO)c(-c2ccn[nH]2)c1,8.107905387878418,8.851129408942327,0.5979747127460603,0.6363636363636364,0.7432240210639094
rf,2364,O=C(Nc1ccc(OC(F)(F)Cl)cc1)c1cnc(NC[C@@H](O)CCO)c(-c2ccn[nH]2)c1,8.244125366210938,8.933492017851934,0.3786755098608104,0.6363636363636364,0.6893666516409969
rf,2365,O=C(Nc1ccc(OC(F)(F)Cl)cc1)c1cnc(NC[C@H](O)CCO)c(-c2ccn[nH]2)c1,8.29242992401123,8.933492017851934,0.3786755098608104,0.6363636363636364,0.6410620938407039
rf,2411,O=C(Nc1ccc(OC(F)(F)F)cc1)c1cnc(Cl)c(-c2ccn[nH]2)c1,7.259637355804443,8.222668016751607,0.23846537360403258,0.6949152542372882,0.9630306609471635
rf,2503,O=C(Nc1ccc(OC(F)(F)F)cc1)c1cnc(OCCO)c(-c2ccn[nH]2)c1,6.276708126068115,8.21523661295573,0.3092360438008345,0.6764705882352942,1.9385284868876145
rf,2582,O=C(O)CCNc1ncc(C(=O)Nc2ccc(OC(F)(F)Cl)cc2)cc1-c1ccn[nH]1,7.638272285461426,8.950647790696884,0.5234848906072579,0.6266666666666667,1.3123755052354582
rf,2583,O=C(O)CCNc1ncc(C(=O)Nc2ccc(OC(F)(F)F)cc2)cc1-c1ccn[nH]1,7.327902317047119,8.226219239234924,0.4270996841640669,0.6164383561643836,0.8983169221878047
gin,144,CC(C)(O)C1CCN(c2ncc(C(=O)Nc3ccc(OC(F)(F)F)cc3)cc2-c2cccnc2)C1,8.221848487854004,7.910903477245758,0.14887729674091402,0.8805970149253731,0.3109450106082461
gin,301,CC(F)(F)Oc1ccc(NC(=O)c2cnc(N3CC[C@@H](O)C3)c(-c3cncc(C#N)c3)c2)cc1,8.345185279846191,8.619918666828625,0.1538289299500214,0.684931506849315,0.2747333869824331
gin,302,CC(F)(F)Oc1ccc(NC(=O)c2cnc(N3CC[C@@H](O)C3)c(-c3cncc(F)c3)c2)cc1,8.426936149597168,8.565466034745361,0.16425340824483325,0.7647058823529411,0.1385298851481931
gin,517,CCc1ccc(-c2cc(C(=O)Nc3ccc(OC(F)(F)F)cc3)cnc2N2CC[C@H](CO)C2)cn1,7.958607196807861,8.411906222206644,0.02022482514677374,0.7945205479452054,0.453299025398783
gin,602,CN(C)[C@H]1CN(c2ncc(C(=O)Nc3ccc(OC(F)(F)F)cc3)cc2-c2cncc(F)c2)C[C@@H]1O,8.688375473022461,8.358010959497788,0.09897095178075849,0.8260869565217391,0.3303645135246729
gin,747,CN[C@@H]1CCN(c2ncc(C(=O)Nc3ccc(OC(F)(F)F)cc3)cc2-c2ccc(C)nc2)C1,8.522878646850586,8.450916371236886,0.023539217700901956,0.7971014492753623,0.07196227561369994
gin,748,CN[C@@H]1CCN(c2ncc(C(=O)Nc3ccc(OC(F)(F)F)cc3)cc2-c2cccnc2)C1,8.522878646850586,8.349481708349716,0.0685999823307022,0.7746478873239436,0.17339693850087023
gin,751,CN[C@H]1CCN(c2ncc(C(=O)Nc3ccc(OC(F)(F)F)cc3)cc2-c2ccc(C)nc2)C1,8.522878646850586,8.365057390603027,0.0771245394192403,0.7971014492753623,0.1578212562475585
gin,752,CN[C@H]1CCN(c2ncc(C(=O)Nc3ccc(OC(F)(F)F)cc3)cc2-c2cccnc2)C1,8.522878646850586,8.28472096105434,0.1692484661358517,0.7746478873239436,0.23815768579624574
gin,832,CO[C@H]1CN(c2ncc(C(=O)Nc3ccc(OC(F)(F)Cl)cc3)cc2-c2cncc(F)c2)C[C@@H]1N,9.048455238342285,8.934656931049295,0.06245264004351771,0.7123287671232876,0.11379830729299023
gin,834,CO[C@H]1CN(c2ncc(C(=O)Nc3ccc(OC(F)(F)F)cc3)cc2-c2cncc(F)c2)C[C@@H]1N,8.734260559082031,8.550196859673482,0.10757262749183619,0.8088235294117647,0.18406369940854894
gin,900,COc1ccc(-c2cc(C(=O)Nc3ccc(OC(F)(F)F)cc3)cnc2N2CC[C@@H](CN)C2)cn1,8.522878646850586,8.216414153639858,0.07674312764559285,0.6923076923076923,0.30646449321072744
gin,901,COc1ccc(-c2cc(C(=O)Nc3ccc(OC(F)(F)F)cc3)cnc2N2CC[C@@H](O)C2)cn1,8.397939682006836,8.332375360875465,0.050939409755147665,0.7761194029850746,0.06556432113137056
gin,1007,COc1cncc(-c2cc(C(=O)Nc3ccc(OC(F)(F)F)cc3)cnc2N2CC[C@@H](O)C2)c1,8.522878646850586,8.628746022923403,0.08329385794821613,0.7910447761194029,0.10586737607281727
gin,1019,COc1ncc(-c2cc(C(=O)Nc3ccc(OC(F)(F)Cl)cc3)cnc2N2CC[C@@H](O)C2)cc1C#N,9.522878646850586,9.080621377049633,0.24761568398313993,0.7532467532467533,0.4422572698009528
gin,1286,Cc1ccc(-c2cc(C(=O)Nc3ccc(OC(F)(F)C(F)F)cc3)cnc2N2CC[C@@H](O)C2)cn1,7.975390911102295,7.707697649897348,0.13505605732948522,0.8088235294117647,0.26769326120494696
gin,1295,Cc1ccc(-c2cc(C(=O)Nc3ccc(OC(F)(F)F)cc3)cnc2N2CCC(C(C)(C)O)C2)cn1,7.79587984085083,8.001768223969426,0.10271760997106684,0.8923076923076924,0.20588838311859625
gin,1296,Cc1ccc(-c2cc(C(=O)Nc3ccc(OC(F)(F)F)cc3)cnc2N2CCC(O)C2)cn1,8.522878646850586,8.459213086575645,0.04386952752192766,0.9206349206349206,0.06366556027494141
gin,1301,Cc1ccc(-c2cc(C(=O)Nc3ccc(OC(F)(F)F)cc3)cnc2N2CC[C@@H](CN)C2)cn1,8.301030158996582,8.316452999246776,0.04278356025094778,0.8088235294117647,0.015422840250193914
gin,1302,Cc1ccc(-c2cc(C(=O)Nc3ccc(OC(F)(F)F)cc3)cnc2N2CC[C@@H](CO)C2)cn1,8.784317970275879,8.363741505525567,0.06410171067101153,0.90625,0.42057646475031163
gin,1303,Cc1ccc(-c2cc(C(=O)Nc3ccc(OC(F)(F)F)cc3)cnc2N2CC[C@@H](N)C2)cn1,8.522878646850586,8.483105110519768,0.006717839940591418,0.8088235294117647,0.03977353633081826
gin,1304,Cc1ccc(-c2cc(C(=O)Nc3ccc(OC(F)(F)F)cc3)cnc2N2CC[C@@H](O)C2)cn1,8.809894561767578,8.429582368021386,0.03174021281093504,0.9206349206349206,0.3803121937461924
gin,1305,Cc1ccc(-c2cc(C(=O)Nc3ccc(OC(F)(F)F)cc3)cnc2N2CC[C@H](CN)C2)cn1,8.522878646850586,8.408186790693302,0.0032202092183695376,0.8088235294117647,0.11469185615728428
gin,1306,Cc1ccc(-c2cc(C(=O)Nc3ccc(OC(F)(F)F)cc3)cnc2N2CC[C@H](CO)C2)cn1,8.872364044189453,8.467449813129127,0.008882481901961252,0.90625,0.4049142310603262
gin,1307,Cc1ccc(-c2cc(C(=O)Nc3ccc(OC(F)(F)F)cc3)cnc2N2CC[C@H](N)C2)cn1,8.154901504516602,8.547112890757665,0.018958292667613386,0.8088235294117647,0.39221138624106366
gin,1308,Cc1ccc(-c2cc(C(=O)Nc3ccc(OC(F)(F)F)cc3)cnc2N2CC[C@H](O)C2)cn1,8.809894561767578,8.518507942383783,0.005940040943334235,0.9206349206349206,0.29138661938379506
gin,1710,Cc1ccncc1-c1cc(C(=O)Nc2ccc(OC(F)(F)Cl)cc2)cnc1N1CC[C@@H](O)C1,9.698969841003418,8.852985624202015,0.07025320565676453,0.8028169014084507,0.8459842168014031
gin,1777,Cc1cncc(-c2cc(C(=O)Nc3ccc(OC(F)(F)F)cc3)cnc2N2CC[C@@H](O)C2)c1,8.522878646850586,8.52724372997334,0.051655124804822164,0.803030303030303,0.004365083122754854
gin,1834,Cc1ncc(-c2cc(C(=O)Nc3ccc(OC(F)(F)F)cc3)cnc2N2CC[C@@H](O)C2)cc1F,8.872364044189453,8.496470687975133,0.07652966572885203,0.7910447761194029,0.37589335621431985
gin,1837,Cc1ncc(-c2cc(C(=O)Nc3ccc(OC(F)(F)F)cc3)cnc2N2CC[C@H](CO)C2)cc1F,8.688375473022461,8.518275533400654,0.05291687629649002,0.8955223880597015,0.17009993962180658
gin,1841,Cc1ncccc1-c1cc(C(=O)Nc2ccc(OC(F)(F)Cl)cc2)cnc1N1CC[C@@H](O)C1,8.960409164428711,8.89424719165981,0.06081353208792159,0.7777777777777778,0.06616197276890112
gin,1842,Cc1ncccc1-c1cc(C(=O)Nc2ccc(OC(F)(F)F)cc2)cnc1N1CC[C@@H](O)C1,8.301030158996582,8.490301481881653,0.1097632182645997,0.7681159420289855,0.1892713228850713
gin,2000,N#Cc1ccc(-c2cc(C(=O)Nc3ccc(OC(F)(F)F)cc3)cnc2N2CC[C@H](CO)C2)cn1,8.301030158996582,8.300434408250583,0.02892009519298874,0.8055555555555556,0.0005957507459992684
gin,2008,N#Cc1ccncc1-c1cc(C(=O)Nc2ccc(OC(F)(F)Cl)cc2)cnc1N1CC[C@@H](O)C1,9.698969841003418,9.01263093755243,0.09815935007397374,0.8082191780821918,0.6863389034509879
gin,2009,N#Cc1ccncc1-c1cc(C(=O)Nc2ccc(OC(F)(F)Cl)cc2)cnc1N1C[C@H](O)[C@@H](O)C1,8.897939682006836,9.18691307061872,0.15536962016712405,0.726027397260274,0.2889733886118844
gin,2010,N#Cc1ccncc1-c1cc(C(=O)Nc2ccc(OC(F)(F)F)cc2)cnc1N1CC[C@@H](O)C1,8.776420593261719,8.617829776156531,0.14612200455504346,0.7681159420289855,0.1585908171051873
gin,2014,N#Cc1cncc(-c2cc(C(=O)Nc3ccc(C(F)(F)C(F)(F)F)cc3)cnc2N2CC[C@@H](O)C2)c1,8.747425079345703,8.31832463666479,0.04937030380107896,0.6,0.4291004426809124
gin,2015,N#Cc1cncc(-c2cc(C(=O)Nc3ccc(OC(F)(F)Cl)cc3)cnc2N2CC[C@@H](O)C2)c1,9.2044677734375,8.93007717411328,0.11319994503902941,0.7702702702702703,0.27439059932422083
gin,2016,N#Cc1cncc(-c2cc(C(=O)Nc3ccc(OC(F)(F)Cl)cc3)cnc2N2CC[C@H](CO)C2)c1,8.590228080749512,8.954960915407236,0.11627280085626264,0.7297297297297297,0.3647328346577243
gin,2017,N#Cc1cncc(-c2cc(C(=O)Nc3ccc(OC(F)(F)Cl)cc3)cnc2N2C[C@@H](O)[C@@H](O)C2)c1,9.301030158996582,8.990056701078535,0.11617682579891331,0.7361111111111112,0.3109734579180472
gin,2018,N#Cc1cncc(-c2cc(C(=O)Nc3ccc(OC(F)(F)Cl)cc3)cnc2N2C[C@H](O)[C@@H](O)C2)c1,9.943028450012207,9.109010467257468,0.115998408992908,0.7361111111111112,0.8340179827547392
gin,2019,N#Cc1cncc(-c2cc(C(=O)Nc3ccc(OC(F)(F)F)c(F)c3)cnc2N2CC[C@@H](O)C2)c1,8.659379005432129,7.758475303044944,0.1445821106855586,0.6447368421052632,0.9009037023871853
gin,2020,N#Cc1cncc(-c2cc(C(=O)Nc3ccc(OC(F)(F)F)c(F)c3)cnc2N2CC[C@H](CO)C2)c1,9.022878646850586,7.800274296459631,0.12877280395211146,0.6144578313253012,1.222604350390955
gin,2021,N#Cc1cncc(-c2cc(C(=O)Nc3ccc(OC(F)(F)F)cc3)cnc2N2CC[C@@H](O)C2)c1,8.673394203186035,8.533695441392831,0.1163315315489459,0.7794117647058824,0.13969876179320373
gin,2022,N#Cc1cncc(-c2cc(C(=O)Nc3ccc(OC(F)(F)F)cc3)cnc2N2CC[C@H](CO)C2)c1,8.838890075683594,8.56936308633012,0.10832919562395092,0.7466666666666667,0.26952698935347463
gin,2023,N#Cc1cncc(-c2cc(C(=O)Nc3ccc(SC(F)(F)F)c(F)c3)cnc2N2CC[C@@H](O)C2)c1,8.740742683410645,7.758975537223226,0.26590301655274123,0.6282051282051282,0.9817671461874182
gin,2024,N#Cc1cncc(-c2cc(C(=O)Nc3ccc(SC(F)(F)F)cc3)cnc2N2CC[C@@H](O)C2)c1,9.048455238342285,8.419829307605815,0.1543825825338624,0.6712328767123288,0.6286259307364706
gin,2025,N#Cc1cncc(-c2cc(C(=O)Nc3ccc(SC(F)(F)F)cc3)cnc2N2CC[C@H](CO)C2)c1,8.571333885192871,8.436449593727902,0.11927060132161701,0.5853658536585366,0.13488429146496905
gin,2028,N#Cc1ncc(F)cc1-c1cc(C(=O)Nc2ccc(OC(F)(F)Cl)cc2)cnc1N1CC[C@@H](O)C1,9.301030158996582,9.046720611101952,0.19733438714870283,0.8082191780821918,0.25430954789463023
gin,2053,NCC1CN(c2ncc(C(=O)Nc3ccc(OC(F)(F)Cl)cc3)cc2-c2cncc(F)c2)CC1O,9.053953170776367,8.704647943223895,0.13615520306280907,0.6986301369863014,0.3493052275524722
gin,2054,NCC1CN(c2ncc(C(=O)Nc3ccc(OC(F)(F)F)cc3)cc2-c2cncc(F)c2)CC1O,9.071333885192871,8.286896030118813,0.12710409159270317,0.7941176470588235,0.7844378550740583
gin,2061,NC[C@@H]1CCN(c2ncc(C(=O)Nc3ccc(OC(F)(F)F)cc3)cc2-c2cccnc2)C1,8.522878646850586,8.303135742567711,0.1034691400024028,0.7971014492753623,0.21974290428287446
gin,2063,NC[C@H]1CCN(c2ncc(C(=O)Nc3ccc(OC(F)(F)F)cc3)cc2-c2cccnc2)C1,8.522878646850586,8.227191081843038,0.1463480066023598,0.7971014492753623,0.29568756500754745
gin,2072,N[C@@H]1CCN(c2ncc(C(=O)Nc3ccc(OC(F)(F)F)cc3)cc2-c2cccnc2)C1,8.522878646850586,8.466777317285723,0.1040887980786668,0.7971014492753623,0.05610132956486247
gin,2079,N[C@H]1CCN(c2ncc(C(=O)Nc3ccc(OC(F)(F)F)cc3)cc2-c2cccnc2)C1,8.522878646850586,8.409236911501106,0.08908043846574006,0.7971014492753623,0.1136417353494803
gin,2084,N[C@H]1CN(c2ncc(C(=O)Nc3ccc(OC(F)(F)Cl)cc3)cc2-c2cncc(F)c2)C[C@@H]1O,8.387345314025879,9.052926787028218,0.07012845691918712,0.7887323943661971,0.665581473002339
gin,2123,Nc1ncc(-c2cc(C(=O)Nc3ccc(OC(F)(F)Cl)cc3)cnc2N2CC[C@@H](O)C2)cc1F,9.22796630859375,8.85883294543919,0.03326459954498079,0.7857142857142857,0.36913336315456036
gin,2125,Nc1ncc(-c2cc(C(=O)Nc3ccc(OC(F)(F)F)cc3)cnc2N2CC[C@@H](O)C2)cc1F,8.827803611755371,8.46694396689218,0.05980349560677424,0.7910447761194029,0.3608596448631918
gin,2246,O=C(Nc1ccc(C(F)(F)C(F)(F)F)cc1)c1cnc(N2CC[C@@H](O)C2)c(-c2cncc(F)c2)c1,8.911953926086426,8.256165252946596,0.0678991754577691,0.6714285714285714,0.6557886731398295
gin,2249,O=C(Nc1ccc(OC(F)(F)C(F)(F)F)cc1)c1cnc(N2CC[C@@H](O)C2)c(-c2cncc(F)c2)c1,8.443028450012207,8.772528804897675,0.03234769616691755,0.7647058823529411,0.329500354885468
gin,2251,O=C(Nc1ccc(OC(F)(F)C(F)F)cc1)c1cnc(N2CC[C@@H](O)C2)c(-c2cncc(F)c2)c1,7.958607196807861,7.794726063072095,0.21800382657002731,0.7647058823529411,0.1638811337357664
gin,2339,O=C(Nc1ccc(OC(F)(F)Cl)cc1)c1cnc(N2CC[C@@H](O)C2)c(-c2cc(F)cnc2Cl)c1,9.0,8.797046525823115,0.09793148925765946,0.7887323943661971,0.20295347417688525
gin,2340,O=C(Nc1ccc(OC(F)(F)Cl)cc1)c1cnc(N2CC[C@@H](O)C2)c(-c2cc(F)cnc2F)c1,8.67827320098877,8.783858124547521,0.17842546501470527,0.8,0.1055849235587516
gin,2344,O=C(Nc1ccc(OC(F)(F)Cl)cc1)c1cnc(N2CC[C@@H](O)C2)c(-c2cccnc2F)c1,9.022878646850586,8.790535079270716,0.12341044135452332,0.7464788732394366,0.23234356757986951
gin,2345,O=C(Nc1ccc(OC(F)(F)Cl)cc1)c1cnc(N2CC[C@@H](O)C2)c(-c2cncc(F)c2)c1,8.849485397338867,8.886437171804138,0.06736481449116132,0.8088235294117647,0.03695177446527076
gin,2346,O=C(Nc1ccc(OC(F)(F)Cl)cc1)c1cnc(N2CC[C@@H](O)C2)c(-c2cnccc2F)c1,9.11092472076416,8.73938519127156,0.07957487834651479,0.7777777777777778,0.3715395294925994
gin,2349,O=C(Nc1ccc(OC(F)(F)Cl)cc1)c1cnc(N2CC[C@H](CO)C2)c(-c2cncc(F)c2)c1,9.5,8.910064319261897,0.05412416573099615,0.7857142857142857,0.5899356807381029
gin,2352,O=C(Nc1ccc(OC(F)(F)Cl)cc1)c1cnc(N2C[C@@H](O)[C@@H](O)C2)c(-c2cncc(F)c2)c1,9.11092472076416,8.946267170697846,0.14531500447432005,0.746268656716418,0.16465755006631433
gin,2356,O=C(Nc1ccc(OC(F)(F)Cl)cc1)c1cnc(N2C[C@H](O)[C@@H](O)C2)c(-c2cncc(F)c2)c1,9.2044677734375,9.068707959406993,0.11410955692913277,0.746268656716418,0.1357598140305072
gin,2369,O=C(Nc1ccc(OC(F)(F)F)c(F)c1)c1cnc(N2CC[C@@H](O)C2)c(-c2cncc(F)c2)c1,8.721848487854004,7.681568443764884,0.1703328717979166,0.7142857142857143,1.04028004408912
gin,2371,O=C(Nc1ccc(OC(F)(F)F)c(F)c1)c1cnc(N2CC[C@H](CO)C2)c(-c2cncc(F)c2)c1,8.811711311340332,7.684464139209784,0.12801844896997702,0.7361111111111112,1.1272471721305477
gin,2425,O=C(Nc1ccc(OC(F)(F)F)cc1)c1cnc(N2CCC(O)C2)c(-c2ccc(C(F)(F)F)nc2)c1,8.522878646850586,8.232167075486032,0.07657925734698079,0.8,0.29071157136455383
gin,2426,O=C(Nc1ccc(OC(F)(F)F)cc1)c1cnc(N2CCC(O)C2)c(-c2cccnc2)c1,8.522878646850586,8.37481200463936,0.1150083838420852,0.90625,0.14806664221122645
gin,2436,O=C(Nc1ccc(OC(F)(F)F)cc1)c1cnc(N2CCCC2)c(-c2ccc(CO)nc2)c1,8.911953926086426,8.475102822168367,0.06401834450771397,0.8571428571428571,0.4368511039180589
gin,2452,O=C(Nc1ccc(OC(F)(F)F)cc1)c1cnc(N2CC[C@@H](CO)C2)c(-c2cccnc2)c1,8.522878646850586,8.277029270028821,0.16608694609221425,0.8923076923076924,0.24584937682176466
gin,2455,O=C(Nc1ccc(OC(F)(F)F)cc1)c1cnc(N2CC[C@@H](O)C2)c(-c2cc(F)cnc2F)c1,8.378480911254883,8.391793460028408,0.22149769775631686,0.7878787878787878,0.013312548773525279
gin,2457,O=C(Nc1ccc(OC(F)(F)F)cc1)c1cnc(N2CC[C@@H](O)C2)c(-c2ccc(C(F)(F)F)nc2)c1,8.530240058898926,8.213998970901548,0.08302013897165639,0.8,0.31624108799737805
gin,2458,O=C(Nc1ccc(OC(F)(F)F)cc1)c1cnc(N2CC[C@@H](O)C2)c(-c2ccc(CO)nc2)c1,8.809894561767578,8.455486045491233,0.05517940012389859,0.803030303030303,0.3544085162763455
gin,2459,O=C(Nc1ccc(OC(F)(F)F)cc1)c1cnc(N2CC[C@@H](O)C2)c(-c2ccc(F)nc2)c1,8.721848487854004,8.359487184579024,0.06706337673616722,0.84375,0.3623613032749802
gin,2467,O=C(Nc1ccc(OC(F)(F)F)cc1)c1cnc(N2CC[C@@H](O)C2)c(-c2cccnc2)c1,8.872364044189453,8.34959578850269,0.1324453309624913,0.90625,0.5227682556867634
gin,2468,O=C(Nc1ccc(OC(F)(F)F)cc1)c1cnc(N2CC[C@@H](O)C2)c(-c2cccnc2F)c1,8.460409164428711,8.383845072805427,0.17569881545641772,0.7794117647058824,0.07656409162328437
gin,2471,O=C(Nc1ccc(OC(F)(F)F)cc1)c1cnc(N2CC[C@@H](O)C2)c(-c2cnc(Cl)c(F)c2)c1,8.960409164428711,8.319279891486575,0.08035304480555126,0.7910447761194029,0.6411292729421358
gin,2472,O=C(Nc1ccc(OC(F)(F)F)cc1)c1cnc(N2CC[C@@H](O)C2)c(-c2cncc(C(F)(F)F)c2)c1,7.721246242523193,8.380631328996301,0.1293103619453386,0.803030303030303,0.6593850864731081
gin,2473,O=C(Nc1ccc(OC(F)(F)F)cc1)c1cnc(N2CC[C@@H](O)C2)c(-c2cncc(Cl)c2)c1,8.740742683410645,8.477180615549315,0.05197509490635663,0.803030303030303,0.2635620678613293
gin,2474,O=C(Nc1ccc(OC(F)(F)F)cc1)c1cnc(N2CC[C@@H](O)C2)c(-c2cncc(F)c2)c1,8.740742683410645,8.482535914603654,0.10397028444066694,0.873015873015873,0.2582067688069909
gin,2475,O=C(Nc1ccc(OC(F)(F)F)cc1)c1cnc(N2CC[C@@H](O)C2)c(-c2cnccc2F)c1,8.736830711364746,8.331535866653597,0.1317630658547424,0.803030303030303,0.4052948447111486
gin,2483,O=C(Nc1ccc(OC(F)(F)F)cc1)c1cnc(N2CC[C@H](CO)C2)c(-c2ccc(CF)nc2)c1,8.740742683410645,8.43483817193397,0.03326377011681679,0.8055555555555556,0.3059045114766743
gin,2484,O=C(Nc1ccc(OC(F)(F)F)cc1)c1cnc(N2CC[C@H](CO)C2)c(-c2ccc(Cl)nc2)c1,9.141998291015625,8.34700276374714,0.09509625378251364,0.8169014084507042,0.794995527268485
gin,2485,O=C(Nc1ccc(OC(F)(F)F)cc1)c1cnc(N2CC[C@H](CO)C2)c(-c2cccnc2)c1,8.522878646850586,8.375457898690561,0.10798809126110052,0.8923076923076924,0.14742074816002493
gin,2486,O=C(Nc1ccc(OC(F)(F)F)cc1)c1cnc(N2CC[C@H](CO)C2)c(-c2cnc(Cl)c(F)c2)c1,9.022878646850586,8.347442121356854,0.041481586647006484,0.7702702702702703,0.6754365254937316
gin,2487,O=C(Nc1ccc(OC(F)(F)F)cc1)c1cnc(N2CC[C@H](CO)C2)c(-c2cncc(F)c2)c1,8.711254119873047,8.51223898749618,0.07286228025540806,0.8923076923076924,0.19901513237686608
gin,2490,O=C(Nc1ccc(OC(F)(F)F)cc1)c1cnc(N2C[C@@H](O)[C@@H](O)C2)c(-c2cncc(F)c2)c1,8.721848487854004,8.552843848970545,0.1924713573394195,0.8548387096774194,0.16900463888345918
gin,2492,O=C(Nc1ccc(OC(F)(F)F)cc1)c1cnc(N2C[C@H](CO)[C@@H](O)C2)c(-c2cncc(F)c2)c1,8.688375473022461,8.52410941106227,0.1090397689064584,0.8484848484848485,0.16426606196019122
gin,2495,O=C(Nc1ccc(OC(F)(F)F)cc1)c1cnc(N2C[C@H](O)[C@@H](O)C2)c(-c2cccnc2)c1,8.960409164428711,8.57470272235067,0.16407950106288335,0.8412698412698413,0.3857064420780407
gin,2513,O=C(Nc1ccc(S(F)(F)(F)(F)F)cc1)c1cnc(N2CC[C@@H](O)C2)c(-c2cncc(F)c2)c1,8.734260559082031,7.175757250477389,0.14928659493577673,0.6428571428571429,1.5585033086046423
gin,2515,O=C(Nc1ccc(SC(F)(F)Cl)cc1)c1cnc(N2CC[C@@H](O)C2)c(-c2cncc(F)c2)c1,8.784317970275879,8.834570652449367,0.13117278771959673,0.6619718309859155,0.050252682173487884
gin,2517,O=C(Nc1ccc(SC(F)(F)F)c(F)c1)c1cnc(N2CC[C@@H](O)C2)c(-c2cncc(F)c2)c1,8.761439323425293,7.625987201318872,0.3822929015989695,0.6621621621621622,1.1354521221064209
gin,2521,O=C(Nc1ccc(SC(F)(F)F)cc1)c1cnc(N2CC[C@@H](O)C2)c(-c2cncc(F)c2)c1,8.747425079345703,8.35726648979467,0.22769913842021275,0.7,0.39015858955103333
gin,2523,O=C(Nc1ccc(SC(F)(F)F)cc1)c1cnc(N2CC[C@H](CO)C2)c(-c2cncc(F)c2)c1,8.76508903503418,8.331823159668076,0.2053271462331336,0.6944444444444444,0.4332658753661036
gin,2529,O=C(Nc1ccc([S+]([O-])C(F)(F)F)cc1)c1cnc(N2CC[C@@H](O)C2)c(-c2cncc(F)c2)c1,7.823908805847168,7.315707820753737,0.3451310909502398,0.6438356164383562,0.5082009850934313
gin,47,C=CCn1nc(-c2ccc(OCC)c(OC)c2)c2c(N)ncnc21,4.835647106170654,5.250912371931716,0.06154186445836713,0.6290322580645161,0.4152652657610618
gin,105,CC(=O)c1ccc(-c2nn(C(C)C)c3ncnc(N)c23)cc1,5.698969841003418,5.330970100939926,0.03737957878371662,0.64,0.36799974006349156
gin,108,CC(=O)c1cccc(-c2nn(C(C)C)c3ncnc(N)c23)c1,4.79587984085083,5.568646238924141,0.16648981579012617,0.6612903225806451,0.772766398073311
gin,136,CC(C)(C)n1nc(-c2ccc(Cl)cc2)c2c(N)ncnc21,6.764471530914307,4.750218353610492,0.28694431180455265,0.6595744680851063,2.0142531773038144
gin,139,CC(C)(C)n1nc(-c2ccccc2)c2c(N)ncnc21,6.196542739868164,4.797221215615205,0.19965098334168052,0.7272727272727273,1.3993215242529589
gin,175,CC(C)c1cccc(-c2nn(C(C)C)c3ncnc(N)c23)c1,6.698969841003418,5.580322079416635,0.18989891729028968,0.7083333333333334,1.1186477615867831
gin,211,CC(C)n1nc(-c2cc(F)c(C=O)c(F)c2)c2c(N)ncnc21,5.886056423187256,5.9003230278703995,0.2736177864057729,0.625,0.014266604683143669
gin,212,CC(C)n1nc(-c2cc(F)c(O)cc2F)c2c(N)ncnc21,5.721246242523193,6.384629184905936,0.36364750089838,0.54,0.6633829423827429
gin,214,CC(C)n1nc(-c2cc(O)cc(Br)c2)c2c(N)ncnc21,7.585026741027832,6.2531858297281,0.30891019351240495,0.6041666666666666,1.3318409112997323
gin,215,CC(C)n1nc(-c2cc(O)cc(F)c2)c2c(N)ncnc21,7.28399658203125,6.324753322493251,0.4744725442885103,0.6111111111111112,0.9592432595379989
gin,221,CC(C)n1nc(-c2ccc(Br)c(O)c2)c2c(N)ncnc21,8.338890075683594,6.659960960343111,0.2912345225950904,0.6470588235294118,1.678929115340483
gin,222,CC(C)n1nc(-c2ccc(C#N)c(F)c2)c2c(N)ncnc21,5.301030158996582,5.576010623273966,0.05420492790193009,0.6481481481481481,0.2749804642773839
gin,223,CC(C)n1nc(-c2ccc(C#N)c(O)c2)c2c(N)ncnc21,5.958607196807861,6.1885550554919435,0.1990889876234622,0.6481481481481481,0.22994785868408218
gin,225,CC(C)n1nc(-c2ccc(C(N)=O)c(Cl)c2)c2c(N)ncnc21,4.301030158996582,5.596358933383397,0.060820256765021175,0.603448275862069,1.2953287743868147
gin,226,CC(C)n1nc(-c2ccc(C=O)c(F)c2)c2c(N)ncnc21,6.162411689758301,5.681274580856815,0.0376272481616767,0.6730769230769231,0.48113710890148553
gin,227,CC(C)n1nc(-c2ccc(CC#N)cc2)c2c(N)ncnc21,5.102373123168945,5.264757827962749,0.09958588516227584,0.6538461538461539,0.16238470479380407
gin,228,CC(C)n1nc(-c2ccc(Cl)c(Cl)c2)c2c(N)ncnc21,7.15490198135376,5.85358669109245,0.12389790296344524,0.6875,1.3013152902613099
gin,229,CC(C)n1nc(-c2ccc(Cl)c(O)c2)c2c(N)ncnc21,8.259636878967285,6.845168479588195,0.33553666358101825,0.6481481481481481,1.41446839937909
gin,230,CC(C)n1nc(-c2ccc(F)c(C#N)c2)c2c(N)ncnc21,5.4685211181640625,6.062695714538951,0.1604606283210789,0.6481481481481481,0.5941745963748888
gin,231,CC(C)n1nc(-c2ccc(F)c(O)c2)c2c(N)ncnc21,7.853871822357178,6.704919637905772,0.38421982105244706,0.6470588235294118,1.1489521844514057
gin,232,CC(C)n1nc(-c2ccc(N)c(O)c2)c2c(N)ncnc21,6.681936740875244,6.81718504293154,0.394491382944435,0.673469387755102,0.13524830205629623
gin,233,CC(C)n1nc(-c2ccc(NS(C)(=O)=O)cc2)c2c(N)ncnc21,4.958607196807861,5.524346930694786,0.2554207818755277,0.58,0.5657397338869243
gin,234,CC(C)n1nc(-c2ccc(O)c(F)c2)c2c(N)ncnc21,6.177832126617432,6.546593998565079,0.36882860306609855,0.6470588235294118,0.36876187194764753
gin,235,CC(C)n1nc(-c2ccc(O)cc2)c2c(N)ncnc21,5.7695512771606445,6.02782607580792,0.2225343088406105,0.6744186046511628,0.25827479864727554
gin,236,CC(C)n1nc(-c2ccc(S(N)(=O)=O)cc2)c2c(N)ncnc21,4.236571788787842,5.185017196122378,0.1919106120028034,0.6170212765957447,0.9484454073345363
gin,270,CC(C)n1nc(-c2cccc(C#N)c2)c2c(N)ncnc21,4.7695512771606445,5.570749936553277,0.054068055900303925,0.6415094339622641,0.8011986593926324
gin,272,CC(C)n1nc(-c2cccc(CC#N)c2)c2c(N)ncnc21,4.301030158996582,5.3227384157272795,0.06511034209542957,0.6,1.0217082567306974
gin,273,CC(C)n1nc(-c2cccc(CO)c2)c2c(N)ncnc21,5.744727611541748,5.560246350484277,0.07957419978389856,0.6346153846153846,0.18448126105747065
gin,274,CC(C)n1nc(-c2cccc(NS(C)(=O)=O)c2)c2c(N)ncnc21,4.886056423187256,5.497898883534444,0.21030219847325538,0.5892857142857143,0.6118424603471881
gin,275,CC(C)n1nc(-c2cccc(O)c2)c2c(N)ncnc21,7.15490198135376,6.313827924424501,0.334139779887515,0.673469387755102,0.8410740569292585
gin,276,CC(C)n1nc(-c2cccc(O)c2F)c2c(N)ncnc21,7.12493896484375,6.299029076331269,0.35462629836387954,0.6181818181818182,0.8259098885124807
gin,277,CC(C)n1nc(-c2cccc(S(N)(=O)=O)c2)c2c(N)ncnc21,4.958607196807861,5.326287805033729,0.20910134161865565,0.6346153846153846,0.3676806082258679
gin,331,CCC(C)n1nc(-c2ccc(C)c(O)c2)c2c(N)ncnc21,6.79587984085083,6.5147924596235285,0.4153733975072112,0.5333333333333333,0.2810873812273016
gin,459,CCOc1cc(-c2nn(C(C)C)c3ncnc(N)c23)ccc1OC,5.221848964691162,5.820751201681621,0.024837375309610353,0.6909090909090909,0.5989022369904591
gin,460,CCOc1cc(-c2nn(CCO)c3ncnc(N)c23)ccc1OC,4.187086582183838,5.303856755322154,0.04551241495312007,0.5967741935483871,1.116770173138316
gin,462,CCOc1ccc(-c2n[nH]c3ncnc(N)c23)cc1OC,5.211124897003174,5.5965562115134135,0.06613347873443207,0.5714285714285714,0.3854313145102397
gin,463,CCOc1ccc(-c2nn(C(C)C)c3ncnc(N)c23)cc1OC,5.677780628204346,5.781228516333198,0.0669247812470208,0.6909090909090909,0.1034478881288523
gin,562,CCn1nc(-c2ccc(OC)c(O)c2)c2c(N)ncnc21,6.752026557922363,5.596663443052424,0.21592369140791973,0.6491228070175439,1.1553631148699397
gin,818,COCOc1cc(-c2nn(C(C)C)c3ncnc(N)c23)ccc1Br,6.496209144592285,6.072169670155582,0.015325823441063346,0.6140350877192983,0.42403947443670287
gin,847,COc1cc(-c2nn(C(C)C)c3ncnc(N)c23)cc(OC)c1OC,6.0809221267700195,6.1264838793850815,0.21253009377488544,0.6346153846153846,0.04556175261506201
gin,848,COc1cc(-c2nn(C(C)C)c3ncnc(N)c23)ccc1F,6.253365993499756,6.341580283772966,0.34117099099183906,0.6792452830188679,0.0882142902732097
gin,849,COc1cc(-c2nn(C(C)C)c3ncnc(N)c23)ccc1N,6.585026741027832,6.896565344737595,0.19354841968433872,0.7058823529411765,0.3115386037097627
gin,850,COc1cc(-c2nn(C(C)C)c3ncnc(N)c23)ccc1NC(=O)OC(C)(C)C,8.0,5.889489899814205,0.08314706875133032,0.7205882352941176,2.1105101001857953
gin,851,COc1cc(-c2nn(C(C)C)c3ncnc(N)c23)ccc1NC(C)CO,5.06048059463501,5.824510313937444,0.17428626460959656,0.5901639344262295,0.7640297193024344
gin,852,COc1cc(-c2nn(C(C)C)c3ncnc(N)c23)ccc1O,5.823908805847168,6.545623350215149,0.14006599805297848,0.6792452830188679,0.7217145443679813
gin,866,COc1cc(Br)cc(-c2nn(C(C)C)c3ncnc(N)c23)c1,5.823908805847168,5.946192349144442,0.14564016054968582,0.660377358490566,0.1222835432972742
gin,869,COc1cc(F)c(-c2nn(C(C)C)c3ncnc(N)c23)cc1F,5.602059841156006,6.1142698202720425,0.4799321207937953,0.5714285714285714,0.5122099791160366
gin,915,COc1ccc(-c2n[nH]c3ncnc(N)c23)cc1O,6.10568380355835,5.923426074047278,0.30363006352928934,0.5789473684210527,0.1822577295110719
gin,916,COc1ccc(-c2nn(C(C)(C)C)c3ncnc(N)c23)cc1C,5.531209945678711,5.307127095316119,0.14593880934738088,0.6923076923076923,0.224082850362592
gin,917,COc1ccc(-c2nn(C(C)(C)C)c3ncnc(N)c23)cc1OC,5.3565473556518555,5.28390747209576,0.11482878381114034,0.72,0.07263988355609552
gin,918,COc1ccc(-c2nn(C(C)C)c3ncnc(N)c23)cc1,5.443697452545166,5.358131164909625,0.09309480828041267,0.8043478260869565,0.0855662876355412
gin,919,COc1ccc(-c2nn(C(C)C)c3ncnc(N)c23)cc1O,7.045757293701172,6.126698540629015,0.06824973858973489,0.6792452830188679,0.9190587530721572
gin,920,COc1ccc(-c2nn(C(C)C)c3ncnc(N)c23)cc1OC,5.387216091156006,5.819938467784688,0.03857629252055909,0.72,0.43272237662868207
gin,921,COc1ccc(-c2nn(C)c3ncnc(N)c23)cc1O,6.275723934173584,5.487269612716588,0.1225725646906841,0.6851851851851852,0.7884543214569959
gin,928,COc1ccc(-c2nn(C[C@@H](C)CO)c3ncnc(N)c23)cc1OC,5.193819999694824,5.255701043300178,0.21139858591543834,0.5573770491803278,0.061881043605353625
gin,929,COc1ccc(-c2nn(C[C@H](C)CO)c3ncnc(N)c23)cc1OC,4.92081880569458,5.337491122869257,0.16259392359121763,0.5573770491803278,0.4166723171746769
gin,975,COc1cccc(-c2nn(C(C)C)c3ncnc(N)c23)c1,5.7695512771606445,5.688439721270764,0.1336295724505199,0.7755102040816326,0.08111155588988073
gin,976,COc1cccc(-c2nn(C(C)C)c3ncnc(N)c23)c1OC,4.95078182220459,5.606415726657615,0.339326692098882,0.5892857142857143,0.6556339044530253
gin,1069,C[C@@H](CN)n1nc(-c2ccc(Cl)c(O)c2)c2c(N)ncnc21,6.158015251159668,6.753163351446529,0.31480627844862186,0.576271186440678,0.5951481002868606
gin,1070,C[C@@H](CN)n1nc(-c2ccc(F)c(O)c2)c2c(N)ncnc21,6.139063358306885,6.611175013340404,0.32619130880367503,0.576271186440678,0.47211165503351893
gin,1147,C[C@H](CN)n1nc(-c2ccc(Cl)c(O)c2)c2c(N)ncnc21,6.886056423187256,6.8033645399523115,0.4281384068563881,0.576271186440678,0.08269188323494436
gin,1148,C[C@H](CN)n1nc(-c2ccc(F)c(O)c2)c2c(N)ncnc21,6.701147079467773,6.666035720562307,0.44838638178004814,0.576271186440678,0.035111358905466794
gin,1277,Cc1cc(O)ccc1-c1nn(C(C)C)c2ncnc(N)c12,7.15490198135376,6.302843086490054,0.24285411858998482,0.6181818181818182,0.8520588948637053
gin,1319,Cc1ccc(-c2n[nH]c3ncnc(N)c23)cc1O,6.251811981201172,6.600822925112129,0.3407350252604325,0.5961538461538461,0.3490109439109572
gin,1323,Cc1ccc(-c2nn(C(C)(C)C)c3ncnc(N)c23)cc1,6.8326826095581055,5.033626047925817,0.2926440893660125,0.6739130434782609,1.7990565616322884
gin,1324,Cc1ccc(-c2nn(C(C)C)c3ncnc(N)c23)cc1O,7.508638381958008,6.760639279425637,0.35806306303027285,0.66,0.7479991025323711
gin,1325,Cc1ccc(-c2nn(C)c3ncnc(N)c23)cc1O,6.632644176483154,5.989547341310427,0.22814151940724564,0.5882352941176471,0.6430968351727273
gin,1643,Cc1cccc(-c2nn(C(C)(C)C)c3ncnc(N)c23)c1,5.786216735839844,5.178987784190784,0.18137883599902666,0.6875,0.6072289516490601
gin,1951,Cn1nc(-c2ccc(Br)c(O)c2)c2c(N)ncnc21,6.962573528289795,5.857536454810148,0.1999268431340993,0.6538461538461539,1.1050370734796466
gin,1981,N#CCCCCn1nc(-c2ccc(F)c(O)c2)c2c(N)ncnc21,6.36351203918457,5.426264410690595,0.2831561231003421,0.5846153846153846,0.9372476284939752
gin,1982,N#CCCCn1nc(-c2ccc(F)c(O)c2)c2c(N)ncnc21,6.016373634338379,5.487658334972134,0.238897129587353,0.59375,0.5287152993662447
gin,63,CC(=O)NC1CCN(c2ncc(C(=O)Nc3ccc(OC(F)(F)F)cc3)cc2-c2cncnc2)C1,8.522878646850586,7.972437417635004,0.15220345037989028,0.9117647058823529,0.5504412292155818
gin,64,CC(=O)NC[C@H]1CCN(c2ncc(C(=O)Nc3ccc(OC(F)(F)Cl)cc3)cc2-c2cncnc2)C1,8.641998291015625,8.387701191239131,0.05176683456352068,0.7534246575342466,0.25429709977649395
gin,119,CC(C)(C)Oc1ccc(NC(=O)c2cnc(N3CC[C@@H](O)C3)c(-c3cncnc3)c2)cc1,7.79587984085083,7.681541176135212,0.08051379303174183,0.7692307692307693,0.11433866471561771
gin,145,CC(C)(O)C1CCN(c2ncc(C(=O)Nc3ccc(OC(F)(F)F)cc3)cc2-c2cncnc2)C1,8.673394203186035,8.115383463856922,0.1568566972909323,0.8769230769230769,0.5580107393291129
gin,303,CC(F)(F)Oc1ccc(NC(=O)c2cnc(N3CC[C@@H](O)C3)c(-c3cncnc3)c2)cc1,8.102373123168945,8.642224285443712,0.2000906624667074,0.8,0.5398511622747666
gin,316,CC1(O)CCN(c2ncc(C(=O)Nc3ccc(OC(F)(F)F)cc3)cc2-c2cncnc2)C1,8.481486320495605,8.554338305315804,0.09598724536906765,0.873015873015873,0.07285198482019872
gin,575,CN(C)C1CCN(c2ncc(C(=O)Nc3ccc(OC(F)(F)F)cc3)cc2-c2cncnc2)C1,8.522878646850586,8.373356261986922,0.05691892296820337,0.8769230769230769,0.14952238486366376
gin,601,CN(C)[C@H]1CN(c2ncc(C(=O)Nc3ccc(OC(F)(F)Cl)cc3)cc2-c2cncnc2)C[C@@H]1O,9.5774507522583,8.885315521028266,0.09682082337176678,0.7571428571428571,0.6921352312300346
gin,603,CN(C)[C@H]1CN(c2ncc(C(=O)Nc3ccc(OC(F)(F)F)cc3)cc2-c2cncnc2)C[C@@H]1O,8.384775161743164,8.444082564229989,0.12192541292841588,0.8208955223880597,0.059307402486824756
gin,749,CN[C@@H]1CCN(c2ncc(C(=O)Nc3ccc(OC(F)(F)F)cc3)cc2-c2cncnc2)C1,8.522878646850586,8.540903924655339,0.05201366013438833,0.7777777777777778,0.01802527780475316
gin,753,CN[C@H]1CCN(c2ncc(C(=O)Nc3ccc(OC(F)(F)F)cc3)cc2-c2cncnc2)C1,8.580574989318848,8.480986003509214,0.1669499343276295,0.7777777777777778,0.09958898580963371
gin,828,CO[C@@H]1CN(c2ncc(C(=O)Nc3ccc(OC(F)(F)F)cc3)cc2-c2cncnc2)C[C@H]1O,7.838890552520752,8.672274798668724,0.2002267306256292,0.8,0.8333842461479719
gin,835,CO[C@H]1CN(c2ncc(C(=O)Nc3ccc(OC(F)(F)F)cc3)cc2-c2cncnc2)C[C@@H]1O,8.460409164428711,8.641103902929686,0.20814541782315546,0.8,0.18069473850097495
gin,1018,COc1ncc(-c2cc(C(=O)Nc3ccc(OC(F)(F)Cl)cc3)cnc2N2CC[C@@H](O)C2)c(OC)n1,8.67827320098877,8.945916749950024,0.22764066718936335,0.7066666666666667,0.26764354896125475
gin,1025,COc1ncc(-c2cc(C(=O)Nc3ccc(OC(F)(F)F)cc3)cnc2N2CCC(O)C2)cn1,8.522878646850586,8.622186382420887,0.12400503002852799,0.8088235294117647,0.09930773557030115
gin,1026,COc1ncc(-c2cc(C(=O)Nc3ccc(OC(F)(F)F)cc3)cnc2N2CC[C@@H](O)C2)cn1,8.522878646850586,8.587720478994996,0.0979233994671026,0.8088235294117647,0.06484183214440975
gin,1134,C[C@@]1(O)CCN(c2ncc(C(=O)Nc3ccc(OC(F)(F)F)cc3)cc2-c2cncnc2)C1,8.960409164428711,8.401272797831245,0.05524778243674728,0.873015873015873,0.5591363665974658
gin,1166,C[C@]1(O)CCN(c2ncc(C(=O)Nc3ccc(OC(F)(F)F)cc3)cc2-c2cncnc2)C1,8.489405632019043,8.545318236833651,0.07870325963191376,0.873015873015873,0.05591260481460836
gin,1828,Cc1ncc(-c2cc(C(=O)Nc3ccc(OC(F)(F)Cl)cc3)cnc2N2C[C@H](O)[C@@H](O)C2)cn1,8.926936149597168,9.008411430393537,0.08464693612279976,0.7846153846153846,0.08147528079636857
gin,1835,Cc1ncc(-c2cc(C(=O)Nc3ccc(OC(F)(F)F)cc3)cnc2N2CC[C@@H](O)C2)cn1,8.522878646850586,8.416633287755976,0.07187546079317225,0.8125,0.10624535909460953
gin,1838,Cc1ncc(-c2cc(C(=O)Nc3ccc(OC(F)(F)F)cc3)cnc2N2CC[C@H](CO)C2)cn1,8.698969841003418,8.44186313770748,0.03538873899208659,0.890625,0.2571067032959373
gin,1848,Cc1ncncc1-c1cc(C(=O)Nc2ccc(OC(F)(F)Cl)cc2)cnc1N1CC[C@@H](O)C1,9.2044677734375,8.876353285286251,0.05641241268060633,0.7777777777777778,0.32811448815124855
gin,1849,Cc1ncncc1-c1cc(C(=O)Nc2ccc(OC(F)(F)Cl)cc2)cnc1N1C[C@@H](O)[C@H](O)C1,9.045757293701172,9.059789225046268,0.1202477587894594,0.7681159420289855,0.014031931345096282
gin,1850,Cc1ncncc1-c1cc(C(=O)Nc2ccc(OC(F)(F)Cl)cc2)cnc1N1C[C@H](O)[C@@H](O)C1,7.048672199249268,9.059789098220085,0.1202477513585069,0.7681159420289855,2.0111168989708172
gin,2027,N#Cc1ncc(-c2cc(C(=O)Nc3ccc(OC(F)(F)F)cc3)cnc2N2CC[C@H](CO)C2)cn1,8.301030158996582,8.529765668652468,0.1349390453370729,0.7808219178082192,0.22873550965588585
gin,2060,NC[C@@H]1CCN(c2ncc(C(=O)Nc3ccc(OC(F)(F)Cl)cc3)cc2-c2cncnc2)C1,9.261439323425293,8.925338630794249,0.06318285708446061,0.7971014492753623,0.33610069263104414
gin,2062,NC[C@@H]1CCN(c2ncc(C(=O)Nc3ccc(OC(F)(F)F)cc3)cc2-c2cncnc2)C1,9.022878646850586,8.49515074445977,0.08520376142708314,0.7887323943661971,0.5277279023908168
gin,2064,NC[C@H]1CCN(c2ncc(C(=O)Nc3ccc(OC(F)(F)F)cc3)cc2-c2cncnc2)C1,8.522878646850586,8.436660252020387,0.1429267388771386,0.7887323943661971,0.08621839483019933
gin,2073,N[C@@H]1CCN(c2ncc(C(=O)Nc3ccc(OC(F)(F)F)cc3)cc2-c2cncnc2)C1,8.537859916687012,8.655187506828696,0.10638975441010304,0.8709677419354839,0.11732759014168437
gin,2080,N[C@H]1CCN(c2ncc(C(=O)Nc3ccc(OC(F)(F)F)cc3)cc2-c2cncnc2)C1,8.537859916687012,8.600320660426798,0.11468307287382869,0.8709677419354839,0.06246074373978594
gin,2085,N[C@]1(C(F)(F)F)CCN(c2ncc(C(=O)Nc3ccc(OC(F)(F)Cl)cc3)cc2-c2cncnc2)C1,8.838890075683594,8.808999703474603,0.054663255569814904,0.7432432432432432,0.029890372208990712
gin,2087,N[C@]1(C(F)(F)F)CCN(c2ncc(C(=O)Nc3ccc(OC(F)(F)F)cc3)cc2-c2cncnc2)C1,8.849485397338867,8.383943204565696,0.1016581404851967,0.7605633802816901,0.4655421927731709
gin,2124,Nc1ncc(-c2cc(C(=O)Nc3ccc(OC(F)(F)F)cc3)cnc2N2CCCC2)cn1,8.784317970275879,8.378474047304207,0.10995095467285704,0.7014925373134329,0.4058439229716715
gin,2126,Nc1ncc(-c2cc(C(=O)Nc3ccc(OC(F)(F)F)cc3)cnc2N2CC[C@@H](O)C2)cn1,8.625905990600586,8.347460923338708,0.08242030204834092,0.8125,0.27844506726187745
gin,2245,O=C(Nc1ccc(C(F)(F)C(F)(F)Cl)cc1)c1cnc(N2CC[C@@H](O)C2)c(-c2cncnc2)c1,9.022878646850586,9.012155973491412,0.09494737405003238,0.7,0.010722673359174095
gin,2247,O=C(Nc1ccc(C(F)(F)C(F)(F)F)cc1)c1cnc(N2CC[C@@H](O)C2)c(-c2cncnc2)c1,8.522878646850586,8.319671625864004,0.13581898936727252,0.7205882352941176,0.20320702098658217
gin,2250,O=C(Nc1ccc(OC(F)(F)C(F)(F)F)cc1)c1cnc(N2CC[C@@H](O)C2)c(-c2cncnc2)c1,8.430060386657715,8.846845778370252,0.0670291496982862,0.8,0.41678539171253703
gin,2324,O=C(Nc1ccc(OC(F)(F)Cl)cc1)c1cnc(N2CCC(F)(F)C2)c(-c2cncnc2)c1,9.303651809692383,8.907766101972257,0.026552085777550142,0.7857142857142857,0.3958857077201259
gin,2347,O=C(Nc1ccc(OC(F)(F)Cl)cc1)c1cnc(N2CC[C@@H](O)C2)c(-c2cncnc2)c1,9.301030158996582,8.972745307370465,0.08572884880063857,0.8382352941176471,0.3282848516261172
gin,2350,O=C(Nc1ccc(OC(F)(F)Cl)cc1)c1cnc(N2CC[C@H](CO)C2)c(-c2cncnc2)c1,8.784317970275879,8.994899178455777,0.05960644414948513,0.8923076923076924,0.21058120817989767
gin,2351,O=C(Nc1ccc(OC(F)(F)Cl)cc1)c1cnc(N2CC[C@H](O)C2)c(-c2cncnc2)c1,9.027758598327637,9.057382444542682,0.06213008398286981,0.8382352941176471,0.029623846215045546
gin,2353,O=C(Nc1ccc(OC(F)(F)Cl)cc1)c1cnc(N2C[C@@H](O)[C@@H](O)C2)c(-c2cncnc2)c1,9.0,9.032508722517301,0.19939681897506026,0.8548387096774194,0.03250872251730108
gin,2354,O=C(Nc1ccc(OC(F)(F)Cl)cc1)c1cnc(N2C[C@H](CO)[C@@H](O)C2)c(-c2cncnc2)c1,8.943028450012207,9.005361133829709,0.1060994328742827,0.8823529411764706,0.06233268381750179
gin,2357,O=C(Nc1ccc(OC(F)(F)Cl)cc1)c1cnc(N2C[C@H](O)[C@@H](O)C2)c(-c2cncnc2)c1,9.0,9.158647382288422,0.1518879989767547,0.8548387096774194,0.15864738228842157
gin,2367,O=C(Nc1ccc(OC(F)(F)F)c(Cl)c1)c1cnc(N2CC[C@@H](O)C2)c(-c2cncnc2)c1,8.44470500946045,7.837287345268824,0.15314358970644532,0.7142857142857143,0.6074176641916251
gin,2370,O=C(Nc1ccc(OC(F)(F)F)c(F)c1)c1cnc(N2CC[C@@H](O)C2)c(-c2cncnc2)c1,8.960409164428711,7.7216916828035425,0.20171994004651989,0.7352941176470589,1.2387174816251685
gin,2372,O=C(Nc1ccc(OC(F)(F)F)c(F)c1)c1cnc(N2CC[C@H](CO)C2)c(-c2cncnc2)c1,8.397939682006836,7.726615106993054,0.14299930121583868,0.7432432432432432,0.6713245750137817
gin,2423,O=C(Nc1ccc(OC(F)(F)F)cc1)c1cnc(N2CCC(CO)C2)c(-c2cncnc2)c1,8.522878646850586,8.543792961725552,0.12524673055277327,0.9090909090909091,0.020914314874966422
gin,2424,O=C(Nc1ccc(OC(F)(F)F)cc1)c1cnc(N2CCC(F)(F)C2)c(-c2cncnc2)c1,8.561891555786133,8.504853328053903,0.07878485014754062,0.8059701492537313,0.057038227732229885
gin,2428,O=C(Nc1ccc(OC(F)(F)F)cc1)c1cnc(N2CCC(O)C2)c(-c2cncnc2)c1,8.0,8.589650266218612,0.12612663925278209,0.9166666666666666,0.5896502662186123
gin,2438,O=C(Nc1ccc(OC(F)(F)F)cc1)c1cnc(N2CCCC2)c(-c2cncnc2)c1,8.522878646850586,8.597731884348429,0.17973527505338324,0.8524590163934426,0.07485323749784278
gin,2453,O=C(Nc1ccc(OC(F)(F)F)cc1)c1cnc(N2CC[C@@H](CO)C2)c(-c2cncnc2)c1,8.872364044189453,8.485506564323606,0.15927775521157544,0.9090909090909091,0.3868574798658475
gin,2476,O=C(Nc1ccc(OC(F)(F)F)cc1)c1cnc(N2CC[C@@H](O)C2)c(-c2cncnc2)c1,8.530240058898926,8.556702725873762,0.13621713465607316,0.9166666666666666,0.02646266697483668
gin,2488,O=C(Nc1ccc(OC(F)(F)F)cc1)c1cnc(N2CC[C@H](CO)C2)c(-c2cncnc2)c1,9.11092472076416,8.573145994348812,0.08988165844420311,0.9090909090909091,0.5377787264153486
gin,2489,O=C(Nc1ccc(OC(F)(F)F)cc1)c1cnc(N2CC[C@H](O)C2)c(-c2cncnc2)c1,8.318758964538574,8.638337379953716,0.10937093562033304,0.9166666666666666,0.3195784154151422
gin,2491,O=C(Nc1ccc(OC(F)(F)F)cc1)c1cnc(N2C[C@@H](O)[C@@H](O)C2)c(-c2cncnc2)c1,8.583745956420898,8.628780646471776,0.24651284834845988,0.896551724137931,0.04503469005087801
gin,2512,O=C(Nc1ccc(S(=O)(=O)C(F)(F)F)cc1)c1cnc(N2CC[C@@H](O)C2)c(-c2cncnc2)c1,8.094212532043457,7.525724887974835,0.38008406677855006,0.7,0.5684876440686217
gin,2514,O=C(Nc1ccc(S(F)(F)(F)(F)F)cc1)c1cnc(N2CC[C@@H](O)C2)c(-c2cncnc2)c1,8.522878646850586,7.195038207271193,0.2193800125929089,0.6911764705882353,1.3278404395793926
gin,2516,O=C(Nc1ccc(SC(F)(F)Cl)cc1)c1cnc(N2CC[C@@H](O)C2)c(-c2cncnc2)c1,9.048455238342285,8.919738684029975,0.20968706604875897,0.7611940298507462,0.12871655431231055
gin,2518,O=C(Nc1ccc(SC(F)(F)F)c(F)c1)c1cnc(N2CC[C@@H](O)C2)c(-c2cncnc2)c1,9.2044677734375,7.692008156996706,0.4246554574611113,0.7681159420289855,1.5124596164407942
gin,2522,O=C(Nc1ccc(SC(F)(F)F)cc1)c1cnc(N2CC[C@@H](O)C2)c(-c2cncnc2)c1,9.154901504516602,8.420783452698485,0.314162131829531,0.828125,0.7341180518181165
gin,2524,O=C(Nc1ccc(SC(F)(F)F)cc1)c1cnc(N2CC[C@H](CO)C2)c(-c2cncnc2)c1,8.761439323425293,8.392046541679612,0.2710882855700862,0.7123287671232876,0.369392781745681
gin,2525,O=C(Nc1ccc(SC(F)(F)F)cc1)c1cnc(N2CC[C@H](O)C2)c(-c2cncnc2)c1,9.159379005432129,8.46842621621718,0.2784610586323613,0.828125,0.6909527892149487
gin,2527,O=C(Nc1ccc(SC(F)F)cc1)c1cnc(N2CC[C@@H](O)C2)c(-c2cncnc2)c1,8.220046997070312,7.619116915930654,0.32353915495508967,0.7058823529411765,0.6009300811396585
gin,66,CC(=O)NCc1c(F)cccc1-c1ccc2nc(NC(=O)[C@@H]3C[C@@H]3F)cn2c1,6.259637355804443,7.203493011448953,0.12648258409458427,0.676923076923077,0.9438556556445095
gin,80,CC(=O)Nc1ccc(C)c(-c2ccc3nc(NC(=O)[C@@H]4C[C@@H]4F)cn3c2)c1,7.259637355804443,7.488520981611217,0.12961246174679414,0.703125,0.22888362580677324
gin,101,CC(=O)c1c(F)cccc1-c1ccc2nc(NC(=O)[C@@H]3C[C@@H]3F)cn2c1,7.259637355804443,7.265873429426851,0.11964344904425411,0.7333333333333333,0.006236073622408078
gin,161,CC(C)NCc1c(F)cccc1-c1ccc2nc(NC(=O)[C@@H]3C[C@@H]3F)cn2c1,6.0,7.250566999163271,0.2240397623777365,0.6666666666666666,1.2505669991632713
gin,169,CC(C)c1c(F)cccc1-c1ccc2nc(NC(=O)[C@@H]3C[C@@H]3F)cn2c1,6.259637355804443,7.225517131420869,0.11028403906924174,0.7333333333333333,0.9658797756164255
gin,512,CCc1c(F)cccc1-c1ccc2nc(NC(=O)[C@@H]3C[C@@H]3F)cn2c1,8.0,7.5168898747491655,0.10066228452314913,0.7213114754098361,0.4831101252508345
gin,596,CN(C)Cc1c(F)cccc1-c1ccc2nc(NC(=O)[C@@H]3C[C@@H]3F)cn2c1,6.0,7.369937024733063,0.060762929758600086,0.6875,1.369937024733063
gin,604,CN(C)c1c(F)cccc1-c1ccc2nc(NC(=O)[C@@H]3C[C@@H]3F)cn2c1,7.259637355804443,7.256410626587821,0.050601415880774325,0.7213114754098361,0.0032267292166219264
gin,737,CNCc1c(F)cccc1-c1ccc2nc(NC(=O)[C@@H]3C[C@@H]3F)cn2c1,6.0,7.551016454718382,0.11414195042912006,0.6984126984126984,1.5510164547183818
gin,755,CNc1c(F)cccc1-c1ccc2nc(NC(=O)[C@@H]3C[C@@H]3F)cn2c1,8.0,7.408122010900289,0.08124995194546086,0.7333333333333333,0.5918779890997108
gin,757,CNc1ccc(C)c(-c2ccc3nc(NC(=O)[C@@H]4C[C@@H]4F)cn3c2)c1,8.0,7.6511638318327,0.013862172919088412,0.7142857142857143,0.3488361681673
gin,804,COC(=O)c1ccc(C)c(-c2ccc3nc(NC(=O)[C@@H]4C[C@@H]4F)cn3c2)c1,8.0,7.607708900633315,0.19683835808520264,0.7076923076923077,0.3922910993666848
gin,814,COCCOCc1c(F)cccc1-c1ccc2nc(NC(=O)[C@@H]3C[C@@H]3F)cn2c1,7.259637355804443,7.501835352994583,0.11418208365402525,0.6376811594202898,0.24219799719013935
gin,821,COCc1c(F)cccc1-c1ccc2nc(NC(=O)[C@@H]3C[C@@H]3F)cn2c1,8.0,7.753568810151066,0.14006526510295095,0.6875,0.2464311898489342
gin,836,COc1c(F)cccc1-c1ccc2nc(NC(=O)[C@@H]3C[C@@H]3F)cn2c1,8.0,7.550632155526021,0.31510454914537034,0.7213114754098361,0.44936784447397926
gin,1054,CSc1c(F)cccc1-c1ccc2nc(NC(=O)[C@@H]3C[C@@H]3F)cn2c1,8.0,7.408415137919255,0.1264821443427379,0.7213114754098361,0.5915848620807447
gin,1168,Cc1c(-c2ccc3nc(NC(=O)[C@@H]4C[C@@H]4F)cn3c2)ccc(Cl)c1F,8.0,7.625027681966633,0.06569743811101661,0.6885245901639344,0.3749723180333673
gin,1169,Cc1c(-c2ccc3nc(NC(=O)[C@@H]4C[C@@H]4F)cn3c2)ccc(F)c1F,8.0,7.466141978195112,0.0969118841717898,0.7413793103448276,0.5338580218048881
gin,1177,Cc1c(Cl)cccc1-c1ccc2nc(NC(=O)[C@@H]3C[C@@H]3F)cn2c1,8.0,7.783860356539752,0.09075432655650349,0.6833333333333333,0.21613964346024783
gin,1178,Cc1c(F)cc(N)cc1-c1ccc2nc(NC(=O)[C@@H]3C[C@@H]3F)cn2c1,8.0,7.611361367921231,0.16675313077624962,0.7333333333333333,0.38863863207876914
gin,1179,Cc1c(F)ccc(-c2ccc3nc(NC(=O)[C@@H]4C[C@@H]4F)cn3c2)c1C,8.0,7.612033007687889,0.05204702314147566,0.7543859649122807,0.3879669923121112
gin,1180,Cc1c(F)ccc(F)c1-c1ccc2nc(NC(=O)[C@@H]3C[C@@H]3F)cn2c1,8.0,7.472048828472644,0.1035787494501757,0.7068965517241379,0.5279511715273557
gin,1183,Cc1c(F)cccc1-c1ccc2nc(NC(=O)C3CC3(F)F)cn2c1,8.0,7.14340819497064,0.06461653983250462,0.8070175438596491,0.8565918050293604
gin,1184,Cc1c(F)cccc1-c1ccc2nc(NC(=O)C3CC3)cn2c1,8.0,7.167176151199759,0.10198038430942656,0.92,0.8328238488002411
gin,1186,Cc1c(F)cccc1-c1ccc2nc(NC(=O)[C@@H]3C[C@@H]3F)c(Br)n2c1,7.259637355804443,6.838602830695187,0.16212032386911743,0.640625,0.4210345251092562
gin,1187,Cc1c(F)cccc1-c1ccc2nc(NC(=O)[C@@H]3C[C@@H]3F)c(C)n2c1,7.259637355804443,6.682727449459461,0.18129499302816762,0.7758620689655172,0.5769099063449827
gin,1188,Cc1c(F)cccc1-c1ccc2nc(NC(=O)[C@@H]3C[C@@H]3F)c(Cl)n2c1,7.259637355804443,6.70543092181538,0.21389838146237244,0.7833333333333333,0.5542064339890631
gin,1189,Cc1c(F)cccc1-c1ccc2nc(NC(=O)[C@@H]3C[C@@H]3F)c(F)n2c1,8.0,6.930302977532953,0.12726100052789646,0.6612903225806451,1.0696970224670466
gin,1190,Cc1c(F)cccc1-c1ccc2nc(NC(=O)[C@@H]3C[C@@H]3F)cn2c1.Cl,8.0,7.532135174791809,0.1068108985025914,0.7894736842105263,0.46786482520819117
gin,1191,Cc1c(F)cccc1-c1ccc2nc(NC(=O)[C@@H]3C[C@H]3F)cn2c1,8.0,7.421278895869031,0.11167852544643804,0.8035714285714286,0.5787211041309694
gin,1192,Cc1c(F)cccc1-c1ccc2nc(NC(=O)[C@H]3C[C@@H]3F)cn2c1,8.0,7.431912351950976,0.10141000645345237,0.8035714285714286,0.5680876480490236
gin,1193,Cc1c(F)cccc1-c1ccc2nc(NC(=O)[C@H]3C[C@H]3F)cn2c1,8.0,7.065578738611308,0.06689921518644187,0.8035714285714286,0.9344212613886924
gin,1206,Cc1c(O)cccc1-c1ccc2nc(NC(=O)[C@@H]3C[C@@H]3F)cn2c1,8.0,7.823274288434952,0.16297626768019868,0.6833333333333333,0.17672571156504802
gin,1240,Cc1cc(Cl)ccc1-c1ccc2nc(NC(=O)[C@@H]3C[C@@H]3F)cn2c1,8.0,7.350496235240219,0.074468452768708,0.7166666666666667,0.649503764759781
gin,1242,Cc1cc(F)c(O)cc1-c1ccc2nc(NC(=O)[C@@H]3C[C@@H]3F)cn2c1,8.0,7.743140019824385,0.07185017977772816,0.7333333333333333,0.25685998017561484
gin,1243,Cc1cc(F)cc(C)c1-c1ccc2nc(NC(=O)[C@@H]3C[C@@H]3F)cn2c1,8.0,7.463834994045468,0.11488567467513419,0.6949152542372882,0.5361650059545324
gin,1244,Cc1cc(F)ccc1-c1ccc2nc(NC(=O)[C@@H]3C[C@@H]3F)cn2c1,8.0,7.366143542581237,0.08928781475288512,0.7586206896551724,0.6338564574187631
gin,1315,Cc1ccc(-c2ccc3nc(NC(=O)[C@@H]4C[C@@H]4F)cn3c2)c(C)c1,8.0,7.526618965015864,0.05911783978704943,0.7543859649122807,0.4733810349841363
gin,1338,Cc1ccc(C#N)cc1-c1ccc2nc(NC(=O)[C@@H]3C[C@@H]3F)cn2c1,8.0,7.4709717888071765,0.13939913084004016,0.6923076923076923,0.5290282111928235
gin,1492,Cc1ccc(C)c(-c2ccc3nc(NC(=O)[C@@H]4C[C@@H]4F)cn3c2)c1,8.0,7.589520630685492,0.09302479897773103,0.7627118644067796,0.41047936931450835
gin,1496,Cc1ccc(Cl)cc1-c1ccc2nc(NC(=O)[C@@H]3C[C@@H]3F)cn2c1,8.0,7.446705373966357,0.09821538245580445,0.7258064516129032,0.5532946260336429
gin,1499,Cc1ccc(F)cc1-c1ccc2nc(NC(=O)[C@@H]3C[C@@H]3F)cn2c1,8.0,7.421495213779998,0.11834100064291192,0.7377049180327869,0.5785047862200017
gin,1502,Cc1ccc(N)cc1-c1ccc2nc(NC(=O)[C@@H]3C[C@@H]3F)cn2c1,8.0,7.748425944955794,0.11904432120596874,0.7258064516129032,0.25157405504420627
gin,1621,Cc1ccc(O)cc1-c1ccc2nc(NC(=O)[C@@H]3C[C@@H]3F)cn2c1,8.0,7.8110647950645555,0.12208192141034514,0.7377049180327869,0.18893520493544447
gin,1642,Cc1cccc(-c2ccc3nc(NC(=O)[C@@H]4C[C@@H]4F)cn3c2)c1C,8.0,7.697820426647134,0.08827752066133907,0.7068965517241379,0.30217957335286627
gin,1647,Cc1cccc(C)c1-c1ccc2nc(NC(=O)[C@@H]3C[C@@H]3F)cn2c1,8.0,7.729911636594122,0.09168087941526017,0.711864406779661,0.27008836340587816
gin,1662,Cc1cccc(Cl)c1-c1ccc2nc(NC(=O)[C@@H]3C[C@@H]3F)cn2c1,8.0,7.856299478111272,0.12149189565121181,0.65625,0.14370052188872773
gin,1677,Cc1cccc(F)c1-c1ccc2nc(NC(=O)[C@@H]3C[C@@H]3F)c(C)n2c1,7.259637355804443,6.690613402529796,0.15542464254070312,0.6721311475409836,0.5690239532746473
gin,1678,Cc1cccc(F)c1-c1ccc2nc(NC(=O)[C@@H]3C[C@@H]3F)c(Cl)n2c1,7.259637355804443,6.716604276964816,0.1921119574683084,0.671875,0.5430330788396276
gin,1679,Cc1cccc(F)c1-c1ccc2nc(NC(=O)[C@@H]3C[C@@H]3F)cn2c1,8.0,7.560116994414611,0.08401023078150342,0.7,0.43988300558538906
gin,1694,Cc1ccccc1-c1ccc2nc(NC(=O)[C@@H]3C[C@@H]3F)cn2c1,8.0,7.49974248315095,0.07359159188651694,0.7636363636363637,0.5002575168490502
gin,1988,N#Cc1c(F)cccc1-c1ccc2nc(NC(=O)[C@@H]3C[C@@H]3F)cn2c1,7.629818439483643,7.583162818202362,0.23331180807893412,0.7213114754098361,0.04665562128128098
gin,2066,NCc1c(F)cccc1-c1ccc2nc(NC(=O)[C@@H]3C[C@@H]3F)cn2c1,6.0,7.514897039058571,0.0956396832427203,0.7213114754098361,1.514897039058571
gin,2089,Nc1c(F)cccc1-c1ccc2nc(NC(=O)[C@@H]3C[C@@H]3F)cn2c1,8.0,7.506492489756426,0.10145609406311092,0.7586206896551724,0.49350751024357375
gin,2547,O=C(Nc1cn2cc(-c3cccc(F)c3CO)ccc2n1)[C@@H]1C[C@@H]1F,8.0,7.601325833886193,0.11241777846781839,0.7333333333333333,0.3986741661138069
gin,2548,O=C(Nc1cn2cc(-c3cccc(F)c3COCCO)ccc2n1)[C@@H]1C[C@@H]1F,6.259637355804443,7.641039297522677,0.06849885321907731,0.6567164179104478,1.3814019417182335
gin,2549,O=C(Nc1cn2cc(-c3cccc(F)c3F)ccc2n1)[C@@H]1C[C@@H]1F,8.0,7.364517868694819,0.131147560111587,0.7857142857142857,0.6354821313051806
gin,2550,O=C(Nc1cn2cc(-c3cccc(F)c3O)ccc2n1)[C@@H]1C[C@@H]1F,8.0,7.52435170916852,0.09877119665862971,0.8181818181818182,0.4756482908314803
gin,2551,O=C(Nc1cn2cc(-c3cccc(F)c3OCCF)ccc2n1)[C@@H]1C[C@@H]1F,8.328826904296875,7.467240974643775,0.2577303700833212,0.676923076923077,0.8615859296531001
gin,2552,O=C(Nc1cn2cc(-c3ccccc3C(F)(F)F)ccc2n1)[C@@H]1C[C@@H]1F,7.259637355804443,7.434134473529905,0.07414194716671647,0.7719298245614035,0.17449711772546195
gin,2553,O=C(Nc1cn2cc(-c3ccccc3CCF)ccc2n1)[C@@H]1C[C@@H]1F,8.310690879821777,7.384046279227892,0.05561079133279218,0.6349206349206349,0.9266446005938853
gin,102,CC(=O)c1cc(C)c(-c2ccc3nc(NC(=O)[C@@H]4C[C@@H]4F)sc3c2)cn1,7.701147079467773,6.908587140309053,0.041686028353238924,0.8596491228070176,0.7925599391587204
gin,736,CNC[C@@H]1CC1C(=O)Nc1nc2ccc(-c3cncc(F)c3C)cc2s1,5.778846740722656,6.898280317138696,0.31218055687308083,0.7142857142857143,1.1194335764160401
gin,1005,COc1ccncc1-c1ccc2nc(NC(=O)[C@@H]3C[C@@H]3F)sc2c1,8.229147911071777,8.14681641419972,0.29183058423225383,0.7457627118644068,0.0823314968720581
gin,1176,Cc1c(CO)cncc1-c1ccc2nc(NC(=O)[C@@H]3C[C@@H]3F)sc2c1,7.698969841003418,7.437821722898925,0.07084616035299306,0.6935483870967742,0.2611481181044928
gin,1196,Cc1c(F)cncc1-c1ccc2nc(NC(=O)C3CC3(F)F)sc2c1,8.102373123168945,6.87850778502619,0.28688855488212217,0.8103448275862069,1.2238653381427556
gin,1197,Cc1c(F)cncc1-c1ccc2nc(NC(=O)C3CC3)sc2c1,8.602060317993164,7.257459812052514,0.3253923514152818,0.9230769230769231,1.34460050594065
gin,1199,Cc1c(F)cncc1-c1ccc2nc(NC(=O)C3C[C@H]3CO)sc2c1,7.7695512771606445,6.44720900931576,0.2742688617015606,0.7377049180327869,1.3223422678448848
gin,1203,Cc1c(F)cncc1-c1ccc2nc(NC(=O)[C@@H]3C[C@@H]3F)sc2c1,8.568635940551758,7.409226064543059,0.12724094904359748,0.7586206896551724,1.1594098760086986
gin,1227,Cc1cc(C(C)O)ncc1-c1ccc2nc(NC(=O)[C@@H]3C[C@@H]3F)sc2c1,7.609065055847168,6.964221102814641,0.09609704684161684,0.864406779661017,0.6448439530325274
gin,1229,Cc1cc(C(F)(F)F)ncc1-c1ccc2nc(NC(=O)[C@@H]3C[C@@H]3F)sc2c1,6.341988563537598,7.132868312832959,0.08797337082929574,0.6774193548387096,0.7908797492953612
gin,1230,Cc1cc(C)c(-c2ccc3nc(NC(=O)[C@@H]4C[C@@H]4F)sc3c2)cn1,7.6716203689575195,7.327796979854935,0.10978992211902056,0.7368421052631579,0.34382338910258436
gin,1231,Cc1cc(C)c(-c2ccc3nc(NC(=O)[C@@H]4C[C@@H]4F)sc3c2)cn1.O=C(O)C(F)(F)F.O=C(O)C(F)(F)F,7.630042552947998,6.020365208438224,0.2526012780625583,0.6666666666666666,1.609677344509774
gin,1235,Cc1cc(CF)ncc1-c1ccc2nc(NC(=O)[C@@H]3C[C@@H]3F)sc2c1,7.673664093017578,7.257938311393425,0.12302752878363825,0.7419354838709677,0.4157257816241531
gin,1236,Cc1cc(CO)ncc1-c1ccc2nc(NC(=O)[C@@H]3C[C@@H]3F)sc2c1,7.595166206359863,7.268561668940428,0.0919845058593456,0.8620689655172413,0.32660453741943485
gin,1241,Cc1cc(Cl)ncc1-c1ccc2nc(NC(=O)[C@@H]3C[C@@H]3F)sc2c1,7.692503929138184,7.257450204969037,0.14618343207472587,0.711864406779661,0.4350537241691468
gin,1246,Cc1cc(F)ncc1-c1ccc2nc(NC(=O)[C@@H]3C[C@@H]3F)sc2c1,7.876148223876953,7.278731614951146,0.18095957722238232,0.7288135593220338,0.5974166089258075
gin,1248,Cc1cc(N)nc(C)c1-c1ccc2nc(NC(=O)[C@@H]3C[C@@H]3F)sc2c1,8.397939682006836,7.252680494115161,0.26567037138104305,0.7321428571428571,1.145259187891675
gin,1704,Cc1ccnc(C)c1-c1ccc2nc(NC(=O)C3C[C@@H]3F)sc2c1,7.490797519683838,7.175371972345416,0.3654429011508571,0.7924528301886793,0.315425547338422
gin,1705,Cc1ccnc(C)c1-c1ccc2nc(NC(=O)[C@@H]3C[C@@H]3F)sc2c1,7.490797519683838,7.491767399016127,0.1590020439818887,0.7924528301886793,0.000969879332289203
gin,1706,Cc1ccnc(Cl)c1-c1ccc2nc(NC(=O)[C@@H]3C[C@@H]3F)sc2c1,8.08092212677002,7.461139160814093,0.17437971750427703,0.7192982456140351,0.6197829659559266
gin,1708,Cc1ccnc(F)c1-c1ccc2nc(NC(=O)[C@@H]3C[C@@H]3F)sc2c1,8.29242992401123,7.409077773026812,0.20703580401733476,0.7454545454545455,0.8833521509844182
gin,1711,Cc1ccncc1-c1cc(F)c2nc(NC(=O)[C@@H]3C[C@@H]3F)sc2c1,7.405607223510742,6.218184696023634,0.17916363445610692,0.7166666666666667,1.187422527487108
gin,1712,Cc1ccncc1-c1cc(F)c2nc(NC(=O)[C@@H]3C[C@@H]3F)sc2c1.O=C(O)C(F)(F)F.O=C(O)C(F)(F)F,7.38247537612915,5.417365270975378,0.30323623763490004,0.6515151515151515,1.965110105153772
gin,1713,Cc1ccncc1-c1cc2sc(NC(=O)[C@@H]3C[C@@H]3F)nc2cc1F.Cl.Cl,7.854803562164307,6.731657300585095,0.20404058408672202,0.7288135593220338,1.1231462615792118
gin,1716,Cc1ccncc1-c1ccc2nc(N(C)C(=O)[C@@H]3C[C@@H]3F)sc2c1,5.0,5.191390148481285,0.178696896771664,0.6557377049180327,0.19139014848128522
gin,1720,Cc1ccncc1-c1ccc2nc(NC(=O)C3CC3(F)F)sc2c1,7.9430952072143555,6.715611180380226,0.259338277388529,0.8070175438596491,1.2274840268341292
gin,1721,Cc1ccncc1-c1ccc2nc(NC(=O)C3CC3)sc2c1,8.045757293701172,7.029845968428272,0.31103789936363213,0.92,1.0159113252729002
gin,1723,Cc1ccncc1-c1ccc2nc(NC(=O)C3C[C@@H]3F)sc2c1,5.0,6.9932686111593965,0.3505050922786865,0.8518518518518519,1.9932686111593965
gin,1724,Cc1ccncc1-c1ccc2nc(NC(=O)[C@@H]3C[C@@H]3CO)sc2c1,7.460923671722412,7.138117466297493,0.0522033512276261,0.7288135593220338,0.3228062054249188
gin,1725,Cc1ccncc1-c1ccc2nc(NC(=O)[C@@H]3C[C@@H]3CO)sc2c1.O=CO,7.497709274291992,6.89823038329186,0.11332114514284516,0.6825396825396826,0.5994788910001319
gin,1729,Cc1ccncc1-c1ccc2nc(NC(=O)[C@@H]3C[C@@H]3F)sc2c1,8.387216567993164,7.30017766117403,0.11308308200183836,0.8518518518518519,1.0870389068191342
gin,1730,Cc1ccncc1-c1ccc2nc(NC(=O)[C@@H]3C[C@@H]3F)sc2c1.Cl.Cl,8.294992446899414,7.163751352766325,0.05594074660440135,0.8363636363636363,1.131241094133089
gin,1732,Cc1ccncc1-c1ccc2nc(NC(=O)[C@@H]3C[C@H]3F)sc2c1,7.625251770019531,7.10912821873125,0.26445209426058536,0.8518518518518519,0.5161235512882811
gin,1733,Cc1ccncc1-c1ccc2nc(NC(=O)[C@@H]3C[C@H]3F)sc2c1.Cl.Cl,7.560509204864502,6.989116135602338,0.20261312567678522,0.8363636363636363,0.5713930692621636
gin,1734,Cc1ccncc1-c1ccc2nc(NC(=O)[C@H]3C[C@@H]3F)sc2c1.Cl.Cl,8.015472412109375,7.034325057080326,0.19753845004516474,0.8363636363636363,0.9811473550290488
gin,1736,Cc1ccncc1-c1ccc2nc(NC(=O)[C@H]3C[C@H]3F)sc2c1,7.896196365356445,6.543219288547893,0.17021304922780336,0.8518518518518519,1.3529770768085525
gin,1737,Cc1ccncc1-c1ccc2nc(NC(=O)[C@H]3C[C@H]3F)sc2c1.Cl.Cl,7.924088001251221,6.434588571364299,0.15074011790755829,0.8363636363636363,1.489499429886922
gin,1843,Cc1ncccc1-c1ccc2nc(NC(=O)[C@@H]3C[C@@H]3F)sc2c1,8.1260986328125,7.4319949633569165,0.09709683550361177,0.7543859649122807,0.6941036694555835
gin,2012,N#Cc1ccncc1-c1ccc2nc(NC(=O)[C@@H]3C[C@@H]3F)sc2c1,7.2932820320129395,7.727463098569284,0.27353505217966917,0.7288135593220338,0.43418106655634414
gin,2013,N#Cc1ccncc1-c1ccc2nc(NC(=O)[C@@H]3C[C@@H]3F)sc2c1.O=C(O)C(F)(F)F.O=C(O)C(F)(F)F,7.299123287200928,6.271787228045352,0.3322280863571048,0.6615384615384615,1.0273360591555756
gin,2093,Nc1ccc(-c2ccc3nc(NC(=O)C4CC4)sc3c2)cn1,8.130767822265625,6.866820531167918,0.4845807590506032,0.6792452830188679,1.2639472910977068
gin,2570,O=C(Nc1nc2ccc(-c3cccnc3)cc2s1)[C@@H]1C[C@@H]1F,7.6216020584106445,7.205421760283184,0.21516532064288796,0.7017543859649122,0.41618029812746027
gin,2575,O=C(Nc1nc2ccc(-c3cnccc3C(F)(F)F)cc2s1)[C@@H]1C[C@@H]1F,7.197226047515869,7.253482487419594,0.12488052468766044,0.7288135593220338,0.05625643990372442
gin,2576,O=C(Nc1nc2ccc(-c3cnccc3C(F)(F)F)cc2s1)[C@@H]1C[C@@H]1F.O=C(O)C(F)(F)F.O=C(O)C(F)(F)F,7.209574222564697,6.072498284726303,0.35643224150416025,0.6825396825396826,1.137075937838394
gin,2577,O=C(Nc1nc2ccc(-c3cnccc3CO)cc2s1)[C@@H]1C[C@@H]1F,7.749579906463623,7.420683478639268,0.15538092720443816,0.7288135593220338,0.3288964278243549
gin,2578,O=C(Nc1nc2ccc(-c3cnccc3Cl)cc2s1)[C@@H]1C[C@@H]1F,8.130767822265625,7.549929173838514,0.07108491457848687,0.7543859649122807,0.5808386484271111
gin,135,CC(C)(C)n1cnc2cc(C(=O)Nc3ccc(OC(F)(F)Cl)cc3)cc(-c3cncnc3)c21,9.301030158996582,8.936949631399907,0.11268317716573664,0.7352941176470589,0.3640805275966752
gin,149,CC(C)(O)Cn1cnc2cc(C(=O)Nc3ccc(OC(F)(F)Cl)cc3)cc(-c3cncnc3)c21,8.917214393615723,8.811898315921747,0.19060749047015635,0.7605633802816901,0.10531607769397588
gin,178,CC(C)c1nc2cc(C(=O)Nc3ccc(OC(F)(F)Cl)cc3)cc(-c3cncnc3)c2n1C,9.20065975189209,9.14947410777537,0.0972997290163677,0.7761194029850746,0.05118564411671933
gin,182,CC(C)n1c(C(F)F)nc2cc(C(=O)Nc3ccc(OC(F)(F)Cl)cc3)cc(-c3cncnc3)c21,9.221848487854004,9.051861003186625,0.1291341607088587,0.8115942028985508,0.169987484667379
gin,189,CC(C)n1c([C@H](C)O)nc2cc(C(=O)Nc3ccc(OC(F)(F)Cl)cc3)cc(-c3cncnc3)c21,9.327901840209961,9.131897964407122,0.13272039468362654,0.7162162162162162,0.1960038758028393
gin,197,CC(C)n1cnc2cc(C(=O)Nc3ccc(OC(F)(F)Cl)cc3)cc(-c3cncnc3)c21,9.568635940551758,9.281743608719154,0.07704160235063069,0.8461538461538461,0.286892331832604
gin,494,CCOc1nc2cc(C(=O)Nc3ccc(OC(F)(F)Cl)cc3)cc(-c3cncnc3)c2n1C(C)C,9.318758964538574,9.093643826262786,0.15031536581725058,0.6875,0.22511513827578788
gin,545,CCn1c(OC)nc2cc(C(=O)Nc3ccc(OC(F)(F)Cl)cc3)cc(-c3cncnc3)c21,9.468521118164062,9.160046845821478,0.19192366799060734,0.7123287671232876,0.3084742723425844
gin,549,CCn1c([C@H](C)O)nc2cc(C(=O)Nc3ccc(OC(F)(F)Cl)cc3)cc(-c3cncnc3)c21,9.267605781555176,9.258235487635565,0.12780256593086842,0.7916666666666666,0.009370293919610972
gin,819,COC[C@@H](C)n1cnc2cc(C(=O)Nc3ccc(OC(F)(F)Cl)cc3)cc(-c3cncnc3)c21,9.318758964538574,9.112759702924171,0.13641753661234637,0.7777777777777778,0.2059992616144033
gin,820,COC[C@H](C)n1cnc2cc(C(=O)Nc3ccc(OC(F)(F)Cl)cc3)cc(-c3cncnc3)c21,9.113509178161621,9.379505163356876,0.08838428933098245,0.7777777777777778,0.26599598519525536
gin,1014,COc1nc2cc(C(=O)Nc3ccc(OC(F)(F)Cl)cc3)cc(-c3cncnc3)c2n1C(C)C,9.481486320495605,9.139995245570725,0.1997089454015115,0.7142857142857143,0.34149107492488007
gin,1015,COc1nc2cc(C(=O)Nc3ccc(OC(F)(F)Cl)cc3)cc(-c3cncnc3)c2n1[C@H](C)CO,9.552842140197754,9.1959992789561,0.22077235185746474,0.7402597402597403,0.3568428612416543
gin,1016,COc1ncc(-c2cc(C(=O)Nc3ccc(OC(F)(F)Cl)cc3)cc3ncn(C(C)C)c23)cn1,9.214670181274414,9.266046014795975,0.14492220869176653,0.7794117647058824,0.051375833521561276
gin,1062,C[C@@H](C(F)F)n1cnc2cc(C(=O)Nc3ccc(OC(F)(F)Cl)cc3)cc(-c3cncnc3)c21,9.327901840209961,8.73665456010581,0.10695063191019634,0.8115942028985508,0.5912472801041506
gin,1064,C[C@@H](CC#N)n1cnc2cc(C(=O)Nc3ccc(OC(F)(F)Cl)cc3)cc(-c3cncnc3)c21,9.214670181274414,8.715247822073488,0.12550876988299828,0.7567567567567568,0.4994223592009259
gin,1066,C[C@@H](CF)n1c(C(F)F)nc2cc(C(=O)Nc3ccc(OC(F)(F)Cl)cc3)cc(-c3cncnc3)c21,9.443697929382324,8.809727432121363,0.12450739885605878,0.7066666666666667,0.633970497260961
gin,1068,C[C@@H](CF)n1cnc2cc(C(=O)Nc3ccc(OC(F)(F)Cl)cc3)cc(-c3cncnc3)c21,9.30980396270752,8.978952941797852,0.07987903394819294,0.8,0.3308510209096678
gin,1072,C[C@@H](CO)n1cnc2cc(C(=O)Nc3ccc(OC(F)(F)Cl)cc3)cc(-c3cncnc3)c21,9.327901840209961,9.080824425771047,0.09187194268150096,0.8,0.2470774144389143
gin,1073,C[C@@H](O)Cn1cnc2cc(C(=O)Nc3ccc(OC(F)(F)Cl)cc3)cc(-c3cncnc3)c21,9.20065975189209,9.106714659665334,0.1378804418747084,0.75,0.09394509222675573
gin,1139,C[C@H](C(F)F)n1cnc2cc(C(=O)Nc3ccc(OC(F)(F)Cl)cc3)cc(-c3cncnc3)c21,9.376750946044922,9.053931440648872,0.18576837759800113,0.8115942028985508,0.3228195053960494
gin,1141,C[C@H](CC#N)n1cnc2cc(C(=O)Nc3ccc(OC(F)(F)Cl)cc3)cc(-c3cncnc3)c21,9.337242126464844,8.977240407828313,0.05103124079488097,0.7567567567567568,0.3600017186365303
gin,1144,C[C@H](CF)n1c(C(F)F)nc2cc(C(=O)Nc3ccc(OC(F)(F)Cl)cc3)cc(-c3cncnc3)c21,9.267605781555176,9.041814403566988,0.17154450083994338,0.7066666666666667,0.2257913779881875
gin,1146,C[C@H](CF)n1cnc2cc(C(=O)Nc3ccc(OC(F)(F)Cl)cc3)cc(-c3cncnc3)c21,9.366531372070312,9.254391576222119,0.10300280668362612,0.8,0.11213979584819356
gin,1149,C[C@H](CO)n1c(C(F)F)nc2cc(C(=O)Nc3ccc(OC(F)(F)Cl)cc3)cc(-c3cncnc3)c21,9.42021656036377,9.090511726809945,0.17566444255277147,0.7066666666666667,0.32970483355382463
gin,1152,C[C@H](CO)n1cnc2cc(C(=O)Nc3ccc(OC(F)(F)Cl)cc3)cc(-c3cncnc3)c21,9.443697929382324,9.315558259687549,0.10535378169110944,0.8,0.1281396696947752
gin,1156,C[C@H](O)Cn1cnc2cc(C(=O)Nc3ccc(OC(F)(F)Cl)cc3)cc(-c3cncnc3)c21,9.387216567993164,9.250405365829645,0.14056141323889337,0.75,0.1368112021635195
gin,1157,C[C@H](n1cnc2cc(C(=O)Nc3ccc(OC(F)(F)Cl)cc3)cc(-c3cncnc3)c21)C(C)(C)O,9.251811981201172,8.84368051387016,0.1358528495230457,0.7887323943661971,0.40813146733101213
gin,1823,Cc1nc2cc(C(=O)Nc3ccc(OC(F)(F)Cl)cc3)cc(-c3cncnc3)c2n1C,9.481486320495605,9.317348411282012,0.11368309460023612,0.7878787878787878,0.1641379092135935
gin,1824,Cc1nc2cc(C(=O)Nc3ccc(OC(F)(F)Cl)cc3)cc(-c3cncnc3)c2n1C(C)C,9.397939682006836,9.149853254653985,0.1045305457664212,0.7536231884057971,0.2480864273528507
gin,1826,Cc1nc2cc(C(=O)Nc3ccc(OC(F)(F)Cl)cc3)cc(-c3cncnc3)c2n1[C@H](C)CO,9.29242992401123,9.191090851962906,0.15099671943512316,0.7222222222222222,0.10133907204832404
gin,1929,Cn1c(C(C)(C)O)nc2cc(C(=O)Nc3ccc(OC(F)(F)Cl)cc3)cc(-c3cncnc3)c21,9.366531372070312,8.836575140295665,0.1637580900642958,0.7428571428571429,0.5299562317746478
gin,1931,Cn1c(C(F)F)nc2cc(C(=O)Nc3ccc(OC(F)(F)Cl)cc3)cc(-c3cncnc3)c21,9.468521118164062,9.2449567227035,0.17083342595328868,0.7761194029850746,0.22356439546056173
gin,1934,Cn1c(CO)nc2cc(C(=O)Nc3ccc(OC(F)(F)Cl)cc3)cc(-c3cncnc3)c21,9.318758964538574,9.241458285816682,0.09802306126707915,0.7428571428571429,0.07730067872189217
gin,2273,O=C(Nc1ccc(OC(F)(F)Cl)cc1)c1cc(-c2cncnc2)c2[nH]cnc2c1,9.102373123168945,9.331259658396263,0.05447247564344808,0.6285714285714286,0.22888653522731772
gin,2291,O=C(Nc1ccc(OC(F)(F)Cl)cc1)c1cc(-c2cncnc2)c2c(c1)ncn2CC(F)F,9.301030158996582,9.069697774364059,0.14047841906081962,0.7714285714285715,0.23133238463252326
gin,366,CCN(CCO)c1ncc(C(=O)Nc2ccc(OC(F)(F)Cl)cc2)cc1-c1cncc(C#N)c1,8.659379005432129,8.77646510918654,0.1656932561113289,0.5164835164835165,0.11708610375441175
gin,367,CCN(CCO)c1ncc(C(=O)Nc2ccc(OC(F)(F)Cl)cc2)cc1-c1cncc(F)c1,9.0,8.754636610677608,0.09887250895686406,0.5844155844155844,0.24536338932239232
gin,370,CCN(CCO)c1ncc(C(=O)Nc2ccc(OC(F)(F)F)cc2)cc1-c1cncc(C#N)c1,7.9923200607299805,8.34432092895588,0.11655735403750038,0.5915492957746479,0.3520008682259004
gin,371,CCN(CCO)c1ncc(C(=O)Nc2ccc(OC(F)(F)F)cc2)cc1-c1cncc(F)c1,8.61092472076416,8.31791555880663,0.06965104630273489,0.6164383561643836,0.2930091619575297
gin,374,CCN(CCO)c1ncc(C(=O)Nc2ccc(SC(F)(F)F)cc2)cc1-c1cncc(C#N)c1,8.270303726196289,8.207106062892665,0.04538776536283508,0.44871794871794873,0.0631976633036242
gin,375,CCN(CCO)c1ncc(C(=O)Nc2ccc(SC(F)(F)F)cc2)cc1-c1cncc(F)c1,8.723666191101074,8.174976139252854,0.1283396969125043,0.475,0.5486900518482205
gin,588,CN(C)CCCN(C)c1ncc(C(=O)Nc2ccc(OC(F)(F)F)cc2)cc1-c1cccnc1,8.522878646850586,7.668653939488028,0.1999385893069835,0.6119402985074627,0.8542247073625582
gin,609,CN(CCCO)c1ncc(C(=O)Nc2ccc(OC(F)(F)F)cc2)cc1-c1cccnc1,7.376750946044922,8.067394464854495,0.18309604461499915,0.6119402985074627,0.6906435188095728
gin,615,CN(CCO)c1ncc(C(=O)Nc2ccc(OC(F)(F)Cl)cc2)cc1-c1cncc(C#N)c1,8.625905990600586,8.880255790396944,0.13661128524761842,0.5222222222222223,0.2543497997963584
gin,616,CN(CCO)c1ncc(C(=O)Nc2ccc(OC(F)(F)Cl)cc2)cc1-c1cncc(F)c1,9.198969841003418,8.850718035435937,0.09832787626526192,0.5714285714285714,0.3482518055674806
gin,618,CN(CCO)c1ncc(C(=O)Nc2ccc(OC(F)(F)F)cc2)cc1-c1cccnc1,8.267605781555176,8.155564567342267,0.21504244678717377,0.6307692307692307,0.11204121421290836
gin,620,CN(CCO)c1ncc(C(=O)Nc2ccc(OC(F)(F)F)cc2)cc1-c1cncc(C#N)c1,8.1298189163208,8.435622877244127,0.14314267270864345,0.6,0.30580396092332585
gin,621,CN(CCO)c1ncc(C(=O)Nc2ccc(OC(F)(F)F)cc2)cc1-c1cncc(F)c1,8.761439323425293,8.4115142024703,0.1460426287751373,0.6301369863013698,0.3499251209549925
gin,624,CN(CCO)c1ncc(C(=O)Nc2ccc(SC(F)(F)F)cc2)cc1-c1cncc(C#N)c1,8.5774507522583,8.297503613659117,0.1720258241607577,0.4444444444444444,0.27994713859918363
gin,625,CN(CCO)c1ncc(C(=O)Nc2ccc(SC(F)(F)F)cc2)cc1-c1cncc(F)c1,9.018106460571289,8.25634347544239,0.21208497315421856,0.475,0.7617629851288985
gin,902,COc1ccc(-c2cc(C(=O)Nc3ccc(OC(F)(F)F)cc3)cnc2NCCCO)cn1,7.92081880569458,8.260436473482228,0.11352359145746868,0.5352112676056338,0.3396176677876479
gin,1030,COc1ncccc1-c1cncc(C(=O)Nc2ccc(OC(F)(F)F)cc2)c1,7.161150932312012,8.367979846372862,0.07909973407453275,0.6290322580645161,1.20682891406085
gin,1289,Cc1ccc(-c2cc(C(=O)Nc3ccc(OC(F)(F)F)cc3)cnc2N(C)CCCO)cn1,7.522878646850586,8.181372047151157,0.05889355138597009,0.6164383561643836,0.6584934003005714
gin,1290,Cc1ccc(-c2cc(C(=O)Nc3ccc(OC(F)(F)F)cc3)cnc2N(C)CCO)cn1,8.522878646850586,8.27319204869661,0.0939254215850946,0.6338028169014085,0.24968659815397665
gin,1309,Cc1ccc(-c2cc(C(=O)Nc3ccc(OC(F)(F)F)cc3)cnc2NCCCO)cn1,8.522878646850586,8.46998735142895,0.14952006538337215,0.6338028169014085,0.052891295421636286
gin,1310,Cc1ccc(-c2cc(C(=O)Nc3ccc(OC(F)(F)F)cc3)cnc2NCCO)cn1,8.522878646850586,8.534597556043304,0.11586699968944414,0.6521739130434783,0.011718909192717675
gin,2313,O=C(Nc1ccc(OC(F)(F)Cl)cc1)c1cnc(Cl)c(-c2cncc(F)c2)c1,8.408935546875,8.845824764171795,0.10440110483525711,0.6323529411764706,0.43688921729679464
gin,2410,O=C(Nc1ccc(OC(F)(F)F)cc1)c1cnc(Cl)c(-c2cccnc2)c1,8.0,7.889268895972951,0.19121296795790055,0.7636363636363637,0.11073110402704867
gin,2412,O=C(Nc1ccc(OC(F)(F)F)cc1)c1cnc(Cl)c(-c2cncc(F)c2)c1,8.30980396270752,8.24598152251495,0.1038524605228142,0.671875,0.06382244019256866
gin,2498,O=C(Nc1ccc(OC(F)(F)F)cc1)c1cnc(NCCCO)c(-c2cccnc2)c1,7.92081880569458,8.392136429737889,0.19329254875165125,0.6338028169014085,0.47131762404330857
gin,2500,O=C(Nc1ccc(OC(F)(F)F)cc1)c1cnc(NCCO)c(-c2cccnc2)c1,8.522878646850586,8.454275996864752,0.19501651304582598,0.6521739130434783,0.06860264998583432
gin,2505,O=C(Nc1ccc(OC(F)(F)F)cc1)c1cncc(-c2cccnc2)c1,8.060481071472168,7.667792979934432,0.26878159616001385,0.7169811320754716,0.3926880915377362
gin,2506,O=C(Nc1ccc(OC(F)(F)F)cc1)c1cncc(-c2cccnc2O)c1,7.113509178161621,7.785565946775688,0.19472300805498238,0.6101694915254238,0.672056768614067
gin,2507,O=C(Nc1ccc(OC(F)(F)F)cc1)c1cncc(-c2cncc(F)c2)c1,7.585026741027832,8.021183790904823,0.16728663974703492,0.639344262295082,0.4361570498769911
gin,15,C/C=C/C(=O)NCc1ccc(C(=O)Nc2ccc(C)c(Nc3nccc(-c4cccnc4)n3)c2)cc1,4.698969841003418,5.383254544279228,0.15382322175602306,0.6666666666666666,0.6842847032758099
gin,16,C=C(C)C(=O)NCc1ccc(C(=O)Nc2ccc(C)c(Nc3nccc(-c4cccnc4)n3)c2)cc1,4.698969841003418,5.03722382142166,0.09983000875672032,0.676056338028169,0.3382539804182416
gin,738,CNN=Nc1ccc(C(=O)Nc2ccc(C)c(Nc3nccc(-c4cccnc4)n3)c2)cc1C(F)(F)F,7.552842140197754,6.391979317163276,0.14736147156803422,0.6621621621621622,1.1608628230344777
gin,739,CNN=Nc1ccc(C(=O)Nc2ccc(C)c(Nc3nccc(-c4cccnc4)n3)c2)cc1Cl,6.744727611541748,6.460744426848785,0.21303592432172516,0.6901408450704225,0.28398318469296324
gin,998,COc1ccccc1C(=O)Nc1ccc(C)c(Nc2nccc(-c3cccnc3)n2)c1,6.096909999847412,5.8462256676365145,0.08548978698352311,0.7049180327868853,0.2506843322108976
gin,999,COc1ccccc1C(=O)Nc1cccc(Nc2nccc(-c3cccnc3)n2)c1,5.721246242523193,5.7685326762517235,0.1079678655970374,0.6896551724137931,0.04728643372853014
gin,1055,CSc1cccc(C(=O)Nc2ccc(C)c(Nc3nccc(-c4cccnc4)n3)c2)c1,5.958607196807861,5.807536230320371,0.08655879231674739,0.7384615384615385,0.15107096648749074
gin,1382,Cc1ccc(C(=O)Nc2ccc(C)c(Nc3nccc(-c4cccnc4)n3)c2)cc1,7.198969841003418,5.531734841301838,0.037639311981406694,0.8135593220338984,1.6672349997015798
gin,1487,Cc1ccc(C(=O)Nc2cccc(Nc3nccc(-c4cccnc4)n3)c2)cc1,6.0,5.372568233384885,0.07028114555317125,0.8235294117647058,0.627431766615115
gin,1535,Cc1ccc(NC(=O)c2ccc(CCl)cc2)cc1Nc1nccc(-c2cccnc2)n1,5.158015251159668,5.497295412841964,0.013847133234490001,0.7681159420289855,0.33928016168229647
gin,1536,Cc1ccc(NC(=O)c2ccc(CN(C)CCCl)cc2)cc1Nc1nccc(-c2cccnc2)n1,5.507239818572998,5.635259980188408,0.10198612520225427,0.7402597402597403,0.1280201616154102
gin,1537,Cc1ccc(NC(=O)c2ccc(CN(CCCl)CCCl)cc2)cc1Nc1nccc(-c2cccnc2)n1,5.0,5.495508495315207,0.025908105163394833,0.7368421052631579,0.4955084953152067
gin,1539,Cc1ccc(NC(=O)c2ccc(CN)cc2)cc1Nc1nccc(-c2cccnc2)n1,4.698969841003418,5.666453355868652,0.058299284675602144,0.75,0.9674835148652337
gin,1577,Cc1ccc(NC(=O)c2ccc(CNC(=O)CCl)cc2)cc1Nc1nccc(-c2cccnc2)n1,4.698969841003418,5.337108868749122,0.038170698900150166,0.7162162162162162,0.6381390277457042
gin,1578,Cc1ccc(NC(=O)c2ccc(Cl)cc2)cc1Nc1nccc(-c2cccnc2)n1,6.096909999847412,5.416657295506856,0.08014088528872801,0.7868852459016393,0.680252704340556
gin,1581,Cc1ccc(NC(=O)c2ccc(N(CCCl)CCCl)cc2)cc1Nc1nccc(-c2cccnc2)n1,6.6575775146484375,5.401692630104004,0.04232360735712595,0.7101449275362319,1.2558848845444333
gin,1582,Cc1ccc(NC(=O)c2ccc(N)c(C(F)(F)F)c2)cc1Nc1nccc(-c2cccnc2)n1,6.806875228881836,6.643360974337181,0.25348359744837845,0.7205882352941176,0.16351425454465485
gin,1583,Cc1ccc(NC(=O)c2ccc(N)c(N)c2)cc1Nc1nccc(-c2cccnc2)n1,4.602059841156006,6.39995590735904,0.16695847728555874,0.7903225806451613,1.7978960662030339
gin,1584,Cc1ccc(NC(=O)c2ccc(N)cc2)cc1Nc1nccc(-c2cccnc2)n1,5.0,5.748382595468693,0.1075191254360012,0.7868852459016393,0.7483825954686933
gin,1585,Cc1ccc(NC(=O)c2ccc(N=NN(C)C)c(C(F)(F)F)c2)cc1Nc1nccc(-c2cccnc2)n1,7.744727611541748,6.356420635735081,0.18894755070069263,0.6533333333333333,1.3883069758066666
gin,1586,Cc1ccc(NC(=O)c2ccc(N=NN(C)CO)c(C(F)(F)F)c2)cc1Nc1nccc(-c2cccnc2)n1,7.481485843658447,6.453153901503669,0.15330127247048783,0.6477272727272727,1.0283319421547779
gin,1587,Cc1ccc(NC(=O)c2ccc(N=NN(C)CO)cc2)cc1Nc1nccc(-c2cccnc2)n1,5.975924968719482,6.108547700258897,0.06783172048777869,0.676056338028169,0.1326227315394144
gin,1611,Cc1ccc(NC(=O)c2ccccc2)cc1Nc1nccc(-c2cccnc2)n1,5.647068023681641,5.707319384163483,0.18886039546158478,0.8275862068965517,0.06025136048184265
gin,2003,N#Cc1ccc(C(=O)Nc2cccc(Nc3nccc(-c4cccnc4)n3)c2)cc1,5.886056423187256,5.359938406332451,0.025147338068821523,0.7777777777777778,0.526118016854805
gin,2537,O=C(Nc1cccc(Nc2nccc(-c3cccnc3)n2)c1)c1ccc(F)cc1,6.698969841003418,5.33498646425777,0.15875314255899706,0.8235294117647058,1.3639833767456482
gin,2538,O=C(Nc1cccc(Nc2nccc(-c3cccnc3)n2)c1)c1ccccc1,6.397940158843994,5.627821212281364,0.19638624745350608,0.8936170212765957,0.7701189465626301
gin,2586,O=C(O)c1ccccc1C(=O)Nc1cccc(Nc2nccc(-c3cccnc3)n2)c1,5.698969841003418,5.40808425761858,0.1465712720150374,0.7407407407407407,0.2908855833848376
gin,4,C#Cc1ccc(C)c(-c2ccc3nc(NC(=O)[C@@H]4C[C@@H]4F)sc3c2)c1,8.443697929382324,7.445241213225923,0.17782272190517867,0.7164179104477612,0.9984567161564009
gin,17,C=C(C)c1ccc(C)c(-c2ccc3nc(NC(=O)[C@@H]4C[C@@H]4F)sc3c2)c1,8.107905387878418,7.155766625878161,0.32411900273062183,0.6875,0.9521387620002573
gin,79,CC(=O)Nc1ccc(C)c(-c2ccc3nc(NC(=O)C4CC4)sc3c2)c1,7.6458916664123535,7.21418379494796,0.342859483286971,0.6333333333333333,0.4317078714643934
gin,735,CNC[C@@H]1CC1C(=O)Nc1nc2ccc(-c3c(C)cccc3F)cc2s1,5.698969841003418,7.095609836530962,0.3092692612554226,0.71875,1.3966399955275444
gin,758,CNc1ccc(C)c(-c2ccc3nc(NC(=O)[C@@H]4C[C@@H]4F)sc3c2)c1F,7.774690628051758,7.630611442539107,0.1124661215210119,0.6825396825396826,0.1440791855126511
gin,1207,Cc1c(O)cccc1-c1ccc2nc(NC(=O)[C@@H]3C[C@@H]3F)sc2c1,9.221848487854004,8.188542038666663,0.25736458310099947,0.6779661016949152,1.0333064491873412
gin,1339,Cc1ccc(C#N)cc1-c1ccc2nc(NC(=O)[C@@H]3C[C@@H]3F)sc2c1,8.148741722106934,7.6733747429945,0.2401974539346005,0.7164179104477612,0.475366979112434
gin,1490,Cc1ccc(C(C)(C)O)cc1-c1ccc2nc(NC(=O)[C@@H]3C[C@@H]3F)sc2c1,6.935542106628418,7.132788126977798,0.3954237641542639,0.6875,0.19724602034937977
gin,1500,Cc1ccc(N(C)C(=O)OC(C)(C)C)c(F)c1-c1ccc2nc(NC(=O)[C@@H]3C[C@@H]3F)sc2c1,5.2748236656188965,6.271641631585527,0.22603134574523323,0.8028169014084507,0.9968179659666303
gin,1622,Cc1ccc(O)cc1-c1ccc2nc(NC(=O)[C@@H]3C[C@@H]3F)sc2c1,8.81539249420166,8.189814771134841,0.15413741759103403,0.7333333333333333,0.6255777230668187
gin,1648,Cc1cccc(C)c1-c1ccc2nc(NC(=O)[C@@H]3C[C@@H]3F)sc2c1,7.924453258514404,7.92486050861262,0.2256344208129625,0.7692307692307693,0.00040725009821596103
gin,1649,Cc1cccc(C)c1-c1ccc2nc(NC(=O)[C@@H]3C[C@@H]3F)sc2c1.O=CO,7.927382469177246,7.568056202592488,0.22870979799275196,0.7142857142857143,0.3593262665847581
gin,1663,Cc1cccc(Cl)c1-c1ccc2nc(NC(=O)[C@@H]3C[C@@H]3F)sc2c1,7.525783538818359,8.194052382731575,0.21391784029632246,0.7017543859649122,0.6682688439132161
gin,1664,Cc1cccc(Cl)c1-c1ccc2nc(NC(=O)[C@@H]3C[C@@H]3F)sc2c1.O=CO,7.52622127532959,7.797204658902665,0.19006930336619676,0.6557377049180327,0.27098338357307483
gin,1668,Cc1cccc(F)c1-c1cc(F)c2nc(NC(=O)[C@@H]3C[C@@H]3F)sc2c1,6.847711563110352,6.747469886224448,0.26739283835199773,0.7288135593220338,0.10024167688590335
gin,1672,Cc1cccc(F)c1-c1ccc2nc(NC(=O)C3CC3(F)F)sc2c1,7.560667514801025,7.056287547453202,0.1844422279734707,0.8070175438596491,0.5043799673478233
gin,1673,Cc1cccc(F)c1-c1ccc2nc(NC(=O)C3CC3)sc2c1,8.376750946044922,7.361002357832909,0.16326740180636368,0.9215686274509803,1.0157485882120127
gin,1675,Cc1cccc(F)c1-c1ccc2nc(NC(=O)C3C[C@H]3CO)sc2c1,7.235076904296875,6.6042783362158515,0.301123553201716,0.8620689655172413,0.6307985680810235
gin,1676,Cc1cccc(F)c1-c1ccc2nc(NC(=O)[C@@H]3C[C@@H]3CO)sc2c1,7.411168098449707,7.590849404473953,0.11320273911215209,0.8620689655172413,0.17968130602424637
gin,1680,Cc1cccc(F)c1-c1ccc2nc(NC(=O)[C@@H]3C[C@@H]3F)sc2c1,7.735182285308838,7.742978253026034,0.16661840921412374,0.8035714285714286,0.0077959677171959285
gin,1682,Cc1cccc(F)c1-c1ccc2nc(NC(=O)[C@H]3C[C@H]3CO)sc2c1,6.892789840698242,6.831777264417795,0.1817999211170961,0.8620689655172413,0.061012576280447206
gin,1695,Cc1ccccc1-c1ccc2nc(NC(=O)[C@@H]3C[C@@H]3F)sc2c1,8.430625915527344,7.780202435725902,0.15294368552544851,0.7636363636363637,0.6504234798014421
gin,2569,O=C(Nc1nc2ccc(-c3ccccc3)cc2s1)[C@@H]1C[C@@H]1F,8.356547355651855,7.418201236555894,0.10722964670994861,0.6923076923076923,0.9383461190959617
gin,110,CC(C)(C#N)c1ncc(C(=O)Nc2ccc(OC(F)(F)F)cc2)cc1-c1cncnc1,8.261439323425293,7.935751612088413,0.392120125191657,0.6470588235294118,0.32568771133688035
gin,152,CC(C)(O)c1ncc(C(=O)Nc2ccc(OC(F)(F)F)cc2)cc1-c1cncnc1,8.031517028808594,8.202049027317765,0.20462474482993934,0.6842105263157895,0.1705319985091709
gin,368,CCN(CCO)c1ncc(C(=O)Nc2ccc(OC(F)(F)Cl)cc2)cc1-c1cncnc1,8.809894561767578,8.827948486637885,0.02841554774459467,0.6164383561643836,0.01805392487030666
gin,372,CCN(CCO)c1ncc(C(=O)Nc2ccc(OC(F)(F)F)cc2)cc1-c1cncnc1,8.535290718078613,8.361266999839449,0.02537233157694951,0.6388888888888888,0.17402371823916418
gin,376,CCN(CCO)c1ncc(C(=O)Nc2ccc(SC(F)(F)F)cc2)cc1-c1cncnc1,9.2044677734375,8.184107846483927,0.18712702352610425,0.5384615384615384,1.0203599269535726
gin,495,CCOc1ncc(C(=O)Nc2ccc(OC(F)(F)F)cc2)cc1-c1cncnc1,7.668337821960449,8.61980788415645,0.07573297292471319,0.6724137931034483,0.9514700621959999
gin,610,CN(CCCO)c1ncc(C(=O)Nc2ccc(OC(F)(F)F)cc2)cc1-c1cncnc1,8.522878646850586,8.351926822067574,0.11043049663975021,0.6527777777777778,0.17095182478301219
gin,617,CN(CCO)c1ncc(C(=O)Nc2ccc(OC(F)(F)Cl)cc2)cc1-c1cncnc1,8.897939682006836,8.92674805018279,0.08802949867064017,0.625,0.028808368175953447
gin,622,CN(CCO)c1ncc(C(=O)Nc2ccc(OC(F)(F)F)cc2)cc1-c1cncnc1,9.2044677734375,8.448614317455165,0.1520513354767828,0.6714285714285714,0.7558534559823347
gin,626,CN(CCO)c1ncc(C(=O)Nc2ccc(SC(F)(F)F)cc2)cc1-c1cncnc1,8.792512893676758,8.257573721138755,0.2865064041224492,0.5555555555555556,0.534939172538003
gin,817,COCCOc1ncc(C(=O)Nc2ccc(OC(F)(F)F)cc2)cc1-c1cncnc1,7.24654483795166,8.442954857503807,0.17840048212671475,0.6557377049180327,1.1964100195521468
gin,1028,COc1ncc(C(=O)Nc2ccc(OC(F)(F)F)cc2)cc1-c1cncnc1,8.522878646850586,8.640741053215782,0.11611869490795035,0.7321428571428571,0.11786240636519629
gin,1840,Cc1ncc(C(=O)Nc2ccc(OC(F)(F)F)cc2)cc1-c1cncnc1,8.580574989318848,8.443919148691238,0.18554249003726447,0.7547169811320755,0.1366558406276095
gin,2128,Nc1ncc(-c2cncc(C(=O)Nc3ccc(OC(F)(F)F)cc3)c2)cn1,7.978810787200928,7.65714257670358,0.1772895709427773,0.6296296296296297,0.3216682104973474
gin,2314,O=C(Nc1ccc(OC(F)(F)Cl)cc1)c1cnc(Cl)c(-c2cncnc2)c1,8.537602424621582,8.930416497569956,0.024680692163346934,0.6825396825396826,0.392814072948374
gin,2315,O=C(Nc1ccc(OC(F)(F)Cl)cc1)c1cnc(N(CCO)CCO)c(-c2cncnc2)c1,8.576831817626953,8.9352090054305,0.07677870727110701,0.6521739130434783,0.358377187803546
gin,2407,O=C(Nc1ccc(OC(F)(F)F)cc1)c1cnc(C(F)(F)F)c(-c2cncnc2)c1,7.6575775146484375,8.202704623572082,0.17357452726182435,0.7037037037037037,0.5451271089236442
gin,2413,O=C(Nc1ccc(OC(F)(F)F)cc1)c1cnc(Cl)c(-c2cncnc2)c1,8.002182006835938,8.308415611748808,0.15334964456505998,0.7547169811320755,0.30623360491287066
gin,2499,O=C(Nc1ccc(OC(F)(F)F)cc1)c1cnc(NCCCO)c(-c2cncnc2)c1,7.92081880569458,8.706836519277019,0.10888327391385288,0.65625,0.7860177135824387
gin,2502,O=C(Nc1ccc(OC(F)(F)F)cc1)c1cnc(OCCNCCO)c(-c2cncnc2)c1,8.376750946044922,8.732718255816943,0.1634177261529403,0.6615384615384615,0.35596730977202107
gin,2504,O=C(Nc1ccc(OC(F)(F)F)cc1)c1cnc(OCCO)c(-c2cncnc2)c1,7.638272285461426,8.725719733302904,0.05518798172126293,0.7586206896551724,1.0874474478414786
gin,2508,O=C(Nc1ccc(OC(F)(F)F)cc1)c1cncc(-c2cncnc2)c1,7.893640041351318,8.120942033578496,0.2663561759707704,0.7872340425531915,0.2273019922271775
gin,315,CC1(O)CCN(c2ncc(C(=O)Nc3ccc(OC(F)(F)Cl)cc3)cc2-c2ccn[nH]2)C1,9.548455238342285,8.92638336148921,0.026305000636766714,0.8955223880597015,0.6220718768530755
gin,600,CN(C)[C@H]1CN(c2ncc(C(=O)Nc3ccc(OC(F)(F)Cl)cc3)cc2-c2ccn[nH]2)C[C@@H]1O,9.426936149597168,8.85348576326066,0.08588871215140169,0.8333333333333334,0.5734503863365088
gin,771,COC(=O)C1CCN(c2ncc(C(=O)Nc3ccc(OC(F)(F)Cl)cc3)cc2-c2ccn[nH]2)C1,7.455932140350342,8.548013483493923,0.12130156940423685,0.7808219178082192,1.0920813431435814
gin,831,CO[C@H]1CN(c2ncc(C(=O)Nc3ccc(OC(F)(F)Cl)cc3)cc2-c2ccn[nH]2)C[C@@H]1N,9.0774507522583,8.992140835768708,0.07804352750686996,0.8169014084507042,0.0853099164895923
gin,833,CO[C@H]1CN(c2ncc(C(=O)Nc3ccc(OC(F)(F)F)cc3)cc2-c2ccn[nH]2)C[C@@H]1N,8.420818328857422,8.588308825664972,0.11870848635675746,0.7887323943661971,0.16749049680755057
gin,1132,C[C@@]1(O)CCN(c2ncc(C(=O)Nc3ccc(OC(F)(F)Cl)cc3)cc2-c2ccn[nH]2)C1,9.397939682006836,8.767289171323617,0.1200760715657058,0.8955223880597015,0.6306505106832194
gin,1133,C[C@@]1(O)CCN(c2ncc(C(=O)Nc3ccc(OC(F)(F)F)cc3)cc2-c2ccn[nH]2)C1,8.602060317993164,8.352735973124794,0.08067641317399558,0.8923076923076924,0.24932434486836996
gin,1164,C[C@]1(O)CCN(c2ncc(C(=O)Nc3ccc(OC(F)(F)Cl)cc3)cc2-c2ccn[nH]2)C1,9.0,8.922793736575722,0.0412928414890476,0.8955223880597015,0.07720626342427828
gin,1165,C[C@]1(O)CCN(c2ncc(C(=O)Nc3ccc(OC(F)(F)F)cc3)cc2-c2ccn[nH]2)C1,8.688375473022461,8.50622501665255,0.0402319780277485,0.8923076923076924,0.18215045636991078
gin,1994,N#Cc1cc(-c2cc(C(=O)Nc3ccc(OC(F)(F)F)cc3)cnc2N2CCCC2)[nH]n1,7.934994220733643,8.758259146985978,0.02754793345428762,0.6438356164383562,0.8232649262523353
gin,2051,NCC1(F)CCN(c2ncc(C(=O)Nc3ccc(OC(F)(F)Cl)cc3)cc2-c2ccn[nH]2)C1,8.63420581817627,8.809448668167795,0.003456516779645765,0.7662337662337663,0.17524284999152506
gin,2052,NCC1(O)CCN(c2ncc(C(=O)Nc3ccc(OC(F)(F)Cl)cc3)cc2-c2ccn[nH]2)C1,9.397939682006836,8.799521158335418,0.019234133676990697,0.7662337662337663,0.5984185236714179
gin,2065,NC[C@H]1CN(c2ncc(C(=O)Nc3ccc(OC(F)(F)Cl)cc3)cc2-c2ccn[nH]2)C[C@H]1O,9.641998291015625,8.749058351190888,0.11601765051760463,0.8142857142857143,0.8929399398247373
gin,2074,N[C@@H]1CN(c2ncc(C(=O)Nc3ccc(OC(F)(F)Cl)cc3)cc2-c2ccn[nH]2)C[C@H]1F,8.495699882507324,9.042904855101469,0.04049735058511924,0.8529411764705882,0.5472049725941446
gin,2086,N[C@]1(C(F)(F)F)CCN(c2ncc(C(=O)Nc3ccc(OC(F)(F)F)cc3)cc2-c2ccn[nH]2)C1,8.387216567993164,8.383935024276795,0.0724597881416253,0.7567567567567568,0.0032815437163691286
gin,2323,O=C(Nc1ccc(OC(F)(F)Cl)cc1)c1cnc(N2CCC(F)(F)C2)c(-c2ccn[nH]2)c1,8.259636878967285,8.875532085741503,0.025652832321127528,0.8309859154929577,0.6158952067742174
gin,2338,O=C(Nc1ccc(OC(F)(F)Cl)cc1)c1cnc(N2CC[C@@H](O)C2)c(-c2[nH]ncc2F)c1,9.154901504516602,8.963198022439272,0.1314631952569442,0.8939393939393939,0.19170348207732957
gin,2355,O=C(Nc1ccc(OC(F)(F)Cl)cc1)c1cnc(N2C[C@H](O)[C@@H](F)C2)c(-c2ccn[nH]2)c1,8.911953926086426,9.053233452742381,0.09572263908930287,0.8507462686567164,0.14127952665595522
gin,2435,O=C(Nc1ccc(OC(F)(F)F)cc1)c1cnc(N2CCCC2)c(-c2cc(CO)n[nH]2)c1,8.481486320495605,8.681317822690275,0.08114584851374428,0.6712328767123288,0.1998315021946695
gin,2437,O=C(Nc1ccc(OC(F)(F)F)cc1)c1cnc(N2CCCC2)c(-c2ccn[nH]2)c1,8.809894561767578,8.544642950814188,0.13118132078404407,0.7846153846153846,0.2652516109533902
gin,2469,O=C(Nc1ccc(OC(F)(F)F)cc1)c1cnc(N2CC[C@@H](O)C2)c(-c2ccn[nH]2)c1,8.95860767364502,8.502987841705837,0.10627372287892713,0.8088235294117647,0.4556198319391829
gin,2494,O=C(Nc1ccc(OC(F)(F)F)cc1)c1cnc(N2C[C@H](O)[C@@H](F)C2)c(-c2ccn[nH]2)c1,8.431797981262207,8.636954150172278,0.14310350438283595,0.7941176470588235,0.2051561689100705
gin,180,CC(C)n1c(C(F)F)nc2cc(C(=O)Nc3ccc(OC(F)(F)Cl)cc3)cc(-c3ccn[nH]3)c21,9.267605781555176,9.046303479781074,0.07637539317547772,0.7567567567567568,0.22130230177410226
gin,186,CC(C)n1c([C@@H](C)O)nc2cc(C(=O)Nc3ccc(OC(F)(F)Cl)cc3)cc(-c3ccn[nH]3)c21,8.946921348571777,8.98387614404154,0.05191756373058673,0.72,0.03695479546976266
gin,188,CC(C)n1c([C@H](C)O)nc2cc(C(=O)Nc3ccc(OC(F)(F)Cl)cc3)cc(-c3ccn[nH]3)c21,9.318758964538574,9.13476074845714,0.07283359888510714,0.72,0.1839982160814344
gin,194,CC(C)n1cnc2cc(C(=O)Nc3ccc(OC(F)(F)Cl)cc3)cc(-c3ccn[nH]3)c21,9.28399658203125,9.277338110960665,0.04814923968543054,0.7941176470588235,0.006658471070585037
gin,195,CC(C)n1cnc2cc(C(=O)Nc3ccc(OC(F)(F)Cl)cc3)cc(-c3ccnn3C)c21,8.603800773620605,9.253752245425966,0.09038916661768892,0.7285714285714285,0.6499514718053607
gin,542,CCn1c(CO)nc2cc(C(=O)Nc3ccc(OC(F)(F)Cl)cc3)cc(-c3ccn[nH]3)c21,9.060481071472168,9.055030199298438,0.093646750669404,0.6623376623376623,0.005450872173730303
gin,544,CCn1c(OC)nc2cc(C(=O)Nc3ccc(OC(F)(F)Cl)cc3)cc(-c3ccn[nH]3)c21,9.356547355651855,9.156601739345248,0.15417189029775574,0.7162162162162162,0.19994561630660712
gin,546,CCn1c([C@@H](C)O)nc2cc(C(=O)Nc3ccc(OC(F)(F)Cl)cc3)cc(-c3ccn[nH]3)c21,9.318758964538574,9.119364493548375,0.04266865158222576,0.7236842105263158,0.19939447099019958
gin,548,CCn1c([C@H](C)O)nc2cc(C(=O)Nc3ccc(OC(F)(F)Cl)cc3)cc(-c3ccn[nH]3)c21,9.481486320495605,9.255718622003817,0.0729177753817536,0.7236842105263158,0.22576769849178824
gin,561,CCn1cnc2cc(C(=O)Nc3ccc(OC(F)(F)Cl)cc3)cc(-c3ccn[nH]3)c21,9.30980396270752,9.332930086072542,0.03341870948882748,0.7428571428571429,0.02312612336502262
gin,1012,COc1nc2cc(C(=O)Nc3ccc(OC(F)(F)Cl)cc3)cc(-c3ccn[nH]3)c2n1C(C)C,9.443697929382324,9.137558851153054,0.15637758887553427,0.6582278481012658,0.3061390782292701
gin,1013,COc1nc2cc(C(=O)Nc3ccc(OC(F)(F)Cl)cc3)cc(-c3ccn[nH]3)c2n1[C@H](C)CO,9.585026741027832,9.193914256482634,0.1812543670173327,0.7341772151898734,0.3911124845451983
gin,1061,C[C@@H](C(F)F)n1cnc2cc(C(=O)Nc3ccc(OC(F)(F)Cl)cc3)cc(-c3ccn[nH]3)c21,9.06550121307373,8.710993691366221,0.05508564896275395,0.7397260273972602,0.3545075217075091
gin,1065,C[C@@H](CF)n1c(C(F)F)nc2cc(C(=O)Nc3ccc(OC(F)(F)Cl)cc3)cc(-c3ccn[nH]3)c21,9.28399658203125,8.797733543264647,0.06993444727677015,0.717948717948718,0.4862630387666034
gin,1067,C[C@@H](CF)n1cnc2cc(C(=O)Nc3ccc(OC(F)(F)Cl)cc3)cc(-c3ccn[nH]3)c21,9.251811981201172,8.957283166258842,0.06739090708319483,0.6933333333333334,0.2945288149423302
gin,1071,C[C@@H](CO)n1cnc2cc(C(=O)Nc3ccc(OC(F)(F)Cl)cc3)cc(-c3ccn[nH]3)c21,9.481486320495605,9.062405649232863,0.052993588843214076,0.7236842105263158,0.4190806712627424
gin,1137,C[C@H](C(F)F)n1cnc2cc(C(=O)Nc3ccc(OC(F)(F)Cl)cc3)cc(-c3ccn[nH]3)c21,9.537602424621582,9.043470943776063,0.16262911593116058,0.7397260273972602,0.4941314808455193
gin,1143,C[C@H](CF)n1c(C(F)F)nc2cc(C(=O)Nc3ccc(OC(F)(F)Cl)cc3)cc(-c3ccn[nH]3)c21,9.244125366210938,9.035625412588724,0.12924039649739977,0.717948717948718,0.20849995362221385
gin,1145,C[C@H](CF)n1cnc2cc(C(=O)Nc3ccc(OC(F)(F)Cl)cc3)cc(-c3ccn[nH]3)c21,9.443697929382324,9.249030443163292,0.08836722440624101,0.6933333333333334,0.19466748621903207
gin,1151,C[C@H](CO)n1cnc2cc(C(=O)Nc3ccc(OC(F)(F)Cl)cc3)cc(-c3ccn[nH]3)c21,9.494850158691406,9.312081890556835,0.07485423952900352,0.7236842105263158,0.1827682681345717
gin,365,CCN(CCO)c1ncc(C(=O)Nc2ccc(OC(F)(F)Cl)cc2)cc1-c1ccn[nH]1,8.943028450012207,8.750149500269382,0.0832353340397247,0.631578947368421,0.19287894974282516
gin,369,CCN(CCO)c1ncc(C(=O)Nc2ccc(OC(F)(F)F)cc2)cc1-c1ccn[nH]1,8.895242691040039,8.285337241191456,0.051463973634613414,0.6216216216216216,0.6099054498485827
gin,373,CCN(CCO)c1ncc(C(=O)Nc2ccc(SC(F)(F)F)cc2)cc1-c1ccn[nH]1,8.673394203186035,8.164416686249574,0.1817550274880354,0.48148148148148145,0.5089775169364614
gin,614,CN(CCO)c1ncc(C(=O)Nc2ccc(OC(F)(F)Cl)cc2)cc1-c1ccn[nH]1,8.51857852935791,8.863426209363857,0.05397895224409659,0.6447368421052632,0.34484768000594634
gin,619,CN(CCO)c1ncc(C(=O)Nc2ccc(OC(F)(F)F)cc2)cc1-c1ccn[nH]1,8.158026695251465,8.39746909031829,0.12104904175398841,0.6351351351351351,0.23944239506682585
gin,623,CN(CCO)c1ncc(C(=O)Nc2ccc(SC(F)(F)F)cc2)cc1-c1ccn[nH]1,8.479303359985352,8.258665979946365,0.2745534344525674,0.48148148148148145,0.22063738003898692
gin,816,COCCOc1ncc(C(=O)Nc2ccc(OC(F)(F)F)cc2)cc1-c1ccn[nH]1,7.345184803009033,8.300052915087555,0.23358811672114324,0.6428571428571429,0.9548681120785218
gin,2359,O=C(Nc1ccc(OC(F)(F)Cl)cc1)c1cnc(NCC(O)CCO)c(-c2ccn[nH]2)c1,8.244125366210938,8.804630414591793,0.03701466721737787,0.6363636363636364,0.5605050483808558
gin,2360,O=C(Nc1ccc(OC(F)(F)Cl)cc1)c1cnc(NCCC(O)C(=O)O)c(-c2ccn[nH]2)c1,8.275724411010742,8.13924907624812,0.07420149723792696,0.6153846153846154,0.13647533476262197
gin,2361,O=C(Nc1ccc(OC(F)(F)Cl)cc1)c1cnc(NCCC(O)CO)c(-c2ccn[nH]2)c1,8.180456161499023,8.872374240573203,0.028766429062776207,0.6363636363636364,0.6919180790741795
gin,2362,O=C(Nc1ccc(OC(F)(F)Cl)cc1)c1cnc(NCC[C@@H](O)CO)c(-c2ccn[nH]2)c1,7.886056423187256,8.872846541284346,0.07226369061166825,0.6363636363636364,0.9867901180970904
gin,2363,O=C(Nc1ccc(OC(F)(F)Cl)cc1)c1cnc(NCC[C@H](O)CO)c(-c2ccn[nH]2)c1,8.107905387878418,9.000293032670209,0.12151093219733619,0.6363636363636364,0.8923876447917909
gin,2364,O=C(Nc1ccc(OC(F)(F)Cl)cc1)c1cnc(NC[C@@H](O)CCO)c(-c2ccn[nH]2)c1,8.244125366210938,8.8607808053941,0.06760651031737817,0.6363636363636364,0.6166554391831625
gin,2365,O=C(Nc1ccc(OC(F)(F)Cl)cc1)c1cnc(NC[C@H](O)CCO)c(-c2ccn[nH]2)c1,8.29242992401123,8.990301539027746,0.11851054754862361,0.6363636363636364,0.6978716150165152
gin,2411,O=C(Nc1ccc(OC(F)(F)F)cc1)c1cnc(Cl)c(-c2ccn[nH]2)c1,7.259637355804443,8.248714563378208,0.11074976283330862,0.6949152542372882,0.9890772075737644
gin,2503,O=C(Nc1ccc(OC(F)(F)F)cc1)c1cnc(OCCO)c(-c2ccn[nH]2)c1,6.276708126068115,8.586525205619012,0.11723072151877413,0.6764705882352942,2.3098170795508963
gin,2582,O=C(O)CCNc1ncc(C(=O)Nc2ccc(OC(F)(F)Cl)cc2)cc1-c1ccn[nH]1,7.638272285461426,8.416870960025761,0.17816685252957815,0.6266666666666667,0.7785986745643356
gin,2583,O=C(O)CCNc1ncc(C(=O)Nc2ccc(OC(F)(F)F)cc2)cc1-c1ccn[nH]1,7.327902317047119,7.887544028156969,0.17252439087287322,0.6164383561643836,0.5596417111098502
