model,test_idx,smiles,y_true,pred,std,max_sim,abs_err
rf,85,Brc1cccc(Nc2ncnc3ccccc23)c1,7.568636417388916,7.009773685932159,1.2817212711836115,0.7272727272727273,0.5588627314567569
rf,125,C#CC(=O)Nc1ccc2ncnc(Nc3cccc(Br)c3)c2c1,8.682257652282715,7.47589114189148,0.5086498081518432,0.6909090909090909,1.206366510391235
rf,127,C#CCCCCCOc1cc2c(Nc3ccc(F)c(Cl)c3)ncnc2cc1OC,7.485452175140381,7.638100372639913,0.8897939856413063,0.6865671641791045,0.1526481974995324
rf,128,C#CCCCCOc1cc2c(Nc3ccc(F)c(Cl)c3)ncnc2cc1OC,7.059981822967529,7.536681178824106,0.8288084947451354,0.696969696969697,0.4766993558565771
rf,129,C#CCCCOc1cc2c(Nc3ccc(F)c(Cl)c3)ncnc2cc1OC,8.596879005432129,7.604257946141561,0.6535420226454702,0.7076923076923077,0.9926210592905678
rf,130,C#CCCCOc1cc2c(Nc3cccc(Cl)c3)ncnc2cc1OC,7.752026557922363,7.377167584911982,1.102726874738949,0.5846153846153846,0.3748589730103813
rf,140,C#CCOc1cc2c(Nc3ccc(F)c(Cl)c3)ncnc2cc1OC,7.829738140106201,7.279184046443303,0.7482731159732283,0.671875,0.5505540936628979
rf,141,C#CCOc1cc2c(Nc3cccc(Cl)c3)ncnc2cc1OC,7.586700439453125,6.934546562830607,1.0110747900191484,0.6129032258064516,0.6521538766225179
rf,142,C#CCOc1cc2ncnc(Nc3ccc(F)c(Cl)c3)c2cc1NC(=O)C=C,8.154901504516602,8.247698278141023,0.5341360412236659,0.6753246753246753,0.09279677362442129
rf,147,C#Cc1cc(C=O)cc(Nc2ncnc3cc(OCCOC)c(OCCOC)cc23)c1,6.959397792816162,7.1430778305689495,0.9957630984621625,0.5394736842105263,0.1836800377527874
rf,148,C#Cc1cc(Nc2ncnc3cc(OC)c(OC)cc23)ccc1F,8.397939682006836,6.781143541018168,0.8736900454708075,0.5666666666666667,1.6167961409886678
rf,149,C#Cc1cc(Nc2ncnc3cc(OC)c(OCCCCCCC(=O)NO)cc23)ccc1F,7.540607452392578,7.465925421142578,0.9389793339270396,0.6712328767123288,0.07468203125000006
rf,150,C#Cc1cc(Nc2ncnc3cc(OC)c(OCCCCCCC(=O)NO)cc23)ccc1O,7.0,7.503065456771849,0.92353469840719,0.6805555555555556,0.5030654567718491
rf,151,C#Cc1cc(Nc2ncnc3cc(OC)c(OCCCCCCCC(=O)NO)cc23)ccc1F,7.0,7.465925421142578,0.9389793339270396,0.6712328767123288,0.46592542114257807
rf,152,C#Cc1cc(Nc2ncnc3cc(OCCOC)c(OCCCCCCCC(=O)NO)cc23)ccc1F,7.0,7.517213736554554,0.9645177048432152,0.6419753086419753,0.5172137365545542
rf,153,C#Cc1cc(Nc2ncnc3cc(OCCOC)c(OCCOC)cc23)cc(OC(=O)C=C)c1,5.877784252166748,6.694512736320496,1.065438455280762,0.5769230769230769,0.8167284841537477
rf,154,C#Cc1cc(Nc2ncnc3cc(OCCOC)c(OCCOC)cc23)ccc1C=O,7.316953182220459,7.3122545967737835,0.7908977377102994,0.5263157894736842,0.004698585446675452
rf,155,C#Cc1cc(O)cc(Nc2ncnc3cc(OCCOC)c(OCCOC)cc23)c1,5.0,7.270172830915451,1.0801263410449566,0.5616438356164384,2.2701728309154507
rf,156,C#Cc1cc2c(Nc3ccc(F)c(Cl)c3)ncnc2cc1OC,6.0,7.27652983171145,0.7395262098245288,0.6557377049180327,1.27652983171145
rf,158,C#Cc1ccc2ncnc(Nc3ccc(F)c(Cl)c3)c2c1,6.896538257598877,6.940234120368958,0.6654863337145653,0.74,0.04369586277008075
rf,174,C#Cc1cccc(Nc2nc(Cl)nc3cc(OC)c(OC)cc23)c1,5.096909999847412,5.188995488643647,1.0583484854511747,0.5357142857142857,0.09208548879623457
rf,184,C#Cc1cccc(Nc2ncnc3cc(O)c(OCCCCCCC(=O)NO)cc23)c1,7.0,7.192800677372159,1.3333083114009225,0.6282051282051282,0.19280067737215933
rf,190,C#Cc1cccc(Nc2ncnc3cc(OC)c(NC(=O)CCCC(=O)NO)cc23)c1,7.0,7.514592082341513,0.897184867203044,0.6363636363636364,0.5145920823415127
rf,191,C#Cc1cccc(Nc2ncnc3cc(OC)c(NC(=O)CCCCC(=O)NO)cc23)c1,7.0,7.520095274289449,0.8850440987613718,0.6538461538461539,0.5200952742894493
rf,192,C#Cc1cccc(Nc2ncnc3cc(OC)c(NC(=O)CCCCCCC(=O)NO)cc23)c1,7.0,7.747174241029648,0.9502974684268091,0.6455696202531646,0.747174241029648
rf,195,C#Cc1cccc(Nc2ncnc3cc(OC)c(OC)cc23)c1,7.721246242523193,7.217418494224549,1.0132408952873002,0.7872340425531915,0.5038277482986446
rf,196,C#Cc1cccc(Nc2ncnc3cc(OC)c(OCC(=O)NO)cc23)c1,7.0,7.336398002147676,1.0536930717768473,0.631578947368421,0.3363980021476758
rf,197,C#Cc1cccc(Nc2ncnc3cc(OC)c(OCCC(=O)NO)cc23)c1,7.0,7.44666524553299,1.0743480596757375,0.68,0.4466652455329898
rf,198,C#Cc1cccc(Nc2ncnc3cc(OC)c(OCCCC(=O)NO)cc23)c1,7.0,7.3360505074501035,1.366449288364439,0.7162162162162162,0.33605050745010345
rf,199,C#Cc1cccc(Nc2ncnc3cc(OC)c(OCCCCC(=O)NO)cc23)c1,7.411954402923584,7.735312500585828,0.958206180926659,0.7534246575342466,0.3233580976622443
rf,201,C#Cc1cccc(Nc2ncnc3cc(OC)c(OCCCCCC(=O)NO)cc23)c1,7.668621063232422,7.962107882197697,0.9454340995800009,0.7432432432432432,0.29348681896527484
rf,202,C#Cc1cccc(Nc2ncnc3cc(OC)c(OCCCCCCC(=O)NO)cc23)c1,8.619789123535156,7.962107882197697,0.9454340995800009,0.7432432432432432,0.6576812413374595
rf,224,C#Cc1cccc(Nc2ncnc3cc(OCCCCCCC(=O)NO)c(OC)cc23)c1,7.543093204498291,7.962107882197697,0.9454340995800009,0.7432432432432432,0.4190146776994057
rf,225,C#Cc1cccc(Nc2ncnc3cc(OCCCCCCC(=O)NO)c(OCCOC)cc23)c1,7.0,7.972380323943637,0.8593307926575203,0.6666666666666666,0.9723803239436366
rf,231,C#Cc1cccc(Nc2ncnc3cc(OCCO)c(OCCOC)cc23)c1,9.0,7.683557720327377,0.9419223839771089,0.6857142857142857,1.3164422796726232
rf,244,C#Cc1cccc(Nc2ncnc3cc(OCCOC)c(NC(=O)/C=C/CN(C)C)cc23)c1,8.920818328857422,7.904147540410359,0.7687970540678447,0.7307692307692307,1.0166707884470627
rf,245,C#Cc1cccc(Nc2ncnc3cc(OCCOC)c(NC(=O)C=C)cc23)c1,8.74472713470459,7.941303897857666,0.6409008645928947,0.6375,0.8034232368469238
rf,246,C#Cc1cccc(Nc2ncnc3cc(OCCOC)c(OCCCCCCC(=O)NO)cc23)c1,7.0,7.972380323943637,0.8593307926575203,0.6666666666666666,0.9723803239436366
rf,249,C#Cc1cccc(Nc2ncnc3cc(OCCOC)c(OCCOC)cc23)c1,7.522878646850586,7.765341821098327,0.7873423242843421,0.7121212121212122,0.24246317424774144
rf,250,C#Cc1cccc(Nc2ncnc3cc(OCCOC)c(OCCOC)cc23)c1.Cl,7.489405155181885,7.745285847091674,0.8071085462391745,0.7014925373134329,0.25588069190978935
rf,252,C#Cc1cccc(Nc2ncnc3cc(OCCOCC)c(NC(=O)/C=C/CN(C)C)cc23)c1,9.112945556640625,8.055473514874777,0.6521700454703964,0.7375,1.0574720417658483
rf,289,C#Cc1cccc(Nc2ncnc3ccc(NC(C)=O)cc23)c1,7.408935546875,7.023165088176727,0.8140698627123981,0.5737704918032787,0.3857704586982731
rf,290,C#Cc1cccc(Nc2ncnc3ccc(NC(N)=O)cc23)c1,6.712198257446289,7.116378289222717,0.78689020754503,0.5614035087719298,0.4041800317764279
rf,291,C#Cc1cccc(Nc2ncnc3ccc(OCC(=O)NO)cc23)c1,7.0,7.453641944885253,0.9373229000770852,0.589041095890411,0.4536419448852529
rf,292,C#Cc1cccc(Nc2ncnc3ccc(OCCCC(=O)NO)cc23)c1,7.0,7.53130701971054,1.0954449350048274,0.5657894736842105,0.5313070197105398
rf,293,C#Cc1cccc(Nc2ncnc3ccc(OCCCCC(=O)NO)cc23)c1,7.0,7.58760969909032,1.057364916850023,0.5970149253731343,0.5876096990903203
rf,294,C#Cc1cccc(Nc2ncnc3ccc(OCCCCCC(=O)NO)cc23)c1,7.0,7.642614313920338,1.091797832738524,0.6119402985074627,0.6426143139203377
rf,295,C#Cc1cccc(Nc2ncnc3ccc(OCCCCCCC(=O)NO)cc23)c1,7.0,7.642614313920338,1.091797832738524,0.6119402985074627,0.6426143139203377
rf,296,C#Cc1cccc(Nc2ncnc3ccc(OCCCCNCCS(C)(=O)=O)cc23)c1,7.958607196807861,6.87587172794342,0.7874517041726272,0.6956521739130435,1.082735468864441
rf,297,C#Cc1cccc(Nc2ncnc3ccc(OCCCCOP(N)(=O)N(CCCl)CCCl)cc23)c1,7.958607196807861,6.903977565606436,0.9616973089371093,0.6463414634146342,1.0546296312014256
rf,298,C#Cc1cccc(Nc2ncnc3ccc(OCCCOP(N)(=O)N(CCCl)CCCl)cc23)c1,8.142667770385742,6.900057394822439,0.9598319539352425,0.6463414634146342,1.2426103755633031
rf,330,C/C=C/C(=O)Cc1ccc2ncnc(Nc3cccc(Br)c3)c2c1,9.260032653808594,7.5355288837675065,0.7441147355803552,0.5846153846153846,1.7245037700410872
rf,352,C/C=C/C(=O)Nc1ccc2c(Nc3cccc(Br)c3)ncnc2c1,9.168740272521973,7.299780439304171,1.3691717524109148,0.7049180327868853,1.8689598332178017
rf,354,C/C=C/C(=O)Nc1ccc2ncnc(Nc3cccc(Br)c3)c2c1,8.060481071472168,7.073990593058723,0.9011980883396201,0.7543859649122807,0.9864904784134447
rf,363,C/C=C\C(=O)Nc1ccc2ncnc(Nc3cccc(Br)c3)c2c1,6.570247650146484,7.073990593058723,0.9011980883396201,0.7543859649122807,0.5037429429122389
rf,364,C/N=N/Nc1ccc2ncnc(N(C)c3ccccc3)c2c1,5.096909999847412,5.430630021476746,0.9058713452161602,0.6851851851851852,0.33372002162933345
rf,366,C/N=N/Nc1ccc2ncnc(Nc3cccc(Br)c3)c2c1,7.408935546875,7.3956349999427795,0.5156982446515033,0.7037037037037037,0.013300546932220492
rf,367,C/N=N/Nc1ccc2ncnc(Nc3cccc(C)c3)c2c1,6.698969841003418,6.966425736427307,0.9323680560603193,0.55,0.2674558954238888
rf,368,C/N=N/Nc1ccc2ncnc(Nc3cccc(Cl)c3)c2c1,7.0,6.605724108695984,0.7334536923682026,0.6111111111111112,0.39427589130401586
rf,380,C=C(C)C(=O)Cc1ccc2ncnc(Nc3cccc(Br)c3)c2c1,8.920095443725586,7.803014869642258,0.8390837242698487,0.5862068965517241,1.117080574083328
rf,384,C=C(C)C(=O)Nc1cc2c(Nc3ccc(Br)cc3F)ncnc2cc1OCCNC(C)=O,5.991399765014648,7.105688609186808,0.9494523284748215,0.6455696202531646,1.11428884417216
rf,387,C=C(C)C(=O)Nc1ccc2ncnc(Nc3cccc(Br)c3)c2c1,7.79587984085083,7.633950150362651,0.9000163515802546,0.6785714285714286,0.1619296904881793
rf,442,C=C=CC(=O)Cc1ccc2ncnc(Nc3cccc(Br)c3)c2c1,8.799970626831055,7.622217015075684,0.6967091989185679,0.5666666666666667,1.1777536117553709
rf,464,C=C=CC(=O)Nc1ccc2ncnc(Nc3cccc(Br)c3)c2c1,7.858349323272705,7.271439018497013,0.8124447117038522,0.6833333333333333,0.5869103047756923
rf,465,C=C=CCCCCCOc1cc2c(Nc3ccc(F)c(Cl)c3)ncnc2cc1O,8.351639747619629,7.376481831536974,1.1805073117800946,0.5131578947368421,0.9751579160826553
rf,466,C=C=CCCCCOc1cc2c(Nc3ccc(F)c(Cl)c3)ncnc2cc1O,7.183758735656738,7.351143009185791,1.158935470760941,0.52,0.16738427352905294
rf,467,C=C=CCCCOc1cc2c(Nc3ccc(F)c(Cl)c3)ncnc2cc1O,8.500312805175781,7.349960843086243,1.1551078427879786,0.527027027027027,1.1503519620895384
rf,468,C=C=CCCCOc1cc2c(Nc3cccc(Cl)c3)ncnc2cc1O,7.545155048370361,7.229390973885854,1.1348285612642057,0.4782608695652174,0.31576407448450716
rf,469,C=C=CCOc1cc2c(Nc3ccc(F)c(Cl)c3)ncnc2cc1O,7.623423099517822,7.345663148164749,1.096002868983939,0.5373134328358209,0.2777599513530733
rf,470,C=C=CCOc1cc2c(Nc3cccc(Cl)c3)ncnc2cc1O,7.77211332321167,7.214594439029693,1.1010488874222697,0.5,0.5575188841819765
rf,492,C=CC(=O)N(C)c1cc2c(Nc3ccc(Br)cc3F)ncnc2cc1OCCNC(C)=O,6.410050392150879,7.378437719217937,0.8982159768935897,0.6024096385542169,0.9683873270670578
rf,1157,C=CC(=O)NCCOc1cc2ncnc(Nc3ccc(Br)cc3F)c2cc1NC(=O)C=C,8.301030158996582,7.183662096977234,0.5353064493330054,0.835820895522388,1.1173680620193478
rf,1711,C=CC(=O)Nc1cc2c(Nc3c(F)cc(Br)cc3F)ncnc2cc1OCCNC(=O)CN(C)C,6.756961822509766,7.310277709643047,0.9094659635924833,0.6341463414634146,0.5533158871332811
rf,1712,C=CC(=O)Nc1cc2c(Nc3c(F)cc(Br)cc3F)ncnc2cc1OCCNC(C)=O,7.6575775146484375,7.075318305969239,0.8940629355068306,0.6710526315789473,0.5822592086791989
rf,1713,C=CC(=O)Nc1cc2c(Nc3cc(C(=O)NOC)c(Br)cc3F)ncnc2cc1OCCNC(C)=O,5.0,7.116502403322856,0.6563403280463127,0.5977011494252874,2.1165024033228557
rf,1714,C=CC(=O)Nc1cc2c(Nc3cc(Cl)c(Br)cc3F)ncnc2cc1OCCNC(=O)CN(C)C,8.045757293701172,7.400499108632407,0.8422794628138278,0.6046511627906976,0.6452581850687649
rf,1715,C=CC(=O)Nc1cc2c(Nc3cc(Cl)c(Br)cc3F)ncnc2cc1OCCNC(C)=O,7.823908805847168,7.173209608713786,0.6769580646840143,0.6666666666666666,0.650699197133382
rf,1716,C=CC(=O)Nc1cc2c(Nc3cc(Cl)c(Br)cc3F)ncnc2cc1OCCNCC(C)=O,7.886056423187256,7.418313977559408,0.8128516478708624,0.5813953488372093,0.46774244562784784
rf,1717,C=CC(=O)Nc1cc2c(Nc3cc(Cl)c(Cl)cc3Cl)ncnc2cc1OCCNC(C)=O,6.057496070861816,7.088688764572144,0.6714949488341527,0.7611940298507462,1.0311926937103273
rf,1719,C=CC(=O)Nc1cc2c(Nc3cc(Cl)c(Cl)cc3F)ncnc2cc1OCCN(C)C,6.493494987487793,7.7798809070587165,0.9511173530824905,0.625,1.2863859195709235
rf,1720,C=CC(=O)Nc1cc2c(Nc3cc(Cl)c(Cl)cc3F)ncnc2cc1OCCNC(=O)CN(C)C,8.045757293701172,7.331372543652854,0.8978534185292755,0.5952380952380952,0.7143847500483176
rf,1721,C=CC(=O)Nc1cc2c(Nc3cc(Cl)c(Cl)cc3F)ncnc2cc1OCCNC(=O)COC,7.698969841003418,7.164210151354472,0.8114399126627801,0.6024096385542169,0.5347596896489462
rf,1722,C=CC(=O)Nc1cc2c(Nc3cc(Cl)c(Cl)cc3F)ncnc2cc1OCCNC(=O)CS(C)(=O)=O,7.397940158843994,7.244262787501017,0.8192162921803856,0.5882352941176471,0.15367737134297688
rf,1723,C=CC(=O)Nc1cc2c(Nc3cc(Cl)c(Cl)cc3F)ncnc2cc1OCCNC(C)=O,8.301030158996582,7.104056444803874,0.718308983400106,0.704225352112676,1.1969737141927084
rf,1724,C=CC(=O)Nc1cc2c(Nc3cc(Cl)c(Cl)cc3F)ncnc2cc1OCCNCC(C)=O,8.397939682006836,7.382915382703146,0.853772347151261,0.6,1.0150242993036898
rf,1725,C=CC(=O)Nc1cc2c(Nc3cc(F)c(Br)cc3F)ncnc2cc1OCCNC(C)=O,7.92081880569458,7.134976351420085,0.6507162841798132,0.68,0.7858424542744951
rf,1726,C=CC(=O)Nc1cc2c(Nc3cc(OC)c(Cl)cc3Cl)ncnc2cc1OCCNC(C)=O,7.376750946044922,7.065463928222656,0.702379848936813,0.7183098591549296,0.31128701782226553
rf,1727,C=CC(=O)Nc1cc2c(Nc3cc(OC)c(Cl)cc3F)ncnc2cc1OCCNC(C)=O,7.096909999847412,7.08656152788798,0.7564546383495645,0.6666666666666666,0.010348471959432004
rf,1728,C=CC(=O)Nc1cc2c(Nc3cc(OC)c(Cl)cc3OC)ncnc2cc1OCCNC(=O)CN(C)C,7.853871822357178,7.278424729029338,0.9120007201600674,0.575,0.5754470933278402
rf,1729,C=CC(=O)Nc1cc2c(Nc3cc(OC)c(Cl)cc3OC)ncnc2cc1OCCNC(C)=O,7.06048059463501,7.0668797159194945,0.7476498636106187,0.704225352112676,0.006399121284484721
rf,1730,C=CC(=O)Nc1cc2c(Nc3ccc(Br)c(Cl)c3)ncnc2cc1OCCNC(=O)CN(C)C,7.12493896484375,7.4948949192365015,0.9456441308322608,0.6329113924050633,0.36995595439275153
rf,1731,C=CC(=O)Nc1cc2c(Nc3ccc(Br)c(Cl)c3F)ncnc2cc1OCC(C)NC(=O)CN(C)C,7.055517196655273,8.055929600350062,0.814518793220836,0.5913978494623656,1.0004124036947886
rf,1732,C=CC(=O)Nc1cc2c(Nc3ccc(Br)c(Cl)c3F)ncnc2cc1OCCNC(=O)CCCN(C)C,7.552842140197754,7.6057408751805635,0.8178999059803748,0.7441860465116279,0.052898734982809614
rf,1733,C=CC(=O)Nc1cc2c(Nc3ccc(Br)c(Cl)c3F)ncnc2cc1OCCNC(=O)CCN(CC)CC,8.154901504516602,7.572043015098572,0.8532484635308664,0.7441860465116279,0.5828584894180295
rf,1735,C=CC(=O)Nc1cc2c(Nc3ccc(Br)c(Cl)c3F)ncnc2cc1OCCNC(=O)CCO,7.387216091156006,7.687094881057739,0.820275639947815,0.8,0.299878789901733
rf,1736,C=CC(=O)Nc1cc2c(Nc3ccc(Br)c(Cl)c3F)ncnc2cc1OCCNC(=O)CCOC,7.677780628204346,7.660170677344005,0.8047623349090319,0.7804878048780488,0.017609950860340895
rf,1737,C=CC(=O)Nc1cc2c(Nc3ccc(Br)c(Cl)c3F)ncnc2cc1OCCNC(=O)CN(C)C,7.721246242523193,7.68403845208486,0.7758483081559715,0.7380952380952381,0.037207790438333
rf,1738,C=CC(=O)Nc1cc2c(Nc3ccc(Br)c(Cl)c3F)ncnc2cc1OCCNC(=O)CN(CC)CC,7.236571788787842,7.682211754337947,0.7940868038642621,0.7209302325581395,0.44563996555010554
rf,1739,C=CC(=O)Nc1cc2c(Nc3ccc(Br)c(Cl)c3F)ncnc2cc1OCCNC(=O)CO,7.79587984085083,7.697438816070557,0.8066882804906468,0.775,0.09844102478027317
rf,1740,C=CC(=O)Nc1cc2c(Nc3ccc(Br)c(Cl)c3F)ncnc2cc1OCCNC(=O)COC,6.6716203689575195,7.655554221312205,0.8339928507113551,0.7469879518072289,0.9839338523546859
rf,1742,C=CC(=O)Nc1cc2c(Nc3ccc(Br)c(Cl)c3F)ncnc2cc1OCCNC(=O)NC(C)(C)C,7.346787452697754,7.6120685432116195,0.8554709536015134,0.7142857142857143,0.2652810905138656
rf,1743,C=CC(=O)Nc1cc2c(Nc3ccc(Br)c(Cl)c3F)ncnc2cc1OCCNC(=O)NCC,8.09691047668457,7.669739490763347,0.7752468469072256,0.7317073170731707,0.42717098592122316
rf,1744,C=CC(=O)Nc1cc2c(Nc3ccc(Br)c(Cl)c3F)ncnc2cc1OCCNC(=O)NCCC,7.585026741027832,7.661804507509868,0.781295261374393,0.7407407407407407,0.07677776648203594
rf,1745,C=CC(=O)Nc1cc2c(Nc3ccc(Br)c(Cl)c3F)ncnc2cc1OCCNC(=O)OC,7.0087738037109375,7.702678379694621,0.7594228908084937,0.75,0.6939045759836837
rf,1746,C=CC(=O)Nc1cc2c(Nc3ccc(Br)c(Cl)c3F)ncnc2cc1OCCNC(=S)NCC,7.1674909591674805,7.54772276617686,0.9740430574670235,0.7142857142857143,0.38023180700937953
rf,1747,C=CC(=O)Nc1cc2c(Nc3ccc(Br)c(Cl)c3F)ncnc2cc1OCCNC(C)=O,7.886056423187256,7.6720255654017135,0.7610108081538541,0.759493670886076,0.21403085778554232
rf,1748,C=CC(=O)Nc1cc2c(Nc3ccc(Br)c(Cl)c3F)ncnc2cc1OCCNCC(C)=O,7.853871822357178,7.836684116299947,0.8786967168401194,0.6987951807228916,0.0171877060572303
rf,1749,C=CC(=O)Nc1cc2c(Nc3ccc(Br)c(Cl)c3F)ncnc2cc1OC[C@@H](C)NC(=O)CN(C)C,7.1987528800964355,8.055929600350062,0.814518793220836,0.5913978494623656,0.8571767202536265
rf,1750,C=CC(=O)Nc1cc2c(Nc3ccc(Br)c(Cl)c3F)ncnc2cc1OC[C@H](C)NC(=O)CN(C)C,7.778603553771973,8.055929600350062,0.814518793220836,0.5913978494623656,0.27732604657808935
rf,1751,C=CC(=O)Nc1cc2c(Nc3ccc(Br)c(F)c3)ncnc2cc1OCCNC(=O)CN(C)C,7.107905387878418,7.452263835112254,0.8995204977792293,0.5930232558139535,0.34435844723383635
rf,1752,C=CC(=O)Nc1cc2c(Nc3ccc(Br)c(F)c3F)ncnc2cc1OCCNC(=O)CCCN(C)C,6.245651721954346,7.143534109433492,1.025808369084597,0.7349397590361446,0.8978823874791466
rf,1753,C=CC(=O)Nc1cc2c(Nc3ccc(Br)c(F)c3F)ncnc2cc1OCCNC(=O)CCN(CC)CC,7.721246242523193,7.139715911865235,1.0301406988713393,0.7349397590361446,0.5815303306579587
rf,1755,C=CC(=O)Nc1cc2c(Nc3ccc(Br)c(F)c3F)ncnc2cc1OCCNC(=O)CN(C)C,7.744727611541748,7.179115385373434,1.0269702444090878,0.7283950617283951,0.5656122261683141
rf,1756,C=CC(=O)Nc1cc2c(Nc3ccc(Br)cc3C(F)(F)F)ncnc2cc1OCCNC(C)=O,6.34103536605835,7.052345524787903,0.6759839242999143,0.654320987654321,0.7113101587295532
rf,1757,C=CC(=O)Nc1cc2c(Nc3ccc(Br)cc3Cl)ncnc2cc1OCCNC(C)=O,7.376750946044922,7.193978293418884,0.620878840145139,0.7428571428571429,0.1827726526260376
rf,1758,C=CC(=O)Nc1cc2c(Nc3ccc(Br)cc3F)ncnc2cc1OC(C)CNC(C)=O,7.443697452545166,7.231353469053904,0.6152133969334547,0.6621621621621622,0.21234398349126238
rf,1761,C=CC(=O)Nc1cc2c(Nc3ccc(Br)cc3F)ncnc2cc1OCC(=O)NCCN(CC)CC,6.1857523918151855,7.449464575449625,0.817435625026008,0.6506024096385542,1.2637121836344392
rf,1762,C=CC(=O)Nc1cc2c(Nc3ccc(Br)cc3F)ncnc2cc1OCC(C)(C)NC(=O)CN(C)C,6.653646945953369,7.732400130589803,0.8088172053109212,0.6666666666666666,1.078753184636434
rf,1763,C=CC(=O)Nc1cc2c(Nc3ccc(Br)cc3F)ncnc2cc1OCC(C)NC(=O)CCN(CC)CC,7.619788646697998,7.360241615772248,0.7923638476355226,0.6172839506172839,0.2595470309257504
rf,1764,C=CC(=O)Nc1cc2c(Nc3ccc(Br)cc3F)ncnc2cc1OCC(C)NC(=O)CN(C)C,6.764471530914307,7.651126272837321,0.7901412552782523,0.6666666666666666,0.8866547419230146
rf,1765,C=CC(=O)Nc1cc2c(Nc3ccc(Br)cc3F)ncnc2cc1OCC(C)NC(=O)NCCC,7.537601947784424,7.242852369785309,0.5725597360804853,0.6588235294117647,0.2947495779991147
rf,1766,C=CC(=O)Nc1cc2c(Nc3ccc(Br)cc3F)ncnc2cc1OCC(C)NC(C)=O,6.812479496002197,7.392445952892303,0.679342307980548,0.6944444444444444,0.579966456890106
rf,1767,C=CC(=O)Nc1cc2c(Nc3ccc(Br)cc3F)ncnc2cc1OCC(CC)NC(=O)CN(C)C,7.638272285461426,7.68592308330536,0.7911230639676552,0.6511627906976745,0.047650797843934
rf,1768,C=CC(=O)Nc1cc2c(Nc3ccc(Br)cc3F)ncnc2cc1OCC(CC)NC(C)=O,7.161150932312012,7.415659404277801,0.7448741805459925,0.6756756756756757,0.2545084719657895
rf,1769,C=CC(=O)Nc1cc2c(Nc3ccc(Br)cc3F)ncnc2cc1OCC(NC(=O)CN(C)C)C(C)C,6.826813697814941,7.617213403701782,0.7926435735510282,0.6511627906976745,0.7903997058868404
rf,1781,C=CC(=O)Nc1cc2c(Nc3ccc(Br)cc3F)ncnc2cc1OCCCC(=O)CN(C)C,8.698969841003418,7.597142992019653,0.8103029256106862,0.691358024691358,1.101826848983765
rf,1782,C=CC(=O)Nc1cc2c(Nc3ccc(Br)cc3F)ncnc2cc1OCCCCNC(C)=O,8.0,7.228819266796112,0.5900101668047693,0.7297297297297297,0.771180733203888
rf,1783,C=CC(=O)Nc1cc2c(Nc3ccc(Br)cc3F)ncnc2cc1OCCCNC,8.522878646850586,7.234288139343262,0.6145738146019089,0.7605633802816901,1.2885905075073243
rf,1784,C=CC(=O)Nc1cc2c(Nc3ccc(Br)cc3F)ncnc2cc1OCCCNC(=O)C(F)(F)F,7.229147911071777,7.170121042251587,0.5659034949984325,0.7534246575342466,0.05902686882019026
rf,1785,C=CC(=O)Nc1cc2c(Nc3ccc(Br)cc3F)ncnc2cc1OCCCNC(=O)CN(C)C,8.698969841003418,7.436474588394165,0.685180525009579,0.7215189873417721,1.262495252609253
rf,1786,C=CC(=O)Nc1cc2c(Nc3ccc(Br)cc3F)ncnc2cc1OCCCNC(=O)CS(C)(=O)=O,7.1674909591674805,7.303056156158447,0.5872719282145692,0.7125,0.13556519699096636
rf,1787,C=CC(=O)Nc1cc2c(Nc3ccc(Br)cc3F)ncnc2cc1OCCCNC(=O)NCC,7.958607196807861,7.214598271369934,0.5449681876842497,0.7333333333333333,0.7440089254379272
rf,1788,C=CC(=O)Nc1cc2c(Nc3ccc(Br)cc3F)ncnc2cc1OCCCNC(C)=O,8.397939682006836,7.182105920791626,0.5066422474136625,0.7638888888888888,1.21583376121521
rf,1789,C=CC(=O)Nc1cc2c(Nc3ccc(Br)cc3F)ncnc2cc1OCCCNCC(C)=O,7.585026741027832,7.2511133975982665,0.646758924245744,0.72,0.3339133434295656
rf,1790,C=CC(=O)Nc1cc2c(Nc3ccc(Br)cc3F)ncnc2cc1OCCCNCCC=O,7.397940158843994,7.1252770652771,0.9359180611613154,0.7297297297297297,0.27266309356689433
rf,1791,C=CC(=O)Nc1cc2c(Nc3ccc(Br)cc3F)ncnc2cc1OCCN,8.397939682006836,7.397852897167206,0.692983117790785,0.7692307692307693,1.0000867848396302
rf,1792,C=CC(=O)Nc1cc2c(Nc3ccc(Br)cc3F)ncnc2cc1OCCN(C)C,8.045757293701172,7.689692145347595,0.7680730792071471,0.7246376811594203,0.3560651483535766
rf,1793,C=CC(=O)Nc1cc2c(Nc3ccc(Br)cc3F)ncnc2cc1OCCN(C)C(C)=O,7.229147911071777,7.434979568640391,0.8555126790914857,0.6944444444444444,0.20583165756861366
rf,1794,C=CC(=O)Nc1cc2c(Nc3ccc(Br)cc3F)ncnc2cc1OCCNC,7.017728805541992,7.302918403625489,0.65822385354993,0.7714285714285715,0.2851895980834964
rf,1795,C=CC(=O)Nc1cc2c(Nc3ccc(Br)cc3F)ncnc2cc1OCCNC(=O)C(=C)C,7.161150932312012,7.2019196834564205,0.5429562053317022,0.7671232876712328,0.04076875114440881
rf,1796,C=CC(=O)Nc1cc2c(Nc3ccc(Br)cc3F)ncnc2cc1OCCNC(=O)C(=O)O,6.991399765014648,7.212957142829895,0.5670878344688186,0.7887323943661971,0.22155737781524643
rf,1797,C=CC(=O)Nc1cc2c(Nc3ccc(Br)cc3F)ncnc2cc1OCCNC(=O)C(=O)OCC,7.0087738037109375,7.217516788482666,0.6006709690529894,0.76,0.20874298477172815
rf,1798,C=CC(=O)Nc1cc2c(Nc3ccc(Br)cc3F)ncnc2cc1OCCNC(=O)C(C)C,6.892789840698242,7.199699869155884,0.5464987508933725,0.7671232876712328,0.3069100284576418
rf,1799,C=CC(=O)Nc1cc2c(Nc3ccc(Br)cc3F)ncnc2cc1OCCNC(=O)C(C)CN(C)C,6.600326061248779,7.300615921974182,0.6469423266294703,0.7283950617283951,0.7002898607254027
rf,1800,C=CC(=O)Nc1cc2c(Nc3ccc(Br)cc3F)ncnc2cc1OCCNC(=O)C(C)N,7.744727611541748,7.12118860912323,0.6357712034360763,0.7466666666666667,0.6235390024185179
rf,1801,C=CC(=O)Nc1cc2c(Nc3ccc(Br)cc3F)ncnc2cc1OCCNC(=O)C(C)N(C)C,6.903090000152588,7.230094281832377,0.5654058348310244,0.7272727272727273,0.32700428167978934
rf,1802,C=CC(=O)Nc1cc2c(Nc3ccc(Br)cc3F)ncnc2cc1OCCNC(=O)C(CO)N(C)C,6.899629592895508,7.239958157221476,0.5896838890275008,0.7088607594936709,0.3403285643259686
rf,1803,C=CC(=O)Nc1cc2c(Nc3ccc(Br)cc3F)ncnc2cc1OCCNC(=O)C(COC)N(C)C,7.2441253662109375,7.225982448164622,0.604561727268513,0.7,0.018142918046315515
rf,1804,C=CC(=O)Nc1cc2c(Nc3ccc(Br)cc3F)ncnc2cc1OCCNC(=O)C(F)(F)F,7.638272285461426,7.172877284049988,0.5607069448334592,0.7887323943661971,0.4653950014114381
rf,1805,C=CC(=O)Nc1cc2c(Nc3ccc(Br)cc3F)ncnc2cc1OCCNC(=O)C(F)F,8.301030158996582,7.170652690887451,0.5611292999666869,0.7777777777777778,1.1303774681091312
rf,1811,C=CC(=O)Nc1cc2c(Nc3ccc(Br)cc3F)ncnc2cc1OCCNC(=O)C=CC,7.721246242523193,7.190601153373718,0.5383343614507243,0.7671232876712328,0.5306450891494752
rf,1812,C=CC(=O)Nc1cc2c(Nc3ccc(Br)cc3F)ncnc2cc1OCCNC(=O)C=CCC,7.443697452545166,7.184909359931946,0.5549783379986024,0.7466666666666667,0.2587880926132202
rf,1813,C=CC(=O)Nc1cc2c(Nc3ccc(Br)cc3F)ncnc2cc1OCCNC(=O)C=CCN(C)C,7.79587984085083,7.313731548309327,0.6898085291443877,0.717948717948718,0.4821482925415035
rf,1814,C=CC(=O)Nc1cc2c(Nc3ccc(Br)cc3F)ncnc2cc1OCCNC(=O)C=NOC,6.591760158538818,7.194771747016906,0.6674917333739172,0.7368421052631579,0.603011588478088
rf,1815,C=CC(=O)Nc1cc2c(Nc3ccc(Br)cc3F)ncnc2cc1OCCNC(=O)CC,6.229884624481201,7.3345001745224,0.6142909544106889,0.8028169014084507,1.1046155500411992
rf,1816,C=CC(=O)Nc1cc2c(Nc3ccc(Br)cc3F)ncnc2cc1OCCNC(=O)CC(C)N(C)C,6.48811674118042,7.3065205008188885,0.5807371938391529,0.7160493827160493,0.8184037596384686
rf,1817,C=CC(=O)Nc1cc2c(Nc3ccc(Br)cc3F)ncnc2cc1OCCNC(=O)CCC,7.494850158691406,7.268283323287964,0.5463431363266736,0.8,0.22656683540344247
rf,1818,C=CC(=O)Nc1cc2c(Nc3ccc(Br)cc3F)ncnc2cc1OCCNC(=O)CCCN(C)C,7.677780628204346,7.360666887283325,0.7810853372256273,0.7317073170731707,0.3171137409210205
rf,1819,C=CC(=O)Nc1cc2c(Nc3ccc(Br)cc3F)ncnc2cc1OCCNC(=O)CCN,6.588380336761475,7.208602559089661,0.5992106335577709,0.7894736842105263,0.6202222223281861
rf,1820,C=CC(=O)Nc1cc2c(Nc3ccc(Br)cc3F)ncnc2cc1OCCNC(=O)CCN(C)C,8.045757293701172,7.373726870536804,0.7588977880670379,0.75,0.6720304231643679
rf,1821,C=CC(=O)Nc1cc2c(Nc3ccc(Br)cc3F)ncnc2cc1OCCNC(=O)CCN(CC)CC,7.3565473556518555,7.2271853466033935,0.640601887430269,0.7317073170731707,0.12936200904846196
rf,1823,C=CC(=O)Nc1cc2c(Nc3ccc(Br)cc3F)ncnc2cc1OCCNC(=O)CCO,7.050610065460205,7.253247485160828,0.5496334558849404,0.7894736842105263,0.20263741970062288
rf,1824,C=CC(=O)Nc1cc2c(Nc3ccc(Br)cc3F)ncnc2cc1OCCNC(=O)CCOC,7.15490198135376,7.236954438114166,0.5302850322995367,0.7692307692307693,0.0820524567604064
rf,1825,C=CC(=O)Nc1cc2c(Nc3ccc(Br)cc3F)ncnc2cc1OCCNC(=O)CN,7.050610065460205,7.239838881492615,0.5733287837939746,0.7837837837837838,0.1892288160324096
rf,1826,C=CC(=O)Nc1cc2c(Nc3ccc(Br)cc3F)ncnc2cc1OCCNC(=O)CN(C)C,8.698969841003418,7.438995406150818,0.6761784282104317,0.7532467532467533,1.2599744348525999
rf,1827,C=CC(=O)Nc1cc2c(Nc3ccc(Br)cc3F)ncnc2cc1OCCNC(=O)CN(C)CC,6.703334808349609,7.355278031031291,0.6639573502411138,0.7407407407407407,0.6519432226816813
rf,1828,C=CC(=O)Nc1cc2c(Nc3ccc(Br)cc3F)ncnc2cc1OCCNC(=O)CN(CC)CC,7.585026741027832,7.3179838879108425,0.5907402371115656,0.7341772151898734,0.2670428531169895
rf,1835,C=CC(=O)Nc1cc2c(Nc3ccc(Br)cc3F)ncnc2cc1OCCNC(=O)CNC,6.866461277008057,7.212599342346191,0.5935779467712751,0.7866666666666666,0.34613806533813474
rf,1836,C=CC(=O)Nc1cc2c(Nc3ccc(Br)cc3F)ncnc2cc1OCCNC(=O)CO,7.494850158691406,7.338035851478577,0.6512240050646587,0.7945205479452054,0.15681430721282918
rf,1837,C=CC(=O)Nc1cc2c(Nc3ccc(Br)cc3F)ncnc2cc1OCCNC(=O)COC,7.853871822357178,7.242101002597808,0.5972400109651874,0.7631578947368421,0.6117708197593696
rf,1838,C=CC(=O)Nc1cc2c(Nc3ccc(Br)cc3F)ncnc2cc1OCCNC(=O)CS(C)(=O)=O,7.619788646697998,7.304979085922241,0.5861289192993661,0.7435897435897436,0.31480956077575684
rf,1839,C=CC(=O)Nc1cc2c(Nc3ccc(Br)cc3F)ncnc2cc1OCCNC(=O)CSC,7.408935546875,7.280856915473938,0.5250473040766499,0.7532467532467533,0.12807863140106157
rf,1844,C=CC(=O)Nc1cc2c(Nc3ccc(Br)cc3F)ncnc2cc1OCCNC(=O)NC(C)C,7.443697452545166,7.137274923324585,0.587518931411686,0.7466666666666667,0.30642252922058066
rf,1845,C=CC(=O)Nc1cc2c(Nc3ccc(Br)cc3F)ncnc2cc1OCCNC(=O)NC(C)CC,7.698969841003418,7.20687699508667,0.565545979924814,0.717948717948718,0.49209284591674773
rf,1846,C=CC(=O)Nc1cc2c(Nc3ccc(Br)cc3F)ncnc2cc1OCCNC(=O)NCC,8.698969841003418,7.211724860191345,0.5426407750756679,0.7671232876712328,1.487244980812073
rf,1847,C=CC(=O)Nc1cc2c(Nc3ccc(Br)cc3F)ncnc2cc1OCCNC(=O)NCCC,7.585026741027832,7.199279173851013,0.54374072022019,0.7777777777777778,0.3857475671768187
rf,1848,C=CC(=O)Nc1cc2c(Nc3ccc(Br)cc3F)ncnc2cc1OCCNC(=O)OC,6.801342964172363,7.235857465171813,0.5597209483681769,0.7887323943661971,0.43451450099945
rf,1851,C=CC(=O)Nc1cc2c(Nc3ccc(Br)cc3F)ncnc2cc1OCCNC(=S)NC,7.0087738037109375,7.000689584732056,0.8694876165831442,0.7567567567567568,0.008084218978881452
rf,1852,C=CC(=O)Nc1cc2c(Nc3ccc(Br)cc3F)ncnc2cc1OCCNC(=S)NCC,7.040958404541016,7.0246703844070435,0.8594658464701586,0.7466666666666667,0.016288020133972125
rf,1853,C=CC(=O)Nc1cc2c(Nc3ccc(Br)cc3F)ncnc2cc1OCCNC(C)=O,8.698969841003418,7.181354395866394,0.5001492472534417,0.8,1.5176154451370243
rf,1854,C=CC(=O)Nc1cc2c(Nc3ccc(Br)cc3F)ncnc2cc1OCCNC(N)=O,8.397939682006836,7.1987054080963135,0.5289412593419568,0.8,1.1992342739105224
rf,1855,C=CC(=O)Nc1cc2c(Nc3ccc(Br)cc3F)ncnc2cc1OCCNCC(C)=O,8.522878646850586,7.244328727722168,0.6388066784397719,0.7297297297297297,1.2785499191284178
rf,1856,C=CC(=O)Nc1cc2c(Nc3ccc(Br)cc3F)ncnc2cc1OCCNS(C)(=O)=O,7.602059841156006,7.26791136264801,0.5980420074420397,0.7297297297297297,0.3341484785079958
rf,1858,C=CC(=O)Nc1cc2c(Nc3ccc(Br)cc3F)ncnc2cc1OCCOC,7.602059841156006,7.307172059440612,0.6631040153506345,0.746268656716418,0.29488778171539387
rf,1859,C=CC(=O)Nc1cc2c(Nc3ccc(Br)cc3F)ncnc2cc1OCCOCCOC(=O)CC(=O)O,6.019542217254639,7.32749972073237,0.7494019590855541,0.6756756756756757,1.3079575034777315
rf,1860,C=CC(=O)Nc1cc2c(Nc3ccc(Br)cc3F)ncnc2cc1OCCOCCOC(=O)CC(=O)OCC,6.609065055847168,7.359655263106028,0.7450899560639813,0.6578947368421053,0.7505902072588597
rf,1861,C=CC(=O)Nc1cc2c(Nc3ccc(Br)cc3F)ncnc2cc1OC[C@@H](C)NC(C)=O,7.537601947784424,7.392445952892303,0.679342307980548,0.6944444444444444,0.1451559948921206
rf,1862,C=CC(=O)Nc1cc2c(Nc3ccc(Br)cc3F)ncnc2cc1OC[C@H](C)NC(C)=O,7.0087738037109375,7.392445952892303,0.679342307980548,0.6944444444444444,0.3836721491813657
rf,1865,C=CC(=O)Nc1cc2c(Nc3ccc(Br)cc3F)ncnc2cc1SCCNC(C)=O,6.962573528289795,7.8394529886699855,1.0130077874954169,0.6,0.8768794603801906
rf,1866,C=CC(=O)Nc1cc2c(Nc3ccc(Cl)c(C(F)(F)F)c3)ncnc2cc1OCCOC,6.0,7.3375340627829235,0.838370434379595,0.6835443037974683,1.3375340627829235
rf,1868,C=CC(=O)Nc1cc2c(Nc3ccc(Cl)cc3Cl)ncnc2cc1OCCNC(C)=O,7.3098039627075195,7.170816429615021,0.7368960801730802,0.7536231884057971,0.13898753309249834
rf,1869,C=CC(=O)Nc1cc2c(Nc3ccc(Cl)cc3F)ncnc2cc1OCCNC(=O)CN(C)C,6.377786159515381,7.462095639069876,0.9067546565372555,0.6385542168674698,1.084309479554495
rf,1870,C=CC(=O)Nc1cc2c(Nc3ccc(Cl)cc3F)ncnc2cc1OCCNC(C)=O,7.744727611541748,7.230726092338562,0.7750508198948516,0.7083333333333334,0.5140015192031857
rf,1874,C=CC(=O)Nc1cc2c(Nc3ccc(F)c(C#N)c3)ncnc2cc1OCCOC,6.708187103271484,7.272401178439458,0.7943075414143869,0.6708860759493671,0.5642140751679738
rf,1879,C=CC(=O)Nc1cc2c(Nc3ccc(F)c(Cl)c3)ncnc2cc1OC,8.5774507522583,8.259080908026013,0.6484551488386533,0.7285714285714285,0.3183698442322882
rf,1880,C=CC(=O)Nc1cc2c(Nc3ccc(F)c(Cl)c3)ncnc2cc1OCC,9.74472713470459,8.441614592583973,0.495430413669411,0.7397260273972602,1.3031125421206173
rf,1889,C=CC(=O)Nc1cc2c(Nc3ccc(F)c(Cl)c3)ncnc2cc1OCCNC(C)=O,7.92081880569458,7.56699407895406,0.9924487399989316,0.7714285714285715,0.3538247267405197
rf,1890,C=CC(=O)Nc1cc2c(Nc3ccc(F)c(Cl)c3)ncnc2cc1OCCOCCCCO,8.769551277160645,8.320460943094888,0.5405784476673133,0.7333333333333333,0.4490903340657564
rf,1910,C=CC(=O)Nc1cc2c(Nc3ccc(F)c(F)c3F)ncnc2cc1OCCNC(C)=O,7.853871822357178,7.508890507698059,0.9444490610320035,0.6805555555555556,0.34498131465911896
rf,1911,C=CC(=O)Nc1cc2c(Nc3ccc(F)cc3F)ncnc2cc1OCCNC(=O)CN(C)C,6.806875228881836,7.381963715553284,0.760228552986401,0.654320987654321,0.5750884866714481
rf,1912,C=CC(=O)Nc1cc2c(Nc3ccc(NC(=O)C=C)c(C(F)(F)F)c3)ncnc2cc1OCCOC,6.938924789428711,7.015567888021469,0.8856987252279733,0.6578947368421053,0.07664309859275775
rf,1927,C=CC(=O)Nc1cc2c(Nc3cccc(Br)c3)ncnc2cc1OCCCCN(C)C,8.255654335021973,8.092564275014968,0.7887679957596813,0.7297297297297297,0.1630900600070042
rf,1931,C=CC(=O)Nc1cc2c(Nc3cccc(Br)c3)ncnc2cc1SCCCN(CC)CC,7.907824516296387,7.808534598872775,1.0731099207561268,0.7297297297297297,0.09928991742361148
rf,1936,C=CC(=O)Nc1cc2c(Nc3cccc(Cl)c3F)ncnc2cc1OCCNC(=O)CN(C)C,6.034327983856201,7.822110911914281,0.97483805530796,0.5955056179775281,1.7877829280580801
rf,2016,C=CC(=O)Nc1ccc2c(Nc3cccc(Br)c3)ncnc2c1,9.346787452697754,7.552136873381479,1.3126424364621019,0.6721311475409836,1.7946505793162748
rf,2017,C=CC(=O)Nc1ccc2c(Nc3cccc(C)c3)ncnc2c1,7.92081880569458,7.453111230691274,1.0676059533270628,0.5666666666666667,0.4677075750033062
rf,2018,C=CC(=O)Nc1ccc2c(Nc3cccc(Cl)c3)ncnc2c1,8.438892364501953,6.637739579200745,1.2731267739047605,0.6166666666666667,1.8011527853012081
rf,2033,C=CC(=O)Nc1ccc2ncnc(Nc3c(F)cccc3Br)c2c1,5.6575775146484375,7.723234743436177,1.0505641973987048,0.5901639344262295,2.0656572287877397
rf,2034,C=CC(=O)Nc1ccc2ncnc(Nc3cc(Cl)c(Cl)cc3F)c2c1,7.698969841003418,7.510677375793457,1.100436912737796,0.6060606060606061,0.1882924652099609
rf,2035,C=CC(=O)Nc1ccc2ncnc(Nc3cc(F)c(Cl)c(Cl)c3)c2c1,10.431797981262207,7.702324912016732,1.0425212784620272,0.6268656716417911,2.7294730692454747
rf,2036,C=CC(=O)Nc1ccc2ncnc(Nc3ccc(Br)c(C)c3)c2c1,5.638272285461426,7.512067534221921,1.0692677607967578,0.6271186440677966,1.8737952487604952
rf,2037,C=CC(=O)Nc1ccc2ncnc(Nc3ccc(Br)c(OC)c3)c2c1,5.602059841156006,7.584682998085022,1.128877252160852,0.6166666666666667,1.9826231569290158
rf,2038,C=CC(=O)Nc1ccc2ncnc(Nc3ccc(Br)cc3C)c2c1,5.6575775146484375,7.317557729870933,1.0326512924935607,0.5833333333333334,1.6599802152224958
rf,2039,C=CC(=O)Nc1ccc2ncnc(Nc3ccc(Br)cc3F)c2c1,7.443697452545166,7.339474972009659,0.9677337616892671,0.6212121212121212,0.10422248053550742
rf,2040,C=CC(=O)Nc1ccc2ncnc(Nc3ccc(C(C)(C)C)cc3)c2c1,6.161780834197998,6.849375747362772,1.4705883190231637,0.6727272727272727,0.6875949131647738
rf,2041,C=CC(=O)Nc1ccc2ncnc(Nc3ccc(CC)cc3)c2c1,5.494850158691406,7.513197232882181,1.2287543343786502,0.6842105263157895,2.0183470741907747
rf,2042,C=CC(=O)Nc1ccc2ncnc(Nc3ccc(CN(C)C)c(Br)c3)c2c1,6.863847255706787,7.535570076585951,1.0715206455771054,0.7142857142857143,0.6717228208791637
rf,2043,C=CC(=O)Nc1ccc2ncnc(Nc3ccc(F)c(Br)c3)c2c1,8.864893913269043,7.701584456523259,0.9853296260751815,0.7017543859649122,1.1633094567457842
rf,2045,C=CC(=O)Nc1ccc2ncnc(Nc3ccc(F)c(Cl)c3)c2c1,8.816788673400879,7.751708111286163,0.9727789720385378,0.6724137931034483,1.0650805621147157
rf,2047,C=CC(=O)Nc1ccc2ncnc(Nc3ccc(OC)cc3OC)c2c1,5.150942802429199,7.126438626956939,0.9287041091451715,0.6333333333333333,1.9754958245277399
rf,2048,C=CC(=O)Nc1ccc2ncnc(Nc3ccc(OCCN(C)C)c(Br)c3)c2c1,6.341270446777344,7.771336318016052,1.0427499732993355,0.7313432835820896,1.4300658712387087
rf,2052,C=CC(=O)Nc1ccc2ncnc(Nc3ccc(S(=O)(=O)NC(=N)N)cc3)c2c1,4.27327299118042,7.03489480044047,1.4191849931390892,0.6875,2.76162180926005
rf,2055,C=CC(=O)Nc1ccc2ncnc(Nc3ccc(S(N)(=O)=O)cc3)c2c1,4.116338729858398,7.151837037340799,1.3393651771923627,0.6833333333333333,3.035498307482401
rf,2059,C=CC(=O)Nc1ccc2ncnc(Nc3cccc(Br)c3)c2c1,8.698969841003418,7.483278370834532,0.882201446013185,0.7192982456140351,1.2156914701688857
rf,2061,C=CC(=O)Nc1ccc2ncnc(Nc3cccc(C(F)(F)F)c3)c2c1,8.693873405456543,7.53929981803894,1.1231718546105347,0.65,1.1545735874176026
rf,2062,C=CC(=O)Nc1ccc2ncnc(Nc3cccc(C)c3)c2c1,8.852326393127441,7.58304995059967,1.135670395391597,0.6607142857142857,1.2692764425277714
rf,2063,C=CC(=O)Nc1ccc2ncnc(Nc3cccc(C)c3F)c2c1,5.823908805847168,7.5983332808812465,1.075454201126896,0.5901639344262295,1.7744244750340785
rf,2064,C=CC(=O)Nc1ccc2ncnc(Nc3cccc(CC)c3)c2c1,6.064651966094971,7.588602619171143,1.1836142073719922,0.6666666666666666,1.523950653076172
rf,2065,C=CC(=O)Nc1ccc2ncnc(Nc3cccc(Cl)c3)c2c1,8.717076301574707,6.649438766479492,1.386251900090969,0.7321428571428571,2.0676375350952148
rf,2066,C=CC(=O)Nc1ccc2ncnc(Nc3ccccc3)c2c1,9.0,7.663772562980652,1.0900165633150394,0.8333333333333334,1.3362274370193479
rf,2067,C=CC(=O)Nc1ccc2ncnc(Nc3ccccc3CC)c2c1,5.211254119873047,7.544635263760885,1.1988161492325657,0.6379310344827587,2.333381143887838
rf,2748,C=CC(=O)Oc1cc2c(Nc3ccc(Cl)c(Cl)c3F)ncnc2cc1OC,9.267605781555176,8.762306744829813,0.710721728960955,0.7083333333333334,0.5052990367253631
rf,2749,C=CC(=O)Oc1cc2c(Nc3ccc(F)c(Cl)c3)ncnc2cc1OCC,7.823908805847168,7.566775918944677,1.1860026642225618,0.6857142857142857,0.25713288690249136
rf,2751,C=CC(=O)Oc1cccc(Nc2ncnc3cc(OCCOC)c(OCCOC)cc23)c1,6.808123588562012,6.665410605430603,1.0767390472240594,0.6666666666666666,0.14271298313140868
rf,2756,C=CCCCCOc1cc2c(Nc3ccc(F)c(Cl)c3)ncnc2cc1OC,7.486782550811768,7.743257051547369,0.7786738461848113,0.696969696969697,0.2564745007356013
rf,2761,C=CCCOc1cc2ncnc(Nc3ccc(Br)cc3F)c2cc1NC(=O)C=C,7.045757293701172,7.357817047595978,0.7616744712184511,0.7575757575757576,0.3120597538948058
rf,2762,C=CCN(C)CC#CC(=O)Nc1ccc2ncnc(Nc3cccc(Br)c3)c2c1,7.148741722106934,7.357650499050958,0.7190226186556381,0.6666666666666666,0.20890877694402477
rf,2764,C=CCNC(=O)NCCOc1cc2ncnc(Nc3ccc(Br)cc3F)c2cc1NC(=O)C=C,7.721246242523193,7.199718356132507,0.5817928281445428,0.7671232876712328,0.521527886390686
rf,2769,C=CCSSCCC(=O)OCCCOc1cc2ncnc(Nc3cccc(Br)c3)c2cc1OC,5.068070888519287,7.114702371120453,1.1860008056083626,0.5394736842105263,2.046631482601166
rf,2777,C=CNC(=O)NCCOc1cc2ncnc(Nc3ccc(Br)cc3F)c2cc1NC(=O)C=C,7.537601947784424,7.167175775527954,0.6766171308556619,0.7887323943661971,0.3704261722564697
rf,2778,C=COC(=O)N(C)/N=N/c1ccc2ncnc(Nc3cccc(Cl)c3)c2c1,6.142667293548584,6.136093812942505,0.806851461109479,0.684931506849315,0.006573480606078874
rf,2779,C=COC(=O)N(CCN(C)C)/N=N/c1ccc2ncnc(Nc3cccc(Cl)c3)c2c1,6.744727611541748,6.186222012805939,0.8216606542496045,0.573170731707317,0.5585055987358087
rf,2786,C=CS(=O)(=O)Nc1ccc2ncnc(Nc3cccc(Br)c3)c2c1,8.849858283996582,7.393028790419443,0.8753515085998804,0.5892857142857143,1.456829493577139
rf,2789,C=CS(=O)(=O)Nc1cccc(Nc2ncnc3cc(OCCOC)c(OCCOC)cc23)c1,6.573488712310791,7.256902699184417,0.9856468042695367,0.5714285714285714,0.6834139868736262
rf,2790,C=CS(=O)(=O)Oc1cccc(Nc2ncnc3cc(OCCOC)c(OCCOC)cc23)c1,6.226213455200195,6.649003059387207,1.0482295614973505,0.5857142857142857,0.4227896041870114
rf,2841,CC#CC(=O)Nc1ccc2ncnc(Nc3cccc(Br)c3)c2c1,9.016928672790527,7.4426713504791255,0.5478557971708893,0.6984126984126984,1.5742573223114018
rf,2849,CC(=O)/C=C/C(=O)Cc1ccc2ncnc(Nc3cccc(Br)c3)c2c1,8.920095443725586,7.762039298534393,0.9469904215367878,0.5757575757575758,1.1580561451911926
rf,2850,CC(=O)/C=C/C(=O)Nc1ccc2ncnc(Nc3cccc(Br)c3)c2c1,7.452101707458496,7.397249605784342,1.1662100902526058,0.7413793103448276,0.054852101674153886
rf,2931,CC(=O)Nc1cc2ncnc(Nc3cccc(Br)c3)c2cc1[N+](=O)[O-],7.552842140197754,8.26109168993632,1.0825281072553508,0.5384615384615384,0.7082495497385661
rf,2941,CC(=O)Nc1ccc2c(Nc3cccc(Br)c3)ncnc2c1,7.3939595222473145,7.676587581586838,1.2806821893455083,0.6538461538461539,0.2826280593395234
rf,2945,CC(=O)Nc1ccc2ncnc(Nc3ccc(F)c(Cl)c3)c2c1,6.578395843505859,7.179477463722229,0.7433523054382691,0.6964285714285714,0.6010816202163696
rf,2948,CC(=O)Nc1ccc2ncnc(Nc3cccc(Br)c3)c2c1,7.494850158691406,7.659658444277445,0.8504676208269415,0.7307692307692307,0.1648082855860391
rf,2960,CC(=O)OCN(C)/N=N/c1ccc2ncnc(Nc3cccc(Cl)c3)c2c1,6.619788646697998,6.306927258968353,0.725075357416072,0.6052631578947368,0.31286138772964467
rf,2961,CC(=O)OCOC(=O)N(C)/N=N/c1ccc2ncnc(Nc3cccc(Cl)c3)c2c1,6.200659275054932,6.2671373295784,0.7675802731537132,0.6666666666666666,0.06647805452346844
rf,3268,CC(C)(C)OC(=O)NCC(=O)Nc1ccc2ncnc(Nc3ccc(F)c(Cl)c3)c2c1,7.7695512771606445,6.868479704141617,1.053858289102155,0.5915492957746479,0.9010715730190277
rf,3269,CC(C)(C)OC(=O)NCC(=O)Nc1ccc2ncnc(Nc3cccc(Br)c3)c2c1,8.494850158691406,7.933970355987549,1.2583236641458808,0.7619047619047619,0.5608798027038571
rf,3335,CC(C)(O)C#Cc1ccc2ncnc(Nc3ccc(F)c(Cl)c3)c2c1,6.819587230682373,6.911711357434591,0.7886469958884608,0.7090909090909091,0.0921241267522177
rf,3390,CC(C)C[C@@H](NC(=O)OC(C)(C)C)C(=O)Nc1ccc2ncnc(Nc3ccc(F)c(Cl)c3)c2c1,6.853871822357178,6.787249932050705,0.9941267262059107,0.5256410256410257,0.06662189030647259
rf,3391,CC(C)C[C@@H](NC(=O)OC(C)(C)C)C(=O)Nc1ccc2ncnc(Nc3cccc(Br)c3)c2c1,6.838632106781006,7.478931053829193,0.7815582513943945,0.547945205479452,0.640298947048187
rf,3406,CC(C)N(C)CC#CC(=O)Nc1ccc2ncnc(Nc3cccc(Br)c3)c2c1,7.070580959320068,7.307436809539795,0.6241300610614257,0.6857142857142857,0.23685585021972688
rf,3409,CC(C)N(CC#CC(=O)Nc1ccc2ncnc(Nc3ccc(F)c(Cl)c3)c2c1)C(C)C,8.167678833007812,7.272467257022858,0.7244526520862691,0.676056338028169,0.8952115759849546
rf,3410,CC(C)N(CC#CC(=O)Nc1ccc2ncnc(Nc3cccc(Br)c3)c2c1)C(C)C,7.013228416442871,7.367741596221924,0.4930318642877399,0.6956521739130435,0.35451317977905283
rf,3467,CC(C)OCCOc1cc2ncnc(Nc3ccc(F)c(Cl)c3)c2cc1NC(=O)/C=C/CN(C)C,8.812479019165039,8.489706853585014,1.0189907004311916,0.7195121951219512,0.32277216558002486
rf,3506,CC(C)[C@@H](NC(=O)OC(C)(C)C)C(=O)Nc1ccc2ncnc(Nc3cccc(C(F)(F)F)c3)c2c1,5.990974426269531,6.464741478443146,0.9645920714456033,0.5416666666666666,0.47376705217361437
rf,3671,CC(O)C#Cc1ccc2ncnc(Nc3ccc(F)c(Cl)c3)c2c1,7.0245680809021,6.909135837078095,0.7685742604767558,0.7090909090909091,0.11543224382400474
rf,3862,CCC(=O)Nc1cc2c(Nc3ccc(Br)cc3F)ncnc2cc1OCCNC(C)=O,6.062481880187988,7.015512929503123,0.884203290912749,0.6533333333333333,0.9530310493151344
rf,3867,CCC(=O)Nc1cc2c(Nc3ccc(F)c(Cl)c3)ncnc2cc1OC,8.698969841003418,7.453857967964807,0.6316624020442473,0.7352941176470589,1.2451118730386108
rf,3905,CCC(=O)Nc1ccc(Nc2ncnc3cc(OC)c(OC)cc23)cc1,5.0,5.714840562820434,0.9406439844169698,0.72,0.7148405628204344
rf,3906,CCC(=O)Nc1ccc(Nc2ncnc3cc(OC)c(OC)cc23)cc1C.Cl,5.0,6.4860900986648735,1.0685100853341565,0.6349206349206349,1.4860900986648735
rf,3916,CCC(=O)Nc1ccc2ncnc(Nc3cccc(Br)c3)c2c1,9.366531372070312,7.815487250121434,0.973106327000608,0.7321428571428571,1.5510441219488786
rf,4003,CCCC(=O)Nc1ccc(Nc2ncnc3cc(OC)c(OC)cc23)cc1C,5.0,6.639602585122699,1.1540219846680742,0.6197183098591549,1.6396025851226987
rf,4004,CCCC(=O)Nc1ccc(Nc2ncnc3cc(OC)c(OC)cc23)cc1C.Cl,5.0,6.590096267984027,1.1577308036105125,0.6338028169014085,1.590096267984027
rf,4006,CCCC(=O)Nc1ccc2ncnc(Nc3cccc(Br)c3)c2c1,9.431797981262207,8.02337218073209,1.03035727768637,0.7678571428571429,1.4084258005301162
rf,4018,CCCCC(=O)Nc1ccc(Nc2ncnc3cc(OC)c(OC)cc23)cc1C,5.0,6.77886062332562,1.1195349983055756,0.5945945945945946,1.7788606233256203
rf,4019,CCCCC(=O)Nc1ccc(Nc2ncnc3cc(OC)c(OC)cc23)cc1C.Cl,5.0,6.737032226528441,1.1261976308525492,0.6081081081081081,1.7370322265284406
rf,4065,CCCCCCOc1cc2c(Nc3ccc(F)c(Cl)c3)ncnc2cc1OC,6.97469425201416,7.554531448564831,0.5985693236561599,0.7419354838709677,0.5798371965506712
rf,4071,CCCCN(CC#CC(=O)Nc1ccc2ncnc(Nc3ccc(F)c(Cl)c3)c2c1)CCCC,7.678273677825928,7.195543306350708,0.7682605840249924,0.6666666666666666,0.4827303714752196
rf,4087,CCCCNC(=O)Nc1cc(Cl)c(Nc2ncnc3cc(OC)c(OC)cc23)cc1Cl.Cl,5.0,6.946254250367483,0.9449838517513877,0.5606060606060606,1.946254250367483
rf,4088,CCCCNC(=O)Nc1ccc(Nc2ncnc3cc(OC)c(OC)cc23)cc1,5.0,5.7452309432665505,1.1572632030090206,0.7368421052631579,0.7452309432665505
rf,4096,CCCCOC(=O)Nc1ccc(Nc2ncnc3cc(OC)c(OC)cc23)cc1,6.096909999847412,5.610361503601074,0.8583094425719431,0.6851851851851852,0.4865484962463382
rf,4097,CCCCOC(=O)Nc1ccc(Nc2ncnc3cc(OC)c(OC)cc23)cc1.Cl,6.096909999847412,5.624340538024902,0.8693807044289905,0.6727272727272727,0.47256946182251003
rf,4098,CCCCOC(=O)Nc1ccc(Nc2ncnc3cc(OC)c(OC)cc23)cc1C,5.1191864013671875,5.8836334101359045,1.0519170568296983,0.7142857142857143,0.764447008768717
rf,4099,CCCCOC(=O)Nc1ccc(Nc2ncnc3cc(OC)c(OC)cc23)cc1C.Cl,5.1191864013671875,5.8454997584025055,1.0383606540707921,0.7285714285714285,0.726313357035318
rf,4100,CCCCOC(=O)Nc1ccc(Nc2ncnc3cc(OC)c(OC)cc23)cc1Cl,5.193819999694824,6.10058576965332,1.1865960102132656,0.704225352112676,0.9067657699584961
rf,4101,CCCCOC(=O)Nc1ccc(Nc2ncnc3cc(OC)c(OC)cc23)cc1Cl.Cl,5.193819999694824,6.036127271652222,1.1748489561491045,0.7183098591549296,0.8423072719573979
rf,4104,CCCCOc1cc2c(Nc3ccc(Br)cc3F)ncnc2cc1OCCN(CC)CC,5.0,6.987128645690282,0.6840747072561923,0.5797101449275363,1.987128645690282
rf,4105,CCCCOc1cc2c(Nc3ccc(NC(=O)OC)c(C)c3)ncnc2cc1OCCN(CC)CC,5.0,6.411819829350427,1.2263513918027502,0.5822784810126582,1.411819829350427
rf,4106,CCCCOc1cc2c(Nc3ccc(NC(=O)OC)c(Cl)c3)ncnc2cc1OCCN(CC)CC,5.0,6.8063371983028595,1.1347053269231244,0.575,1.8063371983028595
rf,4107,CCCCOc1cc2c(Nc3ccc(NC(=O)OCC)c(C)c3)ncnc2cc1OCCN(CC)CC,5.0,5.927332266585032,1.1426647967962749,0.6363636363636364,0.9273322665850321
rf,4108,CCCCOc1cc2c(Nc3ccc(NC(=O)OCC)c(C)c3)ncnc2cc1OCCN(CC)CC.Cl,5.0,5.885888264433543,1.1285599364665249,0.6493506493506493,0.8858882644335431
rf,4109,CCCCOc1cc2c(Nc3ccc(NC(=O)OCC)c(Cl)c3)ncnc2cc1OCCN(CC)CC,5.038578987121582,5.942037908554077,1.1782234432893364,0.6410256410256411,0.9034589214324953
rf,4110,CCCCOc1cc2c(Nc3ccc(NC(=O)OCC)c(Cl)c3)ncnc2cc1OCCN(CC)CC.Cl,5.0087738037109375,5.876325274467468,1.155835934388889,0.6538461538461539,0.8675514707565304
rf,4111,CCCCOc1cc2ncnc(Nc3cccc(Br)c3)c2cc1OCCCC,6.978810787200928,7.2600787811279295,1.080857650007477,0.6122448979591837,0.28126799392700175
rf,4119,CCCN(C/C=C/C(=O)Nc1ccc2ncnc(Nc3cccc(Br)c3)c2c1)CCC,7.045757293701172,7.3108514826252335,1.0633946058802373,0.6865671641791045,0.26509418892406167
rf,4121,CCCN(CC#CC(=O)Nc1ccc2ncnc(Nc3cccc(Br)c3)c2c1)CCC,7.207608222961426,7.53644104886055,0.8016216817790658,0.7313432835820896,0.32883282589912444
rf,4153,CCCOC(=O)Nc1ccc(Nc2ncnc3cc(OC)c(OC)cc23)cc1,5.151810646057129,5.414697248458863,0.718847275637763,0.6792452830188679,0.2628866024017338
rf,4154,CCCOC(=O)Nc1ccc(Nc2ncnc3cc(OC)c(OC)cc23)cc1.Cl,5.151810646057129,5.427107913970947,0.7293484188692074,0.6666666666666666,0.27529726791381837
rf,4155,CCCOC(=O)Nc1ccc(Nc2ncnc3cc(OC)c(OC)cc23)cc1C,6.045757293701172,5.689028888702393,0.9436154631918644,0.7352941176470589,0.3567284049987789
rf,4156,CCCOC(=O)Nc1ccc(Nc2ncnc3cc(OC)c(OC)cc23)cc1C.Cl,6.045757293701172,5.645374133110046,0.9178862499867266,0.75,0.4003831605911259
rf,4157,CCCOC(=O)Nc1ccc(Nc2ncnc3cc(OC)c(OC)cc23)cc1Cl,6.0,5.963073573112488,1.1278123343501167,0.7246376811594203,0.03692642688751224
rf,4158,CCCOC(=O)Nc1ccc(Nc2ncnc3cc(OC)c(OC)cc23)cc1Cl.Cl,6.0,5.898886375427246,1.1117495893620712,0.7391304347826086,0.10111362457275419
rf,4159,CCCOCCOc1cc2ncnc(Nc3ccc(F)c(Cl)c3)c2cc1NC(=O)/C=C/CN(C)C,8.545918464660645,8.730439185496738,0.7957080240859815,0.7283950617283951,0.18452072083609394
rf,4164,CCCOc1cc2ncnc(Nc3ccc(NC(=O)OCC)c(C)c3)c2cc1OC.Cl,5.408935546875,5.530329148292542,0.9030977249016252,0.7941176470588235,0.12139360141754185
rf,4165,CCCOc1cc2ncnc(Nc3ccc(NC(=O)OCC)c(Cl)c3)c2cc1OC.Cl,5.259637355804443,5.671921691894531,1.039919257694655,0.7971014492753623,0.41228433609008786
rf,4166,CCCOc1cc2ncnc(Nc3cccc(Br)c3)c2cc1OCCC,9.764750480651855,7.191559135119119,1.0578813583435276,0.625,2.573191345532736
rf,4210,CCN(CC)C/C=C/C(=O)Nc1ccc2ncnc(Nc3cccc(Br)c3)c2c1,7.136677265167236,7.34771310575349,1.0995928579653533,0.696969696969697,0.2110358405862538
rf,4214,CCN(CC)CC#CC(=O)Nc1ccc2ncnc(Nc3ccc(F)c(Cl)c3)c2c1,8.338065147399902,7.25994134092331,0.7032377599280207,0.6857142857142857,1.0781238064765928
rf,4215,CCN(CC)CC#CC(=O)Nc1ccc2ncnc(Nc3cccc(Br)c3)c2c1,7.92081880569458,7.574752257108688,0.8366458966853976,0.7313432835820896,0.3460665485858918
rf,4220,CCN(CC)CCC#CC(=O)Nc1ccc2ncnc(Nc3ccc(F)c(Cl)c3)c2c1,8.545757293701172,7.264712867736816,0.7777631382330561,0.6712328767123288,1.2810444259643559
rf,4231,CCN(CC)CCCOc1cc2c(Nc3ccc(F)c(Cl)c3)ncnc2cc1OC,7.2441253662109375,7.398396548954645,0.6195221712521228,0.7076923076923077,0.15427118274370777
rf,4251,CCN(CC)CCOc1cc2c(Nc3ccc(Br)cc3F)ncnc2cc1OC,5.040958404541016,6.859953899653752,0.553587822551432,0.6666666666666666,1.8189954951127367
rf,4252,CCN(CC)CCOc1cc2c(Nc3ccc(F)c(Cl)c3)ncnc2cc1OC,7.031517028808594,7.319635320583979,0.599186042639757,0.696969696969697,0.28811829177538506
rf,4253,CCN(CC)CCOc1cc2ncnc(Nc3cc(OC)c(Cl)cc3Cl)c2cc1OC,6.0,7.235863896338144,0.654599505822949,0.5138888888888888,1.2358638963381443
rf,4254,CCN(CC)CCOc1cc2ncnc(Nc3ccc(Br)cc3F)c2cc1OC,5.0,6.859953899653752,0.553587822551432,0.6666666666666666,1.8599538996537524
rf,4255,CCN(CC)CCOc1cc2ncnc(Nc3ccc(C)c(Br)c3)c2cc1OC,5.0245680809021,7.099544411087036,1.0414717905911153,0.569620253164557,2.0749763301849367
rf,4256,CCN(CC)CCOc1cc2ncnc(Nc3ccc(F)c(Cl)c3)c2cc1OC,5.004364967346191,7.319635320583979,0.599186042639757,0.696969696969697,2.3152703532377874
rf,4257,CCN(CC)CCOc1cc2ncnc(Nc3ccc(NC(=O)OC)c(C)c3)c2cc1OC,5.0,6.125511723245894,1.1514935513998201,0.6447368421052632,1.1255117232458938
rf,4258,CCN(CC)CCOc1cc2ncnc(Nc3ccc(NC(=O)OC)c(Cl)c3)c2cc1OC,5.0,6.638651742662702,1.113097913421518,0.6363636363636364,1.6386517426627023
rf,4293,CCN(c1ccccc1)c1ncnc2cc(OC)c(OC)cc12.Cl,5.259637355804443,6.113122231029329,1.269854019694149,0.5172413793103449,0.8534848752248854
rf,4407,CCNC(=O)Nc1cc(Cl)c(Nc2ncnc3cc(OC)c(OC)cc23)cc1Cl.Cl,5.0,6.763117900435129,0.8871104553951522,0.5538461538461539,1.7631179004351294
rf,4409,CCNC(=O)Nc1ccc(Nc2ncnc3cc(OC)c(OC)cc23)cc1,5.0,5.311360997994742,0.6209106009391631,0.76,0.3113609979947416
rf,4410,CCNC(=O)Nc1ccc(Nc2ncnc3cc(OCCN(CC)CC)c(OC)cc23)cc1,5.0,5.404735731919607,0.7334807040275881,0.6229508196721312,0.4047357319196072
rf,4430,CCNc1ccc2c(Nc3cccc(Br)c3)ncnc2c1,7.920457363128662,7.392593058872223,1.2665070258180346,0.6153846153846154,0.5278643042564388
rf,4439,CCOC(=O)/C=C/C(=O)Cc1ccc2ncnc(Nc3cccc(Br)c3)c2c1,8.569925308227539,7.414997284253438,0.8686207383237077,0.5352112676056338,1.1549280239741009
rf,4441,CCOC(=O)/C=C/C(=O)Nc1ccc2ncnc(Nc3cccc(Br)c3)c2c1,7.881227970123291,7.024895612473715,0.9014097559370072,0.671875,0.8563323576495758
rf,4508,CCOC(=O)Nc1cc(Cl)c(Nc2ncnc3cc(OC)c(OC)cc23)cc1Cl.Cl,5.0,5.866070609092713,1.0274849042681444,0.6338028169014085,0.8660706090927128
rf,4509,CCOC(=O)Nc1cc(Nc2ncnc3cc(OC)c(OC)cc23)ccc1C,5.301030158996582,5.60908361530304,0.9522393582530253,0.711864406779661,0.30805345630645764
rf,4510,CCOC(=O)Nc1cc(Nc2ncnc3cc(OC)c(OC)cc23)ccc1C.Cl,5.301030158996582,5.5657140226364135,0.9142407458071339,0.7,0.26468386363983143
rf,4511,CCOC(=O)Nc1cc(Nc2ncnc3cc(OC)c(OC)cc23)ccc1Cl,6.045757293701172,5.794031102180481,0.9781802159380205,0.7049180327868853,0.25172619152069053
rf,4512,CCOC(=O)Nc1cc(Nc2ncnc3cc(OC)c(OC)cc23)ccc1Cl.Cl,6.045757293701172,5.737604475975036,0.9522498066266777,0.6935483870967742,0.30815281772613545
rf,4513,CCOC(=O)Nc1ccc(Nc2ncnc3cc(OC)c(OC)cc23)cc1,5.0,5.353201681137085,0.688260379679156,0.7037037037037037,0.35320168113708483
rf,4514,CCOC(=O)Nc1ccc(Nc2ncnc3cc(OC)c(OC)cc23)cc1.Cl,5.0,5.361471569061279,0.6970511752225027,0.6909090909090909,0.36147156906127886
rf,4515,CCOC(=O)Nc1ccc(Nc2ncnc3cc(OC)c(OC)cc23)cc1C,6.045757293701172,5.615566914558411,0.9179507362323213,0.7575757575757576,0.43019037914276126
rf,4516,CCOC(=O)Nc1ccc(Nc2ncnc3cc(OC)c(OC)cc23)cc1C.Cl,6.045757293701172,5.578403184890747,0.8930247824671721,0.7727272727272727,0.46735410881042494
rf,4517,CCOC(=O)Nc1ccc(Nc2ncnc3cc(OC)c(OC)cc23)cc1Cl,6.0,5.777601747512818,1.0609958271793396,0.7611940298507462,0.22239825248718237
rf,4518,CCOC(=O)Nc1ccc(Nc2ncnc3cc(OC)c(OC)cc23)cc1Cl.Cl,6.0,5.71501782989502,1.034006407947898,0.7761194029850746,0.28498217010498017
rf,4519,CCOC(=O)Nc1ccc(Nc2ncnc3cc(OC)c(OCCN(CC)CC)cc23)cc1C,5.0,5.620502886295319,0.9573659464694666,0.7162162162162162,0.620502886295319
rf,4520,CCOC(=O)Nc1ccc(Nc2ncnc3cc(OC)c(OCCN(CC)CC)cc23)cc1C.Cl,5.0,5.577691339015961,0.9286466002966586,0.7297297297297297,0.5776913390159608
rf,4521,CCOC(=O)Nc1ccc(Nc2ncnc3cc(OCCN(CC)CC)c(OC)cc23)cc1C,5.0,5.620502886295319,0.9573659464694666,0.7162162162162162,0.620502886295319
rf,4522,CCOC(=O)Nc1ccc(Nc2ncnc3cc(OCCN(CC)CC)c(OC)cc23)cc1C.Cl,5.0,5.577691339015961,0.9286466002966586,0.7297297297297297,0.5776913390159608
rf,4523,CCOC(=O)Nc1ccc(Nc2ncnc3cc(OCCN(CC)CC)c(OC)cc23)cc1Cl,5.0,5.744094836235046,1.0655040063620127,0.72,0.7440948362350461
rf,4524,CCOC(=O)Nc1ccc(Nc2ncnc3cc(OCCN(CC)CC)c(OC)cc23)cc1Cl.Cl,5.0,5.681175936698914,1.0360601664137277,0.7333333333333333,0.6811759366989136
rf,4529,CCOC(=O)Nc1ccc(Nc2ncnc3ccccc23)cc1C,5.0,6.239404729445775,1.0323542874904055,0.6842105263157895,1.2394047294457753
rf,4589,CCOCCOc1cc2ncnc(Nc3ccc(F)c(Cl)c3)c2cc1NC(=O)/C=C/CN(C)C,9.158336639404297,8.717702796586355,0.8021308472440495,0.7804878048780488,0.4406338428179417
rf,4590,CCOCCOc1cc2ncnc(Nc3ccc(F)c(Cl)c3)c2cc1NC(=O)/C=C/CN(CC)CC,8.82973861694336,7.8150168371836335,0.8792584061370656,0.7125,1.0147217797597259
rf,4591,CCOCCOc1cc2ncnc(Nc3ccc(F)c(Cl)c3)c2cc1NC(=O)/C=C\Cl,8.826813697814941,8.233348261388143,0.5956820363876032,0.6666666666666666,0.5934654364267988
rf,4794,CCOc1cc2ncnc(Nc3cc(F)cc(C(F)(F)F)c3)c2cc1OCC.Cl,7.301030158996582,6.821185073216757,0.9556435035781614,0.5,0.4798450857798251
rf,4807,CCOc1cc2ncnc(Nc3ccc(F)c(Cl)c3)c2cc1NC(=O)CCN(C)C,9.568635940551758,7.941362478590012,1.1349225637470084,0.7361111111111112,1.627273461961746
rf,4810,CCOc1cc2ncnc(Nc3ccc(F)c(Cl)c3)c2cc1NC(=O)CO,8.51857852935791,7.7975703067779545,0.7050943553922866,0.7611940298507462,0.7210082225799557
rf,4813,CCOc1cc2ncnc(Nc3ccc(F)c(Cl)c3)c2cc1NC(=O)COC(C)=O,8.376258850097656,7.613001839081447,0.8517478556322775,0.8088235294117647,0.7632570110162096
rf,4815,CCOc1cc2ncnc(Nc3ccc(F)c(Cl)c3)c2cc1OC(=O)CCl,8.607691764831543,7.710646313921611,0.6840966008054704,0.7575757575757576,0.8970454509099319
rf,4825,CCOc1cc2ncnc(Nc3ccc(F)cc3)c2cc1OCC.Cl,7.636387825012207,6.2469281549453735,0.9599174015324692,0.5849056603773585,1.3894596700668336
rf,4878,CCOc1cc2ncnc(Nc3cccc(Br)c3)c2cc1OCC,11.221848487854004,7.1520547717412315,1.07085393809701,0.6862745098039216,4.069793716112772
rf,4879,CCOc1cc2ncnc(Nc3cccc(Br)c3)c2cc1OCC.Cl,8.494850158691406,7.147227192242941,1.0704136802217032,0.6730769230769231,1.3476229664484656
rf,4880,CCOc1cc2ncnc(Nc3cccc(Cl)c3)c2cc1OCC.Cl,8.920818328857422,7.0828973636627195,0.9914380653794432,0.6730769230769231,1.8379209651947024
rf,4881,CCOc1cc2ncnc(Nc3cccc(F)c3)c2cc1OCC.Cl,8.087778091430664,7.069131703217825,0.9040706084447581,0.6730769230769231,1.0186463882128391
rf,4882,CCOc1cc2ncnc(Nc3cccc(I)c3)c2cc1OCC.Cl,8.337242126464844,7.058981446965536,1.0307760026516297,0.6730769230769231,1.2782606794993079
rf,4885,CCOc1cc2ncnc(Nc3ccccc3F)c2cc1OCC.Cl,7.801342964172363,6.939291952927908,0.8712119067560755,0.5357142857142857,0.8620510112444553
rf,5069,CC[C@H](C)[C@@H](NC(=O)OC(C)(C)C)C(=O)Nc1ccc2ncnc(Nc3cccc(Br)c3)c2c1,7.255706787109375,7.312472812843323,0.7181175739084934,0.5526315789473685,0.056766025733947956
rf,5170,CN(/N=N/c1ccc2ncnc(Nc3cccc(Cl)c3)c2c1)C(=O)OCCCl,6.301030158996582,6.281888720035553,0.6870833732471914,0.6756756756756757,0.01914143896102871
rf,5171,CN(/N=N/c1ccc2ncnc(Nc3cccc(Cl)c3)c2c1)C(=O)OCCl,6.408935546875,6.299929827213288,0.684486142291179,0.6944444444444444,0.10900571966171224
rf,5173,CN(/N=N\c1ccc2ncnc(Nc3cccc(Cl)c3)c2c1)C(=O)OCCl,9.408935546875,6.299929827213288,0.684486142291179,0.6944444444444444,3.1090057196617122
rf,5175,CN(C(=O)N(CCCl)N=O)c1ccc2ncnc(Nc3cccc(Br)c3)c2c1,6.531652450561523,7.4310142298516775,0.5667205871119698,0.5,0.899361779290154
rf,5176,CN(C(=O)N(CCCl)N=O)c1ccc2ncnc(Nc3cccc(Cl)c3)c2c1,6.690369606018066,6.5372455439567565,0.7967986300182306,0.5263157894736842,0.1531240620613099
rf,5177,CN(C(=O)NCCCl)c1ccc2ncnc(Nc3cccc(Cl)c3)c2c1,7.091515064239502,6.52989829158783,0.8087309969514663,0.5135135135135135,0.5616167726516723
rf,5184,CN(C)/C=C/C(=O)Nc1ccc2ncnc(Nc3cccc(Br)c3)c2c1,6.602059841156006,7.2169452077865595,0.897377575651945,0.7166666666666667,0.6148853666305536
rf,5186,CN(C)/N=N/c1ccc2ncnc(N(C)c3ccccc3)c2c1,4.874518871307373,5.430021436325708,0.8649542517963901,0.48333333333333334,0.555502565018335
rf,5188,CN(C)/N=N/c1ccc2ncnc(Nc3cccc(Br)c3)c2c1,7.958607196807861,7.528653726689021,0.6059491883053422,0.5576923076923077,0.4299534701188401
rf,5189,CN(C)/N=N/c1ccc2ncnc(Nc3cccc(Cl)c3)c2c1,7.853871822357178,6.506681172370911,0.6675099146004855,0.6176470588235294,1.347190649986267
rf,5343,CN(C)C/C=C/C(=O)Nc1ccc2ncnc(Nc3cc(Cl)c(Cl)cc3F)c2c1,8.198969841003418,6.85843101978302,0.9244866720011904,0.5694444444444444,1.340538821220398
rf,5344,CN(C)C/C=C/C(=O)Nc1ccc2ncnc(Nc3ccc(Br)cc3F)c2c1,7.076213836669922,7.060070161708196,0.922436661536142,0.5416666666666666,0.016143674961726084
rf,5347,CN(C)C/C=C/C(=O)Nc1ccc2ncnc(Nc3cccc(Br)c3)c2c1,8.0,7.133414755532854,0.8758558847632065,0.7301587301587301,0.8665852444671458
rf,5348,CN(C)C/C=C/C(=O)Nc1ccc2ncnc(Nc3cccc(I)c3)c2c1,8.301030158996582,6.7929124937057495,1.093498331494723,0.5857142857142857,1.5081176652908326
rf,5381,CN(C)CC#CC(=O)Nc1ccc2ncnc(Nc3cccc(Br)c3)c2c1,8.221848487854004,7.341010051250458,0.5600389811759993,0.7272727272727273,0.880838436603546
rf,5389,CN(C)CC/N=N/Nc1ccc2ncnc(Nc3cccc(Br)c3)c2c1,7.4202165603637695,7.265557486089071,0.4990155544956018,0.7241379310344828,0.15465907427469894
rf,5390,CN(C)CCC(=O)N(C)c1ccc2ncnc(Nc3cccc(Br)c3)c2c1,7.759450912475586,7.472880884122849,0.7032526165190078,0.5373134328358209,0.28657002835273726
rf,5391,CN(C)CCC(=O)Nc1ccc2ncnc(Nc3cccc(Br)c3)c2c1,7.741971969604492,7.946590940030416,1.067320459449207,0.7049180327868853,0.20461897042592359
rf,5398,CN(C)CCCC(=O)Nc1ccc2ncnc(Nc3cccc(Br)c3)c2c1,9.0,8.087174189281463,0.991143517366824,0.6923076923076923,0.9128258107185374
rf,5416,CN(C)CCCNC(=O)/C=C/C(=O)Cc1ccc2ncnc(Nc3cccc(Br)c3)c2c1,9.360015869140625,7.537429559214909,0.8670707810737665,0.573170731707317,1.8225863099257156
rf,5419,CN(C)CCCNC(=O)/C=C/C(=O)Nc1ccc2ncnc(Nc3cccc(Br)c3)c2c1,7.229147911071777,7.1863263955161685,0.8923218009112246,0.6323529411764706,0.04282151555560887
rf,5426,CN(C)CCCOC(=O)/C=C/C(=O)Cc1ccc2ncnc(Nc3cccc(Br)c3)c2c1,8.619969367980957,7.358958047707875,0.7904637768294622,0.5064935064935064,1.2610113202730817
rf,5427,CN(C)CCCOC(=O)/C=C/C(=O)Nc1ccc2ncnc(Nc3cccc(Br)c3)c2c1,6.966576099395752,7.055356685086659,0.9079177194299232,0.6081081081081081,0.08878058569090719
rf,5441,CN(C)CCN/N=N/c1ccc2ncnc(Nc3cccc(Cl)c3)c2c1,7.431798458099365,6.050785917282105,0.542132614410944,0.734375,1.3810125408172604
rf,5522,CN(C)S(=O)(=O)c1ccc(Nc2nc(Cl)nc3ccccc23)cc1,4.0,5.273173695677803,1.514002987627634,0.47368421052631576,1.2731736956778033
rf,5533,CN(C)c1cc2ncnc(Nc3cccc(Br)c3)c2cc1N,6.794302940368652,7.797382006835937,0.74654438611325,0.6122448979591837,1.0030790664672846
rf,5534,CN(C)c1cc2ncnc(Nc3cccc(Br)c3)c2cc1[N+](=O)[O-],5.698969841003418,8.117903602552413,1.0057349828916373,0.5555555555555556,2.4189337615489954
rf,5555,CN(C)c1ccc2c(Nc3cccc(Br)c3)ncnc2c1,7.9543070793151855,7.591786917448044,1.048052891387498,0.6170212765957447,0.36252016186714187
rf,5558,CN(C)c1ccc2ncnc(Nc3cccc(Br)c3)c2c1,7.07572078704834,7.5912427409807846,0.5781981274817967,0.6415094339622641,0.5155219539324447
rf,5580,CN(C/C=C/C(=O)Nc1ccc2ncnc(Nc3cccc(Br)c3)c2c1)CCO,7.853871822357178,7.282254603892281,1.0366636462845,0.6666666666666666,0.5716172184648967
rf,5593,CN(CCCl)C(=O)Nc1ccc2ncnc(Nc3cccc(Br)c3)c2c1,6.806875228881836,7.3203660804407935,0.7355122958499781,0.639344262295082,0.5134908515589576
rf,5594,CN(CCCl)C(=O)Nc1ccc2ncnc(Nc3cccc(Cl)c3)c2c1,7.091515064239502,6.825448834101358,0.8166712169417134,0.6190476190476191,0.26606623013814357
rf,5595,CN(CCCl)CCN/N=N/c1ccc2ncnc(Nc3cccc(Cl)c3)c2c1,8.356547355651855,6.03794872379303,0.5871978470280196,0.7692307692307693,2.3185986318588254
rf,5596,CN(CCCl)c1ccc2ncnc(Nc3cccc(Br)c3)c2c1,6.297569274902344,7.317015005188897,0.6094594642309477,0.5517241379310345,1.0194457302865532
rf,5606,CN(CCO)c1ccc2ncnc(Nc3cccc(Br)c3)c2c1,6.838632106781006,7.3677213684717815,0.5879602494329499,0.5517241379310345,0.5290892616907756
rf,5634,CN(c1ccccc1)c1ncnc2ccc(Cl)cc12,4.698969841003418,5.419524789444605,0.94937694565158,0.5,0.7205549484411868
rf,5635,CN(c1ccccc1)c1ncnc2ccc(N)cc12,5.07572078704834,5.398396567694346,1.0927151768912957,0.5,0.3226757806460059
rf,5637,CN(c1ccccc1)c1ncnc2ccccc12,4.150515079498291,5.3165933233896885,0.7247322341545074,0.5,1.1660782438913975
rf,5916,CNC(=O)[C@@H](C)N(C)Cc1cc2c(Nc3cccc(Cl)c3F)ncnc2cc1OC,7.610924243927002,7.43637497138977,0.5665780097035711,0.654320987654321,0.17454927253723174
rf,5958,CNC(=S)Nc1ccc2ncnc(Nc3cccc(Br)c3)c2c1,8.040958404541016,7.430356297810872,0.48887028811795447,0.8163265306122449,0.6106021067301439
rf,5965,CNCC(O)COc1cc2c(Nc3ccc(F)c(Cl)c3)ncnc2cc1OC,8.301030158996582,7.345844896364211,0.5929420153003875,0.7352941176470589,0.9551852626323711
rf,5966,CNCCOc1cc2c(Nc3ccc(F)c(Cl)c3)ncnc2cc1OC,8.09691047668457,7.384896567742029,0.5713274435965706,0.7258064516129032,0.7120139089425415
rf,5975,CNS(=O)(=O)c1ccc(Nc2nc(Cl)nc3cc(OC)c(OC)cc23)cc1,5.787812232971191,5.148432032108307,1.0471098749344412,0.6896551724137931,0.6393802008628846
rf,5988,CNc1cc2ncnc(Nc3cccc(Br)c3)c2cc1N,9.160585403442383,7.936403555393219,0.7785582222340177,0.625,1.224181848049164
rf,5989,CNc1cc2ncnc(Nc3cccc(Br)c3)c2cc1[N+](=O)[O-],7.163755416870117,8.174467495950063,0.9951155924470949,0.5660377358490566,1.010712079079946
rf,5995,CNc1ccc2c(Nc3cccc(Br)c3)ncnc2c1,8.154901504516602,7.625494785070419,1.1191000933356552,0.6444444444444445,0.5294067194461824
rf,5998,CNc1ccc2ncnc(Nc3cccc(Br)c3)c2c1,8.345504760742188,7.500333491802215,0.5957956455682106,0.6875,0.8451712689399722
rf,6000,CNc1ccc2ncnc(Nc3cccc(C)c3)c2c1,7.958607196807861,7.102502044677735,0.9140198397303205,0.6,0.8561051521301266
rf,6001,CNc1ccc2ncnc(Nc3cccc(Cl)c3)c2c1,8.397939682006836,6.669646286964417,0.7547928519473835,0.673469387755102,1.728293395042419
rf,6102,COC(=O)Nc1cc(Nc2ncnc3cc(OC)c(OC)cc23)ccc1C,5.142667293548584,5.839247035344442,1.0275135375853557,0.7636363636363637,0.6965797417958584
rf,6103,COC(=O)Nc1cc(Nc2ncnc3cc(OC)c(OC)cc23)ccc1C.Cl,5.142667293548584,5.823855361302694,1.017026819889755,0.75,0.6811880677541104
rf,6104,COC(=O)Nc1cc(Nc2ncnc3cc(OC)c(OC)cc23)ccc1Cl.Cl,5.0,6.253105052947998,1.027345647269448,0.7543859649122807,1.2531050529479977
rf,6105,COC(=O)Nc1ccc(Nc2ncnc3cc(OC)c(OC)cc23)cc1,5.161150932312012,5.386045266151428,0.726939736271174,0.7659574468085106,0.22489433383941648
rf,6106,COC(=O)Nc1ccc(Nc2ncnc3cc(OC)c(OC)cc23)cc1C,5.397940158843994,5.9793625354426245,1.0168741795599094,0.6470588235294118,0.5814223765986304
rf,6107,COC(=O)Nc1ccc(Nc2ncnc3cc(OC)c(OC)cc23)cc1C.Cl,5.397940158843994,5.961339046444212,1.0109425458085664,0.6617647058823529,0.5633988876002176
rf,6108,COC(=O)Nc1ccc(Nc2ncnc3cc(OC)c(OC)cc23)cc1Cl,5.211124897003174,6.587588877405439,1.0538219754044296,0.6610169491525424,1.3764639804022654
rf,6109,COC(=O)Nc1ccc(Nc2ncnc3cc(OC)c(OC)cc23)cc1Cl.Cl,5.211124897003174,6.535666860307966,1.0709651270040856,0.6521739130434783,1.3245419633047923
rf,6111,COC(=O)Nc1ccc2ncnc(Nc3cccc(Br)c3)c2c1,7.920457363128662,7.422406048552196,0.6165602891098719,0.7037037037037037,0.49805131457646645
rf,6180,COC/C=C/C(=O)Nc1ccc2ncnc(Nc3cccc(Br)c3)c2c1,5.94615364074707,7.1170369228968555,0.8956936220055083,0.71875,1.1708832821497852
rf,6227,COCC#CC(=O)Nc1ccc2ncnc(Nc3cccc(Br)c3)c2c1,8.045757293701172,8.409427152633667,1.7702762808655361,0.7014925373134329,0.3636698589324947
rf,6231,COCC(=O)Nc1ccc2ncnc(Nc3cc(Cl)c(Cl)cc3F)c2c1,5.799299716949463,6.660869066556295,0.9737018699773216,0.5072463768115942,0.8615693496068317
rf,6232,COCC(=O)Nc1ccc2ncnc(Nc3cccc(Br)c3)c2c1,4.886056423187256,7.50172588836352,0.7588718673715832,0.7857142857142857,2.615669465176264
rf,6233,COCC(=O)Nc1ccc2ncnc(Nc3cccc(I)c3)c2c1,5.301030158996582,6.831104569435119,1.0403397803210723,0.6129032258064516,1.5300744104385373
rf,6240,COCC/N=N/Nc1ccc2ncnc(Nc3cccc(Br)c3)c2c1,7.148741722106934,7.282308852624893,0.5867258764124267,0.7241379310344828,0.13356713051795932
rf,6254,COCCCOc1cc2ncnc(Nc3ccc(F)c(Cl)c3)c2cc1NC(=O)/C=C/CN(C)C,9.117762565612793,8.711834153154914,0.8054107132251654,0.782051282051282,0.4059284124578788
rf,6258,COCCN(C)C/C=C/C(=O)Nc1ccc2ncnc(Nc3cccc(Br)c3)c2c1,7.207608222961426,7.280640925348372,1.0449695805537123,0.6438356164383562,0.07303270238694637
rf,6263,COCCN(CCOC)CCOc1cc2c(Nc3ccc(F)c(Cl)c3)ncnc2cc1OC,7.214670181274414,7.303813641150791,0.6198801264335808,0.6923076923076923,0.08914345987637695
rf,6265,COCCN(Cc1cc2c(Nc3cccc(Cl)c3F)ncnc2cc1OC)[C@@H](C)C(N)=O,7.629818439483643,7.464959119637808,0.5799231693196827,0.6470588235294118,0.16485931984583502
rf,6283,COCCNCCOc1cc2c(Nc3ccc(F)c(Cl)c3)ncnc2cc1OC,8.09691047668457,7.35066558655103,0.5881357625540637,0.703125,0.7462448901335401
rf,6287,COCCOCC#CC(=O)Nc1ccc2ncnc(Nc3cccc(Br)c3)c2c1,7.187086582183838,8.328986271858215,1.8195206170853182,0.6527777777777778,1.1418996896743767
rf,6297,COCCOc1cc2c(Nc3ccc(F)c(Cl)c3)ncnc2cc1OCCCCCCC(=O)NO,7.0,7.55064809141159,0.758102629999531,0.7567567567567568,0.5506480914115901
rf,6305,COCCOc1cc2ncnc(Nc3cc(Br)cc(OS(C)(=O)=O)c3)c2cc1OCCOC,7.62950325012207,6.236434672355652,1.1659598561024176,0.5217391304347826,1.3930685777664182
rf,6306,COCCOc1cc2ncnc(Nc3cc(C=O)cc(C=O)c3)c2cc1OCCOC,5.855425834655762,6.9882244180202475,1.0127083832911288,0.5396825396825397,1.1327985833644858
rf,6307,COCCOc1cc2ncnc(Nc3cc(Cl)cc(C=O)c3)c2cc1OCCOC,6.730020523071289,7.160682803964614,1.1243817793498347,0.5,0.43066228089332537
rf,6308,COCCOc1cc2ncnc(Nc3cc(Cl)cc(OS(=O)(=O)F)c3)c2cc1OCCOC,7.265200138092041,6.911120288758051,1.1985977425964236,0.5362318840579711,0.3540798493339903
rf,6309,COCCOc1cc2ncnc(Nc3cc(OC)c(OC)c(OC)c3)c2cc1OCCOC,5.619788646697998,6.890681183401743,1.1090699130073058,0.5538461538461539,1.2708925367037454
rf,6310,COCCOc1cc2ncnc(Nc3ccc(B(O)O)cc3)c2cc1OC,6.0,5.987779870065053,0.9843408435416169,0.578125,0.012220129934947366
rf,6311,COCCOc1cc2ncnc(Nc3ccc(B(O)O)cc3)c2cc1OCCOC,6.0,6.194391189289093,1.1157203720530293,0.6065573770491803,0.19439118928909327
rf,6312,COCCOc1cc2ncnc(Nc3ccc(Br)cc3F)c2cc1NC(=O)/C=C/CN(C)C,8.522878646850586,7.324429030799865,0.9421764468170195,0.6506024096385542,1.1984496160507208
rf,6315,COCCOc1cc2ncnc(Nc3ccc(C(F)F)c(C=O)c3)c2cc1OCCOC,6.251811981201172,7.191288822952906,0.8602813333764779,0.5362318840579711,0.9394768417517341
rf,6317,COCCOc1cc2ncnc(Nc3ccc(C)c(C=O)c3)c2cc1OCCOC,6.91399621963501,7.175364125585555,0.9114151140207627,0.5571428571428572,0.2613679059505456
rf,6319,COCCOc1cc2ncnc(Nc3ccc(C=O)c(O)c3)c2cc1OCCOC,7.436519145965576,7.238356882492701,0.8681107545737338,0.5692307692307692,0.19816226347287547
rf,6320,COCCOc1cc2ncnc(Nc3ccc(Cl)c(C(F)(F)F)c3)c2cc1NC(=O)/C=C/CN(C)C,6.241390705108643,7.080824093092055,1.1281383828610734,0.7176470588235294,0.8394333879834122
rf,6323,COCCOc1cc2ncnc(Nc3ccc(Cl)cc3F)c2cc1OC,7.0,6.7260253218015045,0.6790499217366915,0.7377049180327869,0.2739746781984955
rf,6325,COCCOc1cc2ncnc(Nc3ccc(F)c(C#N)c3)c2cc1NC(=O)/C=C/CN(C)C,6.0,7.210573706181844,0.890286902901007,0.7176470588235294,1.2105737061818438
rf,6327,COCCOc1cc2ncnc(Nc3ccc(F)c(Cl)c3)c2cc1NC(=O)/C=C/CN(C)C,8.920818328857422,8.713316504641938,0.7984094083233687,0.84,0.20750182421548402
rf,6336,COCCOc1cc2ncnc(Nc3ccc(F)c(Cl)c3)c2cc1NC(=O)CCCC(=O)NO,7.0,7.9168981911818195,0.9192880406577578,0.6341463414634146,0.9168981911818195
rf,6337,COCCOc1cc2ncnc(Nc3ccc(F)c(Cl)c3)c2cc1NC(=O)CCCCC(=O)NO,7.0,7.916303944794337,0.9224716210059839,0.6419753086419753,0.9163039447943371
rf,6338,COCCOc1cc2ncnc(Nc3ccc(F)c(Cl)c3)c2cc1NC(=O)CCCCCCC(=O)NO,7.0,7.93209894302686,0.942789366457378,0.654320987654321,0.93209894302686
rf,6339,COCCOc1cc2ncnc(Nc3ccc(F)c(Cl)c3)c2cc1OCCCCCCC(=O)NO,7.491483211517334,7.55064809141159,0.758102629999531,0.7567567567567568,0.05916487989425612
rf,6340,COCCOc1cc2ncnc(Nc3ccc(F)c(OS(=O)(=O)F)c3)c2cc1OCCOC,7.013228416442871,7.178829533640544,1.1354414362514016,0.5757575757575758,0.16560111719767256
rf,6343,COCCOc1cc2ncnc(Nc3ccc(NC(=O)/C=C/CN(C)C)c(C(F)(F)F)c3)c2cc1NC(=O)/C=C/CN(C)C,6.990124225616455,6.977063240289687,0.9953558096567376,0.6746987951807228,0.013060985326768026
rf,6348,COCCOc1cc2ncnc(Nc3ccc(O)c(C=O)c3)c2cc1OCCOC,6.714442729949951,7.262227349424362,0.8220664748076469,0.5606060606060606,0.5477846194744105
rf,6355,COCCOc1cc2ncnc(Nc3ccc(OS(=O)(=O)F)cc3)c2cc1OCCOC,5.903090000152588,6.133236296653748,1.0018272591581143,0.6451612903225806,0.23014629650116003
rf,6360,COCCOc1cc2ncnc(Nc3cccc(B(O)O)c3)c2cc1OC,6.0,6.953693389495214,1.152430753846736,0.5789473684210527,0.9536933894952142
rf,6361,COCCOc1cc2ncnc(Nc3cccc(B(O)O)c3)c2cc1OCCOC,6.0,7.1673238664468135,1.1443948655880665,0.6,1.1673238664468135
rf,6364,COCCOc1cc2ncnc(Nc3cccc(C=O)c3)c2cc1OCCOC,7.458420753479004,7.155583632087707,1.051242544351137,0.6,0.30283712139129726
rf,6367,COCCOc1cc2ncnc(Nc3cccc(O)c3)c2cc1OCCOC,7.812479496002197,6.771866943311691,1.039775585899834,0.6290322580645161,1.0406125526905061
rf,6369,COCCOc1cc2ncnc(Nc3cccc(OS(=O)(=O)F)c3)c2cc1OCCOC,9.602060317993164,6.4552037037894845,1.1374259363632886,0.6461538461538462,3.1468566142036796
rf,6370,COCCOc1cc2ncnc(Nc3cccc(S(=O)(=O)F)c3)c2cc1OCCOC,7.267439365386963,7.110849983723958,1.2080745196702942,0.625,0.15658938166300462
rf,6397,COCC[C@@H](C(N)=O)N(C)Cc1cc2c(Nc3cccc(Cl)c3F)ncnc2cc1OC,7.650515079498291,7.468771027406057,0.5416700520064065,0.6666666666666666,0.18174405209223377
rf,6413,COCOCC#CC(=O)Nc1ccc2ncnc(Nc3cccc(Br)c3)c2c1,7.229147911071777,8.400091005325317,1.7771215155989215,0.6619718309859155,1.1709430942535395
rf,6424,COC[C@@H](C(N)=O)N(C)Cc1cc2c(Nc3cccc(Cl)c3F)ncnc2cc1OC,7.489405155181885,7.491404664500554,0.49191057372800434,0.6626506024096386,0.0019995093186695456
rf,6426,COC[C@@H](C)Oc1cc2ncnc(Nc3ccc(F)c(Cl)c3)c2cc1NC(=O)/C=C/CN(C)C,9.024574279785156,8.38568981256485,1.0111866542700607,0.691358024691358,0.638884467220306
rf,6442,COC[C@H](C)Oc1cc2ncnc(Nc3ccc(F)c(Cl)c3)c2cc1NC(=O)/C=C/CN(C)C,8.563837051391602,8.38568981256485,1.0111866542700607,0.691358024691358,0.17814723882675132
rf,7139,COc1cc(Nc2ncnc3c(C)cc(C)cc23)cc(OC)c1OC.Cl,4.698969841003418,6.560647557894389,1.0274140893668804,0.47368421052631576,1.8616777168909708
rf,7140,COc1cc(Nc2ncnc3c(OC)c(OC)c(OC)cc23)cc(OC)c1OC.Cl,4.698969841003418,6.679583881378174,0.9854346488466801,0.48936170212765956,1.980614040374756
rf,7147,COc1cc(Nc2ncnc3cc(OC)c(OC)cc23)c(Cl)cc1Cl,7.212752342224121,7.176427562713623,0.6004560687478282,0.5490196078431373,0.036324779510498395
rf,7148,COc1cc(Nc2ncnc3cc(OC)c(OC)cc23)cc(OC)c1.Cl,5.522878646850586,6.170536861419678,0.9160309268069743,0.625,0.6476582145690921
rf,7155,COc1cc(Nc2ncnc3ccc(C(F)(F)F)cc23)cc(OC)c1OC,4.301030158996582,6.289086045265198,0.9558092852298489,0.4915254237288136,1.988055886268616
rf,7156,COc1cc(Nc2ncnc3ccc(Cl)cc23)cc(OC)c1OC.Cl,6.0,6.476404725074768,0.9021042246280868,0.5925925925925926,0.47640472507476783
rf,7167,COc1cc(OC(C)C)c2c(Nc3ccc(F)c(Cl)c3)ncnc2c1,5.093234062194824,6.948519752025605,0.9371870551779615,0.6666666666666666,1.8552856898307803
rf,7207,COc1cc2c(N(C)c3ccccc3)ncnc2c(OC)c1OC.Cl,4.698969841003418,5.809551214161373,1.1621070029464593,0.4827586206896552,1.110581373157955
rf,7636,COc1cc2c(Nc3ccc(F)c(Cl)c3)ncnc2cc1OCCCCCCC(=O)NO,8.154901504516602,7.555820605341592,0.5627537877607435,0.7534246575342466,0.5990808991750098
rf,7762,COc1cc2c(Nc3cccc(Br)c3)ncnc2c(OC)c1OC,5.0,6.907686955769856,1.0754977971494717,0.6181818181818182,1.9076869557698561
rf,7963,COc1cc2nc(C)nc(Nc3cccc(Br)c3)c2cc1OC,5.0,7.928637720108032,1.9487468999186097,0.55,2.928637720108032
rf,7967,COc1cc2nc(Cl)nc(N(C)c3ccccc3)c2cc1OC,4.301030158996582,5.436180695772171,1.2645176430305287,0.47368421052631576,1.1351505367755887
rf,7968,COc1cc2nc(Cl)nc(Nc3cc(OC)c(OC)c(OC)c3)c2cc1OC.Cl,4.698969841003418,5.212283987522126,1.0877636027876227,0.4918032786885246,0.5133141465187077
rf,7969,COc1cc2nc(Cl)nc(Nc3ccc(C(=O)O)cc3)c2cc1OC,4.0,5.3821199221611025,1.1097078870340322,0.5483870967741935,1.3821199221611025
rf,7970,COc1cc2nc(Cl)nc(Nc3ccc(C(N)=O)cc3)c2cc1OC,6.045757293701172,5.333042627334595,1.1708811589458117,0.5396825396825397,0.7127146663665771
rf,7971,COc1cc2nc(Cl)nc(Nc3ccc(N(C)C)cc3)c2cc1OC,4.443697452545166,5.137519511222839,1.082467989049611,0.64,0.6938220586776733
rf,7972,COc1cc2nc(Cl)nc(Nc3ccc(NC(C)=O)cc3)c2cc1OC,4.424812316894531,5.396978199481964,1.0751377605812773,0.5483870967741935,0.9721658825874329
rf,7973,COc1cc2nc(Cl)nc(Nc3ccc(O)cc3)c2cc1OC,5.3665313720703125,5.037560348510742,1.077584764462157,0.559322033898305,0.3289710235595704
rf,7974,COc1cc2nc(Cl)nc(Nc3ccc(S(=O)(=O)N(C)C)cc3)c2cc1OC,4.172630786895752,5.359058853149414,1.574757974026744,0.6229508196721312,1.1864280662536624
rf,7976,COc1cc2nc(Cl)nc(Nc3ccc(S(=O)(=O)O)cc3)c2cc1OC,4.0,5.178958929061889,1.0886958747213926,0.6440677966101694,1.1789589290618894
rf,7977,COc1cc2nc(Cl)nc(Nc3ccc(S(C)(=O)=O)cc3)c2cc1OC,4.211124897003174,5.165757066726685,1.1248988817706291,0.6551724137931034,0.954632169723511
rf,7978,COc1cc2nc(Cl)nc(Nc3ccc(S(N)(=O)=O)cc3)c2cc1OC,5.625251770019531,5.108361507892608,1.0472310632500508,0.6440677966101694,0.5168902621269229
rf,7980,COc1cc2nc(N)nc(Nc3cccc(Br)c3)c2cc1OC,6.334418773651123,4.199110513210297,0.7363820734751585,0.5666666666666667,2.1353082604408264
rf,8082,COc1cc2ncnc(N(C)c3ccc(Br)cc3F)c2cc1OC,5.0,5.5088521832625075,0.8050947708176448,0.4909090909090909,0.5088521832625075
rf,8083,COc1cc2ncnc(N(C)c3ccc(C)cc3)c2cc1OC.Cl,5.397940158843994,5.328780908346176,0.8601447274843095,0.6153846153846154,0.06915925049781801
rf,8084,COc1cc2ncnc(N(C)c3ccc(Cl)cc3)c2cc1OC.Cl,5.522878646850586,5.376148633813858,0.8760993501369915,0.6140350877192983,0.14673001303672795
rf,8085,COc1cc2ncnc(N(C)c3ccc(F)c(Cl)c3)c2cc1OC,5.0,5.449387209971746,0.8034696071278362,0.7142857142857143,0.4493872099717464
rf,8088,COc1cc2ncnc(N(C)c3cccc(Br)c3)c2cc1OC,5.909078121185303,5.308995915651321,0.825357036708592,0.6181818181818182,0.6000822055339814
rf,8089,COc1cc2ncnc(N(C)c3cccc(C(F)(F)F)c3)c2cc1OC.Cl,4.522878646850586,5.582397200345993,1.057458602620362,0.576271186440678,1.0595185534954075
rf,8090,COc1cc2ncnc(N(C)c3cccc(C)c3)c2cc1OC.Cl,4.92081880569458,5.261748336553573,0.8304013590043773,0.6181818181818182,0.34092953085899325
rf,8091,COc1cc2ncnc(N(C)c3cccc(Cl)c3)c2cc1OC.Cl,7.0,5.913084603786468,1.2660509848190757,0.6071428571428571,1.0869153962135316
rf,8093,COc1cc2ncnc(N(C)c3ccccc3)c2cc1OC.Cl,5.397940158843994,5.743603817088263,1.135710911450876,0.6938775510204082,0.3456636582442689
rf,8140,COc1cc2ncnc(Nc3cc(Br)cc(Br)c3)c2cc1OC,6.946921348571777,6.552209492286047,0.8357748937790511,0.6470588235294118,0.39471185628573036
rf,8142,COc1cc2ncnc(Nc3cc(Cl)c(Cl)cc3F)c2cc1OC,8.991483688354492,7.159688237190246,0.43176933238774695,0.639344262295082,1.831795451164246
rf,8143,COc1cc2ncnc(Nc3cc(Cl)c(F)cc3O)c2cc1O,6.970612525939941,7.046045808633168,0.6620031609311797,0.5161290322580645,0.07543328269322647
rf,8149,COc1cc2ncnc(Nc3cc(F)cc(C(F)(F)F)c3)c2cc1OC.Cl,7.698969841003418,6.578932524998983,0.7772811454324374,0.5333333333333333,1.120037316004435
rf,8156,COc1cc2ncnc(Nc3cc(OC)c(OC)c(OC)c3)c2cc1OC,5.267606258392334,6.508902275403341,0.7573398233914136,0.6086956521739131,1.241296017011007
rf,8157,COc1cc2ncnc(Nc3cc(OC)c(OC)c(OC)c3)c2cc1OC.Cl,6.301030158996582,6.51656490166982,0.7526864100290909,0.6041666666666666,0.21553474267323836
rf,8175,COc1cc2ncnc(Nc3ccc(B(O)O)cc3)c2cc1OC,6.0,5.847276491641998,0.7026117340934763,0.64,0.15272350835800186
rf,8176,COc1cc2ncnc(Nc3ccc(Br)c(Br)c3)c2cc1OC,10.142667770385742,6.843313773632049,0.92607534480251,0.6326530612244898,3.299353996753693
rf,8177,COc1cc2ncnc(Nc3ccc(Br)cc3)c2cc1OC,9.017728805541992,5.985372260808945,0.7316618202388036,0.68,3.032356544733047
rf,8178,COc1cc2ncnc(Nc3ccc(Br)cc3F)c2cc1OC,5.2441253662109375,6.756095476547878,0.5461124532340942,0.7017543859649122,1.5119701103369403
rf,8183,COc1cc2ncnc(Nc3ccc(C(C)(F)F)cc3)c2cc1OC,5.327902317047119,5.856826226234436,0.7602574946798681,0.5961538461538461,0.5289239091873172
rf,8190,COc1cc2ncnc(Nc3ccc(Cl)c(N)c3)c2cc1OC,9.337242126464844,7.133770595550536,0.528890549850224,0.6363636363636364,2.2034715309143076
rf,8193,COc1cc2ncnc(Nc3ccc(Cl)c(O)c3)c2cc1OC.Cl,9.07572078704834,7.023746680895487,0.619046165938036,0.625,2.051974106152853
rf,8196,COc1cc2ncnc(Nc3ccc(F)c(Cl)c3)c2cc1B(O)O,6.2924299240112305,7.279872141583761,0.824235745239356,0.6842105263157895,0.9874422175725304
rf,8198,COc1cc2ncnc(Nc3ccc(F)c(Cl)c3)c2cc1CCCCCC(=O)NO,7.0,7.617275475027447,0.6843715360485844,0.6329113924050633,0.617275475027447
rf,8199,COc1cc2ncnc(Nc3ccc(F)c(Cl)c3)c2cc1CN(C(C)C)[C@@H](C)C(N)=O,9.0,7.500891575177509,0.6384488070584795,0.6,1.4991084248224906
rf,8200,COc1cc2ncnc(Nc3ccc(F)c(Cl)c3)c2cc1CN(C)[C@@H](C)C(N)=O,8.09691047668457,7.5889821520805345,0.5636767791341294,0.6075949367088608,0.5079283246040358
rf,8201,COc1cc2ncnc(Nc3ccc(F)c(Cl)c3)c2cc1CN(C)[C@H](C)C(N)=O,8.045757293701172,7.5889821520805345,0.5636767791341294,0.6075949367088608,0.45677514162063737
rf,8208,COc1cc2ncnc(Nc3ccc(F)c(Cl)c3)c2cc1NC(=O)/C(F)=C/CN(C)C,8.937421798706055,8.913017502848309,0.43214224142570534,0.7792207792207793,0.02440429585774595
rf,8213,COc1cc2ncnc(Nc3ccc(F)c(Cl)c3)c2cc1NC(=O)/C=C/CN(C(C)C)C(C)C,8.372364044189453,7.903361374950408,0.806314378887149,0.7945205479452054,0.4690026692390452
rf,8229,COc1cc2ncnc(Nc3ccc(F)c(Cl)c3)c2cc1NC(=O)CCCC(=O)NO,7.0,7.640351240173977,0.7886548558234326,0.7,0.6403512401739766
rf,8230,COc1cc2ncnc(Nc3ccc(F)c(Cl)c3)c2cc1NC(=O)CCCCCCC(=O)NO,7.838890552520752,7.735772856505712,0.8384780785418842,0.6901408450704225,0.1031176960150404
rf,8235,COc1cc2ncnc(Nc3ccc(F)c(Cl)c3)c2cc1OC,8.045757293701172,7.320012630478541,0.6231338695152305,0.8043478260869565,0.7257446632226312
rf,8241,COc1cc2ncnc(Nc3ccc(F)c(Cl)c3)c2cc1OCC(=O)NO,7.0,7.43595307671229,0.5145729727747951,0.746268656716418,0.43595307671229033
rf,8242,COc1cc2ncnc(Nc3ccc(F)c(Cl)c3)c2cc1OCC(O)CN,8.221848487854004,7.470032147328059,0.5789645047484074,0.7352941176470589,0.751816340525945
rf,8243,COc1cc2ncnc(Nc3ccc(F)c(Cl)c3)c2cc1OCC(O)CN(CCO)CCO,8.301030158996582,7.3968677060763035,0.8008815012412364,0.684931506849315,0.9041624529202785
rf,8246,COc1cc2ncnc(Nc3ccc(F)c(Cl)c3)c2cc1OCCBr,7.742321491241455,7.282835077524184,0.5737079489813204,0.7377049180327869,0.45948641371727117
rf,8247,COc1cc2ncnc(Nc3ccc(F)c(Cl)c3)c2cc1OCCC(=O)NO,7.574370861053467,7.487175031344094,0.6014856906986246,0.7761194029850746,0.08719582970937267
rf,8248,COc1cc2ncnc(Nc3ccc(F)c(Cl)c3)c2cc1OCCCC(=O)NO,7.553952693939209,7.237576953665414,0.9404547981123659,0.7647058823529411,0.316375740273795
rf,8249,COc1cc2ncnc(Nc3ccc(F)c(Cl)c3)c2cc1OCCCCC(=O)NO,7.5134358406066895,7.476758914883931,0.4687090467996536,0.7605633802816901,0.036676925722758824
rf,8251,COc1cc2ncnc(Nc3ccc(F)c(Cl)c3)c2cc1OCCCCCC(=O)NO,7.734260559082031,7.555820605341592,0.5627537877607435,0.7534246575342466,0.17843995374043953
rf,8252,COc1cc2ncnc(Nc3ccc(F)c(Cl)c3)c2cc1OCCCCCCC(=O)NO,8.508638381958008,7.555820605341592,0.5627537877607435,0.7534246575342466,0.9528177766164161
rf,8255,COc1cc2ncnc(Nc3ccc(F)c(Cl)c3)c2cc1OCCCCCCN(O)C(N)=O,7.0,7.3850626876059025,0.9587116435555322,0.6538461538461539,0.38506268760590245
rf,8273,COc1cc2ncnc(Nc3ccc(F)c(Cl)c3)c2cc1OCCCN(C)C,7.3098039627075195,7.460989008156458,0.5544050018480621,0.71875,0.15118504544893874
rf,8288,COc1cc2ncnc(Nc3ccc(F)c(Cl)c3)c2cc1OCCCNCCN,7.866461277008057,7.43946706126531,0.5336936516965136,0.7076923076923077,0.4269942157427469
rf,8291,COc1cc2ncnc(Nc3ccc(F)c(Cl)c3)c2cc1OCCCOP(N)(=O)N(CCCl)CCCl,9.301030158996582,7.529310945177078,0.4909617249014506,0.7692307692307693,1.7717192138195044
rf,8294,COc1cc2ncnc(Nc3ccc(F)c(Cl)c3)c2cc1OCCN(C)C,8.154901504516602,7.3712387317816415,0.4780148812115064,0.7142857142857143,0.7836627727349601
rf,8295,COc1cc2ncnc(Nc3ccc(F)c(Cl)c3)c2cc1OCCN(CCO)CCO,7.455932140350342,7.398283336559931,0.6970563104794225,0.6716417910447762,0.0576488037904106
rf,8306,COc1cc2ncnc(Nc3ccc(F)c(Cl)c3)c2cc1OCCNC(C)(C)C,7.0,7.350884574651718,0.7535365897142777,0.6923076923076923,0.35088457465171796
rf,8307,COc1cc2ncnc(Nc3ccc(F)c(Cl)c3)c2cc1OCCNC(C)(CO)CO,7.161150932312012,7.45128489947319,0.6447222361540422,0.6521739130434783,0.2901339671611787
rf,8308,COc1cc2ncnc(Nc3ccc(F)c(Cl)c3)c2cc1OCCNC(C)C,6.508638381958008,7.31595011531512,0.7270440200926276,0.71875,0.8073117333571123
rf,8309,COc1cc2ncnc(Nc3ccc(F)c(Cl)c3)c2cc1OCCNCCN,7.917214393615723,7.4405344478925075,0.5342027698199401,0.7076923076923077,0.47667994572321515
rf,8310,COc1cc2ncnc(Nc3ccc(F)c(Cl)c3)c2cc1OCCNCCN(C)C,8.698969841003418,7.4409903612931565,0.5733357743069905,0.6764705882352942,1.2579794797102615
rf,8313,COc1cc2ncnc(Nc3ccc(F)c(Cl)c3)c2cc1OCCO,7.197910785675049,7.380668002208074,0.6655924919599223,0.7377049180327869,0.1827572165330249
rf,8322,COc1cc2ncnc(Nc3ccc(F)c(Cl)c3)c2cc1S(=O)(=O)CCCCCCC(=O)NO,7.812479496002197,7.446460796580995,0.7728677405377177,0.6172839506172839,0.36601869942120224
rf,8323,COc1cc2ncnc(Nc3ccc(F)c(Cl)c3)c2cc1SCCCCC(=O)NO,7.0,7.494750951226552,0.6279978900105541,0.6025641025641025,0.49475095122655244
rf,8324,COc1cc2ncnc(Nc3ccc(F)c(Cl)c3)c2cc1SCCCCCCC(=O)NO,7.850573539733887,7.574948093001048,0.7045689962470962,0.5949367088607594,0.27562544673283895
rf,8326,COc1cc2ncnc(Nc3ccc(F)c(O)c3)c2cc1OC,8.593460083007812,6.562695351600647,0.8351751410974905,0.625,2.0307647314071655
rf,8327,COc1cc2ncnc(Nc3ccc(F)cc3)c2cc1OC.Cl,7.2924299240112305,6.0823524417877195,0.7888042157538079,0.6458333333333334,1.210077482223511
rf,8334,COc1cc2ncnc(Nc3ccc(NC(=O)OC(C)C)c(C)c3)c2cc1OC,5.236571788787842,5.981610767330443,1.2141858865164272,0.6027397260273972,0.7450389785426008
rf,8335,COc1cc2ncnc(Nc3ccc(NC(=O)OC(C)C)cc3)c2cc1OC,5.318758964538574,5.416526121139526,0.8534441911860616,0.6923076923076923,0.09776715660095192
rf,8336,COc1cc2ncnc(Nc3ccc(NC(C)=O)c(C)c3)c2cc1OC.Cl,5.0,6.1968382653849465,1.0613657298878616,0.6333333333333333,1.1968382653849465
rf,8337,COc1cc2ncnc(Nc3ccc(NC(C)=O)cc3)c2cc1OC,5.0,5.398203557014465,0.6644849969497868,0.7659574468085106,0.3982035570144653
rf,8338,COc1cc2ncnc(Nc3ccc(O)cc3)c2cc1OC.Cl,7.0,5.969754205703735,0.7991709611396226,0.6666666666666666,1.030245794296265
rf,8375,COc1cc2ncnc(Nc3cccc(B(O)O)c3)c2cc1OC,6.0,6.530884929974874,0.8750852430568505,0.673469387755102,0.5308849299748744
rf,8376,COc1cc2ncnc(Nc3cccc(Br)c3)c2c(OC)c1OC,9.173925399780273,6.7913390630086266,1.0079827964757613,0.5660377358490566,2.382586336771647
rf,8377,COc1cc2ncnc(Nc3cccc(Br)c3)c2cc1N,8.4201021194458,6.881945939858755,1.0474030272415498,0.6428571428571429,1.5381561795870455
rf,8378,COc1cc2ncnc(Nc3cccc(Br)c3)c2cc1NC(=O)/C(F)=C/CN(C)C,8.332974433898926,8.383767521758303,0.9106166719218676,0.6875,0.050793087859377195
rf,8379,COc1cc2ncnc(Nc3cccc(Br)c3)c2cc1NC(=O)/C(F)=C\CN(C)C,8.301030158996582,8.383767521758303,0.9106166719218676,0.6875,0.08273736276172095
rf,8381,COc1cc2ncnc(Nc3cccc(Br)c3)c2cc1OC,7.361769199371338,6.749405020078024,0.9860220900911042,0.76,0.6123641792933139
rf,8382,COc1cc2ncnc(Nc3cccc(Br)c3)c2cc1OC.Cl,8.585026741027832,6.7685346773465485,0.9720876674490949,0.7450980392156863,1.8164920636812836
rf,8383,COc1cc2ncnc(Nc3cccc(Br)c3)c2cc1OCCCOP(N)(=O)N(CCCl)CCCl,9.522878646850586,7.13757286387957,1.2089323568618924,0.691358024691358,2.385305782971016
rf,8386,COc1cc2ncnc(Nc3cccc(Br)c3)c2cc1[N+](=O)[O-],7.8218913078308105,7.556532523282371,1.3493015648931432,0.6231884057971014,0.26535878454843953
rf,8388,COc1cc2ncnc(Nc3cccc(C#CC(C)(C)O)c3)c2cc1OC,6.686554431915283,6.49366228278478,0.8459173857833026,0.7450980392156863,0.19289214913050312
rf,8389,COc1cc2ncnc(Nc3cccc(C#CCCCO)c3)c2cc1OC,5.865631580352783,6.877289116700491,1.0116332460399569,0.7037037037037037,1.011657536347708
rf,8390,COc1cc2ncnc(Nc3cccc(C#CCCO)c3)c2cc1OC,6.395666122436523,6.7994651461442315,0.9953358262681549,0.7307692307692307,0.40379902370770804
rf,8391,COc1cc2ncnc(Nc3cccc(C#CCO)c3)c2cc1OC,5.784204006195068,6.826480810403824,0.9531493965359761,0.76,1.0422768042087558
rf,8393,COc1cc2ncnc(Nc3cccc(C#N)c3)c2cc1OC,6.384260177612305,6.684394250488282,1.0894977658721798,0.7872340425531915,0.30013407287597715
rf,8395,COc1cc2ncnc(Nc3cccc(C(F)(F)F)c3)c2cc1OC,9.60994815826416,6.613348409970602,0.7575919370463662,0.673469387755102,2.9965997482935585
rf,8397,COc1cc2ncnc(Nc3cccc(C)c3)c2cc1OC,8.301030158996582,6.31521895980835,0.8020484055451327,0.7333333333333333,1.9858111991882321
rf,8398,COc1cc2ncnc(Nc3cccc(Cl)c3)c2cc1B(O)O,6.337242126464844,6.700986744880677,1.0586159572488276,0.6379310344827587,0.36374461841583283
rf,8400,COc1cc2ncnc(Nc3cccc(Cl)c3)c2cc1OC,8.522878646850586,6.749252362251282,0.8871198788177129,0.717391304347826,1.7736262845993043
rf,8401,COc1cc2ncnc(Nc3cccc(Cl)c3)c2cc1OC.Cl,8.211254119873047,6.760893282890319,0.8794161981617606,0.7021276595744681,1.4503608369827274
rf,8403,COc1cc2ncnc(Nc3cccc(Cl)c3F)c2cc1CN(C(C)C)[C@@H](C)C(N)=O,8.150514602661133,7.388205038388571,0.6446331643568136,0.675,0.7623095642725621
rf,8409,COc1cc2ncnc(Nc3cccc(Cl)c3F)c2cc1CN(C)CC(N)=O,7.522878646850586,7.4429299679756165,0.6216034502486016,0.7105263157894737,0.07994867887496948
rf,8410,COc1cc2ncnc(Nc3cccc(Cl)c3F)c2cc1CN(C)[C@@H](C)C(N)=O,7.849484920501709,7.49869122393926,0.5028842886706079,0.7051282051282052,0.35079369656244896
rf,8411,COc1cc2ncnc(Nc3cccc(Cl)c3F)c2cc1CN(C)[C@@H](CN(C)C)C(N)=O,7.212984561920166,7.473470433076224,0.5327473840106011,0.6585365853658537,0.2604858711560576
rf,8412,COc1cc2ncnc(Nc3cccc(Cl)c3F)c2cc1CN(C)[C@@H](CO)C(N)=O,7.610924243927002,7.500223327954611,0.48995169760242663,0.6666666666666666,0.11070091597239085
rf,8413,COc1cc2ncnc(Nc3cccc(Cl)c3F)c2cc1CN(C)[C@H](C)C(=O)N(C)C,7.221848964691162,7.668162307516734,0.934341295756227,0.6835443037974683,0.44631334282557233
rf,8414,COc1cc2ncnc(Nc3cccc(Cl)c3F)c2cc1CN(C)[C@H](C)C(N)=O,7.784317970275879,7.49869122393926,0.5028842886706079,0.7051282051282052,0.2856267463366189
rf,8415,COc1cc2ncnc(Nc3cccc(Cl)c3F)c2cc1CN(CCN(C)C)[C@@H](C)C(N)=O,6.983288288116455,7.465308653672537,0.5641694565755315,0.6626506024096386,0.48202036555608174
rf,8429,COc1cc2ncnc(Nc3cccc(Cl)c3F)c2cc1CN[C@H](C)C(N)=O,6.872363567352295,7.5166020820935575,0.5476816502845068,0.6712328767123288,0.6442385147412626
rf,8456,COc1cc2ncnc(Nc3cccc(F)c3)c2cc1OC,8.4201021194458,6.656908602078756,0.7608782599706242,0.717391304347826,1.7631935173670445
rf,8457,COc1cc2ncnc(Nc3cccc(F)c3)c2cc1OC.Cl,7.549134731292725,6.658531229337057,0.7566079176156679,0.7021276595744681,0.8906035019556677
rf,8458,COc1cc2ncnc(Nc3cccc(I)c3)c2cc1OC,9.05029296875,6.637472432835897,0.83812080051357,0.717391304347826,2.4128205359141033
rf,8459,COc1cc2ncnc(Nc3cccc(I)c3)c2cc1OC.Cl,8.193819999694824,6.639601535542806,0.8329842615760106,0.7021276595744681,1.5542184641520178
rf,8467,COc1cc2ncnc(Nc3cccc(SC)c3)c2cc1OC,6.897223472595215,6.630248092015585,0.8273297630830263,0.6875,0.26697538057962955
rf,8468,COc1cc2ncnc(Nc3ccccc3)c2cc1OC,7.113417148590088,6.07928964583079,0.7067106349214551,0.8048780487804879,1.034127502759298
rf,8469,COc1cc2ncnc(Nc3ccccc3)c2cc1OC.Cl,7.301030158996582,6.104165492693583,0.7265105164077017,0.7857142857142857,1.1968646663029991
rf,8470,COc1cc2ncnc(Nc3ccccc3Br)c2cc1OC,6.892789840698242,6.7679879930814115,0.8336626921787972,0.6326530612244898,0.12480184761683066
rf,8471,COc1cc2ncnc(Nc3ccccc3C(F)(F)F)c2cc1OC,5.0,6.653138874848684,0.907079831008857,0.5961538461538461,1.6531388748486844
rf,8472,COc1cc2ncnc(Nc3ccccc3F)c2cc1OC.Cl,7.4921441078186035,6.711353531360627,0.7884273936930893,0.62,0.7807905764579761
rf,8796,COc1ccc(N(C)c2nc(C)nc3ccccc23)cc1,8.552842140197754,7.9959876861572265,0.8932532869345701,0.6382978723404256,0.5568544540405274
rf,8801,COc1ccc(N(C)c2nc(Cl)nc3ccccc23)cc1,8.443697929382324,6.154525393247605,1.4325324821628782,0.4716981132075472,2.2891725361347195
rf,8870,COc1ccc(Nc2ncnc3cc(OC)c(OC)cc23)cc1.Cl,6.602059841156006,5.878575632095337,0.846000412831381,0.7954545454545454,0.7234842090606692
rf,8871,COc1ccc(Nc2ncnc3cc(OC)c(OC)cc23)cc1OC,5.552842140197754,6.593866244316101,0.8400612517620192,0.6888888888888889,1.041024104118347
rf,8872,COc1ccc(Nc2ncnc3cc(OC)c(OC)cc23)cc1OC.Cl,6.455932140350342,6.59067871761322,0.8390545956453479,0.7111111111111111,0.1347465772628782
rf,8924,COc1ccc2c(Nc3cccc(Br)c3)ncnc2c1,8.0,7.788009480476379,1.3064881838071425,0.6521739130434783,0.2119905195236207
rf,8925,COc1ccc2c(Nc3cccc(Br)c3)ncnc2c1OC,5.0,6.916131226539612,1.0813999326174686,0.6,1.916131226539612
rf,8927,COc1ccc2c(Nc3ccccc3)ncnc2c1,6.92081880569458,6.454530378723144,0.8257928805985856,0.625,0.46628842697143646
rf,8984,COc1ccc2ncnc(N(C)c3ccccc3)c2c1.Cl,4.698969841003418,5.333110402765728,0.8309612845955279,0.5087719298245614,0.6341405617623099
rf,8986,COc1ccc2ncnc(Nc3cc(OC)c(OC)c(OC)c3)c2c1.Cl,7.0,6.481015000343323,0.8916538431795974,0.5849056603773585,0.5189849996566771
rf,8995,COc1ccc2ncnc(Nc3cccc(Br)c3)c2c1,6.990649700164795,7.699497220389048,0.8923706126849497,0.6666666666666666,0.7088475202242535
rf,8996,COc1ccc2ncnc(Nc3cccc(Br)c3)c2c1OC,5.863755226135254,6.726855782985687,1.067683312821084,0.5961538461538461,0.8631005568504335
rf,8998,COc1ccc2ncnc(Nc3ccccc3)c2c1,7.2548346519470215,6.672867597325642,0.6592766382925015,0.7727272727272727,0.5819670546213791
rf,8999,COc1ccc2ncnc(Nc3ccccc3)c2c1.Cl,6.919987201690674,6.648145971520741,0.7173572304407106,0.7555555555555555,0.2718412301699331
rf,9076,COc1cccc(Nc2ncnc3ccccc23)c1,6.074687957763672,6.415068163871765,0.8408545651471659,0.5555555555555556,0.34038020610809294
rf,9087,COc1cccc2c(Nc3cccc(Br)c3)ncnc12,5.505720615386963,7.0888841381073,1.0753436325717245,0.7142857142857143,1.5831635227203371
rf,9098,COc1cccc2ncnc(Nc3cccc(Br)c3)c12,6.856985092163086,6.726098353862763,1.077637385321382,0.6226415094339622,0.13088673830032338
rf,9240,COc1nc(N(C)c2ccccc2)c2cc(OC)c(OC)cc2n1,4.301030158996582,5.404042227029801,1.233717127919411,0.48214285714285715,1.1030120680332187
rf,9307,CS(=O)(=O)CCNCCCCOc1ccc2ncnc(Nc3ccc(F)c(Cl)c3)c2c1,7.698969841003418,6.991549237251282,0.6343172114538048,0.7397260273972602,0.7074206037521362
rf,9378,CSCCCNc1ccc2ncnc(Nc3cccc(Cl)c3)c2c1,5.2924299240112305,6.5769297857284545,0.9804579569330386,0.6428571428571429,1.284499861717224
rf,9390,CSc1ccc(N(C)c2nc(C)nc3ccccc23)cc1,8.060481071472168,7.519861148834228,1.589790102678743,0.54,0.5406199226379398
rf,9424,C[C@@H](NC(=O)OC(C)(C)C)C(=O)Nc1ccc2ncnc(Nc3ccc(F)c(Cl)c3)c2c1,4.0,6.849373136043549,0.9785476712363779,0.5571428571428572,2.849373136043549
rf,9425,C[C@@H](NC(=O)OC(C)(C)C)C(=O)Nc1ccc2ncnc(Nc3cccc(Br)c3)c2c1,4.0,7.398853868675232,0.7165841844535158,0.5774647887323944,3.398853868675232
rf,9426,C[C@@H](NC(=O)OC(C)(C)C)C(=O)Nc1ccc2ncnc(Nc3cccc(C(F)(F)F)c3)c2c1,4.0,6.481721080303192,0.9456160493823969,0.5571428571428572,2.481721080303192
rf,9771,Cc1cc(C)c2ncnc(N(C)c3ccccc3)c2c1,4.698969841003418,5.458098241790135,0.8962581508634339,0.3770491803278688,0.7591284007867172
rf,10160,Cc1cccc(N(C)c2ncnc3cc(C)c(C)cc23)c1.Cl,5.187086582183838,5.17789321732521,0.8500983828922831,0.4406779661016949,0.00919336485862754
rf,10189,Cc1cccc(Nc2ncnc3ccc(/N=N/N(C)C)cc23)c1,7.619788646697998,6.877557754516602,0.9820683930625695,0.4931506849315068,0.7422308921813965
rf,10190,Cc1cccc(Nc2ncnc3ccc(N(C)C(=O)N(CCCl)N=O)cc23)c1,5.94347620010376,6.8622508364677435,0.9566605520287648,0.44,0.9187746363639837
rf,10191,Cc1cccc(Nc2ncnc3ccc(N)cc23)c1,6.0,6.796334286689758,1.0173945701171583,0.6122448979591837,0.796334286689758
rf,10192,Cc1cccc(Nc2ncnc3ccc(NC(=O)N(C)CCCl)cc23)c1,5.771343231201172,7.0448535528182985,0.8077860339651094,0.5846153846153846,1.2735103216171266
rf,10193,Cc1cccc(Nc2ncnc3ccc(NC(=O)N(CCCl)N=O)cc23)c1,5.974284648895264,7.029784395217895,0.8790182908792428,0.5362318840579711,1.0554997463226314
rf,10194,Cc1cccc(Nc2ncnc3ccc(NC(=O)NCCCl)cc23)c1,6.170053482055664,7.208810227394104,0.8626759164097098,0.6031746031746031,1.03875674533844
rf,10197,Cc1cccc(Nc2ncnc3ccccc23)c1,6.04047966003418,6.892542601585388,1.0378847787799772,0.5853658536585366,0.8520629415512087
rf,10500,Cc1nc(Nc2cccc(Br)c2)c2ccccc2n1,5.0,7.218377961158753,1.783673390699306,0.6190476190476191,2.218377961158753
rf,10720,Cl.Clc1cccc(Nc2ncnc3ccccc23)c1,7.301030158996582,6.489338638305664,0.8767089582781592,0.6086956521739131,0.8116915206909177
rf,10749,ClCCN(CCCl)c1ccc2ncnc(Nc3cccc(Br)c3)c2c1,5.900664806365967,7.412318979340508,0.50973748301677,0.5714285714285714,1.5116541729745414
rf,10752,ClCCNc1ccc2ncnc(Nc3cccc(Br)c3)c2c1,8.0,7.442305537652969,1.1215959535038091,0.72,0.5576944623470306
rf,10753,ClCCNc1ccc2ncnc(Nc3cccc(Cl)c3)c2c1,7.585026741027832,6.565669700622559,0.9620396907488693,0.72,1.0193570404052732
rf,10827,Clc1cccc(Nc2ncnc3ccc(Cl)cc23)c1,5.568636417388916,6.49380258178711,0.7435083776248137,0.7111111111111111,0.9251661643981937
rf,10836,Clc1cccc(Nc2ncnc3ccccc23)c1,7.638272285461426,6.598750661849976,0.7860908318051979,0.6222222222222222,1.0395216236114502
rf,11125,FC(F)(F)c1cccc(Nc2ncnc3ccccc23)c1,6.238824367523193,6.526252796173096,0.7821537655264458,0.5925925925925926,0.2874284286499025
rf,11195,Fc1ccc(Nc2ncnc3ccccc23)cc1Cl,7.522878646850586,6.721497037887573,0.7774388115493123,0.6875,0.8013816089630126
rf,11264,Fc1cccc(Nc2ncnc3ccccc23)c1,7.250921726226807,6.566323853492737,0.8769921631957671,0.5853658536585366,0.68459787273407
rf,11268,Ic1cccc(Nc2ncnc3ccccc23)c1,7.096909999847412,6.751823316574097,0.9499321461312781,0.5853658536585366,0.3450866832733155
rf,11401,N#CCC(=O)Nc1ccc2ncnc(Nc3cccc(Br)c3)c2c1,9.769551277160645,7.218778558015823,1.2279411338470039,0.6949152542372882,2.5507727191448213
rf,11622,NC(=O)Nc1ccc2ncnc(Nc3ccc(Br)cc3)c2c1,6.56383752822876,6.874482332801819,0.9981777092230618,0.5892857142857143,0.31064480457305965
rf,11623,NC(=O)Nc1ccc2ncnc(Nc3ccc(Cl)cc3)c2c1,7.214670181274414,6.671157406425476,1.0685987427954124,0.6666666666666666,0.5435127748489377
rf,11624,NC(=O)Nc1ccc2ncnc(Nc3ccc(F)c(Cl)c3)c2c1,6.501689434051514,7.456765266418457,0.6870874425824878,0.8627450980392157,0.9550758323669433
rf,11755,NP(=O)(OCCCC(=O)Oc1ccc2ncnc(Nc3ccc(F)c(Cl)c3)c2c1)N(CCCl)CCCl,8.060481071472168,6.901907456874848,1.0166853347531948,0.7710843373493976,1.1585736145973202
rf,11757,NP(=O)(OCCCC(=O)Oc1ccc2ncnc(Nc3cccc(Br)c3)c2c1)N(CCCl)CCCl,8.481486320495605,7.808437449373518,1.4903605461898024,0.6976744186046512,0.6730488711220879
rf,11758,NP(=O)(OCCCCCOc1ccc2ncnc(Nc3cccc(Br)c3)c2c1)N(CCCl)CCCl,8.638272285461426,7.82815534786951,1.4958743968943777,0.6625,0.8101169375919159
rf,11759,NP(=O)(OCCCCOc1ccc2ncnc(Nc3ccc(F)c(Cl)c3)c2c1)N(CCCl)CCCl,8.221848487854004,7.017402551651001,0.9196876429228338,0.75,1.2044459362030029
rf,11761,NP(=O)(OCCCCOc1ccc2ncnc(Nc3cccc(Br)c3)c2c1)N(CCCl)CCCl,8.130767822265625,7.817420729364668,1.495857067625128,0.6708860759493671,0.3133470929009574
rf,11762,NP(=O)(OCCCOc1ccc2ncnc(Nc3ccc(F)c(Cl)c3)c2c1)N(CCCl)CCCl,8.244125366210938,7.011404232025146,0.9171807254133489,0.75,1.232721134185791
rf,11764,NP(=O)(OCCCOc1ccc2ncnc(Nc3cccc(Br)c3)c2c1)N(CCCl)CCCl,8.522878646850586,7.817144756998335,1.4949125470519773,0.6708860759493671,0.7057338898522509
rf,11765,NP(=O)(OCCOc1ccc2ncnc(Nc3cccc(Br)c3)c2c1)N(CCCl)CCCl,8.366531372070312,7.830215991701399,1.4923581188822368,0.6172839506172839,0.5363153803689134
rf,11766,NP(=O)(Oc1ccc2ncnc(Nc3cccc(Br)c3)c2c1)N(CCCl)CCCl,8.036211967468262,7.4521443161146985,0.7449835991690968,0.5301204819277109,0.5840676513535632
rf,11811,Nc1cc2c(Nc3cccc(Br)c3)ncnc2cc1Cl,8.183541297912598,7.745542654991149,0.7854133418758122,0.6521739130434783,0.43799864292144886
rf,11827,Nc1cc2ncnc(Nc3cccc(Br)c3)c2cc1N,9.920818328857422,7.751355180931091,0.831350808070999,0.7142857142857143,2.169463147926331
rf,11828,Nc1cc2ncnc(Nc3cccc(Br)c3)c2cc1[N+](=O)[O-],7.275723934173584,8.137265569210053,1.0409945752863305,0.5882352941176471,0.8615416350364686
rf,11864,Nc1ccc2c(Nc3cccc(Br)c3)ncnc2c1,10.0,7.808871524810791,1.0975320668307267,0.6744186046511628,2.191128475189209
rf,11866,Nc1ccc2c(Nc3cccc(C(F)(F)F)c3)ncnc2c1,8.48076343536377,6.509474489370981,0.8992980924886407,0.6037735849056604,1.9712889459927885
rf,11867,Nc1ccc2c(Nc3cccc(Cl)c3)ncnc2c1,9.602060317993164,6.842624492645264,0.9058645797713784,0.6170212765957447,2.7594358253479
rf,11868,Nc1ccc2c(Nc3cccc(F)c3)ncnc2c1,8.698969841003418,6.519453830401102,1.004445896589447,0.5102040816326531,2.179516010602316
rf,11869,Nc1ccc2c(Nc3cccc(I)c3)ncnc2c1,9.455931663513184,6.67314170328776,1.0386975236982257,0.5272727272727272,2.782789960225424
rf,11870,Nc1ccc2c(Nc3ccccc3)ncnc2c1,7.0,6.212064450263977,0.9997810464678146,0.52,0.787935549736023
rf,11877,Nc1ccc2ncnc(Nc3ccc(F)c(Cl)c3)c2c1,7.537601947784424,7.015916776657105,0.7048894543756338,0.66,0.5216851711273192
rf,11887,Nc1ccc2ncnc(Nc3cccc(Br)c3)c2c1,7.3565473556518555,7.769920095793406,0.7055201867914331,0.6744186046511628,0.41337274014155057
rf,11889,Nc1ccc2ncnc(Nc3cccc(C(F)(F)F)c3)c2c1,6.240543842315674,6.692338690439859,0.7255949713824343,0.6346153846153846,0.4517948481241856
rf,11890,Nc1ccc2ncnc(Nc3cccc(Cl)c3)c2c1,6.698969841003418,6.806638072967529,0.7808821270906517,0.6326530612244898,0.10766823196411135
rf,11895,Nc1ccc2ncnc(Nc3ccccc3)c2c1,6.111753940582275,6.612247641563416,0.8040466142155751,0.6585365853658537,0.5004937009811403
rf,11913,Nc1cccc2c(Nc3cccc(Br)c3)ncnc12,6.978810787200928,7.409118409156799,0.9814331976027711,0.6530612244897959,0.4303076219558717
rf,11915,Nc1cccc2ncnc(Nc3cccc(Br)c3)c12,6.357535362243652,7.624306820106506,0.9732503136033283,0.6136363636363636,1.2667714578628537
rf,12135,O=C(/C=C/C(F)(F)F)Cc1ccc2ncnc(Nc3cccc(Br)c3)c2c1,8.759950637817383,7.411001773405075,0.7540724986869567,0.5588235294117647,1.348948864412308
rf,12139,O=C(/C=C/C(F)(F)F)Nc1ccc2ncnc(Nc3cccc(Br)c3)c2c1,8.106447219848633,7.010722225443522,0.8042421815350901,0.7166666666666667,1.0957249944051108
rf,12295,O=C(C#CCO)Nc1ccc2ncnc(Nc3ccc(F)c(Cl)c3)c2c1,8.22796630859375,7.306588432312012,0.6700473395691577,0.7230769230769231,0.9213778762817384
rf,12296,O=C(C#CCO)Nc1ccc2ncnc(Nc3cccc(Br)c3)c2c1,8.698969841003418,7.419604762554169,0.45826817972369926,0.7419354838709677,1.2793650784492492
rf,12324,O=C(CCCCCCOc1ccc2ncnc(Nc3ccc(F)c(Cl)c3)c2c1)NO,7.074687957763672,7.617931585375468,1.1287416084736177,0.7285714285714285,0.5432436276117958
rf,12335,O=C(CCCCCOc1ccc2ncnc(Nc3ccc(F)c(Cl)c3)c2c1)NO,7.0,7.617931585375468,1.1287416084736177,0.7285714285714285,0.6179315853754677
rf,12342,O=C(CCCCOc1ccc2ncnc(Nc3ccc(F)c(Cl)c3)c2c1)NO,7.0,7.575595559310912,1.097906911440326,0.7142857142857143,0.5755955593109121
rf,12355,O=C(CCCOc1ccc2ncnc(Nc3ccc(F)c(Cl)c3)c2c1)NO,7.0,7.520076821517944,1.1254643395880073,0.7076923076923077,0.5200768215179439
rf,12361,O=C(CCOc1ccc2ncnc(Nc3ccc(F)c(Cl)c3)c2c1)NO,7.0,7.563613116455077,1.0495670074253662,0.71875,0.5636131164550768
rf,12371,O=C(CCl)Nc1ccc2ncnc(Nc3cc(Cl)c(Cl)cc3F)c2c1,7.712984561920166,6.970788860321045,0.8812265045653016,0.5076923076923077,0.7421957015991207
rf,12372,O=C(CCl)Nc1ccc2ncnc(Nc3cccc(Br)c3)c2c1,8.0,7.807046919584274,0.8730661699059148,0.7321428571428571,0.1929530804157258
rf,12373,O=C(CCl)Nc1ccc2ncnc(Nc3cccc(I)c3)c2c1,8.0,7.051342161178589,0.9305746944893224,0.5645161290322581,0.9486578388214113
rf,12399,O=C(COc1ccc2ncnc(Nc3ccc(F)c(Cl)c3)c2c1)NO,7.0,7.384159206708272,0.930919263677578,0.746031746031746,0.3841592067082722
rf,12465,O=C(NCCCl)Nc1ccc2ncnc(Nc3cccc(Br)c3)c2c1,7.744727611541748,7.657697976112366,0.6094281209619962,0.7413793103448276,0.08702963542938225
rf,12466,O=C(NCCCl)Nc1ccc2ncnc(Nc3cccc(Cl)c3)c2c1,7.6575775146484375,6.8768799781799315,0.8451394186703277,0.6271186440677966,0.780697536468506
rf,12716,O=C(O)/C=C/C(=O)Cc1ccc2ncnc(Nc3cccc(Br)c3)c2c1,9.430041313171387,7.566282862901688,0.7350324356142437,0.609375,1.8637584502696987
rf,12717,O=C(O)/C=C/C(=O)Nc1ccc2ncnc(Nc3cccc(Br)c3)c2c1,7.8664140701293945,7.16903807807877,0.8534995425340488,0.7543859649122807,0.6973759920506248
rf,13084,O=NN(CCCl)C(=O)Nc1ccc2ncnc(Nc3cccc(Br)c3)c2c1,7.327902317047119,7.406745243674234,0.7526624863174103,0.6190476190476191,0.07884292662711445
rf,13085,O=NN(CCCl)C(=O)Nc1ccc2ncnc(Nc3cccc(Cl)c3)c2c1,7.173925399780273,6.763946099758148,0.8533397810247528,0.6,0.40997930002212524
rf,13119,O=[N+]([O-])c1cc2c(Nc3cccc(Br)c3)ncnc2cc1Cl,7.601020336151123,8.030546716451644,1.0695461163573128,0.5882352941176471,0.4295263803005209
rf,13125,O=[N+]([O-])c1ccc2c(Nc3cccc(Br)c3)ncnc2c1,6.0,7.951054729223252,1.230745991225932,0.6428571428571429,1.9510547292232516
rf,13126,O=[N+]([O-])c1ccc2c(Nc3cccc(C(F)(F)F)c3)ncnc2c1,5.0,6.501975206375122,0.9004489541160069,0.6333333333333333,1.5019752063751222
rf,13127,O=[N+]([O-])c1ccc2c(Nc3cccc(Cl)c3)ncnc2c1,6.090757846832275,6.603560393333435,0.9479684243141254,0.5873015873015873,0.5128025465011596
rf,13128,O=[N+]([O-])c1ccc2c(Nc3cccc(F)c3)ncnc2c1,5.212335109710693,6.522990585327149,0.9631677970074316,0.48484848484848486,1.3106554756164552
rf,13129,O=[N+]([O-])c1ccc2c(Nc3cccc(I)c3)ncnc2c1,6.263803482055664,6.753854440689087,1.0562513396255941,0.4838709677419355,0.4900509586334225
rf,13130,O=[N+]([O-])c1ccc2c(Nc3ccccc3)ncnc2c1,4.92081880569458,6.471994932174683,0.7961448841957932,0.4909090909090909,1.5511761264801027
rf,13133,O=[N+]([O-])c1ccc2ncnc(Nc3cccc(Br)c3)c2c1,6.045757293701172,7.960446806828181,0.9487538331922354,0.6666666666666666,1.9146895131270094
rf,13134,O=[N+]([O-])c1ccc2ncnc(Nc3cccc(C(F)(F)F)c3)c2c1,5.0,6.555685235023499,0.8003093841449843,0.6610169491525424,1.5556852350234989
rf,13135,O=[N+]([O-])c1ccc2ncnc(Nc3ccccc3)c2c1,5.301030158996582,6.626821502685547,0.7089993577139829,0.5079365079365079,1.325791343688965
rf,13144,O=[N+]([O-])c1cccc2c(Nc3cccc(Br)c3)ncnc12,5.0,6.745182629108429,0.772962722756956,0.7115384615384616,1.7451826291084291
rf,13146,O=[N+]([O-])c1cccc2ncnc(Nc3cccc(Br)c3)c12,6.449771881103516,7.850613368272781,1.2524202512287212,0.6,1.4008414871692656
rf,13180,OB(O)/C=C/COc1ccc2ncnc(Nc3cccc(Cl)c3)c2c1,6.568636417388916,6.293114490985871,0.8392971901775808,0.6557377049180327,0.2755219264030453
rf,13182,OB(O)c1ccc2ncnc(Nc3ccc(F)c(Cl)c3)c2c1,6.096909999847412,6.800887469291687,0.7576920589396744,0.6111111111111112,0.7039774694442746
rf,13183,OB(O)c1ccc2ncnc(Nc3cccc(Cl)c3)c2c1,6.187086582183838,6.476111094156901,0.7078229058355031,0.7169811320754716,0.28902451197306345
rf,13190,OCC#Cc1ccc2ncnc(Nc3ccc(F)c(Cl)c3)c2c1,7.850780963897705,6.938122711499532,0.643980124250539,0.7358490566037735,0.912658252398173
rf,13200,OCCC#Cc1ccc2ncnc(Nc3ccc(F)c(Cl)c3)c2c1,6.730954170227051,6.941302470525105,0.6459372067285486,0.7090909090909091,0.21034830029805462
rf,13201,OCCCC#Cc1ccc2ncnc(Nc3ccc(F)c(Cl)c3)c2c1,6.942333698272705,6.889555848121643,0.6823364262462127,0.6842105263157895,0.05277785015106229
rf,13298,Oc1cc2ncnc(Nc3cccc(Br)c3)c2cc1O,9.769551277160645,7.442602304458618,1.0429561333574542,0.7142857142857143,2.3269489727020263
rf,13323,Oc1ccc2c(Nc3cccc(Br)c3)ncnc2c1,8.323965072631836,7.647033168554306,1.092672852574792,0.6590909090909091,0.6769319040775299
rf,13370,S=C=Nc1ccc2ncnc(Nc3cccc(Br)c3)c2c1,6.055517196655273,7.5359031945387525,0.565830940786656,0.5818181818181818,1.480385997883479
rf,13474,c1ccc(Nc2ncnc3ccccc23)cc1,6.462182521820068,6.408594352722168,0.7351978410771021,0.7058823529411765,0.05358816909790054
rf,143,C#CCOc1cccc(Nc2ncc(C)c(Nc3cccc(NC(=O)C=C)c3)n2)c1,7.259637355804443,7.3568659553527835,0.8242777318032932,0.6984126984126984,0.09722859954834018
rf,144,C#CCOc1cccc(Nc2ncc(F)c(Nc3cccc(C(=O)C=C(C)C)c3)n2)c1,5.978810787200928,6.136804220199585,1.2220799758833902,0.47560975609756095,0.15799343299865765
rf,356,C/C=C/C(=O)Nc1cccc(Nc2nc(Nc3ccc(Cl)c(OCCOC)c3)ncc2F)c1,5.989405155181885,6.517500222206116,0.7288235016320986,0.6666666666666666,0.528095067024231
rf,358,C/C=C/C(=O)OCc1ccc(Nc2nc(Nc3ccccc3)ncc2C)cc1,5.978810787200928,6.501316295623779,0.9441073102649511,0.5074626865671642,0.5225055084228512
rf,359,C/C=C/C(=O)OCc1cccc(Nc2nc(Nc3ccccc3)ncc2C)c1,5.978810787200928,6.56839809481303,0.9439082997294191,0.5294117647058824,0.5895873076121019
rf,371,C=C(C#N)C(O)c1ccc(Nc2nc(Nc3ccc(OCCOC)c(F)c3)ncc2F)cc1,7.259637355804443,6.271662299156189,1.1763017912369012,0.5789473684210527,0.9879750566482546
rf,372,C=C(C#N)C(O)c1ccc(Nc2nc(Nc3ccccc3)ncc2F)cc1,7.259637355804443,6.288283400217692,0.8591597973366067,0.5970149253731343,0.9713539555867516
rf,374,C=C(C#N)C(O)c1cccc(Nc2nc(Nc3ccc(OCCOC)c(F)c3)ncc2F)c1,6.259637355804443,6.373643088102341,1.3417952403020446,0.684931506849315,0.11400573229789757
rf,375,C=C(C#N)C(O)c1cccc(Nc2nc(Nc3ccc(OCCOC)cc3)ncc2F)c1,7.259637355804443,6.528495525836944,0.8752926373447267,0.6712328767123288,0.7311418299674992
rf,376,C=C(C#N)C(O)c1cccc(Nc2nc(Nc3cccc(OC(F)(F)F)c3)ncc2F)c1,5.978810787200928,5.826608662128448,1.3773804289493001,0.6857142857142857,0.15220212507247943
rf,379,C=C(C)C(=O)Cc1ccc(Nc2nc(Nc3ccc(OCCOC)c(F)c3)ncc2F)cc1,7.259637355804443,6.207072115739186,1.2710037537818923,0.7205882352941176,1.052565240065257
rf,381,C=C(C)C(=O)Cc1cccc(Nc2nc(Nc3ccc(OCCOC)c(F)c3)ncc2F)c1,8.0,6.458523248990376,1.287517062467673,0.6216216216216216,1.5414767510096237
rf,388,C=C(C)C(=O)c1ccc(Nc2nc(Nc3ccc(OCCOC)c(F)c3)ncc2F)cc1,7.259637355804443,6.060068980693817,1.2289402094092203,0.6338028169014085,1.1995683751106263
rf,389,C=C(C)C(=O)c1ccc(Nc2nc(Nc3ccccc3)ncc2F)cc1,7.259637355804443,6.031113356113434,0.909266752115735,0.484375,1.2285239996910091
rf,390,C=C(C)C(=O)c1cccc(Nc2nc(Nc3ccc(OCCOC)c(F)c3)ncc2F)c1,7.259637355804443,6.355674085617065,1.254103696339927,0.5866666666666667,0.9039632701873783
rf,391,C=C(C)C(=O)c1cccc(Nc2nc(Nc3cccc(OC(F)(F)F)c3)ncc2F)c1,7.259637355804443,5.525868866920471,1.3247473569969515,0.4722222222222222,1.733768488883972
rf,482,C=CC(=O)N(C)Cc1ccc(Nc2nc(Nc3cccc(OC)c3)ncc2F)cc1,6.259637355804443,6.2952406828403475,0.6442515757389257,0.765625,0.035603327035904186
rf,484,C=CC(=O)N(C)Cc1ccc(Nc2nc(Nc3ccccc3)ncc2C)cc1,7.259637355804443,6.543957354704539,0.854814678316289,0.609375,0.715680001099904
rf,489,C=CC(=O)N(C)Cc1cccc(Nc2nc(Nc3cccc(OC)c3)ncc2F)c1,5.978810787200928,6.479138312021892,0.7790434157225503,0.6716417910447762,0.500327524820964
rf,490,C=CC(=O)N(C)Cc1cccc(Nc2nc(Nc3ccccc3)ncc2C)c1,6.259637355804443,6.66795516872406,0.8979803467144875,0.5606060606060606,0.40831781291961633
rf,1165,C=CC(=O)NCc1ccc(Nc2nc(Nc3cccc(OC)c3)ncc2C(F)(F)F)cc1,5.698969841003418,6.8484660639762875,1.142262161732715,0.6438356164383562,1.1494962229728696
rf,1170,C=CC(=O)NCc1cccc(Nc2nc(Nc3cccc(OC)c3)ncc2C(F)(F)F)c1,5.978810787200928,6.561257140636444,1.188168382910994,0.6301369863013698,0.5824463534355164
rf,1171,C=CC(=O)NCc1cccc(Nc2nc(Nc3ccccc3)ncc2C)c1,7.259637355804443,6.603080546379089,1.2050365669431646,0.6290322580645161,0.6565568094253544
rf,1286,C=CC(=O)Nc1cc(Nc2nc(Nc3ccc(OCCOC)cc3)ncc2F)ccc1Cl,6.259637355804443,6.885974422772726,0.6500162929843711,0.6619718309859155,0.6263370669682828
rf,1287,C=CC(=O)Nc1cc(Nc2nc(Nc3ccc(OCCOC)cc3)ncc2F)ccc1F,7.259637355804443,6.992339215119681,0.5944134543256472,0.6521739130434783,0.26729814068476276
rf,1288,C=CC(=O)Nc1cc(Nc2nc(Nc3cccc(OC)c3)ncc2C(F)(F)F)ccc1Cl,6.259637355804443,7.150634787082672,0.968551813145595,0.6811594202898551,0.8909974312782287
rf,1427,C=CC(=O)Nc1cc(Nc2ncc(Cl)c(Nc3ccc(Cl)cc3[S+]([O-])C(C)C)n2)c(OC)cc1N(C)CCN(C)C,8.634511947631836,7.699752322673797,0.9875213989745913,0.6236559139784946,0.9347596249580388
rf,1428,C=CC(=O)Nc1cc(Nc2ncc(Cl)c(Nc3cccc(Cl)c3[S+]([O-])C(C)C)n2)c(OC)cc1N(C)CCN(C)C,8.196542739868164,8.035243470191956,0.8069939293904321,0.6593406593406593,0.1612992696762081
rf,1429,C=CC(=O)Nc1cc(Nc2ncc(Cl)c(Nc3cccc(Cl)c3[S+]([O-])CC)n2)c(OC)cc1N(C)CCN(C)C,8.199970245361328,8.091775303840636,0.8194402394504936,0.6666666666666666,0.10819494152069176
rf,1430,C=CC(=O)Nc1cc(Nc2ncc(Cl)c(Nc3cccc(F)c3[S+]([O-])C(C)C)n2)c(OC)cc1N(C)CCN(C)C,8.450996398925781,8.03265613269806,0.7943655175079333,0.6382978723404256,0.41834026622772136
rf,1431,C=CC(=O)Nc1cc(Nc2ncc(Cl)c(Nc3cccc(F)c3[S+]([O-])CC)n2)c(OC)cc1N(C)CCN(C)C,8.581698417663574,8.099570195198059,0.7891561670873548,0.6521739130434783,0.4821282224655157
rf,1433,C=CC(=O)Nc1cc(Nc2ncc(Cl)c(Nc3ccccc3C(=O)C(=O)N(C)C)n2)ccc1OCCN(C)C,7.061227798461914,7.435902276261648,1.1432215613854282,0.5697674418604651,0.37467447779973373
rf,1434,C=CC(=O)Nc1cc(Nc2ncc(Cl)c(Nc3ccccc3P(C)(C)=O)n2)c(OC)cc1N(C)CCN(C)C,7.92081880569458,7.536805171966552,0.7619331327742936,0.7176470588235294,0.38401363372802777
rf,1435,C=CC(=O)Nc1cc(Nc2ncc(Cl)c(Nc3ccccc3S(=O)(=O)C(C)C)n2)c(OC)cc1N(C)CCN(C)C,8.397939682006836,8.114046476364136,0.9573850161576722,0.7951807228915663,0.28389320564270015
rf,1437,C=CC(=O)Nc1cc(Nc2ncc(Cl)c(Nc3ccccc3S(=O)(=O)N(C)C)n2)c(OC)cc1N(C)CCN(C)C,8.397939682006836,8.315235271453858,0.8297701722170031,0.8148148148148148,0.08270441055297795
rf,1439,C=CC(=O)Nc1cc(Nc2ncc(Cl)c(Nc3ccccc3[S+]([O-])CC)n2)c(OC)cc1N(C)CCN(C)C,8.472370147705078,8.16329987335205,0.9077859613757315,0.6931818181818182,0.3090702743530276
rf,1459,C=CC(=O)Nc1cc(Nc2ncc(F)c(Nc3ccccc3P(C)(C)=O)n2)c(OC)cc1N(C)CCN(C)C,8.301030158996582,7.490247387886047,0.7388487035449656,0.6235294117647059,0.8107827711105351
rf,1460,C=CC(=O)Nc1cc(Nc2ncc(F)c(Nc3ccccc3S(=O)(=O)C(C)C)n2)c(OC)cc1N(C)CCN(C)C,8.698969841003418,7.978128463745117,0.9394743585798461,0.6741573033707865,0.7208413772583011
rf,1461,C=CC(=O)Nc1cc(Nc2ncc(F)c(Nc3ccccc3S(=O)(=O)N(C)C)n2)c(OC)cc1N(C)CCN(C)C,8.522878646850586,8.146910278320313,0.8457709520884759,0.6896551724137931,0.37596836853027327
rf,1462,C=CC(=O)Nc1cc(Nc2ncc(I)c(Nc3ccccc3P(C)(C)=O)n2)c(OC)cc1N(C)CCN(C)C,8.09691047668457,7.54005124092102,0.8057975407930532,0.6219512195121951,0.5568592357635502
rf,1463,C=CC(=O)Nc1cc(Nc2ncc(I)c(Nc3ccccc3S(=O)(=O)C(C)C)n2)c(OC)cc1N(C)CCN(C)C,7.481485843658447,7.9431797819137575,0.9711782358691554,0.6741573033707865,0.46169393825531024
rf,1464,C=CC(=O)Nc1cc(Nc2ncc(I)c(Nc3ccccc3S(=O)(=O)N(C)C)n2)c(OC)cc1N(C)CCN(C)C,8.301030158996582,8.130077054977416,0.8772745831060953,0.6896551724137931,0.17095310401916564
rf,1676,C=CC(=O)Nc1cc(Nc2nccc(Nc3ccccc3P(C)(C)=O)n2)c(OC)cc1N(C)CCN(C)C,7.455932140350342,7.519519547462464,0.7851339909088101,0.7763157894736842,0.06358740711212185
rf,1677,C=CC(=O)Nc1cc(Nc2nccc(Nc3ccccc3S(=O)(=O)C(C)C)n2)c(OC)cc1N(C)CCN(C)C,7.065501689910889,7.872605217933655,0.8585269223663389,0.725,0.8071035280227665
rf,1678,C=CC(=O)Nc1cc(Nc2nccc(Nc3ccccc3S(=O)(=O)N(C)C)n2)c(OC)cc1N(C)CCN(C)C,7.92081880569458,8.007021203994752,0.7909948767763831,0.7435897435897436,0.08620239830017162
rf,1968,C=CC(=O)Nc1ccc(C)c(Nc2ncc(C)c(Nc3cccc(Br)c3)n2)c1,6.0,7.064985758645195,0.8646037892537657,0.625,1.0649857586451947
rf,1969,C=CC(=O)Nc1ccc(C)c(Nc2ncc(C)c(Nc3cccc(C)c3)n2)c1,7.5,7.2537783741950985,1.0110518140508518,0.6451612903225806,0.24622162580490148
rf,1974,C=CC(=O)Nc1ccc(Nc2nc(Nc3ccc(OCCOC)c(F)c3)ncc2F)cc1,6.259637355804443,6.781760919570923,0.8913606650384238,0.7230769230769231,0.5221235637664794
rf,1975,C=CC(=O)Nc1ccc(Nc2nc(Nc3cccc(OC)c3)ncc2C(F)(F)F)cc1,5.978810787200928,7.320567486127218,0.9336293297704804,0.8,1.3417566989262903
rf,1976,C=CC(=O)Nc1ccc(Nc2nc(Nc3ccccc3)ncc2C)cc1,6.0,7.300062995433807,0.7733232889368696,0.7547169811320755,1.300062995433807
rf,2011,C=CC(=O)Nc1ccc(OC)c(Nc2ncc(Cl)c(Nc3ccccc3C(=O)C(=O)N(C)C)n2)c1,7.142541885375977,7.354156568845113,1.1117363573458412,0.575,0.21161468346913637
rf,2272,C=CC(=O)Nc1cccc(N(C)c2nc(Nc3ccccc3)ncc2C)c1,6.259637355804443,6.823611941337585,1.2111523202750663,0.6229508196721312,0.563974585533142
rf,2350,C=CC(=O)Nc1cccc(Nc2nc(Nc3cc(OC)c(OC)c(OC)c3)ncc2F)c1,6.129818439483643,6.548106605529785,0.6953896491721168,0.746031746031746,0.4182881660461426
rf,2374,C=CC(=O)Nc1cccc(Nc2nc(Nc3ccc(Cl)c(OC(C)(C)CO)c3)ncc2F)c1,6.259637355804443,6.506596989631653,0.6727846314634957,0.6438356164383562,0.24695963382720976
rf,2375,C=CC(=O)Nc1cccc(Nc2nc(Nc3ccc(Cl)c(OC(C)CO)c3)ncc2F)c1,7.259637355804443,6.581240752299626,0.7188023553134398,0.6619718309859155,0.678396603504817
rf,2376,C=CC(=O)Nc1cccc(Nc2nc(Nc3ccc(Cl)c(OC)c3)ncc2F)c1,6.259637355804443,6.501959950447082,0.6187334132656374,0.7419354838709677,0.24232259464263883
rf,2377,C=CC(=O)Nc1cccc(Nc2nc(Nc3ccc(Cl)c(OCC(C)(C)O)c3)ncc2F)c1,6.259637355804443,6.498993194580078,0.720703318178336,0.7611940298507462,0.2393558387756345
rf,2378,C=CC(=O)Nc1cccc(Nc2nc(Nc3ccc(Cl)c(OCC(O)CO)c3)ncc2F)c1,7.259637355804443,6.488684015274048,0.6849169350536977,0.6410256410256411,0.7709533405303954
rf,2379,C=CC(=O)Nc1cccc(Nc2nc(Nc3ccc(Cl)c(OCCCS(C)(=O)=O)c3)ncc2F)c1,6.259637355804443,6.556985271453858,0.653146736729835,0.8,0.2973479156494143
rf,2380,C=CC(=O)Nc1cccc(Nc2nc(Nc3ccc(Cl)c(OCCOC)c3)ncc2F)c1,6.259637355804443,6.541173607826233,0.6284523476879681,0.7878787878787878,0.2815362520217892
rf,2381,C=CC(=O)Nc1cccc(Nc2nc(Nc3ccc(Cl)c(O[C@@H](C)CO)c3)ncc2F)c1,6.259637355804443,6.581240752299626,0.7188023553134398,0.6619718309859155,0.321603396495183
rf,2382,C=CC(=O)Nc1cccc(Nc2nc(Nc3ccc(Cl)c(O[C@@H](C)COC(=O)[C@@H](N)C(C)C)c3)ncc2F)c1,6.129818439483643,6.60396752389272,0.7942602382504502,0.5949367088607594,0.47414908440907766
rf,2384,C=CC(=O)Nc1cccc(Nc2nc(Nc3ccc(Cl)c(O[C@H](C)CO)c3)ncc2F)c1,6.259637355804443,6.581240752299626,0.7188023553134398,0.6619718309859155,0.321603396495183
rf,2389,C=CC(=O)Nc1cccc(Nc2nc(Nc3ccc(F)cc3)ncc2F)c1,7.259637355804443,7.390905319213867,0.551854682497042,0.7884615384615384,0.1312679634094236
rf,2433,C=CC(=O)Nc1cccc(Nc2nc(Nc3ccc(NC(C)C)cc3OC)ncc2C(F)(F)F)c1,9.0,7.410670342874527,0.943265586189446,0.7272727272727273,1.5893296571254734
rf,2434,C=CC(=O)Nc1cccc(Nc2nc(Nc3ccc(NC(C)C)cc3OC)ncc2Cl)c1,8.301030158996582,7.182142211198807,0.8012289347577379,0.6891891891891891,1.1188879477977753
rf,2438,C=CC(=O)Nc1cccc(Nc2nc(Nc3ccc(OC(C)(C)CO)c(F)c3)ncc2F)c1,7.259637355804443,6.882969035148621,0.7084185274147411,0.6714285714285714,0.37666832065582234
rf,2439,C=CC(=O)Nc1cccc(Nc2nc(Nc3ccc(OC(C)(C)CO)cc3)ncc2F)c1,7.259637355804443,6.7143477556705475,1.061622174801888,0.6811594202898551,0.5452896001338958
rf,2441,C=CC(=O)Nc1cccc(Nc2nc(Nc3ccc(OC(C)CO)c(F)c3)ncc2F)c1,7.259637355804443,6.892675178607305,0.6930112323178538,0.6911764705882353,0.36696217719713875
rf,2442,C=CC(=O)Nc1cccc(Nc2nc(Nc3ccc(OC)c(OC)c3)ncc2F)c1,7.259637355804443,6.652114423990249,0.6926445482795486,0.7796610169491526,0.6075229318141941
rf,2443,C=CC(=O)Nc1cccc(Nc2nc(Nc3ccc(OC)c(OC)c3OC)ncc2Br)c1,7.187086582183838,7.179098546028137,0.7669429680310743,0.7575757575757576,0.007988036155700762
rf,2444,C=CC(=O)Nc1cccc(Nc2nc(Nc3ccc(OC)c(OC)c3OC)ncc2C(F)(F)F)c1,7.698969841003418,7.3195183310508725,0.8929075467983226,0.7681159420289855,0.3794515099525455
rf,2445,C=CC(=O)Nc1cccc(Nc2nc(Nc3ccc(OC)c(OC)c3OC)ncc2Cl)c1,7.187086582183838,7.20355166721344,0.7121928463014735,0.7575757575757576,0.0164650850296022
rf,2446,C=CC(=O)Nc1cccc(Nc2nc(Nc3ccc(OC)cc3OC)ncc2Br)c1,7.187086582183838,7.103276965777079,0.7163882185657136,0.7692307692307693,0.08380961640675899
rf,2447,C=CC(=O)Nc1cccc(Nc2nc(Nc3ccc(OC)cc3OC)ncc2C(F)(F)F)c1,7.698969841003418,7.024167953173319,0.7668226378533738,0.7794117647058824,0.6748018878300988
rf,2448,C=CC(=O)Nc1cccc(Nc2nc(Nc3ccc(OC)cc3OC)ncc2Cl)c1,6.698969841003418,6.999436312834421,0.6955494075666999,0.7285714285714285,0.30046647183100283
rf,2461,C=CC(=O)Nc1cccc(Nc2nc(Nc3ccc(OCC(=O)NC(C)C(=O)OC)cc3)ncc2Cl)c1,7.0,7.163206275939942,0.7509011531588995,0.6266666666666667,0.16320627593994175
rf,2462,C=CC(=O)Nc1cccc(Nc2nc(Nc3ccc(OCC(=O)NCC(=O)O)cc3)ncc2Cl)c1,7.0,7.235987541039784,0.6512954516564115,0.64,0.23598754103978425
rf,2463,C=CC(=O)Nc1cccc(Nc2nc(Nc3ccc(OCC(=O)NCC(=O)OC)cc3)ncc2Cl)c1,7.0,7.163207524299621,0.7021421076317558,0.6625,0.16320752429962138
rf,2464,C=CC(=O)Nc1cccc(Nc2nc(Nc3ccc(OCC(C)(C)O)c(F)c3)ncc2F)c1,7.259637355804443,6.798106783866882,0.7558889998590502,0.796875,0.4615305719375611
rf,2466,C=CC(=O)Nc1cccc(Nc2nc(Nc3ccc(OCC(O)CO)c(F)c3)ncc2F)c1,8.0,6.825020964384079,0.7060049025590808,0.6307692307692307,1.1749790356159213
rf,2467,C=CC(=O)Nc1cccc(Nc2nc(Nc3ccc(OCC(O)CO)cc3)ncc2F)c1,8.0,7.154342469215393,0.6801699192156252,0.6575342465753424,0.8456575307846066
rf,2470,C=CC(=O)Nc1cccc(Nc2nc(Nc3ccc(OCCCNC(=O)OC(C)(C)C)cc3)ncc2F)c1,8.0,6.935202622413636,0.7008350075754285,0.6410256410256411,1.0647973775863644
rf,2472,C=CC(=O)Nc1cccc(Nc2nc(Nc3ccc(OCCCS(C)(=O)=O)c(F)c3)ncc2F)c1,7.259637355804443,6.887130060195923,0.6385727250946979,0.835820895522388,0.3725072956085205
rf,2473,C=CC(=O)Nc1cccc(Nc2nc(Nc3ccc(OCCCS(C)(=O)=O)cc3)ncc2F)c1,6.759637355804443,7.225761898994445,0.4108704716442552,0.8208955223880597,0.46612454319000207
rf,2474,C=CC(=O)Nc1cccc(Nc2nc(Nc3ccc(OCCCS(C)(=O)=O)cc3OC)ncc2C(F)(F)F)c1,4.621150016784668,7.050020130793253,0.84254914202594,0.6627906976744186,2.4288701140085847
rf,2482,C=CC(=O)Nc1cccc(Nc2nc(Nc3ccc(OCCN=[N+]=[N-])cc3)ncc2F)c1,6.759637355804443,6.9708174705505375,0.8750165747984647,0.684931506849315,0.2111801147460941
rf,2484,C=CC(=O)Nc1cccc(Nc2nc(Nc3ccc(OCCOC)c(F)c3)ncc2C#N)c1,8.0,6.412653942584991,0.9853053635460516,0.7,1.587346057415009
rf,2485,C=CC(=O)Nc1cccc(Nc2nc(Nc3ccc(OCCOC)c(F)c3)ncc2C(F)(F)F)c1,8.0,7.092607793807983,0.760074025357068,0.7101449275362319,0.907392206192017
rf,2486,C=CC(=O)Nc1cccc(Nc2nc(Nc3ccc(OCCOC)c(F)c3)ncc2F)c1,7.259637355804443,6.874823434829712,0.6039936212730103,0.8253968253968254,0.38481392097473144
rf,2487,C=CC(=O)Nc1cccc(Nc2nc(Nc3ccc(OCCOC)c(OCCOC)c3)ncc2F)c1,6.759637355804443,6.738391817092896,0.6964654600746015,0.8253968253968254,0.021245538711547773
rf,2491,C=CC(=O)Nc1cccc(Nc2nc(Nc3ccc(OCCOC)cc3)ncc2C#N)c1,8.0,7.081290071964264,0.8815785136092114,0.7246376811594203,0.918709928035736
rf,2492,C=CC(=O)Nc1cccc(Nc2nc(Nc3ccc(OCCOC)cc3)ncc2C(C)=O)c1,7.259637355804443,7.095823707580567,0.5184221066680003,0.8125,0.16381364822387656
rf,2494,C=CC(=O)Nc1cccc(Nc2nc(Nc3ccc(OCCOC)cc3)ncc2F)c1,7.5,7.11822527217865,0.4980372491693066,0.8095238095238095,0.3817747278213499
rf,2497,C=CC(=O)Nc1cccc(Nc2nc(Nc3ccc(OCCOCCN=[N+]=[N-])cc3)ncc2F)c1,6.759637355804443,6.927653556387765,0.8668958363207976,0.6493506493506493,0.16801620058332123
rf,2500,C=CC(=O)Nc1cccc(Nc2nc(Nc3ccc(OCCOCCNC(=O)OC(C)(C)C)c(F)c3)ncc2F)c1,6.259637355804443,6.907123458544413,0.7031644272042945,0.6075949367088608,0.6474861027399692
rf,2501,C=CC(=O)Nc1cccc(Nc2nc(Nc3ccc(OCCOCCNC(=O)OC(C)(C)C)cc3)ncc2F)c1,7.5,6.917725348290943,0.7429526024599045,0.6172839506172839,0.5822746517090573
rf,2502,C=CC(=O)Nc1cccc(Nc2nc(Nc3ccc(OCCOCCOC)c(F)c3)ncc2F)c1,7.259637355804443,6.88474299399058,0.6066352346920718,0.7878787878787878,0.3748943618138636
rf,2503,C=CC(=O)Nc1cccc(Nc2nc(Nc3ccc(OCCOCCOCCN=[N+]=[N-])cc3)ncc2F)c1,6.129818439483643,6.927653556387765,0.8668958363207976,0.6493506493506493,0.797835116904122
rf,2509,C=CC(=O)Nc1cccc(Nc2nc(Nc3ccc(O[C@@H](C)CO)c(F)c3)ncc2F)c1,6.759637355804443,6.892675178607305,0.6930112323178538,0.6911764705882353,0.13303782280286125
rf,2510,C=CC(=O)Nc1cccc(Nc2nc(Nc3ccc(O[C@@H](C)COC(=O)[C@@H](N)C(C)C)c(F)c3)ncc2F)c1,6.759637355804443,6.902747283299764,0.7478773864010779,0.618421052631579,0.14310992749532048
rf,2513,C=CC(=O)Nc1cccc(Nc2nc(Nc3ccc(O[C@H](C)CO)c(F)c3)ncc2F)c1,6.759637355804443,6.892675178607305,0.6930112323178538,0.6911764705882353,0.13303782280286125
rf,2514,C=CC(=O)Nc1cccc(Nc2nc(Nc3ccc(O[C@H](C)COC(=O)[C@@H](N)C(C)C)c(F)c3)ncc2F)c1,7.5,6.902747283299764,0.7478773864010779,0.618421052631579,0.5972527167002362
rf,2536,C=CC(=O)Nc1cccc(Nc2nc(Nc3cccc(CO)c3)ncc2F)c1,8.0,7.137461072921753,0.8018838822981927,0.7454545454545455,0.8625389270782469
rf,2538,C=CC(=O)Nc1cccc(Nc2nc(Nc3cccc(OC(C)(C)CO)c3)ncc2F)c1,7.259637355804443,6.841318015336991,1.1363991390024561,0.6911764705882353,0.4183193404674528
rf,2539,C=CC(=O)Nc1cccc(Nc2nc(Nc3cccc(OC(F)(F)F)c3)ncc2F)c1,6.259637355804443,6.9528256025314334,1.0860772986121936,0.7068965517241379,0.6931882467269901
rf,2542,C=CC(=O)Nc1cccc(Nc2nc(Nc3cccc(OC)c3)ncc2C(F)(F)F)c1,7.259637355804443,7.474289101600647,0.8953243290938043,0.8166666666666667,0.21465174579620339
rf,2543,C=CC(=O)Nc1cccc(Nc2nc(Nc3cccc(OC)c3)ncc2C(N)=O)c1,7.259637355804443,7.49657023525238,0.5861632113134082,0.8135593220338984,0.23693287944793706
rf,2544,C=CC(=O)Nc1cccc(Nc2nc(Nc3cccc(OC)c3)ncc2OC)c1,7.259637355804443,6.677266467285156,0.689115088557088,0.8035714285714286,0.5823708885192875
rf,2545,C=CC(=O)Nc1cccc(Nc2nc(Nc3cccc(OC)c3OC)ncc2Br)c1,6.187086582183838,6.961605350494385,0.8783542139233179,0.6911764705882353,0.7745187683105472
rf,2546,C=CC(=O)Nc1cccc(Nc2nc(Nc3cccc(OC)c3OC)ncc2C(F)(F)F)c1,6.698969841003418,7.046425166606903,1.0082794676552838,0.7761194029850746,0.3474553256034847
rf,2547,C=CC(=O)Nc1cccc(Nc2nc(Nc3cccc(OC)c3OC)ncc2Cl)c1,6.723361968994141,6.988307104110718,0.8664163473871979,0.765625,0.26494513511657747
rf,2549,C=CC(=O)Nc1cccc(Nc2nc(Nc3cccc(OCC(C)(C)O)c3)ncc2F)c1,7.259637355804443,7.212847588539123,0.66892440632178,0.8225806451612904,0.04678976726532014
rf,2550,C=CC(=O)Nc1cccc(Nc2nc(Nc3cccc(OCC(O)CO)c3)ncc2F)c1,8.0,7.339946766853332,0.7279583388253915,0.6666666666666666,0.6600532331466678
rf,2557,C=CC(=O)Nc1cccc(Nc2nc(Nc3cccc(OCCCNC(=O)OC(C)(C)C)c3)ncc2C)c1,6.259637355804443,7.136281651496887,0.8405687795077134,0.6197183098591549,0.8766442956924436
rf,2558,C=CC(=O)Nc1cccc(Nc2nc(Nc3cccc(OCCCNC(=O)OC(C)(C)C)c3)ncc2F)c1,5.978810787200928,7.084460396766662,0.7402307673522797,0.6410256410256411,1.1056496095657344
rf,2559,C=CC(=O)Nc1cccc(Nc2nc(Nc3cccc(OCCCS(C)(=O)=O)c3)ncc2F)c1,7.259637355804443,7.446773817062378,0.4368708672755755,0.8333333333333334,0.1871364612579347
rf,2561,C=CC(=O)Nc1cccc(Nc2nc(Nc3cccc(OCCN(C)C)c3)ncc2F)c1,8.0,7.252021287441254,0.6965878235121179,0.7,0.747978712558746
rf,2563,C=CC(=O)Nc1cccc(Nc2nc(Nc3cccc(OCCO)c3)ncc2F)c1,7.259637355804443,7.385562505722046,0.48236023864790345,0.7313432835820896,0.1259251499176024
rf,2564,C=CC(=O)Nc1cccc(Nc2nc(Nc3cccc(S(N)(=O)=O)c3)ncc2C)c1,8.0,7.340372625350952,0.7844133119764184,0.6612903225806451,0.6596273746490482
rf,2565,C=CC(=O)Nc1cccc(Nc2nc(Nc3cccc(S(N)(=O)=O)c3)ncc2F)c1,8.0,7.248703393936157,0.8015172092612055,0.7192982456140351,0.7512966060638426
rf,2567,C=CC(=O)Nc1cccc(Nc2nc(Nc3ccccc3)ncc2C#N)c1,8.0,7.19136546754837,0.9148476105165501,0.7457627118644068,0.80863453245163
rf,2571,C=CC(=O)Nc1cccc(Nc2nc(Nc3ccccc3)ncc2C(F)(F)F)c1,8.0,7.232725358486175,0.9283500509802073,0.7457627118644068,0.7672746415138247
rf,2572,C=CC(=O)Nc1cccc(Nc2nc(Nc3ccccc3)ncc2C(N)=O)c1,7.259637355804443,7.137566848754883,0.6804580731996841,0.803921568627451,0.12207050704956046
rf,2573,C=CC(=O)Nc1cccc(Nc2nc(Nc3ccccc3)ncc2C)c1,8.0,7.385012898921967,0.709475063539679,0.8461538461538461,0.6149871010780332
rf,2574,C=CC(=O)Nc1cccc(Nc2nc(Nc3ccccc3)ncc2F)c1,7.259637355804443,7.294437200546264,0.6282949875602493,0.82,0.03479984474182096
rf,2575,C=CC(=O)Nc1cccc(Nc2nc(Nc3ccccc3OC)ncc2Br)c1,6.698969841003418,7.0158458423614505,0.8569829034089168,0.65625,0.3168760013580325
rf,2576,C=CC(=O)Nc1cccc(Nc2nc(Nc3ccccc3OC)ncc2C(F)(F)F)c1,6.698969841003418,7.106560877799987,0.923416690221154,0.7692307692307693,0.4075910367965694
rf,2577,C=CC(=O)Nc1cccc(Nc2nc(Nc3ccccc3OC)ncc2Cl)c1,6.187086582183838,7.018119146347046,0.8077746279235198,0.7580645161290323,0.8310325641632081
rf,2594,C=CC(=O)Nc1cccc(Nc2ncc(C)c(Nc3cccc(Br)c3)n2)c1,7.259637355804443,7.011979602541243,0.821621839267135,0.7068965517241379,0.2476577532632005
rf,2595,C=CC(=O)Nc1cccc(Nc2ncc(C)c(Nc3cccc(C)c3)n2)c1,8.0,7.484936217308045,0.6788504346095714,0.7321428571428571,0.5150637826919553
rf,2596,C=CC(=O)Nc1cccc(Nc2ncc(C)c(Nc3ccccc3)n2)c1,8.0,7.385012898921967,0.709475063539679,0.8461538461538461,0.6149871010780332
rf,2598,C=CC(=O)Nc1cccc(Nc2ncc(F)c(Nc3ccc(OCCOC)cc3)n2)c1,7.5,7.11822527217865,0.4980372491693066,0.8095238095238095,0.3817747278213499
rf,2600,C=CC(=O)Nc1cccc(Nc2ncc(F)c(Nc3cccc(C)c3)n2)c1,8.0,7.416296233177185,0.6581426168330756,0.7857142857142857,0.5837037668228149
rf,2606,C=CC(=O)Nc1cccc(Nc2nccc(Nc3cccc(C)c3)n2)c1,8.0,6.127153862953186,0.9647602179855588,0.6271186440677966,1.872846137046814
rf,3358,CC(C)=CC(=O)c1ccc(Nc2nc(Nc3ccccc3)ncc2F)cc1,5.978810787200928,6.173903260866801,0.9203019558976503,0.49230769230769234,0.19509247366587346
rf,3359,CC(C)=CC(=O)c1cccc(Nc2nc(Nc3cccc(OC(F)(F)F)c3)ncc2F)c1,5.978810787200928,5.88902508687973,1.2553582481288046,0.4794520547945205,0.08978570032119748
rf,3360,CC(C)=CC(=O)c1cccc(Nc2nc(Nc3cccc(OCCN(C)C)c3)ncc2F)c1,6.259637355804443,6.084076979160309,1.1248223028341364,0.49382716049382713,0.17556037664413449
rf,3361,CC(C)=CC(=O)c1cccc(Nc2nc(Nc3cccc(S(N)(=O)=O)c3)ncc2C)c1,6.259637355804443,5.83081726026535,1.2450834010794358,0.5394736842105263,0.42882009553909306
rf,3362,CC(C)=CC(=O)c1cccc(Nc2nc(Nc3ccccc3)ncc2C)c1,5.978810787200928,6.075371259848276,1.108503494905095,0.5555555555555556,0.09656047264734813
rf,3505,CC(C)S(=O)(=O)c1ccccc1Nc1nc(Nc2cccc(NC(=O)CN)c2)ncc1Cl,6.0,6.207817773660024,1.0811180285719337,0.6075949367088608,0.2078177736600244
rf,3933,CCC(=O)Nc1cccc(Nc2nc(Nc3ccccc3)ncc2C)c1,5.6192240715026855,6.644573153654734,0.9125399735300076,0.6271186440677966,1.0253490821520481
rf,6259,COCCN(C)C/C=C/C(=O)Nc1cccc(Nc2ncc(F)c(Nc3cccc(C)c3)n2)c1,8.0,6.716386985778809,0.7762008499091914,0.6486486486486487,1.2836130142211912
rf,6374,COCCOc1ccc(Nc2ncc(F)c(Nc3ccc(C(=O)C=C(C)C)cc3)n2)cc1F,5.978810787200928,6.56643377494812,0.8750535813064396,0.6388888888888888,0.5876229877471921
rf,6375,COCCOc1ccc(Nc2ncc(F)c(Nc3ccc(CC(=O)C=C(C)C)cc3)n2)cc1F,5.978810787200928,6.633137733459472,0.8072541165137913,0.7647058823529411,0.6543269462585446
rf,6377,COCCOc1ccc(Nc2ncc(F)c(Nc3cccc(C(=O)C=C(C)C)c3)n2)cc1F,5.698969841003418,6.69985498380661,0.9490305654433341,0.5921052631578947,1.0008851428031917
rf,6378,COCCOc1ccc(Nc2ncc(F)c(Nc3cccc(CC(=O)C=C(C)C)c3)n2)cc1F,5.698969841003418,6.601012881278992,0.8975003322545121,0.6621621621621622,0.9020430402755739
rf,9063,COc1cccc(Nc2ccnc(Nc3cccc(OC)c3)n2)c1,4.778000831604004,5.478911255836487,0.7993279173978963,0.5333333333333333,0.7009104242324833
rf,9070,COc1cccc(Nc2ncc(C(F)(F)F)c(Nc3cccc(C(=O)C=C(C)C)c3)n2)c1,5.978810787200928,6.136676497459412,1.2144852909649315,0.6301369863013698,0.15786571025848417
rf,9213,COc1ccccc1Nc1ccnc(Nc2ccccc2OC)n1,4.021915912628174,6.41796671462059,0.9943414434209926,0.5454545454545454,2.3960508019924163
rf,10168,Cc1cccc(Nc2nc(Nc3cccc(NC(=O)/C=C/CN(C)C)c3)ncc2C)c1,7.5,6.787815369606018,1.035919320838149,0.6,0.712184630393982
rf,10169,Cc1cccc(Nc2nc(Nc3cccc(NC(=O)/C=C/CN(C)C)c3)ncc2F)c1,8.0,6.704173282623291,0.8403368157020772,0.7272727272727273,1.295826717376709
rf,10267,Cc1cnc(Nc2ccccc2)nc1Nc1cccc(NC(=O)/C=C/CN(C)C)c1,7.259637355804443,6.687952635129292,0.9367525624425054,0.625,0.571684720675151
rf,12398,O=C(COc1ccc(Nc2ncc(Cl)c(Nc3ccccc3C(=O)NO)n2)cc1)NO,7.184355735778809,7.224175773620606,0.8730190818643638,0.7272727272727273,0.039820037841796996
rf,13371,[2H]C([2H])([2H])C([2H])([2H])[S+]([O-])c1c(F)cccc1Nc1nc(Nc2cc(NC(=O)C=C)c(N(C)CCN(C)C)cc2OC)ncc1Cl,8.928117752075195,7.648854190826416,1.1884041591846477,0.631578947368421,1.2792635612487793
rf,13372,[2H]C([2H])([2H])C([2H])([2H])[S+]([O-])c1cc(Cl)ccc1Nc1nc(Nc2cc(NC(=O)C=C)c(N(C)CCN(C)C)cc2OC)ncc1Cl,8.440093040466309,7.466045727729798,1.1958760339323007,0.6105263157894737,0.974047312736511
rf,13373,[2H]C([2H])([2H])C([2H])([2H])[S+]([O-])c1ccccc1Nc1nc(Nc2cc(NC(=O)C=C)c(N(C)CCN(C)C)cc2OC)ncc1Cl,8.684029579162598,7.702718862533569,1.2850118652527796,0.6703296703296703,0.9813107166290287
rf,13374,[2H]C([2H])([2H])C([2H])([S+]([O-])c1c(F)cccc1Nc1nc(Nc2cc(NC(=O)C=C)c(N(C)CCN(C)C)cc2OC)ncc1Cl)C([2H])([2H])[2H],8.465973854064941,7.8496249494552615,1.0125147399773369,0.6185567010309279,0.61634890460968
rf,13375,[2H]C([2H])([2H])C([2H])([S+]([O-])c1ccccc1Nc1nc(Nc2cc(NC(=O)C=C)c(N(C)CCN(C)C)cc2OC)ncc1Cl)C([2H])([2H])[2H],8.863279342651367,7.901493620872498,1.1019617214372996,0.6630434782608695,0.9617857217788695
rf,145,C#CCn1cc(-c2ccnc(Nc3cc(NC(=O)C=C)c(N(C)CCN(C)C)cc3OC)n2)c2ccccc21,8.995678901672363,7.649019298934936,1.0434286505275447,0.7738095238095238,1.346659602737427
rf,362,C/C=C\C(=O)Nc1cc(Nc2nccc(-c3cn(C)c4ccccc34)n2)c(OC)cc1N(C)CCN(C)C,7.28399658203125,7.348508396148682,1.1016687966106997,0.7848101265822784,0.06451181411743168
rf,413,C=C(Cl)C(=O)Nc1cc(Nc2nc(C)cc(-c3cn(C)c4ccccc34)n2)c(OC)cc1N(C)CCN(C)C,8.0,6.6253825213909145,0.7769904244572314,0.7078651685393258,1.3746174786090855
rf,416,C=C(Cl)C(=O)Nc1cc(Nc2ncc(C#N)c(-c3cn(C)c4ccccc34)n2)c(OC)cc1N(C)CCN(C)C,7.698969841003418,6.737627698771158,1.1600846425844218,0.717391304347826,0.9613421422322599
rf,418,C=C(Cl)C(=O)Nc1cc(Nc2nccc(-c3cn(C)c4ccccc34)n2)c(OC)cc1N(C)CCN(C)C,7.481485843658447,6.7056917030016585,0.6702293406760794,0.7875,0.7757941406567888
rf,430,C=C(F)C(=O)Nc1cc(Nc2nccc(-c3cn(C)c4ccccc34)n2)c(OC)cc1N(C)CCN(C)C,8.221848487854004,6.722262331167857,0.7244656415815581,0.7848101265822784,1.4995861566861466
rf,443,C=C=CC(=O)Nc1cc(Nc2ncc(C)c(-c3cn(C)c4ccccc34)n2)c(OC)cc1N(C)CCN(C)C,8.641998291015625,6.897834056186676,0.7597157493267533,0.6736842105263158,1.7441642348289488
rf,444,C=C=CC(=O)Nc1cc(Nc2ncc(OC)c(-c3cn(C)c4ccccc34)n2)c(OC)cc1N(C)CCN(C)C,8.677781105041504,7.800118669019426,0.7879066121725968,0.6956521739130435,0.8776624360220779
rf,445,C=C=CC(=O)Nc1cc(Nc2nccc(-c3c[nH]c4ccccc34)n2)c(OC)cc1N(C)CCN(C)C,8.897939682006836,8.072892524228777,0.8429018424300524,0.7142857142857143,0.8250471577780587
rf,446,C=C=CC(=O)Nc1cc(Nc2nccc(-c3cn(C)c4cc(Cl)ccc34)n2)c(OC)cc1N(C)CCN(C)C,8.049653053283691,7.823013501280831,0.9548187448436388,0.6881720430107527,0.2266395520028608
rf,447,C=C=CC(=O)Nc1cc(Nc2nccc(-c3cn(C)c4cc(F)ccc34)n2)c(OC)cc1N(C)CCN(C)C,8.489405632019043,7.810894010689145,0.8430336794303195,0.6881720430107527,0.6785116213298981
rf,448,C=C=CC(=O)Nc1cc(Nc2nccc(-c3cn(C)c4ccccc34)n2)c(C)cc1N(C)CCN(C)C,8.04648208618164,5.698569048881531,1.0655012026233084,0.6888888888888889,2.34791303730011
rf,449,C=C=CC(=O)Nc1cc(Nc2nccc(-c3cn(C)c4ccccc34)n2)c(OC)cc1N(C)CCN(C)C,8.204133987426758,8.106475733266558,0.7565591384614535,0.8117647058823529,0.09765825416019958
rf,451,C=C=CC(=O)Nc1cc(Nc2nccc(-c3cn(C)c4ccccc34)n2)c(OC)cc1N(CC)CCN(C)C,8.346037864685059,8.122035700307574,0.7809042254704377,0.7252747252747253,0.22400216437748455
rf,461,C=C=CC(=O)Nc1cc(Nc2nccc(-c3cn(C)c4ccccc34)n2)c(OCC)cc1N(C)CCN(C)C,8.46479606628418,8.117628701991126,0.7814665681310161,0.7222222222222222,0.3471673642930533
rf,462,C=C=CC(=O)Nc1cc(Nc2nccc(-c3cn(C)c4ccccc34)n2)ccc1N(C)CCN(C)C,8.232987403869629,5.844440645933151,0.9957006066025339,0.6413043478260869,2.388546757936478
rf,1282,C=CC(=O)Nc1cc(Nc2nc(C)cc(-c3cn(C)c4ccc(F)cc34)n2)c(OC)cc1N(C)CCN(C)C,6.228412628173828,7.505387265205384,0.8134259869825067,0.6666666666666666,1.2769746370315556
rf,1283,C=CC(=O)Nc1cc(Nc2nc(C)cc(-c3cn(C)c4ccccc34)n2)c(OC)cc1N(C)CCN(C)C,7.031517028808594,7.467460457801819,0.5886926269023258,0.7974683544303798,0.4359434289932249
rf,1289,C=CC(=O)Nc1cc(Nc2nc(OC)cc(-c3cn(C)c4ccccc34)n2)c(OC)cc1N(C)CCN(C)C,7.348423480987549,7.461024638175965,0.5858414234822303,0.775,0.11260115718841579
rf,1307,C=CC(=O)Nc1cc(Nc2ncc(C#N)c(-c3cn(C)c4ccc(F)cc34)n2)c(OC)cc1N(C)CCN(C)C,5.698969841003418,7.418281675338745,0.7605431978160353,0.6666666666666666,1.7193118343353273
rf,1308,C=CC(=O)Nc1cc(Nc2ncc(C#N)c(-c3cn(C)c4ccccc34)n2)c(OC)cc1N(C)CCN(C)C,6.022878646850586,7.224563448905945,0.6416014803129821,0.7582417582417582,1.2016848020553592
rf,1312,C=CC(=O)Nc1cc(Nc2ncc(C(=O)OC(C)C)c(-c3c[nH]c4ccccc34)n2)c(OC)cc1N(C)CCN(C)C,7.0,7.103533003807068,0.5291996080062439,0.8470588235294118,0.10353300380706809
rf,1315,C=CC(=O)Nc1cc(Nc2ncc(C(=O)OC(C)C)c(-c3cn(C(C)=O)c4ccccc34)n2)c(OC)cc1N(C)CCN(C)C,7.0,6.9500189771652225,0.360186464396148,0.8241758241758241,0.049981022834777455
rf,1316,C=CC(=O)Nc1cc(Nc2ncc(C(=O)OC(C)C)c(-c3cn(C)c4c(OC)cccc34)n2)c(OC)cc1N(C)CCN(C)C,7.0,7.114078825950623,0.3834238303657903,0.8409090909090909,0.11407882595062269
rf,1318,C=CC(=O)Nc1cc(Nc2ncc(C(=O)OC(C)C)c(-c3cn(C)c4ccccc34)n2)c(OC)cc1N(C)CCN(C)C,7.462181091308594,6.988764545440674,0.23880668993528742,0.8505747126436781,0.47341654586792004
rf,1319,C=CC(=O)Nc1cc(Nc2ncc(C(=O)OC(C)C)c(-c3cn(C)c4ccccc34)n2)c(OC)cc1N(C)CCNC,7.0,6.911615296363831,0.5152976655160441,0.8539325842696629,0.08838470363616935
rf,1323,C=CC(=O)Nc1cc(Nc2ncc(C(=O)OC(C)C)c(-c3cn(C)c4ccccc34)n2)c(OC)cc1OCCN(C)C,7.0,7.101684466997781,0.5574445258685249,0.7040816326530612,0.10168446699778144
rf,1327,C=CC(=O)Nc1cc(Nc2ncc(C(=O)OC(C)C)c(-c3cn(CC)c4ccccc34)n2)c(OC)cc1N(C)CCN(C)C,7.0,6.948914081637064,0.43527593580879914,0.8241758241758241,0.05108591836293641
rf,1336,C=CC(=O)Nc1cc(Nc2ncc(C(=O)OC(C)CC)c(-c3cn(C)c4ccccc34)n2)c(OC)cc1N(C)CCN(C)C,7.0,7.005118673324585,0.25825735168468994,0.7849462365591398,0.0051186733245849325
rf,1337,C=CC(=O)Nc1cc(Nc2ncc(C(=O)OC)c(-c3cn(C)c4ccccc34)n2)c(OC)cc1C#CCN(C)C,6.761439323425293,6.9409999046325686,0.915075214482145,0.6666666666666666,0.17956058120727558
rf,1338,C=CC(=O)Nc1cc(Nc2ncc(C(=O)OC)c(-c3cn(C)c4ccccc34)n2)c(OC)cc1CCCN(C)C,6.761439323425293,7.086917422294617,0.5598197244191027,0.6914893617021277,0.3254780988693238
rf,1340,C=CC(=O)Nc1cc(Nc2ncc(C(=O)OC)c(-c3cn(C)c4ccccc34)n2)c(OC)cc1N(C)CCN(C)C,7.0,7.004242918968201,0.26877537108412586,0.8588235294117647,0.004242918968200726
rf,1341,C=CC(=O)Nc1cc(Nc2ncc(C(=O)OC)c(-c3cn(N(C)C)c4ccccc34)n2)c(OC)cc1F,6.062469482421875,6.932529155731201,0.5583232300962846,0.6170212765957447,0.870059673309326
rf,1342,C=CC(=O)Nc1cc(Nc2ncc(C(=O)OC)c(-c3cn(N(C)C)c4ccccc34)n2)c(OC)cc1N(C)CCN(C)C,7.0,6.9831786403656,0.3858970461031204,0.7555555555555555,0.01682135963439979
rf,1348,C=CC(=O)Nc1cc(Nc2ncc(C(=O)OCC#N)c(-c3cn(C)c4ccccc34)n2)c(OC)cc1N(C)CCN(C)C,7.0,7.060747150993348,0.5702911118464787,0.8241758241758241,0.06074715099334771
rf,1349,C=CC(=O)Nc1cc(Nc2ncc(C(=O)OCC(C)C)c(-c3cn(C)c4ccccc34)n2)c(OC)cc1N(C)CCN(C)C,7.0,6.980738558769226,0.4074221900886997,0.8333333333333334,0.01926144123077389
rf,1350,C=CC(=O)Nc1cc(Nc2ncc(C(=O)OCC)c(-c3cn(C)c4ccccc34)n2)c(OC)cc1N(C)CCN(C)C,7.0,7.032119344711304,0.29954998378271885,0.8620689655172413,0.03211934471130373
rf,1361,C=CC(=O)Nc1cc(Nc2ncc(C)c(-c3cn(C)c4ccccc34)n2)c(OC)cc1N(C)CCN(C)C,5.698969841003418,6.891651210753124,0.7557452792030164,0.7727272727272727,1.1926813697497058
rf,1362,C=CC(=O)Nc1cc(Nc2ncc(CC)c(-c3cn(CC(=O)NC)c4ccccc34)n2)c(OC)cc1N(C)CCN(C)C,7.0,7.148360222244262,0.7464063438102797,0.6631578947368421,0.14836022224426237
rf,1363,C=CC(=O)Nc1cc(Nc2ncc(CC)c(-c3cn(CC(N)=O)c4ccccc34)n2)c(OC)cc1N(C)CCN(C)C,7.0,7.1749447206497186,0.6859548359133776,0.6702127659574468,0.17494472064971855
rf,1367,C=CC(=O)Nc1cc(Nc2ncc(Cl)c(-c3c[nH]c4ccccc34)n2)c(OC)cc1N(C)CCN(C)C,7.0,7.560420242945353,0.9212169176820316,0.7261904761904762,0.5604202429453533
rf,1373,C=CC(=O)Nc1cc(Nc2ncc(Cl)c(-c3cn(C)c4ccccc34)n2)c(OC)cc1C#CC(C)(C)N(C)C,6.522878646850586,7.248685837427775,0.8499242540689123,0.5816326530612245,0.7258071905771892
rf,1374,C=CC(=O)Nc1cc(Nc2ncc(Cl)c(-c3cn(C)c4ccccc34)n2)c(OC)cc1C#CCN(C)C,6.522878646850586,7.056554007212322,1.0979800466191605,0.6210526315789474,0.5336753603617357
rf,1375,C=CC(=O)Nc1cc(Nc2ncc(Cl)c(-c3cn(C)c4ccccc34)n2)c(OC)cc1N(C)CCN(C)C,5.698969841003418,7.154955493609111,0.6540748815636752,0.8313253012048193,1.4559856526056931
rf,1376,C=CC(=O)Nc1cc(Nc2ncc(Cl)c(-c3cn(C)c4ccccc34)n2)c(OC)cc1O[C@@H](COCC)CN(C)C,6.522878646850586,7.1672101933161425,0.8120925509294226,0.63,0.6443315464655566
rf,1465,C=CC(=O)Nc1cc(Nc2ncc(N(C)C(=O)C(C)C)c(-c3cn(C)c4ccccc34)n2)c(OC)cc1N(C)CCN(C)C,6.323908805847168,7.166493137359619,0.5303739486673993,0.723404255319149,0.8425843315124508
rf,1466,C=CC(=O)Nc1cc(Nc2ncc(NC(=O)C(C)(C)C)c(-c3cn(C)c4ccccc34)n2)c(OC)cc1N(C)CCN(C)C,6.062469482421875,7.174638370513916,0.6249967994545057,0.7311827956989247,1.1121688880920413
rf,1467,C=CC(=O)Nc1cc(Nc2ncc(NC(=O)C(C)(C)C)c(-c3cn(C)c4ccccc34)n2)c(OC)cc1OC,6.0,7.171179233551025,0.7100777025497625,0.5714285714285714,1.1711792335510252
rf,1468,C=CC(=O)Nc1cc(Nc2ncc(NC(=O)C(C)C)c(-c3cn(C)c4ccccc34)n2)c(OC)cc1N(C)CCN(C)C,6.261439323425293,7.0886211013793945,0.5753136825486065,0.7391304347826086,0.8271817779541015
rf,1470,C=CC(=O)Nc1cc(Nc2ncc(NC(=O)NC)c(-c3cn(C)c4ccccc34)n2)c(OC)cc1N(C)CCN(C)C,6.0,7.135976295471192,0.5691022415955002,0.7391304347826086,1.1359762954711918
rf,1475,C=CC(=O)Nc1cc(Nc2ncc(P(C)(C)=O)c(-c3cn(C)c4ccccc34)n2)c(OC)cc1N(C)CCN(C)C,6.261439323425293,7.63648053073883,0.8241945414115125,0.7391304347826086,1.3750412073135374
rf,1503,C=CC(=O)Nc1cc(Nc2nccc(-c3c(C#N)n(C)c4ccccc34)n2)c(OC)cc1N(C)CCN(C)C,7.0,7.122454557895661,0.6387632458099427,0.7951807228915663,0.12245455789566062
rf,1504,C=CC(=O)Nc1cc(Nc2nccc(-c3c(C(=O)N(C)C)n(C)c4ccccc34)n2)c(OC)cc1N(C)CCN(C)C,7.0,6.797021391868591,0.9853444930864066,0.8048780487804879,0.2029786081314091
rf,1505,C=CC(=O)Nc1cc(Nc2nccc(-c3c(C(=O)NC)n(C)c4ccccc34)n2)c(OC)cc1N(C)CCN(C)C,6.522878646850586,6.758880447864533,1.0277573499176975,0.7951807228915663,0.23600180101394663
rf,1506,C=CC(=O)Nc1cc(Nc2nccc(-c3c(C(=O)NCCOC)n(C)c4ccccc34)n2)c(OC)cc1N(C)CCN(C)C,6.12493896484375,6.707922352790833,1.0623996357136927,0.7586206896551724,0.5829833879470829
rf,1507,C=CC(=O)Nc1cc(Nc2nccc(-c3c(C(=O)OC(C)C)n(C)c4ccccc34)n2)c(OC)cc1N(C)CCN(C)C,6.761439323425293,6.768161717414856,0.9725276745252032,0.7674418604651163,0.006722393989562647
rf,1508,C=CC(=O)Nc1cc(Nc2nccc(-c3c(C(=O)OC)n(C)c4ccccc34)n2)c(OC)cc1N(C)CCN(C)C,7.0,6.776225102424622,0.9882725209918297,0.8148148148148148,0.22377489757537816
rf,1509,C=CC(=O)Nc1cc(Nc2nccc(-c3c(C(N)=O)n(C)c4ccccc34)n2)c(OC)cc1N(C)CCN(C)C,6.761439323425293,6.806623387336731,1.029198234174787,0.8048780487804879,0.04518406391143781
rf,1511,C=CC(=O)Nc1cc(Nc2nccc(-c3c[nH]c4ccccc34)n2)c(OC)cc1N(C)CCN(C)C,6.590228080749512,7.819657723426819,1.0088629570852115,0.7662337662337663,1.2294296426773075
rf,1559,C=CC(=O)Nc1cc(Nc2nccc(-c3cn(C(C)=O)c4ccccc34)n2)c(OC)cc1N(C)CCN(C)C,8.679853439331055,7.56616756439209,1.057879275755188,0.8024691358024691,1.113685874938965
rf,1560,C=CC(=O)Nc1cc(Nc2nccc(-c3cn(C)c4c(C(=O)OC(C)C)cccc34)n2)c(OC)cc1N(C)CCN(C)C,6.761439323425293,7.391046089172363,0.8091883519784614,0.7127659574468085,0.6296067657470701
rf,1561,C=CC(=O)Nc1cc(Nc2nccc(-c3cn(C)c4c(C(=O)OC)cccc34)n2)c(OC)cc1N(C)CCN(C)C,6.761439323425293,7.475052059173584,0.844077582185594,0.7261904761904762,0.7136127357482911
rf,1562,C=CC(=O)Nc1cc(Nc2nccc(-c3cn(C)c4c(F)cccc34)n2)c(OC)cc1N(C)CCN(C)C,8.221848487854004,7.7485832605361935,0.8569271115866697,0.7349397590361446,0.4732652273178104
rf,1563,C=CC(=O)Nc1cc(Nc2nccc(-c3cn(C)c4c(F)cccc34)n2)c(OC)cc1N(C)CC[N+](C)(C)[O-],7.749579906463623,7.527936611493429,0.8984473731528247,0.631578947368421,0.2216432949701943
rf,1565,C=CC(=O)Nc1cc(Nc2nccc(-c3cn(C)c4cc(C#N)ccc34)n2)c(OC)cc1N(C)CCN(C)C,7.0,7.509642176151275,0.8754916090597791,0.7380952380952381,0.5096421761512753
rf,1566,C=CC(=O)Nc1cc(Nc2nccc(-c3cn(C)c4cc(C(=O)OC(C)C)ccc34)n2)c(OC)cc1N(C)CCN(C)C,6.562469482421875,7.471010974884033,0.7359876214248553,0.7209302325581395,0.9085414924621578
rf,1567,C=CC(=O)Nc1cc(Nc2nccc(-c3cn(C)c4cc(C(=O)OC)ccc34)n2)c(OC)cc1N(C)CCN(C)C,6.761439323425293,7.50145370388031,0.7366447960485017,0.7654320987654321,0.7400143804550172
rf,1568,C=CC(=O)Nc1cc(Nc2nccc(-c3cn(C)c4ccc(C(=O)OC)cc34)n2)c(OC)cc1N(C)CCN(C)C,6.761439323425293,7.521245248794556,0.7541502936525017,0.7560975609756098,0.7598059253692631
rf,1569,C=CC(=O)Nc1cc(Nc2nccc(-c3cn(C)c4ccc(F)cc34)n2)c(OC)cc1N(C)CCN(C)C,9.232353210449219,7.774799396514893,0.8475205290088005,0.7654320987654321,1.457553813934326
rf,1570,C=CC(=O)Nc1cc(Nc2nccc(-c3cn(C)c4ccc(F)cc34)n2)c(OC)cc1N(C)CC[N+](C)(C)[O-],7.991399765014648,7.5944475708007815,0.9071104748325142,0.6559139784946236,0.39695219421386696
rf,1571,C=CC(=O)Nc1cc(Nc2nccc(-c3cn(C)c4cccc(C)c34)n2)c(OC)cc1N(C)CCN(C)C,6.0,7.461781901836395,1.075424239431491,0.810126582278481,1.4617819018363951
rf,1572,C=CC(=O)Nc1cc(Nc2nccc(-c3cn(C)c4ccccc34)n2)c(OC)cc1N(C)CCCl,6.644679069519043,7.525376300334932,0.811049173608176,0.8148148148148148,0.8806972308158887
rf,1573,C=CC(=O)Nc1cc(Nc2nccc(-c3cn(C)c4ccccc34)n2)c(OC)cc1N(C)CCN(C)C,7.92081880569458,7.614821349143982,0.9293413115980143,0.8481012658227848,0.30599745655059785
rf,1575,C=CC(=O)Nc1cc(Nc2nccc(-c3cn(C)c4ccccc34)n2)c(OC)cc1N(C)CCN(C)CC(=O)OC,8.244125366210938,7.943008883476257,0.63988041270573,0.8414634146341463,0.30111648273468017
rf,1578,C=CC(=O)Nc1cc(Nc2nccc(-c3cn(C)c4ccccc34)n2)c(OC)cc1N(C)CCNC,6.522878646850586,7.413337385177612,0.9800533578867043,0.8461538461538461,0.8904587383270259
rf,1579,C=CC(=O)Nc1cc(Nc2nccc(-c3cn(C)c4ccccc34)n2)c(OC)cc1N(C)CCO,6.658580303192139,7.485010787963867,0.7948848370546998,0.825,0.8264304847717288
rf,1580,C=CC(=O)Nc1cc(Nc2nccc(-c3cn(C)c4ccccc34)n2)c(OC)cc1N(C)CCSC,6.589505195617676,7.5308866157531735,0.82903696353603,0.7951807228915663,0.9413814201354977
rf,1581,C=CC(=O)Nc1cc(Nc2nccc(-c3cn(C)c4ccccc34)n2)c(OC)cc1N(C)CC[N+](C)(C)[O-],8.193819999694824,7.527158294995626,0.8518127532096015,0.7764705882352941,0.666661704699198
rf,1582,C=CC(=O)Nc1cc(Nc2nccc(-c3cn(C)c4ccccc34)n2)c(OC)cc1N(C)CC[S+](C)[O-],6.651058673858643,7.6772842044830325,0.9041235507103882,0.7764705882352941,1.02622553062439
rf,1587,C=CC(=O)Nc1cc(Nc2nccc(-c3cn(C)c4ccccc34)n2)c(OC)cc1S(=O)(=O)CCN(C)C,6.838270664215088,7.518970720291137,0.9862149247967585,0.7045454545454546,0.6807000560760494
rf,1588,C=CC(=O)Nc1cc(Nc2nccc(-c3cn(C)c4ccccc34)n2)c(OC)cc1SCCN(C)C,7.9062395095825195,7.5893282232284545,0.9425743888184859,0.7011494252873564,0.31691128635406507
rf,1589,C=CC(=O)Nc1cc(Nc2nccc(-c3cn(C)c4ccccc34)n2)c(OC)cc1[S+]([O-])CCN(C)C,8.301030158996582,7.68385554599762,1.0713260451884141,0.8313253012048193,0.6171746129989621
rf,1598,C=CC(=O)Nc1cc(Nc2nccc(-c3cn(CC(N)=O)c4ccccc34)n2)c(OC)cc1N(C)CCN(C)C,7.0,7.582095567131042,1.0548498372314083,0.7738095238095238,0.5820955671310424
rf,1599,C=CC(=O)Nc1cc(Nc2nccc(-c3cn(CCCO)c4ccccc34)n2)c(OC)cc1F,7.747147083282471,7.356765950600305,0.890541086008429,0.6162790697674418,0.39038113268216534
rf,1600,C=CC(=O)Nc1cc(Nc2nccc(-c3cn(CCO)c4ccccc34)n2)c(OC)cc1N(C)CCN(C)C,9.06550121307373,7.631648231887817,0.9824779621003203,0.7831325301204819,1.4338529811859138
rf,1603,C=CC(=O)Nc1cc(Nc2nccc(-c3cn(S(=O)(=O)N(C)C)c4ccccc34)n2)c(OC)cc1N(C)CCN(C)C,9.698969841003418,7.591533609390259,1.0467268612982388,0.7738095238095238,2.1074362316131587
rf,1978,C=CC(=O)Nc1ccc(Nc2ncc(Cl)c(-c3c[nH]c4ccccc34)n2)cc1,4.721246242523193,7.0357948017120355,1.0450942106166325,0.5897435897435898,2.314548559188842
rf,1980,C=CC(=O)Nc1ccc(Nc2nccc(-c3cn(C)c4ccccc34)n2)cc1,6.744727611541748,5.944301901737848,1.080248453034333,0.6266666666666667,0.8004257098038998
rf,2005,C=CC(=O)Nc1ccc(OC)c(Nc2ncc(C#N)c(-c3cn(C)c4cc(OCCCN(C)C)ccc34)n2)c1,6.761439323425293,6.780007866859436,0.48147713214858623,0.7419354838709677,0.01856854343414316
rf,2008,C=CC(=O)Nc1ccc(OC)c(Nc2ncc(Cl)c(-c3c[nH]c4ccccc34)n2)c1,7.379725456237793,7.19514655303955,1.0339370223963722,0.7088607594936709,0.18457890319824255
rf,2597,C=CC(=O)Nc1cccc(Nc2ncc(Cl)c(-c3c[nH]c4ccccc34)n2)c1,6.830075740814209,7.120132836341858,0.9958071156091787,0.5875,0.2900570955276489
rf,2758,C=CCCN(C)CCN(C)c1cc(OC)c(Nc2nccc(-c3cn(C)c4ccccc34)n2)cc1NC(=O)C=C,8.698969841003418,7.940324126243591,0.7605245125182643,0.8414634146341463,0.7586457147598269
rf,2774,C=CCn1cc(-c2ccnc(Nc3cc(NC(=O)C=C)c(N(C)CCN(C)C)cc3OC)n2)c2ccccc21,8.821022987365723,7.574289791488647,1.0685759498327576,0.8125,1.2467331958770753
rf,2838,CC#CC(=O)Nc1ccc(Nc2nccc(-c3cn(C)c4ccccc34)n2)cc1,6.6575775146484375,5.667426022529602,0.8636179236826164,0.5064935064935064,0.9901514921188355
rf,3683,CC/C=C\C(=O)Nc1cc(Nc2nc(C)cc(-c3cn(C)c4ccc(F)cc34)n2)c(OC)cc1N(C)CCN(C)C,6.000869274139404,6.107621247529983,0.8073769481560231,0.62,0.10675197339057885
rf,3684,CC/C=C\C(=O)Nc1cc(Nc2nc(C)cc(-c3cn(C)c4ccccc34)n2)c(OC)cc1N(C)CCN(C)C,7.744727611541748,6.236650675535202,0.8466033498141814,0.6666666666666666,1.508076936006546
rf,3687,CC/C=C\C(=O)Nc1cc(Nc2ncc(C#N)c(-c3cn(C)c4ccc(F)cc34)n2)c(OC)cc1N(C)CCN(C)C,5.698969841003418,7.2643977031707765,0.8883264936373555,0.6310679611650486,1.5654278621673585
rf,3688,CC/C=C\C(=O)Nc1cc(Nc2ncc(C#N)c(-c3cn(C)c4ccccc34)n2)c(OC)cc1N(C)CCN(C)C,7.79587984085083,7.043384667396546,0.9164239618311364,0.6464646464646465,0.7524951734542844
rf,3689,CC/C=C\C(=O)Nc1cc(Nc2nccc(-c3cn(C)c4ccc(F)cc34)n2)c(OC)cc1N(C)CCN(C)C,6.411168098449707,7.543867429097494,1.0068647708259075,0.6404494382022472,1.132699330647787
rf,3690,CC/C=C\C(=O)Nc1cc(Nc2nccc(-c3cn(C)c4ccccc34)n2)c(OC)cc1N(C)CCN(C)C,6.752026557922363,7.33519839477539,1.167606684485904,0.7654320987654321,0.583171836853027
rf,3851,CCC(=O)Nc1cc(Nc2nccc(-c3c[nH]c4c(CCO)cccc34)n2)c(OC)cc1F,6.178224563598633,6.779886188030242,1.0775423953857468,0.43617021276595747,0.6016616244316095
rf,3852,CCC(=O)Nc1cc(Nc2nccc(-c3cn(C)c4ccccc34)n2)c(OC)cc1N(C)CCN(C)C,6.553152084350586,6.574082011222839,0.5887575402046322,0.8157894736842105,0.020929926872253368
rf,3854,CCC(=O)Nc1cc(Nc2nccc(-c3cn(CCCO)c4ccc(F)cc34)n2)c(OC)cc1F,6.847711563110352,6.90342257006963,0.8734831496694286,0.53125,0.05571100695927811
rf,3855,CCC(=O)Nc1cc(Nc2nccc(-c3cn(CCCO)c4ccccc34)n2)c(OC)cc1F,6.896880626678467,6.822501992384592,0.763379177451827,0.6222222222222222,0.07437863429387459
rf,3856,CCC(=O)Nc1cc(Nc2nccc(-c3cn(CCCO)c4ccccc34)n2)c(OC)cc1N(C)CCN(C)C,6.771343231201172,6.829159073193867,0.6317255709228033,0.8095238095238095,0.05781584199269485
rf,3857,CCC(=O)Nc1cc(Nc2nccc(-c3cn(CCO)c4ccccc34)n2)c(OC)cc1F,6.769295692443848,6.776471062405903,0.7476701600930503,0.5652173913043478,0.007175369962054923
rf,3968,CCC/C=C\C(=O)Nc1cc(Nc2nc(C)cc(-c3cn(C)c4ccc(F)cc34)n2)c(OC)cc1N(C)CCN(C)C,6.0347981452941895,6.2425764610767365,0.7881739654989582,0.6078431372549019,0.20777831578254702
rf,3969,CCC/C=C\C(=O)Nc1cc(Nc2nc(C)cc(-c3cn(C)c4ccccc34)n2)c(OC)cc1N(C)CCN(C)C,8.09691047668457,6.388227138757705,0.7738187357831301,0.6979166666666666,1.7086833379268649
rf,3971,CCC/C=C\C(=O)Nc1cc(Nc2ncc(C#N)c(-c3cn(C)c4ccc(F)cc34)n2)c(OC)cc1N(C)CCN(C)C,6.696804046630859,7.053678020477295,1.073038395805239,0.6190476190476191,0.3568739738464357
rf,3972,CCC/C=C\C(=O)Nc1cc(Nc2ncc(C#N)c(-c3cn(C)c4ccccc34)n2)c(OC)cc1N(C)CCN(C)C,7.431798458099365,6.838559559822082,1.112241263087331,0.7070707070707071,0.5932388982772832
rf,3973,CCC/C=C\C(=O)Nc1cc(Nc2nccc(-c3cn(C)c4ccc(F)cc34)n2)c(OC)cc1N(C)CCN(C)C,8.12493896484375,7.208138631820678,1.3032509745553442,0.6263736263736264,0.9168003330230716
rf,3974,CCC/C=C\C(=O)Nc1cc(Nc2nccc(-c3cn(C)c4ccccc34)n2)c(OC)cc1N(C)CCN(C)C,6.692503929138184,6.9432430753707886,1.430478660961963,0.7469879518072289,0.25073914623260496
rf,6738,COc1cc(N(C)CCN(C)C)c(NC(=O)/C=C\C(C)C)cc1Nc1nc(C)cc(-c2cn(C)c3ccc(F)cc23)n1,6.04963493347168,6.005411904573441,0.8138750925501748,0.723404255319149,0.044223028898239036
rf,6739,COc1cc(N(C)CCN(C)C)c(NC(=O)/C=C\C(C)C)cc1Nc1nc(C)cc(-c2cn(C)c3ccccc23)n1,7.4202165603637695,6.086127424001694,0.8544348944997945,0.7142857142857143,1.334089136362076
rf,6743,COc1cc(N(C)CCN(C)C)c(NC(=O)/C=C\C(C)C)cc1Nc1ncc(C#N)c(-c2cn(C)c3ccc(F)cc23)n1,6.443697452545166,7.25884012667338,0.9268546144773276,0.7319587628865979,0.8151426741282144
rf,6744,COc1cc(N(C)CCN(C)C)c(NC(=O)/C=C\C(C)C)cc1Nc1ncc(C#N)c(-c2cn(C)c3ccccc23)n1,6.659555912017822,7.067216688791911,0.8961489553737941,0.723404255319149,0.4076607767740885
rf,6745,COc1cc(N(C)CCN(C)C)c(NC(=O)/C=C\C(C)C)cc1Nc1nccc(-c2cn(C)c3ccc(F)cc23)n1,5.698969841003418,7.567959431648254,1.0158708346423708,0.7127659574468085,1.8689895906448362
rf,6746,COc1cc(N(C)CCN(C)C)c(NC(=O)/C=C\C(C)C)cc1Nc1nccc(-c2cn(C)c3ccccc23)n1,6.401209354400635,7.365410741806031,1.1304100734054716,0.7654320987654321,0.9642013874053958
rf,6747,COc1cc(N(C)CCN(C)C)c(NC(=O)C(Cl)=C(Cl)Cl)cc1Nc1nccc(-c2cn(C)c3ccccc23)n1,5.698969841003418,6.608697956720988,0.5042209283700296,0.7875,0.9097281157175701
rf,6749,COc1cc(N(C)CCN(C)C)c(NC(=O)C=C(C)C)cc1Nc1nccc(-c2cn(C)c3ccccc23)n1,6.679853916168213,7.439791198158264,1.0645831886154178,0.7848101265822784,0.7599372819900507
rf,6784,COc1cc(N(C)CCN(C)C)ccc1Nc1nccc(-c2cn(CCCO)c3ccccc23)n1,6.805208206176758,6.831609056790669,0.8325301262571775,0.6941176470588235,0.02640085061391151
rf,7085,COc1cc(NC(=O)CCCCCCC(=O)NO)ccc1Nc1nccc(-c2cn(C)c3ccccc23)n1,5.27257776260376,6.904298692821322,1.1602017864299032,0.5769230769230769,1.6317209302175621
rf,7086,COc1cc(NC(=O)CCCCCCCCCCC(=O)NO)ccc1Nc1nccc(-c2cn(C)c3ccccc23)n1,5.2441253662109375,6.904298692821322,1.1602017864299032,0.5769230769230769,1.6601733266103844
rf,8819,COc1ccc(NC(=O)/C=C/CN(C)C)cc1Nc1ncc(Cl)c(-c2c[nH]c3ccccc23)n1,7.070580959320068,7.089807735761006,1.2030454804132846,0.6987951807228916,0.019226776440937954
rf,8828,COc1ccc(NC(=O)CC#N)cc1Nc1ncc(Cl)c(-c2c[nH]c3ccccc23)n1,5.552842140197754,6.407045177078247,1.0568980405052613,0.5697674418604651,0.8542030368804934
rf,10969,Cn1cc(-c2ccnc(Nc3ccc(C(=O)NCCCCCCC(=O)NO)cc3)n2)c2ccccc21,5.494850158691406,6.320574517329534,1.3480518228147353,0.5054945054945055,0.8257243586381273
rf,10971,Cn1cc(-c2ccnc(Nc3ccc(NC(=O)CCCCCCC(=O)NO)cc3)n2)c2ccccc21,5.707834243774414,6.396522280534109,1.251198073569282,0.5189873417721519,0.6886880367596948
rf,11128,FC(F)C(F)(F)Oc1cccc(Nc2nccc(-c3c[nH]c4ccccc34)n2)c1,5.744727611541748,5.17903411102295,1.284553331045042,0.6333333333333333,0.5656935005187984
rf,13384,[2H]C([2H])([2H])n1cc(-c2ccnc(Nc3cc(NC(=O)C=C)c(F)cc3OC)n2)c2ccccc21,6.0,6.305097069104513,0.5192218740396832,0.7792207792207793,0.3050970691045132
rf,13385,[2H]C([2H])([2H])n1cc(-c2ccnc(Nc3cc(NC(=O)C=C)c(N(C)CCN(C)C)cc3OC)n2)c2ccccc21,8.10345458984375,6.659723031997681,0.906275998932665,0.8375,1.4437315578460694
rf,13409,[2H]C([2H])=CC(=O)Nc1cc(Nc2nccc(-c3cn(C([2H])([2H])[2H])c4ccccc34)n2)c(OC)cc1N(C)CCN(C)C,7.856704235076904,7.580035576820373,0.8851141368693486,0.7738095238095238,0.276668658256531
rf,0,Br.CC(Nc1ncnc2[nH]c(-c3ccc(O)cc3)cc12)c1ccc(C(F)(F)F)cc1,5.336487293243408,7.1346119389829195,1.1851644642135206,0.6065573770491803,1.7981246457395113
rf,2,Br.CC[C@@H](Nc1ncnc2[nH]c(-c3ccc(O)cc3)cc12)c1ccccc1,8.397939682006836,7.707843636441231,1.2572001200452056,0.6,0.6900960455656051
rf,3,Br.C[C@@H](Nc1ncnc2[nH]c(-c3ccc(O)cc3)cc12)c1ccc(Br)cc1,7.207608222961426,6.953443495670956,1.0333157027731772,0.6379310344827587,0.2541647272904699
rf,4,Br.C[C@@H](Nc1ncnc2[nH]c(-c3ccc(O)cc3)cc12)c1ccc(F)cc1,8.42021656036377,7.218740659043903,1.0934115800099706,0.6379310344827587,1.2014759013198661
rf,5,Br.C[C@@H](Nc1ncnc2[nH]c(-c3ccc(O)cc3)cc12)c1cccc(F)c1,8.045757293701172,7.416762511282876,1.1714326627889604,0.6610169491525424,0.628994782418296
rf,6,Br.C[C@@H](Nc1ncnc2[nH]c(-c3ccc(O)cc3)cc12)c1ccccc1,8.431797981262207,7.6448503520307085,1.1784117272989945,0.7551020408163265,0.7869476292314985
rf,7,Br.C[C@@H](Nc1ncnc2[nH]c(-c3ccc(O)cc3)cc12)c1ccccc1F,8.09691047668457,6.462499385643007,0.8772223165743613,0.7636363636363637,1.6344110910415637
rf,8,Br.Cc1ccc([C@@H](C)Nc2ncnc3[nH]c(-c4ccc(O)cc4)cc23)cc1,6.346787452697754,7.050914137710845,1.1726831516428455,0.6491228070175439,0.7041266850130912
rf,9,Br.Cc1cccc(C(C)Nc2ncnc3[nH]c(-c4ccc(O)cc4)cc23)c1,7.022276401519775,7.25110663321586,1.237593054725964,0.6724137931034483,0.22883023169608485
rf,10,Br.Cc1ccccc1C(C)Nc1ncnc2[nH]c(-c3ccc(O)cc3)cc12,7.7695512771606445,6.229977197978611,0.7604231872951148,0.7777777777777778,1.5395740791820334
rf,11,Br.Oc1ccc(-c2cc3c(NCc4ccc(F)cc4)ncnc3[nH]2)cc1,7.585026741027832,6.192028500475202,0.8304396334429458,0.47619047619047616,1.3929982405526298
rf,12,Br.Oc1ccc(-c2cc3c(NCc4cccc(F)c4)ncnc3[nH]2)cc1,7.28399658203125,6.132617806205295,0.7793822695758079,0.5,1.1513787758259548
rf,13,Br.Oc1ccc(-c2cc3c(NCc4ccccc4)ncnc3[nH]2)cc1,8.481486320495605,6.446960806301663,0.8153415388106295,0.5441176470588235,2.034525514193943
rf,14,Br.Oc1ccc(-c2cc3c(NCc4ccccc4F)ncnc3[nH]2)cc1,7.346787452697754,6.076213941440129,0.8284571732047858,0.5079365079365079,1.2705735112576253
rf,2934,CC(=O)Nc1ccc(-c2cc3c(N[C@H](C)c4ccccc4)ncnc3[nH]2)cc1,9.154901504516602,7.306240132393155,0.9506744570029897,0.6851851851851852,1.8486613721234466
rf,3413,CC(C)N(Cc1ccccc1)c1ncnc2[nH]c(-c3ccc(CO)cc3)cc12,8.346787452697754,6.620555329985845,0.8401160085101611,0.6206896551724138,1.7262321227119086
rf,3492,CC(C)Oc1ccccc1-c1cc2c(N[C@H](C)c3ccccc3)ncnc2[nH]1,9.221848487854004,8.158495233310973,1.2969448159305188,0.6296296296296297,1.0633532545430313
rf,4289,CCN(Cc1ccccc1)c1ncnc2[nH]c(-c3ccc(CO)cc3)cc12,9.09691047668457,6.61958502157075,0.8366392124036779,0.631578947368421,2.47732545511382
rf,4939,CCOc1ccccc1-c1cc2c(N[C@H](C)c3ccccc3)ncnc2[nH]1,9.522878646850586,8.106635921571367,1.3512464675838014,0.6181818181818182,1.4162427252792185
rf,4940,CCOc1ccccc1-c1cc2c(N[C@H](CCO)c3ccccc3)ncnc2[nH]1,10.0,8.434357560276988,1.2475939091345025,0.6153846153846154,1.5656424397230122
rf,4941,CCOc1ccccc1-c1cc2c(N[C@H](CO)c3ccccc3)ncnc2[nH]1,9.698969841003418,8.487295987439156,1.2508897909552181,0.7166666666666667,1.2116738535642622
rf,5448,CN(C)CCNCc1cc(-c2cc3c(N(C)Cc4ccccc4)ncnc3[nH]2)ccc1F,7.744727611541748,6.510823716667721,0.9033736297733913,0.4927536231884058,1.233903894874027
rf,5449,CN(C)CCNCc1cc(-c2cc3c(N[C@H](CO)c4ccccc4)ncnc3[nH]2)ccc1F,8.920818328857422,8.04914771952629,1.083422022932684,0.5492957746478874,0.8716706093311313
rf,5450,CN(C)CCNCc1ccc(-c2cc3c(N(C)Cc4ccccc4)ncnc3[nH]2)cc1F,8.698969841003418,6.5054124158337,0.8599861448447226,0.4927536231884058,2.1935574251697183
rf,5451,CN(C)CCNCc1ccc(-c2cc3c(N[C@H](CO)c4ccccc4)ncnc3[nH]2)cc1,9.522878646850586,7.93816281135877,1.177440788608967,0.5909090909090909,1.5847158354918163
rf,5452,CN(C)CCNCc1ccc(-c2cc3c(N[C@H](CO)c4ccccc4)ncnc3[nH]2)cc1F,10.0,8.045000197553634,1.0855753081177768,0.5492957746478874,1.9549998024463662
rf,5613,CN(Cc1ccccc1)c1ncnc2[nH]c(-c3ccc(CO)c(F)c3)cc12,7.327902317047119,6.627088720952896,0.8101529479742561,0.6166666666666667,0.700813596094223
rf,5614,CN(Cc1ccccc1)c1ncnc2[nH]c(-c3ccc(CO)cc3)cc12,7.698969841003418,6.760578248814174,0.6889116599961218,0.82,0.9383915921892436
rf,5616,CN(Cc1ccccc1)c1ncnc2[nH]c(-c3ccc(F)c(CO)c3)cc12,7.275723934173584,6.61676189411027,0.8657355928968944,0.6271186440677966,0.6589620400633143
rf,5617,CN(Cc1ccccc1)c1ncnc2[nH]c(-c3ccc(O)cc3)cc12,7.638272285461426,6.49100904667718,0.7779366954759154,0.6666666666666666,1.1472632387842454
rf,5618,CN(Cc1ccccc1)c1ncnc2[nH]c(-c3ccccc3)cc12,7.0,6.4717720166002,0.7908056732413082,0.6666666666666666,0.5282279833998
rf,5619,CN(Cc1ccccc1F)c1ncnc2[nH]c(-c3ccc(CO)cc3)cc12,7.346787452697754,6.595336931669144,0.5770846431458881,0.7068965517241379,0.7514505210286098
rf,5640,CN(c1ncnc2[nH]c(-c3ccc(CO)cc3)cc12)[C@@H](CO)c1ccccc1,7.187086582183838,5.8593285303115845,1.2834058919329017,0.6065573770491803,1.3277580518722534
rf,5641,CN(c1ncnc2[nH]c(-c3ccc(CO)cc3)cc12)[C@H](CO)c1ccccc1,8.431797981262207,5.8593285303115845,1.2834058919329017,0.6065573770491803,2.5724694509506225
rf,6157,COC(=O)c1cccc(-c2cc3c(N(C)Cc4cccc(C)c4)ncnc3[nH]2)c1,6.0,6.140174113512039,0.8204494483864466,0.6666666666666666,0.1401741135120389
rf,6289,COCCOCCOCCOc1ccc(-c2cc3c(N(C)Cc4cccc(C)c4)ncnc3[nH]2)cc1,6.931814193725586,6.0887974769319815,0.7966459242339978,0.6212121212121212,0.8430167167936045
rf,6290,COCCOCCOCCOc1ccc(-c2cc3c(N(C)Cc4ccccc4)ncnc3[nH]2)cc1,7.346787452697754,6.368936271830967,0.9286954747882682,0.546875,0.9778511808667867
rf,6372,COCCOc1ccc(-c2cc3c(N(C)Cc4ccccc4)ncnc3[nH]2)cc1,7.173925399780273,6.375358818313054,0.9286956747273233,0.5737704918032787,0.7985665814672194
rf,6427,COC[C@@H](Nc1ncnc2[nH]c(-c3ccc(CO)cc3OC)cc12)c1ccccc1,9.301030158996582,8.763486420512201,1.3621686189440223,0.6515151515151515,0.5375437384843806
rf,6428,COC[C@@H](Nc1ncnc2[nH]c(-c3ccccc3OC(F)F)cc12)c1ccccc1,8.886056900024414,8.245371291987103,1.3858989905525165,0.582089552238806,0.6406856080373107
rf,6635,COc1cc(C(N)=O)ccc1-c1cc2c(N[C@H](C)c3ccccc3)ncnc2[nH]1,9.397939682006836,8.164700943817412,1.3183457621392576,0.5507246376811594,1.2332387381894243
rf,6637,COc1cc(C(N)=O)ccc1-c1cc2c(N[C@H](CO)c3ccccc3)ncnc2[nH]1,9.301030158996582,8.41329964934985,1.381733650937252,0.71875,0.8877305096467314
rf,6716,COc1cc(CN(C)CCN(C)C)ccc1-c1cc2c(N[C@H](CO)c3ccccc3)ncnc2[nH]1,10.0,8.968573735992113,1.1528621893609143,0.6571428571428571,1.0314262640078873
rf,6717,COc1cc(CNCCN(C)C)ccc1-c1cc2c(N[C@H](C)c3ccccc3)ncnc2[nH]1,10.0,8.6795485546271,1.403413420401012,0.5975609756097561,1.3204514453728997
rf,6718,COc1cc(CNCCN(C)C)ccc1-c1cc2c(N[C@H](CO)c3ccccc3)ncnc2[nH]1,9.522878646850586,9.091700160741809,1.2482667430408094,0.7402597402597403,0.4311784861087773
rf,6722,COc1cc(CNCCS(C)(=O)=O)ccc1-c1cc2c(N[C@H](CO)c3ccccc3)ncnc2[nH]1,9.397939682006836,8.751428669969242,1.5402993272892005,0.7215189873417721,0.6465110120375943
rf,6724,COc1cc(CO)ccc1-c1cc2c(N[C@H](CO)c3ccccc3)ncnc2[nH]1,9.698969841003418,8.941637978219985,1.2331932002146673,0.7540983606557377,0.7573318627834329
rf,7097,COc1cc(NC(C)=O)ccc1-c1cc2c(N[C@H](CO)c3ccccc3)ncnc2[nH]1,9.09691047668457,8.417202734875682,1.3639406066976898,0.696969696969697,0.6797077418088886
rf,7100,COc1cc(NS(C)(=O)=O)ccc1-c1cc2c(N[C@H](C)c3ccccc3)ncnc2[nH]1,9.154901504516602,8.117301569268816,1.3683494096701514,0.5396825396825397,1.0375999352477852
rf,7101,COc1cc(NS(C)(=O)=O)ccc1-c1cc2c(N[C@H](CO)c3ccccc3)ncnc2[nH]1,9.522878646850586,8.405003785657884,1.408526130708247,0.696969696969697,1.1178748611927016
rf,8563,COc1ccc(-c2cc3c(N(C)Cc4ccccc4)ncnc3[nH]2)cc1,7.136677265167236,6.55396393192155,0.8763460080090564,0.6140350877192983,0.5827133332456862
rf,8571,COc1ccc(-c2cc3c(N[C@H](C)c4ccccc4)ncnc3[nH]2)cc1,8.327901840209961,7.454962326352938,1.1837075155525014,0.74,0.8729395138570233
rf,9078,COc1cccc(OC)c1-c1cc2c(N[C@H](C)c3ccccc3)ncnc2[nH]1,9.221848487854004,7.737186677413896,1.2190318800280173,0.6415094339622641,1.484661810440108
rf,9127,COc1ccccc1-c1cc2c(N[C@H](CO)c3ccccc3)ncnc2[nH]1,9.247425079345703,8.636783604729747,1.1731371266993906,0.8214285714285714,0.6106414746159565
rf,9362,CS(=O)(=O)Nc1ccc(-c2cc3c(N[C@H](CO)c4ccccc4)ncnc3[nH]2)cc1,9.301030158996582,7.6102714794476825,1.092295378532005,0.6290322580645161,1.6907586795488996
rf,9371,CS(=O)(=O)c1ccc(-c2cc3c(N[C@H](CO)c4ccccc4)ncnc3[nH]2)cc1,9.09691047668457,7.617630563322703,1.0938500018882655,0.65,1.479279913361867
rf,9440,C[C@@H](Nc1ncnc2[nH]c(-c3ccc(Br)cc3)cc12)c1ccc(F)cc1,7.537601947784424,7.028273695858321,0.9423292591920904,0.6111111111111112,0.5093282519261031
rf,9441,C[C@@H](Nc1ncnc2[nH]c(-c3ccc(Br)cc3)cc12)c1ccccc1,7.200659275054932,7.322552755584035,0.9460328624650693,0.7708333333333334,0.12189348052910365
rf,9442,C[C@@H](Nc1ncnc2[nH]c(-c3ccc(C#N)cc3)cc12)c1ccc(F)cc1,7.853871822357178,7.075033829599336,1.146593343734884,0.5789473684210527,0.7788379927578415
rf,9443,C[C@@H](Nc1ncnc2[nH]c(-c3ccc(C#N)cc3)cc12)c1ccccc1,7.92081880569458,7.686168414089794,1.0172395344157923,0.7254901960784313,0.23465039160478618
rf,9444,C[C@@H](Nc1ncnc2[nH]c(-c3ccc(C(=O)NCCNCCC(=O)NO)cc3)cc12)c1ccccc1,7.0,6.947680644366856,0.661533920683897,0.7,0.05231935563314405
rf,9445,C[C@@H](Nc1ncnc2[nH]c(-c3ccc(C(=O)NCCNCCCCCC(=O)NO)cc3)cc12)c1ccccc1,7.0,6.904093408757165,0.7035621379134519,0.6621621621621622,0.0959065912428354
rf,9446,C[C@@H](Nc1ncnc2[nH]c(-c3ccc(C(=O)NCCNCCCCCCC(=O)NO)cc3)cc12)c1ccccc1,7.0,6.904093408757165,0.7035621379134519,0.6621621621621622,0.0959065912428354
rf,9447,C[C@@H](Nc1ncnc2[nH]c(-c3ccc(C(=O)NO)cc3)cc12)c1ccc(F)cc1,7.0,6.745591121687208,0.7089422201236806,0.7142857142857143,0.254408878312792
rf,9448,C[C@@H](Nc1ncnc2[nH]c(-c3ccc(C(=O)NO)cc3)cc12)c1ccccc1,7.0,7.0229001144863314,0.6048377897483147,0.8596491228070176,0.022900114486331447
rf,9449,C[C@@H](Nc1ncnc2[nH]c(-c3ccc(C(=O)O)cc3)cc12)c1ccccc1,8.95860767364502,7.332866971363341,0.8936142043082086,0.7254901960784313,1.6257407022816786
rf,9450,C[C@@H](Nc1ncnc2[nH]c(-c3ccc(C(N)=O)cc3)cc12)c1ccccc1,9.09691047668457,7.332121174206053,0.8966554033960259,0.7115384615384616,1.7647893024785173
rf,9457,C[C@@H](Nc1ncnc2[nH]c(-c3ccc(CNCC(=O)NO)cc3)cc12)c1ccccc1,6.0,6.822884361489615,0.6509721256980185,0.7936507936507936,0.8228843614896153
rf,9458,C[C@@H](Nc1ncnc2[nH]c(-c3ccc(CNCCC(=O)NO)cc3)cc12)c1ccccc1,7.0,6.820472798093161,0.7076351705633867,0.7692307692307693,0.17952720190683902
rf,9459,C[C@@H](Nc1ncnc2[nH]c(-c3ccc(CNCCCCCC(=O)NO)cc3)cc12)c1ccccc1,7.0,6.782877038542431,0.7316286860653031,0.7246376811594203,0.21712296145756937
rf,9460,C[C@@H](Nc1ncnc2[nH]c(-c3ccc(CNCCCCCCC(=O)NO)cc3)cc12)c1ccccc1,7.0,6.782877038542431,0.7316286860653031,0.7246376811594203,0.21712296145756937
rf,9461,C[C@@H](Nc1ncnc2[nH]c(-c3ccc(CNCCCCCCCC(=O)NO)cc3)cc12)c1ccccc1,7.0,6.782877038542431,0.7316286860653031,0.7246376811594203,0.21712296145756937
rf,9464,C[C@@H](Nc1ncnc2[nH]c(-c3ccc(CO)cc3)cc12)c1ccccc1,9.522878646850586,7.671556966670355,0.9613992841472252,0.7254901960784313,1.8513216801802308
rf,9465,C[C@@H](Nc1ncnc2[nH]c(-c3ccc(F)cc3)cc12)c1ccc(F)cc1,7.568636417388916,7.173949993298168,1.0266236710724774,0.673469387755102,0.3946864240907484
rf,9466,C[C@@H](Nc1ncnc2[nH]c(-c3ccc(F)cc3)cc12)c1ccccc1,8.180456161499023,7.659664665609315,1.0177504180790502,0.7708333333333334,0.5207914958897089
rf,9467,C[C@@H](Nc1ncnc2[nH]c(-c3ccc(NC(=O)CCC(=O)NO)cc3)cc12)c1ccccc1,7.0,7.005544597480411,0.7042248627810116,0.6857142857142857,0.005544597480411362
rf,9468,C[C@@H](Nc1ncnc2[nH]c(-c3ccc(NC(=O)CCCC(=O)NO)cc3)cc12)c1ccccc1,7.0,6.959212520771936,0.7595404920966342,0.6944444444444444,0.04078747922806425
rf,9469,C[C@@H](Nc1ncnc2[nH]c(-c3ccc(NC(=O)CCCCC(=O)NO)cc3)cc12)c1ccccc1,7.0,6.975414395981744,0.7437672367079365,0.7083333333333334,0.024585604018255935
rf,9470,C[C@@H](Nc1ncnc2[nH]c(-c3ccc(NC(=O)CCCCCCC(=O)NO)cc3)cc12)c1ccccc1,7.0,6.941956947976068,0.7482365048253632,0.7123287671232876,0.05804305202393234
rf,9471,C[C@@H](Nc1ncnc2[nH]c(-c3ccc(NC(=O)CCNCC(=O)NO)cc3)cc12)c1ccccc1,7.0,6.942328281257267,0.7994168675614256,0.631578947368421,0.057671718742732914
rf,9472,C[C@@H](Nc1ncnc2[nH]c(-c3ccc(NCCCCCC(=O)NO)cc3)cc12)c1ccccc1,7.0,6.972588116977328,0.696465208906307,0.6933333333333334,0.027411883022671724
rf,9473,C[C@@H](Nc1ncnc2[nH]c(-c3ccc(NCCCCCCC(=O)NO)cc3)cc12)c1ccccc1,7.0,6.972588116977328,0.696465208906307,0.6933333333333334,0.027411883022671724
rf,9476,C[C@@H](Nc1ncnc2[nH]c(-c3ccc(NS(C)(=O)=O)cc3)cc12)c1ccccc1,9.522878646850586,7.330022904099738,0.9579342650172662,0.6851851851851852,2.192855742750848
rf,9477,C[C@@H](Nc1ncnc2[nH]c(-c3ccc(OCC(=O)NO)cc3)cc12)c1ccccc1,7.0,6.879730980012531,0.7656871271438064,0.6666666666666666,0.12026901998746897
rf,9478,C[C@@H](Nc1ncnc2[nH]c(-c3ccc(OCCCC(=O)NO)cc3)cc12)c1ccccc1,7.0,6.822486761822018,0.8467936502240848,0.6944444444444444,0.1775132381779816
rf,9479,C[C@@H](Nc1ncnc2[nH]c(-c3ccc(OCCCCC(=O)NO)cc3)cc12)c1ccccc1,7.0,6.7614458154973525,0.8348438372417065,0.6986301369863014,0.23855418450264754
rf,9480,C[C@@H](Nc1ncnc2[nH]c(-c3ccc(OCCCCCC(=O)NO)cc3)cc12)c1ccccc1,7.0,6.740399409705116,0.8343901861853024,0.7027027027027027,0.2596005902948839
rf,9481,C[C@@H](Nc1ncnc2[nH]c(-c3ccc(OCCCCCCC(=O)NO)cc3)cc12)c1ccc(F)cc1,7.0,6.675356390283222,0.8609723877587,0.6,0.3246436097167784
rf,9482,C[C@@H](Nc1ncnc2[nH]c(-c3ccc(OCCCCCCC(=O)NO)cc3)cc12)c1ccccc1,7.0,6.740399409705116,0.8343901861853024,0.7027027027027027,0.2596005902948839
rf,9483,C[C@@H](Nc1ncnc2[nH]c(-c3ccc(OCCNCCCCCCC(=O)NO)cc3)cc12)c1ccccc1,7.0,6.745338659061704,0.9064432222715941,0.65,0.25466134093829584
rf,9484,C[C@@H](Nc1ncnc2[nH]c(-c3ccc(S(C)(=O)=O)cc3)cc12)c1ccccc1,9.397939682006836,7.316923319289798,0.9635983403705224,0.7115384615384616,2.0810163627170377
rf,9485,C[C@@H](Nc1ncnc2[nH]c(-c3ccc(S(N)(=O)=O)cc3)cc12)c1ccccc1,9.154901504516602,7.354422333508447,0.9693280436138714,0.7115384615384616,1.8004791710081545
rf,9486,C[C@@H](Nc1ncnc2[nH]c(-c3cccc(C(N)=O)c3)cc12)c1ccccc1,8.853872299194336,7.365604926218306,0.998000045158902,0.6545454545454545,1.48826737297603
rf,9487,C[C@@H](Nc1ncnc2[nH]c(-c3ccccc3)cc12)c1ccc(F)cc1,7.481485843658447,7.471006729020392,1.1284701404680342,0.7346938775510204,0.01047911463805562
rf,9488,C[C@@H](Nc1ncnc2[nH]c(-c3ccccc3OC(F)(F)F)cc12)c1ccccc1,8.366531372070312,8.14236478687695,1.3176588337272082,0.5964912280701754,0.22416658519336252
rf,9489,C[C@@H](Nc1ncnc2[nH]c(-c3ccccc3OC(F)F)cc12)c1ccccc1,9.09691047668457,8.160544752659115,1.30166475703654,0.6071428571428571,0.936365724025455
rf,9585,C[C@H](c1ccc(C(C)(C)C)cc1)N(C)c1ncnc2[nH]c(-c3ccc(CO)cc3)cc12,6.301030158996582,6.660947497622171,1.1925397678215086,0.5555555555555556,0.35991733862558917
rf,9587,C[C@H](c1ccccc1)N(C)c1ncnc2[nH]c(-c3ccc(CO)cc3)cc12,7.6575775146484375,7.110248876333236,1.1766502886095687,0.6166666666666667,0.5473286383152018
rf,10004,Cc1ccc(CN(C)c2ncnc3[nH]c(-c4ccc(CO)cc4)cc23)cc1,7.301030158996582,6.5963074438095095,0.470914886801092,0.82,0.7047227151870725
rf,10051,Cc1ccc(O)c(CN(C)c2ncnc3[nH]c(-c4ccc(CO)cc4)cc23)c1,6.301030158996582,6.54658329633077,0.6152317070043037,0.6842105263157895,0.2455531373341877
rf,10141,Cc1cccc(CN(C)c2ncnc3[nH]c(-c4ccc(C(=O)O)cc4)cc23)c1,7.275723934173584,6.517889195791881,0.7413491293009601,0.6721311475409836,0.7578347383817032
rf,10142,Cc1cccc(CN(C)c2ncnc3[nH]c(-c4ccc(C(F)F)cc4)cc23)c1,6.0,6.67729950111707,1.1485410909585143,0.6833333333333333,0.6772995011170702
rf,10143,Cc1cccc(CN(C)c2ncnc3[nH]c(-c4ccc(CCC(=O)O)cc4)cc23)c1,7.522878646850586,6.77376227016449,0.9079673231840591,0.640625,0.7491163766860955
rf,10144,Cc1cccc(CN(C)c2ncnc3[nH]c(-c4ccc(CO)cc4)cc23)c1,6.902132987976074,6.526556167693365,0.611054223707682,0.7368421052631579,0.375576820282709
rf,10146,Cc1cccc(CN(C)c2ncnc3[nH]c(-c4ccc(F)cc4)cc23)c1,6.0,6.329971174003964,0.7288851779350015,0.7192982456140351,0.3299711740039637
rf,10147,Cc1cccc(CN(C)c2ncnc3[nH]c(-c4ccc(O)cc4)cc23)c1,6.127843856811523,6.378460766992115,0.665053271610067,0.7192982456140351,0.2506169101805913
rf,10148,Cc1cccc(CN(C)c2ncnc3[nH]c(-c4ccc(S(N)(=O)=O)cc4)cc23)c1,7.0087738037109375,6.335321823319935,0.700625181225861,0.6721311475409836,0.6734519803910022
rf,10149,Cc1cccc(CN(C)c2ncnc3[nH]c(-c4cccc(C(=O)O)c4)cc23)c1,6.896196365356445,6.539200788879394,0.9909416823910754,0.6885245901639344,0.3569955764770514
rf,10150,Cc1cccc(CN(C)c2ncnc3[nH]c(-c4ccccc4)cc23)c1,6.0,6.480207483334769,0.7933240976983867,0.7924528301886793,0.4802074833347687
rf,10232,Cc1ccccc1CN(C)c1ncnc2[nH]c(-c3ccc(CO)cc3)cc12,8.130767822265625,6.656488926374345,0.47445525527354876,0.7321428571428571,1.4742788958912802
rf,10844,Cn1c(-c2ccccc2)cc2c(N[C@H](CO)c3ccccc3)ncnc21,6.045757293701172,7.184499086809157,1.1907505659143034,0.5636363636363636,1.138741793107985
rf,11619,NC(=O)Cc1cccc(-c2cc3c(N[C@H](CO)c4ccccc4)ncnc3[nH]2)c1,9.154901504516602,7.438950773223242,1.1789554569098817,0.6557377049180327,1.7159507312933595
rf,12323,O=C(CCCCCCOc1ccc(-c2cc3c(NCc4ccccc4)ncnc3[nH]2)cc1)NO,7.0,6.573678628317516,0.8800848499856232,0.7,0.42632137168248363
rf,12500,O=C(NO)c1ccc(-c2cc3c(NCc4ccccc4)ncnc3[nH]2)cc1,7.0,6.550667065175375,0.7359267102968661,0.6984126984126984,0.4493329348246249
rf,13232,OCC[C@@H](Nc1ncnc2[nH]c(-c3ccccc3)cc12)c1ccccc1,9.301030158996582,7.887092891661327,1.068026096157045,0.6851851851851852,1.413937267335255
rf,13241,OC[C@@H](Nc1ncnc2[nH]c(-c3ccccc3)cc12)c1ccccc1,9.247425079345703,7.954728779141108,1.028421764766651,0.8163265306122449,1.2926963002045948
rf,13262,OCc1cc(-c2cc3c(N[C@H](CO)c4ccccc4)ncnc3[nH]2)ccc1F,8.795880317687988,7.930585519218445,1.0393069757435216,0.6610169491525424,0.8652947984695434
rf,13263,OCc1ccc(-c2cc3c(NCc4ccccc4)ncnc3[nH]2)cc1,9.0,6.772589093315034,0.7776020635883489,0.6153846153846154,2.227410906684966
rf,13265,OCc1ccc(-c2cc3c(N[C@H](CO)c4ccccc4)ncnc3[nH]2)cc1,9.698969841003418,7.898896954679489,1.0463838456022045,0.7090909090909091,1.800072886323929
rf,13266,OCc1ccc(-c2cc3c(N[C@H](CO)c4ccccc4)ncnc3[nH]2)cc1F,9.221848487854004,7.927045942687988,1.0398938721811934,0.65,1.2948025451660161
rf,13376,[2H]C([2H])([2H])N(Cc1ccccc1)c1ncnc2[nH]c(-c3ccc(CO)cc3)cc12,7.7695512771606445,6.604642130926677,0.8538246902378046,0.7090909090909091,1.1649091462339678
rf,13377,[2H]C([2H])([2H])Oc1ccccc1-c1cc2c(N[C@H](CO)c3ccccc3)ncnc2[nH]1,9.397939682006836,8.281965649585498,1.4004863936447893,0.7333333333333333,1.115974032421338
rf,2984,CC(=O)c1cc(N[C@H](C2=CN(C3(C(F)F)CC3)NN2)c2ccc(F)nc2C)cc2c(NCC(C)(C)C)c(C#N)cnc12,8.397939682006836,8.367437150955201,0.4329867153726251,0.8043478260869565,0.030502531051634918
rf,3043,CC(C)(C)CNc1c(C#N)cnc2c(C#N)cc(N[C@H](C3=CN(C4(C(F)(F)F)CC4)NN3)c3ccc(C#N)nc3)cc12,7.2924299240112305,8.200593621253967,0.3435816747155243,0.7764705882352941,0.9081636972427365
rf,3103,CC(C)(C)CNc1c(C#N)cnc2c(Cl)cc(NC(C3=CN(C4CC4)NN3)c3ccc(F)nc3F)cc12,8.261439323425293,8.523427839279174,0.254871187228666,0.788235294117647,0.26198851585388105
rf,3105,CC(C)(C)CNc1c(C#N)cnc2c(Cl)cc(N[C@@H](C3=CN(C4(C(F)F)CC4)NN3)c3ccc(F)nc3)cc12,8.154901504516602,8.13053659749031,0.38700875403051255,0.7840909090909091,0.024364907026290794
rf,3106,CC(C)(C)CNc1c(C#N)cnc2c(Cl)cc(N[C@@H](C3=CN(C4(C(F)F)CC4)NN3)c3cccnc3Cl)cc12,8.301030158996582,8.311476058959961,0.22819044835452582,0.813953488372093,0.01044589996337919
rf,3107,CC(C)(C)CNc1c(C#N)cnc2c(Cl)cc(N[C@@H](C3=CN(C4(C(F)F)CC4)NN3)c3cccnc3F)cc12,8.301030158996582,8.305752297401428,0.23914565260077064,0.8045977011494253,0.004722138404845921
rf,3108,CC(C)(C)CNc1c(C#N)cnc2c(Cl)cc(N[C@@H](C3=CN(C4CC4)NN3)c3cccnc3F)cc12,8.17827320098877,8.41868203830719,0.2856920457693324,0.8395061728395061,0.24040883731842122
rf,3121,CC(C)(C)CNc1c(C#N)cnc2c(Cl)cc(N[C@H](C3=CN(C4(C(F)(F)F)CC4)NN3)c3ccc(Cl)nc3)cc12,7.455932140350342,7.634919017269498,0.5133446600492845,0.8117647058823529,0.17898687691915605
rf,3157,CC(C)(C)CNc1c(C#N)cnc2c(Cl)cc(N[C@H](C3=CN(C4(C(F)F)CC4)NN3)c3cccnc3)cc12,8.09691047668457,8.107402180194855,0.37387555448899407,0.813953488372093,0.010491703510284722
rf,3176,CC(C)(C)CNc1c(C#N)cnc2c(Cl)cc(N[C@H](C3=CN(C4CC4)NN3)c3ccc(F)nc3Cl)cc12,8.301030158996582,8.522806716918945,0.2873375518324362,0.788235294117647,0.22177655792236273
rf,3743,CC1=C([C@@H](Nc2cc(Cl)c3ncc(C#N)c(NCC(C)(C)C)c3c2)c2ccc(F)nc2C)NNN1C1CC1,8.522878646850586,8.279228322410585,0.5693543896155604,0.8795180722891566,0.2436503244400008
rf,3976,CCC1(N2C=C([C@@H](Nc3cc(Cl)c4ncc(C#N)c(NCC(C)(C)C)c4c3)c3ccc(F)nc3C)NN2)CC1,8.522878646850586,8.488981488227845,0.15252421122199264,0.8470588235294118,0.03389715862274123
rf,5142,CCc1nc(F)ccc1[C@H](Nc1cc(C#N)c2ncc(C#N)c(NCC(C)(C)C)c2c1)C1=CN(C2(C(F)(F)F)CC2)NN1,8.301030158996582,8.258729799270629,0.3016111335755409,0.7752808988764045,0.04230035972595303
rf,5143,CCc1nc(F)ccc1[C@H](Nc1cc(C#N)c2ncc(C#N)c(NCC(C)(C)C)c2c1)C1=CN(C2(C(F)F)CC2)NN1,8.522878646850586,8.629855183601379,0.18287166892830536,0.7415730337078652,0.10697653675079266
rf,5144,CCc1nc(F)ccc1[C@H](Nc1cc(Cl)c2ncc(C#N)c(NCC(C)(C)C)c2c1)C1=CN(C2(C(F)(F)F)CC2)NN1,8.09691047668457,7.908639046669006,0.2367913595908326,0.782608695652174,0.1882714300155639
rf,5145,CCc1nc(F)ccc1[C@H](Nc1cc(Cl)c2ncc(C#N)c(NCC(C)(C)C)c2c1)C1=CN(C2(C(F)F)CC2)NN1,8.301030158996582,8.32117125749588,0.2983986474889644,0.75,0.020141098499298238
rf,5146,CCc1ncccc1[C@H](Nc1cc(C#N)c2ncc(C#N)c(NCC(C)(C)C)c2c1)C1=CN(C2(C(F)(F)F)CC2)NN1,8.522878646850586,8.41893339252472,0.24702188392311392,0.7790697674418605,0.10394525432586654
rf,5147,CCc1ncccc1[C@H](Nc1cc(C#N)c2ncc(C#N)c(NCC(C)(C)C)c2c1)C1=CN(C2(C(F)F)CC2)NN1,8.698969841003418,8.6454312915802,0.14434476228298218,0.7701149425287356,0.053538549423217674
rf,5148,CCc1ncccc1[C@H](Nc1cc(Cl)c2ncc(C#N)c(NCC(C)(C)C)c2c1)C1=CN(C2(C(F)(F)F)CC2)NN1,8.301030158996582,7.845417272567749,0.2383631886387988,0.7954545454545454,0.4556128864288329
rf,5149,CCc1ncccc1[C@H](Nc1cc(Cl)c2ncc(C#N)c(NCC(C)(C)C)c2c1)C1=CN(C2(C(F)F)CC2)NN1,8.522878646850586,8.313306625366211,0.23000004039807798,0.7865168539325843,0.20957202148437482
rf,5554,CN(C)c1ccc([C@@H](Nc2cc(Cl)c3ncc(C#N)c(NCC(C)(C)C)c3c2)C2=CN(C3CC3)NN2)cn1,7.886056423187256,8.458329353046418,0.31570175486047525,0.6976744186046512,0.572272929859162
rf,6187,COC1=C([C@@H](Nc2cc(C#N)c3ncc(C#N)c(NCC(C)(C)C)c3c2)c2ccc(F)nc2C)NNN1C1(C(F)F)CC1,8.522878646850586,8.51953994846344,0.2806237327550564,0.8181818181818182,0.0033386983871466214
rf,6189,COC1=C([C@@H](Nc2cc(C#N)c3ncc(C#N)c(NCC(C)(C)C)c3c2)c2ccc(F)nc2C)NNN1C1CC1,8.698969841003418,8.489832934379578,0.2794312305181038,0.8235294117647058,0.20913690662384
rf,6191,COC1=C([C@@H](Nc2cc(Cl)c3ncc(C#N)c(NCC(C)(C)C)c3c2)c2ccc(F)nc2C)NNN1C1(C(F)F)CC1,8.397939682006836,8.357162537574768,0.3587685434143585,0.8241758241758241,0.04077714443206837
rf,6193,COC1=C([C@@H](Nc2cc(Cl)c3ncc(C#N)c(NCC(C)(C)C)c3c2)c2ccc(F)nc2C)NNN1C1CC1,8.698969841003418,8.421942315101624,0.328989061734697,0.8295454545454546,0.2770275259017936
rf,6194,COC1=C([C@@H](Nc2cc(Cl)c3ncc(C#N)c(NCC(C)(C)C)c3c2)c2ccc(OC)nc2C)NNN1C1(C(F)F)CC1,7.823908805847168,8.346335680961609,0.36304595598747913,0.7446808510638298,0.5224268751144407
rf,7102,COc1cc(N[C@@H](C2=CN(C3CC3)NN2)c2ccc(F)nc2)cc2c(NCC(C)(C)C)c(C#N)cnc12,7.615311145782471,8.340531536801656,0.40111318770701215,0.7674418604651163,0.7252203910191852
rf,7103,COc1cc(N[C@H](C2=CN(C3(C#N)CC3)NN2)c2ccc(F)nc2C)cc2c(NCC(C)(C)C)c(C#N)cnc12,7.102373123168945,8.412296228408813,0.33150930786432864,0.8235294117647058,1.3099231052398679
rf,7104,COc1cc(N[C@H](C2=CN(C3(C(F)(F)F)CC3)NN2)c2ccc(F)nc2C)cc2c(NCC(C)(C)C)c(C#N)cnc12,6.679853916168213,7.898800809860229,0.24299426793365994,0.7802197802197802,1.2189468936920163
rf,8693,COc1ccc(C(Nc2cc(Cl)c3ncc(C#N)c(NCC(C)(C)C)c3c2)C2=CN(C3(C(F)(F)F)CC3)NN2)c(C)n1,8.045757293701172,7.87423122882843,0.23569925487326218,0.7777777777777778,0.1715260648727419
rf,8913,COc1ccc([C@H](Nc2cc(C#N)c3ncc(C#N)c(NCC(C)(C)C)c3c2)C2=CN(C3(C(F)(F)F)CC3)NN2)cn1,7.823908805847168,8.168499753952027,0.3845061066415904,0.7586206896551724,0.3445909481048588
rf,8914,COc1ccc([C@H](Nc2cc(Cl)c3ncc(C#N)c(NCC(C)(C)C)c3c2)C2=CN(C3(C(F)(F)F)CC3)NN2)cn1,7.552842140197754,7.658487552642822,0.3914826552517619,0.8470588235294118,0.10564541244506831
rf,8915,COc1ccc([C@H](Nc2cc(Cl)c3ncc(C#N)c(NCC(C)(C)C)c3c2)C2=CN(C3(C(F)F)CC3)NN2)c(C)n1,8.301030158996582,8.25802451658249,0.32090111066446514,0.7692307692307693,0.04300564241409255
rf,9285,COc1ncccc1[C@H](Nc1cc(C#N)c2ncc(C#N)c(NCC(C)(C)C)c2c1)C1=CN(C2(C(F)(F)F)CC2)NN1,8.0,8.399587222099305,0.28902362983922825,0.7701149425287356,0.39958722209930464
rf,9286,COc1ncccc1[C@H](Nc1cc(Cl)c2ncc(C#N)c(NCC(C)(C)C)c2c1)C1=CN(C2(C(F)(F)F)CC2)NN1,7.638272285461426,7.7701694803237915,0.30109665958883214,0.7865168539325843,0.13189719486236573
rf,10087,Cc1ccc([C@H](Nc2cc(C#N)c3ncc(C#N)c(NCC(C)(C)C)c3c2)C2=CN(C3(C(F)(F)F)CC3)NN2)c(C)n1,8.045757293701172,8.237686637878419,0.2577316936801576,0.7931034482758621,0.19192934417724672
rf,10088,Cc1ccc([C@H](Nc2cc(C#N)c3ncc(C#N)c(NCC(C)(C)C)c3c2)C2=CN(C3(C(F)(F)F)CC3)NN2)c(F)n1,7.677780628204346,8.25183667755127,0.28543613260647155,0.7674418604651163,0.5740560493469236
rf,10089,Cc1ccc([C@H](Nc2cc(C#N)c3ncc(C#N)c(NCC(C)(C)C)c3c2)C2=CN(C3(C(F)(F)F)CC3)NN2)cn1,7.6575775146484375,8.177944550514221,0.3242495035943496,0.7764705882352941,0.5203670358657835
rf,10090,Cc1ccc([C@H](Nc2cc(C#N)c3ncc(C#N)c(NCC(C)(C)C)c3c2)C2=CN(C3(C(F)F)CC3)NN2)c(C)n1,8.397939682006836,8.609223692893982,0.2052676980254992,0.7613636363636364,0.21128401088714632
rf,10091,Cc1ccc([C@H](Nc2cc(Cl)c3ncc(C#N)c(NCC(C)(C)C)c3c2)C2=CN(C3(C(F)(F)F)CC3)NN2)c(C)n1,7.823908805847168,7.89165604019165,0.20389070869375725,0.8,0.06774723434448227
rf,10092,Cc1ccc([C@H](Nc2cc(Cl)c3ncc(C#N)c(NCC(C)(C)C)c3c2)C2=CN(C3(C(F)(F)F)CC3)NN2)c(F)n1,7.522878646850586,7.906115410804748,0.22673003004918538,0.7752808988764045,0.3832367639541623
rf,10093,Cc1ccc([C@H](Nc2cc(Cl)c3ncc(C#N)c(NCC(C)(C)C)c3c2)C2=CN(C3(C(F)(F)F)CC3)NN2)cn1,7.4685211181640625,7.688814846038818,0.37312915917305517,0.8045977011494253,0.22029372787475587
rf,10094,Cc1ccc([C@H](Nc2cc(Cl)c3ncc(C#N)c(NCC(C)(C)C)c3c2)C2=CN(C3(C(F)F)CC3)NN2)c(C)n1,8.09691047668457,8.264888231754304,0.3248592662256767,0.7865168539325843,0.16797775506973345
rf,10290,Cc1nc(C#N)ccc1[C@H](Nc1cc(C#N)c2ncc(C#N)c(NCC(C)(C)C)c2c1)C1=CN(C2(C(F)(F)F)CC2)NN1,7.79587984085083,8.235961694717407,0.2611435701906988,0.7840909090909091,0.4400818538665767
rf,10298,Cc1nc(Cl)ccc1[C@H](Nc1cc(Cl)c2ncc(C#N)c(NCC(C)(C)C)c2c1)C1=CN(C2(C(F)(F)F)CC2)NN1,7.823908805847168,7.892478650093079,0.2042574788083062,0.8,0.06856984424591062
rf,10299,Cc1nc(Cl)ccc1[C@H](Nc1cc(Cl)c2ncc(C#N)c(NCC(C)(C)C)c2c1)C1=CN(C2(C(F)F)CC2)NN1,8.045757293701172,8.275529067993164,0.2991436486264461,0.7865168539325843,0.2297717742919918
rf,10305,Cc1nc(F)ccc1C(Nc1cc(C#CC(C)(C)O)c2ncc(C#N)c(NCC(C)(C)C)c2c1)C1=CN(C2(C(F)(F)F)CC2)NN1,6.0,8.005122404384613,0.5854689302344604,0.8021978021978022,2.005122404384613
rf,10307,Cc1nc(F)ccc1C(Nc1cc(Cl)c2ncc(C#N)c(NCC(C)(C)C)c2c1)C1=CN(C2(C(F)F)CC2)NN1,6.573488712310791,8.296881125926971,0.2987240661961386,0.8372093023255814,1.72339241361618
rf,10310,Cc1nc(F)ccc1[C@@H](Nc1cc(Cl)c2ncc(C#N)c(NCC(C)(C)C)c2c1)C1=CN(C2(C(F)F)CC2)NN1,8.522878646850586,8.296881125926971,0.2987240661961386,0.8372093023255814,0.22599752092361491
rf,10312,Cc1nc(F)ccc1[C@H](Nc1cc(C#CC(C)(C)S(C)(=O)=O)c2ncc(C#N)c(NCC(C)(C)C)c2c1)C1=CN(C2(C(F)(F)F)CC2)NN1,6.0,7.976368127155304,0.5591421897461956,0.7684210526315789,1.976368127155304
rf,10315,Cc1nc(F)ccc1[C@H](Nc1cc(C#N)c2ncc(C#N)c(NCC(C)(C)C#N)c2c1)C1=CN(C2(C(F)(F)F)CC2)NN1,7.481485843658447,8.172863459777831,0.24758980045222584,0.8604651162790697,0.6913776161193841
rf,10316,Cc1nc(F)ccc1[C@H](Nc1cc(C#N)c2ncc(C#N)c(NCC(C)(C)C(F)(F)F)c2c1)C1=C(F)N(C2(C)CC2)NN1,8.698969841003418,8.236416913032532,0.21064598334079288,0.8372093023255814,0.46255292797088643
rf,10319,Cc1nc(F)ccc1[C@H](Nc1cc(C#N)c2ncc(C#N)c(NCC(C)(C)C(F)(F)F)c2c1)C1=C(F)N(C2CC2)NN1,8.698969841003418,8.214803377151489,0.19806632190792076,0.7954545454545454,0.4841664638519294
rf,10322,Cc1nc(F)ccc1[C@H](Nc1cc(C#N)c2ncc(C#N)c(NCC(C)(C)C(F)(F)F)c2c1)C1=CN(C2(C(F)(F)F)CC2)NN1,8.397939682006836,8.179228955459594,0.24375244056626097,0.8604651162790697,0.21871072654724166
rf,10323,Cc1nc(F)ccc1[C@H](Nc1cc(C#N)c2ncc(C#N)c(NCC(C)(C)C(F)(F)F)c2c1)C1=CN(C2(C(F)F)CC2)NN1,8.698969841003418,8.530944321632385,0.20904895882840888,0.8390804597701149,0.16802551937103338
rf,10324,Cc1nc(F)ccc1[C@H](Nc1cc(C#N)c2ncc(C#N)c(NCC(C)(C)C(F)(F)F)c2c1)C1=CN(C2(C)CC2)NN1,8.698969841003418,8.677241731643678,0.21799029115291202,0.8588235294117647,0.021728109359740344
rf,10328,Cc1nc(F)ccc1[C@H](Nc1cc(C#N)c2ncc(C#N)c(NCC(C)(C)C)c2c1)C1=C(Cl)N(C2CC2)NN1,8.522878646850586,8.449059537887573,0.2498667697356156,0.8433734939759037,0.07381910896301314
rf,10332,Cc1nc(F)ccc1[C@H](Nc1cc(C#N)c2ncc(C#N)c(NCC(C)(C)C)c2c1)C1=C(F)N(C2CC2)NN1,8.698969841003418,8.31928681755066,0.20938029721115675,0.8641975308641975,0.37968302345275795
rf,10341,Cc1nc(F)ccc1[C@H](Nc1cc(C#N)c2ncc(C#N)c(NCC(C)(C)C)c2c1)C1=CN(C2(C#N)CC2)NN1,8.698969841003418,8.630907892227173,0.15381469263294903,0.948051948051948,0.06806194877624527
rf,10343,Cc1nc(F)ccc1[C@H](Nc1cc(C#N)c2ncc(C#N)c(NCC(C)(C)C)c2c1)C1=CN(C2(C(=O)N(C)C)CC2)NN1,8.301030158996582,8.810231040954589,0.21645759127126704,0.8222222222222222,0.509200881958007
rf,10344,Cc1nc(F)ccc1[C@H](Nc1cc(C#N)c2ncc(C#N)c(NCC(C)(C)C)c2c1)C1=CN(C2(C(C)(C)C)CC2)NN1,8.522878646850586,8.523951922416687,0.2979354214156236,0.8414634146341463,0.0010732755661013726
rf,10345,Cc1nc(F)ccc1[C@H](Nc1cc(C#N)c2ncc(C#N)c(NCC(C)(C)C)c2c1)C1=CN(C2(C(C)C)CC2)NN1,8.522878646850586,8.656207990646362,0.18133928330154944,0.8313253012048193,0.13332934379577566
rf,10346,Cc1nc(F)ccc1[C@H](Nc1cc(C#N)c2ncc(C#N)c(NCC(C)(C)C)c2c1)C1=CN(C2(C(F)(F)F)CC2)NN1,8.522878646850586,8.198468408584596,0.24551077681233463,0.891566265060241,0.32441023826599036
rf,10348,Cc1nc(F)ccc1[C@H](Nc1cc(C#N)c2ncc(C#N)c(NCC(C)(C)C)c2c1)C1=CN(C2(C(F)F)CC2)NN1,8.698969841003418,8.623688797950745,0.21338910978332237,0.8488372093023255,0.07528104305267291
rf,10349,Cc1nc(F)ccc1[C@H](Nc1cc(C#N)c2ncc(C#N)c(NCC(C)(C)C)c2c1)C1=CN(C2(C(N)=O)CC2)NN1,9.0,8.934341882705688,0.15864879632128312,0.9518072289156626,0.06565811729431204
rf,10351,Cc1nc(F)ccc1[C@H](Nc1cc(C#N)c2ncc(C#N)c(NCC(C)(C)C)c2c1)C1=CN(C2(C)CC2)NN1,8.698969841003418,8.746736276626587,0.170250811573467,0.8875,0.047766435623168846
rf,10354,Cc1nc(F)ccc1[C@H](Nc1cc(C#N)c2ncc(C#N)c(NCC(C)(C)C)c2c1)C1=CN(C2(CF)CC2)NN1,8.698969841003418,8.669371417045593,0.1514473685803467,0.8313253012048193,0.029598423957825304
rf,10355,Cc1nc(F)ccc1[C@H](Nc1cc(C#N)c2ncc(C#N)c(NCC(C)(C)C)c2c1)C1=CN(C2(CO)CC2)NN1,8.698969841003418,8.672517580032348,0.16251885655305442,0.8214285714285714,0.026452260971069563
rf,10357,Cc1nc(F)ccc1[C@H](Nc1cc(C#N)c2ncc(C#N)c(NCC(C)(C)C)c2c1)C1=CN(C2CC2)NN1,8.698969841003418,8.602567501163483,0.2809813237507326,0.8292682926829268,0.09640233983993518
rf,10366,Cc1nc(F)ccc1[C@H](Nc1cc(C#N)c2ncc(C#N)c(NCC(C)(C)C)c2c1)C1=CN([C@@H]2CC2C(F)F)NN1,8.301030158996582,8.61794110584259,0.272120102026249,0.7906976744186046,0.31691094684600785
rf,10367,Cc1nc(F)ccc1[C@H](Nc1cc(C#N)c2ncc(C#N)c(NCC(C)(C)C)c2c1)C1=CN([C@@H]2C[C@@H]2F)NN1,9.0,8.624739177703857,0.27158378291954394,0.8095238095238095,0.3752608222961431
rf,10368,Cc1nc(F)ccc1[C@H](Nc1cc(C#N)c2ncc(C#N)c(NCC(C)(C)CCl)c2c1)C1=CN(C2(C(F)(F)F)CC2)NN1,8.522878646850586,8.178911331367493,0.2447211443671554,0.8409090909090909,0.3439673154830931
rf,10376,Cc1nc(F)ccc1[C@H](Nc1cc(C#N)c2ncc(C#N)c(N[C@H](C)C(C)(C)C)c2c1)C1=CN(C2(C(F)(F)F)CC2)NN1,8.397939682006836,7.562330349000295,0.38302249343246175,0.7840909090909091,0.8356093330065413
rf,10383,Cc1nc(F)ccc1[C@H](Nc1cc(Cl)c2ncc(C#N)c(NCC(C)(C)C#N)c2c1)C1=CN(C2(C(F)(F)F)CC2)NN1,7.552842140197754,7.893433497428894,0.24244411617123843,0.8651685393258427,0.34059135723114053
rf,10384,Cc1nc(F)ccc1[C@H](Nc1cc(Cl)c2ncc(C#N)c(NCC(C)(C)C(F)(F)F)c2c1)C1=C(F)N(C2(C(F)F)CC2)NN1,8.301030158996582,8.23102670288086,0.22647913977958944,0.8241758241758241,0.07000345611572278
rf,10385,Cc1nc(F)ccc1[C@H](Nc1cc(Cl)c2ncc(C#N)c(NCC(C)(C)C(F)(F)F)c2c1)C1=C(F)N(C2(C)CC2)NN1,8.522878646850586,8.279817565917968,0.21889902700310104,0.8426966292134831,0.2430610809326179
rf,10388,Cc1nc(F)ccc1[C@H](Nc1cc(Cl)c2ncc(C#N)c(NCC(C)(C)C(F)(F)F)c2c1)C1=C(F)N(C2CC2)NN1,8.698969841003418,8.299228410402932,0.2067758540009184,0.8021978021978022,0.3997414306004856
rf,10391,Cc1nc(F)ccc1[C@H](Nc1cc(Cl)c2ncc(C#N)c(NCC(C)(C)C(F)(F)F)c2c1)C1=CN(C2(C(F)(F)F)CC2)NN1,8.221848487854004,7.924886630058289,0.21144214655614804,0.8651685393258427,0.29696185779571493
rf,10392,Cc1nc(F)ccc1[C@H](Nc1cc(Cl)c2ncc(C#N)c(NCC(C)(C)C(F)(F)F)c2c1)C1=CN(C2(C(F)F)CC2)NN1,8.522878646850586,8.29313330221176,0.2967382135398674,0.8444444444444444,0.22974534463882534
rf,10393,Cc1nc(F)ccc1[C@H](Nc1cc(Cl)c2ncc(C#N)c(NCC(C)(C)C(F)(F)F)c2c1)C1=CN(C2(C)CC2)NN1,8.698969841003418,8.557876142501831,0.17602423848537077,0.8636363636363636,0.14109369850158693
rf,10396,Cc1nc(F)ccc1[C@H](Nc1cc(Cl)c2ncc(C#N)c(NCC(C)(C)C)c2c1)C1=C(C#N)N(C2(C(F)F)CC2)NN1,7.958607196807861,8.288662264823914,0.27923624513891854,0.7582417582417582,0.330055068016053
rf,10397,Cc1nc(F)ccc1[C@H](Nc1cc(Cl)c2ncc(C#N)c(NCC(C)(C)C)c2c1)C1=C(C#N)N(C2CC2)NN1,8.397939682006836,8.369718124389648,0.2428044937002683,0.8588235294117647,0.028221557617188253
rf,10399,Cc1nc(F)ccc1[C@H](Nc1cc(Cl)c2ncc(C#N)c(NCC(C)(C)C)c2c1)C1=C(Cl)N(C2CC2)NN1,8.221848487854004,8.36776032447815,0.2407536450200143,0.8690476190476191,0.14591183662414586
rf,10401,Cc1nc(F)ccc1[C@H](Nc1cc(Cl)c2ncc(C#N)c(NCC(C)(C)C)c2c1)C1=C(F)N(C2(C(F)F)CC2)NN1,8.154901504516602,8.22572479915619,0.2432462520300791,0.8160919540229885,0.07082329463958814
rf,10402,Cc1nc(F)ccc1[C@H](Nc1cc(Cl)c2ncc(C#N)c(NCC(C)(C)C)c2c1)C1=C(F)N(C2(C)CC2)NN1,8.522878646850586,8.273832419395447,0.2419077606058989,0.8352941176470589,0.24904622745513905
rf,10405,Cc1nc(F)ccc1[C@H](Nc1cc(Cl)c2ncc(C#N)c(NCC(C)(C)C)c2c1)C1=C(F)N(C2CC2)NN1,8.522878646850586,8.301329968452453,0.2205718912633608,0.8690476190476191,0.22154867839813264
rf,10407,Cc1nc(F)ccc1[C@H](Nc1cc(Cl)c2ncc(C#N)c(NCC(C)(C)C)c2c1)C1=C(I)N(C2(C(F)F)CC2)NN1,7.782715320587158,8.19465624809265,0.3227045843847807,0.75,0.4119409275054924
rf,10408,Cc1nc(F)ccc1[C@H](Nc1cc(Cl)c2ncc(C#N)c(NCC(C)(C)C)c2c1)C1=C(I)N(C2CC2)NN1,8.301030158996582,8.365157031059265,0.2450825537652487,0.8488372093023255,0.0641268720626833
rf,10418,Cc1nc(F)ccc1[C@H](Nc1cc(Cl)c2ncc(C#N)c(NCC(C)(C)C)c2c1)C1=CN(C2(C#N)CC2)NN1,8.522878646850586,8.442152488708496,0.16482900662842165,0.95,0.08072615814208994
rf,10420,Cc1nc(F)ccc1[C@H](Nc1cc(Cl)c2ncc(C#N)c(NCC(C)(C)C)c2c1)C1=CN(C2(C(=O)N(C)C)CC2)NN1,8.522878646850586,8.464625940322875,0.31909369539656846,0.8297872340425532,0.05825270652771053
rf,10424,Cc1nc(F)ccc1[C@H](Nc1cc(Cl)c2ncc(C#N)c(NCC(C)(C)C)c2c1)C1=CN(C2(C(=O)O)CC2)NN1,8.522878646850586,8.370555416107178,0.38347543601457373,0.8977272727272727,0.15232323074340748
rf,10425,Cc1nc(F)ccc1[C@H](Nc1cc(Cl)c2ncc(C#N)c(NCC(C)(C)C)c2c1)C1=CN(C2(C(C)(C)C)CC2)NN1,8.221848487854004,8.253454935073853,0.3394987913042276,0.8470588235294118,0.03160644721984873
rf,10426,Cc1nc(F)ccc1[C@H](Nc1cc(Cl)c2ncc(C#N)c(NCC(C)(C)C)c2c1)C1=CN(C2(C(C)C)CC2)NN1,8.301030158996582,8.398360301017762,0.2722930026012671,0.8372093023255814,0.09733014202118007
rf,10427,Cc1nc(F)ccc1[C@H](Nc1cc(Cl)c2ncc(C#N)c(NCC(C)(C)C)c2c1)C1=CN(C2(C(F)(F)F)CC2)NN1,8.221848487854004,7.916090245246887,0.20363337195057585,0.8953488372093024,0.3057582426071166
rf,10429,Cc1nc(F)ccc1[C@H](Nc1cc(Cl)c2ncc(C#N)c(NCC(C)(C)C)c2c1)C1=CN(C2(C(F)F)CC2)NN1,8.522878646850586,8.296881125926971,0.2987240661961386,0.8372093023255814,0.22599752092361491
rf,10430,Cc1nc(F)ccc1[C@H](Nc1cc(Cl)c2ncc(C#N)c(NCC(C)(C)C)c2c1)C1=CN(C2(C(N)=O)CC2)NN1,8.698969841003418,8.76449109363556,0.3171118957614656,0.9534883720930233,0.06552125263214137
rf,10432,Cc1nc(F)ccc1[C@H](Nc1cc(Cl)c2ncc(C#N)c(NCC(C)(C)C)c2c1)C1=CN(C2(C)CC2)NN1,8.698969841003418,8.56075555896759,0.17020122609676008,0.891566265060241,0.1382142820358272
rf,10435,Cc1nc(F)ccc1[C@H](Nc1cc(Cl)c2ncc(C#N)c(NCC(C)(C)C)c2c1)C1=CN(C2(CC(F)(F)F)CC2)NN1,8.301030158996582,8.48282235813141,0.1804038485778621,0.8181818181818182,0.18179219913482747
rf,10436,Cc1nc(F)ccc1[C@H](Nc1cc(Cl)c2ncc(C#N)c(NCC(C)(C)C)c2c1)C1=CN(C2(CF)CC2)NN1,8.522878646850586,8.509095602989197,0.15695633915273152,0.8372093023255814,0.013783043861389288
rf,10437,Cc1nc(F)ccc1[C@H](Nc1cc(Cl)c2ncc(C#N)c(NCC(C)(C)C)c2c1)C1=CN(C2(CO)CC2)NN1,8.522878646850586,8.478977083206177,0.13328125422354492,0.9058823529411765,0.043901563644409336
rf,10441,Cc1nc(F)ccc1[C@H](Nc1cc(Cl)c2ncc(C#N)c(NCC(C)(C)C)c2c1)C1=CN(C2CC2)NN1,8.698969841003418,8.537428466478984,0.22517191165631117,0.8888888888888888,0.1615413745244343
rf,10451,Cc1nc(F)ccc1[C@H](Nc1cc(Cl)c2ncc(C#N)c(NCC(C)(C)C)c2c1)C1=CN([C@@H]2CC2C(F)F)NN1,8.301030158996582,8.472451683044433,0.29501441017878705,0.8160919540229885,0.17142152404785094
rf,10452,Cc1nc(F)ccc1[C@H](Nc1cc(Cl)c2ncc(C#N)c(NCC(C)(C)C)c2c1)C1=CN([C@@H]2C[C@@H]2F)NN1,8.698969841003418,8.488037114143372,0.29535708496803215,0.8352941176470589,0.2109327268600456
rf,10453,Cc1nc(F)ccc1[C@H](Nc1cc(Cl)c2ncc(C#N)c(NCC(C)(C)C)c2c1Br)C1=C(F)N(C2(C(F)F)CC2)NN1,5.9097418785095215,5.750614141446068,1.3337621879376518,0.6262626262626263,0.15912773706345362
rf,10454,Cc1nc(F)ccc1[C@H](Nc1cc(Cl)c2ncc(C#N)c(NCC(C)(C)C)c2c1F)C1=CN(C2(C(F)F)CC2)NN1,5.015742778778076,5.879843221805209,1.3348902355481276,0.6979166666666666,0.8641004430271328
rf,10455,Cc1nc(F)ccc1[C@H](Nc1cc(Cl)c2ncc(C#N)c(NCC(C)(C)CC#N)c2c1)C1=CN(C2(C(F)F)CC2)NN1,8.0,8.285076503867197,0.3022678999091357,0.7849462365591398,0.28507650386719696
rf,10456,Cc1nc(F)ccc1[C@H](Nc1cc(Cl)c2ncc(C#N)c(NCC(C)(C)CCl)c2c1)C1=CN(C2(C(F)(F)F)CC2)NN1,8.522878646850586,7.920969921112061,0.2029790615203735,0.8555555555555555,0.6019087257385252
rf,10457,Cc1nc(F)ccc1[C@H](Nc1cc(Cl)c2ncc(C#N)c(NCC(C)(C)CO)c2c1)C1=CN(C2(C(F)(F)F)CC2)NN1,7.698969841003418,7.923923696517944,0.20220530639681772,0.8461538461538461,0.22495385551452607
rf,10458,Cc1nc(F)ccc1[C@H](Nc1cc(Cl)c2ncc(C#N)c(NCC(C)(C)CO)c2c1)C1=CN(C2(C(F)F)CC2)NN1,7.886056423187256,8.283384380817413,0.2968912551559226,0.7849462365591398,0.39732795763015716
rf,10459,Cc1nc(F)ccc1[C@H](Nc1cc(Cl)c2ncc(C#N)c(NCC(C)(C)S(C)(=O)=O)c2c1)C1=CN(C2(C(F)(F)F)CC2)NN1,7.3665313720703125,7.790123699188232,0.3176512144473735,0.8369565217391305,0.4235923271179196
rf,10472,Cc1nc(F)ccc1[C@H](Nc1cc(Cl)c2ncc(C#N)c(N[C@H](C)C(C)(C)C)c2c1)C1=CN(C2(C(F)(F)F)CC2)NN1,7.853871822357178,7.444854433218638,0.3292949061667912,0.8089887640449438,0.4090173891385396
rf,10477,Cc1nc(F)ccc1[C@H](Nc1cc(F)c2ncc(C#N)c(NCC(C)(C)C)c2c1)C1=CN(C2(C#N)CC2)NN1,8.522878646850586,8.46473785018921,0.290718704304842,0.8641975308641975,0.058140796661376726
rf,10478,Cc1nc(F)ccc1[C@H](Nc1cc(F)c2ncc(C#N)c(NCC(C)(C)C)c2c1)C1=CN(C2(C(F)(F)F)CC2)NN1,8.045757293701172,7.764057476997375,0.28309927867710194,0.8160919540229885,0.28169981670379673
rf,10479,Cc1nc(F)ccc1[C@H](Nc1cc(F)c2ncc(C#N)c(NCC(C)(C)C)c2c1)C1=CN(C2(C(F)F)CC2)NN1,8.397939682006836,8.321817970752717,0.3846306671982309,0.8390804597701149,0.07612171125411926
rf,10480,Cc1nc(F)ccc1[C@H](Nc1cc(F)c2ncc(C#N)c(NCC(C)(C)C)c2c1)C1=CN(C2(C(N)=O)CC2)NN1,8.522878646850586,8.787863641738891,0.34707645885715316,0.9523809523809523,0.2649849948883052
rf,10482,Cc1nc(F)ccc1[C@H](Nc1cc(F)c2ncc(C#N)c(NCC(C)(C)C)c2c1)C1=CN(C2(C)CC2)NN1,8.522878646850586,8.553289812088012,0.30501619441749156,0.8095238095238095,0.030411165237426374
rf,10559,Cc1ncccc1[C@@H](Nc1cc(Cl)c2ncc(C#N)c(NCC(C)(C)C)c2c1)C1=CN(C2(C(F)F)CC2)NN1,8.698969841003418,8.28959075641632,0.24812719517125123,0.8045977011494253,0.4093790845870977
rf,318,C/C(=C\c1ccc(O)c(O)c1)[N+](=O)[O-],5.036314964294434,5.125291262865066,0.5318486870472214,0.44680851063829785,0.08897629857063283
rf,403,C=C(CN(C)C)C(=O)c1ccccc1.Cl,5.251811981201172,5.765196984291077,0.8757693673089765,0.6666666666666666,0.5133850030899048
rf,2847,CC(=C(C#N)C#N)c1ccc(N)cc1,2.903090000152588,5.252837357680003,1.0061274870504038,0.22916666666666666,2.3497473575274155
rf,2848,CC(=C(C#N)C#N)c1ccc(NC(=O)CCC(=O)O)cc1,3.301029920578003,5.193773309548695,1.0020342097586994,0.35185185185185186,1.8927433889706924
rf,2938,CC(=O)Nc1ccc(C=C(C#N)C#N)cc1,3.48811674118042,3.426722152709961,0.5243287896698199,0.45714285714285713,0.06139458847045898
rf,2978,CC(=O)Oc1ccccc1C(=O)O,5.0,5.237118686199188,0.6902505748317276,0.36,0.23711868619918786
rf,3253,CC(C)(C)NC(=O)/C=C/c1ccccc1,4.525055885314941,4.96601060962677,0.447936831122185,0.5757575757575758,0.4409547243118288
rf,3256,CC(C)(C)NC(=O)c1ccc(N(CCCl)CCCl)cc1,4.502655506134033,5.125343486785889,0.6882657795859085,0.6097560975609756,0.6226879806518557
rf,3281,CC(C)(C)Oc1cc(/C=C(\C#N)C(=N)S)cc(C(C)(C)C)c1O,3.299999952316284,5.266703175624213,0.6739919257862752,0.3333333333333333,1.9667032233079285
rf,3284,CC(C)(C)c1cc(/C=C(\C#N)C(N)=O)cc(C(C)(C)C)c1O,4.301030158996582,5.481153329674402,0.7313784138284941,0.5454545454545454,1.1801231706778204
rf,3286,CC(C)(C)c1cc(C=C(C#N)C#N)cc(C(C)(C)C)c1O,3.3372421264648438,3.73830783700943,0.7601785393873607,0.4473684210526316,0.4010657105445863
rf,3393,CC(C)Cc1ccc(C(C)C(=O)O)cc1,5.0,4.9834263809522,0.47822668758750664,0.42105263157894735,0.01657361904779986
rf,3507,CC(C)c1cc(/C=C(\C#N)C(N)=O)cc(C(C)C)c1O,6.0,5.513137061516444,0.6957511459365053,0.5454545454545454,0.4868629384835561
rf,4044,CCCCCCCCCCCCNC(=O)/C=C/c1ccccc1,4.4149909019470215,4.853284097196186,0.46900017292807106,0.48717948717948717,0.4382931952491642
rf,4046,CCCCCCCCCCCCNC(=O)c1ccc(N(CCCl)CCCl)cc1,4.301030158996582,4.7911399538040165,0.6959758503297735,0.5652173913043478,0.49010979480743444
rf,4055,CCCCCCCCNC(C)C(O)c1ccc(SC(C)C)cc1,6.099960803985596,4.522663507257567,0.8594421411449654,0.23076923076923078,1.5772972967280285
rf,4057,CCCCCCCCc1ccc(O)cc1,4.789976119995117,5.34234670202732,0.7755780154941052,0.3333333333333333,0.5523705820322027
rf,4072,CCCCN(CCCC)C(=O)c1ccc(N(CCCl)CCCl)cc1,4.506124019622803,5.048904224395752,0.9954504458794038,0.5714285714285714,0.5427802047729493
rf,4090,CCCCNC(=O)c1ccc(N(CCCl)CCCl)cc1,4.64187479019165,4.741835581064224,0.6705517818194809,0.5909090909090909,0.09996079087257392
rf,4116,CCCCc1cc(/C=C(\C#N)C(N)=O)cc(CCCC)c1O,4.259637355804443,5.274667579706511,0.796696049331236,0.5957446808510638,1.0150302239020679
rf,4122,CCCN(CCC)C(=O)c1ccc(N(CCCl)CCCl)cc1,4.525346755981445,5.241952721118927,0.9913216007558264,0.6,0.7166059651374814
rf,5068,CC[C@H](C)[C@@H](CO[C@@H](Cc1ccccc1)C(=O)N[C@@H](CCS(C)(=O)=O)C(=O)OC(C)C)NC[C@@H](N)CS,5.4926838874816895,6.035809231281281,1.2858653180994926,0.23404255319148937,0.5431253437995913
rf,6398,COCCc1ccc(O)cc1,4.301030158996582,5.425023033618927,0.7297400767545967,0.34146341463414637,1.1239928746223447
rf,6550,COc1cc(/C(C)=C(\C#N)C(=O)O)ccc1O,2.9586071968078613,5.42564420580864,0.9018901573896229,0.375,2.4670370090007783
rf,6554,COc1cc(/C=C(\C#N)C(=O)O)cc(OC)c1O,3.5783960819244385,5.084525893688202,1.0884009499844072,0.5510204081632653,1.5061298117637634
rf,6555,COc1cc(/C=C(\C#N)C(=O)O)ccc1O,3.48811674118042,4.943870201518801,0.7936839773751411,0.5306122448979592,1.4557534603383813
rf,6557,COc1cc(/C=C(\C#N)C(N)=C(C#N)C#N)cc(O)c1O,5.960409164428711,5.155657585382461,0.8258181192710203,0.5555555555555556,0.8047515790462496
rf,6559,COc1cc(/C=C(\C#N)C(N)=O)cc(CSCCC(=O)O)c1O,4.102059841156006,5.4777910389105475,0.6297737905361325,0.7368421052631579,1.3757311977545417
rf,6560,COc1cc(/C=C(\C#N)C(N)=O)cc(CSCCCC(=O)O)c1O,4.318758964538574,5.502242521023749,0.6102039198935453,0.711864406779661,1.1834835564851751
rf,6576,COc1cc(/C=C(\C#N)C(N)=O)cc(SCCCC(=O)O)c1O,4.320000171661377,5.542601521992683,0.7938665879064493,0.5806451612903226,1.2226013503313062
rf,6587,COc1cc(/C=C/[N+](=O)[O-])ccc1O,5.0996413230896,5.434348396301269,0.6851324971096566,0.575,0.3347070732116695
rf,6633,COc1cc(C(C#N)=C(C#N)C#N)cc(O)c1O,5.221848964691162,5.180749822378159,0.5986830527266137,0.4318181818181818,0.041099142313003156
rf,6634,COc1cc(C(C#N)=C(C#N)C#N)cc(OC)c1O,3.045757532119751,5.24809966802597,0.8532485535015768,0.38636363636363635,2.2023421359062194
rf,6689,COc1cc(C=C(C#N)C#N)cc(Br)c1O,3.8153085708618164,4.3494114484786985,0.8695290602574713,0.5833333333333334,0.5341028776168821
rf,6690,COc1cc(C=C(C#N)C#N)cc(C)c1O,4.059999942779541,4.307407073815664,0.7911634085369674,0.5416666666666666,0.24740713103612322
rf,6692,COc1cc(C=C(C#N)C#N)cc(CSCC(=O)O)c1O,4.267606258392334,4.699016757456462,0.7095552360609496,0.6538461538461539,0.4314104990641283
rf,6695,COc1cc(C=C(C#N)C#N)cc(O)c1O,5.221848964691162,4.313313504219055,0.8105593079147451,0.6578947368421053,0.9085354604721072
rf,6696,COc1cc(C=C(C#N)C#N)cc(OC)c1,2.903090000152588,3.7542884516716004,0.7845766053415704,0.42424242424242425,0.8511984515190125
rf,6697,COc1cc(C=C(C#N)C#N)cc(OC)c1O,3.0705809593200684,4.3709578328132626,0.9348043642889998,0.5909090909090909,1.3003768734931942
rf,6698,COc1cc(C=C(C#N)C#N)cc(SCC(=O)O)c1O,4.269999980926514,4.473240433851878,0.8528510798085829,0.5689655172413793,0.20324045292536397
rf,6699,COc1cc(C=C(C#N)C#N)cc([N+](=O)[O-])c1O,3.795880079269409,4.266911312103272,0.7918099319157692,0.509090909090909,0.4710312328338624
rf,6700,COc1cc(C=C(C#N)C#N)ccc1O,3.698970079421997,3.982532433986664,0.8330462276295012,0.5909090909090909,0.28356235456466683
rf,8637,COc1ccc(/C=C(\C#N)C(=O)O)cc1,3.079355001449585,4.64381426525116,0.8818234785971275,0.46153846153846156,1.5644592638015746
rf,8698,COc1ccc(C(O)=C(C#N)C#N)cc1,3.346787452697754,4.906467827796936,0.6847610839357242,0.3,1.5596803750991821
rf,8750,COc1ccc(C=C(C#N)C#N)cc1,2.903090000152588,3.5861609816551208,0.6763771834318435,0.5161290322580645,0.6830709815025329
rf,8751,COc1ccc(C=C(C#N)C#N)cc1F,3.096909999847412,3.784597632408142,0.7787947898365419,0.42857142857142855,0.68768763256073
rf,8752,COc1ccc(C=C(C#N)C#N)cc1O,3.602060079574585,3.8687733125686647,0.8076455124440615,0.46,0.2667132329940798
rf,8846,COc1ccc(NN=C(C#N)C#N)cc1,3.221848726272583,4.917733006477356,0.7693386016363782,0.32608695652173914,1.6958842802047727
rf,9387,CSc1ccc(C=C(C#N)C#N)cc1,3.204119920730591,3.4539218707084656,0.5644782150602053,0.5161290322580645,0.24980194997787475
rf,9594,C[C@](N)(Cc1ccc(O)c(O)c1)C(=O)O,5.2816643714904785,5.109996855195363,0.8305097244257246,0.3125,0.17166751629511534
rf,9603,C[S+]([O-])c1ccc(C=C(C#N)C#N)cc1,2.744727611541748,3.451160138607025,0.6131278950041339,0.5,0.7064325270652771
rf,9780,Cc1cc(C=C(C#N)C#N)cc(O)c1O,4.548028469085693,3.748038918018341,0.7498870067306365,0.4186046511627907,0.7999895510673523
rf,11271,N#C/C(=C/c1cc(O)ccc1O)C(=O)O,4.12493896484375,4.799567460245557,0.8165084600052379,0.4222222222222222,0.6746284954018069
rf,11285,N#C/C(=C\c1cc(O)ccc1O)C(=O)O,4.698969841003418,4.799567460245557,0.8165084600052379,0.4222222222222222,0.10059761924213895
rf,11286,N#C/C(=C\c1cc(O)ccc1O)C(N)=O,5.0,5.333158492909538,0.8011617452780632,0.4666666666666667,0.33315849290953814
rf,11287,N#C/C(=C\c1ccc(C=O)cc1)C(=O)O,4.327902317047119,4.678713501612346,0.9415876370873858,0.42857142857142855,0.3508111845652264
rf,11288,N#C/C(=C\c1ccc(F)cc1)C(=O)O,3.079355001449585,4.773627668221792,0.966249987382722,0.5365853658536586,1.694272666772207
rf,11315,N#C/C(=C\c1ccc(O)c(O)c1)C(=O)O,4.562469482421875,4.943335548411476,0.7960331621734138,0.7027027027027027,0.3808660659896006
rf,11322,N#C/C(=C\c1ccc(O)c(O)c1)C(N)=O,5.0,5.496200177123812,0.6662496916945396,0.6756756756756757,0.4962001771238116
rf,11323,N#C/C(=C\c1ccc(O)c(O)c1)C(N)=S,5.619788646697998,5.144148637798098,0.45422638290809914,0.5897435897435898,0.47564000889989977
rf,11325,N#C/C(=C\c1ccc(O)cc1)C(=O)O,3.7407429218292236,5.056650141716004,0.9182285594619016,0.4666666666666667,1.31590721988678
rf,11326,N#C/C(=C\c1ccc(O)cc1)C(N)=O,3.096909999847412,5.551784907658895,0.7373760739668126,0.55,2.454874907811483
rf,11329,N#C/C(=C\c1ccc([N+](=O)[O-])cc1)C(=O)O,2.886056661605835,4.865986455758413,1.0033941094141015,0.5777777777777777,1.9799297941525777
rf,11332,N#C/C(=C\c1ccccc1)C(=O)O,3.0705809593200684,4.753177048365274,0.9545661547074434,0.48717948717948717,1.682596089045206
rf,11333,N#C/C=C/c1ccc(O)cc1,2.619788646697998,5.323158026536307,0.6771533556316279,0.3,2.7033693798383087
rf,11334,N#CC(C#N)=C(C#N)c1cc(O)c(O)c(O)c1,5.522878646850586,5.336412646770477,0.7086979914185959,0.3023255813953488,0.1864660000801086
rf,11335,N#CC(C#N)=C(C#N)c1cc(O)cc(O)c1,5.0,5.209716902573904,0.6175779162835964,0.24390243902439024,0.20971690257390385
rf,11336,N#CC(C#N)=C(C#N)c1ccc(C=O)cc1,3.221848726272583,4.935197234842512,0.700499926995912,0.32558139534883723,1.7133485085699292
rf,11337,N#CC(C#N)=C(C#N)c1ccc(O)c(O)c1,5.0,5.22819046330452,0.5062648685427887,0.4358974358974359,0.22819046330451975
rf,11338,N#CC(C#N)=C(C#N)c1ccc(O)cc1,3.221848726272583,5.231732854684195,0.6685466410170613,0.2682926829268293,2.0098841284116116
rf,11339,N#CC(C#N)=C(C#N)c1cccc(O)c1,3.397939920425415,5.017015264352163,0.5757270947154886,0.2826086956521739,1.619075343926748
rf,11340,N#CC(C#N)=C(N)/C(C#N)=C/c1cc(O)c(O)c(Br)c1,6.301030158996582,5.369274053812027,0.8444062420145196,0.5531914893617021,0.9317561051845553
rf,11341,N#CC(C#N)=C(N)/C(C#N)=C/c1cc(O)c(O)c(O)c1,6.096909999847412,5.340030327558518,0.9237500252883926,0.5,0.7568796722888944
rf,11342,N#CC(C#N)=C(N)/C(C#N)=C/c1ccc(O)c(O)c1,5.562469482421875,5.078092713541455,0.8222191026298529,0.5813953488372093,0.4843767688804199
rf,11343,N#CC(C#N)=C(N)/C(C#N)=C/c1ccc(O)c([N+](=O)[O-])c1,4.221848964691162,5.029801643080182,0.8545250012781425,0.49056603773584906,0.8079526783890199
rf,11344,N#CC(C#N)=C(N)/C(C#N)=C/c1ccc(O)cc1,6.951544761657715,5.191528126080832,0.9196185202358168,0.5476190476190477,1.760016635576883
rf,11346,N#CC(C#N)=C(O)c1cc(O)c(O)c(O)c1,4.93483304977417,5.32582807636261,0.7252031825615303,0.3023255813953488,0.3909950265884401
rf,11347,N#CC(C#N)=C(O)c1ccc(O)cc1,3.469650983810425,5.235741373062134,0.6835204164846364,0.2682926829268293,1.7660903892517092
rf,11356,N#CC(C#N)=CNc1ccc(O)cc1,3.4559319019317627,4.557658749421438,1.0708406283852072,0.3333333333333333,1.101726847489675
rf,11360,N#CC(C#N)=Cc1cc(O)c(O)c(O)c1,5.522878646850586,3.729687519073486,0.8256657528553852,0.47368421052631576,1.7931911277770998
rf,11361,N#CC(C#N)=Cc1cc(O)cc(O)c1,4.431798458099365,3.6788688263893126,0.7852616205734596,0.4827586206896552,0.7529296317100527
rf,11362,N#CC(C#N)=Cc1cc(O)ccc1[N+](=O)[O-],4.017728805541992,3.4877549138069153,0.5939880906409197,0.5581395348837209,0.5299738917350769
rf,11366,N#CC(C#N)=Cc1ccc(/C=C/C(=O)O)cc1,3.346787452697754,3.360632966518402,0.4403224278787303,0.48484848484848486,0.013845513820648137
rf,11367,N#CC(C#N)=Cc1ccc(C#N)cc1,2.853872060775757,3.3447100319862364,0.4103424295559225,0.5714285714285714,0.49083797121047956
rf,11368,N#CC(C#N)=Cc1ccc(C(=O)O)cc1,3.3665316104888916,3.3489050493240358,0.4708434940565859,0.5161290322580645,0.017626561164855836
rf,11369,N#CC(C#N)=Cc1ccc(C=O)cc1,4.221848964691162,3.3567168083190917,0.3998413841889489,0.5714285714285714,0.8651321563720704
rf,11370,N#CC(C#N)=Cc1ccc(F)cc1,2.903090000152588,3.3430513348579405,0.4018893504059418,0.5714285714285714,0.4399613347053526
rf,11372,N#CC(C#N)=Cc1ccc(NC(=O)CCC(=O)O)cc1,3.193819999694824,3.3848784856796263,0.49057095852246113,0.4,0.19105848598480213
rf,11373,N#CC(C#N)=Cc1ccc(O)c(O)c1,4.455932140350342,3.4699850640296934,0.5816328888750781,0.6060606060606061,0.9859470763206484
rf,11374,N#CC(C#N)=Cc1ccc(O)c([N+](=O)[O-])c1,3.903090000152588,3.4750215215682982,0.5794625164045792,0.46938775510204084,0.42806847858428965
rf,11375,N#CC(C#N)=Cc1ccc(O)cc1,3.251811981201172,3.4890513887405397,0.667074166385287,0.5925925925925926,0.23723940753936779
rf,11377,N#CC(C#N)=Cc1ccc([N+](=O)[O-])c(O)c1,3.346787452697754,3.479156893730164,0.605248167933621,0.46938775510204084,0.13236944103240988
rf,11382,N#CC(C#N)=Cc1cccc(O)c1,3.425968647003174,3.5188559617996216,0.6981564352867907,0.5,0.09288731479644774
rf,11387,N#CC(C#N)=NNc1ccc(O)cc1,3.647817373275757,5.189798299153646,0.7120003727014327,0.2894736842105263,1.5419809258778896
rf,11388,N#CC(C#N)Cc1ccc(O)cc1,2.187086582183838,5.321215377092361,0.7491148590491388,0.2916666666666667,3.1341287949085235
rf,11389,N#CC(Cc1ccc(O)c(O)c1)C(=N)S,4.15490198135376,5.228244295740128,0.6779172450651103,0.3,1.0733423143863678
rf,11427,N#CCNC(=O)/C(C#N)=C/c1ccc(O)cc1,3.204119920730591,4.962324109776814,0.7625174248250236,0.5869565217391305,1.7582041890462232
rf,11792,N[C@@H](Cc1ccc(O)c(O)c1)C(=O)O,4.293182373046875,5.200106043958663,0.7034188719007203,0.32608695652173914,0.9069236709117883
rf,12320,O=C(CCCCCCC(=O)Nc1ccccc1)NO,6.983288288116455,4.9884579306068515,0.497723399006998,0.675,1.9948303575096036
rf,12719,O=C(O)/C=C/c1cc(CO)ccc1CO,6.107905387878418,5.097281157255174,0.6690159553686348,0.23404255319148937,1.010624230623244
rf,12720,O=C(O)/C=C/c1ccc(O)c(O)c1,2.96040940284729,5.133709244012834,0.407702161512894,0.5714285714285714,2.1732998411655435
rf,12721,O=C(O)/C=C/c1ccc(O)cc1,2.522878646850586,5.293624032338461,0.6217061025890612,0.40540540540540543,2.770745385487875
rf,12722,O=C(O)C(=Cc1ccc(O)cc1)C(=O)O,2.823908805847168,5.21407659037908,0.6962096414306181,0.3,2.3901677845319123
rf,13079,O=CN/C=C/c1cc(O)ccc1O,5.522878646850586,4.876914776802063,0.47211233363553556,0.36363636363636365,0.6459638700485231
rf,13080,O=CN/C=C/c1ccc(O)c(O)c1,5.15490198135376,5.0228944579495325,0.46089503184486313,0.4358974358974359,0.13200752340422728
rf,13114,O=[N+]([O-])/C=C/c1ccc(O)c(O)c1,5.050637245178223,5.4626690184275315,0.7801864020193674,0.4375,0.41203177324930884
rf,13115,O=[N+]([O-])/C=C/c1ccc(O)cc1,4.997839450836182,5.589681269963583,0.783008148567564,0.4523809523809524,0.5918418191274011
rf,13332,Oc1cccc(O)c1O,5.910094738006592,5.148962393919627,0.5662464620521466,0.3,0.7611323440869651
rf,13338,Oc1ccccc1O,4.584309101104736,5.080887515703838,0.4329048824813485,0.27586206896551724,0.49657841459910124
rf,136,C#CCN1CCOC(COc2cc3ncnc(Nc4ccc(Cl)c(Cl)c4)c3cc2OC)C1,7.301030158996582,7.295799722735087,0.5553896204441872,0.7837837837837838,0.005230436261495441
rf,2754,C=CCCCCCCN1CCOC(COc2cc3ncnc(Nc4ccc(Cl)c(Cl)c4)c3cc2OC)C1,7.301030158996582,7.4758909007821766,0.8159797392619688,0.7654320987654321,0.17486074178559452
rf,2755,C=CCCCCN1CCOC(COc2cc3ncnc(Nc4ccc(Cl)c(Cl)c4)c3cc2OC)C1,7.301030158996582,7.406940695201784,0.7505566554648746,0.775,0.10591053620520174
rf,2757,C=CCCCN1CCOC(COc2cc3ncnc(Nc4ccc(Cl)c(Cl)c4)c3cc2OC)C1,7.301030158996582,7.408123711025148,0.693697289252349,0.7848101265822784,0.10709355202856585
rf,2763,C=CCN1CCOC(COc2cc3ncnc(Nc4ccc(Cl)c(Cl)c4)c3cc2OC)C1,7.301030158996582,7.369251122788021,0.6374982704927161,0.8082191780821918,0.06822096379143883
rf,2846,CC#CCN1CCOC(COc2cc3ncnc(Nc4ccc(Cl)c(Cl)c4)c3cc2OC)C1,7.301030158996582,7.145299364550909,0.77647600831512,0.7837837837837838,0.15573079444567295
rf,3482,CC(C)Oc1cc2c(Nc3ccc(Cl)c(Cl)c3)ncnc2cc1OCC1CN(C)CCO1,7.301030158996582,7.242185769224166,0.7481583503811434,0.7605633802816901,0.058844389772415795
rf,3483,CC(C)Oc1cc2c(Nc3ccc(Cl)c(Cl)c3)ncnc2cc1OCC1CNCCO1,7.301030158996582,7.002601128005981,0.7860885477493965,0.7571428571428571,0.2984290309906008
rf,3761,CCC#CCN1CCOC(COc2cc3ncnc(Nc4ccc(Cl)c(Cl)c4)c3cc2OC)C1,7.301030158996582,7.1799125358104705,0.7498066109386908,0.7631578947368421,0.12111762318611152
rf,3762,CCC(=O)CN1CCOC(COc2cc3ncnc(Nc4ccc(Cl)c(Cl)c4)c3cc2OC)C1,7.301030158996582,7.219423817634582,0.45477537066447415,0.7662337662337663,0.08160634136199985
rf,3788,CCC(=O)N1CCOC(COc2cc3ncnc(Nc4ccc(Cl)c(Cl)c4)c3cc2OC)C1,7.301030158996582,7.3405047931671135,0.24757502313373916,0.8289473684210527,0.03947463417053143
rf,3957,CCC(CC)CN1CCOC(COc2cc3ncnc(Nc4ccc(Cl)c(Cl)c4)c3cc2OC)C1,7.301030158996582,7.3585060036420815,0.3827709741408006,0.9154929577464789,0.057475844645499485
rf,3975,CCC1(C)CN(C)CC(COc2cc3ncnc(Nc4ccc(Cl)c(Cl)c4)c3cc2OC)O1,7.301030158996582,7.391196150016785,0.6331539121137646,0.72,0.09016599102020262
rf,4007,CCCC(C)C(=O)N1CCOC(COc2cc3ncnc(Nc4ccc(Cl)c(Cl)c4)c3cc2OC)C1,7.301030158996582,7.193131098508835,0.5434960996243682,0.8125,0.107899060487747
rf,4008,CCCC(CCC)C(=O)N1CCOC(COc2cc3ncnc(Nc4ccc(Cl)c(Cl)c4)c3cc2OC)C1,7.301030158996582,7.309187673568726,0.3926678078381699,0.8227848101265823,0.008157514572143754
rf,4022,CCCCC(CC)C(=O)N1CCOC(COc2cc3ncnc(Nc4ccc(Cl)c(Cl)c4)c3cc2OC)C1,7.301030158996582,7.312210046958923,0.40776034991806515,0.8148148148148148,0.011179887962341262
rf,4025,CCCCCC(=O)N1CCOC(COc2cc3ncnc(Nc4ccc(Cl)c(Cl)c4)c3cc2OC)C1,7.301030158996582,7.386336170387268,0.3800912593390609,0.8125,0.08530601139068583
rf,4053,CCCCCCCCN1CCOC(COc2cc3ncnc(Nc4ccc(Cl)c(Cl)c4)c3cc2OC)C1,7.301030158996582,7.569587140146891,0.6349033669165877,0.8157894736842105,0.2685569811503088
rf,4058,CCCCCCCN1CCOC(COc2cc3ncnc(Nc4ccc(Cl)c(Cl)c4)c3cc2OC)C1,7.301030158996582,7.569587140146891,0.6349033669165877,0.8157894736842105,0.2685569811503088
rf,4061,CCCCCCN1CCOC(COc2cc3ncnc(Nc4ccc(Cl)c(Cl)c4)c3cc2OC)C1,7.301030158996582,7.569587140146891,0.6349033669165877,0.8157894736842105,0.2685569811503088
rf,4066,CCCCCN1CCOC(COc2cc3ncnc(Nc4ccc(Cl)c(Cl)c4)c3cc2OC)C1,7.301030158996582,7.491741380055746,0.5326027214646232,0.8266666666666667,0.19071122105916416
rf,4086,CCCCN1CCOC(COc2cc3ncnc(Nc4ccc(Cl)c(Cl)c4)c3cc2OC)C1,7.301030158996582,7.47395669301351,0.49061923494169896,0.8378378378378378,0.17292653401692792
rf,4114,CCCCS(=O)(=O)N1CCOC(COc2cc3ncnc(Nc4ccc(Cl)c(Cl)c4)c3cc2OC)C1,7.301030158996582,7.365016482543945,0.3639958941767127,0.7974683544303798,0.063986323547363
rf,4146,CCCN1CCOC(COc2cc3ncnc(Nc4ccc(Cl)c(Cl)c4)c3cc2OC)C1,7.301030158996582,7.308262294769287,0.09192932955772203,0.9104477611940298,0.007232135772705206
rf,4294,CCN/C(=N\C#N)N1CCOC(COc2cc3ncnc(Nc4ccc(Cl)c(Cl)c4)c3cc2OC)C1,7.301030158996582,7.288462171845209,0.46421795345117867,0.8048780487804879,0.012567987151372861
rf,4392,CCN1CCOC(COc2cc3ncnc(Nc4ccc(Cl)c(Cl)c4)c3cc2OC)C1,7.301030158996582,7.301030158996582,0.0,0.9090909090909091,0.0
rf,4451,CCOC(=O)C(C)N1CCOC(COc2cc3ncnc(Nc4ccc(Cl)c(Cl)c4)c3cc2OC)C1,7.301030158996582,7.145708892059326,0.6719298219251788,0.7435897435897436,0.15532126693725612
rf,4667,CCOc1cc2c(Nc3ccc(Cl)c(Cl)c3)ncnc2cc1OCC1CN(C)CCO1,7.301030158996582,7.390811825736363,0.509994246967506,0.7941176470588235,0.08978166673978105
rf,4668,CCOc1cc2c(Nc3ccc(Cl)c(Cl)c3)ncnc2cc1OCC1CNCCO1,7.301030158996582,7.136627256679534,0.636003032803701,0.7910447761194029,0.16440290231704768
rf,4962,CCS(=O)(=O)N1CCOC(COc2cc3ncnc(Nc4ccc(Cl)c(Cl)c4)c3cc2OC)C1,7.301030158996582,7.484031380971271,0.515566974281312,0.8513513513513513,0.18300122197468927
rf,5013,CC[C@@H](C)CN1CCOC(COc2cc3ncnc(Nc4ccc(Cl)c(Cl)c4)c3cc2OC)C1,7.301030158996582,7.283719415068626,0.2514256865817668,0.8026315789473685,0.01731074392795584
rf,5642,CN/C(=N\C#N)N1CCOC(COc2cc3ncnc(Nc4ccc(Cl)c(C)c4)c3cc2OC)C1,7.301030158996582,7.054062209765117,0.9004439331567612,0.7590361445783133,0.2469679492314647
rf,5885,CN1CCOC(COc2cc3ncnc(Nc4ccc(Cl)c(Cl)c4)c3cc2O)C1,7.301030158996582,7.14737092444102,0.6013134440647343,0.7428571428571429,0.15365923455556185
rf,6061,COC(=O)CCC(=O)N1CCOC(COc2cc3ncnc(Nc4ccc(Cl)c(Cl)c4)c3cc2OC)C1,7.301030158996582,7.316829279263814,0.513870383003843,0.8227848101265823,0.01579912026723207
rf,6069,COC(=O)CCCCN1CCOC(COc2cc3ncnc(Nc4ccc(Cl)c(Cl)c4)c3cc2OC)C1,7.301030158996582,7.475710948444549,0.6213481476796946,0.782051282051282,0.17468078944796694
rf,6073,COC(=O)CCN1CCOC(COc2cc3ncnc(Nc4ccc(Cl)c(Cl)c4)c3cc2OC)C1,7.301030158996582,7.44589260705312,0.6094735904197923,0.8133333333333334,0.14486244805653836
rf,6266,COCCN/C(=N\C#N)N1CCOC(COc2cc3ncnc(Nc4ccc(Cl)c(Cl)c4)c3cc2OC)C1,7.301030158996582,7.369460379282634,0.571611646400409,0.7764705882352941,0.06843022028605183
rf,6278,COCCN1CCOC(COc2cc3ncnc(Nc4ccc(Cl)c(Cl)c4)c3cc2OC)C1,7.301030158996582,7.287152552604676,0.25743590991550863,0.9130434782608695,0.013877606391906383
rf,6295,COCCOc1cc2c(Nc3ccc(Cl)c(Cl)c3)ncnc2cc1OCC1CN(C)CCO1,7.301030158996582,7.292803483613332,0.5225470891030884,0.7857142857142857,0.008226675383250281
rf,6296,COCCOc1cc2c(Nc3ccc(Cl)c(Cl)c3)ncnc2cc1OCC1CNCCO1,7.301030158996582,7.132044474569955,0.6356121771091671,0.782608695652174,0.16898568442662665
rf,7149,COc1cc(Nc2ncnc3cc(OCC4CN(C)CCO4)c(OC)cc23)c(OC)cc1Cl,7.301030158996582,7.314014036178589,0.43635498113428994,0.7,0.01298387718200722
rf,7229,COc1cc2c(Nc3cc(Cl)c(Br)cc3F)ncnc2cc1OCC1CN(C)C(C)(C)CO1,7.301030158996582,7.285888646125794,0.2882546821181279,0.7088607594936709,0.015141512870788354
rf,7242,COc1cc2c(Nc3cc(Cl)c(Cl)c(Cl)c3)ncnc2cc1OCC1CN(C)CCO1,7.301030158996582,7.233868192645481,0.6289516929758431,0.7647058823529411,0.06716196635110094
rf,7244,COc1cc2c(Nc3cc(Cl)c(Cl)cc3F)ncnc2cc1OCC1CN(C)C(C)(C)CO1,7.301030158996582,7.2762797765731815,0.28212113363703845,0.6933333333333334,0.024750382423400552
rf,7245,COc1cc2c(Nc3cc(Cl)c(Cl)cc3F)ncnc2cc1OCC1CN(C)CCO1,7.301030158996582,7.285924512590681,0.21575546923676756,0.7297297297297297,0.015105646405901396
rf,7257,COc1cc2c(Nc3cc(Cl)ccc3F)ncnc2cc1OCC1CN(C)CCO1,7.301030158996582,7.300551759719848,0.39685652293125656,0.75,0.00047839927673365423
rf,7260,COc1cc2c(Nc3cc(F)c(Br)c(F)c3)ncnc2cc1OCC1CN(C)CCO1,7.301030158996582,7.014744892962773,0.7034957361279186,0.6486486486486487,0.28628526603380866
rf,7261,COc1cc2c(Nc3cc(F)c(Br)cc3F)ncnc2cc1OCC1CN(C)CCO1,7.301030158996582,7.139379840342203,0.5292477272972274,0.6533333333333333,0.16165031865437918
rf,7285,COc1cc2c(Nc3ccc(Br)c(C)c3)ncnc2cc1OCC1CN(C)CCO1,7.301030158996582,7.200500737428666,0.7838696197284198,0.7083333333333334,0.10052942156791644
rf,7288,COc1cc2c(Nc3ccc(Br)c(Cl)c3)ncnc2cc1OCC1CN(C)CCO1,7.301030158996582,7.311435410817464,0.18351251972242616,0.7857142857142857,0.010405251820881922
rf,7314,COc1cc2c(Nc3ccc(Br)c(Cl)c3C)ncnc2cc1OCC1CN(C)CCO1,7.301030158996582,7.143837887605032,0.5576857180608173,0.6666666666666666,0.15719227139155034
rf,7315,COc1cc2c(Nc3ccc(Br)c(Cl)c3Cl)ncnc2cc1OCC1CN(C)C(C)(C)CO1,7.301030158996582,7.296620359420777,0.3849421280616472,0.7012987012987013,0.004409799575805451
rf,7316,COc1cc2c(Nc3ccc(Br)c(Cl)c3Cl)ncnc2cc1OCC1CN(C)CCO1,7.301030158996582,7.263142887115478,0.287859139362482,0.7571428571428571,0.03788727188110386
rf,7327,COc1cc2c(Nc3ccc(Br)c(Cl)c3F)ncnc2cc1OCC1CN(C)C(C)(C)CO1,7.301030158996582,7.327561032295227,0.27031501437649247,0.7125,0.02653087329864512
rf,7328,COc1cc2c(Nc3ccc(Br)c(Cl)c3F)ncnc2cc1OCC1CN(C)CCO1,7.301030158996582,7.313699975013733,0.15334116807464712,0.7671232876712328,0.01266981601715056
rf,7346,COc1cc2c(Nc3ccc(Br)c(F)c3F)ncnc2cc1OCC1CN(C)CCO1,7.301030158996582,7.218132521073024,0.5031155249553453,0.6578947368421053,0.08289763792355842
rf,7348,COc1cc2c(Nc3ccc(Br)cc3Br)ncnc2cc1OCC1CN(C)CCO1,7.301030158996582,7.105987830893199,0.5880750398063579,0.6301369863013698,0.19504232810338262
rf,7349,COc1cc2c(Nc3ccc(Br)cc3C)ncnc2cc1OCC1CN(C)CCO1,7.301030158996582,7.0430342668851225,0.6773561780685984,0.6301369863013698,0.25799589211145957
rf,7350,COc1cc2c(Nc3ccc(Br)cc3Cl)ncnc2cc1OCC1CN(C)CCO1,7.301030158996582,7.257446205071041,0.3909365978147329,0.6986301369863014,0.04358395392554115
rf,7356,COc1cc2c(Nc3ccc(Br)cc3F)ncnc2cc1OCC1CN(C)CCO1,7.301030158996582,6.947806404399872,0.37759362110607436,0.7536231884057971,0.3532237545967103
rf,7370,COc1cc2c(Nc3ccc(C)c(Br)c3)ncnc2cc1OCC1CN(C)CCO1,7.301030158996582,7.251111583216986,0.8746632596621898,0.7083333333333334,0.04991857577959635
rf,7375,COc1cc2c(Nc3ccc(C)c(Cl)c3Cl)ncnc2cc1OCC1CN(C)CCO1,7.301030158996582,7.158417490561803,0.6023839902454559,0.6621621621621622,0.14261266843477927
rf,7379,COc1cc2c(Nc3ccc(Cl)c(Br)c3)ncnc2cc1OCC1CN(C)CCO1,7.301030158996582,7.315007490475972,0.3839756479853564,0.7857142857142857,0.013977331479390287
rf,7381,COc1cc2c(Nc3ccc(Cl)c(C)c3)ncnc2cc1OCC1CN(C)CCO1,7.301030158996582,7.0628507710138955,0.8390349641183501,0.8208955223880597,0.23817938798268656
rf,7395,COc1cc2c(Nc3ccc(Cl)c(Cl)c3)ncnc2cc1OCC1CN(/C(N)=N/C#N)CCO1,7.301030158996582,7.2892351984977735,0.5644044951930777,0.8354430379746836,0.011794960498808571
rf,7396,COc1cc2c(Nc3ccc(Cl)c(Cl)c3)ncnc2cc1OCC1CN(C(=O)C(C)(C)C)CCO1,7.301030158996582,7.289481986045837,0.2437411178813398,0.7922077922077922,0.011548172950744728
rf,7398,COc1cc2c(Nc3ccc(Cl)c(Cl)c3)ncnc2cc1OCC1CN(C(=O)CC(=O)O)CCO1,7.301030158996582,7.272254592895508,0.271142193816926,0.8205128205128205,0.028775566101074013
rf,7399,COc1cc2c(Nc3ccc(Cl)c(Cl)c3)ncnc2cc1OCC1CN(C(=O)CCC(C)C)CCO1,7.301030158996582,7.337103150844574,0.3586517543759802,0.8125,0.036072991847992064
rf,7402,COc1cc2c(Nc3ccc(Cl)c(Cl)c3)ncnc2cc1OCC1CN(C(=O)OC(C)(C)C)CCO1,7.301030158996582,7.289952224214872,0.1869835235865454,0.7721518987341772,0.011077934781710042
rf,7412,COc1cc2c(Nc3ccc(Cl)c(Cl)c3)ncnc2cc1OCC1CN(C(C)=O)CCO1,7.301030158996582,7.30252252292633,0.10583458300822657,0.9130434782608695,0.001492363929748386
rf,7413,COc1cc2c(Nc3ccc(Cl)c(Cl)c3)ncnc2cc1OCC1CN(C(C)C(C)=O)CCO1,7.301030158996582,7.332999700546265,0.2886996806731796,0.7733333333333333,0.03196954154968257
rf,7415,COc1cc2c(Nc3ccc(Cl)c(Cl)c3)ncnc2cc1OCC1CN(C(C)C)CCO1,7.301030158996582,7.3202540941238405,0.19019459911898587,0.9104477611940298,0.019223935127258507
rf,7417,COc1cc2c(Nc3ccc(Cl)c(Cl)c3)ncnc2cc1OCC1CN(C)C(C)(C)CO1,7.301030158996582,7.288383019447327,0.19423124128247723,0.7605633802816901,0.012647139549255115
rf,7418,COc1cc2c(Nc3ccc(Cl)c(Cl)c3)ncnc2cc1OCC1CN(C)CC(C)(C)O1,7.301030158996582,7.308100323677063,0.32180371475048947,0.8529411764705882,0.007070164680481383
rf,7421,COc1cc2c(Nc3ccc(Cl)c(Cl)c3)ncnc2cc1OCC1CN(C)CCO1,7.301030158996582,7.2964280986785885,0.10280224037467872,0.90625,0.004602060317993484
rf,7422,COc1cc2c(Nc3ccc(Cl)c(Cl)c3)ncnc2cc1OCC1CN(C/C=C/Br)CCO1,7.301030158996582,7.313439984301158,0.6547269269859424,0.7631578947368421,0.012409825304575683
rf,7427,COc1cc2c(Nc3ccc(Cl)c(Cl)c3)ncnc2cc1OCC1CN(CC(N)=O)CCO1,7.301030158996582,7.344682450040181,0.30485433487479424,0.7763157894736842,0.0436522910435988
rf,7433,COc1cc2c(Nc3ccc(Cl)c(Cl)c3)ncnc2cc1OCC1CN(CC=C(C)C)CCO1,7.301030158996582,7.399308170037042,0.6648928953041557,0.7763157894736842,0.09827801104045975
rf,7438,COc1cc2c(Nc3ccc(Cl)c(Cl)c3)ncnc2cc1OCC1CN(CCCC#N)CCO1,7.301030158996582,7.464515812555949,0.6188366251686275,0.7848101265822784,0.16348565355936717
rf,7439,COc1cc2c(Nc3ccc(Cl)c(Cl)c3)ncnc2cc1OCC1CN(CCCCCC#N)CCO1,7.301030158996582,7.4671057720025384,0.8438797550435216,0.7654320987654321,0.1660756130059564
rf,7440,COc1cc2c(Nc3ccc(Cl)c(Cl)c3)ncnc2cc1OCC1CN(CCCCCCO)CCO1,7.301030158996582,7.274991102441152,1.007453077905456,0.8133333333333334,0.026039056555429596
rf,7441,COc1cc2c(Nc3ccc(Cl)c(Cl)c3)ncnc2cc1OCC1CN(CCCCF)CCO1,7.301030158996582,7.437641221046449,0.6694765080576247,0.8051948051948052,0.13661106204986684
rf,7444,COc1cc2c(Nc3ccc(Cl)c(Cl)c3)ncnc2cc1OCC1CN(CCF)CCO1,7.301030158996582,7.245478642463684,0.38725391726160685,0.8450704225352113,0.05555151653289769
rf,7445,COc1cc2c(Nc3ccc(Cl)c(Cl)c3)ncnc2cc1OCC1CN(CCO)CCO1,7.301030158996582,7.319720589319865,0.3183925984454822,0.8591549295774648,0.018690430323283103
rf,7446,COc1cc2c(Nc3ccc(Cl)c(Cl)c3)ncnc2cc1OCC1CN(CCOCCO)CCO1,7.301030158996582,7.398804788112641,0.6544571201207648,0.8026315789473685,0.09777462911605905
rf,7451,COc1cc2c(Nc3ccc(Cl)c(Cl)c3)ncnc2cc1OCC1CN(S(=O)(=O)CCCCl)CCO1,7.301030158996582,7.359145414543152,0.33261919572224746,0.7974683544303798,0.0581152555465696
rf,7457,COc1cc2c(Nc3ccc(Cl)c(Cl)c3)ncnc2cc1OCC1CN(S(C)(=O)=O)CCO1,7.301030158996582,7.245919437408447,0.3204836990547414,0.8133333333333334,0.055110721588135014
rf,7461,COc1cc2c(Nc3ccc(Cl)c(Cl)c3)ncnc2cc1OCC1CNCC(C)(C)O1,7.301030158996582,7.296010498046875,0.46928610075911853,0.7183098591549296,0.005019660949707294
rf,7463,COc1cc2c(Nc3ccc(Cl)c(Cl)c3)ncnc2cc1OCC1CNCCO1,7.301030158996582,7.108350399017334,0.4382040301067216,0.9047619047619048,0.19267975997924847
rf,7586,COc1cc2c(Nc3ccc(Cl)c(Cl)c3C)ncnc2cc1OCC1CN(C)CCO1,7.301030158996582,7.165814833413987,0.5417374006346712,0.6891891891891891,0.1352153255825952
rf,7587,COc1cc2c(Nc3ccc(Cl)c(Cl)c3Cl)ncnc2cc1OCC1CN(C)CCO1,7.301030158996582,7.293260986260005,0.3703915271338301,0.7083333333333334,0.007769172736576735
rf,7592,COc1cc2c(Nc3ccc(Cl)c(Cl)c3F)ncnc2cc1OCC1CN(C)C(C)(C)CO1,7.301030158996582,7.357384757804871,0.2751762029163718,0.7051282051282052,0.05635459880828897
rf,7593,COc1cc2c(Nc3ccc(Cl)c(Cl)c3F)ncnc2cc1OCC1CN(C)CCO1,7.301030158996582,7.406245321491786,0.29401030528833655,0.7605633802816901,0.10521516249520424
rf,7619,COc1cc2c(Nc3ccc(Cl)cc3Cl)ncnc2cc1OCC1CN(C)CCO1,7.301030158996582,7.224311867486863,0.49273619149135645,0.7083333333333334,0.0767182915097191
rf,7624,COc1cc2c(Nc3ccc(Cl)cc3F)ncnc2cc1OCC1CN(C)CCO1,7.301030158996582,6.856700165987014,0.3271058689908745,0.7571428571428571,0.44432999300956766
rf,7635,COc1cc2c(Nc3ccc(F)c(Cl)c3)ncnc2cc1OCC1CN(C)CCO1,7.301030158996582,7.471084942595164,0.533162279325711,0.7857142857142857,0.17005478359858195
rf,7644,COc1cc2c(Nc3ccc(F)c(Cl)c3F)ncnc2cc1OCC1CN(C)C(C)(C)CO1,7.301030158996582,7.306976068496704,0.3002129884402166,0.7051282051282052,0.005945909500121971
rf,7645,COc1cc2c(Nc3ccc(F)c(Cl)c3F)ncnc2cc1OCC1CN(C)CCO1,7.301030158996582,7.310773515701294,0.23206492429556122,0.7605633802816901,0.00974335670471227
rf,7770,COc1cc2c(Nc3cccc(Br)c3C)ncnc2cc1OCC1CN(C)CCO1,7.301030158996582,7.091803064950307,0.8471986775788213,0.6025641025641025,0.20922709404627504
rf,7772,COc1cc2c(Nc3cccc(Br)c3Cl)ncnc2cc1OCC1CN(C)CCO1,7.301030158996582,7.295875224908193,0.5757246775408293,0.6533333333333333,0.005154934088388963
rf,7775,COc1cc2c(Nc3cccc(Cl)c3C)ncnc2cc1OCC1CN(C)CCO1,7.301030158996582,7.319540618669419,0.6572953735784296,0.6666666666666666,0.01851045967283671
rf,7780,COc1cc2c(Nc3cccc(Cl)c3F)ncnc2cc1OCC1CN(C)CCO1,7.301030158996582,7.6055134398414985,0.4732062208690062,0.7571428571428571,0.3044832808449165
rf,29,Brc1cccc(Nc2ccnc3ccccc23)c1,5.259637355804443,6.401146343966892,1.212149557311652,0.6341463414634146,1.1415089881624487
rf,139,C#CCNC/C=C/C(=O)Nc1cc2c(Nc3ccc(F)c(Cl)c3)c(C#N)cnc2cc1OCC,8.871641159057617,6.958439505577087,0.9531814044323894,0.7415730337078652,1.91320165348053
rf,168,C#Cc1cccc(Nc2c(C#N)cnc3cc(OC)c(OC)cc23)c1,7.214670181274414,6.310190206209818,1.1539340542712822,0.5483870967741935,0.9044799750645964
rf,169,C#Cc1cccc(Nc2c(C#N)cnc3cc(OCCOC)c(OCCOC)cc23)c1,6.070580959320068,6.362773616949717,1.1489336401524308,0.5285714285714286,0.2921926576296485
rf,171,C#Cc1cccc(Nc2ccnc3cc(OC)c(OC)cc23)c1,7.5489983558654785,6.8331500329335535,1.4814596965981472,0.5272727272727272,0.715848322931925
rf,172,C#Cc1cccc(Nc2ccnc3cc(OCCOC)c(OCCOC)cc23)c1,6.995699882507324,7.010423534043631,1.4651469835207829,0.527027027027027,0.014723651536306726
rf,340,C/C=C/C(=O)Nc1cc2c(Nc3ccc(F)c(Cl)c3)c(C#N)cnc2cc1OCC,5.122469425201416,6.958183950901032,0.8323717639815298,0.7407407407407407,1.8357145256996157
rf,341,C/C=C/C(=O)Nc1cc2c(Nc3ccc(F)c(Cl)c3)ccnc2cc1CC,5.12493896484375,6.763884517606099,1.1139145215414803,0.5641025641025641,1.6389455527623493
rf,353,C/C=C/C(=O)Nc1ccc2ncc(C#N)c(Nc3cccc(Br)c3)c2c1,5.79048490524292,6.299977748966217,0.8013206022876431,0.6376811594202898,0.5094928437232973
rf,396,C=C(CN(C)C)C(=O)Nc1cc2c(Nc3ccc(F)c(Cl)c3)c(C#N)cnc2cc1OCC,6.250906467437744,6.668810772736867,0.8732545842634004,0.775,0.4179043052991229
rf,1876,C=CC(=O)Nc1cc2c(Nc3ccc(F)c(Cl)c3)c(C#N)cnc2cc1OCC,8.835647583007812,7.023666157245636,0.8149817419820345,0.7432432432432432,1.811981425762177
rf,1925,C=CC(=O)Nc1cc2c(Nc3cccc(Br)c3)c(C#N)cnc2cc1OC,6.090757846832275,6.247120391511917,0.9681688072251449,0.6923076923076923,0.1563625446796415
rf,2021,C=CC(=O)Nc1ccc2ncc(C#N)c(Nc3cccc(Br)c3)c2c1,6.229147911071777,6.40824065284729,0.6758919043925974,0.6197183098591549,0.17909274177551282
rf,2023,C=CC(=O)Nc1ccc2nccc(Nc3cccc(Br)c3)c2c1,9.0,6.818114805221557,1.0386142808432375,0.5925925925925926,2.1818851947784426
rf,2837,CC#CC(=O)Nc1cc2c(Nc3cccc(Br)c3)c(C#N)cnc2cc1OC,6.04047966003418,6.317794781748453,1.0554016502067767,0.6567164179104478,0.2773151217142731
rf,2839,CC#CC(=O)Nc1ccc2ncc(C#N)c(Nc3ccc(F)c(Cl)c3)c2c1,6.234657287597656,5.969455449660619,1.0651019451371913,0.8,0.26520183793703733
rf,2840,CC#CC(=O)Nc1ccc2ncc(C#N)c(Nc3cccc(Br)c3)c2c1,6.026872158050537,5.983523718166351,0.7485137164912719,0.7796610169491526,0.04334843988418591
rf,3408,CC(C)N(CC#CC(=O)Nc1ccc2ncc(C#N)c(Nc3cccc(Br)c3)c2c1)C(C)C,6.602059841156006,6.187653975105286,0.7777384227710193,0.7605633802816901,0.4144058660507195
rf,3459,CC(C)NCC#CC(=O)Nc1ccc2ncc(C#N)c(Nc3cccc(Br)c3)c2c1,3.6019999980926514,6.1087296975135805,0.7041486645316283,0.7183098591549296,2.506729699420929
rf,3915,CCC(=O)Nc1ccc2nccc(Nc3cccc(Br)c3)c2c1,7.79587984085083,6.6493625228405,1.1165327382483357,0.5925925925925926,1.1465173180103303
rf,4067,CCCCCOc1ccc(Nc2c(C#N)cnc3cc(OCC)c(NC(=O)/C=C/CN(C)C)cc23)cc1Cl,6.0486626625061035,6.8134445098718,0.42659043836551636,0.8292682926829268,0.7647818473656969
rf,4120,CCCN(CC#CC(=O)Nc1ccc2ncc(C#N)c(Nc3cccc(Br)c3)c2c1)CCC,6.886056423187256,5.991881103849411,0.7833940139617303,0.7605633802816901,0.8941753193378448
rf,4149,CCCNCC#CC(=O)Nc1ccc2ncc(C#N)c(Nc3cccc(Br)c3)c2c1,3.885999917984009,5.900955781555176,0.8395275508846612,0.6986301369863014,2.014955863571167
rf,4194,CCN(CC)C(C)/C=C/C(=O)Nc1cc2c(Nc3ccc(F)c(Cl)c3)c(C#N)cnc2cc1OC,5.315154552459717,6.509332442919414,1.0444011068184025,0.7209302325581395,1.194177890459697
rf,4208,CCN(CC)C/C=C/C(=O)Nc1cc2c(Nc3ccc(F)c(Cl)c3)c(C#N)cnc2cc1OC,5.718966484069824,6.729845045089721,0.9740674870460704,0.7261904761904762,1.0108785610198971
rf,4669,CCOc1cc2c(Nc3cccc(Br)c3)c(C#N)cnc2cc1OC,4.480000019073486,5.971633166980744,0.8197769447250536,0.6206896551724138,1.4916331479072573
rf,4674,CCOc1cc2ncc(C#N)c(Nc3ccc(Cl)c(F)c3)c2cc1NC(=O)/C=C/CN(C)C,7.414539337158203,6.792050863281885,0.51341792483088,0.7901234567901234,0.6224884738763183
rf,4676,CCOc1cc2ncc(C#N)c(Nc3ccc(F)c(Cl)c3)c2cc1NC(=O)/C=C/CN(C)C,7.408935546875,6.921551400820414,0.8398162194858713,0.825,0.4873841460545858
rf,4677,CCOc1cc2ncc(C#N)c(Nc3ccc(F)c(Cl)c3)c2cc1NC(=O)/C=C/CN(C)CCF,8.367402076721191,7.281193950970968,0.92772474138427,0.8192771084337349,1.0862081257502236
rf,4679,CCOc1cc2ncc(C#N)c(Nc3ccc(F)c(Cl)c3)c2cc1NC(=O)/C=C/CNC,8.936853408813477,6.939062040328979,0.9414620380498975,0.7560975609756098,1.9977913684844975
rf,4682,CCOc1cc2ncc(C#N)c(Nc3ccc(F)c(Cl)c3)c2cc1NC(=O)C(CSC(C)=O)CSC(C)=O,6.282955169677734,6.670172419071197,0.8819618821894406,0.7738095238095238,0.3872172493934629
rf,4688,CCOc1cc2ncc(C#N)c(Nc3ccc(F)c(Cl)c3)c2cc1NC(=O)CCN(C)C,9.16749095916748,7.046065646743775,1.1020625962803228,0.7662337662337663,2.121425312423706
rf,4691,CCOc1cc2ncc(C#N)c(Nc3ccc(F)c(Cl)c3)c2cc1OCC,6.009998798370361,6.19296348953247,0.7903389369456049,0.7068965517241379,0.182964691162109
rf,4767,CCOc1cc2ncc(C#N)c(Nc3cccc(Br)c3)c2cc1NC(=O)/C=C/CN(C)C,5.79587984085083,6.013486163870493,0.9774367476016178,0.7721518987341772,0.21760632301966254
rf,4769,CCOc1cc2ncc(C#N)c(Nc3cccc(Br)c3)c2cc1OC,4.670000076293945,5.971633166980744,0.8197769447250536,0.6206896551724138,1.3016330906867983
rf,4770,CCOc1cc2ncc(C#N)c(Nc3cccc(Br)c3)c2cc1OCC,6.379999160766602,5.9699560505867,0.8518937123889593,0.631578947368421,0.4100431101799016
rf,5311,CN(C)C/C=C/C(=O)Nc1cc2c(Nc3ccc(F)c(Cl)c3)c(C#N)cnc2cc1OC(F)(F)F,5.578395843505859,6.699009018421173,0.9750544315370131,0.7011494252873564,1.1206131749153139
rf,5341,CN(C)C/C=C/C(=O)Nc1ccc2ncc(C#N)c(Nc3ccc(F)c(Cl)c3)c2c1,6.187086582183838,6.359999668598175,1.065117981970488,0.7162162162162162,0.17291308641433734
rf,5342,CN(C)C/C=C/C(=O)Nc1ccc2ncc(C#N)c(Nc3cccc(Br)c3)c2c1,6.508638381958008,6.433311121368408,0.932124505769171,0.8153846153846154,0.07532726058959938
rf,5397,CN(C)CCCC(=O)Nc1ccc2nccc(Nc3cccc(Br)c3)c2c1,8.769551277160645,6.7959996674060825,1.2258269412460159,0.6086956521739131,1.973551609754562
rf,5960,CNC/C=C/C(=O)Nc1cc2c(Nc3ccc(F)c(Cl)c3)c(C#N)cnc2cc1OCCF,8.8140230178833,7.003096741199493,1.030192896606946,0.6813186813186813,1.8109262766838077
rf,6225,COCC#CC(=O)Nc1cc2c(Nc3cccc(Br)c3)c(C#N)cnc2cc1OC,6.1011857986450195,6.316248089853922,1.0321015394968147,0.6265060240963856,0.21506229120890286
rf,6226,COCC#CC(=O)Nc1ccc2ncc(C#N)c(Nc3cccc(Br)c3)c2c1,6.017728805541992,6.086008045482636,0.8305214610299522,0.7285714285714285,0.06827923994064378
rf,6286,COCCOCC#CC(=O)Nc1ccc2ncc(C#N)c(Nc3cccc(Br)c3)c2c1,6.031517028808594,6.036291532325745,0.8971698056320093,0.6710526315789473,0.004774503517150919
rf,6299,COCCOc1cc2ncc(C#N)c(Nc3cccc(Br)c3)c2cc1OCCOC,5.959999084472656,5.98414115190506,0.8407864977440015,0.609375,0.02414206743240399
rf,6411,COCOC#CC(=O)Nc1ccc2ncc(C#N)c(Nc3cccc(Br)c3)c2c1,6.481485843658447,6.041540151882172,0.7268360257936025,0.654320987654321,0.4399456917762752
rf,6412,COCOCC#CC(=O)Nc1ccc2ncc(C#N)c(Nc3cccc(Br)c3)c2c1,6.480743885040283,6.109412610816956,0.8468916533000502,0.68,0.37133127422332723
rf,6423,COCOc1cc2ncc(C#N)c(Nc3cccc(Br)c3)c2cc1OCOC,5.170000076293945,5.975665810108185,0.7854069111452031,0.6101694915254238,0.8056657338142399
rf,6785,COc1cc(N(C)c2ccnc3ccc(C(F)(F)F)cc23)cc(OC)c1OC,5.6575775146484375,5.164042351722717,0.8381462561779492,0.35,0.4935351629257205
rf,7081,COc1cc(NC(=O)/C=C/CN(C)C)cc2c(Nc3cccc(Br)c3)c(C#N)cnc12,5.540303707122803,5.945323086738586,0.9999454067562655,0.7464788732394366,0.4050193796157835
rf,7119,COc1cc(Nc2cc(C)nc3ccc(C(F)(F)F)cc23)cc(OC)c1OC,4.301030158996582,5.544900592803955,0.9826369547742815,0.375,1.2438704338073734
rf,7123,COc1cc(Nc2ccnc3ccc(Br)cc23)cc(OC)c1OC,4.301030158996582,6.101410174131393,0.9349825598836727,0.4406779661016949,1.8003800151348113
rf,7124,COc1cc(Nc2ccnc3ccc(C(F)(F)F)cc23)cc(OC)c1OC,4.301030158996582,5.9093912894725795,0.9489862905136448,0.4,1.6083611304759975
rf,7987,COc1cc2ncc(C#N)c(Nc3cc(Cl)c(O)c(Cl)c3)c2cc1OC,5.499999523162842,6.083249898195267,0.5275567237924117,0.6206896551724138,0.5832503750324252
rf,7988,COc1cc2ncc(C#N)c(Nc3cc(Cl)ccc3O)c2cc1OC,4.769999980926514,6.1119427616596225,0.6628726455063265,0.5396825396825397,1.3419427807331088
rf,7989,COc1cc2ncc(C#N)c(Nc3cc(OC)c(OC)c(OC)c3)c2cc1OC,5.148741722106934,6.027346358537674,0.5156980802840173,0.7254901960784313,0.8786046364307403
rf,7991,COc1cc2ncc(C#N)c(Nc3ccc(Br)c(C)c3)c2cc1OC,6.209996700286865,6.114016012191772,0.8584188507816557,0.5737704918032787,0.09598068809509286
rf,7992,COc1cc2ncc(C#N)c(Nc3ccc(Br)cc3)c2cc1OC,5.180000305175781,5.962448413213095,0.6057945469073257,0.5862068965517241,0.7824481080373138
rf,7993,COc1cc2ncc(C#N)c(Nc3ccc(C(C)C)cc3)c2cc1OC,6.639993667602539,5.9283147179285685,0.5972926188640268,0.5932203389830508,0.7116789496739706
rf,7994,COc1cc2ncc(C#N)c(Nc3ccc(C)c(Br)c3)c2cc1OC,5.75,6.071193727493286,0.7763437445118928,0.5737704918032787,0.3211937274932861
rf,7995,COc1cc2ncc(C#N)c(Nc3ccc(C)c(Cl)c3)c2cc1OC,5.8299994468688965,6.027092253923416,0.5698818409652676,0.6842105263157895,0.1970928070545197
rf,7996,COc1cc2ncc(C#N)c(Nc3ccc(C)cc3)c2cc1OC,5.559999942779541,5.890879585504532,0.5412995340500586,0.5964912280701754,0.33087964272499093
rf,7998,COc1cc2ncc(C#N)c(Nc3ccc(Cl)cc3F)c2cc1OC,4.860000133514404,6.106201320886612,0.6571914743170512,0.6166666666666667,1.2462011873722076
rf,7999,COc1cc2ncc(C#N)c(Nc3ccc(F)c(C(F)(F)F)c3)c2cc1OC,6.7999982833862305,5.975788838624954,0.7069761691037884,0.65,0.8242094447612764
rf,8000,COc1cc2ncc(C#N)c(Nc3ccc(F)c(Cl)c3)c2cc1NC(=O)/C=C/C(C)N(C)C,5.28116512298584,6.448685381333034,1.081757597041328,0.7469879518072289,1.167520258347194
rf,8002,COc1cc2ncc(C#N)c(Nc3ccc(F)c(Cl)c3)c2cc1NC(=O)/C=C/CN(C)C,5.632256031036377,6.743479404449463,0.925743410773493,0.775,1.111223373413086
rf,8004,COc1cc2ncc(C#N)c(Nc3ccc(F)c(Cl)c3)c2cc1OC,5.9871625900268555,5.972698316812515,0.553657406072034,0.8653846153846154,0.014464273214340295
rf,8006,COc1cc2ncc(C#N)c(Nc3ccc(F)cc3)c2cc1OC,4.320000171661377,5.936335135777792,0.6134016183522935,0.6428571428571429,1.6163349641164153
rf,8010,COc1cc2ncc(C#N)c(Nc3ccc(O)c(Cl)c3)c2cc1OC,5.039999961853027,6.065438966035843,0.5409372086796874,0.6724137931034483,1.0254390041828154
rf,8019,COc1cc2ncc(C#N)c(Nc3cccc(Br)c3)c2cc1NC(=O)/C=C/CN(C)C,6.1011857986450195,6.20156253264745,0.8948250117520017,0.7375,0.10037673400243019
rf,8021,COc1cc2ncc(C#N)c(Nc3cccc(Br)c3)c2cc1NC(=O)C#CCN(C)C,7.045757293701172,6.366050365034739,1.0487485674332029,0.620253164556962,0.679706928666433
rf,8022,COc1cc2ncc(C#N)c(Nc3cccc(Br)c3)c2cc1OC,6.721246242523193,5.884375154972076,0.7304391108900594,0.6923076923076923,0.8368710875511169
rf,8023,COc1cc2ncc(C#N)c(Nc3cccc(Br)c3C)c2cc1OC,6.0800018310546875,6.255233125686646,0.8963379887431361,0.5079365079365079,0.17523129463195808
rf,8024,COc1cc2ncc(C#N)c(Nc3cccc(C#N)c3)c2cc1OC,4.849999904632568,5.972333678881327,0.8708980626525946,0.5666666666666667,1.1223337742487587
rf,8025,COc1cc2ncc(C#N)c(Nc3cccc(C(C)=O)c3)c2cc1OC,5.130000114440918,5.971099838018417,0.7747421798646088,0.5526315789473685,0.8410997235774991
rf,8026,COc1cc2ncc(C#N)c(Nc3cccc(C(C)C)c3)c2cc1OC,4.210000038146973,5.965590937296549,0.7415719333079824,0.5645161290322581,1.7555908991495768
rf,8027,COc1cc2ncc(C#N)c(Nc3cccc(C(F)(F)F)c3)c2cc1OC,5.840000152587891,5.863606477022171,0.6950467369839038,0.5555555555555556,0.023606324434280346
rf,8028,COc1cc2ncc(C#N)c(Nc3cccc(C(N)=O)c3)c2cc1OC,5.110000133514404,5.972893693828582,0.7120595302583781,0.5454545454545454,0.8628935603141779
rf,8029,COc1cc2ncc(C#N)c(Nc3cccc(Cl)c3)c2cc1OC,6.740000247955322,5.920698061418533,0.7914547222165653,0.6923076923076923,0.8193021865367891
rf,8030,COc1cc2ncc(C#N)c(Nc3cccc(F)c3)c2cc1OC,6.130000114440918,5.881740579843521,0.6618336610626948,0.6101694915254238,0.24825953459739658
rf,8031,COc1cc2ncc(C#N)c(Nc3cccc(N(C)C)c3)c2cc1OC,6.0699992179870605,5.840259822607041,0.7508037024552741,0.5396825396825397,0.22973939538001975
rf,8032,COc1cc2ncc(C#N)c(Nc3cccc(N)c3)c2cc1OC,6.090000152587891,5.894042684078217,0.7508773971886796,0.5573770491803278,0.19595746850967366
rf,8033,COc1cc2ncc(C#N)c(Nc3cccc(N=[N+]=[N-])c3)c2cc1OC,5.660000324249268,5.904678301095963,0.6732669705266133,0.5074626865671642,0.24467797684669534
rf,8034,COc1cc2ncc(C#N)c(Nc3cccc(NC(C)=O)c3)c2cc1OC,4.159999847412109,5.701164470434189,0.7795565736376657,0.5526315789473685,1.5411646230220795
rf,8035,COc1cc2ncc(C#N)c(Nc3cccc(O)c3)c2cc1OC,5.200000286102295,5.907244713068009,0.685882723480846,0.5666666666666667,0.7072444269657137
rf,8036,COc1cc2ncc(C#N)c(Nc3cccc(SC)c3)c2cc1OC,6.119998455047607,5.893403958559036,0.6546564841458548,0.5396825396825397,0.22659449648857155
rf,8037,COc1cc2ncc(C#N)c(Nc3cccc([N+](=O)[O-])c3)c2cc1OC,6.060001850128174,6.149079047981898,1.0737731349068798,0.5151515151515151,0.08907719785372414
rf,8038,COc1cc2ncc(C#N)c(Nc3ccccc3Br)c2cc1OC,5.380000591278076,6.267240875720978,0.8251597127961912,0.559322033898305,0.8872402844429015
rf,8039,COc1cc2ncc(C#N)c(Nc3ccccc3C(C)C)c2cc1OC,6.439997673034668,6.224058354345958,0.8017297820137093,0.5409836065573771,0.21593931868870975
rf,8043,COc1cc2ncc(C(=O)O)c(Nc3ccc(F)c(Cl)c3)c2cc1OC,5.032264709472656,6.17879254436493,0.5753460074586234,0.6666666666666666,1.1465278348922734
rf,8044,COc1cc2ncc(C(=O)O)c(Nc3cccc(Br)c3)c2cc1OC,4.764766693115234,6.15173384141922,0.694301471544042,0.65625,1.3869671483039854
rf,8045,COc1cc2ncc(C(=O)O)c(Nc3cccc(Cl)c3)c2cc1OC,5.044745445251465,6.055567681312561,0.6765996256417278,0.65625,1.0108222360610961
rf,8046,COc1cc2ncc(C(N)=O)c(Nc3cccc(Br)c3)c2cc1OC,4.820000171661377,6.123094243431091,0.7074744045172169,0.6461538461538462,1.3030940717697144
rf,8047,COc1cc2ncc(C=O)c(Nc3cccc(Br)c3)c2cc1OC,5.470000267028809,6.2011306219736735,0.8798088111468801,0.5522388059701493,0.7311303549448649
rf,8049,COc1cc2nccc(Nc3cc(OC)c(OC)c(OC)c3)c2cc1OC,4.568636417388916,6.07631781578064,0.85133215745727,0.4915254237288136,1.5076813983917239
rf,8050,COc1cc2nccc(Nc3ccc(F)c(Cl)c3)c2cc1NC(=O)/C=C/C(C)N(C)C,5.282329559326172,5.804535984325408,1.3594987484320695,0.7236842105263158,0.5222064249992364
rf,8054,COc1cc2nccc(Nc3cccc(Br)c3)c2cc1OC,6.600674629211426,6.123920116901398,1.1040391934416598,0.5833333333333334,0.47675451231002786
rf,8849,COc1ccc(Nc2c(C#N)cnc3cc(OC)c(OC)cc23)cc1OC,4.300000190734863,5.978248819971085,0.6016263256166599,0.6363636363636364,1.6782486292362213
rf,8853,COc1ccc(Nc2ccnc3cc(OC)c(OC)cc23)cc1OC,4.094203948974609,6.025965992927551,0.9061111227515686,0.5818181818181818,1.9317620439529417
rf,11571,N#Cc1cnc2cc(O)c(O)cc2c1Nc1cccc(Br)c1,6.459996223449707,5.500693532896042,0.6475318876108149,0.6923076923076923,0.959302690553665
rf,87,Brc1cccc(Nc2ncnc3ccncc23)c1,7.452974319458008,8.18027199025154,0.9257828170588156,0.6590909090909091,0.7272976707935328
rf,1955,C=CC(=O)Nc1cc2ncnc(Nc3cccc(Br)c3)c2cn1,8.117091178894043,8.349185777664184,0.882799381410832,0.6964285714285714,0.23209459877014105
rf,1956,C=CC(=O)Nc1cc2ncnc(Nc3cccc(Cl)c3)c2cn1,9.270025253295898,6.6621722278594975,1.2623595024674674,0.5333333333333333,2.607853025436401
rf,2926,CC(=O)Nc1c(Br)cccc1Nc1ncnc2ccncc12,7.530030727386475,8.011062992095948,1.2573962542042654,0.5625,0.4810322647094729
rf,2932,CC(=O)Nc1cc2ncnc(Nc3cccc(Br)c3)c2cn1,7.537601947784424,8.347583797693252,0.8503123485240777,0.5833333333333334,0.8099818499088283
rf,2939,CC(=O)Nc1ccc(Nc2ncnc3cc(N)ncc23)cc1,5.0,5.819975982761384,1.1247106114409335,0.5714285714285714,0.8199759827613837
rf,2953,CC(=O)Nc1cccc(Nc2ncnc3cc(N)ncc23)c1,5.0,6.391718692461649,1.160946763681293,0.6,1.391718692461649
rf,5403,CN(C)CCCCCNc1c(Br)cccc1Nc1ncnc2ccncc12,8.070019721984863,7.977764073880513,1.1429297635208242,0.6567164179104478,0.09225564810435039
rf,5404,CN(C)CCCCCNc1cc2ncnc(Nc3cccc(Br)c3)c2cn1,8.077851295471191,8.251866993141174,0.8688561538566036,0.671875,0.17401569766998293
rf,5405,CN(C)CCCCNc1c(Br)cccc1Nc1ncnc2ccncc12,8.130005836486816,7.974919869740804,1.1411247853704152,0.6666666666666666,0.15508596674601272
rf,5407,CN(C)CCCCNc1cc2ncnc(Nc3cccc(Br)c3)c2cn1,8.130387306213379,8.253196811866761,0.8646180203388552,0.6825396825396826,0.12280950565338244
rf,5423,CN(C)CCCNc1c(Br)cccc1Nc1ncnc2ccncc12,8.049976348876953,8.086154764493307,1.0499336307317573,0.671875,0.03617841561635338
rf,5425,CN(C)CCCNc1cc2ncnc(Nc3cccc(Br)c3)c2cn1,8.05774974822998,8.359549277496338,0.7660056125387539,0.6935483870967742,0.3017995292663578
rf,5436,CN(C)CCN(C)c1c(Br)cccc1Nc1ncnc2ccncc12,7.389978885650635,7.731842471440633,1.1785333168002887,0.5223880597014925,0.34186358578999787
rf,5438,CN(C)CCN(C)c1cc2ncnc(Nc3cccc(Br)c3)c2cn1,7.3989739418029785,7.818065752696991,0.8295874843321904,0.6065573770491803,0.41909181089401226
rf,5454,CN(C)CCNc1c(Br)cccc1Nc1ncnc2ccncc12,7.339988708496094,8.034099731763204,1.0385807368316775,0.6612903225806451,0.6941110232671104
rf,5456,CN(C)CCNc1cc2ncnc(Nc3cccc(Br)c3)c2cn1,7.348385810852051,8.26537666721344,0.7619171272643839,0.6612903225806451,0.9169908563613891
rf,5535,CN(C)c1cc2ncnc(Nc3cccc(Br)c3)c2cn1,10.040958404541016,8.154266005945205,0.8162159332253388,0.6041666666666666,1.8866923985958106
rf,5551,CN(C)c1ccc(Nc2ncnc3cc(N)ncc23)cc1,5.313363552093506,6.050284966723124,1.162819143881197,0.6808510638297872,0.7369214146296184
rf,5552,CN(C)c1ccc(Nc2ncnc3ccncc23)c(N)c1,5.309999942779541,6.776908397197723,1.3967103952499336,0.43103448275862066,1.4669084544181823
rf,5563,CN(C)c1cccc(Nc2ncnc3cc(N)ncc23)c1,5.747147083282471,6.472842441717783,1.2443834561067,0.6666666666666666,0.7256953584353125
rf,5564,CN(C)c1cccc(Nc2ncnc3ccncc23)c1N,5.740000247955322,6.8208702828884125,1.4418603422637015,0.44776119402985076,1.0808700349330902
rf,5567,CN(C)c1ccccc1Nc1ncnc2cc(N)ncc12,4.161150932312012,6.029379757404327,1.2917646164701928,0.66,1.8682288250923156
rf,5583,CN(CC(=O)O)c1c(Br)cccc1Nc1ncnc2ccncc12,7.7899489402771,7.738651870091756,1.2894271338594006,0.5072463768115942,0.051297070185343685
rf,5585,CN(CC(=O)O)c1cc2ncnc(Nc3cccc(Br)c3)c2cn1,7.7979254722595215,7.844766548633576,1.046118605254417,0.5882352941176471,0.046841076374054325
rf,5587,CN(CC(O)C(O)C(O)C(O)CO)c1cc2ncnc(Nc3cccc(Br)c3)c2cn1,8.49242115020752,8.15210587620735,0.8755781316364916,0.5070422535211268,0.3403152740001687
rf,5588,CN(CC(O)CO)c1c(Br)cccc1Nc1ncnc2ccncc12,8.489991188049316,7.867819911321004,1.238760729786617,0.4861111111111111,0.6221712767283121
rf,5590,CN(CC(O)CO)c1cc2ncnc(Nc3cccc(Br)c3)c2cn1,8.49242115020752,8.075627374887466,0.8493943579154746,0.5671641791044776,0.4167937753200537
rf,5602,CN(CCO)c1c(Br)cccc1Nc1ncnc2ccncc12,8.58004379272461,7.708783600171407,1.2105235762161868,0.5223880597014925,0.8712601925532022
rf,5605,CN(CCO)c1cc2ncnc(Nc3cccc(Br)c3)c2cn1,8.587546348571777,7.815847836256027,0.8265914662460437,0.546875,0.7716985123157505
rf,5990,CNc1cc2ncnc(Nc3cccc(Br)c3)c2cn1,9.886056900024414,8.458900487184524,0.7759495063769976,0.6326530612244898,1.4271564128398904
rf,5991,CNc1cc2ncnc(Nc3cccc(C)c3)c2cn1,8.8518648147583,7.268741649627685,1.1240577923415338,0.6140350877192983,1.5831231651306155
rf,6497,COc1c(Br)cccc1Nc1ncnc2ccncc12,7.400007724761963,7.898201443990072,1.2508807036336984,0.5238095238095238,0.49819371922810873
rf,8387,COc1cc2ncnc(Nc3cccc(Br)c3)c2cn1,7.408935546875,8.154068594884873,0.8891644215204435,0.64,0.7451330480098726
rf,8473,COc1cc2ncnc(Nc3ccccc3N)c2cn1,5.430000305175781,6.027564214229583,1.2495964637162553,0.4642857142857143,0.5975639090538021
rf,8868,COc1ccc(Nc2ncnc3cc(N)ncc23)cc1,6.173925399780273,5.8975784135182705,1.0908969581774361,0.6808510638297872,0.27634698626200294
rf,8877,COc1ccc(Nc2ncnc3ccncc23)c(N)c1,6.170001983642578,6.477416433811188,1.3477287292292346,0.43103448275862066,0.3074144501686096
rf,9074,COc1cccc(Nc2ncnc3cc(N)ncc23)c1,6.886056423187256,6.37553715801239,1.1001256940595674,0.6666666666666666,0.5105192651748656
rf,9077,COc1cccc(Nc2ncnc3ccncc23)c1N,6.879985809326172,6.739014755487442,1.1232061081405493,0.4482758620689655,0.14097105383872943
rf,9216,COc1ccccc1Nc1ncnc2cc(N)ncc12,5.430625915527344,6.93157946062088,0.9903503157424364,0.54,1.5009535450935365
rf,10181,Cc1cccc(Nc2ncnc3cc(N)ncc23)c1,7.397940158843994,6.790590104103089,1.285848007685027,0.6666666666666666,0.6073500547409054
rf,10182,Cc1cccc(Nc2ncnc3cc(NCCCCN(C)C)ncc23)c1,8.268815994262695,7.960069574356079,0.8379797663696665,0.6774193548387096,0.30874641990661633
rf,10198,Cc1cccc(Nc2ncnc3ccncc23)c1N,7.389978885650635,6.929411003351212,1.423178621691845,0.5409836065573771,0.460567882299423
rf,10199,Cc1cccc(Nc2ncnc3ccncc23)c1NCCCCN(C)C,8.260032653808594,7.583613899230957,1.2317963714594997,0.6825396825396826,0.6764187545776368
rf,11133,Fc1c(Br)cccc1Nc1ncnc2ccncc12,7.88008451461792,8.311156623840333,1.0849655863441725,0.5882352941176471,0.4310721092224128
rf,11151,Fc1cc2ncnc(Nc3cccc(Br)c3)c2cn1,7.886056423187256,8.12972768945694,0.8191950146418729,0.6444444444444445,0.2436712662696845
rf,11753,NNc1c(Br)cccc1Nc1ncnc2ccncc12,8.140021324157715,7.969745252927144,1.2162009604086248,0.6101694915254238,0.1702760712305711
rf,11754,NNc1cc2ncnc(Nc3cccc(Br)c3)c2cn1,8.149384498596191,8.417285167884828,0.7731724516477965,0.6170212765957447,0.2679006692886361
rf,11798,Nc1c(Br)cccc1Nc1ncnc2ccncc12,8.0,7.962989754041035,1.2318127576981996,0.55,0.03701024595896474
rf,11799,Nc1c(Cl)cccc1Nc1ncnc2ccncc12,6.919987201690674,6.877825569232305,1.4432619185572686,0.46,0.04216163245836846
rf,11800,Nc1c(F)cccc1Nc1ncnc2ccncc12,6.0699992179870605,7.0646466646194455,1.3910560134866654,0.46,0.9946474466323849
rf,11801,Nc1c(Nc2ncnc3ccncc23)cccc1[N+](=O)[O-],7.389978885650635,6.810831994581223,1.465916547136013,0.43548387096774194,0.5791468910694118
rf,11802,Nc1c(O)cccc1Nc1ncnc2ccncc12,7.150028228759766,6.868306577444076,1.4263633657607513,0.46,0.2817216513156895
rf,11808,Nc1cc(Br)ccc1Nc1ncnc2ccncc12,7.590066909790039,8.068037673950196,1.0326222934088765,0.4339622641509434,0.4779707641601565
rf,11809,Nc1cc(C(F)(F)F)ccc1Nc1ncnc2ccncc12,5.320000171661377,6.855651149272918,1.3720837471012073,0.43103448275862066,1.5356509776115415
rf,11824,Nc1cc2ncnc(Nc3ccc(Br)cc3)c2cn1,7.045757293701172,7.288014557456971,1.4315173214012828,0.6590909090909091,0.24225726375579892
rf,11825,Nc1cc2ncnc(Nc3ccc(C(F)(F)F)cc3)c2cn1,5.327902317047119,6.066704459444682,1.114118780581066,0.6808510638297872,0.7388021423975628
rf,11826,Nc1cc2ncnc(Nc3ccc([N+](=O)[O-])cc3)c2cn1,4.187086582183838,5.941699668184916,1.1295524720869192,0.6938775510204082,1.7546130860010782
rf,11829,Nc1cc2ncnc(Nc3cccc(Br)c3)c2cn1,8.0,8.144857158374787,0.9182714440670255,0.6666666666666666,0.14485715837478708
rf,11830,Nc1cc2ncnc(Nc3cccc(C(F)(F)F)c3)c2cn1,7.823908805847168,6.501632475535074,1.1123515937706494,0.6666666666666666,1.3222763303120937
rf,11831,Nc1cc2ncnc(Nc3cccc(Cl)c3)c2cn1,6.92081880569458,6.747500204086304,1.1419808528901911,0.6666666666666666,0.17331860160827617
rf,11832,Nc1cc2ncnc(Nc3cccc(F)c3)c2cn1,6.07572078704834,6.556496675491333,1.1820549182587414,0.6666666666666666,0.48077588844299335
rf,11833,Nc1cc2ncnc(Nc3cccc(I)c3)c2cn1,6.585026741027832,6.595555106798807,1.2601723702166718,0.6666666666666666,0.010528365770975157
rf,11834,Nc1cc2ncnc(Nc3cccc(O)c3)c2cn1,7.15490198135376,6.694329347292582,1.2150652555811905,0.6666666666666666,0.46057263406117777
rf,11835,Nc1cc2ncnc(Nc3cccc([N+](=O)[O-])c3)c2cn1,7.397940158843994,6.272890045801798,1.273686729849983,0.6792452830188679,1.125050113042196
rf,11836,Nc1cc2ncnc(Nc3ccccc3)c2cn1,6.602059841156006,6.1833221044540405,1.1404946754269838,0.75,0.41873773670196535
rf,11837,Nc1cc2ncnc(Nc3ccccc3Br)c2cn1,6.619788646697998,7.611316149711609,1.305235917397624,0.574468085106383,0.9915275030136108
rf,11838,Nc1cc2ncnc(Nc3ccccc3C(F)(F)F)c2cn1,5.0,6.130862264633179,1.26633179406173,0.6938775510204082,1.130862264633179
rf,11839,Nc1cc2ncnc(Nc3ccccc3N)c2cn1,5.274920463562012,6.077665719985962,1.296408497721466,0.6222222222222222,0.8027452564239503
rf,11840,Nc1cc2ncnc(Nc3ccccc3[N+](=O)[O-])c2cn1,5.903090000152588,5.958956613540649,1.2659406131265531,0.6730769230769231,0.055866613388061204
rf,11861,Nc1ccc(Nc2ncnc3cc(N)ncc23)cc1,5.229147911071777,6.050872657712301,1.1528411236640512,0.6829268292682927,0.8217247466405233
rf,11910,Nc1cccc(Nc2ncnc3cc(N)ncc23)c1,5.809668064117432,6.504661847750345,1.1995059431925479,0.7142857142857143,0.6949937836329134
rf,11925,Nc1ccccc1Nc1ncnc2cc(Br)ncc12,6.610001564025879,7.711420566558838,1.1966710564113923,0.47058823529411764,1.1014190025329587
rf,11926,Nc1ccccc1Nc1ncnc2ccncc12,6.599997520446777,6.697578856547673,1.4418583975953256,0.5333333333333333,0.09758133610089548
rf,12736,O=C(O)CCCNc1c(Br)cccc1Nc1ncnc2ccncc12,9.55005931854248,8.262624753316242,1.1461094814964043,0.6515151515151515,1.2874345652262384
rf,12737,O=C(O)CCCNc1cc2ncnc(Nc3cccc(Br)c3)c2cn1,9.551450729370117,8.654803249200183,0.7101823788681724,0.65625,0.8966474801699338
rf,12739,O=C(O)CCNc1c(Br)cccc1Nc1ncnc2ccncc12,9.209996223449707,8.235276575406392,1.1495231039705989,0.6507936507936508,0.9747196480433153
rf,12741,O=C(O)CCNc1cc2ncnc(Nc3cccc(Br)c3)c2cn1,9.214670181274414,8.622833887894947,0.7059759059893111,0.6451612903225806,0.5918362933794672
rf,12752,O=C(O)CNc1c(Br)cccc1Nc1ncnc2ccncc12,8.819873809814453,7.960963883717855,1.3102672047224202,0.6190476190476191,0.8589099260965982
rf,12754,O=C(O)CNc1cc2ncnc(Nc3cccc(Br)c3)c2cn1,8.821891784667969,8.375992201328277,0.9563726726339845,0.6129032258064516,0.44589958333969193
rf,13105,O=S(=O)(O)CCNc1c(Br)cccc1Nc1ncnc2ccncc12,8.849858283996582,8.152179923375448,1.283295806099147,0.6507936507936508,0.6976783606211345
rf,13106,O=S(=O)(O)CCNc1cc2ncnc(Nc3cccc(Br)c3)c2cn1,8.849858283996582,8.509698797225953,0.9262066777158785,0.6451612903225806,0.340159486770629
rf,13191,OCC(CO)Nc1cc2ncnc(Nc3cccc(Br)c3)c2cn1,7.851864814758301,8.332898262739182,0.8094261402412123,0.5714285714285714,0.4810334479808809
rf,13193,OCC(O)C(O)C(O)C(O)CNc1cc2ncnc(Nc3cccc(Br)c3)c2cn1,8.319393157958984,8.557541049957276,0.7869062384413342,0.5757575757575758,0.23814789199829178
rf,13195,OCC(O)CNc1c(Br)cccc1Nc1ncnc2ccncc12,9.02997875213623,8.103401464780172,1.2185429198428288,0.6,0.9265772873560589
rf,13197,OCC(O)CNc1cc2ncnc(Nc3cccc(Br)c3)c2cn1,9.036211967468262,8.493543417930603,0.7932793751137881,0.59375,0.5426685495376589
rf,13210,OCCN(CCO)CCCNc1c(Br)cccc1Nc1ncnc2ccncc12,8.920095443725586,8.19824285062154,1.1239677146361402,0.6515151515151515,0.721852593104046
rf,13212,OCCN(CCO)CCCNc1cc2ncnc(Nc3cccc(Br)c3)c2cn1,8.920456886291504,8.488709183692933,0.8100556245523364,0.6461538461538462,0.431747702598571
rf,13213,OCCN(CCO)CCNc1c(Br)cccc1Nc1ncnc2ccncc12,8.02997875213623,8.20425322850545,1.10102842618597,0.640625,0.1742744763692201
rf,13215,OCCN(CCO)CCNc1cc2ncnc(Nc3cccc(Br)c3)c2cn1,8.038108825683594,8.429317138671875,0.8236975184828551,0.625,0.3912083129882813
rf,13217,OCCN(CCO)c1c(Br)cccc1Nc1ncnc2ccncc12,7.920095443725586,7.845663585980733,1.194096098638917,0.5151515151515151,0.07443185774485261
rf,13218,OCCN(CCO)c1cc2ncnc(Nc3cccc(Br)c3)c2cn1,7.920457363128662,7.877085812807083,0.7341831441626557,0.5471698113207547,0.04337155032157902
rf,13224,OCCNc1c(Br)cccc1Nc1ncnc2ccncc12,9.60994815826416,8.355732905705768,1.0755499186647623,0.7068965517241379,1.2542152525583923
rf,13226,OCCNc1cc2ncnc(Nc3cccc(Br)c3)c2cn1,9.619879722595215,8.689850559711456,0.6010797085027917,0.6896551724137931,0.9300291628837591
rf,13240,OCN(CO)c1c(Br)cccc1Nc1ncnc2ccncc12,7.849857807159424,7.95736160214742,1.2230280009191417,0.5230769230769231,0.10750379498799578
rf,4279,CCN(CC)[C@H]1CO[C@H]2[C@@H]1OC[C@@H]2Oc1cc2ncnc(Nc3ccc(Br)c(Cl)c3)c2cc1OC,7.301030158996582,6.784749662399292,0.9456083592504074,0.7236842105263158,0.5162804965972905
rf,4602,CCO[C@H]1CO[C@H]2[C@@H]1OC[C@@H]2Oc1cc2ncnc(Nc3ccc(Br)c(Cl)c3)c2cc1OC,7.301030158996582,7.1952904624938965,0.468825541108065,0.7534246575342466,0.10573969650268555
rf,5977,CN[C@H]1CO[C@H]2[C@@H]1OC[C@@H]2Oc1cc2ncnc(Nc3ccc(Br)c(Cl)c3)c2cc1OC,7.301030158996582,6.919986564636231,0.7846540230939296,0.7534246575342466,0.3810435943603512
rf,6465,CO[C@@H]1COC2C1OC[C@H]2Oc1cc2ncnc(Nc3ccc(F)c(Cl)c3)c2cc1NC(=O)/C=C/CN(C)C,9.397939682006836,8.724075404230753,0.7069971014245967,0.7441860465116279,0.673864277776083
rf,7150,COc1cc(Nc2ncnc3cc(O[C@@H]4CO[C@@H]5[C@H]4OC[C@H]5F)c(OC)cc23)c(OC)cc1Cl,7.301030158996582,7.332787672996521,0.370591425959506,0.6944444444444444,0.03175751399993931
rf,7168,COc1cc(OC)c(Nc2ncnc3cc(O[C@@H]4CO[C@@H]5[C@H]4OC[C@H]5F)c(OC)cc23)cc1Cl,7.301030158996582,7.300290711402893,0.2802518134738153,0.6944444444444444,0.0007394475936886025
rf,7221,COc1cc2c(Nc3c(F)cc(F)cc3Br)ncnc2cc1O[C@@H]1CO[C@@H]2[C@H]1OC[C@H]2F,7.301030158996582,6.800775050401688,0.7567695608502635,0.6153846153846154,0.5002551085948941
rf,7222,COc1cc2c(Nc3c(F)cc(F)cc3F)ncnc2cc1O[C@@H]1CO[C@@H]2[C@H]1OC[C@H]2F,7.301030158996582,6.618541945934296,0.5942266363793507,0.6575342465753424,0.6824882130622862
rf,7223,COc1cc2c(Nc3c(F)cccc3F)ncnc2cc1O[C@@H]1CO[C@@H]2[C@H]1OC[C@H]2F,7.301030158996582,6.646304232120514,0.6709833573313594,0.6712328767123288,0.6547259268760683
rf,7225,COc1cc2c(Nc3cc(Br)cc(C(F)(F)F)c3)ncnc2cc1O[C@@H]1CO[C@@H]2[C@H]1OC[C@H]2F,7.301030158996582,7.04604948846499,0.7482206964832313,0.631578947368421,0.2549806705315918
rf,7226,COc1cc2c(Nc3cc(C(F)(F)F)ccc3Br)ncnc2cc1O[C@@H]1CO[C@@H]2[C@H]1OC[C@H]2F,7.301030158996582,7.0065245545705155,0.7901893889742048,0.6049382716049383,0.29450560442606655
rf,7227,COc1cc2c(Nc3cc(C(F)(F)F)ccc3Cl)ncnc2cc1O[C@@H]1CO[C@@H]2[C@H]1OC[C@H]2F,7.301030158996582,7.0480101842880245,0.7232752287945465,0.6455696202531646,0.2530199747085575
rf,7228,COc1cc2c(Nc3cc(C)cc(C)c3)ncnc2cc1O[C@@H]1CO[C@@H]2[C@H]1OC[C@H]2F,7.301030158996582,6.962484767436981,0.6339591710494816,0.7164179104477612,0.3385453915596006
rf,7239,COc1cc2c(Nc3cc(Cl)c(Br)cc3F)ncnc2cc1O[C@@H]1CO[C@@H]2[C@H]1OC[C@H]2F,7.301030158996582,7.300070317268371,0.2365022997456823,0.7162162162162162,0.0009598417282106197
rf,7241,COc1cc2c(Nc3cc(Cl)c(Br)cc3F)ncnc2cc1O[C@H]1CO[C@H]2[C@@H]1OC[C@@H]2OC,7.301030158996582,7.2866401872634885,0.18570304668959922,0.8115942028985508,0.014389971733093532
rf,7243,COc1cc2c(Nc3cc(Cl)c(Cl)c(Cl)c3)ncnc2cc1O[C@@H]1CO[C@@H]2[C@H]1OC[C@H]2F,7.301030158996582,7.2685519927978515,0.518623765585162,0.7183098591549296,0.03247816619873056
rf,7253,COc1cc2c(Nc3cc(Cl)c(Cl)cc3F)ncnc2cc1O[C@@H]1CO[C@@H]2[C@H]1OC[C@H]2F,7.301030158996582,7.296360399246216,0.25450168580700294,0.7,0.004669759750366431
rf,7255,COc1cc2c(Nc3cc(Cl)c(Cl)cc3F)ncnc2cc1O[C@H]1CO[C@H]2[C@@H]1OC[C@@H]2OC,7.301030158996582,7.2842566051483155,0.20259092952563235,0.8,0.01677355384826651
rf,7256,COc1cc2c(Nc3cc(Cl)ccc3Cl)ncnc2cc1O[C@@H]1CO[C@@H]2[C@H]1OC[C@H]2F,7.301030158996582,7.158998335202535,0.6008254898191467,0.6891891891891891,0.14203182379404744
rf,7258,COc1cc2c(Nc3cc(Cl)ccc3F)ncnc2cc1O[C@@H]1CO[C@@H]2[C@H]1OC[C@H]2F,7.301030158996582,7.226130268414815,0.493045004090025,0.7361111111111112,0.07489989058176683
rf,7259,COc1cc2c(Nc3cc(F)c(Br)c(Cl)c3)ncnc2cc1O[C@@H]1CO[C@@H]2[C@H]1OC[C@H]2F,7.301030158996582,7.1602631979624425,0.6095167869461484,0.7297297297297297,0.14076696103413955
rf,7262,COc1cc2c(Nc3cc(F)c(F)cc3F)ncnc2cc1O[C@@H]1CO[C@@H]2[C@H]1OC[C@H]2F,7.301030158996582,7.074088464260101,0.49650832156000013,0.6712328767123288,0.22694169473648085
rf,7264,COc1cc2c(Nc3cc(F)cc(F)c3)ncnc2cc1O[C@@H]1CO[C@@H]2[C@H]1OC[C@H]2F,7.301030158996582,7.015033556461335,0.6102584644481324,0.7142857142857143,0.2859966025352474
rf,7265,COc1cc2c(Nc3cc(F)ccc3F)ncnc2cc1O[C@@H]1CO[C@@H]2[C@H]1OC[C@H]2F,7.301030158996582,7.158523425896962,0.5957613092954432,0.6756756756756757,0.14250673309962014
rf,7290,COc1cc2c(Nc3ccc(Br)c(Cl)c3)ncnc2cc1O[C@@H]1CO[C@H]2[C@@H]1OC[C@@H]2C(F)(F)F,7.301030158996582,7.325645506858826,0.27708437724615864,0.7432432432432432,0.02461534786224373
rf,7291,COc1cc2c(Nc3ccc(Br)c(Cl)c3)ncnc2cc1O[C@@H]1CO[C@H]2[C@@H]1OC[C@@H]2NC(F)(F)F,7.301030158996582,6.939406220197679,0.6453077940117636,0.7142857142857143,0.3616239387989033
rf,7292,COc1cc2c(Nc3ccc(Br)c(Cl)c3)ncnc2cc1O[C@@H]1CO[C@H]2[C@@H]1OC[C@@H]2NS(C)(=O)=O,7.301030158996582,6.874846143881479,0.7340724334112031,0.7051282051282052,0.42618401511510307
rf,7293,COc1cc2c(Nc3ccc(Br)c(Cl)c3)ncnc2cc1O[C@@H]1CO[C@H]2[C@@H]1OC[C@@H]2O,7.301030158996582,7.431580332756043,0.3594659249745467,0.84375,0.13055017375946054
rf,7294,COc1cc2c(Nc3ccc(Br)c(Cl)c3)ncnc2cc1O[C@@H]1CO[C@H]2[C@@H]1OC[C@@H]2OS(C)(=O)=O,7.301030158996582,7.311170131206512,0.5471053036043442,0.7432432432432432,0.010139972209930015
rf,7297,COc1cc2c(Nc3ccc(Br)c(Cl)c3)ncnc2cc1O[C@H]1CO[C@@H]2CCO[C@H]12,7.301030158996582,7.297049161911011,0.17331327976042657,0.7361111111111112,0.00398099708557087
rf,7298,COc1cc2c(Nc3ccc(Br)c(Cl)c3)ncnc2cc1O[C@H]1CO[C@@H]2[C@@H](OC)[C@@H](OC)O[C@@H]21,7.301030158996582,7.304831267356873,0.3500467834585747,0.7272727272727273,0.0038011083602906837
rf,7299,COc1cc2c(Nc3ccc(Br)c(Cl)c3)ncnc2cc1O[C@H]1CO[C@@H]2[C@@H](OC)[C@H](OC)O[C@@H]21,7.301030158996582,7.304831267356873,0.3500467834585747,0.7272727272727273,0.0038011083602906837
rf,7301,COc1cc2c(Nc3ccc(Br)c(Cl)c3)ncnc2cc1O[C@H]1CO[C@H]2[C@@H]1OC[C@@H]2N,7.301030158996582,7.307568910439809,0.2666392191341118,0.7638888888888888,0.006538751443226687
rf,7306,COc1cc2c(Nc3ccc(Br)c(Cl)c3)ncnc2cc1O[C@H]1CO[C@H]2[C@@H]1OC[C@@H]2NC(C)=O,7.301030158996582,6.736981652259827,0.8346986208746258,0.7051282051282052,0.5640485067367553
rf,7307,COc1cc2c(Nc3ccc(Br)c(Cl)c3)ncnc2cc1O[C@H]1CO[C@H]2[C@@H]1OC[C@@H]2O,7.301030158996582,7.431580332756043,0.3594659249745467,0.84375,0.13055017375946054
rf,7308,COc1cc2c(Nc3ccc(Br)c(Cl)c3)ncnc2cc1O[C@H]1CO[C@H]2[C@@H]1OC[C@@H]2OC,7.301030158996582,7.299641346931457,0.019432017125053044,0.7971014492753623,0.001388812065124867
rf,7309,COc1cc2c(Nc3ccc(Br)c(Cl)c3)ncnc2cc1O[C@H]1CO[C@H]2[C@@H]1OC[C@@H]2OC(C)=O,7.301030158996582,6.767899157524109,0.538816285063616,0.8484848484848485,0.5331310014724728
rf,7310,COc1cc2c(Nc3ccc(Br)c(Cl)c3)ncnc2cc1O[C@H]1CO[C@H]2[C@@H]1OC[C@@H]2OC(F)F,7.301030158996582,7.283717816193899,0.17266077375528013,0.7432432432432432,0.01731234280268268
rf,7311,COc1cc2c(Nc3ccc(Br)c(Cl)c3)ncnc2cc1O[C@H]1CO[C@H]2[C@@H]1OC[C@@H]2S(C)(=O)=O,7.301030158996582,7.257520900726318,0.2775437770261284,0.7236842105263158,0.043509258270264084
rf,7312,COc1cc2c(Nc3ccc(Br)c(Cl)c3)ncnc2cc1O[C@H]1CO[C@H]2[C@@H]1OC[C@@H]2SC,7.301030158996582,7.229284894943238,0.350479140639371,0.7432432432432432,0.07174526405334447
rf,7313,COc1cc2c(Nc3ccc(Br)c(Cl)c3)ncnc2cc1O[C@H]1CO[C@H]2[C@@H]1OC[C@H]2OC,6.790435314178467,7.299641346931457,0.019432017125053044,0.7971014492753623,0.5092060327529904
rf,7324,COc1cc2c(Nc3ccc(Br)c(Cl)c3Cl)ncnc2cc1O[C@@H]1CO[C@@H]2[C@H]1OC[C@H]2F,7.301030158996582,7.288040092468262,0.2462068451668437,0.7534246575342466,0.012990066528320021
rf,7326,COc1cc2c(Nc3ccc(Br)c(Cl)c3Cl)ncnc2cc1O[C@H]1CO[C@H]2[C@@H]1OC[C@@H]2OC,7.301030158996582,7.279104514122009,0.25944184698495676,0.8059701492537313,0.021925644874572825
rf,7343,COc1cc2c(Nc3ccc(Br)c(Cl)c3F)ncnc2cc1O[C@@H]1CO[C@@H]2[C@H]1OC[C@H]2F,7.301030158996582,7.37432753944397,0.4831470022474596,0.72,0.07329738044738754
rf,7345,COc1cc2c(Nc3ccc(Br)c(Cl)c3F)ncnc2cc1O[C@H]1CO[C@H]2[C@@H]1OC[C@@H]2OC,7.301030158996582,7.36361550617218,0.4836706857928462,0.8142857142857143,0.06258534717559794
rf,7347,COc1cc2c(Nc3ccc(Br)cc3)ncnc2cc1O[C@@H]1CO[C@@H]2[C@H]1OC[C@H]2F,7.301030158996582,6.970241572856903,0.6622102203197187,0.7727272727272727,0.3307885861396791
rf,7351,COc1cc2c(Nc3ccc(Br)cc3Cl)ncnc2cc1O[C@@H]1CO[C@@H]2[C@H]1OC[C@H]2F,7.301030158996582,7.266297822475433,0.3541711675564734,0.6933333333333334,0.03473233652114871
rf,7366,COc1cc2c(Nc3ccc(Br)cc3F)ncnc2cc1O[C@@H]1CO[C@@H]2[C@H]1OC[C@H]2F,7.301030158996582,7.03436847305298,0.49219364464503046,0.68,0.2666616859436024
rf,7369,COc1cc2c(Nc3ccc(C(F)(F)F)cc3Br)ncnc2cc1O[C@@H]1CO[C@@H]2[C@H]1OC[C@H]2F,7.301030158996582,6.978713505983353,0.7900995881686257,0.625,0.3223166530132291
rf,7374,COc1cc2c(Nc3ccc(C)c(Br)c3)ncnc2cc1O[C@@H]1CO[C@@H]2[C@H]1OC[C@H]2F,7.301030158996582,7.171470068359374,0.7896821064798747,0.6944444444444444,0.12956009063720764
rf,7380,COc1cc2c(Nc3ccc(Cl)c(C(F)(F)F)c3)ncnc2cc1O[C@@H]1CO[C@@H]2[C@H]1OC[C@H]2F,7.301030158996582,7.2723837604522705,0.39966715211042186,0.6666666666666666,0.028646398544311502
rf,7583,COc1cc2c(Nc3ccc(Cl)c(Cl)c3)ncnc2cc1O[C@@H]1CO[C@@H]2[C@H]1OC[C@H]2F,7.301030158996582,7.303951365470886,0.17843652961812445,0.7424242424242424,0.00292120647430405
rf,7585,COc1cc2c(Nc3ccc(Cl)c(Cl)c3)ncnc2cc1O[C@H]1CO[C@H]2[C@@H]1OC[C@@H]2OC,7.301030158996582,7.294164825439453,0.09565131200593537,0.796875,0.0068653335571289276
rf,7588,COc1cc2c(Nc3ccc(Cl)c(Cl)c3Cl)ncnc2cc1O[C@@H]1CO[C@@H]2[C@H]1OC[C@H]2F,7.301030158996582,7.286130919456482,0.2691535897455559,0.7746478873239436,0.014899239540100417
rf,7590,COc1cc2c(Nc3ccc(Cl)c(Cl)c3Cl)ncnc2cc1O[C@H]1CO[C@H]2[C@@H]1OC[C@@H]2OC,7.301030158996582,7.274264029502868,0.28940671716078153,0.7761194029850746,0.02676612949371382
rf,7613,COc1cc2c(Nc3ccc(Cl)c(Cl)c3F)ncnc2cc1O[C@@H]1CO[C@@H]2[C@H]1OC[C@H]2F,7.301030158996582,7.361959471225738,0.593611685602495,0.7123287671232876,0.060929312229156096
rf,7615,COc1cc2c(Nc3ccc(Cl)c(Cl)c3F)ncnc2cc1O[C@H]1CO[C@H]2[C@@H]1OC[C@@H]2OC,7.301030158996582,7.351271412849426,0.5851834621117309,0.8088235294117647,0.05024125385284428
rf,7617,COc1cc2c(Nc3ccc(Cl)cc3)ncnc2cc1O[C@@H]1CO[C@@H]2[C@H]1OC[C@H]2F,7.301030158996582,6.961126105308533,0.6489256370563278,0.7941176470588235,0.3399040536880493
rf,7618,COc1cc2c(Nc3ccc(Cl)cc3C)ncnc2cc1O[C@@H]1CO[C@@H]2[C@H]1OC[C@H]2F,7.301030158996582,7.055209277153015,0.6879174875573872,0.6933333333333334,0.2458208818435672
rf,7620,COc1cc2c(Nc3ccc(Cl)cc3Cl)ncnc2cc1O[C@@H]1CO[C@@H]2[C@H]1OC[C@H]2F,7.301030158996582,7.200483469804127,0.48189123290740443,0.7123287671232876,0.10054668919245469
rf,7633,COc1cc2c(Nc3ccc(Cl)cc3F)ncnc2cc1O[C@@H]1CO[C@@H]2[C@H]1OC[C@H]2F,7.301030158996582,6.914274288177491,0.6607094139868237,0.726027397260274,0.38675587081909146
rf,7634,COc1cc2c(Nc3ccc(F)c(C(F)(F)F)c3)ncnc2cc1O[C@@H]1CO[C@@H]2[C@H]1OC[C@H]2F,7.301030158996582,7.111590119361877,0.6717045160002592,0.6842105263157895,0.18944003963470468
rf,7643,COc1cc2c(Nc3ccc(F)c(Cl)c3)ncnc2cc1O[C@@H]1CO[C@@H]2[C@H]1OC[C@H]2F,7.301030158996582,7.435221011018753,0.6558126081160888,0.75,0.1341908520221713
rf,7653,COc1cc2c(Nc3ccc(F)c(Cl)c3F)ncnc2cc1O[C@@H]1CO[C@@H]2[C@H]1OC[C@H]2F,7.301030158996582,7.222138820648193,0.6441278178556514,0.7066666666666667,0.0788913383483889
rf,7655,COc1cc2c(Nc3ccc(F)c(Cl)c3F)ncnc2cc1O[C@H]1CO[C@H]2[C@@H]1OC[C@@H]2OC,7.301030158996582,7.197252449035645,0.6562587083943224,0.7857142857142857,0.10377770996093716
rf,7658,COc1cc2c(Nc3ccc(F)c(F)c3)ncnc2cc1O[C@@H]1CO[C@@H]2[C@H]1OC[C@H]2F,7.301030158996582,7.07069929265976,0.6258592600779599,0.7571428571428571,0.2303308663368222
rf,7659,COc1cc2c(Nc3ccc(F)c(F)c3F)ncnc2cc1O[C@@H]1CO[C@@H]2[C@H]1OC[C@H]2F,7.301030158996582,7.194209141699473,0.7180177825555527,0.6756756756756757,0.10682101729710869
rf,7661,COc1cc2c(Nc3ccc(F)cc3)ncnc2cc1O[C@@H]1CO[C@@H]2[C@H]1OC[C@H]2F,6.279840469360352,6.96400526189804,0.6421153034596413,0.7727272727272727,0.6841647925376888
rf,7662,COc1cc2c(Nc3ccc(F)cc3Br)ncnc2cc1O[C@@H]1CO[C@@H]2[C@H]1OC[C@H]2F,7.301030158996582,7.205671630779903,0.540262367196354,0.6493506493506493,0.09535852821667934
rf,7663,COc1cc2c(Nc3ccc(F)cc3C(F)(F)F)ncnc2cc1O[C@@H]1CO[C@@H]2[C@H]1OC[C@H]2F,7.301030158996582,7.786751851081848,0.8954978765155802,0.6329113924050633,0.4857216920852663
rf,7667,COc1cc2c(Nc3ccc(F)cc3Cl)ncnc2cc1O[C@@H]1CO[C@@H]2[C@H]1OC[C@H]2F,7.301030158996582,7.276423158804576,0.3797071884652343,0.6933333333333334,0.024607000192006012
rf,7668,COc1cc2c(Nc3ccc(F)cc3F)ncnc2cc1O[C@@H]1CO[C@@H]2[C@H]1OC[C@H]2F,7.301030158996582,7.016322284539541,0.5981177721659745,0.6891891891891891,0.28470787445704104
rf,7768,COc1cc2c(Nc3cccc(Br)c3)ncnc2cc1O[C@@H]1CO[C@@H]2[C@H]1OC[C@H]2F,7.301030158996582,7.126544837474823,0.913627395583876,0.6805555555555556,0.17448532152175922
rf,7771,COc1cc2c(Nc3cccc(Br)c3C)ncnc2cc1O[C@H]1CO[C@H]2[C@@H]1OC[C@@H]2OC,7.301030158996582,7.077437527974447,0.7828555099136018,0.6,0.223592631022135
rf,7773,COc1cc2c(Nc3cccc(C(F)(F)F)c3F)ncnc2cc1O[C@@H]1CO[C@@H]2[C@H]1OC[C@H]2F,7.301030158996582,7.277993841807048,0.8477111890355953,0.6049382716049383,0.023036317189534472
rf,7774,COc1cc2c(Nc3cccc(Cl)c3)ncnc2cc1O[C@@H]1CO[C@@H]2[C@H]1OC[C@H]2F,7.301030158996582,7.1908527936935425,0.8447081338942622,0.7123287671232876,0.11017736530303956
rf,7776,COc1cc2c(Nc3cccc(Cl)c3C)ncnc2cc1O[C@@H]1CO[C@@H]2[C@H]1OC[C@H]2F,7.301030158996582,7.260938389460246,0.6039297356478656,0.6710526315789473,0.04009176953633631
rf,7777,COc1cc2c(Nc3cccc(Cl)c3C)ncnc2cc1O[C@H]1CO[C@H]2[C@@H]1OC[C@@H]2OC,7.301030158996582,7.2597483399709075,0.5927580092526695,0.6056338028169014,0.041281819025674515
rf,7781,COc1cc2c(Nc3cccc(Cl)c3F)ncnc2cc1O[C@@H]1CO[C@@H]2[C@H]1OC[C@H]2F,7.301030158996582,7.510645609823862,0.6734655665882682,0.6623376623376623,0.20961545082727984
rf,7782,COc1cc2c(Nc3cccc(Cl)c3F)ncnc2cc1O[C@H]1CO[C@H]2[C@@H]1OC[C@@H]2F,7.301030158996582,7.510645609823862,0.6734655665882682,0.6623376623376623,0.20961545082727984
rf,7783,COc1cc2c(Nc3cccc(Cl)c3F)ncnc2cc1O[C@H]1CO[C@H]2[C@@H]1OC[C@@H]2OC,7.301030158996582,7.500164449818929,0.6591593521395209,0.6621621621621622,0.19913429082234657
rf,7785,COc1cc2c(Nc3cccc(F)c3F)ncnc2cc1O[C@@H]1CO[C@@H]2[C@H]1OC[C@H]2F,7.301030158996582,7.193789639441172,0.8096812233360451,0.6447368421052632,0.10724051955541025
rf,7786,COc1cc2c(Nc3ccccc3Br)ncnc2cc1O[C@@H]1CO[C@@H]2[C@H]1OC[C@H]2F,7.301030158996582,7.075877459049225,0.7469213233180126,0.6447368421052632,0.22515269994735743
rf,7787,COc1cc2c(Nc3ccccc3Cl)ncnc2cc1O[C@@H]1CO[C@@H]2[C@H]1OC[C@H]2F,7.301030158996582,7.212092415809631,0.7274976318662801,0.6891891891891891,0.08893774318695069
rf,7788,COc1cc2c(Nc3ccccc3F)ncnc2cc1O[C@@H]1CO[C@@H]2[C@H]1OC[C@H]2F,7.301030158996582,7.019827537059784,0.7369606879157289,0.6621621621621622,0.28120262193679846
rf,8895,COc1ccc(OC)c(Nc2ncnc3cc(O[C@@H]4CO[C@@H]5[C@H]4OC[C@H]5F)c(OC)cc23)c1,7.301030158996582,6.629787919871012,0.7068825367750451,0.6712328767123288,0.6712422391255704
rf,105,Brc1cccc(Nc2ncnc3cnccc23)c1,7.29119873046875,8.116221105051041,1.0095258638789628,0.6590909090909091,0.8250223745822911
rf,124,C#CC(=O)Nc1cc2c(Nc3cccc(Br)c3)ncnc2cn1,8.522878646850586,8.288567733844122,0.5468225070787024,0.65,0.234310913006464
rf,329,C/C=C/C(=O)Cc1cc2c(Nc3cccc(Br)c3)ncnc2cn1,9.299988746643066,8.291482692718505,0.5763273843023446,0.7758620689655172,1.0085060539245614
rf,343,C/C=C/C(=O)Nc1cc2c(Nc3cccc(Br)c3)ncnc2cn1,8.707269668579102,8.099213532018661,0.6404489873095978,0.7719298245614035,0.6080561365604407
rf,378,C=C(C)C(=O)Cc1cc2c(Nc3cccc(Br)c3)ncnc2cn1,8.799970626831055,8.419788392305374,0.6568561119625783,0.6612903225806451,0.38018223452568023
rf,386,C=C(C)C(=O)Nc1cc2c(Nc3cccc(Br)c3)ncnc2cn1,8.076213836669922,8.384655569791795,0.6175215291356566,0.639344262295082,0.30844173312187273
rf,435,C=C/C=C/C(=O)Cc1cc2c(Nc3cccc(Br)c3)ncnc2cn1,8.960189819335938,8.28004247379303,0.609440882292573,0.75,0.6801473455429079
rf,436,C=C/C=C/C(=O)Nc1cc2c(Nc3cccc(Br)c3)ncnc2cn1,8.26362133026123,8.098701846837997,0.6073946770351494,0.7457627118644068,0.16491948342323326
rf,471,C=CC(=O)C(C)c1cc2c(Nc3cccc(Br)c3)ncnc2cn1,9.770062446594238,8.2635475025177,0.5825925268027721,0.6164383561643836,1.5065149440765389
rf,474,C=CC(=O)C(CCN(C)C)c1cc2c(Nc3cccc(Br)c3)ncnc2cn1,8.37996768951416,7.969774632930756,0.7276075337881343,0.68,0.4101930565834042
rf,477,C=CC(=O)Cc1cc2c(Nc3cccc(Br)c3)ncnc2cn1,9.04000473022461,8.271537625789643,0.6233286567484011,0.7413793103448276,0.7684671044349667
rf,493,C=CC(=O)N(C)c1cc2c(Nc3cccc(Br)c3)ncnc2cn1,8.827803611755371,8.245871438980103,0.6519062517004455,0.6164383561643836,0.581932172775268
rf,499,C=CC(=O)N(CCN(C)C)c1cc2c(Nc3cccc(Br)c3)ncnc2cn1,7.009217739105225,7.957809923171997,0.6436797005826939,0.6986301369863014,0.9485921840667721
rf,1873,C=CC(=O)Nc1cc2c(Nc3ccc(F)c(Br)c3)ncnc2cn1,8.910223960876465,8.242768676280976,0.6559501880799351,0.6779661016949152,0.6674552845954889
rf,1907,C=CC(=O)Nc1cc2c(Nc3ccc(F)c(Cl)c3)ncnc2cn1,8.797497749328613,7.802241730848947,0.9066466354994337,0.6666666666666666,0.9952560184796662
rf,1932,C=CC(=O)Nc1cc2c(Nc3cccc(Br)c3)ncnc2cn1,8.754739761352539,8.267308873653413,0.5905665864116169,0.7368421052631579,0.48743088769912646
rf,1935,C=CC(=O)Nc1cc2c(Nc3cccc(C)c3)ncnc2cn1,8.699840545654297,7.6169922847747795,0.9988961692036495,0.5714285714285714,1.0828482608795174
rf,2785,C=CS(=O)(=O)Nc1cc2c(Nc3cccc(Br)c3)ncnc2cn1,9.119186401367188,8.224403278827667,0.6793156299618942,0.5873015873015873,0.8947831225395202
rf,2791,C=CS(=O)(=O)c1cc2c(Nc3cccc(Br)c3)ncnc2cn1,9.366531372070312,8.2627887237072,0.6997790197950021,0.5471698113207547,1.103742648363113
rf,2792,C=C[S+]([O-])c1cc2c(Nc3cccc(Br)c3)ncnc2cn1,8.337242126464844,8.25322064538002,0.6749496752860584,0.5471698113207547,0.08402148108482344
rf,2836,CC#CC(=O)Nc1cc2c(Nc3ccc(F)c(Cl)c3)ncnc2cn1,9.062469482421875,7.533110236088434,1.102608801025745,0.7014925373134329,1.5293592463334411
rf,3000,CC(C(=O)/C=C/C(=O)NCCCN(C)C)c1cc2c(Nc3cccc(Br)c3)ncnc2cn1,8.840131759643555,8.00510526895523,0.7309242336659479,0.5465116279069767,0.8350264906883247
rf,3407,CC(C)N(CC#CC(=O)Nc1cc2c(Nc3ccc(F)c(Cl)c3)ncnc2cn1)C(C)C,7.246612071990967,7.720374881982804,1.0554728082426934,0.684931506849315,0.47376280999183695
rf,3992,CCCC#CC(=O)Nc1cc2c(Nc3ccc(F)c(Cl)c3)ncnc2cn1,8.39363956451416,7.755743196964264,1.083214535793871,0.7761194029850746,0.6378963675498959
rf,4010,CCCCC#CC(=O)Nc1cc2c(Nc3ccc(F)c(Cl)c3)ncnc2cn1,8.085348129272461,7.736932609558106,1.1071500650683939,0.7536231884057971,0.34841551971435525
rf,4070,CCCCN(CC#CC(=O)Nc1cc2c(Nc3ccc(F)c(Cl)c3)ncnc2cn1)CCCC,7.539677619934082,7.64348908495903,1.0880032914286257,0.6756756756756757,0.10381146502494776
rf,4213,CCN(CC)CC#CC(=O)Nc1cc2c(Nc3ccc(F)c(Cl)c3)ncnc2cn1,7.571333885192871,7.712318105459214,1.0458224343149527,0.6944444444444444,0.1409842202663425
rf,4218,CCN(CC)CC(O)CNc1cc2c(Nc3cccc(Br)c3)ncnc2cn1,7.945042133331299,8.398463857173919,0.7447761204435831,0.5735294117647058,0.45342172384262014
rf,4225,CCN(CC)CCCNC(=O)/C=C/C(=O)Cc1cc2c(Nc3cccc(Br)c3)ncnc2cn1,9.140021324157715,8.329289317131042,0.8682673269649083,0.7142857142857143,0.8107320070266724
rf,4226,CCN(CC)CCCNC(=O)/C=C/C(=O)Nc1cc2c(Nc3cccc(Br)c3)ncnc2cn1,7.677780628204346,8.010629075527191,0.6992163735562575,0.7066666666666667,0.3328484473228457
rf,4438,CCOC(=O)/C=C/C(=O)Cc1cc2c(Nc3cccc(Br)c3)ncnc2cn1,8.819873809814453,8.291765108744302,0.7873196472611099,0.703125,0.5281087010701508
rf,4440,CCOC(=O)/C=C/C(=O)Nc1cc2c(Nc3cccc(Br)c3)ncnc2cn1,8.0581693649292,8.014890844074886,0.7164756383339843,0.6875,0.043278520854313385
rf,5324,CN(C)C/C=C/C(=O)Nc1cc2c(Nc3ccc(F)c(Cl)c3)ncnc2cn1,8.849485397338867,7.486812669118245,0.7130336261144646,0.726027397260274,1.3626727282206224
rf,5406,CN(C)CCCCNc1cc2c(Nc3cccc(Br)c3)ncnc2cn1,8.232987403869629,7.978098007392883,0.7256661145305542,0.671875,0.254889396476746
rf,5415,CN(C)CCCNC(=O)/C=C/C(=O)Cc1cc2c(Nc3cccc(Br)c3)ncnc2cn1,8.960189819335938,8.169891509056091,0.8015243730348932,0.72,0.7902983102798462
rf,5417,CN(C)CCCNC(=O)/C=C/C(=O)N(C)c1cc2c(Nc3cccc(Br)c3)ncnc2cn1,7.7765374183654785,8.072299607753754,0.7903358609447482,0.5783132530120482,0.2957621893882756
rf,5418,CN(C)CCCNC(=O)/C=C/C(=O)Nc1cc2c(Nc3cccc(Br)c3)ncnc2cn1,7.2441253662109375,7.93108659029007,0.6019942599978622,0.7027027027027027,0.6869612240791323
rf,5424,CN(C)CCCNc1cc2c(Nc3cccc(Br)c3)ncnc2cn1,8.358349800109863,8.074478281211853,0.6081064245671982,0.6825396825396826,0.2838715188980103
rf,5437,CN(C)CCN(C)c1cc2c(Nc3cccc(Br)c3)ncnc2cn1,7.714378356933594,7.949055855941772,0.7240737221394438,0.6065573770491803,0.23467749900817836
rf,5455,CN(C)CCNc1cc2c(Nc3cccc(Br)c3)ncnc2cn1,8.162569046020508,8.006965354156494,0.5729962269629837,0.6779661016949152,0.15560369186401424
rf,5532,CN(C)c1cc2c(Nc3cccc(Br)c3)ncnc2cn1,8.252923011779785,8.307338560533525,0.6193180195873161,0.6274509803921569,0.054415548753739884
rf,5584,CN(CC(=O)O)c1cc2c(Nc3cccc(Br)c3)ncnc2cn1,9.356547355651855,8.065186671733857,0.854109559609278,0.5882352941176471,1.2913606839179987
rf,5589,CN(CC(O)CO)c1cc2c(Nc3cccc(Br)c3)ncnc2cn1,9.251811981201172,8.229589191675187,0.709252166751095,0.5671641791044776,1.0222227895259852
rf,5599,CN(CCO)CCNc1cc2c(Nc3cccc(Br)c3)ncnc2cn1,8.16909408569336,8.095717861175537,0.5875139368201175,0.6268656716417911,0.07337622451782266
rf,5604,CN(CCO)c1cc2c(Nc3cccc(Br)c3)ncnc2cn1,9.657577514648438,7.97704680943489,0.707715411114092,0.5882352941176471,1.6805307052135472
rf,5983,CNc1cc2c(Nc3cccc(Br)c3)ncnc2cn1,9.491483688354492,8.43199156498909,0.5031538944616846,0.6428571428571429,1.059492123365402
rf,5984,CNc1cc2c(Nc3cccc(C(F)(F)F)c3)ncnc2cn1,8.95860767364502,7.106634340763092,1.139367538361044,0.5245901639344263,1.8519733328819274
rf,5985,CNc1cc2c(Nc3cccc(C)c3)ncnc2cn1,8.49252986907959,7.551447775999704,1.1327038793094661,0.6140350877192983,0.9410820930798858
rf,5986,CNc1cc2c(Nc3cccc(Cl)c3)ncnc2cn1,9.721246719360352,7.0275255223910005,1.0807579779132872,0.5686274509803921,2.693721196969351
rf,5987,CNc1cc2c(Nc3ccccc3)ncnc2cn1,8.045757293701172,6.874307382742563,1.0407423164968257,0.5555555555555556,1.171449910958609
rf,7769,COc1cc2c(Nc3cccc(Br)c3)ncnc2cn1,8.58004379272461,8.231564808321,0.7530380511689434,0.64,0.34847898440360936
rf,10204,Cc1cccc(Nc2ncnc3cnc(N(C)C)cc23)c1,8.552842140197754,7.396899611155192,1.221320637462026,0.62,1.1559425290425622
rf,10206,Cc1cccc(Nc2ncnc3cnc(N)cc23)c1,8.508638381958008,6.985869517962137,1.29811149734684,0.6382978723404256,1.5227688639958705
rf,10764,Clc1cc2c(Nc3cccc(Br)c3)ncnc2cn1,7.3939595222473145,8.048205474328995,0.7214303053881355,0.6444444444444445,0.6542459520816806
rf,11149,Fc1cc2c(Nc3cccc(Br)c3)ncnc2cn1,6.903293609619141,8.24890932197571,0.5964712300542365,0.6444444444444445,1.3456157123565688
rf,11812,Nc1cc2c(Nc3cccc(Br)c3)ncnc2cn1,8.840968132019043,8.268001219940187,0.7054149576176173,0.6444444444444445,0.5729669120788561
rf,12220,O=C(/C=C/Cl)Nc1cc2c(Nc3cccc(Br)c3)ncnc2cn1,8.430060386657715,8.039737652540207,0.6479514293814309,0.7857142857142857,0.3903227341175075
rf,12271,O=C(/C=C\Cl)Cc1cc2c(Nc3cccc(Br)c3)ncnc2cn1,9.160019874572754,8.185446451187135,0.6637743464699412,0.7894736842105263,0.9745734233856194
rf,12740,O=C(O)CCNc1cc2c(Nc3cccc(Br)c3)ncnc2cn1,6.958194732666016,8.347318582375843,0.5379447687384518,0.6666666666666666,1.3891238497098275
rf,12753,O=C(O)CNc1cc2c(Nc3cccc(Br)c3)ncnc2cn1,9.552842140197754,8.266643089771271,0.6515513157864903,0.65,1.2861990504264824
rf,13092,O=S(=O)(CCO)c1cc2c(Nc3cccc(Br)c3)ncnc2cn1,7.02918815612793,8.252612758636475,0.6891336554706122,0.5303030303030303,1.2234246025085458
rf,13094,O=S(=O)(CO)Nc1cc2c(Nc3cccc(Br)c3)ncnc2cn1,7.0299787521362305,8.254129162311553,0.5561983331362039,0.5873015873015873,1.224150410175323
rf,13196,OCC(O)CNc1cc2c(Nc3cccc(Br)c3)ncnc2cn1,9.74472713470459,8.391477160930634,0.46151446030579457,0.6229508196721312,1.3532499737739556
rf,13211,OCCN(CCO)CCCNc1cc2c(Nc3cccc(Br)c3)ncnc2cn1,8.047101974487305,8.220475980758668,0.6609000137649655,0.6363636363636364,0.1733740062713629
rf,13214,OCCN(CCO)CCNc1cc2c(Nc3cccc(Br)c3)ncnc2cn1,8.090128898620605,8.195053101539612,0.6534904850380613,0.6451612903225806,0.1049242029190065
rf,13225,OCCNc1cc2c(Nc3cccc(Br)c3)ncnc2cn1,9.721246719360352,8.453671074390412,0.3651714293270732,0.7142857142857143,1.2675756449699396
rf,2776,C=CCn1nc(-c2ccc(OCC)c(OC)c2)c2c(N)ncnc21,5.2941365242004395,5.582122401364645,1.051373095695098,0.6290322580645161,0.2879858771642052
rf,2985,CC(=O)c1ccc(-c2nn(C(C)C)c3ncnc(N)c23)cc1,4.92081880569458,5.296321677684784,0.8856163514195025,0.6153846153846154,0.3755028719902036
rf,2991,CC(=O)c1cccc(-c2nn(C(C)C)c3ncnc(N)c23)c1,5.552842140197754,5.330053267796834,0.8691796523709788,0.6612903225806451,0.22278887240091994
rf,3313,CC(C)(C)n1nc(-c2ccc(Cl)cc2)c2c(N)ncnc21,6.318758964538574,5.565361915397644,1.018149958542113,0.5079365079365079,0.7533970491409301
rf,3577,CC(C)n1nc(-c2cc(F)c(C=O)c(F)c2)c2c(N)ncnc21,5.0,5.199051620721817,0.8988507868348952,0.625,0.19905162072181692
rf,3578,CC(C)n1nc(-c2cc(F)c(O)cc2F)c2c(N)ncnc21,5.161150932312012,4.883315025138855,0.8322535530513088,0.5454545454545454,0.27783590717315665
rf,3580,CC(C)n1nc(-c2cc(O)cc(Br)c2)c2c(N)ncnc21,6.6038007736206055,5.204165100065867,1.0370208630158313,0.6346153846153846,1.3996356735547382
rf,3581,CC(C)n1nc(-c2cc(O)cc(F)c2)c2c(N)ncnc21,6.239577293395996,5.290565390872955,1.0164033240208166,0.6346153846153846,0.9490119025230408
rf,3585,CC(C)n1nc(-c2ccc(Br)c(O)c2)c2c(N)ncnc21,6.259637355804443,5.463904780356089,0.935314766731233,0.6862745098039216,0.795732575448354
rf,3586,CC(C)n1nc(-c2ccc(C#N)c(F)c2)c2c(N)ncnc21,5.050610065460205,5.14420020236969,0.9014955994288127,0.6481481481481481,0.09359013690948448
rf,3587,CC(C)n1nc(-c2ccc(C#N)c(O)c2)c2c(N)ncnc21,5.585026741027832,5.188391846720378,0.9719831228487773,0.6481481481481481,0.39663489430745447
rf,3589,CC(C)n1nc(-c2ccc(C(N)=O)c(Cl)c2)c2c(N)ncnc21,4.0,5.470353203296662,0.9347455951842089,0.6071428571428571,1.4703532032966624
rf,3590,CC(C)n1nc(-c2ccc(C=O)c(F)c2)c2c(N)ncnc21,5.045757293701172,5.1399715715249386,0.828826333111301,0.6724137931034483,0.09421427782376668
rf,3591,CC(C)n1nc(-c2ccc(CC#N)cc2)c2c(N)ncnc21,4.886056423187256,4.991934267520905,0.8152150269345739,0.6538461538461539,0.10587784433364877
rf,3592,CC(C)n1nc(-c2ccc(Cl)c(O)c2)c2c(N)ncnc21,6.801342964172363,5.435083827972412,0.9427497425452294,0.6862745098039216,1.3662591361999512
rf,3593,CC(C)n1nc(-c2ccc(F)c(C#N)c2)c2c(N)ncnc21,4.0,5.1200285588741306,0.9409503023012609,0.6481481481481481,1.1200285588741306
rf,3594,CC(C)n1nc(-c2ccc(F)c(O)c2)c2c(N)ncnc21,5.853871822357178,5.213102628619331,0.9233738116239638,0.6862745098039216,0.6407691937378468
rf,3595,CC(C)n1nc(-c2ccc(N)c(O)c2)c2c(N)ncnc21,5.673664093017578,5.6487396897951765,1.217531069126345,0.7142857142857143,0.024924403222401637
rf,3596,CC(C)n1nc(-c2ccc(NS(C)(=O)=O)cc2)c2c(N)ncnc21,4.892789840698242,5.4508474197387695,0.8167610867433901,0.5614035087719298,0.5580575790405273
rf,3597,CC(C)n1nc(-c2ccc(O)c(F)c2)c2c(N)ncnc21,5.982966423034668,5.382436499214172,0.9089621541779332,0.6862745098039216,0.6005299238204955
rf,3598,CC(C)n1nc(-c2ccc(O)cc2)c2c(N)ncnc21,6.035269260406494,5.628173663425446,1.0273541193534517,0.7777777777777778,0.4070955969810486
rf,3599,CC(C)n1nc(-c2ccc(S(N)(=O)=O)cc2)c2c(N)ncnc21,4.0,5.250561663150787,0.8982742930894215,0.5925925925925926,1.250561663150787
rf,3626,CC(C)n1nc(-c2cccc(C#N)c2)c2c(N)ncnc21,4.0,5.066567229588827,0.8184725623007316,0.6415094339622641,1.066567229588827
rf,3628,CC(C)n1nc(-c2cccc(CC#N)c2)c2c(N)ncnc21,4.7695512771606445,4.676291483773504,1.044592147905177,0.5818181818181818,0.09325979338714063
rf,3629,CC(C)n1nc(-c2cccc(CO)c2)c2c(N)ncnc21,4.0,5.324415539264679,0.8875092612088592,0.6153846153846154,1.3244155392646793
rf,3630,CC(C)n1nc(-c2cccc(NS(C)(=O)=O)c2)c2c(N)ncnc21,4.0,5.649459516604741,0.8182155504561276,0.5714285714285714,1.6494595166047414
rf,3631,CC(C)n1nc(-c2cccc(O)c2)c2c(N)ncnc21,6.020451545715332,5.468422720082601,1.0342692782243679,0.75,0.552028825632731
rf,3632,CC(C)n1nc(-c2cccc(O)c2F)c2c(N)ncnc21,5.429457187652588,5.0821730325698855,0.857730170915239,0.6181818181818182,0.3472841550827024
rf,3633,CC(C)n1nc(-c2cccc(S(N)(=O)=O)c2)c2c(N)ncnc21,4.0,5.236284467750125,0.8501909672352876,0.6153846153846154,1.2362844677501252
rf,3954,CCC(C)n1nc(-c2ccc(C)c(O)c2)c2c(N)ncnc21,5.777283668518066,5.329538798491161,0.9215235351897819,0.5614035087719298,0.4477448700269058
rf,4605,CCOc1cc(-c2nn(C(C)C)c3ncnc(N)c23)ccc1OC,4.266000747680664,5.342525547504425,0.8236990765264041,0.6785714285714286,1.076524799823761
rf,4606,CCOc1cc(-c2nn(CCO)c3ncnc(N)c23)ccc1OC,5.096367359161377,5.146167316913605,0.8256248195154138,0.5967741935483871,0.0497999577522279
rf,4887,CCOc1ccc(-c2n[nH]c3ncnc(N)c23)cc1OC,4.0,5.801568010648092,0.9091947082921267,0.55,1.8015680106480918
rf,4908,CCOc1ccc(-c2nn(C(C)C)c3ncnc(N)c23)cc1OC,5.225482940673828,5.360028547000885,0.7970654313560928,0.6785714285714286,0.13454560632705714
rf,5167,CCn1nc(-c2ccc(OC)c(O)c2)c2c(N)ncnc21,5.1904401779174805,5.1867981155713405,0.8948707085299942,0.6491228070175439,0.0036420623461399515
rf,6419,COCOc1cc(-c2nn(C(C)C)c3ncnc(N)c23)ccc1Br,5.364516258239746,5.341222950188319,0.7614008822349752,0.603448275862069,0.02329330805142682
rf,6534,COc1cc(-c2nn(C(C)C)c3ncnc(N)c23)cc(OC)c1OC,5.289036750793457,4.991466676044464,0.9156353743775697,0.6226415094339622,0.2975700747489931
rf,6535,COc1cc(-c2nn(C(C)C)c3ncnc(N)c23)ccc1F,5.413412570953369,5.3882642958164215,0.8287712850485985,0.6666666666666666,0.025148275136947618
rf,6536,COc1cc(-c2nn(C(C)C)c3ncnc(N)c23)ccc1N,5.414539337158203,5.7393509562015534,1.0456919657936325,0.6923076923076923,0.3248116190433503
rf,6537,COc1cc(-c2nn(C(C)C)c3ncnc(N)c23)ccc1NC(=O)OC(C)(C)C,6.7695512771606445,5.430813996934892,0.8770031988954854,0.7205882352941176,1.338737280225753
rf,6538,COc1cc(-c2nn(C(C)C)c3ncnc(N)c23)ccc1NC(C)CO,5.274088382720947,5.618917074108125,0.8157647639840855,0.5806451612903226,0.3448286913871774
rf,6539,COc1cc(-c2nn(C(C)C)c3ncnc(N)c23)ccc1O,6.041913986206055,5.460821072832744,0.9190774398460253,0.6666666666666666,0.5810929133733103
rf,6625,COc1cc(Br)cc(-c2nn(C(C)C)c3ncnc(N)c23)c1,4.958607196807861,5.155917584228516,0.9517188610337973,0.6481481481481481,0.19731038742065454
rf,6732,COc1cc(F)c(-c2nn(C(C)C)c3ncnc(N)c23)cc1F,4.991399765014648,4.878077920436859,0.8100325709517497,0.5714285714285714,0.11332184457778904
rf,8598,COc1ccc(-c2n[nH]c3ncnc(N)c23)cc1O,4.0,5.8300151461283365,0.8734922017214118,0.5789473684210527,1.8300151461283365
rf,8608,COc1ccc(-c2nn(C(C)(C)C)c3ncnc(N)c23)cc1OC,5.197910785675049,5.552953702481587,0.9283758502277579,0.660377358490566,0.3550429168065383
rf,8609,COc1ccc(-c2nn(C(C)C)c3ncnc(N)c23)cc1,5.3665313720703125,5.486535167455673,0.9212756314585966,0.7872340425531915,0.12000379538536077
rf,8610,COc1ccc(-c2nn(C(C)C)c3ncnc(N)c23)cc1O,5.659555912017822,5.457311718940735,0.9255292614421122,0.6666666666666666,0.20224419307708708
rf,8611,COc1ccc(-c2nn(C(C)C)c3ncnc(N)c23)cc1OC,5.519992828369141,5.271456541252136,0.7509794532867279,0.7058823529411765,0.24853628711700448
rf,8612,COc1ccc(-c2nn(C)c3ncnc(N)c23)cc1O,4.0,5.339675093110403,0.854263834654597,0.6851851851851852,1.3396750931104027
rf,8618,COc1ccc(-c2nn(C[C@@H](C)CO)c3ncnc(N)c23)cc1OC,4.744727611541748,5.289334020900727,0.9469863254105223,0.5573770491803278,0.5446064093589786
rf,8619,COc1ccc(-c2nn(C[C@H](C)CO)c3ncnc(N)c23)cc1OC,4.92081880569458,5.289334020900727,0.9469863254105223,0.5573770491803278,0.3685152152061466
rf,9033,COc1cccc(-c2nn(C(C)C)c3ncnc(N)c23)c1,5.853871822357178,5.402271390755971,0.8752861627719172,0.76,0.45160043160120633
rf,9034,COc1cccc(-c2nn(C(C)C)c3ncnc(N)c23)c1OC,5.436519145965576,5.050122197469075,0.8718241222730964,0.5714285714285714,0.3863969484965013
rf,9421,C[C@@H](CN)n1nc(-c2ccc(Cl)c(O)c2)c2c(N)ncnc21,5.039053916931152,5.400764536762238,0.9238080664694504,0.576271186440678,0.36171061983108554
rf,9422,C[C@@H](CN)n1nc(-c2ccc(F)c(O)c2)c2c(N)ncnc21,4.585026741027832,5.168063540560859,0.88895092620262,0.576271186440678,0.5830367995330272
rf,9565,C[C@H](CN)n1nc(-c2ccc(Cl)c(O)c2)c2c(N)ncnc21,5.318758964538574,5.400764536762238,0.9238080664694504,0.576271186440678,0.08200557222366367
rf,9566,C[C@H](CN)n1nc(-c2ccc(F)c(O)c2)c2c(N)ncnc21,4.0,5.168063540560859,0.88895092620262,0.576271186440678,1.1680635405608593
rf,9861,Cc1cc(O)ccc1-c1nn(C(C)C)c2ncnc(N)c12,6.020451545715332,5.190078849601746,0.7992556229227319,0.6666666666666666,0.830372696113586
rf,9892,Cc1ccc(-c2n[nH]c3ncnc(N)c23)cc1O,4.906578540802002,5.8610724391301465,0.8777338431654066,0.4032258064516129,0.9544938983281446
rf,9896,Cc1ccc(-c2nn(C(C)C)c3ncnc(N)c23)cc1O,6.178486347198486,5.3772971820513416,0.947016552285386,0.7,0.8011891651471448
rf,9897,Cc1ccc(-c2nn(C)c3ncnc(N)c23)cc1O,4.721246242523193,5.283240133158366,0.8783368024829877,0.6382978723404256,0.5619938906351729
rf,11076,Cn1nc(-c2ccc(Br)c(O)c2)c2c(N)ncnc21,4.0,5.340992114512126,0.8619121390654952,0.6538461538461539,1.340992114512126
rf,11408,N#CCCCCn1nc(-c2ccc(F)c(O)c2)c2c(N)ncnc21,4.958607196807861,4.848112002395449,0.9384020227637262,0.5846153846153846,0.11049519441241262
rf,11409,N#CCCCn1nc(-c2ccc(F)c(O)c2)c2c(N)ncnc21,4.744727611541748,4.848112002395449,0.9384020227637262,0.59375,0.10338439085370066
rf,425,C=C(Cl)C(=O)Nc1cccc(Oc2nc(Nc3ccc(N4CCN(C(C)=O)CC4)cc3)ncc2Cl)c1,7.386056423187256,6.782195834382375,1.0147870214850598,0.6891891891891891,0.6038605888048805
rf,2014,C=CC(=O)Nc1ccc(Oc2nc(Nc3ccc(N4CCN(C)CC4)cc3OC)ncc2Cl)cc1,5.549750804901123,6.818311180114746,0.9123056956060074,0.7307692307692307,1.2685603752136227
rf,2620,C=CC(=O)Nc1cccc(Oc2nc(Nc3ccc(N4CCN(C(=O)C(C)(C)C)CC4)cc3OC)ncc2SC)c1,7.20263147354126,7.31819816493988,0.5925392534676429,0.8192771084337349,0.11556669139862041
rf,2621,C=CC(=O)Nc1cccc(Oc2nc(Nc3ccc(N4CCN(C(=O)C(C)C)CC4)cc3OC)ncc2SC)c1,7.602073669433594,7.231999369049072,0.684947242109298,0.8192771084337349,0.3700743003845215
rf,2622,C=CC(=O)Nc1cccc(Oc2nc(Nc3ccc(N4CCN(C(=O)C(F)(F)F)CC4)cc3OC)ncc2Cl)c1,7.723361968994141,7.218548183441162,0.5068147471074698,0.8,0.5048137855529786
rf,2623,C=CC(=O)Nc1cccc(Oc2nc(Nc3ccc(N4CCN(C(=O)C(F)(F)F)CC4)cc3OC)ncc2SC)c1,7.481223106384277,7.274262635231018,0.5664355522058309,0.8095238095238095,0.2069604711532591
rf,2624,C=CC(=O)Nc1cccc(Oc2nc(Nc3ccc(N4CCN(C(=O)CC(C)(C)C)CC4)cc3OC)ncc2C(F)(F)F)c1,6.187086582183838,7.116355948766072,0.5075314585403495,0.7888888888888889,0.9292693665822345
rf,2625,C=CC(=O)Nc1cccc(Oc2nc(Nc3ccc(N4CCN(C(=O)CC(C)(C)C)CC4)cc3OC)ncc2Cl)c1,7.47930383682251,7.252538276990254,0.4628651054511182,0.7840909090909091,0.22676555983225555
rf,2626,C=CC(=O)Nc1cccc(Oc2nc(Nc3ccc(N4CCN(C(=O)CC)CC4)cc3OC(F)F)ncc2SC)c1,7.882640361785889,7.446944753328959,0.672375536693564,0.7032967032967034,0.43569560845692923
rf,2627,C=CC(=O)Nc1cccc(Oc2nc(Nc3ccc(N4CCN(C(=O)CC)CC4)cc3OC)ncc2SC)c1,7.524949073791504,7.31238353729248,0.47358878135660315,0.8192771084337349,0.21256553649902354
rf,2628,C=CC(=O)Nc1cccc(Oc2nc(Nc3ccc(N4CCN(C(=O)CO)CC4)cc3OC)ncc2C(F)(F)F)c1,8.349485397338867,7.111057780265808,0.44843892461171425,0.8072289156626506,1.238427617073059
rf,2629,C=CC(=O)Nc1cccc(Oc2nc(Nc3ccc(N4CCN(C(=O)CO)CC4)cc3OC)ncc2Cl)c1,8.6298189163208,7.264326745033264,0.4064997532276142,0.810126582278481,1.3654921712875367
rf,2630,C=CC(=O)Nc1cccc(Oc2nc(Nc3ccc(N4CCN(C(=O)NC)CC4)cc3OC)ncc2C(F)(F)F)c1,8.349485397338867,7.131331237792969,0.621653767952157,0.8170731707317073,1.2181541595458985
rf,2631,C=CC(=O)Nc1cccc(Oc2nc(Nc3ccc(N4CCN(C(=O)OC(C)(C)C)CC4)cc3OC(F)(F)F)ncc2Cl)c1,6.849484920501709,7.208183213710785,0.6521949717336484,0.8275862068965517,0.3586982932090761
rf,2632,C=CC(=O)Nc1cccc(Oc2nc(Nc3ccc(N4CCN(C(=O)OC(C)(C)C)CC4)cc3OC)ncc2Cl)c1,7.849484920501709,7.1746451959609985,0.38530107718675677,0.95,0.6748397245407105
rf,2633,C=CC(=O)Nc1cccc(Oc2nc(Nc3ccc(N4CCN(C(=O)OC(C)(C)C)CC4)cc3OCC)ncc2Cl)c1,6.849484920501709,7.249420171737671,0.6002562428543032,0.8372093023255814,0.39993525123596196
rf,2634,C=CC(=O)Nc1cccc(Oc2nc(Nc3ccc(N4CCN(C(=O)OC)CC4)cc3OC)ncc2C(F)(F)F)c1,7.97930383682251,7.079812217712402,0.4436452155952894,0.8674698795180723,0.8994916191101074
rf,2635,C=CC(=O)Nc1cccc(Oc2nc(Nc3ccc(N4CCN(C(C)=O)CC4)cc3OC(F)F)ncc2SC)c1,7.9820051193237305,7.5117915503184,0.6731584592479788,0.8095238095238095,0.4702135690053302
rf,2636,C=CC(=O)Nc1cccc(Oc2nc(Nc3ccc(N4CCN(C(C)=O)CC4)cc3OC)ncc2C(F)(F)F)c1,8.207269668579102,7.1676456136703495,0.4844231384246792,0.8375,1.039624054908752
rf,2637,C=CC(=O)Nc1cccc(Oc2nc(Nc3ccc(N4CCN(C(C)=O)CC4)cc3OC)ncc2Cl)c1,8.6298189163208,7.293504880905151,0.45110058076965287,0.8421052631578947,1.3363140354156497
rf,2638,C=CC(=O)Nc1cccc(Oc2nc(Nc3ccc(N4CCN(C(C)=O)CC4)cc3OC)ncc2SC)c1,8.106447219848633,7.380395358467101,0.4866237502216307,0.9473684210526315,0.7260518613815314
rf,2647,C=CC(=O)Nc1cccc(Oc2nc(Nc3ccc(N4CCN(C)CC4)cc3)ncc2Cl)c1,5.739928722381592,7.485085396607716,0.6492089710147328,0.7361111111111112,1.7451566742261244
rf,2649,C=CC(=O)Nc1cccc(Oc2nc(Nc3ccc(N4CCN(C)CC4)cc3OC)ncc2Cl)c1,8.347367286682129,6.9237417300542194,0.8048185538930959,0.8648648648648649,1.4236255566279095
rf,2650,C=CC(=O)Nc1cccc(Oc2nc(Nc3ccc(N4CCN(C)CC4)cc3OC)ncc2SC)c1,7.9820051193237305,7.02521554031372,0.8359414809195932,0.825,0.9567895790100103
rf,2665,C=CC(=O)Nc1cccc(Oc2nc(Nc3ccc(N4CCN(S(C)(=O)=O)CC4)cc3OC)ncc2C(F)(F)F)c1,8.09354305267334,7.062178559589386,0.52917633723174,0.8170731707317073,1.031364493083954
rf,2666,C=CC(=O)Nc1cccc(Oc2nc(Nc3ccc(N4CCN(S(C)(=O)=O)CC4)cc3OC)ncc2Cl)c1,8.349485397338867,7.174249697971344,0.560535403013636,0.8205128205128205,1.1752356993675228
rf,2667,C=CC(=O)Nc1cccc(Oc2nc(Nc3ccc(N4CCN(S(C)(=O)=O)CC4)cc3OC)ncc2SC)c1,7.136528491973877,7.252004070949554,0.5889279229329725,0.7857142857142857,0.11547557897567717
rf,2668,C=CC(=O)Nc1cccc(Oc2nc(Nc3ccc(N4CCN(S(N)(=O)=O)CC4)cc3OC)ncc2C(F)(F)F)c1,8.259636878967285,7.079289797782898,0.5558387163062043,0.8170731707317073,1.1803470811843875
rf,2730,C=CC(=O)Nc1ccccc1Oc1nc(Nc2ccc(N3CCN(C)CC3)cc2OC)ncc1Cl,5.074687957763672,7.305192160129547,1.089769746751167,0.7215189873417721,2.230504202365875
rf,4221,CCN(CC)CCC(=O)Nc1cccc(Oc2nc(Nc3ccc(N4CCN(C)CC4)cc3OC)ncc2Cl)c1,6.087246894836426,5.730259967803955,0.5028557287946154,0.825,0.35698692703247037
rf,6985,COc1cc(N2CCN(C)CC2)ccc1Nc1ncc(Cl)c(Oc2ccc(N)cc2)n1,5.1313557624816895,5.881937700843811,0.7550892656813347,0.6455696202531646,0.7505819383621217
rf,6986,COc1cc(N2CCN(C)CC2)ccc1Nc1ncc(Cl)c(Oc2ccc(N=C=S)cc2)n1,4.816161155700684,5.880645896911621,0.6588235539006151,0.6071428571428571,1.0644847412109373
rf,6987,COc1cc(N2CCN(C)CC2)ccc1Nc1ncc(Cl)c(Oc2ccc(N=[N+]=[N-])cc2)n1,4.820160865783691,5.797977278327942,0.6149539180669853,0.6046511627906976,0.977816412544251
rf,6988,COc1cc(N2CCN(C)CC2)ccc1Nc1ncc(Cl)c(Oc2ccc(NC(=O)/C=C/CN(C)C)cc2)n1,5.236571788787842,6.370649146080017,1.0849769733788113,0.6781609195402298,1.134077357292175
rf,6989,COc1cc(N2CCN(C)CC2)ccc1Nc1ncc(Cl)c(Oc2ccc(NC(=O)CCO)cc2)n1,5.2132487297058105,5.691371319770813,0.45810415658229753,0.7875,0.47812259006500213
rf,6991,COc1cc(N2CCN(C)CC2)ccc1Nc1ncc(Cl)c(Oc2ccc(NC(=O)CO)cc2)n1,5.97469425201416,5.665990873336792,0.46499176689363353,0.782051282051282,0.3087033786773681
rf,6993,COc1cc(N2CCN(C)CC2)ccc1Nc1ncc(Cl)c(Oc2ccc(NC(C)=O)cc2)n1,5.442492961883545,5.7526994152069095,0.5708924507412694,0.7435897435897436,0.3102064533233646
rf,6994,COc1cc(N2CCN(C)CC2)ccc1Nc1ncc(Cl)c(Oc2ccc([N+](=O)[O-])cc2)n1,5.001304626464844,5.753599196434021,0.5719391208261597,0.6265060240963856,0.7522945699691777
rf,6996,COc1cc(N2CCN(C)CC2)ccc1Nc1ncc(Cl)c(Oc2cccc(N)c2)n1,5.187755107879639,5.917525733470916,0.697586505081631,0.6973684210526315,0.7297706255912777
rf,6997,COc1cc(N2CCN(C)CC2)ccc1Nc1ncc(Cl)c(Oc2cccc(N=C=S)c2)n1,5.251037120819092,5.922217080116272,0.7228416114323324,0.6585365853658537,0.6711799592971799
rf,6998,COc1cc(N2CCN(C)CC2)ccc1Nc1ncc(Cl)c(Oc2cccc(N=[N+]=[N-])c2)n1,5.206209659576416,5.858568343257905,0.6343353654163412,0.6585365853658537,0.6523586836814887
rf,7001,COc1cc(N2CCN(C)CC2)ccc1Nc1ncc(Cl)c(Oc2cccc(NC(=O)/C(C#N)=C/C(C)(C)C)c2)n1,5.886056423187256,5.904351962089539,0.4521005593389168,0.8352941176470589,0.01829553890228297
rf,7002,COc1cc(N2CCN(C)CC2)ccc1Nc1ncc(Cl)c(Oc2cccc(NC(=O)/C(C#N)=C/C(C)C)c2)n1,5.92081880569458,5.934660829544067,0.4507072731001672,0.8352941176470589,0.013842023849487184
rf,7015,COc1cc(N2CCN(C)CC2)ccc1Nc1ncc(Cl)c(Oc2cccc(NC(=O)/C=C/CN(C)C)c2)n1,5.300162315368652,6.258959747314453,0.9775778917887098,0.7951807228915663,0.9587974319458006
rf,7017,COc1cc(N2CCN(C)CC2)ccc1Nc1ncc(Cl)c(Oc2cccc(NC(=O)CCN(C)C)c2)n1,6.195179462432861,5.644420752525329,0.43475118957948417,0.8461538461538461,0.550758709907532
rf,7024,COc1cc(N2CCN(C)CC2)ccc1Nc1ncc(Cl)c(Oc2cccc(NC(=O)CCO)c2)n1,5.798603057861328,5.684760638237,0.38045800253258366,0.8831168831168831,0.11384241962432817
rf,7026,COc1cc(N2CCN(C)CC2)ccc1Nc1ncc(Cl)c(Oc2cccc(NC(=O)CO)c2)n1,5.823908805847168,5.678579998970032,0.4048608824443845,0.8533333333333334,0.1453288068771359
rf,7028,COc1cc(N2CCN(C)CC2)ccc1Nc1ncc(Cl)c(Oc2cccc(NC(C)=O)c2)n1,5.350061416625977,5.801757203102111,0.5617201035292736,0.8133333333333334,0.45169578647613484
rf,7029,COc1cc(N2CCN(C)CC2)ccc1Nc1ncc(Cl)c(Oc2cccc([N+](=O)[O-])c2)n1,5.05207633972168,5.7994006485939025,0.5553667338826896,0.6666666666666666,0.7473243088722228
rf,7030,COc1cc(N2CCN(C)CC2)ccc1Nc1ncc(Cl)c(Oc2ccccc2N)n1,5.744727611541748,6.83235387881597,1.0036229445171767,0.6493506493506493,1.0876262672742216
rf,7031,COc1cc(N2CCN(C)CC2)ccc1Nc1ncc(Cl)c(Oc2ccccc2N=C=S)n1,5.512861728668213,6.7771073916753135,0.9965289730611796,0.6024096385542169,1.2642456630071006
rf,7032,COc1cc(N2CCN(C)CC2)ccc1Nc1ncc(Cl)c(Oc2ccccc2N=[N+]=[N-])n1,6.28399658203125,6.75518865521749,0.9825215838117398,0.6071428571428571,0.47119207318623957
rf,7033,COc1cc(N2CCN(C)CC2)ccc1Nc1ncc(Cl)c(Oc2ccccc2NC(=O)/C=C/CN(C)C)n1,5.107905387878418,7.151219437122346,1.3026144369229362,0.6823529411764706,2.0433140492439277
rf,7034,COc1cc(N2CCN(C)CC2)ccc1Nc1ncc(Cl)c(Oc2ccccc2NC(=O)CCO)n1,5.995678424835205,6.390532085514069,0.8308629634472944,0.8051948051948052,0.39485366067886396
rf,7036,COc1cc(N2CCN(C)CC2)ccc1Nc1ncc(Cl)c(Oc2ccccc2NC(=O)CO)n1,6.698969841003418,6.447701837635041,0.8185178490972963,0.8,0.2512680033683772
rf,7038,COc1cc(N2CCN(C)CC2)ccc1Nc1ncc(Cl)c(Oc2ccccc2NC(C)=O)n1,5.248721122741699,6.389098192310334,0.7684999157372032,0.76,1.1403770695686344
rf,7039,COc1cc(N2CCN(C)CC2)ccc1Nc1ncc(Cl)c(Oc2ccccc2[N+](=O)[O-])n1,5.02918815612793,6.778698407332102,0.9664392804620633,0.6296296296296297,1.749510251204172
rf,365,C/N=N/Nc1ccc2ncnc(NCc3ccccc3)c2c1,6.474955081939697,6.116201408131918,0.8909325580869745,0.52,0.35875367380777945
rf,3860,CCC(=O)Nc1cc2c(NCc3ccccc3)ncnc2cc1OC,6.866461277008057,6.079596675872803,0.9338209757703076,0.8245614035087719,0.786864601135254
rf,3861,CCC(=O)Nc1cc2c(N[C@H](C)c3ccccc3)ncnc2cc1OC,7.065501689910889,7.184163061650594,1.3452383064309328,0.6507936507936508,0.11866137173970515
rf,4792,CCOc1cc2ncnc(NCc3ccc(F)cc3)c2cc1OCC.Cl,7.7695512771606445,5.768749460220337,1.114093254263903,0.47540983606557374,2.0008018169403075
rf,5187,CN(C)/N=N/c1ccc2ncnc(NCc3ccccc3)c2c1,6.316953182220459,6.032606642723083,0.8694707903843285,0.5098039215686274,0.28434653949737587
rf,7210,COc1cc2c(NCc3ccccc3)ncnc2cc1O,6.2306227684021,6.497977780580521,0.9927951709070204,0.5483870967741935,0.26735501217842117
rf,7944,COc1cc2nc(C)nc(N(C)[C@H](C)c3cccc(Br)c3)c2cc1OC,4.698969841003418,7.188077758312225,2.0395942034303425,0.41935483870967744,2.4891079173088073
rf,7958,COc1cc2nc(C)nc(N[C@H](C)c3cccc(Br)c3)c2cc1OC,4.698969841003418,5.9214446811676025,1.99272439254616,0.6666666666666666,1.2224748401641845
rf,7959,COc1cc2nc(C)nc(N[C@H](C)c3cccc(C(F)(F)F)c3)c2cc1OC,4.698969841003418,5.916396436691284,1.9874790069407362,0.6607142857142857,1.2174265956878658
rf,7960,COc1cc2nc(C)nc(N[C@H](C)c3cccc(S(N)(=O)=O)c3)c2cc1OC,4.698969841003418,5.925292069911957,1.9593133911149194,0.6129032258064516,1.226322228908539
rf,7962,COc1cc2nc(C)nc(N[C@H](C)c3ccccc3)c2cc1OC,5.552842140197754,6.28637297821045,2.1168730405999416,0.7083333333333334,0.7335308380126957
rf,8117,COc1cc2ncnc(NCc3ccc(Cl)c(F)c3)c2cc1OCCCCCCC(=O)NO,7.142667293548584,6.10966896276474,1.146117288713632,0.647887323943662,1.032998330783844
rf,8118,COc1cc2ncnc(NCc3ccc(F)c(Cl)c3)c2cc1OCCCCCCC(=O)NO,7.0,6.0535561213493345,1.1790230998150562,0.647887323943662,0.9464438786506655
rf,8119,COc1cc2ncnc(NCc3ccc(F)c(F)c3)c2cc1OCCCCCCC(=O)NO,7.0,6.068276934591929,1.2072448015943658,0.6764705882352942,0.9317230654080708
rf,8120,COc1cc2ncnc(NCc3ccc(F)cc3)c2cc1OC.Cl,7.321481704711914,5.756177127838135,1.0777544950706928,0.5961538461538461,1.5653045768737792
rf,8121,COc1cc2ncnc(NCc3ccc(F)cc3)c2cc1OCCCCCCC(=O)NO,6.785932540893555,6.175090567557017,1.191701196134337,0.696969696969697,0.6108419733365373
rf,8123,COc1cc2ncnc(NCc3cccc(Br)c3)c2cc1OCCCCCCC(=O)NO,7.0,6.329153868834178,1.1722070533522562,0.7272727272727273,0.6708461311658223
rf,8124,COc1cc2ncnc(NCc3cccc(C)c3)c2cc1OC,6.282715320587158,5.789260107660294,0.8818095928554751,0.5454545454545454,0.49345521292686456
rf,8125,COc1cc2ncnc(NCc3ccccc3)c2cc1O,7.251811981201172,6.03769723701477,0.8318911832111774,0.5483870967741935,1.2141147441864018
rf,8126,COc1cc2ncnc(NCc3ccccc3)c2cc1OC,8.0,6.5962621185779575,0.9710782233229974,0.6,1.4037378814220425
rf,8127,COc1cc2ncnc(NCc3ccccc3)c2cc1OC.Cl,8.397939682006836,6.580921288490296,0.9843753668138925,0.5882352941176471,1.8170183935165403
rf,8128,COc1cc2ncnc(NCc3ccccc3)c2cc1OCCCCCCC(=O)NO,7.001307010650635,6.606419476509094,1.0044445433091056,0.8333333333333334,0.39488753414154054
rf,8130,COc1cc2ncnc(N[C@@H](C)c3ccc(Cl)cc3)c2cc1OCCCCCCC(=O)NO,6.211831569671631,6.2167892829736076,1.30171996405877,0.6056338028169014,0.004957713301976696
rf,8131,COc1cc2ncnc(N[C@@H](C)c3ccc(F)cc3)c2cc1OCCCCCCC(=O)NO,6.901010513305664,6.3653751807371775,1.2662811139868315,0.6056338028169014,0.5356353325684866
rf,8132,COc1cc2ncnc(N[C@@H](C)c3ccccc3)c2cc1OCCCCCCC(=O)NO,5.647196292877197,6.513763830757141,1.2251407325480632,0.696969696969697,0.866567537879944
rf,8133,COc1cc2ncnc(N[C@H](C)c3ccc(Cl)cc3)c2cc1OCCCCCCC(=O)NO,7.0,6.2167892829736076,1.30171996405877,0.6056338028169014,0.7832107170263924
rf,8134,COc1cc2ncnc(N[C@H](C)c3ccc(F)cc3)c2cc1OCCCCCCC(=O)NO,7.0,6.3653751807371775,1.2662811139868315,0.6056338028169014,0.6346248192628225
rf,8137,COc1cc2ncnc(N[C@H](C)c3ccccc3)c2cc1OC,9.0,7.2017512579758955,1.2639622868380882,0.6875,1.7982487420241045
rf,8138,COc1cc2ncnc(N[C@H](C)c3ccccc3)c2cc1OCCCCCC(=O)NO,7.0,6.513763830757141,1.2251407325480632,0.696969696969697,0.48623616924285873
rf,8139,COc1cc2ncnc(N[C@H](C)c3ccccc3)c2cc1OCCCCCCC(=O)NO,7.446394920349121,6.513763830757141,1.2251407325480632,0.696969696969697,0.9326310895919798
rf,8779,COc1ccc(CNc2ncnc3ccccc23)cc1,5.0,5.099809203147888,1.0084818897164942,0.6382978723404256,0.09980920314788833
rf,8912,COc1ccc([C@@H](C)Nc2ncnc3cc(OC)c(OCCCCCCC(=O)NO)cc23)cc1,5.0,6.306574657705852,1.2608916271623232,0.6142857142857143,1.306574657705852
rf,8921,COc1ccc2c(NCc3ccccc3)ncnc2c1,7.236571788787842,5.994761450703939,0.7463231755634603,0.6122448979591837,1.2418103380839032
rf,8985,COc1ccc2ncnc(NCc3ccccc3)c2c1,6.698969841003418,6.003079277038574,0.8175710468753282,0.6530612244897959,0.6958905639648441
rf,9086,COc1cccc2c(NCc3ccccc3)ncnc12,5.0,6.189444387674332,0.838546908552256,0.5454545454545454,1.1894443876743317
rf,9096,COc1cccc2ncnc(NCc3ccccc3)c12,5.3098039627075195,6.038456455548605,0.9860331739215391,0.5333333333333333,0.7286524928410856
rf,9495,C[C@@H](Nc1ncnc2ccc(OCCCCCC(=O)NO)cc12)c1ccccc1,7.0,6.589637743356493,1.0367090868948179,0.5256410256410257,0.41036225664350656
rf,9496,C[C@@H](Nc1ncnc2ccc(OCCCCCCC(=O)NO)cc12)c1ccccc1,7.0,6.589637743356493,1.0367090868948179,0.5256410256410257,0.41036225664350656
rf,10787,Clc1ccc(CNc2ncnc3ccccc23)cc1,5.15490198135376,5.343119898796082,0.7987613129375721,0.5609756097560976,0.18821791744232197
rf,11863,Nc1ccc2c(NCc3ccccc3)ncnc2c1,6.0,6.082833599090576,0.8124470628842602,0.6136363636363636,0.0828335990905762
rf,11876,Nc1ccc2ncnc(NCc3ccccc3)c2c1,6.074004173278809,5.966626921017965,0.9760440018931646,0.6046511627906976,0.10737725226084383
rf,11912,Nc1cccc2c(NCc3ccccc3)ncnc12,5.0,6.2405683319568634,0.5984340627181078,0.5714285714285714,1.2405683319568634
rf,11914,Nc1cccc2ncnc(NCc3ccccc3)c12,5.0,6.125988757928213,0.7940759469594533,0.5714285714285714,1.125988757928213
rf,13124,O=[N+]([O-])c1ccc2c(NCc3ccccc3)ncnc2c1,5.229147911071777,6.028328943808873,0.7167958390724573,0.6274509803921569,0.7991810327370956
rf,13132,O=[N+]([O-])c1ccc2ncnc(NCc3ccccc3)c2c1,5.0,6.025834959189097,0.8114116962832334,0.5961538461538461,1.0258349591890967
rf,13143,O=[N+]([O-])c1cccc2c(NCc3ccccc3)ncnc12,5.0,6.129838284730911,0.7774876737450944,0.5106382978723404,1.1298382847309112
rf,13145,O=[N+]([O-])c1cccc2ncnc(NCc3ccccc3)c12,5.096909999847412,6.029610630830129,0.9028269857853044,0.5217391304347826,0.9327006309827173
rf,13455,c1ccc(CNc2ncnc3ccccc23)cc1,6.494850158691406,5.99140099143982,0.5483894112739035,0.7142857142857143,0.5034491672515866
rf,621,C=CC(=O)N1CCC(N2C(=O)N(c3ccccc3)Cc3cnc(Nc4ccc(N5CCN(C)CC5)c(C)c4)nc32)C1,8.036211967468262,7.293965920686722,0.6704393090963656,0.825,0.7422460467815402
rf,990,C=CC(=O)N1CC[C@H](N2C(=O)N(c3ccccc3)Cc3cnc(Nc4ccc(N5CCN(C)CC5)c(C(F)(F)F)c4)nc32)C1,7.255706787109375,7.035894702514013,0.8430805214290195,0.7857142857142857,0.21981208459536195
rf,991,C=CC(=O)N1CC[C@H](N2C(=O)N(c3ccccc3)Cc3cnc(Nc4ccc(N5CCN(C)CC5)c(C)c4)nc32)C1,8.036211967468262,7.293965920686722,0.6704393090963656,0.825,0.7422460467815402
rf,992,C=CC(=O)N1CC[C@H](N2C(=O)N(c3ccccc3)Cc3cnc(Nc4ccc(N5CCN(C)CC5)c(Cl)c4)nc32)C1,7.448550224304199,7.353806460301081,0.6495864074222591,0.825,0.0947437640031179
rf,993,C=CC(=O)N1CC[C@H](N2C(=O)N(c3ccccc3)Cc3cnc(Nc4ccc(N5CCN(C)CC5)c(F)c4)nc32)C1,7.767004013061523,7.14344700630506,0.6856617066937604,0.8148148148148148,0.6235570067564637
rf,994,C=CC(=O)N1CC[C@H](N2C(=O)N(c3ccccc3)Cc3cnc(Nc4ccc(N5CCN(C)CC5)c(OC)c4)nc32)C1,8.142667770385742,7.032175045758201,1.0076059015547185,0.7951807228915663,1.110492724627541
rf,995,C=CC(=O)N1CC[C@H](N2C(=O)N(c3ccccc3)Cc3cnc(Nc4ccc(N5CCN(C)CC5)cc4)nc32)C1,7.536107063293457,7.293709949334463,0.6587382515175729,0.8666666666666667,0.24239711395899377
rf,996,C=CC(=O)N1CC[C@H](N2C(=O)N(c3ccccc3)Cc3cnc(Nc4ccc(N5CCN(C)CC5)cc4OC)nc32)C1,7.8181562423706055,7.0721757914429615,0.76377601109302,0.813953488372093,0.745980450927644
rf,999,C=CC(=O)N1CC[C@H](N2C(=O)N(c3ccccc3Cl)Cc3cnc(Nc4ccc(N5CCN(C)CC5)c(C)c4)nc32)C1,9.301030158996582,7.519150924682617,0.5836021456215059,0.8536585365853658,1.7818792343139647
rf,2879,CC(=O)N1CC[C@H](N2C(=O)N(c3ccccc3Cl)Cc3cnc(Nc4ccc(N5CCN(C)CC5)c(C)c4)nc32)C1,7.917214393615723,7.640061280727386,0.6252891599205301,0.8974358974358975,0.2771531128883362
rf,3792,CCC(=O)N1CC[C@@H](N2C(=O)N(c3ccccc3Cl)Cc3cnc(Nc4ccc(N5CCN(C)CC5)c(C)c4)nc32)C1,7.630784034729004,7.2521053146044405,0.6680945206197739,0.8875,0.3786787201245634
rf,3795,CCC(=O)N1CC[C@H](N2C(=O)N(c3cc(OC)ccc3Cl)Cc3cnc(Nc4ccc(N5CCN(C)CC5)c(C)c4)nc32)C1,6.428291320800781,6.793373201052347,0.5625160169064931,0.8681318681318682,0.36508188025156585
rf,3804,CCC(=O)N1CC[C@H](N2C(=O)N(c3cc(OC)ccc3F)Cc3cnc(Nc4ccc(N5CCN(C(C)=O)CC5)c(C)c4)nc32)C1,6.829738140106201,6.472001648982366,0.2912822469113735,0.8681318681318682,0.357736491123835
rf,3805,CCC(=O)N1CC[C@H](N2C(=O)N(c3cc(OC)ccc3F)Cc3cnc(Nc4ccc(N5CCN(C)C(C)C5)c(C)c4)nc32)C1,6.145693778991699,6.52214546918869,0.33886147430990604,0.8494623655913979,0.37645169019699054
rf,3806,CCC(=O)N1CC[C@H](N2C(=O)N(c3cc(OC)ccc3F)Cc3cnc(Nc4ccc(N5CCN(C)CC5)c(C(C)C)c4)nc32)C1,6.43770694732666,6.6206597261428834,0.4631324670921955,0.8191489361702128,0.1829527788162233
rf,3807,CCC(=O)N1CC[C@H](N2C(=O)N(c3cc(OC)ccc3F)Cc3cnc(Nc4ccc(N5CCN(C)CC5)c(C(F)(F)F)c4)nc32)C1,5.4685211181640625,6.554564413070679,0.5807461202765078,0.8191489361702128,1.0860432949066166
rf,3808,CCC(=O)N1CC[C@H](N2C(=O)N(c3cc(OC)ccc3F)Cc3cnc(Nc4ccc(N5CCN(C)CC5)c(C)c4)nc32)C1,6.441291332244873,6.653856735229493,0.243853705252767,0.9534883720930233,0.21256540298461957
rf,3809,CCC(=O)N1CC[C@H](N2C(=O)N(c3cc(OC)ccc3F)Cc3cnc(Nc4ccc(N5CCN(C)CC5)c(CC)c4)nc32)C1,6.285670280456543,6.612953585624695,0.4205596660049071,0.8461538461538461,0.32728330516815163
rf,3810,CCC(=O)N1CC[C@H](N2C(=O)N(c3cc(OC)ccc3F)Cc3cnc(Nc4ccc(N5CCN(C)CC5)c(Cl)c4)nc32)C1,5.92081880569458,6.800439230918884,0.6680067820351058,0.8461538461538461,0.8796204252243038
rf,3811,CCC(=O)N1CC[C@H](N2C(=O)N(c3cc(OC)ccc3F)Cc3cnc(Nc4ccc(N5CCN(C)CC5)c(F)c4)nc32)C1,5.886056423187256,6.6404314699172975,0.46420101203168784,0.8651685393258427,0.7543750467300416
rf,3812,CCC(=O)N1CC[C@H](N2C(=O)N(c3cc(OC)ccc3F)Cc3cnc(Nc4ccc(N5CCN(C)CC5)c(OC)c4)nc32)C1,6.221848964691162,6.515135639190674,1.022473787949394,0.8461538461538461,0.2932866744995115
rf,3813,CCC(=O)N1CC[C@H](N2C(=O)N(c3cc(OC)ccc3F)Cc3cnc(Nc4ccc(N5CCN(C)CC5)cc4)nc32)C1,5.958607196807861,6.599173067633311,0.6957454263619309,0.8131868131868132,0.6405658708254496
rf,3814,CCC(=O)N1CC[C@H](N2C(=O)N(c3cc(OC)ccc3F)Cc3cnc(Nc4ccc(N5CCN(C)CC5)cc4C)nc32)C1,5.602059841156006,6.5586274190743765,0.9014577369637932,0.7604166666666666,0.9565675779183707
rf,3815,CCC(=O)N1CC[C@H](N2C(=O)N(c3cc(OC)ccc3F)Cc3cnc(Nc4ccc(N5CCN(C)CC5)cc4OC)nc32)C1,5.79587984085083,6.587158027807871,1.0378656481984976,0.7319587628865979,0.7912781869570411
rf,3818,CCC(=O)N1CC[C@H](N2C(=O)N(c3cc(OC)ccc3F)Cc3cnc(Nc4ccc(N5C[C@@H](C)N(C)[C@@H](C)C5)c(C)c4)nc32)C1,6.051489353179932,6.508388181447983,0.29297101075398735,0.8387096774193549,0.4568988282680513
rf,3820,CCC(=O)N1CC[C@H](N2C(=O)N(c3ccc(C)cc3)Cc3cnc(Nc4ccc(N5CCN(C)CC5)c(C)c4)nc32)C1,6.423658847808838,6.854541971445085,0.7568683841871224,0.7204301075268817,0.4308831236362467
rf,3821,CCC(=O)N1CC[C@H](N2C(=O)N(c3ccc(Cl)cc3)Cc3cnc(Nc4ccc(N5CCN(C)CC5)c(C)c4)nc32)C1,6.416801452636719,6.79065409008662,0.8210400619951765,0.7241379310344828,0.37385263744990116
rf,3822,CCC(=O)N1CC[C@H](N2C(=O)N(c3ccc(F)cc3)Cc3cnc(Nc4ccc(N5CCN(C)CC5)c(C)c4)nc32)C1,7.145086765289307,6.85905309732755,0.6369214664323226,0.7419354838709677,0.2860336679617568
rf,3823,CCC(=O)N1CC[C@H](N2C(=O)N(c3ccc(OC)cc3)Cc3cnc(Nc4ccc(N5CCN(C)CC5)c(C)c4)nc32)C1,6.815308570861816,6.683630129035314,0.6451643602637299,0.8021978021978022,0.13167844182650246
rf,3824,CCC(=O)N1CC[C@H](N2C(=O)N(c3cccc(C)c3)Cc3cnc(Nc4ccc(N5CCN(C)CC5)c(C)c4)nc32)C1,6.43770694732666,6.949635484854381,0.8503948161841496,0.6979166666666666,0.5119285375277212
rf,3825,CCC(=O)N1CC[C@H](N2C(=O)N(c3cccc(Cl)c3)Cc3cnc(Nc4ccc(N5CCN(C)CC5)c(C)c4)nc32)C1,6.84163761138916,6.896081992705664,0.8636839551464865,0.7272727272727273,0.054444381316503865
rf,3826,CCC(=O)N1CC[C@H](N2C(=O)N(c3cccc(F)c3)Cc3cnc(Nc4ccc(N5CCN(C)CC5)c(C)c4)nc32)C1,7.446116924285889,6.872978147029877,0.7822563595300855,0.71875,0.5731387772560117
rf,3827,CCC(=O)N1CC[C@H](N2C(=O)N(c3cccc(OC(F)(F)F)c3)Cc3cnc(Nc4ccc(N5CCN(C)CC5)c(C)c4)nc32)C1,6.051098346710205,5.968952014859518,1.5188071078234695,0.7,0.0821463318506872
rf,3828,CCC(=O)N1CC[C@H](N2C(=O)N(c3cccc(OC(F)F)c3)Cc3cnc(Nc4ccc(N5CCN(C)CC5)c(C)c4)nc32)C1,6.590066909790039,6.811112439250946,0.8076291532931672,0.7070707070707071,0.22104552946090728
rf,3829,CCC(=O)N1CC[C@H](N2C(=O)N(c3cccc(OC)c3)Cc3cnc(Nc4ccc(N5CCN(C)CC5)c(C)c4)nc32)C1,6.379863739013672,6.792108400758108,0.7775196453072907,0.7849462365591398,0.4122446617444364
rf,3830,CCC(=O)N1CC[C@H](N2C(=O)N(c3cccc(OC)c3Cl)Cc3cnc(Nc4ccc(N5CCN(C)CC5)c(C)c4)nc32)C1,6.384049892425537,6.55329211560885,1.0272869588944573,0.7415730337078652,0.16924222318331328
rf,3831,CCC(=O)N1CC[C@H](N2C(=O)N(c3cccc(OC)c3F)Cc3cnc(Nc4ccc(N5CCN(C)CC5)c(C)c4)nc32)C1,6.375718116760254,6.970715645392736,1.5566767179021817,0.7604166666666666,0.594997528632482
rf,3832,CCC(=O)N1CC[C@H](N2C(=O)N(c3ccccc3C)Cc3cnc(Nc4ccc(N5CCN(C)CC5)c(C)c4)nc32)C1,8.119186401367188,6.962547213077545,0.735920506225348,0.7831325301204819,1.1566391882896427
rf,3833,CCC(=O)N1CC[C@H](N2C(=O)N(c3ccccc3Cl)Cc3cnc(Nc4ccc(N5CCN(C)CC5)c(C)c4)nc32)C1,7.804100513458252,7.2521053146044405,0.6680945206197739,0.8875,0.5519951988538114
rf,3834,CCC(=O)N1CC[C@H](N2C(=O)N(c3ccccc3F)Cc3cnc(Nc4ccc(N5CCN(C)CC5)c(C)c4)nc32)C1,7.75448751449585,6.909632143815358,0.6614717093905327,0.8,0.8448553706804915
rf,3835,CCC(=O)N1CC[C@H](N2C(=O)N(c3ccccc3OC)Cc3cnc(Nc4ccc(N5CCN(C)CC5)c(C)c4)nc32)C1,7.562249660491943,6.486014340798059,1.0199625767757121,0.7553191489361702,1.0762353196938843
rf,3994,CCCC(=O)N1CC[C@H](N2C(=O)N(c3ccccc3Cl)Cc3cnc(Nc4ccc(N5CCN(C)CC5)c(C)c4)nc32)C1,7.539102077484131,7.316223135185242,0.704857846663723,0.8433734939759037,0.22287894229888927
rf,4147,CCCN1CC[C@H](N2C(=O)N(c3ccccc3Cl)Cc3cnc(Nc4ccc(N5CCN(C)CC5)c(C)c4)nc32)C1,7.2773661613464355,7.650509848976136,0.6785245652616403,0.7831325301204819,0.3731436876297005
rf,9820,Cc1cc(Nc2ncc3c(n2)N([C@H]2CCN(C(=O)C(C)(C)C)C2)C(=O)N(c2ccccc2Cl)C3)ccc1N1CCN(C)CC1,7.531652450561523,7.535002866427104,0.7387737786421528,0.8641975308641975,0.0033504158655803806
rf,9821,Cc1cc(Nc2ncc3c(n2)N([C@H]2CCN(C(=O)C(C)C)C2)C(=O)N(c2ccccc2Cl)C3)ccc1N1CCN(C)CC1,8.070581436157227,7.485004464308421,0.7496731075714183,0.8641975308641975,0.5855769718488055
rf,9825,Cc1cc(Nc2ncc3c(n2)N([C@H]2CCN(C(=O)CC(C)C)C2)C(=O)N(c2ccccc2Cl)C3)ccc1N1CCN(C)CC1,7.653646945953369,7.435254717063904,0.681808001648259,0.8333333333333334,0.2183922288894653
rf,9826,Cc1cc(Nc2ncc3c(n2)N([C@H]2CCN(C(=O)CN(C)C)C2)C(=O)N(c2ccccc2Cl)C3)ccc1N1CCN(C)CC1,7.575118541717529,7.366903989982605,0.6747456587094154,0.8433734939759037,0.2082145517349243
rf,9827,Cc1cc(Nc2ncc3c(n2)N([C@H]2CCN(C(=O)CO)C2)C(=O)N(c2ccccc2Cl)C3)ccc1N1CCN(C)CC1,8.154901504516602,7.411185593795776,0.667747126021424,0.8641975308641975,0.7437159107208258
rf,185,C#Cc1cccc(Nc2ncnc3cc(OC(C)C)c4c(c23)OCCO4)c1,7.402050018310547,6.708252325948079,0.945339006583698,0.703125,0.6937976923624678
rf,186,C#Cc1cccc(Nc2ncnc3cc(OC(C)COC)c4c(c23)OCCO4)c1,6.761439323425293,7.240986250050862,0.91172713940686,0.6428571428571429,0.4795469266255692
rf,214,C#Cc1cccc(Nc2ncnc3cc(OC)c4c(c23)OCCO4)c1,6.650515079498291,7.054582215309143,0.930671816995362,0.7377049180327869,0.40406713581085185
rf,222,C#Cc1cccc(Nc2ncnc3cc(OCC)c4c(c23)OCCO4)c1,7.484295845031738,7.100783316612245,0.859886129508234,0.7230769230769231,0.38351252841949357
rf,251,C#Cc1cccc(Nc2ncnc3cc(OCCOC)c4c(c23)OCCO4)c1,7.489405155181885,7.506961770121256,0.8414973016019691,0.6911764705882353,0.01755661493937133
rf,3484,CC(C)Oc1cc2ncnc(Nc3ccc(Cl)c([N+](=O)[O-])c3)c2c2c1OCCO2,6.494426250457764,7.02230881096522,0.993614865052375,0.6,0.5278825605074564
rf,3485,CC(C)Oc1cc2ncnc(Nc3ccc(F)c(C#N)c3)c2c2c1OCCO2,6.251811981201172,6.516864088630677,1.094719765136594,0.5945945945945946,0.26505210742950513
rf,3486,CC(C)Oc1cc2ncnc(Nc3ccc(F)c(Cl)c3)c2c2c1OCCO2,7.3178181648254395,6.883321221828461,0.8899024237165756,0.7164179104477612,0.4344969429969785
rf,3487,CC(C)Oc1cc2ncnc(Nc3ccc(F)c([N+](=O)[O-])c3)c2c2c1OCCO2,6.5,6.819953983688354,1.1296990924816437,0.5789473684210527,0.3199539836883538
rf,4580,CCOC(C)Oc1cc2ncnc(Nc3ccc(C)c(C#N)c3)c2c2c1OCCO2,6.0,6.623008265113831,1.0888021499267189,0.4819277108433735,0.6230082651138309
rf,4581,CCOC(C)Oc1cc2ncnc(Nc3ccc(C)c([N+](=O)[O-])c3)c2c2c1OCCO2,6.21986722946167,6.938700138409932,1.1820173910684981,0.47058823529411764,0.7188329089482624
rf,4582,CCOC(C)Oc1cc2ncnc(Nc3ccc(Cl)c([N+](=O)[O-])c3)c2c2c1OCCO2,6.261439323425293,7.138184466457367,0.9566061704550519,0.5180722891566265,0.8767451430320738
rf,4583,CCOC(C)Oc1cc2ncnc(Nc3ccc(F)c(C#N)c3)c2c2c1OCCO2,6.226851940155029,6.758377375221253,1.0334378365503067,0.5189873417721519,0.5315254350662233
rf,4584,CCOC(C)Oc1cc2ncnc(Nc3ccc(F)c([N+](=O)[O-])c3)c2c2c1OCCO2,6.545275688171387,6.991195080820719,1.0726738751030684,0.5,0.44591939264933256
rf,4585,CCOC(C)Oc1cc2ncnc(Nc3ccc(OC)c([N+](=O)[O-])c3)c2c2c1OCCO2,6.0,7.07254383134842,1.0734699153544343,0.4823529411764706,1.07254383134842
rf,4795,CCOc1cc2ncnc(Nc3ccc(C)c(Cl)c3)c2c2c1OCCO2,7.386056423187256,6.877836847861608,0.7241233949138606,0.6029411764705882,0.508219575325648
rf,4796,CCOc1cc2ncnc(Nc3ccc(C)cc3)c2c2c1OCCO2,7.150515079498291,6.197079668499175,0.8951505651899612,0.5072463768115942,0.9534354109991163
rf,4798,CCOc1cc2ncnc(Nc3ccc(F)c(Cl)c3)c2c2c1OCCO2,7.731090545654297,7.077989311377208,0.654566468101396,0.71875,0.6531012342770888
rf,4883,CCOc1cc2ncnc(Nc3cccc(OC)c3)c2c2c1OCCO2,7.301030158996582,6.684810565948487,0.9641555028004275,0.5428571428571428,0.6162195930480951
rf,4884,CCOc1cc2ncnc(Nc3cccc([N+](=O)[O-])c3)c2c2c1OCCO2,7.301030158996582,7.200012665821259,1.2451886089522215,0.5135135135135135,0.10101749317532338
rf,6236,COCC(C)Oc1cc2ncnc(Nc3ccc(F)c(Cl)c3)c2c2c1OCCO2,6.803475856781006,6.94091264781952,0.6741893809158491,0.6388888888888888,0.13743679103851392
rf,6316,COCCOc1cc2ncnc(Nc3ccc(C)c(C#N)c3)c2c2c1OCCO2,6.0,6.893923468017578,1.1563193910260354,0.5131578947368421,0.8939234680175776
rf,6318,COCCOc1cc2ncnc(Nc3ccc(C)c([N+](=O)[O-])c3)c2c2c1OCCO2,6.5,7.193263101069132,1.2505197788504419,0.475,0.6932631010691317
rf,6322,COCCOc1cc2ncnc(Nc3ccc(Cl)c([N+](=O)[O-])c3)c2c2c1OCCO2,6.650515079498291,7.294276269626616,1.0169743165674248,0.5256410256410257,0.6437611901283251
rf,6324,COCCOc1cc2ncnc(Nc3ccc(F)c(C#N)c3)c2c2c1OCCO2,6.150515079498291,6.9766167673110955,1.1162437437677604,0.5675675675675675,0.8261016878128045
rf,6326,COCCOc1cc2ncnc(Nc3ccc(F)c(Cl)c3)c2c2c1OCCO2,7.591879367828369,7.085081600316366,0.760262632169464,0.7272727272727273,0.506797767512003
rf,6341,COCCOc1cc2ncnc(Nc3ccc(F)c([N+](=O)[O-])c3)c2c2c1OCCO2,6.650515079498291,7.186911644570033,1.1685619071847257,0.5454545454545454,0.5363965650717422
rf,6342,COCCOc1cc2ncnc(Nc3ccc(F)cc3)c2c2c1OCCO2,6.3491597175598145,6.353728105545044,0.9993130061749755,0.5735294117647058,0.004568387985229627
rf,6349,COCCOc1cc2ncnc(Nc3ccc(OC)c([N+](=O)[O-])c3)c2c2c1OCCO2,6.0,7.267642211977639,1.1391138233498164,0.475,1.2676422119776394
rf,6365,COCCOc1cc2ncnc(Nc3cccc(Cl)c3)c2c2c1OC(COC)CO2,7.987584590911865,7.181577148183187,1.0411871222509919,0.5526315789473685,0.8060074427286779
rf,6368,COCCOc1cc2ncnc(Nc3cccc(OC)c3)c2c2c1OCCO2,6.747560977935791,6.626722130695979,0.9794543739225703,0.5714285714285714,0.12083884723981164
rf,8195,COc1cc2ncnc(Nc3ccc(F)c(Cl)c3)c2c2c1OCCO2,6.650515079498291,6.869124184926351,0.7411671970117123,0.7333333333333333,0.2186091054280599
rf,8869,COc1ccc(Nc2ncnc3cc(OC(C)C)c4c(c23)OCCO4)cc1[N+](=O)[O-],6.0,6.905747199376425,1.1565118698202805,0.5584415584415584,0.9057471993764246
rf,8873,COc1ccc(Nc2ncnc3cc(OCCCC(=O)NO)c4c(c23)OCCO4)cc1,6.048322677612305,6.425447056420644,0.9682357912657095,0.4935064935064935,0.3771243788083396
rf,9217,COc1ccccc1Nc1ncnc2cc(OCCCC(=O)NO)c3c(c12)OCCO3,6.0,6.8300893942356105,1.1669609155930007,0.46835443037974683,0.8300893942356105
rf,10041,Cc1ccc(Nc2ncnc3cc(OC(C)C)c4c(c23)OCCO4)cc1C#N,6.190401077270508,6.391089212036134,1.1110974621696728,0.56,0.20068813476562575
rf,10042,Cc1ccc(Nc2ncnc3cc(OC(C)C)c4c(c23)OCCO4)cc1[N+](=O)[O-],6.349484920501709,6.817166876157125,1.2358375650494051,0.5454545454545454,0.4676819556554159
rf,12333,O=C(CCCCCOc1cc2ncnc(Nc3cccc(Cl)c3)c2c2c1OCCO2)NO,8.317854881286621,7.45199012771334,0.9900238416183164,0.6619718309859155,0.8658647535732813
rf,12334,O=C(CCCCCOc1cc2ncnc(Nc3ccccc3Cl)c2c2c1OCCO2)NO,6.885722637176514,7.2598911943594615,1.0077515237470762,0.4810126582278481,0.37416855718294784
rf,12341,O=C(CCCCOc1cc2ncnc(Nc3cccc(Cl)c3)c2c2c1OCCO2)NO,8.008773803710938,7.254399283790588,0.9114995646562732,0.6714285714285714,0.7543745199203498
rf,12348,O=C(CCCOc1cc2ncnc(Nc3ccc(C(F)(F)F)cc3)c2c2c1OCCO2)NO,6.0,6.305699253082276,1.0743992967837084,0.4936708860759494,0.30569925308227575
rf,12349,O=C(CCCOc1cc2ncnc(Nc3ccc(Cl)cc3)c2c2c1OCCO2)NO,7.315154552459717,6.3000954925537105,1.0736018684944797,0.5540540540540541,1.0150590599060063
rf,12350,O=C(CCCOc1cc2ncnc(Nc3ccc(F)cc3)c2c2c1OCCO2)NO,6.929223537445068,6.318337757110596,1.0736143210131717,0.547945205479452,0.6108857803344723
rf,12351,O=C(CCCOc1cc2ncnc(Nc3cccc(C(F)(F)F)c3)c2c2c1OCCO2)NO,7.341988563537598,6.799869867801666,1.168081225983304,0.5454545454545454,0.5421186957359314
rf,12352,O=C(CCCOc1cc2ncnc(Nc3cccc(F)c3)c2c2c1OCCO2)NO,7.120330810546875,6.795331263542176,1.1602340355017493,0.6811594202898551,0.32499954700469935
rf,12353,O=C(CCCOc1cc2ncnc(Nc3ccccc3Cl)c2c2c1OCCO2)NO,6.535063743591309,6.8868222496509555,1.1386431924822573,0.4935064935064935,0.35175850605964687
rf,12354,O=C(CCCOc1cc2ncnc(Nc3ccccc3F)c2c2c1OCCO2)NO,7.037630558013916,6.823206980705261,1.151409702119478,0.4935064935064935,0.21442357730865513
rf,419,C=C(Cl)C(=O)Nc1cccc(Nc2nc(Nc3ccc(N4CCN(C(C)=O)CC4)c(C)c3)ncc2Cl)c1,7.938728332519531,7.378665184211731,0.8344697459138626,0.782608695652174,0.5600631483078002
rf,420,C=C(Cl)C(=O)Nc1cccc(Nc2nc(Nc3ccc(N4CCN(C(C)=O)CC4)c(Cl)c3)ncc2Cl)c1,7.885287284851074,7.327297855567932,0.7950832573546542,0.8181818181818182,0.5579894292831424
rf,421,C=C(Cl)C(=O)Nc1cccc(Nc2nc(Nc3ccc(N4CCN(C(C)=O)CC4)cc3)ncc2Cl)c1,7.781918525695801,7.148337679052353,0.6542127058016051,0.8307692307692308,0.633580846643448
rf,422,C=C(Cl)C(=O)Nc1cccc(Nc2nc(Nc3ccc(N4CCN(C(C)=O)CC4)cc3Cl)ncc2Cl)c1,6.924667835235596,6.9665513118403295,1.0011162801685045,0.7536231884057971,0.041883476604733794
rf,423,C=C(Cl)C(=O)Nc1cccc(Nc2nc(Nc3ccc(N4CCN(C(C)=O)CC4)cc3OC)ncc2C(F)(F)F)c1,7.192973613739014,7.049729726689202,0.9660542905976051,0.6781609195402298,0.1432438870498114
rf,432,C=C(F)C(=O)Nc1cccc(Nc2nc(Nc3ccc(N4CCN(C(C)=O)CC4)c(C)c3)ncc2Cl)c1,6.379725456237793,7.309851619911194,0.8564887611383594,0.6756756756756757,0.9301261636734006
rf,433,C=C(F)C(=O)Nc1cccc(Nc2nc(Nc3ccc(N4CCN(C(C)=O)CC4)cc3)ncc2Cl)c1,6.33581018447876,7.0901168827851615,0.723179434030385,0.7142857142857143,0.7543066983064017
rf,1432,C=CC(=O)Nc1cc(Nc2ncc(Cl)c(Nc3ccccc3C(=O)C(=O)N(C)C)n2)c(OC)cc1N1CCN(C)CC1,7.088015079498291,7.438911828422546,0.6718111774694375,0.6853932584269663,0.3508967489242547
rf,2398,C=CC(=O)Nc1cccc(Nc2nc(Nc3ccc(N4CCN(C(=O)C(C)(C)C)CC4)cc3OC)ncc2C(F)(F)F)c1,8.09354305267334,7.4195051755905155,0.6508751353011795,0.8607594936708861,0.6740378770828244
rf,2399,C=CC(=O)Nc1cccc(Nc2nc(Nc3ccc(N4CCN(C(=O)CC(C)(C)C)CC4)cc3OC)ncc2C(F)(F)F)c1,7.723361968994141,7.403112921714783,0.8165722916087114,0.7857142857142857,0.32024904727935777
rf,2400,C=CC(=O)Nc1cccc(Nc2nc(Nc3ccc(N4CCN(C(=O)CC)CC4)cc3OC)ncc2C(F)(F)F)c1,8.6298189163208,7.4485151481628415,0.74483534875876,0.8048780487804879,1.1813037681579592
rf,2404,C=CC(=O)Nc1cccc(Nc2nc(Nc3ccc(N4CCN(C(=O)CO)CC4)cc3OC(F)(F)F)ncc2C(F)(F)F)c1,8.09354305267334,7.365517518520355,0.9037595329890971,0.7011494252873564,0.7280255341529847
rf,2405,C=CC(=O)Nc1cccc(Nc2nc(Nc3ccc(N4CCN(C(=O)CO)CC4)cc3OC(F)F)ncc2C(F)(F)F)c1,9.0,7.545685451030732,0.8258728377445559,0.6853932584269663,1.4543145489692684
rf,2406,C=CC(=O)Nc1cccc(Nc2nc(Nc3ccc(N4CCN(C(=O)CO)CC4)cc3OC)ncc2C(F)(F)F)c1,8.6298189163208,7.437795490264892,0.7720250826803522,0.8048780487804879,1.1920234260559086
rf,2407,C=CC(=O)Nc1cccc(Nc2nc(Nc3ccc(N4CCN(C(=O)CO)CC4)cc3OC)ncc2Cl)c1,8.349485397338867,7.219980710983276,0.628051298575072,0.7866666666666666,1.1295046863555909
rf,2408,C=CC(=O)Nc1cccc(Nc2nc(Nc3ccc(N4CCN(C(=O)NC)CC4)cc3OC)ncc2C(F)(F)F)c1,8.6298189163208,7.425082109451294,0.8609817560750945,0.8148148148148148,1.2047368068695068
rf,2409,C=CC(=O)Nc1cccc(Nc2nc(Nc3ccc(N4CCN(C(=O)OC)CC4)cc3OC)ncc2C(F)(F)F)c1,8.349485397338867,7.463291101455688,0.641388577639364,0.8607594936708861,0.886194295883179
rf,2410,C=CC(=O)Nc1cccc(Nc2nc(Nc3ccc(N4CCN(C(C)=O)CC4)c(OC)c3)ncc2C(F)(F)F)c1,7.132200717926025,7.367593929290772,0.8832695273338649,0.725,0.23539321136474634
rf,2411,C=CC(=O)Nc1cccc(Nc2nc(Nc3ccc(N4CCN(C(C)=O)CC4)cc3)ncc2Cl)c1,7.258640289306641,7.296223162492116,0.5630831734236285,0.7941176470588235,0.037582873185475485
rf,2412,C=CC(=O)Nc1cccc(Nc2nc(Nc3ccc(N4CCN(C(C)=O)CC4)cc3OC(F)(F)F)ncc2C(F)(F)F)c1,8.6298189163208,7.615018056392669,0.844624377234701,0.7380952380952381,1.0148008599281315
rf,2413,C=CC(=O)Nc1cccc(Nc2nc(Nc3ccc(N4CCN(C(C)=O)CC4)cc3OC(F)F)ncc2C(F)(F)F)c1,9.0,7.782159494876861,0.6838268575331701,0.7209302325581395,1.2178405051231387
rf,2414,C=CC(=O)Nc1cccc(Nc2nc(Nc3ccc(N4CCN(C(C)=O)CC4)cc3OC)ncc2Br)c1,7.97930383682251,7.436612545490265,0.6779875398559835,0.6951219512195121,0.542691291332245
rf,2415,C=CC(=O)Nc1cccc(Nc2nc(Nc3ccc(N4CCN(C(C)=O)CC4)cc3OC)ncc2C(F)(F)F)c1,7.698969841003418,7.733990885734558,0.6284090028771866,0.8354430379746836,0.035021044731140094
rf,2417,C=CC(=O)Nc1cccc(Nc2nc(Nc3ccc(N4CCN(C(C)=O)CC4)cc3OC)ncc2Cl)c1,7.698969841003418,7.387816908836364,0.5616744822401017,0.8194444444444444,0.31115293216705364
rf,2418,C=CC(=O)Nc1cccc(Nc2nc(Nc3ccc(N4CCN(C(C)=O)[C@H](C(=O)OC)C4)cc3OC)ncc2C(F)(F)F)c1,8.349485397338867,7.531434443473816,1.0343425888742526,0.7441860465116279,0.8180509538650513
rf,2424,C=CC(=O)Nc1cccc(Nc2nc(Nc3ccc(N4CCN(S(C)(=O)=O)CC4)cc3OC)ncc2C(F)(F)F)c1,8.349485397338867,7.605859510421753,0.7219769182277788,0.8076923076923077,0.7436258869171146
rf,2425,C=CC(=O)Nc1cccc(Nc2nc(Nc3ccc(N4CCN(S(C)(=O)=O)CC4)cc3OC)ncc2Cl)c1,7.723361968994141,7.341519483566284,0.6087551970287175,0.7972972972972973,0.3818424854278568
rf,2788,C=CS(=O)(=O)Nc1cccc(Nc2nc(Nc3ccc(N4CCN(C(C)=O)CC4)cc3OC)ncc2Cl)c1,6.170696258544922,7.210750945727031,0.8384493635227431,0.7108433734939759,1.040054687182109
rf,2874,CC(=O)N1CCN(c2ccc(Nc3ncc(Cl)c(Nc4cccc(NC(=O)CCl)c4)n3)cc2)CC1,6.9430952072143555,7.1584455500602715,0.6674415932044424,0.7285714285714285,0.21535034284591603
rf,3928,CCC(=O)Nc1cccc(Nc2nc(Nc3ccc(N4CCN(C(C)=O)CC4)cc3)ncc2Cl)c1,7.181114673614502,7.117355736351013,0.7350736677136614,0.7183098591549296,0.06375893726348902
rf,3929,CCC(=O)Nc1cccc(Nc2nc(Nc3ccc(N4CCN(C(C)=O)CC4)cc3OC)ncc2Cl)c1,7.201349258422852,6.735455149650574,0.8658546330661383,0.7468354430379747,0.4658941087722779
rf,5854,CN1CCN(c2ccc(Nc3ncc(Cl)c(Nc4ccccc4C(=O)NO)n3)cc2)CC1,7.16234827041626,7.3091652936935425,0.6537379209228169,0.8135593220338984,0.14681702327728274
rf,5855,CN1CCN(c2ccc(Nc3ncc(Cl)c(Nc4ccccc4P(C)(C)=O)n3)c(Br)c2)CC1,7.6641130447387695,7.181141962432861,0.7155779308077299,0.684931506849315,0.4829710823059088
rf,5856,CN1CCN(c2ccc(Nc3ncc(Cl)c(Nc4ccccc4P(C)(C)=O)n3)cc2Br)CC1,8.508638381958008,7.280573616981506,0.6065427622242648,0.8636363636363636,1.2280647649765015
rf,6967,COc1cc(N2CCN(C(C)=O)CC2)ccc1Nc1ncc(Cl)c(Nc2cccc(NC(=O)CCl)c2)n1,7.245651721954346,6.765756796836853,0.8862580676609,0.7564102564102564,0.47989492511749265
rf,6969,COc1cc(N2CCN(C(C)=O)CC2)ccc1Nc1ncc(Cl)c(Nc2cccc(NC(C)=O)c2)n1,5.956637859344482,6.654129081408183,0.8696250912082556,0.7866666666666666,0.6974912220637002
rf,6970,COc1cc(N2CCN(C(C)=O)CC2)ccc1Nc1ncc(Cl)c(Nc2cccc(NCCS(=O)(=O)F)c2)n1,6.339134693145752,7.030910513877869,0.9446718639638567,0.7228915662650602,0.6917758207321167
rf,6981,COc1cc(N2CCN(C)CC2)ccc1Nc1ncc(Cl)c(Nc2ccccc2NS(C)(=O)=O)n1,7.807197093963623,7.90634578037262,0.8315279152576792,0.8656716417910447,0.09914868640899677
rf,7071,COc1cc(N2CCNCC2)ccc1Nc1ncc(Br)c(Nc2ccccc2NS(N)(=O)=O)n1,7.544155120849609,7.764234485149384,0.9338385236177579,0.7323943661971831,0.22007936429977448
rf,7072,COc1cc(N2CCNCC2)ccc1Nc1ncc(C(F)(F)F)c(Nc2ccccc2NS(C)(=O)=O)n1,7.490649700164795,7.5930526506106055,0.8607183428655744,0.7012987012987013,0.1024029504458106
rf,7073,COc1cc(N2CCNCC2)ccc1Nc1ncc(Cl)c(Nc2ccccc2NS(C)(=O)=O)n1,7.516225814819336,7.906560916582743,0.8614247731614396,0.8676470588235294,0.3903351017634069
rf,7074,COc1cc(N2CCNCC2)ccc1Nc1ncc(Cl)c(Nc2ccccc2NS(N)(=O)=O)n1,8.22796630859375,8.013820954958597,1.0430155035044388,0.7857142857142857,0.2141453536351534
rf,7126,COc1cc(Nc2ncc(Cl)c(Nc3ccccc3C(=O)C(=O)N(C)C)n2)ccc1N1CCN(C)CC1,6.769707202911377,7.367253642082215,1.0897823343628223,0.6071428571428571,0.5975464391708378
rf,9813,Cc1cc(Nc2ncc(C#N)c(Nc3cccc(S(=O)(=O)NC(C)(C)C)c3)n2)ccc1N1CCN(C)CC1,3.823908805847168,6.562722808202109,1.2683531544559752,0.4666666666666667,2.7388140023549408
rf,9830,Cc1cc(Nc2nccc(Nc3cccc(S(N)(=O)=O)c3)n2)ccc1N1CCN(C)CC1,3.823908805847168,5.920529046376547,1.5569067496937565,0.6307692307692307,2.0966202405293792
rf,10166,Cc1cccc(Nc2ccnc(Nc3ccc(N4CCN(C)CC4)c(C)c3)n2)c1,3.823908805847168,6.6411996482531235,1.1950430003149297,0.515625,2.8172908424059555
rf,10167,Cc1cccc(Nc2ccnc(Nc3ccc(N4CCN(C)CC4)cc3)n2)c1,4.958607196807861,6.705279206975302,1.1869647975320514,0.6666666666666666,1.7466720101674404
rf,5447,CN(C)CCNC(=O)c1ccc(-c2cc3c(N[C@H](CO)c4ccccc4)ncnc3s2)cc1,8.698969841003418,6.642261077451705,1.1005864550872655,0.6052631578947368,2.056708763551713
rf,6132,COC(=O)c1cc(OC)c(-c2cc3c(N[C@H](C)c4ccccc4)ncnc3s2)c(OC)c1,8.397939682006836,6.611131345512751,1.135644836858212,0.5423728813559322,1.7868083364940848
rf,6136,COC(=O)c1ccc(-c2cc3c(N[C@H](C)c4ccccc4)ncnc3s2)c(OC)c1,7.698969841003418,6.86370590273766,1.3207753020096198,0.5757575757575758,0.8352639382657578
rf,6151,COC(=O)c1ccc(OC)c(-c2cc3c(N[C@H](C)c4ccccc4)ncnc3s2)c1,8.154901504516602,6.846718774877273,1.2511921644742647,0.5757575757575758,1.308182729639329
rf,6158,COC(=O)c1cccc(-c2cc3c(N[C@H](C)c4ccccc4)ncnc3s2)c1OC,8.045757293701172,6.6902203206720765,1.1753252934165206,0.5373134328358209,1.3555369730290954
rf,6431,COC[C@@H](Nc1ncnc2sc(-c3ccccc3OC)cc12)c1ccccc1,7.638272285461426,6.582650120752198,1.3121519310736467,0.6785714285714286,1.055622164709228
rf,6498,COc1c(C(=O)NCCN(C)C)cccc1-c1cc2c(N[C@H](C)c3ccccc3)ncnc2s1,8.522878646850586,6.900238167385825,1.196009532828197,0.4675324675324675,1.6226404794647609
rf,6501,COc1c(C=O)cccc1-c1cc2c(N[C@H](C)c3ccccc3)ncnc2s1,7.677780628204346,6.767551455693015,1.171803347913563,0.5454545454545454,0.9102291725113307
rf,6502,COc1c(CO)cccc1-c1cc2c(N[C@H](C)c3ccccc3)ncnc2s1,8.823908805847168,6.750564711286906,1.1336200710413298,0.5454545454545454,2.0733440945602624
rf,6627,COc1cc(C(=O)NCCN(C)C)cc(OC)c1-c1cc2c(N[C@H](C)c3ccccc3)ncnc2s1,9.397939682006836,6.806483693874448,1.1740182065022384,0.463768115942029,2.591455988132388
rf,6628,COc1cc(C(=O)NCCN(C)C)ccc1-c1cc2c(N[C@H](C)c3ccccc3)ncnc2s1,9.301030158996582,7.0277820517267475,1.3062067655097613,0.5,2.2732481072698345
rf,6636,COc1cc(C(N)=O)ccc1-c1cc2c(N[C@H](C)c3ccccc3)ncnc2s1,8.698969841003418,6.874433886337278,1.328966104389761,0.5671641791044776,1.82453595466614
rf,6638,COc1cc(C(N)=O)ccc1-c1cc2c(N[C@H](CO)c3ccccc3)ncnc2s1,8.823908805847168,6.791450224708754,1.3853544946118854,0.5384615384615384,2.032458581138414
rf,6701,COc1cc(C=O)ccc1-c1cc2c(NCc3ccccc3)ncnc2s1,8.221848487854004,6.409839170206161,0.8593480102725636,0.7457627118644068,1.812009317647843
rf,6723,COc1cc(CO)ccc1-c1cc2c(NCc3ccccc3)ncnc2s1,8.301030158996582,6.519370054011118,0.7252642281315541,0.7719298245614035,1.7816601049854643
rf,6734,COc1cc(F)ccc1-c1cc2c(N[C@H](C)c3ccccc3)ncnc2s1,8.221848487854004,6.940495497912451,1.2402962249560312,0.639344262295082,1.2813529899415528
rf,8573,COc1ccc(-c2cc3c(N[C@H](C)c4ccccc4)ncnc3s2)c(OC)c1,8.301030158996582,6.809561240193955,1.267453021413733,0.6229508196721312,1.491468918802627
rf,8675,COc1ccc(C(=O)NCCN(C)C)cc1-c1cc2c(N[C@H](C)c3ccccc3)ncnc2s1,9.301030158996582,6.9904945427622085,1.2381807075123583,0.5,2.3105356162343735
rf,8754,COc1ccc(C=O)cc1-c1cc2c(N[C@H](C)c3ccccc3)ncnc2s1,8.522878646850586,6.775265304252078,1.2614823706237301,0.625,1.747613342598508
rf,8780,COc1ccc(CO)cc1-c1cc2c(N[C@H](C)c3ccccc3)ncnc2s1,8.301030158996582,6.8959406931581935,1.2164902634077954,0.625,1.4050894658383886
rf,9008,COc1cccc(-c2cc3c(N[C@H](C)c4ccccc4)ncnc3s2)c1OC,7.886056423187256,6.865586008487426,1.1822794704543367,0.6610169491525424,1.0204704146998296
rf,9079,COc1cccc(OC)c1-c1cc2c(N[C@H](C)c3ccccc3)ncnc2s1,8.698969841003418,6.630163301327114,1.063194751521009,0.6153846153846154,2.068806539676304
rf,9080,COc1cccc(OC)c1-c1cc2c(N[C@H](CO)c3ccccc3)ncnc2s1,9.045757293701172,6.631582479182121,1.1256416096686908,0.625,2.4141748145190505
rf,9113,COc1ccccc1-c1cc2c(NC(C)c3ccccc3)ncnc2s1,7.721246242523193,6.886849028128667,1.191087314433654,0.7592592592592593,0.8343972143945262
rf,9114,COc1ccccc1-c1cc2c(NC(CO)c3ccccc3)ncnc2s1,8.09691047668457,6.920972583897151,1.2703319095075427,0.6428571428571429,1.1759378927874193
rf,9115,COc1ccccc1-c1cc2c(NCc3ccccc3)ncnc2s1,7.7695512771606445,6.6155542112668355,0.6260968534326349,0.86,1.153997065893809
rf,9120,COc1ccccc1-c1cc2c(N[C@@H](C)c3ccccc3)ncnc2s1,5.730486869812012,6.886849028128667,1.191087314433654,0.7592592592592593,1.1563621583166555
rf,9121,COc1ccccc1-c1cc2c(N[C@@H](CO)c3ccccc3)ncnc2s1,6.201349258422852,6.920972583897151,1.2703319095075427,0.6428571428571429,0.7196233254742994
rf,9122,COc1ccccc1-c1cc2c(N[C@H](C)c3ccc(F)cc3)ncnc2s1,7.568636417388916,6.97510069378217,0.8737498484869702,0.7192982456140351,0.5935357236067462
rf,9124,COc1ccccc1-c1cc2c(N[C@H](C)c3ccccc3)ncnc2s1,8.045757293701172,6.886849028128667,1.191087314433654,0.7592592592592593,1.1589082655725047
rf,9128,COc1ccccc1-c1cc2c(N[C@H](CO)c3ccccc3)ncnc2s1,9.0,6.920972583897151,1.2703319095075427,0.6428571428571429,2.079027416102849
rf,9508,C[C@@H](Nc1ncnc2sc(-c3ccc(C(=O)NCCN(C)C)cc3)cc12)c1ccccc1,8.698969841003418,6.767725106461843,1.0542572901060114,0.5,1.9312447345415746
rf,9509,C[C@@H](Nc1ncnc2sc(-c3ccc(C(=O)O)cc3)cc12)c1ccccc1,7.721246242523193,6.52460189979871,0.9618220500455461,0.6037735849056604,1.1966443427244835
rf,9510,C[C@@H](Nc1ncnc2sc(-c3ccc(C(N)=O)cc3)cc12)c1ccccc1,8.154901504516602,6.563532818651199,0.9663066960673422,0.5818181818181818,1.5913686858654028
rf,9511,C[C@@H](Nc1ncnc2sc(-c3ccc(C=O)cc3F)cc12)c1ccccc1,7.229147911071777,6.652955769620622,1.2226489199914534,0.5517241379310345,0.5761921414511555
rf,9512,C[C@@H](Nc1ncnc2sc(-c3ccc(CO)cc3F)cc12)c1ccccc1,7.886056423187256,6.830881402939842,1.182652811105183,0.5517241379310345,1.0551750202474137
rf,9513,C[C@@H](Nc1ncnc2sc(-c3ccc(F)c(C=O)c3)cc12)c1ccccc1,8.09691047668457,6.702761114520117,0.9897433739903441,0.5517241379310345,1.3941493621644536
rf,9514,C[C@@H](Nc1ncnc2sc(-c3ccc(S(C)(=O)=O)cc3)cc12)c1ccccc1,7.387216091156006,6.535488943785711,0.8730575955946285,0.5925925925925926,0.851727147370295
rf,9515,C[C@@H](Nc1ncnc2sc(-c3cccc(C(=O)NCCN(C)C)c3)cc12)c1ccccc1,9.045757293701172,6.826372331253688,1.0734223159140464,0.48484848484848486,2.219384962447484
rf,9516,C[C@@H](Nc1ncnc2sc(-c3cccc(C(=O)O)c3)cc12)c1ccccc1,8.09691047668457,6.457951472091675,0.9490735593159509,0.5818181818181818,1.6389590045928957
rf,9517,C[C@@H](Nc1ncnc2sc(-c3cccc(C(N)=O)c3)cc12)c1ccccc1,8.301030158996582,6.593670779657365,0.994226972804851,0.5614035087719298,1.7073593793392172
rf,9518,C[C@@H](Nc1ncnc2sc(-c3cccc(C=O)c3)cc12)c1ccccc1,8.221848487854004,6.399656328310285,1.0245665324913436,0.5818181818181818,1.822192159543719
rf,9519,C[C@@H](Nc1ncnc2sc(-c3cccc(S(C)(=O)=O)c3)cc12)c1ccccc1,7.585026741027832,6.594543220881052,0.9581958972472799,0.5714285714285714,0.9904835201467801
rf,9520,C[C@@H](Nc1ncnc2sc(-c3ccccc3C(N)=O)cc12)c1ccccc1,6.559091091156006,6.757018293889362,1.1275981418856824,0.5818181818181818,0.1979272027333563
rf,13253,OC[C@@H](Nc1ncnc2sc(-c3ccccc3)cc12)c1ccccc1,8.045757293701172,6.500137178413072,0.8806842601305838,0.7291666666666666,1.5456201152880995
rf,13264,OCc1ccc(-c2cc3c(NCc4ccccc4)ncnc3s2)cc1,7.318758964538574,6.441229664754868,0.8247254868510473,0.7346938775510204,0.8775292997837063
rf,13273,OCc1cccc(-c2cc3c(N[C@H](CO)c4ccccc4)ncnc3s2)c1,8.522878646850586,6.527803505142529,0.8816596393966671,0.6461538461538462,1.9950751417080568
rf,2887,CC(=O)N1N=C(c2ccc(C)c(C)c2)CC1c1ccc(Br)cc1,4.685922145843506,6.003919775009155,1.1956213007582766,0.49295774647887325,1.3179976291656494
rf,2888,CC(=O)N1N=C(c2ccc(C)c(C)c2)CC1c1ccc(C)cc1,4.7572102546691895,5.655421546936035,1.103266038570282,0.47368421052631576,0.8982112922668453
rf,2889,CC(=O)N1N=C(c2ccc(C)c(C)c2)CC1c1ccc(Cl)cc1,4.704873085021973,5.691145937919616,1.0792187219160831,0.5081967213114754,0.9862728528976437
rf,2890,CC(=O)N1N=C(c2ccc(C)c(C)c2)CC1c1ccc(F)cc1,4.807990550994873,5.673825980186463,1.088904804311364,0.4861111111111111,0.8658354291915895
rf,2891,CC(=O)N1N=C(c2ccc(C)c(C)c2)CC1c1ccccc1,4.6981024742126465,5.660626470565796,1.1146165520269862,0.453125,0.9625239963531493
rf,2892,CC(=O)N1N=C(c2ccc(C)c(C)c2)CC1c1ccccc1Cl,4.667965888977051,5.757340876102448,1.197361078078412,0.4444444444444444,1.0893749871253968
rf,2895,CC(=O)N1N=C(c2ccc(Cl)c(Cl)c2)CC1c1ccc(Br)cc1,4.73400354385376,5.960676689624786,1.1960431221932304,0.4657534246575342,1.2266731457710263
rf,2896,CC(=O)N1N=C(c2ccc(Cl)c(Cl)c2)CC1c1ccc(C)cc1,4.713993072509766,5.680966811656952,1.1400489595593852,0.4583333333333333,0.9669737391471864
rf,2897,CC(=O)N1N=C(c2ccc(Cl)c(Cl)c2)CC1c1ccc(Cl)cc1,4.7920966148376465,5.6291897583007815,1.1045429788800083,0.5166666666666667,0.837093143463135
rf,2898,CC(=O)N1N=C(c2ccc(Cl)c(Cl)c2)CC1c1ccc(F)cc1,4.736363887786865,5.64026671775182,1.1137305812982217,0.4594594594594595,0.903902829964955
rf,2899,CC(=O)N1N=C(c2ccc(Cl)c(Cl)c2)CC1c1ccccc1,4.542269229888916,5.633956875801086,1.192653374793552,0.509090909090909,1.0916876459121703
rf,2900,CC(=O)N1N=C(c2ccc(Cl)c(Cl)c2)CC1c1ccccc1Cl,4.6170830726623535,5.722523907661438,1.2064016468743917,0.5614035087719298,1.1054408349990847
rf,7179,COc1cc(OC)cc(C2CC(c3ccc(C)c(C)c3)=NN2C(C)=O)c1,4.761703014373779,5.8172803335189815,1.0651994509191294,0.453125,1.0555773191452023
rf,7180,COc1cc(OC)cc(C2CC(c3ccc(Cl)c(Cl)c3)=NN2C(C)=O)c1,4.593971252441406,5.807244489192962,1.060037088505137,0.49206349206349204,1.2132732367515562
rf,8733,COc1ccc(C2CC(c3ccc(Br)c(Br)c3)=NN2C(N)=S)cc1,5.0920515060424805,6.12883577299118,1.5660209656173298,0.6727272727272727,1.0367842669486995
rf,8737,COc1ccc(C2CC(c3ccc(C)c(C)c3)=NN2C(C)=O)cc1,4.817015171051025,5.797431005477906,1.0320926957076153,0.5409836065573771,0.9804158344268803
rf,8738,COc1ccc(C2CC(c3ccc(C)c(C)c3)=NN2C(N)=S)cc1,7.15490198135376,5.870638213157654,0.9729543246301394,0.6851851851851852,1.284263768196106
rf,8742,COc1ccc(C2CC(c3ccc(Cl)c(Cl)c3)=NN2C(C)=O)cc1,4.764724254608154,5.792712472438812,1.0424279714088898,0.5833333333333334,1.027988217830658
rf,8743,COc1ccc(C2CC(c3ccc(Cl)c(Cl)c3)=NN2C(N)=S)cc1,5.241087913513184,5.858556733131409,0.9691645406102513,0.6727272727272727,0.6174688196182254
rf,9959,Cc1ccc(C2=NN(C(N)=S)C(c3ccc(Br)cc3)C2)cc1C,5.663540363311768,6.023062047958374,1.1471704392886655,0.6415094339622641,0.35952168464660605
rf,9960,Cc1ccc(C2=NN(C(N)=S)C(c3ccc(Cl)cc3)C2)cc1C,5.866461277008057,5.713600409507752,1.0381259376751024,0.6415094339622641,0.15286086750030492
rf,9961,Cc1ccc(C2=NN(C(N)=S)C(c3ccc(F)cc3)C2)cc1C,6.0809221267700195,5.65310435628891,1.0384994772237028,0.6415094339622641,0.42781777048110925
rf,9962,Cc1ccc(C2=NN(C(N)=S)C(c3ccc(O)cc3)C2)cc1C,6.886056423187256,5.636797419230143,1.0953240474028414,0.5636363636363636,1.2492590039571132
rf,9963,Cc1ccc(C2=NN(C(N)=S)C(c3ccc([N+](=O)[O-])cc3)C2)cc1C,5.514278411865234,5.765006743113199,1.1469260619512722,0.5081967213114754,0.2507283312479647
rf,9966,Cc1ccc(C2=NN(C(N)=S)C(c3ccccc3Br)C2)cc1C,5.375718116760254,5.994444379488627,1.1098397504712079,0.5614035087719298,0.6187262627283729
rf,9967,Cc1ccc(C2=NN(C(N)=S)C(c3ccccc3Cl)C2)cc1C,5.412289142608643,5.81679231262207,1.1641122332911267,0.6140350877192983,0.4045031700134274
rf,9968,Cc1ccc(C2=NN(C(N)=S)C(c3ccccc3F)C2)cc1C,5.28483247756958,5.755957037289937,1.0823599569926183,0.5614035087719298,0.47112455972035683
rf,9993,Cc1ccc(C2CC(c3ccc(Br)c(Br)c3)=NN2C(N)=S)cc1,5.0074462890625,6.133706290404001,1.6731370232441782,0.6415094339622641,1.1262600013415014
rf,9997,Cc1ccc(C2CC(c3ccc(C)c(C)c3)=NN2C(N)=S)cc1,6.4685211181640625,5.667260463396707,1.0602843572300387,0.6666666666666666,0.8012606547673551
rf,10000,Cc1ccc(C2CC(c3ccc(Cl)c(Cl)c3)=NN2C(N)=S)cc1,5.131943702697754,5.704761559486389,1.080760700172408,0.6415094339622641,0.5728178567886353
rf,11687,NC(=S)N1N=C(c2ccc(Br)c(Br)c2)CC1c1ccc(Br)cc1,4.997402191162109,6.1962441306114195,1.6666228914898331,0.6666666666666666,1.1988419394493102
rf,11688,NC(=S)N1N=C(c2ccc(Br)c(Br)c2)CC1c1ccc(Cl)cc1,5.088842391967773,6.084518313884735,1.6382998298878217,0.6415094339622641,0.9956759219169617
rf,11689,NC(=S)N1N=C(c2ccc(Br)c(Br)c2)CC1c1ccc(F)cc1,5.04963493347168,6.014183917045593,1.6628763080001765,0.6415094339622641,0.9645489835739136
rf,11690,NC(=S)N1N=C(c2ccc(Br)c(Br)c2)CC1c1ccc(O)cc1,4.948076248168945,5.995787232081095,1.702883709885682,0.5636363636363636,1.0477109839121495
rf,11691,NC(=S)N1N=C(c2ccc(Br)c(Br)c2)CC1c1ccc([N+](=O)[O-])cc1,4.973058223724365,6.1473686405817665,1.712032427163673,0.5081967213114754,1.1743104168574012
rf,11692,NC(=S)N1N=C(c2ccc(Br)c(Br)c2)CC1c1ccccc1Br,4.959793567657471,6.139921668211619,1.640807603066766,0.5925925925925926,1.180128100554148
rf,11693,NC(=S)N1N=C(c2ccc(Br)c(Br)c2)CC1c1ccccc1Cl,4.9115095138549805,6.178326096534729,1.6770060808086908,0.6140350877192983,1.2668165826797484
rf,11694,NC(=S)N1N=C(c2ccc(Br)c(Br)c2)CC1c1ccccc1F,4.873868465423584,6.114719551881154,1.653974524908082,0.5614035087719298,1.2408510864575701
rf,11697,NC(=S)N1N=C(c2ccc(Cl)c(Cl)c2)CC1c1ccc(Br)cc1,5.164309501647949,5.96809863948822,1.139904633618541,0.6415094339622641,0.8037891378402708
rf,11698,NC(=S)N1N=C(c2ccc(Cl)c(Cl)c2)CC1c1ccc(Cl)cc1,5.135488986968994,5.669267111778259,1.0301274547126746,0.6666666666666666,0.533778124809265
rf,11699,NC(=S)N1N=C(c2ccc(Cl)c(Cl)c2)CC1c1ccc(F)cc1,5.202732563018799,5.623154484748841,1.0387338069825496,0.6415094339622641,0.4204219217300418
rf,11700,NC(=S)N1N=C(c2ccc(Cl)c(Cl)c2)CC1c1ccc(O)cc1,5.278189182281494,5.594798519611358,1.0882891043611853,0.6181818181818182,0.3166093373298642
rf,11701,NC(=S)N1N=C(c2ccc(Cl)c(Cl)c2)CC1c1ccc([N+](=O)[O-])cc1,5.109020233154297,5.754553463459015,1.166801776618297,0.5573770491803278,0.6455332303047179
rf,11704,NC(=S)N1N=C(c2ccc(Cl)c(Cl)c2)CC1c1ccccc1Br,5.191789150238037,5.975546791553497,1.1193520104742354,0.7358490566037735,0.7837576413154599
rf,11705,NC(=S)N1N=C(c2ccc(Cl)c(Cl)c2)CC1c1ccccc1Cl,5.137868404388428,5.778960614681244,1.1592608457291143,0.78,0.6410922102928165
rf,11706,NC(=S)N1N=C(c2ccc(Cl)c(Cl)c2)CC1c1ccccc1F,5.183095932006836,5.7711593333880105,1.1144027225466724,0.7358490566037735,0.5880634013811745
rf,4346,CCN1CCN(C2CCN(c3ccc(Nc4nccc(-c5c(-c6cccc(C(=O)Nc7c(F)cccc7F)c6)nc6ccccn56)n4)c(OC)c3)CC2)CC1,7.0,6.982712812423706,0.2077225748233241,0.8817204301075269,0.01728718757629366
rf,4632,CCOc1cc(N2CCC(N3CCN(CC(F)F)CC3)CC2)ccc1Nc1nccc(-c2c(-c3cccc(C(=O)Nc4c(F)cccc4F)c3)nc3ccccn23)n1,7.0,6.87655855414981,0.685520379422286,0.8431372549019608,0.12344144585019023
rf,4633,CCOc1cc(N2CCC(N3CCN(CCC(F)(F)F)CC3)CC2)ccc1Nc1nccc(-c2c(-c3cccc(C(=O)Nc4c(F)cccc4F)c3)nc3ccccn23)n1,7.0,6.8472191212972,0.4837553365736071,0.8543689320388349,0.15278087870280022
rf,4634,CCOc1cc(N2CCC(N3CCN(CCF)CC3)CC2)ccc1Nc1nccc(-c2c(-c3cccc(C(=O)Nc4c(F)cccc4F)c3)nc3ccccn23)n1,7.0,6.986971497853597,0.18128742938167325,0.9583333333333334,0.013028502146402943
rf,4635,CCOc1cc(N2CCC(N3CCN(CCS(C)(=O)=O)CC3)CC2)ccc1Nc1nccc(-c2c(-c3cccc(C(=O)Nc4c(F)cccc4F)c3)nc3ccccn23)n1,7.0,6.990369437535604,0.14273489335590595,0.96,0.00963056246439642
rf,4636,CCOc1cc(N2CCC(N3CCN(S(C)(=O)=O)CC3)CC2)c(CC)cc1Nc1nccc(-c2c(-c3ccc(OC)c(C(=O)Nc4c(F)cccc4F)c3)nc3ccccn23)n1,6.0,5.997934117317199,0.1525576720401267,0.8240740740740741,0.0020658826828006127
rf,4637,CCOc1cc(N2CCC(N3CCN(S(C)(=O)=O)CC3)CC2)c(CC)cc1Nc1nccc(-c2c(-c3ccc(OCC)c(C(=O)Nc4c(F)cccc4F)c3)nc3ccccn23)n1,6.0,6.001282064437866,0.16994364489950237,0.819047619047619,0.0012820644378663815
rf,4638,CCOc1cc(N2CCC(N3CCN(S(C)(=O)=O)CC3)CC2)ccc1Nc1nccc(-c2c(-c3ccc(OC)c(C(=O)Nc4c(F)cccc4F)c3)nc3ccccn23)n1,6.0,6.0002295074462895,0.16749995025478207,0.794392523364486,0.0002295074462894675
rf,4639,CCOc1cc(N2CCC(N3CCN(S(C)(=O)=O)CC3)CC2)ccc1Nc1nccc(-c2c(-c3ccc(OCC)c(C(=O)Nc4c(F)cccc4F)c3)nc3ccccn23)n1,6.0,6.005577454566955,0.1887579216111609,0.7830188679245284,0.005577454566955353
rf,4640,CCOc1cc(N2CCC(N3CCN(S(C)(=O)=O)CC3)CC2)ccc1Nc1nccc(-c2c(-c3cccc(C(=O)Nc4c(F)cccc4F)c3)nc3ccccn23)n1,6.0,6.992071092923482,0.2735710866432155,0.8461538461538461,0.9920710929234824
rf,4894,CCOc1ccc(-c2nc3ccccn3c2-c2ccnc(Nc3cc(CC)c(N4CCC(N5CCN(S(C)(=O)=O)CC5)CC4)cc3OC)n2)cc1C(=O)Nc1c(F)cccc1F,6.0,5.997934117317199,0.1525576720401267,0.822429906542056,0.0020658826828006127
rf,4902,CCOc1ccc(-c2nc3ccccn3c2-c2ccnc(Nc3ccc(N4CCC(N5CCN(CCF)CC5)CC4)cc3OC)n2)cc1C(=O)Nc1c(F)cccc1F,6.0,6.019726072311402,0.17873905609409055,0.8415841584158416,0.019726072311401666
rf,4903,CCOc1ccc(-c2nc3ccccn3c2-c2ccnc(Nc3ccc(N4CCC(N5CCN(CCS(C)(=O)=O)CC5)CC4)cc3OC)n2)cc1C(=O)Nc1c(F)cccc1F,6.0,6.0146055488586425,0.1428013238286314,0.8476190476190476,0.014605548858642514
rf,4904,CCOc1ccc(-c2nc3ccccn3c2-c2ccnc(Nc3ccc(N4CCC(N5CCN(S(C)(=O)=O)CC5)CC4)cc3OC)n2)cc1C(=O)Nc1c(F)cccc1F,6.0,6.002229507446289,0.1733531519920216,0.819047619047619,0.0022295074462892472
rf,5113,CCc1cc(Nc2nccc(-c3c(-c4ccc(OC)c(C(=O)Nc5c(F)cccc5F)c4)nc4ccccn34)n2)c(OC)cc1N1CCC(N2CCN(S(C)(=O)=O)CC2)CC1,5.0,5.9999539003372195,0.15906969311356703,0.8173076923076923,0.9999539003372195
rf,5115,CCc1cc(Nc2nccc(-c3c(-c4cccc(C(=O)Nc5c(F)cccc5F)c4)nc4ccccn34)n2)c(OC)cc1N1CCC(N2CCN(S(C)(=O)=O)CC2)CC1,7.328788757324219,6.540003189427512,0.5615364015543461,0.7181818181818181,0.7887855678967064
rf,6864,COc1cc(N2CCC(N3CCN(C(C)=O)CC3)CC2)ccc1Nc1nccc(-c2c(-c3cccc(C(=O)Nc4c(F)cccc4F)c3)nc3ccccn23)n1,7.0,6.3866220523357375,1.2977943873482927,0.8913043478260869,0.6133779476642625
rf,6891,COc1cc(N2CCC(N3CCN(C)CC3)CC2)ccc1Nc1nccc(-c2c(-c3cccc(C(=O)Nc4c(F)cccc4F)c3)nc3ccccn23)n1,7.0,6.998824578285217,0.022902076655477867,0.9560439560439561,0.0011754217147830204
rf,6896,COc1cc(N2CCC(N3CCN(CCF)CC3)CC2)c(C)cc1Nc1nccc(-c2c(-c3cccc(C(=O)Nc4c(F)cccc4F)c3)nc3ccccn23)n1,7.0,6.4149796824455265,0.52834054452774,0.8058252427184466,0.5850203175544735
rf,6897,COc1cc(N2CCC(N3CCN(CCF)CC3)CC2)c(Cl)cc1Nc1nccc(-c2c(-c3cccc(C(=O)Nc4c(F)cccc4F)c3)nc3ccccn23)n1,7.0,6.628736077649253,0.687448773418095,0.7980769230769231,0.3712639223507468
rf,6898,COc1cc(N2CCC(N3CCN(CCF)CC3)CC2)c(OC)cc1Nc1nccc(-c2c(-c3cccc(C(=O)Nc4c(F)cccc4F)c3)nc3ccccn23)n1,7.0,6.575122650804974,0.5276220575767929,0.8217821782178217,0.4248773491950262
rf,6899,COc1cc(N2CCC(N3CCN(CCF)CC3)CC2)ccc1Nc1nccc(-c2c(-c3ccc(OC)c(C(=O)Nc4c(F)cccc4F)c3)nc3cc(F)ccn23)n1,6.0,6.083947160720825,0.44274371821786473,0.7941176470588235,0.08394716072082531
rf,6900,COc1cc(N2CCC(N3CCN(CCF)CC3)CC2)ccc1Nc1nccc(-c2c(-c3ccc(OC)c(C(=O)Nc4c(F)cccc4F)c3)nc3ccccn23)n1,6.0,6.019726072311402,0.17873905609409055,0.8958333333333334,0.019726072311401666
rf,6901,COc1cc(N2CCC(N3CCN(CCF)CC3)CC2)ccc1Nc1nccc(-c2c(-c3cccc(C(=O)Nc4c(F)cccc4F)c3)nc3c(C)cccn23)n1,7.0,6.898017045974732,0.6329835360626068,0.8058252427184466,0.10198295402526814
rf,6902,COc1cc(N2CCC(N3CCN(CCF)CC3)CC2)ccc1Nc1nccc(-c2c(-c3cccc(C(=O)Nc4c(F)cccc4F)c3)nc3c(F)cccn23)n1,7.0,6.892159817695617,0.5842993959088221,0.8383838383838383,0.10784018230438264
rf,6903,COc1cc(N2CCC(N3CCN(CCF)CC3)CC2)ccc1Nc1nccc(-c2c(-c3cccc(C(=O)Nc4c(F)cccc4F)c3)nc3cc(C(F)(F)F)ccn23)n1,7.0,6.697066045363743,0.6700647503986104,0.8173076923076923,0.3029339546362566
rf,6904,COc1cc(N2CCC(N3CCN(CCF)CC3)CC2)ccc1Nc1nccc(-c2c(-c3cccc(C(=O)Nc4c(F)cccc4F)c3)nc3cc(F)ccn23)n1,7.0,6.838462455749512,0.60163514297791,0.85,0.16153754425048827
rf,6905,COc1cc(N2CCC(N3CCN(CCF)CC3)CC2)ccc1Nc1nccc(-c2c(-c3cccc(C(=O)Nc4c(F)cccc4F)c3)nc3ccccn23)n1,7.0,7.0,0.0,0.9574468085106383,0.0
rf,6907,COc1cc(N2CCC(N3CCN(CCS(C)(=O)=O)CC3)CC2)c(C)cc1Nc1nccc(-c2c(-c3cccc(C(=O)Nc4c(F)cccc4F)c3)nc3ccccn23)n1,7.0,6.399601955413818,0.5239067871701444,0.8269230769230769,0.6003980445861821
rf,6908,COc1cc(N2CCC(N3CCN(CCS(C)(=O)=O)CC3)CC2)c(Cl)cc1Nc1nccc(-c2c(-c3cccc(C(=O)Nc4c(F)cccc4F)c3)nc3ccccn23)n1,7.0,6.615800236565726,0.7101762723459865,0.8055555555555556,0.38419976343427376
rf,6909,COc1cc(N2CCC(N3CCN(CCS(C)(=O)=O)CC3)CC2)ccc1Nc1nccc(-c2c(-c3ccc(OC)c(C(=O)Nc4c(F)cccc4F)c3)nc3ccccn23)n1,6.0,6.012605548858643,0.13581840921850094,0.9,0.012605548858642734
rf,6910,COc1cc(N2CCC(N3CCN(CCS(C)(=O)=O)CC3)CC2)ccc1Nc1nccc(-c2c(-c3cccc(C(=O)Nc4c(F)cccc4F)c3)nc3c(C)cccn23)n1,7.0,6.89801624584198,0.6381964279105992,0.8130841121495327,0.10198375415802019
rf,6911,COc1cc(N2CCC(N3CCN(CCS(C)(=O)=O)CC3)CC2)ccc1Nc1nccc(-c2c(-c3cccc(C(=O)Nc4c(F)cccc4F)c3)nc3c(F)cccn23)n1,7.0,6.896817437171936,0.5947530207865811,0.8446601941747572,0.1031825628280636
rf,6912,COc1cc(N2CCC(N3CCN(CCS(C)(=O)=O)CC3)CC2)ccc1Nc1nccc(-c2c(-c3cccc(C(=O)Nc4c(F)cccc4F)c3)nc3ccccn23)n1,7.0,7.0,0.0,0.9591836734693877,0.0
rf,6913,COc1cc(N2CCC(N3CCN(S(C)(=O)=O)CC3)CC2)c(C)cc1Nc1nccc(-c2c(-c3ccc(OC)c(C(=O)Nc4c(F)cccc4F)c3)nc3ccccn23)n1,6.0,5.996530047416687,0.23125698637511558,0.8058252427184466,0.003469952583312619
rf,6914,COc1cc(N2CCC(N3CCN(S(C)(=O)=O)CC3)CC2)c(C)cc1Nc1nccc(-c2c(-c3cccc(C(=O)Nc4c(F)cccc4F)c3)nc3ccccn23)n1,7.0,6.3906168065071105,0.5959218192625195,0.7961165048543689,0.6093831934928895
rf,6915,COc1cc(N2CCC(N3CCN(S(C)(=O)=O)CC3)CC2)ccc1Nc1nccc(-c2c(-c3ccc(OC(C)C)c(C(=O)Nc4c(F)cccc4F)c3)nc3ccccn23)n1,6.0,6.0396520109176635,0.43486192622940073,0.77,0.03965201091766346
rf,6916,COc1cc(N2CCC(N3CCN(S(C)(=O)=O)CC3)CC2)ccc1Nc1nccc(-c2c(-c3ccc(OC)c(C(=O)Nc4c(F)cccc4F)c3)nc3cc(F)ccn23)n1,6.0,6.088019495010376,0.45133803840995423,0.803921568627451,0.08801949501037587
rf,6917,COc1cc(N2CCC(N3CCN(S(C)(=O)=O)CC3)CC2)ccc1Nc1nccc(-c2c(-c3ccc(OC)c(C(=O)Nc4c(F)cccc4F)c3)nc3ccccn23)n1,6.0,5.99971023273468,0.16395984114312223,0.8210526315789474,0.00028976726532015107
rf,6918,COc1cc(N2CCC(N3CCN(S(C)(=O)=O)CC3)CC2)ccc1Nc1nccc(-c2c(-c3cccc(C(=O)Nc4c(F)cccc4F)c3)nc3c(C)cccn23)n1,7.0,6.909220724105835,0.6626076790974902,0.7281553398058253,0.09077927589416479
rf,6919,COc1cc(N2CCC(N3CCN(S(C)(=O)=O)CC3)CC2)ccc1Nc1nccc(-c2c(-c3cccc(C(=O)Nc4c(F)cccc4F)c3)nc3c(F)cccn23)n1,7.0,6.903379412651062,0.6035242096297314,0.7575757575757576,0.09662058734893808
rf,6920,COc1cc(N2CCC(N3CCN(S(C)(=O)=O)CC3)CC2)ccc1Nc1nccc(-c2c(-c3cccc(C(=O)Nc4c(F)cccc4F)c3)nc3cc(F)ccn23)n1,7.0,6.852428033828735,0.6260199768709063,0.77,0.1475719661712649
rf,6921,COc1cc(N2CCC(N3CCN(S(C)(=O)=O)CC3)CC2)ccc1Nc1nccc(-c2c(-c3cccc(C(=O)Nc4c(F)cccc4F)c3)nc3ccccn23)n1,7.122062683105469,7.009227750778198,0.13967693125149921,0.8723404255319149,0.11283493232727082
rf,9222,COc1ccn2c(-c3ccnc(Nc4ccc(N5CCC(N6CCN(CCF)CC6)CC5)cc4OC)n3)c(-c3cccc(C(=O)Nc4c(F)cccc4F)c3)nc2c1,7.0,6.357572554206849,1.0247845279061565,0.8415841584158416,0.6424274457931514
rf,9298,CS(=O)(=O)CCN1CCN(C2CCN(c3ccc(Nc4nccc(-c5c(-c6cccc(C(=O)Nc7c(F)cccc7F)c6)nc6ccccn56)n4)c(OCC(F)(F)F)c3)CC2)CC1,7.0,6.888756279627481,0.429294445887211,0.8679245283018868,0.11124372037251895
rf,3389,CC(C)COc1cc(N2CCC(N3CCCCC3)CC2)ccc1Nc1nccc(-c2c(-c3cccc(C(=O)Nc4c(F)cccc4F)c3)nc3ccccn23)n1,7.0,6.9841775260766354,0.28145691399260575,0.8736842105263158,0.015822473923364555
rf,3392,CC(C)Cc1cc(N2CCC(N3CCCCC3)CC2)ccc1Nc1nccc(-c2c(-c3cccc(C(=O)Nc4c(F)cccc4F)c3)nc3ccccn23)n1,7.0,6.991836981678008,0.7740599039691659,0.8144329896907216,0.008163018321991622
rf,3471,CC(C)Oc1cc(N2CCC(N3CCCCC3)CC2)ccc1Nc1nccc(-c2c(-c3cccc(C(=O)Nc4c(F)cccc4F)c3)nc3ccccn23)n1,7.0,7.08907264550527,0.7334626043940143,0.9021739130434783,0.08907264550527039
rf,4162,CCCOc1cc(N2CCC(N3CCCCC3)CC2)ccc1Nc1nccc(-c2c(-c3cccc(C(=O)Nc4c(F)cccc4F)c3)nc3ccccn23)n1,7.0,6.988993637084961,0.2620118087136974,0.8829787234042553,0.011006362915039425
rf,4176,CCCc1cc(N2CCC(N3CCCCC3)CC2)ccc1Nc1nccc(-c2c(-c3cccc(C(=O)Nc4c(F)cccc4F)c3)nc3ccccn23)n1,7.0,7.01656873884201,0.7613443794902948,0.8229166666666666,0.016568738842010156
rf,4630,CCOc1cc(N2CCC(N3CCCCC3)CC2)ccc1Nc1nccc(-c2c(-c3cccc(C(=O)Nc4c(F)cccc4F)c3)nc3ccccn23)n1,7.0,6.986553586959839,0.23824731646345412,0.9021739130434783,0.013446413040161254
rf,4900,CCOc1ccc(-c2nc3ccccn3c2-c2ccnc(Nc3ccc(N4CCC(N5CCC(CCS(C)(=O)=O)CC5)CC4)cc3OC)n2)cc1C(=O)Nc1c(F)cccc1F,6.0,6.012519274711609,0.11409049170273122,0.95,0.012519274711609185
rf,4901,CCOc1ccc(-c2nc3ccccn3c2-c2ccnc(Nc3ccc(N4CCC(N5CCCCC5)CC4)c(C)c3OC)n2)cc1C(=O)Nc1c(F)cccc1F,6.0,6.047682443618775,0.2947273496540211,0.7403846153846154,0.047682443618774606
rf,5095,CCc1cc(N2CCC(N3CCCCC3)CC2)ccc1Nc1nccc(-c2c(-c3cccc(C(=O)Nc4c(F)cccc4F)c3)nc3ccccn23)n1,7.0,7.015051698589325,0.7523618838534799,0.8494623655913979,0.015051698589324758
rf,6511,COc1c(Nc2nccc(-c3c(-c4cccc(C(=O)Nc5c(F)cccc5F)c4)nc4ccccn34)n2)ccc(N2CCC(N3CCCCC3)CC2)c1C,7.0,6.616737327480315,0.8009762767548797,0.8041237113402062,0.3832626725196846
rf,6826,COc1cc(N2CCC(N3CCC(C(F)(F)F)CC3)CC2)ccc1Nc1nccc(-c2c(-c3cccc(C(=O)Nc4c(F)cccc4F)c3)nc3ccccn23)n1,7.0,6.880934101104736,0.4019804426197428,0.8817204301075269,0.11906589889526398
rf,6827,COc1cc(N2CCC(N3CCC(C)CC3)CC2)ccc1Nc1nccc(-c2c(-c3cccc(C(=O)Nc4c(F)cccc4F)c3)nc3ccccn23)n1,7.0,6.985575393676758,0.22425426769797627,0.9111111111111111,0.014424606323242273
rf,6828,COc1cc(N2CCC(N3CCC(CCS(C)(=O)=O)CC3)CC2)ccc1Nc1nccc(-c2c(-c3ccc(OC)c(C(=O)Nc4c(F)cccc4F)c3)nc3ccccn23)n1,6.0,6.0105192747116085,0.10517945329681845,0.9479166666666666,0.010519274711608517
rf,6829,COc1cc(N2CCC(N3CCC(CCS(C)(=O)=O)CC3)CC2)ccc1Nc1nccc(-c2c(-c3cccc(C(=O)Nc4c(F)cccc4F)c3)nc3ccccn23)n1,7.0,6.853678078651428,0.3711175641816513,0.9375,0.14632192134857203
rf,6830,COc1cc(N2CCC(N3CCC(F)CC3)CC2)ccc1Nc1nccc(-c2c(-c3cccc(C(=O)Nc4c(F)cccc4F)c3)nc3ccccn23)n1,7.0,7.003702595710754,0.05043615328826682,0.9438202247191011,0.003702595710754153
rf,6831,COc1cc(N2CCC(N3CCC(O)CC3)CC2)ccc1Nc1nccc(-c2c(-c3ccc(OC)c(C(=O)Nc4c(F)cccc4F)c3)nc3ccccn23)n1,6.0,6.033993079185485,0.19725779229143608,0.9425287356321839,0.03399307918548544
rf,6832,COc1cc(N2CCC(N3CCC(O)CC3)CC2)ccc1Nc1nccc(-c2c(-c3cccc(C(=O)Nc4c(F)cccc4F)c3)nc3ccccn23)n1,7.0,6.397913275718689,0.5163715120029208,0.9302325581395349,0.6020867242813113
rf,6833,COc1cc(N2CCC(N3CCCC(F)(F)C3)CC2)ccc1Nc1nccc(-c2c(-c3cccc(C(=O)Nc4c(F)cccc4F)c3)nc3ccccn23)n1,7.0,7.321719795227051,0.9395897106794768,0.8736842105263158,0.3217197952270512
rf,6836,COc1cc(N2CCC(N3CCCCC3)CC2)c(C)cc1Nc1nccc(-c2c(-c3ccc(OC)c(C(=O)Nc4c(F)cccc4F)c3)nc3ccccn23)n1,6.0,6.03954429880778,0.27978114456537095,0.851063829787234,0.039544298807779654
rf,6837,COc1cc(N2CCC(N3CCCCC3)CC2)c(C)cc1Nc1nccc(-c2c(-c3cccc(C(=O)Nc4c(F)cccc4F)c3)nc3ccccn23)n1,7.0,6.392940769354502,0.5545523998773868,0.8421052631578947,0.6070592306454978
rf,6838,COc1cc(N2CCC(N3CCCCC3)CC2)c(Cl)cc1Nc1nccc(-c2c(-c3ccc(OC)c(C(=O)Nc4c(F)cccc4F)c3)nc3ccccn23)n1,6.0,6.166729042450586,0.6374639081981172,0.8421052631578947,0.16672904245058628
rf,6839,COc1cc(N2CCC(N3CCCCC3)CC2)c(Cl)cc1Nc1nccc(-c2c(-c3cccc(C(=O)Nc4c(F)cccc4F)c3)nc3ccccn23)n1,7.0,6.541592005752381,0.7177398747961358,0.8333333333333334,0.4584079942476187
rf,6840,COc1cc(N2CCC(N3CCCCC3)CC2)c(F)cc1Nc1nccc(-c2c(-c3ccc(OC)c(C(=O)Nc4c(F)cccc4F)c3)nc3ccccn23)n1,6.0,6.024258045832315,0.2614481791804466,0.8695652173913043,0.02425804583231539
rf,6841,COc1cc(N2CCC(N3CCCCC3)CC2)c(F)cc1Nc1nccc(-c2c(-c3cccc(C(=O)Nc4c(F)cccc4F)c3)nc3ccccn23)n1,7.0,6.512378402732668,0.5573702359641045,0.8602150537634409,0.48762159726733234
rf,6842,COc1cc(N2CCC(N3CCCCC3)CC2)c(OC)cc1Nc1nccc(-c2c(-c3cccc(C(=O)Nc4c(F)cccc4F)c3)nc3ccccn23)n1,7.0,6.5238945532072155,0.5387880099447441,0.8602150537634409,0.47610544679278455
rf,6843,COc1cc(N2CCC(N3CCCCC3)CC2)ccc1Nc1nccc(-c2c(-c3ccc(OC)c(C(=O)Nc4c(F)cccc4F)c3)nc3cc(C)ccn23)n1,6.0,6.174214586734772,0.5702271421329173,0.8125,0.17421458673477197
rf,6844,COc1cc(N2CCC(N3CCCCC3)CC2)ccc1Nc1nccc(-c2c(-c3ccc(OC)c(C(=O)Nc4c(F)cccc4F)c3)nc3cc(F)ccn23)n1,6.0,6.189375745296478,0.5893903409298852,0.8210526315789474,0.18937574529647794
rf,6845,COc1cc(N2CCC(N3CCCCC3)CC2)ccc1Nc1nccc(-c2c(-c3ccc(OC)c(C(=O)Nc4c(F)cccc4F)c3)nc3ccccn23)n1,6.0,6.044912932395935,0.21973507462247296,0.9325842696629213,0.044912932395934746
rf,6846,COc1cc(N2CCC(N3CCCCC3)CC2)ccc1Nc1nccc(-c2c(-c3cccc(C(=O)Nc4c(F)cccc4F)c3)nc3c(C)cccn23)n1,7.0,6.966929891586304,0.6713046052847798,0.8315789473684211,0.033070108413696175
rf,6847,COc1cc(N2CCC(N3CCCCC3)CC2)ccc1Nc1nccc(-c2c(-c3cccc(C(=O)Nc4c(F)cccc4F)c3)nc3c(F)cccn23)n1,7.0,6.950282751083374,0.620124371666562,0.8681318681318682,0.04971724891662621
rf,6848,COc1cc(N2CCC(N3CCCCC3)CC2)ccc1Nc1nccc(-c2c(-c3cccc(C(=O)Nc4c(F)cccc4F)c3)nc3cc(C(F)(F)F)ccn23)n1,7.0,6.767802855889003,0.7080637911901256,0.84375,0.23219714411099712
rf,6849,COc1cc(N2CCC(N3CCCCC3)CC2)ccc1Nc1nccc(-c2c(-c3cccc(C(=O)Nc4c(F)cccc4F)c3)nc3cc(C)ccn23)n1,7.0,6.832296218713125,0.6382390332240746,0.8709677419354839,0.1677037812868747
rf,6850,COc1cc(N2CCC(N3CCCCC3)CC2)ccc1Nc1nccc(-c2c(-c3cccc(C(=O)Nc4c(F)cccc4F)c3)nc3cc(F)ccn23)n1,7.0,6.896372350533804,0.6348994646704005,0.8804347826086957,0.10362764946619585
rf,6851,COc1cc(N2CCC(N3CCCCC3)CC2)ccc1Nc1nccc(-c2c(-c3cccc(C(=O)Nc4c(F)cccc4F)c3)nc3ccccn23)n1,7.0,6.991537952423096,0.09176647589268504,1.0,0.008462047576903942
rf,6852,COc1cc(N2CCC(N3CCCCC3)CC2)ccc1Nc1nccc(-c2c(-c3cccc(C(=O)Nc4ccc(Cl)cc4F)c3)nc3ccccn23)n1,6.0,7.02230879163742,0.7369000529782441,0.8617021276595744,1.0223087916374203
rf,6853,COc1cc(N2CCC(N3CCCCC3)CC2)ccc1Nc1nccc(-c2c(-c3cccc(C(=O)Nc4ccc(F)cc4Cl)c3)nc3ccccn23)n1,6.0,6.988590836524963,0.8825166320745083,0.8333333333333334,0.9885908365249634
rf,6854,COc1cc(N2CCC(N3CCCCC3)CC2)ccc1Nc1nccc(-c2c(-c3cccc(C(=O)Nc4ccc(F)cc4F)c3)nc3ccccn23)n1,6.0,7.039836531639099,0.7167182511174981,0.8709677419354839,1.0398365316390992
rf,6859,COc1cc(N2CCC(N3CCC[C@H](O)C3)CC2)ccc1Nc1nccc(-c2c(-c3ccc(OC)c(C(=O)Nc4c(F)cccc4F)c3)nc3ccccn23)n1,6.0,6.062968020439148,0.3213959442703579,0.8602150537634409,0.06296802043914784
rf,6860,COc1cc(N2CCC(N3CCC[C@H](O)C3)CC2)ccc1Nc1nccc(-c2c(-c3cccc(C(=O)Nc4c(F)cccc4F)c3)nc3ccccn23)n1,7.0,6.938313920974731,0.2725179290247202,0.8924731182795699,0.0616860790252689
rf,8602,COc1ccc(-c2nc3ccccn3c2-c2ccnc(Nc3ccc(N4CCC(N5CCCCC5)CC4)c(C)c3OC)n2)cc1C(=O)Nc1c(F)cccc1F,6.0,6.043043102264404,0.28393530678379475,0.8061224489795918,0.043043102264404
rf,9220,COc1ccn2c(-c3ccnc(Nc4ccc(N5CCC(N6CCCCC6)CC5)cc4OC)n3)c(-c3ccc(OC)c(C(=O)Nc4c(F)cccc4F)c3)nc2c1,6.0,6.137436651325226,0.8439567247892178,0.8125,0.13743665132522587
rf,9221,COc1ccn2c(-c3ccnc(Nc4ccc(N5CCC(N6CCCCC6)CC5)cc4OC)n3)c(-c3cccc(C(=O)Nc4c(F)cccc4F)c3)nc2c1,7.0,6.321686130936941,1.0285762043889766,0.8709677419354839,0.678313869063059
rf,9786,Cc1cc(N2CCC(N3CCCCC3)CC2)ccc1Nc1nccc(-c2c(-c3cccc(C(=O)Nc4c(F)cccc4F)c3)nc3ccccn23)n1,7.0,6.960771496677398,0.7855409638773568,0.8681318681318682,0.03922850332260186
rf,12527,O=C(Nc1c(F)cccc1F)c1cccc(-c2nc3ccccn3c2-c2ccnc(Nc3ccc(N4CCC(N5CCCCC5)CC4)cc3)n2)c1,7.0,7.099290964412688,0.7682590337329933,0.8222222222222222,0.09929096441268825
rf,644,C=CC(=O)N1CCC(Oc2cc3c(Nc4ccc(Br)c(C)c4)ncnc3cc2OC)CC1,8.119186401367188,6.984505027770996,0.9473258243803881,0.7671232876712328,1.1346813735961918
rf,647,C=CC(=O)N1CCC(Oc2cc3c(Nc4ccc(Br)c(Cl)c4)ncnc3cc2OC)CC1,7.677780628204346,7.291591680526733,0.8683754827011907,0.9117647058823529,0.3861889476776126
rf,650,C=CC(=O)N1CCC(Oc2cc3c(Nc4ccc(C(F)(F)F)cc4)ncnc3cc2OC)CC1,6.027265548706055,6.480994979858399,0.6915604980779725,0.9090909090909091,0.4537294311523441
rf,656,C=CC(=O)N1CCC(Oc2cc3c(Nc4ccc(Cl)c(CO)c4)ncnc3cc2OC)CC1,6.115532875061035,6.422795404195785,0.7126821825103566,0.9142857142857143,0.30726252913474994
rf,658,C=CC(=O)N1CCC(Oc2cc3c(Nc4ccc(Cl)c(Cl)c4)ncnc3cc2OC)CC1,8.0,7.272886086463928,0.9053546835856853,0.9076923076923077,0.7271139135360718
rf,660,C=CC(=O)N1CCC(Oc2cc3c(Nc4ccc(Cl)c(Cl)c4F)ncnc3cc2OC)CC1,8.963507652282715,8.7815010658196,0.5925055009779675,0.9130434782608695,0.18200658646311396
rf,665,C=CC(=O)N1CCC(Oc2cc3c(Nc4ccc(Cl)c(Cl)c4F)ncnc3cc2O[C@@H](C)CC(C)C)CC1,7.410050392150879,8.581405411490943,0.7285847075439081,0.782051282051282,1.171355019340064
rf,666,C=CC(=O)N1CCC(Oc2cc3c(Nc4ccc(Cl)c(Cl)c4F)ncnc3cc2O[C@@H](C)CC)CC1,8.917214393615723,8.584144947537926,0.7261407797767404,0.782051282051282,0.333069446077797
rf,667,C=CC(=O)N1CCC(Oc2cc3c(Nc4ccc(Cl)c(Cl)c4F)ncnc3cc2O[C@@H](C)CCCCCC)CC1,6.643974304199219,8.627050534432277,0.7105117878865232,0.7560975609756098,1.983076230233058
rf,670,C=CC(=O)N1CCC(Oc2cc3c(Nc4ccc(Cl)c(Cl)c4F)ncnc3cc2O[C@H](C)CC)CC1,7.966576099395752,8.584144947537926,0.7261407797767404,0.782051282051282,0.6175688481421737
rf,671,C=CC(=O)N1CCC(Oc2cc3c(Nc4ccc(Cl)c(Cl)c4F)ncnc3cc2O[C@H](C)CCCCCC)CC1,6.565431118011475,8.627050534432277,0.7105117878865232,0.7560975609756098,2.061619416420802
rf,675,C=CC(=O)N1CCC(Oc2cc3c(Nc4ccc(Cl)cc4Cl)ncnc3cc2OC)CC1,6.823908805847168,7.3757894376754765,1.2848663118567474,0.9090909090909091,0.5518806318283085
rf,680,C=CC(=O)N1CCC(Oc2cc3c(Nc4ccc(F)c(Cl)c4F)ncnc3cc2OC)CC1,8.839926719665527,8.898947423950831,0.609515396933104,0.9130434782608695,0.05902070428530415
rf,681,C=CC(=O)N1CCC(Oc2cc3c(Nc4ccc(F)c(Cl)c4F)ncnc3cc2OCCC)CC1,8.838890075683594,8.653503154118857,0.7767244085291963,0.7763157894736842,0.1853869215647368
rf,685,C=CC(=O)N1CCC(Oc2cc3c(Nc4ccc(OC(F)(F)F)c(Cl)c4)ncnc3cc2OC)CC1,6.712984561920166,6.742204866409302,0.942344482674537,0.9166666666666666,0.029220304489135707
rf,691,C=CC(=O)N1CCC(Oc2cc3c(Nc4cccc(Br)c4)ncnc3cc2OC)CC1,8.148741722106934,6.757870536327362,1.1182730859393604,0.8235294117647058,1.390871185779572
rf,693,C=CC(=O)N1CCC(Oc2cc3c(Nc4cccc(C(F)(F)F)c4)ncnc3cc2OC)CC1,7.79048490524292,6.612898120880127,0.8772365636248987,0.7777777777777778,1.1775867843627932
rf,694,C=CC(=O)N1CCC(Oc2cc3c(Nc4cccc(C)c4)ncnc3cc2OC)CC1,8.031517028808594,6.637610260136922,0.9230028323124109,0.8235294117647058,1.3939067686716715
rf,698,C=CC(=O)N1CCC(Oc2cc3c(Nc4cccc(C=C)c4)ncnc3cc2OC)CC1,8.522878646850586,6.583777054786682,0.9705357706894009,0.8115942028985508,1.9391015920639036
rf,701,C=CC(=O)N1CCC(Oc2cc3c(Nc4cccc(CO)c4)ncnc3cc2OC)CC1,5.06304931640625,5.6558946821349005,1.0015474640189586,0.9117647058823529,0.5928453657286505
rf,702,C=CC(=O)N1CCC(Oc2cc3c(Nc4cccc(Cl)c4)ncnc3cc2OC)CC1,8.259709358215332,7.540628329277038,1.3630892084423405,0.8636363636363636,0.7190810289382936
rf,703,C=CC(=O)N1CCC(Oc2cc3c(Nc4cccc(Cl)c4F)ncnc3cc2OC)CC1,8.261439323425293,8.785263523285728,0.7970858099287176,0.8108108108108109,0.5238241998604352
rf,711,C=CC(=O)N1CCC(Oc2cc3c(Nc4ccccc4)ncnc3cc2OC)CC1,6.3684186935424805,6.8307088232040405,0.7370591954623387,0.9016393442622951,0.46229012966156
rf,970,C=CC(=O)N1CC[C@@H](Oc2cc3c(Nc4ccc(F)c(Cl)c4F)ncnc3cc2OC)C[C@@H]1C(=O)NC,9.045757293701172,8.77960272634824,0.6602635393526453,0.75,0.2661545673529311
rf,971,C=CC(=O)N1CC[C@@H](Oc2cc3c(Nc4ccc(F)c(Cl)c4F)ncnc3cc2OC)C[C@@H]1C(=O)OC,8.56304931640625,8.794328768459957,0.6526850073915899,0.7692307692307693,0.23127945205370715
rf,972,C=CC(=O)N1CC[C@@H](Oc2cc3c(Nc4ccc(F)c(Cl)c4F)ncnc3cc2OC)C[C@@H]1C(N)=O,8.771059036254883,8.772964586464564,0.6875150371809234,0.759493670886076,0.001905550209681195
rf,1015,C=CC(=O)N1CC[C@H](Oc2cc3c(Nc4ccc(F)c(Cl)c4F)ncnc3cc2OC)C[C@H]1C(=O)NCCN(C)C,8.180456161499023,8.340553785324095,0.8913931788344341,0.7093023255813954,0.16009762382507198
rf,1016,C=CC(=O)N1CC[C@H](Oc2cc3c(Nc4ccc(F)c(Cl)c4F)ncnc3cc2OC)C[C@H]1C(=O)NCCO,8.74472713470459,8.385447910706201,0.908921872959667,0.7142857142857143,0.35927922399838863
rf,1017,C=CC(=O)N1CC[C@H](Oc2cc3c(Nc4ccc(F)c(Cl)c4F)ncnc3cc2OC)C[C@H]1C(=O)NCCOC,8.42021656036377,8.248337024052937,1.0196969030161083,0.7058823529411765,0.17187953631083275
rf,1018,C=CC(=O)N1CC[C@H](Oc2cc3c(Nc4ccc(F)c(Cl)c4F)ncnc3cc2OC)C[C@H]1C(=O)NCCS(C)(=O)=O,8.522878646850586,8.561067114750543,1.121943166721083,0.6818181818181818,0.03818846789995689
rf,1019,C=CC(=O)N1CC[C@H](Oc2cc3c(Nc4ccc(F)c(Cl)c4F)ncnc3cc2OC)C[C@H]1C(=O)NCCSC,8.853872299194336,8.334770126740137,0.9207424878639072,0.6896551724137931,0.5191021724541987
rf,1020,C=CC(=O)N1CC[C@H](Oc2cc3c(Nc4ccc(F)c(Cl)c4F)ncnc3cc2OC)C[C@H]1C(N)=O,9.004386901855469,8.772964586464564,0.6875150371809234,0.759493670886076,0.23142231539090474
rf,5911,CNC(=O)CN1CCC(Oc2cc3c(Nc4cccc(Cl)c4F)ncnc3cc2OC)CC1,8.397939682006836,7.437748257859549,0.7757610460291373,0.6153846153846154,0.9601914241472871
rf,6270,COCCN1CCC(Oc2cc3c(Nc4cc(Cl)ccc4F)ncnc3cc2OC)CC1,6.8614935874938965,7.270375607808431,0.775391792955635,0.6666666666666666,0.40888202031453424
rf,6271,COCCN1CCC(Oc2cc3c(Nc4cccc(Cl)c4F)ncnc3cc2OC)CC1,7.989405155181885,7.578326183303198,0.6565382092768783,0.684931506849315,0.4110789718786867
rf,8144,COc1cc2ncnc(Nc3cc(Cl)ccc3F)c2cc1OC1CCN(C)CC1,6.956998348236084,7.296517039299011,0.684648865904504,0.7777777777777778,0.33951869106292687
rf,8145,COc1cc2ncnc(Nc3cc(Cl)ccc3F)c2cc1OC1CCN(CC(N)=O)CC1,8.022878646850586,7.239433768749237,0.8448810311569612,0.6133333333333333,0.7834448781013492
rf,8146,COc1cc2ncnc(Nc3cc(Cl)ccc3F)c2cc1OC1CCN(S(C)(=O)=O)CC1,8.193608283996582,7.249148284912109,0.756491473351976,0.625,0.9444599990844731
rf,8240,COc1cc2ncnc(Nc3ccc(F)c(Cl)c3)c2cc1OC1CCN(C)CC1,7.261439323425293,7.651472203095754,0.7399806502093081,0.78125,0.39003287967046063
rf,8444,COc1cc2ncnc(Nc3cccc(Cl)c3F)c2cc1OC1CCN(C(=O)CO)CC1,6.690369606018066,7.455059307352703,0.8631671109987362,0.654320987654321,0.7646897013346363
rf,8445,COc1cc2ncnc(Nc3cccc(Cl)c3F)c2cc1OC1CCN(C)CC1,8.188375473022461,7.770904737472535,0.6619030574978851,0.7846153846153846,0.41747073554992564
rf,8446,COc1cc2ncnc(Nc3cccc(Cl)c3F)c2cc1OC1CCN(CC(N)=O)CC1,8.548455238342285,7.462279563490551,0.7759872713981637,0.6410256410256411,1.0861756748517344
rf,8447,COc1cc2ncnc(Nc3cccc(Cl)c3F)c2cc1OC1CCN(S(C)(=O)=O)CC1,8.426936149597168,7.499857079219818,0.8979963636564123,0.6351351351351351,0.9270790703773502
rf,24,Brc1ccc(C2=NN(c3nc(-c4ccccc4)cs3)C(c3ccc(Br)cc3)C2)cc1,5.0481767654418945,5.715642771720886,1.0754609770636103,0.5555555555555556,0.6674660062789917
rf,8719,COc1ccc(C2=NN(c3nc(-c4ccc(Cl)cc4)cs3)C(c3ccc(Br)cc3)C2)cc1,5.199970722198486,6.180012045383453,1.0577143968761016,0.5797101449275363,0.9800413231849667
rf,8720,COc1ccc(C2=NN(c3nc(-c4ccc(Cl)cc4)cs3)C(c3ccc(C)cc3)C2)cc1,5.32975435256958,6.032467865467072,1.0441644802799532,0.5882352941176471,0.7027135128974917
rf,8721,COc1ccc(C2=NN(c3nc(-c4ccc(Cl)cc4)cs3)C(c3ccc(Cl)cc3)C2)cc1,5.109020233154297,5.950619867801667,1.0083045968215043,0.625,0.8415996346473698
rf,8722,COc1ccc(C2=NN(c3nc(-c4ccc(Cl)cc4)cs3)C(c3ccc(F)cc3)C2)cc1,5.294991970062256,5.834091814517975,1.0788489407119506,0.703125,0.5390998444557189
rf,8723,COc1ccc(C2=NN(c3nc(-c4ccc(Cl)cc4)cs3)C(c3ccc(O)cc3)C2)cc1,5.115771293640137,5.942373888015747,1.04277200096524,0.5797101449275363,0.8266025943756103
rf,8724,COc1ccc(C2=NN(c3nc(-c4ccc(Cl)cc4)cs3)C(c3ccc(OC)cc3)C2)cc1,5.202732563018799,5.950619867801667,1.0083045968215043,0.625,0.7478873047828678
rf,8725,COc1ccc(C2=NN(c3nc(-c4ccc(Cl)cc4)cs3)C(c3ccc([N+](=O)[O-])cc3)C2)cc1,5.074172496795654,5.9962078824043274,1.0779991413249221,0.5405405405405406,0.9220353856086732
rf,8726,COc1ccc(C2=NN(c3nc(-c4ccccc4)cs3)C(c3ccc(Br)cc3)C2)cc1,5.25492525100708,6.088125296592713,1.0542219935098218,0.5409836065573771,0.8332000455856328
rf,8727,COc1ccc(C2=NN(c3nc(-c4ccccc4)cs3)C(c3ccc(C)cc3)C2)cc1,5.1260986328125,5.946250055313111,1.0293534086825196,0.55,0.8201514225006106
rf,8728,COc1ccc(C2=NN(c3nc(-c4ccccc4)cs3)C(c3ccc(Cl)cc3)C2)cc1,5.306272983551025,5.901868916034698,1.0398867682863187,0.5882352941176471,0.5955959324836728
rf,8729,COc1ccc(C2=NN(c3nc(-c4ccccc4)cs3)C(c3ccc(F)cc3)C2)cc1,5.243363857269287,5.800272513389587,1.0432377756382578,0.5882352941176471,0.5569086561203003
rf,8730,COc1ccc(C2=NN(c3nc(-c4ccccc4)cs3)C(c3ccc(O)cc3)C2)cc1,5.271646022796631,5.859680299758911,1.0388167947141382,0.5409836065573771,0.5880342769622802
rf,8731,COc1ccc(C2=NN(c3nc(-c4ccccc4)cs3)C(c3ccc(OC)cc3)C2)cc1,5.159893989562988,5.867958542823792,1.0031880773152866,0.5892857142857143,0.7080645532608036
rf,8732,COc1ccc(C2=NN(c3nc(-c4ccccc4)cs3)C(c3ccc([N+](=O)[O-])cc3)C2)cc1,5.063989162445068,5.923606497764587,1.0775645321799023,0.5,0.8596173353195189
rf,8735,COc1ccc(C2CC(c3ccc(Br)cc3)=NN2c2nc(-c3ccc(Cl)cc3)cs2)cc1,4.702677249908447,6.180012045383453,1.0577143968761016,0.5797101449275363,1.4773347954750058
rf,8736,COc1ccc(C2CC(c3ccc(Br)cc3)=NN2c2nc(-c3ccccc3)cs2)cc1,4.992679119110107,6.088125296592713,1.0542219935098218,0.5409836065573771,1.0954461774826054
rf,8739,COc1ccc(C2CC(c3ccc(C)c(C)c3)=NN2c2nc(-c3ccc(Cl)cc3)cs2)cc1,6.086185932159424,6.302411379814148,1.0458333312481196,0.5416666666666666,0.2162254476547245
rf,8740,COc1ccc(C2CC(c3ccc(C)c(C)c3)=NN2c2nc(-c3ccccc3)cs2)cc1,5.511449337005615,6.255528489589691,1.0023267746489655,0.5238095238095238,0.7440791525840762
rf,9983,Cc1ccc(C2=NN(c3nc(-c4ccc(Cl)cc4)cs3)C(c3ccc(Br)cc3)C2)cc1C,6.431798458099365,6.236665407180786,1.1169223827925037,0.5571428571428572,0.1951330509185789
rf,9984,Cc1ccc(C2=NN(c3nc(-c4ccc(Cl)cc4)cs3)C(c3ccc(Cl)cc3)C2)cc1C,6.721246242523193,5.922424037933349,1.074385743300756,0.6,0.7988222045898441
rf,9985,Cc1ccc(C2=NN(c3nc(-c4ccc(Cl)cc4)cs3)C(c3ccc(F)cc3)C2)cc1C,7.221848964691162,5.840553040504456,1.1316817267731147,0.676923076923077,1.3812959241867064
rf,9986,Cc1ccc(C2=NN(c3nc(-c4ccc(Cl)cc4)cs3)C(c3ccc(O)cc3)C2)cc1C,6.013228416442871,5.839261758804321,1.0872716427115854,0.5571428571428572,0.1739666576385499
rf,9987,Cc1ccc(C2=NN(c3nc(-c4ccc(Cl)cc4)cs3)C(c3ccc([N+](=O)[O-])cc3)C2)cc1C,6.200659275054932,5.97396378660202,1.1150477619203953,0.52,0.22669548845291132
rf,9988,Cc1ccc(C2=NN(c3nc(-c4ccccc4)cs3)C(c3ccc(Br)cc3)C2)cc1C,5.735182285308838,6.157697914123535,1.0876454730179703,0.4838709677419355,0.42251562881469695
rf,9989,Cc1ccc(C2=NN(c3nc(-c4ccccc4)cs3)C(c3ccc(Cl)cc3)C2)cc1C,5.6270880699157715,5.917351848602295,1.065025747347541,0.5652173913043478,0.29026377868652364
rf,9990,Cc1ccc(C2=NN(c3nc(-c4ccccc4)cs3)C(c3ccc(F)cc3)C2)cc1C,5.761953830718994,5.846743390083313,1.0902329777244841,0.5652173913043478,0.08478955936431909
rf,9991,Cc1ccc(C2=NN(c3nc(-c4ccccc4)cs3)C(c3ccc(O)cc3)C2)cc1C,5.71669864654541,5.810768388748169,1.0757184853651711,0.4788732394366197,0.09406974220275899
rf,9992,Cc1ccc(C2=NN(c3nc(-c4ccccc4)cs3)C(c3ccc([N+](=O)[O-])cc3)C2)cc1C,5.414539337158203,5.973241502285004,1.1054554934056147,0.4533333333333333,0.5587021651268005
rf,9995,Cc1ccc(C2CC(c3ccc(Br)cc3)=NN2c2nc(-c3ccc(Cl)cc3)cs2)cc1,4.55021333694458,5.969267249584198,1.116820018018807,0.6060606060606061,1.419053912639618
rf,9996,Cc1ccc(C2CC(c3ccc(Br)cc3)=NN2c2nc(-c3ccccc3)cs2)cc1,4.7068586349487305,5.862242291927338,1.0976455308553603,0.5084745762711864,1.1553836569786071
rf,9998,Cc1ccc(C2CC(c3ccc(C)c(C)c3)=NN2c2nc(-c3ccc(Cl)cc3)cs2)cc1,5.982966423034668,5.921304625511169,1.0705820375764972,0.5735294117647058,0.06166179752349876
rf,9999,Cc1ccc(C2CC(c3ccc(C)c(C)c3)=NN2c2nc(-c3ccccc3)cs2)cc1,5.573488712310791,5.917764177322388,1.0740588200659065,0.4927536231884058,0.3442754650115969
rf,10770,Clc1ccc(-c2csc(N3N=C(c4ccc(Br)cc4)CC3c3ccc(Br)cc3)n2)cc1,4.589391231536865,5.816837433815002,1.0923425011706072,0.6557377049180327,1.227446202278137
rf,10771,Clc1ccc(-c2csc(N3N=C(c4ccc(Br)cc4)CC3c3ccc(Cl)cc3)n2)cc1,4.748605251312256,5.816837433815002,1.0923425011706072,0.6557377049180327,1.0682321825027463
rf,10783,Clc1ccc(C2CC(c3ccc(Br)cc3)=NN2c2nc(-c3ccccc3)cs2)cc1,5.028260231018066,5.71896453666687,1.0683881378135014,0.6153846153846154,0.6907043056488034
rf,11165,Fc1ccc(C2CC(c3ccc(Br)cc3)=NN2c2nc(-c3ccc(Cl)cc3)cs2)cc1,4.616903305053711,5.69298063659668,1.1613572514041426,0.7377049180327869,1.0760773315429688
rf,11166,Fc1ccc(C2CC(c3ccc(Br)cc3)=NN2c2nc(-c3ccccc3)cs2)cc1,4.949233531951904,5.640548717498779,1.1144077858140349,0.6153846153846154,0.6913151855468751
rf,13121,O=[N+]([O-])c1ccc(C2CC(c3ccc(Br)cc3)=NN2c2nc(-c3ccc(Cl)cc3)cs2)cc1,4.613144397735596,5.895599690437317,1.1893799915995293,0.5633802816901409,1.2824552927017212
rf,13122,O=[N+]([O-])c1ccc(C2CC(c3ccc(Br)cc3)=NN2c2nc(-c3ccccc3)cs2)cc1,4.803547382354736,5.8135122928619385,1.1807982347831418,0.46875,1.0099649105072022
rf,13310,Oc1ccc(C2CC(c3ccc(Br)cc3)=NN2c2nc(-c3ccc(Cl)cc3)cs2)cc1,4.6671576499938965,5.754020586490631,1.0758331564404713,0.6060606060606061,1.0868629364967344
rf,13311,Oc1ccc(C2CC(c3ccc(Br)cc3)=NN2c2nc(-c3ccccc3)cs2)cc1,4.650528430938721,5.652563587665558,1.0631789686408586,0.5084745762711864,1.002035156726837
rf,4140,CCCN1CCN(c2ccc(Nc3nccc(-c4c(-c5ccc(OC)c(C(=O)Nc6c(F)cccc6F)c5)nc5ccccn45)n3)c(OC)c2)CC1,6.0,6.002937042236328,0.06560855380123595,0.8333333333333334,0.002937042236328402
rf,4141,CCCN1CCN(c2ccc(Nc3nccc(-c4c(-c5ccc(OC)c(C(=O)Nc6c(F)cccc6F)c5)nc5ccccn45)n3)c(OCC)c2)CC1,6.0,5.982682499885559,0.2377232808065886,0.8181818181818182,0.017317500114440776
rf,4142,CCCN1CCN(c2ccc(Nc3nccc(-c4c(-c5ccc(OCC)c(C(=O)Nc6c(F)cccc6F)c5)nc5ccccn45)n3)c(OC)c2)CC1,6.0,6.004937042236328,0.07930153947398741,0.8,0.004937042236328182
rf,4143,CCCN1CCN(c2ccc(Nc3nccc(-c4c(-c5ccc(OCC)c(C(=O)Nc6c(F)cccc6F)c5)nc5ccccn45)n3)c(OCC)c2)CC1,6.0,5.988779404640198,0.2795468487553756,0.77,0.011220595359802132
rf,4144,CCCN1CCN(c2ccc(Nc3nccc(-c4c(-c5cccc(C(=O)Nc6c(F)cccc6F)c5)nc5ccccn45)n3)c(OC)c2)CC1,7.0,6.994997323989868,0.09664212874299602,0.8333333333333334,0.0050026760101316015
rf,4145,CCCN1CCN(c2ccc(Nc3nccc(-c4c(-c5cccc(C(=O)Nc6c(F)cccc6F)c5)nc5ccccn45)n3)c(OCC)c2)CC1,7.0,6.893011550903321,0.46513063701303725,0.826530612244898,0.10698844909667926
rf,4642,CCOc1cc(N2CCN(C(C)C)CC2)ccc1Nc1nccc(-c2c(-c3ccc(OC)c(C(=O)Nc4c(F)cccc4F)c3)nc3ccccn23)n1,6.0,6.016342250823975,0.28506557509913377,0.78125,0.01634225082397478
rf,4643,CCOc1cc(N2CCN(C(C)C)CC2)ccc1Nc1nccc(-c2c(-c3cccc(C(=O)Nc4c(F)cccc4F)c3)nc3ccccn23)n1,7.0,6.909123168945312,0.4491031460197162,0.7722772277227723,0.09087683105468791
rf,4644,CCOc1cc(N2CCN(C)CC2)ccc1Nc1nccc(-c2c(-c3ccc(OC)c(C(=O)Nc4c(F)cccc4F)c3)nc3ccccn23)n1,7.0,5.9903169498443605,0.17941229693932567,0.8064516129032258,1.0096830501556395
rf,4645,CCOc1cc(N2CCN(C)CC2)ccc1Nc1nccc(-c2c(-c3cccc(C(=O)Nc4c(F)cccc4F)c3)nc3ccccn23)n1,6.0,6.89555484867096,0.42401755899900745,0.8144329896907216,0.8955548486709599
rf,4648,CCOc1cc(N2CCN(CCS(C)(=O)=O)CC2)c(C)cc1Nc1nccc(-c2c(-c3ccc(OC(C)C)c(C(=O)Nc4c(F)cccc4F)c3)nc3ccccn23)n1,6.0,6.0215326614379885,0.37398412053352176,0.8584905660377359,0.021532661437988487
rf,4649,CCOc1cc(N2CCN(CCS(C)(=O)=O)CC2)c(C)cc1Nc1nccc(-c2c(-c3ccc(OC)c(C(=O)Nc4c(F)cccc4F)c3)nc3ccccn23)n1,6.0,6.003782292366028,0.29681449002968624,0.9215686274509803,0.003782292366027562
rf,4650,CCOc1cc(N2CCN(CCS(C)(=O)=O)CC2)c(C)cc1Nc1nccc(-c2c(-c3ccc(OCC)c(C(=O)Nc4c(F)cccc4F)c3)nc3ccccn23)n1,6.0,6.013146439552307,0.31539777433123095,0.9108910891089109,0.01314643955230732
rf,4651,CCOc1cc(N2CCN(CCS(C)(=O)=O)CC2)c(C)cc1Nc1nccc(-c2c(-c3cccc(C(=O)Nc4c(F)cccc4F)c3)nc3ccccn23)n1,7.0,6.3603378782272335,0.6146721293131472,0.8415841584158416,0.6396621217727665
rf,4652,CCOc1cc(N2CCN(CCS(C)(=O)=O)CC2)c(CC)cc1Nc1nccc(-c2c(-c3ccc(OCC)c(C(=O)Nc4c(F)cccc4F)c3)nc3ccccn23)n1,6.0,6.009625308036804,0.3210513513528346,0.8431372549019608,0.009625308036803837
rf,4653,CCOc1cc(N2CCN(CCS(C)(=O)=O)CC2)c(Cl)cc1Nc1nccc(-c2c(-c3ccc(OCC)c(C(=O)Nc4c(F)cccc4F)c3)nc3ccccn23)n1,6.0,6.1904970121383665,0.7043233971733457,0.8130841121495327,0.19049701213836645
rf,4654,CCOc1cc(N2CCN(CCS(C)(=O)=O)CC2)ccc1Nc1nccc(-c2c(-c3ccc(OC)c(C(=O)Nc4c(F)cccc4F)c3)nc3ccccn23)n1,6.0,5.992833814620972,0.21038961322683453,0.8613861386138614,0.007166185379028356
rf,4655,CCOc1cc(N2CCN(CCS(C)(=O)=O)CC2)ccc1Nc1nccc(-c2c(-c3ccc(OCC)c(C(=O)Nc4c(F)cccc4F)c3)nc3ccccn23)n1,6.0,5.999233254432678,0.25628298836410124,0.8217821782178217,0.0007667455673221468
rf,4656,CCOc1cc(N2CCN(CCS(C)(=O)=O)CC2)ccc1Nc1nccc(-c2c(-c3cccc(C(=O)Nc4c(F)cccc4F)c3)nc3ccccn23)n1,7.0,6.897460638046264,0.440035420269729,0.898989898989899,0.10253936195373559
rf,4657,CCOc1cc(N2CCN(S(C)(=O)=O)CC2)c(C)cc1Nc1nccc(-c2c(-c3ccc(OC)c(C(=O)Nc4c(F)cccc4F)c3)nc3ccccn23)n1,6.0,5.9973758010864255,0.33425588308019016,0.8269230769230769,0.0026241989135744603
rf,4891,CCOc1ccc(-c2nc3ccccn3c2-c2ccnc(Nc3cc(C)c(N4CCN(CCOC)CC4)cc3OC)n2)cc1C(=O)Nc1c(F)cccc1F,6.0,6.005028176307678,0.21511858202096495,0.8461538461538461,0.005028176307678045
rf,4892,CCOc1ccc(-c2nc3ccccn3c2-c2ccnc(Nc3cc(C)c(N4CCN(CCS(C)(=O)=O)CC4)cc3OC)n2)cc1C(=O)Nc1c(F)cccc1F,6.0,6.001791012763977,0.09912116939835988,0.96,0.0017910127639773066
rf,4895,CCOc1ccc(-c2nc3ccccn3c2-c2ccnc(Nc3cc(CC)c(N4CCN(CCS(C)(=O)=O)CC4)cc3OC)n2)cc1C(=O)Nc1c(F)cccc1F,6.0,6.001222376823425,0.09831096748622195,0.8666666666666667,0.0012223768234251864
rf,4905,CCOc1ccc(-c2nc3ccccn3c2-c2ccnc(Nc3ccc(N4CCN(C(C)C)CC4)cc3OC)n2)cc1C(=O)Nc1c(F)cccc1F,6.0,6.0303630027771,0.24032280200201225,0.7864077669902912,0.0303630027770998
rf,4906,CCOc1ccc(-c2nc3ccccn3c2-c2ccnc(Nc3ccc(N4CCN(CCOC)CC4)cc3OC)n2)cc1C(=O)Nc1c(F)cccc1F,6.0,6.009061600685119,0.20755814411149237,0.79,0.009061600685119409
rf,4907,CCOc1ccc(-c2nc3ccccn3c2-c2ccnc(Nc3ccc(N4CCN(S(C)(=O)=O)CC4)cc3OC)n2)cc1C(=O)Nc1c(F)cccc1F,6.0,5.9964281177520755,0.18244830767754458,0.8316831683168316,0.003571882247924485
rf,5114,CCc1cc(Nc2nccc(-c3c(-c4ccc(OC)c(C(=O)Nc5c(F)cccc5F)c4)nc4ccccn34)n2)c(OC)cc1N1CCN(CCS(C)(=O)=O)CC1,6.0,6.0024989213943485,0.10234783312711941,0.8514851485148515,0.0024989213943484856
rf,6274,COCCN1CCN(c2cc(OC)c(Nc3nccc(-c4c(-c5ccc(OC)c(C(=O)Nc6c(F)cccc6F)c5)nc5ccccn45)n3)cc2C)CC1,6.0,6.004304720878601,0.22157964547003303,0.7904761904761904,0.004304720878600676
rf,6275,COCCN1CCN(c2cc(OC)c(Nc3nccc(-c4c(-c5cccc(C(=O)Nc6c(F)cccc6F)c5)nc5ccccn45)n3)cc2C)CC1,7.0,6.407987518310547,0.5547254346809742,0.7722772277227723,0.5920124816894532
rf,6276,COCCN1CCN(c2ccc(Nc3nccc(-c4c(-c5ccc(OC)c(C(=O)Nc6c(F)cccc6F)c5)nc5ccccn45)n3)c(OC)c2)CC1,6.0,6.00506160068512,0.20769418863436645,0.8333333333333334,0.005061600685119849
rf,6277,COCCN1CCN(c2ccc(Nc3nccc(-c4c(-c5cccc(C(=O)Nc6c(F)cccc6F)c5)nc5ccccn45)n3)c(OC)c2)CC1,6.0,6.969088907241821,0.238166248562362,0.8333333333333334,0.9690889072418214
rf,6972,COc1cc(N2CCN(C(C)C)CC2)ccc1Nc1nccc(-c2c(-c3ccc(OC)c(C(=O)Nc4c(F)cccc4F)c3)nc3ccccn23)n1,6.0,6.029592301368713,0.23503336759058543,0.8444444444444444,0.02959230136871316
rf,6973,COc1cc(N2CCN(C(C)C)CC2)ccc1Nc1nccc(-c2c(-c3cccc(C(=O)Nc4c(F)cccc4F)c3)nc3ccccn23)n1,7.0,7.010485060691834,0.2547633290845321,0.8522727272727273,0.010485060691833858
rf,7059,COc1cc(N2CCN(CCS(C)(=O)=O)CC2)c(C)cc1Nc1nccc(-c2c(-c3ccc(OC)c(C(=O)Nc4c(F)cccc4F)c3)nc3ccccn23)n1,6.0,6.0030675573349,0.10311928559873075,0.900990099009901,0.0030675573348997176
rf,7060,COc1cc(N2CCN(CCS(C)(=O)=O)CC2)c(C)cc1Nc1nccc(-c2c(-c3cccc(C(=O)Nc4c(F)cccc4F)c3)nc3ccccn23)n1,7.0,6.403763033866882,0.5403844943878413,0.8484848484848485,0.5962369661331177
rf,7061,COc1cc(N2CCN(CCS(C)(=O)=O)CC2)c(Cl)cc1Nc1nccc(-c2c(-c3ccc(OC)c(C(=O)Nc4c(F)cccc4F)c3)nc3ccccn23)n1,6.0,6.107448088407517,0.5460147822946896,0.8037383177570093,0.10744808840751663
rf,7062,COc1cc(N2CCN(CCS(C)(=O)=O)CC2)ccc1Nc1nccc(-c2c(-c3ccc(OC)c(C(=O)Nc4c(F)cccc4F)c3)nc3ccccn23)n1,6.0,5.999982799530029,0.09314978924823927,0.9166666666666666,1.7200469971001553e-05
rf,7063,COc1cc(N2CCN(CCS(C)(=O)=O)CC2)ccc1Nc1nccc(-c2c(-c3cccc(C(=O)Nc4c(F)cccc4F)c3)nc3ccccn23)n1,7.0,6.985305394172668,0.17044496793577602,0.9157894736842105,0.014694605827331841
rf,7064,COc1cc(N2CCN(CCS(C)(=O)=O)[C@@H](C(C)C)C2)ccc1Nc1nccc(-c2c(-c3ccc(OC)c(C(=O)Nc4c(F)cccc4F)c3)nc3ccccn23)n1,6.0,5.987123061180115,0.30314666746250285,0.7777777777777778,0.012876938819885275
rf,7065,COc1cc(N2CCN(S(C)(=O)=O)CC2)c(C)cc1Nc1nccc(-c2c(-c3cccc(C(=O)Nc4c(F)cccc4F)c3)nc3ccccn23)n1,6.0,6.378842656135559,0.6019459993878781,0.8163265306122449,0.3788426561355589
rf,7066,COc1cc(N2CCN(S(C)(=O)=O)CC2)ccc1Nc1nccc(-c2c(-c3ccc(OC)c(C(=O)Nc4c(F)cccc4F)c3)nc3ccccn23)n1,6.0,5.999365159988403,0.1939403228942865,0.8351648351648352,0.000634840011596971
rf,7067,COc1cc(N2CCN(S(C)(=O)=O)CC2)ccc1Nc1nccc(-c2c(-c3cccc(C(=O)Nc4c(F)cccc4F)c3)nc3ccccn23)n1,6.0,6.996941502571106,0.20085579265243714,0.8426966292134831,0.9969415025711061
rf,2851,CC(=O)C1(N2C=C([C@@H](Nc3cc(Cl)c4ncc(C#N)c(NCC(C)(C)C)c4c3)c3cccc4cnccc34)NN2)CC1,8.698969841003418,8.383651350021362,0.33166500613394045,0.8571428571428571,0.31531849098205633
rf,3038,CC(C)(C)CNc1c(C#N)cnc2c(C#N)cc(N[C@H](C3=CN(C4(C#N)CC4)NN3)c3cccc4cnccc34)cc12,8.698969841003418,8.696718896865844,0.17382355226289206,0.8536585365853658,0.0022509441375735406
rf,3041,CC(C)(C)CNc1c(C#N)cnc2c(C#N)cc(N[C@H](C3=CN(C4(C(F)(F)F)CC4)NN3)c3ccc(C#N)c4cnccc34)cc12,8.301030158996582,8.42178111743927,0.3320747942592959,0.8452380952380952,0.12075095844268802
rf,3044,CC(C)(C)CNc1c(C#N)cnc2c(C#N)cc(N[C@H](C3=CN(C4(C(F)(F)F)CC4)NN3)c3ccc(F)c4cnccc34)cc12,8.301030158996582,8.426607048988343,0.3235737893933208,0.8352941176470589,0.12557688999176086
rf,3052,CC(C)(C)CNc1c(C#N)cnc2c(C#N)cc(N[C@H](C3=CN(C4(C(F)(F)F)CC4)NN3)c3cccc4c(C#N)nccc34)cc12,8.0,8.540517278671265,0.2243293494083148,0.8045977011494253,0.5405172786712651
rf,3055,CC(C)(C)CNc1c(C#N)cnc2c(C#N)cc(N[C@H](C3=CN(C4(C(F)(F)F)CC4)NN3)c3cccc4cnc(C#N)cc34)cc12,8.09691047668457,8.313357396125793,0.5073754578904592,0.813953488372093,0.21644691944122307
rf,3056,CC(C)(C)CNc1c(C#N)cnc2c(C#N)cc(N[C@H](C3=CN(C4(C(F)(F)F)CC4)NN3)c3cccc4cnccc34)cc12,8.698969841003418,8.209307712554931,0.6853073899831339,0.9024390243902439,0.48966212844848656
rf,3063,CC(C)(C)CNc1c(C#N)cnc2c(C#N)cc(N[C@H](C3=CN(C4(C(F)F)CC4)NN3)c3ccc(F)c4cnccc34)cc12,8.698969841003418,8.634957941055298,0.21148265582878112,0.8352941176470589,0.06401189994812029
rf,3069,CC(C)(C)CNc1c(C#N)cnc2c(C#N)cc(N[C@H](C3=CN(C4(C(F)F)CC4)NN3)c3cccc4cnccc34)cc12,8.698969841003418,8.621874297142028,0.24206987649914288,0.9024390243902439,0.07709554386138961
rf,3072,CC(C)(C)CNc1c(C#N)cnc2c(C#N)cc(N[C@H](C3=CN(C4(C(N)=O)CC4)NN3)c3cccc4cnccc34)cc12,8.698969841003418,8.955423701286316,0.12921660643067298,0.9523809523809523,0.25645386028289785
rf,3077,CC(C)(C)CNc1c(C#N)cnc2c(C#N)cc(N[C@H](C3=CN(C4(C)CC4)NN3)c3cccc4cnccc34)cc12,8.698969841003418,8.793010641098023,0.2013783781469311,0.8536585365853658,0.09404080009460536
rf,3082,CC(C)(C)CNc1c(C#N)cnc2c(C#N)cc(N[C@H](C3=CN(C4(CF)CC4)NN3)c3cccc4cnccc34)cc12,8.154901504516602,8.626508742332458,0.24606721673577156,0.8235294117647058,0.47160723781585645
rf,3094,CC(C)(C)CNc1c(C#N)cnc2c(C#N)cc(N[C@H](C3=CN(C4CC4)NN3)c3cccc4cnccc34)cc12,9.0,8.59506128177643,0.3002684919399925,0.8313253012048193,0.40493871822357086
rf,3100,CC(C)(C)CNc1c(C#N)cnc2c(C#N)cc(N[C@H](C3=CN(C4C[C@@H]4F)NN3)c3cccc4cnccc34)cc12,9.0,8.546464274406434,0.31026599579044145,0.7816091954022989,0.45353572559356614
rf,3116,CC(C)(C)CNc1c(C#N)cnc2c(Cl)cc(N[C@H](C3=CN(C4(C#N)CC4)NN3)c3cccc4cnccc34)cc12,8.698969841003418,8.281029529571533,0.295954527270634,0.8588235294117647,0.4179403114318845
rf,3119,CC(C)(C)CNc1c(C#N)cnc2c(Cl)cc(N[C@H](C3=CN(C4(C(F)(F)F)CC4)NN3)c3ccc(Cl)c4cnccc34)cc12,7.853871822357178,8.074945346832276,0.3865644216352643,0.8505747126436781,0.22107352447509854
rf,3122,CC(C)(C)CNc1c(C#N)cnc2c(Cl)cc(N[C@H](C3=CN(C4(C(F)(F)F)CC4)NN3)c3ccc(F)c4cnccc34)cc12,7.92081880569458,8.073397174835206,0.38386105293828565,0.8409090909090909,0.15257836914062572
rf,3130,CC(C)(C)CNc1c(C#N)cnc2c(Cl)cc(N[C@H](C3=CN(C4(C(F)(F)F)CC4)NN3)c3cccc4c(Cl)nccc34)cc12,7.886056423187256,7.937757919311523,0.3719854903608513,0.8089887640449438,0.05170149612426744
rf,3132,CC(C)(C)CNc1c(C#N)cnc2c(Cl)cc(N[C@H](C3=CN(C4(C(F)(F)F)CC4)NN3)c3cccc4cnc(Cl)cc34)cc12,7.3565473556518555,7.807431012153626,0.5492103565522108,0.8295454545454546,0.4508836565017704
rf,3133,CC(C)(C)CNc1c(C#N)cnc2c(Cl)cc(N[C@H](C3=CN(C4(C(F)(F)F)CC4)NN3)c3cccc4cnccc34)cc12,6.79048490524292,7.827310472488404,0.7414233415829479,0.9058823529411765,1.0368255672454838
rf,3144,CC(C)(C)CNc1c(C#N)cnc2c(Cl)cc(N[C@H](C3=CN(C4(C(F)F)CC4)NN3)c3ccc(F)c4cnccc34)cc12,8.397939682006836,8.267344470977783,0.38105888896402934,0.8409090909090909,0.13059521102905336
rf,3153,CC(C)(C)CNc1c(C#N)cnc2c(Cl)cc(N[C@H](C3=CN(C4(C(F)F)CC4)NN3)c3cccc4cnccc34)cc12,8.522878646850586,8.178303508758544,0.37821018795452793,0.9058823529411765,0.34457513809204166
rf,3163,CC(C)(C)CNc1c(C#N)cnc2c(Cl)cc(N[C@H](C3=CN(C4(C)CC4)NN3)c3cccc4cnccc34)cc12,8.522878646850586,8.318664826393128,0.31692459805144646,0.8588235294117647,0.20421382045745773
rf,3182,CC(C)(C)CNc1c(C#N)cnc2c(Cl)cc(N[C@H](C3=CN(C4CC4)NN3)c3cccc4cnccc34)cc12,9.0,8.256696901321412,0.45649028462553504,0.9012345679012346,0.743303098678588
rf,9259,COc1nccc2c([C@H](Nc3cc(C#N)c4ncc(C#N)c(NCC(C)(C)C(F)(F)F)c4c3)C3=CN(C4(C(F)F)CC4)NN3)cccc12,8.522878646850586,8.445494821548461,0.17261687851136817,0.8279569892473119,0.07738382530212462
rf,9260,COc1nccc2c([C@H](Nc3cc(C#N)c4ncc(C#N)c(NCC(C)(C)C(F)(F)F)c4c3)C3=CN(C4(C)CC4)NN3)cccc12,8.698969841003418,8.530061586380004,0.2494607549819109,0.8461538461538461,0.16890825462341397
rf,9263,COc1nccc2c([C@H](Nc3cc(C#N)c4ncc(C#N)c(NCC(C)(C)C)c4c3)C3=CN(C4(C(F)(F)F)CC4)NN3)cccc12,8.301030158996582,8.533703486442565,0.22370577244350257,0.8295454545454546,0.23267332744598335
rf,9264,COc1nccc2c([C@H](Nc3cc(C#N)c4ncc(C#N)c(NCC(C)(C)C)c4c3)C3=CN(C4(C(F)F)CC4)NN3)cccc12,8.397939682006836,8.46349982357025,0.19749139165835616,0.8295454545454546,0.06556014156341483
rf,9265,COc1nccc2c([C@H](Nc3cc(C#N)c4ncc(C#N)c(NCC(C)(C)C)c4c3)C3=CN(C4(C)CC4)NN3)cccc12,8.522878646850586,8.582901570320129,0.26480496229583295,0.8588235294117647,0.06002292346954263
rf,9268,COc1nccc2c([C@H](Nc3cc(C#N)c4ncc(C#N)c(NCC(C)(C)C)c4c3)C3=CN(C4CC4)NN3)cccc12,8.522878646850586,8.423646085357666,0.2726801113489668,0.8372093023255814,0.09923256149292037
rf,9270,COc1nccc2c([C@H](Nc3cc(Cl)c4ncc(C#N)c(NCC(C)(C)C(F)(F)F)c4c3)C3=CN(C4(C(F)F)CC4)NN3)cccc12,8.154901504516602,7.995474879264831,0.259535532077229,0.8526315789473684,0.1594266252517702
rf,9271,COc1nccc2c([C@H](Nc3cc(Cl)c4ncc(C#N)c(NCC(C)(C)C(F)(F)F)c4c3)C3=CN(C4(C)CC4)NN3)cccc12,8.221848487854004,7.993747977256775,0.25159836592504586,0.8709677419354839,0.2281005105972289
rf,9274,COc1nccc2c([C@H](Nc3cc(Cl)c4ncc(C#N)c(NCC(C)(C)C)c4c3)C3=C(F)N(C4(C(F)(F)F)CC4)NN3)cccc12,7.958607196807861,7.915046288490295,0.42198232581750533,0.69,0.043560908317566316
rf,9275,COc1nccc2c([C@H](Nc3cc(Cl)c4ncc(C#N)c(NCC(C)(C)C)c4c3)C3=C(F)N(C4(C(F)F)CC4)NN3)cccc12,7.79587984085083,7.9243211660385136,0.32230669757729713,0.69,0.12844132518768347
rf,9277,COc1nccc2c([C@H](Nc3cc(Cl)c4ncc(C#N)c(NCC(C)(C)C)c4c3)C3=CN(C4(C(F)(F)F)CC4)NN3)cccc12,7.958607196807861,7.918702168464661,0.40177004130730387,0.8351648351648352,0.039905028343200755
rf,9278,COc1nccc2c([C@H](Nc3cc(Cl)c4ncc(C#N)c(NCC(C)(C)C)c4c3)C3=CN(C4(C(F)F)CC4)NN3)cccc12,8.045757293701172,7.988874075889587,0.2624161740194647,0.8351648351648352,0.056883217811584785
rf,9279,COc1nccc2c([C@H](Nc3cc(Cl)c4ncc(C#N)c(NCC(C)(C)C)c4c3)C3=CN(C4(C)CC4)NN3)cccc12,8.221848487854004,8.084660813331604,0.2666485237289426,0.8636363636363636,0.13718767452239966
rf,9282,COc1nccc2c([C@H](Nc3cc(Cl)c4ncc(C#N)c(NCC(C)(C)C)c4c3)C3=CN(C4CC4)NN3)cccc12,8.221848487854004,8.099271220207214,0.3572550250068046,0.8522727272727273,0.12257726764678978
rf,10274,Cc1cncc2cccc([C@H](Nc3cc(C#N)c4ncc(C#N)c(NCC(C)(C)C)c4c3)C3=CN(C4(C(F)(F)F)CC4)NN3)c12,8.0,8.075882833480835,0.6779706024940114,0.813953488372093,0.07588283348083458
rf,10275,Cc1cncc2cccc([C@H](Nc3cc(Cl)c4ncc(C#N)c(NCC(C)(C)C)c4c3)C3=CN(C4(C(F)(F)F)CC4)NN3)c12,7.387216091156006,7.618286612510681,0.6564564325040523,0.8021978021978022,0.23107052135467487
rf,3455,CC(C)NC(CS(C)(=O)=O)c1ccc(-c2ccc3ncnc(Nc4ccc(OCc5cccc(F)c5)c(Cl)c4)c3c2)o1,7.406713962554932,7.286372360842569,0.6182480165873796,0.813953488372093,0.12034160171236241
rf,3497,CC(C)S(=O)(=O)CCNCc1ccc(-c2ccc3ncnc(Nc4ccc(OCc5cccc(F)c5)c(Cl)c4)c3c2)o1,7.744727611541748,7.590346018791199,0.5013912174021293,0.75,0.15438159275054897
rf,3942,CCC(=O)ON[C@H](CS(C)(=O)=O)c1ccc(-c2ccc3ncnc(Nc4ccc(OCc5cccc(F)c5)c(Cl)c4)c3c2)o1,7.047691822052002,7.569610571622849,1.016567555119099,0.7419354838709677,0.5219187495708466
rf,4021,CCCCC(=O)ON[C@H](CS(C)(=O)=O)c1ccc(-c2ccc3ncnc(Nc4ccc(OCc5cccc(F)c5)c(Cl)c4)c3c2)o1,7.03245210647583,7.278452671289444,0.8359875375078943,0.71875,0.2460005648136141
rf,4029,CCCCCCC(=O)ON[C@H](CS(C)(=O)=O)c1ccc(-c2ccc3ncnc(Nc4ccc(OCc5cccc(F)c5)c(Cl)c4)c3c2)o1,6.957818508148193,7.396374940279552,0.7934822258817397,0.7040816326530612,0.4385564321313584
rf,4123,CCCN(CCS(C)(=O)=O)Cc1ccc(-c2ccc3ncnc(Nc4ccc(OCc5cccc(F)c5)c(Cl)c4)c3c2)o1,7.070580959320068,7.384195184707641,0.5920457470081162,0.8902439024390244,0.3136142253875729
rf,4168,CCCS(=O)(=O)CCNCc1ccc(-c2ccc3ncnc(Nc4ccc(OCc5cccc(F)c5)c(Cl)c4)c3c2)o1,7.677780628204346,7.925087540626526,0.6384968002003041,0.7634408602150538,0.2473069124221805
rf,4248,CCN(CC)CCNCc1ccc(-c2ccc3ncnc(Nc4ccc(OCc5cccc(F)c5)c(Cl)c4)c3c2)o1,7.806875228881836,7.45689018573761,0.768188788495256,0.6808510638297872,0.3499850431442262
rf,4422,CCNC(CS(C)(=O)=O)c1ccc(-c2ccc3ncnc(Nc4ccc(OCc5cccc(F)c5)c(Cl)c4)c3c2)o1,7.8326826095581055,7.329600547790528,0.604973255298557,0.7931034482758621,0.5030820617675777
rf,5235,CN(C)C(CS(C)(=O)=O)c1ccc(-c2ccc3ncnc(Nc4ccc(OCc5cccc(F)c5)c(Cl)c4)c3c2)o1,8.16749095916748,7.397384057776133,0.5651063871889928,0.7415730337078652,0.7701069013913475
rf,5523,CN(C)[C@@H](CS(C)(=O)=O)c1ccc(-c2ccc3ncnc(Nc4ccc(OCc5cccc(F)c5)c(Cl)c4)c3c2)o1,7.517126560211182,7.397384057776133,0.5651063871889928,0.7415730337078652,0.11974250243504869
rf,5528,CN(C)[C@H](CS(C)(=O)=O)c1ccc(-c2ccc3ncnc(Nc4ccc(OCc5cccc(F)c5)c(Cl)c4)c3c2)o1,8.387216567993164,7.397384057776133,0.5651063871889928,0.7415730337078652,0.9898325102170311
rf,5959,CNC(CS(C)(=O)=O)c1ccc(-c2ccc3ncnc(Nc4ccc(OCc5cccc(F)c5)c(Cl)c4)c3c2)o1,7.458420753479004,7.282594245433807,0.5773623848588999,0.8117647058823529,0.17582650804519684
rf,7152,COc1cc(Nc2ncnc3ccc(-c4ccc(CNCCS(C)(=O)=O)o4)cc23)ccc1OCc1cccc(F)c1,7.0,7.089200595219929,1.0808026084775861,0.7362637362637363,0.08920059521992929
rf,9291,CS(=O)(=O)CC(N)c1ccc(-c2ccc3ncnc(Nc4ccc(OCc5cccc(F)c5)c(Cl)c4)c3c2)o1,7.75448751449585,7.046984600067138,1.0684729895194298,0.7586206896551724,0.7075029144287113
rf,9294,CS(=O)(=O)CCN(CC#N)Cc1ccc(-c2ccc3ncnc(Nc4ccc(OCc5cccc(F)c5)c(Cl)c4)c3c2)o1,7.568636417388916,7.309792561721801,0.7833155828375808,0.8588235294117647,0.25884385566711465
rf,9304,CS(=O)(=O)CCNC(CS(C)(=O)=O)c1ccc(-c2ccc3ncnc(Nc4ccc(OCc5cccc(F)c5)c(Cl)c4)c3c2)o1,7.542118072509766,7.398654126644135,0.6075126300530749,0.7752808988764045,0.14346394586563083
rf,9323,CS(=O)(=O)CCNCc1ccc(-c2ccc3ncnc(Nc4ccc(OCc5cccc(Br)c5)cc4)c3c2)o1,7.3665313720703125,7.310074458360672,1.223593066171716,0.6875,0.05645691370964023
rf,9324,CS(=O)(=O)CCNCc1ccc(-c2ccc3ncnc(Nc4ccc(OCc5cccc(C(F)(F)F)c5)cc4)c3c2)o1,7.040958404541016,6.779512279748917,0.7999830605660019,0.7380952380952381,0.2614461247920987
rf,9325,CS(=O)(=O)CCNCc1ccc(-c2ccc3ncnc(Nc4ccc(OCc5cccc(F)c5)c(C(F)(F)F)c4)c3c2)o1,7.096909999847412,7.393003734588623,0.8655275174991574,0.8235294117647058,0.2960937347412109
rf,9326,CS(=O)(=O)CCNCc1ccc(-c2ccc3ncnc(Nc4ccc(OCc5cccc(F)c5)c(Cl)c4)c3c2)o1,7.567672252655029,7.751063045501709,0.29701662065241746,0.8588235294117647,0.18339079284668003
rf,9328,CS(=O)(=O)CCNCc1ccc(-c2ccc3ncnc(Nc4ccc(OCc5cccc(F)c5)cc4)c3c2)o1,7.619788646697998,7.094869813203812,0.7301828309711913,0.7111111111111111,0.5249188334941861
rf,9329,CS(=O)(=O)CCNCc1ccc(-c2ccc3ncnc(Nc4ccc(OCc5ccccc5)c(Br)c4)c3c2)o1,7.602059841156006,7.258370229276021,1.1709591559403574,0.6666666666666666,0.34368961187998526
rf,9330,CS(=O)(=O)CCNCc1ccc(-c2ccc3ncnc(Nc4ccc(OCc5ccccc5)c(C(F)(F)F)c4)c3c2)o1,6.79587984085083,7.213071779441833,1.0608617111427368,0.735632183908046,0.417191938591003
rf,9331,CS(=O)(=O)CCNCc1ccc(-c2ccc3ncnc(Nc4ccc(OCc5ccccc5)c(Cl)c4)c3c2)o1,7.744727611541748,7.675556966018677,0.36479747672927254,0.7948717948717948,0.06917064552307117
rf,9332,CS(=O)(=O)CCNCc1ccc(-c2ccc3ncnc(Nc4ccc(OCc5ccccc5)cc4)c3c2)o1,7.568636417388916,7.206748823404312,0.5480582814234307,0.8055555555555556,0.361887593984604
rf,9345,CS(=O)(=O)CCOCc1ccc(-c2ccc3ncnc(Nc4ccc(OCc5cccc(F)c5)c(Cl)c4)c3c2)o1,7.585026741027832,7.53855189704895,0.41438957183350844,0.8375,0.04647484397888224
rf,9346,CS(=O)(=O)C[C@@H](N)c1ccc(-c2ccc3ncnc(Nc4ccc(OCc5cccc(F)c5)c(Cl)c4)c3c2)o1,7.966576099395752,7.046984600067138,1.0684729895194298,0.7586206896551724,0.9195914993286136
rf,9347,CS(=O)(=O)C[C@H](N)c1ccc(-c2ccc3ncnc(Nc4ccc(OCc5cccc(F)c5)c(Cl)c4)c3c2)o1,7.86966609954834,7.046984600067138,1.0684729895194298,0.7586206896551724,0.8226814994812015
rf,9355,CS(=O)(=O)NCCNCc1ccc(-c2ccc3ncnc(Nc4ccc(OCc5cccc(F)c5)c(Cl)c4)c3c2)o1,7.808548927307129,7.650353476524353,0.30369510527297827,0.8705882352941177,0.15819545078277564
rf,9379,CSCCNCc1ccc(-c2ccc3ncnc(Nc4ccc(OCc5cccc(F)c5)c(Cl)c4)c3c2)o1,7.249954700469971,7.589956423346202,0.43847632691698357,0.8352941176470589,0.34000172287623087
rf,9599,C[S+]([O-])CCNCc1ccc(-c2ccc3ncnc(Nc4ccc(OCc5cccc(F)c5)c(Cl)c4)c3c2)o1,7.278436660766602,7.729362493578593,0.4767778157628506,0.8488372093023255,0.4509258328119916
rf,11767,NS(=O)(=O)CCNCc1ccc(-c2ccc3ncnc(Nc4ccc(OCc5cccc(F)c5)c(Cl)c4)c3c2)o1,8.567030906677246,7.7832120734214785,0.32792912591128087,0.8588235294117647,0.7838188332557676
rf,12228,O=C(/C=C/c1ccc(-c2ccc3ncnc(Nc4ccc(OCc5cccc(F)c5)c(Cl)c4)c3c2)o1)NO,8.048455238342285,7.4380493078231815,0.6534894269862864,0.8095238095238095,0.6104059305191036
rf,12321,O=C(CCCCCCCNCc1ccc(-c2ccc3ncnc(Nc4ccc(OCc5cccc(F)c5)c(Cl)c4)c3c2)o1)NO,7.0,7.715109794880095,0.5502472876569531,0.6941176470588235,0.7151097948800951
rf,12332,O=C(CCCCCNCc1ccc(-c2ccc3ncnc(Nc4ccc(OCc5cccc(F)c5)c(Cl)c4)c3c2)o1)NO,7.0,7.715109794880095,0.5502472876569531,0.6941176470588235,0.7151097948800951
rf,12501,O=C(NO)c1ccc(-c2ccc3ncnc(Nc4ccc(OCc5cccc(F)c5)c(Cl)c4)c3c2)o1,8.408935546875,7.686133317129953,0.6428459539043063,0.7948717948717948,0.7228022297450467
rf,13090,O=S(=O)(CCNCc1ccc(-c2ccc3ncnc(Nc4ccc(OCc5cccc(F)c5)c(Cl)c4)c3c2)o1)CC(F)(F)F,7.8353495597839355,7.679467673238119,0.3206864487982621,0.8651685393258427,0.15588188654581625
rf,13095,O=S(=O)(NCc1ccc(-c2ccc3ncnc(Nc4ccc(OCc5cccc(F)c5)c(Cl)c4)c3c2)o1)C(F)(F)F,7.489455223083496,7.558525127547128,0.4244752986405286,0.6976744186046512,0.06906990446363181
rf,13270,OCc1ccc(-c2ccc3ncnc(Nc4ccc(OCc5cccc(F)c5)c(Cl)c4)c3c2)o1,8.295849800109863,7.619118246214731,0.45081463740735483,0.7307692307692307,0.6767315538951326
rf,27,Brc1ccc2c(c1)CNc1c(Nc3ccccc3)ncnc1O2,5.0,6.656573895931244,1.016836049465091,0.7169811320754716,1.6565738959312437
rf,36,Brc1cccc(Nc2ncnc3c2NCc2cc(Br)ccc2O3)c1,5.571333885192871,6.786072776079178,1.0078913511642993,0.6428571428571429,1.2147388908863066
rf,37,Brc1cccc(Nc2ncnc3c2NCc2ccccc2O3)c1,5.280017852783203,6.628932197093963,0.9802944625217422,0.6101694915254238,1.34891434431076
rf,183,C#Cc1cccc(Nc2ncnc3c2NCc2cc(OC)c(OC)cc2O3)c1,5.770303726196289,6.535526467736562,1.4346416172548173,0.6935483870967742,0.7652227415402733
rf,2019,C=CC(=O)Nc1ccc2c(c1)CNc1c(Nc3ccc(F)c(Cl)c3)ncnc1O2,5.180206775665283,6.8813832885424295,1.2783894164132097,0.5428571428571428,1.7011765128771463
rf,2020,C=CC(=O)Nc1ccc2c(c1)CNc1c(Nc3cccc(Br)c3)ncnc1O2,5.255865573883057,6.959191311677297,0.9525986913756366,0.5396825396825397,1.7033257377942403
rf,7172,COc1cc(OC)c2c(c1)Oc1ncnc(Nc3cccc(Br)c3)c1NC2,4.861769199371338,6.055278318087259,1.3716828674653945,0.5671641791044776,1.1935091187159212
rf,7855,COc1cc2c(cc1OC)Oc1nc(C)nc(Nc3cccc(Br)c3)c1NC2,4.0,5.40453403711319,1.4143551894575346,0.65625,1.4045340371131898
rf,7856,COc1cc2c(cc1OC)Oc1nc(C)nc(Nc3cccc(Cl)c3F)c1NC2,4.0,5.315942579746246,1.4898297121111441,0.6818181818181818,1.3159425797462463
rf,7857,COc1cc2c(cc1OC)Oc1ncnc(Nc3cc(Cl)ccc3F)c1NC2,5.683771133422852,6.1205806016921995,0.8889663828766182,0.6190476190476191,0.43680946826934797
rf,7858,COc1cc2c(cc1OC)Oc1ncnc(Nc3ccc(Br)cc3)c1NC2,4.530240535736084,5.932537942886353,0.6979026265007245,0.7413793103448276,1.402297407150269
rf,7859,COc1cc2c(cc1OC)Oc1ncnc(Nc3ccc(F)c(Cl)c3)c1NC2,6.03786039352417,6.006537481784821,1.1245868391199656,0.7049180327868853,0.0313229117393492
rf,7860,COc1cc2c(cc1OC)Oc1ncnc(Nc3ccc(F)cc3)c1NC2,5.1339640617370605,5.97802051448822,0.7367705265060689,0.7368421052631579,0.8440564527511594
rf,7861,COc1cc2c(cc1OC)Oc1ncnc(Nc3ccc(F)cc3Cl)c1NC2,4.734260559082031,5.953900854110718,1.0224576457657923,0.6349206349206349,1.2196402950286869
rf,7865,COc1cc2c(cc1OC)Oc1ncnc(Nc3cccc(Br)c3)c1NC2,6.398211479187012,5.894026356697083,0.7037511986327191,0.7288135593220338,0.504185122489929
rf,7866,COc1cc2c(cc1OC)Oc1ncnc(Nc3cccc(C)c3)c1NC2,5.24365758895874,5.777467168807983,0.6240214584918331,0.7413793103448276,0.533809579849243
rf,7867,COc1cc2c(cc1OC)Oc1ncnc(Nc3cccc(Cl)c3F)c1NC2,5.930060386657715,6.316856635856628,1.5442807632945337,0.6875,0.3867962491989134
rf,8949,COc1ccc2c(c1)CNc1c(Nc3ccc(Cl)cc3)ncnc1O2,5.236571788787842,5.662933462142944,1.0273195287575063,0.6229508196721312,0.42636167335510233
rf,8950,COc1ccc2c(c1)CNc1c(Nc3ccc(F)c(Cl)c3)ncnc1O2,5.832773208618164,5.875961415767669,1.1111064700701876,0.5757575757575758,0.04318820714950533
rf,8952,COc1ccc2c(c1)CNc1c(Nc3cccc(Br)c3)ncnc1O2,5.754319190979004,6.893724368572235,1.2986495199790842,0.6190476190476191,1.1394051775932308
rf,8953,COc1ccc2c(c1)CNc1c(Nc3ccccc3)ncnc1O2,5.12493896484375,5.742310520966847,1.029590315115393,0.7321428571428571,0.6173715561230972
rf,8958,COc1ccc2c(c1)Oc1ncnc(Nc3ccc(F)c(Cl)c3)c1NC2,5.525304794311523,5.967200353145599,1.1436060243179023,0.5671641791044776,0.4418955588340756
rf,8959,COc1ccc2c(c1)Oc1ncnc(Nc3cccc(Br)c3)c1NC2,5.622062683105469,6.760537617206573,1.1862193975058493,0.5846153846153846,1.1384749341011045
rf,9090,COc1cccc2c1CNc1c(Nc3cccc(Br)c3)ncnc1O2,5.0,6.4247895860672,1.1780780252091803,0.5692307692307692,1.4247895860671997
rf,9364,CS(=O)(=O)Nc1ccc2c(c1)CNc1c(Nc3ccc(F)c(Cl)c3)ncnc1O2,5.0,5.844152866601944,1.2190676037398585,0.5142857142857142,0.8441528666019442
rf,9365,CS(=O)(=O)Nc1ccc2c(c1)CNc1c(Nc3cccc(Br)c3)ncnc1O2,5.271059036254883,6.581241210810344,1.5225653959167298,0.5441176470588235,1.310182174555461
rf,10801,Clc1ccc2c(c1)CNc1c(Nc3cccc(Br)c3)ncnc1O2,4.995699882507324,6.7568973300457005,0.9782128334094171,0.5967741935483871,1.7611974475383763
rf,11111,FC(F)(F)Oc1ccc2c(c1)CNc1c(Nc3cccc(Br)c3)ncnc1O2,5.0,6.763720002555846,1.4083715911116736,0.5757575757575758,1.7637200025558464
rf,11173,Fc1ccc(Nc2ncnc3c2NCc2cc(Br)ccc2O3)cc1Cl,5.387345314025879,6.642544501304626,1.0335465361128267,0.5555555555555556,1.2551991872787474
rf,11174,Fc1ccc(Nc2ncnc3c2NCc2cc(Cl)ccc2O3)cc1Cl,5.683265686035156,5.8578222997188565,1.1313804107840195,0.5806451612903226,0.17455661368370023
rf,11175,Fc1ccc(Nc2ncnc3c2NCc2ccccc2O3)cc1Cl,5.763621807098389,5.865773431062698,1.1781792499283026,0.5806451612903226,0.10215162396430966
rf,11213,Fc1ccc2c(c1)CNc1c(Nc3ccc(Cl)cc3)ncnc1O2,5.0,5.741036363124848,1.0466593342250585,0.6842105263157895,0.7410363631248478
rf,11214,Fc1ccc2c(c1)CNc1c(Nc3ccc(F)c(Cl)c3)ncnc1O2,5.571333885192871,5.910850279808044,1.0755535387201194,0.6779661016949152,0.33951639461517313
rf,11216,Fc1ccc2c(c1)CNc1c(Nc3cccc(Br)c3)ncnc1O2,5.49252986907959,6.760462743759155,0.9644650691061684,0.7678571428571429,1.2679328746795653
rf,11217,Fc1ccc2c(c1)CNc1c(Nc3ccccc3)ncnc1O2,5.15490198135376,5.805212132453918,0.9537902972022828,0.8431372549019608,0.6503101511001583
rf,11872,Nc1ccc2c(c1)CNc1c(Nc3ccc(F)c(Cl)c3)ncnc1O2,5.2363786697387695,6.0198465329806,1.279982222098835,0.5625,0.7834678632418308
rf,11873,Nc1ccc2c(c1)CNc1c(Nc3cccc(Br)c3)ncnc1O2,5.146214962005615,7.4153407783508305,1.1926202226611708,0.6065573770491803,2.2691258163452153
rf,12779,O=C(O)c1ccc2c(c1)CNc1c(Nc3ccc(F)c(Cl)c3)ncnc1O2,4.939713001251221,5.82544615893364,1.1540049987547485,0.5441176470588235,0.8857331576824192
rf,12780,O=C(O)c1ccc2c(c1)CNc1c(Nc3cccc(Br)c3)ncnc1O2,5.261439323425293,6.610539459943771,1.0573359211905073,0.5846153846153846,1.3491001365184783
rf,3109,CC(C)(C)CNc1c(C#N)cnc2c(Cl)cc(N[C@@H](C3=CN(CC(=O)O)NN3)c3ccc(F)nc3)cc12,8.309894561767578,8.117575885105133,0.431364049337117,0.6382978723404256,0.1923186766624454
rf,3110,CC(C)(C)CNc1c(C#N)cnc2c(Cl)cc(N[C@@](O)(C3=CN(CC(=O)N[SH](C)(=O)O)NN3)c3ccc(F)nc3)cc12,8.154901504516602,5.8143688619432,1.25570982069607,0.47706422018348627,2.340532642573401
rf,3192,CC(C)(C)CNc1c(C#N)cnc2c(Cl)cc(N[C@H](C3=CNNN3)c3cccnc3)cc12,8.397939682006836,8.141408378887176,0.42251301885147663,0.7808219178082192,0.2565313031196599
rf,3958,CCC(F)(F)CN1C=C([C@@H](Nc2cc(C#N)c3ncc(C#N)c(NCC(C)(C)C)c3c2)c2ccc(F)nc2C)NN1,8.154901504516602,8.398745076179505,0.18766882660043446,0.8,0.2438435716629037
rf,3959,CCC(F)(F)CN1C=C([C@@H](Nc2cc(Cl)c3ncc(C#N)c(NCC(C)(C)C)c3c2)c2ccc(F)nc2C)NN1,7.958607196807861,8.293187983512878,0.30974921474209294,0.8068181818181818,0.33458078670501656
rf,5666,CN1C=C([C@H](Nc2cc(C#N)c3ncc(C#N)c(NCC(C)(C)C)c3c2)c2ccc(F)nc2)NN1,8.411953926086426,8.367674549102784,0.30918508971015174,0.6136363636363636,0.04427937698364204
rf,6184,COC1=C(C(Nc2cc(C#N)c3ncc(C#N)c(NCC(C)(C)C)c3c2)c2ccc(F)nc2C)NNN1C,7.92081880569458,8.43870079421997,0.24976575432847256,0.8,0.5178819885253905
rf,6185,COC1=C(C(Nc2cc(Cl)c3ncc(C#N)c(NCC(C)(C)C)c3c2)c2ccc(F)nc2C)NNN1C,7.958607196807861,8.299327891349792,0.3529646362684215,0.8068181818181818,0.34072069454193077
rf,6186,COC1=C(C(Nc2cc(Cl)c3ncc(C#N)c(NCC(C)(C)C)c3c2)c2ccc(OC)nc2C)NNN1C,7.4685211181640625,8.292176808357238,0.35292691981658453,0.7065217391304348,0.823655690193176
rf,6190,COC1=C([C@@H](Nc2cc(Cl)c3ncc(C#N)c(NCC(C)(C)C)c3c2)c2ccc(F)nc2C)NNN1C,8.09691047668457,8.299327891349792,0.3529646362684215,0.8068181818181818,0.20241741466522178
rf,10306,Cc1nc(F)ccc1C(Nc1cc(Cl)c2ncc(C#N)c(NCC(C)(C)C)c2c1)C1=CN(C)NN1,7.6575775146484375,8.284274751663208,0.3172891110779899,0.8072289156626506,0.6266972370147705
rf,10320,Cc1nc(F)ccc1[C@H](Nc1cc(C#N)c2ncc(C#N)c(NCC(C)(C)C(F)(F)F)c2c1)C1=C(F)N([C@@H](C)CF)NN1,8.154901504516602,8.27516396522522,0.209776661591675,0.7528089887640449,0.12026246070861824
rf,10321,Cc1nc(F)ccc1[C@H](Nc1cc(C#N)c2ncc(C#N)c(NCC(C)(C)C(F)(F)F)c2c1)C1=CN(C(C)(C)C)NN1,8.698969841003418,8.33996936225891,0.18349002339850004,0.7790697674418605,0.35900047874450713
rf,10329,Cc1nc(F)ccc1[C@H](Nc1cc(C#N)c2ncc(C#N)c(NCC(C)(C)C)c2c1)C1=C(F)N(C)NN1,8.397939682006836,8.323981269836425,0.16963122634855796,0.7804878048780488,0.07395841217041088
rf,10333,Cc1nc(F)ccc1[C@H](Nc1cc(C#N)c2ncc(C#N)c(NCC(C)(C)C)c2c1)C1=C(F)N([C@@H](C)CF)NN1,8.397939682006836,8.357164922714233,0.2048119596922921,0.735632183908046,0.04077475929260288
rf,10334,Cc1nc(F)ccc1[C@H](Nc1cc(C#N)c2ncc(C#N)c(NCC(C)(C)C)c2c1)C1=CN(C(C)(C)C(F)(F)F)NN1,8.301030158996582,8.3454765625,0.2476739075510589,0.8170731707317073,0.044446403503418
rf,10335,Cc1nc(F)ccc1[C@H](Nc1cc(C#N)c2ncc(C#N)c(NCC(C)(C)C)c2c1)C1=CN(C(C)(C)C(F)F)NN1,8.522878646850586,8.341655097961425,0.18052697382445454,0.8170731707317073,0.18122354888916092
rf,10336,Cc1nc(F)ccc1[C@H](Nc1cc(C#N)c2ncc(C#N)c(NCC(C)(C)C)c2c1)C1=CN(C(C)(C)C)NN1,8.698969841003418,8.381631704330445,0.17937654673239267,0.8481012658227848,0.31733813667297284
rf,10338,Cc1nc(F)ccc1[C@H](Nc1cc(C#N)c2ncc(C#N)c(NCC(C)(C)C)c2c1)C1=CN(C(C)(C)CF)NN1,8.698969841003418,8.380213619232178,0.2623787716146979,0.8170731707317073,0.3187562217712401
rf,10339,Cc1nc(F)ccc1[C@H](Nc1cc(C#N)c2ncc(C#N)c(NCC(C)(C)C)c2c1)C1=CN(C(CF)CF)NN1,8.698969841003418,8.446319454193116,0.180493582998946,0.7738095238095238,0.25265038681030205
rf,10340,Cc1nc(F)ccc1[C@H](Nc1cc(C#N)c2ncc(C#N)c(NCC(C)(C)C)c2c1)C1=CN(C(F)(F)CO)NN1,8.698969841003418,8.374713138580322,0.20455728655665056,0.7976190476190477,0.3242567024230958
rf,10359,Cc1nc(F)ccc1[C@H](Nc1cc(C#N)c2ncc(C#N)c(NCC(C)(C)C)c2c1)C1=CN(CC(C)(F)F)NN1,8.397939682006836,8.39341921710968,0.17128038385180983,0.8292682926829268,0.004520464897156629
rf,10360,Cc1nc(F)ccc1[C@H](Nc1cc(C#N)c2ncc(C#N)c(NCC(C)(C)C)c2c1)C1=CN(CC(F)F)NN1,8.698969841003418,8.439967937469483,0.17800406748725306,0.8271604938271605,0.25900190353393526
rf,10365,Cc1nc(F)ccc1[C@H](Nc1cc(C#N)c2ncc(C#N)c(NCC(C)(C)C)c2c1)C1=CN([C@@H](C)CF)NN1,9.0,8.547031566619873,0.2001451846356785,0.7441860465116279,0.4529684333801267
rf,10389,Cc1nc(F)ccc1[C@H](Nc1cc(Cl)c2ncc(C#N)c(NCC(C)(C)C(F)(F)F)c2c1)C1=C(F)N([C@@H](C)CF)NN1,8.221848487854004,8.224922533035278,0.23728034237328974,0.7608695652173914,0.0030740451812736325
rf,10390,Cc1nc(F)ccc1[C@H](Nc1cc(Cl)c2ncc(C#N)c(NCC(C)(C)C(F)(F)F)c2c1)C1=CN(C(C)(C)C)NN1,8.522878646850586,8.321434689521789,0.2773083101824744,0.7865168539325843,0.20144395732879694
rf,10400,Cc1nc(F)ccc1[C@H](Nc1cc(Cl)c2ncc(C#N)c(NCC(C)(C)C)c2c1)C1=C(F)N(C)NN1,8.397939682006836,8.239220496177673,0.2667900341311064,0.8072289156626506,0.15871918582916322
rf,10406,Cc1nc(F)ccc1[C@H](Nc1cc(Cl)c2ncc(C#N)c(NCC(C)(C)C)c2c1)C1=C(F)N([C@@H](C)CF)NN1,8.397939682006836,8.211130120277405,0.24927298290916286,0.7613636363636364,0.1868095617294312
rf,10411,Cc1nc(F)ccc1[C@H](Nc1cc(Cl)c2ncc(C#N)c(NCC(C)(C)C)c2c1)C1=CN(C(C)(C)C(F)(F)F)NN1,8.221848487854004,8.292253015518188,0.32747742401966673,0.8235294117647058,0.07040452766418426
rf,10412,Cc1nc(F)ccc1[C@H](Nc1cc(Cl)c2ncc(C#N)c(NCC(C)(C)C)c2c1)C1=CN(C(C)(C)C(F)F)NN1,8.397939682006836,8.168787919998168,0.33916088027067176,0.8235294117647058,0.2291517620086676
rf,10413,Cc1nc(F)ccc1[C@H](Nc1cc(Cl)c2ncc(C#N)c(NCC(C)(C)C)c2c1)C1=CN(C(C)(C)C)NN1,8.522878646850586,8.313724138259888,0.2718645405079013,0.8536585365853658,0.20915450859069828
rf,10415,Cc1nc(F)ccc1[C@H](Nc1cc(Cl)c2ncc(C#N)c(NCC(C)(C)C)c2c1)C1=CN(C(C)(C)CF)NN1,8.522878646850586,8.290802468299866,0.31253856877791686,0.8235294117647058,0.23207617855072016
rf,10416,Cc1nc(F)ccc1[C@H](Nc1cc(Cl)c2ncc(C#N)c(NCC(C)(C)C)c2c1)C1=CN(C(CF)CF)NN1,8.522878646850586,8.296630435943603,0.2748948315751335,0.7816091954022989,0.22624821090698255
rf,10417,Cc1nc(F)ccc1[C@H](Nc1cc(Cl)c2ncc(C#N)c(NCC(C)(C)C)c2c1)C1=CN(C(F)(F)CO)NN1,8.698969841003418,8.32945172405243,0.28537808272587106,0.8045977011494253,0.3695181169509887
rf,10443,Cc1nc(F)ccc1[C@H](Nc1cc(Cl)c2ncc(C#N)c(NCC(C)(C)C)c2c1)C1=CN(CC(C)(C)C(F)(F)F)NN1,7.602059841156006,8.319047716140748,0.2671600307166904,0.8160919540229885,0.716987874984742
rf,10444,Cc1nc(F)ccc1[C@H](Nc1cc(Cl)c2ncc(C#N)c(NCC(C)(C)C)c2c1)C1=CN(CC(C)(F)F)NN1,8.221848487854004,8.316519715309143,0.26513882230816926,0.8352941176470589,0.09467122745513912
rf,10445,Cc1nc(F)ccc1[C@H](Nc1cc(Cl)c2ncc(C#N)c(NCC(C)(C)C)c2c1)C1=CN(CC(F)F)NN1,8.522878646850586,8.307317882537841,0.2535409660828295,0.8452380952380952,0.21556076431274462
rf,10450,Cc1nc(F)ccc1[C@H](Nc1cc(Cl)c2ncc(C#N)c(NCC(C)(C)C)c2c1)C1=CN([C@@H](C)CF)NN1,8.698969841003418,8.322371419906617,0.25591304872260073,0.7816091954022989,0.3765984210968014
rf,4033,CCCCCCCCCCCCCCCCCCCCNC(=O)COc1cc(O)c2c(=O)cc(-c3ccccc3)oc2c1,5.86966609954834,6.152855707327524,1.204726897297501,0.3108108108108108,0.28318960777918445
rf,4034,CCCCCCCCCCCCCCCCCCCCOC(=O)COc1cc(O)c2c(=O)cc(-c3ccccc3)oc2c1,5.7988762855529785,6.694835167249044,1.309046607643382,0.3125,0.8959588816960657
rf,4035,CCCCCCCCCCCCCCCCCCNC(=O)COc1cc(O)c2c(=O)cc(-c3ccccc3)oc2c1,6.333481788635254,6.152855707327524,1.204726897297501,0.3108108108108108,0.1806260813077296
rf,4036,CCCCCCCCCCCCCCCCCCOC(=O)COc1cc(O)c2c(=O)cc(-c3ccccc3)oc2c1,6.159893989562988,6.694835167249044,1.309046607643382,0.3125,0.534941177686056
rf,4037,CCCCCCCCCCCCCCCCNC(=O)COc1cc(O)c2c(=O)cc(-c3ccccc3)oc2c1,7.455932140350342,6.152855707327524,1.204726897297501,0.3108108108108108,1.3030764330228175
rf,4038,CCCCCCCCCCCCCCCCOC(=O)COc1cc(O)c2c(=O)cc(-c3ccccc3)oc2c1,7.318758964538574,6.694835167249044,1.309046607643382,0.3125,0.62392379728953
rf,4041,CCCCCCCCCCCCCCNC(=O)COc1cc(O)c2c(=O)cc(-c3ccccc3)oc2c1,6.500312805175781,6.152855707327524,1.204726897297501,0.3108108108108108,0.34745709784825696
rf,4043,CCCCCCCCCCCCCCOC(=O)COc1cc(O)c2c(=O)cc(-c3ccccc3)oc2c1,5.995678424835205,6.694835167249044,1.309046607643382,0.3125,0.6991567424138392
rf,4045,CCCCCCCCCCCCNC(=O)COc1cc(O)c2c(=O)cc(-c3ccccc3)oc2c1,5.896196365356445,6.152855707327524,1.204726897297501,0.3108108108108108,0.256659341971079
rf,4047,CCCCCCCCCCCCOC(=O)COc1cc(O)c2c(=O)cc(-c3ccccc3)oc2c1,5.764471530914307,6.694835167249044,1.309046607643382,0.3125,0.9303636363347376
rf,4048,CCCCCCCCCCNC(=O)COc1cc(O)c2c(=O)cc(-c3ccccc3)oc2c1,5.669586181640625,6.152855707327524,1.204726897297501,0.3108108108108108,0.4832695256868993
rf,4049,CCCCCCCCCCOC(=O)COc1cc(O)c2c(=O)cc(-c3ccccc3)oc2c1,5.507239818572998,6.694835167249044,1.309046607643382,0.3125,1.1875953486760462
rf,4050,CCCCCCCCCNC(=O)COc1cc(O)c2c(=O)cc(-c3ccccc3)oc2c1,5.446116924285889,6.152855707327524,1.204726897297501,0.3108108108108108,0.7067387830416356
rf,4052,CCCCCCCCCOC(=O)COc1cc(O)c2c(=O)cc(-c3ccccc3)oc2c1,5.304518222808838,6.694835167249044,1.309046607643382,0.3125,1.3903169444402064
rf,4054,CCCCCCCCNC(=O)COc1cc(O)c2c(=O)cc(-c3ccccc3)oc2c1,5.27327299118042,6.152855707327524,1.204726897297501,0.3108108108108108,0.8795827161471044
rf,4056,CCCCCCCCOC(=O)COc1cc(O)c2c(=O)cc(-c3ccccc3)oc2c1,5.233587265014648,6.694835167249044,1.309046607643382,0.3125,1.4612479022343958
rf,4059,CCCCCCCNC(=O)COc1cc(O)c2c(=O)cc(-c3ccccc3)oc2c1,5.202040195465088,6.152855707327524,1.204726897297501,0.3108108108108108,0.9508155118624364
rf,4060,CCCCCCCOC(=O)COc1cc(O)c2c(=O)cc(-c3ccccc3)oc2c1,5.140861511230469,6.694835167249044,1.309046607643382,0.3125,1.5539736560185755
rf,4062,CCCCCCNC(=O)COc1cc(O)c2c(=O)cc(-c3ccccc3)oc2c1,5.059981822967529,6.152855707327524,1.204726897297501,0.3108108108108108,1.092873884359995
rf,4064,CCCCCCOC(=O)COc1cc(O)c2c(=O)cc(-c3ccccc3)oc2c1,5.040005207061768,6.694835167249044,1.309046607643382,0.3125,1.6548299601872767
rf,4658,CCOc1cc(O)c2c(=O)cc(-c3ccccc3)oc2c1,4.497572898864746,5.946696865320206,1.2266356029357015,0.35294117647058826,1.4491239664554598
rf,6787,COc1cc(N)c2oc(-c3ccc(N)cc3)cc(=O)c2c1,4.0,5.978163252353668,1.5413297459156936,0.4418604651162791,1.978163252353668
rf,6788,COc1cc(N)c2oc(-c3cccc(N)c3)cc(=O)c2c1,4.0,5.331033410072327,0.968636906343788,0.3541666666666667,1.331033410072327
rf,8808,COc1ccc(N)c2oc(-c3ccc(N)cc3)cc(=O)c12,4.0,5.904295184135437,1.5796102802974699,0.37777777777777777,1.904295184135437
rf,11844,Nc1ccc(-c2cc(=O)c3c(N)c(O)c(N)cc3o2)cc1,4.0,5.952787721860976,1.444663667516148,0.2765957446808511,1.9527877218609762
rf,11845,Nc1ccc(-c2cc(=O)c3c(O)c(N)ccc3o2)cc1,4.0,6.090509339559646,1.4508246624456735,0.28888888888888886,2.090509339559646
rf,11846,Nc1ccc(-c2cc(=O)c3c(O)ccc(N)c3o2)cc1,4.0,5.893507096549443,1.5171555165720367,0.2826086956521739,1.8935070965494427
rf,11847,Nc1ccc(-c2cc(=O)c3cc(N)c(O)c(N)c3o2)cc1,4.0,6.02593293352127,1.4436726823923036,0.28888888888888886,2.02593293352127
rf,11848,Nc1ccc(-c2cc(=O)c3cc(N)c(O)cc3o2)cc1,4.850780963897705,5.888162489482334,1.435343672618359,0.2826086956521739,1.037381525584629
rf,11849,Nc1ccc(-c2cc(=O)c3cc(N)cc(N)c3o2)cc1,4.0,5.855236680289677,1.5444405692703682,0.3023255813953488,1.8552366802896767
rf,11850,Nc1ccc(-c2cc(=O)c3cc(N)ccc3o2)cc1,5.06048059463501,5.801609031268528,1.4989990842707595,0.3170731707317073,0.7411284366335185
rf,11851,Nc1ccc(-c2cc(=O)c3cc(O)cc(N)c3o2)cc1,4.0,5.930374226828984,1.4659855602294132,0.2826086956521739,1.9303742268289836
rf,11852,Nc1ccc(-c2cc(=O)c3ccc(O)c(N)c3o2)cc1,4.0,5.944266572302863,1.4483491885878956,0.30357142857142855,1.9442665723028627
rf,11853,Nc1ccc(-c2cc(=O)c3cccc(N)c3o2)cc1,4.0,5.841845896026066,1.4673350643842273,0.29545454545454547,1.841845896026066
rf,11903,Nc1cccc(-c2cc(=O)c3c(N)c(O)c(N)cc3o2)c1,5.107905387878418,5.391801826227279,0.8415332193896823,0.2535211267605634,0.2838964383488607
rf,11904,Nc1cccc(-c2cc(=O)c3cc(N)c(O)cc3o2)c1,4.0,5.308801852453323,0.7683574477020513,0.28,1.308801852453323
rf,11905,Nc1cccc(-c2cc(=O)c3cc(N)ccc3o2)c1,4.0,5.18105483014243,0.8259416706411706,0.26666666666666666,1.18105483014243
rf,13157,O=c1c(O)c(-c2ccc(O)c(O)c2)oc2cc(O)cc(O)c12,4.826813697814941,5.643160101572672,0.7154645801390089,0.4666666666666667,0.8163464037577306
rf,3039,CC(C)(C)CNc1c(C#N)cnc2c(C#N)cc(N[C@H](C3=CN(C4(C#N)CC4)NN3)c3cccc4ncccc34)cc12,9.0,8.771305561065674,0.1782002383906011,0.8518518518518519,0.22869443893432617
rf,3042,CC(C)(C)CNc1c(C#N)cnc2c(C#N)cc(N[C@H](C3=CN(C4(C(F)(F)F)CC4)NN3)c3ccc(C#N)c4ncccc34)cc12,8.301030158996582,8.384214930534363,0.324400929911117,0.7790697674418605,0.08318477153778048
rf,3045,CC(C)(C)CNc1c(C#N)cnc2c(C#N)cc(N[C@H](C3=CN(C4(C(F)(F)F)CC4)NN3)c3ccc(F)c4ncccc34)cc12,8.397939682006836,8.388125913619994,0.32556816536167266,0.813953488372093,0.00981376838684156
rf,3057,CC(C)(C)CNc1c(C#N)cnc2c(C#N)cc(N[C@H](C3=CN(C4(C(F)(F)F)CC4)NN3)c3cccc4ncccc34)cc12,8.397939682006836,8.573290265083314,0.11662663373836091,0.8235294117647058,0.17535058307647766
rf,3064,CC(C)(C)CNc1c(C#N)cnc2c(C#N)cc(N[C@H](C3=CN(C4(C(F)F)CC4)NN3)c3ccc(F)c4ncccc34)cc12,8.698969841003418,8.675980101585388,0.2038027765805078,0.813953488372093,0.022989739418029842
rf,3070,CC(C)(C)CNc1c(C#N)cnc2c(C#N)cc(N[C@H](C3=CN(C4(C(F)F)CC4)NN3)c3cccc4ncccc34)cc12,8.698969841003418,8.696031122207641,0.14681495381319537,0.8214285714285714,0.0029387187957770067
rf,3073,CC(C)(C)CNc1c(C#N)cnc2c(C#N)cc(N[C@H](C3=CN(C4(C(N)=O)CC4)NN3)c3cccc4ncccc34)cc12,9.0,8.981117616653442,0.0752080738136875,0.9518072289156626,0.018882383346557674
rf,3078,CC(C)(C)CNc1c(C#N)cnc2c(C#N)cc(N[C@H](C3=CN(C4(C)CC4)NN3)c3cccc4ncccc34)cc12,8.698969841003418,8.881168392181397,0.16486349278641138,0.8518518518518519,0.18219855117797934
rf,3095,CC(C)(C)CNc1c(C#N)cnc2c(C#N)cc(N[C@H](C3=CN(C4CC4)NN3)c3cccc4ncccc34)cc12,8.698969841003418,8.62687245941162,0.33584673018892186,0.8292682926829268,0.07209738159179757
rf,3102,CC(C)(C)CNc1c(C#N)cnc2c(C#N)cc(N[C@H](C3=CN([C@@H]4C[C@@H]4F)NN3)c3cccc4ncccc34)cc12,8.698969841003418,8.641588299751282,0.23681649205004213,0.7790697674418605,0.057381541252135904
rf,3117,CC(C)(C)CNc1c(C#N)cnc2c(Cl)cc(N[C@H](C3=CN(C4(C#N)CC4)NN3)c3cccc4ncccc34)cc12,8.698969841003418,8.352788725852966,0.20442268947343137,0.8571428571428571,0.34618111515045236
rf,3120,CC(C)(C)CNc1c(C#N)cnc2c(Cl)cc(N[C@H](C3=CN(C4(C(F)(F)F)CC4)NN3)c3ccc(Cl)c4ncccc34)cc12,7.7695512771606445,7.901330842018128,0.3504446806031718,0.8045977011494253,0.13177956485748332
rf,3123,CC(C)(C)CNc1c(C#N)cnc2c(Cl)cc(N[C@H](C3=CN(C4(C(F)(F)F)CC4)NN3)c3ccc(F)c4ncccc34)cc12,8.045757293701172,7.862293099403382,0.3690685940602925,0.8202247191011236,0.18346419429779015
rf,3134,CC(C)(C)CNc1c(C#N)cnc2c(Cl)cc(N[C@H](C3=CN(C4(C(F)(F)F)CC4)NN3)c3cccc4ncc(F)cc34)cc12,7.638272285461426,8.051350881576537,0.2182035552608771,0.8295454545454546,0.41307859611511155
rf,3135,CC(C)(C)CNc1c(C#N)cnc2c(Cl)cc(N[C@H](C3=CN(C4(C(F)(F)F)CC4)NN3)c3cccc4ncccc34)cc12,7.7695512771606445,7.988741993904114,0.32523885796774044,0.8705882352941177,0.21919071674346924
rf,3145,CC(C)(C)CNc1c(C#N)cnc2c(Cl)cc(N[C@H](C3=CN(C4(C(F)F)CC4)NN3)c3ccc(F)c4ncccc34)cc12,8.397939682006836,8.246266977310182,0.26810504310108707,0.8202247191011236,0.1516727046966544
rf,3154,CC(C)(C)CNc1c(C#N)cnc2c(Cl)cc(N[C@H](C3=CN(C4(C(F)F)CC4)NN3)c3cccc4ncccc34)cc12,8.397939682006836,8.2437927942276,0.20235830061513446,0.8295454545454546,0.1541468877792358
rf,3158,CC(C)(C)CNc1c(C#N)cnc2c(Cl)cc(N[C@H](C3=CN(C4(C(N)=O)CC4)NN3)c3cccc4ncccc34)cc12,8.698969841003418,8.611930834770202,0.22167489852076935,0.9534883720930233,0.08703900623321559
rf,3164,CC(C)(C)CNc1c(C#N)cnc2c(Cl)cc(N[C@H](C3=CN(C4(C)CC4)NN3)c3cccc4ncccc34)cc12,8.301030158996582,8.423358976364137,0.23439031814705247,0.8571428571428571,0.12232881736755452
rf,3183,CC(C)(C)CNc1c(C#N)cnc2c(Cl)cc(N[C@H](C3=CN(C4CC4)NN3)c3cccc4ncccc34)cc12,8.698969841003418,8.439700578689575,0.2621970375519209,0.8452380952380952,0.2592692623138433
rf,3191,CC(C)(C)CNc1c(C#N)cnc2c(Cl)cc(N[C@H](C3=CN([C@@H]4C[C@@H]4F)NN3)c3cccc4ncccc34)cc12,8.522878646850586,8.269336475372315,0.2692284713974382,0.7865168539325843,0.2535421714782711
rf,3315,CC(C)(CNc1c(C#N)cnc2c(C#N)cc(N[C@H](C3=CN(C4(C(F)F)CC4)NN3)c3ccc(F)c4ncccc34)cc12)C(F)(F)F,8.522878646850586,8.6616699924469,0.2745251566097354,0.8222222222222222,0.13879134559631368
rf,3317,CC(C)(CNc1c(C#N)cnc2c(C#N)cc(N[C@H](C3=CN(C4(C(F)F)CC4)NN3)c3cccc4ncccc34)cc12)C(F)(F)F,8.522878646850586,8.586522720336914,0.13821889383837746,0.8409090909090909,0.06364407348632817
rf,3321,CC(C)(CNc1c(C#N)cnc2c(Cl)cc(N[C@H](C3=CN(C4(C(F)F)CC4)NN3)c3ccc(F)c4ncccc34)cc12)C(F)(F)F,8.522878646850586,8.246532898902894,0.275622805706539,0.8279569892473119,0.2763457479476923
rf,3323,CC(C)(CNc1c(C#N)cnc2c(Cl)cc(N[C@H](C3=CN(C4(C(F)F)CC4)NN3)c3cccc4ncccc34)cc12)C(F)(F)F,8.154901504516602,8.241694014549255,0.20424370474970768,0.8,0.08679251003265342
rf,3723,CC1(N2C=C([C@@H](Nc3cc(C#N)c4ncc(C#N)c(NCC(C)(C)C(F)(F)F)c4c3)c3ccc(F)c4ncccc34)NN2)CC1,8.698969841003418,8.795237503051759,0.24778532537955641,0.8409090909090909,0.0962676620483407
rf,3724,CC1(N2C=C([C@@H](Nc3cc(C#N)c4ncc(C#N)c(NCC(C)(C)C(F)(F)F)c4c3)c3cccc4ncccc34)NN2)CC1,8.522878646850586,8.730735694885254,0.213316096568504,0.8604651162790697,0.20785704803466842
rf,3725,CC1(N2C=C([C@@H](Nc3cc(Cl)c4ncc(C#N)c(NCC(C)(C)C(F)(F)F)c4c3)c3ccc(F)c4ncccc34)NN2)CC1,8.698969841003418,8.431007897377015,0.23895637220606386,0.8461538461538461,0.26796194362640335
rf,3726,CC1(N2C=C([C@@H](Nc3cc(Cl)c4ncc(C#N)c(NCC(C)(C)C(F)(F)F)c4c3)c3cccc4ncccc34)NN2)CC1,8.522878646850586,8.306252174377441,0.2260358655684731,0.7872340425531915,0.21662647247314482
rf,5586,CN(CC(C)(C)C)c1c(C#N)cnc2c(Cl)cc(N(C)[C@H](C3=C(F)N(C4(C(F)F)CC4)NN3)c3cccc4ncccc34)cc12,7.886056423187256,5.86182835817337,1.7506570684949483,0.42105263157894735,2.0242280650138857
rf,8928,COc1ccc2c([C@H](Nc3cc(C#N)c4ncc(C#N)c(NCC(C)(C)C)c4c3)C3=CN(C4(C(F)(F)F)CC4)NN3)cccc2n1,7.958607196807861,8.429229765892028,0.31474327202027513,0.7865168539325843,0.470622569084167
rf,8929,COc1ccc2c([C@H](Nc3cc(Cl)c4ncc(C#N)c(NCC(C)(C)C)c4c3)C3=CN(C4(C(F)(F)F)CC4)NN3)cccc2n1,7.481485843658447,8.00831723690033,0.30421879245239913,0.8111111111111111,0.5268313932418831
rf,9227,COc1ccnc2cccc([C@H](Nc3cc(Cl)c4ncc(C#N)c(NCC(C)(C)C)c4c3)C3=CN(C4(C(F)(F)F)CC4)NN3)c12,6.4202165603637695,7.791064593315125,0.3177903429361745,0.8131868131868132,1.370848032951355
rf,10109,Cc1ccc2c([C@H](Nc3cc(C#N)c4ncc(C#N)c(NCC(C)(C)C)c4c3)C3=CN(C4(C)CC4)NN3)cccc2n1,8.522878646850586,8.725152275085449,0.30175225386896753,0.8333333333333334,0.20227362823486317
rf,10255,Cc1ccnc2cccc([C@H](Nc3cc(C#N)c4ncc(C#N)c(NCC(C)(C)C)c4c3)C3=CN(C4(C(F)(F)F)CC4)NN3)c12,7.886056423187256,8.465349642753601,0.1847934517035065,0.7840909090909091,0.5792932195663454
rf,10256,Cc1ccnc2cccc([C@H](Nc3cc(Cl)c4ncc(C#N)c(NCC(C)(C)C)c4c3)C3=CN(C4(C(F)(F)F)CC4)NN3)c12,7.3665313720703125,7.821325451850891,0.268274467033196,0.8505747126436781,0.4547940797805783
rf,8709,COc1ccc(C2=NN(C3=NC(=O)CS3)C(c3ccc(Br)cc3)C2)cc1,5.899629592895508,6.27134907579422,1.211114110651416,0.7413793103448276,0.3717194828987118
rf,8710,COc1ccc(C2=NN(C3=NC(=O)CS3)C(c3ccc(C)cc3)C2)cc1,5.262807369232178,6.01406245803833,1.0976273918176094,0.7543859649122807,0.7512550888061522
rf,8711,COc1ccc(C2=NN(C3=NC(=O)CS3)C(c3ccc(Cl)cc3)C2)cc1,5.271646022796631,5.99838430929184,1.1276995793046523,0.7413793103448276,0.726738286495209
rf,8712,COc1ccc(C2=NN(C3=NC(=O)CS3)C(c3ccc(F)cc3)C2)cc1,5.225482940673828,5.943584885597229,1.1082499438724627,0.7413793103448276,0.7181019449234007
rf,8713,COc1ccc(C2=NN(C3=NC(=O)CS3)C(c3ccc(OC)cc3)C2)cc1,5.051098346710205,5.966251575469971,1.1017068046135097,0.8113207547169812,0.9151532287597659
rf,8716,COc1ccc(C2=NN(C3=NC(=O)CS3)C(c3ccccc3)C2)cc1,5.625251770019531,5.888543303489685,1.106321091569136,0.8,0.263291533470154
rf,8734,COc1ccc(C2CC(c3ccc(Br)cc3)=NN2C2=NC(=O)CS2)cc1,5.099086761474609,6.27134907579422,1.211114110651416,0.7413793103448276,1.1722623143196103
rf,8741,COc1ccc(C2CC(c3ccc(C)cc3)=NN2C2=NC(=O)CS2)cc1,5.372633934020996,6.01406245803833,1.0976273918176094,0.7543859649122807,0.6414285240173339
rf,8744,COc1ccc(C2CC(c3ccc(Cl)cc3)=NN2C2=NC(=O)CS2)cc1,5.066512584686279,5.99838430929184,1.1276995793046523,0.7413793103448276,0.9318717246055606
rf,8746,COc1ccc(C2CC(c3ccc(F)cc3)=NN2C2=NC(=O)CS2)cc1,4.971022129058838,5.943584885597229,1.1082499438724627,0.7413793103448276,0.972562756538391
rf,8747,COc1ccc(C2CC(c3ccccc3)=NN2C2=NC(=O)CS2)cc1,5.369572162628174,5.963482199668884,1.1204006487929543,0.8,0.5939100370407102
rf,9969,Cc1ccc(C2=NN(C3=NC(=O)CS3)C(c3ccc(Br)cc3)C2)cc1,6.619788646697998,6.389373046875,1.3480586732655149,0.7843137254901961,0.2304155998229982
rf,9970,Cc1ccc(C2=NN(C3=NC(=O)CS3)C(c3ccc(C)cc3)C2)cc1,5.935542106628418,5.952353536128998,1.2696679511937434,0.7843137254901961,0.016811429500579678
rf,9971,Cc1ccc(C2=NN(C3=NC(=O)CS3)C(c3ccc(Cl)cc3)C2)cc1,5.7798919677734375,5.975504298686981,1.2458000975676913,0.7142857142857143,0.19561233091354335
rf,9972,Cc1ccc(C2=NN(C3=NC(=O)CS3)C(c3ccc(F)cc3)C2)cc1,5.696804046630859,5.947488939285278,1.2653857375417712,0.7142857142857143,0.2506848926544185
rf,9976,Cc1ccc(C2=NN(C3=NC(=O)CS3)C(c3ccccc3)C2)cc1,5.966576099395752,5.847500216007233,1.231703229760357,0.7735849056603774,0.11907588338851927
rf,9994,Cc1ccc(C2CC(c3ccc(Br)cc3)=NN2C2=NC(=O)CS2)cc1,5.253365993499756,6.389373046875,1.3480586732655149,0.7843137254901961,1.136007053375244
rf,10001,Cc1ccc(C2CC(c3ccc(Cl)cc3)=NN2C2=NC(=O)CS2)cc1,5.17587423324585,5.975504298686981,1.2458000975676913,0.7142857142857143,0.7996300654411312
rf,10002,Cc1ccc(C2CC(c3ccc(F)cc3)=NN2C2=NC(=O)CS2)cc1,5.077793598175049,5.947488939285278,1.2653857375417712,0.7142857142857143,0.8696953411102291
rf,10003,Cc1ccc(C2CC(c3ccccc3)=NN2C2=NC(=O)CS2)cc1,5.518557548522949,5.88982450723648,1.248282248556911,0.7735849056603774,0.3712669587135311
rf,12943,O=C1CSC(N2N=C(c3ccc(Br)cc3)CC2c2ccc(Br)cc2)=N1,5.692503929138184,6.451745335102081,1.3785022823759747,0.8695652173913043,0.7592414059638974
rf,12944,O=C1CSC(N2N=C(c3ccc(Br)cc3)CC2c2ccc(Cl)cc2)=N1,5.38510274887085,6.462209850788116,1.3422004661658546,0.7843137254901961,1.0771071019172664
rf,12945,O=C1CSC(N2N=C(c3ccc(Br)cc3)CC2c2ccc(F)cc2)=N1,5.188425064086914,6.438575712680817,1.3819274686625447,0.7843137254901961,1.2501506485939027
rf,12946,O=C1CSC(N2N=C(c3ccc(Br)cc3)CC2c2ccccc2)=N1,5.494850158691406,6.308960498809815,1.3735034940720066,0.78,0.8141103401184084
rf,12947,O=C1CSC(N2N=C(c3ccc(Cl)cc3)CC2c2ccc(Br)cc2)=N1,5.642065048217773,6.462209850788116,1.3422004661658546,0.7843137254901961,0.8201448025703426
rf,12948,O=C1CSC(N2N=C(c3ccc(Cl)cc3)CC2c2ccc(Cl)cc2)=N1,5.0883097648620605,6.0335901765823365,1.292306329004881,0.6862745098039216,0.945280411720276
rf,12949,O=C1CSC(N2N=C(c3ccc(Cl)cc3)CC2c2ccc(F)cc2)=N1,4.847405910491943,6.013762984275818,1.3070364429886616,0.625,1.1663570737838747
rf,12950,O=C1CSC(N2N=C(c3ccc(Cl)cc3)CC2c2ccccc2)=N1,5.272458553314209,5.93662066745758,1.2726228052469715,0.6666666666666666,0.6641621141433713
rf,12951,O=C1CSC(N2N=C(c3ccc(F)cc3)CC2c2ccc(Br)cc2)=N1,5.319664478302002,6.438575712680817,1.3819274686625447,0.7843137254901961,1.1189112343788148
rf,12952,O=C1CSC(N2N=C(c3ccc(F)cc3)CC2c2ccc(Cl)cc2)=N1,4.961777210235596,6.013762984275818,1.3070364429886616,0.625,1.0519857740402223
rf,12953,O=C1CSC(N2N=C(c3ccc(F)cc3)CC2c2ccc(F)cc2)=N1,4.771599769592285,5.989203590869904,1.3284618169393705,0.6862745098039216,1.2176038212776188
rf,12954,O=C1CSC(N2N=C(c3ccc(F)cc3)CC2c2ccccc2)=N1,5.0893754959106445,5.887172918319703,1.2949291815527186,0.6666666666666666,0.797797422409058
rf,12955,O=C1CSC(N2N=C(c3ccccc3)CC2c2ccc(Br)cc2)=N1,5.86966609954834,6.359298237323761,1.364920638911868,0.8163265306122449,0.4896321377754216
rf,12956,O=C1CSC(N2N=C(c3ccccc3)CC2c2ccc(Cl)cc2)=N1,5.457174777984619,5.97804431438446,1.283645262197648,0.7307692307692307,0.5208695363998412
rf,12957,O=C1CSC(N2N=C(c3ccccc3)CC2c2ccc(F)cc2)=N1,5.313363552093506,5.945861985683441,1.2983842725712342,0.7307692307692307,0.6324984335899355
rf,12959,O=C1CSC(N2N=C(c3ccccc3)CC2c2ccccc2)=N1,5.471083164215088,5.931978694438934,1.2971263095982748,0.7708333333333334,0.460895530223846
rf,336,C/C=C/C(=O)Nc1cc(Nc2nccc(-c3cn(C)c4ccccc34)n2)cc2cnn(CCN(C)C)c12,6.744727611541748,5.613185853004455,0.9478089028546668,0.8947368421052632,1.1315417585372929
rf,337,C/C=C/C(=O)Nc1cc(Nc2nccc(-c3cn(S(=O)(=O)CC)c4ccccc34)n2)cc2cnn(CCN(C)C)c12,7.6575775146484375,6.31309644165039,1.2662797007763849,0.8023255813953488,1.3444810729980476
rf,338,C/C=C/C(=O)Nc1cc(Nc2nccc(-c3cn(S(=O)(=O)CC)c4ccccc34)n2)cc2cnn(CCN(CC)CC)c12,7.721246242523193,6.342361813545227,1.2452509096154987,0.8045977011494253,1.3788844289779663
rf,1591,C=CC(=O)Nc1cc(Nc2nccc(-c3cn(C)c4ccccc34)n2)cc2cnn(CCN(C)C)c12,6.752026557922363,5.761579956054687,1.0905735918281394,0.8933333333333333,0.9904466018676761
rf,1601,C=CC(=O)Nc1cc(Nc2nccc(-c3cn(S(=O)(=O)CC)c4ccccc34)n2)cc2cnn(CCN(C)C)c12,7.508638381958008,6.233796255429586,1.26665650675407,0.8023255813953488,1.274842126528422
rf,1602,C=CC(=O)Nc1cc(Nc2nccc(-c3cn(S(=O)(=O)CC)c4ccccc34)n2)cc2cnn(CCN(CC)CC)c12,7.376750946044922,6.244910658200582,1.2395562340182862,0.8045977011494253,1.1318402878443399
rf,2929,CC(=O)Nc1cc(Nc2nccc(-c3cn(C)c4ccccc34)n2)cc2cnn(CCN(C)C)c12,6.616184711456299,5.799374628067016,0.9122972988226902,0.8873239436619719,0.8168100833892824
rf,3357,CC(C)=CC(=O)Nc1cc(Nc2nccc(-c3cn(C)c4ccccc34)n2)cc2cnn(CCN(C)C)c12,6.422508239746094,5.586929281234741,0.9425315067338592,0.8947368421052632,0.8355789585113529
rf,3379,CC(C)C(=O)Nc1cc(Nc2nccc(-c3cn(C)c4ccccc34)n2)cc2cnn(CCN(C)C)c12,6.242603778839111,5.879883648872376,0.925442573710715,0.7792207792207793,0.3627201299667355
rf,3853,CCC(=O)Nc1cc(Nc2nccc(-c3cn(C)c4ccccc34)n2)cc2cnn(CCN(C)C)c12,6.663540363311768,5.96332272529602,0.9651836199267705,0.7894736842105263,0.7002176380157472
rf,3858,CCC(=O)Nc1cc(Nc2nccc(-c3cn(S(=O)(=O)CC)c4ccccc34)n2)cc2cnn(CCN(C)C)c12,7.568636417388916,7.141225163841248,0.9561346246183632,0.8536585365853658,0.4274112535476684
rf,3859,CCC(=O)Nc1cc(Nc2nccc(-c3cn(S(=O)(=O)CC)c4ccccc34)n2)cc2cnn(CCN(CC)CC)c12,7.677780628204346,7.1450285787582395,0.8915108738391443,0.8554216867469879,0.5327520494461062
rf,4267,CCN(CC)CCn1ncc2cc(Nc3nccc(-c4cn(S(=O)(=O)CC)c5ccccc45)n3)cc(Cl)c21,7.619788646697998,6.97903905582428,0.8421632177128248,0.7625,0.6407495908737184
rf,4268,CCN(CC)CCn1ncc2cc(Nc3nccc(-c4cn(S(=O)(=O)CC)c5ccccc45)n3)cc(NC(=O)C(C)C)c21,7.221848964691162,7.092722149848938,0.9257721197196778,0.813953488372093,0.1291268148422242
rf,4270,CCN(CC)CCn1ncc2cc(Nc3nccc(-c4cn(S(=O)(=O)CC)c5ccccc45)n3)cc(NC(=O)C=C(C)C)c21,7.638272285461426,6.277481955528259,1.2353689536972121,0.7954545454545454,1.3607903299331667
rf,4271,CCN(CC)CCn1ncc2cc(Nc3nccc(-c4cn(S(=O)(=O)CC)c5ccccc45)n3)cc(NC(C)=O)c21,7.886056423187256,7.029053679466248,0.9710549570846467,0.8433734939759037,0.8570027437210079
rf,4272,CCN(CC)CCn1ncc2cc(Nc3nccc(-c4cn(S(=O)(=O)CC)c5ccccc45)n3)ccc21,7.958607196807861,7.156370969772339,0.8289473142197876,0.75,0.8022362270355226
rf,4981,CCS(=O)(=O)n1cc(-c2ccnc(Nc3cc(NC(=O)C=C(C)C)c4c(cnn4CCN(C)C)c3)n2)c2ccccc21,7.537601947784424,6.253898036384582,1.258629584529703,0.7931034482758621,1.2837039113998419
rf,4982,CCS(=O)(=O)n1cc(-c2ccnc(Nc3cc(NC(C)=O)c4c(cnn4CCN(C)C)c3)n2)c2ccccc21,7.9062395095825195,7.025794130706787,1.0269802885373265,0.8414634146341463,0.8804453788757325
rf,4984,CCS(=O)(=O)n1cc(-c2ccnc(Nc3ccc4c(cnn4CC(=O)N(C)C)c3)n2)c2ccccc21,7.4202165603637695,7.104867088317871,0.9462118259835912,0.6962025316455697,0.3153494720458987
rf,4985,CCS(=O)(=O)n1cc(-c2ccnc(Nc3ccc4c(cnn4CCN(C)C)c3)n2)c2ccccc21,8.119186401367188,7.21117518901825,0.8705575753014716,0.7638888888888888,0.9080112123489377
rf,4997,CCS(=O)(=O)n1cc(-c2nc(Nc3ccc4c(cnn4CCN(C)C)c3)ncc2Cl)c2ccccc21,7.658026218414307,7.334001297950745,0.7823665182191831,0.7837837837837838,0.3240249204635619
rf,5169,CCn1ncc2cc(Nc3nccc(-c4cn(S(=O)(=O)CC)c5ccccc45)n3)cc(NC(=O)C(C)C)c21,7.431798458099365,6.9700890659332275,0.9661959124625598,0.6818181818181818,0.4617093921661377
rf,5498,CN(C)CCn1ncc2cc(Nc3ncc(C(F)(F)F)c(-c4cn(C)c5ccccc45)n3)cc(Cl)c21,7.036211967468262,6.2187753782272335,0.9806406476532081,0.5411764705882353,0.8174365892410282
rf,5499,CN(C)CCn1ncc2cc(Nc3ncc(Cl)c(-c4cn(C)c5ccccc45)n3)ccc21,7.148741722106934,6.603397378921509,0.9866174004065108,0.6025641025641025,0.545344343185425
rf,5500,CN(C)CCn1ncc2cc(Nc3ncc([N+](=O)[O-])c(-c4cn(C)c5ccccc45)n3)cc(Cl)c21,7.0,6.245141952514649,0.9580595118439221,0.6708860759493671,0.7548580474853512
rf,5501,CN(C)CCn1ncc2cc(Nc3nccc(-c4cn(C)c5ccccc45)n3)cc(Cl)c21,6.7695512771606445,5.85887945652008,0.8146470120252668,0.75,0.9106718206405642
rf,5502,CN(C)CCn1ncc2cc(Nc3nccc(-c4cn(C)c5ccccc45)n3)ccc21,6.425968647003174,6.0860812978744505,0.9062511726695084,0.7352941176470589,0.3398873491287233
rf,9238,COc1cnc(Nc2ccc3c(cnn3CCN(C)C)c2)nc1-c1cn(C)c2ccccc12,6.690369606018066,6.4535586695671086,0.9884990997408962,0.5625,0.23681093645095785
rf,13380,[2H]C([2H])([2H])n1cc(-c2ccnc(Nc3cc(NC(=O)/C=C/C)c4c(cnn4CCN(C)C)c3)n2)c2ccccc21,6.6038007736206055,5.758816115379333,0.9661568975757188,0.8271604938271605,0.8449846582412723
rf,13381,[2H]C([2H])([2H])n1cc(-c2ccnc(Nc3cc(NC(=O)C(C)C)c4c(cnn4CCN(C)C)c3)n2)c2ccccc21,6.467245578765869,6.101871686935425,0.8805317716962909,0.8072289156626506,0.3653738918304441
rf,13383,[2H]C([2H])([2H])n1cc(-c2ccnc(Nc3cc(NC(=O)C=C(C)C)c4c(cnn4CCN(C)C)c3)n2)c2ccccc21,6.686132907867432,5.728750761032105,0.9642191254825196,0.8271604938271605,0.957382146835327
rf,13406,[2H]C([2H])([2H])n1cc(-c2ccnc(Nc3cc(NC(=O)C=C)c4c(cnn4CCN(C)C)c3)n2)c2ccccc21,6.348721981048584,5.852940142631531,1.097088634146291,0.825,0.49578183841705314
rf,13407,[2H]C([2H])([2H])n1cc(-c2ccnc(Nc3cc(NC(=O)CC)c4c(cnn4CCN(C)C)c3)n2)c2ccccc21,6.591760158538818,6.1908216934204106,0.9119173495848213,0.8395061728395061,0.4009384651184078
rf,13408,[2H]C([2H])([2H])n1cc(-c2ccnc(Nc3cc(NC(C)=O)c4c(cnn4CCN(C)C)c3)n2)c2ccccc21,6.801342964172363,6.027988466262817,0.884071414113657,0.8375,0.7733544979095459
gin,85,Brc1cccc(Nc2ncnc3ccccc23)c1,7.568636417388916,7.601908251371157,0.43631524727100796,0.7272727272727273,0.03327183398224065
gin,125,C#CC(=O)Nc1ccc2ncnc(Nc3cccc(Br)c3)c2c1,8.682257652282715,9.033029691922536,0.23635958769074308,0.6909090909090909,0.3507720396398213
gin,127,C#CCCCCCOc1cc2c(Nc3ccc(F)c(Cl)c3)ncnc2cc1OC,7.485452175140381,8.37065130452288,0.11828626668999369,0.6865671641791045,0.8851991293824995
gin,128,C#CCCCCOc1cc2c(Nc3ccc(F)c(Cl)c3)ncnc2cc1OC,7.059981822967529,8.401146613483093,0.15018179527380524,0.696969696969697,1.3411647905155633
gin,129,C#CCCCOc1cc2c(Nc3ccc(F)c(Cl)c3)ncnc2cc1OC,8.596879005432129,8.378025730065133,0.16468454840034955,0.7076923076923077,0.21885327536699606
gin,130,C#CCCCOc1cc2c(Nc3cccc(Cl)c3)ncnc2cc1OC,7.752026557922363,8.136706939242657,0.1101878977423351,0.5846153846153846,0.3846803813202939
gin,140,C#CCOc1cc2c(Nc3ccc(F)c(Cl)c3)ncnc2cc1OC,7.829738140106201,7.9264592217903385,0.044163421809640356,0.671875,0.09672108168413729
gin,141,C#CCOc1cc2c(Nc3cccc(Cl)c3)ncnc2cc1OC,7.586700439453125,7.7023749256262874,0.0785663398322411,0.6129032258064516,0.11567448617316245
gin,142,C#CCOc1cc2ncnc(Nc3ccc(F)c(Cl)c3)c2cc1NC(=O)C=C,8.154901504516602,8.390436486672286,0.40155060177516977,0.6753246753246753,0.23553498215568425
gin,147,C#Cc1cc(C=O)cc(Nc2ncnc3cc(OCCOC)c(OCCOC)cc23)c1,6.959397792816162,7.955385789213096,0.18211192541204596,0.5394736842105263,0.9959879963969342
gin,148,C#Cc1cc(Nc2ncnc3cc(OC)c(OC)cc23)ccc1F,8.397939682006836,7.262180528913973,0.1880388135118007,0.5666666666666667,1.135759153092863
gin,149,C#Cc1cc(Nc2ncnc3cc(OC)c(OCCCCCCC(=O)NO)cc23)ccc1F,7.540607452392578,8.095536283105673,0.17198140219931907,0.6712328767123288,0.5549288307130951
gin,150,C#Cc1cc(Nc2ncnc3cc(OC)c(OCCCCCCC(=O)NO)cc23)ccc1O,7.0,8.178949133899067,0.24862096186860094,0.6805555555555556,1.1789491338990672
gin,151,C#Cc1cc(Nc2ncnc3cc(OC)c(OCCCCCCCC(=O)NO)cc23)ccc1F,7.0,8.045576496230353,0.20783070632676257,0.6712328767123288,1.0455764962303533
gin,152,C#Cc1cc(Nc2ncnc3cc(OCCOC)c(OCCCCCCCC(=O)NO)cc23)ccc1F,7.0,8.046753602513235,0.2904569882267102,0.6419753086419753,1.0467536025132347
gin,153,C#Cc1cc(Nc2ncnc3cc(OCCOC)c(OCCOC)cc23)cc(OC(=O)C=C)c1,5.877784252166748,8.026415061239902,0.045609498432420986,0.5769230769230769,2.148630809073154
gin,154,C#Cc1cc(Nc2ncnc3cc(OCCOC)c(OCCOC)cc23)ccc1C=O,7.316953182220459,6.880204964932415,0.2589632117418698,0.5263157894736842,0.43674821728804414
gin,155,C#Cc1cc(O)cc(Nc2ncnc3cc(OCCOC)c(OCCOC)cc23)c1,5.0,8.357049809845307,0.20732011417185706,0.5616438356164384,3.357049809845307
gin,156,C#Cc1cc2c(Nc3ccc(F)c(Cl)c3)ncnc2cc1OC,6.0,8.358745695665277,0.07522242477340023,0.6557377049180327,2.3587456956652773
gin,158,C#Cc1ccc2ncnc(Nc3ccc(F)c(Cl)c3)c2c1,6.896538257598877,8.31839843378944,0.38095215879532185,0.74,1.4218601761905632
gin,174,C#Cc1cccc(Nc2nc(Cl)nc3cc(OC)c(OC)cc23)c1,5.096909999847412,5.337383016722725,0.3813443803085333,0.5357142857142857,0.2404730168753133
gin,184,C#Cc1cccc(Nc2ncnc3cc(O)c(OCCCCCCC(=O)NO)cc23)c1,7.0,8.739946602777025,0.1785881946885339,0.6282051282051282,1.7399466027770245
gin,190,C#Cc1cccc(Nc2ncnc3cc(OC)c(NC(=O)CCCC(=O)NO)cc23)c1,7.0,8.372874114658657,0.09264475696802851,0.6363636363636364,1.3728741146586572
gin,191,C#Cc1cccc(Nc2ncnc3cc(OC)c(NC(=O)CCCCC(=O)NO)cc23)c1,7.0,8.355923601284871,0.12152653343492258,0.6538461538461539,1.3559236012848714
gin,192,C#Cc1cccc(Nc2ncnc3cc(OC)c(NC(=O)CCCCCCC(=O)NO)cc23)c1,7.0,8.228824643748283,0.20701897710176156,0.6455696202531646,1.2288246437482826
gin,195,C#Cc1cccc(Nc2ncnc3cc(OC)c(OC)cc23)c1,7.721246242523193,7.6666048864991865,0.10967267406344063,0.7872340425531915,0.05464135602400688
gin,196,C#Cc1cccc(Nc2ncnc3cc(OC)c(OCC(=O)NO)cc23)c1,7.0,8.247283341515299,0.08177786447192138,0.631578947368421,1.247283341515299
gin,197,C#Cc1cccc(Nc2ncnc3cc(OC)c(OCCC(=O)NO)cc23)c1,7.0,8.217313413649663,0.0981621475008252,0.68,1.2173134136496628
gin,198,C#Cc1cccc(Nc2ncnc3cc(OC)c(OCCCC(=O)NO)cc23)c1,7.0,8.465166803304953,0.09603286739648809,0.7162162162162162,1.4651668033049532
gin,199,C#Cc1cccc(Nc2ncnc3cc(OC)c(OCCCCC(=O)NO)cc23)c1,7.411954402923584,8.462311786871624,0.08454194397356504,0.7534246575342466,1.0503573839480396
gin,201,C#Cc1cccc(Nc2ncnc3cc(OC)c(OCCCCCC(=O)NO)cc23)c1,7.668621063232422,8.43692259686975,0.09622813503975113,0.7432432432432432,0.7683015336373273
gin,202,C#Cc1cccc(Nc2ncnc3cc(OC)c(OCCCCCCC(=O)NO)cc23)c1,8.619789123535156,8.383209753117455,0.12578278827462014,0.7432432432432432,0.23657937041770083
gin,224,C#Cc1cccc(Nc2ncnc3cc(OCCCCCCC(=O)NO)c(OC)cc23)c1,7.543093204498291,8.385442165518668,0.11973623224205682,0.7432432432432432,0.8423489610203774
gin,225,C#Cc1cccc(Nc2ncnc3cc(OCCCCCCC(=O)NO)c(OCCOC)cc23)c1,7.0,8.394963154636628,0.17973587871365546,0.6666666666666666,1.3949631546366277
gin,231,C#Cc1cccc(Nc2ncnc3cc(OCCO)c(OCCOC)cc23)c1,9.0,8.140386550220313,0.09152194302895517,0.6857142857142857,0.8596134497796868
gin,244,C#Cc1cccc(Nc2ncnc3cc(OCCOC)c(NC(=O)/C=C/CN(C)C)cc23)c1,8.920818328857422,8.53093106174299,0.1149067803714685,0.7307692307692307,0.3898872671144318
gin,245,C#Cc1cccc(Nc2ncnc3cc(OCCOC)c(NC(=O)C=C)cc23)c1,8.74472713470459,8.647103955809143,0.1355437822757734,0.6375,0.09762317889544647
gin,246,C#Cc1cccc(Nc2ncnc3cc(OCCOC)c(OCCCCCCC(=O)NO)cc23)c1,7.0,8.39480620332182,0.1804649316499041,0.6666666666666666,1.3948062033218207
gin,249,C#Cc1cccc(Nc2ncnc3cc(OCCOC)c(OCCOC)cc23)c1,7.522878646850586,7.983114731226237,0.17122929849952365,0.7121212121212122,0.46023608437565144
gin,250,C#Cc1cccc(Nc2ncnc3cc(OCCOC)c(OCCOC)cc23)c1.Cl,7.489405155181885,7.813038119804077,0.25515765280427927,0.7014925373134329,0.3236329646221918
gin,252,C#Cc1cccc(Nc2ncnc3cc(OCCOCC)c(NC(=O)/C=C/CN(C)C)cc23)c1,9.112945556640625,8.54971880857022,0.06642073894334806,0.7375,0.5632267480704058
gin,289,C#Cc1cccc(Nc2ncnc3ccc(NC(C)=O)cc23)c1,7.408935546875,8.059330198246357,0.2775819036440691,0.5737704918032787,0.6503946513713572
gin,290,C#Cc1cccc(Nc2ncnc3ccc(NC(N)=O)cc23)c1,6.712198257446289,8.445728331525402,0.32879993044259076,0.5614035087719298,1.7335300740791126
gin,291,C#Cc1cccc(Nc2ncnc3ccc(OCC(=O)NO)cc23)c1,7.0,7.95204454377938,0.13490961083520706,0.589041095890411,0.9520445437793796
gin,292,C#Cc1cccc(Nc2ncnc3ccc(OCCCC(=O)NO)cc23)c1,7.0,8.202013689742103,0.2910444872588812,0.5657894736842105,1.2020136897421025
gin,293,C#Cc1cccc(Nc2ncnc3ccc(OCCCCC(=O)NO)cc23)c1,7.0,8.213473850649251,0.24737971203223097,0.5970149253731343,1.213473850649251
gin,294,C#Cc1cccc(Nc2ncnc3ccc(OCCCCCC(=O)NO)cc23)c1,7.0,8.17371849984994,0.18324617985400782,0.6119402985074627,1.1737184998499401
gin,295,C#Cc1cccc(Nc2ncnc3ccc(OCCCCCCC(=O)NO)cc23)c1,7.0,8.115849589854065,0.12769918402264938,0.6119402985074627,1.115849589854065
gin,296,C#Cc1cccc(Nc2ncnc3ccc(OCCCCNCCS(C)(=O)=O)cc23)c1,7.958607196807861,8.146664602812592,0.17486260047704116,0.6956521739130435,0.18805740600473086
gin,297,C#Cc1cccc(Nc2ncnc3ccc(OCCCCOP(N)(=O)N(CCCl)CCCl)cc23)c1,7.958607196807861,8.011252026723952,0.1569027184983656,0.6463414634146342,0.05264482991609043
gin,298,C#Cc1cccc(Nc2ncnc3ccc(OCCCOP(N)(=O)N(CCCl)CCCl)cc23)c1,8.142667770385742,7.969074904562774,0.16143925512913512,0.6463414634146342,0.17359286582296818
gin,330,C/C=C/C(=O)Cc1ccc2ncnc(Nc3cccc(Br)c3)c2c1,9.260032653808594,6.809702094776728,0.22687137747579983,0.5846153846153846,2.4503305590318654
gin,352,C/C=C/C(=O)Nc1ccc2c(Nc3cccc(Br)c3)ncnc2c1,9.168740272521973,6.965524193170776,0.21890485557807599,0.7049180327868853,2.203216079351197
gin,354,C/C=C/C(=O)Nc1ccc2ncnc(Nc3cccc(Br)c3)c2c1,8.060481071472168,6.978126569986358,0.0802534905128727,0.7543859649122807,1.0823545014858098
gin,363,C/C=C\C(=O)Nc1ccc2ncnc(Nc3cccc(Br)c3)c2c1,6.570247650146484,7.829627662300709,0.47251016145027214,0.7543859649122807,1.2593800121542245
gin,364,C/N=N/Nc1ccc2ncnc(N(C)c3ccccc3)c2c1,5.096909999847412,5.445226688555493,0.045189199931636864,0.6851851851851852,0.3483166887080813
gin,366,C/N=N/Nc1ccc2ncnc(Nc3cccc(Br)c3)c2c1,7.408935546875,7.558060563649462,0.35656008832628955,0.7037037037037037,0.14912501677446244
gin,367,C/N=N/Nc1ccc2ncnc(Nc3cccc(C)c3)c2c1,6.698969841003418,7.475530421111003,0.3193430820596004,0.55,0.776560580107585
gin,368,C/N=N/Nc1ccc2ncnc(Nc3cccc(Cl)c3)c2c1,7.0,7.086552364872105,0.4484723796318356,0.6111111111111112,0.08655236487210516
gin,380,C=C(C)C(=O)Cc1ccc2ncnc(Nc3cccc(Br)c3)c2c1,8.920095443725586,7.148006699338758,0.21209977025904592,0.5862068965517241,1.7720887443868278
gin,384,C=C(C)C(=O)Nc1cc2c(Nc3ccc(Br)cc3F)ncnc2cc1OCCNC(C)=O,5.991399765014648,6.964011647034205,0.08214907970138728,0.6455696202531646,0.9726118820195566
gin,387,C=C(C)C(=O)Nc1ccc2ncnc(Nc3cccc(Br)c3)c2c1,7.79587984085083,7.339547867692033,0.20470726932806688,0.6785714285714286,0.4563319731587967
gin,442,C=C=CC(=O)Cc1ccc2ncnc(Nc3cccc(Br)c3)c2c1,8.799970626831055,9.013586876261002,0.8402396911041976,0.5666666666666667,0.21361624942994695
gin,464,C=C=CC(=O)Nc1ccc2ncnc(Nc3cccc(Br)c3)c2c1,7.858349323272705,9.706266241058472,0.6295166828909178,0.6833333333333333,1.847916917785767
gin,465,C=C=CCCCCCOc1cc2c(Nc3ccc(F)c(Cl)c3)ncnc2cc1O,8.351639747619629,9.409777491281943,0.6744134983139685,0.5131578947368421,1.0581377436623143
gin,466,C=C=CCCCCOc1cc2c(Nc3ccc(F)c(Cl)c3)ncnc2cc1O,7.183758735656738,9.502637170839705,0.6598902576294233,0.52,2.3188784351829668
gin,467,C=C=CCCCOc1cc2c(Nc3ccc(F)c(Cl)c3)ncnc2cc1O,8.500312805175781,9.563717524216884,0.6480796224916504,0.527027027027027,1.0634047190411025
gin,468,C=C=CCCCOc1cc2c(Nc3cccc(Cl)c3)ncnc2cc1O,7.545155048370361,9.343185151762725,0.6885787665239681,0.4782608695652174,1.7980301033923638
gin,469,C=C=CCOc1cc2c(Nc3ccc(F)c(Cl)c3)ncnc2cc1O,7.623423099517822,9.37502832157719,0.8072108489233164,0.5373134328358209,1.7516052220593679
gin,470,C=C=CCOc1cc2c(Nc3cccc(Cl)c3)ncnc2cc1O,7.77211332321167,9.179931464340001,0.8467431012139244,0.5,1.407818141128331
gin,492,C=CC(=O)N(C)c1cc2c(Nc3ccc(Br)cc3F)ncnc2cc1OCCNC(C)=O,6.410050392150879,6.807978895369882,0.20117625484143073,0.6024096385542169,0.39792850321900275
gin,1157,C=CC(=O)NCCOc1cc2ncnc(Nc3ccc(Br)cc3F)c2cc1NC(=O)C=C,8.301030158996582,7.400407697613147,0.3616703583771695,0.835820895522388,0.9006224613834348
gin,1711,C=CC(=O)Nc1cc2c(Nc3c(F)cc(Br)cc3F)ncnc2cc1OCCNC(=O)CN(C)C,6.756961822509766,7.401140970612232,0.04987597877090772,0.6341463414634146,0.6441791481024666
gin,1712,C=CC(=O)Nc1cc2c(Nc3c(F)cc(Br)cc3F)ncnc2cc1OCCNC(C)=O,7.6575775146484375,7.203040933414471,0.08952010093879839,0.6710526315789473,0.4545365812339668
gin,1713,C=CC(=O)Nc1cc2c(Nc3cc(C(=O)NOC)c(Br)cc3F)ncnc2cc1OCCNC(C)=O,5.0,6.876975773613889,0.07378197385275503,0.5977011494252874,1.8769757736138892
gin,1714,C=CC(=O)Nc1cc2c(Nc3cc(Cl)c(Br)cc3F)ncnc2cc1OCCNC(=O)CN(C)C,8.045757293701172,7.65395284439478,0.12634817830509965,0.6046511627906976,0.3918044493063917
gin,1715,C=CC(=O)Nc1cc2c(Nc3cc(Cl)c(Br)cc3F)ncnc2cc1OCCNC(C)=O,7.823908805847168,7.467654262910628,0.262380143365081,0.6666666666666666,0.35625454293654
gin,1716,C=CC(=O)Nc1cc2c(Nc3cc(Cl)c(Br)cc3F)ncnc2cc1OCCNCC(C)=O,7.886056423187256,7.6887299063943715,0.2612555361490117,0.5813953488372093,0.19732651679288438
gin,1717,C=CC(=O)Nc1cc2c(Nc3cc(Cl)c(Cl)cc3Cl)ncnc2cc1OCCNC(C)=O,6.057496070861816,7.2732379376580525,0.12194028873429531,0.7611940298507462,1.215741866796236
gin,1719,C=CC(=O)Nc1cc2c(Nc3cc(Cl)c(Cl)cc3F)ncnc2cc1OCCN(C)C,6.493494987487793,8.091614272082097,0.11333147137550521,0.625,1.5981192845943042
gin,1720,C=CC(=O)Nc1cc2c(Nc3cc(Cl)c(Cl)cc3F)ncnc2cc1OCCNC(=O)CN(C)C,8.045757293701172,7.663338515873335,0.07391458982226623,0.5952380952380952,0.3824187778278372
gin,1721,C=CC(=O)Nc1cc2c(Nc3cc(Cl)c(Cl)cc3F)ncnc2cc1OCCNC(=O)COC,7.698969841003418,7.367146750449223,0.1923251342115669,0.6024096385542169,0.33182309055419523
gin,1722,C=CC(=O)Nc1cc2c(Nc3cc(Cl)c(Cl)cc3F)ncnc2cc1OCCNC(=O)CS(C)(=O)=O,7.397940158843994,7.707201207134773,0.27738710781096304,0.5882352941176471,0.3092610482907787
gin,1723,C=CC(=O)Nc1cc2c(Nc3cc(Cl)c(Cl)cc3F)ncnc2cc1OCCNC(C)=O,8.301030158996582,7.479047036490698,0.20519578860273396,0.704225352112676,0.821983122505884
gin,1724,C=CC(=O)Nc1cc2c(Nc3cc(Cl)c(Cl)cc3F)ncnc2cc1OCCNCC(C)=O,8.397939682006836,7.689983287815494,0.20811831425023228,0.6,0.707956394191342
gin,1725,C=CC(=O)Nc1cc2c(Nc3cc(F)c(Br)cc3F)ncnc2cc1OCCNC(C)=O,7.92081880569458,7.516945606367642,0.23173236777293255,0.68,0.403873199326938
gin,1726,C=CC(=O)Nc1cc2c(Nc3cc(OC)c(Cl)cc3Cl)ncnc2cc1OCCNC(C)=O,7.376750946044922,7.028029614903275,0.17302969446808536,0.7183098591549296,0.34872133114164683
gin,1727,C=CC(=O)Nc1cc2c(Nc3cc(OC)c(Cl)cc3F)ncnc2cc1OCCNC(C)=O,7.096909999847412,7.12146834536064,0.015797420456222438,0.6666666666666666,0.024558345513227664
gin,1728,C=CC(=O)Nc1cc2c(Nc3cc(OC)c(Cl)cc3OC)ncnc2cc1OCCNC(=O)CN(C)C,7.853871822357178,7.348189892295451,0.25343946933225364,0.575,0.5056819300617263
gin,1729,C=CC(=O)Nc1cc2c(Nc3cc(OC)c(Cl)cc3OC)ncnc2cc1OCCNC(C)=O,7.06048059463501,7.27717593816827,0.10373347552993221,0.704225352112676,0.21669534353326014
gin,1730,C=CC(=O)Nc1cc2c(Nc3ccc(Br)c(Cl)c3)ncnc2cc1OCCNC(=O)CN(C)C,7.12493896484375,7.873318541598451,0.16667349145617458,0.6329113924050633,0.7483795767547008
gin,1731,C=CC(=O)Nc1cc2c(Nc3ccc(Br)c(Cl)c3F)ncnc2cc1OCC(C)NC(=O)CN(C)C,7.055517196655273,8.183904788787402,0.1441342467531297,0.5913978494623656,1.1283875921321282
gin,1732,C=CC(=O)Nc1cc2c(Nc3ccc(Br)c(Cl)c3F)ncnc2cc1OCCNC(=O)CCCN(C)C,7.552842140197754,8.013272446253126,0.21044230147433982,0.7441860465116279,0.46043030605537183
gin,1733,C=CC(=O)Nc1cc2c(Nc3ccc(Br)c(Cl)c3F)ncnc2cc1OCCNC(=O)CCN(CC)CC,8.154901504516602,8.01008946673008,0.09858674865281152,0.7441860465116279,0.1448120377865223
gin,1735,C=CC(=O)Nc1cc2c(Nc3ccc(Br)c(Cl)c3F)ncnc2cc1OCCNC(=O)CCO,7.387216091156006,7.765303400740038,0.3059304036798244,0.8,0.378087309584032
gin,1736,C=CC(=O)Nc1cc2c(Nc3ccc(Br)c(Cl)c3F)ncnc2cc1OCCNC(=O)CCOC,7.677780628204346,7.7325501590719625,0.322763959909071,0.7804878048780488,0.05476953086761682
gin,1737,C=CC(=O)Nc1cc2c(Nc3ccc(Br)c(Cl)c3F)ncnc2cc1OCCNC(=O)CN(C)C,7.721246242523193,8.024763671632087,0.1654950261213075,0.7380952380952381,0.30351742910889357
gin,1738,C=CC(=O)Nc1cc2c(Nc3ccc(Br)c(Cl)c3F)ncnc2cc1OCCNC(=O)CN(CC)CC,7.236571788787842,7.836492739102283,0.1974174159596465,0.7209302325581395,0.5999209503144414
gin,1739,C=CC(=O)Nc1cc2c(Nc3ccc(Br)c(Cl)c3F)ncnc2cc1OCCNC(=O)CO,7.79587984085083,7.903550645604298,0.2731514622108528,0.775,0.10767080475346802
gin,1740,C=CC(=O)Nc1cc2c(Nc3ccc(Br)c(Cl)c3F)ncnc2cc1OCCNC(=O)COC,6.6716203689575195,7.744431276437069,0.23403826764410135,0.7469879518072289,1.0728109074795498
gin,1742,C=CC(=O)Nc1cc2c(Nc3ccc(Br)c(Cl)c3F)ncnc2cc1OCCNC(=O)NC(C)(C)C,7.346787452697754,7.595439682402301,0.2500199665438535,0.7142857142857143,0.2486522297045468
gin,1743,C=CC(=O)Nc1cc2c(Nc3ccc(Br)c(Cl)c3F)ncnc2cc1OCCNC(=O)NCC,8.09691047668457,7.659033042952075,0.2610069711759815,0.7317073170731707,0.43787743373249555
gin,1744,C=CC(=O)Nc1cc2c(Nc3ccc(Br)c(Cl)c3F)ncnc2cc1OCCNC(=O)NCCC,7.585026741027832,7.5546680061098215,0.2651429858773922,0.7407407407407407,0.030358734918010555
gin,1745,C=CC(=O)Nc1cc2c(Nc3ccc(Br)c(Cl)c3F)ncnc2cc1OCCNC(=O)OC,7.0087738037109375,7.636804641523511,0.33482166761115906,0.75,0.6280308378125738
gin,1746,C=CC(=O)Nc1cc2c(Nc3ccc(Br)c(Cl)c3F)ncnc2cc1OCCNC(=S)NCC,7.1674909591674805,7.542056173491929,0.29781441378689644,0.7142857142857143,0.37456521432444845
gin,1747,C=CC(=O)Nc1cc2c(Nc3ccc(Br)c(Cl)c3F)ncnc2cc1OCCNC(C)=O,7.886056423187256,7.884908647448867,0.2763255139611131,0.759493670886076,0.0011477757383886456
gin,1748,C=CC(=O)Nc1cc2c(Nc3ccc(Br)c(Cl)c3F)ncnc2cc1OCCNCC(C)=O,7.853871822357178,8.138358386006814,0.3150808276047392,0.6987951807228916,0.28448656364963654
gin,1749,C=CC(=O)Nc1cc2c(Nc3ccc(Br)c(Cl)c3F)ncnc2cc1OC[C@@H](C)NC(=O)CN(C)C,7.1987528800964355,8.184026960468174,0.2455858183416333,0.5913978494623656,0.9852740803717381
gin,1750,C=CC(=O)Nc1cc2c(Nc3ccc(Br)c(Cl)c3F)ncnc2cc1OC[C@H](C)NC(=O)CN(C)C,7.778603553771973,8.571551673823876,0.2923625932355509,0.5913978494623656,0.7929481200519035
gin,1751,C=CC(=O)Nc1cc2c(Nc3ccc(Br)c(F)c3)ncnc2cc1OCCNC(=O)CN(C)C,7.107905387878418,7.912709520718266,0.09326485965549754,0.5930232558139535,0.8048041328398483
gin,1752,C=CC(=O)Nc1cc2c(Nc3ccc(Br)c(F)c3F)ncnc2cc1OCCNC(=O)CCCN(C)C,6.245651721954346,8.038445813908055,0.18047927968766922,0.7349397590361446,1.7927940919537093
gin,1753,C=CC(=O)Nc1cc2c(Nc3ccc(Br)c(F)c3F)ncnc2cc1OCCNC(=O)CCN(CC)CC,7.721246242523193,8.03074779773624,0.10254932657242609,0.7349397590361446,0.30950155521304623
gin,1755,C=CC(=O)Nc1cc2c(Nc3ccc(Br)c(F)c3F)ncnc2cc1OCCNC(=O)CN(C)C,7.744727611541748,8.057175146953881,0.11683234251022151,0.7283950617283951,0.312447535412133
gin,1756,C=CC(=O)Nc1cc2c(Nc3ccc(Br)cc3C(F)(F)F)ncnc2cc1OCCNC(C)=O,6.34103536605835,7.543130126866799,0.10088321157721611,0.654320987654321,1.2020947608084498
gin,1757,C=CC(=O)Nc1cc2c(Nc3ccc(Br)cc3Cl)ncnc2cc1OCCNC(C)=O,7.376750946044922,7.295489301646967,0.18507606878839067,0.7428571428571429,0.08126164439795502
gin,1758,C=CC(=O)Nc1cc2c(Nc3ccc(Br)cc3F)ncnc2cc1OC(C)CNC(C)=O,7.443697452545166,7.537388115026857,0.14571874963248088,0.6621621621621622,0.09369066248169133
gin,1761,C=CC(=O)Nc1cc2c(Nc3ccc(Br)cc3F)ncnc2cc1OCC(=O)NCCN(CC)CC,6.1857523918151855,7.761228210720219,0.08623484081160426,0.6506024096385542,1.5754758189050335
gin,1762,C=CC(=O)Nc1cc2c(Nc3ccc(Br)cc3F)ncnc2cc1OCC(C)(C)NC(=O)CN(C)C,6.653646945953369,8.223394191127937,0.46243501801616144,0.6666666666666666,1.5697472451745682
gin,1763,C=CC(=O)Nc1cc2c(Nc3ccc(Br)cc3F)ncnc2cc1OCC(C)NC(=O)CCN(CC)CC,7.619788646697998,7.714546711568033,0.29280195851929686,0.6172839506172839,0.09475806487003524
gin,1764,C=CC(=O)Nc1cc2c(Nc3ccc(Br)cc3F)ncnc2cc1OCC(C)NC(=O)CN(C)C,6.764471530914307,7.607751601405255,0.2747244986152661,0.6666666666666666,0.8432800704909482
gin,1765,C=CC(=O)Nc1cc2c(Nc3ccc(Br)cc3F)ncnc2cc1OCC(C)NC(=O)NCCC,7.537601947784424,7.2941484996009365,0.16917910058503352,0.6588235294117647,0.24345344818348735
gin,1766,C=CC(=O)Nc1cc2c(Nc3ccc(Br)cc3F)ncnc2cc1OCC(C)NC(C)=O,6.812479496002197,7.51701539426108,0.15140788391981572,0.6944444444444444,0.7045358982588823
gin,1767,C=CC(=O)Nc1cc2c(Nc3ccc(Br)cc3F)ncnc2cc1OCC(CC)NC(=O)CN(C)C,7.638272285461426,7.64975093876501,0.1789033650450044,0.6511627906976745,0.011478653303583997
gin,1768,C=CC(=O)Nc1cc2c(Nc3ccc(Br)cc3F)ncnc2cc1OCC(CC)NC(C)=O,7.161150932312012,7.53877910034106,0.10254560416024261,0.6756756756756757,0.3776281680290481
gin,1769,C=CC(=O)Nc1cc2c(Nc3ccc(Br)cc3F)ncnc2cc1OCC(NC(=O)CN(C)C)C(C)C,6.826813697814941,7.61731985881795,0.4168962427539535,0.6511627906976745,0.7905061610030089
gin,1781,C=CC(=O)Nc1cc2c(Nc3ccc(Br)cc3F)ncnc2cc1OCCCC(=O)CN(C)C,8.698969841003418,7.934154723083111,0.22825780437416604,0.691358024691358,0.7648151179203069
gin,1782,C=CC(=O)Nc1cc2c(Nc3ccc(Br)cc3F)ncnc2cc1OCCCCNC(C)=O,8.0,7.721270755096015,0.14299449881215182,0.7297297297297297,0.2787292449039853
gin,1783,C=CC(=O)Nc1cc2c(Nc3ccc(Br)cc3F)ncnc2cc1OCCCNC,8.522878646850586,7.8662076353704435,0.2909125641538422,0.7605633802816901,0.6566710114801424
gin,1784,C=CC(=O)Nc1cc2c(Nc3ccc(Br)cc3F)ncnc2cc1OCCCNC(=O)C(F)(F)F,7.229147911071777,8.107146622301116,0.4190132570112945,0.7534246575342466,0.8779987112293384
gin,1785,C=CC(=O)Nc1cc2c(Nc3ccc(Br)cc3F)ncnc2cc1OCCCNC(=O)CN(C)C,8.698969841003418,7.902534748783694,0.224001491731743,0.7215189873417721,0.7964350922197241
gin,1786,C=CC(=O)Nc1cc2c(Nc3ccc(Br)cc3F)ncnc2cc1OCCCNC(=O)CS(C)(=O)=O,7.1674909591674805,7.927473403920686,0.346738726562306,0.7125,0.7599824447532058
gin,1787,C=CC(=O)Nc1cc2c(Nc3ccc(Br)cc3F)ncnc2cc1OCCCNC(=O)NCC,7.958607196807861,7.50596710195353,0.11814695040902455,0.7333333333333333,0.4526400948543312
gin,1788,C=CC(=O)Nc1cc2c(Nc3ccc(Br)cc3F)ncnc2cc1OCCCNC(C)=O,8.397939682006836,7.7325501590719625,0.12828825079823697,0.7638888888888888,0.6653895229348734
gin,1789,C=CC(=O)Nc1cc2c(Nc3ccc(Br)cc3F)ncnc2cc1OCCCNCC(C)=O,7.585026741027832,7.848748659179279,0.033422407091177254,0.72,0.26372191815144674
gin,1790,C=CC(=O)Nc1cc2c(Nc3ccc(Br)cc3F)ncnc2cc1OCCCNCCC=O,7.397940158843994,7.694787506976013,0.07937752176120674,0.7297297297297297,0.29684734813201885
gin,1791,C=CC(=O)Nc1cc2c(Nc3ccc(Br)cc3F)ncnc2cc1OCCN,8.397939682006836,7.747903952878943,0.20499754874276035,0.7692307692307693,0.6500357291278931
gin,1792,C=CC(=O)Nc1cc2c(Nc3ccc(Br)cc3F)ncnc2cc1OCCN(C)C,8.045757293701172,7.906750171888319,0.19025279008815862,0.7246376811594203,0.13900712181285257
gin,1793,C=CC(=O)Nc1cc2c(Nc3ccc(Br)cc3F)ncnc2cc1OCCN(C)C(C)=O,7.229147911071777,7.346088239315378,0.09346556781350722,0.6944444444444444,0.11694032824360079
gin,1794,C=CC(=O)Nc1cc2c(Nc3ccc(Br)cc3F)ncnc2cc1OCCNC,7.017728805541992,7.6188852567094045,0.17633665518844474,0.7714285714285715,0.6011564511674123
gin,1795,C=CC(=O)Nc1cc2c(Nc3ccc(Br)cc3F)ncnc2cc1OCCNC(=O)C(=C)C,7.161150932312012,7.175513553240975,0.18643362233004976,0.7671232876712328,0.014362620928963565
gin,1796,C=CC(=O)Nc1cc2c(Nc3ccc(Br)cc3F)ncnc2cc1OCCNC(=O)C(=O)O,6.991399765014648,6.838272510316408,0.09940856306878067,0.7887323943661971,0.15312725469824073
gin,1797,C=CC(=O)Nc1cc2c(Nc3ccc(Br)cc3F)ncnc2cc1OCCNC(=O)C(=O)OCC,7.0087738037109375,6.821310734464068,0.13286389189306583,0.76,0.18746306924686973
gin,1798,C=CC(=O)Nc1cc2c(Nc3ccc(Br)cc3F)ncnc2cc1OCCNC(=O)C(C)C,6.892789840698242,7.290646187595797,0.11568140198725826,0.7671232876712328,0.3978563468975551
gin,1799,C=CC(=O)Nc1cc2c(Nc3ccc(Br)cc3F)ncnc2cc1OCCNC(=O)C(C)CN(C)C,6.600326061248779,7.7705559828244475,0.32788176568624283,0.7283950617283951,1.1702299215756682
gin,1800,C=CC(=O)Nc1cc2c(Nc3ccc(Br)cc3F)ncnc2cc1OCCNC(=O)C(C)N,7.744727611541748,7.673212159620704,0.3308988742651492,0.7466666666666667,0.07151545192104436
gin,1801,C=CC(=O)Nc1cc2c(Nc3ccc(Br)cc3F)ncnc2cc1OCCNC(=O)C(C)N(C)C,6.903090000152588,7.607877974077155,0.1264048407539454,0.7272727272727273,0.7047879739245673
gin,1802,C=CC(=O)Nc1cc2c(Nc3ccc(Br)cc3F)ncnc2cc1OCCNC(=O)C(CO)N(C)C,6.899629592895508,7.693531296315967,0.12304491638775263,0.7088607594936709,0.7939017034204596
gin,1803,C=CC(=O)Nc1cc2c(Nc3ccc(Br)cc3F)ncnc2cc1OCCNC(=O)C(COC)N(C)C,7.2441253662109375,7.565627548907514,0.06408700183286671,0.7,0.3215021826965767
gin,1804,C=CC(=O)Nc1cc2c(Nc3ccc(Br)cc3F)ncnc2cc1OCCNC(=O)C(F)(F)F,7.638272285461426,7.707077120716548,0.3504785534925796,0.7887323943661971,0.06880483525512204
gin,1805,C=CC(=O)Nc1cc2c(Nc3ccc(Br)cc3F)ncnc2cc1OCCNC(=O)C(F)F,8.301030158996582,7.514090904294193,0.2954791231356506,0.7777777777777778,0.7869392547023892
gin,1811,C=CC(=O)Nc1cc2c(Nc3ccc(Br)cc3F)ncnc2cc1OCCNC(=O)C=CC,7.721246242523193,7.149330090134143,0.08465361417067599,0.7671232876712328,0.5719161523890506
gin,1812,C=CC(=O)Nc1cc2c(Nc3ccc(Br)cc3F)ncnc2cc1OCCNC(=O)C=CCC,7.443697452545166,7.305917819161323,0.09166484283345286,0.7466666666666667,0.13777963338384325
gin,1813,C=CC(=O)Nc1cc2c(Nc3ccc(Br)cc3F)ncnc2cc1OCCNC(=O)C=CCN(C)C,7.79587984085083,7.849120404026877,0.1483340262468529,0.717948717948718,0.05324056317604686
gin,1814,C=CC(=O)Nc1cc2c(Nc3ccc(Br)cc3F)ncnc2cc1OCCNC(=O)C=NOC,6.591760158538818,7.175195592511088,0.0928191618072879,0.7368421052631579,0.5834354339722694
gin,1815,C=CC(=O)Nc1cc2c(Nc3ccc(Br)cc3F)ncnc2cc1OCCNC(=O)CC,6.229884624481201,7.321318052496082,0.11568732566648207,0.8028169014084507,1.0914334280148807
gin,1816,C=CC(=O)Nc1cc2c(Nc3ccc(Br)cc3F)ncnc2cc1OCCNC(=O)CC(C)N(C)C,6.48811674118042,7.775956942772382,0.09450004278022409,0.7160493827160493,1.2878402015919619
gin,1817,C=CC(=O)Nc1cc2c(Nc3ccc(Br)cc3F)ncnc2cc1OCCNC(=O)CCC,7.494850158691406,7.198806548693426,0.10656924161341401,0.8,0.2960436099979802
gin,1818,C=CC(=O)Nc1cc2c(Nc3ccc(Br)cc3F)ncnc2cc1OCCNC(=O)CCCN(C)C,7.677780628204346,7.601732895714264,0.06032937821678784,0.7317073170731707,0.0760477324900819
gin,1819,C=CC(=O)Nc1cc2c(Nc3ccc(Br)cc3F)ncnc2cc1OCCNC(=O)CCN,6.588380336761475,7.387824814682418,0.14301672373636062,0.7894736842105263,0.7994444779209431
gin,1820,C=CC(=O)Nc1cc2c(Nc3ccc(Br)cc3F)ncnc2cc1OCCNC(=O)CCN(C)C,8.045757293701172,7.717152955023323,0.09400144829063492,0.75,0.3286043386778488
gin,1821,C=CC(=O)Nc1cc2c(Nc3ccc(Br)cc3F)ncnc2cc1OCCNC(=O)CCN(CC)CC,7.3565473556518555,7.635350627053299,0.07954934192431505,0.7317073170731707,0.27880327140144345
gin,1823,C=CC(=O)Nc1cc2c(Nc3ccc(Br)cc3F)ncnc2cc1OCCNC(=O)CCO,7.050610065460205,7.2714331261395415,0.17700959492859897,0.7894736842105263,0.22082306067933644
gin,1824,C=CC(=O)Nc1cc2c(Nc3ccc(Br)cc3F)ncnc2cc1OCCNC(=O)CCOC,7.15490198135376,7.234895348739201,0.1903186262297239,0.7692307692307693,0.07999336738544116
gin,1825,C=CC(=O)Nc1cc2c(Nc3ccc(Br)cc3F)ncnc2cc1OCCNC(=O)CN,7.050610065460205,7.315630367759098,0.1722467789341071,0.7837837837837838,0.2650203022988933
gin,1826,C=CC(=O)Nc1cc2c(Nc3ccc(Br)cc3F)ncnc2cc1OCCNC(=O)CN(C)C,8.698969841003418,7.561329077638135,0.02940282850044219,0.7532467532467533,1.1376407633652832
gin,1827,C=CC(=O)Nc1cc2c(Nc3ccc(Br)cc3F)ncnc2cc1OCCNC(=O)CN(C)CC,6.703334808349609,7.514136543633185,0.120136846813938,0.7407407407407407,0.8108017352835759
gin,1828,C=CC(=O)Nc1cc2c(Nc3ccc(Br)cc3F)ncnc2cc1OCCNC(=O)CN(CC)CC,7.585026741027832,7.449206582028509,0.1216311178559218,0.7341772151898734,0.13582015899932287
gin,1835,C=CC(=O)Nc1cc2c(Nc3ccc(Br)cc3F)ncnc2cc1OCCNC(=O)CNC,6.866461277008057,7.332328392992622,0.1169028654118414,0.7866666666666666,0.4658671159845653
gin,1836,C=CC(=O)Nc1cc2c(Nc3ccc(Br)cc3F)ncnc2cc1OCCNC(=O)CO,7.494850158691406,7.398637722885013,0.19217593723861331,0.7945205479452054,0.09621243580639316
gin,1837,C=CC(=O)Nc1cc2c(Nc3ccc(Br)cc3F)ncnc2cc1OCCNC(=O)COC,7.853871822357178,7.245357502760754,0.13102302958521136,0.7631578947368421,0.6085143195964235
gin,1838,C=CC(=O)Nc1cc2c(Nc3ccc(Br)cc3F)ncnc2cc1OCCNC(=O)CS(C)(=O)=O,7.619788646697998,7.628442511526288,0.2183011210382324,0.7435897435897436,0.00865386482828967
gin,1839,C=CC(=O)Nc1cc2c(Nc3ccc(Br)cc3F)ncnc2cc1OCCNC(=O)CSC,7.408935546875,7.325900576495528,0.21525478327567918,0.7532467532467533,0.08303497037947238
gin,1844,C=CC(=O)Nc1cc2c(Nc3ccc(Br)cc3F)ncnc2cc1OCCNC(=O)NC(C)C,7.443697452545166,7.196108569309416,0.02421254735400818,0.7466666666666667,0.2475888832357498
gin,1845,C=CC(=O)Nc1cc2c(Nc3ccc(Br)cc3F)ncnc2cc1OCCNC(=O)NC(C)CC,7.698969841003418,7.291797373477635,0.032825540800817815,0.717948717948718,0.4071724675257826
gin,1846,C=CC(=O)Nc1cc2c(Nc3ccc(Br)cc3F)ncnc2cc1OCCNC(=O)NCC,8.698969841003418,7.1896983283874505,0.11591569903344247,0.7671232876712328,1.5092715126159675
gin,1847,C=CC(=O)Nc1cc2c(Nc3ccc(Br)cc3F)ncnc2cc1OCCNC(=O)NCCC,7.585026741027832,7.123414218730915,0.14254985156186437,0.7777777777777778,0.4616125222969174
gin,1848,C=CC(=O)Nc1cc2c(Nc3ccc(Br)cc3F)ncnc2cc1OCCNC(=O)OC,6.801342964172363,7.137665695328366,0.17521507225983504,0.7887323943661971,0.3363227311560024
gin,1851,C=CC(=O)Nc1cc2c(Nc3ccc(Br)cc3F)ncnc2cc1OCCNC(=S)NC,7.0087738037109375,7.131148600625252,0.11964871362071089,0.7567567567567568,0.12237479691431474
gin,1852,C=CC(=O)Nc1cc2c(Nc3ccc(Br)cc3F)ncnc2cc1OCCNC(=S)NCC,7.040958404541016,7.105758739036361,0.15501706809342283,0.7466666666666667,0.06480033449534517
gin,1853,C=CC(=O)Nc1cc2c(Nc3ccc(Br)cc3F)ncnc2cc1OCCNC(C)=O,8.698969841003418,7.357306771787222,0.13024605438199688,0.8,1.341663069216196
gin,1854,C=CC(=O)Nc1cc2c(Nc3ccc(Br)cc3F)ncnc2cc1OCCNC(N)=O,8.397939682006836,7.543782137836814,0.09519625643465598,0.8,0.8541575441700218
gin,1855,C=CC(=O)Nc1cc2c(Nc3ccc(Br)cc3F)ncnc2cc1OCCNCC(C)=O,8.522878646850586,7.623098879389261,0.15158998762268602,0.7297297297297297,0.8997797674613253
gin,1856,C=CC(=O)Nc1cc2c(Nc3ccc(Br)cc3F)ncnc2cc1OCCNS(C)(=O)=O,7.602059841156006,7.714873702999938,0.4033933609835857,0.7297297297297297,0.11281386184393227
gin,1858,C=CC(=O)Nc1cc2c(Nc3ccc(Br)cc3F)ncnc2cc1OCCOC,7.602059841156006,7.6114561039698,0.23835350660693924,0.746268656716418,0.009396262813794465
gin,1859,C=CC(=O)Nc1cc2c(Nc3ccc(Br)cc3F)ncnc2cc1OCCOCCOC(=O)CC(=O)O,6.019542217254639,7.208111686886269,0.10907845557490672,0.6756756756756757,1.1885694696316307
gin,1860,C=CC(=O)Nc1cc2c(Nc3ccc(Br)cc3F)ncnc2cc1OCCOCCOC(=O)CC(=O)OCC,6.609065055847168,7.41654360451335,0.12097530036971013,0.6578947368421053,0.8074785486661824
gin,1861,C=CC(=O)Nc1cc2c(Nc3ccc(Br)cc3F)ncnc2cc1OC[C@@H](C)NC(C)=O,7.537601947784424,7.581039727917727,0.20808791222668216,0.6944444444444444,0.043437780133302795
gin,1862,C=CC(=O)Nc1cc2c(Nc3ccc(Br)cc3F)ncnc2cc1OC[C@H](C)NC(C)=O,7.0087738037109375,7.9856619321803635,0.40127510254275606,0.6944444444444444,0.976888128469426
gin,1865,C=CC(=O)Nc1cc2c(Nc3ccc(Br)cc3F)ncnc2cc1SCCNC(C)=O,6.962573528289795,7.3784645777760005,0.27508876678188143,0.6,0.4158910494862056
gin,1866,C=CC(=O)Nc1cc2c(Nc3ccc(Cl)c(C(F)(F)F)c3)ncnc2cc1OCCOC,6.0,7.787928367157662,0.304968582122531,0.6835443037974683,1.7879283671576616
gin,1868,C=CC(=O)Nc1cc2c(Nc3ccc(Cl)cc3Cl)ncnc2cc1OCCNC(C)=O,7.3098039627075195,7.059098087659876,0.03493652827630675,0.7536231884057971,0.2507058750476432
gin,1869,C=CC(=O)Nc1cc2c(Nc3ccc(Cl)cc3F)ncnc2cc1OCCNC(=O)CN(C)C,6.377786159515381,7.402910087995238,0.1315701635941846,0.6385542168674698,1.0251239284798572
gin,1870,C=CC(=O)Nc1cc2c(Nc3ccc(Cl)cc3F)ncnc2cc1OCCNC(C)=O,7.744727611541748,7.217152291239799,0.29607187045487954,0.7083333333333334,0.5275753203019491
gin,1874,C=CC(=O)Nc1cc2c(Nc3ccc(F)c(C#N)c3)ncnc2cc1OCCOC,6.708187103271484,7.641295286703382,0.20968469516139715,0.6708860759493671,0.9331081834318979
gin,1879,C=CC(=O)Nc1cc2c(Nc3ccc(F)c(Cl)c3)ncnc2cc1OC,8.5774507522583,8.402139990704995,0.25945109895126056,0.7285714285714285,0.17531076155330538
gin,1880,C=CC(=O)Nc1cc2c(Nc3ccc(F)c(Cl)c3)ncnc2cc1OCC,9.74472713470459,8.509985491540704,0.2041601681759423,0.7397260273972602,1.2347416431638862
gin,1889,C=CC(=O)Nc1cc2c(Nc3ccc(F)c(Cl)c3)ncnc2cc1OCCNC(C)=O,7.92081880569458,7.989220914698478,0.2578484436033667,0.7714285714285715,0.0684021090038982
gin,1890,C=CC(=O)Nc1cc2c(Nc3ccc(F)c(Cl)c3)ncnc2cc1OCCOCCCCO,8.769551277160645,8.426957588709882,0.28809890166505975,0.7333333333333333,0.3425936884507621
gin,1910,C=CC(=O)Nc1cc2c(Nc3ccc(F)c(F)c3F)ncnc2cc1OCCNC(C)=O,7.853871822357178,7.787060733887898,0.41248085229291254,0.6805555555555556,0.06681108846927941
gin,1911,C=CC(=O)Nc1cc2c(Nc3ccc(F)cc3F)ncnc2cc1OCCNC(=O)CN(C)C,6.806875228881836,7.533770661570998,0.20882865190561933,0.654320987654321,0.7268954326891617
gin,1912,C=CC(=O)Nc1cc2c(Nc3ccc(NC(=O)C=C)c(C(F)(F)F)c3)ncnc2cc1OCCOC,6.938924789428711,7.69232196814535,0.3333776903186527,0.6578947368421053,0.7533971787166394
gin,1927,C=CC(=O)Nc1cc2c(Nc3cccc(Br)c3)ncnc2cc1OCCCCN(C)C,8.255654335021973,8.869682525302665,0.16421280112827338,0.7297297297297297,0.6140281902806919
gin,1931,C=CC(=O)Nc1cc2c(Nc3cccc(Br)c3)ncnc2cc1SCCCN(CC)CC,7.907824516296387,8.487752817675585,0.13013832663925548,0.7297297297297297,0.5799283013791978
gin,1936,C=CC(=O)Nc1cc2c(Nc3cccc(Cl)c3F)ncnc2cc1OCCNC(=O)CN(C)C,6.034327983856201,8.30768393451848,0.22115819005086615,0.5955056179775281,2.2733559506622782
gin,2016,C=CC(=O)Nc1ccc2c(Nc3cccc(Br)c3)ncnc2c1,9.346787452697754,8.717692666752725,0.24657127230975617,0.6721311475409836,0.6290947859450284
gin,2017,C=CC(=O)Nc1ccc2c(Nc3cccc(C)c3)ncnc2c1,7.92081880569458,8.43288627316241,0.20012448284776932,0.5666666666666667,0.5120674674678298
gin,2018,C=CC(=O)Nc1ccc2c(Nc3cccc(Cl)c3)ncnc2c1,8.438892364501953,8.228093899917326,0.07425014648450012,0.6166666666666667,0.21079846458462725
gin,2033,C=CC(=O)Nc1ccc2ncnc(Nc3c(F)cccc3Br)c2c1,5.6575775146484375,7.780008784426542,0.37443942966757393,0.5901639344262295,2.1224312697781045
gin,2034,C=CC(=O)Nc1ccc2ncnc(Nc3cc(Cl)c(Cl)cc3F)c2c1,7.698969841003418,7.919798650380017,0.11573515044628237,0.6060606060606061,0.22082880937659866
gin,2035,C=CC(=O)Nc1ccc2ncnc(Nc3cc(F)c(Cl)c(Cl)c3)c2c1,10.431797981262207,8.553488612255364,0.23404664724244795,0.6268656716417911,1.8783093690068426
gin,2036,C=CC(=O)Nc1ccc2ncnc(Nc3ccc(Br)c(C)c3)c2c1,5.638272285461426,7.75443529380027,0.29838846742722847,0.6271186440677966,2.1161630083388445
gin,2037,C=CC(=O)Nc1ccc2ncnc(Nc3ccc(Br)c(OC)c3)c2c1,5.602059841156006,7.519418797003574,0.4532538640079816,0.6166666666666667,1.9173589558475683
gin,2038,C=CC(=O)Nc1ccc2ncnc(Nc3ccc(Br)cc3C)c2c1,5.6575775146484375,7.904940602104347,0.1000044808778009,0.5833333333333334,2.247363087455909
gin,2039,C=CC(=O)Nc1ccc2ncnc(Nc3ccc(Br)cc3F)c2c1,7.443697452545166,7.769169312814057,0.21767395064903017,0.6212121212121212,0.3254718602688911
gin,2040,C=CC(=O)Nc1ccc2ncnc(Nc3ccc(C(C)(C)C)cc3)c2c1,6.161780834197998,6.620921977830729,0.16437240270327863,0.6727272727272727,0.4591411436327313
gin,2041,C=CC(=O)Nc1ccc2ncnc(Nc3ccc(CC)cc3)c2c1,5.494850158691406,7.45606867241122,0.2098661713719538,0.6842105263157895,1.961218513719814
gin,2042,C=CC(=O)Nc1ccc2ncnc(Nc3ccc(CN(C)C)c(Br)c3)c2c1,6.863847255706787,8.308407762432068,0.37151998057065344,0.7142857142857143,1.4445605067252814
gin,2043,C=CC(=O)Nc1ccc2ncnc(Nc3ccc(F)c(Br)c3)c2c1,8.864893913269043,8.485790354677079,0.2763150478034128,0.7017543859649122,0.37910355859196443
gin,2045,C=CC(=O)Nc1ccc2ncnc(Nc3ccc(F)c(Cl)c3)c2c1,8.816788673400879,8.510630043608103,0.22573824753862617,0.6724137931034483,0.3061586297927761
gin,2047,C=CC(=O)Nc1ccc2ncnc(Nc3ccc(OC)cc3OC)c2c1,5.150942802429199,7.587559637570678,0.25869482732015947,0.6333333333333333,2.4366168351414785
gin,2048,C=CC(=O)Nc1ccc2ncnc(Nc3ccc(OCCN(C)C)c(Br)c3)c2c1,6.341270446777344,8.123553264503727,0.17420726345948995,0.7313432835820896,1.782282817726383
gin,2052,C=CC(=O)Nc1ccc2ncnc(Nc3ccc(S(=O)(=O)NC(=N)N)cc3)c2c1,4.27327299118042,6.898794992790922,0.1716319813689863,0.6875,2.625522001610502
gin,2055,C=CC(=O)Nc1ccc2ncnc(Nc3ccc(S(N)(=O)=O)cc3)c2c1,4.116338729858398,7.405488696359228,0.39110445297225066,0.6833333333333333,3.2891499665008297
gin,2059,C=CC(=O)Nc1ccc2ncnc(Nc3cccc(Br)c3)c2c1,8.698969841003418,8.66469513461908,0.2736370092292759,0.7192982456140351,0.034274706384337605
gin,2061,C=CC(=O)Nc1ccc2ncnc(Nc3cccc(C(F)(F)F)c3)c2c1,8.693873405456543,7.7270529478442995,0.13899990547538327,0.65,0.9668204576122434
gin,2062,C=CC(=O)Nc1ccc2ncnc(Nc3cccc(C)c3)c2c1,8.852326393127441,8.42680380957205,0.10141399335206129,0.6607142857142857,0.4255225835553915
gin,2063,C=CC(=O)Nc1ccc2ncnc(Nc3cccc(C)c3F)c2c1,5.823908805847168,8.134583638298096,0.11246948112617443,0.5901639344262295,2.3106748324509283
gin,2064,C=CC(=O)Nc1ccc2ncnc(Nc3cccc(CC)c3)c2c1,6.064651966094971,7.811714293191585,0.18664975023215666,0.6666666666666666,1.7470623270966144
gin,2065,C=CC(=O)Nc1ccc2ncnc(Nc3cccc(Cl)c3)c2c1,8.717076301574707,8.151667011588586,0.12414370256597677,0.7321428571428571,0.5654092899861212
gin,2066,C=CC(=O)Nc1ccc2ncnc(Nc3ccccc3)c2c1,9.0,7.5604351667401914,0.21342733675773853,0.8333333333333334,1.4395648332598086
gin,2067,C=CC(=O)Nc1ccc2ncnc(Nc3ccccc3CC)c2c1,5.211254119873047,7.604150080279695,0.3972025935382315,0.6379310344827587,2.3928959604066478
gin,2748,C=CC(=O)Oc1cc2c(Nc3ccc(Cl)c(Cl)c3F)ncnc2cc1OC,9.267605781555176,8.500215986648243,0.09782069757920471,0.7083333333333334,0.7673897949069328
gin,2749,C=CC(=O)Oc1cc2c(Nc3ccc(F)c(Cl)c3)ncnc2cc1OCC,7.823908805847168,8.575780157152622,0.23263091867840316,0.6857142857142857,0.7518713513054536
gin,2751,C=CC(=O)Oc1cccc(Nc2ncnc3cc(OCCOC)c(OCCOC)cc23)c1,6.808123588562012,7.163267721258322,0.21666005042132644,0.6666666666666666,0.35514413269631007
gin,2756,C=CCCCCOc1cc2c(Nc3ccc(F)c(Cl)c3)ncnc2cc1OC,7.486782550811768,7.711763826438158,0.2391793920921859,0.696969696969697,0.2249812756263907
gin,2761,C=CCCOc1cc2ncnc(Nc3ccc(Br)cc3F)c2cc1NC(=O)C=C,7.045757293701172,7.04267578461959,0.1375554732479239,0.7575757575757576,0.0030815090815821122
gin,2762,C=CCN(C)CC#CC(=O)Nc1ccc2ncnc(Nc3cccc(Br)c3)c2c1,7.148741722106934,7.493479284308435,0.13629193384683644,0.6666666666666666,0.34473756220150165
gin,2764,C=CCNC(=O)NCCOc1cc2ncnc(Nc3ccc(Br)cc3F)c2cc1NC(=O)C=C,7.721246242523193,6.712683809090443,0.2639820499277971,0.7671232876712328,1.0085624334327505
gin,2769,C=CCSSCCC(=O)OCCCOc1cc2ncnc(Nc3cccc(Br)c3)c2cc1OC,5.068070888519287,7.097784200482522,0.09657038139787277,0.5394736842105263,2.029713311963235
gin,2777,C=CNC(=O)NCCOc1cc2ncnc(Nc3ccc(Br)cc3F)c2cc1NC(=O)C=C,7.537601947784424,7.13470304635873,0.27800458692987895,0.7887323943661971,0.4028989014256936
gin,2778,C=COC(=O)N(C)/N=N/c1ccc2ncnc(Nc3cccc(Cl)c3)c2c1,6.142667293548584,6.818256428155682,0.468135852828439,0.684931506849315,0.6755891346070984
gin,2779,C=COC(=O)N(CCN(C)C)/N=N/c1ccc2ncnc(Nc3cccc(Cl)c3)c2c1,6.744727611541748,7.000751211327287,0.43072608540894447,0.573170731707317,0.25602359978553935
gin,2786,C=CS(=O)(=O)Nc1ccc2ncnc(Nc3cccc(Br)c3)c2c1,8.849858283996582,7.746104013938577,0.4059790966566711,0.5892857142857143,1.1037542700580047
gin,2789,C=CS(=O)(=O)Nc1cccc(Nc2ncnc3cc(OCCOC)c(OCCOC)cc23)c1,6.573488712310791,6.535273138792483,0.4056813290850335,0.5714285714285714,0.03821557351830762
gin,2790,C=CS(=O)(=O)Oc1cccc(Nc2ncnc3cc(OCCOC)c(OCCOC)cc23)c1,6.226213455200195,6.759691881718783,0.4489141507621516,0.5857142857142857,0.5334784265185881
gin,2841,CC#CC(=O)Nc1ccc2ncnc(Nc3cccc(Br)c3)c2c1,9.016928672790527,6.813574592333015,0.23535727303593634,0.6984126984126984,2.2033540804575127
gin,2849,CC(=O)/C=C/C(=O)Cc1ccc2ncnc(Nc3cccc(Br)c3)c2c1,8.920095443725586,6.792470904469319,0.06251339299936842,0.5757575757575758,2.127624539256267
gin,2850,CC(=O)/C=C/C(=O)Nc1ccc2ncnc(Nc3cccc(Br)c3)c2c1,7.452101707458496,6.979492706580928,0.07465565216901295,0.7413793103448276,0.4726090008775685
gin,2931,CC(=O)Nc1cc2ncnc(Nc3cccc(Br)c3)c2cc1[N+](=O)[O-],7.552842140197754,7.6922115278037495,0.26117789579757095,0.5384615384615384,0.1393693876059956
gin,2941,CC(=O)Nc1ccc2c(Nc3cccc(Br)c3)ncnc2c1,7.3939595222473145,7.880205823638846,0.4279792837370968,0.6538461538461539,0.4862463013915317
gin,2945,CC(=O)Nc1ccc2ncnc(Nc3ccc(F)c(Cl)c3)c2c1,6.578395843505859,7.906779007262799,0.3113377512724619,0.6964285714285714,1.3283831637569392
gin,2948,CC(=O)Nc1ccc2ncnc(Nc3cccc(Br)c3)c2c1,7.494850158691406,7.9167825673752645,0.2505216657436968,0.7307692307692307,0.4219324086838583
gin,2960,CC(=O)OCN(C)/N=N/c1ccc2ncnc(Nc3cccc(Cl)c3)c2c1,6.619788646697998,6.737439492487987,0.5458335950787074,0.6052631578947368,0.11765084578998852
gin,2961,CC(=O)OCOC(=O)N(C)/N=N/c1ccc2ncnc(Nc3cccc(Cl)c3)c2c1,6.200659275054932,6.3800407366667145,0.42890178960882097,0.6666666666666666,0.1793814616117828
gin,3268,CC(C)(C)OC(=O)NCC(=O)Nc1ccc2ncnc(Nc3ccc(F)c(Cl)c3)c2c1,7.7695512771606445,7.175494205819248,0.1047275905500118,0.5915492957746479,0.5940570713413962
gin,3269,CC(C)(C)OC(=O)NCC(=O)Nc1ccc2ncnc(Nc3cccc(Br)c3)c2c1,8.494850158691406,7.205254312753837,0.13536947370150823,0.7619047619047619,1.2895958459375692
gin,3335,CC(C)(O)C#Cc1ccc2ncnc(Nc3ccc(F)c(Cl)c3)c2c1,6.819587230682373,6.851626668069031,0.06960842169356284,0.7090909090909091,0.03203943738665771
gin,3390,CC(C)C[C@@H](NC(=O)OC(C)(C)C)C(=O)Nc1ccc2ncnc(Nc3ccc(F)c(Cl)c3)c2c1,6.853871822357178,6.143941393325579,0.34937576062259473,0.5256410256410257,0.7099304290315986
gin,3391,CC(C)C[C@@H](NC(=O)OC(C)(C)C)C(=O)Nc1ccc2ncnc(Nc3cccc(Br)c3)c2c1,6.838632106781006,6.10195457141856,0.2309161785074046,0.547945205479452,0.7366775353624462
gin,3406,CC(C)N(C)CC#CC(=O)Nc1ccc2ncnc(Nc3cccc(Br)c3)c2c1,7.070580959320068,8.119095212727814,0.11666322010952948,0.6857142857142857,1.0485142534077454
gin,3409,CC(C)N(CC#CC(=O)Nc1ccc2ncnc(Nc3ccc(F)c(Cl)c3)c2c1)C(C)C,8.167678833007812,8.068886281358232,0.23781139675202007,0.676056338028169,0.09879255164958067
gin,3410,CC(C)N(CC#CC(=O)Nc1ccc2ncnc(Nc3cccc(Br)c3)c2c1)C(C)C,7.013228416442871,7.991233875325037,0.39884391448806544,0.6956521739130435,0.9780054588821656
gin,3467,CC(C)OCCOc1cc2ncnc(Nc3ccc(F)c(Cl)c3)c2cc1NC(=O)/C=C/CN(C)C,8.812479019165039,8.238222518105829,0.09849354646476396,0.7195121951219512,0.5742565010592102
gin,3506,CC(C)[C@@H](NC(=O)OC(C)(C)C)C(=O)Nc1ccc2ncnc(Nc3cccc(C(F)(F)F)c3)c2c1,5.990974426269531,6.121222813750631,0.29843251734360865,0.5416666666666666,0.13024838748109957
gin,3671,CC(O)C#Cc1ccc2ncnc(Nc3ccc(F)c(Cl)c3)c2c1,7.0245680809021,7.366937501081594,0.24854849568438175,0.7090909090909091,0.34236942017949445
gin,3862,CCC(=O)Nc1cc2c(Nc3ccc(Br)cc3F)ncnc2cc1OCCNC(C)=O,6.062481880187988,7.1813095778239955,0.03951919607229137,0.6533333333333333,1.1188276976360072
gin,3867,CCC(=O)Nc1cc2c(Nc3ccc(F)c(Cl)c3)ncnc2cc1OC,8.698969841003418,8.058257545178265,0.07045764691514052,0.7352941176470589,0.6407122958251534
gin,3905,CCC(=O)Nc1ccc(Nc2ncnc3cc(OC)c(OC)cc23)cc1,5.0,5.443345016046237,0.2759971656120764,0.72,0.4433450160462371
gin,3906,CCC(=O)Nc1ccc(Nc2ncnc3cc(OC)c(OC)cc23)cc1C.Cl,5.0,6.2330745347628635,0.18335878424352914,0.6349206349206349,1.2330745347628635
gin,3916,CCC(=O)Nc1ccc2ncnc(Nc3cccc(Br)c3)c2c1,9.366531372070312,7.833490345041412,0.12565789170103195,0.7321428571428571,1.5330410270289008
gin,4003,CCCC(=O)Nc1ccc(Nc2ncnc3cc(OC)c(OC)cc23)cc1C,5.0,6.234403016938015,0.2990949844336485,0.6197183098591549,1.234403016938015
gin,4004,CCCC(=O)Nc1ccc(Nc2ncnc3cc(OC)c(OC)cc23)cc1C.Cl,5.0,6.076686867221355,0.19949258289453745,0.6338028169014085,1.0766868672213548
gin,4006,CCCC(=O)Nc1ccc2ncnc(Nc3cccc(Br)c3)c2c1,9.431797981262207,7.617509332091288,0.24919825230404224,0.7678571428571429,1.8142886491709191
gin,4018,CCCCC(=O)Nc1ccc(Nc2ncnc3cc(OC)c(OC)cc23)cc1C,5.0,6.192638199193543,0.2986658466487005,0.5945945945945946,1.192638199193543
gin,4019,CCCCC(=O)Nc1ccc(Nc2ncnc3cc(OC)c(OC)cc23)cc1C.Cl,5.0,6.0433145080580175,0.19788405239173143,0.6081081081081081,1.0433145080580175
gin,4065,CCCCCCOc1cc2c(Nc3ccc(F)c(Cl)c3)ncnc2cc1OC,6.97469425201416,7.92323760458018,0.1511613837329185,0.7419354838709677,0.9485433525660198
gin,4071,CCCCN(CC#CC(=O)Nc1ccc2ncnc(Nc3ccc(F)c(Cl)c3)c2c1)CCCC,7.678273677825928,7.067368767510089,0.10627011053347263,0.6666666666666666,0.6109049103158384
gin,4087,CCCCNC(=O)Nc1cc(Cl)c(Nc2ncnc3cc(OC)c(OC)cc23)cc1Cl.Cl,5.0,6.260182301652435,0.20491151479077338,0.5606060606060606,1.260182301652435
gin,4088,CCCCNC(=O)Nc1ccc(Nc2ncnc3cc(OC)c(OC)cc23)cc1,5.0,5.520072632467787,0.0461461888217712,0.7368421052631579,0.5200726324677873
gin,4096,CCCCOC(=O)Nc1ccc(Nc2ncnc3cc(OC)c(OC)cc23)cc1,6.096909999847412,5.229315434920636,0.11793835145851016,0.6851851851851852,0.867594564926776
gin,4097,CCCCOC(=O)Nc1ccc(Nc2ncnc3cc(OC)c(OC)cc23)cc1.Cl,6.096909999847412,5.1948659359163685,0.1488360026198689,0.6727272727272727,0.9020440639310436
gin,4098,CCCCOC(=O)Nc1ccc(Nc2ncnc3cc(OC)c(OC)cc23)cc1C,5.1191864013671875,5.593433940399706,0.1512643302893327,0.7142857142857143,0.47424753903251826
gin,4099,CCCCOC(=O)Nc1ccc(Nc2ncnc3cc(OC)c(OC)cc23)cc1C.Cl,5.1191864013671875,5.517022312814248,0.03879618959130686,0.7285714285714285,0.39783591144706065
gin,4100,CCCCOC(=O)Nc1ccc(Nc2ncnc3cc(OC)c(OC)cc23)cc1Cl,5.193819999694824,6.206064608813779,0.27017406720675463,0.704225352112676,1.0122446091189552
gin,4101,CCCCOC(=O)Nc1ccc(Nc2ncnc3cc(OC)c(OC)cc23)cc1Cl.Cl,5.193819999694824,6.121519708796264,0.18528425210935826,0.7183098591549296,0.9276997091014394
gin,4104,CCCCOc1cc2c(Nc3ccc(Br)cc3F)ncnc2cc1OCCN(CC)CC,5.0,7.121533867962064,0.26742889658146496,0.5797101449275363,2.1215338679620643
gin,4105,CCCCOc1cc2c(Nc3ccc(NC(=O)OC)c(C)c3)ncnc2cc1OCCN(CC)CC,5.0,6.0605319245801015,0.3906737239406409,0.5822784810126582,1.0605319245801015
gin,4106,CCCCOc1cc2c(Nc3ccc(NC(=O)OC)c(Cl)c3)ncnc2cc1OCCN(CC)CC,5.0,6.501551647259305,0.43572975539718756,0.575,1.501551647259305
gin,4107,CCCCOc1cc2c(Nc3ccc(NC(=O)OCC)c(C)c3)ncnc2cc1OCCN(CC)CC,5.0,6.0405189243964985,0.41371898806988466,0.6363636363636364,1.0405189243964985
gin,4108,CCCCOc1cc2c(Nc3ccc(NC(=O)OCC)c(C)c3)ncnc2cc1OCCN(CC)CC.Cl,5.0,5.943648422683623,0.31203108904776566,0.6493506493506493,0.9436484226836228
gin,4109,CCCCOc1cc2c(Nc3ccc(NC(=O)OCC)c(Cl)c3)ncnc2cc1OCCN(CC)CC,5.038578987121582,6.4934838224109726,0.47380679929008324,0.6410256410256411,1.4549048352893905
gin,4110,CCCCOc1cc2c(Nc3ccc(NC(=O)OCC)c(Cl)c3)ncnc2cc1OCCN(CC)CC.Cl,5.0087738037109375,6.395504370673706,0.40757746970983,0.6538461538461539,1.3867305669627683
gin,4111,CCCCOc1cc2ncnc(Nc3cccc(Br)c3)c2cc1OCCCC,6.978810787200928,8.02473492199212,0.24376316312584087,0.6122448979591837,1.0459241347911927
gin,4119,CCCN(C/C=C/C(=O)Nc1ccc2ncnc(Nc3cccc(Br)c3)c2c1)CCC,7.045757293701172,7.06313013893066,0.11130241028506924,0.6865671641791045,0.01737284522948812
gin,4121,CCCN(CC#CC(=O)Nc1ccc2ncnc(Nc3cccc(Br)c3)c2c1)CCC,7.207608222961426,7.436223761884548,0.1446868397340174,0.7313432835820896,0.22861553892312259
gin,4153,CCCOC(=O)Nc1ccc(Nc2ncnc3cc(OC)c(OC)cc23)cc1,5.151810646057129,5.185326771081691,0.13437430315506582,0.6792452830188679,0.033516125024561916
gin,4154,CCCOC(=O)Nc1ccc(Nc2ncnc3cc(OC)c(OC)cc23)cc1.Cl,5.151810646057129,5.150339116540437,0.1999339766836569,0.6666666666666666,0.0014715295166922715
gin,4155,CCCOC(=O)Nc1ccc(Nc2ncnc3cc(OC)c(OC)cc23)cc1C,6.045757293701172,5.519679854086377,0.03293176631907023,0.7352941176470589,0.5260774396147951
gin,4156,CCCOC(=O)Nc1ccc(Nc2ncnc3cc(OC)c(OC)cc23)cc1C.Cl,6.045757293701172,5.466490048018642,0.0764609678300144,0.75,0.5792672456825301
gin,4157,CCCOC(=O)Nc1ccc(Nc2ncnc3cc(OC)c(OC)cc23)cc1Cl,6.0,6.153659491446923,0.1706906414688381,0.7246376811594203,0.15365949144692337
gin,4158,CCCOC(=O)Nc1ccc(Nc2ncnc3cc(OC)c(OC)cc23)cc1Cl.Cl,6.0,6.080588294817311,0.15502938143316924,0.7391304347826086,0.08058829481731067
gin,4159,CCCOCCOc1cc2ncnc(Nc3ccc(F)c(Cl)c3)c2cc1NC(=O)/C=C/CN(C)C,8.545918464660645,8.3050126757243,0.04444550366906977,0.7283950617283951,0.2409057889363453
gin,4164,CCCOc1cc2ncnc(Nc3ccc(NC(=O)OCC)c(C)c3)c2cc1OC.Cl,5.408935546875,5.619431902598961,0.03475924258571129,0.7941176470588235,0.21049635572396141
gin,4165,CCCOc1cc2ncnc(Nc3ccc(NC(=O)OCC)c(Cl)c3)c2cc1OC.Cl,5.259637355804443,6.2074670575468005,0.17438791637979645,0.7971014492753623,0.9478297017423571
gin,4166,CCCOc1cc2ncnc(Nc3cccc(Br)c3)c2cc1OCCC,9.764750480651855,7.916822119563847,0.11632810727916375,0.625,1.8479283610880088
gin,4210,CCN(CC)C/C=C/C(=O)Nc1ccc2ncnc(Nc3cccc(Br)c3)c2c1,7.136677265167236,7.614055688711261,0.25107429408926385,0.696969696969697,0.4773784235440246
gin,4214,CCN(CC)CC#CC(=O)Nc1ccc2ncnc(Nc3ccc(F)c(Cl)c3)c2c1,8.338065147399902,7.901199147964775,0.028004514284491626,0.6857142857142857,0.4368659994351276
gin,4215,CCN(CC)CC#CC(=O)Nc1ccc2ncnc(Nc3cccc(Br)c3)c2c1,7.92081880569458,7.8373781765725425,0.15124425565796007,0.7313432835820896,0.08344062912203754
gin,4220,CCN(CC)CCC#CC(=O)Nc1ccc2ncnc(Nc3ccc(F)c(Cl)c3)c2c1,8.545757293701172,8.081569902341528,0.08569081401506355,0.6712328767123288,0.46418739135964415
gin,4231,CCN(CC)CCCOc1cc2c(Nc3ccc(F)c(Cl)c3)ncnc2cc1OC,7.2441253662109375,7.857923881007025,0.17064144959069383,0.7076923076923077,0.6137985147960876
gin,4251,CCN(CC)CCOc1cc2c(Nc3ccc(Br)cc3F)ncnc2cc1OC,5.040958404541016,6.879712044174688,0.21813104422451485,0.6666666666666666,1.8387536396336728
gin,4252,CCN(CC)CCOc1cc2c(Nc3ccc(F)c(Cl)c3)ncnc2cc1OC,7.031517028808594,7.574698803349378,0.10463699393693116,0.696969696969697,0.5431817745407841
gin,4253,CCN(CC)CCOc1cc2ncnc(Nc3cc(OC)c(Cl)cc3Cl)c2cc1OC,6.0,6.465135053806702,0.5247094510407002,0.5138888888888888,0.4651350538067023
gin,4254,CCN(CC)CCOc1cc2ncnc(Nc3ccc(Br)cc3F)c2cc1OC,5.0,6.885105145125614,0.22579417114020855,0.6666666666666666,1.885105145125614
gin,4255,CCN(CC)CCOc1cc2ncnc(Nc3ccc(C)c(Br)c3)c2cc1OC,5.0245680809021,7.193657876838557,0.23683550173873313,0.569620253164557,2.1690897959364577
gin,4256,CCN(CC)CCOc1cc2ncnc(Nc3ccc(F)c(Cl)c3)c2cc1OC,5.004364967346191,7.580240282163828,0.11047716245767746,0.696969696969697,2.5758753148176368
gin,4257,CCN(CC)CCOc1cc2ncnc(Nc3ccc(NC(=O)OC)c(C)c3)c2cc1OC,5.0,5.759120130287485,0.1714151190112512,0.6447368421052632,0.759120130287485
gin,4258,CCN(CC)CCOc1cc2ncnc(Nc3ccc(NC(=O)OC)c(Cl)c3)c2cc1OC,5.0,6.278694194112386,0.2028610575886632,0.6363636363636364,1.2786941941123864
gin,4293,CCN(c1ccccc1)c1ncnc2cc(OC)c(OC)cc12.Cl,5.259637355804443,6.179116375991214,0.07100891895102872,0.5172413793103449,0.9194790201867704
gin,4407,CCNC(=O)Nc1cc(Cl)c(Nc2ncnc3cc(OC)c(OC)cc23)cc1Cl.Cl,5.0,6.5156838528603345,0.23826565138111322,0.5538461538461539,1.5156838528603345
gin,4409,CCNC(=O)Nc1ccc(Nc2ncnc3cc(OC)c(OC)cc23)cc1,5.0,5.665072241827431,0.09713836392574404,0.76,0.6650722418274313
gin,4410,CCNC(=O)Nc1ccc(Nc2ncnc3cc(OCCN(CC)CC)c(OC)cc23)cc1,5.0,5.9469575891204585,0.04374947508808618,0.6229508196721312,0.9469575891204585
gin,4430,CCNc1ccc2c(Nc3cccc(Br)c3)ncnc2c1,7.920457363128662,7.92753184628026,0.15649246228744396,0.6153846153846154,0.007074483151598088
gin,4439,CCOC(=O)/C=C/C(=O)Cc1ccc2ncnc(Nc3cccc(Br)c3)c2c1,8.569925308227539,6.228618747806998,0.11332392482349808,0.5352112676056338,2.3413065604205414
gin,4441,CCOC(=O)/C=C/C(=O)Nc1ccc2ncnc(Nc3cccc(Br)c3)c2c1,7.881227970123291,6.336571852600841,0.17138304745794203,0.671875,1.5446561175224502
gin,4508,CCOC(=O)Nc1cc(Cl)c(Nc2ncnc3cc(OC)c(OC)cc23)cc1Cl.Cl,5.0,6.005857720981105,0.24572287648373262,0.6338028169014085,1.0058577209811048
gin,4509,CCOC(=O)Nc1cc(Nc2ncnc3cc(OC)c(OC)cc23)ccc1C,5.301030158996582,5.559299858668112,0.12262017227958087,0.711864406779661,0.2582696996715299
gin,4510,CCOC(=O)Nc1cc(Nc2ncnc3cc(OC)c(OC)cc23)ccc1C.Cl,5.301030158996582,5.5143696584093504,0.19380802057303068,0.7,0.21333949941276842
gin,4511,CCOC(=O)Nc1cc(Nc2ncnc3cc(OC)c(OC)cc23)ccc1Cl,6.045757293701172,5.889893640465473,0.16644811513232186,0.7049180327868853,0.1558636532356985
gin,4512,CCOC(=O)Nc1cc(Nc2ncnc3cc(OC)c(OC)cc23)ccc1Cl.Cl,6.045757293701172,5.834368154775831,0.09422508254031657,0.6935483870967742,0.21138913892534106
gin,4513,CCOC(=O)Nc1ccc(Nc2ncnc3cc(OC)c(OC)cc23)cc1,5.0,5.152613738900129,0.1765285798889039,0.7037037037037037,0.1526137389001292
gin,4514,CCOC(=O)Nc1ccc(Nc2ncnc3cc(OC)c(OC)cc23)cc1.Cl,5.0,5.1247025824690695,0.26052624595218704,0.6909090909090909,0.12470258246906951
gin,4515,CCOC(=O)Nc1ccc(Nc2ncnc3cc(OC)c(OC)cc23)cc1C,6.045757293701172,5.496976554902204,0.036523788537329176,0.7575757575757576,0.5487807387989676
gin,4516,CCOC(=O)Nc1ccc(Nc2ncnc3cc(OC)c(OC)cc23)cc1C.Cl,6.045757293701172,5.446575492489387,0.14770494913323257,0.7727272727272727,0.5991818012117847
gin,4517,CCOC(=O)Nc1ccc(Nc2ncnc3cc(OC)c(OC)cc23)cc1Cl,6.0,6.1583330940771575,0.08498171566559273,0.7611940298507462,0.15833309407715745
gin,4518,CCOC(=O)Nc1ccc(Nc2ncnc3cc(OC)c(OC)cc23)cc1Cl.Cl,6.0,6.094267222049048,0.152906389613462,0.7761194029850746,0.09426722204904792
gin,4519,CCOC(=O)Nc1ccc(Nc2ncnc3cc(OC)c(OCCN(CC)CC)cc23)cc1C,5.0,5.782345552654746,0.1692750472465731,0.7162162162162162,0.7823455526547463
gin,4520,CCOC(=O)Nc1ccc(Nc2ncnc3cc(OC)c(OCCN(CC)CC)cc23)cc1C.Cl,5.0,5.701698168596039,0.0630243908803859,0.7297297297297297,0.7016981685960388
gin,4521,CCOC(=O)Nc1ccc(Nc2ncnc3cc(OCCN(CC)CC)c(OC)cc23)cc1C,5.0,5.786134660894362,0.17483748099399457,0.7162162162162162,0.786134660894362
gin,4522,CCOC(=O)Nc1ccc(Nc2ncnc3cc(OCCN(CC)CC)c(OC)cc23)cc1C.Cl,5.0,5.705848490627261,0.06869900019624414,0.7297297297297297,0.7058484906272611
gin,4523,CCOC(=O)Nc1ccc(Nc2ncnc3cc(OCCN(CC)CC)c(OC)cc23)cc1Cl,5.0,6.294536739836407,0.22711653983996255,0.72,1.2945367398364072
gin,4524,CCOC(=O)Nc1ccc(Nc2ncnc3cc(OCCN(CC)CC)c(OC)cc23)cc1Cl.Cl,5.0,6.212339528524069,0.12671202164788029,0.7333333333333333,1.212339528524069
gin,4529,CCOC(=O)Nc1ccc(Nc2ncnc3ccccc23)cc1C,5.0,5.9168214220344595,0.029313296949130492,0.6842105263157895,0.9168214220344595
gin,4589,CCOCCOc1cc2ncnc(Nc3ccc(F)c(Cl)c3)c2cc1NC(=O)/C=C/CN(C)C,9.158336639404297,8.340465840092008,0.06221786155148711,0.7804878048780488,0.8178707993122885
gin,4590,CCOCCOc1cc2ncnc(Nc3ccc(F)c(Cl)c3)c2cc1NC(=O)/C=C/CN(CC)CC,8.82973861694336,8.24994762723577,0.0649905823089001,0.7125,0.5797909897075897
gin,4591,CCOCCOc1cc2ncnc(Nc3ccc(F)c(Cl)c3)c2cc1NC(=O)/C=C\Cl,8.826813697814941,8.225580964190158,0.1190088389751555,0.6666666666666666,0.6012327336247836
gin,4794,CCOc1cc2ncnc(Nc3cc(F)cc(C(F)(F)F)c3)c2cc1OCC.Cl,7.301030158996582,7.588783926413782,0.18791000867868657,0.5,0.2877537674172004
gin,4807,CCOc1cc2ncnc(Nc3ccc(F)c(Cl)c3)c2cc1NC(=O)CCN(C)C,9.568635940551758,8.505522438584876,0.23297266071349265,0.7361111111111112,1.0631135019668818
gin,4810,CCOc1cc2ncnc(Nc3ccc(F)c(Cl)c3)c2cc1NC(=O)CO,8.51857852935791,8.16038103889369,0.13331237450029415,0.7611940298507462,0.3581974904642209
gin,4813,CCOc1cc2ncnc(Nc3ccc(F)c(Cl)c3)c2cc1NC(=O)COC(C)=O,8.376258850097656,7.95005067337101,0.18742733368480088,0.8088235294117647,0.42620817672664657
gin,4815,CCOc1cc2ncnc(Nc3ccc(F)c(Cl)c3)c2cc1OC(=O)CCl,8.607691764831543,8.315348314183098,0.01971697249726342,0.7575757575757576,0.29234345064844547
gin,4825,CCOc1cc2ncnc(Nc3ccc(F)cc3)c2cc1OCC.Cl,7.636387825012207,6.778601335831507,0.09741876151515787,0.5849056603773585,0.8577864891807003
gin,4878,CCOc1cc2ncnc(Nc3cccc(Br)c3)c2cc1OCC,11.221848487854004,8.224039657696807,0.1879873218261933,0.6862745098039216,2.9978088301571972
gin,4879,CCOc1cc2ncnc(Nc3cccc(Br)c3)c2cc1OCC.Cl,8.494850158691406,8.040707376043628,0.18616266589303812,0.6730769230769231,0.45414278264777863
gin,4880,CCOc1cc2ncnc(Nc3cccc(Cl)c3)c2cc1OCC.Cl,8.920818328857422,7.658975572250313,0.13243756427982364,0.6730769230769231,1.261842756607109
gin,4881,CCOc1cc2ncnc(Nc3cccc(F)c3)c2cc1OCC.Cl,8.087778091430664,7.6748454020899715,0.024830621192127936,0.6730769230769231,0.4129326893406926
gin,4882,CCOc1cc2ncnc(Nc3cccc(I)c3)c2cc1OCC.Cl,8.337242126464844,7.948013878549887,0.04799228224627134,0.6730769230769231,0.38922824791495714
gin,4885,CCOc1cc2ncnc(Nc3ccccc3F)c2cc1OCC.Cl,7.801342964172363,7.277317714474307,0.23329050022797218,0.5357142857142857,0.524025249698056
gin,5069,CC[C@H](C)[C@@H](NC(=O)OC(C)(C)C)C(=O)Nc1ccc2ncnc(Nc3cccc(Br)c3)c2c1,7.255706787109375,6.082613401166519,0.1915585987969031,0.5526315789473685,1.173093385942856
gin,5170,CN(/N=N/c1ccc2ncnc(Nc3cccc(Cl)c3)c2c1)C(=O)OCCCl,6.301030158996582,6.696949543376913,0.3063431282742955,0.6756756756756757,0.39591938438033125
gin,5171,CN(/N=N/c1ccc2ncnc(Nc3cccc(Cl)c3)c2c1)C(=O)OCCl,6.408935546875,6.426174920978127,0.46772434372456145,0.6944444444444444,0.017239374103127147
gin,5173,CN(/N=N\c1ccc2ncnc(Nc3cccc(Cl)c3)c2c1)C(=O)OCCl,9.408935546875,7.111143345125974,0.32714799871412115,0.6944444444444444,2.2977922017490258
gin,5175,CN(C(=O)N(CCCl)N=O)c1ccc2ncnc(Nc3cccc(Br)c3)c2c1,6.531652450561523,6.9674428744114,0.33943893957718907,0.5,0.4357904238498769
gin,5176,CN(C(=O)N(CCCl)N=O)c1ccc2ncnc(Nc3cccc(Cl)c3)c2c1,6.690369606018066,6.873446987505645,0.3941963362737676,0.5263157894736842,0.18307738148757835
gin,5177,CN(C(=O)NCCCl)c1ccc2ncnc(Nc3cccc(Cl)c3)c2c1,7.091515064239502,6.6880478548331235,0.1660510279356141,0.5135135135135135,0.4034672094063785
gin,5184,CN(C)/C=C/C(=O)Nc1ccc2ncnc(Nc3cccc(Br)c3)c2c1,6.602059841156006,7.024754045678652,0.22333987519484869,0.7166666666666667,0.42269420452264583
gin,5186,CN(C)/N=N/c1ccc2ncnc(N(C)c3ccccc3)c2c1,4.874518871307373,5.326906973710095,0.46687851748510883,0.48333333333333334,0.45238810240272187
gin,5188,CN(C)/N=N/c1ccc2ncnc(Nc3cccc(Br)c3)c2c1,7.958607196807861,7.504257112806201,0.2652827640856458,0.5576923076923077,0.45435008400166055
gin,5189,CN(C)/N=N/c1ccc2ncnc(Nc3cccc(Cl)c3)c2c1,7.853871822357178,7.118467076565249,0.31059955180334814,0.6176470588235294,0.7354047457919286
gin,5343,CN(C)C/C=C/C(=O)Nc1ccc2ncnc(Nc3cc(Cl)c(Cl)cc3F)c2c1,8.198969841003418,7.398014690180332,0.17973046182147856,0.5694444444444444,0.8009551508230857
gin,5344,CN(C)C/C=C/C(=O)Nc1ccc2ncnc(Nc3ccc(Br)cc3F)c2c1,7.076213836669922,7.249325696108571,0.3358285459617161,0.5416666666666666,0.1731118594386487
gin,5347,CN(C)C/C=C/C(=O)Nc1ccc2ncnc(Nc3cccc(Br)c3)c2c1,8.0,7.593967377902686,0.11528500911598204,0.7301587301587301,0.40603262209731383
gin,5348,CN(C)C/C=C/C(=O)Nc1ccc2ncnc(Nc3cccc(I)c3)c2c1,8.301030158996582,7.775312333548641,0.16718476332286686,0.5857142857142857,0.5257178254479413
gin,5381,CN(C)CC#CC(=O)Nc1ccc2ncnc(Nc3cccc(Br)c3)c2c1,8.221848487854004,8.113290814740708,0.03710041427303388,0.7272727272727273,0.108557673113296
gin,5389,CN(C)CC/N=N/Nc1ccc2ncnc(Nc3cccc(Br)c3)c2c1,7.4202165603637695,7.693229539409003,0.02503247172412384,0.7241379310344828,0.2730129790452338
gin,5390,CN(C)CCC(=O)N(C)c1ccc2ncnc(Nc3cccc(Br)c3)c2c1,7.759450912475586,7.238547467516412,0.26823983417350644,0.5373134328358209,0.5209034449591741
gin,5391,CN(C)CCC(=O)Nc1ccc2ncnc(Nc3cccc(Br)c3)c2c1,7.741971969604492,8.290611620980144,0.3849256660187557,0.7049180327868853,0.5486396513756517
gin,5398,CN(C)CCCC(=O)Nc1ccc2ncnc(Nc3cccc(Br)c3)c2c1,9.0,8.011488110994094,0.23651121600547836,0.6923076923076923,0.9885118890059061
gin,5416,CN(C)CCCNC(=O)/C=C/C(=O)Cc1ccc2ncnc(Nc3cccc(Br)c3)c2c1,9.360015869140625,7.093795402273457,0.20660170877265877,0.573170731707317,2.2662204668671677
gin,5419,CN(C)CCCNC(=O)/C=C/C(=O)Nc1ccc2ncnc(Nc3cccc(Br)c3)c2c1,7.229147911071777,7.325612379930675,0.21434618175223316,0.6323529411764706,0.09646446885889759
gin,5426,CN(C)CCCOC(=O)/C=C/C(=O)Cc1ccc2ncnc(Nc3cccc(Br)c3)c2c1,8.619969367980957,6.798491901772391,0.28912946407663564,0.5064935064935064,1.8214774662085658
gin,5427,CN(C)CCCOC(=O)/C=C/C(=O)Nc1ccc2ncnc(Nc3cccc(Br)c3)c2c1,6.966576099395752,6.930916771193889,0.3471779711401027,0.6081081081081081,0.035659328201862905
gin,5441,CN(C)CCN/N=N/c1ccc2ncnc(Nc3cccc(Cl)c3)c2c1,7.431798458099365,6.758883205215671,0.17375093919074702,0.734375,0.6729152528836941
gin,5522,CN(C)S(=O)(=O)c1ccc(Nc2nc(Cl)nc3ccccc23)cc1,4.0,5.010697514137803,0.16310788089169256,0.47368421052631576,1.010697514137803
gin,5533,CN(C)c1cc2ncnc(Nc3cccc(Br)c3)c2cc1N,6.794302940368652,8.249113573316862,0.23987989119245307,0.6122448979591837,1.4548106329482096
gin,5534,CN(C)c1cc2ncnc(Nc3cccc(Br)c3)c2cc1[N+](=O)[O-],5.698969841003418,7.626533489707441,0.18699604463929706,0.5555555555555556,1.927563648704023
gin,5555,CN(C)c1ccc2c(Nc3cccc(Br)c3)ncnc2c1,7.9543070793151855,7.738197005602672,0.24566975139243516,0.6170212765957447,0.2161100737125139
gin,5558,CN(C)c1ccc2ncnc(Nc3cccc(Br)c3)c2c1,7.07572078704834,7.735767118040258,0.04270934518968874,0.6415094339622641,0.6600463309919178
gin,5580,CN(C/C=C/C(=O)Nc1ccc2ncnc(Nc3cccc(Br)c3)c2c1)CCO,7.853871822357178,7.681388860155778,0.19004426097808716,0.6666666666666666,0.17248296220139991
gin,5593,CN(CCCl)C(=O)Nc1ccc2ncnc(Nc3cccc(Br)c3)c2c1,6.806875228881836,7.056944615311345,0.21150667477680796,0.639344262295082,0.2500693864295087
gin,5594,CN(CCCl)C(=O)Nc1ccc2ncnc(Nc3cccc(Cl)c3)c2c1,7.091515064239502,6.8235666586623545,0.1905770001244427,0.6190476190476191,0.2679484055771475
gin,5595,CN(CCCl)CCN/N=N/c1ccc2ncnc(Nc3cccc(Cl)c3)c2c1,8.356547355651855,6.905780301529916,0.04467102276648813,0.7692307692307693,1.4507670541219397
gin,5596,CN(CCCl)c1ccc2ncnc(Nc3cccc(Br)c3)c2c1,6.297569274902344,7.953941991438995,0.23776691841454833,0.5517241379310345,1.6563727165366515
gin,5606,CN(CCO)c1ccc2ncnc(Nc3cccc(Br)c3)c2c1,6.838632106781006,7.891408952476553,0.3598379143417466,0.5517241379310345,1.052776845695547
gin,5634,CN(c1ccccc1)c1ncnc2ccc(Cl)cc12,4.698969841003418,5.552464446007974,0.08989669422227164,0.5,0.8534946050045562
gin,5635,CN(c1ccccc1)c1ncnc2ccc(N)cc12,5.07572078704834,5.423647654616133,0.49118983611689476,0.5,0.3479268675677929
gin,5637,CN(c1ccccc1)c1ncnc2ccccc12,4.150515079498291,5.20111931125804,0.6216565979387905,0.5,1.050604231759749
gin,5916,CNC(=O)[C@@H](C)N(C)Cc1cc2c(Nc3cccc(Cl)c3F)ncnc2cc1OC,7.610924243927002,7.101690457789367,0.20132375474269767,0.654320987654321,0.509233786137635
gin,5958,CNC(=S)Nc1ccc2ncnc(Nc3cccc(Br)c3)c2c1,8.040958404541016,7.737204457147726,0.0711379055476664,0.8163265306122449,0.30375394739328954
gin,5965,CNCC(O)COc1cc2c(Nc3ccc(F)c(Cl)c3)ncnc2cc1OC,8.301030158996582,7.7996655076975685,0.07598980368135366,0.7352941176470589,0.5013646512990135
gin,5966,CNCCOc1cc2c(Nc3ccc(F)c(Cl)c3)ncnc2cc1OC,8.09691047668457,7.68009795559621,0.05853211921414214,0.7258064516129032,0.4168125210883602
gin,5975,CNS(=O)(=O)c1ccc(Nc2nc(Cl)nc3cc(OC)c(OC)cc23)cc1,5.787812232971191,4.667851598871096,0.22340575782556255,0.6896551724137931,1.1199606341000958
gin,5988,CNc1cc2ncnc(Nc3cccc(Br)c3)c2cc1N,9.160585403442383,8.803607965084552,0.1176078624247527,0.625,0.3569774383578306
gin,5989,CNc1cc2ncnc(Nc3cccc(Br)c3)c2cc1[N+](=O)[O-],7.163755416870117,7.955361754971335,0.08416839048356713,0.5660377358490566,0.7916063381012179
gin,5995,CNc1ccc2c(Nc3cccc(Br)c3)ncnc2c1,8.154901504516602,8.344007990067439,0.3383911526897382,0.6444444444444445,0.18910648555083753
gin,5998,CNc1ccc2ncnc(Nc3cccc(Br)c3)c2c1,8.345504760742188,8.331365178712247,0.1608274182723132,0.6875,0.014139582029940811
gin,6000,CNc1ccc2ncnc(Nc3cccc(C)c3)c2c1,7.958607196807861,8.255733906662499,0.2963356585561607,0.6,0.29712670985463774
gin,6001,CNc1ccc2ncnc(Nc3cccc(Cl)c3)c2c1,8.397939682006836,7.890028855445479,0.050122839463126484,0.673469387755102,0.507910826561357
gin,6102,COC(=O)Nc1cc(Nc2ncnc3cc(OC)c(OC)cc23)ccc1C,5.142667293548584,5.4269748967460885,0.21114272256573913,0.7636363636363637,0.2843076031975045
gin,6103,COC(=O)Nc1cc(Nc2ncnc3cc(OC)c(OC)cc23)ccc1C.Cl,5.142667293548584,5.385702988149461,0.25778992690974,0.75,0.24303569460087715
gin,6104,COC(=O)Nc1cc(Nc2ncnc3cc(OC)c(OC)cc23)ccc1Cl.Cl,5.0,5.7066503369475186,0.018575106644633438,0.7543859649122807,0.7066503369475186
gin,6105,COC(=O)Nc1ccc(Nc2ncnc3cc(OC)c(OC)cc23)cc1,5.161150932312012,5.006650559350874,0.1444615058052182,0.7659574468085106,0.15450037296113805
gin,6106,COC(=O)Nc1ccc(Nc2ncnc3cc(OC)c(OC)cc23)cc1C,5.397940158843994,5.379144983794646,0.0888423531456112,0.6470588235294118,0.018795175049348245
gin,6107,COC(=O)Nc1ccc(Nc2ncnc3cc(OC)c(OC)cc23)cc1C.Cl,5.397940158843994,5.324272752225454,0.16700256504995775,0.6617647058823529,0.0736674066185401
gin,6108,COC(=O)Nc1ccc(Nc2ncnc3cc(OC)c(OC)cc23)cc1Cl,5.211124897003174,6.072538917178321,0.014185798846767388,0.6610169491525424,0.8614140201751468
gin,6109,COC(=O)Nc1ccc(Nc2ncnc3cc(OC)c(OC)cc23)cc1Cl.Cl,5.211124897003174,5.996346784234774,0.13579514425938485,0.6521739130434783,0.7852218872316001
gin,6111,COC(=O)Nc1ccc2ncnc(Nc3cccc(Br)c3)c2c1,7.920457363128662,6.987103745089485,0.037389991334083036,0.7037037037037037,0.9333536180391775
gin,6180,COC/C=C/C(=O)Nc1ccc2ncnc(Nc3cccc(Br)c3)c2c1,5.94615364074707,7.3000979175164815,0.11004502931276133,0.71875,1.3539442767694112
gin,6227,COCC#CC(=O)Nc1ccc2ncnc(Nc3cccc(Br)c3)c2c1,8.045757293701172,7.963060714222792,0.24842148567250105,0.7014925373134329,0.08269657947838027
gin,6231,COCC(=O)Nc1ccc2ncnc(Nc3cc(Cl)c(Cl)cc3F)c2c1,5.799299716949463,7.20243613358285,0.18869259179567555,0.5072463768115942,1.4031364166333873
gin,6232,COCC(=O)Nc1ccc2ncnc(Nc3cccc(Br)c3)c2c1,4.886056423187256,7.733315711115125,0.2792093398916059,0.7857142857142857,2.8472592879278693
gin,6233,COCC(=O)Nc1ccc2ncnc(Nc3cccc(I)c3)c2c1,5.301030158996582,7.7057493503164665,0.31074014900474495,0.6129032258064516,2.4047191913198844
gin,6240,COCC/N=N/Nc1ccc2ncnc(Nc3cccc(Br)c3)c2c1,7.148741722106934,7.407932487201805,0.16015494621116888,0.7241379310344828,0.25919076509487127
gin,6254,COCCCOc1cc2ncnc(Nc3ccc(F)c(Cl)c3)c2cc1NC(=O)/C=C/CN(C)C,9.117762565612793,8.482301874506675,0.09175450814964858,0.782051282051282,0.6354606911061182
gin,6258,COCCN(C)C/C=C/C(=O)Nc1ccc2ncnc(Nc3cccc(Br)c3)c2c1,7.207608222961426,7.492602406000373,0.06563665736401088,0.6438356164383562,0.28499418303894686
gin,6263,COCCN(CCOC)CCOc1cc2c(Nc3ccc(F)c(Cl)c3)ncnc2cc1OC,7.214670181274414,7.052389169128865,0.10844124266900768,0.6923076923076923,0.1622810121455487
gin,6265,COCCN(Cc1cc2c(Nc3cccc(Cl)c3F)ncnc2cc1OC)[C@@H](C)C(N)=O,7.629818439483643,7.142031703960221,0.2709734972450392,0.6470588235294118,0.48778673552342156
gin,6283,COCCNCCOc1cc2c(Nc3ccc(F)c(Cl)c3)ncnc2cc1OC,8.09691047668457,7.78268544449503,0.186920467441778,0.703125,0.31422503218954034
gin,6287,COCCOCC#CC(=O)Nc1ccc2ncnc(Nc3cccc(Br)c3)c2c1,7.187086582183838,8.015037805606653,0.27703137260380745,0.6527777777777778,0.827951223422815
gin,6297,COCCOc1cc2c(Nc3ccc(F)c(Cl)c3)ncnc2cc1OCCCCCCC(=O)NO,7.0,8.142371932911914,0.240507587232942,0.7567567567567568,1.1423719329119137
gin,6305,COCCOc1cc2ncnc(Nc3cc(Br)cc(OS(C)(=O)=O)c3)c2cc1OCCOC,7.62950325012207,7.1316552773069475,0.7862798213218867,0.5217391304347826,0.49784797281512283
gin,6306,COCCOc1cc2ncnc(Nc3cc(C=O)cc(C=O)c3)c2cc1OCCOC,5.855425834655762,6.935405126547813,0.5979158396704632,0.5396825396825397,1.0799792918920517
gin,6307,COCCOc1cc2ncnc(Nc3cc(Cl)cc(C=O)c3)c2cc1OCCOC,6.730020523071289,7.229645817374539,0.21163912324355533,0.5,0.4996252943032502
gin,6308,COCCOc1cc2ncnc(Nc3cc(Cl)cc(OS(=O)(=O)F)c3)c2cc1OCCOC,7.265200138092041,6.926393814819498,0.225223049744061,0.5362318840579711,0.3388063232725429
gin,6309,COCCOc1cc2ncnc(Nc3cc(OC)c(OC)c(OC)c3)c2cc1OCCOC,5.619788646697998,6.448096642909782,0.30105540330125674,0.5538461538461539,0.8283079962117839
gin,6310,COCCOc1cc2ncnc(Nc3ccc(B(O)O)cc3)c2cc1OC,6.0,5.551800375049822,0.3287776126561157,0.578125,0.4481996249501776
gin,6311,COCCOc1cc2ncnc(Nc3ccc(B(O)O)cc3)c2cc1OCCOC,6.0,5.6292347725059955,0.2871915105704171,0.6065573770491803,0.37076522749400453
gin,6312,COCCOc1cc2ncnc(Nc3ccc(Br)cc3F)c2cc1NC(=O)/C=C/CN(C)C,8.522878646850586,7.738741934166171,0.21718704452994284,0.6506024096385542,0.7841367126844148
gin,6315,COCCOc1cc2ncnc(Nc3ccc(C(F)F)c(C=O)c3)c2cc1OCCOC,6.251811981201172,6.75294275727353,0.17968825670533545,0.5362318840579711,0.5011307760723582
gin,6317,COCCOc1cc2ncnc(Nc3ccc(C)c(C=O)c3)c2cc1OCCOC,6.91399621963501,6.460208905879864,0.2914792201480229,0.5571428571428572,0.4537873137551456
gin,6319,COCCOc1cc2ncnc(Nc3ccc(C=O)c(O)c3)c2cc1OCCOC,7.436519145965576,6.437104571009016,0.3762332356609158,0.5692307692307692,0.9994145749565604
gin,6320,COCCOc1cc2ncnc(Nc3ccc(Cl)c(C(F)(F)F)c3)c2cc1NC(=O)/C=C/CN(C)C,6.241390705108643,7.8050347744539295,0.10904270131452538,0.7176470588235294,1.5636440693452869
gin,6323,COCCOc1cc2ncnc(Nc3ccc(Cl)cc3F)c2cc1OC,7.0,6.503833133738429,0.10740339566234165,0.7377049180327869,0.4961668662615706
gin,6325,COCCOc1cc2ncnc(Nc3ccc(F)c(C#N)c3)c2cc1NC(=O)/C=C/CN(C)C,6.0,7.651767786022816,0.22866162393971867,0.7176470588235294,1.6517677860228162
gin,6327,COCCOc1cc2ncnc(Nc3ccc(F)c(Cl)c3)c2cc1NC(=O)/C=C/CN(C)C,8.920818328857422,8.312876531022084,0.09448944844961625,0.84,0.6079417978353376
gin,6336,COCCOc1cc2ncnc(Nc3ccc(F)c(Cl)c3)c2cc1NC(=O)CCCC(=O)NO,7.0,8.09921775166444,0.10296818702608924,0.6341463414634146,1.0992177516644404
gin,6337,COCCOc1cc2ncnc(Nc3ccc(F)c(Cl)c3)c2cc1NC(=O)CCCCC(=O)NO,7.0,8.072163025860135,0.16100452635971227,0.6419753086419753,1.0721630258601351
gin,6338,COCCOc1cc2ncnc(Nc3ccc(F)c(Cl)c3)c2cc1NC(=O)CCCCCCC(=O)NO,7.0,7.967652797620417,0.26007195199846916,0.654320987654321,0.967652797620417
gin,6339,COCCOc1cc2ncnc(Nc3ccc(F)c(Cl)c3)c2cc1OCCCCCCC(=O)NO,7.491483211517334,8.142259306340236,0.24125478700016992,0.7567567567567568,0.650776094822902
gin,6340,COCCOc1cc2ncnc(Nc3ccc(F)c(OS(=O)(=O)F)c3)c2cc1OCCOC,7.013228416442871,6.776045997243205,0.30683596502540256,0.5757575757575758,0.23718241919966587
gin,6343,COCCOc1cc2ncnc(Nc3ccc(NC(=O)/C=C/CN(C)C)c(C(F)(F)F)c3)c2cc1NC(=O)/C=C/CN(C)C,6.990124225616455,7.8534439097740005,0.12006686225511289,0.6746987951807228,0.8633196841575455
gin,6348,COCCOc1cc2ncnc(Nc3ccc(O)c(C=O)c3)c2cc1OCCOC,6.714442729949951,6.474132321150137,0.31550790427956316,0.5606060606060606,0.24031040879981447
gin,6355,COCCOc1cc2ncnc(Nc3ccc(OS(=O)(=O)F)cc3)c2cc1OCCOC,5.903090000152588,6.267495289485571,0.28445205053606504,0.6451612903225806,0.364405289332983
gin,6360,COCCOc1cc2ncnc(Nc3cccc(B(O)O)c3)c2cc1OC,6.0,6.155938413035206,0.5241763260804886,0.5789473684210527,0.15593841303520595
gin,6361,COCCOc1cc2ncnc(Nc3cccc(B(O)O)c3)c2cc1OCCOC,6.0,6.244098324861103,0.506641078565768,0.6,0.2440983248611026
gin,6364,COCCOc1cc2ncnc(Nc3cccc(C=O)c3)c2cc1OCCOC,7.458420753479004,6.7016129043051365,0.4901618936944927,0.6,0.7568078491738675
gin,6367,COCCOc1cc2ncnc(Nc3cccc(O)c3)c2cc1OCCOC,7.812479496002197,7.280851691092849,0.31054921869802116,0.6290322580645161,0.5316278049093484
gin,6369,COCCOc1cc2ncnc(Nc3cccc(OS(=O)(=O)F)c3)c2cc1OCCOC,9.602060317993164,6.8854038602435095,0.23123136202448435,0.6461538461538462,2.7166564577496546
gin,6370,COCCOc1cc2ncnc(Nc3cccc(S(=O)(=O)F)c3)c2cc1OCCOC,7.267439365386963,7.062477913624363,0.27204174983095386,0.625,0.20496145176259972
gin,6397,COCC[C@@H](C(N)=O)N(C)Cc1cc2c(Nc3cccc(Cl)c3F)ncnc2cc1OC,7.650515079498291,7.20275402286731,0.2603377591118255,0.6666666666666666,0.44776105663098065
gin,6413,COCOCC#CC(=O)Nc1ccc2ncnc(Nc3cccc(Br)c3)c2c1,7.229147911071777,7.85487064638005,0.2259703323273277,0.6619718309859155,0.6257227353082726
gin,6424,COC[C@@H](C(N)=O)N(C)Cc1cc2c(Nc3cccc(Cl)c3F)ncnc2cc1OC,7.489405155181885,7.399892718972794,0.24624355452540878,0.6626506024096386,0.0895124362090911
gin,6426,COC[C@@H](C)Oc1cc2ncnc(Nc3ccc(F)c(Cl)c3)c2cc1NC(=O)/C=C/CN(C)C,9.024574279785156,8.14705852432084,0.14938047619620767,0.691358024691358,0.8775157554643158
gin,6442,COC[C@H](C)Oc1cc2ncnc(Nc3ccc(F)c(Cl)c3)c2cc1NC(=O)/C=C/CN(C)C,8.563837051391602,8.369935135559103,0.0136345077434001,0.691358024691358,0.19390191583249816
gin,7139,COc1cc(Nc2ncnc3c(C)cc(C)cc23)cc(OC)c1OC.Cl,4.698969841003418,6.486907706640324,0.152357860912439,0.47368421052631576,1.7879378656369056
gin,7140,COc1cc(Nc2ncnc3c(OC)c(OC)c(OC)cc23)cc(OC)c1OC.Cl,4.698969841003418,6.273928166105058,0.10452465090719051,0.48936170212765956,1.5749583251016404
gin,7147,COc1cc(Nc2ncnc3cc(OC)c(OC)cc23)c(Cl)cc1Cl,7.212752342224121,6.3342969399941,0.39805440849294926,0.5490196078431373,0.8784554022300215
gin,7148,COc1cc(Nc2ncnc3cc(OC)c(OC)cc23)cc(OC)c1.Cl,5.522878646850586,6.2320952751574055,0.5173295402538863,0.625,0.7092166283068195
gin,7155,COc1cc(Nc2ncnc3ccc(C(F)(F)F)cc23)cc(OC)c1OC,4.301030158996582,6.941267302452019,0.16152378957771643,0.4915254237288136,2.640237143455437
gin,7156,COc1cc(Nc2ncnc3ccc(Cl)cc23)cc(OC)c1OC.Cl,6.0,6.438116559764744,0.06407161682428354,0.5925925925925926,0.43811655976474384
gin,7167,COc1cc(OC(C)C)c2c(Nc3ccc(F)c(Cl)c3)ncnc2c1,5.093234062194824,7.141420938435417,0.22319901424387995,0.6666666666666666,2.0481868762405924
gin,7207,COc1cc2c(N(C)c3ccccc3)ncnc2c(OC)c1OC.Cl,4.698969841003418,5.908890822418442,0.38494383146094757,0.4827586206896552,1.2099209814150242
gin,7636,COc1cc2c(Nc3ccc(F)c(Cl)c3)ncnc2cc1OCCCCCCC(=O)NO,8.154901504516602,8.129737466382636,0.18401819181234616,0.7534246575342466,0.025164038133965505
gin,7762,COc1cc2c(Nc3cccc(Br)c3)ncnc2c(OC)c1OC,5.0,6.985084990238768,0.06499150056880452,0.6181818181818182,1.985084990238768
gin,7963,COc1cc2nc(C)nc(Nc3cccc(Br)c3)c2cc1OC,5.0,7.525498199157372,0.6727438963583711,0.55,2.525498199157372
gin,7967,COc1cc2nc(Cl)nc(N(C)c3ccccc3)c2cc1OC,4.301030158996582,5.97433825075048,0.5317556249424548,0.47368421052631576,1.6733080917538983
gin,7968,COc1cc2nc(Cl)nc(Nc3cc(OC)c(OC)c(OC)c3)c2cc1OC.Cl,4.698969841003418,5.478420891401186,0.3012694290205985,0.4918032786885246,0.7794510503977676
gin,7969,COc1cc2nc(Cl)nc(Nc3ccc(C(=O)O)cc3)c2cc1OC,4.0,4.503792149918695,0.3429732053325447,0.5483870967741935,0.503792149918695
gin,7970,COc1cc2nc(Cl)nc(Nc3ccc(C(N)=O)cc3)c2cc1OC,6.045757293701172,4.545316346608388,0.35807158632192054,0.5396825396825397,1.500440947092784
gin,7971,COc1cc2nc(Cl)nc(Nc3ccc(N(C)C)cc3)c2cc1OC,4.443697452545166,4.9831831941884275,0.39903254962784174,0.64,0.5394857416432615
gin,7972,COc1cc2nc(Cl)nc(Nc3ccc(NC(C)=O)cc3)c2cc1OC,4.424812316894531,4.5824043538229375,0.2626473717038267,0.5483870967741935,0.1575920369284063
gin,7973,COc1cc2nc(Cl)nc(Nc3ccc(O)cc3)c2cc1OC,5.3665313720703125,4.863458204943356,0.194261319729199,0.559322033898305,0.5030731671269564
gin,7974,COc1cc2nc(Cl)nc(Nc3ccc(S(=O)(=O)N(C)C)cc3)c2cc1OC,4.172630786895752,4.789104319978321,0.21934941257626808,0.6229508196721312,0.6164735330825692
gin,7976,COc1cc2nc(Cl)nc(Nc3ccc(S(=O)(=O)O)cc3)c2cc1OC,4.0,5.1979535215048145,0.3620756102702459,0.6440677966101694,1.1979535215048145
gin,7977,COc1cc2nc(Cl)nc(Nc3ccc(S(C)(=O)=O)cc3)c2cc1OC,4.211124897003174,4.78926435773559,0.29827424870999153,0.6551724137931034,0.578139460732416
gin,7978,COc1cc2nc(Cl)nc(Nc3ccc(S(N)(=O)=O)cc3)c2cc1OC,5.625251770019531,4.696814431992777,0.23752311453732994,0.6440677966101694,0.9284373380267539
gin,7980,COc1cc2nc(N)nc(Nc3cccc(Br)c3)c2cc1OC,6.334418773651123,5.657674925170255,0.13075487156954624,0.5666666666666667,0.6767438484808679
gin,8082,COc1cc2ncnc(N(C)c3ccc(Br)cc3F)c2cc1OC,5.0,6.050350296563707,0.5142786564415214,0.4909090909090909,1.0503502965637068
gin,8083,COc1cc2ncnc(N(C)c3ccc(C)cc3)c2cc1OC.Cl,5.397940158843994,5.288084728770173,0.47527993581211303,0.6153846153846154,0.10985543007382148
gin,8084,COc1cc2ncnc(N(C)c3ccc(Cl)cc3)c2cc1OC.Cl,5.522878646850586,5.445538447822287,0.5415706755943057,0.6140350877192983,0.07734019902829914
gin,8085,COc1cc2ncnc(N(C)c3ccc(F)c(Cl)c3)c2cc1OC,5.0,5.674807595805618,0.6125240042944077,0.7142857142857143,0.6748075958056177
gin,8088,COc1cc2ncnc(N(C)c3cccc(Br)c3)c2cc1OC,5.909078121185303,5.602452225201731,0.6420479321029231,0.6181818181818182,0.30662589598357215
gin,8089,COc1cc2ncnc(N(C)c3cccc(C(F)(F)F)c3)c2cc1OC.Cl,4.522878646850586,5.691268250751307,0.1443288725811648,0.576271186440678,1.1683896039007209
gin,8090,COc1cc2ncnc(N(C)c3cccc(C)c3)c2cc1OC.Cl,4.92081880569458,5.03781731243734,0.49934325988138406,0.6181818181818182,0.11699850674276036
gin,8091,COc1cc2ncnc(N(C)c3cccc(Cl)c3)c2cc1OC.Cl,7.0,5.25911155035061,0.5481604762682006,0.6071428571428571,1.7408884496493897
gin,8093,COc1cc2ncnc(N(C)c3ccccc3)c2cc1OC.Cl,5.397940158843994,5.270997726051974,0.3823129372233732,0.6938775510204082,0.12694243279202055
gin,8140,COc1cc2ncnc(Nc3cc(Br)cc(Br)c3)c2cc1OC,6.946921348571777,7.379722388813619,0.49700299876579296,0.6470588235294118,0.4328010402418414
gin,8142,COc1cc2ncnc(Nc3cc(Cl)c(Cl)cc3F)c2cc1OC,8.991483688354492,7.107464570059818,0.13100282613237535,0.639344262295082,1.884019118294674
gin,8143,COc1cc2ncnc(Nc3cc(Cl)c(F)cc3O)c2cc1O,6.970612525939941,7.974127010778034,0.3002387337810393,0.5161290322580645,1.0035144848380924
gin,8149,COc1cc2ncnc(Nc3cc(F)cc(C(F)(F)F)c3)c2cc1OC.Cl,7.698969841003418,7.179720017089011,0.2046635547252138,0.5333333333333333,0.5192498239144072
gin,8156,COc1cc2ncnc(Nc3cc(OC)c(OC)c(OC)c3)c2cc1OC,5.267606258392334,6.243578080692753,0.1853415704435452,0.6086956521739131,0.9759718223004192
gin,8157,COc1cc2ncnc(Nc3cc(OC)c(OC)c(OC)c3)c2cc1OC.Cl,6.301030158996582,6.155909500856893,0.11119511158290821,0.6041666666666666,0.14512065813968889
gin,8175,COc1cc2ncnc(Nc3ccc(B(O)O)cc3)c2cc1OC,6.0,5.534129091626738,0.28305952305832455,0.64,0.4658709083732617
gin,8176,COc1cc2ncnc(Nc3ccc(Br)c(Br)c3)c2cc1OC,10.142667770385742,7.184807017250989,0.16819858825755,0.6326530612244898,2.957860753134753
gin,8177,COc1cc2ncnc(Nc3ccc(Br)cc3)c2cc1OC,9.017728805541992,5.907567210142233,0.11174860456604838,0.68,3.1101615953997594
gin,8178,COc1cc2ncnc(Nc3ccc(Br)cc3F)c2cc1OC,5.2441253662109375,6.6258514015304115,0.18944234441282684,0.7017543859649122,1.381726035319474
gin,8183,COc1cc2ncnc(Nc3ccc(C(C)(F)F)cc3)c2cc1OC,5.327902317047119,6.4152302799104435,0.12368817138131914,0.5961538461538461,1.0873279628633243
gin,8190,COc1cc2ncnc(Nc3ccc(Cl)c(N)c3)c2cc1OC,9.337242126464844,7.188291746536457,0.24234888560028991,0.6363636363636364,2.1489503799283867
gin,8193,COc1cc2ncnc(Nc3ccc(Cl)c(O)c3)c2cc1OC.Cl,9.07572078704834,6.7723157046655205,0.19921904784836583,0.625,2.3034050823828194
gin,8196,COc1cc2ncnc(Nc3ccc(F)c(Cl)c3)c2cc1B(O)O,6.2924299240112305,7.2002151810281845,0.2282742426467258,0.6842105263157895,0.907785257016954
gin,8198,COc1cc2ncnc(Nc3ccc(F)c(Cl)c3)c2cc1CCCCCC(=O)NO,7.0,7.787253465072723,0.1126366841233148,0.6329113924050633,0.7872534650727232
gin,8199,COc1cc2ncnc(Nc3ccc(F)c(Cl)c3)c2cc1CN(C(C)C)[C@@H](C)C(N)=O,9.0,6.815671467400133,0.19769711994293318,0.6,2.184328532599867
gin,8200,COc1cc2ncnc(Nc3ccc(F)c(Cl)c3)c2cc1CN(C)[C@@H](C)C(N)=O,8.09691047668457,7.167817923346433,0.3022704752548914,0.6075949367088608,0.9290925533381369
gin,8201,COc1cc2ncnc(Nc3ccc(F)c(Cl)c3)c2cc1CN(C)[C@H](C)C(N)=O,8.045757293701172,7.606372733235531,0.4939695866628711,0.6075949367088608,0.43938456046564056
gin,8208,COc1cc2ncnc(Nc3ccc(F)c(Cl)c3)c2cc1NC(=O)/C(F)=C/CN(C)C,8.937421798706055,8.731317138279735,0.1109238442122697,0.7792207792207793,0.2061046604263197
gin,8213,COc1cc2ncnc(Nc3ccc(F)c(Cl)c3)c2cc1NC(=O)/C=C/CN(C(C)C)C(C)C,8.372364044189453,8.20156952780934,0.2755679995434457,0.7945205479452054,0.17079451638011278
gin,8229,COc1cc2ncnc(Nc3ccc(F)c(Cl)c3)c2cc1NC(=O)CCCC(=O)NO,7.0,8.131950617096635,0.08542794987280983,0.7,1.131950617096635
gin,8230,COc1cc2ncnc(Nc3ccc(F)c(Cl)c3)c2cc1NC(=O)CCCCCCC(=O)NO,7.838890552520752,7.9900943779151135,0.24432891671172074,0.6901408450704225,0.1512038253943615
gin,8235,COc1cc2ncnc(Nc3ccc(F)c(Cl)c3)c2cc1OC,8.045757293701172,7.400064430912892,0.005978473395911962,0.8043478260869565,0.6456928627882803
gin,8241,COc1cc2ncnc(Nc3ccc(F)c(Cl)c3)c2cc1OCC(=O)NO,7.0,7.971735989528099,0.07829056171105243,0.746268656716418,0.9717359895280993
gin,8242,COc1cc2ncnc(Nc3ccc(F)c(Cl)c3)c2cc1OCC(O)CN,8.221848487854004,7.930629034134142,0.13220297258109806,0.7352941176470589,0.2912194537198616
gin,8243,COc1cc2ncnc(Nc3ccc(F)c(Cl)c3)c2cc1OCC(O)CN(CCO)CCO,8.301030158996582,7.499850930410545,0.20690028502509122,0.684931506849315,0.8011792285860366
gin,8246,COc1cc2ncnc(Nc3ccc(F)c(Cl)c3)c2cc1OCCBr,7.742321491241455,7.837357200195072,0.08660964223709877,0.7377049180327869,0.0950357089536169
gin,8247,COc1cc2ncnc(Nc3ccc(F)c(Cl)c3)c2cc1OCCC(=O)NO,7.574370861053467,7.956219814553833,0.06262294939421859,0.7761194029850746,0.3818489535003664
gin,8248,COc1cc2ncnc(Nc3ccc(F)c(Cl)c3)c2cc1OCCCC(=O)NO,7.553952693939209,8.20078459976628,0.13757260890787604,0.7647058823529411,0.6468319058270708
gin,8249,COc1cc2ncnc(Nc3ccc(F)c(Cl)c3)c2cc1OCCCCC(=O)NO,7.5134358406066895,8.189002963014218,0.14072993301048747,0.7605633802816901,0.6755671224075286
gin,8251,COc1cc2ncnc(Nc3ccc(F)c(Cl)c3)c2cc1OCCCCCC(=O)NO,7.734260559082031,8.172199027079188,0.15867128176121653,0.7534246575342466,0.4379384679971565
gin,8252,COc1cc2ncnc(Nc3ccc(F)c(Cl)c3)c2cc1OCCCCCCC(=O)NO,8.508638381958008,8.127505311184962,0.1891553005639101,0.7534246575342466,0.38113307077304626
gin,8255,COc1cc2ncnc(Nc3ccc(F)c(Cl)c3)c2cc1OCCCCCCN(O)C(N)=O,7.0,8.173452265609455,0.3555542794513045,0.6538461538461539,1.1734522656094555
gin,8273,COc1cc2ncnc(Nc3ccc(F)c(Cl)c3)c2cc1OCCCN(C)C,7.3098039627075195,7.978275560962658,0.1705124386928401,0.71875,0.6684715982551381
gin,8288,COc1cc2ncnc(Nc3ccc(F)c(Cl)c3)c2cc1OCCCNCCN,7.866461277008057,8.283058810494879,0.0593389388922625,0.7076923076923077,0.41659753348682216
gin,8291,COc1cc2ncnc(Nc3ccc(F)c(Cl)c3)c2cc1OCCCOP(N)(=O)N(CCCl)CCCl,9.301030158996582,8.085706192490818,0.1358700756730777,0.7692307692307693,1.215323966505764
gin,8294,COc1cc2ncnc(Nc3ccc(F)c(Cl)c3)c2cc1OCCN(C)C,8.154901504516602,7.632971265697108,0.10805932672673395,0.7142857142857143,0.5219302388194933
gin,8295,COc1cc2ncnc(Nc3ccc(F)c(Cl)c3)c2cc1OCCN(CCO)CCO,7.455932140350342,7.308878117576398,0.0609793332636367,0.6716417910447762,0.14705402277394342
gin,8306,COc1cc2ncnc(Nc3ccc(F)c(Cl)c3)c2cc1OCCNC(C)(C)C,7.0,7.729629698627178,0.08665630732529093,0.6923076923076923,0.7296296986271784
gin,8307,COc1cc2ncnc(Nc3ccc(F)c(Cl)c3)c2cc1OCCNC(C)(CO)CO,7.161150932312012,8.266986104219711,0.0949641168819495,0.6521739130434783,1.1058351719076995
gin,8308,COc1cc2ncnc(Nc3ccc(F)c(Cl)c3)c2cc1OCCNC(C)C,6.508638381958008,7.862315660004526,0.1298657646837052,0.71875,1.3536772780465185
gin,8309,COc1cc2ncnc(Nc3ccc(F)c(Cl)c3)c2cc1OCCNCCN,7.917214393615723,7.964561153931697,0.20035514484067826,0.7076923076923077,0.047346760315974734
gin,8310,COc1cc2ncnc(Nc3ccc(F)c(Cl)c3)c2cc1OCCNCCN(C)C,8.698969841003418,7.873858811920087,0.1157548050029287,0.6764705882352942,0.825111029083331
gin,8313,COc1cc2ncnc(Nc3ccc(F)c(Cl)c3)c2cc1OCCO,7.197910785675049,7.744162327270345,0.09713593356405191,0.7377049180327869,0.5462515415952964
gin,8322,COc1cc2ncnc(Nc3ccc(F)c(Cl)c3)c2cc1S(=O)(=O)CCCCCCC(=O)NO,7.812479496002197,7.371017335054191,0.21741700035137948,0.6172839506172839,0.4414621609480065
gin,8323,COc1cc2ncnc(Nc3ccc(F)c(Cl)c3)c2cc1SCCCCC(=O)NO,7.0,7.973805706402146,0.3740374241740023,0.6025641025641025,0.9738057064021461
gin,8324,COc1cc2ncnc(Nc3ccc(F)c(Cl)c3)c2cc1SCCCCCCC(=O)NO,7.850573539733887,7.891191786955574,0.40034447551434116,0.5949367088607594,0.04061824722168694
gin,8326,COc1cc2ncnc(Nc3ccc(F)c(O)c3)c2cc1OC,8.593460083007812,6.895488580575311,0.25267137645371396,0.625,1.6979715024325017
gin,8327,COc1cc2ncnc(Nc3ccc(F)cc3)c2cc1OC.Cl,7.2924299240112305,6.0212374137555,0.3154470158581515,0.6458333333333334,1.2711925102557302
gin,8334,COc1cc2ncnc(Nc3ccc(NC(=O)OC(C)C)c(C)c3)c2cc1OC,5.236571788787842,5.4052608023708615,0.15694371518876124,0.6027397260273972,0.1686890135830197
gin,8335,COc1cc2ncnc(Nc3ccc(NC(=O)OC(C)C)cc3)c2cc1OC,5.318758964538574,5.056011004825223,0.14010370971084324,0.6923076923076923,0.2627479597133515
gin,8336,COc1cc2ncnc(Nc3ccc(NC(C)=O)c(C)c3)c2cc1OC.Cl,5.0,6.117828346831945,0.32053581973647793,0.6333333333333333,1.1178283468319448
gin,8337,COc1cc2ncnc(Nc3ccc(NC(C)=O)cc3)c2cc1OC,5.0,5.440050410187496,0.3385379164027209,0.7659574468085106,0.4400504101874958
gin,8338,COc1cc2ncnc(Nc3ccc(O)cc3)c2cc1OC.Cl,7.0,5.9678210399485465,0.16138790786358032,0.6666666666666666,1.0321789600514535
gin,8375,COc1cc2ncnc(Nc3cccc(B(O)O)c3)c2cc1OC,6.0,6.070193206618413,0.4387363618649717,0.673469387755102,0.07019320661841277
gin,8376,COc1cc2ncnc(Nc3cccc(Br)c3)c2c(OC)c1OC,9.173925399780273,7.196584953129914,0.16963982859359175,0.5660377358490566,1.9773404466503592
gin,8377,COc1cc2ncnc(Nc3cccc(Br)c3)c2cc1N,8.4201021194458,8.348912347138935,0.2692815487656736,0.6428571428571429,0.07118977230686596
gin,8378,COc1cc2ncnc(Nc3cccc(Br)c3)c2cc1NC(=O)/C(F)=C/CN(C)C,8.332974433898926,8.810952440703659,0.12932955247103117,0.6875,0.477978006804733
gin,8379,COc1cc2ncnc(Nc3cccc(Br)c3)c2cc1NC(=O)/C(F)=C\CN(C)C,8.301030158996582,8.944636609013799,0.3647209002260842,0.6875,0.6436064500172165
gin,8381,COc1cc2ncnc(Nc3cccc(Br)c3)c2cc1OC,7.361769199371338,7.470547602671189,0.04858812821738109,0.76,0.10877840329985133
gin,8382,COc1cc2ncnc(Nc3cccc(Br)c3)c2cc1OC.Cl,8.585026741027832,7.271026987463216,0.11815201248932226,0.7450980392156863,1.313999753564616
gin,8383,COc1cc2ncnc(Nc3cccc(Br)c3)c2cc1OCCCOP(N)(=O)N(CCCl)CCCl,9.522878646850586,8.099318118200785,0.19107437383253342,0.691358024691358,1.4235605286498014
gin,8386,COc1cc2ncnc(Nc3cccc(Br)c3)c2cc1[N+](=O)[O-],7.8218913078308105,7.6410189929467265,0.08350485527643708,0.6231884057971014,0.18087231488408406
gin,8388,COc1cc2ncnc(Nc3cccc(C#CC(C)(C)O)c3)c2cc1OC,6.686554431915283,6.166335446335864,0.24000043597208254,0.7450980392156863,0.5202189855794188
gin,8389,COc1cc2ncnc(Nc3cccc(C#CCCCO)c3)c2cc1OC,5.865631580352783,6.779092262368742,0.375729857653145,0.7037037037037037,0.913460682015959
gin,8390,COc1cc2ncnc(Nc3cccc(C#CCCO)c3)c2cc1OC,6.395666122436523,6.533532685314931,0.3366864200288574,0.7307692307692307,0.1378665628784077
gin,8391,COc1cc2ncnc(Nc3cccc(C#CCO)c3)c2cc1OC,5.784204006195068,6.465221542961852,0.20788649626248334,0.76,0.6810175367667837
gin,8393,COc1cc2ncnc(Nc3cccc(C#N)c3)c2cc1OC,6.384260177612305,6.541071346033309,0.07515566771701601,0.7872340425531915,0.1568111684210045
gin,8395,COc1cc2ncnc(Nc3cccc(C(F)(F)F)c3)c2cc1OC,9.60994815826416,7.055282523178512,0.1858632304103826,0.673469387755102,2.554665635085648
gin,8397,COc1cc2ncnc(Nc3cccc(C)c3)c2cc1OC,8.301030158996582,7.153078760261877,0.359917539968676,0.7333333333333333,1.1479513987347048
gin,8398,COc1cc2ncnc(Nc3cccc(Cl)c3)c2cc1B(O)O,6.337242126464844,6.938811458765848,0.12803360511886805,0.6379310344827587,0.6015693323010041
gin,8400,COc1cc2ncnc(Nc3cccc(Cl)c3)c2cc1OC,8.522878646850586,7.0265101992888646,0.04681040469728407,0.717391304347826,1.4963684475617214
gin,8401,COc1cc2ncnc(Nc3cccc(Cl)c3)c2cc1OC.Cl,8.211254119873047,6.849966152200939,0.16128668795610987,0.7021276595744681,1.3612879676721077
gin,8403,COc1cc2ncnc(Nc3cccc(Cl)c3F)c2cc1CN(C(C)C)[C@@H](C)C(N)=O,8.150514602661133,7.198310417356808,0.0788445838226774,0.675,0.9522041853043248
gin,8409,COc1cc2ncnc(Nc3cccc(Cl)c3F)c2cc1CN(C)CC(N)=O,7.522878646850586,7.6839410908679895,0.1327702794689447,0.7105263157894737,0.16106244401740355
gin,8410,COc1cc2ncnc(Nc3cccc(Cl)c3F)c2cc1CN(C)[C@@H](C)C(N)=O,7.849484920501709,7.558739552412845,0.17635310218379094,0.7051282051282052,0.29074536808886364
gin,8411,COc1cc2ncnc(Nc3cccc(Cl)c3F)c2cc1CN(C)[C@@H](CN(C)C)C(N)=O,7.212984561920166,7.371189447088682,0.027766128787218028,0.6585365853658537,0.15820488516851583
gin,8412,COc1cc2ncnc(Nc3cccc(Cl)c3F)c2cc1CN(C)[C@@H](CO)C(N)=O,7.610924243927002,7.639131319021573,0.13182125557094626,0.6666666666666666,0.028207075094570655
gin,8413,COc1cc2ncnc(Nc3cccc(Cl)c3F)c2cc1CN(C)[C@H](C)C(=O)N(C)C,7.221848964691162,7.330849715560888,0.11645476808280501,0.6835443037974683,0.1090007508697255
gin,8414,COc1cc2ncnc(Nc3cccc(Cl)c3F)c2cc1CN(C)[C@H](C)C(N)=O,7.784317970275879,7.951951521832967,0.4477550659544076,0.7051282051282052,0.16763355155708837
gin,8415,COc1cc2ncnc(Nc3cccc(Cl)c3F)c2cc1CN(CCN(C)C)[C@@H](C)C(N)=O,6.983288288116455,7.213256364941749,0.3568751948866879,0.6626506024096386,0.22996807682529408
gin,8429,COc1cc2ncnc(Nc3cccc(Cl)c3F)c2cc1CN[C@H](C)C(N)=O,6.872363567352295,7.976432840500394,0.30764222092604276,0.6712328767123288,1.1040692731480988
gin,8456,COc1cc2ncnc(Nc3cccc(F)c3)c2cc1OC,8.4201021194458,7.1339994446456245,0.12178036920173758,0.717391304347826,1.2861026748001763
gin,8457,COc1cc2ncnc(Nc3cccc(F)c3)c2cc1OC.Cl,7.549134731292725,6.959671930319615,0.10014402774669742,0.7021276595744681,0.5894628009731093
gin,8458,COc1cc2ncnc(Nc3cccc(I)c3)c2cc1OC,9.05029296875,7.40905503775636,0.1045157201876482,0.717391304347826,1.6412379309936398
gin,8459,COc1cc2ncnc(Nc3cccc(I)c3)c2cc1OC.Cl,8.193819999694824,7.212780959923606,0.06071472462271438,0.7021276595744681,0.9810390397712183
gin,8467,COc1cc2ncnc(Nc3cccc(SC)c3)c2cc1OC,6.897223472595215,6.5024662594698235,0.45267774834029867,0.6875,0.39475721312539136
gin,8468,COc1cc2ncnc(Nc3ccccc3)c2cc1OC,7.113417148590088,6.373105280760792,0.14711704257360927,0.8048780487804879,0.7403118678292957
gin,8469,COc1cc2ncnc(Nc3ccccc3)c2cc1OC.Cl,7.301030158996582,6.209992390841751,0.26655109220093876,0.7857142857142857,1.0910377681548313
gin,8470,COc1cc2ncnc(Nc3ccccc3Br)c2cc1OC,6.892789840698242,6.837560038653496,0.24889345560053555,0.6326530612244898,0.055229802044745924
gin,8471,COc1cc2ncnc(Nc3ccccc3C(F)(F)F)c2cc1OC,5.0,6.993093122432548,0.15659669204758503,0.5961538461538461,1.9930931224325477
gin,8472,COc1cc2ncnc(Nc3ccccc3F)c2cc1OC.Cl,7.4921441078186035,6.610371642290467,0.19293157127160862,0.62,0.8817724655281367
gin,8796,COc1ccc(N(C)c2nc(C)nc3ccccc23)cc1,8.552842140197754,7.866910458328391,0.2722497162290498,0.6382978723404256,0.6859316818693628
gin,8801,COc1ccc(N(C)c2nc(Cl)nc3ccccc23)cc1,8.443697929382324,6.59568774938851,0.3666112426729887,0.4716981132075472,1.848010179993814
gin,8870,COc1ccc(Nc2ncnc3cc(OC)c(OC)cc23)cc1.Cl,6.602059841156006,5.558692401066594,0.21058056235240136,0.7954545454545454,1.043367440089412
gin,8871,COc1ccc(Nc2ncnc3cc(OC)c(OC)cc23)cc1OC,5.552842140197754,5.880787863593113,0.08870742735532962,0.6888888888888889,0.3279457233953593
gin,8872,COc1ccc(Nc2ncnc3cc(OC)c(OC)cc23)cc1OC.Cl,6.455932140350342,5.78657899429615,0.05780215995321386,0.7111111111111111,0.6693531460541919
gin,8924,COc1ccc2c(Nc3cccc(Br)c3)ncnc2c1,8.0,7.881700719182589,0.35500065336552233,0.6521739130434783,0.11829928081741059
gin,8925,COc1ccc2c(Nc3cccc(Br)c3)ncnc2c1OC,5.0,6.888468431473669,0.2923721531035813,0.6,1.8884684314736688
gin,8927,COc1ccc2c(Nc3ccccc3)ncnc2c1,6.92081880569458,6.655671705702884,0.21566285151342066,0.625,0.2651470999916965
gin,8984,COc1ccc2ncnc(N(C)c3ccccc3)c2c1.Cl,4.698969841003418,5.324459253369014,0.28013407789723654,0.5087719298245614,0.6254894123655959
gin,8986,COc1ccc2ncnc(Nc3cc(OC)c(OC)c(OC)c3)c2c1.Cl,7.0,6.390442744355251,0.12886009354167505,0.5849056603773585,0.6095572556447486
gin,8995,COc1ccc2ncnc(Nc3cccc(Br)c3)c2c1,6.990649700164795,7.845340597981902,0.3204131648659457,0.6666666666666666,0.8546908978171075
gin,8996,COc1ccc2ncnc(Nc3cccc(Br)c3)c2c1OC,5.863755226135254,7.4435807690316125,0.1934801894214095,0.5961538461538461,1.5798255428963586
gin,8998,COc1ccc2ncnc(Nc3ccccc3)c2c1,7.2548346519470215,6.701448683418096,0.10629635481314342,0.7727272727272727,0.5533859685289251
gin,8999,COc1ccc2ncnc(Nc3ccccc3)c2c1.Cl,6.919987201690674,6.541249902445347,0.20132242949449553,0.7555555555555555,0.3787372992453264
gin,9076,COc1cccc(Nc2ncnc3ccccc23)c1,6.074687957763672,6.917959021250386,0.27012528921006695,0.5555555555555556,0.8432710634867142
gin,9087,COc1cccc2c(Nc3cccc(Br)c3)ncnc12,5.505720615386963,6.711204658332751,0.031287901204132926,0.7142857142857143,1.2054840429457885
gin,9098,COc1cccc2ncnc(Nc3cccc(Br)c3)c12,6.856985092163086,7.699807977156041,0.1761121445025982,0.6226415094339622,0.8428228849929553
gin,9240,COc1nc(N(C)c2ccccc2)c2cc(OC)c(OC)cc2n1,4.301030158996582,6.180748375310046,0.10237985098665564,0.48214285714285715,1.8797182163134636
gin,9307,CS(=O)(=O)CCNCCCCOc1ccc2ncnc(Nc3ccc(F)c(Cl)c3)c2c1,7.698969841003418,7.943083743968202,0.15738309994858837,0.7397260273972602,0.2441139029647843
gin,9378,CSCCCNc1ccc2ncnc(Nc3cccc(Cl)c3)c2c1,5.2924299240112305,8.030014196088189,0.11799782013242739,0.6428571428571429,2.7375842720769583
gin,9390,CSc1ccc(N(C)c2nc(C)nc3ccccc23)cc1,8.060481071472168,7.64818779854906,0.16003057532606987,0.54,0.41229327292310813
gin,9424,C[C@@H](NC(=O)OC(C)(C)C)C(=O)Nc1ccc2ncnc(Nc3ccc(F)c(Cl)c3)c2c1,4.0,6.145887395297623,0.3467639508075289,0.5571428571428572,2.145887395297623
gin,9425,C[C@@H](NC(=O)OC(C)(C)C)C(=O)Nc1ccc2ncnc(Nc3cccc(Br)c3)c2c1,4.0,6.213554738439494,0.35101427602676466,0.5774647887323944,2.213554738439494
gin,9426,C[C@@H](NC(=O)OC(C)(C)C)C(=O)Nc1ccc2ncnc(Nc3cccc(C(F)(F)F)c3)c2c1,4.0,6.062520339237025,0.1546077530035952,0.5571428571428572,2.0625203392370253
gin,9771,Cc1cc(C)c2ncnc(N(C)c3ccccc3)c2c1,4.698969841003418,5.865732554492524,0.3728713126917197,0.3770491803278688,1.1667627134891063
gin,10160,Cc1cccc(N(C)c2ncnc3cc(C)c(C)cc23)c1.Cl,5.187086582183838,5.515193881437455,0.9368986175462195,0.4406779661016949,0.3281072992536167
gin,10189,Cc1cccc(Nc2ncnc3ccc(/N=N/N(C)C)cc23)c1,7.619788646697998,7.478963016668132,0.46658528884936734,0.4931506849315068,0.14082563002986603
gin,10190,Cc1cccc(Nc2ncnc3ccc(N(C)C(=O)N(CCCl)N=O)cc23)c1,5.94347620010376,6.949422226420836,0.5553891475138205,0.44,1.0059460263170763
gin,10191,Cc1cccc(Nc2ncnc3ccc(N)cc23)c1,6.0,8.386056310412187,0.4223282012909845,0.6122448979591837,2.3860563104121866
gin,10192,Cc1cccc(Nc2ncnc3ccc(NC(=O)N(C)CCCl)cc23)c1,5.771343231201172,6.906034809789635,0.2142412855322822,0.5846153846153846,1.1346915785884635
gin,10193,Cc1cccc(Nc2ncnc3ccc(NC(=O)N(CCCl)N=O)cc23)c1,5.974284648895264,6.9653888719590995,0.3261459661632035,0.5362318840579711,0.9911042230638358
gin,10194,Cc1cccc(Nc2ncnc3ccc(NC(=O)NCCCl)cc23)c1,6.170053482055664,7.349326710501849,0.30726313196624133,0.6031746031746031,1.1792732284461849
gin,10197,Cc1cccc(Nc2ncnc3ccccc23)c1,6.04047966003418,7.630316667976587,0.367520590341924,0.5853658536585366,1.589837007942407
gin,10500,Cc1nc(Nc2cccc(Br)c2)c2ccccc2n1,5.0,6.242746902452296,0.9646975163272089,0.6190476190476191,1.2427469024522964
gin,10720,Cl.Clc1cccc(Nc2ncnc3ccccc23)c1,7.301030158996582,6.914336377284229,0.14728450086482267,0.6086956521739131,0.3866937817123528
gin,10749,ClCCN(CCCl)c1ccc2ncnc(Nc3cccc(Br)c3)c2c1,5.900664806365967,7.944639368125195,0.19010837827929103,0.5714285714285714,2.043974561759228
gin,10752,ClCCNc1ccc2ncnc(Nc3cccc(Br)c3)c2c1,8.0,8.190022089168139,0.15590506521845612,0.72,0.19002208916813856
gin,10753,ClCCNc1ccc2ncnc(Nc3cccc(Cl)c3)c2c1,7.585026741027832,7.814143552034238,0.19978150631352912,0.72,0.22911681100640635
gin,10827,Clc1cccc(Nc2ncnc3ccc(Cl)cc23)c1,5.568636417388916,7.092516466609108,0.31358520373676574,0.7111111111111111,1.5238800492201916
gin,10836,Clc1cccc(Nc2ncnc3ccccc23)c1,7.638272285461426,7.120907663080409,0.26224359784963047,0.6222222222222222,0.5173646223810167
gin,11125,FC(F)(F)c1cccc(Nc2ncnc3ccccc23)c1,6.238824367523193,6.845106929885105,0.20284562640370007,0.5925925925925926,0.6062825623619119
gin,11195,Fc1ccc(Nc2ncnc3ccccc23)cc1Cl,7.522878646850586,7.5047292956355705,0.35355307635711647,0.6875,0.018149351215015486
gin,11264,Fc1cccc(Nc2ncnc3ccccc23)c1,7.250921726226807,7.243920192231457,0.17854811308592913,0.5853658536585366,0.007001533995349973
gin,11268,Ic1cccc(Nc2ncnc3ccccc23)c1,7.096909999847412,7.670450765275376,0.37222299971503786,0.5853658536585366,0.5735407654279641
gin,11401,N#CCC(=O)Nc1ccc2ncnc(Nc3cccc(Br)c3)c2c1,9.769551277160645,8.323842032368418,0.14354603312676611,0.6949152542372882,1.4457092447922264
gin,11622,NC(=O)Nc1ccc2ncnc(Nc3ccc(Br)cc3)c2c1,6.56383752822876,6.775929984158271,0.4963771048343123,0.5892857142857143,0.2120924559295112
gin,11623,NC(=O)Nc1ccc2ncnc(Nc3ccc(Cl)cc3)c2c1,7.214670181274414,6.749762003275546,0.31441955980483344,0.6666666666666666,0.4649081779988684
gin,11624,NC(=O)Nc1ccc2ncnc(Nc3ccc(F)c(Cl)c3)c2c1,6.501689434051514,8.206849001952605,0.3499090532870417,0.8627450980392157,1.7051595679010916
gin,11755,NP(=O)(OCCCC(=O)Oc1ccc2ncnc(Nc3ccc(F)c(Cl)c3)c2c1)N(CCCl)CCCl,8.060481071472168,7.369297543594229,0.26538216864174047,0.7710843373493976,0.6911835278779392
gin,11757,NP(=O)(OCCCC(=O)Oc1ccc2ncnc(Nc3cccc(Br)c3)c2c1)N(CCCl)CCCl,8.481486320495605,7.367608359355344,0.28646897266527344,0.6976744186046512,1.1138779611402612
gin,11758,NP(=O)(OCCCCCOc1ccc2ncnc(Nc3cccc(Br)c3)c2c1)N(CCCl)CCCl,8.638272285461426,7.84651819009369,0.19676202073064009,0.6625,0.791754095367736
gin,11759,NP(=O)(OCCCCOc1ccc2ncnc(Nc3ccc(F)c(Cl)c3)c2c1)N(CCCl)CCCl,8.221848487854004,7.863293319232412,0.10170180470141474,0.75,0.3585551686215922
gin,11761,NP(=O)(OCCCCOc1ccc2ncnc(Nc3cccc(Br)c3)c2c1)N(CCCl)CCCl,8.130767822265625,7.869369552781507,0.19434808763492092,0.6708860759493671,0.2613982694841184
gin,11762,NP(=O)(OCCCOc1ccc2ncnc(Nc3ccc(F)c(Cl)c3)c2c1)N(CCCl)CCCl,8.244125366210938,7.812922864040672,0.06258383002987128,0.75,0.43120250217026523
gin,11764,NP(=O)(OCCCOc1ccc2ncnc(Nc3cccc(Br)c3)c2c1)N(CCCl)CCCl,8.522878646850586,7.827218265286859,0.14572084134019064,0.6708860759493671,0.6956603815637266
gin,11765,NP(=O)(OCCOc1ccc2ncnc(Nc3cccc(Br)c3)c2c1)N(CCCl)CCCl,8.366531372070312,7.58283989548346,0.11989504076791699,0.6172839506172839,0.7836914765868528
gin,11766,NP(=O)(Oc1ccc2ncnc(Nc3cccc(Br)c3)c2c1)N(CCCl)CCCl,8.036211967468262,8.275009368555004,0.44798880157718807,0.5301204819277109,0.2387974010867424
gin,11811,Nc1cc2c(Nc3cccc(Br)c3)ncnc2cc1Cl,8.183541297912598,8.544727631015405,0.1688659607134206,0.6521739130434783,0.36118633310280757
gin,11827,Nc1cc2ncnc(Nc3cccc(Br)c3)c2cc1N,9.920818328857422,9.027587093579541,0.4432391882287619,0.7142857142857143,0.8932312352778808
gin,11828,Nc1cc2ncnc(Nc3cccc(Br)c3)c2cc1[N+](=O)[O-],7.275723934173584,8.41752976442919,0.2999532260859787,0.5882352941176471,1.1418058302556062
gin,11864,Nc1ccc2c(Nc3cccc(Br)c3)ncnc2c1,10.0,8.720348664803623,0.4100307042759445,0.6744186046511628,1.2796513351963767
gin,11866,Nc1ccc2c(Nc3cccc(C(F)(F)F)c3)ncnc2c1,8.48076343536377,7.757707494372994,0.45800459921172754,0.6037735849056604,0.7230559409907755
gin,11867,Nc1ccc2c(Nc3cccc(Cl)c3)ncnc2c1,9.602060317993164,8.266711982404047,0.3831814550996003,0.6170212765957447,1.3353483355891171
gin,11868,Nc1ccc2c(Nc3cccc(F)c3)ncnc2c1,8.698969841003418,8.320892565080129,0.3621416618151411,0.5102040816326531,0.3780772759232889
gin,11869,Nc1ccc2c(Nc3cccc(I)c3)ncnc2c1,9.455931663513184,8.73489403931103,0.3985772717632107,0.5272727272727272,0.7210376242021539
gin,11870,Nc1ccc2c(Nc3ccccc3)ncnc2c1,7.0,7.365171241515682,0.32016590870079203,0.52,0.36517124151568225
gin,11877,Nc1ccc2ncnc(Nc3ccc(F)c(Cl)c3)c2c1,7.537601947784424,8.588079516049447,0.1707048141036617,0.66,1.0504775682650234
gin,11887,Nc1ccc2ncnc(Nc3cccc(Br)c3)c2c1,7.3565473556518555,8.73512552249565,0.17933395707807168,0.6744186046511628,1.3785781668437949
gin,11889,Nc1ccc2ncnc(Nc3cccc(C(F)(F)F)c3)c2c1,6.240543842315674,7.789693269260454,0.30976305208317173,0.6346153846153846,1.5491494269447799
gin,11890,Nc1ccc2ncnc(Nc3cccc(Cl)c3)c2c1,6.698969841003418,8.258687232003865,0.15606436309711202,0.6326530612244898,1.5597173910004472
gin,11895,Nc1ccc2ncnc(Nc3ccccc3)c2c1,6.111753940582275,7.391709745529198,0.05299987981857312,0.6585365853658537,1.2799558049469226
gin,11913,Nc1cccc2c(Nc3cccc(Br)c3)ncnc12,6.978810787200928,7.792678459262419,0.09767916939318386,0.6530612244897959,0.813867672061491
gin,11915,Nc1cccc2ncnc(Nc3cccc(Br)c3)c12,6.357535362243652,8.635921146050975,0.05727259509169516,0.6136363636363636,2.278385783807323
gin,12135,O=C(/C=C/C(F)(F)F)Cc1ccc2ncnc(Nc3cccc(Br)c3)c2c1,8.759950637817383,6.876222715589836,0.2241632503822275,0.5588235294117647,1.8837279222275471
gin,12139,O=C(/C=C/C(F)(F)F)Nc1ccc2ncnc(Nc3cccc(Br)c3)c2c1,8.106447219848633,7.134712612901453,0.26668433744052567,0.7166666666666667,0.9717346069471802
gin,12295,O=C(C#CCO)Nc1ccc2ncnc(Nc3ccc(F)c(Cl)c3)c2c1,8.22796630859375,8.011188297402754,0.247072720405329,0.7230769230769231,0.21677801119099627
gin,12296,O=C(C#CCO)Nc1ccc2ncnc(Nc3cccc(Br)c3)c2c1,8.698969841003418,8.0504477597799,0.2672574165600224,0.7419354838709677,0.6485220812235184
gin,12324,O=C(CCCCCCOc1ccc2ncnc(Nc3ccc(F)c(Cl)c3)c2c1)NO,7.074687957763672,7.8856091555749686,0.13521509608190715,0.7285714285714285,0.8109211978112967
gin,12335,O=C(CCCCCOc1ccc2ncnc(Nc3ccc(F)c(Cl)c3)c2c1)NO,7.0,7.947052623192121,0.14754587919098933,0.7285714285714285,0.9470526231921212
gin,12342,O=C(CCCCOc1ccc2ncnc(Nc3ccc(F)c(Cl)c3)c2c1)NO,7.0,8.00564793313697,0.1632653409056824,0.7142857142857143,1.00564793313697
gin,12355,O=C(CCCOc1ccc2ncnc(Nc3ccc(F)c(Cl)c3)c2c1)NO,7.0,8.038729795192694,0.188508552216571,0.7076923076923077,1.038729795192694
gin,12361,O=C(CCOc1ccc2ncnc(Nc3ccc(F)c(Cl)c3)c2c1)NO,7.0,7.749864386827312,0.03318500564239061,0.71875,0.749864386827312
gin,12371,O=C(CCl)Nc1ccc2ncnc(Nc3cc(Cl)c(Cl)cc3F)c2c1,7.712984561920166,7.563798660279986,0.14306836022010147,0.5076923076923077,0.14918590164018042
gin,12372,O=C(CCl)Nc1ccc2ncnc(Nc3cccc(Br)c3)c2c1,8.0,8.184397533610763,0.3158035419172085,0.7321428571428571,0.18439753361076328
gin,12373,O=C(CCl)Nc1ccc2ncnc(Nc3cccc(I)c3)c2c1,8.0,8.174804813283743,0.1805791795924056,0.5645161290322581,0.17480481328374253
gin,12399,O=C(COc1ccc2ncnc(Nc3ccc(F)c(Cl)c3)c2c1)NO,7.0,7.763083476999526,0.10492304703280098,0.746031746031746,0.7630834769995261
gin,12465,O=C(NCCCl)Nc1ccc2ncnc(Nc3cccc(Br)c3)c2c1,7.744727611541748,7.505973303416624,0.2543406936540757,0.7413793103448276,0.23875430812512377
gin,12466,O=C(NCCCl)Nc1ccc2ncnc(Nc3cccc(Cl)c3)c2c1,7.6575775146484375,7.227041724426613,0.3016062478575069,0.6271186440677966,0.43053579022182475
gin,12716,O=C(O)/C=C/C(=O)Cc1ccc2ncnc(Nc3cccc(Br)c3)c2c1,9.430041313171387,6.615817648580347,0.2521790960301956,0.609375,2.81422366459104
gin,12717,O=C(O)/C=C/C(=O)Nc1ccc2ncnc(Nc3cccc(Br)c3)c2c1,7.8664140701293945,6.7491885465529045,0.3492964333663575,0.7543859649122807,1.11722552357649
gin,13084,O=NN(CCCl)C(=O)Nc1ccc2ncnc(Nc3cccc(Br)c3)c2c1,7.327902317047119,7.141757010581138,0.13892698522093588,0.6190476190476191,0.18614530646598126
gin,13085,O=NN(CCCl)C(=O)Nc1ccc2ncnc(Nc3cccc(Cl)c3)c2c1,7.173925399780273,6.9104355248239635,0.22296704767871245,0.6,0.26348987495630993
gin,13119,O=[N+]([O-])c1cc2c(Nc3cccc(Br)c3)ncnc2cc1Cl,7.601020336151123,7.858858015680568,0.2767711730075116,0.5882352941176471,0.2578376795294446
gin,13125,O=[N+]([O-])c1ccc2c(Nc3cccc(Br)c3)ncnc2c1,6.0,7.614419145889286,0.16867604071602238,0.6428571428571429,1.6144191458892863
gin,13126,O=[N+]([O-])c1ccc2c(Nc3cccc(C(F)(F)F)c3)ncnc2c1,5.0,7.081773515982839,0.21202525216776708,0.6333333333333333,2.0817735159828388
gin,13127,O=[N+]([O-])c1ccc2c(Nc3cccc(Cl)c3)ncnc2c1,6.090757846832275,7.210661088359558,0.137685548524021,0.5873015873015873,1.1199032415272825
gin,13128,O=[N+]([O-])c1ccc2c(Nc3cccc(F)c3)ncnc2c1,5.212335109710693,7.390411439223357,0.18839868722891848,0.48484848484848486,2.1780763295126633
gin,13129,O=[N+]([O-])c1ccc2c(Nc3cccc(I)c3)ncnc2c1,6.263803482055664,7.6870682572231885,0.1905966620726426,0.4838709677419355,1.4232647751675245
gin,13130,O=[N+]([O-])c1ccc2c(Nc3ccccc3)ncnc2c1,4.92081880569458,6.635886994200231,0.27160014796274995,0.4909090909090909,1.7150681885056507
gin,13133,O=[N+]([O-])c1ccc2ncnc(Nc3cccc(Br)c3)c2c1,6.045757293701172,7.625751047965252,0.1956729651503385,0.6666666666666666,1.5799937542640805
gin,13134,O=[N+]([O-])c1ccc2ncnc(Nc3cccc(C(F)(F)F)c3)c2c1,5.0,7.155389598308695,0.25379859007283256,0.6610169491525424,2.1553895983086946
gin,13135,O=[N+]([O-])c1ccc2ncnc(Nc3ccccc3)c2c1,5.301030158996582,6.739827766661239,0.06058294324931938,0.5079365079365079,1.4387976076646574
gin,13144,O=[N+]([O-])c1cccc2c(Nc3cccc(Br)c3)ncnc12,5.0,6.67547245134557,0.4032048880352633,0.7115384615384616,1.6754724513455699
gin,13146,O=[N+]([O-])c1cccc2ncnc(Nc3cccc(Br)c3)c12,6.449771881103516,7.971929635214394,0.3086954002479118,0.6,1.5221577541108786
gin,13180,OB(O)/C=C/COc1ccc2ncnc(Nc3cccc(Cl)c3)c2c1,6.568636417388916,6.592681808062171,0.13547934785830185,0.6557377049180327,0.02404539067325473
gin,13182,OB(O)c1ccc2ncnc(Nc3ccc(F)c(Cl)c3)c2c1,6.096909999847412,7.238509930088881,0.35930838257743924,0.6111111111111112,1.141599930241469
gin,13183,OB(O)c1ccc2ncnc(Nc3cccc(Cl)c3)c2c1,6.187086582183838,7.019935451698149,0.1968266257348777,0.7169811320754716,0.8328488695143115
gin,13190,OCC#Cc1ccc2ncnc(Nc3ccc(F)c(Cl)c3)c2c1,7.850780963897705,7.438619612845372,0.09595860183191762,0.7358490566037735,0.4121613510523332
gin,13200,OCCC#Cc1ccc2ncnc(Nc3ccc(F)c(Cl)c3)c2c1,6.730954170227051,7.671361094332525,0.1660640284166581,0.7090909090909091,0.9404069241054742
gin,13201,OCCCC#Cc1ccc2ncnc(Nc3ccc(F)c(Cl)c3)c2c1,6.942333698272705,7.884967032652099,0.18695702507458498,0.6842105263157895,0.9426333343793942
gin,13298,Oc1cc2ncnc(Nc3cccc(Br)c3)c2cc1O,9.769551277160645,8.776915324706067,0.26778047569062596,0.7142857142857143,0.9926359524545774
gin,13323,Oc1ccc2c(Nc3cccc(Br)c3)ncnc2c1,8.323965072631836,8.553014729024824,0.3931564813879331,0.6590909090909091,0.2290496563929878
gin,13370,S=C=Nc1ccc2ncnc(Nc3cccc(Br)c3)c2c1,6.055517196655273,7.480594344399947,0.11592506779136046,0.5818181818181818,1.4250771477446733
gin,13474,c1ccc(Nc2ncnc3ccccc23)cc1,6.462182521820068,6.4987342392524,0.09545149419700436,0.7058823529411765,0.03655171743233154
gin,143,C#CCOc1cccc(Nc2ncc(C)c(Nc3cccc(NC(=O)C=C)c3)n2)c1,7.259637355804443,7.308100476966928,0.16154112641810342,0.6984126984126984,0.04846312116248441
gin,144,C#CCOc1cccc(Nc2ncc(F)c(Nc3cccc(C(=O)C=C(C)C)c3)n2)c1,5.978810787200928,6.417858934010159,0.11471853032771834,0.47560975609756095,0.4390481468092311
gin,356,C/C=C/C(=O)Nc1cccc(Nc2nc(Nc3ccc(Cl)c(OCCOC)c3)ncc2F)c1,5.989405155181885,6.394702731545188,0.09581183814216221,0.6666666666666666,0.4052975763633029
gin,358,C/C=C/C(=O)OCc1ccc(Nc2nc(Nc3ccccc3)ncc2C)cc1,5.978810787200928,6.4163662532746635,0.08973261282723739,0.5074626865671642,0.43755546607373574
gin,359,C/C=C/C(=O)OCc1cccc(Nc2nc(Nc3ccccc3)ncc2C)c1,5.978810787200928,6.414851177969965,0.21214276665864343,0.5294117647058824,0.4360403907690369
gin,371,C=C(C#N)C(O)c1ccc(Nc2nc(Nc3ccc(OCCOC)c(F)c3)ncc2F)cc1,7.259637355804443,6.610957259024843,0.3810262757772264,0.5789473684210527,0.6486800967796
gin,372,C=C(C#N)C(O)c1ccc(Nc2nc(Nc3ccccc3)ncc2F)cc1,7.259637355804443,6.948135208492516,0.43000619354285036,0.5970149253731343,0.31150214731192705
gin,374,C=C(C#N)C(O)c1cccc(Nc2nc(Nc3ccc(OCCOC)c(F)c3)ncc2F)c1,6.259637355804443,6.939228892964238,0.4808332486762295,0.684931506849315,0.6795915371597943
gin,375,C=C(C#N)C(O)c1cccc(Nc2nc(Nc3ccc(OCCOC)cc3)ncc2F)c1,7.259637355804443,7.017153507861781,0.37681901397742135,0.6712328767123288,0.24248384794266276
gin,376,C=C(C#N)C(O)c1cccc(Nc2nc(Nc3cccc(OC(F)(F)F)c3)ncc2F)c1,5.978810787200928,6.712016987483338,0.4605303907214551,0.6857142857142857,0.7332062002824102
gin,379,C=C(C)C(=O)Cc1ccc(Nc2nc(Nc3ccc(OCCOC)c(F)c3)ncc2F)cc1,7.259637355804443,6.130732410895199,0.23319633971475437,0.7205882352941176,1.1289049449092445
gin,381,C=C(C)C(=O)Cc1cccc(Nc2nc(Nc3ccc(OCCOC)c(F)c3)ncc2F)c1,8.0,6.111447761120736,0.22827673829139927,0.6216216216216216,1.8885522388792637
gin,388,C=C(C)C(=O)c1ccc(Nc2nc(Nc3ccc(OCCOC)c(F)c3)ncc2F)cc1,7.259637355804443,6.263946125355311,0.05954347745279442,0.6338028169014085,0.9956912304491325
gin,389,C=C(C)C(=O)c1ccc(Nc2nc(Nc3ccccc3)ncc2F)cc1,7.259637355804443,6.566517014538573,0.07672488496909018,0.484375,0.6931203412658702
gin,390,C=C(C)C(=O)c1cccc(Nc2nc(Nc3ccc(OCCOC)c(F)c3)ncc2F)c1,7.259637355804443,6.52098649675569,0.043336004124538065,0.5866666666666667,0.7386508590487537
gin,391,C=C(C)C(=O)c1cccc(Nc2nc(Nc3cccc(OC(F)(F)F)c3)ncc2F)c1,7.259637355804443,6.341366130130144,0.1186712215813124,0.4722222222222222,0.9182712256742995
gin,482,C=CC(=O)N(C)Cc1ccc(Nc2nc(Nc3cccc(OC)c3)ncc2F)cc1,6.259637355804443,6.573731953346415,0.09431568324029649,0.765625,0.31409459754197133
gin,484,C=CC(=O)N(C)Cc1ccc(Nc2nc(Nc3ccccc3)ncc2C)cc1,7.259637355804443,6.826907137843864,0.1352549816149214,0.609375,0.43273021796057964
gin,489,C=CC(=O)N(C)Cc1cccc(Nc2nc(Nc3cccc(OC)c3)ncc2F)c1,5.978810787200928,6.569052076021524,0.08377255793331481,0.6716417910447762,0.5902412888205966
gin,490,C=CC(=O)N(C)Cc1cccc(Nc2nc(Nc3ccccc3)ncc2C)c1,6.259637355804443,6.722274048474998,0.19465057135893188,0.5606060606060606,0.4626366926705545
gin,1165,C=CC(=O)NCc1ccc(Nc2nc(Nc3cccc(OC)c3)ncc2C(F)(F)F)cc1,5.698969841003418,6.4949504818287584,0.10289404088764256,0.6438356164383562,0.7959806408253405
gin,1170,C=CC(=O)NCc1cccc(Nc2nc(Nc3cccc(OC)c3)ncc2C(F)(F)F)c1,5.978810787200928,6.425483526609352,0.16005793541289026,0.6301369863013698,0.44667273940842467
gin,1171,C=CC(=O)NCc1cccc(Nc2nc(Nc3ccccc3)ncc2C)c1,7.259637355804443,6.916876449770842,0.20866795772053895,0.6290322580645161,0.3427609060336012
gin,1286,C=CC(=O)Nc1cc(Nc2nc(Nc3ccc(OCCOC)cc3)ncc2F)ccc1Cl,6.259637355804443,7.1038384288399925,0.024761700294618317,0.6619718309859155,0.8442010730355491
gin,1287,C=CC(=O)Nc1cc(Nc2nc(Nc3ccc(OCCOC)cc3)ncc2F)ccc1F,7.259637355804443,7.046500765608279,0.12862305064725021,0.6521739130434783,0.21313659019616438
gin,1288,C=CC(=O)Nc1cc(Nc2nc(Nc3cccc(OC)c3)ncc2C(F)(F)F)ccc1Cl,6.259637355804443,6.801782126240301,0.03468378990019205,0.6811594202898551,0.5421447704358577
gin,1427,C=CC(=O)Nc1cc(Nc2ncc(Cl)c(Nc3ccc(Cl)cc3[S+]([O-])C(C)C)n2)c(OC)cc1N(C)CCN(C)C,8.634511947631836,7.6346646652162065,0.25122506545896595,0.6236559139784946,0.9998472824156295
gin,1428,C=CC(=O)Nc1cc(Nc2ncc(Cl)c(Nc3cccc(Cl)c3[S+]([O-])C(C)C)n2)c(OC)cc1N(C)CCN(C)C,8.196542739868164,8.081504258282877,0.055888405991273,0.6593406593406593,0.1150384815852874
gin,1429,C=CC(=O)Nc1cc(Nc2ncc(Cl)c(Nc3cccc(Cl)c3[S+]([O-])CC)n2)c(OC)cc1N(C)CCN(C)C,8.199970245361328,8.558113474815059,0.20836017063322249,0.6666666666666666,0.3581432294537308
gin,1430,C=CC(=O)Nc1cc(Nc2ncc(Cl)c(Nc3cccc(F)c3[S+]([O-])C(C)C)n2)c(OC)cc1N(C)CCN(C)C,8.450996398925781,8.029299570345643,0.19304755507420893,0.6382978723404256,0.42169682858013857
gin,1431,C=CC(=O)Nc1cc(Nc2ncc(Cl)c(Nc3cccc(F)c3[S+]([O-])CC)n2)c(OC)cc1N(C)CCN(C)C,8.581698417663574,8.542036824752302,0.42287202203681673,0.6521739130434783,0.03966159291127269
gin,1433,C=CC(=O)Nc1cc(Nc2ncc(Cl)c(Nc3ccccc3C(=O)C(=O)N(C)C)n2)ccc1OCCN(C)C,7.061227798461914,7.301817380327478,0.14498789380354046,0.5697674418604651,0.24058958186556367
gin,1434,C=CC(=O)Nc1cc(Nc2ncc(Cl)c(Nc3ccccc3P(C)(C)=O)n2)c(OC)cc1N(C)CCN(C)C,7.92081880569458,8.979236372040873,0.08390908381628588,0.7176470588235294,1.058417566346293
gin,1435,C=CC(=O)Nc1cc(Nc2ncc(Cl)c(Nc3ccccc3S(=O)(=O)C(C)C)n2)c(OC)cc1N(C)CCN(C)C,8.397939682006836,7.325472175424039,0.07829604630545078,0.7951807228915663,1.0724675065827967
gin,1437,C=CC(=O)Nc1cc(Nc2ncc(Cl)c(Nc3ccccc3S(=O)(=O)N(C)C)n2)c(OC)cc1N(C)CCN(C)C,8.397939682006836,8.225974342713158,0.38052171583766536,0.8148148148148148,0.17196533929367774
gin,1439,C=CC(=O)Nc1cc(Nc2ncc(Cl)c(Nc3ccccc3[S+]([O-])CC)n2)c(OC)cc1N(C)CCN(C)C,8.472370147705078,8.302488880292174,0.2077857467986932,0.6931818181818182,0.16988126741290444
gin,1459,C=CC(=O)Nc1cc(Nc2ncc(F)c(Nc3ccccc3P(C)(C)=O)n2)c(OC)cc1N(C)CCN(C)C,8.301030158996582,8.798741159729673,0.10818278139573363,0.6235294117647059,0.4977110007330907
gin,1460,C=CC(=O)Nc1cc(Nc2ncc(F)c(Nc3ccccc3S(=O)(=O)C(C)C)n2)c(OC)cc1N(C)CCN(C)C,8.698969841003418,7.214660631960896,0.07355144412163873,0.6741573033707865,1.4843092090425216
gin,1461,C=CC(=O)Nc1cc(Nc2ncc(F)c(Nc3ccccc3S(=O)(=O)N(C)C)n2)c(OC)cc1N(C)CCN(C)C,8.522878646850586,8.113066161738942,0.36155841109417486,0.6896551724137931,0.4098124851116438
gin,1462,C=CC(=O)Nc1cc(Nc2ncc(I)c(Nc3ccccc3P(C)(C)=O)n2)c(OC)cc1N(C)CCN(C)C,8.09691047668457,9.103817821342943,0.15402879370762956,0.6219512195121951,1.006907344658373
gin,1463,C=CC(=O)Nc1cc(Nc2ncc(I)c(Nc3ccccc3S(=O)(=O)C(C)C)n2)c(OC)cc1N(C)CCN(C)C,7.481485843658447,7.4609003266158425,0.12520136786569844,0.6741573033707865,0.020585517042604806
gin,1464,C=CC(=O)Nc1cc(Nc2ncc(I)c(Nc3ccccc3S(=O)(=O)N(C)C)n2)c(OC)cc1N(C)CCN(C)C,8.301030158996582,8.368743540143555,0.4267007909076306,0.6896551724137931,0.067713381146973
gin,1676,C=CC(=O)Nc1cc(Nc2nccc(Nc3ccccc3P(C)(C)=O)n2)c(OC)cc1N(C)CCN(C)C,7.455932140350342,8.509319505845099,0.23972025317106296,0.7763157894736842,1.053387365494757
gin,1677,C=CC(=O)Nc1cc(Nc2nccc(Nc3ccccc3S(=O)(=O)C(C)C)n2)c(OC)cc1N(C)CCN(C)C,7.065501689910889,7.053332448817109,0.09641146205033731,0.725,0.012169241093779704
gin,1678,C=CC(=O)Nc1cc(Nc2nccc(Nc3ccccc3S(=O)(=O)N(C)C)n2)c(OC)cc1N(C)CCN(C)C,7.92081880569458,8.02110558001715,0.33895501693215835,0.7435897435897436,0.10028677432256927
gin,1968,C=CC(=O)Nc1ccc(C)c(Nc2ncc(C)c(Nc3cccc(Br)c3)n2)c1,6.0,7.872238029533349,0.11017821280666776,0.625,1.8722380295333494
gin,1969,C=CC(=O)Nc1ccc(C)c(Nc2ncc(C)c(Nc3cccc(C)c3)n2)c1,7.5,7.8538471477659755,0.28574892545986375,0.6451612903225806,0.3538471477659755
gin,1974,C=CC(=O)Nc1ccc(Nc2nc(Nc3ccc(OCCOC)c(F)c3)ncc2F)cc1,6.259637355804443,6.907518182972083,0.13227884592492656,0.7230769230769231,0.64788082716764
gin,1975,C=CC(=O)Nc1ccc(Nc2nc(Nc3cccc(OC)c3)ncc2C(F)(F)F)cc1,5.978810787200928,6.7540358267655565,0.19343819947281157,0.8,0.7752250395646287
gin,1976,C=CC(=O)Nc1ccc(Nc2nc(Nc3ccccc3)ncc2C)cc1,6.0,7.195620668486029,0.30105541963173676,0.7547169811320755,1.195620668486029
gin,2011,C=CC(=O)Nc1ccc(OC)c(Nc2ncc(Cl)c(Nc3ccccc3C(=O)C(=O)N(C)C)n2)c1,7.142541885375977,7.215614685619585,0.23508735650058146,0.575,0.07307280024360807
gin,2272,C=CC(=O)Nc1cccc(N(C)c2nc(Nc3ccccc3)ncc2C)c1,6.259637355804443,7.159941172149011,0.25068320058513116,0.6229508196721312,0.900303816344568
gin,2350,C=CC(=O)Nc1cccc(Nc2nc(Nc3cc(OC)c(OC)c(OC)c3)ncc2F)c1,6.129818439483643,7.090918852188324,0.022139061646314222,0.746031746031746,0.9611004127046812
gin,2374,C=CC(=O)Nc1cccc(Nc2nc(Nc3ccc(Cl)c(OC(C)(C)CO)c3)ncc2F)c1,6.259637355804443,7.427438367742063,0.4410788784948188,0.6438356164383562,1.1678010119376196
gin,2375,C=CC(=O)Nc1cccc(Nc2nc(Nc3ccc(Cl)c(OC(C)CO)c3)ncc2F)c1,7.259637355804443,7.148692611164051,0.23916848162887236,0.6619718309859155,0.11094474464039195
gin,2376,C=CC(=O)Nc1cccc(Nc2nc(Nc3ccc(Cl)c(OC)c3)ncc2F)c1,6.259637355804443,7.142368958527765,0.2765517999644992,0.7419354838709677,0.8827316027233216
gin,2377,C=CC(=O)Nc1cccc(Nc2nc(Nc3ccc(Cl)c(OCC(C)(C)O)c3)ncc2F)c1,6.259637355804443,7.553831823117179,0.1670643114463233,0.7611940298507462,1.2941944673127352
gin,2378,C=CC(=O)Nc1cccc(Nc2nc(Nc3ccc(Cl)c(OCC(O)CO)c3)ncc2F)c1,7.259637355804443,7.341807600824666,0.16741469700785688,0.6410256410256411,0.08217024502022241
gin,2379,C=CC(=O)Nc1cccc(Nc2nc(Nc3ccc(Cl)c(OCCCS(C)(=O)=O)c3)ncc2F)c1,6.259637355804443,7.674192390883974,0.17837592015984705,0.8,1.4145550350795304
gin,2380,C=CC(=O)Nc1cccc(Nc2nc(Nc3ccc(Cl)c(OCCOC)c3)ncc2F)c1,6.259637355804443,7.395939286250268,0.15496304169367373,0.7878787878787878,1.1363019304458248
gin,2381,C=CC(=O)Nc1cccc(Nc2nc(Nc3ccc(Cl)c(O[C@@H](C)CO)c3)ncc2F)c1,6.259637355804443,7.1933596993475035,0.2802092132167789,0.6619718309859155,0.9337223435430602
gin,2382,C=CC(=O)Nc1cccc(Nc2nc(Nc3ccc(Cl)c(O[C@@H](C)COC(=O)[C@@H](N)C(C)C)c3)ncc2F)c1,6.129818439483643,6.9289806965639755,0.3964703188171313,0.5949367088607594,0.799162257080333
gin,2384,C=CC(=O)Nc1cccc(Nc2nc(Nc3ccc(Cl)c(O[C@H](C)CO)c3)ncc2F)c1,6.259637355804443,7.390341251235526,0.23199921081936803,0.6619718309859155,1.1307038954310826
gin,2389,C=CC(=O)Nc1cccc(Nc2nc(Nc3ccc(F)cc3)ncc2F)c1,7.259637355804443,7.454721954683805,0.048546530991187296,0.7884615384615384,0.1950845988793617
gin,2433,C=CC(=O)Nc1cccc(Nc2nc(Nc3ccc(NC(C)C)cc3OC)ncc2C(F)(F)F)c1,9.0,7.021033407164339,0.1615136189900472,0.7272727272727273,1.9789665928356612
gin,2434,C=CC(=O)Nc1cccc(Nc2nc(Nc3ccc(NC(C)C)cc3OC)ncc2Cl)c1,8.301030158996582,7.874075034361425,0.29074388091912745,0.6891891891891891,0.42695512463515684
gin,2438,C=CC(=O)Nc1cccc(Nc2nc(Nc3ccc(OC(C)(C)CO)c(F)c3)ncc2F)c1,7.259637355804443,7.312892464670284,0.19855815244136504,0.6714285714285714,0.05325510886584084
gin,2439,C=CC(=O)Nc1cccc(Nc2nc(Nc3ccc(OC(C)(C)CO)cc3)ncc2F)c1,7.259637355804443,7.492377524373239,0.18142177393196943,0.6811594202898551,0.23274016856879598
gin,2441,C=CC(=O)Nc1cccc(Nc2nc(Nc3ccc(OC(C)CO)c(F)c3)ncc2F)c1,7.259637355804443,6.978728962107077,0.05126393043362009,0.6911764705882353,0.2809083936973664
gin,2442,C=CC(=O)Nc1cccc(Nc2nc(Nc3ccc(OC)c(OC)c3)ncc2F)c1,7.259637355804443,7.080543204290208,0.050012610615498124,0.7796610169491526,0.17909415151423502
gin,2443,C=CC(=O)Nc1cccc(Nc2nc(Nc3ccc(OC)c(OC)c3OC)ncc2Br)c1,7.187086582183838,7.341484153085958,0.1486990940160943,0.7575757575757576,0.1543975709021197
gin,2444,C=CC(=O)Nc1cccc(Nc2nc(Nc3ccc(OC)c(OC)c3OC)ncc2C(F)(F)F)c1,7.698969841003418,6.635205715610901,0.1675791381035341,0.7681159420289855,1.0637641253925167
gin,2445,C=CC(=O)Nc1cccc(Nc2nc(Nc3ccc(OC)c(OC)c3OC)ncc2Cl)c1,7.187086582183838,7.155147033938292,0.098697453262223,0.7575757575757576,0.031939548245546234
gin,2446,C=CC(=O)Nc1cccc(Nc2nc(Nc3ccc(OC)cc3OC)ncc2Br)c1,7.187086582183838,7.772801541184293,0.21171917290803502,0.7692307692307693,0.5857149590004553
gin,2447,C=CC(=O)Nc1cccc(Nc2nc(Nc3ccc(OC)cc3OC)ncc2C(F)(F)F)c1,7.698969841003418,6.861831988282202,0.15428240699434587,0.7794117647058824,0.8371378527212157
gin,2448,C=CC(=O)Nc1cccc(Nc2nc(Nc3ccc(OC)cc3OC)ncc2Cl)c1,6.698969841003418,7.595932184311209,0.178267945399429,0.7285714285714285,0.8969623433077913
gin,2461,C=CC(=O)Nc1cccc(Nc2nc(Nc3ccc(OCC(=O)NC(C)C(=O)OC)cc3)ncc2Cl)c1,7.0,6.984789327626757,0.14897854215627593,0.6266666666666667,0.015210672373243028
gin,2462,C=CC(=O)Nc1cccc(Nc2nc(Nc3ccc(OCC(=O)NCC(=O)O)cc3)ncc2Cl)c1,7.0,7.263105890089037,0.10297093605165863,0.64,0.2631058900890366
gin,2463,C=CC(=O)Nc1cccc(Nc2nc(Nc3ccc(OCC(=O)NCC(=O)OC)cc3)ncc2Cl)c1,7.0,7.215320616240604,0.06418886455788363,0.6625,0.2153206162406036
gin,2464,C=CC(=O)Nc1cccc(Nc2nc(Nc3ccc(OCC(C)(C)O)c(F)c3)ncc2F)c1,7.259637355804443,7.312856227549531,0.062310048992698853,0.796875,0.05321887174508788
gin,2466,C=CC(=O)Nc1cccc(Nc2nc(Nc3ccc(OCC(O)CO)c(F)c3)ncc2F)c1,8.0,7.103793804026068,0.04801261472908481,0.6307692307692307,0.8962061959739316
gin,2467,C=CC(=O)Nc1cccc(Nc2nc(Nc3ccc(OCC(O)CO)cc3)ncc2F)c1,8.0,7.241534300763206,0.05524694722740927,0.6575342465753424,0.758465699236794
gin,2470,C=CC(=O)Nc1cccc(Nc2nc(Nc3ccc(OCCCNC(=O)OC(C)(C)C)cc3)ncc2F)c1,8.0,6.789352708087524,0.08397560900222073,0.6410256410256411,1.2106472919124762
gin,2472,C=CC(=O)Nc1cccc(Nc2nc(Nc3ccc(OCCCS(C)(=O)=O)c(F)c3)ncc2F)c1,7.259637355804443,7.491758749816029,0.11058522009234714,0.835820895522388,0.23212139401158538
gin,2473,C=CC(=O)Nc1cccc(Nc2nc(Nc3ccc(OCCCS(C)(=O)=O)cc3)ncc2F)c1,6.759637355804443,7.520617329770118,0.04364061964435778,0.8208955223880597,0.7609799739656751
gin,2474,C=CC(=O)Nc1cccc(Nc2nc(Nc3ccc(OCCCS(C)(=O)=O)cc3OC)ncc2C(F)(F)F)c1,4.621150016784668,6.868811004465183,0.15625807501547304,0.6627906976744186,2.247660987680515
gin,2482,C=CC(=O)Nc1cccc(Nc2nc(Nc3ccc(OCCN=[N+]=[N-])cc3)ncc2F)c1,6.759637355804443,7.457094471568055,0.4374602651386612,0.684931506849315,0.697457115763612
gin,2484,C=CC(=O)Nc1cccc(Nc2nc(Nc3ccc(OCCOC)c(F)c3)ncc2C#N)c1,8.0,7.120621045459501,0.1508716713109485,0.7,0.8793789545404991
gin,2485,C=CC(=O)Nc1cccc(Nc2nc(Nc3ccc(OCCOC)c(F)c3)ncc2C(F)(F)F)c1,8.0,6.652839360689788,0.14393852554004427,0.7101449275362319,1.3471606393102116
gin,2486,C=CC(=O)Nc1cccc(Nc2nc(Nc3ccc(OCCOC)c(F)c3)ncc2F)c1,7.259637355804443,7.175796319953349,0.07275993748478994,0.8253968253968254,0.08384103585109415
gin,2487,C=CC(=O)Nc1cccc(Nc2nc(Nc3ccc(OCCOC)c(OCCOC)c3)ncc2F)c1,6.759637355804443,7.41415194025457,0.18419177488910743,0.8253968253968254,0.6545145844501263
gin,2491,C=CC(=O)Nc1cccc(Nc2nc(Nc3ccc(OCCOC)cc3)ncc2C#N)c1,8.0,7.046118303946578,0.21951557661638665,0.7246376811594203,0.953881696053422
gin,2492,C=CC(=O)Nc1cccc(Nc2nc(Nc3ccc(OCCOC)cc3)ncc2C(C)=O)c1,7.259637355804443,7.226009380868632,0.16687481456467593,0.8125,0.03362797493581127
gin,2494,C=CC(=O)Nc1cccc(Nc2nc(Nc3ccc(OCCOC)cc3)ncc2F)c1,7.5,7.201810271639246,0.09085852308810202,0.8095238095238095,0.29818972836075375
gin,2497,C=CC(=O)Nc1cccc(Nc2nc(Nc3ccc(OCCOCCN=[N+]=[N-])cc3)ncc2F)c1,6.759637355804443,7.652634333322084,0.378280883596352,0.6493506493506493,0.8929969775176403
gin,2500,C=CC(=O)Nc1cccc(Nc2nc(Nc3ccc(OCCOCCNC(=O)OC(C)(C)C)c(F)c3)ncc2F)c1,6.259637355804443,6.6352799063288,0.0741142311357143,0.6075949367088608,0.3756425505243568
gin,2501,C=CC(=O)Nc1cccc(Nc2nc(Nc3ccc(OCCOCCNC(=O)OC(C)(C)C)cc3)ncc2F)c1,7.5,6.7019170340933565,0.1211448454297744,0.6172839506172839,0.7980829659066435
gin,2502,C=CC(=O)Nc1cccc(Nc2nc(Nc3ccc(OCCOCCOC)c(F)c3)ncc2F)c1,7.259637355804443,7.301544801733044,0.05401093253655201,0.7878787878787878,0.04190744592860085
gin,2503,C=CC(=O)Nc1cccc(Nc2nc(Nc3ccc(OCCOCCOCCN=[N+]=[N-])cc3)ncc2F)c1,6.129818439483643,7.720000169615986,0.36488138912576296,0.6493506493506493,1.5901817301323433
gin,2509,C=CC(=O)Nc1cccc(Nc2nc(Nc3ccc(O[C@@H](C)CO)c(F)c3)ncc2F)c1,6.759637355804443,6.979771800998336,0.1514256785120141,0.6911764705882353,0.22013444519389225
gin,2510,C=CC(=O)Nc1cccc(Nc2nc(Nc3ccc(O[C@@H](C)COC(=O)[C@@H](N)C(C)C)c(F)c3)ncc2F)c1,6.759637355804443,6.6452297055433185,0.25387058741701074,0.618421052631579,0.11440765026112487
gin,2513,C=CC(=O)Nc1cccc(Nc2nc(Nc3ccc(O[C@H](C)CO)c(F)c3)ncc2F)c1,6.759637355804443,7.286553679204388,0.12282532811417257,0.6911764705882353,0.526916323399945
gin,2514,C=CC(=O)Nc1cccc(Nc2nc(Nc3ccc(O[C@H](C)COC(=O)[C@@H](N)C(C)C)c(F)c3)ncc2F)c1,7.5,6.773255987218088,0.3822274146244234,0.618421052631579,0.7267440127819116
gin,2536,C=CC(=O)Nc1cccc(Nc2nc(Nc3cccc(CO)c3)ncc2F)c1,8.0,7.3752574639875945,0.06545012164922857,0.7454545454545455,0.6247425360124055
gin,2538,C=CC(=O)Nc1cccc(Nc2nc(Nc3cccc(OC(C)(C)CO)c3)ncc2F)c1,7.259637355804443,7.57251363066473,0.13847440595225313,0.6911764705882353,0.3128762748602867
gin,2539,C=CC(=O)Nc1cccc(Nc2nc(Nc3cccc(OC(F)(F)F)c3)ncc2F)c1,6.259637355804443,6.831563334581858,0.07325084026501988,0.7068965517241379,0.5719259787774149
gin,2542,C=CC(=O)Nc1cccc(Nc2nc(Nc3cccc(OC)c3)ncc2C(F)(F)F)c1,7.259637355804443,6.847659689293479,0.07451631730008429,0.8166666666666667,0.411977666510964
gin,2543,C=CC(=O)Nc1cccc(Nc2nc(Nc3cccc(OC)c3)ncc2C(N)=O)c1,7.259637355804443,7.56409344411324,0.092904526646201,0.8135593220338984,0.3044560883087968
gin,2544,C=CC(=O)Nc1cccc(Nc2nc(Nc3cccc(OC)c3)ncc2OC)c1,7.259637355804443,7.15504408822202,0.15191272593378963,0.8035714285714286,0.10459326758242327
gin,2545,C=CC(=O)Nc1cccc(Nc2nc(Nc3cccc(OC)c3OC)ncc2Br)c1,6.187086582183838,7.451593330841888,0.053534133994779444,0.6911764705882353,1.2645067486580501
gin,2546,C=CC(=O)Nc1cccc(Nc2nc(Nc3cccc(OC)c3OC)ncc2C(F)(F)F)c1,6.698969841003418,6.635731446788071,0.13015879592302668,0.7761194029850746,0.06323839421534672
gin,2547,C=CC(=O)Nc1cccc(Nc2nc(Nc3cccc(OC)c3OC)ncc2Cl)c1,6.723361968994141,7.262813249618603,0.05965292066249185,0.765625,0.539451280624462
gin,2549,C=CC(=O)Nc1cccc(Nc2nc(Nc3cccc(OCC(C)(C)O)c3)ncc2F)c1,7.259637355804443,7.359613087338488,0.061892192127132865,0.8225806451612904,0.0999757315340446
gin,2550,C=CC(=O)Nc1cccc(Nc2nc(Nc3cccc(OCC(O)CO)c3)ncc2F)c1,8.0,7.267418793334741,0.08881330950745886,0.6666666666666666,0.7325812066652588
gin,2557,C=CC(=O)Nc1cccc(Nc2nc(Nc3cccc(OCCCNC(=O)OC(C)(C)C)c3)ncc2C)c1,6.259637355804443,6.841195424911621,0.08732050278320977,0.6197183098591549,0.581558069107178
gin,2558,C=CC(=O)Nc1cccc(Nc2nc(Nc3cccc(OCCCNC(=O)OC(C)(C)C)c3)ncc2F)c1,5.978810787200928,6.744089128282584,0.07419701439527132,0.6410256410256411,0.7652783410816566
gin,2559,C=CC(=O)Nc1cccc(Nc2nc(Nc3cccc(OCCCS(C)(=O)=O)c3)ncc2F)c1,7.259637355804443,7.55126235976789,0.032639236076914074,0.8333333333333334,0.29162500396344626
gin,2561,C=CC(=O)Nc1cccc(Nc2nc(Nc3cccc(OCCN(C)C)c3)ncc2F)c1,8.0,7.477366268523156,0.10455796039653296,0.7,0.5226337314768443
gin,2563,C=CC(=O)Nc1cccc(Nc2nc(Nc3cccc(OCCO)c3)ncc2F)c1,7.259637355804443,7.294720405957804,0.08714276026838845,0.7313432835820896,0.03508305015336077
gin,2564,C=CC(=O)Nc1cccc(Nc2nc(Nc3cccc(S(N)(=O)=O)c3)ncc2C)c1,8.0,7.477588663849417,0.06933866331685165,0.6612903225806451,0.5224113361505829
gin,2565,C=CC(=O)Nc1cccc(Nc2nc(Nc3cccc(S(N)(=O)=O)c3)ncc2F)c1,8.0,7.511455368213689,0.12526295281854627,0.7192982456140351,0.48854463178631136
gin,2567,C=CC(=O)Nc1cccc(Nc2nc(Nc3ccccc3)ncc2C#N)c1,8.0,7.3437605472922485,0.16012575528710327,0.7457627118644068,0.6562394527077515
gin,2571,C=CC(=O)Nc1cccc(Nc2nc(Nc3ccccc3)ncc2C(F)(F)F)c1,8.0,6.866369985705187,0.1652756541189269,0.7457627118644068,1.1336300142948126
gin,2572,C=CC(=O)Nc1cccc(Nc2nc(Nc3ccccc3)ncc2C(N)=O)c1,7.259637355804443,7.545242768153599,0.04218917135496678,0.803921568627451,0.28560541234915604
gin,2573,C=CC(=O)Nc1cccc(Nc2nc(Nc3ccccc3)ncc2C)c1,8.0,7.457372637194908,0.023737934725174995,0.8461538461538461,0.5426273628050922
gin,2574,C=CC(=O)Nc1cccc(Nc2nc(Nc3ccccc3)ncc2F)c1,7.259637355804443,7.404073948295888,0.05480834127907075,0.82,0.14443659249144503
gin,2575,C=CC(=O)Nc1cccc(Nc2nc(Nc3ccccc3OC)ncc2Br)c1,6.698969841003418,7.890855650508968,0.1047446914688847,0.65625,1.1918858095055498
gin,2576,C=CC(=O)Nc1cccc(Nc2nc(Nc3ccccc3OC)ncc2C(F)(F)F)c1,6.698969841003418,6.8366539793537,0.18054678372584262,0.7692307692307693,0.1376841383502816
gin,2577,C=CC(=O)Nc1cccc(Nc2nc(Nc3ccccc3OC)ncc2Cl)c1,6.187086582183838,7.717317250928062,0.13021297839104834,0.7580645161290323,1.530230668744224
gin,2594,C=CC(=O)Nc1cccc(Nc2ncc(C)c(Nc3cccc(Br)c3)n2)c1,7.259637355804443,7.802695736896936,0.20184908493733567,0.7068965517241379,0.5430583810924929
gin,2595,C=CC(=O)Nc1cccc(Nc2ncc(C)c(Nc3cccc(C)c3)n2)c1,8.0,7.862130216253291,0.1786014502788608,0.7321428571428571,0.13786978374670866
gin,2596,C=CC(=O)Nc1cccc(Nc2ncc(C)c(Nc3ccccc3)n2)c1,8.0,7.393536433637564,0.020215636907651113,0.8461538461538461,0.6064635663624358
gin,2598,C=CC(=O)Nc1cccc(Nc2ncc(F)c(Nc3ccc(OCCOC)cc3)n2)c1,7.5,7.105381550047198,0.11690888427832498,0.8095238095238095,0.3946184499528016
gin,2600,C=CC(=O)Nc1cccc(Nc2ncc(F)c(Nc3cccc(C)c3)n2)c1,8.0,7.8268478350351245,0.10381759338130168,0.7857142857142857,0.1731521649648755
gin,2606,C=CC(=O)Nc1cccc(Nc2nccc(Nc3cccc(C)c3)n2)c1,8.0,6.92141694063924,0.48118192179398983,0.6271186440677966,1.07858305936076
gin,3358,CC(C)=CC(=O)c1ccc(Nc2nc(Nc3ccccc3)ncc2F)cc1,5.978810787200928,6.156599878021396,0.04472414084799548,0.49230769230769234,0.17778909082046823
gin,3359,CC(C)=CC(=O)c1cccc(Nc2nc(Nc3cccc(OC(F)(F)F)c3)ncc2F)c1,5.978810787200928,6.003641433812845,0.17617772648227215,0.4794520547945205,0.024830646611917473
gin,3360,CC(C)=CC(=O)c1cccc(Nc2nc(Nc3cccc(OCCN(C)C)c3)ncc2F)c1,6.259637355804443,6.2271159432544465,0.07425973113708044,0.49382716049382713,0.03252141254999685
gin,3361,CC(C)=CC(=O)c1cccc(Nc2nc(Nc3cccc(S(N)(=O)=O)c3)ncc2C)c1,6.259637355804443,6.3634699521670335,0.10930607791178107,0.5394736842105263,0.10383259636259012
gin,3362,CC(C)=CC(=O)c1cccc(Nc2nc(Nc3ccccc3)ncc2C)c1,5.978810787200928,6.47122940770231,0.24258629265790888,0.5555555555555556,0.4924186205013825
gin,3505,CC(C)S(=O)(=O)c1ccccc1Nc1nc(Nc2cccc(NC(=O)CN)c2)ncc1Cl,6.0,6.192398720372534,0.2630462127003082,0.6075949367088608,0.19239872037253392
gin,3933,CCC(=O)Nc1cccc(Nc2nc(Nc3ccccc3)ncc2C)c1,5.6192240715026855,6.7619191411185495,0.06910595199758574,0.6271186440677966,1.142695069615864
gin,6259,COCCN(C)C/C=C/C(=O)Nc1cccc(Nc2ncc(F)c(Nc3cccc(C)c3)n2)c1,8.0,7.094687205531294,0.18321035474452127,0.6486486486486487,0.9053127944687063
gin,6374,COCCOc1ccc(Nc2ncc(F)c(Nc3ccc(C(=O)C=C(C)C)cc3)n2)cc1F,5.978810787200928,5.899838043764092,0.08704974448398341,0.6388888888888888,0.07897274343683591
gin,6375,COCCOc1ccc(Nc2ncc(F)c(Nc3ccc(CC(=O)C=C(C)C)cc3)n2)cc1F,5.978810787200928,5.871633975369974,0.19981061636565708,0.7647058823529411,0.10717681183095351
gin,6377,COCCOc1ccc(Nc2ncc(F)c(Nc3cccc(C(=O)C=C(C)C)c3)n2)cc1F,5.698969841003418,6.116730771812655,0.11014053021747439,0.5921052631578947,0.41776093080923715
gin,6378,COCCOc1ccc(Nc2ncc(F)c(Nc3cccc(CC(=O)C=C(C)C)c3)n2)cc1F,5.698969841003418,5.897406312909652,0.1880237158085373,0.6621621621621622,0.19843647190623415
gin,9063,COc1cccc(Nc2ccnc(Nc3cccc(OC)c3)n2)c1,4.778000831604004,5.097969046727968,0.28753594791637493,0.5333333333333333,0.31996821512396423
gin,9070,COc1cccc(Nc2ncc(C(F)(F)F)c(Nc3cccc(C(=O)C=C(C)C)c3)n2)c1,5.978810787200928,5.879026762387056,0.147576606507824,0.6301369863013698,0.0997840248138715
gin,9213,COc1ccccc1Nc1ccnc(Nc2ccccc2OC)n1,4.021915912628174,5.225518110456875,0.4034963280686522,0.5454545454545454,1.203602197828701
gin,10168,Cc1cccc(Nc2nc(Nc3cccc(NC(=O)/C=C/CN(C)C)c3)ncc2C)c1,7.5,7.1539360053665035,0.17276265190702553,0.6,0.34606399463349646
gin,10169,Cc1cccc(Nc2nc(Nc3cccc(NC(=O)/C=C/CN(C)C)c3)ncc2F)c1,8.0,7.160948488373791,0.22061170457316767,0.7272727272727273,0.8390515116262094
gin,10267,Cc1cnc(Nc2ccccc2)nc1Nc1cccc(NC(=O)/C=C/CN(C)C)c1,7.259637355804443,6.883120155383864,0.11680695670724514,0.625,0.37651720042057946
gin,12398,O=C(COc1ccc(Nc2ncc(Cl)c(Nc3ccccc3C(=O)NO)n2)cc1)NO,7.184355735778809,7.689577277740938,0.14540210901339373,0.7272727272727273,0.5052215419621291
gin,13371,[2H]C([2H])([2H])C([2H])([2H])[S+]([O-])c1c(F)cccc1Nc1nc(Nc2cc(NC(=O)C=C)c(N(C)CCN(C)C)cc2OC)ncc1Cl,8.928117752075195,7.539710259312553,0.956228067882844,0.631578947368421,1.3884074927626422
gin,13372,[2H]C([2H])([2H])C([2H])([2H])[S+]([O-])c1cc(Cl)ccc1Nc1nc(Nc2cc(NC(=O)C=C)c(N(C)CCN(C)C)cc2OC)ncc1Cl,8.440093040466309,7.36485123030203,0.6766662580977094,0.6105263157894737,1.0752418101642789
gin,13373,[2H]C([2H])([2H])C([2H])([2H])[S+]([O-])c1ccccc1Nc1nc(Nc2cc(NC(=O)C=C)c(N(C)CCN(C)C)cc2OC)ncc1Cl,8.684029579162598,7.382336609150872,0.849383235531138,0.6703296703296703,1.3016929700117252
gin,13374,[2H]C([2H])([2H])C([2H])([S+]([O-])c1c(F)cccc1Nc1nc(Nc2cc(NC(=O)C=C)c(N(C)CCN(C)C)cc2OC)ncc1Cl)C([2H])([2H])[2H],8.465973854064941,7.357161238344774,0.9609537829684325,0.6185567010309279,1.1088126157201676
gin,13375,[2H]C([2H])([2H])C([2H])([S+]([O-])c1ccccc1Nc1nc(Nc2cc(NC(=O)C=C)c(N(C)CCN(C)C)cc2OC)ncc1Cl)C([2H])([2H])[2H],8.863279342651367,7.209978395150767,0.8154694741844906,0.6630434782608695,1.6533009475006004
gin,145,C#CCn1cc(-c2ccnc(Nc3cc(NC(=O)C=C)c(N(C)CCN(C)C)cc3OC)n2)c2ccccc21,8.995678901672363,8.099969986279945,0.23452202331636837,0.7738095238095238,0.8957089153924187
gin,362,C/C=C\C(=O)Nc1cc(Nc2nccc(-c3cn(C)c4ccccc34)n2)c(OC)cc1N(C)CCN(C)C,7.28399658203125,7.265908094062468,0.26220897858233466,0.7848101265822784,0.018088487968782374
gin,413,C=C(Cl)C(=O)Nc1cc(Nc2nc(C)cc(-c3cn(C)c4ccccc34)n2)c(OC)cc1N(C)CCN(C)C,8.0,7.69520947795904,0.29621907631245287,0.7078651685393258,0.30479052204096035
gin,416,C=C(Cl)C(=O)Nc1cc(Nc2ncc(C#N)c(-c3cn(C)c4ccccc34)n2)c(OC)cc1N(C)CCN(C)C,7.698969841003418,7.46724767412811,0.3787040786659443,0.717391304347826,0.23172216687530778
gin,418,C=C(Cl)C(=O)Nc1cc(Nc2nccc(-c3cn(C)c4ccccc34)n2)c(OC)cc1N(C)CCN(C)C,7.481485843658447,7.577842973716287,0.4240361831243327,0.7875,0.09635713005783941
gin,430,C=C(F)C(=O)Nc1cc(Nc2nccc(-c3cn(C)c4ccccc34)n2)c(OC)cc1N(C)CCN(C)C,8.221848487854004,7.9812125967465875,0.10586000390254865,0.7848101265822784,0.24063589110741646
gin,443,C=C=CC(=O)Nc1cc(Nc2ncc(C)c(-c3cn(C)c4ccccc34)n2)c(OC)cc1N(C)CCN(C)C,8.641998291015625,8.488476016869413,0.044324719537674175,0.6736842105263158,0.1535222741462121
gin,444,C=C=CC(=O)Nc1cc(Nc2ncc(OC)c(-c3cn(C)c4ccccc34)n2)c(OC)cc1N(C)CCN(C)C,8.677781105041504,8.443280211089927,0.16086787612087378,0.6956521739130435,0.23450089395157647
gin,445,C=C=CC(=O)Nc1cc(Nc2nccc(-c3c[nH]c4ccccc34)n2)c(OC)cc1N(C)CCN(C)C,8.897939682006836,9.03580040275159,0.19861055448435955,0.7142857142857143,0.13786072074475442
gin,446,C=C=CC(=O)Nc1cc(Nc2nccc(-c3cn(C)c4cc(Cl)ccc34)n2)c(OC)cc1N(C)CCN(C)C,8.049653053283691,8.695658839801013,0.1265186061173448,0.6881720430107527,0.6460057865173212
gin,447,C=C=CC(=O)Nc1cc(Nc2nccc(-c3cn(C)c4cc(F)ccc34)n2)c(OC)cc1N(C)CCN(C)C,8.489405632019043,8.891813117941183,0.17265987900431334,0.6881720430107527,0.40240748592214004
gin,448,C=C=CC(=O)Nc1cc(Nc2nccc(-c3cn(C)c4ccccc34)n2)c(C)cc1N(C)CCN(C)C,8.04648208618164,8.642155359729031,0.04421203887005884,0.6888888888888889,0.5956732735473906
gin,449,C=C=CC(=O)Nc1cc(Nc2nccc(-c3cn(C)c4ccccc34)n2)c(OC)cc1N(C)CCN(C)C,8.204133987426758,8.751002811237925,0.15880864249123125,0.8117647058823529,0.5468688238111667
gin,451,C=C=CC(=O)Nc1cc(Nc2nccc(-c3cn(C)c4ccccc34)n2)c(OC)cc1N(CC)CCN(C)C,8.346037864685059,8.631465694888618,0.19531952137186107,0.7252747252747253,0.28542783020355955
gin,461,C=C=CC(=O)Nc1cc(Nc2nccc(-c3cn(C)c4ccccc34)n2)c(OCC)cc1N(C)CCN(C)C,8.46479606628418,8.741843221669683,0.23705466322434196,0.7222222222222222,0.2770471553855032
gin,462,C=C=CC(=O)Nc1cc(Nc2nccc(-c3cn(C)c4ccccc34)n2)ccc1N(C)CCN(C)C,8.232987403869629,8.357133543886164,0.10027771984726704,0.6413043478260869,0.1241461400165349
gin,1282,C=CC(=O)Nc1cc(Nc2nc(C)cc(-c3cn(C)c4ccc(F)cc34)n2)c(OC)cc1N(C)CCN(C)C,6.228412628173828,7.991363305861228,0.015961846338908577,0.6666666666666666,1.7629506776873995
gin,1283,C=CC(=O)Nc1cc(Nc2nc(C)cc(-c3cn(C)c4ccccc34)n2)c(OC)cc1N(C)CCN(C)C,7.031517028808594,7.954670163234567,0.11528614813244249,0.7974683544303798,0.9231531344259736
gin,1289,C=CC(=O)Nc1cc(Nc2nc(OC)cc(-c3cn(C)c4ccccc34)n2)c(OC)cc1N(C)CCN(C)C,7.348423480987549,7.909482416499287,0.21682055131897082,0.775,0.5610589355117384
gin,1307,C=CC(=O)Nc1cc(Nc2ncc(C#N)c(-c3cn(C)c4ccc(F)cc34)n2)c(OC)cc1N(C)CCN(C)C,5.698969841003418,7.793005679319691,0.07416024725426405,0.6666666666666666,2.094035838316273
gin,1308,C=CC(=O)Nc1cc(Nc2ncc(C#N)c(-c3cn(C)c4ccccc34)n2)c(OC)cc1N(C)CCN(C)C,6.022878646850586,7.760745696882054,0.13541593545643352,0.7582417582417582,1.7378670500314684
gin,1312,C=CC(=O)Nc1cc(Nc2ncc(C(=O)OC(C)C)c(-c3c[nH]c4ccccc34)n2)c(OC)cc1N(C)CCN(C)C,7.0,7.633691178401278,0.13976706926943971,0.8470588235294118,0.6336911784012784
gin,1315,C=CC(=O)Nc1cc(Nc2ncc(C(=O)OC(C)C)c(-c3cn(C(C)=O)c4ccccc34)n2)c(OC)cc1N(C)CCN(C)C,7.0,7.387133808798154,0.21864271985070263,0.8241758241758241,0.3871338087981542
gin,1316,C=CC(=O)Nc1cc(Nc2ncc(C(=O)OC(C)C)c(-c3cn(C)c4c(OC)cccc34)n2)c(OC)cc1N(C)CCN(C)C,7.0,7.241348971324655,0.07401668279026918,0.8409090909090909,0.24134897132465483
gin,1318,C=CC(=O)Nc1cc(Nc2ncc(C(=O)OC(C)C)c(-c3cn(C)c4ccccc34)n2)c(OC)cc1N(C)CCN(C)C,7.462181091308594,7.373198120989599,0.1042279531906469,0.8505747126436781,0.0889829703189946
gin,1319,C=CC(=O)Nc1cc(Nc2ncc(C(=O)OC(C)C)c(-c3cn(C)c4ccccc34)n2)c(OC)cc1N(C)CCNC,7.0,7.186175411521063,0.1207802621518038,0.8539325842696629,0.18617541152106298
gin,1323,C=CC(=O)Nc1cc(Nc2ncc(C(=O)OC(C)C)c(-c3cn(C)c4ccccc34)n2)c(OC)cc1OCCN(C)C,7.0,7.306563585800987,0.03794157781378224,0.7040816326530612,0.30656358580098697
gin,1327,C=CC(=O)Nc1cc(Nc2ncc(C(=O)OC(C)C)c(-c3cn(CC)c4ccccc34)n2)c(OC)cc1N(C)CCN(C)C,7.0,7.612893300186414,0.3022250973055826,0.8241758241758241,0.6128933001864141
gin,1336,C=CC(=O)Nc1cc(Nc2ncc(C(=O)OC(C)CC)c(-c3cn(C)c4ccccc34)n2)c(OC)cc1N(C)CCN(C)C,7.0,7.47760758259858,0.12829740341301943,0.7849462365591398,0.47760758259857994
gin,1337,C=CC(=O)Nc1cc(Nc2ncc(C(=O)OC)c(-c3cn(C)c4ccccc34)n2)c(OC)cc1C#CCN(C)C,6.761439323425293,7.056681860463172,0.1416962864320561,0.6666666666666666,0.29524253703787906
gin,1338,C=CC(=O)Nc1cc(Nc2ncc(C(=O)OC)c(-c3cn(C)c4ccccc34)n2)c(OC)cc1CCCN(C)C,6.761439323425293,6.7076076418413875,0.41290880875778957,0.6914893617021277,0.0538316815839055
gin,1340,C=CC(=O)Nc1cc(Nc2ncc(C(=O)OC)c(-c3cn(C)c4ccccc34)n2)c(OC)cc1N(C)CCN(C)C,7.0,7.379338426797943,0.11996332980440219,0.8588235294117647,0.3793384267979434
gin,1341,C=CC(=O)Nc1cc(Nc2ncc(C(=O)OC)c(-c3cn(N(C)C)c4ccccc34)n2)c(OC)cc1F,6.062469482421875,7.12649349521616,0.23578058908175506,0.6170212765957447,1.0640240127942846
gin,1342,C=CC(=O)Nc1cc(Nc2ncc(C(=O)OC)c(-c3cn(N(C)C)c4ccccc34)n2)c(OC)cc1N(C)CCN(C)C,7.0,7.760520272269673,0.3366927275896436,0.7555555555555555,0.7605202722696731
gin,1348,C=CC(=O)Nc1cc(Nc2ncc(C(=O)OCC#N)c(-c3cn(C)c4ccccc34)n2)c(OC)cc1N(C)CCN(C)C,7.0,7.828477219451315,0.1833459820422324,0.8241758241758241,0.8284772194513152
gin,1349,C=CC(=O)Nc1cc(Nc2ncc(C(=O)OCC(C)C)c(-c3cn(C)c4ccccc34)n2)c(OC)cc1N(C)CCN(C)C,7.0,7.665860939553255,0.02135326702158226,0.8333333333333334,0.6658609395532551
gin,1350,C=CC(=O)Nc1cc(Nc2ncc(C(=O)OCC)c(-c3cn(C)c4ccccc34)n2)c(OC)cc1N(C)CCN(C)C,7.0,7.734670745090284,0.16654339877537877,0.8620689655172413,0.7346707450902841
gin,1361,C=CC(=O)Nc1cc(Nc2ncc(C)c(-c3cn(C)c4ccccc34)n2)c(OC)cc1N(C)CCN(C)C,5.698969841003418,7.748702884225764,0.32393573763055,0.7727272727272727,2.0497330432223464
gin,1362,C=CC(=O)Nc1cc(Nc2ncc(CC)c(-c3cn(CC(=O)NC)c4ccccc34)n2)c(OC)cc1N(C)CCN(C)C,7.0,7.360918795390603,0.044375977961862045,0.6631578947368421,0.360918795390603
gin,1363,C=CC(=O)Nc1cc(Nc2ncc(CC)c(-c3cn(CC(N)=O)c4ccccc34)n2)c(OC)cc1N(C)CCN(C)C,7.0,7.546107172090046,0.14970179863401756,0.6702127659574468,0.5461071720900463
gin,1367,C=CC(=O)Nc1cc(Nc2ncc(Cl)c(-c3c[nH]c4ccccc34)n2)c(OC)cc1N(C)CCN(C)C,7.0,7.790214792301953,0.027061316222776317,0.7261904761904762,0.7902147923019527
gin,1373,C=CC(=O)Nc1cc(Nc2ncc(Cl)c(-c3cn(C)c4ccccc34)n2)c(OC)cc1C#CC(C)(C)N(C)C,6.522878646850586,7.559047024953998,0.21873993351208176,0.5816326530612245,1.0361683781034117
gin,1374,C=CC(=O)Nc1cc(Nc2ncc(Cl)c(-c3cn(C)c4ccccc34)n2)c(OC)cc1C#CCN(C)C,6.522878646850586,7.1421506534522194,0.24819499049733734,0.6210526315789474,0.6192720066016335
gin,1375,C=CC(=O)Nc1cc(Nc2ncc(Cl)c(-c3cn(C)c4ccccc34)n2)c(OC)cc1N(C)CCN(C)C,5.698969841003418,7.52867062976307,0.08865692109931883,0.8313253012048193,1.8297007887596521
gin,1376,C=CC(=O)Nc1cc(Nc2ncc(Cl)c(-c3cn(C)c4ccccc34)n2)c(OC)cc1O[C@@H](COCC)CN(C)C,6.522878646850586,7.3481385087441,0.09720169374647167,0.63,0.8252598618935139
gin,1465,C=CC(=O)Nc1cc(Nc2ncc(N(C)C(=O)C(C)C)c(-c3cn(C)c4ccccc34)n2)c(OC)cc1N(C)CCN(C)C,6.323908805847168,6.812260074166638,0.1701508631145452,0.723404255319149,0.4883512683194704
gin,1466,C=CC(=O)Nc1cc(Nc2ncc(NC(=O)C(C)(C)C)c(-c3cn(C)c4ccccc34)n2)c(OC)cc1N(C)CCN(C)C,6.062469482421875,6.9922248390093955,0.019843553284161687,0.7311827956989247,0.9297553565875205
gin,1467,C=CC(=O)Nc1cc(Nc2ncc(NC(=O)C(C)(C)C)c(-c3cn(C)c4ccccc34)n2)c(OC)cc1OC,6.0,6.483165596095888,0.1205873207777476,0.5714285714285714,0.48316559609588783
gin,1468,C=CC(=O)Nc1cc(Nc2ncc(NC(=O)C(C)C)c(-c3cn(C)c4ccccc34)n2)c(OC)cc1N(C)CCN(C)C,6.261439323425293,7.340039812326609,0.15428476698865062,0.7391304347826086,1.0786004889013157
gin,1470,C=CC(=O)Nc1cc(Nc2ncc(NC(=O)NC)c(-c3cn(C)c4ccccc34)n2)c(OC)cc1N(C)CCN(C)C,6.0,7.235628764629141,0.0746238628743831,0.7391304347826086,1.2356287646291406
gin,1475,C=CC(=O)Nc1cc(Nc2ncc(P(C)(C)=O)c(-c3cn(C)c4ccccc34)n2)c(OC)cc1N(C)CCN(C)C,6.261439323425293,8.675675553770645,0.2123891259198304,0.7391304347826086,2.4142362303453524
gin,1503,C=CC(=O)Nc1cc(Nc2nccc(-c3c(C#N)n(C)c4ccccc34)n2)c(OC)cc1N(C)CCN(C)C,7.0,7.29742054299372,0.07269519039227174,0.7951807228915663,0.29742054299372
gin,1504,C=CC(=O)Nc1cc(Nc2nccc(-c3c(C(=O)N(C)C)n(C)c4ccccc34)n2)c(OC)cc1N(C)CCN(C)C,7.0,6.7056538666068475,0.06099566608855964,0.8048780487804879,0.2943461333931525
gin,1505,C=CC(=O)Nc1cc(Nc2nccc(-c3c(C(=O)NC)n(C)c4ccccc34)n2)c(OC)cc1N(C)CCN(C)C,6.522878646850586,6.839635474734003,0.08611905116024351,0.7951807228915663,0.31675682788341675
gin,1506,C=CC(=O)Nc1cc(Nc2nccc(-c3c(C(=O)NCCOC)n(C)c4ccccc34)n2)c(OC)cc1N(C)CCN(C)C,6.12493896484375,6.7477630620279685,0.09360398923945036,0.7586206896551724,0.6228240971842185
gin,1507,C=CC(=O)Nc1cc(Nc2nccc(-c3c(C(=O)OC(C)C)n(C)c4ccccc34)n2)c(OC)cc1N(C)CCN(C)C,6.761439323425293,6.729654623682411,0.1749733329818112,0.7674418604651163,0.03178469974288234
gin,1508,C=CC(=O)Nc1cc(Nc2nccc(-c3c(C(=O)OC)n(C)c4ccccc34)n2)c(OC)cc1N(C)CCN(C)C,7.0,6.760182149171951,0.11820912431403868,0.8148148148148148,0.2398178508280493
gin,1509,C=CC(=O)Nc1cc(Nc2nccc(-c3c(C(N)=O)n(C)c4ccccc34)n2)c(OC)cc1N(C)CCN(C)C,6.761439323425293,7.170634916523326,0.06452866180999531,0.8048780487804879,0.40919559309803333
gin,1511,C=CC(=O)Nc1cc(Nc2nccc(-c3c[nH]c4ccccc34)n2)c(OC)cc1N(C)CCN(C)C,6.590228080749512,8.2907992080942,0.09698294020043935,0.7662337662337663,1.7005711273446877
gin,1559,C=CC(=O)Nc1cc(Nc2nccc(-c3cn(C(C)=O)c4ccccc34)n2)c(OC)cc1N(C)CCN(C)C,8.679853439331055,8.01217084349787,0.1093326355954531,0.8024691358024691,0.6676825958331847
gin,1560,C=CC(=O)Nc1cc(Nc2nccc(-c3cn(C)c4c(C(=O)OC(C)C)cccc34)n2)c(OC)cc1N(C)CCN(C)C,6.761439323425293,7.1762692958269625,0.26731909964374495,0.7127659574468085,0.4148299724016695
gin,1561,C=CC(=O)Nc1cc(Nc2nccc(-c3cn(C)c4c(C(=O)OC)cccc34)n2)c(OC)cc1N(C)CCN(C)C,6.761439323425293,7.251060991226268,0.18184864082964294,0.7261904761904762,0.48962166780097505
gin,1562,C=CC(=O)Nc1cc(Nc2nccc(-c3cn(C)c4c(F)cccc34)n2)c(OC)cc1N(C)CCN(C)C,8.221848487854004,8.189074294128886,0.07032993245930236,0.7349397590361446,0.032774193725117584
gin,1563,C=CC(=O)Nc1cc(Nc2nccc(-c3cn(C)c4c(F)cccc34)n2)c(OC)cc1N(C)CC[N+](C)(C)[O-],7.749579906463623,8.856779824060936,0.25241873709827906,0.631578947368421,1.1071999175973133
gin,1565,C=CC(=O)Nc1cc(Nc2nccc(-c3cn(C)c4cc(C#N)ccc34)n2)c(OC)cc1N(C)CCN(C)C,7.0,7.977659529909857,0.21494987907643157,0.7380952380952381,0.9776595299098574
gin,1566,C=CC(=O)Nc1cc(Nc2nccc(-c3cn(C)c4cc(C(=O)OC(C)C)ccc34)n2)c(OC)cc1N(C)CCN(C)C,6.562469482421875,7.003666174046437,0.21081248877171227,0.7209302325581395,0.44119669162456177
gin,1567,C=CC(=O)Nc1cc(Nc2nccc(-c3cn(C)c4cc(C(=O)OC)ccc34)n2)c(OC)cc1N(C)CCN(C)C,6.761439323425293,7.232986098294987,0.16731241373838146,0.7654320987654321,0.47154677486969376
gin,1568,C=CC(=O)Nc1cc(Nc2nccc(-c3cn(C)c4ccc(C(=O)OC)cc34)n2)c(OC)cc1N(C)CCN(C)C,6.761439323425293,7.144043328557288,0.08387699243813325,0.7560975609756098,0.382604005131995
gin,1569,C=CC(=O)Nc1cc(Nc2nccc(-c3cn(C)c4ccc(F)cc34)n2)c(OC)cc1N(C)CCN(C)C,9.232353210449219,8.060189486690206,0.10557873644372925,0.7654320987654321,1.172163723759013
gin,1570,C=CC(=O)Nc1cc(Nc2nccc(-c3cn(C)c4ccc(F)cc34)n2)c(OC)cc1N(C)CC[N+](C)(C)[O-],7.991399765014648,8.758365748355459,0.2038601365049257,0.6559139784946236,0.7669659833408105
gin,1571,C=CC(=O)Nc1cc(Nc2nccc(-c3cn(C)c4cccc(C)c34)n2)c(OC)cc1N(C)CCN(C)C,6.0,7.507704483277706,0.10452375306886519,0.810126582278481,1.5077044832777062
gin,1572,C=CC(=O)Nc1cc(Nc2nccc(-c3cn(C)c4ccccc34)n2)c(OC)cc1N(C)CCCl,6.644679069519043,7.734632936170129,0.041388878112997546,0.8148148148148148,1.0899538666510864
gin,1573,C=CC(=O)Nc1cc(Nc2nccc(-c3cn(C)c4ccccc34)n2)c(OC)cc1N(C)CCN(C)C,7.92081880569458,8.010530713689406,0.1572958382183732,0.8481012658227848,0.08971190799482542
gin,1575,C=CC(=O)Nc1cc(Nc2nccc(-c3cn(C)c4ccccc34)n2)c(OC)cc1N(C)CCN(C)CC(=O)OC,8.244125366210938,7.327592704286019,0.09099246694526526,0.8414634146341463,0.9165326619249186
gin,1578,C=CC(=O)Nc1cc(Nc2nccc(-c3cn(C)c4ccccc34)n2)c(OC)cc1N(C)CCNC,6.522878646850586,7.745687887191508,0.0849928777250896,0.8461538461538461,1.222809240340922
gin,1579,C=CC(=O)Nc1cc(Nc2nccc(-c3cn(C)c4ccccc34)n2)c(OC)cc1N(C)CCO,6.658580303192139,7.718626759876912,0.0035325600056843915,0.825,1.0600464566847734
gin,1580,C=CC(=O)Nc1cc(Nc2nccc(-c3cn(C)c4ccccc34)n2)c(OC)cc1N(C)CCSC,6.589505195617676,7.677009569818978,0.22788683271324064,0.7951807228915663,1.087504374201302
gin,1581,C=CC(=O)Nc1cc(Nc2nccc(-c3cn(C)c4ccccc34)n2)c(OC)cc1N(C)CC[N+](C)(C)[O-],8.193819999694824,8.72097429812186,0.17299060498984234,0.7764705882352941,0.5271542984270354
gin,1582,C=CC(=O)Nc1cc(Nc2nccc(-c3cn(C)c4ccccc34)n2)c(OC)cc1N(C)CC[S+](C)[O-],6.651058673858643,7.983489019531049,0.2368593353421307,0.7764705882352941,1.3324303456724067
gin,1587,C=CC(=O)Nc1cc(Nc2nccc(-c3cn(C)c4ccccc34)n2)c(OC)cc1S(=O)(=O)CCN(C)C,6.838270664215088,6.984274381136846,0.2752267644034727,0.7045454545454546,0.14600371692175784
gin,1588,C=CC(=O)Nc1cc(Nc2nccc(-c3cn(C)c4ccccc34)n2)c(OC)cc1SCCN(C)C,7.9062395095825195,7.547554427822831,0.17191751778796252,0.7011494252873564,0.3586850817596883
gin,1589,C=CC(=O)Nc1cc(Nc2nccc(-c3cn(C)c4ccccc34)n2)c(OC)cc1[S+]([O-])CCN(C)C,8.301030158996582,7.997269327824199,0.37053069280374834,0.8313253012048193,0.30376083117238295
gin,1598,C=CC(=O)Nc1cc(Nc2nccc(-c3cn(CC(N)=O)c4ccccc34)n2)c(OC)cc1N(C)CCN(C)C,7.0,7.791900389980384,0.060497297943313016,0.7738095238095238,0.791900389980384
gin,1599,C=CC(=O)Nc1cc(Nc2nccc(-c3cn(CCCO)c4ccccc34)n2)c(OC)cc1F,7.747147083282471,7.317126377851508,0.18560278564501131,0.6162790697674418,0.4300207054309624
gin,1600,C=CC(=O)Nc1cc(Nc2nccc(-c3cn(CCO)c4ccccc34)n2)c(OC)cc1N(C)CCN(C)C,9.06550121307373,8.059963890608799,0.21375951964056153,0.7831325301204819,1.0055373224649315
gin,1603,C=CC(=O)Nc1cc(Nc2nccc(-c3cn(S(=O)(=O)N(C)C)c4ccccc34)n2)c(OC)cc1N(C)CCN(C)C,9.698969841003418,8.638534391158146,0.23214728388775546,0.7738095238095238,1.0604354498452722
gin,1978,C=CC(=O)Nc1ccc(Nc2ncc(Cl)c(-c3c[nH]c4ccccc34)n2)cc1,4.721246242523193,6.988325118959153,0.14221243291395672,0.5897435897435898,2.26707887643596
gin,1980,C=CC(=O)Nc1ccc(Nc2nccc(-c3cn(C)c4ccccc34)n2)cc1,6.744727611541748,6.393022778055517,0.0961635891451615,0.6266666666666667,0.35170483348623094
gin,2005,C=CC(=O)Nc1ccc(OC)c(Nc2ncc(C#N)c(-c3cn(C)c4cc(OCCCN(C)C)ccc34)n2)c1,6.761439323425293,7.087942021301359,0.29973143277795333,0.7419354838709677,0.3265026978760659
gin,2008,C=CC(=O)Nc1ccc(OC)c(Nc2ncc(Cl)c(-c3c[nH]c4ccccc34)n2)c1,7.379725456237793,7.172664824005253,0.2057052527094107,0.7088607594936709,0.20706063223254034
gin,2597,C=CC(=O)Nc1cccc(Nc2ncc(Cl)c(-c3c[nH]c4ccccc34)n2)c1,6.830075740814209,7.177150539450636,0.20115551223979336,0.5875,0.3470747986364273
gin,2758,C=CCCN(C)CCN(C)c1cc(OC)c(Nc2nccc(-c3cn(C)c4ccccc34)n2)cc1NC(=O)C=C,8.698969841003418,7.280226314978151,0.021839563290842846,0.8414634146341463,1.418743526025267
gin,2774,C=CCn1cc(-c2ccnc(Nc3cc(NC(=O)C=C)c(N(C)CCN(C)C)cc3OC)n2)c2ccccc21,8.821022987365723,7.575149109588892,0.22097866030010035,0.8125,1.2458738777768303
gin,2838,CC#CC(=O)Nc1ccc(Nc2nccc(-c3cn(C)c4ccccc34)n2)cc1,6.6575775146484375,4.806047574496688,0.346131483400792,0.5064935064935064,1.8515299401517495
gin,3683,CC/C=C\C(=O)Nc1cc(Nc2nc(C)cc(-c3cn(C)c4ccc(F)cc34)n2)c(OC)cc1N(C)CCN(C)C,6.000869274139404,7.584620201220389,0.10820420698902339,0.62,1.5837509270809846
gin,3684,CC/C=C\C(=O)Nc1cc(Nc2nc(C)cc(-c3cn(C)c4ccccc34)n2)c(OC)cc1N(C)CCN(C)C,7.744727611541748,7.551751532319884,0.045360638596145836,0.6666666666666666,0.19297607922186444
gin,3687,CC/C=C\C(=O)Nc1cc(Nc2ncc(C#N)c(-c3cn(C)c4ccc(F)cc34)n2)c(OC)cc1N(C)CCN(C)C,5.698969841003418,7.449823227511985,0.00751283698528782,0.6310679611650486,1.7508533865085667
gin,3688,CC/C=C\C(=O)Nc1cc(Nc2ncc(C#N)c(-c3cn(C)c4ccccc34)n2)c(OC)cc1N(C)CCN(C)C,7.79587984085083,7.415376986419204,0.06202686876668735,0.6464646464646465,0.3805028544316258
gin,3689,CC/C=C\C(=O)Nc1cc(Nc2nccc(-c3cn(C)c4ccc(F)cc34)n2)c(OC)cc1N(C)CCN(C)C,6.411168098449707,7.666029550761806,0.17335653012228303,0.6404494382022472,1.254861452312099
gin,3690,CC/C=C\C(=O)Nc1cc(Nc2nccc(-c3cn(C)c4ccccc34)n2)c(OC)cc1N(C)CCN(C)C,6.752026557922363,7.6336954651269195,0.14322963417158793,0.7654320987654321,0.8816689072045563
gin,3851,CCC(=O)Nc1cc(Nc2nccc(-c3c[nH]c4c(CCO)cccc34)n2)c(OC)cc1F,6.178224563598633,5.775823642529829,0.11142746648720059,0.43617021276595747,0.40240092106880354
gin,3852,CCC(=O)Nc1cc(Nc2nccc(-c3cn(C)c4ccccc34)n2)c(OC)cc1N(C)CCN(C)C,6.553152084350586,7.14065678672263,0.21468334775305967,0.8157894736842105,0.5875047023720441
gin,3854,CCC(=O)Nc1cc(Nc2nccc(-c3cn(CCCO)c4ccc(F)cc34)n2)c(OC)cc1F,6.847711563110352,6.11953826274771,0.16420172537674713,0.53125,0.7281733003626414
gin,3855,CCC(=O)Nc1cc(Nc2nccc(-c3cn(CCCO)c4ccccc34)n2)c(OC)cc1F,6.896880626678467,6.012198181154176,0.1587716531031045,0.6222222222222222,0.884682445524291
gin,3856,CCC(=O)Nc1cc(Nc2nccc(-c3cn(CCCO)c4ccccc34)n2)c(OC)cc1N(C)CCN(C)C,6.771343231201172,7.117019581490283,0.667373730140941,0.8095238095238095,0.3456763502891107
gin,3857,CCC(=O)Nc1cc(Nc2nccc(-c3cn(CCO)c4ccccc34)n2)c(OC)cc1F,6.769295692443848,6.043897131228988,0.23846041208415575,0.5652173913043478,0.7253985612148597
gin,3968,CCC/C=C\C(=O)Nc1cc(Nc2nc(C)cc(-c3cn(C)c4ccc(F)cc34)n2)c(OC)cc1N(C)CCN(C)C,6.0347981452941895,7.64520672380371,0.06871431210474345,0.6078431372549019,1.6104085785095208
gin,3969,CCC/C=C\C(=O)Nc1cc(Nc2nc(C)cc(-c3cn(C)c4ccccc34)n2)c(OC)cc1N(C)CCN(C)C,8.09691047668457,7.614617335504761,0.0365315791056045,0.6979166666666666,0.4822931411798095
gin,3971,CCC/C=C\C(=O)Nc1cc(Nc2ncc(C#N)c(-c3cn(C)c4ccc(F)cc34)n2)c(OC)cc1N(C)CCN(C)C,6.696804046630859,7.507807250380409,0.028451430136971243,0.6190476190476191,0.81100320374955
gin,3972,CCC/C=C\C(=O)Nc1cc(Nc2ncc(C#N)c(-c3cn(C)c4ccccc34)n2)c(OC)cc1N(C)CCN(C)C,7.431798458099365,7.480135636178176,0.10199500734248429,0.7070707070707071,0.04833717807881044
gin,3973,CCC/C=C\C(=O)Nc1cc(Nc2nccc(-c3cn(C)c4ccc(F)cc34)n2)c(OC)cc1N(C)CCN(C)C,8.12493896484375,7.735755486724685,0.13983997444791285,0.6263736263736264,0.3891834781190653
gin,3974,CCC/C=C\C(=O)Nc1cc(Nc2nccc(-c3cn(C)c4ccccc34)n2)c(OC)cc1N(C)CCN(C)C,6.692503929138184,7.686284643775991,0.14862266098179933,0.7469879518072289,0.9937807146378077
gin,6738,COc1cc(N(C)CCN(C)C)c(NC(=O)/C=C\C(C)C)cc1Nc1nc(C)cc(-c2cn(C)c3ccc(F)cc23)n1,6.04963493347168,7.083312457632545,0.25522853868780376,0.723404255319149,1.033677524160865
gin,6739,COc1cc(N(C)CCN(C)C)c(NC(=O)/C=C\C(C)C)cc1Nc1nc(C)cc(-c2cn(C)c3ccccc23)n1,7.4202165603637695,7.006613469393734,0.19940425229309142,0.7142857142857143,0.4136030909700352
gin,6743,COc1cc(N(C)CCN(C)C)c(NC(=O)/C=C\C(C)C)cc1Nc1ncc(C#N)c(-c2cn(C)c3ccc(F)cc23)n1,6.443697452545166,6.969047578004712,0.15851940311417476,0.7319587628865979,0.5253501254595463
gin,6744,COc1cc(N(C)CCN(C)C)c(NC(=O)/C=C\C(C)C)cc1Nc1ncc(C#N)c(-c2cn(C)c3ccccc23)n1,6.659555912017822,6.921759792956017,0.149905344960783,0.723404255319149,0.2622038809381948
gin,6745,COc1cc(N(C)CCN(C)C)c(NC(=O)/C=C\C(C)C)cc1Nc1nccc(-c2cn(C)c3ccc(F)cc23)n1,5.698969841003418,7.129818651139637,0.33217452604124376,0.7127659574468085,1.4308488101362187
gin,6746,COc1cc(N(C)CCN(C)C)c(NC(=O)/C=C\C(C)C)cc1Nc1nccc(-c2cn(C)c3ccccc23)n1,6.401209354400635,7.040482142079529,0.2877556206685293,0.7654320987654321,0.6392727876788946
gin,6747,COc1cc(N(C)CCN(C)C)c(NC(=O)C(Cl)=C(Cl)Cl)cc1Nc1nccc(-c2cn(C)c3ccccc23)n1,5.698969841003418,7.243883655039909,0.36228266772335255,0.7875,1.5449138140364909
gin,6749,COc1cc(N(C)CCN(C)C)c(NC(=O)C=C(C)C)cc1Nc1nccc(-c2cn(C)c3ccccc23)n1,6.679853916168213,7.027138447509742,0.21430106990751085,0.7848101265822784,0.34728453134152915
gin,6784,COc1cc(N(C)CCN(C)C)ccc1Nc1nccc(-c2cn(CCCO)c3ccccc23)n1,6.805208206176758,6.5013205355909065,0.27825892929987184,0.6941176470588235,0.3038876705858513
gin,7085,COc1cc(NC(=O)CCCCCCC(=O)NO)ccc1Nc1nccc(-c2cn(C)c3ccccc23)n1,5.27257776260376,6.465877403947334,0.12602152056646612,0.5769230769230769,1.1932996413435744
gin,7086,COc1cc(NC(=O)CCCCCCCCCCC(=O)NO)ccc1Nc1nccc(-c2cn(C)c3ccccc23)n1,5.2441253662109375,6.4018832774173715,0.15091236905216043,0.5769230769230769,1.157757911206434
gin,8819,COc1ccc(NC(=O)/C=C/CN(C)C)cc1Nc1ncc(Cl)c(-c2c[nH]c3ccccc23)n1,7.070580959320068,6.7672736311743975,0.36565168660474384,0.6987951807228916,0.30330732814567085
gin,8828,COc1ccc(NC(=O)CC#N)cc1Nc1ncc(Cl)c(-c2c[nH]c3ccccc23)n1,5.552842140197754,6.57984035341304,0.29243386414260725,0.5697674418604651,1.0269982132152862
gin,10969,Cn1cc(-c2ccnc(Nc3ccc(C(=O)NCCCCCCC(=O)NO)cc3)n2)c2ccccc21,5.494850158691406,6.131071569483382,0.17293683159435425,0.5054945054945055,0.6362214107919755
gin,10971,Cn1cc(-c2ccnc(Nc3ccc(NC(=O)CCCCCCC(=O)NO)cc3)n2)c2ccccc21,5.707834243774414,6.15897828200886,0.11874403581104803,0.5189873417721519,0.45114403823444604
gin,11128,FC(F)C(F)(F)Oc1cccc(Nc2nccc(-c3c[nH]c4ccccc34)n2)c1,5.744727611541748,4.9487174627830655,0.28025109949087595,0.6333333333333333,0.7960101487586826
gin,13384,[2H]C([2H])([2H])n1cc(-c2ccnc(Nc3cc(NC(=O)C=C)c(F)cc3OC)n2)c2ccccc21,6.0,6.455256612498888,0.2237574284049483,0.7792207792207793,0.4552566124988884
gin,13385,[2H]C([2H])([2H])n1cc(-c2ccnc(Nc3cc(NC(=O)C=C)c(N(C)CCN(C)C)cc3OC)n2)c2ccccc21,8.10345458984375,6.868842318995991,0.1529399385866824,0.8375,1.2346122708477587
gin,13409,[2H]C([2H])=CC(=O)Nc1cc(Nc2nccc(-c3cn(C([2H])([2H])[2H])c4ccccc34)n2)c(OC)cc1N(C)CCN(C)C,7.856704235076904,6.839629791250257,0.13263310676791698,0.7738095238095238,1.0170744438266475
gin,0,Br.CC(Nc1ncnc2[nH]c(-c3ccc(O)cc3)cc12)c1ccc(C(F)(F)F)cc1,5.336487293243408,6.8214608011188815,0.05961045086686855,0.6065573770491803,1.4849735078754733
gin,2,Br.CC[C@@H](Nc1ncnc2[nH]c(-c3ccc(O)cc3)cc12)c1ccccc1,8.397939682006836,7.641510766112276,0.30368245596335175,0.6,0.7564289158945599
gin,3,Br.C[C@@H](Nc1ncnc2[nH]c(-c3ccc(O)cc3)cc12)c1ccc(Br)cc1,7.207608222961426,6.885800999475191,0.2191771370961537,0.6379310344827587,0.3218072234862346
gin,4,Br.C[C@@H](Nc1ncnc2[nH]c(-c3ccc(O)cc3)cc12)c1ccc(F)cc1,8.42021656036377,7.0949154736716835,0.20047981940194828,0.6379310344827587,1.325301086692086
gin,5,Br.C[C@@H](Nc1ncnc2[nH]c(-c3ccc(O)cc3)cc12)c1cccc(F)c1,8.045757293701172,7.373190033367223,0.21126468936959006,0.6610169491525424,0.672567260333949
gin,6,Br.C[C@@H](Nc1ncnc2[nH]c(-c3ccc(O)cc3)cc12)c1ccccc1,8.431797981262207,7.41752093509227,0.27796018048889615,0.7551020408163265,1.014277046169937
gin,7,Br.C[C@@H](Nc1ncnc2[nH]c(-c3ccc(O)cc3)cc12)c1ccccc1F,8.09691047668457,7.078928594788394,0.19127030157425512,0.7636363636363637,1.0179818818961763
gin,8,Br.Cc1ccc([C@@H](C)Nc2ncnc3[nH]c(-c4ccc(O)cc4)cc23)cc1,6.346787452697754,7.162047411925521,0.29229288638253453,0.6491228070175439,0.8152599592277667
gin,9,Br.Cc1cccc(C(C)Nc2ncnc3[nH]c(-c4ccc(O)cc4)cc23)c1,7.022276401519775,7.46203980973668,0.2178389066200942,0.6724137931034483,0.43976340821690485
gin,10,Br.Cc1ccccc1C(C)Nc1ncnc2[nH]c(-c3ccc(O)cc3)cc12,7.7695512771606445,7.032927563319937,0.23180591008113255,0.7777777777777778,0.7366237138407072
gin,11,Br.Oc1ccc(-c2cc3c(NCc4ccc(F)cc4)ncnc3[nH]2)cc1,7.585026741027832,6.269847024681141,0.22018969057508125,0.47619047619047616,1.315179716346691
gin,12,Br.Oc1ccc(-c2cc3c(NCc4cccc(F)c4)ncnc3[nH]2)cc1,7.28399658203125,6.3815773152589115,0.21516030052022844,0.5,0.9024192667723385
gin,13,Br.Oc1ccc(-c2cc3c(NCc4ccccc4)ncnc3[nH]2)cc1,8.481486320495605,6.339431120037098,0.13829959581548187,0.5441176470588235,2.1420552004585076
gin,14,Br.Oc1ccc(-c2cc3c(NCc4ccccc4F)ncnc3[nH]2)cc1,7.346787452697754,6.417513220304016,0.11749568144203273,0.5079365079365079,0.9292742323937375
gin,2934,CC(=O)Nc1ccc(-c2cc3c(N[C@H](C)c4ccccc4)ncnc3[nH]2)cc1,9.154901504516602,7.391324154557779,0.4534890852897742,0.6851851851851852,1.7635773499588225
gin,3413,CC(C)N(Cc1ccccc1)c1ncnc2[nH]c(-c3ccc(CO)cc3)cc12,8.346787452697754,6.241450132223143,0.11110554432094288,0.6206896551724138,2.105337320474611
gin,3492,CC(C)Oc1ccccc1-c1cc2c(N[C@H](C)c3ccccc3)ncnc2[nH]1,9.221848487854004,8.964833945544513,0.4122103173985334,0.6296296296296297,0.2570145423094914
gin,4289,CCN(Cc1ccccc1)c1ncnc2[nH]c(-c3ccc(CO)cc3)cc12,9.09691047668457,6.58270372896137,0.10327379504648988,0.631578947368421,2.5142067477232004
gin,4939,CCOc1ccccc1-c1cc2c(N[C@H](C)c3ccccc3)ncnc2[nH]1,9.522878646850586,9.194013215180235,0.39232923459075675,0.6181818181818182,0.3288654316703514
gin,4940,CCOc1ccccc1-c1cc2c(N[C@H](CCO)c3ccccc3)ncnc2[nH]1,10.0,8.853128219690802,0.2554325032667467,0.6153846153846154,1.1468717803091977
gin,4941,CCOc1ccccc1-c1cc2c(N[C@H](CO)c3ccccc3)ncnc2[nH]1,9.698969841003418,9.107388435176631,0.3042497264328024,0.7166666666666667,0.591581405826787
gin,5448,CN(C)CCNCc1cc(-c2cc3c(N(C)Cc4ccccc4)ncnc3[nH]2)ccc1F,7.744727611541748,6.892826774011169,0.10790586459153607,0.4927536231884058,0.8519008375305788
gin,5449,CN(C)CCNCc1cc(-c2cc3c(N[C@H](CO)c4ccccc4)ncnc3[nH]2)ccc1F,8.920818328857422,7.978096432987201,0.09958021782976918,0.5492957746478874,0.9427218958702213
gin,5450,CN(C)CCNCc1ccc(-c2cc3c(N(C)Cc4ccccc4)ncnc3[nH]2)cc1F,8.698969841003418,6.858107325604195,0.08227951730989479,0.4927536231884058,1.8408625153992233
gin,5451,CN(C)CCNCc1ccc(-c2cc3c(N[C@H](CO)c4ccccc4)ncnc3[nH]2)cc1,9.522878646850586,7.729262469130589,0.12895714580617001,0.5909090909090909,1.793616177719997
gin,5452,CN(C)CCNCc1ccc(-c2cc3c(N[C@H](CO)c4ccccc4)ncnc3[nH]2)cc1F,10.0,7.901751363961864,0.06281559864400878,0.5492957746478874,2.098248636038136
gin,5613,CN(Cc1ccccc1)c1ncnc2[nH]c(-c3ccc(CO)c(F)c3)cc12,7.327902317047119,6.545594349740296,0.16170245828835197,0.6166666666666667,0.7823079673068234
gin,5614,CN(Cc1ccccc1)c1ncnc2[nH]c(-c3ccc(CO)cc3)cc12,7.698969841003418,6.454647441993249,0.15795586431707756,0.82,1.2443223990101693
gin,5616,CN(Cc1ccccc1)c1ncnc2[nH]c(-c3ccc(F)c(CO)c3)cc12,7.275723934173584,6.50095979780446,0.25570040608185746,0.6271186440677966,0.7747641363691242
gin,5617,CN(Cc1ccccc1)c1ncnc2[nH]c(-c3ccc(O)cc3)cc12,7.638272285461426,6.503199951317726,0.16588484352960384,0.6666666666666666,1.1350723341436995
gin,5618,CN(Cc1ccccc1)c1ncnc2[nH]c(-c3ccccc3)cc12,7.0,6.371454789579225,0.2124651395055886,0.6666666666666666,0.6285452104207749
gin,5619,CN(Cc1ccccc1F)c1ncnc2[nH]c(-c3ccc(CO)cc3)cc12,7.346787452697754,6.623648313904855,0.1695230871983317,0.7068965517241379,0.7231391387928987
gin,5640,CN(c1ncnc2[nH]c(-c3ccc(CO)cc3)cc12)[C@@H](CO)c1ccccc1,7.187086582183838,5.850116898905213,0.17458033828867434,0.6065573770491803,1.3369696832786246
gin,5641,CN(c1ncnc2[nH]c(-c3ccc(CO)cc3)cc12)[C@H](CO)c1ccccc1,8.431797981262207,6.087818136248231,0.27929840577858417,0.6065573770491803,2.343979845013976
gin,6157,COC(=O)c1cccc(-c2cc3c(N(C)Cc4cccc(C)c4)ncnc3[nH]2)c1,6.0,5.997453030942808,0.20044795105104635,0.6666666666666666,0.0025469690571924275
gin,6289,COCCOCCOCCOc1ccc(-c2cc3c(N(C)Cc4cccc(C)c4)ncnc3[nH]2)cc1,6.931814193725586,6.116988384376195,0.39333036882921885,0.6212121212121212,0.814825809349391
gin,6290,COCCOCCOCCOc1ccc(-c2cc3c(N(C)Cc4ccccc4)ncnc3[nH]2)cc1,7.346787452697754,6.222758958180066,0.33315190887913004,0.546875,1.1240284945176882
gin,6372,COCCOc1ccc(-c2cc3c(N(C)Cc4ccccc4)ncnc3[nH]2)cc1,7.173925399780273,6.207714866011571,0.18887905991186787,0.5737704918032787,0.9662105337687024
gin,6427,COC[C@@H](Nc1ncnc2[nH]c(-c3ccc(CO)cc3OC)cc12)c1ccccc1,9.301030158996582,8.348053058695086,0.09762286015572008,0.6515151515151515,0.9529771003014957
gin,6428,COC[C@@H](Nc1ncnc2[nH]c(-c3ccccc3OC(F)F)cc12)c1ccccc1,8.886056900024414,8.882925478247614,0.22758071573546085,0.582089552238806,0.0031314217767999253
gin,6635,COc1cc(C(N)=O)ccc1-c1cc2c(N[C@H](C)c3ccccc3)ncnc2[nH]1,9.397939682006836,8.86172967758057,0.4942182787492862,0.5507246376811594,0.5362100044262661
gin,6637,COc1cc(C(N)=O)ccc1-c1cc2c(N[C@H](CO)c3ccccc3)ncnc2[nH]1,9.301030158996582,8.793467344064254,0.37799327597900056,0.71875,0.5075628149323279
gin,6716,COc1cc(CN(C)CCN(C)C)ccc1-c1cc2c(N[C@H](CO)c3ccccc3)ncnc2[nH]1,10.0,8.649358602027348,0.11110986870420954,0.6571428571428571,1.3506413979726517
gin,6717,COc1cc(CNCCN(C)C)ccc1-c1cc2c(N[C@H](C)c3ccccc3)ncnc2[nH]1,10.0,8.896642028641395,0.1371709073724289,0.5975609756097561,1.103357971358605
gin,6718,COc1cc(CNCCN(C)C)ccc1-c1cc2c(N[C@H](CO)c3ccccc3)ncnc2[nH]1,9.522878646850586,8.850164148957163,0.05667682043904598,0.7402597402597403,0.6727144978934234
gin,6722,COc1cc(CNCCS(C)(=O)=O)ccc1-c1cc2c(N[C@H](CO)c3ccccc3)ncnc2[nH]1,9.397939682006836,8.679776006893576,0.16855547672621257,0.7215189873417721,0.7181636751132601
gin,6724,COc1cc(CO)ccc1-c1cc2c(N[C@H](CO)c3ccccc3)ncnc2[nH]1,9.698969841003418,8.763366528175709,0.1141788434307794,0.7540983606557377,0.935603312827709
gin,7097,COc1cc(NC(C)=O)ccc1-c1cc2c(N[C@H](CO)c3ccccc3)ncnc2[nH]1,9.09691047668457,8.792508317803822,0.36462581921732656,0.696969696969697,0.3044021588807482
gin,7100,COc1cc(NS(C)(=O)=O)ccc1-c1cc2c(N[C@H](C)c3ccccc3)ncnc2[nH]1,9.154901504516602,9.1685128560934,0.18047268028205524,0.5396825396825397,0.013611351576798825
gin,7101,COc1cc(NS(C)(=O)=O)ccc1-c1cc2c(N[C@H](CO)c3ccccc3)ncnc2[nH]1,9.522878646850586,8.993133079224265,0.09601646150822331,0.696969696969697,0.5297455676263212
gin,8563,COc1ccc(-c2cc3c(N(C)Cc4ccccc4)ncnc3[nH]2)cc1,7.136677265167236,6.401690951685346,0.20772041483517906,0.6140350877192983,0.7349863134818904
gin,8571,COc1ccc(-c2cc3c(N[C@H](C)c4ccccc4)ncnc3[nH]2)cc1,8.327901840209961,7.612857177378345,0.22897099897620207,0.74,0.715044662831616
gin,9078,COc1cccc(OC)c1-c1cc2c(N[C@H](C)c3ccccc3)ncnc2[nH]1,9.221848487854004,8.391853420965703,0.2929936663163197,0.6415094339622641,0.8299950668883014
gin,9127,COc1ccccc1-c1cc2c(N[C@H](CO)c3ccccc3)ncnc2[nH]1,9.247425079345703,8.923543861231167,0.28911317052356716,0.8214285714285714,0.3238812181145363
gin,9362,CS(=O)(=O)Nc1ccc(-c2cc3c(N[C@H](CO)c4ccccc4)ncnc3[nH]2)cc1,9.301030158996582,7.428481135187894,0.2549098059264944,0.6290322580645161,1.8725490238086877
gin,9371,CS(=O)(=O)c1ccc(-c2cc3c(N[C@H](CO)c4ccccc4)ncnc3[nH]2)cc1,9.09691047668457,7.338363631155502,0.026350159619176323,0.65,1.758546845529068
gin,9440,C[C@@H](Nc1ncnc2[nH]c(-c3ccc(Br)cc3)cc12)c1ccc(F)cc1,7.537601947784424,6.991631927696886,0.2331291549324094,0.6111111111111112,0.5459700200875375
gin,9441,C[C@@H](Nc1ncnc2[nH]c(-c3ccc(Br)cc3)cc12)c1ccccc1,7.200659275054932,7.321878756209941,0.29967540433605916,0.7708333333333334,0.12121948115500913
gin,9442,C[C@@H](Nc1ncnc2[nH]c(-c3ccc(C#N)cc3)cc12)c1ccc(F)cc1,7.853871822357178,6.823766545106729,0.29975366601555126,0.5789473684210527,1.030105277250449
gin,9443,C[C@@H](Nc1ncnc2[nH]c(-c3ccc(C#N)cc3)cc12)c1ccccc1,7.92081880569458,7.166474818078439,0.39946053122256947,0.7254901960784313,0.7543439876161413
gin,9444,C[C@@H](Nc1ncnc2[nH]c(-c3ccc(C(=O)NCCNCCC(=O)NO)cc3)cc12)c1ccccc1,7.0,7.531729751493259,0.36001798055989914,0.7,0.5317297514932591
gin,9445,C[C@@H](Nc1ncnc2[nH]c(-c3ccc(C(=O)NCCNCCCCCC(=O)NO)cc3)cc12)c1ccccc1,7.0,7.374076649687034,0.42928660799339396,0.6621621621621622,0.3740766496870336
gin,9446,C[C@@H](Nc1ncnc2[nH]c(-c3ccc(C(=O)NCCNCCCCCCC(=O)NO)cc3)cc12)c1ccccc1,7.0,7.3379610754673585,0.451520751418279,0.6621621621621622,0.33796107546735854
gin,9447,C[C@@H](Nc1ncnc2[nH]c(-c3ccc(C(=O)NO)cc3)cc12)c1ccc(F)cc1,7.0,7.323548535870756,0.28707000827586904,0.7142857142857143,0.3235485358707564
gin,9448,C[C@@H](Nc1ncnc2[nH]c(-c3ccc(C(=O)NO)cc3)cc12)c1ccccc1,7.0,7.57167677608507,0.41239676321645896,0.8596491228070176,0.5716767760850701
gin,9449,C[C@@H](Nc1ncnc2[nH]c(-c3ccc(C(=O)O)cc3)cc12)c1ccccc1,8.95860767364502,6.6243964582696435,0.25903252052960585,0.7254901960784313,2.334211215375376
gin,9450,C[C@@H](Nc1ncnc2[nH]c(-c3ccc(C(N)=O)cc3)cc12)c1ccccc1,9.09691047668457,7.333755061725515,0.510768314091694,0.7115384615384616,1.763155414959055
gin,9457,C[C@@H](Nc1ncnc2[nH]c(-c3ccc(CNCC(=O)NO)cc3)cc12)c1ccccc1,6.0,7.704542651337576,0.2800618672408256,0.7936507936507936,1.7045426513375759
gin,9458,C[C@@H](Nc1ncnc2[nH]c(-c3ccc(CNCCC(=O)NO)cc3)cc12)c1ccccc1,7.0,7.917270339596882,0.1919118561824743,0.7692307692307693,0.9172703395968824
gin,9459,C[C@@H](Nc1ncnc2[nH]c(-c3ccc(CNCCCCCC(=O)NO)cc3)cc12)c1ccccc1,7.0,7.848638804690182,0.22769071085655543,0.7246376811594203,0.8486388046901823
gin,9460,C[C@@H](Nc1ncnc2[nH]c(-c3ccc(CNCCCCCCC(=O)NO)cc3)cc12)c1ccccc1,7.0,7.823500245247459,0.2320226139636956,0.7246376811594203,0.8235002452474589
gin,9461,C[C@@H](Nc1ncnc2[nH]c(-c3ccc(CNCCCCCCCC(=O)NO)cc3)cc12)c1ccccc1,7.0,7.7855264862027695,0.24653814948097896,0.7246376811594203,0.7855264862027695
gin,9464,C[C@@H](Nc1ncnc2[nH]c(-c3ccc(CO)cc3)cc12)c1ccccc1,9.522878646850586,7.3819505716455325,0.2952900080085057,0.7254901960784313,2.1409280752050535
gin,9465,C[C@@H](Nc1ncnc2[nH]c(-c3ccc(F)cc3)cc12)c1ccc(F)cc1,7.568636417388916,7.2053823286705665,0.16646759981862372,0.673469387755102,0.3632540887183495
gin,9466,C[C@@H](Nc1ncnc2[nH]c(-c3ccc(F)cc3)cc12)c1ccccc1,8.180456161499023,7.550991595887311,0.2430384781197043,0.7708333333333334,0.6294645656117126
gin,9467,C[C@@H](Nc1ncnc2[nH]c(-c3ccc(NC(=O)CCC(=O)NO)cc3)cc12)c1ccccc1,7.0,7.620386439450755,0.40633847929714484,0.6857142857142857,0.6203864394507548
gin,9468,C[C@@H](Nc1ncnc2[nH]c(-c3ccc(NC(=O)CCCC(=O)NO)cc3)cc12)c1ccccc1,7.0,7.530767817403934,0.4174730973507816,0.6944444444444444,0.5307678174039339
gin,9469,C[C@@H](Nc1ncnc2[nH]c(-c3ccc(NC(=O)CCCCC(=O)NO)cc3)cc12)c1ccccc1,7.0,7.532514743837204,0.4302303712087493,0.7083333333333334,0.5325147438372042
gin,9470,C[C@@H](Nc1ncnc2[nH]c(-c3ccc(NC(=O)CCCCCCC(=O)NO)cc3)cc12)c1ccccc1,7.0,7.448874132165955,0.4394972929735739,0.7123287671232876,0.4488741321659546
gin,9471,C[C@@H](Nc1ncnc2[nH]c(-c3ccc(NC(=O)CCNCC(=O)NO)cc3)cc12)c1ccccc1,7.0,7.823347666392806,0.3239052519641439,0.631578947368421,0.8233476663928059
gin,9472,C[C@@H](Nc1ncnc2[nH]c(-c3ccc(NCCCCCC(=O)NO)cc3)cc12)c1ccccc1,7.0,7.79247741182985,0.2929742875822735,0.6933333333333334,0.7924774118298501
gin,9473,C[C@@H](Nc1ncnc2[nH]c(-c3ccc(NCCCCCCC(=O)NO)cc3)cc12)c1ccccc1,7.0,7.72929379080594,0.30718381289170293,0.6933333333333334,0.72929379080594
gin,9476,C[C@@H](Nc1ncnc2[nH]c(-c3ccc(NS(C)(=O)=O)cc3)cc12)c1ccccc1,9.522878646850586,7.820069292935159,0.2649336519847872,0.6851851851851852,1.702809353915427
gin,9477,C[C@@H](Nc1ncnc2[nH]c(-c3ccc(OCC(=O)NO)cc3)cc12)c1ccccc1,7.0,7.524473439531505,0.26070403530121333,0.6666666666666666,0.5244734395315049
gin,9478,C[C@@H](Nc1ncnc2[nH]c(-c3ccc(OCCCC(=O)NO)cc3)cc12)c1ccccc1,7.0,7.7254123607851,0.15359716022571845,0.6944444444444444,0.7254123607851
gin,9479,C[C@@H](Nc1ncnc2[nH]c(-c3ccc(OCCCCC(=O)NO)cc3)cc12)c1ccccc1,7.0,7.703993507493863,0.18883771847837838,0.6986301369863014,0.7039935074938626
gin,9480,C[C@@H](Nc1ncnc2[nH]c(-c3ccc(OCCCCCC(=O)NO)cc3)cc12)c1ccccc1,7.0,7.678463770047301,0.21219626616886694,0.7027027027027027,0.6784637700473013
gin,9481,C[C@@H](Nc1ncnc2[nH]c(-c3ccc(OCCCCCCC(=O)NO)cc3)cc12)c1ccc(F)cc1,7.0,7.547795170334837,0.16458330502414603,0.6,0.5477951703348367
gin,9482,C[C@@H](Nc1ncnc2[nH]c(-c3ccc(OCCCCCCC(=O)NO)cc3)cc12)c1ccccc1,7.0,7.632051505843549,0.23705463425242834,0.7027027027027027,0.632051505843549
gin,9483,C[C@@H](Nc1ncnc2[nH]c(-c3ccc(OCCNCCCCCCC(=O)NO)cc3)cc12)c1ccccc1,7.0,7.438489782214788,0.41092693865255625,0.65,0.43848978221478774
gin,9484,C[C@@H](Nc1ncnc2[nH]c(-c3ccc(S(C)(=O)=O)cc3)cc12)c1ccccc1,9.397939682006836,7.461504797798497,0.20852414703697997,0.7115384615384616,1.9364348842083388
gin,9485,C[C@@H](Nc1ncnc2[nH]c(-c3ccc(S(N)(=O)=O)cc3)cc12)c1ccccc1,9.154901504516602,7.51659030825742,0.33647096540353644,0.7115384615384616,1.6383111962591812
gin,9486,C[C@@H](Nc1ncnc2[nH]c(-c3cccc(C(N)=O)c3)cc12)c1ccccc1,8.853872299194336,7.506301773768875,0.5780282887053673,0.6545454545454545,1.3475705254254606
gin,9487,C[C@@H](Nc1ncnc2[nH]c(-c3ccccc3)cc12)c1ccc(F)cc1,7.481485843658447,7.193592261358077,0.17231182650855315,0.7346938775510204,0.2878935823003701
gin,9488,C[C@@H](Nc1ncnc2[nH]c(-c3ccccc3OC(F)(F)F)cc12)c1ccccc1,8.366531372070312,8.599488379139757,0.46943589199829017,0.5964912280701754,0.23295700706944444
gin,9489,C[C@@H](Nc1ncnc2[nH]c(-c3ccccc3OC(F)F)cc12)c1ccccc1,9.09691047668457,9.212223740110801,0.34257013604226844,0.6071428571428571,0.1153132634262306
gin,9585,C[C@H](c1ccc(C(C)(C)C)cc1)N(C)c1ncnc2[nH]c(-c3ccc(CO)cc3)cc12,6.301030158996582,5.765795705237551,0.1977145996668205,0.5555555555555556,0.5352344537590312
gin,9587,C[C@H](c1ccccc1)N(C)c1ncnc2[nH]c(-c3ccc(CO)cc3)cc12,7.6575775146484375,6.2027506367788865,0.27991714680593704,0.6166666666666667,1.454826877869551
gin,10004,Cc1ccc(CN(C)c2ncnc3[nH]c(-c4ccc(CO)cc4)cc23)cc1,7.301030158996582,6.242558036465091,0.1595533054597878,0.82,1.0584721225314908
gin,10051,Cc1ccc(O)c(CN(C)c2ncnc3[nH]c(-c4ccc(CO)cc4)cc23)c1,6.301030158996582,6.336437215479132,0.23092236781278092,0.6842105263157895,0.03540705648255038
gin,10141,Cc1cccc(CN(C)c2ncnc3[nH]c(-c4ccc(C(=O)O)cc4)cc23)c1,7.275723934173584,5.884137382407317,0.12496233715095363,0.6721311475409836,1.3915865517662667
gin,10142,Cc1cccc(CN(C)c2ncnc3[nH]c(-c4ccc(C(F)F)cc4)cc23)c1,6.0,6.3762607520081716,0.11271687279039311,0.6833333333333333,0.37626075200817155
gin,10143,Cc1cccc(CN(C)c2ncnc3[nH]c(-c4ccc(CCC(=O)O)cc4)cc23)c1,7.522878646850586,6.10093244455669,0.1711649864204977,0.640625,1.4219462022938956
gin,10144,Cc1cccc(CN(C)c2ncnc3[nH]c(-c4ccc(CO)cc4)cc23)c1,6.902132987976074,6.317043645364535,0.11036458372609072,0.7368421052631579,0.5850893426115391
gin,10146,Cc1cccc(CN(C)c2ncnc3[nH]c(-c4ccc(F)cc4)cc23)c1,6.0,6.452966972310366,0.050093122632044476,0.7192982456140351,0.4529669723103664
gin,10147,Cc1cccc(CN(C)c2ncnc3[nH]c(-c4ccc(O)cc4)cc23)c1,6.127843856811523,6.5207599200857915,0.0953478283175214,0.7192982456140351,0.3929160632742681
gin,10148,Cc1cccc(CN(C)c2ncnc3[nH]c(-c4ccc(S(N)(=O)=O)cc4)cc23)c1,7.0087738037109375,6.225438904738212,0.06995867482360894,0.6721311475409836,0.7833348989727256
gin,10149,Cc1cccc(CN(C)c2ncnc3[nH]c(-c4cccc(C(=O)O)c4)cc23)c1,6.896196365356445,5.975889514950268,0.1441493988180503,0.6885245901639344,0.9203068504061775
gin,10150,Cc1cccc(CN(C)c2ncnc3[nH]c(-c4ccccc4)cc23)c1,6.0,6.361077984265187,0.03818991397645499,0.7924528301886793,0.36107798426518656
gin,10232,Cc1ccccc1CN(C)c1ncnc2[nH]c(-c3ccc(CO)cc3)cc12,8.130767822265625,6.596998624731159,0.18882590480628056,0.7321428571428571,1.5337691975344656
gin,10844,Cn1c(-c2ccccc2)cc2c(N[C@H](CO)c3ccccc3)ncnc21,6.045757293701172,5.756759701969543,0.24213556538291772,0.5636363636363636,0.2889975917316292
gin,11619,NC(=O)Cc1cccc(-c2cc3c(N[C@H](CO)c4ccccc4)ncnc3[nH]2)c1,9.154901504516602,7.184747238861924,0.24987356092106602,0.6557377049180327,1.9701542656546778
gin,12323,O=C(CCCCCCOc1ccc(-c2cc3c(NCc4ccccc4)ncnc3[nH]2)cc1)NO,7.0,6.934725294728388,0.070060909685902,0.7,0.06527470527161228
gin,12500,O=C(NO)c1ccc(-c2cc3c(NCc4ccccc4)ncnc3[nH]2)cc1,7.0,6.67620450977239,0.13555259713769255,0.6984126984126984,0.3237954902276101
gin,13232,OCC[C@@H](Nc1ncnc2[nH]c(-c3ccccc3)cc12)c1ccccc1,9.301030158996582,7.6051214665990585,0.14798017105511488,0.6851851851851852,1.6959086923975235
gin,13241,OC[C@@H](Nc1ncnc2[nH]c(-c3ccccc3)cc12)c1ccccc1,9.247425079345703,7.67214585090656,0.25339246401649446,0.8163265306122449,1.5752792284391433
gin,13262,OCc1cc(-c2cc3c(N[C@H](CO)c4ccccc4)ncnc3[nH]2)ccc1F,8.795880317687988,7.803570486131264,0.18694458712976306,0.6610169491525424,0.9923098315567245
gin,13263,OCc1ccc(-c2cc3c(NCc4ccccc4)ncnc3[nH]2)cc1,9.0,6.342890984527711,0.19865582672112336,0.6153846153846154,2.6571090154722894
gin,13265,OCc1ccc(-c2cc3c(N[C@H](CO)c4ccccc4)ncnc3[nH]2)cc1,9.698969841003418,7.607815359304624,0.04197739077384665,0.7090909090909091,2.091154481698794
gin,13266,OCc1ccc(-c2cc3c(N[C@H](CO)c4ccccc4)ncnc3[nH]2)cc1F,9.221848487854004,7.760810369282893,0.12446708272966998,0.65,1.4610381185711105
gin,13376,[2H]C([2H])([2H])N(Cc1ccccc1)c1ncnc2[nH]c(-c3ccc(CO)cc3)cc12,7.7695512771606445,6.809977141810677,0.31824945652190834,0.7090909090909091,0.9595741353499676
gin,13377,[2H]C([2H])([2H])Oc1ccccc1-c1cc2c(N[C@H](CO)c3ccccc3)ncnc2[nH]1,9.397939682006836,7.630852923065206,0.459909825315536,0.7333333333333333,1.7670867589416304
gin,2984,CC(=O)c1cc(N[C@H](C2=CN(C3(C(F)F)CC3)NN2)c2ccc(F)nc2C)cc2c(NCC(C)(C)C)c(C#N)cnc12,8.397939682006836,8.355192228734154,0.12983797361504346,0.8043478260869565,0.04274745327268192
gin,3043,CC(C)(C)CNc1c(C#N)cnc2c(C#N)cc(N[C@H](C3=CN(C4(C(F)(F)F)CC4)NN3)c3ccc(C#N)nc3)cc12,7.2924299240112305,7.880396754398902,0.023100955371100726,0.7764705882352941,0.5879668303876713
gin,3103,CC(C)(C)CNc1c(C#N)cnc2c(Cl)cc(NC(C3=CN(C4CC4)NN3)c3ccc(F)nc3F)cc12,8.261439323425293,7.978792540074977,0.13734159864320936,0.788235294117647,0.2826467833503159
gin,3105,CC(C)(C)CNc1c(C#N)cnc2c(Cl)cc(N[C@@H](C3=CN(C4(C(F)F)CC4)NN3)c3ccc(F)nc3)cc12,8.154901504516602,8.060317688365046,0.0762482680780166,0.7840909090909091,0.09458381615155531
gin,3106,CC(C)(C)CNc1c(C#N)cnc2c(Cl)cc(N[C@@H](C3=CN(C4(C(F)F)CC4)NN3)c3cccnc3Cl)cc12,8.301030158996582,8.020439880103254,0.039326990567950186,0.813953488372093,0.2805902788933281
gin,3107,CC(C)(C)CNc1c(C#N)cnc2c(Cl)cc(N[C@@H](C3=CN(C4(C(F)F)CC4)NN3)c3cccnc3F)cc12,8.301030158996582,8.147796784210755,0.028791952309267784,0.8045977011494253,0.15323337478582744
gin,3108,CC(C)(C)CNc1c(C#N)cnc2c(Cl)cc(N[C@@H](C3=CN(C4CC4)NN3)c3cccnc3F)cc12,8.17827320098877,8.329111275526486,0.02978562832112117,0.8395061728395061,0.1508380745377167
gin,3121,CC(C)(C)CNc1c(C#N)cnc2c(Cl)cc(N[C@H](C3=CN(C4(C(F)(F)F)CC4)NN3)c3ccc(Cl)nc3)cc12,7.455932140350342,7.60264799732596,0.1015215815396313,0.8117647058823529,0.14671585697561795
gin,3157,CC(C)(C)CNc1c(C#N)cnc2c(Cl)cc(N[C@H](C3=CN(C4(C(F)F)CC4)NN3)c3cccnc3)cc12,8.09691047668457,8.0998462142216,0.0764540618374635,0.813953488372093,0.0029357375370295813
gin,3176,CC(C)(C)CNc1c(C#N)cnc2c(Cl)cc(N[C@H](C3=CN(C4CC4)NN3)c3ccc(F)nc3Cl)cc12,8.301030158996582,7.990435601276147,0.14083139916697573,0.788235294117647,0.3105945577204352
gin,3743,CC1=C([C@@H](Nc2cc(Cl)c3ncc(C#N)c(NCC(C)(C)C)c3c2)c2ccc(F)nc2C)NNN1C1CC1,8.522878646850586,8.23325883275146,0.0658263863343576,0.8795180722891566,0.28961981409912596
gin,3976,CCC1(N2C=C([C@@H](Nc3cc(Cl)c4ncc(C#N)c(NCC(C)(C)C)c4c3)c3ccc(F)nc3C)NN2)CC1,8.522878646850586,8.457882341844822,0.05114741400410698,0.8470588235294118,0.06499630500576359
gin,5142,CCc1nc(F)ccc1[C@H](Nc1cc(C#N)c2ncc(C#N)c(NCC(C)(C)C)c2c1)C1=CN(C2(C(F)(F)F)CC2)NN1,8.301030158996582,8.201448070582842,0.16194719063621021,0.7752808988764045,0.09958208841374017
gin,5143,CCc1nc(F)ccc1[C@H](Nc1cc(C#N)c2ncc(C#N)c(NCC(C)(C)C)c2c1)C1=CN(C2(C(F)F)CC2)NN1,8.522878646850586,8.451477459329908,0.14905034713846294,0.7415730337078652,0.07140118752067792
gin,5144,CCc1nc(F)ccc1[C@H](Nc1cc(Cl)c2ncc(C#N)c(NCC(C)(C)C)c2c1)C1=CN(C2(C(F)(F)F)CC2)NN1,8.09691047668457,7.9536284603256036,0.15907418006967372,0.782608695652174,0.14328201635896676
gin,5145,CCc1nc(F)ccc1[C@H](Nc1cc(Cl)c2ncc(C#N)c(NCC(C)(C)C)c2c1)C1=CN(C2(C(F)F)CC2)NN1,8.301030158996582,8.214601202336524,0.16052843285172097,0.75,0.08642895666005757
gin,5146,CCc1ncccc1[C@H](Nc1cc(C#N)c2ncc(C#N)c(NCC(C)(C)C)c2c1)C1=CN(C2(C(F)(F)F)CC2)NN1,8.522878646850586,8.39630890070623,0.07533278815679495,0.7790697674418605,0.12656974614435512
gin,5147,CCc1ncccc1[C@H](Nc1cc(C#N)c2ncc(C#N)c(NCC(C)(C)C)c2c1)C1=CN(C2(C(F)F)CC2)NN1,8.698969841003418,8.636082326935082,0.06465073966334406,0.7701149425287356,0.06288751406833626
gin,5148,CCc1ncccc1[C@H](Nc1cc(Cl)c2ncc(C#N)c(NCC(C)(C)C)c2c1)C1=CN(C2(C(F)(F)F)CC2)NN1,8.301030158996582,8.147197499966126,0.0764507903587521,0.7954545454545454,0.1538326590304564
gin,5149,CCc1ncccc1[C@H](Nc1cc(Cl)c2ncc(C#N)c(NCC(C)(C)C)c2c1)C1=CN(C2(C(F)F)CC2)NN1,8.522878646850586,8.416754124291685,0.08159366692296115,0.7865168539325843,0.10612452255890048
gin,5554,CN(C)c1ccc([C@@H](Nc2cc(Cl)c3ncc(C#N)c(NCC(C)(C)C)c3c2)C2=CN(C3CC3)NN2)cn1,7.886056423187256,7.969348397658678,0.0455953779958395,0.6976744186046512,0.08329197447142178
gin,6187,COC1=C([C@@H](Nc2cc(C#N)c3ncc(C#N)c(NCC(C)(C)C)c3c2)c2ccc(F)nc2C)NNN1C1(C(F)F)CC1,8.522878646850586,8.300734466378117,0.09011400313639406,0.8181818181818182,0.2221441804724691
gin,6189,COC1=C([C@@H](Nc2cc(C#N)c3ncc(C#N)c(NCC(C)(C)C)c3c2)c2ccc(F)nc2C)NNN1C1CC1,8.698969841003418,8.371038824520838,0.07802078148336229,0.8235294117647058,0.32793101648258016
gin,6191,COC1=C([C@@H](Nc2cc(Cl)c3ncc(C#N)c(NCC(C)(C)C)c3c2)c2ccc(F)nc2C)NNN1C1(C(F)F)CC1,8.397939682006836,8.066990119716309,0.08533514247865465,0.8241758241758241,0.3309495622905274
gin,6193,COC1=C([C@@H](Nc2cc(Cl)c3ncc(C#N)c(NCC(C)(C)C)c3c2)c2ccc(F)nc2C)NNN1C1CC1,8.698969841003418,8.100985568740668,0.06137592837172665,0.8295454545454546,0.5979842722627495
gin,6194,COC1=C([C@@H](Nc2cc(Cl)c3ncc(C#N)c(NCC(C)(C)C)c3c2)c2ccc(OC)nc2C)NNN1C1(C(F)F)CC1,7.823908805847168,7.633458466355307,0.09516230267344555,0.7446808510638298,0.19045033949186063
gin,7102,COc1cc(N[C@@H](C2=CN(C3CC3)NN2)c2ccc(F)nc2)cc2c(NCC(C)(C)C)c(C#N)cnc12,7.615311145782471,8.147906410074484,0.09941928227608868,0.7674418604651163,0.5325952642920129
gin,7103,COc1cc(N[C@H](C2=CN(C3(C#N)CC3)NN2)c2ccc(F)nc2C)cc2c(NCC(C)(C)C)c(C#N)cnc12,7.102373123168945,8.313560120870989,0.1399007659707944,0.8235294117647058,1.2111869977020433
gin,7104,COc1cc(N[C@H](C2=CN(C3(C(F)(F)F)CC3)NN2)c2ccc(F)nc2C)cc2c(NCC(C)(C)C)c(C#N)cnc12,6.679853916168213,7.83952839815413,0.15761845332561591,0.7802197802197802,1.1596744819859168
gin,8693,COc1ccc(C(Nc2cc(Cl)c3ncc(C#N)c(NCC(C)(C)C)c3c2)C2=CN(C3(C(F)(F)F)CC3)NN2)c(C)n1,8.045757293701172,7.269706218715015,0.054707374318966356,0.7777777777777778,0.7760510749861567
gin,8913,COc1ccc([C@H](Nc2cc(C#N)c3ncc(C#N)c(NCC(C)(C)C)c3c2)C2=CN(C3(C(F)(F)F)CC3)NN2)cn1,7.823908805847168,7.762062236060956,0.14442698163954626,0.7586206896551724,0.06184656978621206
gin,8914,COc1ccc([C@H](Nc2cc(Cl)c3ncc(C#N)c(NCC(C)(C)C)c3c2)C2=CN(C3(C(F)(F)F)CC3)NN2)cn1,7.552842140197754,7.517783375448772,0.14795751626323697,0.8470588235294118,0.03505876474898173
gin,8915,COc1ccc([C@H](Nc2cc(Cl)c3ncc(C#N)c(NCC(C)(C)C)c3c2)C2=CN(C3(C(F)F)CC3)NN2)c(C)n1,8.301030158996582,7.708176465796299,0.09030216832413711,0.7692307692307693,0.5928536932002828
gin,9285,COc1ncccc1[C@H](Nc1cc(C#N)c2ncc(C#N)c(NCC(C)(C)C)c2c1)C1=CN(C2(C(F)(F)F)CC2)NN1,8.0,7.69036680686952,0.13563437847555646,0.7701149425287356,0.3096331931304803
gin,9286,COc1ncccc1[C@H](Nc1cc(Cl)c2ncc(C#N)c(NCC(C)(C)C)c2c1)C1=CN(C2(C(F)(F)F)CC2)NN1,7.638272285461426,7.432967422196697,0.12458964564209421,0.7865168539325843,0.20530486326472897
gin,10087,Cc1ccc([C@H](Nc2cc(C#N)c3ncc(C#N)c(NCC(C)(C)C)c3c2)C2=CN(C3(C(F)(F)F)CC3)NN2)c(C)n1,8.045757293701172,8.181314520529668,0.09605636943099864,0.7931034482758621,0.1355572268284959
gin,10088,Cc1ccc([C@H](Nc2cc(C#N)c3ncc(C#N)c(NCC(C)(C)C)c3c2)C2=CN(C3(C(F)(F)F)CC3)NN2)c(F)n1,7.677780628204346,8.07913352753431,0.07817464570635171,0.7674418604651163,0.40135289932996443
gin,10089,Cc1ccc([C@H](Nc2cc(C#N)c3ncc(C#N)c(NCC(C)(C)C)c3c2)C2=CN(C3(C(F)(F)F)CC3)NN2)cn1,7.6575775146484375,8.011175265756805,0.09166098680780539,0.7764705882352941,0.3535977511083672
gin,10090,Cc1ccc([C@H](Nc2cc(C#N)c3ncc(C#N)c(NCC(C)(C)C)c3c2)C2=CN(C3(C(F)F)CC3)NN2)c(C)n1,8.397939682006836,8.418293801829293,0.05326486217852806,0.7613636363636364,0.02035411982245705
gin,10091,Cc1ccc([C@H](Nc2cc(Cl)c3ncc(C#N)c(NCC(C)(C)C)c3c2)C2=CN(C3(C(F)(F)F)CC3)NN2)c(C)n1,7.823908805847168,7.926913871911836,0.08464501814058294,0.8,0.10300506606466797
gin,10092,Cc1ccc([C@H](Nc2cc(Cl)c3ncc(C#N)c(NCC(C)(C)C)c3c2)C2=CN(C3(C(F)(F)F)CC3)NN2)c(F)n1,7.522878646850586,7.822352431589792,0.06967115134466384,0.7752808988764045,0.29947378473920594
gin,10093,Cc1ccc([C@H](Nc2cc(Cl)c3ncc(C#N)c(NCC(C)(C)C)c3c2)C2=CN(C3(C(F)(F)F)CC3)NN2)cn1,7.4685211181640625,7.749064569557191,0.09410659382711498,0.8045977011494253,0.28054345139312886
gin,10094,Cc1ccc([C@H](Nc2cc(Cl)c3ncc(C#N)c(NCC(C)(C)C)c3c2)C2=CN(C3(C(F)F)CC3)NN2)c(C)n1,8.09691047668457,8.193472188854969,0.0742740867682726,0.7865168539325843,0.09656171217039855
gin,10290,Cc1nc(C#N)ccc1[C@H](Nc1cc(C#N)c2ncc(C#N)c(NCC(C)(C)C)c2c1)C1=CN(C2(C(F)(F)F)CC2)NN1,7.79587984085083,8.030166917833697,0.046451777104440255,0.7840909090909091,0.23428707698286644
gin,10298,Cc1nc(Cl)ccc1[C@H](Nc1cc(Cl)c2ncc(C#N)c(NCC(C)(C)C)c2c1)C1=CN(C2(C(F)(F)F)CC2)NN1,7.823908805847168,7.699436318042956,0.05964488919494311,0.8,0.12447248780421205
gin,10299,Cc1nc(Cl)ccc1[C@H](Nc1cc(Cl)c2ncc(C#N)c(NCC(C)(C)C)c2c1)C1=CN(C2(C(F)F)CC2)NN1,8.045757293701172,7.970340288815692,0.047352868866137716,0.7865168539325843,0.07541700488548031
gin,10305,Cc1nc(F)ccc1C(Nc1cc(C#CC(C)(C)O)c2ncc(C#N)c(NCC(C)(C)C)c2c1)C1=CN(C2(C(F)(F)F)CC2)NN1,6.0,7.430323426977594,0.34340648894995374,0.8021978021978022,1.4303234269775942
gin,10307,Cc1nc(F)ccc1C(Nc1cc(Cl)c2ncc(C#N)c(NCC(C)(C)C)c2c1)C1=CN(C2(C(F)F)CC2)NN1,6.573488712310791,7.974274016889353,0.138673075415007,0.8372093023255814,1.4007853045785623
gin,10310,Cc1nc(F)ccc1[C@@H](Nc1cc(Cl)c2ncc(C#N)c(NCC(C)(C)C)c2c1)C1=CN(C2(C(F)F)CC2)NN1,8.522878646850586,8.180577489501104,0.08215557381305055,0.8372093023255814,0.34230115734948185
gin,10312,Cc1nc(F)ccc1[C@H](Nc1cc(C#CC(C)(C)S(C)(=O)=O)c2ncc(C#N)c(NCC(C)(C)C)c2c1)C1=CN(C2(C(F)(F)F)CC2)NN1,6.0,7.9932684124706554,0.31366205476187425,0.7684210526315789,1.9932684124706554
gin,10315,Cc1nc(F)ccc1[C@H](Nc1cc(C#N)c2ncc(C#N)c(NCC(C)(C)C#N)c2c1)C1=CN(C2(C(F)(F)F)CC2)NN1,7.481485843658447,8.171454365678983,0.1564445007356742,0.8604651162790697,0.6899685220205356
gin,10316,Cc1nc(F)ccc1[C@H](Nc1cc(C#N)c2ncc(C#N)c(NCC(C)(C)C(F)(F)F)c2c1)C1=C(F)N(C2(C)CC2)NN1,8.698969841003418,8.500678724392117,0.18194292340626714,0.8372093023255814,0.19829111661130128
gin,10319,Cc1nc(F)ccc1[C@H](Nc1cc(C#N)c2ncc(C#N)c(NCC(C)(C)C(F)(F)F)c2c1)C1=C(F)N(C2CC2)NN1,8.698969841003418,8.314543552889404,0.11917118573412415,0.7954545454545454,0.3844262881140139
gin,10322,Cc1nc(F)ccc1[C@H](Nc1cc(C#N)c2ncc(C#N)c(NCC(C)(C)C(F)(F)F)c2c1)C1=CN(C2(C(F)(F)F)CC2)NN1,8.397939682006836,8.120298010786371,0.144125681107113,0.8604651162790697,0.277641671220465
gin,10323,Cc1nc(F)ccc1[C@H](Nc1cc(C#N)c2ncc(C#N)c(NCC(C)(C)C(F)(F)F)c2c1)C1=CN(C2(C(F)F)CC2)NN1,8.698969841003418,8.367256389284137,0.13944802032491604,0.8390804597701149,0.33171345171928124
gin,10324,Cc1nc(F)ccc1[C@H](Nc1cc(C#N)c2ncc(C#N)c(NCC(C)(C)C(F)(F)F)c2c1)C1=CN(C2(C)CC2)NN1,8.698969841003418,8.676027408211269,0.15021447845509342,0.8588235294117647,0.022942432792149248
gin,10328,Cc1nc(F)ccc1[C@H](Nc1cc(C#N)c2ncc(C#N)c(NCC(C)(C)C)c2c1)C1=C(Cl)N(C2CC2)NN1,8.522878646850586,8.48771652339849,0.13258954796378883,0.8433734939759037,0.03516212345209624
gin,10332,Cc1nc(F)ccc1[C@H](Nc1cc(C#N)c2ncc(C#N)c(NCC(C)(C)C)c2c1)C1=C(F)N(C2CC2)NN1,8.698969841003418,8.359276106517939,0.07721174115171663,0.8641975308641975,0.3396937344854791
gin,10341,Cc1nc(F)ccc1[C@H](Nc1cc(C#N)c2ncc(C#N)c(NCC(C)(C)C)c2c1)C1=CN(C2(C#N)CC2)NN1,8.698969841003418,8.622961059841998,0.05420685208911804,0.948051948051948,0.07600878116141985
gin,10343,Cc1nc(F)ccc1[C@H](Nc1cc(C#N)c2ncc(C#N)c(NCC(C)(C)C)c2c1)C1=CN(C2(C(=O)N(C)C)CC2)NN1,8.301030158996582,8.296608750152075,0.08743175949242442,0.8222222222222222,0.0044214088445073685
gin,10344,Cc1nc(F)ccc1[C@H](Nc1cc(C#N)c2ncc(C#N)c(NCC(C)(C)C)c2c1)C1=CN(C2(C(C)(C)C)CC2)NN1,8.522878646850586,8.542635937527905,0.06422674812449645,0.8414634146341463,0.019757290677318906
gin,10345,Cc1nc(F)ccc1[C@H](Nc1cc(C#N)c2ncc(C#N)c(NCC(C)(C)C)c2c1)C1=CN(C2(C(C)C)CC2)NN1,8.522878646850586,8.550670575975232,0.07865797543407987,0.8313253012048193,0.02779192912464623
gin,10346,Cc1nc(F)ccc1[C@H](Nc1cc(C#N)c2ncc(C#N)c(NCC(C)(C)C)c2c1)C1=CN(C2(C(F)(F)F)CC2)NN1,8.522878646850586,8.149864529191007,0.11073293658655578,0.891566265060241,0.37301411765957937
gin,10348,Cc1nc(F)ccc1[C@H](Nc1cc(C#N)c2ncc(C#N)c(NCC(C)(C)C)c2c1)C1=CN(C2(C(F)F)CC2)NN1,8.698969841003418,8.405889389576089,0.09208492669815403,0.8488372093023255,0.2930804514273291
gin,10349,Cc1nc(F)ccc1[C@H](Nc1cc(C#N)c2ncc(C#N)c(NCC(C)(C)C)c2c1)C1=CN(C2(C(N)=O)CC2)NN1,9.0,8.844244580941165,0.15301054163638336,0.9518072289156626,0.15575541905883483
gin,10351,Cc1nc(F)ccc1[C@H](Nc1cc(C#N)c2ncc(C#N)c(NCC(C)(C)C)c2c1)C1=CN(C2(C)CC2)NN1,8.698969841003418,8.736678688929942,0.09464338166108884,0.8875,0.03770884792652396
gin,10354,Cc1nc(F)ccc1[C@H](Nc1cc(C#N)c2ncc(C#N)c(NCC(C)(C)C)c2c1)C1=CN(C2(CF)CC2)NN1,8.698969841003418,8.570959305496615,0.02023468434715954,0.8313253012048193,0.12801053550680308
gin,10355,Cc1nc(F)ccc1[C@H](Nc1cc(C#N)c2ncc(C#N)c(NCC(C)(C)C)c2c1)C1=CN(C2(CO)CC2)NN1,8.698969841003418,8.631436202216207,0.03085794982359155,0.8214285714285714,0.06753363878721075
gin,10357,Cc1nc(F)ccc1[C@H](Nc1cc(C#N)c2ncc(C#N)c(NCC(C)(C)C)c2c1)C1=CN(C2CC2)NN1,8.698969841003418,8.608025650457591,0.0754192252383696,0.8292682926829268,0.09094419054582659
gin,10366,Cc1nc(F)ccc1[C@H](Nc1cc(C#N)c2ncc(C#N)c(NCC(C)(C)C)c2c1)C1=CN([C@@H]2CC2C(F)F)NN1,8.301030158996582,8.374587604631927,0.18357100826625466,0.7906976744186046,0.07355744563534472
gin,10367,Cc1nc(F)ccc1[C@H](Nc1cc(C#N)c2ncc(C#N)c(NCC(C)(C)C)c2c1)C1=CN([C@@H]2C[C@@H]2F)NN1,9.0,8.261530988637844,0.1599545025664783,0.8095238095238095,0.7384690113621559
gin,10368,Cc1nc(F)ccc1[C@H](Nc1cc(C#N)c2ncc(C#N)c(NCC(C)(C)CCl)c2c1)C1=CN(C2(C(F)(F)F)CC2)NN1,8.522878646850586,8.169980246465514,0.12350889927785548,0.8409090909090909,0.35289840038507236
gin,10376,Cc1nc(F)ccc1[C@H](Nc1cc(C#N)c2ncc(C#N)c(N[C@H](C)C(C)(C)C)c2c1)C1=CN(C2(C(F)(F)F)CC2)NN1,8.397939682006836,7.601286533262339,0.3741814361847323,0.7840909090909091,0.7966531487444968
gin,10383,Cc1nc(F)ccc1[C@H](Nc1cc(Cl)c2ncc(C#N)c(NCC(C)(C)C#N)c2c1)C1=CN(C2(C(F)(F)F)CC2)NN1,7.552842140197754,7.9668041974125,0.119262723460533,0.8651685393258427,0.41396205721474644
gin,10384,Cc1nc(F)ccc1[C@H](Nc1cc(Cl)c2ncc(C#N)c(NCC(C)(C)C(F)(F)F)c2c1)C1=C(F)N(C2(C(F)F)CC2)NN1,8.301030158996582,7.9881748679075315,0.16369866112033535,0.8241758241758241,0.3128552910890505
gin,10385,Cc1nc(F)ccc1[C@H](Nc1cc(Cl)c2ncc(C#N)c(NCC(C)(C)C(F)(F)F)c2c1)C1=C(F)N(C2(C)CC2)NN1,8.522878646850586,8.282746965493573,0.16257302928153247,0.8426966292134831,0.24013168135701335
gin,10388,Cc1nc(F)ccc1[C@H](Nc1cc(Cl)c2ncc(C#N)c(NCC(C)(C)C(F)(F)F)c2c1)C1=C(F)N(C2CC2)NN1,8.698969841003418,8.077751858703834,0.10559697710297565,0.8021978021978022,0.6212179822995836
gin,10391,Cc1nc(F)ccc1[C@H](Nc1cc(Cl)c2ncc(C#N)c(NCC(C)(C)C(F)(F)F)c2c1)C1=CN(C2(C(F)(F)F)CC2)NN1,8.221848487854004,7.912712692895241,0.12714939876783216,0.8651685393258427,0.3091357949587632
gin,10392,Cc1nc(F)ccc1[C@H](Nc1cc(Cl)c2ncc(C#N)c(NCC(C)(C)C(F)(F)F)c2c1)C1=CN(C2(C(F)F)CC2)NN1,8.522878646850586,8.180541766787428,0.11294524281488179,0.8444444444444444,0.3423368800631579
gin,10393,Cc1nc(F)ccc1[C@H](Nc1cc(Cl)c2ncc(C#N)c(NCC(C)(C)C(F)(F)F)c2c1)C1=CN(C2(C)CC2)NN1,8.698969841003418,8.456134786691791,0.1320621668657947,0.8636363636363636,0.24283505431162666
gin,10396,Cc1nc(F)ccc1[C@H](Nc1cc(Cl)c2ncc(C#N)c(NCC(C)(C)C)c2c1)C1=C(C#N)N(C2(C(F)F)CC2)NN1,7.958607196807861,8.015403977710918,0.11965085736410365,0.7582417582417582,0.05679678090305629
gin,10397,Cc1nc(F)ccc1[C@H](Nc1cc(Cl)c2ncc(C#N)c(NCC(C)(C)C)c2c1)C1=C(C#N)N(C2CC2)NN1,8.397939682006836,8.120849855267238,0.07766929095354581,0.8588235294117647,0.2770898267395978
gin,10399,Cc1nc(F)ccc1[C@H](Nc1cc(Cl)c2ncc(C#N)c(NCC(C)(C)C)c2c1)C1=C(Cl)N(C2CC2)NN1,8.221848487854004,8.221630546464667,0.12474347107226351,0.8690476190476191,0.0002179413893372839
gin,10401,Cc1nc(F)ccc1[C@H](Nc1cc(Cl)c2ncc(C#N)c(NCC(C)(C)C)c2c1)C1=C(F)N(C2(C(F)F)CC2)NN1,8.154901504516602,7.9813748350230185,0.13771408738554508,0.8160919540229885,0.17352666949358309
gin,10402,Cc1nc(F)ccc1[C@H](Nc1cc(Cl)c2ncc(C#N)c(NCC(C)(C)C)c2c1)C1=C(F)N(C2(C)CC2)NN1,8.522878646850586,8.302727793801239,0.1426276144450746,0.8352941176470589,0.220150853049347
gin,10405,Cc1nc(F)ccc1[C@H](Nc1cc(Cl)c2ncc(C#N)c(NCC(C)(C)C)c2c1)C1=C(F)N(C2CC2)NN1,8.522878646850586,8.09190656961448,0.06882703042145268,0.8690476190476191,0.4309720772361061
gin,10407,Cc1nc(F)ccc1[C@H](Nc1cc(Cl)c2ncc(C#N)c(NCC(C)(C)C)c2c1)C1=C(I)N(C2(C(F)F)CC2)NN1,7.782715320587158,8.074942738813036,0.14695491980880285,0.75,0.2922274182258775
gin,10408,Cc1nc(F)ccc1[C@H](Nc1cc(Cl)c2ncc(C#N)c(NCC(C)(C)C)c2c1)C1=C(I)N(C2CC2)NN1,8.301030158996582,8.23499301332049,0.11392756338698455,0.8488372093023255,0.06603714567609131
gin,10418,Cc1nc(F)ccc1[C@H](Nc1cc(Cl)c2ncc(C#N)c(NCC(C)(C)C)c2c1)C1=CN(C2(C#N)CC2)NN1,8.522878646850586,8.407102475776185,0.06935141874944688,0.95,0.11577617107440119
gin,10420,Cc1nc(F)ccc1[C@H](Nc1cc(Cl)c2ncc(C#N)c(NCC(C)(C)C)c2c1)C1=CN(C2(C(=O)N(C)C)CC2)NN1,8.522878646850586,8.106793824780851,0.09821282592384188,0.8297872340425532,0.41608482206973463
gin,10424,Cc1nc(F)ccc1[C@H](Nc1cc(Cl)c2ncc(C#N)c(NCC(C)(C)C)c2c1)C1=CN(C2(C(=O)O)CC2)NN1,8.522878646850586,8.334169954721062,0.041548131097405856,0.8977272727272727,0.18870869212952357
gin,10425,Cc1nc(F)ccc1[C@H](Nc1cc(Cl)c2ncc(C#N)c(NCC(C)(C)C)c2c1)C1=CN(C2(C(C)(C)C)CC2)NN1,8.221848487854004,8.307268293600316,0.07484222763761313,0.8470588235294118,0.08541980574631225
gin,10426,Cc1nc(F)ccc1[C@H](Nc1cc(Cl)c2ncc(C#N)c(NCC(C)(C)C)c2c1)C1=CN(C2(C(C)C)CC2)NN1,8.301030158996582,8.323142152962077,0.07994856442242182,0.8372093023255814,0.022111993965495458
gin,10427,Cc1nc(F)ccc1[C@H](Nc1cc(Cl)c2ncc(C#N)c(NCC(C)(C)C)c2c1)C1=CN(C2(C(F)(F)F)CC2)NN1,8.221848487854004,7.89649803884501,0.10121059737440183,0.8953488372093024,0.3253504490089938
gin,10429,Cc1nc(F)ccc1[C@H](Nc1cc(Cl)c2ncc(C#N)c(NCC(C)(C)C)c2c1)C1=CN(C2(C(F)F)CC2)NN1,8.522878646850586,8.172328743397088,0.08863760337340791,0.8372093023255814,0.3505499034534978
gin,10430,Cc1nc(F)ccc1[C@H](Nc1cc(Cl)c2ncc(C#N)c(NCC(C)(C)C)c2c1)C1=CN(C2(C(N)=O)CC2)NN1,8.698969841003418,8.631936663145723,0.14398515939275275,0.9534883720930233,0.06703317785769514
gin,10432,Cc1nc(F)ccc1[C@H](Nc1cc(Cl)c2ncc(C#N)c(NCC(C)(C)C)c2c1)C1=CN(C2(C)CC2)NN1,8.698969841003418,8.49111378204725,0.10510635122123226,0.891566265060241,0.20785605895616754
gin,10435,Cc1nc(F)ccc1[C@H](Nc1cc(Cl)c2ncc(C#N)c(NCC(C)(C)C)c2c1)C1=CN(C2(CC(F)(F)F)CC2)NN1,8.301030158996582,8.145571802133986,0.06060311980431646,0.8181818181818182,0.1554583568625958
gin,10436,Cc1nc(F)ccc1[C@H](Nc1cc(Cl)c2ncc(C#N)c(NCC(C)(C)C)c2c1)C1=CN(C2(CF)CC2)NN1,8.522878646850586,8.345469763511062,0.031099024708801614,0.8372093023255814,0.17740888333952398
gin,10437,Cc1nc(F)ccc1[C@H](Nc1cc(Cl)c2ncc(C#N)c(NCC(C)(C)C)c2c1)C1=CN(C2(CO)CC2)NN1,8.522878646850586,8.407436954688876,0.03822062521913317,0.9058823529411765,0.11544169216170985
gin,10441,Cc1nc(F)ccc1[C@H](Nc1cc(Cl)c2ncc(C#N)c(NCC(C)(C)C)c2c1)C1=CN(C2CC2)NN1,8.698969841003418,8.35363260363323,0.08763466618634194,0.8888888888888888,0.3453372373701882
gin,10451,Cc1nc(F)ccc1[C@H](Nc1cc(Cl)c2ncc(C#N)c(NCC(C)(C)C)c2c1)C1=CN([C@@H]2CC2C(F)F)NN1,8.301030158996582,8.164318110613351,0.13589370409036233,0.8160919540229885,0.13671204838323092
gin,10452,Cc1nc(F)ccc1[C@H](Nc1cc(Cl)c2ncc(C#N)c(NCC(C)(C)C)c2c1)C1=CN([C@@H]2C[C@@H]2F)NN1,8.698969841003418,8.012557906245092,0.15702352896349162,0.8352941176470589,0.6864119347583255
gin,10453,Cc1nc(F)ccc1[C@H](Nc1cc(Cl)c2ncc(C#N)c(NCC(C)(C)C)c2c1Br)C1=C(F)N(C2(C(F)F)CC2)NN1,5.9097418785095215,7.785177118063018,0.21697006490429369,0.6262626262626263,1.8754352395534966
gin,10454,Cc1nc(F)ccc1[C@H](Nc1cc(Cl)c2ncc(C#N)c(NCC(C)(C)C)c2c1F)C1=CN(C2(C(F)F)CC2)NN1,5.015742778778076,8.032339001716053,0.08227270840350104,0.6979166666666666,3.0165962229379772
gin,10455,Cc1nc(F)ccc1[C@H](Nc1cc(Cl)c2ncc(C#N)c(NCC(C)(C)CC#N)c2c1)C1=CN(C2(C(F)F)CC2)NN1,8.0,8.142346498339776,0.08543895542654929,0.7849462365591398,0.14234649833977642
gin,10456,Cc1nc(F)ccc1[C@H](Nc1cc(Cl)c2ncc(C#N)c(NCC(C)(C)CCl)c2c1)C1=CN(C2(C(F)(F)F)CC2)NN1,8.522878646850586,7.935740868726668,0.102987655243808,0.8555555555555555,0.5871377781239175
gin,10457,Cc1nc(F)ccc1[C@H](Nc1cc(Cl)c2ncc(C#N)c(NCC(C)(C)CO)c2c1)C1=CN(C2(C(F)(F)F)CC2)NN1,7.698969841003418,7.948876739265103,0.13421070191654677,0.8461538461538461,0.24990689826168477
gin,10458,Cc1nc(F)ccc1[C@H](Nc1cc(Cl)c2ncc(C#N)c(NCC(C)(C)CO)c2c1)C1=CN(C2(C(F)F)CC2)NN1,7.886056423187256,8.219257243680715,0.12405507506113297,0.7849462365591398,0.33320082049345956
gin,10459,Cc1nc(F)ccc1[C@H](Nc1cc(Cl)c2ncc(C#N)c(NCC(C)(C)S(C)(=O)=O)c2c1)C1=CN(C2(C(F)(F)F)CC2)NN1,7.3665313720703125,8.193280457906127,0.2943003569590279,0.8369565217391305,0.8267490858358144
gin,10472,Cc1nc(F)ccc1[C@H](Nc1cc(Cl)c2ncc(C#N)c(N[C@H](C)C(C)(C)C)c2c1)C1=CN(C2(C(F)(F)F)CC2)NN1,7.853871822357178,7.444544882206472,0.30537555490761203,0.8089887640449438,0.4093269401507058
gin,10477,Cc1nc(F)ccc1[C@H](Nc1cc(F)c2ncc(C#N)c(NCC(C)(C)C)c2c1)C1=CN(C2(C#N)CC2)NN1,8.522878646850586,8.50113048811835,0.18430324315588054,0.8641975308641975,0.02174815873223679
gin,10478,Cc1nc(F)ccc1[C@H](Nc1cc(F)c2ncc(C#N)c(NCC(C)(C)C)c2c1)C1=CN(C2(C(F)(F)F)CC2)NN1,8.045757293701172,7.994816663459545,0.20889804832562153,0.8160919540229885,0.05094063024162665
gin,10479,Cc1nc(F)ccc1[C@H](Nc1cc(F)c2ncc(C#N)c(NCC(C)(C)C)c2c1)C1=CN(C2(C(F)F)CC2)NN1,8.397939682006836,8.26400134289031,0.20456664749341352,0.8390804597701149,0.13393833911652564
gin,10480,Cc1nc(F)ccc1[C@H](Nc1cc(F)c2ncc(C#N)c(NCC(C)(C)C)c2c1)C1=CN(C2(C(N)=O)CC2)NN1,8.522878646850586,8.723609205482603,0.2580804238722206,0.9523809523809523,0.20073055863201716
gin,10482,Cc1nc(F)ccc1[C@H](Nc1cc(F)c2ncc(C#N)c(NCC(C)(C)C)c2c1)C1=CN(C2(C)CC2)NN1,8.522878646850586,8.599137553513287,0.22093046257248114,0.8095238095238095,0.07625890666270152
gin,10559,Cc1ncccc1[C@@H](Nc1cc(Cl)c2ncc(C#N)c(NCC(C)(C)C)c2c1)C1=CN(C2(C(F)F)CC2)NN1,8.698969841003418,8.280541873823779,0.07987070428335465,0.8045977011494253,0.4184279671796389
gin,318,C/C(=C\c1ccc(O)c(O)c1)[N+](=O)[O-],5.036314964294434,5.937095633845004,0.3976598841833099,0.44680851063829785,0.9007806695505707
gin,403,C=C(CN(C)C)C(=O)c1ccccc1.Cl,5.251811981201172,6.020319618651193,0.5812624171022,0.6666666666666666,0.7685076374500213
gin,2847,CC(=C(C#N)C#N)c1ccc(N)cc1,2.903090000152588,3.6889327595233112,0.20230581904524403,0.22916666666666666,0.7858427593707233
gin,2848,CC(=C(C#N)C#N)c1ccc(NC(=O)CCC(=O)O)cc1,3.301029920578003,4.452767197456069,0.1676796840178464,0.35185185185185186,1.151737276878066
gin,2938,CC(=O)Nc1ccc(C=C(C#N)C#N)cc1,3.48811674118042,3.6160718553645665,0.27813079517044526,0.45714285714285713,0.12795511418414662
gin,2978,CC(=O)Oc1ccccc1C(=O)O,5.0,4.845262483505337,0.09620606395659266,0.36,0.15473751649466294
gin,3253,CC(C)(C)NC(=O)/C=C/c1ccccc1,4.525055885314941,4.7576279795660525,0.49900852706028337,0.5757575757575758,0.23257209425111114
gin,3256,CC(C)(C)NC(=O)c1ccc(N(CCCl)CCCl)cc1,4.502655506134033,5.56773639193338,0.20132843845601486,0.6097560975609756,1.0650808857993468
gin,3281,CC(C)(C)Oc1cc(/C=C(\C#N)C(=N)S)cc(C(C)(C)C)c1O,3.299999952316284,4.8966175709986715,0.2015027186304731,0.3333333333333333,1.5966176186823873
gin,3284,CC(C)(C)c1cc(/C=C(\C#N)C(N)=O)cc(C(C)(C)C)c1O,4.301030158996582,4.440398393603857,0.4381328499677967,0.5454545454545454,0.1393682346072751
gin,3286,CC(C)(C)c1cc(C=C(C#N)C#N)cc(C(C)(C)C)c1O,3.3372421264648438,3.9594140019914903,0.17836416200294994,0.4473684210526316,0.6221718755266465
gin,3393,CC(C)Cc1ccc(C(C)C(=O)O)cc1,5.0,4.5619501566918075,0.07315668022692445,0.42105263157894735,0.4380498433081925
gin,3507,CC(C)c1cc(/C=C(\C#N)C(N)=O)cc(C(C)C)c1O,6.0,5.252003501939697,0.17473735538857943,0.5454545454545454,0.7479964980603029
gin,4044,CCCCCCCCCCCCNC(=O)/C=C/c1ccccc1,4.4149909019470215,4.474874641776125,0.36923095545439233,0.48717948717948717,0.05988373982910389
gin,4046,CCCCCCCCCCCCNC(=O)c1ccc(N(CCCl)CCCl)cc1,4.301030158996582,5.143401594075527,0.4176171769801512,0.5652173913043478,0.8423714350789453
gin,4055,CCCCCCCCNC(C)C(O)c1ccc(SC(C)C)cc1,6.099960803985596,4.374236041244615,0.17802979178409895,0.23076923076923078,1.725724762740981
gin,4057,CCCCCCCCc1ccc(O)cc1,4.789976119995117,5.135405621893483,0.17778960570947241,0.3333333333333333,0.34542950189836574
gin,4072,CCCCN(CCCC)C(=O)c1ccc(N(CCCl)CCCl)cc1,4.506124019622803,4.441011623995905,0.4769234644457441,0.5714285714285714,0.06511239562689752
gin,4090,CCCCNC(=O)c1ccc(N(CCCl)CCCl)cc1,4.64187479019165,5.196850718466379,0.2818699865347375,0.5909090909090909,0.5549759282747289
gin,4116,CCCCc1cc(/C=C(\C#N)C(N)=O)cc(CCCC)c1O,4.259637355804443,4.110600185218232,0.28372993242269234,0.5957446808510638,0.1490371705862117
gin,4122,CCCN(CCC)C(=O)c1ccc(N(CCCl)CCCl)cc1,4.525346755981445,4.833393883379102,0.4677920371994311,0.6,0.30804712739765705
gin,5068,CC[C@H](C)[C@@H](CO[C@@H](Cc1ccccc1)C(=O)N[C@@H](CCS(C)(=O)=O)C(=O)OC(C)C)NC[C@@H](N)CS,5.4926838874816895,4.329945363295167,0.04969711988297796,0.23404255319148937,1.1627385241865227
gin,6398,COCCc1ccc(O)cc1,4.301030158996582,4.996383622815017,0.2312884895471848,0.34146341463414637,0.6953534638184351
gin,6550,COc1cc(/C(C)=C(\C#N)C(=O)O)ccc1O,2.9586071968078613,4.792642697635188,0.3172654497584777,0.375,1.8340355008273264
gin,6554,COc1cc(/C=C(\C#N)C(=O)O)cc(OC)c1O,3.5783960819244385,5.1437047798910385,0.15483211301872205,0.5510204081632653,1.5653086979666
gin,6555,COc1cc(/C=C(\C#N)C(=O)O)ccc1O,3.48811674118042,4.736997340807534,0.22664539498688374,0.5306122448979592,1.248880599627114
gin,6557,COc1cc(/C=C(\C#N)C(N)=C(C#N)C#N)cc(O)c1O,5.960409164428711,4.744575928802988,0.19757878814734228,0.5555555555555556,1.2158332356257233
gin,6559,COc1cc(/C=C(\C#N)C(N)=O)cc(CSCCC(=O)O)c1O,4.102059841156006,5.425172557239364,0.1512773820052938,0.7368421052631579,1.323112716083358
gin,6560,COc1cc(/C=C(\C#N)C(N)=O)cc(CSCCCC(=O)O)c1O,4.318758964538574,5.3333460071392835,0.13351170383488337,0.711864406779661,1.0145870426007093
gin,6576,COc1cc(/C=C(\C#N)C(N)=O)cc(SCCCC(=O)O)c1O,4.320000171661377,5.669335433344784,0.27437227987497387,0.5806451612903226,1.3493352616834073
gin,6587,COc1cc(/C=C/[N+](=O)[O-])ccc1O,5.0996413230896,5.741698891571048,0.33490509398673324,0.575,0.642057568481448
gin,6633,COc1cc(C(C#N)=C(C#N)C#N)cc(O)c1O,5.221848964691162,4.750260755722877,0.20087820178552715,0.4318181818181818,0.471588208968285
gin,6634,COc1cc(C(C#N)=C(C#N)C#N)cc(OC)c1O,3.045757532119751,4.573497052347761,0.20881088062435527,0.38636363636363635,1.5277395202280104
gin,6689,COc1cc(C=C(C#N)C#N)cc(Br)c1O,3.8153085708618164,4.788612032405695,0.1804596102994919,0.5833333333333334,0.9733034615438783
gin,6690,COc1cc(C=C(C#N)C#N)cc(C)c1O,4.059999942779541,4.008635157460674,0.20424951004786093,0.5416666666666666,0.051364785318867234
gin,6692,COc1cc(C=C(C#N)C#N)cc(CSCC(=O)O)c1O,4.267606258392334,5.564540923749632,0.2482201719702292,0.6538461538461539,1.2969346653572984
gin,6695,COc1cc(C=C(C#N)C#N)cc(O)c1O,5.221848964691162,4.70952588811457,0.09361785107694254,0.6578947368421053,0.5123230765765925
gin,6696,COc1cc(C=C(C#N)C#N)cc(OC)c1,2.903090000152588,3.6179513845110023,0.11489277238978698,0.42424242424242425,0.7148613843584144
gin,6697,COc1cc(C=C(C#N)C#N)cc(OC)c1O,3.0705809593200684,4.59345456086794,0.12213127450356359,0.5909090909090909,1.5228736015478717
gin,6698,COc1cc(C=C(C#N)C#N)cc(SCC(=O)O)c1O,4.269999980926514,5.609825693375257,0.3629834779676942,0.5689655172413793,1.339825712448743
gin,6699,COc1cc(C=C(C#N)C#N)cc([N+](=O)[O-])c1O,3.795880079269409,4.159815567896885,0.2011073560821914,0.509090909090909,0.36393548862747593
gin,6700,COc1cc(C=C(C#N)C#N)ccc1O,3.698970079421997,3.9004595215942572,0.2650922132219065,0.5909090909090909,0.20148944217226017
gin,8637,COc1ccc(/C=C(\C#N)C(=O)O)cc1,3.079355001449585,4.369060077236497,0.4606659012357633,0.46153846153846156,1.2897050757869124
gin,8698,COc1ccc(C(O)=C(C#N)C#N)cc1,3.346787452697754,3.5053488184968273,0.15310594970731983,0.3,0.15856136579907343
gin,8750,COc1ccc(C=C(C#N)C#N)cc1,2.903090000152588,3.3468527963941597,0.06579542569491878,0.5161290322580645,0.4437627962415718
gin,8751,COc1ccc(C=C(C#N)C#N)cc1F,3.096909999847412,3.698931975753794,0.14323266733054618,0.42857142857142855,0.6020219759063821
gin,8752,COc1ccc(C=C(C#N)C#N)cc1O,3.602060079574585,3.8052528311698097,0.1229201862544004,0.46,0.20319275159522476
gin,8846,COc1ccc(NN=C(C#N)C#N)cc1,3.221848726272583,4.562163921410445,0.6199583076813635,0.32608695652173914,1.3403151951378618
gin,9387,CSc1ccc(C=C(C#N)C#N)cc1,3.204119920730591,3.4866914452854303,0.28598247190946785,0.5161290322580645,0.28257152455483947
gin,9594,C[C@](N)(Cc1ccc(O)c(O)c1)C(=O)O,5.2816643714904785,5.841585286065225,1.104830001015441,0.3125,0.5599209145747466
gin,9603,C[S+]([O-])c1ccc(C=C(C#N)C#N)cc1,2.744727611541748,3.7609155136453865,0.359356238048781,0.5,1.0161879021036384
gin,9780,Cc1cc(C=C(C#N)C#N)cc(O)c1O,4.548028469085693,4.186452080747642,0.15371723932261364,0.4186046511627907,0.36157638833805095
gin,11271,N#C/C(=C/c1cc(O)ccc1O)C(=O)O,4.12493896484375,4.966789497897253,0.13131078117231854,0.4222222222222222,0.8418505330535027
gin,11285,N#C/C(=C\c1cc(O)ccc1O)C(=O)O,4.698969841003418,4.670891287445045,0.2052604916951146,0.4222222222222222,0.028078553558373187
gin,11286,N#C/C(=C\c1cc(O)ccc1O)C(N)=O,5.0,4.732334412124146,0.16421078295009478,0.4666666666666667,0.2676655878758538
gin,11287,N#C/C(=C\c1ccc(C=O)cc1)C(=O)O,4.327902317047119,4.200745510100035,0.4966789124636262,0.42857142857142855,0.12715680694708453
gin,11288,N#C/C(=C\c1ccc(F)cc1)C(=O)O,3.079355001449585,4.702876776550795,0.2931610705836809,0.5365853658536586,1.62352177510121
gin,11315,N#C/C(=C\c1ccc(O)c(O)c1)C(=O)O,4.562469482421875,4.9206032298693,0.2271686834366512,0.7027027027027027,0.3581337474474253
gin,11322,N#C/C(=C\c1ccc(O)c(O)c1)C(N)=O,5.0,4.918045197788388,0.01619971801102044,0.6756756756756757,0.08195480221161233
gin,11323,N#C/C(=C\c1ccc(O)c(O)c1)C(N)=S,5.619788646697998,5.318867191191998,0.27338590893225556,0.5897435897435898,0.3009214555059998
gin,11325,N#C/C(=C\c1ccc(O)cc1)C(=O)O,3.7407429218292236,4.669046966605208,0.3210422159865186,0.4666666666666667,0.9283040447759845
gin,11326,N#C/C(=C\c1ccc(O)cc1)C(N)=O,3.096909999847412,4.7379130997171615,0.20434407680738315,0.55,1.6410030998697493
gin,11329,N#C/C(=C\c1ccc([N+](=O)[O-])cc1)C(=O)O,2.886056661605835,4.294896008482851,0.26602104662362897,0.5777777777777777,1.4088393468770164
gin,11332,N#C/C(=C\c1ccccc1)C(=O)O,3.0705809593200684,4.58466197217092,0.1874935275947533,0.48717948717948717,1.514081012850852
gin,11333,N#C/C=C/c1ccc(O)cc1,2.619788646697998,4.682113477922769,0.4060492226239432,0.3,2.062324831224771
gin,11334,N#CC(C#N)=C(C#N)c1cc(O)c(O)c(O)c1,5.522878646850586,4.936471202127848,0.05901595905472353,0.3023255813953488,0.5864074447227381
gin,11335,N#CC(C#N)=C(C#N)c1cc(O)cc(O)c1,5.0,3.7701415188828946,0.16121831307267992,0.24390243902439024,1.2298584811171054
gin,11336,N#CC(C#N)=C(C#N)c1ccc(C=O)cc1,3.221848726272583,3.335875692310424,0.2693549990879039,0.32558139534883723,0.1140269660378408
gin,11337,N#CC(C#N)=C(C#N)c1ccc(O)c(O)c1,5.0,4.251193926542101,0.16475090813301307,0.4358974358974359,0.7488060734578994
gin,11338,N#CC(C#N)=C(C#N)c1ccc(O)cc1,3.221848726272583,3.618037461961876,0.08836519765924247,0.2682926829268293,0.396188735689293
gin,11339,N#CC(C#N)=C(C#N)c1cccc(O)c1,3.397939920425415,3.5651221206478567,0.2002664124368304,0.2826086956521739,0.16718220022244168
gin,11340,N#CC(C#N)=C(N)/C(C#N)=C/c1cc(O)c(O)c(Br)c1,6.301030158996582,4.900192071463607,0.16318921189976748,0.5531914893617021,1.400838087532975
gin,11341,N#CC(C#N)=C(N)/C(C#N)=C/c1cc(O)c(O)c(O)c1,6.096909999847412,4.850447192433762,0.1253255313832223,0.5,1.24646280741365
gin,11342,N#CC(C#N)=C(N)/C(C#N)=C/c1ccc(O)c(O)c1,5.562469482421875,4.371284487749847,0.1604403101587622,0.5813953488372093,1.191184994672028
gin,11343,N#CC(C#N)=C(N)/C(C#N)=C/c1ccc(O)c([N+](=O)[O-])c1,4.221848964691162,3.881126103171084,0.1734197996997253,0.49056603773584906,0.3407228615200779
gin,11344,N#CC(C#N)=C(N)/C(C#N)=C/c1ccc(O)cc1,6.951544761657715,3.9994904285413213,0.2731756106270668,0.5476190476190477,2.9520543331163935
gin,11346,N#CC(C#N)=C(O)c1cc(O)c(O)c(O)c1,4.93483304977417,5.05822927103182,0.2263626021548758,0.3023255813953488,0.12339622125765004
gin,11347,N#CC(C#N)=C(O)c1ccc(O)cc1,3.469650983810425,3.706484957708085,0.037506248423111364,0.2682926829268293,0.23683397389766014
gin,11356,N#CC(C#N)=CNc1ccc(O)cc1,3.4559319019317627,3.6235252138149576,0.49659907247933793,0.3333333333333333,0.16759331188319493
gin,11360,N#CC(C#N)=Cc1cc(O)c(O)c(O)c1,5.522878646850586,4.85173869713492,0.20828359518114128,0.47368421052631576,0.6711399497156663
gin,11361,N#CC(C#N)=Cc1cc(O)cc(O)c1,4.431798458099365,3.5906608316400934,0.2707532121844349,0.4827586206896552,0.8411376264592718
gin,11362,N#CC(C#N)=Cc1cc(O)ccc1[N+](=O)[O-],4.017728805541992,3.4789647652081612,0.0928306032468015,0.5581395348837209,0.538764040333831
gin,11366,N#CC(C#N)=Cc1ccc(/C=C/C(=O)O)cc1,3.346787452697754,4.1930883892908355,0.2137246672006611,0.48484848484848486,0.8463009365930816
gin,11367,N#CC(C#N)=Cc1ccc(C#N)cc1,2.853872060775757,2.9643032282393733,0.0951779505243963,0.5714285714285714,0.11043116746361648
gin,11368,N#CC(C#N)=Cc1ccc(C(=O)O)cc1,3.3665316104888916,3.2814956625793457,0.11137575626939518,0.5161290322580645,0.08503594790954594
gin,11369,N#CC(C#N)=Cc1ccc(C=O)cc1,4.221848964691162,3.2008873877475708,0.13383806444156188,0.5714285714285714,1.0209615769435914
gin,11370,N#CC(C#N)=Cc1ccc(F)cc1,2.903090000152588,3.7476823915912405,0.14825864802632185,0.5714285714285714,0.8445923914386526
gin,11372,N#CC(C#N)=Cc1ccc(NC(=O)CCC(=O)O)cc1,3.193819999694824,4.294833136506782,0.13674498645144506,0.4,1.1010131368119573
gin,11373,N#CC(C#N)=Cc1ccc(O)c(O)c1,4.455932140350342,4.1532760821968395,0.238851868954629,0.6060606060606061,0.30265605815350227
gin,11374,N#CC(C#N)=Cc1ccc(O)c([N+](=O)[O-])c1,3.903090000152588,3.61975260946906,0.0442517560920227,0.46938775510204084,0.2833373906835277
gin,11375,N#CC(C#N)=Cc1ccc(O)cc1,3.251811981201172,3.5997660655272057,0.11109144001768335,0.5925925925925926,0.3479540843260338
gin,11377,N#CC(C#N)=Cc1ccc([N+](=O)[O-])c(O)c1,3.346787452697754,3.736507126470201,0.12512370303321596,0.46938775510204084,0.3897196737724471
gin,11382,N#CC(C#N)=Cc1cccc(O)c1,3.425968647003174,3.511654534758577,0.2983905272914872,0.5,0.0856858877554032
gin,11387,N#CC(C#N)=NNc1ccc(O)cc1,3.647817373275757,4.745567591334634,0.5733367250650606,0.2894736842105263,1.0977502180588772
gin,11388,N#CC(C#N)Cc1ccc(O)cc1,2.187086582183838,4.4461846730305865,0.310847662426655,0.2916666666666667,2.2590980908467486
gin,11389,N#CC(Cc1ccc(O)c(O)c1)C(=N)S,4.15490198135376,5.338332869390285,0.2652225977980582,0.3,1.1834308880365256
gin,11427,N#CCNC(=O)/C(C#N)=C/c1ccc(O)cc1,3.204119920730591,5.301301446954199,0.4475396462986519,0.5869565217391305,2.0971815262236078
gin,11792,N[C@@H](Cc1ccc(O)c(O)c1)C(=O)O,4.293182373046875,4.644957311770526,0.4767170726736993,0.32608695652173914,0.3517749387236506
gin,12320,O=C(CCCCCCC(=O)Nc1ccccc1)NO,6.983288288116455,5.793729059762889,0.4963371570083861,0.675,1.1895592283535663
gin,12719,O=C(O)/C=C/c1cc(CO)ccc1CO,6.107905387878418,5.250797445969653,0.5956081129882947,0.23404255319148937,0.8571079419087653
gin,12720,O=C(O)/C=C/c1ccc(O)c(O)c1,2.96040940284729,5.57046112048539,0.11979834601563855,0.5714285714285714,2.6100517176381004
gin,12721,O=C(O)/C=C/c1ccc(O)cc1,2.522878646850586,5.348710832120247,0.02767683642576163,0.40540540540540543,2.825832185269661
gin,12722,O=C(O)C(=Cc1ccc(O)cc1)C(=O)O,2.823908805847168,4.671219879254522,0.3504964092293495,0.3,1.8473110734073543
gin,13079,O=CN/C=C/c1cc(O)ccc1O,5.522878646850586,5.458105284110033,0.45218032279271014,0.36363636363636365,0.0647733627405529
gin,13080,O=CN/C=C/c1ccc(O)c(O)c1,5.15490198135376,5.883174741008261,0.2513784786041125,0.4358974358974359,0.7282727596545016
gin,13114,O=[N+]([O-])/C=C/c1ccc(O)c(O)c1,5.050637245178223,5.870053173844383,0.3891325133011808,0.4375,0.8194159286661602
gin,13115,O=[N+]([O-])/C=C/c1ccc(O)cc1,4.997839450836182,5.760895677758953,0.2693824159147782,0.4523809523809524,0.763056226922771
gin,13332,Oc1cccc(O)c1O,5.910094738006592,5.914112039960244,0.22452493806148058,0.3,0.0040173019536524635
gin,13338,Oc1ccccc1O,4.584309101104736,5.320428616717692,0.1897967425494483,0.27586206896551724,0.7361195156129554
gin,136,C#CCN1CCOC(COc2cc3ncnc(Nc4ccc(Cl)c(Cl)c4)c3cc2OC)C1,7.301030158996582,7.407713864194108,0.03943103565675183,0.7837837837837838,0.10668370519752557
gin,2754,C=CCCCCCCN1CCOC(COc2cc3ncnc(Nc4ccc(Cl)c(Cl)c4)c3cc2OC)C1,7.301030158996582,7.14788850716829,0.06698280960033196,0.7654320987654321,0.15314165182829242
gin,2755,C=CCCCCN1CCOC(COc2cc3ncnc(Nc4ccc(Cl)c(Cl)c4)c3cc2OC)C1,7.301030158996582,7.160289790111776,0.10886723423652253,0.775,0.14074036888480634
gin,2757,C=CCCCN1CCOC(COc2cc3ncnc(Nc4ccc(Cl)c(Cl)c4)c3cc2OC)C1,7.301030158996582,7.15324241315777,0.1347660329838646,0.7848101265822784,0.14778774583881216
gin,2763,C=CCN1CCOC(COc2cc3ncnc(Nc4ccc(Cl)c(Cl)c4)c3cc2OC)C1,7.301030158996582,7.064615275029027,0.12900958481955022,0.8082191780821918,0.23641488396755506
gin,2846,CC#CCN1CCOC(COc2cc3ncnc(Nc4ccc(Cl)c(Cl)c4)c3cc2OC)C1,7.301030158996582,7.1477082217769095,0.05704408222443467,0.7837837837837838,0.15332193721967258
gin,3482,CC(C)Oc1cc2c(Nc3ccc(Cl)c(Cl)c3)ncnc2cc1OCC1CN(C)CCO1,7.301030158996582,7.518840110475651,0.03460635131695464,0.7605633802816901,0.2178099514790688
gin,3483,CC(C)Oc1cc2c(Nc3ccc(Cl)c(Cl)c3)ncnc2cc1OCC1CNCCO1,7.301030158996582,7.5609096072450654,0.19289110968751305,0.7571428571428571,0.2598794482484834
gin,3761,CCC#CCN1CCOC(COc2cc3ncnc(Nc4ccc(Cl)c(Cl)c4)c3cc2OC)C1,7.301030158996582,7.1541260644923454,0.030852203433423552,0.7631578947368421,0.14690409450423658
gin,3762,CCC(=O)CN1CCOC(COc2cc3ncnc(Nc4ccc(Cl)c(Cl)c4)c3cc2OC)C1,7.301030158996582,7.197696029548837,0.02556168814505227,0.7662337662337663,0.10333412944774523
gin,3788,CCC(=O)N1CCOC(COc2cc3ncnc(Nc4ccc(Cl)c(Cl)c4)c3cc2OC)C1,7.301030158996582,7.263057064283984,0.0782707262746489,0.8289473684210527,0.0379730947125978
gin,3957,CCC(CC)CN1CCOC(COc2cc3ncnc(Nc4ccc(Cl)c(Cl)c4)c3cc2OC)C1,7.301030158996582,7.186323317844767,0.09922952518741504,0.9154929577464789,0.11470684115181484
gin,3975,CCC1(C)CN(C)CC(COc2cc3ncnc(Nc4ccc(Cl)c(Cl)c4)c3cc2OC)O1,7.301030158996582,7.475794269074214,0.029495658150872375,0.72,0.17476411007763204
gin,4007,CCCC(C)C(=O)N1CCOC(COc2cc3ncnc(Nc4ccc(Cl)c(Cl)c4)c3cc2OC)C1,7.301030158996582,6.99978067878078,0.12281847943714676,0.8125,0.30124948021580167
gin,4008,CCCC(CCC)C(=O)N1CCOC(COc2cc3ncnc(Nc4ccc(Cl)c(Cl)c4)c3cc2OC)C1,7.301030158996582,6.920188750875802,0.026802273639383676,0.8227848101265823,0.38084140812078005
gin,4022,CCCCC(CC)C(=O)N1CCOC(COc2cc3ncnc(Nc4ccc(Cl)c(Cl)c4)c3cc2OC)C1,7.301030158996582,6.928526803764008,0.011375954448431778,0.8148148148148148,0.37250335523257405
gin,4025,CCCCCC(=O)N1CCOC(COc2cc3ncnc(Nc4ccc(Cl)c(Cl)c4)c3cc2OC)C1,7.301030158996582,7.185911720737792,0.07623113254541142,0.8125,0.11511843825878998
gin,4053,CCCCCCCCN1CCOC(COc2cc3ncnc(Nc4ccc(Cl)c(Cl)c4)c3cc2OC)C1,7.301030158996582,7.213093247886562,0.05236392130331474,0.8157894736842105,0.08793691111002033
gin,4058,CCCCCCCN1CCOC(COc2cc3ncnc(Nc4ccc(Cl)c(Cl)c4)c3cc2OC)C1,7.301030158996582,7.2142834286826485,0.04054927960566348,0.8157894736842105,0.08674673031393354
gin,4061,CCCCCCN1CCOC(COc2cc3ncnc(Nc4ccc(Cl)c(Cl)c4)c3cc2OC)C1,7.301030158996582,7.213232737938924,0.03589517816398323,0.8157894736842105,0.0877974210576582
gin,4066,CCCCCN1CCOC(COc2cc3ncnc(Nc4ccc(Cl)c(Cl)c4)c3cc2OC)C1,7.301030158996582,7.182473009452082,0.018666874258243794,0.8266666666666667,0.11855714954450036
gin,4086,CCCCN1CCOC(COc2cc3ncnc(Nc4ccc(Cl)c(Cl)c4)c3cc2OC)C1,7.301030158996582,7.1624276087671745,0.02797556627595569,0.8378378378378378,0.13860255022940748
gin,4114,CCCCS(=O)(=O)N1CCOC(COc2cc3ncnc(Nc4ccc(Cl)c(Cl)c4)c3cc2OC)C1,7.301030158996582,7.135100847353684,0.05439899811481766,0.7974683544303798,0.16592931164289837
gin,4146,CCCN1CCOC(COc2cc3ncnc(Nc4ccc(Cl)c(Cl)c4)c3cc2OC)C1,7.301030158996582,7.324851286082179,0.011414236235793426,0.9104477611940298,0.023821127085597027
gin,4294,CCN/C(=N\C#N)N1CCOC(COc2cc3ncnc(Nc4ccc(Cl)c(Cl)c4)c3cc2OC)C1,7.301030158996582,7.710924228354088,0.10596752026329356,0.8048780487804879,0.40989406935750594
gin,4392,CCN1CCOC(COc2cc3ncnc(Nc4ccc(Cl)c(Cl)c4)c3cc2OC)C1,7.301030158996582,7.459439324782835,0.00888283060311761,0.9090909090909091,0.15840916578625297
gin,4451,CCOC(=O)C(C)N1CCOC(COc2cc3ncnc(Nc4ccc(Cl)c(Cl)c4)c3cc2OC)C1,7.301030158996582,6.918937192206145,0.21990693455745103,0.7435897435897436,0.38209296679043714
gin,4667,CCOc1cc2c(Nc3ccc(Cl)c(Cl)c3)ncnc2cc1OCC1CN(C)CCO1,7.301030158996582,7.614914262700836,0.07118723128204453,0.7941176470588235,0.3138841037042539
gin,4668,CCOc1cc2c(Nc3ccc(Cl)c(Cl)c3)ncnc2cc1OCC1CNCCO1,7.301030158996582,7.6288516080433055,0.19974618702220728,0.7910447761194029,0.3278214490467235
gin,4962,CCS(=O)(=O)N1CCOC(COc2cc3ncnc(Nc4ccc(Cl)c(Cl)c4)c3cc2OC)C1,7.301030158996582,7.357261775457076,0.07767141486649731,0.8513513513513513,0.05623161646049368
gin,5013,CC[C@@H](C)CN1CCOC(COc2cc3ncnc(Nc4ccc(Cl)c(Cl)c4)c3cc2OC)C1,7.301030158996582,7.230735710224252,0.16460582002794993,0.8026315789473685,0.07029444877233004
gin,5642,CN/C(=N\C#N)N1CCOC(COc2cc3ncnc(Nc4ccc(Cl)c(C)c4)c3cc2OC)C1,7.301030158996582,7.442076885653108,0.13316874265826908,0.7590361445783133,0.1410467266565263
gin,5885,CN1CCOC(COc2cc3ncnc(Nc4ccc(Cl)c(Cl)c4)c3cc2O)C1,7.301030158996582,7.740077363516065,0.09739007937526593,0.7428571428571429,0.43904720451948265
gin,6061,COC(=O)CCC(=O)N1CCOC(COc2cc3ncnc(Nc4ccc(Cl)c(Cl)c4)c3cc2OC)C1,7.301030158996582,7.174229378840664,0.11540225980498202,0.8227848101265823,0.1268007801559179
gin,6069,COC(=O)CCCCN1CCOC(COc2cc3ncnc(Nc4ccc(Cl)c(Cl)c4)c3cc2OC)C1,7.301030158996582,7.12348013428219,0.060487364361694954,0.782051282051282,0.1775500247143924
gin,6073,COC(=O)CCN1CCOC(COc2cc3ncnc(Nc4ccc(Cl)c(Cl)c4)c3cc2OC)C1,7.301030158996582,7.186694719754314,0.06615786073470994,0.8133333333333334,0.11433543924226797
gin,6266,COCCN/C(=N\C#N)N1CCOC(COc2cc3ncnc(Nc4ccc(Cl)c(Cl)c4)c3cc2OC)C1,7.301030158996582,7.69394296486837,0.19815326877849226,0.7764705882352941,0.3929128058717879
gin,6278,COCCN1CCOC(COc2cc3ncnc(Nc4ccc(Cl)c(Cl)c4)c3cc2OC)C1,7.301030158996582,7.287313829973243,0.011796359145640539,0.9130434782608695,0.013716329023338858
gin,6295,COCCOc1cc2c(Nc3ccc(Cl)c(Cl)c3)ncnc2cc1OCC1CN(C)CCO1,7.301030158996582,7.52968701241258,0.07637327379175318,0.7857142857142857,0.22865685341599828
gin,6296,COCCOc1cc2c(Nc3ccc(Cl)c(Cl)c3)ncnc2cc1OCC1CNCCO1,7.301030158996582,7.570702546237698,0.20370206046085212,0.782608695652174,0.26967238724111553
gin,7149,COc1cc(Nc2ncnc3cc(OCC4CN(C)CCO4)c(OC)cc23)c(OC)cc1Cl,7.301030158996582,6.642656382354818,0.4614469289689454,0.7,0.6583737766417643
gin,7229,COc1cc2c(Nc3cc(Cl)c(Br)cc3F)ncnc2cc1OCC1CN(C)C(C)(C)CO1,7.301030158996582,7.313386924183902,0.09068996899708794,0.7088607594936709,0.012356765187320207
gin,7242,COc1cc2c(Nc3cc(Cl)c(Cl)c(Cl)c3)ncnc2cc1OCC1CN(C)CCO1,7.301030158996582,7.498406203845889,0.07698360586283932,0.7647058823529411,0.1973760448493067
gin,7244,COc1cc2c(Nc3cc(Cl)c(Cl)cc3F)ncnc2cc1OCC1CN(C)C(C)(C)CO1,7.301030158996582,7.301144207221881,0.08144576182810465,0.6933333333333334,0.00011404822529925696
gin,7245,COc1cc2c(Nc3cc(Cl)c(Cl)cc3F)ncnc2cc1OCC1CN(C)CCO1,7.301030158996582,7.252576505920345,0.015284693800274396,0.7297297297297297,0.04845365307623695
gin,7257,COc1cc2c(Nc3cc(Cl)ccc3F)ncnc2cc1OCC1CN(C)CCO1,7.301030158996582,7.010224156967624,0.13992311323408552,0.75,0.29080600202895823
gin,7260,COc1cc2c(Nc3cc(F)c(Br)c(F)c3)ncnc2cc1OCC1CN(C)CCO1,7.301030158996582,7.497857874480047,0.13767655535232948,0.6486486486486487,0.19682771548346523
gin,7261,COc1cc2c(Nc3cc(F)c(Br)cc3F)ncnc2cc1OCC1CN(C)CCO1,7.301030158996582,7.138012791503527,0.06082192806365284,0.6533333333333333,0.16301736749305462
gin,7285,COc1cc2c(Nc3ccc(Br)c(C)c3)ncnc2cc1OCC1CN(C)CCO1,7.301030158996582,7.016245575798718,0.26061121008944366,0.7083333333333334,0.28478458319786437
gin,7288,COc1cc2c(Nc3ccc(Br)c(Cl)c3)ncnc2cc1OCC1CN(C)CCO1,7.301030158996582,7.424135938609027,0.022944348323986664,0.7857142857142857,0.12310577961244462
gin,7314,COc1cc2c(Nc3ccc(Br)c(Cl)c3C)ncnc2cc1OCC1CN(C)CCO1,7.301030158996582,7.157749305027821,0.1901442572570241,0.6666666666666666,0.14328085396876133
gin,7315,COc1cc2c(Nc3ccc(Br)c(Cl)c3Cl)ncnc2cc1OCC1CN(C)C(C)(C)CO1,7.301030158996582,7.371741663085771,0.03111111652886023,0.7012987012987013,0.07071150408918925
gin,7316,COc1cc2c(Nc3ccc(Br)c(Cl)c3Cl)ncnc2cc1OCC1CN(C)CCO1,7.301030158996582,7.348094126844629,0.10390980320990863,0.7571428571428571,0.04706396784804667
gin,7327,COc1cc2c(Nc3ccc(Br)c(Cl)c3F)ncnc2cc1OCC1CN(C)C(C)(C)CO1,7.301030158996582,7.582882448379991,0.07390095927878108,0.7125,0.28185228938340856
gin,7328,COc1cc2c(Nc3ccc(Br)c(Cl)c3F)ncnc2cc1OCC1CN(C)CCO1,7.301030158996582,7.531207799779196,0.04999745254768228,0.7671232876712328,0.23017764078261393
gin,7346,COc1cc2c(Nc3ccc(Br)c(F)c3F)ncnc2cc1OCC1CN(C)CCO1,7.301030158996582,7.538425016803103,0.04159904326407273,0.6578947368421053,0.23739485780652103
gin,7348,COc1cc2c(Nc3ccc(Br)cc3Br)ncnc2cc1OCC1CN(C)CCO1,7.301030158996582,7.117093084545942,0.3428577019363087,0.6301369863013698,0.18393707445063967
gin,7349,COc1cc2c(Nc3ccc(Br)cc3C)ncnc2cc1OCC1CN(C)CCO1,7.301030158996582,6.965316376283965,0.2570151167993243,0.6301369863013698,0.33571378271261665
gin,7350,COc1cc2c(Nc3ccc(Br)cc3Cl)ncnc2cc1OCC1CN(C)CCO1,7.301030158996582,7.002183910054249,0.47398841820291177,0.6986301369863014,0.2988462489423327
gin,7356,COc1cc2c(Nc3ccc(Br)cc3F)ncnc2cc1OCC1CN(C)CCO1,7.301030158996582,6.986752669404019,0.14171981447493814,0.7536231884057971,0.31427748959256263
gin,7370,COc1cc2c(Nc3ccc(C)c(Br)c3)ncnc2cc1OCC1CN(C)CCO1,7.301030158996582,7.221721254897133,0.14339670087097575,0.7083333333333334,0.0793089040994488
gin,7375,COc1cc2c(Nc3ccc(C)c(Cl)c3Cl)ncnc2cc1OCC1CN(C)CCO1,7.301030158996582,7.16916059726266,0.15837569623104397,0.6621621621621622,0.13186956173392161
gin,7379,COc1cc2c(Nc3ccc(Cl)c(Br)c3)ncnc2cc1OCC1CN(C)CCO1,7.301030158996582,7.463658663096879,0.03141339962294261,0.7857142857142857,0.16262850410029728
gin,7381,COc1cc2c(Nc3ccc(Cl)c(C)c3)ncnc2cc1OCC1CN(C)CCO1,7.301030158996582,7.143965631655043,0.16919919518692042,0.8208955223880597,0.15706452734153942
gin,7395,COc1cc2c(Nc3ccc(Cl)c(Cl)c3)ncnc2cc1OCC1CN(/C(N)=N/C#N)CCO1,7.301030158996582,7.749576433176912,0.03920192040728836,0.8354430379746836,0.44854627418033033
gin,7396,COc1cc2c(Nc3ccc(Cl)c(Cl)c3)ncnc2cc1OCC1CN(C(=O)C(C)(C)C)CCO1,7.301030158996582,6.987292882569314,0.08584297809722286,0.7922077922077922,0.31373727642726834
gin,7398,COc1cc2c(Nc3ccc(Cl)c(Cl)c3)ncnc2cc1OCC1CN(C(=O)CC(=O)O)CCO1,7.301030158996582,7.183417575158018,0.03533836745811323,0.8205128205128205,0.11761258383856443
gin,7399,COc1cc2c(Nc3ccc(Cl)c(Cl)c3)ncnc2cc1OCC1CN(C(=O)CCC(C)C)CCO1,7.301030158996582,7.157424928498557,0.13770713376890933,0.8125,0.1436052304980251
gin,7402,COc1cc2c(Nc3ccc(Cl)c(Cl)c3)ncnc2cc1OCC1CN(C(=O)OC(C)(C)C)CCO1,7.301030158996582,6.789809771278331,0.13248190912324828,0.7721518987341772,0.5112203877182511
gin,7412,COc1cc2c(Nc3ccc(Cl)c(Cl)c3)ncnc2cc1OCC1CN(C(C)=O)CCO1,7.301030158996582,7.3463244521872895,0.04758766503974369,0.9130434782608695,0.045294293190707435
gin,7413,COc1cc2c(Nc3ccc(Cl)c(Cl)c3)ncnc2cc1OCC1CN(C(C)C(C)=O)CCO1,7.301030158996582,7.17322403450968,0.2856000718509493,0.7733333333333333,0.1278061244869022
gin,7415,COc1cc2c(Nc3ccc(Cl)c(Cl)c3)ncnc2cc1OCC1CN(C(C)C)CCO1,7.301030158996582,7.354395913607874,0.02005880887039437,0.9104477611940298,0.053365754611292004
gin,7417,COc1cc2c(Nc3ccc(Cl)c(Cl)c3)ncnc2cc1OCC1CN(C)C(C)(C)CO1,7.301030158996582,7.474657686637727,0.05372847429901856,0.7605633802816901,0.17362752764114475
gin,7418,COc1cc2c(Nc3ccc(Cl)c(Cl)c3)ncnc2cc1OCC1CN(C)CC(C)(C)O1,7.301030158996582,7.355465908906069,0.029503261575546173,0.8529411764705882,0.054435749909487186
gin,7421,COc1cc2c(Nc3ccc(Cl)c(Cl)c3)ncnc2cc1OCC1CN(C)CCO1,7.301030158996582,7.459509827130546,0.023609360481212413,0.90625,0.15847966813396397
gin,7422,COc1cc2c(Nc3ccc(Cl)c(Cl)c3)ncnc2cc1OCC1CN(C/C=C/Br)CCO1,7.301030158996582,7.2935890676156845,0.21559299691162434,0.7631578947368421,0.0074410913808975465
gin,7427,COc1cc2c(Nc3ccc(Cl)c(Cl)c3)ncnc2cc1OCC1CN(CC(N)=O)CCO1,7.301030158996582,7.258613130124516,0.042444397250222185,0.7763157894736842,0.042417028872066
gin,7433,COc1cc2c(Nc3ccc(Cl)c(Cl)c3)ncnc2cc1OCC1CN(CC=C(C)C)CCO1,7.301030158996582,7.285047938244773,0.042962708146226186,0.7763157894736842,0.015982220751808995
gin,7438,COc1cc2c(Nc3ccc(Cl)c(Cl)c3)ncnc2cc1OCC1CN(CCCC#N)CCO1,7.301030158996582,7.3793366692404305,0.05644002179610829,0.7848101265822784,0.07830651024384849
gin,7439,COc1cc2c(Nc3ccc(Cl)c(Cl)c3)ncnc2cc1OCC1CN(CCCCCC#N)CCO1,7.301030158996582,7.424949587713883,0.07331400153614907,0.7654320987654321,0.12391942871730066
gin,7440,COc1cc2c(Nc3ccc(Cl)c(Cl)c3)ncnc2cc1OCC1CN(CCCCCCO)CCO1,7.301030158996582,7.334532884520826,0.11722415987910503,0.8133333333333334,0.033502725524243715
gin,7441,COc1cc2c(Nc3ccc(Cl)c(Cl)c3)ncnc2cc1OCC1CN(CCCCF)CCO1,7.301030158996582,7.393713532562884,0.01569455814138131,0.8051948051948052,0.09268337356630241
gin,7444,COc1cc2c(Nc3ccc(Cl)c(Cl)c3)ncnc2cc1OCC1CN(CCF)CCO1,7.301030158996582,7.318398735178135,0.03254476253690836,0.8450704225352113,0.017368576181553408
gin,7445,COc1cc2c(Nc3ccc(Cl)c(Cl)c3)ncnc2cc1OCC1CN(CCO)CCO1,7.301030158996582,7.347968111399865,0.016569019346256545,0.8591549295774648,0.046937952403283134
gin,7446,COc1cc2c(Nc3ccc(Cl)c(Cl)c3)ncnc2cc1OCC1CN(CCOCCO)CCO1,7.301030158996582,7.339046449393791,0.03629728554329315,0.8026315789473685,0.03801629039720922
gin,7451,COc1cc2c(Nc3ccc(Cl)c(Cl)c3)ncnc2cc1OCC1CN(S(=O)(=O)CCCCl)CCO1,7.301030158996582,7.316407951212227,0.10811964761869018,0.7974683544303798,0.015377792215645059
gin,7457,COc1cc2c(Nc3ccc(Cl)c(Cl)c3)ncnc2cc1OCC1CN(S(C)(=O)=O)CCO1,7.301030158996582,7.250864259097511,0.1567500717746319,0.8133333333333334,0.05016589989907061
gin,7461,COc1cc2c(Nc3ccc(Cl)c(Cl)c3)ncnc2cc1OCC1CNCC(C)(C)O1,7.301030158996582,7.31147848821756,0.08476318997723288,0.7183098591549296,0.010448329220977826
gin,7463,COc1cc2c(Nc3ccc(Cl)c(Cl)c3)ncnc2cc1OCC1CNCCO1,7.301030158996582,7.452965554586868,0.16686164638824527,0.9047619047619048,0.1519353955902858
gin,7586,COc1cc2c(Nc3ccc(Cl)c(Cl)c3C)ncnc2cc1OCC1CN(C)CCO1,7.301030158996582,7.2957828423297855,0.18596261240327294,0.6891891891891891,0.005247316666796564
gin,7587,COc1cc2c(Nc3ccc(Cl)c(Cl)c3Cl)ncnc2cc1OCC1CN(C)CCO1,7.301030158996582,7.42467095054721,0.10310448686844657,0.7083333333333334,0.12364079155062768
gin,7592,COc1cc2c(Nc3ccc(Cl)c(Cl)c3F)ncnc2cc1OCC1CN(C)C(C)(C)CO1,7.301030158996582,7.672406912498104,0.11646834893605611,0.7051282051282052,0.3713767535015222
gin,7593,COc1cc2c(Nc3ccc(Cl)c(Cl)c3F)ncnc2cc1OCC1CN(C)CCO1,7.301030158996582,7.620473145621389,0.059503697401979694,0.7605633802816901,0.3194429866248072
gin,7619,COc1cc2c(Nc3ccc(Cl)cc3Cl)ncnc2cc1OCC1CN(C)CCO1,7.301030158996582,6.714950715343981,0.38453784671006136,0.7083333333333334,0.5860794436526007
gin,7624,COc1cc2c(Nc3ccc(Cl)cc3F)ncnc2cc1OCC1CN(C)CCO1,7.301030158996582,6.866384367669713,0.13196484272516817,0.7571428571428571,0.43464579132686865
gin,7635,COc1cc2c(Nc3ccc(F)c(Cl)c3)ncnc2cc1OCC1CN(C)CCO1,7.301030158996582,7.545178467268983,0.019730383900398742,0.7857142857142857,0.24414830827240053
gin,7644,COc1cc2c(Nc3ccc(F)c(Cl)c3F)ncnc2cc1OCC1CN(C)C(C)(C)CO1,7.301030158996582,7.783348343748173,0.14188549996257802,0.7051282051282052,0.48231818475159116
gin,7645,COc1cc2c(Nc3ccc(F)c(Cl)c3F)ncnc2cc1OCC1CN(C)CCO1,7.301030158996582,7.735478164153875,0.07429492666620821,0.7605633802816901,0.434448005157293
gin,7770,COc1cc2c(Nc3cccc(Br)c3C)ncnc2cc1OCC1CN(C)CCO1,7.301030158996582,7.048427963143844,0.09322191978799878,0.6025641025641025,0.252602195852738
gin,7772,COc1cc2c(Nc3cccc(Br)c3Cl)ncnc2cc1OCC1CN(C)CCO1,7.301030158996582,7.424290632248329,0.18104279191527115,0.6533333333333333,0.12326047325174727
gin,7775,COc1cc2c(Nc3cccc(Cl)c3C)ncnc2cc1OCC1CN(C)CCO1,7.301030158996582,7.240389945064223,0.14331312158861223,0.6666666666666666,0.06064021393235919
gin,7780,COc1cc2c(Nc3cccc(Cl)c3F)ncnc2cc1OCC1CN(C)CCO1,7.301030158996582,7.765689777611158,0.14700883332052841,0.7571428571428571,0.4646596186145757
gin,29,Brc1cccc(Nc2ccnc3ccccc23)c1,5.259637355804443,5.0507794562746255,0.35962436502233164,0.6341463414634146,0.20885789952981781
gin,139,C#CCNC/C=C/C(=O)Nc1cc2c(Nc3ccc(F)c(Cl)c3)c(C#N)cnc2cc1OCC,8.871641159057617,7.527781848646811,0.17328127075959995,0.7415730337078652,1.3438593104108065
gin,168,C#Cc1cccc(Nc2c(C#N)cnc3cc(OC)c(OC)cc23)c1,7.214670181274414,5.645232675418725,0.15135461984690565,0.5483870967741935,1.5694375058556886
gin,169,C#Cc1cccc(Nc2c(C#N)cnc3cc(OCCOC)c(OCCOC)cc23)c1,6.070580959320068,6.780419125411896,0.42247843122290096,0.5285714285714286,0.7098381660918278
gin,171,C#Cc1cccc(Nc2ccnc3cc(OC)c(OC)cc23)c1,7.5489983558654785,5.546494723301976,0.1396422109016025,0.5272727272727272,2.002503632563503
gin,172,C#Cc1cccc(Nc2ccnc3cc(OCCOC)c(OCCOC)cc23)c1,6.995699882507324,6.810015079332601,0.4713063273617645,0.527027027027027,0.18568480317472336
gin,340,C/C=C/C(=O)Nc1cc2c(Nc3ccc(F)c(Cl)c3)c(C#N)cnc2cc1OCC,5.122469425201416,6.7765870463199995,0.0478762848059019,0.7407407407407407,1.6541176211185835
gin,341,C/C=C/C(=O)Nc1cc2c(Nc3ccc(F)c(Cl)c3)ccnc2cc1CC,5.12493896484375,5.983487707570987,0.2846095951789364,0.5641025641025641,0.8585487427272369
gin,353,C/C=C/C(=O)Nc1ccc2ncc(C#N)c(Nc3cccc(Br)c3)c2c1,5.79048490524292,5.415582923354805,0.126128586884657,0.6376811594202898,0.3749019818881152
gin,396,C=C(CN(C)C)C(=O)Nc1cc2c(Nc3ccc(F)c(Cl)c3)c(C#N)cnc2cc1OCC,6.250906467437744,7.518986316398184,0.14374014637616125,0.775,1.26807984896044
gin,1876,C=CC(=O)Nc1cc2c(Nc3ccc(F)c(Cl)c3)c(C#N)cnc2cc1OCC,8.835647583007812,7.834354577508833,0.008494470017367375,0.7432432432432432,1.0012930054989795
gin,1925,C=CC(=O)Nc1cc2c(Nc3cccc(Br)c3)c(C#N)cnc2cc1OC,6.090757846832275,7.678039412787001,0.10729876445604758,0.6923076923076923,1.5872815659547257
gin,2021,C=CC(=O)Nc1ccc2ncc(C#N)c(Nc3cccc(Br)c3)c2c1,6.229147911071777,7.258450191682897,0.4576524859025636,0.6197183098591549,1.0293022806111196
gin,2023,C=CC(=O)Nc1ccc2nccc(Nc3cccc(Br)c3)c2c1,9.0,7.284488313356867,0.6270104537189017,0.5925925925925926,1.7155116866431328
gin,2837,CC#CC(=O)Nc1cc2c(Nc3cccc(Br)c3)c(C#N)cnc2cc1OC,6.04047966003418,6.336362544290734,0.2884044180595053,0.6567164179104478,0.29588288425655396
gin,2839,CC#CC(=O)Nc1ccc2ncc(C#N)c(Nc3ccc(F)c(Cl)c3)c2c1,6.234657287597656,5.1540617662435295,0.20042099823106777,0.8,1.0805955213541267
gin,2840,CC#CC(=O)Nc1ccc2ncc(C#N)c(Nc3cccc(Br)c3)c2c1,6.026872158050537,5.1589022511029725,0.18236620402960377,0.7796610169491526,0.8679699069475646
gin,3408,CC(C)N(CC#CC(=O)Nc1ccc2ncc(C#N)c(Nc3cccc(Br)c3)c2c1)C(C)C,6.602059841156006,6.553544031536891,0.27389480372828706,0.7605633802816901,0.04851580961911495
gin,3459,CC(C)NCC#CC(=O)Nc1ccc2ncc(C#N)c(Nc3cccc(Br)c3)c2c1,3.6019999980926514,6.959183222162899,0.16972603278833903,0.7183098591549296,3.3571832240702477
gin,3915,CCC(=O)Nc1ccc2nccc(Nc3cccc(Br)c3)c2c1,7.79587984085083,5.574704092946803,0.1851691125675158,0.5925925925925926,2.2211757479040273
gin,4067,CCCCCOc1ccc(Nc2c(C#N)cnc3cc(OCC)c(NC(=O)/C=C/CN(C)C)cc23)cc1Cl,6.0486626625061035,7.1552830231647135,0.15106998061642632,0.8292682926829268,1.10662036065861
gin,4120,CCCN(CC#CC(=O)Nc1ccc2ncc(C#N)c(Nc3cccc(Br)c3)c2c1)CCC,6.886056423187256,6.178938398287137,0.18815414346653417,0.7605633802816901,0.7071180249001188
gin,4149,CCCNCC#CC(=O)Nc1ccc2ncc(C#N)c(Nc3cccc(Br)c3)c2c1,3.885999917984009,6.635096729183747,0.22585825018614547,0.6986301369863014,2.7490968111997383
gin,4194,CCN(CC)C(C)/C=C/C(=O)Nc1cc2c(Nc3ccc(F)c(Cl)c3)c(C#N)cnc2cc1OC,5.315154552459717,6.310155063017362,0.026069600096487896,0.7209302325581395,0.9950005105576452
gin,4208,CCN(CC)C/C=C/C(=O)Nc1cc2c(Nc3ccc(F)c(Cl)c3)c(C#N)cnc2cc1OC,5.718966484069824,7.017470000388134,0.3553021368106408,0.7261904761904762,1.29850351631831
gin,4669,CCOc1cc2c(Nc3cccc(Br)c3)c(C#N)cnc2cc1OC,4.480000019073486,6.296697384412777,0.24319551801220873,0.6206896551724138,1.8166973653392908
gin,4674,CCOc1cc2ncc(C#N)c(Nc3ccc(Cl)c(F)c3)c2cc1NC(=O)/C=C/CN(C)C,7.414539337158203,7.261963463416592,0.11298626475250169,0.7901234567901234,0.1525758737416112
gin,4676,CCOc1cc2ncc(C#N)c(Nc3ccc(F)c(Cl)c3)c2cc1NC(=O)/C=C/CN(C)C,7.408935546875,7.358850007307112,0.059361871386574186,0.825,0.050085539567888304
gin,4677,CCOc1cc2ncc(C#N)c(Nc3ccc(F)c(Cl)c3)c2cc1NC(=O)/C=C/CN(C)CCF,8.367402076721191,7.343653779245614,0.08850382803545634,0.8192771084337349,1.0237482974755778
gin,4679,CCOc1cc2ncc(C#N)c(Nc3ccc(F)c(Cl)c3)c2cc1NC(=O)/C=C/CNC,8.936853408813477,7.329838062598668,0.12006760983346161,0.7560975609756098,1.6070153462148085
gin,4682,CCOc1cc2ncc(C#N)c(Nc3ccc(F)c(Cl)c3)c2cc1NC(=O)C(CSC(C)=O)CSC(C)=O,6.282955169677734,7.48117538148243,0.30340190446384835,0.7738095238095238,1.1982202118046956
gin,4688,CCOc1cc2ncc(C#N)c(Nc3ccc(F)c(Cl)c3)c2cc1NC(=O)CCN(C)C,9.16749095916748,7.613833493432196,0.2574702328090139,0.7662337662337663,1.5536574657352844
gin,4691,CCOc1cc2ncc(C#N)c(Nc3ccc(F)c(Cl)c3)c2cc1OCC,6.009998798370361,6.846830915191653,0.24576697979755607,0.7068965517241379,0.8368321168212915
gin,4767,CCOc1cc2ncc(C#N)c(Nc3cccc(Br)c3)c2cc1NC(=O)/C=C/CN(C)C,5.79587984085083,7.269477821972856,0.11908567072449683,0.7721518987341772,1.4735979811220261
gin,4769,CCOc1cc2ncc(C#N)c(Nc3cccc(Br)c3)c2cc1OC,4.670000076293945,6.322118608758141,0.2390206797930273,0.6206896551724138,1.652118532464196
gin,4770,CCOc1cc2ncc(C#N)c(Nc3cccc(Br)c3)c2cc1OCC,6.379999160766602,6.95144745869261,0.27100588441454804,0.631578947368421,0.5714482979260085
gin,5311,CN(C)C/C=C/C(=O)Nc1cc2c(Nc3ccc(F)c(Cl)c3)c(C#N)cnc2cc1OC(F)(F)F,5.578395843505859,6.849387668399416,0.16293994221170274,0.7011494252873564,1.2709918248935566
gin,5341,CN(C)C/C=C/C(=O)Nc1ccc2ncc(C#N)c(Nc3ccc(F)c(Cl)c3)c2c1,6.187086582183838,6.090225475633773,0.09779923077949315,0.7162162162162162,0.0968611065500653
gin,5342,CN(C)C/C=C/C(=O)Nc1ccc2ncc(C#N)c(Nc3cccc(Br)c3)c2c1,6.508638381958008,6.0066253235080325,0.1884774444793099,0.8153846153846154,0.5020130584499753
gin,5397,CN(C)CCCC(=O)Nc1ccc2nccc(Nc3cccc(Br)c3)c2c1,8.769551277160645,6.039544632927445,0.18447376097378237,0.6086956521739131,2.7300066442331996
gin,5960,CNC/C=C/C(=O)Nc1cc2c(Nc3ccc(F)c(Cl)c3)c(C#N)cnc2cc1OCCF,8.8140230178833,7.299915160113315,0.1774089024780486,0.6813186813186813,1.5141078577699858
gin,6225,COCC#CC(=O)Nc1cc2c(Nc3cccc(Br)c3)c(C#N)cnc2cc1OC,6.1011857986450195,7.263785979112001,0.20900510662231944,0.6265060240963856,1.1626001804669812
gin,6226,COCC#CC(=O)Nc1ccc2ncc(C#N)c(Nc3cccc(Br)c3)c2c1,6.017728805541992,6.577534904137582,0.1509167973729366,0.7285714285714285,0.5598060985955895
gin,6286,COCCOCC#CC(=O)Nc1ccc2ncc(C#N)c(Nc3cccc(Br)c3)c2c1,6.031517028808594,6.699712766725181,0.20279176644633645,0.6710526315789473,0.6681957379165873
gin,6299,COCCOc1cc2ncc(C#N)c(Nc3cccc(Br)c3)c2cc1OCCOC,5.959999084472656,6.606533944015709,0.39987285314557763,0.609375,0.6465348595430527
gin,6411,COCOC#CC(=O)Nc1ccc2ncc(C#N)c(Nc3cccc(Br)c3)c2c1,6.481485843658447,6.435782434973949,0.09331248110506418,0.654320987654321,0.04570340868449829
gin,6412,COCOCC#CC(=O)Nc1ccc2ncc(C#N)c(Nc3cccc(Br)c3)c2c1,6.480743885040283,6.4677886986238375,0.21859793509506345,0.68,0.012955186416445663
gin,6423,COCOc1cc2ncc(C#N)c(Nc3cccc(Br)c3)c2cc1OCOC,5.170000076293945,6.36980092974576,0.2599271942931501,0.6101694915254238,1.1998008534518148
gin,6785,COc1cc(N(C)c2ccnc3ccc(C(F)(F)F)cc23)cc(OC)c1OC,5.6575775146484375,5.6963189566361905,0.1554963143998256,0.35,0.03874144198775298
gin,7081,COc1cc(NC(=O)/C=C/CN(C)C)cc2c(Nc3cccc(Br)c3)c(C#N)cnc12,5.540303707122803,5.80805474672573,0.3211287338747139,0.7464788732394366,0.2677510396029277
gin,7119,COc1cc(Nc2cc(C)nc3ccc(C(F)(F)F)cc23)cc(OC)c1OC,4.301030158996582,6.4123473533209205,0.2724073995883826,0.375,2.1113171943243385
gin,7123,COc1cc(Nc2ccnc3ccc(Br)cc23)cc(OC)c1OC,4.301030158996582,5.885515607568195,0.19881434854061797,0.4406779661016949,1.5844854485716127
gin,7124,COc1cc(Nc2ccnc3ccc(C(F)(F)F)cc23)cc(OC)c1OC,4.301030158996582,6.040740668676303,0.31321297966902484,0.4,1.7397105096797212
gin,7987,COc1cc2ncc(C#N)c(Nc3cc(Cl)c(O)c(Cl)c3)c2cc1OC,5.499999523162842,6.2770916874659655,0.26077397719126794,0.6206896551724138,0.7770921643031237
gin,7988,COc1cc2ncc(C#N)c(Nc3cc(Cl)ccc3O)c2cc1OC,4.769999980926514,5.549557845976096,0.08834453575560833,0.5396825396825397,0.7795578650495827
gin,7989,COc1cc2ncc(C#N)c(Nc3cc(OC)c(OC)c(OC)c3)c2cc1OC,5.148741722106934,5.495258120905362,0.033412455539363804,0.7254901960784313,0.3465163987984283
gin,7991,COc1cc2ncc(C#N)c(Nc3ccc(Br)c(C)c3)c2cc1OC,6.209996700286865,5.121310353578394,0.27250830320781433,0.5737704918032787,1.0886863467084709
gin,7992,COc1cc2ncc(C#N)c(Nc3ccc(Br)cc3)c2cc1OC,5.180000305175781,4.984963442769015,0.34990655108029073,0.5862068965517241,0.19503686240676643
gin,7993,COc1cc2ncc(C#N)c(Nc3ccc(C(C)C)cc3)c2cc1OC,6.639993667602539,5.166668740572362,0.3047806603413496,0.5932203389830508,1.473324927030177
gin,7994,COc1cc2ncc(C#N)c(Nc3ccc(C)c(Br)c3)c2cc1OC,5.75,5.302974184455707,0.30914830415558614,0.5737704918032787,0.44702581554429344
gin,7995,COc1cc2ncc(C#N)c(Nc3ccc(C)c(Cl)c3)c2cc1OC,5.8299994468688965,5.444919130279828,0.26793877251170034,0.6842105263157895,0.38508031658906816
gin,7996,COc1cc2ncc(C#N)c(Nc3ccc(C)cc3)c2cc1OC,5.559999942779541,5.012653061218941,0.25010470559502274,0.5964912280701754,0.5473468815605997
gin,7998,COc1cc2ncc(C#N)c(Nc3ccc(Cl)cc3F)c2cc1OC,4.860000133514404,5.397426754105368,0.18828775906833087,0.6166666666666667,0.5374266205909635
gin,7999,COc1cc2ncc(C#N)c(Nc3ccc(F)c(C(F)(F)F)c3)c2cc1OC,6.7999982833862305,5.844136988081274,0.24691681734692134,0.65,0.9558612953049561
gin,8000,COc1cc2ncc(C#N)c(Nc3ccc(F)c(Cl)c3)c2cc1NC(=O)/C=C/C(C)N(C)C,5.28116512298584,6.35859246393463,0.1578980109114994,0.7469879518072289,1.0774273409487902
gin,8002,COc1cc2ncc(C#N)c(Nc3ccc(F)c(Cl)c3)c2cc1NC(=O)/C=C/CN(C)C,5.632256031036377,6.94551065178806,0.24611460080873235,0.775,1.3132546207516826
gin,8004,COc1cc2ncc(C#N)c(Nc3ccc(F)c(Cl)c3)c2cc1OC,5.9871625900268555,5.625160968527467,0.15557210195322546,0.8653846153846154,0.3620016214993882
gin,8006,COc1cc2ncc(C#N)c(Nc3ccc(F)cc3)c2cc1OC,4.320000171661377,5.162695174528409,0.2605772507674475,0.6428571428571429,0.8426950028670319
gin,8010,COc1cc2ncc(C#N)c(Nc3ccc(O)c(Cl)c3)c2cc1OC,5.039999961853027,5.776209004875881,0.207517398139536,0.6724137931034483,0.7362090430228534
gin,8019,COc1cc2ncc(C#N)c(Nc3cccc(Br)c3)c2cc1NC(=O)/C=C/CN(C)C,6.1011857986450195,6.8585347264397,0.39041395997545114,0.7375,0.7573489277946805
gin,8021,COc1cc2ncc(C#N)c(Nc3cccc(Br)c3)c2cc1NC(=O)C#CCN(C)C,7.045757293701172,7.433281039044601,0.3730744092177183,0.620253164556962,0.3875237453434295
gin,8022,COc1cc2ncc(C#N)c(Nc3cccc(Br)c3)c2cc1OC,6.721246242523193,5.65061360206883,0.23611709178415388,0.6923076923076923,1.0706326404543631
gin,8023,COc1cc2ncc(C#N)c(Nc3cccc(Br)c3C)c2cc1OC,6.0800018310546875,5.272892801723401,0.24978753731046321,0.5079365079365079,0.8071090293312864
gin,8024,COc1cc2ncc(C#N)c(Nc3cccc(C#N)c3)c2cc1OC,4.849999904632568,4.980100524045383,0.19028442986883573,0.5666666666666667,0.13010061941281492
gin,8025,COc1cc2ncc(C#N)c(Nc3cccc(C(C)=O)c3)c2cc1OC,5.130000114440918,5.035864880376835,0.11216305231093185,0.5526315789473685,0.0941352340640833
gin,8026,COc1cc2ncc(C#N)c(Nc3cccc(C(C)C)c3)c2cc1OC,4.210000038146973,5.53929608208918,0.21201239173475264,0.5645161290322581,1.3292960439422075
gin,8027,COc1cc2ncc(C#N)c(Nc3cccc(C(F)(F)F)c3)c2cc1OC,5.840000152587891,5.874045701504755,0.23216564713540275,0.5555555555555556,0.03404554891686473
gin,8028,COc1cc2ncc(C#N)c(Nc3cccc(C(N)=O)c3)c2cc1OC,5.110000133514404,5.0359542728955375,0.14157930452981762,0.5454545454545454,0.07404586061886675
gin,8029,COc1cc2ncc(C#N)c(Nc3cccc(Cl)c3)c2cc1OC,6.740000247955322,5.405636062333485,0.2367967016079763,0.6923076923076923,1.334364185621837
gin,8030,COc1cc2ncc(C#N)c(Nc3cccc(F)c3)c2cc1OC,6.130000114440918,5.563934180602388,0.12926238471903392,0.6101694915254238,0.5660659338385301
gin,8031,COc1cc2ncc(C#N)c(Nc3cccc(N(C)C)c3)c2cc1OC,6.0699992179870605,4.875431944160482,0.19457308048813923,0.5396825396825397,1.1945672738265785
gin,8032,COc1cc2ncc(C#N)c(Nc3cccc(N)c3)c2cc1OC,6.090000152587891,5.2497192487363975,0.024804203365077066,0.5573770491803278,0.8402809038514931
gin,8033,COc1cc2ncc(C#N)c(Nc3cccc(N=[N+]=[N-])c3)c2cc1OC,5.660000324249268,6.269563000529246,1.2769505727099069,0.5074626865671642,0.6095626762799782
gin,8034,COc1cc2ncc(C#N)c(Nc3cccc(NC(C)=O)c3)c2cc1OC,4.159999847412109,5.06846594328465,0.21502381328464726,0.5526315789473685,0.9084660958725408
gin,8035,COc1cc2ncc(C#N)c(Nc3cccc(O)c3)c2cc1OC,5.200000286102295,5.378863603123563,0.09539649254261384,0.5666666666666667,0.17886331702126768
gin,8036,COc1cc2ncc(C#N)c(Nc3cccc(SC)c3)c2cc1OC,6.119998455047607,5.2767156750719835,0.2926086445970617,0.5396825396825397,0.843282779975624
gin,8037,COc1cc2ncc(C#N)c(Nc3cccc([N+](=O)[O-])c3)c2cc1OC,6.060001850128174,5.084878043917911,0.1387696474309462,0.5151515151515151,0.975123806210263
gin,8038,COc1cc2ncc(C#N)c(Nc3ccccc3Br)c2cc1OC,5.380000591278076,5.561025780145741,0.3777881215842274,0.559322033898305,0.1810251888676646
gin,8039,COc1cc2ncc(C#N)c(Nc3ccccc3C(C)C)c2cc1OC,6.439997673034668,5.471326903450375,0.1923693864988726,0.5409836065573771,0.9686707695842927
gin,8043,COc1cc2ncc(C(=O)O)c(Nc3ccc(F)c(Cl)c3)c2cc1OC,5.032264709472656,5.572539010716326,0.06397274759260829,0.6666666666666666,0.5402743012436702
gin,8044,COc1cc2ncc(C(=O)O)c(Nc3cccc(Br)c3)c2cc1OC,4.764766693115234,5.6462133639327305,0.17378050687619223,0.65625,0.8814466708174962
gin,8045,COc1cc2ncc(C(=O)O)c(Nc3cccc(Cl)c3)c2cc1OC,5.044745445251465,5.544184778323,0.12952431800607872,0.65625,0.49943933307153543
gin,8046,COc1cc2ncc(C(N)=O)c(Nc3cccc(Br)c3)c2cc1OC,4.820000171661377,5.906233138255459,0.21143596583773042,0.6461538461538462,1.086232966594082
gin,8047,COc1cc2ncc(C=O)c(Nc3cccc(Br)c3)c2cc1OC,5.470000267028809,6.187190084370489,0.22010365256713282,0.5522388059701493,0.71718981734168
gin,8049,COc1cc2nccc(Nc3cc(OC)c(OC)c(OC)c3)c2cc1OC,4.568636417388916,5.5045298226382045,0.0368750647058981,0.4915254237288136,0.9358934052492884
gin,8050,COc1cc2nccc(Nc3ccc(F)c(Cl)c3)c2cc1NC(=O)/C=C/C(C)N(C)C,5.282329559326172,6.239059998682644,0.20954016164863162,0.7236842105263158,0.9567304393564724
gin,8054,COc1cc2nccc(Nc3cccc(Br)c3)c2cc1OC,6.600674629211426,5.564018543363005,0.06673240839190098,0.5833333333333334,1.0366560858484206
gin,8849,COc1ccc(Nc2c(C#N)cnc3cc(OC)c(OC)cc23)cc1OC,4.300000190734863,4.990552818597962,0.18860673706190342,0.6363636363636364,0.6905526278630987
gin,8853,COc1ccc(Nc2ccnc3cc(OC)c(OC)cc23)cc1OC,4.094203948974609,4.953133218865986,0.2142842823426497,0.5818181818181818,0.8589292698913766
gin,11571,N#Cc1cnc2cc(O)c(O)cc2c1Nc1cccc(Br)c1,6.459996223449707,7.104887562073401,0.142875076323351,0.6923076923076923,0.6448913386236939
gin,87,Brc1cccc(Nc2ncnc3ccncc23)c1,7.452974319458008,8.567035236844731,0.16312179051925876,0.6590909090909091,1.1140609173867233
gin,1955,C=CC(=O)Nc1cc2ncnc(Nc3cccc(Br)c3)c2cn1,8.117091178894043,8.866407009662112,0.2708691732306841,0.6964285714285714,0.7493158307680687
gin,1956,C=CC(=O)Nc1cc2ncnc(Nc3cccc(Cl)c3)c2cn1,9.270025253295898,8.345723251887307,0.4146268839199245,0.5333333333333333,0.9243020014085914
gin,2926,CC(=O)Nc1c(Br)cccc1Nc1ncnc2ccncc12,7.530030727386475,7.719832472908905,0.09510876056952418,0.5625,0.18980174552243056
gin,2932,CC(=O)Nc1cc2ncnc(Nc3cccc(Br)c3)c2cn1,7.537601947784424,8.607075083335758,0.07792074946054794,0.5833333333333334,1.069473135551334
gin,2939,CC(=O)Nc1ccc(Nc2ncnc3cc(N)ncc23)cc1,5.0,4.912184986633434,0.49597557374194945,0.5714285714285714,0.08781501336656561
gin,2953,CC(=O)Nc1cccc(Nc2ncnc3cc(N)ncc23)c1,5.0,5.7546901726397435,0.5860296330816083,0.6,0.7546901726397435
gin,5403,CN(C)CCCCCNc1c(Br)cccc1Nc1ncnc2ccncc12,8.070019721984863,8.557658053082946,0.1577464892082715,0.6567164179104478,0.48763833109808274
gin,5404,CN(C)CCCCCNc1cc2ncnc(Nc3cccc(Br)c3)c2cn1,8.077851295471191,8.954978934764597,0.18040929178848375,0.671875,0.8771276392934055
gin,5405,CN(C)CCCCNc1c(Br)cccc1Nc1ncnc2ccncc12,8.130005836486816,8.559088104756825,0.17734241103684498,0.6666666666666666,0.42908226827000817
gin,5407,CN(C)CCCCNc1cc2ncnc(Nc3cccc(Br)c3)c2cn1,8.130387306213379,8.945409934319457,0.1881427680697482,0.6825396825396826,0.8150226281060782
gin,5423,CN(C)CCCNc1c(Br)cccc1Nc1ncnc2ccncc12,8.049976348876953,8.519124161887817,0.23212425878816156,0.671875,0.4691478130108635
gin,5425,CN(C)CCCNc1cc2ncnc(Nc3cccc(Br)c3)c2cn1,8.05774974822998,8.873833161693767,0.26434623167994015,0.6935483870967742,0.8160834134637867
gin,5436,CN(C)CCN(C)c1c(Br)cccc1Nc1ncnc2ccncc12,7.389978885650635,8.229350767875303,0.22628639382440227,0.5223880597014925,0.8393718822246683
gin,5438,CN(C)CCN(C)c1cc2ncnc(Nc3cccc(Br)c3)c2cn1,7.3989739418029785,7.296865883563015,0.1885045450992515,0.6065573770491803,0.10210805823996338
gin,5454,CN(C)CCNc1c(Br)cccc1Nc1ncnc2ccncc12,7.339988708496094,8.267399630353225,0.35396041638961506,0.6612903225806451,0.9274109218571311
gin,5456,CN(C)CCNc1cc2ncnc(Nc3cccc(Br)c3)c2cn1,7.348385810852051,8.739325656278822,0.2689256031581875,0.6612903225806451,1.3909398454267716
gin,5535,CN(C)c1cc2ncnc(Nc3cccc(Br)c3)c2cn1,10.040958404541016,7.163114785176532,0.2508443479252504,0.6041666666666666,2.8778436193644836
gin,5551,CN(C)c1ccc(Nc2ncnc3cc(N)ncc23)cc1,5.313363552093506,4.825520940222958,0.4363685361137408,0.6808510638297872,0.48784261187054767
gin,5552,CN(C)c1ccc(Nc2ncnc3ccncc23)c(N)c1,5.309999942779541,7.2891887580341574,0.2574162978654459,0.43103448275862066,1.9791888152546164
gin,5563,CN(C)c1cccc(Nc2ncnc3cc(N)ncc23)c1,5.747147083282471,5.641969576993446,0.4511841481984096,0.6666666666666666,0.10517750628902434
gin,5564,CN(C)c1cccc(Nc2ncnc3ccncc23)c1N,5.740000247955322,7.010617999885902,0.3235157379181045,0.44776119402985076,1.2706177519305797
gin,5567,CN(C)c1ccccc1Nc1ncnc2cc(N)ncc12,4.161150932312012,5.686837105323335,0.4202662166883071,0.66,1.525686173011323
gin,5583,CN(CC(=O)O)c1c(Br)cccc1Nc1ncnc2ccncc12,7.7899489402771,7.193920824589384,0.04347609454339683,0.5072463768115942,0.5960281156877159
gin,5585,CN(CC(=O)O)c1cc2ncnc(Nc3cccc(Br)c3)c2cn1,7.7979254722595215,6.663245374680664,0.08159626576561226,0.5882352941176471,1.1346800975788573
gin,5587,CN(CC(O)C(O)C(O)C(O)CO)c1cc2ncnc(Nc3cccc(Br)c3)c2cn1,8.49242115020752,6.130396738843871,0.9470019951868242,0.5070422535211268,2.362024411363649
gin,5588,CN(CC(O)CO)c1c(Br)cccc1Nc1ncnc2ccncc12,8.489991188049316,7.813086731272847,0.06886802093666633,0.4861111111111111,0.6769044567764695
gin,5590,CN(CC(O)CO)c1cc2ncnc(Nc3cccc(Br)c3)c2cn1,8.49242115020752,7.3717524227671305,0.21179580894083583,0.5671641791044776,1.120668727440389
gin,5602,CN(CCO)c1c(Br)cccc1Nc1ncnc2ccncc12,8.58004379272461,8.013659651891203,0.22360314722772867,0.5223880597014925,0.5663841408334065
gin,5605,CN(CCO)c1cc2ncnc(Nc3cccc(Br)c3)c2cn1,8.587546348571777,7.317849869971589,0.3299468912464959,0.546875,1.2696964786001885
gin,5990,CNc1cc2ncnc(Nc3cccc(Br)c3)c2cn1,9.886056900024414,8.710550867521931,0.13277655987104084,0.6326530612244898,1.1755060325024829
gin,5991,CNc1cc2ncnc(Nc3cccc(C)c3)c2cn1,8.8518648147583,8.419501858271303,0.38959848801067815,0.6140350877192983,0.4323629564869975
gin,6497,COc1c(Br)cccc1Nc1ncnc2ccncc12,7.400007724761963,7.000848187778104,0.5170515715301016,0.5238095238095238,0.3991595369838592
gin,8387,COc1cc2ncnc(Nc3cccc(Br)c3)c2cn1,7.408935546875,6.803817831518657,0.40416556704784495,0.64,0.605117715356343
gin,8473,COc1cc2ncnc(Nc3ccccc3N)c2cn1,5.430000305175781,6.085783013250108,0.13334955004701635,0.4642857142857143,0.6557827080743266
gin,8868,COc1ccc(Nc2ncnc3cc(N)ncc23)cc1,6.173925399780273,5.038819005906987,0.2816386377225277,0.6808510638297872,1.1351063938732864
gin,8877,COc1ccc(Nc2ncnc3ccncc23)c(N)c1,6.170001983642578,7.5557673083223165,0.40967499734059826,0.43103448275862066,1.3857653246797383
gin,9074,COc1cccc(Nc2ncnc3cc(N)ncc23)c1,6.886056423187256,6.193012282985819,0.40939263216379473,0.6666666666666666,0.6930441402014367
gin,9077,COc1cccc(Nc2ncnc3ccncc23)c1N,6.879985809326172,6.998759895092945,0.4388591554939213,0.4482758620689655,0.1187740857667734
gin,9216,COc1ccccc1Nc1ncnc2cc(N)ncc12,5.430625915527344,5.958557082900029,0.08675225702240627,0.54,0.5279311673726852
gin,10181,Cc1cccc(Nc2ncnc3cc(N)ncc23)c1,7.397940158843994,6.717578821100041,0.46852696901740565,0.6666666666666666,0.6803613377439532
gin,10182,Cc1cccc(Nc2ncnc3cc(NCCCCN(C)C)ncc23)c1,8.268815994262695,8.741267428681567,0.19286944192859343,0.6774193548387096,0.47245143441887194
gin,10198,Cc1cccc(Nc2ncnc3ccncc23)c1N,7.389978885650635,7.71362106461126,0.44550723907253137,0.5409836065573771,0.3236421789606254
gin,10199,Cc1cccc(Nc2ncnc3ccncc23)c1NCCCCN(C)C,8.260032653808594,8.306997029601746,0.36710227787061067,0.6825396825396826,0.04696437579315216
gin,11133,Fc1c(Br)cccc1Nc1ncnc2ccncc12,7.88008451461792,8.811156774625886,0.1491932434813504,0.5882352941176471,0.9310722600079657
gin,11151,Fc1cc2ncnc(Nc3cccc(Br)c3)c2cn1,7.886056423187256,8.392280064479678,0.3892964927932682,0.6444444444444445,0.5062236412924221
gin,11753,NNc1c(Br)cccc1Nc1ncnc2ccncc12,8.140021324157715,8.474838799478164,0.20286124733193078,0.6101694915254238,0.3348174753204489
gin,11754,NNc1cc2ncnc(Nc3cccc(Br)c3)c2cn1,8.149384498596191,9.04039502960643,0.142372448297186,0.6170212765957447,0.8910105310102381
gin,11798,Nc1c(Br)cccc1Nc1ncnc2ccncc12,8.0,8.076506793530456,0.5333470501022763,0.55,0.07650679353045575
gin,11799,Nc1c(Cl)cccc1Nc1ncnc2ccncc12,6.919987201690674,8.064960955266827,0.6040776145469396,0.46,1.1449737535761528
gin,11800,Nc1c(F)cccc1Nc1ncnc2ccncc12,6.0699992179870605,8.31779196213482,0.7185092934359623,0.46,2.247792744147759
gin,11801,Nc1c(Nc2ncnc3ccncc23)cccc1[N+](=O)[O-],7.389978885650635,7.382060554736398,0.2656170951805382,0.43548387096774194,0.007918330914236549
gin,11802,Nc1c(O)cccc1Nc1ncnc2ccncc12,7.150028228759766,7.668715557678328,0.7599216567788375,0.46,0.5186873289185625
gin,11808,Nc1cc(Br)ccc1Nc1ncnc2ccncc12,7.590066909790039,8.273850066472619,0.2833304387935761,0.4339622641509434,0.6837831566825798
gin,11809,Nc1cc(C(F)(F)F)ccc1Nc1ncnc2ccncc12,5.320000171661377,7.70460002201574,0.33112035435805676,0.43103448275862066,2.3845998503543626
gin,11824,Nc1cc2ncnc(Nc3ccc(Br)cc3)c2cn1,7.045757293701172,5.319109248299867,0.4825475955696883,0.6590909090909091,1.726648045401305
gin,11825,Nc1cc2ncnc(Nc3ccc(C(F)(F)F)cc3)c2cn1,5.327902317047119,5.858679847709638,0.10424974161787902,0.6808510638297872,0.5307775306625189
gin,11826,Nc1cc2ncnc(Nc3ccc([N+](=O)[O-])cc3)c2cn1,4.187086582183838,5.053678625982059,0.3031037010761791,0.6938775510204082,0.8665920437982209
gin,11829,Nc1cc2ncnc(Nc3cccc(Br)c3)c2cn1,8.0,7.57786552546543,0.5805737288744064,0.6666666666666666,0.42213447453456965
gin,11830,Nc1cc2ncnc(Nc3cccc(C(F)(F)F)c3)c2cn1,7.823908805847168,6.671099249052248,0.22400198400549404,0.6666666666666666,1.15280955679492
gin,11831,Nc1cc2ncnc(Nc3cccc(Cl)c3)c2cn1,6.92081880569458,6.985270841228939,0.5976265521915248,0.6666666666666666,0.06445203553435874
gin,11832,Nc1cc2ncnc(Nc3cccc(F)c3)c2cn1,6.07572078704834,6.906527317056952,0.3489624366354938,0.6666666666666666,0.830806530008612
gin,11833,Nc1cc2ncnc(Nc3cccc(I)c3)c2cn1,6.585026741027832,7.345616292255919,0.3028201933139079,0.6666666666666666,0.7605895512280867
gin,11834,Nc1cc2ncnc(Nc3cccc(O)c3)c2cn1,7.15490198135376,6.803156523712407,0.4406442033423094,0.6666666666666666,0.35174545764135257
gin,11835,Nc1cc2ncnc(Nc3cccc([N+](=O)[O-])c3)c2cn1,7.397940158843994,5.76550999497357,0.42562394129650183,0.6792452830188679,1.6324301638704242
gin,11836,Nc1cc2ncnc(Nc3ccccc3)c2cn1,6.602059841156006,5.836989115989155,0.39684492888008166,0.75,0.7650707251668507
gin,11837,Nc1cc2ncnc(Nc3ccccc3Br)c2cn1,6.619788646697998,6.519299134375203,0.8118701731149491,0.574468085106383,0.10048951232279535
gin,11838,Nc1cc2ncnc(Nc3ccccc3C(F)(F)F)c2cn1,5.0,6.3748056104863435,0.16985270327074886,0.6938775510204082,1.3748056104863435
gin,11839,Nc1cc2ncnc(Nc3ccccc3N)c2cn1,5.274920463562012,6.743979904299384,0.0842270045149919,0.6222222222222222,1.4690594407373725
gin,11840,Nc1cc2ncnc(Nc3ccccc3[N+](=O)[O-])c2cn1,5.903090000152588,5.829664589719502,0.5764441674399061,0.6730769230769231,0.07342541043308604
gin,11861,Nc1ccc(Nc2ncnc3cc(N)ncc23)cc1,5.229147911071777,5.447088384923262,0.3821503378357056,0.6829268292682927,0.21794047385148474
gin,11910,Nc1cccc(Nc2ncnc3cc(N)ncc23)c1,5.809668064117432,6.617670014175303,0.26497267876582964,0.7142857142857143,0.8080019500578715
gin,11925,Nc1ccccc1Nc1ncnc2cc(Br)ncc12,6.610001564025879,7.731186580223692,0.16614568507715613,0.47058823529411764,1.1211850161978134
gin,11926,Nc1ccccc1Nc1ncnc2ccncc12,6.599997520446777,8.197498353022539,0.6744321205081125,0.5333333333333333,1.5975008325757614
gin,12736,O=C(O)CCCNc1c(Br)cccc1Nc1ncnc2ccncc12,9.55005931854248,7.826525444688741,0.2006442749824858,0.6515151515151515,1.7235338738537394
gin,12737,O=C(O)CCCNc1cc2ncnc(Nc3cccc(Br)c3)c2cn1,9.551450729370117,8.254392333005853,0.10693625415412936,0.65625,1.297058396364264
gin,12739,O=C(O)CCNc1c(Br)cccc1Nc1ncnc2ccncc12,9.209996223449707,7.772681284240974,0.148955106322836,0.6507936507936508,1.4373149392087328
gin,12741,O=C(O)CCNc1cc2ncnc(Nc3cccc(Br)c3)c2cn1,9.214670181274414,8.218955172413871,0.04851063752192856,0.6451612903225806,0.9957150088605431
gin,12752,O=C(O)CNc1c(Br)cccc1Nc1ncnc2ccncc12,8.819873809814453,7.620885642940749,0.11227405521637926,0.6190476190476191,1.1989881668737041
gin,12754,O=C(O)CNc1cc2ncnc(Nc3cccc(Br)c3)c2cn1,8.821891784667969,7.965151979037728,0.2069199980251655,0.6129032258064516,0.8567398056302409
gin,13105,O=S(=O)(O)CCNc1c(Br)cccc1Nc1ncnc2ccncc12,8.849858283996582,7.951357424526364,0.5180083036690887,0.6507936507936508,0.898500859470218
gin,13106,O=S(=O)(O)CCNc1cc2ncnc(Nc3cccc(Br)c3)c2cn1,8.849858283996582,8.768846449609953,0.29291697365756186,0.6451612903225806,0.08101183438662929
gin,13191,OCC(CO)Nc1cc2ncnc(Nc3cccc(Br)c3)c2cn1,7.851864814758301,8.773051213056817,0.17635389533259446,0.5714285714285714,0.9211863982985165
gin,13193,OCC(O)C(O)C(O)C(O)CNc1cc2ncnc(Nc3cccc(Br)c3)c2cn1,8.319393157958984,7.328735073802122,0.9971274185275932,0.5757575757575758,0.9906580841568626
gin,13195,OCC(O)CNc1c(Br)cccc1Nc1ncnc2ccncc12,9.02997875213623,8.243146336911735,0.19505928761797392,0.6,0.7868324152244952
gin,13197,OCC(O)CNc1cc2ncnc(Nc3cccc(Br)c3)c2cn1,9.036211967468262,8.803617453037305,0.2031028588818793,0.59375,0.23259451443095713
gin,13210,OCCN(CCO)CCCNc1c(Br)cccc1Nc1ncnc2ccncc12,8.920095443725586,7.94902277371861,0.16807745459871554,0.6515151515151515,0.9710726700069756
gin,13212,OCCN(CCO)CCCNc1cc2ncnc(Nc3cccc(Br)c3)c2cn1,8.920456886291504,8.311224026865602,0.24291631244713102,0.6461538461538462,0.6092328594259016
gin,13213,OCCN(CCO)CCNc1c(Br)cccc1Nc1ncnc2ccncc12,8.02997875213623,7.6845908298734145,0.3206815133158233,0.640625,0.345387922262816
gin,13215,OCCN(CCO)CCNc1cc2ncnc(Nc3cccc(Br)c3)c2cn1,8.038108825683594,8.17949266213219,0.24760532843659785,0.625,0.14138383644859687
gin,13217,OCCN(CCO)c1c(Br)cccc1Nc1ncnc2ccncc12,7.920095443725586,7.626324854770488,0.46304546313500344,0.5151515151515151,0.29377058895509833
gin,13218,OCCN(CCO)c1cc2ncnc(Nc3cccc(Br)c3)c2cn1,7.920457363128662,7.2208178560464376,0.13602346897040857,0.5471698113207547,0.6996395070822246
gin,13224,OCCNc1c(Br)cccc1Nc1ncnc2ccncc12,9.60994815826416,8.166609736984753,0.17787813694576465,0.7068965517241379,1.4433384212794067
gin,13226,OCCNc1cc2ncnc(Nc3cccc(Br)c3)c2cn1,9.619879722595215,8.7838456454719,0.07394184323998668,0.6896551724137931,0.8360340771233155
gin,13240,OCN(CO)c1c(Br)cccc1Nc1ncnc2ccncc12,7.849857807159424,7.746066347909277,0.2236216635902414,0.5230769230769231,0.10379145925014654
gin,4279,CCN(CC)[C@H]1CO[C@H]2[C@@H]1OC[C@@H]2Oc1cc2ncnc(Nc3ccc(Br)c(Cl)c3)c2cc1OC,7.301030158996582,7.2067404347991015,0.08008841916951337,0.7236842105263158,0.0942897241974805
gin,4602,CCO[C@H]1CO[C@H]2[C@@H]1OC[C@@H]2Oc1cc2ncnc(Nc3ccc(Br)c(Cl)c3)c2cc1OC,7.301030158996582,7.209327716637972,0.08415436324543804,0.7534246575342466,0.09170244235860991
gin,5977,CN[C@H]1CO[C@H]2[C@@H]1OC[C@@H]2Oc1cc2ncnc(Nc3ccc(Br)c(Cl)c3)c2cc1OC,7.301030158996582,7.3143554955534285,0.0708121124373267,0.7534246575342466,0.013325336556846423
gin,6465,CO[C@@H]1COC2C1OC[C@H]2Oc1cc2ncnc(Nc3ccc(F)c(Cl)c3)c2cc1NC(=O)/C=C/CN(C)C,9.397939682006836,7.614238646161624,0.06630046971485982,0.7441860465116279,1.783701035845212
gin,7150,COc1cc(Nc2ncnc3cc(O[C@@H]4CO[C@@H]5[C@H]4OC[C@H]5F)c(OC)cc23)c(OC)cc1Cl,7.301030158996582,6.888912164733867,0.16517771510169385,0.6944444444444444,0.4121179942627151
gin,7168,COc1cc(OC)c(Nc2ncnc3cc(O[C@@H]4CO[C@@H]5[C@H]4OC[C@H]5F)c(OC)cc23)cc1Cl,7.301030158996582,6.970786652585517,0.09602336923425356,0.6944444444444444,0.33024350641106537
gin,7221,COc1cc2c(Nc3c(F)cc(F)cc3Br)ncnc2cc1O[C@@H]1CO[C@@H]2[C@H]1OC[C@H]2F,7.301030158996582,7.028233598742908,0.09923118234663601,0.6153846153846154,0.27279656025367416
gin,7222,COc1cc2c(Nc3c(F)cc(F)cc3F)ncnc2cc1O[C@@H]1CO[C@@H]2[C@H]1OC[C@H]2F,7.301030158996582,6.84236421851903,0.04007699416116378,0.6575342465753424,0.4586659404775517
gin,7223,COc1cc2c(Nc3c(F)cccc3F)ncnc2cc1O[C@@H]1CO[C@@H]2[C@H]1OC[C@H]2F,7.301030158996582,6.960273550829719,0.10730006906059439,0.6712328767123288,0.3407566081668634
gin,7225,COc1cc2c(Nc3cc(Br)cc(C(F)(F)F)c3)ncnc2cc1O[C@@H]1CO[C@@H]2[C@H]1OC[C@H]2F,7.301030158996582,7.270139120848427,0.11572616909186652,0.631578947368421,0.030891038148155303
gin,7226,COc1cc2c(Nc3cc(C(F)(F)F)ccc3Br)ncnc2cc1O[C@@H]1CO[C@@H]2[C@H]1OC[C@H]2F,7.301030158996582,6.96929004949606,0.09030776250168249,0.6049382716049383,0.33174010950052235
gin,7227,COc1cc2c(Nc3cc(C(F)(F)F)ccc3Cl)ncnc2cc1O[C@@H]1CO[C@@H]2[C@H]1OC[C@H]2F,7.301030158996582,6.881918386139461,0.0947749416473058,0.6455696202531646,0.4191117728571214
gin,7228,COc1cc2c(Nc3cc(C)cc(C)c3)ncnc2cc1O[C@@H]1CO[C@@H]2[C@H]1OC[C@H]2F,7.301030158996582,7.235542872936378,0.13377714231976748,0.7164179104477612,0.06548728606020404
gin,7239,COc1cc2c(Nc3cc(Cl)c(Br)cc3F)ncnc2cc1O[C@@H]1CO[C@@H]2[C@H]1OC[C@H]2F,7.301030158996582,7.125391556667395,0.015030206010371888,0.7162162162162162,0.1756386023291867
gin,7241,COc1cc2c(Nc3cc(Cl)c(Br)cc3F)ncnc2cc1O[C@H]1CO[C@H]2[C@@H]1OC[C@@H]2OC,7.301030158996582,7.195002665539434,0.021742671722522713,0.8115942028985508,0.10602749345714813
gin,7243,COc1cc2c(Nc3cc(Cl)c(Cl)c(Cl)c3)ncnc2cc1O[C@@H]1CO[C@@H]2[C@H]1OC[C@H]2F,7.301030158996582,7.40154505166025,0.09665772338197756,0.7183098591549296,0.10051489266366787
gin,7253,COc1cc2c(Nc3cc(Cl)c(Cl)cc3F)ncnc2cc1O[C@@H]1CO[C@@H]2[C@H]1OC[C@H]2F,7.301030158996582,7.111130906477072,0.059692836964556434,0.7,0.1898992525195098
gin,7255,COc1cc2c(Nc3cc(Cl)c(Cl)cc3F)ncnc2cc1O[C@H]1CO[C@H]2[C@@H]1OC[C@@H]2OC,7.301030158996582,7.18949252268942,0.037897216455420164,0.8,0.11153763630716185
gin,7256,COc1cc2c(Nc3cc(Cl)ccc3Cl)ncnc2cc1O[C@@H]1CO[C@@H]2[C@H]1OC[C@H]2F,7.301030158996582,6.948550813687966,0.1115005496554666,0.6891891891891891,0.35247934530861613
gin,7258,COc1cc2c(Nc3cc(Cl)ccc3F)ncnc2cc1O[C@@H]1CO[C@@H]2[C@H]1OC[C@H]2F,7.301030158996582,7.021583258317783,0.10037058012866779,0.7361111111111112,0.2794469006787992
gin,7259,COc1cc2c(Nc3cc(F)c(Br)c(Cl)c3)ncnc2cc1O[C@@H]1CO[C@@H]2[C@H]1OC[C@H]2F,7.301030158996582,7.357077431965422,0.039636381767973565,0.7297297297297297,0.056047272968839934
gin,7262,COc1cc2c(Nc3cc(F)c(F)cc3F)ncnc2cc1O[C@@H]1CO[C@@H]2[C@H]1OC[C@H]2F,7.301030158996582,6.921877199226785,0.030722045375809574,0.6712328767123288,0.37915295976979735
gin,7264,COc1cc2c(Nc3cc(F)cc(F)c3)ncnc2cc1O[C@@H]1CO[C@@H]2[C@H]1OC[C@H]2F,7.301030158996582,7.256322818348977,0.03515729125444734,0.7142857142857143,0.044707340647605065
gin,7265,COc1cc2c(Nc3cc(F)ccc3F)ncnc2cc1O[C@@H]1CO[C@@H]2[C@H]1OC[C@H]2F,7.301030158996582,7.065346190329009,0.035539926560610745,0.6756756756756757,0.23568396866757269
gin,7290,COc1cc2c(Nc3ccc(Br)c(Cl)c3)ncnc2cc1O[C@@H]1CO[C@H]2[C@@H]1OC[C@@H]2C(F)(F)F,7.301030158996582,7.15462618248381,0.10364604330611986,0.7432432432432432,0.14640397651277226
gin,7291,COc1cc2c(Nc3ccc(Br)c(Cl)c3)ncnc2cc1O[C@@H]1CO[C@H]2[C@@H]1OC[C@@H]2NC(F)(F)F,7.301030158996582,7.087181927688846,0.12853319264650728,0.7142857142857143,0.21384823130773611
gin,7292,COc1cc2c(Nc3ccc(Br)c(Cl)c3)ncnc2cc1O[C@@H]1CO[C@H]2[C@@H]1OC[C@@H]2NS(C)(=O)=O,7.301030158996582,7.456507361624247,0.24840614829302507,0.7051282051282052,0.15547720262766518
gin,7293,COc1cc2c(Nc3ccc(Br)c(Cl)c3)ncnc2cc1O[C@@H]1CO[C@H]2[C@@H]1OC[C@@H]2O,7.301030158996582,7.393432852056989,0.1750429145984547,0.84375,0.09240269306040716
gin,7294,COc1cc2c(Nc3ccc(Br)c(Cl)c3)ncnc2cc1O[C@@H]1CO[C@H]2[C@@H]1OC[C@@H]2OS(C)(=O)=O,7.301030158996582,7.2204125175588985,0.1765326829145287,0.7432432432432432,0.08061764143768357
gin,7297,COc1cc2c(Nc3ccc(Br)c(Cl)c3)ncnc2cc1O[C@H]1CO[C@@H]2CCO[C@H]12,7.301030158996582,7.520420369015994,0.008008980248308695,0.7361111111111112,0.21939021001941228
gin,7298,COc1cc2c(Nc3ccc(Br)c(Cl)c3)ncnc2cc1O[C@H]1CO[C@@H]2[C@@H](OC)[C@@H](OC)O[C@@H]21,7.301030158996582,7.157205648192928,0.020882299029100583,0.7272727272727273,0.143824510803654
gin,7299,COc1cc2c(Nc3ccc(Br)c(Cl)c3)ncnc2cc1O[C@H]1CO[C@@H]2[C@@H](OC)[C@H](OC)O[C@@H]21,7.301030158996582,7.146006177361102,0.01750619980033727,0.7272727272727273,0.15502398163548037
gin,7301,COc1cc2c(Nc3ccc(Br)c(Cl)c3)ncnc2cc1O[C@H]1CO[C@H]2[C@@H]1OC[C@@H]2N,7.301030158996582,7.421974685853456,0.04359170663136437,0.7638888888888888,0.12094452685687429
gin,7306,COc1cc2c(Nc3ccc(Br)c(Cl)c3)ncnc2cc1O[C@H]1CO[C@H]2[C@@H]1OC[C@@H]2NC(C)=O,7.301030158996582,7.208577696830716,0.06858120265980863,0.7051282051282052,0.09245246216586622
gin,7307,COc1cc2c(Nc3ccc(Br)c(Cl)c3)ncnc2cc1O[C@H]1CO[C@H]2[C@@H]1OC[C@@H]2O,7.301030158996582,7.448123612240707,0.12135565915678967,0.84375,0.14709345324412482
gin,7308,COc1cc2c(Nc3ccc(Br)c(Cl)c3)ncnc2cc1O[C@H]1CO[C@H]2[C@@H]1OC[C@@H]2OC,7.301030158996582,7.351873447060697,0.062304414120671205,0.7971014492753623,0.0508432880641152
gin,7309,COc1cc2c(Nc3ccc(Br)c(Cl)c3)ncnc2cc1O[C@H]1CO[C@H]2[C@@H]1OC[C@@H]2OC(C)=O,7.301030158996582,7.102420894404986,0.14826001063948474,0.8484848484848485,0.198609264591596
gin,7310,COc1cc2c(Nc3ccc(Br)c(Cl)c3)ncnc2cc1O[C@H]1CO[C@H]2[C@@H]1OC[C@@H]2OC(F)F,7.301030158996582,7.323920495054637,0.08803597969879597,0.7432432432432432,0.022890336058054572
gin,7311,COc1cc2c(Nc3ccc(Br)c(Cl)c3)ncnc2cc1O[C@H]1CO[C@H]2[C@@H]1OC[C@@H]2S(C)(=O)=O,7.301030158996582,7.398764095556913,0.06282473466662881,0.7236842105263158,0.09773393656033136
gin,7312,COc1cc2c(Nc3ccc(Br)c(Cl)c3)ncnc2cc1O[C@H]1CO[C@H]2[C@@H]1OC[C@@H]2SC,7.301030158996582,7.3692083225445515,0.0714074636617527,0.7432432432432432,0.06817816354796946
gin,7313,COc1cc2c(Nc3ccc(Br)c(Cl)c3)ncnc2cc1O[C@H]1CO[C@H]2[C@@H]1OC[C@H]2OC,6.790435314178467,7.282392540335465,0.03151152461284643,0.7971014492753623,0.4919572261569982
gin,7324,COc1cc2c(Nc3ccc(Br)c(Cl)c3Cl)ncnc2cc1O[C@@H]1CO[C@@H]2[C@H]1OC[C@H]2F,7.301030158996582,7.206053029764377,0.11714600010294364,0.7534246575342466,0.09497712923220547
gin,7326,COc1cc2c(Nc3ccc(Br)c(Cl)c3Cl)ncnc2cc1O[C@H]1CO[C@H]2[C@@H]1OC[C@@H]2OC,7.301030158996582,7.283347808566418,0.11591406017829992,0.8059701492537313,0.01768235043016375
gin,7343,COc1cc2c(Nc3ccc(Br)c(Cl)c3F)ncnc2cc1O[C@@H]1CO[C@@H]2[C@H]1OC[C@H]2F,7.301030158996582,7.390407095341374,0.059028841447183455,0.72,0.0893769363447916
gin,7345,COc1cc2c(Nc3ccc(Br)c(Cl)c3F)ncnc2cc1O[C@H]1CO[C@H]2[C@@H]1OC[C@@H]2OC,7.301030158996582,7.462645166842634,0.08262365014658639,0.8142857142857143,0.1616150078460521
gin,7347,COc1cc2c(Nc3ccc(Br)cc3)ncnc2cc1O[C@@H]1CO[C@@H]2[C@H]1OC[C@H]2F,7.301030158996582,6.8564304442679,0.06984591992547752,0.7727272727272727,0.44459971472868176
gin,7351,COc1cc2c(Nc3ccc(Br)cc3Cl)ncnc2cc1O[C@@H]1CO[C@@H]2[C@H]1OC[C@H]2F,7.301030158996582,7.039042963252307,0.2220536833451526,0.6933333333333334,0.2619871957442754
gin,7366,COc1cc2c(Nc3ccc(Br)cc3F)ncnc2cc1O[C@@H]1CO[C@@H]2[C@H]1OC[C@H]2F,7.301030158996582,6.972844080846059,0.05522478072028762,0.68,0.32818607815052303
gin,7369,COc1cc2c(Nc3ccc(C(F)(F)F)cc3Br)ncnc2cc1O[C@@H]1CO[C@@H]2[C@H]1OC[C@H]2F,7.301030158996582,7.009201501409592,0.016838887192265138,0.625,0.29182865758698995
gin,7374,COc1cc2c(Nc3ccc(C)c(Br)c3)ncnc2cc1O[C@@H]1CO[C@@H]2[C@H]1OC[C@H]2F,7.301030158996582,7.155453563399803,0.03144631701488644,0.6944444444444444,0.14557659559677916
gin,7380,COc1cc2c(Nc3ccc(Cl)c(C(F)(F)F)c3)ncnc2cc1O[C@@H]1CO[C@@H]2[C@H]1OC[C@H]2F,7.301030158996582,7.061675352849832,0.024563885082638917,0.6666666666666666,0.23935480614674987
gin,7583,COc1cc2c(Nc3ccc(Cl)c(Cl)c3)ncnc2cc1O[C@@H]1CO[C@@H]2[C@H]1OC[C@H]2F,7.301030158996582,7.329543593125294,0.03702329341878441,0.7424242424242424,0.02851343412871188
gin,7585,COc1cc2c(Nc3ccc(Cl)c(Cl)c3)ncnc2cc1O[C@H]1CO[C@H]2[C@@H]1OC[C@@H]2OC,7.301030158996582,7.388863874110569,0.05087721642557484,0.796875,0.08783371511398741
gin,7588,COc1cc2c(Nc3ccc(Cl)c(Cl)c3Cl)ncnc2cc1O[C@@H]1CO[C@@H]2[C@H]1OC[C@H]2F,7.301030158996582,7.2803518731721795,0.12579462489182522,0.7746478873239436,0.020678285824402565
gin,7590,COc1cc2c(Nc3ccc(Cl)c(Cl)c3Cl)ncnc2cc1O[C@H]1CO[C@H]2[C@@H]1OC[C@@H]2OC,7.301030158996582,7.355395277956589,0.1284455670047613,0.7761194029850746,0.05436511896000695
gin,7613,COc1cc2c(Nc3ccc(Cl)c(Cl)c3F)ncnc2cc1O[C@@H]1CO[C@@H]2[C@H]1OC[C@H]2F,7.301030158996582,7.464939422405763,0.06306286590427915,0.7123287671232876,0.163909263409181
gin,7615,COc1cc2c(Nc3ccc(Cl)c(Cl)c3F)ncnc2cc1O[C@H]1CO[C@H]2[C@@H]1OC[C@@H]2OC,7.301030158996582,7.550945227804959,0.09853186171539972,0.8088235294117647,0.24991506880837733
gin,7617,COc1cc2c(Nc3ccc(Cl)cc3)ncnc2cc1O[C@@H]1CO[C@@H]2[C@H]1OC[C@H]2F,7.301030158996582,6.876804222426003,0.12947271326047,0.7941176470588235,0.42422593657057917
gin,7618,COc1cc2c(Nc3ccc(Cl)cc3C)ncnc2cc1O[C@@H]1CO[C@@H]2[C@H]1OC[C@H]2F,7.301030158996582,6.911293780881387,0.06721176158872633,0.6933333333333334,0.38973637811519524
gin,7620,COc1cc2c(Nc3ccc(Cl)cc3Cl)ncnc2cc1O[C@@H]1CO[C@@H]2[C@H]1OC[C@H]2F,7.301030158996582,6.899595938898795,0.11687002141827531,0.7123287671232876,0.4014342200977872
gin,7633,COc1cc2c(Nc3ccc(Cl)cc3F)ncnc2cc1O[C@@H]1CO[C@@H]2[C@H]1OC[C@H]2F,7.301030158996582,6.91987566272406,0.05586566971921891,0.726027397260274,0.3811544962725222
gin,7634,COc1cc2c(Nc3ccc(F)c(C(F)(F)F)c3)ncnc2cc1O[C@@H]1CO[C@@H]2[C@H]1OC[C@H]2F,7.301030158996582,7.013362425942233,0.013407072702292074,0.6842105263157895,0.2876677330543487
gin,7643,COc1cc2c(Nc3ccc(F)c(Cl)c3)ncnc2cc1O[C@@H]1CO[C@@H]2[C@H]1OC[C@H]2F,7.301030158996582,7.347197129504224,0.05588107013012521,0.75,0.046166970507641736
gin,7653,COc1cc2c(Nc3ccc(F)c(Cl)c3F)ncnc2cc1O[C@@H]1CO[C@@H]2[C@H]1OC[C@H]2F,7.301030158996582,7.473507729617239,0.04323616209084536,0.7066666666666667,0.17247757062065716
gin,7655,COc1cc2c(Nc3ccc(F)c(Cl)c3F)ncnc2cc1O[C@H]1CO[C@H]2[C@@H]1OC[C@@H]2OC,7.301030158996582,7.601285075775621,0.11718363593325405,0.7857142857142857,0.30025491677903915
gin,7658,COc1cc2c(Nc3ccc(F)c(F)c3)ncnc2cc1O[C@@H]1CO[C@@H]2[C@H]1OC[C@H]2F,7.301030158996582,7.117009479106855,0.057122794042154854,0.7571428571428571,0.18402067988972703
gin,7659,COc1cc2c(Nc3ccc(F)c(F)c3F)ncnc2cc1O[C@@H]1CO[C@@H]2[C@H]1OC[C@H]2F,7.301030158996582,7.25998609690194,0.0901567503337875,0.6756756756756757,0.04104406209464173
gin,7661,COc1cc2c(Nc3ccc(F)cc3)ncnc2cc1O[C@@H]1CO[C@@H]2[C@H]1OC[C@H]2F,6.279840469360352,6.956602934831366,0.03209883763618858,0.7727272727272727,0.6767624654710147
gin,7662,COc1cc2c(Nc3ccc(F)cc3Br)ncnc2cc1O[C@@H]1CO[C@@H]2[C@H]1OC[C@H]2F,7.301030158996582,7.095249616790866,0.01945418408097955,0.6493506493506493,0.20578054220571573
gin,7663,COc1cc2c(Nc3ccc(F)cc3C(F)(F)F)ncnc2cc1O[C@@H]1CO[C@@H]2[C@H]1OC[C@H]2F,7.301030158996582,6.9454414372441775,0.09585268984003938,0.6329113924050633,0.3555887217524045
gin,7667,COc1cc2c(Nc3ccc(F)cc3Cl)ncnc2cc1O[C@@H]1CO[C@@H]2[C@H]1OC[C@H]2F,7.301030158996582,7.069346334071938,0.07076895635866558,0.6933333333333334,0.23168382492464445
gin,7668,COc1cc2c(Nc3ccc(F)cc3F)ncnc2cc1O[C@@H]1CO[C@@H]2[C@H]1OC[C@H]2F,7.301030158996582,6.976635018088615,0.047553012803192796,0.6891891891891891,0.32439514090796706
gin,7768,COc1cc2c(Nc3cccc(Br)c3)ncnc2cc1O[C@@H]1CO[C@@H]2[C@H]1OC[C@H]2F,7.301030158996582,7.399753300365859,0.043431867747714535,0.6805555555555556,0.09872314136927685
gin,7771,COc1cc2c(Nc3cccc(Br)c3C)ncnc2cc1O[C@H]1CO[C@H]2[C@@H]1OC[C@@H]2OC,7.301030158996582,7.191104452987709,0.23041277072303593,0.6,0.10992570600887319
gin,7773,COc1cc2c(Nc3cccc(C(F)(F)F)c3F)ncnc2cc1O[C@@H]1CO[C@@H]2[C@H]1OC[C@H]2F,7.301030158996582,7.050889008057126,0.05615949877497386,0.6049382716049383,0.25014115093945577
gin,7774,COc1cc2c(Nc3cccc(Cl)c3)ncnc2cc1O[C@@H]1CO[C@@H]2[C@H]1OC[C@H]2F,7.301030158996582,7.2230874486480445,0.06107822246888897,0.7123287671232876,0.0779427103485375
gin,7776,COc1cc2c(Nc3cccc(Cl)c3C)ncnc2cc1O[C@@H]1CO[C@@H]2[C@H]1OC[C@H]2F,7.301030158996582,7.162026299801738,0.17422583407407505,0.6710526315789473,0.13900385919484393
gin,7777,COc1cc2c(Nc3cccc(Cl)c3C)ncnc2cc1O[C@H]1CO[C@H]2[C@@H]1OC[C@@H]2OC,7.301030158996582,7.310414408600749,0.23740851700950458,0.6056338028169014,0.009384249604167394
gin,7781,COc1cc2c(Nc3cccc(Cl)c3F)ncnc2cc1O[C@@H]1CO[C@@H]2[C@H]1OC[C@H]2F,7.301030158996582,7.51740117099061,0.09056598787814067,0.6623376623376623,0.21637101199402764
gin,7782,COc1cc2c(Nc3cccc(Cl)c3F)ncnc2cc1O[C@H]1CO[C@H]2[C@@H]1OC[C@@H]2F,7.301030158996582,7.631350483310371,0.13146152072135925,0.6623376623376623,0.33032032431378866
gin,7783,COc1cc2c(Nc3cccc(Cl)c3F)ncnc2cc1O[C@H]1CO[C@H]2[C@@H]1OC[C@@H]2OC,7.301030158996582,7.648938775725043,0.17239301702240908,0.6621621621621622,0.34790861672846063
gin,7785,COc1cc2c(Nc3cccc(F)c3F)ncnc2cc1O[C@@H]1CO[C@@H]2[C@H]1OC[C@H]2F,7.301030158996582,7.26117939271866,0.14351933905433364,0.6447368421052632,0.03985076627792239
gin,7786,COc1cc2c(Nc3ccccc3Br)ncnc2cc1O[C@@H]1CO[C@@H]2[C@H]1OC[C@H]2F,7.301030158996582,7.1814863338112644,0.14069850827128413,0.6447368421052632,0.11954382518531759
gin,7787,COc1cc2c(Nc3ccccc3Cl)ncnc2cc1O[C@@H]1CO[C@@H]2[C@H]1OC[C@H]2F,7.301030158996582,7.093564290605059,0.1524368320662898,0.6891891891891891,0.20746586839152314
gin,7788,COc1cc2c(Nc3ccccc3F)ncnc2cc1O[C@@H]1CO[C@@H]2[C@H]1OC[C@H]2F,7.301030158996582,7.079662267881872,0.08368670819019365,0.6621621621621622,0.2213678911147099
gin,8895,COc1ccc(OC)c(Nc2ncnc3cc(O[C@@H]4CO[C@@H]5[C@H]4OC[C@H]5F)c(OC)cc23)c1,7.301030158996582,6.885357649341098,0.1639312520556793,0.6712328767123288,0.41567250965548386
gin,105,Brc1cccc(Nc2ncnc3cnccc23)c1,7.29119873046875,8.507335837843755,0.29125632391064205,0.6590909090909091,1.2161371073750047
gin,124,C#CC(=O)Nc1cc2c(Nc3cccc(Br)c3)ncnc2cn1,8.522878646850586,9.356011606444383,0.3344027915542766,0.65,0.8331329595937973
gin,329,C/C=C/C(=O)Cc1cc2c(Nc3cccc(Br)c3)ncnc2cn1,9.299988746643066,8.464952352710213,0.4468602247929109,0.7758620689655172,0.8350363939328531
gin,343,C/C=C/C(=O)Nc1cc2c(Nc3cccc(Br)c3)ncnc2cn1,8.707269668579102,8.074448507924785,0.13580363742028223,0.7719298245614035,0.6328211606543164
gin,378,C=C(C)C(=O)Cc1cc2c(Nc3cccc(Br)c3)ncnc2cn1,8.799970626831055,8.67461707547534,0.28001720979667727,0.6612903225806451,0.12535355135571535
gin,386,C=C(C)C(=O)Nc1cc2c(Nc3cccc(Br)c3)ncnc2cn1,8.076213836669922,8.277841293826214,0.12746663630743904,0.639344262295082,0.2016274571562917
gin,435,C=C/C=C/C(=O)Cc1cc2c(Nc3cccc(Br)c3)ncnc2cn1,8.960189819335938,9.100427650080576,0.31498346109298847,0.75,0.14023783074463836
gin,436,C=C/C=C/C(=O)Nc1cc2c(Nc3cccc(Br)c3)ncnc2cn1,8.26362133026123,8.510922855547562,0.15640798893335212,0.7457627118644068,0.24730152528633198
gin,471,C=CC(=O)C(C)c1cc2c(Nc3cccc(Br)c3)ncnc2cn1,9.770062446594238,8.492378823362117,0.18597148634979446,0.6164383561643836,1.2776836232321216
gin,474,C=CC(=O)C(CCN(C)C)c1cc2c(Nc3cccc(Br)c3)ncnc2cn1,8.37996768951416,9.108710404208011,0.33248842221771685,0.68,0.7287427146938512
gin,477,C=CC(=O)Cc1cc2c(Nc3cccc(Br)c3)ncnc2cn1,9.04000473022461,9.348038582533604,0.2826172833950683,0.7413793103448276,0.30803385230899494
gin,493,C=CC(=O)N(C)c1cc2c(Nc3cccc(Br)c3)ncnc2cn1,8.827803611755371,7.038449541104992,0.3091208713133286,0.6164383561643836,1.7893540706503792
gin,499,C=CC(=O)N(CCN(C)C)c1cc2c(Nc3cccc(Br)c3)ncnc2cn1,7.009217739105225,7.812025023644225,0.25498301344827073,0.6986301369863014,0.802807284539
gin,1873,C=CC(=O)Nc1cc2c(Nc3ccc(F)c(Br)c3)ncnc2cn1,8.910223960876465,8.711831055267396,0.5168635266538737,0.6779661016949152,0.19839290560906875
gin,1907,C=CC(=O)Nc1cc2c(Nc3ccc(F)c(Cl)c3)ncnc2cn1,8.797497749328613,8.733919923776341,0.4293528576481721,0.6666666666666666,0.06357782555227232
gin,1932,C=CC(=O)Nc1cc2c(Nc3cccc(Br)c3)ncnc2cn1,8.754739761352539,8.883105292099174,0.2366990607355322,0.7368421052631579,0.1283655307466347
gin,1935,C=CC(=O)Nc1cc2c(Nc3cccc(C)c3)ncnc2cn1,8.699840545654297,8.541754072329013,0.27256812091492544,0.5714285714285714,0.1580864733252838
gin,2785,C=CS(=O)(=O)Nc1cc2c(Nc3cccc(Br)c3)ncnc2cn1,9.119186401367188,8.224028683679165,0.5201405343916234,0.5873015873015873,0.8951577176880221
gin,2791,C=CS(=O)(=O)c1cc2c(Nc3cccc(Br)c3)ncnc2cn1,9.366531372070312,7.2696664664792365,0.3187680226739777,0.5471698113207547,2.096864905591076
gin,2792,C=C[S+]([O-])c1cc2c(Nc3cccc(Br)c3)ncnc2cn1,8.337242126464844,8.058937962850194,0.570557257043468,0.5471698113207547,0.27830416361464927
gin,2836,CC#CC(=O)Nc1cc2c(Nc3ccc(F)c(Cl)c3)ncnc2cn1,9.062469482421875,8.009950033834059,0.0832473360179339,0.7014925373134329,1.052519448587816
gin,3000,CC(C(=O)/C=C/C(=O)NCCCN(C)C)c1cc2c(Nc3cccc(Br)c3)ncnc2cn1,8.840131759643555,7.612825555632199,0.4498342867410362,0.5465116279069767,1.2273062040113558
gin,3407,CC(C)N(CC#CC(=O)Nc1cc2c(Nc3ccc(F)c(Cl)c3)ncnc2cn1)C(C)C,7.246612071990967,8.849123732065891,0.4383142296541197,0.684931506849315,1.6025116600749243
gin,3992,CCCC#CC(=O)Nc1cc2c(Nc3ccc(F)c(Cl)c3)ncnc2cn1,8.39363956451416,8.62853020232592,0.07021556778278201,0.7761194029850746,0.234890637811759
gin,4010,CCCCC#CC(=O)Nc1cc2c(Nc3ccc(F)c(Cl)c3)ncnc2cn1,8.085348129272461,8.595404615668656,0.00523264363610413,0.7536231884057971,0.5100564863961949
gin,4070,CCCCN(CC#CC(=O)Nc1cc2c(Nc3ccc(F)c(Cl)c3)ncnc2cn1)CCCC,7.539677619934082,7.661710560365691,0.17641291142851548,0.6756756756756757,0.12203294043160895
gin,4213,CCN(CC)CC#CC(=O)Nc1cc2c(Nc3ccc(F)c(Cl)c3)ncnc2cn1,7.571333885192871,8.51361137555699,0.0216756678978484,0.6944444444444444,0.9422774903641198
gin,4218,CCN(CC)CC(O)CNc1cc2c(Nc3cccc(Br)c3)ncnc2cn1,7.945042133331299,8.582859598814423,0.2670603167902785,0.5735294117647058,0.6378174654831241
gin,4225,CCN(CC)CCCNC(=O)/C=C/C(=O)Cc1cc2c(Nc3cccc(Br)c3)ncnc2cn1,9.140021324157715,8.535864854330555,0.195345674404977,0.7142857142857143,0.60415646982716
gin,4226,CCN(CC)CCCNC(=O)/C=C/C(=O)Nc1cc2c(Nc3cccc(Br)c3)ncnc2cn1,7.677780628204346,8.160133409042487,0.2231317939968575,0.7066666666666667,0.48235278083814137
gin,4438,CCOC(=O)/C=C/C(=O)Cc1cc2c(Nc3cccc(Br)c3)ncnc2cn1,8.819873809814453,7.989901846777485,0.14322991812680608,0.703125,0.829971963036968
gin,4440,CCOC(=O)/C=C/C(=O)Nc1cc2c(Nc3cccc(Br)c3)ncnc2cn1,8.0581693649292,7.484051417160487,0.06801109480408056,0.6875,0.5741179477687126
gin,5324,CN(C)C/C=C/C(=O)Nc1cc2c(Nc3ccc(F)c(Cl)c3)ncnc2cn1,8.849485397338867,8.727038585995501,0.05639830234757507,0.726027397260274,0.12244681134336588
gin,5406,CN(C)CCCCNc1cc2c(Nc3cccc(Br)c3)ncnc2cn1,8.232987403869629,8.976948117893642,0.138186775947733,0.671875,0.7439607140240128
gin,5415,CN(C)CCCNC(=O)/C=C/C(=O)Cc1cc2c(Nc3cccc(Br)c3)ncnc2cn1,8.960189819335938,8.683750887533392,0.15028547389493016,0.72,0.2764389318025451
gin,5417,CN(C)CCCNC(=O)/C=C/C(=O)N(C)c1cc2c(Nc3cccc(Br)c3)ncnc2cn1,7.7765374183654785,6.248807551967549,0.3001620661127895,0.5783132530120482,1.5277298663979293
gin,5418,CN(C)CCCNC(=O)/C=C/C(=O)Nc1cc2c(Nc3cccc(Br)c3)ncnc2cn1,7.2441253662109375,8.244234965177384,0.14252995876377636,0.7027027027027027,1.0001095989664464
gin,5424,CN(C)CCCNc1cc2c(Nc3cccc(Br)c3)ncnc2cn1,8.358349800109863,8.906633014358647,0.2133448955236233,0.6825396825396826,0.5482832142487837
gin,5437,CN(C)CCN(C)c1cc2c(Nc3cccc(Br)c3)ncnc2cn1,7.714378356933594,7.43079290916981,0.20021526826941696,0.6065573770491803,0.2835854477637838
gin,5455,CN(C)CCNc1cc2c(Nc3cccc(Br)c3)ncnc2cn1,8.162569046020508,8.772076354489684,0.2217453322637929,0.6779661016949152,0.6095073084691762
gin,5532,CN(C)c1cc2c(Nc3cccc(Br)c3)ncnc2cn1,8.252923011779785,7.338494319131215,0.26929511541472156,0.6274509803921569,0.9144286926485705
gin,5584,CN(CC(=O)O)c1cc2c(Nc3cccc(Br)c3)ncnc2cn1,9.356547355651855,6.719118223572753,0.11389537003265154,0.5882352941176471,2.6374291320791023
gin,5589,CN(CC(O)CO)c1cc2c(Nc3cccc(Br)c3)ncnc2cn1,9.251811981201172,7.507138321133198,0.1793163638096872,0.5671641791044776,1.7446736600679742
gin,5599,CN(CCO)CCNc1cc2c(Nc3cccc(Br)c3)ncnc2cn1,8.16909408569336,8.480927264484421,0.24408973812874107,0.6268656716417911,0.311833178791062
gin,5604,CN(CCO)c1cc2c(Nc3cccc(Br)c3)ncnc2cn1,9.657577514648438,7.469146643575328,0.34388223308455557,0.5882352941176471,2.188430871073109
gin,5983,CNc1cc2c(Nc3cccc(Br)c3)ncnc2cn1,9.491483688354492,8.761026833320784,0.1290366540957134,0.6428571428571429,0.730456855033708
gin,5984,CNc1cc2c(Nc3cccc(C(F)(F)F)c3)ncnc2cn1,8.95860767364502,7.851703813523585,0.2248251841028464,0.5245901639344263,1.1069038601214345
gin,5985,CNc1cc2c(Nc3cccc(C)c3)ncnc2cn1,8.49252986907959,8.451667447010323,0.3706361287346306,0.6140350877192983,0.04086242206926727
gin,5986,CNc1cc2c(Nc3cccc(Cl)c3)ncnc2cn1,9.721246719360352,8.331058134843659,0.0523782082960146,0.5686274509803921,1.390188584516693
gin,5987,CNc1cc2c(Nc3ccccc3)ncnc2cn1,8.045757293701172,7.513611391163977,0.29413038159898564,0.5555555555555556,0.5321459025371951
gin,7769,COc1cc2c(Nc3cccc(Br)c3)ncnc2cn1,8.58004379272461,6.844613220548474,0.3194222302871821,0.64,1.735430572176135
gin,10204,Cc1cccc(Nc2ncnc3cnc(N(C)C)cc23)c1,8.552842140197754,6.841608679552511,0.46823050017764944,0.62,1.7112334606452428
gin,10206,Cc1cccc(Nc2ncnc3cnc(N)cc23)c1,8.508638381958008,6.940544889157891,0.5788648459483084,0.6382978723404256,1.5680934928001165
gin,10764,Clc1cc2c(Nc3cccc(Br)c3)ncnc2cn1,7.3939595222473145,7.355836674951313,0.42025556749980186,0.6444444444444445,0.038122847296001794
gin,11149,Fc1cc2c(Nc3cccc(Br)c3)ncnc2cn1,6.903293609619141,8.480443064534171,0.40252470491575065,0.6444444444444445,1.5771494549150304
gin,11812,Nc1cc2c(Nc3cccc(Br)c3)ncnc2cn1,8.840968132019043,7.7661527296913135,0.6456800999537674,0.6444444444444445,1.0748154023277294
gin,12220,O=C(/C=C/Cl)Nc1cc2c(Nc3cccc(Br)c3)ncnc2cn1,8.430060386657715,8.135343217503532,0.2906242232112458,0.7857142857142857,0.29471716915418256
gin,12271,O=C(/C=C\Cl)Cc1cc2c(Nc3cccc(Br)c3)ncnc2cn1,9.160019874572754,9.121281655823168,0.22677352376877483,0.7894736842105263,0.03873821874958594
gin,12740,O=C(O)CCNc1cc2c(Nc3cccc(Br)c3)ncnc2cn1,6.958194732666016,8.250731755090044,0.08364775292096809,0.6666666666666666,1.2925370224240282
gin,12753,O=C(O)CNc1cc2c(Nc3cccc(Br)c3)ncnc2cn1,9.552842140197754,8.00313159660746,0.19019662192142622,0.65,1.5497105435902938
gin,13092,O=S(=O)(CCO)c1cc2c(Nc3cccc(Br)c3)ncnc2cn1,7.02918815612793,7.3872043825912925,0.2138740954284176,0.5303030303030303,0.35801622646336284
gin,13094,O=S(=O)(CO)Nc1cc2c(Nc3cccc(Br)c3)ncnc2cn1,7.0299787521362305,9.20574421141339,0.27031008947712043,0.5873015873015873,2.1757654592771587
gin,13196,OCC(O)CNc1cc2c(Nc3cccc(Br)c3)ncnc2cn1,9.74472713470459,8.844844150967504,0.2448780298817342,0.6229508196721312,0.8998829837370863
gin,13211,OCCN(CCO)CCCNc1cc2c(Nc3cccc(Br)c3)ncnc2cn1,8.047101974487305,8.330202561562032,0.21874415947455145,0.6363636363636364,0.2831005870747276
gin,13214,OCCN(CCO)CCNc1cc2c(Nc3cccc(Br)c3)ncnc2cn1,8.090128898620605,8.19857539283987,0.23796850370250242,0.6451612903225806,0.10844649421926533
gin,13225,OCCNc1cc2c(Nc3cccc(Br)c3)ncnc2cn1,9.721246719360352,8.822377536195063,0.09897320480225441,0.7142857142857143,0.8988691831652886
gin,2776,C=CCn1nc(-c2ccc(OCC)c(OC)c2)c2c(N)ncnc21,5.2941365242004395,5.343940178021498,0.4406325849343268,0.6290322580645161,0.04980365382105845
gin,2985,CC(=O)c1ccc(-c2nn(C(C)C)c3ncnc(N)c23)cc1,4.92081880569458,5.03688232041867,0.25806898704355924,0.6153846153846154,0.1160635147240896
gin,2991,CC(=O)c1cccc(-c2nn(C(C)C)c3ncnc(N)c23)c1,5.552842140197754,5.072857293609587,0.14569440214236984,0.6612903225806451,0.47998484658816665
gin,3313,CC(C)(C)n1nc(-c2ccc(Cl)cc2)c2c(N)ncnc21,6.318758964538574,5.781306578961107,0.041182793335034315,0.5079365079365079,0.5374523855774669
gin,3577,CC(C)n1nc(-c2cc(F)c(C=O)c(F)c2)c2c(N)ncnc21,5.0,5.021389751013601,0.3558778908186345,0.625,0.021389751013600744
gin,3578,CC(C)n1nc(-c2cc(F)c(O)cc2F)c2c(N)ncnc21,5.161150932312012,5.060303217475166,0.20871461311902828,0.5454545454545454,0.10084771483684563
gin,3580,CC(C)n1nc(-c2cc(O)cc(Br)c2)c2c(N)ncnc21,6.6038007736206055,6.247300098103814,0.43750731502801266,0.6346153846153846,0.35650067551679143
gin,3581,CC(C)n1nc(-c2cc(O)cc(F)c2)c2c(N)ncnc21,6.239577293395996,5.5089916753108525,0.29328748357024403,0.6346153846153846,0.7305856180851436
gin,3585,CC(C)n1nc(-c2ccc(Br)c(O)c2)c2c(N)ncnc21,6.259637355804443,5.889583581599851,0.23786528982528357,0.6862745098039216,0.3700537742045924
gin,3586,CC(C)n1nc(-c2ccc(C#N)c(F)c2)c2c(N)ncnc21,5.050610065460205,5.165739807125931,0.04929758879191765,0.6481481481481481,0.11512974166572576
gin,3587,CC(C)n1nc(-c2ccc(C#N)c(O)c2)c2c(N)ncnc21,5.585026741027832,5.372548799003454,0.2759108597127101,0.6481481481481481,0.2124779420243783
gin,3589,CC(C)n1nc(-c2ccc(C(N)=O)c(Cl)c2)c2c(N)ncnc21,4.0,5.1332912373382555,0.0397468443252434,0.6071428571428571,1.1332912373382555
gin,3590,CC(C)n1nc(-c2ccc(C=O)c(F)c2)c2c(N)ncnc21,5.045757293701172,4.977458872236298,0.14267767966652614,0.6724137931034483,0.06829842146487408
gin,3591,CC(C)n1nc(-c2ccc(CC#N)cc2)c2c(N)ncnc21,4.886056423187256,5.128813037951829,0.26405010100176385,0.6538461538461539,0.24275661476457344
gin,3592,CC(C)n1nc(-c2ccc(Cl)c(O)c2)c2c(N)ncnc21,6.801342964172363,5.659626442729291,0.1936006907364555,0.6862745098039216,1.1417165214430725
gin,3593,CC(C)n1nc(-c2ccc(F)c(C#N)c2)c2c(N)ncnc21,4.0,5.252700494950773,0.11035986155850577,0.6481481481481481,1.2527004949507727
gin,3594,CC(C)n1nc(-c2ccc(F)c(O)c2)c2c(N)ncnc21,5.853871822357178,5.405032605675899,0.15364178623393213,0.6862745098039216,0.4488392166812787
gin,3595,CC(C)n1nc(-c2ccc(N)c(O)c2)c2c(N)ncnc21,5.673664093017578,6.052881950992841,0.27368461751845596,0.7142857142857143,0.379217857975263
gin,3596,CC(C)n1nc(-c2ccc(NS(C)(=O)=O)cc2)c2c(N)ncnc21,4.892789840698242,5.0656848300013735,0.5725374257887823,0.5614035087719298,0.1728949893031313
gin,3597,CC(C)n1nc(-c2ccc(O)c(F)c2)c2c(N)ncnc21,5.982966423034668,5.256339267722154,0.20856982739123953,0.6862745098039216,0.7266271553125137
gin,3598,CC(C)n1nc(-c2ccc(O)cc2)c2c(N)ncnc21,6.035269260406494,5.2852024487617655,0.22687310885192677,0.7777777777777778,0.7500668116447287
gin,3599,CC(C)n1nc(-c2ccc(S(N)(=O)=O)cc2)c2c(N)ncnc21,4.0,4.999927087386311,0.20182211141695974,0.5925925925925926,0.9999270873863111
gin,3626,CC(C)n1nc(-c2cccc(C#N)c2)c2c(N)ncnc21,4.0,5.29410514915142,0.07827507388883875,0.6415094339622641,1.2941051491514202
gin,3628,CC(C)n1nc(-c2cccc(CC#N)c2)c2c(N)ncnc21,4.7695512771606445,5.048105882648599,0.1543827095316732,0.5818181818181818,0.27855460548795463
gin,3629,CC(C)n1nc(-c2cccc(CO)c2)c2c(N)ncnc21,4.0,5.235259751632668,0.2859738305875829,0.6153846153846154,1.2352597516326682
gin,3630,CC(C)n1nc(-c2cccc(NS(C)(=O)=O)c2)c2c(N)ncnc21,4.0,5.145934020115277,0.42820597873368493,0.5714285714285714,1.145934020115277
gin,3631,CC(C)n1nc(-c2cccc(O)c2)c2c(N)ncnc21,6.020451545715332,5.1577891885011695,0.05266288506192687,0.75,0.8626623572141625
gin,3632,CC(C)n1nc(-c2cccc(O)c2F)c2c(N)ncnc21,5.429457187652588,5.304717624352122,0.3104088400599774,0.6181818181818182,0.12473956330046576
gin,3633,CC(C)n1nc(-c2cccc(S(N)(=O)=O)c2)c2c(N)ncnc21,4.0,4.72852082668112,0.08619212345041892,0.6153846153846154,0.7285208266811196
gin,3954,CCC(C)n1nc(-c2ccc(C)c(O)c2)c2c(N)ncnc21,5.777283668518066,5.533900437681041,0.31305853000808115,0.5614035087719298,0.24338323083702562
gin,4605,CCOc1cc(-c2nn(C(C)C)c3ncnc(N)c23)ccc1OC,4.266000747680664,5.294570287461653,0.358973333478814,0.6785714285714286,1.0285695397809889
gin,4606,CCOc1cc(-c2nn(CCO)c3ncnc(N)c23)ccc1OC,5.096367359161377,4.973559009295201,0.2638811716475707,0.5967741935483871,0.12280834986617606
gin,4887,CCOc1ccc(-c2n[nH]c3ncnc(N)c23)cc1OC,4.0,6.32923427325161,0.23924151288105316,0.55,2.3292342732516103
gin,4908,CCOc1ccc(-c2nn(C(C)C)c3ncnc(N)c23)cc1OC,5.225482940673828,5.2465509869713856,0.31942093016414624,0.6785714285714286,0.02106804629755743
gin,5167,CCn1nc(-c2ccc(OC)c(O)c2)c2c(N)ncnc21,5.1904401779174805,5.457158560752191,0.2726237461986703,0.6491228070175439,0.2667183828347106
gin,6419,COCOc1cc(-c2nn(C(C)C)c3ncnc(N)c23)ccc1Br,5.364516258239746,5.630843637795451,0.28436142084708643,0.603448275862069,0.2663273795557046
gin,6534,COc1cc(-c2nn(C(C)C)c3ncnc(N)c23)cc(OC)c1OC,5.289036750793457,5.468901959911534,0.43707389949674097,0.6226415094339622,0.17986520911807702
gin,6535,COc1cc(-c2nn(C(C)C)c3ncnc(N)c23)ccc1F,5.413412570953369,5.309287931183491,0.07388040358125986,0.6666666666666666,0.10412463976987851
gin,6536,COc1cc(-c2nn(C(C)C)c3ncnc(N)c23)ccc1N,5.414539337158203,5.817666700161794,0.2572134974103279,0.6923076923076923,0.4031273630035912
gin,6537,COc1cc(-c2nn(C(C)C)c3ncnc(N)c23)ccc1NC(=O)OC(C)(C)C,6.7695512771606445,4.967095941624251,0.40635564666434837,0.7205882352941176,1.8024553355363935
gin,6538,COc1cc(-c2nn(C(C)C)c3ncnc(N)c23)ccc1NC(C)CO,5.274088382720947,5.082955047373474,0.3259326669827605,0.5806451612903226,0.19113333534747312
gin,6539,COc1cc(-c2nn(C(C)C)c3ncnc(N)c23)ccc1O,6.041913986206055,5.525950976472203,0.40011903016620703,0.6666666666666666,0.5159630097338521
gin,6625,COc1cc(Br)cc(-c2nn(C(C)C)c3ncnc(N)c23)c1,4.958607196807861,5.704177639285035,0.196269494553614,0.6481481481481481,0.7455704424771739
gin,6732,COc1cc(F)c(-c2nn(C(C)C)c3ncnc(N)c23)cc1F,4.991399765014648,5.017342110350569,0.17694517767282514,0.5714285714285714,0.025942345335920436
gin,8598,COc1ccc(-c2n[nH]c3ncnc(N)c23)cc1O,4.0,6.923897715207286,0.40568739969093404,0.5789473684210527,2.9238977152072856
gin,8608,COc1ccc(-c2nn(C(C)(C)C)c3ncnc(N)c23)cc1OC,5.197910785675049,5.58019110176744,0.33870211300181624,0.660377358490566,0.3822803160923911
gin,8609,COc1ccc(-c2nn(C(C)C)c3ncnc(N)c23)cc1,5.3665313720703125,5.310699607093454,0.25805082585709466,0.7872340425531915,0.05583176497685827
gin,8610,COc1ccc(-c2nn(C(C)C)c3ncnc(N)c23)cc1O,5.659555912017822,5.3884804148486865,0.3085095395444395,0.6666666666666666,0.2710754971691358
gin,8611,COc1ccc(-c2nn(C(C)C)c3ncnc(N)c23)cc1OC,5.519992828369141,5.237898316999292,0.3280564359558438,0.7058823529411765,0.28209451136984853
gin,8612,COc1ccc(-c2nn(C)c3ncnc(N)c23)cc1O,4.0,5.205445260438779,0.27402369806997284,0.6851851851851852,1.205445260438779
gin,8618,COc1ccc(-c2nn(C[C@@H](C)CO)c3ncnc(N)c23)cc1OC,4.744727611541748,5.006566882466359,0.19167200184701857,0.5573770491803278,0.2618392709246109
gin,8619,COc1ccc(-c2nn(C[C@H](C)CO)c3ncnc(N)c23)cc1OC,4.92081880569458,4.871865559896094,0.17126053143229467,0.5573770491803278,0.04895324579848648
gin,9033,COc1cccc(-c2nn(C(C)C)c3ncnc(N)c23)c1,5.853871822357178,5.134696225956219,0.06768160817805108,0.76,0.7191755964009587
gin,9034,COc1cccc(-c2nn(C(C)C)c3ncnc(N)c23)c1OC,5.436519145965576,5.164255999912513,0.35723450001557194,0.5714285714285714,0.27226314605306356
gin,9421,C[C@@H](CN)n1nc(-c2ccc(Cl)c(O)c2)c2c(N)ncnc21,5.039053916931152,5.690955634139385,0.07908900258566443,0.576271186440678,0.6519017172082329
gin,9422,C[C@@H](CN)n1nc(-c2ccc(F)c(O)c2)c2c(N)ncnc21,4.585026741027832,5.460089595120223,0.0029614434930692567,0.576271186440678,0.8750628540923913
gin,9565,C[C@H](CN)n1nc(-c2ccc(Cl)c(O)c2)c2c(N)ncnc21,5.318758964538574,5.427061174244159,0.08878229025616649,0.576271186440678,0.10830220970558457
gin,9566,C[C@H](CN)n1nc(-c2ccc(F)c(O)c2)c2c(N)ncnc21,4.0,5.160562185583899,0.014935019015847682,0.576271186440678,1.160562185583899
gin,9861,Cc1cc(O)ccc1-c1nn(C(C)C)c2ncnc(N)c12,6.020451545715332,5.115080683829518,0.11714364560090729,0.6666666666666666,0.9053708618858138
gin,9892,Cc1ccc(-c2n[nH]c3ncnc(N)c23)cc1O,4.906578540802002,7.039460891317213,0.6254877201883351,0.4032258064516129,2.132882350515211
gin,9896,Cc1ccc(-c2nn(C(C)C)c3ncnc(N)c23)cc1O,6.178486347198486,5.386393293868537,0.3126695341896566,0.7,0.7920930533299497
gin,9897,Cc1ccc(-c2nn(C)c3ncnc(N)c23)cc1O,4.721246242523193,5.114105025073599,0.3696817837679187,0.6382978723404256,0.3928587825504053
gin,11076,Cn1nc(-c2ccc(Br)c(O)c2)c2c(N)ncnc21,4.0,5.745328633640412,0.27214261063541917,0.6538461538461539,1.745328633640412
gin,11408,N#CCCCCn1nc(-c2ccc(F)c(O)c2)c2c(N)ncnc21,4.958607196807861,5.330480416782706,0.0821258009558305,0.5846153846153846,0.37187321997484446
gin,11409,N#CCCCn1nc(-c2ccc(F)c(O)c2)c2c(N)ncnc21,4.744727611541748,5.270498608296492,0.12397146218450286,0.59375,0.5257709967547441
gin,425,C=C(Cl)C(=O)Nc1cccc(Oc2nc(Nc3ccc(N4CCN(C(C)=O)CC4)cc3)ncc2Cl)c1,7.386056423187256,6.449855047050956,0.34794708967952004,0.6891891891891891,0.9362013761362995
gin,2014,C=CC(=O)Nc1ccc(Oc2nc(Nc3ccc(N4CCN(C)CC4)cc3OC)ncc2Cl)cc1,5.549750804901123,7.254709909248334,0.08534454184606735,0.7307692307692307,1.7049591043472105
gin,2620,C=CC(=O)Nc1cccc(Oc2nc(Nc3ccc(N4CCN(C(=O)C(C)(C)C)CC4)cc3OC)ncc2SC)c1,7.20263147354126,6.5923645635726915,0.11214597945329681,0.8192771084337349,0.6102669099685682
gin,2621,C=CC(=O)Nc1cccc(Oc2nc(Nc3ccc(N4CCN(C(=O)C(C)C)CC4)cc3OC)ncc2SC)c1,7.602073669433594,6.819892556127147,0.27199785129212684,0.8192771084337349,0.7821811133064465
gin,2622,C=CC(=O)Nc1cccc(Oc2nc(Nc3ccc(N4CCN(C(=O)C(F)(F)F)CC4)cc3OC)ncc2Cl)c1,7.723361968994141,7.512714236643632,0.0940061809586223,0.8,0.21064773235050893
gin,2623,C=CC(=O)Nc1cccc(Oc2nc(Nc3ccc(N4CCN(C(=O)C(F)(F)F)CC4)cc3OC)ncc2SC)c1,7.481223106384277,7.671826232642758,0.05476757182485637,0.8095238095238095,0.19060312625848042
gin,2624,C=CC(=O)Nc1cccc(Oc2nc(Nc3ccc(N4CCN(C(=O)CC(C)(C)C)CC4)cc3OC)ncc2C(F)(F)F)c1,6.187086582183838,7.583627824234469,0.07796192176046483,0.7888888888888889,1.3965412420506311
gin,2625,C=CC(=O)Nc1cccc(Oc2nc(Nc3ccc(N4CCN(C(=O)CC(C)(C)C)CC4)cc3OC)ncc2Cl)c1,7.47930383682251,7.317632161465362,0.2601103541753212,0.7840909090909091,0.1616716753571481
gin,2626,C=CC(=O)Nc1cccc(Oc2nc(Nc3ccc(N4CCN(C(=O)CC)CC4)cc3OC(F)F)ncc2SC)c1,7.882640361785889,7.540897800200099,0.0796020496922484,0.7032967032967034,0.3417425615857894
gin,2627,C=CC(=O)Nc1cccc(Oc2nc(Nc3ccc(N4CCN(C(=O)CC)CC4)cc3OC)ncc2SC)c1,7.524949073791504,7.052959910925267,0.049591030270534915,0.8192771084337349,0.4719891628662367
gin,2628,C=CC(=O)Nc1cccc(Oc2nc(Nc3ccc(N4CCN(C(=O)CO)CC4)cc3OC)ncc2C(F)(F)F)c1,8.349485397338867,7.462489272920152,0.096743237469663,0.8072289156626506,0.8869961244187152
gin,2629,C=CC(=O)Nc1cccc(Oc2nc(Nc3ccc(N4CCN(C(=O)CO)CC4)cc3OC)ncc2Cl)c1,8.6298189163208,7.2144628281507295,0.1572826826924632,0.810126582278481,1.4153560881700713
gin,2630,C=CC(=O)Nc1cccc(Oc2nc(Nc3ccc(N4CCN(C(=O)NC)CC4)cc3OC)ncc2C(F)(F)F)c1,8.349485397338867,7.08718279932306,0.12535776259086903,0.8170731707317073,1.2623025980158076
gin,2631,C=CC(=O)Nc1cccc(Oc2nc(Nc3ccc(N4CCN(C(=O)OC(C)(C)C)CC4)cc3OC(F)(F)F)ncc2Cl)c1,6.849484920501709,6.590906587453534,0.15446618157203765,0.8275862068965517,0.2585783330481748
gin,2632,C=CC(=O)Nc1cccc(Oc2nc(Nc3ccc(N4CCN(C(=O)OC(C)(C)C)CC4)cc3OC)ncc2Cl)c1,7.849484920501709,6.414961756737081,0.2894305863128336,0.95,1.434523163764628
gin,2633,C=CC(=O)Nc1cccc(Oc2nc(Nc3ccc(N4CCN(C(=O)OC(C)(C)C)CC4)cc3OCC)ncc2Cl)c1,6.849484920501709,6.603806089726252,0.2991934304517452,0.8372093023255814,0.24567883077545716
gin,2634,C=CC(=O)Nc1cccc(Oc2nc(Nc3ccc(N4CCN(C(=O)OC)CC4)cc3OC)ncc2C(F)(F)F)c1,7.97930383682251,6.923211671207952,0.1511122601288916,0.8674698795180723,1.056092165614558
gin,2635,C=CC(=O)Nc1cccc(Oc2nc(Nc3ccc(N4CCN(C(C)=O)CC4)cc3OC(F)F)ncc2SC)c1,7.9820051193237305,7.771193447505453,0.04593657026010166,0.8095238095238095,0.2108116718182771
gin,2636,C=CC(=O)Nc1cccc(Oc2nc(Nc3ccc(N4CCN(C(C)=O)CC4)cc3OC)ncc2C(F)(F)F)c1,8.207269668579102,7.509773742901018,0.02083617976966889,0.8375,0.6974959256780835
gin,2637,C=CC(=O)Nc1cccc(Oc2nc(Nc3ccc(N4CCN(C(C)=O)CC4)cc3OC)ncc2Cl)c1,8.6298189163208,7.242950449156922,0.20014723010009372,0.8421052631578947,1.386868467163879
gin,2638,C=CC(=O)Nc1cccc(Oc2nc(Nc3ccc(N4CCN(C(C)=O)CC4)cc3OC)ncc2SC)c1,8.106447219848633,7.295503947959574,0.02612933588818511,0.9473684210526315,0.8109432718890588
gin,2647,C=CC(=O)Nc1cccc(Oc2nc(Nc3ccc(N4CCN(C)CC4)cc3)ncc2Cl)c1,5.739928722381592,7.314211904533536,0.11966756553508642,0.7361111111111112,1.5742831821519445
gin,2649,C=CC(=O)Nc1cccc(Oc2nc(Nc3ccc(N4CCN(C)CC4)cc3OC)ncc2Cl)c1,8.347367286682129,7.507915733117301,0.09378603345310915,0.8648648648648649,0.8394515535648281
gin,2650,C=CC(=O)Nc1cccc(Oc2nc(Nc3ccc(N4CCN(C)CC4)cc3OC)ncc2SC)c1,7.9820051193237305,7.73745974594874,0.029917082631150504,0.825,0.24454537337499005
gin,2665,C=CC(=O)Nc1cccc(Oc2nc(Nc3ccc(N4CCN(S(C)(=O)=O)CC4)cc3OC)ncc2C(F)(F)F)c1,8.09354305267334,7.424279758254286,0.2125143517787763,0.8170731707317073,0.6692632944190535
gin,2666,C=CC(=O)Nc1cccc(Oc2nc(Nc3ccc(N4CCN(S(C)(=O)=O)CC4)cc3OC)ncc2Cl)c1,8.349485397338867,7.224226688854429,0.101067788478614,0.8205128205128205,1.1252587084844379
gin,2667,C=CC(=O)Nc1cccc(Oc2nc(Nc3ccc(N4CCN(S(C)(=O)=O)CC4)cc3OC)ncc2SC)c1,7.136528491973877,7.3736233927513695,0.19453909388729862,0.7857142857142857,0.2370949007774925
gin,2668,C=CC(=O)Nc1cccc(Oc2nc(Nc3ccc(N4CCN(S(N)(=O)=O)CC4)cc3OC)ncc2C(F)(F)F)c1,8.259636878967285,7.525038229923808,0.19414585448383745,0.8170731707317073,0.7345986490434768
gin,2730,C=CC(=O)Nc1ccccc1Oc1nc(Nc2ccc(N3CCN(C)CC3)cc2OC)ncc1Cl,5.074687957763672,7.789299719268428,0.18392881635667588,0.7215189873417721,2.714611761504756
gin,4221,CCN(CC)CCC(=O)Nc1cccc(Oc2nc(Nc3ccc(N4CCN(C)CC4)cc3OC)ncc2Cl)c1,6.087246894836426,6.421361292454826,0.3363636179134557,0.825,0.3341143976184
gin,6985,COc1cc(N2CCN(C)CC2)ccc1Nc1ncc(Cl)c(Oc2ccc(N)cc2)n1,5.1313557624816895,6.255004937313942,0.11120050122170863,0.6455696202531646,1.1236491748322521
gin,6986,COc1cc(N2CCN(C)CC2)ccc1Nc1ncc(Cl)c(Oc2ccc(N=C=S)cc2)n1,4.816161155700684,6.008640484653753,0.06688752367882651,0.6071428571428571,1.1924793289530697
gin,6987,COc1cc(N2CCN(C)CC2)ccc1Nc1ncc(Cl)c(Oc2ccc(N=[N+]=[N-])cc2)n1,4.820160865783691,6.7738168820484645,1.0277840231252389,0.6046511627906976,1.9536560162647731
gin,6988,COc1cc(N2CCN(C)CC2)ccc1Nc1ncc(Cl)c(Oc2ccc(NC(=O)/C=C/CN(C)C)cc2)n1,5.236571788787842,6.570732468900573,0.389159537811416,0.6781609195402298,1.3341606801127313
gin,6989,COc1cc(N2CCN(C)CC2)ccc1Nc1ncc(Cl)c(Oc2ccc(NC(=O)CCO)cc2)n1,5.2132487297058105,5.866359802477419,0.11706023158422958,0.7875,0.6531110727716083
gin,6991,COc1cc(N2CCN(C)CC2)ccc1Nc1ncc(Cl)c(Oc2ccc(NC(=O)CO)cc2)n1,5.97469425201416,6.015016560372359,0.12838262812848572,0.782051282051282,0.040322308358199166
gin,6993,COc1cc(N2CCN(C)CC2)ccc1Nc1ncc(Cl)c(Oc2ccc(NC(C)=O)cc2)n1,5.442492961883545,5.9733339548811415,0.028981381172767766,0.7435897435897436,0.5308409929975966
gin,6994,COc1cc(N2CCN(C)CC2)ccc1Nc1ncc(Cl)c(Oc2ccc([N+](=O)[O-])cc2)n1,5.001304626464844,6.018683168282237,0.13472720178115985,0.6265060240963856,1.0173785418173935
gin,6996,COc1cc(N2CCN(C)CC2)ccc1Nc1ncc(Cl)c(Oc2cccc(N)c2)n1,5.187755107879639,6.457023570443852,0.20822484951932133,0.6973684210526315,1.269268462564213
gin,6997,COc1cc(N2CCN(C)CC2)ccc1Nc1ncc(Cl)c(Oc2cccc(N=C=S)c2)n1,5.251037120819092,6.139989959288883,0.04014714826022665,0.6585365853658537,0.8889528384697911
gin,6998,COc1cc(N2CCN(C)CC2)ccc1Nc1ncc(Cl)c(Oc2cccc(N=[N+]=[N-])c2)n1,5.206209659576416,6.906136349817125,1.003289439767516,0.6585365853658537,1.6999266902407086
gin,7001,COc1cc(N2CCN(C)CC2)ccc1Nc1ncc(Cl)c(Oc2cccc(NC(=O)/C(C#N)=C/C(C)(C)C)c2)n1,5.886056423187256,5.753861075247357,0.09183414420714332,0.8352941176470589,0.1321953479398985
gin,7002,COc1cc(N2CCN(C)CC2)ccc1Nc1ncc(Cl)c(Oc2cccc(NC(=O)/C(C#N)=C/C(C)C)c2)n1,5.92081880569458,5.747701707798996,0.10757289069866822,0.8352941176470589,0.1731170978955845
gin,7015,COc1cc(N2CCN(C)CC2)ccc1Nc1ncc(Cl)c(Oc2cccc(NC(=O)/C=C/CN(C)C)c2)n1,5.300162315368652,6.674789222296074,0.4521118552892815,0.7951807228915663,1.3746269069274213
gin,7017,COc1cc(N2CCN(C)CC2)ccc1Nc1ncc(Cl)c(Oc2cccc(NC(=O)CCN(C)C)c2)n1,6.195179462432861,6.477063076881002,0.34595798735205835,0.8461538461538461,0.2818836144481409
gin,7024,COc1cc(N2CCN(C)CC2)ccc1Nc1ncc(Cl)c(Oc2cccc(NC(=O)CCO)c2)n1,5.798603057861328,6.059871428572521,0.07661736956412242,0.8831168831168831,0.2612683707111927
gin,7026,COc1cc(N2CCN(C)CC2)ccc1Nc1ncc(Cl)c(Oc2cccc(NC(=O)CO)c2)n1,5.823908805847168,6.167440164111753,0.0944303599955492,0.8533333333333334,0.3435313582645847
gin,7028,COc1cc(N2CCN(C)CC2)ccc1Nc1ncc(Cl)c(Oc2cccc(NC(C)=O)c2)n1,5.350061416625977,6.078296089737947,0.04298946669213791,0.8133333333333334,0.7282346731119702
gin,7029,COc1cc(N2CCN(C)CC2)ccc1Nc1ncc(Cl)c(Oc2cccc([N+](=O)[O-])c2)n1,5.05207633972168,6.083058141807243,0.07847776723478651,0.6666666666666666,1.030981802085563
gin,7030,COc1cc(N2CCN(C)CC2)ccc1Nc1ncc(Cl)c(Oc2ccccc2N)n1,5.744727611541748,6.854048229559955,0.24122868472004194,0.6493506493506493,1.1093206180182067
gin,7031,COc1cc(N2CCN(C)CC2)ccc1Nc1ncc(Cl)c(Oc2ccccc2N=C=S)n1,5.512861728668213,6.918729531606207,0.23745858587296773,0.6024096385542169,1.405867802937994
gin,7032,COc1cc(N2CCN(C)CC2)ccc1Nc1ncc(Cl)c(Oc2ccccc2N=[N+]=[N-])n1,6.28399658203125,7.462806158396358,0.8822561753127743,0.6071428571428571,1.1788095763651079
gin,7033,COc1cc(N2CCN(C)CC2)ccc1Nc1ncc(Cl)c(Oc2ccccc2NC(=O)/C=C/CN(C)C)n1,5.107905387878418,7.282743408829191,0.21217735818279862,0.6823529411764706,2.174838020950773
gin,7034,COc1cc(N2CCN(C)CC2)ccc1Nc1ncc(Cl)c(Oc2ccccc2NC(=O)CCO)n1,5.995678424835205,6.59255796813067,0.27126876912632386,0.8051948051948052,0.596879543295465
gin,7036,COc1cc(N2CCN(C)CC2)ccc1Nc1ncc(Cl)c(Oc2ccccc2NC(=O)CO)n1,6.698969841003418,6.739279890973862,0.1946129957265767,0.8,0.04031004997044363
gin,7038,COc1cc(N2CCN(C)CC2)ccc1Nc1ncc(Cl)c(Oc2ccccc2NC(C)=O)n1,5.248721122741699,6.555404247198179,0.22627490866779293,0.76,1.3066831244564794
gin,7039,COc1cc(N2CCN(C)CC2)ccc1Nc1ncc(Cl)c(Oc2ccccc2[N+](=O)[O-])n1,5.02918815612793,6.348443739216734,0.029741351410987552,0.6296296296296297,1.319255583088804
gin,365,C/N=N/Nc1ccc2ncnc(NCc3ccccc3)c2c1,6.474955081939697,6.339915098506523,0.22759211517763914,0.52,0.13503998343317392
gin,3860,CCC(=O)Nc1cc2c(NCc3ccccc3)ncnc2cc1OC,6.866461277008057,6.466580184038025,0.2530477846204422,0.8245614035087719,0.3998810929700314
gin,3861,CCC(=O)Nc1cc2c(N[C@H](C)c3ccccc3)ncnc2cc1OC,7.065501689910889,7.350803094535365,0.04292780502526623,0.6507936507936508,0.2853014046244766
gin,4792,CCOc1cc2ncnc(NCc3ccc(F)cc3)c2cc1OCC.Cl,7.7695512771606445,6.213655496139552,0.16741061608761398,0.47540983606557374,1.5558957810210927
gin,5187,CN(C)/N=N/c1ccc2ncnc(NCc3ccccc3)c2c1,6.316953182220459,6.28367476559351,0.4426257239387975,0.5098039215686274,0.03327841662694908
gin,7210,COc1cc2c(NCc3ccccc3)ncnc2cc1O,6.2306227684021,6.414893673710154,0.20296596151434101,0.5483870967741935,0.184270905308054
gin,7944,COc1cc2nc(C)nc(N(C)[C@H](C)c3cccc(Br)c3)c2cc1OC,4.698969841003418,6.287343456137595,0.1900239985622711,0.41935483870967744,1.5883736151341772
gin,7958,COc1cc2nc(C)nc(N[C@H](C)c3cccc(Br)c3)c2cc1OC,4.698969841003418,5.880800963112218,0.5004546255666448,0.6666666666666666,1.1818311221088003
gin,7959,COc1cc2nc(C)nc(N[C@H](C)c3cccc(C(F)(F)F)c3)c2cc1OC,4.698969841003418,5.236039221245079,0.33527002653458143,0.6607142857142857,0.5370693802416611
gin,7960,COc1cc2nc(C)nc(N[C@H](C)c3cccc(S(N)(=O)=O)c3)c2cc1OC,4.698969841003418,5.329805228916058,0.5278295593834637,0.6129032258064516,0.63083538791264
gin,7962,COc1cc2nc(C)nc(N[C@H](C)c3ccccc3)c2cc1OC,5.552842140197754,5.557767439985923,0.47264253612063084,0.7083333333333334,0.004925299788169468
gin,8117,COc1cc2ncnc(NCc3ccc(Cl)c(F)c3)c2cc1OCCCCCCC(=O)NO,7.142667293548584,7.041091925229708,0.006009404675891779,0.647887323943662,0.10157536831887626
gin,8118,COc1cc2ncnc(NCc3ccc(F)c(Cl)c3)c2cc1OCCCCCCC(=O)NO,7.0,7.163609030353868,0.042757104421261384,0.647887323943662,0.16360903035386798
gin,8119,COc1cc2ncnc(NCc3ccc(F)c(F)c3)c2cc1OCCCCCCC(=O)NO,7.0,6.921683925056712,0.04961531498005032,0.6764705882352942,0.07831607494328807
gin,8120,COc1cc2ncnc(NCc3ccc(F)cc3)c2cc1OC.Cl,7.321481704711914,5.867174551841856,0.2908770014708463,0.5961538461538461,1.454307152870058
gin,8121,COc1cc2ncnc(NCc3ccc(F)cc3)c2cc1OCCCCCCC(=O)NO,6.785932540893555,6.860363139955137,0.16667157937707855,0.696969696969697,0.07443059906158211
gin,8123,COc1cc2ncnc(NCc3cccc(Br)c3)c2cc1OCCCCCCC(=O)NO,7.0,7.115631053898781,0.07535514475337393,0.7272727272727273,0.11563105389878103
gin,8124,COc1cc2ncnc(NCc3cccc(C)c3)c2cc1OC,6.282715320587158,5.884622796929833,0.3444921917575789,0.5454545454545454,0.3980925236573256
gin,8125,COc1cc2ncnc(NCc3ccccc3)c2cc1O,7.251811981201172,6.41160958819059,0.2102757597131659,0.5483870967741935,0.840202393010582
gin,8126,COc1cc2ncnc(NCc3ccccc3)c2cc1OC,8.0,6.070868294461462,0.19768854636629768,0.6,1.9291317055385377
gin,8127,COc1cc2ncnc(NCc3ccccc3)c2cc1OC.Cl,8.397939682006836,5.997631815980213,0.23129879201309458,0.5882352941176471,2.4003078660266226
gin,8128,COc1cc2ncnc(NCc3ccccc3)c2cc1OCCCCCCC(=O)NO,7.001307010650635,6.776770793242335,0.23935068860346229,0.8333333333333334,0.22453621740829988
gin,8130,COc1cc2ncnc(N[C@@H](C)c3ccc(Cl)cc3)c2cc1OCCCCCCC(=O)NO,6.211831569671631,7.409686358130614,0.21823878142551084,0.6056338028169014,1.197854788458983
gin,8131,COc1cc2ncnc(N[C@@H](C)c3ccc(F)cc3)c2cc1OCCCCCCC(=O)NO,6.901010513305664,7.423304070920196,0.19234901715215671,0.6056338028169014,0.5222935576145318
gin,8132,COc1cc2ncnc(N[C@@H](C)c3ccccc3)c2cc1OCCCCCCC(=O)NO,5.647196292877197,7.473719679622022,0.3077727995179477,0.696969696969697,1.8265233867448245
gin,8133,COc1cc2ncnc(N[C@H](C)c3ccc(Cl)cc3)c2cc1OCCCCCCC(=O)NO,7.0,7.431535512941707,0.2107894394081744,0.6056338028169014,0.4315355129417071
gin,8134,COc1cc2ncnc(N[C@H](C)c3ccc(F)cc3)c2cc1OCCCCCCC(=O)NO,7.0,7.46637701871677,0.14234763749892476,0.6056338028169014,0.46637701871676995
gin,8137,COc1cc2ncnc(N[C@H](C)c3ccccc3)c2cc1OC,9.0,6.918787295234221,0.33634696596264385,0.6875,2.081212704765779
gin,8138,COc1cc2ncnc(N[C@H](C)c3ccccc3)c2cc1OCCCCCC(=O)NO,7.0,7.623786527338439,0.2211874226520455,0.696969696969697,0.6237865273384386
gin,8139,COc1cc2ncnc(N[C@H](C)c3ccccc3)c2cc1OCCCCCCC(=O)NO,7.446394920349121,7.5391703926575815,0.27393081149061355,0.696969696969697,0.0927754723084604
gin,8779,COc1ccc(CNc2ncnc3ccccc23)cc1,5.0,6.10431311357722,0.0814270817763474,0.6382978723404256,1.10431311357722
gin,8912,COc1ccc([C@@H](C)Nc2ncnc3cc(OC)c(OCCCCCCC(=O)NO)cc23)cc1,5.0,7.309525527460892,0.19121695743953593,0.6142857142857143,2.3095255274608917
gin,8921,COc1ccc2c(NCc3ccccc3)ncnc2c1,7.236571788787842,6.330266982967405,0.1986766731578649,0.6122448979591837,0.9063048058204366
gin,8985,COc1ccc2ncnc(NCc3ccccc3)c2c1,6.698969841003418,6.318027984739878,0.15274169678046265,0.6530612244897959,0.38094185626354005
gin,9086,COc1cccc2c(NCc3ccccc3)ncnc12,5.0,6.241157956147987,0.06342553606450843,0.5454545454545454,1.2411579561479869
gin,9096,COc1cccc2ncnc(NCc3ccccc3)c12,5.3098039627075195,6.196167227323173,0.2753239689330486,0.5333333333333333,0.8863632646156532
gin,9495,C[C@@H](Nc1ncnc2ccc(OCCCCCC(=O)NO)cc12)c1ccccc1,7.0,7.2673891863496465,0.23469685997550715,0.5256410256410257,0.2673891863496465
gin,9496,C[C@@H](Nc1ncnc2ccc(OCCCCCCC(=O)NO)cc12)c1ccccc1,7.0,7.1935359409276955,0.284859110226391,0.5256410256410257,0.19353594092769555
gin,10787,Clc1ccc(CNc2ncnc3ccccc23)cc1,5.15490198135376,6.314905740974623,0.04984721628461411,0.5609756097560976,1.1600037596208637
gin,11863,Nc1ccc2c(NCc3ccccc3)ncnc2c1,6.0,6.345379598445273,0.4257122401005042,0.6136363636363636,0.3453795984452732
gin,11876,Nc1ccc2ncnc(NCc3ccccc3)c2c1,6.074004173278809,6.335306210251317,0.34799328329087226,0.6046511627906976,0.2613020369725083
gin,11912,Nc1cccc2c(NCc3ccccc3)ncnc12,5.0,6.381140099607823,0.2448432964618236,0.5714285714285714,1.3811400996078227
gin,11914,Nc1cccc2ncnc(NCc3ccccc3)c12,5.0,6.228547350605308,0.3328038348212471,0.5714285714285714,1.2285473506053082
gin,13124,O=[N+]([O-])c1ccc2c(NCc3ccccc3)ncnc2c1,5.229147911071777,6.331646353041255,0.24121677092395716,0.6274509803921569,1.1024984419694777
gin,13132,O=[N+]([O-])c1ccc2ncnc(NCc3ccccc3)c2c1,5.0,6.336831004813338,0.19144068593654448,0.5961538461538461,1.3368310048133383
gin,13143,O=[N+]([O-])c1cccc2c(NCc3ccccc3)ncnc12,5.0,6.352751889555383,0.29362591667190646,0.5106382978723404,1.3527518895553827
gin,13145,O=[N+]([O-])c1cccc2ncnc(NCc3ccccc3)c12,5.096909999847412,6.26368637835963,0.2894424824533153,0.5217391304347826,1.1667763785122176
gin,13455,c1ccc(CNc2ncnc3ccccc23)cc1,6.494850158691406,6.40212362519339,0.060563119233380446,0.7142857142857143,0.0927265334980163
gin,621,C=CC(=O)N1CCC(N2C(=O)N(c3ccccc3)Cc3cnc(Nc4ccc(N5CCN(C)CC5)c(C)c4)nc32)C1,8.036211967468262,7.558897704010832,0.09115737816930618,0.825,0.4773142634574299
gin,990,C=CC(=O)N1CC[C@H](N2C(=O)N(c3ccccc3)Cc3cnc(Nc4ccc(N5CCN(C)CC5)c(C(F)(F)F)c4)nc32)C1,7.255706787109375,7.288288702829462,0.1515830100115647,0.7857142857142857,0.03258191572008684
gin,991,C=CC(=O)N1CC[C@H](N2C(=O)N(c3ccccc3)Cc3cnc(Nc4ccc(N5CCN(C)CC5)c(C)c4)nc32)C1,8.036211967468262,7.315669391251518,0.14265338689173027,0.825,0.7205425762167437
gin,992,C=CC(=O)N1CC[C@H](N2C(=O)N(c3ccccc3)Cc3cnc(Nc4ccc(N5CCN(C)CC5)c(Cl)c4)nc32)C1,7.448550224304199,7.282523499803801,0.15102408520636448,0.825,0.1660267245003979
gin,993,C=CC(=O)N1CC[C@H](N2C(=O)N(c3ccccc3)Cc3cnc(Nc4ccc(N5CCN(C)CC5)c(F)c4)nc32)C1,7.767004013061523,7.292598119538312,0.11904520872921166,0.8148148148148148,0.47440589352321183
gin,994,C=CC(=O)N1CC[C@H](N2C(=O)N(c3ccccc3)Cc3cnc(Nc4ccc(N5CCN(C)CC5)c(OC)c4)nc32)C1,8.142667770385742,7.241221555549515,0.1525274611457397,0.7951807228915663,0.901446214836227
gin,995,C=CC(=O)N1CC[C@H](N2C(=O)N(c3ccccc3)Cc3cnc(Nc4ccc(N5CCN(C)CC5)cc4)nc32)C1,7.536107063293457,7.260319461265965,0.1345050439263658,0.8666666666666667,0.2757876020274921
gin,996,C=CC(=O)N1CC[C@H](N2C(=O)N(c3ccccc3)Cc3cnc(Nc4ccc(N5CCN(C)CC5)cc4OC)nc32)C1,7.8181562423706055,7.295193288952362,0.15757580020536296,0.813953488372093,0.5229629534182436
gin,999,C=CC(=O)N1CC[C@H](N2C(=O)N(c3ccccc3Cl)Cc3cnc(Nc4ccc(N5CCN(C)CC5)c(C)c4)nc32)C1,9.301030158996582,7.233336309490781,0.11277320747606248,0.8536585365853658,2.067693849505801
gin,2879,CC(=O)N1CC[C@H](N2C(=O)N(c3ccccc3Cl)Cc3cnc(Nc4ccc(N5CCN(C)CC5)c(C)c4)nc32)C1,7.917214393615723,6.925205707726941,0.21312845036065173,0.8974358974358975,0.9920086858887815
gin,3792,CCC(=O)N1CC[C@@H](N2C(=O)N(c3ccccc3Cl)Cc3cnc(Nc4ccc(N5CCN(C)CC5)c(C)c4)nc32)C1,7.630784034729004,7.228480492442628,0.04164328945840831,0.8875,0.40230354228637566
gin,3795,CCC(=O)N1CC[C@H](N2C(=O)N(c3cc(OC)ccc3Cl)Cc3cnc(Nc4ccc(N5CCN(C)CC5)c(C)c4)nc32)C1,6.428291320800781,6.607288450595803,0.22627380712040673,0.8681318681318682,0.1789971297950217
gin,3804,CCC(=O)N1CC[C@H](N2C(=O)N(c3cc(OC)ccc3F)Cc3cnc(Nc4ccc(N5CCN(C(C)=O)CC5)c(C)c4)nc32)C1,6.829738140106201,5.88746210965823,0.287678602782527,0.8681318681318682,0.9422760304479709
gin,3805,CCC(=O)N1CC[C@H](N2C(=O)N(c3cc(OC)ccc3F)Cc3cnc(Nc4ccc(N5CCN(C)C(C)C5)c(C)c4)nc32)C1,6.145693778991699,6.434440188837218,0.1898459333476892,0.8494623655913979,0.288746409845519
gin,3806,CCC(=O)N1CC[C@H](N2C(=O)N(c3cc(OC)ccc3F)Cc3cnc(Nc4ccc(N5CCN(C)CC5)c(C(C)C)c4)nc32)C1,6.43770694732666,6.507682722318435,0.15096025946801092,0.8191489361702128,0.0699757749917751
gin,3807,CCC(=O)N1CC[C@H](N2C(=O)N(c3cc(OC)ccc3F)Cc3cnc(Nc4ccc(N5CCN(C)CC5)c(C(F)(F)F)c4)nc32)C1,5.4685211181640625,6.676717773722487,0.12689927331543208,0.8191489361702128,1.2081966555584245
gin,3808,CCC(=O)N1CC[C@H](N2C(=O)N(c3cc(OC)ccc3F)Cc3cnc(Nc4ccc(N5CCN(C)CC5)c(C)c4)nc32)C1,6.441291332244873,6.544609659389291,0.20682594658579584,0.9534883720930233,0.10331832714441802
gin,3809,CCC(=O)N1CC[C@H](N2C(=O)N(c3cc(OC)ccc3F)Cc3cnc(Nc4ccc(N5CCN(C)CC5)c(CC)c4)nc32)C1,6.285670280456543,6.6110559930331725,0.10871734914066276,0.8461538461538461,0.3253857125766295
gin,3810,CCC(=O)N1CC[C@H](N2C(=O)N(c3cc(OC)ccc3F)Cc3cnc(Nc4ccc(N5CCN(C)CC5)c(Cl)c4)nc32)C1,5.92081880569458,6.7615481589508875,0.1294465604398178,0.8461538461538461,0.8407293532563074
gin,3811,CCC(=O)N1CC[C@H](N2C(=O)N(c3cc(OC)ccc3F)Cc3cnc(Nc4ccc(N5CCN(C)CC5)c(F)c4)nc32)C1,5.886056423187256,6.615224701545124,0.19937740659467265,0.8651685393258427,0.7291682783578679
gin,3812,CCC(=O)N1CC[C@H](N2C(=O)N(c3cc(OC)ccc3F)Cc3cnc(Nc4ccc(N5CCN(C)CC5)c(OC)c4)nc32)C1,6.221848964691162,6.667446904328873,0.1401450896341541,0.8461538461538461,0.445597939637711
gin,3813,CCC(=O)N1CC[C@H](N2C(=O)N(c3cc(OC)ccc3F)Cc3cnc(Nc4ccc(N5CCN(C)CC5)cc4)nc32)C1,5.958607196807861,6.510308799024358,0.17437220897309438,0.8131868131868132,0.5517016022164967
gin,3814,CCC(=O)N1CC[C@H](N2C(=O)N(c3cc(OC)ccc3F)Cc3cnc(Nc4ccc(N5CCN(C)CC5)cc4C)nc32)C1,5.602059841156006,6.357634411118145,0.11797942500560075,0.7604166666666666,0.755574569962139
gin,3815,CCC(=O)N1CC[C@H](N2C(=O)N(c3cc(OC)ccc3F)Cc3cnc(Nc4ccc(N5CCN(C)CC5)cc4OC)nc32)C1,5.79587984085083,6.54694317421475,0.11673153234293596,0.7319587628865979,0.7510633333639198
gin,3818,CCC(=O)N1CC[C@H](N2C(=O)N(c3cc(OC)ccc3F)Cc3cnc(Nc4ccc(N5C[C@@H](C)N(C)[C@@H](C)C5)c(C)c4)nc32)C1,6.051489353179932,6.39658097110166,0.20538957395551843,0.8387096774193549,0.34509161792172804
gin,3820,CCC(=O)N1CC[C@H](N2C(=O)N(c3ccc(C)cc3)Cc3cnc(Nc4ccc(N5CCN(C)CC5)c(C)c4)nc32)C1,6.423658847808838,6.636898413178675,0.112302818379852,0.7204301075268817,0.2132395653698369
gin,3821,CCC(=O)N1CC[C@H](N2C(=O)N(c3ccc(Cl)cc3)Cc3cnc(Nc4ccc(N5CCN(C)CC5)c(C)c4)nc32)C1,6.416801452636719,6.723095145765657,0.12578944538827477,0.7241379310344828,0.3062936931289384
gin,3822,CCC(=O)N1CC[C@H](N2C(=O)N(c3ccc(F)cc3)Cc3cnc(Nc4ccc(N5CCN(C)CC5)c(C)c4)nc32)C1,7.145086765289307,6.737614907087358,0.09107802773569612,0.7419354838709677,0.40747185820194876
gin,3823,CCC(=O)N1CC[C@H](N2C(=O)N(c3ccc(OC)cc3)Cc3cnc(Nc4ccc(N5CCN(C)CC5)c(C)c4)nc32)C1,6.815308570861816,6.644118407643571,0.11385867794686799,0.8021978021978022,0.17119016321824532
gin,3824,CCC(=O)N1CC[C@H](N2C(=O)N(c3cccc(C)c3)Cc3cnc(Nc4ccc(N5CCN(C)CC5)c(C)c4)nc32)C1,6.43770694732666,6.595967115298542,0.20474085169200196,0.6979166666666666,0.15826016797188203
gin,3825,CCC(=O)N1CC[C@H](N2C(=O)N(c3cccc(Cl)c3)Cc3cnc(Nc4ccc(N5CCN(C)CC5)c(C)c4)nc32)C1,6.84163761138916,6.754246705981996,0.15494382627247869,0.7272727272727273,0.08739090540716443
gin,3826,CCC(=O)N1CC[C@H](N2C(=O)N(c3cccc(F)c3)Cc3cnc(Nc4ccc(N5CCN(C)CC5)c(C)c4)nc32)C1,7.446116924285889,6.754169834274438,0.19976265534268378,0.71875,0.6919470900114506
gin,3827,CCC(=O)N1CC[C@H](N2C(=O)N(c3cccc(OC(F)(F)F)c3)Cc3cnc(Nc4ccc(N5CCN(C)CC5)c(C)c4)nc32)C1,6.051098346710205,6.582845444538794,0.11308801190392305,0.7,0.531747097828589
gin,3828,CCC(=O)N1CC[C@H](N2C(=O)N(c3cccc(OC(F)F)c3)Cc3cnc(Nc4ccc(N5CCN(C)CC5)c(C)c4)nc32)C1,6.590066909790039,6.699086026002821,0.24454928552790398,0.7070707070707071,0.1090191162127816
gin,3829,CCC(=O)N1CC[C@H](N2C(=O)N(c3cccc(OC)c3)Cc3cnc(Nc4ccc(N5CCN(C)CC5)c(C)c4)nc32)C1,6.379863739013672,6.626024038688794,0.14935829508259266,0.7849462365591398,0.24616029967512176
gin,3830,CCC(=O)N1CC[C@H](N2C(=O)N(c3cccc(OC)c3Cl)Cc3cnc(Nc4ccc(N5CCN(C)CC5)c(C)c4)nc32)C1,6.384049892425537,6.521736923801882,0.18492232834300276,0.7415730337078652,0.13768703137634475
gin,3831,CCC(=O)N1CC[C@H](N2C(=O)N(c3cccc(OC)c3F)Cc3cnc(Nc4ccc(N5CCN(C)CC5)c(C)c4)nc32)C1,6.375718116760254,6.492934850036285,0.20742688161322173,0.7604166666666666,0.117216733276031
gin,3832,CCC(=O)N1CC[C@H](N2C(=O)N(c3ccccc3C)Cc3cnc(Nc4ccc(N5CCN(C)CC5)c(C)c4)nc32)C1,8.119186401367188,6.591440625947769,0.08703974695878536,0.7831325301204819,1.5277457754194188
gin,3833,CCC(=O)N1CC[C@H](N2C(=O)N(c3ccccc3Cl)Cc3cnc(Nc4ccc(N5CCN(C)CC5)c(C)c4)nc32)C1,7.804100513458252,6.7572535439484485,0.14167429529506997,0.8875,1.0468469695098035
gin,3834,CCC(=O)N1CC[C@H](N2C(=O)N(c3ccccc3F)Cc3cnc(Nc4ccc(N5CCN(C)CC5)c(C)c4)nc32)C1,7.75448751449585,6.676271248732216,0.1405234883880259,0.8,1.0782162657636336
gin,3835,CCC(=O)N1CC[C@H](N2C(=O)N(c3ccccc3OC)Cc3cnc(Nc4ccc(N5CCN(C)CC5)c(C)c4)nc32)C1,7.562249660491943,6.622112330095842,0.17196672052539438,0.7553191489361702,0.9401373303961016
gin,3994,CCCC(=O)N1CC[C@H](N2C(=O)N(c3ccccc3Cl)Cc3cnc(Nc4ccc(N5CCN(C)CC5)c(C)c4)nc32)C1,7.539102077484131,6.662014319062521,0.13523733110237687,0.8433734939759037,0.8770877584216095
gin,4147,CCCN1CC[C@H](N2C(=O)N(c3ccccc3Cl)Cc3cnc(Nc4ccc(N5CCN(C)CC5)c(C)c4)nc32)C1,7.2773661613464355,7.146684137310331,0.07069224114626577,0.7831325301204819,0.13068202403610485
gin,9820,Cc1cc(Nc2ncc3c(n2)N([C@H]2CCN(C(=O)C(C)(C)C)C2)C(=O)N(c2ccccc2Cl)C3)ccc1N1CCN(C)CC1,7.531652450561523,7.066417786004777,0.08079928953712472,0.8641975308641975,0.4652346645567462
gin,9821,Cc1cc(Nc2ncc3c(n2)N([C@H]2CCN(C(=O)C(C)C)C2)C(=O)N(c2ccccc2Cl)C3)ccc1N1CCN(C)CC1,8.070581436157227,7.135885289567838,0.11027649343166963,0.8641975308641975,0.9346961465893884
gin,9825,Cc1cc(Nc2ncc3c(n2)N([C@H]2CCN(C(=O)CC(C)C)C2)C(=O)N(c2ccccc2Cl)C3)ccc1N1CCN(C)CC1,7.653646945953369,7.086412817663401,0.04748468629464231,0.8333333333333334,0.567234128289968
gin,9826,Cc1cc(Nc2ncc3c(n2)N([C@H]2CCN(C(=O)CN(C)C)C2)C(=O)N(c2ccccc2Cl)C3)ccc1N1CCN(C)CC1,7.575118541717529,7.574064167907295,0.21109721342725749,0.8433734939759037,0.0010543738102342104
gin,9827,Cc1cc(Nc2ncc3c(n2)N([C@H]2CCN(C(=O)CO)C2)C(=O)N(c2ccccc2Cl)C3)ccc1N1CCN(C)CC1,8.154901504516602,7.386643678877434,0.09163149013433819,0.8641975308641975,0.7682578256391679
gin,185,C#Cc1cccc(Nc2ncnc3cc(OC(C)C)c4c(c23)OCCO4)c1,7.402050018310547,7.0838433185913985,0.17813606802038462,0.703125,0.3182066997191484
gin,186,C#Cc1cccc(Nc2ncnc3cc(OC(C)COC)c4c(c23)OCCO4)c1,6.761439323425293,7.184852760185851,0.3315201383424218,0.6428571428571429,0.4234134367605584
gin,214,C#Cc1cccc(Nc2ncnc3cc(OC)c4c(c23)OCCO4)c1,6.650515079498291,7.238683170961124,0.16796602157280655,0.7377049180327869,0.5881680914628333
gin,222,C#Cc1cccc(Nc2ncnc3cc(OCC)c4c(c23)OCCO4)c1,7.484295845031738,7.463825873975054,0.12751623073776305,0.7230769230769231,0.020469971056684244
gin,251,C#Cc1cccc(Nc2ncnc3cc(OCCOC)c4c(c23)OCCO4)c1,7.489405155181885,7.3463541591959824,0.16687709816916388,0.6911764705882353,0.14305099598590232
gin,3484,CC(C)Oc1cc2ncnc(Nc3ccc(Cl)c([N+](=O)[O-])c3)c2c2c1OCCO2,6.494426250457764,6.339162470941169,0.13986188119655144,0.6,0.15526377951659498
gin,3485,CC(C)Oc1cc2ncnc(Nc3ccc(F)c(C#N)c3)c2c2c1OCCO2,6.251811981201172,6.03263473126475,0.22598785729872586,0.5945945945945946,0.21917724993642196
gin,3486,CC(C)Oc1cc2ncnc(Nc3ccc(F)c(Cl)c3)c2c2c1OCCO2,7.3178181648254395,6.818564396349487,0.06466577017059974,0.7164179104477612,0.4992537684759526
gin,3487,CC(C)Oc1cc2ncnc(Nc3ccc(F)c([N+](=O)[O-])c3)c2c2c1OCCO2,6.5,6.159679375987466,0.15452102529087983,0.5789473684210527,0.34032062401253427
gin,4580,CCOC(C)Oc1cc2ncnc(Nc3ccc(C)c(C#N)c3)c2c2c1OCCO2,6.0,5.925667823427361,0.19282455045680058,0.4819277108433735,0.07433217657263924
gin,4581,CCOC(C)Oc1cc2ncnc(Nc3ccc(C)c([N+](=O)[O-])c3)c2c2c1OCCO2,6.21986722946167,6.000820382535679,0.23043921657515076,0.47058823529411764,0.2190468469259912
gin,4582,CCOC(C)Oc1cc2ncnc(Nc3ccc(Cl)c([N+](=O)[O-])c3)c2c2c1OCCO2,6.261439323425293,6.350493674638083,0.15951148137674748,0.5180722891566265,0.08905435121279037
gin,4583,CCOC(C)Oc1cc2ncnc(Nc3ccc(F)c(C#N)c3)c2c2c1OCCO2,6.226851940155029,6.0766785652626965,0.17546449715919998,0.5189873417721519,0.15017337489233284
gin,4584,CCOC(C)Oc1cc2ncnc(Nc3ccc(F)c([N+](=O)[O-])c3)c2c2c1OCCO2,6.545275688171387,6.177225336986432,0.12786548988204344,0.5,0.3680503511849551
gin,4585,CCOC(C)Oc1cc2ncnc(Nc3ccc(OC)c([N+](=O)[O-])c3)c2c2c1OCCO2,6.0,6.050347110097647,0.2358298577950254,0.4823529411764706,0.05034711009764692
gin,4795,CCOc1cc2ncnc(Nc3ccc(C)c(Cl)c3)c2c2c1OCCO2,7.386056423187256,6.860105632773603,0.0642604631804378,0.6029411764705882,0.5259507904136527
gin,4796,CCOc1cc2ncnc(Nc3ccc(C)cc3)c2c2c1OCCO2,7.150515079498291,6.007418496353409,0.16947736606633004,0.5072463768115942,1.1430965831448816
gin,4798,CCOc1cc2ncnc(Nc3ccc(F)c(Cl)c3)c2c2c1OCCO2,7.731090545654297,7.225979845328965,0.07390517539469092,0.71875,0.5051107003253321
gin,4883,CCOc1cc2ncnc(Nc3cccc(OC)c3)c2c2c1OCCO2,7.301030158996582,6.495041198767072,0.15053197988471498,0.5428571428571428,0.8059889602295103
gin,4884,CCOc1cc2ncnc(Nc3cccc([N+](=O)[O-])c3)c2c2c1OCCO2,7.301030158996582,6.249945004252115,0.20599214906712546,0.5135135135135135,1.0510851547444666
gin,6236,COCC(C)Oc1cc2ncnc(Nc3ccc(F)c(Cl)c3)c2c2c1OCCO2,6.803475856781006,6.863664407206911,0.2121556773544195,0.6388888888888888,0.060188550425904985
gin,6316,COCCOc1cc2ncnc(Nc3ccc(C)c(C#N)c3)c2c2c1OCCO2,6.0,5.970594351391156,0.2713819403303564,0.5131578947368421,0.02940564860884365
gin,6318,COCCOc1cc2ncnc(Nc3ccc(C)c([N+](=O)[O-])c3)c2c2c1OCCO2,6.5,6.100275268082278,0.3346008093688481,0.475,0.39972473191772195
gin,6322,COCCOc1cc2ncnc(Nc3ccc(Cl)c([N+](=O)[O-])c3)c2c2c1OCCO2,6.650515079498291,6.426353153206539,0.25533380653600674,0.5256410256410257,0.22416192629175224
gin,6324,COCCOc1cc2ncnc(Nc3ccc(F)c(C#N)c3)c2c2c1OCCO2,6.150515079498291,6.150941407319657,0.26993360164653035,0.5675675675675675,0.0004263278213656463
gin,6326,COCCOc1cc2ncnc(Nc3ccc(F)c(Cl)c3)c2c2c1OCCO2,7.591879367828369,7.047213683805111,0.07094679641040104,0.7272727272727273,0.5446656840232578
gin,6341,COCCOc1cc2ncnc(Nc3ccc(F)c([N+](=O)[O-])c3)c2c2c1OCCO2,6.650515079498291,6.274106808251609,0.2398705534967664,0.5454545454545454,0.37640827124668164
gin,6342,COCCOc1cc2ncnc(Nc3ccc(F)cc3)c2c2c1OCCO2,6.3491597175598145,5.97736053343219,0.2599674496500091,0.5735294117647058,0.37179918412762447
gin,6349,COCCOc1cc2ncnc(Nc3ccc(OC)c([N+](=O)[O-])c3)c2c2c1OCCO2,6.0,6.045236718702753,0.3130369108646246,0.475,0.045236718702753365
gin,6365,COCCOc1cc2ncnc(Nc3cccc(Cl)c3)c2c2c1OC(COC)CO2,7.987584590911865,6.460291198509225,0.42012617907672833,0.5526315789473685,1.5272933924026404
gin,6368,COCCOc1cc2ncnc(Nc3cccc(OC)c3)c2c2c1OCCO2,6.747560977935791,6.291127091657476,0.23535123770687696,0.5714285714285714,0.45643388627831527
gin,8195,COc1cc2ncnc(Nc3ccc(F)c(Cl)c3)c2c2c1OCCO2,6.650515079498291,7.009017850938584,0.11643698691623958,0.7333333333333333,0.35850277144029263
gin,8869,COc1ccc(Nc2ncnc3cc(OC(C)C)c4c(c23)OCCO4)cc1[N+](=O)[O-],6.0,6.022933885427975,0.24207920177424164,0.5584415584415584,0.022933885427974587
gin,8873,COc1ccc(Nc2ncnc3cc(OCCCC(=O)NO)c4c(c23)OCCO4)cc1,6.048322677612305,6.588290848900949,0.42957797441251067,0.4935064935064935,0.5399681712886446
gin,9217,COc1ccccc1Nc1ncnc2cc(OCCCC(=O)NO)c3c(c12)OCCO3,6.0,6.8856818311815715,0.4674782472337528,0.46835443037974683,0.8856818311815715
gin,10041,Cc1ccc(Nc2ncnc3cc(OC(C)C)c4c(c23)OCCO4)cc1C#N,6.190401077270508,5.862701567971627,0.2185907021103424,0.56,0.32769950929888125
gin,10042,Cc1ccc(Nc2ncnc3cc(OC(C)C)c4c(c23)OCCO4)cc1[N+](=O)[O-],6.349484920501709,5.975108916500105,0.23384518636503945,0.5454545454545454,0.3743760040016042
gin,12333,O=C(CCCCCOc1cc2ncnc(Nc3cccc(Cl)c3)c2c2c1OCCO2)NO,8.317854881286621,7.249803351657675,0.26073520189431965,0.6619718309859155,1.0680515296289457
gin,12334,O=C(CCCCCOc1cc2ncnc(Nc3ccccc3Cl)c2c2c1OCCO2)NO,6.885722637176514,6.8046279083521455,0.6068893888005216,0.4810126582278481,0.08109472882436819
gin,12341,O=C(CCCCOc1cc2ncnc(Nc3cccc(Cl)c3)c2c2c1OCCO2)NO,8.008773803710938,7.298742426290588,0.21744557902339628,0.6714285714285714,0.7100313774203499
gin,12348,O=C(CCCOc1cc2ncnc(Nc3ccc(C(F)(F)F)cc3)c2c2c1OCCO2)NO,6.0,6.677237657091428,0.26892799743842954,0.4936708860759494,0.6772376570914282
gin,12349,O=C(CCCOc1cc2ncnc(Nc3ccc(Cl)cc3)c2c2c1OCCO2)NO,7.315154552459717,6.731881781272442,0.4232624175700293,0.5540540540540541,0.5832727711872749
gin,12350,O=C(CCCOc1cc2ncnc(Nc3ccc(F)cc3)c2c2c1OCCO2)NO,6.929223537445068,6.778893651225246,0.3545341519907857,0.547945205479452,0.15032988621982213
gin,12351,O=C(CCCOc1cc2ncnc(Nc3cccc(C(F)(F)F)c3)c2c2c1OCCO2)NO,7.341988563537598,6.996662614573026,0.20631714369835452,0.5454545454545454,0.3453259489645717
gin,12352,O=C(CCCOc1cc2ncnc(Nc3cccc(F)c3)c2c2c1OCCO2)NO,7.120330810546875,7.29751980212594,0.25207173999713306,0.6811594202898551,0.1771889915790652
gin,12353,O=C(CCCOc1cc2ncnc(Nc3ccccc3Cl)c2c2c1OCCO2)NO,6.535063743591309,6.90858549192221,0.5839215920729691,0.4935064935064935,0.37352174833090146
gin,12354,O=C(CCCOc1cc2ncnc(Nc3ccccc3F)c2c2c1OCCO2)NO,7.037630558013916,6.88865603287681,0.500697796198976,0.4935064935064935,0.14897452513710618
gin,419,C=C(Cl)C(=O)Nc1cccc(Nc2nc(Nc3ccc(N4CCN(C(C)=O)CC4)c(C)c3)ncc2Cl)c1,7.938728332519531,7.403413932758807,0.560489673841753,0.782608695652174,0.5353143997607246
gin,420,C=C(Cl)C(=O)Nc1cccc(Nc2nc(Nc3ccc(N4CCN(C(C)=O)CC4)c(Cl)c3)ncc2Cl)c1,7.885287284851074,7.424700714712245,0.35965518965934823,0.8181818181818182,0.46058657013882964
gin,421,C=C(Cl)C(=O)Nc1cccc(Nc2nc(Nc3ccc(N4CCN(C(C)=O)CC4)cc3)ncc2Cl)c1,7.781918525695801,7.328587035304377,0.46163797826293607,0.8307692307692308,0.45333149039142384
gin,422,C=C(Cl)C(=O)Nc1cccc(Nc2nc(Nc3ccc(N4CCN(C(C)=O)CC4)cc3Cl)ncc2Cl)c1,6.924667835235596,7.5819408833820034,0.42248340318194416,0.7536231884057971,0.6572730481464077
gin,423,C=C(Cl)C(=O)Nc1cccc(Nc2nc(Nc3ccc(N4CCN(C(C)=O)CC4)cc3OC)ncc2C(F)(F)F)c1,7.192973613739014,7.098408721038228,0.3450999371174378,0.6781609195402298,0.09456489270078539
gin,432,C=C(F)C(=O)Nc1cccc(Nc2nc(Nc3ccc(N4CCN(C(C)=O)CC4)c(C)c3)ncc2Cl)c1,6.379725456237793,7.732560361478988,0.20805087502554453,0.6756756756756757,1.3528349052411954
gin,433,C=C(F)C(=O)Nc1cccc(Nc2nc(Nc3ccc(N4CCN(C(C)=O)CC4)cc3)ncc2Cl)c1,6.33581018447876,7.658286238189049,0.09595596923932784,0.7142857142857143,1.3224760537102895
gin,1432,C=CC(=O)Nc1cc(Nc2ncc(Cl)c(Nc3ccccc3C(=O)C(=O)N(C)C)n2)c(OC)cc1N1CCN(C)CC1,7.088015079498291,7.213097534612203,0.08121774263614327,0.6853932584269663,0.1250824551139118
gin,2398,C=CC(=O)Nc1cccc(Nc2nc(Nc3ccc(N4CCN(C(=O)C(C)(C)C)CC4)cc3OC)ncc2C(F)(F)F)c1,8.09354305267334,6.876886281071588,0.11952654214385895,0.8607594936708861,1.2166567716017518
gin,2399,C=CC(=O)Nc1cccc(Nc2nc(Nc3ccc(N4CCN(C(=O)CC(C)(C)C)CC4)cc3OC)ncc2C(F)(F)F)c1,7.723361968994141,7.557085390722449,0.15298807197923817,0.7857142857142857,0.16627657827169173
gin,2400,C=CC(=O)Nc1cccc(Nc2nc(Nc3ccc(N4CCN(C(=O)CC)CC4)cc3OC)ncc2C(F)(F)F)c1,8.6298189163208,7.261897004880069,0.24156710998873737,0.8048780487804879,1.3679219114407317
gin,2404,C=CC(=O)Nc1cccc(Nc2nc(Nc3ccc(N4CCN(C(=O)CO)CC4)cc3OC(F)(F)F)ncc2C(F)(F)F)c1,8.09354305267334,7.292683832617506,0.29096641514461996,0.7011494252873564,0.800859220055834
gin,2405,C=CC(=O)Nc1cccc(Nc2nc(Nc3ccc(N4CCN(C(=O)CO)CC4)cc3OC(F)F)ncc2C(F)(F)F)c1,9.0,7.704027086844718,0.22012613213020077,0.6853932584269663,1.295972913155282
gin,2406,C=CC(=O)Nc1cccc(Nc2nc(Nc3ccc(N4CCN(C(=O)CO)CC4)cc3OC)ncc2C(F)(F)F)c1,8.6298189163208,7.447553191948728,0.2680154573341553,0.8048780487804879,1.1822657243720727
gin,2407,C=CC(=O)Nc1cccc(Nc2nc(Nc3ccc(N4CCN(C(=O)CO)CC4)cc3OC)ncc2Cl)c1,8.349485397338867,8.025429543015008,0.2036512537981733,0.7866666666666666,0.3240558543238592
gin,2408,C=CC(=O)Nc1cccc(Nc2nc(Nc3ccc(N4CCN(C(=O)NC)CC4)cc3OC)ncc2C(F)(F)F)c1,8.6298189163208,7.092266530856737,0.27462270949971834,0.8148148148148148,1.537552385464064
gin,2409,C=CC(=O)Nc1cccc(Nc2nc(Nc3ccc(N4CCN(C(=O)OC)CC4)cc3OC)ncc2C(F)(F)F)c1,8.349485397338867,6.922964509324299,0.25118037861770964,0.8607594936708861,1.4265208880145686
gin,2410,C=CC(=O)Nc1cccc(Nc2nc(Nc3ccc(N4CCN(C(C)=O)CC4)c(OC)c3)ncc2C(F)(F)F)c1,7.132200717926025,7.238040233560383,0.13516034070599822,0.725,0.1058395156343579
gin,2411,C=CC(=O)Nc1cccc(Nc2nc(Nc3ccc(N4CCN(C(C)=O)CC4)cc3)ncc2Cl)c1,7.258640289306641,7.935807627333986,0.13597994838471697,0.7941176470588235,0.6771673380273455
gin,2412,C=CC(=O)Nc1cccc(Nc2nc(Nc3ccc(N4CCN(C(C)=O)CC4)cc3OC(F)(F)F)ncc2C(F)(F)F)c1,8.6298189163208,7.289967956153944,0.26511172739154526,0.7380952380952381,1.3398509601668565
gin,2413,C=CC(=O)Nc1cccc(Nc2nc(Nc3ccc(N4CCN(C(C)=O)CC4)cc3OC(F)F)ncc2C(F)(F)F)c1,9.0,7.744848603467318,0.17883220111797202,0.7209302325581395,1.255151396532682
gin,2414,C=CC(=O)Nc1cccc(Nc2nc(Nc3ccc(N4CCN(C(C)=O)CC4)cc3OC)ncc2Br)c1,7.97930383682251,8.243495162066239,0.18236630696031744,0.6951219512195121,0.2641913252437291
gin,2415,C=CC(=O)Nc1cccc(Nc2nc(Nc3ccc(N4CCN(C(C)=O)CC4)cc3OC)ncc2C(F)(F)F)c1,7.698969841003418,7.489972656999484,0.19735020794429955,0.8354430379746836,0.20899718400393397
gin,2417,C=CC(=O)Nc1cccc(Nc2nc(Nc3ccc(N4CCN(C(C)=O)CC4)cc3OC)ncc2Cl)c1,7.698969841003418,8.10329902883467,0.1931034622589982,0.8194444444444444,0.4043291878312516
gin,2418,C=CC(=O)Nc1cccc(Nc2nc(Nc3ccc(N4CCN(C(C)=O)[C@H](C(=O)OC)C4)cc3OC)ncc2C(F)(F)F)c1,8.349485397338867,6.837249334992893,0.1636356214315099,0.7441860465116279,1.5122360623459743
gin,2424,C=CC(=O)Nc1cccc(Nc2nc(Nc3ccc(N4CCN(S(C)(=O)=O)CC4)cc3OC)ncc2C(F)(F)F)c1,8.349485397338867,7.325844477545971,0.20346919870820693,0.8076923076923077,1.0236409197928964
gin,2425,C=CC(=O)Nc1cccc(Nc2nc(Nc3ccc(N4CCN(S(C)(=O)=O)CC4)cc3OC)ncc2Cl)c1,7.723361968994141,7.830247437093902,0.17183787439442383,0.7972972972972973,0.10688546809976174
gin,2788,C=CS(=O)(=O)Nc1cccc(Nc2nc(Nc3ccc(N4CCN(C(C)=O)CC4)cc3OC)ncc2Cl)c1,6.170696258544922,7.220984202434941,0.2873493469361869,0.7108433734939759,1.0502879438900194
gin,2874,CC(=O)N1CCN(c2ccc(Nc3ncc(Cl)c(Nc4cccc(NC(=O)CCl)c4)n3)cc2)CC1,6.9430952072143555,7.488386182706961,0.3732298259060133,0.7285714285714285,0.5452909754926054
gin,3928,CCC(=O)Nc1cccc(Nc2nc(Nc3ccc(N4CCN(C(C)=O)CC4)cc3)ncc2Cl)c1,7.181114673614502,6.861057146547349,0.14370424342143834,0.7183098591549296,0.32005752706715285
gin,3929,CCC(=O)Nc1cccc(Nc2nc(Nc3ccc(N4CCN(C(C)=O)CC4)cc3OC)ncc2Cl)c1,7.201349258422852,7.111369805697052,0.11169713776598336,0.7468354430379747,0.08997945272579955
gin,5854,CN1CCN(c2ccc(Nc3ncc(Cl)c(Nc4ccccc4C(=O)NO)n3)cc2)CC1,7.16234827041626,7.991138481390436,0.12914613519046136,0.8135593220338984,0.8287902109741765
gin,5855,CN1CCN(c2ccc(Nc3ncc(Cl)c(Nc4ccccc4P(C)(C)=O)n3)c(Br)c2)CC1,7.6641130447387695,8.138324663765104,0.13633135929722942,0.684931506849315,0.4742116190263346
gin,5856,CN1CCN(c2ccc(Nc3ncc(Cl)c(Nc4ccccc4P(C)(C)=O)n3)cc2Br)CC1,8.508638381958008,8.058829051440739,0.25173132751232197,0.8636363636363636,0.4498093305172688
gin,6967,COc1cc(N2CCN(C(C)=O)CC2)ccc1Nc1ncc(Cl)c(Nc2cccc(NC(=O)CCl)c2)n1,7.245651721954346,7.720488041861202,0.3458223696271032,0.7564102564102564,0.4748363199068564
gin,6969,COc1cc(N2CCN(C(C)=O)CC2)ccc1Nc1ncc(Cl)c(Nc2cccc(NC(C)=O)c2)n1,5.956637859344482,7.095354077150198,0.22880231150492591,0.7866666666666666,1.1387162178057153
gin,6970,COc1cc(N2CCN(C(C)=O)CC2)ccc1Nc1ncc(Cl)c(Nc2cccc(NCCS(=O)(=O)F)c2)n1,6.339134693145752,7.225634192351436,0.26907595347010144,0.7228915662650602,0.8864994992056836
gin,6981,COc1cc(N2CCN(C)CC2)ccc1Nc1ncc(Cl)c(Nc2ccccc2NS(C)(=O)=O)n1,7.807197093963623,8.217142659078291,0.21354626220306985,0.8656716417910447,0.4099455651146684
gin,7071,COc1cc(N2CCNCC2)ccc1Nc1ncc(Br)c(Nc2ccccc2NS(N)(=O)=O)n1,7.544155120849609,8.66312167768342,0.12137165241792387,0.7323943661971831,1.1189665568338114
gin,7072,COc1cc(N2CCNCC2)ccc1Nc1ncc(C(F)(F)F)c(Nc2ccccc2NS(C)(=O)=O)n1,7.490649700164795,7.147820719746818,0.3339214196129272,0.7012987012987013,0.34282898041797694
gin,7073,COc1cc(N2CCNCC2)ccc1Nc1ncc(Cl)c(Nc2ccccc2NS(C)(=O)=O)n1,7.516225814819336,8.065825702141325,0.15056528471165131,0.8676470588235294,0.549599887321989
gin,7074,COc1cc(N2CCNCC2)ccc1Nc1ncc(Cl)c(Nc2ccccc2NS(N)(=O)=O)n1,8.22796630859375,8.272821823882168,0.15496592005225918,0.7857142857142857,0.044855515288418246
gin,7126,COc1cc(Nc2ncc(Cl)c(Nc3ccccc3C(=O)C(=O)N(C)C)n2)ccc1N1CCN(C)CC1,6.769707202911377,7.015689089151209,0.11456048504898589,0.6071428571428571,0.2459818862398322
gin,9813,Cc1cc(Nc2ncc(C#N)c(Nc3cccc(S(=O)(=O)NC(C)(C)C)c3)n2)ccc1N1CCN(C)CC1,3.823908805847168,6.64125580638506,0.0957474808345416,0.4666666666666667,2.817347000537892
gin,9830,Cc1cc(Nc2nccc(Nc3cccc(S(N)(=O)=O)c3)n2)ccc1N1CCN(C)CC1,3.823908805847168,6.201831967361162,0.31449191044340286,0.6307692307692307,2.377923161513994
gin,10166,Cc1cccc(Nc2ccnc(Nc3ccc(N4CCN(C)CC4)c(C)c3)n2)c1,3.823908805847168,6.355002783102517,0.1701514751928928,0.515625,2.531093977255349
gin,10167,Cc1cccc(Nc2ccnc(Nc3ccc(N4CCN(C)CC4)cc3)n2)c1,4.958607196807861,6.082096686402281,0.0204036411414702,0.6666666666666666,1.1234894895944194
gin,5447,CN(C)CCNC(=O)c1ccc(-c2cc3c(N[C@H](CO)c4ccccc4)ncnc3s2)cc1,8.698969841003418,6.408833158155076,0.33875541196516684,0.6052631578947368,2.290136682848342
gin,6132,COC(=O)c1cc(OC)c(-c2cc3c(N[C@H](C)c4ccccc4)ncnc3s2)c(OC)c1,8.397939682006836,6.5154814908319025,0.4807355158761373,0.5423728813559322,1.8824581911749334
gin,6136,COC(=O)c1ccc(-c2cc3c(N[C@H](C)c4ccccc4)ncnc3s2)c(OC)c1,7.698969841003418,6.764952510344448,0.20834688646591104,0.5757575757575758,0.9340173306589703
gin,6151,COC(=O)c1ccc(OC)c(-c2cc3c(N[C@H](C)c4ccccc4)ncnc3s2)c1,8.154901504516602,6.601869547128789,0.17184697826965536,0.5757575757575758,1.5530319573878124
gin,6158,COC(=O)c1cccc(-c2cc3c(N[C@H](C)c4ccccc4)ncnc3s2)c1OC,8.045757293701172,6.159861947632521,0.11301805930790243,0.5373134328358209,1.8858953460686507
gin,6431,COC[C@@H](Nc1ncnc2sc(-c3ccccc3OC)cc12)c1ccccc1,7.638272285461426,7.448507531389126,0.21308021301821337,0.6785714285714286,0.18976475407229998
gin,6498,COc1c(C(=O)NCCN(C)C)cccc1-c1cc2c(N[C@H](C)c3ccccc3)ncnc2s1,8.522878646850586,6.56408785482645,0.22555920588868,0.4675324675324675,1.9587907920241356
gin,6501,COc1c(C=O)cccc1-c1cc2c(N[C@H](C)c3ccccc3)ncnc2s1,7.677780628204346,6.98358838357704,0.19142093650071462,0.5454545454545454,0.6941922446273061
gin,6502,COc1c(CO)cccc1-c1cc2c(N[C@H](C)c3ccccc3)ncnc2s1,8.823908805847168,6.650540058400285,0.10785756842313644,0.5454545454545454,2.173368747446883
gin,6627,COc1cc(C(=O)NCCN(C)C)cc(OC)c1-c1cc2c(N[C@H](C)c3ccccc3)ncnc2s1,9.397939682006836,7.112435571425948,0.49353555560956275,0.463768115942029,2.285504110580888
gin,6628,COc1cc(C(=O)NCCN(C)C)ccc1-c1cc2c(N[C@H](C)c3ccccc3)ncnc2s1,9.301030158996582,7.4103782785163475,0.14042356898914377,0.5,1.8906518804802346
gin,6636,COc1cc(C(N)=O)ccc1-c1cc2c(N[C@H](C)c3ccccc3)ncnc2s1,8.698969841003418,7.590496901979975,0.23729607195960525,0.5671641791044776,1.108472939023443
gin,6638,COc1cc(C(N)=O)ccc1-c1cc2c(N[C@H](CO)c3ccccc3)ncnc2s1,8.823908805847168,7.504415107224247,0.04424839302223582,0.5384615384615384,1.3194936986229209
gin,6701,COc1cc(C=O)ccc1-c1cc2c(NCc3ccccc3)ncnc2s1,8.221848487854004,6.933474613944419,0.09366265412060776,0.7457627118644068,1.2883738739095847
gin,6723,COc1cc(CO)ccc1-c1cc2c(NCc3ccccc3)ncnc2s1,8.301030158996582,6.768396903327769,0.1228012434645387,0.7719298245614035,1.532633255668813
gin,6734,COc1cc(F)ccc1-c1cc2c(N[C@H](C)c3ccccc3)ncnc2s1,8.221848487854004,7.738611474815826,0.30122818208720376,0.639344262295082,0.48323701303817757
gin,8573,COc1ccc(-c2cc3c(N[C@H](C)c4ccccc4)ncnc3s2)c(OC)c1,8.301030158996582,7.626396757448575,0.3097021499045588,0.6229508196721312,0.6746334015480073
gin,8675,COc1ccc(C(=O)NCCN(C)C)cc1-c1cc2c(N[C@H](C)c3ccccc3)ncnc2s1,9.301030158996582,7.218017759713113,0.2503696987797406,0.5,2.0830123992834686
gin,8754,COc1ccc(C=O)cc1-c1cc2c(N[C@H](C)c3ccccc3)ncnc2s1,8.522878646850586,7.598739875293461,0.030392948443957624,0.625,0.924138771557125
gin,8780,COc1ccc(CO)cc1-c1cc2c(N[C@H](C)c3ccccc3)ncnc2s1,8.301030158996582,7.507320364082091,0.0723517231458452,0.625,0.7937097949144913
gin,9008,COc1cccc(-c2cc3c(N[C@H](C)c4ccccc4)ncnc3s2)c1OC,7.886056423187256,6.862717802627092,0.2337575580772855,0.6610169491525424,1.023338620560164
gin,9079,COc1cccc(OC)c1-c1cc2c(N[C@H](C)c3ccccc3)ncnc2s1,8.698969841003418,7.095204816935645,0.26419319534702074,0.6153846153846154,1.6037650240677728
gin,9080,COc1cccc(OC)c1-c1cc2c(N[C@H](CO)c3ccccc3)ncnc2s1,9.045757293701172,7.031354592213184,0.1630970361179142,0.625,2.014402701487988
gin,9113,COc1ccccc1-c1cc2c(NC(C)c3ccccc3)ncnc2s1,7.721246242523193,7.644938789162055,0.2600386626856752,0.7592592592592593,0.07630745336113876
gin,9114,COc1ccccc1-c1cc2c(NC(CO)c3ccccc3)ncnc2s1,8.09691047668457,7.382201345095538,0.16081275032114475,0.6428571428571429,0.7147091315890322
gin,9115,COc1ccccc1-c1cc2c(NCc3ccccc3)ncnc2s1,7.7695512771606445,6.877361407452565,0.21167461674879254,0.86,0.8921898697080799
gin,9120,COc1ccccc1-c1cc2c(N[C@@H](C)c3ccccc3)ncnc2s1,5.730486869812012,7.725673179462191,0.3992541569901665,0.7592592592592593,1.9951863096501796
gin,9121,COc1ccccc1-c1cc2c(N[C@@H](CO)c3ccccc3)ncnc2s1,6.201349258422852,7.711195035101923,0.3121187330214826,0.6428571428571429,1.5098457766790716
gin,9122,COc1ccccc1-c1cc2c(N[C@H](C)c3ccc(F)cc3)ncnc2s1,7.568636417388916,7.4565738630280265,0.25078495529381595,0.7192982456140351,0.11206255436088952
gin,9124,COc1ccccc1-c1cc2c(N[C@H](C)c3ccccc3)ncnc2s1,8.045757293701172,7.66126718433263,0.37457084348274794,0.7592592592592593,0.3844901093685422
gin,9128,COc1ccccc1-c1cc2c(N[C@H](CO)c3ccccc3)ncnc2s1,9.0,7.617969383487093,0.18905763316088003,0.6428571428571429,1.3820306165129068
gin,9508,C[C@@H](Nc1ncnc2sc(-c3ccc(C(=O)NCCN(C)C)cc3)cc12)c1ccccc1,8.698969841003418,6.773123346996073,0.07495112794247967,0.5,1.9258464940073452
gin,9509,C[C@@H](Nc1ncnc2sc(-c3ccc(C(=O)O)cc3)cc12)c1ccccc1,7.721246242523193,6.44492248421781,0.11991325469345657,0.6037735849056604,1.2763237583053835
gin,9510,C[C@@H](Nc1ncnc2sc(-c3ccc(C(N)=O)cc3)cc12)c1ccccc1,8.154901504516602,6.9529350944878665,0.2634742383521506,0.5818181818181818,1.201966410028735
gin,9511,C[C@@H](Nc1ncnc2sc(-c3ccc(C=O)cc3F)cc12)c1ccccc1,7.229147911071777,7.122563082210327,0.3650604950964093,0.5517241379310345,0.10658482886145038
gin,9512,C[C@@H](Nc1ncnc2sc(-c3ccc(CO)cc3F)cc12)c1ccccc1,7.886056423187256,7.259785892525414,0.1406180243599547,0.5517241379310345,0.6262705306618415
gin,9513,C[C@@H](Nc1ncnc2sc(-c3ccc(F)c(C=O)c3)cc12)c1ccccc1,8.09691047668457,7.311334414941033,0.42779870776437495,0.5517241379310345,0.7855760617435372
gin,9514,C[C@@H](Nc1ncnc2sc(-c3ccc(S(C)(=O)=O)cc3)cc12)c1ccccc1,7.387216091156006,6.965127060190568,0.164570239896637,0.5925925925925926,0.42208903096543793
gin,9515,C[C@@H](Nc1ncnc2sc(-c3cccc(C(=O)NCCN(C)C)c3)cc12)c1ccccc1,9.045757293701172,7.076332253669335,0.09050396376009323,0.48484848484848486,1.9694250400318367
gin,9516,C[C@@H](Nc1ncnc2sc(-c3cccc(C(=O)O)c3)cc12)c1ccccc1,8.09691047668457,6.634125916213937,0.2828578003329153,0.5818181818181818,1.4627845604706335
gin,9517,C[C@@H](Nc1ncnc2sc(-c3cccc(C(N)=O)c3)cc12)c1ccccc1,8.301030158996582,7.2059972594637856,0.4096022128777597,0.5614035087719298,1.0950328995327965
gin,9518,C[C@@H](Nc1ncnc2sc(-c3cccc(C=O)c3)cc12)c1ccccc1,8.221848487854004,7.2906620484806695,0.2937767609224754,0.5818181818181818,0.9311864393733345
gin,9519,C[C@@H](Nc1ncnc2sc(-c3cccc(S(C)(=O)=O)c3)cc12)c1ccccc1,7.585026741027832,6.891055830304427,0.25351719025291397,0.5714285714285714,0.6939709107234053
gin,9520,C[C@@H](Nc1ncnc2sc(-c3ccccc3C(N)=O)cc12)c1ccccc1,6.559091091156006,7.3245458711693345,0.24270534097246022,0.5818181818181818,0.7654547800133287
gin,13253,OC[C@@H](Nc1ncnc2sc(-c3ccccc3)cc12)c1ccccc1,8.045757293701172,7.061283106736855,0.3386685632261664,0.7291666666666666,0.9844741869643165
gin,13264,OCc1ccc(-c2cc3c(NCc4ccccc4)ncnc3s2)cc1,7.318758964538574,6.331340064708062,0.26385363213360136,0.7346938775510204,0.9874188998305122
gin,13273,OCc1cccc(-c2cc3c(N[C@H](CO)c4ccccc4)ncnc3s2)c1,8.522878646850586,6.997671402573609,0.10572800454296226,0.6461538461538462,1.5252072442769773
gin,2887,CC(=O)N1N=C(c2ccc(C)c(C)c2)CC1c1ccc(Br)cc1,4.685922145843506,4.983823916780921,0.059884186745761715,0.49295774647887325,0.29790177093741477
gin,2888,CC(=O)N1N=C(c2ccc(C)c(C)c2)CC1c1ccc(C)cc1,4.7572102546691895,4.946484878912827,0.05650476941610517,0.47368421052631576,0.1892746242436374
gin,2889,CC(=O)N1N=C(c2ccc(C)c(C)c2)CC1c1ccc(Cl)cc1,4.704873085021973,4.981899462749766,0.031209858849733253,0.5081967213114754,0.27702637772779326
gin,2890,CC(=O)N1N=C(c2ccc(C)c(C)c2)CC1c1ccc(F)cc1,4.807990550994873,5.087432446571114,0.08869014946133884,0.4861111111111111,0.279441895576241
gin,2891,CC(=O)N1N=C(c2ccc(C)c(C)c2)CC1c1ccccc1,4.6981024742126465,4.915829503617175,0.24020189719791094,0.453125,0.2177270294045286
gin,2892,CC(=O)N1N=C(c2ccc(C)c(C)c2)CC1c1ccccc1Cl,4.667965888977051,5.02900223271979,0.06968996074192434,0.4444444444444444,0.3610363437427395
gin,2895,CC(=O)N1N=C(c2ccc(Cl)c(Cl)c2)CC1c1ccc(Br)cc1,4.73400354385376,5.36750903855804,0.39756799110166435,0.4657534246575342,0.6335054947042806
gin,2896,CC(=O)N1N=C(c2ccc(Cl)c(Cl)c2)CC1c1ccc(C)cc1,4.713993072509766,5.506277306345808,0.36415144109043845,0.4583333333333333,0.7922842338360425
gin,2897,CC(=O)N1N=C(c2ccc(Cl)c(Cl)c2)CC1c1ccc(Cl)cc1,4.7920966148376465,5.408568868548116,0.3979492723480129,0.5166666666666667,0.6164722537104694
gin,2898,CC(=O)N1N=C(c2ccc(Cl)c(Cl)c2)CC1c1ccc(F)cc1,4.736363887786865,5.545987060673383,0.4240876800129591,0.4594594594594595,0.8096231728865178
gin,2899,CC(=O)N1N=C(c2ccc(Cl)c(Cl)c2)CC1c1ccccc1,4.542269229888916,5.476440266975047,0.4976469917169681,0.509090909090909,0.9341710370861307
gin,2900,CC(=O)N1N=C(c2ccc(Cl)c(Cl)c2)CC1c1ccccc1Cl,4.6170830726623535,5.471192443156099,0.31825341615800656,0.5614035087719298,0.8541093704937452
gin,7179,COc1cc(OC)cc(C2CC(c3ccc(C)c(C)c3)=NN2C(C)=O)c1,4.761703014373779,4.85438595026551,0.08230388695969858,0.453125,0.09268293589173027
gin,7180,COc1cc(OC)cc(C2CC(c3ccc(Cl)c(Cl)c3)=NN2C(C)=O)c1,4.593971252441406,5.27152250700496,0.2860157291913424,0.49206349206349204,0.6775512545635536
gin,8733,COc1ccc(C2CC(c3ccc(Br)c(Br)c3)=NN2C(N)=S)cc1,5.0920515060424805,6.182012973663262,0.12260785733785884,0.6727272727272727,1.0899614676207818
gin,8737,COc1ccc(C2CC(c3ccc(C)c(C)c3)=NN2C(C)=O)cc1,4.817015171051025,4.955742434451054,0.08329620729550746,0.5409836065573771,0.13872726340002828
gin,8738,COc1ccc(C2CC(c3ccc(C)c(C)c3)=NN2C(N)=S)cc1,7.15490198135376,5.5877215069666875,0.18173808257123142,0.6851851851851852,1.5671804743870723
gin,8742,COc1ccc(C2CC(c3ccc(Cl)c(Cl)c3)=NN2C(C)=O)cc1,4.764724254608154,5.442162794270757,0.3489365693735146,0.5833333333333334,0.677438539662603
gin,8743,COc1ccc(C2CC(c3ccc(Cl)c(Cl)c3)=NN2C(N)=S)cc1,5.241087913513184,5.94363086139758,0.06647398510549313,0.6727272727272727,0.7025429478843961
gin,9959,Cc1ccc(C2=NN(C(N)=S)C(c3ccc(Br)cc3)C2)cc1C,5.663540363311768,5.783640072352938,0.11342461504655457,0.6415094339622641,0.1200997090411704
gin,9960,Cc1ccc(C2=NN(C(N)=S)C(c3ccc(Cl)cc3)C2)cc1C,5.866461277008057,5.695569322634242,0.11317461714770166,0.6415094339622641,0.17089195437381477
gin,9961,Cc1ccc(C2=NN(C(N)=S)C(c3ccc(F)cc3)C2)cc1C,6.0809221267700195,5.864513866970924,0.045032512962242525,0.6415094339622641,0.2164082597990955
gin,9962,Cc1ccc(C2=NN(C(N)=S)C(c3ccc(O)cc3)C2)cc1C,6.886056423187256,5.8740357420121825,0.09476749580151876,0.5636363636363636,1.0120206811750734
gin,9963,Cc1ccc(C2=NN(C(N)=S)C(c3ccc([N+](=O)[O-])cc3)C2)cc1C,5.514278411865234,5.526853146461548,0.13275485415728255,0.5081967213114754,0.01257473459631342
gin,9966,Cc1ccc(C2=NN(C(N)=S)C(c3ccccc3Br)C2)cc1C,5.375718116760254,5.767567851906676,0.15763254600967358,0.5614035087719298,0.3918497351464225
gin,9967,Cc1ccc(C2=NN(C(N)=S)C(c3ccccc3Cl)C2)cc1C,5.412289142608643,5.756243437311497,0.15943846785379667,0.6140350877192983,0.3439542947028542
gin,9968,Cc1ccc(C2=NN(C(N)=S)C(c3ccccc3F)C2)cc1C,5.28483247756958,5.762939874326349,0.15463265967695244,0.5614035087719298,0.4781073967567693
gin,9993,Cc1ccc(C2CC(c3ccc(Br)c(Br)c3)=NN2C(N)=S)cc1,5.0074462890625,6.377919854149869,0.12825589335046017,0.6415094339622641,1.3704735650873694
gin,9997,Cc1ccc(C2CC(c3ccc(C)c(C)c3)=NN2C(N)=S)cc1,6.4685211181640625,5.742575555542828,0.12073175185466525,0.6666666666666666,0.7259455626212343
gin,10000,Cc1ccc(C2CC(c3ccc(Cl)c(Cl)c3)=NN2C(N)=S)cc1,5.131943702697754,5.999920413065496,0.023812958556318417,0.6415094339622641,0.867976710367742
gin,11687,NC(=S)N1N=C(c2ccc(Br)c(Br)c2)CC1c1ccc(Br)cc1,4.997402191162109,6.147002270827144,0.16851380425399054,0.6666666666666666,1.149600079665035
gin,11688,NC(=S)N1N=C(c2ccc(Br)c(Br)c2)CC1c1ccc(Cl)cc1,5.088842391967773,6.17778768394512,0.16396940801521462,0.6415094339622641,1.0889452919773461
gin,11689,NC(=S)N1N=C(c2ccc(Br)c(Br)c2)CC1c1ccc(F)cc1,5.04963493347168,6.37046900700625,0.1960662614317879,0.6415094339622641,1.32083407353457
gin,11690,NC(=S)N1N=C(c2ccc(Br)c(Br)c2)CC1c1ccc(O)cc1,4.948076248168945,6.459420247492429,0.09454317321101761,0.5636363636363636,1.5113439993234836
gin,11691,NC(=S)N1N=C(c2ccc(Br)c(Br)c2)CC1c1ccc([N+](=O)[O-])cc1,4.973058223724365,6.062268994223601,0.20258226156446138,0.5081967213114754,1.0892107704992355
gin,11692,NC(=S)N1N=C(c2ccc(Br)c(Br)c2)CC1c1ccccc1Br,4.959793567657471,6.3162151999116745,0.12047911144328625,0.5925925925925926,1.3564216322542038
gin,11693,NC(=S)N1N=C(c2ccc(Br)c(Br)c2)CC1c1ccccc1Cl,4.9115095138549805,6.246758806112567,0.0551955683061132,0.6140350877192983,1.3352492922575863
gin,11694,NC(=S)N1N=C(c2ccc(Br)c(Br)c2)CC1c1ccccc1F,4.873868465423584,6.347608652911401,0.155579417054552,0.5614035087719298,1.4737401874878167
gin,11697,NC(=S)N1N=C(c2ccc(Cl)c(Cl)c2)CC1c1ccc(Br)cc1,5.164309501647949,5.850168168143881,0.08251620344112509,0.6415094339622641,0.6858586664959319
gin,11698,NC(=S)N1N=C(c2ccc(Cl)c(Cl)c2)CC1c1ccc(Cl)cc1,5.135488986968994,5.868142051529972,0.043915908602396754,0.6666666666666666,0.7326530645609779
gin,11699,NC(=S)N1N=C(c2ccc(Cl)c(Cl)c2)CC1c1ccc(F)cc1,5.202732563018799,5.964663980826543,0.07869558006967128,0.6415094339622641,0.7619314178077445
gin,11700,NC(=S)N1N=C(c2ccc(Cl)c(Cl)c2)CC1c1ccc(O)cc1,5.278189182281494,6.082908978044017,0.06193183881853223,0.6181818181818182,0.804719795762523
gin,11701,NC(=S)N1N=C(c2ccc(Cl)c(Cl)c2)CC1c1ccc([N+](=O)[O-])cc1,5.109020233154297,5.871082402381731,0.13118836154739916,0.5573770491803278,0.7620621692274341
gin,11704,NC(=S)N1N=C(c2ccc(Cl)c(Cl)c2)CC1c1ccccc1Br,5.191789150238037,5.9717459945237295,0.031234045725594024,0.7358490566037735,0.7799568442856923
gin,11705,NC(=S)N1N=C(c2ccc(Cl)c(Cl)c2)CC1c1ccccc1Cl,5.137868404388428,5.841645728896765,0.11125277139861293,0.78,0.7037773245083372
gin,11706,NC(=S)N1N=C(c2ccc(Cl)c(Cl)c2)CC1c1ccccc1F,5.183095932006836,5.907377208172733,0.07488789964481078,0.7358490566037735,0.7242812761658968
gin,4346,CCN1CCN(C2CCN(c3ccc(Nc4nccc(-c5c(-c6cccc(C(=O)Nc7c(F)cccc7F)c6)nc6ccccn56)n4)c(OC)c3)CC2)CC1,7.0,6.9488575217630455,0.11880456329721184,0.8817204301075269,0.0511424782369545
gin,4632,CCOc1cc(N2CCC(N3CCN(CC(F)F)CC3)CC2)ccc1Nc1nccc(-c2c(-c3cccc(C(=O)Nc4c(F)cccc4F)c3)nc3ccccn23)n1,7.0,6.975750180759945,0.12579815102143427,0.8431372549019608,0.02424981924005465
gin,4633,CCOc1cc(N2CCC(N3CCN(CCC(F)(F)F)CC3)CC2)ccc1Nc1nccc(-c2c(-c3cccc(C(=O)Nc4c(F)cccc4F)c3)nc3ccccn23)n1,7.0,6.877970026042277,0.06335081382579101,0.8543689320388349,0.12202997395772286
gin,4634,CCOc1cc(N2CCC(N3CCN(CCF)CC3)CC2)ccc1Nc1nccc(-c2c(-c3cccc(C(=O)Nc4c(F)cccc4F)c3)nc3ccccn23)n1,7.0,6.8895595388956465,0.08153814821652343,0.9583333333333334,0.11044046110435346
gin,4635,CCOc1cc(N2CCC(N3CCN(CCS(C)(=O)=O)CC3)CC2)ccc1Nc1nccc(-c2c(-c3cccc(C(=O)Nc4c(F)cccc4F)c3)nc3ccccn23)n1,7.0,6.922645751977896,0.08197490721572018,0.96,0.07735424802210389
gin,4636,CCOc1cc(N2CCC(N3CCN(S(C)(=O)=O)CC3)CC2)c(CC)cc1Nc1nccc(-c2c(-c3ccc(OC)c(C(=O)Nc4c(F)cccc4F)c3)nc3ccccn23)n1,6.0,6.497931664635317,0.2257413189578806,0.8240740740740741,0.4979316646353169
gin,4637,CCOc1cc(N2CCC(N3CCN(S(C)(=O)=O)CC3)CC2)c(CC)cc1Nc1nccc(-c2c(-c3ccc(OCC)c(C(=O)Nc4c(F)cccc4F)c3)nc3ccccn23)n1,6.0,6.520461830115387,0.24041689507539007,0.819047619047619,0.5204618301153872
gin,4638,CCOc1cc(N2CCC(N3CCN(S(C)(=O)=O)CC3)CC2)ccc1Nc1nccc(-c2c(-c3ccc(OC)c(C(=O)Nc4c(F)cccc4F)c3)nc3ccccn23)n1,6.0,6.665647193120807,0.09726589715384797,0.794392523364486,0.6656471931208072
gin,4639,CCOc1cc(N2CCC(N3CCN(S(C)(=O)=O)CC3)CC2)ccc1Nc1nccc(-c2c(-c3ccc(OCC)c(C(=O)Nc4c(F)cccc4F)c3)nc3ccccn23)n1,6.0,6.6728583310319145,0.11000241927337252,0.7830188679245284,0.6728583310319145
gin,4640,CCOc1cc(N2CCC(N3CCN(S(C)(=O)=O)CC3)CC2)ccc1Nc1nccc(-c2c(-c3cccc(C(=O)Nc4c(F)cccc4F)c3)nc3ccccn23)n1,6.0,6.881858736352164,0.09896630625918303,0.8461538461538461,0.8818587363521644
gin,4894,CCOc1ccc(-c2nc3ccccn3c2-c2ccnc(Nc3cc(CC)c(N4CCC(N5CCN(S(C)(=O)=O)CC5)CC4)cc3OC)n2)cc1C(=O)Nc1c(F)cccc1F,6.0,6.4629633075039905,0.2416305032530928,0.822429906542056,0.4629633075039905
gin,4902,CCOc1ccc(-c2nc3ccccn3c2-c2ccnc(Nc3ccc(N4CCC(N5CCN(CCF)CC5)CC4)cc3OC)n2)cc1C(=O)Nc1c(F)cccc1F,6.0,6.695677927296596,0.06371316376770209,0.8415841584158416,0.6956779272965958
gin,4903,CCOc1ccc(-c2nc3ccccn3c2-c2ccnc(Nc3ccc(N4CCC(N5CCN(CCS(C)(=O)=O)CC5)CC4)cc3OC)n2)cc1C(=O)Nc1c(F)cccc1F,6.0,6.70792972140016,0.0882820919996214,0.8476190476190476,0.7079297214001601
gin,4904,CCOc1ccc(-c2nc3ccccn3c2-c2ccnc(Nc3ccc(N4CCC(N5CCN(S(C)(=O)=O)CC5)CC4)cc3OC)n2)cc1C(=O)Nc1c(F)cccc1F,6.0,6.657784889081864,0.10344365864689595,0.819047619047619,0.6577848890818636
gin,5113,CCc1cc(Nc2nccc(-c3c(-c4ccc(OC)c(C(=O)Nc5c(F)cccc5F)c4)nc4ccccn34)n2)c(OC)cc1N1CCC(N2CCN(S(C)(=O)=O)CC2)CC1,5.0,6.443744709027115,0.24098204338024784,0.8173076923076923,1.443744709027115
gin,5115,CCc1cc(Nc2nccc(-c3c(-c4cccc(C(=O)Nc5c(F)cccc5F)c4)nc4ccccn34)n2)c(OC)cc1N1CCC(N2CCN(S(C)(=O)=O)CC2)CC1,7.328788757324219,6.783899028558746,0.10437083484518775,0.7181818181818181,0.5448897287654724
gin,6864,COc1cc(N2CCC(N3CCN(C(C)=O)CC3)CC2)ccc1Nc1nccc(-c2c(-c3cccc(C(=O)Nc4c(F)cccc4F)c3)nc3ccccn23)n1,7.0,6.864156041946945,0.10904496991104586,0.8913043478260869,0.13584395805305505
gin,6891,COc1cc(N2CCC(N3CCN(C)CC3)CC2)ccc1Nc1nccc(-c2c(-c3cccc(C(=O)Nc4c(F)cccc4F)c3)nc3ccccn23)n1,7.0,6.934222283197116,0.10828035089236439,0.9560439560439561,0.06577771680288436
gin,6896,COc1cc(N2CCC(N3CCN(CCF)CC3)CC2)c(C)cc1Nc1nccc(-c2c(-c3cccc(C(=O)Nc4c(F)cccc4F)c3)nc3ccccn23)n1,7.0,6.794726207985455,0.08885654415259892,0.8058252427184466,0.20527379201454465
gin,6897,COc1cc(N2CCC(N3CCN(CCF)CC3)CC2)c(Cl)cc1Nc1nccc(-c2c(-c3cccc(C(=O)Nc4c(F)cccc4F)c3)nc3ccccn23)n1,7.0,6.838987796929157,0.09701203983974378,0.7980769230769231,0.16101220307084319
gin,6898,COc1cc(N2CCC(N3CCN(CCF)CC3)CC2)c(OC)cc1Nc1nccc(-c2c(-c3cccc(C(=O)Nc4c(F)cccc4F)c3)nc3ccccn23)n1,7.0,6.890492584026422,0.12732140455969632,0.8217821782178217,0.10950741597357805
gin,6899,COc1cc(N2CCC(N3CCN(CCF)CC3)CC2)ccc1Nc1nccc(-c2c(-c3ccc(OC)c(C(=O)Nc4c(F)cccc4F)c3)nc3cc(F)ccn23)n1,6.0,6.717558232314015,0.09405524352487,0.7941176470588235,0.7175582323140146
gin,6900,COc1cc(N2CCC(N3CCN(CCF)CC3)CC2)ccc1Nc1nccc(-c2c(-c3ccc(OC)c(C(=O)Nc4c(F)cccc4F)c3)nc3ccccn23)n1,6.0,6.675017922681299,0.07786359308529354,0.8958333333333334,0.6750179226812989
gin,6901,COc1cc(N2CCC(N3CCN(CCF)CC3)CC2)ccc1Nc1nccc(-c2c(-c3cccc(C(=O)Nc4c(F)cccc4F)c3)nc3c(C)cccn23)n1,7.0,7.124560932129,0.08454551462042076,0.8058252427184466,0.12456093212900043
gin,6902,COc1cc(N2CCC(N3CCN(CCF)CC3)CC2)ccc1Nc1nccc(-c2c(-c3cccc(C(=O)Nc4c(F)cccc4F)c3)nc3c(F)cccn23)n1,7.0,7.0679749819611715,0.1655542802306646,0.8383838383838383,0.06797498196117147
gin,6903,COc1cc(N2CCC(N3CCN(CCF)CC3)CC2)ccc1Nc1nccc(-c2c(-c3cccc(C(=O)Nc4c(F)cccc4F)c3)nc3cc(C(F)(F)F)ccn23)n1,7.0,6.844936111012849,0.08022273851864142,0.8173076923076923,0.15506388898715073
gin,6904,COc1cc(N2CCC(N3CCN(CCF)CC3)CC2)ccc1Nc1nccc(-c2c(-c3cccc(C(=O)Nc4c(F)cccc4F)c3)nc3cc(F)ccn23)n1,7.0,6.922394485554442,0.12029288431187445,0.85,0.0776055144455583
gin,6905,COc1cc(N2CCC(N3CCN(CCF)CC3)CC2)ccc1Nc1nccc(-c2c(-c3cccc(C(=O)Nc4c(F)cccc4F)c3)nc3ccccn23)n1,7.0,6.867020653501168,0.08400187962806611,0.9574468085106383,0.13297934649883203
gin,6907,COc1cc(N2CCC(N3CCN(CCS(C)(=O)=O)CC3)CC2)c(C)cc1Nc1nccc(-c2c(-c3cccc(C(=O)Nc4c(F)cccc4F)c3)nc3ccccn23)n1,7.0,6.80642450007424,0.1111051687778908,0.8269230769230769,0.1935754999257604
gin,6908,COc1cc(N2CCC(N3CCN(CCS(C)(=O)=O)CC3)CC2)c(Cl)cc1Nc1nccc(-c2c(-c3cccc(C(=O)Nc4c(F)cccc4F)c3)nc3ccccn23)n1,7.0,6.851683277853393,0.11414091546526521,0.8055555555555556,0.14831672214660685
gin,6909,COc1cc(N2CCC(N3CCN(CCS(C)(=O)=O)CC3)CC2)ccc1Nc1nccc(-c2c(-c3ccc(OC)c(C(=O)Nc4c(F)cccc4F)c3)nc3ccccn23)n1,6.0,6.68390525515953,0.10307544541230734,0.9,0.6839052551595302
gin,6910,COc1cc(N2CCC(N3CCN(CCS(C)(=O)=O)CC3)CC2)ccc1Nc1nccc(-c2c(-c3cccc(C(=O)Nc4c(F)cccc4F)c3)nc3c(C)cccn23)n1,7.0,7.167297443408174,0.08650051936746127,0.8130841121495327,0.16729744340817376
gin,6911,COc1cc(N2CCC(N3CCN(CCS(C)(=O)=O)CC3)CC2)ccc1Nc1nccc(-c2c(-c3cccc(C(=O)Nc4c(F)cccc4F)c3)nc3c(F)cccn23)n1,7.0,7.117195451554252,0.1685094746699137,0.8446601941747572,0.11719545155425237
gin,6912,COc1cc(N2CCC(N3CCN(CCS(C)(=O)=O)CC3)CC2)ccc1Nc1nccc(-c2c(-c3cccc(C(=O)Nc4c(F)cccc4F)c3)nc3ccccn23)n1,7.0,6.892405746107784,0.08797130321410887,0.9591836734693877,0.10759425389221633
gin,6913,COc1cc(N2CCC(N3CCN(S(C)(=O)=O)CC3)CC2)c(C)cc1Nc1nccc(-c2c(-c3ccc(OC)c(C(=O)Nc4c(F)cccc4F)c3)nc3ccccn23)n1,6.0,6.392162053558579,0.28106327680152754,0.8058252427184466,0.3921620535585788
gin,6914,COc1cc(N2CCC(N3CCN(S(C)(=O)=O)CC3)CC2)c(C)cc1Nc1nccc(-c2c(-c3cccc(C(=O)Nc4c(F)cccc4F)c3)nc3ccccn23)n1,7.0,6.740154466953027,0.1318533447633442,0.7961165048543689,0.2598455330469731
gin,6915,COc1cc(N2CCC(N3CCN(S(C)(=O)=O)CC3)CC2)ccc1Nc1nccc(-c2c(-c3ccc(OC(C)C)c(C(=O)Nc4c(F)cccc4F)c3)nc3ccccn23)n1,6.0,6.5301293145098604,0.16425714567465996,0.77,0.5301293145098604
gin,6916,COc1cc(N2CCC(N3CCN(S(C)(=O)=O)CC3)CC2)ccc1Nc1nccc(-c2c(-c3ccc(OC)c(C(=O)Nc4c(F)cccc4F)c3)nc3cc(F)ccn23)n1,6.0,6.691096630372364,0.12231590168101807,0.803921568627451,0.691096630372364
gin,6917,COc1cc(N2CCC(N3CCN(S(C)(=O)=O)CC3)CC2)ccc1Nc1nccc(-c2c(-c3ccc(OC)c(C(=O)Nc4c(F)cccc4F)c3)nc3ccccn23)n1,6.0,6.64507498511198,0.10131052902658468,0.8210526315789474,0.6450749851119797
gin,6918,COc1cc(N2CCC(N3CCN(S(C)(=O)=O)CC3)CC2)ccc1Nc1nccc(-c2c(-c3cccc(C(=O)Nc4c(F)cccc4F)c3)nc3c(C)cccn23)n1,7.0,7.074237430872117,0.1316235613403135,0.7281553398058253,0.07423743087211676
gin,6919,COc1cc(N2CCC(N3CCN(S(C)(=O)=O)CC3)CC2)ccc1Nc1nccc(-c2c(-c3cccc(C(=O)Nc4c(F)cccc4F)c3)nc3c(F)cccn23)n1,7.0,7.033874451002262,0.1814170899604477,0.7575757575757576,0.03387445100226216
gin,6920,COc1cc(N2CCC(N3CCN(S(C)(=O)=O)CC3)CC2)ccc1Nc1nccc(-c2c(-c3cccc(C(=O)Nc4c(F)cccc4F)c3)nc3cc(F)ccn23)n1,7.0,6.911686387793772,0.13002782659158715,0.77,0.08831361220622824
gin,6921,COc1cc(N2CCC(N3CCN(S(C)(=O)=O)CC3)CC2)ccc1Nc1nccc(-c2c(-c3cccc(C(=O)Nc4c(F)cccc4F)c3)nc3ccccn23)n1,7.122062683105469,6.864736361002883,0.0992364619869971,0.8723404255319149,0.25732632210258544
gin,9222,COc1ccn2c(-c3ccnc(Nc4ccc(N5CCC(N6CCN(CCF)CC6)CC5)cc4OC)n3)c(-c3cccc(C(=O)Nc4c(F)cccc4F)c3)nc2c1,7.0,6.848200709792103,0.08486072536682178,0.8415841584158416,0.15179929020789729
gin,9298,CS(=O)(=O)CCN1CCN(C2CCN(c3ccc(Nc4nccc(-c5c(-c6cccc(C(=O)Nc7c(F)cccc7F)c6)nc6ccccn56)n4)c(OCC(F)(F)F)c3)CC2)CC1,7.0,6.945715916286979,0.09611732919644192,0.8679245283018868,0.0542840837130214
gin,3389,CC(C)COc1cc(N2CCC(N3CCCCC3)CC2)ccc1Nc1nccc(-c2c(-c3cccc(C(=O)Nc4c(F)cccc4F)c3)nc3ccccn23)n1,7.0,6.9010842686077645,0.12175152007592173,0.8736842105263158,0.09891573139223553
gin,3392,CC(C)Cc1cc(N2CCC(N3CCCCC3)CC2)ccc1Nc1nccc(-c2c(-c3cccc(C(=O)Nc4c(F)cccc4F)c3)nc3ccccn23)n1,7.0,6.770246244995012,0.11028633069784181,0.8144329896907216,0.22975375500498796
gin,3471,CC(C)Oc1cc(N2CCC(N3CCCCC3)CC2)ccc1Nc1nccc(-c2c(-c3cccc(C(=O)Nc4c(F)cccc4F)c3)nc3ccccn23)n1,7.0,6.851029187821442,0.09603833676455484,0.9021739130434783,0.14897081217855757
gin,4162,CCCOc1cc(N2CCC(N3CCCCC3)CC2)ccc1Nc1nccc(-c2c(-c3cccc(C(=O)Nc4c(F)cccc4F)c3)nc3ccccn23)n1,7.0,6.907201908354281,0.11587739674611539,0.8829787234042553,0.09279809164571873
gin,4176,CCCc1cc(N2CCC(N3CCCCC3)CC2)ccc1Nc1nccc(-c2c(-c3cccc(C(=O)Nc4c(F)cccc4F)c3)nc3ccccn23)n1,7.0,6.744241300791369,0.0634220597182382,0.8229166666666666,0.2557586992086307
gin,4630,CCOc1cc(N2CCC(N3CCCCC3)CC2)ccc1Nc1nccc(-c2c(-c3cccc(C(=O)Nc4c(F)cccc4F)c3)nc3ccccn23)n1,7.0,6.92418805870723,0.12505351447995255,0.9021739130434783,0.0758119412927698
gin,4900,CCOc1ccc(-c2nc3ccccn3c2-c2ccnc(Nc3ccc(N4CCC(N5CCC(CCS(C)(=O)=O)CC5)CC4)cc3OC)n2)cc1C(=O)Nc1c(F)cccc1F,6.0,6.540448088275532,0.0841946156188048,0.95,0.5404480882755323
gin,4901,CCOc1ccc(-c2nc3ccccn3c2-c2ccnc(Nc3ccc(N4CCC(N5CCCCC5)CC4)c(C)c3OC)n2)cc1C(=O)Nc1c(F)cccc1F,6.0,6.322427294085422,0.1588769450694991,0.7403846153846154,0.32242729408542203
gin,5095,CCc1cc(N2CCC(N3CCCCC3)CC2)ccc1Nc1nccc(-c2c(-c3cccc(C(=O)Nc4c(F)cccc4F)c3)nc3ccccn23)n1,7.0,6.863915045803672,0.12723037178714133,0.8494623655913979,0.1360849541963276
gin,6511,COc1c(Nc2nccc(-c3c(-c4cccc(C(=O)Nc5c(F)cccc5F)c4)nc4ccccn34)n2)ccc(N2CCC(N3CCCCC3)CC2)c1C,7.0,6.61154323120022,0.05430225359601969,0.8041237113402062,0.38845676879978
gin,6826,COc1cc(N2CCC(N3CCC(C(F)(F)F)CC3)CC2)ccc1Nc1nccc(-c2c(-c3cccc(C(=O)Nc4c(F)cccc4F)c3)nc3ccccn23)n1,7.0,6.823294376566444,0.06672206227669711,0.8817204301075269,0.17670562343355556
gin,6827,COc1cc(N2CCC(N3CCC(C)CC3)CC2)ccc1Nc1nccc(-c2c(-c3cccc(C(=O)Nc4c(F)cccc4F)c3)nc3ccccn23)n1,7.0,6.923438803366047,0.1528508174854746,0.9111111111111111,0.07656119663395344
gin,6828,COc1cc(N2CCC(N3CCC(CCS(C)(=O)=O)CC3)CC2)ccc1Nc1nccc(-c2c(-c3ccc(OC)c(C(=O)Nc4c(F)cccc4F)c3)nc3ccccn23)n1,6.0,6.5250196929394475,0.08485876513841019,0.9479166666666666,0.5250196929394475
gin,6829,COc1cc(N2CCC(N3CCC(CCS(C)(=O)=O)CC3)CC2)ccc1Nc1nccc(-c2c(-c3cccc(C(=O)Nc4c(F)cccc4F)c3)nc3ccccn23)n1,7.0,6.845396976886526,0.10736389893718712,0.9375,0.15460302311347363
gin,6830,COc1cc(N2CCC(N3CCC(F)CC3)CC2)ccc1Nc1nccc(-c2c(-c3cccc(C(=O)Nc4c(F)cccc4F)c3)nc3ccccn23)n1,7.0,6.900883817744514,0.12115357196946551,0.9438202247191011,0.0991161822554858
gin,6831,COc1cc(N2CCC(N3CCC(O)CC3)CC2)ccc1Nc1nccc(-c2c(-c3ccc(OC)c(C(=O)Nc4c(F)cccc4F)c3)nc3ccccn23)n1,6.0,6.70984855803459,0.050003633358141064,0.9425287356321839,0.7098485580345901
gin,6832,COc1cc(N2CCC(N3CCC(O)CC3)CC2)ccc1Nc1nccc(-c2c(-c3cccc(C(=O)Nc4c(F)cccc4F)c3)nc3ccccn23)n1,7.0,6.918323660850234,0.13915579878832665,0.9302325581395349,0.08167633914976591
gin,6833,COc1cc(N2CCC(N3CCCC(F)(F)C3)CC2)ccc1Nc1nccc(-c2c(-c3cccc(C(=O)Nc4c(F)cccc4F)c3)nc3ccccn23)n1,7.0,6.775503147741642,0.06864166703297514,0.8736842105263158,0.22449685225835836
gin,6836,COc1cc(N2CCC(N3CCCCC3)CC2)c(C)cc1Nc1nccc(-c2c(-c3ccc(OC)c(C(=O)Nc4c(F)cccc4F)c3)nc3ccccn23)n1,6.0,6.451454567278514,0.22257225427531013,0.851063829787234,0.45145456727851396
gin,6837,COc1cc(N2CCC(N3CCCCC3)CC2)c(C)cc1Nc1nccc(-c2c(-c3cccc(C(=O)Nc4c(F)cccc4F)c3)nc3ccccn23)n1,7.0,6.79709520975468,0.12348341194632326,0.8421052631578947,0.20290479024532004
gin,6838,COc1cc(N2CCC(N3CCCCC3)CC2)c(Cl)cc1Nc1nccc(-c2c(-c3ccc(OC)c(C(=O)Nc4c(F)cccc4F)c3)nc3ccccn23)n1,6.0,6.59947063651754,0.19289224717193382,0.8421052631578947,0.5994706365175402
gin,6839,COc1cc(N2CCC(N3CCCCC3)CC2)c(Cl)cc1Nc1nccc(-c2c(-c3cccc(C(=O)Nc4c(F)cccc4F)c3)nc3ccccn23)n1,7.0,6.875856873920672,0.1456970938083308,0.8333333333333334,0.12414312607932843
gin,6840,COc1cc(N2CCC(N3CCCCC3)CC2)c(F)cc1Nc1nccc(-c2c(-c3ccc(OC)c(C(=O)Nc4c(F)cccc4F)c3)nc3ccccn23)n1,6.0,6.475161610416098,0.21244810044022755,0.8695652173913043,0.47516161041609806
gin,6841,COc1cc(N2CCC(N3CCCCC3)CC2)c(F)cc1Nc1nccc(-c2c(-c3cccc(C(=O)Nc4c(F)cccc4F)c3)nc3ccccn23)n1,7.0,6.781873475675617,0.12502793097115772,0.8602150537634409,0.21812652432438284
gin,6842,COc1cc(N2CCC(N3CCCCC3)CC2)c(OC)cc1Nc1nccc(-c2c(-c3cccc(C(=O)Nc4c(F)cccc4F)c3)nc3ccccn23)n1,7.0,6.9212189492848255,0.19561595871578358,0.8602150537634409,0.0787810507151745
gin,6843,COc1cc(N2CCC(N3CCCCC3)CC2)ccc1Nc1nccc(-c2c(-c3ccc(OC)c(C(=O)Nc4c(F)cccc4F)c3)nc3cc(C)ccn23)n1,6.0,6.687044842302274,0.0821580126018929,0.8125,0.6870448423022744
gin,6844,COc1cc(N2CCC(N3CCCCC3)CC2)ccc1Nc1nccc(-c2c(-c3ccc(OC)c(C(=O)Nc4c(F)cccc4F)c3)nc3cc(F)ccn23)n1,6.0,6.746671140128119,0.08484675830720703,0.8210526315789474,0.746671140128119
gin,6845,COc1cc(N2CCC(N3CCCCC3)CC2)ccc1Nc1nccc(-c2c(-c3ccc(OC)c(C(=O)Nc4c(F)cccc4F)c3)nc3ccccn23)n1,6.0,6.698088596039052,0.06144615328742192,0.9325842696629213,0.6980885960390522
gin,6846,COc1cc(N2CCC(N3CCCCC3)CC2)ccc1Nc1nccc(-c2c(-c3cccc(C(=O)Nc4c(F)cccc4F)c3)nc3c(C)cccn23)n1,7.0,7.178526264021556,0.10630920809611988,0.8315789473684211,0.17852626402155636
gin,6847,COc1cc(N2CCC(N3CCCCC3)CC2)ccc1Nc1nccc(-c2c(-c3cccc(C(=O)Nc4c(F)cccc4F)c3)nc3c(F)cccn23)n1,7.0,7.126017154262918,0.18619394201938383,0.8681318681318682,0.12601715426291804
gin,6848,COc1cc(N2CCC(N3CCCCC3)CC2)ccc1Nc1nccc(-c2c(-c3cccc(C(=O)Nc4c(F)cccc4F)c3)nc3cc(C(F)(F)F)ccn23)n1,7.0,6.883859722725099,0.12238363006288144,0.84375,0.1161402772749014
gin,6849,COc1cc(N2CCC(N3CCCCC3)CC2)ccc1Nc1nccc(-c2c(-c3cccc(C(=O)Nc4c(F)cccc4F)c3)nc3cc(C)ccn23)n1,7.0,6.959626076644341,0.17716830595151864,0.8709677419354839,0.04037392335565926
gin,6850,COc1cc(N2CCC(N3CCCCC3)CC2)ccc1Nc1nccc(-c2c(-c3cccc(C(=O)Nc4c(F)cccc4F)c3)nc3cc(F)ccn23)n1,7.0,6.961883766437751,0.16355961652600876,0.8804347826086957,0.038116233562249136
gin,6851,COc1cc(N2CCC(N3CCCCC3)CC2)ccc1Nc1nccc(-c2c(-c3cccc(C(=O)Nc4c(F)cccc4F)c3)nc3ccccn23)n1,7.0,6.900812186559051,0.12969332519035287,1.0,0.09918781344094896
gin,6852,COc1cc(N2CCC(N3CCCCC3)CC2)ccc1Nc1nccc(-c2c(-c3cccc(C(=O)Nc4ccc(Cl)cc4F)c3)nc3ccccn23)n1,6.0,7.073403162616927,0.13658219351358022,0.8617021276595744,1.073403162616927
gin,6853,COc1cc(N2CCC(N3CCCCC3)CC2)ccc1Nc1nccc(-c2c(-c3cccc(C(=O)Nc4ccc(F)cc4Cl)c3)nc3ccccn23)n1,6.0,7.161183858189659,0.11790581969756432,0.8333333333333334,1.1611838581896592
gin,6854,COc1cc(N2CCC(N3CCCCC3)CC2)ccc1Nc1nccc(-c2c(-c3cccc(C(=O)Nc4ccc(F)cc4F)c3)nc3ccccn23)n1,6.0,7.140870965824746,0.17531415017799856,0.8709677419354839,1.140870965824746
gin,6859,COc1cc(N2CCC(N3CCC[C@H](O)C3)CC2)ccc1Nc1nccc(-c2c(-c3ccc(OC)c(C(=O)Nc4c(F)cccc4F)c3)nc3ccccn23)n1,6.0,6.6657922121561795,0.06638731433296183,0.8602150537634409,0.6657922121561795
gin,6860,COc1cc(N2CCC(N3CCC[C@H](O)C3)CC2)ccc1Nc1nccc(-c2c(-c3cccc(C(=O)Nc4c(F)cccc4F)c3)nc3ccccn23)n1,7.0,6.854977615791782,0.07833733805069705,0.8924731182795699,0.1450223842082181
gin,8602,COc1ccc(-c2nc3ccccn3c2-c2ccnc(Nc3ccc(N4CCC(N5CCCCC5)CC4)c(C)c3OC)n2)cc1C(=O)Nc1c(F)cccc1F,6.0,6.3379022816638875,0.16077007227793777,0.8061224489795918,0.33790228166388747
gin,9220,COc1ccn2c(-c3ccnc(Nc4ccc(N5CCC(N6CCCCC6)CC5)cc4OC)n3)c(-c3ccc(OC)c(C(=O)Nc4c(F)cccc4F)c3)nc2c1,6.0,6.667045107748396,0.059518923525284255,0.8125,0.6670451077483959
gin,9221,COc1ccn2c(-c3ccnc(Nc4ccc(N5CCC(N6CCCCC6)CC5)cc4OC)n3)c(-c3cccc(C(=O)Nc4c(F)cccc4F)c3)nc2c1,7.0,6.857613551966679,0.10825241221743304,0.8709677419354839,0.1423864480333208
gin,9786,Cc1cc(N2CCC(N3CCCCC3)CC2)ccc1Nc1nccc(-c2c(-c3cccc(C(=O)Nc4c(F)cccc4F)c3)nc3ccccn23)n1,7.0,6.8486854098603445,0.10492829109309437,0.8681318681318682,0.15131459013965554
gin,12527,O=C(Nc1c(F)cccc1F)c1cccc(-c2nc3ccccn3c2-c2ccnc(Nc3ccc(N4CCC(N5CCCCC5)CC4)cc3)n2)c1,7.0,6.868652763560412,0.1062940085111635,0.8222222222222222,0.1313472364395878
gin,644,C=CC(=O)N1CCC(Oc2cc3c(Nc4ccc(Br)c(C)c4)ncnc3cc2OC)CC1,8.119186401367188,7.099667816307402,0.22964438146606622,0.7671232876712328,1.0195185850597852
gin,647,C=CC(=O)N1CCC(Oc2cc3c(Nc4ccc(Br)c(Cl)c4)ncnc3cc2OC)CC1,7.677780628204346,7.602525511285307,0.1835225441775418,0.9117647058823529,0.0752551169190383
gin,650,C=CC(=O)N1CCC(Oc2cc3c(Nc4ccc(C(F)(F)F)cc4)ncnc3cc2OC)CC1,6.027265548706055,6.954063750054189,0.13535947427014525,0.9090909090909091,0.9267982013481344
gin,656,C=CC(=O)N1CCC(Oc2cc3c(Nc4ccc(Cl)c(CO)c4)ncnc3cc2OC)CC1,6.115532875061035,6.650534671415063,0.1530850273052483,0.9142857142857143,0.5350017963540274
gin,658,C=CC(=O)N1CCC(Oc2cc3c(Nc4ccc(Cl)c(Cl)c4)ncnc3cc2OC)CC1,8.0,7.650311642478869,0.1307105975165548,0.9076923076923077,0.34968835752113137
gin,660,C=CC(=O)N1CCC(Oc2cc3c(Nc4ccc(Cl)c(Cl)c4F)ncnc3cc2OC)CC1,8.963507652282715,8.100540720931804,0.044127855838217864,0.9130434782608695,0.8629669313509112
gin,665,C=CC(=O)N1CCC(Oc2cc3c(Nc4ccc(Cl)c(Cl)c4F)ncnc3cc2O[C@@H](C)CC(C)C)CC1,7.410050392150879,8.561706551091106,0.18372035600451656,0.782051282051282,1.1516561589402272
gin,666,C=CC(=O)N1CCC(Oc2cc3c(Nc4ccc(Cl)c(Cl)c4F)ncnc3cc2O[C@@H](C)CC)CC1,8.917214393615723,8.804482857209734,0.028453212039263858,0.782051282051282,0.11273153640598821
gin,667,C=CC(=O)N1CCC(Oc2cc3c(Nc4ccc(Cl)c(Cl)c4F)ncnc3cc2O[C@@H](C)CCCCCC)CC1,6.643974304199219,8.47060340023205,0.1637845077344483,0.7560975609756098,1.826629096032832
gin,670,C=CC(=O)N1CCC(Oc2cc3c(Nc4ccc(Cl)c(Cl)c4F)ncnc3cc2O[C@H](C)CC)CC1,7.966576099395752,8.800920416732936,0.05279626994946205,0.782051282051282,0.8343443173371838
gin,671,C=CC(=O)N1CCC(Oc2cc3c(Nc4ccc(Cl)c(Cl)c4F)ncnc3cc2O[C@H](C)CCCCCC)CC1,6.565431118011475,8.43956013342222,0.1465461123114304,0.7560975609756098,1.8741290154107446
gin,675,C=CC(=O)N1CCC(Oc2cc3c(Nc4ccc(Cl)cc4Cl)ncnc3cc2OC)CC1,6.823908805847168,6.787159419202329,0.17323231836132258,0.9090909090909091,0.03674938664483918
gin,680,C=CC(=O)N1CCC(Oc2cc3c(Nc4ccc(F)c(Cl)c4F)ncnc3cc2OC)CC1,8.839926719665527,8.19603959457595,0.01886384735960765,0.9130434782608695,0.6438871250895772
gin,681,C=CC(=O)N1CCC(Oc2cc3c(Nc4ccc(F)c(Cl)c4F)ncnc3cc2OCCC)CC1,8.838890075683594,8.447069162149603,0.06597998405012741,0.7763157894736842,0.39182091353399073
gin,685,C=CC(=O)N1CCC(Oc2cc3c(Nc4ccc(OC(F)(F)F)c(Cl)c4)ncnc3cc2OC)CC1,6.712984561920166,7.108951920966433,0.1277006543932976,0.9166666666666666,0.3959673590462671
gin,691,C=CC(=O)N1CCC(Oc2cc3c(Nc4cccc(Br)c4)ncnc3cc2OC)CC1,8.148741722106934,7.907252404664433,0.16518397084038614,0.8235294117647058,0.24148931744250035
gin,693,C=CC(=O)N1CCC(Oc2cc3c(Nc4cccc(C(F)(F)F)c4)ncnc3cc2OC)CC1,7.79048490524292,7.473137013583795,0.17914876497253376,0.7777777777777778,0.317347891659125
gin,694,C=CC(=O)N1CCC(Oc2cc3c(Nc4cccc(C)c4)ncnc3cc2OC)CC1,8.031517028808594,7.618064120123762,0.14288376003772843,0.8235294117647058,0.41345290868483175
gin,698,C=CC(=O)N1CCC(Oc2cc3c(Nc4cccc(C=C)c4)ncnc3cc2OC)CC1,8.522878646850586,7.632132782161705,0.06696310264024133,0.8115942028985508,0.8907458646888813
gin,701,C=CC(=O)N1CCC(Oc2cc3c(Nc4cccc(CO)c4)ncnc3cc2OC)CC1,5.06304931640625,6.906014785422485,0.13034319152710233,0.9117647058823529,1.8429654690162351
gin,702,C=CC(=O)N1CCC(Oc2cc3c(Nc4cccc(Cl)c4)ncnc3cc2OC)CC1,8.259709358215332,7.565500476070426,0.244785308672212,0.8636363636363636,0.6942088821449062
gin,703,C=CC(=O)N1CCC(Oc2cc3c(Nc4cccc(Cl)c4F)ncnc3cc2OC)CC1,8.261439323425293,8.17830706813254,0.1492882833390842,0.8108108108108109,0.08313225529275314
gin,711,C=CC(=O)N1CCC(Oc2cc3c(Nc4ccccc4)ncnc3cc2OC)CC1,6.3684186935424805,6.9494791577096215,0.24964117517905762,0.9016393442622951,0.5810604641671411
gin,970,C=CC(=O)N1CC[C@@H](Oc2cc3c(Nc4ccc(F)c(Cl)c4F)ncnc3cc2OC)C[C@@H]1C(=O)NC,9.045757293701172,7.067040541858428,0.3066230226739555,0.75,1.978716751842744
gin,971,C=CC(=O)N1CC[C@@H](Oc2cc3c(Nc4ccc(F)c(Cl)c4F)ncnc3cc2OC)C[C@@H]1C(=O)OC,8.56304931640625,6.867410806263123,0.6150193072918135,0.7692307692307693,1.6956385101431266
gin,972,C=CC(=O)N1CC[C@@H](Oc2cc3c(Nc4ccc(F)c(Cl)c4F)ncnc3cc2OC)C[C@@H]1C(N)=O,8.771059036254883,7.451431135432713,0.44090486421246705,0.759493670886076,1.3196279008221694
gin,1015,C=CC(=O)N1CC[C@H](Oc2cc3c(Nc4ccc(F)c(Cl)c4F)ncnc3cc2OC)C[C@H]1C(=O)NCCN(C)C,8.180456161499023,7.6939585971278746,0.13695899900243177,0.7093023255813954,0.4864975643711489
gin,1016,C=CC(=O)N1CC[C@H](Oc2cc3c(Nc4ccc(F)c(Cl)c4F)ncnc3cc2OC)C[C@H]1C(=O)NCCO,8.74472713470459,7.540735676236352,0.15073399713838975,0.7142857142857143,1.2039914584682379
gin,1017,C=CC(=O)N1CC[C@H](Oc2cc3c(Nc4ccc(F)c(Cl)c4F)ncnc3cc2OC)C[C@H]1C(=O)NCCOC,8.42021656036377,7.548034198156586,0.12584250827681093,0.7058823529411765,0.8721823622071838
gin,1018,C=CC(=O)N1CC[C@H](Oc2cc3c(Nc4ccc(F)c(Cl)c4F)ncnc3cc2OC)C[C@H]1C(=O)NCCS(C)(=O)=O,8.522878646850586,7.644055237851077,0.27682320823591755,0.6818181818181818,0.8788234089995086
gin,1019,C=CC(=O)N1CC[C@H](Oc2cc3c(Nc4ccc(F)c(Cl)c4F)ncnc3cc2OC)C[C@H]1C(=O)NCCSC,8.853872299194336,7.502745599056055,0.1010048326998242,0.6896551724137931,1.3511267001382805
gin,1020,C=CC(=O)N1CC[C@H](Oc2cc3c(Nc4ccc(F)c(Cl)c4F)ncnc3cc2OC)C[C@H]1C(N)=O,9.004386901855469,7.904668423604306,0.09412860747863598,0.759493670886076,1.0997184782511624
gin,5911,CNC(=O)CN1CCC(Oc2cc3c(Nc4cccc(Cl)c4F)ncnc3cc2OC)CC1,8.397939682006836,7.504416307507427,0.058740573418642694,0.6153846153846154,0.8935233744994093
gin,6270,COCCN1CCC(Oc2cc3c(Nc4cc(Cl)ccc4F)ncnc3cc2OC)CC1,6.8614935874938965,6.779265197811784,0.08320311771550155,0.6666666666666666,0.0822283896821121
gin,6271,COCCN1CCC(Oc2cc3c(Nc4cccc(Cl)c4F)ncnc3cc2OC)CC1,7.989405155181885,7.756205997271763,0.13491131029869646,0.684931506849315,0.23319915791012136
gin,8144,COc1cc2ncnc(Nc3cc(Cl)ccc3F)c2cc1OC1CCN(C)CC1,6.956998348236084,6.991509148729982,0.23197908227657205,0.7777777777777778,0.034510800493897875
gin,8145,COc1cc2ncnc(Nc3cc(Cl)ccc3F)c2cc1OC1CCN(CC(N)=O)CC1,8.022878646850586,6.875345964097406,0.0513117962815477,0.6133333333333333,1.1475326827531802
gin,8146,COc1cc2ncnc(Nc3cc(Cl)ccc3F)c2cc1OC1CCN(S(C)(=O)=O)CC1,8.193608283996582,6.529670452680421,0.2928356270660621,0.625,1.6639378313161615
gin,8240,COc1cc2ncnc(Nc3ccc(F)c(Cl)c3)c2cc1OC1CCN(C)CC1,7.261439323425293,7.683104922164432,0.01086556550904405,0.78125,0.4216655987391391
gin,8444,COc1cc2ncnc(Nc3cccc(Cl)c3F)c2cc1OC1CCN(C(=O)CO)CC1,6.690369606018066,7.80733820360993,0.04981718729524414,0.654320987654321,1.116968597591864
gin,8445,COc1cc2ncnc(Nc3cccc(Cl)c3F)c2cc1OC1CCN(C)CC1,8.188375473022461,8.057706443729842,0.1202783581395502,0.7846153846153846,0.13066902929261914
gin,8446,COc1cc2ncnc(Nc3cccc(Cl)c3F)c2cc1OC1CCN(CC(N)=O)CC1,8.548455238342285,7.71343727839394,0.1563605517232753,0.6410256410256411,0.8350179599483454
gin,8447,COc1cc2ncnc(Nc3cccc(Cl)c3F)c2cc1OC1CCN(S(C)(=O)=O)CC1,8.426936149597168,7.346848202539985,0.49611520274717,0.6351351351351351,1.0800879470571827
gin,24,Brc1ccc(C2=NN(c3nc(-c4ccccc4)cs3)C(c3ccc(Br)cc3)C2)cc1,5.0481767654418945,5.378672015065575,0.1754517734387381,0.5555555555555556,0.3304952496236808
gin,8719,COc1ccc(C2=NN(c3nc(-c4ccc(Cl)cc4)cs3)C(c3ccc(Br)cc3)C2)cc1,5.199970722198486,5.461129754807956,0.17422385982007116,0.5797101449275363,0.26115903260946993
gin,8720,COc1ccc(C2=NN(c3nc(-c4ccc(Cl)cc4)cs3)C(c3ccc(C)cc3)C2)cc1,5.32975435256958,5.539030648037482,0.10542093477581548,0.5882352941176471,0.20927629546790172
gin,8721,COc1ccc(C2=NN(c3nc(-c4ccc(Cl)cc4)cs3)C(c3ccc(Cl)cc3)C2)cc1,5.109020233154297,5.507653731081916,0.19068684302652686,0.625,0.3986334979276194
gin,8722,COc1ccc(C2=NN(c3nc(-c4ccc(Cl)cc4)cs3)C(c3ccc(F)cc3)C2)cc1,5.294991970062256,5.610507368486708,0.11367663679390902,0.703125,0.3155153984244521
gin,8723,COc1ccc(C2=NN(c3nc(-c4ccc(Cl)cc4)cs3)C(c3ccc(O)cc3)C2)cc1,5.115771293640137,5.560102533755327,0.16902936675082306,0.5797101449275363,0.44433124011519
gin,8724,COc1ccc(C2=NN(c3nc(-c4ccc(Cl)cc4)cs3)C(c3ccc(OC)cc3)C2)cc1,5.202732563018799,5.53520960369184,0.17157674784494156,0.625,0.33247704067304085
gin,8725,COc1ccc(C2=NN(c3nc(-c4ccc(Cl)cc4)cs3)C(c3ccc([N+](=O)[O-])cc3)C2)cc1,5.074172496795654,5.4906148825817525,0.10024240703716264,0.5405405405405406,0.41644238578609816
gin,8726,COc1ccc(C2=NN(c3nc(-c4ccccc4)cs3)C(c3ccc(Br)cc3)C2)cc1,5.25492525100708,5.46537398470889,0.10976222284565774,0.5409836065573771,0.21044873370180994
gin,8727,COc1ccc(C2=NN(c3nc(-c4ccccc4)cs3)C(c3ccc(C)cc3)C2)cc1,5.1260986328125,5.564470764339973,0.07326041954561532,0.55,0.4383721315274727
gin,8728,COc1ccc(C2=NN(c3nc(-c4ccccc4)cs3)C(c3ccc(Cl)cc3)C2)cc1,5.306272983551025,5.476252894197273,0.08097067577234598,0.5882352941176471,0.16997991064624784
gin,8729,COc1ccc(C2=NN(c3nc(-c4ccccc4)cs3)C(c3ccc(F)cc3)C2)cc1,5.243363857269287,5.5860352234121535,0.04604495858335119,0.5882352941176471,0.3426713661428664
gin,8730,COc1ccc(C2=NN(c3nc(-c4ccccc4)cs3)C(c3ccc(O)cc3)C2)cc1,5.271646022796631,5.557916017896645,0.08189315411660787,0.5409836065573771,0.28626999510001383
gin,8731,COc1ccc(C2=NN(c3nc(-c4ccccc4)cs3)C(c3ccc(OC)cc3)C2)cc1,5.159893989562988,5.505663490101256,0.05647888299617074,0.5892857142857143,0.3457695005382675
gin,8732,COc1ccc(C2=NN(c3nc(-c4ccccc4)cs3)C(c3ccc([N+](=O)[O-])cc3)C2)cc1,5.063989162445068,5.509212013008806,0.039841821276787315,0.5,0.4452228505637379
gin,8735,COc1ccc(C2CC(c3ccc(Br)cc3)=NN2c2nc(-c3ccc(Cl)cc3)cs2)cc1,4.702677249908447,5.423556461672661,0.20398278499199782,0.5797101449275363,0.7208792117642133
gin,8736,COc1ccc(C2CC(c3ccc(Br)cc3)=NN2c2nc(-c3ccccc3)cs2)cc1,4.992679119110107,5.433468943154338,0.12717660445492845,0.5409836065573771,0.4407898240442307
gin,8739,COc1ccc(C2CC(c3ccc(C)c(C)c3)=NN2c2nc(-c3ccc(Cl)cc3)cs2)cc1,6.086185932159424,5.555562834145036,0.21232117229048933,0.5416666666666666,0.530623098014388
gin,8740,COc1ccc(C2CC(c3ccc(C)c(C)c3)=NN2c2nc(-c3ccccc3)cs2)cc1,5.511449337005615,5.483158494845242,0.1661851485655735,0.5238095238095238,0.028290842160373586
gin,9983,Cc1ccc(C2=NN(c3nc(-c4ccc(Cl)cc4)cs3)C(c3ccc(Br)cc3)C2)cc1C,6.431798458099365,5.5104244133327995,0.23298601029524682,0.5571428571428572,0.9213740447665657
gin,9984,Cc1ccc(C2=NN(c3nc(-c4ccc(Cl)cc4)cs3)C(c3ccc(Cl)cc3)C2)cc1C,6.721246242523193,5.5348648937939515,0.23064606791186054,0.6,1.1863813487292418
gin,9985,Cc1ccc(C2=NN(c3nc(-c4ccc(Cl)cc4)cs3)C(c3ccc(F)cc3)C2)cc1C,7.221848964691162,5.6427273986413695,0.20150891729343823,0.676923076923077,1.5791215660497926
gin,9986,Cc1ccc(C2=NN(c3nc(-c4ccc(Cl)cc4)cs3)C(c3ccc(O)cc3)C2)cc1C,6.013228416442871,5.647516042698726,0.2690913010473059,0.5571428571428572,0.3657123737441452
gin,9987,Cc1ccc(C2=NN(c3nc(-c4ccc(Cl)cc4)cs3)C(c3ccc([N+](=O)[O-])cc3)C2)cc1C,6.200659275054932,5.526261664057586,0.17338494066481877,0.52,0.674397610997346
gin,9988,Cc1ccc(C2=NN(c3nc(-c4ccccc4)cs3)C(c3ccc(Br)cc3)C2)cc1C,5.735182285308838,5.483993834781842,0.20628132240688163,0.4838709677419355,0.2511884505269961
gin,9989,Cc1ccc(C2=NN(c3nc(-c4ccccc4)cs3)C(c3ccc(Cl)cc3)C2)cc1C,5.6270880699157715,5.476205483011682,0.19349173536471445,0.5652173913043478,0.15088258690408907
gin,9990,Cc1ccc(C2=NN(c3nc(-c4ccccc4)cs3)C(c3ccc(F)cc3)C2)cc1C,5.761953830718994,5.584783070852382,0.22431984096898241,0.5652173913043478,0.17717075986661257
gin,9991,Cc1ccc(C2=NN(c3nc(-c4ccccc4)cs3)C(c3ccc(O)cc3)C2)cc1C,5.71669864654541,5.584248373274079,0.16722153108808244,0.4788732394366197,0.1324502732713313
gin,9992,Cc1ccc(C2=NN(c3nc(-c4ccccc4)cs3)C(c3ccc([N+](=O)[O-])cc3)C2)cc1C,5.414539337158203,5.43870094895567,0.15176952090607781,0.4533333333333333,0.02416161179746723
gin,9995,Cc1ccc(C2CC(c3ccc(Br)cc3)=NN2c2nc(-c3ccc(Cl)cc3)cs2)cc1,4.55021333694458,5.486913409303327,0.16649230466986703,0.6060606060606061,0.9367000723587466
gin,9996,Cc1ccc(C2CC(c3ccc(Br)cc3)=NN2c2nc(-c3ccccc3)cs2)cc1,4.7068586349487305,5.503422932921325,0.1265232661784186,0.5084745762711864,0.7965642979725942
gin,9998,Cc1ccc(C2CC(c3ccc(C)c(C)c3)=NN2c2nc(-c3ccc(Cl)cc3)cs2)cc1,5.982966423034668,5.61529435501015,0.23675748073925001,0.5735294117647058,0.36767206802451824
gin,9999,Cc1ccc(C2CC(c3ccc(C)c(C)c3)=NN2c2nc(-c3ccccc3)cs2)cc1,5.573488712310791,5.554972294820715,0.18105357821300963,0.4927536231884058,0.018516417490076265
gin,10770,Clc1ccc(-c2csc(N3N=C(c4ccc(Br)cc4)CC3c3ccc(Br)cc3)n2)cc1,4.589391231536865,5.363182389212113,0.2207994098426716,0.6557377049180327,0.7737911576752481
gin,10771,Clc1ccc(-c2csc(N3N=C(c4ccc(Br)cc4)CC3c3ccc(Cl)cc3)n2)cc1,4.748605251312256,5.375130293762709,0.23385198998623954,0.6557377049180327,0.6265250424504529
gin,10783,Clc1ccc(C2CC(c3ccc(Br)cc3)=NN2c2nc(-c3ccccc3)cs2)cc1,5.028260231018066,5.357902143458233,0.16332445339173526,0.6153846153846154,0.3296419124401666
gin,11165,Fc1ccc(C2CC(c3ccc(Br)cc3)=NN2c2nc(-c3ccc(Cl)cc3)cs2)cc1,4.616903305053711,5.490027515434406,0.1553010135583692,0.7377049180327869,0.8731242103806949
gin,11166,Fc1ccc(C2CC(c3ccc(Br)cc3)=NN2c2nc(-c3ccccc3)cs2)cc1,4.949233531951904,5.501403970878869,0.09011349908663596,0.6153846153846154,0.5521704389269644
gin,13121,O=[N+]([O-])c1ccc(C2CC(c3ccc(Br)cc3)=NN2c2nc(-c3ccc(Cl)cc3)cs2)cc1,4.613144397735596,5.406395470069896,0.16330009707479376,0.5633802816901409,0.7932510723343
gin,13122,O=[N+]([O-])c1ccc(C2CC(c3ccc(Br)cc3)=NN2c2nc(-c3ccccc3)cs2)cc1,4.803547382354736,5.421646010945267,0.13985949380274085,0.46875,0.6180986285905306
gin,13310,Oc1ccc(C2CC(c3ccc(Br)cc3)=NN2c2nc(-c3ccc(Cl)cc3)cs2)cc1,4.6671576499938965,5.465937717708869,0.20466127564453235,0.6060606060606061,0.7987800677149721
gin,13311,Oc1ccc(C2CC(c3ccc(Br)cc3)=NN2c2nc(-c3ccccc3)cs2)cc1,4.650528430938721,5.467528635906973,0.13555157754431613,0.5084745762711864,0.8170002049682523
gin,4140,CCCN1CCN(c2ccc(Nc3nccc(-c4c(-c5ccc(OC)c(C(=O)Nc6c(F)cccc6F)c5)nc5ccccn45)n3)c(OC)c2)CC1,6.0,6.590192615436647,0.04592744008258734,0.8333333333333334,0.5901926154366466
gin,4141,CCCN1CCN(c2ccc(Nc3nccc(-c4c(-c5ccc(OC)c(C(=O)Nc6c(F)cccc6F)c5)nc5ccccn45)n3)c(OCC)c2)CC1,6.0,6.611593451977242,0.046325350647333285,0.8181818181818182,0.6115934519772424
gin,4142,CCCN1CCN(c2ccc(Nc3nccc(-c4c(-c5ccc(OCC)c(C(=O)Nc6c(F)cccc6F)c5)nc5ccccn45)n3)c(OC)c2)CC1,6.0,6.594253843233826,0.041633883611802806,0.8,0.594253843233826
gin,4143,CCCN1CCN(c2ccc(Nc3nccc(-c4c(-c5ccc(OCC)c(C(=O)Nc6c(F)cccc6F)c5)nc5ccccn45)n3)c(OCC)c2)CC1,6.0,6.607135998556783,0.040544514524235874,0.77,0.6071359985567826
gin,4144,CCCN1CCN(c2ccc(Nc3nccc(-c4c(-c5cccc(C(=O)Nc6c(F)cccc6F)c5)nc5ccccn45)n3)c(OC)c2)CC1,7.0,6.786689729818374,0.06103061482627102,0.8333333333333334,0.2133102701816263
gin,4145,CCCN1CCN(c2ccc(Nc3nccc(-c4c(-c5cccc(C(=O)Nc6c(F)cccc6F)c5)nc5ccccn45)n3)c(OCC)c2)CC1,7.0,6.810261101661688,0.060229528702064765,0.826530612244898,0.18973889833831237
gin,4642,CCOc1cc(N2CCN(C(C)C)CC2)ccc1Nc1nccc(-c2c(-c3ccc(OC)c(C(=O)Nc4c(F)cccc4F)c3)nc3ccccn23)n1,6.0,6.594925217700788,0.06935912884609949,0.78125,0.594925217700788
gin,4643,CCOc1cc(N2CCN(C(C)C)CC2)ccc1Nc1nccc(-c2c(-c3cccc(C(=O)Nc4c(F)cccc4F)c3)nc3ccccn23)n1,7.0,6.823129952059936,0.07340537072764027,0.7722772277227723,0.17687004794006356
gin,4644,CCOc1cc(N2CCN(C)CC2)ccc1Nc1nccc(-c2c(-c3ccc(OC)c(C(=O)Nc4c(F)cccc4F)c3)nc3ccccn23)n1,7.0,6.644575288648537,0.06690889124252597,0.8064516129032258,0.35542471135146325
gin,4645,CCOc1cc(N2CCN(C)CC2)ccc1Nc1nccc(-c2c(-c3cccc(C(=O)Nc4c(F)cccc4F)c3)nc3ccccn23)n1,6.0,6.859940811744973,0.08737656875990522,0.8144329896907216,0.8599408117449734
gin,4648,CCOc1cc(N2CCN(CCS(C)(=O)=O)CC2)c(C)cc1Nc1nccc(-c2c(-c3ccc(OC(C)C)c(C(=O)Nc4c(F)cccc4F)c3)nc3ccccn23)n1,6.0,6.185191697718042,0.27235653369709917,0.8584905660377359,0.18519169771804211
gin,4649,CCOc1cc(N2CCN(CCS(C)(=O)=O)CC2)c(C)cc1Nc1nccc(-c2c(-c3ccc(OC)c(C(=O)Nc4c(F)cccc4F)c3)nc3ccccn23)n1,6.0,6.330425109559492,0.2342280866929114,0.9215686274509803,0.3304251095594921
gin,4650,CCOc1cc(N2CCN(CCS(C)(=O)=O)CC2)c(C)cc1Nc1nccc(-c2c(-c3ccc(OCC)c(C(=O)Nc4c(F)cccc4F)c3)nc3ccccn23)n1,6.0,6.335967806518479,0.22739423069840276,0.9108910891089109,0.3359678065184788
gin,4651,CCOc1cc(N2CCN(CCS(C)(=O)=O)CC2)c(C)cc1Nc1nccc(-c2c(-c3cccc(C(=O)Nc4c(F)cccc4F)c3)nc3ccccn23)n1,7.0,6.689575959104569,0.11692234352090752,0.8415841584158416,0.3104240408954313
gin,4652,CCOc1cc(N2CCN(CCS(C)(=O)=O)CC2)c(CC)cc1Nc1nccc(-c2c(-c3ccc(OCC)c(C(=O)Nc4c(F)cccc4F)c3)nc3ccccn23)n1,6.0,6.374697498372606,0.16752988698232954,0.8431372549019608,0.3746974983726057
gin,4653,CCOc1cc(N2CCN(CCS(C)(=O)=O)CC2)c(Cl)cc1Nc1nccc(-c2c(-c3ccc(OCC)c(C(=O)Nc4c(F)cccc4F)c3)nc3ccccn23)n1,6.0,6.4708687261791376,0.22098162318428255,0.8130841121495327,0.47086872617913755
gin,4654,CCOc1cc(N2CCN(CCS(C)(=O)=O)CC2)ccc1Nc1nccc(-c2c(-c3ccc(OC)c(C(=O)Nc4c(F)cccc4F)c3)nc3ccccn23)n1,6.0,6.582141891051353,0.07977080829976786,0.8613861386138614,0.5821418910513527
gin,4655,CCOc1cc(N2CCN(CCS(C)(=O)=O)CC2)ccc1Nc1nccc(-c2c(-c3ccc(OCC)c(C(=O)Nc4c(F)cccc4F)c3)nc3ccccn23)n1,6.0,6.585415099004602,0.06819058945973508,0.8217821782178217,0.5854150990046021
gin,4656,CCOc1cc(N2CCN(CCS(C)(=O)=O)CC2)ccc1Nc1nccc(-c2c(-c3cccc(C(=O)Nc4c(F)cccc4F)c3)nc3ccccn23)n1,7.0,6.819650549031078,0.05611519540142657,0.898989898989899,0.1803494509689223
gin,4657,CCOc1cc(N2CCN(S(C)(=O)=O)CC2)c(C)cc1Nc1nccc(-c2c(-c3ccc(OC)c(C(=O)Nc4c(F)cccc4F)c3)nc3ccccn23)n1,6.0,6.221095547879099,0.31855957390934575,0.8269230769230769,0.22109554787909858
gin,4891,CCOc1ccc(-c2nc3ccccn3c2-c2ccnc(Nc3cc(C)c(N4CCN(CCOC)CC4)cc3OC)n2)cc1C(=O)Nc1c(F)cccc1F,6.0,6.270783884997737,0.1985506522805035,0.8461538461538461,0.2707838849977371
gin,4892,CCOc1ccc(-c2nc3ccccn3c2-c2ccnc(Nc3cc(C)c(N4CCN(CCS(C)(=O)=O)CC4)cc3OC)n2)cc1C(=O)Nc1c(F)cccc1F,6.0,6.286544877106038,0.2380964449733266,0.96,0.2865448771060377
gin,4895,CCOc1ccc(-c2nc3ccccn3c2-c2ccnc(Nc3cc(CC)c(N4CCN(CCS(C)(=O)=O)CC4)cc3OC)n2)cc1C(=O)Nc1c(F)cccc1F,6.0,6.3212033883684215,0.17310853281661465,0.8666666666666667,0.32120338836842155
gin,4905,CCOc1ccc(-c2nc3ccccn3c2-c2ccnc(Nc3ccc(N4CCN(C(C)C)CC4)cc3OC)n2)cc1C(=O)Nc1c(F)cccc1F,6.0,6.576520772019033,0.0798339432334973,0.7864077669902912,0.5765207720190331
gin,4906,CCOc1ccc(-c2nc3ccccn3c2-c2ccnc(Nc3ccc(N4CCN(CCOC)CC4)cc3OC)n2)cc1C(=O)Nc1c(F)cccc1F,6.0,6.5722657359972105,0.036300651451346914,0.79,0.5722657359972105
gin,4907,CCOc1ccc(-c2nc3ccccn3c2-c2ccnc(Nc3ccc(N4CCN(S(C)(=O)=O)CC4)cc3OC)n2)cc1C(=O)Nc1c(F)cccc1F,6.0,6.4863318314899665,0.14236433643136465,0.8316831683168316,0.4863318314899665
gin,5114,CCc1cc(Nc2nccc(-c3c(-c4ccc(OC)c(C(=O)Nc5c(F)cccc5F)c4)nc4ccccn34)n2)c(OC)cc1N1CCN(CCS(C)(=O)=O)CC1,6.0,6.310733898687615,0.19853358492579357,0.8514851485148515,0.3107338986876149
gin,6274,COCCN1CCN(c2cc(OC)c(Nc3nccc(-c4c(-c5ccc(OC)c(C(=O)Nc6c(F)cccc6F)c5)nc5ccccn45)n3)cc2C)CC1,6.0,6.273633100062366,0.20184250015813646,0.7904761904761904,0.27363310006236574
gin,6275,COCCN1CCN(c2cc(OC)c(Nc3nccc(-c4c(-c5cccc(C(=O)Nc6c(F)cccc6F)c5)nc5ccccn45)n3)cc2C)CC1,7.0,6.616004690923018,0.09824569662676848,0.7722772277227723,0.3839953090769823
gin,6276,COCCN1CCN(c2ccc(Nc3nccc(-c4c(-c5ccc(OC)c(C(=O)Nc6c(F)cccc6F)c5)nc5ccccn45)n3)c(OC)c2)CC1,6.0,6.564802128700268,0.028486517597083295,0.8333333333333334,0.5648021287002676
gin,6277,COCCN1CCN(c2ccc(Nc3nccc(-c4c(-c5cccc(C(=O)Nc6c(F)cccc6F)c5)nc5ccccn45)n3)c(OC)c2)CC1,6.0,6.7828817742750225,0.07587726108789579,0.8333333333333334,0.7828817742750225
gin,6972,COc1cc(N2CCN(C(C)C)CC2)ccc1Nc1nccc(-c2c(-c3ccc(OC)c(C(=O)Nc4c(F)cccc4F)c3)nc3ccccn23)n1,6.0,6.577933798247574,0.06174476365941739,0.8444444444444444,0.5779337982475736
gin,6973,COc1cc(N2CCN(C(C)C)CC2)ccc1Nc1nccc(-c2c(-c3cccc(C(=O)Nc4c(F)cccc4F)c3)nc3ccccn23)n1,7.0,6.799746503124187,0.07127610665156749,0.8522727272727273,0.2002534968758134
gin,7059,COc1cc(N2CCN(CCS(C)(=O)=O)CC2)c(C)cc1Nc1nccc(-c2c(-c3ccc(OC)c(C(=O)Nc4c(F)cccc4F)c3)nc3ccccn23)n1,6.0,6.273230692176949,0.2613667089906317,0.900990099009901,0.2732306921769494
gin,7060,COc1cc(N2CCN(CCS(C)(=O)=O)CC2)c(C)cc1Nc1nccc(-c2c(-c3cccc(C(=O)Nc4c(F)cccc4F)c3)nc3ccccn23)n1,7.0,6.621280867859812,0.15420460411857442,0.8484848484848485,0.37871913214018793
gin,7061,COc1cc(N2CCN(CCS(C)(=O)=O)CC2)c(Cl)cc1Nc1nccc(-c2c(-c3ccc(OC)c(C(=O)Nc4c(F)cccc4F)c3)nc3ccccn23)n1,6.0,6.451405970098829,0.19431555693846905,0.8037383177570093,0.4514059700988291
gin,7062,COc1cc(N2CCN(CCS(C)(=O)=O)CC2)ccc1Nc1nccc(-c2c(-c3ccc(OC)c(C(=O)Nc4c(F)cccc4F)c3)nc3ccccn23)n1,6.0,6.545716888471951,0.09701604619553823,0.9166666666666666,0.5457168884719508
gin,7063,COc1cc(N2CCN(CCS(C)(=O)=O)CC2)ccc1Nc1nccc(-c2c(-c3cccc(C(=O)Nc4c(F)cccc4F)c3)nc3ccccn23)n1,7.0,6.796813600458229,0.05545891504792328,0.9157894736842105,0.20318639954177087
gin,7064,COc1cc(N2CCN(CCS(C)(=O)=O)[C@@H](C(C)C)C2)ccc1Nc1nccc(-c2c(-c3ccc(OC)c(C(=O)Nc4c(F)cccc4F)c3)nc3ccccn23)n1,6.0,6.5819445927175835,0.13689138882329682,0.7777777777777778,0.5819445927175835
gin,7065,COc1cc(N2CCN(S(C)(=O)=O)CC2)c(C)cc1Nc1nccc(-c2c(-c3cccc(C(=O)Nc4c(F)cccc4F)c3)nc3ccccn23)n1,6.0,6.51450929717921,0.19076478789243628,0.8163265306122449,0.5145092971792096
gin,7066,COc1cc(N2CCN(S(C)(=O)=O)CC2)ccc1Nc1nccc(-c2c(-c3ccc(OC)c(C(=O)Nc4c(F)cccc4F)c3)nc3ccccn23)n1,6.0,6.481122073794712,0.13060924392407125,0.8351648351648352,0.4811220737947117
gin,7067,COc1cc(N2CCN(S(C)(=O)=O)CC2)ccc1Nc1nccc(-c2c(-c3cccc(C(=O)Nc4c(F)cccc4F)c3)nc3ccccn23)n1,6.0,6.769503782327835,0.05388130678021176,0.8426966292134831,0.7695037823278348
gin,2851,CC(=O)C1(N2C=C([C@@H](Nc3cc(Cl)c4ncc(C#N)c(NCC(C)(C)C)c4c3)c3cccc4cnccc34)NN2)CC1,8.698969841003418,8.417671883673279,0.11518349136101884,0.8571428571428571,0.28129795733013907
gin,3038,CC(C)(C)CNc1c(C#N)cnc2c(C#N)cc(N[C@H](C3=CN(C4(C#N)CC4)NN3)c3cccc4cnccc34)cc12,8.698969841003418,8.522082059736533,0.011102510694641158,0.8536585365853658,0.17688778126688476
gin,3041,CC(C)(C)CNc1c(C#N)cnc2c(C#N)cc(N[C@H](C3=CN(C4(C(F)(F)F)CC4)NN3)c3ccc(C#N)c4cnccc34)cc12,8.301030158996582,8.01036255973159,0.06089279133755437,0.8452380952380952,0.2906675992649923
gin,3044,CC(C)(C)CNc1c(C#N)cnc2c(C#N)cc(N[C@H](C3=CN(C4(C(F)(F)F)CC4)NN3)c3ccc(F)c4cnccc34)cc12,8.301030158996582,8.155825535554868,0.13919483562757476,0.8352941176470589,0.14520462344171392
gin,3052,CC(C)(C)CNc1c(C#N)cnc2c(C#N)cc(N[C@H](C3=CN(C4(C(F)(F)F)CC4)NN3)c3cccc4c(C#N)nccc34)cc12,8.0,8.061235904997375,0.009920331729133694,0.8045977011494253,0.061235904997374746
gin,3055,CC(C)(C)CNc1c(C#N)cnc2c(C#N)cc(N[C@H](C3=CN(C4(C(F)(F)F)CC4)NN3)c3cccc4cnc(C#N)cc34)cc12,8.09691047668457,7.988337563434698,0.013046817014544061,0.813953488372093,0.10857291324987273
gin,3056,CC(C)(C)CNc1c(C#N)cnc2c(C#N)cc(N[C@H](C3=CN(C4(C(F)(F)F)CC4)NN3)c3cccc4cnccc34)cc12,8.698969841003418,8.0833242019429,0.09112067378678523,0.9024390243902439,0.6156456390605172
gin,3063,CC(C)(C)CNc1c(C#N)cnc2c(C#N)cc(N[C@H](C3=CN(C4(C(F)F)CC4)NN3)c3ccc(F)c4cnccc34)cc12,8.698969841003418,8.381751751992397,0.11202099987027965,0.8352941176470589,0.3172180890110212
gin,3069,CC(C)(C)CNc1c(C#N)cnc2c(C#N)cc(N[C@H](C3=CN(C4(C(F)F)CC4)NN3)c3cccc4cnccc34)cc12,8.698969841003418,8.31167413305792,0.0584962493245245,0.9024390243902439,0.3872957079454977
gin,3072,CC(C)(C)CNc1c(C#N)cnc2c(C#N)cc(N[C@H](C3=CN(C4(C(N)=O)CC4)NN3)c3cccc4cnccc34)cc12,8.698969841003418,8.729613936448004,0.11852500035071684,0.9523809523809523,0.030644095444586128
gin,3077,CC(C)(C)CNc1c(C#N)cnc2c(C#N)cc(N[C@H](C3=CN(C4(C)CC4)NN3)c3cccc4cnccc34)cc12,8.698969841003418,8.621697275966653,0.05287006837657283,0.8536585365853658,0.07727256503676472
gin,3082,CC(C)(C)CNc1c(C#N)cnc2c(C#N)cc(N[C@H](C3=CN(C4(CF)CC4)NN3)c3cccc4cnccc34)cc12,8.154901504516602,8.466630863002251,0.025539827722808373,0.8235294117647058,0.31172935848564975
gin,3094,CC(C)(C)CNc1c(C#N)cnc2c(C#N)cc(N[C@H](C3=CN(C4CC4)NN3)c3cccc4cnccc34)cc12,9.0,8.496514084697253,0.036493710634653356,0.8313253012048193,0.5034859153027469
gin,3100,CC(C)(C)CNc1c(C#N)cnc2c(C#N)cc(N[C@H](C3=CN(C4C[C@@H]4F)NN3)c3cccc4cnccc34)cc12,9.0,8.114655422403132,0.11647107597258162,0.7816091954022989,0.885344577596868
gin,3116,CC(C)(C)CNc1c(C#N)cnc2c(Cl)cc(N[C@H](C3=CN(C4(C#N)CC4)NN3)c3cccc4cnccc34)cc12,8.698969841003418,8.329107274582555,0.03554285481887313,0.8588235294117647,0.36986256642086346
gin,3119,CC(C)(C)CNc1c(C#N)cnc2c(Cl)cc(N[C@H](C3=CN(C4(C(F)(F)F)CC4)NN3)c3ccc(Cl)c4cnccc34)cc12,7.853871822357178,7.8067205150232155,0.07993198076952611,0.8505747126436781,0.04715130733396222
gin,3122,CC(C)(C)CNc1c(C#N)cnc2c(Cl)cc(N[C@H](C3=CN(C4(C(F)(F)F)CC4)NN3)c3ccc(F)c4cnccc34)cc12,7.92081880569458,7.9385087503167995,0.11349354999861165,0.8409090909090909,0.0176899446222194
gin,3130,CC(C)(C)CNc1c(C#N)cnc2c(Cl)cc(N[C@H](C3=CN(C4(C(F)(F)F)CC4)NN3)c3cccc4c(Cl)nccc34)cc12,7.886056423187256,7.727015167502316,0.05801663761378725,0.8089887640449438,0.1590412556849401
gin,3132,CC(C)(C)CNc1c(C#N)cnc2c(Cl)cc(N[C@H](C3=CN(C4(C(F)(F)F)CC4)NN3)c3cccc4cnc(Cl)cc34)cc12,7.3565473556518555,7.568086443313433,0.03666284693745599,0.8295454545454546,0.2115390876615777
gin,3133,CC(C)(C)CNc1c(C#N)cnc2c(Cl)cc(N[C@H](C3=CN(C4(C(F)(F)F)CC4)NN3)c3cccc4cnccc34)cc12,6.79048490524292,7.852749660267335,0.07117271682238012,0.9058823529411765,1.0622647550244153
gin,3144,CC(C)(C)CNc1c(C#N)cnc2c(Cl)cc(N[C@H](C3=CN(C4(C(F)F)CC4)NN3)c3ccc(F)c4cnccc34)cc12,8.397939682006836,8.20056620538395,0.09775435510693221,0.8409090909090909,0.19737347662288585
gin,3153,CC(C)(C)CNc1c(C#N)cnc2c(Cl)cc(N[C@H](C3=CN(C4(C(F)F)CC4)NN3)c3cccc4cnccc34)cc12,8.522878646850586,8.114459318994136,0.058477830916604266,0.9058823529411765,0.40841932785644985
gin,3163,CC(C)(C)CNc1c(C#N)cnc2c(Cl)cc(N[C@H](C3=CN(C4(C)CC4)NN3)c3cccc4cnccc34)cc12,8.522878646850586,8.410092952739774,0.07602315816101383,0.8588235294117647,0.11278569411081207
gin,3182,CC(C)(C)CNc1c(C#N)cnc2c(Cl)cc(N[C@H](C3=CN(C4CC4)NN3)c3cccc4cnccc34)cc12,9.0,8.26828252436627,0.06949097496358551,0.9012345679012346,0.7317174756337295
gin,9259,COc1nccc2c([C@H](Nc3cc(C#N)c4ncc(C#N)c(NCC(C)(C)C(F)(F)F)c4c3)C3=CN(C4(C(F)F)CC4)NN3)cccc12,8.522878646850586,7.9630472539042785,0.1392310053741009,0.8279569892473119,0.5598313929463075
gin,9260,COc1nccc2c([C@H](Nc3cc(C#N)c4ncc(C#N)c(NCC(C)(C)C(F)(F)F)c4c3)C3=CN(C4(C)CC4)NN3)cccc12,8.698969841003418,8.22736835731348,0.15042406792581006,0.8461538461538461,0.4716014836899376
gin,9263,COc1nccc2c([C@H](Nc3cc(C#N)c4ncc(C#N)c(NCC(C)(C)C)c4c3)C3=CN(C4(C(F)(F)F)CC4)NN3)cccc12,8.301030158996582,7.746932352223297,0.11311707124357843,0.8295454545454546,0.5540978067732851
gin,9264,COc1nccc2c([C@H](Nc3cc(C#N)c4ncc(C#N)c(NCC(C)(C)C)c4c3)C3=CN(C4(C(F)F)CC4)NN3)cccc12,8.397939682006836,7.9518466399456145,0.06750320448628015,0.8295454545454546,0.44609304206122147
gin,9265,COc1nccc2c([C@H](Nc3cc(C#N)c4ncc(C#N)c(NCC(C)(C)C)c4c3)C3=CN(C4(C)CC4)NN3)cccc12,8.522878646850586,8.229502975213734,0.07258779333612976,0.8588235294117647,0.2933756716368521
gin,9268,COc1nccc2c([C@H](Nc3cc(C#N)c4ncc(C#N)c(NCC(C)(C)C)c4c3)C3=CN(C4CC4)NN3)cccc12,8.522878646850586,8.08919278650194,0.0664877913849509,0.8372093023255814,0.4336858603486462
gin,9270,COc1nccc2c([C@H](Nc3cc(Cl)c4ncc(C#N)c(NCC(C)(C)C(F)(F)F)c4c3)C3=CN(C4(C(F)F)CC4)NN3)cccc12,8.154901504516602,7.782188984509446,0.12017551307330665,0.8526315789473684,0.3727125200071555
gin,9271,COc1nccc2c([C@H](Nc3cc(Cl)c4ncc(C#N)c(NCC(C)(C)C(F)(F)F)c4c3)C3=CN(C4(C)CC4)NN3)cccc12,8.221848487854004,8.013978727169757,0.1366210295971413,0.8709677419354839,0.20786976068424678
gin,9274,COc1nccc2c([C@H](Nc3cc(Cl)c4ncc(C#N)c(NCC(C)(C)C)c4c3)C3=C(F)N(C4(C(F)(F)F)CC4)NN3)cccc12,7.958607196807861,7.357545628139945,0.18558847686281796,0.69,0.6010615686679159
gin,9275,COc1nccc2c([C@H](Nc3cc(Cl)c4ncc(C#N)c(NCC(C)(C)C)c4c3)C3=C(F)N(C4(C(F)F)CC4)NN3)cccc12,7.79587984085083,7.567860418559462,0.13954756337580904,0.69,0.22801942229136785
gin,9277,COc1nccc2c([C@H](Nc3cc(Cl)c4ncc(C#N)c(NCC(C)(C)C)c4c3)C3=CN(C4(C(F)(F)F)CC4)NN3)cccc12,7.958607196807861,7.505533571100358,0.10467042174342175,0.8351648351648352,0.4530736257075034
gin,9278,COc1nccc2c([C@H](Nc3cc(Cl)c4ncc(C#N)c(NCC(C)(C)C)c4c3)C3=CN(C4(C(F)F)CC4)NN3)cccc12,8.045757293701172,7.744271895977732,0.09206605362090142,0.8351648351648352,0.3014853977234395
gin,9279,COc1nccc2c([C@H](Nc3cc(Cl)c4ncc(C#N)c(NCC(C)(C)C)c4c3)C3=CN(C4(C)CC4)NN3)cccc12,8.221848487854004,8.012168871604075,0.10075244739363426,0.8636363636363636,0.2096796162499288
gin,9282,COc1nccc2c([C@H](Nc3cc(Cl)c4ncc(C#N)c(NCC(C)(C)C)c4c3)C3=CN(C4CC4)NN3)cccc12,8.221848487854004,7.875172436125553,0.08322142066185588,0.8522727272727273,0.3466760517284513
gin,10274,Cc1cncc2cccc([C@H](Nc3cc(C#N)c4ncc(C#N)c(NCC(C)(C)C)c4c3)C3=CN(C4(C(F)(F)F)CC4)NN3)c12,8.0,8.175801162635423,0.05251105602370121,0.813953488372093,0.17580116263542322
gin,10275,Cc1cncc2cccc([C@H](Nc3cc(Cl)c4ncc(C#N)c(NCC(C)(C)C)c4c3)C3=CN(C4(C(F)(F)F)CC4)NN3)c12,7.387216091156006,7.942111886109018,0.06659140917089487,0.8021978021978022,0.554895794953012
gin,3455,CC(C)NC(CS(C)(=O)=O)c1ccc(-c2ccc3ncnc(Nc4ccc(OCc5cccc(F)c5)c(Cl)c4)c3c2)o1,7.406713962554932,7.699094108735025,0.4184522986745685,0.813953488372093,0.29238014618009345
gin,3497,CC(C)S(=O)(=O)CCNCc1ccc(-c2ccc3ncnc(Nc4ccc(OCc5cccc(F)c5)c(Cl)c4)c3c2)o1,7.744727611541748,7.946586284598709,0.12742675274531493,0.75,0.20185867305696092
gin,3942,CCC(=O)ON[C@H](CS(C)(=O)=O)c1ccc(-c2ccc3ncnc(Nc4ccc(OCc5cccc(F)c5)c(Cl)c4)c3c2)o1,7.047691822052002,7.535199270047244,0.40692571920491033,0.7419354838709677,0.4875074479952417
gin,4021,CCCCC(=O)ON[C@H](CS(C)(=O)=O)c1ccc(-c2ccc3ncnc(Nc4ccc(OCc5cccc(F)c5)c(Cl)c4)c3c2)o1,7.03245210647583,7.441039698095153,0.4177458854732624,0.71875,0.4085875916193231
gin,4029,CCCCCCC(=O)ON[C@H](CS(C)(=O)=O)c1ccc(-c2ccc3ncnc(Nc4ccc(OCc5cccc(F)c5)c(Cl)c4)c3c2)o1,6.957818508148193,7.495564762043756,0.38938092349245357,0.7040816326530612,0.5377462538955626
gin,4123,CCCN(CCS(C)(=O)=O)Cc1ccc(-c2ccc3ncnc(Nc4ccc(OCc5cccc(F)c5)c(Cl)c4)c3c2)o1,7.070580959320068,7.762013338810476,0.02261773912943561,0.8902439024390244,0.6914323794904078
gin,4168,CCCS(=O)(=O)CCNCc1ccc(-c2ccc3ncnc(Nc4ccc(OCc5cccc(F)c5)c(Cl)c4)c3c2)o1,7.677780628204346,7.860888237522374,0.1427076786925889,0.7634408602150538,0.1831076093180286
gin,4248,CCN(CC)CCNCc1ccc(-c2ccc3ncnc(Nc4ccc(OCc5cccc(F)c5)c(Cl)c4)c3c2)o1,7.806875228881836,7.934663928932935,0.08765958274169203,0.6808510638297872,0.12778870005109866
gin,4422,CCNC(CS(C)(=O)=O)c1ccc(-c2ccc3ncnc(Nc4ccc(OCc5cccc(F)c5)c(Cl)c4)c3c2)o1,7.8326826095581055,7.759528323956317,0.4419511540485029,0.7931034482758621,0.07315428560178816
gin,5235,CN(C)C(CS(C)(=O)=O)c1ccc(-c2ccc3ncnc(Nc4ccc(OCc5cccc(F)c5)c(Cl)c4)c3c2)o1,8.16749095916748,8.013029131705736,0.42585681242040724,0.7415730337078652,0.15446182746174486
gin,5523,CN(C)[C@@H](CS(C)(=O)=O)c1ccc(-c2ccc3ncnc(Nc4ccc(OCc5cccc(F)c5)c(Cl)c4)c3c2)o1,7.517126560211182,8.253771929492899,0.38389186517387114,0.7415730337078652,0.7366453692817174
gin,5528,CN(C)[C@H](CS(C)(=O)=O)c1ccc(-c2ccc3ncnc(Nc4ccc(OCc5cccc(F)c5)c(Cl)c4)c3c2)o1,8.387216567993164,8.220574268688523,0.28533203688598086,0.7415730337078652,0.16664229930464103
gin,5959,CNC(CS(C)(=O)=O)c1ccc(-c2ccc3ncnc(Nc4ccc(OCc5cccc(F)c5)c(Cl)c4)c3c2)o1,7.458420753479004,7.7987103394902135,0.3642906336383088,0.8117647058823529,0.3402895860112096
gin,7152,COc1cc(Nc2ncnc3ccc(-c4ccc(CNCCS(C)(=O)=O)o4)cc23)ccc1OCc1cccc(F)c1,7.0,7.746209124451298,0.16393394175894255,0.7362637362637363,0.7462091244512976
gin,9291,CS(=O)(=O)CC(N)c1ccc(-c2ccc3ncnc(Nc4ccc(OCc5cccc(F)c5)c(Cl)c4)c3c2)o1,7.75448751449585,7.928900426308445,0.4239508024808982,0.7586206896551724,0.17441291181259544
gin,9294,CS(=O)(=O)CCN(CC#N)Cc1ccc(-c2ccc3ncnc(Nc4ccc(OCc5cccc(F)c5)c(Cl)c4)c3c2)o1,7.568636417388916,7.7830174371068495,0.03545718297956733,0.8588235294117647,0.21438101971793344
gin,9304,CS(=O)(=O)CCNC(CS(C)(=O)=O)c1ccc(-c2ccc3ncnc(Nc4ccc(OCc5cccc(F)c5)c(Cl)c4)c3c2)o1,7.542118072509766,7.770558269078123,0.45701000763212624,0.7752808988764045,0.22844019656835712
gin,9323,CS(=O)(=O)CCNCc1ccc(-c2ccc3ncnc(Nc4ccc(OCc5cccc(Br)c5)cc4)c3c2)o1,7.3665313720703125,7.5382625784794755,0.19777106908345163,0.6875,0.17173120640916295
gin,9324,CS(=O)(=O)CCNCc1ccc(-c2ccc3ncnc(Nc4ccc(OCc5cccc(C(F)(F)F)c5)cc4)c3c2)o1,7.040958404541016,7.231730502065616,0.1413782425395531,0.7380952380952381,0.19077209752460078
gin,9325,CS(=O)(=O)CCNCc1ccc(-c2ccc3ncnc(Nc4ccc(OCc5cccc(F)c5)c(C(F)(F)F)c4)c3c2)o1,7.096909999847412,7.848740828760441,0.12176174510668245,0.8235294117647058,0.7518308289130289
gin,9326,CS(=O)(=O)CCNCc1ccc(-c2ccc3ncnc(Nc4ccc(OCc5cccc(F)c5)c(Cl)c4)c3c2)o1,7.567672252655029,8.024184649310655,0.16031527600374917,0.8588235294117647,0.4565123966556257
gin,9328,CS(=O)(=O)CCNCc1ccc(-c2ccc3ncnc(Nc4ccc(OCc5cccc(F)c5)cc4)c3c2)o1,7.619788646697998,7.441643140463654,0.17162504996767905,0.7111111111111111,0.178145506234344
gin,9329,CS(=O)(=O)CCNCc1ccc(-c2ccc3ncnc(Nc4ccc(OCc5ccccc5)c(Br)c4)c3c2)o1,7.602059841156006,7.973370089342495,0.1841096189606567,0.6666666666666666,0.3713102481864894
gin,9330,CS(=O)(=O)CCNCc1ccc(-c2ccc3ncnc(Nc4ccc(OCc5ccccc5)c(C(F)(F)F)c4)c3c2)o1,6.79587984085083,7.768592919684352,0.15868109129647393,0.735632183908046,0.9727130788335216
gin,9331,CS(=O)(=O)CCNCc1ccc(-c2ccc3ncnc(Nc4ccc(OCc5ccccc5)c(Cl)c4)c3c2)o1,7.744727611541748,7.943493212001442,0.1670392319916904,0.7948717948717948,0.19876560045969427
gin,9332,CS(=O)(=O)CCNCc1ccc(-c2ccc3ncnc(Nc4ccc(OCc5ccccc5)cc4)c3c2)o1,7.568636417388916,7.222216514599538,0.16998888482297547,0.8055555555555556,0.3464199027893784
gin,9345,CS(=O)(=O)CCOCc1ccc(-c2ccc3ncnc(Nc4ccc(OCc5cccc(F)c5)c(Cl)c4)c3c2)o1,7.585026741027832,7.952364962231968,0.04533245569348487,0.8375,0.36733822120413606
gin,9346,CS(=O)(=O)C[C@@H](N)c1ccc(-c2ccc3ncnc(Nc4ccc(OCc5cccc(F)c5)c(Cl)c4)c3c2)o1,7.966576099395752,8.073211473217441,0.25999760201020283,0.7586206896551724,0.10663537382168897
gin,9347,CS(=O)(=O)C[C@H](N)c1ccc(-c2ccc3ncnc(Nc4ccc(OCc5cccc(F)c5)c(Cl)c4)c3c2)o1,7.86966609954834,8.123734192903953,0.28386978572130706,0.7586206896551724,0.2540680933556132
gin,9355,CS(=O)(=O)NCCNCc1ccc(-c2ccc3ncnc(Nc4ccc(OCc5cccc(F)c5)c(Cl)c4)c3c2)o1,7.808548927307129,8.087770050839822,0.28785830667794565,0.8705882352941177,0.2792211235326931
gin,9379,CSCCNCc1ccc(-c2ccc3ncnc(Nc4ccc(OCc5cccc(F)c5)c(Cl)c4)c3c2)o1,7.249954700469971,7.932665400282701,0.09357268237714451,0.8352941176470589,0.6827106998127306
gin,9599,C[S+]([O-])CCNCc1ccc(-c2ccc3ncnc(Nc4ccc(OCc5cccc(F)c5)c(Cl)c4)c3c2)o1,7.278436660766602,8.08619227860035,0.15942630726504714,0.8488372093023255,0.8077556178337488
gin,11767,NS(=O)(=O)CCNCc1ccc(-c2ccc3ncnc(Nc4ccc(OCc5cccc(F)c5)c(Cl)c4)c3c2)o1,8.567030906677246,8.02581263339647,0.09077006851092044,0.8588235294117647,0.5412182732807764
gin,12228,O=C(/C=C/c1ccc(-c2ccc3ncnc(Nc4ccc(OCc5cccc(F)c5)c(Cl)c4)c3c2)o1)NO,8.048455238342285,7.108834478972952,0.07349566650377616,0.8095238095238095,0.9396207593693333
gin,12321,O=C(CCCCCCCNCc1ccc(-c2ccc3ncnc(Nc4ccc(OCc5cccc(F)c5)c(Cl)c4)c3c2)o1)NO,7.0,8.100710446689021,0.13893819152717937,0.6941176470588235,1.1007104466890212
gin,12332,O=C(CCCCCNCc1ccc(-c2ccc3ncnc(Nc4ccc(OCc5cccc(F)c5)c(Cl)c4)c3c2)o1)NO,7.0,8.094600462320045,0.16350813344701665,0.6941176470588235,1.0946004623200452
gin,12501,O=C(NO)c1ccc(-c2ccc3ncnc(Nc4ccc(OCc5cccc(F)c5)c(Cl)c4)c3c2)o1,8.408935546875,8.046805814831544,0.1308053172430996,0.7948717948717948,0.36212973204345644
gin,13090,O=S(=O)(CCNCc1ccc(-c2ccc3ncnc(Nc4ccc(OCc5cccc(F)c5)c(Cl)c4)c3c2)o1)CC(F)(F)F,7.8353495597839355,7.828999885619652,0.10248079719822697,0.8651685393258427,0.00634967416428367
gin,13095,O=S(=O)(NCc1ccc(-c2ccc3ncnc(Nc4ccc(OCc5cccc(F)c5)c(Cl)c4)c3c2)o1)C(F)(F)F,7.489455223083496,7.6325742291682275,0.3497707080159099,0.6976744186046512,0.14311900608473138
gin,13270,OCc1ccc(-c2ccc3ncnc(Nc4ccc(OCc5cccc(F)c5)c(Cl)c4)c3c2)o1,8.295849800109863,7.862855130137376,0.12730467268289505,0.7307692307692307,0.43299466997248715
gin,27,Brc1ccc2c(c1)CNc1c(Nc3ccccc3)ncnc1O2,5.0,5.454538456883995,0.06596419868642595,0.7169811320754716,0.45453845688399497
gin,36,Brc1cccc(Nc2ncnc3c2NCc2cc(Br)ccc2O3)c1,5.571333885192871,5.833825769669545,0.34814129979177844,0.6428571428571429,0.26249188447667393
gin,37,Brc1cccc(Nc2ncnc3c2NCc2ccccc2O3)c1,5.280017852783203,6.024688577979198,0.3060270585815299,0.6101694915254238,0.744670725195995
gin,183,C#Cc1cccc(Nc2ncnc3c2NCc2cc(OC)c(OC)cc2O3)c1,5.770303726196289,5.461372140564791,0.5322931614448764,0.6935483870967742,0.30893158563149825
gin,2019,C=CC(=O)Nc1ccc2c(c1)CNc1c(Nc3ccc(F)c(Cl)c3)ncnc1O2,5.180206775665283,6.6658969511526776,0.2563414725651661,0.5428571428571428,1.4856901754873943
gin,2020,C=CC(=O)Nc1ccc2c(c1)CNc1c(Nc3cccc(Br)c3)ncnc1O2,5.255865573883057,6.830948107290116,0.22922986937422188,0.5396825396825397,1.575082533407059
gin,7172,COc1cc(OC)c2c(c1)Oc1ncnc(Nc3cccc(Br)c3)c1NC2,4.861769199371338,5.473464264855039,0.3248496880406943,0.5671641791044776,0.6116950654837012
gin,7855,COc1cc2c(cc1OC)Oc1nc(C)nc(Nc3cccc(Br)c3)c1NC2,4.0,5.880574809756478,0.6066969146518044,0.65625,1.880574809756478
gin,7856,COc1cc2c(cc1OC)Oc1nc(C)nc(Nc3cccc(Cl)c3F)c1NC2,4.0,5.803620997111931,0.7067527267404189,0.6818181818181818,1.8036209971119312
gin,7857,COc1cc2c(cc1OC)Oc1ncnc(Nc3cc(Cl)ccc3F)c1NC2,5.683771133422852,5.525545094999416,0.20395815995860453,0.6190476190476191,0.15822603842343597
gin,7858,COc1cc2c(cc1OC)Oc1ncnc(Nc3ccc(Br)cc3)c1NC2,4.530240535736084,5.27496651954138,0.15903351165041715,0.7413793103448276,0.7447259838052958
gin,7859,COc1cc2c(cc1OC)Oc1ncnc(Nc3ccc(F)c(Cl)c3)c1NC2,6.03786039352417,5.545047810507242,0.38496313722302766,0.7049180327868853,0.4928125830169279
gin,7860,COc1cc2c(cc1OC)Oc1ncnc(Nc3ccc(F)cc3)c1NC2,5.1339640617370605,5.341501474093349,0.22830971134203915,0.7368421052631579,0.2075374123562881
gin,7861,COc1cc2c(cc1OC)Oc1ncnc(Nc3ccc(F)cc3Cl)c1NC2,4.734260559082031,5.603950878774953,0.14231610254214364,0.6349206349206349,0.8696903196929213
gin,7865,COc1cc2c(cc1OC)Oc1ncnc(Nc3cccc(Br)c3)c1NC2,6.398211479187012,5.693353899955653,0.2927495279220586,0.7288135593220338,0.7048575792313585
gin,7866,COc1cc2c(cc1OC)Oc1ncnc(Nc3cccc(C)c3)c1NC2,5.24365758895874,5.422439340970584,0.3113660626843959,0.7413793103448276,0.17878175201184376
gin,7867,COc1cc2c(cc1OC)Oc1ncnc(Nc3cccc(Cl)c3F)c1NC2,5.930060386657715,5.764093775134427,0.35571719013766295,0.6875,0.16596661152328807
gin,8949,COc1ccc2c(c1)CNc1c(Nc3ccc(Cl)cc3)ncnc1O2,5.236571788787842,5.360754159183614,0.20188273541492077,0.6229508196721312,0.12418237039577207
gin,8950,COc1ccc2c(c1)CNc1c(Nc3ccc(F)c(Cl)c3)ncnc1O2,5.832773208618164,5.510173997109931,0.31883391163530705,0.5757575757575758,0.32259921150823345
gin,8952,COc1ccc2c(c1)CNc1c(Nc3cccc(Br)c3)ncnc1O2,5.754319190979004,5.749169839885653,0.2943931909300642,0.6190476190476191,0.005149351093351129
gin,8953,COc1ccc2c(c1)CNc1c(Nc3ccccc3)ncnc1O2,5.12493896484375,5.430662452455266,0.18710564200478788,0.7321428571428571,0.305723487611516
gin,8958,COc1ccc2c(c1)Oc1ncnc(Nc3ccc(F)c(Cl)c3)c1NC2,5.525304794311523,5.7798352925588325,0.4582779080902776,0.5671641791044776,0.2545304982473091
gin,8959,COc1ccc2c(c1)Oc1ncnc(Nc3cccc(Br)c3)c1NC2,5.622062683105469,6.015843852874636,0.4512059955033869,0.5846153846153846,0.3937811697691673
gin,9090,COc1cccc2c1CNc1c(Nc3cccc(Br)c3)ncnc1O2,5.0,5.408958074658159,0.23118685529193272,0.5692307692307692,0.4089580746581589
gin,9364,CS(=O)(=O)Nc1ccc2c(c1)CNc1c(Nc3ccc(F)c(Cl)c3)ncnc1O2,5.0,5.995058908961326,0.13407416549284437,0.5142857142857142,0.995058908961326
gin,9365,CS(=O)(=O)Nc1ccc2c(c1)CNc1c(Nc3cccc(Br)c3)ncnc1O2,5.271059036254883,6.2516052513067875,0.27103597741852575,0.5441176470588235,0.9805462150519046
gin,10801,Clc1ccc2c(c1)CNc1c(Nc3cccc(Br)c3)ncnc1O2,4.995699882507324,5.711783748059105,0.3073287338595751,0.5967741935483871,0.7160838655517807
gin,11111,FC(F)(F)Oc1ccc2c(c1)CNc1c(Nc3cccc(Br)c3)ncnc1O2,5.0,5.514180442339551,0.29570337129545504,0.5757575757575758,0.5141804423395513
gin,11173,Fc1ccc(Nc2ncnc3c2NCc2cc(Br)ccc2O3)cc1Cl,5.387345314025879,5.662651256365265,0.33633923736653637,0.5555555555555556,0.27530594233938643
gin,11174,Fc1ccc(Nc2ncnc3c2NCc2cc(Cl)ccc2O3)cc1Cl,5.683265686035156,5.489563763165464,0.32809091616555697,0.5806451612903226,0.19370192286969257
gin,11175,Fc1ccc(Nc2ncnc3c2NCc2ccccc2O3)cc1Cl,5.763621807098389,5.785683925982283,0.2973284323168152,0.5806451612903226,0.022062118883894755
gin,11213,Fc1ccc2c(c1)CNc1c(Nc3ccc(Cl)cc3)ncnc1O2,5.0,5.345685432631768,0.08753637649795402,0.6842105263157895,0.3456854326317682
gin,11214,Fc1ccc2c(c1)CNc1c(Nc3ccc(F)c(Cl)c3)ncnc1O2,5.571333885192871,5.520497161197113,0.20401003647463484,0.6779661016949152,0.05083672399575789
gin,11216,Fc1ccc2c(c1)CNc1c(Nc3cccc(Br)c3)ncnc1O2,5.49252986907959,5.793284890685584,0.24745648542643214,0.7678571428571429,0.300755021605994
gin,11217,Fc1ccc2c(c1)CNc1c(Nc3ccccc3)ncnc1O2,5.15490198135376,5.301263295095993,0.07779715331947262,0.8431372549019608,0.14636131374223282
gin,11872,Nc1ccc2c(c1)CNc1c(Nc3ccc(F)c(Cl)c3)ncnc1O2,5.2363786697387695,5.87713748808433,0.21835987669124415,0.5625,0.6407588183455601
gin,11873,Nc1ccc2c(c1)CNc1c(Nc3cccc(Br)c3)ncnc1O2,5.146214962005615,6.154217258753718,0.24609664625557454,0.6065573770491803,1.0080022967481028
gin,12779,O=C(O)c1ccc2c(c1)CNc1c(Nc3ccc(F)c(Cl)c3)ncnc1O2,4.939713001251221,5.425099154207302,0.3744311632424876,0.5441176470588235,0.4853861529560817
gin,12780,O=C(O)c1ccc2c(c1)CNc1c(Nc3cccc(Br)c3)ncnc1O2,5.261439323425293,5.632695846210467,0.337238801522943,0.5846153846153846,0.37125652278517407
gin,3109,CC(C)(C)CNc1c(C#N)cnc2c(Cl)cc(N[C@@H](C3=CN(CC(=O)O)NN3)c3ccc(F)nc3)cc12,8.309894561767578,7.791915536410983,0.08592949947654226,0.6382978723404256,0.5179790253565955
gin,3110,CC(C)(C)CNc1c(C#N)cnc2c(Cl)cc(N[C@@](O)(C3=CN(CC(=O)N[SH](C)(=O)O)NN3)c3ccc(F)nc3)cc12,8.154901504516602,7.644275646994458,0.2653873577943925,0.47706422018348627,0.5106258575221432
gin,3192,CC(C)(C)CNc1c(C#N)cnc2c(Cl)cc(N[C@H](C3=CNNN3)c3cccnc3)cc12,8.397939682006836,7.876220797748346,0.11827841292895278,0.7808219178082192,0.5217188842584903
gin,3958,CCC(F)(F)CN1C=C([C@@H](Nc2cc(C#N)c3ncc(C#N)c(NCC(C)(C)C)c3c2)c2ccc(F)nc2C)NN1,8.154901504516602,8.498648073877746,0.0750635361197521,0.8,0.34374656936114434
gin,3959,CCC(F)(F)CN1C=C([C@@H](Nc2cc(Cl)c3ncc(C#N)c(NCC(C)(C)C)c3c2)c2ccc(F)nc2C)NN1,7.958607196807861,8.273754786850702,0.08534254366055401,0.8068181818181818,0.3151475900428409
gin,5666,CN1C=C([C@H](Nc2cc(C#N)c3ncc(C#N)c(NCC(C)(C)C)c3c2)c2ccc(F)nc2)NN1,8.411953926086426,8.228074066666693,0.04274543494383716,0.6136363636363636,0.18387985941973284
gin,6184,COC1=C(C(Nc2cc(C#N)c3ncc(C#N)c(NCC(C)(C)C)c3c2)c2ccc(F)nc2C)NNN1C,7.92081880569458,8.087211033238049,0.18952725017056024,0.8,0.1663922275434686
gin,6185,COC1=C(C(Nc2cc(Cl)c3ncc(C#N)c(NCC(C)(C)C)c3c2)c2ccc(F)nc2C)NNN1C,7.958607196807861,7.825329791172919,0.1873346475524124,0.8068181818181818,0.13327740563494217
gin,6186,COC1=C(C(Nc2cc(Cl)c3ncc(C#N)c(NCC(C)(C)C)c3c2)c2ccc(OC)nc2C)NNN1C,7.4685211181640625,7.330525624813333,0.12193519342677792,0.7065217391304348,0.13799549335072925
gin,6190,COC1=C([C@@H](Nc2cc(Cl)c3ncc(C#N)c(NCC(C)(C)C)c3c2)c2ccc(F)nc2C)NNN1C,8.09691047668457,8.042978883382688,0.09971065030752944,0.8068181818181818,0.053931593301882685
gin,10306,Cc1nc(F)ccc1C(Nc1cc(Cl)c2ncc(C#N)c(NCC(C)(C)C)c2c1)C1=CN(C)NN1,7.6575775146484375,7.886261880999257,0.13468142370738045,0.8072289156626506,0.22868436635081935
gin,10320,Cc1nc(F)ccc1[C@H](Nc1cc(C#N)c2ncc(C#N)c(NCC(C)(C)C(F)(F)F)c2c1)C1=C(F)N([C@@H](C)CF)NN1,8.154901504516602,8.307836370482278,0.1309359682352128,0.7528089887640449,0.15293486596567618
gin,10321,Cc1nc(F)ccc1[C@H](Nc1cc(C#N)c2ncc(C#N)c(NCC(C)(C)C(F)(F)F)c2c1)C1=CN(C(C)(C)C)NN1,8.698969841003418,8.40903213103445,0.17925653054803004,0.7790697674418605,0.2899377099689673
gin,10329,Cc1nc(F)ccc1[C@H](Nc1cc(C#N)c2ncc(C#N)c(NCC(C)(C)C)c2c1)C1=C(F)N(C)NN1,8.397939682006836,8.288970490935696,0.07945007936745335,0.7804878048780488,0.10896919107113945
gin,10333,Cc1nc(F)ccc1[C@H](Nc1cc(C#N)c2ncc(C#N)c(NCC(C)(C)C)c2c1)C1=C(F)N([C@@H](C)CF)NN1,8.397939682006836,8.352287714908755,0.09406768550067712,0.735632183908046,0.04565196709808106
gin,10334,Cc1nc(F)ccc1[C@H](Nc1cc(C#N)c2ncc(C#N)c(NCC(C)(C)C)c2c1)C1=CN(C(C)(C)C(F)(F)F)NN1,8.301030158996582,8.376712563110402,0.08946420713613736,0.8170731707317073,0.07568240411382021
gin,10335,Cc1nc(F)ccc1[C@H](Nc1cc(C#N)c2ncc(C#N)c(NCC(C)(C)C)c2c1)C1=CN(C(C)(C)C(F)F)NN1,8.522878646850586,8.30453850671205,0.17015980588340812,0.8170731707317073,0.21834014013853675
gin,10336,Cc1nc(F)ccc1[C@H](Nc1cc(C#N)c2ncc(C#N)c(NCC(C)(C)C)c2c1)C1=CN(C(C)(C)C)NN1,8.698969841003418,8.437297713941518,0.1156181634224754,0.8481012658227848,0.2616721270618996
gin,10338,Cc1nc(F)ccc1[C@H](Nc1cc(C#N)c2ncc(C#N)c(NCC(C)(C)C)c2c1)C1=CN(C(C)(C)CF)NN1,8.698969841003418,8.623373157066965,0.0900725601898525,0.8170731707317073,0.07559668393645325
gin,10339,Cc1nc(F)ccc1[C@H](Nc1cc(C#N)c2ncc(C#N)c(NCC(C)(C)C)c2c1)C1=CN(C(CF)CF)NN1,8.698969841003418,8.454876432668925,0.04321080219217646,0.7738095238095238,0.24409340833449278
gin,10340,Cc1nc(F)ccc1[C@H](Nc1cc(C#N)c2ncc(C#N)c(NCC(C)(C)C)c2c1)C1=CN(C(F)(F)CO)NN1,8.698969841003418,8.380140000307676,0.030204090369985163,0.7976190476190477,0.3188298406957415
gin,10359,Cc1nc(F)ccc1[C@H](Nc1cc(C#N)c2ncc(C#N)c(NCC(C)(C)C)c2c1)C1=CN(CC(C)(F)F)NN1,8.397939682006836,8.638650304219482,0.11555883479307495,0.8292682926829268,0.24071062221264583
gin,10360,Cc1nc(F)ccc1[C@H](Nc1cc(C#N)c2ncc(C#N)c(NCC(C)(C)C)c2c1)C1=CN(CC(F)F)NN1,8.698969841003418,8.593989138861957,0.12798367499774083,0.8271604938271605,0.10498070214146082
gin,10365,Cc1nc(F)ccc1[C@H](Nc1cc(C#N)c2ncc(C#N)c(NCC(C)(C)C)c2c1)C1=CN([C@@H](C)CF)NN1,9.0,8.521719059809243,0.12369963135131733,0.7441860465116279,0.47828094019075706
gin,10389,Cc1nc(F)ccc1[C@H](Nc1cc(Cl)c2ncc(C#N)c(NCC(C)(C)C(F)(F)F)c2c1)C1=C(F)N([C@@H](C)CF)NN1,8.221848487854004,8.090743838151582,0.11863156980969716,0.7608695652173914,0.1311046497024222
gin,10390,Cc1nc(F)ccc1[C@H](Nc1cc(Cl)c2ncc(C#N)c(NCC(C)(C)C(F)(F)F)c2c1)C1=CN(C(C)(C)C)NN1,8.522878646850586,8.18112293247168,0.161501992701903,0.7865168539325843,0.3417557143789054
gin,10400,Cc1nc(F)ccc1[C@H](Nc1cc(Cl)c2ncc(C#N)c(NCC(C)(C)C)c2c1)C1=C(F)N(C)NN1,8.397939682006836,8.01797689901889,0.0866435868467001,0.8072289156626506,0.3799627829879455
gin,10406,Cc1nc(F)ccc1[C@H](Nc1cc(Cl)c2ncc(C#N)c(NCC(C)(C)C)c2c1)C1=C(F)N([C@@H](C)CF)NN1,8.397939682006836,8.092317495134438,0.08198630400012011,0.7613636363636364,0.30562218687239806
gin,10411,Cc1nc(F)ccc1[C@H](Nc1cc(Cl)c2ncc(C#N)c(NCC(C)(C)C)c2c1)C1=CN(C(C)(C)C(F)(F)F)NN1,8.221848487854004,8.13113125235759,0.0782959280667488,0.8235294117647058,0.0907172354964132
gin,10412,Cc1nc(F)ccc1[C@H](Nc1cc(Cl)c2ncc(C#N)c(NCC(C)(C)C)c2c1)C1=CN(C(C)(C)C(F)F)NN1,8.397939682006836,8.076117644576755,0.172372557129068,0.8235294117647058,0.3218220374300813
gin,10413,Cc1nc(F)ccc1[C@H](Nc1cc(Cl)c2ncc(C#N)c(NCC(C)(C)C)c2c1)C1=CN(C(C)(C)C)NN1,8.522878646850586,8.19601347412771,0.13738701741700868,0.8536585365853658,0.32686517272287574
gin,10415,Cc1nc(F)ccc1[C@H](Nc1cc(Cl)c2ncc(C#N)c(NCC(C)(C)C)c2c1)C1=CN(C(C)(C)CF)NN1,8.522878646850586,8.39224399882795,0.09996720893526655,0.8235294117647058,0.13063464802263525
gin,10416,Cc1nc(F)ccc1[C@H](Nc1cc(Cl)c2ncc(C#N)c(NCC(C)(C)C)c2c1)C1=CN(C(CF)CF)NN1,8.522878646850586,8.226367378298107,0.035261242607185425,0.7816091954022989,0.29651126855247867
gin,10417,Cc1nc(F)ccc1[C@H](Nc1cc(Cl)c2ncc(C#N)c(NCC(C)(C)C)c2c1)C1=CN(C(F)(F)CO)NN1,8.698969841003418,8.131967678264687,0.031773971559724466,0.8045977011494253,0.5670021627387314
gin,10443,Cc1nc(F)ccc1[C@H](Nc1cc(Cl)c2ncc(C#N)c(NCC(C)(C)C)c2c1)C1=CN(CC(C)(C)C(F)(F)F)NN1,7.602059841156006,8.370872270940595,0.11500340770405285,0.8160919540229885,0.7688124297845889
gin,10444,Cc1nc(F)ccc1[C@H](Nc1cc(Cl)c2ncc(C#N)c(NCC(C)(C)C)c2c1)C1=CN(CC(C)(F)F)NN1,8.221848487854004,8.43046227270321,0.14176566948460775,0.8352941176470589,0.20861378484920579
gin,10445,Cc1nc(F)ccc1[C@H](Nc1cc(Cl)c2ncc(C#N)c(NCC(C)(C)C)c2c1)C1=CN(CC(F)F)NN1,8.522878646850586,8.3848392804245,0.14953272092354278,0.8452380952380952,0.13803936642608505
gin,10450,Cc1nc(F)ccc1[C@H](Nc1cc(Cl)c2ncc(C#N)c(NCC(C)(C)C)c2c1)C1=CN([C@@H](C)CF)NN1,8.698969841003418,8.270418456862387,0.12119001896604369,0.7816091954022989,0.42855138414103067
gin,4033,CCCCCCCCCCCCCCCCCCCCNC(=O)COc1cc(O)c2c(=O)cc(-c3ccccc3)oc2c1,5.86966609954834,5.663625043250988,0.29886178865087876,0.3108108108108108,0.2060410562973516
gin,4034,CCCCCCCCCCCCCCCCCCCCOC(=O)COc1cc(O)c2c(=O)cc(-c3ccccc3)oc2c1,5.7988762855529785,5.890956519799104,0.38278945374037493,0.3125,0.09208023424612577
gin,4035,CCCCCCCCCCCCCCCCCCNC(=O)COc1cc(O)c2c(=O)cc(-c3ccccc3)oc2c1,6.333481788635254,5.749406567164641,0.2406445734558632,0.3108108108108108,0.5840752214706129
gin,4036,CCCCCCCCCCCCCCCCCCOC(=O)COc1cc(O)c2c(=O)cc(-c3ccccc3)oc2c1,6.159893989562988,5.9843738666400625,0.3306921033550231,0.3125,0.17552012292292574
gin,4037,CCCCCCCCCCCCCCCCNC(=O)COc1cc(O)c2c(=O)cc(-c3ccccc3)oc2c1,7.455932140350342,5.843986566878527,0.17663510026364287,0.3108108108108108,1.6119455734718144
gin,4038,CCCCCCCCCCCCCCCCOC(=O)COc1cc(O)c2c(=O)cc(-c3ccccc3)oc2c1,7.318758964538574,6.091244137392415,0.2710398272480752,0.3125,1.227514827146159
gin,4041,CCCCCCCCCCCCCCNC(=O)COc1cc(O)c2c(=O)cc(-c3ccccc3)oc2c1,6.500312805175781,5.944433250703085,0.10028201939728565,0.3108108108108108,0.5558795544726962
gin,4043,CCCCCCCCCCCCCCOC(=O)COc1cc(O)c2c(=O)cc(-c3ccccc3)oc2c1,5.995678424835205,6.2086410309476925,0.2028966533360823,0.3125,0.2129626061124874
gin,4045,CCCCCCCCCCCCNC(=O)COc1cc(O)c2c(=O)cc(-c3ccccc3)oc2c1,5.896196365356445,6.031445922220868,0.05784142324997888,0.3108108108108108,0.13524955686442297
gin,4047,CCCCCCCCCCCCOC(=O)COc1cc(O)c2c(=O)cc(-c3ccccc3)oc2c1,5.764471530914307,6.338678506760829,0.12642094082066513,0.3125,0.574206975846522
gin,4048,CCCCCCCCCCNC(=O)COc1cc(O)c2c(=O)cc(-c3ccccc3)oc2c1,5.669586181640625,6.114978015432513,0.1135891059034007,0.3108108108108108,0.44539183379188785
gin,4049,CCCCCCCCCCOC(=O)COc1cc(O)c2c(=O)cc(-c3ccccc3)oc2c1,5.507239818572998,6.439565880270379,0.053150825595527966,0.3125,0.9323260616973812
gin,4050,CCCCCCCCCNC(=O)COc1cc(O)c2c(=O)cc(-c3ccccc3)oc2c1,5.446116924285889,6.1618265611383904,0.15718732375249822,0.3108108108108108,0.7157096368525018
gin,4052,CCCCCCCCCOC(=O)COc1cc(O)c2c(=O)cc(-c3ccccc3)oc2c1,5.304518222808838,6.492648843273781,0.03786398245535285,0.3125,1.1881306204649427
gin,4054,CCCCCCCCNC(=O)COc1cc(O)c2c(=O)cc(-c3ccccc3)oc2c1,5.27327299118042,6.212535399735426,0.20564491469958837,0.3108108108108108,0.9392624085550061
gin,4056,CCCCCCCCOC(=O)COc1cc(O)c2c(=O)cc(-c3ccccc3)oc2c1,5.233587265014648,6.546206679919959,0.06629372175648317,0.3125,1.3126194149053108
gin,4059,CCCCCCCNC(=O)COc1cc(O)c2c(=O)cc(-c3ccccc3)oc2c1,5.202040195465088,6.266492393053542,0.25900399692144327,0.3108108108108108,1.0644521975884542
gin,4060,CCCCCCCOC(=O)COc1cc(O)c2c(=O)cc(-c3ccccc3)oc2c1,5.140861511230469,6.601708707396599,0.11094814218493686,0.3125,1.4608471961661307
gin,4062,CCCCCCNC(=O)COc1cc(O)c2c(=O)cc(-c3ccccc3)oc2c1,5.059981822967529,6.320900369556597,0.31796176599750003,0.3108108108108108,1.2609185465890675
gin,4064,CCCCCCOC(=O)COc1cc(O)c2c(=O)cc(-c3ccccc3)oc2c1,5.040005207061768,6.65891254619834,0.15614837515594882,0.3125,1.6189073391365723
gin,4658,CCOc1cc(O)c2c(=O)cc(-c3ccccc3)oc2c1,4.497572898864746,6.69381727224593,0.24209885231204548,0.35294117647058826,2.196244373381184
gin,6787,COc1cc(N)c2oc(-c3ccc(N)cc3)cc(=O)c2c1,4.0,7.11381059583168,0.01720794125446116,0.4418604651162791,3.11381059583168
gin,6788,COc1cc(N)c2oc(-c3cccc(N)c3)cc(=O)c2c1,4.0,7.5998569959955375,0.20968397734515393,0.3541666666666667,3.5998569959955375
gin,8808,COc1ccc(N)c2oc(-c3ccc(N)cc3)cc(=O)c12,4.0,6.803295495785423,0.1217333042939076,0.37777777777777777,2.803295495785423
gin,11844,Nc1ccc(-c2cc(=O)c3c(N)c(O)c(N)cc3o2)cc1,4.0,7.307972060955805,0.2623253869865333,0.2765957446808511,3.307972060955805
gin,11845,Nc1ccc(-c2cc(=O)c3c(O)c(N)ccc3o2)cc1,4.0,7.779613005337183,0.44617051688814824,0.28888888888888886,3.7796130053371826
gin,11846,Nc1ccc(-c2cc(=O)c3c(O)ccc(N)c3o2)cc1,4.0,7.376720866386961,0.29940968677493807,0.2826086956521739,3.376720866386961
gin,11847,Nc1ccc(-c2cc(=O)c3cc(N)c(O)c(N)c3o2)cc1,4.0,7.2797593333758925,0.3890153644162463,0.28888888888888886,3.2797593333758925
gin,11848,Nc1ccc(-c2cc(=O)c3cc(N)c(O)cc3o2)cc1,4.850780963897705,8.040692944067303,0.3848935349931356,0.2826086956521739,3.1899119801695974
gin,11849,Nc1ccc(-c2cc(=O)c3cc(N)cc(N)c3o2)cc1,4.0,7.429505948397832,0.1598194777749144,0.3023255813953488,3.429505948397832
gin,11850,Nc1ccc(-c2cc(=O)c3cc(N)ccc3o2)cc1,5.06048059463501,7.644846038708266,0.3463773765409212,0.3170731707317073,2.5843654440732564
gin,11851,Nc1ccc(-c2cc(=O)c3cc(O)cc(N)c3o2)cc1,4.0,7.767382348363299,0.20453073092398777,0.2826086956521739,3.7673823483632987
gin,11852,Nc1ccc(-c2cc(=O)c3ccc(O)c(N)c3o2)cc1,4.0,7.312608197603936,0.2846218987312397,0.30357142857142855,3.312608197603936
gin,11853,Nc1ccc(-c2cc(=O)c3cccc(N)c3o2)cc1,4.0,7.588740773375662,0.020711234895092603,0.29545454545454547,3.5887407733756618
gin,11903,Nc1cccc(-c2cc(=O)c3c(N)c(O)c(N)cc3o2)c1,5.107905387878418,7.74902047343943,0.07062282408383436,0.2535211267605634,2.6411150855610117
gin,11904,Nc1cccc(-c2cc(=O)c3cc(N)c(O)cc3o2)c1,4.0,8.571651640265827,0.07368904868772368,0.28,4.571651640265827
gin,11905,Nc1cccc(-c2cc(=O)c3cc(N)ccc3o2)c1,4.0,8.183740464304492,0.15339156597592898,0.26666666666666666,4.183740464304492
gin,13157,O=c1c(O)c(-c2ccc(O)c(O)c2)oc2cc(O)cc(O)c12,4.826813697814941,7.569326307259701,0.5352182664011284,0.4666666666666667,2.742512609444759
gin,3039,CC(C)(C)CNc1c(C#N)cnc2c(C#N)cc(N[C@H](C3=CN(C4(C#N)CC4)NN3)c3cccc4ncccc34)cc12,9.0,8.45274815912262,0.07680969762951646,0.8518518518518519,0.5472518408773794
gin,3042,CC(C)(C)CNc1c(C#N)cnc2c(C#N)cc(N[C@H](C3=CN(C4(C(F)(F)F)CC4)NN3)c3ccc(C#N)c4ncccc34)cc12,8.301030158996582,7.920613213986343,0.008387255371628996,0.7790697674418605,0.38041694501023926
gin,3045,CC(C)(C)CNc1c(C#N)cnc2c(C#N)cc(N[C@H](C3=CN(C4(C(F)(F)F)CC4)NN3)c3ccc(F)c4ncccc34)cc12,8.397939682006836,7.933179150061704,0.0670738626860896,0.813953488372093,0.46476053194513156
gin,3057,CC(C)(C)CNc1c(C#N)cnc2c(C#N)cc(N[C@H](C3=CN(C4(C(F)(F)F)CC4)NN3)c3cccc4ncccc34)cc12,8.397939682006836,8.018218841814075,0.09733632763510756,0.8235294117647058,0.37972084019276053
gin,3064,CC(C)(C)CNc1c(C#N)cnc2c(C#N)cc(N[C@H](C3=CN(C4(C(F)F)CC4)NN3)c3ccc(F)c4ncccc34)cc12,8.698969841003418,8.163284781108473,0.058146218324918,0.813953488372093,0.535685059894945
gin,3070,CC(C)(C)CNc1c(C#N)cnc2c(C#N)cc(N[C@H](C3=CN(C4(C(F)F)CC4)NN3)c3cccc4ncccc34)cc12,8.698969841003418,8.244134655797382,0.05820201686170974,0.8214285714285714,0.4548351852060364
gin,3073,CC(C)(C)CNc1c(C#N)cnc2c(C#N)cc(N[C@H](C3=CN(C4(C(N)=O)CC4)NN3)c3cccc4ncccc34)cc12,9.0,8.662074402031124,0.10241340353043725,0.9518072289156626,0.33792559796887645
gin,3078,CC(C)(C)CNc1c(C#N)cnc2c(C#N)cc(N[C@H](C3=CN(C4(C)CC4)NN3)c3cccc4ncccc34)cc12,8.698969841003418,8.550863021378348,0.07022764071447862,0.8518518518518519,0.14810681962507033
gin,3095,CC(C)(C)CNc1c(C#N)cnc2c(C#N)cc(N[C@H](C3=CN(C4CC4)NN3)c3cccc4ncccc34)cc12,8.698969841003418,8.412919733940214,0.07338513880303921,0.8292682926829268,0.286050107063204
gin,3102,CC(C)(C)CNc1c(C#N)cnc2c(C#N)cc(N[C@H](C3=CN([C@@H]4C[C@@H]4F)NN3)c3cccc4ncccc34)cc12,8.698969841003418,8.09905191253847,0.14923564016294374,0.7790697674418605,0.5999179284649472
gin,3117,CC(C)(C)CNc1c(C#N)cnc2c(Cl)cc(N[C@H](C3=CN(C4(C#N)CC4)NN3)c3cccc4ncccc34)cc12,8.698969841003418,8.2465768319733,0.08746015216923185,0.8571428571428571,0.4523930090301178
gin,3120,CC(C)(C)CNc1c(C#N)cnc2c(Cl)cc(N[C@H](C3=CN(C4(C(F)(F)F)CC4)NN3)c3ccc(Cl)c4ncccc34)cc12,7.7695512771606445,7.5489653035440085,0.07004762949277461,0.8045977011494253,0.220585973616636
gin,3123,CC(C)(C)CNc1c(C#N)cnc2c(Cl)cc(N[C@H](C3=CN(C4(C(F)(F)F)CC4)NN3)c3ccc(F)c4ncccc34)cc12,8.045757293701172,7.701715341440973,0.05062645192224773,0.8202247191011236,0.3440419522601985
gin,3134,CC(C)(C)CNc1c(C#N)cnc2c(Cl)cc(N[C@H](C3=CN(C4(C(F)(F)F)CC4)NN3)c3cccc4ncc(F)cc34)cc12,7.638272285461426,7.884347172124393,0.12649374241772182,0.8295454545454546,0.24607488666296717
gin,3135,CC(C)(C)CNc1c(C#N)cnc2c(Cl)cc(N[C@H](C3=CN(C4(C(F)(F)F)CC4)NN3)c3cccc4ncccc34)cc12,7.7695512771606445,7.77497788321412,0.08633961112708095,0.8705882352941177,0.00542660605347578
gin,3145,CC(C)(C)CNc1c(C#N)cnc2c(Cl)cc(N[C@H](C3=CN(C4(C(F)F)CC4)NN3)c3ccc(F)c4ncccc34)cc12,8.397939682006836,7.953826278424856,0.04137981483041212,0.8202247191011236,0.44411340358198004
gin,3154,CC(C)(C)CNc1c(C#N)cnc2c(Cl)cc(N[C@H](C3=CN(C4(C(F)F)CC4)NN3)c3cccc4ncccc34)cc12,8.397939682006836,8.034835905089324,0.07666717117195562,0.8295454545454546,0.3631037769175123
gin,3158,CC(C)(C)CNc1c(C#N)cnc2c(Cl)cc(N[C@H](C3=CN(C4(C(N)=O)CC4)NN3)c3cccc4ncccc34)cc12,8.698969841003418,8.472535798994727,0.11889218548529894,0.9534883720930233,0.226434042008691
gin,3164,CC(C)(C)CNc1c(C#N)cnc2c(Cl)cc(N[C@H](C3=CN(C4(C)CC4)NN3)c3cccc4ncccc34)cc12,8.301030158996582,8.329317781389705,0.09130543923250639,0.8571428571428571,0.028287622393122547
gin,3183,CC(C)(C)CNc1c(C#N)cnc2c(Cl)cc(N[C@H](C3=CN(C4CC4)NN3)c3cccc4ncccc34)cc12,8.698969841003418,8.193475389610114,0.07468950082777999,0.8452380952380952,0.5054944513933037
gin,3191,CC(C)(C)CNc1c(C#N)cnc2c(Cl)cc(N[C@H](C3=CN([C@@H]4C[C@@H]4F)NN3)c3cccc4ncccc34)cc12,8.522878646850586,7.876334195930639,0.16788296541962142,0.7865168539325843,0.6465444509199472
gin,3315,CC(C)(CNc1c(C#N)cnc2c(C#N)cc(N[C@H](C3=CN(C4(C(F)F)CC4)NN3)c3ccc(F)c4ncccc34)cc12)C(F)(F)F,8.522878646850586,8.147130226951731,0.08973137859076472,0.8222222222222222,0.375748419898855
gin,3317,CC(C)(CNc1c(C#N)cnc2c(C#N)cc(N[C@H](C3=CN(C4(C(F)F)CC4)NN3)c3cccc4ncccc34)cc12)C(F)(F)F,8.522878646850586,8.23178197003358,0.12352074725527758,0.8409090909090909,0.2910966768170056
gin,3321,CC(C)(CNc1c(C#N)cnc2c(Cl)cc(N[C@H](C3=CN(C4(C(F)F)CC4)NN3)c3ccc(F)c4ncccc34)cc12)C(F)(F)F,8.522878646850586,7.973082821568198,0.04412759485096056,0.8279569892473119,0.5497958252823878
gin,3323,CC(C)(CNc1c(C#N)cnc2c(Cl)cc(N[C@H](C3=CN(C4(C(F)F)CC4)NN3)c3cccc4ncccc34)cc12)C(F)(F)F,8.154901504516602,8.046317070952114,0.11971526343554602,0.8,0.10858443356448788
gin,3723,CC1(N2C=C([C@@H](Nc3cc(C#N)c4ncc(C#N)c(NCC(C)(C)C(F)(F)F)c4c3)c3ccc(F)c4ncccc34)NN2)CC1,8.698969841003418,8.443561648917353,0.09167576796919778,0.8409090909090909,0.25540819208606536
gin,3724,CC1(N2C=C([C@@H](Nc3cc(C#N)c4ncc(C#N)c(NCC(C)(C)C(F)(F)F)c4c3)c3cccc4ncccc34)NN2)CC1,8.522878646850586,8.530314802064822,0.1519856849436533,0.8604651162790697,0.007436155214236351
gin,3725,CC1(N2C=C([C@@H](Nc3cc(Cl)c4ncc(C#N)c(NCC(C)(C)C(F)(F)F)c4c3)c3ccc(F)c4ncccc34)NN2)CC1,8.698969841003418,8.245640782562305,0.06984057909341009,0.8461538461538461,0.4533290584411134
gin,3726,CC1(N2C=C([C@@H](Nc3cc(Cl)c4ncc(C#N)c(NCC(C)(C)C(F)(F)F)c4c3)c3cccc4ncccc34)NN2)CC1,8.522878646850586,8.321102643214715,0.14840951081753256,0.7872340425531915,0.2017760036358709
gin,5586,CN(CC(C)(C)C)c1c(C#N)cnc2c(Cl)cc(N(C)[C@H](C3=C(F)N(C4(C(F)F)CC4)NN3)c3cccc4ncccc34)cc12,7.886056423187256,7.1865417765279815,0.4263188994343841,0.42105263157894735,0.6995146466592743
gin,8928,COc1ccc2c([C@H](Nc3cc(C#N)c4ncc(C#N)c(NCC(C)(C)C)c4c3)C3=CN(C4(C(F)(F)F)CC4)NN3)cccc2n1,7.958607196807861,7.319246063657445,0.09259630517858078,0.7865168539325843,0.6393611331504161
gin,8929,COc1ccc2c([C@H](Nc3cc(Cl)c4ncc(C#N)c(NCC(C)(C)C)c4c3)C3=CN(C4(C(F)(F)F)CC4)NN3)cccc2n1,7.481485843658447,7.135351063529356,0.08473127137787628,0.8111111111111111,0.34613478012909127
gin,9227,COc1ccnc2cccc([C@H](Nc3cc(Cl)c4ncc(C#N)c(NCC(C)(C)C)c4c3)C3=CN(C4(C(F)(F)F)CC4)NN3)c12,6.4202165603637695,7.7548108967009455,0.08874420223042843,0.8131868131868132,1.334594336337176
gin,10109,Cc1ccc2c([C@H](Nc3cc(C#N)c4ncc(C#N)c(NCC(C)(C)C)c4c3)C3=CN(C4(C)CC4)NN3)cccc2n1,8.522878646850586,8.465934870227159,0.15417449582042983,0.8333333333333334,0.05694377662342731
gin,10255,Cc1ccnc2cccc([C@H](Nc3cc(C#N)c4ncc(C#N)c(NCC(C)(C)C)c4c3)C3=CN(C4(C(F)(F)F)CC4)NN3)c12,7.886056423187256,8.123627882108053,0.05232470227305542,0.7840909090909091,0.23757145892079734
gin,10256,Cc1ccnc2cccc([C@H](Nc3cc(Cl)c4ncc(C#N)c(NCC(C)(C)C)c4c3)C3=CN(C4(C(F)(F)F)CC4)NN3)c12,7.3665313720703125,7.8852827357064825,0.04284568207647695,0.8505747126436781,0.51875136363617
gin,8709,COc1ccc(C2=NN(C3=NC(=O)CS3)C(c3ccc(Br)cc3)C2)cc1,5.899629592895508,5.980642564895717,0.122717592843906,0.7413793103448276,0.08101297200020952
gin,8710,COc1ccc(C2=NN(C3=NC(=O)CS3)C(c3ccc(C)cc3)C2)cc1,5.262807369232178,5.777474160503431,0.035412607291539146,0.7543859649122807,0.514666791271253
gin,8711,COc1ccc(C2=NN(C3=NC(=O)CS3)C(c3ccc(Cl)cc3)C2)cc1,5.271646022796631,5.922058400437535,0.1469612808629082,0.7413793103448276,0.6504123776409045
gin,8712,COc1ccc(C2=NN(C3=NC(=O)CS3)C(c3ccc(F)cc3)C2)cc1,5.225482940673828,5.920624404976067,0.038560983457651965,0.7413793103448276,0.6951414643022389
gin,8713,COc1ccc(C2=NN(C3=NC(=O)CS3)C(c3ccc(OC)cc3)C2)cc1,5.051098346710205,5.812129222291276,0.12270006728974053,0.8113207547169812,0.7610308755810706
gin,8716,COc1ccc(C2=NN(C3=NC(=O)CS3)C(c3ccccc3)C2)cc1,5.625251770019531,5.8297779575374875,0.10930590691763775,0.8,0.20452618751795626
gin,8734,COc1ccc(C2CC(c3ccc(Br)cc3)=NN2C2=NC(=O)CS2)cc1,5.099086761474609,5.963832398919422,0.11415143853451219,0.7413793103448276,0.8647456374448126
gin,8741,COc1ccc(C2CC(c3ccc(C)cc3)=NN2C2=NC(=O)CS2)cc1,5.372633934020996,5.800011449092608,0.05287167724534788,0.7543859649122807,0.4273775150716119
gin,8744,COc1ccc(C2CC(c3ccc(Cl)cc3)=NN2C2=NC(=O)CS2)cc1,5.066512584686279,5.931732825755276,0.14414745070342178,0.7413793103448276,0.8652202410689966
gin,8746,COc1ccc(C2CC(c3ccc(F)cc3)=NN2C2=NC(=O)CS2)cc1,4.971022129058838,5.914240970378444,0.04753439338355757,0.7413793103448276,0.9432188413196059
gin,8747,COc1ccc(C2CC(c3ccccc3)=NN2C2=NC(=O)CS2)cc1,5.369572162628174,5.875002055706204,0.130008185529376,0.8,0.5054298930780305
gin,9969,Cc1ccc(C2=NN(C3=NC(=O)CS3)C(c3ccc(Br)cc3)C2)cc1,6.619788646697998,5.980908627667176,0.090056324422196,0.7843137254901961,0.6388800190308217
gin,9970,Cc1ccc(C2=NN(C3=NC(=O)CS3)C(c3ccc(C)cc3)C2)cc1,5.935542106628418,5.692994286541619,0.08748605001085136,0.7843137254901961,0.24254782008679854
gin,9971,Cc1ccc(C2=NN(C3=NC(=O)CS3)C(c3ccc(Cl)cc3)C2)cc1,5.7798919677734375,5.917732965663873,0.041703463716730164,0.7142857142857143,0.1378409978904358
gin,9972,Cc1ccc(C2=NN(C3=NC(=O)CS3)C(c3ccc(F)cc3)C2)cc1,5.696804046630859,5.862828126401638,0.1310869344346109,0.7142857142857143,0.1660240797707786
gin,9976,Cc1ccc(C2=NN(C3=NC(=O)CS3)C(c3ccccc3)C2)cc1,5.966576099395752,5.706901796273627,0.24687928378272012,0.7735849056603774,0.25967430312212514
gin,9994,Cc1ccc(C2CC(c3ccc(Br)cc3)=NN2C2=NC(=O)CS2)cc1,5.253365993499756,5.963002145897249,0.09082974156692865,0.7843137254901961,0.7096361523974934
gin,10001,Cc1ccc(C2CC(c3ccc(Cl)cc3)=NN2C2=NC(=O)CS2)cc1,5.17587423324585,5.905790748169295,0.04905399682476114,0.7142857142857143,0.7299165149234454
gin,10002,Cc1ccc(C2CC(c3ccc(F)cc3)=NN2C2=NC(=O)CS2)cc1,5.077793598175049,5.848362627882011,0.09582333311923184,0.7142857142857143,0.7705690297069623
gin,10003,Cc1ccc(C2CC(c3ccccc3)=NN2C2=NC(=O)CS2)cc1,5.518557548522949,5.755416242153615,0.25994922452402824,0.7735849056603774,0.23685869363066558
gin,12943,O=C1CSC(N2N=C(c3ccc(Br)cc3)CC2c2ccc(Br)cc2)=N1,5.692503929138184,6.101518275627349,0.12733645556012732,0.8695652173913043,0.40901434648916535
gin,12944,O=C1CSC(N2N=C(c3ccc(Br)cc3)CC2c2ccc(Cl)cc2)=N1,5.38510274887085,6.04674447442342,0.1462676883674386,0.7843137254901961,0.6616417255525704
gin,12945,O=C1CSC(N2N=C(c3ccc(Br)cc3)CC2c2ccc(F)cc2)=N1,5.188425064086914,6.078049288653702,0.09983950373035641,0.7843137254901961,0.8896242245667878
gin,12946,O=C1CSC(N2N=C(c3ccc(Br)cc3)CC2c2ccccc2)=N1,5.494850158691406,5.981048589259359,0.09685724488530269,0.78,0.48619843056795276
gin,12947,O=C1CSC(N2N=C(c3ccc(Cl)cc3)CC2c2ccc(Br)cc2)=N1,5.642065048217773,6.058192160958953,0.16222190427720073,0.7843137254901961,0.4161271127411794
gin,12948,O=C1CSC(N2N=C(c3ccc(Cl)cc3)CC2c2ccc(Cl)cc2)=N1,5.0883097648620605,5.996010076224749,0.18972698278243852,0.6862745098039216,0.9077003113626887
gin,12949,O=C1CSC(N2N=C(c3ccc(Cl)cc3)CC2c2ccc(F)cc2)=N1,4.847405910491943,6.003385716339267,0.08311802226135799,0.625,1.1559798058473234
gin,12950,O=C1CSC(N2N=C(c3ccc(Cl)cc3)CC2c2ccccc2)=N1,5.272458553314209,5.917664863882521,0.0838573653608039,0.6666666666666666,0.6452063105683123
gin,12951,O=C1CSC(N2N=C(c3ccc(F)cc3)CC2c2ccc(Br)cc2)=N1,5.319664478302002,6.079952837752813,0.09580123254826838,0.7843137254901961,0.7602883594508114
gin,12952,O=C1CSC(N2N=C(c3ccc(F)cc3)CC2c2ccc(Cl)cc2)=N1,4.961777210235596,6.002084352169135,0.0793994222714423,0.625,1.040307141933539
gin,12953,O=C1CSC(N2N=C(c3ccc(F)cc3)CC2c2ccc(F)cc2)=N1,4.771599769592285,5.962469048696519,0.07520907105244427,0.6862745098039216,1.1908692791042341
gin,12954,O=C1CSC(N2N=C(c3ccc(F)cc3)CC2c2ccccc2)=N1,5.0893754959106445,5.837169301356937,0.22343802830892362,0.6666666666666666,0.7477938054462925
gin,12955,O=C1CSC(N2N=C(c3ccccc3)CC2c2ccc(Br)cc2)=N1,5.86966609954834,6.041047087397402,0.12262714326792706,0.8163265306122449,0.1713809878490622
gin,12956,O=C1CSC(N2N=C(c3ccccc3)CC2c2ccc(Cl)cc2)=N1,5.457174777984619,5.979351760359748,0.10501944833000576,0.7307692307692307,0.5221769823751288
gin,12957,O=C1CSC(N2N=C(c3ccccc3)CC2c2ccc(F)cc2)=N1,5.313363552093506,5.881944893710909,0.25075483444636903,0.7307692307692307,0.5685813416174028
gin,12959,O=C1CSC(N2N=C(c3ccccc3)CC2c2ccccc2)=N1,5.471083164215088,5.700345506609068,0.3784938021193766,0.7708333333333334,0.22926234239398013
gin,336,C/C=C/C(=O)Nc1cc(Nc2nccc(-c3cn(C)c4ccccc34)n2)cc2cnn(CCN(C)C)c12,6.744727611541748,5.709424534313428,0.14951730873922786,0.8947368421052632,1.0353030772283205
gin,337,C/C=C/C(=O)Nc1cc(Nc2nccc(-c3cn(S(=O)(=O)CC)c4ccccc34)n2)cc2cnn(CCN(C)C)c12,7.6575775146484375,6.799727198569716,0.1069662323352369,0.8023255813953488,0.8578503160787214
gin,338,C/C=C/C(=O)Nc1cc(Nc2nccc(-c3cn(S(=O)(=O)CC)c4ccccc34)n2)cc2cnn(CCN(CC)CC)c12,7.721246242523193,6.765026124140522,0.11016901973974852,0.8045977011494253,0.9562201183826717
gin,1591,C=CC(=O)Nc1cc(Nc2nccc(-c3cn(C)c4ccccc34)n2)cc2cnn(CCN(C)C)c12,6.752026557922363,6.610318651217,0.11306074018104925,0.8933333333333333,0.14170790670536348
gin,1601,C=CC(=O)Nc1cc(Nc2nccc(-c3cn(S(=O)(=O)CC)c4ccccc34)n2)cc2cnn(CCN(C)C)c12,7.508638381958008,7.325406402763619,0.1139857918500624,0.8023255813953488,0.18323197919438883
gin,1602,C=CC(=O)Nc1cc(Nc2nccc(-c3cn(S(=O)(=O)CC)c4ccccc34)n2)cc2cnn(CCN(CC)CC)c12,7.376750946044922,7.229552816861755,0.0659680125628649,0.8045977011494253,0.14719812918316677
gin,2929,CC(=O)Nc1cc(Nc2nccc(-c3cn(C)c4ccccc34)n2)cc2cnn(CCN(C)C)c12,6.616184711456299,5.536371306340584,0.10126636596077125,0.8873239436619719,1.0798134051157149
gin,3357,CC(C)=CC(=O)Nc1cc(Nc2nccc(-c3cn(C)c4ccccc34)n2)cc2cnn(CCN(C)C)c12,6.422508239746094,5.725110892295646,0.15850925971008223,0.8947368421052632,0.6973973474504476
gin,3379,CC(C)C(=O)Nc1cc(Nc2nccc(-c3cn(C)c4ccccc34)n2)cc2cnn(CCN(C)C)c12,6.242603778839111,5.395132927214803,0.1826770777856679,0.7792207792207793,0.8474708516243084
gin,3853,CCC(=O)Nc1cc(Nc2nccc(-c3cn(C)c4ccccc34)n2)cc2cnn(CCN(C)C)c12,6.663540363311768,5.568912669449304,0.11176846017646466,0.7894736842105263,1.0946276938624635
gin,3858,CCC(=O)Nc1cc(Nc2nccc(-c3cn(S(=O)(=O)CC)c4ccccc34)n2)cc2cnn(CCN(C)C)c12,7.568636417388916,6.894421371648782,0.06435507038588015,0.8536585365853658,0.6742150457401337
gin,3859,CCC(=O)Nc1cc(Nc2nccc(-c3cn(S(=O)(=O)CC)c4ccccc34)n2)cc2cnn(CCN(CC)CC)c12,7.677780628204346,6.84424485506959,0.08163806743537516,0.8554216867469879,0.8335357731347557
gin,4267,CCN(CC)CCn1ncc2cc(Nc3nccc(-c4cn(S(=O)(=O)CC)c5ccccc45)n3)cc(Cl)c21,7.619788646697998,7.154603591439681,0.18322787080223799,0.7625,0.465185055258317
gin,4268,CCN(CC)CCn1ncc2cc(Nc3nccc(-c4cn(S(=O)(=O)CC)c5ccccc45)n3)cc(NC(=O)C(C)C)c21,7.221848964691162,6.780535752927506,0.08451428699431189,0.813953488372093,0.44131321176365645
gin,4270,CCN(CC)CCn1ncc2cc(Nc3nccc(-c4cn(S(=O)(=O)CC)c5ccccc45)n3)cc(NC(=O)C=C(C)C)c21,7.638272285461426,6.810339713065403,0.07829410027840651,0.7954545454545454,0.8279325723960227
gin,4271,CCN(CC)CCn1ncc2cc(Nc3nccc(-c4cn(S(=O)(=O)CC)c5ccccc45)n3)cc(NC(C)=O)c21,7.886056423187256,6.80885010626942,0.09608010310141649,0.8433734939759037,1.0772063169178354
gin,4272,CCN(CC)CCn1ncc2cc(Nc3nccc(-c4cn(S(=O)(=O)CC)c5ccccc45)n3)ccc21,7.958607196807861,7.33993185828588,0.22650850236028292,0.75,0.6186753385219816
gin,4981,CCS(=O)(=O)n1cc(-c2ccnc(Nc3cc(NC(=O)C=C(C)C)c4c(cnn4CCN(C)C)c3)n2)c2ccccc21,7.537601947784424,6.854177284114584,0.06328873148328949,0.7931034482758621,0.6834246636698396
gin,4982,CCS(=O)(=O)n1cc(-c2ccnc(Nc3cc(NC(C)=O)c4c(cnn4CCN(C)C)c3)n2)c2ccccc21,7.9062395095825195,6.855474797376182,0.08076220446062363,0.8414634146341463,1.0507647122063375
gin,4984,CCS(=O)(=O)n1cc(-c2ccnc(Nc3ccc4c(cnn4CC(=O)N(C)C)c3)n2)c2ccccc21,7.4202165603637695,7.19841391320287,0.15196548761870068,0.6962025316455697,0.22180264716089937
gin,4985,CCS(=O)(=O)n1cc(-c2ccnc(Nc3ccc4c(cnn4CCN(C)C)c3)n2)c2ccccc21,8.119186401367188,7.4185767556176785,0.18083169384844752,0.7638888888888888,0.700609645749509
gin,4997,CCS(=O)(=O)n1cc(-c2nc(Nc3ccc4c(cnn4CCN(C)C)c3)ncc2Cl)c2ccccc21,7.658026218414307,7.204300387696918,0.19751015830972835,0.7837837837837838,0.4537258307173886
gin,5169,CCn1ncc2cc(Nc3nccc(-c4cn(S(=O)(=O)CC)c5ccccc45)n3)cc(NC(=O)C(C)C)c21,7.431798458099365,7.036169471031464,0.14209015625480814,0.6818181818181818,0.3956289870679015
gin,5498,CN(C)CCn1ncc2cc(Nc3ncc(C(F)(F)F)c(-c4cn(C)c5ccccc45)n3)cc(Cl)c21,7.036211967468262,6.121775126199047,0.16033765137547992,0.5411764705882353,0.9144368412692145
gin,5499,CN(C)CCn1ncc2cc(Nc3ncc(Cl)c(-c4cn(C)c5ccccc45)n3)ccc21,7.148741722106934,6.37368132916631,0.4063795030040372,0.6025641025641025,0.7750603929406239
gin,5500,CN(C)CCn1ncc2cc(Nc3ncc([N+](=O)[O-])c(-c4cn(C)c5ccccc45)n3)cc(Cl)c21,7.0,6.646904718581688,0.19530772562224563,0.6708860759493671,0.35309528141831237
gin,5501,CN(C)CCn1ncc2cc(Nc3nccc(-c4cn(C)c5ccccc45)n3)cc(Cl)c21,6.7695512771606445,6.132411249836203,0.18262542777139995,0.75,0.6371400273244419
gin,5502,CN(C)CCn1ncc2cc(Nc3nccc(-c4cn(C)c5ccccc45)n3)ccc21,6.425968647003174,6.135371505384022,0.21901915862035432,0.7352941176470589,0.29059714161915196
gin,9238,COc1cnc(Nc2ccc3c(cnn3CCN(C)C)c2)nc1-c1cn(C)c2ccccc12,6.690369606018066,6.574403027742584,0.36595101759586296,0.5625,0.11596657827548285
gin,13380,[2H]C([2H])([2H])n1cc(-c2ccnc(Nc3cc(NC(=O)/C=C/C)c4c(cnn4CCN(C)C)c3)n2)c2ccccc21,6.6038007736206055,6.339842701068851,0.25380578890965844,0.8271604938271605,0.2639580725517545
gin,13381,[2H]C([2H])([2H])n1cc(-c2ccnc(Nc3cc(NC(=O)C(C)C)c4c(cnn4CCN(C)C)c3)n2)c2ccccc21,6.467245578765869,6.106232003349185,0.4259103773593808,0.8072289156626506,0.3610135754166839
gin,13383,[2H]C([2H])([2H])n1cc(-c2ccnc(Nc3cc(NC(=O)C=C(C)C)c4c(cnn4CCN(C)C)c3)n2)c2ccccc21,6.686132907867432,6.306442980092974,0.3052246207372323,0.8271604938271605,0.3796899277744572
gin,13406,[2H]C([2H])([2H])n1cc(-c2ccnc(Nc3cc(NC(=O)C=C)c4c(cnn4CCN(C)C)c3)n2)c2ccccc21,6.348721981048584,6.621464520116955,0.1824288997720812,0.825,0.2727425390683713
gin,13407,[2H]C([2H])([2H])n1cc(-c2ccnc(Nc3cc(NC(=O)CC)c4c(cnn4CCN(C)C)c3)n2)c2ccccc21,6.591760158538818,6.245530180532022,0.3733494092052154,0.8395061728395061,0.34622997800679656
gin,13408,[2H]C([2H])([2H])n1cc(-c2ccnc(Nc3cc(NC(C)=O)c4c(cnn4CCN(C)C)c3)n2)c2ccccc21,6.801342964172363,6.253596371066204,0.34050089465022343,0.8375,0.5477465931061589
