model,test_idx,smiles,y_true,pred,std,max_sim,abs_err
rf,74,Brc1cccc(Nc2ncnc3ccccc23)c1,7.568636417388916,7.360102317247396,0.9456792733953469,0.7272727272727273,0.20853410014152018
rf,99,C#CC(=O)Nc1ccc2ncnc(Nc3cccc(Br)c3)c2c1,8.682257652282715,6.8358075597568355,0.8144136903959671,0.6507936507936508,1.8464500925258793
rf,100,C#CCCCCCOc1cc2c(Nc3ccc(F)c(Cl)c3)ncnc2cc1OC,7.485452175140381,7.369145788612039,0.5624076553577664,0.6865671641791045,0.11630638652834158
rf,101,C#CCCCCOc1cc2c(Nc3ccc(F)c(Cl)c3)ncnc2cc1OC,7.059981822967529,7.368078844168912,0.5649535946925369,0.696969696969697,0.30809702120138294
rf,102,C#CCCCOc1cc2c(Nc3ccc(F)c(Cl)c3)ncnc2cc1OC,8.596879005432129,7.386030132483715,0.4931001565965222,0.7076923076923077,1.2108488729484135
rf,103,C#CCCCOc1cc2c(Nc3cccc(Cl)c3)ncnc2cc1OC,7.752026557922363,7.070878310410619,0.8805833927174483,0.5846153846153846,0.6811482475117439
rf,107,C#CCOc1cc2c(Nc3ccc(F)c(Cl)c3)ncnc2cc1OC,7.829738140106201,7.330885333750197,0.3948341844057516,0.671875,0.4988528063560045
rf,108,C#CCOc1cc2c(Nc3cccc(Cl)c3)ncnc2cc1OC,7.586700439453125,7.114241461243715,0.8943520275349646,0.6129032258064516,0.47245897820940996
rf,109,C#CCOc1cc2ncnc(Nc3ccc(F)c(Cl)c3)c2cc1NC(=O)C=C,8.154901504516602,8.157221340295173,0.6472447776242863,0.6753246753246753,0.002319835778571644
rf,110,C#Cc1cc(Nc2ncnc3cc(OC)c(OC)cc23)ccc1F,8.397939682006836,6.581513577889922,0.8012748647986782,0.5666666666666667,1.816426104116914
rf,111,C#Cc1cc(Nc2ncnc3cc(OC)c(OCCCCCCC(=O)NO)cc23)ccc1F,7.540607452392578,7.04043507018544,0.8415903522110936,0.6712328767123288,0.500172382207138
rf,112,C#Cc1cc(Nc2ncnc3cc(OC)c(OCCCCCCC(=O)NO)cc23)ccc1O,7.0,7.159561178301097,0.6736531468671156,0.6805555555555556,0.15956117830109662
rf,113,C#Cc1cc(Nc2ncnc3cc(OC)c(OCCCCCCCC(=O)NO)cc23)ccc1F,7.0,7.04043507018544,0.8415903522110936,0.6712328767123288,0.040435070185440125
rf,114,C#Cc1cc(Nc2ncnc3cc(OCCOC)c(OCCCCCCCC(=O)NO)cc23)ccc1F,7.0,7.188530102106716,0.7791870797355069,0.6419753086419753,0.18853010210671606
rf,115,C#Cc1cc2c(Nc3ccc(F)c(Cl)c3)ncnc2cc1OC,6.0,7.120121066680592,0.7222270131727684,0.6557377049180327,1.1201210666805919
rf,117,C#Cc1ccc2ncnc(Nc3ccc(F)c(Cl)c3)c2c1,6.896538257598877,6.949652152056056,0.6870097892184659,0.6727272727272727,0.05311389445717918
rf,130,C#Cc1cccc(Nc2nc(Cl)nc3cc(OC)c(OC)cc23)c1,5.096909999847412,4.7290624381505095,0.6791971118782815,0.5357142857142857,0.3678475616969026
rf,140,C#Cc1cccc(Nc2ncnc3cc(O)c(OCCCCCCC(=O)NO)cc23)c1,7.0,7.280281499096563,0.7843538839628298,0.5492957746478874,0.28028149909656275
rf,146,C#Cc1cccc(Nc2ncnc3cc(OC)c(NC(=O)CCCC(=O)NO)cc23)c1,7.0,7.647274800761018,0.8348621399636603,0.6363636363636364,0.6472748007610178
rf,147,C#Cc1cccc(Nc2ncnc3cc(OC)c(NC(=O)CCCCC(=O)NO)cc23)c1,7.0,7.6503178025055005,0.8286841893394362,0.6363636363636364,0.6503178025055005
rf,148,C#Cc1cccc(Nc2ncnc3cc(OC)c(NC(=O)CCCCCCC(=O)NO)cc23)c1,7.0,7.637592542088834,0.831408524242208,0.6282051282051282,0.637592542088834
rf,149,C#Cc1cccc(Nc2ncnc3cc(OC)c(OC)cc23)c1,8.270303726196289,7.104567438828743,0.858694854560594,0.7872340425531915,1.1657362873675456
rf,150,C#Cc1cccc(Nc2ncnc3cc(OC)c(OCC(=O)NO)cc23)c1,7.0,7.19245963899117,0.9150586282310376,0.6166666666666667,0.1924596389911697
rf,151,C#Cc1cccc(Nc2ncnc3cc(OC)c(OCCC(=O)NO)cc23)c1,7.0,7.312109872424637,0.826364283167473,0.6103896103896104,0.31210987242463695
rf,152,C#Cc1cccc(Nc2ncnc3cc(OC)c(OCCCC(=O)NO)cc23)c1,7.0,7.305797218373755,0.8260441857859464,0.6233766233766234,0.30579721837375473
rf,153,C#Cc1cccc(Nc2ncnc3cc(OC)c(OCCCCC(=O)NO)cc23)c1,7.411954402923584,7.351622043652471,0.7809012203685863,0.6527777777777778,0.060332359271113134
rf,154,C#Cc1cccc(Nc2ncnc3cc(OC)c(OCCCCCC(=O)NO)cc23)c1,7.668621063232422,7.347197082880275,0.7792878031333768,0.6666666666666666,0.32142398035214725
rf,155,C#Cc1cccc(Nc2ncnc3cc(OC)c(OCCCCCCC(=O)NO)cc23)c1,8.619789123535156,7.347197082880275,0.7792878031333768,0.6666666666666666,1.2725920406548816
rf,170,C#Cc1cccc(Nc2ncnc3cc(OCCCCCCC(=O)NO)c(OC)cc23)c1,7.543093204498291,7.347197082880275,0.7792878031333768,0.6666666666666666,0.1958961216180164
rf,171,C#Cc1cccc(Nc2ncnc3cc(OCCCCCCC(=O)NO)c(OCCOC)cc23)c1,7.0,7.536981965881571,0.6695601362131669,0.6538461538461539,0.5369819658815711
rf,176,C#Cc1cccc(Nc2ncnc3cc(OCCO)c(OCCOC)cc23)c1,9.0,7.655534697466519,0.6808420485001613,0.6857142857142857,1.3444653025334814
rf,189,C#Cc1cccc(Nc2ncnc3cc(OCCOC)c(NC(=O)/C=C/CN(C)C)cc23)c1,8.920818328857422,8.148630683145281,0.63282870229983,0.7307692307692307,0.7721876457121404
rf,190,C#Cc1cccc(Nc2ncnc3cc(OCCOC)c(NC(=O)C=C)cc23)c1,8.74472713470459,7.961108439157532,0.7100167476008777,0.6623376623376623,0.7836186955470579
rf,191,C#Cc1cccc(Nc2ncnc3cc(OCCOC)c(OCCCCCCC(=O)NO)cc23)c1,7.0,7.536981965881571,0.6695601362131669,0.6538461538461539,0.5369819658815711
rf,192,C#Cc1cccc(Nc2ncnc3cc(OCCOC)c(OCCOC)cc23)c1,7.522878646850586,7.6514688741965164,0.6565815290247587,0.7121212121212122,0.1285902273459305
rf,193,C#Cc1cccc(Nc2ncnc3cc(OCCOC)c(OCCOC)cc23)c1.Cl,7.100329875946045,7.364641313018087,1.0231860405976407,0.7014925373134329,0.26431143707204185
rf,225,C#Cc1cccc(Nc2ncnc3ccc(NC(C)=O)cc23)c1,7.408935546875,6.890073699840784,1.0848095058913,0.5737704918032787,0.5188618470342163
rf,226,C#Cc1cccc(Nc2ncnc3ccc(NC(N)=O)cc23)c1,6.712198257446289,6.940589271220118,1.0058145034605817,0.5483870967741935,0.22839101377382853
rf,227,C#Cc1cccc(Nc2ncnc3ccc(OCC(=O)NO)cc23)c1,7.0,7.081234203541134,0.8309310582961651,0.589041095890411,0.08123420354113442
rf,228,C#Cc1cccc(Nc2ncnc3ccc(OCCCC(=O)NO)cc23)c1,7.0,7.148142503717901,0.7823375494911999,0.5657894736842105,0.14814250371790116
rf,229,C#Cc1cccc(Nc2ncnc3ccc(OCCCCC(=O)NO)cc23)c1,7.0,7.179881430254023,0.7648284553261356,0.5970149253731343,0.1798814302540226
rf,230,C#Cc1cccc(Nc2ncnc3ccc(OCCCCCC(=O)NO)cc23)c1,7.0,7.171406333242147,0.7651788014225562,0.6119402985074627,0.17140633324214694
rf,231,C#Cc1cccc(Nc2ncnc3ccc(OCCCCCCC(=O)NO)cc23)c1,7.0,7.171406333242147,0.7651788014225562,0.6119402985074627,0.17140633324214694
rf,232,C#Cc1cccc(Nc2ncnc3ccc(OCCCCNCCS(C)(=O)=O)cc23)c1,7.653488636016846,7.161719417823084,0.745354687896333,0.6956521739130435,0.4917692181937614
rf,257,C/C=C/C(=O)Cc1ccc2ncnc(Nc3cccc(Br)c3)c2c1,9.260032653808594,7.699953015646814,0.7452919245701639,0.5846153846153846,1.5600796381617794
rf,261,C/C=C/C(=O)Nc1ccc2c(Nc3cccc(Br)c3)ncnc2c1,9.169988632202148,7.3129353246698106,1.3044181076085104,0.7049180327868853,1.8570533075323379
rf,263,C/C=C/C(=O)Nc1ccc2ncnc(Nc3cccc(Br)c3)c2c1,6.6270880699157715,6.4487192767665515,0.904131958929817,0.7543859649122807,0.17836879314921994
rf,264,C/C=C\C(=O)Nc1ccc2ncnc(Nc3cccc(Br)c3)c2c1,6.570247650146484,6.4487192767665515,0.904131958929817,0.7543859649122807,0.12152837337993283
rf,267,C=C(C)C(=O)Cc1ccc2ncnc(Nc3cccc(Br)c3)c2c1,8.920095443725586,7.677410119835282,0.7713745270055197,0.5862068965517241,1.2426853238903037
rf,269,C=C(C)C(=O)Nc1ccc2ncnc(Nc3cccc(Br)c3)c2c1,6.4698004722595215,6.89355903287451,0.8667608942071087,0.65625,0.4237585606149885
rf,283,C=C=CC(=O)Cc1ccc2ncnc(Nc3cccc(Br)c3)c2c1,8.799970626831055,7.709395029472498,0.7737644113726415,0.5666666666666667,1.0905755973585567
rf,284,C=C=CCCCCCOc1cc2c(Nc3ccc(F)c(Cl)c3)ncnc2cc1O,8.351639747619629,7.4871567720673005,0.7493616142033291,0.5131578947368421,0.8644829755523284
rf,285,C=C=CCCCCOc1cc2c(Nc3ccc(F)c(Cl)c3)ncnc2cc1O,7.183758735656738,7.481800904710304,0.7525751339750906,0.52,0.2980421690535655
rf,286,C=C=CCCCOc1cc2c(Nc3ccc(F)c(Cl)c3)ncnc2cc1O,8.500312805175781,7.482965875133465,0.8029217846854407,0.527027027027027,1.017346930042316
rf,287,C=C=CCCCOc1cc2c(Nc3cccc(Cl)c3)ncnc2cc1O,7.545155048370361,7.273372370845815,0.9381694783275775,0.4782608695652174,0.27178267752454666
rf,288,C=C=CCOc1cc2c(Nc3ccc(F)c(Cl)c3)ncnc2cc1O,7.623423099517822,7.422489698232625,0.7422560231508732,0.5373134328358209,0.2009334012851971
rf,289,C=C=CCOc1cc2c(Nc3cccc(Cl)c3)ncnc2cc1O,7.77211332321167,7.2292694197606195,0.9789826554106693,0.5,0.5428439034510504
rf,449,C=CC(=O)Nc1cc2c(Nc3ccc(Cl)c(C(F)(F)F)c3)ncnc2cc1OCCOC,6.0,7.623101478210738,0.9292136922992125,0.6835443037974683,1.6231014782107378
rf,451,C=CC(=O)Nc1cc2c(Nc3ccc(F)c(C#N)c3)ncnc2cc1OCCOC,6.708187103271484,7.307198028563157,0.9741676612559671,0.6708860759493671,0.5990109252916724
rf,454,C=CC(=O)Nc1cc2c(Nc3ccc(F)c(Cl)c3)ncnc2cc1OCC,9.74472713470459,8.308585216798745,0.643827397361876,0.7222222222222222,1.4361419179058448
rf,460,C=CC(=O)Nc1cc2c(Nc3ccc(NC(=O)C=C)c(C(F)(F)F)c3)ncnc2cc1OCCOC,6.938924789428711,7.452323157305032,1.0403387445432735,0.6578947368421053,0.513398367876321
rf,489,C=CC(=O)Nc1ccc2c(Nc3cccc(Br)c3)ncnc2c1,9.34838581085205,7.41838639142291,1.2896718914934342,0.6721311475409836,1.9299994194291408
rf,502,C=CC(=O)Nc1ccc2ncnc(Nc3c(F)cccc3Br)c2c1,5.6575775146484375,6.123310755709046,1.2541480350219907,0.5901639344262295,0.4657332410606081
rf,503,C=CC(=O)Nc1ccc2ncnc(Nc3cc(Cl)c(Cl)cc3F)c2c1,9.065383911132812,6.251025820844085,1.3010676014082527,0.6060606060606061,2.814358090288727
rf,504,C=CC(=O)Nc1ccc2ncnc(Nc3cc(F)c(Cl)c(Cl)c3)c2c1,10.431797981262207,6.53230405868612,1.4515409004380992,0.6,3.899493922576087
rf,505,C=CC(=O)Nc1ccc2ncnc(Nc3ccc(Br)c(C)c3)c2c1,5.638272285461426,6.471745035748319,1.2059677364753476,0.6206896551724138,0.8334727502868935
rf,506,C=CC(=O)Nc1ccc2ncnc(Nc3ccc(Br)c(OC)c3)c2c1,5.602059841156006,6.440857757520528,1.2818145884961212,0.6166666666666667,0.8387979163645225
rf,507,C=CC(=O)Nc1ccc2ncnc(Nc3ccc(Br)cc3C)c2c1,5.6575775146484375,5.905616099990082,1.2780970906968494,0.5833333333333334,0.2480385853416447
rf,508,C=CC(=O)Nc1ccc2ncnc(Nc3ccc(Br)cc3F)c2c1,6.560739040374756,5.9646945717003605,1.2210912211417642,0.5833333333333334,0.5960444686743953
rf,509,C=CC(=O)Nc1ccc2ncnc(Nc3ccc(C(C)(C)C)cc3)c2c1,6.161780834197998,5.783557106995418,1.216554321506819,0.6727272727272727,0.37822372720258013
rf,510,C=CC(=O)Nc1ccc2ncnc(Nc3ccc(CC)cc3)c2c1,5.494850158691406,5.819257095098876,1.3102066670615597,0.6727272727272727,0.32440693640746954
rf,511,C=CC(=O)Nc1ccc2ncnc(Nc3ccc(F)c(Cl)c3)c2c1,8.816788673400879,7.404554983180318,1.0671476909156006,0.7017543859649122,1.4122336902205612
rf,513,C=CC(=O)Nc1ccc2ncnc(Nc3ccc(OC)cc3OC)c2c1,5.150942802429199,6.276073704184804,1.264870580621115,0.6333333333333333,1.1251309017556048
rf,515,C=CC(=O)Nc1ccc2ncnc(Nc3ccc(S(=O)(=O)NC(=N)N)cc3)c2c1,4.27327299118042,5.608100172771742,1.177807551886104,0.6875,1.3348271815913222
rf,518,C=CC(=O)Nc1ccc2ncnc(Nc3ccc(S(N)(=O)=O)cc3)c2c1,4.116338729858398,5.682793778194716,1.1840156129647024,0.6721311475409836,1.5664550483363175
rf,519,C=CC(=O)Nc1ccc2ncnc(Nc3cccc(Br)c3)c2c1,8.698969841003418,6.645061076223584,1.0751467021592014,0.7192982456140351,2.053908764779834
rf,520,C=CC(=O)Nc1ccc2ncnc(Nc3cccc(C)c3)c2c1,8.852326393127441,6.691223556472599,1.2834711062630033,0.6607142857142857,2.161102836654843
rf,521,C=CC(=O)Nc1ccc2ncnc(Nc3cccc(C)c3F)c2c1,4.8892927169799805,6.903209826762772,1.4012867510080946,0.5901639344262295,2.013917109782792
rf,522,C=CC(=O)Nc1ccc2ncnc(Nc3cccc(CC)c3)c2c1,6.064651966094971,6.755698610979399,1.208425852200795,0.6271186440677966,0.6910466448844286
rf,523,C=CC(=O)Nc1ccc2ncnc(Nc3cccc(Cl)c3)c2c1,8.717076301574707,5.700415370226469,0.852343235548931,0.7321428571428571,3.0166609313482384
rf,524,C=CC(=O)Nc1ccc2ncnc(Nc3ccccc3)c2c1,9.0,6.800550969312288,1.3887018853063628,0.8333333333333334,2.1994490306877124
rf,525,C=CC(=O)Nc1ccc2ncnc(Nc3ccccc3CC)c2c1,5.211254119873047,5.801058161370864,1.4628340307757093,0.6379310344827587,0.5898040414978167
rf,712,C=CCCCCOc1cc2c(Nc3ccc(F)c(Cl)c3)ncnc2cc1OC,7.486782550811768,7.627170907019082,0.7107432923630751,0.696969696969697,0.14038835620731405
rf,713,C=CCN(C)CC#CC(=O)Nc1ccc2ncnc(Nc3cccc(Br)c3)c2c1,7.148741722106934,7.051707521419177,0.946035995147411,0.6666666666666666,0.09703420068775692
rf,719,C=COC(=O)N(C)/N=N/c1ccc2ncnc(Nc3cccc(Cl)c3)c2c1,6.142667293548584,6.339963345198018,1.0636859056261772,0.684931506849315,0.19729605164943376
rf,720,C=COC(=O)N(CCN(C)C)/N=N/c1ccc2ncnc(Nc3cccc(Cl)c3)c2c1,6.744727611541748,6.350263220904836,1.0002296453952022,0.573170731707317,0.3944643906369123
rf,724,C=CS(=O)(=O)Nc1ccc2ncnc(Nc3cccc(Br)c3)c2c1,8.849858283996582,6.960535932410035,1.1373273774874884,0.5892857142857143,1.8893223515865474
rf,733,CC#CC(=O)Nc1ccc2ncnc(Nc3cccc(Br)c3)c2c1,8.602060317993164,6.87056606218899,0.8577605625079815,0.6984126984126984,1.731494255804174
rf,736,CC(=O)/C=C/C(=O)Cc1ccc2ncnc(Nc3cccc(Br)c3)c2c1,8.920095443725586,7.708571133587484,0.7697447107738766,0.5757575757575758,1.2115243101381017
rf,782,CC(=O)Nc1cc2ncnc(Nc3cccc(Br)c3)c2cc1[N+](=O)[O-],7.552842140197754,7.830491619858319,1.105782682472788,0.5797101449275363,0.27764947966056486
rf,790,CC(=O)Nc1ccc2c(Nc3cccc(Br)c3)ncnc2c1,7.3939595222473145,7.551606765658296,1.0752913376621809,0.6538461538461539,0.1576472434109819
rf,792,CC(=O)Nc1ccc2ncnc(Nc3ccc(F)c(Cl)c3)c2c1,6.578395843505859,7.169152382795812,0.981448151356488,0.6964285714285714,0.590756539289953
rf,795,CC(=O)Nc1ccc2ncnc(Nc3cccc(Br)c3)c2c1,7.494850158691406,6.960218700091011,0.9066316332166539,0.6785714285714286,0.5346314586003951
rf,803,CC(=O)OCN(C)/N=N/c1ccc2ncnc(Nc3cccc(Cl)c3)c2c1,6.619788646697998,6.242350668299951,0.8242118799597703,0.6052631578947368,0.3774379783980466
rf,804,CC(=O)OCOC(=O)N(C)/N=N/c1ccc2ncnc(Nc3cccc(Cl)c3)c2c1,6.200659275054932,6.221169597728736,0.835072958795053,0.6666666666666666,0.020510322673803927
rf,881,CC(C)(O)C#Cc1ccc2ncnc(Nc3ccc(F)c(Cl)c3)c2c1,6.819587230682373,6.8664907395865855,0.7708313901079611,0.65,0.046903508904212465
rf,895,CC(C)N(C)CC#CC(=O)Nc1ccc2ncnc(Nc3cccc(Br)c3)c2c1,7.070580959320068,6.9451774900436725,0.744206483656531,0.6857142857142857,0.1254034692763959
rf,898,CC(C)N(CC#CC(=O)Nc1ccc2ncnc(Nc3ccc(F)c(Cl)c3)c2c1)C(C)C,8.167678833007812,7.366481343112258,0.6147309695495242,0.676056338028169,0.8011974898955545
rf,899,CC(C)N(CC#CC(=O)Nc1ccc2ncnc(Nc3cccc(Br)c3)c2c1)C(C)C,7.013228416442871,6.938724110712766,0.7344044502529062,0.6956521739130435,0.07450430573010536
rf,1037,CC(O)C#Cc1ccc2ncnc(Nc3ccc(F)c(Cl)c3)c2c1,7.0245680809021,6.8892218352468895,0.8047726142055344,0.65,0.13534624565521014
rf,1087,CCC(=O)Nc1cc2c(Nc3ccc(F)c(Cl)c3)ncnc2cc1OC,8.698969841003418,7.519004405656692,0.5601643979817261,0.7352941176470589,1.179965435346726
rf,1113,CCC(=O)Nc1ccc(Nc2ncnc3cc(OC)c(OC)cc23)cc1,5.0,5.552357104829326,0.7779991170525553,0.72,0.5523571048293263
rf,1114,CCC(=O)Nc1ccc(Nc2ncnc3cc(OC)c(OC)cc23)cc1C.Cl,5.0,6.452485577266918,1.058699668071848,0.6349206349206349,1.452485577266918
rf,1119,CCC(=O)Nc1ccc2ncnc(Nc3cccc(Br)c3)c2c1,9.366531372070312,7.6157463864675625,1.2233508680670018,0.7321428571428571,1.75078498560275
rf,1153,CCCC(=O)Nc1ccc(Nc2ncnc3cc(OC)c(OC)cc23)cc1C,5.0,6.7957841355620765,1.15576144989337,0.6197183098591549,1.7957841355620765
rf,1154,CCCC(=O)Nc1ccc(Nc2ncnc3cc(OC)c(OC)cc23)cc1C.Cl,5.0,6.572531629938144,1.2111174051061708,0.6338028169014085,1.572531629938144
rf,1160,CCCCC(=O)Nc1ccc(Nc2ncnc3cc(OC)c(OC)cc23)cc1C,5.0,6.792330508954852,1.1370565656514835,0.5945945945945946,1.7923305089548522
rf,1161,CCCCC(=O)Nc1ccc(Nc2ncnc3cc(OC)c(OC)cc23)cc1C.Cl,5.0,6.58425881667104,1.1898690211994842,0.6081081081081081,1.5842588166710403
rf,1195,CCCCCCOc1cc2c(Nc3ccc(F)c(Cl)c3)ncnc2cc1OC,6.97469425201416,7.338913199277162,0.4060319128671748,0.7419354838709677,0.3642189472630015
rf,1198,CCCCN(CC#CC(=O)Nc1ccc2ncnc(Nc3ccc(F)c(Cl)c3)c2c1)CCCC,7.678273677825928,7.232714423136019,0.6873626123559257,0.6666666666666666,0.44555925468990853
rf,1213,CCCCNC(=O)Nc1cc(Cl)c(Nc2ncnc3cc(OC)c(OC)cc23)cc1Cl.Cl,5.0,6.887874016371709,0.9040414294040522,0.5294117647058824,1.8878740163717094
rf,1214,CCCCNC(=O)Nc1ccc(Nc2ncnc3cc(OC)c(OC)cc23)cc1,5.0,5.804459638909504,0.9514241043456647,0.7169811320754716,0.8044596389095036
rf,1219,CCCCOC(=O)Nc1ccc(Nc2ncnc3cc(OC)c(OC)cc23)cc1,6.096909999847412,5.702442210165772,0.7974065170599443,0.6851851851851852,0.39446778968163976
rf,1220,CCCCOC(=O)Nc1ccc(Nc2ncnc3cc(OC)c(OC)cc23)cc1.Cl,6.096909999847412,6.07729870373722,1.0182308511727616,0.6727272727272727,0.019611296110191745
rf,1221,CCCCOC(=O)Nc1ccc(Nc2ncnc3cc(OC)c(OC)cc23)cc1C,5.1191864013671875,5.939531176923694,1.0650565813610606,0.7142857142857143,0.8203447755565065
rf,1222,CCCCOC(=O)Nc1ccc(Nc2ncnc3cc(OC)c(OC)cc23)cc1C.Cl,5.1191864013671875,5.7677584959783434,1.0041973315552466,0.7285714285714285,0.648572094611156
rf,1223,CCCCOC(=O)Nc1ccc(Nc2ncnc3cc(OC)c(OC)cc23)cc1Cl,5.193819999694824,6.072287902051593,1.1335708394333537,0.704225352112676,0.8784679023567685
rf,1224,CCCCOC(=O)Nc1ccc(Nc2ncnc3cc(OC)c(OC)cc23)cc1Cl.Cl,5.193819999694824,5.921019448932876,1.1041947304569797,0.7183098591549296,0.7271994492380518
rf,1226,CCCCOc1cc2c(Nc3ccc(Br)cc3F)ncnc2cc1OCCN(CC)CC,5.0,6.848748452462789,0.6358325802800231,0.5942028985507246,1.8487484524627886
rf,1227,CCCCOc1cc2c(Nc3ccc(NC(=O)OC)c(C)c3)ncnc2cc1OCCN(CC)CC,5.0,6.5985625456431265,1.0056185937393542,0.5822784810126582,1.5985625456431265
rf,1228,CCCCOc1cc2c(Nc3ccc(NC(=O)OC)c(Cl)c3)ncnc2cc1OCCN(CC)CC,5.0,6.929911267613088,0.8462842857900381,0.575,1.9299112676130878
rf,1229,CCCCOc1cc2c(Nc3ccc(NC(=O)OCC)c(C)c3)ncnc2cc1OCCN(CC)CC,5.0,5.8878537596102305,1.0699114170607391,0.6363636363636364,0.8878537596102305
rf,1230,CCCCOc1cc2c(Nc3ccc(NC(=O)OCC)c(C)c3)ncnc2cc1OCCN(CC)CC.Cl,5.0,5.717287978128747,1.0080547302778513,0.6493506493506493,0.7172879781287467
rf,1231,CCCCOc1cc2c(Nc3ccc(NC(=O)OCC)c(Cl)c3)ncnc2cc1OCCN(CC)CC,5.038578987121582,5.931477282716191,1.0948783545131426,0.6410256410256411,0.892898295594609
rf,1232,CCCCOc1cc2c(Nc3ccc(NC(=O)OCC)c(Cl)c3)ncnc2cc1OCCN(CC)CC.Cl,5.0087738037109375,5.772786557213157,1.032022775896603,0.6538461538461539,0.7640127535022199
rf,1233,CCCCOc1cc2ncnc(Nc3cccc(Br)c3)c2cc1OCCCC,6.978810787200928,7.7633047014065815,0.7927559099302509,0.6122448979591837,0.7844939142056537
rf,1235,CCCN(C/C=C/C(=O)Nc1ccc2ncnc(Nc3cccc(Br)c3)c2c1)CCC,7.045757293701172,6.633399799674279,0.957304928669947,0.6865671641791045,0.41235749402689326
rf,1237,CCCN(CC#CC(=O)Nc1ccc2ncnc(Nc3cccc(Br)c3)c2c1)CCC,7.207608222961426,6.961547561922236,0.8613972749997141,0.7313432835820896,0.24606066103918955
rf,1259,CCCOC(=O)Nc1ccc(Nc2ncnc3cc(OC)c(OC)cc23)cc1,5.151810646057129,5.5198080530979,0.7496400848524312,0.6792452830188679,0.3679974070407708
rf,1260,CCCOC(=O)Nc1ccc(Nc2ncnc3cc(OC)c(OC)cc23)cc1.Cl,5.151810646057129,5.9361854410378365,1.0526502348504667,0.6666666666666666,0.7843747949807076
rf,1261,CCCOC(=O)Nc1ccc(Nc2ncnc3cc(OC)c(OC)cc23)cc1C,6.045757293701172,5.820921376869705,1.0793902187404816,0.7352941176470589,0.2248359168314673
rf,1262,CCCOC(=O)Nc1ccc(Nc2ncnc3cc(OC)c(OC)cc23)cc1C.Cl,6.045757293701172,5.614712975908861,0.966241711570878,0.75,0.43104431779231067
rf,1263,CCCOC(=O)Nc1ccc(Nc2ncnc3cc(OC)c(OC)cc23)cc1Cl,6.0,6.034943878553586,1.1736949602565223,0.7246376811594203,0.034943878553585606
rf,1264,CCCOC(=O)Nc1ccc(Nc2ncnc3cc(OC)c(OC)cc23)cc1Cl.Cl,6.0,5.850187796160517,1.1193715248239204,0.7391304347826086,0.1498122038394829
rf,1267,CCCOc1cc2ncnc(Nc3ccc(NC(=O)OCC)c(C)c3)c2cc1OC.Cl,5.408935546875,5.392228581176302,0.8321872669677014,0.7941176470588235,0.016706965698698006
rf,1268,CCCOc1cc2ncnc(Nc3ccc(NC(=O)OCC)c(Cl)c3)c2cc1OC.Cl,5.259637355804443,5.5235806757892485,0.9706855982733347,0.7971014492753623,0.26394331998480514
rf,1269,CCCOc1cc2ncnc(Nc3cccc(Br)c3)c2cc1OCCC,9.764750480651855,7.831573943394575,0.72763414947299,0.625,1.933176537257281
rf,1287,CCN(CC)C/C=C/C(=O)Nc1ccc2ncnc(Nc3cccc(Br)c3)c2c1,7.136677265167236,6.634415616770607,0.9752201408267513,0.696969696969697,0.5022616483966296
rf,1290,CCN(CC)CC#CC(=O)Nc1ccc2ncnc(Nc3ccc(F)c(Cl)c3)c2c1,8.338065147399902,7.3151861742994635,0.6694940649870358,0.6857142857142857,1.0228789731004388
rf,1291,CCN(CC)CC#CC(=O)Nc1ccc2ncnc(Nc3cccc(Br)c3)c2c1,7.92081880569458,6.992346655379879,0.9041472340848222,0.7313432835820896,0.9284721503147013
rf,1293,CCN(CC)CCC#CC(=O)Nc1ccc2ncnc(Nc3ccc(F)c(Cl)c3)c2c1,8.545757293701172,7.341084277972487,0.694603658709469,0.6712328767123288,1.2046730157286847
rf,1302,CCN(CC)CCCOc1cc2c(Nc3ccc(F)c(Cl)c3)ncnc2cc1OC,7.2441253662109375,7.204444256585525,0.5017529750422196,0.7076923076923077,0.0396811096254126
rf,1314,CCN(CC)CCOc1cc2c(Nc3ccc(Br)cc3F)ncnc2cc1OC,5.040958404541016,6.814350332339381,0.5290757404665948,0.6666666666666666,1.7733919277983654
rf,1315,CCN(CC)CCOc1cc2c(Nc3ccc(F)c(Cl)c3)ncnc2cc1OC,7.031517028808594,7.228077324834326,0.4587530842167833,0.696969696969697,0.19656029602573266
rf,1316,CCN(CC)CCOc1cc2ncnc(Nc3ccc(Br)cc3F)c2cc1OC,5.0,6.814350332339381,0.5290757404665948,0.6666666666666666,1.814350332339381
rf,1317,CCN(CC)CCOc1cc2ncnc(Nc3ccc(C)c(Br)c3)c2cc1OC,5.0245680809021,7.267605314031965,0.9975805684972103,0.5074626865671642,2.243037233129866
rf,1318,CCN(CC)CCOc1cc2ncnc(Nc3ccc(F)c(Cl)c3)c2cc1OC,5.004364967346191,7.228077324834326,0.4587530842167833,0.696969696969697,2.223712357488135
rf,1319,CCN(CC)CCOc1cc2ncnc(Nc3ccc(NC(=O)OC)c(C)c3)c2cc1OC,5.0,6.509421312135769,1.1103832948042043,0.6447368421052632,1.5094213121357694
rf,1320,CCN(CC)CCOc1cc2ncnc(Nc3ccc(NC(=O)OC)c(Cl)c3)c2cc1OC,5.0,7.035181703311471,0.8682403085530602,0.6363636363636364,2.035181703311471
rf,1338,CCN(c1ccccc1)c1ncnc2cc(OC)c(OC)cc12.Cl,5.259637355804443,7.022149280671823,1.2927080520944483,0.5172413793103449,1.76251192486738
rf,1356,CCNC(=O)Nc1cc(Cl)c(Nc2ncnc3cc(OC)c(OC)cc23)cc1Cl.Cl,5.0,6.800105434391644,0.9142233075854226,0.5538461538461539,1.8001054343916438
rf,1358,CCNC(=O)Nc1ccc(Nc2ncnc3cc(OC)c(OC)cc23)cc1,5.0,5.439267453741132,0.7188247696413793,0.76,0.43926745374113185
rf,1359,CCNC(=O)Nc1ccc(Nc2ncnc3cc(OCCN(CC)CC)c(OC)cc23)cc1,5.0,5.565831428819733,0.8008675964253911,0.6229508196721312,0.5658314288197328
rf,1375,CCNc1ccc2c(Nc3cccc(Br)c3)ncnc2c1,7.920457363128662,7.462410865771351,1.099363058030253,0.6153846153846154,0.4580464973573113
rf,1382,CCOC(=O)/C=C/C(=O)Cc1ccc2ncnc(Nc3cccc(Br)c3)c2c1,8.569925308227539,7.550590552868473,0.9494387566565113,0.5352112676056338,1.0193347553590657
rf,1436,CCOC(=O)Nc1cc(Cl)c(Nc2ncnc3cc(OC)c(OC)cc23)cc1Cl.Cl,5.0,6.483668936932974,1.0554033777274314,0.6338028169014085,1.4836689369329736
rf,1437,CCOC(=O)Nc1cc(Nc2ncnc3cc(OC)c(OC)cc23)ccc1C,5.301030158996582,5.623433117335703,0.9665022301176525,0.711864406779661,0.32240295833912125
rf,1438,CCOC(=O)Nc1cc(Nc2ncnc3cc(OC)c(OC)cc23)ccc1C.Cl,5.301030158996582,5.45388988703885,0.8441490936854712,0.7,0.15285972804226766
rf,1439,CCOC(=O)Nc1cc(Nc2ncnc3cc(OC)c(OC)cc23)ccc1Cl,6.045757293701172,5.665220149113195,0.9798897254751318,0.7049180327868853,0.3805371445879766
rf,1440,CCOC(=O)Nc1cc(Nc2ncnc3cc(OC)c(OC)cc23)ccc1Cl.Cl,6.045757293701172,5.510584256643162,0.8692156028493554,0.6935483870967742,0.5351730370580094
rf,1441,CCOC(=O)Nc1ccc(Nc2ncnc3cc(OC)c(OC)cc23)cc1,5.0,5.468545747429217,0.753198746295609,0.7037037037037037,0.46854574742921695
rf,1442,CCOC(=O)Nc1ccc(Nc2ncnc3cc(OC)c(OC)cc23)cc1.Cl,5.0,5.888698980760824,1.0727851207893488,0.6909090909090909,0.8886989807608243
rf,1443,CCOC(=O)Nc1ccc(Nc2ncnc3cc(OC)c(OC)cc23)cc1C,6.045757293701172,5.589653396809404,0.9843165193001326,0.7575757575757576,0.45610389689176767
rf,1444,CCOC(=O)Nc1ccc(Nc2ncnc3cc(OC)c(OC)cc23)cc1C.Cl,6.045757293701172,5.390803014855353,0.8020345514255554,0.7727272727272727,0.6549542788458185
rf,1445,CCOC(=O)Nc1ccc(Nc2ncnc3cc(OC)c(OC)cc23)cc1Cl,6.0,5.718583360818439,1.0826999214252868,0.7611940298507462,0.2814166391815611
rf,1446,CCOC(=O)Nc1ccc(Nc2ncnc3cc(OC)c(OC)cc23)cc1Cl.Cl,6.0,5.531084339940386,0.9528992647258271,0.7761194029850746,0.46891566005961405
rf,1447,CCOC(=O)Nc1ccc(Nc2ncnc3cc(OC)c(OCCN(CC)CC)cc23)cc1C,5.0,5.596396218412908,1.0105311154406014,0.7162162162162162,0.5963962184129077
rf,1448,CCOC(=O)Nc1ccc(Nc2ncnc3cc(OC)c(OCCN(CC)CC)cc23)cc1C.Cl,5.0,5.394871954928096,0.8354181130038666,0.7297297297297297,0.3948719549280959
rf,1449,CCOC(=O)Nc1ccc(Nc2ncnc3cc(OCCN(CC)CC)c(OC)cc23)cc1C,5.0,5.596396218412908,1.0105311154406014,0.7162162162162162,0.5963962184129077
rf,1450,CCOC(=O)Nc1ccc(Nc2ncnc3cc(OCCN(CC)CC)c(OC)cc23)cc1C.Cl,5.0,5.394871954928096,0.8354181130038666,0.7297297297297297,0.3948719549280959
rf,1451,CCOC(=O)Nc1ccc(Nc2ncnc3cc(OCCN(CC)CC)c(OC)cc23)cc1Cl,5.0,5.704489035614286,1.0841251666737863,0.72,0.7044890356142863
rf,1452,CCOC(=O)Nc1ccc(Nc2ncnc3cc(OCCN(CC)CC)c(OC)cc23)cc1Cl.Cl,5.0,5.520880912585332,0.9570751869683378,0.7333333333333333,0.5208809125853318
rf,1457,CCOC(=O)Nc1ccc(Nc2ncnc3ccccc23)cc1C,5.0,5.764701226589022,0.9692450224026944,0.6842105263157895,0.7647012265890218
rf,1665,CCOc1cc2ncnc(Nc3cc(F)cc(C(F)(F)F)c3)c2cc1OCC.Cl,7.301030158996582,6.970534110511004,0.8891419367153595,0.5357142857142857,0.33049604848557834
rf,1672,CCOc1cc2ncnc(Nc3ccc(F)c(Cl)c3)c2cc1NC(=O)CCN(C)C,9.568635940551758,7.878546809347484,1.3323398409330758,0.7361111111111112,1.6900891312042736
rf,1675,CCOc1cc2ncnc(Nc3ccc(F)cc3)c2cc1OCC.Cl,7.636387825012207,6.999890307595983,0.8333538455420797,0.7021276595744681,0.636497517416224
rf,1714,CCOc1cc2ncnc(Nc3cccc(Br)c3)c2cc1OCC,11.221848487854004,7.810397793600581,0.7061657101903125,0.6862745098039216,3.411450694253423
rf,1715,CCOc1cc2ncnc(Nc3cccc(Br)c3)c2cc1OCC.Cl,8.494850158691406,7.723783587540146,0.858118479383211,0.6730769230769231,0.7710665711512599
rf,1716,CCOc1cc2ncnc(Nc3cccc(Cl)c3)c2cc1OCC.Cl,8.920818328857422,7.1001108875906915,0.9879493143844913,0.6730769230769231,1.8207074412667303
rf,1717,CCOc1cc2ncnc(Nc3cccc(F)c3)c2cc1OCC.Cl,8.087778091430664,7.029224968557333,1.043594889345077,0.6730769230769231,1.058553122873331
rf,1718,CCOc1cc2ncnc(Nc3cccc(I)c3)c2cc1OCC.Cl,8.337242126464844,7.103193863808968,1.2138571698297034,0.6730769230769231,1.2340482626558762
rf,1721,CCOc1cc2ncnc(Nc3ccccc3F)c2cc1OCC.Cl,7.801342964172363,6.990460360542005,0.9285062690732432,0.5769230769230769,0.8108826036303585
rf,1817,CN(/N=N/c1ccc2ncnc(Nc3cccc(Cl)c3)c2c1)C(=O)OCCCl,6.301030158996582,6.222498216461695,0.830870282086663,0.6756756756756757,0.07853194253488738
rf,1818,CN(/N=N/c1ccc2ncnc(Nc3cccc(Cl)c3)c2c1)C(=O)OCCl,6.408935546875,6.236376243717559,0.8626751766943778,0.6944444444444444,0.17255930315744106
rf,1821,CN(C(=O)N(CCCl)N=O)c1ccc2ncnc(Nc3cccc(Br)c3)c2c1,6.531652450561523,7.536790033486309,0.7165352913609633,0.47297297297297297,1.0051375829247853
rf,1822,CN(C(=O)N(CCCl)N=O)c1ccc2ncnc(Nc3cccc(Cl)c3)c2c1,6.690369606018066,6.337439189719424,0.9288225266874307,0.5263157894736842,0.3529304162986424
rf,1825,CN(C)/C=C/C(=O)Nc1ccc2ncnc(Nc3cccc(Br)c3)c2c1,6.602059841156006,6.4823656127962455,0.958417841475333,0.7166666666666667,0.1196942283597604
rf,1868,CN(C)C/C=C/C(=O)Nc1ccc2ncnc(Nc3cc(Cl)c(Cl)cc3F)c2c1,8.198969841003418,6.260553154675582,1.2353303996621503,0.5694444444444444,1.9384166863278356
rf,1869,CN(C)C/C=C/C(=O)Nc1ccc2ncnc(Nc3ccc(Br)cc3F)c2c1,7.076213836669922,6.040246886703665,1.1778369233338748,0.5416666666666666,1.035966949966257
rf,1870,CN(C)C/C=C/C(=O)Nc1ccc2ncnc(Nc3cccc(Br)c3)c2c1,8.0,6.582681671691599,0.9018323689000002,0.7301587301587301,1.4173183283084008
rf,1871,CN(C)C/C=C/C(=O)Nc1ccc2ncnc(Nc3cccc(I)c3)c2c1,8.66395092010498,6.736761693049607,1.1311699870303238,0.5857142857142857,1.9271892270553739
rf,1881,CN(C)CC#CC(=O)Nc1ccc2ncnc(Nc3cccc(Br)c3)c2c1,8.221848487854004,6.942344409051281,0.7881588990560612,0.7272727272727273,1.2795040788027228
rf,1886,CN(C)CCC(=O)N(C)c1ccc2ncnc(Nc3cccc(Br)c3)c2c1,7.759450912475586,7.588032113272565,0.7021212132926797,0.5373134328358209,0.17141879920302117
rf,1887,CN(C)CCC(=O)Nc1ccc2ncnc(Nc3cccc(Br)c3)c2c1,7.741971969604492,7.634343372088884,1.2963268054436705,0.7049180327868853,0.1076285975156086
rf,1892,CN(C)CCCC(=O)Nc1ccc2ncnc(Nc3cccc(Br)c3)c2c1,9.0,7.715189055345824,1.2167318326928902,0.6923076923076923,1.2848109446541756
rf,1907,CN(C)CCCNC(=O)/C=C/C(=O)Cc1ccc2ncnc(Nc3cccc(Br)c3)c2c1,9.360015869140625,7.672459650882385,0.8517427754299984,0.573170731707317,1.6875562182582398
rf,1914,CN(C)CCCOC(=O)/C=C/C(=O)Cc1ccc2ncnc(Nc3cccc(Br)c3)c2c1,8.619969367980957,7.4711745728033305,0.8644133169833077,0.5064935064935064,1.1487947951776265
rf,1924,CN(C)CCN/N=N/c1ccc2ncnc(Nc3cccc(Cl)c3)c2c1,7.431798458099365,6.1773923832134665,0.6112149841858578,0.734375,1.2544060748858987
rf,1961,CN(C)S(=O)(=O)c1ccc(Nc2nc(Cl)nc3ccccc23)cc1,4.0,4.738181684023329,0.49527345988384686,0.6415094339622641,0.7381816840233286
rf,1966,CN(C)c1cc2ncnc(Nc3cccc(Br)c3)c2cc1N,6.794302940368652,7.96539411048234,0.7324071535260245,0.6122448979591837,1.1710911701136872
rf,1967,CN(C)c1cc2ncnc(Nc3cccc(Br)c3)c2cc1[N+](=O)[O-],5.698969841003418,7.867434508406961,1.0139934262247585,0.5555555555555556,2.1684646674035433
rf,1982,CN(C)c1ccc2c(Nc3cccc(Br)c3)ncnc2c1,7.9543070793151855,7.86340499149223,0.8049419516580057,0.62,0.09090208782295583
rf,1985,CN(C)c1ccc2ncnc(Nc3cccc(Br)c3)c2c1,7.07572078704834,7.598642043712911,0.8031554404647439,0.6415094339622641,0.5229212566645716
rf,1999,CN(C/C=C/C(=O)Nc1ccc2ncnc(Nc3cccc(Br)c3)c2c1)CCO,7.853871822357178,6.89877492201863,1.2174457315672096,0.6666666666666666,0.9550969003385479
rf,2007,CN(CCCl)C(=O)Nc1ccc2ncnc(Nc3cccc(Br)c3)c2c1,6.806875228881836,6.97312228761167,0.9597768084707081,0.6,0.1662470587298337
rf,2008,CN(CCCl)C(=O)Nc1ccc2ncnc(Nc3cccc(Cl)c3)c2c1,7.091515064239502,5.828254157457455,0.8384093261592916,0.5846153846153846,1.2632609067820466
rf,2009,CN(CCCl)CCN/N=N/c1ccc2ncnc(Nc3cccc(Cl)c3)c2c1,8.356547355651855,6.115289347290896,0.6522575220257228,0.7692307692307693,2.2412580083609592
rf,2026,CN(c1ccccc1)c1ncnc2ccc(Cl)cc12,4.698969841003418,4.977016201853524,0.7142893234633735,0.44642857142857145,0.27804636085010603
rf,2027,CN(c1ccccc1)c1ncnc2ccccc12,4.301030158996582,4.9898465042925695,0.6711787627777229,0.4423076923076923,0.6888163452959875
rf,2113,CNC(=O)[C@@H](C)N(C)Cc1cc2c(Nc3cccc(Cl)c3F)ncnc2cc1OC,7.610924243927002,7.373516625397528,0.6366226760076243,0.6385542168674698,0.237407618529474
rf,2134,CNCC(O)COc1cc2c(Nc3ccc(F)c(Cl)c3)ncnc2cc1OC,8.301030158996582,7.3455750629000836,0.42662193353187927,0.7352941176470589,0.9554550960964985
rf,2135,CNCCOc1cc2c(Nc3ccc(F)c(Cl)c3)ncnc2cc1OC,8.09691047668457,7.369502766552449,0.3417052167714362,0.7258064516129032,0.7274077101321215
rf,2139,CNS(=O)(=O)c1ccc(Nc2nc(Cl)nc3cc(OC)c(OC)cc23)cc1,5.787812232971191,4.819818077176634,1.0575840472445108,0.6896551724137931,0.9679941557945577
rf,2145,CNc1cc2ncnc(Nc3cccc(Br)c3)c2cc1N,9.160585403442383,8.06886085517346,0.795227878030148,0.625,1.0917245482689228
rf,2146,CNc1cc2ncnc(Nc3cccc(Br)c3)c2cc1[N+](=O)[O-],7.163755416870117,8.033863340673639,1.0459723675344799,0.5660377358490566,0.8701079238035216
rf,2149,CNc1ccc2c(Nc3cccc(Br)c3)ncnc2c1,8.154901504516602,7.760044532831982,0.911060533750693,0.6444444444444445,0.39485697168461975
rf,2152,CNc1ccc2ncnc(Nc3cccc(Br)c3)c2c1,8.345504760742188,6.956449957562546,0.9766919167930826,0.6875,1.3890548031796417
rf,2154,CNc1ccc2ncnc(Nc3cccc(C)c3)c2c1,7.958607196807861,6.745016029647892,1.0937129498943994,0.5714285714285714,1.2135911671599695
rf,2155,CNc1ccc2ncnc(Nc3cccc(Cl)c3)c2c1,8.397939682006836,5.788879395948108,0.7314427808847822,0.673469387755102,2.609060286058728
rf,2232,COC(=O)Nc1cc(Nc2ncnc3cc(OC)c(OC)cc23)ccc1C,5.142667293548584,6.245141861618809,1.0296464841346946,0.7636363636363637,1.1024745680702246
rf,2233,COC(=O)Nc1cc(Nc2ncnc3cc(OC)c(OC)cc23)ccc1C.Cl,5.142667293548584,6.065858273440078,1.0142234428107815,0.75,0.9231909798914941
rf,2234,COC(=O)Nc1cc(Nc2ncnc3cc(OC)c(OC)cc23)ccc1Cl.Cl,5.0,6.355623383732025,1.0065561752410184,0.7543859649122807,1.3556233837320253
rf,2235,COC(=O)Nc1ccc(Nc2ncnc3cc(OC)c(OC)cc23)cc1,5.161150932312012,5.3810107663065505,0.648624940715,0.7659574468085106,0.2198598339945388
rf,2236,COC(=O)Nc1ccc(Nc2ncnc3cc(OC)c(OC)cc23)cc1C,5.397940158843994,6.337067518549865,1.0721605575022517,0.6470588235294118,0.9391273597058705
rf,2237,COC(=O)Nc1ccc(Nc2ncnc3cc(OC)c(OC)cc23)cc1C.Cl,5.397940158843994,6.120374244916873,1.0522042556458084,0.6617647058823529,0.7224340860728793
rf,2238,COC(=O)Nc1ccc(Nc2ncnc3cc(OC)c(OC)cc23)cc1Cl,5.211124897003174,6.949121079763922,0.9654256949936643,0.6610169491525424,1.7379961827607477
rf,2239,COC(=O)Nc1ccc(Nc2ncnc3cc(OC)c(OC)cc23)cc1Cl.Cl,5.211124897003174,6.741768340075846,1.0630292871723483,0.6521739130434783,1.5306434430726723
rf,2241,COC(=O)Nc1ccc2ncnc(Nc3cccc(Br)c3)c2c1,7.920457363128662,6.8763718930401785,0.939685141226667,0.6842105263157895,1.0440854700884836
rf,2280,COC/C=C/C(=O)Nc1ccc2ncnc(Nc3cccc(Br)c3)c2c1,5.94615364074707,6.588957933352779,0.9036160403542991,0.71875,0.6428042926057085
rf,2289,COCC#CC(=O)Nc1ccc2ncnc(Nc3cccc(Br)c3)c2c1,8.045757293701172,7.632494980763133,1.7940031068992666,0.7014925373134329,0.4132623129380386
rf,2291,COCC(=O)Nc1ccc2ncnc(Nc3cc(Cl)c(Cl)cc3F)c2c1,5.799299716949463,6.334382193340838,1.1699472649757592,0.5072463768115942,0.5350824763913753
rf,2292,COCC(=O)Nc1ccc2ncnc(Nc3cccc(Br)c3)c2c1,4.886056423187256,7.404735677604132,0.9993954626055236,0.7857142857142857,2.5186792544168766
rf,2293,COCC(=O)Nc1ccc2ncnc(Nc3cccc(I)c3)c2c1,5.301030158996582,7.041125897788333,1.1707305352049142,0.6129032258064516,1.7400957387917506
rf,2301,COCCN(C)C/C=C/C(=O)Nc1ccc2ncnc(Nc3cccc(Br)c3)c2c1,7.207608222961426,6.886114623198394,1.2518845056589019,0.6438356164383562,0.3214935997630315
rf,2304,COCCN(CCOC)CCOc1cc2c(Nc3ccc(F)c(Cl)c3)ncnc2cc1OC,7.214670181274414,7.266786108719916,0.4859243217515388,0.6923076923076923,0.05211592744550231
rf,2306,COCCN(Cc1cc2c(Nc3cccc(Cl)c3F)ncnc2cc1OC)[C@@H](C)C(N)=O,7.629818439483643,7.436407352311417,0.6233474937787155,0.6470588235294118,0.19341108717222522
rf,2318,COCCNCCOc1cc2c(Nc3ccc(F)c(Cl)c3)ncnc2cc1OC,8.09691047668457,7.356616817679276,0.38606938991889306,0.703125,0.7402936590052942
rf,2321,COCCOCC#CC(=O)Nc1ccc2ncnc(Nc3cccc(Br)c3)c2c1,7.187086582183838,7.609446892545136,1.7717732566974687,0.6527777777777778,0.42236031036129784
rf,2324,COCCOc1cc2c(Nc3ccc(F)c(Cl)c3)ncnc2cc1OCCCCCCC(=O)NO,7.0,7.346381215214426,0.5876057545327481,0.7567567567567568,0.3463812152144259
rf,2332,COCCOc1cc2ncnc(Nc3ccc(B(O)O)cc3)c2cc1OC,6.0,6.0468560978701085,0.8678758948639879,0.5606060606060606,0.04685609787010847
rf,2333,COCCOc1cc2ncnc(Nc3ccc(B(O)O)cc3)c2cc1OCCOC,6.0,6.176461694248907,0.9553743821501557,0.5873015873015873,0.176461694248907
rf,2334,COCCOc1cc2ncnc(Nc3ccc(Br)cc3F)c2cc1NC(=O)/C=C/CN(C)C,8.522878646850586,6.812257209708223,0.8834388827398667,0.6506024096385542,1.710621437142363
rf,2337,COCCOc1cc2ncnc(Nc3ccc(Cl)c(C(F)(F)F)c3)c2cc1NC(=O)/C=C/CN(C)C,6.241390705108643,7.361096901932534,1.021357182276862,0.7176470588235294,1.1197061968238913
rf,2339,COCCOc1cc2ncnc(Nc3ccc(Cl)cc3F)c2cc1OC,7.0,6.520181614285458,0.8403579178097492,0.7377049180327869,0.47981838571454194
rf,2341,COCCOc1cc2ncnc(Nc3ccc(F)c(C#N)c3)c2cc1NC(=O)/C=C/CN(C)C,6.0,7.247184442443448,0.9500179636804976,0.7176470588235294,1.247184442443448
rf,2343,COCCOc1cc2ncnc(Nc3ccc(F)c(Cl)c3)c2cc1NC(=O)/C=C/CN(C)C,8.920818328857422,7.698559398695613,0.95474240664399,0.8266666666666667,1.222258930161809
rf,2348,COCCOc1cc2ncnc(Nc3ccc(F)c(Cl)c3)c2cc1NC(=O)CCCC(=O)NO,7.0,7.732748508751191,0.8944980700074324,0.6341463414634146,0.7327485087511914
rf,2349,COCCOc1cc2ncnc(Nc3ccc(F)c(Cl)c3)c2cc1NC(=O)CCCCC(=O)NO,7.0,7.734990861554739,0.8948501195203249,0.6419753086419753,0.7349908615547394
rf,2350,COCCOc1cc2ncnc(Nc3ccc(F)c(Cl)c3)c2cc1NC(=O)CCCCCCC(=O)NO,7.0,7.728818921386995,0.8969175394412747,0.654320987654321,0.7288189213869947
rf,2351,COCCOc1cc2ncnc(Nc3ccc(F)c(Cl)c3)c2cc1OCCCCCCC(=O)NO,7.491483211517334,7.346381215214426,0.5876057545327481,0.7567567567567568,0.1451019963029081
rf,2354,COCCOc1cc2ncnc(Nc3ccc(NC(=O)/C=C/CN(C)C)c(C(F)(F)F)c3)c2cc1NC(=O)/C=C/CN(C)C,6.990124225616455,7.355018151094027,1.0114504765910912,0.6746987951807228,0.36489392547757227
rf,2368,COCCOc1cc2ncnc(Nc3cccc(B(O)O)c3)c2cc1OC,6.0,7.228921843579119,0.9616626078363051,0.5789473684210527,1.2289218435791192
rf,2369,COCCOc1cc2ncnc(Nc3cccc(B(O)O)c3)c2cc1OCCOC,6.0,7.407948731096775,0.8963196382401303,0.5909090909090909,1.4079487310967753
rf,2372,COCC[C@@H](C(N)=O)N(C)Cc1cc2c(Nc3cccc(Cl)c3F)ncnc2cc1OC,7.650515079498291,7.444249076261946,0.6223828286730243,0.6666666666666666,0.2062660032363448
rf,2387,COCOCC#CC(=O)Nc1ccc2ncnc(Nc3cccc(Br)c3)c2c1,7.229147911071777,7.602983112557098,1.7838601225957622,0.6619718309859155,0.37383520148532057
rf,2398,COC[C@@H](C(N)=O)N(C)Cc1cc2c(Nc3cccc(Cl)c3F)ncnc2cc1OC,7.489405155181885,7.44964902853426,0.6183525446801453,0.6626506024096386,0.03975612664762451
rf,2734,COc1cc(Nc2ncnc3c(C)cc(C)cc23)cc(OC)c1OC.Cl,4.698969841003418,6.520129092046641,0.9908571071390182,0.38095238095238093,1.8211592510432233
rf,2735,COc1cc(Nc2ncnc3c(OC)c(OC)c(OC)cc23)cc(OC)c1OC.Cl,4.698969841003418,6.610372293366573,0.9552873660115272,0.42592592592592593,1.9114024523631548
rf,2736,COc1cc(Nc2ncnc3cc(OC)c(OC)cc23)cc(OC)c1.Cl,5.522878646850586,6.549242991758075,0.9440185781851284,0.625,1.0263643449074893
rf,2741,COc1cc(Nc2ncnc3ccc(Cl)cc23)cc(OC)c1OC.Cl,6.0,6.741468197303001,0.8536200958716008,0.5166666666666667,0.7414681973030008
rf,2751,COc1cc(OC(C)C)c2c(Nc3ccc(F)c(Cl)c3)ncnc2c1,5.093234062194824,7.218718670843021,0.8436726683393365,0.6666666666666666,2.125484608648197
rf,2775,COc1cc2c(N(C)c3ccccc3)ncnc2c(OC)c1OC.Cl,4.698969841003418,5.271655134379536,0.8200079022481229,0.4827586206896552,0.572685293376118
rf,2879,COc1cc2c(Nc3ccc(F)c(Cl)c3)ncnc2cc1OCCCCCCC(=O)NO,8.154901504516602,7.364715247385111,0.45299910818140743,0.7647058823529411,0.7901862571314906
rf,2934,COc1cc2c(Nc3cccc(Br)c3)ncnc2c(OC)c1OC,5.0,6.748560593784141,0.6749408539780957,0.6181818181818182,1.7485605937841413
rf,3052,COc1cc2nc(C)nc(Nc3cccc(Br)c3)c2cc1OC,5.0,4.843370083723789,0.67521015466698,0.55,0.15662991627621103
rf,3053,COc1cc2nc(Cl)nc(N(C)c3ccccc3)c2cc1OC,4.301030158996582,4.826813999386269,0.6422743176075177,0.47368421052631576,0.5257838403896873
rf,3054,COc1cc2nc(Cl)nc(Nc3cc(OC)c(OC)c(OC)c3)c2cc1OC.Cl,4.698969841003418,4.688735396017089,0.6445456942999488,0.4918032786885246,0.010234444986329194
rf,3055,COc1cc2nc(Cl)nc(Nc3ccc(C(=O)O)cc3)c2cc1OC,4.0,4.660927691190759,0.5947180148297927,0.5483870967741935,0.6609276911907589
rf,3056,COc1cc2nc(Cl)nc(Nc3ccc(C(N)=O)cc3)c2cc1OC,6.045757293701172,4.484769631666534,0.9352558138714965,0.5396825396825397,1.5609876620346377
rf,3057,COc1cc2nc(Cl)nc(Nc3ccc(N(C)C)cc3)c2cc1OC,4.443697452545166,4.5173490869127235,0.6390188397552928,0.64,0.0736516343675575
rf,3058,COc1cc2nc(Cl)nc(Nc3ccc(NC(C)=O)cc3)c2cc1OC,4.424812316894531,4.629012809476485,0.5899534431418939,0.5483870967741935,0.20420049258195405
rf,3059,COc1cc2nc(Cl)nc(Nc3ccc(O)cc3)c2cc1OC,5.3665313720703125,4.537420479316275,0.5789754561962537,0.559322033898305,0.8291108927540378
rf,3060,COc1cc2nc(Cl)nc(Nc3ccc(S(=O)(=O)N(C)C)cc3)c2cc1OC,4.172630786895752,4.656662037175116,0.4466657848111815,0.6727272727272727,0.4840312502793642
rf,3062,COc1cc2nc(Cl)nc(Nc3ccc(S(=O)(=O)O)cc3)c2cc1OC,4.0,4.536019070006598,0.5116002292933043,0.6440677966101694,0.5360190700065983
rf,3063,COc1cc2nc(Cl)nc(Nc3ccc(S(C)(=O)=O)cc3)c2cc1OC,4.211124897003174,4.460014994490547,0.5355973977431586,0.6551724137931034,0.24889009748737312
rf,3064,COc1cc2nc(Cl)nc(Nc3ccc(S(N)(=O)=O)cc3)c2cc1OC,5.625251770019531,4.507876419423975,0.4707466275876243,0.6440677966101694,1.1173753505955561
rf,3065,COc1cc2nc(N)nc(Nc3cccc(Br)c3)c2cc1OC,6.334418773651123,4.198800683702856,0.6393865640080519,0.5666666666666667,2.1356180899482666
rf,3156,COc1cc2ncnc(N(C)c3ccc(Br)cc3F)c2cc1OC,5.0,5.137593067015025,0.654286117764771,0.4909090909090909,0.13759306701502538
rf,3157,COc1cc2ncnc(N(C)c3ccc(C)cc3)c2cc1OC.Cl,5.397940158843994,5.110730994429816,0.5893433273785619,0.6153846153846154,0.2872091644141781
rf,3158,COc1cc2ncnc(N(C)c3ccc(Cl)cc3)c2cc1OC.Cl,5.522878646850586,5.131713208051986,0.5892309419110998,0.6140350877192983,0.3911654387986001
rf,3159,COc1cc2ncnc(N(C)c3ccc(F)c(Cl)c3)c2cc1OC,5.0,5.147792728691056,0.5136018548700707,0.7142857142857143,0.14779272869105586
rf,3162,COc1cc2ncnc(N(C)c3cccc(Br)c3)c2cc1OC,5.909078121185303,5.093174231946796,0.6212512925696809,0.6181818181818182,0.8159038892385064
rf,3163,COc1cc2ncnc(N(C)c3cccc(C(F)(F)F)c3)c2cc1OC.Cl,4.522878646850586,5.4211216135874185,0.978206675163297,0.576271186440678,0.8982429667368326
rf,3164,COc1cc2ncnc(N(C)c3cccc(C)c3)c2cc1OC.Cl,4.92081880569458,5.142462539693011,0.6674820338018256,0.6181818181818182,0.22164373399843118
rf,3165,COc1cc2ncnc(N(C)c3cccc(Cl)c3)c2cc1OC.Cl,7.0,5.449088356202697,1.0176953223022713,0.6071428571428571,1.5509116437973027
rf,3167,COc1cc2ncnc(N(C)c3ccccc3)c2cc1OC.Cl,5.397940158843994,5.1834589846541475,0.6941338682125714,0.6938775510204082,0.2144811741898467
rf,3202,COc1cc2ncnc(Nc3cc(Br)cc(Br)c3)c2cc1OC,6.946921348571777,6.500400259123727,1.004734284294033,0.6153846153846154,0.44652108944805047
rf,3204,COc1cc2ncnc(Nc3cc(Cl)c(Cl)cc3F)c2cc1OC,8.991483688354492,6.753198978366565,0.6790091195835709,0.639344262295082,2.2382847099879273
rf,3210,COc1cc2ncnc(Nc3cc(F)cc(C(F)(F)F)c3)c2cc1OC.Cl,7.698969841003418,6.643760025598675,0.8439117377716838,0.5178571428571429,1.0552098154047433
rf,3217,COc1cc2ncnc(Nc3cc(OC)c(OC)c(OC)c3)c2cc1OC.Cl,6.301030158996582,6.7069422495570485,0.8507654799990277,0.6041666666666666,0.4059120905604665
rf,3234,COc1cc2ncnc(Nc3ccc(B(O)O)cc3)c2cc1OC,6.0,6.0078915404451765,0.6983144627856989,0.64,0.007891540445176481
rf,3235,COc1cc2ncnc(Nc3ccc(Br)c(Br)c3)c2cc1OC,10.142667770385742,7.085088447510408,0.8094894560686705,0.6326530612244898,3.057579322875334
rf,3236,COc1cc2ncnc(Nc3ccc(Br)cc3)c2cc1OC,9.017728805541992,6.143174124122231,0.6841341228187205,0.68,2.8745546814197613
rf,3237,COc1cc2ncnc(Nc3ccc(Br)cc3F)c2cc1OC,5.2441253662109375,6.642541909096571,0.5889182253028306,0.7017543859649122,1.3984165428856334
rf,3241,COc1cc2ncnc(Nc3ccc(C(C)(F)F)cc3)c2cc1OC,5.327902317047119,6.006076405953387,0.7614277575652173,0.5961538461538461,0.6781740889062675
rf,3247,COc1cc2ncnc(Nc3ccc(F)c(Cl)c3)c2cc1B(O)O,6.2924299240112305,7.269088446344937,0.749945871630903,0.6842105263157895,0.9766585223337065
rf,3249,COc1cc2ncnc(Nc3ccc(F)c(Cl)c3)c2cc1CCCCCC(=O)NO,7.0,7.42688621633344,0.5442841698147192,0.618421052631579,0.4268862163334397
rf,3250,COc1cc2ncnc(Nc3ccc(F)c(Cl)c3)c2cc1CN(C(C)C)[C@@H](C)C(N)=O,9.0,7.4649976100608635,0.6768923622360721,0.6,1.5350023899391365
rf,3251,COc1cc2ncnc(Nc3ccc(F)c(Cl)c3)c2cc1CN(C)[C@@H](C)C(N)=O,8.09691047668457,7.4881012735839,0.5591861858129259,0.6075949367088608,0.6088092031006704
rf,3252,COc1cc2ncnc(Nc3ccc(F)c(Cl)c3)c2cc1CN(C)[C@H](C)C(N)=O,8.045757293701172,7.4881012735839,0.5591861858129259,0.6075949367088608,0.557656020117272
rf,3258,COc1cc2ncnc(Nc3ccc(F)c(Cl)c3)c2cc1NC(=O)/C(F)=C/CN(C)C,8.937421798706055,8.855587424638857,0.3071245529148547,0.7792207792207793,0.0818343740671974
rf,3263,COc1cc2ncnc(Nc3ccc(F)c(Cl)c3)c2cc1NC(=O)/C=C/CN(C(C)C)C(C)C,8.372364044189453,7.543591143135701,0.7195915761773496,0.7837837837837838,0.8287729010537523
rf,3274,COc1cc2ncnc(Nc3ccc(F)c(Cl)c3)c2cc1NC(=O)CCCC(=O)NO,7.0,7.543127645715298,0.7237233060402624,0.7,0.5431276457152983
rf,3275,COc1cc2ncnc(Nc3ccc(F)c(Cl)c3)c2cc1NC(=O)CCCCCCC(=O)NO,7.838890552520752,7.540879622327378,0.7346258944829575,0.6901408450704225,0.29801093019337355
rf,3279,COc1cc2ncnc(Nc3ccc(F)c(Cl)c3)c2cc1OC,8.045757293701172,7.163618315542407,0.5966890969448523,0.8043478260869565,0.882138978158765
rf,3281,COc1cc2ncnc(Nc3ccc(F)c(Cl)c3)c2cc1OCC(=O)NO,7.0,7.262433435673003,0.5668270036953019,0.746268656716418,0.26243343567300315
rf,3282,COc1cc2ncnc(Nc3ccc(F)c(Cl)c3)c2cc1OCC(O)CN,8.221848487854004,7.49622667193331,0.49957119712303566,0.7352941176470589,0.725621815920694
rf,3283,COc1cc2ncnc(Nc3ccc(F)c(Cl)c3)c2cc1OCC(O)CN(CCO)CCO,8.301030158996582,7.1675442579055915,0.682812437326682,0.684931506849315,1.1334859010909906
rf,3286,COc1cc2ncnc(Nc3ccc(F)c(Cl)c3)c2cc1OCCBr,7.742321491241455,7.293382071049652,0.3127309896309668,0.7377049180327869,0.44893942019180333
rf,3287,COc1cc2ncnc(Nc3ccc(F)c(Cl)c3)c2cc1OCCC(=O)NO,7.574370861053467,7.396668694121744,0.4913957530074976,0.7761194029850746,0.1777021669317227
rf,3288,COc1cc2ncnc(Nc3ccc(F)c(Cl)c3)c2cc1OCCCC(=O)NO,7.553952693939209,7.32401336278177,0.4702694827802688,0.7647058823529411,0.22993933115743914
rf,3289,COc1cc2ncnc(Nc3ccc(F)c(Cl)c3)c2cc1OCCCCC(=O)NO,7.5134358406066895,7.362956007675738,0.44763582778146704,0.7536231884057971,0.15047983293095157
rf,3290,COc1cc2ncnc(Nc3ccc(F)c(Cl)c3)c2cc1OCCCCCC(=O)NO,7.734260559082031,7.364715247385111,0.45299910818140743,0.7647058823529411,0.3695453116969203
rf,3291,COc1cc2ncnc(Nc3ccc(F)c(Cl)c3)c2cc1OCCCCCCC(=O)NO,8.508638381958008,7.364715247385111,0.45299910818140743,0.7647058823529411,1.1439231345728968
rf,3292,COc1cc2ncnc(Nc3ccc(F)c(Cl)c3)c2cc1OCCCCCCN(O)C(N)=O,7.0,6.7508958389555165,1.2718077807243477,0.64,0.24910416104448352
rf,3297,COc1cc2ncnc(Nc3ccc(F)c(Cl)c3)c2cc1OCCCN(C)C,7.3098039627075195,7.228177332566347,0.4942031745914282,0.71875,0.08162663014117211
rf,3308,COc1cc2ncnc(Nc3ccc(F)c(Cl)c3)c2cc1OCCCNCCN,7.866461277008057,7.35746847465957,0.31972161921407943,0.7076923076923077,0.5089928023484864
rf,3311,COc1cc2ncnc(Nc3ccc(F)c(Cl)c3)c2cc1OCCN(C)C,8.154901504516602,7.2575200780416615,0.4442880680362,0.7142857142857143,0.89738142647494
rf,3312,COc1cc2ncnc(Nc3ccc(F)c(Cl)c3)c2cc1OCCN(CCO)CCO,7.455932140350342,7.259991627265441,0.4331048550261327,0.6716417910447762,0.195940513084901
rf,3323,COc1cc2ncnc(Nc3ccc(F)c(Cl)c3)c2cc1OCCNC(C)(C)C,7.0,7.0971697646352325,0.8010582655015702,0.6923076923076923,0.09716976463523253
rf,3324,COc1cc2ncnc(Nc3ccc(F)c(Cl)c3)c2cc1OCCNC(C)(CO)CO,7.161150932312012,7.185762869334239,0.7980204874814123,0.6521739130434783,0.02461193702222708
rf,3325,COc1cc2ncnc(Nc3ccc(F)c(Cl)c3)c2cc1OCCNC(C)C,6.508638381958008,7.324563179775874,0.4578107644982541,0.71875,0.8159247978178659
rf,3326,COc1cc2ncnc(Nc3ccc(F)c(Cl)c3)c2cc1OCCNCCN,7.917214393615723,7.35746847465957,0.31972161921407943,0.7076923076923077,0.5597459189561524
rf,3327,COc1cc2ncnc(Nc3ccc(F)c(Cl)c3)c2cc1OCCNCCN(C)C,8.698969841003418,7.402238283408266,0.5823383354927002,0.6617647058823529,1.2967315575951517
rf,3328,COc1cc2ncnc(Nc3ccc(F)c(Cl)c3)c2cc1OCCO,7.197910785675049,7.35767855206691,0.3307742418947617,0.7377049180327869,0.15976776639186152
rf,3337,COc1cc2ncnc(Nc3ccc(F)c(Cl)c3)c2cc1S(=O)(=O)CCCCCCC(=O)NO,7.812479496002197,7.343687538047134,0.5646501848981142,0.5875,0.46879195795506323
rf,3338,COc1cc2ncnc(Nc3ccc(F)c(Cl)c3)c2cc1SCCCCC(=O)NO,7.0,7.45973254677923,0.6473167751918285,0.6025641025641025,0.4597325467792297
rf,3339,COc1cc2ncnc(Nc3ccc(F)c(Cl)c3)c2cc1SCCCCCCC(=O)NO,7.850573539733887,7.456729960927079,0.6500630662531544,0.5949367088607594,0.3938435788068073
rf,3340,COc1cc2ncnc(Nc3ccc(F)cc3)c2cc1OC.Cl,7.2924299240112305,6.5762431843472475,0.793585209870962,0.6739130434782609,0.7161867396639829
rf,3347,COc1cc2ncnc(Nc3ccc(NC(=O)OC(C)C)c(C)c3)c2cc1OC,5.236571788787842,6.270758213860999,1.0817937646248486,0.6027397260273972,1.0341864250731572
rf,3348,COc1cc2ncnc(Nc3ccc(NC(=O)OC(C)C)cc3)c2cc1OC,5.318758964538574,5.41289842132631,0.6885522089956039,0.6923076923076923,0.09413945678773583
rf,3349,COc1cc2ncnc(Nc3ccc(NC(C)=O)c(C)c3)c2cc1OC.Cl,5.0,6.162066522171041,1.037802067136188,0.6333333333333333,1.162066522171041
rf,3350,COc1cc2ncnc(Nc3ccc(NC(C)=O)cc3)c2cc1OC,5.0,5.479083201557763,0.7368651077507543,0.7659574468085106,0.47908320155776263
rf,3351,COc1cc2ncnc(Nc3ccc(O)cc3)c2cc1OC.Cl,7.0,6.556633535707982,0.9354118264041568,0.6666666666666666,0.4433664642920183
rf,3364,COc1cc2ncnc(Nc3cccc(B(O)O)c3)c2cc1OC,6.0,6.84537168020069,0.9950659386433147,0.673469387755102,0.8453716802006896
rf,3365,COc1cc2ncnc(Nc3cccc(Br)c3)c2c(OC)c1OC,9.173925399780273,7.765317277311747,0.7879419008920685,0.5660377358490566,1.408608122468526
rf,3366,COc1cc2ncnc(Nc3cccc(Br)c3)c2cc1N,8.4201021194458,7.971512227800201,0.8096730241345981,0.6428571428571429,0.44858989164560015
rf,3367,COc1cc2ncnc(Nc3cccc(Br)c3)c2cc1NC(=O)/C(F)=C/CN(C)C,8.332974433898926,8.17493364490789,0.9138279404303923,0.6875,0.1580407889910358
rf,3368,COc1cc2ncnc(Nc3cccc(Br)c3)c2cc1NC(=O)/C(F)=C\CN(C)C,8.301030158996582,8.17493364490789,0.9138279404303923,0.6875,0.12609651408869205
rf,3370,COc1cc2ncnc(Nc3cccc(Br)c3)c2cc1OC,7.522878646850586,7.8180918593188675,0.9050845168875716,0.76,0.2952132124682816
rf,3371,COc1cc2ncnc(Nc3cccc(Br)c3)c2cc1OC.Cl,8.585026741027832,7.734132642318438,1.0223646624963216,0.7450980392156863,0.8508940987093938
rf,3374,COc1cc2ncnc(Nc3cccc(Br)c3)c2cc1[N+](=O)[O-],7.8218913078308105,7.884007119063929,1.0863539169881176,0.6231884057971014,0.06211581123311838
rf,3376,COc1cc2ncnc(Nc3cccc(C#CC(C)(C)O)c3)c2cc1OC,6.686554431915283,6.783510744486869,0.9308701570338145,0.7450980392156863,0.09695631257158599
rf,3377,COc1cc2ncnc(Nc3cccc(C#CCCCO)c3)c2cc1OC,5.865631580352783,7.050814976910923,0.8648594370491433,0.7037037037037037,1.1851833965581395
rf,3378,COc1cc2ncnc(Nc3cccc(C#CCCO)c3)c2cc1OC,6.395666122436523,7.166855571930484,0.9219924456632538,0.7307692307692307,0.7711894494939608
rf,3379,COc1cc2ncnc(Nc3cccc(C#CCO)c3)c2cc1OC,5.784204006195068,7.086327249844242,0.8638609896843357,0.76,1.3021232436491736
rf,3381,COc1cc2ncnc(Nc3cccc(C#N)c3)c2cc1OC,6.384260177612305,6.87848358510688,0.8964628119009173,0.7872340425531915,0.4942234074945757
rf,3383,COc1cc2ncnc(Nc3cccc(C(F)(F)F)c3)c2cc1OC,9.60994815826416,6.812545650807332,0.8306486174938681,0.673469387755102,2.7974025074568285
rf,3384,COc1cc2ncnc(Nc3cccc(C)c3)c2cc1OC,8.319135665893555,6.889080834084107,1.0076461624923387,0.7333333333333333,1.4300548318094473
rf,3385,COc1cc2ncnc(Nc3cccc(Cl)c3)c2cc1B(O)O,6.337242126464844,6.92331425232089,1.0086206494636896,0.6379310344827587,0.5860721258560462
rf,3387,COc1cc2ncnc(Nc3cccc(Cl)c3)c2cc1OC,8.301030158996582,6.881200325798666,0.9109269609365713,0.717391304347826,1.419829833197916
rf,3388,COc1cc2ncnc(Nc3cccc(Cl)c3)c2cc1OC.Cl,8.211254119873047,6.789099722115695,0.9934385864116768,0.7021276595744681,1.4221543977573523
rf,3390,COc1cc2ncnc(Nc3cccc(Cl)c3F)c2cc1CN(C(C)C)[C@@H](C)C(N)=O,8.150514602661133,7.289425078452234,0.7059259966837055,0.6585365853658537,0.8610895242088992
rf,3396,COc1cc2ncnc(Nc3cccc(Cl)c3F)c2cc1CN(C)CC(N)=O,7.522878646850586,7.458626349551048,0.6366323390970281,0.7105263157894737,0.06425229729953763
rf,3397,COc1cc2ncnc(Nc3cccc(Cl)c3F)c2cc1CN(C)[C@@H](C)C(N)=O,7.849484920501709,7.418875591402157,0.608391288663634,0.6883116883116883,0.43060932909955163
rf,3398,COc1cc2ncnc(Nc3cccc(Cl)c3F)c2cc1CN(C)[C@@H](CN(C)C)C(N)=O,7.212984561920166,7.4218760465124145,0.6458331093592455,0.6625,0.2088914845922485
rf,3399,COc1cc2ncnc(Nc3cccc(Cl)c3F)c2cc1CN(C)[C@@H](CO)C(N)=O,7.610924243927002,7.407837817828706,0.6066212687591748,0.6708860759493671,0.20308642609829608
rf,3400,COc1cc2ncnc(Nc3cccc(Cl)c3F)c2cc1CN(C)[C@H](C)C(=O)N(C)C,7.221848964691162,7.4110624155702585,0.809780282908639,0.6463414634146342,0.18921345087909636
rf,3401,COc1cc2ncnc(Nc3cccc(Cl)c3F)c2cc1CN(C)[C@H](C)C(N)=O,7.784317970275879,7.418875591402157,0.608391288663634,0.6883116883116883,0.36544237887372155
rf,3402,COc1cc2ncnc(Nc3cccc(Cl)c3F)c2cc1CN(CCN(C)C)[C@@H](C)C(N)=O,6.983288288116455,7.377028094363837,0.6765215721621847,0.6470588235294118,0.3937398062473818
rf,3416,COc1cc2ncnc(Nc3cccc(Cl)c3F)c2cc1CN[C@H](C)C(N)=O,6.872363567352295,7.411585050304529,0.6250227052010194,0.6712328767123288,0.5392214829522342
rf,3434,COc1cc2ncnc(Nc3cccc(F)c3)c2cc1OC,8.4201021194458,6.834460896951682,0.8632291433974754,0.717391304347826,1.585641222494119
rf,3435,COc1cc2ncnc(Nc3cccc(F)c3)c2cc1OC.Cl,7.549134731292725,6.608629241820432,0.9946639980305484,0.7021276595744681,0.9405054894722928
rf,3436,COc1cc2ncnc(Nc3cccc(I)c3)c2cc1OC,9.05029296875,6.8864774198008645,1.077507803818012,0.717391304347826,2.1638155489491355
rf,3437,COc1cc2ncnc(Nc3cccc(I)c3)c2cc1OC.Cl,8.193819999694824,6.647600294455789,1.1665698232984496,0.7021276595744681,1.546219705239035
rf,3445,COc1cc2ncnc(Nc3cccc(SC)c3)c2cc1OC,6.897223472595215,6.8907931279004595,0.9112777360103788,0.6875,0.006430344694755341
rf,3446,COc1cc2ncnc(Nc3ccccc3)c2cc1OC,7.113417148590088,6.3523138181226,0.8652680936515955,0.8048780487804879,0.7611033304674875
rf,3447,COc1cc2ncnc(Nc3ccccc3)c2cc1OC.Cl,7.301030158996582,6.8795730073565045,1.0143226893825457,0.7857142857142857,0.4214571516400776
rf,3448,COc1cc2ncnc(Nc3ccccc3Br)c2cc1OC,6.892789840698242,6.570935193739515,0.9213546282318021,0.6041666666666666,0.32185464695872756
rf,3449,COc1cc2ncnc(Nc3ccccc3C(F)(F)F)c2cc1OC,5.0,6.386055034651645,0.9744904601742741,0.5689655172413793,1.386055034651645
rf,3450,COc1cc2ncnc(Nc3ccccc3F)c2cc1OC.Cl,7.4921441078186035,6.7574269719879485,0.9490120708693359,0.6181818181818182,0.734717135830655
rf,3681,COc1ccc(Nc2ncnc3cc(OC)c(OC)cc23)cc1.Cl,6.602059841156006,6.184890606174434,1.0063919250653792,0.7954545454545454,0.41716923498157144
rf,3682,COc1ccc(Nc2ncnc3cc(OC)c(OC)cc23)cc1OC,5.552842140197754,6.730568002879341,0.7628570136412618,0.6888888888888889,1.1777258626815872
rf,3683,COc1ccc(Nc2ncnc3cc(OC)c(OC)cc23)cc1OC.Cl,6.455932140350342,6.519150333539708,0.8972132081375103,0.7111111111111111,0.06321819318936583
rf,3709,COc1ccc2c(Nc3cccc(Br)c3)ncnc2c1,8.0,8.03526879430986,1.120176560203643,0.6521739130434783,0.03526879430986085
rf,3710,COc1ccc2c(Nc3cccc(Br)c3)ncnc2c1OC,5.0,6.720190474449602,0.7119792609927683,0.6,1.720190474449602
rf,3712,COc1ccc2c(Nc3ccccc3)ncnc2c1,6.92081880569458,6.232474867257536,1.0123005390051327,0.625,0.6883439384370442
rf,3742,COc1ccc2ncnc(N(C)c3ccccc3)c2c1.Cl,4.698969841003418,5.100376649019196,0.6942606648918845,0.5087719298245614,0.40140680801577844
rf,3744,COc1ccc2ncnc(Nc3cc(OC)c(OC)c(OC)c3)c2c1.Cl,7.0,6.587970873670681,0.9362673531583962,0.5769230769230769,0.412029126329319
rf,3747,COc1ccc2ncnc(Nc3cccc(Br)c3)c2c1,7.522878646850586,7.6409340532842505,1.0211599335109751,0.6666666666666666,0.11805540643366452
rf,3748,COc1ccc2ncnc(Nc3cccc(Br)c3)c2c1OC,5.863755226135254,7.7892319898355185,0.7792459860917395,0.5961538461538461,1.9254767637002645
rf,3750,COc1ccc2ncnc(Nc3ccccc3)c2c1,7.2548346519470215,6.85099856496034,0.7351897127062686,0.7727272727272727,0.40383608698668105
rf,3751,COc1ccc2ncnc(Nc3ccccc3)c2c1.Cl,6.919987201690674,7.031488620832472,0.7790591724149274,0.7555555555555555,0.11150141914179823
rf,3864,COc1nc(N(C)c2ccccc2)c2cc(OC)c(OC)cc2n1,4.301030158996582,4.755347976580953,0.6677049820869948,0.48214285714285715,0.4543178175843714
rf,3889,CS(=O)(=O)CCNCCCCOc1ccc2ncnc(Nc3ccc(F)c(Cl)c3)c2c1,7.424399375915527,7.117577073864017,0.5909724975037994,0.6911764705882353,0.3068223020515104
rf,3945,CSCCCNc1ccc2ncnc(Nc3cccc(Cl)c3)c2c1,5.2924299240112305,5.818822625487881,0.8158260844264288,0.6428571428571429,0.5263927014766505
rf,4180,Cc1cc(C)c2ncnc(N(C)c3ccccc3)c2c1,4.698969841003418,5.0491058805682245,0.6332048604063074,0.3728813559322034,0.35013603956480654
rf,4410,Cc1cccc(N(C)c2ncnc3cc(C)c(C)cc23)c1.Cl,5.187086582183838,5.118058631944344,0.6876225470552139,0.4406779661016949,0.06902795023949349
rf,4430,Cc1cccc(Nc2ncnc3ccc(N(C)C(=O)N(CCCl)N=O)cc23)c1,5.94347620010376,7.1419620615242465,1.0673473027049738,0.43209876543209874,1.1984858614204867
rf,4431,Cc1cccc(Nc2ncnc3ccc(N)cc23)c1,6.0,7.159087347624336,0.9789414614895227,0.6122448979591837,1.159087347624336
rf,4432,Cc1cccc(Nc2ncnc3ccc(NC(=O)N(C)CCCl)cc23)c1,5.771343231201172,6.747270746804004,1.177052592340277,0.4714285714285714,0.975927515602832
rf,4433,Cc1cccc(Nc2ncnc3ccc(NC(=O)N(CCCl)N=O)cc23)c1,5.974284648895264,6.798435044946059,1.178848239954514,0.4520547945205479,0.8241503960507952
rf,4434,Cc1cccc(Nc2ncnc3ccc(NC(=O)NCCCl)cc23)c1,6.170053482055664,6.860542391867975,1.0600875232284097,0.5735294117647058,0.690488909812311
rf,4435,Cc1cccc(Nc2ncnc3ccccc23)c1,6.0400004386901855,6.782001490482776,1.0913334749736716,0.5652173913043478,0.7420010517925908
rf,4581,Cl.Clc1cccc(Nc2ncnc3ccccc23)c1,7.301030158996582,6.392282926259634,0.9209878146507614,0.6,0.9087472327369479
rf,4611,ClCCNc1ccc2ncnc(Nc3cccc(Br)c3)c2c1,8.0,6.780554111558522,1.0590349900805753,0.72,1.219445888441478
rf,4612,ClCCNc1ccc2ncnc(Nc3cccc(Cl)c3)c2c1,7.585026741027832,5.825491535057823,0.7779151080363292,0.72,1.7595352059700087
rf,4668,Clc1cccc(Nc2ncnc3ccc(Cl)cc23)c1,5.568636417388916,6.207194786389366,0.7151233093719179,0.7111111111111111,0.6385583690004504
rf,4677,Clc1cccc(Nc2ncnc3ccccc23)c1,7.638272285461426,6.440635151783559,0.8724690865976817,0.6136363636363636,1.1976371336778664
rf,4739,FC(F)(F)c1cccc(Nc2ncnc3ccccc23)c1,6.238824367523193,6.731615272778984,0.9557300232695678,0.5660377358490566,0.4927909052557906
rf,4774,Fc1ccc(Nc2ncnc3ccccc23)cc1Cl,7.522878646850586,6.9997945882157016,0.8410023019558591,0.6086956521739131,0.5230840586348844
rf,4839,Fc1cccc(Nc2ncnc3ccccc23)c1,7.250921726226807,6.717971118963203,0.9917410490433148,0.52,0.5329506072636034
rf,4841,Ic1cccc(Nc2ncnc3ccccc23)c1,7.093462944030762,6.7605876521933315,1.1123535496039847,0.5283018867924528,0.33287529183743025
rf,4933,N#CCC(=O)Nc1ccc2ncnc(Nc3cccc(Br)c3)c2c1,9.769551277160645,7.680973490518877,1.3226527139733613,0.6949152542372882,2.0885777866417676
rf,4995,NC(=O)Nc1ccc2ncnc(Nc3ccc(Br)cc3)c2c1,6.56383752822876,5.798347736503417,1.041222573319812,0.5892857142857143,0.7654897917253427
rf,4996,NC(=O)Nc1ccc2ncnc(Nc3ccc(Cl)cc3)c2c1,7.214670181274414,5.727789123821075,1.109204372720858,0.6666666666666666,1.4868810574533393
rf,4997,NC(=O)Nc1ccc2ncnc(Nc3ccc(F)c(Cl)c3)c2c1,6.501689434051514,7.506834834270802,0.7119367928514755,0.8627450980392157,1.0051454002192886
rf,5109,Nc1cc2c(Nc3cccc(Br)c3)ncnc2cc1Cl,8.183541297912598,7.56108151661629,0.8999312614219158,0.6521739130434783,0.6224597812963077
rf,5125,Nc1cc2ncnc(Nc3cccc(Br)c3)c2cc1N,9.920456886291504,7.959974917759228,0.7086771760539042,0.7142857142857143,1.9604819685322763
rf,5126,Nc1cc2ncnc(Nc3cccc(Br)c3)c2cc1[N+](=O)[O-],7.275723934173584,7.874106550874135,1.0209076779063684,0.5882352941176471,0.598382616700551
rf,5157,Nc1ccc2c(Nc3cccc(Br)c3)ncnc2c1,10.0,8.04581539544482,0.7894681052354429,0.6744186046511628,1.9541846045551807
rf,5159,Nc1ccc2c(Nc3cccc(C(F)(F)F)c3)ncnc2c1,8.48076343536377,7.098421759817373,0.9247856846334116,0.6037735849056604,1.3823416755463969
rf,5160,Nc1ccc2c(Nc3cccc(Cl)c3)ncnc2c1,9.602060317993164,7.0165652128242115,0.9104876989871817,0.5416666666666666,2.5854951051689525
rf,5161,Nc1ccc2c(Nc3cccc(F)c3)ncnc2c1,8.698969841003418,7.0923523025392035,0.9699901450525613,0.5102040816326531,1.6066175384642145
rf,5162,Nc1ccc2c(Nc3cccc(I)c3)ncnc2c1,9.455931663513184,7.160855591510389,1.1401970930434642,0.5272727272727272,2.2950760720027947
rf,5163,Nc1ccc2c(Nc3ccccc3)ncnc2c1,7.0,6.271627593387708,1.0419829755919536,0.5111111111111111,0.7283724066122916
rf,5168,Nc1ccc2ncnc(Nc3ccc(F)c(Cl)c3)c2c1,7.537601947784424,7.245422759069422,0.7368981173503185,0.6226415094339622,0.2921791887150018
rf,5169,Nc1ccc2ncnc(Nc3cccc(Br)c3)c2c1,7.377243518829346,7.747729774306603,0.8077661535950139,0.6744186046511628,0.37048625547725766
rf,5171,Nc1ccc2ncnc(Nc3cccc(C(F)(F)F)c3)c2c1,6.240543842315674,7.115452576403676,0.8816393829631394,0.6346153846153846,0.8749087340880024
rf,5172,Nc1ccc2ncnc(Nc3cccc(Cl)c3)c2c1,6.698969841003418,6.371372588869272,0.8654460566074742,0.6326530612244898,0.32759725213414637
rf,5173,Nc1ccc2ncnc(Nc3ccccc3)c2c1,6.111753940582275,6.703973049110756,0.9201896698646926,0.5102040816326531,0.5922191085284805
rf,5357,O=C(/C=C/C(F)(F)F)Cc1ccc2ncnc(Nc3cccc(Br)c3)c2c1,8.759950637817383,7.694310329858647,0.8027857577822679,0.5588235294117647,1.065640307958736
rf,5445,O=C(C#CCO)Nc1ccc2ncnc(Nc3ccc(F)c(Cl)c3)c2c1,8.22796630859375,7.385088093723418,0.6360194731774351,0.7230769230769231,0.842878214870332
rf,5446,O=C(C#CCO)Nc1ccc2ncnc(Nc3cccc(Br)c3)c2c1,8.698969841003418,6.922226984472425,0.762627625963747,0.7419354838709677,1.7767428565309933
rf,5470,O=C(CCCCCCOc1ccc2ncnc(Nc3ccc(F)c(Cl)c3)c2c1)NO,7.037343978881836,7.080288833059644,0.6165710520964178,0.7285714285714285,0.04294485417780791
rf,5478,O=C(CCCCCOc1ccc2ncnc(Nc3ccc(F)c(Cl)c3)c2c1)NO,7.0,7.080288833059644,0.6165710520964178,0.7285714285714285,0.08028883305964385
rf,5483,O=C(CCCCOc1ccc2ncnc(Nc3ccc(F)c(Cl)c3)c2c1)NO,7.0,7.081886198672205,0.611862812803151,0.7142857142857143,0.08188619867220481
rf,5486,O=C(CCCOc1ccc2ncnc(Nc3ccc(F)c(Cl)c3)c2c1)NO,7.0,7.055454864094879,0.6193173147357559,0.7076923076923077,0.05545486409487932
rf,5490,O=C(CCOc1ccc2ncnc(Nc3ccc(F)c(Cl)c3)c2c1)NO,7.0,7.095166451184247,0.6377898486173347,0.71875,0.09516645118424716
rf,5496,O=C(CCl)Nc1ccc2ncnc(Nc3cc(Cl)c(Cl)cc3F)c2c1,7.712984561920166,6.312798948255225,1.217871351206643,0.5076923076923077,1.4001856136649407
rf,5497,O=C(CCl)Nc1ccc2ncnc(Nc3cccc(Br)c3)c2c1,8.0,7.576115856715458,1.1858295007017914,0.7321428571428571,0.4238841432845417
rf,5498,O=C(CCl)Nc1ccc2ncnc(Nc3cccc(I)c3)c2c1,8.0,7.218090827723868,1.2472975526975765,0.5645161290322581,0.7819091722761318
rf,5516,O=C(COc1ccc2ncnc(Nc3ccc(F)c(Cl)c3)c2c1)NO,7.0,7.05937336141383,0.6325826894709646,0.746031746031746,0.05937336141383032
rf,5555,O=C(NCCCl)Nc1ccc2ncnc(Nc3cccc(Br)c3)c2c1,7.744727611541748,7.105994110528423,0.9119455008460603,0.7258064516129032,0.6387335010133253
rf,5556,O=C(NCCCl)Nc1ccc2ncnc(Nc3cccc(Cl)c3)c2c1,7.6575775146484375,5.898967816288454,0.8413686342496793,0.6129032258064516,1.758609698359984
rf,5714,O=C(O)/C=C/C(=O)Cc1ccc2ncnc(Nc3cccc(Br)c3)c2c1,9.430041313171387,7.657606278054072,0.7425636220408984,0.609375,1.772435035117315
rf,5926,O=NN(CCCl)C(=O)Nc1ccc2ncnc(Nc3cccc(Br)c3)c2c1,7.327902317047119,7.019201687194314,1.018194631280794,0.582089552238806,0.30870062985280544
rf,5927,O=NN(CCCl)C(=O)Nc1ccc2ncnc(Nc3cccc(Cl)c3)c2c1,7.173925399780273,5.836432644832221,0.7987906567378824,0.5671641791044776,1.3374927549480526
rf,5950,O=[N+]([O-])c1cc2c(Nc3cccc(Br)c3)ncnc2cc1Cl,7.601020336151123,7.461538514090251,1.0641109428210747,0.5882352941176471,0.13948182206087179
rf,5953,O=[N+]([O-])c1ccc2c(Nc3cccc(Br)c3)ncnc2c1,6.0,7.992991526893441,0.8925516501179159,0.6428571428571429,1.9929915268934408
rf,5954,O=[N+]([O-])c1ccc2c(Nc3cccc(C(F)(F)F)c3)ncnc2c1,5.0,6.933411018029131,0.999118469883222,0.6333333333333333,1.9334110180291306
rf,5955,O=[N+]([O-])c1ccc2c(Nc3cccc(Cl)c3)ncnc2c1,6.090757846832275,6.756339277664875,0.9928074543051761,0.5873015873015873,0.6655814308325994
rf,5956,O=[N+]([O-])c1ccc2c(Nc3cccc(F)c3)ncnc2c1,5.212335109710693,6.94304232389399,1.0074559190899492,0.4838709677419355,1.7307072141832966
rf,5957,O=[N+]([O-])c1ccc2c(Nc3cccc(I)c3)ncnc2c1,6.263803482055664,7.005996689312354,1.192172823235935,0.4838709677419355,0.7421932072566904
rf,5958,O=[N+]([O-])c1ccc2c(Nc3ccccc3)ncnc2c1,4.92081880569458,6.22149933258859,0.9974622467097826,0.5769230769230769,1.30068052689401
rf,5960,O=[N+]([O-])c1ccc2ncnc(Nc3cccc(Br)c3)c2c1,6.042879104614258,7.731961525287137,0.8590200556930857,0.6666666666666666,1.6890824206728796
rf,5961,O=[N+]([O-])c1ccc2ncnc(Nc3cccc(C(F)(F)F)c3)c2c1,5.0,6.946421501699485,0.9791327734523304,0.6610169491525424,1.9464215016994846
rf,5962,O=[N+]([O-])c1ccc2ncnc(Nc3ccccc3)c2c1,5.301030158996582,6.599412694226203,0.9005499879845619,0.6078431372549019,1.2983825352296208
rf,5970,O=[N+]([O-])c1cccc2c(Nc3cccc(Br)c3)ncnc12,5.0,6.716371026372788,0.679071454800823,0.7115384615384616,1.716371026372788
rf,5991,OB(O)/C=C/COc1ccc2ncnc(Nc3cccc(Cl)c3)c2c1,6.568636417388916,6.297239050268433,0.8911077720305871,0.6557377049180327,0.2713973671204828
rf,5993,OB(O)c1ccc2ncnc(Nc3ccc(F)c(Cl)c3)c2c1,6.096909999847412,7.0904501169611445,0.8860493157738152,0.5789473684210527,0.9935401171137324
rf,5994,OB(O)c1ccc2ncnc(Nc3cccc(Cl)c3)c2c1,6.187086582183838,6.209761257191811,0.7017329015975252,0.7169811320754716,0.022674675007973377
rf,6000,OCC#Cc1ccc2ncnc(Nc3ccc(F)c(Cl)c3)c2c1,7.850780963897705,7.094525904599683,0.6110622234935509,0.711864406779661,0.756255059298022
rf,6009,OCCC#Cc1ccc2ncnc(Nc3ccc(F)c(Cl)c3)c2c1,6.730954170227051,7.132084626532708,0.6564087882613366,0.6885245901639344,0.40113045630565747
rf,6010,OCCCC#Cc1ccc2ncnc(Nc3ccc(F)c(Cl)c3)c2c1,6.942333698272705,7.130678826468836,0.6421169414505012,0.6666666666666666,0.18834512819613103
rf,6079,Oc1cc2ncnc(Nc3cccc(Br)c3)c2cc1O,9.769551277160645,7.794847066509224,0.8902953713487659,0.7142857142857143,1.9747042106514208
rf,6094,Oc1ccc2c(Nc3cccc(Br)c3)ncnc2c1,8.323965072631836,7.907735735301122,0.7894165970596895,0.6590909090909091,0.416229337330714
rf,6112,S=C=Nc1ccc2ncnc(Nc3cccc(Br)c3)c2c1,6.055517196655273,7.492597159769832,0.795306493375464,0.58,1.4370799631145585
rf,6152,c1ccc(Nc2ncnc3ccccc23)cc1,6.463441371917725,6.375039009271177,0.8781367757670134,0.5714285714285714,0.08840236264654777
rf,76,Brc1cccc(Nc2ncnc3ccncc23)c1,7.452974319458008,7.822988199609591,0.9742658978792399,0.6590909090909091,0.3700138801515829
rf,473,C=CC(=O)Nc1cc2ncnc(Nc3cccc(Cl)c3)c2cn1,9.270025253295898,7.153127956004932,1.241900282527078,0.53125,2.1168972972909668
rf,780,CC(=O)Nc1c(Br)cccc1Nc1ncnc2ccncc12,7.530030727386475,7.397290271071879,1.7109283626930047,0.5692307692307692,0.13274045631459597
rf,783,CC(=O)Nc1cc2ncnc(Nc3cccc(Br)c3)c2cn1,7.537601947784424,8.36770869950485,0.8681510563271447,0.5806451612903226,0.830106751720427
rf,788,CC(=O)Nc1ccc(Nc2ncnc3cc(N)ncc23)cc1,5.0,4.9461519532487275,0.5953380592525028,0.5714285714285714,0.05384804675127253
rf,800,CC(=O)Nc1cccc(Nc2ncnc3cc(N)ncc23)c1,5.0,6.743681977481719,1.4015165643573038,0.6,1.7436819774817192
rf,1896,CN(C)CCCCCNc1c(Br)cccc1Nc1ncnc2ccncc12,8.070019721984863,8.547341604340028,0.6649362123423793,0.676923076923077,0.4773218823551648
rf,1897,CN(C)CCCCCNc1cc2ncnc(Nc3cccc(Br)c3)c2cn1,8.077851295471191,8.274990745240423,0.8077307247325588,0.671875,0.1971394497692316
rf,1898,CN(C)CCCCNc1c(Br)cccc1Nc1ncnc2ccncc12,8.130005836486816,8.545888493645144,0.6627472823891255,0.6875,0.4158826571583276
rf,1900,CN(C)CCCCNc1cc2ncnc(Nc3cccc(Br)c3)c2cn1,8.130387306213379,8.278041309052679,0.8051331130195132,0.6825396825396826,0.14765400283929964
rf,1911,CN(C)CCCNc1c(Br)cccc1Nc1ncnc2ccncc12,8.049976348876953,8.554508681404542,0.6617804630628868,0.7096774193548387,0.5045323325275888
rf,1913,CN(C)CCCNc1cc2ncnc(Nc3cccc(Br)c3)c2cn1,8.05774974822998,8.290167957001897,0.8046667543183184,0.6935483870967742,0.2324182087719162
rf,1921,CN(C)CCN(C)c1c(Br)cccc1Nc1ncnc2ccncc12,7.389978885650635,6.399056820095582,1.7227242227283777,0.5373134328358209,0.9909220655550524
rf,1923,CN(C)CCN(C)c1cc2ncnc(Nc3cccc(Br)c3)c2cn1,7.3989739418029785,8.065133779332305,0.8463020641189437,0.6065573770491803,0.6661598375293263
rf,1931,CN(C)CCNc1c(Br)cccc1Nc1ncnc2ccncc12,7.339988708496094,8.548895994727129,0.6769413499521658,0.6666666666666666,1.2089072862310353
rf,1933,CN(C)CCNc1cc2ncnc(Nc3cccc(Br)c3)c2cn1,7.348385810852051,8.189960350421375,0.801574111750406,0.6612903225806451,0.8415745395693239
rf,1968,CN(C)c1cc2ncnc(Nc3cccc(Br)c3)c2cn1,10.040958404541016,8.335374353814904,0.8083458628190892,0.64,1.7055840507261113
rf,1979,CN(C)c1ccc(Nc2ncnc3cc(N)ncc23)cc1,5.313363552093506,4.665197305614785,0.7879409941791232,0.6808510638297872,0.6481662464787208
rf,1980,CN(C)c1ccc(Nc2ncnc3ccncc23)c(N)c1,5.309999942779541,5.962390886321362,1.5848787646696296,0.43103448275862066,0.6523909435418211
rf,1990,CN(C)c1cccc(Nc2ncnc3cc(N)ncc23)c1,5.747147083282471,6.988916842033131,1.3812703354338811,0.6666666666666666,1.2417697587506602
rf,1991,CN(C)c1cccc(Nc2ncnc3ccncc23)c1N,5.740000247955322,5.950852203828688,1.7525023244830302,0.44776119402985076,0.21085195587336614
rf,1994,CN(C)c1ccccc1Nc1ncnc2cc(N)ncc12,4.161150932312012,4.817796115760802,1.0777538091166943,0.66,0.6566451834487905
rf,2001,CN(CC(=O)O)c1c(Br)cccc1Nc1ncnc2ccncc12,7.7899489402771,6.36987568555523,1.7090021629828913,0.5217391304347826,1.4200732547218697
rf,2002,CN(CC(=O)O)c1cc2ncnc(Nc3cccc(Br)c3)c2cn1,7.7979254722595215,8.144790069685316,0.9959650249890358,0.5882352941176471,0.34686459742579423
rf,2003,CN(CC(O)C(O)C(O)C(O)CO)c1cc2ncnc(Nc3cccc(Br)c3)c2cn1,8.49242115020752,8.279435140850415,0.8354978639962053,0.5070422535211268,0.21298600935710432
rf,2004,CN(CC(O)CO)c1c(Br)cccc1Nc1ncnc2ccncc12,8.489991188049316,6.38026730327972,1.7255502082298921,0.5,2.109723884769596
rf,2005,CN(CC(O)CO)c1cc2ncnc(Nc3cccc(Br)c3)c2cn1,8.49242115020752,8.270911316167709,0.827163049764101,0.5671641791044776,0.22150983403981073
rf,2013,CN(CCO)c1c(Br)cccc1Nc1ncnc2ccncc12,8.58004379272461,6.349672209045294,1.734756740053647,0.5373134328358209,2.2303715836793154
rf,2015,CN(CCO)c1cc2ncnc(Nc3cccc(Br)c3)c2cn1,8.587546348571777,8.172963058140468,0.8558838395007359,0.546875,0.4145832904313096
rf,2147,CNc1cc2ncnc(Nc3cccc(Br)c3)c2cn1,9.886056900024414,8.4909488456281,0.7493818391630345,0.6326530612244898,1.3951080543963137
rf,2148,CNc1cc2ncnc(Nc3cccc(C)c3)c2cn1,8.8518648147583,7.586583172414051,1.0191773535367428,0.6140350877192983,1.2652816423442497
rf,2431,COc1c(Br)cccc1Nc1ncnc2ccncc12,7.400007724761963,6.389435615504402,1.6455600158582389,0.53125,1.010572109257561
rf,3375,COc1cc2ncnc(Nc3cccc(Br)c3)c2cn1,7.408935546875,8.37400935911839,0.7932323318316399,0.64,0.9650738122433893
rf,3451,COc1cc2ncnc(Nc3ccccc3N)c2cn1,5.430000305175781,5.7904558464398885,1.2597842328561295,0.45614035087719296,0.3604555412641073
rf,3679,COc1ccc(Nc2ncnc3cc(N)ncc23)cc1,6.173925399780273,4.846476661116145,0.8708508187581842,0.6808510638297872,1.3274487386641285
rf,3687,COc1ccc(Nc2ncnc3ccncc23)c(N)c1,6.170001983642578,6.181244321138636,1.4176281457581386,0.43103448275862066,0.011242337496057964
rf,3794,COc1cccc(Nc2ncnc3cc(N)ncc23)c1,6.886056423187256,6.999796767772581,1.329067807979074,0.6666666666666666,0.11374034458532556
rf,3796,COc1cccc(Nc2ncnc3ccncc23)c1N,6.879985809326172,6.3758842140390675,1.5301979280355784,0.44776119402985076,0.5041015952871044
rf,3853,COc1ccccc1Nc1ncnc2cc(N)ncc12,5.430625915527344,5.424087832175361,1.2721818570956844,0.66,0.006538083351983026
rf,4422,Cc1cccc(Nc2ncnc3cc(N)ncc23)c1,7.397940158843994,7.152831640584152,1.288351723468897,0.6666666666666666,0.24510851825984226
rf,4423,Cc1cccc(Nc2ncnc3cc(NCCCCN(C)C)ncc23)c1,8.268815994262695,7.956564597105389,0.6728377475294162,0.6774193548387096,0.312251397157306
rf,4436,Cc1cccc(Nc2ncnc3ccncc23)c1N,7.389978885650635,6.036650469590918,1.6264272599056384,0.5409836065573771,1.3533284160597168
rf,4437,Cc1cccc(Nc2ncnc3ccncc23)c1NCCCCN(C)C,8.260032653808594,8.308788697349977,0.6696612505730805,0.6825396825396826,0.048756043541382965
rf,4743,Fc1c(Br)cccc1Nc1ncnc2ccncc12,7.88008451461792,7.082270151660064,1.5243418204167838,0.55,0.7978143629578556
rf,4748,Fc1cc2ncnc(Nc3cccc(Br)c3)c2cn1,7.886056423187256,8.35578405890583,0.8463637867345012,0.6444444444444445,0.46972763571857357
rf,5080,NNc1c(Br)cccc1Nc1ncnc2ccncc12,8.140021324157715,7.475397114852406,1.7739968864811713,0.6101694915254238,0.664624209305309
rf,5081,NNc1cc2ncnc(Nc3cccc(Br)c3)c2cn1,8.149384498596191,8.498102180366603,0.7767181695719568,0.6170212765957447,0.3487176817704114
rf,5100,Nc1c(Br)cccc1Nc1ncnc2ccncc12,8.0,6.297122382098062,1.7039630771249745,0.55,1.7028776179019376
rf,5101,Nc1c(Cl)cccc1Nc1ncnc2ccncc12,6.919987201690674,6.236800556963737,1.6839877997600252,0.46,0.6831866447269368
rf,5102,Nc1c(F)cccc1Nc1ncnc2ccncc12,6.0699992179870605,6.190847661877265,1.662489243698991,0.46,0.12084844389020422
rf,5103,Nc1c(Nc2ncnc3ccncc23)cccc1[N+](=O)[O-],7.389978885650635,6.0703238499566154,1.635522993188995,0.43548387096774194,1.3196550356940193
rf,5104,Nc1c(O)cccc1Nc1ncnc2ccncc12,7.150028228759766,6.183890326744377,1.6664420199031311,0.46,0.9661379020153884
rf,5106,Nc1cc(Br)ccc1Nc1ncnc2ccncc12,7.590066909790039,6.361956847896692,1.3919492350372096,0.4339622641509434,1.2281100618933474
rf,5107,Nc1cc(C(F)(F)F)ccc1Nc1ncnc2ccncc12,5.320000171661377,6.167710667976686,1.4038215426421792,0.43103448275862066,0.847710496315309
rf,5122,Nc1cc2ncnc(Nc3ccc(Br)cc3)c2cn1,7.045757293701172,5.555531034741265,0.6124033623125765,0.6590909090909091,1.4902262589599067
rf,5123,Nc1cc2ncnc(Nc3ccc(C(F)(F)F)cc3)c2cn1,5.327902317047119,5.254732000045007,0.5329752384288468,0.6808510638297872,0.07317031700211185
rf,5124,Nc1cc2ncnc(Nc3ccc([N+](=O)[O-])cc3)c2cn1,4.187086582183838,5.128741573315184,0.44706455455428157,0.6938775510204082,0.9416549911313465
rf,5127,Nc1cc2ncnc(Nc3cccc(Br)c3)c2cn1,8.0,8.37658526397924,0.9106728298294503,0.6666666666666666,0.37658526397924064
rf,5128,Nc1cc2ncnc(Nc3cccc(C(F)(F)F)c3)c2cn1,7.823908805847168,7.130569124479387,1.2421134156983729,0.6666666666666666,0.6933396813677808
rf,5129,Nc1cc2ncnc(Nc3cccc(Cl)c3)c2cn1,6.92081880569458,6.910259306969198,1.108983089898965,0.6666666666666666,0.010559498725381644
rf,5130,Nc1cc2ncnc(Nc3cccc(F)c3)c2cn1,6.07572078704834,7.11941970195908,1.2841768181732058,0.6666666666666666,1.04369891491074
rf,5131,Nc1cc2ncnc(Nc3cccc(I)c3)c2cn1,6.585026741027832,7.147832907550022,1.3648725870301572,0.6666666666666666,0.56280616652219
rf,5132,Nc1cc2ncnc(Nc3cccc(O)c3)c2cn1,7.15490198135376,7.24645776357774,1.2855080067348403,0.6666666666666666,0.09155578222398031
rf,5133,Nc1cc2ncnc(Nc3cccc([N+](=O)[O-])c3)c2cn1,7.397940158843994,7.074809192156486,1.3465916952602905,0.6792452830188679,0.32313096668750774
rf,5134,Nc1cc2ncnc(Nc3ccccc3)c2cn1,6.602059841156006,5.85048523066701,0.8888830976386484,0.75,0.751574610488996
rf,5135,Nc1cc2ncnc(Nc3ccccc3Br)c2cn1,6.619788646697998,5.606592777993944,1.1090502722443638,0.574468085106383,1.013195868704054
rf,5136,Nc1cc2ncnc(Nc3ccccc3C(F)(F)F)c2cn1,5.0,5.291478514249589,0.9671846224062673,0.6938775510204082,0.29147851424958926
rf,5137,Nc1cc2ncnc(Nc3ccccc3N)c2cn1,5.274920463562012,5.552891375425127,1.0808053409179814,0.6222222222222222,0.2779709118631155
rf,5138,Nc1cc2ncnc(Nc3ccccc3[N+](=O)[O-])c2cn1,5.903090000152588,5.263959811096191,0.9088003594544752,0.6730769230769231,0.639130189056397
rf,5156,Nc1ccc(Nc2ncnc3cc(N)ncc23)cc1,5.229147911071777,5.21933811171677,0.6053044692944685,0.6829268292682927,0.009809799355007698
rf,5185,Nc1cccc(Nc2ncnc3cc(N)ncc23)c1,5.809668064117432,7.1520956479012,1.2992944678226936,0.7142857142857143,1.3424275837837687
rf,5197,Nc1ccccc1Nc1ncnc2cc(Br)ncc12,6.610001564025879,5.898433053265519,1.3312054673825273,0.47058823529411764,0.71156851076036
rf,5198,Nc1ccccc1Nc1ncnc2ccncc12,6.599997520446777,6.130305109258621,1.5638188338837848,0.5333333333333333,0.46969241118815663
rf,5723,O=C(O)CCCNc1c(Br)cccc1Nc1ncnc2ccncc12,9.55005931854248,8.671901278949036,0.806809961130378,0.671875,0.8781580395934441
rf,5724,O=C(O)CCCNc1cc2ncnc(Nc3cccc(Br)c3)c2cn1,9.551450729370117,8.57524279487597,0.7856292969805557,0.65625,0.9762079344941466
rf,5726,O=C(O)CCNc1c(Br)cccc1Nc1ncnc2ccncc12,9.209996223449707,8.664047477655233,0.8219425757386384,0.6507936507936508,0.5459487457944743
rf,5728,O=C(O)CCNc1cc2ncnc(Nc3cccc(Br)c3)c2cn1,9.214670181274414,8.52036681216757,0.8002559592357263,0.6451612903225806,0.6943033691068443
rf,5732,O=C(O)CNc1c(Br)cccc1Nc1ncnc2ccncc12,8.819873809814453,7.658957829217423,1.6354659341689888,0.6190476190476191,1.1609159805970304
rf,5733,O=C(O)CNc1cc2ncnc(Nc3cccc(Br)c3)c2cn1,8.821891784667969,8.251884227562353,1.1310655285809186,0.6129032258064516,0.5700075571056153
rf,5939,O=S(=O)(O)CCNc1c(Br)cccc1Nc1ncnc2ccncc12,8.849858283996582,8.607188530993776,0.865378492399815,0.6507936507936508,0.24266975300280613
rf,5940,O=S(=O)(O)CCNc1cc2ncnc(Nc3cccc(Br)c3)c2cn1,8.849858283996582,8.450881622571,0.8918389077405734,0.6451612903225806,0.3989766614255821
rf,6001,OCC(CO)Nc1cc2ncnc(Nc3cccc(Br)c3)c2cn1,7.851864814758301,8.318332033944705,0.8715829119527086,0.5714285714285714,0.4664672191864039
rf,6003,OCC(O)C(O)C(O)C(O)CNc1cc2ncnc(Nc3cccc(Br)c3)c2cn1,8.319393157958984,8.49495008965203,0.8546814179238462,0.5757575757575758,0.17555693169304476
rf,6005,OCC(O)CNc1c(Br)cccc1Nc1ncnc2ccncc12,9.02997875213623,7.730677640798187,1.5852860176722048,0.6,1.2993011113380435
rf,6006,OCC(O)CNc1cc2ncnc(Nc3cccc(Br)c3)c2cn1,9.036211967468262,8.521837013077091,0.8039982968463218,0.59375,0.5143749543911706
rf,6014,OCCN(CCO)CCCNc1c(Br)cccc1Nc1ncnc2ccncc12,8.920095443725586,8.71182025508906,0.6899798249184816,0.671875,0.2082751886365255
rf,6016,OCCN(CCO)CCCNc1cc2ncnc(Nc3cccc(Br)c3)c2cn1,8.920456886291504,8.517081852827387,0.8276978634927237,0.6461538461538462,0.4033750334641173
rf,6017,OCCN(CCO)CCNc1c(Br)cccc1Nc1ncnc2ccncc12,8.02997875213623,8.703103902423997,0.7260401656327987,0.640625,0.6731251502877669
rf,6019,OCCN(CCO)CCNc1cc2ncnc(Nc3cccc(Br)c3)c2cn1,8.038108825683594,8.469974239534405,0.8291086939175855,0.625,0.43186541385081156
rf,6021,OCCN(CCO)c1c(Br)cccc1Nc1ncnc2ccncc12,7.920095443725586,6.401342070538334,1.7119629332214508,0.5151515151515151,1.518753373187252
rf,6022,OCCN(CCO)c1cc2ncnc(Nc3cccc(Br)c3)c2cn1,7.920457363128662,8.265042322568643,0.8396652854656378,0.5625,0.344584959439981
rf,6027,OCCNc1c(Br)cccc1Nc1ncnc2ccncc12,9.60994815826416,8.716057325447222,0.7003793855960254,0.7068965517241379,0.8938908328169379
rf,6028,OCCNc1cc2ncnc(Nc3cccc(Br)c3)c2cn1,9.619879722595215,8.60456579781123,0.7066555323048254,0.6896551724137931,1.0153139247839853
rf,6036,OCN(CO)c1c(Br)cccc1Nc1ncnc2ccncc12,7.849857807159424,6.439336395222477,1.7060608060256164,0.5230769230769231,1.410521411936947
rf,106,C#CCNC/C=C/C(=O)Nc1cc2c(Nc3ccc(F)c(Cl)c3)c(C#N)cnc2cc1OCC,8.871641159057617,7.293963563604834,1.2756764104889224,0.7415730337078652,1.5776775954527835
rf,127,C#Cc1cccc(Nc2ccnc3cc(OC)c(OC)cc23)c1,7.721246242523193,5.14759064157313,0.6856031858186775,0.5272727272727272,2.5736556009500635
rf,128,C#Cc1cccc(Nc2ccnc3cc(OCCOC)c(OCCOC)cc23)c1,7.522878646850586,5.2352340281141485,0.7542262844119042,0.527027027027027,2.2876446187364374
rf,258,C/C=C/C(=O)Nc1cc2c(Nc3ccc(F)c(Cl)c3)c(C#N)cnc2cc1OCC,5.122469425201416,7.2381715917557035,1.2727611657592728,0.7407407407407407,2.1157021665542874
rf,259,C/C=C/C(=O)Nc1cc2c(Nc3ccc(F)c(Cl)c3)ccnc2cc1CC,5.12493896484375,5.516664606210076,1.0647929871881243,0.5641025641025641,0.39172564136632637
rf,262,C/C=C/C(=O)Nc1ccc2ncc(C#N)c(Nc3cccc(Br)c3)c2c1,5.79048490524292,5.524545461060596,0.7349146370682571,0.6521739130434783,0.2659394441823242
rf,271,C=C(CN(C)C)C(=O)Nc1cc2c(Nc3ccc(F)c(Cl)c3)c(C#N)cnc2cc1OCC,6.250906467437744,7.28948670032832,1.301590604392722,0.775,1.0385802328905758
rf,453,C=CC(=O)Nc1cc2c(Nc3ccc(F)c(Cl)c3)c(C#N)cnc2cc1OCC,8.835647583007812,7.421068870544434,1.0823957119063758,0.7307692307692307,1.4145787124633786
rf,468,C=CC(=O)Nc1cc2c(Nc3cccc(Br)c3)c(C#N)cnc2cc1OC,6.090757846832275,7.0911061989920485,1.0890346543262917,0.6923076923076923,1.0003483521597731
rf,492,C=CC(=O)Nc1ccc2ncc(C#N)c(Nc3cccc(Br)c3)c2c1,6.229147911071777,7.026144300903593,1.0663954351741127,0.7758620689655172,0.7969963898318158
rf,493,C=CC(=O)Nc1ccc2nccc(Nc3cccc(Br)c3)c2c1,9.0,7.880467859710966,0.9509982156066706,0.5925925925925926,1.1195321402890341
rf,730,CC#CC(=O)Nc1cc2c(Nc3cccc(Br)c3)c(C#N)cnc2cc1OC,6.04047966003418,6.10946457868656,0.9689943076383563,0.6567164179104478,0.06898491865238032
rf,731,CC#CC(=O)Nc1ccc2ncc(C#N)c(Nc3ccc(F)c(Cl)c3)c2c1,6.234657287597656,5.5288991132631224,0.7031752126474591,0.8,0.7057581743345338
rf,732,CC#CC(=O)Nc1ccc2ncc(C#N)c(Nc3cccc(Br)c3)c2c1,6.026872158050537,5.420276327372884,0.6580816472678626,0.7796610169491526,0.6065958306776533
rf,897,CC(C)N(CC#CC(=O)Nc1ccc2ncc(C#N)c(Nc3cccc(Br)c3)c2c1)C(C)C,6.602059841156006,5.834610772127555,0.8131588938205944,0.7605633802816901,0.7674490690284506
rf,907,CC(C)NCC#CC(=O)Nc1ccc2ncc(C#N)c(Nc3cccc(Br)c3)c2c1,3.6019999980926514,5.831324730698363,0.7835660180587869,0.7183098591549296,2.2293247326057113
rf,1118,CCC(=O)Nc1ccc2nccc(Nc3cccc(Br)c3)c2c1,7.79587984085083,5.295946445970547,0.7860742153227872,0.5925925925925926,2.4999333948802827
rf,1196,CCCCCOc1ccc(Nc2c(C#N)cnc3cc(OCC)c(NC(=O)/C=C/CN(C)C)cc23)cc1Cl,6.0486626625061035,6.702250937593217,0.38172599321666567,0.8292682926829268,0.6535882750871131
rf,1236,CCCN(CC#CC(=O)Nc1ccc2ncc(C#N)c(Nc3cccc(Br)c3)c2c1)CCC,6.886056423187256,5.852758202650613,0.7989309572391458,0.7605633802816901,1.0332982205366426
rf,1257,CCCNCC#CC(=O)Nc1ccc2ncc(C#N)c(Nc3cccc(Br)c3)c2c1,3.885999917984009,5.700548192220481,0.8109904190717283,0.6986301369863014,1.814548274236472
rf,1283,CCN(CC)C(C)/C=C/C(=O)Nc1cc2c(Nc3ccc(F)c(Cl)c3)c(C#N)cnc2cc1OC,5.315154552459717,6.786285846673663,1.4194909388851569,0.7209302325581395,1.4711312942139463
rf,1285,CCN(CC)C/C=C/C(=O)Nc1cc2c(Nc3ccc(F)c(Cl)c3)c(C#N)cnc2cc1OC,5.718966484069824,7.087556130480212,1.304808847280694,0.7261904761904762,1.3685896464103875
rf,1559,CCOc1cc2c(Nc3cccc(Br)c3)c(C#N)cnc2cc1OC,4.480000019073486,5.740109766691891,0.8001088777217957,0.6206896551724138,1.2601097476184044
rf,1564,CCOc1cc2ncc(C#N)c(Nc3ccc(F)c(Cl)c3)c2cc1NC(=O)/C=C/CN(C)C,7.411737442016602,7.27953348764465,1.200397848258457,0.825,0.13220395437195176
rf,1565,CCOc1cc2ncc(C#N)c(Nc3ccc(F)c(Cl)c3)c2cc1NC(=O)/C=C/CN(C)CCF,8.367402076721191,7.5826816947528295,1.1057078315342916,0.8192771084337349,0.7847203819683619
rf,1567,CCOc1cc2ncc(C#N)c(Nc3ccc(F)c(Cl)c3)c2cc1NC(=O)/C=C/CNC,8.936853408813477,7.311028112657031,1.2662354737713934,0.7560975609756098,1.6258252961564459
rf,1570,CCOc1cc2ncc(C#N)c(Nc3ccc(F)c(Cl)c3)c2cc1NC(=O)CCN(C)C,9.16749095916748,7.960842016601864,1.1797812122092655,0.7662337662337663,1.2066489425656162
rf,1573,CCOc1cc2ncc(C#N)c(Nc3ccc(F)c(Cl)c3)c2cc1OCC,6.009998798370361,5.963631377825616,1.0087501316016285,0.7068965517241379,0.04636742054474574
rf,1638,CCOc1cc2ncc(C#N)c(Nc3cccc(Br)c3)c2cc1NC(=O)/C=C/CN(C)C,5.79587984085083,5.907093117197665,0.9782618986473033,0.7721518987341772,0.11121327634683453
rf,1640,CCOc1cc2ncc(C#N)c(Nc3cccc(Br)c3)c2cc1OC,4.670000076293945,5.740109766691891,0.8001088777217957,0.6206896551724138,1.0701096903979455
rf,1641,CCOc1cc2ncc(C#N)c(Nc3cccc(Br)c3)c2cc1OCC,6.379999160766602,5.636922272482684,0.8152685262273502,0.631578947368421,0.7430768882839178
rf,1849,CN(C)C/C=C/C(=O)Nc1cc2c(Nc3ccc(F)c(Cl)c3)c(C#N)cnc2cc1OC(F)(F)F,5.578395843505859,6.98887670462018,1.3246769214877019,0.7011494252873564,1.410480861114321
rf,1866,CN(C)C/C=C/C(=O)Nc1ccc2ncc(C#N)c(Nc3ccc(F)c(Cl)c3)c2c1,6.187086582183838,5.90570625039801,0.9725254006889136,0.7162162162162162,0.28138033178582766
rf,1867,CN(C)C/C=C/C(=O)Nc1ccc2ncc(C#N)c(Nc3cccc(Br)c3)c2c1,6.508638381958008,5.982656762344364,1.035389563475833,0.8307692307692308,0.5259816196136438
rf,1891,CN(C)CCCC(=O)Nc1ccc2nccc(Nc3cccc(Br)c3)c2c1,8.769551277160645,5.349615931722678,0.8405072349567617,0.6086956521739131,3.419935345437967
rf,2131,CNC/C=C/C(=O)Nc1cc2c(Nc3ccc(F)c(Cl)c3)c(C#N)cnc2cc1OCCF,8.8140230178833,7.308922825107697,1.3453908916833657,0.6813186813186813,1.505100192775604
rf,2287,COCC#CC(=O)Nc1cc2c(Nc3cccc(Br)c3)c(C#N)cnc2cc1OC,6.1011857986450195,6.121770690816071,0.9529830844207753,0.6265060240963856,0.020584892171051195
rf,2288,COCC#CC(=O)Nc1ccc2ncc(C#N)c(Nc3cccc(Br)c3)c2c1,6.017728805541992,5.792805800145955,0.74790129652288,0.7285714285714285,0.22492300539603693
rf,2320,COCCOCC#CC(=O)Nc1ccc2ncc(C#N)c(Nc3cccc(Br)c3)c2c1,6.031517028808594,5.770976494572285,0.7759066972968676,0.6710526315789473,0.2605405342363092
rf,2326,COCCOc1cc2ncc(C#N)c(Nc3cccc(Br)c3)c2cc1OCCOC,5.959999084472656,5.753105219169614,0.8383432462722487,0.609375,0.20689386530304255
rf,2385,COCOC#CC(=O)Nc1ccc2ncc(C#N)c(Nc3cccc(Br)c3)c2c1,6.481485843658447,5.57502735684526,0.6791211340928828,0.654320987654321,0.9064584868131869
rf,2386,COCOCC#CC(=O)Nc1ccc2ncc(C#N)c(Nc3cccc(Br)c3)c2c1,6.480743885040283,5.817823041350322,0.7676412919652574,0.68,0.6629208436899612
rf,2397,COCOc1cc2ncc(C#N)c(Nc3cccc(Br)c3)c2cc1OCOC,5.170000076293945,5.687772874515677,0.7627915756874166,0.6101694915254238,0.5177727982217313
rf,2700,COc1cc(NC(=O)/C=C/CN(C)C)cc2c(Nc3cccc(Br)c3)c(C#N)cnc12,5.540303707122803,5.699515952323984,0.6846210667609846,0.7464788732394366,0.15921224520118127
rf,3072,COc1cc2ncc(C#N)c(Nc3cc(Cl)c(O)c(Cl)c3)c2cc1OC,5.499999523162842,5.869994578236907,0.7469712863149842,0.6206896551724138,0.3699950550740656
rf,3073,COc1cc2ncc(C#N)c(Nc3cc(Cl)ccc3O)c2cc1OC,4.769999980926514,6.117688402442044,0.9573392009854671,0.5396825396825397,1.3476884215155307
rf,3075,COc1cc2ncc(C#N)c(Nc3ccc(Br)c(C)c3)c2cc1OC,6.209996700286865,5.767025690647316,0.7331547665716339,0.5737704918032787,0.4429710096395496
rf,3076,COc1cc2ncc(C#N)c(Nc3ccc(Br)cc3)c2cc1OC,5.180000305175781,5.777141378762895,0.7089232700435122,0.5862068965517241,0.5971410735871139
rf,3077,COc1cc2ncc(C#N)c(Nc3ccc(C(C)C)cc3)c2cc1OC,6.639993667602539,5.778418891639224,0.7075703258340074,0.5932203389830508,0.861574775963315
rf,3078,COc1cc2ncc(C#N)c(Nc3ccc(C)c(Br)c3)c2cc1OC,5.75,5.761593910490318,0.7187966096875865,0.5737704918032787,0.011593910490318216
rf,3079,COc1cc2ncc(C#N)c(Nc3ccc(C)c(Cl)c3)c2cc1OC,5.8299994468688965,5.869599129657197,0.6594061979688532,0.6842105263157895,0.039599682788300505
rf,3080,COc1cc2ncc(C#N)c(Nc3ccc(C)cc3)c2cc1OC,5.559999942779541,5.800799698066724,0.755436120493918,0.5964912280701754,0.240799755287183
rf,3082,COc1cc2ncc(C#N)c(Nc3ccc(Cl)cc3F)c2cc1OC,4.860000133514404,6.074973471128564,0.9309305573516248,0.6166666666666667,1.2149733376141594
rf,3083,COc1cc2ncc(C#N)c(Nc3ccc(F)c(C(F)(F)F)c3)c2cc1OC,6.7999982833862305,5.74008538503497,0.8069328161953204,0.65,1.0599128983512607
rf,3084,COc1cc2ncc(C#N)c(Nc3ccc(F)c(Cl)c3)c2cc1NC(=O)/C=C/C(C)N(C)C,5.28116512298584,6.713693742277604,1.4323998887062654,0.7469879518072289,1.4325286192917641
rf,3086,COc1cc2ncc(C#N)c(Nc3ccc(F)c(Cl)c3)c2cc1NC(=O)/C=C/CN(C)C,5.632256031036377,7.023814879647336,1.2870854014792588,0.775,1.3915588486109591
rf,3088,COc1cc2ncc(C#N)c(Nc3ccc(F)c(Cl)c3)c2cc1OC,5.9871625900268555,5.86026457136389,0.7569756855023732,0.8653846153846154,0.12689801866296513
rf,3089,COc1cc2ncc(C#N)c(Nc3ccc(F)cc3)c2cc1OC,4.320000171661377,5.802822575357981,0.7228613993581524,0.6428571428571429,1.4828224036966038
rf,3093,COc1cc2ncc(C#N)c(Nc3ccc(O)c(Cl)c3)c2cc1OC,5.039999961853027,5.837486263085272,0.6881115815762806,0.6724137931034483,0.7974863012322446
rf,3101,COc1cc2ncc(C#N)c(Nc3cccc(Br)c3)c2cc1NC(=O)/C=C/CN(C)C,6.1011857986450195,6.114452187721825,0.8996222256997416,0.75,0.013266389076805218
rf,3103,COc1cc2ncc(C#N)c(Nc3cccc(Br)c3)c2cc1NC(=O)C#CCN(C)C,7.045757293701172,6.102112298651629,0.9259853966162892,0.620253164556962,0.9436449950495431
rf,3104,COc1cc2ncc(C#N)c(Nc3cccc(Br)c3)c2cc1OC,6.721246242523193,5.675475418310767,0.7015769321668444,0.6923076923076923,1.0457708242124264
rf,3105,COc1cc2ncc(C#N)c(Nc3cccc(Br)c3C)c2cc1OC,6.0800018310546875,5.978476487582871,0.7211731902831088,0.5079365079365079,0.10152534347181685
rf,3106,COc1cc2ncc(C#N)c(Nc3cccc(C#N)c3)c2cc1OC,4.849999904632568,5.681608409261929,0.7329606748518116,0.5666666666666667,0.8316085046293606
rf,3107,COc1cc2ncc(C#N)c(Nc3cccc(C(C)=O)c3)c2cc1OC,5.130000114440918,5.778965642349287,0.7448064453074189,0.5230769230769231,0.648965527908369
rf,3108,COc1cc2ncc(C#N)c(Nc3cccc(C(C)C)c3)c2cc1OC,4.210000038146973,5.71709096991413,0.6998407597306247,0.5645161290322581,1.5070909317671575
rf,3109,COc1cc2ncc(C#N)c(Nc3cccc(C(F)(F)F)c3)c2cc1OC,5.840000152587891,5.681732301083106,0.7450416945820626,0.5555555555555556,0.1582678515047844
rf,3110,COc1cc2ncc(C#N)c(Nc3cccc(C(N)=O)c3)c2cc1OC,5.110000133514404,5.7156168540140735,0.7541343974199175,0.5151515151515151,0.6056167204996692
rf,3111,COc1cc2ncc(C#N)c(Nc3cccc(Cl)c3)c2cc1OC,6.740000247955322,5.772522391669383,0.8523026610423281,0.6923076923076923,0.9674778562859396
rf,3112,COc1cc2ncc(C#N)c(Nc3cccc(F)c3)c2cc1OC,6.130000114440918,5.694146222185015,0.7046306043291877,0.6101694915254238,0.43585389225590276
rf,3113,COc1cc2ncc(C#N)c(Nc3cccc(N(C)C)c3)c2cc1OC,6.0699992179870605,5.6180301133600015,0.8797582697265475,0.5396825396825397,0.4519691046270591
rf,3114,COc1cc2ncc(C#N)c(Nc3cccc(N)c3)c2cc1OC,6.090000152587891,5.7796811554531775,0.8917726252415955,0.5573770491803278,0.3103189971347131
rf,3115,COc1cc2ncc(C#N)c(Nc3cccc(N=[N+]=[N-])c3)c2cc1OC,5.660000324249268,5.694028131964638,0.7883362517951776,0.5074626865671642,0.03402780771537017
rf,3116,COc1cc2ncc(C#N)c(Nc3cccc(NC(C)=O)c3)c2cc1OC,4.159999847412109,5.807430937469379,0.8595428514996667,0.5230769230769231,1.6474310900572693
rf,3117,COc1cc2ncc(C#N)c(Nc3cccc(O)c3)c2cc1OC,5.200000286102295,5.721222505303624,0.7190241039832179,0.5666666666666667,0.5212222192013289
rf,3118,COc1cc2ncc(C#N)c(Nc3cccc(SC)c3)c2cc1OC,6.119998455047607,5.987118958124258,0.8653764467187622,0.5396825396825397,0.13287949692334955
rf,3119,COc1cc2ncc(C#N)c(Nc3cccc([N+](=O)[O-])c3)c2cc1OC,6.060001850128174,5.67567518512006,0.7526061587126746,0.5151515151515151,0.3843266650081141
rf,3120,COc1cc2ncc(C#N)c(Nc3ccccc3Br)c2cc1OC,5.380000591278076,5.999962237348771,0.7179315193651175,0.559322033898305,0.6199616460706947
rf,3121,COc1cc2ncc(C#N)c(Nc3ccccc3C(C)C)c2cc1OC,6.439997673034668,6.058411703486014,0.7539274482111901,0.5409836065573771,0.3815859695486541
rf,3125,COc1cc2ncc(C(=O)O)c(Nc3ccc(F)c(Cl)c3)c2cc1OC,5.032264709472656,5.9525156004890425,0.8215878338451913,0.6666666666666666,0.9202508910163862
rf,3126,COc1cc2ncc(C(=O)O)c(Nc3cccc(Br)c3)c2cc1OC,4.764766693115234,5.779574663520943,0.763830917004614,0.65625,1.014807970405709
rf,3127,COc1cc2ncc(C(=O)O)c(Nc3cccc(Cl)c3)c2cc1OC,5.044745445251465,5.866994671177883,0.8732927866510398,0.65625,0.8222492259264182
rf,3128,COc1cc2ncc(C(N)=O)c(Nc3cccc(Br)c3)c2cc1OC,4.820000171661377,5.803495460350113,0.7875617203508123,0.6461538461538462,0.9834952886887365
rf,3129,COc1cc2ncc(C=O)c(Nc3cccc(Br)c3)c2cc1OC,5.470000267028809,5.744840768311923,0.7742929173009411,0.5522388059701493,0.27484050128311477
rf,3131,COc1cc2nccc(Nc3ccc(F)c(Cl)c3)c2cc1NC(=O)/C=C/C(C)N(C)C,5.282329559326172,5.450005259592215,1.054773702730421,0.7236842105263158,0.1676757002660434
rf,3134,COc1cc2nccc(Nc3cccc(Br)c3)c2cc1OC,6.431798458099365,5.166314950382481,0.6118760409712002,0.5833333333333334,1.2654835077168842
rf,3668,COc1ccc(Nc2c(C#N)cnc3cc(OC)c(OC)cc23)cc1OC,4.300000190734863,5.767211634960462,0.7228710078829012,0.6363636363636364,1.4672114442255983
rf,3671,COc1ccc(Nc2ccnc3cc(OC)c(OC)cc23)cc1OC,4.094203948974609,5.242837242631719,0.6715030914225851,0.5348837209302325,1.1486332936571095
rf,4969,N#Cc1cnc2cc(O)c(O)cc2c1Nc1cccc(Br)c1,6.459996223449707,5.326813820281607,0.5404336299396649,0.6923076923076923,1.1331824031681004
rf,718,C=CCn1nc(-c2ccc(OCC)c(OC)c2)c2c(N)ncnc21,5.2941365242004395,6.846607333723938,1.277786582392575,0.6190476190476191,1.5524708095234985
rf,809,CC(=O)c1ccc(-c2nn(C(C)C)c3ncnc(N)c23)cc1,4.92081880569458,4.895026352978517,0.5968451181454305,0.64,0.025792452716062897
rf,814,CC(=O)c1cccc(-c2nn(C(C)C)c3ncnc(N)c23)c1,5.552842140197754,5.086865907490675,0.664389416787987,0.6612903225806451,0.4659762327070789
rf,875,CC(C)(C)n1nc(-c2ccc(Cl)cc2)c2c(N)ncnc21,6.318758964538574,4.8607347719015195,0.5698291154136975,0.4423076923076923,1.4580241926370547
rf,961,CC(C)n1nc(-c2cc(F)c(C=O)c(F)c2)c2c(N)ncnc21,5.0,4.881373755105309,0.6224161193984447,0.625,0.11862624489469109
rf,962,CC(C)n1nc(-c2cc(F)c(O)cc2F)c2c(N)ncnc21,5.161150932312012,4.65042195182981,0.6462122372288847,0.5454545454545454,0.5107289804822015
rf,964,CC(C)n1nc(-c2cc(O)cc(Br)c2)c2c(N)ncnc21,6.6038007736206055,4.931604556046779,0.781233685061502,0.6346153846153846,1.672196217573826
rf,965,CC(C)n1nc(-c2cc(O)cc(F)c2)c2c(N)ncnc21,6.239577293395996,5.0191242809478736,0.827309163789609,0.6346153846153846,1.2204530124481225
rf,969,CC(C)n1nc(-c2ccc(Br)c(O)c2)c2c(N)ncnc21,6.259637355804443,4.792780882039524,0.6091231202842713,0.6862745098039216,1.4668564737649197
rf,970,CC(C)n1nc(-c2ccc(C#N)c(F)c2)c2c(N)ncnc21,5.050610065460205,4.913551814438112,0.6206675667253687,0.6481481481481481,0.13705825102209346
rf,971,CC(C)n1nc(-c2ccc(C#N)c(O)c2)c2c(N)ncnc21,5.585026741027832,4.788690455069297,0.6994472383664193,0.6481481481481481,0.7963362859585352
rf,973,CC(C)n1nc(-c2ccc(C(N)=O)c(Cl)c2)c2c(N)ncnc21,4.0,5.068123775583041,0.664107728853051,0.6071428571428571,1.0681237755830413
rf,974,CC(C)n1nc(-c2ccc(C=O)c(F)c2)c2c(N)ncnc21,5.045757293701172,4.847271316530096,0.49243937777954094,0.6730769230769231,0.1984859771710763
rf,975,CC(C)n1nc(-c2ccc(CC#N)cc2)c2c(N)ncnc21,4.886056423187256,4.7575484793268625,0.5441037092945621,0.6538461538461539,0.12850794386039333
rf,976,CC(C)n1nc(-c2ccc(Cl)c(O)c2)c2c(N)ncnc21,6.801342964172363,4.9553833671818985,0.6536350417768675,0.6862745098039216,1.8459595969904647
rf,977,CC(C)n1nc(-c2ccc(F)c(C#N)c2)c2c(N)ncnc21,4.0,4.8589854161588555,0.6366750586543745,0.6481481481481481,0.8589854161588555
rf,978,CC(C)n1nc(-c2ccc(F)c(O)c2)c2c(N)ncnc21,5.853871822357178,4.721387703484813,0.6106830368542298,0.6862745098039216,1.132484118872365
rf,979,CC(C)n1nc(-c2ccc(N)c(O)c2)c2c(N)ncnc21,5.673664093017578,4.794238023513001,0.6134283567201334,0.7142857142857143,0.8794260695045768
rf,980,CC(C)n1nc(-c2ccc(NS(C)(=O)=O)cc2)c2c(N)ncnc21,4.892789840698242,4.975481539465094,0.6445797104800445,0.58,0.082691698766852
rf,981,CC(C)n1nc(-c2ccc(O)c(F)c2)c2c(N)ncnc21,5.982966423034668,4.8116974074048535,0.6323198775763216,0.6862745098039216,1.1712690156298144
rf,982,CC(C)n1nc(-c2ccc(O)cc2)c2c(N)ncnc21,6.035269260406494,5.03079071309712,0.7666558559228369,0.7777777777777778,1.0044785473093745
rf,983,CC(C)n1nc(-c2ccc(S(N)(=O)=O)cc2)c2c(N)ncnc21,4.0,4.666561408140266,0.6041273783585672,0.6170212765957447,0.6665614081402662
rf,1010,CC(C)n1nc(-c2cccc(C#N)c2)c2c(N)ncnc21,4.0,4.905337186093542,0.5817700430465195,0.6415094339622641,0.9053371860935417
rf,1012,CC(C)n1nc(-c2cccc(CC#N)c2)c2c(N)ncnc21,4.7695512771606445,5.05198076968165,0.678139134290417,0.5818181818181818,0.2824294925210058
rf,1013,CC(C)n1nc(-c2cccc(CO)c2)c2c(N)ncnc21,4.0,5.262525258301348,0.7530431352414311,0.6153846153846154,1.2625252583013484
rf,1014,CC(C)n1nc(-c2cccc(NS(C)(=O)=O)c2)c2c(N)ncnc21,4.0,5.204848807094228,0.7040703810128643,0.5714285714285714,1.204848807094228
rf,1015,CC(C)n1nc(-c2cccc(O)c2)c2c(N)ncnc21,6.020451545715332,5.38815415037222,0.8392901442075457,0.75,0.6322973953431124
rf,1016,CC(C)n1nc(-c2cccc(O)c2F)c2c(N)ncnc21,5.429457187652588,4.851107577279937,0.672943823174735,0.6181818181818182,0.5783496103726513
rf,1017,CC(C)n1nc(-c2cccc(S(N)(=O)=O)c2)c2c(N)ncnc21,4.0,4.810811955320649,0.6834279735233684,0.6153846153846154,0.8108119553206494
rf,1137,CCC(C)n1nc(-c2ccc(C)c(O)c2)c2c(N)ncnc21,5.777283668518066,4.795838935705715,0.5793625001344953,0.5614035087719298,0.981444732812351
rf,1502,CCOc1cc(-c2nn(C(C)C)c3ncnc(N)c23)ccc1OC,4.266000747680664,5.026489516637475,0.6556685750603818,0.6785714285714286,0.7604887689568107
rf,1503,CCOc1cc(-c2nn(CCO)c3ncnc(N)c23)ccc1OC,5.096367359161377,4.968510469766863,0.5978266803988714,0.5873015873015873,0.127856889394514
rf,1723,CCOc1ccc(-c2n[nH]c3ncnc(N)c23)cc1OC,4.0,5.128771949863389,0.5985152797611856,0.5409836065573771,1.1287719498633892
rf,1744,CCOc1ccc(-c2nn(C(C)C)c3ncnc(N)c23)cc1OC,5.225482940673828,5.0233922880890365,0.5605467950796064,0.6785714285714286,0.20209065258479164
rf,1815,CCn1nc(-c2ccc(OC)c(O)c2)c2c(N)ncnc21,5.1904401779174805,4.915939859441519,0.6485891344614262,0.6491228070175439,0.2745003184759618
rf,2393,COCOc1cc(-c2nn(C(C)C)c3ncnc(N)c23)ccc1Br,5.364516258239746,4.950375871658287,0.5548012157512638,0.603448275862069,0.414140386581459
rf,2446,COc1cc(-c2nn(C(C)C)c3ncnc(N)c23)cc(OC)c1OC,5.289036750793457,4.992793359176155,0.775116129616229,0.6226415094339622,0.29624339161730173
rf,2447,COc1cc(-c2nn(C(C)C)c3ncnc(N)c23)ccc1F,5.413412570953369,5.030481674119118,0.59558819099564,0.6666666666666666,0.3829308968342513
rf,2448,COc1cc(-c2nn(C(C)C)c3ncnc(N)c23)ccc1N,5.414539337158203,4.968186439246976,0.5397521337355944,0.6923076923076923,0.44635289791122723
rf,2449,COc1cc(-c2nn(C(C)C)c3ncnc(N)c23)ccc1NC(=O)OC(C)(C)C,6.7695512771606445,4.86554570432071,0.6600422770769424,0.7205882352941176,1.9040055728399343
rf,2450,COc1cc(-c2nn(C(C)C)c3ncnc(N)c23)ccc1NC(C)CO,5.274088382720947,4.97360277743737,0.6124672744048213,0.5806451612903226,0.30048560528357715
rf,2451,COc1cc(-c2nn(C(C)C)c3ncnc(N)c23)ccc1O,6.041913986206055,4.876462626534265,0.6757515895465155,0.6666666666666666,1.1654513596717893
rf,2506,COc1cc(Br)cc(-c2nn(C(C)C)c3ncnc(N)c23)c1,4.958607196807861,5.046393019621836,0.7551644056594499,0.6481481481481481,0.08778582281397451
rf,2558,COc1cc(F)c(-c2nn(C(C)C)c3ncnc(N)c23)cc1F,4.991399765014648,4.7882057500675135,0.6498283294836655,0.5714285714285714,0.20319401494713496
rf,3510,COc1ccc(-c2n[nH]c3ncnc(N)c23)cc1O,4.0,4.992629140492986,0.6618146424166106,0.5789473684210527,0.9926291404929861
rf,3515,COc1ccc(-c2nn(C(C)(C)C)c3ncnc(N)c23)cc1OC,5.197910785675049,4.897541634684975,0.5637044025338369,0.660377358490566,0.30036915099007366
rf,3516,COc1ccc(-c2nn(C(C)C)c3ncnc(N)c23)cc1,5.3665313720703125,5.019223807452593,0.6297475139031696,0.7872340425531915,0.3473075646177195
rf,3517,COc1ccc(-c2nn(C(C)C)c3ncnc(N)c23)cc1O,5.659555912017822,4.823655050614333,0.6321181625085588,0.6666666666666666,0.8359008614034895
rf,3518,COc1ccc(-c2nn(C(C)C)c3ncnc(N)c23)cc1OC,5.519992828369141,4.907911638484173,0.5493610171052038,0.7058823529411765,0.6120811898849681
rf,3519,COc1ccc(-c2nn(C)c3ncnc(N)c23)cc1O,4.0,4.818321573802085,0.5382533257831147,0.6851851851851852,0.818321573802085
rf,3525,COc1ccc(-c2nn(C[C@@H](C)CO)c3ncnc(N)c23)cc1OC,4.744727611541748,4.973381295463038,0.6232512418896604,0.5573770491803278,0.22865368392128982
rf,3526,COc1ccc(-c2nn(C[C@H](C)CO)c3ncnc(N)c23)cc1OC,4.92081880569458,4.973381295463038,0.6232512418896604,0.5573770491803278,0.05256248976845779
rf,3771,COc1cccc(-c2nn(C(C)C)c3ncnc(N)c23)c1,5.853871822357178,5.250071409858145,0.6764540659242312,0.76,0.6038004124990328
rf,3772,COc1cccc(-c2nn(C(C)C)c3ncnc(N)c23)c1OC,5.436519145965576,5.084909826081227,0.783114261583032,0.5892857142857143,0.35160931988434907
rf,3958,C[C@@H](CN)n1nc(-c2ccc(Cl)c(O)c2)c2c(N)ncnc21,5.039053916931152,4.956018852175734,0.6335485682694797,0.576271186440678,0.08303506475541855
rf,3959,C[C@@H](CN)n1nc(-c2ccc(F)c(O)c2)c2c(N)ncnc21,4.585026741027832,4.730733234687064,0.6233064666431158,0.576271186440678,0.14570649365923227
rf,4060,C[C@H](CN)n1nc(-c2ccc(Cl)c(O)c2)c2c(N)ncnc21,5.318758964538574,4.956018852175734,0.6335485682694797,0.576271186440678,0.36274011236284043
rf,4061,C[C@H](CN)n1nc(-c2ccc(F)c(O)c2)c2c(N)ncnc21,4.0,4.730733234687064,0.6233064666431158,0.576271186440678,0.7307332346870643
rf,4209,Cc1cc(O)ccc1-c1nn(C(C)C)c2ncnc(N)c12,6.020451545715332,5.277111173263226,0.8132331264081484,0.6666666666666666,0.7433403724521064
rf,4223,Cc1ccc(-c2n[nH]c3ncnc(N)c23)cc1O,4.906578540802002,5.014589979327435,0.6835696664890086,0.4032258064516129,0.10801143852543316
rf,4225,Cc1ccc(-c2nn(C(C)C)c3ncnc(N)c23)cc1O,6.178486347198486,4.790592259642141,0.5958724262113395,0.7,1.3878940875563455
rf,4226,Cc1ccc(-c2nn(C)c3ncnc(N)c23)cc1O,4.721246242523193,4.82299691522945,0.550907762102933,0.6382978723404256,0.10175067270625693
rf,4721,Cn1nc(-c2ccc(Br)c(O)c2)c2c(N)ncnc21,4.0,4.833464303905631,0.5684553792460566,0.6538461538461539,0.8334643039056306
rf,4935,N#CCCCCn1nc(-c2ccc(F)c(O)c2)c2c(N)ncnc21,4.958607196807861,4.6711012973391925,0.6974761127271006,0.5846153846153846,0.2875058994686688
rf,4936,N#CCCCn1nc(-c2ccc(F)c(O)c2)c2c(N)ncnc21,4.744727611541748,4.668064843532922,0.6951621312514107,0.59375,0.0766627680088261
rf,247,C/C(=C\c1ccc(O)c(O)c1)[N+](=O)[O-],5.045757293701172,5.049135126458778,0.355901776403111,0.44680851063829785,0.0033778327576063916
rf,787,CC(=O)Nc1ccc(C=C(C#N)C#N)cc1,3.48811674118042,3.8565533985622453,0.9598794909501336,0.43243243243243246,0.3684366573818254
rf,807,CC(=O)Oc1ccccc1C(=O)O,5.0,4.960794839317808,0.37376089500743104,0.30434782608695654,0.03920516068219193
rf,842,CC(C)(C)NC(=O)/C=C/c1ccccc1,4.525055885314941,4.9735843070864005,0.27305695501949145,0.5757575757575758,0.44852842177145913
rf,843,CC(C)(C)NC(=O)c1ccc(N(CCCl)CCCl)cc1,4.502655506134033,5.0934553699632215,0.5860243954226168,0.6097560975609756,0.5907998638291883
rf,859,CC(C)(C)Oc1cc(/C=C(\C#N)C(=N)S)cc(C(C)(C)C)c1O,3.299999952316284,5.141244512126907,0.6089546728976154,0.3333333333333333,1.8412445598106224
rf,861,CC(C)(C)c1cc(/C=C(\C#N)C(N)=O)cc(C(C)(C)C)c1O,4.301030158996582,5.023829962657906,0.5165312846641801,0.5454545454545454,0.7227998036613243
rf,893,CC(C)Cc1ccc(C(C)C(=O)O)cc1,5.0,5.3128916359275955,0.8178700006547014,0.42105263157894735,0.3128916359275955
rf,927,CC(C)c1cc(/C=C(\C#N)C(N)=O)cc(C(C)C)c1O,6.0,5.141883862303154,0.484501890073583,0.5454545454545454,0.8581161376968458
rf,1178,CCCCCCCCCCCCNC(=O)/C=C/c1ccccc1,4.4149909019470215,4.9385158304569154,0.29743375826109186,0.48717948717948717,0.523524928509894
rf,1180,CCCCCCCCCCCCNC(=O)c1ccc(N(CCCl)CCCl)cc1,4.301030158996582,5.00805894927509,0.5717941389006085,0.5652173913043478,0.7070287902785077
rf,1187,CCCCCCCCNC(C)C(O)c1ccc(SC(C)C)cc1,6.099960803985596,4.880597915242929,0.6784900653647404,0.23076923076923078,1.2193628887426664
rf,1189,CCCCCCCCc1ccc(O)cc1,4.789976119995117,5.15800100755706,0.6189598852629463,0.3611111111111111,0.3680248875619432
rf,1199,CCCCN(CCCC)C(=O)c1ccc(N(CCCl)CCCl)cc1,4.506124019622803,4.992419057916678,0.6604390750413335,0.5714285714285714,0.4862950382938749
rf,1216,CCCCNC(=O)c1ccc(N(CCCl)CCCl)cc1,4.64187479019165,4.989959645698375,0.5622549446669096,0.5909090909090909,0.3480848555067242
rf,1238,CCCN(CCC)C(=O)c1ccc(N(CCCl)CCCl)cc1,4.525346755981445,5.054376126268599,0.6554740735241585,0.6,0.5290293702871534
rf,1774,CC[C@H](C)[C@@H](CO[C@@H](Cc1ccccc1)C(=O)N[C@@H](CCS(C)(=O)=O)C(=O)OC(C)C)NC[C@@H](N)CS,5.4926838874816895,5.095090682217379,0.823321253167927,0.23655913978494625,0.3975932052643101
rf,2373,COCCc1ccc(O)cc1,4.301030158996582,5.149910232071833,0.4865847939390307,0.37142857142857144,0.848880073075251
rf,2461,COc1cc(/C=C(\C#N)C(N)=C(C#N)C#N)cc(O)c1O,6.0,5.169536662256721,0.5625292451201078,0.5555555555555556,0.8304633377432786
rf,2463,COc1cc(/C=C(\C#N)C(N)=O)cc(CSCCCC(=O)O)c1O,5.187086582183838,5.063283114429977,0.5237964778327022,0.711864406779661,0.12380346775386109
rf,2483,COc1cc(/C=C/[N+](=O)[O-])ccc1O,5.096909999847412,5.147011323766039,0.5177385215374541,0.575,0.05010132391862676
rf,2511,COc1cc(C(C#N)=C(C#N)C#N)cc(O)c1O,5.221848964691162,5.056326151298155,0.4583274274705328,0.4318181818181818,0.16552281339300734
rf,2512,COc1cc(C(C#N)=C(C#N)C#N)cc(OC)c1O,3.045757532119751,4.97336542410515,0.5909940776441467,0.38636363636363635,1.9276078919853994
rf,2533,COc1cc(C=C(C#N)C#N)cc(C)c1O,4.059999942779541,4.247131575640927,0.8828657361320421,0.5416666666666666,0.18713163286138634
rf,2535,COc1cc(C=C(C#N)C#N)cc(CSCC(=O)O)c1O,4.301030158996582,4.626865403855965,0.7152997803637852,0.6538461538461539,0.3258352448593831
rf,2538,COc1cc(C=C(C#N)C#N)cc(SCC(=O)O)c1O,4.269999980926514,4.581576884758727,0.9391820097402067,0.5689655172413793,0.31157690383221315
rf,3603,COc1ccc(C=C(C#N)C#N)cc1F,3.096909999847412,4.030938603594978,1.0019395239236704,0.4230769230769231,0.9340286037475662
rf,3950,CSc1ccc(C=C(C#N)C#N)cc1,3.204119920730591,3.7425530353652903,0.9957490182887182,0.48484848484848486,0.5384331146346995
rf,4080,C[C@](N)(Cc1ccc(O)c(O)c1)C(=O)O,5.2816643714904785,4.870621554656134,0.6552359274319176,0.3125,0.4110428168343443
rf,4086,C[S+]([O-])c1ccc(C=C(C#N)C#N)cc1,2.744727611541748,3.7049681506920398,0.9457732473896272,0.5,0.9602405391502917
rf,4185,Cc1cc(C=C(C#N)C#N)cc(O)c1O,4.886056423187256,3.970668268582211,0.9358342831060595,0.4186046511627907,0.9153881546050449
rf,4855,N#C/C(=C\c1cc(O)ccc1O)C(=O)O,4.698969841003418,4.773511377107926,0.6314242876958397,0.4222222222222222,0.07454153610450831
rf,4882,N#C/C(=C\c1ccc(O)c(O)c1)C(=O)O,4.522878646850586,5.040524944268336,0.5578455788510952,0.7027027027027027,0.51764629741775
rf,4889,N#C/C(=C\c1ccc(O)c(O)c1)C(N)=O,5.0,5.218679810898487,0.36917354419370635,0.6756756756756757,0.21867981089848687
rf,4890,N#C/C(=C\c1ccc(O)c(O)c1)C(N)=S,5.571333885192871,5.175065445901949,0.36950016265532115,0.5897435897435898,0.3962684392909219
rf,4892,N#C/C(=C\c1ccc(O)cc1)C(=O)O,3.698970079421997,5.042760897012008,0.7076132049488628,0.4666666666666667,1.343790817590011
rf,4893,N#C/C(=C\c1ccc(O)cc1)C(N)=O,3.096909999847412,5.2314341711395285,0.5816966674261522,0.55,2.1345241712921164
rf,4897,N#CC(C#N)=C(C#N)c1cc(O)c(O)c(O)c1,5.522878646850586,5.239133577981398,0.6534678656388864,0.3023255813953488,0.28374506886918827
rf,4898,N#CC(C#N)=C(C#N)c1cc(O)cc(O)c1,5.0,5.399949887739855,0.7257565688846324,0.24390243902439024,0.3999498877398553
rf,4899,N#CC(C#N)=C(C#N)c1ccc(C=O)cc1,3.221848726272583,4.90609518138525,0.7246969127269354,0.32558139534883723,1.6842464551126666
rf,4900,N#CC(C#N)=C(C#N)c1ccc(O)c(O)c1,5.0,5.187171474116785,0.47803073382247535,0.4358974358974359,0.18717147411678514
rf,4901,N#CC(C#N)=C(C#N)c1ccc(O)cc1,3.221848726272583,4.9017592613705325,0.7617830918639333,0.2682926829268293,1.6799105350979495
rf,4902,N#CC(C#N)=C(C#N)c1cccc(O)c1,3.397939920425415,5.2601153101404075,0.7277343445746215,0.2826086956521739,1.8621753897149924
rf,4903,N#CC(C#N)=C(N)/C(C#N)=C/c1cc(O)c(O)c(Br)c1,6.301030158996582,5.23635944452046,0.5705343296413627,0.5531914893617021,1.0646707144761223
rf,4904,N#CC(C#N)=C(N)/C(C#N)=C/c1cc(O)c(O)c(O)c1,6.096909999847412,5.321539894590016,0.689804238488266,0.5,0.7753701052573962
rf,4905,N#CC(C#N)=C(N)/C(C#N)=C/c1ccc(O)c(O)c1,5.522878646850586,5.232072409320179,0.5331008707026114,0.575,0.2908062375304068
rf,4906,N#CC(C#N)=C(N)/C(C#N)=C/c1ccc(O)cc1,7.0,5.209297980951175,0.7066601421479853,0.3877551020408163,1.7907020190488252
rf,4908,N#CC(C#N)=C(O)c1cc(O)c(O)c(O)c1,5.0,5.214746581347678,0.6405167390497366,0.3023255813953488,0.21474658134767832
rf,4909,N#CC(C#N)=C(O)c1ccc(O)cc1,3.301029920578003,5.09993576814171,0.5906514766762636,0.2682926829268293,1.7989058475637068
rf,4922,N#CC(C#N)=Cc1ccc(C#N)cc1,2.853872060775757,3.6330010766435517,0.9256347650219751,0.5333333333333333,0.7791290158677948
rf,4923,N#CC(C#N)=Cc1ccc(O)c(O)c1,4.397940158843994,3.96243387076373,1.0546511103920162,0.6060606060606061,0.43550628808026426
rf,5094,N[C@@H](Cc1ccc(O)c(O)c1)C(=O)O,5.540607452392578,5.131740905758761,0.6160115737872219,0.32608695652173914,0.40886654663381705
rf,5715,O=C(O)/C=C/c1cc(CO)ccc1CO,6.107905387878418,4.911676921158021,0.3291752501550583,0.24528301886792453,1.196228466720397
rf,5716,O=C(O)/C=C/c1ccc(O)c(O)c1,3.0,5.1419539612464735,0.34554933027226514,0.5714285714285714,2.1419539612464735
rf,5922,O=CN/C=C/c1cc(O)ccc1O,5.698969841003418,4.864500505793396,0.5020661128043624,0.3541666666666667,0.8344693352100219
rf,5947,O=[N+]([O-])/C=C/c1ccc(O)c(O)c1,5.045757293701172,5.229034303426216,0.5439026465759766,0.42857142857142855,0.18327700972504424
rf,5948,O=[N+]([O-])/C=C/c1ccc(O)cc1,5.0,5.313885540195842,0.6303623559866631,0.4523809523809524,0.3138855401958418
rf,6100,Oc1cccc(O)c1O,5.910094738006592,5.133106497293317,0.5426781950091817,0.2962962962962963,0.7769882407132744
rf,6103,Oc1ccccc1O,4.584309101104736,5.068544444172588,0.35102133090127746,0.2647058823529412,0.48423534306785143
rf,0,Br.CC(Nc1ncnc2[nH]c(-c3ccc(O)cc3)cc12)c1ccc(C(F)(F)F)cc1,5.336487293243408,6.327005967926272,0.8104117300728528,0.6065573770491803,0.990518674682864
rf,2,Br.CC[C@@H](Nc1ncnc2[nH]c(-c3ccc(O)cc3)cc12)c1ccccc1,8.397939682006836,6.711620948145021,0.9077551090508231,0.6,1.6863187338618149
rf,3,Br.C[C@@H](Nc1ncnc2[nH]c(-c3ccc(O)cc3)cc12)c1ccc(Br)cc1,7.207608222961426,6.399555346082708,0.7713354465691806,0.6379310344827587,0.8080528768787181
rf,4,Br.C[C@@H](Nc1ncnc2[nH]c(-c3ccc(O)cc3)cc12)c1ccc(F)cc1,8.42021656036377,6.492623121455605,0.7263591516638137,0.6379310344827587,1.9275934389081648
rf,5,Br.C[C@@H](Nc1ncnc2[nH]c(-c3ccc(O)cc3)cc12)c1cccc(F)c1,8.045757293701172,6.375827473479534,0.7889939314531985,0.6610169491525424,1.669929820221638
rf,6,Br.C[C@@H](Nc1ncnc2[nH]c(-c3ccc(O)cc3)cc12)c1ccccc1,8.431797981262207,6.655519238276053,0.7112762257980845,0.7222222222222222,1.776278742986154
rf,7,Br.C[C@@H](Nc1ncnc2[nH]c(-c3ccc(O)cc3)cc12)c1ccccc1F,8.09691047668457,6.328731440728736,0.7787848161666081,0.7636363636363637,1.7681790359558347
rf,8,Br.Cc1ccc([C@@H](C)Nc2ncnc3[nH]c(-c4ccc(O)cc4)cc23)cc1,6.346787452697754,6.43537108780779,0.7935460375231447,0.6491228070175439,0.08858363511003642
rf,9,Br.Cc1cccc(C(C)Nc2ncnc3[nH]c(-c4ccc(O)cc4)cc23)c1,7.022276401519775,6.328494290189854,0.8368403107299788,0.6724137931034483,0.693782111329921
rf,10,Br.Cc1ccccc1C(C)Nc1ncnc2[nH]c(-c3ccc(O)cc3)cc12,7.7695512771606445,6.255897143269921,0.8436543919809223,0.7777777777777778,1.5136541338907232
rf,11,Br.Oc1ccc(-c2cc3c(NCc4ccc(F)cc4)ncnc3[nH]2)cc1,7.585026741027832,6.307384912760546,0.9320245298250613,0.47619047619047616,1.277641828267286
rf,12,Br.Oc1ccc(-c2cc3c(NCc4cccc(F)c4)ncnc3[nH]2)cc1,7.28399658203125,6.173244644009507,0.9511687784631288,0.5,1.1107519380217434
rf,13,Br.Oc1ccc(-c2cc3c(NCc4ccccc4)ncnc3[nH]2)cc1,8.481486320495605,6.574768930560004,0.7273561926849994,0.5441176470588235,1.9067173899356016
rf,14,Br.Oc1ccc(-c2cc3c(NCc4ccccc4F)ncnc3[nH]2)cc1,7.346787452697754,6.166221985391392,0.926178040361561,0.5079365079365079,1.1805654673063621
rf,3492,COc1ccc(-c2cc3c(N[C@H](C)c4ccccc4)ncnc3[nH]2)cc1,8.327901840209961,6.39524978587719,0.8711811862668679,0.625,1.9326520543327712
rf,3964,C[C@@H](Nc1ncnc2[nH]c(-c3ccc(Br)cc3)cc12)c1ccc(F)cc1,7.537601947784424,6.430629234698056,0.7176641802532544,0.5230769230769231,1.1069727130863676
rf,3965,C[C@@H](Nc1ncnc2[nH]c(-c3ccc(Br)cc3)cc12)c1ccccc1,7.200659275054932,6.5784870263530575,0.7087182103229203,0.6440677966101694,0.6221722487018742
rf,3966,C[C@@H](Nc1ncnc2[nH]c(-c3ccc(C#N)cc3)cc12)c1ccc(F)cc1,7.853871822357178,6.48138017533528,0.8579536199986131,0.5223880597014925,1.3724916470218975
rf,3967,C[C@@H](Nc1ncnc2[nH]c(-c3ccc(C#N)cc3)cc12)c1ccccc1,7.92081880569458,6.717977230748235,0.8726819948656129,0.639344262295082,1.202841574946345
rf,3968,C[C@@H](Nc1ncnc2[nH]c(-c3ccc(C(=O)NCCNCCC(=O)NO)cc3)cc12)c1ccccc1,7.0,6.800968641058002,0.6815925174060096,0.7,0.19903135894199764
rf,3969,C[C@@H](Nc1ncnc2[nH]c(-c3ccc(C(=O)NCCNCCCCCC(=O)NO)cc3)cc12)c1ccccc1,7.0,6.870150139395463,0.6102508582808623,0.6621621621621622,0.12984986060453707
rf,3970,C[C@@H](Nc1ncnc2[nH]c(-c3ccc(C(=O)NCCNCCCCCCC(=O)NO)cc3)cc12)c1ccccc1,7.0,6.870150139395463,0.6102508582808623,0.6621621621621622,0.12984986060453707
rf,3971,C[C@@H](Nc1ncnc2[nH]c(-c3ccc(C(=O)NO)cc3)cc12)c1ccc(F)cc1,7.0,6.374239361783345,0.806876262775832,0.7142857142857143,0.6257606382166552
rf,3972,C[C@@H](Nc1ncnc2[nH]c(-c3ccc(C(=O)NO)cc3)cc12)c1ccccc1,7.0,6.639725266382238,0.7286134518016407,0.8596491228070176,0.36027473361776163
rf,3979,C[C@@H](Nc1ncnc2[nH]c(-c3ccc(CNCC(=O)NO)cc3)cc12)c1ccccc1,6.0,6.68756018727967,0.7258290524194689,0.7936507936507936,0.6875601872796704
rf,3980,C[C@@H](Nc1ncnc2[nH]c(-c3ccc(CNCCC(=O)NO)cc3)cc12)c1ccccc1,7.0,6.764447423717914,0.7586978240322951,0.7692307692307693,0.23555257628208626
rf,3981,C[C@@H](Nc1ncnc2[nH]c(-c3ccc(CNCCCCCC(=O)NO)cc3)cc12)c1ccccc1,7.0,6.815936896700488,0.5455800989732539,0.7246376811594203,0.18406310329951214
rf,3982,C[C@@H](Nc1ncnc2[nH]c(-c3ccc(CNCCCCCCC(=O)NO)cc3)cc12)c1ccccc1,7.0,6.815936896700488,0.5455800989732539,0.7246376811594203,0.18406310329951214
rf,3983,C[C@@H](Nc1ncnc2[nH]c(-c3ccc(CNCCCCCCCC(=O)NO)cc3)cc12)c1ccccc1,7.0,6.815936896700488,0.5455800989732539,0.7246376811594203,0.18406310329951214
rf,3986,C[C@@H](Nc1ncnc2[nH]c(-c3ccc(F)cc3)cc12)c1ccc(F)cc1,7.568636417388916,6.403814599057958,0.7557409658273726,0.5666666666666667,1.1648218183309584
rf,3987,C[C@@H](Nc1ncnc2[nH]c(-c3ccc(F)cc3)cc12)c1ccccc1,8.180456161499023,6.5481088102396185,0.8172408267749854,0.6440677966101694,1.6323473512594049
rf,3988,C[C@@H](Nc1ncnc2[nH]c(-c3ccc(NC(=O)CCC(=O)NO)cc3)cc12)c1ccccc1,7.0,6.5813453651975005,0.8956721871242644,0.6857142857142857,0.41865463480249954
rf,3989,C[C@@H](Nc1ncnc2[nH]c(-c3ccc(NC(=O)CCCC(=O)NO)cc3)cc12)c1ccccc1,7.0,6.610454396652221,0.8404884478412996,0.6944444444444444,0.3895456033477789
rf,3990,C[C@@H](Nc1ncnc2[nH]c(-c3ccc(NC(=O)CCCCC(=O)NO)cc3)cc12)c1ccccc1,7.0,6.810209230524561,0.7466003046816133,0.7083333333333334,0.18979076947543927
rf,3991,C[C@@H](Nc1ncnc2[nH]c(-c3ccc(NC(=O)CCCCCCC(=O)NO)cc3)cc12)c1ccccc1,7.0,6.685204641555012,0.7354009813816879,0.7123287671232876,0.3147953584449876
rf,3992,C[C@@H](Nc1ncnc2[nH]c(-c3ccc(NC(=O)CCNCC(=O)NO)cc3)cc12)c1ccccc1,7.0,6.684466352012831,0.9077908096685388,0.631578947368421,0.3155336479871691
rf,3993,C[C@@H](Nc1ncnc2[nH]c(-c3ccc(NCCCCCC(=O)NO)cc3)cc12)c1ccccc1,7.0,6.845416270028648,0.5233829093966681,0.6933333333333334,0.1545837299713524
rf,3994,C[C@@H](Nc1ncnc2[nH]c(-c3ccc(NCCCCCCC(=O)NO)cc3)cc12)c1ccccc1,7.0,6.845416270028648,0.5233829093966681,0.6933333333333334,0.1545837299713524
rf,3997,C[C@@H](Nc1ncnc2[nH]c(-c3ccc(OCC(=O)NO)cc3)cc12)c1ccccc1,7.0,6.76086443241056,0.6355024215826256,0.6567164179104478,0.23913556758944043
rf,3998,C[C@@H](Nc1ncnc2[nH]c(-c3ccc(OCCCC(=O)NO)cc3)cc12)c1ccccc1,7.0,6.750986965236068,0.6410657311452242,0.6944444444444444,0.24901303476393188
rf,3999,C[C@@H](Nc1ncnc2[nH]c(-c3ccc(OCCCCC(=O)NO)cc3)cc12)c1ccccc1,7.0,6.879848580666236,0.527320657311726,0.6986301369863014,0.12015141933376405
rf,4000,C[C@@H](Nc1ncnc2[nH]c(-c3ccc(OCCCCCC(=O)NO)cc3)cc12)c1ccccc1,7.0,6.827480851516204,0.5067637076543763,0.7027027027027027,0.17251914848379624
rf,4001,C[C@@H](Nc1ncnc2[nH]c(-c3ccc(OCCCCCCC(=O)NO)cc3)cc12)c1ccc(F)cc1,7.0,6.56951030354304,0.7351671226380517,0.6081081081081081,0.4304896964569602
rf,4002,C[C@@H](Nc1ncnc2[nH]c(-c3ccc(OCCCCCCC(=O)NO)cc3)cc12)c1ccccc1,7.0,6.827480851516204,0.5067637076543763,0.7027027027027027,0.17251914848379624
rf,4003,C[C@@H](Nc1ncnc2[nH]c(-c3ccc(OCCNCCCCCCC(=O)NO)cc3)cc12)c1ccccc1,7.0,6.8204877292564285,0.5394886377753724,0.65,0.17951227074357146
rf,4004,C[C@@H](Nc1ncnc2[nH]c(-c3ccccc3)cc12)c1ccc(F)cc1,7.481485843658447,6.5380027647242915,0.8316459079018057,0.5901639344262295,0.9434830789341557
rf,5469,O=C(CCCCCCOc1ccc(-c2cc3c(NCc4ccccc4)ncnc3[nH]2)cc1)NO,7.0,6.805437863191358,0.5309225656365759,0.7,0.1945621368086421
rf,5587,O=C(NO)c1ccc(-c2cc3c(NCc4ccccc4)ncnc3[nH]2)cc1,7.0,6.456283720075992,0.7852973426288086,0.6984126984126984,0.5437162799240083
rf,1929,CN(C)CCNC(=O)c1ccc(-c2cc3c(N[C@H](CO)c4ccccc4)ncnc3s2)cc1,8.698969841003418,6.277394569371057,0.9431665877479036,0.6052631578947368,2.421575271632361
rf,2258,COC(=O)c1cc(OC)c(-c2cc3c(N[C@H](C)c4ccccc4)ncnc3s2)c(OC)c1,8.397939682006836,6.593281811934757,0.7580030359491069,0.5423728813559322,1.804657870072079
rf,2262,COC(=O)c1ccc(-c2cc3c(N[C@H](C)c4ccccc4)ncnc3s2)c(OC)c1,7.698969841003418,6.72716750972482,0.8543130005688243,0.5757575757575758,0.9718023312785977
rf,2268,COC(=O)c1ccc(OC)c(-c2cc3c(N[C@H](C)c4ccccc4)ncnc3s2)c1,8.154901504516602,6.571000851552632,0.7548167225447471,0.5757575757575758,1.5839006529639699
rf,2274,COC(=O)c1cccc(-c2cc3c(N[C@H](C)c4ccccc4)ncnc3s2)c1OC,8.045757293701172,6.479003513917609,0.8384858971696344,0.5373134328358209,1.5667537797835625
rf,2401,COC[C@@H](Nc1ncnc2sc(-c3ccccc3OC)cc12)c1ccccc1,7.638272285461426,6.376188072504869,0.7448310255668286,0.6785714285714286,1.262084212956557
rf,2432,COc1c(C(=O)NCCN(C)C)cccc1-c1cc2c(N[C@H](C)c3ccccc3)ncnc2s1,8.522878646850586,6.5350085559527695,0.898856195952286,0.4675324675324675,1.9878700908978164
rf,2433,COc1c(C=O)cccc1-c1cc2c(N[C@H](C)c3ccccc3)ncnc2s1,7.677780628204346,6.546155163423199,0.8380956602749372,0.5454545454545454,1.1316254647811466
rf,2434,COc1c(CO)cccc1-c1cc2c(N[C@H](C)c3ccccc3)ncnc2s1,8.823908805847168,6.506785596256237,0.8297224011089437,0.5454545454545454,2.317123209590931
rf,2507,COc1cc(C(=O)NCCN(C)C)cc(OC)c1-c1cc2c(N[C@H](C)c3ccccc3)ncnc2s1,9.397939682006836,6.574038862755114,0.8772030080143275,0.463768115942029,2.8239008192517217
rf,2508,COc1cc(C(=O)NCCN(C)C)ccc1-c1cc2c(N[C@H](C)c3ccccc3)ncnc2s1,9.301030158996582,6.67091314896174,0.9455473163464441,0.5,2.6301170100348417
rf,2513,COc1cc(C(N)=O)ccc1-c1cc2c(N[C@H](C)c3ccccc3)ncnc2s1,8.698969841003418,6.684604951477366,0.8929936664542999,0.5671641791044776,2.0143648895260515
rf,2514,COc1cc(C(N)=O)ccc1-c1cc2c(N[C@H](CO)c3ccccc3)ncnc2s1,8.823908805847168,6.52622269109791,0.9269061375160894,0.5384615384615384,2.2976861147492578
rf,2539,COc1cc(C=O)ccc1-c1cc2c(NCc3ccccc3)ncnc2s1,8.221848487854004,6.956428692227144,0.7572702968001159,0.7457627118644068,1.26541979562686
rf,2553,COc1cc(CO)ccc1-c1cc2c(NCc3ccccc3)ncnc2s1,8.301030158996582,7.022102463737146,0.7740691101189177,0.7719298245614035,1.2789276952594362
rf,2559,COc1cc(F)ccc1-c1cc2c(N[C@H](C)c3ccccc3)ncnc2s1,8.221848487854004,6.877074193340477,0.7160728651620566,0.639344262295082,1.3447742945135266
rf,3494,COc1ccc(-c2cc3c(N[C@H](C)c4ccccc4)ncnc3s2)c(OC)c1,8.301030158996582,6.633711198411097,0.879721254286805,0.6229508196721312,1.6673189605854848
rf,3553,COc1ccc(C(=O)NCCN(C)C)cc1-c1cc2c(N[C@H](C)c3ccccc3)ncnc2s1,9.301030158996582,6.545675848914299,0.8797087041507029,0.5,2.755354310082283
rf,3604,COc1ccc(C=O)cc1-c1cc2c(N[C@H](C)c3ccccc3)ncnc2s1,8.522878646850586,6.764030044645553,0.7880114657551084,0.625,1.758848602205033
rf,3623,COc1ccc(CO)cc1-c1cc2c(N[C@H](C)c3ccccc3)ncnc2s1,8.301030158996582,6.794375981957768,0.7248231797206282,0.625,1.506654177038814
rf,3754,COc1cccc(-c2cc3c(N[C@H](C)c4ccccc4)ncnc3s2)c1OC,7.886056423187256,6.629924915554057,0.7002175804224606,0.6610169491525424,1.2561315076331985
rf,3797,COc1cccc(OC)c1-c1cc2c(N[C@H](C)c3ccccc3)ncnc2s1,8.698969841003418,6.59287415725185,0.7134851647513252,0.6153846153846154,2.106095683751568
rf,3798,COc1cccc(OC)c1-c1cc2c(N[C@H](CO)c3ccccc3)ncnc2s1,9.045757293701172,6.446447442983139,0.756827647302413,0.625,2.5993098507180328
rf,3805,COc1ccccc1-c1cc2c(NC(C)c3ccccc3)ncnc2s1,7.721246242523193,6.748394257807779,0.5472998812275606,0.7592592592592593,0.9728519847154145
rf,3806,COc1ccccc1-c1cc2c(NC(CO)c3ccccc3)ncnc2s1,8.09691047668457,6.608881430577512,0.658756415243275,0.6428571428571429,1.4880290461070587
rf,3807,COc1ccccc1-c1cc2c(NCc3ccccc3)ncnc2s1,7.7695512771606445,6.77963690023199,0.5285075716610068,0.86,0.9899143769286542
rf,3812,COc1ccccc1-c1cc2c(N[C@@H](C)c3ccccc3)ncnc2s1,5.730486869812012,6.748394257807779,0.5472998812275606,0.7592592592592593,1.0179073879957672
rf,3813,COc1ccccc1-c1cc2c(N[C@@H](CO)c3ccccc3)ncnc2s1,6.201349258422852,6.608881430577512,0.658756415243275,0.6428571428571429,0.4075321721546601
rf,3814,COc1ccccc1-c1cc2c(N[C@H](C)c3ccc(F)cc3)ncnc2s1,7.568636417388916,6.8857546633854,0.3687232650398696,0.7192982456140351,0.6828817540035157
rf,3816,COc1ccccc1-c1cc2c(N[C@H](C)c3ccccc3)ncnc2s1,8.045757293701172,6.748394257807779,0.5472998812275606,0.7592592592592593,1.297363035893393
rf,3819,COc1ccccc1-c1cc2c(N[C@H](CO)c3ccccc3)ncnc2s1,9.0,6.608881430577512,0.658756415243275,0.6428571428571429,2.3911185694224883
rf,4020,C[C@@H](Nc1ncnc2sc(-c3ccc(C(=O)NCCN(C)C)cc3)cc12)c1ccccc1,8.698969841003418,6.5001659143397905,0.9185082376983756,0.5,2.1988039266636275
rf,4021,C[C@@H](Nc1ncnc2sc(-c3ccc(C(=O)O)cc3)cc12)c1ccccc1,7.721246242523193,6.393526706983784,0.8482596576517274,0.6037735849056604,1.3277195355394094
rf,4022,C[C@@H](Nc1ncnc2sc(-c3ccc(C(N)=O)cc3)cc12)c1ccccc1,8.154901504516602,6.441486788231844,0.8531205874595265,0.5818181818181818,1.713414716284758
rf,4023,C[C@@H](Nc1ncnc2sc(-c3ccc(C=O)cc3F)cc12)c1ccccc1,7.229147911071777,6.4994119471288965,0.9002254915897846,0.5517241379310345,0.7297359639428809
rf,4024,C[C@@H](Nc1ncnc2sc(-c3ccc(CO)cc3F)cc12)c1ccccc1,7.886056423187256,6.6772561539877815,0.8369505150580618,0.5517241379310345,1.2088002691994744
rf,4025,C[C@@H](Nc1ncnc2sc(-c3ccc(F)c(C=O)c3)cc12)c1ccccc1,8.09691047668457,6.491909886114132,0.8391732271155485,0.5517241379310345,1.6050005905704383
rf,4026,C[C@@H](Nc1ncnc2sc(-c3ccc(S(C)(=O)=O)cc3)cc12)c1ccccc1,7.387216091156006,6.37644802576395,0.8332844229824199,0.5925925925925926,1.0107680653920559
rf,4027,C[C@@H](Nc1ncnc2sc(-c3cccc(C(=O)NCCN(C)C)c3)cc12)c1ccccc1,9.045757293701172,6.46849979607633,0.9721280193907842,0.48484848484848486,2.577257497624842
rf,4028,C[C@@H](Nc1ncnc2sc(-c3cccc(C(=O)O)c3)cc12)c1ccccc1,8.09691047668457,6.384086575596303,0.86971422453693,0.5818181818181818,1.7128239010882673
rf,4029,C[C@@H](Nc1ncnc2sc(-c3cccc(C(N)=O)c3)cc12)c1ccccc1,8.301030158996582,6.398922902064337,0.8946429242006014,0.5614035087719298,1.9021072569322452
rf,4030,C[C@@H](Nc1ncnc2sc(-c3cccc(C=O)c3)cc12)c1ccccc1,8.221848487854004,6.405891406709717,0.8783586711652746,0.5818181818181818,1.8159570811442869
rf,4031,C[C@@H](Nc1ncnc2sc(-c3cccc(S(C)(=O)=O)c3)cc12)c1ccccc1,7.585026741027832,6.388398866283786,0.8340441006936479,0.5714285714285714,1.1966278747440464
rf,4032,C[C@@H](Nc1ncnc2sc(-c3ccccc3C(N)=O)cc12)c1ccccc1,6.559091091156006,6.560267674565631,0.812511503840306,0.5818181818181818,0.0011765834096255645
rf,6046,OC[C@@H](Nc1ncnc2sc(-c3ccccc3)cc12)c1ccccc1,8.045757293701172,6.330219942226494,0.7137655874612077,0.7291666666666666,1.7155373514746781
rf,6054,OCc1ccc(-c2cc3c(NCc4ccccc4)ncnc3s2)cc1,7.318758964538574,6.548576084853421,0.8167879180082932,0.7346938775510204,0.7701828796851533
rf,6058,OCc1cccc(-c2cc3c(N[C@H](CO)c4ccccc4)ncnc3s2)c1,8.522878646850586,6.460492017412294,0.765027776578196,0.6461538461538462,2.0623866294382918
rf,750,CC(=O)N1N=C(c2ccc(C)c(C)c2)CC1c1ccc(Br)cc1,4.685922145843506,5.004416007176183,0.9721672052444994,0.49295774647887325,0.3184938613326773
rf,751,CC(=O)N1N=C(c2ccc(C)c(C)c2)CC1c1ccc(C)cc1,4.7572102546691895,4.9672357042510225,0.9546648860335828,0.47368421052631576,0.210025449581833
rf,752,CC(=O)N1N=C(c2ccc(C)c(C)c2)CC1c1ccc(Cl)cc1,4.704873085021973,4.985949384657862,0.9382700886017581,0.5081967213114754,0.2810762996358891
rf,753,CC(=O)N1N=C(c2ccc(C)c(C)c2)CC1c1ccc(F)cc1,4.807990550994873,4.948303642181649,0.9110245943705877,0.47297297297297297,0.14031309118677626
rf,754,CC(=O)N1N=C(c2ccc(C)c(C)c2)CC1c1ccccc1,4.6981024742126465,4.975437748471282,0.9350853279606159,0.453125,0.27733527425863524
rf,755,CC(=O)N1N=C(c2ccc(C)c(C)c2)CC1c1ccccc1Cl,4.667965888977051,5.017691479085665,0.978486937501606,0.4444444444444444,0.3497255901086138
rf,758,CC(=O)N1N=C(c2ccc(Cl)c(Cl)c2)CC1c1ccc(Br)cc1,4.73400354385376,5.039620346859328,0.9755342077776692,0.5084745762711864,0.30561680300556837
rf,759,CC(=O)N1N=C(c2ccc(Cl)c(Cl)c2)CC1c1ccc(C)cc1,4.713993072509766,5.0046080024673785,0.9606698581288019,0.5172413793103449,0.29061492995761284
rf,760,CC(=O)N1N=C(c2ccc(Cl)c(Cl)c2)CC1c1ccc(Cl)cc1,4.7920966148376465,5.014977301913366,0.9431574623509178,0.5263157894736842,0.22288068707571984
rf,761,CC(=O)N1N=C(c2ccc(Cl)c(Cl)c2)CC1c1ccc(F)cc1,4.736363887786865,4.987422571710523,0.9219807036710653,0.5084745762711864,0.2510586839236577
rf,762,CC(=O)N1N=C(c2ccc(Cl)c(Cl)c2)CC1c1ccccc1,4.542269229888916,5.021383504435038,0.9540763227941452,0.5535714285714286,0.4791142745461219
rf,763,CC(=O)N1N=C(c2ccc(Cl)c(Cl)c2)CC1c1ccccc1Cl,4.6170830726623535,5.045085190234353,0.9915963777214193,0.5614035087719298,0.42800211757199946
rf,2760,COc1cc(OC)cc(C2CC(c3ccc(C)c(C)c3)=NN2C(C)=O)c1,4.761703014373779,5.122126887348556,0.9421590136143603,0.453125,0.36042387297477685
rf,2761,COc1cc(OC)cc(C2CC(c3ccc(Cl)c(Cl)c3)=NN2C(C)=O)c1,4.593971252441406,5.1489451699617685,0.9241052535260474,0.5,0.5549739175203623
rf,3589,COc1ccc(C2CC(c3ccc(Br)c(Br)c3)=NN2C(N)=S)cc1,5.0920515060424805,5.313202834924838,1.1319346554043985,0.6727272727272727,0.22115132888235767
rf,3593,COc1ccc(C2CC(c3ccc(C)c(C)c3)=NN2C(C)=O)cc1,4.817015171051025,5.056457643509179,0.950925964617146,0.5409836065573771,0.23944247245815387
rf,3594,COc1ccc(C2CC(c3ccc(C)c(C)c3)=NN2C(N)=S)cc1,7.15490198135376,5.164415205829522,1.0700454781355986,0.6851851851851852,1.9904867755242375
rf,3598,COc1ccc(C2CC(c3ccc(Cl)c(Cl)c3)=NN2C(C)=O)cc1,4.764724254608154,5.076021975069536,0.931173186499018,0.5833333333333334,0.3112977204613818
rf,3599,COc1ccc(C2CC(c3ccc(Cl)c(Cl)c3)=NN2C(N)=S)cc1,5.241087913513184,5.221642212107697,1.058992310869602,0.7037037037037037,0.019445701405486737
rf,4275,Cc1ccc(C2=NN(C(N)=S)C(c3ccc(Br)cc3)C2)cc1C,5.663540363311768,5.082453702461104,1.056496572507861,0.6415094339622641,0.581086660850664
rf,4276,Cc1ccc(C2=NN(C(N)=S)C(c3ccc(Cl)cc3)C2)cc1C,5.866461277008057,5.105748085580639,1.0341778509251829,0.6415094339622641,0.7607131914274179
rf,4277,Cc1ccc(C2=NN(C(N)=S)C(c3ccc(F)cc3)C2)cc1C,6.0809221267700195,4.965094113833607,0.9490572981849752,0.6415094339622641,1.1158280129364124
rf,4278,Cc1ccc(C2=NN(C(N)=S)C(c3ccc(O)cc3)C2)cc1C,6.886056423187256,5.113758852838259,1.006525654595289,0.5636363636363636,1.7722975703489965
rf,4279,Cc1ccc(C2=NN(C(N)=S)C(c3ccc([N+](=O)[O-])cc3)C2)cc1C,5.514278411865234,5.174422709911113,0.9954088559518313,0.5081967213114754,0.3398557019541215
rf,4282,Cc1ccc(C2=NN(C(N)=S)C(c3ccccc3Br)C2)cc1C,5.375718116760254,5.092731416329463,1.0606768375885705,0.5614035087719298,0.2829867004307909
rf,4283,Cc1ccc(C2=NN(C(N)=S)C(c3ccccc3Cl)C2)cc1C,5.412289142608643,5.134050129530411,1.0693414502228928,0.6140350877192983,0.27823901307823196
rf,4284,Cc1ccc(C2=NN(C(N)=S)C(c3ccccc3F)C2)cc1C,5.28483247756958,5.047185520268055,1.0202408600047725,0.5614035087719298,0.23764695730152496
rf,4308,Cc1ccc(C2CC(c3ccc(Br)c(Br)c3)=NN2C(N)=S)cc1,5.0074462890625,5.247123302447875,1.1346936958179652,0.6415094339622641,0.23967701338537495
rf,4312,Cc1ccc(C2CC(c3ccc(C)c(C)c3)=NN2C(N)=S)cc1,6.4685211181640625,5.070947485378981,1.047948318024485,0.6666666666666666,1.3975736327850816
rf,4315,Cc1ccc(C2CC(c3ccc(Cl)c(Cl)c3)=NN2C(N)=S)cc1,5.131943702697754,5.1528216926661425,1.0704894804780574,0.7115384615384616,0.020877989968388633
rf,5025,NC(=S)N1N=C(c2ccc(Br)c(Br)c2)CC1c1ccc(Br)cc1,4.997402191162109,5.217847681045905,1.1249753381423375,0.6666666666666666,0.22044548988379553
rf,5026,NC(=S)N1N=C(c2ccc(Br)c(Br)c2)CC1c1ccc(Cl)cc1,5.088842391967773,5.287491704948857,1.1280781811522858,0.6415094339622641,0.19864931298108335
rf,5027,NC(=S)N1N=C(c2ccc(Br)c(Br)c2)CC1c1ccc(F)cc1,5.04963493347168,5.130463540903785,1.0622659133666608,0.6415094339622641,0.08082860743210496
rf,5028,NC(=S)N1N=C(c2ccc(Br)c(Br)c2)CC1c1ccc(O)cc1,4.948076248168945,5.293690217503249,1.125133180545386,0.5636363636363636,0.34561396933430366
rf,5029,NC(=S)N1N=C(c2ccc(Br)c(Br)c2)CC1c1ccc([N+](=O)[O-])cc1,4.973058223724365,5.361215021827255,1.0708802417883827,0.5081967213114754,0.38815679810288994
rf,5030,NC(=S)N1N=C(c2ccc(Br)c(Br)c2)CC1c1ccccc1Br,4.959793567657471,5.232588919588147,1.131217248316956,0.5925925925925926,0.27279535193067606
rf,5031,NC(=S)N1N=C(c2ccc(Br)c(Br)c2)CC1c1ccccc1Cl,4.9115095138549805,5.290398580560402,1.1506783750914598,0.6140350877192983,0.37888906670542166
rf,5032,NC(=S)N1N=C(c2ccc(Br)c(Br)c2)CC1c1ccccc1F,4.873868465423584,5.20161603164522,1.113437747099264,0.5614035087719298,0.32774756622163626
rf,5035,NC(=S)N1N=C(c2ccc(Cl)c(Cl)c2)CC1c1ccc(Br)cc1,5.164309501647949,5.1758252013138994,1.0855535830977638,0.7115384615384616,0.01151569966595023
rf,5036,NC(=S)N1N=C(c2ccc(Cl)c(Cl)c2)CC1c1ccc(Cl)cc1,5.135488986968994,5.185354024336843,1.0622472718540883,0.74,0.04986503736784886
rf,5037,NC(=S)N1N=C(c2ccc(Cl)c(Cl)c2)CC1c1ccc(F)cc1,5.202732563018799,5.068958288151231,0.9957961723566015,0.7115384615384616,0.13377427486756766
rf,5038,NC(=S)N1N=C(c2ccc(Cl)c(Cl)c2)CC1c1ccc(O)cc1,5.278189182281494,5.23835496473919,1.0773165397319115,0.7254901960784313,0.039834217542304096
rf,5039,NC(=S)N1N=C(c2ccc(Cl)c(Cl)c2)CC1c1ccc([N+](=O)[O-])cc1,5.109020233154297,5.308793243736154,1.034250054474537,0.6491228070175439,0.1997730105818567
rf,5042,NC(=S)N1N=C(c2ccc(Cl)c(Cl)c2)CC1c1ccccc1Br,5.191789150238037,5.210910316908939,1.1086200488550026,0.7358490566037735,0.019121166670902134
rf,5043,NC(=S)N1N=C(c2ccc(Cl)c(Cl)c2)CC1c1ccccc1Cl,5.137868404388428,5.209333110004872,1.1064348679676401,0.78,0.07146470561644414
rf,5044,NC(=S)N1N=C(c2ccc(Cl)c(Cl)c2)CC1c1ccccc1F,5.183095932006836,5.175373511888898,1.0843633805104516,0.7358490566037735,0.007722420117938
rf,1346,CCN1CCN(C2CCN(c3ccc(Nc4nccc(-c5c(-c6cccc(C(=O)Nc7c(F)cccc7F)c6)nc6ccccn56)n4)c(OC)c3)CC2)CC1,7.0,7.008622355840538,0.1621899244436264,0.8817204301075269,0.008622355840538276
rf,1528,CCOc1cc(N2CCC(N3CCN(CC(F)F)CC3)CC2)ccc1Nc1nccc(-c2c(-c3cccc(C(=O)Nc4c(F)cccc4F)c3)nc3ccccn23)n1,7.0,6.994542548882849,0.11975898579469658,0.8431372549019608,0.005457451117150569
rf,1529,CCOc1cc(N2CCC(N3CCN(CCC(F)(F)F)CC3)CC2)ccc1Nc1nccc(-c2c(-c3cccc(C(=O)Nc4c(F)cccc4F)c3)nc3ccccn23)n1,7.0,6.870977047669776,0.45627917986337035,0.8543689320388349,0.12902295233022443
rf,1530,CCOc1cc(N2CCC(N3CCN(CCF)CC3)CC2)ccc1Nc1nccc(-c2c(-c3cccc(C(=O)Nc4c(F)cccc4F)c3)nc3ccccn23)n1,7.0,6.993397212731726,0.07525287530543563,0.9583333333333334,0.00660278726827368
rf,1531,CCOc1cc(N2CCC(N3CCN(CCS(C)(=O)=O)CC3)CC2)ccc1Nc1nccc(-c2c(-c3cccc(C(=O)Nc4c(F)cccc4F)c3)nc3ccccn23)n1,7.0,6.994795152413733,0.06857393036558858,0.96,0.005204847586266936
rf,1532,CCOc1cc(N2CCC(N3CCN(S(C)(=O)=O)CC3)CC2)c(CC)cc1Nc1nccc(-c2c(-c3ccc(OC)c(C(=O)Nc4c(F)cccc4F)c3)nc3ccccn23)n1,6.0,5.998743165221396,0.10360916311068936,0.8240740740740741,0.0012568347786041656
rf,1533,CCOc1cc(N2CCC(N3CCN(S(C)(=O)=O)CC3)CC2)c(CC)cc1Nc1nccc(-c2c(-c3ccc(OCC)c(C(=O)Nc4c(F)cccc4F)c3)nc3ccccn23)n1,6.0,5.998743165221396,0.10360916311068936,0.819047619047619,0.0012568347786041656
rf,1534,CCOc1cc(N2CCC(N3CCN(S(C)(=O)=O)CC3)CC2)ccc1Nc1nccc(-c2c(-c3ccc(OC)c(C(=O)Nc4c(F)cccc4F)c3)nc3ccccn23)n1,6.0,5.998743165221396,0.10360916311068936,0.794392523364486,0.0012568347786041656
rf,1535,CCOc1cc(N2CCC(N3CCN(S(C)(=O)=O)CC3)CC2)ccc1Nc1nccc(-c2c(-c3ccc(OCC)c(C(=O)Nc4c(F)cccc4F)c3)nc3ccccn23)n1,6.0,5.998743165221396,0.10360916311068936,0.7830188679245284,0.0012568347786041656
rf,1536,CCOc1cc(N2CCC(N3CCN(S(C)(=O)=O)CC3)CC2)ccc1Nc1nccc(-c2c(-c3cccc(C(=O)Nc4c(F)cccc4F)c3)nc3ccccn23)n1,6.0,6.993188763368018,0.10737190818032126,0.8461538461538461,0.9931887633680176
rf,1730,CCOc1ccc(-c2nc3ccccn3c2-c2ccnc(Nc3cc(CC)c(N4CCC(N5CCN(S(C)(=O)=O)CC5)CC4)cc3OC)n2)cc1C(=O)Nc1c(F)cccc1F,6.0,5.998743165221396,0.10360916311068936,0.822429906542056,0.0012568347786041656
rf,1738,CCOc1ccc(-c2nc3ccccn3c2-c2ccnc(Nc3ccc(N4CCC(N5CCN(CCF)CC5)CC4)cc3OC)n2)cc1C(=O)Nc1c(F)cccc1F,6.0,6.002894289221945,0.06776806822656657,0.8415841584158416,0.002894289221944568
rf,1739,CCOc1ccc(-c2nc3ccccn3c2-c2ccnc(Nc3ccc(N4CCC(N5CCN(CCS(C)(=O)=O)CC5)CC4)cc3OC)n2)cc1C(=O)Nc1c(F)cccc1F,6.0,5.998894289221945,0.024488066173875972,0.8476190476190476,0.0011057107780549913
rf,1740,CCOc1ccc(-c2nc3ccccn3c2-c2ccnc(Nc3ccc(N4CCC(N5CCN(S(C)(=O)=O)CC5)CC4)cc3OC)n2)cc1C(=O)Nc1c(F)cccc1F,6.0,5.998743165221396,0.10360916311068936,0.819047619047619,0.0012568347786041656
rf,1792,CCc1cc(Nc2nccc(-c3c(-c4ccc(OC)c(C(=O)Nc5c(F)cccc5F)c4)nc4ccccn34)n2)c(OC)cc1N1CCC(N2CCN(S(C)(=O)=O)CC2)CC1,5.5,6.000592881407919,0.1020741224151618,0.8173076923076923,0.5005928814079192
rf,1794,CCc1cc(Nc2nccc(-c3c(-c4cccc(C(=O)Nc5c(F)cccc5F)c4)nc4ccccn34)n2)c(OC)cc1N1CCC(N2CCN(S(C)(=O)=O)CC2)CC1,7.328788757324219,6.4834869775772095,0.5443982208205732,0.7181818181818181,0.8453017797470093
rf,2609,COc1cc(N2CCC(N3CCN(C(C)=O)CC3)CC2)ccc1Nc1nccc(-c2c(-c3cccc(C(=O)Nc4c(F)cccc4F)c3)nc3ccccn23)n1,7.0,6.987992468259667,0.09824260490464176,0.8913043478260869,0.0120075317403332
rf,2610,COc1cc(N2CCC(N3CCN(C)CC3)CC2)ccc1Nc1nccc(-c2c(-c3cccc(C(=O)Nc4c(F)cccc4F)c3)nc3ccccn23)n1,7.0,7.000041636564631,0.0011756297174238823,0.9560439560439561,4.163656463074261e-05
rf,2612,COc1cc(N2CCC(N3CCN(CCF)CC3)CC2)c(C)cc1Nc1nccc(-c2c(-c3cccc(C(=O)Nc4c(F)cccc4F)c3)nc3ccccn23)n1,7.0,6.330883021354675,0.5028273308898028,0.8058252427184466,0.6691169786453246
rf,2613,COc1cc(N2CCC(N3CCN(CCF)CC3)CC2)c(Cl)cc1Nc1nccc(-c2c(-c3cccc(C(=O)Nc4c(F)cccc4F)c3)nc3ccccn23)n1,7.0,6.489049629211426,0.5507193956263903,0.7980769230769231,0.5109503707885743
rf,2614,COc1cc(N2CCC(N3CCN(CCF)CC3)CC2)c(OC)cc1Nc1nccc(-c2c(-c3cccc(C(=O)Nc4c(F)cccc4F)c3)nc3ccccn23)n1,7.0,6.5115119972229,0.5352146821832967,0.8217821782178217,0.4884880027770997
rf,2615,COc1cc(N2CCC(N3CCN(CCF)CC3)CC2)ccc1Nc1nccc(-c2c(-c3ccc(OC)c(C(=O)Nc4c(F)cccc4F)c3)nc3cc(F)ccn23)n1,6.0,5.994709743704977,0.08750882090923509,0.7941176470588235,0.005290256295022999
rf,2616,COc1cc(N2CCC(N3CCN(CCF)CC3)CC2)ccc1Nc1nccc(-c2c(-c3ccc(OC)c(C(=O)Nc4c(F)cccc4F)c3)nc3ccccn23)n1,6.0,5.9996285869743256,0.008086960842666977,0.8958333333333334,0.00037141302567444967
rf,2617,COc1cc(N2CCC(N3CCN(CCF)CC3)CC2)ccc1Nc1nccc(-c2c(-c3cccc(C(=O)Nc4c(F)cccc4F)c3)nc3c(C)cccn23)n1,7.0,6.890579094984431,0.3788595612476412,0.8058252427184466,0.10942090501556923
rf,2618,COc1cc(N2CCC(N3CCN(CCF)CC3)CC2)ccc1Nc1nccc(-c2c(-c3cccc(C(=O)Nc4c(F)cccc4F)c3)nc3c(F)cccn23)n1,7.0,6.9677750445388735,0.26006733866486326,0.8383838383838383,0.03222495546112647
rf,2619,COc1cc(N2CCC(N3CCN(CCF)CC3)CC2)ccc1Nc1nccc(-c2c(-c3cccc(C(=O)Nc4c(F)cccc4F)c3)nc3cc(C(F)(F)F)ccn23)n1,7.0,6.560557296702828,0.6170210124751615,0.8173076923076923,0.43944270329717217
rf,2620,COc1cc(N2CCC(N3CCN(CCF)CC3)CC2)ccc1Nc1nccc(-c2c(-c3cccc(C(=O)Nc4c(F)cccc4F)c3)nc3cc(F)ccn23)n1,7.0,6.959838960586056,0.3075452875201271,0.85,0.040161039413944444
rf,2621,COc1cc(N2CCC(N3CCN(CCF)CC3)CC2)ccc1Nc1nccc(-c2c(-c3cccc(C(=O)Nc4c(F)cccc4F)c3)nc3ccccn23)n1,7.0,7.000014270208214,0.0013259313439656902,0.9574468085106383,1.4270208214206548e-05
rf,2622,COc1cc(N2CCC(N3CCN(CCS(C)(=O)=O)CC3)CC2)c(C)cc1Nc1nccc(-c2c(-c3cccc(C(=O)Nc4c(F)cccc4F)c3)nc3ccccn23)n1,7.0,6.307747929573059,0.49546066142408335,0.8269230769230769,0.6922520704269406
rf,2623,COc1cc(N2CCC(N3CCN(CCS(C)(=O)=O)CC3)CC2)c(Cl)cc1Nc1nccc(-c2c(-c3cccc(C(=O)Nc4c(F)cccc4F)c3)nc3ccccn23)n1,7.0,6.489125147819519,0.5520666363834873,0.8055555555555556,0.5108748521804811
rf,2624,COc1cc(N2CCC(N3CCN(CCS(C)(=O)=O)CC3)CC2)ccc1Nc1nccc(-c2c(-c3ccc(OC)c(C(=O)Nc4c(F)cccc4F)c3)nc3ccccn23)n1,6.0,5.9996285869743256,0.008086960842666977,0.9,0.00037141302567444967
rf,2625,COc1cc(N2CCC(N3CCN(CCS(C)(=O)=O)CC3)CC2)ccc1Nc1nccc(-c2c(-c3cccc(C(=O)Nc4c(F)cccc4F)c3)nc3c(C)cccn23)n1,7.0,6.8669503680252015,0.4020020141404001,0.8130841121495327,0.13304963197479847
rf,2626,COc1cc(N2CCC(N3CCN(CCS(C)(=O)=O)CC3)CC2)ccc1Nc1nccc(-c2c(-c3cccc(C(=O)Nc4c(F)cccc4F)c3)nc3c(F)cccn23)n1,7.0,6.968146317579645,0.25972896189940936,0.8446601941747572,0.0318536824203548
rf,2627,COc1cc(N2CCC(N3CCN(CCS(C)(=O)=O)CC3)CC2)ccc1Nc1nccc(-c2c(-c3cccc(C(=O)Nc4c(F)cccc4F)c3)nc3ccccn23)n1,7.0,7.000014270208214,0.0013259313439656902,0.9591836734693877,1.4270208214206548e-05
rf,2628,COc1cc(N2CCC(N3CCN(S(C)(=O)=O)CC3)CC2)c(C)cc1Nc1nccc(-c2c(-c3ccc(OC)c(C(=O)Nc4c(F)cccc4F)c3)nc3ccccn23)n1,6.0,5.999839379515829,0.10067556617947529,0.8058252427184466,0.00016062048417087027
rf,2629,COc1cc(N2CCC(N3CCN(S(C)(=O)=O)CC3)CC2)c(C)cc1Nc1nccc(-c2c(-c3cccc(C(=O)Nc4c(F)cccc4F)c3)nc3ccccn23)n1,7.0,6.312706428527832,0.4970137046025855,0.7961165048543689,0.6872935714721677
rf,2630,COc1cc(N2CCC(N3CCN(S(C)(=O)=O)CC3)CC2)ccc1Nc1nccc(-c2c(-c3ccc(OC(C)C)c(C(=O)Nc4c(F)cccc4F)c3)nc3ccccn23)n1,6.0,5.999930894103231,0.10069646522458751,0.77,6.910589676856205e-05
rf,2631,COc1cc(N2CCC(N3CCN(S(C)(=O)=O)CC3)CC2)ccc1Nc1nccc(-c2c(-c3ccc(OC)c(C(=O)Nc4c(F)cccc4F)c3)nc3cc(F)ccn23)n1,6.0,6.001033138480367,0.11060776394020642,0.803921568627451,0.001033138480367235
rf,2632,COc1cc(N2CCC(N3CCN(S(C)(=O)=O)CC3)CC2)ccc1Nc1nccc(-c2c(-c3ccc(OC)c(C(=O)Nc4c(F)cccc4F)c3)nc3ccccn23)n1,6.0,5.999839379515829,0.10067556617947529,0.8210526315789474,0.00016062048417087027
rf,2633,COc1cc(N2CCC(N3CCN(S(C)(=O)=O)CC3)CC2)ccc1Nc1nccc(-c2c(-c3cccc(C(=O)Nc4c(F)cccc4F)c3)nc3c(C)cccn23)n1,7.0,6.892464427091975,0.38627667671668275,0.7281553398058253,0.1075355729080254
rf,2634,COc1cc(N2CCC(N3CCN(S(C)(=O)=O)CC3)CC2)ccc1Nc1nccc(-c2c(-c3cccc(C(=O)Nc4c(F)cccc4F)c3)nc3c(F)cccn23)n1,7.0,6.964607705213923,0.27605964132101624,0.7575757575757576,0.035392294786077194
rf,2635,COc1cc(N2CCC(N3CCN(S(C)(=O)=O)CC3)CC2)ccc1Nc1nccc(-c2c(-c3cccc(C(=O)Nc4c(F)cccc4F)c3)nc3cc(F)ccn23)n1,7.0,6.959903785644039,0.3288659702248652,0.77,0.04009621435596067
rf,2636,COc1cc(N2CCC(N3CCN(S(C)(=O)=O)CC3)CC2)ccc1Nc1nccc(-c2c(-c3cccc(C(=O)Nc4c(F)cccc4F)c3)nc3ccccn23)n1,7.122062683105469,7.001017380140159,0.0476429665690977,0.8723404255319149,0.12104530296530935
rf,3856,COc1ccn2c(-c3ccnc(Nc4ccc(N5CCC(N6CCN(CCF)CC6)CC5)cc4OC)n3)c(-c3cccc(C(=O)Nc4c(F)cccc4F)c3)nc2c1,7.0,6.875248223387717,0.3738758417179625,0.8415841584158416,0.12475177661228276
rf,3880,CS(=O)(=O)CCN1CCN(C2CCN(c3ccc(Nc4nccc(-c5c(-c6cccc(C(=O)Nc7c(F)cccc7F)c6)nc6ccccn56)n4)c(OCC(F)(F)F)c3)CC2)CC1,7.0,6.846900686643456,0.4119301321970996,0.8679245283018868,0.15309931335654436
rf,94,Brc1cccc(Nc2ncnc3cnccc23)c1,7.29119873046875,7.8831782521208975,0.9901680417005563,0.6590909090909091,0.5919795216521475
rf,98,C#CC(=O)Nc1cc2c(Nc3cccc(Br)c3)ncnc2cn1,8.522878646850586,8.18049934131507,0.7157924942963686,0.5645161290322581,0.3423793055355162
rf,256,C/C=C/C(=O)Cc1cc2c(Nc3cccc(Br)c3)ncnc2cn1,9.299988746643066,8.252944403590698,0.5987771790831865,0.7758620689655172,1.0470443430523684
rf,266,C=C(C)C(=O)Cc1cc2c(Nc3cccc(Br)c3)ncnc2cn1,8.799970626831055,8.240843920032829,0.6595305189480692,0.6612903225806451,0.5591267067982262
rf,282,C=C/C=C/C(=O)Cc1cc2c(Nc3cccc(Br)c3)ncnc2cn1,8.960189819335938,8.238741483507525,0.6359369946360716,0.75,0.7214483358284127
rf,290,C=CC(=O)C(C)c1cc2c(Nc3cccc(Br)c3)ncnc2cn1,9.770062446594238,8.256132659697379,0.6711046003722748,0.6164383561643836,1.5139297868968598
rf,293,C=CC(=O)C(CCN(C)C)c1cc2c(Nc3cccc(Br)c3)ncnc2cn1,8.37996768951416,7.984845000280809,0.6372659843592419,0.68,0.39512268923335103
rf,294,C=CC(=O)Cc1cc2c(Nc3cccc(Br)c3)ncnc2cn1,9.04000473022461,8.226046854732143,0.6142139692465478,0.7413793103448276,0.8139578754924663
rf,295,C=CC(=O)N(C)c1cc2c(Nc3cccc(Br)c3)ncnc2cn1,7.886056423187256,8.12032969283219,0.8745318613524002,0.5522388059701493,0.2342732696449339
rf,458,C=CC(=O)Nc1cc2c(Nc3ccc(F)c(Cl)c3)ncnc2cn1,8.797497749328613,8.177344542206793,0.6942373946399616,0.7068965517241379,0.6201532071218203
rf,470,C=CC(=O)Nc1cc2c(Nc3cccc(C)c3)ncnc2cn1,8.699840545654297,7.818765658618646,0.8327189275073018,0.5303030303030303,0.8810748870356511
rf,723,C=CS(=O)(=O)Nc1cc2c(Nc3cccc(Br)c3)ncnc2cn1,9.119987487792969,7.774597360132218,1.0852011938102626,0.5555555555555556,1.3453901276607505
rf,725,C=CS(=O)(=O)c1cc2c(Nc3cccc(Br)c3)ncnc2cn1,9.369978904724121,8.229757093472958,0.7064705693906559,0.5471698113207547,1.1402218112511626
rf,726,C=C[S+]([O-])c1cc2c(Nc3cccc(Br)c3)ncnc2cn1,8.339988708496094,8.24731461273665,0.7196138735770542,0.5471698113207547,0.09267409575944363
rf,729,CC#CC(=O)Nc1cc2c(Nc3ccc(F)c(Cl)c3)ncnc2cn1,9.062469482421875,7.912573018628375,0.9480477555793282,0.6865671641791045,1.1498964637934996
rf,820,CC(C(=O)/C=C/C(=O)NCCCN(C)C)c1cc2c(Nc3cccc(Br)c3)ncnc2cn1,8.840131759643555,8.2513115605452,0.8093699423348505,0.5465116279069767,0.5888201990983539
rf,896,CC(C)N(CC#CC(=O)Nc1cc2c(Nc3ccc(F)c(Cl)c3)ncnc2cn1)C(C)C,7.246612071990967,8.11414711583765,0.6371458505359294,0.684931506849315,0.8675350438466829
rf,1151,CCCC#CC(=O)Nc1cc2c(Nc3ccc(F)c(Cl)c3)ncnc2cn1,8.39363956451416,8.22529778245142,0.6179957380786191,0.7611940298507462,0.16834178206273975
rf,1157,CCCCC#CC(=O)Nc1cc2c(Nc3ccc(F)c(Cl)c3)ncnc2cn1,8.085348129272461,8.236144849343985,0.6347340441783872,0.7391304347826086,0.1507967200715239
rf,1197,CCCCN(CC#CC(=O)Nc1cc2c(Nc3ccc(F)c(Cl)c3)ncnc2cn1)CCCC,7.539677619934082,8.053205811621096,0.79392678108165,0.6756756756756757,0.5135281916870138
rf,1289,CCN(CC)CC#CC(=O)Nc1cc2c(Nc3ccc(F)c(Cl)c3)ncnc2cn1,7.571333885192871,8.080060722387303,0.7472990858735175,0.6944444444444444,0.5087268371944322
rf,1292,CCN(CC)CC(O)CNc1cc2c(Nc3cccc(Br)c3)ncnc2cn1,6.052842140197754,8.248048078026066,0.7319516875985912,0.5735294117647058,2.1952059378283124
rf,1298,CCN(CC)CCCNC(=O)/C=C/C(=O)Cc1cc2c(Nc3cccc(Br)c3)ncnc2cn1,9.140021324157715,8.514050588154387,0.8438174877213922,0.7142857142857143,0.6259707360033282
rf,1381,CCOC(=O)/C=C/C(=O)Cc1cc2c(Nc3cccc(Br)c3)ncnc2cn1,8.819873809814453,8.124650215638638,0.8271413282214621,0.703125,0.6952235941758147
rf,1852,CN(C)C/C=C/C(=O)Nc1cc2c(Nc3ccc(F)c(Cl)c3)ncnc2cn1,8.849485397338867,7.931124846318679,0.6144530658248615,0.726027397260274,0.9183605510201884
rf,1899,CN(C)CCCCNc1cc2c(Nc3cccc(Br)c3)ncnc2cn1,7.721246242523193,7.938303582520273,0.48603742781806963,0.671875,0.21705733999707988
rf,1906,CN(C)CCCNC(=O)/C=C/C(=O)Cc1cc2c(Nc3cccc(Br)c3)ncnc2cn1,8.960189819335938,8.303342726813069,0.7832595218517965,0.72,0.6568470925228684
rf,1912,CN(C)CCCNc1cc2c(Nc3cccc(Br)c3)ncnc2cn1,7.79587984085083,7.945056914658335,0.4866174087118903,0.6825396825396826,0.1491770738075049
rf,1922,CN(C)CCN(C)c1cc2c(Nc3cccc(Br)c3)ncnc2cn1,7.337242126464844,7.870040081922579,0.7158457576150716,0.6065573770491803,0.5327979554577356
rf,1932,CN(C)CCNc1cc2c(Nc3cccc(Br)c3)ncnc2cn1,5.8665313720703125,7.874807237689019,0.5037465070976387,0.6779661016949152,2.0082758656187067
rf,1965,CN(C)c1cc2c(Nc3cccc(Br)c3)ncnc2cn1,7.92081880569458,8.147636008237091,0.7290089390321429,0.64,0.22681720254251125
rf,2011,CN(CCO)CCNc1cc2c(Nc3cccc(Br)c3)ncnc2cn1,7.568636417388916,7.961052357897563,0.5220512202727524,0.6268656716417911,0.3924159405086467
rf,2142,CNc1cc2c(Nc3cccc(Br)c3)ncnc2cn1,7.886056423187256,8.24478062437315,0.5967799139759093,0.6428571428571429,0.3587242011858933
rf,2143,CNc1cc2c(Nc3cccc(C)c3)ncnc2cn1,7.638272285461426,7.750014686243715,0.807026293997812,0.6122448979591837,0.11174240078228959
rf,2144,CNc1cc2c(Nc3ccccc3)ncnc2cn1,8.045757293701172,6.830640792314329,0.9217228766260327,0.5555555555555556,1.2151165013868432
rf,2940,COc1cc2c(Nc3cccc(Br)c3)ncnc2cn1,8.58004379272461,8.252865800546841,0.6513469094730404,0.64,0.3271779921777682
rf,4623,Clc1cc2c(Nc3cccc(Br)c3)ncnc2cn1,7.3939595222473145,8.046057167815233,0.7409100672693193,0.6444444444444445,0.6520976455679186
rf,4747,Fc1cc2c(Nc3cccc(Br)c3)ncnc2cn1,6.903293609619141,8.145589288563917,0.6853925846186261,0.6444444444444445,1.2422956789447763
rf,5110,Nc1cc2c(Nc3cccc(Br)c3)ncnc2cn1,7.79587984085083,8.230118940972817,0.6841077787063815,0.6444444444444445,0.43423910012198697
rf,5435,O=C(/C=C\Cl)Cc1cc2c(Nc3cccc(Br)c3)ncnc2cn1,9.160019874572754,8.204047199132901,0.6253534517941526,0.7894736842105263,0.9559726754398525
rf,5727,O=C(O)CCNc1cc2c(Nc3cccc(Br)c3)ncnc2cn1,6.347753524780273,8.013507262852169,0.5563785890285955,0.6666666666666666,1.6657537380718956
rf,5934,O=S(=O)(CO)Nc1cc2c(Nc3cccc(Br)c3)ncnc2cn1,7.0299787521362305,7.761751770126208,1.033728887457351,0.5806451612903226,0.731773017989978
rf,6015,OCCN(CCO)CCCNc1cc2c(Nc3cccc(Br)c3)ncnc2cn1,6.638272285461426,8.061186149480537,0.5694587169513465,0.6363636363636364,1.4229138640191117
rf,6018,OCCN(CCO)CCNc1cc2c(Nc3cccc(Br)c3)ncnc2cn1,7.148741722106934,8.029887445321158,0.5878315607034708,0.6451612903225806,0.8811457232142246
rf,891,CC(C)COc1cc(N2CCC(N3CCCCC3)CC2)ccc1Nc1nccc(-c2c(-c3cccc(C(=O)Nc4c(F)cccc4F)c3)nc3ccccn23)n1,7.0,6.983848018133511,0.20784812055633275,0.8736842105263158,0.01615198186648925
rf,892,CC(C)Cc1cc(N2CCC(N3CCCCC3)CC2)ccc1Nc1nccc(-c2c(-c3cccc(C(=O)Nc4c(F)cccc4F)c3)nc3ccccn23)n1,7.0,6.969112758929667,0.2532814697812548,0.8144329896907216,0.03088724107033336
rf,913,CC(C)Oc1cc(N2CCC(N3CCCCC3)CC2)ccc1Nc1nccc(-c2c(-c3cccc(C(=O)Nc4c(F)cccc4F)c3)nc3ccccn23)n1,7.0,7.195245198822022,0.5052049345405727,0.9021739130434783,0.19524519882202185
rf,1266,CCCOc1cc(N2CCC(N3CCCCC3)CC2)ccc1Nc1nccc(-c2c(-c3cccc(C(=O)Nc4c(F)cccc4F)c3)nc3ccccn23)n1,7.0,6.993676938179998,0.13432932216323346,0.8829787234042553,0.006323061820001641
rf,1277,CCCc1cc(N2CCC(N3CCCCC3)CC2)ccc1Nc1nccc(-c2c(-c3cccc(C(=O)Nc4c(F)cccc4F)c3)nc3ccccn23)n1,7.0,6.972195516879496,0.2231233523860285,0.8229166666666666,0.02780448312050421
rf,1527,CCOc1cc(N2CCC(N3CCCCC3)CC2)ccc1Nc1nccc(-c2c(-c3cccc(C(=O)Nc4c(F)cccc4F)c3)nc3ccccn23)n1,7.0,6.982546233941935,0.16011734892936244,0.9021739130434783,0.0174537660580647
rf,1736,CCOc1ccc(-c2nc3ccccn3c2-c2ccnc(Nc3ccc(N4CCC(N5CCC(CCS(C)(=O)=O)CC5)CC4)cc3OC)n2)cc1C(=O)Nc1c(F)cccc1F,6.0,5.998894289221945,0.024488066173875972,0.95,0.0011057107780549913
rf,1737,CCOc1ccc(-c2nc3ccccn3c2-c2ccnc(Nc3ccc(N4CCC(N5CCCCC5)CC4)c(C)c3OC)n2)cc1C(=O)Nc1c(F)cccc1F,6.0,5.992158182144165,0.08159468887333944,0.7403846153846154,0.007841817855834599
rf,1790,CCc1cc(N2CCC(N3CCCCC3)CC2)ccc1Nc1nccc(-c2c(-c3cccc(C(=O)Nc4c(F)cccc4F)c3)nc3ccccn23)n1,7.0,6.97793997221702,0.2506734167474022,0.8494623655913979,0.022060027782980107
rf,2436,COc1c(Nc2nccc(-c3c(-c4cccc(C(=O)Nc5c(F)cccc5F)c4)nc4ccccn34)n2)ccc(N2CCC(N3CCCCC3)CC2)c1C,7.0,6.610757055427089,0.534617283096404,0.8041237113402062,0.38924294457291087
rf,2577,COc1cc(N2CCC(N3CCC(C(F)(F)F)CC3)CC2)ccc1Nc1nccc(-c2c(-c3cccc(C(=O)Nc4c(F)cccc4F)c3)nc3ccccn23)n1,7.0,6.851204423330162,0.4114667441709645,0.8817204301075269,0.1487955766698379
rf,2578,COc1cc(N2CCC(N3CCC(C)CC3)CC2)ccc1Nc1nccc(-c2c(-c3cccc(C(=O)Nc4c(F)cccc4F)c3)nc3ccccn23)n1,7.0,6.99774185695443,0.09156818969228767,0.9111111111111111,0.002258143045570371
rf,2579,COc1cc(N2CCC(N3CCC(CCS(C)(=O)=O)CC3)CC2)ccc1Nc1nccc(-c2c(-c3ccc(OC)c(C(=O)Nc4c(F)cccc4F)c3)nc3ccccn23)n1,6.0,6.000744005408468,0.016833719085342917,0.9479166666666666,0.0007440054084684178
rf,2580,COc1cc(N2CCC(N3CCC(CCS(C)(=O)=O)CC3)CC2)ccc1Nc1nccc(-c2c(-c3cccc(C(=O)Nc4c(F)cccc4F)c3)nc3ccccn23)n1,7.0,6.846224578283165,0.3824975548226036,0.8461538461538461,0.15377542171683523
rf,2581,COc1cc(N2CCC(N3CCC(F)CC3)CC2)ccc1Nc1nccc(-c2c(-c3cccc(C(=O)Nc4c(F)cccc4F)c3)nc3ccccn23)n1,7.0,6.989415357015465,0.13789735264714628,0.9438202247191011,0.010584642984534653
rf,2582,COc1cc(N2CCC(N3CCC(O)CC3)CC2)ccc1Nc1nccc(-c2c(-c3ccc(OC)c(C(=O)Nc4c(F)cccc4F)c3)nc3ccccn23)n1,6.0,6.009997261252584,0.1135489037357548,0.9425287356321839,0.009997261252584266
rf,2583,COc1cc(N2CCC(N3CCC(O)CC3)CC2)ccc1Nc1nccc(-c2c(-c3cccc(C(=O)Nc4c(F)cccc4F)c3)nc3ccccn23)n1,7.0,6.336957412719727,0.47212822211738864,0.9213483146067416,0.6630425872802732
rf,2584,COc1cc(N2CCC(N3CCCC(F)(F)C3)CC2)ccc1Nc1nccc(-c2c(-c3cccc(C(=O)Nc4c(F)cccc4F)c3)nc3ccccn23)n1,7.0,6.978145735227932,0.24642695536008596,0.8736842105263158,0.021854264772067644
rf,2586,COc1cc(N2CCC(N3CCCCC3)CC2)c(C)cc1Nc1nccc(-c2c(-c3ccc(OC)c(C(=O)Nc4c(F)cccc4F)c3)nc3ccccn23)n1,6.0,5.99668837928772,0.053377969375945335,0.851063829787234,0.0033116207122798613
rf,2587,COc1cc(N2CCC(N3CCCCC3)CC2)c(C)cc1Nc1nccc(-c2c(-c3cccc(C(=O)Nc4c(F)cccc4F)c3)nc3ccccn23)n1,7.0,6.323739934921265,0.496710295656849,0.8421052631578947,0.6762600650787354
rf,2588,COc1cc(N2CCC(N3CCCCC3)CC2)c(Cl)cc1Nc1nccc(-c2c(-c3ccc(OC)c(C(=O)Nc4c(F)cccc4F)c3)nc3ccccn23)n1,6.0,5.999486055374145,0.12966466139536256,0.8421052631578947,0.0005139446258546343
rf,2589,COc1cc(N2CCC(N3CCCCC3)CC2)c(Cl)cc1Nc1nccc(-c2c(-c3cccc(C(=O)Nc4c(F)cccc4F)c3)nc3ccccn23)n1,7.0,6.462169254302979,0.5459901522595534,0.8333333333333334,0.537830745697021
rf,2590,COc1cc(N2CCC(N3CCCCC3)CC2)c(F)cc1Nc1nccc(-c2c(-c3ccc(OC)c(C(=O)Nc4c(F)cccc4F)c3)nc3ccccn23)n1,6.0,5.99668837928772,0.053377969375945335,0.8695652173913043,0.0033116207122798613
rf,2591,COc1cc(N2CCC(N3CCCCC3)CC2)c(F)cc1Nc1nccc(-c2c(-c3cccc(C(=O)Nc4c(F)cccc4F)c3)nc3ccccn23)n1,7.0,6.48436891078949,0.5316914540895973,0.8602150537634409,0.51563108921051
rf,2592,COc1cc(N2CCC(N3CCCCC3)CC2)c(OC)cc1Nc1nccc(-c2c(-c3cccc(C(=O)Nc4c(F)cccc4F)c3)nc3ccccn23)n1,7.0,6.48636891078949,0.5317464872556786,0.8602150537634409,0.5136310892105103
rf,2593,COc1cc(N2CCC(N3CCCCC3)CC2)ccc1Nc1nccc(-c2c(-c3ccc(OC)c(C(=O)Nc4c(F)cccc4F)c3)nc3cc(C)ccn23)n1,6.0,5.994158966064453,0.09525831874987237,0.8125,0.005841033935547024
rf,2594,COc1cc(N2CCC(N3CCCCC3)CC2)ccc1Nc1nccc(-c2c(-c3ccc(OC)c(C(=O)Nc4c(F)cccc4F)c3)nc3cc(F)ccn23)n1,6.0,5.992631463050842,0.09945270983811853,0.8210526315789474,0.0073685369491576225
rf,2595,COc1cc(N2CCC(N3CCCCC3)CC2)ccc1Nc1nccc(-c2c(-c3ccc(OC)c(C(=O)Nc4c(F)cccc4F)c3)nc3ccccn23)n1,6.0,5.997427523612976,0.05591711704352062,0.9325842696629213,0.0025724763870238476
rf,2596,COc1cc(N2CCC(N3CCCCC3)CC2)ccc1Nc1nccc(-c2c(-c3cccc(C(=O)Nc4c(F)cccc4F)c3)nc3c(C)cccn23)n1,7.0,6.896312449614439,0.3858428779130404,0.8315789473684211,0.10368755038556099
rf,2597,COc1cc(N2CCC(N3CCCCC3)CC2)ccc1Nc1nccc(-c2c(-c3cccc(C(=O)Nc4c(F)cccc4F)c3)nc3c(F)cccn23)n1,7.0,6.956152837912474,0.29776093945049326,0.8681318681318682,0.04384716208752604
rf,2598,COc1cc(N2CCC(N3CCCCC3)CC2)ccc1Nc1nccc(-c2c(-c3cccc(C(=O)Nc4c(F)cccc4F)c3)nc3cc(C(F)(F)F)ccn23)n1,7.0,6.554221778881054,0.6283784430086563,0.84375,0.44577822111894605
rf,2599,COc1cc(N2CCC(N3CCCCC3)CC2)ccc1Nc1nccc(-c2c(-c3cccc(C(=O)Nc4c(F)cccc4F)c3)nc3cc(C)ccn23)n1,7.0,6.9389413738364984,0.33784929578717793,0.8709677419354839,0.06105862616350155
rf,2600,COc1cc(N2CCC(N3CCCCC3)CC2)ccc1Nc1nccc(-c2c(-c3cccc(C(=O)Nc4c(F)cccc4F)c3)nc3cc(F)ccn23)n1,7.0,6.95106757068634,0.34364580559016483,0.8804347826086957,0.04893242931365993
rf,2601,COc1cc(N2CCC(N3CCCCC3)CC2)ccc1Nc1nccc(-c2c(-c3cccc(C(=O)Nc4c(F)cccc4F)c3)nc3ccccn23)n1,7.0,6.9904729332564965,0.12205207396726458,1.0,0.009527066743503454
rf,2602,COc1cc(N2CCC(N3CCCCC3)CC2)ccc1Nc1nccc(-c2c(-c3cccc(C(=O)Nc4ccc(Cl)cc4F)c3)nc3ccccn23)n1,6.0,6.8149230061228225,0.6039478796786562,0.8617021276595744,0.8149230061228225
rf,2603,COc1cc(N2CCC(N3CCCCC3)CC2)ccc1Nc1nccc(-c2c(-c3cccc(C(=O)Nc4ccc(F)cc4Cl)c3)nc3ccccn23)n1,6.0,6.781955209081883,0.6227638806191551,0.8333333333333334,0.7819552090818833
rf,2604,COc1cc(N2CCC(N3CCCCC3)CC2)ccc1Nc1nccc(-c2c(-c3cccc(C(=O)Nc4ccc(F)cc4F)c3)nc3ccccn23)n1,6.0,6.835387333935017,0.5742658383880542,0.8709677419354839,0.8353873339350173
rf,2607,COc1cc(N2CCC(N3CCC[C@H](O)C3)CC2)ccc1Nc1nccc(-c2c(-c3ccc(OC)c(C(=O)Nc4c(F)cccc4F)c3)nc3ccccn23)n1,6.0,5.992207116127014,0.10322341648794045,0.8602150537634409,0.007792883872985712
rf,2608,COc1cc(N2CCC(N3CCC[C@H](O)C3)CC2)ccc1Nc1nccc(-c2c(-c3cccc(C(=O)Nc4c(F)cccc4F)c3)nc3ccccn23)n1,7.0,6.938436064059672,0.2513888502250312,0.8924731182795699,0.061563935940328385
rf,3512,COc1ccc(-c2nc3ccccn3c2-c2ccnc(Nc3ccc(N4CCC(N5CCCCC5)CC4)c(C)c3OC)n2)cc1C(=O)Nc1c(F)cccc1F,6.0,5.994566017150879,0.07230934831621057,0.8061224489795918,0.005433982849121222
rf,3854,COc1ccn2c(-c3ccnc(Nc4ccc(N5CCC(N6CCCCC6)CC5)cc4OC)n3)c(-c3ccc(OC)c(C(=O)Nc4c(F)cccc4F)c3)nc2c1,6.0,5.988598399162292,0.10810443932395146,0.8125,0.011401600837707804
rf,3855,COc1ccn2c(-c3ccnc(Nc4ccc(N5CCC(N6CCCCC6)CC5)cc4OC)n3)c(-c3cccc(C(=O)Nc4c(F)cccc4F)c3)nc2c1,7.0,6.909758494521633,0.3599757492609671,0.8709677419354839,0.0902415054783674
rf,4187,Cc1cc(N2CCC(N3CCCCC3)CC2)ccc1Nc1nccc(-c2c(-c3cccc(C(=O)Nc4c(F)cccc4F)c3)nc3ccccn23)n1,7.0,6.913264421756205,0.3013300542155131,0.8681318681318682,0.08673557824379508
rf,5607,O=C(Nc1c(F)cccc1F)c1cccc(-c2nc3ccccn3c2-c2ccnc(Nc3ccc(N4CCC(N5CCCCC5)CC4)cc3)n2)c1,7.0,6.937815541267395,0.36414544740118554,0.8222222222222222,0.06218445873260503
rf,24,Brc1ccc(C2=NN(c3nc(-c4ccccc4)cs3)C(c3ccc(Br)cc3)C2)cc1,5.0481767654418945,5.078507244862319,0.9806357855783729,0.5555555555555556,0.03033047942042444
rf,3575,COc1ccc(C2=NN(c3nc(-c4ccc(Cl)cc4)cs3)C(c3ccc(Br)cc3)C2)cc1,5.199970722198486,5.376859512939308,1.1620942184355207,0.46153846153846156,0.1768887907408221
rf,3576,COc1ccc(C2=NN(c3nc(-c4ccc(Cl)cc4)cs3)C(c3ccc(C)cc3)C2)cc1,5.32975435256958,5.408014898972366,1.2217549687269875,0.46875,0.07826054640278635
rf,3577,COc1ccc(C2=NN(c3nc(-c4ccc(Cl)cc4)cs3)C(c3ccc(Cl)cc3)C2)cc1,5.109020233154297,5.399291533665211,1.195038437970819,0.5,0.29027130051091454
rf,3578,COc1ccc(C2=NN(c3nc(-c4ccc(Cl)cc4)cs3)C(c3ccc(F)cc3)C2)cc1,5.294991970062256,5.366264110089038,1.1681289425912327,0.46153846153846156,0.07127214002678173
rf,3579,COc1ccc(C2=NN(c3nc(-c4ccc(Cl)cc4)cs3)C(c3ccc(O)cc3)C2)cc1,5.115771293640137,5.464393300512033,1.1739464688539933,0.4927536231884058,0.3486220068718966
rf,3580,COc1ccc(C2=NN(c3nc(-c4ccc(Cl)cc4)cs3)C(c3ccc(OC)cc3)C2)cc1,5.202732563018799,5.399291533665211,1.195038437970819,0.5,0.1965589706464126
rf,3581,COc1ccc(C2=NN(c3nc(-c4ccc(Cl)cc4)cs3)C(c3ccc([N+](=O)[O-])cc3)C2)cc1,5.074172496795654,5.468114732823677,1.1026510505474263,0.44,0.3939422360280229
rf,3582,COc1ccc(C2=NN(c3nc(-c4ccccc4)cs3)C(c3ccc(Br)cc3)C2)cc1,5.25492525100708,5.266189623328922,1.1258087929348903,0.5409836065573771,0.01126437232184152
rf,3583,COc1ccc(C2=NN(c3nc(-c4ccccc4)cs3)C(c3ccc(C)cc3)C2)cc1,5.1260986328125,5.300443599640606,1.1758475146654495,0.55,0.17434496682810607
rf,3584,COc1ccc(C2=NN(c3nc(-c4ccccc4)cs3)C(c3ccc(Cl)cc3)C2)cc1,5.306272983551025,5.369866180928968,1.1739169613131035,0.5409836065573771,0.06359319737794245
rf,3585,COc1ccc(C2=NN(c3nc(-c4ccccc4)cs3)C(c3ccc(F)cc3)C2)cc1,5.243363857269287,5.26258902360713,1.1291875103057551,0.5409836065573771,0.01922516633784266
rf,3586,COc1ccc(C2=NN(c3nc(-c4ccccc4)cs3)C(c3ccc(O)cc3)C2)cc1,5.271646022796631,5.361997630110443,1.1268184119423894,0.5409836065573771,0.09035160731381175
rf,3587,COc1ccc(C2=NN(c3nc(-c4ccccc4)cs3)C(c3ccc(OC)cc3)C2)cc1,5.159893989562988,5.286112012421065,1.1510459923117888,0.5892857142857143,0.12621802285807693
rf,3588,COc1ccc(C2=NN(c3nc(-c4ccccc4)cs3)C(c3ccc([N+](=O)[O-])cc3)C2)cc1,5.063989162445068,5.379970202110781,1.0610549411114745,0.5,0.31598103966571234
rf,3591,COc1ccc(C2CC(c3ccc(Br)cc3)=NN2c2nc(-c3ccc(Cl)cc3)cs2)cc1,4.702677249908447,5.376859512939308,1.1620942184355207,0.46153846153846156,0.6741822630308612
rf,3592,COc1ccc(C2CC(c3ccc(Br)cc3)=NN2c2nc(-c3ccccc3)cs2)cc1,4.992679119110107,5.266189623328922,1.1258087929348903,0.5409836065573771,0.2735105042188142
rf,3595,COc1ccc(C2CC(c3ccc(C)c(C)c3)=NN2c2nc(-c3ccc(Cl)cc3)cs2)cc1,6.086185932159424,5.535819748279519,1.3159360244903393,0.44776119402985076,0.5503661838799045
rf,3596,COc1ccc(C2CC(c3ccc(C)c(C)c3)=NN2c2nc(-c3ccccc3)cs2)cc1,5.511449337005615,5.4400215967630405,1.2749221506631767,0.5238095238095238,0.0714277402425747
rf,4298,Cc1ccc(C2=NN(c3nc(-c4ccc(Cl)cc4)cs3)C(c3ccc(Br)cc3)C2)cc1C,6.431798458099365,5.4544516635702305,1.2868015430747648,0.4189189189189189,0.9773467945291348
rf,4299,Cc1ccc(C2=NN(c3nc(-c4ccc(Cl)cc4)cs3)C(c3ccc(Cl)cc3)C2)cc1C,6.721246242523193,5.455536415928592,1.29309641149584,0.4492753623188406,1.265709826594601
rf,4300,Cc1ccc(C2=NN(c3nc(-c4ccc(Cl)cc4)cs3)C(c3ccc(F)cc3)C2)cc1C,7.221848964691162,5.430844513146188,1.279631583957444,0.4189189189189189,1.791004451544974
rf,4301,Cc1ccc(C2=NN(c3nc(-c4ccc(Cl)cc4)cs3)C(c3ccc(O)cc3)C2)cc1C,6.013228416442871,5.526182355183066,1.2605909346848656,0.4189189189189189,0.48704606125980465
rf,4302,Cc1ccc(C2=NN(c3nc(-c4ccc(Cl)cc4)cs3)C(c3ccc([N+](=O)[O-])cc3)C2)cc1C,6.200659275054932,5.531676541154614,1.233633130607069,0.41025641025641024,0.668982733900318
rf,4303,Cc1ccc(C2=NN(c3nc(-c4ccccc4)cs3)C(c3ccc(Br)cc3)C2)cc1C,5.735182285308838,5.326740132241017,1.2291220305739037,0.4838709677419355,0.4084421530678206
rf,4304,Cc1ccc(C2=NN(c3nc(-c4ccccc4)cs3)C(c3ccc(Cl)cc3)C2)cc1C,5.6270880699157715,5.400809721827426,1.2542321760771333,0.4838709677419355,0.22627834808834546
rf,4305,Cc1ccc(C2=NN(c3nc(-c4ccccc4)cs3)C(c3ccc(F)cc3)C2)cc1C,5.761953830718994,5.322750105720776,1.2215876713041207,0.4838709677419355,0.4392037249982179
rf,4306,Cc1ccc(C2=NN(c3nc(-c4ccccc4)cs3)C(c3ccc(O)cc3)C2)cc1C,5.71669864654541,5.4037429261677055,1.2031441180212534,0.4788732394366197,0.3129557203777047
rf,4307,Cc1ccc(C2=NN(c3nc(-c4ccccc4)cs3)C(c3ccc([N+](=O)[O-])cc3)C2)cc1C,5.414539337158203,5.418037171143481,1.1803018841595478,0.4533333333333333,0.0034978339852775875
rf,4310,Cc1ccc(C2CC(c3ccc(Br)cc3)=NN2c2nc(-c3ccc(Cl)cc3)cs2)cc1,4.55021333694458,5.276856521835835,1.1380754627728773,0.42857142857142855,0.7266431848912553
rf,4311,Cc1ccc(C2CC(c3ccc(Br)cc3)=NN2c2nc(-c3ccccc3)cs2)cc1,4.7068586349487305,5.167127186186711,1.0879610831362907,0.5084745762711864,0.4602685512379807
rf,4313,Cc1ccc(C2CC(c3ccc(C)c(C)c3)=NN2c2nc(-c3ccc(Cl)cc3)cs2)cc1,5.982966423034668,5.441731059578802,1.2988476073064423,0.4305555555555556,0.5412353634558658
rf,4314,Cc1ccc(C2CC(c3ccc(C)c(C)c3)=NN2c2nc(-c3ccccc3)cs2)cc1,5.573488712310791,5.3270764308559295,1.2413056895122467,0.5,0.2464122814548615
rf,4626,Clc1ccc(-c2csc(N3N=C(c4ccc(Br)cc4)CC3c3ccc(Br)cc3)n2)cc1,4.589391231536865,5.226729925146878,1.073787491719505,0.46551724137931033,0.6373386936100127
rf,4627,Clc1ccc(-c2csc(N3N=C(c4ccc(Br)cc4)CC3c3ccc(Cl)cc3)n2)cc1,4.748605251312256,5.226729925146878,1.073787491719505,0.46551724137931033,0.4781246738346221
rf,4634,Clc1ccc(C2CC(c3ccc(Br)cc3)=NN2c2nc(-c3ccccc3)cs2)cc1,5.028260231018066,5.190283866947843,1.049213869967239,0.5084745762711864,0.16202363592977687
rf,4753,Fc1ccc(C2CC(c3ccc(Br)cc3)=NN2c2nc(-c3ccc(Cl)cc3)cs2)cc1,4.616903305053711,5.209782088233013,1.0639545885962522,0.42857142857142855,0.5928787831793016
rf,4754,Fc1ccc(C2CC(c3ccc(Br)cc3)=NN2c2nc(-c3ccccc3)cs2)cc1,4.949233531951904,5.064983077894198,0.9618442993770869,0.5084745762711864,0.11574954594229414
rf,5951,O=[N+]([O-])c1ccc(C2CC(c3ccc(Br)cc3)=NN2c2nc(-c3ccc(Cl)cc3)cs2)cc1,4.613144397735596,5.316645484065431,1.0027503151649204,0.39705882352941174,0.703501086329835
rf,5952,O=[N+]([O-])c1ccc(C2CC(c3ccc(Br)cc3)=NN2c2nc(-c3ccccc3)cs2)cc1,4.803547382354736,5.1933042807556395,0.9214348720135542,0.46875,0.3897568984009032
rf,6084,Oc1ccc(C2CC(c3ccc(Br)cc3)=NN2c2nc(-c3ccc(Cl)cc3)cs2)cc1,4.6671576499938965,5.30393181121043,1.0834614599941814,0.42857142857142855,0.6367741612165334
rf,6085,Oc1ccc(C2CC(c3ccc(Br)cc3)=NN2c2nc(-c3ccccc3)cs2)cc1,4.650528430938721,5.156584872446498,0.9896386903644195,0.5084745762711864,0.5060564415077771
rf,1251,CCCN1CCN(c2ccc(Nc3nccc(-c4c(-c5ccc(OC)c(C(=O)Nc6c(F)cccc6F)c5)nc5ccccn45)n3)c(OC)c2)CC1,6.0,5.999990503516378,0.00021213537514425812,0.8333333333333334,9.496483621695972e-06
rf,1252,CCCN1CCN(c2ccc(Nc3nccc(-c4c(-c5ccc(OC)c(C(=O)Nc6c(F)cccc6F)c5)nc5ccccn45)n3)c(OCC)c2)CC1,6.0,5.997690276426446,0.051383193762582366,0.8181818181818182,0.002309723573554301
rf,1253,CCCN1CCN(c2ccc(Nc3nccc(-c4c(-c5ccc(OCC)c(C(=O)Nc6c(F)cccc6F)c5)nc5ccccn45)n3)c(OC)c2)CC1,6.0,5.999990503516378,0.00021213537514425812,0.8,9.496483621695972e-06
rf,1254,CCCN1CCN(c2ccc(Nc3nccc(-c4c(-c5ccc(OCC)c(C(=O)Nc6c(F)cccc6F)c5)nc5ccccn45)n3)c(OCC)c2)CC1,6.0,5.997690276426446,0.051383193762582366,0.8125,0.002309723573554301
rf,1255,CCCN1CCN(c2ccc(Nc3nccc(-c4c(-c5cccc(C(=O)Nc6c(F)cccc6F)c5)nc5ccccn45)n3)c(OC)c2)CC1,7.0,6.9986163305262075,0.03125638228617873,0.8315789473684211,0.001383669473792537
rf,1256,CCCN1CCN(c2ccc(Nc3nccc(-c4c(-c5cccc(C(=O)Nc6c(F)cccc6F)c5)nc5ccccn45)n3)c(OCC)c2)CC1,7.0,6.9929900907916345,0.08967448458922632,0.826530612244898,0.007009909208365528
rf,1537,CCOc1cc(N2CCN(C(C)C)CC2)ccc1Nc1nccc(-c2c(-c3ccc(OC)c(C(=O)Nc4c(F)cccc4F)c3)nc3ccccn23)n1,6.0,6.003940154356133,0.147894586977334,0.78125,0.003940154356133263
rf,1538,CCOc1cc(N2CCN(C(C)C)CC2)ccc1Nc1nccc(-c2c(-c3cccc(C(=O)Nc4c(F)cccc4F)c3)nc3ccccn23)n1,7.0,6.96560870689576,0.31842598410950906,0.7722772277227723,0.03439129310423983
rf,1539,CCOc1cc(N2CCN(C)CC2)ccc1Nc1nccc(-c2c(-c3ccc(OC)c(C(=O)Nc4c(F)cccc4F)c3)nc3ccccn23)n1,7.0,6.001531914037835,0.10011149001103666,0.8064516129032258,0.9984680859621653
rf,1540,CCOc1cc(N2CCN(C)CC2)ccc1Nc1nccc(-c2c(-c3cccc(C(=O)Nc4c(F)cccc4F)c3)nc3ccccn23)n1,6.0,6.987579838220529,0.11203486220116313,0.8144329896907216,0.9875798382205287
rf,1543,CCOc1cc(N2CCN(CCS(C)(=O)=O)CC2)c(C)cc1Nc1nccc(-c2c(-c3ccc(OC(C)C)c(C(=O)Nc4c(F)cccc4F)c3)nc3ccccn23)n1,6.0,5.997729835715475,0.10709726736063137,0.8584905660377359,0.002270164284524867
rf,1544,CCOc1cc(N2CCN(CCS(C)(=O)=O)CC2)c(C)cc1Nc1nccc(-c2c(-c3ccc(OC)c(C(=O)Nc4c(F)cccc4F)c3)nc3ccccn23)n1,6.0,5.997638321128073,0.10707573644409615,0.9215686274509803,0.0023616788719271753
rf,1545,CCOc1cc(N2CCN(CCS(C)(=O)=O)CC2)c(C)cc1Nc1nccc(-c2c(-c3ccc(OCC)c(C(=O)Nc4c(F)cccc4F)c3)nc3ccccn23)n1,6.0,5.997638321128073,0.10707573644409615,0.9108910891089109,0.0023616788719271753
rf,1546,CCOc1cc(N2CCN(CCS(C)(=O)=O)CC2)c(C)cc1Nc1nccc(-c2c(-c3cccc(C(=O)Nc4c(F)cccc4F)c3)nc3ccccn23)n1,7.0,6.305319128036499,0.5169031102335212,0.8415841584158416,0.6946808719635014
rf,1547,CCOc1cc(N2CCN(CCS(C)(=O)=O)CC2)c(CC)cc1Nc1nccc(-c2c(-c3ccc(OCC)c(C(=O)Nc4c(F)cccc4F)c3)nc3ccccn23)n1,6.0,6.002133973402154,0.11186704156142811,0.8431372549019608,0.0021339734021541545
rf,1548,CCOc1cc(N2CCN(CCS(C)(=O)=O)CC2)c(Cl)cc1Nc1nccc(-c2c(-c3ccc(OCC)c(C(=O)Nc4c(F)cccc4F)c3)nc3ccccn23)n1,6.0,5.999834883970391,0.14201758564995812,0.8130841121495327,0.00016511602960900262
rf,1549,CCOc1cc(N2CCN(CCS(C)(=O)=O)CC2)ccc1Nc1nccc(-c2c(-c3ccc(OC)c(C(=O)Nc4c(F)cccc4F)c3)nc3ccccn23)n1,6.0,5.997690276426446,0.051383193762582366,0.8613861386138614,0.002309723573554301
rf,1550,CCOc1cc(N2CCN(CCS(C)(=O)=O)CC2)ccc1Nc1nccc(-c2c(-c3ccc(OCC)c(C(=O)Nc4c(F)cccc4F)c3)nc3ccccn23)n1,6.0,5.997690276426446,0.051383193762582366,0.8217821782178217,0.002309723573554301
rf,1551,CCOc1cc(N2CCN(CCS(C)(=O)=O)CC2)ccc1Nc1nccc(-c2c(-c3cccc(C(=O)Nc4c(F)cccc4F)c3)nc3ccccn23)n1,7.0,6.994388030473641,0.08415485805479865,0.898989898989899,0.005611969526358784
rf,1552,CCOc1cc(N2CCN(S(C)(=O)=O)CC2)c(C)cc1Nc1nccc(-c2c(-c3ccc(OC)c(C(=O)Nc4c(F)cccc4F)c3)nc3ccccn23)n1,6.0,5.996172042098227,0.13411745477373274,0.8269230769230769,0.00382795790177326
rf,1727,CCOc1ccc(-c2nc3ccccn3c2-c2ccnc(Nc3cc(C)c(N4CCN(CCOC)CC4)cc3OC)n2)cc1C(=O)Nc1c(F)cccc1F,6.0,5.998395804405212,0.09274150673834247,0.8461538461538461,0.0016041955947878606
rf,1728,CCOc1ccc(-c2nc3ccccn3c2-c2ccnc(Nc3cc(C)c(N4CCN(CCS(C)(=O)=O)CC4)cc3OC)n2)cc1C(=O)Nc1c(F)cccc1F,6.0,5.999990503516378,0.00021213537514425812,0.96,9.496483621695972e-06
rf,1731,CCOc1ccc(-c2nc3ccccn3c2-c2ccnc(Nc3cc(CC)c(N4CCN(CCS(C)(=O)=O)CC4)cc3OC)n2)cc1C(=O)Nc1c(F)cccc1F,6.0,5.999990503516378,0.00021213537514425812,0.8666666666666667,9.496483621695972e-06
rf,1741,CCOc1ccc(-c2nc3ccccn3c2-c2ccnc(Nc3ccc(N4CCN(C(C)C)CC4)cc3OC)n2)cc1C(=O)Nc1c(F)cccc1F,6.0,6.006240381446066,0.13857802488246834,0.7864077669902912,0.006240381446065868
rf,1742,CCOc1ccc(-c2nc3ccccn3c2-c2ccnc(Nc3ccc(N4CCN(CCOC)CC4)cc3OC)n2)cc1C(=O)Nc1c(F)cccc1F,6.0,5.998395804405212,0.09274150673834247,0.7821782178217822,0.0016041955947878606
rf,1743,CCOc1ccc(-c2nc3ccccn3c2-c2ccnc(Nc3ccc(N4CCN(S(C)(=O)=O)CC4)cc3OC)n2)cc1C(=O)Nc1c(F)cccc1F,6.0,5.999839379515829,0.10067556617947529,0.8316831683168316,0.00016062048417087027
rf,1793,CCc1cc(Nc2nccc(-c3c(-c4ccc(OC)c(C(=O)Nc5c(F)cccc5F)c4)nc4ccccn34)n2)c(OC)cc1N1CCN(CCS(C)(=O)=O)CC1,6.0,6.0059905035163785,0.1340304404201575,0.8514851485148515,0.005990503516378531
rf,2311,COCCN1CCN(c2cc(OC)c(Nc3nccc(-c4c(-c5ccc(OC)c(C(=O)Nc6c(F)cccc6F)c5)nc5ccccn45)n3)cc2C)CC1,6.0,6.004395804405212,0.16304673385025464,0.7904761904761904,0.004395804405212367
rf,2312,COCCN1CCN(c2cc(OC)c(Nc3nccc(-c4c(-c5cccc(C(=O)Nc6c(F)cccc6F)c5)nc5ccccn45)n3)cc2C)CC1,7.0,6.339512948036194,0.5063106548126403,0.7722772277227723,0.6604870519638064
rf,2313,COCCN1CCN(c2ccc(Nc3nccc(-c4c(-c5ccc(OC)c(C(=O)Nc6c(F)cccc6F)c5)nc5ccccn45)n3)c(OC)c2)CC1,6.0,5.998395804405212,0.09274150673834247,0.8333333333333334,0.0016041955947878606
rf,2314,COCCN1CCN(c2ccc(Nc3nccc(-c4c(-c5cccc(C(=O)Nc6c(F)cccc6F)c5)nc5ccccn45)n3)c(OC)c2)CC1,6.0,6.997043141596716,0.04720339968511406,0.8315789473684211,0.9970431415967163
rf,2654,COc1cc(N2CCN(C(C)C)CC2)ccc1Nc1nccc(-c2c(-c3ccc(OC)c(C(=O)Nc4c(F)cccc4F)c3)nc3ccccn23)n1,6.0,6.006240381446066,0.13857802488246834,0.8444444444444444,0.006240381446065868
rf,2655,COc1cc(N2CCN(C(C)C)CC2)ccc1Nc1nccc(-c2c(-c3cccc(C(=O)Nc4c(F)cccc4F)c3)nc3ccccn23)n1,7.0,6.9732874921778185,0.3011963711796876,0.8426966292134831,0.026712507822181486
rf,2688,COc1cc(N2CCN(CCS(C)(=O)=O)CC2)c(C)cc1Nc1nccc(-c2c(-c3ccc(OC)c(C(=O)Nc4c(F)cccc4F)c3)nc3ccccn23)n1,6.0,6.0059905035163785,0.1340304404201575,0.900990099009901,0.005990503516378531
rf,2689,COc1cc(N2CCN(CCS(C)(=O)=O)CC2)c(C)cc1Nc1nccc(-c2c(-c3cccc(C(=O)Nc4c(F)cccc4F)c3)nc3ccccn23)n1,7.0,6.315823123931885,0.49848079551308855,0.8484848484848485,0.6841768760681148
rf,2690,COc1cc(N2CCN(CCS(C)(=O)=O)CC2)c(Cl)cc1Nc1nccc(-c2c(-c3ccc(OC)c(C(=O)Nc4c(F)cccc4F)c3)nc3ccccn23)n1,6.0,6.009243639197531,0.17869129236128314,0.8037383177570093,0.009243639197531017
rf,2691,COc1cc(N2CCN(CCS(C)(=O)=O)CC2)ccc1Nc1nccc(-c2c(-c3ccc(OC)c(C(=O)Nc4c(F)cccc4F)c3)nc3ccccn23)n1,6.0,5.999990503516378,0.00021213537514425812,0.9166666666666666,9.496483621695972e-06
rf,2692,COc1cc(N2CCN(CCS(C)(=O)=O)CC2)ccc1Nc1nccc(-c2c(-c3cccc(C(=O)Nc4c(F)cccc4F)c3)nc3ccccn23)n1,7.0,7.000014270208214,0.0013259313439656902,0.9157894736842105,1.4270208214206548e-05
rf,2693,COc1cc(N2CCN(CCS(C)(=O)=O)[C@@H](C(C)C)C2)ccc1Nc1nccc(-c2c(-c3ccc(OC)c(C(=O)Nc4c(F)cccc4F)c3)nc3ccccn23)n1,6.0,6.0042967788841155,0.13870260325789768,0.7777777777777778,0.004296778884115504
rf,2694,COc1cc(N2CCN(S(C)(=O)=O)CC2)c(C)cc1Nc1nccc(-c2c(-c3cccc(C(=O)Nc4c(F)cccc4F)c3)nc3ccccn23)n1,6.0,6.322781622886658,0.5006568194504479,0.8163265306122449,0.3227816228866578
rf,2695,COc1cc(N2CCN(S(C)(=O)=O)CC2)ccc1Nc1nccc(-c2c(-c3ccc(OC)c(C(=O)Nc4c(F)cccc4F)c3)nc3ccccn23)n1,6.0,5.999839379515829,0.10067556617947529,0.8351648351648352,0.00016062048417087027
rf,2696,COc1cc(N2CCN(S(C)(=O)=O)CC2)ccc1Nc1nccc(-c2c(-c3cccc(C(=O)Nc4c(F)cccc4F)c3)nc3ccccn23)n1,6.0,7.001017380140159,0.0476429665690977,0.8333333333333334,1.0010173801401594
rf,27,Brc1ccc2c(c1)CNc1c(Nc3ccccc3)ncnc1O2,5.0,5.651096356524139,0.9784107789620539,0.7169811320754716,0.651096356524139
rf,32,Brc1cccc(Nc2ncnc3c2NCc2cc(Br)ccc2O3)c1,5.571333885192871,6.004847113066924,0.9386999677494919,0.6428571428571429,0.43351322787405255
rf,33,Brc1cccc(Nc2ncnc3c2NCc2ccccc2O3)c1,5.280017852783203,5.925459198730642,0.8194425820044612,0.6101694915254238,0.6454413459474386
rf,139,C#Cc1cccc(Nc2ncnc3c2NCc2cc(OC)c(OC)cc2O3)c1,5.770303726196289,5.87060650825862,0.8903451708541767,0.6935483870967742,0.10030278206233056
rf,490,C=CC(=O)Nc1ccc2c(c1)CNc1c(Nc3ccc(F)c(Cl)c3)ncnc1O2,5.180206775665283,6.519543990707321,1.3529336526985762,0.5428571428571428,1.339337215042038
rf,491,C=CC(=O)Nc1ccc2c(c1)CNc1c(Nc3cccc(Br)c3)ncnc1O2,5.255865573883057,6.323574467719301,1.2680303706820704,0.5396825396825397,1.0677088938362447
rf,2755,COc1cc(OC)c2c(c1)Oc1ncnc(Nc3cccc(Br)c3)c1NC2,4.861769199371338,6.037305966554576,0.9461779437729184,0.5671641791044776,1.175536767183238
rf,2986,COc1cc2c(cc1OC)Oc1nc(C)nc(Nc3cccc(Br)c3)c1NC2,4.0,4.805546891346128,0.688926517604554,0.65625,0.8055468913461281
rf,2987,COc1cc2c(cc1OC)Oc1nc(C)nc(Nc3cccc(Cl)c3F)c1NC2,4.0,4.582046650930651,0.824921794302521,0.6818181818181818,0.5820466509306508
rf,2988,COc1cc2c(cc1OC)Oc1ncnc(Nc3cc(Cl)ccc3F)c1NC2,5.683771133422852,6.13186507922855,1.0931680853226626,0.6190476190476191,0.4480939458056987
rf,2989,COc1cc2c(cc1OC)Oc1ncnc(Nc3ccc(Br)cc3)c1NC2,4.530240535736084,5.907599450845412,0.8349981355238034,0.7413793103448276,1.377358915109328
rf,2990,COc1cc2c(cc1OC)Oc1ncnc(Nc3ccc(F)c(Cl)c3)c1NC2,6.03786039352417,5.858828920864601,0.8399516310451964,0.7049180327868853,0.17903147265956854
rf,2991,COc1cc2c(cc1OC)Oc1ncnc(Nc3ccc(F)cc3)c1NC2,5.1339640617370605,5.990440315861362,0.8180439027703494,0.7368421052631579,0.8564762541243018
rf,2992,COc1cc2c(cc1OC)Oc1ncnc(Nc3ccc(F)cc3Cl)c1NC2,4.734260559082031,6.0912544002222955,1.0710934552970022,0.6349206349206349,1.3569938411402642
rf,2996,COc1cc2c(cc1OC)Oc1ncnc(Nc3cccc(Br)c3)c1NC2,6.398211479187012,5.848888749290231,0.732292093609425,0.7288135593220338,0.5493227298967804
rf,2997,COc1cc2c(cc1OC)Oc1ncnc(Nc3cccc(C)c3)c1NC2,5.24365758895874,5.582809053116734,0.6805152194590328,0.7413793103448276,0.339151464157994
rf,2998,COc1cc2c(cc1OC)Oc1ncnc(Nc3cccc(Cl)c3F)c1NC2,5.930060386657715,5.90060089373862,1.6234470806148766,0.7049180327868853,0.029459492919095
rf,3718,COc1ccc2c(c1)CNc1c(Nc3ccc(Cl)cc3)ncnc1O2,5.236571788787842,5.473462668453513,0.8005466033450963,0.7,0.2368908796656708
rf,3719,COc1ccc2c(c1)CNc1c(Nc3ccc(F)c(Cl)c3)ncnc1O2,5.832773208618164,5.896702395312866,1.0368932097196795,0.671875,0.06392918669470227
rf,3721,COc1ccc2c(c1)CNc1c(Nc3cccc(Br)c3)ncnc1O2,5.754319190979004,5.8541129775331,1.0092153434728903,0.7796610169491526,0.09979378655409565
rf,3722,COc1ccc2c(c1)CNc1c(Nc3ccccc3)ncnc1O2,5.12493896484375,5.753946666397781,0.8751223849175125,0.8518518518518519,0.6290077015540314
rf,3725,COc1ccc2c(c1)Oc1ncnc(Nc3ccc(F)c(Cl)c3)c1NC2,5.525304794311523,5.892508166359859,0.97899330088246,0.5735294117647058,0.3672033720483352
rf,3726,COc1ccc2c(c1)Oc1ncnc(Nc3cccc(Br)c3)c1NC2,5.622062683105469,5.908176166085956,0.9874875516478938,0.6666666666666666,0.286113482980487
rf,3801,COc1cccc2c1CNc1c(Nc3cccc(Br)c3)ncnc1O2,5.0,6.184774746085751,1.102369717338325,0.5692307692307692,1.1847747460857514
rf,3937,CS(=O)(=O)Nc1ccc2c(c1)CNc1c(Nc3ccc(F)c(Cl)c3)ncnc1O2,5.0,5.8193107910493165,0.9902339793340328,0.5142857142857142,0.8193107910493165
rf,3938,CS(=O)(=O)Nc1ccc2c(c1)CNc1c(Nc3cccc(Br)c3)ncnc1O2,5.271059036254883,5.900416471170016,1.0144933282303596,0.5652173913043478,0.629357434915133
rf,4647,Clc1ccc2c(c1)CNc1c(Nc3cccc(Br)c3)ncnc1O2,4.995699882507324,6.179473156863463,0.9443347849011453,0.5967741935483871,1.183773274356139
rf,4733,FC(F)(F)Oc1ccc2c(c1)CNc1c(Nc3cccc(Br)c3)ncnc1O2,5.0,6.00735742467047,1.1264482471245585,0.6212121212121212,1.0073574246704702
rf,4757,Fc1ccc(Nc2ncnc3c2NCc2cc(Br)ccc2O3)cc1Cl,5.387345314025879,6.032796368708929,0.9886882427706498,0.5555555555555556,0.6454510546830505
rf,4758,Fc1ccc(Nc2ncnc3c2NCc2cc(Cl)ccc2O3)cc1Cl,5.683265686035156,6.155593609111001,1.0908168500723745,0.5806451612903226,0.47232792307584504
rf,4759,Fc1ccc(Nc2ncnc3c2NCc2ccccc2O3)cc1Cl,5.763621807098389,6.000875563188215,0.9551261382834574,0.5806451612903226,0.23725375608982624
rf,4792,Fc1ccc2c(c1)CNc1c(Nc3ccc(Cl)cc3)ncnc1O2,5.0,5.591182969163713,0.8966374293537382,0.6842105263157895,0.5911829691637127
rf,4793,Fc1ccc2c(c1)CNc1c(Nc3ccc(F)c(Cl)c3)ncnc1O2,5.571333885192871,5.9461599073469165,0.9641085976350833,0.6779661016949152,0.37482602215404537
rf,4795,Fc1ccc2c(c1)CNc1c(Nc3cccc(Br)c3)ncnc1O2,5.49252986907959,6.000798987734872,0.9184635077826785,0.7678571428571429,0.5082691186552823
rf,4796,Fc1ccc2c(c1)CNc1c(Nc3ccccc3)ncnc1O2,5.15490198135376,5.604991481798534,0.993568723635723,0.8431372549019608,0.4500895004447738
rf,5165,Nc1ccc2c(c1)CNc1c(Nc3ccc(F)c(Cl)c3)ncnc1O2,5.2363786697387695,6.131319267511358,1.0629583007367231,0.5625,0.8949405977725888
rf,5166,Nc1ccc2c(c1)CNc1c(Nc3cccc(Br)c3)ncnc1O2,5.146214962005615,6.493240643912566,1.3201180184575136,0.6065573770491803,1.3470256819069508
rf,5756,O=C(O)c1ccc2c(c1)CNc1c(Nc3ccc(F)c(Cl)c3)ncnc1O2,4.939713001251221,5.799163068320092,1.0342196956992897,0.5441176470588235,0.8594500670688712
rf,5757,O=C(O)c1ccc2c(c1)CNc1c(Nc3cccc(Br)c3)ncnc1O2,5.261439323425293,5.895958384649569,1.0094374546864229,0.5846153846153846,0.6345190612242764
rf,1167,CCCCCCCCCCCCCCCCCCCCNC(=O)COc1cc(O)c2c(=O)cc(-c3ccccc3)oc2c1,5.86966609954834,5.541006898385797,1.3378512349428093,0.3108108108108108,0.32865920116254266
rf,1168,CCCCCCCCCCCCCCCCCCCCOC(=O)COc1cc(O)c2c(=O)cc(-c3ccccc3)oc2c1,5.7988762855529785,5.483711931177009,1.315892584718908,0.3125,0.3151643543759697
rf,1169,CCCCCCCCCCCCCCCCCCNC(=O)COc1cc(O)c2c(=O)cc(-c3ccccc3)oc2c1,6.333481788635254,5.541006898385797,1.3378512349428093,0.3108108108108108,0.7924748902494567
rf,1170,CCCCCCCCCCCCCCCCCCOC(=O)COc1cc(O)c2c(=O)cc(-c3ccccc3)oc2c1,6.159893989562988,5.483711931177009,1.315892584718908,0.3125,0.6761820583859794
rf,1171,CCCCCCCCCCCCCCCCNC(=O)COc1cc(O)c2c(=O)cc(-c3ccccc3)oc2c1,7.455932140350342,5.541006898385797,1.3378512349428093,0.3108108108108108,1.9149252419645446
rf,1172,CCCCCCCCCCCCCCCCOC(=O)COc1cc(O)c2c(=O)cc(-c3ccccc3)oc2c1,7.318758964538574,5.483711931177009,1.315892584718908,0.3125,1.8350470333615654
rf,1175,CCCCCCCCCCCCCCNC(=O)COc1cc(O)c2c(=O)cc(-c3ccccc3)oc2c1,6.500312805175781,5.541006898385797,1.3378512349428093,0.3108108108108108,0.9593059067899841
rf,1177,CCCCCCCCCCCCCCOC(=O)COc1cc(O)c2c(=O)cc(-c3ccccc3)oc2c1,5.995678424835205,5.483711931177009,1.315892584718908,0.3125,0.5119664936581962
rf,1179,CCCCCCCCCCCCNC(=O)COc1cc(O)c2c(=O)cc(-c3ccccc3)oc2c1,5.896196365356445,5.541006898385797,1.3378512349428093,0.3108108108108108,0.3551894669706481
rf,1181,CCCCCCCCCCCCOC(=O)COc1cc(O)c2c(=O)cc(-c3ccccc3)oc2c1,5.764471530914307,5.483711931177009,1.315892584718908,0.3125,0.2807595997372978
rf,1182,CCCCCCCCCCNC(=O)COc1cc(O)c2c(=O)cc(-c3ccccc3)oc2c1,5.669586181640625,5.541006898385797,1.3378512349428093,0.3108108108108108,0.12857928325482781
rf,1183,CCCCCCCCCCOC(=O)COc1cc(O)c2c(=O)cc(-c3ccccc3)oc2c1,5.507239818572998,5.483711931177009,1.315892584718908,0.3125,0.02352788739598921
rf,1184,CCCCCCCCCNC(=O)COc1cc(O)c2c(=O)cc(-c3ccccc3)oc2c1,5.446116924285889,5.541006898385797,1.3378512349428093,0.3108108108108108,0.09488997409990851
rf,1185,CCCCCCCCCOC(=O)COc1cc(O)c2c(=O)cc(-c3ccccc3)oc2c1,5.304518222808838,5.483711931177009,1.315892584718908,0.3125,0.17919370836817095
rf,1186,CCCCCCCCNC(=O)COc1cc(O)c2c(=O)cc(-c3ccccc3)oc2c1,5.27327299118042,5.541006898385797,1.3378512349428093,0.3108108108108108,0.26773390720537726
rf,1188,CCCCCCCCOC(=O)COc1cc(O)c2c(=O)cc(-c3ccccc3)oc2c1,5.233587265014648,5.483711931177009,1.315892584718908,0.3125,0.2501246661623604
rf,1190,CCCCCCCNC(=O)COc1cc(O)c2c(=O)cc(-c3ccccc3)oc2c1,5.202040195465088,5.541006898385797,1.3378512349428093,0.3108108108108108,0.3389667029207093
rf,1191,CCCCCCCOC(=O)COc1cc(O)c2c(=O)cc(-c3ccccc3)oc2c1,5.140861511230469,5.483711931177009,1.315892584718908,0.3125,0.3428504199465401
rf,1192,CCCCCCNC(=O)COc1cc(O)c2c(=O)cc(-c3ccccc3)oc2c1,5.059981822967529,5.541006898385797,1.3378512349428093,0.3108108108108108,0.4810250754182679
rf,1194,CCCCCCOC(=O)COc1cc(O)c2c(=O)cc(-c3ccccc3)oc2c1,5.040005207061768,5.483711931177009,1.315892584718908,0.3125,0.44370672411524126
rf,2561,COc1cc(N)c2oc(-c3ccc(N)cc3)cc(=O)c2c1,4.0,4.915442563272139,0.6173308300164438,0.28125,0.9154425632721388
rf,2562,COc1cc(N)c2oc(-c3cccc(N)c3)cc(=O)c2c1,4.0,4.990840992815504,0.8030487735196751,0.30158730158730157,0.990840992815504
rf,3636,COc1ccc(N)c2oc(-c3ccc(N)cc3)cc(=O)c12,4.0,4.851835659885699,0.5838553019363599,0.25396825396825395,0.8518356598856993
rf,5142,Nc1ccc(-c2cc(=O)c3c(N)c(O)c(N)cc3o2)cc1,4.0,5.0787270667952695,0.8163616884921712,0.23404255319148937,1.0787270667952695
rf,5143,Nc1ccc(-c2cc(=O)c3c(O)c(N)ccc3o2)cc1,4.0,5.05763833957669,0.7409706956808484,0.24444444444444444,1.0576383395766902
rf,5144,Nc1ccc(-c2cc(=O)c3c(O)ccc(N)c3o2)cc1,4.0,4.933446279431361,0.6512584457727529,0.2753623188405797,0.9334462794313607
rf,5145,Nc1ccc(-c2cc(=O)c3cc(N)c(O)c(N)c3o2)cc1,4.0,5.042271716348268,0.7145244832578014,0.28888888888888886,1.0422717163482682
rf,5146,Nc1ccc(-c2cc(=O)c3cc(N)c(O)cc3o2)cc1,4.850780963897705,4.916104532231953,0.6038022937109111,0.2391304347826087,0.06532356833424835
rf,5147,Nc1ccc(-c2cc(=O)c3cc(N)cc(N)c3o2)cc1,4.0,4.849348344780784,0.5633029427578433,0.20634920634920634,0.8493483447807844
rf,5148,Nc1ccc(-c2cc(=O)c3cc(N)ccc3o2)cc1,5.06048059463501,4.960504417894535,0.8036340978417804,0.27586206896551724,0.09997617674047454
rf,5149,Nc1ccc(-c2cc(=O)c3cc(O)cc(N)c3o2)cc1,4.0,4.914400940182035,0.624221414674808,0.2391304347826087,0.914400940182035
rf,5150,Nc1ccc(-c2cc(=O)c3ccc(O)c(N)c3o2)cc1,4.0,4.951919492893853,0.6521400649973601,0.29545454545454547,0.951919492893853
rf,5151,Nc1ccc(-c2cc(=O)c3cccc(N)c3o2)cc1,4.0,4.899011645383413,0.5828419154621286,0.21052631578947367,0.8990116453834132
rf,5179,Nc1cccc(-c2cc(=O)c3c(N)c(O)c(N)cc3o2)c1,5.107905387878418,5.159720529541511,0.9375926718451173,0.2535211267605634,0.0518151416630932
rf,5180,Nc1cccc(-c2cc(=O)c3cc(N)c(O)cc3o2)c1,4.0,5.012943406045076,0.7790332446603397,0.25757575757575757,1.0129434060450757
rf,5181,Nc1cccc(-c2cc(=O)c3cc(N)ccc3o2)c1,4.0,4.911617792018467,0.7328864606500052,0.25757575757575757,0.9116177920184674
rf,5977,O=c1c(O)c(-c2ccc(O)c(O)c2)oc2cc(O)cc(O)c12,4.883502006530762,5.312138076385001,0.5355168465842645,0.38461538461538464,0.42863606985423885
rf,3565,COc1ccc(C2=NN(C3=NC(=O)CS3)C(c3ccc(Br)cc3)C2)cc1,5.899629592895508,4.9845813280655715,0.86731962536001,0.7413793103448276,0.9150482648299363
rf,3566,COc1ccc(C2=NN(C3=NC(=O)CS3)C(c3ccc(C)cc3)C2)cc1,5.262807369232178,4.9753920659082596,0.8760512118308315,0.7543859649122807,0.2874153033239182
rf,3567,COc1ccc(C2=NN(C3=NC(=O)CS3)C(c3ccc(Cl)cc3)C2)cc1,5.271646022796631,5.04388820461052,0.9111648080922664,0.7413793103448276,0.2277578181861113
rf,3568,COc1ccc(C2=NN(C3=NC(=O)CS3)C(c3ccc(F)cc3)C2)cc1,5.225482940673828,4.96985342192514,0.8572499052009692,0.7413793103448276,0.25562951874868833
rf,3569,COc1ccc(C2=NN(C3=NC(=O)CS3)C(c3ccc(OC)cc3)C2)cc1,5.051098346710205,4.966108878861264,0.8588524233448109,0.8113207547169812,0.08498946784894112
rf,3572,COc1ccc(C2=NN(C3=NC(=O)CS3)C(c3ccccc3)C2)cc1,5.625251770019531,4.943239173118616,0.8557268495340914,0.8,0.6820125969009156
rf,3590,COc1ccc(C2CC(c3ccc(Br)cc3)=NN2C2=NC(=O)CS2)cc1,5.099086761474609,4.9845813280655715,0.86731962536001,0.7413793103448276,0.11450543340903785
rf,3597,COc1ccc(C2CC(c3ccc(C)cc3)=NN2C2=NC(=O)CS2)cc1,5.372633934020996,4.9753920659082596,0.8760512118308315,0.7543859649122807,0.39724186811273654
rf,3600,COc1ccc(C2CC(c3ccc(Cl)cc3)=NN2C2=NC(=O)CS2)cc1,5.066512584686279,5.04388820461052,0.9111648080922664,0.7413793103448276,0.02262438007575973
rf,3601,COc1ccc(C2CC(c3ccc(F)cc3)=NN2C2=NC(=O)CS2)cc1,4.971022129058838,4.96985342192514,0.8572499052009692,0.7413793103448276,0.0011687071336980992
rf,3602,COc1ccc(C2CC(c3ccccc3)=NN2C2=NC(=O)CS2)cc1,5.369572162628174,4.929294200874453,0.84899034896195,0.8,0.44027796175372114
rf,4285,Cc1ccc(C2=NN(C3=NC(=O)CS3)C(c3ccc(Br)cc3)C2)cc1,6.619788646697998,4.920914722119356,0.8749850336314624,0.5862068965517241,1.698873924578642
rf,4286,Cc1ccc(C2=NN(C3=NC(=O)CS3)C(c3ccc(C)cc3)C2)cc1,5.935542106628418,4.908731607194817,0.8717397064412383,0.6415094339622641,1.0268104994336014
rf,4287,Cc1ccc(C2=NN(C3=NC(=O)CS3)C(c3ccc(Cl)cc3)C2)cc1,5.7798919677734375,4.982908397977708,0.922149229878218,0.5862068965517241,0.7969835697957297
rf,4288,Cc1ccc(C2=NN(C3=NC(=O)CS3)C(c3ccc(F)cc3)C2)cc1,5.696804046630859,4.907704260492036,0.8587005532630393,0.5862068965517241,0.7890997861388236
rf,4292,Cc1ccc(C2=NN(C3=NC(=O)CS3)C(c3ccccc3)C2)cc1,5.966576099395752,4.896293743703986,0.843504416533871,0.6666666666666666,1.0702823556917656
rf,4309,Cc1ccc(C2CC(c3ccc(Br)cc3)=NN2C2=NC(=O)CS2)cc1,5.253365993499756,4.920914722119356,0.8749850336314624,0.5862068965517241,0.33245127138039976
rf,4316,Cc1ccc(C2CC(c3ccc(Cl)cc3)=NN2C2=NC(=O)CS2)cc1,5.17587423324585,4.982908397977708,0.922149229878218,0.5862068965517241,0.19296583526814182
rf,4317,Cc1ccc(C2CC(c3ccc(F)cc3)=NN2C2=NC(=O)CS2)cc1,5.077793598175049,4.907704260492036,0.8587005532630393,0.5862068965517241,0.17008933768301304
rf,4318,Cc1ccc(C2CC(c3ccccc3)=NN2C2=NC(=O)CS2)cc1,5.518557548522949,4.872576084749538,0.8367757892647228,0.7307692307692307,0.6459814637734116
rf,5844,O=C1CSC(N2N=C(c3ccc(Br)cc3)CC2c2ccc(Br)cc2)=N1,5.692503929138184,4.900535460467128,0.8498148839731725,0.6415094339622641,0.7919684686710555
rf,5845,O=C1CSC(N2N=C(c3ccc(Br)cc3)CC2c2ccc(Cl)cc2)=N1,5.38510274887085,4.98406974290219,0.9106297210960168,0.5862068965517241,0.4010330059686593
rf,5846,O=C1CSC(N2N=C(c3ccc(Br)cc3)CC2c2ccc(F)cc2)=N1,5.188425064086914,4.9048292418738715,0.8461776263177108,0.5862068965517241,0.2835958222130426
rf,5847,O=C1CSC(N2N=C(c3ccc(Br)cc3)CC2c2ccccc2)=N1,5.494850158691406,4.870113383949933,0.8107123982904072,0.6666666666666666,0.6247367747414732
rf,5848,O=C1CSC(N2N=C(c3ccc(Cl)cc3)CC2c2ccc(Br)cc2)=N1,5.642065048217773,4.98406974290219,0.9106297210960168,0.5862068965517241,0.6579953053155831
rf,5849,O=C1CSC(N2N=C(c3ccc(Cl)cc3)CC2c2ccc(Cl)cc2)=N1,5.0883097648620605,4.973378582480639,0.9053934841071474,0.6415094339622641,0.11493118238142142
rf,5850,O=C1CSC(N2N=C(c3ccc(Cl)cc3)CC2c2ccc(F)cc2)=N1,4.847405910491943,4.970372047704259,0.8969976466749439,0.5862068965517241,0.12296613721231608
rf,5851,O=C1CSC(N2N=C(c3ccc(Cl)cc3)CC2c2ccccc2)=N1,5.272458553314209,4.959776325467287,0.8755687760353289,0.6666666666666666,0.31268222784692234
rf,5852,O=C1CSC(N2N=C(c3ccc(F)cc3)CC2c2ccc(Br)cc2)=N1,5.319664478302002,4.9048292418738715,0.8461776263177108,0.5862068965517241,0.41483523642813047
rf,5853,O=C1CSC(N2N=C(c3ccc(F)cc3)CC2c2ccc(Cl)cc2)=N1,4.961777210235596,4.970372047704259,0.8969976466749439,0.5862068965517241,0.00859483746866374
rf,5854,O=C1CSC(N2N=C(c3ccc(F)cc3)CC2c2ccc(F)cc2)=N1,4.771599769592285,4.890529212394361,0.8317689149884987,0.6415094339622641,0.11892944280207551
rf,5855,O=C1CSC(N2N=C(c3ccc(F)cc3)CC2c2ccccc2)=N1,5.0893754959106445,4.853247728556809,0.7850651685483737,0.6666666666666666,0.23612776735383534
rf,5856,O=C1CSC(N2N=C(c3ccccc3)CC2c2ccc(Br)cc2)=N1,5.86966609954834,4.8473877060097115,0.8056050011390269,0.7307692307692307,1.0222783935386284
rf,5857,O=C1CSC(N2N=C(c3ccccc3)CC2c2ccc(Cl)cc2)=N1,5.457174777984619,4.937868741915097,0.8799544149128427,0.7307692307692307,0.5193060360695219
rf,5858,O=C1CSC(N2N=C(c3ccccc3)CC2c2ccc(F)cc2)=N1,5.313363552093506,4.833417568919504,0.7863826147665649,0.7307692307692307,0.4799459831740016
rf,5860,O=C1CSC(N2N=C(c3ccccc3)CC2c2ccccc2)=N1,5.471083164215088,4.830043635832454,0.774793904123367,0.7708333333333334,0.6410395283826338
gin,74,Brc1cccc(Nc2ncnc3ccccc23)c1,7.568636417388916,7.827964498063366,0.10951371935936899,0.7272727272727273,0.25932808067445023
gin,99,C#CC(=O)Nc1ccc2ncnc(Nc3cccc(Br)c3)c2c1,8.682257652282715,7.718418244525225,0.15367041167715337,0.6507936507936508,0.9638394077574901
gin,100,C#CCCCCCOc1cc2c(Nc3ccc(F)c(Cl)c3)ncnc2cc1OC,7.485452175140381,8.42851097747021,0.12710898474550317,0.6865671641791045,0.9430588023298299
gin,101,C#CCCCCOc1cc2c(Nc3ccc(F)c(Cl)c3)ncnc2cc1OC,7.059981822967529,8.485576735520198,0.12012458365744326,0.696969696969697,1.4255949125526683
gin,102,C#CCCCOc1cc2c(Nc3ccc(F)c(Cl)c3)ncnc2cc1OC,8.596879005432129,8.519482062609853,0.12415573724550732,0.7076923076923077,0.0773969428222756
gin,103,C#CCCCOc1cc2c(Nc3cccc(Cl)c3)ncnc2cc1OC,7.752026557922363,8.240603207993445,0.11810509647434063,0.5846153846153846,0.48857665007108153
gin,107,C#CCOc1cc2c(Nc3ccc(F)c(Cl)c3)ncnc2cc1OC,7.829738140106201,8.319019297833563,0.07251443269972264,0.671875,0.4892811577273619
gin,108,C#CCOc1cc2c(Nc3cccc(Cl)c3)ncnc2cc1OC,7.586700439453125,8.00371172551641,0.07980965444701439,0.6129032258064516,0.4170112860632855
gin,109,C#CCOc1cc2ncnc(Nc3ccc(F)c(Cl)c3)c2cc1NC(=O)C=C,8.154901504516602,9.110008262939559,0.14930815577320347,0.6753246753246753,0.9551067584229571
gin,110,C#Cc1cc(Nc2ncnc3cc(OC)c(OC)cc23)ccc1F,8.397939682006836,7.082149940443319,0.2000395597067718,0.5666666666666667,1.315789741563517
gin,111,C#Cc1cc(Nc2ncnc3cc(OC)c(OCCCCCCC(=O)NO)cc23)ccc1F,7.540607452392578,7.992320936436954,0.08178160422202956,0.6712328767123288,0.45171348404437595
gin,112,C#Cc1cc(Nc2ncnc3cc(OC)c(OCCCCCCC(=O)NO)cc23)ccc1O,7.0,7.959426198084728,0.13721020615968366,0.6805555555555556,0.9594261980847278
gin,113,C#Cc1cc(Nc2ncnc3cc(OC)c(OCCCCCCCC(=O)NO)cc23)ccc1F,7.0,7.90355362649548,0.07027749320496382,0.6712328767123288,0.90355362649548
gin,114,C#Cc1cc(Nc2ncnc3cc(OCCOC)c(OCCCCCCCC(=O)NO)cc23)ccc1F,7.0,7.804415554221393,0.11800424425648247,0.6419753086419753,0.8044155542213929
gin,115,C#Cc1cc2c(Nc3ccc(F)c(Cl)c3)ncnc2cc1OC,6.0,7.975365108383087,0.1635577954264185,0.6557377049180327,1.9753651083830874
gin,117,C#Cc1ccc2ncnc(Nc3ccc(F)c(Cl)c3)c2c1,6.896538257598877,8.504173222716432,0.12683352360825256,0.6727272727272727,1.6076349651175548
gin,130,C#Cc1cccc(Nc2nc(Cl)nc3cc(OC)c(OC)cc23)c1,5.096909999847412,4.4513699524357975,0.19381581456506117,0.5357142857142857,0.6455400474116146
gin,140,C#Cc1cccc(Nc2ncnc3cc(O)c(OCCCCCCC(=O)NO)cc23)c1,7.0,8.409752822724485,0.08389674858937655,0.5492957746478874,1.409752822724485
gin,146,C#Cc1cccc(Nc2ncnc3cc(OC)c(NC(=O)CCCC(=O)NO)cc23)c1,7.0,8.497080336571003,0.16463589265906084,0.6363636363636364,1.4970803365710026
gin,147,C#Cc1cccc(Nc2ncnc3cc(OC)c(NC(=O)CCCCC(=O)NO)cc23)c1,7.0,8.435370578230007,0.1940750484054357,0.6363636363636364,1.4353705782300068
gin,148,C#Cc1cccc(Nc2ncnc3cc(OC)c(NC(=O)CCCCCCC(=O)NO)cc23)c1,7.0,8.293884879445443,0.2742761696952267,0.6282051282051282,1.293884879445443
gin,149,C#Cc1cccc(Nc2ncnc3cc(OC)c(OC)cc23)c1,8.270303726196289,7.11958018361657,0.04366333813718527,0.7872340425531915,1.150723542579719
gin,150,C#Cc1cccc(Nc2ncnc3cc(OC)c(OCC(=O)NO)cc23)c1,7.0,8.384843695172847,0.08479506269642559,0.6166666666666667,1.3848436951728473
gin,151,C#Cc1cccc(Nc2ncnc3cc(OC)c(OCCC(=O)NO)cc23)c1,7.0,8.453174050564655,0.08030394935395696,0.6103896103896104,1.4531740505646553
gin,152,C#Cc1cccc(Nc2ncnc3cc(OC)c(OCCCC(=O)NO)cc23)c1,7.0,8.391615133821176,0.07159478055417577,0.6233766233766234,1.3916151338211762
gin,153,C#Cc1cccc(Nc2ncnc3cc(OC)c(OCCCCC(=O)NO)cc23)c1,7.411954402923584,8.332091329495867,0.06392343935568412,0.6527777777777778,0.9201369265722832
gin,154,C#Cc1cccc(Nc2ncnc3cc(OC)c(OCCCCCC(=O)NO)cc23)c1,7.668621063232422,8.256431749099363,0.05390830850097934,0.6666666666666666,0.5878106858669412
gin,155,C#Cc1cccc(Nc2ncnc3cc(OC)c(OCCCCCCC(=O)NO)cc23)c1,8.619789123535156,8.164443024474082,0.050688212837851555,0.6666666666666666,0.4553460990610745
gin,170,C#Cc1cccc(Nc2ncnc3cc(OCCCCCCC(=O)NO)c(OC)cc23)c1,7.543093204498291,8.176295609802395,0.05214557138513178,0.6666666666666666,0.6332024053041039
gin,171,C#Cc1cccc(Nc2ncnc3cc(OCCCCCCC(=O)NO)c(OCCOC)cc23)c1,7.0,8.022309045478181,0.007017470126651976,0.6538461538461539,1.0223090454781811
gin,176,C#Cc1cccc(Nc2ncnc3cc(OCCO)c(OCCOC)cc23)c1,9.0,8.403610122056236,0.09805535134484444,0.6857142857142857,0.5963898779437642
gin,189,C#Cc1cccc(Nc2ncnc3cc(OCCOC)c(NC(=O)/C=C/CN(C)C)cc23)c1,8.920818328857422,8.314722061111965,0.0440287590730561,0.7307692307692307,0.6060962677454569
gin,190,C#Cc1cccc(Nc2ncnc3cc(OCCOC)c(NC(=O)C=C)cc23)c1,8.74472713470459,8.890853298448036,0.2314460836345846,0.6623376623376623,0.1461261637434461
gin,191,C#Cc1cccc(Nc2ncnc3cc(OCCOC)c(OCCCCCCC(=O)NO)cc23)c1,7.0,8.022080923238875,0.0069711541281023,0.6538461538461539,1.0220809232388746
gin,192,C#Cc1cccc(Nc2ncnc3cc(OCCOC)c(OCCOC)cc23)c1,7.522878646850586,8.058736153165555,0.03806291426648888,0.7121212121212122,0.5358575063149686
gin,193,C#Cc1cccc(Nc2ncnc3cc(OCCOC)c(OCCOC)cc23)c1.Cl,7.100329875946045,7.782145988073189,0.13439713620085408,0.7014925373134329,0.6818161121271444
gin,225,C#Cc1cccc(Nc2ncnc3ccc(NC(C)=O)cc23)c1,7.408935546875,7.43061913858773,0.18614823168427266,0.5737704918032787,0.02168359171272982
gin,226,C#Cc1cccc(Nc2ncnc3ccc(NC(N)=O)cc23)c1,6.712198257446289,8.30198924261154,0.2670221997249109,0.5483870967741935,1.5897909851652514
gin,227,C#Cc1cccc(Nc2ncnc3ccc(OCC(=O)NO)cc23)c1,7.0,8.01916618834332,0.04741352279119333,0.589041095890411,1.0191661883433198
gin,228,C#Cc1cccc(Nc2ncnc3ccc(OCCCC(=O)NO)cc23)c1,7.0,8.086980617726397,0.12230472198191976,0.5657894736842105,1.0869806177263968
gin,229,C#Cc1cccc(Nc2ncnc3ccc(OCCCCC(=O)NO)cc23)c1,7.0,8.049694262558432,0.13133956253127252,0.5970149253731343,1.0496942625584325
gin,230,C#Cc1cccc(Nc2ncnc3ccc(OCCCCCC(=O)NO)cc23)c1,7.0,8.006785796217954,0.135416551572681,0.6119402985074627,1.0067857962179545
gin,231,C#Cc1cccc(Nc2ncnc3ccc(OCCCCCCC(=O)NO)cc23)c1,7.0,7.95123406143108,0.1437602262604852,0.6119402985074627,0.9512340614310801
gin,232,C#Cc1cccc(Nc2ncnc3ccc(OCCCCNCCS(C)(=O)=O)cc23)c1,7.653488636016846,7.88695677590556,0.06811244331819054,0.6956521739130435,0.23346813988871418
gin,257,C/C=C/C(=O)Cc1ccc2ncnc(Nc3cccc(Br)c3)c2c1,9.260032653808594,7.8380052076550015,0.5566343826237661,0.5846153846153846,1.4220274461535922
gin,261,C/C=C/C(=O)Nc1ccc2c(Nc3cccc(Br)c3)ncnc2c1,9.169988632202148,6.828416691032071,0.10778216518452105,0.7049180327868853,2.341571941170077
gin,263,C/C=C/C(=O)Nc1ccc2ncnc(Nc3cccc(Br)c3)c2c1,6.6270880699157715,6.86581267978292,0.12894028911720415,0.7543859649122807,0.23872460986714827
gin,264,C/C=C\C(=O)Nc1ccc2ncnc(Nc3cccc(Br)c3)c2c1,6.570247650146484,6.6948219592448694,0.1221206034382034,0.7543859649122807,0.12457430909838507
gin,267,C=C(C)C(=O)Cc1ccc2ncnc(Nc3cccc(Br)c3)c2c1,8.920095443725586,7.099225173195698,0.32990265274659125,0.5862068965517241,1.8208702705298876
gin,269,C=C(C)C(=O)Nc1ccc2ncnc(Nc3cccc(Br)c3)c2c1,6.4698004722595215,6.775415744842437,0.39617240533096554,0.65625,0.30561527258291576
gin,283,C=C=CC(=O)Cc1ccc2ncnc(Nc3cccc(Br)c3)c2c1,8.799970626831055,8.903962638006377,0.6235148576992767,0.5666666666666667,0.10399201117532186
gin,284,C=C=CCCCCCOc1cc2c(Nc3ccc(F)c(Cl)c3)ncnc2cc1O,8.351639747619629,8.838560452794113,0.10824752849161559,0.5131578947368421,0.4869207051744837
gin,285,C=C=CCCCCOc1cc2c(Nc3ccc(F)c(Cl)c3)ncnc2cc1O,7.183758735656738,8.91030287065989,0.1121118223016341,0.52,1.7265441350031523
gin,286,C=C=CCCCOc1cc2c(Nc3ccc(F)c(Cl)c3)ncnc2cc1O,8.500312805175781,8.977595267086969,0.13635597946740421,0.527027027027027,0.4772824619111873
gin,287,C=C=CCCCOc1cc2c(Nc3cccc(Cl)c3)ncnc2cc1O,7.545155048370361,8.70982389471449,0.13918800144137522,0.4782608695652174,1.164668846344128
gin,288,C=C=CCOc1cc2c(Nc3ccc(F)c(Cl)c3)ncnc2cc1O,7.623423099517822,8.886197195297896,0.15943310474293534,0.5373134328358209,1.262774095780074
gin,289,C=C=CCOc1cc2c(Nc3cccc(Cl)c3)ncnc2cc1O,7.77211332321167,8.607118865576638,0.15690790942333244,0.5,0.8350055423649678
gin,449,C=CC(=O)Nc1cc2c(Nc3ccc(Cl)c(C(F)(F)F)c3)ncnc2cc1OCCOC,6.0,7.90488727274338,0.12603961217740042,0.6835443037974683,1.9048872727433803
gin,451,C=CC(=O)Nc1cc2c(Nc3ccc(F)c(C#N)c3)ncnc2cc1OCCOC,6.708187103271484,7.950778455406045,0.3761965795720575,0.6708860759493671,1.2425913521345606
gin,454,C=CC(=O)Nc1cc2c(Nc3ccc(F)c(Cl)c3)ncnc2cc1OCC,9.74472713470459,9.155004305927008,0.048929766143622426,0.7222222222222222,0.5897228287775818
gin,460,C=CC(=O)Nc1cc2c(Nc3ccc(NC(=O)C=C)c(C(F)(F)F)c3)ncnc2cc1OCCOC,6.938924789428711,7.69268301356135,0.38090374975870767,0.6578947368421053,0.753758224132639
gin,489,C=CC(=O)Nc1ccc2c(Nc3cccc(Br)c3)ncnc2c1,9.34838581085205,9.077407879445644,0.260352875879704,0.6721311475409836,0.27097793140640647
gin,502,C=CC(=O)Nc1ccc2ncnc(Nc3c(F)cccc3Br)c2c1,5.6575775146484375,7.815317648725163,0.35270857140067574,0.5901639344262295,2.1577401340767253
gin,503,C=CC(=O)Nc1ccc2ncnc(Nc3cc(Cl)c(Cl)cc3F)c2c1,9.065383911132812,7.861023069155479,0.263289126420694,0.6060606060606061,1.2043608419773335
gin,504,C=CC(=O)Nc1ccc2ncnc(Nc3cc(F)c(Cl)c(Cl)c3)c2c1,10.431797981262207,8.611942687705834,0.24825274882095597,0.6,1.8198552935563725
gin,505,C=CC(=O)Nc1ccc2ncnc(Nc3ccc(Br)c(C)c3)c2c1,5.638272285461426,8.204421433033133,0.28511770153265104,0.6206896551724138,2.566149147571707
gin,506,C=CC(=O)Nc1ccc2ncnc(Nc3ccc(Br)c(OC)c3)c2c1,5.602059841156006,8.01739028807782,0.13891760776197878,0.6166666666666667,2.415330446921814
gin,507,C=CC(=O)Nc1ccc2ncnc(Nc3ccc(Br)cc3C)c2c1,5.6575775146484375,7.804991550384159,0.38521032522251514,0.5833333333333334,2.1474140357357214
gin,508,C=CC(=O)Nc1ccc2ncnc(Nc3ccc(Br)cc3F)c2c1,6.560739040374756,7.570195528067842,0.31076516368485846,0.5833333333333334,1.009456487693086
gin,509,C=CC(=O)Nc1ccc2ncnc(Nc3ccc(C(C)(C)C)cc3)c2c1,6.161780834197998,6.896376117039556,0.5156273079617902,0.6727272727272727,0.7345952828415578
gin,510,C=CC(=O)Nc1ccc2ncnc(Nc3ccc(CC)cc3)c2c1,5.494850158691406,7.319889122718838,0.5566590142979082,0.6727272727272727,1.8250389640274314
gin,511,C=CC(=O)Nc1ccc2ncnc(Nc3ccc(F)c(Cl)c3)c2c1,8.816788673400879,8.712567413015734,0.2506507903249587,0.7017543859649122,0.10422126038514534
gin,513,C=CC(=O)Nc1ccc2ncnc(Nc3ccc(OC)cc3OC)c2c1,5.150942802429199,7.67604968784093,0.1144462419368511,0.6333333333333333,2.5251068854117307
gin,515,C=CC(=O)Nc1ccc2ncnc(Nc3ccc(S(=O)(=O)NC(=N)N)cc3)c2c1,4.27327299118042,7.141750775580757,0.5127087532011875,0.6875,2.868477784400337
gin,518,C=CC(=O)Nc1ccc2ncnc(Nc3ccc(S(N)(=O)=O)cc3)c2c1,4.116338729858398,7.397784803495753,0.3683025058340876,0.6721311475409836,3.2814460736373547
gin,519,C=CC(=O)Nc1ccc2ncnc(Nc3cccc(Br)c3)c2c1,8.698969841003418,8.918997609073685,0.24465315225401135,0.7192982456140351,0.22002776807026692
gin,520,C=CC(=O)Nc1ccc2ncnc(Nc3cccc(C)c3)c2c1,8.852326393127441,8.35488956296551,0.23353030166526956,0.6607142857142857,0.49743683016193074
gin,521,C=CC(=O)Nc1ccc2ncnc(Nc3cccc(C)c3F)c2c1,4.8892927169799805,8.04569579435249,0.3403965194885868,0.5901639344262295,3.1564030773725094
gin,522,C=CC(=O)Nc1ccc2ncnc(Nc3cccc(CC)c3)c2c1,6.064651966094971,7.990738126740524,0.3478266669661754,0.6271186440677966,1.9260861606455535
gin,523,C=CC(=O)Nc1ccc2ncnc(Nc3cccc(Cl)c3)c2c1,8.717076301574707,8.37546703282004,0.20581405228615096,0.7321428571428571,0.3416092687546666
gin,524,C=CC(=O)Nc1ccc2ncnc(Nc3ccccc3)c2c1,9.0,8.044113012414911,0.31922305081224484,0.8333333333333334,0.9558869875850888
gin,525,C=CC(=O)Nc1ccc2ncnc(Nc3ccccc3CC)c2c1,5.211254119873047,7.259470733895338,0.5603473320647157,0.6379310344827587,2.048216614022291
gin,712,C=CCCCCOc1cc2c(Nc3ccc(F)c(Cl)c3)ncnc2cc1OC,7.486782550811768,8.633086271572097,0.03367349349565647,0.696969696969697,1.1463037207603293
gin,713,C=CCN(C)CC#CC(=O)Nc1ccc2ncnc(Nc3cccc(Br)c3)c2c1,7.148741722106934,8.028640561852413,0.16714749258045564,0.6666666666666666,0.8798988397454792
gin,719,C=COC(=O)N(C)/N=N/c1ccc2ncnc(Nc3cccc(Cl)c3)c2c1,6.142667293548584,7.003557193274052,0.36591740321762506,0.684931506849315,0.8608898997254677
gin,720,C=COC(=O)N(CCN(C)C)/N=N/c1ccc2ncnc(Nc3cccc(Cl)c3)c2c1,6.744727611541748,6.820843868228515,0.39411653695489635,0.573170731707317,0.0761162566867668
gin,724,C=CS(=O)(=O)Nc1ccc2ncnc(Nc3cccc(Br)c3)c2c1,8.849858283996582,8.18200027579843,0.2445852764253745,0.5892857142857143,0.6678580081981522
gin,733,CC#CC(=O)Nc1ccc2ncnc(Nc3cccc(Br)c3)c2c1,8.602060317993164,7.369292896535157,0.0872856211858675,0.6984126984126984,1.232767421458007
gin,736,CC(=O)/C=C/C(=O)Cc1ccc2ncnc(Nc3cccc(Br)c3)c2c1,8.920095443725586,7.132215582428646,0.7587324609179962,0.5757575757575758,1.7878798612969398
gin,782,CC(=O)Nc1cc2ncnc(Nc3cccc(Br)c3)c2cc1[N+](=O)[O-],7.552842140197754,7.59850214469656,0.15547527874385603,0.5797101449275363,0.04566000449880647
gin,790,CC(=O)Nc1ccc2c(Nc3cccc(Br)c3)ncnc2c1,7.3939595222473145,7.448549468872443,0.20824875173777807,0.6538461538461539,0.054589946625128505
gin,792,CC(=O)Nc1ccc2ncnc(Nc3ccc(F)c(Cl)c3)c2c1,6.578395843505859,7.2942669119176955,0.28171621253823675,0.6964285714285714,0.7158710684118361
gin,795,CC(=O)Nc1ccc2ncnc(Nc3cccc(Br)c3)c2c1,7.494850158691406,7.4889845382928755,0.22165797431088063,0.6785714285714286,0.00586562039853078
gin,803,CC(=O)OCN(C)/N=N/c1ccc2ncnc(Nc3cccc(Cl)c3)c2c1,6.619788646697998,6.176633062841962,0.33672182613989776,0.6052631578947368,0.4431555838560364
gin,804,CC(=O)OCOC(=O)N(C)/N=N/c1ccc2ncnc(Nc3cccc(Cl)c3)c2c1,6.200659275054932,6.0571866913538885,0.27201925407666877,0.6666666666666666,0.1434725837010431
gin,881,CC(C)(O)C#Cc1ccc2ncnc(Nc3ccc(F)c(Cl)c3)c2c1,6.819587230682373,7.273868625447776,0.17054606715087858,0.65,0.4542813947654025
gin,895,CC(C)N(C)CC#CC(=O)Nc1ccc2ncnc(Nc3cccc(Br)c3)c2c1,7.070580959320068,7.6786841971334425,0.1187166719672685,0.6857142857142857,0.6081032378133742
gin,898,CC(C)N(CC#CC(=O)Nc1ccc2ncnc(Nc3ccc(F)c(Cl)c3)c2c1)C(C)C,8.167678833007812,7.505961629626775,0.12275818633760952,0.676056338028169,0.6617172033810377
gin,899,CC(C)N(CC#CC(=O)Nc1ccc2ncnc(Nc3cccc(Br)c3)c2c1)C(C)C,7.013228416442871,7.623595146878664,0.08605849600545254,0.6956521739130435,0.6103667304357927
gin,1037,CC(O)C#Cc1ccc2ncnc(Nc3ccc(F)c(Cl)c3)c2c1,7.0245680809021,7.554475662864441,0.17415164405821326,0.65,0.5299075819623411
gin,1087,CCC(=O)Nc1cc2c(Nc3ccc(F)c(Cl)c3)ncnc2cc1OC,8.698969841003418,7.811418668241984,0.08732930821772268,0.7352941176470589,0.8875511727614338
gin,1113,CCC(=O)Nc1ccc(Nc2ncnc3cc(OC)c(OC)cc23)cc1,5.0,5.295779494285284,0.07339503505551714,0.72,0.2957794942852843
gin,1114,CCC(=O)Nc1ccc(Nc2ncnc3cc(OC)c(OC)cc23)cc1C.Cl,5.0,5.733012976656386,0.10677113560031744,0.6349206349206349,0.7330129766563864
gin,1119,CCC(=O)Nc1ccc2ncnc(Nc3cccc(Br)c3)c2c1,9.366531372070312,7.096729777386063,0.1930212994252973,0.7321428571428571,2.2698015946842496
gin,1153,CCCC(=O)Nc1ccc(Nc2ncnc3cc(OC)c(OC)cc23)cc1C,5.0,5.740404933194978,0.4882357648600721,0.6197183098591549,0.740404933194978
gin,1154,CCCC(=O)Nc1ccc(Nc2ncnc3cc(OC)c(OC)cc23)cc1C.Cl,5.0,5.799177013949888,0.3992706572254761,0.6338028169014085,0.7991770139498877
gin,1160,CCCCC(=O)Nc1ccc(Nc2ncnc3cc(OC)c(OC)cc23)cc1C,5.0,5.812307911726055,0.5471462018433079,0.5945945945945946,0.8123079117260552
gin,1161,CCCCC(=O)Nc1ccc(Nc2ncnc3cc(OC)c(OC)cc23)cc1C.Cl,5.0,5.865216115593771,0.4635625837282941,0.6081081081081081,0.8652161155937712
gin,1195,CCCCCCOc1cc2c(Nc3ccc(F)c(Cl)c3)ncnc2cc1OC,6.97469425201416,7.849298840755196,0.08827503838174947,0.7419354838709677,0.8746045887410361
gin,1198,CCCCN(CC#CC(=O)Nc1ccc2ncnc(Nc3ccc(F)c(Cl)c3)c2c1)CCCC,7.678273677825928,6.834473714006037,0.4433205320460926,0.6666666666666666,0.8437999638198903
gin,1213,CCCCNC(=O)Nc1cc(Cl)c(Nc2ncnc3cc(OC)c(OC)cc23)cc1Cl.Cl,5.0,6.496589116769667,0.34508297502118623,0.5294117647058824,1.496589116769667
gin,1214,CCCCNC(=O)Nc1ccc(Nc2ncnc3cc(OC)c(OC)cc23)cc1,5.0,5.644154742597749,0.00645467870865879,0.7169811320754716,0.644154742597749
gin,1219,CCCCOC(=O)Nc1ccc(Nc2ncnc3cc(OC)c(OC)cc23)cc1,6.096909999847412,5.400353596272748,0.0991600969598725,0.6851851851851852,0.6965564035746645
gin,1220,CCCCOC(=O)Nc1ccc(Nc2ncnc3cc(OC)c(OC)cc23)cc1.Cl,6.096909999847412,5.543652808566211,0.1708721024356465,0.6727272727272727,0.553257191281201
gin,1221,CCCCOC(=O)Nc1ccc(Nc2ncnc3cc(OC)c(OC)cc23)cc1C,5.1191864013671875,5.482040456034138,0.045650098946964514,0.7142857142857143,0.36285405466695053
gin,1222,CCCCOC(=O)Nc1ccc(Nc2ncnc3cc(OC)c(OC)cc23)cc1C.Cl,5.1191864013671875,5.590024705134837,0.1169538659028449,0.7285714285714285,0.4708383037676498
gin,1223,CCCCOC(=O)Nc1ccc(Nc2ncnc3cc(OC)c(OC)cc23)cc1Cl,5.193819999694824,5.855333305287576,0.05516313458322607,0.704225352112676,0.6615133055927513
gin,1224,CCCCOC(=O)Nc1ccc(Nc2ncnc3cc(OC)c(OC)cc23)cc1Cl.Cl,5.193819999694824,5.908906007475451,0.08086013764083107,0.7183098591549296,0.7150860077806271
gin,1226,CCCCOc1cc2c(Nc3ccc(Br)cc3F)ncnc2cc1OCCN(CC)CC,5.0,6.995250704032813,0.2290645994886595,0.5942028985507246,1.995250704032813
gin,1227,CCCCOc1cc2c(Nc3ccc(NC(=O)OC)c(C)c3)ncnc2cc1OCCN(CC)CC,5.0,6.247701662353283,0.4065406210539518,0.5822784810126582,1.2477016623532826
gin,1228,CCCCOc1cc2c(Nc3ccc(NC(=O)OC)c(Cl)c3)ncnc2cc1OCCN(CC)CC,5.0,6.667948339527487,0.2987259404533476,0.575,1.667948339527487
gin,1229,CCCCOc1cc2c(Nc3ccc(NC(=O)OCC)c(C)c3)ncnc2cc1OCCN(CC)CC,5.0,6.008732919112361,0.2953711812821344,0.6363636363636364,1.0087329191123606
gin,1230,CCCCOc1cc2c(Nc3ccc(NC(=O)OCC)c(C)c3)ncnc2cc1OCCN(CC)CC.Cl,5.0,5.987864911241561,0.23657209698774723,0.6493506493506493,0.9878649112415614
gin,1231,CCCCOc1cc2c(Nc3ccc(NC(=O)OCC)c(Cl)c3)ncnc2cc1OCCN(CC)CC,5.038578987121582,6.358929935722106,0.26280165381354936,0.6410256410256411,1.3203509486005238
gin,1232,CCCCOc1cc2c(Nc3ccc(NC(=O)OCC)c(Cl)c3)ncnc2cc1OCCN(CC)CC.Cl,5.0087738037109375,6.274160472882279,0.24742211868567673,0.6538461538461539,1.2653866691713418
gin,1233,CCCCOc1cc2ncnc(Nc3cccc(Br)c3)c2cc1OCCCC,6.978810787200928,8.108075623603028,0.16924063906097855,0.6122448979591837,1.1292648364021005
gin,1235,CCCN(C/C=C/C(=O)Nc1ccc2ncnc(Nc3cccc(Br)c3)c2c1)CCC,7.045757293701172,6.864430191836302,0.21300512548226944,0.6865671641791045,0.1813271018648699
gin,1237,CCCN(CC#CC(=O)Nc1ccc2ncnc(Nc3cccc(Br)c3)c2c1)CCC,7.207608222961426,7.11401264634555,0.20519365547266774,0.7313432835820896,0.09359557661587559
gin,1259,CCCOC(=O)Nc1ccc(Nc2ncnc3cc(OC)c(OC)cc23)cc1,5.151810646057129,5.251243359944809,0.1568523077812989,0.6792452830188679,0.09943271388767982
gin,1260,CCCOC(=O)Nc1ccc(Nc2ncnc3cc(OC)c(OC)cc23)cc1.Cl,5.151810646057129,5.402078531287412,0.23205102995148408,0.6666666666666666,0.25026788523028287
gin,1261,CCCOC(=O)Nc1ccc(Nc2ncnc3cc(OC)c(OC)cc23)cc1C,6.045757293701172,5.322909302175482,0.11859961978414066,0.7352941176470589,0.7228479915256898
gin,1262,CCCOC(=O)Nc1ccc(Nc2ncnc3cc(OC)c(OC)cc23)cc1C.Cl,6.045757293701172,5.4450140069901245,0.18889836441849917,0.75,0.6007432867110474
gin,1263,CCCOC(=O)Nc1ccc(Nc2ncnc3cc(OC)c(OC)cc23)cc1Cl,6.0,5.67083666142355,0.1424305114881541,0.7246376811594203,0.32916333857644986
gin,1264,CCCOC(=O)Nc1ccc(Nc2ncnc3cc(OC)c(OC)cc23)cc1Cl.Cl,6.0,5.74291564842063,0.16762788552501143,0.7391304347826086,0.25708435157936993
gin,1267,CCCOc1cc2ncnc(Nc3ccc(NC(=O)OCC)c(C)c3)c2cc1OC.Cl,5.408935546875,5.707671407841055,0.11961827296280218,0.7941176470588235,0.29873586096605464
gin,1268,CCCOc1cc2ncnc(Nc3ccc(NC(=O)OCC)c(Cl)c3)c2cc1OC.Cl,5.259637355804443,6.0577279473143575,0.11211793607036943,0.7971014492753623,0.7980905915099141
gin,1269,CCCOc1cc2ncnc(Nc3cccc(Br)c3)c2cc1OCCC,9.764750480651855,8.2117180691465,0.2609054483211334,0.625,1.553032411505356
gin,1287,CCN(CC)C/C=C/C(=O)Nc1ccc2ncnc(Nc3cccc(Br)c3)c2c1,7.136677265167236,7.176713534469272,0.0882977269419183,0.696969696969697,0.04003626930203552
gin,1290,CCN(CC)CC#CC(=O)Nc1ccc2ncnc(Nc3ccc(F)c(Cl)c3)c2c1,8.338065147399902,7.3652248091303605,0.10797302780559019,0.6857142857142857,0.9728403382695419
gin,1291,CCN(CC)CC#CC(=O)Nc1ccc2ncnc(Nc3cccc(Br)c3)c2c1,7.92081880569458,7.445079223846321,0.1252726714332026,0.7313432835820896,0.47573958184825926
gin,1293,CCN(CC)CCC#CC(=O)Nc1ccc2ncnc(Nc3ccc(F)c(Cl)c3)c2c1,8.545757293701172,7.637777088448054,0.10522324962118838,0.6712328767123288,0.9079802052531178
gin,1302,CCN(CC)CCCOc1cc2c(Nc3ccc(F)c(Cl)c3)ncnc2cc1OC,7.2441253662109375,7.705770479144931,0.08217789696484688,0.7076923076923077,0.4616451129339936
gin,1314,CCN(CC)CCOc1cc2c(Nc3ccc(Br)cc3F)ncnc2cc1OC,5.040958404541016,6.802315889877086,0.17136018885081375,0.6666666666666666,1.7613574853360703
gin,1315,CCN(CC)CCOc1cc2c(Nc3ccc(F)c(Cl)c3)ncnc2cc1OC,7.031517028808594,7.521647767825947,0.10930898898046333,0.696969696969697,0.4901307390173528
gin,1316,CCN(CC)CCOc1cc2ncnc(Nc3ccc(Br)cc3F)c2cc1OC,5.0,6.81052595874862,0.17063251534203125,0.6666666666666666,1.8105259587486202
gin,1317,CCN(CC)CCOc1cc2ncnc(Nc3ccc(C)c(Br)c3)c2cc1OC,5.0245680809021,7.24512916505202,0.07113107459338451,0.5074626865671642,2.220561084149921
gin,1318,CCN(CC)CCOc1cc2ncnc(Nc3ccc(F)c(Cl)c3)c2cc1OC,5.004364967346191,7.533404973741476,0.10728387814214917,0.696969696969697,2.5290400063952845
gin,1319,CCN(CC)CCOc1cc2ncnc(Nc3ccc(NC(=O)OC)c(C)c3)c2cc1OC,5.0,5.895731236834934,0.1426226849728851,0.6447368421052632,0.8957312368349344
gin,1320,CCN(CC)CCOc1cc2ncnc(Nc3ccc(NC(=O)OC)c(Cl)c3)c2cc1OC,5.0,6.345124086683366,0.09909681823443181,0.6363636363636364,1.3451240866833656
gin,1338,CCN(c1ccccc1)c1ncnc2cc(OC)c(OC)cc12.Cl,5.259637355804443,5.880297468231608,0.3568568935091848,0.5172413793103449,0.6206601124271645
gin,1356,CCNC(=O)Nc1cc(Cl)c(Nc2ncnc3cc(OC)c(OC)cc23)cc1Cl.Cl,5.0,6.59558298007675,0.2688534455262168,0.5538461538461539,1.5955829800767498
gin,1358,CCNC(=O)Nc1ccc(Nc2ncnc3cc(OC)c(OC)cc23)cc1,5.0,5.703809235594591,0.09589584292196572,0.76,0.7038092355945906
gin,1359,CCNC(=O)Nc1ccc(Nc2ncnc3cc(OCCN(CC)CC)c(OC)cc23)cc1,5.0,6.015159172975942,0.20765529750928238,0.6229508196721312,1.0151591729759417
gin,1375,CCNc1ccc2c(Nc3cccc(Br)c3)ncnc2c1,7.920457363128662,7.455220170649703,0.23838284311717473,0.6153846153846154,0.4652371924789591
gin,1382,CCOC(=O)/C=C/C(=O)Cc1ccc2ncnc(Nc3cccc(Br)c3)c2c1,8.569925308227539,6.717060199529474,0.6108777964613953,0.5352112676056338,1.8528651086980652
gin,1436,CCOC(=O)Nc1cc(Cl)c(Nc2ncnc3cc(OC)c(OC)cc23)cc1Cl.Cl,5.0,5.7942359974207065,0.06506357970096044,0.6338028169014085,0.7942359974207065
gin,1437,CCOC(=O)Nc1cc(Nc2ncnc3cc(OC)c(OC)cc23)ccc1C,5.301030158996582,5.401166861216296,0.13486639986303198,0.711864406779661,0.10013670221971438
gin,1438,CCOC(=O)Nc1cc(Nc2ncnc3cc(OC)c(OC)cc23)ccc1C.Cl,5.301030158996582,5.509781583225276,0.17399449642188894,0.7,0.2087514242286943
gin,1439,CCOC(=O)Nc1cc(Nc2ncnc3cc(OC)c(OC)cc23)ccc1Cl,6.045757293701172,5.532441327786195,0.17692308984854155,0.7049180327868853,0.5133159659149769
gin,1440,CCOC(=O)Nc1cc(Nc2ncnc3cc(OC)c(OC)cc23)ccc1Cl.Cl,6.045757293701172,5.632863274687949,0.19950810729091875,0.6935483870967742,0.41289401901322265
gin,1441,CCOC(=O)Nc1ccc(Nc2ncnc3cc(OC)c(OC)cc23)cc1,5.0,5.119617660630453,0.15879829978546361,0.7037037037037037,0.11961766063045332
gin,1442,CCOC(=O)Nc1ccc(Nc2ncnc3cc(OC)c(OC)cc23)cc1.Cl,5.0,5.2761877551169185,0.23564140320224805,0.6909090909090909,0.2761877551169185
gin,1443,CCOC(=O)Nc1ccc(Nc2ncnc3cc(OC)c(OC)cc23)cc1C,6.045757293701172,5.16111175798369,0.15085616809992197,0.7575757575757576,0.8846455357174818
gin,1444,CCOC(=O)Nc1ccc(Nc2ncnc3cc(OC)c(OC)cc23)cc1C.Cl,6.045757293701172,5.302931145918741,0.22161929626217233,0.7727272727272727,0.7428261477824307
gin,1445,CCOC(=O)Nc1ccc(Nc2ncnc3cc(OC)c(OC)cc23)cc1Cl,6.0,5.514285873218107,0.13488847708004212,0.7611940298507462,0.4857141267818932
gin,1446,CCOC(=O)Nc1ccc(Nc2ncnc3cc(OC)c(OC)cc23)cc1Cl.Cl,6.0,5.60258444719792,0.18564248307449005,0.7761194029850746,0.3974155528020802
gin,1447,CCOC(=O)Nc1ccc(Nc2ncnc3cc(OC)c(OCCN(CC)CC)cc23)cc1C,5.0,5.708134328323386,0.07416378471896513,0.7162162162162162,0.7081343283233856
gin,1448,CCOC(=O)Nc1ccc(Nc2ncnc3cc(OC)c(OCCN(CC)CC)cc23)cc1C.Cl,5.0,5.720638275095521,0.10459764096700992,0.7297297297297297,0.7206382750955207
gin,1449,CCOC(=O)Nc1ccc(Nc2ncnc3cc(OCCN(CC)CC)c(OC)cc23)cc1C,5.0,5.715218525948384,0.07537920182304421,0.7162162162162162,0.7152185259483836
gin,1450,CCOC(=O)Nc1ccc(Nc2ncnc3cc(OCCN(CC)CC)c(OC)cc23)cc1C.Cl,5.0,5.728409573685283,0.1032125352230627,0.7297297297297297,0.7284095736852834
gin,1451,CCOC(=O)Nc1ccc(Nc2ncnc3cc(OCCN(CC)CC)c(OC)cc23)cc1Cl,5.0,6.073458895239106,0.10211453571098843,0.72,1.0734588952391064
gin,1452,CCOC(=O)Nc1ccc(Nc2ncnc3cc(OCCN(CC)CC)c(OC)cc23)cc1Cl.Cl,5.0,6.034068238716312,0.1312289329295495,0.7333333333333333,1.034068238716312
gin,1457,CCOC(=O)Nc1ccc(Nc2ncnc3ccccc23)cc1C,5.0,5.0173778698390095,0.11080125752565591,0.6842105263157895,0.017377869839009463
gin,1665,CCOc1cc2ncnc(Nc3cc(F)cc(C(F)(F)F)c3)c2cc1OCC.Cl,7.301030158996582,7.579660324773265,0.06797722816470816,0.5357142857142857,0.27863016577668276
gin,1672,CCOc1cc2ncnc(Nc3ccc(F)c(Cl)c3)c2cc1NC(=O)CCN(C)C,9.568635940551758,8.679257513284696,0.33605891767639123,0.7361111111111112,0.8893784272670615
gin,1675,CCOc1cc2ncnc(Nc3ccc(F)cc3)c2cc1OCC.Cl,7.636387825012207,7.439715492060941,0.026700181207070697,0.7021276595744681,0.19667233295126607
gin,1714,CCOc1cc2ncnc(Nc3cccc(Br)c3)c2cc1OCC,11.221848487854004,8.356262349193628,0.19443928698501942,0.6862745098039216,2.865586138660376
gin,1715,CCOc1cc2ncnc(Nc3cccc(Br)c3)c2cc1OCC.Cl,8.494850158691406,8.066802375670079,0.06097445416763252,0.6730769230769231,0.4280477830213272
gin,1716,CCOc1cc2ncnc(Nc3cccc(Cl)c3)c2cc1OCC.Cl,8.920818328857422,7.617985721501157,0.1318185421258037,0.6730769230769231,1.3028326073562653
gin,1717,CCOc1cc2ncnc(Nc3cccc(F)c3)c2cc1OCC.Cl,8.087778091430664,7.736632048198572,0.10359752282734323,0.6730769230769231,0.35114604323209164
gin,1718,CCOc1cc2ncnc(Nc3cccc(I)c3)c2cc1OCC.Cl,8.337242126464844,8.162169074900035,0.20579302414363926,0.6730769230769231,0.17507305156480868
gin,1721,CCOc1cc2ncnc(Nc3ccccc3F)c2cc1OCC.Cl,7.801342964172363,7.339623098240843,0.3294159454803588,0.5769230769230769,0.4617198659315207
gin,1817,CN(/N=N/c1ccc2ncnc(Nc3cccc(Cl)c3)c2c1)C(=O)OCCCl,6.301030158996582,6.476692871678085,0.23251629695983736,0.6756756756756757,0.17566271268150313
gin,1818,CN(/N=N/c1ccc2ncnc(Nc3cccc(Cl)c3)c2c1)C(=O)OCCl,6.408935546875,6.356533243447688,0.21403198122747158,0.6944444444444444,0.05240230342731156
gin,1821,CN(C(=O)N(CCCl)N=O)c1ccc2ncnc(Nc3cccc(Br)c3)c2c1,6.531652450561523,7.0885339765640545,0.2861126357842426,0.47297297297297297,0.556881526002531
gin,1822,CN(C(=O)N(CCCl)N=O)c1ccc2ncnc(Nc3cccc(Cl)c3)c2c1,6.690369606018066,6.629876091378203,0.26674865571976303,0.5263157894736842,0.0604935146398633
gin,1825,CN(C)/C=C/C(=O)Nc1ccc2ncnc(Nc3cccc(Br)c3)c2c1,6.602059841156006,6.8340587608186105,0.22522024049063472,0.7166666666666667,0.23199891966260466
gin,1868,CN(C)C/C=C/C(=O)Nc1ccc2ncnc(Nc3cc(Cl)c(Cl)cc3F)c2c1,8.198969841003418,6.94122927307529,0.07009106405312356,0.5694444444444444,1.2577405679281277
gin,1869,CN(C)C/C=C/C(=O)Nc1ccc2ncnc(Nc3ccc(Br)cc3F)c2c1,7.076213836669922,6.785597122412618,0.13537083090252464,0.5416666666666666,0.29061671425730395
gin,1870,CN(C)C/C=C/C(=O)Nc1ccc2ncnc(Nc3cccc(Br)c3)c2c1,8.0,7.47321714993619,0.03565958412060014,0.7301587301587301,0.5267828500638103
gin,1871,CN(C)C/C=C/C(=O)Nc1ccc2ncnc(Nc3cccc(I)c3)c2c1,8.66395092010498,7.606136383958436,0.09473592491250331,0.5857142857142857,1.0578145361465445
gin,1881,CN(C)CC#CC(=O)Nc1ccc2ncnc(Nc3cccc(Br)c3)c2c1,8.221848487854004,7.726410045549635,0.08283255081834243,0.7272727272727273,0.4954384423043692
gin,1886,CN(C)CCC(=O)N(C)c1ccc2ncnc(Nc3cccc(Br)c3)c2c1,7.759450912475586,7.898961368703141,0.21581237566851405,0.5373134328358209,0.13951045622755487
gin,1887,CN(C)CCC(=O)Nc1ccc2ncnc(Nc3cccc(Br)c3)c2c1,7.741971969604492,8.084523570769719,0.18184423025423568,0.7049180327868853,0.3425516011652263
gin,1892,CN(C)CCCC(=O)Nc1ccc2ncnc(Nc3cccc(Br)c3)c2c1,9.0,7.947759430506466,0.06426573730870239,0.6923076923076923,1.0522405694935344
gin,1907,CN(C)CCCNC(=O)/C=C/C(=O)Cc1ccc2ncnc(Nc3cccc(Br)c3)c2c1,9.360015869140625,7.653403461840554,0.30196177135848884,0.573170731707317,1.7066124073000708
gin,1914,CN(C)CCCOC(=O)/C=C/C(=O)Cc1ccc2ncnc(Nc3cccc(Br)c3)c2c1,8.619969367980957,7.309223047847546,0.42210277491689385,0.5064935064935064,1.3107463201334113
gin,1924,CN(C)CCN/N=N/c1ccc2ncnc(Nc3cccc(Cl)c3)c2c1,7.431798458099365,6.367605928236688,0.18359086109202247,0.734375,1.0641925298626775
gin,1961,CN(C)S(=O)(=O)c1ccc(Nc2nc(Cl)nc3ccccc23)cc1,4.0,4.3990261415310385,0.15580070518120195,0.6415094339622641,0.39902614153103855
gin,1966,CN(C)c1cc2ncnc(Nc3cccc(Br)c3)c2cc1N,6.794302940368652,7.466312801908231,0.08511614357768942,0.6122448979591837,0.6720098615395784
gin,1967,CN(C)c1cc2ncnc(Nc3cccc(Br)c3)c2cc1[N+](=O)[O-],5.698969841003418,7.004310207631033,0.26028592909270265,0.5555555555555556,1.3053403666276147
gin,1982,CN(C)c1ccc2c(Nc3cccc(Br)c3)ncnc2c1,7.9543070793151855,7.630682148147635,0.13812281488451778,0.62,0.32362493116755076
gin,1985,CN(C)c1ccc2ncnc(Nc3cccc(Br)c3)c2c1,7.07572078704834,7.7057557391949345,0.12746246043836212,0.6415094339622641,0.6300349521465947
gin,1999,CN(C/C=C/C(=O)Nc1ccc2ncnc(Nc3cccc(Br)c3)c2c1)CCO,7.853871822357178,7.359609720947205,0.15173887869825897,0.6666666666666666,0.49426210140997284
gin,2007,CN(CCCl)C(=O)Nc1ccc2ncnc(Nc3cccc(Br)c3)c2c1,6.806875228881836,7.179762677722422,0.1200470858213915,0.6,0.37288744884058644
gin,2008,CN(CCCl)C(=O)Nc1ccc2ncnc(Nc3cccc(Cl)c3)c2c1,7.091515064239502,6.732828573325378,0.15629419473660805,0.5846153846153846,0.3586864909141241
gin,2009,CN(CCCl)CCN/N=N/c1ccc2ncnc(Nc3cccc(Cl)c3)c2c1,8.356547355651855,6.270845243690925,0.1344954055298713,0.7692307692307693,2.0857021119609307
gin,2026,CN(c1ccccc1)c1ncnc2ccc(Cl)cc12,4.698969841003418,5.104670810036335,0.458232449478878,0.44642857142857145,0.4057009690329174
gin,2027,CN(c1ccccc1)c1ncnc2ccccc12,4.301030158996582,4.727372962307207,0.18740474118122893,0.4423076923076923,0.42634280331062513
gin,2113,CNC(=O)[C@@H](C)N(C)Cc1cc2c(Nc3cccc(Cl)c3F)ncnc2cc1OC,7.610924243927002,7.2725945774534395,0.07910546229041776,0.6385542168674698,0.33832966647356244
gin,2134,CNCC(O)COc1cc2c(Nc3ccc(F)c(Cl)c3)ncnc2cc1OC,8.301030158996582,7.945189960202356,0.14035791865378588,0.7352941176470589,0.3558401987942261
gin,2135,CNCCOc1cc2c(Nc3ccc(F)c(Cl)c3)ncnc2cc1OC,8.09691047668457,8.097047587191284,0.03315026945850361,0.7258064516129032,0.00013711050671361136
gin,2139,CNS(=O)(=O)c1ccc(Nc2nc(Cl)nc3cc(OC)c(OC)cc23)cc1,5.787812232971191,4.368648742360335,0.014084467246398327,0.6896551724137931,1.4191634906108561
gin,2145,CNc1cc2ncnc(Nc3cccc(Br)c3)c2cc1N,9.160585403442383,8.399847964950709,0.10481174567754901,0.625,0.7607374384916739
gin,2146,CNc1cc2ncnc(Nc3cccc(Br)c3)c2cc1[N+](=O)[O-],7.163755416870117,8.01863616083817,0.13444405876451682,0.5660377358490566,0.854880743968053
gin,2149,CNc1ccc2c(Nc3cccc(Br)c3)ncnc2c1,8.154901504516602,8.501795732627343,0.20860094287745007,0.6444444444444445,0.34689422811074166
gin,2152,CNc1ccc2ncnc(Nc3cccc(Br)c3)c2c1,8.345504760742188,8.451465326719102,0.14881684760830638,0.6875,0.10596056597691472
gin,2154,CNc1ccc2ncnc(Nc3cccc(C)c3)c2c1,7.958607196807861,7.949060709933846,0.12994525166999588,0.5714285714285714,0.009546486874015159
gin,2155,CNc1ccc2ncnc(Nc3cccc(Cl)c3)c2c1,8.397939682006836,7.884457813083543,0.14908168318656712,0.673469387755102,0.513481868923293
gin,2232,COC(=O)Nc1cc(Nc2ncnc3cc(OC)c(OC)cc23)ccc1C,5.142667293548584,5.629274443849425,0.13539159403919185,0.7636363636363637,0.48660715030084134
gin,2233,COC(=O)Nc1cc(Nc2ncnc3cc(OC)c(OC)cc23)ccc1C.Cl,5.142667293548584,5.688168191649222,0.17140581215692727,0.75,0.545500898100638
gin,2234,COC(=O)Nc1cc(Nc2ncnc3cc(OC)c(OC)cc23)ccc1Cl.Cl,5.0,5.775679663402759,0.18851334379505025,0.7543859649122807,0.7756796634027587
gin,2235,COC(=O)Nc1ccc(Nc2ncnc3cc(OC)c(OC)cc23)cc1,5.161150932312012,5.0965355929071094,0.12944572658514053,0.7659574468085106,0.06461533940490227
gin,2236,COC(=O)Nc1ccc(Nc2ncnc3cc(OC)c(OC)cc23)cc1C,5.397940158843994,5.209229061719753,0.06891199303693119,0.6470588235294118,0.18871109712424072
gin,2237,COC(=O)Nc1ccc(Nc2ncnc3cc(OC)c(OC)cc23)cc1C.Cl,5.397940158843994,5.345416803316898,0.15480254119911585,0.6617647058823529,0.05252335552709653
gin,2238,COC(=O)Nc1ccc(Nc2ncnc3cc(OC)c(OC)cc23)cc1Cl,5.211124897003174,5.651386867140886,0.1206301851112676,0.6610169491525424,0.44026197013771196
gin,2239,COC(=O)Nc1ccc(Nc2ncnc3cc(OC)c(OC)cc23)cc1Cl.Cl,5.211124897003174,5.712689916673266,0.11891173742317016,0.6521739130434783,0.5015650196700925
gin,2241,COC(=O)Nc1ccc2ncnc(Nc3cccc(Br)c3)c2c1,7.920457363128662,6.677100618411262,0.23671356049426973,0.6842105263157895,1.2433567447174
gin,2280,COC/C=C/C(=O)Nc1ccc2ncnc(Nc3cccc(Br)c3)c2c1,5.94615364074707,7.203391150673134,0.1501495528190447,0.71875,1.257237509926064
gin,2289,COCC#CC(=O)Nc1ccc2ncnc(Nc3cccc(Br)c3)c2c1,8.045757293701172,7.634437643128869,0.19011283807482982,0.7014925373134329,0.41131965057230246
gin,2291,COCC(=O)Nc1ccc2ncnc(Nc3cc(Cl)c(Cl)cc3F)c2c1,5.799299716949463,6.512250259858245,0.33266875985975086,0.5072463768115942,0.7129505429087821
gin,2292,COCC(=O)Nc1ccc2ncnc(Nc3cccc(Br)c3)c2c1,4.886056423187256,7.3585526500134115,0.37575743402583806,0.7857142857142857,2.4724962268261557
gin,2293,COCC(=O)Nc1ccc2ncnc(Nc3cccc(I)c3)c2c1,5.301030158996582,7.560999159453694,0.21759720661431464,0.6129032258064516,2.2599690004571116
gin,2301,COCCN(C)C/C=C/C(=O)Nc1ccc2ncnc(Nc3cccc(Br)c3)c2c1,7.207608222961426,7.025391486755737,0.11152059062692234,0.6438356164383562,0.1822167362056888
gin,2304,COCCN(CCOC)CCOc1cc2c(Nc3ccc(F)c(Cl)c3)ncnc2cc1OC,7.214670181274414,6.755134697880635,0.2589138021076075,0.6923076923076923,0.45953548339377903
gin,2306,COCCN(Cc1cc2c(Nc3cccc(Cl)c3F)ncnc2cc1OC)[C@@H](C)C(N)=O,7.629818439483643,6.676552346401149,0.1631961371183917,0.6470588235294118,0.9532660930824939
gin,2318,COCCNCCOc1cc2c(Nc3ccc(F)c(Cl)c3)ncnc2cc1OC,8.09691047668457,7.80246746580179,0.14019206794045946,0.703125,0.29444301088278024
gin,2321,COCCOCC#CC(=O)Nc1ccc2ncnc(Nc3cccc(Br)c3)c2c1,7.187086582183838,7.695350583645663,0.13442763548896214,0.6527777777777778,0.5082640014618249
gin,2324,COCCOc1cc2c(Nc3ccc(F)c(Cl)c3)ncnc2cc1OCCCCCCC(=O)NO,7.0,7.87397146289446,0.05942911347410156,0.7567567567567568,0.8739714628944597
gin,2332,COCCOc1cc2ncnc(Nc3ccc(B(O)O)cc3)c2cc1OC,6.0,6.473719617654306,0.482371608267953,0.5606060606060606,0.47371961765430637
gin,2333,COCCOc1cc2ncnc(Nc3ccc(B(O)O)cc3)c2cc1OCCOC,6.0,6.657830441245257,0.4406183679799869,0.5873015873015873,0.6578304412452569
gin,2334,COCCOc1cc2ncnc(Nc3ccc(Br)cc3F)c2cc1NC(=O)/C=C/CN(C)C,8.522878646850586,7.549658058717917,0.1570389967765423,0.6506024096385542,0.9732205881326692
gin,2337,COCCOc1cc2ncnc(Nc3ccc(Cl)c(C(F)(F)F)c3)c2cc1NC(=O)/C=C/CN(C)C,6.241390705108643,7.879519957593544,0.042999500451834476,0.7176470588235294,1.6381292524849016
gin,2339,COCCOc1cc2ncnc(Nc3ccc(Cl)cc3F)c2cc1OC,7.0,6.750510704781642,0.17324103641911612,0.7377049180327869,0.24948929521835783
gin,2341,COCCOc1cc2ncnc(Nc3ccc(F)c(C#N)c3)c2cc1NC(=O)/C=C/CN(C)C,6.0,7.592930582392114,0.13511851280581158,0.7176470588235294,1.592930582392114
gin,2343,COCCOc1cc2ncnc(Nc3ccc(F)c(Cl)c3)c2cc1NC(=O)/C=C/CN(C)C,8.920818328857422,8.145823719502147,0.07032699871569544,0.8266666666666667,0.7749946093552751
gin,2348,COCCOc1cc2ncnc(Nc3ccc(F)c(Cl)c3)c2cc1NC(=O)CCCC(=O)NO,7.0,8.301896639083878,0.16236179571084422,0.6341463414634146,1.3018966390838784
gin,2349,COCCOc1cc2ncnc(Nc3ccc(F)c(Cl)c3)c2cc1NC(=O)CCCCC(=O)NO,7.0,8.214893570690393,0.16078035931955365,0.6419753086419753,1.2148935706903927
gin,2350,COCCOc1cc2ncnc(Nc3ccc(F)c(Cl)c3)c2cc1NC(=O)CCCCCCC(=O)NO,7.0,8.05169739678,0.18416558110336206,0.654320987654321,1.0516973967799998
gin,2351,COCCOc1cc2ncnc(Nc3ccc(F)c(Cl)c3)c2cc1OCCCCCCC(=O)NO,7.491483211517334,7.873742285818807,0.05936759585021915,0.7567567567567568,0.3822590743014729
gin,2354,COCCOc1cc2ncnc(Nc3ccc(NC(=O)/C=C/CN(C)C)c(C(F)(F)F)c3)c2cc1NC(=O)/C=C/CN(C)C,6.990124225616455,7.701403012529752,0.14239514003674938,0.6746987951807228,0.7112787869132973
gin,2368,COCCOc1cc2ncnc(Nc3cccc(B(O)O)c3)c2cc1OC,6.0,7.18176103742158,0.3400051263367733,0.5789473684210527,1.1817610374215803
gin,2369,COCCOc1cc2ncnc(Nc3cccc(B(O)O)c3)c2cc1OCCOC,6.0,7.330787650210226,0.2611595615982285,0.5909090909090909,1.330787650210226
gin,2372,COCC[C@@H](C(N)=O)N(C)Cc1cc2c(Nc3cccc(Cl)c3F)ncnc2cc1OC,7.650515079498291,6.752476274337798,0.023403951279636938,0.6666666666666666,0.8980388051604926
gin,2387,COCOCC#CC(=O)Nc1ccc2ncnc(Nc3cccc(Br)c3)c2c1,7.229147911071777,7.663539967227742,0.10946417795194284,0.6619718309859155,0.4343920561559642
gin,2398,COC[C@@H](C(N)=O)N(C)Cc1cc2c(Nc3cccc(Cl)c3F)ncnc2cc1OC,7.489405155181885,6.821678340934394,0.07835610279751182,0.6626506024096386,0.6677268142474908
gin,2734,COc1cc(Nc2ncnc3c(C)cc(C)cc23)cc(OC)c1OC.Cl,4.698969841003418,6.188764868382424,0.13230687702506388,0.38095238095238093,1.4897950273790057
gin,2735,COc1cc(Nc2ncnc3c(OC)c(OC)c(OC)cc23)cc(OC)c1OC.Cl,4.698969841003418,6.1484635575889754,0.13887922487034587,0.42592592592592593,1.4494937165855575
gin,2736,COc1cc(Nc2ncnc3cc(OC)c(OC)cc23)cc(OC)c1.Cl,5.522878646850586,6.178035478173896,0.14270114857146213,0.625,0.6551568313233105
gin,2741,COc1cc(Nc2ncnc3ccc(Cl)cc23)cc(OC)c1OC.Cl,6.0,6.655795332296943,0.023862345063362177,0.5166666666666667,0.6557953322969432
gin,2751,COc1cc(OC(C)C)c2c(Nc3ccc(F)c(Cl)c3)ncnc2c1,5.093234062194824,7.052468983090815,0.14823734724437093,0.6666666666666666,1.959234920895991
gin,2775,COc1cc2c(N(C)c3ccccc3)ncnc2c(OC)c1OC.Cl,4.698969841003418,5.24633082052712,0.21634952703814067,0.4827586206896552,0.5473609795237024
gin,2879,COc1cc2c(Nc3ccc(F)c(Cl)c3)ncnc2cc1OCCCCCCC(=O)NO,8.154901504516602,7.988285521200041,0.03511528662907331,0.7647058823529411,0.1666159833165608
gin,2934,COc1cc2c(Nc3cccc(Br)c3)ncnc2c(OC)c1OC,5.0,6.690233552993138,0.2566574861848363,0.6181818181818182,1.6902335529931376
gin,3052,COc1cc2nc(C)nc(Nc3cccc(Br)c3)c2cc1OC,5.0,4.991437834070851,0.370956001745808,0.55,0.008562165929149046
gin,3053,COc1cc2nc(Cl)nc(N(C)c3ccccc3)c2cc1OC,4.301030158996582,4.184700828527468,0.06826781142427717,0.47368421052631576,0.11632933046911376
gin,3054,COc1cc2nc(Cl)nc(Nc3cc(OC)c(OC)c(OC)c3)c2cc1OC.Cl,4.698969841003418,5.042759619591479,0.06076987190666993,0.4918032786885246,0.3437897785880608
gin,3055,COc1cc2nc(Cl)nc(Nc3ccc(C(=O)O)cc3)c2cc1OC,4.0,4.3592775762600695,0.24255227802450915,0.5483870967741935,0.3592775762600695
gin,3056,COc1cc2nc(Cl)nc(Nc3ccc(C(N)=O)cc3)c2cc1OC,6.045757293701172,4.455854950027032,0.18077840611714338,0.5396825396825397,1.5899023436741402
gin,3057,COc1cc2nc(Cl)nc(Nc3ccc(N(C)C)cc3)c2cc1OC,4.443697452545166,4.045493409697741,0.197241662517957,0.64,0.39820404284742494
gin,3058,COc1cc2nc(Cl)nc(Nc3ccc(NC(C)=O)cc3)c2cc1OC,4.424812316894531,4.182120587789086,0.16351757060807992,0.5483870967741935,0.24269172910544512
gin,3059,COc1cc2nc(Cl)nc(Nc3ccc(O)cc3)c2cc1OC,5.3665313720703125,4.308757466362607,0.14027228089515772,0.559322033898305,1.0577739057077054
gin,3060,COc1cc2nc(Cl)nc(Nc3ccc(S(=O)(=O)N(C)C)cc3)c2cc1OC,4.172630786895752,4.376056635949382,0.06985912021398415,0.6727272727272727,0.20342584905363026
gin,3062,COc1cc2nc(Cl)nc(Nc3ccc(S(=O)(=O)O)cc3)c2cc1OC,4.0,4.450447137185918,0.019627031564551062,0.6440677966101694,0.4504471371859182
gin,3063,COc1cc2nc(Cl)nc(Nc3ccc(S(C)(=O)=O)cc3)c2cc1OC,4.211124897003174,4.38542374925737,0.13030319760874928,0.6551724137931034,0.1742988522541964
gin,3064,COc1cc2nc(Cl)nc(Nc3ccc(S(N)(=O)=O)cc3)c2cc1OC,5.625251770019531,4.190596308866773,0.08325942859583912,0.6440677966101694,1.434655461152758
gin,3065,COc1cc2nc(N)nc(Nc3cccc(Br)c3)c2cc1OC,6.334418773651123,4.8803148777835474,0.18073289702601572,0.5666666666666667,1.4541038958675756
gin,3156,COc1cc2ncnc(N(C)c3ccc(Br)cc3F)c2cc1OC,5.0,5.279998559609204,0.1257291982811042,0.4909090909090909,0.2799985596092043
gin,3157,COc1cc2ncnc(N(C)c3ccc(C)cc3)c2cc1OC.Cl,5.397940158843994,5.337423683747055,0.07378028003253741,0.6153846153846154,0.06051647509693936
gin,3158,COc1cc2ncnc(N(C)c3ccc(Cl)cc3)c2cc1OC.Cl,5.522878646850586,5.251596785638512,0.04401290565638528,0.6140350877192983,0.2712818612120742
gin,3159,COc1cc2ncnc(N(C)c3ccc(F)c(Cl)c3)c2cc1OC,5.0,5.453422773718675,0.3689839609226098,0.7142857142857143,0.4534227737186747
gin,3162,COc1cc2ncnc(N(C)c3cccc(Br)c3)c2cc1OC,5.909078121185303,5.638116324993812,0.3992159151197396,0.6181818181818182,0.2709617961914903
gin,3163,COc1cc2ncnc(N(C)c3cccc(C(F)(F)F)c3)c2cc1OC.Cl,4.522878646850586,5.809899879960914,0.3123904250621793,0.576271186440678,1.2870212331103277
gin,3164,COc1cc2ncnc(N(C)c3cccc(C)c3)c2cc1OC.Cl,4.92081880569458,5.337440089228124,0.19627782269408275,0.6181818181818182,0.41662128353354433
gin,3165,COc1cc2ncnc(N(C)c3cccc(Cl)c3)c2cc1OC.Cl,7.0,5.380887674097526,0.1630110435665009,0.6071428571428571,1.6191123259024742
gin,3167,COc1cc2ncnc(N(C)c3ccccc3)c2cc1OC.Cl,5.397940158843994,5.243383385704831,0.09243596341285976,0.6938775510204082,0.15455677313916283
gin,3202,COc1cc2ncnc(Nc3cc(Br)cc(Br)c3)c2cc1OC,6.946921348571777,7.498755875992295,0.27641173730555585,0.6153846153846154,0.5518345274205174
gin,3204,COc1cc2ncnc(Nc3cc(Cl)c(Cl)cc3F)c2cc1OC,8.991483688354492,6.325315510983642,0.07094630885273696,0.639344262295082,2.6661681773708503
gin,3210,COc1cc2ncnc(Nc3cc(F)cc(C(F)(F)F)c3)c2cc1OC.Cl,7.698969841003418,6.864339309357415,0.1198873134835563,0.5178571428571429,0.8346305316460025
gin,3217,COc1cc2ncnc(Nc3cc(OC)c(OC)c(OC)c3)c2cc1OC.Cl,6.301030158996582,6.30213563841789,0.17357038723506135,0.6041666666666666,0.0011054794213078978
gin,3234,COc1cc2ncnc(Nc3ccc(B(O)O)cc3)c2cc1OC,6.0,5.743368194032318,0.4711764672624286,0.64,0.2566318059676824
gin,3235,COc1cc2ncnc(Nc3ccc(Br)c(Br)c3)c2cc1OC,10.142667770385742,6.6257754359012155,0.2015030835648091,0.6326530612244898,3.5168923344845266
gin,3236,COc1cc2ncnc(Nc3ccc(Br)cc3)c2cc1OC,9.017728805541992,6.059563341737729,0.12749856030097637,0.68,2.9581654638042636
gin,3237,COc1cc2ncnc(Nc3ccc(Br)cc3F)c2cc1OC,5.2441253662109375,6.241373643594304,0.1241659146049205,0.7017543859649122,0.9972482773833669
gin,3241,COc1cc2ncnc(Nc3ccc(C(C)(F)F)cc3)c2cc1OC,5.327902317047119,6.4341697485054254,0.2120908755402071,0.5961538461538461,1.1062674314583063
gin,3247,COc1cc2ncnc(Nc3ccc(F)c(Cl)c3)c2cc1B(O)O,6.2924299240112305,7.4896197163264375,0.4611507684854077,0.6842105263157895,1.197189792315207
gin,3249,COc1cc2ncnc(Nc3ccc(F)c(Cl)c3)c2cc1CCCCCC(=O)NO,7.0,8.005166233802512,0.10026673312977831,0.618421052631579,1.0051662338025125
gin,3250,COc1cc2ncnc(Nc3ccc(F)c(Cl)c3)c2cc1CN(C(C)C)[C@@H](C)C(N)=O,9.0,7.1845962432083965,0.054108865787520256,0.6,1.8154037567916035
gin,3251,COc1cc2ncnc(Nc3ccc(F)c(Cl)c3)c2cc1CN(C)[C@@H](C)C(N)=O,8.09691047668457,7.296574866084484,0.05829147007734253,0.6075949367088608,0.8003356106000865
gin,3252,COc1cc2ncnc(Nc3ccc(F)c(Cl)c3)c2cc1CN(C)[C@H](C)C(N)=O,8.045757293701172,7.891390974799066,0.18504557254381085,0.6075949367088608,0.15436631890210606
gin,3258,COc1cc2ncnc(Nc3ccc(F)c(Cl)c3)c2cc1NC(=O)/C(F)=C/CN(C)C,8.937421798706055,9.070707947598052,0.1509464454372978,0.7792207792207793,0.1332861488919974
gin,3263,COc1cc2ncnc(Nc3ccc(F)c(Cl)c3)c2cc1NC(=O)/C=C/CN(C(C)C)C(C)C,8.372364044189453,7.9370061512040735,0.0719600857469315,0.7837837837837838,0.43535789298537964
gin,3274,COc1cc2ncnc(Nc3ccc(F)c(Cl)c3)c2cc1NC(=O)CCCC(=O)NO,7.0,8.356286665947295,0.162267928898498,0.7,1.3562866659472945
gin,3275,COc1cc2ncnc(Nc3ccc(F)c(Cl)c3)c2cc1NC(=O)CCCCCCC(=O)NO,7.838890552520752,8.145534860896376,0.23271305159014907,0.6901408450704225,0.30664430837562406
gin,3279,COc1cc2ncnc(Nc3ccc(F)c(Cl)c3)c2cc1OC,8.045757293701172,6.981715418781963,0.11532117278709114,0.8043478260869565,1.0640418749192087
gin,3281,COc1cc2ncnc(Nc3ccc(F)c(Cl)c3)c2cc1OCC(=O)NO,7.0,8.17441861180076,0.08916222416550536,0.746268656716418,1.1744186118007605
gin,3282,COc1cc2ncnc(Nc3ccc(F)c(Cl)c3)c2cc1OCC(O)CN,8.221848487854004,7.99199415924042,0.2333121920162772,0.7352941176470589,0.2298543286135839
gin,3283,COc1cc2ncnc(Nc3ccc(F)c(Cl)c3)c2cc1OCC(O)CN(CCO)CCO,8.301030158996582,7.187820211706516,0.3291438109399021,0.684931506849315,1.1132099472900663
gin,3286,COc1cc2ncnc(Nc3ccc(F)c(Cl)c3)c2cc1OCCBr,7.742321491241455,8.266160782309527,0.31931537953948075,0.7377049180327869,0.5238392910680716
gin,3287,COc1cc2ncnc(Nc3ccc(F)c(Cl)c3)c2cc1OCCC(=O)NO,7.574370861053467,8.238887433399682,0.06976810945602901,0.7761194029850746,0.6645165723462156
gin,3288,COc1cc2ncnc(Nc3ccc(F)c(Cl)c3)c2cc1OCCCC(=O)NO,7.553952693939209,8.18249477197402,0.05367451832692815,0.7647058823529411,0.6285420780348119
gin,3289,COc1cc2ncnc(Nc3ccc(F)c(Cl)c3)c2cc1OCCCCC(=O)NO,7.5134358406066895,8.12695086518319,0.054221527010192366,0.7536231884057971,0.6135150245765004
gin,3290,COc1cc2ncnc(Nc3ccc(F)c(Cl)c3)c2cc1OCCCCCC(=O)NO,7.734260559082031,8.05588182153025,0.03984883189208965,0.7647058823529411,0.3216212624482182
gin,3291,COc1cc2ncnc(Nc3ccc(F)c(Cl)c3)c2cc1OCCCCCCC(=O)NO,8.508638381958008,7.976853926609294,0.03174701704087405,0.7647058823529411,0.5317844553487134
gin,3292,COc1cc2ncnc(Nc3ccc(F)c(Cl)c3)c2cc1OCCCCCCN(O)C(N)=O,7.0,7.658050404569792,0.1521634256075794,0.64,0.6580504045697921
gin,3297,COc1cc2ncnc(Nc3ccc(F)c(Cl)c3)c2cc1OCCCN(C)C,7.3098039627075195,7.934231765060275,0.037881047001643145,0.71875,0.6244278023527556
gin,3308,COc1cc2ncnc(Nc3ccc(F)c(Cl)c3)c2cc1OCCCNCCN,7.866461277008057,8.040829917563698,0.09635031621426304,0.7076923076923077,0.17436864055564172
gin,3311,COc1cc2ncnc(Nc3ccc(F)c(Cl)c3)c2cc1OCCN(C)C,8.154901504516602,7.78790936403955,0.0550176135845568,0.7142857142857143,0.366992140477052
gin,3312,COc1cc2ncnc(Nc3ccc(F)c(Cl)c3)c2cc1OCCN(CCO)CCO,7.455932140350342,7.348866018448483,0.311625471054529,0.6716417910447762,0.10706612190185893
gin,3323,COc1cc2ncnc(Nc3ccc(F)c(Cl)c3)c2cc1OCCNC(C)(C)C,7.0,7.443029177166196,0.04986494905164586,0.6923076923076923,0.4430291771661956
gin,3324,COc1cc2ncnc(Nc3ccc(F)c(Cl)c3)c2cc1OCCNC(C)(CO)CO,7.161150932312012,7.779277221835251,0.25245316961992964,0.6521739130434783,0.6181262895232393
gin,3325,COc1cc2ncnc(Nc3ccc(F)c(Cl)c3)c2cc1OCCNC(C)C,6.508638381958008,8.003151052239517,0.09434938038998718,0.71875,1.4945126702815088
gin,3326,COc1cc2ncnc(Nc3ccc(F)c(Cl)c3)c2cc1OCCNCCN,7.917214393615723,8.035126250886307,0.06655618309235896,0.7076923076923077,0.11791185727058462
gin,3327,COc1cc2ncnc(Nc3ccc(F)c(Cl)c3)c2cc1OCCNCCN(C)C,8.698969841003418,7.789337945558614,0.16923367078243376,0.6617647058823529,0.9096318954448037
gin,3328,COc1cc2ncnc(Nc3ccc(F)c(Cl)c3)c2cc1OCCO,7.197910785675049,8.154541941904071,0.17537467567448356,0.7377049180327869,0.9566311562290224
gin,3337,COc1cc2ncnc(Nc3ccc(F)c(Cl)c3)c2cc1S(=O)(=O)CCCCCCC(=O)NO,7.812479496002197,7.741068495559027,0.1722158032006548,0.5875,0.07141100044317028
gin,3338,COc1cc2ncnc(Nc3ccc(F)c(Cl)c3)c2cc1SCCCCC(=O)NO,7.0,8.097431492103624,0.05803448762819748,0.6025641025641025,1.097431492103624
gin,3339,COc1cc2ncnc(Nc3ccc(F)c(Cl)c3)c2cc1SCCCCCCC(=O)NO,7.850573539733887,7.924537485931836,0.05202719626587169,0.5949367088607594,0.07396394619794933
gin,3340,COc1cc2ncnc(Nc3ccc(F)cc3)c2cc1OC.Cl,7.2924299240112305,6.330321330550991,0.047749122067756895,0.6739130434782609,0.9621085934602398
gin,3347,COc1cc2ncnc(Nc3ccc(NC(=O)OC(C)C)c(C)c3)c2cc1OC,5.236571788787842,5.221558710665093,0.1754501087926912,0.6027397260273972,0.01501307812274888
gin,3348,COc1cc2ncnc(Nc3ccc(NC(=O)OC(C)C)cc3)c2cc1OC,5.318758964538574,5.177447286748247,0.16098320817795173,0.6923076923076923,0.14131167779032694
gin,3349,COc1cc2ncnc(Nc3ccc(NC(C)=O)c(C)c3)c2cc1OC.Cl,5.0,5.6101665969754855,0.110423677049983,0.6333333333333333,0.6101665969754855
gin,3350,COc1cc2ncnc(Nc3ccc(NC(C)=O)cc3)c2cc1OC,5.0,5.248467613617301,0.0702071783736601,0.7659574468085106,0.24846761361730074
gin,3351,COc1cc2ncnc(Nc3ccc(O)cc3)c2cc1OC.Cl,7.0,6.247785128881574,0.10074663679822875,0.6666666666666666,0.7522148711184258
gin,3364,COc1cc2ncnc(Nc3cccc(B(O)O)c3)c2cc1OC,6.0,6.387727141468107,0.4463406201028056,0.673469387755102,0.3877271414681074
gin,3365,COc1cc2ncnc(Nc3cccc(Br)c3)c2c(OC)c1OC,9.173925399780273,7.292839468511531,0.06151260972846729,0.5660377358490566,1.8810859312687427
gin,3366,COc1cc2ncnc(Nc3cccc(Br)c3)c2cc1N,8.4201021194458,7.863295630786965,0.13711013043339132,0.6428571428571429,0.556806488658836
gin,3367,COc1cc2ncnc(Nc3cccc(Br)c3)c2cc1NC(=O)/C(F)=C/CN(C)C,8.332974433898926,9.209832811604258,0.09550673192683895,0.6875,0.8768583777053323
gin,3368,COc1cc2ncnc(Nc3cccc(Br)c3)c2cc1NC(=O)/C(F)=C\CN(C)C,8.301030158996582,9.336133586007236,0.16329908765749848,0.6875,1.0351034270106538
gin,3370,COc1cc2ncnc(Nc3cccc(Br)c3)c2cc1OC,7.522878646850586,7.166403730573933,0.06239910582193123,0.76,0.3564749162766532
gin,3371,COc1cc2ncnc(Nc3cccc(Br)c3)c2cc1OC.Cl,8.585026741027832,6.9837488934279115,0.11677673051307101,0.7450980392156863,1.6012778475999205
gin,3374,COc1cc2ncnc(Nc3cccc(Br)c3)c2cc1[N+](=O)[O-],7.8218913078308105,7.238560837918051,0.20363059158417537,0.6231884057971014,0.5833304699127595
gin,3376,COc1cc2ncnc(Nc3cccc(C#CC(C)(C)O)c3)c2cc1OC,6.686554431915283,6.319665609731203,0.20717269031295119,0.7450980392156863,0.36688882218408025
gin,3377,COc1cc2ncnc(Nc3cccc(C#CCCCO)c3)c2cc1OC,5.865631580352783,7.248770404601643,0.14710045853369969,0.7037037037037037,1.38313882424886
gin,3378,COc1cc2ncnc(Nc3cccc(C#CCCO)c3)c2cc1OC,6.395666122436523,7.174665430908732,0.13706039188668737,0.7307692307692307,0.7789993084722084
gin,3379,COc1cc2ncnc(Nc3cccc(C#CCO)c3)c2cc1OC,5.784204006195068,6.840769504738752,0.18228257161060002,0.76,1.0565654985436836
gin,3381,COc1cc2ncnc(Nc3cccc(C#N)c3)c2cc1OC,6.384260177612305,6.347689821687059,0.07849216996690694,0.7872340425531915,0.036570355925245934
gin,3383,COc1cc2ncnc(Nc3cccc(C(F)(F)F)c3)c2cc1OC,9.60994815826416,7.162823727050096,0.059091222669413794,0.673469387755102,2.447124431214064
gin,3384,COc1cc2ncnc(Nc3cccc(C)c3)c2cc1OC,8.319135665893555,6.610543685807482,0.03332811375214531,0.7333333333333333,1.708591980086073
gin,3385,COc1cc2ncnc(Nc3cccc(Cl)c3)c2cc1B(O)O,6.337242126464844,7.133097078628488,0.47548903732384984,0.6379310344827587,0.7958549521636442
gin,3387,COc1cc2ncnc(Nc3cccc(Cl)c3)c2cc1OC,8.301030158996582,6.56049743337973,0.07190227995590917,0.717391304347826,1.740532725616852
gin,3388,COc1cc2ncnc(Nc3cccc(Cl)c3)c2cc1OC.Cl,8.211254119873047,6.467830879245991,0.05091170685376868,0.7021276595744681,1.743423240627056
gin,3390,COc1cc2ncnc(Nc3cccc(Cl)c3F)c2cc1CN(C(C)C)[C@@H](C)C(N)=O,8.150514602661133,7.0431031328105576,0.026874022992271467,0.6585365853658537,1.1074114698505753
gin,3396,COc1cc2ncnc(Nc3cccc(Cl)c3F)c2cc1CN(C)CC(N)=O,7.522878646850586,7.777205717563135,0.13600333708814707,0.7105263157894737,0.2543270707125487
gin,3397,COc1cc2ncnc(Nc3cccc(Cl)c3F)c2cc1CN(C)[C@@H](C)C(N)=O,7.849484920501709,7.173459031234813,0.11992635711808688,0.6883116883116883,0.6760258892668958
gin,3398,COc1cc2ncnc(Nc3cccc(Cl)c3F)c2cc1CN(C)[C@@H](CN(C)C)C(N)=O,7.212984561920166,7.116363876561387,0.0867698548303056,0.6625,0.09662068535877921
gin,3399,COc1cc2ncnc(Nc3cccc(Cl)c3F)c2cc1CN(C)[C@@H](CO)C(N)=O,7.610924243927002,7.167177647345881,0.05849081447421448,0.6708860759493671,0.44374659658112137
gin,3400,COc1cc2ncnc(Nc3cccc(Cl)c3F)c2cc1CN(C)[C@H](C)C(=O)N(C)C,7.221848964691162,7.316550968186235,0.19971160954396946,0.6463414634146342,0.09470200349507252
gin,3401,COc1cc2ncnc(Nc3cccc(Cl)c3F)c2cc1CN(C)[C@H](C)C(N)=O,7.784317970275879,7.786880954119638,0.11353605030535138,0.6883116883116883,0.0025629838437595254
gin,3402,COc1cc2ncnc(Nc3cccc(Cl)c3F)c2cc1CN(CCN(C)C)[C@@H](C)C(N)=O,6.983288288116455,6.846817117462155,0.19204635809491258,0.6470588235294118,0.1364711706542998
gin,3416,COc1cc2ncnc(Nc3cccc(Cl)c3F)c2cc1CN[C@H](C)C(N)=O,6.872363567352295,7.630242475703199,0.19601212927954126,0.6712328767123288,0.7578789083509037
gin,3434,COc1cc2ncnc(Nc3cccc(F)c3)c2cc1OC,8.4201021194458,6.752356342221113,0.06618996562682543,0.717391304347826,1.6677457772246882
gin,3435,COc1cc2ncnc(Nc3cccc(F)c3)c2cc1OC.Cl,7.549134731292725,6.6660673425163495,0.06235470937155824,0.7021276595744681,0.8830673887763751
gin,3436,COc1cc2ncnc(Nc3cccc(I)c3)c2cc1OC,9.05029296875,7.3096937824464945,0.2198404683019303,0.717391304347826,1.7405991863035055
gin,3437,COc1cc2ncnc(Nc3cccc(I)c3)c2cc1OC.Cl,8.193819999694824,7.118105161539418,0.13495871229603235,0.7021276595744681,1.075714838155406
gin,3445,COc1cc2ncnc(Nc3cccc(SC)c3)c2cc1OC,6.897223472595215,6.178135557507178,0.0784051105454338,0.6875,0.7190879150880365
gin,3446,COc1cc2ncnc(Nc3ccccc3)c2cc1OC,7.113417148590088,6.339628760593932,0.0645798399795903,0.8048780487804879,0.7737883879961558
gin,3447,COc1cc2ncnc(Nc3ccccc3)c2cc1OC.Cl,7.301030158996582,6.324772901779178,0.006503816502736069,0.7857142857142857,0.9762572572174042
gin,3448,COc1cc2ncnc(Nc3ccccc3Br)c2cc1OC,6.892789840698242,6.119567016793893,0.27137595877702786,0.6041666666666666,0.7732228239043488
gin,3449,COc1cc2ncnc(Nc3ccccc3C(F)(F)F)c2cc1OC,5.0,6.647488716405945,0.3775647978797518,0.5689655172413793,1.6474887164059453
gin,3450,COc1cc2ncnc(Nc3ccccc3F)c2cc1OC.Cl,7.4921441078186035,6.369822446482492,0.28582754552292444,0.6181818181818182,1.1223216613361116
gin,3681,COc1ccc(Nc2ncnc3cc(OC)c(OC)cc23)cc1.Cl,6.602059841156006,5.902291788020707,0.03783564805323006,0.7954545454545454,0.6997680531352986
gin,3682,COc1ccc(Nc2ncnc3cc(OC)c(OC)cc23)cc1OC,5.552842140197754,5.428760103127573,0.17448368125999608,0.6888888888888889,0.12408203707018117
gin,3683,COc1ccc(Nc2ncnc3cc(OC)c(OC)cc23)cc1OC.Cl,6.455932140350342,5.494168603478489,0.1821211980612084,0.7111111111111111,0.9617635368718531
gin,3709,COc1ccc2c(Nc3cccc(Br)c3)ncnc2c1,8.0,7.5966546821126215,0.1857913178947366,0.6521739130434783,0.4033453178873785
gin,3710,COc1ccc2c(Nc3cccc(Br)c3)ncnc2c1OC,5.0,5.707206252771201,0.2554819492412277,0.6,0.7072062527712006
gin,3712,COc1ccc2c(Nc3ccccc3)ncnc2c1,6.92081880569458,6.651403326857288,0.2237843637378311,0.625,0.269415478837292
gin,3742,COc1ccc2ncnc(N(C)c3ccccc3)c2c1.Cl,4.698969841003418,5.3947650316719304,0.27376728849004334,0.5087719298245614,0.6957951906685125
gin,3744,COc1ccc2ncnc(Nc3cc(OC)c(OC)c(OC)c3)c2c1.Cl,7.0,6.614238125195463,0.02963057748603307,0.5769230769230769,0.38576187480453683
gin,3747,COc1ccc2ncnc(Nc3cccc(Br)c3)c2c1,7.522878646850586,7.765017028064278,0.18346865482138167,0.6666666666666666,0.24213838121369236
gin,3748,COc1ccc2ncnc(Nc3cccc(Br)c3)c2c1OC,5.863755226135254,6.896127593779532,0.12777987234031313,0.5961538461538461,1.0323723676442782
gin,3750,COc1ccc2ncnc(Nc3ccccc3)c2c1,7.2548346519470215,6.8575681552373124,0.3641000735755425,0.7727272727272727,0.39726649670970904
gin,3751,COc1ccc2ncnc(Nc3ccccc3)c2c1.Cl,6.919987201690674,6.79528512110097,0.29472420930049426,0.7555555555555555,0.12470208058970389
gin,3864,COc1nc(N(C)c2ccccc2)c2cc(OC)c(OC)cc2n1,4.301030158996582,4.699703744420148,0.1726002320533007,0.48214285714285715,0.3986735854235661
gin,3889,CS(=O)(=O)CCNCCCCOc1ccc2ncnc(Nc3ccc(F)c(Cl)c3)c2c1,7.424399375915527,7.7044683114343115,0.050229853191904886,0.6911764705882353,0.2800689355187842
gin,3945,CSCCCNc1ccc2ncnc(Nc3cccc(Cl)c3)c2c1,5.2924299240112305,7.260376158224929,0.046511223330759695,0.6428571428571429,1.9679462342136986
gin,4180,Cc1cc(C)c2ncnc(N(C)c3ccccc3)c2c1,4.698969841003418,4.7055787387272545,0.1953894813980952,0.3728813559322034,0.006608897723836549
gin,4410,Cc1cccc(N(C)c2ncnc3cc(C)c(C)cc23)c1.Cl,5.187086582183838,6.031392452012039,0.6260539408869571,0.4406779661016949,0.8443058698282009
gin,4430,Cc1cccc(Nc2ncnc3ccc(N(C)C(=O)N(CCCl)N=O)cc23)c1,5.94347620010376,6.50733037822441,0.27737386664366653,0.43209876543209874,0.5638541781206499
gin,4431,Cc1cccc(Nc2ncnc3ccc(N)cc23)c1,6.0,8.046530031108134,0.09908541642205772,0.6122448979591837,2.0465300311081336
gin,4432,Cc1cccc(Nc2ncnc3ccc(NC(=O)N(C)CCCl)cc23)c1,5.771343231201172,6.666537050037803,0.17360139029563168,0.4714285714285714,0.8951938188366313
gin,4433,Cc1cccc(Nc2ncnc3ccc(NC(=O)N(CCCl)N=O)cc23)c1,5.974284648895264,6.156065384922198,0.2117890453529152,0.4520547945205479,0.18178073602693434
gin,4434,Cc1cccc(Nc2ncnc3ccc(NC(=O)NCCCl)cc23)c1,6.170053482055664,7.026232954692123,0.12561904521331393,0.5735294117647058,0.8561794726364589
gin,4435,Cc1cccc(Nc2ncnc3ccccc23)c1,6.0400004386901855,7.135689644296811,0.20531370466569843,0.5652173913043478,1.0956892056066252
gin,4581,Cl.Clc1cccc(Nc2ncnc3ccccc23)c1,7.301030158996582,6.914164060031876,0.16991196205946602,0.6,0.38686609896470614
gin,4611,ClCCNc1ccc2ncnc(Nc3cccc(Br)c3)c2c1,8.0,7.630158310866307,0.06850557298498929,0.72,0.3698416891336933
gin,4612,ClCCNc1ccc2ncnc(Nc3cccc(Cl)c3)c2c1,7.585026741027832,7.157121226244456,0.018351110769794402,0.72,0.4279055147833759
gin,4668,Clc1cccc(Nc2ncnc3ccc(Cl)cc23)c1,5.568636417388916,7.225319171915956,0.13541988543813538,0.7111111111111111,1.65668275452704
gin,4677,Clc1cccc(Nc2ncnc3ccccc23)c1,7.638272285461426,7.069436927883238,0.15341791309794434,0.6136363636363636,0.5688353575781875
gin,4739,FC(F)(F)c1cccc(Nc2ncnc3ccccc23)c1,6.238824367523193,7.513126799820775,0.16054666763854503,0.5660377358490566,1.2743024322975813
gin,4774,Fc1ccc(Nc2ncnc3ccccc23)cc1Cl,7.522878646850586,7.5386978926973995,0.06895519896321678,0.6086956521739131,0.0158192458468136
gin,4839,Fc1cccc(Nc2ncnc3ccccc23)c1,7.250921726226807,7.264863015659195,0.20928433785227502,0.52,0.01394128943238826
gin,4841,Ic1cccc(Nc2ncnc3ccccc23)c1,7.093462944030762,8.073951501248075,0.1360418306976671,0.5283018867924528,0.9804885572173134
gin,4933,N#CCC(=O)Nc1ccc2ncnc(Nc3cccc(Br)c3)c2c1,9.769551277160645,8.209034898587802,0.10254552835524683,0.6949152542372882,1.5605163785728422
gin,4995,NC(=O)Nc1ccc2ncnc(Nc3ccc(Br)cc3)c2c1,6.56383752822876,7.226914362060029,0.18326997620371313,0.5892857142857143,0.6630768338312691
gin,4996,NC(=O)Nc1ccc2ncnc(Nc3ccc(Cl)cc3)c2c1,7.214670181274414,7.196326550797096,0.16367141489493908,0.6666666666666666,0.01834363047731813
gin,4997,NC(=O)Nc1ccc2ncnc(Nc3ccc(F)c(Cl)c3)c2c1,6.501689434051514,8.109221786569805,0.34894448680766227,0.8627450980392157,1.607532352518291
gin,5109,Nc1cc2c(Nc3cccc(Br)c3)ncnc2cc1Cl,8.183541297912598,8.452383200893465,0.21438693066316236,0.6521739130434783,0.2688419029808671
gin,5125,Nc1cc2ncnc(Nc3cccc(Br)c3)c2cc1N,9.920456886291504,8.278953559928581,0.052107218791075556,0.7142857142857143,1.6415033263629226
gin,5126,Nc1cc2ncnc(Nc3cccc(Br)c3)c2cc1[N+](=O)[O-],7.275723934173584,7.44604831310118,0.034068528801206074,0.5882352941176471,0.1703243789275959
gin,5157,Nc1ccc2c(Nc3cccc(Br)c3)ncnc2c1,10.0,8.338550869691915,0.24496792726284336,0.6744186046511628,1.6614491303080854
gin,5159,Nc1ccc2c(Nc3cccc(C(F)(F)F)c3)ncnc2c1,8.48076343536377,7.788610441585902,0.23919183271105243,0.6037735849056604,0.6921529937778672
gin,5160,Nc1ccc2c(Nc3cccc(Cl)c3)ncnc2c1,9.602060317993164,7.622128174868365,0.20749753668024926,0.5416666666666666,1.979932143124799
gin,5161,Nc1ccc2c(Nc3cccc(F)c3)ncnc2c1,8.698969841003418,7.807396022076631,0.28974452873176354,0.5102040816326531,0.891573818926787
gin,5162,Nc1ccc2c(Nc3cccc(I)c3)ncnc2c1,9.455931663513184,8.558903684131181,0.2525269553553621,0.5272727272727272,0.8970279793820026
gin,5163,Nc1ccc2c(Nc3ccccc3)ncnc2c1,7.0,7.3595291925198225,0.32936854614099204,0.5111111111111111,0.3595291925198225
gin,5168,Nc1ccc2ncnc(Nc3ccc(F)c(Cl)c3)c2c1,7.537601947784424,8.37677375298226,0.15892820122566853,0.6226415094339622,0.8391718051978359
gin,5169,Nc1ccc2ncnc(Nc3cccc(Br)c3)c2c1,7.377243518829346,8.640220851512055,0.12723733476119167,0.6744186046511628,1.2629773326827092
gin,5171,Nc1ccc2ncnc(Nc3cccc(C(F)(F)F)c3)c2c1,6.240543842315674,7.997024451704974,0.09632099624380885,0.6346153846153846,1.7564806093892997
gin,5172,Nc1ccc2ncnc(Nc3cccc(Cl)c3)c2c1,6.698969841003418,7.980005444505736,0.09248829551769142,0.6326530612244898,1.2810356035023176
gin,5173,Nc1ccc2ncnc(Nc3ccccc3)c2c1,6.111753940582275,7.743152935455811,0.22023110730942352,0.5102040816326531,1.6313989948735355
gin,5357,O=C(/C=C/C(F)(F)F)Cc1ccc2ncnc(Nc3cccc(Br)c3)c2c1,8.759950637817383,8.350089446895254,0.30690680040620316,0.5588235294117647,0.409861190922129
gin,5445,O=C(C#CCO)Nc1ccc2ncnc(Nc3ccc(F)c(Cl)c3)c2c1,8.22796630859375,7.784497856742604,0.18758302085084164,0.7230769230769231,0.44346845185114603
gin,5446,O=C(C#CCO)Nc1ccc2ncnc(Nc3cccc(Br)c3)c2c1,8.698969841003418,7.907371689927359,0.15571011804284982,0.7419354838709677,0.7915981510760588
gin,5470,O=C(CCCCCCOc1ccc2ncnc(Nc3ccc(F)c(Cl)c3)c2c1)NO,7.037343978881836,7.777023758293403,0.14723966961823917,0.7285714285714285,0.739679779411567
gin,5478,O=C(CCCCCOc1ccc2ncnc(Nc3ccc(F)c(Cl)c3)c2c1)NO,7.0,7.837784469270119,0.1511405286768692,0.7285714285714285,0.8377844692701188
gin,5483,O=C(CCCCOc1ccc2ncnc(Nc3ccc(F)c(Cl)c3)c2c1)NO,7.0,7.872750573100205,0.1534763899747997,0.7142857142857143,0.8727505731002054
gin,5486,O=C(CCCOc1ccc2ncnc(Nc3ccc(F)c(Cl)c3)c2c1)NO,7.0,7.892473958620471,0.14054250183733918,0.7076923076923077,0.8924739586204709
gin,5490,O=C(CCOc1ccc2ncnc(Nc3ccc(F)c(Cl)c3)c2c1)NO,7.0,7.877165951492586,0.11081027113110245,0.71875,0.8771659514925858
gin,5496,O=C(CCl)Nc1ccc2ncnc(Nc3cc(Cl)c(Cl)cc3F)c2c1,7.712984561920166,6.858933328600482,0.2392339266615008,0.5076923076923077,0.8540512333196837
gin,5497,O=C(CCl)Nc1ccc2ncnc(Nc3cccc(Br)c3)c2c1,8.0,7.711322332665013,0.2877918400663027,0.7321428571428571,0.2886776673349871
gin,5498,O=C(CCl)Nc1ccc2ncnc(Nc3cccc(I)c3)c2c1,8.0,7.898337016621554,0.1955381257079123,0.5645161290322581,0.10166298337844637
gin,5516,O=C(COc1ccc2ncnc(Nc3ccc(F)c(Cl)c3)c2c1)NO,7.0,7.827802830513875,0.06267988812716148,0.746031746031746,0.8278028305138747
gin,5555,O=C(NCCCl)Nc1ccc2ncnc(Nc3cccc(Br)c3)c2c1,7.744727611541748,7.468032795847378,0.09329211020296493,0.7258064516129032,0.2766948156943698
gin,5556,O=C(NCCCl)Nc1ccc2ncnc(Nc3cccc(Cl)c3)c2c1,7.6575775146484375,7.0484667535605325,0.045113516252773336,0.6129032258064516,0.609110761087905
gin,5714,O=C(O)/C=C/C(=O)Cc1ccc2ncnc(Nc3cccc(Br)c3)c2c1,9.430041313171387,7.0781588560918,0.7112342480133997,0.609375,2.3518824570795864
gin,5926,O=NN(CCCl)C(=O)Nc1ccc2ncnc(Nc3cccc(Br)c3)c2c1,7.327902317047119,6.762263601135519,0.31052198285718247,0.582089552238806,0.5656387159116001
gin,5927,O=NN(CCCl)C(=O)Nc1ccc2ncnc(Nc3cccc(Cl)c3)c2c1,7.173925399780273,6.306246186455479,0.25664414068959324,0.5671641791044776,0.8676792133247941
gin,5950,O=[N+]([O-])c1cc2c(Nc3cccc(Br)c3)ncnc2cc1Cl,7.601020336151123,7.606763511925145,0.15730028810410604,0.5882352941176471,0.005743175774021836
gin,5953,O=[N+]([O-])c1ccc2c(Nc3cccc(Br)c3)ncnc2c1,6.0,7.816538233172054,0.17288733064736322,0.6428571428571429,1.8165382331720537
gin,5954,O=[N+]([O-])c1ccc2c(Nc3cccc(C(F)(F)F)c3)ncnc2c1,5.0,7.4602026346136086,0.06052593188377069,0.6333333333333333,2.4602026346136086
gin,5955,O=[N+]([O-])c1ccc2c(Nc3cccc(Cl)c3)ncnc2c1,6.090757846832275,7.2059337781681165,0.2164036893150415,0.5873015873015873,1.1151759313358411
gin,5956,O=[N+]([O-])c1ccc2c(Nc3cccc(F)c3)ncnc2c1,5.212335109710693,7.375444396759242,0.12794237852818008,0.4838709677419355,2.163109287048549
gin,5957,O=[N+]([O-])c1ccc2c(Nc3cccc(I)c3)ncnc2c1,6.263803482055664,7.991183434231758,0.3010151021224804,0.4838709677419355,1.7273799521760935
gin,5958,O=[N+]([O-])c1ccc2c(Nc3ccccc3)ncnc2c1,4.92081880569458,6.940356187807367,0.04400166101171232,0.5769230769230769,2.0195373821127873
gin,5960,O=[N+]([O-])c1ccc2ncnc(Nc3cccc(Br)c3)c2c1,6.042879104614258,7.923170084920855,0.20794678240633993,0.6666666666666666,1.8802909803065972
gin,5961,O=[N+]([O-])c1ccc2ncnc(Nc3cccc(C(F)(F)F)c3)c2c1,5.0,7.431576374813119,0.11430247600010508,0.6610169491525424,2.431576374813119
gin,5962,O=[N+]([O-])c1ccc2ncnc(Nc3ccccc3)c2c1,5.301030158996582,7.067782944492286,0.049850503940446135,0.6078431372549019,1.7667527854957044
gin,5970,O=[N+]([O-])c1cccc2c(Nc3cccc(Br)c3)ncnc12,5.0,5.928500342096406,0.25688737075069623,0.7115384615384616,0.928500342096406
gin,5991,OB(O)/C=C/COc1ccc2ncnc(Nc3cccc(Cl)c3)c2c1,6.568636417388916,7.14371447835417,0.3159863675634981,0.6557377049180327,0.5750780609652537
gin,5993,OB(O)c1ccc2ncnc(Nc3ccc(F)c(Cl)c3)c2c1,6.096909999847412,7.695516387263986,0.4699622282745464,0.5789473684210527,1.5986063874165737
gin,5994,OB(O)c1ccc2ncnc(Nc3cccc(Cl)c3)c2c1,6.187086582183838,7.309678237489813,0.5073703680042801,0.7169811320754716,1.1225916553059747
gin,6000,OCC#Cc1ccc2ncnc(Nc3ccc(F)c(Cl)c3)c2c1,7.850780963897705,7.7964710265206065,0.04013448120633382,0.711864406779661,0.05430993737709855
gin,6009,OCCC#Cc1ccc2ncnc(Nc3ccc(F)c(Cl)c3)c2c1,6.730954170227051,8.094348149945773,0.14837899308796482,0.6885245901639344,1.3633939797187224
gin,6010,OCCCC#Cc1ccc2ncnc(Nc3ccc(F)c(Cl)c3)c2c1,6.942333698272705,8.148679550115418,0.13686095698413023,0.6666666666666666,1.2063458518427126
gin,6079,Oc1cc2ncnc(Nc3cccc(Br)c3)c2cc1O,9.769551277160645,8.196042423793088,0.2982410533725534,0.7142857142857143,1.5735088533675565
gin,6094,Oc1ccc2c(Nc3cccc(Br)c3)ncnc2c1,8.323965072631836,8.36630572363498,0.07928570406222456,0.6590909090909091,0.0423406510031441
gin,6112,S=C=Nc1ccc2ncnc(Nc3cccc(Br)c3)c2c1,6.055517196655273,7.123926151001481,0.22189911526257236,0.58,1.0684089543462072
gin,6152,c1ccc(Nc2ncnc3ccccc23)cc1,6.463441371917725,6.74339514659448,0.3658324863953269,0.5714285714285714,0.27995377467675553
gin,76,Brc1cccc(Nc2ncnc3ccncc23)c1,7.452974319458008,7.904078601889708,0.12287419488605378,0.6590909090909091,0.4511042824317002
gin,473,C=CC(=O)Nc1cc2ncnc(Nc3cccc(Cl)c3)c2cn1,9.270025253295898,9.235130118931323,0.12165435691444647,0.53125,0.03489513436457514
gin,780,CC(=O)Nc1c(Br)cccc1Nc1ncnc2ccncc12,7.530030727386475,7.024169634076331,0.5681974021341376,0.5692307692307692,0.505861093310144
gin,783,CC(=O)Nc1cc2ncnc(Nc3cccc(Br)c3)c2cn1,7.537601947784424,8.65734078989432,0.09157305223838115,0.5806451612903226,1.1197388421098964
gin,788,CC(=O)Nc1ccc(Nc2ncnc3cc(N)ncc23)cc1,5.0,4.761045531429403,0.18677518702591853,0.5714285714285714,0.2389544685705971
gin,800,CC(=O)Nc1cccc(Nc2ncnc3cc(N)ncc23)c1,5.0,5.597491711197552,0.11346970860987214,0.6,0.5974917111975522
gin,1896,CN(C)CCCCCNc1c(Br)cccc1Nc1ncnc2ccncc12,8.070019721984863,8.204600644176594,0.13865277405633503,0.676923076923077,0.13458092219173068
gin,1897,CN(C)CCCCCNc1cc2ncnc(Nc3cccc(Br)c3)c2cn1,8.077851295471191,8.575234049749412,0.07219643057934647,0.671875,0.4973827542782203
gin,1898,CN(C)CCCCNc1c(Br)cccc1Nc1ncnc2ccncc12,8.130005836486816,8.236185553375265,0.11027547767374918,0.6875,0.10617971688844818
gin,1900,CN(C)CCCCNc1cc2ncnc(Nc3cccc(Br)c3)c2cn1,8.130387306213379,8.624529050507235,0.05414377382448568,0.6825396825396826,0.4941417442938558
gin,1911,CN(C)CCCNc1c(Br)cccc1Nc1ncnc2ccncc12,8.049976348876953,8.235152868592266,0.062347957104485166,0.7096774193548387,0.1851765197153128
gin,1913,CN(C)CCCNc1cc2ncnc(Nc3cccc(Br)c3)c2cn1,8.05774974822998,8.647233792165977,0.04322405756923908,0.6935483870967742,0.5894840439359967
gin,1921,CN(C)CCN(C)c1c(Br)cccc1Nc1ncnc2ccncc12,7.389978885650635,7.176624872698483,0.1695402473748388,0.5373134328358209,0.21335401295215206
gin,1923,CN(C)CCN(C)c1cc2ncnc(Nc3cccc(Br)c3)c2cn1,7.3989739418029785,7.771461967104585,0.4539772055675949,0.6065573770491803,0.37248802530160674
gin,1931,CN(C)CCNc1c(Br)cccc1Nc1ncnc2ccncc12,7.339988708496094,7.976656672212542,0.042198080570738726,0.6666666666666666,0.6366679637164481
gin,1933,CN(C)CCNc1cc2ncnc(Nc3cccc(Br)c3)c2cn1,7.348385810852051,8.46819319908677,0.07732759226444173,0.6612903225806451,1.1198073882347188
gin,1968,CN(C)c1cc2ncnc(Nc3cccc(Br)c3)c2cn1,10.040958404541016,7.363574378872364,0.38407401350501075,0.64,2.677384025668651
gin,1979,CN(C)c1ccc(Nc2ncnc3cc(N)ncc23)cc1,5.313363552093506,4.723901301579673,0.46565475860325733,0.6808510638297872,0.5894622505138329
gin,1980,CN(C)c1ccc(Nc2ncnc3ccncc23)c(N)c1,5.309999942779541,6.432199423511069,0.34112382153586357,0.43103448275862066,1.1221994807315276
gin,1990,CN(C)c1cccc(Nc2ncnc3cc(N)ncc23)c1,5.747147083282471,5.470639007555814,0.20201926027667877,0.6666666666666666,0.2765080757266567
gin,1991,CN(C)c1cccc(Nc2ncnc3ccncc23)c1N,5.740000247955322,6.477593986446024,0.3568397532409823,0.44776119402985076,0.7375937384907019
gin,1994,CN(C)c1ccccc1Nc1ncnc2cc(N)ncc12,4.161150932312012,4.593731998153302,0.4059831615737324,0.66,0.4325810658412905
gin,2001,CN(CC(=O)O)c1c(Br)cccc1Nc1ncnc2ccncc12,7.7899489402771,6.367869788262008,0.6060681332848175,0.5217391304347826,1.4220791520150913
gin,2002,CN(CC(=O)O)c1cc2ncnc(Nc3cccc(Br)c3)c2cn1,7.7979254722595215,7.169256910216912,0.8385020553212393,0.5882352941176471,0.6286685620426091
gin,2003,CN(CC(O)C(O)C(O)C(O)CO)c1cc2ncnc(Nc3cccc(Br)c3)c2cn1,8.49242115020752,7.1811901072491615,0.29908673614949793,0.5070422535211268,1.311231042958358
gin,2004,CN(CC(O)CO)c1c(Br)cccc1Nc1ncnc2ccncc12,8.489991188049316,7.1898695644153605,0.2295528548520382,0.5,1.300121623633956
gin,2005,CN(CC(O)CO)c1cc2ncnc(Nc3cccc(Br)c3)c2cn1,8.49242115020752,8.008315086849237,0.24585706880365588,0.5671641791044776,0.48410606335828277
gin,2013,CN(CCO)c1c(Br)cccc1Nc1ncnc2ccncc12,8.58004379272461,7.2786335432946885,0.08298415634084565,0.5373134328358209,1.301410249429921
gin,2015,CN(CCO)c1cc2ncnc(Nc3cccc(Br)c3)c2cn1,8.587546348571777,8.062593412095353,0.35730738234168263,0.546875,0.5249529364764243
gin,2147,CNc1cc2ncnc(Nc3cccc(Br)c3)c2cn1,9.886056900024414,8.818147814998113,0.11155566124103362,0.6326530612244898,1.0679090850263009
gin,2148,CNc1cc2ncnc(Nc3cccc(C)c3)c2cn1,8.8518648147583,8.229851427669018,0.12247900250097607,0.6140350877192983,0.6220133870892823
gin,2431,COc1c(Br)cccc1Nc1ncnc2ccncc12,7.400007724761963,6.717036614915508,0.3831945504181891,0.53125,0.6829711098464548
gin,3375,COc1cc2ncnc(Nc3cccc(Br)c3)c2cn1,7.408935546875,7.325086287517486,0.07572889486968175,0.64,0.08384925935751397
gin,3451,COc1cc2ncnc(Nc3ccccc3N)c2cn1,5.430000305175781,7.342999351796742,0.22132644115245087,0.45614035087719296,1.9129990466209605
gin,3679,COc1ccc(Nc2ncnc3cc(N)ncc23)cc1,6.173925399780273,5.00554496553621,0.34712785885954417,0.6808510638297872,1.1683804342440638
gin,3687,COc1ccc(Nc2ncnc3ccncc23)c(N)c1,6.170001983642578,6.879953441096529,0.32025198550040984,0.43103448275862066,0.7099514574539505
gin,3794,COc1cccc(Nc2ncnc3cc(N)ncc23)c1,6.886056423187256,5.679189896570239,0.19404557567553898,0.6666666666666666,1.2068665266170164
gin,3796,COc1cccc(Nc2ncnc3ccncc23)c1N,6.879985809326172,6.543977839142605,0.32908080233279363,0.44776119402985076,0.33600797018356676
gin,3853,COc1ccccc1Nc1ncnc2cc(N)ncc12,5.430625915527344,4.947189003840478,0.3088059947670539,0.66,0.48343691168686576
gin,4422,Cc1cccc(Nc2ncnc3cc(N)ncc23)c1,7.397940158843994,5.987765891949412,0.23133604672210917,0.6666666666666666,1.4101742668945825
gin,4423,Cc1cccc(Nc2ncnc3cc(NCCCCN(C)C)ncc23)c1,8.268815994262695,8.242911634060704,0.09830091589510355,0.6774193548387096,0.025904360201991494
gin,4436,Cc1cccc(Nc2ncnc3ccncc23)c1N,7.389978885650635,7.102274510760807,0.214955103424862,0.5409836065573771,0.28770437488982736
gin,4437,Cc1cccc(Nc2ncnc3ccncc23)c1NCCCCN(C)C,8.260032653808594,7.749260937560038,0.03660206130709881,0.6825396825396826,0.5107717162485557
gin,4743,Fc1c(Br)cccc1Nc1ncnc2ccncc12,7.88008451461792,7.498595707420769,0.3354850465452073,0.55,0.38148880719715095
gin,4748,Fc1cc2ncnc(Nc3cccc(Br)c3)c2cn1,7.886056423187256,7.128532107786896,0.07266913028300723,0.6444444444444445,0.7575243154003601
gin,5080,NNc1c(Br)cccc1Nc1ncnc2ccncc12,8.140021324157715,7.60346806438514,0.21092866663505186,0.6101694915254238,0.5365532597725746
gin,5081,NNc1cc2ncnc(Nc3cccc(Br)c3)c2cn1,8.149384498596191,8.762390997818443,0.17785490063106427,0.6170212765957447,0.6130064992222515
gin,5100,Nc1c(Br)cccc1Nc1ncnc2ccncc12,8.0,7.6618102021729655,0.2037265571730696,0.55,0.3381897978270345
gin,5101,Nc1c(Cl)cccc1Nc1ncnc2ccncc12,6.919987201690674,7.47359422617113,0.12559984823281697,0.46,0.5536070244804563
gin,5102,Nc1c(F)cccc1Nc1ncnc2ccncc12,6.0699992179870605,7.778219887192371,0.3203471753589483,0.46,1.7082206692053106
gin,5103,Nc1c(Nc2ncnc3ccncc23)cccc1[N+](=O)[O-],7.389978885650635,6.51992582510987,0.36414186109084734,0.43548387096774194,0.8700530605407648
gin,5104,Nc1c(O)cccc1Nc1ncnc2ccncc12,7.150028228759766,7.3569689936720195,0.18050426049166454,0.46,0.20694076491225388
gin,5106,Nc1cc(Br)ccc1Nc1ncnc2ccncc12,7.590066909790039,7.398134759333054,0.20659128598680215,0.4339622641509434,0.19193215045698508
gin,5107,Nc1cc(C(F)(F)F)ccc1Nc1ncnc2ccncc12,5.320000171661377,6.795488513673697,0.31728053376227083,0.43103448275862066,1.4754883420123202
gin,5122,Nc1cc2ncnc(Nc3ccc(Br)cc3)c2cn1,7.045757293701172,5.360398255319058,0.4580530640881008,0.6590909090909091,1.6853590383821135
gin,5123,Nc1cc2ncnc(Nc3ccc(C(F)(F)F)cc3)c2cn1,5.327902317047119,5.2996540053411145,0.36287913029856783,0.6808510638297872,0.028248311706004614
gin,5124,Nc1cc2ncnc(Nc3ccc([N+](=O)[O-])cc3)c2cn1,4.187086582183838,5.110968196902995,0.12359899214914118,0.6938775510204082,0.9238816147191571
gin,5127,Nc1cc2ncnc(Nc3cccc(Br)c3)c2cn1,8.0,6.767387399290399,0.20003598082311896,0.6666666666666666,1.2326126007096008
gin,5128,Nc1cc2ncnc(Nc3cccc(C(F)(F)F)c3)c2cn1,7.823908805847168,6.135540160695517,0.09133624981542214,0.6666666666666666,1.6883686451516509
gin,5129,Nc1cc2ncnc(Nc3cccc(Cl)c3)c2cn1,6.92081880569458,5.981911536348186,0.2290392640119548,0.6666666666666666,0.9389072693463945
gin,5130,Nc1cc2ncnc(Nc3cccc(F)c3)c2cn1,6.07572078704834,6.066125787465096,0.2186734075961291,0.6666666666666666,0.009594999583243613
gin,5131,Nc1cc2ncnc(Nc3cccc(I)c3)c2cn1,6.585026741027832,7.038287194195107,0.16440722399645524,0.6666666666666666,0.4532604531672746
gin,5132,Nc1cc2ncnc(Nc3cccc(O)c3)c2cn1,7.15490198135376,6.3597230199808195,0.3530468847802412,0.6666666666666666,0.7951789613729403
gin,5133,Nc1cc2ncnc(Nc3cccc([N+](=O)[O-])c3)c2cn1,7.397940158843994,5.593285023848626,0.19242986598220313,0.6792452830188679,1.8046551349953681
gin,5134,Nc1cc2ncnc(Nc3ccccc3)c2cn1,6.602059841156006,5.486377540586659,0.3219595551770081,0.75,1.1156823005693468
gin,5135,Nc1cc2ncnc(Nc3ccccc3Br)c2cn1,6.619788646697998,5.303260810035802,0.5364957685397488,0.574468085106383,1.3165278366621962
gin,5136,Nc1cc2ncnc(Nc3ccccc3C(F)(F)F)c2cn1,5.0,5.497134518755975,0.5169064948164069,0.6938775510204082,0.49713451875597503
gin,5137,Nc1cc2ncnc(Nc3ccccc3N)c2cn1,5.274920463562012,6.467119916078748,0.15662850637689185,0.6222222222222222,1.1921994525167365
gin,5138,Nc1cc2ncnc(Nc3ccccc3[N+](=O)[O-])c2cn1,5.903090000152588,4.838326950467149,0.17517112861683087,0.6730769230769231,1.064763049685439
gin,5156,Nc1ccc(Nc2ncnc3cc(N)ncc23)cc1,5.229147911071777,6.065710516785809,0.3467634423197128,0.6829268292682927,0.8365626057140316
gin,5185,Nc1cccc(Nc2ncnc3cc(N)ncc23)c1,5.809668064117432,6.274782581701703,0.09960380388681052,0.7142857142857143,0.46511451758427125
gin,5197,Nc1ccccc1Nc1ncnc2cc(Br)ncc12,6.610001564025879,7.312326709484488,0.08952858437508239,0.47058823529411764,0.7023251454586088
gin,5198,Nc1ccccc1Nc1ncnc2ccncc12,6.599997520446777,7.81808404031981,0.20801375748614417,0.5333333333333333,1.218086519873033
gin,5723,O=C(O)CCCNc1c(Br)cccc1Nc1ncnc2ccncc12,9.55005931854248,7.6733746506256395,0.2106429265367858,0.671875,1.876684667916841
gin,5724,O=C(O)CCCNc1cc2ncnc(Nc3cccc(Br)c3)c2cn1,9.551450729370117,8.253544606501919,0.09991113136760861,0.65625,1.2979061228681985
gin,5726,O=C(O)CCNc1c(Br)cccc1Nc1ncnc2ccncc12,9.209996223449707,7.70959217898632,0.1507843876348534,0.6507936507936508,1.5004040444633873
gin,5728,O=C(O)CCNc1cc2ncnc(Nc3cccc(Br)c3)c2cn1,9.214670181274414,8.310716625434367,0.05059399668015724,0.6451612903225806,0.9039535558400473
gin,5732,O=C(O)CNc1c(Br)cccc1Nc1ncnc2ccncc12,8.819873809814453,7.611954167273183,0.20785223628395536,0.6190476190476191,1.2079196425412704
gin,5733,O=C(O)CNc1cc2ncnc(Nc3cccc(Br)c3)c2cn1,8.821891784667969,8.3140685622366,0.11119297712153187,0.6129032258064516,0.5078232224313695
gin,5939,O=S(=O)(O)CCNc1c(Br)cccc1Nc1ncnc2ccncc12,8.849858283996582,8.236532927639402,0.06730604411075014,0.6507936507936508,0.6133253563571799
gin,5940,O=S(=O)(O)CCNc1cc2ncnc(Nc3cccc(Br)c3)c2cn1,8.849858283996582,8.842246273058791,0.06756753898284028,0.6451612903225806,0.007612010937791069
gin,6001,OCC(CO)Nc1cc2ncnc(Nc3cccc(Br)c3)c2cn1,7.851864814758301,9.069473511484404,0.10543960520615513,0.5714285714285714,1.2176086967261028
gin,6003,OCC(O)C(O)C(O)C(O)CNc1cc2ncnc(Nc3cccc(Br)c3)c2cn1,8.319393157958984,7.8120904185620255,0.6936045858133411,0.5757575757575758,0.5073027393969589
gin,6005,OCC(O)CNc1c(Br)cccc1Nc1ncnc2ccncc12,9.02997875213623,8.04787816747637,0.18471020381659173,0.6,0.9821005846598609
gin,6006,OCC(O)CNc1cc2ncnc(Nc3cccc(Br)c3)c2cn1,9.036211967468262,8.82120256553921,0.21137192214855335,0.59375,0.21500940192905205
gin,6014,OCCN(CCO)CCCNc1c(Br)cccc1Nc1ncnc2ccncc12,8.920095443725586,7.669666651038838,0.2765495854396873,0.671875,1.2504287926867477
gin,6016,OCCN(CCO)CCCNc1cc2ncnc(Nc3cccc(Br)c3)c2cn1,8.920456886291504,8.096357280079204,0.3309918457271175,0.6461538461538462,0.8240996062123003
gin,6017,OCCN(CCO)CCNc1c(Br)cccc1Nc1ncnc2ccncc12,8.02997875213623,7.463106710110296,0.2514160599352905,0.640625,0.5668720420259348
gin,6019,OCCN(CCO)CCNc1cc2ncnc(Nc3cccc(Br)c3)c2cn1,8.038108825683594,7.939745561195338,0.3680196793870031,0.625,0.09836326448825616
gin,6021,OCCN(CCO)c1c(Br)cccc1Nc1ncnc2ccncc12,7.920095443725586,7.287774893865723,0.2320035266992498,0.5151515151515151,0.6323205498598625
gin,6022,OCCN(CCO)c1cc2ncnc(Nc3cccc(Br)c3)c2cn1,7.920457363128662,8.439910815935164,0.28920308736684075,0.5625,0.519453452806502
gin,6027,OCCNc1c(Br)cccc1Nc1ncnc2ccncc12,9.60994815826416,8.283902629994472,0.055537718381111156,0.7068965517241379,1.3260455282696881
gin,6028,OCCNc1cc2ncnc(Nc3cccc(Br)c3)c2cn1,9.619879722595215,8.979759846787218,0.16837801243573502,0.6896551724137931,0.6401198758079971
gin,6036,OCN(CO)c1c(Br)cccc1Nc1ncnc2ccncc12,7.849857807159424,7.412825243056751,0.029813044548303694,0.5230769230769231,0.43703256410267244
gin,106,C#CCNC/C=C/C(=O)Nc1cc2c(Nc3ccc(F)c(Cl)c3)c(C#N)cnc2cc1OCC,8.871641159057617,7.475676722948329,0.11879955726178519,0.7415730337078652,1.3959644361092884
gin,127,C#Cc1cccc(Nc2ccnc3cc(OC)c(OC)cc23)c1,7.721246242523193,4.783869774942637,0.05027895814784655,0.5272727272727272,2.937376467580556
gin,128,C#Cc1cccc(Nc2ccnc3cc(OCCOC)c(OCCOC)cc23)c1,7.522878646850586,6.192465236887533,0.5581708553819766,0.527027027027027,1.330413409963053
gin,258,C/C=C/C(=O)Nc1cc2c(Nc3ccc(F)c(Cl)c3)c(C#N)cnc2cc1OCC,5.122469425201416,6.5940064300012695,0.237570185261089,0.7407407407407407,1.4715370047998535
gin,259,C/C=C/C(=O)Nc1cc2c(Nc3ccc(F)c(Cl)c3)ccnc2cc1CC,5.12493896484375,5.966183366043485,0.45080525727158943,0.5641025641025641,0.8412444011997353
gin,262,C/C=C/C(=O)Nc1ccc2ncc(C#N)c(Nc3cccc(Br)c3)c2c1,5.79048490524292,5.162741507897529,0.07424356513439777,0.6521739130434783,0.627743397345391
gin,271,C=C(CN(C)C)C(=O)Nc1cc2c(Nc3ccc(F)c(Cl)c3)c(C#N)cnc2cc1OCC,6.250906467437744,6.823567108688945,0.1808082916858481,0.775,0.5726606412512005
gin,453,C=CC(=O)Nc1cc2c(Nc3ccc(F)c(Cl)c3)c(C#N)cnc2cc1OCC,8.835647583007812,7.568396476920427,0.2508010078683537,0.7307692307692307,1.267251106087386
gin,468,C=CC(=O)Nc1cc2c(Nc3cccc(Br)c3)c(C#N)cnc2cc1OC,6.090757846832275,7.310579497991721,0.37020929890050885,0.6923076923076923,1.219821651159446
gin,492,C=CC(=O)Nc1ccc2ncc(C#N)c(Nc3cccc(Br)c3)c2c1,6.229147911071777,6.86763703312322,0.35678457291601157,0.7758620689655172,0.6384891220514426
gin,493,C=CC(=O)Nc1ccc2nccc(Nc3cccc(Br)c3)c2c1,9.0,6.721343737257996,0.14444821493101834,0.5925925925925926,2.278656262742004
gin,730,CC#CC(=O)Nc1cc2c(Nc3cccc(Br)c3)c(C#N)cnc2cc1OC,6.04047966003418,6.416509510108131,0.2978971577036698,0.6567164179104478,0.3760298500739516
gin,731,CC#CC(=O)Nc1ccc2ncc(C#N)c(Nc3ccc(F)c(Cl)c3)c2c1,6.234657287597656,4.930191370956678,0.0898771280460769,0.8,1.3044659166409787
gin,732,CC#CC(=O)Nc1ccc2ncc(C#N)c(Nc3cccc(Br)c3)c2c1,6.026872158050537,5.055429786364705,0.09755010169923695,0.7796610169491526,0.971442371685832
gin,897,CC(C)N(CC#CC(=O)Nc1ccc2ncc(C#N)c(Nc3cccc(Br)c3)c2c1)C(C)C,6.602059841156006,5.877009487822581,0.21845856468089425,0.7605633802816901,0.7250503533334252
gin,907,CC(C)NCC#CC(=O)Nc1ccc2ncc(C#N)c(Nc3cccc(Br)c3)c2c1,3.6019999980926514,6.163831346872815,0.3354828184765967,0.7183098591549296,2.5618313487801636
gin,1118,CCC(=O)Nc1ccc2nccc(Nc3cccc(Br)c3)c2c1,7.79587984085083,5.065785725470768,0.104595919807889,0.5925925925925926,2.730094115380062
gin,1196,CCCCCOc1ccc(Nc2c(C#N)cnc3cc(OCC)c(NC(=O)/C=C/CN(C)C)cc23)cc1Cl,6.0486626625061035,6.995111410117403,0.05258922047182499,0.8292682926829268,0.9464487476112993
gin,1236,CCCN(CC#CC(=O)Nc1ccc2ncc(C#N)c(Nc3cccc(Br)c3)c2c1)CCC,6.886056423187256,5.557766116375966,0.15514813900949856,0.7605633802816901,1.3282903068112901
gin,1257,CCCNCC#CC(=O)Nc1ccc2ncc(C#N)c(Nc3cccc(Br)c3)c2c1,3.885999917984009,5.8626114817648824,0.10124561404431949,0.6986301369863014,1.9766115637808737
gin,1283,CCN(CC)C(C)/C=C/C(=O)Nc1cc2c(Nc3ccc(F)c(Cl)c3)c(C#N)cnc2cc1OC,5.315154552459717,6.051239088566639,0.15513567516747281,0.7209302325581395,0.7360845361069224
gin,1285,CCN(CC)C/C=C/C(=O)Nc1cc2c(Nc3ccc(F)c(Cl)c3)c(C#N)cnc2cc1OC,5.718966484069824,6.5037573491119405,0.14670596404160496,0.7261904761904762,0.7847908650421163
gin,1559,CCOc1cc2c(Nc3cccc(Br)c3)c(C#N)cnc2cc1OC,4.480000019073486,5.467493402294682,0.20556368507448838,0.6206896551724138,0.9874933832211958
gin,1564,CCOc1cc2ncc(C#N)c(Nc3ccc(F)c(Cl)c3)c2cc1NC(=O)/C=C/CN(C)C,7.411737442016602,7.069718027890094,0.12710347990903675,0.825,0.3420194141265078
gin,1565,CCOc1cc2ncc(C#N)c(Nc3ccc(F)c(Cl)c3)c2cc1NC(=O)/C=C/CN(C)CCF,8.367402076721191,7.058884039727786,0.22435705530121797,0.8192771084337349,1.308518036993405
gin,1567,CCOc1cc2ncc(C#N)c(Nc3ccc(F)c(Cl)c3)c2cc1NC(=O)/C=C/CNC,8.936853408813477,7.287176357515769,0.062421816369932416,0.7560975609756098,1.649677051297708
gin,1570,CCOc1cc2ncc(C#N)c(Nc3ccc(F)c(Cl)c3)c2cc1NC(=O)CCN(C)C,9.16749095916748,7.20956306753229,0.3038232155601831,0.7662337662337663,1.9579278916351903
gin,1573,CCOc1cc2ncc(C#N)c(Nc3ccc(F)c(Cl)c3)c2cc1OCC,6.009998798370361,6.077848766717075,0.33850398659610476,0.7068965517241379,0.06784996834671375
gin,1638,CCOc1cc2ncc(C#N)c(Nc3cccc(Br)c3)c2cc1NC(=O)/C=C/CN(C)C,5.79587984085083,7.1519153312871,0.10370816360163211,0.7721518987341772,1.3560354904362697
gin,1640,CCOc1cc2ncc(C#N)c(Nc3cccc(Br)c3)c2cc1OC,4.670000076293945,5.491462851094326,0.19861017092802513,0.6206896551724138,0.8214627748003807
gin,1641,CCOc1cc2ncc(C#N)c(Nc3cccc(Br)c3)c2cc1OCC,6.379999160766602,6.227476022058511,0.30578980135100964,0.631578947368421,0.15252313870809076
gin,1849,CN(C)C/C=C/C(=O)Nc1cc2c(Nc3ccc(F)c(Cl)c3)c(C#N)cnc2cc1OC(F)(F)F,5.578395843505859,7.364626300539257,0.05356193041918101,0.7011494252873564,1.7862304570333976
gin,1866,CN(C)C/C=C/C(=O)Nc1ccc2ncc(C#N)c(Nc3ccc(F)c(Cl)c3)c2c1,6.187086582183838,5.777083345232281,0.12328596052804552,0.7162162162162162,0.4100032369515567
gin,1867,CN(C)C/C=C/C(=O)Nc1ccc2ncc(C#N)c(Nc3cccc(Br)c3)c2c1,6.508638381958008,5.881078938880943,0.09825606962045175,0.8307692307692308,0.6275594430770646
gin,1891,CN(C)CCCC(=O)Nc1ccc2nccc(Nc3cccc(Br)c3)c2c1,8.769551277160645,5.563319087189808,0.34608556578712935,0.6086956521739131,3.2062321899708364
gin,2131,CNC/C=C/C(=O)Nc1cc2c(Nc3ccc(F)c(Cl)c3)c(C#N)cnc2cc1OCCF,8.8140230178833,7.481155043271535,0.15915291445083904,0.6813186813186813,1.3328679746117658
gin,2287,COCC#CC(=O)Nc1cc2c(Nc3cccc(Br)c3)c(C#N)cnc2cc1OC,6.1011857986450195,6.71049210834574,0.15809374988219307,0.6265060240963856,0.6093063097007203
gin,2288,COCC#CC(=O)Nc1ccc2ncc(C#N)c(Nc3cccc(Br)c3)c2c1,6.017728805541992,5.59471540969302,0.05164655042613787,0.7285714285714285,0.42301339584897235
gin,2320,COCCOCC#CC(=O)Nc1ccc2ncc(C#N)c(Nc3cccc(Br)c3)c2c1,6.031517028808594,5.928459300634881,0.023928045058954444,0.6710526315789473,0.10305772817371306
gin,2326,COCCOc1cc2ncc(C#N)c(Nc3cccc(Br)c3)c2cc1OCCOC,5.959999084472656,6.4254300476923705,0.13194491776309608,0.609375,0.4654309632197142
gin,2385,COCOC#CC(=O)Nc1ccc2ncc(C#N)c(Nc3cccc(Br)c3)c2c1,6.481485843658447,5.523421560983493,0.22231536617882783,0.654320987654321,0.9580642826749539
gin,2386,COCOCC#CC(=O)Nc1ccc2ncc(C#N)c(Nc3cccc(Br)c3)c2c1,6.480743885040283,5.817807328776187,0.04391818836608786,0.68,0.6629365562640963
gin,2397,COCOc1cc2ncc(C#N)c(Nc3cccc(Br)c3)c2cc1OCOC,5.170000076293945,6.1005739354204565,0.06562274781874455,0.6101694915254238,0.9305738591265111
gin,2700,COc1cc(NC(=O)/C=C/CN(C)C)cc2c(Nc3cccc(Br)c3)c(C#N)cnc12,5.540303707122803,5.7259947340618815,0.21246987571644382,0.7464788732394366,0.1856910269390788
gin,3072,COc1cc2ncc(C#N)c(Nc3cc(Cl)c(O)c(Cl)c3)c2cc1OC,5.499999523162842,5.197273685365381,0.19760465742145583,0.6206896551724138,0.30272583779746043
gin,3073,COc1cc2ncc(C#N)c(Nc3cc(Cl)ccc3O)c2cc1OC,4.769999980926514,4.555941042587904,0.0832816777448278,0.5396825396825397,0.21405893833861
gin,3075,COc1cc2ncc(C#N)c(Nc3ccc(Br)c(C)c3)c2cc1OC,6.209996700286865,4.33561837426106,0.07391603231476225,0.5737704918032787,1.8743783260258056
gin,3076,COc1cc2ncc(C#N)c(Nc3ccc(Br)cc3)c2cc1OC,5.180000305175781,4.445052093416365,0.07219827347130812,0.5862068965517241,0.7349482117594164
gin,3077,COc1cc2ncc(C#N)c(Nc3ccc(C(C)C)cc3)c2cc1OC,6.639993667602539,4.658316352090992,0.0836660372585746,0.5932203389830508,1.981677315511547
gin,3078,COc1cc2ncc(C#N)c(Nc3ccc(C)c(Br)c3)c2cc1OC,5.75,4.507846001450517,0.0830167273999181,0.5737704918032787,1.2421539985494832
gin,3079,COc1cc2ncc(C#N)c(Nc3ccc(C)c(Cl)c3)c2cc1OC,5.8299994468688965,4.478583397744714,0.07997129570899349,0.6842105263157895,1.3514160491241825
gin,3080,COc1cc2ncc(C#N)c(Nc3ccc(C)cc3)c2cc1OC,5.559999942779541,4.518655187079261,0.09048483299125716,0.5964912280701754,1.0413447557002797
gin,3082,COc1cc2ncc(C#N)c(Nc3ccc(Cl)cc3F)c2cc1OC,4.860000133514404,4.615523640160092,0.14092936855265373,0.6166666666666667,0.24447649335431265
gin,3083,COc1cc2ncc(C#N)c(Nc3ccc(F)c(C(F)(F)F)c3)c2cc1OC,6.7999982833862305,5.135344687617469,0.12736577660898013,0.65,1.6646535957687618
gin,3084,COc1cc2ncc(C#N)c(Nc3ccc(F)c(Cl)c3)c2cc1NC(=O)/C=C/C(C)N(C)C,5.28116512298584,6.282094008077983,0.2510550246664267,0.7469879518072289,1.0009288850921427
gin,3086,COc1cc2ncc(C#N)c(Nc3ccc(F)c(Cl)c3)c2cc1NC(=O)/C=C/CN(C)C,5.632256031036377,6.710794207923541,0.16983649288618413,0.775,1.0785381768871645
gin,3088,COc1cc2ncc(C#N)c(Nc3ccc(F)c(Cl)c3)c2cc1OC,5.9871625900268555,4.67333444577676,0.0875841950371189,0.8653846153846154,1.3138281442500954
gin,3089,COc1cc2ncc(C#N)c(Nc3ccc(F)cc3)c2cc1OC,4.320000171661377,4.558235533711851,0.09031387709930777,0.6428571428571429,0.23823536205047446
gin,3093,COc1cc2ncc(C#N)c(Nc3ccc(O)c(Cl)c3)c2cc1OC,5.039999961853027,4.595433005038217,0.03665601553380966,0.6724137931034483,0.4445669568148105
gin,3101,COc1cc2ncc(C#N)c(Nc3cccc(Br)c3)c2cc1NC(=O)/C=C/CN(C)C,6.1011857986450195,6.823493866960007,0.13724943569872905,0.75,0.7223080683149874
gin,3103,COc1cc2ncc(C#N)c(Nc3cccc(Br)c3)c2cc1NC(=O)C#CCN(C)C,7.045757293701172,6.882072329727674,0.12519399103458054,0.620253164556962,0.1636849639734983
gin,3104,COc1cc2ncc(C#N)c(Nc3cccc(Br)c3)c2cc1OC,6.721246242523193,4.78817372930623,0.07727797795399635,0.6923076923076923,1.9330725132169633
gin,3105,COc1cc2ncc(C#N)c(Nc3cccc(Br)c3C)c2cc1OC,6.0800018310546875,4.07619419948513,0.010927520993174745,0.5079365079365079,2.0038076315695577
gin,3106,COc1cc2ncc(C#N)c(Nc3cccc(C#N)c3)c2cc1OC,4.849999904632568,4.494649721170163,0.10662895881285236,0.5666666666666667,0.35535018346240577
gin,3107,COc1cc2ncc(C#N)c(Nc3cccc(C(C)=O)c3)c2cc1OC,5.130000114440918,4.444673462685756,0.06913065880623108,0.5230769230769231,0.6853266517551617
gin,3108,COc1cc2ncc(C#N)c(Nc3cccc(C(C)C)c3)c2cc1OC,4.210000038146973,4.758331576304705,0.12045379754043466,0.5645161290322581,0.5483315381577327
gin,3109,COc1cc2ncc(C#N)c(Nc3cccc(C(F)(F)F)c3)c2cc1OC,5.840000152587891,5.205723507434882,0.09690708498157968,0.5555555555555556,0.6342766451530082
gin,3110,COc1cc2ncc(C#N)c(Nc3cccc(C(N)=O)c3)c2cc1OC,5.110000133514404,4.837298040887916,0.02750194636289472,0.5151515151515151,0.2727020926264885
gin,3111,COc1cc2ncc(C#N)c(Nc3cccc(Cl)c3)c2cc1OC,6.740000247955322,4.560309397486321,0.08713317474325968,0.6923076923076923,2.179690850469001
gin,3112,COc1cc2ncc(C#N)c(Nc3cccc(F)c3)c2cc1OC,6.130000114440918,4.672540487114233,0.0807828308407239,0.6101694915254238,1.4574596273266849
gin,3113,COc1cc2ncc(C#N)c(Nc3cccc(N(C)C)c3)c2cc1OC,6.0699992179870605,4.2337198507864855,0.013018797861379744,0.5396825396825397,1.836279367200575
gin,3114,COc1cc2ncc(C#N)c(Nc3cccc(N)c3)c2cc1OC,6.090000152587891,4.663379483276536,0.14554077449851846,0.5573770491803278,1.4266206693113546
gin,3115,COc1cc2ncc(C#N)c(Nc3cccc(N=[N+]=[N-])c3)c2cc1OC,5.660000324249268,4.829640484191017,0.16022677094293955,0.5074626865671642,0.8303598400582501
gin,3116,COc1cc2ncc(C#N)c(Nc3cccc(NC(C)=O)c3)c2cc1OC,4.159999847412109,4.332910831430993,0.045476289507908316,0.5230769230769231,0.17291098401888405
gin,3117,COc1cc2ncc(C#N)c(Nc3cccc(O)c3)c2cc1OC,5.200000286102295,4.488479317168398,0.07931041649129732,0.5666666666666667,0.7115209689338968
gin,3118,COc1cc2ncc(C#N)c(Nc3cccc(SC)c3)c2cc1OC,6.119998455047607,4.5136817447420015,0.16133714842607588,0.5396825396825397,1.606316710305606
gin,3119,COc1cc2ncc(C#N)c(Nc3cccc([N+](=O)[O-])c3)c2cc1OC,6.060001850128174,4.433679181037093,0.11852771503684227,0.5151515151515151,1.6263226690910813
gin,3120,COc1cc2ncc(C#N)c(Nc3ccccc3Br)c2cc1OC,5.380000591278076,4.331664681082131,0.05176521869566219,0.559322033898305,1.048335910195945
gin,3121,COc1cc2ncc(C#N)c(Nc3ccccc3C(C)C)c2cc1OC,6.439997673034668,4.621618373533437,0.04876340166423214,0.5409836065573771,1.8183792995012311
gin,3125,COc1cc2ncc(C(=O)O)c(Nc3ccc(F)c(Cl)c3)c2cc1OC,5.032264709472656,5.196994736669495,0.18784319171478975,0.6666666666666666,0.16473002719683905
gin,3126,COc1cc2ncc(C(=O)O)c(Nc3cccc(Br)c3)c2cc1OC,4.764766693115234,5.352755882713776,0.19872568267437585,0.65625,0.5879891895985416
gin,3127,COc1cc2ncc(C(=O)O)c(Nc3cccc(Cl)c3)c2cc1OC,5.044745445251465,5.0381850719462165,0.22465073201422522,0.65625,0.00656037330524839
gin,3128,COc1cc2ncc(C(N)=O)c(Nc3cccc(Br)c3)c2cc1OC,4.820000171661377,5.911476418110646,0.3433495027488557,0.6461538461538462,1.091476246449269
gin,3129,COc1cc2ncc(C=O)c(Nc3cccc(Br)c3)c2cc1OC,5.470000267028809,6.162812555394851,0.5730612280943038,0.5522388059701493,0.6928122883660421
gin,3131,COc1cc2nccc(Nc3ccc(F)c(Cl)c3)c2cc1NC(=O)/C=C/C(C)N(C)C,5.282329559326172,6.107790469898778,0.12942385398260484,0.7236842105263158,0.8254609105726063
gin,3134,COc1cc2nccc(Nc3cccc(Br)c3)c2cc1OC,6.431798458099365,4.903379068806707,0.0412918034566227,0.5833333333333334,1.528419389292658
gin,3668,COc1ccc(Nc2c(C#N)cnc3cc(OC)c(OC)cc23)cc1OC,4.300000190734863,4.264863227697688,0.1510027727087392,0.6363636363636364,0.03513696303717495
gin,3671,COc1ccc(Nc2ccnc3cc(OC)c(OC)cc23)cc1OC,4.094203948974609,4.304183973553691,0.14895165332268834,0.5348837209302325,0.20998002457908171
gin,4969,N#Cc1cnc2cc(O)c(O)cc2c1Nc1cccc(Br)c1,6.459996223449707,5.6685209660071285,0.4894985428963158,0.6923076923076923,0.7914752574425785
gin,718,C=CCn1nc(-c2ccc(OCC)c(OC)c2)c2c(N)ncnc21,5.2941365242004395,5.440086672104737,0.08968235706208723,0.6190476190476191,0.14595014790429772
gin,809,CC(=O)c1ccc(-c2nn(C(C)C)c3ncnc(N)c23)cc1,4.92081880569458,4.919415301637436,0.17704138682638712,0.64,0.0014035040571442892
gin,814,CC(=O)c1cccc(-c2nn(C(C)C)c3ncnc(N)c23)c1,5.552842140197754,5.1347241662573495,0.04269417624132222,0.6612903225806451,0.4181179739404044
gin,875,CC(C)(C)n1nc(-c2ccc(Cl)cc2)c2c(N)ncnc21,6.318758964538574,4.741535250609935,0.3397074373540586,0.4423076923076923,1.577223713928639
gin,961,CC(C)n1nc(-c2cc(F)c(C=O)c(F)c2)c2c(N)ncnc21,5.0,5.172160197151079,0.14756358362689057,0.625,0.17216019715107933
gin,962,CC(C)n1nc(-c2cc(F)c(O)cc2F)c2c(N)ncnc21,5.161150932312012,4.86009560814513,0.02147230990292272,0.5454545454545454,0.30105532416688163
gin,964,CC(C)n1nc(-c2cc(O)cc(Br)c2)c2c(N)ncnc21,6.6038007736206055,6.624783386606542,0.2988697446342316,0.6346153846153846,0.020982612985936733
gin,965,CC(C)n1nc(-c2cc(O)cc(F)c2)c2c(N)ncnc21,6.239577293395996,6.063433224005119,0.2656793617721985,0.6346153846153846,0.1761440693908769
gin,969,CC(C)n1nc(-c2ccc(Br)c(O)c2)c2c(N)ncnc21,6.259637355804443,5.615277584420529,0.2650832808924837,0.6862745098039216,0.6443597713839146
gin,970,CC(C)n1nc(-c2ccc(C#N)c(F)c2)c2c(N)ncnc21,5.050610065460205,4.772889789102351,0.034944985526372985,0.6481481481481481,0.27772027635785435
gin,971,CC(C)n1nc(-c2ccc(C#N)c(O)c2)c2c(N)ncnc21,5.585026741027832,5.059557638576173,0.027197461031248038,0.6481481481481481,0.5254691024516589
gin,973,CC(C)n1nc(-c2ccc(C(N)=O)c(Cl)c2)c2c(N)ncnc21,4.0,5.555821567209893,0.2618280851946044,0.6071428571428571,1.5558215672098932
gin,974,CC(C)n1nc(-c2ccc(C=O)c(F)c2)c2c(N)ncnc21,5.045757293701172,5.034730954812652,0.06454071927161217,0.6730769230769231,0.011026338888520115
gin,975,CC(C)n1nc(-c2ccc(CC#N)cc2)c2c(N)ncnc21,4.886056423187256,4.801105051351712,0.1432365747917269,0.6538461538461539,0.08495137183554391
gin,976,CC(C)n1nc(-c2ccc(Cl)c(O)c2)c2c(N)ncnc21,6.801342964172363,5.56190937474986,0.1748135857005724,0.6862745098039216,1.2394335894225037
gin,977,CC(C)n1nc(-c2ccc(F)c(C#N)c2)c2c(N)ncnc21,4.0,4.9043410517956545,0.08604907345001518,0.6481481481481481,0.9043410517956545
gin,978,CC(C)n1nc(-c2ccc(F)c(O)c2)c2c(N)ncnc21,5.853871822357178,5.526460266908586,0.22350342329237133,0.6862745098039216,0.3274115554485917
gin,979,CC(C)n1nc(-c2ccc(N)c(O)c2)c2c(N)ncnc21,5.673664093017578,5.757022273286953,0.28878963800551555,0.7142857142857143,0.08335818026937503
gin,980,CC(C)n1nc(-c2ccc(NS(C)(=O)=O)cc2)c2c(N)ncnc21,4.892789840698242,4.855532441628867,0.09980566995452922,0.58,0.0372573990693752
gin,981,CC(C)n1nc(-c2ccc(O)c(F)c2)c2c(N)ncnc21,5.982966423034668,5.454862375501673,0.25955753483311117,0.6862745098039216,0.5281040475329952
gin,982,CC(C)n1nc(-c2ccc(O)cc2)c2c(N)ncnc21,6.035269260406494,5.52555572392252,0.6421379358364749,0.7777777777777778,0.5097135364839742
gin,983,CC(C)n1nc(-c2ccc(S(N)(=O)=O)cc2)c2c(N)ncnc21,4.0,4.712523947784206,0.1445546532606297,0.6170212765957447,0.7125239477842058
gin,1010,CC(C)n1nc(-c2cccc(C#N)c2)c2c(N)ncnc21,4.0,5.127146860399321,0.14165034449856415,0.6415094339622641,1.1271468603993213
gin,1012,CC(C)n1nc(-c2cccc(CC#N)c2)c2c(N)ncnc21,4.7695512771606445,5.233915979667394,0.07088227058739775,0.5818181818181818,0.46436470250674944
gin,1013,CC(C)n1nc(-c2cccc(CO)c2)c2c(N)ncnc21,4.0,5.801234815759071,0.26776416370761624,0.6153846153846154,1.801234815759071
gin,1014,CC(C)n1nc(-c2cccc(NS(C)(=O)=O)c2)c2c(N)ncnc21,4.0,5.56487704230483,0.42299105084900784,0.5714285714285714,1.56487704230483
gin,1015,CC(C)n1nc(-c2cccc(O)c2)c2c(N)ncnc21,6.020451545715332,5.9288966829740914,0.460278017045759,0.75,0.09155486274124058
gin,1016,CC(C)n1nc(-c2cccc(O)c2F)c2c(N)ncnc21,5.429457187652588,5.1347949513279545,0.2613367667237649,0.6181818181818182,0.2946622363246334
gin,1017,CC(C)n1nc(-c2cccc(S(N)(=O)=O)c2)c2c(N)ncnc21,4.0,5.00392226637058,0.24866191724416878,0.6153846153846154,1.00392226637058
gin,1137,CCC(C)n1nc(-c2ccc(C)c(O)c2)c2c(N)ncnc21,5.777283668518066,5.055345288421599,0.21528797783646156,0.5614035087719298,0.7219383800964678
gin,1502,CCOc1cc(-c2nn(C(C)C)c3ncnc(N)c23)ccc1OC,4.266000747680664,5.490378298897827,0.24513465766463202,0.6785714285714286,1.224377551217163
gin,1503,CCOc1cc(-c2nn(CCO)c3ncnc(N)c23)ccc1OC,5.096367359161377,4.927312472738045,0.11642744754579863,0.5873015873015873,0.1690548864233321
gin,1723,CCOc1ccc(-c2n[nH]c3ncnc(N)c23)cc1OC,4.0,6.004846870783993,0.6924208175069066,0.5409836065573771,2.004846870783993
gin,1744,CCOc1ccc(-c2nn(C(C)C)c3ncnc(N)c23)cc1OC,5.225482940673828,5.531973396831219,0.3073804971556897,0.6785714285714286,0.3064904561573911
gin,1815,CCn1nc(-c2ccc(OC)c(O)c2)c2c(N)ncnc21,5.1904401779174805,4.729064614459261,0.20315018870759077,0.6491228070175439,0.46137556345821906
gin,2393,COCOc1cc(-c2nn(C(C)C)c3ncnc(N)c23)ccc1Br,5.364516258239746,5.689216463027179,0.08310090861637419,0.603448275862069,0.3247002047874332
gin,2446,COc1cc(-c2nn(C(C)C)c3ncnc(N)c23)cc(OC)c1OC,5.289036750793457,5.35436317571698,0.2391933357535528,0.6226415094339622,0.06532642492352281
gin,2447,COc1cc(-c2nn(C(C)C)c3ncnc(N)c23)ccc1F,5.413412570953369,5.188375557848715,0.07136204976411369,0.6666666666666666,0.22503701310465374
gin,2448,COc1cc(-c2nn(C(C)C)c3ncnc(N)c23)ccc1N,5.414539337158203,5.500589642147897,0.1644054514774377,0.6923076923076923,0.08605030498969413
gin,2449,COc1cc(-c2nn(C(C)C)c3ncnc(N)c23)ccc1NC(=O)OC(C)(C)C,6.7695512771606445,4.916025918144911,0.04308866454292406,0.7205882352941176,1.853525359015734
gin,2450,COc1cc(-c2nn(C(C)C)c3ncnc(N)c23)ccc1NC(C)CO,5.274088382720947,5.74309730928271,0.3055018050724425,0.5806451612903226,0.46900892656176296
gin,2451,COc1cc(-c2nn(C(C)C)c3ncnc(N)c23)ccc1O,6.041913986206055,5.40244278293309,0.15040029950592332,0.6666666666666666,0.639471203272965
gin,2506,COc1cc(Br)cc(-c2nn(C(C)C)c3ncnc(N)c23)c1,4.958607196807861,6.151839755627173,0.22120704250622936,0.6481481481481481,1.1932325588193118
gin,2558,COc1cc(F)c(-c2nn(C(C)C)c3ncnc(N)c23)cc1F,4.991399765014648,4.624313202809645,0.08892306628149131,0.5714285714285714,0.367086562205003
gin,3510,COc1ccc(-c2n[nH]c3ncnc(N)c23)cc1O,4.0,5.77920825753414,0.4019221310115749,0.5789473684210527,1.7792082575341404
gin,3515,COc1ccc(-c2nn(C(C)(C)C)c3ncnc(N)c23)cc1OC,5.197910785675049,4.687993090098111,0.35758195894465084,0.660377358490566,0.509917695576938
gin,3516,COc1ccc(-c2nn(C(C)C)c3ncnc(N)c23)cc1,5.3665313720703125,4.903826680282592,0.09795696086472717,0.7872340425531915,0.4627046917877209
gin,3517,COc1ccc(-c2nn(C(C)C)c3ncnc(N)c23)cc1O,5.659555912017822,5.32603020205903,0.08661954573164568,0.6666666666666666,0.33352570995879205
gin,3518,COc1ccc(-c2nn(C(C)C)c3ncnc(N)c23)cc1OC,5.519992828369141,5.061238020634633,0.23319629578184875,0.7058823529411765,0.4587548077345076
gin,3519,COc1ccc(-c2nn(C)c3ncnc(N)c23)cc1O,4.0,5.044599559526738,0.1908005872773898,0.6851851851851852,1.0445995595267377
gin,3525,COc1ccc(-c2nn(C[C@@H](C)CO)c3ncnc(N)c23)cc1OC,4.744727611541748,4.549328051462325,0.1828693761945558,0.5573770491803278,0.19539956007942294
gin,3526,COc1ccc(-c2nn(C[C@H](C)CO)c3ncnc(N)c23)cc1OC,4.92081880569458,4.572596131247678,0.11334321720033033,0.5573770491803278,0.3482226744469017
gin,3771,COc1cccc(-c2nn(C(C)C)c3ncnc(N)c23)c1,5.853871822357178,5.301559053661904,0.13733960928662672,0.76,0.5523127686952733
gin,3772,COc1cccc(-c2nn(C(C)C)c3ncnc(N)c23)c1OC,5.436519145965576,4.760492297524635,0.18957763523967272,0.5892857142857143,0.6760268484409409
gin,3958,C[C@@H](CN)n1nc(-c2ccc(Cl)c(O)c2)c2c(N)ncnc21,5.039053916931152,5.295770555935192,0.12112330140060233,0.576271186440678,0.25671663900403985
gin,3959,C[C@@H](CN)n1nc(-c2ccc(F)c(O)c2)c2c(N)ncnc21,4.585026741027832,5.089695506619719,0.21706110999214545,0.576271186440678,0.5046687655918873
gin,4060,C[C@H](CN)n1nc(-c2ccc(Cl)c(O)c2)c2c(N)ncnc21,5.318758964538574,5.624406387990813,0.079033876588337,0.576271186440678,0.30564742345223905
gin,4061,C[C@H](CN)n1nc(-c2ccc(F)c(O)c2)c2c(N)ncnc21,4.0,5.468964399338407,0.1373183588637179,0.576271186440678,1.4689643993384074
gin,4209,Cc1cc(O)ccc1-c1nn(C(C)C)c2ncnc(N)c12,6.020451545715332,5.21216082667053,0.34640874433211555,0.6666666666666666,0.8082907190448019
gin,4223,Cc1ccc(-c2n[nH]c3ncnc(N)c23)cc1O,4.906578540802002,5.994212569387776,0.4778994686223857,0.4032258064516129,1.0876340285857742
gin,4225,Cc1ccc(-c2nn(C(C)C)c3ncnc(N)c23)cc1O,6.178486347198486,5.408099106889729,0.15780629053270218,0.7,0.7703872403087573
gin,4226,Cc1ccc(-c2nn(C)c3ncnc(N)c23)cc1O,4.721246242523193,5.064988963164268,0.10239664904667202,0.6382978723404256,0.3437427206410746
gin,4721,Cn1nc(-c2ccc(Br)c(O)c2)c2c(N)ncnc21,4.0,5.272994807135035,0.14235023084269888,0.6538461538461539,1.272994807135035
gin,4935,N#CCCCCn1nc(-c2ccc(F)c(O)c2)c2c(N)ncnc21,4.958607196807861,4.966050782377799,0.15390021864519937,0.5846153846153846,0.0074435855699377385
gin,4936,N#CCCCn1nc(-c2ccc(F)c(O)c2)c2c(N)ncnc21,4.744727611541748,4.94484002209159,0.1097071310485176,0.59375,0.20011241054984197
gin,247,C/C(=C\c1ccc(O)c(O)c1)[N+](=O)[O-],5.045757293701172,5.300597778523663,0.5111654695224495,0.44680851063829785,0.2548404848224912
gin,787,CC(=O)Nc1ccc(C=C(C#N)C#N)cc1,3.48811674118042,3.1354898689740764,0.3009879084899525,0.43243243243243246,0.3526268722063435
gin,807,CC(=O)Oc1ccccc1C(=O)O,5.0,4.731970966181748,0.19709520593175114,0.30434782608695654,0.2680290338182516
gin,842,CC(C)(C)NC(=O)/C=C/c1ccccc1,4.525055885314941,4.79130151338488,0.07222385003693102,0.5757575757575758,0.2662456280699388
gin,843,CC(C)(C)NC(=O)c1ccc(N(CCCl)CCCl)cc1,4.502655506134033,4.87495780812246,0.04472800923086857,0.6097560975609756,0.3723023019884266
gin,859,CC(C)(C)Oc1cc(/C=C(\C#N)C(=N)S)cc(C(C)(C)C)c1O,3.299999952316284,4.480359686634131,0.18421025122805446,0.3333333333333333,1.1803597343178467
gin,861,CC(C)(C)c1cc(/C=C(\C#N)C(N)=O)cc(C(C)(C)C)c1O,4.301030158996582,4.287809415844322,0.26231912408148794,0.5454545454545454,0.013220743152260184
gin,893,CC(C)Cc1ccc(C(C)C(=O)O)cc1,5.0,4.957484095544672,0.06157406507271236,0.42105263157894735,0.04251590445532827
gin,927,CC(C)c1cc(/C=C(\C#N)C(N)=O)cc(C(C)C)c1O,6.0,5.076156515562232,0.17864539269470114,0.5454545454545454,0.9238434844377679
gin,1178,CCCCCCCCCCCCNC(=O)/C=C/c1ccccc1,4.4149909019470215,4.753992312682364,0.14472476564543435,0.48717948717948717,0.3390014107353423
gin,1180,CCCCCCCCCCCCNC(=O)c1ccc(N(CCCl)CCCl)cc1,4.301030158996582,4.354090168697624,0.11621431390585515,0.5652173913043478,0.05306000970104208
gin,1187,CCCCCCCCNC(C)C(O)c1ccc(SC(C)C)cc1,6.099960803985596,4.895580996804945,0.26087582935672704,0.23076923076923078,1.2043798071806506
gin,1189,CCCCCCCCc1ccc(O)cc1,4.789976119995117,5.150429985482035,0.1588581609300599,0.3611111111111111,0.3604538654869174
gin,1199,CCCCN(CCCC)C(=O)c1ccc(N(CCCl)CCCl)cc1,4.506124019622803,4.331254460778837,0.13989119577622328,0.5714285714285714,0.17486955884396593
gin,1216,CCCCNC(=O)c1ccc(N(CCCl)CCCl)cc1,4.64187479019165,4.716567052222906,0.19275385422373575,0.5909090909090909,0.07469226203125601
gin,1238,CCCN(CCC)C(=O)c1ccc(N(CCCl)CCCl)cc1,4.525346755981445,4.590046844101053,0.24565954424673353,0.6,0.06470008811960781
gin,1774,CC[C@H](C)[C@@H](CO[C@@H](Cc1ccccc1)C(=O)N[C@@H](CCS(C)(=O)=O)C(=O)OC(C)C)NC[C@@H](N)CS,5.4926838874816895,3.259372236741271,0.26631747980181675,0.23655913978494625,2.2333116507404185
gin,2373,COCCc1ccc(O)cc1,4.301030158996582,4.331775411139638,0.6609105192763121,0.37142857142857144,0.030745252143056234
gin,2461,COc1cc(/C=C(\C#N)C(N)=C(C#N)C#N)cc(O)c1O,6.0,5.136080324933587,0.3529632130717861,0.5555555555555556,0.8639196750664127
gin,2463,COc1cc(/C=C(\C#N)C(N)=O)cc(CSCCCC(=O)O)c1O,5.187086582183838,4.837426758681012,0.19001371934320788,0.711864406779661,0.3496598235028259
gin,2483,COc1cc(/C=C/[N+](=O)[O-])ccc1O,5.096909999847412,5.6029073902031294,0.37879546491860994,0.575,0.5059973903557173
gin,2511,COc1cc(C(C#N)=C(C#N)C#N)cc(O)c1O,5.221848964691162,4.990186603852216,0.21297528269017127,0.4318181818181818,0.2316623608389463
gin,2512,COc1cc(C(C#N)=C(C#N)C#N)cc(OC)c1O,3.045757532119751,4.856032572851255,0.03213143943225891,0.38636363636363635,1.8102750407315042
gin,2533,COc1cc(C=C(C#N)C#N)cc(C)c1O,4.059999942779541,3.7418622650390745,0.10432825101203143,0.5416666666666666,0.31813767774046653
gin,2535,COc1cc(C=C(C#N)C#N)cc(CSCC(=O)O)c1O,4.301030158996582,4.581908726171875,0.03517919739767364,0.6538461538461539,0.2808785671752929
gin,2538,COc1cc(C=C(C#N)C#N)cc(SCC(=O)O)c1O,4.269999980926514,4.682663696011687,0.0909472585729874,0.5689655172413793,0.4126637150851735
gin,3603,COc1ccc(C=C(C#N)C#N)cc1F,3.096909999847412,3.158154193745446,0.13674661264237317,0.4230769230769231,0.06124419389803393
gin,3950,CSc1ccc(C=C(C#N)C#N)cc1,3.204119920730591,3.1712797999906,0.1090958702119072,0.48484848484848486,0.03284012073999065
gin,4080,C[C@](N)(Cc1ccc(O)c(O)c1)C(=O)O,5.2816643714904785,5.137763233047508,0.12609117627134267,0.3125,0.14390113844297048
gin,4086,C[S+]([O-])c1ccc(C=C(C#N)C#N)cc1,2.744727611541748,3.4192272442837037,0.2275338669187652,0.5,0.6744996327419557
gin,4185,Cc1cc(C=C(C#N)C#N)cc(O)c1O,4.886056423187256,4.054849419465242,0.26398101732792245,0.4186046511627907,0.8312070037220138
gin,4855,N#C/C(=C\c1cc(O)ccc1O)C(=O)O,4.698969841003418,5.2633486896134585,0.14363161660554477,0.4222222222222222,0.5643788486100405
gin,4882,N#C/C(=C\c1ccc(O)c(O)c1)C(=O)O,4.522878646850586,5.273628486190631,0.1152024064908677,0.7027027027027027,0.7507498393400454
gin,4889,N#C/C(=C\c1ccc(O)c(O)c1)C(N)=O,5.0,5.349087314575129,0.1288589030823618,0.6756756756756757,0.3490873145751294
gin,4890,N#C/C(=C\c1ccc(O)c(O)c1)C(N)=S,5.571333885192871,5.401474262734681,0.0743113359963309,0.5897435897435898,0.16985962245819053
gin,4892,N#C/C(=C\c1ccc(O)cc1)C(=O)O,3.698970079421997,5.146443175993603,0.17065044800288642,0.4666666666666667,1.4474730965716063
gin,4893,N#C/C(=C\c1ccc(O)cc1)C(N)=O,3.096909999847412,5.282269275277084,0.23176692313469674,0.55,2.185359275429672
gin,4897,N#CC(C#N)=C(C#N)c1cc(O)c(O)c(O)c1,5.522878646850586,5.065896844152192,0.31243913092654585,0.3023255813953488,0.45698180269839384
gin,4898,N#CC(C#N)=C(C#N)c1cc(O)cc(O)c1,5.0,5.259020418496199,0.09275263043993268,0.24390243902439024,0.25902041849619906
gin,4899,N#CC(C#N)=C(C#N)c1ccc(C=O)cc1,3.221848726272583,4.6150789988812875,0.24303551400568343,0.32558139534883723,1.3932302726087045
gin,4900,N#CC(C#N)=C(C#N)c1ccc(O)c(O)c1,5.0,5.10086161555742,0.3017715646385625,0.4358974358974359,0.10086161555742024
gin,4901,N#CC(C#N)=C(C#N)c1ccc(O)cc1,3.221848726272583,5.058518250030605,0.37236899059815787,0.2682926829268293,1.8366695237580224
gin,4902,N#CC(C#N)=C(C#N)c1cccc(O)c1,3.397939920425415,5.024958229170672,0.31919151049521965,0.2826086956521739,1.6270183087452565
gin,4903,N#CC(C#N)=C(N)/C(C#N)=C/c1cc(O)c(O)c(Br)c1,6.301030158996582,5.125058437107388,0.3881446406981297,0.5531914893617021,1.1759717218891943
gin,4904,N#CC(C#N)=C(N)/C(C#N)=C/c1cc(O)c(O)c(O)c1,6.096909999847412,5.201341772770178,0.4069228356813547,0.5,0.8955682270772343
gin,4905,N#CC(C#N)=C(N)/C(C#N)=C/c1ccc(O)c(O)c1,5.522878646850586,5.161296479259118,0.31218088888198714,0.575,0.3615821675914681
gin,4906,N#CC(C#N)=C(N)/C(C#N)=C/c1ccc(O)cc1,7.0,4.866141291628374,0.36144185514932714,0.3877551020408163,2.1338587083716263
gin,4908,N#CC(C#N)=C(O)c1cc(O)c(O)c(O)c1,5.0,5.282632472086416,0.2787856905960133,0.3023255813953488,0.28263247208641573
gin,4909,N#CC(C#N)=C(O)c1ccc(O)cc1,3.301029920578003,5.139052020991841,0.25668871675120736,0.2682926829268293,1.8380221004138377
gin,4922,N#CC(C#N)=Cc1ccc(C#N)cc1,2.853872060775757,2.8683695526980557,0.18950163683348037,0.5333333333333333,0.014497491922298877
gin,4923,N#CC(C#N)=Cc1ccc(O)c(O)c1,4.397940158843994,3.5479238296175737,0.4171795187318159,0.6060606060606061,0.8500163292264205
gin,5094,N[C@@H](Cc1ccc(O)c(O)c1)C(=O)O,5.540607452392578,4.684760932738882,0.26315451377347265,0.32608695652173914,0.8558465196536957
gin,5715,O=C(O)/C=C/c1cc(CO)ccc1CO,6.107905387878418,4.787400034605092,0.1620058236531079,0.24528301886792453,1.320505353273326
gin,5716,O=C(O)/C=C/c1ccc(O)c(O)c1,3.0,4.882475848833138,0.09179404749043671,0.5714285714285714,1.8824758488331383
gin,5922,O=CN/C=C/c1cc(O)ccc1O,5.698969841003418,5.053945714902056,0.7348612528495088,0.3541666666666667,0.6450241261013616
gin,5947,O=[N+]([O-])/C=C/c1ccc(O)c(O)c1,5.045757293701172,5.890456017616518,0.5206816524490175,0.42857142857142855,0.8446987239153465
gin,5948,O=[N+]([O-])/C=C/c1ccc(O)cc1,5.0,6.10193564413201,0.40611511725280197,0.4523809523809524,1.10193564413201
gin,6100,Oc1cccc(O)c1O,5.910094738006592,4.801986783501789,0.20685985746529625,0.2962962962962963,1.1081079545048027
gin,6103,Oc1ccccc1O,4.584309101104736,4.40559588436642,0.20106545202303194,0.2647058823529412,0.1787132167383163
gin,0,Br.CC(Nc1ncnc2[nH]c(-c3ccc(O)cc3)cc12)c1ccc(C(F)(F)F)cc1,5.336487293243408,6.547686733952358,0.33270684140619833,0.6065573770491803,1.21119944070895
gin,2,Br.CC[C@@H](Nc1ncnc2[nH]c(-c3ccc(O)cc3)cc12)c1ccccc1,8.397939682006836,6.709361309903112,0.1444990029220314,0.6,1.6885783721037235
gin,3,Br.C[C@@H](Nc1ncnc2[nH]c(-c3ccc(O)cc3)cc12)c1ccc(Br)cc1,7.207608222961426,6.6529314030388305,0.12280628417632795,0.6379310344827587,0.5546768199225953
gin,4,Br.C[C@@H](Nc1ncnc2[nH]c(-c3ccc(O)cc3)cc12)c1ccc(F)cc1,8.42021656036377,6.91912927186975,0.1013931340843743,0.6379310344827587,1.5010872884940198
gin,5,Br.C[C@@H](Nc1ncnc2[nH]c(-c3ccc(O)cc3)cc12)c1cccc(F)c1,8.045757293701172,6.9617344172429725,0.08902903399582965,0.6610169491525424,1.0840228764581994
gin,6,Br.C[C@@H](Nc1ncnc2[nH]c(-c3ccc(O)cc3)cc12)c1ccccc1,8.431797981262207,6.982930132231822,0.12252524316419859,0.7222222222222222,1.4488678490303855
gin,7,Br.C[C@@H](Nc1ncnc2[nH]c(-c3ccc(O)cc3)cc12)c1ccccc1F,8.09691047668457,6.823794703510078,0.11031750426701553,0.7636363636363637,1.2731157731744922
gin,8,Br.Cc1ccc([C@@H](C)Nc2ncnc3[nH]c(-c4ccc(O)cc4)cc23)cc1,6.346787452697754,6.8165830094814375,0.12451019146920393,0.6491228070175439,0.46979555678368357
gin,9,Br.Cc1cccc(C(C)Nc2ncnc3[nH]c(-c4ccc(O)cc4)cc23)c1,7.022276401519775,6.6025673464632,0.03369256680993465,0.6724137931034483,0.4197090550565754
gin,10,Br.Cc1ccccc1C(C)Nc1ncnc2[nH]c(-c3ccc(O)cc3)cc12,7.7695512771606445,6.227878306800214,0.13347073066559084,0.7777777777777778,1.5416729703604304
gin,11,Br.Oc1ccc(-c2cc3c(NCc4ccc(F)cc4)ncnc3[nH]2)cc1,7.585026741027832,6.550011437116001,0.10385868166813947,0.47619047619047616,1.0350153039118313
gin,12,Br.Oc1ccc(-c2cc3c(NCc4cccc(F)c4)ncnc3[nH]2)cc1,7.28399658203125,6.607429239856842,0.10544595656399607,0.5,0.6765673421744083
gin,13,Br.Oc1ccc(-c2cc3c(NCc4ccccc4)ncnc3[nH]2)cc1,8.481486320495605,6.559735501491796,0.13877218903136967,0.5441176470588235,1.921750819003809
gin,14,Br.Oc1ccc(-c2cc3c(NCc4ccccc4F)ncnc3[nH]2)cc1,7.346787452697754,6.536254304861147,0.2674046723681903,0.5079365079365079,0.8105331478366073
gin,3492,COc1ccc(-c2cc3c(N[C@H](C)c4ccccc4)ncnc3[nH]2)cc1,8.327901840209961,6.501709063383941,0.19086523428797952,0.625,1.8261927768260202
gin,3964,C[C@@H](Nc1ncnc2[nH]c(-c3ccc(Br)cc3)cc12)c1ccc(F)cc1,7.537601947784424,6.7429327118920455,0.04323913657342231,0.5230769230769231,0.7946692358923784
gin,3965,C[C@@H](Nc1ncnc2[nH]c(-c3ccc(Br)cc3)cc12)c1ccccc1,7.200659275054932,6.815351238217506,0.07534507444926065,0.6440677966101694,0.38530803683742576
gin,3966,C[C@@H](Nc1ncnc2[nH]c(-c3ccc(C#N)cc3)cc12)c1ccc(F)cc1,7.853871822357178,6.590922615942948,0.22211224771121743,0.5223880597014925,1.2629492064142296
gin,3967,C[C@@H](Nc1ncnc2[nH]c(-c3ccc(C#N)cc3)cc12)c1ccccc1,7.92081880569458,6.66138503501066,0.18533252819217275,0.639344262295082,1.2594337706839198
gin,3968,C[C@@H](Nc1ncnc2[nH]c(-c3ccc(C(=O)NCCNCCC(=O)NO)cc3)cc12)c1ccccc1,7.0,6.585947997324368,0.21576385218653735,0.7,0.414052002675632
gin,3969,C[C@@H](Nc1ncnc2[nH]c(-c3ccc(C(=O)NCCNCCCCCC(=O)NO)cc3)cc12)c1ccccc1,7.0,6.412081383463328,0.17717904533001103,0.6621621621621622,0.5879186165366717
gin,3970,C[C@@H](Nc1ncnc2[nH]c(-c3ccc(C(=O)NCCNCCCCCCC(=O)NO)cc3)cc12)c1ccccc1,7.0,6.364946085522583,0.1753505718905772,0.6621621621621622,0.6350539144774174
gin,3971,C[C@@H](Nc1ncnc2[nH]c(-c3ccc(C(=O)NO)cc3)cc12)c1ccc(F)cc1,7.0,6.859258620698476,0.15080213472844795,0.7142857142857143,0.14074137930152375
gin,3972,C[C@@H](Nc1ncnc2[nH]c(-c3ccc(C(=O)NO)cc3)cc12)c1ccccc1,7.0,6.978522456920654,0.1033602152882365,0.8596491228070176,0.021477543079345907
gin,3979,C[C@@H](Nc1ncnc2[nH]c(-c3ccc(CNCC(=O)NO)cc3)cc12)c1ccccc1,6.0,6.89374477399101,0.17346796369240267,0.7936507936507936,0.8937447739910098
gin,3980,C[C@@H](Nc1ncnc2[nH]c(-c3ccc(CNCCC(=O)NO)cc3)cc12)c1ccccc1,7.0,6.926405879971963,0.16976378714248874,0.7692307692307693,0.07359412002803722
gin,3981,C[C@@H](Nc1ncnc2[nH]c(-c3ccc(CNCCCCCC(=O)NO)cc3)cc12)c1ccccc1,7.0,6.738783915627334,0.1454783272982516,0.7246376811594203,0.2612160843726663
gin,3982,C[C@@H](Nc1ncnc2[nH]c(-c3ccc(CNCCCCCCC(=O)NO)cc3)cc12)c1ccccc1,7.0,6.680324704884498,0.14997306354082585,0.7246376811594203,0.31967529511550197
gin,3983,C[C@@H](Nc1ncnc2[nH]c(-c3ccc(CNCCCCCCCC(=O)NO)cc3)cc12)c1ccccc1,7.0,6.62471314977325,0.15439612168846273,0.7246376811594203,0.37528685022675035
gin,3986,C[C@@H](Nc1ncnc2[nH]c(-c3ccc(F)cc3)cc12)c1ccc(F)cc1,7.568636417388916,6.915190138208285,0.13393978147026378,0.5666666666666667,0.6534462791806313
gin,3987,C[C@@H](Nc1ncnc2[nH]c(-c3ccc(F)cc3)cc12)c1ccccc1,8.180456161499023,7.020703266614738,0.0682835009752221,0.6440677966101694,1.159752894884285
gin,3988,C[C@@H](Nc1ncnc2[nH]c(-c3ccc(NC(=O)CCC(=O)NO)cc3)cc12)c1ccccc1,7.0,6.5856048424056155,0.10230956622121114,0.6857142857142857,0.4143951575943845
gin,3989,C[C@@H](Nc1ncnc2[nH]c(-c3ccc(NC(=O)CCCC(=O)NO)cc3)cc12)c1ccccc1,7.0,6.479397708020156,0.05125948304174993,0.6944444444444444,0.5206022919798441
gin,3990,C[C@@H](Nc1ncnc2[nH]c(-c3ccc(NC(=O)CCCCC(=O)NO)cc3)cc12)c1ccccc1,7.0,6.451036795078456,0.06359659909383901,0.7083333333333334,0.5489632049215443
gin,3991,C[C@@H](Nc1ncnc2[nH]c(-c3ccc(NC(=O)CCCCCCC(=O)NO)cc3)cc12)c1ccccc1,7.0,6.387219203068813,0.1059357146029198,0.7123287671232876,0.6127807969311867
gin,3992,C[C@@H](Nc1ncnc2[nH]c(-c3ccc(NC(=O)CCNCC(=O)NO)cc3)cc12)c1ccccc1,7.0,6.621991727517575,0.2281345960573744,0.631578947368421,0.3780082724824254
gin,3993,C[C@@H](Nc1ncnc2[nH]c(-c3ccc(NCCCCCC(=O)NO)cc3)cc12)c1ccccc1,7.0,6.697546074109113,0.16257973336086196,0.6933333333333334,0.3024539258908874
gin,3994,C[C@@H](Nc1ncnc2[nH]c(-c3ccc(NCCCCCCC(=O)NO)cc3)cc12)c1ccccc1,7.0,6.645483363211209,0.17151899253780312,0.6933333333333334,0.35451663678879086
gin,3997,C[C@@H](Nc1ncnc2[nH]c(-c3ccc(OCC(=O)NO)cc3)cc12)c1ccccc1,7.0,6.791167130221396,0.1235560344003768,0.6567164179104478,0.20883286977860394
gin,3998,C[C@@H](Nc1ncnc2[nH]c(-c3ccc(OCCCC(=O)NO)cc3)cc12)c1ccccc1,7.0,6.757520085362895,0.13999279843685342,0.6944444444444444,0.24247991463710505
gin,3999,C[C@@H](Nc1ncnc2[nH]c(-c3ccc(OCCCCC(=O)NO)cc3)cc12)c1ccccc1,7.0,6.7059317177145985,0.14588852855260465,0.6986301369863014,0.2940682822854015
gin,4000,C[C@@H](Nc1ncnc2[nH]c(-c3ccc(OCCCCCC(=O)NO)cc3)cc12)c1ccccc1,7.0,6.655669515303799,0.16078931004725155,0.7027027027027027,0.34433048469620076
gin,4001,C[C@@H](Nc1ncnc2[nH]c(-c3ccc(OCCCCCCC(=O)NO)cc3)cc12)c1ccc(F)cc1,7.0,6.512890535110862,0.20050383244066877,0.6081081081081081,0.4871094648891381
gin,4002,C[C@@H](Nc1ncnc2[nH]c(-c3ccc(OCCCCCCC(=O)NO)cc3)cc12)c1ccccc1,7.0,6.605206713554676,0.17160034138390048,0.7027027027027027,0.3947932864453243
gin,4003,C[C@@H](Nc1ncnc2[nH]c(-c3ccc(OCCNCCCCCCC(=O)NO)cc3)cc12)c1ccccc1,7.0,6.511981366806213,0.13937742984085924,0.65,0.4880186331937866
gin,4004,C[C@@H](Nc1ncnc2[nH]c(-c3ccccc3)cc12)c1ccc(F)cc1,7.481485843658447,6.922003131856886,0.039509594005382974,0.5901639344262295,0.5594827118015608
gin,5469,O=C(CCCCCCOc1ccc(-c2cc3c(NCc4ccccc4)ncnc3[nH]2)cc1)NO,7.0,6.3521243814456305,0.26746889130951834,0.7,0.6478756185543695
gin,5587,O=C(NO)c1ccc(-c2cc3c(NCc4ccccc4)ncnc3[nH]2)cc1,7.0,6.7027521633784275,0.11957441830258037,0.6984126984126984,0.2972478366215725
gin,1929,CN(C)CCNC(=O)c1ccc(-c2cc3c(N[C@H](CO)c4ccccc4)ncnc3s2)cc1,8.698969841003418,6.292111797533153,0.3280543956060982,0.6052631578947368,2.4068580434702653
gin,2258,COC(=O)c1cc(OC)c(-c2cc3c(N[C@H](C)c4ccccc4)ncnc3s2)c(OC)c1,8.397939682006836,7.011716893710052,0.4779297400625423,0.5423728813559322,1.3862227882967844
gin,2262,COC(=O)c1ccc(-c2cc3c(N[C@H](C)c4ccccc4)ncnc3s2)c(OC)c1,7.698969841003418,6.975757952927889,0.1316077058010212,0.5757575757575758,0.7232118880755287
gin,2268,COC(=O)c1ccc(OC)c(-c2cc3c(N[C@H](C)c4ccccc4)ncnc3s2)c1,8.154901504516602,6.992133038055432,0.15992851384285975,0.5757575757575758,1.16276846646117
gin,2274,COC(=O)c1cccc(-c2cc3c(N[C@H](C)c4ccccc4)ncnc3s2)c1OC,8.045757293701172,6.506261967799894,0.1722573452202762,0.5373134328358209,1.539495325901278
gin,2401,COC[C@@H](Nc1ncnc2sc(-c3ccccc3OC)cc12)c1ccccc1,7.638272285461426,7.014427226304665,0.20392423391847775,0.6785714285714286,0.6238450591567606
gin,2432,COc1c(C(=O)NCCN(C)C)cccc1-c1cc2c(N[C@H](C)c3ccccc3)ncnc2s1,8.522878646850586,6.219142585912453,0.13283416984475668,0.4675324675324675,2.3037360609381325
gin,2433,COc1c(C=O)cccc1-c1cc2c(N[C@H](C)c3ccccc3)ncnc2s1,7.677780628204346,6.897466587076148,0.5695341026562565,0.5454545454545454,0.7803140411281975
gin,2434,COc1c(CO)cccc1-c1cc2c(N[C@H](C)c3ccccc3)ncnc2s1,8.823908805847168,7.003434041130625,0.3994523907025065,0.5454545454545454,1.8204747647165433
gin,2507,COc1cc(C(=O)NCCN(C)C)cc(OC)c1-c1cc2c(N[C@H](C)c3ccccc3)ncnc2s1,9.397939682006836,6.894795543665577,0.28938534410042294,0.463768115942029,2.503144138341259
gin,2508,COc1cc(C(=O)NCCN(C)C)ccc1-c1cc2c(N[C@H](C)c3ccccc3)ncnc2s1,9.301030158996582,6.741363726103522,0.17598710986567007,0.5,2.55966643289306
gin,2513,COc1cc(C(N)=O)ccc1-c1cc2c(N[C@H](C)c3ccccc3)ncnc2s1,8.698969841003418,7.214033394570656,0.1649506208902534,0.5671641791044776,1.4849364464327621
gin,2514,COc1cc(C(N)=O)ccc1-c1cc2c(N[C@H](CO)c3ccccc3)ncnc2s1,8.823908805847168,7.0729330719175465,0.2085756883660388,0.5384615384615384,1.7509757339296215
gin,2539,COc1cc(C=O)ccc1-c1cc2c(NCc3ccccc3)ncnc2s1,8.221848487854004,7.0816622035479995,0.2954652732434084,0.7457627118644068,1.1401862843060044
gin,2553,COc1cc(CO)ccc1-c1cc2c(NCc3ccccc3)ncnc2s1,8.301030158996582,7.325356714246048,0.3091772840562675,0.7719298245614035,0.9756734447505337
gin,2559,COc1cc(F)ccc1-c1cc2c(N[C@H](C)c3ccccc3)ncnc2s1,8.221848487854004,7.2771919151155515,0.13728650352561153,0.639344262295082,0.9446565727384524
gin,3494,COc1ccc(-c2cc3c(N[C@H](C)c4ccccc4)ncnc3s2)c(OC)c1,8.301030158996582,7.195845295593536,0.23833107029421405,0.6229508196721312,1.1051848634030463
gin,3553,COc1ccc(C(=O)NCCN(C)C)cc1-c1cc2c(N[C@H](C)c3ccccc3)ncnc2s1,9.301030158996582,6.767070837351113,0.18609504626874449,0.5,2.5339593216454688
gin,3604,COc1ccc(C=O)cc1-c1cc2c(N[C@H](C)c3ccccc3)ncnc2s1,8.522878646850586,7.314157738828506,0.29568709378430585,0.625,1.2087209080220802
gin,3623,COc1ccc(CO)cc1-c1cc2c(N[C@H](C)c3ccccc3)ncnc2s1,8.301030158996582,7.5333564512695474,0.2660927387963917,0.625,0.7676737077270346
gin,3754,COc1cccc(-c2cc3c(N[C@H](C)c4ccccc4)ncnc3s2)c1OC,7.886056423187256,6.9539818107696485,0.46592553756946536,0.6610169491525424,0.9320746124176074
gin,3797,COc1cccc(OC)c1-c1cc2c(N[C@H](C)c3ccccc3)ncnc2s1,8.698969841003418,6.951497199273711,0.5565086219761942,0.6153846153846154,1.7474726417297068
gin,3798,COc1cccc(OC)c1-c1cc2c(N[C@H](CO)c3ccccc3)ncnc2s1,9.045757293701172,6.879594640595259,0.5091908829320774,0.625,2.1661626531059133
gin,3805,COc1ccccc1-c1cc2c(NC(C)c3ccccc3)ncnc2s1,7.721246242523193,7.145033801034842,0.2798834251807176,0.7592592592592593,0.5762124414883516
gin,3806,COc1ccccc1-c1cc2c(NC(CO)c3ccccc3)ncnc2s1,8.09691047668457,7.248123095950099,0.35047909189130483,0.6428571428571429,0.8487873807344712
gin,3807,COc1ccccc1-c1cc2c(NCc3ccccc3)ncnc2s1,7.7695512771606445,6.906423074107643,0.2119691555746329,0.86,0.8631282030530016
gin,3812,COc1ccccc1-c1cc2c(N[C@@H](C)c3ccccc3)ncnc2s1,5.730486869812012,7.235038683840152,0.2402631960028743,0.7592592592592593,1.5045518140281402
gin,3813,COc1ccccc1-c1cc2c(N[C@@H](CO)c3ccccc3)ncnc2s1,6.201349258422852,7.1928694079487485,0.16968172833721162,0.6428571428571429,0.991520149525897
gin,3814,COc1ccccc1-c1cc2c(N[C@H](C)c3ccc(F)cc3)ncnc2s1,7.568636417388916,7.076043728784995,0.1624868004864662,0.7192982456140351,0.4925926886039207
gin,3816,COc1ccccc1-c1cc2c(N[C@H](C)c3ccccc3)ncnc2s1,8.045757293701172,7.210851341937875,0.14310171080081416,0.7592592592592593,0.8349059517632966
gin,3819,COc1ccccc1-c1cc2c(N[C@H](CO)c3ccccc3)ncnc2s1,9.0,7.1275026707894895,0.23755588161653787,0.6428571428571429,1.8724973292105105
gin,4020,C[C@@H](Nc1ncnc2sc(-c3ccc(C(=O)NCCN(C)C)cc3)cc12)c1ccccc1,8.698969841003418,6.5457291138372184,0.17137602398548643,0.5,2.1532407271661995
gin,4021,C[C@@H](Nc1ncnc2sc(-c3ccc(C(=O)O)cc3)cc12)c1ccccc1,7.721246242523193,6.779154754535905,0.37661411051614524,0.6037735849056604,0.9420914879872884
gin,4022,C[C@@H](Nc1ncnc2sc(-c3ccc(C(N)=O)cc3)cc12)c1ccccc1,8.154901504516602,6.986371827279466,0.24647776220670645,0.5818181818181818,1.1685296772371352
gin,4023,C[C@@H](Nc1ncnc2sc(-c3ccc(C=O)cc3F)cc12)c1ccccc1,7.229147911071777,6.911276362257407,0.21477195784893455,0.5517241379310345,0.3178715488143702
gin,4024,C[C@@H](Nc1ncnc2sc(-c3ccc(CO)cc3F)cc12)c1ccccc1,7.886056423187256,7.204592109612214,0.18378720651262467,0.5517241379310345,0.6814643135750416
gin,4025,C[C@@H](Nc1ncnc2sc(-c3ccc(F)c(C=O)c3)cc12)c1ccccc1,8.09691047668457,7.244683579972275,0.27736397481506275,0.5517241379310345,0.8522268967122955
gin,4026,C[C@@H](Nc1ncnc2sc(-c3ccc(S(C)(=O)=O)cc3)cc12)c1ccccc1,7.387216091156006,6.9961548098169715,0.3058518687241586,0.5925925925925926,0.3910612813390344
gin,4027,C[C@@H](Nc1ncnc2sc(-c3cccc(C(=O)NCCN(C)C)c3)cc12)c1ccccc1,9.045757293701172,6.860175537192472,0.13346751098697437,0.48484848484848486,2.1855817565087
gin,4028,C[C@@H](Nc1ncnc2sc(-c3cccc(C(=O)O)c3)cc12)c1ccccc1,8.09691047668457,7.108854746441949,0.24540262989957637,0.5818181818181818,0.9880557302426212
gin,4029,C[C@@H](Nc1ncnc2sc(-c3cccc(C(N)=O)c3)cc12)c1ccccc1,8.301030158996582,7.31952019370673,0.12891189375030773,0.5614035087719298,0.9815099652898525
gin,4030,C[C@@H](Nc1ncnc2sc(-c3cccc(C=O)c3)cc12)c1ccccc1,8.221848487854004,7.393007838307412,0.2323893325290662,0.5818181818181818,0.8288406495465921
gin,4031,C[C@@H](Nc1ncnc2sc(-c3cccc(S(C)(=O)=O)c3)cc12)c1ccccc1,7.585026741027832,7.2637768395699,0.19320920548942255,0.5714285714285714,0.3212499014579322
gin,4032,C[C@@H](Nc1ncnc2sc(-c3ccccc3C(N)=O)cc12)c1ccccc1,6.559091091156006,6.897907380284202,0.030824847194640723,0.5818181818181818,0.3388162891281965
gin,6046,OC[C@@H](Nc1ncnc2sc(-c3ccccc3)cc12)c1ccccc1,8.045757293701172,7.26072042349773,0.27689559326060464,0.7291666666666666,0.7850368702034416
gin,6054,OCc1ccc(-c2cc3c(NCc4ccccc4)ncnc3s2)cc1,7.318758964538574,7.039420726884579,0.296018493084615,0.7346938775510204,0.27933823765399524
gin,6058,OCc1cccc(-c2cc3c(N[C@H](CO)c4ccccc4)ncnc3s2)c1,8.522878646850586,7.45295452097217,0.27086318198703196,0.6461538461538462,1.0699241258784156
gin,750,CC(=O)N1N=C(c2ccc(C)c(C)c2)CC1c1ccc(Br)cc1,4.685922145843506,4.807910744422443,0.2766588166196038,0.49295774647887325,0.12198859857893751
gin,751,CC(=O)N1N=C(c2ccc(C)c(C)c2)CC1c1ccc(C)cc1,4.7572102546691895,4.894967331881077,0.20405710929576232,0.47368421052631576,0.13775707721188724
gin,752,CC(=O)N1N=C(c2ccc(C)c(C)c2)CC1c1ccc(Cl)cc1,4.704873085021973,4.760111251773971,0.21599835615006402,0.5081967213114754,0.05523816675199811
gin,753,CC(=O)N1N=C(c2ccc(C)c(C)c2)CC1c1ccc(F)cc1,4.807990550994873,4.969196193326972,0.16548299244780473,0.47297297297297297,0.16120564233209933
gin,754,CC(=O)N1N=C(c2ccc(C)c(C)c2)CC1c1ccccc1,4.6981024742126465,4.84865413140335,0.10311422862082419,0.453125,0.15055165719070374
gin,755,CC(=O)N1N=C(c2ccc(C)c(C)c2)CC1c1ccccc1Cl,4.667965888977051,4.587071372839034,0.18444736532555073,0.4444444444444444,0.08089451613801657
gin,758,CC(=O)N1N=C(c2ccc(Cl)c(Cl)c2)CC1c1ccc(Br)cc1,4.73400354385376,4.479404254734071,0.2732730730150758,0.5084745762711864,0.2545992891196889
gin,759,CC(=O)N1N=C(c2ccc(Cl)c(Cl)c2)CC1c1ccc(C)cc1,4.713993072509766,4.6952214949551845,0.17485701084607166,0.5172413793103449,0.018771577554581143
gin,760,CC(=O)N1N=C(c2ccc(Cl)c(Cl)c2)CC1c1ccc(Cl)cc1,4.7920966148376465,4.47949222253358,0.18540509704340452,0.5263157894736842,0.3126043923040669
gin,761,CC(=O)N1N=C(c2ccc(Cl)c(Cl)c2)CC1c1ccc(F)cc1,4.736363887786865,4.706247588247344,0.10722331736627665,0.5084745762711864,0.030116299539521663
gin,762,CC(=O)N1N=C(c2ccc(Cl)c(Cl)c2)CC1c1ccccc1,4.542269229888916,4.554158702268921,0.05921112497649995,0.5535714285714286,0.011889472380005373
gin,763,CC(=O)N1N=C(c2ccc(Cl)c(Cl)c2)CC1c1ccccc1Cl,4.6170830726623535,4.315434413881391,0.11736031225235714,0.5614035087719298,0.30164865878096236
gin,2760,COc1cc(OC)cc(C2CC(c3ccc(C)c(C)c3)=NN2C(C)=O)c1,4.761703014373779,4.769401473064086,0.21470733526460026,0.453125,0.007698458690306609
gin,2761,COc1cc(OC)cc(C2CC(c3ccc(Cl)c(Cl)c3)=NN2C(C)=O)c1,4.593971252441406,4.577590392723351,0.21997018969680424,0.5,0.016380859718054808
gin,3589,COc1ccc(C2CC(c3ccc(Br)c(Br)c3)=NN2C(N)=S)cc1,5.0920515060424805,5.314284349513649,0.1936157894942304,0.6727272727272727,0.22223284347116845
gin,3593,COc1ccc(C2CC(c3ccc(C)c(C)c3)=NN2C(C)=O)cc1,4.817015171051025,4.736549705413545,0.12218255128472467,0.5409836065573771,0.0804654656374808
gin,3594,COc1ccc(C2CC(c3ccc(C)c(C)c3)=NN2C(N)=S)cc1,7.15490198135376,5.321848580952754,0.06995602743884329,0.6851851851851852,1.8330534004010062
gin,3598,COc1ccc(C2CC(c3ccc(Cl)c(Cl)c3)=NN2C(C)=O)cc1,4.764724254608154,4.524039071790625,0.0980751336053924,0.5833333333333334,0.24068518281752915
gin,3599,COc1ccc(C2CC(c3ccc(Cl)c(Cl)c3)=NN2C(N)=S)cc1,5.241087913513184,5.225403089487926,0.18612059615992127,0.7037037037037037,0.01568482402525717
gin,4275,Cc1ccc(C2=NN(C(N)=S)C(c3ccc(Br)cc3)C2)cc1C,5.663540363311768,5.458416757605836,0.22598876047098165,0.6415094339622641,0.20512360570593202
gin,4276,Cc1ccc(C2=NN(C(N)=S)C(c3ccc(Cl)cc3)C2)cc1C,5.866461277008057,5.440834773145053,0.2199915220278812,0.6415094339622641,0.42562650386300405
gin,4277,Cc1ccc(C2=NN(C(N)=S)C(c3ccc(F)cc3)C2)cc1C,6.0809221267700195,5.52423796267723,0.12774846479205876,0.6415094339622641,0.5566841640927898
gin,4278,Cc1ccc(C2=NN(C(N)=S)C(c3ccc(O)cc3)C2)cc1C,6.886056423187256,5.548311673722047,0.2789936887853832,0.5636363636363636,1.3377447494652088
gin,4279,Cc1ccc(C2=NN(C(N)=S)C(c3ccc([N+](=O)[O-])cc3)C2)cc1C,5.514278411865234,5.243520070288227,0.17563499555348328,0.5081967213114754,0.2707583415770074
gin,4282,Cc1ccc(C2=NN(C(N)=S)C(c3ccccc3Br)C2)cc1C,5.375718116760254,5.377056328055339,0.1423770986817286,0.5614035087719298,0.0013382112950850455
gin,4283,Cc1ccc(C2=NN(C(N)=S)C(c3ccccc3Cl)C2)cc1C,5.412289142608643,5.271458965414865,0.21980558977419593,0.6140350877192983,0.14083017719377722
gin,4284,Cc1ccc(C2=NN(C(N)=S)C(c3ccccc3F)C2)cc1C,5.28483247756958,5.3784139857095425,0.09567655452184747,0.5614035087719298,0.09358150813996247
gin,4308,Cc1ccc(C2CC(c3ccc(Br)c(Br)c3)=NN2C(N)=S)cc1,5.0074462890625,5.545652583966781,0.22849015163714986,0.6415094339622641,0.5382062949042812
gin,4312,Cc1ccc(C2CC(c3ccc(C)c(C)c3)=NN2C(N)=S)cc1,6.4685211181640625,5.45006076045345,0.11279645576022508,0.6666666666666666,1.0184603577106124
gin,4315,Cc1ccc(C2CC(c3ccc(Cl)c(Cl)c3)=NN2C(N)=S)cc1,5.131943702697754,5.453892592275533,0.25302829465903837,0.7115384615384616,0.32194888957777934
gin,5025,NC(=S)N1N=C(c2ccc(Br)c(Br)c2)CC1c1ccc(Br)cc1,4.997402191162109,5.429084493062902,0.08418056497419457,0.6666666666666666,0.4316823019007927
gin,5026,NC(=S)N1N=C(c2ccc(Br)c(Br)c2)CC1c1ccc(Cl)cc1,5.088842391967773,5.388296053466469,0.1896711869884002,0.6415094339622641,0.29945366149869557
gin,5027,NC(=S)N1N=C(c2ccc(Br)c(Br)c2)CC1c1ccc(F)cc1,5.04963493347168,5.59262090721267,0.16657996165940292,0.6415094339622641,0.5429859737409899
gin,5028,NC(=S)N1N=C(c2ccc(Br)c(Br)c2)CC1c1ccc(O)cc1,4.948076248168945,5.530455306896403,0.12942197279604156,0.5636363636363636,0.582379058727458
gin,5029,NC(=S)N1N=C(c2ccc(Br)c(Br)c2)CC1c1ccc([N+](=O)[O-])cc1,4.973058223724365,5.246471266434856,0.30501965018214455,0.5081967213114754,0.27341304271049083
gin,5030,NC(=S)N1N=C(c2ccc(Br)c(Br)c2)CC1c1ccccc1Br,4.959793567657471,5.492559825376745,0.17013597085078302,0.5925925925925926,0.532766257719274
gin,5031,NC(=S)N1N=C(c2ccc(Br)c(Br)c2)CC1c1ccccc1Cl,4.9115095138549805,5.29880674968425,0.2608017728053004,0.6140350877192983,0.3872972358292692
gin,5032,NC(=S)N1N=C(c2ccc(Br)c(Br)c2)CC1c1ccccc1F,4.873868465423584,5.491868005407273,0.2239836968274021,0.5614035087719298,0.6179995399836891
gin,5035,NC(=S)N1N=C(c2ccc(Cl)c(Cl)c2)CC1c1ccc(Br)cc1,5.164309501647949,5.2711151165248324,0.08117274839816725,0.7115384615384616,0.10680561487688323
gin,5036,NC(=S)N1N=C(c2ccc(Cl)c(Cl)c2)CC1c1ccc(Cl)cc1,5.135488986968994,5.26303115611438,0.18356169034975153,0.74,0.12754216914538574
gin,5037,NC(=S)N1N=C(c2ccc(Cl)c(Cl)c2)CC1c1ccc(F)cc1,5.202732563018799,5.461952680073939,0.16070654047077967,0.7115384615384616,0.2592201170551398
gin,5038,NC(=S)N1N=C(c2ccc(Cl)c(Cl)c2)CC1c1ccc(O)cc1,5.278189182281494,5.329360153851098,0.07267683518510526,0.7254901960784313,0.05117097156960426
gin,5039,NC(=S)N1N=C(c2ccc(Cl)c(Cl)c2)CC1c1ccc([N+](=O)[O-])cc1,5.109020233154297,5.153197973210627,0.3160658696235598,0.6491228070175439,0.04417774005633035
gin,5042,NC(=S)N1N=C(c2ccc(Cl)c(Cl)c2)CC1c1ccccc1Br,5.191789150238037,5.311320148345224,0.15377964677887992,0.7358490566037735,0.11953099810718726
gin,5043,NC(=S)N1N=C(c2ccc(Cl)c(Cl)c2)CC1c1ccccc1Cl,5.137868404388428,5.123325576940701,0.24902322955778683,0.78,0.014542827447726836
gin,5044,NC(=S)N1N=C(c2ccc(Cl)c(Cl)c2)CC1c1ccccc1F,5.183095932006836,5.363604319358142,0.20526884506310644,0.7358490566037735,0.18050838735130625
gin,1346,CCN1CCN(C2CCN(c3ccc(Nc4nccc(-c5c(-c6cccc(C(=O)Nc7c(F)cccc7F)c6)nc6ccccn56)n4)c(OC)c3)CC2)CC1,7.0,7.102010857191942,0.1220718165643008,0.8817204301075269,0.10201085719194225
gin,1528,CCOc1cc(N2CCC(N3CCN(CC(F)F)CC3)CC2)ccc1Nc1nccc(-c2c(-c3cccc(C(=O)Nc4c(F)cccc4F)c3)nc3ccccn23)n1,7.0,7.175521624915689,0.10871943903320612,0.8431372549019608,0.1755216249156888
gin,1529,CCOc1cc(N2CCC(N3CCN(CCC(F)(F)F)CC3)CC2)ccc1Nc1nccc(-c2c(-c3cccc(C(=O)Nc4c(F)cccc4F)c3)nc3ccccn23)n1,7.0,7.1539020600275975,0.16783819657424123,0.8543689320388349,0.15390206002759754
gin,1530,CCOc1cc(N2CCC(N3CCN(CCF)CC3)CC2)ccc1Nc1nccc(-c2c(-c3cccc(C(=O)Nc4c(F)cccc4F)c3)nc3ccccn23)n1,7.0,7.165673228645289,0.09087197784129644,0.9583333333333334,0.16567322864528933
gin,1531,CCOc1cc(N2CCC(N3CCN(CCS(C)(=O)=O)CC3)CC2)ccc1Nc1nccc(-c2c(-c3cccc(C(=O)Nc4c(F)cccc4F)c3)nc3ccccn23)n1,7.0,7.110795145659765,0.134032047302899,0.96,0.11079514565976467
gin,1532,CCOc1cc(N2CCC(N3CCN(S(C)(=O)=O)CC3)CC2)c(CC)cc1Nc1nccc(-c2c(-c3ccc(OC)c(C(=O)Nc4c(F)cccc4F)c3)nc3ccccn23)n1,6.0,6.191008372568934,0.18507856314909096,0.8240740740740741,0.191008372568934
gin,1533,CCOc1cc(N2CCC(N3CCN(S(C)(=O)=O)CC3)CC2)c(CC)cc1Nc1nccc(-c2c(-c3ccc(OCC)c(C(=O)Nc4c(F)cccc4F)c3)nc3ccccn23)n1,6.0,6.3225108728968005,0.2633934656572588,0.819047619047619,0.32251087289680047
gin,1534,CCOc1cc(N2CCC(N3CCN(S(C)(=O)=O)CC3)CC2)ccc1Nc1nccc(-c2c(-c3ccc(OC)c(C(=O)Nc4c(F)cccc4F)c3)nc3ccccn23)n1,6.0,6.486960324241106,0.2340376826112419,0.794392523364486,0.4869603242411058
gin,1535,CCOc1cc(N2CCC(N3CCN(S(C)(=O)=O)CC3)CC2)ccc1Nc1nccc(-c2c(-c3ccc(OCC)c(C(=O)Nc4c(F)cccc4F)c3)nc3ccccn23)n1,6.0,6.632428805745747,0.3147709331007644,0.7830188679245284,0.6324288057457466
gin,1536,CCOc1cc(N2CCC(N3CCN(S(C)(=O)=O)CC3)CC2)ccc1Nc1nccc(-c2c(-c3cccc(C(=O)Nc4c(F)cccc4F)c3)nc3ccccn23)n1,6.0,7.119904518034197,0.17407112078380046,0.8461538461538461,1.1199045180341969
gin,1730,CCOc1ccc(-c2nc3ccccn3c2-c2ccnc(Nc3cc(CC)c(N4CCC(N5CCN(S(C)(=O)=O)CC5)CC4)cc3OC)n2)cc1C(=O)Nc1c(F)cccc1F,6.0,6.2199397541921515,0.20273832152031485,0.822429906542056,0.2199397541921515
gin,1738,CCOc1ccc(-c2nc3ccccn3c2-c2ccnc(Nc3ccc(N4CCC(N5CCN(CCF)CC5)CC4)cc3OC)n2)cc1C(=O)Nc1c(F)cccc1F,6.0,6.581518795024081,0.19485283163925404,0.8415841584158416,0.5815187950240812
gin,1739,CCOc1ccc(-c2nc3ccccn3c2-c2ccnc(Nc3ccc(N4CCC(N5CCN(CCS(C)(=O)=O)CC5)CC4)cc3OC)n2)cc1C(=O)Nc1c(F)cccc1F,6.0,6.502732492324985,0.2289534034576783,0.8476190476190476,0.5027324923249852
gin,1740,CCOc1ccc(-c2nc3ccccn3c2-c2ccnc(Nc3ccc(N4CCC(N5CCN(S(C)(=O)=O)CC5)CC4)cc3OC)n2)cc1C(=O)Nc1c(F)cccc1F,6.0,6.529173512900208,0.2412876666350811,0.819047619047619,0.5291735129002078
gin,1792,CCc1cc(Nc2nccc(-c3c(-c4ccc(OC)c(C(=O)Nc5c(F)cccc5F)c4)nc4ccccn34)n2)c(OC)cc1N1CCC(N2CCN(S(C)(=O)=O)CC2)CC1,5.5,6.094198483724459,0.1351614427982649,0.8173076923076923,0.5941984837244592
gin,1794,CCc1cc(Nc2nccc(-c3c(-c4cccc(C(=O)Nc5c(F)cccc5F)c4)nc4ccccn34)n2)c(OC)cc1N1CCC(N2CCN(S(C)(=O)=O)CC2)CC1,7.328788757324219,6.568027698394514,0.1385750179845216,0.7181818181818181,0.7607610589297051
gin,2609,COc1cc(N2CCC(N3CCN(C(C)=O)CC3)CC2)ccc1Nc1nccc(-c2c(-c3cccc(C(=O)Nc4c(F)cccc4F)c3)nc3ccccn23)n1,7.0,6.974200834048261,0.09121784318748206,0.8913043478260869,0.0257991659517387
gin,2610,COc1cc(N2CCC(N3CCN(C)CC3)CC2)ccc1Nc1nccc(-c2c(-c3cccc(C(=O)Nc4c(F)cccc4F)c3)nc3ccccn23)n1,7.0,7.121957590429105,0.10642839882338523,0.9560439560439561,0.12195759042910481
gin,2612,COc1cc(N2CCC(N3CCN(CCF)CC3)CC2)c(C)cc1Nc1nccc(-c2c(-c3cccc(C(=O)Nc4c(F)cccc4F)c3)nc3ccccn23)n1,7.0,6.692975620894405,0.050861116519594345,0.8058252427184466,0.3070243791055951
gin,2613,COc1cc(N2CCC(N3CCN(CCF)CC3)CC2)c(Cl)cc1Nc1nccc(-c2c(-c3cccc(C(=O)Nc4c(F)cccc4F)c3)nc3ccccn23)n1,7.0,6.810073475594347,0.01535701923759878,0.7980769230769231,0.18992652440565294
gin,2614,COc1cc(N2CCC(N3CCN(CCF)CC3)CC2)c(OC)cc1Nc1nccc(-c2c(-c3cccc(C(=O)Nc4c(F)cccc4F)c3)nc3ccccn23)n1,7.0,6.647894816254762,0.058419150826901745,0.8217821782178217,0.3521051837452376
gin,2615,COc1cc(N2CCC(N3CCN(CCF)CC3)CC2)ccc1Nc1nccc(-c2c(-c3ccc(OC)c(C(=O)Nc4c(F)cccc4F)c3)nc3cc(F)ccn23)n1,6.0,6.373617308719538,0.16458488785350098,0.7941176470588235,0.37361730871953824
gin,2616,COc1cc(N2CCC(N3CCN(CCF)CC3)CC2)ccc1Nc1nccc(-c2c(-c3ccc(OC)c(C(=O)Nc4c(F)cccc4F)c3)nc3ccccn23)n1,6.0,6.422041133497924,0.15062179791606145,0.8958333333333334,0.42204113349792394
gin,2617,COc1cc(N2CCC(N3CCN(CCF)CC3)CC2)ccc1Nc1nccc(-c2c(-c3cccc(C(=O)Nc4c(F)cccc4F)c3)nc3c(C)cccn23)n1,7.0,7.035702081778336,0.1801708156970038,0.8058252427184466,0.03570208177833578
gin,2618,COc1cc(N2CCC(N3CCN(CCF)CC3)CC2)ccc1Nc1nccc(-c2c(-c3cccc(C(=O)Nc4c(F)cccc4F)c3)nc3c(F)cccn23)n1,7.0,6.9909656118086225,0.1818735553705066,0.8383838383838383,0.009034388191377474
gin,2619,COc1cc(N2CCC(N3CCN(CCF)CC3)CC2)ccc1Nc1nccc(-c2c(-c3cccc(C(=O)Nc4c(F)cccc4F)c3)nc3cc(C(F)(F)F)ccn23)n1,7.0,6.943959009106905,0.09271779535454375,0.8173076923076923,0.056040990893095
gin,2620,COc1cc(N2CCC(N3CCN(CCF)CC3)CC2)ccc1Nc1nccc(-c2c(-c3cccc(C(=O)Nc4c(F)cccc4F)c3)nc3cc(F)ccn23)n1,7.0,7.030486679414437,0.07368324643337675,0.85,0.03048667941443739
gin,2621,COc1cc(N2CCC(N3CCN(CCF)CC3)CC2)ccc1Nc1nccc(-c2c(-c3cccc(C(=O)Nc4c(F)cccc4F)c3)nc3ccccn23)n1,7.0,7.052311132383366,0.06460179634030754,0.9574468085106383,0.052311132383366044
gin,2622,COc1cc(N2CCC(N3CCN(CCS(C)(=O)=O)CC3)CC2)c(C)cc1Nc1nccc(-c2c(-c3cccc(C(=O)Nc4c(F)cccc4F)c3)nc3ccccn23)n1,7.0,6.620706853571264,0.06922960917419063,0.8269230769230769,0.37929314642873635
gin,2623,COc1cc(N2CCC(N3CCN(CCS(C)(=O)=O)CC3)CC2)c(Cl)cc1Nc1nccc(-c2c(-c3cccc(C(=O)Nc4c(F)cccc4F)c3)nc3ccccn23)n1,7.0,6.739959280905591,0.030120513544799995,0.8055555555555556,0.26004071909440896
gin,2624,COc1cc(N2CCC(N3CCN(CCS(C)(=O)=O)CC3)CC2)ccc1Nc1nccc(-c2c(-c3ccc(OC)c(C(=O)Nc4c(F)cccc4F)c3)nc3ccccn23)n1,6.0,6.356224155579092,0.18017596588289064,0.9,0.35622415557909193
gin,2625,COc1cc(N2CCC(N3CCN(CCS(C)(=O)=O)CC3)CC2)ccc1Nc1nccc(-c2c(-c3cccc(C(=O)Nc4c(F)cccc4F)c3)nc3c(C)cccn23)n1,7.0,6.970306725243471,0.16613445676277416,0.8130841121495327,0.02969327475652861
gin,2626,COc1cc(N2CCC(N3CCN(CCS(C)(=O)=O)CC3)CC2)ccc1Nc1nccc(-c2c(-c3cccc(C(=O)Nc4c(F)cccc4F)c3)nc3c(F)cccn23)n1,7.0,6.920139263791878,0.1660644227990289,0.8446601941747572,0.07986073620812206
gin,2627,COc1cc(N2CCC(N3CCN(CCS(C)(=O)=O)CC3)CC2)ccc1Nc1nccc(-c2c(-c3cccc(C(=O)Nc4c(F)cccc4F)c3)nc3ccccn23)n1,7.0,6.995689987853332,0.07419466179258813,0.9591836734693877,0.00431001214666793
gin,2628,COc1cc(N2CCC(N3CCN(S(C)(=O)=O)CC3)CC2)c(C)cc1Nc1nccc(-c2c(-c3ccc(OC)c(C(=O)Nc4c(F)cccc4F)c3)nc3ccccn23)n1,6.0,6.154724743443791,0.15313788516983984,0.8058252427184466,0.15472474344379084
gin,2629,COc1cc(N2CCC(N3CCN(S(C)(=O)=O)CC3)CC2)c(C)cc1Nc1nccc(-c2c(-c3cccc(C(=O)Nc4c(F)cccc4F)c3)nc3ccccn23)n1,7.0,6.663033688702178,0.10874040336346766,0.7961165048543689,0.3369663112978216
gin,2630,COc1cc(N2CCC(N3CCN(S(C)(=O)=O)CC3)CC2)ccc1Nc1nccc(-c2c(-c3ccc(OC(C)C)c(C(=O)Nc4c(F)cccc4F)c3)nc3ccccn23)n1,6.0,6.345226378050103,0.1784622815550139,0.77,0.3452263780501026
gin,2631,COc1cc(N2CCC(N3CCN(S(C)(=O)=O)CC3)CC2)ccc1Nc1nccc(-c2c(-c3ccc(OC)c(C(=O)Nc4c(F)cccc4F)c3)nc3cc(F)ccn23)n1,6.0,6.339866348601504,0.14420580821247642,0.803921568627451,0.3398663486015039
gin,2632,COc1cc(N2CCC(N3CCN(S(C)(=O)=O)CC3)CC2)ccc1Nc1nccc(-c2c(-c3ccc(OC)c(C(=O)Nc4c(F)cccc4F)c3)nc3ccccn23)n1,6.0,6.385802229086878,0.16218649350200565,0.8210526315789474,0.38580222908687833
gin,2633,COc1cc(N2CCC(N3CCN(S(C)(=O)=O)CC3)CC2)ccc1Nc1nccc(-c2c(-c3cccc(C(=O)Nc4c(F)cccc4F)c3)nc3c(C)cccn23)n1,7.0,6.9773327680751684,0.12211836807184241,0.7281553398058253,0.022667231924831555
gin,2634,COc1cc(N2CCC(N3CCN(S(C)(=O)=O)CC3)CC2)ccc1Nc1nccc(-c2c(-c3cccc(C(=O)Nc4c(F)cccc4F)c3)nc3c(F)cccn23)n1,7.0,6.91563423818949,0.1284577780577428,0.7575757575757576,0.08436576181050981
gin,2635,COc1cc(N2CCC(N3CCN(S(C)(=O)=O)CC3)CC2)ccc1Nc1nccc(-c2c(-c3cccc(C(=O)Nc4c(F)cccc4F)c3)nc3cc(F)ccn23)n1,7.0,6.97757525551998,0.0885765633138961,0.77,0.022424744480019854
gin,2636,COc1cc(N2CCC(N3CCN(S(C)(=O)=O)CC3)CC2)ccc1Nc1nccc(-c2c(-c3cccc(C(=O)Nc4c(F)cccc4F)c3)nc3ccccn23)n1,7.122062683105469,7.005132855066293,0.13144345947774214,0.8723404255319149,0.11692982803917573
gin,3856,COc1ccn2c(-c3ccnc(Nc4ccc(N5CCC(N6CCN(CCF)CC6)CC5)cc4OC)n3)c(-c3cccc(C(=O)Nc4c(F)cccc4F)c3)nc2c1,7.0,6.971503784063955,0.06440858976268153,0.8415841584158416,0.028496215936044678
gin,3880,CS(=O)(=O)CCN1CCN(C2CCN(c3ccc(Nc4nccc(-c5c(-c6cccc(C(=O)Nc7c(F)cccc7F)c6)nc6ccccn56)n4)c(OCC(F)(F)F)c3)CC2)CC1,7.0,7.092748838894664,0.15104292053538884,0.8679245283018868,0.09274883889466423
gin,94,Brc1cccc(Nc2ncnc3cnccc23)c1,7.29119873046875,8.047668810220486,0.15113223539171636,0.6590909090909091,0.7564700797517361
gin,98,C#CC(=O)Nc1cc2c(Nc3cccc(Br)c3)ncnc2cn1,8.522878646850586,9.111095577141754,0.16344230700209703,0.5645161290322581,0.5882169302911677
gin,256,C/C=C/C(=O)Cc1cc2c(Nc3cccc(Br)c3)ncnc2cn1,9.299988746643066,9.306049931000118,0.2345570558914988,0.7758620689655172,0.006061184357051275
gin,266,C=C(C)C(=O)Cc1cc2c(Nc3cccc(Br)c3)ncnc2cn1,8.799970626831055,8.365473069133856,0.5174064043321421,0.6612903225806451,0.434497557697199
gin,282,C=C/C=C/C(=O)Cc1cc2c(Nc3cccc(Br)c3)ncnc2cn1,8.960189819335938,9.908688428470128,0.111637829377731,0.75,0.9484986091341909
gin,290,C=CC(=O)C(C)c1cc2c(Nc3cccc(Br)c3)ncnc2cn1,9.770062446594238,9.233462145079358,0.10953477879080174,0.6164383561643836,0.5366003015148806
gin,293,C=CC(=O)C(CCN(C)C)c1cc2c(Nc3cccc(Br)c3)ncnc2cn1,8.37996768951416,8.706763481367744,0.22945734424627565,0.68,0.3267957918535842
gin,294,C=CC(=O)Cc1cc2c(Nc3cccc(Br)c3)ncnc2cn1,9.04000473022461,10.339098965644467,0.24346843542717606,0.7413793103448276,1.299094235419858
gin,295,C=CC(=O)N(C)c1cc2c(Nc3cccc(Br)c3)ncnc2cn1,7.886056423187256,8.997846625957393,0.13385052507983192,0.5522388059701493,1.1117902027701376
gin,458,C=CC(=O)Nc1cc2c(Nc3ccc(F)c(Cl)c3)ncnc2cn1,8.797497749328613,9.487073338821801,0.09382929659392719,0.7068965517241379,0.6895755894931881
gin,470,C=CC(=O)Nc1cc2c(Nc3cccc(C)c3)ncnc2cn1,8.699840545654297,9.152087405841058,0.1876004982373981,0.5303030303030303,0.4522468601867615
gin,723,C=CS(=O)(=O)Nc1cc2c(Nc3cccc(Br)c3)ncnc2cn1,9.119987487792969,8.942719879182661,0.21983193681263286,0.5555555555555556,0.17726760861030755
gin,725,C=CS(=O)(=O)c1cc2c(Nc3cccc(Br)c3)ncnc2cn1,9.369978904724121,8.906103900271603,0.3450721756188237,0.5471698113207547,0.46387500445251817
gin,726,C=C[S+]([O-])c1cc2c(Nc3cccc(Br)c3)ncnc2cn1,8.339988708496094,9.52521810870482,0.21603450681347133,0.5471698113207547,1.1852294002087262
gin,729,CC#CC(=O)Nc1cc2c(Nc3ccc(F)c(Cl)c3)ncnc2cn1,9.062469482421875,8.688074612714658,0.17133961497973965,0.6865671641791045,0.374394869707217
gin,820,CC(C(=O)/C=C/C(=O)NCCCN(C)C)c1cc2c(Nc3cccc(Br)c3)ncnc2cn1,8.840131759643555,7.635717326170003,0.2932331909213704,0.5465116279069767,1.204414433473552
gin,896,CC(C)N(CC#CC(=O)Nc1cc2c(Nc3ccc(F)c(Cl)c3)ncnc2cn1)C(C)C,7.246612071990967,8.42749306039606,0.02407076506941626,0.684931506849315,1.180880988405093
gin,1151,CCCC#CC(=O)Nc1cc2c(Nc3ccc(F)c(Cl)c3)ncnc2cn1,8.39363956451416,8.88421210432962,0.10170714027428157,0.7611940298507462,0.4905725398154601
gin,1157,CCCCC#CC(=O)Nc1cc2c(Nc3ccc(F)c(Cl)c3)ncnc2cn1,8.085348129272461,8.764752443291528,0.06564376337153457,0.7391304347826086,0.6794043140190666
gin,1197,CCCCN(CC#CC(=O)Nc1cc2c(Nc3ccc(F)c(Cl)c3)ncnc2cn1)CCCC,7.539677619934082,7.676864299088763,0.32049050038670013,0.6756756756756757,0.13718667915468075
gin,1289,CCN(CC)CC#CC(=O)Nc1cc2c(Nc3ccc(F)c(Cl)c3)ncnc2cn1,7.571333885192871,8.34317815915449,0.06318393270425643,0.6944444444444444,0.7718442739616194
gin,1292,CCN(CC)CC(O)CNc1cc2c(Nc3cccc(Br)c3)ncnc2cn1,6.052842140197754,8.118120996681668,0.1357354509748099,0.5735294117647058,2.065278856483914
gin,1298,CCN(CC)CCCNC(=O)/C=C/C(=O)Cc1cc2c(Nc3cccc(Br)c3)ncnc2cn1,9.140021324157715,8.518271721179062,0.23853211389755635,0.7142857142857143,0.6217496029786531
gin,1381,CCOC(=O)/C=C/C(=O)Cc1cc2c(Nc3cccc(Br)c3)ncnc2cn1,8.819873809814453,8.054933412619548,0.2470256727860092,0.703125,0.7649403971949056
gin,1852,CN(C)C/C=C/C(=O)Nc1cc2c(Nc3ccc(F)c(Cl)c3)ncnc2cn1,8.849485397338867,8.663039348943087,0.026248725255985966,0.726027397260274,0.18644604839577994
gin,1899,CN(C)CCCCNc1cc2c(Nc3cccc(Br)c3)ncnc2cn1,7.721246242523193,8.571618403860612,0.04473579396374311,0.671875,0.8503721613374182
gin,1906,CN(C)CCCNC(=O)/C=C/C(=O)Cc1cc2c(Nc3cccc(Br)c3)ncnc2cn1,8.960189819335938,8.760136701511058,0.22536612704740755,0.72,0.20005311782487922
gin,1912,CN(C)CCCNc1cc2c(Nc3cccc(Br)c3)ncnc2cn1,7.79587984085083,8.595462479808731,0.008309732095210399,0.6825396825396826,0.7995826389579008
gin,1922,CN(C)CCN(C)c1cc2c(Nc3cccc(Br)c3)ncnc2cn1,7.337242126464844,7.8735821727649835,0.48419891573558593,0.6065573770491803,0.5363400463001398
gin,1932,CN(C)CCNc1cc2c(Nc3cccc(Br)c3)ncnc2cn1,5.8665313720703125,8.411965147648829,0.048419776207966406,0.6779661016949152,2.545433775578516
gin,1965,CN(C)c1cc2c(Nc3cccc(Br)c3)ncnc2cn1,7.92081880569458,7.723345607169463,0.42032120032717074,0.64,0.1974731985251168
gin,2011,CN(CCO)CCNc1cc2c(Nc3cccc(Br)c3)ncnc2cn1,7.568636417388916,8.151932276783398,0.19510513903916982,0.6268656716417911,0.5832958593944824
gin,2142,CNc1cc2c(Nc3cccc(Br)c3)ncnc2cn1,7.886056423187256,8.855830566561465,0.10120785907017142,0.6428571428571429,0.9697741433742095
gin,2143,CNc1cc2c(Nc3cccc(C)c3)ncnc2cn1,7.638272285461426,8.271515076085493,0.07599878837168313,0.6122448979591837,0.6332427906240667
gin,2144,CNc1cc2c(Nc3ccccc3)ncnc2cn1,8.045757293701172,7.93558695217672,0.18300360601485952,0.5555555555555556,0.11017034152445149
gin,2940,COc1cc2c(Nc3cccc(Br)c3)ncnc2cn1,8.58004379272461,7.609003540183004,0.1989309425272561,0.64,0.9710402525416058
gin,4623,Clc1cc2c(Nc3cccc(Br)c3)ncnc2cn1,7.3939595222473145,7.109805736925814,0.21003159137159116,0.6444444444444445,0.28415378532150015
gin,4747,Fc1cc2c(Nc3cccc(Br)c3)ncnc2cn1,6.903293609619141,7.627152610215312,0.08466110009451294,0.6444444444444445,0.7238590005961711
gin,5110,Nc1cc2c(Nc3cccc(Br)c3)ncnc2cn1,7.79587984085083,7.315399170172661,0.25904493324960987,0.6444444444444445,0.480480670678169
gin,5435,O=C(/C=C\Cl)Cc1cc2c(Nc3cccc(Br)c3)ncnc2cn1,9.160019874572754,9.125044844020238,0.31509532523032413,0.7894736842105263,0.03497503055251627
gin,5727,O=C(O)CCNc1cc2c(Nc3cccc(Br)c3)ncnc2cn1,6.347753524780273,8.285941073474788,0.0621546243420103,0.6666666666666666,1.9381875486945148
gin,5934,O=S(=O)(CO)Nc1cc2c(Nc3cccc(Br)c3)ncnc2cn1,7.0299787521362305,8.578218237290713,0.04220506284043983,0.5806451612903226,1.5482394851544825
gin,6015,OCCN(CCO)CCCNc1cc2c(Nc3cccc(Br)c3)ncnc2cn1,6.638272285461426,8.03348831211136,0.3061875164449493,0.6363636363636364,1.3952160266499334
gin,6018,OCCN(CCO)CCNc1cc2c(Nc3cccc(Br)c3)ncnc2cn1,7.148741722106934,7.878151557263919,0.34116434738760476,0.6451612903225806,0.7294098351569858
gin,891,CC(C)COc1cc(N2CCC(N3CCCCC3)CC2)ccc1Nc1nccc(-c2c(-c3cccc(C(=O)Nc4c(F)cccc4F)c3)nc3ccccn23)n1,7.0,6.933344690613708,0.24162586865593652,0.8736842105263158,0.0666553093862916
gin,892,CC(C)Cc1cc(N2CCC(N3CCCCC3)CC2)ccc1Nc1nccc(-c2c(-c3cccc(C(=O)Nc4c(F)cccc4F)c3)nc3ccccn23)n1,7.0,6.727633684752529,0.21931838980932614,0.8144329896907216,0.2723663152474707
gin,913,CC(C)Oc1cc(N2CCC(N3CCCCC3)CC2)ccc1Nc1nccc(-c2c(-c3cccc(C(=O)Nc4c(F)cccc4F)c3)nc3ccccn23)n1,7.0,6.975940869877988,0.18291566868807296,0.9021739130434783,0.024059130122012107
gin,1266,CCCOc1cc(N2CCC(N3CCCCC3)CC2)ccc1Nc1nccc(-c2c(-c3cccc(C(=O)Nc4c(F)cccc4F)c3)nc3ccccn23)n1,7.0,7.095414104994326,0.10929518553280447,0.8829787234042553,0.09541410499432601
gin,1277,CCCc1cc(N2CCC(N3CCCCC3)CC2)ccc1Nc1nccc(-c2c(-c3cccc(C(=O)Nc4c(F)cccc4F)c3)nc3ccccn23)n1,7.0,6.846932774715754,0.12026202067439386,0.8229166666666666,0.15306722528424643
gin,1527,CCOc1cc(N2CCC(N3CCCCC3)CC2)ccc1Nc1nccc(-c2c(-c3cccc(C(=O)Nc4c(F)cccc4F)c3)nc3ccccn23)n1,7.0,7.13567662539559,0.1569378921428692,0.9021739130434783,0.13567662539558967
gin,1736,CCOc1ccc(-c2nc3ccccn3c2-c2ccnc(Nc3ccc(N4CCC(N5CCC(CCS(C)(=O)=O)CC5)CC4)cc3OC)n2)cc1C(=O)Nc1c(F)cccc1F,6.0,6.3501829846441,0.14977811471529123,0.95,0.3501829846440998
gin,1737,CCOc1ccc(-c2nc3ccccn3c2-c2ccnc(Nc3ccc(N4CCC(N5CCCCC5)CC4)c(C)c3OC)n2)cc1C(=O)Nc1c(F)cccc1F,6.0,6.189968222389886,0.08649939131296058,0.7403846153846154,0.18996822238988642
gin,1790,CCc1cc(N2CCC(N3CCCCC3)CC2)ccc1Nc1nccc(-c2c(-c3cccc(C(=O)Nc4c(F)cccc4F)c3)nc3ccccn23)n1,7.0,6.915413485925182,0.12595179675544024,0.8494623655913979,0.0845865140748181
gin,2436,COc1c(Nc2nccc(-c3c(-c4cccc(C(=O)Nc5c(F)cccc5F)c4)nc4ccccn34)n2)ccc(N2CCC(N3CCCCC3)CC2)c1C,7.0,6.4531901567329575,0.12086761960784086,0.8041237113402062,0.5468098432670425
gin,2577,COc1cc(N2CCC(N3CCC(C(F)(F)F)CC3)CC2)ccc1Nc1nccc(-c2c(-c3cccc(C(=O)Nc4c(F)cccc4F)c3)nc3ccccn23)n1,7.0,6.9537829220705305,0.038528107910442706,0.8817204301075269,0.0462170779294695
gin,2578,COc1cc(N2CCC(N3CCC(C)CC3)CC2)ccc1Nc1nccc(-c2c(-c3cccc(C(=O)Nc4c(F)cccc4F)c3)nc3ccccn23)n1,7.0,7.053978523299456,0.12976021765912152,0.9111111111111111,0.05397852329945607
gin,2579,COc1cc(N2CCC(N3CCC(CCS(C)(=O)=O)CC3)CC2)ccc1Nc1nccc(-c2c(-c3ccc(OC)c(C(=O)Nc4c(F)cccc4F)c3)nc3ccccn23)n1,6.0,6.251410316008016,0.0779997284452058,0.9479166666666666,0.2514103160080161
gin,2580,COc1cc(N2CCC(N3CCC(CCS(C)(=O)=O)CC3)CC2)ccc1Nc1nccc(-c2c(-c3cccc(C(=O)Nc4c(F)cccc4F)c3)nc3ccccn23)n1,7.0,6.689807933467129,0.042485966725028926,0.8461538461538461,0.31019206653287057
gin,2581,COc1cc(N2CCC(N3CCC(F)CC3)CC2)ccc1Nc1nccc(-c2c(-c3cccc(C(=O)Nc4c(F)cccc4F)c3)nc3ccccn23)n1,7.0,7.099110834487533,0.0502949446912087,0.9438202247191011,0.09911083448753288
gin,2582,COc1cc(N2CCC(N3CCC(O)CC3)CC2)ccc1Nc1nccc(-c2c(-c3ccc(OC)c(C(=O)Nc4c(F)cccc4F)c3)nc3ccccn23)n1,6.0,6.513342008536921,0.1540405262821695,0.9425287356321839,0.5133420085369211
gin,2583,COc1cc(N2CCC(N3CCC(O)CC3)CC2)ccc1Nc1nccc(-c2c(-c3cccc(C(=O)Nc4c(F)cccc4F)c3)nc3ccccn23)n1,7.0,7.161943993537307,0.07513947072689883,0.9213483146067416,0.1619439935373066
gin,2584,COc1cc(N2CCC(N3CCCC(F)(F)C3)CC2)ccc1Nc1nccc(-c2c(-c3cccc(C(=O)Nc4c(F)cccc4F)c3)nc3ccccn23)n1,7.0,6.882080712900741,0.0787208889300151,0.8736842105263158,0.1179192870992587
gin,2586,COc1cc(N2CCC(N3CCCCC3)CC2)c(C)cc1Nc1nccc(-c2c(-c3ccc(OC)c(C(=O)Nc4c(F)cccc4F)c3)nc3ccccn23)n1,6.0,6.298095250876751,0.13904316519272367,0.851063829787234,0.29809525087675137
gin,2587,COc1cc(N2CCC(N3CCCCC3)CC2)c(C)cc1Nc1nccc(-c2c(-c3cccc(C(=O)Nc4c(F)cccc4F)c3)nc3ccccn23)n1,7.0,6.714436196962147,0.09114821010980836,0.8421052631578947,0.2855638030378529
gin,2588,COc1cc(N2CCC(N3CCCCC3)CC2)c(Cl)cc1Nc1nccc(-c2c(-c3ccc(OC)c(C(=O)Nc4c(F)cccc4F)c3)nc3ccccn23)n1,6.0,6.351098405629986,0.14005586867611855,0.8421052631578947,0.35109840562998595
gin,2589,COc1cc(N2CCC(N3CCCCC3)CC2)c(Cl)cc1Nc1nccc(-c2c(-c3cccc(C(=O)Nc4c(F)cccc4F)c3)nc3ccccn23)n1,7.0,6.793990885482085,0.06543992786634213,0.8333333333333334,0.20600911451791504
gin,2590,COc1cc(N2CCC(N3CCCCC3)CC2)c(F)cc1Nc1nccc(-c2c(-c3ccc(OC)c(C(=O)Nc4c(F)cccc4F)c3)nc3ccccn23)n1,6.0,6.2053393999885005,0.10702296384900858,0.8695652173913043,0.20533939998850048
gin,2591,COc1cc(N2CCC(N3CCCCC3)CC2)c(F)cc1Nc1nccc(-c2c(-c3cccc(C(=O)Nc4c(F)cccc4F)c3)nc3ccccn23)n1,7.0,6.6178572409406655,0.08800488307708378,0.8602150537634409,0.3821427590593345
gin,2592,COc1cc(N2CCC(N3CCCCC3)CC2)c(OC)cc1Nc1nccc(-c2c(-c3cccc(C(=O)Nc4c(F)cccc4F)c3)nc3ccccn23)n1,7.0,6.686499855649821,0.09125073036687877,0.8602150537634409,0.31350014435017926
gin,2593,COc1cc(N2CCC(N3CCCCC3)CC2)ccc1Nc1nccc(-c2c(-c3ccc(OC)c(C(=O)Nc4c(F)cccc4F)c3)nc3cc(C)ccn23)n1,6.0,6.419150808391561,0.16296453133359548,0.8125,0.41915080839156094
gin,2594,COc1cc(N2CCC(N3CCCCC3)CC2)ccc1Nc1nccc(-c2c(-c3ccc(OC)c(C(=O)Nc4c(F)cccc4F)c3)nc3cc(F)ccn23)n1,6.0,6.428006901850904,0.15608859044031,0.8210526315789474,0.42800690185090406
gin,2595,COc1cc(N2CCC(N3CCCCC3)CC2)ccc1Nc1nccc(-c2c(-c3ccc(OC)c(C(=O)Nc4c(F)cccc4F)c3)nc3ccccn23)n1,6.0,6.4615280438373155,0.16550915497282134,0.9325842696629213,0.4615280438373155
gin,2596,COc1cc(N2CCC(N3CCCCC3)CC2)ccc1Nc1nccc(-c2c(-c3cccc(C(=O)Nc4c(F)cccc4F)c3)nc3c(C)cccn23)n1,7.0,6.963633844396391,0.1233797907132724,0.8315789473684211,0.03636615560360923
gin,2597,COc1cc(N2CCC(N3CCCCC3)CC2)ccc1Nc1nccc(-c2c(-c3cccc(C(=O)Nc4c(F)cccc4F)c3)nc3c(F)cccn23)n1,7.0,6.9293246954186465,0.11808385837446278,0.8681318681318682,0.07067530458135352
gin,2598,COc1cc(N2CCC(N3CCCCC3)CC2)ccc1Nc1nccc(-c2c(-c3cccc(C(=O)Nc4c(F)cccc4F)c3)nc3cc(C(F)(F)F)ccn23)n1,7.0,7.021518627351554,0.10970634049075868,0.84375,0.021518627351554187
gin,2599,COc1cc(N2CCC(N3CCCCC3)CC2)ccc1Nc1nccc(-c2c(-c3cccc(C(=O)Nc4c(F)cccc4F)c3)nc3cc(C)ccn23)n1,7.0,6.979060104230463,0.11418065244043835,0.8709677419354839,0.02093989576953703
gin,2600,COc1cc(N2CCC(N3CCCCC3)CC2)ccc1Nc1nccc(-c2c(-c3cccc(C(=O)Nc4c(F)cccc4F)c3)nc3cc(F)ccn23)n1,7.0,6.997682934576503,0.07255984020876367,0.8804347826086957,0.002317065423497411
gin,2601,COc1cc(N2CCC(N3CCCCC3)CC2)ccc1Nc1nccc(-c2c(-c3cccc(C(=O)Nc4c(F)cccc4F)c3)nc3ccccn23)n1,7.0,7.013758973599877,0.11710201433974349,1.0,0.013758973599877322
gin,2602,COc1cc(N2CCC(N3CCCCC3)CC2)ccc1Nc1nccc(-c2c(-c3cccc(C(=O)Nc4ccc(Cl)cc4F)c3)nc3ccccn23)n1,6.0,6.814707996237665,0.1934969874316073,0.8617021276595744,0.8147079962376651
gin,2603,COc1cc(N2CCC(N3CCCCC3)CC2)ccc1Nc1nccc(-c2c(-c3cccc(C(=O)Nc4ccc(F)cc4Cl)c3)nc3ccccn23)n1,6.0,6.941729737403893,0.21592441939176885,0.8333333333333334,0.9417297374038931
gin,2604,COc1cc(N2CCC(N3CCCCC3)CC2)ccc1Nc1nccc(-c2c(-c3cccc(C(=O)Nc4ccc(F)cc4F)c3)nc3ccccn23)n1,6.0,6.8930938150505305,0.15642110795826816,0.8709677419354839,0.8930938150505305
gin,2607,COc1cc(N2CCC(N3CCC[C@H](O)C3)CC2)ccc1Nc1nccc(-c2c(-c3ccc(OC)c(C(=O)Nc4c(F)cccc4F)c3)nc3ccccn23)n1,6.0,6.401991846486134,0.14341089151371528,0.8602150537634409,0.4019918464861343
gin,2608,COc1cc(N2CCC(N3CCC[C@H](O)C3)CC2)ccc1Nc1nccc(-c2c(-c3cccc(C(=O)Nc4c(F)cccc4F)c3)nc3ccccn23)n1,7.0,6.900522652692821,0.08675613165203301,0.8924731182795699,0.09947734730717883
gin,3512,COc1ccc(-c2nc3ccccn3c2-c2ccnc(Nc3ccc(N4CCC(N5CCCCC5)CC4)c(C)c3OC)n2)cc1C(=O)Nc1c(F)cccc1F,6.0,6.083979876330012,0.05046441792304165,0.8061224489795918,0.08397987633001236
gin,3854,COc1ccn2c(-c3ccnc(Nc4ccc(N5CCC(N6CCCCC6)CC5)cc4OC)n3)c(-c3ccc(OC)c(C(=O)Nc4c(F)cccc4F)c3)nc2c1,6.0,6.39188130516694,0.1537796245564696,0.8125,0.3918813051669403
gin,3855,COc1ccn2c(-c3ccnc(Nc4ccc(N5CCC(N6CCCCC6)CC5)cc4OC)n3)c(-c3cccc(C(=O)Nc4c(F)cccc4F)c3)nc2c1,7.0,6.908019097017252,0.1493710441375797,0.8709677419354839,0.09198090298274764
gin,4187,Cc1cc(N2CCC(N3CCCCC3)CC2)ccc1Nc1nccc(-c2c(-c3cccc(C(=O)Nc4c(F)cccc4F)c3)nc3ccccn23)n1,7.0,6.925998754780579,0.0637070476671835,0.8681318681318682,0.07400124521942075
gin,5607,O=C(Nc1c(F)cccc1F)c1cccc(-c2nc3ccccn3c2-c2ccnc(Nc3ccc(N4CCC(N5CCCCC5)CC4)cc3)n2)c1,7.0,6.951432330308272,0.1009153941268918,0.8222222222222222,0.0485676696917281
gin,24,Brc1ccc(C2=NN(c3nc(-c4ccccc4)cs3)C(c3ccc(Br)cc3)C2)cc1,5.0481767654418945,5.285811623919244,0.15199016124584155,0.5555555555555556,0.23763485847734955
gin,3575,COc1ccc(C2=NN(c3nc(-c4ccc(Cl)cc4)cs3)C(c3ccc(Br)cc3)C2)cc1,5.199970722198486,5.281941207293968,0.05147058154797383,0.46153846153846156,0.0819704850954821
gin,3576,COc1ccc(C2=NN(c3nc(-c4ccc(Cl)cc4)cs3)C(c3ccc(C)cc3)C2)cc1,5.32975435256958,5.372808862953974,0.100429519336326,0.46875,0.04305451038439401
gin,3577,COc1ccc(C2=NN(c3nc(-c4ccc(Cl)cc4)cs3)C(c3ccc(Cl)cc3)C2)cc1,5.109020233154297,5.265529397206265,0.03860827421133913,0.5,0.15650916405196824
gin,3578,COc1ccc(C2=NN(c3nc(-c4ccc(Cl)cc4)cs3)C(c3ccc(F)cc3)C2)cc1,5.294991970062256,5.394313589474578,0.09516301090901726,0.46153846153846156,0.09932161941232209
gin,3579,COc1ccc(C2=NN(c3nc(-c4ccc(Cl)cc4)cs3)C(c3ccc(O)cc3)C2)cc1,5.115771293640137,5.207480837028918,0.022493518585065014,0.4927536231884058,0.0917095433887809
gin,3580,COc1ccc(C2=NN(c3nc(-c4ccc(Cl)cc4)cs3)C(c3ccc(OC)cc3)C2)cc1,5.202732563018799,5.27790773517664,0.07628788627721979,0.5,0.07517517215784153
gin,3581,COc1ccc(C2=NN(c3nc(-c4ccc(Cl)cc4)cs3)C(c3ccc([N+](=O)[O-])cc3)C2)cc1,5.074172496795654,5.309476016823432,0.14074369346352167,0.44,0.23530352002777732
gin,3582,COc1ccc(C2=NN(c3nc(-c4ccccc4)cs3)C(c3ccc(Br)cc3)C2)cc1,5.25492525100708,5.301210624561421,0.018595376294417442,0.5409836065573771,0.04628537355434048
gin,3583,COc1ccc(C2=NN(c3nc(-c4ccccc4)cs3)C(c3ccc(C)cc3)C2)cc1,5.1260986328125,5.393827615266311,0.10731085984235719,0.55,0.2677289824538107
gin,3584,COc1ccc(C2=NN(c3nc(-c4ccccc4)cs3)C(c3ccc(Cl)cc3)C2)cc1,5.306272983551025,5.283565571990671,0.04867434095394963,0.5409836065573771,0.022707411560354274
gin,3585,COc1ccc(C2=NN(c3nc(-c4ccccc4)cs3)C(c3ccc(F)cc3)C2)cc1,5.243363857269287,5.416712262039795,0.11211108321519699,0.5409836065573771,0.1733484047705076
gin,3586,COc1ccc(C2=NN(c3nc(-c4ccccc4)cs3)C(c3ccc(O)cc3)C2)cc1,5.271646022796631,5.231387370392277,0.05648999871833302,0.5409836065573771,0.04025865240435422
gin,3587,COc1ccc(C2=NN(c3nc(-c4ccccc4)cs3)C(c3ccc(OC)cc3)C2)cc1,5.159893989562988,5.293830545341294,0.1107025619822888,0.5892857142857143,0.13393655577830543
gin,3588,COc1ccc(C2=NN(c3nc(-c4ccccc4)cs3)C(c3ccc([N+](=O)[O-])cc3)C2)cc1,5.063989162445068,5.3132409775729315,0.1433346685564353,0.5,0.2492518151278631
gin,3591,COc1ccc(C2CC(c3ccc(Br)cc3)=NN2c2nc(-c3ccc(Cl)cc3)cs2)cc1,4.702677249908447,5.301815517688304,0.04721272364460022,0.46153846153846156,0.5991382677798569
gin,3592,COc1ccc(C2CC(c3ccc(Br)cc3)=NN2c2nc(-c3ccccc3)cs2)cc1,4.992679119110107,5.3242868351671575,0.003036849578145352,0.5409836065573771,0.3316077160570501
gin,3595,COc1ccc(C2CC(c3ccc(C)c(C)c3)=NN2c2nc(-c3ccc(Cl)cc3)cs2)cc1,6.086185932159424,5.247978502658846,0.1279719442568076,0.44776119402985076,0.8382074295005779
gin,3596,COc1ccc(C2CC(c3ccc(C)c(C)c3)=NN2c2nc(-c3ccccc3)cs2)cc1,5.511449337005615,5.265677934819131,0.13168934671067467,0.5238095238095238,0.24577140218648452
gin,4298,Cc1ccc(C2=NN(c3nc(-c4ccc(Cl)cc4)cs3)C(c3ccc(Br)cc3)C2)cc1C,6.431798458099365,5.257384561635092,0.12535153522033413,0.4189189189189189,1.174413896464273
gin,4299,Cc1ccc(C2=NN(c3nc(-c4ccc(Cl)cc4)cs3)C(c3ccc(Cl)cc3)C2)cc1C,6.721246242523193,5.224268668515215,0.10173998141570446,0.4492753623188406,1.4969775740079783
gin,4300,Cc1ccc(C2=NN(c3nc(-c4ccc(Cl)cc4)cs3)C(c3ccc(F)cc3)C2)cc1C,7.221848964691162,5.3567025529033465,0.15046565726562716,0.4189189189189189,1.8651464117878156
gin,4301,Cc1ccc(C2=NN(c3nc(-c4ccc(Cl)cc4)cs3)C(c3ccc(O)cc3)C2)cc1C,6.013228416442871,5.18421014791155,0.08303996234808639,0.4189189189189189,0.8290182685313212
gin,4302,Cc1ccc(C2=NN(c3nc(-c4ccc(Cl)cc4)cs3)C(c3ccc([N+](=O)[O-])cc3)C2)cc1C,6.200659275054932,5.29225915841214,0.23414539032020934,0.41025641025641024,0.9084001166427917
gin,4303,Cc1ccc(C2=NN(c3nc(-c4ccccc4)cs3)C(c3ccc(Br)cc3)C2)cc1C,5.735182285308838,5.279993535257134,0.10209988044902146,0.4838709677419355,0.455188750051704
gin,4304,Cc1ccc(C2=NN(c3nc(-c4ccccc4)cs3)C(c3ccc(Cl)cc3)C2)cc1C,5.6270880699157715,5.247199367222869,0.09582923848112117,0.4838709677419355,0.3798887026929023
gin,4305,Cc1ccc(C2=NN(c3nc(-c4ccccc4)cs3)C(c3ccc(F)cc3)C2)cc1C,5.761953830718994,5.383744989809337,0.15767394770137677,0.4838709677419355,0.37820884090965734
gin,4306,Cc1ccc(C2=NN(c3nc(-c4ccccc4)cs3)C(c3ccc(O)cc3)C2)cc1C,5.71669864654541,5.203928869944811,0.05985829902799925,0.4788732394366197,0.5127697766005994
gin,4307,Cc1ccc(C2=NN(c3nc(-c4ccccc4)cs3)C(c3ccc([N+](=O)[O-])cc3)C2)cc1C,5.414539337158203,5.29029187474692,0.2444025244966259,0.4533333333333333,0.12424746241128304
gin,4310,Cc1ccc(C2CC(c3ccc(Br)cc3)=NN2c2nc(-c3ccc(Cl)cc3)cs2)cc1,4.55021333694458,5.393105274439925,0.1016079529188059,0.42857142857142855,0.8428919374953452
gin,4311,Cc1ccc(C2CC(c3ccc(Br)cc3)=NN2c2nc(-c3ccccc3)cs2)cc1,4.7068586349487305,5.4272792794505165,0.06452012854388069,0.5084745762711864,0.720420644501786
gin,4313,Cc1ccc(C2CC(c3ccc(C)c(C)c3)=NN2c2nc(-c3ccc(Cl)cc3)cs2)cc1,5.982966423034668,5.332508423961947,0.1653654400607806,0.4305555555555556,0.6504579990727208
gin,4314,Cc1ccc(C2CC(c3ccc(C)c(C)c3)=NN2c2nc(-c3ccccc3)cs2)cc1,5.573488712310791,5.354520721077066,0.16465944653399672,0.5,0.21896799123372546
gin,4626,Clc1ccc(-c2csc(N3N=C(c4ccc(Br)cc4)CC3c3ccc(Br)cc3)n2)cc1,4.589391231536865,5.245480178290407,0.1628601883674816,0.46551724137931033,0.6560889467535418
gin,4627,Clc1ccc(-c2csc(N3N=C(c4ccc(Br)cc4)CC3c3ccc(Cl)cc3)n2)cc1,4.748605251312256,5.263929043915866,0.10158768701618459,0.46551724137931033,0.5153237926036098
gin,4634,Clc1ccc(C2CC(c3ccc(Br)cc3)=NN2c2nc(-c3ccccc3)cs2)cc1,5.028260231018066,5.304247970302804,0.07095286446345594,0.5084745762711864,0.2759877392847372
gin,4753,Fc1ccc(C2CC(c3ccc(Br)cc3)=NN2c2nc(-c3ccc(Cl)cc3)cs2)cc1,4.616903305053711,5.400889106151013,0.05472007905823364,0.42857142857142855,0.7839858010973018
gin,4754,Fc1ccc(C2CC(c3ccc(Br)cc3)=NN2c2nc(-c3ccccc3)cs2)cc1,4.949233531951904,5.442718946809727,0.021058755291897262,0.5084745762711864,0.4934854148578225
gin,5951,O=[N+]([O-])c1ccc(C2CC(c3ccc(Br)cc3)=NN2c2nc(-c3ccc(Cl)cc3)cs2)cc1,4.613144397735596,5.329556353411505,0.13752949432212955,0.39705882352941174,0.716411955675909
gin,5952,O=[N+]([O-])c1ccc(C2CC(c3ccc(Br)cc3)=NN2c2nc(-c3ccccc3)cs2)cc1,4.803547382354736,5.343725498150484,0.11398629511111599,0.46875,0.5401781157957473
gin,6084,Oc1ccc(C2CC(c3ccc(Br)cc3)=NN2c2nc(-c3ccc(Cl)cc3)cs2)cc1,4.6671576499938965,5.163417297130422,0.1869061363578929,0.42857142857142855,0.4962596471365259
gin,6085,Oc1ccc(C2CC(c3ccc(Br)cc3)=NN2c2nc(-c3ccccc3)cs2)cc1,4.650528430938721,5.195499867013723,0.18382839588609926,0.5084745762711864,0.5449714360750022
gin,1251,CCCN1CCN(c2ccc(Nc3nccc(-c4c(-c5ccc(OC)c(C(=O)Nc6c(F)cccc6F)c5)nc5ccccn45)n3)c(OC)c2)CC1,6.0,6.373955948487648,0.13185310538457043,0.8333333333333334,0.373955948487648
gin,1252,CCCN1CCN(c2ccc(Nc3nccc(-c4c(-c5ccc(OC)c(C(=O)Nc6c(F)cccc6F)c5)nc5ccccn45)n3)c(OCC)c2)CC1,6.0,6.498754690583776,0.19528804800520164,0.8181818181818182,0.49875469058377586
gin,1253,CCCN1CCN(c2ccc(Nc3nccc(-c4c(-c5ccc(OCC)c(C(=O)Nc6c(F)cccc6F)c5)nc5ccccn45)n3)c(OC)c2)CC1,6.0,6.551812389744723,0.20165265696857954,0.8,0.5518123897447227
gin,1254,CCCN1CCN(c2ccc(Nc3nccc(-c4c(-c5ccc(OCC)c(C(=O)Nc6c(F)cccc6F)c5)nc5ccccn45)n3)c(OCC)c2)CC1,6.0,6.67959307872238,0.26579026435086045,0.8125,0.6795930787223803
gin,1255,CCCN1CCN(c2ccc(Nc3nccc(-c4c(-c5cccc(C(=O)Nc6c(F)cccc6F)c5)nc5ccccn45)n3)c(OC)c2)CC1,7.0,7.044187143709458,0.030768513014069125,0.8315789473684211,0.044187143709457644
gin,1256,CCCN1CCN(c2ccc(Nc3nccc(-c4c(-c5cccc(C(=O)Nc6c(F)cccc6F)c5)nc5ccccn45)n3)c(OCC)c2)CC1,7.0,7.181466404974756,0.08019823258690219,0.826530612244898,0.1814664049747563
gin,1537,CCOc1cc(N2CCN(C(C)C)CC2)ccc1Nc1nccc(-c2c(-c3ccc(OC)c(C(=O)Nc4c(F)cccc4F)c3)nc3ccccn23)n1,6.0,6.506175906686479,0.2138800433092995,0.78125,0.5061759066864786
gin,1538,CCOc1cc(N2CCN(C(C)C)CC2)ccc1Nc1nccc(-c2c(-c3cccc(C(=O)Nc4c(F)cccc4F)c3)nc3ccccn23)n1,7.0,7.211530601027171,0.07568903163913865,0.7722772277227723,0.21153060102717092
gin,1539,CCOc1cc(N2CCN(C)CC2)ccc1Nc1nccc(-c2c(-c3ccc(OC)c(C(=O)Nc4c(F)cccc4F)c3)nc3ccccn23)n1,7.0,6.59864797016409,0.22801237302678876,0.8064516129032258,0.4013520298359099
gin,1540,CCOc1cc(N2CCN(C)CC2)ccc1Nc1nccc(-c2c(-c3cccc(C(=O)Nc4c(F)cccc4F)c3)nc3ccccn23)n1,6.0,7.303026328454827,0.10197054026688385,0.8144329896907216,1.303026328454827
gin,1543,CCOc1cc(N2CCN(CCS(C)(=O)=O)CC2)c(C)cc1Nc1nccc(-c2c(-c3ccc(OC(C)C)c(C(=O)Nc4c(F)cccc4F)c3)nc3ccccn23)n1,6.0,6.060285557649284,0.20697326135679991,0.8584905660377359,0.06028555764928356
gin,1544,CCOc1cc(N2CCN(CCS(C)(=O)=O)CC2)c(C)cc1Nc1nccc(-c2c(-c3ccc(OC)c(C(=O)Nc4c(F)cccc4F)c3)nc3ccccn23)n1,6.0,6.0945585646027425,0.2211332495257683,0.9215686274509803,0.09455856460274248
gin,1545,CCOc1cc(N2CCN(CCS(C)(=O)=O)CC2)c(C)cc1Nc1nccc(-c2c(-c3ccc(OCC)c(C(=O)Nc4c(F)cccc4F)c3)nc3ccccn23)n1,6.0,6.250442026555056,0.31227396967984444,0.9108910891089109,0.25044202655505643
gin,1546,CCOc1cc(N2CCN(CCS(C)(=O)=O)CC2)c(C)cc1Nc1nccc(-c2c(-c3cccc(C(=O)Nc4c(F)cccc4F)c3)nc3ccccn23)n1,7.0,6.735712079513313,0.11184298466667082,0.8415841584158416,0.26428792048668726
gin,1547,CCOc1cc(N2CCN(CCS(C)(=O)=O)CC2)c(CC)cc1Nc1nccc(-c2c(-c3ccc(OCC)c(C(=O)Nc4c(F)cccc4F)c3)nc3ccccn23)n1,6.0,6.172258795308235,0.2934918056454034,0.8431372549019608,0.17225879530823462
gin,1548,CCOc1cc(N2CCN(CCS(C)(=O)=O)CC2)c(Cl)cc1Nc1nccc(-c2c(-c3ccc(OCC)c(C(=O)Nc4c(F)cccc4F)c3)nc3ccccn23)n1,6.0,6.3564972853257915,0.28295262512990044,0.8130841121495327,0.3564972853257915
gin,1549,CCOc1cc(N2CCN(CCS(C)(=O)=O)CC2)ccc1Nc1nccc(-c2c(-c3ccc(OC)c(C(=O)Nc4c(F)cccc4F)c3)nc3ccccn23)n1,6.0,6.406554880714122,0.22354851336521067,0.8613861386138614,0.40655488071412194
gin,1550,CCOc1cc(N2CCN(CCS(C)(=O)=O)CC2)ccc1Nc1nccc(-c2c(-c3ccc(OCC)c(C(=O)Nc4c(F)cccc4F)c3)nc3ccccn23)n1,6.0,6.602960286881611,0.2880954394070044,0.8217821782178217,0.6029602868816113
gin,1551,CCOc1cc(N2CCN(CCS(C)(=O)=O)CC2)ccc1Nc1nccc(-c2c(-c3cccc(C(=O)Nc4c(F)cccc4F)c3)nc3ccccn23)n1,7.0,7.160545891236879,0.06541328128589283,0.898989898989899,0.1605458912368789
gin,1552,CCOc1cc(N2CCN(S(C)(=O)=O)CC2)c(C)cc1Nc1nccc(-c2c(-c3ccc(OC)c(C(=O)Nc4c(F)cccc4F)c3)nc3ccccn23)n1,6.0,6.131094858261524,0.20234535004995252,0.8269230769230769,0.13109485826152412
gin,1727,CCOc1ccc(-c2nc3ccccn3c2-c2ccnc(Nc3cc(C)c(N4CCN(CCOC)CC4)cc3OC)n2)cc1C(=O)Nc1c(F)cccc1F,6.0,6.175318792272211,0.2046754973952791,0.8461538461538461,0.17531879227221125
gin,1728,CCOc1ccc(-c2nc3ccccn3c2-c2ccnc(Nc3cc(C)c(N4CCN(CCS(C)(=O)=O)CC4)cc3OC)n2)cc1C(=O)Nc1c(F)cccc1F,6.0,6.12998788732281,0.2505545106573955,0.96,0.12998788732280975
gin,1731,CCOc1ccc(-c2nc3ccccn3c2-c2ccnc(Nc3cc(CC)c(N4CCN(CCS(C)(=O)=O)CC4)cc3OC)n2)cc1C(=O)Nc1c(F)cccc1F,6.0,6.057017619130836,0.22922031617590657,0.8666666666666667,0.057017619130835584
gin,1741,CCOc1ccc(-c2nc3ccccn3c2-c2ccnc(Nc3ccc(N4CCN(C(C)C)CC4)cc3OC)n2)cc1C(=O)Nc1c(F)cccc1F,6.0,6.562015516374832,0.2212278532970922,0.7864077669902912,0.5620155163748324
gin,1742,CCOc1ccc(-c2nc3ccccn3c2-c2ccnc(Nc3ccc(N4CCN(CCOC)CC4)cc3OC)n2)cc1C(=O)Nc1c(F)cccc1F,6.0,6.451998248914303,0.20404317881716735,0.7821782178217822,0.45199824891430307
gin,1743,CCOc1ccc(-c2nc3ccccn3c2-c2ccnc(Nc3ccc(N4CCN(S(C)(=O)=O)CC4)cc3OC)n2)cc1C(=O)Nc1c(F)cccc1F,6.0,6.485778411343818,0.22884984990739074,0.8316831683168316,0.4857784113438184
gin,1793,CCc1cc(Nc2nccc(-c3c(-c4ccc(OC)c(C(=O)Nc5c(F)cccc5F)c4)nc4ccccn34)n2)c(OC)cc1N1CCN(CCS(C)(=O)=O)CC1,6.0,5.921859658046881,0.16115451035576353,0.8514851485148515,0.07814034195311859
gin,2311,COCCN1CCN(c2cc(OC)c(Nc3nccc(-c4c(-c5ccc(OC)c(C(=O)Nc6c(F)cccc6F)c5)nc5ccccn45)n3)cc2C)CC1,6.0,6.047552166622553,0.1467417071438172,0.7904761904761904,0.04755216662255268
gin,2312,COCCN1CCN(c2cc(OC)c(Nc3nccc(-c4c(-c5cccc(C(=O)Nc6c(F)cccc6F)c5)nc5ccccn45)n3)cc2C)CC1,7.0,6.548974081906284,0.06037966445958019,0.7722772277227723,0.45102591809371617
gin,2313,COCCN1CCN(c2ccc(Nc3nccc(-c4c(-c5ccc(OC)c(C(=O)Nc6c(F)cccc6F)c5)nc5ccccn45)n3)c(OC)c2)CC1,6.0,6.302467609989457,0.1323476555214765,0.8333333333333334,0.3024676099894572
gin,2314,COCCN1CCN(c2ccc(Nc3nccc(-c4c(-c5cccc(C(=O)Nc6c(F)cccc6F)c5)nc5ccccn45)n3)c(OC)c2)CC1,6.0,6.922456281223589,0.00855197111253335,0.8315789473684211,0.9224562812235888
gin,2654,COc1cc(N2CCN(C(C)C)CC2)ccc1Nc1nccc(-c2c(-c3ccc(OC)c(C(=O)Nc4c(F)cccc4F)c3)nc3ccccn23)n1,6.0,6.382878162879994,0.14751092850687428,0.8444444444444444,0.38287816287999377
gin,2655,COc1cc(N2CCN(C(C)C)CC2)ccc1Nc1nccc(-c2c(-c3cccc(C(=O)Nc4c(F)cccc4F)c3)nc3ccccn23)n1,7.0,7.076173251584777,0.025692938020510647,0.8426966292134831,0.07617325158477684
gin,2688,COc1cc(N2CCN(CCS(C)(=O)=O)CC2)c(C)cc1Nc1nccc(-c2c(-c3ccc(OC)c(C(=O)Nc4c(F)cccc4F)c3)nc3ccccn23)n1,6.0,5.977253198610523,0.17108235652845075,0.900990099009901,0.022746801389477156
gin,2689,COc1cc(N2CCN(CCS(C)(=O)=O)CC2)c(C)cc1Nc1nccc(-c2c(-c3cccc(C(=O)Nc4c(F)cccc4F)c3)nc3ccccn23)n1,7.0,6.573796969646902,0.07372734784689144,0.8484848484848485,0.4262030303530979
gin,2690,COc1cc(N2CCN(CCS(C)(=O)=O)CC2)c(Cl)cc1Nc1nccc(-c2c(-c3ccc(OC)c(C(=O)Nc4c(F)cccc4F)c3)nc3ccccn23)n1,6.0,6.080180576146628,0.15585097252800936,0.8037383177570093,0.08018057614662766
gin,2691,COc1cc(N2CCN(CCS(C)(=O)=O)CC2)ccc1Nc1nccc(-c2c(-c3ccc(OC)c(C(=O)Nc4c(F)cccc4F)c3)nc3ccccn23)n1,6.0,6.276711268419231,0.17600966939277174,0.9166666666666666,0.27671126841923144
gin,2692,COc1cc(N2CCN(CCS(C)(=O)=O)CC2)ccc1Nc1nccc(-c2c(-c3cccc(C(=O)Nc4c(F)cccc4F)c3)nc3ccccn23)n1,7.0,7.016296049324616,0.026556030168685883,0.9157894736842105,0.016296049324616035
gin,2693,COc1cc(N2CCN(CCS(C)(=O)=O)[C@@H](C(C)C)C2)ccc1Nc1nccc(-c2c(-c3ccc(OC)c(C(=O)Nc4c(F)cccc4F)c3)nc3ccccn23)n1,6.0,6.233057858607765,0.09393898199809109,0.7777777777777778,0.23305785860776496
gin,2694,COc1cc(N2CCN(S(C)(=O)=O)CC2)c(C)cc1Nc1nccc(-c2c(-c3cccc(C(=O)Nc4c(F)cccc4F)c3)nc3ccccn23)n1,6.0,6.599563519534662,0.0860383675784657,0.8163265306122449,0.5995635195346622
gin,2695,COc1cc(N2CCN(S(C)(=O)=O)CC2)ccc1Nc1nccc(-c2c(-c3ccc(OC)c(C(=O)Nc4c(F)cccc4F)c3)nc3ccccn23)n1,6.0,6.301864113479776,0.14238386790755572,0.8351648351648352,0.30186411347977593
gin,2696,COc1cc(N2CCN(S(C)(=O)=O)CC2)ccc1Nc1nccc(-c2c(-c3cccc(C(=O)Nc4c(F)cccc4F)c3)nc3ccccn23)n1,6.0,7.015049149486771,0.07862221317563241,0.8333333333333334,1.0150491494867708
gin,27,Brc1ccc2c(c1)CNc1c(Nc3ccccc3)ncnc1O2,5.0,5.103343867551004,0.17716445274921108,0.7169811320754716,0.10334386755100411
gin,32,Brc1cccc(Nc2ncnc3c2NCc2cc(Br)ccc2O3)c1,5.571333885192871,5.599051064664703,0.1373198489202576,0.6428571428571429,0.027717179471832054
gin,33,Brc1cccc(Nc2ncnc3c2NCc2ccccc2O3)c1,5.280017852783203,5.556093826022636,0.10787645043062938,0.6101694915254238,0.27607597323943267
gin,139,C#Cc1cccc(Nc2ncnc3c2NCc2cc(OC)c(OC)cc2O3)c1,5.770303726196289,5.094414011667396,0.08168547938338176,0.6935483870967742,0.6758897145288927
gin,490,C=CC(=O)Nc1ccc2c(c1)CNc1c(Nc3ccc(F)c(Cl)c3)ncnc1O2,5.180206775665283,6.702951034728263,0.20759178647428142,0.5428571428571428,1.5227442590629794
gin,491,C=CC(=O)Nc1ccc2c(c1)CNc1c(Nc3cccc(Br)c3)ncnc1O2,5.255865573883057,6.869238066505474,0.1998576612116989,0.5396825396825397,1.6133724926224176
gin,2755,COc1cc(OC)c2c(c1)Oc1ncnc(Nc3cccc(Br)c3)c1NC2,4.861769199371338,5.367467518682101,0.17028554047196295,0.5671641791044776,0.5056983193107634
gin,2986,COc1cc2c(cc1OC)Oc1nc(C)nc(Nc3cccc(Br)c3)c1NC2,4.0,4.812359461195136,0.1974090111205639,0.65625,0.8123594611951361
gin,2987,COc1cc2c(cc1OC)Oc1nc(C)nc(Nc3cccc(Cl)c3F)c1NC2,4.0,4.608506702231594,0.1956612510660562,0.6818181818181818,0.608506702231594
gin,2988,COc1cc2c(cc1OC)Oc1ncnc(Nc3cc(Cl)ccc3F)c1NC2,5.683771133422852,5.005820749723057,0.1458097254769669,0.6190476190476191,0.6779503836997947
gin,2989,COc1cc2c(cc1OC)Oc1ncnc(Nc3ccc(Br)cc3)c1NC2,4.530240535736084,4.871760238291849,0.12478982119491731,0.7413793103448276,0.3415197025557646
gin,2990,COc1cc2c(cc1OC)Oc1ncnc(Nc3ccc(F)c(Cl)c3)c1NC2,6.03786039352417,5.092832034736503,0.04389505051216442,0.7049180327868853,0.9450283587876669
gin,2991,COc1cc2c(cc1OC)Oc1ncnc(Nc3ccc(F)cc3)c1NC2,5.1339640617370605,4.978357197164669,0.025171731548511416,0.7368421052631579,0.15560686457239115
gin,2992,COc1cc2c(cc1OC)Oc1ncnc(Nc3ccc(F)cc3Cl)c1NC2,4.734260559082031,4.949114524314041,0.12698778323922175,0.6349206349206349,0.2148539652320096
gin,2996,COc1cc2c(cc1OC)Oc1ncnc(Nc3cccc(Br)c3)c1NC2,6.398211479187012,5.227274230371954,0.0436656859591207,0.7288135593220338,1.1709372488150578
gin,2997,COc1cc2c(cc1OC)Oc1ncnc(Nc3cccc(C)c3)c1NC2,5.24365758895874,4.982149889006536,0.048949868094462036,0.7413793103448276,0.2615076999522046
gin,2998,COc1cc2c(cc1OC)Oc1ncnc(Nc3cccc(Cl)c3F)c1NC2,5.930060386657715,4.974434344069444,0.11528362453725588,0.7049180327868853,0.9556260425882712
gin,3718,COc1ccc2c(c1)CNc1c(Nc3ccc(Cl)cc3)ncnc1O2,5.236571788787842,4.9068427072262395,0.1480822397340252,0.7,0.3297290815616023
gin,3719,COc1ccc2c(c1)CNc1c(Nc3ccc(F)c(Cl)c3)ncnc1O2,5.832773208618164,5.247947607057441,0.058853131118340354,0.671875,0.5848256015607234
gin,3721,COc1ccc2c(c1)CNc1c(Nc3cccc(Br)c3)ncnc1O2,5.754319190979004,5.420854257385958,0.08129434455811868,0.7796610169491526,0.33346493359304574
gin,3722,COc1ccc2c(c1)CNc1c(Nc3ccccc3)ncnc1O2,5.12493896484375,5.032993611591493,0.12226302329641985,0.8518518518518519,0.09194535325225672
gin,3725,COc1ccc2c(c1)Oc1ncnc(Nc3ccc(F)c(Cl)c3)c1NC2,5.525304794311523,5.395254642289707,0.021313597726408864,0.5735294117647058,0.13005015202181625
gin,3726,COc1ccc2c(c1)Oc1ncnc(Nc3cccc(Br)c3)c1NC2,5.622062683105469,5.5820782759527425,0.04552918370946587,0.6666666666666666,0.03998440715272622
gin,3801,COc1cccc2c1CNc1c(Nc3cccc(Br)c3)ncnc1O2,5.0,5.048799529233669,0.18746791966914758,0.5692307692307692,0.04879952923366915
gin,3937,CS(=O)(=O)Nc1ccc2c(c1)CNc1c(Nc3ccc(F)c(Cl)c3)ncnc1O2,5.0,5.465533197136523,0.17173017621292447,0.5142857142857142,0.46553319713652286
gin,3938,CS(=O)(=O)Nc1ccc2c(c1)CNc1c(Nc3cccc(Br)c3)ncnc1O2,5.271059036254883,5.632449501251699,0.175644413974178,0.5652173913043478,0.36139046499681626
gin,4647,Clc1ccc2c(c1)CNc1c(Nc3cccc(Br)c3)ncnc1O2,4.995699882507324,5.36994156793515,0.1570391809527021,0.5967741935483871,0.3742416854278261
gin,4733,FC(F)(F)Oc1ccc2c(c1)CNc1c(Nc3cccc(Br)c3)ncnc1O2,5.0,6.358818989666038,0.1398996303661545,0.6212121212121212,1.3588189896660383
gin,4757,Fc1ccc(Nc2ncnc3c2NCc2cc(Br)ccc2O3)cc1Cl,5.387345314025879,5.4285349510853464,0.10194895657704223,0.5555555555555556,0.04118963705946754
gin,4758,Fc1ccc(Nc2ncnc3c2NCc2cc(Cl)ccc2O3)cc1Cl,5.683265686035156,5.190626578611656,0.14567559095898638,0.5806451612903226,0.4926391074234999
gin,4759,Fc1ccc(Nc2ncnc3c2NCc2ccccc2O3)cc1Cl,5.763621807098389,5.372998511425493,0.10622828782616862,0.5806451612903226,0.39062329567289567
gin,4792,Fc1ccc2c(c1)CNc1c(Nc3ccc(Cl)cc3)ncnc1O2,5.0,5.005103683078403,0.1456480758043346,0.6842105263157895,0.00510368307840281
gin,4793,Fc1ccc2c(c1)CNc1c(Nc3ccc(F)c(Cl)c3)ncnc1O2,5.571333885192871,5.44634242069457,0.05176024105019853,0.6779661016949152,0.12499146449830079
gin,4795,Fc1ccc2c(c1)CNc1c(Nc3cccc(Br)c3)ncnc1O2,5.49252986907959,5.63657456369862,0.0537179642557172,0.7678571428571429,0.1440446946190299
gin,4796,Fc1ccc2c(c1)CNc1c(Nc3ccccc3)ncnc1O2,5.15490198135376,5.136595279382526,0.13076396729649237,0.8431372549019608,0.018306701971233963
gin,5165,Nc1ccc2c(c1)CNc1c(Nc3ccc(F)c(Cl)c3)ncnc1O2,5.2363786697387695,5.569932765346955,0.05997896902046589,0.5625,0.3335540956081857
gin,5166,Nc1ccc2c(c1)CNc1c(Nc3cccc(Br)c3)ncnc1O2,5.146214962005615,5.7515241331439775,0.07607340040525346,0.6065573770491803,0.6053091711383622
gin,5756,O=C(O)c1ccc2c(c1)CNc1c(Nc3ccc(F)c(Cl)c3)ncnc1O2,4.939713001251221,5.277939685614392,0.07570393023752317,0.5441176470588235,0.33822668436317116
gin,5757,O=C(O)c1ccc2c(c1)CNc1c(Nc3cccc(Br)c3)ncnc1O2,5.261439323425293,5.4482190023134365,0.08292498910236143,0.5846153846153846,0.1867796788881435
gin,1167,CCCCCCCCCCCCCCCCCCCCNC(=O)COc1cc(O)c2c(=O)cc(-c3ccccc3)oc2c1,5.86966609954834,5.47380328064439,0.1274251476773248,0.3108108108108108,0.39586281890395014
gin,1168,CCCCCCCCCCCCCCCCCCCCOC(=O)COc1cc(O)c2c(=O)cc(-c3ccccc3)oc2c1,5.7988762855529785,5.518518986993392,0.13195159397675363,0.3125,0.28035729855958635
gin,1169,CCCCCCCCCCCCCCCCCCNC(=O)COc1cc(O)c2c(=O)cc(-c3ccccc3)oc2c1,6.333481788635254,5.512229566917032,0.14972732140552186,0.3108108108108108,0.8212522217182219
gin,1170,CCCCCCCCCCCCCCCCCCOC(=O)COc1cc(O)c2c(=O)cc(-c3ccccc3)oc2c1,6.159893989562988,5.557946188043815,0.1534442260506787,0.3125,0.6019478015191737
gin,1171,CCCCCCCCCCCCCCCCNC(=O)COc1cc(O)c2c(=O)cc(-c3ccccc3)oc2c1,7.455932140350342,5.553072025237935,0.17442917034481156,0.3108108108108108,1.9028601151124072
gin,1172,CCCCCCCCCCCCCCCCOC(=O)COc1cc(O)c2c(=O)cc(-c3ccccc3)oc2c1,7.318758964538574,5.60215449035141,0.17794947830746066,0.3125,1.7166044741871644
gin,1175,CCCCCCCCCCCCCCNC(=O)COc1cc(O)c2c(=O)cc(-c3ccccc3)oc2c1,6.500312805175781,5.595992372366734,0.19977163329819217,0.3108108108108108,0.9043204328090475
gin,1177,CCCCCCCCCCCCCCOC(=O)COc1cc(O)c2c(=O)cc(-c3ccccc3)oc2c1,5.995678424835205,5.652521093801639,0.20505502978669102,0.3125,0.3431573310335665
gin,1179,CCCCCCCCCCCCNC(=O)COc1cc(O)c2c(=O)cc(-c3ccccc3)oc2c1,5.896196365356445,5.643852538924254,0.22863706077660767,0.3108108108108108,0.2523438264321909
gin,1181,CCCCCCCCCCCCOC(=O)COc1cc(O)c2c(=O)cc(-c3ccccc3)oc2c1,5.764471530914307,5.7091704066259465,0.2355154911259778,0.3125,0.05530112428836009
gin,1182,CCCCCCCCCCNC(=O)COc1cc(O)c2c(=O)cc(-c3ccccc3)oc2c1,5.669586181640625,5.698163355905723,0.2609131455547095,0.3108108108108108,0.02857717426509776
gin,1183,CCCCCCCCCCOC(=O)COc1cc(O)c2c(=O)cc(-c3ccccc3)oc2c1,5.507239818572998,5.77454324379276,0.26876960564011865,0.3125,0.2673034252197617
gin,1184,CCCCCCCCCNC(=O)COc1cc(O)c2c(=O)cc(-c3ccccc3)oc2c1,5.446116924285889,5.723826753902358,0.2727585761745305,0.3108108108108108,0.2777098296164695
gin,1185,CCCCCCCCCOC(=O)COc1cc(O)c2c(=O)cc(-c3ccccc3)oc2c1,5.304518222808838,5.809624685649656,0.288737978119119,0.3125,0.5051064628408177
gin,1186,CCCCCCCCNC(=O)COc1cc(O)c2c(=O)cc(-c3ccccc3)oc2c1,5.27327299118042,5.753309402021763,0.2754316598685078,0.3108108108108108,0.4800364108413433
gin,1188,CCCCCCCCOC(=O)COc1cc(O)c2c(=O)cc(-c3ccccc3)oc2c1,5.233587265014648,5.848090368671888,0.29977688009382075,0.3125,0.6145031036572393
gin,1190,CCCCCCCNC(=O)COc1cc(O)c2c(=O)cc(-c3ccccc3)oc2c1,5.202040195465088,5.771929137255892,0.2655039507991475,0.3108108108108108,0.5698889417908042
gin,1191,CCCCCCCOC(=O)COc1cc(O)c2c(=O)cc(-c3ccccc3)oc2c1,5.140861511230469,5.875417604451659,0.2994090638744263,0.3125,0.7345560932211903
gin,1192,CCCCCCNC(=O)COc1cc(O)c2c(=O)cc(-c3ccccc3)oc2c1,5.059981822967529,5.776124873738013,0.2525875883871317,0.3108108108108108,0.7161430507704836
gin,1194,CCCCCCOC(=O)COc1cc(O)c2c(=O)cc(-c3ccccc3)oc2c1,5.040005207061768,5.883500419809498,0.29423983900432993,0.3125,0.8434952127477304
gin,2561,COc1cc(N)c2oc(-c3ccc(N)cc3)cc(=O)c2c1,4.0,5.460793942347561,0.23233567558254975,0.28125,1.4607939423475607
gin,2562,COc1cc(N)c2oc(-c3cccc(N)c3)cc(=O)c2c1,4.0,5.555007566656787,0.21206346632265316,0.30158730158730157,1.555007566656787
gin,3636,COc1ccc(N)c2oc(-c3ccc(N)cc3)cc(=O)c12,4.0,5.426796664063247,0.2940065684847292,0.25396825396825395,1.4267966640632466
gin,5142,Nc1ccc(-c2cc(=O)c3c(N)c(O)c(N)cc3o2)cc1,4.0,5.765474080114316,0.2028325681723149,0.23404255319148937,1.7654740801143163
gin,5143,Nc1ccc(-c2cc(=O)c3c(O)c(N)ccc3o2)cc1,4.0,6.1280146962270665,0.18470574678212384,0.24444444444444444,2.1280146962270665
gin,5144,Nc1ccc(-c2cc(=O)c3c(O)ccc(N)c3o2)cc1,4.0,6.048236599267743,0.20855478935434626,0.2753623188405797,2.048236599267743
gin,5145,Nc1ccc(-c2cc(=O)c3cc(N)c(O)c(N)c3o2)cc1,4.0,5.842120473792182,0.16833908334244657,0.28888888888888886,1.842120473792182
gin,5146,Nc1ccc(-c2cc(=O)c3cc(N)c(O)cc3o2)cc1,4.850780963897705,6.37161971238879,0.0881992727265302,0.2391304347826087,1.5208387484910846
gin,5147,Nc1ccc(-c2cc(=O)c3cc(N)cc(N)c3o2)cc1,4.0,5.51849933372673,0.3080648484690137,0.20634920634920634,1.51849933372673
gin,5148,Nc1ccc(-c2cc(=O)c3cc(N)ccc3o2)cc1,5.06048059463501,5.98706632726045,0.17758051743553585,0.27586206896551724,0.9265857326254405
gin,5149,Nc1ccc(-c2cc(=O)c3cc(O)cc(N)c3o2)cc1,4.0,5.924301468864098,0.2626889138589208,0.2391304347826087,1.9243014688640976
gin,5150,Nc1ccc(-c2cc(=O)c3ccc(O)c(N)c3o2)cc1,4.0,5.844259085087117,0.15132291278533627,0.29545454545454547,1.844259085087117
gin,5151,Nc1ccc(-c2cc(=O)c3cccc(N)c3o2)cc1,4.0,6.148580960180344,0.29512558691693086,0.21052631578947367,2.148580960180344
gin,5179,Nc1cccc(-c2cc(=O)c3c(N)c(O)c(N)cc3o2)c1,5.107905387878418,5.9126745074784814,0.26884530542471896,0.2535211267605634,0.8047691196000635
gin,5180,Nc1cccc(-c2cc(=O)c3cc(N)c(O)cc3o2)c1,4.0,6.490159576952073,0.21948081837557912,0.25757575757575757,2.490159576952073
gin,5181,Nc1cccc(-c2cc(=O)c3cc(N)ccc3o2)c1,4.0,6.065515047630175,0.2591715798622828,0.25757575757575757,2.065515047630175
gin,5977,O=c1c(O)c(-c2ccc(O)c(O)c2)oc2cc(O)cc(O)c12,4.883502006530762,6.483634461674808,0.2495949985870627,0.38461538461538464,1.6001324551440463
gin,3565,COc1ccc(C2=NN(C3=NC(=O)CS3)C(c3ccc(Br)cc3)C2)cc1,5.899629592895508,5.146710077348061,0.01456650710003718,0.7413793103448276,0.7529195155474468
gin,3566,COc1ccc(C2=NN(C3=NC(=O)CS3)C(c3ccc(C)cc3)C2)cc1,5.262807369232178,5.253852192299945,0.11658627586811711,0.7543859649122807,0.008955176932232689
gin,3567,COc1ccc(C2=NN(C3=NC(=O)CS3)C(c3ccc(Cl)cc3)C2)cc1,5.271646022796631,5.160511750414621,0.08867294145452148,0.7413793103448276,0.11113427238201012
gin,3568,COc1ccc(C2=NN(C3=NC(=O)CS3)C(c3ccc(F)cc3)C2)cc1,5.225482940673828,5.28346910998269,0.14743884085775033,0.7413793103448276,0.05798616930886169
gin,3569,COc1ccc(C2=NN(C3=NC(=O)CS3)C(c3ccc(OC)cc3)C2)cc1,5.051098346710205,5.136983542434507,0.11993771692514944,0.8113207547169812,0.08588519572430187
gin,3572,COc1ccc(C2=NN(C3=NC(=O)CS3)C(c3ccccc3)C2)cc1,5.625251770019531,5.196268676157047,0.1895629754509054,0.8,0.42898309386248457
gin,3590,COc1ccc(C2CC(c3ccc(Br)cc3)=NN2C2=NC(=O)CS2)cc1,5.099086761474609,5.177186409064504,0.00941814073953485,0.7413793103448276,0.07809964758989452
gin,3597,COc1ccc(C2CC(c3ccc(C)cc3)=NN2C2=NC(=O)CS2)cc1,5.372633934020996,5.288471893425687,0.13496126971112193,0.7543859649122807,0.0841620405953094
gin,3600,COc1ccc(C2CC(c3ccc(Cl)cc3)=NN2C2=NC(=O)CS2)cc1,5.066512584686279,5.167632062305053,0.09944726642204936,0.7413793103448276,0.1011194776187736
gin,3601,COc1ccc(C2CC(c3ccc(F)cc3)=NN2C2=NC(=O)CS2)cc1,4.971022129058838,5.289452336050694,0.1503142767495533,0.7413793103448276,0.31843020699185587
gin,3602,COc1ccc(C2CC(c3ccccc3)=NN2C2=NC(=O)CS2)cc1,5.369572162628174,5.104032092749243,0.15220490893177027,0.8,0.26554006987893075
gin,4285,Cc1ccc(C2=NN(C3=NC(=O)CS3)C(c3ccc(Br)cc3)C2)cc1,6.619788646697998,5.314369541428036,0.07018882059609124,0.5862068965517241,1.3054191052699622
gin,4286,Cc1ccc(C2=NN(C3=NC(=O)CS3)C(c3ccc(C)cc3)C2)cc1,5.935542106628418,5.404613469580607,0.1246727249660853,0.6415094339622641,0.5309286370478112
gin,4287,Cc1ccc(C2=NN(C3=NC(=O)CS3)C(c3ccc(Cl)cc3)C2)cc1,5.7798919677734375,5.351067533865017,0.17060183791570271,0.5862068965517241,0.42882443390842084
gin,4288,Cc1ccc(C2=NN(C3=NC(=O)CS3)C(c3ccc(F)cc3)C2)cc1,5.696804046630859,5.4530083618288465,0.14354470504715652,0.5862068965517241,0.24379568480201286
gin,4292,Cc1ccc(C2=NN(C3=NC(=O)CS3)C(c3ccccc3)C2)cc1,5.966576099395752,5.380823759342597,0.19437205526107038,0.6666666666666666,0.5857523400531548
gin,4309,Cc1ccc(C2CC(c3ccc(Br)cc3)=NN2C2=NC(=O)CS2)cc1,5.253365993499756,5.300270931930001,0.06930965300754655,0.5862068965517241,0.046904938430245124
gin,4316,Cc1ccc(C2CC(c3ccc(Cl)cc3)=NN2C2=NC(=O)CS2)cc1,5.17587423324585,5.317078111335597,0.15625636931161097,0.5862068965517241,0.14120387808974755
gin,4317,Cc1ccc(C2CC(c3ccc(F)cc3)=NN2C2=NC(=O)CS2)cc1,5.077793598175049,5.425836027378583,0.12473847750905888,0.5862068965517241,0.34804242920353445
gin,4318,Cc1ccc(C2CC(c3ccccc3)=NN2C2=NC(=O)CS2)cc1,5.518557548522949,5.249043470985811,0.11939625354980052,0.7307692307692307,0.2695140775371385
gin,5844,O=C1CSC(N2N=C(c3ccc(Br)cc3)CC2c2ccc(Br)cc2)=N1,5.692503929138184,5.110948210530118,0.18018213796133103,0.6415094339622641,0.5815557186080653
gin,5845,O=C1CSC(N2N=C(c3ccc(Br)cc3)CC2c2ccc(Cl)cc2)=N1,5.38510274887085,5.136953424080936,0.08031622210554787,0.5862068965517241,0.2481493247899138
gin,5846,O=C1CSC(N2N=C(c3ccc(Br)cc3)CC2c2ccc(F)cc2)=N1,5.188425064086914,5.290612295166525,0.03455483750281011,0.5862068965517241,0.10218723107961125
gin,5847,O=C1CSC(N2N=C(c3ccc(Br)cc3)CC2c2ccccc2)=N1,5.494850158691406,5.205157060316935,0.08756723325505172,0.6666666666666666,0.289693098374471
gin,5848,O=C1CSC(N2N=C(c3ccc(Cl)cc3)CC2c2ccc(Br)cc2)=N1,5.642065048217773,5.114986845793773,0.08495427126672765,0.5862068965517241,0.5270782024240006
gin,5849,O=C1CSC(N2N=C(c3ccc(Cl)cc3)CC2c2ccc(Cl)cc2)=N1,5.0883097648620605,5.138637081683839,0.035083422511912696,0.6415094339622641,0.05032731682177882
gin,5850,O=C1CSC(N2N=C(c3ccc(Cl)cc3)CC2c2ccc(F)cc2)=N1,4.847405910491943,5.305304499938998,0.10067854364069106,0.5862068965517241,0.45789858944705486
gin,5851,O=C1CSC(N2N=C(c3ccc(Cl)cc3)CC2c2ccccc2)=N1,5.272458553314209,5.20992178385189,0.14581522517495019,0.6666666666666666,0.06253676946231934
gin,5852,O=C1CSC(N2N=C(c3ccc(F)cc3)CC2c2ccc(Br)cc2)=N1,5.319664478302002,5.275120746514389,0.03872868131661403,0.5862068965517241,0.04454373178761273
gin,5853,O=C1CSC(N2N=C(c3ccc(F)cc3)CC2c2ccc(Cl)cc2)=N1,4.961777210235596,5.30646537509692,0.09453941584368729,0.5862068965517241,0.34468816486132425
gin,5854,O=C1CSC(N2N=C(c3ccc(F)cc3)CC2c2ccc(F)cc2)=N1,4.771599769592285,5.441615060573355,0.13755603864999305,0.6415094339622641,0.6700152909810697
gin,5855,O=C1CSC(N2N=C(c3ccc(F)cc3)CC2c2ccccc2)=N1,5.0893754959106445,5.3628898620455026,0.20031091671229878,0.6666666666666666,0.273514366134858
gin,5856,O=C1CSC(N2N=C(c3ccccc3)CC2c2ccc(Br)cc2)=N1,5.86966609954834,5.07053329403567,0.10497989422909303,0.7307692307692307,0.7991328055126701
gin,5857,O=C1CSC(N2N=C(c3ccccc3)CC2c2ccc(Cl)cc2)=N1,5.457174777984619,5.084172633340309,0.08878550404214376,0.7307692307692307,0.37300214464431036
gin,5858,O=C1CSC(N2N=C(c3ccccc3)CC2c2ccc(F)cc2)=N1,5.313363552093506,5.2448839736839545,0.164154906786726,0.7307692307692307,0.06847957840955132
gin,5860,O=C1CSC(N2N=C(c3ccccc3)CC2c2ccccc2)=N1,5.471083164215088,5.131259389724917,0.2340255054178488,0.7708333333333334,0.33982377449017065
