model,test_idx,smiles,y_true,pred,std,max_sim,abs_err
rf,1088,CC(C)[C@H](NC(=O)OCc1ccccc1)C(=O)NC(Cc1ccc(OCc2ccccc2)cc1)C(=O)C(F)(F)C(=O)N1CCc2ccccc2C1,8.698969841003418,7.39054657158497,0.7580951250451309,0.8970588235294118,1.3084232694184479
rf,772,CC(C)CN(C[C@@H](O)[C@H](Cc1ccccc1)NC(=O)OC[C@H]1CN(C)CCO1)S(=O)(=O)c1ccc(O)cc1,8.812479019165039,8.508778741273598,0.4994877389930695,0.8648648648648649,0.3037002778914406
rf,2616,O=C(O)c1cc(C(=CCC23CC4CC(CC(C4)C2)C3)c2cc(Cl)c(O)c(C(=O)O)c2)cc(Cl)c1O,6.431798458099365,4.951852577919809,0.9490609926720034,0.40789473684210525,1.4799458801795566
rf,1192,CC(C)c1ccccc1SC1=C(O)OC(CCCC(=O)N(C)Cc2ccccc2)(c2ccccc2)CC1=O,6.170053482055664,6.655209255505902,0.28367607340534073,0.8507462686567164,0.48515577345023786
rf,1651,CC[C@H](C)[C@H](NC(=O)[C@H](C(C)C)C(O)[C@H](O)[C@H](CC1CCCCC1)NC(=O)c1ncccc1OCOc1ccccc1)C(=O)NCc1nc2ccccc2[nH]1,6.268000602722168,7.103599260550421,1.0176569361586,0.7708333333333334,0.8355986578282533
rf,1613,CC[C@H](C)[C@H](NC(=O)C[C@H](O)[C@H](CC1CCCCC1)NC(=O)CC1C=CCN2C(=O)CCC(CNCc3ccccc3)C(=O)N12)C(=O)N[C@@H](Cc1ccccc1)C(=O)O,3.443697452545166,5.812984373471841,1.6180820238167146,0.7676767676767676,2.369286920926675
rf,2211,Cc1cc(SC2=C(O)OC(C)(CCc3ccc(O)cc3)CC2=O)c(C(C)(C)C)cc1NS(C)(=O)=O,8.013228416442871,8.551905615824744,0.2155520089916772,0.8169014084507042,0.5386771993818726
rf,2018,COc1ccc(S(=O)(=O)N(CC(C)C)C[C@@H](O)[C@H](Cc2ccccc2)NC(=O)c2ccc(O)cc2C)cc1,8.301030158996582,8.08233170742838,0.6944610810100013,0.8787878787878788,0.21869845156820134
rf,1395,CCC1(CC=C(C)C)Oc2ccccc2-n2cccc2C1=O,6.522878646850586,4.6579637362783295,1.0798837379158586,0.2054794520547945,1.8649149105722564
rf,1114,CC(C)[C@H](NC(=O)OCc1ccccc1)C(=O)N[C@@H](Cc1ccccc1)[C@H](O)CNC(=O)[C@H](CC(=O)NC(C)(C)C)C(C)(C)C,8.522878646850586,7.284027565881524,0.560215810333329,1.0,1.238851080969062
rf,2405,Cc1cccc(C[C@@H](O)[C@H](Cc2ccccc2)NC(=O)[C@H](CC(N)=O)NC(=O)c2ccc3ccccc3n2)c1C(=O)NC(C)(C)C,7.552842140197754,8.032651782896536,0.8162437445461311,0.8243243243243243,0.47980964269878257
rf,2598,O=C(N[C@H]1c2ccccc2OC[C@H]1O)[C@H](Cc1cccnc1)C[C@H](O)CN1CCN(Cc2ccn(-c3ccccc3)c2)C[C@H]1C(=O)NCC(F)(F)F,8.603800773620605,10.094390014484949,0.25437801583872993,0.9375,1.4905892408643435
rf,1702,CCc1ccccc1C(=O)N[C@@H](Cc1ccccc1)[C@H](O)CN(CC(C)C)S(=O)(=O)c1ccc(OC)cc1,8.0,7.617054136197088,0.6281415798970715,0.8253968253968254,0.3829458638029122
rf,1011,CC(C)[C@@H]1[C@H](OC(=O)N[C@@H](Cc2ccccc2)[C@H](O)CN2CCN(Cc3ccncc3)C[C@H]2C(=O)NC(C)(C)C)CCS1(=O)=O,7.887733459472656,8.308102408644439,0.5638400255059377,0.8795180722891566,0.4203689491717828
rf,2107,CSc1nccc(-c2ccc(S(=O)(=O)N3CCN(C[C@H](O)C[C@@H](Cc4ccccc4)C(=O)NCc4c(C)cc(O)cc4C)[C@@H](C(=O)NC(C)(C)C)C3)s2)n1,9.698969841003418,8.4003407243168,1.450719615218932,0.71,1.2986291166866177
rf,457,CC(C)(C)OC(=O)N[C@@H](Cc1ccccc1)C[C@H](O)[C@H](Cc1ccccc1)NC(=O)c1ccc(O)cc1,8.481486320495605,8.188180483591264,0.3958446944014402,0.88,0.29330583690434153
rf,679,CC(C)(c1cc2cnccc2o1)N1CCN(C[C@@H](O)C[C@@H](Cc2ccccc2)C(=O)N[C@H]2c3ccccc3OC[C@H]2O)[C@H](C(=O)NCc2ccccc2)C1,8.659555435180664,9.275449336716418,0.45703704002620804,0.9148936170212766,0.6158939015357543
rf,2632,O=C(OC1COc2cccc(O)c2C1)c1ccc(O)c(O)c1O,4.189297199249268,4.743483926883195,0.7771624225427015,0.7291666666666666,0.5541867276339278
rf,321,CC(C)(C)NC(=O)[C@@H]1C[C@H](OCc2ccccc2)CN1CC(O)CNC(=O)[C@@H]1N[C@@H](C(NC(=O)Cc2ccccc2)C(=O)NCc2ccccc2)SC1(C)C,6.187086582183838,5.746723815674751,1.1020506458717585,0.872093023255814,0.4403627665090868
rf,1099,CC(C)[C@H](NC(=O)OCc1ccccc1)C(=O)N[C@@H](Cc1ccccc1)[C@@H](O)CN(Cc1ccc(C#N)cc1)NC(=O)[C@@H](NC(=O)OCc1ccccc1)C(C)C,7.619788646697998,6.623875355660761,1.1561691630103297,0.85,0.9959132910372368
rf,1754,COC(=O)N[C@H](C(=O)NCCCC[C@@H](CO)N(CC(C)C)S(=O)(=O)c1ccc(N)cc1)C(c1ccccc1)c1ccccc1,9.301030158996582,7.552558944965302,0.6136660445369018,1.0,1.7484712140312801
rf,2712,O=c1cc(-c2cccc(OC(F)(F)F)c2)oc(O)c1SCc1ccccc1,5.669586181640625,6.056709560217041,0.5689540407024524,0.6862745098039216,0.3871233785764163
rf,402,CC(C)(C)NC(=O)c1ccccc1OC[C@H](O)[C@H](Cc1ccccc1)NC(=O)[C@H](CC(N)=O)NS(=O)(=O)c1ccc2ccccc2c1,6.37161111831665,7.728377025140726,1.0251401327427034,0.6626506024096386,1.3567659068240756
rf,2452,Cn1cc(CN2CCN(C[C@@H](O)C[C@@H](Cc3ccccc3)C(=O)NC3c4ccccc4C[C@H]3O)[C@H](C(=O)NC(C)(C)C)C2)ccc1=O,7.770153045654297,8.905269056827649,0.7451759974876965,0.7906976744186046,1.135116011173352
rf,700,CC(C)C(NC(=O)C[C@@H]1O[C@@H]1[C@H](Cc1ccccc1)NC(=O)[C@H](CC(N)=O)NC(=O)c1ccc2ccccc2n1)C(C)C,7.698969841003418,7.342080319150391,1.26213771363131,0.8714285714285714,0.35688952185302725
rf,433,CC(C)(C)OC(=O)N[C@@H](Cc1ccc(O)cc1)[C@@H](O)C[C@@H](Cc1ccccc1)C(=O)NC1c2ccccc2C[C@H]1O,9.455931663513184,9.728427282218743,0.16399042423202717,1.0,0.27249561870555894
rf,2498,Nc1ccc(S(=O)(=O)N(C[C@@H](O)[C@H](Cc2ccccc2)NC(=O)O[C@H]2CO[C@H]3OCC[C@H]32)OC2CCCC2)cc1,6.673664093017578,7.838303644355632,0.37548066690790816,0.9859154929577465,1.1646395513380536
rf,831,CC(C)CN(C[C@@H](O)[C@H](Cc1ccccc1)NC(=O)c1ccc(O)cc1O)S(=O)(=O)c1ccc(C(F)(F)F)cc1,8.05453109741211,8.413668845583219,0.5735911366065879,0.9076923076923077,0.35913774817110955
rf,1921,COc1ccc(CC(=O)N[C@@H](Cc2ccccc2)[C@H](O)CN(CC(C)C)S(=O)(=O)c2ccc(SC)cc2)cc1O,8.032451629638672,7.582669927434863,0.4944991953490891,0.8857142857142857,0.44978170220380864
rf,1241,CC(C1=C(O)OC(C(=O)NCCc2ccc(Cl)cc2)(C(C)C)C1=O)c1ccccc1,4.508638381958008,4.758101455623731,0.9073296868993799,0.5238095238095238,0.24946307366572285
rf,845,CC(C)CN(C[C@H](O)[C@H](Cc1ccccc1)NC(=O)[C@H](CC(N)=O)NC(=O)c1ccc2ccccc2n1)C(=O)NC(C)(C)C,5.0,8.243685008644682,0.4568778776555468,1.0,3.2436850086446825
rf,408,CC(C)(C)NS(=O)(=O)CC[C@@H]1O[C@@H]1[C@H](Cc1ccccc1)NOC(=O)CCC(=O)NC(=O)c1ccc2ccccc2n1,7.522878646850586,6.995229926003331,1.8480305886758124,0.5,0.5276487208472549
rf,1659,CC[C@H](C)[C@H](NC(=O)[C@H](C/C=C/c1ccccc1)C[C@H](O)[C@H](Cc1ccccc1)NC(=O)OC(C)(C)C)C(=O)NCc1nc2ccccc2[nH]1,10.522878646850586,9.373343760178583,1.2607579051044027,0.8375,1.1495348866720025
rf,605,CC(C)(C)OC(=O)N[C@@H](Cc1ccccc1)[C@H](O)CNC[C@@H](O)[C@H](Cc1ccc(OCCO)cc1)NC(=O)OC(C)(C)C,7.193819999694824,7.127522706046662,0.22358171313592973,0.8333333333333334,0.06629729364816228
rf,1992,COc1ccc(S(=O)(=O)N(CC(C)C)C[C@@H](O)[C@H](Cc2ccccc2)NC(=O)[C@H]2CCNC2)cn1,5.324221611022949,5.887140926481188,0.5730828844053295,1.0,0.562919315458239
rf,495,CC(C)(C)OC(=O)N[C@@H](Cc1ccccc1)[C@@H](O)C[C@@H](Cc1ccc(C(C)(C)C)cc1)C(=O)N[C@H]1c2ccccc2C[C@H]1O,9.769551277160645,9.632487648843588,0.25247795064977246,0.9047619047619048,0.13706362831705654
rf,211,CC(C)(C)NC(=O)[C@@H]1CN(S(=O)(=O)c2cccc3cccnc23)CCN1C[C@@H](O)C[C@@H](Cc1ccccc1)C(=O)NC1c2ccccc2C[C@H]1O,10.886056900024414,9.84137478974268,0.7773084565224057,0.9318181818181818,1.0446821102817339
rf,941,CC(C)C[C@H](NC(=O)[C@H](Cc1ccccc1)C[C@H](O)[C@H](Cc1ccccc1)NC(=O)CC(C)(C)C)C(=O)N[C@@H](Cc1ccccc1)C(N)=O,8.221848487854004,8.090604858172988,1.106842309108147,0.7580645161290323,0.13124362968101622
rf,1420,CCCC1(CCc2ccccc2)CC(=O)C(C(c2cccc(NS(=O)(=O)c3cn(C)cn3)c2)C2CC2)=C(O)O1,6.0,6.219641059280552,0.483637561794636,0.8933333333333333,0.21964105928055222
rf,1684,CC[C@H](C)[C@H](NC(=O)[C@H](Cc1ccccc1)CC(O)CN1C[C@H]2CCCC[C@H]2C[C@H]1C(=O)NC(C)(C)C)C(=O)OC,6.06048059463501,7.0063785874097,0.6279865067072379,0.7529411764705882,0.9458979927746904
rf,1990,COc1ccc(S(=O)(=O)N(CC(C)C)C[C@@H](O)[C@H](Cc2ccccc2)NC(=O)[C@H]2CCCN2)cc1,4.40022611618042,5.6360297168754725,1.054271743599499,1.0,1.2358036006950526
rf,1449,CCCCCCCCCCCCCCCC(=O)Nc1c(OC(=O)CCCCCCCCCCCCCCC)cc(S(=O)(=O)O)c2ccccc12,5.661561965942383,5.856352933786908,1.1022423650867044,0.5084745762711864,0.19479096784452476
rf,2066,COc1ccc([C@H]2[C@]3(CO)C4N(C)C5[C@]2(CO)C2N(C)C3[C@]4(CO)[C@H](c3ccc(OC)cc3)[C@]52CO)cc1,3.709965467453003,4.71901467410095,0.8687072130505528,0.65,1.0090492066479468
rf,296,CC(C)(C)NC(=O)[C@@H]1C[C@@H]2CCCC[C@@H]2CN1C[C@H](O)[C@H](Cc1ccccc1)NC(=O)[C@H](CC(N)=O)NC(=O)OCc1ccccc1,8.568958282470703,7.770780074647501,0.5969864364019347,1.0,0.7981782078232023
rf,1588,CC[C@@H](C)[C@H](NC(=O)[C@@H](NC(=O)CCCOc1cccc(OCCCC(=O)N[C@H](C(=O)N[C@H](C(=O)N[C@H](C(=O)OC)C(C)C)[C@H](C)CC)C(C)O)n1)C(C)O)C(=O)N[C@H](C(=O)OC)C(C)C,5.376750946044922,5.211693810051327,0.8241727278902159,0.6507936507936508,0.16505713599359506
rf,572,CC(C)(C)OC(=O)N[C@@H](Cc1ccccc1)[C@@H](O)C[C@@H](Cc1ccccc1)C(=O)N[C@H]1c2ccccc2[C@@H](O)[C@H]1O,10.0,9.511446577341214,0.6811951314512893,1.0,0.48855342265878576
rf,2641,O=C1C(=O)c2ccccc2C(O)=C1Cc1ccc(Cl)cc1,5.522878646850586,4.555768193492434,0.8258522785905799,0.625,0.9671104533581518
rf,1626,CC[C@H](C)[C@H](NC(=O)[C@@H](N)CO)C(=O)N[C@@H](C)C(=O)NC12NC(=O)C3(O)C4C5CC(C6C5C3C61)C42,5.650515079498291,5.887553820734409,0.8268244446477586,0.8169014084507042,0.2370387412361179
rf,1374,CCC(CC)NC(=O)C[C@@H](C(=O)NC[C@@H](O)[C@H](Cc1ccccc1)NC(=O)[C@@H](NC(=O)OCc1ccccc1)C(C)C)C(C)(C)C,8.537602424621582,7.843049664246117,0.6249750057820733,0.9206349206349206,0.6945527603754647
rf,677,CC(C)(c1cc2cnccc2o1)N1CCN(C[C@@H](O)C[C@@H](Cc2ccccc2)C(=O)N[C@H]2c3ccccc3OC[C@H]2O)[C@H](C(=O)NCC2CC2)C1,9.301030158996582,9.28462279293644,0.3994300618124799,0.8958333333333334,0.01640736606014137
rf,1940,COc1ccc(S(=O)(=O)N(CC(C)C)C[C@@H](O)[C@H](Cc2ccccc2)NC(=O)/C=C/c2ccc(O)c(O)c2)cc1,9.795880317687988,8.676578832795677,0.7502473082072981,0.8857142857142857,1.1193014848923113
rf,858,CC(C)CN([C@H](CO)CCCCNC(=O)[C@@H](NC(=O)OCc1ccccn1)C(c1ccccc1)c1ccccc1)S(=O)(=O)c1ccc(N)cc1,9.920818328857422,9.018878203089924,0.762127420762015,0.825,0.9019401257674975
rf,978,CC(C)[C@@H]1NC(=O)[C@@H](NC(=O)C(=O)C(Cc2ccccc2)NC(=O)OC(C)(C)C)Cc2ccc(cc2)OCCCNC1=O,7.886056423187256,7.082063859404936,1.6195159753530854,0.7654320987654321,0.8039925637823195
rf,463,CC(C)(C)OC(=O)N[C@@H](Cc1ccccc1)[C@@H](O)/C=C(/Cc1ccccc1)C(=O)NC1c2ccccc2C[C@@H]1O,8.890084266662598,6.53846018138349,1.0156582092614421,0.6764705882352942,2.3516240852791075
rf,1179,CC(C)[C@H]1[C@@H](OC(=O)N[C@@H](Cc2ccccc2)[C@H](O)CN2C[C@H]3CCCC[C@H]3C[C@H]2C(=O)NC(C)(C)C)CCS1(=O)=O,7.958607196807861,8.242250736430709,0.41235272981965376,1.0,0.2836435396228474
rf,1090,CC(C)[C@H](NC(=O)OCc1ccccc1)C(=O)NC(Cc1ccc(OCc2ccccc2)cc1)C(=O)C(F)(F)C(=O)N[C@@H](C(=O)OC(C)(C)C)C(C)C,8.221848487854004,8.060588680079697,0.41688180892262056,0.8615384615384616,0.16125980777430726
rf,2793,[N-]=[N+]=NC1C(N)C(OCc2ccccc2)OC(CO)C1OCc1ccccc1,6.0,4.2619223378696836,0.913197496093272,0.6808510638297872,1.7380776621303164
rf,2340,Cc1ccc(C(=O)N[C@@H](Cc2cccc(C(F)(F)F)c2)[C@H](O)C(=O)N2C[C@@H](Cl)C[C@H]2C(=O)NC(C)(C)C)c(C)c1O,8.455931663513184,8.34392091808458,0.4284833079450417,0.84,0.1120107454286039
rf,1833,COC(=O)c1cccc(-c2cc(O)c(Sc3ccccc3C(C)C)c(=O)o2)c1,7.096909999847412,6.549638432117212,0.7739194999677785,0.8070175438596491,0.5472715677302
rf,1724,CN(CC1(c2ccccc2)CC(=O)C(SCCc2ccccc2)=C(O)O1)c1ccccc1,5.642065048217773,6.45278138799882,0.44541433276155806,0.6909090909090909,0.8107163397810462
rf,1146,CC(C)[C@H](NC(=O)[C@H](Cc1ccccc1)C[C@H](O)[C@H](Cc1ccccc1)NC(=O)OC(C)(C)C)C(=O)NCCCN1CCOCC1,8.537602424621582,8.708288233481854,0.8392317989497519,0.7866666666666666,0.17068580886027185
rf,1509,CCCc1cc(=O)oc2c3c(c4c(c12)OC(C)(C)C=C4)O[C@@H](C)C(C)[C@@H]3O,6.013228416442871,5.962980444496134,0.9801331709904699,1.0,0.050247971946737024
rf,2524,O=C(NC(C(=O)NC(Cc1ccc(OCc2ccccc2)cc1)C(=O)C(F)(F)C(=O)NCc1ccccc1)C1CCCC1)OCc1ccccc1,8.221848487854004,7.2292120067192505,1.099589855698616,0.984375,0.9926364811347534
rf,2396,Cc1cccc(C)c1OCC(=O)N[C@@H](Cc1ccccc1)[C@H](O)C(=O)N(Cc1ccccc1)NC(=O)COc1c(C)cccc1C,5.301030158996582,7.544944004490125,1.3495663598881946,0.5138888888888888,2.243913845493543
rf,2118,C[C@@H](O)CN(C[C@@H](O)[C@H](Cc1ccccc1)NC(=O)c1ccc(O)c(O)c1)S(=O)(=O)c1ccc(C(F)(F)F)cc1,8.78515625,8.606733540310879,1.0981033388650763,0.90625,0.1784227096891211
rf,2308,Cc1cc(SC2=C(O)OC(CCc3ccncc3)(C(C)C)CC2=O)c(C(C)(C)C)cc1CO,8.823908805847168,8.884670211769452,0.4692188463548476,0.8484848484848485,0.06076140592228363
rf,2538,O=C(N[C@@H](Cc1ccccc1)[C@@H](O)C[C@@H](Cc1ccccc1)C(=O)N[C@H]1c2ccccc2C[C@H]1O)OC1CCOCC1,8.913640022277832,9.605443027533045,0.8467758393269136,0.9090909090909091,0.6918030052552133
rf,2696,O=S1(=O)N(Cc2ccccc2)[C@H](COc2ccccc2)[C@H](O)[C@@H](O)[C@@H](COc2ccccc2)N1Cc1ccccc1,6.698969841003418,6.295717021560997,1.233285248034418,0.6428571428571429,0.40325281944242075
rf,2709,O=c1cc(-c2cccc(C(F)(F)F)c2)oc(O)c1SCc1ccccc1,6.221848964691162,6.009575261104538,0.37240736250173984,0.8297872340425532,0.21227370358662423
rf,1837,COC(CCc1ccc(C[C@H](C[C@H](O)[C@H](Cc2ccccc2)NC(=O)OC(C)(C)C)C(=O)N[C@H]2c3ccccc3C[C@H]2O)cc1)OC,10.09691047668457,9.516358480199589,0.4586162424898893,0.8382352941176471,0.5805519964849815
rf,1057,CC(C)[C@H](NC(=O)N(C)Cc1ccccn1)C(=O)N[C@@H](Cc1ccccc1)[C@H](O)[C@H](O)[C@H](Cc1ccccc1)NC(=O)[C@H](NC(=O)N(C)Cc1ccccn1)C(C)C,9.0,8.942353562706993,0.08302665947112481,1.0,0.057646437293007224
rf,410,CC(C)(C)OC(=O)C1CCCN1C[C@@H](O)[C@H](Cc1ccccc1)NC(=O)[C@H](CC(N)=O)NC(=O)OCc1ccccc1,6.853871822357178,6.663073392237431,0.3593502441163028,1.0,0.19079843011974695
rf,1655,CC[C@H](C)[C@H](NC(=O)[C@H](C(C)C)[C@@H](O)[C@H](O)[C@H](CC1CCCCC1)NC(=O)c1ccccc1)C(=O)NCc1nc2ccccc2[nH]1,7.0919976234436035,7.41580670822527,1.0068197476127438,0.75,0.3238090847816668
rf,2527,O=C(NC1c2ccccc2C[C@@H]1O)[C@H](Cc1ccccc1)CC(O)C[C@@H](Cc1ccccc1)C(=O)NC1c2ccccc2C[C@@H]1O,9.160019874572754,8.776824188837393,1.033815550400128,1.0,0.38319568573536067
rf,1455,CCCCN(C)C(=O)Oc1nsnc1-c1c(Cl)cccc1Cl,5.345184803009033,5.735693254316419,0.6402107792634049,0.8695652173913043,0.39050845130738576
rf,1839,COCCCCOc1ccc(C[C@H](NC(=O)OC(C)(C)C)[C@H](O)CNC[C@@H](O)[C@H](Cc2ccccc2)NC(=O)OC(C)(C)C)cc1,7.301030158996582,7.157025486781518,0.23692170508523963,0.9056603773584906,0.14400467221506386
rf,1820,COC(=O)[C@H](O)[C@H](Cc1ccccc1)NC(=O)[C@@H](NC(=O)[C@H](Cc1ccccc1)NC(C)=O)C(C)C,3.9469215869903564,5.423969718106725,1.614485565397191,0.9019607843137255,1.4770481311163683
rf,2263,Cc1cc(SC2=C(O)OC(CCc3ccc(O)cc3)(C(C)C)CC2=O)c(C(C)(C)C)cc1OS(=O)(=O)c1ccccn1,8.301030158996582,8.240278890962756,0.34881972982147674,0.8125,0.06075126803382602
rf,651,CC(C)(C)OC(=O)N[C@H]1CCCC[C@@H]1NC(=O)[C@H](Cc1ccccc1)CC(O)C[C@@H](Cc1ccccc1)C(=O)N[C@H]1CCCC[C@@H]1NC(=O)OC(C)(C)C,5.0,6.854308246801026,0.7593809944596396,0.7254901960784313,1.8543082468010263
rf,32,CC(=O)N[C@@H](CSc1ccc2ccccc2c1)C(=O)N[C@@H](Cc1ccccc1)[C@H](O)Cc1ccccc1C(=O)NC(C)(C)C,7.376750946044922,8.248752704460054,0.903007387537462,0.84375,0.8720017584151325
rf,798,CC(C)CN(C[C@@H](O)[C@H](Cc1ccccc1)NC(=O)[C@@H]1COCCN1)S(=O)(=O)c1ccc(S(C)(=O)=O)cc1,6.342848300933838,8.130134790680072,1.0730252370012732,0.8805970149253731,1.7872864897462346
rf,67,CC(C)(C)CC(=O)N[C@@H](Cc1ccccc1)[C@@H](O)C[C@]1(Cc2ccccc2)N=CC(C2C[C@H](CC(N)=O)c3ccccc32)=C1O,6.602059841156006,7.5035923169981,0.695608633393119,0.8026315789473685,0.9015324758420942
rf,1598,CC[C@H](C)[C@@H](NC(=O)[C@@H](NC(=O)CCCCCCCCCCCCCCC(=O)N[C@H](CC(=O)N[C@@H](Cc1ccccc1)C(=O)O)C(N)=O)[C@H](C)O)C(=O)N[C@@H](Cc1ccc(N)cc1)C(N)=O,5.443697452545166,7.149974898167632,1.4529412890201023,0.9193548387096774,1.706277445622466
rf,1272,CC1(C)S[C@H]([C@H](NC(=O)Cc2ccccc2)C(=O)N(CCO)CCO)N[C@H]1C(=O)NCCNC(=O)[C@@H]1N[C@@H]([C@H](NC(=O)Cc2ccccc2)C(=O)N(CCO)CCO)SC1(C)C,6.07572078704834,7.902209174391443,1.0260111561705176,0.7457627118644068,1.8264883873431028
rf,2708,O=c1cc(-c2ccc3c(c2)OCO3)oc(O)c1SCc1ccccc1,6.3098039627075195,6.0948845281861415,0.3342520921448012,0.8723404255319149,0.21491943452137807
rf,940,CC(C)C[C@H](NC(=O)[C@H](Cc1ccccc1)C[C@H](O)[C@@H](CC(=O)OC(C)(C)C)Cc1ccccc1)C(=O)N[C@@H](Cc1ccccc1)C(N)=O,9.221848487854004,7.281627008642951,1.416001531696336,0.734375,1.9402214792110533
rf,1747,COC(=O)N(C)[C@H](Cc1ccccc1)C(=O)NCCCC[C@@H](CO)N(CC(C)C)S(=O)(=O)c1ccc(N)cc1,8.187087059020996,8.702279173071734,0.7710751228408315,0.7397260273972602,0.5151921140507376
rf,367,CC(C)(C)NC(=O)c1ccccc1C[C@@H](O)[C@H](Cc1ccccc1)NC(=O)[C@H](CC(N)=O)NC(=O)c1ccc2ccccc2n1,8.823908805847168,7.257344188156095,0.8128904237945567,1.0,1.566564617691073
rf,1677,CC[C@H](C)[C@H](NC(=O)[C@H](Cc1ccccc1)CC(O)(CO)CN1C[C@H]2CCCC[C@H]2C[C@H]1C(=O)NC(C)(C)C)C(=O)NCc1nc2ccccc2[nH]1,7.15490198135376,7.036146098454107,0.780490163482671,0.7894736842105263,0.11875588289965311
rf,521,CC(C)(C)OC(=O)N[C@@H](Cc1ccccc1)[C@@H](O)C[C@@H](Cc1ccc(OCCN2CC[S+]([O-])CC2)cc1)C(=O)NC1c2ccccc2C[C@H]1O,10.154901504516602,9.34990976543137,0.4190152502954818,0.8658536585365854,0.8049917390852315
rf,318,CC(C)(C)NC(=O)[C@@H]1C[C@H](Cl)CN1C(=O)[C@@H](O)[C@H](Cc1ccccc1)NC(=O)c1ccccc1I,7.853871822357178,7.81334017978399,0.5411545217423452,0.828125,0.04053164257318809
rf,744,CC(C)CCNC(=O)N(C[C@@H](O)[C@H](Cc1ccccc1)NC(=O)[C@H](CC(N)=O)NC(=O)OCc1ccccc1)C(C)(C)C,7.886056423187256,7.142047508286774,0.8680728449699927,0.835820895522388,0.7440089149004816
rf,1113,CC(C)[C@H](NC(=O)OCc1ccccc1)C(=O)N[C@@H](Cc1ccccc1)[C@H](O)CNC(=O)[C@@H](CC(=O)NC(C)(C)C)C(C)(C)C,7.602059841156006,7.284027565881524,0.560215810333329,1.0,0.31803227527448197
rf,2215,Cc1cc(SC2=C(O)OC(C)(CCc3ccc(O)cc3)CC2=O)c(C(C)(C)C)cc1OS(=O)(=O)N1CCN(C)CC1,8.148741722106934,8.614552878179836,0.3117656551072945,0.7710843373493976,0.4658111560729026
rf,1393,CCC(Cc1ccccc1)c1cc(O)c(C(c2cccc(NS(=O)(=O)c3cn(C)cn3)c2)C2CC2)c(=O)o1,5.886056423187256,5.7795348564150695,0.732371212107267,0.875,0.10652156677218638
rf,2674,O=C1N(Cc2ccccc2)C(Cc2ccccc2)P(=O)(O)C(Cc2ccccc2)N1Cc1ccccc1,4.677780628204346,5.654980402506156,0.749243322683238,0.8611111111111112,0.9771997743018099
rf,990,CC(C)[C@@H]1[C@H](OC(=O)N[C@@H](Cc2ccccc2)[C@H](O)CN2CCN(C3CCCC3)C[C@H]2C(=O)NC(C)(C)C)CCS1(=O)=O,7.51563024520874,7.496917689784498,0.36190888950384537,0.9866666666666667,0.01871255542424244
rf,1173,CC(C)[C@H](NS(=O)(=O)N(C)Cc1ccccn1)C(=O)N[C@@H](Cc1ccccc1)[C@@H](O)[C@@H](O)[C@H](Cc1ccccc1)NC(=O)[C@H](NS(=O)(=O)N(C)Cc1ccccn1)C(C)C,6.619788646697998,7.138770009302341,0.6191352326021745,1.0,0.5189813626043431
rf,1151,CC(C)[C@H](NC(=O)[C@H](Cc1ccccc1)C[C@H](O)[C@H](Cc1ccccc1)NC(=O)OC(C)(C)C)C(=O)NCc1cccnc1,9.161150932312012,9.07845184353592,0.30052568075538943,0.8461538461538461,0.08269908877609211
rf,2116,C[C@@H](O)CN(C[C@@H](O)[C@H](Cc1ccccc1)NC(=O)c1cc(O)cc(O)c1)S(=O)(=O)c1ccc(C(F)(F)F)cc1,8.632643699645996,7.943769855613702,0.797998400193387,1.0,0.6888738440322939
rf,1771,COC(=O)N[C@H](CCc1ccccc1)C(=O)NCCCC[C@@H](CO)N(CC(C)C)S(=O)(=O)c1ccc(N)cc1,7.397940158843994,8.22572341219216,0.7816777022479623,0.8676470588235294,0.8277832533481657
rf,1349,CCC(C)[C@H](NC(=O)C[C@H](O)[C@H](CC(C)C)NC(=O)CC1C=CCN2C(=O)CCC(CNCc3ccccc3)C(=O)N12)C(=O)N[C@@H](Cc1ccccc1)C(N)=O,4.677780628204346,5.389491480265093,1.5533027792657321,0.8804347826086957,0.7117108520607474
rf,1850,COCCOCOCCCc1ccc(C[C@H](C[C@H](O)[C@H](Cc2ccccc2)NC(=O)OC(C)(C)C)C(=O)N[C@H]2c3ccccc3C[C@H]2O)cc1,10.154901504516602,9.568742129009143,0.36855033308798996,0.9210526315789473,0.5861593755074583
rf,2351,Cc1ccc(C(C)(C)C)c(SC2=C(O)O[C@](CCc3ccccc3)(c3ccccc3)CC2=O)c1,8.0,7.59377490985905,0.20768931184035788,1.0,0.4062250901409499
rf,1380,CCC(CC)NC(=O)C[C@@H](C(=O)NC[C@@H](O)[C@H](Cc1ccccc1)NC(=O)[C@H](CC(N)=O)NC(=O)OCc1ccccc1)C(C)(C)C,8.42021656036377,7.698337523816119,0.5925341767318636,0.828125,0.7218790365476506
rf,746,CC(C)CCNC(=O)[C@H](Cc1ccccc1)C[C@H](O)[C@H](Cc1ccccc1)NC(=O)OC(C)(C)C,6.327902317047119,7.4569984294120095,1.390432426148695,0.8148148148148148,1.1290961123648904
rf,1350,CCC(C)[C@H](NC(=O)C[C@H](O)[C@H](CC1CCCCC1)NC(=O)CC1CCCN2C(=O)CCC(CN)C(=O)N12)C(=O)N[C@@H](Cc1ccccc1)C(N)=O,7.585026741027832,6.407553862224381,1.5678119960540735,0.5087719298245614,1.1774728788034512
rf,1432,CCCCC(NC(=O)CCCCCCCCCCCCCCC(=O)N[C@H](CC(=O)N[C@@H](Cc1ccccc1)C(=O)O)C(N)=O)C(=O)N[C@@H](C(=O)N[C@@H](Cc1ccccc1)C(N)=O)C(C)CC,5.79587984085083,6.235494373997324,0.988331539259038,0.873015873015873,0.4396145331464938
rf,789,CC(C)CN(C[C@@H](O)[C@H](Cc1ccccc1)NC(=O)[C@@H](CSc1ccc2ccccc2c1)NS(C)(=O)=O)C(=O)NC(C)(C)C,7.301030158996582,8.106126180540686,1.231619600267085,0.6923076923076923,0.8050960215441041
rf,2760,OC(C(COCc1ccc(C(F)(F)F)cc1)OCc1ccccc1)C(O)C(COCc1ccc(C(F)(F)F)cc1)OCc1ccccc1,5.301030158996582,5.1518131512121075,0.3220064022742449,1.0,0.14921700778447455
rf,834,CC(C)CN(C[C@@H](O)[C@H](Cc1ccccc1)NC(=O)c1ccc2oc(=O)ccc2c1)S(=O)(=O)c1ccc(N)cc1,9.397939682006836,8.26985307396714,0.930523262498594,0.8472222222222222,1.1280866080396965
rf,949,CC(C)C[C@H](NC(=O)[C@H](Cc1ccccc1)C[C@H](O)[C@H](Cc1ccccc1)NC(=O)OC(C)(C)C)C(N)=O,8.0,7.1193933804252625,1.114963530138248,1.0,0.8806066195747375
rf,2318,Cc1cc(SC2=C(O)OC(CCc3cscn3)(C(C)C)CC2=O)c(C(C)(C)C)cc1CO,8.886056900024414,8.78012453364882,0.6526531572856731,0.7777777777777778,0.105932366375594
rf,30,CC(=O)N[C@@H](CS(=O)(=O)c1ccccc1)C(=O)N[C@@H](Cc1ccccc1)[C@H](O)Cc1ccccc1C(=O)NC(C)(C)C,7.698969841003418,7.911166017688065,0.9125220772868033,0.8461538461538461,0.21219617668464696
rf,729,CC(C)CCN(CC(O)[C@H](Cc1ccccc1)NC(=O)[C@H](CC(N)=O)NC(=O)c1ccc2ccccc2n1)C(=O)NC(C)(C)C,8.52302360534668,8.415968310442445,0.290641953555977,1.0,0.10705529490423515
rf,581,CC(C)(C)OC(=O)N[C@@H](Cc1ccccc1)[C@@H](O)C[C@]1(Cc2ccccc2)CCCN([C@H]2c3ccccc3C[C@H]2O)C1=O,5.898249626159668,6.404638694099128,0.7597819042738121,1.0,0.5063890679394598
rf,2630,O=C(OC1COc2cc(O)cc(O)c2C1)c1ccccc1,4.0,5.042382266737359,0.8526109275472665,0.673469387755102,1.0423822667373592
rf,194,CC(C)(C)NC(=O)[C@@H]1CN(Cc2cccnc2)CCN1C[C@@H](O)C[C@@H](Cc1ccccc1)C(=O)N[C@H]1c2ccccc2C[C@H]1O.O=S(=O)(O)O,9.387216567993164,8.883922605133517,0.44282721749630627,0.9390243902439024,0.5032939628596473
rf,1084,CC(C)[C@H](NC(=O)OCCN1CCCC1)C(=O)N[C@@H](Cc1ccccc1)[C@@H](O)[C@H](Cc1ccccc1)NC(=O)[C@H](NC(=O)OCc1ccccc1)C(C)C,7.853871822357178,7.644693723042842,0.4709410537307496,0.8448275862068966,0.20917809931433595
rf,554,CC(C)(C)OC(=O)N[C@@H](Cc1ccccc1)[C@@H](O)C[C@@H](Cc1ccccc1)C(=O)N[C@@H]1c2ccccc2OC[C@@H]1O,7.391262054443359,8.923126100498319,0.5625566475625443,1.0,1.5318640460549595
rf,2280,Cc1cc(SC2=C(O)OC(CCc3ccc(O)cc3)(CC(C)C)CC2=O)c(C(C)(C)C)cc1OS(=O)(=O)Cn1ccnc1,8.443697929382324,8.569963223345315,0.24043609067374666,0.8023255813953488,0.1262652939629909
rf,2661,O=C1CC(c2ccccc2)(c2ccccc2)OC(O)=C1Sc1ccccc1C1CCCCC1,6.896196365356445,7.4856932734019015,0.5485851371260139,0.9777777777777777,0.5894969080454562
rf,2398,Cc1cccc(C)c1OCC(=O)N[C@@H](Cc1ccccc1)[C@H](O)CN1CC[C@@H](OCc2ccncc2)C[C@H]1C(=O)NC(C)(C)C,8.154901504516602,7.257982530461966,1.2242903532589522,0.8846153846153846,0.8969189740546355
rf,1476,CCCN(C[C@@H](O)[C@H](Cc1ccccc1)NC(=O)/C=C/c1ccc(O)c(O)c1)S(=O)(=O)c1ccc(OC)cc1,8.593460083007812,8.077043182371872,0.8855219336118829,0.8194444444444444,0.5164169006359405
rf,2148,C[C@H](O)CN(C[C@@H](O)[C@H](Cc1ccccc1)NC(=O)c1ccc(O)c(O)c1)S(=O)(=O)c1ccc(C(F)(F)F)cc1,8.185087203979492,8.606733540310879,1.0981033388650763,0.90625,0.4216463363313867
rf,1316,CC1(C)S[C@H]([C@H](NC(=O)c2ccccc2-c2ccccc2)C(=O)NCc2ccccc2)N[C@H]1C(=O)NCCNC(=O)[C@@H]1N[C@@H]([C@H](NC(=O)c2ccccc2-c2ccccc2)C(=O)NCc2ccccc2)SC1(C)C,8.12493896484375,8.663606041270226,0.6645291630691407,0.8615384615384616,0.538667076426476
rf,141,CC(C)(C)NC(=O)[C@@H]1CCCN1C[C@@H](O)C[C@@H](Cc1ccccc1)C(=O)NC1c2ccccc2C[C@H]1O,6.459670543670654,7.964631768822604,0.9793854235446179,0.9545454545454546,1.5049612251519493
rf,1741,CNc1ccc(S(=O)(=O)[C@@H](CC(C)C)C[C@@H](O)[C@H](Cc2cccc(Br)c2)NC(=O)COc2c(C)cccc2C)cc1,6.275723934173584,6.342030790251748,0.6718411941825759,0.8428571428571429,0.06630685607816389
rf,788,CC(C)CN(C[C@@H](O)[C@H](Cc1ccccc1)NC(=O)[C@@H](CSc1ccc(F)cc1)NS(C)(=O)=O)C(=O)NC(C)(C)C,7.070580959320068,7.362427828317161,1.3558859611036798,0.6883116883116883,0.29184686899709256
rf,2490,N[C@@H](Cc1ccccc1)C(O)CN[C@@H](Cc1ccccc1)C(=O)NC1c2ccccc2C[C@H]1O,4.200659275054932,5.885262471428593,1.4836614875763625,0.7301587301587301,1.6846031963736614
rf,1124,CC(C)[C@H](NC(=O)OCc1ccccn1)C(=O)N[C@@H](Cc1ccccc1)[C@H](O)[C@H](O)[C@H](Cc1ccccc1)NC(=O)[C@H](NC(=O)OCc1ccccn1)C(C)C,9.0,8.944138545073058,0.1935091149609049,1.0,0.0558614549269425
rf,507,CC(C)(C)OC(=O)N[C@@H](Cc1ccccc1)[C@@H](O)C[C@@H](Cc1ccc(I)cc1)C(=O)N[C@@H]1c2ccccc2C[C@H]1O,9.14302921295166,9.269542971724217,0.24151371673881042,1.0,0.12651375877255688
rf,239,CC(C)(C)NC(=O)[C@@H]1C[C@@H]2CCCC[C@@H]2CN1C[C@@H](O)[C@H](Cc1ccccc1)NC(=O)C1=CCCS(=O)(=O)C1,7.262012481689453,7.30429157441216,0.8196697281012795,0.7564102564102564,0.04227909272270658
rf,1616,CC[C@H](C)[C@H](NC(=O)[C@@H](C(C)C)C(O)C(O)[C@H](CC(C)C)NC(=O)[C@H](Cc1c[nH]cn1)NC(=O)[C@H](Cc1ccccc1)NC(=O)OC(C)(C)C)C(=O)NCc1ccccn1,7.2010040283203125,6.8708725110744515,1.0440535299777371,0.8043478260869565,0.330131517245861
rf,1894,COc1cc(CN2C(=O)N(Cc3ccc(O)c(OC)c3)N(C(=O)CCc3ccncc3)C[C@@H](O)[C@H]2Cc2ccccc2)ccc1O,8.920818328857422,7.926171690938805,1.0719330526214315,0.7162162162162162,0.994646637918617
rf,73,CC(C)(C)N(C[C@@H](O)[C@H](Cc1ccccc1)NC(=O)[C@H](CC(N)=O)NC(=O)OCc1ccccc1)C(=O)NCC1CCCCC1,7.537003517150879,7.146877477583706,0.8272341028795871,0.7777777777777778,0.39012603956717307
rf,1738,CNS(=O)(=O)Oc1cc(C(C)(C)C)c(SC2=C(O)OC(CCc3ccc(O)cc3)(C(C)C)CC2=O)cc1C,8.920818328857422,8.458528220518327,0.17534065273469712,0.8732394366197183,0.46229010833909534
rf,63,CC(=O)Nc1cc(C(C)(C)C)c(SC2=C(O)OC(CCc3ccccc3)(C(C)C)CC2=O)cc1C,8.455931663513184,8.23326438412632,0.32178984278279094,0.8823529411764706,0.22266727938686337
rf,1047,CC(C)[C@H](NC(=O)N(C)CCc1ccccn1)C(=O)N[C@@H](Cc1ccccc1)[C@@H](O)[C@H](O)[C@H](Cc1ccccc1)NC(=O)[C@H](NC(=O)N(C)CCc1ccccn1)C(C)C,8.28399658203125,7.759768748717457,0.4868574050241886,1.0,0.5242278333137929
rf,879,CC(C)CNC(=O)C(F)(F)C(=O)C(Cc1ccc(OCc2ccccc2)cc1)NC(=O)[C@@H](NC(=O)OCc1ccccc1)C(C)C,8.301030158996582,7.8434393331318555,0.6493642305909334,0.828125,0.45759082586472655
rf,45,CC(=O)N[C@H](C(=O)N[C@@H](Cc1ccccc1)[C@@H](O)CN(Cc1ccc(C#N)cc1)NC(=O)[C@@H](NC(C)=O)C(C)C)C(C)C,7.301030158996582,7.246759752978286,0.6679915019338352,0.8363636363636363,0.054270406018296136
rf,1100,CC(C)[C@H](NC(=O)OCc1ccccc1)C(=O)N[C@@H](Cc1ccccc1)[C@@H](O)CN(Cc1ccc(F)cc1)NC(=O)[C@@H](NC(=O)OCc1ccccc1)C(C)C,7.6575775146484375,6.696051546280379,1.2176860919261387,0.8947368421052632,0.9615259683680586
rf,2246,Cc1cc(SC2=C(O)OC(CCc3ccc(O)cc3)(C(C)C)CC2=O)c(C(C)(C)C)cc1NS(=O)(=O)N(C)C,8.443697929382324,8.5046431473712,0.2307937695821788,0.8472222222222222,0.0609452179888752
rf,2209,Cc1cc(SC2=C(O)OC(C)(CCc3ccc(O)cc3)CC2=O)c(C(C)(C)C)cc1NS(=O)(=O)c1ccc(F)cc1,8.431797981262207,8.29285611223342,0.35429409488221597,0.8666666666666667,0.13894186902878758
rf,80,CC(C)(C)NC(=O)C1(C)OC(O)=C(CCc2ccccc2)C1=O,4.15490198135376,4.234393651312787,0.7006977331887397,0.7142857142857143,0.0794916699590269
rf,1381,CCC(CC)NC(=O)C[C@@H](C(=O)NC[C@@H](O)[C@H](Cc1ccccc1)NC(=O)[C@H](CC(N)=O)NC(=O)c1ccc2ccccc2n1)C(C)(C)C,8.657577514648438,8.412266565344309,0.4953610218150254,0.8289473684210527,0.24531094930412856
rf,2281,Cc1cc(SC2=C(O)OC(CCc3ccc(O)cc3)(c3ccc(O)cc3)CC2=O)c(C(C)(C)C)cc1CO,6.92081880569458,8.375418146232366,0.2552726893218392,0.84375,1.4545993405377864
rf,178,CC(C)(C)NC(=O)[C@@H]1CN(Cc2cc3cnccc3o2)CCN1C[C@@H](O)C[C@@H](Cc1ccccc1)C(=O)N[C@H]1c2ccccc2C[C@H]1O,9.638272285461426,9.565551044013345,0.3508530087609452,1.0,0.07272124144808068
rf,944,CC(C)C[C@H](NC(=O)[C@H](Cc1ccccc1)C[C@H](O)[C@H](Cc1ccccc1)NC(=O)OC(C)(C)C)C(=O)NCCCN(C)C,7.638272285461426,8.213028984997003,0.5507375790311377,0.8059701492537313,0.5747566995355768
rf,2032,COc1ccc(S(=O)(=O)N(CC(C)C)C[C@@H](O)[C@H](Cc2ccccc2)NC(=O)c2coc3ccc(O)cc23)cc1,5.688246250152588,6.651915099979276,1.4067390962966435,0.8888888888888888,0.9636688498266883
rf,2729,O=c1cc(C(CC2CC2)CC2CC2)oc(O)c1C(c1cccc(NS(=O)(=O)c2ccc(F)cc2)c1)C1CC1,5.6575775146484375,5.544570874574655,0.4018193235568403,0.6756756756756757,0.1130066400737828
rf,1032,CC(C)[C@H](NC(=O)CC1NC(=O)NC1=O)C(=O)N[C@@H](Cc1ccccc1)[C@@H](O)[C@H](O)[C@H](Cc1ccccc1)NC(=O)[C@@H](NC(=O)CC1NC(=O)NC1=O)C(C)C,8.017728805541992,8.614422450877335,0.6747191552928002,0.7966101694915254,0.5966936453353426
rf,2063,COc1ccc(S(=O)(=O)N(C[C@@H](O)[C@H](Cc2ccccc2)NCCN2CCOCC2)C2CC2)cc1,6.7695512771606445,6.604375680309248,0.5556594424493657,0.8208955223880597,0.16517559685139638
rf,1422,CCCC1(CCc2ccccc2)OC(=O)C(C(CC)c2cccc(NS(=O)(=O)c3ccc(C#N)cn3)c2)=C(O)O1,8.522878646850586,7.498683352211921,0.42010289266649087,0.8157894736842105,1.0241952946386652
rf,2446,Cc1nnc(C[C@H](C[C@H](O)CN2CCN(C(C)(C)c3ncc(-c4ccc(Cl)cc4)o3)C[C@H]2C(=O)NCC(F)(F)F)C(=O)N[C@H]2CCOC[C@H]2O)o1,10.61092472076416,10.592886783304527,0.282536454864497,0.9090909090909091,0.018037937459633113
rf,1793,COC(=O)[C@@H](NC(=O)[C@H](CC(C)C)NC(=O)[C@@H](NC(=O)CCCOc1ccc2ccc(OCCCC(=O)N[C@@H](Cc3ccc(O)cc3)C(=O)N[C@@H](CCC(=O)OC(C)(C)C)C(=O)N[C@@H](CC(C)C)C(N)=O)cc2c1)C(C)C)C(C)C,5.958607196807861,5.842925558368409,0.6348489408847156,0.8734177215189873,0.1156816384394519
rf,2022,COc1ccc(S(=O)(=O)N(CC(C)C)C[C@@H](O)[C@H](Cc2ccccc2)NC(=O)c2cccc(O)c2C)cc1,8.522878646850586,7.571670062669217,0.9659018461473798,0.8153846153846154,0.9512085841813693
rf,727,CC(C)CCC[C@@H](C)[C@H]1CCC2C3CC=C4C[C@H](SC[C@@H]5CCN6CC[C@@H](CSCC(=O)NCC(=O)N[C@@H](C)C(=O)N[C@H](C(=O)N[C@@H](CC(C)C)C(=O)N[C@@H](CC(N)=O)C(=O)N[C@@H](Cc7ccccc7)C(=O)OCc7ccccc7)[C@@H](C)OCc7ccccc7)NC6=N5)CC[C@]4(C)C3CC[C@@]21C,5.522878646850586,5.749659760688931,1.016949667927043,0.6458333333333334,0.22678111383834487
rf,1999,COc1ccc(S(=O)(=O)N(CC(C)C)C[C@@H](O)[C@H](Cc2ccccc2)NC(=O)c2cc3cc(O)c(O)cc3[nH]2)cn1,6.07572078704834,6.174898792598896,0.519372600769878,0.8571428571428571,0.09917800555055578
rf,1688,CC[C@H](C)[C@H](NC(=O)[C@H](Cc1ccccc1)CC(O)C[C@@H](Cc1ccccc1)C(=O)N[C@H](C(=O)NCc1nc2ccccc2[nH]1)[C@@H](C)CC)C(=O)NCc1nc2ccccc2[nH]1,6.460409164428711,7.1269827196635225,1.0262013431966448,0.847457627118644,0.6665735552348115
rf,998,CC(C)[C@@H]1[C@H](OC(=O)N[C@@H](Cc2ccccc2)[C@H](O)CN2CCN(CCc3cccs3)C[C@H]2C(=O)NC(C)(C)C)CCS1(=O)=O,9.229147911071777,8.821973444779127,0.8098573692197658,0.8333333333333334,0.4071744662926502
rf,443,CC(C)(C)OC(=O)N[C@@H](Cc1ccccc1)C(O)[C@H](Cc1ccccc1)NC(=O)OC(C)(C)C,5.522878646850586,6.548082983170203,0.9265327794876054,0.9428571428571428,1.025204336319617
rf,1889,COc1cc(CCC(=O)N[C@@H](Cc2ccccc2)[C@H](O)CN(CC(C)C)S(=O)(=O)c2ccc(N)cc2)ccc1O,9.236572265625,8.248758682397803,0.8106104754485567,0.8591549295774648,0.9878135832271973
rf,322,CC(C)(C)NC(=O)[C@@H]1C[C@H](OCc2ccncc2)CCN1C[C@@H](O)[C@H](Cc1ccccc1)NC(=O)/C=C/c1ccccc1,4.958607196807861,6.462532826136957,0.6892561585050478,0.782051282051282,1.5039256293290952
rf,1740,CNc1ccc(S(=O)(=O)N(CC(C)C)C[C@@H](O)[C@H](Cc2ccccc2)NC(=O)[C@H]2CNCCO2)cc1,7.0448899269104,7.430738017695287,0.44188603873348936,0.8970588235294118,0.38584809078488647
rf,1716,CN(C)c1ccc(CNC(=O)[C@@H](NC(=O)Cc2ccccc2)[C@@H]2N[C@@H](C(=O)NCCNC(=O)[C@@H]3N[C@@H]([C@H](NC(=O)Cc4ccccc4)C(=O)NCc4ccc(N(C)C)cc4)SC3(C)C)C(C)(C)S2)cc1,7.327902317047119,8.531518568218184,1.1178303677840982,0.864406779661017,1.2036162511710646
rf,859,CC(C)CN([C@H](CO)CCCCNC(=O)[C@@H](NC(=O)OCc1cccnc1)C(c1ccccc1)c1ccccc1)S(=O)(=O)c1ccc(N)cc1,9.318758964538574,9.014262144906075,0.7780681322286548,0.8607594936708861,0.3044968196324991
rf,1278,CC1(C)S[C@H]([C@H](NC(=O)Cc2ccccc2)C(=O)NCCO)N[C@H]1C(=O)NCCNC(=O)[C@@H]1N[C@@H]([C@H](NC(=O)Cc2ccccc2)C(=O)NCCO)SC1(C)C,7.397940158843994,8.129945979785578,0.48534596442268285,0.8392857142857143,0.7320058209415841
rf,44,CC(=O)N[C@H](C(=O)N[C@@H](Cc1ccccc1)[C@@H](O)CN(CC1CCCCC1)NC(=O)[C@@H](NC(C)=O)C(C)C)C(C)C,8.045757293701172,7.488764280356062,0.6936261927879185,0.9016393442622951,0.5569930133451102
rf,2417,Cc1ccccc1COC(COCc1ccccc1F)C(O)C(O)C(COCc1ccccc1F)OCc1ccccc1C,6.096909999847412,5.8861434950147675,0.8136149647089221,0.7142857142857143,0.21076650483264459
rf,2337,Cc1ccc(C(=O)NC(C)(C)C)c(C[C@@H](O)[C@H](Cc2ccccc2)NC(=O)[C@H](CC(N)=O)NC(=O)c2ccc3ccccc3n2)c1,8.657577514648438,7.72911657324621,0.9026187641101943,0.8904109589041096,0.9284609414022276
rf,2353,Cc1ccc(C(C)C)c(SC2=C(O)OC(CCc3ccccc3)(c3ccccc3)CC2=O)c1,7.628637313842773,7.567831562884652,0.41747481331147107,1.0,0.060805750958121685
rf,1709,CN(C)C(=O)[C@@H](NC(=O)Cc1ccccc1)[C@@H]1N[C@@H](C(=O)NCCNC(=O)[C@@H]2N[C@@H]([C@H](NC(=O)Cc3ccccc3)C(=O)N(C)C)SC2(C)C)C(C)(C)S1,8.28399658203125,7.9112907237237,0.9999310233068927,0.8,0.3727058583075502
rf,535,CC(C)(C)OC(=O)N[C@@H](Cc1ccccc1)[C@@H](O)C[C@@H](Cc1ccccc1)C(=O)NC1c2ccccc2C(O)[C@@H]1O,10.0,9.511446577341214,0.6811951314512893,1.0,0.48855342265878576
rf,1725,CN(Cc1ccccc1)C(=O)[C@@H](NC(=O)Cc1ccccc1)[C@@H]1N[C@@H](C(=O)NCCNC(=O)[C@@H]2N[C@@H]([C@H](NC(=O)Cc3ccccc3)C(=O)N(C)Cc3ccccc3)SC2(C)C)C(C)(C)S1,6.086185932159424,7.92186935956368,0.9510146004634539,0.7586206896551724,1.8356834274042564
rf,2030,COc1ccc(S(=O)(=O)N(CC(C)C)C[C@@H](O)[C@H](Cc2ccccc2)NC(=O)c2coc3cc(O)c(O)cc23)cn1,5.866461277008057,6.845625948308046,1.3642423698705033,0.7530864197530864,0.9791646712999897
rf,1886,COc1cc(CC2=C(O)C(C)(C(=O)NC3CC3)OC2=O)cc(OC)c1OC,3.0,4.444295361615232,0.9623337206697177,0.4927536231884058,1.4442953616152323
rf,93,CC(C)(C)NC(=O)C1CN(Cc2cc3cccnc3o2)CCN1CC(O)CC(Cc1ccccc1)C(=O)NC1c2ccccc2CC1O,9.494850158691406,9.58144170028946,0.4833408797850939,0.8351648351648352,0.08659154159805382
rf,2786,O[C@@H]([C@H](O)[C@@H](Cc1ccccc1)OCc1ccccc1)[C@@H](Cc1ccccc1)OCc1ccccc1,4.301030158996582,5.002941858296084,0.6822819453777027,0.6774193548387096,0.7019116992995018
rf,175,CC(C)(C)NC(=O)[C@@H]1CN(Cc2cc3ccsc3s2)CCN1C[C@@H](O)C[C@@H](Cc1cccnc1)C(=O)N[C@H]1c2ccccc2C[C@H]1O,9.920818328857422,10.08296858476085,0.3548150973065035,0.8842105263157894,0.16215025590342869
rf,867,CC(C)CN([C@H](CO)CCCCNC(=O)[C@@H](NC(=O)c1ccccn1)C(c1ccccc1)c1ccccc1)S(=O)(=O)c1ccc(N)cc1,9.337242126464844,9.362331340038649,0.0719450630135712,0.8181818181818182,0.025089213573805225
rf,1010,CC(C)[C@@H]1[C@H](OC(=O)N[C@@H](Cc2ccccc2)[C@H](O)CN2CCN(Cc3cccs3)C[C@H]2C(=O)NC(C)(C)C)CCS1(=O)=O,9.221848487854004,9.362220199698593,0.9073968182382071,0.8555555555555555,0.14037171184458863
rf,196,CC(C)(C)NC(=O)[C@@H]1CN(Cc2cccnc2)CCN1C[C@@H](O)C[C@@H](Cc1ccncc1)C(=O)N[C@H]1c2ccccc2C[C@H]1O,8.769551277160645,9.077004891120412,0.600586508639563,0.9382716049382716,0.3074536139597672
rf,2149,C[C@H](O)CN(C[C@@H](O)[C@H](Cc1ccccc1)NC(=O)c1ccc(O)c(O)c1)S(=O)(=O)c1ccc([N+](=O)[O-])cc1,8.183095932006836,8.403189465675972,0.8600196801327019,1.0,0.22009353366913587
rf,1498,CCC[C@@]1(CCc2ccccc2)CC(O)=C([C@H](CC)c2cccc(NS(=O)(=O)c3ccc(C(F)(F)F)cn3)c2)C(=O)O1,7.522878646850586,7.146786473378854,0.6248143145370697,0.8375,0.37609217347173196
rf,2697,O=S1(=O)[C@H](Cc2ccccc2)[C@H](OCc2ccccc2)[C@H](O)[C@@H](O)[C@@H](OCc2ccccc2)[C@H]1Cc1ccccc1,9.221848487854004,6.28514918114912,1.7467855979458997,0.7560975609756098,2.9366993067048837
rf,1437,CCCCCC/C=C\CCCCCCCc1cc(O)cc(O)c1,5.585026741027832,4.764856857468923,0.8362838879290484,0.2830188679245283,0.8201698835589086
rf,1666,CC[C@H](C)[C@H](NC(=O)[C@H](CCC(N)=O)NC(=O)[C@@H]1CCCN1C(=O)CCCCCC/C=C/CCCCCCC(=O)N[C@H](CO)C(=O)N[C@@H](C(=O)N[C@H](CC(C)C)C(=O)N[C@H](CC(N)=O)C(=O)N[C@H](Cc1ccccc1)C(=O)O)[C@H](C)O)C(=O)N[C@H](C(=O)N[C@@H](CC(C)C)C(=O)N[C@@H](Cc1c[nH]c2ccccc12)C(=O)O)[C@@H](C)O,4.756961822509766,4.740796411007738,0.23781244365935922,1.0,0.016165411502027993
rf,2551,O=C(N[C@@H](Cc1ccccc1)[C@H](O)CN(C1CC1)S(=O)(=O)c1ccc(C(F)(F)F)cc1)OCCN1CCOCC1,6.92081880569458,7.0033451136698055,0.48396723017376037,0.8428571428571429,0.08252630797522542
rf,298,CC(C)(C)NC(=O)[C@@H]1C[C@@H]2CCC[C@@H]2CN1C[C@@H](O)[C@H](Cc1ccccc1)NC(=O)O[C@H]1CCOC1,7.214670181274414,6.642676668240605,0.48597119931020577,0.9710144927536232,0.5719935130338092
rf,543,CC(C)(C)OC(=O)N[C@@H](Cc1ccccc1)[C@@H](O)C[C@@H](Cc1ccccc1)C(=O)NCc1ccccc1,6.943057060241699,7.134288570135774,1.379786303168194,0.8333333333333334,0.19123150989407467
rf,1334,CCC(C)[C@@H](NC(=O)C(Cc1ccc(F)c(F)c1)NC(=O)CCCCCCCCCCCCCCC(=O)N[C@H](CC(=O)N[C@@H](Cc1ccccc1)C(=O)O)C(N)=O)C(=O)N[C@@H](Cc1ccccc1)C(N)=O,5.958607196807861,4.376369739674217,1.4206968605788688,0.8970588235294118,1.582237457133644
rf,354,CC(C)(C)NC(=O)c1ccccc1C[C@@H](O)[C@H](CSc1ccc2ccccc2c1)NC(=O)CCC(N)=O,7.096909999847412,7.913642719136418,1.3479936607117893,0.819672131147541,0.8167327192890061
rf,916,CC(C)C[C@H](NC(=O)CCCCCCCCCCCCCCC(=O)N[C@@H](CC(N)=O)C(=O)N[C@@H](Cc1ccccc1)C(=O)O)C(=O)N[C@@H](Cc1ccccc1)C(N)=O,4.958607196807861,5.48788562498359,0.722711295178885,0.8771929824561403,0.5292784281757283
rf,411,CC(C)(C)OC(=O)CN(Cc1ccccc1)C[C@@H](O)[C@H](Cc1ccccc1)NC(=O)OC(C)(C)C,5.329999923706055,6.1511479384668615,1.3605713928582313,0.6346153846153846,0.8211480147608068
rf,2407,Cc1cccc(C[C@H](NC(=O)c2cc(C)cc(O)c2C)[C@H](O)C(=O)N2C[C@@H](Cl)C[C@H]2C(=O)NC(C)(C)C)c1,8.886056900024414,8.799285611306704,0.4112147794884739,0.8840579710144928,0.0867712887177099
rf,1216,CC(C)c1ccccc1Sc1c(O)cc(-c2ccc(C(N)=O)cc2)oc1=O,6.86966609954834,7.016140227574168,0.34513077068621323,0.82,0.1464741280258286
rf,2233,Cc1cc(SC2=C(O)OC(CCc3ccc(N)cc3)(c3ccccc3)CC2=O)c(C(C)(C)C)cc1CO,8.508638381958008,8.410841009977677,0.3836509430808472,0.8923076923076924,0.0977973719803309
rf,430,CC(C)(C)OC(=O)N[C@@H](Cc1ccc(O)cc1)C(=O)N1CCC(=O)[C@H]1Sc1ccccc1,7.585026741027832,7.131433077135707,1.020123412778847,1.0,0.45359366389212497
rf,2510,O=C(/C=C/C[N+]1([O-])CCC(O)(c2ccc(Cl)cc2)CC1)c1ccc(F)cc1,4.522878646850586,4.437053417642118,0.8766803979161353,0.6363636363636364,0.08582522920846802
rf,1116,CC(C)[C@H](NC(=O)OCc1ccccc1)C(=O)N[C@@H](Cc1ccccc1)[C@H](O)[C@@H](O)[C@H](Cc1ccccc1)NC(=O)[C@H](NC(=O)OCc1ccccc1)C(C)C,9.42021656036377,9.3131025624894,0.14228792469555865,1.0,0.10711399787436982
rf,1127,CC(C)[C@H](NC(=O)OCc1cccnc1)C(=O)N[C@@H](Cc1ccccc1)[C@@H](O)[C@H](Cc1ccccc1)NC(=O)[C@H](NC(=O)OCc1ccccc1)C(C)C,8.397939682006836,8.29786774143281,0.3743554180944886,0.9411764705882353,0.10007194057402558
rf,415,CC(C)(C)OC(=O)NC(CC(N)=O)C(=O)N[C@@H](Cc1ccccc1)C(O)CN[C@@H](Cc1ccccc1)C(=O)NC1c2ccccc2C[C@H]1O,6.530178070068359,5.827860377463188,0.8704155930069255,0.8405797101449275,0.7023176926051713
rf,1596,CC[C@H](C)[C@@H](NC(=O)[C@@H](NC(=O)CCCCCCCCCCCCCCC(=O)N[C@H](CC(=O)N[C@@H](Cc1ccccc1)C(=O)O)C(N)=O)[C@H](C)O)C(=O)N[C@@H](Cc1cc(I)c(O)c(I)c1)C(N)=O,3.130768299102783,6.525203826004908,1.1976770759691384,0.8769230769230769,3.394435526902125
rf,610,CC(C)(C)OC(=O)N[C@@H](Cc1ccccc1)[C@H](O)CNC[C@@H](O)[C@H](Cc1ccc(OCc2nc3ccccc3o2)cc1)NC(=O)OC(C)(C)C,6.494850158691406,6.998364118918438,0.6760197064368486,0.6615384615384615,0.503513960227032
rf,2690,O=S(=O)(c1ccccc1)c1c(-n2ccnc2)[nH]c2ccc(Cl)cc12,5.622511386871338,7.359125298997298,0.9268361540509492,0.543859649122807,1.7366139121259598
rf,1865,COc1cc(/C=C/C(=O)N[C@@H](Cc2ccccc2)[C@H](O)CN(CC(C)C)S(=O)(=O)c2ccc(N)cc2)ccc1O,8.510041236877441,7.877735098798311,0.8951388042918954,0.9,0.6323061380791302
rf,518,CC(C)(C)OC(=O)N[C@@H](Cc1ccccc1)[C@@H](O)C[C@@H](Cc1ccc(OCCN2CCOCC2)cc1)C(=O)N[C@H]1c2ccccc2C[C@H]1O,9.346787452697754,9.193862414320797,0.418431288038459,0.9375,0.15292503837695648
rf,2129,C[C@@H]1CS(=O)(=O)C[C@@H]1OC(=O)N[C@@H](Cc1ccccc1)[C@H](O)CN1C[C@H]2CCCC[C@H]2C[C@H]1C(=O)NC(C)(C)C,6.665546417236328,7.215714164903047,0.5573307266983515,1.0,0.5501677476667188
rf,2258,Cc1cc(SC2=C(O)OC(CCc3ccc(O)cc3)(C(C)C)CC2=O)c(C(C)(C)C)cc1OS(=O)(=O)N1CCN(C)CC1,8.508638381958008,8.575254308459327,0.2977060425837515,0.8974358974358975,0.06661592650131887
rf,70,CC(C)(C)CC(SC1CCCCC1)c1c(O)cc(-c2ccccc2)oc1=O,6.522878646850586,6.6762043861954385,0.470416758585869,0.7636363636363637,0.1533257393448526
rf,2663,O=C1CC(c2ccccc2)OC(O)=C1SCCc1ccccc1,5.677780628204346,5.2564877817525115,0.8147831828663079,0.7857142857142857,0.4212928464518342
rf,2173,Cc1c(O)cc(F)cc1C(=O)N[C@@H](Cc1cccc(C(F)(F)F)c1)[C@H](O)C(=O)N1C[C@@H](Cl)C[C@H]1C(=O)NC(C)(C)C,8.677781105041504,8.714855791077532,0.48481775906331875,0.881578947368421,0.03707468603602848
rf,2649,O=C1CC(CCCCO)(c2ccccc2)OC(O)=C1SCc1ccccc1,5.899629592895508,6.74233750917,0.47992165673668624,0.82,0.8427079162744926
rf,414,CC(C)(C)OC(=O)N1CCC[C@H]1C(=O)Nc1cccc(C(c2c(O)c3c(oc2=O)CCCCCC3)C2CC2)c1,4.534616947174072,4.597823157375774,0.6786243584751621,0.6923076923076923,0.06320621020170147
rf,56,CC(=O)N[C@H](CS(=O)(=O)c1ccc2ccccc2c1)C(=O)N[C@@H](Cc1ccccc1)[C@H](O)Cc1ccccc1C(=O)NC(C)(C)C,9.522878646850586,9.143279776365485,0.5253244899971584,1.0,0.37959887048510055
rf,1322,CC1=C(CCC(=O)O)c2cc3[nH]c(cc4[nH]c(cc5nc(cc1n2)C(C)=C5C(COC(=O)C1=CC1)OC(=O)C1=CC1)c(C)c4C(COC(=O)C1=CC1)OC(=O)C1=CC1)c(C)c3CCC(=O)O,4.92081880569458,5.483510717857898,0.8162068200175843,0.8888888888888888,0.5626919121633183
rf,1553,CCNC(=O)[C@@H](NC(=O)c1ccccc1Cc1ccccc1)[C@@H]1N[C@@H](C(=O)NCCNC(=O)[C@@H]2N[C@@H]([C@H](NC(=O)c3ccccc3Cc3ccccc3)C(=O)NCC)SC2(C)C)C(C)(C)S1,7.142667293548584,7.650856710957868,1.0620111047537393,0.75,0.5081894174092838
rf,1228,CC(C)c1ccccc1Sc1c(O)cc(-c2cccc(O)c2)oc1=O,7.050610065460205,7.220937643414618,0.4264526605692228,0.8297872340425532,0.17032757795441267
rf,2256,Cc1cc(SC2=C(O)OC(CCc3ccc(O)cc3)(C(C)C)CC2=O)c(C(C)(C)C)cc1OS(=O)(=O)Cn1ccnc1,8.619789123535156,8.595424976918808,0.1295219032113411,0.9036144578313253,0.02436414661634778
rf,2703,O=c1c(CCCO)c(O)oc2ccccc12,4.065501689910889,4.74509938412626,1.3554635167889797,0.6222222222222222,0.6795976942153716
rf,309,CC(C)(C)NC(=O)[C@@H]1C[C@@H]2SCC[C@@H]2CN1C[C@@H](O)[C@H](Cc1ccccc1)NC(=O)[C@@H](CS(=O)(=O)c1ccc2ccccc2c1)NS(C)(=O)=O,9.698969841003418,9.34007235255262,0.22190963369024005,0.8735632183908046,0.3588974884507987
rf,1938,COc1ccc(S(=O)(=O)N(CC(C)C)C[C@@H](O)[C@H](Cc2ccccc2)NC(=O)/C=C/c2cc(OC)c(O)c(OC)c2)cc1,7.882728576660156,7.375310584774096,0.5915792974214042,0.8823529411764706,0.5074179918860606
rf,803,CC(C)CN(C[C@@H](O)[C@H](Cc1ccccc1)NC(=O)[C@H](CC(N)=O)NC(=O)c1ccc2ccccc2n1)C(=O)NC(C)(C)C,8.221848487854004,8.243685008644682,0.4568778776555468,1.0,0.02183652079067855
rf,2012,COc1ccc(S(=O)(=O)N(CC(C)C)C[C@@H](O)[C@H](Cc2ccccc2)NC(=O)c2cc3ccc(OC)cc3oc2=O)cc1,7.33068323135376,7.031920966119645,0.4836848534112858,0.9027777777777778,0.29876226523411464
rf,1221,CC(C)c1ccccc1Sc1c(O)cc(-c2ccc(O)cc2)oc1=O,7.267606258392334,7.034862169957309,0.4401843925539503,0.8604651162790697,0.23274408843502492
rf,1517,CCCc1nnc(C[C@H](C[C@H](O)CN2CCN(Cc3ccc(-c4ccc(Cl)cc4)o3)C[C@H]2C(=O)NCC(F)(F)F)C(=O)N[C@H]2CCOC[C@H]2O)o1,11.0,10.701993922376634,0.3043884897844482,0.8787878787878788,0.2980060776233664
rf,755,CC(C)CN(C[C@@H](O)[C@H](Cc1ccccc1)NC(=O)CN1CCS(=O)(=O)CC1)S(=O)(=O)c1ccc(O)cc1,7.974284648895264,8.340943385721836,0.6599090398881085,0.8507462686567164,0.36665873682657235
rf,1041,CC(C)[C@H](NC(=O)CSc1ncccn1)C(=O)N[C@@H](Cc1ccccc1)[C@@H](O)[C@H](O)[C@H](Cc1ccccc1)NC(=O)[C@@H](NC(=O)CSc1ncccn1)C(C)C,7.79587984085083,8.67116504918242,0.504308541446166,0.7857142857142857,0.8752852083315901
rf,599,CC(C)(C)OC(=O)N[C@@H](Cc1ccccc1)[C@H](O)CNC[C@@H](O)[C@H](Cc1ccc(OCC(O)c2ccccn2)cc1)NC(=O)OC(C)(C)C,6.958607196807861,7.105947528234539,0.26593769679004003,0.75,0.1473403314266779
rf,1361,CCC(C)c1ccccc1SC1=C(O)OC(CCc2ccccc2)(c2ccccc2)CC1=O,8.0,7.453804800942257,0.3024781063084849,0.8392857142857143,0.5461951990577427
rf,1800,COC(=O)[C@@H](NC(=O)[C@H](CC(C)C)NC(=O)[C@@H]1CCCN1C[C@H](O)[C@H](Cc1ccccc1)NC(=O)[C@H](CC(N)=O)NC(=O)OC(C)(C)C)C(C)C,6.071000099182129,7.487197447283616,0.6014765130345147,1.0,1.4161973481014867
rf,124,CC(C)(C)NC(=O)[C@@H]1CCCCN1C[C@@H](O)[C@H](Cc1ccccc1)NC(=O)[C@H](CC(N)=O)NC(=O)c1ccc2ccccc2n1,8.0,8.625144620806402,0.2757361870195982,1.0,0.6251446208064024
rf,1177,CC(C)[C@H]1SCC[C@H]1OC(=O)N[C@@H](Cc1ccccc1)[C@H](O)CN1C[C@H]2CCS[C@H]2C[C@H]1C(=O)NC(C)(C)C,9.585026741027832,8.582792980390943,0.3771920643068429,1.0,1.002233760636889
rf,1888,COc1cc(CCC(=O)N[C@@H](Cc2ccccc2)[C@H](O)CN(CC(C)C)S(=O)(=O)c2ccc(N)cc2)c(OC)cc1O,7.161717891693115,7.080724407696517,0.47789879895511417,0.8857142857142857,0.08099348399659867
rf,331,CC(C)(C)NC(=O)[C@H](CC1CCCCC1)N1CCC[C@](O)([C@H](Cc2ccccc2)NC(=O)OC(C)(C)C)C1,4.0,4.288834793051494,0.7427254744624027,0.7714285714285715,0.2888347930514943
rf,527,CC(C)(C)OC(=O)N[C@@H](Cc1ccccc1)[C@@H](O)C[C@@H](Cc1ccc([N+](=O)[O-])cc1)C(=O)N[C@H]1c2ccccc2C[C@H]1O,9.568635940551758,9.555743384152503,0.15522660733728907,1.0,0.012892556399254573
rf,1657,CC[C@H](C)[C@H](NC(=O)[C@H](C(C)C)[C@@H](O)[C@H](O)[C@H](CC1CCCCC1)NC(=O)c1ncccc1OCSc1ccccc1)C(=O)NCc1nc2ccccc2[nH]1,6.502006530761719,7.141322770402509,1.094680277384738,0.8681318681318682,0.6393162396407899
rf,2716,O=c1cc(-c2ccccc2)oc(O)c1C(SC1CCCC1)C1CCCC1,6.647817611694336,6.435647142550848,0.5525313882664222,0.74,0.21217046914348803
rf,1922,COc1ccc(CC(=O)N[C@@H](Cc2ccccc2)[C@H](O)CN(CC(C)C)S(=O)(=O)c2ccc(SC)cc2)cc1OC,6.767004013061523,6.865337419669498,0.42577850637552594,0.8840579710144928,0.09833340660797418
rf,2037,COc1ccc(S(=O)(=O)N(CC(C)C)C[C@@H](O)[C@H](Cc2ccccc2)n2cc(CNC(=O)c3ccncc3)nn2)cc1,8.0,7.500350650634293,1.1887787240007863,0.6551724137931034,0.4996493493657068
rf,962,CC(C)[C@@H](C(=O)N[C@H]1Cc2ccccc2[C@H]1O)[C@@H](O)[C@H](O)[C@H](CC1CCCCC1)NC(=O)c1ccccc1OCSc1ccccc1,6.346999645233154,6.583506510564372,1.204170699139899,0.8292682926829268,0.23650686533121767
rf,1907,COc1ccc(-c2cc(O)c(Sc3ccccc3C(C)C)c(=O)o2)cc1,7.0809221267700195,6.917789271199027,0.5202062728285992,0.7872340425531915,0.16313285557099277
rf,1846,COCCOCCC(CCOCCOC)c1cc(O)c(C(c2cccc(NS(=O)(=O)c3cn(C)cn3)c2)C2CC2)c(=O)o1,5.522878646850586,5.40109675470145,0.5092987134031536,0.935064935064935,0.12178189214913626
rf,1701,CCc1cccc(-c2cc(O)c(Sc3ccccc3C(C)C)c(=O)o2)c1,6.581698894500732,7.139207843503667,0.48671635446204836,0.7647058823529411,0.5575089490029344
rf,1451,CCCCCCCCCCCCCCC[C@H](C[C@H](O)[C@H](Cc1ccccc1)NC(=O)OC(C)(C)C)C(=O)N[C@H]1c2ccccc2C[C@H]1O,5.522878646850586,8.695291289861036,0.8778456249169643,0.835820895522388,3.17241264301045
rf,1650,CC[C@H](C)[C@H](NC(=O)[C@H](C(C)C)C(O)[C@H](O)[C@H](CC1CCCCC1)NC(=O)c1ccccc1OCOc1ccccc1)C(=O)NCc1nc2ccccc2[nH]1,7.744968891143799,7.318793810857567,0.911622069261286,0.8461538461538461,0.42617508028623163
rf,945,CC(C)C[C@H](NC(=O)[C@H](Cc1ccccc1)C[C@H](O)[C@H](Cc1ccccc1)NC(=O)OC(C)(C)C)C(=O)NCCO,8.677781105041504,8.593710185712887,0.7236512121740235,0.8666666666666667,0.08407091932861732
rf,1207,CC(C)c1ccccc1SC1=C(O)OC(CCCCC(=O)NCc2ccccc2)(c2ccccc2)CC1=O,7.585026741027832,7.070111769366231,0.25660623976927055,0.9516129032258065,0.514914971661601
rf,2378,Cc1ccc(S(=O)(=O)[C@H](C)NC(=O)N[C@H](C(=O)N[C@@H](Cc2ccccc2)[C@@H](O)C(=O)N[C@H]2Cc3ccc(cc3)OCCCNC(=O)[C@H](C(C)C)NC2=O)C(C)C)cc1,7.886056423187256,7.295850583693337,1.133124942859254,0.7263157894736842,0.5902058394939189
rf,2346,Cc1ccc(C(C)(C)C)c(SC2=C(O)OC(CCc3ccccc3)(c3ccc(N)cc3)CC2=O)c1,7.494850158691406,7.68251684877656,0.44625177828629153,0.9354838709677419,0.18766669008515358
rf,1036,CC(C)[C@H](NC(=O)CCc1cccnc1)C(=O)N[C@@H](Cc1ccccc1)C(O)[C@H](Cc1ccccc1)NC(=O)[C@H](NC(=O)CCc1cccnc1)C(C)C,7.6575775146484375,8.273730896998305,0.5615287507487196,0.7142857142857143,0.6161533823498679
rf,2269,Cc1cc(SC2=C(O)OC(CCc3ccc(O)cc3)(C3CCCC3)CC2=O)c(C(C)(C)C)cc1N,8.221848487854004,8.107635801766234,0.3038808965327749,0.9365079365079365,0.11421268608776991
rf,1965,COc1ccc(S(=O)(=O)N(CC(C)C)C[C@@H](O)[C@H](Cc2ccccc2)NC(=O)Cc2ccc(OC)c(O)c2)cc1,8.401209831237793,7.637180719539404,0.5302426591134586,0.8939393939393939,0.764029111698389
rf,1161,CC(C)[C@H](NC(=O)c1ccc2ccccc2n1)C(=O)N[C@@H](Cc1ccccc1)[C@@H](O)CN(Cc1ccccc1)NC(=O)[C@H](NC(=O)c1ccc2ccccc2n1)C(C)C,7.187086582183838,7.612789217717438,0.9859652350992438,0.7333333333333333,0.4257026355336002
rf,233,CC(C)(C)NC(=O)[C@@H]1C[C@@H]2CCCC[C@@H]2CN1C[C@@H](O)C[C@@H](Cc1ccccc1)C(=O)N[C@H]1c2ccccc2CC1O,8.119987487792969,8.029231990387466,0.4978995359629132,1.0,0.09075549740550315
rf,1149,CC(C)[C@H](NC(=O)[C@H](Cc1ccccc1)C[C@H](O)[C@H](Cc1ccccc1)NC(=O)OC(C)(C)C)C(=O)NCc1ccccc1,9.619789123535156,9.056543406795594,0.4363597560247381,0.8983050847457628,0.5632457167395621
rf,786,CC(C)CN(C[C@@H](O)[C@H](Cc1ccccc1)NC(=O)Oc1c2occc2cc2ccc(=O)oc12)S(=O)(=O)c1ccc([N+](=O)[O-])cc1,8.815308570861816,7.554004841149657,1.4133895675208483,0.6477272727272727,1.261303729712159
rf,432,CC(C)(C)OC(=O)N[C@@H](Cc1ccc(O)cc1)[C@@H](O)C[C@@H](Cc1ccc(O)cc1)C(=O)NC1c2ccccc2C[C@H]1O,9.823908805847168,9.848902048822847,0.3605824794714608,0.967741935483871,0.024993242975678953
rf,979,CC(C)[C@@H]1NC(=O)[C@@H](NC(=O)[C@@H](O)[C@H](Cc2ccccc2)NC(=O)OC(C)(C)C)Cc2ccc(cc2)OCCCNC1=O,7.0,6.6576868521127155,0.7759515710830631,1.0,0.3423131478872845
rf,1017,CC(C)[C@H](CCc1ccccc1)NC(=O)C(F)(F)C(=O)C(Cc1ccc(OCc2ccccc2)cc1)NC(=O)[C@@H](NC(=O)OCc1ccccc1)C(C)C,7.886056423187256,6.964266332668628,0.8483030243084468,0.8260869565217391,0.9217900905186278
rf,2203,Cc1cc(SC2=C(O)OC(C)(CCc3ccc(O)cc3)CC2=O)c(C(C)(C)C)cc1N,7.951892852783203,8.409688211592036,0.20186792961447497,0.7936507936507936,0.4577953588088324
rf,387,CC(C)(C)NC(=O)c1ccccc1C[C@@H](O)[C@H](Cc1ccccc1)NC(=O)[C@H](C[S+]([O-])c1cccc2ccccc12)NS(C)(=O)=O,9.346787452697754,8.676487708469494,0.7129032261821638,0.8028169014084507,0.6702997442282594
rf,2282,Cc1cc(SC2=C(O)OC(CCc3ccc(O)cc3)(c3ccccc3)CC2=O)c(C(C)(C)C)cc1CO,8.769551277160645,8.30837156397897,0.2414711325525587,0.9206349206349206,0.46117971318167506
rf,602,CC(C)(C)OC(=O)N[C@@H](Cc1ccccc1)[C@H](O)CNC[C@@H](O)[C@H](Cc1ccc(OCCCc2nc3ccccc3o2)cc1)NC(=O)OC(C)(C)C,6.552842140197754,7.234014492004948,0.7770198417859542,0.6617647058823529,0.6811723518071942
rf,436,CC(C)(C)OC(=O)N[C@@H](Cc1ccc(OCCN2CCOCC2)cc1)[C@@H](O)C[C@@H](Cc1ccccc1)C(=O)NC1c2ccccc2C[C@H]1O,9.259636878967285,9.193862414320797,0.418431288038459,0.9375,0.06577446464648773
rf,368,CC(C)(C)NC(=O)c1ccccc1C[C@@H](O)[C@H](Cc1ccccc1)NC(=O)[C@H](CS(=O)(=O)Cc1ccccc1)NS(C)(=O)=O,7.712198257446289,7.94344839066207,0.9963665734432303,0.8125,0.2312501332157808
rf,1377,CCC(CC)NC(=O)C[C@@H](C(=O)NC[C@@H](O)[C@H](Cc1ccccc1)NC(=O)[C@@H](NC(=O)c1ccc2ccccc2n1)[C@H](C)O)C(C)(C)C,8.443697929382324,8.534150938872035,0.3548504683498545,0.8243243243243243,0.09045300948971047
rf,1128,CC(C)[C@H](NC(=O)OCc1cccnc1)C(=O)N[C@@H](Cc1ccccc1)[C@@H](O)[C@H](O)[C@H](Cc1ccccc1)NC(=O)[C@H](NC(=O)OCc1cccnc1)C(C)C,9.0,8.976940389078935,0.1601112209550627,1.0,0.023059610921064788
rf,1486,CCCNC(=O)[C@@H](NC(=O)Cc1ccccc1)[C@@H]1N[C@@H](C(=O)N(C)CCN(C)C(=O)[C@@H]2N[C@@H]([C@H](NC(=O)Cc3ccccc3)C(=O)NCC)SC2(C)C)C(C)(C)S1,7.958607196807861,6.031932299771591,1.6463459654510118,0.71875,1.9266748970362704
rf,1748,COC(=O)NC(C(=O)NN(CC(C)C)C[C@H](O)[C@H](Cc1ccccc1)NC(=O)[C@H](CC(N)=O)NC(=O)c1ccc2ccccc2n1)C(C)C,7.638272285461426,7.525464915945001,0.3969660904127658,0.8846153846153846,0.11280736951642467
rf,2021,COc1ccc(S(=O)(=O)N(CC(C)C)C[C@@H](O)[C@H](Cc2ccccc2)NC(=O)c2cccc(N)c2C)cc1,8.221848487854004,7.7331294640792905,0.6426373162041337,0.803030303030303,0.48871902377471343
rf,2306,Cc1cc(SC2=C(O)OC(CCc3ccco3)(C(C)C)CC2=O)c(C(C)(C)C)cc1CO,9.107905387878418,9.069013395228188,0.4133767506260013,0.7605633802816901,0.03889199265023002
rf,471,CC(C)(C)OC(=O)N[C@@H](Cc1ccccc1)[C@@H](O)CCC(=O)N[C@@H]1c2ccccc2C[C@H]1O,5.5320000648498535,5.705934468372219,0.49989344277033687,1.0,0.17393440352236578
rf,676,CC(C)(c1cc2cnccc2o1)N1CCN(C[C@@H](O)C[C@@H](Cc2ccccc2)C(=O)N[C@H]2c3ccccc3OC[C@H]2O)[C@H](C(=O)NCC(F)(F)F)C1,8.795880317687988,9.452366435494081,0.4820431735909315,0.9183673469387755,0.656486117806093
rf,2629,O=C(OC1COc2cc(O)cc(O)c2C1)c1cccc(O)c1O,4.0,5.180588167398103,0.7390996223588604,0.8478260869565217,1.1805881673981027
rf,29,CC(=O)N[C@@H](CS(=O)(=O)c1ccc2ccccc2n1)C(=O)N[C@@H](Cc1ccccc1)[C@H](O)Cc1ccccc1C(=O)NC(C)(C)C,9.537859916687012,8.822464422744275,0.7099510764810245,0.8472222222222222,0.7153954939427365
rf,1795,COC(=O)[C@@H](NC(=O)[C@H](CC(C)C)NC(=O)[C@@H](NC(=O)CCCOc1ccc2ccc(OCCCC(=O)N[C@H](C(=O)N[C@@H](CC(C)C)C(=O)N[C@H](C(=O)OC)C(C)C)C(C)C)cc2c1)C(C)C)C(C)C,5.577450752258301,5.498244415897603,0.2934963394370774,0.896551724137931,0.07920633636069763
rf,819,CC(C)CN(C[C@@H](O)[C@H](Cc1ccccc1)NC(=O)c1cc2ccc(O)cc2o1)S(=O)(=O)c1ccc(N)cc1,5.515700340270996,5.883854694739052,0.9512600226423912,0.855072463768116,0.36815435446805633
rf,1285,CC1(C)S[C@H]([C@H](NC(=O)Cc2ccccc2)C(=O)NCc2ccccc2)N[C@H]1C(=O)NCCO,3.744727611541748,7.480540954355244,1.3695428548510302,0.9090909090909091,3.735813342813496
rf,2794,[N-]=[N+]=N[C@]1(CO)O[C@@H](n2ccc(N)nc2=O)[C@@H](O)[C@@H]1O,6.767004013061523,5.570542487350859,0.81615591813177,1.0,1.1964615257106646
rf,790,CC(C)CN(C[C@@H](O)[C@H](Cc1ccccc1)NC(=O)[C@@H](C[S+]([O-])c1ccc2ccccc2c1)NS(C)(=O)=O)C(=O)NC(C)(C)C,8.677781105041504,8.377796704070738,1.2876592518384575,0.7,0.2999844009707662
rf,2304,Cc1cc(SC2=C(O)OC(CCc3ccccn3)(C(C)C)CC2=O)c(C(C)(C)C)cc1CO,8.920818328857422,8.739281717718939,0.5770119130467164,0.7567567567567568,0.1815366111384833
rf,188,CC(C)(C)NC(=O)[C@@H]1CN(Cc2ccccc2)CCN1C[C@@H](O)C[C@@H](Cc1ccccc1)C(=O)NC1c2ccccc2C[C@H]1O,9.522878646850586,9.008700057760535,0.5490426206325993,0.92,0.5141785890900508
rf,170,CC(C)(C)NC(=O)[C@@H]1CN(Cc2cc(Br)cs2)CCN1C[C@@H](O)C[C@@H](Cc1ccncc1)C(=O)N[C@H]1c2ccccc2C[C@H]1O,9.95860767364502,10.041030591117012,0.6092143218867586,0.8791208791208791,0.08242291747199282
rf,324,CC(C)(C)NC(=O)[C@@H]1C[C@H](OCc2ccncc2)CCN1C[C@@H](O)[C@H](Cc1ccccc1)NC(=O)CCc1ccccc1,5.853871822357178,6.326086664131023,1.336505532570634,0.9178082191780822,0.47221484177384543
rf,43,CC(=O)N[C@H](C(=O)N[C@@H](Cc1ccccc1)[C@@H](O)CN(CC(C)C)NC(=O)[C@@H](NC(C)=O)C(C)C)C(C)C,7.346787452697754,7.589308442993872,0.6527918631958851,0.86,0.24252099029611784
rf,87,CC(C)(C)NC(=O)C1CC2CCCCC2CN1C[C@H](O)[C@H](Cc1ccccc1)NC(=O)[C@H](CC(N)=O)NC(=O)OCc1ccccc1,7.0,7.770780074647501,0.5969864364019347,1.0,0.7707800746475009
rf,544,CC(C)(C)OC(=O)N[C@@H](Cc1ccccc1)[C@@H](O)C[C@@H](Cc1ccccc1)C(=O)N[C@@H](CC1CCCCC1)C(N)=O,7.193819999694824,6.965798030629654,1.2597876841700029,0.7704918032786885,0.22802196906517036
rf,2313,Cc1cc(SC2=C(O)OC(CCc3cncs3)(C(C)C)CC2=O)c(C(C)(C)C)cc1CO,9.619789123535156,8.710619928372923,0.5825671971468508,0.7746478873239436,0.9091691951622334
rf,282,CC(C)(C)NC(=O)[C@@H]1C[C@@H]2CCCC[C@@H]2CN1C[C@@H](O)[C@H](Cc1ccccc1)NC(=O)[C@@H](NC(=O)c1cnccn1)[C@H]1CCOC1,8.548213958740234,8.78171362277257,1.3562203414202407,0.8131868131868132,0.23349966403233502
rf,2410,Cc1ccccc1-c1cc(O)c(SCc2ccccc2)c(=O)o1,4.848936557769775,5.633785757166759,0.5319617247642395,0.723404255319149,0.7848491993969837
rf,1075,CC(C)[C@H](NC(=O)N1CCN(Cc2ccccc2)CC1)C(=O)N[C@@H](Cc1ccccc1)[C@H](O)[C@H](O)[C@H](Cc1ccccc1)NC(=O)[C@H](NC(=O)N1CCN(Cc2ccccc2)CC1)C(C)C,8.045757293701172,8.20397186403226,0.5505962031901009,0.7884615384615384,0.1582145703310882
rf,2295,Cc1cc(SC2=C(O)OC(CCc3ccccc3)(C(C)C)CC2=O)c(C(C)(C)C)cc1OS(=O)(=O)c1ccccn1,8.173925399780273,8.156016490789371,0.319074523042389,0.7831325301204819,0.01790890899090236
rf,2274,Cc1cc(SC2=C(O)OC(CCc3ccc(O)cc3)(C3CCCCC3)CC2=O)c(C(C)(C)C)cc1OS(=O)(=O)N(C)C,7.698969841003418,8.072053436658111,0.3290938406209322,0.8024691358024691,0.37308359565469296
rf,2092,COc1cncc(-c2cnc(C(C)(C)N3CCN(C[C@@H](O)C[C@@H](Cc4ccccc4)C(=O)N[C@H]4c5ccccc5OC[C@H]4O)[C@H](C(=O)NCC(F)(F)F)C3)o2)c1,10.698969841003418,9.687248848976378,0.6459929284658557,0.8380952380952381,1.0117209920270405
rf,1580,CCOC(=O)c1cnc2oc(CN3CCN(CC(O)CC(Cc4ccccc4)C(=O)NC4c5ccccc5CC4O)C(C(=O)NC(C)(C)C)C3)cc2c1,9.568635940551758,9.037074615545936,0.7562833519966706,0.7669902912621359,0.5315613250058213
rf,2290,Cc1cc(SC2=C(O)OC(CCc3ccccc3)(C(C)C)CC2=O)c(C(C)(C)C)cc1NS(=O)(=O)c1ccccn1,8.522878646850586,8.465004616703716,0.22037678983192632,0.922077922077922,0.05787403014686987
rf,149,CC(C)(C)NC(=O)[C@@H]1CN(C(=O)OCc2ccccc2)CCN1C[C@@H](O)[C@H](Cc1ccccc1)NC(=O)O[C@H]1CCOC1,7.723538398742676,5.574039582163293,0.8155474222483339,1.0,2.149498816579383
rf,1783,COC(=O)[C@@H](NC(=O)[C@@H](/N=C(\S)[C@H](Cc1ccccc1)NC(=O)[C@H](Cc1ccccc1)NC(=O)[C@H](C)NC(=O)[C@H](C)NC(=O)OC(C)(C)C)C(C)C)C(C)C,3.698970079421997,4.800622109049188,0.5959269464887312,0.8571428571428571,1.101652029627191
rf,2374,Cc1ccc(O)c(C)c1C(=O)N[C@@H](Cc1cccc(C(F)(F)F)c1)[C@H](O)C(=O)N1C[C@@H](Cl)C[C@H]1C(=O)NC(C)(C)C,8.337242126464844,8.466863602341697,0.38207339764385334,0.84,0.1296214758768528
rf,1417,CCCC1(CCc2ccccc2)CC(=O)C(C(c2cccc(NS(=O)(=O)c3ccc(N)cn3)c2)C(C)(C)C)=C(O)O1,6.638272285461426,6.859019476753789,0.8404932671845566,0.8395061728395061,0.22074719129236353
rf,2725,O=c1cc(-c2ccccc2)oc(O)c1SCc1ccccc1,5.7695512771606445,5.845442300377951,0.42151262070497353,0.868421052631579,0.07589102321730667
rf,2523,O=C(Cc1ccccc1)Nc1cccc(C(c2c(O)oc3c(c2=O)CCCCCC3)C2CC2)c1,4.761953830718994,4.767304529724355,0.4559472000341026,0.7903225806451613,0.005350699005361115
rf,2386,Cc1cccc(C)c1CCC(=O)N[C@@H](Cc1ccccc1)[C@H](O)CN1CC[C@@H](OCc2ccncc2)C[C@H]1C(=O)NC(C)(C)C,5.619788646697998,5.888475654982385,0.7402889521571143,0.8734177215189873,0.2686870082843873
rf,134,CC(C)(C)NC(=O)[C@@H]1CCCN1C(=O)[C@@H](O)[C@H](Cc1ccccc1)NC(=O)[C@H](CC(N)=O)NC(=O)COc1cccc2ccccc12,9.236796379089355,8.230937705892329,0.9981990282419548,0.8048780487804879,1.005858673197027
rf,1125,CC(C)[C@H](NC(=O)OCc1cccnc1)C(=O)N[C@@H](Cc1ccccc1)C(O)[C@H](Cc1ccccc1)NC(=O)[C@H](NC(=O)OCc1cccnc1)C(C)C,8.16749095916748,8.313000535917826,0.39315299411349336,0.96,0.14550957675034581
rf,655,CC(C)(C)OC(=O)[C@@H]1CCCN1C[C@@H](O)[C@H](Cc1ccccc1)NC(=O)[C@H](CC(N)=O)NC(=O)c1ccc2ccccc2n1,7.638272285461426,7.702084010125509,0.5411765615858969,1.0,0.0638117246640828
rf,900,CC(C)C[C@@H]1NC(=O)[C@H](C(C)C)NC(=O)[C@]2(C)CCCN2C(=O)[C@H](C(C)C)NC(=O)[C@H](Cc2ccccc2)NC(=O)CSCCNC(=O)CNC(=O)[C@H](Cc2ccccc2)N(C)C(=O)[C@H](CC(C)C)NC(=O)[C@H](CCC2CCCCC2)NC1=O,9.431797981262207,8.987469302297077,0.9591799458477153,0.9130434782608695,0.44432867896512995
rf,2291,Cc1cc(SC2=C(O)OC(CCc3ccccc3)(C(C)C)CC2=O)c(C(C)(C)C)cc1NS(=O)(=O)c1cccnc1,8.455931663513184,8.464824503808588,0.2587260510177685,0.9113924050632911,0.00889284029540427
rf,393,CC(C)(C)NC(=O)c1ccccc1OC[C@@H](O)[C@H](Cc1ccccc1)NC(=O)[C@H](CC(N)=O)NC(=O)c1ccc2c(c1)C(=O)c1ccccc1C2=O,7.387216091156006,7.140125056094117,0.301020961987386,1.0,0.24709103506188868
rf,1670,CC[C@H](C)[C@H](NC(=O)[C@H](CCC(N)=O)NC(=O)[C@@H]1CCCN1C(=O)CCCCCCC/C=C\CCCCCCCC(=O)N[C@H](CO)C(=O)N[C@@H](C(=O)N[C@H](CC(C)C)C(=O)N[C@H](CC(N)=O)C(=O)N[C@H](Cc1ccccc1)C(=O)O)[C@H](C)O)C(=O)N[C@H](C(=O)N[C@@H](CC(C)C)C(=O)N[C@@H](Cc1c[nH]c2ccccc12)C(=O)O)[C@@H](C)O,5.3565473556518555,4.740796411007738,0.23781244365935922,1.0,0.6157509446441178
rf,2077,COc1ccc2cc(C(=O)N[C@@H](Cc3ccccc3)[C@H](O)CN(CC(C)C)S(=O)(=O)c3ccc(N)cc3)c(=O)oc2c1,6.990974426269531,7.003115910880524,0.4752362074265212,0.8461538461538461,0.012141484610992848
rf,2739,O=c1oc2cccc(O)c2c(O)c1Cc1ccccc1,4.0,4.498175934868287,0.6391756306657781,0.4888888888888889,0.4981759348682866
rf,1037,CC(C)[C@H](NC(=O)CCc1cccnc1)C(=O)N[C@@H](Cc1ccccc1)[C@@H](O)[C@@H](O)[C@H](Cc1ccccc1)NC(=O)[C@H](NC(=O)CCc1cccnc1)C(C)C,8.823908805847168,8.618433902161325,0.5851541837893963,0.7017543859649122,0.2054749036858432
rf,2491,N[C@@H](Cc1ccccc1)C(O)[C@@H](N)Cc1ccccc1,5.0,4.581989153299653,0.7231385861596802,0.4411764705882353,0.41801084670034694
rf,221,CC(C)(C)NC(=O)[C@@H]1C[C@@H](O)CN1CC(O)CNC(=O)[C@@H]1N[C@@H](C(NC(=O)Cc2ccccc2)C(=O)NCc2ccccc2)SC1(C)C,5.2924299240112305,6.8338388671727355,0.6355140096227121,0.8352941176470589,1.541408943161505
rf,2272,Cc1cc(SC2=C(O)OC(CCc3ccc(O)cc3)(C3CCCCC3)CC2=O)c(C(C)(C)C)cc1N,7.698969841003418,8.091336724386721,0.30212399554654107,0.921875,0.3923668833833034
rf,1270,CC1(C)S[C@H]([C@@H](CO)NC(=O)Cc2ccccc2)N[C@H]1C(=O)NCCNC(=O)[C@@H]1N[C@@H]([C@@H](CO)NC(=O)Cc2ccccc2)SC1(C)C,6.853871822357178,7.389023056712846,1.512554516777717,0.7454545454545455,0.5351512343556681
rf,2297,Cc1cc(SC2=C(O)OC(CCc3ccccc3)(c3ccc(OCCO)cc3)CC2=O)c(C(C)(C)C)cc1CO,8.853872299194336,8.370898597617586,0.3103027659512558,0.88,0.4829737015767499
rf,173,CC(C)(C)NC(=O)[C@@H]1CN(Cc2cc3ccccc3o2)CCN1C[C@@H](O)C[C@@H](Cc1ccccc1)C(=O)N[C@H]1c2ccccc2C[C@H]1O,9.74472713470459,8.654921025784017,0.5060131387580271,1.0,1.0898061089205733
rf,2627,O=C(OC1CCCCC1)c1ccccc1CSc1c(O)oc(-c2ccccc2)cc1=O,5.92081880569458,6.560185809745415,0.8010545037221799,0.9807692307692307,0.6393670040508352
rf,1808,COC(=O)[C@H](CC(C)C)NC(=O)[C@H](CC(C)C)NC(=O)CNC(=O)CCCOc1cccc(OCCCC(=O)NCC(=O)N[C@@H](CC(C)C)C(=O)N[C@@H](CC(C)C)C(=O)OC)n1,4.79587984085083,5.389983306714064,1.0878887449092114,0.59375,0.5941034658632338
rf,450,CC(C)(C)OC(=O)N[C@@H](Cc1ccccc1)C[C@H](O)[C@H](Cc1ccccc1)NC(=O)c1cc(O)cc(O)c1,7.2924299240112305,8.025741470637124,0.9495139182943562,0.8269230769230769,0.7333115466258935
rf,2428,Cc1ccncc1-c1ccc(C[C@H](C[C@H](O)CN2CCN(Cc3ccc(-c4ccc(Cl)cc4)o3)C[C@H]2C(=O)NCC(F)(F)F)C(=O)N[C@H]2c3ccccc3OC[C@H]2O)o1,10.09691047668457,10.509632075280644,0.16644337281874,0.8990825688073395,0.4127215985960735
rf,2544,O=C(N[C@@H](Cc1ccccc1)[C@@H](O)C[C@H](Cc1ccccc1)NC(=O)c1ccccc1)OCc1ccccc1,7.508638381958008,8.041401884506174,0.46096019478019046,0.8409090909090909,0.5327635025481658
rf,486,CC(C)(C)OC(=O)N[C@@H](Cc1ccccc1)[C@@H](O)C[C@@H](CCCc1ccccc1)C(=O)N[C@@H]1c2ccccc2[C@@H](O)[C@H]1O,9.721017837524414,9.4513833359461,0.7896878779774373,1.0,0.2696345015783148
rf,2024,COc1ccc(S(=O)(=O)N(CC(C)C)C[C@@H](O)[C@H](Cc2ccccc2)NC(=O)c2ccccc2C(C)C)cc1,7.3098039627075195,7.717344806429011,0.5994440147818797,0.8387096774193549,0.4075408437214918
rf,152,CC(C)(C)NC(=O)[C@@H]1CN(C(=O)c2cc3ccccc3oc2=O)CCN1C[C@@H](O)C[C@@H](Cc1ccccc1)C(=O)NC1c2ccccc2C[C@H]1O,9.886056900024414,8.589980179850496,0.7230040258835208,0.7634408602150538,1.296076720173918
rf,1317,CC1=C(C(COC(=O)C23C[C@H]4C[C@@H](C2)C[C@@H](C3)C4)OC(=O)C23C[C@H]4C[C@@H](C2)C[C@@H](C3)C4)c2cc3nc(cc4[nH]c(cc5[nH]c(cc1n2)c(C)c5CCC(=O)O)c(CCC(=O)O)c4C)C(C(COC(=O)C12C[C@H]4C[C@@H](C1)C[C@@H](C2)C4)OC(=O)C12C[C@H]4C[C@@H](C1)C[C@@H](C2)C4)=C3C,5.301030158996582,5.3182204863965055,1.0125773258896131,0.6351351351351351,0.017190327399923433
rf,1178,CC(C)[C@H]1[C@@H](OC(=O)N[C@@H](CSc2ccccc2)[C@H](O)CN2C[C@H]3CCS[C@H]3C[C@H]2C(=O)NC(C)(C)C)CCS1(=O)=O,9.022275924682617,9.014417486550318,0.3706393020165169,1.0,0.007858438132299028
rf,270,CC(C)(C)NC(=O)[C@@H]1C[C@@H]2CCCC[C@@H]2CN1C[C@@H](O)[C@H](Cc1ccccc1)NC(=O)[C@@H](C[S+]([O-])c1ccc(F)cc1)NS(C)(=O)=O,9.221848487854004,8.633282038238066,0.7137683959591425,0.8488372093023255,0.5885664496159375
rf,407,CC(C)(C)NS(=O)(=O)CC[C@@H]1O[C@@H]1[C@H](Cc1ccccc1)NC(=O)[C@@H](NC(=O)OCc1ccccc1)C(C)(C)S(C)(=O)=O,7.694648742675781,6.754669603405558,1.7706995161912575,0.44680851063829785,0.939979139270223
rf,1123,CC(C)[C@H](NC(=O)OCc1ccccn1)C(=O)N[C@@H](Cc1ccccc1)[C@@H](O)[C@H](O)[C@H](Cc1ccccc1)NC(=O)[C@H](NC(=O)OCc1ccccn1)C(C)C,9.0,8.944138545073058,0.1935091149609049,1.0,0.0558614549269425
rf,1583,CCO[C@@H]1C[C@@H](C(=O)NC(C)(C)C)N(C[C@H](O)CNC(=O)[C@@H]2N[C@@H](C(NC(=O)Cc3ccccc3)C(=O)NCc3ccccc3)SC2(C)C)C1,4.455932140350342,5.4338822393071595,1.0796951611579408,0.8823529411764706,0.9779500989568177
rf,1235,CC(C)c1nc(CN(C(=O)NCCC(=O)N[C@@H](Cc2ccccc2)[C@@H](O)C[C@H](Cc2ccccc2)NC(=O)OCc2cncs2)C2CC2)cs1,7.136677265167236,8.175320782782538,0.461269433255323,0.9529411764705882,1.0386435176153022
rf,1244,CC(CCC=C(c1cc(Cl)c(O)c(C(=O)O)c1)c1cc(Cl)c(O)c(C(=O)O)c1)[C@H]1CC[C@H]2[C@@H]3CC[C@@H]4CCCC[C@]4(C)[C@H]3CC[C@]12C,5.823908805847168,5.852622391636186,0.8651054023487466,0.8194444444444444,0.028713585789017948
rf,528,CC(C)(C)OC(=O)N[C@@H](Cc1ccccc1)[C@@H](O)C[C@@H](Cc1cccc(O)c1)C(=O)N[C@H]1c2ccccc2C[C@H]1O,9.677781105041504,9.141242052170563,0.7143052083061773,0.8769230769230769,0.5365390528709408
rf,787,CC(C)CN(C[C@@H](O)[C@H](Cc1ccccc1)NC(=O)[C@@H](CS(=O)(=O)c1ccc(F)cc1)NS(C)(=O)=O)C(=O)NC(C)(C)C,8.0,8.30289512364008,1.4439633943157748,0.6842105263157895,0.30289512364008075
rf,2423,Cc1ccccc1SC1=C(O)OC(c2ccccc2)(c2ccccc2)CC1=O,6.411168098449707,7.375725111181772,0.6463024323109293,0.723404255319149,0.9645570127320653
rf,257,CC(C)(C)NC(=O)[C@@H]1C[C@@H]2CCCC[C@@H]2CN1C[C@@H](O)[C@H](Cc1ccccc1)NC(=O)O[C@H]1CCCS(=O)(=O)C1,5.758204460144043,6.34236340015963,0.9195400129584906,1.0,0.5841589400155867
rf,2644,O=C1C(O)=C(C(C2=C(O)C(=O)c3ccccc3C2=O)c2ccc(Cl)cc2Cl)C(=O)c2ccccc21,4.619788646697998,6.161349301388286,1.098226961994794,0.5405405405405406,1.5415606546902882
rf,695,CC(C)=CCCC(C)C1=C(O)C(C)(C(=O)NC(C)(C)C)OC1=O,3.8210229873657227,5.090219948421187,0.9769536338907708,0.5555555555555556,1.2691969610554645
rf,460,CC(C)(C)OC(=O)N[C@@H](Cc1ccccc1)C[C@H](O)[C@H](Cc1ccccc1)NC(=O)c1cccc(O)c1,8.468521118164062,8.127098273811608,0.5624728994752656,0.8301886792452831,0.3414228443524543
rf,2550,O=C(N[C@@H](Cc1ccccc1)[C@H](O)CN(C1CC1)S(=O)(=O)c1ccc(C(F)(F)F)cc1)N1CCOCC1,7.327902317047119,6.089926306280807,0.3415158069974566,0.828125,1.237976010766312
rf,254,CC(C)(C)NC(=O)[C@@H]1C[C@@H]2CCCC[C@@H]2CN1C[C@@H](O)[C@H](Cc1ccccc1)NC(=O)O[C@@H]1CO[C@@H]2OCC[C@@H]21,8.193819999694824,7.650571866096767,0.4271469897695787,1.0,0.5432481335980572
rf,506,CC(C)(C)OC(=O)N[C@@H](Cc1ccccc1)[C@@H](O)C[C@@H](Cc1ccc(F)cc1)C(=O)N[C@H]1c2ccccc2C[C@H]1O,9.356547355651855,9.463326195328376,0.3318296891193381,0.9047619047619048,0.10677883967652058
rf,1829,COC(=O)c1ccc(CN2C(=O)N(Cc3ccc(C(=O)OC)cc3)[C@H](COc3ccccc3)[C@H](O)[C@@H](O)[C@H]2COc2ccccc2)cc1,5.096909999847412,6.817507976504661,1.1949800498480176,0.7333333333333333,1.720597976657249
rf,1756,COC(=O)N[C@H](C(=O)N[C@@H](Cc1ccccc1)C(O)CN(CC(C)C)NC(=O)[C@@H](NC(=O)OC)C(C)C)C(C)C,7.387216091156006,7.627295481035425,0.5268400863117818,0.8518518518518519,0.24007938987941913
rf,168,CC(C)(C)NC(=O)[C@@H]1CN(Cc2c(F)cccc2F)CCN1C[C@@H](O)C[C@@H](Cc1ccncc1)C(=O)N[C@H]1c2ccccc2C[C@H]1O,9.318758964538574,9.73314797338146,0.548103924883745,0.8735632183908046,0.41438900884288543
rf,2647,O=C1CC(CC2CCCC2)(c2ccccc2)OC(O)=C1SCc1ccccc1,7.055517196655273,6.631215964718951,0.346674260091314,0.8235294117647058,0.4243012319363224
rf,1948,COc1ccc(S(=O)(=O)N(CC(C)C)C[C@@H](O)[C@H](Cc2ccccc2)NC(=O)CCc2ccc(O)c(O)c2)cn1,10.091514587402344,8.712967604165431,0.7463425779151193,0.7945205479452054,1.3785469832369124
rf,1867,COc1cc(/C=C/C(=O)N[C@@H](Cc2ccccc2)[C@H](O)CN(CC(C)C)S(=O)(=O)c2ccc(SC)cc2)ccc1O,7.800518989562988,8.040188908109418,0.6554931024391976,0.8767123287671232,0.23966991854642927
rf,291,CC(C)(C)NC(=O)[C@@H]1C[C@@H]2CCCC[C@@H]2CN1C[C@@H](O)[C@H](Cc1ccccc1)NC(=O)[C@H]1CCCSC1,7.005242824554443,6.9856839831912305,0.48109626876617945,1.0,0.019558841363212842
rf,2735,O=c1oc2cc(O)ccc2c(O)c1-c1ccc(O)cc1,5.698969841003418,4.75398791531498,0.728456130531801,0.5675675675675675,0.9449819256884382
rf,741,CC(C)CCN(C[C@@H](O)[C@H](Cc1ccccc1)NC(=O)[C@H](CC(N)=O)NC(=O)c1ccc2ccccc2n1)S(=O)(=O)c1ccccc1,8.823908805847168,7.708510775374567,0.8659883642310879,0.8714285714285714,1.1153980304726012
rf,439,CC(C)(C)OC(=O)N[C@@H](Cc1ccccc1)C(=O)N1CCC(=O)[C@@H]1Sc1ccccc1,6.0,7.210917121150172,1.105515616855596,1.0,1.210917121150172
rf,135,CC(C)(C)NC(=O)[C@@H]1CCCN1C(=O)[C@@H](O)[C@H](Cc1ccccc1)NC(=O)[C@H](CC(N)=O)NC(=O)OCc1ccccc1,8.130767822265625,6.469624478116489,0.869440030855878,1.0,1.661143344149136
rf,2370,Cc1ccc(C[C@H](NC(=O)c2c(C)ccc(O)c2C)[C@H](O)C(=O)N2C[C@@H](Cl)C[C@H]2C(=O)NC(C)(C)C)cc1,8.443697929382324,8.375384395500818,0.3537058269551842,0.8571428571428571,0.06831353388150596
rf,2086,COc1ccccc1-c1cc(O)c(Sc2ccccc2C(C)C)c(=O)o1,5.848323822021484,6.5731425584056105,0.6082518094595745,0.74,0.7248187363841261
rf,1477,CCCN(C[C@@H](O)[C@H](Cc1ccccc1)NC(=O)/C=C/c1ccc(O)c(OC)c1)S(=O)(=O)c1ccc(OC)cc1,7.617802619934082,7.57383355175568,0.6481874013347514,0.8732394366197183,0.04396906817840218
rf,2521,O=C(CN[C@@H](Cc1ccccc1)[C@H](O)CN(C1CC1)S(=O)(=O)c1ccc([N+](=O)[O-])cc1)N1CCOCC1,5.0,6.081486821451709,0.25931191107581114,0.8235294117647058,1.0814868214517093
rf,1288,CC1(C)S[C@H]([C@H](NC(=O)Cc2ccccc2)C(=O)NCc2ccccc2)N[C@H]1C(=O)NC[C@H](O)[C@@H](O)CNC(=O)[C@@H]1N[C@@H]([C@H](NC(=O)Cc2ccccc2)C(=O)NCc2ccccc2)SC1(C)C,7.443697452545166,7.79974457026563,0.5710364428804016,1.0,0.3560471177204638
rf,961,CC(C)[C@@H](C(=O)N[C@H]1Cc2ccccc2[C@H]1O)[C@@H](O)[C@H](O)[C@H](CC1CCCCC1)NC(=O)c1ccccc1OCOc1ccccc1,6.268000602722168,6.615907034756202,0.9423775691767509,0.825,0.3479064320340344
rf,1723,CN(CC(O)[C@H](Cc1ccccc1)NC(=O)OC(C)(C)C)C[C@@H](O)[C@H](Cc1ccccc1)NC(=O)OC(C)(C)C,5.0,6.355414639011824,1.290344833733132,0.75,1.3554146390118236
rf,1351,CCC(C)[C@H](NC(=O)C[C@H](O)[C@H](Cc1ccccc1)NC(=O)CC1C=CCN2C(=O)CCC(CNCc3ccccc3)C(=O)N12)C(=O)N[C@@H](Cc1ccccc1)C(=O)OC,3.4559319019317627,6.287184400391577,1.7548408902948824,0.9213483146067416,2.831252498459814
rf,1071,CC(C)[C@H](NC(=O)N(C)Cc1nccs1)C(=O)N[C@@H](Cc1ccccc1)[C@H](O)[C@@H](O)[C@H](Cc1ccccc1)NC(=O)[C@H](NC(=O)N(C)Cc1csc(N)n1)C(C)C,9.0,8.958715952176826,0.2628866235724977,0.84375,0.041284047823173964
rf,1186,CC(C)c1cccc(C(C)C)c1NC(=O)C(=O)CC(=O)CC(c1ccccc1)c1c(O)oc2ccccc2c1=O,4.508638381958008,5.828498839613609,1.3052654807825195,0.423728813559322,1.3198604576556008
rf,2422,Cc1ccccc1SC1=C(O)OC(CCc2ccccc2)(c2ccccc2)CC1=O,7.136677265167236,7.377918325533389,0.4381639831432004,0.7636363636363637,0.24124106036615256
rf,976,CC(C)[C@@H]1NC(=O)CCCCCCOc2ccc(cc2)C[C@@H]([C@H](O)CN2CC3CCCCC3C[C@H]2C(=O)NC(C)(C)C)NC1=O,9.0,8.427684012979727,0.4140562184026177,1.0,0.5723159870202732
rf,761,CC(C)CN(C[C@@H](O)[C@H](Cc1ccccc1)NC(=O)Cc1cc(=O)oc2cc(O)ccc12)S(=O)(=O)c1ccc([N+](=O)[O-])cc1,7.954677104949951,8.061373216307903,0.9237854049295039,0.8481012658227848,0.10669611135795165
rf,1964,COc1ccc(S(=O)(=O)N(CC(C)C)C[C@@H](O)[C@H](Cc2ccccc2)NC(=O)Cc2ccc(O)cc2)cn1,8.139063835144043,8.138983649497593,0.7646213453803968,0.8939393939393939,8.018564644984849e-05
rf,210,CC(C)(C)NC(=O)[C@@H]1CN(Cc2noc3ccccc23)CCN1C[C@@H](O)C[C@@H](Cc1ccccc1)C(=O)NC1c2ccccc2C[C@H]1O,8.0387544631958,9.041050798622633,0.7089696434043417,0.7912087912087912,1.0022963354268324
rf,1950,COc1ccc(S(=O)(=O)N(CC(C)C)C[C@@H](O)[C@H](Cc2ccccc2)NC(=O)CCc2ccc(O)c(OC)c2)cn1,9.795880317687988,8.146617135322442,0.7415347520670416,0.8311688311688312,1.6492631823655461
rf,2188,Cc1cc(C)cc(-c2cc(O)c(Sc3ccccc3C(C)C)c(=O)o2)c1,7.823908805847168,7.12569799547405,0.8510998472952087,0.8297872340425532,0.6982108103731184
rf,365,CC(C)(C)NC(=O)c1ccccc1C[C@@H](O)[C@H](Cc1ccccc1)NC(=O)[C@H](CC(=O)OCc1ccccc1)NC(N)=O,7.2924299240112305,6.6119037714014155,1.0193402603993813,0.8571428571428571,0.680526152609815
rf,838,CC(C)CN(C[C@@H](O)[C@H](Cc1ccccc1)NC(=O)c1ccccc1O)S(=O)(=O)c1ccc([N+](=O)[O-])cc1,7.876148223876953,7.55591074688682,0.9167410746231857,0.9016393442622951,0.3202374769901333
rf,930,CC(C)C[C@H](NC(=O)[C@@H](NC(=O)CCCOc1ccc2ccc(OCCCC(=O)N[C@H](C(=O)N[C@@H](CC(C)C)C(=O)N[C@H](C(=O)O)C(C)C)C(C)O)cc2c1)C(C)O)C(=O)N[C@H](C(=O)O)C(C)C,5.0,5.420833018801186,0.5463224381516772,0.8064516129032258,0.4208330188011864
rf,2245,Cc1cc(SC2=C(O)OC(CCc3ccc(O)cc3)(C(C)C)CC2=O)c(C(C)(C)C)cc1NC(=O)c1ccncc1,8.294136047363281,8.12458074345692,0.23710769874634738,0.8648648648648649,0.16955530390636042
rf,2654,O=C1CC(CCc2ccccc2)(c2ccccc2)OC(O)=C1Sc1ccccc1C1CCCCC1,7.494850158691406,7.38174533859003,0.5074551385083217,0.6724137931034483,0.11310482010137601
rf,1726,CN1C2[C@]3(CO)C4N(C)C5[C@@](CO)(C1[C@@]5(CO)[C@@H](c1ccccc1)[C@]24CO)[C@H]3c1ccccc1,3.5816986560821533,4.698802372568887,0.8584567797907067,0.6470588235294118,1.1171037164867341
rf,1694,CC[C@H]1[C@@H](OC(=O)N[C@@H](Cc2ccccc2)[C@H](O)CN2C[C@H]3CCCC[C@H]3C[C@H]2C(=O)NC(C)(C)C)CCS1(=O)=O,8.267605781555176,7.867187942444608,0.13385146059616473,1.0,0.4004178391105677
rf,1576,CCOC(=O)c1cc(-c2cc(O)c(Sc3ccccc3C(C)C)c(=O)o2)ccc1O,6.829738140106201,6.926131169200156,0.74428277548405,0.8070175438596491,0.09639302909395475
rf,2770,OC(C(COCc1ccccc1)OCc1ccc(F)cc1)C(O)C(COCc1ccccc1)OCc1ccc(F)cc1,6.15490198135376,5.66648862829253,0.3003786120607345,0.8787878787878788,0.48841335306122957
rf,2090,COc1ccccc1C[C@@H](O)C[C@@H](Cc1ccccc1)C(=O)N[C@H]1c2ccccc2C[C@H]1O,7.096909999847412,6.940163457808398,0.37899167946644213,0.8387096774193549,0.15674654203901373
rf,1431,CCCCC(CO)NC(=O)[C@@H]1N[C@@H]([C@H](NC(=O)Cc2ccccc2)C(=O)NCc2ccccc2)SC1(C)C.O,5.337242126464844,6.132224987487862,0.8725298870047691,0.9838709677419355,0.7949828610230183
rf,420,CC(C)(C)OC(=O)NC(Cc1ccccc1)[C@@H](O)CC(CSc1ccccc1)C(=O)NC1c2ccccc2C[C@@H]1O,9.599980354309082,9.243502239061915,0.721323327004986,1.0,0.35647811524716744
rf,332,CC(C)(C)NC(=O)[C@H](CC1CCCCC1)N1CC[C@@](O)([C@H](Cc2ccccc2)NC(=O)OC(C)(C)C)C1,4.431798458099365,4.460687926895018,0.8130779172502867,0.7083333333333334,0.028889468795652462
rf,1265,CC1(C)SCN(C(=O)[C@@H](O)C[C@@H](Cc2ccccc2)C(=O)N[C@H]2c3ccccc3OC[C@H]2O)[C@@H]1C(=O)NCc1c(Cl)cccc1Cl,9.920818328857422,9.64160605505544,0.5557316049038545,0.9382716049382716,0.2792122738019813
rf,1326,CCC(=O)N[C@@H](CC(=O)OCc1ccccc1)C(=O)N[C@@H](Cc1ccccc1)[C@H](O)Cc1ccccc1C(=O)NC(C)(C)C,7.136677265167236,6.6898480961423274,0.6094442195454243,0.8769230769230769,0.4468291690249089
rf,1885,COc1cc(CC2=C(O)C(C)(C(=O)NC(C)(C)C)OC2=O)cc(OC)c1OC,3.0,4.466753911522068,0.9301591027062716,0.5538461538461539,1.4667539115220682
rf,958,CC(C)OC(=O)N[C@@H](Cc1ccccc1)[C@H](O)CNC[C@@H](O)[C@H](Cc1ccccc1)NC(=O)OC(C)C,6.045757293701172,6.370511684676918,1.0711935655722247,0.7045454545454546,0.32475439097574643
rf,1564,CCNS(=O)(=O)Oc1cc(C(C)(C)C)c(SC2=C(O)OC(CCc3ccc(O)cc3)(C3CCCCC3)CC2=O)cc1C,8.318758964538574,8.062005570711712,0.31596762817165724,0.7926829268292683,0.25675339382686246
rf,1027,CC(C)[C@H](NC(=O)/C=C/c1cccnc1)C(=O)N[C@@H](Cc1ccccc1)[C@@H](O)[C@@H](O)[C@H](Cc1ccccc1)NC(=O)[C@H](NC(=O)/C=C/c1cccnc1)C(C)C,8.275724411010742,8.669934378287905,0.7073674266448473,0.9615384615384616,0.3942099672771633
rf,1608,CC[C@H](C)[C@H](NC(=O)CCCOc1ccc2ccc(OCCCC(=O)N[C@H](C(=O)N[C@@H](CC(C)C)C(=O)N[C@H](C(=O)OC)C(C)C)C(C)C)cc2n1)C(=O)N[C@H](C(=O)N[C@@H](CC(C)C)C(=O)OC)[C@@H](C)O,5.275723934173584,5.729762380103768,0.2969658080387505,0.9154929577464789,0.45403844593018405
rf,565,CC(C)(C)OC(=O)N[C@@H](Cc1ccccc1)[C@@H](O)C[C@@H](Cc1ccccc1)C(=O)N[C@H]1CCCC[C@H]1O,6.912170886993408,7.7291867392130955,0.8389263721478957,1.0,0.8170158522196873
rf,199,CC(C)(C)NC(=O)[C@@H]1CN(Cc2ccncc2)CCN1C[C@@H](O)[C@H](Cc1ccccc1)NC(=O)O[C@H]1CCOC1,6.533132553100586,6.819109346123728,0.6189140708771093,0.9178082191780822,0.28597679302314205
rf,2666,O=C1CC2(CCCc3ccccc32)OC(O)=C1SCc1ccccc1,5.638272285461426,5.65912121463307,0.6842630554239199,0.875,0.020848929171644492
rf,748,CC(C)CN(CC(O)[C@H](Cc1ccccc1)NC(=O)[C@H](CC(N)=O)NC(=O)OCc1ccccc1)C(=O)NC(C)(C)C,7.456056118011475,6.0854309776098,1.2068760342577358,1.0,1.3706251404016747
rf,289,CC(C)(C)NC(=O)[C@@H]1C[C@@H]2CCCC[C@@H]2CN1C[C@@H](O)[C@H](Cc1ccccc1)NC(=O)[C@H](CC(N)=O)NC(=O)c1ccc2ccccc2n1.CS(=O)(=O)O,9.0,8.066194709900277,0.6385493893652363,0.9512195121951219,0.9338052900997234
rf,246,CC(C)(C)NC(=O)[C@@H]1C[C@@H]2CCCC[C@@H]2CN1C[C@@H](O)[C@H](Cc1ccccc1)NC(=O)OCc1ccccc1,6.896196365356445,7.004486694152221,0.8892962472066157,0.8333333333333334,0.10829032879577571
rf,2231,Cc1cc(SC2=C(O)OC(CCc3ccc(N)cc3)(C(C)C)CC2=O)c(C(C)(C)C)cc1OS(=O)(=O)c1cccs1,7.732828140258789,8.200685101942689,0.4928340862995684,0.8987341772151899,0.4678569616838999
rf,1033,CC(C)[C@H](NC(=O)CCN1CCOCC1)C(=O)N[C@@H](Cc1ccccc1)[C@@H](O)[C@@H](O)[C@H](Cc1ccccc1)NC(=O)[C@H](NC(=O)CCN1CCOCC1)C(C)C,7.638272285461426,7.637346235036095,0.6401178107970679,0.8148148148148148,0.0009260504253303381
rf,1606,CC[C@H](C)[C@H](NC(=O)C1CC2CCCCC2CN1C[C@H](O)[C@H](Cc1ccccc1)NC(=O)[C@H](CC(N)=O)NC(=O)OCc1ccccc1)C(=O)N[C@H](C(=O)OC)C(C)C,7.0,6.953435021079294,0.47803731398224886,1.0,0.046564978920706324
rf,1797,COC(=O)[C@@H](NC(=O)[C@H](CC(C)C)NC(=O)[C@@H](NC(=O)CCCOc1cccc(OCCCC(=O)N[C@H](C(=O)N[C@@H](CC(C)C)C(=O)N[C@H](C(=O)OC)C(C)C)C(C)C)n1)C(C)C)C(C)C,5.522878646850586,5.063063912451385,0.6851038577807114,0.7758620689655172,0.45981473439920073
rf,662,CC(C)(C)c1c(SC2=C(O)OC(CCc3ccccc3)(c3ccccc3)CC2=O)oc2ccccc12,7.3181939125061035,7.29961699057764,0.6780636199498474,0.75,0.01857692192846372
rf,2227,Cc1cc(SC2=C(O)OC(CCc3ccc(N)cc3)(C(C)C)CC2=O)c(C(C)(C)C)cc1OS(=O)(=O)N(C)C,8.408935546875,8.608579700584537,0.295619243695084,0.8904109589041096,0.1996441537095368
rf,1991,COc1ccc(S(=O)(=O)N(CC(C)C)C[C@@H](O)[C@H](Cc2ccccc2)NC(=O)[C@H]2CCNC2)cc1,6.221848964691162,5.927180808897249,0.41909084224802884,0.8484848484848485,0.2946681557939135
rf,670,CC(C)(C)n1c(SC2=C(O)OC(CCc3ccccc3)(c3ccccc3)CC2=O)nc2ccccc21,6.296708583831787,7.080569272259215,0.5735228036645147,0.6129032258064516,0.7838606884274277
rf,1406,CCCC1(CCc2ccc(O)cc2)CC(=O)C(Sc2cc(C)c(OS(=O)(=O)Cn3ccnc3)cc2C(C)(C)C)=C(O)O1,8.657577514648438,8.563458556592686,0.1839888526184174,0.8214285714285714,0.09411895805575199
rf,2087,COc1ccccc1CCCCc1c(O)c2ccc(O)cc2oc1=O,6.28399658203125,5.142647536503786,0.6818007354133927,0.82,1.1413490455274644
rf,1213,CC(C)c1ccccc1Sc1c(O)cc(-c2cc(Cl)cc(Cl)c2)oc1=O,7.585026741027832,7.157761280192592,0.36030614480643264,0.8333333333333334,0.4272654608352404
rf,2457,Cn1nc(C(F)(F)F)cc1-c1ccc(CN2CCN(C[C@@H](O)C[C@@H](Cc3ccccc3)C(=O)N[C@H]3c4ccccc4C[C@H]3O)[C@H](C(=O)NC(C)(C)C)C2)s1,9.61092472076416,9.585875575941325,0.44008337615199905,1.0,0.0250491448228356
rf,2023,COc1ccc(S(=O)(=O)N(CC(C)C)C[C@@H](O)[C@H](Cc2ccccc2)NC(=O)c2ccccc2)cc1,7.853871822357178,8.030616673988114,0.5944567659223808,0.896551724137931,0.17674485163093578
rf,511,CC(C)(C)OC(=O)N[C@@H](Cc1ccccc1)[C@@H](O)C[C@@H](Cc1ccc(O)cc1)C(=O)NC1c2ccccc2C[C@@H]1O,9.799970626831055,9.728427282218743,0.16399042423202717,1.0,0.07154334461231215
rf,2416,Cc1ccccc1COC(=O)N[C@@H](Cc1ccccc1)[C@H](O)CN1CC[C@@H](OCc2ccncc2)C[C@H]1C(=O)NC(C)(C)C,6.677780628204346,6.492137765574833,0.49227582719920326,0.8918918918918919,0.18564286262951235
rf,1236,CC(C)c1nc(CN(C)C(=O)NC(C(=O)N[C@@H](Cc2ccccc2)[C@@H](O)C[C@H](Cc2ccccc2)NC(=O)OCc2cnc(C(C)C)s2)C(C)C)cs1,8.823908805847168,8.687899849047838,0.6521918380316957,0.6881720430107527,0.1360089567993299
rf,2060,COc1ccc(S(=O)(=O)N(C[C@@H](O)[C@H](Cc2ccccc2)NC(=O)O[C@@H]2COC3OCCC32)OC2CCCC2)cc1,8.221848487854004,7.634170298369762,0.4449093436146937,1.0,0.587678189484242
rf,104,CC(C)(C)NC(=O)N(Cc1ccccc1)CC(O)[C@H](Cc1ccccc1)NC(=O)[C@H](CC(N)=O)NC(=O)OCc1ccccc1,7.721017837524414,7.340655024129243,0.6275210388068296,1.0,0.38036281339517064
rf,1960,COc1ccc(S(=O)(=O)N(CC(C)C)C[C@@H](O)[C@H](Cc2ccccc2)NC(=O)Cc2ccc(O)c(O)c2)cn1,8.542118072509766,8.4186748478414,0.7385752159076575,0.8873239436619719,0.12344322466836566
rf,1261,CC1(C)CC2(CC(C)(C)c3ccc(O)c([N+](=O)[O-])c32)c2cc(O)c([N+](=O)[O-])cc21,4.275723934173584,4.363700361737821,0.5186192455196948,0.7608695652173914,0.08797642756423674
rf,1289,CC1(C)S[C@H]([C@H](NC(=O)Cc2ccccc2)C(=O)NCc2ccccc2)N[C@H]1C(=O)N[C@@H](CO)CCc1ccccc1,4.602059841156006,5.115031045164965,0.8930167219087545,1.0,0.5129712040089593
rf,2785,O[C@@H]([C@H](O)[C@@H](COc1ccccc1)OCc1ccccc1)[C@@H](COc1ccccc1)OCc1ccccc1,4.301030158996582,5.253790158151099,0.9916048160318502,0.696969696969697,0.9527599991545168
rf,564,CC(C)(C)OC(=O)N[C@@H](Cc1ccccc1)[C@@H](O)C[C@@H](Cc1ccccc1)C(=O)N[C@H]1C=CC[C@H]1O,8.020907402038574,7.9988564018685056,0.3589815331365596,1.0,0.02205100017006867
rf,485,CC(C)(C)OC(=O)N[C@@H](Cc1ccccc1)[C@@H](O)C[C@@H](CCCc1ccccc1)C(=O)NC1c2ccccc2C(O)[C@@H]1O,9.720105171203613,9.4513833359461,0.7896878779774373,1.0,0.26872183525751403
rf,2698,O=S1(=O)[C@H](Cc2ccccc2)[C@H](OCc2cncs2)[C@H](O)[C@@H](O)[C@@H](OCc2cncs2)[C@H]1Cc1ccccc1,9.522878646850586,6.4373801738006,1.5892920675744613,0.5660377358490566,3.085498473049986
rf,568,CC(C)(C)OC(=O)N[C@@H](Cc1ccccc1)[C@@H](O)C[C@@H](Cc1ccccc1)C(=O)N[C@H]1c2ccccc2C[C@@H]1O,6.61343240737915,8.946854172314657,0.6033062857378341,1.0,2.3334217649355065
rf,2163,C[C@H]1[C@@H](OC(=O)N[C@@H](CSc2ccccc2)[C@H](O)CN2C[C@H]3CCS[C@H]3C[C@H]2C(=O)NC(C)(C)C)CCS1(=O)=O,9.397939682006836,8.750568012033257,0.3169928960583611,1.0,0.6473716699735785
rf,226,CC(C)(C)NC(=O)[C@@H]1C[C@@H]2CCCC[C@@H]2CN1CC(O)CNC(=O)[C@@H]1N[C@@H](C(NC(=O)Cc2ccccc2)C(=O)NCCNC(=O)CCCC[C@@H]2SC[C@@H]3NC(=O)N[C@@H]32)SC1(C)C,6.92081880569458,7.738291289070876,0.8560314781529225,0.7181818181818181,0.8174724833762959
rf,231,CC(C)(C)NC(=O)[C@@H]1C[C@@H]2CCCC[C@@H]2CN1C[C@@H](O)CNC(=O)[C@@H]1N[C@@H](C(NC(=O)Cc2ccccc2)C(=O)NCc2ccccc2)SC1(C)C,7.638272285461426,7.079157866699609,0.3663059328419297,1.0,0.5591144187618164
rf,1242,CC(C1=C(O)[C@@](CCc2ccccc2)(C(=O)NCc2ccc(C(C)(C)C)cc2)OC1=O)c1ccccc1,5.301030158996582,5.299620633252811,1.0133128783756191,1.0,0.0014095257437709563
rf,1135,CC(C)[C@H](NC(=O)[C@H](C)NC(=O)OCc1ccccc1)C(=O)N[C@@H](Cc1ccccc1)[C@@H](O)[C@H](O)[C@H](Cc1ccccc1)NC(=O)[C@H](N[C@@H](C)C(=O)OCc1ccccc1)C(C)C,6.84163761138916,9.065358926646681,0.7595358990852635,0.7692307692307693,2.223721315257521
rf,111,CC(C)(C)NC(=O)N(Cc1ccncc1)C[C@@H](O)[C@H](Cc1ccccc1)NC(=O)[C@H](CC(N)=O)NC(=O)c1ccc2ccccc2n1,7.721246242523193,8.136845052536486,0.46234902998657634,0.9295774647887324,0.415598810013293
rf,51,CC(=O)N[C@H](CC(=O)OCc1ccccc1)C(=O)N[C@@H](Cc1ccccc1)[C@H](O)Cc1ccccc1C(=O)NC(C)(C)C,6.0,6.865533649506097,0.5125010700909688,1.0,0.865533649506097
rf,1538,CCNC(=O)[C@@H](NC(=O)Cc1ccccc1)[C@@H]1NC(C(=O)NCCNC(=O)[C@@H]2N[C@@H]([C@H](NC(=O)Cc3ccccc3)C(=O)NCC)SC2(C)C)C(C)(C)S1,8.522878646850586,8.028692382063602,0.6118500520742977,1.0,0.49418626478698435
rf,2083,COc1cccc(CC(=O)N[C@@H](Cc2ccccc2)[C@H](O)CN(CC(C)C)S(=O)(=O)c2ccc(OC)nc2)c1,7.901702404022217,7.5626181333080815,0.5859271651778676,0.8695652173913043,0.33908427071413527
rf,2622,O=C(O)c1ccc2ccc(/C=C/c3ccccc3)nc2c1O,5.4685211181640625,4.9412388063491495,0.9069929626870651,0.8157894736842105,0.527282311814913
rf,1247,CC(O)[C@H](NC(=O)CCCCCCCCCCCCCCC(=O)N[C@H](CC(=O)N[C@@H](Cc1ccccc1)C(=O)O)C(N)=O)C(=O)N[C@@H](Cc1ccccc1)C(N)=O,4.958607196807861,6.818601711064707,1.238675129758935,0.8771929824561403,1.8599945142568455
rf,1615,CC[C@H](C)[C@H](NC(=O)[C@@H](C(C)C)C(O)C(O)[C@H](CC(C)C)NC(=O)[C@H](Cc1c[nH]cn1)NC(=O)COc1cccc2ccccc12)C(=O)NCc1ccccn1,7.95000696182251,7.236458900365683,0.6598751323992547,0.875,0.7135480614568266
rf,478,CC(C)(C)OC(=O)N[C@@H](Cc1ccccc1)[C@@H](O)C[C@@H](C/C=C/c1ccc(CCN2CCOCC2)cc1)C(=O)N[C@H]1c2ccccc2C[C@H]1O,9.537602424621582,9.317173412791622,0.5391519934141493,0.7840909090909091,0.22042901182996033
rf,1412,CCCC1(CCc2ccccc2)CC(=O)C(C(CC)c2cccc(NS(=O)(=O)c3cn(C)cn3)c2)=C(O)O1,6.301030158996582,6.260786051620378,0.2315015039520068,1.0,0.04024410737620432
rf,464,CC(C)(C)OC(=O)N[C@@H](Cc1ccccc1)[C@@H](O)/C=C(/Cc1ccccc1)C(=O)N[C@H]1c2ccccc2C[C@H]1O,8.890084266662598,6.53846018138349,1.0156582092614421,0.6764705882352942,2.3516240852791075
rf,2611,O=C(O)CCCC1(c2ccccc2)CC(=O)C(SCCc2ccccc2)=C(O)O1,6.568636417388916,7.583886633064256,1.1216278480074164,0.9387755102040817,1.0152502156753398
rf,1700,CCc1cccc(-c2cc(O)c(SCc3ccccc3)c(=O)o2)c1,5.690369606018066,5.976943646090509,0.45128563046151204,0.7872340425531915,0.286574040072443
rf,1410,CCCC1(CCc2ccccc2)CC(=O)C(C(CC)c2cccc(NS(=O)(=O)c3cccc4cccnc34)c2)=C(O)O1,6.0,6.288888646761439,0.6082823191411482,0.75,0.2888886467614391
rf,1513,CCCc1cc(O)c(C(c2cccc(NS(=O)(=O)c3cn(C)cn3)c2)C2CC2)c(=O)o1,5.522878646850586,5.612840149211742,0.3214338303575957,0.8472222222222222,0.08996150236115596
rf,2585,O=C(N[C@H]1c2ccccc2OC[C@H]1O)[C@H](Cc1cccnc1)C[C@H](O)CN1CCN(CC2=CC3C=CSC3S2)C[C@H]1C(=O)NCC(F)(F)F,8.93069076538086,9.69179848016336,0.6711153182773332,0.8910891089108911,0.7611077147825007
rf,532,CC(C)(C)OC(=O)N[C@@H](Cc1ccccc1)[C@@H](O)C[C@@H](Cc1ccccc1)C(=O)NC1CCc2ccccc21,7.470056533813477,7.53267681018095,0.276290675792854,1.0,0.06262027636747369
rf,2429,Cc1ccncc1-c1ccc(C[C@H](C[C@H](O)CN2CCN(Cc3ccc(-c4ccc(Cl)cc4)s3)C[C@H]2C(=O)NCC(F)(F)F)C(=O)N[C@H]2c3ccccc3OC[C@H]2O)o1,10.397939682006836,10.440764129509729,0.14975486336397162,0.8362068965517241,0.04282444750289294
rf,2487,NC1C(OCc2ccccc2)OC(COC(=O)Nc2ccccc2)C(OCc2ccccc2)C1N,4.552842140197754,4.752519934338272,1.1331217797328388,0.62,0.19967779414051812
rf,617,CC(C)(C)OC(=O)N[C@@H](Cc1ccccc1)[C@H](O)CNC[C@@H](O)[C@H](Cc1ccccc1)NC(=O)C(O)C(F)(F)F,6.527758598327637,6.0396861607947,0.6886797913217932,0.84,0.48807243753293683
rf,1321,CC1=C(C(O)CO)c2cc3nc(cc4[nH]c(cc5[nH]c(cc1n2)c(C)c5CCC(=O)O)c(CCC(=O)O)c4C)C(C(O)CO)=C3C,3.625905990600586,4.926602879946629,0.9329579657131298,0.6,1.3006968893460433
rf,212,CC(C)(C)NC(=O)[C@@H]1CN(S(=O)(=O)c2cccc3cccnc23)CCN1C[C@@H](O)C[C@@H](Cc1cccnc1)C(=O)N[C@H]1c2ccccc2C[C@H]1O,10.522878646850586,9.904832091664574,0.8295128057366397,0.8913043478260869,0.6180465551860124
rf,1937,COc1ccc(S(=O)(=O)C[C@H](NS(C)(=O)=O)C(=O)N[C@@H](Cc2ccccc2)[C@H](O)Cc2ccccc2C(=O)NC(C)(C)C)cc1,8.619789123535156,8.533810208863034,0.8185128750849276,0.8636363636363636,0.08597891467212193
rf,2738,O=c1oc2ccc(CBr)cc2c2ccc([N+](=O)[O-])cc12,5.0,4.447889377313378,0.7424867374684416,0.6590909090909091,0.5521106226866221
rf,1364,CCC(C1=C(O)OC(CC(C)C)(CC(C)C)CC1=O)c1ccccc1,4.12493896484375,5.886557721817614,0.8684567329818538,0.7391304347826086,1.7616187569738644
rf,422,CC(C)(C)OC(=O)NC(Cc1ccccc1)[C@@H](O)CC(Cc1ccc([N+](=O)[O-])cc1)C(=O)NC1c2ccccc2C[C@@H]1O,9.569925308227539,9.555743384152503,0.15522660733728907,1.0,0.014181924075035823
rf,719,CC(C)CCC1(c2ccccc2)CC(=O)C(SCCc2ccccc2)=C(O)O1,7.017728805541992,6.564880751499189,0.4666982617214669,0.8823529411764706,0.4528480540428035
rf,313,CC(C)(C)NC(=O)[C@@H]1C[C@H](Cl)CN1C(=O)[C@@H](O)[C@H](Cc1ccccc1)NC(=O)c1cccc(O)c1,8.045757293701172,8.074233365508803,0.8238309114414407,0.8548387096774194,0.028476071807631342
rf,2137,C[C@H](CCC(=O)N[C@H](CC(=O)OCc1ccccc1)C(=O)O)[C@H]1CC[C@H]2[C@@H]3[C@H](O)C[C@@H]4C[C@H](O)CC[C@]4(C)[C@H]3C[C@H](O)[C@]12C,3.903090000152588,5.944887194179765,1.6052318380569819,0.2980769230769231,2.0417971940271773
rf,509,CC(C)(C)OC(=O)N[C@@H](Cc1ccccc1)[C@@H](O)C[C@@H](Cc1ccc(N)cc1)C(=O)N[C@@H]1c2ccccc2C[C@H]1O,9.509058952331543,9.468738491158255,0.23381824244299923,1.0,0.04032046117328747
rf,533,CC(C)(C)OC(=O)N[C@@H](Cc1ccccc1)[C@@H](O)C[C@@H](Cc1ccccc1)C(=O)NC1Cc2ccccc21,7.6575775146484375,7.340410645959247,0.44324001643949373,0.864406779661017,0.3171668686891902
rf,1089,CC(C)[C@H](NC(=O)OCc1ccccc1)C(=O)NC(Cc1ccc(OCc2ccccc2)cc1)C(=O)C(F)(F)C(=O)N[C@@H](C(=O)O)C(C)C,8.397939682006836,8.083586811815062,0.2640677653627697,0.8870967741935484,0.31435287019177416
rf,1023,CC(C)[C@H](N)C(=O)N[C@@H](Cc1ccccc1)C(O)[C@H](Cc1ccccc1)NC(=O)[C@@H](N)C(C)C,6.229147911071777,6.976487418580193,1.4620609801717082,0.6666666666666666,0.7473395075084159
rf,650,CC(C)(C)OC(=O)N[C@H](CC[C@H](O)[C@H](Cc1ccccc1)NC(=O)OC(C)(C)C)Cc1ccccc1,6.4202165603637695,7.00991269453012,1.3217228971019244,0.8,0.58969613416635
rf,218,CC(C)(C)NC(=O)[C@@H]1CSCN1C(=O)[C@@H](O)[C@H](Cc1ccccc1)NC(=O)[C@H](CC(N)=O)NC(=O)COc1cccc2ccccc12,8.055517196655273,8.287414697555612,0.6692413641825927,0.7058823529411765,0.23189750090033812
rf,479,CC(C)(C)OC(=O)N[C@@H](Cc1ccccc1)[C@@H](O)C[C@@H](C/C=C/c1ccc(O)cc1)C(=O)N[C@H]1c2ccccc2C[C@H]1O,9.769551277160645,9.585432412770816,0.4350530786180707,0.9154929577464789,0.18411886438982883
rf,1133,CC(C)[C@H](NC(=O)OCc1ccncc1)C(=O)N[C@@H](Cc1ccccc1)[C@H](O)[C@H](O)[C@H](Cc1ccccc1)NC(=O)[C@H](NC(=O)OCc1ccncc1)C(C)C,8.638272285461426,8.79121553767052,0.43766311637618777,1.0,0.152943252209095
rf,2338,Cc1ccc(C(=O)N[C@@H](Cc2ccc(C(F)(F)F)cc2)[C@H](O)C(=O)N2C[C@@H](Cl)C[C@H]2C(=O)NC(C)(C)C)c(C)c1O,8.20065975189209,8.132972892089509,0.417941113581342,0.8571428571428571,0.06768685980258127
rf,1641,CC[C@H](C)[C@H](NC(=O)[C@@H]1CCCN1C[C@@H](O)[C@H](Cc1ccccc1)NC(=O)[C@H](CC(N)=O)NC(=O)OCc1ccccc1)C(=O)N[C@H](C(=O)OC)C(C)C,7.0,7.293246992914534,0.5403821002529554,1.0,0.2932469929145336
rf,869,CC(C)CN([C@H](CO)CCCCNC(=O)[C@@H](NC(=O)c1ccncc1)C(c1ccccc1)c1ccccc1)S(=O)(=O)c1ccc(N)cc1,9.187087059020996,9.358697739547427,0.05982332011227804,0.8611111111111112,0.17161068052643103
rf,1068,CC(C)[C@H](NC(=O)N(C)Cc1nc2ccccc2[nH]1)C(=O)N[C@@H](Cc1ccccc1)[C@H](O)[C@H](O)[C@H](Cc1ccccc1)NC(=O)[C@H](NC(=O)N(C)Cc1nc2ccccc2[nH]1)C(C)C,9.0,8.954260546840391,0.3424790635216999,1.0,0.0457394531596087
rf,1229,CC(C)c1ccccc1Sc1c(O)cc(-c2cccc([N+](=O)[O-])c2)oc1=O,7.173925399780273,7.101353708203041,0.6311584426894853,0.8113207547169812,0.07257169157723276
rf,2425,Cc1ccnc(C)c1CNC(=O)[C@H]1N(C(=O)[C@@H](O)C[C@@H](Cc2ccccc2)C(=O)N[C@H]2c3ccccc3OC[C@H]2O)CSC1(C)C,9.142667770385742,9.708781257068402,0.28348350508365755,0.8588235294117647,0.56611348668266
rf,1690,CC[C@H](C)[C@H](NC(=O)[C@H](Cc1ccccc1)C[C@H](O)CN1C[C@H]2CCCC[C@H]2C[C@H]1C(=O)NC(C)(C)C)C(=O)NCc1nc2ccccc2[nH]1,7.522878646850586,7.329419923479858,0.27655520544599826,1.0,0.19345872337072834
rf,1018,CC(C)[C@H](CO)NC(=O)[C@@H]1N[C@@H]([C@H](NC(=O)Cc2ccccc2)C(=O)NCc2ccccc2)SC1(C)C,5.327902317047119,6.188494823876289,0.9359143976651846,0.84375,0.8605925068291702
rf,2468,N#Cc1ccccc1-n1ccc(CN2CCN(C[C@@H](O)C[C@@H](Cc3cccnc3)C(=O)N[C@H]3c4ccccc4OC[C@H]3O)[C@H](C(=O)NCC(F)(F)F)C2)c1,9.337242126464844,9.78689193545322,0.3122860068998575,0.875,0.4496498089883758
rf,557,CC(C)(C)OC(=O)N[C@@H](Cc1ccccc1)[C@@H](O)C[C@@H](Cc1ccccc1)C(=O)N[C@@]1(C)c2ccccc2C[C@H]1O,6.671398639678955,7.5799892992618405,1.1252074188564818,0.6666666666666666,0.9085906595828854
rf,2439,Cc1nc(C)c(C(=O)N[C@H](C(=O)N[C@@H](Cc2ccccc2)C[C@H](O)[C@H](Cc2ccccc2)NC(=O)[C@@H](NC(=O)c2sc(C)nc2C)C(C)C)C(C)C)s1,7.886056423187256,7.822078332244019,1.3074659026811857,0.7894736842105263,0.06397809094323659
rf,1510,CCCc1cc(=O)oc2c3c(c4c(c12)OC(C)(C)C=C4)O[C@@H](C)[C@H](C)[C@@H]3O,4.181833267211914,5.962980444496134,0.9801331709904699,1.0,1.78114717728422
rf,1255,CC1(C)CC2(CC(C)(C)c3cc(N)c(O)cc32)c2cc(O)c(N)cc21.Cl.Cl,4.481485843658447,4.866587519544591,0.6361251314840712,0.7142857142857143,0.3851016758861441
rf,2704,O=c1c(CCCOc2cccc(CO)c2)c(O)oc2ccccc12,5.638272285461426,5.300543444099398,0.6836666414814969,0.74,0.3377288413620274
rf,2605,O=C(N[C@H]1c2ccccc2OC[C@H]1O)[C@H](Cc1ccncc1)C[C@H](O)CN1CCN(Cc2ccc(-c3ccccc3)o2)C[C@H]1C(=O)NCC(F)(F)F,9.828788757324219,9.326378511083217,0.41073298935670044,0.9560439560439561,0.5024102462410021
rf,2333,Cc1ccc(-n2ccc(CN3CCN(C[C@@H](O)C[C@@H](Cc4cccnc4)C(=O)N[C@H]4c5ccccc5OC[C@H]4O)[C@H](C(=O)NCC(F)(F)F)C3)c2)cc1,10.221848487854004,10.07941787868908,0.22173118383231957,0.9090909090909091,0.1424306091649239
rf,1421,CCCC1(CCc2ccccc2)OC(=O)C(C(CC)c2cccc(NS(=O)(=O)c3ccc(C#N)cc3)c2)=C(O)O1,7.823908805847168,6.140701017953749,1.061512354859617,0.7105263157894737,1.6832077878934193
rf,1847,COCCOCCCc1cc(O)c(C(c2cccc(NS(=O)(=O)c3cn(C)cn3)c2)C2CC2)c(=O)o1,5.522878646850586,5.448512900651095,0.5109231899443856,0.7738095238095238,0.07436574619949088
rf,764,CC(C)CN(C[C@@H](O)[C@H](Cc1ccccc1)NC(=O)Cc1cc2ccc(O)cc2oc1=O)S(=O)(=O)c1ccc(N)cc1,6.822175025939941,7.181181705737874,0.5269277623500559,0.9014084507042254,0.35900667979793255
rf,1983,COc1ccc(S(=O)(=O)N(CC(C)C)C[C@@H](O)[C@H](Cc2ccccc2)NC(=O)Oc2c3occc3cc3ccc(=O)oc23)cc1,9.920818328857422,7.669037259934615,1.395641013925306,0.6511627906976745,2.2517810689228073
rf,1620,CC[C@H](C)[C@H](NC(=O)[C@@H](C(C)C)C(O)C(O)[C@H](CC1CCCCC1)NC(=O)[C@H](Cc1c[nH]cn1)NC(=O)COc1cccc2ccccc12)C(=O)NCc1ccccn1,8.74496841430664,7.626786180879815,0.3128354917949416,1.0,1.1181822334268254
rf,1929,COc1ccc(CN2C[C@H](O)[C@@](CCC(C)C)(c3ccc(S(C)(=O)=O)cc3O[C@@H](C)CO)C2=O)cc1,8.148741722106934,6.355530959958148,0.9596648608417784,0.6956521739130435,1.7932107621487852
rf,1427,CCCC1(c2ccccc2)CC(=O)C(SCCc2ccccc2)=C(O)O1,5.2924299240112305,6.540142507819814,0.3601116628984926,0.875,1.2477125838085836
rf,2715,O=c1cc(-c2ccccc2)oc(O)c1C(CC1CCCC1)SC1CCCCC1,6.266802787780762,6.675343526122646,0.4607214244820336,0.9583333333333334,0.408540738341884
rf,358,CC(C)(C)NC(=O)c1ccccc1C[C@@H](O)[C@H](CSc1ccccc1)NC(=O)[C@H](CC(N)=O)NC(=O)OCc1ccccc1,7.853871822357178,7.547004441717692,1.026028421253713,0.863013698630137,0.3068673806394857
rf,1370,CCC(C1=C(O)OC2(CCCCC2)CC1=O)c1ccccc1,6.107905387878418,5.713103177228702,0.39208479082956477,1.0,0.39480221064971577
rf,272,CC(C)(C)NC(=O)[C@@H]1C[C@@H]2CCCC[C@@H]2CN1C[C@@H](O)[C@H](Cc1ccccc1)NC(=O)[C@@H](NC(=O)c1cc(=O)c2ccccc2o1)[C@H]1CCOC1,9.95860767364502,8.436338254378013,1.6659041176812297,0.7888888888888889,1.5222694192670065
rf,1269,CC1(C)S[C@H](CNC(=O)Cc2ccccc2)N[C@H]1C(=O)NCCNC(=O)[C@@H]1N[C@@H](CNC(=O)Cc2ccccc2)SC1(C)C,5.107905387878418,6.177662553950046,1.8667705107190546,0.7288135593220338,1.0697571660716276
rf,102,CC(C)(C)NC(=O)N(CC1CCCCC1)C[C@@H](O)[C@H](Cc1ccccc1)NC(=O)[C@H](CC(N)=O)NC(=O)OCc1ccccc1,7.537601947784424,7.373378061467499,0.7544537510181465,0.7866666666666666,0.16422388631692453
rf,498,CC(C)(C)OC(=O)N[C@@H](Cc1ccccc1)[C@@H](O)C[C@@H](Cc1ccc(C(F)(F)F)cc1)C(=O)N[C@H]1c2ccccc2C[C@H]1O,9.585026741027832,9.583614880529701,0.1295493993985272,1.0,0.0014118604981305793
rf,259,CC(C)(C)NC(=O)[C@@H]1C[C@@H]2CCCC[C@@H]2CN1C[C@@H](O)[C@H](Cc1ccccc1)NC(=O)O[C@H]1CCS(=O)(=O)C1,7.1191864013671875,7.234050898948275,0.9255046777777189,0.9714285714285714,0.1148644975810873
rf,96,CC(C)(C)NC(=O)C1CN(Cc2csc3ncccc23)CCN1CC(O)CC(Cc1ccccc1)C(=O)NC1c2ccccc2CC1O,9.698969841003418,9.437445028592668,0.623466221814553,0.7956989247311828,0.2615248124107499
rf,251,CC(C)(C)NC(=O)[C@@H]1C[C@@H]2CCCC[C@@H]2CN1C[C@@H](O)[C@H](Cc1ccccc1)NC(=O)O[C@@H]1CCS(=O)(=O)C1,6.853871822357178,7.234050898948275,0.9255046777777189,0.9714285714285714,0.38017907659109706
rf,2590,O=C(N[C@H]1c2ccccc2OC[C@H]1O)[C@H](Cc1cccnc1)C[C@H](O)CN1CCN(Cc2ccn(-c3ccc(C(F)(F)F)cc3)c2)C[C@H]1C(=O)NCC(F)(F)F,10.397939682006836,10.13028527564397,0.30581329577466165,0.9090909090909091,0.2676544063628654
rf,2232,Cc1cc(SC2=C(O)OC(CCc3ccc(N)cc3)(C3CCCCC3)CC2=O)c(C(C)(C)C)cc1CO,8.494850158691406,8.387783972508773,0.4972437649431561,0.7066666666666667,0.10706618618263342
rf,782,CC(C)CN(C[C@@H](O)[C@H](Cc1ccccc1)NC(=O)O[C@H]1CCNC1)S(=O)(=O)c1ccc(NO)cc1,5.2924299240112305,4.995804700375477,0.4504926613628642,1.0,0.29662522363575317
rf,1746,COC(=O)N(C)C(C(=O)N[C@@H](Cc1ccccc1)[C@H](O)CN(CC1CCCCC1)NC(=O)C(C(C)C)N(C)C(=O)OC)C(C)C,6.0,6.811590181756925,0.761419342516377,0.7058823529411765,0.8115901817569249
rf,1025,CC(C)[C@H](NC(=O)/C=C/c1ccccn1)C(=O)N[C@@H](Cc1ccccc1)[C@@H](O)[C@@H](O)[C@H](Cc1ccccc1)NC(=O)[C@H](NC(=O)/C=C/c1ccccn1)C(C)C,9.0,8.662742632004946,0.6893042972164197,0.6779661016949152,0.3372573679950541
rf,2247,Cc1cc(SC2=C(O)OC(CCc3ccc(O)cc3)(C(C)C)CC2=O)c(C(C)(C)C)cc1NS(=O)(=O)c1ccc(C#N)cc1,8.657577514648438,8.4243127702606,0.2398920304200669,0.8987341772151899,0.23326474438783684
rf,2111,C[C@@H](NC(=O)N(C[C@@H](O)[C@H](Cc1ccccc1)NC(=O)[C@H](CC(N)=O)NC(=O)OCc1ccccc1)C(C)(C)C)c1ccccc1,5.186999797821045,5.647427772749415,0.8282315274192842,1.0,0.4604279749283702
rf,1804,COC(=O)[C@@H]1Cc2ccccc2[C@@H]1NC(=O)[C@H](Cc1ccccc1)C[C@H](O)[C@H](Cc1ccccc1)NC(=O)OC(C)(C)C,7.179241180419922,7.262200820195458,0.46070119516357416,1.0,0.08295963977553633
rf,1271,CC1(C)S[C@H]([C@@H](COC(=O)c2ccccc2)NC(=O)Cc2ccccc2)N[C@H]1C(=O)NCCNC(=O)[C@@H]1N[C@@H]([C@@H](COC(=O)c2ccccc2)NC(=O)Cc2ccccc2)SC1(C)C,7.15490198135376,6.837731146787653,1.3381748740899653,0.6935483870967742,0.31717083456610684
rf,2537,O=C(N[C@@H](Cc1ccccc1)[C@@H](O)C[C@@H](Cc1ccccc1)C(=O)N[C@H]1c2ccccc2C[C@H]1O)OC1CCOC1,10.522878646850586,10.345948891938088,0.19892592355474342,1.0,0.17692975491249818
rf,2675,O=C1N(Cc2ccccc2)[C@@H](Cc2ccccc2)C(O)[C@H](Cc2ccccc2)N1Cc1ccccc1,4.050610065460205,5.807990003292139,1.1998166998110413,0.8,1.7573799378319341
rf,2166,C[C@H]1[C@H](OC(=O)N[C@@H](CSc2ccccc2)[C@H](O)CN2C[C@H]3CCS[C@H]3C[C@H]2C(=O)NC(C)(C)C)CCS1(=O)=O,8.853872299194336,8.750568012033257,0.3169928960583611,1.0,0.10330428716107853
rf,456,CC(C)(C)OC(=O)N[C@@H](Cc1ccccc1)C[C@H](O)[C@H](Cc1ccccc1)NC(=O)c1ccc(O)c(O)c1,8.387216567993164,8.410893949962386,0.6181742835495383,0.8448275862068966,0.023677381969221756
rf,462,CC(C)(C)OC(=O)N[C@@H](Cc1ccccc1)C[C@H](O)[C@H](Cc1ccccc1)NC(=O)c1ccccc1O,6.838632106781006,7.870049658835047,1.0595186545796353,0.8545454545454545,1.031417552054041
rf,2279,Cc1cc(SC2=C(O)OC(CCc3ccc(O)cc3)(CC(C)C)CC2=O)c(C(C)(C)C)cc1N,7.86966609954834,8.372301693261443,0.20847909641942886,0.8181818181818182,0.5026355937131033
rf,767,CC(C)CN(C[C@@H](O)[C@H](Cc1ccccc1)NC(=O)Cc1ccc(O)cc1)S(=O)(=O)c1ccc(N)cc1,7.494442939758301,7.987859908906616,0.7645668519098076,0.8360655737704918,0.49341696914831523
rf,381,CC(C)(C)NC(=O)c1ccccc1C[C@@H](O)[C@H](Cc1ccccc1)NC(=O)[C@H](CSc1cccc2ccccc12)NS(C)(=O)=O,8.920818328857422,7.9431790532782784,0.8896324351082051,0.7857142857142857,0.9776392755791434
rf,2276,Cc1cc(SC2=C(O)OC(CCc3ccc(O)cc3)(C3CCCCC3)CC2=O)c(C(C)(C)C)cc1OS(=O)(=O)c1ccc(C#N)cc1,7.677780628204346,7.6635915063349875,0.5485187731585882,0.8452380952380952,0.014189121869358168
rf,705,CC(C)C(NC(=O)OCc1ccccc1)C(=O)N[C@H](CC[C@@H](O)[C@H](Cc1ccccc1)NC(=O)C(NC(=O)OCc1ccccc1)C(C)C)Cc1ccccc1,6.698969841003418,8.530009722736517,0.862574635159433,1.0,1.8310398817330995
rf,841,CC(C)CN(C[C@@H](O)[C@H](NC(=O)O[C@@H]1CCOC1)Sc1ccccc1)S(=O)(=O)c1ccc(N)cc1,5.853871822357178,5.068071920660909,0.6820333445199451,1.0,0.7857999016962687
rf,1879,COc1cc(C(=O)N[C@@H](Cc2ccccc2)[C@H](O)CN(C[C@H](C)O)S(=O)(=O)c2ccc([N+](=O)[O-])cc2)cc(OC)c1O,7.120159149169922,7.944402335175202,0.4656264900127504,1.0,0.8242431860052797
rf,2380,Cc1ccc2oc(=O)c3cc(N)ccc3c2c1,4.0,4.9366544576011195,1.2020582170733947,0.625,0.9366544576011195
rf,2681,O=C1N[C@@H](Cc2ccccc2)C(O)[C@H](Cc2ccccc2)N1,4.0,5.175462989409571,1.181522525669836,0.5428571428571428,1.1754629894095707
rf,1535,CCNC(=O)[C@@H](NC(=O)CCc1ccccc1)[C@@H]1N[C@@H](C(=O)NCCNC(=O)[C@@H]2N[C@@H]([C@H](NC(=O)CCc3ccccc3)C(=O)NCC)SC2(C)C)C(C)(C)S1,8.619789123535156,7.799355592527988,0.9663767500839466,0.8245614035087719,0.8204335310071684
rf,2238,Cc1cc(SC2=C(O)OC(CCc3ccc(O)cc3)(C(C)C)CC2=O)c(C(C)(C)C)cc1NC(=O)OC(C)(C)C,7.040958404541016,8.237082131046687,0.3664249409694873,0.8333333333333334,1.1961237265056717
rf,2321,Cc1cc(SC2=C(O)OC(CCc3nccs3)(C(C)C)CC2=O)c(C(C)(C)C)cc1CO,9.244125366210938,8.702177876868012,0.6279641914215686,0.8169014084507042,0.5419474893429257
rf,2548,O=C(N[C@@H](Cc1ccccc1)[C@@H](O)C[C@]1(Cc2ccccc2)N=CC([C@@H]2CNC(=O)c3ccccc32)=C1O)O[C@H]1CCOC1,8.244125366210938,8.381750124817353,0.44685925409040067,1.0,0.13762475860641565
rf,2132,C[C@@H]1OCC[C@@H]1OC(=O)N[C@@H](Cc1ccccc1)[C@H](O)CN1C[C@H]2CCCC[C@H]2C[C@H]1C(=O)NC(C)(C)C,7.28066873550415,7.128029359296007,0.49764834981724326,1.0,0.1526393762081435
rf,1110,CC(C)[C@H](NC(=O)OCc1ccccc1)C(=O)N[C@@H](Cc1ccccc1)[C@H](O)CNC(=O)CCC(=O)NC(C)(C)C,5.083546161651611,6.7335115444831874,0.9360545155456912,0.8225806451612904,1.6499653828315761
rf,1543,CCNC(=O)[C@@H](NC(=O)Cc1ccccc1)[C@@H]1N[C@@H](C(=O)NCCNC(=O)[C@@H]2N[C@@H]([C@H](NC(=O)Cc3ccccc3)C(=O)NCC)SC2(C)C)C(C)(C)S1.O.O,5.886056423187256,6.788513819747262,1.1237107002234177,1.0,0.9024573965600062
rf,567,CC(C)(C)OC(=O)N[C@@H](Cc1ccccc1)[C@@H](O)C[C@@H](Cc1ccccc1)C(=O)N[C@H]1c2ccccc2CC[C@H]1O,9.157461166381836,9.028859747637004,0.4514687499345106,1.0,0.12860141874483233
rf,1971,COc1ccc(S(=O)(=O)N(CC(C)C)C[C@@H](O)[C@H](Cc2ccccc2)NC(=O)Cc2cccc(OC)c2)cc1,8.158015251159668,7.541656975270414,0.32257793478261576,0.9016393442622951,0.6163582758892536
rf,1190,CC(C)c1ccccc1SC1=C(O)OC(CCC(=O)N2CCSCC2)(c2ccccc2)CC1=O,5.957424640655518,6.175312560585004,0.6254924355828549,0.90625,0.21788791992948653
rf,2701,O=c1c(C(c2ccc3c(c2)OCO3)c2c(O)oc3ccccc3c2=O)c(O)oc2ccccc12,4.522878646850586,5.4673834884099275,0.6787506169001043,0.6904761904761905,0.9445048415593416
rf,817,CC(C)CN(C[C@@H](O)[C@H](Cc1ccccc1)NC(=O)c1cc2cc(O)ccc2o1)S(=O)(=O)c1ccc(N)cc1,5.343901634216309,5.782802664889815,0.9360858894520832,0.855072463768116,0.43890103067350683
rf,765,CC(C)CN(C[C@@H](O)[C@H](Cc1ccccc1)NC(=O)Cc1cc2ccc(O)cc2oc1=O)S(=O)(=O)c1ccc([N+](=O)[O-])cc1,6.254144668579102,7.166717381400156,0.7317038942724947,0.8717948717948718,0.9125727128210546
rf,2562,O=C(N[C@@H](Cc1ccccc1)[C@H](O)CNC[C@@H](O)[C@H](Cc1ccccc1)NC(=O)OCc1ccccc1)OCc1ccccc1,5.4685211181640625,6.199504999297872,1.088451825926237,0.7272727272727273,0.7309838811338096
rf,1611,CC[C@H](C)[C@H](NC(=O)CNC(=O)CSCC1CCN2CCC(CO[Si](c3ccccc3)(c3ccccc3)C(C)(C)C)N=C2N1)C(=O)N[C@@H](COCc1ccccc1)C(=O)N[C@@H](Cc1ccc(OCc2ccccc2)cc1)C(=O)N[C@@H](CC(N)=O)C(=O)N[C@@H](CC(C)C)C(=O)OC,5.481485843658447,5.6936366952293165,1.1032373588714055,0.8264462809917356,0.21215085157086921
rf,435,CC(C)(C)OC(=O)N[C@@H](Cc1ccc(OCCN2CCOCC2)cc1)[C@@H](O)C[C@@H](Cc1ccc(OCCN2CCOCC2)cc1)C(=O)NC1c2ccccc2C[C@H]1O,8.721246719360352,9.384537102060234,0.6203614982632079,0.9125,0.6632903826998824
rf,937,CC(C)C[C@H](NC(=O)[C@H](Cc1ccc(-c2ccccc2)cc1)C[C@H](O)[C@H](Cc1ccccc1)NC(=O)OC(C)(C)C)C(=O)N[C@@H](Cc1ccccc1)C(N)=O,9.366531372070312,8.930522912247602,0.5293274573128406,0.9322033898305084,0.43600845982271075
rf,237,CC(C)(C)NC(=O)[C@@H]1C[C@@H]2CCCC[C@@H]2CN1C[C@@H](O)[C@H](CSc1ccc2ccccc2c1)NC(=O)[C@H](CC(N)=O)NC(=O)c1ccc2ccccc2n1,9.602060317993164,8.529744179793251,1.0020513767786043,0.9069767441860465,1.0723161381999127
rf,2596,O=C(N[C@H]1c2ccccc2OC[C@H]1O)[C@H](Cc1cccnc1)C[C@H](O)CN1CCN(Cc2ccn(-c3cccc(Cl)c3)c2)C[C@H]1C(=O)NCC(F)(F)F,10.301030158996582,10.438474875260297,0.21170043506765482,0.9029126213592233,0.13744471626371535
rf,109,CC(C)(C)NC(=O)N(Cc1ccncc1)CC(O)[C@H](Cc1ccccc1)NC(=O)[C@H](CC(N)=O)NC(=O)c1ccc2ccccc2n1,7.721017837524414,8.136845052536486,0.46234902998657634,0.9295774647887324,0.4158272150120723
rf,1809,COC(=O)[C@H](CC(N)=O)NC(=O)[C@H](CC(C)C)NC(=O)[C@@H](NC(=O)CCCOc1ccc2ccc(OCCCC(=O)N[C@H](C(=O)N[C@@H](CC(C)C)C(=O)N[C@H](C(=O)OC)C(C)C)C(C)C)cc2n1)[C@@H](C)O,5.2924299240112305,5.744699143889457,0.3972287876459436,0.8888888888888888,0.4522692198782261
rf,163,CC(C)(C)NC(=O)[C@@H]1CN(CCCC(F)(F)F)CCN1C[C@@H](O)C[C@@H](Cc1ccccc1)C(=O)NC1c2ccccc2C[C@H]1O,7.030479907989502,8.931689475612098,0.6097205614025897,0.8125,1.9012095676225957
rf,2091,COc1ccccc1OCCCc1c(O)oc2ccccc2c1=O,4.3565473556518555,5.75957025768454,1.4709716585162067,0.7608695652173914,1.403022902032684
rf,252,CC(C)(C)NC(=O)[C@@H]1C[C@@H]2CCCC[C@@H]2CN1C[C@@H](O)[C@H](Cc1ccccc1)NC(=O)O[C@@H]1CCS(=O)(=O)[C@@H]1C1CCCC1,7.6458916664123535,7.961798437293919,0.708225198846285,1.0,0.3159067708815657
rf,1731,CNC(=O)N(CC(C)C)CC(O)[C@H](Cc1ccccc1)NC(=O)[C@H](CC(N)=O)NC(=O)OCc1ccccc1,5.824001312255859,6.11994447760279,0.4198622982922789,1.0,0.2959431653469302
rf,1368,CCC(C1=C(O)OC(Cc2ccccc2)(c2ccccc2)CC1=O)c1ccccc1,5.0,6.021995018470546,0.7946017368896593,0.7291666666666666,1.0219950184705464
rf,1614,CC[C@H](C)[C@H](NC(=O)OCc1ccccc1)C(=O)N[C@@H](Cc1ccccc1)C(O)[C@H](Cc1ccccc1)NC(=O)[C@H](NC(=O)OCc1ccccc1)[C@@H](C)CC,8.30980396270752,7.916115051291379,0.9394714827364626,0.8085106382978723,0.3936889114161408
rf,1632,CC[C@H](C)[C@H](NC(=O)[C@@H](NC(=O)[C@@H](N)CCC(N)=O)C(C)C)C(=O)N[C@@H](CC(C)C)[C@@H](O)CC(=O)N[C@@H](CCC(N)=O)C(=O)N[C@@H](CO)C(=O)O,5.0970001220703125,5.465452159063116,1.210739749237591,0.620253164556962,0.36845203699280393
rf,2545,O=C(N[C@@H](Cc1ccccc1)[C@@H](O)C[C@]1(Cc2ccccc2)CCN([C@@H]2CS(=O)(=O)Cc3ccccc32)C1=O)O[C@H]1CCOC1,8.74472713470459,7.2184605264283945,0.9842683620815801,0.7349397590361446,1.5262666082761953
rf,2174,Cc1c(O)cc(F)cc1C(=O)N[C@@H](Cc1ccccc1)[C@H](O)C(=O)N1C[C@@H](Cl)C[C@H]1C(=O)NC(C)(C)C,8.769551277160645,8.811459387434578,0.2952354673419219,0.8571428571428571,0.041908110273933374
rf,2788,O[C@H]([C@@H](O)[C@H](COCc1ccccc1)OCc1ccccc1)[C@H](COCc1ccccc1)OCc1ccccc1,4.301030158996582,4.833319300189202,0.4107492366661942,1.0,0.5322891411926198
rf,644,CC(C)(C)OC(=O)N[C@@H](Cc1ccccc1)[C@H](O)COC[C@@H](O)[C@H](Cc1ccccc1)NC(=O)OC(C)(C)C,5.0,6.433491321259141,1.0309203522903936,0.7674418604651163,1.4334913212591411
rf,1004,CC(C)[C@@H]1[C@H](OC(=O)N[C@@H](Cc2ccccc2)[C@H](O)CN2CCN(Cc3cc4sccc4s3)C[C@H]2C(=O)NC(C)(C)C)CCS1(=O)=O,9.494850158691406,9.656801683902463,0.6243849087835944,0.8478260869565217,0.16195152521105705
rf,1080,CC(C)[C@H](NC(=O)OC(C)(C)C)C(=O)NC(Cc1ccc(OCc2ccccc2)cc1)C(=O)C(F)(F)C(=O)NCc1ccccc1,6.0,7.639297099577639,1.1507526635634742,0.7428571428571429,1.6392970995776386
rf,707,CC(C)CC(NC(=O)OCc1ccccc1)C(=O)NC(Cc1ccccc1)C(=O)C(F)(F)C(=O)NCc1ccccc1,3.124938726425171,7.5815321705198535,0.9299825165369634,0.8833333333333333,4.456593444094683
rf,2332,Cc1ccc(-c2cc(O)c(Sc3ccccc3C(C)C)c(=O)o2)cc1,7.229147911071777,7.19891770891538,0.5495660641316819,0.8409090909090909,0.030230202156396935
gin,1088,CC(C)[C@H](NC(=O)OCc1ccccc1)C(=O)NC(Cc1ccc(OCc2ccccc2)cc1)C(=O)C(F)(F)C(=O)N1CCc2ccccc2C1,8.698969841003418,8.07534739299929,0.18127886245280628,0.8970588235294118,0.6236224480041272
gin,772,CC(C)CN(C[C@@H](O)[C@H](Cc1ccccc1)NC(=O)OC[C@H]1CN(C)CCO1)S(=O)(=O)c1ccc(O)cc1,8.812479019165039,8.4003964770815,0.24197574591501184,0.8648648648648649,0.4120825420835388
gin,2616,O=C(O)c1cc(C(=CCC23CC4CC(CC(C4)C2)C3)c2cc(Cl)c(O)c(C(=O)O)c2)cc(Cl)c1O,6.431798458099365,5.257935375194023,0.5215232545166699,0.40789473684210525,1.173863082905342
gin,1192,CC(C)c1ccccc1SC1=C(O)OC(CCCC(=O)N(C)Cc2ccccc2)(c2ccccc2)CC1=O,6.170053482055664,6.75580646761582,0.0059567533964936656,0.8507462686567164,0.5857529855601555
gin,1651,CC[C@H](C)[C@H](NC(=O)[C@H](C(C)C)C(O)[C@H](O)[C@H](CC1CCCCC1)NC(=O)c1ncccc1OCOc1ccccc1)C(=O)NCc1nc2ccccc2[nH]1,6.268000602722168,7.251218797882898,0.025103989166106032,0.7708333333333334,0.9832181951607302
gin,1613,CC[C@H](C)[C@H](NC(=O)C[C@H](O)[C@H](CC1CCCCC1)NC(=O)CC1C=CCN2C(=O)CCC(CNCc3ccccc3)C(=O)N12)C(=O)N[C@@H](Cc1ccccc1)C(=O)O,3.443697452545166,5.92194461996624,0.35934252978557735,0.7676767676767676,2.478247167421074
gin,2211,Cc1cc(SC2=C(O)OC(C)(CCc3ccc(O)cc3)CC2=O)c(C(C)(C)C)cc1NS(C)(=O)=O,8.013228416442871,8.67936159134328,0.04313568856999778,0.8169014084507042,0.6661331749004091
gin,2018,COc1ccc(S(=O)(=O)N(CC(C)C)C[C@@H](O)[C@H](Cc2ccccc2)NC(=O)c2ccc(O)cc2C)cc1,8.301030158996582,8.112707306710021,0.24399522055689488,0.8787878787878788,0.18832285228656076
gin,1395,CCC1(CC=C(C)C)Oc2ccccc2-n2cccc2C1=O,6.522878646850586,5.413592239587402,0.40589806579427695,0.2054794520547945,1.109286407263184
gin,1114,CC(C)[C@H](NC(=O)OCc1ccccc1)C(=O)N[C@@H](Cc1ccccc1)[C@H](O)CNC(=O)[C@H](CC(=O)NC(C)(C)C)C(C)(C)C,8.522878646850586,7.138340094169784,0.2039449679188178,1.0,1.3845385526808016
gin,2405,Cc1cccc(C[C@@H](O)[C@H](Cc2ccccc2)NC(=O)[C@H](CC(N)=O)NC(=O)c2ccc3ccccc3n2)c1C(=O)NC(C)(C)C,7.552842140197754,8.22582820908626,0.11423572242704515,0.8243243243243243,0.6729860688885054
gin,2598,O=C(N[C@H]1c2ccccc2OC[C@H]1O)[C@H](Cc1cccnc1)C[C@H](O)CN1CCN(Cc2ccn(-c3ccccc3)c2)C[C@H]1C(=O)NCC(F)(F)F,8.603800773620605,9.836170267772076,0.19462796188178177,0.9375,1.2323694941514702
gin,1702,CCc1ccccc1C(=O)N[C@@H](Cc1ccccc1)[C@H](O)CN(CC(C)C)S(=O)(=O)c1ccc(OC)cc1,8.0,7.334939685614795,0.15838996347045972,0.8253968253968254,0.6650603143852054
gin,1011,CC(C)[C@@H]1[C@H](OC(=O)N[C@@H](Cc2ccccc2)[C@H](O)CN2CCN(Cc3ccncc3)C[C@H]2C(=O)NC(C)(C)C)CCS1(=O)=O,7.887733459472656,7.852592733635298,0.2397692171888746,0.8795180722891566,0.03514072583735839
gin,2107,CSc1nccc(-c2ccc(S(=O)(=O)N3CCN(C[C@H](O)C[C@@H](Cc4ccccc4)C(=O)NCc4c(C)cc(O)cc4C)[C@@H](C(=O)NC(C)(C)C)C3)s2)n1,9.698969841003418,9.463665756406499,0.31549632046889936,0.71,0.23530408459691898
gin,457,CC(C)(C)OC(=O)N[C@@H](Cc1ccccc1)C[C@H](O)[C@H](Cc1ccccc1)NC(=O)c1ccc(O)cc1,8.481486320495605,8.07464294504382,0.2716760224651177,0.88,0.4068433754517855
gin,679,CC(C)(c1cc2cnccc2o1)N1CCN(C[C@@H](O)C[C@@H](Cc2ccccc2)C(=O)N[C@H]2c3ccccc3OC[C@H]2O)[C@H](C(=O)NCc2ccccc2)C1,8.659555435180664,9.104744552358824,0.11100973450130713,0.9148936170212766,0.4451891171781597
gin,2632,O=C(OC1COc2cccc(O)c2C1)c1ccc(O)c(O)c1O,4.189297199249268,4.4028877049772746,0.09255360601496493,0.7291666666666666,0.21359050572800697
gin,321,CC(C)(C)NC(=O)[C@@H]1C[C@H](OCc2ccccc2)CN1CC(O)CNC(=O)[C@@H]1N[C@@H](C(NC(=O)Cc2ccccc2)C(=O)NCc2ccccc2)SC1(C)C,6.187086582183838,6.032906394512565,0.36246099764945544,0.872093023255814,0.1541801876712725
gin,1099,CC(C)[C@H](NC(=O)OCc1ccccc1)C(=O)N[C@@H](Cc1ccccc1)[C@@H](O)CN(Cc1ccc(C#N)cc1)NC(=O)[C@@H](NC(=O)OCc1ccccc1)C(C)C,7.619788646697998,7.256749599174104,0.25362147384141465,0.85,0.3630390475238938
gin,1754,COC(=O)N[C@H](C(=O)NCCCC[C@@H](CO)N(CC(C)C)S(=O)(=O)c1ccc(N)cc1)C(c1ccccc1)c1ccccc1,9.301030158996582,8.977826684168349,0.2481598545896774,1.0,0.3232034748282331
gin,2712,O=c1cc(-c2cccc(OC(F)(F)F)c2)oc(O)c1SCc1ccccc1,5.669586181640625,6.491686994701176,0.18737899534338728,0.6862745098039216,0.8221008130605512
gin,402,CC(C)(C)NC(=O)c1ccccc1OC[C@H](O)[C@H](Cc1ccccc1)NC(=O)[C@H](CC(N)=O)NS(=O)(=O)c1ccc2ccccc2c1,6.37161111831665,6.8953148260217105,0.06822072045383319,0.6626506024096386,0.5237037077050601
gin,2452,Cn1cc(CN2CCN(C[C@@H](O)C[C@@H](Cc3ccccc3)C(=O)NC3c4ccccc4C[C@H]3O)[C@H](C(=O)NC(C)(C)C)C2)ccc1=O,7.770153045654297,9.124851259873424,0.36037069376614816,0.7906976744186046,1.3546982142191268
gin,700,CC(C)C(NC(=O)C[C@@H]1O[C@@H]1[C@H](Cc1ccccc1)NC(=O)[C@H](CC(N)=O)NC(=O)c1ccc2ccccc2n1)C(C)C,7.698969841003418,8.024714419002919,0.05379787253489665,0.8714285714285714,0.32574457799950096
gin,433,CC(C)(C)OC(=O)N[C@@H](Cc1ccc(O)cc1)[C@@H](O)C[C@@H](Cc1ccccc1)C(=O)NC1c2ccccc2C[C@H]1O,9.455931663513184,9.474418437763148,0.19706993674040227,1.0,0.01848677424996481
gin,2498,Nc1ccc(S(=O)(=O)N(C[C@@H](O)[C@H](Cc2ccccc2)NC(=O)O[C@H]2CO[C@H]3OCC[C@H]32)OC2CCCC2)cc1,6.673664093017578,7.80968205464746,0.07929029758899846,0.9859154929577465,1.1360179616298822
gin,831,CC(C)CN(C[C@@H](O)[C@H](Cc1ccccc1)NC(=O)c1ccc(O)cc1O)S(=O)(=O)c1ccc(C(F)(F)F)cc1,8.05453109741211,8.556098227713605,0.19108685272428436,0.9076923076923077,0.5015671303014955
gin,1921,COc1ccc(CC(=O)N[C@@H](Cc2ccccc2)[C@H](O)CN(CC(C)C)S(=O)(=O)c2ccc(SC)cc2)cc1O,8.032451629638672,7.952585009667395,0.013926867983777716,0.8857142857142857,0.07986661997127698
gin,1241,CC(C1=C(O)OC(C(=O)NCCc2ccc(Cl)cc2)(C(C)C)C1=O)c1ccccc1,4.508638381958008,5.519539888777388,0.09344343311373327,0.5238095238095238,1.0109015068193798
gin,845,CC(C)CN(C[C@H](O)[C@H](Cc1ccccc1)NC(=O)[C@H](CC(N)=O)NC(=O)c1ccc2ccccc2n1)C(=O)NC(C)(C)C,5.0,7.8052537113310265,0.13587705897993033,1.0,2.8052537113310265
gin,408,CC(C)(C)NS(=O)(=O)CC[C@@H]1O[C@@H]1[C@H](Cc1ccccc1)NOC(=O)CCC(=O)NC(=O)c1ccc2ccccc2n1,7.522878646850586,7.057916863322749,0.1865504447516995,0.5,0.464961783527837
gin,1659,CC[C@H](C)[C@H](NC(=O)[C@H](C/C=C/c1ccccc1)C[C@H](O)[C@H](Cc1ccccc1)NC(=O)OC(C)(C)C)C(=O)NCc1nc2ccccc2[nH]1,10.522878646850586,8.681722208511474,0.07923268498954274,0.8375,1.8411564383391124
gin,605,CC(C)(C)OC(=O)N[C@@H](Cc1ccccc1)[C@H](O)CNC[C@@H](O)[C@H](Cc1ccc(OCCO)cc1)NC(=O)OC(C)(C)C,7.193819999694824,7.208240078838191,0.24986285294457017,0.8333333333333334,0.014420079143366848
gin,1992,COc1ccc(S(=O)(=O)N(CC(C)C)C[C@@H](O)[C@H](Cc2ccccc2)NC(=O)[C@H]2CCNC2)cn1,5.324221611022949,5.60446006407571,0.045886509075012946,1.0,0.2802384530527604
gin,495,CC(C)(C)OC(=O)N[C@@H](Cc1ccccc1)[C@@H](O)C[C@@H](Cc1ccc(C(C)(C)C)cc1)C(=O)N[C@H]1c2ccccc2C[C@H]1O,9.769551277160645,9.254191455498074,0.0811425312192274,0.9047619047619048,0.515359821662571
gin,211,CC(C)(C)NC(=O)[C@@H]1CN(S(=O)(=O)c2cccc3cccnc23)CCN1C[C@@H](O)C[C@@H](Cc1ccccc1)C(=O)NC1c2ccccc2C[C@H]1O,10.886056900024414,9.374992227074983,0.28433928998069924,0.9318181818181818,1.5110646729494306
gin,941,CC(C)C[C@H](NC(=O)[C@H](Cc1ccccc1)C[C@H](O)[C@H](Cc1ccccc1)NC(=O)CC(C)(C)C)C(=O)N[C@@H](Cc1ccccc1)C(N)=O,8.221848487854004,8.002126466709683,0.3545823179157301,0.7580645161290323,0.21972202114432093
gin,1420,CCCC1(CCc2ccccc2)CC(=O)C(C(c2cccc(NS(=O)(=O)c3cn(C)cn3)c2)C2CC2)=C(O)O1,6.0,5.797792375813529,0.15267240709648505,0.8933333333333333,0.20220762418647098
gin,1684,CC[C@H](C)[C@H](NC(=O)[C@H](Cc1ccccc1)CC(O)CN1C[C@H]2CCCC[C@H]2C[C@H]1C(=O)NC(C)(C)C)C(=O)OC,6.06048059463501,6.945505797328695,0.287612770569316,0.7529411764705882,0.8850252026936856
gin,1990,COc1ccc(S(=O)(=O)N(CC(C)C)C[C@@H](O)[C@H](Cc2ccccc2)NC(=O)[C@H]2CCCN2)cc1,4.40022611618042,5.654286182994184,0.04664806250385257,1.0,1.2540600668137643
gin,1449,CCCCCCCCCCCCCCCC(=O)Nc1c(OC(=O)CCCCCCCCCCCCCCC)cc(S(=O)(=O)O)c2ccccc12,5.661561965942383,5.5028521161929405,0.3694996726025753,0.5084745762711864,0.15870984974944236
gin,2066,COc1ccc([C@H]2[C@]3(CO)C4N(C)C5[C@]2(CO)C2N(C)C3[C@]4(CO)[C@H](c3ccc(OC)cc3)[C@]52CO)cc1,3.709965467453003,4.584862435105748,0.10311579107119992,0.65,0.8748969676527452
gin,296,CC(C)(C)NC(=O)[C@@H]1C[C@@H]2CCCC[C@@H]2CN1C[C@H](O)[C@H](Cc1ccccc1)NC(=O)[C@H](CC(N)=O)NC(=O)OCc1ccccc1,8.568958282470703,7.206313679921872,0.04560034599167959,1.0,1.3626446025488308
gin,1588,CC[C@@H](C)[C@H](NC(=O)[C@@H](NC(=O)CCCOc1cccc(OCCCC(=O)N[C@H](C(=O)N[C@H](C(=O)N[C@H](C(=O)OC)C(C)C)[C@H](C)CC)C(C)O)n1)C(C)O)C(=O)N[C@H](C(=O)OC)C(C)C,5.376750946044922,5.983373765097227,0.25913436436532183,0.6507936507936508,0.6066228190523049
gin,572,CC(C)(C)OC(=O)N[C@@H](Cc1ccccc1)[C@@H](O)C[C@@H](Cc1ccccc1)C(=O)N[C@H]1c2ccccc2[C@@H](O)[C@H]1O,10.0,9.392822371059538,0.10201496003730265,1.0,0.6071776289404625
gin,2641,O=C1C(=O)c2ccccc2C(O)=C1Cc1ccc(Cl)cc1,5.522878646850586,4.723597154250399,0.1711216214076885,0.625,0.799281492600187
gin,1626,CC[C@H](C)[C@H](NC(=O)[C@@H](N)CO)C(=O)N[C@@H](C)C(=O)NC12NC(=O)C3(O)C4C5CC(C6C5C3C61)C42,5.650515079498291,5.77739756514444,0.05552806499276533,0.8169014084507042,0.12688248564614923
gin,1374,CCC(CC)NC(=O)C[C@@H](C(=O)NC[C@@H](O)[C@H](Cc1ccccc1)NC(=O)[C@@H](NC(=O)OCc1ccccc1)C(C)C)C(C)(C)C,8.537602424621582,7.921492428473698,0.0468374542173386,0.9206349206349206,0.616109996147884
gin,677,CC(C)(c1cc2cnccc2o1)N1CCN(C[C@@H](O)C[C@@H](Cc2ccccc2)C(=O)N[C@H]2c3ccccc3OC[C@H]2O)[C@H](C(=O)NCC2CC2)C1,9.301030158996582,9.0352091852574,0.08767659413316428,0.8958333333333334,0.26582097373918145
gin,1940,COc1ccc(S(=O)(=O)N(CC(C)C)C[C@@H](O)[C@H](Cc2ccccc2)NC(=O)/C=C/c2ccc(O)c(O)c2)cc1,9.795880317687988,8.593377246447432,0.08817847007941623,0.8857142857142857,1.2025030712405567
gin,858,CC(C)CN([C@H](CO)CCCCNC(=O)[C@@H](NC(=O)OCc1ccccn1)C(c1ccccc1)c1ccccc1)S(=O)(=O)c1ccc(N)cc1,9.920818328857422,9.049886253841322,0.15454776534286263,0.825,0.8709320750160998
gin,978,CC(C)[C@@H]1NC(=O)[C@@H](NC(=O)C(=O)C(Cc2ccccc2)NC(=O)OC(C)(C)C)Cc2ccc(cc2)OCCCNC1=O,7.886056423187256,7.15363786254682,0.07921702336412567,0.7654320987654321,0.7324185606404354
gin,463,CC(C)(C)OC(=O)N[C@@H](Cc1ccccc1)[C@@H](O)/C=C(/Cc1ccccc1)C(=O)NC1c2ccccc2C[C@@H]1O,8.890084266662598,5.907220553827919,0.8108467305815671,0.6764705882352942,2.9828637128346784
gin,1179,CC(C)[C@H]1[C@@H](OC(=O)N[C@@H](Cc2ccccc2)[C@H](O)CN2C[C@H]3CCCC[C@H]3C[C@H]2C(=O)NC(C)(C)C)CCS1(=O)=O,7.958607196807861,7.874872749706341,0.11749425344952917,1.0,0.08373444710152
gin,1090,CC(C)[C@H](NC(=O)OCc1ccccc1)C(=O)NC(Cc1ccc(OCc2ccccc2)cc1)C(=O)C(F)(F)C(=O)N[C@@H](C(=O)OC(C)(C)C)C(C)C,8.221848487854004,7.920293417290132,0.15246266761892072,0.8615384615384616,0.30155507056387165
gin,2793,[N-]=[N+]=NC1C(N)C(OCc2ccccc2)OC(CO)C1OCc1ccccc1,6.0,3.446154084569571,0.08194506664778597,0.6808510638297872,2.553845915430429
gin,2340,Cc1ccc(C(=O)N[C@@H](Cc2cccc(C(F)(F)F)c2)[C@H](O)C(=O)N2C[C@@H](Cl)C[C@H]2C(=O)NC(C)(C)C)c(C)c1O,8.455931663513184,8.419392499555627,0.059861536115351256,0.84,0.0365391639575563
gin,1833,COC(=O)c1cccc(-c2cc(O)c(Sc3ccccc3C(C)C)c(=O)o2)c1,7.096909999847412,6.802012843871708,0.10096038677761071,0.8070175438596491,0.2948971559757041
gin,1724,CN(CC1(c2ccccc2)CC(=O)C(SCCc2ccccc2)=C(O)O1)c1ccccc1,5.642065048217773,5.975343783234493,0.10227479047609311,0.6909090909090909,0.33327873501671945
gin,1146,CC(C)[C@H](NC(=O)[C@H](Cc1ccccc1)C[C@H](O)[C@H](Cc1ccccc1)NC(=O)OC(C)(C)C)C(=O)NCCCN1CCOCC1,8.537602424621582,8.766117181567637,0.0875293260408186,0.7866666666666666,0.22851475694605483
gin,1509,CCCc1cc(=O)oc2c3c(c4c(c12)OC(C)(C)C=C4)O[C@@H](C)C(C)[C@@H]3O,6.013228416442871,6.431746135937811,0.3728285311852458,1.0,0.41851771949493966
gin,2524,O=C(NC(C(=O)NC(Cc1ccc(OCc2ccccc2)cc1)C(=O)C(F)(F)C(=O)NCc1ccccc1)C1CCCC1)OCc1ccccc1,8.221848487854004,7.21067506585414,0.36012335201861534,0.984375,1.0111734219998638
gin,2396,Cc1cccc(C)c1OCC(=O)N[C@@H](Cc1ccccc1)[C@H](O)C(=O)N(Cc1ccccc1)NC(=O)COc1c(C)cccc1C,5.301030158996582,6.889440767610179,0.16029270236189158,0.5138888888888888,1.5884106086135974
gin,2118,C[C@@H](O)CN(C[C@@H](O)[C@H](Cc1ccccc1)NC(=O)c1ccc(O)c(O)c1)S(=O)(=O)c1ccc(C(F)(F)F)cc1,8.78515625,8.482732634739037,0.02767337880883104,0.90625,0.3024236152609632
gin,2308,Cc1cc(SC2=C(O)OC(CCc3ccncc3)(C(C)C)CC2=O)c(C(C)(C)C)cc1CO,8.823908805847168,8.747507446739078,0.18431991278900905,0.8484848484848485,0.07640135910808965
gin,2538,O=C(N[C@@H](Cc1ccccc1)[C@@H](O)C[C@@H](Cc1ccccc1)C(=O)N[C@H]1c2ccccc2C[C@H]1O)OC1CCOCC1,8.913640022277832,9.081411289008344,0.1941958484522233,0.9090909090909091,0.16777126673051157
gin,2696,O=S1(=O)N(Cc2ccccc2)[C@H](COc2ccccc2)[C@H](O)[C@@H](O)[C@@H](COc2ccccc2)N1Cc1ccccc1,6.698969841003418,7.419663994823075,0.24192964578462628,0.6428571428571429,0.7206941538196574
gin,2709,O=c1cc(-c2cccc(C(F)(F)F)c2)oc(O)c1SCc1ccccc1,6.221848964691162,6.021235673202241,0.10157318433742478,0.8297872340425532,0.2006132914889207
gin,1837,COC(CCc1ccc(C[C@H](C[C@H](O)[C@H](Cc2ccccc2)NC(=O)OC(C)(C)C)C(=O)N[C@H]2c3ccccc3C[C@H]2O)cc1)OC,10.09691047668457,8.76707129675762,0.20683072223063753,0.8382352941176471,1.3298391799269496
gin,1057,CC(C)[C@H](NC(=O)N(C)Cc1ccccn1)C(=O)N[C@@H](Cc1ccccc1)[C@H](O)[C@H](O)[C@H](Cc1ccccc1)NC(=O)[C@H](NC(=O)N(C)Cc1ccccn1)C(C)C,9.0,8.66234112860721,0.1136600445651648,1.0,0.33765887139279016
gin,410,CC(C)(C)OC(=O)C1CCCN1C[C@@H](O)[C@H](Cc1ccccc1)NC(=O)[C@H](CC(N)=O)NC(=O)OCc1ccccc1,6.853871822357178,6.971032790396173,0.1440585178827214,1.0,0.1171609680389949
gin,1655,CC[C@H](C)[C@H](NC(=O)[C@H](C(C)C)[C@@H](O)[C@H](O)[C@H](CC1CCCCC1)NC(=O)c1ccccc1)C(=O)NCc1nc2ccccc2[nH]1,7.0919976234436035,7.838797696266873,0.12588351795231648,0.75,0.7468000728232695
gin,2527,O=C(NC1c2ccccc2C[C@@H]1O)[C@H](Cc1ccccc1)CC(O)C[C@@H](Cc1ccccc1)C(=O)NC1c2ccccc2C[C@@H]1O,9.160019874572754,8.462643582478336,0.2386932566915445,1.0,0.6973762920944182
gin,1455,CCCCN(C)C(=O)Oc1nsnc1-c1c(Cl)cccc1Cl,5.345184803009033,6.1541996678754955,0.3596811266050948,0.8695652173913043,0.8090148648664623
gin,1839,COCCCCOc1ccc(C[C@H](NC(=O)OC(C)(C)C)[C@H](O)CNC[C@@H](O)[C@H](Cc2ccccc2)NC(=O)OC(C)(C)C)cc1,7.301030158996582,6.988685415540766,0.18436525414765287,0.9056603773584906,0.3123447434558164
gin,1820,COC(=O)[C@H](O)[C@H](Cc1ccccc1)NC(=O)[C@@H](NC(=O)[C@H](Cc1ccccc1)NC(C)=O)C(C)C,3.9469215869903564,6.778153736156487,0.5724134122928156,0.9019607843137255,2.831232149166131
gin,2263,Cc1cc(SC2=C(O)OC(CCc3ccc(O)cc3)(C(C)C)CC2=O)c(C(C)(C)C)cc1OS(=O)(=O)c1ccccn1,8.301030158996582,8.296242348994738,0.08341562041863763,0.8125,0.004787810001843695
gin,651,CC(C)(C)OC(=O)N[C@H]1CCCC[C@@H]1NC(=O)[C@H](Cc1ccccc1)CC(O)C[C@@H](Cc1ccccc1)C(=O)N[C@H]1CCCC[C@@H]1NC(=O)OC(C)(C)C,5.0,5.638829257573732,0.14488439565397468,0.7254901960784313,0.6388292575737324
gin,32,CC(=O)N[C@@H](CSc1ccc2ccccc2c1)C(=O)N[C@@H](Cc1ccccc1)[C@H](O)Cc1ccccc1C(=O)NC(C)(C)C,7.376750946044922,8.136823153320421,0.14759091505690017,0.84375,0.7600722072754991
gin,798,CC(C)CN(C[C@@H](O)[C@H](Cc1ccccc1)NC(=O)[C@@H]1COCCN1)S(=O)(=O)c1ccc(S(C)(=O)=O)cc1,6.342848300933838,8.338364493139892,0.2381721442806848,0.8805970149253731,1.995516192206054
gin,67,CC(C)(C)CC(=O)N[C@@H](Cc1ccccc1)[C@@H](O)C[C@]1(Cc2ccccc2)N=CC(C2C[C@H](CC(N)=O)c3ccccc32)=C1O,6.602059841156006,7.603321437309052,0.1115240459389608,0.8026315789473685,1.0012615961530464
gin,1598,CC[C@H](C)[C@@H](NC(=O)[C@@H](NC(=O)CCCCCCCCCCCCCCC(=O)N[C@H](CC(=O)N[C@@H](Cc1ccccc1)C(=O)O)C(N)=O)[C@H](C)O)C(=O)N[C@@H](Cc1ccc(N)cc1)C(N)=O,5.443697452545166,5.0209656263897955,0.18727808521681785,0.9193548387096774,0.4227318261553705
gin,1272,CC1(C)S[C@H]([C@H](NC(=O)Cc2ccccc2)C(=O)N(CCO)CCO)N[C@H]1C(=O)NCCNC(=O)[C@@H]1N[C@@H]([C@H](NC(=O)Cc2ccccc2)C(=O)N(CCO)CCO)SC1(C)C,6.07572078704834,7.202367861593675,0.22343275720062594,0.7457627118644068,1.1266470745453354
gin,2708,O=c1cc(-c2ccc3c(c2)OCO3)oc(O)c1SCc1ccccc1,6.3098039627075195,5.7281585582285,0.4100255710694746,0.8723404255319149,0.5816454044790191
gin,940,CC(C)C[C@H](NC(=O)[C@H](Cc1ccccc1)C[C@H](O)[C@@H](CC(=O)OC(C)(C)C)Cc1ccccc1)C(=O)N[C@@H](Cc1ccccc1)C(N)=O,9.221848487854004,8.249500313665521,0.22825974940936242,0.734375,0.9723481741884825
gin,1747,COC(=O)N(C)[C@H](Cc1ccccc1)C(=O)NCCCC[C@@H](CO)N(CC(C)C)S(=O)(=O)c1ccc(N)cc1,8.187087059020996,7.281534111511057,0.2757823485695146,0.7397260273972602,0.9055529475099391
gin,367,CC(C)(C)NC(=O)c1ccccc1C[C@@H](O)[C@H](Cc1ccccc1)NC(=O)[C@H](CC(N)=O)NC(=O)c1ccc2ccccc2n1,8.823908805847168,8.220700604668608,0.08088295781386803,1.0,0.6032082011785604
gin,1677,CC[C@H](C)[C@H](NC(=O)[C@H](Cc1ccccc1)CC(O)(CO)CN1C[C@H]2CCCC[C@H]2C[C@H]1C(=O)NC(C)(C)C)C(=O)NCc1nc2ccccc2[nH]1,7.15490198135376,7.941206863510899,0.09954780622674275,0.7894736842105263,0.7863048821571397
gin,521,CC(C)(C)OC(=O)N[C@@H](Cc1ccccc1)[C@@H](O)C[C@@H](Cc1ccc(OCCN2CC[S+]([O-])CC2)cc1)C(=O)NC1c2ccccc2C[C@H]1O,10.154901504516602,9.261235935052781,0.1651577066544266,0.8658536585365854,0.8936655694638205
gin,318,CC(C)(C)NC(=O)[C@@H]1C[C@H](Cl)CN1C(=O)[C@@H](O)[C@H](Cc1ccccc1)NC(=O)c1ccccc1I,7.853871822357178,7.733161358079251,0.14273006471835853,0.828125,0.12071046427792709
gin,744,CC(C)CCNC(=O)N(C[C@@H](O)[C@H](Cc1ccccc1)NC(=O)[C@H](CC(N)=O)NC(=O)OCc1ccccc1)C(C)(C)C,7.886056423187256,7.00608103787572,0.06704825932767262,0.835820895522388,0.8799753853115355
gin,1113,CC(C)[C@H](NC(=O)OCc1ccccc1)C(=O)N[C@@H](Cc1ccccc1)[C@H](O)CNC(=O)[C@@H](CC(=O)NC(C)(C)C)C(C)(C)C,7.602059841156006,7.480875435462043,0.05396865940723541,1.0,0.12118440569396327
gin,2215,Cc1cc(SC2=C(O)OC(C)(CCc3ccc(O)cc3)CC2=O)c(C(C)(C)C)cc1OS(=O)(=O)N1CCN(C)CC1,8.148741722106934,8.812033110609903,0.13697133129197334,0.7710843373493976,0.6632913885029694
gin,1393,CCC(Cc1ccccc1)c1cc(O)c(C(c2cccc(NS(=O)(=O)c3cn(C)cn3)c2)C2CC2)c(=O)o1,5.886056423187256,5.2841218073723155,0.17206589755808402,0.875,0.6019346158149403
gin,2674,O=C1N(Cc2ccccc2)C(Cc2ccccc2)P(=O)(O)C(Cc2ccccc2)N1Cc1ccccc1,4.677780628204346,4.287204363603905,0.2762682499246697,0.8611111111111112,0.3905762646004405
gin,990,CC(C)[C@@H]1[C@H](OC(=O)N[C@@H](Cc2ccccc2)[C@H](O)CN2CCN(C3CCCC3)C[C@H]2C(=O)NC(C)(C)C)CCS1(=O)=O,7.51563024520874,7.468322331742965,0.14907155406581965,0.9866666666666667,0.04730791346577501
gin,1173,CC(C)[C@H](NS(=O)(=O)N(C)Cc1ccccn1)C(=O)N[C@@H](Cc1ccccc1)[C@@H](O)[C@@H](O)[C@H](Cc1ccccc1)NC(=O)[C@H](NS(=O)(=O)N(C)Cc1ccccn1)C(C)C,6.619788646697998,7.438941705460074,0.26892868636744804,1.0,0.8191530587620761
gin,1151,CC(C)[C@H](NC(=O)[C@H](Cc1ccccc1)C[C@H](O)[C@H](Cc1ccccc1)NC(=O)OC(C)(C)C)C(=O)NCc1cccnc1,9.161150932312012,8.981119605139412,0.0731024868304823,0.8461538461538461,0.18003132717259973
gin,2116,C[C@@H](O)CN(C[C@@H](O)[C@H](Cc1ccccc1)NC(=O)c1cc(O)cc(O)c1)S(=O)(=O)c1ccc(C(F)(F)F)cc1,8.632643699645996,8.389978580567615,0.17553582190894726,1.0,0.2426651190783815
gin,1771,COC(=O)N[C@H](CCc1ccccc1)C(=O)NCCCC[C@@H](CO)N(CC(C)C)S(=O)(=O)c1ccc(N)cc1,7.397940158843994,8.001799728140824,0.20576813565848134,0.8676470588235294,0.60385956929683
gin,1349,CCC(C)[C@H](NC(=O)C[C@H](O)[C@H](CC(C)C)NC(=O)CC1C=CCN2C(=O)CCC(CNCc3ccccc3)C(=O)N12)C(=O)N[C@@H](Cc1ccccc1)C(N)=O,4.677780628204346,6.244416336220809,0.3590275683449307,0.8804347826086957,1.566635708016463
gin,1850,COCCOCOCCCc1ccc(C[C@H](C[C@H](O)[C@H](Cc2ccccc2)NC(=O)OC(C)(C)C)C(=O)N[C@H]2c3ccccc3C[C@H]2O)cc1,10.154901504516602,9.366899803466822,0.1793582000052025,0.9210526315789473,0.7880017010497795
gin,2351,Cc1ccc(C(C)(C)C)c(SC2=C(O)O[C@](CCc3ccccc3)(c3ccccc3)CC2=O)c1,8.0,8.055432998080832,0.15394391354121323,1.0,0.05543299808083191
gin,1380,CCC(CC)NC(=O)C[C@@H](C(=O)NC[C@@H](O)[C@H](Cc1ccccc1)NC(=O)[C@H](CC(N)=O)NC(=O)OCc1ccccc1)C(C)(C)C,8.42021656036377,7.648520824048191,0.032079673563485706,0.828125,0.7716957363155785
gin,746,CC(C)CCNC(=O)[C@H](Cc1ccccc1)C[C@H](O)[C@H](Cc1ccccc1)NC(=O)OC(C)(C)C,6.327902317047119,8.415192178331921,0.16654087146004046,0.8148148148148148,2.087289861284802
gin,1350,CCC(C)[C@H](NC(=O)C[C@H](O)[C@H](CC1CCCCC1)NC(=O)CC1CCCN2C(=O)CCC(CN)C(=O)N12)C(=O)N[C@@H](Cc1ccccc1)C(N)=O,7.585026741027832,6.394479194927108,0.20653129585989288,0.5087719298245614,1.1905475461007242
gin,1432,CCCCC(NC(=O)CCCCCCCCCCCCCCC(=O)N[C@H](CC(=O)N[C@@H](Cc1ccccc1)C(=O)O)C(N)=O)C(=O)N[C@@H](C(=O)N[C@@H](Cc1ccccc1)C(N)=O)C(C)CC,5.79587984085083,6.030025429465809,0.28096968258566785,0.873015873015873,0.2341455886149788
gin,789,CC(C)CN(C[C@@H](O)[C@H](Cc1ccccc1)NC(=O)[C@@H](CSc1ccc2ccccc2c1)NS(C)(=O)=O)C(=O)NC(C)(C)C,7.301030158996582,7.686734004376436,0.22481226571070387,0.6923076923076923,0.3857038453798536
gin,2760,OC(C(COCc1ccc(C(F)(F)F)cc1)OCc1ccccc1)C(O)C(COCc1ccc(C(F)(F)F)cc1)OCc1ccccc1,5.301030158996582,4.957021023191544,0.09554989720821558,1.0,0.3440091358050381
gin,834,CC(C)CN(C[C@@H](O)[C@H](Cc1ccccc1)NC(=O)c1ccc2oc(=O)ccc2c1)S(=O)(=O)c1ccc(N)cc1,9.397939682006836,8.296266421318322,0.30436413973148196,0.8472222222222222,1.1016732606885142
gin,949,CC(C)C[C@H](NC(=O)[C@H](Cc1ccccc1)C[C@H](O)[C@H](Cc1ccccc1)NC(=O)OC(C)(C)C)C(N)=O,8.0,8.339722318485883,0.11581685595210109,1.0,0.3397223184858831
gin,2318,Cc1cc(SC2=C(O)OC(CCc3cscn3)(C(C)C)CC2=O)c(C(C)(C)C)cc1CO,8.886056900024414,9.041977265328754,0.1905951670160802,0.7777777777777778,0.15592036530433973
gin,30,CC(=O)N[C@@H](CS(=O)(=O)c1ccccc1)C(=O)N[C@@H](Cc1ccccc1)[C@H](O)Cc1ccccc1C(=O)NC(C)(C)C,7.698969841003418,7.942673828915126,0.10746456999041112,0.8461538461538461,0.243703987911708
gin,729,CC(C)CCN(CC(O)[C@H](Cc1ccccc1)NC(=O)[C@H](CC(N)=O)NC(=O)c1ccc2ccccc2n1)C(=O)NC(C)(C)C,8.52302360534668,7.709958198322944,0.04881992940986883,1.0,0.8130654070237355
gin,581,CC(C)(C)OC(=O)N[C@@H](Cc1ccccc1)[C@@H](O)C[C@]1(Cc2ccccc2)CCCN([C@H]2c3ccccc3C[C@H]2O)C1=O,5.898249626159668,6.732456238929554,0.2537959605058172,1.0,0.8342066127698864
gin,2630,O=C(OC1COc2cc(O)cc(O)c2C1)c1ccccc1,4.0,4.841192782389754,0.1859853372290636,0.673469387755102,0.8411927823897543
gin,194,CC(C)(C)NC(=O)[C@@H]1CN(Cc2cccnc2)CCN1C[C@@H](O)C[C@@H](Cc1ccccc1)C(=O)N[C@H]1c2ccccc2C[C@H]1O.O=S(=O)(O)O,9.387216567993164,8.45053101433362,0.45102730815188247,0.9390243902439024,0.9366855536595438
gin,1084,CC(C)[C@H](NC(=O)OCCN1CCCC1)C(=O)N[C@@H](Cc1ccccc1)[C@@H](O)[C@H](Cc1ccccc1)NC(=O)[C@H](NC(=O)OCc1ccccc1)C(C)C,7.853871822357178,7.792063258349174,0.2293431651004584,0.8448275862068966,0.06180856400800394
gin,554,CC(C)(C)OC(=O)N[C@@H](Cc1ccccc1)[C@@H](O)C[C@@H](Cc1ccccc1)C(=O)N[C@@H]1c2ccccc2OC[C@@H]1O,7.391262054443359,9.163311451667056,0.181361735638833,1.0,1.7720493972236966
gin,2280,Cc1cc(SC2=C(O)OC(CCc3ccc(O)cc3)(CC(C)C)CC2=O)c(C(C)(C)C)cc1OS(=O)(=O)Cn1ccnc1,8.443697929382324,8.251870041077723,0.021594608752806443,0.8023255813953488,0.1918278883046014
gin,2661,O=C1CC(c2ccccc2)(c2ccccc2)OC(O)=C1Sc1ccccc1C1CCCCC1,6.896196365356445,6.811465229078333,0.023580199913231892,0.9777777777777777,0.08473113627811202
gin,2398,Cc1cccc(C)c1OCC(=O)N[C@@H](Cc1ccccc1)[C@H](O)CN1CC[C@@H](OCc2ccncc2)C[C@H]1C(=O)NC(C)(C)C,8.154901504516602,6.863313780605267,0.3442472635428234,0.8846153846153846,1.2915877239113343
gin,1476,CCCN(C[C@@H](O)[C@H](Cc1ccccc1)NC(=O)/C=C/c1ccc(O)c(O)c1)S(=O)(=O)c1ccc(OC)cc1,8.593460083007812,8.32940134299858,0.0196240148360431,0.8194444444444444,0.2640587400092329
gin,2148,C[C@H](O)CN(C[C@@H](O)[C@H](Cc1ccccc1)NC(=O)c1ccc(O)c(O)c1)S(=O)(=O)c1ccc(C(F)(F)F)cc1,8.185087203979492,8.034051920375205,0.032244931216563424,0.90625,0.15103528360428697
gin,1316,CC1(C)S[C@H]([C@H](NC(=O)c2ccccc2-c2ccccc2)C(=O)NCc2ccccc2)N[C@H]1C(=O)NCCNC(=O)[C@@H]1N[C@@H]([C@H](NC(=O)c2ccccc2-c2ccccc2)C(=O)NCc2ccccc2)SC1(C)C,8.12493896484375,8.151024860011702,0.09894070420227627,0.8615384615384616,0.026085895167952344
gin,141,CC(C)(C)NC(=O)[C@@H]1CCCN1C[C@@H](O)C[C@@H](Cc1ccccc1)C(=O)NC1c2ccccc2C[C@H]1O,6.459670543670654,8.131785477235217,0.6641737213057725,0.9545454545454546,1.672114933564563
gin,1741,CNc1ccc(S(=O)(=O)[C@@H](CC(C)C)C[C@@H](O)[C@H](Cc2cccc(Br)c2)NC(=O)COc2c(C)cccc2C)cc1,6.275723934173584,6.6719633958015905,0.3377809116494741,0.8428571428571429,0.3962394616280065
gin,788,CC(C)CN(C[C@@H](O)[C@H](Cc1ccccc1)NC(=O)[C@@H](CSc1ccc(F)cc1)NS(C)(=O)=O)C(=O)NC(C)(C)C,7.070580959320068,7.357245625566769,0.35390955692262005,0.6883116883116883,0.2866646662467005
gin,2490,N[C@@H](Cc1ccccc1)C(O)CN[C@@H](Cc1ccccc1)C(=O)NC1c2ccccc2C[C@H]1O,4.200659275054932,5.0503598619309,0.4882354202358549,0.7301587301587301,0.8497005868759686
gin,1124,CC(C)[C@H](NC(=O)OCc1ccccn1)C(=O)N[C@@H](Cc1ccccc1)[C@H](O)[C@H](O)[C@H](Cc1ccccc1)NC(=O)[C@H](NC(=O)OCc1ccccn1)C(C)C,9.0,8.87692660889482,0.09807520053725378,1.0,0.12307339110518001
gin,507,CC(C)(C)OC(=O)N[C@@H](Cc1ccccc1)[C@@H](O)C[C@@H](Cc1ccc(I)cc1)C(=O)N[C@@H]1c2ccccc2C[C@H]1O,9.14302921295166,9.644499910584415,0.039936823047149135,1.0,0.5014706976327545
gin,239,CC(C)(C)NC(=O)[C@@H]1C[C@@H]2CCCC[C@@H]2CN1C[C@@H](O)[C@H](Cc1ccccc1)NC(=O)C1=CCCS(=O)(=O)C1,7.262012481689453,7.309141421732352,0.07545488028908366,0.7564102564102564,0.04712894004289847
gin,1616,CC[C@H](C)[C@H](NC(=O)[C@@H](C(C)C)C(O)C(O)[C@H](CC(C)C)NC(=O)[C@H](Cc1c[nH]cn1)NC(=O)[C@H](Cc1ccccc1)NC(=O)OC(C)(C)C)C(=O)NCc1ccccn1,7.2010040283203125,7.164656339012925,0.2684298674714365,0.8043478260869565,0.0363476893073873
gin,1894,COc1cc(CN2C(=O)N(Cc3ccc(O)c(OC)c3)N(C(=O)CCc3ccncc3)C[C@@H](O)[C@H]2Cc2ccccc2)ccc1O,8.920818328857422,8.27894139714023,0.24431196219921114,0.7162162162162162,0.6418769317171922
gin,73,CC(C)(C)N(C[C@@H](O)[C@H](Cc1ccccc1)NC(=O)[C@H](CC(N)=O)NC(=O)OCc1ccccc1)C(=O)NCC1CCCCC1,7.537003517150879,6.870901840823212,0.051556406054575475,0.7777777777777778,0.666101676327667
gin,1738,CNS(=O)(=O)Oc1cc(C(C)(C)C)c(SC2=C(O)OC(CCc3ccc(O)cc3)(C(C)C)CC2=O)cc1C,8.920818328857422,8.61582269324498,0.06625765293252472,0.8732394366197183,0.3049956356124426
gin,63,CC(=O)Nc1cc(C(C)(C)C)c(SC2=C(O)OC(CCc3ccccc3)(C(C)C)CC2=O)cc1C,8.455931663513184,7.928932039925456,0.13393878421743688,0.8823529411764706,0.5269996235877272
gin,1047,CC(C)[C@H](NC(=O)N(C)CCc1ccccn1)C(=O)N[C@@H](Cc1ccccc1)[C@@H](O)[C@H](O)[C@H](Cc1ccccc1)NC(=O)[C@H](NC(=O)N(C)CCc1ccccn1)C(C)C,8.28399658203125,8.377568366786548,0.16277101951391912,1.0,0.09357178475529793
gin,879,CC(C)CNC(=O)C(F)(F)C(=O)C(Cc1ccc(OCc2ccccc2)cc1)NC(=O)[C@@H](NC(=O)OCc1ccccc1)C(C)C,8.301030158996582,7.796645145851116,0.11599344135770621,0.828125,0.5043850131454661
gin,45,CC(=O)N[C@H](C(=O)N[C@@H](Cc1ccccc1)[C@@H](O)CN(Cc1ccc(C#N)cc1)NC(=O)[C@@H](NC(C)=O)C(C)C)C(C)C,7.301030158996582,7.163211305523677,0.22140279494337112,0.8363636363636363,0.137818853472905
gin,1100,CC(C)[C@H](NC(=O)OCc1ccccc1)C(=O)N[C@@H](Cc1ccccc1)[C@@H](O)CN(Cc1ccc(F)cc1)NC(=O)[C@@H](NC(=O)OCc1ccccc1)C(C)C,7.6575775146484375,7.397331395354592,0.2272156129487156,0.8947368421052632,0.26024611929384545
gin,2246,Cc1cc(SC2=C(O)OC(CCc3ccc(O)cc3)(C(C)C)CC2=O)c(C(C)(C)C)cc1NS(=O)(=O)N(C)C,8.443697929382324,8.514216241570168,0.1519099208879837,0.8472222222222222,0.07051831218784343
gin,2209,Cc1cc(SC2=C(O)OC(C)(CCc3ccc(O)cc3)CC2=O)c(C(C)(C)C)cc1NS(=O)(=O)c1ccc(F)cc1,8.431797981262207,8.374529568424805,0.09334021979179571,0.8666666666666667,0.05726841283740214
gin,80,CC(C)(C)NC(=O)C1(C)OC(O)=C(CCc2ccccc2)C1=O,4.15490198135376,4.015533562376675,0.3575195151991983,0.7142857142857143,0.13936841897708518
gin,1381,CCC(CC)NC(=O)C[C@@H](C(=O)NC[C@@H](O)[C@H](Cc1ccccc1)NC(=O)[C@H](CC(N)=O)NC(=O)c1ccc2ccccc2n1)C(C)(C)C,8.657577514648438,8.440091273183555,0.1352594562364726,0.8289473684210527,0.21748624146488282
gin,2281,Cc1cc(SC2=C(O)OC(CCc3ccc(O)cc3)(c3ccc(O)cc3)CC2=O)c(C(C)(C)C)cc1CO,6.92081880569458,8.528964795645393,0.2575076924045145,0.84375,1.6081459899508133
gin,178,CC(C)(C)NC(=O)[C@@H]1CN(Cc2cc3cnccc3o2)CCN1C[C@@H](O)C[C@@H](Cc1ccccc1)C(=O)N[C@H]1c2ccccc2C[C@H]1O,9.638272285461426,9.170074843620142,0.15176269151737878,1.0,0.46819744184128353
gin,944,CC(C)C[C@H](NC(=O)[C@H](Cc1ccccc1)C[C@H](O)[C@H](Cc1ccccc1)NC(=O)OC(C)(C)C)C(=O)NCCCN(C)C,7.638272285461426,8.317984777546641,0.09151338891658085,0.8059701492537313,0.6797124920852156
gin,2032,COc1ccc(S(=O)(=O)N(CC(C)C)C[C@@H](O)[C@H](Cc2ccccc2)NC(=O)c2coc3ccc(O)cc23)cc1,5.688246250152588,7.007495066611182,0.263285588834164,0.8888888888888888,1.319248816458594
gin,2729,O=c1cc(C(CC2CC2)CC2CC2)oc(O)c1C(c1cccc(NS(=O)(=O)c2ccc(F)cc2)c1)C1CC1,5.6575775146484375,5.744228396926488,0.4664909534367729,0.6756756756756757,0.08665088227805029
gin,1032,CC(C)[C@H](NC(=O)CC1NC(=O)NC1=O)C(=O)N[C@@H](Cc1ccccc1)[C@@H](O)[C@H](O)[C@H](Cc1ccccc1)NC(=O)[C@@H](NC(=O)CC1NC(=O)NC1=O)C(C)C,8.017728805541992,9.016217983897803,0.04513052935101218,0.7966101694915254,0.9984891783558112
gin,2063,COc1ccc(S(=O)(=O)N(C[C@@H](O)[C@H](Cc2ccccc2)NCCN2CCOCC2)C2CC2)cc1,6.7695512771606445,5.984018963217579,0.39637901827827304,0.8208955223880597,0.7855323139430652
gin,1422,CCCC1(CCc2ccccc2)OC(=O)C(C(CC)c2cccc(NS(=O)(=O)c3ccc(C#N)cn3)c2)=C(O)O1,8.522878646850586,7.4388991175630155,0.09624184270205283,0.8157894736842105,1.0839795292875705
gin,2446,Cc1nnc(C[C@H](C[C@H](O)CN2CCN(C(C)(C)c3ncc(-c4ccc(Cl)cc4)o3)C[C@H]2C(=O)NCC(F)(F)F)C(=O)N[C@H]2CCOC[C@H]2O)o1,10.61092472076416,10.293838936080249,0.19737167552207588,0.9090909090909091,0.31708578468391124
gin,1793,COC(=O)[C@@H](NC(=O)[C@H](CC(C)C)NC(=O)[C@@H](NC(=O)CCCOc1ccc2ccc(OCCCC(=O)N[C@@H](Cc3ccc(O)cc3)C(=O)N[C@@H](CCC(=O)OC(C)(C)C)C(=O)N[C@@H](CC(C)C)C(N)=O)cc2c1)C(C)C)C(C)C,5.958607196807861,6.105022022110347,0.15704725138406309,0.8734177215189873,0.14641482530248595
gin,2022,COc1ccc(S(=O)(=O)N(CC(C)C)C[C@@H](O)[C@H](Cc2ccccc2)NC(=O)c2cccc(O)c2C)cc1,8.522878646850586,7.830073041673991,0.23924758162240614,0.8153846153846154,0.692805605176595
gin,727,CC(C)CCC[C@@H](C)[C@H]1CCC2C3CC=C4C[C@H](SC[C@@H]5CCN6CC[C@@H](CSCC(=O)NCC(=O)N[C@@H](C)C(=O)N[C@H](C(=O)N[C@@H](CC(C)C)C(=O)N[C@@H](CC(N)=O)C(=O)N[C@@H](Cc7ccccc7)C(=O)OCc7ccccc7)[C@@H](C)OCc7ccccc7)NC6=N5)CC[C@]4(C)C3CC[C@@]21C,5.522878646850586,6.028590931774261,0.17333063968573337,0.6458333333333334,0.5057122849236748
gin,1999,COc1ccc(S(=O)(=O)N(CC(C)C)C[C@@H](O)[C@H](Cc2ccccc2)NC(=O)c2cc3cc(O)c(O)cc3[nH]2)cn1,6.07572078704834,6.836235774729616,0.5624950281650555,0.8571428571428571,0.760514987681276
gin,1688,CC[C@H](C)[C@H](NC(=O)[C@H](Cc1ccccc1)CC(O)C[C@@H](Cc1ccccc1)C(=O)N[C@H](C(=O)NCc1nc2ccccc2[nH]1)[C@@H](C)CC)C(=O)NCc1nc2ccccc2[nH]1,6.460409164428711,7.8009976438925035,0.276801686730073,0.847457627118644,1.3405884794637926
gin,998,CC(C)[C@@H]1[C@H](OC(=O)N[C@@H](Cc2ccccc2)[C@H](O)CN2CCN(CCc3cccs3)C[C@H]2C(=O)NC(C)(C)C)CCS1(=O)=O,9.229147911071777,8.323427682854543,0.31029558956913816,0.8333333333333334,0.9057202282172341
gin,443,CC(C)(C)OC(=O)N[C@@H](Cc1ccccc1)C(O)[C@H](Cc1ccccc1)NC(=O)OC(C)(C)C,5.522878646850586,5.445447803716775,0.03705078151390506,0.9428571428571428,0.07743084313381132
gin,1889,COc1cc(CCC(=O)N[C@@H](Cc2ccccc2)[C@H](O)CN(CC(C)C)S(=O)(=O)c2ccc(N)cc2)ccc1O,9.236572265625,8.008625728084667,0.05110913719817941,0.8591549295774648,1.2279465375403333
gin,322,CC(C)(C)NC(=O)[C@@H]1C[C@H](OCc2ccncc2)CCN1C[C@@H](O)[C@H](Cc1ccccc1)NC(=O)/C=C/c1ccccc1,4.958607196807861,5.330738792965349,0.11787425709950158,0.782051282051282,0.37213159615748737
gin,1740,CNc1ccc(S(=O)(=O)N(CC(C)C)C[C@@H](O)[C@H](Cc2ccccc2)NC(=O)[C@H]2CNCCO2)cc1,7.0448899269104,6.865796155852138,0.11961592436947299,0.8970588235294118,0.17909377105826252
gin,1716,CN(C)c1ccc(CNC(=O)[C@@H](NC(=O)Cc2ccccc2)[C@@H]2N[C@@H](C(=O)NCCNC(=O)[C@@H]3N[C@@H]([C@H](NC(=O)Cc4ccccc4)C(=O)NCc4ccc(N(C)C)cc4)SC3(C)C)C(C)(C)S2)cc1,7.327902317047119,7.7132102312554345,0.1752902013506751,0.864406779661017,0.38530791420831534
gin,859,CC(C)CN([C@H](CO)CCCCNC(=O)[C@@H](NC(=O)OCc1cccnc1)C(c1ccccc1)c1ccccc1)S(=O)(=O)c1ccc(N)cc1,9.318758964538574,9.06719272504074,0.15554634231816467,0.8607594936708861,0.2515662394978335
gin,1278,CC1(C)S[C@H]([C@H](NC(=O)Cc2ccccc2)C(=O)NCCO)N[C@H]1C(=O)NCCNC(=O)[C@@H]1N[C@@H]([C@H](NC(=O)Cc2ccccc2)C(=O)NCCO)SC1(C)C,7.397940158843994,8.030267328844765,0.1653232463702439,0.8392857142857143,0.6323271700007709
gin,44,CC(=O)N[C@H](C(=O)N[C@@H](Cc1ccccc1)[C@@H](O)CN(CC1CCCCC1)NC(=O)[C@@H](NC(C)=O)C(C)C)C(C)C,8.045757293701172,6.8389745231319425,0.31992435687732457,0.9016393442622951,1.2067827705692293
gin,2417,Cc1ccccc1COC(COCc1ccccc1F)C(O)C(O)C(COCc1ccccc1F)OCc1ccccc1C,6.096909999847412,5.7256444301238645,0.10431883668348742,0.7142857142857143,0.37126556972354763
gin,2337,Cc1ccc(C(=O)NC(C)(C)C)c(C[C@@H](O)[C@H](Cc2ccccc2)NC(=O)[C@H](CC(N)=O)NC(=O)c2ccc3ccccc3n2)c1,8.657577514648438,8.350283717967429,0.08017200527376035,0.8904109589041096,0.30729379668100876
gin,2353,Cc1ccc(C(C)C)c(SC2=C(O)OC(CCc3ccccc3)(c3ccccc3)CC2=O)c1,7.628637313842773,7.410323162310018,0.11013092781229795,1.0,0.21831415153275557
gin,1709,CN(C)C(=O)[C@@H](NC(=O)Cc1ccccc1)[C@@H]1N[C@@H](C(=O)NCCNC(=O)[C@@H]2N[C@@H]([C@H](NC(=O)Cc3ccccc3)C(=O)N(C)C)SC2(C)C)C(C)(C)S1,8.28399658203125,7.235521957594521,0.09897272033046431,0.8,1.0484746244367287
gin,535,CC(C)(C)OC(=O)N[C@@H](Cc1ccccc1)[C@@H](O)C[C@@H](Cc1ccccc1)C(=O)NC1c2ccccc2C(O)[C@@H]1O,10.0,8.809461029383712,0.1491884894811415,1.0,1.1905389706162879
gin,1725,CN(Cc1ccccc1)C(=O)[C@@H](NC(=O)Cc1ccccc1)[C@@H]1N[C@@H](C(=O)NCCNC(=O)[C@@H]2N[C@@H]([C@H](NC(=O)Cc3ccccc3)C(=O)N(C)Cc3ccccc3)SC2(C)C)C(C)(C)S1,6.086185932159424,6.962661253349668,0.05063118262907338,0.7586206896551724,0.8764753211902443
gin,2030,COc1ccc(S(=O)(=O)N(CC(C)C)C[C@@H](O)[C@H](Cc2ccccc2)NC(=O)c2coc3cc(O)c(O)cc23)cn1,5.866461277008057,6.947096056502822,0.3540650911518682,0.7530864197530864,1.0806347794947655
gin,1886,COc1cc(CC2=C(O)C(C)(C(=O)NC3CC3)OC2=O)cc(OC)c1OC,3.0,4.345803248513363,0.5590458287754184,0.4927536231884058,1.3458032485133629
gin,93,CC(C)(C)NC(=O)C1CN(Cc2cc3cccnc3o2)CCN1CC(O)CC(Cc1ccccc1)C(=O)NC1c2ccccc2CC1O,9.494850158691406,9.127630150288411,0.3930638378298153,0.8351648351648352,0.3672200084029953
gin,2786,O[C@@H]([C@H](O)[C@@H](Cc1ccccc1)OCc1ccccc1)[C@@H](Cc1ccccc1)OCc1ccccc1,4.301030158996582,5.73413374782956,0.2748400061651444,0.6774193548387096,1.433103588832978
gin,175,CC(C)(C)NC(=O)[C@@H]1CN(Cc2cc3ccsc3s2)CCN1C[C@@H](O)C[C@@H](Cc1cccnc1)C(=O)N[C@H]1c2ccccc2C[C@H]1O,9.920818328857422,10.097108869067142,0.11456520114051699,0.8842105263157894,0.17629054020972035
gin,867,CC(C)CN([C@H](CO)CCCCNC(=O)[C@@H](NC(=O)c1ccccn1)C(c1ccccc1)c1ccccc1)S(=O)(=O)c1ccc(N)cc1,9.337242126464844,9.108290432221906,0.1279600237563704,0.8181818181818182,0.22895169424293726
gin,1010,CC(C)[C@@H]1[C@H](OC(=O)N[C@@H](Cc2ccccc2)[C@H](O)CN2CCN(Cc3cccs3)C[C@H]2C(=O)NC(C)(C)C)CCS1(=O)=O,9.221848487854004,8.370364823701422,0.2345271301646423,0.8555555555555555,0.8514836641525818
gin,196,CC(C)(C)NC(=O)[C@@H]1CN(Cc2cccnc2)CCN1C[C@@H](O)C[C@@H](Cc1ccncc1)C(=O)N[C@H]1c2ccccc2C[C@H]1O,8.769551277160645,8.91092058668616,0.42712350686636785,0.9382716049382716,0.14136930952551552
gin,2149,C[C@H](O)CN(C[C@@H](O)[C@H](Cc1ccccc1)NC(=O)c1ccc(O)c(O)c1)S(=O)(=O)c1ccc([N+](=O)[O-])cc1,8.183095932006836,8.088029384643576,0.07206557950413253,1.0,0.0950665473632597
gin,1498,CCC[C@@]1(CCc2ccccc2)CC(O)=C([C@H](CC)c2cccc(NS(=O)(=O)c3ccc(C(F)(F)F)cn3)c2)C(=O)O1,7.522878646850586,6.705287612725275,0.1419640854245885,0.8375,0.8175910341253108
gin,2697,O=S1(=O)[C@H](Cc2ccccc2)[C@H](OCc2ccccc2)[C@H](O)[C@@H](O)[C@@H](OCc2ccccc2)[C@H]1Cc1ccccc1,9.221848487854004,7.269184381936673,0.3293934254187037,0.7560975609756098,1.9526641059173313
gin,1437,CCCCCC/C=C\CCCCCCCc1cc(O)cc(O)c1,5.585026741027832,6.014394478435364,0.3326220547801272,0.2830188679245283,0.42936773740753154
gin,1666,CC[C@H](C)[C@H](NC(=O)[C@H](CCC(N)=O)NC(=O)[C@@H]1CCCN1C(=O)CCCCCC/C=C/CCCCCCC(=O)N[C@H](CO)C(=O)N[C@@H](C(=O)N[C@H](CC(C)C)C(=O)N[C@H](CC(N)=O)C(=O)N[C@H](Cc1ccccc1)C(=O)O)[C@H](C)O)C(=O)N[C@H](C(=O)N[C@@H](CC(C)C)C(=O)N[C@@H](Cc1c[nH]c2ccccc12)C(=O)O)[C@@H](C)O,4.756961822509766,5.617987280219737,0.3690305666236593,1.0,0.861025457709971
gin,2551,O=C(N[C@@H](Cc1ccccc1)[C@H](O)CN(C1CC1)S(=O)(=O)c1ccc(C(F)(F)F)cc1)OCCN1CCOCC1,6.92081880569458,6.289625639493799,0.18377958481919038,0.8428571428571429,0.6311931662007808
gin,298,CC(C)(C)NC(=O)[C@@H]1C[C@@H]2CCC[C@@H]2CN1C[C@@H](O)[C@H](Cc1ccccc1)NC(=O)O[C@H]1CCOC1,7.214670181274414,6.270895659419054,0.3062857006183992,0.9710144927536232,0.9437745218553601
gin,543,CC(C)(C)OC(=O)N[C@@H](Cc1ccccc1)[C@@H](O)C[C@@H](Cc1ccccc1)C(=O)NCc1ccccc1,6.943057060241699,7.307032662080875,0.2926238503074704,0.8333333333333334,0.36397560183917577
gin,1334,CCC(C)[C@@H](NC(=O)C(Cc1ccc(F)c(F)c1)NC(=O)CCCCCCCCCCCCCCC(=O)N[C@H](CC(=O)N[C@@H](Cc1ccccc1)C(=O)O)C(N)=O)C(=O)N[C@@H](Cc1ccccc1)C(N)=O,5.958607196807861,6.323726513031438,0.2301531977522671,0.8970588235294118,0.3651193162235771
gin,354,CC(C)(C)NC(=O)c1ccccc1C[C@@H](O)[C@H](CSc1ccc2ccccc2c1)NC(=O)CCC(N)=O,7.096909999847412,6.907758833321952,0.11463723818060853,0.819672131147541,0.18915116652545994
gin,916,CC(C)C[C@H](NC(=O)CCCCCCCCCCCCCCC(=O)N[C@@H](CC(N)=O)C(=O)N[C@@H](Cc1ccccc1)C(=O)O)C(=O)N[C@@H](Cc1ccccc1)C(N)=O,4.958607196807861,5.567235241319011,0.10827666744456457,0.8771929824561403,0.6086280445111498
gin,411,CC(C)(C)OC(=O)CN(Cc1ccccc1)C[C@@H](O)[C@H](Cc1ccccc1)NC(=O)OC(C)(C)C,5.329999923706055,4.976810601117279,0.07623838172162853,0.6346153846153846,0.35318932258877567
gin,2407,Cc1cccc(C[C@H](NC(=O)c2cc(C)cc(O)c2C)[C@H](O)C(=O)N2C[C@@H](Cl)C[C@H]2C(=O)NC(C)(C)C)c1,8.886056900024414,8.412562210482307,0.11842433404674334,0.8840579710144928,0.4734946895421075
gin,1216,CC(C)c1ccccc1Sc1c(O)cc(-c2ccc(C(N)=O)cc2)oc1=O,6.86966609954834,7.199843966575983,0.2135120732597882,0.82,0.3301778670276434
gin,2233,Cc1cc(SC2=C(O)OC(CCc3ccc(N)cc3)(c3ccccc3)CC2=O)c(C(C)(C)C)cc1CO,8.508638381958008,8.245352858456314,0.20315178299579212,0.8923076923076924,0.2632855235016933
gin,430,CC(C)(C)OC(=O)N[C@@H](Cc1ccc(O)cc1)C(=O)N1CCC(=O)[C@H]1Sc1ccccc1,7.585026741027832,7.401749853308172,0.04929822403913061,1.0,0.18327688771965978
gin,2510,O=C(/C=C/C[N+]1([O-])CCC(O)(c2ccc(Cl)cc2)CC1)c1ccc(F)cc1,4.522878646850586,4.2240281463145095,0.5295517135535923,0.6363636363636364,0.2988505005360764
gin,1116,CC(C)[C@H](NC(=O)OCc1ccccc1)C(=O)N[C@@H](Cc1ccccc1)[C@H](O)[C@@H](O)[C@H](Cc1ccccc1)NC(=O)[C@H](NC(=O)OCc1ccccc1)C(C)C,9.42021656036377,8.578304281237948,0.06279690600275464,1.0,0.8419122791258218
gin,1127,CC(C)[C@H](NC(=O)OCc1cccnc1)C(=O)N[C@@H](Cc1ccccc1)[C@@H](O)[C@H](Cc1ccccc1)NC(=O)[C@H](NC(=O)OCc1ccccc1)C(C)C,8.397939682006836,8.512757704804102,0.09229616955226715,0.9411764705882353,0.11481802279726594
gin,415,CC(C)(C)OC(=O)NC(CC(N)=O)C(=O)N[C@@H](Cc1ccccc1)C(O)CN[C@@H](Cc1ccccc1)C(=O)NC1c2ccccc2C[C@H]1O,6.530178070068359,6.524930042343165,0.2189990408481452,0.8405797101449275,0.005248027725194504
gin,1596,CC[C@H](C)[C@@H](NC(=O)[C@@H](NC(=O)CCCCCCCCCCCCCCC(=O)N[C@H](CC(=O)N[C@@H](Cc1ccccc1)C(=O)O)C(N)=O)[C@H](C)O)C(=O)N[C@@H](Cc1cc(I)c(O)c(I)c1)C(N)=O,3.130768299102783,5.1486514815003375,0.18379020261048606,0.8769230769230769,2.0178831823975543
gin,610,CC(C)(C)OC(=O)N[C@@H](Cc1ccccc1)[C@H](O)CNC[C@@H](O)[C@H](Cc1ccc(OCc2nc3ccccc3o2)cc1)NC(=O)OC(C)(C)C,6.494850158691406,7.568190092101997,0.19779347337117625,0.6615384615384615,1.0733399334105904
gin,2690,O=S(=O)(c1ccccc1)c1c(-n2ccnc2)[nH]c2ccc(Cl)cc12,5.622511386871338,8.175926814282988,0.131161693833993,0.543859649122807,2.5534154274116503
gin,1865,COc1cc(/C=C/C(=O)N[C@@H](Cc2ccccc2)[C@H](O)CN(CC(C)C)S(=O)(=O)c2ccc(N)cc2)ccc1O,8.510041236877441,7.954157540855292,0.11496967027152888,0.9,0.5558836960221498
gin,518,CC(C)(C)OC(=O)N[C@@H](Cc1ccccc1)[C@@H](O)C[C@@H](Cc1ccc(OCCN2CCOCC2)cc1)C(=O)N[C@H]1c2ccccc2C[C@H]1O,9.346787452697754,9.098923372430193,0.1870101482536456,0.9375,0.24786408026756135
gin,2129,C[C@@H]1CS(=O)(=O)C[C@@H]1OC(=O)N[C@@H](Cc1ccccc1)[C@H](O)CN1C[C@H]2CCCC[C@H]2C[C@H]1C(=O)NC(C)(C)C,6.665546417236328,7.909274361043444,0.20776223103400643,1.0,1.2437279438071158
gin,2258,Cc1cc(SC2=C(O)OC(CCc3ccc(O)cc3)(C(C)C)CC2=O)c(C(C)(C)C)cc1OS(=O)(=O)N1CCN(C)CC1,8.508638381958008,8.77418440238398,0.15907137603627092,0.8974358974358975,0.26554602042597253
gin,70,CC(C)(C)CC(SC1CCCCC1)c1c(O)cc(-c2ccccc2)oc1=O,6.522878646850586,6.556276812644313,0.029248766114037893,0.7636363636363637,0.03339816579372723
gin,2663,O=C1CC(c2ccccc2)OC(O)=C1SCCc1ccccc1,5.677780628204346,5.6116084137117355,0.3694957916049771,0.7857142857142857,0.06617221449261024
gin,2173,Cc1c(O)cc(F)cc1C(=O)N[C@@H](Cc1cccc(C(F)(F)F)c1)[C@H](O)C(=O)N1C[C@@H](Cl)C[C@H]1C(=O)NC(C)(C)C,8.677781105041504,8.535200724419852,0.19298136899741625,0.881578947368421,0.14258038062165213
gin,2649,O=C1CC(CCCCO)(c2ccccc2)OC(O)=C1SCc1ccccc1,5.899629592895508,6.849572627503979,0.13360510328506106,0.82,0.949943034608471
gin,414,CC(C)(C)OC(=O)N1CCC[C@H]1C(=O)Nc1cccc(C(c2c(O)c3c(oc2=O)CCCCCC3)C2CC2)c1,4.534616947174072,5.243121154213995,0.31335533091357504,0.6923076923076923,0.7085042070399226
gin,56,CC(=O)N[C@H](CS(=O)(=O)c1ccc2ccccc2c1)C(=O)N[C@@H](Cc1ccccc1)[C@H](O)Cc1ccccc1C(=O)NC(C)(C)C,9.522878646850586,8.31888785542074,0.1676949456934394,1.0,1.2039907914298453
gin,1322,CC1=C(CCC(=O)O)c2cc3[nH]c(cc4[nH]c(cc5nc(cc1n2)C(C)=C5C(COC(=O)C1=CC1)OC(=O)C1=CC1)c(C)c4C(COC(=O)C1=CC1)OC(=O)C1=CC1)c(C)c3CCC(=O)O,4.92081880569458,5.227254600303837,0.25751557872946457,0.8888888888888888,0.3064357946092571
gin,1553,CCNC(=O)[C@@H](NC(=O)c1ccccc1Cc1ccccc1)[C@@H]1N[C@@H](C(=O)NCCNC(=O)[C@@H]2N[C@@H]([C@H](NC(=O)c3ccccc3Cc3ccccc3)C(=O)NCC)SC2(C)C)C(C)(C)S1,7.142667293548584,7.073135453205899,0.06173201895611048,0.75,0.06953184034268478
gin,1228,CC(C)c1ccccc1Sc1c(O)cc(-c2cccc(O)c2)oc1=O,7.050610065460205,7.377562047407284,0.09932398374675112,0.8297872340425532,0.32695198194707853
gin,2256,Cc1cc(SC2=C(O)OC(CCc3ccc(O)cc3)(C(C)C)CC2=O)c(C(C)(C)C)cc1OS(=O)(=O)Cn1ccnc1,8.619789123535156,8.492616950246202,0.08104012772713724,0.9036144578313253,0.12717217328895458
gin,2703,O=c1c(CCCO)c(O)oc2ccccc12,4.065501689910889,5.041404292576573,0.19364917316178246,0.6222222222222222,0.9759026026656841
gin,309,CC(C)(C)NC(=O)[C@@H]1C[C@@H]2SCC[C@@H]2CN1C[C@@H](O)[C@H](Cc1ccccc1)NC(=O)[C@@H](CS(=O)(=O)c1ccc2ccccc2c1)NS(C)(=O)=O,9.698969841003418,9.359172853589087,0.16513577328479281,0.8735632183908046,0.3397969874143314
gin,1938,COc1ccc(S(=O)(=O)N(CC(C)C)C[C@@H](O)[C@H](Cc2ccccc2)NC(=O)/C=C/c2cc(OC)c(O)c(OC)c2)cc1,7.882728576660156,7.479753190137031,0.2013293331389478,0.8823529411764706,0.40297538652312515
gin,803,CC(C)CN(C[C@@H](O)[C@H](Cc1ccccc1)NC(=O)[C@H](CC(N)=O)NC(=O)c1ccc2ccccc2n1)C(=O)NC(C)(C)C,8.221848487854004,8.08425132655455,0.22566608592114684,1.0,0.13759716129945332
gin,2012,COc1ccc(S(=O)(=O)N(CC(C)C)C[C@@H](O)[C@H](Cc2ccccc2)NC(=O)c2cc3ccc(OC)cc3oc2=O)cc1,7.33068323135376,6.494779556802193,0.11045219144597021,0.9027777777777778,0.8359036745515667
gin,1221,CC(C)c1ccccc1Sc1c(O)cc(-c2ccc(O)cc2)oc1=O,7.267606258392334,7.353383422404665,0.15117384934204475,0.8604651162790697,0.08577716401233104
gin,1517,CCCc1nnc(C[C@H](C[C@H](O)CN2CCN(Cc3ccc(-c4ccc(Cl)cc4)o3)C[C@H]2C(=O)NCC(F)(F)F)C(=O)N[C@H]2CCOC[C@H]2O)o1,11.0,10.03846789084048,0.07942669741525699,0.8787878787878788,0.9615321091595206
gin,755,CC(C)CN(C[C@@H](O)[C@H](Cc1ccccc1)NC(=O)CN1CCS(=O)(=O)CC1)S(=O)(=O)c1ccc(O)cc1,7.974284648895264,7.545913673164251,0.29969860612595856,0.8507462686567164,0.42837097573101257
gin,1041,CC(C)[C@H](NC(=O)CSc1ncccn1)C(=O)N[C@@H](Cc1ccccc1)[C@@H](O)[C@H](O)[C@H](Cc1ccccc1)NC(=O)[C@@H](NC(=O)CSc1ncccn1)C(C)C,7.79587984085083,8.3315813179927,0.1379844588992446,0.7857142857142857,0.5357014771418704
gin,599,CC(C)(C)OC(=O)N[C@@H](Cc1ccccc1)[C@H](O)CNC[C@@H](O)[C@H](Cc1ccc(OCC(O)c2ccccn2)cc1)NC(=O)OC(C)(C)C,6.958607196807861,6.668815440757079,0.12783368051489696,0.75,0.2897917560507821
gin,1361,CCC(C)c1ccccc1SC1=C(O)OC(CCc2ccccc2)(c2ccccc2)CC1=O,8.0,7.095794215618792,0.13809953190068394,0.8392857142857143,0.9042057843812081
gin,1800,COC(=O)[C@@H](NC(=O)[C@H](CC(C)C)NC(=O)[C@@H]1CCCN1C[C@H](O)[C@H](Cc1ccccc1)NC(=O)[C@H](CC(N)=O)NC(=O)OC(C)(C)C)C(C)C,6.071000099182129,7.657942279311428,0.03653652546121732,1.0,1.5869421801292987
gin,124,CC(C)(C)NC(=O)[C@@H]1CCCCN1C[C@@H](O)[C@H](Cc1ccccc1)NC(=O)[C@H](CC(N)=O)NC(=O)c1ccc2ccccc2n1,8.0,8.221827980740073,0.033964551106703475,1.0,0.22182798074007337
gin,1177,CC(C)[C@H]1SCC[C@H]1OC(=O)N[C@@H](Cc1ccccc1)[C@H](O)CN1C[C@H]2CCS[C@H]2C[C@H]1C(=O)NC(C)(C)C,9.585026741027832,9.191525544869393,0.26361352150915773,1.0,0.39350119615843937
gin,1888,COc1cc(CCC(=O)N[C@@H](Cc2ccccc2)[C@H](O)CN(CC(C)C)S(=O)(=O)c2ccc(N)cc2)c(OC)cc1O,7.161717891693115,7.337087760208422,0.08034037053649272,0.8857142857142857,0.17536986851530667
gin,331,CC(C)(C)NC(=O)[C@H](CC1CCCCC1)N1CCC[C@](O)([C@H](Cc2ccccc2)NC(=O)OC(C)(C)C)C1,4.0,4.727365470363168,0.3009257009778682,0.7714285714285715,0.7273654703631678
gin,527,CC(C)(C)OC(=O)N[C@@H](Cc1ccccc1)[C@@H](O)C[C@@H](Cc1ccc([N+](=O)[O-])cc1)C(=O)N[C@H]1c2ccccc2C[C@H]1O,9.568635940551758,9.327015687184542,0.12423090741790531,1.0,0.24162025336721626
gin,1657,CC[C@H](C)[C@H](NC(=O)[C@H](C(C)C)[C@@H](O)[C@H](O)[C@H](CC1CCCCC1)NC(=O)c1ncccc1OCSc1ccccc1)C(=O)NCc1nc2ccccc2[nH]1,6.502006530761719,7.251626400257661,0.0940108621116949,0.8681318681318682,0.749619869495942
gin,2716,O=c1cc(-c2ccccc2)oc(O)c1C(SC1CCCC1)C1CCCC1,6.647817611694336,6.5335616494256215,0.0720381973819237,0.74,0.11425596226871448
gin,1922,COc1ccc(CC(=O)N[C@@H](Cc2ccccc2)[C@H](O)CN(CC(C)C)S(=O)(=O)c2ccc(SC)cc2)cc1OC,6.767004013061523,7.229135682779064,0.11107445272141349,0.8840579710144928,0.4621316697175404
gin,2037,COc1ccc(S(=O)(=O)N(CC(C)C)C[C@@H](O)[C@H](Cc2ccccc2)n2cc(CNC(=O)c3ccncc3)nn2)cc1,8.0,7.606081167949917,0.1823323302704324,0.6551724137931034,0.39391883205008327
gin,962,CC(C)[C@@H](C(=O)N[C@H]1Cc2ccccc2[C@H]1O)[C@@H](O)[C@H](O)[C@H](CC1CCCCC1)NC(=O)c1ccccc1OCSc1ccccc1,6.346999645233154,6.793505638168654,0.1427534345074464,0.8292682926829268,0.4465059929354993
gin,1907,COc1ccc(-c2cc(O)c(Sc3ccccc3C(C)C)c(=O)o2)cc1,7.0809221267700195,6.801698415769433,0.09885105153994964,0.7872340425531915,0.2792237110005864
gin,1846,COCCOCCC(CCOCCOC)c1cc(O)c(C(c2cccc(NS(=O)(=O)c3cn(C)cn3)c2)C2CC2)c(=O)o1,5.522878646850586,5.79483929354322,0.10659020590208942,0.935064935064935,0.27196064669263365
gin,1701,CCc1cccc(-c2cc(O)c(Sc3ccccc3C(C)C)c(=O)o2)c1,6.581698894500732,7.222630220453323,0.16959067661595278,0.7647058823529411,0.6409313259525904
gin,1451,CCCCCCCCCCCCCCC[C@H](C[C@H](O)[C@H](Cc1ccccc1)NC(=O)OC(C)(C)C)C(=O)N[C@H]1c2ccccc2C[C@H]1O,5.522878646850586,8.62132694307914,0.5084544221222388,0.835820895522388,3.098448296228554
gin,1650,CC[C@H](C)[C@H](NC(=O)[C@H](C(C)C)C(O)[C@H](O)[C@H](CC1CCCCC1)NC(=O)c1ccccc1OCOc1ccccc1)C(=O)NCc1nc2ccccc2[nH]1,7.744968891143799,7.275120323093714,0.042437546631481186,0.8461538461538461,0.469848568050085
gin,945,CC(C)C[C@H](NC(=O)[C@H](Cc1ccccc1)C[C@H](O)[C@H](Cc1ccccc1)NC(=O)OC(C)(C)C)C(=O)NCCO,8.677781105041504,9.053525696575349,0.12576469486187636,0.8666666666666667,0.3757445915338451
gin,1207,CC(C)c1ccccc1SC1=C(O)OC(CCCCC(=O)NCc2ccccc2)(c2ccccc2)CC1=O,7.585026741027832,6.767246448722293,0.06644826055998553,0.9516129032258065,0.8177802923055388
gin,2378,Cc1ccc(S(=O)(=O)[C@H](C)NC(=O)N[C@H](C(=O)N[C@@H](Cc2ccccc2)[C@@H](O)C(=O)N[C@H]2Cc3ccc(cc3)OCCCNC(=O)[C@H](C(C)C)NC2=O)C(C)C)cc1,7.886056423187256,6.591329656807197,0.6788735121086843,0.7263157894736842,1.2947267663800588
gin,2346,Cc1ccc(C(C)(C)C)c(SC2=C(O)OC(CCc3ccccc3)(c3ccc(N)cc3)CC2=O)c1,7.494850158691406,7.6644995187447655,0.16838456141020566,0.9354838709677419,0.1696493600533593
gin,1036,CC(C)[C@H](NC(=O)CCc1cccnc1)C(=O)N[C@@H](Cc1ccccc1)C(O)[C@H](Cc1ccccc1)NC(=O)[C@H](NC(=O)CCc1cccnc1)C(C)C,7.6575775146484375,7.792878417381235,0.29453058156388096,0.7142857142857143,0.13530090273279782
gin,2269,Cc1cc(SC2=C(O)OC(CCc3ccc(O)cc3)(C3CCCC3)CC2=O)c(C(C)(C)C)cc1N,8.221848487854004,7.821431925358738,0.08035077810364215,0.9365079365079365,0.40041656249526625
gin,1965,COc1ccc(S(=O)(=O)N(CC(C)C)C[C@@H](O)[C@H](Cc2ccccc2)NC(=O)Cc2ccc(OC)c(O)c2)cc1,8.401209831237793,8.076662892284617,0.12131228537566972,0.8939393939393939,0.3245469389531763
gin,1161,CC(C)[C@H](NC(=O)c1ccc2ccccc2n1)C(=O)N[C@@H](Cc1ccccc1)[C@@H](O)CN(Cc1ccccc1)NC(=O)[C@H](NC(=O)c1ccc2ccccc2n1)C(C)C,7.187086582183838,8.560568531350981,0.10894598097676635,0.7333333333333333,1.373481949167143
gin,233,CC(C)(C)NC(=O)[C@@H]1C[C@@H]2CCCC[C@@H]2CN1C[C@@H](O)C[C@@H](Cc1ccccc1)C(=O)N[C@H]1c2ccccc2CC1O,8.119987487792969,7.970025441352611,0.414316964262744,1.0,0.1499620464403577
gin,1149,CC(C)[C@H](NC(=O)[C@H](Cc1ccccc1)C[C@H](O)[C@H](Cc1ccccc1)NC(=O)OC(C)(C)C)C(=O)NCc1ccccc1,9.619789123535156,8.760864294670341,0.07233981473482932,0.8983050847457628,0.858924828864815
gin,786,CC(C)CN(C[C@@H](O)[C@H](Cc1ccccc1)NC(=O)Oc1c2occc2cc2ccc(=O)oc12)S(=O)(=O)c1ccc([N+](=O)[O-])cc1,8.815308570861816,7.967148017331354,0.026636694608220605,0.6477272727272727,0.8481605535304624
gin,432,CC(C)(C)OC(=O)N[C@@H](Cc1ccc(O)cc1)[C@@H](O)C[C@@H](Cc1ccc(O)cc1)C(=O)NC1c2ccccc2C[C@H]1O,9.823908805847168,9.649051574685615,0.21110619937021918,0.967741935483871,0.17485723116155327
gin,979,CC(C)[C@@H]1NC(=O)[C@@H](NC(=O)[C@@H](O)[C@H](Cc2ccccc2)NC(=O)OC(C)(C)C)Cc2ccc(cc2)OCCCNC1=O,7.0,7.062302872266251,0.29535612626732866,1.0,0.062302872266251086
gin,1017,CC(C)[C@H](CCc1ccccc1)NC(=O)C(F)(F)C(=O)C(Cc1ccc(OCc2ccccc2)cc1)NC(=O)[C@@H](NC(=O)OCc1ccccc1)C(C)C,7.886056423187256,7.93938571243406,0.27297849157240967,0.8260869565217391,0.053329289246804024
gin,2203,Cc1cc(SC2=C(O)OC(C)(CCc3ccc(O)cc3)CC2=O)c(C(C)(C)C)cc1N,7.951892852783203,8.588350120706394,0.05345047763765009,0.7936507936507936,0.6364572679231912
gin,387,CC(C)(C)NC(=O)c1ccccc1C[C@@H](O)[C@H](Cc1ccccc1)NC(=O)[C@H](C[S+]([O-])c1cccc2ccccc12)NS(C)(=O)=O,9.346787452697754,8.30552469016699,0.11789219156873242,0.8028169014084507,1.0412627625307636
gin,2282,Cc1cc(SC2=C(O)OC(CCc3ccc(O)cc3)(c3ccccc3)CC2=O)c(C(C)(C)C)cc1CO,8.769551277160645,8.378307759510093,0.22939504289721457,0.9206349206349206,0.3912435176505511
gin,602,CC(C)(C)OC(=O)N[C@@H](Cc1ccccc1)[C@H](O)CNC[C@@H](O)[C@H](Cc1ccc(OCCCc2nc3ccccc3o2)cc1)NC(=O)OC(C)(C)C,6.552842140197754,7.439238212315924,0.1798700531520927,0.6617647058823529,0.8863960721181705
gin,436,CC(C)(C)OC(=O)N[C@@H](Cc1ccc(OCCN2CCOCC2)cc1)[C@@H](O)C[C@@H](Cc1ccccc1)C(=O)NC1c2ccccc2C[C@H]1O,9.259636878967285,9.18787207102963,0.2991129310785012,0.9375,0.0717648079376545
gin,368,CC(C)(C)NC(=O)c1ccccc1C[C@@H](O)[C@H](Cc1ccccc1)NC(=O)[C@H](CS(=O)(=O)Cc1ccccc1)NS(C)(=O)=O,7.712198257446289,7.361674635942585,0.22913187133075455,0.8125,0.3505236215037044
gin,1377,CCC(CC)NC(=O)C[C@@H](C(=O)NC[C@@H](O)[C@H](Cc1ccccc1)NC(=O)[C@@H](NC(=O)c1ccc2ccccc2n1)[C@H](C)O)C(C)(C)C,8.443697929382324,8.266423090646498,0.28151857475430486,0.8243243243243243,0.17727483873582628
gin,1128,CC(C)[C@H](NC(=O)OCc1cccnc1)C(=O)N[C@@H](Cc1ccccc1)[C@@H](O)[C@H](O)[C@H](Cc1ccccc1)NC(=O)[C@H](NC(=O)OCc1cccnc1)C(C)C,9.0,8.928410858720895,0.07967920775899613,1.0,0.0715891412791052
gin,1486,CCCNC(=O)[C@@H](NC(=O)Cc1ccccc1)[C@@H]1N[C@@H](C(=O)N(C)CCN(C)C(=O)[C@@H]2N[C@@H]([C@H](NC(=O)Cc3ccccc3)C(=O)NCC)SC2(C)C)C(C)(C)S1,7.958607196807861,6.280575725915483,0.14796980311059074,0.71875,1.6780314708923783
gin,1748,COC(=O)NC(C(=O)NN(CC(C)C)C[C@H](O)[C@H](Cc1ccccc1)NC(=O)[C@H](CC(N)=O)NC(=O)c1ccc2ccccc2n1)C(C)C,7.638272285461426,7.793646927974088,0.11402478187593963,0.8846153846153846,0.15537464251266186
gin,2021,COc1ccc(S(=O)(=O)N(CC(C)C)C[C@@H](O)[C@H](Cc2ccccc2)NC(=O)c2cccc(N)c2C)cc1,8.221848487854004,7.76809059884031,0.18465129482080125,0.803030303030303,0.4537578890136942
gin,2306,Cc1cc(SC2=C(O)OC(CCc3ccco3)(C(C)C)CC2=O)c(C(C)(C)C)cc1CO,9.107905387878418,8.721370987906568,0.17436782233626386,0.7605633802816901,0.38653439997185046
gin,471,CC(C)(C)OC(=O)N[C@@H](Cc1ccccc1)[C@@H](O)CCC(=O)N[C@@H]1c2ccccc2C[C@H]1O,5.5320000648498535,7.188778072786024,0.04051336676422213,1.0,1.656778007936171
gin,676,CC(C)(c1cc2cnccc2o1)N1CCN(C[C@@H](O)C[C@@H](Cc2ccccc2)C(=O)N[C@H]2c3ccccc3OC[C@H]2O)[C@H](C(=O)NCC(F)(F)F)C1,8.795880317687988,9.664259231860342,0.10436424688951337,0.9183673469387755,0.8683789141723537
gin,2629,O=C(OC1COc2cc(O)cc(O)c2C1)c1cccc(O)c1O,4.0,4.959973673223999,0.08863849971094435,0.8478260869565217,0.959973673223999
gin,29,CC(=O)N[C@@H](CS(=O)(=O)c1ccc2ccccc2n1)C(=O)N[C@@H](Cc1ccccc1)[C@H](O)Cc1ccccc1C(=O)NC(C)(C)C,9.537859916687012,8.676153089750088,0.10927950382259163,0.8472222222222222,0.8617068269369241
gin,1795,COC(=O)[C@@H](NC(=O)[C@H](CC(C)C)NC(=O)[C@@H](NC(=O)CCCOc1ccc2ccc(OCCCC(=O)N[C@H](C(=O)N[C@@H](CC(C)C)C(=O)N[C@H](C(=O)OC)C(C)C)C(C)C)cc2c1)C(C)C)C(C)C,5.577450752258301,6.4024854951427805,0.2793606629406373,0.896551724137931,0.8250347428844798
gin,819,CC(C)CN(C[C@@H](O)[C@H](Cc1ccccc1)NC(=O)c1cc2ccc(O)cc2o1)S(=O)(=O)c1ccc(N)cc1,5.515700340270996,6.677135659948708,0.44370821890311374,0.855072463768116,1.1614353196777119
gin,1285,CC1(C)S[C@H]([C@H](NC(=O)Cc2ccccc2)C(=O)NCc2ccccc2)N[C@H]1C(=O)NCCO,3.744727611541748,7.369730024247663,0.2242340748311401,0.9090909090909091,3.625002412705915
gin,2794,[N-]=[N+]=N[C@]1(CO)O[C@@H](n2ccc(N)nc2=O)[C@@H](O)[C@@H]1O,6.767004013061523,7.026086194431336,0.08094747277114336,1.0,0.25908218136981276
gin,790,CC(C)CN(C[C@@H](O)[C@H](Cc1ccccc1)NC(=O)[C@@H](C[S+]([O-])c1ccc2ccccc2c1)NS(C)(=O)=O)C(=O)NC(C)(C)C,8.677781105041504,8.284615533075701,0.2346968617587259,0.7,0.3931655719658025
gin,2304,Cc1cc(SC2=C(O)OC(CCc3ccccn3)(C(C)C)CC2=O)c(C(C)(C)C)cc1CO,8.920818328857422,8.673164763470112,0.18271727268935725,0.7567567567567568,0.24765356538730998
gin,188,CC(C)(C)NC(=O)[C@@H]1CN(Cc2ccccc2)CCN1C[C@@H](O)C[C@@H](Cc1ccccc1)C(=O)NC1c2ccccc2C[C@H]1O,9.522878646850586,8.391236658716437,0.49617780786579435,0.92,1.1316419881341488
gin,170,CC(C)(C)NC(=O)[C@@H]1CN(Cc2cc(Br)cs2)CCN1C[C@@H](O)C[C@@H](Cc1ccncc1)C(=O)N[C@H]1c2ccccc2C[C@H]1O,9.95860767364502,9.677505393651813,0.20349074081209473,0.8791208791208791,0.28110227999320614
gin,324,CC(C)(C)NC(=O)[C@@H]1C[C@H](OCc2ccncc2)CCN1C[C@@H](O)[C@H](Cc1ccccc1)NC(=O)CCc1ccccc1,5.853871822357178,5.305498795442858,0.33214064728436893,0.9178082191780822,0.5483730269143194
gin,43,CC(=O)N[C@H](C(=O)N[C@@H](Cc1ccccc1)[C@@H](O)CN(CC(C)C)NC(=O)[C@@H](NC(C)=O)C(C)C)C(C)C,7.346787452697754,7.108080643128172,0.3874230729119426,0.86,0.23870680956958168
gin,87,CC(C)(C)NC(=O)C1CC2CCCCC2CN1C[C@H](O)[C@H](Cc1ccccc1)NC(=O)[C@H](CC(N)=O)NC(=O)OCc1ccccc1,7.0,7.889604729122304,0.3203003866955116,1.0,0.8896047291223041
gin,544,CC(C)(C)OC(=O)N[C@@H](Cc1ccccc1)[C@@H](O)C[C@@H](Cc1ccccc1)C(=O)N[C@@H](CC1CCCCC1)C(N)=O,7.193819999694824,6.635848194115262,0.26178576002084225,0.7704918032786885,0.5579718055795624
gin,2313,Cc1cc(SC2=C(O)OC(CCc3cncs3)(C(C)C)CC2=O)c(C(C)(C)C)cc1CO,9.619789123535156,9.026053090787698,0.18402175710701962,0.7746478873239436,0.5937360327474579
gin,282,CC(C)(C)NC(=O)[C@@H]1C[C@@H]2CCCC[C@@H]2CN1C[C@@H](O)[C@H](Cc1ccccc1)NC(=O)[C@@H](NC(=O)c1cnccn1)[C@H]1CCOC1,8.548213958740234,8.386459732194965,0.37880006270557304,0.8131868131868132,0.16175422654526983
gin,2410,Cc1ccccc1-c1cc(O)c(SCc2ccccc2)c(=O)o1,4.848936557769775,5.6506755007020075,0.2917571008513314,0.723404255319149,0.8017389429322321
gin,1075,CC(C)[C@H](NC(=O)N1CCN(Cc2ccccc2)CC1)C(=O)N[C@@H](Cc1ccccc1)[C@H](O)[C@H](O)[C@H](Cc1ccccc1)NC(=O)[C@H](NC(=O)N1CCN(Cc2ccccc2)CC1)C(C)C,8.045757293701172,7.315440103962228,0.4147986144480826,0.7884615384615384,0.730317189738944
gin,2295,Cc1cc(SC2=C(O)OC(CCc3ccccc3)(C(C)C)CC2=O)c(C(C)(C)C)cc1OS(=O)(=O)c1ccccn1,8.173925399780273,8.062415368380769,0.08552816007052948,0.7831325301204819,0.11151003139950433
gin,2274,Cc1cc(SC2=C(O)OC(CCc3ccc(O)cc3)(C3CCCCC3)CC2=O)c(C(C)(C)C)cc1OS(=O)(=O)N(C)C,7.698969841003418,7.632997907544546,0.11085500849957818,0.8024691358024691,0.0659719334588722
gin,2092,COc1cncc(-c2cnc(C(C)(C)N3CCN(C[C@@H](O)C[C@@H](Cc4ccccc4)C(=O)N[C@H]4c5ccccc5OC[C@H]4O)[C@H](C(=O)NCC(F)(F)F)C3)o2)c1,10.698969841003418,9.86904587998876,0.22988428506636843,0.8380952380952381,0.8299239610146572
gin,1580,CCOC(=O)c1cnc2oc(CN3CCN(CC(O)CC(Cc4ccccc4)C(=O)NC4c5ccccc5CC4O)C(C(=O)NC(C)(C)C)C3)cc2c1,9.568635940551758,8.821397078238505,0.30852579130471053,0.7669902912621359,0.7472388623132531
gin,2290,Cc1cc(SC2=C(O)OC(CCc3ccccc3)(C(C)C)CC2=O)c(C(C)(C)C)cc1NS(=O)(=O)c1ccccn1,8.522878646850586,8.183880356543625,0.12712181828668134,0.922077922077922,0.3389982903069608
gin,149,CC(C)(C)NC(=O)[C@@H]1CN(C(=O)OCc2ccccc2)CCN1C[C@@H](O)[C@H](Cc1ccccc1)NC(=O)O[C@H]1CCOC1,7.723538398742676,6.404274851800523,0.2398652557010104,1.0,1.3192635469421532
gin,1783,COC(=O)[C@@H](NC(=O)[C@@H](/N=C(\S)[C@H](Cc1ccccc1)NC(=O)[C@H](Cc1ccccc1)NC(=O)[C@H](C)NC(=O)[C@H](C)NC(=O)OC(C)(C)C)C(C)C)C(C)C,3.698970079421997,5.03459827532123,0.34857667209947085,0.8571428571428571,1.3356281958992327
gin,2374,Cc1ccc(O)c(C)c1C(=O)N[C@@H](Cc1cccc(C(F)(F)F)c1)[C@H](O)C(=O)N1C[C@@H](Cl)C[C@H]1C(=O)NC(C)(C)C,8.337242126464844,8.366142458347142,0.10392043717245027,0.84,0.02890033188229779
gin,1417,CCCC1(CCc2ccccc2)CC(=O)C(C(c2cccc(NS(=O)(=O)c3ccc(N)cn3)c2)C(C)(C)C)=C(O)O1,6.638272285461426,6.395294977379152,0.1674756364141939,0.8395061728395061,0.24297730808227413
gin,2725,O=c1cc(-c2ccccc2)oc(O)c1SCc1ccccc1,5.7695512771606445,5.542056122835859,0.1359401741703074,0.868421052631579,0.22749515432478518
gin,2523,O=C(Cc1ccccc1)Nc1cccc(C(c2c(O)oc3c(c2=O)CCCCCC3)C2CC2)c1,4.761953830718994,4.627780861125899,0.0843913955527216,0.7903225806451613,0.1341729695930951
gin,2386,Cc1cccc(C)c1CCC(=O)N[C@@H](Cc1ccccc1)[C@H](O)CN1CC[C@@H](OCc2ccncc2)C[C@H]1C(=O)NC(C)(C)C,5.619788646697998,6.480029888883266,0.24556279384828017,0.8734177215189873,0.8602412421852677
gin,134,CC(C)(C)NC(=O)[C@@H]1CCCN1C(=O)[C@@H](O)[C@H](Cc1ccccc1)NC(=O)[C@H](CC(N)=O)NC(=O)COc1cccc2ccccc12,9.236796379089355,7.4647385957404895,0.11718228257778064,0.8048780487804879,1.772057783348866
gin,1125,CC(C)[C@H](NC(=O)OCc1cccnc1)C(=O)N[C@@H](Cc1ccccc1)C(O)[C@H](Cc1ccccc1)NC(=O)[C@H](NC(=O)OCc1cccnc1)C(C)C,8.16749095916748,8.389038862223089,0.2562658375047252,0.96,0.22154790305560823
gin,655,CC(C)(C)OC(=O)[C@@H]1CCCN1C[C@@H](O)[C@H](Cc1ccccc1)NC(=O)[C@H](CC(N)=O)NC(=O)c1ccc2ccccc2n1,7.638272285461426,7.853773457832716,0.12525650683000766,1.0,0.2155011723712903
gin,900,CC(C)C[C@@H]1NC(=O)[C@H](C(C)C)NC(=O)[C@]2(C)CCCN2C(=O)[C@H](C(C)C)NC(=O)[C@H](Cc2ccccc2)NC(=O)CSCCNC(=O)CNC(=O)[C@H](Cc2ccccc2)N(C)C(=O)[C@H](CC(C)C)NC(=O)[C@H](CCC2CCCCC2)NC1=O,9.431797981262207,8.684954350190395,0.07752491660765047,0.9130434782608695,0.7468436310718118
gin,2291,Cc1cc(SC2=C(O)OC(CCc3ccccc3)(C(C)C)CC2=O)c(C(C)(C)C)cc1NS(=O)(=O)c1cccnc1,8.455931663513184,8.222842309988081,0.13663508979341368,0.9113924050632911,0.23308935352510218
gin,393,CC(C)(C)NC(=O)c1ccccc1OC[C@@H](O)[C@H](Cc1ccccc1)NC(=O)[C@H](CC(N)=O)NC(=O)c1ccc2c(c1)C(=O)c1ccccc1C2=O,7.387216091156006,6.9632906103682695,0.2494509959975302,1.0,0.4239254807877364
gin,1670,CC[C@H](C)[C@H](NC(=O)[C@H](CCC(N)=O)NC(=O)[C@@H]1CCCN1C(=O)CCCCCCC/C=C\CCCCCCCC(=O)N[C@H](CO)C(=O)N[C@@H](C(=O)N[C@H](CC(C)C)C(=O)N[C@H](CC(N)=O)C(=O)N[C@H](Cc1ccccc1)C(=O)O)[C@H](C)O)C(=O)N[C@H](C(=O)N[C@@H](CC(C)C)C(=O)N[C@@H](Cc1c[nH]c2ccccc12)C(=O)O)[C@@H](C)O,5.3565473556518555,5.602693906953576,0.33804033979637016,1.0,0.24614655130172025
gin,2077,COc1ccc2cc(C(=O)N[C@@H](Cc3ccccc3)[C@H](O)CN(CC(C)C)S(=O)(=O)c3ccc(N)cc3)c(=O)oc2c1,6.990974426269531,6.705231978726054,0.1211421095047668,0.8461538461538461,0.2857424475434769
gin,2739,O=c1oc2cccc(O)c2c(O)c1Cc1ccccc1,4.0,4.6906011139176655,0.21757475206708796,0.4888888888888889,0.6906011139176655
gin,1037,CC(C)[C@H](NC(=O)CCc1cccnc1)C(=O)N[C@@H](Cc1ccccc1)[C@@H](O)[C@@H](O)[C@H](Cc1ccccc1)NC(=O)[C@H](NC(=O)CCc1cccnc1)C(C)C,8.823908805847168,8.46349056917856,0.09244349888765341,0.7017543859649122,0.3604182366686075
gin,2491,N[C@@H](Cc1ccccc1)C(O)[C@@H](N)Cc1ccccc1,5.0,4.467582141105709,0.7618465941227117,0.4411764705882353,0.5324178588942914
gin,221,CC(C)(C)NC(=O)[C@@H]1C[C@@H](O)CN1CC(O)CNC(=O)[C@@H]1N[C@@H](C(NC(=O)Cc2ccccc2)C(=O)NCc2ccccc2)SC1(C)C,5.2924299240112305,6.3897132738463895,0.3684562158639768,0.8352941176470589,1.097283349835159
gin,2272,Cc1cc(SC2=C(O)OC(CCc3ccc(O)cc3)(C3CCCCC3)CC2=O)c(C(C)(C)C)cc1N,7.698969841003418,7.671560265404878,0.08979794746060324,0.921875,0.02740957559853996
gin,1270,CC1(C)S[C@H]([C@@H](CO)NC(=O)Cc2ccccc2)N[C@H]1C(=O)NCCNC(=O)[C@@H]1N[C@@H]([C@@H](CO)NC(=O)Cc2ccccc2)SC1(C)C,6.853871822357178,7.300447036257676,0.43814543383743754,0.7454545454545455,0.44657521390049837
gin,2297,Cc1cc(SC2=C(O)OC(CCc3ccccc3)(c3ccc(OCCO)cc3)CC2=O)c(C(C)(C)C)cc1CO,8.853872299194336,8.491228136770957,0.27460037740079263,0.88,0.36264416242337916
gin,173,CC(C)(C)NC(=O)[C@@H]1CN(Cc2cc3ccccc3o2)CCN1C[C@@H](O)C[C@@H](Cc1ccccc1)C(=O)N[C@H]1c2ccccc2C[C@H]1O,9.74472713470459,8.895375384996214,0.12111513323623221,1.0,0.8493517497083758
gin,2627,O=C(OC1CCCCC1)c1ccccc1CSc1c(O)oc(-c2ccccc2)cc1=O,5.92081880569458,6.162011220000963,0.24119658270325192,0.9807692307692307,0.24119241430638283
gin,1808,COC(=O)[C@H](CC(C)C)NC(=O)[C@H](CC(C)C)NC(=O)CNC(=O)CCCOc1cccc(OCCCC(=O)NCC(=O)N[C@@H](CC(C)C)C(=O)N[C@@H](CC(C)C)C(=O)OC)n1,4.79587984085083,4.454776595933197,0.2132361030568087,0.59375,0.3411032449176332
gin,450,CC(C)(C)OC(=O)N[C@@H](Cc1ccccc1)C[C@H](O)[C@H](Cc1ccccc1)NC(=O)c1cc(O)cc(O)c1,7.2924299240112305,9.010044696363167,0.2891892185118763,0.8269230769230769,1.7176147723519364
gin,2428,Cc1ccncc1-c1ccc(C[C@H](C[C@H](O)CN2CCN(Cc3ccc(-c4ccc(Cl)cc4)o3)C[C@H]2C(=O)NCC(F)(F)F)C(=O)N[C@H]2c3ccccc3OC[C@H]2O)o1,10.09691047668457,10.498274341078371,0.050875028224899414,0.8990825688073395,0.4013638643938009
gin,2544,O=C(N[C@@H](Cc1ccccc1)[C@@H](O)C[C@H](Cc1ccccc1)NC(=O)c1ccccc1)OCc1ccccc1,7.508638381958008,7.304806728565659,0.36603302051900727,0.8409090909090909,0.2038316533923492
gin,486,CC(C)(C)OC(=O)N[C@@H](Cc1ccccc1)[C@@H](O)C[C@@H](CCCc1ccccc1)C(=O)N[C@@H]1c2ccccc2[C@@H](O)[C@H]1O,9.721017837524414,9.6575365367637,0.15516824771756832,1.0,0.06348130076071357
gin,2024,COc1ccc(S(=O)(=O)N(CC(C)C)C[C@@H](O)[C@H](Cc2ccccc2)NC(=O)c2ccccc2C(C)C)cc1,7.3098039627075195,7.657468887425932,0.13569505725140008,0.8387096774193549,0.34766492471841204
gin,152,CC(C)(C)NC(=O)[C@@H]1CN(C(=O)c2cc3ccccc3oc2=O)CCN1C[C@@H](O)C[C@@H](Cc1ccccc1)C(=O)NC1c2ccccc2C[C@H]1O,9.886056900024414,8.077435467575754,0.13918907762089988,0.7634408602150538,1.8086214324486605
gin,1317,CC1=C(C(COC(=O)C23C[C@H]4C[C@@H](C2)C[C@@H](C3)C4)OC(=O)C23C[C@H]4C[C@@H](C2)C[C@@H](C3)C4)c2cc3nc(cc4[nH]c(cc5[nH]c(cc1n2)c(C)c5CCC(=O)O)c(CCC(=O)O)c4C)C(C(COC(=O)C12C[C@H]4C[C@@H](C1)C[C@@H](C2)C4)OC(=O)C12C[C@H]4C[C@@H](C1)C[C@@H](C2)C4)=C3C,5.301030158996582,5.771610432259109,0.5692789173783482,0.6351351351351351,0.47058027326252727
gin,1178,CC(C)[C@H]1[C@@H](OC(=O)N[C@@H](CSc2ccccc2)[C@H](O)CN2C[C@H]3CCS[C@H]3C[C@H]2C(=O)NC(C)(C)C)CCS1(=O)=O,9.022275924682617,8.947531265949891,0.0790413604523431,1.0,0.07474465873272607
gin,270,CC(C)(C)NC(=O)[C@@H]1C[C@@H]2CCCC[C@@H]2CN1C[C@@H](O)[C@H](Cc1ccccc1)NC(=O)[C@@H](C[S+]([O-])c1ccc(F)cc1)NS(C)(=O)=O,9.221848487854004,8.547405990959803,0.052104392291737245,0.8488372093023255,0.6744424968942013
gin,407,CC(C)(C)NS(=O)(=O)CC[C@@H]1O[C@@H]1[C@H](Cc1ccccc1)NC(=O)[C@@H](NC(=O)OCc1ccccc1)C(C)(C)S(C)(=O)=O,7.694648742675781,7.721442209504701,0.20602468612753794,0.44680851063829785,0.02679346682892003
gin,1123,CC(C)[C@H](NC(=O)OCc1ccccn1)C(=O)N[C@@H](Cc1ccccc1)[C@@H](O)[C@H](O)[C@H](Cc1ccccc1)NC(=O)[C@H](NC(=O)OCc1ccccn1)C(C)C,9.0,8.89191036686097,0.06677785237584681,1.0,0.10808963313903064
gin,1583,CCO[C@@H]1C[C@@H](C(=O)NC(C)(C)C)N(C[C@H](O)CNC(=O)[C@@H]2N[C@@H](C(NC(=O)Cc3ccccc3)C(=O)NCc3ccccc3)SC2(C)C)C1,4.455932140350342,6.399007468310572,0.28437554506264484,0.8823529411764706,1.94307532796023
gin,1235,CC(C)c1nc(CN(C(=O)NCCC(=O)N[C@@H](Cc2ccccc2)[C@@H](O)C[C@H](Cc2ccccc2)NC(=O)OCc2cncs2)C2CC2)cs1,7.136677265167236,8.26567212724808,0.13945112547975877,0.9529411764705882,1.1289948620808445
gin,1244,CC(CCC=C(c1cc(Cl)c(O)c(C(=O)O)c1)c1cc(Cl)c(O)c(C(=O)O)c1)[C@H]1CC[C@H]2[C@@H]3CC[C@@H]4CCCC[C@]4(C)[C@H]3CC[C@]12C,5.823908805847168,6.0749868443293025,0.1212723353161225,0.8194444444444444,0.2510780384821345
gin,528,CC(C)(C)OC(=O)N[C@@H](Cc1ccccc1)[C@@H](O)C[C@@H](Cc1cccc(O)c1)C(=O)N[C@H]1c2ccccc2C[C@H]1O,9.677781105041504,9.416637945357394,0.130950925601484,0.8769230769230769,0.26114315968411006
gin,787,CC(C)CN(C[C@@H](O)[C@H](Cc1ccccc1)NC(=O)[C@@H](CS(=O)(=O)c1ccc(F)cc1)NS(C)(=O)=O)C(=O)NC(C)(C)C,8.0,7.973300840066038,0.27932304863720087,0.6842105263157895,0.02669915993396188
gin,2423,Cc1ccccc1SC1=C(O)OC(c2ccccc2)(c2ccccc2)CC1=O,6.411168098449707,6.77538471447982,0.08980283335269719,0.723404255319149,0.364216616030113
gin,257,CC(C)(C)NC(=O)[C@@H]1C[C@@H]2CCCC[C@@H]2CN1C[C@@H](O)[C@H](Cc1ccccc1)NC(=O)O[C@H]1CCCS(=O)(=O)C1,5.758204460144043,6.828937322186384,0.23717399077159104,1.0,1.070732862042341
gin,2644,O=C1C(O)=C(C(C2=C(O)C(=O)c3ccccc3C2=O)c2ccc(Cl)cc2Cl)C(=O)c2ccccc21,4.619788646697998,5.665523402985613,0.26132892731346385,0.5405405405405406,1.0457347562876151
gin,695,CC(C)=CCCC(C)C1=C(O)C(C)(C(=O)NC(C)(C)C)OC1=O,3.8210229873657227,4.27034881623382,0.451393740294411,0.5555555555555556,0.4493258288680977
gin,460,CC(C)(C)OC(=O)N[C@@H](Cc1ccccc1)C[C@H](O)[C@H](Cc1ccccc1)NC(=O)c1cccc(O)c1,8.468521118164062,8.168371629078777,0.2687974444573662,0.8301886792452831,0.3001494890852854
gin,2550,O=C(N[C@@H](Cc1ccccc1)[C@H](O)CN(C1CC1)S(=O)(=O)c1ccc(C(F)(F)F)cc1)N1CCOCC1,7.327902317047119,6.305921122976315,0.1060819071852834,0.828125,1.0219811940708041
gin,254,CC(C)(C)NC(=O)[C@@H]1C[C@@H]2CCCC[C@@H]2CN1C[C@@H](O)[C@H](Cc1ccccc1)NC(=O)O[C@@H]1CO[C@@H]2OCC[C@@H]21,8.193819999694824,7.750800629567823,0.336777425066405,1.0,0.44301937012700154
gin,506,CC(C)(C)OC(=O)N[C@@H](Cc1ccccc1)[C@@H](O)C[C@@H](Cc1ccc(F)cc1)C(=O)N[C@H]1c2ccccc2C[C@H]1O,9.356547355651855,9.503422395770798,0.0743861312725725,0.9047619047619048,0.14687504011894248
gin,1829,COC(=O)c1ccc(CN2C(=O)N(Cc3ccc(C(=O)OC)cc3)[C@H](COc3ccccc3)[C@H](O)[C@@H](O)[C@H]2COc2ccccc2)cc1,5.096909999847412,6.750456510071146,0.20703142386460116,0.7333333333333333,1.653546510223734
gin,1756,COC(=O)N[C@H](C(=O)N[C@@H](Cc1ccccc1)C(O)CN(CC(C)C)NC(=O)[C@@H](NC(=O)OC)C(C)C)C(C)C,7.387216091156006,7.230535946401318,0.20961590241151862,0.8518518518518519,0.15668014475468794
gin,168,CC(C)(C)NC(=O)[C@@H]1CN(Cc2c(F)cccc2F)CCN1C[C@@H](O)C[C@@H](Cc1ccncc1)C(=O)N[C@H]1c2ccccc2C[C@H]1O,9.318758964538574,9.335924774344988,0.3245095202515001,0.8735632183908046,0.017165809806414245
gin,2647,O=C1CC(CC2CCCC2)(c2ccccc2)OC(O)=C1SCc1ccccc1,7.055517196655273,6.612448715250395,0.01516433631818927,0.8235294117647058,0.44306848140487887
gin,1948,COc1ccc(S(=O)(=O)N(CC(C)C)C[C@@H](O)[C@H](Cc2ccccc2)NC(=O)CCc2ccc(O)c(O)c2)cn1,10.091514587402344,8.62432906772139,0.164718550070663,0.7945205479452054,1.4671855196809531
gin,1867,COc1cc(/C=C/C(=O)N[C@@H](Cc2ccccc2)[C@H](O)CN(CC(C)C)S(=O)(=O)c2ccc(SC)cc2)ccc1O,7.800518989562988,7.844507225832807,0.09927528214747085,0.8767123287671232,0.043988236269818515
gin,291,CC(C)(C)NC(=O)[C@@H]1C[C@@H]2CCCC[C@@H]2CN1C[C@@H](O)[C@H](Cc1ccccc1)NC(=O)[C@H]1CCCSC1,7.005242824554443,6.590228414501389,0.17612770456483623,1.0,0.41501441005305395
gin,2735,O=c1oc2cc(O)ccc2c(O)c1-c1ccc(O)cc1,5.698969841003418,5.241984767645718,0.2529954313708511,0.5675675675675675,0.4569850733576999
gin,741,CC(C)CCN(C[C@@H](O)[C@H](Cc1ccccc1)NC(=O)[C@H](CC(N)=O)NC(=O)c1ccc2ccccc2n1)S(=O)(=O)c1ccccc1,8.823908805847168,8.11403071927299,0.13318234826792383,0.8714285714285714,0.7098780865741787
gin,439,CC(C)(C)OC(=O)N[C@@H](Cc1ccccc1)C(=O)N1CCC(=O)[C@@H]1Sc1ccccc1,6.0,6.955360442200836,0.3078525359149794,1.0,0.9553604422008357
gin,135,CC(C)(C)NC(=O)[C@@H]1CCCN1C(=O)[C@@H](O)[C@H](Cc1ccccc1)NC(=O)[C@H](CC(N)=O)NC(=O)OCc1ccccc1,8.130767822265625,7.451263418540453,0.03153460297141371,1.0,0.6795044037251721
gin,2370,Cc1ccc(C[C@H](NC(=O)c2c(C)ccc(O)c2C)[C@H](O)C(=O)N2C[C@@H](Cl)C[C@H]2C(=O)NC(C)(C)C)cc1,8.443697929382324,8.29570401337162,0.1289408412788764,0.8571428571428571,0.1479939160107051
gin,2086,COc1ccccc1-c1cc(O)c(Sc2ccccc2C(C)C)c(=O)o1,5.848323822021484,6.687034083450072,0.192913236866702,0.74,0.838710261428588
gin,1477,CCCN(C[C@@H](O)[C@H](Cc1ccccc1)NC(=O)/C=C/c1ccc(O)c(OC)c1)S(=O)(=O)c1ccc(OC)cc1,7.617802619934082,7.684435159816221,0.08722990722444338,0.8732394366197183,0.06663253988213924
gin,2521,O=C(CN[C@@H](Cc1ccccc1)[C@H](O)CN(C1CC1)S(=O)(=O)c1ccc([N+](=O)[O-])cc1)N1CCOCC1,5.0,5.827177966597546,0.2108108814962474,0.8235294117647058,0.8271779665975458
gin,1288,CC1(C)S[C@H]([C@H](NC(=O)Cc2ccccc2)C(=O)NCc2ccccc2)N[C@H]1C(=O)NC[C@H](O)[C@@H](O)CNC(=O)[C@@H]1N[C@@H]([C@H](NC(=O)Cc2ccccc2)C(=O)NCc2ccccc2)SC1(C)C,7.443697452545166,7.5659019038673465,0.2814426914621382,1.0,0.1222044513221805
gin,961,CC(C)[C@@H](C(=O)N[C@H]1Cc2ccccc2[C@H]1O)[C@@H](O)[C@H](O)[C@H](CC1CCCCC1)NC(=O)c1ccccc1OCOc1ccccc1,6.268000602722168,7.257452681839813,0.19391795666912137,0.825,0.9894520791176449
gin,1723,CN(CC(O)[C@H](Cc1ccccc1)NC(=O)OC(C)(C)C)C[C@@H](O)[C@H](Cc1ccccc1)NC(=O)OC(C)(C)C,5.0,5.77296250551673,0.21603943543319942,0.75,0.7729625055167304
gin,1351,CCC(C)[C@H](NC(=O)C[C@H](O)[C@H](Cc1ccccc1)NC(=O)CC1C=CCN2C(=O)CCC(CNCc3ccccc3)C(=O)N12)C(=O)N[C@@H](Cc1ccccc1)C(=O)OC,3.4559319019317627,6.170444579529047,0.33435833399594966,0.9213483146067416,2.714512677597284
gin,1071,CC(C)[C@H](NC(=O)N(C)Cc1nccs1)C(=O)N[C@@H](Cc1ccccc1)[C@H](O)[C@@H](O)[C@H](Cc1ccccc1)NC(=O)[C@H](NC(=O)N(C)Cc1csc(N)n1)C(C)C,9.0,9.063397942671656,0.03914932392758715,0.84375,0.06339794267165644
gin,1186,CC(C)c1cccc(C(C)C)c1NC(=O)C(=O)CC(=O)CC(c1ccccc1)c1c(O)oc2ccccc2c1=O,4.508638381958008,5.6169208829348065,0.13961858590093443,0.423728813559322,1.1082825009767987
gin,2422,Cc1ccccc1SC1=C(O)OC(CCc2ccccc2)(c2ccccc2)CC1=O,7.136677265167236,6.826149570895382,0.1153008167826218,0.7636363636363637,0.31052769427185467
gin,976,CC(C)[C@@H]1NC(=O)CCCCCCOc2ccc(cc2)C[C@@H]([C@H](O)CN2CC3CCCCC3C[C@H]2C(=O)NC(C)(C)C)NC1=O,9.0,8.03757050275533,0.11541114671181515,1.0,0.9624294972446705
gin,761,CC(C)CN(C[C@@H](O)[C@H](Cc1ccccc1)NC(=O)Cc1cc(=O)oc2cc(O)ccc12)S(=O)(=O)c1ccc([N+](=O)[O-])cc1,7.954677104949951,8.168930246631987,0.10314478341676911,0.8481012658227848,0.21425314168203613
gin,1964,COc1ccc(S(=O)(=O)N(CC(C)C)C[C@@H](O)[C@H](Cc2ccccc2)NC(=O)Cc2ccc(O)cc2)cn1,8.139063835144043,7.714285356420117,0.17905942370023978,0.8939393939393939,0.42477847872392616
gin,210,CC(C)(C)NC(=O)[C@@H]1CN(Cc2noc3ccccc23)CCN1C[C@@H](O)C[C@@H](Cc1ccccc1)C(=O)NC1c2ccccc2C[C@H]1O,8.0387544631958,9.364646514282782,0.1638498331399027,0.7912087912087912,1.3258920510869814
gin,1950,COc1ccc(S(=O)(=O)N(CC(C)C)C[C@@H](O)[C@H](Cc2ccccc2)NC(=O)CCc2ccc(O)c(OC)c2)cn1,9.795880317687988,7.981626455996647,0.09328395632271053,0.8311688311688312,1.8142538616913413
gin,2188,Cc1cc(C)cc(-c2cc(O)c(Sc3ccccc3C(C)C)c(=O)o2)c1,7.823908805847168,7.25881675801016,0.24365430108376424,0.8297872340425532,0.5650920478370081
gin,365,CC(C)(C)NC(=O)c1ccccc1C[C@@H](O)[C@H](Cc1ccccc1)NC(=O)[C@H](CC(=O)OCc1ccccc1)NC(N)=O,7.2924299240112305,6.8850220332737395,0.1614380009845457,0.8571428571428571,0.40740789073749095
gin,838,CC(C)CN(C[C@@H](O)[C@H](Cc1ccccc1)NC(=O)c1ccccc1O)S(=O)(=O)c1ccc([N+](=O)[O-])cc1,7.876148223876953,8.102273583640851,0.28598079234470364,0.9016393442622951,0.22612535976389836
gin,930,CC(C)C[C@H](NC(=O)[C@@H](NC(=O)CCCOc1ccc2ccc(OCCCC(=O)N[C@H](C(=O)N[C@@H](CC(C)C)C(=O)N[C@H](C(=O)O)C(C)C)C(C)O)cc2c1)C(C)O)C(=O)N[C@H](C(=O)O)C(C)C,5.0,6.545260848560737,0.22174181037369864,0.8064516129032258,1.545260848560737
gin,2245,Cc1cc(SC2=C(O)OC(CCc3ccc(O)cc3)(C(C)C)CC2=O)c(C(C)(C)C)cc1NC(=O)c1ccncc1,8.294136047363281,8.30779267543808,0.11711170950374909,0.8648648648648649,0.013656628074798505
gin,2654,O=C1CC(CCc2ccccc2)(c2ccccc2)OC(O)=C1Sc1ccccc1C1CCCCC1,7.494850158691406,6.771895515961528,0.03720800882239704,0.6724137931034483,0.7229546427298779
gin,1726,CN1C2[C@]3(CO)C4N(C)C5[C@@](CO)(C1[C@@]5(CO)[C@@H](c1ccccc1)[C@]24CO)[C@H]3c1ccccc1,3.5816986560821533,4.017166357496194,0.14314375567886722,0.6470588235294118,0.4354677014140407
gin,1694,CC[C@H]1[C@@H](OC(=O)N[C@@H](Cc2ccccc2)[C@H](O)CN2C[C@H]3CCCC[C@H]3C[C@H]2C(=O)NC(C)(C)C)CCS1(=O)=O,8.267605781555176,7.587016060151417,0.22512881253539233,1.0,0.6805897214037584
gin,1576,CCOC(=O)c1cc(-c2cc(O)c(Sc3ccccc3C(C)C)c(=O)o2)ccc1O,6.829738140106201,7.06147171212131,0.20341472998306495,0.8070175438596491,0.23173357201510925
gin,2770,OC(C(COCc1ccccc1)OCc1ccc(F)cc1)C(O)C(COCc1ccccc1)OCc1ccc(F)cc1,6.15490198135376,5.276097943337675,0.08380096246723653,0.8787878787878788,0.8788040380160851
gin,2090,COc1ccccc1C[C@@H](O)C[C@@H](Cc1ccccc1)C(=O)N[C@H]1c2ccccc2C[C@H]1O,7.096909999847412,7.355228857767881,0.23770883158117936,0.8387096774193549,0.25831885792046894
gin,1431,CCCCC(CO)NC(=O)[C@@H]1N[C@@H]([C@H](NC(=O)Cc2ccccc2)C(=O)NCc2ccccc2)SC1(C)C.O,5.337242126464844,7.027424652196544,0.3114236683722602,0.9838709677419355,1.6901825257317
gin,420,CC(C)(C)OC(=O)NC(Cc1ccccc1)[C@@H](O)CC(CSc1ccccc1)C(=O)NC1c2ccccc2C[C@@H]1O,9.599980354309082,8.298958199181115,0.5432818830303386,1.0,1.301022155127967
gin,332,CC(C)(C)NC(=O)[C@H](CC1CCCCC1)N1CC[C@@](O)([C@H](Cc2ccccc2)NC(=O)OC(C)(C)C)C1,4.431798458099365,4.50020552590982,0.2506724248426945,0.7083333333333334,0.06840706781045469
gin,1265,CC1(C)SCN(C(=O)[C@@H](O)C[C@@H](Cc2ccccc2)C(=O)N[C@H]2c3ccccc3OC[C@H]2O)[C@@H]1C(=O)NCc1c(Cl)cccc1Cl,9.920818328857422,9.410293824123073,0.12384639217671868,0.9382716049382716,0.5105245047343487
gin,1326,CCC(=O)N[C@@H](CC(=O)OCc1ccccc1)C(=O)N[C@@H](Cc1ccccc1)[C@H](O)Cc1ccccc1C(=O)NC(C)(C)C,7.136677265167236,6.891025999941182,0.21794243112127878,0.8769230769230769,0.24565126522605407
gin,1885,COc1cc(CC2=C(O)C(C)(C(=O)NC(C)(C)C)OC2=O)cc(OC)c1OC,3.0,4.692748538076444,0.5061814419700129,0.5538461538461539,1.6927485380764438
gin,958,CC(C)OC(=O)N[C@@H](Cc1ccccc1)[C@H](O)CNC[C@@H](O)[C@H](Cc1ccccc1)NC(=O)OC(C)C,6.045757293701172,6.596885675436688,0.10500529303134767,0.7045454545454546,0.5511283817355164
gin,1564,CCNS(=O)(=O)Oc1cc(C(C)(C)C)c(SC2=C(O)OC(CCc3ccc(O)cc3)(C3CCCCC3)CC2=O)cc1C,8.318758964538574,7.701206478990564,0.02154813841301962,0.7926829268292683,0.6175524855480106
gin,1027,CC(C)[C@H](NC(=O)/C=C/c1cccnc1)C(=O)N[C@@H](Cc1ccccc1)[C@@H](O)[C@@H](O)[C@H](Cc1ccccc1)NC(=O)[C@H](NC(=O)/C=C/c1cccnc1)C(C)C,8.275724411010742,8.291996543049123,0.2291383622957918,0.9615384615384616,0.01627213203838096
gin,1608,CC[C@H](C)[C@H](NC(=O)CCCOc1ccc2ccc(OCCCC(=O)N[C@H](C(=O)N[C@@H](CC(C)C)C(=O)N[C@H](C(=O)OC)C(C)C)C(C)C)cc2n1)C(=O)N[C@H](C(=O)N[C@@H](CC(C)C)C(=O)OC)[C@@H](C)O,5.275723934173584,5.72184436115333,0.36482889855383754,0.9154929577464789,0.4461204269797463
gin,565,CC(C)(C)OC(=O)N[C@@H](Cc1ccccc1)[C@@H](O)C[C@@H](Cc1ccccc1)C(=O)N[C@H]1CCCC[C@H]1O,6.912170886993408,6.811229684384486,0.0136508192129967,1.0,0.10094120260892225
gin,199,CC(C)(C)NC(=O)[C@@H]1CN(Cc2ccncc2)CCN1C[C@@H](O)[C@H](Cc1ccccc1)NC(=O)O[C@H]1CCOC1,6.533132553100586,6.504698900200097,0.3026589159522232,0.9178082191780822,0.028433652900488937
gin,2666,O=C1CC2(CCCc3ccccc32)OC(O)=C1SCc1ccccc1,5.638272285461426,6.011705759486617,0.30720154287431956,0.875,0.373433474025191
gin,748,CC(C)CN(CC(O)[C@H](Cc1ccccc1)NC(=O)[C@H](CC(N)=O)NC(=O)OCc1ccccc1)C(=O)NC(C)(C)C,7.456056118011475,6.541691095868465,0.1302333590315895,1.0,0.9143650221430093
gin,289,CC(C)(C)NC(=O)[C@@H]1C[C@@H]2CCCC[C@@H]2CN1C[C@@H](O)[C@H](Cc1ccccc1)NC(=O)[C@H](CC(N)=O)NC(=O)c1ccc2ccccc2n1.CS(=O)(=O)O,9.0,8.18245703053816,0.12767042083026042,0.9512195121951219,0.8175429694618401
gin,246,CC(C)(C)NC(=O)[C@@H]1C[C@@H]2CCCC[C@@H]2CN1C[C@@H](O)[C@H](Cc1ccccc1)NC(=O)OCc1ccccc1,6.896196365356445,6.6050773475060325,0.12091399698680726,0.8333333333333334,0.29111901785041283
gin,2231,Cc1cc(SC2=C(O)OC(CCc3ccc(N)cc3)(C(C)C)CC2=O)c(C(C)(C)C)cc1OS(=O)(=O)c1cccs1,7.732828140258789,8.126359373095838,0.06487561872357492,0.8987341772151899,0.3935312328370486
gin,1033,CC(C)[C@H](NC(=O)CCN1CCOCC1)C(=O)N[C@@H](Cc1ccccc1)[C@@H](O)[C@@H](O)[C@H](Cc1ccccc1)NC(=O)[C@H](NC(=O)CCN1CCOCC1)C(C)C,7.638272285461426,7.310975961792344,0.10477734614325575,0.8148148148148148,0.32729632366908135
gin,1606,CC[C@H](C)[C@H](NC(=O)C1CC2CCCCC2CN1C[C@H](O)[C@H](Cc1ccccc1)NC(=O)[C@H](CC(N)=O)NC(=O)OCc1ccccc1)C(=O)N[C@H](C(=O)OC)C(C)C,7.0,7.770546723949792,0.16319507229370256,1.0,0.7705467239497921
gin,1797,COC(=O)[C@@H](NC(=O)[C@H](CC(C)C)NC(=O)[C@@H](NC(=O)CCCOc1cccc(OCCCC(=O)N[C@H](C(=O)N[C@@H](CC(C)C)C(=O)N[C@H](C(=O)OC)C(C)C)C(C)C)n1)C(C)C)C(C)C,5.522878646850586,5.977846041422666,0.33905996800542426,0.7758620689655172,0.4549673945720798
gin,662,CC(C)(C)c1c(SC2=C(O)OC(CCc3ccccc3)(c3ccccc3)CC2=O)oc2ccccc12,7.3181939125061035,7.686778653715567,0.09896465519276061,0.75,0.36858474120946383
gin,2227,Cc1cc(SC2=C(O)OC(CCc3ccc(N)cc3)(C(C)C)CC2=O)c(C(C)(C)C)cc1OS(=O)(=O)N(C)C,8.408935546875,8.312484949838222,0.13776014724443036,0.8904109589041096,0.09645059703677816
gin,1991,COc1ccc(S(=O)(=O)N(CC(C)C)C[C@@H](O)[C@H](Cc2ccccc2)NC(=O)[C@H]2CCNC2)cc1,6.221848964691162,5.566990295451831,0.12118976551439407,0.8484848484848485,0.6548586692393314
gin,670,CC(C)(C)n1c(SC2=C(O)OC(CCc3ccccc3)(c3ccccc3)CC2=O)nc2ccccc21,6.296708583831787,7.684562678295535,0.10478783794519361,0.6129032258064516,1.3878540944637479
gin,1406,CCCC1(CCc2ccc(O)cc2)CC(=O)C(Sc2cc(C)c(OS(=O)(=O)Cn3ccnc3)cc2C(C)(C)C)=C(O)O1,8.657577514648438,8.268468839162296,0.028354890589208034,0.8214285714285714,0.3891086754861419
gin,2087,COc1ccccc1CCCCc1c(O)c2ccc(O)cc2oc1=O,6.28399658203125,4.945281376567976,0.1183537969614419,0.82,1.3387152054632736
gin,1213,CC(C)c1ccccc1Sc1c(O)cc(-c2cc(Cl)cc(Cl)c2)oc1=O,7.585026741027832,7.369233010979038,0.2681550065441203,0.8333333333333334,0.21579373004879443
gin,2457,Cn1nc(C(F)(F)F)cc1-c1ccc(CN2CCN(C[C@@H](O)C[C@@H](Cc3ccccc3)C(=O)N[C@H]3c4ccccc4C[C@H]3O)[C@H](C(=O)NC(C)(C)C)C2)s1,9.61092472076416,9.689466745045621,0.17928743581780243,1.0,0.07854202428146095
gin,2023,COc1ccc(S(=O)(=O)N(CC(C)C)C[C@@H](O)[C@H](Cc2ccccc2)NC(=O)c2ccccc2)cc1,7.853871822357178,7.394849130245252,0.31748923849096333,0.896551724137931,0.45902269211192603
gin,511,CC(C)(C)OC(=O)N[C@@H](Cc1ccccc1)[C@@H](O)C[C@@H](Cc1ccc(O)cc1)C(=O)NC1c2ccccc2C[C@@H]1O,9.799970626831055,9.322927049572598,0.21513668988311271,1.0,0.47704357725845625
gin,2416,Cc1ccccc1COC(=O)N[C@@H](Cc1ccccc1)[C@H](O)CN1CC[C@@H](OCc2ccncc2)C[C@H]1C(=O)NC(C)(C)C,6.677780628204346,6.671768564588721,0.2980214912814344,0.8918918918918919,0.006012063615624896
gin,1236,CC(C)c1nc(CN(C)C(=O)NC(C(=O)N[C@@H](Cc2ccccc2)[C@@H](O)C[C@H](Cc2ccccc2)NC(=O)OCc2cnc(C(C)C)s2)C(C)C)cs1,8.823908805847168,8.922021319262797,0.09014827912457044,0.6881720430107527,0.09811251341562865
gin,2060,COc1ccc(S(=O)(=O)N(C[C@@H](O)[C@H](Cc2ccccc2)NC(=O)O[C@@H]2COC3OCCC32)OC2CCCC2)cc1,8.221848487854004,7.439181846837258,0.27914920013312755,1.0,0.7826666410167462
gin,104,CC(C)(C)NC(=O)N(Cc1ccccc1)CC(O)[C@H](Cc1ccccc1)NC(=O)[C@H](CC(N)=O)NC(=O)OCc1ccccc1,7.721017837524414,6.5357865771566,0.09276045278444929,1.0,1.1852312603678143
gin,1960,COc1ccc(S(=O)(=O)N(CC(C)C)C[C@@H](O)[C@H](Cc2ccccc2)NC(=O)Cc2ccc(O)c(O)c2)cn1,8.542118072509766,8.659877672078736,0.17244481660962685,0.8873239436619719,0.11775959956896997
gin,1261,CC1(C)CC2(CC(C)(C)c3ccc(O)c([N+](=O)[O-])c32)c2cc(O)c([N+](=O)[O-])cc21,4.275723934173584,3.8081737025538303,0.24869647226317693,0.7608695652173914,0.46755023161975373
gin,1289,CC1(C)S[C@H]([C@H](NC(=O)Cc2ccccc2)C(=O)NCc2ccccc2)N[C@H]1C(=O)N[C@@H](CO)CCc1ccccc1,4.602059841156006,6.892794372282321,0.26346374711344483,1.0,2.290734531126315
gin,2785,O[C@@H]([C@H](O)[C@@H](COc1ccccc1)OCc1ccccc1)[C@@H](COc1ccccc1)OCc1ccccc1,4.301030158996582,6.1011496031728,0.13944629406232856,0.696969696969697,1.800119444176218
gin,564,CC(C)(C)OC(=O)N[C@@H](Cc1ccccc1)[C@@H](O)C[C@@H](Cc1ccccc1)C(=O)N[C@H]1C=CC[C@H]1O,8.020907402038574,7.782580329719548,0.2903501628180616,1.0,0.23832707231902628
gin,485,CC(C)(C)OC(=O)N[C@@H](Cc1ccccc1)[C@@H](O)C[C@@H](CCCc1ccccc1)C(=O)NC1c2ccccc2C(O)[C@@H]1O,9.720105171203613,8.888643047670513,0.055478254786614514,1.0,0.8314621235331003
gin,2698,O=S1(=O)[C@H](Cc2ccccc2)[C@H](OCc2cncs2)[C@H](O)[C@@H](O)[C@@H](OCc2cncs2)[C@H]1Cc1ccccc1,9.522878646850586,8.889175065971145,0.30222207087911807,0.5660377358490566,0.6337035808794411
gin,568,CC(C)(C)OC(=O)N[C@@H](Cc1ccccc1)[C@@H](O)C[C@@H](Cc1ccccc1)C(=O)N[C@H]1c2ccccc2C[C@@H]1O,6.61343240737915,8.996113603817804,0.1086983786082173,1.0,2.3826811964386536
gin,2163,C[C@H]1[C@@H](OC(=O)N[C@@H](CSc2ccccc2)[C@H](O)CN2C[C@H]3CCS[C@H]3C[C@H]2C(=O)NC(C)(C)C)CCS1(=O)=O,9.397939682006836,8.548878725076932,0.12986297672632635,1.0,0.8490609569299039
gin,226,CC(C)(C)NC(=O)[C@@H]1C[C@@H]2CCCC[C@@H]2CN1CC(O)CNC(=O)[C@@H]1N[C@@H](C(NC(=O)Cc2ccccc2)C(=O)NCCNC(=O)CCCC[C@@H]2SC[C@@H]3NC(=O)N[C@@H]32)SC1(C)C,6.92081880569458,7.99183471715115,0.4401889067996353,0.7181818181818181,1.0710159114565698
gin,231,CC(C)(C)NC(=O)[C@@H]1C[C@@H]2CCCC[C@@H]2CN1C[C@@H](O)CNC(=O)[C@@H]1N[C@@H](C(NC(=O)Cc2ccccc2)C(=O)NCc2ccccc2)SC1(C)C,7.638272285461426,6.563688578003529,0.2540077305342775,1.0,1.0745837074578972
gin,1242,CC(C1=C(O)[C@@](CCc2ccccc2)(C(=O)NCc2ccc(C(C)(C)C)cc2)OC1=O)c1ccccc1,5.301030158996582,5.78817348759803,0.06401379545348425,1.0,0.48714332860144793
gin,1135,CC(C)[C@H](NC(=O)[C@H](C)NC(=O)OCc1ccccc1)C(=O)N[C@@H](Cc1ccccc1)[C@@H](O)[C@H](O)[C@H](Cc1ccccc1)NC(=O)[C@H](N[C@@H](C)C(=O)OCc1ccccc1)C(C)C,6.84163761138916,7.793808485184435,0.04370675498470145,0.7692307692307693,0.952170873795275
gin,111,CC(C)(C)NC(=O)N(Cc1ccncc1)C[C@@H](O)[C@H](Cc1ccccc1)NC(=O)[C@H](CC(N)=O)NC(=O)c1ccc2ccccc2n1,7.721246242523193,8.416287868043753,0.06423415043946053,0.9295774647887324,0.6950416255205596
gin,51,CC(=O)N[C@H](CC(=O)OCc1ccccc1)C(=O)N[C@@H](Cc1ccccc1)[C@H](O)Cc1ccccc1C(=O)NC(C)(C)C,6.0,6.7139121128199335,0.1381907376884786,1.0,0.7139121128199335
gin,1538,CCNC(=O)[C@@H](NC(=O)Cc1ccccc1)[C@@H]1NC(C(=O)NCCNC(=O)[C@@H]2N[C@@H]([C@H](NC(=O)Cc3ccccc3)C(=O)NCC)SC2(C)C)C(C)(C)S1,8.522878646850586,6.406155917693795,0.10180335140306132,1.0,2.116722729156791
gin,2083,COc1cccc(CC(=O)N[C@@H](Cc2ccccc2)[C@H](O)CN(CC(C)C)S(=O)(=O)c2ccc(OC)nc2)c1,7.901702404022217,7.211133339805065,0.07486184833230618,0.8695652173913043,0.6905690642171516
gin,2622,O=C(O)c1ccc2ccc(/C=C/c3ccccc3)nc2c1O,5.4685211181640625,4.897287247921767,0.6150601621638168,0.8157894736842105,0.5712338702422954
gin,1247,CC(O)[C@H](NC(=O)CCCCCCCCCCCCCCC(=O)N[C@H](CC(=O)N[C@@H](Cc1ccccc1)C(=O)O)C(N)=O)C(=O)N[C@@H](Cc1ccccc1)C(N)=O,4.958607196807861,5.677627093629781,0.2655386339072722,0.8771929824561403,0.7190198968219192
gin,1615,CC[C@H](C)[C@H](NC(=O)[C@@H](C(C)C)C(O)C(O)[C@H](CC(C)C)NC(=O)[C@H](Cc1c[nH]cn1)NC(=O)COc1cccc2ccccc12)C(=O)NCc1ccccn1,7.95000696182251,7.381580059847497,0.2732486910841889,0.875,0.5684269019750126
gin,478,CC(C)(C)OC(=O)N[C@@H](Cc1ccccc1)[C@@H](O)C[C@@H](C/C=C/c1ccc(CCN2CCOCC2)cc1)C(=O)N[C@H]1c2ccccc2C[C@H]1O,9.537602424621582,9.022528989062664,0.3591075683935759,0.7840909090909091,0.5150734355589179
gin,1412,CCCC1(CCc2ccccc2)CC(=O)C(C(CC)c2cccc(NS(=O)(=O)c3cn(C)cn3)c2)=C(O)O1,6.301030158996582,6.227911234003443,0.0433073672986364,1.0,0.07311892499313899
gin,464,CC(C)(C)OC(=O)N[C@@H](Cc1ccccc1)[C@@H](O)/C=C(/Cc1ccccc1)C(=O)N[C@H]1c2ccccc2C[C@H]1O,8.890084266662598,6.1484148291756995,0.4880651991300039,0.6764705882352942,2.741669437486898
gin,2611,O=C(O)CCCC1(c2ccccc2)CC(=O)C(SCCc2ccccc2)=C(O)O1,6.568636417388916,6.543736046406686,0.008438351556483648,0.9387755102040817,0.024900370982230413
gin,1700,CCc1cccc(-c2cc(O)c(SCc3ccccc3)c(=O)o2)c1,5.690369606018066,5.920242733288148,0.12930786950709236,0.7872340425531915,0.22987312727008202
gin,1410,CCCC1(CCc2ccccc2)CC(=O)C(C(CC)c2cccc(NS(=O)(=O)c3cccc4cccnc34)c2)=C(O)O1,6.0,6.818946401862245,0.13576416763948032,0.75,0.8189464018622452
gin,1513,CCCc1cc(O)c(C(c2cccc(NS(=O)(=O)c3cn(C)cn3)c2)C2CC2)c(=O)o1,5.522878646850586,5.604147423110717,0.10304414597381079,0.8472222222222222,0.0812687762601314
gin,2585,O=C(N[C@H]1c2ccccc2OC[C@H]1O)[C@H](Cc1cccnc1)C[C@H](O)CN1CCN(CC2=CC3C=CSC3S2)C[C@H]1C(=O)NCC(F)(F)F,8.93069076538086,9.48069639335668,0.11082740052076269,0.8910891089108911,0.5500056279758212
gin,532,CC(C)(C)OC(=O)N[C@@H](Cc1ccccc1)[C@@H](O)C[C@@H](Cc1ccccc1)C(=O)NC1CCc2ccccc21,7.470056533813477,7.521108928770805,0.27014895180309806,1.0,0.051052394957328495
gin,2429,Cc1ccncc1-c1ccc(C[C@H](C[C@H](O)CN2CCN(Cc3ccc(-c4ccc(Cl)cc4)s3)C[C@H]2C(=O)NCC(F)(F)F)C(=O)N[C@H]2c3ccccc3OC[C@H]2O)o1,10.397939682006836,10.570428404596129,0.06677266067029769,0.8362068965517241,0.17248872258929282
gin,2487,NC1C(OCc2ccccc2)OC(COC(=O)Nc2ccccc2)C(OCc2ccccc2)C1N,4.552842140197754,3.9611323055165997,0.0571545287613132,0.62,0.5917098346811542
gin,617,CC(C)(C)OC(=O)N[C@@H](Cc1ccccc1)[C@H](O)CNC[C@@H](O)[C@H](Cc1ccccc1)NC(=O)C(O)C(F)(F)F,6.527758598327637,6.018966956451706,0.16142674587024966,0.84,0.5087916418759306
gin,1321,CC1=C(C(O)CO)c2cc3nc(cc4[nH]c(cc5[nH]c(cc1n2)c(C)c5CCC(=O)O)c(CCC(=O)O)c4C)C(C(O)CO)=C3C,3.625905990600586,5.086380004538327,0.641130407527572,0.6,1.4604740139377412
gin,212,CC(C)(C)NC(=O)[C@@H]1CN(S(=O)(=O)c2cccc3cccnc23)CCN1C[C@@H](O)C[C@@H](Cc1cccnc1)C(=O)N[C@H]1c2ccccc2C[C@H]1O,10.522878646850586,9.505175286515708,0.2119983463999814,0.8913043478260869,1.0177033603348775
gin,1937,COc1ccc(S(=O)(=O)C[C@H](NS(C)(=O)=O)C(=O)N[C@@H](Cc2ccccc2)[C@H](O)Cc2ccccc2C(=O)NC(C)(C)C)cc1,8.619789123535156,8.284160469737685,0.12124993567551337,0.8636363636363636,0.3356286537974711
gin,2738,O=c1oc2ccc(CBr)cc2c2ccc([N+](=O)[O-])cc12,5.0,4.657046023793868,0.12602008688977973,0.6590909090909091,0.34295397620613244
gin,1364,CCC(C1=C(O)OC(CC(C)C)(CC(C)C)CC1=O)c1ccccc1,4.12493896484375,6.170798549082733,0.09744470279088298,0.7391304347826086,2.0458595842389826
gin,422,CC(C)(C)OC(=O)NC(Cc1ccccc1)[C@@H](O)CC(Cc1ccc([N+](=O)[O-])cc1)C(=O)NC1c2ccccc2C[C@@H]1O,9.569925308227539,9.245011720942642,0.38635337433670536,1.0,0.3249135872848967
gin,719,CC(C)CCC1(c2ccccc2)CC(=O)C(SCCc2ccccc2)=C(O)O1,7.017728805541992,6.745296604186144,0.09298838414246702,0.8823529411764706,0.2724322013558478
gin,313,CC(C)(C)NC(=O)[C@@H]1C[C@H](Cl)CN1C(=O)[C@@H](O)[C@H](Cc1ccccc1)NC(=O)c1cccc(O)c1,8.045757293701172,8.014248427715465,0.17212218782851604,0.8548387096774194,0.03150886598570679
gin,2137,C[C@H](CCC(=O)N[C@H](CC(=O)OCc1ccccc1)C(=O)O)[C@H]1CC[C@H]2[C@@H]3[C@H](O)C[C@@H]4C[C@H](O)CC[C@]4(C)[C@H]3C[C@H](O)[C@]12C,3.903090000152588,5.0837315834572365,0.5339763327220952,0.2980769230769231,1.1806415833046486
gin,509,CC(C)(C)OC(=O)N[C@@H](Cc1ccccc1)[C@@H](O)C[C@@H](Cc1ccc(N)cc1)C(=O)N[C@@H]1c2ccccc2C[C@H]1O,9.509058952331543,9.48920961714063,0.049960630027073766,1.0,0.019849335190912143
gin,533,CC(C)(C)OC(=O)N[C@@H](Cc1ccccc1)[C@@H](O)C[C@@H](Cc1ccccc1)C(=O)NC1Cc2ccccc21,7.6575775146484375,8.220461942874849,0.17094322723967587,0.864406779661017,0.5628844282264112
gin,1089,CC(C)[C@H](NC(=O)OCc1ccccc1)C(=O)NC(Cc1ccc(OCc2ccccc2)cc1)C(=O)C(F)(F)C(=O)N[C@@H](C(=O)O)C(C)C,8.397939682006836,8.157139230201878,0.11934698314836985,0.8870967741935484,0.24080045180495802
gin,1023,CC(C)[C@H](N)C(=O)N[C@@H](Cc1ccccc1)C(O)[C@H](Cc1ccccc1)NC(=O)[C@@H](N)C(C)C,6.229147911071777,6.893275754333923,0.24258593489626606,0.6666666666666666,0.664127843262146
gin,650,CC(C)(C)OC(=O)N[C@H](CC[C@H](O)[C@H](Cc1ccccc1)NC(=O)OC(C)(C)C)Cc1ccccc1,6.4202165603637695,7.376770353903356,0.4222515814364267,0.8,0.9565537935395865
gin,218,CC(C)(C)NC(=O)[C@@H]1CSCN1C(=O)[C@@H](O)[C@H](Cc1ccccc1)NC(=O)[C@H](CC(N)=O)NC(=O)COc1cccc2ccccc12,8.055517196655273,8.11674711806895,0.1713886525969858,0.7058823529411765,0.06122992141367689
gin,479,CC(C)(C)OC(=O)N[C@@H](Cc1ccccc1)[C@@H](O)C[C@@H](C/C=C/c1ccc(O)cc1)C(=O)N[C@H]1c2ccccc2C[C@H]1O,9.769551277160645,9.375387957455217,0.1691992242790377,0.9154929577464789,0.3941633197054273
gin,1133,CC(C)[C@H](NC(=O)OCc1ccncc1)C(=O)N[C@@H](Cc1ccccc1)[C@H](O)[C@H](O)[C@H](Cc1ccccc1)NC(=O)[C@H](NC(=O)OCc1ccncc1)C(C)C,8.638272285461426,8.921486607787841,0.08924156768081824,1.0,0.2832143223264154
gin,2338,Cc1ccc(C(=O)N[C@@H](Cc2ccc(C(F)(F)F)cc2)[C@H](O)C(=O)N2C[C@@H](Cl)C[C@H]2C(=O)NC(C)(C)C)c(C)c1O,8.20065975189209,8.511538461564044,0.05462193271111683,0.8571428571428571,0.31087870967195386
gin,1641,CC[C@H](C)[C@H](NC(=O)[C@@H]1CCCN1C[C@@H](O)[C@H](Cc1ccccc1)NC(=O)[C@H](CC(N)=O)NC(=O)OCc1ccccc1)C(=O)N[C@H](C(=O)OC)C(C)C,7.0,7.452965014289219,0.11535022733026984,1.0,0.4529650142892194
gin,869,CC(C)CN([C@H](CO)CCCCNC(=O)[C@@H](NC(=O)c1ccncc1)C(c1ccccc1)c1ccccc1)S(=O)(=O)c1ccc(N)cc1,9.187087059020996,9.15297837351983,0.1385663674373481,0.8611111111111112,0.03410868550116675
gin,1068,CC(C)[C@H](NC(=O)N(C)Cc1nc2ccccc2[nH]1)C(=O)N[C@@H](Cc1ccccc1)[C@H](O)[C@H](O)[C@H](Cc1ccccc1)NC(=O)[C@H](NC(=O)N(C)Cc1nc2ccccc2[nH]1)C(C)C,9.0,9.085612973443745,0.08569792490775723,1.0,0.08561297344374452
gin,1229,CC(C)c1ccccc1Sc1c(O)cc(-c2cccc([N+](=O)[O-])c2)oc1=O,7.173925399780273,7.363292421186995,0.10222979076012151,0.8113207547169812,0.18936702140672157
gin,2425,Cc1ccnc(C)c1CNC(=O)[C@H]1N(C(=O)[C@@H](O)C[C@@H](Cc2ccccc2)C(=O)N[C@H]2c3ccccc3OC[C@H]2O)CSC1(C)C,9.142667770385742,9.755108713049026,0.04734193862822815,0.8588235294117647,0.6124409426632837
gin,1690,CC[C@H](C)[C@H](NC(=O)[C@H](Cc1ccccc1)C[C@H](O)CN1C[C@H]2CCCC[C@H]2C[C@H]1C(=O)NC(C)(C)C)C(=O)NCc1nc2ccccc2[nH]1,7.522878646850586,8.239098742442906,0.10402389781508303,1.0,0.7162200955923197
gin,1018,CC(C)[C@H](CO)NC(=O)[C@@H]1N[C@@H]([C@H](NC(=O)Cc2ccccc2)C(=O)NCc2ccccc2)SC1(C)C,5.327902317047119,7.1140481854441155,0.1997919259008484,0.84375,1.7861458683969964
gin,2468,N#Cc1ccccc1-n1ccc(CN2CCN(C[C@@H](O)C[C@@H](Cc3cccnc3)C(=O)N[C@H]3c4ccccc4OC[C@H]3O)[C@H](C(=O)NCC(F)(F)F)C2)c1,9.337242126464844,9.59924201380187,0.16162418037583368,0.875,0.2619998873370264
gin,557,CC(C)(C)OC(=O)N[C@@H](Cc1ccccc1)[C@@H](O)C[C@@H](Cc1ccccc1)C(=O)N[C@@]1(C)c2ccccc2C[C@H]1O,6.671398639678955,7.318525409454651,0.11585402563208677,0.6666666666666666,0.6471267697756957
gin,2439,Cc1nc(C)c(C(=O)N[C@H](C(=O)N[C@@H](Cc2ccccc2)C[C@H](O)[C@H](Cc2ccccc2)NC(=O)[C@@H](NC(=O)c2sc(C)nc2C)C(C)C)C(C)C)s1,7.886056423187256,8.182278350058965,0.3864667697324667,0.7894736842105263,0.29622192687170923
gin,1510,CCCc1cc(=O)oc2c3c(c4c(c12)OC(C)(C)C=C4)O[C@@H](C)[C@H](C)[C@@H]3O,4.181833267211914,6.384662215012232,0.639227114276852,1.0,2.2028289478003176
gin,1255,CC1(C)CC2(CC(C)(C)c3cc(N)c(O)cc32)c2cc(O)c(N)cc21.Cl.Cl,4.481485843658447,4.340885911187343,0.2696987851939925,0.7142857142857143,0.1405999324711047
gin,2704,O=c1c(CCCOc2cccc(CO)c2)c(O)oc2ccccc12,5.638272285461426,5.575437952078175,0.07879933417972358,0.74,0.0628343333832504
gin,2605,O=C(N[C@H]1c2ccccc2OC[C@H]1O)[C@H](Cc1ccncc1)C[C@H](O)CN1CCN(Cc2ccc(-c3ccccc3)o2)C[C@H]1C(=O)NCC(F)(F)F,9.828788757324219,10.107805027012063,0.0703675900943386,0.9560439560439561,0.279016269687844
gin,2333,Cc1ccc(-n2ccc(CN3CCN(C[C@@H](O)C[C@@H](Cc4cccnc4)C(=O)N[C@H]4c5ccccc5OC[C@H]4O)[C@H](C(=O)NCC(F)(F)F)C3)c2)cc1,10.221848487854004,9.786793144237123,0.1974351322799512,0.9090909090909091,0.4350553436168809
gin,1421,CCCC1(CCc2ccccc2)OC(=O)C(C(CC)c2cccc(NS(=O)(=O)c3ccc(C#N)cc3)c2)=C(O)O1,7.823908805847168,7.247524080655173,0.044218200072847894,0.7105263157894737,0.5763847251919954
gin,1847,COCCOCCCc1cc(O)c(C(c2cccc(NS(=O)(=O)c3cn(C)cn3)c2)C2CC2)c(=O)o1,5.522878646850586,5.754306321743357,0.16117200826018868,0.7738095238095238,0.23142767489277105
gin,764,CC(C)CN(C[C@@H](O)[C@H](Cc1ccccc1)NC(=O)Cc1cc2ccc(O)cc2oc1=O)S(=O)(=O)c1ccc(N)cc1,6.822175025939941,7.3958625867052845,0.06237910175999135,0.9014084507042254,0.5736875607653431
gin,1983,COc1ccc(S(=O)(=O)N(CC(C)C)C[C@@H](O)[C@H](Cc2ccccc2)NC(=O)Oc2c3occc3cc3ccc(=O)oc23)cc1,9.920818328857422,7.410834050829383,0.16940433569245672,0.6511627906976745,2.509984278028039
gin,1620,CC[C@H](C)[C@H](NC(=O)[C@@H](C(C)C)C(O)C(O)[C@H](CC1CCCCC1)NC(=O)[C@H](Cc1c[nH]cn1)NC(=O)COc1cccc2ccccc12)C(=O)NCc1ccccn1,8.74496841430664,7.217450965690138,0.13760681973756633,1.0,1.5275174486165026
gin,1929,COc1ccc(CN2C[C@H](O)[C@@](CCC(C)C)(c3ccc(S(C)(=O)=O)cc3O[C@@H](C)CO)C2=O)cc1,8.148741722106934,4.885933456705914,0.272439840306987,0.6956521739130435,3.26280826540102
gin,1427,CCCC1(c2ccccc2)CC(=O)C(SCCc2ccccc2)=C(O)O1,5.2924299240112305,6.769032206168671,0.08236189161790941,0.875,1.4766022821574403
gin,2715,O=c1cc(-c2ccccc2)oc(O)c1C(CC1CCCC1)SC1CCCCC1,6.266802787780762,6.638548001627427,0.06583665947955088,0.9583333333333334,0.3717452138466655
gin,358,CC(C)(C)NC(=O)c1ccccc1C[C@@H](O)[C@H](CSc1ccccc1)NC(=O)[C@H](CC(N)=O)NC(=O)OCc1ccccc1,7.853871822357178,7.234400171522231,0.20284720837033793,0.863013698630137,0.6194716508349467
gin,1370,CCC(C1=C(O)OC2(CCCCC2)CC1=O)c1ccccc1,6.107905387878418,5.9193167135587,0.13674285967436658,1.0,0.1885886743197176
gin,272,CC(C)(C)NC(=O)[C@@H]1C[C@@H]2CCCC[C@@H]2CN1C[C@@H](O)[C@H](Cc1ccccc1)NC(=O)[C@@H](NC(=O)c1cc(=O)c2ccccc2o1)[C@H]1CCOC1,9.95860767364502,7.621477089647033,0.029455482101231837,0.7888888888888889,2.337130583997986
gin,1269,CC1(C)S[C@H](CNC(=O)Cc2ccccc2)N[C@H]1C(=O)NCCNC(=O)[C@@H]1N[C@@H](CNC(=O)Cc2ccccc2)SC1(C)C,5.107905387878418,6.455045061315666,0.3166445393444028,0.7288135593220338,1.3471396734372476
gin,102,CC(C)(C)NC(=O)N(CC1CCCCC1)C[C@@H](O)[C@H](Cc1ccccc1)NC(=O)[C@H](CC(N)=O)NC(=O)OCc1ccccc1,7.537601947784424,6.673186196691681,0.10017061566509497,0.7866666666666666,0.8644157510927428
gin,498,CC(C)(C)OC(=O)N[C@@H](Cc1ccccc1)[C@@H](O)C[C@@H](Cc1ccc(C(F)(F)F)cc1)C(=O)N[C@H]1c2ccccc2C[C@H]1O,9.585026741027832,9.241812562336918,0.0803242632653738,1.0,0.3432141786909142
gin,259,CC(C)(C)NC(=O)[C@@H]1C[C@@H]2CCCC[C@@H]2CN1C[C@@H](O)[C@H](Cc1ccccc1)NC(=O)O[C@H]1CCS(=O)(=O)C1,7.1191864013671875,6.8720441020857885,0.26552758465080306,0.9714285714285714,0.24714229928139897
gin,96,CC(C)(C)NC(=O)C1CN(Cc2csc3ncccc23)CCN1CC(O)CC(Cc1ccccc1)C(=O)NC1c2ccccc2CC1O,9.698969841003418,9.53109539367756,0.4799383943726019,0.7956989247311828,0.16787444732585755
gin,251,CC(C)(C)NC(=O)[C@@H]1C[C@@H]2CCCC[C@@H]2CN1C[C@@H](O)[C@H](Cc1ccccc1)NC(=O)O[C@@H]1CCS(=O)(=O)C1,6.853871822357178,6.741142898152582,0.25517061382258793,0.9714285714285714,0.11272892420459613
gin,2590,O=C(N[C@H]1c2ccccc2OC[C@H]1O)[C@H](Cc1cccnc1)C[C@H](O)CN1CCN(Cc2ccn(-c3ccc(C(F)(F)F)cc3)c2)C[C@H]1C(=O)NCC(F)(F)F,10.397939682006836,9.941575391956661,0.1779997177761335,0.9090909090909091,0.45636429005017476
gin,2232,Cc1cc(SC2=C(O)OC(CCc3ccc(N)cc3)(C3CCCCC3)CC2=O)c(C(C)(C)C)cc1CO,8.494850158691406,7.715881270013483,0.07326385923208556,0.7066666666666667,0.7789688886779231
gin,782,CC(C)CN(C[C@@H](O)[C@H](Cc1ccccc1)NC(=O)O[C@H]1CCNC1)S(=O)(=O)c1ccc(NO)cc1,5.2924299240112305,4.916988948566797,0.21897138994272855,1.0,0.3754409754444339
gin,1746,COC(=O)N(C)C(C(=O)N[C@@H](Cc1ccccc1)[C@H](O)CN(CC1CCCCC1)NC(=O)C(C(C)C)N(C)C(=O)OC)C(C)C,6.0,7.028970118644942,0.24151040733229492,0.7058823529411765,1.028970118644942
gin,1025,CC(C)[C@H](NC(=O)/C=C/c1ccccn1)C(=O)N[C@@H](Cc1ccccc1)[C@@H](O)[C@@H](O)[C@H](Cc1ccccc1)NC(=O)[C@H](NC(=O)/C=C/c1ccccn1)C(C)C,9.0,8.186084137868804,0.15327794396243688,0.6779661016949152,0.8139158621311964
gin,2247,Cc1cc(SC2=C(O)OC(CCc3ccc(O)cc3)(C(C)C)CC2=O)c(C(C)(C)C)cc1NS(=O)(=O)c1ccc(C#N)cc1,8.657577514648438,8.376487306663634,0.17595369837362046,0.8987341772151899,0.28109020798480344
gin,2111,C[C@@H](NC(=O)N(C[C@@H](O)[C@H](Cc1ccccc1)NC(=O)[C@H](CC(N)=O)NC(=O)OCc1ccccc1)C(C)(C)C)c1ccccc1,5.186999797821045,6.041944887036806,0.2724401923849866,1.0,0.8549450892157608
gin,1804,COC(=O)[C@@H]1Cc2ccccc2[C@@H]1NC(=O)[C@H](Cc1ccccc1)C[C@H](O)[C@H](Cc1ccccc1)NC(=O)OC(C)(C)C,7.179241180419922,8.177803657544914,0.13906597683119856,1.0,0.9985624771249917
gin,1271,CC1(C)S[C@H]([C@@H](COC(=O)c2ccccc2)NC(=O)Cc2ccccc2)N[C@H]1C(=O)NCCNC(=O)[C@@H]1N[C@@H]([C@@H](COC(=O)c2ccccc2)NC(=O)Cc2ccccc2)SC1(C)C,7.15490198135376,6.861689621930569,0.16733969178381228,0.6935483870967742,0.29321235942319035
gin,2537,O=C(N[C@@H](Cc1ccccc1)[C@@H](O)C[C@@H](Cc1ccccc1)C(=O)N[C@H]1c2ccccc2C[C@H]1O)OC1CCOC1,10.522878646850586,9.346068266319463,0.29382995528841144,1.0,1.1768103805311227
gin,2675,O=C1N(Cc2ccccc2)[C@@H](Cc2ccccc2)C(O)[C@H](Cc2ccccc2)N1Cc1ccccc1,4.050610065460205,4.940788097826186,0.24256318544213754,0.8,0.8901780323659807
gin,2166,C[C@H]1[C@H](OC(=O)N[C@@H](CSc2ccccc2)[C@H](O)CN2C[C@H]3CCS[C@H]3C[C@H]2C(=O)NC(C)(C)C)CCS1(=O)=O,8.853872299194336,8.586214666211276,0.12320990576190945,1.0,0.26765763298305956
gin,456,CC(C)(C)OC(=O)N[C@@H](Cc1ccccc1)C[C@H](O)[C@H](Cc1ccccc1)NC(=O)c1ccc(O)c(O)c1,8.387216567993164,9.07513629258166,0.23557005197391123,0.8448275862068966,0.6879197245884967
gin,462,CC(C)(C)OC(=O)N[C@@H](Cc1ccccc1)C[C@H](O)[C@H](Cc1ccccc1)NC(=O)c1ccccc1O,6.838632106781006,7.795730588737076,0.2620513538234871,0.8545454545454545,0.95709848195607
gin,2279,Cc1cc(SC2=C(O)OC(CCc3ccc(O)cc3)(CC(C)C)CC2=O)c(C(C)(C)C)cc1N,7.86966609954834,8.2873552727158,0.02366913466774504,0.8181818181818182,0.4176891731674601
gin,767,CC(C)CN(C[C@@H](O)[C@H](Cc1ccccc1)NC(=O)Cc1ccc(O)cc1)S(=O)(=O)c1ccc(N)cc1,7.494442939758301,7.796151846087518,0.2601446157393563,0.8360655737704918,0.30170890632921754
gin,381,CC(C)(C)NC(=O)c1ccccc1C[C@@H](O)[C@H](Cc1ccccc1)NC(=O)[C@H](CSc1cccc2ccccc12)NS(C)(=O)=O,8.920818328857422,7.581175049233149,0.24996817906409316,0.7857142857142857,1.3396432796242728
gin,2276,Cc1cc(SC2=C(O)OC(CCc3ccc(O)cc3)(C3CCCCC3)CC2=O)c(C(C)(C)C)cc1OS(=O)(=O)c1ccc(C#N)cc1,7.677780628204346,7.506992485152438,0.1109402517376266,0.8452380952380952,0.17078814305190804
gin,705,CC(C)C(NC(=O)OCc1ccccc1)C(=O)N[C@H](CC[C@@H](O)[C@H](Cc1ccccc1)NC(=O)C(NC(=O)OCc1ccccc1)C(C)C)Cc1ccccc1,6.698969841003418,7.716299304282617,0.3817230387688073,1.0,1.0173294632791992
gin,841,CC(C)CN(C[C@@H](O)[C@H](NC(=O)O[C@@H]1CCOC1)Sc1ccccc1)S(=O)(=O)c1ccc(N)cc1,5.853871822357178,5.652447143919986,0.07770277130255053,1.0,0.20142467843719203
gin,1879,COc1cc(C(=O)N[C@@H](Cc2ccccc2)[C@H](O)CN(C[C@H](C)O)S(=O)(=O)c2ccc([N+](=O)[O-])cc2)cc(OC)c1O,7.120159149169922,6.838728906049248,0.1872021375488461,1.0,0.2814302431206741
gin,2380,Cc1ccc2oc(=O)c3cc(N)ccc3c2c1,4.0,4.5177376917673655,0.36124939602111067,0.625,0.5177376917673655
gin,2681,O=C1N[C@@H](Cc2ccccc2)C(O)[C@H](Cc2ccccc2)N1,4.0,6.374387328964221,0.7151038496661244,0.5428571428571428,2.374387328964221
gin,1535,CCNC(=O)[C@@H](NC(=O)CCc1ccccc1)[C@@H]1N[C@@H](C(=O)NCCNC(=O)[C@@H]2N[C@@H]([C@H](NC(=O)CCc3ccccc3)C(=O)NCC)SC2(C)C)C(C)(C)S1,8.619789123535156,6.171485242037107,0.1366078177835895,0.8245614035087719,2.448303881498049
gin,2238,Cc1cc(SC2=C(O)OC(CCc3ccc(O)cc3)(C(C)C)CC2=O)c(C(C)(C)C)cc1NC(=O)OC(C)(C)C,7.040958404541016,8.213081481511011,0.21073501273246342,0.8333333333333334,1.1721230769699957
gin,2321,Cc1cc(SC2=C(O)OC(CCc3nccs3)(C(C)C)CC2=O)c(C(C)(C)C)cc1CO,9.244125366210938,8.922457680001344,0.19321070733887852,0.8169014084507042,0.32166768620959374
gin,2548,O=C(N[C@@H](Cc1ccccc1)[C@@H](O)C[C@]1(Cc2ccccc2)N=CC([C@@H]2CNC(=O)c3ccccc32)=C1O)O[C@H]1CCOC1,8.244125366210938,8.463577615232623,0.10446416401220474,1.0,0.21945224902168547
gin,2132,C[C@@H]1OCC[C@@H]1OC(=O)N[C@@H](Cc1ccccc1)[C@H](O)CN1C[C@H]2CCCC[C@H]2C[C@H]1C(=O)NC(C)(C)C,7.28066873550415,7.30356941445838,0.3211234033488862,1.0,0.022900678954229647
gin,1110,CC(C)[C@H](NC(=O)OCc1ccccc1)C(=O)N[C@@H](Cc1ccccc1)[C@H](O)CNC(=O)CCC(=O)NC(C)(C)C,5.083546161651611,6.166843373220601,0.1384262794737014,0.8225806451612904,1.0832972115689898
gin,1543,CCNC(=O)[C@@H](NC(=O)Cc1ccccc1)[C@@H]1N[C@@H](C(=O)NCCNC(=O)[C@@H]2N[C@@H]([C@H](NC(=O)Cc3ccccc3)C(=O)NCC)SC2(C)C)C(C)(C)S1.O.O,5.886056423187256,6.140058191866771,0.12839477532741042,1.0,0.2540017686795153
gin,567,CC(C)(C)OC(=O)N[C@@H](Cc1ccccc1)[C@@H](O)C[C@@H](Cc1ccccc1)C(=O)N[C@H]1c2ccccc2CC[C@H]1O,9.157461166381836,8.641902861409221,0.12900226830097655,1.0,0.5155583049726147
gin,1971,COc1ccc(S(=O)(=O)N(CC(C)C)C[C@@H](O)[C@H](Cc2ccccc2)NC(=O)Cc2cccc(OC)c2)cc1,8.158015251159668,7.413004763880633,0.13106074133862444,0.9016393442622951,0.7450104872790346
gin,1190,CC(C)c1ccccc1SC1=C(O)OC(CCC(=O)N2CCSCC2)(c2ccccc2)CC1=O,5.957424640655518,6.829930297221932,0.09932390701569521,0.90625,0.872505656566414
gin,2701,O=c1c(C(c2ccc3c(c2)OCO3)c2c(O)oc3ccccc3c2=O)c(O)oc2ccccc12,4.522878646850586,5.103284062295302,0.3435999449956029,0.6904761904761905,0.5804054154447158
gin,817,CC(C)CN(C[C@@H](O)[C@H](Cc1ccccc1)NC(=O)c1cc2cc(O)ccc2o1)S(=O)(=O)c1ccc(N)cc1,5.343901634216309,6.696667083815904,0.4803798520192071,0.855072463768116,1.3527654495995955
gin,765,CC(C)CN(C[C@@H](O)[C@H](Cc1ccccc1)NC(=O)Cc1cc2ccc(O)cc2oc1=O)S(=O)(=O)c1ccc([N+](=O)[O-])cc1,6.254144668579102,7.664356182022434,0.04565651637962979,0.8717948717948718,1.4102115134433326
gin,2562,O=C(N[C@@H](Cc1ccccc1)[C@H](O)CNC[C@@H](O)[C@H](Cc1ccccc1)NC(=O)OCc1ccccc1)OCc1ccccc1,5.4685211181640625,6.21120135079029,0.22525312246721507,0.7272727272727273,0.7426802326262276
gin,1611,CC[C@H](C)[C@H](NC(=O)CNC(=O)CSCC1CCN2CCC(CO[Si](c3ccccc3)(c3ccccc3)C(C)(C)C)N=C2N1)C(=O)N[C@@H](COCc1ccccc1)C(=O)N[C@@H](Cc1ccc(OCc2ccccc2)cc1)C(=O)N[C@@H](CC(N)=O)C(=O)N[C@@H](CC(C)C)C(=O)OC,5.481485843658447,5.9278539431681025,0.10342811386498388,0.8264462809917356,0.4463680995096553
gin,435,CC(C)(C)OC(=O)N[C@@H](Cc1ccc(OCCN2CCOCC2)cc1)[C@@H](O)C[C@@H](Cc1ccc(OCCN2CCOCC2)cc1)C(=O)NC1c2ccccc2C[C@H]1O,8.721246719360352,9.011734114641612,0.3114982189761134,0.9125,0.2904873952812608
gin,937,CC(C)C[C@H](NC(=O)[C@H](Cc1ccc(-c2ccccc2)cc1)C[C@H](O)[C@H](Cc1ccccc1)NC(=O)OC(C)(C)C)C(=O)N[C@@H](Cc1ccccc1)C(N)=O,9.366531372070312,8.706344671136293,0.055754798896640784,0.9322033898305084,0.6601867009340197
gin,237,CC(C)(C)NC(=O)[C@@H]1C[C@@H]2CCCC[C@@H]2CN1C[C@@H](O)[C@H](CSc1ccc2ccccc2c1)NC(=O)[C@H](CC(N)=O)NC(=O)c1ccc2ccccc2n1,9.602060317993164,8.297371354270425,0.11694231113188075,0.9069767441860465,1.3046889637227395
gin,2596,O=C(N[C@H]1c2ccccc2OC[C@H]1O)[C@H](Cc1cccnc1)C[C@H](O)CN1CCN(Cc2ccn(-c3cccc(Cl)c3)c2)C[C@H]1C(=O)NCC(F)(F)F,10.301030158996582,10.098234815428782,0.20242694002345343,0.9029126213592233,0.20279534356780005
gin,109,CC(C)(C)NC(=O)N(Cc1ccncc1)CC(O)[C@H](Cc1ccccc1)NC(=O)[C@H](CC(N)=O)NC(=O)c1ccc2ccccc2n1,7.721017837524414,8.091936183115081,0.04300035354983981,0.9295774647887324,0.37091834559066683
gin,1809,COC(=O)[C@H](CC(N)=O)NC(=O)[C@H](CC(C)C)NC(=O)[C@@H](NC(=O)CCCOc1ccc2ccc(OCCCC(=O)N[C@H](C(=O)N[C@@H](CC(C)C)C(=O)N[C@H](C(=O)OC)C(C)C)C(C)C)cc2n1)[C@@H](C)O,5.2924299240112305,5.987715295103058,0.22808736783519581,0.8888888888888888,0.6952853710918276
gin,163,CC(C)(C)NC(=O)[C@@H]1CN(CCCC(F)(F)F)CCN1C[C@@H](O)C[C@@H](Cc1ccccc1)C(=O)NC1c2ccccc2C[C@H]1O,7.030479907989502,8.884293271896382,0.4358740215107099,0.8125,1.8538133639068803
gin,2091,COc1ccccc1OCCCc1c(O)oc2ccccc2c1=O,4.3565473556518555,4.788743910668927,0.14830356659616298,0.7608695652173914,0.43219655501707166
gin,252,CC(C)(C)NC(=O)[C@@H]1C[C@@H]2CCCC[C@@H]2CN1C[C@@H](O)[C@H](Cc1ccccc1)NC(=O)O[C@@H]1CCS(=O)(=O)[C@@H]1C1CCCC1,7.6458916664123535,7.256437253294571,0.09665540163311183,1.0,0.3894544131177824
gin,1731,CNC(=O)N(CC(C)C)CC(O)[C@H](Cc1ccccc1)NC(=O)[C@H](CC(N)=O)NC(=O)OCc1ccccc1,5.824001312255859,6.419811824346702,0.06449056087869666,1.0,0.5958105120908428
gin,1368,CCC(C1=C(O)OC(Cc2ccccc2)(c2ccccc2)CC1=O)c1ccccc1,5.0,5.321743058739628,0.36938757263717065,0.7291666666666666,0.32174305873962794
gin,1614,CC[C@H](C)[C@H](NC(=O)OCc1ccccc1)C(=O)N[C@@H](Cc1ccccc1)C(O)[C@H](Cc1ccccc1)NC(=O)[C@H](NC(=O)OCc1ccccc1)[C@@H](C)CC,8.30980396270752,6.634516635531192,0.11352935952967753,0.8085106382978723,1.6752873271763278
gin,1632,CC[C@H](C)[C@H](NC(=O)[C@@H](NC(=O)[C@@H](N)CCC(N)=O)C(C)C)C(=O)N[C@@H](CC(C)C)[C@@H](O)CC(=O)N[C@@H](CCC(N)=O)C(=O)N[C@@H](CO)C(=O)O,5.0970001220703125,5.865782226592955,0.4990456068759384,0.620253164556962,0.7687821045226428
gin,2545,O=C(N[C@@H](Cc1ccccc1)[C@@H](O)C[C@]1(Cc2ccccc2)CCN([C@@H]2CS(=O)(=O)Cc3ccccc32)C1=O)O[C@H]1CCOC1,8.74472713470459,7.628316811064686,0.2999650018198939,0.7349397590361446,1.1164103236399034
gin,2174,Cc1c(O)cc(F)cc1C(=O)N[C@@H](Cc1ccccc1)[C@H](O)C(=O)N1C[C@@H](Cl)C[C@H]1C(=O)NC(C)(C)C,8.769551277160645,8.466282792468903,0.17026436494990194,0.8571428571428571,0.30326848469174195
gin,2788,O[C@H]([C@@H](O)[C@H](COCc1ccccc1)OCc1ccccc1)[C@H](COCc1ccccc1)OCc1ccccc1,4.301030158996582,4.488461224417051,0.24589349349740885,1.0,0.18743106542046917
gin,644,CC(C)(C)OC(=O)N[C@@H](Cc1ccccc1)[C@H](O)COC[C@@H](O)[C@H](Cc1ccccc1)NC(=O)OC(C)(C)C,5.0,6.147862977807364,0.04735477228450318,0.7674418604651163,1.147862977807364
gin,1004,CC(C)[C@@H]1[C@H](OC(=O)N[C@@H](Cc2ccccc2)[C@H](O)CN2CCN(Cc3cc4sccc4s3)C[C@H]2C(=O)NC(C)(C)C)CCS1(=O)=O,9.494850158691406,9.65482647191476,0.10885258260257712,0.8478260869565217,0.15997631322335337
gin,1080,CC(C)[C@H](NC(=O)OC(C)(C)C)C(=O)NC(Cc1ccc(OCc2ccccc2)cc1)C(=O)C(F)(F)C(=O)NCc1ccccc1,6.0,7.6966509912468055,0.23801239408397015,0.7428571428571429,1.6966509912468055
gin,707,CC(C)CC(NC(=O)OCc1ccccc1)C(=O)NC(Cc1ccccc1)C(=O)C(F)(F)C(=O)NCc1ccccc1,3.124938726425171,7.35108920362072,0.23868063455132144,0.8833333333333333,4.226150477195549
gin,2332,Cc1ccc(-c2cc(O)c(Sc3ccccc3C(C)C)c(=O)o2)cc1,7.229147911071777,7.160077647577427,0.18986488579381539,0.8409090909090909,0.06907026349435075
