model,test_idx,smiles,y_true,pred,std,max_sim,abs_err
rf,36,C#Cc1cccc(Nc2ncnc3cc(OC)c(OCCCCCCC(=O)NO)cc23)c1,6.071092128753662,6.148129229227701,0.7132993715796976,0.6666666666666666,0.07703710047403867
rf,37,C#Cc1cccc(Nc2ncnc3cc(OCCOC)c(OCCOC)cc23)c1,6.0,6.511139945030212,0.8445899634420143,0.5079365079365079,0.5111399450302123
rf,65,C=C(C)C(=O)Nc1cc2c(Nc3ccc(Br)cc3F)ncnc2cc1OCCNC(C)=O,5.0,6.241462149937948,0.5124538761464815,0.6455696202531646,1.2414621499379477
rf,73,C=CC(=O)N(C)c1cc2c(Nc3ccc(Br)cc3F)ncnc2cc1OCCNC(C)=O,5.0,6.146954446697235,0.8309476512837494,0.6024096385542169,1.1469544466972348
rf,83,C=CC(=O)NCCOc1cc2ncnc(Nc3ccc(Br)cc3F)c2cc1NC(=O)C=C,6.602059841156006,6.245258128166198,0.49165488786252654,0.835820895522388,0.35680171298980756
rf,88,C=CC(=O)Nc1cc2c(Nc3c(F)cc(Br)cc3F)ncnc2cc1OCCNC(=O)CN(C)C,6.571865081787109,6.442736554145813,0.6674970864626961,0.6341463414634146,0.12912852764129656
rf,89,C=CC(=O)Nc1cc2c(Nc3c(F)cc(Br)cc3F)ncnc2cc1OCCNC(C)=O,6.896196365356445,6.324237620353698,0.5980560329174183,0.6710526315789473,0.571958745002747
rf,90,C=CC(=O)Nc1cc2c(Nc3cc(C(=O)NOC)c(Br)cc3F)ncnc2cc1OCCNC(C)=O,6.121478080749512,6.335856203460693,0.8119053761881208,0.5977011494252874,0.21437812271118162
rf,91,C=CC(=O)Nc1cc2c(Nc3cc(Cl)c(Br)cc3F)ncnc2cc1OCCNC(=O)CN(C)C,6.10568380355835,6.441275604248047,0.6674590096168546,0.6046511627906976,0.33559180068969763
rf,92,C=CC(=O)Nc1cc2c(Nc3cc(Cl)c(Br)cc3F)ncnc2cc1OCCNC(C)=O,6.377786159515381,6.348854387760162,0.5624721289267672,0.6666666666666666,0.028931771755218882
rf,93,C=CC(=O)Nc1cc2c(Nc3cc(Cl)c(Br)cc3F)ncnc2cc1OCCNCC(C)=O,6.764471530914307,6.370165737152099,0.5891954529773518,0.5813953488372093,0.3943057937622072
rf,94,C=CC(=O)Nc1cc2c(Nc3cc(Cl)c(Cl)cc3Cl)ncnc2cc1OCCNC(C)=O,6.1029229164123535,6.2002968155543,0.5922618224914703,0.7611940298507462,0.09737389914194683
rf,95,C=CC(=O)Nc1cc2c(Nc3cc(Cl)c(Cl)cc3F)ncnc2cc1OCCN(C)C,6.067526340484619,6.36110970211029,0.8261990892155966,0.5526315789473685,0.29358336162567067
rf,96,C=CC(=O)Nc1cc2c(Nc3cc(Cl)c(Cl)cc3F)ncnc2cc1OCCNC(=O)CN(C)C,6.124360084533691,6.386132604598998,0.6774781441416879,0.5952380952380952,0.26177252006530694
rf,97,C=CC(=O)Nc1cc2c(Nc3cc(Cl)c(Cl)cc3F)ncnc2cc1OCCNC(=O)COC,6.08459997177124,6.330280216693877,0.6788217444866216,0.6024096385542169,0.24568024492263696
rf,98,C=CC(=O)Nc1cc2c(Nc3cc(Cl)c(Cl)cc3F)ncnc2cc1OCCNC(=O)CS(C)(=O)=O,6.182434558868408,6.360446891784667,0.6895371730233714,0.5882352941176471,0.17801233291625884
rf,99,C=CC(=O)Nc1cc2c(Nc3cc(Cl)c(Cl)cc3F)ncnc2cc1OCCNC(C)=O,6.815308570861816,6.28827270078659,0.554380252164362,0.704225352112676,0.5270358700752267
rf,100,C=CC(=O)Nc1cc2c(Nc3cc(Cl)c(Cl)cc3F)ncnc2cc1OCCNCC(C)=O,6.020451545715332,6.3112944450378405,0.585272381951481,0.5769230769230769,0.2908428993225085
rf,101,C=CC(=O)Nc1cc2c(Nc3cc(F)c(Br)cc3F)ncnc2cc1OCCNC(C)=O,6.106793403625488,6.312229241809391,0.6097477359230259,0.68,0.20543583818390232
rf,102,C=CC(=O)Nc1cc2c(Nc3cc(OC)c(Cl)cc3Cl)ncnc2cc1OCCNC(C)=O,5.0,5.876920786857605,0.8291203186890709,0.7183098591549296,0.876920786857605
rf,103,C=CC(=O)Nc1cc2c(Nc3cc(OC)c(Cl)cc3F)ncnc2cc1OCCNC(C)=O,6.44733190536499,5.8951824102401735,0.8375661749995454,0.6666666666666666,0.5521494951248167
rf,104,C=CC(=O)Nc1cc2c(Nc3cc(OC)c(Cl)cc3OC)ncnc2cc1OCCNC(=O)CN(C)C,5.0,5.8753495655059815,0.8577358828002812,0.575,0.8753495655059815
rf,105,C=CC(=O)Nc1cc2c(Nc3cc(OC)c(Cl)cc3OC)ncnc2cc1OCCNC(C)=O,7.045757293701172,5.871393584569295,0.8331930600127647,0.704225352112676,1.1743637091318773
rf,106,C=CC(=O)Nc1cc2c(Nc3ccc(Br)c(Cl)c3)ncnc2cc1OCCNC(=O)CN(C)C,5.0,6.28291648642222,0.7352217197825245,0.6329113924050633,1.28291648642222
rf,107,C=CC(=O)Nc1cc2c(Nc3ccc(Br)c(Cl)c3F)ncnc2cc1OCC(C)NC(=O)CN(C)C,6.16304349899292,6.458078499794007,0.9060412804618473,0.5913978494623656,0.2950350008010867
rf,108,C=CC(=O)Nc1cc2c(Nc3ccc(Br)c(Cl)c3F)ncnc2cc1OCCNC(=O)CCCN(C)C,6.686132907867432,6.513414766311645,0.8402232873325811,0.7441860465116279,0.17271814155578635
rf,109,C=CC(=O)Nc1cc2c(Nc3ccc(Br)c(Cl)c3F)ncnc2cc1OCCNC(=O)CCN(CC)CC,7.267606258392334,6.337274218559265,1.0308204450534426,0.7441860465116279,0.9303320398330692
rf,111,C=CC(=O)Nc1cc2c(Nc3ccc(Br)c(Cl)c3F)ncnc2cc1OCCNC(=O)CCO,7.055517196655273,6.435855579376221,0.7107777101263671,0.8,0.6196616172790526
rf,112,C=CC(=O)Nc1cc2c(Nc3ccc(Br)c(Cl)c3F)ncnc2cc1OCCNC(=O)CCOC,6.555955410003662,6.449387513637543,0.6954952163869903,0.7804878048780488,0.10656789636611919
rf,113,C=CC(=O)Nc1cc2c(Nc3ccc(Br)c(Cl)c3F)ncnc2cc1OCCNC(=O)CN(C)C,7.06048059463501,6.501461578845978,0.747593360276833,0.7380952380952381,0.5590190157890316
rf,114,C=CC(=O)Nc1cc2c(Nc3ccc(Br)c(Cl)c3F)ncnc2cc1OCCNC(=O)CN(CC)CC,6.5100417137146,6.42267809009552,0.9030355410150953,0.7209302325581395,0.08736362361907979
rf,115,C=CC(=O)Nc1cc2c(Nc3ccc(Br)c(Cl)c3F)ncnc2cc1OCCNC(=O)CO,6.8326826095581055,6.433509208440781,0.740735598812032,0.775,0.39917340111732447
rf,116,C=CC(=O)Nc1cc2c(Nc3ccc(Br)c(Cl)c3F)ncnc2cc1OCCNC(=O)COC,6.590066909790039,6.4535462470054625,0.7563581880978563,0.7469879518072289,0.13652066278457653
rf,118,C=CC(=O)Nc1cc2c(Nc3ccc(Br)c(Cl)c3F)ncnc2cc1OCCNC(=O)NC(C)(C)C,6.373659610748291,6.427880887508392,0.8571817774537256,0.7142857142857143,0.054221276760101134
rf,119,C=CC(=O)Nc1cc2c(Nc3ccc(Br)c(Cl)c3F)ncnc2cc1OCCNC(=O)NCC,7.4202165603637695,6.404503070354462,0.7569194658356635,0.7317073170731707,1.0157134900093077
rf,120,C=CC(=O)Nc1cc2c(Nc3ccc(Br)c(Cl)c3F)ncnc2cc1OCCNC(=O)NCCC,6.892789840698242,6.441953928470611,0.7204490652286321,0.7407407407407407,0.45083591222763086
rf,121,C=CC(=O)Nc1cc2c(Nc3ccc(Br)c(Cl)c3F)ncnc2cc1OCCNC(=O)OC,7.102373123168945,6.472393444538117,0.6476403066711086,0.75,0.6299796786308285
rf,122,C=CC(=O)Nc1cc2c(Nc3ccc(Br)c(Cl)c3F)ncnc2cc1OCCNC(=S)NCC,6.723538398742676,6.484911695003509,0.7269683915491464,0.7142857142857143,0.2386267037391665
rf,123,C=CC(=O)Nc1cc2c(Nc3ccc(Br)c(Cl)c3F)ncnc2cc1OCCNC(C)=O,7.251811981201172,6.449008203983307,0.6343663164921383,0.759493670886076,0.8028037772178651
rf,124,C=CC(=O)Nc1cc2c(Nc3ccc(Br)c(Cl)c3F)ncnc2cc1OCCNCC(C)=O,6.97469425201416,6.478344954967499,0.6876543988954165,0.6987951807228916,0.4963492970466614
rf,125,C=CC(=O)Nc1cc2c(Nc3ccc(Br)c(Cl)c3F)ncnc2cc1OC[C@@H](C)NC(=O)CN(C)C,6.262348175048828,6.458078499794007,0.9060412804618473,0.5913978494623656,0.19573032474517849
rf,126,C=CC(=O)Nc1cc2c(Nc3ccc(Br)c(Cl)c3F)ncnc2cc1OC[C@H](C)NC(=O)CN(C)C,5.570731163024902,6.458078499794007,0.9060412804618473,0.5913978494623656,0.8873473367691043
rf,127,C=CC(=O)Nc1cc2c(Nc3ccc(Br)c(F)c3)ncnc2cc1OCCNC(=O)CN(C)C,5.844057083129883,6.365362004241488,0.7433867445126033,0.5930232558139535,0.5213049211116054
rf,128,C=CC(=O)Nc1cc2c(Nc3ccc(Br)c(F)c3F)ncnc2cc1OCCNC(=O)CCCN(C)C,6.01863431930542,6.454805436134339,0.81716599281376,0.7349397590361446,0.43617111682891885
rf,129,C=CC(=O)Nc1cc2c(Nc3ccc(Br)c(F)c3F)ncnc2cc1OCCNC(=O)CCN(CC)CC,6.661543369293213,6.375528311729431,0.9769761609112524,0.7349397590361446,0.2860150575637821
rf,131,C=CC(=O)Nc1cc2c(Nc3ccc(Br)c(F)c3F)ncnc2cc1OCCNC(=O)CN(C)C,6.866461277008057,6.4191922855377195,0.7010123964640336,0.7283950617283951,0.44726899147033716
rf,132,C=CC(=O)Nc1cc2c(Nc3ccc(Br)cc3C(F)(F)F)ncnc2cc1OCCNC(C)=O,5.0,6.307166231155396,0.6198972324529125,0.654320987654321,1.3071662311553958
rf,133,C=CC(=O)Nc1cc2c(Nc3ccc(Br)cc3Cl)ncnc2cc1OCCNC(C)=O,6.068542003631592,6.206923235257467,0.4665344935028842,0.7428571428571429,0.1383812316258748
rf,134,C=CC(=O)Nc1cc2c(Nc3ccc(Br)cc3F)ncnc2cc1OC(C)CNC(C)=O,7.113509178161621,6.246847094535828,0.7442295338535523,0.6621621621621622,0.8666620836257932
rf,137,C=CC(=O)Nc1cc2c(Nc3ccc(Br)cc3F)ncnc2cc1OCC(=O)NCCN(CC)CC,6.020451545715332,6.494126647011439,0.8649942533987849,0.6506024096385542,0.4736751012961067
rf,138,C=CC(=O)Nc1cc2c(Nc3ccc(Br)cc3F)ncnc2cc1OCC(C)(C)NC(=O)CN(C)C,5.0,6.518128945350647,0.7782988630139306,0.6666666666666666,1.5181289453506466
rf,139,C=CC(=O)Nc1cc2c(Nc3ccc(Br)cc3F)ncnc2cc1OCC(C)NC(=O)CCN(CC)CC,6.6038007736206055,6.365037209526697,0.9698983710693582,0.6172839506172839,0.2387635640939081
rf,140,C=CC(=O)Nc1cc2c(Nc3ccc(Br)cc3F)ncnc2cc1OCC(C)NC(=O)CN(C)C,6.36351203918457,6.471361591339111,0.7517141662120964,0.6666666666666666,0.10784955215454062
rf,141,C=CC(=O)Nc1cc2c(Nc3ccc(Br)cc3F)ncnc2cc1OCC(C)NC(=O)NCCC,6.10568380355835,6.296920983791352,0.7320156318118826,0.6588235294117647,0.19123718023300196
rf,142,C=CC(=O)Nc1cc2c(Nc3ccc(Br)cc3F)ncnc2cc1OCC(C)NC(C)=O,7.387216091156006,6.300747333049774,0.6696277858283104,0.6944444444444444,1.086468758106232
rf,143,C=CC(=O)Nc1cc2c(Nc3ccc(Br)cc3F)ncnc2cc1OCC(CC)NC(=O)CN(C)C,6.007004737854004,5.4311153230349225,1.0570543673983444,0.6511627906976745,0.5758894148190814
rf,144,C=CC(=O)Nc1cc2c(Nc3ccc(Br)cc3F)ncnc2cc1OCC(CC)NC(C)=O,7.0087738037109375,6.296177076816559,0.6261980284423557,0.6756756756756757,0.7125967268943789
rf,145,C=CC(=O)Nc1cc2c(Nc3ccc(Br)cc3F)ncnc2cc1OCC(NC(=O)CN(C)C)C(C)C,5.0,6.492361234664917,0.7661482871952034,0.6511627906976745,1.4923612346649167
rf,157,C=CC(=O)Nc1cc2c(Nc3ccc(Br)cc3F)ncnc2cc1OCCCC(=O)CN(C)C,6.9871625900268555,6.462808280944825,0.60366157789097,0.691358024691358,0.5243543090820308
rf,158,C=CC(=O)Nc1cc2c(Nc3ccc(Br)cc3F)ncnc2cc1OCCCCNC(C)=O,6.263603687286377,6.25684482383728,0.48046574083723964,0.7297297297297297,0.006758863449096708
rf,159,C=CC(=O)Nc1cc2c(Nc3ccc(Br)cc3F)ncnc2cc1OCCCNC,6.812479496002197,6.257977544784546,0.43322857479374005,0.7605633802816901,0.5545019512176514
rf,160,C=CC(=O)Nc1cc2c(Nc3ccc(Br)cc3F)ncnc2cc1OCCCNC(=O)C(F)(F)F,6.228412628173828,6.128320313294729,0.6740824736944999,0.7534246575342466,0.10009231487909886
rf,161,C=CC(=O)Nc1cc2c(Nc3ccc(Br)cc3F)ncnc2cc1OCCCNC(=O)CN(C)C,6.459670543670654,6.433081816673279,0.6018664068786164,0.7215189873417721,0.026588726997375467
rf,162,C=CC(=O)Nc1cc2c(Nc3ccc(Br)cc3F)ncnc2cc1OCCCNC(=O)CS(C)(=O)=O,6.481485843658447,6.294455805301666,0.6315500818770168,0.7125,0.1870300383567809
rf,163,C=CC(=O)Nc1cc2c(Nc3ccc(Br)cc3F)ncnc2cc1OCCCNC(=O)NCC,6.681936740875244,6.211676832199097,0.5984557302845909,0.7333333333333333,0.4702599086761472
rf,164,C=CC(=O)Nc1cc2c(Nc3ccc(Br)cc3F)ncnc2cc1OCCCNC(C)=O,6.804100513458252,6.216267875671386,0.4019262743175928,0.7638888888888888,0.5878326377868657
rf,165,C=CC(=O)Nc1cc2c(Nc3ccc(Br)cc3F)ncnc2cc1OCCCNCC(C)=O,7.026872158050537,6.251843817710877,0.4841580422144585,0.72,0.7750283403396603
rf,166,C=CC(=O)Nc1cc2c(Nc3ccc(Br)cc3F)ncnc2cc1OCCCNCCC=O,6.156144618988037,6.233545307159424,0.5557321166547718,0.7297297297297297,0.07740068817138646
rf,167,C=CC(=O)Nc1cc2c(Nc3ccc(Br)cc3F)ncnc2cc1OCCN,6.263603687286377,6.226994578361511,0.7345896495879748,0.7692307692307693,0.03660910892486591
rf,168,C=CC(=O)Nc1cc2c(Nc3ccc(Br)cc3F)ncnc2cc1OCCN(C)C,6.346787452697754,6.427508239269256,0.744475962679558,0.7246376811594203,0.0807207865715025
rf,169,C=CC(=O)Nc1cc2c(Nc3ccc(Br)cc3F)ncnc2cc1OCCN(C)C(C)=O,6.16304349899292,6.312549737453461,0.6539540043836459,0.6944444444444444,0.14950623846054079
rf,170,C=CC(=O)Nc1cc2c(Nc3ccc(Br)cc3F)ncnc2cc1OCCNC,6.289882659912109,6.296734446525574,0.37427384688525533,0.7714285714285715,0.006851786613464306
rf,171,C=CC(=O)Nc1cc2c(Nc3ccc(Br)cc3F)ncnc2cc1OCCNC(=O)C(=C)C,6.068542003631592,6.205716968536377,0.4588333569395265,0.7671232876712328,0.1371749649047853
rf,172,C=CC(=O)Nc1cc2c(Nc3ccc(Br)cc3F)ncnc2cc1OCCNC(=O)C(=O)O,7.07572078704834,6.239908501625061,0.45402042418624095,0.7887323943661971,0.8358122854232786
rf,173,C=CC(=O)Nc1cc2c(Nc3ccc(Br)cc3F)ncnc2cc1OCCNC(=O)C(=O)OCC,6.600326061248779,6.3102413282394405,0.6612670341339674,0.76,0.2900847330093388
rf,174,C=CC(=O)Nc1cc2c(Nc3ccc(Br)cc3F)ncnc2cc1OCCNC(=O)C(C)C,6.156144618988037,6.116751143137614,0.6426065331501128,0.7671232876712328,0.03939347585042352
rf,175,C=CC(=O)Nc1cc2c(Nc3ccc(Br)cc3F)ncnc2cc1OCCNC(=O)C(C)CN(C)C,6.429457187652588,6.346568266868592,0.6816304846141251,0.7283950617283951,0.08288892078399623
rf,176,C=CC(=O)Nc1cc2c(Nc3ccc(Br)cc3F)ncnc2cc1OCCNC(=O)C(C)N,6.782516002655029,6.138885584354401,0.8243110380824813,0.7466666666666667,0.6436304183006287
rf,177,C=CC(=O)Nc1cc2c(Nc3ccc(Br)cc3F)ncnc2cc1OCCNC(=O)C(C)N(C)C,6.020451545715332,6.272390603065491,0.6031211677601257,0.7272727272727273,0.25193905735015854
rf,178,C=CC(=O)Nc1cc2c(Nc3ccc(Br)cc3F)ncnc2cc1OCCNC(=O)C(CO)N(C)C,6.098541736602783,6.2701568293571475,0.6903304345706807,0.7088607594936709,0.17161509275436426
rf,179,C=CC(=O)Nc1cc2c(Nc3ccc(Br)cc3F)ncnc2cc1OCCNC(=O)C(COC)N(C)C,5.95194673538208,6.316086120128632,0.7131772051170969,0.7,0.3641393847465517
rf,180,C=CC(=O)Nc1cc2c(Nc3ccc(Br)cc3F)ncnc2cc1OCCNC(=O)C(F)(F)F,6.301030158996582,6.1788029592831935,0.628014790235991,0.7887323943661971,0.12222719971338858
rf,181,C=CC(=O)Nc1cc2c(Nc3ccc(Br)cc3F)ncnc2cc1OCCNC(=O)C(F)F,6.281498432159424,6.208357792854309,0.5449688172276205,0.7777777777777778,0.07314063930511505
rf,187,C=CC(=O)Nc1cc2c(Nc3ccc(Br)cc3F)ncnc2cc1OCCNC(=O)C=CC,7.180456161499023,6.268026928084238,0.43152050592410623,0.7671232876712328,0.9124292334147857
rf,188,C=CC(=O)Nc1cc2c(Nc3ccc(Br)cc3F)ncnc2cc1OCCNC(=O)C=CCC,6.4509968757629395,6.2001699372700285,0.6430676160942755,0.7466666666666667,0.25082693849291093
rf,189,C=CC(=O)Nc1cc2c(Nc3ccc(Br)cc3F)ncnc2cc1OCCNC(=O)C=CCN(C)C,6.057991981506348,6.227848311424255,0.68881339253786,0.717948717948718,0.16985632991790744
rf,190,C=CC(=O)Nc1cc2c(Nc3ccc(Br)cc3F)ncnc2cc1OCCNC(=O)C=NOC,6.175223350524902,6.3521388026873264,0.6376403508827243,0.7368421052631579,0.1769154521624241
rf,191,C=CC(=O)Nc1cc2c(Nc3ccc(Br)cc3F)ncnc2cc1OCCNC(=O)CC,6.326979160308838,6.283025030136108,0.4888712442368762,0.8028169014084507,0.043954130172729755
rf,192,C=CC(=O)Nc1cc2c(Nc3ccc(Br)cc3F)ncnc2cc1OCCNC(=O)CC(C)N(C)C,6.181774139404297,6.237461817741394,0.7334884026696603,0.7160493827160493,0.055687678337097424
rf,193,C=CC(=O)Nc1cc2c(Nc3ccc(Br)cc3F)ncnc2cc1OCCNC(=O)CCC,6.020451545715332,6.259397688865661,0.4576941195891695,0.8,0.23894614315032925
rf,194,C=CC(=O)Nc1cc2c(Nc3ccc(Br)cc3F)ncnc2cc1OCCNC(=O)CCCN(C)C,6.903090000152588,6.460889483451843,0.7125710748139673,0.7317073170731707,0.442200516700745
rf,195,C=CC(=O)Nc1cc2c(Nc3ccc(Br)cc3F)ncnc2cc1OCCNC(=O)CCN,6.125518321990967,6.2524724864959715,0.7049397337123114,0.7894736842105263,0.12695416450500474
rf,196,C=CC(=O)Nc1cc2c(Nc3ccc(Br)cc3F)ncnc2cc1OCCNC(=O)CCN(C)C,6.4509968757629395,6.4723294668197635,0.6576718019902092,0.75,0.021332591056824057
rf,197,C=CC(=O)Nc1cc2c(Nc3ccc(Br)cc3F)ncnc2cc1OCCNC(=O)CCN(CC)CC,6.703334808349609,6.407280839935939,0.8169696971484552,0.7317073170731707,0.2960539684136707
rf,199,C=CC(=O)Nc1cc2c(Nc3ccc(Br)cc3F)ncnc2cc1OCCNC(=O)CCO,6.6675615310668945,6.260052923202514,0.4616085081470079,0.7894736842105263,0.40750860786438015
rf,200,C=CC(=O)Nc1cc2c(Nc3ccc(Br)cc3F)ncnc2cc1OCCNC(=O)CCOC,6.636387825012207,6.315547621250152,0.4938389499252529,0.7692307692307693,0.3208402037620548
rf,201,C=CC(=O)Nc1cc2c(Nc3ccc(Br)cc3F)ncnc2cc1OCCNC(=O)CN,6.628931999206543,6.2014553890228274,0.6888740273050785,0.7837837837837838,0.4274766101837155
rf,202,C=CC(=O)Nc1cc2c(Nc3ccc(Br)cc3F)ncnc2cc1OCCNC(=O)CN(C)C,6.233587265014648,6.46485249042511,0.5404033893780698,0.7532467532467533,0.23126522541046146
rf,203,C=CC(=O)Nc1cc2c(Nc3ccc(Br)cc3F)ncnc2cc1OCCNC(=O)CN(C)CC,6.184422016143799,6.517443209664027,0.6634841084422834,0.7407407407407407,0.33302119352022785
rf,204,C=CC(=O)Nc1cc2c(Nc3ccc(Br)cc3F)ncnc2cc1OCCNC(=O)CN(CC)CC,6.335358142852783,6.441353282944361,0.5930358002321577,0.7341772151898734,0.10599514009157751
rf,211,C=CC(=O)Nc1cc2c(Nc3ccc(Br)cc3F)ncnc2cc1OCCNC(=O)CNC,6.164309501647949,6.326692263126374,0.522948442312663,0.7866666666666666,0.16238276147842434
rf,212,C=CC(=O)Nc1cc2c(Nc3ccc(Br)cc3F)ncnc2cc1OCCNC(=O)CO,6.48811674118042,6.243265850782395,0.5014847186549443,0.7945205479452054,0.2448508903980251
rf,213,C=CC(=O)Nc1cc2c(Nc3ccc(Br)cc3F)ncnc2cc1OCCNC(=O)COC,6.7931742668151855,6.318164536952972,0.5628953495453177,0.7631578947368421,0.47500972986221335
rf,214,C=CC(=O)Nc1cc2c(Nc3ccc(Br)cc3F)ncnc2cc1OCCNC(=O)CS(C)(=O)=O,6.679853916168213,6.343934797763825,0.5710100372985649,0.7435897435897436,0.33591911840438815
rf,215,C=CC(=O)Nc1cc2c(Nc3ccc(Br)cc3F)ncnc2cc1OCCNC(=O)CSC,6.197226047515869,6.306395026683807,0.5052859135934322,0.7532467532467533,0.10916897916793822
rf,220,C=CC(=O)Nc1cc2c(Nc3ccc(Br)cc3F)ncnc2cc1OCCNC(=O)NC(C)C,6.0481767654418945,6.189114605426789,0.5906523001705126,0.7466666666666667,0.14093783998489418
rf,221,C=CC(=O)Nc1cc2c(Nc3ccc(Br)cc3F)ncnc2cc1OCCNC(=O)NC(C)CC,6.489455223083496,6.168025818347931,0.6656889451150136,0.717948717948718,0.32142940473556525
rf,222,C=CC(=O)Nc1cc2c(Nc3ccc(Br)cc3F)ncnc2cc1OCCNC(=O)NCC,6.602059841156006,6.244761475563049,0.5421039626477815,0.7671232876712328,0.3572983655929569
rf,223,C=CC(=O)Nc1cc2c(Nc3ccc(Br)cc3F)ncnc2cc1OCCNC(=O)NCCC,6.339134693145752,6.29058626461029,0.4961846518093359,0.7777777777777778,0.048548428535461596
rf,224,C=CC(=O)Nc1cc2c(Nc3ccc(Br)cc3F)ncnc2cc1OCCNC(=O)OC,7.07572078704834,6.28421527671814,0.38769535274579636,0.7887323943661971,0.7915055103302002
rf,227,C=CC(=O)Nc1cc2c(Nc3ccc(Br)cc3F)ncnc2cc1OCCNC(=S)NC,6.340083599090576,6.244660704406102,0.8570813663119375,0.7567567567567568,0.09542289468447418
rf,228,C=CC(=O)Nc1cc2c(Nc3ccc(Br)cc3F)ncnc2cc1OCCNC(=S)NCC,6.4509968757629395,6.3405346622467045,0.5298603389240261,0.7466666666666667,0.11046221351623497
rf,229,C=CC(=O)Nc1cc2c(Nc3ccc(Br)cc3F)ncnc2cc1OCCNC(C)=O,7.017728805541992,6.247847102165222,0.31923114932684904,0.8,0.76988170337677
rf,230,C=CC(=O)Nc1cc2c(Nc3ccc(Br)cc3F)ncnc2cc1OCCNC(N)=O,6.602059841156006,6.153150029182434,0.7725005127677742,0.8,0.4489098119735715
rf,231,C=CC(=O)Nc1cc2c(Nc3ccc(Br)cc3F)ncnc2cc1OCCNCC(C)=O,6.602059841156006,6.285519810676575,0.41695800750301604,0.7297297297297297,0.31654003047943124
rf,232,C=CC(=O)Nc1cc2c(Nc3ccc(Br)cc3F)ncnc2cc1OCCNS(C)(=O)=O,6.432973861694336,6.0740236296653745,0.7649702942864898,0.7297297297297297,0.3589502320289615
rf,234,C=CC(=O)Nc1cc2c(Nc3ccc(Br)cc3F)ncnc2cc1OCCOC,6.586700439453125,6.405175828933716,0.5862163240377783,0.746268656716418,0.18152461051940882
rf,235,C=CC(=O)Nc1cc2c(Nc3ccc(Br)cc3F)ncnc2cc1OCCOCCOC(=O)CC(=O)O,6.55439567565918,6.352772802893321,0.7207420524865046,0.6756756756756757,0.2016228727658591
rf,236,C=CC(=O)Nc1cc2c(Nc3ccc(Br)cc3F)ncnc2cc1OCCOCCOC(=O)CC(=O)OCC,6.006563663482666,6.39500359009107,0.7716701230107722,0.6578947368421053,0.3884399266084042
rf,237,C=CC(=O)Nc1cc2c(Nc3ccc(Br)cc3F)ncnc2cc1OC[C@@H](C)NC(C)=O,6.801342964172363,6.300747333049774,0.6696277858283104,0.6944444444444444,0.5005956311225894
rf,238,C=CC(=O)Nc1cc2c(Nc3ccc(Br)cc3F)ncnc2cc1OC[C@H](C)NC(C)=O,7.148741722106934,6.300747333049774,0.6696277858283104,0.6944444444444444,0.8479943890571597
rf,240,C=CC(=O)Nc1cc2c(Nc3ccc(Br)cc3F)ncnc2cc1SCCNC(C)=O,6.105130195617676,6.283800842523575,0.767889525336887,0.6,0.17867064690589896
rf,241,C=CC(=O)Nc1cc2c(Nc3ccc(Cl)cc3Cl)ncnc2cc1OCCNC(C)=O,6.571865081787109,6.022366005738576,0.646651080836895,0.7536231884057971,0.5494990760485337
rf,242,C=CC(=O)Nc1cc2c(Nc3ccc(Cl)cc3F)ncnc2cc1OCCNC(=O)CN(C)C,6.120330810546875,6.262546631813049,0.7709501216326473,0.6385542168674698,0.14221582126617438
rf,243,C=CC(=O)Nc1cc2c(Nc3ccc(Cl)cc3F)ncnc2cc1OCCNC(C)=O,6.9430952072143555,6.072556232929229,0.6242419246785039,0.7083333333333334,0.8705389742851262
rf,246,C=CC(=O)Nc1cc2c(Nc3ccc(F)c(Cl)c3)ncnc2cc1OCCNC(C)=O,5.0,5.68726910217603,0.7912424018459898,0.7714285714285715,0.68726910217603
rf,249,C=CC(=O)Nc1cc2c(Nc3ccc(F)c(F)c3F)ncnc2cc1OCCNC(C)=O,6.3106913566589355,6.1803675565719605,0.5989098746605612,0.6805555555555556,0.13032380008697508
rf,250,C=CC(=O)Nc1cc2c(Nc3ccc(F)cc3F)ncnc2cc1OCCNC(=O)CN(C)C,6.16304349899292,6.36069322264308,0.6893731207401123,0.654320987654321,0.19764972365016042
rf,252,C=CC(=O)Nc1cc2c(Nc3cccc(Cl)c3F)ncnc2cc1OCCNC(=O)CN(C)C,6.0245680809021,6.153715873241425,0.7885378785454196,0.5824175824175825,0.12914779233932538
rf,294,C=CCCOc1cc2ncnc(Nc3ccc(Br)cc3F)c2cc1NC(=O)C=C,6.281498432159424,6.36085941696167,0.4926300467006252,0.7575757575757576,0.07936098480224629
rf,299,C=CCNC(=O)NCCOc1cc2ncnc(Nc3ccc(Br)cc3F)c2cc1NC(=O)C=C,6.809668064117432,6.4068731698989865,0.7778696943410304,0.7671232876712328,0.40279489421844517
rf,310,C=CNC(=O)NCCOc1cc2ncnc(Nc3ccc(Br)cc3F)c2cc1NC(=O)C=C,6.578395843505859,6.39445395565033,0.9290989593683963,0.7887323943661971,0.18394188785552945
rf,507,CC(C)(C)OC(=O)NCC(=O)Nc1ccc2ncnc(Nc3cccc(Br)c3)c2c1,4.728158473968506,6.9543810657501215,1.3186533375717748,0.5230769230769231,2.2262225917816156
rf,786,CC(C)[C@@H](NC(=O)OC(C)(C)C)C(=O)Nc1ccc2ncnc(Nc3cccc(C(F)(F)F)c3)c2c1,4.0,6.950590173721314,1.3487972147699505,0.5189873417721519,2.950590173721314
rf,1138,CCC(=O)Nc1cc2c(Nc3ccc(Br)cc3F)ncnc2cc1OCCNC(C)=O,6.43770694732666,6.3120631497701005,0.5868332106932475,0.6533333333333333,0.12564379755655963
rf,1139,CCC(=O)Nc1ccc(Nc2ncnc3cc(OC)c(OC)cc23)cc1,5.136677265167236,6.216261223602295,0.7120266074202902,0.72,1.0795839584350588
rf,1140,CCC(=O)Nc1ccc(Nc2ncnc3cc(OC)c(OC)cc23)cc1C.Cl,5.0,6.126084418932598,0.8430315122581133,0.6338028169014085,1.1260844189325976
rf,1171,CCCC(=O)Nc1ccc(Nc2ncnc3cc(OC)c(OC)cc23)cc1C,5.397940158843994,6.057344865481059,0.7811772207674681,0.6197183098591549,0.6594047066370647
rf,1172,CCCC(=O)Nc1ccc(Nc2ncnc3cc(OC)c(OC)cc23)cc1C.Cl,5.3665313720703125,6.087806445757549,0.8144386557051119,0.6338028169014085,0.7212750736872362
rf,1182,CCCCC(=O)Nc1ccc(Nc2ncnc3cc(OC)c(OC)cc23)cc1C,5.1674909591674805,6.004652452627818,0.8664576651797368,0.5945945945945946,0.8371614934603375
rf,1183,CCCCC(=O)Nc1ccc(Nc2ncnc3cc(OC)c(OC)cc23)cc1C.Cl,5.1674909591674805,6.028441297690074,0.8900096881165107,0.6081081081081081,0.8609503385225938
rf,1209,CCCCNC(=O)Nc1cc(Cl)c(Nc2ncnc3cc(OC)c(OC)cc23)cc1Cl.Cl,5.036211967468262,5.922885407447815,1.001422219125656,0.582089552238806,0.8866734399795533
rf,1213,CCCCNC(=O)Nc1ccc(Nc2ncnc3cc(OC)c(OC)cc23)cc1,5.236571788787842,5.980653733062744,0.8714582675307695,0.7368421052631579,0.7440819442749023
rf,1226,CCCCOC(=O)Nc1ccc(Nc2ncnc3cc(OC)c(OC)cc23)cc1,5.1674909591674805,5.983789292144776,0.7534198960507595,0.6851851851851852,0.8162983329772953
rf,1227,CCCCOC(=O)Nc1ccc(Nc2ncnc3cc(OC)c(OC)cc23)cc1.Cl,5.1674909591674805,6.013069843101501,0.773284224262481,0.6727272727272727,0.8455788839340208
rf,1228,CCCCOC(=O)Nc1ccc(Nc2ncnc3cc(OC)c(OC)cc23)cc1C,5.28399658203125,5.903500038782755,0.8631730793630269,0.7142857142857143,0.619503456751505
rf,1229,CCCCOC(=O)Nc1ccc(Nc2ncnc3cc(OC)c(OC)cc23)cc1C.Cl,5.28399658203125,5.943530161539714,0.8856757824165549,0.7285714285714285,0.659533579508464
rf,1230,CCCCOC(=O)Nc1ccc(Nc2ncnc3cc(OC)c(OC)cc23)cc1Cl,5.3098039627075195,5.993144689369202,0.841005214610672,0.704225352112676,0.6833407266616822
rf,1231,CCCCOC(=O)Nc1ccc(Nc2ncnc3cc(OC)c(OC)cc23)cc1Cl.Cl,5.3098039627075195,6.029054120826721,0.8510524759268994,0.7183098591549296,0.7192501581192019
rf,1235,CCCCOc1cc2c(Nc3ccc(Br)cc3F)ncnc2cc1OCCN(CC)CC,5.275723934173584,7.016543564780553,0.8970651734208084,0.5942028985507246,1.7408196306069694
rf,1236,CCCCOc1cc2c(Nc3ccc(NC(=O)OC)c(C)c3)ncnc2cc1OCCN(CC)CC,5.026872158050537,6.222428620974223,0.8490801128416584,0.5822784810126582,1.195556462923686
rf,1237,CCCCOc1cc2c(Nc3ccc(NC(=O)OC)c(Cl)c3)ncnc2cc1OCCN(CC)CC,5.130768299102783,6.16368379910787,0.7829592118850773,0.575,1.0329155000050871
rf,1238,CCCCOc1cc2c(Nc3ccc(NC(=O)OCC)c(C)c3)ncnc2cc1OCCN(CC)CC,5.2441253662109375,6.232558835665385,0.8472655306151594,0.6363636363636364,0.9884334694544474
rf,1239,CCCCOc1cc2c(Nc3ccc(NC(=O)OCC)c(C)c3)ncnc2cc1OCCN(CC)CC.Cl,5.2441253662109375,6.236383785883586,0.8459857790720389,0.6493506493506493,0.9922584196726483
rf,1240,CCCCOc1cc2c(Nc3ccc(NC(=O)OCC)c(Cl)c3)ncnc2cc1OCCN(CC)CC,5.318758964538574,6.190454274654388,0.8130527155472075,0.6410256410256411,0.8716953101158138
rf,1241,CCCCOc1cc2c(Nc3ccc(NC(=O)OCC)c(Cl)c3)ncnc2cc1OCCN(CC)CC.Cl,5.318758964538574,6.193643337726593,0.8118093202102938,0.6538461538461539,0.8748843731880189
rf,1266,CCCNC(=O)Nc1ccc(Nc2ncnc3cc(OC)c(OC)cc23)cc1Cl,6.79587984085083,6.055951803970337,0.841310971428617,0.7096774193548387,0.7399280368804932
rf,1284,CCCOC(=O)Nc1ccc(Nc2ncnc3cc(OC)c(OC)cc23)cc1,5.301030158996582,6.053107824134827,0.657696575777071,0.6792452830188679,0.7520776651382448
rf,1285,CCCOC(=O)Nc1ccc(Nc2ncnc3cc(OC)c(OC)cc23)cc1.Cl,5.301030158996582,6.0949382331848145,0.6965655698051951,0.6666666666666666,0.7939080741882325
rf,1286,CCCOC(=O)Nc1ccc(Nc2ncnc3cc(OC)c(OC)cc23)cc1C,6.070580959320068,5.953379871050517,0.7601238085790093,0.7352941176470589,0.11720108826955133
rf,1287,CCCOC(=O)Nc1ccc(Nc2ncnc3cc(OC)c(OC)cc23)cc1C.Cl,6.070580959320068,6.006630873362224,0.800335952068928,0.75,0.06395008595784457
rf,1288,CCCOC(=O)Nc1ccc(Nc2ncnc3cc(OC)c(OC)cc23)cc1Cl,5.481485843658447,6.065297510910034,0.7257998779089107,0.7246376811594203,0.5838116672515872
rf,1289,CCCOC(=O)Nc1ccc(Nc2ncnc3cc(OC)c(OC)cc23)cc1Cl.Cl,5.481485843658447,6.113756800460815,0.75133411967788,0.7391304347826086,0.6322709568023681
rf,1293,CCCOc1cc2ncnc(Nc3ccc(NC(=O)OCC)c(C)c3)c2cc1OC.Cl,6.301030158996582,6.214126933733622,0.7235768114972855,0.7941176470588235,0.0869032252629598
rf,1294,CCCOc1cc2ncnc(Nc3ccc(NC(=O)OCC)c(Cl)c3)c2cc1OC.Cl,6.301030158996582,6.2178831645647685,0.6769210315620063,0.7971014492753623,0.0831469944318135
rf,1444,CCN(CC)CCOc1cc2c(Nc3ccc(Br)cc3F)ncnc2cc1OC,5.127843856811523,7.159348961178463,0.807389809400097,0.6666666666666666,2.031505104366939
rf,1445,CCN(CC)CCOc1cc2ncnc(Nc3ccc(Br)cc3F)c2cc1OC,6.0,7.159348961178463,0.807389809400097,0.6666666666666666,1.1593489611784626
rf,1446,CCN(CC)CCOc1cc2ncnc(Nc3ccc(C)c(Br)c3)c2cc1OC,5.1904401779174805,6.406486679701579,0.7266034136870401,0.569620253164557,1.2160465017840982
rf,1447,CCN(CC)CCOc1cc2ncnc(Nc3ccc(F)c(Cl)c3)c2cc1OC,5.161150932312012,6.184261231395934,0.8828855602968126,0.6521739130434783,1.023110299083922
rf,1448,CCN(CC)CCOc1cc2ncnc(Nc3ccc(NC(=O)OC)c(C)c3)c2cc1OC,5.158015251159668,6.2884571688969935,0.7923590646979871,0.6447368421052632,1.1304419177373255
rf,1449,CCN(CC)CCOc1cc2ncnc(Nc3ccc(NC(=O)OC)c(Cl)c3)c2cc1OC,5.28399658203125,6.205612515290579,0.7471733837525374,0.6363636363636364,0.9216159332593286
rf,1597,CCNC(=O)Nc1cc(Cl)c(Nc2ncnc3cc(OC)c(OC)cc23)cc1Cl.Cl,5.267606258392334,5.916386103153228,0.9810331552102737,0.5606060606060606,0.6487798447608943
rf,1603,CCNC(=O)Nc1ccc(Nc2ncnc3cc(OC)c(OC)cc23)cc1,5.332547187805176,5.957241939544677,0.8522613822941141,0.76,0.6246947517395016
rf,1605,CCNC(=O)Nc1ccc(Nc2ncnc3cc(OCCN(CC)CC)c(OC)cc23)cc1,5.180456161499023,6.095271212100982,0.9695004551606525,0.6229508196721312,0.914815050601959
rf,1730,CCOC(=O)Nc1cc(Cl)c(Nc2ncnc3cc(OC)c(OC)cc23)cc1Cl.Cl,5.004364967346191,6.04536882352829,0.9131807201925848,0.6338028169014085,1.0410038561820985
rf,1731,CCOC(=O)Nc1cc(Nc2ncnc3cc(OC)c(OC)cc23)ccc1C,5.187086582183838,6.043782311121623,0.839981150149507,0.6571428571428571,0.856695728937785
rf,1732,CCOC(=O)Nc1cc(Nc2ncnc3cc(OC)c(OC)cc23)ccc1C.Cl,5.187086582183838,6.096247729937236,0.8698284043352139,0.6714285714285714,0.9091611477533981
rf,1733,CCOC(=O)Nc1cc(Nc2ncnc3cc(OC)c(OC)cc23)ccc1Cl,5.255706787109375,6.114884598255157,0.8860541101942383,0.676056338028169,0.8591778111457824
rf,1734,CCOC(=O)Nc1cc(Nc2ncnc3cc(OC)c(OC)cc23)ccc1Cl.Cl,5.255706787109375,6.1586759171485905,0.9113014129562287,0.6901408450704225,0.9029691300392155
rf,1736,CCOC(=O)Nc1ccc(Nc2ncnc3cc(OC)c(OC)cc23)cc1,5.251811981201172,6.051774563217163,0.6872662580861403,0.7037037037037037,0.7999625820159908
rf,1737,CCOC(=O)Nc1ccc(Nc2ncnc3cc(OC)c(OC)cc23)cc1.Cl,5.251811981201172,6.0939830850601195,0.7243506717888631,0.6909090909090909,0.8421711038589477
rf,1738,CCOC(=O)Nc1ccc(Nc2ncnc3cc(OC)c(OC)cc23)cc1C,6.244058132171631,5.915995451609294,0.7614571269489635,0.7575757575757576,0.3280626805623372
rf,1739,CCOC(=O)Nc1ccc(Nc2ncnc3cc(OC)c(OC)cc23)cc1C.Cl,6.187086582183838,5.970380545298259,0.806219768545816,0.7727272727272727,0.21670603688557932
rf,1740,CCOC(=O)Nc1ccc(Nc2ncnc3cc(OC)c(OC)cc23)cc1Cl,6.301030158996582,6.053100520133972,0.7531474794523514,0.7611940298507462,0.24792963886261
rf,1741,CCOC(=O)Nc1ccc(Nc2ncnc3cc(OC)c(OC)cc23)cc1Cl.Cl,6.301030158996582,6.103217281341553,0.7835996386165508,0.7761194029850746,0.19781287765502942
rf,1742,CCOC(=O)Nc1ccc(Nc2ncnc3cc(OC)c(OCCN(CC)CC)cc23)cc1C,5.13966178894043,6.298280495007833,0.7832627513586059,0.7162162162162162,1.1586187060674034
rf,1743,CCOC(=O)Nc1ccc(Nc2ncnc3cc(OC)c(OCCN(CC)CC)cc23)cc1C.Cl,5.142667293548584,6.304340273221334,0.7850231053436206,0.7297297297297297,1.1616729796727503
rf,1744,CCOC(=O)Nc1ccc(Nc2ncnc3cc(OCCN(CC)CC)c(OC)cc23)cc1C,5.431798458099365,6.298280495007833,0.7832627513586059,0.7162162162162162,0.8664820369084678
rf,1745,CCOC(=O)Nc1ccc(Nc2ncnc3cc(OCCN(CC)CC)c(OC)cc23)cc1C.Cl,5.431798458099365,6.304340273221334,0.7850231053436206,0.7297297297297297,0.872541815121969
rf,1746,CCOC(=O)Nc1ccc(Nc2ncnc3cc(OCCN(CC)CC)c(OC)cc23)cc1Cl,5.474955081939697,6.245152610778809,0.7572611440041015,0.72,0.7701975288391116
rf,1747,CCOC(=O)Nc1ccc(Nc2ncnc3cc(OCCN(CC)CC)c(OC)cc23)cc1Cl.Cl,5.481485843658447,6.247628677368164,0.7549524085657965,0.7333333333333333,0.7661428337097167
rf,1752,CCOC(=O)Nc1ccc(Nc2ncnc3ccccc23)cc1C,5.4179368019104,5.785677165031433,0.8093745426745519,0.6842105263157895,0.3677403631210323
rf,1975,CCc1c(O)cccc1Nc1ncnc2cc(OC)c(OC)cc12,5.0,5.690072741508484,0.8269652177702893,0.5714285714285714,0.6900727415084837
rf,2158,CN(C)C/C=C/C(=O)Nc1ccc2ncnc(Nc3ccc(Br)cc3F)c2c1,5.178817272186279,6.1533828244209285,1.1174957631218208,0.4827586206896552,0.9745655522346492
rf,2246,CN(C)S(=O)(=O)c1ccc(Nc2nc(Cl)nc3ccccc23)cc1,4.0,5.563834534168244,0.8747968581757462,0.6415094339622641,1.5638345341682438
rf,2675,CNC(=O)[C@@H](C)N(C)Cc1cc2c(Nc3cccc(Cl)c3F)ncnc2cc1OC,5.0,5.4338429479599,0.8979780705269722,0.654320987654321,0.4338429479599002
rf,2919,CNCCCOc1cc2ncnc(Nc3c(F)ccc(O)c3C)c2cc1OC,5.0,5.113993978977203,0.47336194281241933,0.7384615384615385,0.11399397897720309
rf,2937,CNCCOc1cc2ncnc(Nc3c(F)ccc(O)c3C)c2cc1OC,5.0,5.102426517963409,0.44784242891934484,0.734375,0.1024265179634094
rf,2961,CNS(=O)(=O)c1ccc(Nc2nc(Cl)nc3cc(OC)c(OC)cc23)cc1,6.070580959320068,5.6144669229507445,0.9577168310041115,0.6896551724137931,0.4561140363693239
rf,3232,COC(=O)Nc1cc(Nc2ncnc3cc(OC)c(OC)cc23)ccc1C,5.107905387878418,5.91117326259613,0.9904852604693605,0.6206896551724138,0.8032678747177124
rf,3233,COC(=O)Nc1cc(Nc2ncnc3cc(OC)c(OC)cc23)ccc1C.Cl,5.107905387878418,5.959298767089844,1.0201795644617135,0.6101694915254238,0.8513933792114257
rf,3234,COC(=O)Nc1cc(Nc2ncnc3cc(OC)c(OC)cc23)ccc1Cl.Cl,5.0,6.002231981277466,1.0000624826242543,0.6440677966101694,1.0022319812774656
rf,3237,COC(=O)Nc1ccc(Nc2ncnc3cc(OC)c(OC)cc23)cc1,5.236571788787842,5.781488810539246,0.8424986058841837,0.7659574468085106,0.5449170217514041
rf,3238,COC(=O)Nc1ccc(Nc2ncnc3cc(OC)c(OC)cc23)cc1C,6.070580959320068,5.824178205490112,0.9367179998086679,0.6470588235294118,0.24640275382995647
rf,3239,COC(=O)Nc1ccc(Nc2ncnc3cc(OC)c(OC)cc23)cc1C.Cl,6.070580959320068,5.8689464635849,0.9744442897663007,0.6617647058823529,0.20163449573516878
rf,3240,COC(=O)Nc1ccc(Nc2ncnc3cc(OC)c(OC)cc23)cc1Cl,5.296708583831787,5.873750888824463,0.8689583874752767,0.6551724137931034,0.5770423049926761
rf,3241,COC(=O)Nc1ccc(Nc2ncnc3cc(OC)c(OC)cc23)cc1Cl.Cl,5.296708583831787,5.9153712997436525,0.8997308711655378,0.6521739130434783,0.6186627159118654
rf,3459,COCC(=O)Nc1cc2ncnc(Nc3cc(O)c(C)cc3F)c2cc1OC,6.522878646850586,7.112391353368759,1.2718600611098456,0.5833333333333334,0.5895127065181729
rf,3460,COCC(=O)Nc1cc2ncnc(Nc3ccc(Cl)cc3F)c2cc1OC,4.0,6.232392203807831,0.8486082133631061,0.6060606060606061,2.232392203807831
rf,3480,COCCCOc1cc2ncnc(Nc3c(F)ccc(O)c3C)c2cc1OC,5.0,5.14815891122818,0.5225915910949009,0.7619047619047619,0.1481589112281796
rf,3492,COCCN(Cc1cc2c(Nc3cccc(Cl)c3F)ncnc2cc1OC)[C@@H](C)C(N)=O,5.0,5.2359067463874815,0.8612822844278882,0.6470588235294118,0.23590674638748155
rf,3602,COCCOc1cc2ncnc(Nc3c(F)ccc(O)c3C)c2cc1OC,5.0,5.303325164238612,0.8217910786781606,0.7580645161290323,0.3033251642386121
rf,3603,COCCOc1cc2ncnc(Nc3cc(O)c(Cl)cc3F)c2cc1OC,8.698969841003418,7.851880086294809,0.9106248640757396,0.7288135593220338,0.8470897547086089
rf,3604,COCCOc1cc2ncnc(Nc3cc(O)c(Cl)cc3F)c2cc1OCCOC,7.221848964691162,7.784935572020213,0.9867718640244355,0.6779661016949152,0.5630866073290512
rf,3605,COCCOc1cc2ncnc(Nc3ccc(B(O)O)cc3)c2cc1OC,6.065501689910889,6.53626889336904,0.8448866346513868,0.5932203389830508,0.47076720345815115
rf,3606,COCCOc1cc2ncnc(Nc3ccc(B(O)O)cc3)c2cc1OCCOC,7.431798458099365,6.516076769955954,0.8402844626846775,0.5423728813559322,0.9157216881434111
rf,3607,COCCOc1cc2ncnc(Nc3ccc(Cl)cc3F)c2cc1OC,8.154901504516602,7.206936807155608,0.7574199704713047,0.75,0.9479646973609936
rf,3608,COCCOc1cc2ncnc(Nc3ccc(Cl)cc3F)c2cc1OCCOC,7.221848964691162,7.140078135331471,0.8244727130684848,0.7,0.08177082935969082
rf,3621,COCCOc1cc2ncnc(Nc3cccc(B(O)O)c3)c2cc1OC,6.744727611541748,6.546331002235412,0.7413835860172766,0.5645161290322581,0.19839660930633585
rf,3622,COCCOc1cc2ncnc(Nc3cccc(B(O)O)c3)c2cc1OCCOC,6.721246242523193,6.512580288887024,0.7414398959738464,0.5161290322580645,0.20866595363616902
rf,3623,COCCOc1cc2ncnc(Nc3cccc(O)c3)c2cc1OC,8.301030158996582,6.357244966506958,0.8342010858312584,0.5833333333333334,1.9437851924896243
rf,3647,COCCOc1ccc2c(Nc3cc(O)c(Cl)cc3F)ncnc2c1,6.823908805847168,6.907637806415558,1.2999598752935102,0.578125,0.08372900056838972
rf,3648,COCCOc1ccc2c(Nc3ccc(Cl)cc3F)ncnc2c1,6.823908805847168,6.682235176531473,0.9757010439899264,0.546875,0.1416736293156946
rf,3672,COCC[C@@H](C(N)=O)N(C)Cc1cc2c(Nc3cccc(Cl)c3F)ncnc2cc1OC,5.0,5.173281232833863,0.7289321035495886,0.6666666666666666,0.17328123283386265
rf,3690,COC[C@@H](C(N)=O)N(C)Cc1cc2c(Nc3cccc(Cl)c3F)ncnc2cc1OC,5.0,5.1422632489204405,0.7112851731208116,0.6626506024096386,0.1422632489204405
rf,4736,COc1cc2c(Nc3c(F)ccc(O)c3C)ncnc2cc1OCCCN,5.0,5.139361664772034,0.544927453827974,0.7619047619047619,0.13936166477203393
rf,4737,COc1cc2c(Nc3c(F)ccc(O)c3C)ncnc2cc1OCCCN(C)C,5.0,5.20863383102417,0.6523949842284964,0.7272727272727273,0.2086338310241702
rf,4746,COc1cc2c(Nc3c(F)ccc(O)c3C)ncnc2cc1OCCN,5.0,5.124117007255554,0.5268733100288071,0.7580645161290323,0.12411700725555441
rf,4747,COc1cc2c(Nc3c(F)ccc(O)c3C)ncnc2cc1OCCN(C)C,5.0,5.188419040679932,0.6262840873192762,0.7230769230769231,0.18841904067993198
rf,5392,COc1cc2nc(Cl)nc(Nc3ccc(C(=O)O)cc3)c2cc1OC,4.0,5.710796488761902,0.9609271537864881,0.5483870967741935,1.7107964887619023
rf,5393,COc1cc2nc(Cl)nc(Nc3ccc(C(N)=O)cc3)c2cc1OC,5.931814193725586,5.3240103918075565,0.8573631132933182,0.5396825396825397,0.6078038019180294
rf,5394,COc1cc2nc(Cl)nc(Nc3ccc(N(C)C)cc3)c2cc1OC,4.405607223510742,5.633782044410705,1.3330859226210992,0.5409836065573771,1.2281748208999632
rf,5395,COc1cc2nc(Cl)nc(Nc3ccc(NC(C)=O)cc3)c2cc1OC,5.701147079467773,5.915176952997844,0.9981410110193623,0.5483870967741935,0.21402987353007052
rf,5396,COc1cc2nc(Cl)nc(Nc3ccc(O)cc3)c2cc1OC,5.677780628204346,5.686042310805548,0.90210817987839,0.559322033898305,0.008261682601202303
rf,5397,COc1cc2nc(Cl)nc(Nc3ccc(S(=O)(=O)N(C)C)cc3)c2cc1OC,4.36351203918457,5.566317602348327,0.9086325801032802,0.6727272727272727,1.202805563163757
rf,5399,COc1cc2nc(Cl)nc(Nc3ccc(S(=O)(=O)O)cc3)c2cc1OC,4.0,5.649012070528666,0.9343628406065047,0.6440677966101694,1.6490120705286664
rf,5400,COc1cc2nc(Cl)nc(Nc3ccc(S(C)(=O)=O)cc3)c2cc1OC,4.0,5.5954677736282346,0.9687494641886528,0.6551724137931034,1.5954677736282346
rf,5401,COc1cc2nc(Cl)nc(Nc3ccc(S(N)(=O)=O)cc3)c2cc1OC,5.991399765014648,5.46744399023056,1.0085972020406928,0.6440677966101694,0.5239557747840884
rf,5566,COc1cc2ncnc(N(C)c3ccc(Br)cc3F)c2cc1OC,5.0,6.082406327088673,0.9813636514738614,0.4909090909090909,1.0824063270886732
rf,5567,COc1cc2ncnc(N(C)c3ccc(F)c(Cl)c3)c2cc1OC,5.0,5.920965390341622,1.1694194633286208,0.7142857142857143,0.920965390341622
rf,5570,COc1cc2ncnc(N(C)c3cccc(Br)c3)c2cc1OC,5.0,5.938995888233185,1.129002234987994,0.6181818181818182,0.938995888233185
rf,5572,COc1cc2ncnc(N(C)c3cccc(O)c3)c2cc1OC,5.188375473022461,5.984950651577541,1.1014905137559048,0.6481481481481481,0.7965751785550799
rf,5582,COc1cc2ncnc(Nc3c(Cl)ccc(O)c3C)c2cc1OC,5.0,5.747850356340408,0.8990175230058097,0.578125,0.7478503563404084
rf,5583,COc1cc2ncnc(Nc3c(Cl)ccc(O)c3Cl)c2cc1OC,5.426936149597168,5.839379514614741,0.7552345122327916,0.5423728813559322,0.41244336501757317
rf,5584,COc1cc2ncnc(Nc3c(Cl)ccc(O)c3F)c2cc1OC,6.179759502410889,5.898300154924392,0.7628698641478323,0.5409836065573771,0.28145934748649637
rf,5586,COc1cc2ncnc(Nc3c(F)ccc(O)c3C)c2cc1OC,5.0,5.644692863123757,0.8123122971561175,0.7413793103448276,0.6446928631237574
rf,5587,COc1cc2ncnc(Nc3c(F)ccc(O)c3Cl)c2cc1OC,5.613106727600098,5.757845715045929,0.8186732662873076,0.59375,0.14473898744583114
rf,5588,COc1cc2ncnc(Nc3c(F)ccc(O)c3F)c2cc1OC,6.637330055236816,5.778099255561829,0.8101302041930373,0.6129032258064516,0.8592307996749877
rf,5589,COc1cc2ncnc(Nc3cc(C)cc(O)c3)c2cc1OC,6.188375473022461,5.94020965903146,0.8076544074074921,0.5740740740740741,0.24816581399100102
rf,5590,COc1cc2ncnc(Nc3cc(Cl)ccc3Cl)c2cc1OCCC(=O)NO,5.899629592895508,6.167087476205826,0.6337183462465943,0.5652173913043478,0.2674578833103185
rf,5591,COc1cc2ncnc(Nc3cc(Cl)ccc3Cl)c2cc1OCCCC(=O)NO,5.669586181640625,6.104918632300695,0.637367227710459,0.6029411764705882,0.43533245066007
rf,5592,COc1cc2ncnc(Nc3cc(Cl)ccc3Cl)c2cc1OCCCCC(=O)NO,5.28399658203125,6.0636291355292,0.6297615242122211,0.6417910447761194,0.77963255349795
rf,5593,COc1cc2ncnc(Nc3cc(Cl)ccc3Cl)c2cc1OCCCCCC(=O)NO,5.610834121704102,6.055359654823938,0.6304584941102744,0.6567164179104478,0.4445255331198368
rf,5594,COc1cc2ncnc(Nc3cc(F)cc(O)c3C)c2cc1OC,5.114573955535889,5.774694789886475,0.8979946313427536,0.5087719298245614,0.660120834350586
rf,5595,COc1cc2ncnc(Nc3cc(O)c(C)cc3Cl)c2cc1OC,7.7695512771606445,6.542686603307724,1.2971813858542798,0.5454545454545454,1.226864673852921
rf,5596,COc1cc2ncnc(Nc3cc(O)c(C)cc3F)c2cc1OC,8.580574989318848,6.746446075677872,1.407220179248179,0.7,1.834128913640976
rf,5597,COc1cc2ncnc(Nc3cc(O)c(Cl)cc3Cl)c2cc1OC,7.188375473022461,5.896060397386551,0.9967616756232225,0.578125,1.2923150756359103
rf,5598,COc1cc2ncnc(Nc3cc(O)c(F)cc3F)c2cc1OC,8.022275924682617,6.008784645477931,1.0334372800237952,0.5873015873015873,2.013491279204686
rf,5599,COc1cc2ncnc(Nc3cc(O)cc(F)c3)c2cc1OC,6.882741451263428,6.001676955368405,0.8345390292876692,0.5818181818181818,0.8810644958950231
rf,5600,COc1cc2ncnc(Nc3cc(O)ccc3C)c2cc1OC,6.324875831604004,5.785648644856044,0.7228455131118118,0.5272727272727272,0.5392271867479597
rf,5601,COc1cc2ncnc(Nc3cc(O)ccc3Cl)c2cc1OC,6.884265422821045,5.865882544210979,0.6424164039560891,0.5737704918032787,1.0183828786100655
rf,5602,COc1cc2ncnc(Nc3cc(O)ccc3F)c2cc1OC,7.353871822357178,5.9059392534891755,0.9477472909561073,0.576271186440678,1.4479325688680023
rf,5608,COc1cc2ncnc(Nc3ccc(B(O)O)cc3)c2cc1OC,7.443697452545166,5.790122732162476,0.7160867781712552,0.64,1.6535747203826903
rf,5609,COc1cc2ncnc(Nc3ccc(Br)cc3)c2cc1OC,6.096909999847412,5.772135681152344,0.6199540560470846,0.7608695652173914,0.32477431869506823
rf,5610,COc1cc2ncnc(Nc3ccc(Br)cc3)c2cc1OCCCC(=O)NO,7.0087738037109375,6.041539049434662,0.5640365629639945,0.6923076923076923,0.9672347542762756
rf,5611,COc1cc2ncnc(Nc3ccc(Br)cc3)c2cc1OCCCCC(=O)NO,7.229147911071777,6.0219021637916565,0.5479372335176925,0.734375,1.2072457472801208
rf,5612,COc1cc2ncnc(Nc3ccc(Br)cc3)c2cc1OCCCCCC(=O)NO,6.973038196563721,6.015819434611002,0.5466273492886665,0.75,0.9572187619527188
rf,5613,COc1cc2ncnc(Nc3ccc(Br)cc3)c2cc1OCCCCCCC(=O)NO,7.130768299102783,6.015819434611002,0.5466273492886665,0.75,1.1149488644917813
rf,5614,COc1cc2ncnc(Nc3ccc(Br)cc3F)c2cc1OC,5.782516002655029,5.9507475883166,0.8419677336372792,0.7017543859649122,0.16823158566157037
rf,5615,COc1cc2ncnc(Nc3ccc(C)c(O)c3)c2cc1OC,7.744727611541748,6.120528084754944,1.157448110154425,0.6153846153846154,1.6241995267868043
rf,5616,COc1cc2ncnc(Nc3ccc(C)c(O)c3Cl)c2cc1OC,6.221848964691162,5.820252501487732,0.714368715932,0.532258064516129,0.4015964632034299
rf,5617,COc1cc2ncnc(Nc3ccc(C)cc3C)c2cc1OC,5.537601947784424,5.72277083158493,0.7647017028370271,0.6071428571428571,0.18516888380050656
rf,5619,COc1cc2ncnc(Nc3ccc(Cl)c(O)c3)c2cc1OC,7.097589492797852,6.185121517181397,1.1372295336523683,0.6363636363636364,0.9124679756164547
rf,5620,COc1cc2ncnc(Nc3ccc(Cl)cc3)c2cc1OC,6.096909999847412,5.679296783447265,0.6968333939704088,0.7659574468085106,0.4176132164001469
rf,5621,COc1cc2ncnc(Nc3ccc(Cl)cc3)c2cc1OCCCC(=O)NO,6.739928722381592,5.9431019240697225,0.5964184566856924,0.6716417910447762,0.7968267983118693
rf,5622,COc1cc2ncnc(Nc3ccc(Cl)cc3)c2cc1OCCCCC(=O)NO,6.6575775146484375,5.913183820851644,0.5865252306843247,0.7121212121212122,0.7443936937967939
rf,5623,COc1cc2ncnc(Nc3ccc(Cl)cc3)c2cc1OCCCCCC(=O)NO,6.50445556640625,5.909147100098927,0.5864698829413412,0.7272727272727273,0.5953084663073227
rf,5624,COc1cc2ncnc(Nc3ccc(Cl)cc3)c2cc1OCCCCCCC(=O)NO,6.6675615310668945,5.909147100098927,0.5864698829413412,0.7272727272727273,0.7584144309679672
rf,5625,COc1cc2ncnc(Nc3ccc(Cl)cc3Cl)c2cc1OCCC(=O)NO,6.431798458099365,6.047479762172701,0.6225194706262759,0.5616438356164384,0.38431869592666423
rf,5626,COc1cc2ncnc(Nc3ccc(Cl)cc3Cl)c2cc1OCCCC(=O)NO,6.86012077331543,5.993953068542481,0.6071955400841722,0.5972222222222222,0.8661677047729484
rf,5627,COc1cc2ncnc(Nc3ccc(Cl)cc3Cl)c2cc1OCCCCC(=O)NO,6.93930196762085,5.949755830383301,0.587349118410656,0.6338028169014085,0.9895461372375483
rf,5628,COc1cc2ncnc(Nc3ccc(Cl)cc3Cl)c2cc1OCCCCCC(=O)NO,7.07572078704834,5.94551161108017,0.5873398668434751,0.647887323943662,1.1302091759681696
rf,5629,COc1cc2ncnc(Nc3ccc(Cl)cc3Cl)c2cc1OCCCCCCC(=O)NO,7.07572078704834,5.94551161108017,0.5873398668434751,0.647887323943662,1.1302091759681696
rf,5630,COc1cc2ncnc(Nc3ccc(Cl)cc3F)c2cc1OC,6.411954402923584,5.808163252830505,0.7147582642137743,0.7884615384615384,0.6037911500930786
rf,5631,COc1cc2ncnc(Nc3ccc(F)c(Cl)c3)c2cc1B(O)O,6.0,5.66456383005778,0.6931588833392184,0.6842105263157895,0.3354361699422199
rf,5635,COc1cc2ncnc(Nc3ccc(F)c(Cl)c3)c2cc1OC,5.275723934173584,5.638358823776245,0.6269879461403318,0.7843137254901961,0.36263488960266077
rf,5636,COc1cc2ncnc(Nc3ccc(F)c(Cl)c3)c2cc1OCCCCCCC(=O)NO,7.0,5.81301725554996,0.7532745284668262,0.7,1.1869827444500398
rf,5638,COc1cc2ncnc(Nc3ccc(F)c(O)c3)c2cc1OC,6.793182373046875,5.860783191553752,0.9359913744509804,0.625,0.932399181493123
rf,5639,COc1cc2ncnc(Nc3ccc(F)c(O)c3F)c2cc1OC,5.983087062835693,5.733004275798797,0.6774249596064611,0.5932203389830508,0.250082787036896
rf,5640,COc1cc2ncnc(Nc3ccc(F)cc3)c2cc1OCCCC(=O)NO,6.424812316894531,6.069898781665166,0.612844245549405,0.6716417910447762,0.35491353522936553
rf,5641,COc1cc2ncnc(Nc3ccc(F)cc3)c2cc1OCCCCC(=O)NO,6.341988563537598,6.03719264178276,0.5896445113750495,0.7121212121212122,0.3047959217548373
rf,5642,COc1cc2ncnc(Nc3ccc(F)cc3)c2cc1OCCCCCC(=O)NO,6.28066873550415,6.032228498665492,0.5887604073586084,0.7272727272727273,0.24844023683865846
rf,5643,COc1cc2ncnc(Nc3ccc(F)cc3)c2cc1OCCCCCCC(=O)NO,6.568636417388916,6.032228498665492,0.5887604073586084,0.7272727272727273,0.5364079187234241
rf,5644,COc1cc2ncnc(Nc3ccc(F)cc3F)c2cc1OC,5.537601947784424,5.792381806334995,0.8659869679821068,0.625,0.25477985855057117
rf,5664,COc1cc2ncnc(Nc3ccc(NC(=O)OC(C)C)c(C)c3)c2cc1OC,5.279840469360352,6.032790871461232,0.9134051385701032,0.6027397260273972,0.7529504021008808
rf,5665,COc1cc2ncnc(Nc3ccc(NC(=O)OC(C)C)cc3)c2cc1OC,5.296708583831787,5.986929572232564,0.7848754084211489,0.6923076923076923,0.6902209884007773
rf,5686,COc1cc2ncnc(Nc3ccc(NC(C)=O)c(C)c3)c2cc1OC.Cl,5.0,6.005307694753011,0.8796998457321972,0.6142857142857143,1.0053076947530108
rf,5687,COc1cc2ncnc(Nc3ccc(NC(C)=O)cc3)c2cc1OC,5.0,5.916751727104187,0.7487234650053829,0.7659574468085106,0.9167517271041872
rf,5688,COc1cc2ncnc(Nc3ccc(O)cc3)c2cc1OC,5.552842140197754,5.811339521816799,0.6857533726177606,0.6808510638297872,0.258497381619045
rf,5697,COc1cc2ncnc(Nc3cccc(B(O)O)c3)c2cc1OC,6.408935546875,5.759064873695373,0.7098657405964386,0.6037735849056604,0.6498706731796267
rf,5698,COc1cc2ncnc(Nc3cccc(Br)c3)c2cc1OC,5.413552761077881,5.82538086271286,0.8008472296735278,0.6078431372549019,0.4118281016349794
rf,5699,COc1cc2ncnc(Nc3cccc(Br)c3)c2cc1OCCC(=O)NO,6.20412015914917,6.230834624052047,0.6036556562536177,0.6142857142857143,0.02671446490287721
rf,5700,COc1cc2ncnc(Nc3cccc(Br)c3)c2cc1OCCCC(=O)NO,6.3625102043151855,6.160046095132826,0.5984760706162857,0.6521739130434783,0.20246410918235913
rf,5701,COc1cc2ncnc(Nc3cccc(Br)c3)c2cc1OCCCCC(=O)NO,6.381951808929443,6.125659731149673,0.583854067651301,0.6911764705882353,0.25629207777977037
rf,5702,COc1cc2ncnc(Nc3cccc(Br)c3)c2cc1OCCCCCC(=O)NO,6.335358142852783,6.115983656167983,0.5850013675704874,0.7058823529411765,0.2193744866848002
rf,5703,COc1cc2ncnc(Nc3cccc(C(F)F)c3)c2cc1OC,5.0,5.753424419593811,0.7467573266553912,0.576271186440678,0.7534244195938111
rf,5704,COc1cc2ncnc(Nc3cccc(Cl)c3)c2cc1B(O)O,6.0,5.7369718815485635,0.6915187255186174,0.6379310344827587,0.2630281184514365
rf,5706,COc1cc2ncnc(Nc3cccc(Cl)c3)c2cc1OCCC(=O)NO,6.32239294052124,6.093720258712769,0.6107353248013588,0.6231884057971014,0.22867268180847145
rf,5707,COc1cc2ncnc(Nc3cccc(Cl)c3)c2cc1OCCCC(=O)NO,6.453457355499268,6.026282389005025,0.592105513779304,0.6428571428571429,0.4271749664942428
rf,5708,COc1cc2ncnc(Nc3cccc(Cl)c3)c2cc1OCCCCC(=O)NO,6.2125396728515625,5.98164581712087,0.5786234211275973,0.6811594202898551,0.23089385573069254
rf,5709,COc1cc2ncnc(Nc3cccc(Cl)c3)c2cc1OCCCCCC(=O)NO,6.300162315368652,5.977681437810261,0.578960212294326,0.6956521739130435,0.32248087755839094
rf,5710,COc1cc2ncnc(Nc3cccc(Cl)c3F)c2cc1CN(C(C)C)[C@@H](C)C(N)=O,5.0,4.9867101912498475,0.727839022775333,0.675,0.01328980875015251
rf,5716,COc1cc2ncnc(Nc3cccc(Cl)c3F)c2cc1CN(C)CC(N)=O,5.0,5.160997268199921,0.6800915953239005,0.7105263157894737,0.160997268199921
rf,5717,COc1cc2ncnc(Nc3cccc(Cl)c3F)c2cc1CN(C)[C@@H](C)C(N)=O,5.0,5.081042140483857,0.6076188815793857,0.7051282051282052,0.0810421404838566
rf,5718,COc1cc2ncnc(Nc3cccc(Cl)c3F)c2cc1CN(C)[C@@H](CN(C)C)C(N)=O,5.0,5.153775994777679,0.7079554579641802,0.6625,0.15377599477767934
rf,5719,COc1cc2ncnc(Nc3cccc(Cl)c3F)c2cc1CN(C)[C@@H](CO)C(N)=O,5.0,5.114723570346833,0.6592812703009474,0.6708860759493671,0.11472357034683256
rf,5720,COc1cc2ncnc(Nc3cccc(Cl)c3F)c2cc1CN(C)[C@H](C)C(=O)N(C)C,5.0,5.35558146572113,0.7973743017250181,0.6835443037974683,0.35558146572113003
rf,5721,COc1cc2ncnc(Nc3cccc(Cl)c3F)c2cc1CN(C)[C@H](C)C(N)=O,5.0,5.081042140483857,0.6076188815793857,0.7051282051282052,0.0810421404838566
rf,5722,COc1cc2ncnc(Nc3cccc(Cl)c3F)c2cc1CN(CCN(C)C)[C@@H](C)C(N)=O,5.0,5.196235610485077,0.7982168066099447,0.6626506024096386,0.19623561048507732
rf,5735,COc1cc2ncnc(Nc3cccc(Cl)c3F)c2cc1CN[C@H](C)C(N)=O,5.0,5.041449190139771,0.5441786941572848,0.6712328767123288,0.041449190139770664
rf,5737,COc1cc2ncnc(Nc3cccc(N)c3)c2cc1OC,5.1191864013671875,5.389703369140625,0.958347475640166,0.62,0.27051696777343714
rf,5741,COc1cc2ncnc(Nc3cccc(NS(C)(=O)=O)c3)c2cc1OC,5.0,5.677337610244751,0.7083570348970758,0.5925925925925926,0.6773376102447513
rf,5742,COc1cc2ncnc(Nc3cccc(O)c3)c2cc1OC,7.301030158996582,5.83114128439767,0.6776596552520976,0.64,1.4698888745989116
rf,5743,COc1cc2ncnc(Nc3cccc(O)c3Br)c2cc1OC,5.193608283996582,5.722191151618958,0.8769490321624615,0.5925925925925926,0.5285828676223758
rf,5744,COc1cc2ncnc(Nc3cccc(O)c3C#N)c2cc1OC,5.0,5.598874510288239,0.9486521958164452,0.5614035087719298,0.5988745102882387
rf,5745,COc1cc2ncnc(Nc3cccc(O)c3C(F)(F)F)c2cc1OC,5.0,5.583486151218414,0.9226357172589231,0.5614035087719298,0.5834861512184144
rf,5746,COc1cc2ncnc(Nc3cccc(O)c3C)c2cc1OC,5.0,5.5278346023559575,0.7592513273236782,0.6037735849056604,0.5278346023559575
rf,5747,COc1cc2ncnc(Nc3cccc(O)c3Cl)c2cc1OC,5.301030158996582,5.614276563008626,0.7073022005793409,0.5925925925925926,0.31324640401204373
rf,5748,COc1cc2ncnc(Nc3cccc(O)c3F)c2cc1OC,6.219449520111084,5.7004468097686765,0.8367948070790566,0.5925925925925926,0.5190027103424075
rf,5749,COc1cc2ncnc(Nc3cccc(O)c3O)c2cc1OC,5.441198825836182,5.560361536979675,0.6702737800225944,0.6153846153846154,0.11916271114349364
rf,5750,COc1cc2ncnc(Nc3cccc(O)c3OC)c2cc1OC,5.0,5.768650881290435,0.9815098905809915,0.6037735849056604,0.7686508812904354
rf,5753,COc1cc2ncnc(Nc3ccccc3)c2cc1OC,5.15490198135376,5.717964264392853,0.6870618381276176,0.7906976744186046,0.563062283039093
rf,5754,COc1cc2ncnc(Nc3ccccc3Br)c2cc1OCCCC(=O)NO,5.0,6.137342449220022,0.7049424131238894,0.6461538461538462,1.1373424492200224
rf,5755,COc1cc2ncnc(Nc3ccccc3Br)c2cc1OCCCCC(=O)NO,5.0,6.102575408776602,0.6853951979306285,0.6875,1.1025754087766018
rf,5756,COc1cc2ncnc(Nc3ccccc3Br)c2cc1OCCCCCC(=O)NO,5.0,6.092038153171539,0.6880519619375154,0.703125,1.092038153171539
rf,5757,COc1cc2ncnc(Nc3ccccc3Br)c2cc1OCCCCCCC(=O)NO,5.0,6.092038153171539,0.6880519619375154,0.703125,1.092038153171539
rf,5758,COc1cc2ncnc(Nc3ccccc3Cl)c2cc1OCCCC(=O)NO,6.067018985748291,6.062292891709011,0.6150645640237621,0.6363636363636364,0.004726094039280149
rf,5759,COc1cc2ncnc(Nc3ccccc3Cl)c2cc1OCCCCC(=O)NO,6.079876899719238,6.022427096382778,0.5943983671135699,0.676923076923077,0.05744980333646055
rf,5760,COc1cc2ncnc(Nc3ccccc3Cl)c2cc1OCCCCCC(=O)NO,6.164309501647949,6.011637329117458,0.5964891895427777,0.6923076923076923,0.15267217253049115
rf,5761,COc1cc2ncnc(Nc3ccccc3Cl)c2cc1OCCCCCCC(=O)NO,6.43889856338501,6.011637329117458,0.5964891895427777,0.6923076923076923,0.4272612342675517
rf,5762,COc1cc2ncnc(Nc3ccccc3F)c2cc1OC,5.568636417388916,5.857537969589234,0.9750823900923048,0.6111111111111112,0.28890155220031755
rf,5763,COc1cc2ncnc(Nc3ccccc3F)c2cc1OCCCC(=O)NO,6.062983989715576,6.372236412228478,0.9289634300492399,0.6363636363636364,0.30925242251290186
rf,5764,COc1cc2ncnc(Nc3ccccc3F)c2cc1OCCCCC(=O)NO,6.07572078704834,6.300321729585859,0.8937213187725753,0.676923076923077,0.22460094253751883
rf,5765,COc1cc2ncnc(Nc3ccccc3F)c2cc1OCCCCCC(=O)NO,6.0371575355529785,6.301204876825544,0.893623032285594,0.6923076923076923,0.26404734127256546
rf,5766,COc1cc2ncnc(Nc3ccccc3F)c2cc1OCCCCCCC(=O)NO,6.122628688812256,6.301204876825544,0.893623032285594,0.6923076923076923,0.17857618801328812
rf,5767,COc1cc2ncnc(Nc3ccccc3O)c2cc1OC,5.0,5.545812273979187,0.6807521525084445,0.625,0.5458122739791866
rf,6161,COc1ccc(N(C)c2nc(C)nc3ccccc23)cc1,8.07572078704834,6.919395058631897,0.9982786052382325,0.6382978723404256,1.1563257284164425
rf,6166,COc1ccc(N(C)c2nc(Cl)nc3ccccc23)cc1,7.010995388031006,6.3306347980499265,1.233152284480927,0.4716981132075472,0.6803605899810794
rf,6289,COc1ccc(Nc2ncnc3cc(OC)c(OC)cc23)cc1O,6.822657585144043,6.023514081954956,1.0721067740786066,0.6363636363636364,0.7991435031890868
rf,6534,COc1cccc(Nc2ncnc3cc(OC)c(OC)cc23)c1,5.318758964538574,5.735933405399322,0.6609594964973536,0.7551020408163265,0.41717444086074806
rf,6723,CSc1ccc(N(C)c2nc(C)nc3ccccc23)cc1,7.8326826095581055,6.955736896912257,1.0009544733557223,0.54,0.8769457126458482
rf,9457,Fc1ccc(Nc2ncnc3ccccc23)cc1Cl,5.0,5.4579566674232485,0.6113364793221836,0.6086956521739131,0.4579566674232485
rf,11575,OB(O)c1ccc2ncnc(Nc3ccc(F)c(Cl)c3)c2c1,6.0,5.573700329462688,0.6163380131109754,0.5789473684210527,0.4262996705373121
rf,11576,OB(O)c1ccc2ncnc(Nc3cccc(Cl)c3)c2c1,6.0,5.730740432421367,0.6082032373774338,0.5636363636363636,0.2692595675786329
rf,0,Br.COc1cc(OC)cc(N(CCP(=O)(O)O)c2ccc3ncc(-c4cnn(C)c4)nc3c2)c1,5.0,5.320333124160767,0.4542946267077788,0.7121212121212122,0.32033312416076676
rf,11,C#CCN(c1cc(OC)cc(OC)c1)c1ccc2ncc(-c3cnn(C)c3)nc2c1,5.139999866485596,5.01471167620023,0.06455304836640269,0.7868852459016393,0.12528819028536553
rf,13,C#CCN(c1ccc2ncc(-c3cnn(C)c3)nc2c1)c1c(Cl)c(OC)cc(OC)c1Cl,5.309999942779541,5.37162799112002,0.3697247173370404,0.6052631578947368,0.06162804834047897
rf,14,C#CCN(c1ccc2ncc(-c3cnn(C)c3)nc2c1)c1c(F)c(OC)cc(OC)c1F,6.199998378753662,5.961396821101507,0.45948200052715527,0.7428571428571429,0.23860155765215474
rf,295,C=CCN(c1cc(F)cc(OC)c1)c1ccc2ncc(-c3cnn(C)c3)nc2c1,5.180000305175781,5.091712752310434,0.20785656155264295,0.6714285714285714,0.08828755286534751
rf,296,C=CCN(c1cc(OC)cc(OC)c1)c1ccc2ncc(-c3cnn(C)c3)nc2c1,5.5500006675720215,5.073096773115793,0.15653861902417943,0.75,0.4769038944562283
rf,753,CC(C)NCCN(c1cc(Cl)cc(Cl)c1)c1ccc2ncc(-c3cnn(C)c3)nc2c1,5.210000038146973,5.713494498252869,0.4279264628686313,0.6712328767123288,0.5034944601058964
rf,1258,CCCN(c1cc(OC)cc(OC)c1)c1ccc2ncc(-c3cnn(C)c3)nc2c1,6.659992218017578,5.2420337266922,0.33152127453351954,0.7966101694915254,1.4179584913253782
rf,1353,CCCn1cc(-c2cnc3ccc(N(CCN)c4cc(OC)cc(OC)c4)cc3n2)cn1.Cl,5.679999351501465,5.505919407606125,0.5083194938922765,0.7183098591549296,0.17407994389533954
rf,1395,CCN(CC)CCN(c1cc(OC)cc(OC)c1)c1ccc2ncc(-c3cnn(C)c3)nc2c1,5.760000228881836,5.219079769134521,0.31281851038696656,0.7868852459016393,0.5409204597473147
rf,1490,CCN(CCN(c1cc(OC)cc(OC)c1)c1ccc2ncc(-c3cnn(C)c3)nc2c1)C(C)C.Cl,6.160000801086426,5.422562071323394,0.37181424736593854,0.7272727272727273,0.7374387297630314
rf,1505,CCN(c1cc(OC)cc(OC)c1)c1ccc2ncc(-c3cnn(C)c3)nc2c1,5.789999961853027,5.003651459693908,0.08525239661052694,0.7931034482758621,0.786348502159119
rf,1508,CCN(c1ccc2ncc(-c3cnn(C)c3)nc2c1)c1cc(OC)cc(OC)c1Cl,7.309981346130371,5.225854848337173,0.41359028267711573,0.6376811594202898,2.084126497793198
rf,1652,CCNCCN(c1cc(OC)cc(OC)c1)c1ccc2ncc(-c3cnn(C)c3)nc2c1,5.340000152587891,5.407277811050415,0.4605746050976554,0.8125,0.06727765846252431
rf,1706,CCOC(=O)CN(c1cc(OC)cc(OC)c1)c1ccc2ncc(-c3cnn(C)c3)nc2c1,5.0,5.001253329277039,0.2290332102836712,0.75,0.001253329277038695
rf,1825,CCOCCN(c1cc(OC)cc(OC)c1)c1ccc2ncc(-c3cnn(C)c3)nc2c1,5.259999752044678,5.249008881568908,0.36493725998325866,0.746031746031746,0.010990870475769299
rf,1850,CCOc1cc(F)cc(N(CCN)c2ccc3ncc(-c4cnn(C)c4)nc3c2)c1,5.039999961853027,5.36699559879303,0.4575811119315582,0.6164383561643836,0.3269956369400022
rf,1851,CCOc1cc(F)cc(N(CCO)c2ccc3ncc(-c4cnn(C)c4)nc3c2)c1,5.329999923706055,5.3513344449996945,0.5049675108907131,0.5915492957746479,0.021334521293639774
rf,1911,CCS(=O)(=O)NCCN(c1cc(OC)cc(OC)c1)c1ccc2ncc(-c3cnn(C)c3)nc2c1,6.090000152587891,5.321687376976013,0.3656892559058119,0.7352941176470589,0.7683127756118777
rf,1972,CCc1c(-c2cnc3ccc(N(CCNC(C)C)c4cc(OC)cc(OC)c4)cc3n2)cnn1C.Cl,5.75,6.134519397195181,1.0871644469350286,0.6125,0.3845193971951808
rf,1973,CCc1c(-c2cnc3ccc(N(CCNCC(F)(F)F)c4cc(OC)cc(OC)c4)cc3n2)cnn1C,5.089999675750732,6.002806459267934,1.1103147373588225,0.5375,0.912806783517202
rf,1974,CCc1c(-c2cnc3ccc(N(CCO)c4cc(OC)cc(OC)c4)cc3n2)cnn1C,5.369999408721924,6.001575521310171,1.0702871985303528,0.581081081081081,0.6315761125882471
rf,2093,CCn1cc(-c2cnc3ccc(N(CCN)c4cc(OC)cc(OC)c4)cc3n2)cn1,5.589999198913574,5.387078660011292,0.45473214686842384,0.7246376811594203,0.20292053890228257
rf,2094,CCn1cc(-c2cnc3ccc(N(CCNC(C)C)c4cc(OC)cc(OC)c4)cc3n2)cn1.Cl,5.820000171661377,5.7223868937492375,0.35731663107552614,0.7567567567567568,0.09761327791213947
rf,2096,CCn1cc(-c2cnc3ccc(N(CCNC)c4cc(OC)cc(OC)c4)cc3n2)cn1,5.62999963760376,5.374500219345093,0.4301358634155205,0.7323943661971831,0.2554994182586672
rf,2646,CNC(=O)CN(c1cc(OC)cc(OC)c1)c1ccc2ncc(-c3cnn(C)c3)nc2c1,5.0,5.048018679618836,0.334811922983448,0.7681159420289855,0.04801867961883577
rf,2651,CNC(=O)Cn1cc(-c2cnc3ccc(N(CCCN)c4cc(OC)cc(OC)c4)cc3n2)cn1,5.150000095367432,5.51638650226593,0.46697468789983965,0.6756756756756757,0.36638640689849833
rf,2653,CNC(=O)Cn1cc(-c2cnc3ccc(N(CCCNC(C)C)c4cc(OC)cc(OC)c4)cc3n2)cn1,5.250000476837158,5.626603880882263,0.38571704172457993,0.6746987951807228,0.3766034040451052
rf,2654,CNC(=O)Cn1cc(-c2cnc3ccc(N(CCCO)c4cc(OC)cc(OC)c4)cc3n2)cn1,5.559999942779541,5.426441130638122,0.413165941681492,0.625,0.13355881214141885
rf,2655,CNC(=O)Cn1cc(-c2cnc3ccc(N(CCNC(C)C)c4cc(OC)cc(OC)c4)cc3n2)cn1.Cl,5.390000343322754,5.686176542282104,0.41659754358915935,0.7037037037037037,0.2961761989593503
rf,2656,CNC(=O)Cn1cc(-c2cnc3ccc(N(CCO)c4cc(OC)cc(OC)c4)cc3n2)cn1,5.559999942779541,5.380565323829651,0.5599826663512015,0.6351351351351351,0.1794346189498901
rf,2674,CNC(=O)OCCN(c1cc(OC)cc(OC)c1)c1ccc2ncc(-c3cnn(C)c3)nc2c1,5.259999752044678,5.397162040710449,0.4428541859991387,0.7083333333333334,0.1371622886657713
rf,2691,CNC(=O)c1cc(F)cc(N(CC(C)(C)O)c2ccc3ncc(-c4cnn(C)c4)nc3c2)c1,7.019996643066406,5.20558197037379,0.5167310632218429,0.4878048780487805,1.8144146726926165
rf,2694,CNC(=O)c1cc(F)cc(N(CCNC(C)C)c2ccc3ncc(-c4cnn(C)c4)nc3c2)c1,7.960189342498779,5.662989818255106,0.46862013975953204,0.5833333333333334,2.2971995242436734
rf,2695,CNC(=O)c1cc(F)cc(N(CCO)c2ccc3ncc(-c4cnn(C)c4)nc3c2)c1,6.290001392364502,5.394319681803385,0.5436046646905794,0.5542168674698795,0.8956817105611172
rf,2698,CNC(=O)c1cc(OC)cc(N(CC(C)(C)O)c2ccc3ncc(-c4cnn(C)c4)nc3c2)c1,6.719991207122803,5.138911186615626,0.41759157515153833,0.6164383561643836,1.5810800205071764
rf,2699,CNC(=O)c1cc(OC)cc(N(CC(O)CO)c2ccc3ncc(-c4cnn(C)c4)nc3c2)c1,5.0,5.420290256897608,0.505882578511671,0.6538461538461539,0.4202902568976077
rf,2705,CNC(=O)c1cc(OC)cc(N(CCCO)c2ccc3ncc(-c4cnn(CCO)c4)nc3c2)c1,5.0,5.451098535219828,0.41647832498390475,0.6666666666666666,0.45109853521982757
rf,2706,CNC(=O)c1cc(OC)cc(N(CCN)c2ccc3ncc(-c4cnn(C)c4)nc3c2)c1,5.250000476837158,5.41073069636027,0.50437816517954,0.65,0.16073021952311173
rf,2707,CNC(=O)c1cc(OC)cc(N(CCNC(C)C)c2ccc3ncc(-c4cnn(C(C)C)c4)nc3c2)c1,6.9399824142456055,5.607879772822062,0.4514733643600979,0.6075949367088608,1.3321026414235435
rf,2708,CNC(=O)c1cc(OC)cc(N(CCNC(C)C)c2ccc3ncc(-c4cnn(C)c4)nc3c2)c1,5.909999370574951,5.585946567217508,0.4515963284052126,0.6582278481012658,0.3240528033574428
rf,2709,CNC(=O)c1cc(OC)cc(N(CCO)c2ccc3ncc(-c4cnn(CCOC)c4)nc3c2)c1,5.6399993896484375,5.376316668192545,0.5407177100913765,0.5975609756097561,0.26368272145589255
rf,2915,CNCC(O)CN(c1cc(OC)cc(OC)c1)c1ccc2ncc(-c3cnn(C)c3)nc2c1,5.8000006675720215,5.550029904015859,0.5752596986751727,0.7536231884057971,0.24997076355616255
rf,2916,CNCC(O)CN(c1cc(OC)cc(OC)c1)c1ccc2ncc(-c3cnn(C)c3)nc2c1.Cl,5.779999256134033,5.623566770044963,0.6712724090496187,0.7428571428571429,0.15643248608907
rf,2917,CNCCCN(c1cc(OC)cc(OC)c1)c1ccc2ncc(-c3cnn(C)c3)nc2c1,6.239999771118164,5.412594948768616,0.32767437643329717,0.7538461538461538,0.827404822349548
rf,2920,CNCCN(c1cc(F)cc(OC)c1)c1ccc2ncc(-c3cnn(C)c3)nc2c1,5.529999732971191,5.328920438766479,0.4149284456132029,0.7,0.20107929420471216
rf,2921,CNCCN(c1cc(OC)cc(OC)c1)c1ccc2ncc(-c3cn[nH]c3)nc2c1,5.0,5.339503432273864,0.43263338348804775,0.703125,0.33950343227386437
rf,2922,CNCCN(c1cc(OC)cc(OC)c1)c1ccc2ncc(-c3cnn(C(C)C)c3)nc2c1.Cl,5.59999942779541,5.560787824249268,0.45126811962325136,0.6666666666666666,0.03921160354614184
rf,2923,CNCCN(c1cc(OC)cc(OC)c1)c1ccc2ncc(-c3cnn(C)c3)nc2c1,5.0,5.331452835083008,0.4141608685073208,0.78125,0.3314528350830077
rf,2924,CNCCN(c1cc(OC)cc(OC)c1)c1ccc2ncc(-c3cnn(CC(=O)NC)c3)nc2c1,5.239999771118164,5.384376173019409,0.46539109891302755,0.6842105263157895,0.144376401901245
rf,2925,CNCCN(c1cc(OC)cc(OC)c1)c1ccc2ncc(-c3cnn(CC(=O)NC)c3)nc2c1.Cl,5.0,5.480349290847778,0.46894686002654,0.6973684210526315,0.4803492908477782
rf,2927,CNCCN(c1cc(OC)cc(OC)c1)c1ccc2ncc(-c3cnn(CCO)c3)nc2c1,5.0,5.436736443519592,0.45151500400979155,0.7027027027027027,0.4367364435195924
rf,2928,CNCCN(c1cc(OC)cc(OC)c1)c1ccc2ncc(-c3cnn(CCS(C)(=O)=O)c3)nc2c1,5.0,5.465176356315613,0.6913547679372954,0.6666666666666666,0.46517635631561305
rf,2929,CNCCN(c1cc(OC)cc(OCCO)c1)c1ccc2ncc(-c3cnn(C)c3)nc2c1.Cl,5.0,5.492381534194947,0.4727019834703267,0.7183098591549296,0.4923815341949469
rf,2940,CNC[C@@H](O)CN(c1cc(OC)cc(OC)c1)c1ccc2ncc(-c3cnn(C)c3)nc2c1,5.879999160766602,5.550029904015859,0.5752596986751727,0.7536231884057971,0.3299692567507426
rf,2941,CNC[C@H](O)CN(c1cc(OC)cc(OC)c1)c1ccc2ncc(-c3cnn(C)c3)nc2c1,5.959999084472656,5.550029904015859,0.5752596986751727,0.7536231884057971,0.4099691804567973
rf,3434,COC/C(CN(c1cc(OC)cc(OC)c1)c1ccc2ncc(-c3cnn(C)c3)nc2c1)=N/O,5.21999979019165,5.071507250070572,0.21354093723823656,0.6857142857142857,0.1484925401210786
rf,3435,COC/C(CN(c1cc(OC)cc(OC)c1)c1ccc2ncc(-c3cnn(C)c3)nc2c1)=N\O,5.369999408721924,5.071507250070572,0.21354093723823656,0.6857142857142857,0.29849215865135204
rf,3464,COCC(O)CN(c1cc(OC)cc(OC)c1)c1ccc2ncc(-c3cnn(C(C)C)c3)nc2c1,5.369999408721924,5.412064813931783,0.4250966824821954,0.6351351351351351,0.04206540520985946
rf,3465,COCC(O)CN(c1cc(OC)cc(OC)c1)c1ccc2ncc(-c3cnn(C(C)C)c3)nc2c1.Cl,5.369999408721924,5.437514862378439,0.423356032985637,0.6266666666666667,0.06751545365651523
rf,3466,COCC(O)CN(c1cc(OC)cc(OC)c1)c1ccc2ncc(-c3cnn(C)c3)nc2c1,5.259999752044678,5.416262685139975,0.4299559124078148,0.7761194029850746,0.15626293309529693
rf,3496,COCCN(c1cc(OC)cc(OC)c1)c1ccc2ncc(-c3cnn(C)c3)nc2c1,5.34999942779541,5.2480606269836425,0.37342148926744073,0.7833333333333333,0.10193880081176765
rf,3497,COCCN(c1cccc(OC)c1)c1ccc2ncc(-c3cnn(C)c3)nc2c1,5.0,5.233766067504883,0.38010437396845426,0.6923076923076923,0.2337660675048827
rf,3508,COCCNC(=O)CN(c1cc(OC)cc(OC)c1)c1ccc2ncc(-c3cnn(C)c3)nc2c1,5.0,5.122350504398346,0.2566811153800711,0.8142857142857143,0.12235050439834616
rf,3693,COC[C@@H](CN(c1cc(OC)cc(OC)c1)c1ccc2ncc(-c3cnn(C)c3)nc2c1)OC(C)=O,5.079999923706055,5.222926755905151,0.4149175044092579,0.6805555555555556,0.1429268321990964
rf,3695,COC[C@@H](O)CN(c1cc(OC)cc(OC)c1)c1ccc2ncc(-c3cnn(C(C)C)c3)nc2c1.Cl,5.489999771118164,5.437514862378439,0.423356032985637,0.6266666666666667,0.052484908739725
rf,3696,COC[C@@H](O)CN(c1cc(OC)cc(OC)c1)c1ccc2ncc(-c3cnn(CCCN)c3)nc2c1.Cl,5.159999847412109,5.504413719177246,0.4092261084144325,0.6075949367088608,0.3444138717651368
rf,3700,COC[C@H](CN(c1cc(OC)cc(OC)c1)c1ccc2ncc(-c3cnn(C)c3)nc2c1)OC(C)=O,5.159999847412109,5.222926755905151,0.4149175044092579,0.6805555555555556,0.06292690849304172
rf,3702,COC[C@H](O)CN(c1cc(OC)cc(OC)c1)c1ccc2ncc(-c3cnn(C(C)C)c3)nc2c1.Cl,5.489999771118164,5.437514862378439,0.423356032985637,0.6266666666666667,0.052484908739725
rf,3703,COC[C@H](O)CN(c1cc(OC)cc(OC)c1)c1ccc2ncc(-c3cnn(CCCN)c3)nc2c1.Cl,5.170000076293945,5.504413719177246,0.4092261084144325,0.6075949367088608,0.3344136428833009
rf,3961,COc1cc(F)cc(N(CCCNC(C)C)c2ccc3ncc(-c4cnn(C)c4)nc3c2)c1,5.5500006675720215,5.622206643104553,0.3618097037521911,0.6756756756756757,0.0722059755325315
rf,3962,COc1cc(F)cc(N(CCCNCC(F)(F)F)c2ccc3ncc(-c4cnn(C)c4)nc3c2)c1,5.0,5.406124523162842,0.35795286043503255,0.6455696202531646,0.4061245231628421
rf,3963,COc1cc(F)cc(N(CCCO)c2ccc3ncc(-c4cnn(C)c4)nc3c2)c1,5.239999771118164,5.393264337539673,0.3271198280734251,0.7162162162162162,0.15326456642150887
rf,3964,COc1cc(F)cc(N(CCCO)c2ccc3ncc(-c4cnn(CCO)c4)nc3c2)c1,5.119999885559082,5.437866240501404,0.39045928177524497,0.6447368421052632,0.3178663549423222
rf,3965,COc1cc(F)cc(N(CCN)c2ccc3ncc(-c4cnn(C)c4)nc3c2)c1,5.130000114440918,5.345852363586426,0.44304844519552794,0.696969696969697,0.2158522491455077
rf,3966,COc1cc(F)cc(N(CCNC(C)C)c2ccc3ncc(-c4cn[nH]c4)nc3c2)c1.Cl,5.710000991821289,5.657791882801056,0.4337721376602182,0.6388888888888888,0.052209109020233235
rf,3967,COc1cc(F)cc(N(CCNC(C)C)c2ccc3ncc(-c4cnn(C)c4)nc3c2)c1,5.789999961853027,5.630830379486084,0.4316094677669242,0.6973684210526315,0.15916958236694345
rf,3968,COc1cc(F)cc(N(CCO)c2ccc3ncc(-c4cn[nH]c4)nc3c2)c1,5.0,5.368233430862427,0.5634513847552047,0.6470588235294118,0.36823343086242666
rf,3969,COc1cc(F)cc(N(CCO)c2ccc3ncc(-c4cnn(CCO)c4)nc3c2)c1,5.340000152587891,5.397003291130066,0.5346504419703959,0.6621621621621622,0.05700313854217498
rf,3973,COc1cc(N(CCCN)c2ccc3ncc(-c4cnn(C)c4)nc3c2)cc(OC)c1C(O)C(F)(F)F,5.0,5.552416619300843,0.44755351953452394,0.5949367088607594,0.5524166193008426
rf,3974,COc1cc(N(CCCNCC(F)(F)F)c2ccc3ncc(-c4cnn(C)c4)nc3c2)cc(F)c1F.Cl,5.0,5.500433265447617,0.4117923952322918,0.573170731707317,0.5004332654476169
rf,3994,COc1cc(Nc2ccc3ncc(-c4cnn(C)c4)nc3c2)cc(OC)c1,6.251811981201172,5.236544980076381,0.6213015495791114,0.6333333333333333,1.0152670011247906
rf,4074,COc1cc(O)cc(N(CCCNCC(F)(F)F)c2ccc3ncc(-c4cn[nH]c4)nc3c2)c1.Cl,5.0,6.1954085911115016,0.9520530922263958,0.5769230769230769,1.1954085911115016
rf,4075,COc1cc(O)cc(N(CCCNCC(F)(F)F)c2ccc3ncc(-c4cnn(C)c4)nc3c2)c1,5.269999980926514,6.363364906724294,0.937606774013923,0.6493506493506493,1.09336492579778
rf,4076,COc1cc(O)cc(N(CCCO)c2ccc3ncc(-c4cn[nH]c4)nc3c2)c1,5.180000305175781,6.243929197311402,0.9624018406894987,0.6376811594202898,1.0639288921356211
rf,4077,COc1cc(O)cc(N(CCN)c2ccc3ncc(-c4cnn(C)c4)nc3c2)c1,5.0,6.4420766185124725,0.9552357495509215,0.696969696969697,1.4420766185124725
rf,4078,COc1cc(O)cc(N(CCNC(C)C)c2ccc3ncc(-c4cn[nH]c4)nc3c2)c1.Cl,5.0,6.328350232760112,0.938210021327581,0.6388888888888888,1.328350232760112
rf,4079,COc1cc(O)cc(N(CCNC(C)C)c2ccc3ncc(-c4cnn(C)c4)nc3c2)c1,5.8299994468688965,6.590753554344177,0.8936126402583311,0.6973684210526315,0.7607541074752806
rf,4080,COc1cc(O)cc(N(CCO)c2ccc3ncc(-c4cnn(C)c4)nc3c2)c1,5.589999198913574,6.457586753209433,0.978386664513694,0.7076923076923077,0.8675875542958584
rf,4084,COc1cc(OC)c(C)c(N(CCNC(C)C)c2ccc3ncc(-c4cnn(C)c4)nc3c2)c1.Cl,6.399996757507324,5.6129057494322465,0.6062333506226888,0.6708860759493671,0.7870910080750777
rf,4085,COc1cc(OC)c(C)c(N(CCO)c2ccc3ncc(-c4cnn(C)c4)nc3c2)c1,5.840000152587891,5.4012936208566025,0.5649270473822933,0.6056338028169014,0.43870653173128815
rf,4110,COc1cc(OC)c(Cl)c(N(CCNC(C)C)c2ccc3ncc(-c4cnn(C)c4)nc3c2)c1.Cl,6.959991455078125,5.689052788368862,0.5997457700979231,0.6625,1.270938666709263
rf,4111,COc1cc(OC)c(Cl)c(N(CCNC(C)C)c2ccc3ncc(-c4cnn(C)c4)nc3c2)c1Cl,6.329995632171631,5.63048750225703,0.4469417841041659,0.6842105263157895,0.6995081299146007
rf,4112,COc1cc(OC)c(Cl)c(N(CCO)c2ccc3ncc(-c4cnn(C)c4)nc3c2)c1,6.744993209838867,5.445333795340855,0.5707767232839136,0.6133333333333333,1.299659414498012
rf,4113,COc1cc(OC)c(Cl)c(N(CCO)c2ccc3ncc(-c4cnn(C)c4)nc3c2)c1.Cl,7.680061340332031,5.524589684995016,0.6557329653904882,0.6052631578947368,2.1554716553370152
rf,4114,COc1cc(OC)c(Cl)c(N(CCO)c2ccc3ncc(-c4cnn(C)c4)nc3c2)c1Cl,5.729999542236328,5.453985902150473,0.5066576737133895,0.5774647887323944,0.27601364008585527
rf,4124,COc1cc(OC)c(F)c(N(CCCNCC(F)(F)F)c2ccc3ncc(-c4cnn(C)c4)nc3c2)c1F,6.610001564025879,5.6612705169518796,0.49008304337940317,0.5975609756097561,0.9487310470739994
rf,4129,COc1cc(OC)c(F)c(N(CCNC(C)C)c2ccc3ncc(-c4cnn(C)c4)nc3c2)c1F,7.609948635101318,5.81996557545662,0.4477628814703367,0.7285714285714285,1.7899830596446984
rf,4131,COc1cc(OC)c(F)c(N(CCO)c2ccc3ncc(-c4cnn(C)c4)nc3c2)c1F,6.869987964630127,5.668148048003515,0.5610793136876829,0.6712328767123288,1.2018399166266116
rf,4192,COc1cc(OC)cc(N(C)c2ccc3ncc(-c4cnn(C)c4)nc3c2)c1,6.060001850128174,5.268505800592331,0.43852062384597434,0.7068965517241379,0.7914960495358425
rf,4193,COc1cc(OC)cc(N(C/C(=N/O)C(C)C)c2ccc3ncc(-c4cnn(C)c4)nc3c2)c1,5.0,5.082157954454422,0.24471659329949103,0.6911764705882353,0.08215795445442176
rf,4194,COc1cc(OC)cc(N(C/C(=N\O)C(C)C)c2ccc3ncc(-c4cnn(C)c4)nc3c2)c1,5.329999923706055,5.082157954454422,0.24471659329949103,0.6911764705882353,0.24784196925163293
rf,4195,COc1cc(OC)cc(N(C/C(C)=N/O)c2ccc3ncc(-c4cnn(C)c4)nc3c2)c1,5.309999942779541,5.052400788545609,0.24353125590779043,0.7164179104477612,0.2575991542339322
rf,4196,COc1cc(OC)cc(N(C/C(C)=N\O)c2ccc3ncc(-c4cnn(C)c4)nc3c2)c1,5.239999771118164,5.052400788545609,0.24353125590779043,0.7164179104477612,0.18759898257255525
rf,4203,COc1cc(OC)cc(N(CC#CC(C)(C)O)c2ccc3ncc(-c4cnn(C)c4)nc3c2)c1,5.139999866485596,5.099336296081543,0.37207486402512957,0.7575757575757576,0.04066357040405233
rf,4213,COc1cc(OC)cc(N(CC#CCO)c2ccc3ncc(-c4cnn(C)c4)nc3c2)c1,5.689999580383301,5.018226689338684,0.09378063998227258,0.7936507936507936,0.6717728910446166
rf,4263,COc1cc(OC)cc(N(CC(=O)NC(C)C)c2ccc3ncc(-c4cnn(C)c4)nc3c2)c1,5.0,5.050419456481934,0.21966265399054216,0.7605633802816901,0.0504194564819338
rf,4264,COc1cc(OC)cc(N(CC(=O)NCCN)c2ccc3ncc(-c4cnn(C)c4)nc3c2)c1.Cl,5.0,5.111455160617829,0.2971388090504356,0.8028169014084507,0.11145516061782867
rf,4266,COc1cc(OC)cc(N(CC(=O)NCCO)c2ccc3ncc(-c4cnn(C)c4)nc3c2)c1,5.0,5.096044816493988,0.23751116908776404,0.8260869565217391,0.096044816493988
rf,4271,COc1cc(OC)cc(N(CC(=O)O)c2ccc3ncc(-c4cnn(C)c4)nc3c2)c1.Cl,5.0,5.07942021560669,0.2502629246345132,0.78125,0.07942021560668966
rf,4272,COc1cc(OC)cc(N(CC(C)(C)O)c2ccc3ncc(-c4cn[nH]c4)nc3c2)c1,5.089999675750732,5.054172986984253,0.2299836626246864,0.6515151515151515,0.03582668876647954
rf,4273,COc1cc(OC)cc(N(CC(C)(C)O)c2ccc3ncc(-c4cnn(C)c4)nc3c2)c1,5.239999771118164,5.027516645431518,0.1466791332233286,0.7540983606557377,0.21248312568664574
rf,4274,COc1cc(OC)cc(N(CC(C)C)c2ccc3ncc(-c4cnn(C)c4)nc3c2)c1,5.959999084472656,5.216666878700257,0.37910958990851656,0.75,0.7433322057723997
rf,4275,COc1cc(OC)cc(N(CC(C)N)c2ccc3ncc(-c4cnn(C)c4)nc3c2)c1,5.460000038146973,5.292163320541382,0.38171577767175885,0.7258064516129032,0.16783671760559038
rf,4276,COc1cc(OC)cc(N(CC(C)NC(C)C)c2ccc3ncc(-c4cnn(C)c4)nc3c2)c1.Cl,5.570000648498535,5.3294605020523065,0.527407248289153,0.7014925373134329,0.24054014644622868
rf,4277,COc1cc(OC)cc(N(CC(C)NCC(F)(F)F)c2ccc3ncc(-c4cnn(C)c4)nc3c2)c1,5.0,5.268963582388559,0.43908025909393983,0.6666666666666666,0.268963582388559
rf,4278,COc1cc(OC)cc(N(CC(C)O)c2ccc3ncc(-c4cnn(C)c4)nc3c2)c1,5.450000286102295,5.2593789339065555,0.39552916222396045,0.7575757575757576,0.1906213521957394
rf,4279,COc1cc(OC)cc(N(CC(F)CN)c2ccc3ncc(-c4cnn(C)c4)nc3c2)c1,5.929998874664307,5.307383197784424,0.44441425500359877,0.7,0.6226156768798825
rf,4280,COc1cc(OC)cc(N(CC(N)=O)c2ccc3ncc(-c4cnn(C)c4)nc3c2)c1,5.0,5.045515674591065,0.21255789653581408,0.78125,0.04551567459106476
rf,4281,COc1cc(OC)cc(N(CC(NC(C)C)C(C)C)c2ccc3ncc(-c4cnn(C)c4)nc3c2)c1,5.0,5.234306598345439,0.39526029810491503,0.7014925373134329,0.2343065983454391
rf,4282,COc1cc(OC)cc(N(CC(NC(C)C)C(C)C)c2ccc3ncc(-c4cnn(C)c4)nc3c2)c1.Cl,5.0,5.264726609865825,0.3962190362206727,0.6911764705882353,0.26472660986582497
rf,4283,COc1cc(OC)cc(N(CC(O)C(C)C)c2ccc3ncc(-c4cnn(C)c4)nc3c2)c1,5.229999542236328,5.289057981491089,0.5006501292740783,0.7352941176470589,0.05905843925476084
rf,4284,COc1cc(OC)cc(N(CC(O)C(F)(F)F)c2ccc3ncc(-c4cnn(C(C)C)c4)nc3c2)c1,5.489999771118164,5.242445645332336,0.3913184455993821,0.6410256410256411,0.24755412578582803
rf,4285,COc1cc(OC)cc(N(CC(O)C(F)(F)F)c2ccc3ncc(-c4cnn(C)c4)nc3c2)c1,5.269999980926514,5.2368153381347655,0.38728687199904216,0.7142857142857143,0.03318464279174815
rf,4286,COc1cc(OC)cc(N(CC(O)CN)c2ccc3ncc(-c4cnn(C)c4)nc3c2)c1,5.489999771118164,5.458690945625305,0.40804512900826306,0.7761194029850746,0.03130882549285907
rf,4290,COc1cc(OC)cc(N(CC(O)CNC(C)C)c2ccc3ncc(-c4cnn(C)c4)nc3c2)c1,6.020002841949463,5.472306234995524,0.5072372907745053,0.7571428571428571,0.5476966069539388
rf,4291,COc1cc(OC)cc(N(CC(O)CNC(C)C)c2ccc3ncc(-c4cnn(C)c4)nc3c2)c1.Cl,6.699991703033447,5.494276280085246,0.5009315249060956,0.7464788732394366,1.2057154229482014
rf,4292,COc1cc(OC)cc(N(CC(O)CNCC(F)(F)F)c2ccc3ncc(-c4cnn(C)c4)nc3c2)c1,5.2900004386901855,5.487120448112488,0.5253041952548138,0.6933333333333334,0.197120009422302
rf,4293,COc1cc(OC)cc(N(CC(O)CO)c2ccc3ncc(-c4cnn(C)c4)nc3c2)c1,5.499999523162842,5.419948208808899,0.42058558386251854,0.7878787878787878,0.08005131435394297
rf,4294,COc1cc(OC)cc(N(CC(OCC(O)C(C)C)C(C)C)c2ccc3ncc(-c4cnn(C)c4)nc3c2)c1,5.0,5.823857481877009,1.157610020121889,0.6666666666666666,0.8238574818770088
rf,4295,COc1cc(OC)cc(N(CC(OCC(O)C(C)C)C(C)C)c2ccc3ncc(-c4cnn(C)c4)nc3c2)c1.Cl,5.0,5.849347537755966,1.1470913753788086,0.6578947368421053,0.8493475377559658
rf,4355,COc1cc(OC)cc(N(CCC#N)c2ccc3ncc(-c4cnn(C)c4)nc3c2)c1,5.470000267028809,5.21431579875946,0.30800301652108253,0.7575757575757576,0.2556844682693482
rf,4356,COc1cc(OC)cc(N(CCC#N)c2ccc3ncc(-c4cnn(CCO)c4)nc3c2)c1,5.450000286102295,5.347284055709839,0.42698269008110473,0.6756756756756757,0.10271623039245625
rf,4357,COc1cc(OC)cc(N(CCC(=O)N(C)OC)c2ccc3ncc(-c4cnn(C)c4)nc3c2)c1,5.380000591278076,5.287348860740662,0.38129455221639225,0.7083333333333334,0.0926517305374146
rf,4358,COc1cc(OC)cc(N(CCC(=O)NC(C)C)c2ccc3ncc(-c4cnn(C)c4)nc3c2)c1,5.110000133514404,5.519787280082703,0.43307038450439156,0.6891891891891891,0.4097871465682985
rf,4359,COc1cc(OC)cc(N(CCC(=O)NCC(F)(F)F)c2ccc3ncc(-c4cnn(C)c4)nc3c2)c1,5.6399993896484375,5.2997667064666745,0.3917252594422344,0.6842105263157895,0.34023268318176303
rf,4360,COc1cc(OC)cc(N(CCC(=O)O)c2ccc3ncc(-c4cnn(C)c4)nc3c2)c1.Cl,5.0,5.36923859000206,0.40179318897054944,0.7391304347826086,0.36923859000205983
rf,4361,COc1cc(OC)cc(N(CCC(C)(C)O)c2ccc3ncc(-c4cnn(C)c4)nc3c2)c1,5.679999351501465,5.28233390045166,0.3831725780730178,0.75,0.39766545104980455
rf,4364,COc1cc(OC)cc(N(CCCC#N)c2ccc3ncc(-c4cnn(C)c4)nc3c2)c1,5.77000093460083,5.421342942237854,0.31952360508949185,0.7424242424242424,0.348657992362976
rf,4365,COc1cc(OC)cc(N(CCCCN)c2ccc3ncc(-c4cnn(C)c4)nc3c2)c1,5.740000247955322,5.45510504245758,0.3937901479970434,0.765625,0.28489520549774205
rf,4366,COc1cc(OC)cc(N(CCCN)c2ccc3ncc(-c4cn[nH]c4)nc3c2)c1,5.529999732971191,5.4734358892440795,0.4166897108345424,0.703125,0.05656384372711187
rf,4367,COc1cc(OC)cc(N(CCCN)c2ccc3ncc(-c4cnn(C(C)C)c4)nc3c2)c1,6.0,5.561262104034424,0.41993481517145725,0.7123287671232876,0.4387378959655761
rf,4368,COc1cc(OC)cc(N(CCCN)c2ccc3ncc(-c4cnn(C)c4)nc3c2)c1,5.470000267028809,5.45510504245758,0.3937901479970434,0.7777777777777778,0.014895224571228383
rf,4369,COc1cc(OC)cc(N(CCCN)c2ccc3ncc(-c4cnn(CCO)c4)nc3c2)c1,5.320000171661377,5.532315737724304,0.43551588500610855,0.684931506849315,0.21231556606292745
rf,4370,COc1cc(OC)cc(N(CCCN)c2ccc3ncc(-c4cnn(CCS(C)(=O)=O)c4)nc3c2)c1,5.070000171661377,5.513488196372986,0.6734434617624983,0.6,0.4434880247116091
rf,4421,COc1cc(OC)cc(N(CCCNC(=O)C(C)(O)C(F)(F)F)c2ccc3ncc(-c4cnn(C)c4)nc3c2)c1,5.96999979019165,5.388317078590393,0.3155634924174317,0.6708860759493671,0.5816827116012577
rf,4422,COc1cc(OC)cc(N(CCCNC(=O)C(C)(O)C(F)(F)F)c2ccc3ncc(-c4cnn(C)c4)nc3c2)c1.Cl,5.96999979019165,5.432186414480209,0.33882173330796733,0.6625,0.5378133757114414
rf,4423,COc1cc(OC)cc(N(CCCNC(=O)C(F)(F)F)c2ccc3ncc(-c4cn[nH]c4)nc3c2)c1.O=C(O)C(F)(F)F,6.130000114440918,5.413598913192749,0.40966238674340116,0.5769230769230769,0.7164012012481686
rf,4424,COc1cc(OC)cc(N(CCCNC(=O)C(F)(F)F)c2ccc3ncc(-c4cnn(C)c4)nc3c2)c1,5.789999961853027,5.387300550460815,0.30988630386384103,0.7066666666666667,0.402699411392212
rf,4425,COc1cc(OC)cc(N(CCCNC(C)(C)CF)c2ccc3ncc(-c4cnn(C)c4)nc3c2)c1,5.92000150680542,5.395950840950012,0.32933506836078474,0.684931506849315,0.524050665855408
rf,4426,COc1cc(OC)cc(N(CCCNC(C)C)c2ccc3ncc(-c4cnn(C)c4)nc3c2)c1,5.559999942779541,5.6375131416320805,0.34775165503239863,0.7285714285714285,0.07751319885253949
rf,4427,COc1cc(OC)cc(N(CCCNC(C)C)c2ccc3ncc(-c4cnn(C)c4)nc3c2)c1.Cl,5.889999866485596,5.693997134113312,0.34419837094227174,0.7313432835820896,0.19600273237228372
rf,4428,COc1cc(OC)cc(N(CCCNCC(C)(F)F)c2ccc3ncc(-c4cnn(C)c4)nc3c2)c1,5.529999732971191,5.396027081489563,0.3605529048579853,0.6933333333333334,0.13397265148162862
rf,4429,COc1cc(OC)cc(N(CCCNCC(F)(F)F)c2ccc3ncc(-c4cn[nH]c4)nc3c2)c1,5.0,5.429835984547934,0.420808588648901,0.625,0.4298359845479336
rf,4430,COc1cc(OC)cc(N(CCCNCC(F)(F)F)c2ccc3ncc(-c4cnn(C(C)C)c4)nc3c2)c1.Cl,5.070000171661377,5.529164905071259,0.4262960511499623,0.6341463414634146,0.4591647334098816
rf,4431,COc1cc(OC)cc(N(CCCNCC(F)(F)F)c2ccc3ncc(-c4cnn(C)c4)nc3c2)c1,5.0,5.395361421585083,0.34842995984628644,0.7027027027027027,0.3953614215850827
rf,4432,COc1cc(OC)cc(N(CCCNCC(F)(F)F)c2ccc3ncc(-c4cnn(CCCN)c4)nc3c2)c1.Cl,5.28000020980835,5.543042339404424,0.4990665169298274,0.6022727272727273,0.26304212959607476
rf,4433,COc1cc(OC)cc(N(CCCNCC(F)F)c2ccc3ncc(-c4cnn(C)c4)nc3c2)c1,5.559999942779541,5.451293745994568,0.36952895576182754,0.6944444444444444,0.10870619678497295
rf,4434,COc1cc(OC)cc(N(CCCNCC(N)=O)c2ccc3ncc(-c4cnn(C)c4)nc3c2)c1,6.21999979019165,5.4665266799926755,0.36397989273578835,0.6986301369863014,0.7534731101989749
rf,4435,COc1cc(OC)cc(N(CCCNCCC#N)c2ccc3ncc(-c4cnn(C)c4)nc3c2)c1,7.680061340332031,5.286195268630982,0.3243807939361358,0.6857142857142857,2.3938660717010496
rf,4436,COc1cc(OC)cc(N(CCCNS(=O)(=O)N(C)C)c2ccc3ncc(-c4cnn(C)c4)nc3c2)c1,6.350003719329834,5.393905004501343,0.3573588845432847,0.6805555555555556,0.9560987148284914
rf,4437,COc1cc(OC)cc(N(CCCNS(C)(=O)=O)c2ccc3ncc(-c4cnn(C)c4)nc3c2)c1,6.4500041007995605,5.377625492095947,0.2936135430439942,0.7,1.0723786087036133
rf,4438,COc1cc(OC)cc(N(CCCO)c2ccc3ncc(-c4c(C)nn(C)c4C)nc3c2)c1,5.0,6.063749134540558,1.1048884068746985,0.5375,1.0637491345405579
rf,4439,COc1cc(OC)cc(N(CCCO)c2ccc3ncc(-c4cn[nH]c4)nc3c2)c1,5.6399993896484375,5.4117270860671995,0.3726011257018035,0.703125,0.22827230358123796
rf,4440,COc1cc(OC)cc(N(CCCO)c2ccc3ncc(-c4cnn(C(C)C)c4)nc3c2)c1,5.460000038146973,5.504150896072388,0.38564096607270043,0.7123287671232876,0.04415085792541529
rf,4443,COc1cc(OC)cc(N(CCCO)c2ccc3ncc(-c4cnn(C)c4)nc3c2)c1,5.909999370574951,5.392316034317017,0.3179999676429358,0.7777777777777778,0.5176833362579343
rf,4445,COc1cc(OC)cc(N(CCCO)c2ccc3ncc(-c4cnn(CCO)c4)nc3c2)c1,5.5799994468688965,5.447304315567017,0.3650274726241734,0.7142857142857143,0.1326951313018796
rf,4446,COc1cc(OC)cc(N(CCCO)c2ccc3ncc(-c4cnn(CCS(C)(=O)=O)c4)nc3c2)c1,5.650000095367432,5.471626686096191,0.6649453927199331,0.6265060240963856,0.17837340927124057
rf,4454,COc1cc(OC)cc(N(CCF)c2ccc3ncc(-c4cnn(C)c4)nc3c2)c1,5.0,5.27293380355835,0.40836867485029144,0.7833333333333333,0.27293380355834973
rf,4455,COc1cc(OC)cc(N(CCN(C)C(C)C)c2ccc3ncc(-c4cnn(C)c4)nc3c2)c1,6.0400004386901855,5.330462574958801,0.3905711506369765,0.734375,0.7095378637313843
rf,4456,COc1cc(OC)cc(N(CCN(C)C)c2ccc3ncc(-c4cnn(C)c4)nc3c2)c1,5.92000150680542,5.252957375526428,0.3679407036334312,0.7833333333333333,0.6670441312789919
rf,4457,COc1cc(OC)cc(N(CCN(CCCN)C(C)C)c2ccc3ncc(-c4cnn(C)c4)nc3c2)c1.Cl,5.410000324249268,5.543694118499756,0.47977660598936656,0.676056338028169,0.13369379425048855
rf,4460,COc1cc(OC)cc(N(CCN)c2ccc3ncc(-c4cn[nH]c4)nc3c2)c1.Cl,5.0,5.488932824134826,0.5250955919127839,0.7419354838709677,0.4889328241348263
rf,4461,COc1cc(OC)cc(N(CCN)c2ccc3ncc(-c4cnn(C(C)C)c4)nc3c2)c1,5.75,5.473289415359497,0.4737977844116028,0.684931506849315,0.2767105846405027
rf,4462,COc1cc(OC)cc(N(CCN)c2ccc3ncc(-c4cnn(C)c4)nc3c2)c1,5.0,5.3441994695663455,0.44040132490571177,0.7833333333333333,0.3441994695663455
rf,4464,COc1cc(OC)cc(N(CCN)c2ccc3ncc(-c4cnn(CCO)c4)nc3c2)c1.Cl,5.0,5.543434545278549,0.5287605862841003,0.7083333333333334,0.543434545278549
rf,4465,COc1cc(OC)cc(N(CCN)c2ccc3ncc(-c4cnn(CCS(C)(=O)=O)c4)nc3c2)c1,5.139999866485596,5.4638101119995115,0.7093939371429656,0.6578947368421053,0.3238102455139158
rf,4517,COc1cc(OC)cc(N(CCNC(=O)C(C)(O)C(F)(F)F)c2ccc3ncc(-c4cnn(C)c4)nc3c2)c1,5.8299994468688965,5.316793622016907,0.3612499274487807,0.7333333333333333,0.5132058248519895
rf,4518,COc1cc(OC)cc(N(CCNC(=O)C(F)(F)F)c2ccc3ncc(-c4cnn(C)c4)nc3c2)c1,5.300000190734863,5.312893620491028,0.3571720767830613,0.7746478873239436,0.01289342975616492
rf,4521,COc1cc(OC)cc(N(CCNC(C)=O)c2ccc3ncc(-c4cnn(C)c4)nc3c2)c1,5.650000095367432,5.327327998161316,0.35802075383027276,0.8208955223880597,0.3226720972061159
rf,4523,COc1cc(OC)cc(N(CCNC(C)C)c2ccc3ncc(-c4c(C)nn(C)c4C)nc3c2)c1.Cl,5.5400004386901855,6.209776284948985,1.1565102649129562,0.6,0.6697758462587995
rf,4524,COc1cc(OC)cc(N(CCNC(C)C)c2ccc3ncc(-c4cn(C)nc4C(F)(F)F)nc3c2)c1.Cl,5.309999942779541,6.258441343307495,1.1872241587223633,0.5975609756097561,0.9484414005279538
rf,4525,COc1cc(OC)cc(N(CCNC(C)C)c2ccc3ncc(-c4cn[nH]c4)nc3c2)c1.Cl,5.879999160766602,5.678430428791047,0.38900646560340396,0.7121212121212122,0.2015687319755548
rf,4527,COc1cc(OC)cc(N(CCNC(C)C)c2ccc3ncc(-c4cnn(C(C)C)c4)nc3c2)c1.Cl,6.299997806549072,5.734568896198273,0.37241519345236834,0.7205882352941176,0.565428910350799
rf,4530,COc1cc(OC)cc(N(CCNC(C)C)c2ccc3ncc(-c4cnn(C)c4)nc3c2)c1,7.375912666320801,5.6496217851638795,0.4163624842917007,0.7727272727272727,1.7262908811569213
rf,4531,COc1cc(OC)cc(N(CCNC(C)C)c2ccc3ncc(-c4cnn(C)c4)nc3c2)c1.Cl,6.0,5.732654281997681,0.3861522929401787,0.7746478873239436,0.26734571800231866
rf,4532,COc1cc(OC)cc(N(CCNC(C)C)c2ccc3ncc(-c4cnn(C)c4C)nc3c2)c1,5.8000006675720215,6.143585110505422,1.1441280548544894,0.6153846153846154,0.34358444293340096
rf,4533,COc1cc(OC)cc(N(CCNC(C)C)c2ccc3ncc(-c4cnn(C)c4CN(C)C)nc3c2)c1,5.110000133514404,6.120120323022207,1.1011785307312894,0.5853658536585366,1.010120189507803
rf,4534,COc1cc(OC)cc(N(CCNC(C)C)c2ccc3ncc(-c4cnn(C)c4CO)nc3c2)c1,5.650000095367432,6.105061387856802,1.0802785337954468,0.6024096385542169,0.4550612924893702
rf,4540,COc1cc(OC)cc(N(CCNC(C)C)c2ccc3ncc(-c4cnn(CCC#N)c4)nc3c2)c1,6.419999122619629,5.5608975677490236,0.4099231944050052,0.7125,0.8591015548706054
rf,4541,COc1cc(OC)cc(N(CCNC(C)C)c2ccc3ncc(-c4cnn(CCCN)c4)nc3c2)c1.O=C(O)C(F)(F)F,5.589999198913574,5.656419375419617,0.4683941248499972,0.6976744186046512,0.0664201765060426
rf,4548,COc1cc(OC)cc(N(CCNCC(F)(F)F)c2ccc3ncc(-c4cnn(C)c4)nc3c2)c1,5.28000020980835,5.367736726760865,0.4622703657204737,0.7647058823529411,0.08773651695251505
rf,4549,COc1cc(OC)cc(N(CCNCC(F)F)c2ccc3ncc(-c4cnn(C)c4)nc3c2)c1,5.679999351501465,5.432222347259522,0.47059312763715927,0.7647058823529411,0.24777700424194293
rf,4550,COc1cc(OC)cc(N(CCNCC(N)=O)c2ccc3ncc(-c4cnn(C)c4)nc3c2)c1,5.489999771118164,5.4299824314117435,0.443722358926725,0.7681159420289855,0.060017339706420536
rf,4553,COc1cc(OC)cc(N(CCNCCC#N)c2ccc3ncc(-c4cnn(C)c4)nc3c2)c1,5.499999523162842,5.266640326182048,0.43629986399553067,0.7536231884057971,0.23335919698079355
rf,4554,COc1cc(OC)cc(N(CCNCCC(F)(F)F)c2ccc3ncc(-c4cnn(C)c4)nc3c2)c1,5.0,5.273984915415446,0.44513804337142315,0.7536231884057971,0.2739849154154461
rf,4555,COc1cc(OC)cc(N(CCNCCF)c2ccc3ncc(-c4cnn(C)c4)nc3c2)c1,5.59999942779541,5.308999381701152,0.5023412685639238,0.7878787878787878,0.29100004609425856
rf,4556,COc1cc(OC)cc(N(CCNCCO)c2ccc3ncc(-c4cnn(C)c4)nc3c2)c1,6.309998989105225,5.3304592405955,0.4764881342861239,0.8153846153846154,0.9795397485097244
rf,4557,COc1cc(OC)cc(N(CCNC[Si](C)(C)C)c2ccc3ncc(-c4cnn(C)c4)nc3c2)c1.Cl,6.0,5.5328201620578765,0.4681061563296038,0.7761194029850746,0.4671798379421235
rf,4558,COc1cc(OC)cc(N(CCNS(=O)(=O)C(C)C)c2ccc3ncc(-c4cnn(C)c4)nc3c2)c1,6.320000171661377,5.410514708518982,0.4021091010137953,0.6944444444444444,0.9094854631423948
rf,4559,COc1cc(OC)cc(N(CCNS(=O)(=O)N(C)C)c2ccc3ncc(-c4cnn(C)c4)nc3c2)c1,6.690008163452148,5.332496319770813,0.4201137456975827,0.704225352112676,1.3575118436813352
rf,4560,COc1cc(OC)cc(N(CCNS(C)(=O)=O)c2ccc3ncc(-c4cnn(C)c4)nc3c2)c1,6.74999475479126,5.315846807479859,0.3633457124863759,0.7246376811594203,1.4341479473114012
rf,4561,COc1cc(OC)cc(N(CCO)c2ccc3ncc(-c4c(C)nn(C)c4C)nc3c2)c1,5.099999904632568,6.041794358730316,1.1373466506631165,0.5675675675675675,0.9417944540977476
rf,4563,COc1cc(OC)cc(N(CCO)c2ccc3ncc(-c4cn[nH]c4)nc3c2)c1,5.410000324249268,5.355603338241577,0.5480236586817939,0.7258064516129032,0.05439698600769027
rf,4566,COc1cc(OC)cc(N(CCO)c2ccc3ncc(-c4cnn(C)c4)nc3c2)c1,5.59999942779541,5.33476873588562,0.5047228951866484,0.7833333333333333,0.26523069190978976
rf,4567,COc1cc(OC)cc(N(CCO)c2ccc3ncc(-c4cnn(C)c4CCCO)nc3c2)c1,5.21999979019165,6.039854189713797,1.0678732226961147,0.5657894736842105,0.8198543995221463
rf,4568,COc1cc(OC)cc(N(CCO)c2ccc3ncc(-c4cnn(C)c4CCO)nc3c2)c1,5.400000095367432,6.023477141221365,1.0822781798917305,0.581081081081081,0.6234770458539334
rf,4569,COc1cc(OC)cc(N(CCO)c2ccc3ncc(-c4cnn(C)c4CN(C)C)nc3c2)c1,5.0,6.019242848237356,1.0815938884937584,0.5657894736842105,1.0192428482373561
rf,4573,COc1cc(OC)cc(N(CCO)c2ccc3ncc(-c4cnn(CCCN)c4)nc3c2)c1.Cl,5.320000171661377,5.57972872710228,0.5837561021763745,0.6708860759493671,0.259728555440903
rf,4574,COc1cc(OC)cc(N(CCO)c2ccc3ncc(-c4cnn(CCO)c4)nc3c2)c1,5.589999198913574,5.412627321243286,0.5339314070812423,0.7352941176470589,0.1773718776702884
rf,4575,COc1cc(OC)cc(N(CCO)c2ccc3ncc(-c4cnn(CCS(C)(=O)=O)c4)nc3c2)c1,5.5799994468688965,5.429341448783875,0.7200927078184345,0.64,0.15065799808502156
rf,4576,COc1cc(OC)cc(N(CCS(C)(=O)=O)c2ccc3ncc(-c4cnn(C)c4)nc3c2)c1,5.62000036239624,5.336332181930542,0.4587972029244283,0.734375,0.28366818046569797
rf,4589,COc1cc(OC)cc(N(C[C@@H](C)N)c2ccc3ncc(-c4cnn(C)c4)nc3c2)c1,5.070000171661377,5.292163320541382,0.38171577767175885,0.7258064516129032,0.22216314888000532
rf,4590,COc1cc(OC)cc(N(C[C@@H](O)C(F)(F)F)c2ccc3ncc(-c4cnn(C(C)C)c4)nc3c2)c1,5.369999408721924,5.242445645332336,0.3913184455993821,0.6410256410256411,0.1275537633895878
rf,4591,COc1cc(OC)cc(N(C[C@@H](O)C(F)(F)F)c2ccc3ncc(-c4cnn(C)c4)nc3c2)c1,5.489999771118164,5.2368153381347655,0.38728687199904216,0.7142857142857143,0.25318443298339854
rf,4592,COc1cc(OC)cc(N(C[C@@H](O)C(F)(F)F)c2ccc3ncc(-c4cnn(CCCN)c4)nc3c2)c1,5.180000305175781,5.337394491513571,0.40275684814319856,0.5679012345679012,0.15739418633778968
rf,4594,COc1cc(OC)cc(N(C[C@@H](O)CNC(C)C)c2ccc3ncc(-c4cnn(C)c4)nc3c2)c1.Cl,5.520000457763672,5.494276280085246,0.5009315249060956,0.7464788732394366,0.025724177678426052
rf,4595,COc1cc(OC)cc(N(C[C@@H](O)CNCC(F)(F)F)c2ccc3ncc(-c4cnn(C)c4)nc3c2)c1,5.480000019073486,5.487120448112488,0.5253041952548138,0.6933333333333334,0.00712042903900123
rf,4596,COc1cc(OC)cc(N(C[C@@H](O)CO)c2ccc3ncc(-c4cnn(C)c4)nc3c2)c1,5.119999885559082,5.419948208808899,0.42058558386251854,0.7878787878787878,0.2999483232498168
rf,4597,COc1cc(OC)cc(N(C[C@@H](OC(C)=O)C(F)(F)F)c2ccc3ncc(-c4cnn(C)c4)nc3c2)c1,5.250000476837158,5.145513020515442,0.45532945410741427,0.6571428571428571,0.10448745632171619
rf,4601,COc1cc(OC)cc(N(C[C@H](C)N)c2ccc3ncc(-c4cnn(C)c4)nc3c2)c1,5.21999979019165,5.292163320541382,0.38171577767175885,0.7258064516129032,0.07216353034973189
rf,4602,COc1cc(OC)cc(N(C[C@H](O)C(F)(F)F)c2ccc3ncc(-c4cnn(C(C)C)c4)nc3c2)c1,5.139999866485596,5.242445645332336,0.3913184455993821,0.6410256410256411,0.10244577884674033
rf,4603,COc1cc(OC)cc(N(C[C@H](O)C(F)(F)F)c2ccc3ncc(-c4cnn(C)c4)nc3c2)c1,5.119999885559082,5.2368153381347655,0.38728687199904216,0.7142857142857143,0.11681545257568349
rf,4604,COc1cc(OC)cc(N(C[C@H](O)C(F)(F)F)c2ccc3ncc(-c4cnn(CCCN)c4)nc3c2)c1,5.0,5.337394491513571,0.40275684814319856,0.5679012345679012,0.3373944915135709
rf,4606,COc1cc(OC)cc(N(C[C@H](O)CNC(C)C)c2ccc3ncc(-c4cnn(C)c4)nc3c2)c1.Cl,5.5799994468688965,5.494276280085246,0.5009315249060956,0.7464788732394366,0.08572316678365066
rf,4607,COc1cc(OC)cc(N(C[C@H](O)CNCC(F)(F)F)c2ccc3ncc(-c4cnn(C)c4)nc3c2)c1,5.21999979019165,5.487120448112488,0.5253041952548138,0.6933333333333334,0.26712065792083717
rf,4608,COc1cc(OC)cc(N(C[C@H](O)CO)c2ccc3ncc(-c4cnn(C)c4)nc3c2)c1,5.28000020980835,5.419948208808899,0.42058558386251854,0.7878787878787878,0.13994799900054922
rf,4609,COc1cc(OC)cc(N(C[C@H](OC(C)=O)C(F)(F)F)c2ccc3ncc(-c4cnn(C)c4)nc3c2)c1,5.0,5.145513020515442,0.45532945410741427,0.6571428571428571,0.14551302051544202
rf,4663,COc1cc(OC)cc(N(c2ccc3ncc(-c4cnn(C)c4)nc3c2)C(C)C(=O)NC(C)C)c1,5.0,5.307494275454113,0.49526620053596154,0.6164383561643836,0.307494275454113
rf,4664,COc1cc(OC)cc(N(c2ccc3ncc(-c4cnn(C)c4)nc3c2)C(C)C(N)=O)c1,5.0,5.299325101021358,0.4839699757657241,0.6197183098591549,0.299325101021358
rf,4665,COc1cc(OC)cc(N(c2ccc3ncc(-c4cnn(C)c4)nc3c2)C(C)CN)c1,5.589999198913574,5.195766879908245,0.3775284724944637,0.6461538461538462,0.3942323190053294
rf,4666,COc1cc(OC)cc(N(c2ccc3ncc(-c4cnn(C)c4)nc3c2)C(C)CNC(C)C)c1,5.9499993324279785,5.251842278909685,0.49639882772580934,0.676056338028169,0.6981570535182939
rf,4667,COc1cc(OC)cc(N(c2ccc3ncc(-c4cnn(C)c4)nc3c2)C(C)CNCC(F)(F)F)c1,5.119999885559082,5.275360668770473,0.5236189022109423,0.5972222222222222,0.1553607832113908
rf,4668,COc1cc(OC)cc(N(c2ccc3ncc(-c4cnn(C)c4)nc3c2)C(CNC(C)C)C(C)C)c1,6.0,5.236525710535051,0.5082887690215303,0.6575342465753424,0.7634742894649493
rf,4670,COc1cc(OC)cc(N(c2ccc3ncc(-c4cnn(C)c4)nc3c2)S(=O)(=O)N(C)C)c1,5.0,5.261504038520085,0.580800900568576,0.647887323943662,0.2615040385200853
rf,4671,COc1cc(OC)cc(N(c2ccc3ncc(-c4cnn(C)c4)nc3c2)[C@@H](C)CN)c1,5.0,5.195766879908245,0.3775284724944637,0.6461538461538462,0.19576687990824482
rf,4672,COc1cc(OC)cc(N(c2ccc3ncc(-c4cnn(C)c4)nc3c2)[C@H](C)CN)c1,5.139999866485596,5.195766879908245,0.3775284724944637,0.6461538461538462,0.055767013422649114
rf,4680,COc1cc(OCCF)cc(N(CCNC(C)C)c2ccc3ncc(-c4cnn(C)c4)nc3c2)c1.Cl,6.0800018310546875,5.751953408050538,0.534648573715622,0.6962025316455697,0.3280484230041498
rf,4681,COc1cc(OCCF)cc(N(CCO)c2ccc3ncc(-c4cnn(C)c4)nc3c2)c1,5.529999732971191,5.362081431388855,0.5607082449048449,0.7014925373134329,0.16791830158233623
rf,4692,COc1cc(OCCO)cc(N(CCCO)c2ccc3ncc(-c4cnn(C)c4)nc3c2)c1,5.4200005531311035,5.402388704299927,0.35897215502552277,0.7313432835820896,0.017611848831176502
rf,4693,COc1cc(OCCO)cc(N(CCN)c2ccc3ncc(-c4cnn(C)c4)nc3c2)c1.Cl,5.0,5.511118009901047,0.5511327473514818,0.7058823529411765,0.5111180099010468
rf,4694,COc1cc(OCCO)cc(N(CCO)c2ccc3ncc(-c4cnn(CCO)c4)nc3c2)c1,5.0,5.422719996452331,0.5589553607510457,0.6944444444444444,0.42271999645233116
rf,6117,COc1ccc(Cl)c(N(CCNC(C)C)c2ccc3ncc(-c4cn[nH]c4)nc3c2)c1.Cl,5.6700005531311035,5.674990214363734,0.627864144130106,0.5454545454545454,0.00498966123263056
rf,6118,COc1ccc(Cl)c(N(CCNC(C)C)c2ccc3ncc(-c4cnn(C)c4)nc3c2)c1.Cl,5.889999866485596,5.724917720746995,0.6093936066403433,0.6375,0.1650821457386007
rf,6119,COc1ccc(Cl)c(N(CCO)c2ccc3ncc(-c4cn[nH]c4)nc3c2)c1.Cl,5.0,5.576021519517898,0.7071846532154623,0.5616438356164384,0.5760215195178979
rf,6120,COc1ccc(Cl)c(N(CCO)c2ccc3ncc(-c4cnn(C)c4)nc3c2)c1,6.120004653930664,5.485608480246861,0.5957049507699056,0.6111111111111112,0.6343961736838031
rf,6121,COc1ccc(Cl)c(N(CCO)c2ccc3ncc(-c4cnn(C)c4)nc3c2)c1.Cl,7.040005207061768,5.566970634969076,0.6714492350958606,0.6027397260273972,1.4730345720926916
rf,6306,COc1ccc(OC)c(N(CCN)c2ccc3ncc(-c4cn[nH]c4)nc3c2)c1.Cl,5.0,5.557223011827468,0.6430728206162043,0.5694444444444444,0.5572230118274684
rf,6307,COc1ccc(OC)c(N(CCNC(C)C)c2ccc3ncc(-c4cn[nH]c4)nc3c2)c1,5.660000324249268,5.591546217234929,0.5205807132167009,0.5394736842105263,0.06845410701433874
rf,6308,COc1ccc(OC)c(N(CCNC(C)C)c2ccc3ncc(-c4cnn(C)c4)nc3c2)c1,5.385000228881836,5.627806197754541,0.5018600795455026,0.6973684210526315,0.24280596887270534
rf,6309,COc1ccc(OC)c(N(CCNC(C)C)c2ccc3ncc(-c4cnn(C)c4)nc3c2)c1.Cl,5.77000093460083,5.703916864347459,0.5828055433094506,0.6883116883116883,0.06608407025337115
rf,6310,COc1ccc(OC)c(N(CCO)c2ccc3ncc(-c4cnn(C)c4)nc3c2)c1,5.820000171661377,5.454599990638097,0.5517472163829451,0.6,0.3654001810232801
rf,6311,COc1ccc(OC)c(N(CCO)c2ccc3ncc(-c4cnn(C)c4)nc3c2)c1.Cl,5.410000324249268,5.535393623860678,0.6392144459917222,0.6056338028169014,0.1253932996114102
rf,6482,COc1cccc(N(CCNC(C)C)c2ccc3ncc(-c4cnn(C)c4)nc3c2)c1.Cl,5.589999198913574,5.636350914764405,0.42321175279121637,0.6933333333333334,0.046351715850830644
rf,6483,COc1cccc(N(CCO)c2ccc3ncc(-c4cnn(C)c4)nc3c2)c1,5.239999771118164,5.30570472240448,0.4943876891085757,0.6923076923076923,0.0657049512863157
rf,8933,Cl.[2H]C([2H])([2H])Oc1cc(OC)cc(N(CCNC(C)C)c2ccc3ncc(-c4cn[nH]c4)nc3c2)c1,5.809998989105225,5.790444186751047,0.5650013249478493,0.6714285714285714,0.01955480235417717
rf,9098,Cn1cc(-c2cnc3ccc(N(CCCNCC(F)(F)F)c4cc(Cl)cc(Cl)c4)cc3n2)cn1,5.0,5.463050395965576,0.41475823439829346,0.55,0.46305039596557585
rf,11634,[2H]C([2H])([2H])Oc1cc(F)cc(N(CCN)c2ccc3ncc(-c4cnn(C)c4)nc3c2)c1,5.159999847412109,5.426040647188824,0.5365214857223292,0.6285714285714286,0.26604079977671446
rf,11636,[2H]C([2H])([2H])Oc1cc(OC([2H])([2H])[2H])cc(N(CCCNCC(F)(F)F)c2ccc3ncc(-c4cnn(C)c4)nc3c2)c1,5.329999923706055,5.466724280039471,0.4575334419461604,0.6410256410256411,0.13672435633341617
rf,11637,[2H]C([2H])([2H])Oc1cc(OC([2H])([2H])[2H])cc(N(CCCO)c2ccc3ncc(-c4cnn(C)c4)nc3c2)c1,5.789999961853027,5.468200028737387,0.4493813585311115,0.7014925373134329,0.32179993311564026
rf,11638,[2H]C([2H])([2H])Oc1cc(OC([2H])([2H])[2H])cc(N(c2ccc3ncc(-c4cnn(C)c4)nc3c2)C([2H])([2H])C([2H])([2H])C([2H])([2H])NCC(F)(F)F)c1,5.369999408721924,5.196859089851379,0.33381039866900275,0.5945945945945946,0.17314031887054515
rf,11639,[2H]C([2H])([2H])Oc1cc(OC([2H])([2H])[2H])cc(N(c2ccc3ncc(-c4cnn(C)c4)nc3c2)C([2H])([2H])C([2H])([2H])C([2H])([2H])O)c1,5.740000247955322,5.0786741065979,0.42477707821618066,0.6417910447761194,0.6613261413574225
rf,11640,[2H]C([2H])([2H])Oc1cc(OC([2H])([2H])[2H])cc(N(c2ccc3ncc(-c4cnn(C)c4)nc3c2)C([2H])([2H])C([2H])([2H])NC(C)C)c1,6.0400004386901855,5.156165590922037,0.30579348364957154,0.6712328767123288,0.8838348477681484
rf,11641,[2H]C([2H])([2H])Oc1cc(OC([2H])([2H])[2H])cc(N(c2ccc3ncc(-c4cnn(C)c4)nc3c2)C([2H])([2H])C([2H])([2H])O)c1,5.860001564025879,5.164145712852477,0.3095046147996617,0.6615384615384615,0.6958558511734019
rf,11642,[2H]C([2H])([2H])Oc1cc(OC)cc(N(CCNC(C)C)c2ccc3ncc(-c4cnn(C)c4)nc3c2)c1,5.959999084472656,5.717848571141562,0.4890268802035647,0.7285714285714285,0.2421505133310946
rf,11643,[2H]C([2H])([2H])Oc1cc(OC)cc(N(CCO)c2ccc3ncc(-c4cnn(C)c4)nc3c2)c1,5.650000095367432,5.417836079597474,0.6011208895360557,0.734375,0.23216401576995782
rf,11646,[2H]C([2H])([2H])n1cc(-c2cnc3ccc(N(CCNC(C)C)c4cc(OC)cc(OC)c4)cc3n2)cn1,5.889999866485596,5.739173612912497,0.5084467342756174,0.7162162162162162,0.15082625357309887
rf,15,C#CCN1CCOC(COc2cc3ncnc(Nc4ccc(Cl)c(Cl)c4)c3cc2OC)C1,7.301030158996582,7.161974779129029,0.5321369425354456,0.7945205479452054,0.13905537986755334
rf,291,C=CCCCCCCN1CCOC(COc2cc3ncnc(Nc4ccc(Cl)c(Cl)c4)c3cc2OC)C1,7.301030158996582,7.052542953252792,0.6026149975806966,0.7654320987654321,0.2484872057437899
rf,292,C=CCCCCN1CCOC(COc2cc3ncnc(Nc4ccc(Cl)c(Cl)c4)c3cc2OC)C1,6.139920234680176,7.041515035390854,0.593837214990826,0.775,0.9015948007106784
rf,293,C=CCCCN1CCOC(COc2cc3ncnc(Nc4ccc(Cl)c(Cl)c4)c3cc2OC)C1,7.301030158996582,7.035898318576813,0.5905886973461382,0.7848101265822784,0.26513184041976867
rf,298,C=CCN1CCOC(COc2cc3ncnc(Nc4ccc(Cl)c(Cl)c4)c3cc2OC)C1,7.301030158996582,7.215303983688354,0.36304166665571636,0.8082191780821918,0.08572617530822768
rf,320,CC#CCN1CCOC(COc2cc3ncnc(Nc4ccc(Cl)c(Cl)c4)c3cc2OC)C1,7.301030158996582,7.193378474299112,0.3861103997540274,0.7945205479452054,0.10765168469747
rf,775,CC(C)Oc1cc2c(Nc3ccc(Cl)c(Cl)c3)ncnc2cc1OCC1CN(C)CCO1,7.301030158996582,6.980722585360209,0.7360956339969388,0.7605633802816901,0.32030757363637274
rf,776,CC(C)Oc1cc2c(Nc3ccc(Cl)c(Cl)c3)ncnc2cc1OCC1CNCCO1,7.301030158996582,6.49882217356364,0.6355269777744937,0.7571428571428571,0.8022079854329425
rf,1132,CCC#CCN1CCOC(COc2cc3ncnc(Nc4ccc(Cl)c(Cl)c4)c3cc2OC)C1,7.301030158996582,7.112696657180786,0.46864138781161085,0.7733333333333333,0.1883335018157961
rf,1133,CCC(=O)CN1CCOC(COc2cc3ncnc(Nc4ccc(Cl)c(Cl)c4)c3cc2OC)C1,7.301030158996582,7.034495674228668,0.5257837046540251,0.7662337662337663,0.26653448476791386
rf,1134,CCC(=O)N1CCOC(COc2cc3ncnc(Nc4ccc(Cl)c(Cl)c4)c3cc2OC)C1,7.301030158996582,7.195046610832215,0.3941226594180719,0.8289473684210527,0.10598354816436739
rf,1155,CCC(CC)CN1CCOC(COc2cc3ncnc(Nc4ccc(Cl)c(Cl)c4)c3cc2OC)C1,7.301030158996582,7.072365246136983,0.7020086908348925,0.9154929577464789,0.22866491285959878
rf,1165,CCC1(C)CN(C)CC(COc2cc3ncnc(Nc4ccc(Cl)c(Cl)c4)c3cc2OC)O1,7.301030158996582,6.721668831189473,0.7503999378125609,0.72,0.579361327807109
rf,1174,CCCC(C)C(=O)N1CCOC(COc2cc3ncnc(Nc4ccc(Cl)c(Cl)c4)c3cc2OC)C1,7.301030158996582,7.105971566200257,0.519415679186494,0.8125,0.19505859279632531
rf,1177,CCCC(CCC)C(=O)N1CCOC(COc2cc3ncnc(Nc4ccc(Cl)c(Cl)c4)c3cc2OC)C1,7.301030158996582,7.168241395950317,0.44116376384537176,0.8227848101265823,0.13278876304626497
rf,1185,CCCCC(CC)C(=O)N1CCOC(COc2cc3ncnc(Nc4ccc(Cl)c(Cl)c4)c3cc2OC)C1,7.301030158996582,6.949795700073242,0.6570056193698207,0.8148148148148148,0.35123445892334004
rf,1187,CCCCCC(=O)N1CCOC(COc2cc3ncnc(Nc4ccc(Cl)c(Cl)c4)c3cc2OC)C1,7.301030158996582,6.977727338790894,0.6357356899871748,0.8125,0.32330282020568823
rf,1193,CCCCCCCCN1CCOC(COc2cc3ncnc(Nc4ccc(Cl)c(Cl)c4)c3cc2OC)C1,6.0,6.983950302124024,0.5892461975867136,0.8157894736842105,0.9839503021240237
rf,1194,CCCCCCCN1CCOC(COc2cc3ncnc(Nc4ccc(Cl)c(Cl)c4)c3cc2OC)C1,7.301030158996582,6.983950302124024,0.5892461975867136,0.8157894736842105,0.31707985687255835
rf,1196,CCCCCCN1CCOC(COc2cc3ncnc(Nc4ccc(Cl)c(Cl)c4)c3cc2OC)C1,7.301030158996582,6.983950302124024,0.5892461975867136,0.8157894736842105,0.31707985687255835
rf,1198,CCCCCN1CCOC(COc2cc3ncnc(Nc4ccc(Cl)c(Cl)c4)c3cc2OC)C1,7.301030158996582,6.975598028182984,0.5760954676065503,0.8266666666666667,0.32543213081359834
rf,1208,CCCCN1CCOC(COc2cc3ncnc(Nc4ccc(Cl)c(Cl)c4)c3cc2OC)C1,7.301030158996582,6.967266190338135,0.5668394013432131,0.8378378378378378,0.33376396865844704
rf,1243,CCCCS(=O)(=O)N1CCOC(COc2cc3ncnc(Nc4ccc(Cl)c(Cl)c4)c3cc2OC)C1,7.301030158996582,6.969200436210633,0.6637372707215934,0.7974683544303798,0.33182972278594924
rf,1263,CCCN1CCOC(COc2cc3ncnc(Nc4ccc(Cl)c(Cl)c4)c3cc2OC)C1,7.301030158996582,6.796202345848084,0.5733745684582884,0.9104477611940298,0.5048278131484984
rf,1509,CCN/C(=N\C#N)N1CCOC(COc2cc3ncnc(Nc4ccc(Cl)c(Cl)c4)c3cc2OC)C1,7.301030158996582,7.1968017110824585,0.3605805785638062,0.8048780487804879,0.10422844791412356
rf,1588,CCN1CCOC(COc2cc3ncnc(Nc4ccc(Cl)c(Cl)c4)c3cc2OC)C1,6.139920234680176,7.0418758335113525,0.3540478136972841,0.9090909090909091,0.9019555988311767
rf,1689,CCOC(=O)C(C)N1CCOC(COc2cc3ncnc(Nc4ccc(Cl)c(Cl)c4)c3cc2OC)C1,6.139920234680176,7.029177696228027,0.6200122441887022,0.7435897435897436,0.8892574615478512
rf,1853,CCOc1cc2c(Nc3ccc(Cl)c(Cl)c3)ncnc2cc1OCC1CN(C)CCO1,7.301030158996582,7.1262853075663255,0.5104615278603054,0.7941176470588235,0.17474485143025653
rf,1854,CCOc1cc2c(Nc3ccc(Cl)c(Cl)c3)ncnc2cc1OCC1CNCCO1,7.301030158996582,6.51112784430186,0.6017820583870901,0.7910447761194029,0.7899023146947224
rf,1910,CCS(=O)(=O)N1CCOC(COc2cc3ncnc(Nc4ccc(Cl)c(Cl)c4)c3cc2OC)C1,7.301030158996582,7.200656079864502,0.3427619600927709,0.8513513513513513,0.10037407913207996
rf,1959,CC[C@@H](C)CN1CCOC(COc2cc3ncnc(Nc4ccc(Cl)c(Cl)c4)c3cc2OC)C1,7.301030158996582,7.126721339543661,0.5099784179321282,0.8026315789473685,0.17430881945292143
rf,2345,CN/C(=N\C#N)N1CCOC(COc2cc3ncnc(Nc4ccc(Cl)c(C)c4)c3cc2OC)C1,7.301030158996582,7.228239652713139,0.5341484949535453,0.7590361445783133,0.07279050628344308
rf,2632,CN1CCOC(COc2cc3ncnc(Nc4ccc(Cl)c(Cl)c4)c3cc2O)C1,7.301030158996582,6.513673337936401,1.0732491221443563,0.7428571428571429,0.7873568210601807
rf,3179,COC(=O)CCC(=O)N1CCOC(COc2cc3ncnc(Nc4ccc(Cl)c(Cl)c4)c3cc2OC)C1,7.301030158996582,7.257672962188721,0.28546342693897003,0.8227848101265823,0.04335719680786099
rf,3182,COC(=O)CCCCN1CCOC(COc2cc3ncnc(Nc4ccc(Cl)c(Cl)c4)c3cc2OC)C1,7.301030158996582,6.938889544486999,0.6359353098763888,0.782051282051282,0.3621406145095829
rf,3207,COC(=O)CCN1CCOC(COc2cc3ncnc(Nc4ccc(Cl)c(Cl)c4)c3cc2OC)C1,6.139920234680176,7.035785217285156,0.6021277801701884,0.8133333333333334,0.89586498260498
rf,3499,COCCN/C(=N\C#N)N1CCOC(COc2cc3ncnc(Nc4ccc(Cl)c(Cl)c4)c3cc2OC)C1,7.301030158996582,7.146445832570394,0.5019880270796401,0.7764705882352941,0.15458432642618813
rf,3506,COCCN1CCOC(COc2cc3ncnc(Nc4ccc(Cl)c(Cl)c4)c3cc2OC)C1,6.139920234680176,6.754252148628235,0.6150262999719418,0.9130434782608695,0.6143319139480594
rf,3545,COCCOc1cc2c(Nc3ccc(Cl)c(Cl)c3)ncnc2cc1OCC1CN(C)CCO1,7.301030158996582,7.040599526087443,0.5270393352385394,0.7857142857142857,0.2604306329091388
rf,3546,COCCOc1cc2c(Nc3ccc(Cl)c(Cl)c3)ncnc2cc1OCC1CNCCO1,7.301030158996582,6.583100439516704,0.5391241882046346,0.782608695652174,0.7179297194798782
rf,4042,COc1cc(Nc2ncnc3cc(OCC4CN(C)CCO4)c(OC)cc23)c(OC)cc1Cl,6.0,6.015883830064818,1.00348737811778,0.7,0.015883830064818305
rf,4766,COc1cc2c(Nc3cc(Cl)c(Br)cc3F)ncnc2cc1OCC1CN(C)C(C)(C)CO1,7.301030158996582,6.970804016612825,0.6278222167423618,0.7088607594936709,0.3302261423837569
rf,4779,COc1cc2c(Nc3cc(Cl)c(Cl)c(Cl)c3)ncnc2cc1OCC1CN(C)CCO1,7.301030158996582,7.155642080363772,0.46290273277846145,0.7647058823529411,0.1453880786328101
rf,4781,COc1cc2c(Nc3cc(Cl)c(Cl)cc3F)ncnc2cc1OCC1CN(C)C(C)(C)CO1,7.301030158996582,7.029810402841795,0.6317807813712084,0.6842105263157895,0.2712197561547871
rf,4782,COc1cc2c(Nc3cc(Cl)c(Cl)cc3F)ncnc2cc1OCC1CN(C)CCO1,7.301030158996582,7.140955136034602,0.5328685179297635,0.75,0.16007502296197984
rf,4794,COc1cc2c(Nc3cc(Cl)ccc3F)ncnc2cc1OCC1CN(C)CCO1,7.301030158996582,7.187908450379826,0.6365919735864718,0.6712328767123288,0.11312170861675597
rf,4797,COc1cc2c(Nc3cc(F)c(Br)c(F)c3)ncnc2cc1OCC1CN(C)CCO1,7.301030158996582,7.2245517504669365,0.5051778629179775,0.6486486486486487,0.07647840852964549
rf,4798,COc1cc2c(Nc3cc(F)c(Br)cc3F)ncnc2cc1OCC1CN(C)CCO1,7.301030158996582,7.2939568000430155,0.6106128225043802,0.6533333333333333,0.007073358953566533
rf,4820,COc1cc2c(Nc3ccc(Br)c(C)c3)ncnc2cc1OCC1CN(C)CCO1,7.301030158996582,7.115914970367295,0.5509629484269102,0.7083333333333334,0.185115188629287
rf,4823,COc1cc2c(Nc3ccc(Br)c(Cl)c3)ncnc2cc1OCC1CN(C)CCO1,7.301030158996582,7.184379395772161,0.373373789731515,0.7857142857142857,0.11665076322442136
rf,4849,COc1cc2c(Nc3ccc(Br)c(Cl)c3C)ncnc2cc1OCC1CN(C)CCO1,7.301030158996582,6.8783966321347245,0.6567390853921773,0.6666666666666666,0.4226335268618575
rf,4850,COc1cc2c(Nc3ccc(Br)c(Cl)c3Cl)ncnc2cc1OCC1CN(C)C(C)(C)CO1,7.301030158996582,6.948792969976151,0.5930261113355613,0.7012987012987013,0.352237189020431
rf,4851,COc1cc2c(Nc3ccc(Br)c(Cl)c3Cl)ncnc2cc1OCC1CN(C)CCO1,7.301030158996582,7.060397707616712,0.46332614632532365,0.7571428571428571,0.2406324513798701
rf,4862,COc1cc2c(Nc3ccc(Br)c(Cl)c3F)ncnc2cc1OCC1CN(C)C(C)(C)CO1,7.301030158996582,7.017922820474984,0.5614563997036401,0.7125,0.28310733852159764
rf,4863,COc1cc2c(Nc3ccc(Br)c(Cl)c3F)ncnc2cc1OCC1CN(C)CCO1,7.301030158996582,7.138354776376148,0.403938460777979,0.7671232876712328,0.16267538262043413
rf,4882,COc1cc2c(Nc3ccc(Br)c(F)c3F)ncnc2cc1OCC1CN(C)CCO1,7.301030158996582,7.143020930495337,0.4663362449233741,0.6578947368421053,0.15800922850124532
rf,4884,COc1cc2c(Nc3ccc(Br)cc3Br)ncnc2cc1OCC1CN(C)CCO1,7.301030158996582,7.144403473361332,0.47934065174341034,0.6301369863013698,0.15662668563525006
rf,4885,COc1cc2c(Nc3ccc(Br)cc3C)ncnc2cc1OCC1CN(C)CCO1,7.301030158996582,7.146938197914757,0.5003413694672005,0.6301369863013698,0.154091961081825
rf,4886,COc1cc2c(Nc3ccc(Br)cc3Cl)ncnc2cc1OCC1CN(C)CCO1,7.301030158996582,7.164455617952346,0.40368039864695765,0.6986301369863014,0.1365745410442356
rf,4892,COc1cc2c(Nc3ccc(Br)cc3F)ncnc2cc1OCC1CN(C)CCO1,7.301030158996582,7.541407792981466,0.5925321710119728,0.7536231884057971,0.24037763398488377
rf,4907,COc1cc2c(Nc3ccc(C)c(Br)c3)ncnc2cc1OCC1CN(C)CCO1,7.301030158996582,7.185102241349219,0.4441556260566185,0.7083333333333334,0.11592791764736265
rf,4912,COc1cc2c(Nc3ccc(C)c(Cl)c3Cl)ncnc2cc1OCC1CN(C)CCO1,7.301030158996582,7.103790842462719,0.47900449170551157,0.6621621621621622,0.19723931653386284
rf,4915,COc1cc2c(Nc3ccc(Cl)c(Br)c3)ncnc2cc1OCC1CN(C)CCO1,7.301030158996582,7.207140252025921,0.31927884942109147,0.7857142857142857,0.09388990697066113
rf,4917,COc1cc2c(Nc3ccc(Cl)c(C)c3)ncnc2cc1OCC1CN(C)CCO1,7.301030158996582,7.199179077091671,0.42869680940334987,0.8208955223880597,0.10185108190491121
rf,4931,COc1cc2c(Nc3ccc(Cl)c(Cl)c3)ncnc2cc1OCC1CN(/C(N)=N/C#N)CCO1,7.301030158996582,7.257326331138611,0.299655261865352,0.8354430379746836,0.043703827857971334
rf,4932,COc1cc2c(Nc3ccc(Cl)c(Cl)c3)ncnc2cc1OCC1CN(C(=O)C(C)(C)C)CCO1,7.301030158996582,7.323779352188111,0.524038467645126,0.7922077922077922,0.022749193191528683
rf,4934,COc1cc2c(Nc3ccc(Cl)c(Cl)c3)ncnc2cc1OCC1CN(C(=O)CC(=O)O)CCO1,7.301030158996582,7.281601694107056,0.18744023141137436,0.8205128205128205,0.01942846488952643
rf,4935,COc1cc2c(Nc3ccc(Cl)c(Cl)c3)ncnc2cc1OCC1CN(C(=O)CCC(C)C)CCO1,7.301030158996582,7.208988940238952,0.42789895310376946,0.8125,0.09204121875762983
rf,4938,COc1cc2c(Nc3ccc(Cl)c(Cl)c3)ncnc2cc1OCC1CN(C(=O)OC(C)(C)C)CCO1,7.301030158996582,7.178350290775299,0.42067341225180216,0.7721518987341772,0.12267986822128307
rf,4948,COc1cc2c(Nc3ccc(Cl)c(Cl)c3)ncnc2cc1OCC1CN(C(C)=O)CCO1,7.301030158996582,7.29473429107666,0.09117336319219804,0.9130434782608695,0.0062958679199223155
rf,4949,COc1cc2c(Nc3ccc(Cl)c(Cl)c3)ncnc2cc1OCC1CN(C(C)C(C)=O)CCO1,7.301030158996582,7.126736619949341,0.5225684861706754,0.7733333333333333,0.1742935390472411
rf,4951,COc1cc2c(Nc3ccc(Cl)c(Cl)c3)ncnc2cc1OCC1CN(C(C)C)CCO1,6.790435314178467,6.9263522939682005,0.6189226669163501,0.9104477611940298,0.13591697978973372
rf,4953,COc1cc2c(Nc3ccc(Cl)c(Cl)c3)ncnc2cc1OCC1CN(C)C(C)(C)CO1,7.301030158996582,7.113424599036717,0.4807076991254848,0.8507462686567164,0.18760555995986472
rf,4954,COc1cc2c(Nc3ccc(Cl)c(Cl)c3)ncnc2cc1OCC1CN(C)CC(C)(C)O1,7.301030158996582,6.98506448284785,0.5873158133634948,0.8529411764705882,0.31596567614873194
rf,4957,COc1cc2c(Nc3ccc(Cl)c(Cl)c3)ncnc2cc1OCC1CN(C)CCO1,6.139920234680176,7.2771713101069135,0.20146461238952873,0.90625,1.1372510754267378
rf,4958,COc1cc2c(Nc3ccc(Cl)c(Cl)c3)ncnc2cc1OCC1CN(C/C=C/Br)CCO1,7.301030158996582,7.162325722773869,0.4848051905149224,0.7733333333333333,0.13870443622271278
rf,4963,COc1cc2c(Nc3ccc(Cl)c(Cl)c3)ncnc2cc1OCC1CN(CC(N)=O)CCO1,7.301030158996582,6.979758162498474,0.6777580426770895,0.7763157894736842,0.32127199649810834
rf,4969,COc1cc2c(Nc3ccc(Cl)c(Cl)c3)ncnc2cc1OCC1CN(CC=C(C)C)CCO1,7.301030158996582,7.117630943775177,0.5890087547067162,0.7763157894736842,0.1833992152214048
rf,4974,COc1cc2c(Nc3ccc(Cl)c(Cl)c3)ncnc2cc1OCC1CN(CCCC#N)CCO1,7.301030158996582,7.060812336921692,0.5510209455054961,0.7848101265822784,0.24021782207489029
rf,4975,COc1cc2c(Nc3ccc(Cl)c(Cl)c3)ncnc2cc1OCC1CN(CCCCCC#N)CCO1,6.139920234680176,7.108679232597351,0.5996669096995019,0.7654320987654321,0.9687589979171749
rf,4976,COc1cc2c(Nc3ccc(Cl)c(Cl)c3)ncnc2cc1OCC1CN(CCCCCCO)CCO1,7.301030158996582,7.084124312400818,0.5430224180229886,0.8133333333333334,0.21690584659576384
rf,4977,COc1cc2c(Nc3ccc(Cl)c(Cl)c3)ncnc2cc1OCC1CN(CCCCF)CCO1,7.301030158996582,7.092073053359985,0.5409257393163667,0.8051948051948052,0.20895710563659708
rf,4980,COc1cc2c(Nc3ccc(Cl)c(Cl)c3)ncnc2cc1OCC1CN(CCF)CCO1,7.301030158996582,7.201776640892029,0.37474139945944396,0.8450704225352113,0.09925351810455307
rf,4981,COc1cc2c(Nc3ccc(Cl)c(Cl)c3)ncnc2cc1OCC1CN(CCO)CCO1,7.301030158996582,7.167413329124451,0.48424046233675677,0.8591549295774648,0.13361682987213097
rf,4982,COc1cc2c(Nc3ccc(Cl)c(Cl)c3)ncnc2cc1OCC1CN(CCOCCO)CCO1,6.139920234680176,7.036847635269165,0.5138280693879959,0.8026315789473685,0.8969274005889893
rf,4987,COc1cc2c(Nc3ccc(Cl)c(Cl)c3)ncnc2cc1OCC1CN(S(=O)(=O)CCCCl)CCO1,7.301030158996582,7.164427664756775,0.5836692113512697,0.7974683544303798,0.1366024942398072
rf,4993,COc1cc2c(Nc3ccc(Cl)c(Cl)c3)ncnc2cc1OCC1CN(S(C)(=O)=O)CCO1,7.301030158996582,7.1707680074214935,0.48049779882301147,0.9130434782608695,0.13026215157508858
rf,4997,COc1cc2c(Nc3ccc(Cl)c(Cl)c3)ncnc2cc1OCC1CNCC(C)(C)O1,7.301030158996582,6.677383344690005,0.5976261551549579,0.7183098591549296,0.6236468143065768
rf,4999,COc1cc2c(Nc3ccc(Cl)c(Cl)c3)ncnc2cc1OCC1CNCCO1,6.279840469360352,6.606595347372691,0.47463907976136,0.9047619047619048,0.3267548780123395
rf,5122,COc1cc2c(Nc3ccc(Cl)c(Cl)c3C)ncnc2cc1OCC1CN(C)CCO1,7.301030158996582,6.89929124565465,0.6313931054126412,0.6891891891891891,0.4017389133419318
rf,5123,COc1cc2c(Nc3ccc(Cl)c(Cl)c3Cl)ncnc2cc1OCC1CN(C)CCO1,7.301030158996582,7.0722632549024755,0.5232797659035202,0.7083333333333334,0.2287669040941065
rf,5128,COc1cc2c(Nc3ccc(Cl)c(Cl)c3F)ncnc2cc1OCC1CN(C)C(C)(C)CO1,7.301030158996582,6.836217534367244,0.5677790709831174,0.7051282051282052,0.4648126246293378
rf,5129,COc1cc2c(Nc3ccc(Cl)c(Cl)c3F)ncnc2cc1OCC1CN(C)CCO1,7.301030158996582,7.0384373898982995,0.4287806231637586,0.7605633802816901,0.26259276909828255
rf,5155,COc1cc2c(Nc3ccc(Cl)cc3Cl)ncnc2cc1OCC1CN(C)CCO1,7.301030158996582,7.181447673654555,0.4298980998110045,0.7083333333333334,0.11958248534202731
rf,5161,COc1cc2c(Nc3ccc(Cl)cc3F)ncnc2cc1OCC1CN(C)CCO1,7.301030158996582,7.462678956022716,0.5274133837229078,0.7571428571428571,0.16164879702613355
rf,5185,COc1cc2c(Nc3ccc(F)c(Cl)c3)ncnc2cc1OCC1CN(C)CCO1,7.301030158996582,6.944527370572091,0.8345967236011367,0.7857142857142857,0.3565027884244909
rf,5187,COc1cc2c(Nc3ccc(F)c(Cl)c3F)ncnc2cc1OCC1CN(C)C(C)(C)CO1,7.301030158996582,7.054178564555304,0.641173015812749,0.7051282051282052,0.2468515944412779
rf,5188,COc1cc2c(Nc3ccc(F)c(Cl)c3F)ncnc2cc1OCC1CN(C)CCO1,7.301030158996582,7.1765837485010655,0.47558069939472847,0.7605633802816901,0.12444641049551652
rf,5257,COc1cc2c(Nc3cccc(Br)c3C)ncnc2cc1OCC1CN(C)CCO1,7.301030158996582,6.897789620391527,0.6830893328101233,0.6025641025641025,0.40324053860505504
rf,5259,COc1cc2c(Nc3cccc(Br)c3Cl)ncnc2cc1OCC1CN(C)CCO1,7.301030158996582,7.1251225866980015,0.45061966374746854,0.6533333333333333,0.17590757229858056
rf,5262,COc1cc2c(Nc3cccc(Cl)c3C)ncnc2cc1OCC1CN(C)CCO1,7.301030158996582,6.943562806176003,0.6559260126020943,0.6666666666666666,0.35746735282057873
rf,5267,COc1cc2c(Nc3cccc(Cl)c3F)ncnc2cc1OCC1CN(C)CCO1,7.301030158996582,7.129004235857252,0.4639349372740856,0.6904761904761905,0.17202592313932996
rf,1483,CCN(CC)[C@H]1CO[C@H]2[C@@H]1OC[C@@H]2Oc1cc2ncnc(Nc3ccc(Br)c(Cl)c3)c2cc1OC,7.301030158996582,6.1089091798941295,0.8602667376135772,0.7236842105263158,1.1921209791024525
rf,1835,CCO[C@H]1CO[C@H]2[C@@H]1OC[C@@H]2Oc1cc2ncnc(Nc3ccc(Br)c(Cl)c3)c2cc1OC,6.139920234680176,6.007335821517309,0.6832325367571367,0.7534246575342466,0.13258441316286707
rf,2977,CN[C@H]1CO[C@H]2[C@@H]1OC[C@@H]2Oc1cc2ncnc(Nc3ccc(Br)c(Cl)c3)c2cc1OC,6.0,6.100483824253082,0.4828119303286455,0.7534246575342466,0.10048382425308233
rf,4045,COc1cc(Nc2ncnc3cc(O[C@@H]4CO[C@@H]5[C@H]4OC[C@H]5F)c(OC)cc23)c(OC)cc1Cl,6.279840469360352,5.659267118930817,0.7576246539459873,0.6986301369863014,0.6205733504295345
rf,4148,COc1cc(OC)c(Nc2ncnc3cc(O[C@@H]4CO[C@@H]5[C@H]4OC[C@H]5F)c(OC)cc23)cc1Cl,6.279840469360352,5.657777472019196,0.726976319743912,0.6986301369863014,0.622062997341156
rf,4732,COc1cc2c(Nc3c(F)cc(F)cc3Br)ncnc2cc1O[C@@H]1CO[C@@H]2[C@H]1OC[C@H]2F,7.301030158996582,6.1438819338889346,0.6605775745322782,0.6153846153846154,1.1571482251076475
rf,4733,COc1cc2c(Nc3c(F)cc(F)cc3F)ncnc2cc1O[C@@H]1CO[C@@H]2[C@H]1OC[C@H]2F,6.279840469360352,6.120724897107623,0.6655003253271535,0.6575342465753424,0.15911557225272865
rf,4761,COc1cc2c(Nc3c(F)cccc3F)ncnc2cc1O[C@@H]1CO[C@@H]2[C@H]1OC[C@H]2F,7.301030158996582,6.048766569137573,0.5794963257714252,0.6712328767123288,1.2522635898590089
rf,4762,COc1cc2c(Nc3cc(Br)cc(C(F)(F)F)c3)ncnc2cc1O[C@@H]1CO[C@@H]2[C@H]1OC[C@H]2F,7.301030158996582,6.080852167606354,0.6974929190163307,0.631578947368421,1.2201779913902282
rf,4763,COc1cc2c(Nc3cc(C(F)(F)F)ccc3Br)ncnc2cc1O[C@@H]1CO[C@@H]2[C@H]1OC[C@H]2F,6.279840469360352,5.989039047718048,0.6235863028644258,0.6049382716049383,0.2908014216423034
rf,4764,COc1cc2c(Nc3cc(C(F)(F)F)ccc3Cl)ncnc2cc1O[C@@H]1CO[C@@H]2[C@H]1OC[C@H]2F,7.301030158996582,5.9660968708992,0.6009265556542783,0.6708860759493671,1.3349332880973819
rf,4765,COc1cc2c(Nc3cc(C)cc(C)c3)ncnc2cc1O[C@@H]1CO[C@@H]2[C@H]1OC[C@H]2F,6.279840469360352,6.101411520004272,0.5439537498648398,0.7164179104477612,0.17842894935607934
rf,4776,COc1cc2c(Nc3cc(Cl)c(Br)cc3F)ncnc2cc1O[C@@H]1CO[C@@H]2[C@H]1OC[C@H]2F,7.301030158996582,6.065992365678152,0.3922330409882872,0.7162162162162162,1.2350377933184298
rf,4778,COc1cc2c(Nc3cc(Cl)c(Br)cc3F)ncnc2cc1O[C@H]1CO[C@H]2[C@@H]1OC[C@@H]2OC,6.139920234680176,6.041901854515076,0.3338591059169889,0.8115942028985508,0.0980183801651
rf,4780,COc1cc2c(Nc3cc(Cl)c(Cl)c(Cl)c3)ncnc2cc1O[C@@H]1CO[C@@H]2[C@H]1OC[C@H]2F,7.301030158996582,6.092617347717285,0.448383830051592,0.7183098591549296,1.2084128112792971
rf,4790,COc1cc2c(Nc3cc(Cl)c(Cl)cc3F)ncnc2cc1O[C@@H]1CO[C@@H]2[C@H]1OC[C@H]2F,6.279840469360352,6.079974852244058,0.45921489153761924,0.6891891891891891,0.19986561711629314
rf,4792,COc1cc2c(Nc3cc(Cl)c(Cl)cc3F)ncnc2cc1O[C@H]1CO[C@H]2[C@@H]1OC[C@@H]2OC,7.301030158996582,6.062123125076294,0.4256015835457931,0.7761194029850746,1.2389070339202881
rf,4793,COc1cc2c(Nc3cc(Cl)ccc3Cl)ncnc2cc1O[C@@H]1CO[C@@H]2[C@H]1OC[C@H]2F,6.279840469360352,5.9554110498428345,0.4512179957784342,0.7066666666666667,0.324429419517517
rf,4795,COc1cc2c(Nc3cc(Cl)ccc3F)ncnc2cc1O[C@@H]1CO[C@@H]2[C@H]1OC[C@H]2F,6.279840469360352,6.022217515627543,0.7528839961151369,0.7361111111111112,0.25762295373280875
rf,4796,COc1cc2c(Nc3cc(F)c(Br)c(Cl)c3)ncnc2cc1O[C@@H]1CO[C@@H]2[C@H]1OC[C@H]2F,7.301030158996582,6.1902940303484595,0.5533244184095093,0.7297297297297297,1.1107361286481225
rf,4799,COc1cc2c(Nc3cc(F)c(F)cc3F)ncnc2cc1O[C@@H]1CO[C@@H]2[C@H]1OC[C@H]2F,7.301030158996582,6.043024126688639,0.5073167345979808,0.6712328767123288,1.258006032307943
rf,4801,COc1cc2c(Nc3cc(F)cc(F)c3)ncnc2cc1O[C@@H]1CO[C@@H]2[C@H]1OC[C@H]2F,7.301030158996582,6.160984422899428,0.6926656726895618,0.7142857142857143,1.1400457360971537
rf,4802,COc1cc2c(Nc3cc(F)ccc3F)ncnc2cc1O[C@@H]1CO[C@@H]2[C@H]1OC[C@H]2F,6.279840469360352,6.034445604165395,0.864582895671963,0.6756756756756757,0.24539486519495668
rf,4825,COc1cc2c(Nc3ccc(Br)c(Cl)c3)ncnc2cc1O[C@@H]1CO[C@H]2[C@@H]1OC[C@@H]2C(F)(F)F,6.0,6.145578833580017,0.5601443626753765,0.7432432432432432,0.145578833580017
rf,4826,COc1cc2c(Nc3ccc(Br)c(Cl)c3)ncnc2cc1O[C@@H]1CO[C@H]2[C@@H]1OC[C@@H]2NC(F)(F)F,6.0,6.101419121424358,0.5254546584749687,0.7142857142857143,0.1014191214243576
rf,4827,COc1cc2c(Nc3ccc(Br)c(Cl)c3)ncnc2cc1O[C@@H]1CO[C@H]2[C@@H]1OC[C@@H]2NS(C)(=O)=O,6.0,5.988832563400268,0.6053874754979904,0.7051282051282052,0.01116743659973185
rf,4828,COc1cc2c(Nc3ccc(Br)c(Cl)c3)ncnc2cc1O[C@@H]1CO[C@H]2[C@@H]1OC[C@@H]2O,6.0,6.079487990856171,0.3698028352208085,0.7638888888888888,0.07948799085617075
rf,4829,COc1cc2c(Nc3ccc(Br)c(Cl)c3)ncnc2cc1O[C@@H]1CO[C@H]2[C@@H]1OC[C@@H]2OS(C)(=O)=O,6.0,6.153356348705292,0.5821491214007568,0.7432432432432432,0.1533563487052918
rf,4832,COc1cc2c(Nc3ccc(Br)c(Cl)c3)ncnc2cc1O[C@H]1CO[C@@H]2CCO[C@H]12,6.139920234680176,6.177592474142711,0.4886982729793055,0.7361111111111112,0.03767223946253484
rf,4833,COc1cc2c(Nc3ccc(Br)c(Cl)c3)ncnc2cc1O[C@H]1CO[C@@H]2[C@@H](OC)[C@@H](OC)O[C@@H]21,6.279840469360352,6.143742978890738,0.41237907607567426,0.7272727272727273,0.13609749046961372
rf,4834,COc1cc2c(Nc3ccc(Br)c(Cl)c3)ncnc2cc1O[C@H]1CO[C@@H]2[C@@H](OC)[C@H](OC)O[C@@H]21,7.301030158996582,6.143742978890738,0.41237907607567426,0.7272727272727273,1.1572871801058442
rf,4836,COc1cc2c(Nc3ccc(Br)c(Cl)c3)ncnc2cc1O[C@H]1CO[C@H]2[C@@H]1OC[C@@H]2N,6.0,5.878182551860809,0.7595627734088852,0.7638888888888888,0.12181744813919071
rf,4841,COc1cc2c(Nc3ccc(Br)c(Cl)c3)ncnc2cc1O[C@H]1CO[C@H]2[C@@H]1OC[C@@H]2NC(C)=O,6.0,6.105563999017081,0.4819546261183609,0.7051282051282052,0.10556399901708069
rf,4842,COc1cc2c(Nc3ccc(Br)c(Cl)c3)ncnc2cc1O[C@H]1CO[C@H]2[C@@H]1OC[C@@H]2O,6.0,6.079487990856171,0.3698028352208085,0.7638888888888888,0.07948799085617075
rf,4843,COc1cc2c(Nc3ccc(Br)c(Cl)c3)ncnc2cc1O[C@H]1CO[C@H]2[C@@H]1OC[C@@H]2OC,6.650515079498291,6.10904943561554,0.3469140921659257,0.7971014492753623,0.5414656438827512
rf,4844,COc1cc2c(Nc3ccc(Br)c(Cl)c3)ncnc2cc1O[C@H]1CO[C@H]2[C@@H]1OC[C@@H]2OC(C)=O,6.0,5.896730169932048,0.7863847439808771,0.7432432432432432,0.1032698300679522
rf,4845,COc1cc2c(Nc3ccc(Br)c(Cl)c3)ncnc2cc1O[C@H]1CO[C@H]2[C@@H]1OC[C@@H]2OC(F)F,6.650515079498291,6.1733250284194945,0.5839200707997173,0.7432432432432432,0.47719005107879653
rf,4846,COc1cc2c(Nc3ccc(Br)c(Cl)c3)ncnc2cc1O[C@H]1CO[C@H]2[C@@H]1OC[C@@H]2S(C)(=O)=O,6.0,6.165439144802093,0.515717528337591,0.7236842105263158,0.1654391448020931
rf,4847,COc1cc2c(Nc3ccc(Br)c(Cl)c3)ncnc2cc1O[C@H]1CO[C@H]2[C@@H]1OC[C@@H]2SC,6.0,6.36039026743571,0.745062005855887,0.7432432432432432,0.3603902674357098
rf,4848,COc1cc2c(Nc3ccc(Br)c(Cl)c3)ncnc2cc1O[C@H]1CO[C@H]2[C@@H]1OC[C@H]2OC,6.650515079498291,6.10904943561554,0.3469140921659257,0.7971014492753623,0.5414656438827512
rf,4859,COc1cc2c(Nc3ccc(Br)c(Cl)c3Cl)ncnc2cc1O[C@@H]1CO[C@@H]2[C@H]1OC[C@H]2F,6.279840469360352,6.089076756954193,0.40322571358458426,0.7534246575342466,0.19076371240615853
rf,4861,COc1cc2c(Nc3ccc(Br)c(Cl)c3Cl)ncnc2cc1O[C@H]1CO[C@H]2[C@@H]1OC[C@@H]2OC,5.489405155181885,6.071212538719177,0.39481048874987923,0.8059701492537313,0.5818073835372921
rf,4879,COc1cc2c(Nc3ccc(Br)c(Cl)c3F)ncnc2cc1O[C@@H]1CO[C@@H]2[C@H]1OC[C@H]2F,6.279840469360352,6.527007699489594,0.7091671262636723,0.72,0.24716723012924202
rf,4881,COc1cc2c(Nc3ccc(Br)c(Cl)c3F)ncnc2cc1O[C@H]1CO[C@H]2[C@@H]1OC[C@@H]2OC,5.629325866699219,6.535154575824738,0.7066666782004053,0.8142857142857143,0.9058287091255188
rf,4883,COc1cc2c(Nc3ccc(Br)cc3)ncnc2cc1O[C@@H]1CO[C@@H]2[C@H]1OC[C@H]2F,6.279840469360352,6.042105282306671,0.47614926429260057,0.7727272727272727,0.2377351870536808
rf,4887,COc1cc2c(Nc3ccc(Br)cc3Cl)ncnc2cc1O[C@@H]1CO[C@@H]2[C@H]1OC[C@H]2F,7.301030158996582,6.051892821788788,0.4648475270553817,0.6973684210526315,1.2491373372077943
rf,4903,COc1cc2c(Nc3ccc(Br)cc3F)ncnc2cc1O[C@@H]1CO[C@@H]2[C@H]1OC[C@H]2F,7.301030158996582,6.093539737224579,0.5688964536787835,0.68,1.207490421772003
rf,4906,COc1cc2c(Nc3ccc(C(F)(F)F)cc3Br)ncnc2cc1O[C@@H]1CO[C@@H]2[C@H]1OC[C@H]2F,7.301030158996582,5.993056364393235,0.6311804707839572,0.625,1.3079737946033472
rf,4911,COc1cc2c(Nc3ccc(C)c(Br)c3)ncnc2cc1O[C@@H]1CO[C@@H]2[C@H]1OC[C@H]2F,6.279840469360352,6.127941601626079,0.5717311614316711,0.6944444444444444,0.15189886773427297
rf,4916,COc1cc2c(Nc3ccc(Cl)c(C(F)(F)F)c3)ncnc2cc1O[C@@H]1CO[C@@H]2[C@H]1OC[C@H]2F,6.279840469360352,6.071480108261109,0.5182889144335124,0.6666666666666666,0.20836036109924283
rf,5119,COc1cc2c(Nc3ccc(Cl)c(Cl)c3)ncnc2cc1O[C@@H]1CO[C@@H]2[C@H]1OC[C@H]2F,7.301030158996582,6.384094100952148,0.60890294228724,0.7142857142857143,0.9169360580444339
rf,5121,COc1cc2c(Nc3ccc(Cl)c(Cl)c3)ncnc2cc1O[C@H]1CO[C@H]2[C@@H]1OC[C@@H]2OC,5.489405155181885,6.448230177402496,0.6323778633468601,0.796875,0.9588250222206112
rf,5124,COc1cc2c(Nc3ccc(Cl)c(Cl)c3Cl)ncnc2cc1O[C@@H]1CO[C@@H]2[C@H]1OC[C@H]2F,7.301030158996582,5.980154993057251,0.28586845647302855,0.7777777777777778,1.3208751659393307
rf,5126,COc1cc2c(Nc3ccc(Cl)c(Cl)c3Cl)ncnc2cc1O[C@H]1CO[C@H]2[C@@H]1OC[C@@H]2OC,5.629325866699219,5.97855169916153,0.28719904492340914,0.7761194029850746,0.3492258324623112
rf,5149,COc1cc2c(Nc3ccc(Cl)c(Cl)c3F)ncnc2cc1O[C@@H]1CO[C@@H]2[C@H]1OC[C@H]2F,7.301030158996582,6.067453521251679,0.42387266829355735,0.7567567567567568,1.2335766377449033
rf,5151,COc1cc2c(Nc3ccc(Cl)c(Cl)c3F)ncnc2cc1O[C@H]1CO[C@H]2[C@@H]1OC[C@@H]2OC,6.139920234680176,6.071199088573456,0.4211956593590556,0.8088235294117647,0.06872114610671964
rf,5153,COc1cc2c(Nc3ccc(Cl)cc3)ncnc2cc1O[C@@H]1CO[C@@H]2[C@H]1OC[C@H]2F,6.279840469360352,5.96156406879425,0.5016134191667054,0.7941176470588235,0.3182764005661012
rf,5154,COc1cc2c(Nc3ccc(Cl)cc3C)ncnc2cc1O[C@@H]1CO[C@@H]2[C@H]1OC[C@H]2F,6.279840469360352,6.357158424377442,1.016389649182258,0.6933333333333334,0.07731795501709016
rf,5156,COc1cc2c(Nc3ccc(Cl)cc3Cl)ncnc2cc1O[C@@H]1CO[C@@H]2[C@H]1OC[C@H]2F,6.279840469360352,5.931034463882447,0.4034038870962206,0.7123287671232876,0.34880600547790497
rf,5183,COc1cc2c(Nc3ccc(Cl)cc3F)ncnc2cc1O[C@@H]1CO[C@@H]2[C@H]1OC[C@H]2F,7.301030158996582,6.006047915458679,0.5622128185321237,0.726027397260274,1.2949822435379028
rf,5184,COc1cc2c(Nc3ccc(F)c(C(F)(F)F)c3)ncnc2cc1O[C@@H]1CO[C@@H]2[C@H]1OC[C@H]2F,7.301030158996582,5.993338062000275,0.5591524220346471,0.6842105263157895,1.3076920969963073
rf,5186,COc1cc2c(Nc3ccc(F)c(Cl)c3)ncnc2cc1O[C@@H]1CO[C@@H]2[C@H]1OC[C@H]2F,6.279840469360352,5.988590576171875,0.5354304004822852,0.75,0.2912498931884766
rf,5196,COc1cc2c(Nc3ccc(F)c(Cl)c3F)ncnc2cc1O[C@@H]1CO[C@@H]2[C@H]1OC[C@H]2F,6.279840469360352,5.99549474143982,0.49654721848078665,0.7123287671232876,0.2843457279205319
rf,5198,COc1cc2c(Nc3ccc(F)c(Cl)c3F)ncnc2cc1O[C@H]1CO[C@H]2[C@@H]1OC[C@@H]2OC,5.629325866699219,5.9893840651512145,0.49752059610114446,0.8088235294117647,0.3600581984519957
rf,5201,COc1cc2c(Nc3ccc(F)c(F)c3)ncnc2cc1O[C@@H]1CO[C@@H]2[C@H]1OC[C@H]2F,6.279840469360352,6.023345317872365,0.46934470222621133,0.7571428571428571,0.25649515148798674
rf,5202,COc1cc2c(Nc3ccc(F)c(F)c3F)ncnc2cc1O[C@@H]1CO[C@@H]2[C@H]1OC[C@H]2F,6.279840469360352,5.988822809696197,0.47625402297561537,0.6756756756756757,0.2910176596641545
rf,5204,COc1cc2c(Nc3ccc(F)cc3)ncnc2cc1O[C@@H]1CO[C@@H]2[C@H]1OC[C@H]2F,4.978810787200928,6.035116840839386,0.5952653982670232,0.7727272727272727,1.0563060536384583
rf,5205,COc1cc2c(Nc3ccc(F)cc3Br)ncnc2cc1O[C@@H]1CO[C@@H]2[C@H]1OC[C@H]2F,6.279840469360352,6.016554958677292,0.5803417365777037,0.6493506493506493,0.26328551068305917
rf,5206,COc1cc2c(Nc3ccc(F)cc3C(F)(F)F)ncnc2cc1O[C@@H]1CO[C@@H]2[C@H]1OC[C@H]2F,4.978810787200928,6.011174831867218,0.695635515968682,0.6329113924050633,1.0323640446662905
rf,5210,COc1cc2c(Nc3ccc(F)cc3Cl)ncnc2cc1O[C@@H]1CO[C@@H]2[C@H]1OC[C@H]2F,6.279840469360352,5.94476681470871,0.4834015922024952,0.6973684210526315,0.33507365465164174
rf,5211,COc1cc2c(Nc3ccc(F)cc3F)ncnc2cc1O[C@@H]1CO[C@@H]2[C@H]1OC[C@H]2F,7.301030158996582,6.006791405877612,0.6128425529643817,0.6891891891891891,1.2942387531189699
rf,5256,COc1cc2c(Nc3cccc(Br)c3)ncnc2cc1O[C@@H]1CO[C@@H]2[C@H]1OC[C@H]2F,6.279840469360352,6.064185649585724,0.6059434997128292,0.6805555555555556,0.21565481977462753
rf,5258,COc1cc2c(Nc3cccc(Br)c3C)ncnc2cc1O[C@H]1CO[C@H]2[C@@H]1OC[C@@H]2OC,5.489405155181885,6.002363532543183,0.7330965611099693,0.6,0.512958377361298
rf,5260,COc1cc2c(Nc3cccc(C(F)(F)F)c3F)ncnc2cc1O[C@@H]1CO[C@@H]2[C@H]1OC[C@H]2F,6.279840469360352,5.875840009689331,0.6636596623022852,0.6049382716049383,0.4040004596710203
rf,5261,COc1cc2c(Nc3cccc(Cl)c3)ncnc2cc1O[C@@H]1CO[C@@H]2[C@H]1OC[C@H]2F,4.978810787200928,5.991419368743896,0.4532481172299597,0.7123287671232876,1.0126085815429686
rf,5263,COc1cc2c(Nc3cccc(Cl)c3C)ncnc2cc1O[C@@H]1CO[C@@H]2[C@H]1OC[C@H]2F,6.279840469360352,5.962429200649262,0.6184054362048795,0.6753246753246753,0.3174112687110897
rf,5264,COc1cc2c(Nc3cccc(Cl)c3C)ncnc2cc1O[C@H]1CO[C@H]2[C@@H]1OC[C@@H]2OC,5.489405155181885,5.960864480495453,0.6366156667267767,0.6,0.4714593253135684
rf,5268,COc1cc2c(Nc3cccc(Cl)c3F)ncnc2cc1O[C@@H]1CO[C@@H]2[C@H]1OC[C@H]2F,4.978810787200928,5.9202664456367495,0.5894211024382512,0.6666666666666666,0.9414556584358218
rf,5269,COc1cc2c(Nc3cccc(Cl)c3F)ncnc2cc1O[C@H]1CO[C@H]2[C@@H]1OC[C@@H]2F,6.0,5.9202664456367495,0.5894211024382512,0.6666666666666666,0.07973355436325047
rf,5270,COc1cc2c(Nc3cccc(Cl)c3F)ncnc2cc1O[C@H]1CO[C@H]2[C@@H]1OC[C@@H]2OC,6.139920234680176,5.925863738536835,0.5908356160561844,0.6621621621621622,0.21405649614334088
rf,5272,COc1cc2c(Nc3cccc(F)c3F)ncnc2cc1O[C@@H]1CO[C@@H]2[C@H]1OC[C@H]2F,6.279840469360352,5.900342661571503,0.6027003688121962,0.6447368421052632,0.3794978077888489
rf,5279,COc1cc2c(Nc3ccccc3Br)ncnc2cc1O[C@@H]1CO[C@@H]2[C@H]1OC[C@H]2F,6.279840469360352,5.941193057394028,0.5760343623084376,0.6447368421052632,0.3386474119663232
rf,5280,COc1cc2c(Nc3ccccc3Cl)ncnc2cc1O[C@@H]1CO[C@@H]2[C@H]1OC[C@H]2F,6.279840469360352,5.875314875125885,0.4816428685521012,0.6933333333333334,0.40452559423446655
rf,5281,COc1cc2c(Nc3ccccc3F)ncnc2cc1O[C@@H]1CO[C@@H]2[C@H]1OC[C@H]2F,6.279840469360352,6.077841003576915,0.8143864053909387,0.6621621621621622,0.20199946578343653
rf,6313,COc1ccc(OC)c(Nc2ncnc3cc(O[C@@H]4CO[C@@H]5[C@H]4OC[C@H]5F)c(OC)cc23)c1,7.301030158996582,5.928326812823613,0.6581529373346322,0.6712328767123288,1.372703346172969
rf,1148,CCC(C)CNCc1ccc2c(c1)NC(=O)c1c(Nc3cc(O)ccc3C)ccnc1N2,8.234331130981445,8.170161741256713,0.12115921658361868,0.7945205479452054,0.06416938972473218
rf,1156,CCC(CC)CNCc1ccc2c(c1)NC(=O)c1c(Nc3cc(O)ccc3C)ccnc1N2,8.0,8.20346907043457,0.15408746595651854,0.7727272727272727,0.2034690704345703
rf,1159,CCC(CC)NCc1ccc2c(c1)NC(=O)c1c(Nc3cc(O)ccc3C)ccnc1N2,8.213958740234375,8.150531533765793,0.11850277635542318,0.7428571428571429,0.06342720646858169
rf,1204,CCCCN(CC)Cc1ccc2c(c1)NC(=O)c1c(Nc3cc(O)c(C)cc3F)ccnc1N2,9.279840469360352,9.058283426920575,0.23143353951264362,0.68,0.2215570424397768
rf,1221,CCCCNCc1ccc2c(c1)NC(=O)c1c(Nc3cc(O)ccc3C)ccnc1N2,8.012781143188477,8.22173334121704,0.14250627797901505,0.7846153846153846,0.20895219802856424
rf,1278,CCCNCc1ccc2c(c1)NC(=O)c1c(Nc3cc(O)ccc3C)ccnc1N2,8.31966495513916,8.218559782028198,0.1422892613170849,0.8095238095238095,0.10110517311096245
rf,1316,CCCc1ccc(Nc2ccnc3c2C(=O)Nc2cc(C#N)ccc2N3)cc1O,7.036684513092041,7.5660379056930545,0.8204417766944146,0.6527777777777778,0.5293533926010134
rf,1357,CCN(C)Cc1ccc2c(c1)NC(=O)c1c(Nc3cc(O)c(C)cc3F)ccnc1N2,9.411168098449707,9.063062917391461,0.28722688617004277,0.7428571428571429,0.34810518105824606
rf,1364,CCN(CC)C(=O)c1ccc2c(c1)NC(=O)c1c(Nc3cc(O)c(C)cc3F)ccnc1N2,8.493494987487793,8.966235800266265,0.37857725170921924,0.6756756756756757,0.472740812778472
rf,1374,CCN(CC)CC(C)NCc1ccc2c(c1)NC(=O)c1c(Nc3cc(O)ccc3C)ccnc1N2,8.17457389831543,8.127461472082139,0.23420941869273806,0.7162162162162162,0.047112426233290705
rf,1477,CCN(CC)Cc1ccc2c(c1)NC(=O)c1c(Nc3cc(O)c(C)cc3F)ccnc1N2,9.080663681030273,9.069717985788982,0.21945101603853087,0.7285714285714285,0.01094569524129163
rf,1478,CCN(CC)Cc1ccc2c(c1)NC(=O)c1c(Nc3cc(O)c(Cl)cc3F)ccnc1N2,8.769551277160645,8.548401536544162,0.8415606566981796,0.6666666666666666,0.2211497406164824
rf,1479,CCN(CC)Cc1ccc2c(c1)NC(=O)c1c(Nc3cc(O)ccc3C)ccnc1N2,7.899629592895508,8.081913108905157,0.35381366281160886,0.7164179104477612,0.1822835160096492
rf,1488,CCN(CCCO)Cc1ccc2c(c1)NC(=O)c1c(Nc3cc(O)c(C)cc3F)ccnc1N2,9.149353981018066,9.05906731859843,0.21647319316549982,0.6753246753246753,0.09028666241963634
rf,1489,CCN(CCN(C)C)Cc1ccc2c(c1)NC(=O)c1c(Nc3cc(O)c(C)cc3F)ccnc1N2,9.16178035736084,9.051205617586772,0.28448501493557743,0.68,0.11057473977406751
rf,1491,CCN(CCN)Cc1ccc2c(c1)NC(=O)c1c(Nc3cc(O)c(C)cc3F)ccnc1N2,9.146302223205566,9.051960139560698,0.23524703108092804,0.6891891891891891,0.09434208364486807
rf,1493,CCN(CCO)C(=O)c1ccc2c(c1)NC(=O)c1c(Nc3cc(O)c(C)cc3F)ccnc1N2,8.747146606445312,8.961712300300599,0.37241172914902554,0.6463414634146342,0.21456569385528645
rf,1496,CCN(CCO)Cc1ccc2c(c1)NC(=O)c1c(Nc3cc(O)c(C)cc3F)ccnc1N2,9.235076904296875,9.060986973444622,0.21467661412993108,0.6933333333333334,0.17408993085225255
rf,1497,CCN(CCO)Cc1ccc2c(c1)NC(=O)c1c(Nc3cc(O)c(Cl)cc3F)ccnc1N2,8.882728576660156,8.537822647174199,0.8488762914272795,0.6329113924050633,0.34490592948595733
rf,1498,CCN(CCOC)Cc1ccc2c(c1)NC(=O)c1c(Nc3cc(O)c(C)cc3F)ccnc1N2,9.325139045715332,9.034237737973532,0.3433283880694893,0.6623376623376623,0.2909013077417999
rf,1502,CCN(Cc1ccc2c(c1)NC(=O)c1c(Nc3cc(O)c(C)cc3F)ccnc1N2)C(C)C,9.080398559570312,9.014523368517558,0.2879319597221058,0.6891891891891891,0.06587519105275419
rf,1503,CCN(Cc1ccc2c(c1)NC(=O)c1c(Nc3cc(O)c(C)cc3F)ccnc1N2)CC(C)O,9.057000160217285,9.032058168093364,0.26890728550247195,0.6666666666666666,0.024941992123920897
rf,1643,CCNC(=O)c1ccc2c(c1)NC(=O)c1c(Nc3cc(O)c(C)cc3F)ccnc1N2,9.025028228759766,8.997879106521607,0.30989856198091986,0.684931506849315,0.027149122238158796
rf,1654,CCNCc1ccc2c(c1)NC(=O)c1c(Nc3cc(O)c(C)cc3F)ccnc1N2,9.348722457885742,9.123244977633158,0.17923040734524961,0.7941176470588235,0.22547748025258407
rf,1655,CCNCc1ccc2c(c1)NC(=O)c1c(Nc3cc(O)ccc3C)ccnc1N2,7.906578540802002,8.1890054769516,0.1168090865049426,0.8360655737704918,0.2824269361495979
rf,1735,CCOC(=O)Nc1ccc(Nc2ccnc3c2C(=O)Nc2cc(C#N)ccc2N3)cc1O,7.062983989715576,7.600455167770385,0.8770391304599049,0.6533333333333333,0.5374711780548092
rf,1823,CCOCCC(C)NCc1ccc2c(c1)NC(=O)c1c(Nc3cc(O)ccc3C)ccnc1N2,8.199970245361328,8.143322896051407,0.13253471966941188,0.6883116883116883,0.056647349309921324
rf,1824,CCOCCN(CC)Cc1ccc2c(c1)NC(=O)c1c(Nc3cc(O)c(C)cc3F)ccnc1N2,9.07109260559082,9.072970871289572,0.2254219066223844,0.6538461538461539,0.0018782656987514912
rf,1961,CC[C@@H](C)[C@@H](CO)NCc1ccc2c(c1)NC(=O)c1c(Nc3cc(O)c(C)cc3F)ccnc1N2,8.549751281738281,9.064986385027566,0.22287112489435382,0.7088607594936709,0.5152351032892852
rf,2954,CNCc1ccc2c(c1)NC(=O)c1c(Nc3cc(O)ccc3C)ccnc1N2,7.847711563110352,8.114038528998693,0.23456414390862396,0.8032786885245902,0.26632696588834115
rf,3475,COCCCNCc1ccc2c(c1)NC(=O)c1c(Nc3cc(O)ccc3C)ccnc1N2,8.043831825256348,8.20799415397644,0.15175259682490982,0.75,0.16416232872009218
rf,3540,COCCOCCCNCc1ccc2c(c1)NC(=O)c1c(Nc3cc(O)ccc3C)ccnc1N2,7.962573528289795,8.206502144813538,0.14658264599505882,0.7160493827160493,0.24392861652374265
rf,3543,COCCOCCOCCOCCOCCOCCOCCOCCNCc1ccc2c(c1)NC(=O)c1c(Nc3cc(O)c(C)cc3F)ccnc1N2,8.285670280456543,9.114314651648202,0.26550194558803775,0.7466666666666667,0.8286443711916593
rf,4081,COc1cc(O)cc(Nc2ccnc3c2C(=O)Nc2cc(C#N)ccc2N3)c1,7.422508239746094,7.498674324035645,0.6671673174245575,0.581081081081081,0.07616608428955107
rf,6716,CSCC(CO)NCc1ccc2c(c1)NC(=O)c1c(Nc3cc(O)c(C)cc3F)ccnc1N2,8.772112846374512,9.085341581821442,0.15976422256486705,0.782051282051282,0.31322873544693053
rf,7170,Cc1cc(F)c(Nc2ccnc3c2C(=O)Nc2cc(C#N)ccc2N3)cc1O,8.712198257446289,9.070429109573364,0.20936725834246547,0.6857142857142857,0.3582308521270754
rf,7181,Cc1cc(F)c(Nc2ccnc3c2C(=O)Nc2cc(C(=O)O)ccc2N3)cc1O,7.591760158538818,9.02539121723175,0.2402080972021756,0.7352941176470589,1.4336310586929315
rf,7182,Cc1cc(F)c(Nc2ccnc3c2C(=O)Nc2cc(C(N)=O)ccc2N3)cc1O,9.079355239868164,9.032200258700053,0.24053375189975634,0.7352941176470589,0.04715498116811112
rf,7183,Cc1cc(F)c(Nc2ccnc3c2C(=O)Nc2cc(CN(C)C)ccc2N3)cc1O,8.892789840698242,9.03200376663208,0.2821076385918059,0.75,0.13921392593383786
rf,7184,Cc1cc(F)c(Nc2ccnc3c2C(=O)Nc2cc(CN(C)CCCO)ccc2N3)cc1O,9.026410102844238,9.060414089298249,0.2719886332485571,0.7027027027027027,0.03400398645401026
rf,7185,Cc1cc(F)c(Nc2ccnc3c2C(=O)Nc2cc(CN(C)CCN(C)C)ccc2N3)cc1O,9.063989639282227,9.071902757740022,0.2754147167823584,0.7222222222222222,0.007913118457794965
rf,7186,Cc1cc(F)c(Nc2ccnc3c2C(=O)Nc2cc(CN(C)CCN)ccc2N3)cc1O,9.102923393249512,9.051187668863934,0.2925348534230161,0.7323943661971831,0.05173572438557805
rf,7187,Cc1cc(F)c(Nc2ccnc3c2C(=O)Nc2cc(CN(C)CCO)ccc2N3)cc1O,9.070070266723633,9.062333744144441,0.27055138373632553,0.7222222222222222,0.007736522579191885
rf,7188,Cc1cc(F)c(Nc2ccnc3c2C(=O)Nc2cc(CN(C)C[C@@H](C)O)ccc2N3)cc1O,9.137868881225586,9.034442677593232,0.31619644265807695,0.7027027027027027,0.10342620363235433
rf,7189,Cc1cc(F)c(Nc2ccnc3c2C(=O)Nc2cc(CN(C)C[C@H](C)O)ccc2N3)cc1O,9.058488845825195,9.034442677593232,0.31619644265807695,0.7027027027027027,0.024046168231963705
rf,7190,Cc1cc(F)c(Nc2ccnc3c2C(=O)Nc2cc(CN)ccc2N3)cc1O,9.212539672851562,9.072499418385824,0.19378695613690386,0.7575757575757576,0.1400402544657382
rf,7236,Cc1cc(F)c(Nc2ccnc3c2C(=O)Nc2cc(CNC(C)C)ccc2N3)cc1O,9.440093040466309,9.068844710826873,0.18387205332393758,0.8142857142857143,0.3712483296394353
rf,7238,Cc1cc(F)c(Nc2ccnc3c2C(=O)Nc2cc(CNC(C)CO)ccc2N3)cc1O,8.962573051452637,9.030021584033966,0.44228738479928115,0.7567567567567568,0.06744853258132899
rf,7239,Cc1cc(F)c(Nc2ccnc3c2C(=O)Nc2cc(CNC(CO)C(C)C)ccc2N3)cc1O,9.151195526123047,9.084652636051178,0.17945709887163339,0.7368421052631579,0.06654289007186875
rf,7240,Cc1cc(F)c(Nc2ccnc3c2C(=O)Nc2cc(CNC(CO)CO)ccc2N3)cc1O,9.367542266845703,9.08797914171219,0.16576868145715024,0.8108108108108109,0.2795631251335138
rf,7248,Cc1cc(F)c(Nc2ccnc3c2C(=O)Nc2cc(CNCCO)ccc2N3)cc1O,9.390405654907227,9.155681702136993,0.15670427893446198,0.8235294117647058,0.23472395277023317
rf,7249,Cc1cc(F)c(Nc2ccnc3c2C(=O)Nc2cc(CNCCOCCOCCOCCOCO)ccc2N3)cc1O,9.298432350158691,9.12483804432551,0.1971019194168631,0.7466666666666667,0.17359430583318058
rf,7252,Cc1cc(F)c(Nc2ccnc3c2C(=O)Nc2cc(CN[C@@H](CO)C(N)=O)ccc2N3)cc1O,9.006123542785645,9.072818169085185,0.3177551200952533,0.6962025316455697,0.06669462629954026
rf,8004,Cc1ccc(Nc2ccnc3c2C(=O)Nc2cc(C#N)ccc2N3)cc1O,8.91009521484375,7.8397156863212585,0.767313412192691,0.7014925373134329,1.0703795285224915
rf,8043,Cc1ccc(O)cc1Nc1ccnc2c1C(=O)Nc1cc(C#N)ccc1N2,8.406713485717773,7.912110401948293,0.4730750450052094,0.6515151515151515,0.4946030837694808
rf,8051,Cc1ccc(O)cc1Nc1ccnc2c1C(=O)Nc1cc(CNC(C)C(C)C)ccc1N2,8.055024147033691,8.19318668592771,0.22735484508957252,0.7681159420289855,0.13816253889401864
rf,8052,Cc1ccc(O)cc1Nc1ccnc2c1C(=O)Nc1cc(CNC(C)C)ccc1N2,8.078313827514648,8.137336049604416,0.16146438312082434,0.8059701492537313,0.059022222089767595
rf,8054,Cc1ccc(O)cc1Nc1ccnc2c1C(=O)Nc1cc(CNC(C)CN(C)C)ccc1N2,8.07211685180664,8.150933765935898,0.12435524829693397,0.726027397260274,0.0788169141292574
rf,8068,Cc1ccc(O)cc1Nc1ccnc2c1C(=O)Nc1cc(CNCC(C)(C)C)ccc1N2,8.379863739013672,8.213750968933105,0.13383945279108553,0.796875,0.16611277008056646
rf,8069,Cc1ccc(O)cc1Nc1ccnc2c1C(=O)Nc1cc(CNCC(C)(C)N(C)C)ccc1N2,8.011441230773926,8.211739110946656,0.14087912664025515,0.75,0.2002978801727302
rf,8070,Cc1ccc(O)cc1Nc1ccnc2c1C(=O)Nc1cc(CNCC(C)C)ccc1N2,8.031517028808594,8.174575566291809,0.11916975487997185,0.8208955223880597,0.14305853748321518
rf,8073,Cc1ccc(O)cc1Nc1ccnc2c1C(=O)Nc1cc(CNCC(F)(F)F)ccc1N2,8.062481880187988,8.218865283966064,0.13764093790098536,0.8,0.1563834037780758
rf,8074,Cc1ccc(O)cc1Nc1ccnc2c1C(=O)Nc1cc(CNCC(N)=O)ccc1N2,7.97469425201416,8.172808898925782,0.20483514548434376,0.7846153846153846,0.1981146469116215
rf,8075,Cc1ccc(O)cc1Nc1ccnc2c1C(=O)Nc1cc(CNCC(O)CO)ccc1N2,8.136082649230957,8.146729165744782,0.13920147366064617,0.7611940298507462,0.010646516513824977
rf,8080,Cc1ccc(O)cc1Nc1ccnc2c1C(=O)Nc1cc(CNCCC(=O)N(C)C)ccc1N2,8.238823890686035,8.201076674461365,0.17872080054739942,0.7397260273972602,0.0377472162246697
rf,8081,Cc1ccc(O)cc1Nc1ccnc2c1C(=O)Nc1cc(CNCCC(F)(F)F)ccc1N2,8.023650169372559,8.237186861038207,0.2113044583196933,0.7761194029850746,0.2135366916656487
rf,8082,Cc1ccc(O)cc1Nc1ccnc2c1C(=O)Nc1cc(CNCCCCO)ccc1N2,7.92081880569458,8.17173258617719,0.16918749323419638,0.7727272727272727,0.2509137804826107
rf,8083,Cc1ccc(O)cc1Nc1ccnc2c1C(=O)Nc1cc(CNCCCO)ccc1N2,7.95078182220459,8.190583412440619,0.16396746484562305,0.7846153846153846,0.23980159023602887
rf,8084,Cc1ccc(O)cc1Nc1ccnc2c1C(=O)Nc1cc(CNCCCOC(C)C)ccc1N2,8.447331428527832,8.231586305618286,0.1777718874221351,0.7183098591549296,0.21574512290954573
rf,8085,Cc1ccc(O)cc1Nc1ccnc2c1C(=O)Nc1cc(CNCCF)ccc1N2,8.289036750793457,8.237032106399536,0.1503077614987719,0.8125,0.052004644393921495
rf,8086,Cc1ccc(O)cc1Nc1ccnc2c1C(=O)Nc1cc(CNCCN(C)C)ccc1N2,8.186419486999512,8.216429534912109,0.14866094314022507,0.7846153846153846,0.030010047912597315
rf,8092,Cc1ccc(O)cc1Nc1ccnc2c1C(=O)Nc1cc(CNCCO)ccc1N2,7.614393711090088,8.15736625126203,0.18908560264440724,0.8095238095238095,0.5429725401719416
rf,8105,Cc1ccc(O)cc1Nc1ccnc2c1C(=O)Nc1cc(CN[C@@H](CO)C(C)C)ccc1N2,8.192464828491211,8.122458842039109,0.13269430863728476,0.7605633802816901,0.07000598645210232
rf,9561,N#Cc1ccc2c(c1)NC(=O)c1c(Nc3cc(O)c(Br)cc3F)ccnc1N2,8.630784034729004,8.382222706794739,0.9458968060215095,0.5675675675675675,0.2485613279342651
rf,9562,N#Cc1ccc2c(c1)NC(=O)c1c(Nc3cc(O)c(Cl)cc3Cl)ccnc1N2,8.008773803710938,7.9191405296325685,0.943413466027273,0.5915492957746479,0.08963327407836896
rf,9563,N#Cc1ccc2c(c1)NC(=O)c1c(Nc3cc(O)c(Cl)cc3F)ccnc1N2,8.899629592895508,8.39252128124237,0.9441972638766889,0.6216216216216216,0.5071083116531376
rf,9564,N#Cc1ccc2c(c1)NC(=O)c1c(Nc3cc(O)c(F)c(F)c3)ccnc1N2,8.565430641174316,7.57152878856659,0.8121264293986838,0.6428571428571429,0.9939018526077268
rf,9565,N#Cc1ccc2c(c1)NC(=O)c1c(Nc3cc(O)c(F)cc3F)ccnc1N2,8.585026741027832,8.418237280845641,0.957040653950108,0.5915492957746479,0.16678946018219065
rf,9566,N#Cc1ccc2c(c1)NC(=O)c1c(Nc3cc(O)ccc3Cl)ccnc1N2,8.206209182739258,7.610139334996541,0.7153714953191684,0.5694444444444444,0.5960698477427169
rf,9567,N#Cc1ccc2c(c1)NC(=O)c1c(Nc3cc(O)ccc3F)ccnc1N2,8.232844352722168,7.795007312138875,0.8696388222730222,0.5774647887323944,0.4378370405832932
rf,9568,N#Cc1ccc2c(c1)NC(=O)c1c(Nc3ccc(Br)c(O)c3)ccnc1N2,8.57186508178711,7.515088429450989,0.824468638996982,0.7121212121212122,1.0567766523361204
rf,9569,N#Cc1ccc2c(c1)NC(=O)c1c(Nc3ccc(Cl)c(O)c3)ccnc1N2,8.576754570007324,7.557175523757935,0.7894954808066061,0.7014925373134329,1.0195790462493894
rf,9571,N#Cc1ccc2c(c1)NC(=O)c1c(Nc3ccc(O)c(O)c3)ccnc1N2,7.295849323272705,7.545166746139526,0.7852032146301702,0.734375,0.24931742286682113
rf,9572,N#Cc1ccc2c(c1)NC(=O)c1c(Nc3cccc(O)c3)ccnc1N2,8.16749095916748,7.410498340606689,0.7198852977332993,0.6716417910447762,0.7569926185607914
rf,86,C=CC(=O)Nc1cc(NC(=O)Nc2ccc(Oc3ccnc(NC(=O)C4CC4)c3)c(F)c2)cc(C(F)(F)F)c1,7.935542106628418,7.900604473114013,0.2008361098282559,0.7941176470588235,0.03493763351440471
rf,365,CC(=O)Nc1cc(NC(=O)Nc2ccc(Oc3ccnc(NC(=O)C4CC4)c3)c(F)c2)cc(C(F)(F)F)c1,7.847711563110352,7.871350409507752,0.5371925343097195,0.8307692307692308,0.023638846397400215
rf,759,CC(C)Nc1cc(NC(=O)Nc2ccc(Oc3ccnc(NC(=O)C4CC4)c3)c(F)c2)cc(C(F)(F)F)c1,8.16749095916748,7.764647910118103,0.4328674296543728,0.7941176470588235,0.40284304904937773
rf,1004,CC(F)(F)c1cc(F)cc(NC(=O)Nc2ccc(Oc3ccnc(NC(=O)C4CC4)c3)c(F)c2)c1,7.978810787200928,7.7848932771682735,0.2557112142589477,0.803030303030303,0.19391751003265423
rf,1005,CC(F)(F)c1cc(F)cc(NC(=O)Nc2ccc(Oc3ccnc(NC(=O)C4CC4)c3)cc2F)c1,8.107905387878418,7.959686155319214,0.34496522753818054,0.803030303030303,0.148219232559204
rf,1010,CC(F)(F)c1cc(NC(=O)Nc2ccc(Oc3ccnc(NC(=O)C4CC4)c3)c(F)c2)ccc1Cl,7.8326826095581055,7.846976313591004,0.22855638126287486,0.7391304347826086,0.014293704032898091
rf,1011,CC(F)(F)c1cc(NC(=O)Nc2ccc(Oc3ccnc(NC(=O)C4CC4)c3)c(F)c2)ccc1F,7.866461277008057,7.873955504417419,0.14204134161588017,0.7575757575757576,0.007494227409362786
rf,1012,CC(F)(F)c1cc(NC(=O)Nc2ccc(Oc3ccnc(NC(=O)C4CC4)c3)cc2)ccc1Cl,7.595166206359863,7.792016838073731,0.3967207212255207,0.8412698412698413,0.1968506317138674
rf,1013,CC(F)(F)c1cc(NC(=O)Nc2ccc(Oc3ccnc(NC(=O)C4CC4)c3)cc2)ccc1F,7.93930196762085,7.932982419013977,0.20514113376754037,0.75,0.006319548606872338
rf,1014,CC(F)(F)c1cc(NC(=O)Nc2ccc(Oc3ccnc(NC(=O)C4CC4)c3)cc2F)ccc1Cl,7.958607196807861,7.983137458801269,0.2469771987154769,0.8208955223880597,0.024530261993407798
rf,1015,CC(F)(F)c1cc(NC(=O)Nc2ccc(Oc3ccnc(NC(=O)C4CC4)c3)cc2F)ccc1F,7.826813697814941,8.007026679992675,0.18544758926977345,0.75,0.18021298217773385
rf,1019,CC(F)(F)c1ccc(F)c(NC(=O)Nc2ccc(Oc3ccnc(NC(=O)C4CC4)c3)c(F)c2)c1,8.148741722106934,7.860921961784363,0.1578578406811084,0.7794117647058824,0.28781976032257095
rf,1020,CC(F)(F)c1ccc(F)c(NC(=O)Nc2ccc(Oc3ccnc(NC(=O)C4CC4)c3)cc2)c1,8.207608222961426,7.924479448318482,0.21651077517761852,0.8253968253968254,0.28312877464294406
rf,1021,CC(F)(F)c1ccc(F)c(NC(=O)Nc2ccc(Oc3ccnc(NC(=O)C4CC4)c3)cc2F)c1,8.040958404541016,7.988004794120789,0.16537334846679316,0.864406779661017,0.05295361042022684
rf,1024,CC(F)(F)c1cccc(NC(=O)Nc2ccc(Oc3ccnc(NC(=O)C4CC4)c3)c(F)c2)c1,8.008773803710938,7.867745694160462,0.14901438381165552,0.8153846153846154,0.14102810955047573
rf,1025,CC(F)(F)c1cccc(NC(=O)Nc2ccc(Oc3ccnc(NC(=O)C4CC4)c3)cc2F)c1,8.004364967346191,8.013493573188782,0.18100841288021424,0.8225806451612904,0.009128605842590787
rf,1033,CC(N)c1cc(NC(=O)Nc2ccc(Oc3ccnc(NC(=O)C4CC4)c3)c(F)c2)cc(C(F)(F)F)c1,7.804100513458252,7.8086808452606205,0.2360009117028275,0.7763157894736842,0.004580331802368498
rf,1059,CC1(C(=O)Nc2cc(Oc3ccc(NC(=O)Nc4ccc(Cl)c(C(F)(F)F)c4)cc3F)ccn2)CC1,7.896196365356445,7.6210507335662845,0.698543094763041,0.6,0.2751456317901608
rf,1687,CCOC(=O)C(C)(C)CNc1cc(NC(=O)Nc2ccc(Oc3ccnc(NC(=O)C4CC4)c3)c(F)c2)cc(C(F)(F)F)c1,7.892789840698242,7.8608658285140995,0.25105134884226243,0.7105263157894737,0.03192401218414265
rf,3458,COCC(=O)Nc1cc(NC(=O)Nc2ccc(Oc3ccnc(NC(=O)C4CC4)c3)c(F)c2)cc(C(F)(F)F)c1,7.742321491241455,7.88730684375763,0.34843666115869004,0.7714285714285715,0.14498535251617461
rf,6682,CS(=O)(=O)Nc1cc(NC(=O)Nc2ccc(Oc3ccnc(NC(=O)C4CC4)c3)c(F)c2)cc(C(F)(F)F)c1,8.259636878967285,7.875661415100097,0.5402481812439989,0.782608695652174,0.3839754638671877
rf,6688,CS(=O)(=O)c1cc(NC(=O)Nc2ccc(Oc3ccnc(NC(=O)C4CC4)c3)c(F)c2)cc(C(F)(F)F)c1,7.86966609954834,8.053037350654602,0.24326994686764386,0.7681159420289855,0.18337125110626218
rf,6689,CS(=O)(=O)c1cc(NC(=O)Nc2ccc(Oc3ccnc(NC(=O)C4CC4)c3)cc2)cc(C(F)(F)F)c1,8.119186401367188,8.09557582950592,0.2312954649251923,0.84375,0.02361057186126736
rf,7266,Cc1cc(NC(=O)Nc2cc(C(C)(F)F)ccc2F)ccc1Oc1ccnc(NC(=O)C2CC2)c1,8.004364967346191,7.859130795478821,0.1981348273855385,0.7647058823529411,0.14523417186737042
rf,7269,Cc1cc(NC(=O)Nc2cc(F)cc(C(C)(F)F)c2)ccc1Oc1ccnc(NC(=O)C2CC2)c1,8.091514587402344,7.790482804298401,0.33234751504158244,0.6901408450704225,0.30103178310394263
rf,7284,Cc1cc(NC(=O)Nc2ccc(Cl)c(C(C)(F)F)c2)ccc1Oc1ccnc(NC(=O)C2CC2)c1,7.947585582733154,7.825843296051025,0.26366095200326334,0.7910447761194029,0.12174228668212894
rf,7287,Cc1cc(NC(=O)Nc2ccc(Cl)c(C(F)(F)F)c2)ccc1Oc1ccnc(NC(=O)C2CC2)c1,7.838632106781006,7.8336457252502445,0.27232754844345297,0.803030303030303,0.0049863815307613635
rf,7293,Cc1cc(NC(=O)Nc2ccc(F)c(C(F)(F)F)c2)ccc1Oc1ccnc(NC(=O)C2CC2)c1,7.931814193725586,7.9082549924850465,0.234991083941426,0.7846153846153846,0.02355920124053945
rf,7298,Cc1cc(NC(=O)Nc2cccc(C(F)(F)F)c2)ccc1Oc1ccnc(NC(=O)C2CC2)c1,7.935542106628418,7.900992705345153,0.22852561950275885,0.7121212121212122,0.03454940128326456
rf,7301,Cc1cc(NC(=O)Nc2cccc(OC(F)(F)F)c2)ccc1Oc1ccnc(NC(=O)C2CC2)c1,7.958607196807861,7.818396286964417,0.3511864725722208,0.6515151515151515,0.14021090984344475
rf,7449,Cc1cc(Oc2ccnc(NC(=O)C3CC3)c2)ccc1NC(=O)Nc1cc(C(C)(F)F)ccc1F,8.08092212677002,7.900377358436584,0.15285786619780561,0.8709677419354839,0.18054476833343536
rf,7450,Cc1cc(Oc2ccnc(NC(=O)C3CC3)c2)ccc1NC(=O)Nc1cc(F)cc(C(C)(F)F)c1,8.244125366210938,7.879849533081055,0.34804018074079746,0.7761194029850746,0.36427583312988254
rf,7451,Cc1cc(Oc2ccnc(NC(=O)C3CC3)c2)ccc1NC(=O)Nc1cc(F)cc(C(F)(F)F)c1,7.756961822509766,7.897169406890869,0.32235099906394016,0.873015873015873,0.1402075843811037
rf,7452,Cc1cc(Oc2ccnc(NC(=O)C3CC3)c2)ccc1NC(=O)Nc1cc(OC(F)(F)F)ccc1F,8.214670181274414,7.926242441177368,0.26409768327702987,0.7272727272727273,0.2884277400970463
rf,7453,Cc1cc(Oc2ccnc(NC(=O)C3CC3)c2)ccc1NC(=O)Nc1ccc(Cl)c(C(C)(F)F)c1,7.853871822357178,7.896358325004577,0.19878146771912114,0.8769230769230769,0.042486502647399504
rf,7454,Cc1cc(Oc2ccnc(NC(=O)C3CC3)c2)ccc1NC(=O)Nc1ccc(Cl)c(C(F)(F)F)c1,7.978810787200928,7.953938521385193,0.17573325204595266,0.875,0.024872265815734984
rf,7455,Cc1cc(Oc2ccnc(NC(=O)C3CC3)c2)ccc1NC(=O)Nc1ccc(F)c(C(C)(F)F)c1,8.0,7.926128470420838,0.16636165130394634,0.7761194029850746,0.07387152957916232
rf,7456,Cc1cc(Oc2ccnc(NC(=O)C3CC3)c2)ccc1NC(=O)Nc1ccc(F)c(C(F)(F)F)c1,7.9281182289123535,8.025596959114075,0.17320788839871143,0.873015873015873,0.09747873020172193
rf,7457,Cc1cc(Oc2ccnc(NC(=O)C3CC3)c2)ccc1NC(=O)Nc1ccc(F)c(OC(F)(F)F)c1,7.9281182289123535,7.9370767831802365,0.2589334184039843,0.6901408450704225,0.008958554267882946
rf,7458,Cc1cc(Oc2ccnc(NC(=O)C3CC3)c2)ccc1NC(=O)Nc1cccc(C(F)(F)F)c1,7.962573528289795,7.9825731468200685,0.15195611887536078,0.7538461538461538,0.019999618530273544
rf,7459,Cc1cc(Oc2ccnc(NC(=O)C3CC3)c2)ccc1NC(=O)Nc1cccc(OC(F)(F)F)c1,7.978810787200928,7.862413271903992,0.33839377208621846,0.6417910447761194,0.11639751529693587
rf,7912,Cc1ccc(NC(=O)Nc2ccc(Oc3ccnc(NC(=O)C4CC4)c3)c(F)c2)cc1C(F)(F)F,7.946921348571777,7.900507648468017,0.1581401490879656,0.7619047619047619,0.046413700103760114
rf,7913,Cc1ccc(NC(=O)Nc2ccc(Oc3ccnc(NC(=O)C4CC4)c3)cc2)cc1C(F)(F)F,8.0,7.9360860748291016,0.2737740487022208,0.7777777777777778,0.06391392517089844
rf,7914,Cc1ccc(NC(=O)Nc2ccc(Oc3ccnc(NC(=O)C4CC4)c3)cc2F)cc1C(F)(F)F,7.991399765014648,8.03287285232544,0.15132214798886595,0.8153846153846154,0.04147308731079136
rf,9528,N#Cc1cc(NC(=O)Nc2ccc(Cl)c(C(F)(F)F)c2)ccc1Oc1ccnc(NC(=O)C2CC2)c1,7.739928722381592,7.8956355895996095,0.36044490399126033,0.7101449275362319,0.15570686721801774
rf,9529,N#Cc1cc(NC(=O)Nc2ccc(Oc3ccnc(NC(=O)C4CC4)c3)c(F)c2)cc(C(F)(F)F)c1,7.924453258514404,7.808851460933686,0.39247205295746873,0.7681159420289855,0.11560179758071865
rf,9530,N#Cc1cc(NC(=O)Nc2ccc(Oc3ccnc(NC(=O)C4CC4)c3)cc2)cc(C(F)(F)F)c1,8.148741722106934,7.851176277637482,0.4254374432602651,0.7,0.297565444469452
rf,9546,N#Cc1ccc(NC(=O)Nc2ccc(Oc3ccnc(NC(=O)C4CC4)c3)c(F)c2)cc1C(F)(F)F,8.143875122070312,7.891900863647461,0.33710720827934076,0.7536231884057971,0.2519742584228517
rf,9547,N#Cc1ccc(NC(=O)Nc2ccc(Oc3ccnc(NC(=O)C4CC4)c3)cc2)cc1C(F)(F)F,8.0,7.881673320770264,0.45014247714460204,0.8571428571428571,0.11832667922973616
rf,9548,N#Cc1ccc(NC(=O)Nc2ccc(Oc3ccnc(NC(=O)C4CC4)c3)cc2F)cc1C(F)(F)F,7.835647106170654,8.015789302825928,0.352028749331498,0.782608695652174,0.18014219665527342
rf,9549,N#Cc1ccc(NC(=O)Nc2ccc(Oc3ccnc(NC(=O)C4CC4)c3)cc2F)cc1Cl,8.173925399780273,8.006369039535523,0.4536109773238611,0.6911764705882353,0.16755636024475073
rf,9821,Nc1cc(NC(=O)Nc2ccc(Oc3ccnc(NC(=O)C4CC4)c3)c(F)c2)cc(C(F)(F)F)c1,8.013228416442871,7.849933953285217,0.2569228462684243,0.8153846153846154,0.16329446315765406
rf,10669,O=C(Nc1cc(F)cc(C(F)(F)F)c1)Nc1ccc(Oc2ccnc(NC(=O)C3CC3)c2)c(F)c1,7.917214393615723,7.822350094795227,0.23821531489920675,0.828125,0.09486429882049574
rf,10670,O=C(Nc1cc(F)cc(C(F)(F)F)c1)Nc1ccc(Oc2ccnc(NC(=O)C3CC3)c2)cc1F,7.826813697814941,7.963077195167542,0.3314171186138782,0.8125,0.13626349735260046
rf,10779,O=C(Nc1ccc(Cl)c(C(F)(F)F)c1)Nc1ccc(Oc2ccnc(NC(=O)C3CC3)c2)cc1F,8.408935546875,8.04177108669281,0.20583084413978334,0.803030303030303,0.36716446018218996
rf,10849,O=C(Nc1ccc(F)c(C(F)(F)F)c1)Nc1ccc(Oc2ccnc(NC(=O)C3CC3)c2)cc1F,7.600326061248779,8.070078972816468,0.17078375513830257,0.8253968253968254,0.4697529115676886
rf,10876,O=C(Nc1ccc(F)c(OC(F)(F)F)c1)Nc1ccc(Oc2ccnc(NC(=O)C3CC3)c2)cc1F,7.879426002502441,8.018304825782776,0.2611006444455479,0.7384615384615385,0.13887882328033463
rf,10927,O=C(Nc1ccc(OC(F)(F)F)cc1)Nc1ccc(Oc2ccnc(NC(=O)C3CC3)c2)c(F)c1,8.275724411010742,7.856246881484985,0.41937991296403254,0.7704918032786885,0.4194775295257571
rf,10976,O=C(Nc1ccc(Oc2ccnc(NC(=O)C3CC3)c2)c(F)c1)Nc1cc(C(F)(F)F)ccc1Cl,8.229147911071777,7.913797567367554,0.22297501248583335,0.7285714285714285,0.31535034370422377
rf,10977,O=C(Nc1ccc(Oc2ccnc(NC(=O)C3CC3)c2)c(F)c1)Nc1cc(C(F)(F)F)ccc1F,8.08092212677002,7.916223052978515,0.1681542731758983,0.7692307692307693,0.16469907379150417
rf,10980,O=C(Nc1ccc(Oc2ccnc(NC(=O)C3CC3)c2)c(F)c1)Nc1cc(Cl)ccc1F,8.119186401367188,7.936071592330933,0.2407782561187595,0.8064516129032258,0.18311480903625466
rf,10981,O=C(Nc1ccc(Oc2ccnc(NC(=O)C3CC3)c2)c(F)c1)Nc1cc(OC(F)(F)F)ccc1F,8.244125366210938,7.9255729694366455,0.29024850647383815,0.7575757575757576,0.31855239677429203
rf,10982,O=C(Nc1ccc(Oc2ccnc(NC(=O)C3CC3)c2)c(F)c1)Nc1ccc(C(F)(F)F)c(Cl)c1,7.910094738006592,7.751382880210876,0.607136112650105,0.7619047619047619,0.15871185779571562
rf,10983,O=C(Nc1ccc(Oc2ccnc(NC(=O)C3CC3)c2)c(F)c1)Nc1ccc(C(F)(F)F)cc1Cl,8.107905387878418,7.948655124664307,0.25452038227772955,0.7246376811594203,0.15925026321411107
rf,10984,O=C(Nc1ccc(Oc2ccnc(NC(=O)C3CC3)c2)c(F)c1)Nc1ccc(Cl)c(C(F)(F)F)c1,8.15291690826416,7.881814484596252,0.23146148381141674,0.8,0.2711024236679078
rf,10985,O=C(Nc1ccc(Oc2ccnc(NC(=O)C3CC3)c2)c(F)c1)Nc1ccc(Cl)c(OC(F)(F)F)c1,8.259636878967285,7.8739230213165285,0.25677225150514965,0.7230769230769231,0.3857138576507566
rf,10986,O=C(Nc1ccc(Oc2ccnc(NC(=O)C3CC3)c2)c(F)c1)Nc1ccc(F)c(C(F)(F)F)c1,7.8181562423706055,7.925913453102112,0.17153844243998956,0.8,0.10775721073150635
rf,10987,O=C(Nc1ccc(Oc2ccnc(NC(=O)C3CC3)c2)c(F)c1)Nc1ccc(F)c(OC(F)(F)F)c1,8.022275924682617,7.8784990930557255,0.2365148136482113,0.7580645161290323,0.1437768316268917
rf,10989,O=C(Nc1ccc(Oc2ccnc(NC(=O)C3CC3)c2)cc1)Nc1cc(C(F)(F)F)ccc1Cl,7.982966423034668,7.9014637031555175,0.4090882667575376,0.6811594202898551,0.08150271987915048
rf,10990,O=C(Nc1ccc(Oc2ccnc(NC(=O)C3CC3)c2)cc1)Nc1cc(F)cc(C(F)(F)F)c1,8.148741722106934,7.833685576438904,0.4200504429809803,0.8064516129032258,0.31505614566802986
rf,10992,O=C(Nc1ccc(Oc2ccnc(NC(=O)C3CC3)c2)cc1)Nc1ccc(Cl)c(C(F)(F)F)c1,7.991399765014648,7.745773168563843,0.48437001270815244,0.85,0.24562659645080576
rf,10993,O=C(Nc1ccc(Oc2ccnc(NC(=O)C3CC3)c2)cc1)Nc1ccc(F)c(C(F)(F)F)c1,7.978810787200928,7.940038761138916,0.33089283783480716,0.819672131147541,0.03877202606201191
rf,10995,O=C(Nc1ccc(Oc2ccnc(NC(=O)C3CC3)c2)cc1)Nc1cccc(C(F)(F)F)c1,7.9430952072143555,7.971270561218262,0.2869561343860501,0.8305084745762712,0.02817535400390625
rf,10996,O=C(Nc1ccc(Oc2ccnc(NC(=O)C3CC3)c2)cc1)Nc1cccc(OC(F)(F)F)c1,8.107905387878418,7.846130744934082,0.4014550434224777,0.7049180327868853,0.26177464294433594
rf,10997,O=C(Nc1ccc(Oc2ccnc(NC(=O)C3CC3)c2)cc1F)Nc1cc(C(F)(F)F)ccc1Cl,7.9281182289123535,8.027621702194214,0.23187501920555323,0.7164179104477612,0.09950347328186027
rf,10998,O=C(Nc1ccc(Oc2ccnc(NC(=O)C3CC3)c2)cc1F)Nc1cc(C(F)(F)F)ccc1F,8.07572078704834,8.020889636993408,0.1883201718162612,0.819672131147541,0.05483115005493211
rf,10999,O=C(Nc1ccc(Oc2ccnc(NC(=O)C3CC3)c2)cc1F)Nc1cc(OC(F)(F)F)ccc1F,8.026871681213379,7.991885851860046,0.30997267554431024,0.7142857142857143,0.0349858293533325
rf,11117,O=C(Nc1cccc(C(F)(F)F)c1)Nc1ccc(Oc2ccnc(NC(=O)C3CC3)c2)c(F)c1,8.428291320800781,7.9169091796875,0.15522403563656237,0.8095238095238095,0.5113821411132813
rf,11118,O=C(Nc1cccc(C(F)(F)F)c1)Nc1ccc(Oc2ccnc(NC(=O)C3CC3)c2)cc1F,8.107905387878418,8.043908797264098,0.15844628725640467,0.796875,0.06399659061431962
rf,11174,O=C(Nc1cccc(OC(F)(F)F)c1)Nc1ccc(Oc2ccnc(NC(=O)C3CC3)c2)c(F)c1,8.30980396270752,7.838970524787903,0.3027547553714533,0.75,0.47083343791961685
rf,11175,O=C(Nc1cccc(OC(F)(F)F)c1)Nc1ccc(Oc2ccnc(NC(=O)C3CC3)c2)cc1F,7.991399765014648,7.92870818901062,0.34749124754475186,0.6865671641791045,0.06269157600402853
rf,313,C=S(C)(=O)NC(=O)c1c[nH]c(-c2cc(Oc3ccc(NC(=O)Nc4cc(C)ccc4F)cc3)ccn2)c1,8.09691047668457,7.512733968734741,0.3148937732302471,0.7567567567567568,0.5841765079498291
rf,314,C=S(C)(=O)NC(=O)c1c[nH]c(-c2cc(Oc3ccc(NC(=O)Nc4ccc(Cl)c(C(F)(F)F)c4)cc3)ccn2)c1,7.337242126464844,7.127210751533508,0.5979489237865834,0.5897435897435898,0.2100313749313356
rf,315,C=S(C)(=O)NC(=O)c1c[nH]c(-c2cc(Oc3ccc(NC(=O)Nc4cccc(C)c4)cc3)ccn2)c1,7.744727611541748,7.597425909042358,0.3913987744775685,0.7,0.1473017024993899
rf,1360,CCN(CC)C(=O)c1c[nH]c(-c2cc(Oc3ccc(NC(=O)Nc4cc(C)ccc4F)cc3)ccn2)c1,7.698969841003418,7.562370197296143,0.2390773022447048,0.7397260273972602,0.1365996437072754
rf,1595,CCNC(=O)CCCNC(=O)c1c[nH]c(-c2cc(Oc3ccc(NC(=O)Nc4cc(C)ccc4F)cc3)ccn2)c1,7.638272285461426,7.468497222900391,0.4070901048152911,0.7325581395348837,0.16977506256103503
rf,1630,CCNC(=O)[C@H](CCC(=O)O)NC(=O)c1c[nH]c(-c2cc(Oc3ccc(NC(=O)Nc4cccc(C)c4)c(F)c3)ccn2)c1,7.79587984085083,7.618898519515991,0.4950749926941595,0.6063829787234043,0.17698132133483924
rf,1632,CCNC(=O)[C@H](CCC(=O)OC(C)(C)C)NC(=O)c1c[nH]c(-c2cc(Oc3ccc(NC(=O)Nc4cccc(C)c4)c(F)c3)ccn2)c1,7.619788646697998,7.67100426864624,0.5629442946012597,0.5816326530612245,0.05121562194824225
rf,1633,CCNC(=O)c1c[nH]c(-c2cc(Oc3ccc(NC(=O)Nc4cc(C)ccc4F)cc3)ccn2)c1,7.744727611541748,7.530644674301147,0.2997825096252672,0.75,0.214082937240601
rf,1634,CCNC(=O)c1c[nH]c(-c2cc(Oc3ccc(NC(=O)Nc4cccc(C)c4)c(F)c3)ccn2)c1,7.698969841003418,7.7490025177001955,0.400536747145609,0.6829268292682927,0.05003267669677758
rf,1635,CCNC(=O)c1c[nH]c(-c2cc(Oc3ccc(NC(=O)Nc4cccc(C)c4)cc3)ccn2)c1,8.301030158996582,7.625310907363891,0.37467397128098034,0.6944444444444444,0.6757192516326906
rf,1700,CCOC(=O)CCCNC(=O)c1c[nH]c(-c2cc(Oc3ccc(NC(=O)Nc4cc(C)ccc4F)c(F)c3)ccn2)c1,7.508638381958008,7.745679006814957,0.4313997938393239,0.6444444444444445,0.23704062485694877
rf,1701,CCOC(=O)CCCNC(=O)c1c[nH]c(-c2cc(Oc3ccc(NC(=O)Nc4cc(C)ccc4F)cc3)ccn2)c1,7.4202165603637695,7.521357192993164,0.2896863493660105,0.7325581395348837,0.10114063262939421
rf,2683,CNC(=O)c1c[nH]c(-c2cc(Oc3ccc(NC(=O)Nc4cccc(C)c4)cc3)ccn2)c1,7.638272285461426,7.664222480773926,0.3552129109774059,0.7246376811594203,0.025950195312500313
rf,3178,COC(=O)CC=S(C)(=O)NC(=O)c1c[nH]c(-c2cc(Oc3ccc(NC(=O)Nc4cccc(C)c4)cc3)ccn2)c1,7.602059841156006,7.533953296661377,0.6027210384264466,0.620253164556962,0.06810654449462916
rf,3180,COC(=O)CCC=S(C)(=O)NC(=O)c1c[nH]c(-c2cc(Oc3ccc(NC(=O)Nc4cc(C)ccc4F)cc3)ccn2)c1,7.886056423187256,7.415203762531281,0.4696502865731875,0.6352941176470588,0.4708526606559751
rf,3205,COC(=O)CCCS(C)(=O)=NC(=O)c1c[nH]c(-c2cc(Oc3ccc(NC(=O)Nc4cc(C)ccc4F)cc3)ccn2)c1,7.886056423187256,7.549967522621155,0.3674559240657924,0.6428571428571429,0.33608890056610097
rf,3206,COC(=O)CCCS(C)(=O)=NC(=O)c1c[nH]c(-c2cc(Oc3ccc(NC(=O)Nc4cccc(C)c4)cc3)ccn2)c1,7.602059841156006,7.62214249420166,0.42353576983082303,0.7105263157894737,0.020082653045654375
rf,3208,COC(=O)CC[C@H](NC(=O)c1c[nH]c(-c2cc(Oc3ccc(NC(=O)Nc4cc(C)ccc4F)cc3)ccn2)c1)C(=O)OC,7.408935546875,7.378114321708679,0.7089142548577307,0.6506024096385542,0.030821225166320687
rf,3214,COC(=O)CNC(=O)c1c[nH]c(-c2cc(Oc3ccc(NC(=O)Nc4cc(C)ccc4F)cc3)ccn2)c1,7.522878646850586,7.685501967430115,0.32448389761478774,0.7466666666666667,0.1626233205795291
rf,3215,COC(=O)CNC(=O)c1c[nH]c(-c2cc(Oc3ccc(NC(=O)Nc4cccc(C)c4)c(F)c3)ccn2)c1,7.823908805847168,7.83960507106781,0.3477761414448918,0.6588235294117647,0.015696265220642047
rf,3278,COC(=O)[C@H](CCC(=O)O)NC(=O)c1c[nH]c(-c2cc(Oc3ccc(NC(=O)Nc4cc(C)ccc4F)cc3)ccn2)c1,7.537601947784424,7.460059318542481,0.5181829781715013,0.6506024096385542,0.07754262924194322
rf,3279,COC(=O)[C@H](CCC(=O)OC(C)(C)C)NC(=O)c1c[nH]c(-c2cc(Oc3ccc(NC(=O)Nc4cccc(C)c4)c(F)c3)ccn2)c1,7.552842140197754,7.737893132209778,0.5703308819660018,0.59375,0.18505099201202402
rf,3280,COC(=O)[C@H](CCC(=O)OCC(O)CO)NC(=O)c1c[nH]c(-c2cc(Oc3ccc(NC(=O)Nc4cc(C)ccc4F)cc3)ccn2)c1,7.346787452697754,7.3810741281509396,0.6983835425538327,0.5934065934065934,0.034286675453185644
rf,3290,COC(=O)c1c[nH]c(-c2cc(Oc3ccc(NC(=O)Nc4cc(C)ccc4F)cc3)ccn2)c1,7.327902317047119,7.6248621768951415,0.2530877138681042,0.7941176470588235,0.2969598598480223
rf,3291,COC(=O)c1c[nH]c(-c2cc(Oc3ccc(NC(=O)Nc4cc(C)ccc4F)cc3F)ccn2)c1,7.070580959320068,7.619075813293457,0.40594587472131916,0.6944444444444444,0.5484948539733887
rf,3292,COC(=O)c1c[nH]c(-c2cc(Oc3ccc(NC(=O)Nc4ccc(Cl)c(C(F)(F)F)c4)cc3)ccn2)c1,6.886056423187256,7.1436730537414554,0.57442046048919,0.6388888888888888,0.2576166305541996
rf,3293,COC(=O)c1c[nH]c(-c2cc(Oc3ccc(NC(=O)Nc4ccc(F)c(C(F)(F)F)c4)cc3)ccn2)c1,7.0087738037109375,7.476983992576599,0.5845316281155055,0.5844155844155844,0.4682101888656618
rf,3294,COC(=O)c1c[nH]c(-c2cc(Oc3ccc(NC(=O)Nc4cccc(C)c4)c(F)c3)ccn2)c1,7.853871822357178,7.821009276390075,0.3298200313703949,0.717948717948718,0.03286254596710236
rf,3295,COC(=O)c1c[nH]c(-c2cc(Oc3ccc(NC(=O)Nc4cccc(C)c4)cc3)ccn2)c1,7.7695512771606445,7.672875051498413,0.3448465287341444,0.7868852459016393,0.09667622566223155
rf,3511,COCCNC(=O)c1c[nH]c(-c2cc(Oc3ccc(NC(=O)Nc4cc(C)ccc4F)cc3)ccn2)c1,7.6575775146484375,7.575510493278504,0.2644596377907368,0.7439024390243902,0.08206702136993371
rf,3530,COCCOC(=O)c1c[nH]c(-c2cc(Oc3ccc(NC(=O)Nc4cc(C)ccc4F)cc3)ccn2)c1,7.602059841156006,7.561072299194335,0.34064285440356906,0.72,0.04098754196167054
rf,3542,COCCOCCOC(=O)c1c[nH]c(-c2cc(Oc3ccc(NC(=O)Nc4cc(C)ccc4F)cc3)ccn2)c1,7.148741722106934,7.5863822757720945,0.3605342044876789,0.6923076923076923,0.43764055366516086
rf,6704,CS(C)(=O)=NC(=O)c1c[nH]c(-c2cc(Oc3ccc(NC(=O)Nc4ccc(Cl)c(C(F)(F)F)c4)cc3)ccn2)c1,7.337242126464844,7.159814859390258,0.631599621850103,0.64,0.17742726707458534
rf,7766,Cc1ccc(F)c(NC(=O)Nc2ccc(Oc3cc(N)nc(-c4ccc[nH]4)c3)cc2)c1,5.5679931640625,6.783537714004517,1.2376573945952587,0.6029411764705882,1.2155445499420168
rf,7781,Cc1ccc(F)c(NC(=O)Nc2ccc(Oc3ccnc(-c4cc(C(=O)N=S(C)(C)=O)c[nH]4)c3)cc2)c1,8.09691047668457,7.576825939178467,0.23973301791107657,0.75,0.5200845375061034
rf,7783,Cc1ccc(F)c(NC(=O)Nc2ccc(Oc3ccnc(-c4cc(C(=O)NCC(=O)NCC(O)CO)c[nH]4)c3)cc2)c1,7.698969841003418,7.635019116401672,0.46005452289537313,0.7195121951219512,0.06395072460174589
rf,7784,Cc1ccc(F)c(NC(=O)Nc2ccc(Oc3ccnc(-c4cc(C(=O)NCC(=O)O)c[nH]4)c3)cc2)c1,7.886056423187256,7.650427304267883,0.30613578735056585,0.7439024390243902,0.23562911891937244
rf,7785,Cc1ccc(F)c(NC(=O)Nc2ccc(Oc3ccnc(-c4cc(C(=O)NCC(O)CO)c[nH]4)c3)cc2)c1,7.677780628204346,7.564283668518066,0.23162224606209716,0.7894736842105263,0.11349695968627938
rf,7786,Cc1ccc(F)c(NC(=O)Nc2ccc(Oc3ccnc(-c4cc(C(=O)NCCC(=O)O)c[nH]4)c3)cc2)c1,7.721246242523193,7.562846697807312,0.21618192851321227,0.7349397590361446,0.15839954471588147
rf,7787,Cc1ccc(F)c(NC(=O)Nc2ccc(Oc3ccnc(-c4cc(C(=O)NCCC(=O)O)c[nH]4)c3)cc2F)c1,7.619788646697998,7.716635092735291,0.30003566542580895,0.6455696202531646,0.09684644603729264
rf,7788,Cc1ccc(F)c(NC(=O)Nc2ccc(Oc3ccnc(-c4cc(C(=O)NCCCC(=O)N(C)CC(O)CO)c[nH]4)c3)cc2)c1,7.602059841156006,7.467630158424377,0.38168631068477665,0.6702127659574468,0.13442968273162847
rf,7791,Cc1ccc(F)c(NC(=O)Nc2ccc(Oc3ccnc(-c4cc(C(=O)NCCCC(=O)NCC(O)CO)c[nH]4)c3)cc2)c1,7.537601947784424,7.448630784034729,0.41944346608887223,0.686046511627907,0.0889711637496946
rf,7792,Cc1ccc(F)c(NC(=O)Nc2ccc(Oc3ccnc(-c4cc(C(=O)NCCCC(=O)NO)c[nH]4)c3)cc2)c1,7.3665313720703125,7.345721415519714,0.4850772130085279,0.7411764705882353,0.020809956550598585
rf,7793,Cc1ccc(F)c(NC(=O)Nc2ccc(Oc3ccnc(-c4cc(C(=O)NCCCC(=O)O)c[nH]4)c3)cc2)c1,7.823908805847168,7.549308395385742,0.2862480541198591,0.7590361445783133,0.27460041046142614
rf,7794,Cc1ccc(F)c(NC(=O)Nc2ccc(Oc3ccnc(-c4cc(C(=O)NCCCC(=O)O)c[nH]4)c3)cc2F)c1,7.7695512771606445,7.690930442810059,0.3742281903763623,0.6666666666666666,0.07862083435058587
rf,7795,Cc1ccc(F)c(NC(=O)Nc2ccc(Oc3ccnc(-c4cc(C(=O)NCCCC(N)=O)c[nH]4)c3)cc2)c1,7.638272285461426,7.511590143203735,0.34726080185372943,0.7590361445783133,0.1266821422576907
rf,7797,Cc1ccc(F)c(NC(=O)Nc2ccc(Oc3ccnc(-c4cc(C(=O)NCCCO)c[nH]4)c3)cc2)c1,7.4202165603637695,7.529889731407166,0.2801354836322753,0.7777777777777778,0.10967317104339624
rf,7799,Cc1ccc(F)c(NC(=O)Nc2ccc(Oc3ccnc(-c4cc(C(=O)NCCO)c[nH]4)c3)cc2)c1,7.275723934173584,7.600935085296631,0.3175616661275915,0.7530864197530864,0.3252111511230469
rf,7800,Cc1ccc(F)c(NC(=O)Nc2ccc(Oc3ccnc(-c4cc(C(=O)NCCOCCOCCOCCO)c[nH]4)c3)cc2)c1,8.0,7.604842672348022,0.29394600404323634,0.7011494252873564,0.39515732765197775
rf,7801,Cc1ccc(F)c(NC(=O)Nc2ccc(Oc3ccnc(-c4cc(C(=O)NO)c[nH]4)c3)cc2)c1,7.853871822357178,7.49724946975708,0.3657600912348426,0.782608695652174,0.35662235260009734
rf,7802,Cc1ccc(F)c(NC(=O)Nc2ccc(Oc3ccnc(-c4cc(C(=O)NO)c[nH]4)c3)cc2F)c1,7.638272285461426,7.684523864746094,0.43329067177222597,0.7352941176470589,0.046251579284668054
rf,7803,Cc1ccc(F)c(NC(=O)Nc2ccc(Oc3ccnc(-c4cc(C(=O)N[C@@H](CCC(=O)O)C(=O)O)c[nH]4)c3)cc2)c1,7.522878646850586,7.462673982620239,0.4980365089667265,0.6666666666666666,0.06020466423034687
rf,7804,Cc1ccc(F)c(NC(=O)Nc2ccc(Oc3ccnc(-c4cc(C(=O)N[C@@H](CCC(=O)OCC(O)CO)C(=O)OCC(O)CO)c[nH]4)c3)cc2)c1,7.443697452545166,7.370063187599182,0.6740633358240342,0.6,0.07363426494598357
rf,7805,Cc1ccc(F)c(NC(=O)Nc2ccc(Oc3ccnc(-c4cc(C(=O)O)c[nH]4)c3)c(F)c2)c1,7.744727611541748,7.539383459091186,0.456194208698919,0.7246376811594203,0.2053441524505617
rf,7806,Cc1ccc(F)c(NC(=O)Nc2ccc(Oc3ccnc(-c4cc(C(=O)O)c[nH]4)c3)cc2)c1,7.508638381958008,7.543760231018067,0.2879041893549153,0.8059701492537313,0.035121849060058885
rf,7807,Cc1ccc(F)c(NC(=O)Nc2ccc(Oc3ccnc(-c4cc(C(=O)O)c[nH]4)c3)cc2F)c1,7.7695512771606445,7.7207810554504395,0.32238754448889817,0.7538461538461538,0.048770221710205064
rf,7808,Cc1ccc(F)c(NC(=O)Nc2ccc(Oc3ccnc(-c4cc(C(=O)OCC(O)CO)c[nH]4)c3)cc2)c1,7.3665313720703125,7.6032345678329465,0.261600985837325,0.6923076923076923,0.236703195762634
rf,7809,Cc1ccc(F)c(NC(=O)Nc2ccc(Oc3ccnc(-c4cc(C(=O)OCCO)c[nH]4)c3)cc2)c1,7.508638381958008,7.620113117408752,0.3007978831706216,0.7567567567567568,0.11147473545074416
rf,7810,Cc1ccc(F)c(NC(=O)Nc2ccc(Oc3ccnc(-c4cc(C(N)=O)c[nH]4)c3)cc2)c1,7.677780628204346,7.5757402257919315,0.30167255812761407,0.7941176470588235,0.10204040241241419
rf,7811,Cc1ccc(F)c(NC(=O)Nc2ccc(Oc3ccnc(-c4ccc[nH]4)c3)cc2)c1,7.585026741027832,7.193038383483887,0.8596278913470412,0.7580645161290323,0.3919883575439451
rf,8416,Cc1cccc(NC(=O)Nc2ccc(Oc3ccnc(-c4cc(C(=O)N=S(C)(=O)CCCC(=O)O)c[nH]4)c3)cc2)c1,7.721246242523193,7.612810939788818,0.44423840868375225,0.72,0.1084353027343754
rf,8417,Cc1cccc(NC(=O)Nc2ccc(Oc3ccnc(-c4cc(C(=O)NCC(=O)O)c[nH]4)c3)cc2F)c1,7.698969841003418,7.769837772369384,0.42554945089587454,0.6666666666666666,0.07086793136596636
rf,8418,Cc1cccc(NC(=O)Nc2ccc(Oc3ccnc(-c4cc(C(=O)NCC(O)CO)c[nH]4)c3)cc2)c1,8.045757293701172,7.661489109992981,0.32646518584627165,0.6923076923076923,0.3842681837081905
rf,8419,Cc1cccc(NC(=O)Nc2ccc(Oc3ccnc(-c4cc(C(=O)NCCC(=O)O)c[nH]4)c3)cc2F)c1,7.92081880569458,7.749466506958008,0.37358038624844414,0.6511627906976745,0.1713522987365721
rf,8420,Cc1cccc(NC(=O)Nc2ccc(Oc3ccnc(-c4cc(C(=O)NCCCC(=O)O)c[nH]4)c3)cc2F)c1,7.79587984085083,7.722173084259033,0.3846672274817191,0.6363636363636364,0.07370675659179682
rf,8421,Cc1cccc(NC(=O)Nc2ccc(Oc3ccnc(-c4cc(C(=O)NO)c[nH]4)c3)cc2)c1,7.494850158691406,7.600217952728271,0.4342952119855756,0.7246376811594203,0.10536779403686491
rf,8422,Cc1cccc(NC(=O)Nc2ccc(Oc3ccnc(-c4cc(C(=O)NS(C)(=O)=CCC(=O)O)c[nH]4)c3)cc2)c1,7.721246242523193,7.49828873538971,0.6473072755688571,0.6282051282051282,0.22295750713348372
rf,8423,Cc1cccc(NC(=O)Nc2ccc(Oc3ccnc(-c4cc(C(=O)N[C@@H](CCC(=O)O)C(=O)O)c[nH]4)c3)cc2F)c1,7.568636417388916,7.682572546958923,0.4887168107552754,0.6333333333333333,0.11393612957000698
rf,8424,Cc1cccc(NC(=O)Nc2ccc(Oc3ccnc(-c4cc(C(=O)N[C@@H](CCC(=O)OC(C)(C)C)C(=O)O)c[nH]4)c3)cc2F)c1,7.7695512771606445,7.710316761016846,0.5670023952117583,0.6,0.05923451614379882
rf,8425,Cc1cccc(NC(=O)Nc2ccc(Oc3ccnc(-c4cc(C(=O)N[C@@H](CCC(=O)OCCO)C(=O)OCCO)c[nH]4)c3)cc2F)c1,7.7695512771606445,7.756171802520752,0.5029341694383289,0.59375,0.013379474639892308
rf,8426,Cc1cccc(NC(=O)Nc2ccc(Oc3ccnc(-c4cc(C(=O)O)c[nH]4)c3)cc2)c1,7.823908805847168,7.542765721321106,0.4847092548918357,0.7833333333333333,0.28114308452606185
rf,8427,Cc1cccc(NC(=O)Nc2ccc(Oc3ccnc(-c4cc(C(=O)O)c[nH]4)c3)cc2F)c1,7.853871822357178,7.7404542875289915,0.3929331423737374,0.7272727272727273,0.11341753482818628
rf,8428,Cc1cccc(NC(=O)Nc2ccc(Oc3ccnc(-c4cc(C(N)=O)c[nH]4)c3)cc2)c1,8.221848487854004,7.643055183410644,0.4136378251395179,0.7352941176470589,0.5787933044433595
rf,10970,O=C(Nc1ccc(Oc2ccnc(-c3cc(C(=O)O)c[nH]3)c2)cc1)Nc1ccc(Cl)c(C(F)(F)F)c1,7.853871822357178,7.063543416976929,0.558097035105634,0.6338028169014085,0.7903284053802491
rf,10971,O=C(Nc1ccc(Oc2ccnc(-c3cc(C(=O)O)c[nH]3)c2)cc1)Nc1ccc(F)c(C(F)(F)F)c1,7.267606258392334,7.37121531867981,0.6248416850960481,0.5789473684210527,0.10360906028747596
rf,10972,O=C(Nc1ccc(Oc2ccnc(-c3cc(C(=O)OCCO)c[nH]3)c2)cc1)Nc1ccc(Cl)c(C(F)(F)F)c1,7.2924299240112305,7.13291320514679,0.5501594365282152,0.5769230769230769,0.15951671886444085
rf,374,CC(=O)Nc1ccc2c(Cl)c(-c3nn(C(C)(C)C)c4ncnc(N)c34)[nH]c2c1,5.978810787200928,5.928705185890197,1.0306930711802202,0.7246376811594203,0.050105601310730385
rf,378,CC(=O)Nc1ccc2cc(-c3nn(C(C)(C)C)c4ncnc(N)c34)[nH]c2c1,5.97469425201416,5.776036694526672,1.0393227668575964,0.6571428571428571,0.19865755748748803
rf,598,CC(C)(C)n1nc(-c2[nH]c3cc(C#N)ccc3c2Cl)c2c(N)ncnc21,5.022733688354492,5.396085042953491,0.7370872943314537,0.6376811594202898,0.3733513545989986
rf,603,CC(C)(C)n1nc(-c2[nH]c3cc(C(=O)NCCC(F)(F)F)ccc3c2Cl)c2c(N)ncnc21,4.583359718322754,4.702455457687378,0.42856164746185166,0.7837837837837838,0.11909573936462436
rf,607,CC(C)(C)n1nc(-c2[nH]c3cc(C(=O)NCCO)ccc3c2Cl)c2c(N)ncnc21,5.821022987365723,4.6652159013748165,0.3812902794277616,0.8169014084507042,1.1558070859909062
rf,608,CC(C)(C)n1nc(-c2[nH]c3cc(C(=O)NCCOC(F)(F)F)ccc3c2Cl)c2c(N)ncnc21,4.97469425201416,4.881854391098022,0.5123117700040218,0.7532467532467533,0.09283986091613805
rf,610,CC(C)(C)n1nc(-c2[nH]c3cc(C(=O)NCCS(C)(=O)=O)ccc3c2Cl)c2c(N)ncnc21,4.744727611541748,4.664107527732849,0.38894671087397453,0.7837837837837838,0.08062008380889907
rf,618,CC(C)(C)n1nc(-c2[nH]c3cc(C(=O)O)ccc3c2Cl)c2c(N)ncnc21,4.522878646850586,5.084071126937866,0.7175654384021442,0.7846153846153846,0.5611924800872803
rf,619,CC(C)(C)n1nc(-c2[nH]c3cc(CN)ccc3c2Cl)c2c(N)ncnc21,5.774690628051758,5.1900009431838985,0.7463547627826008,0.6666666666666666,0.5846896848678593
rf,620,CC(C)(C)n1nc(-c2[nH]c3cc(CO)ccc3c2Cl)c2c(N)ncnc21,5.296708583831787,5.163172778129578,0.7598409065749202,0.6714285714285714,0.13353580570220913
rf,621,CC(C)(C)n1nc(-c2[nH]c3cc(Cl)ccc3c2Cl)c2c(N)ncnc21,4.522878646850586,5.504215286254883,0.7445924815206963,0.7142857142857143,0.9813366394042973
rf,622,CC(C)(C)n1nc(-c2[nH]c3ccc(F)cc3c2Cl)c2c(N)ncnc21,4.522878646850586,5.819778621196747,1.0191960363016146,0.6610169491525424,1.2968999743461609
rf,623,CC(C)(C)n1nc(-c2[nH]c3cccc(Cl)c3c2Cl)c2c(N)ncnc21,4.522878646850586,5.590667713165283,0.9208773870213373,0.6666666666666666,1.0677890663146972
rf,624,CC(C)(C)n1nc(-c2[nH]c3ccccc3c2Br)c2c(N)ncnc21,4.522878646850586,4.926052325248718,0.6963191565474413,0.75,0.4031736783981321
rf,625,CC(C)(C)n1nc(-c2[nH]c3ccccc3c2Cl)c2c(N)ncnc21,4.522878646850586,4.88349121761322,0.7817370650404161,0.7547169811320755,0.3606125707626342
rf,626,CC(C)(C)n1nc(-c2[nH]c3ccccc3c2F)c2c(N)ncnc21,5.135488986968994,5.0116279433568325,0.8080340642653456,0.6140350877192983,0.12386104361216166
rf,630,CC(C)(C)n1nc(-c2cc3c(Cl)cccc3[nH]2)c2c(N)ncnc21,4.522878646850586,5.544758169651032,0.8426901197325268,0.6101694915254238,1.0218795228004458
rf,631,CC(C)(C)n1nc(-c2cc3cc(C#N)ccc3[nH]2)c2c(N)ncnc21,4.522878646850586,5.653033880233765,0.9841080239720604,0.6949152542372882,1.1301552333831788
rf,633,CC(C)(C)n1nc(-c2cc3cc(F)ccc3[nH]2)c2c(N)ncnc21,4.522878646850586,5.848059137821197,1.044115261591339,0.631578947368421,1.3251804909706113
rf,634,CC(C)(C)n1nc(-c2cc3ccc(C#N)cc3[nH]2)c2c(N)ncnc21,4.522878646850586,5.224074656486511,0.6582657664181761,0.6949152542372882,0.7011960096359253
rf,636,CC(C)(C)n1nc(-c2cc3ccc(C(N)=O)cc3[nH]2)c2c(N)ncnc21,4.575118541717529,4.906158962249756,0.6312794539096126,0.7121212121212122,0.3310404205322266
rf,637,CC(C)(C)n1nc(-c2cc3ccc(Cl)cc3[nH]2)c2c(N)ncnc21,4.522878646850586,5.306752215385437,0.7220900034716913,0.7090909090909091,0.783873568534851
rf,638,CC(C)(C)n1nc(-c2cc3ccc(NS(C)(=O)=O)cc3[nH]2)c2c(N)ncnc21,5.32975435256958,5.1666749625206,0.7670060440835241,0.6031746031746031,0.16307939004898042
rf,639,CC(C)(C)n1nc(-c2cc3ccccc3[nH]2)c2c(N)ncnc21,4.585026741027832,4.947298417091369,0.744284395950781,0.7307692307692307,0.3622716760635374
rf,701,CC(C)(O)c1ccc2c(Cl)c(-c3nn(C(C)(C)C)c4ncnc(N)c34)[nH]c2c1,4.522878646850586,5.43524648475647,0.8123034920325488,0.6716417910447762,0.9123678379058839
rf,749,CC(C)NC(=O)c1ccc2c(Cl)c(-c3nn(C(C)(C)C)c4ncnc(N)c34)[nH]c2c1,4.522878646850586,5.003219337463379,0.6585564025467477,0.7681159420289855,0.4803406906127927
rf,767,CC(C)OCCCNC(=O)c1ccc2c(Cl)c(-c3nn(C(C)(C)C)c4ncnc(N)c34)[nH]c2c1,4.522878646850586,4.7759940595626835,0.4477445763296749,0.75,0.2531154127120976
rf,922,CC(C)n1nc(-c2[nH]c3cc(Br)ccc3c2Cl)c2c(N)ncnc21,4.522878646850586,5.676075892448425,0.5699939441969587,0.6875,1.1531972455978394
rf,924,CC(C)n1nc(-c2[nH]c3ccccc3c2Cl)c2c(N)ncnc21,4.821022987365723,4.6101439752578734,0.4472590275192972,0.6981132075471698,0.2108790121078492
rf,934,CC(C)n1nc(-c2cc3cc(O)ccc3[nH]2)c2c(N)ncnc21,5.823908805847168,7.070769544665017,1.0920202819161795,0.6666666666666666,1.2468607388178494
rf,937,CC(C)n1nc(-c2cc3ccc(Br)cc3[nH]2)c2c(N)ncnc21,4.522878646850586,5.332901299476624,0.5657102539576496,0.6721311475409836,0.8100226526260377
rf,939,CC(C)n1nc(-c2cc3ccccc3[nH]2)c2c(N)ncnc21,5.340083599090576,4.7705134630203245,0.5417367759025107,0.6923076923076923,0.5695701360702516
rf,1142,CCC(=O)c1cc2[nH]c(-c3nn(C(C)(C)C)c4ncnc(N)c34)c(Cl)c2cc1Cl,4.522878646850586,5.042401891708374,0.7395711336772302,0.6027397260273972,0.5195232448577878
rf,1143,CCC(=O)c1ccc2c(Cl)c(-c3nn(C(C)(C)C)c4ncnc(N)c34)[nH]c2c1,4.522878646850586,4.810668970108032,0.5545453945390034,0.746268656716418,0.2877903232574459
rf,1274,CCCNC(=O)c1ccc2c(Cl)c(-c3nn(C(C)(C)C)c4ncnc(N)c34)[nH]c2c1,4.903090000152588,4.699808351516723,0.3660888856396029,0.8169014084507042,0.20328164863586462
rf,1641,CCNC(=O)c1ccc2c(Cl)c(-c3nn(C(C)(C)C)c4ncnc(N)c34)[nH]c2c1,5.213958740234375,4.638268865585327,0.340388672214908,0.8235294117647058,0.575689874649048
rf,1642,CCNC(=O)c1ccc2c(Cl)c(-c3nn(CC(F)(F)F)c4ncnc(N)c34)[nH]c2c1,4.853871822357178,4.986012846946716,0.44427995046345475,0.7777777777777778,0.13214102458953825
rf,2130,CCn1nc(-c2[nH]c3cc(C(=O)NC)ccc3c2Cl)c2c(N)ncnc21,4.522878646850586,5.14111891746521,0.32643352622097077,0.7571428571428571,0.6182402706146242
rf,2132,CCn1nc(-c2cc3ccc(C(=O)NC)cc3[nH]2)c2c(N)ncnc21,4.522878646850586,4.988085178375244,0.4276059278508521,0.71875,0.4652065315246583
rf,2153,CN(C)C(=O)c1ccc2c(Cl)c(-c3nn(C(C)(C)C)c4ncnc(N)c34)[nH]c2c1,4.522878646850586,4.998071309089661,0.7094204949157885,0.7575757575757576,0.47519266223907497
rf,2178,CN(C)CCCNC(=O)c1ccc2c(Cl)c(-c3nn(C(C)(C)C)c4ncnc(N)c34)[nH]c2c1,4.522878646850586,5.447496181488037,1.0393204390288233,0.7692307692307693,0.9246175346374512
rf,2206,CN(C)CCNC(=O)c1ccc2c(Cl)c(-c3nn(C(C)(C)C)c4ncnc(N)c34)[nH]c2c1,4.522878646850586,5.46051372718811,1.0414846221852865,0.7837837837837838,0.9376350803375244
rf,2210,CN(C)CCOCCNC(=O)c1ccc2c(Cl)c(-c3nn(C(C)(C)C)c4ncnc(N)c34)[nH]c2c1,4.978810787200928,5.646591402053833,0.9537065353426936,0.7710843373493976,0.6677806148529051
rf,2240,CN(C)Cc1ccc2c(Cl)c(-c3nn(C(C)(C)C)c4ncnc(N)c34)[nH]c2c1,4.522878646850586,5.1969944286346434,0.7547609121135889,0.6301369863013698,0.6741157817840575
rf,2673,CNC(=O)Nc1ccc2cc(-c3nn(C(C)(C)C)c4ncnc(N)c34)[nH]c2c1,6.223299026489258,5.8894821600914,1.1305598462379622,0.6515151515151515,0.333816866397858
rf,2689,CNC(=O)c1cc(Cl)c2c(Cl)c(-c3nn(C(C)(C)C)c4ncnc(N)c34)[nH]c2c1,5.257275104522705,5.0466743116378785,0.778523686084537,0.6388888888888888,0.21060079288482658
rf,2690,CNC(=O)c1cc(Cl)c2cc(-c3nn(C(C)(C)C)c4ncnc(N)c34)[nH]c2c1,4.742321491241455,4.987147031784057,0.6915793541684825,0.6086956521739131,0.2448255405426023
rf,2753,CNC(=O)c1cc2[nH]c(-c3nn(C(C)(C)C)c4ncnc(N)c34)c(Cl)c2cc1Cl,5.829738140106201,5.022880706310272,0.726047244991037,0.6617647058823529,0.8068574337959289
rf,2754,CNC(=O)c1cc2[nH]c(-c3nn(C(C)(C)C)c4ncnc(N)c34)cc2cc1Cl,5.346787452697754,4.965198554992676,0.6947062161143553,0.6615384615384615,0.3815888977050781
rf,2796,CNC(=O)c1ccc2c(Br)c(-c3nn(C(C)(C)C)c4ncnc(N)c34)[nH]c2c1,5.0452752113342285,4.835239984512329,0.5581805777795507,0.6818181818181818,0.21003522682189946
rf,2798,CNC(=O)c1ccc2c(C)c(-c3nn(C(C)(C)C)c4ncnc(N)c34)[nH]c2c1,5.12959623336792,4.8137590637207035,0.5370158991874097,0.6857142857142857,0.3158371696472164
rf,2804,CNC(=O)c1ccc2c(Cl)c(-c3nn(C(C)(C)C)c4ncnc(N)c34)[nH]c2c1,5.271646022796631,4.834355354309082,0.5363866010160648,0.803030303030303,0.43729066848754883
rf,2806,CNC(=O)c1ccc2c(Cl)c(-c3nn(C(C)(C)C)c4ncnc(N)c34)n(C(F)F)c2c1,4.522878646850586,4.960801567077636,0.736539198209484,0.6133333333333333,0.4379229202270505
rf,2807,CNC(=O)c1ccc2c(Cl)c(-c3nn(C(C)(C)C)c4ncnc(N)c34)n(C)c2c1,4.9430952072143555,4.842447890281678,0.6271559756422461,0.5774647887323944,0.10064731693267781
rf,2811,CNC(=O)c1ccc2c(Cl)c(-c3nn(C(C)C)c4ncnc(N)c34)[nH]c2c1,5.725841999053955,5.396245739936829,0.515856389342854,0.7424242424242424,0.3295962591171264
rf,2812,CNC(=O)c1ccc2c(Cl)c(-c3nn(C)c4ncnc(N)c34)[nH]c2c1,4.522878646850586,5.019750608444214,0.42571693638148683,0.7424242424242424,0.49687196159362834
rf,2818,CNC(=O)c1ccc2c(Cl)c(-c3nn(CC(F)(F)F)c4ncnc(N)c34)[nH]c2c1,4.847711563110352,5.046086933135986,0.38984415174981296,0.8,0.19837537002563455
rf,2820,CNC(=O)c1ccc2c(Cl)c(-c3nn(CCCOC)c4ncnc(N)c34)[nH]c2c1,4.522878646850586,5.074985688209534,0.4344176968941179,0.7066666666666667,0.5521070413589477
rf,2821,CNC(=O)c1ccc2c(Cl)c(-c3nn(CCN)c4ncnc(N)c34)[nH]c2c1,4.522878646850586,5.048926355361939,0.3718923763804301,0.7571428571428571,0.5260477085113529
rf,2822,CNC(=O)c1ccc2c(Cl)c(-c3nn(CCO)c4ncnc(N)c34)[nH]c2c1,4.522878646850586,5.10826030921936,0.47154150603416045,0.7464788732394366,0.585381662368774
rf,2823,CNC(=O)c1ccc2c(F)c(-c3nn(C(C)(C)C)c4ncnc(N)c34)[nH]c2c1,5.395773887634277,4.922359101613363,0.6323473416278975,0.6716417910447762,0.47341478602091414
rf,2831,CNC(=O)c1ccc2cc(-c3nn(C(C)(C)C)c4ncnc(N)c34)[nH]c2c1,5.223299026489258,4.729725009918213,0.4599670077975416,0.7575757575757576,0.4935740165710447
rf,2833,CNC(=O)c1ccc2cc(-c3nn(C(C)(C)C)c4ncnc(N)c34)n(C)c2c1,5.066006660461426,4.968811895370483,0.7697184893912528,0.6268656716417911,0.0971947650909426
rf,2836,CNC(=O)c1ccc2cc(-c3nn(C(C)C)c4ncnc(N)c34)[nH]c2c1,4.954677104949951,5.125628245353699,0.5341511696427346,0.71875,0.17095114040374781
rf,2953,CNCc1ccc2c(Cl)c(-c3nn(C(C)(C)C)c4ncnc(N)c34)[nH]c2c1,5.28483247756958,5.176318276405334,0.7278653175025442,0.676056338028169,0.1085142011642457
rf,2958,CNNc1ccc2c(Cl)c(-c3nn(C(C)(C)C)c4ncnc(N)c34)[nH]c2c1,5.978810787200928,5.438950480461121,0.748447356241381,0.6571428571428571,0.5398603067398069
rf,3320,COC(=O)c1ccc2c(Cl)c(-c3nn(C(C)(C)C)c4ncnc(N)c34)[nH]c2c1,4.522878646850586,5.0325557298660275,0.7003011952300795,0.75,0.5096770830154416
rf,3472,COCCCNC(=O)c1ccc2c(Cl)c(-c3nn(C(C)(C)C)c4ncnc(N)c34)[nH]c2c1,4.522878646850586,4.764295156478882,0.45509291435981075,0.7792207792207793,0.24141650962829608
rf,3514,COCCNC(=O)c1ccc2c(Cl)c(-c3nn(C(C)(C)C)c4ncnc(N)c34)[nH]c2c1,4.570247650146484,4.847027258872986,0.4639571203746231,0.7945205479452054,0.27677960872650154
rf,3541,COCCOCCNC(=O)c1ccc2c(Cl)c(-c3nn(C(C)(C)C)c4ncnc(N)c34)[nH]c2c1,4.522878646850586,5.043451727867127,0.661692862886831,0.810126582278481,0.5205730810165408
rf,3714,COCc1ccc2c(Cl)c(-c3nn(C(C)(C)C)c4ncnc(N)c34)[nH]c2c1,4.522878646850586,5.239665851593018,0.7412308394689542,0.6301369863013698,0.716787204742432
rf,3749,CONC(=O)c1ccc2c(Cl)c(-c3nn(C(C)(C)C)c4ncnc(N)c34)[nH]c2c1,6.462181091308594,5.021891621589661,0.6876311256469153,0.7794117647058824,1.440289469718933
rf,8139,Cc1ccc2[nH]c(-c3nn(C(C)(C)C)c4ncnc(N)c34)cc2c1,5.472370147705078,5.836043190956116,0.9665095155822748,0.6428571428571429,0.3636730432510378
rf,8148,Cc1ccc2c(Cl)c(-c3nn(C(C)(C)C)c4ncnc(N)c34)[nH]c2c1,4.522878646850586,5.477413244247437,0.7959874083778344,0.676923076923077,0.9545345973968509
rf,8156,Cc1ccc2cc(-c3nn(C(C)(C)C)c4ncnc(N)c34)[nH]c2c1,4.522878646850586,5.271466099739075,0.7573995065122383,0.6428571428571429,0.748587452888489
rf,20,C#CCOc1nc(Nc2ccc(S(C)(=O)=O)cc2)ncc1C(F)(F)F,6.214670181274414,6.456200256347656,0.7482309170497047,0.6271186440677966,0.24153007507324187
rf,21,C#CCS(=O)(=O)c1ccc(Nc2ncc(C(F)(F)F)c(O[C@H](C)C(C)(C)O)n2)cc1,6.698969841003418,6.377597561120987,0.9132905007686358,0.703125,0.3213722798824312
rf,305,C=CCOc1nc(Nc2ccc(S(C)(=O)=O)cc2)ncc1C(F)(F)F,6.070580959320068,6.371396347522736,0.6664848157191033,0.6271186440677966,0.3008153882026674
rf,306,C=CCS(=O)(=O)c1ccc(Nc2ncc(C(F)(F)F)c(O[C@H](C)C(C)(C)O)n2)cc1,6.337242126464844,6.44265586566925,0.8638717606602506,0.6923076923076923,0.10541373920440655
rf,318,C=S(N)(=O)c1ccc(Nc2ncc(Br)c(N[C@H](C)CO)n2)cc1,7.397940158843994,6.622013036489487,0.8852271635760309,0.5857142857142857,0.7759271223545072
rf,591,CC(C)(C)c1nc(Nc2ccc(CCO)cc2)ncc1C#N,5.79587984085083,6.508886524438858,0.6519707868086317,0.6851851851851852,0.713006683588028
rf,762,CC(C)Nc1nc(Nc2ccc(S(C)(=N)=O)cc2)ncc1Br,7.15490198135376,6.946199022054672,0.5914907353609362,0.6,0.2087029592990879
rf,782,CC(C)S(=O)(=O)c1ccc(Nc2ncc(C(F)(F)F)c(O[C@H](C)[C@@H](C)O)n2)cc1,6.7695512771606445,6.608810789680481,0.5530403154192061,0.7857142857142857,0.16074048748016345
rf,1042,CC(O)C(C)Sc1nc(Nc2ccc(S(C)(=N)=O)cc2)ncc1Br,6.823908805847168,6.754021163145701,0.8728371965349947,0.47761194029850745,0.06988764270146675
rf,1043,CC(O)CSc1nc(Nc2ccc(S(C)(=N)=O)cc2)ncc1Br,6.602059841156006,6.874421360254288,0.7110303463240207,0.4714285714285714,0.27236151909828177
rf,1054,CC(Sc1nc(Nc2ccc(S(C)(=N)=O)cc2)ncc1Br)C(C)(C)O,6.958607196807861,6.976000701904296,0.6367372136582046,0.5538461538461539,0.017393505096435113
rf,1151,CCC(C)Sc1nc(Nc2ccc(S(C)(=N)=O)cc2)ncc1Br,6.92081880569458,6.823824658250809,0.7134933041966527,0.45714285714285713,0.09699414744377144
rf,1161,CCC(CO)Sc1nc(Nc2ccc(S(C)(=N)=O)cc2)ncc1Br,6.7695512771606445,6.518823869943619,1.0959420319659028,0.4383561643835616,0.2507274072170258
rf,1163,CCC(Sc1nc(Nc2ccc(S(C)(=N)=O)cc2)ncc1Br)C(C)(C)O,6.0,6.813736350297928,0.8595989627514729,0.5072463768115942,0.813736350297928
rf,1164,CCC(Sc1nc(Nc2ccc(S(C)(=N)=O)cc2)ncc1Br)C(C)O,6.698969841003418,6.846912022829056,0.728775445408493,0.4520547945205479,0.14794218182563768
rf,1719,CCOC(=O)N=S(=O)(CC)c1ccc(Nc2ncc(Br)c(N[C@@H](COC)[C@H](C)O)n2)cc1,6.346787452697754,6.711585016489029,0.866989744943066,0.4318181818181818,0.36479756379127526
rf,1720,CCOC(=O)N=S(=O)(CC)c1ccc(Nc2ncc(Br)c(N[C@H](C)C(C)(C)O)n2)cc1,7.026872158050537,6.809880199432373,0.8184395503905251,0.6,0.21699195861816367
rf,1721,CCOC(=O)N=S(=O)(CC)c1ccc(Nc2ncc(Br)c(N[C@H](C)[C@H](C)O)n2)cc1,7.036211967468262,6.798271931409836,0.819913784272595,0.4578313253012048,0.23794003605842562
rf,1722,CCOC(=O)N=S(=O)(CC)c1ccc(Nc2ncc(Br)c(O[C@H](C)[C@H](C)O)n2)cc1,6.823908805847168,6.6964699981371565,0.8380923188531573,0.4794520547945205,0.12743880771001148
rf,1723,CCOC(=O)N=S(C)(=O)c1ccc(Nc2ncc(Br)c(N[C@@H](COC)[C@H](C)O)n2)cc1,6.275723934173584,6.739661199808121,0.8911514195883805,0.42168674698795183,0.4639372656345371
rf,1724,CCOC(=O)N=S(C)(=O)c1ccc(Nc2ncc(Br)c(N[C@H](C)C(C)(C)O)n2)cc1,6.853871822357178,6.820476972262065,0.8465146907630547,0.6,0.033394850095112893
rf,1725,CCOC(=O)N=S(C)(=O)c1ccc(Nc2ncc(Br)c(N[C@H](C)C(C)(C)O)n2)cc1C,7.2441253662109375,6.656570438941319,0.9641048928881125,0.5131578947368421,0.5875549272696183
rf,1726,CCOC(=O)N=S(C)(=O)c1ccc(Nc2ncc(Br)c(N[C@H](C)[C@H](C)O)n2)cc1,7.251811981201172,6.811931630531947,0.8368115676707566,0.44871794871794873,0.4398803506692248
rf,1727,CCOC(=O)N=S(C)(=O)c1ccc(Nc2ncc(Br)c(N[C@H](C)[C@H](C)O)n2)cc1C,7.229147911071777,6.707588633537292,0.9303319837974685,0.39285714285714285,0.521559277534485
rf,1728,CCOC(=O)N=S(C)(=O)c1ccc(Nc2ncc(Br)c(O[C@H](C)[C@H](C)O)n2)cc1,6.958607196807861,6.7085811895688385,0.8519302514102373,0.4794520547945205,0.2500260072390228
rf,1902,CCOc1nc(Nc2ccc(S(=N)(=O)CC)cc2)ncc1Br,7.050610065460205,6.719067713419597,0.788275898473202,0.48484848484848486,0.331542352040608
rf,1903,CCS(=N)(=O)c1ccc(Nc2ncc(Br)c(N[C@@H](C)C(C)(C)O)n2)cc1,7.494850158691406,7.044513952255249,0.6412149207673382,0.7966101694915254,0.4503362064361571
rf,1904,CCS(=N)(=O)c1ccc(Nc2ncc(Br)c(N[C@@H](COC)[C@H](C)O)n2)cc1,6.638272285461426,6.8567187063694,0.7864950243983316,0.5492957746478874,0.2184464209079744
rf,1905,CCS(=N)(=O)c1ccc(Nc2ncc(Br)c(N[C@H](C)C(C)(C)O)n2)cc1,7.1317620277404785,7.044513952255249,0.6412149207673382,0.7966101694915254,0.08724807548522939
rf,1906,CCS(=N)(=O)c1ccc(Nc2ncc(Br)c(N[C@H](C)[C@H](C)O)n2)cc1,7.585026741027832,6.962818008184433,0.6869285854235706,0.6,0.622208732843399
rf,1907,CCS(=N)(=O)c1ccc(Nc2ncc(Br)c(N[C@H](COC)[C@@H](C)O)n2)cc1,6.327902317047119,6.8567187063694,0.7864950243983316,0.5492957746478874,0.528816389322281
rf,1908,CCS(=N)(=O)c1ccc(Nc2ncc(Br)c(N[C@H](COC)[C@H](C)O)n2)cc1,6.568636417388916,6.8567187063694,0.7864950243983316,0.5492957746478874,0.28808228898048416
rf,1909,CCS(=N)(=O)c1ccc(Nc2ncc(Br)c(O[C@H](C)[C@@H](C)O)n2)cc1,7.494850158691406,6.786689459816616,0.7705497620932065,0.5522388059701493,0.7081606988747904
rf,1969,CC[S@@](=N)(=O)c1ccc(Nc2ncc(Br)c(N[C@H](C)[C@@H](C)O)n2)cc1,7.494850158691406,6.962818008184433,0.6869285854235706,0.6,0.5320321505069732
rf,2636,CN=S(C)(=O)c1ccc(Nc2ncc(Br)c(N[C@H](C)[C@@H](C)O)n2)cc1OC,7.79587984085083,6.865131385666983,0.8543013198028847,0.4155844155844156,0.9307484551838474
rf,2637,CN=S(C)(=O)c1ccc(Nc2ncc(Br)c(N[C@H](C)[C@H](C)O)n2)cc1,7.431798458099365,6.893048457860947,0.700038554019913,0.5074626865671642,0.5387500002384185
rf,2638,CN=S(C)(=O)c1ccc(Nc2ncc(Br)c(N[C@H](C)[C@H](C)O)n2)cc1OC,7.537601947784424,6.865131385666983,0.8543013198028847,0.4155844155844156,0.6724705621174412
rf,3692,COC[C@@H](C)Oc1nc(Nc2ccc(S(C)(=O)=O)cc2)ncc1C(F)(F)F,6.397940158843994,6.479006345272064,0.6498879269451681,0.5967741935483871,0.08106618642807017
rf,3694,COC[C@@H](Nc1nc(Nc2ccc(S(C)(=N)=O)cc2)ncc1Br)[C@@H](C)O,6.4685211181640625,6.885172449827194,0.7408689539678567,0.5217391304347826,0.4166513316631315
rf,3701,COC[C@H](Nc1nc(Nc2ccc(S(C)(=N)=O)cc2)ncc1Br)[C@H](C)O,6.522878646850586,6.885172449827194,0.7408689539678567,0.5217391304347826,0.36229380297660807
rf,3998,COc1cc(Nc2ncc(Br)c(N[C@H](C)C(C)(C)O)n2)ccc1S(C)(=N)=O,7.122062683105469,7.011970653159278,0.8252273785759733,0.6119402985074627,0.11009202994619116
rf,3999,COc1cc(Nc2ncc(Br)c(N[C@H](C)[C@@H](C)O)n2)ccc1S(C)(=N)=O,7.508638381958008,7.020472009999411,0.8225497727011277,0.4657534246575342,0.4881663719585969
rf,4000,COc1cc(Nc2ncc(Br)c(N[C@H](C)[C@H](C)O)n2)ccc1S(C)(=N)=O,7.084064960479736,7.020472009999411,0.8225497727011277,0.4657534246575342,0.06359295048032543
rf,4001,COc1cc(Nc2ncc(Br)c(O[C@H](C)[C@H](C)O)n2)ccc1S(C)(=N)=O,6.823908805847168,6.886623678461711,0.8002250861869076,0.4533333333333333,0.062714872614543
rf,6697,CS(=O)(=O)c1ccc(Nc2ncc(C(F)(F)F)c(OCCC(F)(F)F)n2)cc1,6.0,6.431122754096985,0.6739352791360654,0.6379310344827587,0.4311227540969851
rf,6765,C[C@@H](Nc1nc(Nc2ccc(S(=N)(=O)CCO)cc2)ncc1Br)C(C)(C)O,7.161150932312012,7.06458926744461,0.5813821696247582,0.7580645161290323,0.09656166486740148
rf,6767,C[C@@H](Nc1nc(Nc2ccc(S(=O)(CC=O)=NS(=O)(=O)CC[Si](C)(C)C)cc2)ncc1Br)C(C)(C)O,6.79587984085083,6.6322616758346555,0.9488970268908401,0.7105263157894737,0.16361816501617454
rf,6768,C[C@@H](Nc1nc(Nc2ccc(S(C)(=N)=O)cc2)ncc1Br)C(C)(C)O,6.853871822357178,7.156739329338074,0.5365666631961186,0.7857142857142857,0.3028675069808964
rf,6806,C[C@@H](O)[C@@H](C)Nc1nc(Nc2ccc(S(C)(=N)=O)cc2)ncc1Br,7.318758964538574,7.065580183744431,0.6284405307942375,0.5806451612903226,0.25317878079414324
rf,6807,C[C@@H](O)[C@@H](C)Nc1nc(Nc2ccc([S+](N)[O-])cc2)ncc1Br,7.229147911071777,6.70867462682724,0.9682948283638829,0.4411764705882353,0.5204732842445372
rf,6809,C[C@@H](O)[C@@H](C)Oc1nc(Nc2ccc(S(=O)(=O)C(F)F)cc2)ncc1C(F)(F)F,6.3665313720703125,6.4958721928596495,0.695295437517625,0.7719298245614035,0.12934082078933695
rf,6812,C[C@@H](O)[C@@H](C)Oc1nc(Nc2ccc(S(=O)(=O)CCO)cc2)ncc1C(F)(F)F,6.7695512771606445,6.4678954270839695,0.7319719923757166,0.7333333333333333,0.30165585007667506
rf,6814,C[C@@H](O)[C@@H](C)Oc1nc(Nc2ccc(S(C)(=O)=O)cc2)ncc1C(F)(F)F,6.321481704711914,6.567481279945374,0.4442908335965342,0.8,0.24599957523346028
rf,6815,C[C@@H](O)[C@@H](C)Oc1nc(Nc2ccc([S+](N)[O-])cc2)ncc1Br,6.913640022277832,6.571793272829056,0.9015347694476209,0.4696969696969697,0.34184674944877624
rf,6827,C[C@@H](Oc1nc(Nc2ccc(S(C)(=O)=O)cc2)ncc1C(F)(F)F)C(C)(C)O,6.5155253410339355,6.537120537757874,0.518321466802213,0.7758620689655172,0.02159519672393806
rf,6847,C[C@H](CO)Nc1nc(Nc2ccc(S(C)(=O)=NS(=O)(=O)CC[Si](C)(C)C)cc2)ncc1Br,7.130768299102783,6.598341453552246,0.6453737226561235,0.7536231884057971,0.5324268455505372
rf,6848,C[C@H](CO)Nc1nc(Nc2ccc(S(N)(=O)=O)cc2)ncc1Br,7.4685211181640625,6.72294168305397,0.7934474216668728,0.6029411764705882,0.7455794351100922
rf,6849,C[C@H](CO)Nc1nc(Nc2ccc(S(N)(=O)=O)cc2)ncc1Br.Cl,7.4685211181640625,6.723217358827591,0.7933350245731577,0.5942028985507246,0.7453037593364717
rf,6850,C[C@H](CO)Nc1nc(Nc2ccc([S+](N)[O-])cc2)ncc1Br,7.4685211181640625,6.483980406284332,0.8438834976225158,0.5138888888888888,0.9845407118797302
rf,6853,C[C@H](Nc1nc(Nc2ccc(S(=N)(=O)CCO)cc2)ncc1Br)C(C)(C)O,7.229147911071777,7.06458926744461,0.5813821696247582,0.7580645161290323,0.1645586436271671
rf,6854,C[C@H](Nc1nc(Nc2ccc(S(C)(=N)=O)cc2)ncc1Br)C(C)(C)O,7.193819999694824,7.156739329338074,0.5365666631961186,0.7857142857142857,0.03708067035675011
rf,6858,C[C@H](O)[C@@H](C)Nc1nc(Nc2ccc(S(=O)(CC=O)=NS(=O)(=O)CC[Si](C)(C)C)cc2)ncc1Br,6.886056423187256,6.682559683799743,0.9633747334070687,0.6363636363636364,0.20349673938751245
rf,6859,C[C@H](O)[C@@H](C)Oc1nc(Nc2ccc(S(=O)(CCO)=NS(=O)(=O)CC[Si](C)(C)C)cc2)ncc1Br,6.086185932159424,6.55443700747717,0.7799799451147866,0.5625,0.46825107531774623
rf,6860,C[C@H](O)[C@@H](C)Oc1nc(Nc2ccc(S(C)(=N)=O)cc2)ncc1Br,6.4685211181640625,6.8887681162516285,0.6020503494489557,0.578125,0.42024699808756605
rf,7335,Cc1cc(Nc2ncc(Br)c(N[C@@H](C)C(C)(C)O)n2)ccc1S(C)(=N)=O,7.318758964538574,6.866992832740148,0.910182128295207,0.640625,0.4517661317984265
rf,7336,Cc1cc(Nc2ncc(Br)c(N[C@H](C)C(C)(C)O)n2)ccc1S(C)(=N)=O,7.263621807098389,6.866992832740148,0.910182128295207,0.640625,0.39662897435824096
rf,7337,Cc1cc(Nc2ncc(Br)c(N[C@H](C)[C@H](C)O)n2)ccc1S(C)(=N)=O,7.408935546875,6.87326593875885,0.9125319359639095,0.4857142857142857,0.5356696081161498
rf,309,C=CCn1nc(-c2ccc(OCC)c(OC)c2)c2c(N)ncnc21,4.0,4.91033030128479,0.7847132639363708,0.6290322580645161,0.9103303012847901
rf,402,CC(=O)c1ccc(-c2nn(C(C)C)c3ncnc(N)c23)cc1,4.0,4.77968968963623,1.0352042894236673,0.64,0.7796896896362302
rf,416,CC(=O)c1cccc(-c2nn(C(C)C)c3ncnc(N)c23)c1,4.0,5.487824464225769,1.1573894427549916,0.6612903225806451,1.4878244642257688
rf,928,CC(C)n1nc(-c2cc(F)c(C=O)c(F)c2)c2c(N)ncnc21,5.853871822357178,5.258513255119324,1.006785094675845,0.625,0.5953585672378541
rf,929,CC(C)n1nc(-c2cc(F)c(O)cc2F)c2c(N)ncnc21,5.091515064239502,6.6778768727143625,0.9709464657391365,0.5454545454545454,1.5863618084748605
rf,931,CC(C)n1nc(-c2cc(O)cc(Br)c2)c2c(N)ncnc21,7.3565473556518555,7.089358681837718,1.056052820138399,0.6346153846153846,0.2671886738141378
rf,932,CC(C)n1nc(-c2cc(O)cc(F)c2)c2c(N)ncnc21,7.031517028808594,7.034137841924032,0.9822129558254102,0.6346153846153846,0.0026208131154383807
rf,943,CC(C)n1nc(-c2ccc(Br)c(O)c2)c2c(N)ncnc21,7.259637355804443,7.260402674738566,0.8515971858929263,0.6862745098039216,0.000765318934123016
rf,944,CC(C)n1nc(-c2ccc(C#N)c(F)c2)c2c(N)ncnc21,4.0,4.756236144065857,0.9004706940181804,0.6111111111111112,0.7562361440658574
rf,945,CC(C)n1nc(-c2ccc(C#N)c(O)c2)c2c(N)ncnc21,5.853871822357178,7.131673628489176,0.9127582547013042,0.6481481481481481,1.2778018061319987
rf,947,CC(C)n1nc(-c2ccc(C(N)=O)c(Cl)c2)c2c(N)ncnc21,4.0,4.707949657440185,0.7647471534217372,0.6071428571428571,0.7079496574401851
rf,948,CC(C)n1nc(-c2ccc(C=O)c(F)c2)c2c(N)ncnc21,5.92081880569458,4.94816684293747,0.8677347670724721,0.6730769230769231,0.9726519627571104
rf,949,CC(C)n1nc(-c2ccc(CC#N)cc2)c2c(N)ncnc21,4.958607196807861,4.749312080383301,1.1073156514976572,0.5918367346938775,0.20929511642456067
rf,950,CC(C)n1nc(-c2ccc(Cl)c(O)c2)c2c(N)ncnc21,7.698969841003418,7.372287635053907,0.8214570673533652,0.6862745098039216,0.3266822059495107
rf,951,CC(C)n1nc(-c2ccc(F)c(C#N)c2)c2c(N)ncnc21,5.3665313720703125,4.738088056564331,0.8947933735859294,0.6111111111111112,0.6284433155059812
rf,952,CC(C)n1nc(-c2ccc(F)c(O)c2)c2c(N)ncnc21,7.1674909591674805,6.707963651620775,0.9040776444150445,0.6862745098039216,0.4595273075467059
rf,953,CC(C)n1nc(-c2ccc(N)c(O)c2)c2c(N)ncnc21,5.665546417236328,6.8814238878250125,0.94719538793866,0.7142857142857143,1.2158774705886843
rf,954,CC(C)n1nc(-c2ccc(NS(C)(=O)=O)cc2)c2c(N)ncnc21,5.229884624481201,4.969530790805817,1.195935277791187,0.58,0.2603538336753841
rf,955,CC(C)n1nc(-c2ccc(O)c(F)c2)c2c(N)ncnc21,5.815308570861816,6.7431865375995645,1.0376987401616484,0.6862745098039216,0.9278779667377481
rf,956,CC(C)n1nc(-c2ccc(O)cc2)c2c(N)ncnc21,5.838632106781006,7.172246180756887,1.1978691210754606,0.7777777777777778,1.3336140739758813
rf,957,CC(C)n1nc(-c2ccc(S(N)(=O)=O)cc2)c2c(N)ncnc21,4.005242824554443,4.794873851776123,1.092820665512291,0.6170212765957447,0.78963102722168
rf,988,CC(C)n1nc(-c2cccc(C#N)c2)c2c(N)ncnc21,4.3665313720703125,4.686893244743347,0.7624075980369939,0.6153846153846154,0.3203618726730344
rf,990,CC(C)n1nc(-c2cccc(CC#N)c2)c2c(N)ncnc21,5.318758964538574,4.651157668113709,0.7256413208128253,0.5818181818181818,0.6676012964248654
rf,991,CC(C)n1nc(-c2cccc(CO)c2)c2c(N)ncnc21,4.0,4.688016536712646,0.7610171902599281,0.6153846153846154,0.6880165367126461
rf,992,CC(C)n1nc(-c2cccc(NS(C)(=O)=O)c2)c2c(N)ncnc21,4.0,4.8601582627296445,0.9558059209548273,0.5714285714285714,0.8601582627296445
rf,993,CC(C)n1nc(-c2cccc(O)c2)c2c(N)ncnc21,6.6716203689575195,6.946286636892953,1.2189318670157803,0.75,0.2746662679354337
rf,994,CC(C)n1nc(-c2cccc(O)c2F)c2c(N)ncnc21,5.7798919677734375,6.475831880569459,1.0699702603141572,0.6181818181818182,0.6959399127960211
rf,995,CC(C)n1nc(-c2cccc(S(N)(=O)=O)c2)c2c(N)ncnc21,5.337242126464844,4.721474973678589,0.7865834466674902,0.6153846153846154,0.6157671527862547
rf,1153,CCC(C)n1nc(-c2ccc(C)c(O)c2)c2c(N)ncnc21,7.3665313720703125,6.88424205827713,0.9284301635060919,0.5614035087719298,0.4822893137931823
rf,1837,CCOc1cc(-c2nn(C(C)C)c3ncnc(N)c23)ccc1OC,4.0,4.896113626956939,0.8702666737398872,0.6071428571428571,0.8961136269569394
rf,1838,CCOc1cc(-c2nn(CCO)c3ncnc(N)c23)ccc1OC,4.899629592895508,4.975217156410217,0.844154579275832,0.5967741935483871,0.07558756351470919
rf,1873,CCOc1ccc(-c2n[nH]c3ncnc(N)c23)cc1OC,4.0,5.210891691207886,1.0054004940790617,0.5714285714285714,1.2108916912078858
rf,1874,CCOc1ccc(-c2nn(C(C)C)c3ncnc(N)c23)cc1OC,4.872895240783691,4.820043989658355,0.8010715640222996,0.6610169491525424,0.05285125112533606
rf,2134,CCn1nc(-c2ccc(OC)c(O)c2)c2c(N)ncnc21,6.55439567565918,5.612546422100068,1.159634832439008,0.6491228070175439,0.9418492535591119
rf,3689,COCOc1cc(-c2nn(C(C)C)c3ncnc(N)c23)ccc1Br,5.694648742675781,4.7300944657325745,0.80598353627249,0.5892857142857143,0.9645542769432067
rf,3824,COc1cc(-c2nn(C(C)C)c3ncnc(N)c23)cc(OC)c1OC,4.0,5.043454696655274,0.9745813386376267,0.6170212765957447,1.0434546966552736
rf,3825,COc1cc(-c2nn(C(C)C)c3ncnc(N)c23)ccc1F,4.0,5.071360647201538,0.9916309622238854,0.6226415094339622,1.071360647201538
rf,3826,COc1cc(-c2nn(C(C)C)c3ncnc(N)c23)ccc1N,5.585026741027832,5.188427495956421,0.880845689660081,0.6470588235294118,0.3965992450714113
rf,3827,COc1cc(-c2nn(C(C)C)c3ncnc(N)c23)ccc1NC(=O)OC(C)(C)C,5.651695251464844,4.716054434776306,0.8840614854544527,0.7205882352941176,0.9356408166885375
rf,3828,COc1cc(-c2nn(C(C)C)c3ncnc(N)c23)ccc1NC(C)CO,6.712198257446289,4.762404167366028,0.7903571095561333,0.5483870967741935,1.9497940900802613
rf,3829,COc1cc(-c2nn(C(C)C)c3ncnc(N)c23)ccc1O,4.0,6.89255869143804,1.0659956743720262,0.660377358490566,2.8925586914380403
rf,3863,COc1cc(Br)cc(-c2nn(C(C)C)c3ncnc(N)c23)c1,5.991399765014648,5.052915263652801,1.0098792730964743,0.58,0.938484501361847
rf,3954,COc1cc(F)c(-c2nn(C(C)C)c3ncnc(N)c23)cc1F,5.505845546722412,5.5935593304634095,0.7731276814679444,0.5192307692307693,0.08771378374099736
rf,5932,COc1ccc(-c2n[nH]c3ncnc(N)c23)cc1O,5.97469425201416,5.648515738964081,1.0683703673400478,0.5789473684210527,0.3261785130500794
rf,5954,COc1ccc(-c2nn(C(C)(C)C)c3ncnc(N)c23)cc1OC,4.0,5.069955200195312,0.7674459862419699,0.660377358490566,1.069955200195312
rf,5955,COc1ccc(-c2nn(C(C)C)c3ncnc(N)c23)cc1,5.360513687133789,4.96352577829361,1.1294221014641639,0.6444444444444445,0.3969879088401793
rf,5956,COc1ccc(-c2nn(C(C)C)c3ncnc(N)c23)cc1O,6.924453258514404,7.003271372890474,0.8766095066571721,0.660377358490566,0.07881811437606956
rf,5957,COc1ccc(-c2nn(C(C)C)c3ncnc(N)c23)cc1OC,4.0,4.91035652256012,0.7497662181342328,0.66,0.9103565225601198
rf,5963,COc1ccc(-c2nn(C[C@@H](C)CO)c3ncnc(N)c23)cc1OC,5.0,4.999934663295746,0.7816892659717191,0.5573770491803278,6.533670425401539e-05
rf,5964,COc1ccc(-c2nn(C[C@H](C)CO)c3ncnc(N)c23)cc1OC,4.0,4.999934663295746,0.7816892659717191,0.5573770491803278,0.999934663295746
rf,6457,COc1cccc(-c2nn(C(C)C)c3ncnc(N)c23)c1,4.0,4.833837872505188,0.8261410334158971,0.6274509803921569,0.833837872505188
rf,6458,COc1cccc(-c2nn(C(C)C)c3ncnc(N)c23)c1OC,5.276544094085693,5.096883853435516,0.7320609096188593,0.5892857142857143,0.17966024065017727
rf,6760,C[C@@H](CN)n1nc(-c2ccc(Cl)c(O)c2)c2c(N)ncnc21,5.9430952072143555,7.181785097008659,0.8552692597801174,0.576271186440678,1.238689889794304
rf,6761,C[C@@H](CN)n1nc(-c2ccc(F)c(O)c2)c2c(N)ncnc21,5.552842140197754,6.509904912594388,0.8390684794926491,0.576271186440678,0.9570627723966343
rf,6844,C[C@H](CN)n1nc(-c2ccc(Cl)c(O)c2)c2c(N)ncnc21,6.256490230560303,7.181785097008659,0.8552692597801174,0.576271186440678,0.9252948664483567
rf,6845,C[C@H](CN)n1nc(-c2ccc(F)c(O)c2)c2c(N)ncnc21,5.721246242523193,6.509904912594388,0.8390684794926491,0.576271186440678,0.7886586700711948
rf,7363,Cc1cc(O)ccc1-c1nn(C(C)C)c2ncnc(N)c12,6.6716203689575195,7.220872649097443,1.087507304378357,0.6666666666666666,0.5492522801399238
rf,7540,Cc1ccc(-c2n[nH]c3ncnc(N)c23)cc1O,6.625251770019531,5.645514771143596,1.0581383132660327,0.5961538461538461,0.9797369988759357
rf,7547,Cc1ccc(-c2nn(C(C)(C)C)c3ncnc(N)c23)cc1,5.79587984085083,5.08164233048757,1.187021349402493,0.5185185185185185,0.7142375103632599
rf,7548,Cc1ccc(-c2nn(C(C)C)c3ncnc(N)c23)cc1O,8.0,7.103876600424449,0.9562695312452363,0.7,0.8961233995755506
rf,7549,Cc1ccc(-c2nn(C)c3ncnc(N)c23)cc1O,6.821022987365723,6.799286518573761,0.8935462287184097,0.6382978723404256,0.02173646879196145
rf,9314,Cn1nc(-c2ccc(Br)c(O)c2)c2c(N)ncnc21,5.522878646850586,6.98972402563095,0.8425744838002801,0.6538461538461539,1.4668453787803637
rf,9480,N#CCCCCn1nc(-c2ccc(F)c(O)c2)c2c(N)ncnc21,5.537601947784424,5.437068482510249,1.161709548454101,0.5846153846153846,0.10053346527417517
rf,9484,N#CCCCn1nc(-c2ccc(F)c(O)c2)c2c(N)ncnc21,5.6716203689575195,5.396253661584853,1.1053357008556237,0.59375,0.2753667073726662
rf,312,C=Cc1cc(OC)cc(N(CC2CC2)c2ccc3ncc(-c4cnn(C)c4)nc3c2)c1.Cl,5.0,5.0766380280494685,0.19235909380151553,0.7794117647058824,0.07663802804946851
rf,779,CC(C)Oc1cccc(N(CC2CC2)c2ccc3ncc(-c4cnn(C)c4)nc3c2)c1,5.0,5.131969113349914,0.29705847627998494,0.6865671641791045,0.13196911334991412
rf,1356,CCN(C)Cc1cc(OC)cc(N(CC2CC2)c2ccc3ncc(-c4cnn(C)c4)nc3c2)c1,5.0,5.260391156196595,0.2994738895073665,0.7536231884057971,0.2603911561965946
rf,1473,CCN(CC)Cc1cc(OC)cc(N(CC2CC2)c2ccc3ncc(-c4cnn(C)c4)nc3c2)c1,5.210000038146973,5.105453536987305,0.23979460981618222,0.7611940298507462,0.10454650115966757
rf,1828,CCOCc1cc(OC)cc(N(CC2CC2)c2ccc3ncc(-c4cnn(C)c4)nc3c2)c1,5.0,5.134647703170776,0.3071601121279665,0.7611940298507462,0.134647703170776
rf,2285,CN(C)c1cccc(N(CC2CC2)c2ccc3ncc(-c4cnn(C)c4)nc3c2)c1.Cl,5.0,5.186770377715428,0.3775481349377288,0.6716417910447762,0.18677037771542793
rf,2644,CNC(=O)C(C)(C)n1cc(-c2cnc3ccc(N(CC4CC4)c4cc(OC)cc(OC)c4)cc3n2)cn1,5.0,5.082798125267029,0.23320179781524286,0.7631578947368421,0.08279812526702912
rf,2650,CNC(=O)Cn1cc(-c2cnc3ccc(N(CC4CC4)c4cc(OC)cc(OC)c4)cc3n2)cn1,5.0,5.0365288438797,0.21361328910431823,0.7763157894736842,0.03652884387970001
rf,2692,CNC(=O)c1cc(F)cc(N(CC2CC2)c2ccc3ncc(-c4cnn(C(C)C)c4)nc3c2)c1,5.529999732971191,5.254844591617585,0.49119064987496874,0.5227272727272727,0.27515514135360597
rf,2693,CNC(=O)c1cc(F)cc(N(CC2CC2)c2ccc3ncc(-c4cnn(C)c4)nc3c2)c1,5.809998989105225,5.222599615255992,0.48183960974825085,0.625,0.5873993738492329
rf,2700,CNC(=O)c1cc(OC)cc(N(CC2CC2)c2ccc3ncc(-c4cn[nH]c4)nc3c2)c1,5.380000591278076,5.140610971371333,0.41582349558312187,0.5975609756097561,0.2393896199067429
rf,2701,CNC(=O)c1cc(OC)cc(N(CC2CC2)c2ccc3ncc(-c4cnn(C)c4)nc3c2)c1,5.650000095367432,5.142661749283473,0.3980183696334423,0.7837837837837838,0.5073383460839587
rf,2702,CNC(=O)c1cc(OC)cc(N(CC2CC2)c2ccc3ncc(-c4cnn(CCOC)c4)nc3c2)c1,5.940001487731934,5.198817688385646,0.39904560114803783,0.6707317073170732,0.7411837993462873
rf,2936,CNCCOc1cc(OC)cc(N(CC2CC2)c2ccc3ncc(-c4cnn(C)c4)nc3c2)c1,5.0,5.0373495693206785,0.2339622844351384,0.7941176470588235,0.037349569320678455
rf,2939,CNCCn1cc(-c2cnc3ccc(N(CC4CC4)c4cc(OC)cc(OC)c4)cc3n2)cn1,5.250000476837158,5.124998253822326,0.18486471779634897,0.7714285714285715,0.12500222301483177
rf,3025,CNc1cccc(N(CC2CC2)c2ccc3ncc(-c4cnn(C)c4)nc3c2)c1,6.170001983642578,5.168140259345372,0.47119125134721423,0.6417910447761194,1.001861724297206
rf,3507,COCCNC(=O)C(C)(C)n1cc(-c2cnc3ccc(N(CC4CC4)c4cc(OC)cc(OC)c4)cc3n2)cn1,5.0,5.198714346885681,0.38216792090912755,0.7160493827160493,0.1987143468856809
rf,3509,COCCNC(=O)Cn1cc(-c2cnc3ccc(N(CC4CC4)c4cc(OC)cc(OC)c4)cc3n2)cn1,5.0,5.131511041164398,0.18244172406418777,0.8181818181818182,0.13151104116439782
rf,3673,COCCc1cc(OC)cc(N(CC2CC2)c2ccc3ncc(-c4cnn(C)c4)nc3c2)c1.Cl,5.0,5.153915256500244,0.2574844258643335,0.7681159420289855,0.15391525650024374
rf,3682,COCCn1cc(-c2cnc3ccc(N(CC4CC4)c4cc(OC)cc(OC)c4)cc3n2)cn1,5.0,5.106332053184509,0.1452482212826204,0.7941176470588235,0.10633205318450933
rf,3710,COCc1cc(OC)cc(N(CC2CC2)c2ccc3ncc(-c4cnn(C)c4)nc3c2)c1,5.0,5.124108002662659,0.2717924730940594,0.796875,0.12410800266265909
rf,3866,COc1cc(C#N)cc(N(CC2CC2)c2ccc3ncc(-c4cnn(C)c4)nc3c2)c1,5.0,5.2726578607559205,0.6146039593244204,0.8181818181818182,0.27265786075592047
rf,3945,COc1cc(CN(C)C)cc(N(CC2CC2)c2ccc3ncc(-c4cnn(C)c4)nc3c2)c1,5.0,5.11237465763092,0.24070236193225011,0.7846153846153846,0.11237465763092036
rf,3946,COc1cc(CN)cc(N(CC2CC2)c2ccc3ncc(-c4cnn(C)c4)nc3c2)c1.Cl,5.0,5.1985514526367185,0.3003204618558382,0.7910447761194029,0.19855145263671847
rf,3951,COc1cc(Cl)cc(N(CC2CC2)c2ccc3ncc(-c4cnn(C)c4)nc3c2)c1,5.0,5.1275546321868894,0.3721402289357499,0.8225806451612904,0.12755463218688945
rf,3956,COc1cc(F)cc(N(CC2CC2)c2ccc3ncc(-c4cn[nH]c4)nc3c2)c1,5.0,5.084202439785003,0.2940265087251039,0.6056338028169014,0.08420243978500341
rf,3957,COc1cc(F)cc(N(CC2CC2)c2ccc3ncc(-c4cnn(C)c4)nc3c2)c1,5.84999942779541,5.037412969112396,0.18700247318393426,0.8225806451612904,0.8125864586830138
rf,3958,COc1cc(F)cc(N(CC2CC2)c2ccc3ncc(-c4cnn(CCO)c4)nc3c2)c1,5.0,5.190446535587311,0.2196750791239996,0.7808219178082192,0.19044653558731106
rf,3972,COc1cc(N(CC2CC2)c2ccc3ncc(-c4cnn(C)c4)nc3c2)cc(C(F)(F)F)c1,5.0,5.087370652198792,0.33851688357457865,0.7846153846153846,0.08737065219879181
rf,4073,COc1cc(O)cc(N(CC2CC2)c2ccc3ncc(-c4cnn(C)c4)nc3c2)c1,5.130000114440918,6.398930740674337,1.0218035715536162,0.8225806451612904,1.268930626233419
rf,4082,COc1cc(OC(C)C)cc(N(CC2CC2)c2ccc3ncc(-c4cnn(C)c4)nc3c2)c1.Cl,5.0,5.077343693097433,0.20016187448695913,0.8181818181818182,0.07734369309743272
rf,4300,COc1cc(OC)cc(N(CC2CC2)c2ccc3ncc(-c4cn[nH]c4)nc3c2)c1,5.0,5.034260523796082,0.1613101359486987,0.676923076923077,0.0342605237960818
rf,4302,COc1cc(OC)cc(N(CC2CC2)c2ccc3ncc(-c4cnn(C(C)(C)C(=O)NCCO)c4)nc3c2)c1,5.0,5.186319074630737,0.37112102118431406,0.725,0.18631907463073727
rf,4303,COc1cc(OC)cc(N(CC2CC2)c2ccc3ncc(-c4cnn(C)c4)nc3c2)c1,5.079999923706055,5.007799994468689,0.04624236386582782,0.9285714285714286,0.07219992923736562
rf,4307,COc1cc(OC)cc(N(CC2CC2)c2ccc3ncc(-c4cnn(CC(=O)N(C)C)c4)nc3c2)c1,5.019999980926514,5.046860314925511,0.21087911139677643,0.7733333333333333,0.026860333998997454
rf,4310,COc1cc(OC)cc(N(CC2CC2)c2ccc3ncc(-c4cnn(CC(=O)NCCO)c4)nc3c2)c1,5.0,5.1264132494926455,0.1888967094574039,0.8289473684210527,0.12641324949264554
rf,4311,COc1cc(OC)cc(N(CC2CC2)c2ccc3ncc(-c4cnn(CC(C)(C)O)c4)nc3c2)c1,5.0,5.136306915283203,0.34798416536361987,0.7323943661971831,0.13630691528320327
rf,4312,COc1cc(OC)cc(N(CC2CC2)c2ccc3ncc(-c4cnn(CC(C)C)c4)nc3c2)c1,5.0,5.105763657887778,0.20260029118252726,0.7746478873239436,0.10576365788777764
rf,4314,COc1cc(OC)cc(N(CC2CC2)c2ccc3ncc(-c4cnn(CC(O)CO)c4)nc3c2)c1,5.099999904632568,5.175711569150289,0.24584457603078208,0.8169014084507042,0.07571166451772093
rf,4321,COc1cc(OC)cc(N(CC2CC2)c2ccc3ncc(-c4cnn(CCCN)c4)nc3c2)c1,5.0,5.158685641288757,0.26303228076406665,0.7714285714285715,0.1586856412887574
rf,4324,COc1cc(OC)cc(N(CC2CC2)c2ccc3ncc(-c4cnn(CCCNCCS(C)(=O)=O)c4)nc3c2)c1,5.079999923706055,5.393658535957337,0.6683141270981734,0.675,0.3136586122512819
rf,4325,COc1cc(OC)cc(N(CC2CC2)c2ccc3ncc(-c4cnn(CCF)c4)nc3c2)c1,5.0,5.096323756217957,0.19363581421004214,0.7941176470588235,0.09632375621795664
rf,4326,COc1cc(OC)cc(N(CC2CC2)c2ccc3ncc(-c4cnn(CCN)c4)nc3c2)c1,5.859995365142822,5.114395741462707,0.22052613133987956,0.7941176470588235,0.745599623680115
rf,4330,COc1cc(OC)cc(N(CC2CC2)c2ccc3ncc(-c4cnn(CCNS(=O)(=O)N(C)C)c4)nc3c2)c1,5.0,5.114219661712647,0.28755013102957555,0.7012987012987013,0.11421966171264675
rf,4331,COc1cc(OC)cc(N(CC2CC2)c2ccc3ncc(-c4cnn(CCNS(C)(=O)=O)c4)nc3c2)c1,5.059999942779541,5.178228445053101,0.25942994865633673,0.72,0.11822850227355985
rf,4332,COc1cc(OC)cc(N(CC2CC2)c2ccc3ncc(-c4cnn(CCO)c4)nc3c2)c1,5.0,5.177540062904358,0.15783205516454077,0.8656716417910447,0.17754006290435775
rf,4333,COc1cc(OC)cc(N(CC2CC2)c2ccc3ncc(-c4cnn(C[Si](C)(C)C)c4)nc3c2)c1,5.0,5.1700165042877195,0.17848395543904438,0.8181818181818182,0.17001650428771953
rf,4334,COc1cc(OC)cc(N(CC2CC2)c2ccc3ncc(-c4cnn(S(=O)(=O)N(C)C)c4)nc3c2)c1,5.0,5.06214042377472,0.19847650336156045,0.7058823529411765,0.06214042377471962
rf,4335,COc1cc(OC)cc(N(CC2CC2)c2ccc3ncc(-c4cnn(S(C)(=O)=O)c4)nc3c2)c1,5.0,5.048697738647461,0.17438878964410076,0.7605633802816901,0.048697738647461186
rf,4599,COc1cc(OC)cc(N(C[C@@H]2C[C@H]2CO)c2ccc3ncc(-c4cnn(C)c4)nc3c2)c1,5.309999942779541,5.101178565979004,0.29503080669002046,0.7538461538461538,0.20882137680053692
rf,4683,COc1cc(OCCN)cc(N(CC2CC2)c2ccc3ncc(-c4cnn(C)c4)nc3c2)c1,5.0,5.072195966720581,0.28874108461184944,0.8181818181818182,0.0721959667205807
rf,4684,COc1cc(OCCO)cc(N(CC2CC2)c2ccc3ncc(-c4cn[nH]c4)nc3c2)c1,5.0,5.072916615486145,0.28005183917939014,0.6164383561643836,0.07291661548614492
rf,4685,COc1cc(OCCO)cc(N(CC2CC2)c2ccc3ncc(-c4cnn(C)c4)nc3c2)c1,5.890005588531494,5.060604095458984,0.24490723048743387,0.8307692307692308,0.8294014930725098
rf,4686,COc1cc(OCCO)cc(N(CC2CC2)c2ccc3ncc(-c4cnn(C)c4)nc3c2)c1.Cl,6.770010948181152,5.100394160270691,0.28429742164117966,0.8461538461538461,1.6696167879104618
rf,4687,COc1cc(OCCO)cc(N(CC2CC2)c2ccc3ncc(-c4cnn(CCO)c4)nc3c2)c1.Cl,5.070000171661377,5.215022436141968,0.282371833664074,0.8309859154929577,0.1450222644805912
rf,4688,COc1cc(OCCO)cc(N(CC2CC2)c2ccc3ncc(-c4cnn(CCS(C)(=O)=O)c4)nc3c2)c1,5.0,5.336143161455791,0.7061506169385351,0.7215189873417721,0.3361431614557908
rf,6481,COc1cccc(N(CC2CC2)c2ccc3ncc(-c4cnn(C)c4)nc3c2)c1OC,5.0,5.192883524370193,0.4095634071163493,0.6521739130434783,0.19288352437019274
rf,8916,Cl.Cn1cc(-c2cnc3ccc(N(CC4CC4)c4cccc(OC(F)(F)F)c4)cc3n2)cn1,5.0,5.1751470726331075,0.32914327784168673,0.676056338028169,0.17514707263310747
rf,8936,Cl.c1ccc(N(CC2CC2)c2ccc3ncc(-c4cn[nH]c4)nc3c2)cc1,5.0,4.941233944654464,0.5451745254468505,0.5142857142857142,0.058766055345535584
rf,9095,Cn1cc(-c2cnc3ccc(N(CC4CC4)c4cccc(C#N)c4)cc3n2)cn1,5.0,5.355010722716649,0.6215488856587347,0.6428571428571429,0.35501072271664924
rf,9096,Cn1cc(-c2cnc3ccc(N(CC4CC4)c4cccc(OC(F)F)c4)cc3n2)cn1,5.0,5.19043150806427,0.39262905500502504,0.6764705882352942,0.19043150806427
rf,9097,Cn1cc(-c2cnc3ccc(N(CC4CC4)c4ccccc4)cc3n2)cn1,5.0,5.083941781123479,0.3423685394709429,0.7049180327868853,0.08394178112347905
rf,11608,OCCn1cc(-c2cnc3ccc(N(CC4CC4)c4ccccc4)cc3n2)cn1,5.0,5.108449878835677,0.4323310672638613,0.6666666666666666,0.10844987883567736
rf,422,CC(=O)c1cnc(-c2ccn3c(-c4cccc(NC(=O)NCC(F)(F)F)c4)cnc3c2)nc1,6.823908805847168,6.703613213539123,0.6270882270560107,0.746268656716418,0.12029559230804487
rf,423,CC(=O)c1cnc(-c2ccn3c(-c4cccc(NC(=O)NCC(F)(F)F)c4)cnc3c2)nc1N,6.92081880569458,6.502796653747558,0.6711111144462073,0.7368421052631579,0.41802215194702175
rf,703,CC(C)(O)c1cnc(-c2ccn3c(-c4cccc(NC(=O)NCC(F)(F)F)c4)cnc3c2)nc1,7.0,6.694534216880799,0.5159664343430036,0.8412698412698413,0.30546578311920136
rf,809,CC(C)c1cc(N)nc(-c2ccn3c(-c4cccc(NC(=O)NCC(F)(F)F)c4)cnc3c2)n1,6.229147911071777,6.649623005867005,0.5294070927900935,0.7083333333333334,0.4204750947952274
rf,872,CC(C)c1ccnc(-c2ccn3c(-c4cccc(NC(=O)NCC(F)(F)F)c4)cnc3c2)n1,5.248721122741699,6.544808022499084,0.41509677826714636,0.7297297297297297,1.296086899757385
rf,1028,CC(F)(F)c1cnc(-c2ccn3c(-c4cccc(NC(=O)NCC(F)(F)F)c4)cnc3c2)nc1,6.744727611541748,6.690711358070374,0.5369145039237868,0.7692307692307693,0.0540162534713744
rf,1047,CC(O)c1cnc(-c2ccn3c(-c4cccc(NC(=O)NCC(F)(F)F)c4)cnc3c2)nc1,6.886056423187256,6.592038154602051,0.4362551012574924,0.7142857142857143,0.2940182685852051
rf,1615,CCNC(=O)Nc1cccc(-c2cnc3cc(-c4ncc(C(F)(F)F)c(N)n4)ccn23)c1,6.853871822357178,6.3161275100708005,0.7440025108571702,0.6756756756756757,0.5377443122863772
rf,1616,CCNC(=O)Nc1cccc(-c2cnc3cc(-c4ncc(F)c(N)n4)ccn23)c1,6.1674909591674805,6.357527347564697,0.5992862420711462,0.75,0.1900363883972167
rf,1617,CCNC(=O)Nc1cccc(-c2cnc3cc(-c4ncc(OC)cn4)ccn23)c1,6.853871822357178,6.3879545841217045,0.6915398411667331,0.6376811594202898,0.46591723823547326
rf,1618,CCNC(=O)Nc1cccc(-c2cnc3cc(-c4ncccn4)ccn23)c1,5.86012077331543,6.19378376197815,0.555647731329494,0.711864406779661,0.33366298866272004
rf,1666,CCNc1nc(-c2ccn3c(-c4cccc(NC(=O)NCC(F)(F)F)c4)cnc3c2)ncc1F,6.0,6.603590608596802,0.7225803396587381,0.7837837837837838,0.6035906085968019
rf,1761,CCOC(=O)Nc1nc(-c2ccn3c(-c4cccc(NC(=O)NCC(F)(F)F)c4)cnc3c2)ncc1F,6.193819999694824,6.496688498814901,0.6557415697046798,0.7435897435897436,0.30286849912007696
rf,1810,CCOC(=O)c1cnc(-c2ccn3c(-c4cccc(NC(=O)NCC(F)(F)F)c4)cnc3c2)nc1N,6.214670181274414,6.552647786140442,0.5697536199230101,0.691358024691358,0.3379776048660279
rf,1901,CCOc1cnc(-c2ccn3c(-c4cccc(NC(=O)NCC(F)(F)F)c4)cnc3c2)nc1,6.4685211181640625,6.65043637084961,0.4920414296567426,0.7536231884057971,0.1819152526855472
rf,2241,CN(C)Cc1cnc(-c2ccn3c(-c4cccc(NC(=O)NCC(F)(F)F)c4)cnc3c2)nc1N,6.853871822357178,6.609166939735412,0.5929020114867042,0.7763157894736842,0.24470488262176548
rf,2286,CN(C)c1ccnc(-c2ccn3c(-c4cccc(NC(=O)NCC(F)(F)F)c4)cnc3c2)n1,6.416801452636719,6.703382380803426,0.5431076654901807,0.7361111111111112,0.2865809281667069
rf,2288,CN(C)c1nc(-c2ccn3c(-c4cccc(NC(=O)NCC(F)(F)F)c4)cnc3c2)ncc1F,6.28399658203125,6.56432406616211,0.4987383861118774,0.7236842105263158,0.2803274841308596
rf,2687,CNC(=O)c1cc(C)nc(-c2ccn3c(-c4cccc(NC(=O)NCC(F)(F)F)c4)cnc3c2)n1,6.251811981201172,6.676864650726318,0.7297699750157307,0.75,0.4250526695251464
rf,2900,CNC(=O)c1ccnc(-c2ccn3c(-c4cccc(NC(=O)NCC(F)(F)F)c4)cnc3c2)n1,6.823908805847168,6.674250026702881,0.7423160521668136,0.7402597402597403,0.14965877914428738
rf,3030,CNc1nc(-c2ccn3c(-c4cccc(NC(=O)NCC(F)(F)F)c4)cnc3c2)ncc1N,6.086185932159424,6.549353503227234,0.5972302921112033,0.7222222222222222,0.46316757106781026
rf,3401,COC(=O)c1cnc(-c2ccn3c(-c4cccc(NC(=O)NCC(F)(F)F)c4)cnc3c2)nc1,6.585026741027832,6.576903281211853,0.6295100737929611,0.7246376811594203,0.008123459815979395
rf,3709,COCc1cc(N)nc(-c2ccn3c(-c4cccc(NC(=O)NCC(F)(F)F)c4)cnc3c2)n1,6.4685211181640625,6.698224268913269,0.5759362306514236,0.6891891891891891,0.22970315074920666
rf,3979,COc1cc(NC(=O)NCC(F)(F)F)cc(-c2cnc3cc(-c4ncc(F)c(N)n4)ccn23)c1,6.0,5.820865091514587,1.23894452099086,0.7922077922077922,0.17913490848541258
rf,4675,COc1cc(OC)nc(-c2ccn3c(-c4cccc(NC(=O)NCC(F)(F)F)c4)cnc3c2)n1,4.522878646850586,6.569597262382508,0.38546517936126945,0.8059701492537313,2.0467186155319217
rf,6586,COc1ccnc(-c2ccn3c(-c4cccc(NC(=O)NCC(F)(F)F)c4)cnc3c2)n1,6.343901634216309,6.541195725440979,0.4069245502632278,0.7971014492753623,0.1972940912246708
rf,6592,COc1cnc(-c2ccn3c(-c4cccc(NC(=O)NCC(F)(F)F)c4)cnc3c2)nc1,6.585026741027832,6.611468740463257,0.4830398221013628,0.75,0.026441999435425245
rf,6593,COc1cnc(-c2ccn3c(-c4cccc(NC(=O)NCC(F)(F)F)c4)cnc3c2)nc1N,6.4509968757629395,6.582273141860962,0.5602756518448949,0.7272727272727273,0.13127626609802245
rf,6685,CS(=O)(=O)Nc1nc(-c2ccn3c(-c4cccc(NC(=O)NCC(F)(F)F)c4)cnc3c2)ncc1F,5.677780628204346,6.399480113983154,0.795976544051139,0.7631578947368421,0.7216994857788084
rf,7259,Cc1cc(N)nc(-c2ccn3c(-c4cccc(NC(=O)NCC(F)(F)F)c4)cnc3c2)n1,6.4685211181640625,6.614453226089478,0.5040159350716907,0.782608695652174,0.14593210792541544
rf,7884,Cc1ccc(NC(=O)NCC(F)(F)F)cc1-c1cnc2cc(-c3ncc(F)c(N)n3)ccn12,5.0,6.719515968799591,0.7679794803091888,0.7361111111111112,1.7195159687995911
rf,8558,Cc1ccnc(-c2ccn3c(-c4cccc(NC(=O)NCC(F)(F)F)c4)cnc3c2)n1,6.202040195465088,6.549150671958923,0.3809918255987872,0.8059701492537313,0.3471104764938353
rf,8641,Cc1cnc(-c2ccn3c(-c4cccc(NC(=O)NCC(F)(F)F)c4)cnc3c2)nc1,6.376750946044922,6.592806489944458,0.38583787979958023,0.8095238095238095,0.21605554389953596
rf,8642,Cc1cnc(-c2ccn3c(-c4cccc(NC(=O)NCC(F)(F)F)c4)cnc3c2)nc1N,6.377786159515381,6.553408142089844,0.4620671261201677,0.7567567567567568,0.17562198257446315
rf,8643,Cc1cnc(-c2ccn3c(-c4cccc(NC(=O)NCC(F)(F)F)c4)cnc3c2)nc1N(C)C,6.2441253662109375,6.612700879096985,0.4376147974329433,0.7222222222222222,0.3685755128860473
rf,9581,N#Cc1ccnc(-c2ccn3c(-c4cccc(NC(=O)NCC(F)(F)F)c4)cnc3c2)n1,6.0809221267700195,6.486479781150818,0.5726965545112468,0.7361111111111112,0.4055576543807984
rf,9661,NC(=O)Nc1cccc(-c2cnc3cc(-c4ncc(F)c(N)n4)ccn23)c1,6.628931999206543,6.511212290763855,0.6691290525323391,0.765625,0.11771970844268775
rf,9662,NC(=O)Nc1cccc(-c2cnc3cc(-c4ncccn4)ccn23)c1,6.151195526123047,6.336441444396972,0.6865369317718987,0.7358490566037735,0.18524591827392545
rf,9727,NC(=O)c1ccnc(-c2ccn3c(-c4cccc(NC(=O)NCC(F)(F)F)c4)cnc3c2)n1,6.767004013061523,6.581452273368836,0.4623714110864779,0.7837837837837838,0.1855517396926878
rf,9760,NCCNc1nc(-c2ccn3c(-c4cccc(NC(=O)NCC(F)(F)F)c4)cnc3c2)ncc1F,6.189095497131348,6.6431031379699705,0.6841092384169861,0.7733333333333333,0.4540076408386229
rf,9820,Nc1cc(C(F)(F)F)nc(-c2ccn3c(-c4cccc(NC(=O)NCC(F)(F)F)c4)cnc3c2)n1,6.031517028808594,6.642998154640198,0.5796357995895558,0.75,0.6114811258316042
rf,9858,Nc1ccnc(-c2ccn3c(-c4cccc(NC(=O)NCC(F)(F)F)c4)cnc3c2)n1,6.50445556640625,6.595278666496277,0.4838734423127131,0.7878787878787878,0.09082310009002725
rf,9863,Nc1cnc(-c2ccn3c(-c4cccc(NC(=O)NCC(F)(F)F)c4)cnc3c2)nc1,6.347753524780273,6.602422807693482,0.5552377633719913,0.8135593220338984,0.25466928291320823
rf,9864,Nc1cnc(-c2ccn3c(-c4cccc(NC(=O)NCC(F)(F)F)c4)cnc3c2)nc1Cl,5.954677104949951,6.724691313743591,0.6368621013495032,0.7142857142857143,0.7700142087936399
rf,9865,Nc1cnc(-c2ccn3c(-c4cccc(NC(=O)NCC(F)(F)F)c4)cnc3c2)nc1N,6.4685211181640625,6.546340106964111,0.4471694326618452,0.7887323943661971,0.07781898880004867
rf,9944,Nc1nc(-c2ccn3c(-c4cc(Cl)cc(NC(=O)NCC(F)(F)F)c4)cnc3c2)ncc1F,6.552842140197754,5.923612570126852,1.1052152929780206,0.7971014492753623,0.6292295700709021
rf,9945,Nc1nc(-c2ccn3c(-c4cc(F)cc(NC(=O)NCC(F)(F)F)c4)cnc3c2)ncc1F,6.7695512771606445,6.087083771705627,1.1286206961585756,0.8208955223880597,0.6824675054550173
rf,9949,Nc1nc(-c2ccn3c(-c4cccc(NC(=O)NCC(F)(F)F)c4)cnc3c2)ncc1C(=O)O,6.4685211181640625,6.390591291427612,0.6079314106040169,0.7466666666666667,0.0779298267364501
rf,9950,Nc1nc(-c2ccn3c(-c4cccc(NC(=O)NCC(F)(F)F)c4)cnc3c2)ncc1C(F)(F)F,6.318758964538574,6.447844804763794,0.6635256244310606,0.7971014492753623,0.12908584022521996
rf,9952,Nc1nc(-c2ccn3c(-c4cccc(NC(=O)NCC(F)(F)F)c4)cnc3c2)ncc1CO,6.397940158843994,6.56702613735199,0.47238257137543793,0.8194444444444444,0.16908597850799545
rf,9953,Nc1nc(-c2ccn3c(-c4cccc(NC(=O)NCC(F)(F)F)c4)cnc3c2)ncc1F,6.571865081787109,6.4819757947921754,0.5100680956571615,0.8208955223880597,0.08988928699493393
rf,9954,Nc1nc(-c2ccn3c(-c4cccc(NC(=O)NCC(F)(F)F)c4)cnc3c2)ncc1OCCO,6.481485843658447,6.622308589935303,0.6211576320504322,0.717948717948718,0.14082274627685543
rf,10521,O=C(NCC(F)(F)F)Nc1cc(-c2cnc3cc(-c4ncccn4)ccn23)cc(C(F)(F)F)c1,5.886056423187256,6.348470872402191,0.8164558296039838,0.7741935483870968,0.46241444921493535
rf,10525,O=C(NCC(F)(F)F)Nc1cc(Cl)cc(-c2cnc3cc(-c4ncccn4)ccn23)c1,6.677780628204346,6.189386370182038,0.8818347604468977,0.7741935483870968,0.48839425802230796
rf,10527,O=C(NCC(F)(F)F)Nc1cc(F)cc(-c2cnc3cc(-c4ncccn4)ccn23)c1,6.823908805847168,6.400935027122498,0.863601235762764,0.7868852459016393,0.42297377872467035
rf,10570,O=C(NCC(F)(F)F)Nc1cccc(-c2cnc3cc(-c4ncc(C(=O)O)cn4)ccn23)c1,6.443697452545166,6.540488531112671,0.6582137229898354,0.7538461538461538,0.09679107856750502
rf,10572,O=C(NCC(F)(F)F)Nc1cccc(-c2cnc3cc(-c4ncc(C(F)(F)F)cn4)ccn23)c1,6.165579319000244,6.619774014472961,0.4755646401317149,0.7619047619047619,0.45419469547271696
rf,10573,O=C(NCC(F)(F)F)Nc1cccc(-c2cnc3cc(-c4ncc(CO)cn4)ccn23)c1,6.619788646697998,6.6833811988830565,0.5116466664179268,0.8125,0.06359255218505844
rf,10575,O=C(NCC(F)(F)F)Nc1cccc(-c2cnc3cc(-c4ncc(F)c(NCCO)n4)ccn23)c1,6.2306227684021,6.607624493598938,0.7072778661222234,0.7733333333333333,0.3770017251968385
rf,10576,O=C(NCC(F)(F)F)Nc1cccc(-c2cnc3cc(-c4ncc(F)cn4)ccn23)c1,6.455932140350342,6.591673807144165,0.4432752188863142,0.8064516129032258,0.13574166679382316
rf,10579,O=C(NCC(F)(F)F)Nc1cccc(-c2cnc3cc(-c4nccc(C(F)(F)F)n4)ccn23)c1,5.92081880569458,6.531984190940857,0.45674080225935954,0.7611940298507462,0.6111653852462773
rf,10585,O=C(NCC(F)(F)F)Nc1cccc(-c2cnc3cc(-c4nccc(O)n4)ccn23)c1,5.4202165603637695,6.515586386680603,0.3729742330261771,0.7727272727272727,1.0953698263168334
rf,10586,O=C(NCC(F)(F)F)Nc1cccc(-c2cnc3cc(-c4ncccn4)ccn23)c1,6.369572162628174,6.431662523269654,0.362488482350742,0.85,0.06209036064147977
rf,398,CC(=O)ON1C(=O)/C(=C\c2[nH]c(C)cc2C)c2ccccc21,6.397940158843994,5.58073443709328,1.0045845691284885,0.41379310344827586,0.8172057217507138
rf,1389,CCN(CC)CCCNC(=O)c1c(C)[nH]c(/C=C2\C(=O)Nc3ccc(F)cc32)c1C,6.318758964538574,7.263016454696655,0.8040208429820018,0.6956521739130435,0.9442574901580807
rf,1404,CCN(CC)CCNC(=O)c1c(C)[nH]c(/C=C2\C(=O)Nc3cc(Cl)ccc32)c1C,6.686132907867432,7.035265711784363,0.8997344283560034,0.5774647887323944,0.34913280391693124
rf,1405,CCN(CC)CCNC(=O)c1c(C)[nH]c(/C=C2\C(=O)Nc3cc(F)ccc32)c1C,6.723538398742676,7.086529658317566,0.8172008363712049,0.6197183098591549,0.36299125957489053
rf,1406,CCN(CC)CCNC(=O)c1c(C)[nH]c(/C=C2\C(=O)Nc3ccc(Br)cc32)c1C,7.494850158691406,7.246207879066468,0.6585114657444204,0.6081081081081081,0.24864227962493857
rf,1407,CCN(CC)CCNC(=O)c1c(C)[nH]c(/C=C2\C(=O)Nc3ccc(C#N)cc32)c1C,6.407823085784912,7.194811495463053,0.6928067113828517,0.5753424657534246,0.7869884096781412
rf,1408,CCN(CC)CCNC(=O)c1c(C)[nH]c(/C=C2\C(=O)Nc3ccc(CCC#N)cc32)c1C,5.87680196762085,7.0824664694468185,0.8823635608900814,0.5454545454545454,1.2056645018259688
rf,1409,CCN(CC)CCNC(=O)c1c(C)[nH]c(/C=C2\C(=O)Nc3ccc(CCC(N)=O)cc32)c1C,5.4179368019104,6.980233377456665,0.9448782509900138,0.5526315789473685,1.5622965755462648
rf,1410,CCN(CC)CCNC(=O)c1c(C)[nH]c(/C=C2\C(=O)Nc3ccc(CCN=[N+]=[N-])cc32)c1C,5.6458916664123535,7.063181746006012,0.9584774288438866,0.5316455696202531,1.4172900795936583
rf,1411,CCN(CC)CCNC(=O)c1c(C)[nH]c(/C=C2\C(=O)Nc3ccc(CCNC(C)=O)cc32)c1C,5.664742946624756,7.08383961168925,0.8634776916251201,0.56,1.4190966650644938
rf,1412,CCN(CC)CCNC(=O)c1c(C)[nH]c(/C=C2\C(=O)Nc3ccc(CCO)cc32)c1C,6.071604251861572,7.055919603029887,0.955075216200801,0.5753424657534246,0.9843153511683145
rf,1413,CCN(CC)CCNC(=O)c1c(C)[nH]c(/C=C2\C(=O)Nc3ccc(Cl)cc32)c1C,7.568636417388916,7.2174663073221845,0.7777065380421648,0.6081081081081081,0.3511701100667315
rf,1414,CCN(CC)CCNC(=O)c1c(C)[nH]c(/C=C2\C(=O)Nc3ccc(F)cc32)c1C,7.401209354400635,7.328214502334594,0.6075123152448157,0.7164179104477612,0.0729948520660404
rf,1415,CCN(CC)CCNC(=O)c1c(C)[nH]c(/C=C2\C(=O)Nc3ccc(F)cc32)c1C.O=C(O)CC(O)C(=O)O,7.505845546722412,7.1623339457511905,0.8287638804309415,0.6153846153846154,0.3435116009712216
rf,1416,CCN(CC)CCNC(=O)c1c(C)[nH]c(/C=C2\C(=O)Nc3ccc(F)cc32)c1C.O=C(O)C[C@H](O)C(=O)O,7.096909999847412,7.1623339457511905,0.8287638804309415,0.6153846153846154,0.06542394590377842
rf,1417,CCN(CC)CCNC(=O)c1c(C)[nH]c(/C=C2\C(=O)Nc3cccc(F)c32)c1C,7.95867919921875,6.8625703279177355,0.9225265354566536,0.6081081081081081,1.0961088713010145
rf,1418,CCN(CC)CCNC(=O)c1c(C)[nH]c(/C=C2\C(=O)Nc3ccccc32)c1C,7.301030158996582,7.008738191127777,0.9060631698519849,0.6363636363636364,0.2922919678688052
rf,1653,CCNCCNC(=O)c1c(C)[nH]c(/C=C2\C(=O)Nc3ccc(F)cc32)c1C,6.296708583831787,6.951555839538575,0.9027625389390745,0.75,0.6548472557067875
rf,1778,CCOC(=O)c1cc(C)c(/C=C2\C(=O)Nc3ccccc32)[nH]1,5.096909999847412,5.917006916046143,0.8512569864585512,0.532258064516129,0.8200969161987306
rf,6369,COc1ccc2c(c1)/C(=C/c1[nH]c(C)c(C(=O)NCCCN)c1C)C(=O)N2,6.0,6.737751586437225,0.9649892485190481,0.5753424657534246,0.7377515864372253
rf,6397,COc1ccc2c(c1)NC(=O)/C2=C\c1[nH]c(C)c(CCC(=O)O)c1C,5.627685546875,5.941945380210877,0.5593885545444749,0.8596491228070176,0.3142598333358766
rf,6399,COc1ccc2c(c1)NC(=O)/C2=C\c1[nH]cc(CCC(=O)O)c1C,5.895242691040039,6.267059767723084,0.6593841856993695,0.8596491228070176,0.37181707668304487
rf,6717,CSCCCNC(=O)c1ccc2c(c1)/C(=C/c1[nH]c(C)cc1C)C(=O)N2,7.4202165603637695,6.782596918106079,1.04847800030636,0.43037974683544306,0.6376196422576905
rf,6884,Cc1[nH]c(/C=C2\C(=O)Nc3ccc(Br)cc32)c(C)c1CCC(=O)O,6.458427906036377,6.703369310379029,0.8118603036094479,0.6666666666666666,0.24494140434265166
rf,6886,Cc1[nH]c(/C=C2\C(=O)Nc3ccc(C(=O)O)cc32)c(C)c1CCC(=O)O,5.727965831756592,7.059868799209594,1.106293115609738,0.7419354838709677,1.3319029674530025
rf,6889,Cc1[nH]c(/C=C2\C(=O)Nc3ccc(F)cc32)c(C)c1C(=O)NCCC(=O)NO,7.0,7.025330129941305,0.7366350951908145,0.7272727272727273,0.025330129941305124
rf,6890,Cc1[nH]c(/C=C2\C(=O)Nc3ccc(F)cc32)c(C)c1C(=O)NCCCC(=O)NO,7.0,6.992810407002768,0.7789334842335783,0.7058823529411765,0.007189592997232097
rf,6891,Cc1[nH]c(/C=C2\C(=O)Nc3ccc(F)cc32)c(C)c1C(=O)NCCCCCC(=O)N(C)O,7.0,7.079705850283305,0.7429353407709532,0.6666666666666666,0.07970585028330479
rf,6892,Cc1[nH]c(/C=C2\C(=O)Nc3ccc(F)cc32)c(C)c1C(=O)NCCCCCC(=O)NO,7.0,6.9754915447235115,0.8188901099848565,0.6857142857142857,0.024508455276488483
rf,6893,Cc1[nH]c(/C=C2\C(=O)Nc3ccc(F)cc32)c(C)c1C(=O)NCCCCCCC(=O)NO,7.0,6.9754915447235115,0.8188901099848565,0.6857142857142857,0.024508455276488483
rf,6894,Cc1[nH]c(/C=C2\C(=O)Nc3ccc(F)cc32)c(C)c1C(=O)NCCCCCCCC(=O)NO,7.0,6.9754915447235115,0.8188901099848565,0.6857142857142857,0.024508455276488483
rf,6895,Cc1[nH]c(/C=C2\C(=O)Nc3ccc(F)cc32)c(C)c1C(=O)NCCN(C)C,6.70203161239624,7.183393546104432,0.6354547219321793,0.7384615384615385,0.48136193370819136
rf,6902,Cc1[nH]c(/C=C2\C(=O)Nc3ccc(S(N)(=O)=O)cc32)c(C)c1CCC(=O)O,5.134092807769775,6.29178092956543,0.8747788817403095,0.6666666666666666,1.1576881217956547
rf,6903,Cc1[nH]c(/C=C2\C(=O)Nc3ccccc32)c(C)c1Br,6.494850158691406,5.7944982671737675,0.9354071070366065,0.5,0.7003518915176388
rf,6904,Cc1[nH]c(/C=C2\C(=O)Nc3ccccc32)c(C)c1CCC(=O)O,5.619788646697998,6.033995878696442,0.7473040645364125,0.7777777777777778,0.4142072319984438
rf,6906,Cc1[nH]c(/C=C2\C(=O)Nc3ccccc32)c(C)c1Cl,6.0,5.757104255199432,0.9218025969621072,0.4782608695652174,0.24289574480056775
rf,6952,Cc1c(CCC(=O)O)c[nH]c1/C=C1\C(=O)Nc2ccc(C(=O)O)cc21,5.460409164428711,6.545983054161072,1.1714594792903028,0.6666666666666666,1.0855738897323608
rf,6953,Cc1c(CCC(=O)O)c[nH]c1/C=C1\C(=O)Nc2ccc(S(N)(=O)=O)cc21,5.168621063232422,6.082938220977783,0.926074043430222,0.625,0.9143171577453613
rf,6954,Cc1c(CCC(=O)O)c[nH]c1/C=C1\C(=O)Nc2ccccc21,6.0337629318237305,6.160529201507568,0.7705638154382606,0.7777777777777778,0.12676626968383786
rf,7007,Cc1c[nH]c(/C=C2\C(=O)Nc3ccc(Br)cc32)c1CCC(=O)O,6.926936149597168,6.372476954936981,0.987326031124334,0.6451612903225806,0.5544591946601871
rf,7008,Cc1c[nH]c(/C=C2\C(=O)Nc3cccc(C)c32)c1CCC(=O)O,6.849484920501709,5.828349197864532,1.1800407465555107,0.6,1.021135722637177
rf,7009,Cc1c[nH]c(/C=C2\C(=O)Nc3ccccc32)c1CCC(=O)O,7.698969841003418,5.905689810276032,0.8312804301919927,0.6612903225806451,1.7932800307273862
rf,7063,Cc1cc(C(=O)NCCO)[nH]c1/C=C1\C(=O)Nc2ccccc21,5.0,6.388602547168731,1.1292383836299875,0.53125,1.3886025471687313
rf,7096,Cc1cc(C(=O)O)[nH]c1/C=C1\C(=O)Nc2ccccc21,5.0,5.873668892383575,0.8784709062118569,0.6981132075471698,0.8736688923835754
rf,7098,Cc1cc(C)c(/C=C2/C(=O)Nc3ccccc32)[nH]1,7.397940158843994,5.88139091539383,0.8452182548060526,0.5531914893617021,1.5165492434501644
rf,7100,Cc1cc(C)c(/C=C2\C(=O)N(O)c3ccccc32)[nH]1,6.301030158996582,5.834037072667622,0.9616174086267232,0.46153846153846156,0.4669930863289604
rf,7106,Cc1cc(C)c(/C=C2\C(=O)Nc3ccc(O)cc32)[nH]1,7.0,6.429367254257202,1.0186308612275872,0.4339622641509434,0.570632745742798
rf,7107,Cc1cc(C)c(/C=C2\C(=O)Nc3ccccc32)[nH]1,5.910094738006592,5.88139091539383,0.8452182548060526,0.5531914893617021,0.028703822612762053
rf,7109,Cc1cc(C)c(C=C2C(=O)Nc3ccccc32)[nH]1,4.889410495758057,5.88139091539383,0.8452182548060526,0.5531914893617021,0.9919804196357731
rf,7153,Cc1cc(CO)[nH]c1/C=C1\C(=O)Nc2ccccc21,6.494850158691406,5.976882225513458,0.9332998762745467,0.47540983606557374,0.5179679331779479
rf,8492,Cc1cccc2c1/C(=C\c1ccc[nH]1)C(=O)N2,4.508638381958008,5.841939777374267,1.2024173710341006,0.5,1.3333013954162594
rf,9219,Cn1cccc1/C=C1/C(=O)Nc2ccccc21,4.698969841003418,5.656639201641083,0.8990259588108614,0.5116279069767442,0.9576693606376647
rf,10361,O=C(CCCCC(=O)Nc1ccc2c(c1)/C(=C/c1ccc[nH]1)C(=O)N2)NO,6.537601947784424,6.551121637582779,1.1312426529804713,0.5967741935483871,0.013519689798354939
rf,10364,O=C(CCCCCCC(=O)Nc1ccc2c(c1)/C(=C/c1ccc[nH]1)C(=O)N2)NO,6.625251770019531,6.552255234956741,1.1355916389612881,0.5873015873015873,0.07299653506279036
rf,11479,O=C1Nc2ccc(O)cc2/C1=C/c1ccc[nH]1,6.392009258270264,6.240447229576111,1.0503746918522494,0.5283018867924528,0.15156202869415303
rf,11498,O=C1Nc2ccccc2/C1=C/c1ccc[nH]1,6.853871822357178,5.658410713593164,0.8809592635875378,0.5833333333333334,1.1954611087640137
rf,11502,O=C1Nc2ccccc2/C1=C\c1ccc[nH]1,6.408935546875,5.658410713593164,0.8809592635875378,0.5833333333333334,0.750524833281836
rf,438,CC(C)(C#N)c1cc(C(=O)Nc2cc(Nc3ncccc3-c3ncnc4[nH]cnc34)ccc2F)cc(C(F)(F)F)c1,6.596879482269287,6.818389001274109,0.8185440109898636,0.7108433734939759,0.22150951900482152
rf,439,CC(C)(C#N)c1cc(C(=O)Nc2ccc(F)c(Nc3ncccc3-c3ncnc4[nH]cnc34)c2F)cc(F)c1F,6.4685211181640625,5.853110153675079,0.7943003570338597,0.6666666666666666,0.6154109644889836
rf,440,CC(C)(C#N)c1cc(C(=O)Nc2ccc(F)c(Nc3ncccc3-c3ncnc4[nH]cnc34)c2F)ccc1Cl,7.086185932159424,5.882330090999603,0.792481499304359,0.6666666666666666,1.2038558411598208
rf,442,CC(C)(C#N)c1cc(F)cc(C(=O)Nc2cc(Nc3ncccc3-c3ncnc4[nH]cnc34)ccc2F)c1,6.899629592895508,6.815792737388611,0.7764459588745279,0.8076923076923077,0.08383685550689712
rf,443,CC(C)(C#N)c1cc(F)cc(C(=O)Nc2ccc(F)c(Nc3ncccc3-c3ncnc4[nH]cnc34)c2F)c1,6.896196365356445,5.92335948916844,0.7866934806073049,0.6904761904761905,0.9728368761880057
rf,444,CC(C)(C#N)c1cccc(C(=O)Nc2c(F)ccc(Nc3ncccc3-c3ncnc4[nH]cnc34)c2F)c1,5.070580959320068,6.172257473150889,0.8897919312166658,0.8051948051948052,1.1016765138308209
rf,447,CC(C)(C#N)c1cccc(C(=O)Nc2cc(Nc3ncccc3-c3ncnc4[nH]cnc34)c(F)cc2F)c1,7.537601947784424,6.752485899925232,0.9737971888234458,0.8378378378378378,0.7851160478591916
rf,448,CC(C)(C#N)c1cccc(C(=O)Nc2cc(Nc3ncccc3-c3ncnc4[nH]cnc34)ccc2Cl)c1,6.718966484069824,6.275075932502746,0.904509156679147,0.7468354430379747,0.4438905515670779
rf,449,CC(C)(C#N)c1cccc(C(=O)Nc2cc(Nc3ncccc3-c3ncnc4[nH]cnc34)ccc2F)c1,8.387216567993164,6.849472780609131,0.7382970880009798,0.8157894736842105,1.5377437873840334
rf,451,CC(C)(C#N)c1cccc(C(=O)Nc2ccc(F)c(Nc3ncccc3-c3ncnc4[nH]cnc34)c2)c1,8.0,6.242491346359253,0.883631930369258,0.8904109589041096,1.7575086536407474
rf,452,CC(C)(C#N)c1cccc(C(=O)Nc2ccc(F)c(Nc3ncccc3-c3ncnc4[nH]cnc34)c2F)c1,7.92081880569458,6.227147523880005,0.7890423711325748,0.8076923076923077,1.6936712818145754
rf,453,CC(C)(C#N)c1cccc(C(=O)Nc2ccc(F)c(Nc3ncccc3-c3ncnc4[nH]cnc34)c2F)c1Cl,5.886056423187256,5.938513134479523,0.941711085691056,0.6296296296296297,0.052456711292267144
rf,456,CC(C)(C#N)c1cccc(C(=O)Nc2cccc(Nc3ncccc3-c3ncnc4[nH]cnc34)c2)c1,7.853871822357178,6.294107107162476,0.9332628014703203,0.8082191780821918,1.559764715194702
rf,457,CC(C)(C#N)c1cccc(C(=O)Nc2cccc(Nc3ncccc3-c3ncnc4[nH]cnc34)c2F)c1,7.92081880569458,6.030141843795777,0.8260938380934804,0.8,1.8906769618988033
rf,467,CC(C)(C(N)=O)c1cccc(C(=O)Nc2ccc(F)c(Nc3ncccc3-c3ncnc4[nH]cnc34)c2F)c1,6.033858299255371,5.91009058713913,0.6656071983794772,0.8026315789473685,0.12376771211624149
rf,2284,CN(C)c1cccc(C(=O)Nc2ccc(F)c(Nc3ncccc3-c3ncnc4[nH]cnc34)c2F)c1,6.459670543670654,6.141896949586414,1.007156374053542,0.7012987012987013,0.31777359408424033
rf,3243,COC(=O)Nc1cccc(C(=O)Nc2ccc(F)c(Nc3ncccc3-c3ncnc4[nH]cnc34)c2F)c1,4.829738140106201,6.224274626731873,0.9890983743956026,0.6835443037974683,1.3945364866256718
rf,3871,COc1cc(C(=O)Nc2cc(Nc3ncccc3-c3ncnc4[nH]cnc34)ccc2F)cc(C(F)(F)F)c1,5.958607196807861,6.659659547805786,0.808110531759961,0.7,0.7010523509979247
rf,6012,COc1ccc(C(=O)Nc2ccc(F)c(Nc3ncccc3-c3ncnc4[nH]cnc34)c2F)cc1,5.602059841156006,5.624404119173685,0.6177977094998509,0.7101449275362319,0.022344278017679464
rf,6013,COc1ccc(C(=O)Nc2ccc(F)c(Nc3ncccc3-c3ncnc4[nH]cnc34)c2F)cc1C(F)(F)F,6.1191864013671875,5.563865272680918,0.6152866334391299,0.7530864197530864,0.5553211286862698
rf,6242,COc1ccc(NC(=O)c2cccc(C(F)(F)F)c2)cc1Nc1ncccc1-c1ncnc2[nH]cnc12,5.8102288246154785,6.646882137298584,0.9461597852714796,0.821917808219178,0.8366533126831053
rf,6288,COc1ccc(Nc2ncccc2-c2ncnc3[nH]cnc23)cc1NC(=O)c1cccc(C(F)(F)F)c1,6.022276401519775,6.125123917579651,0.9595002615981949,0.8873239436619719,0.10284751605987541
rf,6467,COc1cccc(C(=O)Nc2ccc(F)c(Nc3ncccc3-c3ncnc4[nH]cnc34)c2F)c1,6.072629451751709,5.95381908416748,0.7098649874503475,0.7215189873417721,0.1188103675842287
rf,7064,Cc1cc(C(=O)Nc2cc(Nc3ncccc3-c3ncnc4[nH]cnc34)ccc2F)cc(C(F)(F)F)c1,6.899629592895508,6.638126841545105,0.8156130912486268,0.6842105263157895,0.26150275135040246
rf,7984,Cc1ccc(NC(=O)c2cccc(C(F)(F)F)c2)cc1Nc1ncccc1-c1ncnc2[nH]cnc12,5.79587984085083,6.5376317462921145,0.9063752489369611,0.8059701492537313,0.7417519054412844
rf,8017,Cc1ccc(Nc2ncccc2-c2ncnc3[nH]cnc23)cc1NC(=O)c1cccc(C(F)(F)F)c1,6.096909999847412,6.076180512428284,0.6681697150709264,0.8059701492537313,0.02072948741912839
rf,8228,Cc1cccc(C(=O)Nc2ccc(F)c(Nc3ncccc3-c3ncnc4[nH]cnc34)c2F)c1,6.9281182289123535,5.910923970222473,0.7371434259622776,0.7297297297297297,1.0171942586898801
rf,9575,N#Cc1cccc(C(=O)Nc2ccc(F)c(Nc3ncccc3-c3ncnc4[nH]cnc34)c2F)c1,6.2790141105651855,6.021233652114868,0.7340018251792902,0.7662337662337663,0.25778045845031716
rf,9848,Nc1cccc(C(=O)Nc2ccc(F)c(Nc3ncccc3-c3ncnc4[nH]cnc34)c2F)c1,6.05207633972168,5.890282394886017,0.7919195308189896,0.7397260273972602,0.16179394483566245
rf,10641,O=C(Nc1c(F)ccc(Nc2ncccc2-c2ncnc3[nH]cnc23)c1F)c1cccc(C(F)(F)F)c1,6.522878646850586,5.8705967116355895,0.6952925062411102,0.7285714285714285,0.6522819352149964
rf,10688,O=C(Nc1cc(Nc2ncccc2-c2ncnc3[nH]cnc23)c(F)cc1F)c1cccc(C(F)(F)F)c1,5.387216091156006,6.391238026618957,0.8947983145091609,0.7611940298507462,1.0040219354629514
rf,10689,O=C(Nc1cc(Nc2ncccc2-c2ncnc3[nH]cnc23)ccc1Cl)c1cc(F)cc(C(F)(F)F)c1,7.397940158843994,6.061515539328257,0.8547401690996838,0.6794871794871795,1.3364246195157374
rf,10690,O=C(Nc1cc(Nc2ncccc2-c2ncnc3[nH]cnc23)ccc1Cl)c1cccc(C(F)(F)F)c1,7.050610065460205,6.088685967922211,0.7296370889377252,0.8059701492537313,0.9619240975379943
rf,10691,O=C(Nc1cc(Nc2ncccc2-c2ncnc3[nH]cnc23)ccc1F)c1cc(C(F)(F)F)cc(C(F)(F)F)c1,7.677780628204346,6.718160524368286,0.8269937803972319,0.726027397260274,0.9596201038360599
rf,10692,O=C(Nc1cc(Nc2ncccc2-c2ncnc3[nH]cnc23)ccc1F)c1cc(Cl)cc(C(F)(F)F)c1,6.735182285308838,6.584973079681396,0.8135240325832782,0.6883116883116883,0.15020920562744156
rf,10693,O=C(Nc1cc(Nc2ncccc2-c2ncnc3[nH]cnc23)ccc1F)c1cc(F)cc(C(F)(F)F)c1,7.92081880569458,6.720245616912842,0.7779855637620359,0.7916666666666666,1.2005731887817381
rf,10694,O=C(Nc1cc(Nc2ncccc2-c2ncnc3[nH]cnc23)ccc1F)c1cc([N+](=O)[O-])cc(C(F)(F)F)c1,6.0,6.649884414672852,0.9174708698455943,0.6463414634146342,0.6498844146728517
rf,10695,O=C(Nc1cc(Nc2ncccc2-c2ncnc3[nH]cnc23)ccc1F)c1ccc(Cl)c(C(F)(F)F)c1,4.346787452697754,6.548066090583801,0.8336913479041981,0.8194444444444444,2.2012786378860474
rf,10696,O=C(Nc1cc(Nc2ncccc2-c2ncnc3[nH]cnc23)ccc1F)c1cccc(C(F)(F)F)c1,7.958607196807861,6.674223210970561,0.757100540881085,0.8181818181818182,1.2843839858373007
rf,10852,O=C(Nc1ccc(F)c(Nc2ncccc2-c2ncnc3[nH]cnc23)c1)c1cccc(C(F)(F)F)c1,7.045757293701172,6.640614415168762,0.8868955708406215,0.8181818181818182,0.40514287853241004
rf,10854,O=C(Nc1ccc(F)c(Nc2ncccc2-c2ncnc3[nH]cnc23)c1F)c1cc(C(F)(F)F)cc(C(F)(F)F)c1,4.958607196807861,5.74754733244578,0.7385752011698394,0.8026315789473685,0.7889401356379189
rf,10855,O=C(Nc1ccc(F)c(Nc2ncccc2-c2ncnc3[nH]cnc23)c1F)c1cc(F)cc(C(F)(F)F)c1,7.130768299102783,5.60607430521647,0.5246094536614376,0.7721518987341772,1.5246939938863129
rf,10859,O=C(Nc1ccc(F)c(Nc2ncccc2-c2ncnc3[nH]cnc23)c1F)c1cc([N+](=O)[O-])cc(C(F)(F)F)c1,7.017728805541992,5.688488071123758,0.7220768213740124,0.7176470588235294,1.3292407344182342
rf,10860,O=C(Nc1ccc(F)c(Nc2ncccc2-c2ncnc3[nH]cnc23)c1F)c1ccc(C(F)(F)F)cc1,6.640164375305176,5.53840071551005,0.5028430869457442,0.7368421052631579,1.1017636597951261
rf,10861,O=C(Nc1ccc(F)c(Nc2ncccc2-c2ncnc3[nH]cnc23)c1F)c1ccc(Cl)c(C(F)(F)F)c1,5.295849323272705,5.575958497206369,0.552341798341272,0.782051282051282,0.2801091739336643
rf,10864,O=C(Nc1ccc(F)c(Nc2ncccc2-c2ncnc3[nH]cnc23)c1F)c1ccc([N+](=O)[O-])cc1,6.05207633972168,5.657795601526896,0.6728856602400975,0.6973684210526315,0.3942807381947837
rf,10866,O=C(Nc1ccc(F)c(Nc2ncccc2-c2ncnc3[nH]cnc23)c1F)c1cccc(C(F)(F)F)c1,7.958607196807861,5.853990688323974,0.5813600440457344,0.7375,2.104616508483887
rf,10867,O=C(Nc1ccc(F)c(Nc2ncccc2-c2ncnc3[nH]cnc23)c1F)c1cccc(Cl)c1,6.8326826095581055,5.900875903129577,0.6788057319239759,0.7397260273972602,0.931806706428528
rf,10868,O=C(Nc1ccc(F)c(Nc2ncccc2-c2ncnc3[nH]cnc23)c1F)c1cccc([N+](=O)[O-])c1,6.189767360687256,6.002244183540344,0.852115321352272,0.6923076923076923,0.1875231771469119
rf,10869,O=C(Nc1ccc(F)c(Nc2ncccc2-c2ncnc3[nH]cnc23)c1F)c1ccccc1,6.013676166534424,5.61195037651062,0.6721217343481758,0.7692307692307693,0.4017257900238036
rf,10870,O=C(Nc1ccc(F)c(Nc2ncccc2-c2ncnc3[nH]cnc23)c1F)c1ccccc1C(F)(F)F,5.229147911071777,5.663244838396707,0.7916536989935098,0.7083333333333334,0.43409692732493
rf,11169,O=C(Nc1cccc(Nc2ncccc2-c2ncnc3[nH]cnc23)c1)c1cccc(C(F)(F)F)c1,6.739928722381592,6.612130170822144,0.9374087272589734,0.8852459016393442,0.1277985515594482
rf,11170,O=C(Nc1cccc(Nc2ncccc2-c2ncnc3[nH]cnc23)c1)c1cccc(Cl)c1,6.229147911071777,6.552285484313964,0.9535983951030479,0.6716417910447762,0.32313757324218706
rf,1474,CCN(CC)Cc1cc(OC)cc(N(CCCN2CCCC2)c2ccc3ncc(-c4cnn(C)c4)nc3c2)c1,5.0,5.728847375869751,0.3466662534264935,0.7323943661971831,0.7288473758697513
rf,2652,CNC(=O)Cn1cc(-c2cnc3ccc(N(CCCN4CCCC4)c4cc(OC)cc(OC)c4)cc3n2)cn1,5.889999866485596,5.764629205703735,0.38092251607893746,0.7073170731707317,0.12537066078186054
rf,2703,CNC(=O)c1cc(OC)cc(N(CCCN2CCCC2)c2ccc3ncc(-c4cnn(C)c4)nc3c2)c1,6.0800018310546875,5.623844252586364,0.39605922478166766,0.8266666666666667,0.45615757846832317
rf,2704,CNC(=O)c1cc(OC)cc(N(CCCN2CCCC2)c2ccc3ncc(-c4cnn(CCO)c4)nc3c2)c1,5.0,5.6446895446777345,0.4055424338211992,0.7108433734939759,0.6446895446777345
rf,2914,CNC1CCN(CCCN(c2cc(OC)cc(OC)c2)c2ccc3ncc(-c4cnn(C)c4)nc3c2)C1.Cl,5.559999942779541,5.767276379346847,0.3020831031248553,0.7671232876712328,0.2072764365673061
rf,3948,COc1cc(CO)cc(N(CCCN2CCCC2)c2ccc3ncc(-c4cnn(C)c4)nc3c2)c1,5.34999942779541,5.813096069097519,0.3319589700962885,0.7647058823529411,0.4630966413021085
rf,3952,COc1cc(Cl)cc(N(CCCN2CCCC2)c2ccc3ncc(-c4cnn(C)c4)nc3c2)c1.Cl,5.9499993324279785,5.9401449089050296,0.31693375497845894,0.803030303030303,0.009854423522948963
rf,3959,COc1cc(F)cc(N(CCCN2CCC(C#N)C2)c2ccc3ncc(-c4cnn(C)c4)nc3c2)c1,5.470000267028809,5.627327202796936,0.22006252125034514,0.8311688311688312,0.15732693576812729
rf,3960,COc1cc(F)cc(N(CCCN2CCCC2)c2ccc3ncc(-c4cn[nH]c4)nc3c2)c1.Cl,5.5099992752075195,5.834932616233826,0.3763294234903708,0.8059701492537313,0.32493334102630644
rf,4083,COc1cc(OC)c(C)c(N(CCCN2CCCC2)c2ccc3ncc(-c4cnn(C)c4)nc3c2)c1.Cl,6.620006084442139,5.75329755689303,0.5888694711314927,0.704225352112676,0.8667085275491084
rf,4109,COc1cc(OC)c(Cl)c(N(CCCN2CCCC2)c2ccc3ncc(-c4cnn(C)c4)nc3c2)c1.Cl,6.399996757507324,5.791374812142054,0.5925161156105261,0.6944444444444444,0.6086219453652699
rf,4287,COc1cc(OC)cc(N(CC(O)CN2CCC(F)(F)C2)c2ccc3ncc(-c4cnn(C)c4)nc3c2)c1.Cl,5.150000095367432,5.526751755714416,0.39784005075742,0.7702702702702703,0.3767516603469847
rf,4376,COc1cc(OC)cc(N(CCCN2CCC(F)(F)C2)c2ccc3ncc(-c4cn[nH]c4)nc3c2)c1,5.039999961853027,5.4831945476531985,0.44664761355875787,0.6944444444444444,0.4431945858001711
rf,4377,COc1cc(OC)cc(N(CCCN2CCC(F)(F)C2)c2ccc3ncc(-c4cn[nH]c4)nc3c2)c1.Cl,5.039999961853027,5.547393400192261,0.47675215436158697,0.7083333333333334,0.5073934383392338
rf,4378,COc1cc(OC)cc(N(CCCN2CCC(F)(F)C2)c2ccc3ncc(-c4cnn(C)c4)nc3c2)c1.Cl,5.28000020980835,5.575713154792786,0.4656420846202292,0.8656716417910447,0.29571294498443645
rf,4380,COc1cc(OC)cc(N(CCCN2CCC(F)C2)c2ccc3ncc(-c4cnn(C)c4)nc3c2)c1.Cl,6.390000343322754,5.980612623929978,0.6717965221712995,0.821917808219178,0.4093877193927762
rf,4381,COc1cc(OC)cc(N(CCCN2CCC(N)C2)c2ccc3ncc(-c4cnn(C)c4)nc3c2)c1,6.7300286293029785,5.741755931854248,0.27894300824356416,0.8955223880597015,0.9882726974487301
rf,4382,COc1cc(OC)cc(N(CCCN2CCC(N)C2)c2ccc3ncc(-c4cnn(C)c4)nc3c2)c1.Cl,7.799970626831055,5.81008559679985,0.30259624801956375,0.9104477611940298,1.9898850300312043
rf,4386,COc1cc(OC)cc(N(CCCN2CCC(O)C2)c2ccc3ncc(-c4cnn(C)c4)nc3c2)c1,8.049976348876953,6.97880292892456,0.5440250024864536,0.9090909090909091,1.0711734199523928
rf,4387,COc1cc(OC)cc(N(CCCN2CCC(O)C2)c2ccc3ncc(-c4cnn(C)c4)nc3c2)c1.Cl,7.3099045753479,6.778772898674012,0.43341422980802613,0.9104477611940298,0.5311316766738887
rf,4389,COc1cc(OC)cc(N(CCCN2CCC(S(C)(=O)=O)C2)c2ccc3ncc(-c4cnn(C)c4)nc3c2)c1,6.339998245239258,5.6489026670455935,0.40603140555021955,0.7567567567567568,0.6910955781936643
rf,4392,COc1cc(OC)cc(N(CCCN2CCCC2(C)C)c2ccc3ncc(-c4cnn(C)c4)nc3c2)c1.Cl,5.820000171661377,5.7431653219223024,0.3918561956265413,0.7142857142857143,0.0768348497390745
rf,4393,COc1cc(OC)cc(N(CCCN2CCCC2)c2ccc3ncc(-c4cn[nH]c4)nc3c2)c1,6.554989337921143,5.736753962516785,0.32420246852025114,0.8852459016393442,0.8182353754043579
rf,4394,COc1cc(OC)cc(N(CCCN2CCCC2)c2ccc3ncc(-c4cn[nH]c4)nc3c2)c1.Cl,7.700057029724121,5.883000625610352,0.31773137545330365,0.9016393442622951,1.8170564041137691
rf,4395,COc1cc(OC)cc(N(CCCN2CCCC2)c2ccc3ncc(-c4cnn(C(C)C)c4)nc3c2)c1.Cl,6.090000152587891,5.95745534324646,0.25336436251580785,0.7702702702702703,0.13254480934143054
rf,4396,COc1cc(OC)cc(N(CCCN2CCCC2)c2ccc3ncc(-c4cnn(C)c4)nc3c2)c1.Cl,6.650003910064697,5.984280405044555,0.2649786139911868,0.9,0.665723505020142
rf,4397,COc1cc(OC)cc(N(CCCN2CCCC2)c2ccc3ncc(-c4cnn(CCO)c4)nc3c2)c1.Cl,6.639993667602539,5.899530809402465,0.3104970906154382,0.7662337662337663,0.7404628582000736
rf,4398,COc1cc(OC)cc(N(CCCN2CCCC2)c2ccc3ncc(-c4cnn(CCS(C)(=O)=O)c4)nc3c2)c1,6.320000171661377,5.740353261947631,0.6426953565573672,0.684931506849315,0.5796469097137456
rf,4403,COc1cc(OC)cc(N(CCCN2CCC[C@@H]2C)c2ccc3ncc(-c4cnn(C)c4)nc3c2)c1.Cl,5.8000006675720215,5.984827892669043,0.2534666666293617,0.9545454545454546,0.18482722509702132
rf,4404,COc1cc(OC)cc(N(CCCN2CCC[C@@H]2CC#N)c2ccc3ncc(-c4cnn(C)c4)nc3c2)c1.Cl,5.9499993324279785,6.271581939442952,0.8052598115799644,0.7532467532467533,0.32158260701497365
rf,4405,COc1cc(OC)cc(N(CCCN2CCC[C@@H]2CO)c2ccc3ncc(-c4cnn(C)c4)nc3c2)c1,6.600020885467529,6.441950764671962,0.450286204252025,0.9117647058823529,0.1580701207955677
rf,4406,COc1cc(OC)cc(N(CCCN2CCC[C@H]2C)c2ccc3ncc(-c4cnn(C)c4)nc3c2)c1.Cl,6.090000152587891,5.984827892669043,0.2534666666293617,0.9545454545454546,0.10517225991884782
rf,4407,COc1cc(OC)cc(N(CCCN2CCC[C@H]2CC#N)c2ccc3ncc(-c4cnn(C)c4)nc3c2)c1.Cl,5.96999979019165,6.271581939442952,0.8052598115799644,0.7532467532467533,0.3015821492513018
rf,4408,COc1cc(OC)cc(N(CCCN2CCC[C@H]2CNS(=O)(=O)C(F)(F)F)c2ccc3ncc(-c4cnn(C)c4)nc3c2)c1,7.049975872039795,5.972279241037371,0.545195077904111,0.6867469879518072,1.077696631002424
rf,4409,COc1cc(OC)cc(N(CCCN2CCC[C@H]2CO)c2ccc3ncc(-c4cnn(C)c4)nc3c2)c1,6.740018844604492,6.441950764671962,0.450286204252025,0.9117647058823529,0.2980680799325306
rf,4410,COc1cc(OC)cc(N(CCCN2CCC[C@H]2CO)c2ccc3ncc(-c4cnn(C)c4)nc3c2)c1.Cl,7.519992828369141,7.088381454213458,0.564797179686408,0.9130434782608695,0.4316113741556826
rf,4415,COc1cc(OC)cc(N(CCCN2CC[C@H](C#N)C2)c2ccc3ncc(-c4cnn(C)c4)nc3c2)c1.Cl,5.62000036239624,5.707100004911423,0.2670010731470339,0.9027777777777778,0.08709964251518265
rf,4418,COc1cc(OC)cc(N(CCCN2[C@@H](C)CC[C@@H]2C)c2ccc3ncc(-c4cnn(C)c4)nc3c2)c1.Cl,5.889999866485596,5.87266759387652,0.36054405485483787,0.8870967741935484,0.01733227260907544
rf,4419,COc1cc(OC)cc(N(CCCN2[C@H](C)CC[C@@H]2C)c2ccc3ncc(-c4cnn(C)c4)nc3c2)c1,5.899998188018799,5.880341073513031,0.382762359688569,0.9016393442622951,0.019657114505768014
rf,4420,COc1cc(OC)cc(N(CCCN2[C@H](C)CC[C@@H]2C)c2ccc3ncc(-c4cnn(C)c4)nc3c2)c1.Cl,5.559999942779541,5.87266759387652,0.36054405485483787,0.8870967741935484,0.31266765109697925
rf,4593,COc1cc(OC)cc(N(C[C@@H](O)CN2CC[C@H](C#N)C2)c2ccc3ncc(-c4cnn(C)c4)nc3c2)c1.Cl,5.860001564025879,5.555308601697287,0.38752727576745105,0.7792207792207793,0.3046929623285921
rf,4605,COc1cc(OC)cc(N(C[C@H](O)CN2CC[C@H](C#N)C2)c2ccc3ncc(-c4cnn(C)c4)nc3c2)c1.Cl,5.5400004386901855,5.555308601697287,0.38752727576745105,0.7792207792207793,0.01530816300710125
rf,4689,COc1cc(OCCO)cc(N(CCCN2CCCC2)c2ccc3ncc(-c4cn[nH]c4)nc3c2)c1,5.210000038146973,5.767665856361389,0.37879911853570264,0.7941176470588235,0.5576658182144163
rf,4690,COc1cc(OCCO)cc(N(CCCN2CCCC2)c2ccc3ncc(-c4cnn(C)c4)nc3c2)c1,6.540011405944824,5.828658319473266,0.3566310263894953,0.7910447761194029,0.7113530864715578
rf,4691,COc1cc(OCCO)cc(N(CCCN2CCCC2)c2ccc3ncc(-c4cnn(C)c4)nc3c2)c1.Cl,7.309981346130371,5.967638241767883,0.32562618111569464,0.8059701492537313,1.342343104362488
rf,6116,COc1ccc(Cl)c(N(CCCN2CCCC2)c2ccc3ncc(-c4cnn(C)c4)nc3c2)c1.Cl,5.0,5.8276664648214975,0.6162573756864358,0.6901408450704225,0.8276664648214975
rf,6305,COc1ccc(OC)c(N(CCCN2CCCC2)c2ccc3ncc(-c4cnn(C)c4)nc3c2)c1.Cl,5.170000076293945,5.799490919129053,0.5768186864754359,0.7,0.629490842835108
rf,1318,CCCc1sc2ncnc(N)c2c1-c1ccc(NC(=O)Nc2cccc(C)c2)cc1,7.582535266876221,7.091306419372558,0.7553086094102335,0.7903225806451613,0.49122884750366236
rf,1793,CCOC(=O)c1cccc(NC(=O)Nc2ccc(-c3c(C)sc4ncnc(N)c34)cc2)c1,6.537601947784424,6.986940996170044,1.1496319086422526,0.6461538461538462,0.4493390483856201
rf,2065,CCc1sc2ncnc(N)c2c1-c1ccc(NC(=O)Nc2cccc(C(F)(F)F)c2)cc1,7.301030158996582,7.148528381347656,0.9306532904043515,0.6515151515151515,0.1525017776489257
rf,2066,CCc1sc2ncnc(N)c2c1-c1ccc(NC(=O)Nc2cccc(C)c2)cc1,7.585026741027832,7.068189723968506,0.8530459679855829,0.8166666666666667,0.5168370170593262
rf,2645,CNC(=O)CCc1sc2ncnc(N)c2c1-c1ccc(NC(=O)Nc2cccc(C)c2)cc1,6.480743885040283,7.096954203605652,0.8285496126216435,0.7692307692307693,0.6162103185653685
rf,3385,COC(=O)c1cccc(NC(=O)Nc2ccc(-c3c(C)sc4ncnc(N)c34)cc2)c1,6.530001163482666,7.000585406780243,1.171805635335572,0.6774193548387096,0.4705842432975773
rf,3676,COCCc1sc2ncnc(N)c2c1-c1ccc(NC(=O)Nc2cccc(C)c2)cc1,7.19189453125,7.138491313934326,0.784502456971847,0.7538461538461538,0.05340321731567421
rf,3804,COc1cc(-c2csc3ncnc(N)c23)ccc1NC(=O)Nc1cccc(C)c1,7.886056423187256,7.235382671546936,0.8976240095437558,0.5588235294117647,0.65067375164032
rf,3984,COc1cc(NC(=O)Nc2cccc(C)c2)ccc1-c1csc2ncnc(N)c12,7.0,6.474626723289489,0.9598372165551604,0.5606060606060606,0.5253732767105106
rf,6188,COc1ccc(NC(=O)Nc2ccc(-c3c(C)sc4ncnc(N)c34)cc2)cc1,7.160585403442383,6.563199423789978,0.8359087394326761,0.6610169491525424,0.5973859796524046
rf,6490,COc1cccc(NC(=O)Nc2ccc(-c3c(C)sc4ncnc(N)c34)cc2)c1,7.464283466339111,7.14691674900055,0.965297186809395,0.6349206349206349,0.3173667173385617
rf,6568,COc1ccccc1NC(=O)Nc1ccc(-c2c(C)sc3ncnc(N)c23)cc1,6.959299564361572,6.375361260414124,0.9935053117481317,0.6507936507936508,0.5839383039474484
rf,7113,Cc1cc(C)cc(NC(=O)Nc2ccc(-c3c(C)sc4ncnc(N)c34)cc2)c1,7.920457363128662,6.685991426467895,0.880984370522444,0.6842105263157895,1.2344659366607669
rf,7723,Cc1ccc(F)c(NC(=O)Nc2ccc(-c3c(C)sc4ncnc(N)c34)cc2)c1,7.470056533813477,7.378084442456564,0.7742017619314983,0.7096774193548387,0.09197209135691242
rf,7887,Cc1ccc(NC(=O)Nc2ccc(-c3c(C)sc4ncnc(N)c34)cc2)cc1,7.275723934173584,6.609654169082642,0.766774263150618,0.7090909090909091,0.666069765090942
rf,8265,Cc1cccc(N(C)C(=O)Nc2ccc(-c3c(C)sc4ncnc(N)c34)cc2)c1,5.72062349319458,5.930355026721954,1.1499197444211016,0.7049180327868853,0.20973153352737395
rf,8278,Cc1cccc(NC(=O)N(C)c2ccc(-c3c(C)sc4ncnc(N)c34)cc2)c1,7.259637355804443,6.29947145652771,1.164581503416157,0.7333333333333333,0.960165899276733
rf,8293,Cc1cccc(NC(=O)Nc2ccc(-c3c(C(C)C)sc4ncnc(N)c34)cc2)c1,6.888036727905273,7.239448679351806,0.8763490347843171,0.703125,0.3514119514465328
rf,8296,Cc1cccc(NC(=O)Nc2ccc(-c3c(C)sc4ncnc(N)c34)cc2)c1,8.221848487854004,7.173998376846313,0.9768684248299561,0.8,1.0478501110076905
rf,8297,Cc1cccc(NC(=O)Nc2ccc(-c3c(C)sc4ncnc(N)c34)cc2)c1.Cl,8.221848487854004,7.168437351226807,0.9830662550858266,0.7857142857142857,1.0534111366271972
rf,8298,Cc1cccc(NC(=O)Nc2ccc(-c3c(CCC(=O)N(C)C)sc4ncnc(N)c34)cc2)c1,6.678889751434326,7.11115133190155,0.7875783027400862,0.7313432835820896,0.43226158046722407
rf,8299,Cc1cccc(NC(=O)Nc2ccc(-c3c(CCC(N)=O)sc4ncnc(N)c34)cc2)c1,7.769806861877441,7.097139372825622,0.7833516537534012,0.765625,0.6726674890518192
rf,8300,Cc1cccc(NC(=O)Nc2ccc(-c3c(CCCO)sc4ncnc(N)c34)cc2)c1,7.823908805847168,7.127133608818054,0.7420541995790529,0.765625,0.6967751970291136
rf,8301,Cc1cccc(NC(=O)Nc2ccc(-c3c(CCN(C)C)sc4ncnc(N)c34)cc2)c1,6.639132976531982,6.9695880789756774,0.7777506056491844,0.7538461538461538,0.330455102443695
rf,8302,Cc1cccc(NC(=O)Nc2ccc(-c3c(CCO)sc4ncnc(N)c34)cc2)c1,7.721246242523193,7.151353692054749,0.7120541684927216,0.7903225806451613,0.5698925504684444
rf,8303,Cc1cccc(NC(=O)Nc2ccc(-c3c(CN(C)C)sc4ncnc(N)c34)cc2)c1,6.742363929748535,7.105089818000794,0.7032647848849302,0.7777777777777778,0.3627258882522586
rf,8388,Cc1cccc(NC(=O)Nc2ccc(-c3csc4ncnc(N)c34)c(Cl)c2)c1,7.0,6.4239363193511965,0.9068969765153854,0.578125,0.5760636806488035
rf,8389,Cc1cccc(NC(=O)Nc2ccc(-c3csc4ncnc(N)c34)c(F)c2)c1,7.958607196807861,6.492442288398743,0.9393973010539313,0.578125,1.4661649084091186
rf,8390,Cc1cccc(NC(=O)Nc2ccc(-c3csc4ncnc(N)c34)cc2)c1,8.522878646850586,7.5780890197753905,0.7040319309777495,0.7192982456140351,0.9447896270751954
rf,8391,Cc1cccc(NC(=O)Nc2ccc(-c3csc4ncnc(N)c34)cc2Cl)c1,7.080451488494873,7.1806146499633785,0.8458856512106144,0.6,0.10016316146850546
rf,8392,Cc1cccc(NC(=O)Nc2ccc(-c3csc4ncnc(N)c34)cc2F)c1,7.721246242523193,7.2552945486341205,0.9435701301353182,0.5757575757575758,0.46595169388907287
rf,8520,Cc1ccccc1NC(=O)Nc1ccc(-c2c(C)sc3ncnc(N)c23)cc1,6.587512969970703,6.408199090003968,0.8422972755768972,0.6949152542372882,0.17931387996673553
rf,8899,Cc1sc2ncnc(N)c2c1-c1ccc(NC(=O)Nc2cc(C(F)(F)F)ccc2F)cc1,7.339988708496094,7.5113670748074854,0.9122561673135409,0.696969696969697,0.1713783663113917
rf,8900,Cc1sc2ncnc(N)c2c1-c1ccc(NC(=O)Nc2cc(Cl)cc(Cl)c2)cc1,6.797939300537109,6.566216413497925,0.8859400958141802,0.6610169491525424,0.23172288703918476
rf,8901,Cc1sc2ncnc(N)c2c1-c1ccc(NC(=O)Nc2ccc(Br)cc2)cc1,6.920403003692627,6.459471158981323,0.8381493464023334,0.6842105263157895,0.460931844711304
rf,8902,Cc1sc2ncnc(N)c2c1-c1ccc(NC(=O)Nc2ccc(C(F)(F)F)cc2)cc1,7.209996700286865,6.731188523292541,0.8629241798990667,0.65,0.478808176994324
rf,8903,Cc1sc2ncnc(N)c2c1-c1ccc(NC(=O)Nc2ccc(Cl)cc2)cc1,7.018862724304199,6.518610220909118,0.7973099545821729,0.6842105263157895,0.5002525033950809
rf,8904,Cc1sc2ncnc(N)c2c1-c1ccc(NC(=O)Nc2ccc(F)cc2)cc1,7.282001495361328,6.677267446835836,0.88248892887077,0.6842105263157895,0.6047340485254917
rf,8905,Cc1sc2ncnc(N)c2c1-c1ccc(NC(=O)Nc2cccc(Br)c2)cc1,7.338615417480469,6.862011555671692,1.108663947287943,0.6557377049180327,0.4766038618087771
rf,8906,Cc1sc2ncnc(N)c2c1-c1ccc(NC(=O)Nc2cccc(C(F)(F)F)c2)cc1,7.28399658203125,7.23646737575531,1.0212668534785108,0.6825396825396826,0.04752920627594026
rf,8907,Cc1sc2ncnc(N)c2c1-c1ccc(NC(=O)Nc2cccc(Cl)c2)cc1,7.45798921585083,7.106126406669617,0.8723901510367368,0.6666666666666666,0.35186280918121327
rf,8908,Cc1sc2ncnc(N)c2c1-c1ccc(NC(=O)Nc2cccc(F)c2)cc1,7.267606258392334,7.050109389305114,1.0215828076377453,0.6557377049180327,0.21749686908721966
rf,8909,Cc1sc2ncnc(N)c2c1-c1ccc(NC(=O)Nc2ccccc2)cc1,7.443697452545166,6.420797702789307,0.7748461469835691,0.7924528301886793,1.022899749755859
rf,8910,Cc1sc2ncnc(N)c2c1-c1ccc(NC(=O)Nc2ccccc2Cl)cc1,6.469263076782227,6.465498512268066,0.7714126416660121,0.6721311475409836,0.0037645645141601847
rf,8911,Cc1sc2ncnc(N)c2c1-c1ccc(NC(=O)Nc2ccccc2F)cc1,6.959299564361572,7.118988049030304,0.9820524452576073,0.6721311475409836,0.15968848466873187
rf,10310,Nc1ncnc2scc(-c3ccc(NC(=O)Nc4cccc(Cl)c4)cc3)c12,8.521435737609863,7.3864956487019855,0.5504657978784874,0.7321428571428571,1.1349400889078778
rf,368,CC(=O)Nc1cc(Oc2ccc(NC(=O)Nc3cccc(C(F)(F)F)c3)cc2)ncn1,8.886056900024414,7.797344228744507,1.072930895474845,0.6721311475409836,1.0887126712799073
rf,685,CC(C)(O)CNc1cc(Oc2ccc(NC(=O)Nc3cccc(C(F)(F)F)c3)cc2)ncn1,6.494850158691406,7.86721247959137,0.8587106500798546,0.6164383561643836,1.3723623208999634
rf,715,CC(C)CNc1cc(Oc2ccc(NC(=O)Nc3cccc(C(F)(F)F)c3)cc2)ncn1,6.494850158691406,7.877526878039042,0.8886058468647019,0.6164383561643836,1.3826767193476357
rf,760,CC(C)Nc1cc(Oc2ccc(NC(=O)Nc3cccc(C(F)(F)F)c3)cc2)ncn1,7.301030158996582,7.966505489985147,0.7143125502193977,0.6428571428571429,0.6654753309885653
rf,1280,CCCNc1cc(Oc2ccc(NC(=O)Nc3cccc(C(F)(F)F)c3)cc2)ncn1,7.721246242523193,7.849565832138062,0.8944120632502721,0.625,0.12831958961486833
rf,1663,CCNc1cc(Oc2ccc(NC(=O)Nc3cccc(C(F)(F)F)c3)cc2)ncn1,7.79587984085083,7.859328002929687,0.8781161389490647,0.6428571428571429,0.06344816207885717
rf,1987,CCc1cc(NC(=O)Nc2cccc(C(F)(F)F)c2)cc(Cl)c1Oc1cc(NC)ncn1,5.602059841156006,7.368585098028183,0.9020338871389425,0.6056338028169014,1.7665252568721774
rf,2042,CCc1cccc(NC(=O)Nc2ccc(Oc3cc(NC)ncn3)cc2)c1,6.886056423187256,7.718359894514084,0.8265628438805122,0.5571428571428572,0.8323034713268278
rf,2262,CN(C)c1cc(Oc2ccc(NC(=O)Nc3cccc(C(F)(F)F)c3)cc2)ncn1,5.602059841156006,7.8770043067932125,0.7671525768617188,0.6229508196721312,2.2749444656372066
rf,2994,CNc1cc(Oc2c(C)cc(NC(=O)Nc3cccc(C(F)(F)F)c3)cc2C)ncn1,6.0,7.3693329949378965,0.8114102585962316,0.671875,1.3693329949378965
rf,2995,CNc1cc(Oc2c(C)cc(NC(=O)Nc3cccc(C(F)(F)F)c3)cc2Cl)ncn1,6.397940158843994,7.314010406017304,0.808390456317384,0.6231884057971014,0.9160702471733098
rf,2996,CNc1cc(Oc2c(Cl)cc(NC(=O)Nc3cccc(C(F)(F)F)c3)cc2Cl)ncn1,6.397940158843994,7.461536084890366,0.7781179163909578,0.6615384615384615,1.0635959260463714
rf,2997,CNc1cc(Oc2c(F)cc(NC(=O)Nc3cccc(C(F)(F)F)c3)cc2F)ncn1,7.301030158996582,7.395931884527206,0.793195116255788,0.671875,0.09490172553062415
rf,2998,CNc1cc(Oc2cc(C)c(NC(=O)Nc3cccc(C(F)(F)F)c3)cc2C)ncn1,5.698969841003418,7.5277376828193665,0.7002022834004045,0.734375,1.8287678418159485
rf,2999,CNc1cc(Oc2ccc(NC(=O)Nc3cccc(C(C)(C)C)c3)cc2)ncn1,7.602059841156006,7.72534733579709,0.7826123342676992,0.5757575757575758,0.12328749464108402
rf,3000,CNc1cc(Oc2ccc(NC(=O)Nc3cccc(C(C)(F)F)c3)cc2)ncn1,7.397940158843994,7.765431470823287,0.7870189816150271,0.6060606060606061,0.3674913119792933
rf,3001,CNc1cc(Oc2ccc(NC(=O)Nc3cccc(C(C)F)c3)cc2)ncn1,7.102373123168945,7.6743489291667935,0.74210605841102,0.5205479452054794,0.5719758059978481
rf,3002,CNc1cc(Oc2ccc(NC(=O)Nc3cccc(C(F)(F)F)c3)c(F)c2)ncn1,8.20065975189209,7.953207140207291,0.4798589624483781,0.7076923076923077,0.24745261168479882
rf,3003,CNc1cc(Oc2ccc(NC(=O)Nc3cccc(C(F)(F)F)c3)c(F)c2F)ncn1,8.602060317993164,7.60058030629158,0.7061993469839993,0.8032786885245902,1.0014800117015836
rf,3005,CNc1cc(Oc2ccc(NC(=O)Nc3cccc(C(F)(F)F)c3)cc2)ncn1,7.602059841156006,7.898693107843399,0.7199254768214685,0.6935483870967742,0.296633266687393
rf,3006,CNc1cc(Oc2ccc(NC(=O)Nc3cccc(C(F)(F)F)c3)cc2C)ncn1,7.200659275054932,7.4538146920204165,0.8001511640423066,0.7419354838709677,0.2531554169654848
rf,3007,CNc1cc(Oc2ccc(NC(=O)Nc3cccc(C(F)(F)F)c3)cc2Cl)ncn1,7.301030158996582,7.574014965295792,0.6858839430070345,0.7301587301587301,0.27298480629920974
rf,3008,CNc1cc(Oc2ccc(NC(=O)Nc3cccc(C(F)(F)F)c3)cc2F)ncn1,7.79587984085083,7.551096906900406,0.7066938303074867,0.7419354838709677,0.2447829339504244
rf,3009,CNc1cc(Oc2ccc(NC(=O)Nc3cccc(C(F)F)c3)cc2)ncn1,6.886056423187256,7.67891953253746,0.72922287234662,0.5277777777777778,0.7928631093502041
rf,3010,CNc1cc(Oc2ccc(NC(=O)Nc3cccc(C)c3)cc2)ncn1,6.096909999847412,7.498382759809494,0.8551565450262749,0.5666666666666667,1.4014727599620818
rf,3011,CNc1cc(Oc2ccc(NC(=O)Nc3cccc(CF)c3)cc2)ncn1,6.397940158843994,7.79857258105278,0.7891760425218345,0.5555555555555556,1.400632422208786
rf,3012,CNc1cc(Oc2ccc(NC(=O)Nc3ccccc3)cc2)ncn1,5.200659275054932,7.094071789979934,0.8554281860954895,0.5538461538461539,1.8934125149250027
rf,3104,CNc1nccc(Oc2ccc(NC(=O)Nc3cccc(C(F)(F)F)c3)cc2)n1,7.494850158691406,7.774829984664917,0.7927746876512112,0.639344262295082,0.2799798259735109
rf,3144,CO/N=C/c1c(N)ncnc1Oc1ccc(NC(=O)Nc2ccc(F)cc2)c(Cl)c1,8.552842140197754,8.003467803955077,0.6381048261145936,0.828125,0.5493743362426766
rf,3145,CO/N=C/c1c(N)ncnc1Oc1ccc(NC(=O)Nc2ccc(F)cc2F)c(Cl)c1,8.522878646850586,8.09196905374527,0.5620664503702941,0.8115942028985508,0.43090959310531574
rf,3146,CO/N=C/c1c(N)ncnc1Oc1ccc(NC(=O)Nc2cccc(F)c2)c(Cl)c1,8.769551277160645,8.020215372085572,0.5829253463421853,0.7714285714285715,0.749335905075073
rf,3147,CO/N=C/c1c(N)ncnc1Oc1ccc(NC(=O)Nc2ccccc2)c(Cl)c1,8.522878646850586,7.682858469963073,0.7939570778864322,0.8548387096774194,0.8400201768875126
rf,3148,CO/N=C/c1c(N)ncnc1Oc1ccc(NC(=O)Nc2ccccc2C)c(Cl)c1,8.102373123168945,7.708131776809692,0.8759251793847127,0.7903225806451613,0.39424134635925334
rf,3149,CO/N=C/c1c(N)ncnc1Oc1ccc(NC(=O)Nc2ccccc2Cl)c(Cl)c1,8.585026741027832,7.718776307106018,0.8056698765359096,0.8305084745762712,0.866250433921814
rf,3150,CO/N=C/c1c(N)ncnc1Oc1ccc(NC(=O)Nc2ccccc2F)c(Cl)c1,8.481486320495605,7.706901870727539,0.8623324923716216,0.7777777777777778,0.7745844497680663
rf,3151,CO/N=C/c1c(N)ncnc1Oc1ccc(NC(=O)Nc2ccccc2OC)c(Cl)c1,8.602060317993164,7.660448959350586,0.8939989812239528,0.7777777777777778,0.9416113586425778
rf,4696,COc1cc(Oc2ccc(NC(=O)Nc3cccc(C(F)(F)F)c3)cc2)ncn1,6.397940158843994,7.936648342132568,0.7181570265122761,0.6666666666666666,1.5387081832885743
rf,6804,C[C@@H](O)CNc1cc(Oc2ccc(NC(=O)Nc3cccc(C(F)(F)F)c3)cc2)ncn1,6.698969841003418,7.901103377024332,0.8678166677025976,0.6164383561643836,1.2021335360209138
rf,6857,C[C@H](O)CNc1cc(Oc2ccc(NC(=O)Nc3cccc(C(F)(F)F)c3)cc2)ncn1,6.494850158691406,7.901103377024332,0.8678166677025976,0.6164383561643836,1.4062532183329255
rf,7448,Cc1cc(Oc2ccc(NC(=O)Nc3cccc(C(F)(F)F)c3)cc2)ncn1,7.200659275054932,7.835770185470581,0.7013412673280933,0.6415094339622641,0.6351109104156496
rf,9822,Nc1cc(Oc2ccc(NC(=O)Nc3cccc(C(F)(F)F)c3)cc2)ncn1,8.102373123168945,7.807308775901794,0.8062093602698585,0.6721311475409836,0.29506434726715103
rf,10110,Nc1nccc(Oc2ccc(NC(=O)Nc3ccc(Cl)c(C(F)(F)F)c3)cc2)n1,7.638272285461426,7.006221151351928,0.5399088830155094,0.6229508196721312,0.6320511341094974
rf,10953,O=C(Nc1ccc(Oc2cc(NCCO)ncn2)cc1)Nc1cccc(C(F)(F)F)c1,7.102373123168945,7.897612380027771,0.8721606453936002,0.6338028169014085,0.7952392568588253
rf,10955,O=C(Nc1ccc(Oc2cc(O)ncn2)cc1)Nc1cccc(C(F)(F)F)c1,5.494850158691406,7.8502744197845455,0.7605618366703909,0.6538461538461539,2.3554242610931393
rf,11030,O=C(Nc1ccc(Oc2ccncn2)cc1)Nc1cccc(C(F)(F)F)c1,7.301030158996582,7.829016836166382,0.6265037334569888,0.7551020408163265,0.5279866771697996
rf,1007,CC(F)(F)c1cc(NC(=O)Nc2ccc(Oc3cc(NC(=O)C4CC4)ncn3)c(F)c2)ccc1Cl,7.946921348571777,7.614977352142334,0.5391414188231908,0.7692307692307693,0.3319439964294437
rf,1008,CC(F)(F)c1cc(NC(=O)Nc2ccc(Oc3cc(NC(=O)C4CC4)ncn3)c(F)c2)ccc1F,7.982966423034668,7.562063421249389,0.565254072782098,0.696969696969697,0.4209030017852786
rf,1009,CC(F)(F)c1cc(NC(=O)Nc2ccc(Oc3cc(NC(=O)C4CC4)ncn3)cc2F)ccc1Cl,8.136676788330078,8.045003909111022,0.24265486482201573,0.7941176470588235,0.09167287921905576
rf,1017,CC(F)(F)c1ccc(F)c(NC(=O)Nc2ccc(Oc3cc(NC(=O)C4CC4)ncn3)c(F)c2)c1,7.991399765014648,7.678755125999451,0.5739063231773326,0.6133333333333333,0.3126446390151978
rf,1018,CC(F)(F)c1ccc(F)c(NC(=O)Nc2ccc(Oc3cc(NC(=O)C4CC4)ncn3)cc2F)c1,7.962573528289795,7.990255335807801,0.20569119509496142,0.676056338028169,0.02768180751800564
rf,1023,CC(F)(F)c1cccc(NC(=O)Nc2ccc(Oc3cc(NC(=O)C4CC4)ncn3)c(F)c2)c1,7.906578540802002,7.565770239830017,0.634629271559927,0.6666666666666666,0.3408083009719851
rf,7265,Cc1cc(NC(=O)Nc2cc(C(C)(F)F)ccc2F)ccc1Oc1cc(NC(=O)C2CC2)ncn1,8.102373123168945,7.615767761230469,0.676495754968421,0.618421052631579,0.4866053619384765
rf,7268,Cc1cc(NC(=O)Nc2cc(F)cc(C(C)(F)F)c2)ccc1Oc1cc(NC(=O)C2CC2)ncn1,8.022275924682617,7.386638489723206,0.6788574138038319,0.647887323943662,0.6356374349594116
rf,7283,Cc1cc(NC(=O)Nc2ccc(Cl)c(C(C)(F)F)c2)ccc1Oc1cc(NC(=O)C2CC2)ncn1,7.92081880569458,7.42783023262024,0.8017599638142394,0.7647058823529411,0.4929885730743404
rf,7286,Cc1cc(NC(=O)Nc2ccc(Cl)c(C(F)(F)F)c2)ccc1Oc1cc(NC(=O)C2CC2)ncn1,7.863279342651367,7.487750460624695,0.75681903224069,0.8181818181818182,0.37552888202667223
rf,7289,Cc1cc(NC(=O)Nc2ccc(Cl)c(OC(F)(F)F)c2)ccc1Oc1cc(NC(=O)C2CC2)ncn1,8.008773803710938,7.4199138402938845,0.8175946558911136,0.6666666666666666,0.588859963417053
rf,7290,Cc1cc(NC(=O)Nc2ccc(F)c(C(C)(F)F)c2)ccc1Oc1cc(NC(=O)C2CC2)ncn1,8.130767822265625,7.438727929115295,0.7165974221651163,0.6764705882352942,0.69203989315033
rf,7292,Cc1cc(NC(=O)Nc2ccc(F)c(C(F)(F)F)c2)ccc1Oc1cc(NC(=O)C2CC2)ncn1,8.154901504516602,7.461814965248108,0.6874551242622767,0.7384615384615385,0.693086539268494
rf,7297,Cc1cc(NC(=O)Nc2cccc(C(F)(F)F)c2)ccc1Oc1cc(NC(=O)C2CC2)ncn1,7.838632106781006,7.608147930145264,0.7048016482065986,0.7580645161290323,0.23048417663574217
rf,7300,Cc1cc(NC(=O)Nc2cccc(OC(F)(F)F)c2)ccc1Oc1cc(NC(=O)C2CC2)ncn1,8.091514587402344,7.363192133903503,0.814017123169071,0.8032786885245902,0.7283224534988406
rf,7424,Cc1cc(Oc2cc(NC(=O)C3CC3)ncn2)c(F)cc1NC(=O)Nc1ccc(Cl)c(C(C)(F)F)c1,7.892789840698242,7.655743167877198,0.5749287653308368,0.7391304347826086,0.23704667282104452
rf,7425,Cc1cc(Oc2cc(NC(=O)C3CC3)ncn2)c(F)cc1NC(=O)Nc1ccc(Cl)c(C(F)(F)F)c1,7.777283668518066,7.715115235328675,0.5472714197508289,0.8307692307692308,0.06216843318939169
rf,7427,Cc1cc(Oc2cc(NC(=O)C3CC3)ncn2)ccc1NC(=O)Nc1cc(Cl)cc(C(F)(F)F)c1,7.882728576660156,7.916003405570984,0.2601764409966949,0.7466666666666667,0.03327482891082756
rf,7428,Cc1cc(Oc2cc(NC(=O)C3CC3)ncn2)ccc1NC(=O)Nc1cc(F)cc(C(C)(F)F)c1,7.844664096832275,7.8511387758255005,0.35332776459402093,0.6794871794871795,0.006474678993225069
rf,7431,Cc1cc(Oc2cc(NC(=O)C3CC3)ncn2)ccc1NC(=O)Nc1cc(NC(C)C)cc(C(F)(F)F)c1,7.585026741027832,7.857570147514343,0.3780082259945288,0.75,0.2725434064865109
rf,7433,Cc1cc(Oc2cc(NC(=O)C3CC3)ncn2)ccc1NC(=O)Nc1cc(OC(F)(F)F)ccc1F,8.091514587402344,7.944351243972778,0.3102519152356859,0.6438356164383562,0.1471633434295656
rf,7434,Cc1cc(Oc2cc(NC(=O)C3CC3)ncn2)ccc1NC(=O)Nc1ccc(C#N)c(Cl)c1,8.08092212677002,7.985845671653747,0.532431562015735,0.631578947368421,0.09507645511627238
rf,7435,Cc1cc(Oc2cc(NC(=O)C3CC3)ncn2)ccc1NC(=O)Nc1ccc(C)c(C(F)(F)F)c1,8.050609588623047,7.988972776412964,0.1622627021460686,0.7794117647058824,0.061636812210083214
rf,7436,Cc1cc(Oc2cc(NC(=O)C3CC3)ncn2)ccc1NC(=O)Nc1ccc(Cl)c(C(C)(F)F)c1,7.970616340637207,7.976273953437805,0.21865245829911617,0.7941176470588235,0.005657612800598066
rf,7437,Cc1cc(Oc2cc(NC(=O)C3CC3)ncn2)ccc1NC(=O)Nc1ccc(Cl)c(C(F)(F)F)c1,7.962573528289795,8.045099405288695,0.16980383870422247,0.8787878787878788,0.08252587699890057
rf,7438,Cc1cc(Oc2cc(NC(=O)C3CC3)ncn2)ccc1NC(=O)Nc1ccc(Cl)c(OC(F)(F)F)c1,8.16749095916748,7.959802740097046,0.28751118591279906,0.7027027027027027,0.20768821907043478
rf,7439,Cc1cc(Oc2cc(NC(=O)C3CC3)ncn2)ccc1NC(=O)Nc1ccc(F)c(C(C)(F)F)c1,7.876148223876953,7.9391968069076535,0.19830835594976953,0.7012987012987013,0.06304858303070038
rf,7440,Cc1cc(Oc2cc(NC(=O)C3CC3)ncn2)ccc1NC(=O)Nc1ccc(F)c(C(F)(F)F)c1,7.958607196807861,7.998782827377319,0.19548205264012888,0.7727272727272727,0.04017563056945761
rf,7441,Cc1cc(Oc2cc(NC(=O)C3CC3)ncn2)ccc1NC(=O)Nc1ccc(F)c(OC(F)(F)F)c1,7.876148223876953,7.949644504547119,0.28312311067024837,0.6582278481012658,0.07349628067016578
rf,7443,Cc1cc(Oc2cc(NC(=O)C3CC3)ncn2)ccc1NC(=O)Nc1cccc(C(C)(F)F)c1,7.913640022277832,7.946757625579834,0.1943509538454978,0.7121212121212122,0.033117603302001974
rf,7444,Cc1cc(Oc2cc(NC(=O)C3CC3)ncn2)ccc1NC(=O)Nc1cccc(C(F)(F)F)c1,7.978810787200928,7.970439681053161,0.18511482515914948,0.8064516129032258,0.008371106147766483
rf,7445,Cc1cc(Oc2cc(NC(=O)C3CC3)ncn2)ccc1NC(=O)Nc1cccc(OC(F)(F)F)c1,7.853871822357178,7.87106182384491,0.3394435236998957,0.8360655737704918,0.017190001487731976
rf,9527,N#Cc1cc(NC(=O)Nc2ccc(Cl)c(C(F)(F)F)c2)ccc1Oc1cc(NC(=O)C2CC2)ncn1,7.602059841156006,7.646192022323609,0.682376562082963,0.7727272727272727,0.04413218116760298
rf,10668,O=C(Nc1cc(F)cc(C(F)(F)F)c1)Nc1ccc(Oc2cc(NC(=O)C3CC3)ncn2)cc1Cl,7.913640022277832,7.906499374389648,0.39674134439290754,0.765625,0.007140647888183693
rf,10778,O=C(Nc1ccc(Cl)c(C(F)(F)F)c1)Nc1ccc(Oc2cc(NC(=O)C3CC3)ncn2)cc1F,8.050609588623047,8.103576422691345,0.19517652357865953,0.8769230769230769,0.052966834068298496
rf,10848,O=C(Nc1ccc(F)c(C(F)(F)F)c1)Nc1ccc(Oc2cc(NC(=O)C3CC3)ncn2)cc1Cl,7.8181562423706055,8.052881074905395,0.21916995535388867,0.8208955223880597,0.23472483253478948
rf,10946,O=C(Nc1ccc(Oc2cc(NC(=O)C3CC3)ncn2)c(Cl)c1)Nc1ccc(F)c(C(F)(F)F)c1,7.9430952072143555,7.59104577255249,0.5028398719976183,0.8225806451612904,0.35204943466186567
rf,10947,O=C(Nc1ccc(Oc2cc(NC(=O)C3CC3)ncn2)c(F)c1)Nc1ccc(Cl)c(C(F)(F)F)c1,8.244125366210938,7.672935306549072,0.4921557071051639,0.8833333333333333,0.5711900596618653
rf,10948,O=C(Nc1ccc(Oc2cc(NC(=O)C3CC3)ncn2)cc1)Nc1cc(F)cc(C(F)(F)F)c1,7.903090000152588,7.397360164642334,0.5694066143968104,0.8596491228070176,0.5057298355102535
rf,10949,O=C(Nc1ccc(Oc2cc(NC(=O)C3CC3)ncn2)cc1)Nc1ccc(Cl)c(C(F)(F)F)c1,8.244125366210938,7.533668243408203,0.5979265558887135,0.85,0.7104571228027341
rf,10950,O=C(Nc1ccc(Oc2cc(NC(=O)C3CC3)ncn2)cc1)Nc1ccc(F)c(C(F)(F)F)c1,8.045757293701172,7.568614221572876,0.5532768022916965,0.847457627118644,0.4771430721282961
rf,10951,O=C(Nc1ccc(Oc2cc(NC(=O)C3CC3)ncn2)cc1F)Nc1cc(C(F)(F)F)ccc1F,7.872895240783691,8.016561256408691,0.25925812376516494,0.6714285714285714,0.1436660156249996
rf,11115,O=C(Nc1cccc(C(F)(F)F)c1)Nc1ccc(Oc2cc(NC(=O)C3CC3)ncn2)c(F)c1,7.823908805847168,7.63949119091034,0.6034729659162662,0.7704918032786885,0.1844176149368284
rf,11116,O=C(Nc1cccc(C(F)(F)F)c1)Nc1ccc(Oc2cc(NC(=O)C3CC3)ncn2)cc1F,8.06550121307373,8.040107172966003,0.2011092402655423,0.819672131147541,0.025394040107727278
rf,254,C=CC(=O)Nc1ccc(-c2ccc(NC(=O)Nc3c(C)cccc3C)cc2)cn1,6.301030158996582,6.235151975631714,1.086358163758823,0.6923076923076923,0.06587818336486784
rf,255,C=CC(=O)Nc1ccc(-c2ccc(NC(=O)Nc3ccc(C(C)(C)C)cc3)cc2)cn1,6.301030158996582,6.613580812692642,1.2853015361014548,0.6538461538461539,0.31255065369605983
rf,256,C=CC(=O)Nc1ccc(-c2ccc(NC(=O)Nc3ccc(C)c(Cl)c3)cc2)cn1,6.301030158996582,7.627156558036805,0.9945146359190424,0.6785714285714286,1.3261263990402226
rf,257,C=CC(=O)Nc1ccc(-c2ccc(NC(=O)Nc3ccc(Cl)c(C(F)(F)F)c3)cc2)cn1,6.301030158996582,7.557585998535156,0.9290572759983667,0.6949152542372882,1.2565558395385743
rf,258,C=CC(=O)Nc1ccc(-c2ccc(NC(=O)Nc3ccc(F)cc3)cc2)cn1,8.098541259765625,6.236305998086929,1.105575742372246,0.6326530612244898,1.8622352616786957
rf,259,C=CC(=O)Nc1ccc(-c2ccc(NC(=O)Nc3ccc(OC(F)(F)F)cc3)cc2)cn1,6.301030158996582,6.252201292276382,1.142816108754218,0.6727272727272727,0.048828866720199926
rf,260,C=CC(=O)Nc1ccc(-c2ccc(NC(=O)Nc3cccc(C(C)C)c3)cc2)cn1,8.677781105041504,6.941480998357137,0.9349286235680889,0.7142857142857143,1.736300106684367
rf,261,C=CC(=O)Nc1ccc(-c2ccc(NC(=O)Nc3cccc(C(F)(F)F)c3)cc2)cn1,6.487022399902344,7.4128257942199705,0.8327587602230433,0.7142857142857143,0.9258033943176267
rf,262,C=CC(=O)Nc1ccc(-c2ccc(NC(=O)Nc3cccc(Cl)c3)cc2)cn1,8.628931999206543,7.207368216514587,0.8288053422808416,0.6981132075471698,1.4215637826919556
rf,263,C=CC(=O)Nc1ccc(-c2ccc(NC(=O)Nc3cccc(F)c3)cc2)cn1,6.301030158996582,7.012985712051392,0.9079209921660325,0.7115384615384616,0.7119555530548096
rf,264,C=CC(=O)Nc1ccc(-c2ccc(NC(=O)Nc3ccccc3Cl)cc2)cn1,6.301030158996582,6.0727333252429965,1.0035044648607563,0.6851851851851852,0.22829683375358556
rf,471,CC(C)(C)C(=O)Nc1ccc(-c2ccc(NC(=O)Nc3cc(Br)cc(C(F)(F)F)c3)cc2)cn1,6.141234397888184,6.149382594585418,1.359284401619068,0.4931506849315068,0.008148196697234766
rf,472,CC(C)(C)C(=O)Nc1ccc(-c2ccc(NC(=O)Nc3cc(Br)ccc3OC(F)(F)F)cc2)cn1,6.0,6.010317506313324,1.1888913289903271,0.52,0.010317506313324287
rf,473,CC(C)(C)C(=O)Nc1ccc(-c2ccc(NC(=O)Nc3cc(C(F)(F)F)cc(C(F)(F)F)c3)cc2)cn1,6.0,6.057685912132263,1.1910018492667664,0.5294117647058824,0.05768591213226326
rf,474,CC(C)(C)C(=O)Nc1ccc(-c2ccc(NC(=O)Nc3ccc(Cl)c(Cl)c3)cc2)cn1,7.8774566650390625,6.769605599880219,1.1382784388736005,0.5373134328358209,1.1078510651588438
rf,475,CC(C)(C)C(=O)Nc1ccc(-c2ccc(NC(=O)Nc3ccc(Cl)cc3Cl)cc2)cn1,6.0,5.918085341930389,1.1331895686351858,0.4861111111111111,0.08191465806961062
rf,476,CC(C)(C)C(=O)Nc1ccc(-c2ccc(NC(=O)Nc3ccc(OC(F)(F)F)cc3Br)cc2)cn1,6.0,6.472059075832367,1.4642041333875961,0.4935064935064935,0.47205907583236684
rf,1834,CCOP(=O)(OCC)c1cnc(N)c(-c2ccc(NC(=O)Nc3cc(C)ccc3F)cc2)c1,7.004364967346191,7.354417876561484,0.7560306592446029,0.5915492957746479,0.3500529092152922
rf,2765,CNC(=O)c1ccc(-c2ccc(NC(=O)Nc3cc(Br)cc(C(F)(F)F)c3)cc2)cn1,9.853872299194336,6.56841936302185,1.093185936890417,0.532258064516129,3.2854529361724856
rf,2766,CNC(=O)c1ccc(-c2ccc(NC(=O)Nc3ccc(Cl)c(C(F)(F)F)c3)cc2)cn1,7.001827716827393,7.851697236061097,1.3132040225979558,0.7884615384615384,0.849869519233704
rf,3183,COC(=O)CCCCS(=O)(CCCCC(=O)OC)=NC(=O)c1cnc(N)c(-c2ccc(NC(=O)Nc3cc(C)ccc3F)cc2)c1,7.481485843658447,7.446493068218231,0.7636633079151652,0.6136363636363636,0.03499277544021595
rf,3184,COC(=O)CCCCS(=O)(CCCCC(=O)OC)=NC(=O)c1cnc(N)c(-c2ccc(NC(=O)Nc3cccc(C(F)(F)F)c3)cc2)c1,7.376750946044922,8.060670915985106,0.6837721342314911,0.5604395604395604,0.6839199699401846
rf,3185,COC(=O)CCCCS(=O)(CCCCC(=O)OC)=NC(=O)c1cnc(N)c(-c2ccc(NC(=O)Nc3cccc(C)c3)cc2)c1,7.853871822357178,8.156811831474304,0.49974008847453644,0.6296296296296297,0.30294000911712615
rf,3419,COC(=O)c1cnc(N)c(-c2ccc(NC(=O)Nc3cc(C(F)(F)F)ccc3F)cc2)c1,8.154901504516602,7.36676493358612,1.0673359565993237,0.5797101449275363,0.7881365709304813
rf,3420,COC(=O)c1cnc(N)c(-c2ccc(NC(=O)Nc3cc(C)ccc3F)cc2)c1,8.045757293701172,7.193490501880646,0.9974105111368572,0.6461538461538462,0.8522667918205258
rf,3421,COC(=O)c1cnc(N)c(-c2ccc(NC(=O)Nc3ccc(Cl)c(C(F)(F)F)c3)cc2)c1,8.154901504516602,7.581991528511048,1.0143415012211021,0.5384615384615384,0.5729099760055538
rf,3422,COC(=O)c1cnc(N)c(-c2ccc(NC(=O)Nc3ccccc3)cc2)c1,7.537601947784424,6.616498522202173,0.9546624461680009,0.5892857142857143,0.9211034255822508
rf,3752,COP(=O)(OC)c1cnc(N)c(-c2ccc(NC(=O)Nc3cc(C(F)(F)F)ccc3F)cc2)c1,6.93930196762085,7.525166738510132,0.8572369336463354,0.5774647887323944,0.5858647708892821
rf,3753,COP(=O)(OC)c1cnc(N)c(-c2ccc(NC(=O)Nc3cc(C)ccc3F)cc2)c1,6.876148223876953,7.352944480260214,0.7577831785922302,0.6176470588235294,0.4767962563832606
rf,3754,COP(=O)(OC)c1cnc(N)c(-c2ccc(NC(=O)Nc3cccc(C(F)(F)F)c3)cc2)c1,7.2441253662109375,7.9870984077453615,0.7898704964441187,0.5588235294117647,0.742973041534424
rf,3755,COP(=O)(OC)c1cnc(N)c(-c2ccc(NC(=O)Nc3ccccc3)cc2)c1,6.050122261047363,6.51499168419838,1.0254014257671025,0.559322033898305,0.46486942315101665
rf,7724,Cc1ccc(F)c(NC(=O)Nc2ccc(-c3cc(B(O)O)cnc3N)cc2)c1,7.602059841156006,7.4522340259552005,0.5931269863317572,0.65625,0.1498258152008054
rf,7726,Cc1ccc(F)c(NC(=O)Nc2ccc(-c3cc(C(=O)N=S(=O)(CCCO)CCCO)cnc3N)cc2)c1,7.585026741027832,7.444622792720795,0.7654392475296738,0.56,0.1404039483070374
rf,7727,Cc1ccc(F)c(NC(=O)Nc2ccc(-c3cc(C(=O)N=S(C)(C)=O)cnc3N)cc2)c1,8.221848487854004,7.506483170509338,0.6146354655857197,0.6176470588235294,0.7153653173446655
rf,8310,Cc1cccc(NC(=O)Nc2ccc(-c3cc(C(=O)N=S(=O)(CCCO)CCCO)cnc3N)cc2)c1,7.886056423187256,8.166562945048014,0.5121464799631213,0.6266666666666667,0.2805065218607581
rf,10725,O=C(Nc1ccc(-c2cccnc2)cc1)Nc1cc(Br)cc(C(F)(F)F)c1,9.443697929382324,6.804359382629395,0.8955234747337217,0.7,2.6393385467529296
rf,10726,O=C(Nc1ccc(-c2cccnc2)cc1)Nc1cc(Br)ccc1OC(F)(F)F,7.200108528137207,6.688128636360169,0.7514085899706503,0.6333333333333333,0.5119798917770382
rf,10727,O=C(Nc1ccc(-c2cccnc2)cc1)Nc1cc(C(F)(F)F)cc(C(F)(F)F)c1,9.657577514648438,6.733583978176117,0.6931806363245083,0.7777777777777778,2.92399353647232
rf,10728,O=C(Nc1ccc(-c2cccnc2)cc1)Nc1ccc(Br)cc1OC(F)(F)F,6.698969841003418,6.670716286659241,0.8433128886060957,0.5555555555555556,0.02825355434417709
rf,10729,O=C(Nc1ccc(-c2cccnc2)cc1)Nc1ccc(Cl)c(Cl)c1,8.659555435180664,7.171218519210815,0.9610613644801085,0.5,1.4883369159698487
rf,10730,O=C(Nc1ccc(-c2cccnc2)cc1)Nc1ccc(Cl)cc1Cl,6.698969841003418,6.334878581047058,0.7730725172813903,0.5254237288135594,0.3640912599563597
rf,10731,O=C(Nc1ccc(-c2cccnc2)cc1)Nc1ccc(OC(F)(F)F)cc1Br,8.337242126464844,6.824284925460815,1.0996860826817703,0.5076923076923077,1.5129572010040286
rf,496,CC(C)(C)NC(=O)c1ccc(-c2nnc(Nc3ccc(OC(F)(F)Cl)cc3)c3ccccc23)cc1,5.0,5.605055922985077,0.8772469958548804,0.6567164179104478,0.6050559229850769
rf,578,CC(C)(C)c1ccc(Nc2nnc(-c3ccc(C(N)=O)cc3)c3ccccc23)cc1,7.107905387878418,5.430801714420318,0.8008130109293674,0.6923076923076923,1.6771036734580997
rf,579,CC(C)(C)c1ccc(Nc2nnc(-c3cccc(C(N)=O)c3)c3ccccc23)cc1,6.397940158843994,5.642733200709025,0.9561848061693226,0.5423728813559322,0.755206958134969
rf,589,CC(C)(C)c1cccc(Nc2nnc(-c3ccc(C(N)=O)cc3)c3ccccc23)c1,6.327902317047119,5.483913067054749,0.8528046419773634,0.5964912280701754,0.8439892499923705
rf,748,CC(C)NC(=O)c1ccc(-c2nnc(Nc3ccc(OC(F)(F)Cl)cc3)c3ccccc23)cc1,5.0,5.596734322071075,0.7942908717736368,0.6567164179104478,0.5967343220710752
rf,1878,CCOc1ccc(-c2nnc(Nc3ccc(C)cc3)c3ccccc23)cc1,5.0,5.804747171401978,0.9490669302893461,0.5517241379310345,0.8047471714019778
rf,1879,CCOc1ccc(-c2nnc(Nc3ccc(Cl)cc3)c3ccccc23)cc1,5.0,5.5969909300804135,0.9105709919998907,0.5660377358490566,0.5969909300804135
rf,1880,CCOc1ccc(-c2nnc(Nc3ccc(OC)cc3)c3ccccc23)cc1,5.0,5.768148469352722,0.9006347302027099,0.56,0.7681484693527221
rf,2768,CNC(=O)c1ccc(-c2nnc(Nc3ccc(C(C)(C)C)cc3)c3ccccc23)cc1,6.886056423187256,5.661763396263122,0.8725132559963159,0.543859649122807,1.2242930269241334
rf,2769,CNC(=O)c1ccc(-c2nnc(Nc3ccc(Cl)cc3)c3ccccc23)cc1,5.508638381958008,5.512181824684143,0.873807398842055,0.5555555555555556,0.003543442726135382
rf,2962,CNS(=O)(=O)c1ccc(Nc2nnc(-c3ccc(C(N)=O)cc3)c3ccccc23)cc1,5.0,5.313929457664489,0.758014523686032,0.6545454545454545,0.3139294576644893
rf,3316,COC(=O)c1ccc(-c2nnc(Nc3ccc(Cl)cc3)c3ccccc23)cc1,6.443697452545166,5.361018705844879,0.8069524070665606,0.5818181818181818,1.082678746700287
rf,3317,COC(=O)c1ccc(-c2nnc(Nc3ccc(OC(F)(F)Cl)cc3)c3ccccc23)cc1,6.200659275054932,5.458256152153015,0.8429344540169014,0.6875,0.7424031229019166
rf,3318,COC(=O)c1ccc(Nc2nnc(-c3ccc(C(N)=O)cc3)c3ccccc23)cc1,5.568636417388916,5.1845728836059575,0.6296907224578838,0.74,0.38406353378295854
rf,5966,COc1ccc(-c2nnc(Nc3ccc(Cl)c(Cl)c3)c3ccccc23)cc1,5.0,5.887859560012817,0.871467118370406,0.5172413793103449,0.8878595600128172
rf,5967,COc1ccc(-c2nnc(Nc3ccc(Cl)cc3)c3ccccc23)cc1,5.0,5.374089971542358,0.6134002995599228,0.6530612244897959,0.37408997154235824
rf,5968,COc1ccc(-c2nnc(Nc3ccc(OC(F)(F)Cl)cc3)c3ccccc23)cc1,5.0,5.548242572784424,0.7320571643296652,0.6190476190476191,0.5482425727844236
rf,6293,COc1ccc(Nc2nnc(-c3ccc(C(N)=O)cc3)c3ccccc23)cc1,5.698969841003418,5.242809007167816,0.5941875029708631,0.7959183673469388,0.456160833835602
rf,6294,COc1ccc(Nc2nnc(-c3ccccc3)c3ccccc23)cc1,5.0,5.542954326629639,0.6368364468811618,0.6,0.5429543266296388
rf,7550,Cc1ccc(-c2nnc(Nc3ccc(Cl)c(Cl)c3)c3ccccc23)cc1,5.0,5.887388372898102,0.922702091341311,0.5454545454545454,0.8873883728981022
rf,7551,Cc1ccc(-c2nnc(Nc3ccc(Cl)cc3)c3ccccc23)cc1,5.0,5.354597969055176,0.6532318872529893,0.6382978723404256,0.3545979690551757
rf,7552,Cc1ccc(-c2nnc(Nc3ccc(OC(F)(F)Cl)cc3)c3ccccc23)cc1,5.0,5.590423470973969,0.8062959294321476,0.6190476190476191,0.5904234709739686
rf,7553,Cc1ccc(-c2nnc(Nc3ccc(OC(F)(F)Cl)cc3)c3ccccc23)cc1S(=O)(=O)NC(C)C,5.0,5.822600593566895,1.0014246356151966,0.5,0.8226005935668947
rf,7554,Cc1ccc(-c2nnc(Nc3ccc(OC(F)(F)Cl)cc3)c3ccccc23)cc1S(N)(=O)=O,5.0,5.663990522384643,0.9555642987380139,0.5342465753424658,0.6639905223846432
rf,8031,Cc1ccc(Nc2nnc(-c3ccc(C(=O)N(C)C)cc3)c3ccccc23)cc1,5.0,5.616272012710572,1.0309902606856403,0.5535714285714286,0.6162720127105716
rf,8032,Cc1ccc(Nc2nnc(-c3ccc(C(N)=O)cc3)c3ccccc23)c(C)c1,5.161150932312012,5.302683426570892,0.7823848100388292,0.5614035087719298,0.1415324942588807
rf,8033,Cc1ccc(Nc2nnc(-c3ccc(C(N)=O)cc3)c3ccccc23)cc1,5.744727611541748,5.254273937225342,0.6303469247814973,0.7346938775510204,0.49045367431640585
rf,8481,Cc1cccc(Nc2nnc(-c3ccc(C(N)=O)cc3)c3ccccc23)c1,5.79587984085083,5.3565478603363035,0.7419791785804362,0.6296296296296297,0.4393319805145266
rf,9366,FC(F)(Cl)Oc1ccc(Nc2nnc(-c3ccc(Cl)cc3)c3ccccc23)cc1,5.0,5.389769925117493,0.7465450653788083,0.6290322580645161,0.3897699251174931
rf,9367,FC(F)(Cl)Oc1ccc(Nc2nnc(-c3cccc(Cl)c3)c3ccccc23)cc1,5.0,5.559189996083578,0.8928889134035269,0.5901639344262295,0.5591899960835782
rf,9369,FC(F)(Cl)Oc1ccc(Nc2nnc(-c3ccccc3)c3ccccc23)cc1,5.0,5.619140220165253,0.7986498315970367,0.6333333333333333,0.6191402201652529
rf,9706,NC(=O)c1ccc(-c2nnc(Nc3ccc(Br)cc3)c3ccccc23)cc1,7.0,5.315562258720398,0.6660676652589018,0.7346938775510204,1.684437741279602
rf,9707,NC(=O)c1ccc(-c2nnc(Nc3ccc(Cl)c(Cl)c3)c3ccccc23)cc1,6.07572078704834,5.402124902439117,0.8252189469544483,0.660377358490566,0.6735958846092229
rf,9708,NC(=O)c1ccc(-c2nnc(Nc3ccc(Cl)cc3)c3ccccc23)cc1,5.886056423187256,5.175336254119873,0.686558890681465,0.7346938775510204,0.7107201690673826
rf,9709,NC(=O)c1ccc(-c2nnc(Nc3ccc(OC(F)(F)Cl)cc3)c3ccccc23)cc1,6.721246242523193,5.273180758476257,0.6818298304692959,0.7222222222222222,1.4480654840469365
rf,9712,NC(=O)c1ccc(-c2nnc(Nc3ccc(S(N)(=O)=O)cc3)c3ccccc23)cc1,5.0,5.388293253421783,0.7677201370936652,0.6923076923076923,0.3882932534217831
rf,9713,NC(=O)c1ccc(-c2nnc(Nc3cccc(Br)c3)c3ccccc23)cc1,5.92081880569458,5.389091553401947,0.7916997241755352,0.6296296296296297,0.5317272522926331
rf,9714,NC(=O)c1ccc(-c2nnc(Nc3cccc(Cl)c3)c3ccccc23)cc1,5.7695512771606445,5.299873036575317,0.7587816222090796,0.6296296296296297,0.4696782405853277
rf,9715,NC(=O)c1ccc(-c2nnc(Nc3ccccc3)c3ccccc23)cc1,5.0,5.123912983894348,0.5398757354380793,0.8,0.12391298389434802
rf,9719,NC(=O)c1ccc(Nc2nnc(-c3ccc(C(N)=O)cc3)c3ccccc23)cc1,5.0,5.1926415243148805,0.5273152745280004,0.8181818181818182,0.19264152431488046
rf,9721,NC(=O)c1cccc(-c2nnc(Nc3ccc(OC(F)(F)Cl)cc3)c3ccccc23)c1,5.387216091156006,5.5226863799095165,0.9112889374671668,0.5942028985507246,0.13547028875351064
rf,10618,O=C(NCCO)c1ccc(-c2nnc(Nc3ccc(OC(F)(F)Cl)cc3)c3ccccc23)cc1,5.958607196807861,6.132743258953094,1.2991134503792032,0.6376811594202898,0.1741360621452328
rf,53,C/C(=N\O)c1ccc2[nH]c3c4c(c5c(c3c2c1)CNC5=O)-c1cn(C)nc1CC4,9.0,7.387900488169987,1.2759381780153707,0.7027027027027027,1.6120995118300128
rf,54,C/C(=N\OC(C)(C)C)c1ccc2[nH]c3c4c(c5c(c3c2c1)CNC5=O)-c1cn(C)nc1CC4,7.508638381958008,7.311780250819524,1.3345332644003944,0.65,0.19685813113848383
rf,55,C/C(=N\OC(C)C)c1ccc2[nH]c3c4c(c5c(c3c2c1)CNC5=O)-c1cn(C)nc1CC4,8.460409164428711,7.310509901793798,1.2719296285673123,0.65,1.1498992626349134
rf,56,C/C(=N\OC(C)C)c1ccc2c(c1)c1c3c(c4c(c1n2C(C)C)CCc1nn(C)cc1-4)C(=O)NC3,8.17827320098877,7.494690461444855,0.8677511355288144,0.6829268292682927,0.6835827395439145
rf,57,C/C(=N\OC(C)C)c1ccc2c(c1)c1c3c(c4c(c1n2CC(C)C)CCc1nn(C)cc1-4)C(=O)NC3,7.953289031982422,7.786645509243011,0.716754869925093,0.7023809523809523,0.16664352273941052
rf,58,C/C(=N\OCC(C)C)c1ccc2[nH]c3c4c(c5c(c3c2c1)CNC5=O)-c1cn(C)nc1CC4,8.198969841003418,6.59004141998291,1.2012563797535143,0.6265060240963856,1.608928421020508
rf,59,C/C(=N\OCC(C)C)c1ccc2c(c1)c1c3c(c4c(c1n2C(C)C)CCc1nn(C)cc1-4)C(=O)NC3,7.995699882507324,6.737496744155884,1.1226435686657799,0.6588235294117647,1.2582031383514405
rf,60,C/C(=N\OCC(C)C)c1ccc2c(c1)c1c3c(c4c(c1n2CC(C)C)CCc1nn(C)cc1-4)C(=O)NC3,7.026872158050537,6.756866644287109,1.1745129212187069,0.6941176470588235,0.2700055137634285
rf,409,CC(=O)c1ccc2[nH]c3c4c(c5c(c3c2c1)CNC5=O)-c1cn(C)nc1CC4,7.455932140350342,7.030937931776046,1.2853469621073468,0.7571428571428571,0.4249942085742955
rf,411,CC(=O)c1ccc2c(c1)c1c3c(c4c(c1n2C(C)C)CCc1nn(C)cc1-4)C(=O)NC3,7.12493896484375,7.126343331718444,1.1245965899591448,0.7702702702702703,0.0014043668746941407
rf,412,CC(=O)c1ccc2c(c1)c1c3c(c4c(c1n2C)CCc1nn(C)cc1-4)C(=O)NC3,8.0,7.1185603017807,1.1552104137226764,0.6282051282051282,0.8814396982192996
rf,413,CC(=O)c1ccc2c(c1)c1c3c(c4c(c1n2CC(C)C)CCc1nn(C)cc1-4)C(=O)NC3,7.677780628204346,7.825370231628418,0.4528555205755926,0.7894736842105263,0.14758960342407246
rf,731,CC(C)Cn1c2ccc(N)cc2c2c3c(c4c(c21)CCc1nn(C)cc1-4)C(=O)NC3,7.958607196807861,7.046801413218181,1.3126950957471861,0.7432432432432432,0.9118057835896805
rf,737,CC(C)Cn1c2ccccc2c2c3c(c4c(c21)CCc1nn(C)cc1-4)C(=O)NC3,7.7695512771606445,7.366868234634399,1.1648522995496875,0.7361111111111112,0.4026830425262453
rf,1251,CCCCn1c2ccc(/C(C)=N/OC)cc2c2c3c(c4c(c21)CCc1nn(C)cc1-4)C(=O)NC3,7.92081880569458,7.719759292244911,0.879643303321676,0.6744186046511628,0.20105951344966932
rf,1252,CCCCn1c2ccc(C(C)=O)cc2c2c3c(c4c(c21)CCc1nn(C)cc1-4)C(=O)NC3,7.585026741027832,7.59132373714447,0.622788983116318,0.725,0.006296996116637921
rf,1255,CCCCn1c2ccc(N)cc2c2c3c(c4c(c21)CCc1nn(C)cc1-4)C(=O)NC3,7.055517196655273,6.725278128147125,1.5436184328463691,0.7236842105263158,0.3302390685081482
rf,1290,CCCOC(=O)Nc1ccc2c(c1)c1c3c(c4c(c1n2CCC)CCc1nn(C)cc1-4)C(=O)NC3,8.522878646850586,7.75799595451355,0.4485850019737612,0.8,0.7648826923370358
rf,1321,CCCn1c2ccc(/C(C)=N/OC)cc2c2c3c(c4c(c21)CCc1nn(C)cc1-4)C(=O)NC3,9.0,7.779130395054818,0.7720120846863641,0.6951219512195121,1.2208696049451824
rf,1323,CCCn1c2ccc(C(C)=O)cc2c2c3c(c4c(c21)CCc1nn(C)cc1-4)C(=O)NC3,8.522878646850586,7.867807459831238,0.47351722703061855,0.7733333333333333,0.655071187019348
rf,1326,CCCn1c2ccc(N)cc2c2c3c(c4c(c21)CCc1nn(C)cc1-4)C(=O)NC3,8.045757293701172,6.804149740695953,1.453077462665435,0.7361111111111112,1.2416075530052186
rf,1342,CCCn1c2ccc(NC(=O)OC(C)C)cc2c2c3c(c4c(c21)CCc1nn(C)cc1-4)C(=O)NC3,8.150514602661133,7.900416295051575,0.4522743752853263,0.7901234567901234,0.25009830760955776
rf,1343,CCCn1c2ccc(NC(=O)OCC)cc2c2c3c(c4c(c21)CCc1nn(C)cc1-4)C(=O)NC3,8.698969841003418,7.7714509744644165,0.416296756121873,0.810126582278481,0.9275188665390015
rf,1350,CCCn1c2ccccc2c2c3c(c4c(c21)CCc1nn(C)cc1-4)C(=O)NC3,7.79587984085083,7.284077764932315,1.2562063923499032,0.7285714285714285,0.5118020759185153
rf,1674,CCO/N=C(/c1ccc2[nH]c3c4c(c5c(c3c2c1)CNC5=O)-c1cn(C)nc1CC4)C(C)C,7.638272285461426,7.208212201023103,1.3327465702717496,0.6265060240963856,0.4300600844383231
rf,1675,CCO/N=C(\C)c1ccc2[nH]c3c4c(c5c(c3c2c1)CNC5=O)-c1cn(C)nc1CC4,8.548455238342285,7.408693838787078,1.2214624485667704,0.65,1.1397613995552067
rf,1676,CCO/N=C(\C)c1ccc2c(c1)c1c3c(c4c(c1n2C(C)C)CCc1nn(C)cc1-4)C(=O)NC3,8.397939682006836,7.6373851492881775,0.7748799218808191,0.6666666666666666,0.7605545327186585
rf,1677,CCO/N=C(\C)c1ccc2c(c1)c1c3c(c4c(c1n2CC(C)C)CCc1nn(C)cc1-4)C(=O)NC3,8.397939682006836,7.840423563957215,0.584613297255656,0.6941176470588235,0.5575161180496213
rf,1679,CCO/N=C/c1ccc2[nH]c3c4c(c5c(c3c2c1)CNC5=O)-c1cn(C)nc1CC4,8.397939682006836,7.371470706971486,1.1970628616963643,0.5925925925925926,1.0264689750353497
rf,2075,CCn1c2ccc(/C(C)=N/OC)cc2c2c3c(c4c(c21)CCc1nn(C)cc1-4)C(=O)NC3,8.397939682006836,8.018623486638068,0.9657894915648487,0.691358024691358,0.3793161953687676
rf,2076,CCn1c2ccc(/C(C)=N/OCC(C)C)cc2c2c3c(c4c(c21)CCc1nn(C)cc1-4)C(=O)NC3,8.071333885192871,6.769205406570435,1.2415132807774694,0.6511627906976745,1.3021284786224365
rf,2078,CCn1c2ccc(C(C)=O)cc2c2c3c(c4c(c21)CCc1nn(C)cc1-4)C(=O)NC3,7.886056423187256,7.922251108169555,0.5296495019711595,0.7702702702702703,0.036194684982299385
rf,2082,CCn1c2ccccc2c2c3c(c4c(c21)CCc1nn(C)cc1-4)C(=O)NC3,7.823908805847168,7.3991433543602625,1.4411666791412285,0.6805555555555556,0.4247654514869055
rf,3128,CO/N=C(/c1ccc2[nH]c3c4c(c5c(c3c2c1)CNC5=O)-c1cn(C)nc1CC4)C(C)C,8.397939682006836,7.285874894507726,1.3791555388722538,0.65,1.1120647874991096
rf,3129,CO/N=C(\C)c1ccc2[nH]c3c4c(c5c(c3c2c1)CNC5=O)-c1cn(C)nc1CC4,9.0,7.418861238272984,1.2206244576656335,0.6753246753246753,1.5811387617270158
rf,3130,CO/N=C(\C)c1ccc2c(c1)c1c3c(c4c(c1n2C(C)C)CCc1nn(C)cc1-4)C(=O)NC3,8.397939682006836,7.530322733211517,0.791927526274198,0.691358024691358,0.8676169487953187
rf,3131,CO/N=C(\C)c1ccc2c(c1)c1c3c(c4c(c1n2C)CCc1nn(C)cc1-4)C(=O)NC3,8.301030158996582,7.629649389545122,0.8713900433244978,0.5647058823529412,0.67138076945146
rf,3132,CO/N=C(\C)c1ccc2c(c1)c1c3c(c4c(c1n2CC(C)C)CCc1nn(C)cc1-4)C(=O)NC3,8.276420593261719,7.812368337631225,0.5722889259413709,0.7108433734939759,0.46405225563049335
rf,3166,CO/N=C/c1ccc2[nH]c3c4c(c5c(c3c2c1)CNC5=O)-c1cn(C)nc1CC4,7.744727611541748,7.392567356141408,1.2045059560570541,0.6153846153846154,0.35216025540034046
rf,9168,Cn1cc2c(n1)CCc1c-2c2c(c3c1[nH]c1ccccc13)CNC2=O,7.79587984085083,7.321454821101825,1.2827446081138862,0.6571428571428571,0.4744250197490052
rf,429,CC(C(=O)Nc1ccc(-n2c3c(c4ncnc(N)c42)CCC3)cc1)c1ccccc1,6.698969841003418,6.544358070373535,0.7251126588927573,0.6615384615384615,0.15461177062988263
rf,3849,COc1cc(-n2c3c(c4ncnc(N)c42)CCC3)ccc1NC(=O)Cc1cc(C)ccc1F,6.698969841003418,6.781248650550842,0.5350954226690934,0.7160493827160493,0.08227880954742428
rf,3850,COc1cc(-n2c3c(c4ncnc(N)c42)CCC3)ccc1NC(=O)Cc1ccc(OC(F)(F)F)cc1,6.698969841003418,6.743991125106811,0.32367401229545634,0.84,0.045021284103393455
rf,3851,COc1cc(-n2c3c(c4ncnc(N)c42)CCC3)ccc1NC(=O)Cc1ccc(OC)c(C(F)(F)F)c1,6.698969841003418,6.76473731803894,0.40672078686210356,0.7894736842105263,0.06576747703552233
rf,3908,COc1cc(CC(=O)Nc2ccc(-n3c4c(c5ncnc(N)c53)CCC4)cc2)cc(OC)c1,6.698969841003418,6.679127897262573,0.23401586690766119,0.7647058823529411,0.019841943740845025
rf,3909,COc1cc(CC(=O)Nc2ccc(-n3c4c(c5ncnc(N)c53)CCC4)cc2)ccc1C,6.698969841003418,6.689241702079773,0.21656179294772077,0.7746478873239436,0.009728138923644991
rf,3910,COc1cc(CC(=O)Nc2ccc(-n3c4c(c5ncnc(N)c53)CCC4)cc2)ccc1F,6.698969841003418,6.6991294236183165,0.4726859274478768,0.8285714285714286,0.00015958261489856795
rf,3955,COc1cc(F)c(CC(=O)Nc2ccc(-n3c4c(c5ncnc(N)c53)CCC4)cc2)c(F)c1,8.0,6.718377469062805,0.3940268794721364,0.7323943661971831,1.2816225309371951
rf,6062,COc1ccc(CC(=O)Nc2ccc(-n3c4c(c5ncnc(N)c53)CCC4)cc2)c(F)c1,6.698969841003418,6.70097133731842,0.2715601025674761,0.7534246575342466,0.002001496315002349
rf,6063,COc1ccc(CC(=O)Nc2ccc(-n3c4c(c5ncnc(N)c53)CCC4)cc2)c(OC)c1,6.698969841003418,6.69173729133606,0.21280394538591224,0.7671232876712328,0.007232549667357979
rf,6064,COc1ccc(CC(=O)Nc2ccc(-n3c4c(c5ncnc(N)c53)CCC4)cc2)cc1,6.698969841003418,6.7017926607131955,0.16558489829752182,0.803030303030303,0.002822819709777491
rf,6065,COc1ccc(CC(=O)Nc2ccc(-n3c4c(c5ncnc(N)c53)CCC4)cc2)cc1Br,8.0,6.743703356742859,0.40220207656959317,0.7887323943661971,1.2562966432571407
rf,6066,COc1ccc(CC(=O)Nc2ccc(-n3c4c(c5ncnc(N)c53)CCC4)cc2)cc1C,6.698969841003418,6.696077402114868,0.11004852971705778,0.8235294117647058,0.00289243888854962
rf,6067,COc1ccc(CC(=O)Nc2ccc(-n3c4c(c5ncnc(N)c53)CCC4)cc2)cc1C(F)(F)F,6.698969841003418,6.756505362510681,0.29368817436441985,0.9142857142857143,0.05753552150726282
rf,6068,COc1ccc(CC(=O)Nc2ccc(-n3c4c(c5ncnc(N)c53)CCC4)cc2)cc1F,6.698969841003418,6.667894992828369,0.3983970296566897,0.9104477611940298,0.031074848175048686
rf,6069,COc1ccc(CC(=O)Nc2ccc(-n3c4c(c5ncnc(N)c53)CCC4)cc2)cc1N(C)C,6.698969841003418,6.668159029006958,0.329571109586113,0.7567567567567568,0.030810811996460075
rf,6072,COc1ccc(CC(=O)Nc2ccc(-n3c4c(c5ncnc(N)c53)CCC4)cc2F)c(F)c1,6.698969841003418,6.707603895187378,0.3202201449522358,0.8309859154929577,0.008634054183960238
rf,6073,COc1ccc(CC(=O)Nc2ccc(-n3c4c(c5ncnc(N)c53)CCC4)cc2OC)c(F)c1,6.698969841003418,6.70481097316742,0.3375119446721082,0.76,0.005841132164001728
rf,6474,COc1cccc(CC(=O)Nc2ccc(-n3c4c(c5ncnc(N)c53)CCC4)cc2)c1,6.698969841003418,6.629221236228942,0.40474949119517356,0.7323943661971831,0.06974860477447553
rf,7688,Cc1ccc(CC(=O)Nc2ccc(-n3c4c(c5ncnc(N)c53)CCC4)cc2)c(F)c1,8.0,6.76377745437622,0.4269099832969178,0.8088235294117647,1.2362225456237796
rf,7689,Cc1ccc(CC(=O)Nc2ccc(-n3c4c(c5ncnc(N)c53)CCC4)cc2)cc1F,6.698969841003418,6.685936935106914,0.5181117621949527,0.7727272727272727,0.01303290589650441
rf,7717,Cc1ccc(F)c(CC(=O)Nc2ccc(-n3c4c(c5ncnc(N)c53)CCC4)cc2)c1,6.698969841003418,6.7677426347732546,0.48568985782940793,0.8088235294117647,0.06877279376983658
rf,10274,Nc1ncnc2c3c(n(-c4ccc(NC(=O)Cc5cc(C(F)(F)F)ccc5F)c(F)c4)c12)CCC3,6.698969841003418,6.769591872692108,0.44472889000082966,0.8194444444444444,0.07062203168869008
rf,10276,Nc1ncnc2c3c(n(-c4ccc(NC(=O)Cc5cc(C(F)(F)F)ccc5F)cc4)c12)CCC3,6.698969841003418,6.732415246486664,0.4182291874250124,0.7605633802816901,0.033445405483245594
rf,10278,Nc1ncnc2c3c(n(-c4ccc(NC(=O)Cc5cc(Cl)ccc5F)cc4)c12)CCC3,6.698969841003418,6.626910163879394,0.4902196373996739,0.6857142857142857,0.07205967712402384
rf,10282,Nc1ncnc2c3c(n(-c4ccc(NC(=O)Cc5ccc(Cl)c(Cl)c5)cc4)c12)CCC3,6.698969841003418,6.67972803401947,0.2505304738432545,0.9016393442622951,0.019241806983948173
rf,10283,Nc1ncnc2c3c(n(-c4ccc(NC(=O)Cc5ccc(Cl)cc5)cc4)c12)CCC3,6.698969841003418,6.710099119186402,0.4012027693288837,0.8305084745762712,0.011129278182983704
rf,10284,Nc1ncnc2c3c(n(-c4ccc(NC(=O)Cc5ccc(Cl)cc5F)cc4)c12)CCC3,6.698969841003418,6.653723673820496,0.4721496476436614,0.676056338028169,0.04524616718292229
rf,10286,Nc1ncnc2c3c(n(-c4ccc(NC(=O)Cc5ccc(F)cc5)cc4)c12)CCC3,6.698969841003418,6.695199356079102,0.4453744478192021,0.8305084745762712,0.0037704849243160865
rf,10287,Nc1ncnc2c3c(n(-c4ccc(NC(=O)Cc5ccc(F)cc5Br)cc4)c12)CCC3,6.698969841003418,6.659173828125,0.6629539836242461,0.6619718309859155,0.039796012878418274
rf,10288,Nc1ncnc2c3c(n(-c4ccc(NC(=O)Cc5ccc(F)cc5C(F)(F)F)cc4)c12)CCC3,6.698969841003418,6.645617153167724,0.5450913097154138,0.6933333333333334,0.05335268783569358
rf,10289,Nc1ncnc2c3c(n(-c4ccc(NC(=O)Cc5ccc(OC(F)(F)F)cc5)cc4)c12)CCC3,6.698969841003418,6.699259243011475,0.1110564960194722,1.0,0.0002894020080566051
rf,10293,Nc1ncnc2c3c(n(-c4ccc(NC(=O)Cc5cccc(Cl)c5)cc4)c12)CCC3,6.698969841003418,6.823225866794586,0.6204273465372171,0.7575757575757576,0.12425602579116823
rf,10294,Nc1ncnc2c3c(n(-c4ccc(NC(=O)Cc5cccc(Cl)c5F)cc4)c12)CCC3,6.698969841003418,6.631514442443848,0.47372943031186626,0.6764705882352942,0.06745539855957006
rf,10295,Nc1ncnc2c3c(n(-c4ccc(NC(=O)Cc5cccc(O)c5)cc4)c12)CCC3,6.698969841003418,6.6665462350845335,0.4439724852461324,0.7692307692307693,0.03242360591888449
rf,10296,Nc1ncnc2c3c(n(-c4ccc(NC(=O)Cc5cccc(OC(F)(F)F)c5)cc4)c12)CCC3,6.698969841003418,6.717900669574737,0.6055677590572854,0.8260869565217391,0.018930828571319225
rf,10297,Nc1ncnc2c3c(n(-c4ccc(NC(=O)Cc5cccc(OC(F)F)c5)cc4)c12)CCC3,6.698969841003418,6.731891029834747,0.6516578012605325,0.704225352112676,0.03292118883132922
rf,10299,Nc1ncnc2c3c(n(-c4ccc(NC(=O)Cc5ccccc5)cc4)c12)CCC3,6.698969841003418,6.673965534210205,0.31291236680455586,0.9272727272727272,0.025004306793213082
rf,10300,Nc1ncnc2c3c(n(-c4ccc(NC(=O)Cc5ccccc5)cc4F)c12)CCC3,6.698969841003418,6.639206581115722,0.8811239901337851,0.696969696969697,0.0597632598876956
rf,1485,CCN(CC)c1ccc(NC(=O)Nc2ccc(-c3ccnc4[nH]nc(C)c34)cc2)cc1,5.271483898162842,5.756739389419556,1.4020434635700483,0.7450980392156863,0.48525549125671397
rf,1486,CCN(CC)c1cccc(NC(=O)Nc2ccc(-c3ccnc4[nH]nc(C)c34)cc2)c1,4.377102375030518,5.514171559252057,1.1080484979917564,0.6666666666666666,1.1370691842215397
rf,2036,CCc1cccc(NC(=O)Nc2ccc(-c3ccnc4[nH]nc(C(F)(F)F)c34)cc2)c1,4.301030158996582,6.827304625829061,1.1194819147166644,0.5362318840579711,2.5262744668324792
rf,2037,CCc1cccc(NC(=O)Nc2ccc(-c3ccnc4[nH]nc(C)c34)cc2)c1,5.917932987213135,5.45200638217926,1.0798618751253721,0.7017543859649122,0.46592660503387506
rf,2038,CCc1cccc(NC(=O)Nc2ccc(-c3ccnc4[nH]nc(CO)c34)cc2)c1,5.473660945892334,6.845306044896445,1.1900092154530149,0.5606060606060606,1.3716450990041107
rf,6494,COc1cccc(NC(=O)Nc2ccc(-c3ccnc4[nH]nc(N)c34)cc2)c1,8.414575576782227,6.820009189923605,1.173008917348133,0.65,1.594566386858622
rf,7116,Cc1cc(C)cc(NC(=O)Nc2ccc(-c3ccnc4[nH]nc(N)c34)cc2)c1,8.979303359985352,6.99856356271108,0.839768639785907,0.7169811320754716,1.9807397972742713
rf,7278,Cc1cc(NC(=O)Nc2ccc(-c3ccnc4[nH]nc(N)c34)cc2)ccc1F,8.939713478088379,6.921638648351034,1.1706897028431094,0.7368421052631579,2.018074829737345
rf,7728,Cc1ccc(F)c(NC(=O)Nc2ccc(-c3cc(O)nc4[nH]nc(C)c34)cc2)c1,5.731421947479248,5.763509352048238,1.3401955132321908,0.5757575757575758,0.03208740456898962
rf,7745,Cc1ccc(F)c(NC(=O)Nc2ccc(-c3ccnc4[nH]nc(C)c34)cc2)c1,5.367238998413086,5.363910067081451,1.1863487677178277,0.6875,0.003328931331634699
rf,7746,Cc1ccc(F)c(NC(=O)Nc2ccc(-c3ccnc4[nH]nc(N)c34)cc2)c1,8.849485397338867,7.008750585873923,1.155501232254123,0.75,1.8407348114649444
rf,7896,Cc1ccc(NC(=O)Nc2ccc(-c3ccnc4[nH]nc(C)c34)cc2)cc1,5.250804901123047,5.082447449684143,0.5353926508990929,0.7708333333333334,0.16835745143890346
rf,7897,Cc1ccc(NC(=O)Nc2ccc(-c3ccnc4[nH]nc(N)c34)cc2)cc1,8.166741371154785,6.940559566497803,0.7315846736222436,0.74,1.2261818046569823
rf,8312,Cc1cccc(NC(=O)Nc2ccc(-c3cc(O)nc4[nH]nc(C)c34)cc2)c1,5.9122185707092285,5.839075714302063,1.3930093124875815,0.5666666666666667,0.07314285640716545
rf,8350,Cc1cccc(NC(=O)Nc2ccc(-c3ccnc4[nH]nc(C(F)(F)F)c34)cc2)c1,4.301030158996582,6.692317295392355,1.204644156885047,0.5806451612903226,2.391287136395773
rf,8351,Cc1cccc(NC(=O)Nc2ccc(-c3ccnc4[nH]nc(C)c34)cc2)c1,5.911863803863525,5.398910305213928,1.0122297649119292,0.7547169811320755,0.5129534986495976
rf,8352,Cc1cccc(NC(=O)Nc2ccc(-c3ccnc4[nH]nc(CO)c34)cc2)c1,5.308034896850586,6.848305690129599,1.2425606967156877,0.6,1.5402707932790127
rf,8353,Cc1cccc(NC(=O)Nc2ccc(-c3ccnc4[nH]nc(N)c34)cc2)c1,8.849485397338867,6.850304622968038,1.184895497423846,0.6724137931034483,1.9991807743708288
rf,8524,Cc1ccccc1NC(=O)Nc1ccc(-c2ccnc3[nH]nc(C)c23)cc1,5.364315032958984,4.895525173187256,0.5711122281515796,0.7777777777777778,0.4687898597717286
rf,8525,Cc1ccccc1NC(=O)Nc1ccc(-c2ccnc3[nH]nc(N)c23)cc1,8.056755065917969,6.6755469622612,0.8257116379393665,0.6607142857142857,1.3812081036567685
rf,8693,Cc1n[nH]c2nccc(-c3ccc(NC(=O)Nc4ccc(N(C)C)cc4)cc3)c12,5.043543338775635,5.980040553092956,1.2401375576558193,0.7115384615384616,0.9364972143173214
rf,8695,Cc1n[nH]c2nccc(-c3ccc(NC(=O)Nc4cccc(Br)c4)cc3)c12,5.502379417419434,5.396180040550232,0.9151587462149395,0.8113207547169812,0.10619937686920178
rf,8696,Cc1n[nH]c2nccc(-c3ccc(NC(=O)Nc4cccc(C#N)c4)cc3)c12,4.301030158996582,5.37876019115448,0.8798257077080772,0.6896551724137931,1.0777300321578975
rf,8697,Cc1n[nH]c2nccc(-c3ccc(NC(=O)Nc4cccc(C(F)(F)F)c4)cc3)c12,5.716472625732422,5.496974545669556,1.051035356565687,0.8214285714285714,0.2194980800628663
rf,8698,Cc1n[nH]c2nccc(-c3ccc(NC(=O)Nc4cccc(CN(C)C)c4)cc3)c12,4.797647953033447,5.521477505602156,0.9587419270258487,0.6666666666666666,0.7238295525687084
rf,8699,Cc1n[nH]c2nccc(-c3ccc(NC(=O)Nc4cccc(Cl)c4)cc3)c12,5.392544746398926,5.446621770095825,1.004910240651468,0.7272727272727273,0.05407702369689904
rf,8700,Cc1n[nH]c2nccc(-c3ccc(NC(=O)Nc4cccc(F)c4)cc3)c12,5.20565128326416,5.445344068717956,0.9584851409246645,0.7272727272727273,0.23969278545379602
rf,8701,Cc1n[nH]c2nccc(-c3ccc(NC(=O)Nc4cccc(N(C)C)c4)cc3)c12,5.159893989562988,5.437101874542236,0.9730380597685776,0.7017543859649122,0.27720788497924786
rf,9935,Nc1n[nH]c2nccc(-c3ccc(NC(=O)Nc4cc(C(F)(F)F)ccc4F)cc3)c12,8.36108112335205,7.325728486220042,1.1478890821615637,0.703125,1.035352637132009
rf,9936,Nc1n[nH]c2nccc(-c3ccc(NC(=O)Nc4cc(F)cc(F)c4)cc3)c12,8.146087646484375,7.012664255936941,0.8311598602484084,0.6981132075471698,1.133423390547434
rf,9937,Nc1n[nH]c2nccc(-c3ccc(NC(=O)Nc4ccc(F)c(C(F)(F)F)c4)cc3)c12,8.559593200683594,6.995518591245016,1.19068130817071,0.6271186440677966,1.5640746094385776
rf,9938,Nc1n[nH]c2nccc(-c3ccc(NC(=O)Nc4ccc(F)c(Cl)c4)cc3)c12,8.51857852935791,6.870152069409689,1.1462163916048902,0.6491228070175439,1.6484264599482215
rf,9939,Nc1n[nH]c2nccc(-c3ccc(NC(=O)Nc4cccc(C(F)(F)F)c4)cc3)c12,8.677289009094238,6.9442238925298065,1.176055435153237,0.6451612903225806,1.7330651165644317
rf,9940,Nc1n[nH]c2nccc(-c3ccc(NC(=O)Nc4cccc(Cl)c4)cc3)c12,8.911953926086426,6.875467604955038,1.1324390534117197,0.7321428571428571,2.036486321131388
rf,9941,Nc1n[nH]c2nccc(-c3ccc(NC(=O)Nc4ccccc4)cc3)c12,8.372364044189453,6.744875113010407,0.7907753479914547,0.7551020408163265,1.6274889311790464
rf,5440,COc1cc2nccc(Oc3ccc(NC(=O)Nc4c(Cl)cccc4Cl)cc3)c2cc1OC,7.431798458099365,7.674618335723877,0.9527858589733565,0.6060606060606061,0.24281987762451163
rf,5441,COc1cc2nccc(Oc3ccc(NC(=O)Nc4c(F)cccc4F)cc3)c2cc1OC,8.74472713470459,7.868996624946594,0.8783514741064966,0.6290322580645161,0.8757305097579957
rf,5444,COc1cc2nccc(Oc3ccc(NC(=O)Nc4cc(Cl)cc(Cl)c4)cc3)c2cc1OC,8.050609588623047,7.64336358833313,0.8880388012680888,0.6612903225806451,0.4072460002899172
rf,5445,COc1cc2nccc(Oc3ccc(NC(=O)Nc4cc(Cl)ccc4Cl)cc3)c2cc1OC,8.221848487854004,7.716734993934631,0.9544097508785547,0.5882352941176471,0.5051134939193727
rf,5446,COc1cc2nccc(Oc3ccc(NC(=O)Nc4cc(F)cc(F)c4)cc3)c2cc1OC,8.74472713470459,7.697142929077148,0.8697315065287433,0.6896551724137931,1.0475842056274418
rf,5447,COc1cc2nccc(Oc3ccc(NC(=O)Nc4cc(F)ccc4F)cc3)c2cc1OC,9.397939682006836,7.82113888835907,0.7771155919935423,0.6612903225806451,1.5768007936477657
rf,5448,COc1cc2nccc(Oc3ccc(NC(=O)Nc4ccc(C)cc4)cc3)c2cc1OC,9.301030158996582,7.635637490272522,0.9160671532517746,0.7288135593220338,1.6653926687240599
rf,5452,COc1cc2nccc(Oc3ccc(NC(=O)Nc4ccc(Cl)c(Cl)c4)cc3)c2cc1OC,8.431797981262207,7.49770717048645,0.8128984203759371,0.6440677966101694,0.9340908107757571
rf,5453,COc1cc2nccc(Oc3ccc(NC(=O)Nc4ccc(Cl)cc4)cc3)c2cc1OC,9.698969841003418,7.658204658508301,0.8775855052010865,0.6833333333333333,2.040765182495117
rf,5454,COc1cc2nccc(Oc3ccc(NC(=O)Nc4ccc(Cl)cc4Cl)cc3)c2cc1OC,8.251811981201172,7.590189530372619,1.0853465365943107,0.6615384615384615,0.6616224508285526
rf,5456,COc1cc2nccc(Oc3ccc(NC(=O)Nc4ccc(F)c(F)c4)cc3)c2cc1OC,8.95860767364502,7.664981140136719,0.7478866511197839,0.6774193548387096,1.2936265335083004
rf,5457,COc1cc2nccc(Oc3ccc(NC(=O)Nc4ccc(F)cc4)cc3)c2cc1OC,9.397939682006836,7.810538304328919,0.929347730465226,0.7777777777777778,1.5874013776779172
rf,5458,COc1cc2nccc(Oc3ccc(NC(=O)Nc4ccc(F)cc4F)c(C)c3)c2cc1OC,9.045757293701172,8.167091418266297,0.7000726725184385,0.6060606060606061,0.8786658754348746
rf,5459,COc1cc2nccc(Oc3ccc(NC(=O)Nc4ccc(F)cc4F)c(Cl)c3)c2cc1OC,9.397939682006836,8.175504893302918,0.6197291500949573,0.6923076923076923,1.222434788703918
rf,5460,COc1cc2nccc(Oc3ccc(NC(=O)Nc4ccc(F)cc4F)c(F)c3)c2cc1OC,8.397939682006836,8.13721284389496,0.6791675219421373,0.6451612903225806,0.2607268381118768
rf,5461,COc1cc2nccc(Oc3ccc(NC(=O)Nc4ccc(F)cc4F)cc3)c2cc1OC,9.154901504516602,7.645106226921081,0.7511953863220558,0.75,1.5097952775955203
rf,5462,COc1cc2nccc(Oc3ccc(NC(=O)Nc4ccc(F)cc4F)cc3Cl)c2cc1OC,8.585026741027832,7.537396516799927,0.7272379902415042,0.6029411764705882,1.0476302242279054
rf,5463,COc1cc2nccc(Oc3ccc(NC(=O)Nc4ccc(F)cc4F)cc3F)c2cc1OC,9.0,7.549301154136658,0.6893805050722435,0.6774193548387096,1.450698845863342
rf,5464,COc1cc2nccc(Oc3ccc(NC(=O)Nc4ccc([N+](=O)[O-])cc4)cc3)c2cc1OC,8.251811981201172,7.657016729736328,0.8934226829698296,0.6065573770491803,0.594795251464844
rf,5465,COc1cc2nccc(Oc3ccc(NC(=O)Nc4cccc(C)c4)cc3)c2cc1OC,9.698969841003418,7.8239085474014285,0.8722993113055897,0.6333333333333333,1.8750612936019895
rf,5466,COc1cc2nccc(Oc3ccc(NC(=O)Nc4cccc(Cl)c4)cc3)c2cc1OC,8.795880317687988,7.905460361480713,0.7612723573964879,0.6984126984126984,0.8904199562072757
rf,5467,COc1cc2nccc(Oc3ccc(NC(=O)Nc4cccc(Cl)c4Cl)cc3)c2cc1OC,7.568636417388916,7.488870985984803,1.154005346253037,0.5797101449275363,0.07976543140411341
rf,5468,COc1cc2nccc(Oc3ccc(NC(=O)Nc4cccc(F)c4)cc3)c2cc1OC,8.920818328857422,7.8559117546081545,0.7641034677861183,0.6984126984126984,1.0649065742492674
rf,5469,COc1cc2nccc(Oc3ccc(NC(=O)Nc4cccc(F)c4F)cc3)c2cc1OC,9.154901504516602,7.6582790355682375,1.117513115525845,0.6,1.496622468948364
rf,5470,COc1cc2nccc(Oc3ccc(NC(=O)Nc4cccc([N+](=O)[O-])c4)cc3)c2cc1OC,8.95860767364502,7.7988907302856445,0.8949678304649099,0.5846153846153846,1.159716943359375
rf,5471,COc1cc2nccc(Oc3ccc(NC(=O)Nc4ccccc4)cc3)c2cc1OC,9.698969841003418,7.549656200408935,0.9037690455318763,0.711864406779661,2.1493136405944826
rf,5472,COc1cc2nccc(Oc3ccc(NC(=O)Nc4ccccc4C)cc3)c2cc1OC,8.638272285461426,7.373528886318207,1.1771704360076278,0.603448275862069,1.264743399143219
rf,5473,COc1cc2nccc(Oc3ccc(NC(=O)Nc4ccccc4F)cc3)c2cc1OC,9.301030158996582,7.528532348632813,1.0358032502606718,0.6615384615384615,1.7724978103637694
rf,5474,COc1cc2nccc(Oc3ccc(NC(=O)Nc4ccccc4[N+](=O)[O-])cc3)c2cc1OC,7.721246242523193,7.343182913780212,1.1551346145779402,0.5555555555555556,0.3780633287429813
rf,6205,COc1ccc(NC(=O)Nc2ccc(Oc3ccnc4cc(OC)c(OC)cc34)cc2)cc1,8.95860767364502,7.56693951511383,1.000958535765637,0.7346938775510204,1.3916681585311892
rf,6502,COc1cccc(NC(=O)Nc2ccc(Oc3ccnc4cc(OC)c(OC)cc34)cc2)c1,9.0,7.582890983581543,0.8284038981123449,0.7321428571428571,1.4171090164184568
rf,6570,COc1ccccc1NC(=O)Nc1ccc(Oc2ccnc3cc(OC)c(OC)cc23)cc1,9.698969841003418,7.282519290924072,1.1618056603232576,0.625,2.416450550079346
rf,7447,Cc1cc(Oc2ccc(NC(=O)Nc3cccc(C(F)(F)F)c3)cc2)c2ccccc2n1,5.0,7.166534592056274,0.9310587565780315,0.639344262295082,2.1665345920562737
rf,11027,O=C(Nc1ccc(Oc2ccnc3ccccc23)cc1)Nc1ccc(Cl)c(C(F)(F)F)c1,6.924453258514404,6.957887350082397,0.8697961816965957,0.639344262295082,0.03343409156799293
rf,11028,O=C(Nc1ccc(Oc2ccnc3ccccc23)cc1)Nc1cccc(C(F)(F)F)c1,8.301030158996582,7.414410578727722,0.8778183209025323,0.7241379310344828,0.8866195802688601
rf,27,C#Cc1cccc(Nc2nc(N)nc3[nH]c(Cc4ccc(Cl)cc4Cl)cc23)c1,4.067526340484619,4.396522219657898,0.8471468546302248,0.6349206349206349,0.328995879173279
rf,33,C#Cc1cccc(Nc2ncnc3[nH]c(Cc4ccc(Cl)cc4Cl)cc23)c1,3.522878646850586,5.12296715593338,0.8345810163622295,0.6229508196721312,1.600088509082794
rf,837,CC(C)c1ccc(Nc2nc(N)nc3[nH]c(Cc4ccc(Cl)cc4Cl)cc23)cc1,5.853871822357178,4.748678777694702,0.9756248908522437,0.6166666666666667,1.1051930446624754
rf,869,CC(C)c1ccccc1Nc1nc(N)nc2[nH]c(Cc3ccc(Cl)cc3Cl)cc12,3.522878646850586,4.250732364654541,0.8496907770059846,0.5384615384615384,0.7278537178039555
rf,2335,CN(c1cccc(Br)c1)c1nc(N)nc2[nH]c(Cc3ccccc3)cc12,4.04963493347168,4.892157983779907,1.1753837367293645,0.5396825396825397,0.8425230503082277
rf,2336,CN(c1cccc(Br)c1)c1nc(N)nc2c1cc(Cc1ccccc1)n2C,3.698970079421997,4.963646098136902,1.2187996587285304,0.37681159420289856,1.2646760187149049
rf,3949,COc1cc(Cc2cc3c(Nc4cccc(Br)c4)nc(N)nc3[nH]2)cc(OC)c1OC,5.025949001312256,4.575655164559682,0.4743980359154235,0.6721311475409836,0.4502938367525742
rf,6296,COc1ccc(OC)c(Cc2cc3c(N(C)c4cccc(Br)c4)nc(N)nc3[nH]2)c1,3.698970079421997,4.935407813549042,1.2248862784135492,0.4533333333333333,1.236437734127045
rf,6297,COc1ccc(OC)c(Cc2cc3c(N(C)c4cccc(Br)c4)nc(N)nc3n2C)c1,3.698970079421997,4.823370988845825,1.1924242081517649,0.46153846153846156,1.1244009094238283
rf,6298,COc1ccc(OC)c(Cc2cc3c(Nc4ccc(Cl)cc4)nc(N)nc3[nH]2)c1,4.246417045593262,4.747937754789987,1.0789483267448792,0.6229508196721312,0.5015207091967255
rf,6299,COc1ccc(OC)c(Cc2cc3c(Nc4ccc(Cl)cc4F)nc(N)nc3[nH]2)c1,7.0,4.441349404493967,0.878446304765128,0.4647887323943662,2.558650595506033
rf,6300,COc1ccc(OC)c(Cc2cc3c(Nc4cccc(Br)c4)nc(N)nc3[nH]2)c1,6.207608222961426,4.568050427913666,0.7465957190618239,0.6984126984126984,1.63955779504776
rf,6301,COc1ccc(OC)c(Cc2cc3c(Nc4cccc(Br)c4)nc(N)nc3n2C)c1,3.698970079421997,4.29770427274704,0.6494572142569928,0.6865671641791045,0.5987341933250425
rf,6302,COc1ccc(OC)c(Cc2cc3c(Nc4cccc(Br)c4)ncnc3[nH]2)c1,3.522878646850586,5.323956007639567,1.1392304535246263,0.5645161290322581,1.8010773607889812
rf,8508,Cc1ccccc1Cc1cc2c(N(C)c3cccc(Br)c3)nc(N)nc2[nH]1,3.698970079421997,5.07451364994049,1.1964598090872847,0.5076923076923077,1.3755435705184933
rf,8509,Cc1ccccc1Cc1cc2c(N(C)c3cccc(Br)c3)nc(N)nc2n1C,3.698970079421997,4.919471168994904,1.1781129541903326,0.4166666666666667,1.220501089572907
rf,8510,Cc1ccccc1Cc1cc2c(Nc3ccc(Cl)cc3)nc(N)nc2[nH]1,6.318758964538574,4.913300478458405,1.1326896678889713,0.7735849056603774,1.4054584860801693
rf,8511,Cc1ccccc1Cc1cc2c(Nc3ccc(Cl)cc3F)nc(N)nc2[nH]1,5.2941365242004395,4.452550539016723,0.8490077038444883,0.5714285714285714,0.8415859851837162
rf,8512,Cc1ccccc1Cc1cc2c(Nc3cccc(Br)c3)nc(N)nc2[nH]1,6.602059841156006,4.709771255970002,0.7116307254947253,0.7962962962962963,1.8922885851860043
rf,8513,Cc1ccccc1Cc1cc2c(Nc3cccc(Br)c3)nc(N)nc2n1C,3.934420347213745,4.42053625647227,0.6282496645936687,0.6557377049180327,0.4861159092585252
rf,8514,Cc1ccccc1Cc1cc2c(Nc3cccc(Br)c3)ncnc2[nH]1,4.565431118011475,5.231846543312073,1.0638304592480965,0.6545454545454545,0.666415425300598
rf,8957,Clc1ccc(Cc2cc3c(Nc4cccc(Br)c4)ncnc3[nH]2)c(Cl)c1,3.522878646850586,5.13202464056015,0.9303114848107917,0.603448275862069,1.6091459937095642
rf,9047,Cn1c(Cc2ccccc2)cc2c(Nc3cccc(Br)c3)nc(N)nc21,3.698970079421997,4.442053981304169,0.5191391527276938,0.6206896551724138,0.743083901882172
rf,9417,FC(F)(F)c1cccc(Nc2ncnc3[nH]c(Cc4ccc(Cl)cc4Cl)cc23)c1,3.522878646850586,5.171201192220052,0.766082025471963,0.463768115942029,1.6483225453694663
rf,9968,Nc1nc(Nc2ccc(Br)cc2Cl)c2cc(Cc3ccc(Cl)cc3Cl)[nH]c2n1,7.0,4.416116477489472,0.8476222604577348,0.5396825396825397,2.5838835225105283
rf,9969,Nc1nc(Nc2ccc(C(F)(F)F)c(F)c2)c2cc(Cc3ccc(Cl)cc3Cl)[nH]c2n1,3.946537494659424,4.522006415367127,1.0037858033711502,0.5454545454545454,0.5754689207077028
rf,9976,Nc1nc(Nc2ccc(Cl)cc2F)c2cc(Cc3ccc(Cl)cc3Cl)[nH]c2n1,4.340083599090576,4.371886988639831,0.8746483655459933,0.5333333333333333,0.0318033895492551
rf,9996,Nc1nc(Nc2cccc(Br)c2)c2cc(Cc3ccc(Cl)c(Cl)c3)[nH]c2n1,4.301030158996582,4.462698649406433,0.4868133776084128,0.7678571428571429,0.1616684904098511
rf,9997,Nc1nc(Nc2cccc(Br)c2)c2cc(Cc3ccc(Cl)cc3)[nH]c2n1,5.081969738006592,4.424994197368622,0.7066082075636798,0.7962962962962963,0.65697554063797
rf,9998,Nc1nc(Nc2cccc(Br)c2)c2cc(Cc3ccc(Cl)cc3Cl)[nH]c2n1,4.5512166023254395,4.402624971389771,0.7979821712035592,0.7068965517241379,0.14859163093566874
rf,10001,Nc1nc(Nc2cccc(Br)c2)c2cc(Cc3ccccc3)[nH]c2n1,4.301030158996582,4.565317061424255,0.521068711434142,0.88,0.2642869024276733
rf,10002,Nc1nc(Nc2cccc(Br)c2)c2cc(Cc3ccccc3Cl)[nH]c2n1,5.253365993499756,4.765091262817383,0.5912025441560892,0.7962962962962963,0.4882747306823729
rf,10013,Nc1nc(Nc2cccc(C(F)(F)F)c2)c2cc(Cc3ccc(Cl)cc3Cl)[nH]c2n1,3.522878646850586,4.3885625,0.8380579054482183,0.5970149253731343,0.865683853149414
rf,10017,Nc1nc(Nc2cccc(F)c2)c2cc(Cc3ccc(Cl)cc3Cl)[nH]c2n1,6.522878646850586,4.385060511112213,0.8172133657457005,0.6166666666666667,2.1378181357383728
rf,392,CC(=O)Nc1nn(C)c2cccc(-c3ccc(NC(=O)Nc4cccc(C)c4)cc3)c12,4.92081880569458,7.169053661855061,1.2375968840646248,0.5967741935483871,2.2482348561604812
rf,1450,CCN(CC)CCOc1ccc(-c2ccc(NC(=O)Nc3cccc(C)c3)cc2)c2c(N)n[nH]c12,7.455932140350342,7.28919130452474,0.7061395397467427,0.7464788732394366,0.1667408358256015
rf,1469,CCN(CC)CCOn1nc(N)c2c(-c3ccc(NC(=O)Nc4cc(C)ccc4F)cc3)cccc21,7.4773383140563965,6.946802072056135,1.0672354003410434,0.5657894736842105,0.5305362420002613
rf,2034,CCc1cccc(NC(=O)Nc2ccc(-c3cccc4[nH]nc(N)c34)cc2)c1,8.221848487854004,8.008704348564148,0.709951705316198,0.6964285714285714,0.21314413928985587
rf,2216,CN(C)CCOc1ccc(NC(=O)Nc2ccc(-c3cccc4[nH]nc(N)c34)cc2)cc1F,8.459670066833496,7.899863575935364,0.8744398334127365,0.582089552238806,0.559806490898132
rf,3644,COCCOc1ccc(-c2ccc(NC(=O)Nc3cccc(C)c3)cc2)c2c(N)n[nH]c12,7.750844955444336,7.405435377438864,0.666534467443153,0.7794117647058824,0.345409578005472
rf,3670,COCCOn1nc(N)c2c(-c3ccc(NC(=O)Nc4cc(C)ccc4F)cc3)cccc21,7.5796332359313965,7.001349723140399,0.9032404547146751,0.5972222222222222,0.5782835127909971
rf,3671,COCCOn1nc(N)c2c(-c3ccc(NC(=O)Nc4cccc(Cl)c4)cc3)cccc21,7.840968132019043,7.176156549708049,1.066983058390306,0.5970149253731343,0.6648115823109944
rf,3688,COCCn1nc(N)c2c(-c3ccc(NC(=O)Nc4cc(C)ccc4F)cc3)cccc21,5.5100417137146,6.814212148631187,1.131836260735102,0.6285714285714286,1.3041704349165872
rf,5888,COc1ccc(-c2ccc(NC(=O)Nc3cccc(C)c3)cc2)c2c(N)n[nH]c12,7.585026741027832,7.292505171775818,0.9807881638104871,0.7164179104477612,0.2925215692520142
rf,7275,Cc1cc(NC(=O)Nc2ccc(-c3cccc4[nH]nc(N)c34)cc2)ccc1F,8.221848487854004,8.066737296104431,0.7314836311998868,0.7678571428571429,0.15511119174957244
rf,7737,Cc1ccc(F)c(NC(=O)Nc2ccc(-c3cccc4[nH]nc(N)c34)cc2)c1,8.181255340576172,7.425430334885916,0.7837487307703561,0.7796610169491526,0.755825005690256
rf,7889,Cc1ccc(NC(=O)Nc2ccc(-c3cccc4[nH]nc(N)c34)cc2)cc1,7.92081880569458,7.141301803827286,0.9632755770005925,0.8333333333333334,0.7795170018672941
rf,7890,Cc1ccc(NC(=O)Nc2ccc(-c3cccc4[nH]nc(N)c34)cc2)cc1F,7.381227970123291,8.076566208839417,0.7627606487255005,0.6984126984126984,0.6953382387161255
rf,8314,Cc1cccc(NC(=O)Nc2ccc(-c3ccc(Br)c4[nH]nc(N)c34)cc2)c1,8.0,6.949853486061096,1.1835396257834294,0.6964285714285714,1.0501465139389037
rf,8315,Cc1cccc(NC(=O)Nc2ccc(-c3ccc(C)c4[nH]nc(N)c34)cc2)c1,8.522878646850586,7.246018417358399,1.0450058435983347,0.7222222222222222,1.2768602294921871
rf,8318,Cc1cccc(NC(=O)Nc2ccc(-c3ccc(F)c4[nH]nc(N)c34)cc2)c1,8.301030158996582,7.245362965583801,1.0468388907355104,0.6964285714285714,1.0556671934127806
rf,8325,Cc1cccc(NC(=O)Nc2ccc(-c3ccc(OCCN(C)C)c4[nH]nc(N)c34)cc2)c1,7.670517444610596,7.28072404797872,0.7131354534283912,0.7571428571428571,0.38979339663187584
rf,8331,Cc1cccc(NC(=O)Nc2ccc(-c3cccc4[nH]nc(N)c34)cc2)c1,8.2044677734375,8.050108532905579,0.7857099328116512,0.803921568627451,0.15435924053192096
rf,8332,Cc1cccc(NC(=O)Nc2ccc(-c3cccc4[nH]ncc34)cc2)c1,7.744727611541748,7.343699836730957,1.1093905087805647,0.6181818181818182,0.40102777481079066
rf,8344,Cc1cccc(NC(=O)Nc2ccc(-c3cccc4c3c(N(C)C)nn4C)cc2)c1,5.494850158691406,7.172464936765034,1.2298539326133442,0.5967741935483871,1.677614778073628
rf,8345,Cc1cccc(NC(=O)Nc2ccc(-c3cccc4c3c(N)nn4C)cc2)c1,7.7984395027160645,7.301021348190307,1.2873992895948116,0.7962962962962963,0.4974181545257572
rf,8347,Cc1cccc(NC(=O)Nc2ccc(-c3cccc4c3c(N)nn4CCO)cc2)c1,6.221848964691162,6.840830312856039,1.276688651278768,0.7704918032786885,0.6189813481648772
rf,8348,Cc1cccc(NC(=O)Nc2ccc(-c3cccc4c3cnn4C)cc2)c1,6.332547187805176,7.408503568522136,1.129797199779205,0.5833333333333334,1.0759563807169599
rf,8522,Cc1ccccc1NC(=O)Nc1ccc(-c2cccc3[nH]nc(N)c23)cc1,7.078695297241211,6.9733114578723905,0.9927641131100735,0.6727272727272727,0.10538383936882045
rf,9881,Nc1n[nH]c2cccc(-c3ccc(NC(=O)Nc4cc(C(F)(F)F)ccc4F)cc3)c12,6.933390140533447,7.354330631017685,1.1703826361545242,0.7868852459016393,0.420940490484238
rf,9882,Nc1n[nH]c2cccc(-c3ccc(NC(=O)Nc4ccc(F)cc4)cc3)c12,7.173925399780273,7.249911693811416,0.9406243921843653,0.8333333333333334,0.07598629403114288
rf,9884,Nc1n[nH]c2cccc(-c3ccc(NC(=O)Nc4cccc(Br)c4)cc3)c12,7.443697452545166,7.839079219818116,0.9508314486760697,0.7037037037037037,0.3953817672729496
rf,9885,Nc1n[nH]c2cccc(-c3ccc(NC(=O)Nc4cccc(C(F)(F)F)c4)cc3)c12,8.0,7.934721606254578,0.7527872072323142,0.7818181818181819,0.06527839374542221
rf,9886,Nc1n[nH]c2cccc(-c3ccc(NC(=O)Nc4cccc(Cl)c4)cc3)c12,7.824875831604004,8.16477415561676,0.8192479897214043,0.8571428571428571,0.339898324012756
rf,9887,Nc1n[nH]c2cccc(-c3ccc(NC(=O)Nc4cccc(F)c4)cc3)c12,7.638272285461426,7.946143712043762,0.7481066050101955,0.8571428571428571,0.3078714265823361
rf,9888,Nc1n[nH]c2cccc(-c3ccc(NC(=O)Nc4cccc(O)c4)cc3)c12,7.259637355804443,7.951294974327087,0.7952573443610266,0.7169811320754716,0.691657618522644
rf,9889,Nc1n[nH]c2cccc(-c3ccc(NC(=O)Nc4ccccc4)cc3)c12,7.193819999694824,6.916806572198868,1.0662015239500493,0.782608695652174,0.27701342749595614
rf,9890,Nc1n[nH]c2cccc(-c3ccc(NC(=O)Nc4ccccc4F)cc3)c12,7.086185932159424,7.14819593167305,1.0049070636692707,0.8113207547169812,0.06200999951362629
rf,687,CC(C)(O)COc1ccc2c(Oc3ccc(Nc4nccc5[nH]cc(-c6ccc(Br)cc6)c(=O)c45)cc3F)ccnc2c1,7.11861515045166,6.856438214969635,0.7684844630200296,0.6413043478260869,0.26217693548202536
rf,688,CC(C)(O)COc1ccc2c(Oc3ccc(Nc4nccc5[nH]cc(-c6ccc(Cl)cc6)c(=O)c45)cc3F)ccnc2c1,7.202040195465088,6.851024366092681,0.9002687693567923,0.6413043478260869,0.3510158293724066
rf,689,CC(C)(O)COc1ccc2c(Oc3ccc(Nc4nccc5[nH]cc(-c6ccc(F)cc6)c(=O)c45)cc3F)ccnc2c1,9.408935546875,6.955601742458343,0.7495987802810276,0.7126436781609196,2.4533338044166566
rf,690,CC(C)(O)COc1ccc2c(Oc3ccc(Nc4nccc5[nH]cc(-c6cccc(F)c6)c(=O)c45)cc3F)ccnc2c1,7.505845546722412,6.864431653690338,0.7782080162127828,0.6170212765957447,0.6414138930320741
rf,691,CC(C)(O)COc1ccc2c(Oc3ccc(Nc4nccc5[nH]cc(-c6ccccc6)c(=O)c45)cc3F)ccnc2c1,7.347367286682129,6.908529160213471,0.8003151019544531,0.6703296703296703,0.4388381264686583
rf,692,CC(C)(O)COc1ccc2c(Oc3ccc(Nc4nccc5[nH]cc(-c6ccccc6F)c(=O)c45)cc3F)ccnc2c1,7.530178070068359,6.5470195524215695,1.016835327892096,0.6170212765957447,0.9831585176467899
rf,695,CC(C)(O)COc1ccc2c(Oc3ccc(Nc4nccc5c4c(=O)c(-c4ccc(F)cc4)cn5CCO)cc3F)ccnc2c1,5.301030158996582,5.310914945602417,0.356393084715626,0.8352941176470589,0.009884786605835139
rf,902,CC(C)n1cc(-c2ccc(F)cc2)c(=O)c2c(Nc3ccc(Oc4ccnc5cc(OCC(C)(C)O)ccc45)c(F)c3)nccc21,5.301030158996582,5.440360118865967,0.486253063602994,0.8095238095238095,0.1393299598693849
rf,1351,CCCn1cc(-c2ccc(F)cc2)c(=O)c2c(Nc3ccc(Oc4ccnc5cc(OCC(C)(C)O)ccc45)c(F)c3)nccc21,5.301030158996582,5.352201342582703,0.28522604646842353,0.8255813953488372,0.051171183586120605
rf,2016,CCc1ccc(-c2c[nH]c3ccnc(Nc4ccc(Oc5ccnc6cc(OCC(C)(C)O)ccc56)c(F)c4)c3c2=O)cc1,6.78515625,6.9005939776420595,0.7978689657778818,0.6344086021505376,0.1154377276420595
rf,2084,CCn1cc(-c2ccc(C)c(C)c2)c(=O)c2c(Nc3ccc(Oc4ccnc5cc(OCC(C)(C)O)ccc45)c(F)c3)nccc21,5.522878646850586,5.425880632400513,0.427539264807547,0.7391304347826086,0.09699801445007328
rf,2085,CCn1cc(-c2ccc(C)cc2)c(=O)c2c(Nc3ccc(Oc4ccnc5cc(OCC(C)(C)O)ccc45)c(F)c3)nccc21,5.522878646850586,5.405565091133118,0.2996141362906081,0.7727272727272727,0.11731355571746782
rf,2088,CCn1cc(-c2ccc(F)cc2)c(=O)c2c(Nc3ccc(Oc4ccnc5cc(OCC(C)(C)O)ccc45)c(F)c3)nccc21,5.301030158996582,5.397104646682739,0.2783263984591698,0.8452380952380952,0.096074487686157
rf,2090,CCn1cc(-c2cccc(C)c2)c(=O)c2c(Nc3ccc(Oc4ccnc5cc(OC)c(OC)cc45)c(F)c3)nccc21,5.522878646850586,5.623689085960388,0.5795341367955221,0.8481012658227848,0.10081043910980192
rf,2091,CCn1cc(-c2cccc(C)c2)c(=O)c2c(Nc3ccc(Oc4ccnc5cc(OCC(C)(C)O)ccc45)c(F)c3)nccc21,5.522878646850586,5.475185923576355,0.4930498801884829,0.7282608695652174,0.04769272327423124
rf,3677,COCCn1cc(-c2ccc(C)c(C)c2)c(=O)c2c(Nc3ccc(Oc4ccnc5cc(OCC(C)(C)O)ccc45)c(F)c3)nccc21,5.522878646850586,5.400220617294312,0.45731447647346046,0.7083333333333334,0.12265802955627425
rf,3678,COCCn1cc(-c2ccc(C)cc2)c(=O)c2c(Nc3ccc(Oc4ccnc5cc(OCC(C)(C)O)ccc45)c(F)c3)nccc21,5.522878646850586,5.3790070867538455,0.34023903475057526,0.7391304347826086,0.1438715600967404
rf,3679,COCCn1cc(-c2ccc(F)cc2)c(=O)c2c(Nc3ccc(Oc4ccnc5cc(OCC(C)(C)O)ccc45)c(F)c3)nccc21,5.301030158996582,5.36845276927948,0.32604692913977357,0.8068181818181818,0.06742261028289764
rf,3681,COCCn1cc(-c2cccc(C)c2)c(=O)c2c(Nc3ccc(Oc4ccnc5cc(OCC(C)(C)O)ccc45)c(F)c3)nccc21,5.522878646850586,5.440252068519592,0.49557009126834806,0.6979166666666666,0.08262657833099407
rf,5350,COc1cc2c(Oc3ccc(Nc4nccc5[nH]cc(-c6ccc(F)cc6)c(=O)c45)cc3F)ccnc2cc1OCC(C)(C)O,7.326979160308838,7.171137436421712,0.5496474694211755,0.8518518518518519,0.15584172388712592
rf,5351,COc1cc2c(Oc3ccc(Nc4nccc5[nH]cc(-c6ccc(F)cc6)c(=O)c45)cc3F)ccnc2cc1OCC(C)O,7.546681880950928,7.137597832902271,0.6209647586035046,0.7195121951219512,0.4090840480486566
rf,5358,COc1cc2c(Oc3ccc(Nc4nccc5[nH]cc(-c6ccccc6)c(=O)c45)cc3F)ccnc2cc1OCC(C)(C)O,7.3106913566589355,7.065919121932982,0.6446865984156366,0.7647058823529411,0.24477223472595355
rf,5481,COc1cc2nccc(Oc3ccc(Nc4nccc5[nH]cc(-c6ccc(F)cc6)c(=O)c45)cc3F)c2cc1OC,6.886658668518066,6.756023038673402,0.5470370714449919,0.8309859154929577,0.13063562984466426
rf,5482,COc1cc2nccc(Oc3ccc(Nc4nccc5[nH]cc(-c6ccc(F)cc6)c(=O)c45)cc3F)c2cc1OCC(C)(C)O,7.43889856338501,7.171137436421712,0.5496474694211755,0.8518518518518519,0.2677611269632978
rf,5483,COc1cc2nccc(Oc3ccc(Nc4nccc5[nH]cc(-c6cccc(C)c6)c(=O)c45)cc3F)c2cc1OC,7.744727611541748,6.55910777012507,0.5771389901487093,0.84,1.1856198414166776
rf,5484,COc1cc2nccc(Oc3ccc(Nc4nccc5[nH]cc(-c6ccccc6)c(=O)c45)cc3F)c2cc1OCC(C)(C)O,7.552842140197754,7.065919121932982,0.6446865984156366,0.7647058823529411,0.4869230182647719
rf,5843,COc1ccc(-c2c[nH]c3ccnc(Nc4ccc(Oc5ccnc6cc(OCC(C)(C)O)ccc56)c(F)c4)c3c2=O)cc1,7.225482940673828,6.851898019504547,0.7676292998636675,0.6741573033707865,0.37358492116928144
rf,6362,COc1ccc2c(Oc3ccc(Nc4nccc5[nH]cc(-c6ccc(F)cc6)c(=O)c45)cc3F)ccnc2c1,6.903090000152588,6.782125742038092,0.6546477482327048,0.7142857142857143,0.12096425811449585
rf,7522,Cc1ccc(-c2c[nH]c3ccnc(Nc4ccc(Oc5ccnc6cc(OCC(C)(C)O)ccc56)c(F)c4)c3c2=O)cc1,7.2055816650390625,6.825559317302703,0.7697112298144337,0.6483516483516484,0.3800223477363591
rf,7523,Cc1ccc(-c2c[nH]c3ccnc(Nc4ccc(Oc5ccnc6cc(OCC(C)(C)O)ccc56)c(F)c4)c3c2=O)cc1C,7.063989162445068,6.851743004194896,0.7839745620918913,0.6170212765957447,0.21224615825017246
rf,8191,Cc1cccc(-c2c[nH]c3ccnc(Nc4ccc(Oc5ccnc6cc(OCC(C)(C)O)ccc56)c(F)c4)c3c2=O)c1,7.465973854064941,6.842561616611481,0.7629599882362577,0.6404494382022472,0.6234122374534605
rf,8500,Cc1ccccc1-c1c[nH]c2ccnc(Nc3ccc(Oc4ccnc5cc(OCC(C)(C)O)ccc45)c(F)c3)c2c1=O,7.313363552093506,6.550260862541198,1.0440034811127925,0.6041666666666666,0.7631026895523076
rf,9069,Cn1cc(-c2ccc(F)cc2)c(=O)c2c(Nc3ccc(Oc4ccnc5cc(OCC(C)(C)O)ccc45)c(F)c3)nccc21,5.301030158996582,5.325808902740478,0.39186673192831556,0.8292682926829268,0.024778743743896214
rf,1306,CCCc1c(C(=O)OCC)cn2ncnc(Nc3ccc(C)c(O)c3)c12,8.522878646850586,6.1056915445327755,1.1558092334858125,0.6619718309859155,2.4171871023178104
rf,1317,CCCc1ccc(Nc2ncnn3cc(C(=O)OC)c(C)c23)cc1O,6.721246242523193,6.6647183141708375,1.0447882709093628,0.5352112676056338,0.05652792835235587
rf,1760,CCOC(=O)Nc1cn2ncnc(Nc3cc(C(=O)NOC)c(F)cc3F)c2c1C(C)C,7.180456161499023,7.0256042608261104,0.4917738080577253,0.8055555555555556,0.154851900672913
rf,1794,CCOC(=O)c1cn2ncnc(Nc3cc(C(=O)NOC(C)C)c(F)cc3F)c2c1C(C)C,6.455932140350342,6.99917632929484,0.6398479166844641,0.7777777777777778,0.5432441889444979
rf,1795,CCOC(=O)c1cn2ncnc(Nc3cc(C(=O)NOC)c(C)cc3C)c2c1C(C)C,7.886056423187256,6.90968147611618,0.9101489999270974,0.6233766233766234,0.9763749470710756
rf,1796,CCOC(=O)c1cn2ncnc(Nc3cc(C(=O)NOC)c(F)cc3F)c2c1C(C)C,7.886056423187256,7.116152002334594,0.5395814526583154,0.7887323943661971,0.7699044208526615
rf,1797,CCOC(=O)c1cn2ncnc(Nc3cc(C(=O)NOC)ccc3F)c2c1C(C)C,7.4685211181640625,6.904433077971141,0.9074164824953729,0.6329113924050633,0.5640880401929218
rf,1798,CCOC(=O)c1cn2ncnc(Nc3cc(C(=O)NOCC(C)C)c(F)cc3F)c2c1C(C)C,5.92081880569458,6.902851736895244,0.5684637371582354,0.8055555555555556,0.9820329312006635
rf,1800,CCOC(=O)c1cn2ncnc(Nc3ccc(Br)c(C(=O)NOC)c3)c2c1C(C)C,6.568636417388916,7.049565894603729,0.7873347048993534,0.5714285714285714,0.48092947721481316
rf,1801,CCOC(=O)c1cn2ncnc(Nc3ccc(C)c(C(=O)NOC)c3)c2c1C(C)C,6.92081880569458,7.051065563201904,0.8240373661538779,0.5866666666666667,0.13024675750732406
rf,1802,CCOC(=O)c1cn2ncnc(Nc3ccc(C)c(O)c3)c2c1C(C)C,7.853871822357178,7.3629814033508305,0.7577074103639424,0.647887323943662,0.4908904190063472
rf,1803,CCOC(=O)c1cn2ncnc(Nc3ccc(C)c(O)c3)c2c1OCC,7.193819999694824,7.09067520403862,0.9848483360949647,0.5652173913043478,0.10314479565620438
rf,1804,CCOC(=O)c1cn2ncnc(Nc3ccc(F)c(C(=O)NOC)c3)c2c1C(C)C,7.102373123168945,7.0543731527328495,0.7961534374407829,0.620253164556962,0.04799997043609583
rf,1805,CCOC(=O)c1cn2ncnc(Nc3cccc(C(=O)NOC)c3)c2c1C(C)C,6.886056423187256,6.78877714252472,0.9541856391309286,0.7142857142857143,0.09727928066253622
rf,1831,CCONC(=O)c1cc(Nc2ncnn3cc(C(=O)OCC)c(C(C)C)c23)c(F)cc1F,7.397940158843994,7.001623184839884,0.5940796732634954,0.8405797101449275,0.3963169740041099
rf,2028,CCc1ccc(Nc2ncnn3cc(C(=O)OC)c(C)c23)cc1O,7.259637355804443,6.707637420654297,1.0243107544867034,0.5588235294117647,0.5519999351501461
rf,3391,COC(=O)c1cn2ncnc(Nc3ccc(Br)c(O)c3)c2c1C,7.481485843658447,6.846712498903274,1.06285346664578,0.5441176470588235,0.6347733447551729
rf,3392,COC(=O)c1cn2ncnc(Nc3ccc(C(C)C)c(O)c3)c2c1C,6.4202165603637695,6.880452526410421,1.0555976887362357,0.5285714285714286,0.4602359660466515
rf,3393,COC(=O)c1cn2ncnc(Nc3ccc(C(F)(F)F)c(O)c3)c2c1C,6.431798458099365,6.817353261899948,1.0800093500331478,0.5211267605633803,0.3855548038005825
rf,3394,COC(=O)c1cn2ncnc(Nc3ccc(C)c(O)c3)c2c1C,8.0,6.988279054403305,1.010097539197037,0.6612903225806451,1.0117209455966947
rf,3395,COC(=O)c1cn2ncnc(Nc3ccc(C)c(O)c3)c2c1C(C)(C)C,6.508638381958008,6.989946103175481,1.065944910172081,0.5507246376811594,0.48130772121747345
rf,3396,COC(=O)c1cn2ncnc(Nc3cccc(O)c3)c2c1C,7.214670181274414,6.605695676803589,1.0450387614886403,0.4927536231884058,0.608974504470825
rf,3474,COCCCNC(=O)c1cn2ncnc(Nc3ccc(C)c(O)c3)c2c1C,6.823908805847168,7.05659025589625,0.8819516454587442,0.7741935483870968,0.23268145004908192
rf,3745,CONC(=O)c1cc(Nc2ncnn3cc(NC(=O)OCCCS(C)(=O)=O)c(C(C)C)c23)c(F)cc1F,7.207608222961426,7.02866095199585,0.6533983463891938,0.775,0.17894727096557617
rf,7497,Cc1cc2c(Nc3ccc(C)c(O)c3)ncnn2c1,6.2911810874938965,6.847179261922836,1.1609371581016794,0.484375,0.5559981744289395
rf,7498,Cc1cc2c(Nc3ccc(F)c(Cl)c3)ncnn2c1,6.25999641418457,6.418002278518678,1.084298721216643,0.46296296296296297,0.15800586433410757
rf,8018,Cc1ccc(Nc2ncnn3c(C)ccc23)cc1O,4.765826225280762,6.231357707262039,1.2656167239103726,0.42424242424242425,1.4655314819812775
rf,8023,Cc1ccc(Nc2ncnn3cc(C)c(C)c23)cc1O,7.198969841003418,6.985529701948166,1.062073622085092,0.6101694915254238,0.21344013905525205
rf,8028,Cc1ccc(Nc2ncnn3ccc(C)c23)cc1O,6.841386318206787,6.835396165132523,1.1668403621088523,0.5161290322580645,0.005990153074264093
rf,8029,Cc1ccc(Nc2ncnn3cccc23)cc1O,6.067033767700195,6.725520004701615,1.1972011555706812,0.46153846153846156,0.6584862370014193
rf,8151,Cc1ccc2c(Nc3ccc(F)c(Cl)c3)ncnn12,5.593543529510498,5.6453294426918035,0.9009947379220234,0.4716981132075472,0.05178591318130543
rf,8556,Cc1ccn2ncnc(Nc3ccc(F)c(Cl)c3)c12,6.0,6.389040570330621,1.0885429997255398,0.5833333333333334,0.38904057033062056
rf,9460,Fc1ccc(Nc2ncnn3cccc23)cc1Cl,5.964058876037598,6.332224021148682,1.1301628125507557,0.5,0.36816514511108434
rf,1893,CCOc1cccc2c1c(/C=C1\C(=O)NN=C1c1cnns1)cn2C,7.602059841156006,6.91208859539032,0.925302840730486,0.5714285714285714,0.6899712457656859
rf,1894,CCOc1cccc2c1c(/C=C1\C(=O)NN=C1c1snnc1C)cn2C,7.431956768035889,6.775002585411071,0.8014161848702239,0.5416666666666666,0.6569541826248173
rf,3382,COC(=O)c1ccc2c(c1)c(/C=C1\C(=O)NN=C1c1cnns1)cn2C,7.136677265167236,7.322582412242889,0.7049713099815192,0.5068493150684932,0.18590514707565298
rf,3388,COC(=O)c1cccc2c1c(/C=C1\C(=O)NN=C1c1cnns1)cn2C,7.6575775146484375,6.975897000312806,1.0170500012103305,0.5068493150684932,0.6816805143356319
rf,6315,COc1ccc(OC)c2c1c(/C=C1\C(=O)NN=C1c1cnns1)cn2C,8.0,6.91104556465149,0.901495786968125,0.5,1.0889544353485103
rf,6316,COc1ccc(OC)c2c1c(/C=C1\C(=O)NN=C1c1snnc1C)cn2C,7.698969841003418,6.84234840742747,0.8742826231083982,0.4861111111111111,0.8566214335759481
rf,6367,COc1ccc2c(c(/C=C3\C(=O)NN=C3c3cnns3)cn2C)c1Br,8.221848487854004,7.062103266811371,0.8832259192450026,0.5138888888888888,1.1597452210426331
rf,6368,COc1ccc2c(c(/C=C3\C(=O)NN=C3c3snnc3C)cn2C)c1Br,7.638272285461426,6.994948763847351,0.8076620376995998,0.5,0.6433235216140751
rf,6426,COc1ccc2c(c1)c(/C=C1\C(=O)NN=C1c1cnns1)cn2C,7.552842140197754,7.287525051116943,0.6229114155964143,0.671875,0.26531708908081075
rf,6427,COc1ccc2c(c1)c(/C=C1\C(=O)NN=C1c1snnc1C)cn2C,7.045757293701172,7.370791763782501,0.555048060502896,0.6268656716417911,0.325034470081329
rf,6543,COc1cccc2c(/C=C3\C(=O)NN=C3c3snnc3C)cn(C)c12,6.962573528289795,6.7041810313860575,0.9553164430388562,0.47297297297297297,0.25839249690373745
rf,6545,COc1cccc2c1c(/C=C1\C(=O)NN=C1c1cnns1)cn2C,7.886056423187256,7.038200201988221,0.8406143776619674,0.671875,0.8478562211990353
rf,6546,COc1cccc2c1c(/C=C1\C(=O)NN=C1c1snnc1C)cn2C,7.721246242523193,6.9561009635925295,0.7797711378406748,0.6363636363636364,0.7651452789306639
rf,7047,Cc1cc(Br)c2c(/C=C3\C(=O)NN=C3c3cnns3)cn(C)c2c1,7.92081880569458,7.002441221555075,0.9226504804153912,0.4857142857142857,0.9183775841395052
rf,8153,Cc1ccc2c(c1)c(/C=C1\C(=O)NN=C1c1cnns1)cn2C,7.455932140350342,7.386774959087372,0.6376722001375923,0.5223880597014925,0.06915718126296966
rf,8863,Cc1nnsc1C1=NNC(=O)/C1=C\c1c[nH]c2ccc(Cl)cc12,6.522878646850586,6.419396184921265,0.8695643861774084,0.5245901639344263,0.10348246192932109
rf,8864,Cc1nnsc1C1=NNC(=O)/C1=C\c1c[nH]c2ccccc12,6.0,6.5044354000091555,0.806705754893717,0.5344827586206896,0.5044354000091555
rf,8865,Cc1nnsc1C1=NNC(=O)/C1=C\c1cn(C)c2ccc(C#N)cc12,6.522878646850586,7.406297491550445,0.5506438973180673,0.48484848484848486,0.8834188446998592
rf,8866,Cc1nnsc1C1=NNC(=O)/C1=C\c1cn(C)c2ccc(Cl)cc12,6.8181562423706055,7.490450223445892,0.5706781183539731,0.640625,0.6722939810752866
rf,8867,Cc1nnsc1C1=NNC(=O)/C1=C\c1cn(C)c2ccc(F)cc12,7.004364967346191,7.45296404504776,0.5294357090566327,0.640625,0.4485990777015685
rf,8868,Cc1nnsc1C1=NNC(=O)/C1=C\c1cn(C)c2cccc(Br)c12,7.4685211181640625,7.045334722518921,0.7197369728940076,0.640625,0.4231863956451418
rf,8869,Cc1nnsc1C1=NNC(=O)/C1=C\c1cn(C)c2cccc(C)c12,7.236571788787842,6.950324473381042,0.7334277311773202,0.5245901639344263,0.2862473154067997
rf,8870,Cc1nnsc1C1=NNC(=O)/C1=C\c1cn(C)c2cccc(Cl)c12,7.346787452697754,6.95906741142273,0.9451871884673196,0.6153846153846154,0.38772004127502413
rf,8871,Cc1nnsc1C1=NNC(=O)/C1=C\c1cn(C)c2cccc(F)c12,6.863279342651367,6.9538852410997665,0.7608021682113929,0.6153846153846154,0.09060589844839928
rf,8873,Cc1nnsc1C1=NNC(=O)/C1=C\c1cn(C)c2ccccc12,7.022276401519775,6.77602668762207,0.7332028511990663,0.6166666666666667,0.2462497138977051
rf,9122,Cn1cc(/C=C2\C(=O)NN=C2c2cnns2)c2c(Br)cccc21,8.09691047668457,7.204020440419516,0.8914169424285565,0.6612903225806451,0.8928900362650545
rf,9123,Cn1cc(/C=C2\C(=O)NN=C2c2cnns2)c2c(Cl)cccc21,7.79587984085083,7.096804974397024,1.0508972904031615,0.6612903225806451,0.699074866453806
rf,9124,Cn1cc(/C=C2\C(=O)NN=C2c2cnns2)c2c(F)cccc21,7.79587984085083,7.10609386920929,0.8820016655668758,0.6612903225806451,0.6897859716415402
rf,9125,Cn1cc(/C=C2\C(=O)NN=C2c2cnns2)c2cc(Br)ccc21,6.958607196807861,7.31124772198995,0.7045334860178368,0.5223880597014925,0.352640525182089
rf,9126,Cn1cc(/C=C2\C(=O)NN=C2c2cnns2)c2cc(C#N)ccc21,6.759450912475586,7.316142251332601,0.6378056935537139,0.49295774647887325,0.5566913388570152
rf,9127,Cn1cc(/C=C2\C(=O)NN=C2c2cnns2)c2cc(Cl)ccc21,7.4685211181640625,7.396719724973043,0.6956585914703878,0.6612903225806451,0.07180139319101908
rf,9128,Cn1cc(/C=C2\C(=O)NN=C2c2cnns2)c2cc(F)ccc21,7.318758964538574,7.34126607879003,0.6001440183215689,0.6612903225806451,0.022507114251455462
rf,9129,Cn1cc(/C=C2\C(=O)NN=C2c2cnns2)c2ccc(Cl)cc21,7.136677265167236,6.713545317014059,1.0075198414047781,0.5606060606060606,0.423131948153177
rf,2852,CNC(=O)c1ccccc1Sc1ccc2c(C#Cc3ccc(NC(=O)COCCOCCOCCOC)cc3)n[nH]c2c1,8.376750946044922,7.938036187253305,0.6824563262965908,0.8157894736842105,0.43871475879161714
rf,2855,CNC(=O)c1ccccc1Sc1ccc2c(C#Cc3ccc(NC(=O)COCCOCCOCCOCCOC)cc3)n[nH]c2c1,8.30980396270752,7.938036187253305,0.6824563262965908,0.8157894736842105,0.3717677754542148
rf,2857,CNC(=O)c1ccccc1Sc1ccc2c(C#Cc3ccc(NC(=O)COCCOCCOCCOCCOCCOC)cc3)n[nH]c2c1,8.318758964538574,7.938036187253305,0.6824563262965908,0.8157894736842105,0.3807227772852695
rf,2859,CNC(=O)c1ccccc1Sc1ccc2c(C#Cc3ccc(NC(=O)NCCOC)cc3)n[nH]c2c1,8.346787452697754,7.91860123518535,0.7830578822108474,0.7792207792207793,0.4281862175124038
rf,2860,CNC(=O)c1ccccc1Sc1ccc2c(C#Cc3ccc(NC(=O)NCCOCCOC)cc3)n[nH]c2c1,8.468521118164062,8.012737517622538,0.5422040846780537,0.8552631578947368,0.45578360054152434
rf,2861,CNC(=O)c1ccccc1Sc1ccc2c(C#Cc3ccc(NC(=O)NCCOCCOCCN(C)C)cc3)n[nH]c2c1,8.455931663513184,7.805166819606509,0.8317618459383366,0.7586206896551724,0.6507648439066749
rf,2862,CNC(=O)c1ccccc1Sc1ccc2c(C#Cc3ccc(NC(=O)NCCOCCOCCN)cc3)n[nH]c2c1,8.552842140197754,7.679018731167202,1.0034592911422824,0.7764705882352941,0.8738234090305523
rf,2864,CNC(=O)c1ccccc1Sc1ccc2c(C#Cc3ccc(NC(=O)NCCOCCOCCNC(C)=O)cc3)n[nH]c2c1,8.29242992401123,7.927251253686631,0.7732659274542635,0.7857142857142857,0.3651786703245996
rf,2865,CNC(=O)c1ccccc1Sc1ccc2c(C#Cc3ccc(NC(=O)NCCOCCOCCO)cc3)n[nH]c2c1,8.537602424621582,7.91282215956279,0.7836718751223039,0.7857142857142857,0.6247802650587921
rf,2866,CNC(=O)c1ccccc1Sc1ccc2c(C#Cc3ccc(NC(=O)NCCOCCOCCOC)cc3)n[nH]c2c1,8.508638381958008,8.012737517622538,0.5422040846780537,0.8552631578947368,0.49590086433546965
rf,2869,CNC(=O)c1ccccc1Sc1ccc2c(C#Cc3ccc(NC(=O)NCCOCCOCCOCCOC)cc3)n[nH]c2c1,8.408935546875,8.012737517622538,0.5422040846780537,0.8552631578947368,0.39619802925246184
rf,2872,CNC(=O)c1ccccc1Sc1ccc2c(C#Cc3ccc(NC(=O)NCCOCCOCCOCCOCCOC)cc3)n[nH]c2c1,8.408935546875,8.012737517622538,0.5422040846780537,0.8552631578947368,0.39619802925246184
rf,2875,CNC(=O)c1ccccc1Sc1ccc2c(C#Cc3ccc(NC(=O)OCCOC)cc3)n[nH]c2c1,8.119186401367188,7.789000314767775,0.9365562583899227,0.6790123456790124,0.3301860865994124
rf,2876,CNC(=O)c1ccccc1Sc1ccc2c(C#Cc3ccc(NC(=O)OCCOCCOC)cc3)n[nH]c2c1,8.236572265625,7.807256317567446,0.8916491038204882,0.7160493827160493,0.42931594805755413
rf,2877,CNC(=O)c1ccccc1Sc1ccc2c(C#Cc3ccc(NC(=O)OCCOCCOCCOC)cc3)n[nH]c2c1,8.28399658203125,7.807256317567446,0.8916491038204882,0.7160493827160493,0.47674026446380413
rf,2878,CNC(=O)c1ccccc1Sc1ccc2c(C#Cc3ccc(NC(=O)OCCOCCOCCOCCOC)cc3)n[nH]c2c1,8.193819999694824,7.807256317567446,0.8916491038204882,0.7160493827160493,0.38656368212737835
rf,2879,CNC(=O)c1ccccc1Sc1ccc2c(C#Cc3ccc(NC(=O)OCCOCCOCCOCCOCCOC)cc3)n[nH]c2c1,8.09691047668457,7.807256317567446,0.8916491038204882,0.7160493827160493,0.28965415911712444
rf,2880,CNC(=O)c1ccccc1Sc1ccc2c(C#Cc3ccc(NCCOCCOC)cc3)n[nH]c2c1,8.431797981262207,7.861238787475842,1.0608263224190793,0.7468354430379747,0.570559193786365
rf,2881,CNC(=O)c1ccccc1Sc1ccc2c(C#Cc3ccc(NCCOCCOCCOC)cc3)n[nH]c2c1,8.397939682006836,7.861238787475842,1.0608263224190793,0.7468354430379747,0.5367008945309939
rf,2882,CNC(=O)c1ccccc1Sc1ccc2c(C#Cc3ccc(NCCOCCOCCOCCOC)cc3)n[nH]c2c1,8.431797981262207,7.861238787475842,1.0608263224190793,0.7468354430379747,0.570559193786365
rf,2883,CNC(=O)c1ccccc1Sc1ccc2c(C#Cc3ccc(NCCOCCOCCOCCOCCOC)cc3)n[nH]c2c1,8.376750946044922,7.861238787475842,1.0608263224190793,0.7468354430379747,0.5155121585690798
rf,2884,CNC(=O)c1ccccc1Sc1ccc2c(C#Cc3cccc(NC(=O)COCCOCCOCCOCCOCCOC)c3)n[nH]c2c1,8.337242126464844,7.556324281628927,1.0593968281654909,0.782051282051282,0.7809178448359164
rf,2885,CNC(=O)c1ccccc1Sc1ccc2c(C#Cc3cccc(NC(=O)NCCOC)c3)n[nH]c2c1,8.397939682006836,7.540052007404963,0.957587449608186,0.7692307692307693,0.8578876746018729
rf,2886,CNC(=O)c1ccccc1Sc1ccc2c(C#Cc3cccc(NC(=O)NCCOCCOC)c3)n[nH]c2c1,8.327901840209961,7.524293050177891,0.9854833299286336,0.8441558441558441,0.8036087900320696
rf,2887,CNC(=O)c1ccccc1Sc1ccc2c(C#Cc3cccc(NC(=O)NCCOCCOCCOC)c3)n[nH]c2c1,8.229147911071777,7.524293050177891,0.9854833299286336,0.8441558441558441,0.704854860893886
rf,2888,CNC(=O)c1ccccc1Sc1ccc2c(C#Cc3cccc(NC(=O)NCCOCCOCCOCCOC)c3)n[nH]c2c1,8.173925399780273,7.524293050177891,0.9854833299286336,0.8441558441558441,0.6496323496023821
rf,2889,CNC(=O)c1ccccc1Sc1ccc2c(C#Cc3cccc(NC(=O)NCCOCCOCCOCCOCCOC)c3)n[nH]c2c1,8.113509178161621,7.524293050177891,0.9854833299286336,0.8441558441558441,0.5892161279837298
rf,2890,CNC(=O)c1ccccc1Sc1ccc2c(C#Cc3cccc(NC(=O)OCCOC)c3)n[nH]c2c1,8.055517196655273,7.396023935397466,1.2387334233592857,0.6626506024096386,0.6594932612578077
rf,2891,CNC(=O)c1ccccc1Sc1ccc2c(C#Cc3cccc(NC(=O)OCCOCCOC)c3)n[nH]c2c1,8.142667770385742,7.393193719943364,1.238199216817694,0.6987951807228916,0.7494740504423785
rf,2892,CNC(=O)c1ccccc1Sc1ccc2c(C#Cc3cccc(NC(=O)OCCOCCOCCOC)c3)n[nH]c2c1,8.050609588623047,7.393193719943364,1.238199216817694,0.6987951807228916,0.6574158686796832
rf,2893,CNC(=O)c1ccccc1Sc1ccc2c(C#Cc3cccc(NCCOC)c3)n[nH]c2c1,7.886056423187256,7.727958204871889,1.261892341695794,0.6666666666666666,0.15809821831536652
rf,2894,CNC(=O)c1ccccc1Sc1ccc2c(C#Cc3cccc(NCCOCCOC)c3)n[nH]c2c1,8.004364967346191,7.805597011318283,1.1111793372602896,0.7375,0.19876795602790853
rf,2895,CNC(=O)c1ccccc1Sc1ccc2c(C#Cc3cccc(NCCOCCOCCOC)c3)n[nH]c2c1,8.0,7.805597011318283,1.1111793372602896,0.7375,0.19440298868171713
rf,5885,COc1ccc(-c2ccc(NC(=O)Nc3cc(C)ccc3F)cc2)c2c(N)noc12,7.688375473022461,7.0212548864682525,0.8327600852276814,0.7027027027027027,0.6671205865542085
rf,5886,COc1ccc(-c2ccc(NC(=O)Nc3cccc(Br)c3)cc2)c2c(N)noc12,7.960409164428711,7.071569415092468,0.9354817469897141,0.4642857142857143,0.8888397493362428
rf,5887,COc1ccc(-c2ccc(NC(=O)Nc3cccc(C(F)(F)F)c3)cc2)c2c(N)noc12,7.733623027801514,7.3351159687042236,0.8244410523254134,0.5671641791044776,0.3985070590972901
rf,5890,COc1ccc(-c2ccc(NC(=O)Nc3cccc(Cl)c3)cc2)c2c(N)noc12,7.565971851348877,7.311772700309754,0.69972068583036,0.5757575757575758,0.2541991510391233
rf,6189,COc1ccc(NC(=O)Nc2ccc(-c3cccc4onc(N)c34)cc2)cc1,7.316135883331299,6.0931411217848455,0.957335651032597,0.6938775510204082,1.2229947615464534
rf,6190,COc1ccc(NC(=O)Nc2ccc(-c3cccc4onc(N)c34)cc2)cc1Cl,7.770303726196289,7.071866560935974,0.8976729671382728,0.6071428571428571,0.698437165260315
rf,6493,COc1cccc(NC(=O)Nc2ccc(-c3cccc4onc(N)c34)cc2)c1,7.864078998565674,7.122015437444051,0.9208920923980743,0.6415094339622641,0.7420635611216229
rf,7115,Cc1cc(C)cc(NC(=O)Nc2ccc(-c3cccc4onc(N)c34)cc2)c1,8.309894561767578,6.340078711430231,0.9590284036802955,0.6938775510204082,1.9698158503373469
rf,7730,Cc1ccc(F)c(NC(=O)Nc2ccc(-c3ccc(C)c4onc(N)c34)cc2)c1,7.278838634490967,7.027567136605581,0.7947017919054583,0.6956521739130435,0.2512714978853854
rf,7732,Cc1ccc(F)c(NC(=O)Nc2ccc(-c3ccc(F)c4onc(N)c34)cc2)c1,6.675717353820801,7.031779035409293,0.7867443742486026,0.7164179104477612,0.35606168158849183
rf,7733,Cc1ccc(F)c(NC(=O)Nc2ccc(-c3ccc(OC(F)(F)F)c4onc(N)c34)cc2)c1,6.774244785308838,7.063317865212759,0.8287247317752744,0.6753246753246753,0.28907307990392095
rf,7741,Cc1ccc(F)c(NC(=O)Nc2ccc(-c3cccc4onc(N)c34)cc2)c1,7.781918525695801,6.795211688597997,0.8351477955447453,0.6774193548387096,0.9867068370978034
rf,7893,Cc1ccc(NC(=O)Nc2ccc(-c3cccc4onc(N)c34)cc2)cc1,7.576213836669922,6.147387458403905,0.905206439161152,0.7391304347826086,1.4288263782660167
rf,7894,Cc1ccc(NC(=O)Nc2ccc(-c3cccc4onc(N)c34)cc2)cc1Cl,7.79587984085083,7.159926221847535,0.9974192180161111,0.6415094339622641,0.6359536190032955
rf,7895,Cc1ccc(NC(=O)Nc2ccc(-c3cccc4onc(N)c34)cc2)cc1F,7.610924243927002,7.202283744812012,1.0058611766444154,0.6415094339622641,0.40864049911499034
rf,8349,Cc1cccc(NC(=O)Nc2ccc(-c3cccc4onc(N)c34)cc2)c1,8.22796630859375,7.199903980255127,1.103699004274262,0.68,1.0280623283386232
rf,10322,Nc1noc2cccc(-c3ccc(NC(=O)Nc4cc(C(F)(F)F)ccc4F)cc3)c12,7.039938449859619,6.9219294762611385,0.9670492267896416,0.6268656716417911,0.11800897359848062
rf,10323,Nc1noc2cccc(-c3ccc(NC(=O)Nc4cc(F)cc(F)c4)cc3)c12,7.132719993591309,6.325678506135941,0.899825504178979,0.6938775510204082,0.8070414874553675
rf,10324,Nc1noc2cccc(-c3ccc(NC(=O)Nc4ccc(C(F)(F)F)cc4)cc3)c12,7.128401756286621,6.287469180027643,0.9964727422973153,0.6938775510204082,0.8409325762589779
rf,10325,Nc1noc2cccc(-c3ccc(NC(=O)Nc4ccc(F)c(C(F)(F)F)c4)cc3)c12,7.332571983337402,7.142402119636536,0.9586201942428513,0.6181818181818182,0.19016986370086642
rf,10326,Nc1noc2cccc(-c3ccc(NC(=O)Nc4ccc(F)c(Cl)c4)cc3)c12,7.4751973152160645,7.040862582206726,0.9359817626510811,0.6415094339622641,0.43433473300933834
rf,10327,Nc1noc2cccc(-c3ccc(NC(=O)Nc4ccc(F)cc4)cc3)c12,7.255583763122559,6.228780930757522,0.9078662707953633,0.78,1.0268028323650364
rf,10328,Nc1noc2cccc(-c3ccc(NC(=O)Nc4ccc(OC(F)(F)F)cc4)cc3)c12,7.143422603607178,6.1995498316288,1.0104630078975056,0.6538461538461539,0.9438727719783779
rf,10329,Nc1noc2cccc(-c3ccc(NC(=O)Nc4cccc(Br)c4)cc3)c12,8.150514602661133,6.837207724889119,1.0386376963357211,0.68,1.313306877772014
rf,10330,Nc1noc2cccc(-c3ccc(NC(=O)Nc4cccc(C(F)(F)F)c4)cc3)c12,7.309442520141602,7.132930881818135,0.9494539428563739,0.7049180327868853,0.1765116383234666
rf,10331,Nc1noc2cccc(-c3ccc(NC(=O)Nc4cccc(Cl)c4)cc3)c12,7.824875831604004,7.08773965771993,0.8892322367258959,0.6938775510204082,0.7371361738840738
rf,10332,Nc1noc2cccc(-c3ccc(NC(=O)Nc4cccc(F)c4)cc3)c12,7.51716423034668,7.015199248631795,0.8958965543532357,0.68,0.5019649817148846
rf,10333,Nc1noc2cccc(-c3ccc(NC(=O)Nc4cccc([N+](=O)[O-])c4)cc3)c12,7.74539852142334,7.121402322133382,0.9329789788049913,0.6296296296296297,0.6239961992899579
rf,10334,Nc1noc2cccc(-c3ccc(NC(=O)Nc4ccccc4)cc3)c12,7.620166301727295,6.050204028050104,0.853095005424921,0.782608695652174,1.5699622736771905
rf,10335,Nc1noc2cccc(-c3ccc(NC(=O)Nc4ccccc4C(F)(F)F)cc3)c12,5.210348606109619,6.306093223810196,1.0266059953364088,0.6296296296296297,1.0957446177005767
rf,10336,Nc1noc2cccc(-c3ccc(NC(=O)Nc4ccccc4F)cc3)c12,6.400608062744141,6.697908184130986,1.0445028736315682,0.6666666666666666,0.29730012138684536
rf,10337,Nc1noc2cccc(-c3ccc(NC(=O)Nc4ccccc4OC(F)(F)F)cc3)c12,6.04683256149292,6.228017341375351,0.9716543622222175,0.5964912280701754,0.18118477988243065
rf,370,CC(=O)Nc1ccc(-c2ccc(NC(=O)Nc3cccc(C)c3)cc2)c2c1C(=O)NC2,7.193819999694824,7.2712303791046144,0.9653216929708138,0.7931034482758621,0.07741037940979023
rf,1977,CCc1cc(-c2cccc3c2CNC3=O)ccc1NC(=O)Nc1cccc(C)c1,5.221848964691162,6.892085053761801,1.084649187189043,0.6333333333333333,1.670236089070639
rf,2035,CCc1cccc(NC(=O)Nc2ccc(-c3cccc4c3CNC4=O)cc2)c1,7.537601947784424,7.195786057790121,0.9544060360838903,0.6545454545454545,0.3418158899943027
rf,3645,COCCOc1ccc(-c2ccc(NC(=O)Nc3cccc(C)c3)cc2)c2c1C(=O)NC2,6.899629592895508,7.212588315963745,0.9505054928246421,0.6567164179104478,0.31295872306823735
rf,5889,COc1ccc(-c2ccc(NC(=O)Nc3cccc(C)c3)cc2)c2c1C(=O)NC2,7.677780628204346,7.27818722820282,0.9624950994430966,0.6935483870967742,0.39959340000152554
rf,6492,COc1cccc(NC(=O)Nc2ccc(-c3cccc4c3CNC4=O)cc2)c1,6.2441253662109375,7.119558032353719,0.9148958663386477,0.6545454545454545,0.8754326661427818
rf,7114,Cc1cc(C)cc(NC(=O)Nc2ccc(-c3cccc4c3CNC4=O)cc2)c1,7.0809221267700195,5.864750178337097,1.259304845543067,0.6730769230769231,1.2161719484329225
rf,7891,Cc1ccc(NC(=O)Nc2ccc(-c3cccc4c3CNC4=O)cc2)cc1,6.3665313720703125,5.618274891853333,1.1940904457047243,0.68,0.7482564802169795
rf,7892,Cc1ccc(NC(=O)Nc2ccc(-c3cccc4c3CNC4=O)cc2)cc1C,7.301030158996582,7.162117068608603,0.9694034814183612,0.6923076923076923,0.1389130903879794
rf,8266,Cc1cccc(N(C)C(=O)Nc2ccc(-c3cccc4c3CNC4=O)cc2)c1,4.721246242523193,5.832038102149963,1.2188789128930306,0.5833333333333334,1.1107918596267696
rf,8279,Cc1cccc(NC(=O)N(C)c2ccc(-c3cccc4c3CNC4=O)cc2)c1,5.958607196807861,6.291888612747193,1.1051383556411554,0.6666666666666666,0.33328141593933136
rf,8291,Cc1cccc(NC(=O)Nc2c(C)cc(-c3cccc4c3CNC4=O)cc2C)c1,4.301030158996582,6.592608901023865,1.1451872463658095,0.631578947368421,2.2915787420272826
rf,8319,Cc1cccc(NC(=O)Nc2ccc(-c3ccc(N)c4c3CNC4=O)cc2)c1,7.853871822357178,7.276350969314575,0.970310611406642,0.7166666666666667,0.5775208530426026
rf,8320,Cc1cccc(NC(=O)Nc2ccc(-c3ccc(NC(=O)CN(C)C)c4c3CNC4=O)cc2)c1,6.455932140350342,7.222929940223694,0.9384878996485241,0.71875,0.7669977998733524
rf,8335,Cc1cccc(NC(=O)Nc2ccc(-c3cccc4c3CNC4=O)c(C(F)(F)F)c2)c1,5.045757293701172,6.949275421142578,1.208910273224086,0.5483870967741935,1.903518127441406
rf,8336,Cc1cccc(NC(=O)Nc2ccc(-c3cccc4c3CNC4=O)c(C)c2)c1,6.113509178161621,6.628391317367553,1.1094827868240549,0.5964912280701754,0.5148821392059322
rf,8337,Cc1cccc(NC(=O)Nc2ccc(-c3cccc4c3CNC4=O)c(Cl)c2)c1,7.148741722106934,6.685972750282288,1.1235672033282798,0.576271186440678,0.46276897182464527
rf,8338,Cc1cccc(NC(=O)Nc2ccc(-c3cccc4c3CNC4=O)c(F)c2)c1,7.28399658203125,6.769040693283081,1.0912391070758332,0.576271186440678,0.5149558887481689
rf,8339,Cc1cccc(NC(=O)Nc2ccc(-c3cccc4c3CNC4=O)cc2)c1,7.004386901855469,7.073794738133749,1.0752417865140955,0.7307692307692307,0.0694078362782804
rf,8340,Cc1cccc(NC(=O)Nc2ccc(-c3cccc4c3CNC4=O)cc2C(F)(F)F)c1,7.4685211181640625,6.928628642400106,1.0995589954505138,0.5873015873015873,0.5398924757639563
rf,8341,Cc1cccc(NC(=O)Nc2ccc(-c3cccc4c3CNC4=O)cc2C)c1,7.721246242523193,6.814878447850546,1.091919682905301,0.6379310344827587,0.9063677946726472
rf,8342,Cc1cccc(NC(=O)Nc2ccc(-c3cccc4c3CNC4=O)cc2Cl)c1,7.522878646850586,6.870901525815329,1.1100955976566778,0.6166666666666667,0.651977121035257
rf,8343,Cc1cccc(NC(=O)Nc2ccc(-c3cccc4c3CNC4=O)cc2F)c1,7.3565473556518555,6.877828822453817,1.090849422623288,0.6166666666666667,0.47871853319803837
rf,8523,Cc1ccccc1NC(=O)Nc1ccc(-c2cccc3c2CNC3=O)cc1,5.3565473556518555,5.557827626228333,1.1473121509084787,0.6274509803921569,0.20128027057647735
rf,9576,N#Cc1cccc(NC(=O)Nc2ccc(-c3cccc4c3CNC4=O)cc2)c1,6.431798458099365,6.954060653050741,0.8882372977008767,0.6545454545454545,0.5222621949513755
rf,10714,O=C(Nc1ccc(-c2cccc3c2CNC3=O)cc1)Nc1cc(C(F)(F)F)ccc1F,7.638272285461426,6.579642950884501,1.2820571889907144,0.5737704918032787,1.058629334576925
rf,10715,O=C(Nc1ccc(-c2cccc3c2CNC3=O)cc1)Nc1ccc(C(F)(F)F)cc1,6.7931742668151855,5.819331352869669,1.3494309192073437,0.6530612244897959,0.9738429139455169
rf,10717,O=C(Nc1ccc(-c2cccc3c2CNC3=O)cc1)Nc1cccc(C(F)(F)F)c1,8.154901504516602,7.2685047543843595,0.8609271024706906,0.6545454545454545,0.8863967501322421
rf,10718,O=C(Nc1ccc(-c2cccc3c2CNC3=O)cc1)Nc1cccc(Cl)c1,7.337242126464844,7.144984431584676,0.8790876299927841,0.6923076923076923,0.1922576948801673
rf,10719,O=C(Nc1ccc(-c2cccc3c2CNC3=O)cc1)Nc1cccc(F)c1,6.28399658203125,7.047925774892172,0.8673740786894796,0.6923076923076923,0.763929192860922
rf,11211,O=C(Nc1ccccc1)Nc1ccc(-c2cccc3c2CNC3=O)cc1,5.744727611541748,5.4205195050239565,1.0774045611846248,0.7674418604651163,0.32420810651779153
rf,563,CC(C)(C)c1ccc(NC(=O)c2cccc(N3CCc4nc(N)ncc4C3)c2)cc1,7.387216091156006,5.801235029697418,0.777526875280482,0.704225352112676,1.5859810614585879
rf,828,CC(C)c1ccc(NC(=O)c2cccc(N3CCc4nc(N)ncc4C3)c2)cc1,7.371280670166016,5.428289587020874,0.5399101141872038,0.7538461538461538,1.9429910831451416
rf,861,CC(C)c1cccc(NC(=O)c2cccc(N3CCc4nc(N)ncc4C3)c2)c1,7.799299716949463,5.659211567878723,0.7283459531594056,0.8524590163934426,2.14008814907074
rf,1314,CCCc1ccc(NC(=O)c2cccc(N3CCc4nc(N)ncc4C3)c2)cc1,7.173925399780273,5.651888566970825,0.6784227854599064,0.7014925373134329,1.522036832809448
rf,2026,CCc1ccc(NC(=O)c2cccc(N3CCc4nc(N)ncc4C3)c2)cc1,6.838632106781006,5.6970156517028805,0.6976076858559203,0.704225352112676,1.1416164550781254
rf,2049,CCc1cccc(NC(=O)c2cccc(N3CCc4nc(N)ncc4C3)c2)c1,7.6575775146484375,5.664314385414124,0.6509079860456042,0.6865671641791045,1.9932631292343137
rf,6513,COc1cccc(NC(=O)c2cccc(N3CCc4nc(N)ncc4C3)c2)c1,6.991399765014648,5.650327411651611,0.6506981431771297,0.6944444444444444,1.341072353363037
rf,6731,CSc1ncc2c(n1)CCN(c1cc(C(=O)Nc3cccc(C(C)C)c3)ccc1C)C2,7.508638381958008,5.050175771713257,0.34423879125192086,0.7605633802816901,2.4584626102447507
rf,6733,CSc1ncc2c(n1)CCN(c1cc(C(=O)Nc3cccc(C(F)(F)F)c3)ccc1C)C2,7.622825622558594,5.052327421188354,0.3482327681319017,0.7638888888888888,2.5704982013702393
rf,6736,CSc1ncc2c(n1)CCN(c1cc(C)cc(C(=O)Nc3cccc(C(C)C)c3)c1)C2,6.0,5.1189542570114135,0.43524087454710697,0.8115942028985508,0.8810457429885865
rf,6737,CSc1ncc2c(n1)CCN(c1cc(C)cc(C(=O)Nc3cccc(C(F)(F)F)c3)c1)C2,6.0,5.120320383071899,0.39374015238369797,0.7397260273972602,0.8796796169281009
rf,6740,CSc1ncc2c(n1)CCN(c1cccc(C(=O)Nc3cccc(C(F)(F)F)c3)c1)C2,6.116906642913818,5.261763919830322,0.501986781123371,0.7971014492753623,0.855142723083496
rf,7078,Cc1cc(C(=O)Nc2cccc(C(C)C)c2)cc(N2CCc3nc(CS)ncc3C2)c1,6.0,5.097178022384644,0.4112016135828164,0.8142857142857143,0.9028219776153561
rf,7079,Cc1cc(C(=O)Nc2cccc(C(C)C)c2)cc(N2CCc3nc(N)ncc3C2)c1,7.7695512771606445,5.64908609867096,0.7951222599554845,0.8059701492537313,2.1204651784896846
rf,7080,Cc1cc(C(=O)Nc2cccc(C(C)C)c2)cc(N2CCc3ncncc3C2)c1,6.798603057861328,5.31878331375122,0.7384757030549994,0.6301369863013698,1.4798197441101077
rf,7081,Cc1cc(C(=O)Nc2cccc(C(F)(F)F)c2)cc(N2CCc3nc(CS)ncc3C2)c1,6.0,5.101097111701965,0.3896151498969214,0.8028169014084507,0.8989028882980348
rf,7082,Cc1cc(C(=O)Nc2cccc(C(F)(F)F)c2)cc(N2CCc3nc(N)ncc3C2)c1,7.568636417388916,5.574993271827697,0.6200185492782678,0.803030303030303,1.9936431455612187
rf,7083,Cc1cc(C(=O)Nc2cccc(C(F)(F)F)c2)cc(N2CCc3ncncc3C2)c1,6.195179462432861,5.289519916534424,0.6979582237905387,0.6216216216216216,0.9056595458984376
rf,7621,Cc1ccc(C(=O)Nc2cccc(C(C)C)c2)cc1N1CCc2nc(CS)ncc2C1,7.508638381958008,5.049528071403503,0.33835965384559624,0.7638888888888888,2.4591103105545047
rf,7622,Cc1ccc(C(=O)Nc2cccc(C(C)C)c2)cc1N1CCc2nc(N)ncc2C1,7.853871822357178,5.04525766658783,0.3095905779342073,0.7536231884057971,2.808614155769348
rf,7623,Cc1ccc(C(=O)Nc2cccc(C(C)C)c2)cc1N1CCc2ncncc2C1,7.958607196807861,5.205828309059143,0.6762483807670089,0.5694444444444444,2.7527788877487183
rf,7637,Cc1ccc(C(=O)Nc2cccc(C(F)(F)F)c2)cc1N1CCc2nc(CS)ncc2C1,7.148741722106934,5.0516847448349,0.34192546962560605,0.7534246575342466,2.0970569772720333
rf,7638,Cc1ccc(C(=O)Nc2cccc(C(F)(F)F)c2)cc1N1CCc2nc(N)ncc2C1,8.09691047668457,5.04734496974945,0.29257126355562446,0.7761194029850746,3.04956550693512
rf,7639,Cc1ccc(C(=O)Nc2cccc(C(F)(F)F)c2)cc1N1CCc2ncncc2C1,6.982966423034668,5.175411861419677,0.6257466456530055,0.581081081081081,1.8075545616149906
rf,7987,Cc1ccc(NC(=O)c2cccc(N3CCc4nc(N)ncc4C3)c2)cc1,6.10623836517334,5.52199027299881,0.5715273883080073,0.7352941176470589,0.5842480921745299
rf,8463,Cc1cccc(NC(=O)c2cccc(N3CCc4nc(N)ncc4C3)c2)c1,6.9430952072143555,5.6386332702636714,0.614118720810827,0.7777777777777778,1.304461936950684
rf,10065,Nc1ncc2c(n1)CCN(c1cccc(C(=O)Nc3ccc(F)c(C(F)(F)F)c3)c1)C2,7.568636417388916,5.752972569465637,0.6261180095114682,0.6619718309859155,1.815663847923279
rf,10066,Nc1ncc2c(n1)CCN(c1cccc(C(=O)Nc3cccc(C(F)(F)F)c3)c1)C2,7.821032524108887,5.6956949129104615,0.5085436832210432,0.8548387096774194,2.1253376111984252
rf,10068,Nc1ncc2c(n1)CCN(c1cccc(C(=O)Nc3ccccc3)c1)C2,5.525783538818359,5.351555198669433,0.4544287067842317,0.8,0.1742283401489262
rf,11129,O=C(Nc1cccc(C(F)(F)F)c1)c1cccc(N2CCc3nc(CS)ncc3C2)c1,6.116906642913818,5.268527329444885,0.502654568416821,0.8507462686567164,0.848379313468933
rf,11131,O=C(Nc1cccc(C(F)(F)F)c1)c1cccc(N2CCc3ncncc3C2)c1,7.721246242523193,5.473560443878174,0.7606700630827569,0.6818181818181818,2.247685798645019
rf,24,C#Cc1cccc(Nc2nc(C)nc3oc(C)cc23)c1,7.117475509643555,6.676677690029145,0.9765136172348837,0.5714285714285714,0.44079781961441
rf,1205,CCCCN(c1ccc(OC)cc1)c1nc(C)nc2oc(C)cc12,7.463441371917725,7.222217877864837,1.0488276654586322,0.46153846153846156,0.24122349405288723
rf,1259,CCCN(c1ccc(OC)cc1)c1nc(C)nc2oc(C)cc12,8.070581436157227,7.274215342044831,1.0011928247123656,0.47619047619047616,0.796366094112396
rf,1260,CCCN(c1ccc(OC)cc1)c1ncnc2occ(C)c12,7.92081880569458,6.252745102882386,1.1455182558255983,0.41818181818181815,1.668073702812194
rf,1506,CCN(c1ccc(OC)cc1)c1nc(C)nc2oc(C)cc12,7.97469425201416,7.238515338897705,0.9496025030330968,0.4918032786885246,0.7361789131164551
rf,1507,CCN(c1ccc(OC)cc1)c1ncnc2occ(C)c12,7.171985149383545,6.283303663094839,1.124427971367761,0.4339622641509434,0.8886814862887062
rf,1882,CCOc1ccc(N(C)c2nc(C)nc3oc(C)cc23)cc1,6.916676998138428,7.3848793506622314,1.0275897396471019,0.5686274509803921,0.4682023525238037
rf,2023,CCc1ccc(N(C)c2ncnc3occ(C)c23)cc1,8.107905387878418,6.3030246335665385,1.1563500029444325,0.2857142857142857,1.8048807543118794
rf,3022,CNc1ccc(N(C)c2ncnc3occ(C)c23)cc1,7.896196365356445,6.232341517607371,1.0939909072815366,0.3125,1.6638548477490742
rf,3023,CNc1ccc(Nc2ncnc3occ(C)c23)cc1,6.698969841003418,5.425600039323172,1.0102283010027453,0.3114754098360656,1.2733698016802464
rf,3971,COc1cc(N(C)c2nc(C)nc3oc(C)cc23)cc(OC)c1OC,6.522878646850586,7.3935451778729755,0.961140590533207,0.5294117647058824,0.8706665310223896
rf,6162,COc1ccc(N(C)c2nc(C)nc3oc(C)cc23)c(OC)c1,7.490797519683838,6.968296115334828,0.9492678454721769,0.5333333333333333,0.5225014043490095
rf,6163,COc1ccc(N(C)c2nc(C)nc3oc(C)cc23)cc1,7.718966484069824,7.657683001518249,0.7190318639463933,0.6041666666666666,0.06128348255157512
rf,6164,COc1ccc(N(C)c2nc(C)nc3oc(C)cc23)cc1.Cl,7.694648742675781,7.648881799697876,0.7243251894078437,0.5918367346938775,0.04576694297790507
rf,6165,COc1ccc(N(C)c2nc(C)nc3oc(C)cc23)cc1OC,7.730486869812012,7.758930687904358,0.8375649639276547,0.6122448979591837,0.028443818092346085
rf,6168,COc1ccc(N(C)c2ncnc3occ(C)c23)cc1,8.031517028808594,6.194649137655894,1.0867034086809726,0.46938775510204084,1.8368678911526999
rf,6169,COc1ccc(N(c2nc(C)nc3oc(C)cc23)C(C)C)cc1,7.806875228881836,7.5147370686531065,0.841715205168013,0.5166666666666667,0.2921381602287294
rf,6170,COc1ccc(N(c2ncnc3occ(C)c23)C(C)C)cc1,7.630784034729004,6.1802027427355455,1.187944582930991,0.4339622641509434,1.4505812919934584
rf,6259,COc1ccc(Nc2nc(C)nc3oc(C)cc23)cc1,7.365522861480713,6.710605392297109,0.9760755815803628,0.5416666666666666,0.6549174691836042
rf,6290,COc1ccc(Nc2ncnc3occ(C)c23)cc1,7.419075012207031,5.433082925637564,1.0056038372790366,0.46938775510204084,1.9859920865694676
rf,6724,CSc1ccc(N(C)c2ncnc3occ(C)c23)cc1,7.866461277008057,6.217299439112345,1.1244810566988612,0.2857142857142857,1.6491618378957114
rf,8662,Cc1coc2ncnc(N(C)c3ccc(N(C)C)cc3)c12,7.806875228881836,6.202782594362895,1.1036668222718913,0.35714285714285715,1.604092634518941
rf,8663,Cc1coc2ncnc(N(C)c3ccc([N+](=O)[O-])cc3)c12,6.698969841003418,6.2995758062998455,1.1811373559081915,0.3283582089552239,0.3993940347035725
rf,8664,Cc1coc2ncnc(Nc3ccc(N(C)C)cc3)c12,6.698969841003418,6.234663013299307,1.2003655861844775,0.3333333333333333,0.46430682770411114
rf,8665,Cc1coc2ncnc(Nc3ccc([N+](=O)[O-])cc3)c12,6.698969841003418,5.584268717606863,1.155135472090669,0.390625,1.1147011233965554
rf,8734,Cc1nc(N(C)c2ccc(OC(C)C)cc2)c2cc(C)oc2n1,7.414539337158203,7.605998377799988,0.8785875044921021,0.5686274509803921,0.1914590406417851
rf,8779,Cc1nc(Nc2ccc(C(F)(F)F)cc2)c2cc(C)oc2n1,7.179141998291016,6.712249386628469,0.9634986737416138,0.5306122448979592,0.4668926116625469
rf,8780,Cc1nc(Nc2ccc(Cl)cc2)c2cc(C)oc2n1,7.15366268157959,6.543274742921193,1.0505973005091154,0.5652173913043478,0.6103879386583966
rf,8781,Cc1nc(Nc2ccc(F)c(Cl)c2)c2cc(C)oc2n1,7.235076904296875,6.46934332259496,1.0785707021088813,0.5098039215686274,0.7657335817019151
rf,8785,Cc1nc(Nc2ccccc2)c2cc(C)oc2n1,7.298431873321533,6.735239461898804,0.9775962831163063,0.6666666666666666,0.5631924114227296
rf,414,CC(=O)c1ccc2c(c1)c1c3c(c4c(c1n2CCCO)Cc1ccccc1-4)C(=O)NC3,6.728158473968506,7.487746046829224,1.0683777820590061,0.5063291139240507,0.7595875728607178
rf,511,CC(C)(C)OCc1ccc2c(c1)c1c3c(c4c(c1n2CCCO)Cc1ccccc1-4)C(=O)NC3,7.958607196807861,6.510630681451162,1.3174449680247406,0.4939759036144578,1.4479765153566992
rf,708,CC(C)CCOCc1ccc2c(c1)c1c3c(c4c(c1n2CCCO)Cc1ccccc1-4)C(=O)NC3,6.559091091156006,6.484990256563822,1.3239697720626615,0.48863636363636365,0.07410083459218342
rf,766,CC(C)OC(C)c1ccc2c(c1)c1c3c(c4c(c1n2CCCO)Cc1ccccc1-4)C(=O)NC3,6.386157989501953,6.584001014089584,1.311229026906488,0.5301204819277109,0.19784302458763126
rf,768,CC(C)OCc1ccc2[nH]c3c4c(c5c(c3c2c1)CNC5=O)-c1ccccc1C4,7.259637355804443,5.77776598200798,1.1756556062515064,0.5396825396825397,1.481871373796463
rf,769,CC(C)OCc1ccc2c(c1)c1c3c(c4c(c1n2CCCCC(=O)N(C)C)Cc1ccccc1-4)C(=O)NC3,7.744727611541748,6.510265286525091,1.3155279475827855,0.4777777777777778,1.2344623250166569
rf,770,CC(C)OCc1ccc2c(c1)c1c3c(c4c(c1n2CCCO)Cc1ccccc1-4)C(=O)NC3,8.09691047668457,6.510734260018666,1.2842636783220793,0.5301204819277109,1.586176216665904
rf,771,CC(C)OCc1ccc2c(c1)c1c3c(c4c(c1n2CCCOC(=O)CN(C)C)Cc1ccccc1-4)C(=O)NC3,7.770303726196289,6.523040724595387,1.3113636645527316,0.46236559139784944,1.2472630016009019
rf,785,CC(C)SCc1ccc2c(c1)c1c3c(c4c(c1n2CCCO)Cc1ccccc1-4)C(=O)NC3,7.2441253662109375,6.9996468443075806,1.2614543572908752,0.49411764705882355,0.24447852190335695
rf,787,CC(C)[S+]([O-])Cc1ccc2c(c1)c1c3c(c4c(c1n2CCCO)Cc1ccccc1-4)C(=O)NC3,6.5100417137146,6.547639434274037,1.3156210815785332,0.4827586206896552,0.037597720559437775
rf,1046,CC(O)c1ccc2c(c1)c1c3c(c4c(c1n2CCCO)Cc1ccccc1-4)C(=O)NC3,6.954677104949951,6.544713735993703,1.3242430426358773,0.5185185185185185,0.4099633689562481
rf,1149,CCC(C)OCc1ccc2c(c1)c1c3c(c4c(c1n2CCCO)Cc1ccccc1-4)C(=O)NC3,7.92081880569458,6.533287910874685,1.3039899198854215,0.4942528735632184,1.3875308948198954
rf,1160,CCC(CC)OCc1ccc2c(c1)c1c3c(c4c(c1n2CCCO)Cc1ccccc1-4)C(=O)NC3,7.455932140350342,6.55362373679479,1.3240028464768636,0.4827586206896552,0.9023084035555522
rf,1232,CCCCOC(C)c1ccc2c(c1)c1c3c(c4c(c1n2CCCO)Cc1ccccc1-4)C(=O)NC3,6.886056423187256,6.612280256207784,1.3756755236047142,0.5057471264367817,0.2737761669794718
rf,1233,CCCCOCc1ccc2c(c1)c1c3c(c4c(c1n2CCCO)Cc1ccccc1-4)C(=O)NC3,7.744727611541748,6.486061033185323,1.3679500805694202,0.5,1.2586665783564248
rf,1292,CCCOCc1ccc2c(c1)c1c3c(c4c(c1n2CCCO)Cc1ccccc1-4)C(=O)NC3,7.886056423187256,6.517368786271414,1.337546889855845,0.4880952380952381,1.3686876369158423
rf,1819,CCOC(C)c1ccc2c(c1)c1c3c(c4c(c1n2CCCO)Cc1ccccc1-4)C(=O)NC3,7.0809221267700195,6.657392575677236,1.3136446475394217,0.5058823529411764,0.42352955109278323
rf,1829,CCOCc1ccc2c(c1)c1c3c(c4c(c1n2CCCO)Cc1ccccc1-4)C(=O)NC3,8.397939682006836,6.5530084618886315,1.3077543286694358,0.5,1.8449312201182044
rf,1957,CCSCc1ccc2c(c1)c1c3c(c4c(c1n2CCCO)Cc1ccccc1-4)C(=O)NC3,7.677780628204346,7.061828440507253,1.2625735531836453,0.4819277108433735,0.6159521876970926
rf,1960,CC[C@@H](C)OCc1ccc2c(c1)c1c3c(c4c(c1n2CCCO)Cc1ccccc1-4)C(=O)NC3,7.92081880569458,6.533287910874685,1.3039899198854215,0.4942528735632184,1.3875308948198954
rf,1964,CC[C@H](C)OCc1ccc2c(c1)c1c3c(c4c(c1n2CCCO)Cc1ccccc1-4)C(=O)NC3,7.721246242523193,6.533287910874685,1.3039899198854215,0.4942528735632184,1.1879583316485087
rf,3433,COC(C)c1ccc2c(c1)c1c3c(c4c(c1n2CCCO)Cc1ccccc1-4)C(=O)NC3,7.136677265167236,6.570930204423268,1.2667733764520823,0.5185185185185185,0.5657470607439681
rf,3715,COCc1ccc2c(c1)c1c3c(c4c(c1n2CCCO)Cc1ccccc1-4)C(=O)NC3,7.7695512771606445,6.543069830354055,1.3129732735556092,0.5316455696202531,1.2264814468065897
rf,8155,Cc1ccc2c(c1)c1c3c(c4c(c1n2CCCO)Cc1ccccc1-4)C(=O)NC3,6.787812232971191,6.582798096402486,1.3184090374149324,0.5263157894736842,0.20501413656870504
rf,11425,O=C1NCc2c1c1c(c3[nH]c4ccccc4c23)Cc2ccccc2-1,6.958607196807861,6.169261280473074,0.8579755279418436,0.8222222222222222,0.7893459163347876
rf,11426,O=C1NCc2c1c1c(c3c2c2cc(Br)ccc2n3CCCO)Cc2ccccc2-1,6.982966423034668,6.619652663008372,1.3194489577981858,0.5064935064935064,0.3633137600262959
rf,11427,O=C1NCc2c1c1c(c3c2c2cc(CO)ccc2n3CCCO)Cc2ccccc2-1,6.681936740875244,6.57600161450704,1.3140347042045508,0.5064935064935064,0.10593512636820446
rf,11428,O=C1NCc2c1c1c(c3c2c2ccccc2n3CCCO)Cc2ccccc2-1,7.318758964538574,6.10803647567431,1.2106053358905067,0.5942028985507246,1.2107224888642643
rf,11429,O=C1NCc2c1c1c(c3c2c2ccccc2n3CCO)Cc2ccccc2-1,6.970616340637207,6.0537771481037135,1.1974796676280957,0.6615384615384615,0.9168391925334936
rf,11529,O=Cc1ccc2c(c1)c1c3c(c4c(c1n2CCCO)Cc1ccccc1-4)C(=O)NC3,6.978810787200928,6.557587873872121,1.3494377713452461,0.4936708860759494,0.42122291332880657
rf,3181,COC(=O)CCCCCNC(=O)c1cnc(N)c(-c2cc3cc(NC(=O)Nc4cccc(C)c4)ccc3s2)c1,6.879426002502441,7.190956192970276,0.6923443226200497,0.6103896103896104,0.3115301904678347
rf,3200,COC(=O)CCCC[S@](C)(=O)=NC(=O)c1cnc(N)c(-c2cc3cc(NC(=O)Nc4cc(C)ccc4F)ccc3s2)c1,8.522878646850586,7.324014470100403,0.4568240282098723,0.6521739130434783,1.1988641767501829
rf,3201,COC(=O)CCCC[S@](C)(=O)=NC(=O)c1cnc(N)c(-c2cc3cc(NC(=O)Nc4ccc(F)c(Cl)c4)ccc3s2)c1,8.397939682006836,7.25430415058136,0.520768574528255,0.5764705882352941,1.1436355314254758
rf,3202,COC(=O)CCCC[S@](C)(=O)=NC(=O)c1cnc(N)c(-c2cc3cc(NC(=O)Nc4cccc(C)c4)ccc3s2)c1,8.301030158996582,7.512475001335144,0.5864350879016074,0.6588235294117647,0.7885551576614382
rf,3204,COC(=O)CCCNC(=O)c1cnc(N)c(-c2cc3cc(NC(=O)Nc4cccc(C)c4)ccc3s2)c1,6.9281182289123535,7.18152187538147,0.663423645712996,0.6266666666666667,0.25340364646911606
rf,3402,COC(=O)c1cnc(N)c(-c2cc3cc(NC(=O)Nc4cc(C(F)(F)F)ccc4F)ccc3s2)c1,7.960409164428711,6.926732089996338,0.8736563638084388,0.7857142857142857,1.033677074432373
rf,3403,COC(=O)c1cnc(N)c(-c2cc3cc(NC(=O)Nc4cc(C)ccc4F)ccc3s2)c1,7.7695512771606445,7.044539812088012,0.6041027808948651,0.7761194029850746,0.7250114650726323
rf,3404,COC(=O)c1cnc(N)c(-c2cc3cc(NC(=O)Nc4ccc(C)cc4)ccc3s2)c1,7.346787452697754,6.928299199104309,0.618013263590045,0.7419354838709677,0.4184882535934449
rf,3405,COC(=O)c1cnc(N)c(-c2cc3cc(NC(=O)Nc4ccc(Cl)c(C(F)(F)F)c4)ccc3s2)c1,7.585348129272461,7.012585458755493,0.7397674164392154,0.6891891891891891,0.5727626705169682
rf,3406,COC(=O)c1cnc(N)c(-c2cc3cc(NC(=O)Nc4ccc(F)c(Cl)c4)ccc3s2)c1,7.63140344619751,6.875437154769897,0.6419172201353932,0.8412698412698413,0.7559662914276126
rf,3407,COC(=O)c1cnc(N)c(-c2cc3cc(NC(=O)Nc4ccc(F)cc4F)ccc3s2)c1,8.045757293701172,6.872379011154175,0.7832124905392307,0.6619718309859155,1.173378282546997
rf,3408,COC(=O)c1cnc(N)c(-c2cc3cc(NC(=O)Nc4cccc(C(F)(F)F)c4)ccc3s2)c1,8.056755065917969,7.176898139953614,0.82989039199714,0.7285714285714285,0.8798569259643552
rf,3409,COC(=O)c1cnc(N)c(-c2cc3cc(NC(=O)Nc4cccc(C)c4)ccc3s2)c1,7.698969841003418,7.131566107749939,0.6542848561564542,0.819672131147541,0.5674037332534789
rf,3410,COC(=O)c1cnc(N)c(-c2cc3cc(NC(=O)Nc4ccccc4)ccc3s2)c1,6.863279342651367,6.655750848929087,0.6167184667157577,0.8245614035087719,0.20752849372227988
rf,3411,COC(=O)c1cnc(N)c(-c2cc3cc(NC(=O)Nc4ccccc4F)ccc3s2)c1,7.091515064239502,6.734045088926951,0.6206580004940704,0.71875,0.35746997531255076
rf,6705,CS(C)(=O)=NC(=O)c1cnc(N)c(-c2cc3cc(NC(=O)Nc4cc(C(F)(F)F)ccc4F)ccc3s2)c1,8.221848487854004,7.227558612823486,0.5515861333287845,0.7972972972972973,0.9942898750305176
rf,6706,CS(C)(=O)=NC(=O)c1cnc(N)c(-c2cc3cc(NC(=O)Nc4ccc(Cl)c(C(F)(F)F)c4)ccc3s2)c1,8.090228080749512,7.432830476760865,0.3373248571887169,0.8571428571428571,0.6573976039886471
rf,6707,CS(C)(=O)=NC(=O)c1cnc(N)c(-c2cc3cc(NC(=O)Nc4ccc(F)c(Cl)c4)ccc3s2)c1,8.146214485168457,7.332839007377625,0.3851482113289306,0.7222222222222222,0.8133754777908324
rf,6708,CS(C)(=O)=NC(=O)c1cnc(N)c(-c2cc3cc(NC(=O)Nc4ccccc4)ccc3s2)c1,7.272120952606201,7.239042000770569,0.6243636894789424,0.8360655737704918,0.03307895183563225
rf,6713,CS(C)(=O)=NC(=O)c1cncc(-c2cc3cc(NC(=O)Nc4cc(C(F)(F)F)ccc4F)ccc3s2)c1,8.154901504516602,7.182236320495606,0.8423961046811123,0.5853658536585366,0.9726651840209959
rf,6714,CS(C)(=O)=NC(=O)c1cncc(-c2cc3cc(NC(=O)Nc4ccc(Cl)c(C(F)(F)F)c4)ccc3s2)c1,7.853871822357178,7.383766098022461,0.8191302743583196,0.6282051282051282,0.47010572433471687
rf,7844,Cc1ccc(F)c(NC(=O)Nc2ccc3sc(-c4cc(C(=O)N=S(C)(C)=O)cnc4N)cc3c2)c1,8.09691047668457,7.3961281490325925,0.3126445499573184,0.8,0.7007823276519778
rf,7845,Cc1ccc(F)c(NC(=O)Nc2ccc3sc(-c4cc(C(=O)O)cnc4N)cc3c2)c1,7.4202165603637695,7.14980872631073,0.6634492513958579,0.7083333333333334,0.2704078340530396
rf,8434,Cc1cccc(NC(=O)Nc2ccc3sc(-c4cc(B(O)O)cnc4N)cc3c2)c1,7.031517028808594,7.250958193778992,0.580570425467837,0.6764705882352942,0.219441164970398
rf,8436,Cc1cccc(NC(=O)Nc2ccc3sc(-c4cc(C(=O)N=S(=O)(CCCO)CCCO)cnc4N)cc3c2)c1,8.09691047668457,7.548623516082763,0.5556266702111422,0.6710526315789473,0.548286960601807
rf,8437,Cc1cccc(NC(=O)Nc2ccc3sc(-c4cc(C(=O)N=S(C)(C)=O)cnc4N)cc3c2)c1,7.897940158843994,7.494602194786072,0.4763765282710585,0.8307692307692308,0.403337964057922
rf,8438,Cc1cccc(NC(=O)Nc2ccc3sc(-c4cc(C(=O)O)cnc4N)cc3c2)c1,6.92081880569458,7.140771509170532,0.6570798079932476,0.6865671641791045,0.2199527034759523
rf,8439,Cc1cccc(NC(=O)Nc2ccc3sc(-c4cc(C(N)=O)cnc4N)cc3c2)c1,7.455932140350342,7.220894948959351,0.6240599768618348,0.6865671641791045,0.23503719139099122
rf,10048,Nc1ncc(B(O)O)cc1-c1cc2cc(NC(=O)Nc3ccccc3)ccc2s1,6.422508239746094,6.684759368419647,0.6883645646732058,0.5692307692307692,0.2622511286735536
rf,10055,Nc1ncc(C(=O)O)cc1-c1cc2cc(NC(=O)Nc3ccc(F)c(Cl)c3)ccc2s1,7.387216091156006,7.00809466457367,0.7029243774003819,0.6865671641791045,0.37912142658233616
rf,874,CC(C)c1cnc(N)nc1-c1ccn2c(-c3cccc(NC(=O)NCC(F)(F)F)c3)cnc2c1,7.853871822357178,6.309950043201447,0.8207050473666949,0.7183098591549296,1.5439217791557311
rf,2261,CN(C)c1cc(-c2ccn3c(-c4cccc(NC(=O)NCC(F)(F)F)c4)cnc3c2)nc(C(F)(F)F)n1,6.552842140197754,6.88987578201294,0.4714044628282866,0.7638888888888888,0.3370336418151858
rf,2989,CNc1cc(-c2ccn3c(-c4cccc(NC(=O)NCC(F)(F)F)c4)cnc3c2)nc(SC)n1,7.6575775146484375,6.969390402793884,0.5175343425180476,0.7397260273972602,0.6881871118545533
rf,2990,CNc1cc(-c2ccn3c(-c4cccc(NC(=O)NCC(F)(F)F)c4)cnc3c2)ncn1,7.431798458099365,6.9138562107086186,0.5276379476092855,0.7941176470588235,0.5179422473907467
rf,3708,COCc1cc(-c2ccn3c(-c4cccc(NC(=O)NCC(F)(F)F)c4)cnc3c2)nc(N)n1,6.233623027801514,5.9269515765508025,1.5808559925332686,0.7123287671232876,0.30667145125071116
rf,3795,COc1cc(-c2ccn3c(-c4cccc(NC(=O)NCC(F)(F)F)c4)cnc3c2)ncn1,6.823908805847168,6.807224279403687,0.4457679880133767,0.835820895522388,0.016684526443481396
rf,3978,COc1cc(NC(=O)NCC(F)(F)F)cc(-c2cnc3cc(-c4ccnc(C(F)(F)F)n4)ccn23)c1,6.019542217254639,6.294810607115428,1.1542826353331452,0.6363636363636364,0.2752683898607895
rf,6597,COc1cnc(Cl)nc1-c1ccn2c(-c3cccc(NC(=O)NCC(F)(F)F)c3)cnc2c1,6.0087738037109375,6.539964249610901,0.5750573088918145,0.7027027027027027,0.5311904458999637
rf,6603,COc1cncnc1-c1ccn2c(-c3cccc(NC(=O)NCC(F)(F)F)c3)cnc2c1,6.341988563537598,6.406876836776734,0.6098627039359421,0.746268656716418,0.06488827323913604
rf,6616,COc1nccc(-c2ccn3c(-c4cccc(NC(=O)NCC(F)(F)F)c4)cnc3c2)n1,6.454692840576172,6.6033530626297,0.8184882097231123,0.7971014492753623,0.14866022205352802
rf,6728,CSc1nc(N)cc(-c2ccn3c(-c4cccc(NC(=O)NCC(F)(F)F)c4)cnc3c2)n1,7.229147911071777,6.9889868469238285,0.45220519108048857,0.7571428571428571,0.2401610641479488
rf,7026,Cc1cc(-c2ccn3c(-c4cccc(NC(=O)NCC(F)(F)F)c4)cnc3c2)nc(C(C)C)n1,7.0809221267700195,6.84239992427826,0.42918590567761356,0.8088235294117647,0.23852220249175993
rf,7027,Cc1cc(-c2ccn3c(-c4cccc(NC(=O)NCC(F)(F)F)c4)cnc3c2)nc(C(F)(F)F)n1,6.79587984085083,6.848122111320496,0.5032801744017663,0.8333333333333334,0.0522422704696659
rf,8648,Cc1cnc(N)nc1-c1ccn2c(-c3cccc(NC(=O)NCC(F)(F)F)c3)cnc2c1,6.407823085784912,6.475419688224792,0.5925824698341224,0.7536231884057971,0.0675966024398802
rf,8721,Cc1nc(-c2ccn3c(-c4cccc(NC(=O)NCC(F)(F)F)c4)cnc3c2)cc(N(C)C)n1,6.568636417388916,6.788969966888428,0.4392497950801947,0.7746478873239436,0.22033354949951178
rf,8741,Cc1nc(N)cc(-c2ccn3c(-c4cccc(NC(=O)NCC(F)(F)F)c4)cnc3c2)n1,7.376750946044922,6.852400252342224,0.5135103468382373,0.7910447761194029,0.524350693702698
rf,8820,Cc1nccc(-c2ccn3c(-c4cccc(NC(=O)NCC(F)(F)F)c4)cnc3c2)n1,7.110698223114014,6.62649331665039,0.8165798759826626,0.8153846153846154,0.48420490646362335
rf,9490,N#CCc1cc(NC(=O)NCC(F)(F)F)cc(-c2cnc3cc(-c4ccnc(C(F)(F)F)n4)ccn23)c1,5.522878646850586,6.445397382259369,1.0540190715331978,0.5714285714285714,0.9225187354087829
rf,9526,N#Cc1cc(NC(=O)NCC(F)(F)F)cc(-c2cnc3cc(-c4ccnc(C(F)(F)F)n4)ccn23)c1,7.036211967468262,6.411526755332947,1.0927039941521153,0.6075949367088608,0.624685212135315
rf,10056,Nc1ncc(C(F)(F)F)c(-c2ccn3c(-c4cccc(NC(=O)NCC(F)(F)F)c4)cnc3c2)n1,5.0,6.2722916073799135,0.9332020503480016,0.782608695652174,1.2722916073799135
rf,10520,O=C(NCC(F)(F)F)Nc1cc(-c2cnc3cc(-c4ccnc(C(F)(F)F)n4)ccn23)cc(C(F)(F)F)c1,5.886056423187256,6.426837930202484,1.025563251312177,0.6153846153846154,0.540781507015228
rf,10522,O=C(NCC(F)(F)F)Nc1cc(Br)cc(-c2cnc3cc(-c4ccnc(C(F)(F)F)n4)ccn23)c1,6.301030158996582,6.4756898574829105,1.055390720496199,0.625,0.17465969848632845
rf,10523,O=C(NCC(F)(F)F)Nc1cc(CO)cc(-c2cnc3cc(-c4ccnc(C(F)(F)F)n4)ccn23)c1,6.3565473556518555,6.404788007736206,1.0616903721352549,0.6266666666666667,0.0482406520843508
rf,10524,O=C(NCC(F)(F)F)Nc1cc(Cl)cc(-c2cnc3cc(-c4ccnc(C(F)(F)F)n4)ccn23)c1,6.568636417388916,6.253126465320587,1.104359559896372,0.6282051282051282,0.31550995206832866
rf,10526,O=C(NCC(F)(F)F)Nc1cc(F)cc(-c2cnc3cc(-c4ccnc(C(F)(F)F)n4)ccn23)c1,6.853871822357178,6.437498808860779,1.0685541473714484,0.6527777777777778,0.41637301349639877
rf,10528,O=C(NCC(F)(F)F)Nc1cc(O)cc(-c2cnc3cc(-c4ccnc(C(F)(F)F)n4)ccn23)c1,6.221848964691162,6.406754855155945,1.0510496202769313,0.6164383561643836,0.18490589046478245
rf,10531,O=C(NCC(F)(F)F)Nc1cccc(-c2cnc3cc(-c4cc(C(F)(F)F)ncn4)ccn23)c1,6.619788646697998,6.848477954864502,0.3977207404166984,0.746268656716418,0.228689308166504
rf,10553,O=C(NCC(F)(F)F)Nc1cccc(-c2cnc3cc(-c4ccnc(C(F)(F)F)n4)ccn23)c1,6.7695512771606445,6.6080147171020505,0.8343192028445298,0.7692307692307693,0.16153656005859407
rf,10555,O=C(NCC(F)(F)F)Nc1cccc(-c2cnc3cc(-c4ccncn4)ccn23)c1,7.222573280334473,6.564453281402588,0.9403736517126408,0.8095238095238095,0.6581199989318849
rf,643,CC(C)(C)n1nc(-c2ccc3cc(C(=O)NCC(F)(F)F)[nH]c3c2)c2c(N)ncnc21,3.823908805847168,4.63609476439158,0.41843934146230916,0.7681159420289855,0.8121859585444122
rf,644,CC(C)(C)n1nc(-c2ccc3cc(C(=O)NCC(F)F)[nH]c3c2)c2c(N)ncnc21,4.640164375305176,4.673967295328776,0.5191194228426027,0.7571428571428571,0.03380292002360008
rf,646,CC(C)(C)n1nc(-c2ccc3cc(C(=O)NCCF)[nH]c3c2)c2c(N)ncnc21,4.879426002502441,4.65833945051829,0.42236087345599155,0.7971014492753623,0.2210865519841514
rf,647,CC(C)(C)n1nc(-c2ccc3cc(C(=O)NCCO)[nH]c3c2)c2c(N)ncnc21,5.522878646850586,4.597745891571045,0.221524450551737,0.8088235294117647,0.9251327552795408
rf,662,CC(C)(C)n1nc(-c2ccc3cc(C(N)=O)[nH]c3c2)c2c(N)ncnc21,5.149353981018066,4.647250328063965,0.3874758415925143,0.746031746031746,0.5021036529541014
rf,714,CC(C)CNC(=O)c1cc2ccc(-c3nn(C(C)(C)C)c4ncnc(N)c34)cc2[nH]1,4.522878646850586,4.610442239284516,0.3755740972743452,0.7681159420289855,0.08756359243392975
rf,747,CC(C)NC(=O)c1cc2ccc(-c3nn(C(C)(C)C)c4ncnc(N)c34)cc2[nH]1,4.522878646850586,4.701205454349518,0.361290694295141,0.7692307692307693,0.17832680749893193
rf,962,CC(C)n1nc(-c2ccc3c(C=O)c[nH]c3c2)c2c(N)ncnc21,5.6575775146484375,5.2359539723396304,0.5578563381628112,0.6666666666666666,0.42162354230880705
rf,969,CC(C)n1nc(-c2ccc3cc(C(=O)NCCF)[nH]c3c2)c2c(N)ncnc21,4.93930196762085,4.90040866502126,0.4964248052807285,0.6944444444444444,0.038893302599589674
rf,973,CC(C)n1nc(-c2ccc3cc[nH]c3c2)c2c(N)ncnc21,6.327902317047119,6.707249931335449,0.8437143477105116,0.8367346938775511,0.37934761428832964
rf,1217,CCCCNC(=O)c1cc2ccc(-c3nn(C(C)(C)C)c4ncnc(N)c34)cc2[nH]1,4.262012481689453,4.635169753074646,0.3244248526378378,0.7857142857142857,0.3731572713851925
rf,1272,CCCNC(=O)c1cc2ccc(-c3nn(C(C)(C)C)c4ncnc(N)c34)cc2[nH]1,5.038578987121582,4.613481226921081,0.2532629569724579,0.8088235294117647,0.42509776020050083
rf,1638,CCNC(=O)c1cc2ccc(-c3nn(C(C)(C)C)c4ncnc(N)c34)cc2[nH]1,4.7931742668151855,4.54912460231781,0.1744499634092172,0.803030303030303,0.24404966449737575
rf,1832,CCONC(=O)c1cc2ccc(-c3nn(C(C)(C)C)c4ncnc(N)c34)cc2[nH]1,5.083546161651611,4.583884491920471,0.289255570274157,0.8088235294117647,0.49966166973114046
rf,1833,CCONC(=O)c1cc2ccc(-c3nn(C(C)C)c4ncnc(N)c34)cc2[nH]1,5.32975435256958,4.822689736366272,0.4185951265640364,0.704225352112676,0.5070646162033077
rf,2135,CCn1nc(-c2ccc3cc(C(=O)NC)[nH]c3c2)c2c(N)ncnc21,5.10623836517334,4.792737758954367,0.3075140303969263,0.71875,0.31350060621897313
rf,2678,CNC(=O)c1[nH]c2cc(-c3nn(C(C)(C)C)c4ncnc(N)c34)ccc2c1C,6.1348958015441895,4.784787061055502,0.5033227265617243,0.5753424657534246,1.3501087404886878
rf,2679,CNC(=O)c1[nH]c2cc(-c3nn(C(C)(C)C)c4ncnc(N)c34)ccc2c1Cl,5.467245578765869,4.821247911771139,0.54582489808683,0.6142857142857143,0.64599766699473
rf,2680,CNC(=O)c1[nH]c2cc(-c3nn(C(C)(C)C)c4ncnc(N)c34)ccc2c1F,4.79048490524292,4.905387437820434,0.6697179731541328,0.5675675675675675,0.11490253257751437
rf,2681,CNC(=O)c1[nH]c2cc(-c3nn(C(C)C)c4ncnc(N)c34)ccc2c1C,6.34103536605835,5.062938453674317,0.4694139307509608,0.6129032258064516,1.278096912384033
rf,2756,CNC(=O)c1cc2ccc(-c3nn(C(=O)OC(C)(C)C)c4ncnc(N)c34)cc2[nH]1,4.598599433898926,4.7119352226257325,0.430598368813173,0.75,0.11333578872680672
rf,2757,CNC(=O)c1cc2ccc(-c3nn(C(C)(C)C)c4ncnc(N)c34)cc2[nH]1,5.104025363922119,4.577313271522522,0.1583512413806216,0.7936507936507936,0.5267120923995972
rf,2758,CNC(=O)c1cc2ccc(-c3nn(C(C)C)c4ncnc(N)c34)cc2[nH]1,5.182434558868408,4.825025526046753,0.3062809499164712,0.7575757575757576,0.35740903282165526
rf,2763,CNC(=O)c1cc2ccc(-c3nn(CCCOC)c4ncnc(N)c34)cc2[nH]1,4.533132553100586,4.808741162618002,0.42425239212791405,0.6666666666666666,0.27560860951741617
rf,3512,COCCNC(=O)c1cc2ccc(-c3nn(C(C)(C)C)c4ncnc(N)c34)cc2[nH]1,4.381951808929443,4.63912828540802,0.3331436154465049,0.7857142857142857,0.2571764764785769
rf,3544,COCCONC(=O)c1cc2ccc(-c3nn(C(C)(C)C)c4ncnc(N)c34)cc2[nH]1,4.522878646850586,4.654935267448425,0.5871583028870382,0.7857142857142857,0.1320566205978393
rf,3747,CONC(=O)c1cc2ccc(-c3nn(C(C)(C)C)c4ncnc(N)c34)cc2[nH]1,5.33068323135376,4.59600606060028,0.28171518030939136,0.7692307692307693,0.7346771707534794
rf,9315,Cn1nc(-c2ccc3cc[nH]c3c2)c2c(N)ncnc21,4.958607196807861,6.27923086643219,0.8090735082396471,0.6792452830188679,1.3206236696243288
rf,7557,Cc1ccc(-n2cc(-c3ccc(/C=C4\C(=O)Nc5ccc(F)cc54)cc3)nn2)cc1,4.432973861694336,6.529698654651642,1.1336657601763493,0.423728813559322,2.096724792957306
rf,7558,Cc1ccc(-n2cc(-c3ccc(/C=C4\C(=O)Nc5ccccc54)cc3)nn2)cc1,6.078725337982178,6.004082769870758,0.966865445315761,0.48148148148148145,0.07464256811142
rf,8221,Cc1cccc(-n2cc(-c3ccc(/C=C4\C(=O)Nc5ccc(F)cc54)cc3)nn2)c1,4.049829959869385,6.497022469997406,1.1316610669779348,0.4262295081967213,2.447192510128021
rf,8222,Cc1cccc(-n2cc(-c3ccc(/C=C4\C(=O)Nc5ccccc54)cc3)nn2)c1,5.849984169006348,6.162833231767019,1.0193005229822292,0.45614035087719296,0.31284906276067126
rf,8505,Cc1ccccc1-n1cc(-c2ccc(/C=C3\C(=O)Nc4ccccc43)cc2)nn1,3.956244945526123,6.0191467590332035,0.9838914742748109,0.48148148148148145,2.0629018135070805
rf,8506,Cc1ccccc1-n1cc(-c2ccc(C=C3C(=O)Nc4ccc(F)cc43)cc2)nn1,4.145390510559082,6.542520222187043,1.0775138403977256,0.4576271186440678,2.3971297116279606
rf,9537,N#Cc1ccc(-n2cc(-c3ccc(C=C4C(=O)Nc5ccc(F)cc54)cc3)nn2)cc1,3.7210865020751953,6.454827995141347,1.0829364486645847,0.4032258064516129,2.7337414930661517
rf,9538,N#Cc1ccc(-n2cc(-c3ccc(C=C4C(=O)Nc5ccccc54)cc3)nn2)cc1,3.7473654747009277,5.885038319587707,0.9562941776190849,0.45614035087719296,2.1376728448867794
rf,9573,N#Cc1cccc(-n2cc(-c3ccc(/C=C4\C(=O)Nc5ccc(F)cc54)cc3)nn2)c1,3.7135210037231445,6.4104622839291885,1.0898362748419117,0.40625,2.696941280206044
rf,9574,N#Cc1cccc(-n2cc(-c3ccc(/C=C4\C(=O)Nc5ccccc54)cc3)nn2)c1,3.698970079421997,6.050049064000448,1.0045364575927331,0.43333333333333335,2.351078984578451
rf,9578,N#Cc1ccccc1-n1cc(-c2ccc(/C=C3\C(=O)Nc4ccccc43)cc2)nn1,3.7710354328155518,5.9568674802780155,0.9620803627733807,0.45614035087719296,2.1858320474624637
rf,9579,N#Cc1ccccc1-n1cc(-c2ccc(C=C3C(=O)Nc4ccc(F)cc43)cc2)nn1,3.7276012897491455,6.439218917210897,1.0690991489010055,0.43548387096774194,2.7116176274617514
rf,11469,O=C1Nc2ccc(F)cc2/C1=C/c1ccc(-c2cn(-c3ccc(Cl)c(C(F)(F)F)c3)nn2)cc1,3.7723960876464844,6.406879438241322,1.0825295991319388,0.4125,2.634483350594838
rf,11470,O=C1Nc2ccc(F)cc2/C1=C/c1ccc(-c2cn(-c3ccc(F)cc3)nn2)cc1,3.7155466079711914,6.441635044892629,1.0759543145109838,0.48148148148148145,2.7260884369214375
rf,11471,O=C1Nc2ccc(F)cc2/C1=C/c1ccc(-c2cn(-c3cccc(Cl)c3)nn2)cc1,3.7294609546661377,6.271247629006703,1.1346597290676943,0.43333333333333335,2.5417866743405657
rf,11472,O=C1Nc2ccc(F)cc2/C1=C/c1ccc(-c2cn(-c3cccc(F)c3)nn2)cc1,3.7666993141174316,6.379923434098561,1.0681568426521626,0.45614035087719296,2.6132241199811297
rf,11473,O=C1Nc2ccc(F)cc2/C1=C/c1ccc(-c2cn(-c3ccccc3Cl)nn2)cc1,3.921072244644165,6.575565744717916,1.1288421394215586,0.4576271186440678,2.654493500073751
rf,11474,O=C1Nc2ccc(F)cc2/C1=C/c1ccc(-c2cn(-c3ccccc3F)nn2)cc1,3.8554258346557617,6.386737109502156,1.04893960169708,0.47368421052631576,2.531311274846394
rf,11477,O=C1Nc2ccc(F)cc2C1=Cc1ccc(-c2cn(-c3ccc(Cl)cc3)nn2)cc1,3.7690913677215576,6.323589672883351,1.1130726076504625,0.423728813559322,2.5544983051617933
rf,11478,O=C1Nc2ccc(F)cc2C1=Cc1ccc(-c2cn(-c3ccccc3)nn2)cc1,4.00143575668335,6.419127725919087,1.0489534413133805,0.4909090909090909,2.4176919692357375
rf,11487,O=C1Nc2ccccc2/C1=C/c1ccc(-c2cn(-c3ccc(Cl)c(C(F)(F)F)c3)nn2)cc1,3.9651310443878174,6.0061796216964725,0.9633188460577364,0.48,2.041048577308655
rf,11488,O=C1Nc2ccccc2/C1=C/c1ccc(-c2cn(-c3ccc(Cl)cc3)nn2)cc1,3.7883188724517822,5.8243289022445675,0.9236418843884975,0.48148148148148145,2.0360100297927852
rf,11489,O=C1Nc2ccccc2/C1=C/c1ccc(-c2cn(-c3ccc(F)cc3)nn2)cc1,3.7021520137786865,5.841154677708944,0.963680123008333,0.6326530612244898,2.139002663930257
rf,11490,O=C1Nc2ccccc2/C1=C/c1ccc(-c2cn(-c3cccc(Cl)c3)nn2)cc1,3.698970079421997,5.930831621487936,0.9747104836911235,0.4642857142857143,2.231861542065939
rf,11491,O=C1Nc2ccccc2/C1=C/c1ccc(-c2cn(-c3cccc(F)c3)nn2)cc1,3.698970079421997,6.10353818734487,1.026560635439486,0.5370370370370371,2.4045681079228727
rf,11492,O=C1Nc2ccccc2/C1=C/c1ccc(-c2cn(-c3ccccc3)nn2)cc1,4.031003475189209,5.887802310943604,0.9210079358423273,0.52,1.856798835754395
rf,11493,O=C1Nc2ccccc2/C1=C/c1ccc(-c2cn(-c3ccccc3Cl)nn2)cc1,3.698970079421997,6.168691164970398,1.0742746386110331,0.48148148148148145,2.469721085548401
rf,11494,O=C1Nc2ccccc2/C1=C/c1ccc(-c2cn(-c3ccccc3F)nn2)cc1,3.9377188682556152,5.889290103912353,0.977279665958297,0.5384615384615384,1.951571235656738
gin,36,C#Cc1cccc(Nc2ncnc3cc(OC)c(OCCCCCCC(=O)NO)cc23)c1,6.071092128753662,5.915753985483339,0.1372703610080523,0.6666666666666666,0.15533814327032314
gin,37,C#Cc1cccc(Nc2ncnc3cc(OCCOC)c(OCCOC)cc23)c1,6.0,6.074690081664921,0.17125646963102323,0.5079365079365079,0.07469008166492141
gin,65,C=C(C)C(=O)Nc1cc2c(Nc3ccc(Br)cc3F)ncnc2cc1OCCNC(C)=O,5.0,6.179944732777856,0.19264301834648936,0.6455696202531646,1.179944732777856
gin,73,C=CC(=O)N(C)c1cc2c(Nc3ccc(Br)cc3F)ncnc2cc1OCCNC(C)=O,5.0,6.010769140612051,0.13886138460593173,0.6024096385542169,1.0107691406120507
gin,83,C=CC(=O)NCCOc1cc2ncnc(Nc3ccc(Br)cc3F)c2cc1NC(=O)C=C,6.602059841156006,6.305590719944121,0.05575516250923536,0.835820895522388,0.29646912121188507
gin,88,C=CC(=O)Nc1cc2c(Nc3c(F)cc(Br)cc3F)ncnc2cc1OCCNC(=O)CN(C)C,6.571865081787109,6.583970885894838,0.08695582884748759,0.6341463414634146,0.01210580410772888
gin,89,C=CC(=O)Nc1cc2c(Nc3c(F)cc(Br)cc3F)ncnc2cc1OCCNC(C)=O,6.896196365356445,6.513813342312282,0.06129261639045953,0.6710526315789473,0.38238302304416294
gin,90,C=CC(=O)Nc1cc2c(Nc3cc(C(=O)NOC)c(Br)cc3F)ncnc2cc1OCCNC(C)=O,6.121478080749512,6.204806277883203,0.08561218925882927,0.5977011494252874,0.08332819713369144
gin,91,C=CC(=O)Nc1cc2c(Nc3cc(Cl)c(Br)cc3F)ncnc2cc1OCCNC(=O)CN(C)C,6.10568380355835,6.530933824502778,0.07060673930798209,0.6046511627906976,0.42525002094442854
gin,92,C=CC(=O)Nc1cc2c(Nc3cc(Cl)c(Br)cc3F)ncnc2cc1OCCNC(C)=O,6.377786159515381,6.427078520245224,0.11077022199179196,0.6666666666666666,0.04929236072984278
gin,93,C=CC(=O)Nc1cc2c(Nc3cc(Cl)c(Br)cc3F)ncnc2cc1OCCNCC(C)=O,6.764471530914307,6.507422247797485,0.07579199797998895,0.5813953488372093,0.25704928311682185
gin,94,C=CC(=O)Nc1cc2c(Nc3cc(Cl)c(Cl)cc3Cl)ncnc2cc1OCCNC(C)=O,6.1029229164123535,6.374993292521462,0.16973160637963924,0.7611940298507462,0.27207037610910856
gin,95,C=CC(=O)Nc1cc2c(Nc3cc(Cl)c(Cl)cc3F)ncnc2cc1OCCN(C)C,6.067526340484619,6.56354037860444,0.12018846903153614,0.5526315789473685,0.4960140381198208
gin,96,C=CC(=O)Nc1cc2c(Nc3cc(Cl)c(Cl)cc3F)ncnc2cc1OCCNC(=O)CN(C)C,6.124360084533691,6.562438202519439,0.10591554191471368,0.5952380952380952,0.43807811798574736
gin,97,C=CC(=O)Nc1cc2c(Nc3cc(Cl)c(Cl)cc3F)ncnc2cc1OCCNC(=O)COC,6.08459997177124,6.56222478854124,0.06802997853830327,0.6024096385542169,0.4776248167699997
gin,98,C=CC(=O)Nc1cc2c(Nc3cc(Cl)c(Cl)cc3F)ncnc2cc1OCCNC(=O)CS(C)(=O)=O,6.182434558868408,6.438877738973243,0.15505180770027543,0.5882352941176471,0.256443180104835
gin,99,C=CC(=O)Nc1cc2c(Nc3cc(Cl)c(Cl)cc3F)ncnc2cc1OCCNC(C)=O,6.815308570861816,6.569417992594892,0.09230850831989496,0.704225352112676,0.2458905782669243
gin,100,C=CC(=O)Nc1cc2c(Nc3cc(Cl)c(Cl)cc3F)ncnc2cc1OCCNCC(C)=O,6.020451545715332,6.576676620832191,0.12067683356215762,0.5769230769230769,0.5562250751168589
gin,101,C=CC(=O)Nc1cc2c(Nc3cc(F)c(Br)cc3F)ncnc2cc1OCCNC(C)=O,6.106793403625488,6.160952918891738,0.06613626031250869,0.68,0.054159515266249514
gin,102,C=CC(=O)Nc1cc2c(Nc3cc(OC)c(Cl)cc3Cl)ncnc2cc1OCCNC(C)=O,5.0,6.017142796295592,0.18006785954628268,0.7183098591549296,1.017142796295592
gin,103,C=CC(=O)Nc1cc2c(Nc3cc(OC)c(Cl)cc3F)ncnc2cc1OCCNC(C)=O,6.44733190536499,6.226438605685398,0.038486033130400187,0.6666666666666666,0.22089329967959248
gin,104,C=CC(=O)Nc1cc2c(Nc3cc(OC)c(Cl)cc3OC)ncnc2cc1OCCNC(=O)CN(C)C,5.0,5.902029047694934,0.09417553590530538,0.575,0.902029047694934
gin,105,C=CC(=O)Nc1cc2c(Nc3cc(OC)c(Cl)cc3OC)ncnc2cc1OCCNC(C)=O,7.045757293701172,5.809554511610031,0.0630044764940967,0.704225352112676,1.2362027820911408
gin,106,C=CC(=O)Nc1cc2c(Nc3ccc(Br)c(Cl)c3)ncnc2cc1OCCNC(=O)CN(C)C,5.0,6.45984266872528,0.08901553405109296,0.6329113924050633,1.4598426687252797
gin,107,C=CC(=O)Nc1cc2c(Nc3ccc(Br)c(Cl)c3F)ncnc2cc1OCC(C)NC(=O)CN(C)C,6.16304349899292,6.4921112200529585,0.07519185114316017,0.5913978494623656,0.32906772106003856
gin,108,C=CC(=O)Nc1cc2c(Nc3ccc(Br)c(Cl)c3F)ncnc2cc1OCCNC(=O)CCCN(C)C,6.686132907867432,6.455708901858899,0.09528739632074268,0.7441860465116279,0.23042400600853252
gin,109,C=CC(=O)Nc1cc2c(Nc3ccc(Br)c(Cl)c3F)ncnc2cc1OCCNC(=O)CCN(CC)CC,7.267606258392334,6.377401732706407,0.14820639845933023,0.7441860465116279,0.8902045256859266
gin,111,C=CC(=O)Nc1cc2c(Nc3ccc(Br)c(Cl)c3F)ncnc2cc1OCCNC(=O)CCO,7.055517196655273,6.522586948079277,0.043021993747579076,0.8,0.5329302485759966
gin,112,C=CC(=O)Nc1cc2c(Nc3ccc(Br)c(Cl)c3F)ncnc2cc1OCCNC(=O)CCOC,6.555955410003662,6.460643272460735,0.08857216421227268,0.7804878048780488,0.09531213754292711
gin,113,C=CC(=O)Nc1cc2c(Nc3ccc(Br)c(Cl)c3F)ncnc2cc1OCCNC(=O)CN(C)C,7.06048059463501,6.491979009888412,0.06499275658867439,0.7380952380952381,0.5685015847465982
gin,114,C=CC(=O)Nc1cc2c(Nc3ccc(Br)c(Cl)c3F)ncnc2cc1OCCNC(=O)CN(CC)CC,6.5100417137146,6.3809862163029685,0.11016512378015972,0.7209302325581395,0.12905549741163114
gin,115,C=CC(=O)Nc1cc2c(Nc3ccc(Br)c(Cl)c3F)ncnc2cc1OCCNC(=O)CO,6.8326826095581055,6.526435753392026,0.04029714011975118,0.775,0.30624685616607916
gin,116,C=CC(=O)Nc1cc2c(Nc3ccc(Br)c(Cl)c3F)ncnc2cc1OCCNC(=O)COC,6.590066909790039,6.48149314756304,0.07843795421242275,0.7469879518072289,0.10857376222699866
gin,118,C=CC(=O)Nc1cc2c(Nc3ccc(Br)c(Cl)c3F)ncnc2cc1OCCNC(=O)NC(C)(C)C,6.373659610748291,6.320918904768747,0.3109607431421737,0.7142857142857143,0.05274070597954417
gin,119,C=CC(=O)Nc1cc2c(Nc3ccc(Br)c(Cl)c3F)ncnc2cc1OCCNC(=O)NCC,7.4202165603637695,6.511678546676212,0.07239522440839982,0.7317073170731707,0.9085380136875578
gin,120,C=CC(=O)Nc1cc2c(Nc3ccc(Br)c(Cl)c3F)ncnc2cc1OCCNC(=O)NCCC,6.892789840698242,6.47928601075245,0.07265460833020648,0.7407407407407407,0.4135038299457925
gin,121,C=CC(=O)Nc1cc2c(Nc3ccc(Br)c(Cl)c3F)ncnc2cc1OCCNC(=O)OC,7.102373123168945,6.480702697826182,0.07739515373552587,0.75,0.6216704253427636
gin,122,C=CC(=O)Nc1cc2c(Nc3ccc(Br)c(Cl)c3F)ncnc2cc1OCCNC(=S)NCC,6.723538398742676,6.513109992814652,0.06973595245198051,0.7142857142857143,0.21042840592802392
gin,123,C=CC(=O)Nc1cc2c(Nc3ccc(Br)c(Cl)c3F)ncnc2cc1OCCNC(C)=O,7.251811981201172,6.477434627038654,0.07306314183583694,0.759493670886076,0.7743773541625183
gin,124,C=CC(=O)Nc1cc2c(Nc3ccc(Br)c(Cl)c3F)ncnc2cc1OCCNCC(C)=O,6.97469425201416,6.486129943551173,0.07468368242802167,0.6987951807228916,0.48856430846298693
gin,125,C=CC(=O)Nc1cc2c(Nc3ccc(Br)c(Cl)c3F)ncnc2cc1OC[C@@H](C)NC(=O)CN(C)C,6.262348175048828,6.450801170828839,0.06077430494102778,0.5913978494623656,0.18845299578001118
gin,126,C=CC(=O)Nc1cc2c(Nc3ccc(Br)c(Cl)c3F)ncnc2cc1OC[C@H](C)NC(=O)CN(C)C,5.570731163024902,6.437526120763645,0.058882593312145654,0.5913978494623656,0.866794957738743
gin,127,C=CC(=O)Nc1cc2c(Nc3ccc(Br)c(F)c3)ncnc2cc1OCCNC(=O)CN(C)C,5.844057083129883,6.065931352358949,0.12970732170722155,0.5930232558139535,0.22187426922906628
gin,128,C=CC(=O)Nc1cc2c(Nc3ccc(Br)c(F)c3F)ncnc2cc1OCCNC(=O)CCCN(C)C,6.01863431930542,6.464544532012262,0.08452591608303175,0.7349397590361446,0.44591021270684195
gin,129,C=CC(=O)Nc1cc2c(Nc3ccc(Br)c(F)c3F)ncnc2cc1OCCNC(=O)CCN(CC)CC,6.661543369293213,6.395330942457349,0.12270343430136797,0.7349397590361446,0.2662124268358639
gin,131,C=CC(=O)Nc1cc2c(Nc3ccc(Br)c(F)c3F)ncnc2cc1OCCNC(=O)CN(C)C,6.866461277008057,6.485038877853413,0.05749487158819783,0.7283950617283951,0.38142239915464327
gin,132,C=CC(=O)Nc1cc2c(Nc3ccc(Br)cc3C(F)(F)F)ncnc2cc1OCCNC(C)=O,5.0,5.8976570962279125,0.052651704562831296,0.654320987654321,0.8976570962279125
gin,133,C=CC(=O)Nc1cc2c(Nc3ccc(Br)cc3Cl)ncnc2cc1OCCNC(C)=O,6.068542003631592,5.964880855812235,0.0454025302092352,0.7428571428571429,0.10366114781935654
gin,134,C=CC(=O)Nc1cc2c(Nc3ccc(Br)cc3F)ncnc2cc1OC(C)CNC(C)=O,7.113509178161621,6.215309391205726,0.07552680205196349,0.6621621621621622,0.8981997869558951
gin,137,C=CC(=O)Nc1cc2c(Nc3ccc(Br)cc3F)ncnc2cc1OCC(=O)NCCN(CC)CC,6.020451545715332,6.630526250992119,0.16595400662756582,0.6506024096385542,0.6100747052767872
gin,138,C=CC(=O)Nc1cc2c(Nc3ccc(Br)cc3F)ncnc2cc1OCC(C)(C)NC(=O)CN(C)C,5.0,6.5728285136361935,0.23417093249429446,0.6666666666666666,1.5728285136361935
gin,139,C=CC(=O)Nc1cc2c(Nc3ccc(Br)cc3F)ncnc2cc1OCC(C)NC(=O)CCN(CC)CC,6.6038007736206055,6.465580452747706,0.097100797528863,0.6172839506172839,0.13822032087289937
gin,140,C=CC(=O)Nc1cc2c(Nc3ccc(Br)cc3F)ncnc2cc1OCC(C)NC(=O)CN(C)C,6.36351203918457,6.546495653821228,0.040201829739674066,0.6666666666666666,0.18298361463665724
gin,141,C=CC(=O)Nc1cc2c(Nc3ccc(Br)cc3F)ncnc2cc1OCC(C)NC(=O)NCCC,6.10568380355835,6.478440823027167,0.0753171059751746,0.6588235294117647,0.3727570194688177
gin,142,C=CC(=O)Nc1cc2c(Nc3ccc(Br)cc3F)ncnc2cc1OCC(C)NC(C)=O,7.387216091156006,6.408230692156677,0.05836030607860653,0.6944444444444444,0.9789853989993285
gin,143,C=CC(=O)Nc1cc2c(Nc3ccc(Br)cc3F)ncnc2cc1OCC(CC)NC(=O)CN(C)C,6.007004737854004,6.46839442519753,0.044786015296718905,0.6511627906976745,0.4613896873435257
gin,144,C=CC(=O)Nc1cc2c(Nc3ccc(Br)cc3F)ncnc2cc1OCC(CC)NC(C)=O,7.0087738037109375,6.3800810155815135,0.04439852319609294,0.6756756756756757,0.628692788129424
gin,145,C=CC(=O)Nc1cc2c(Nc3ccc(Br)cc3F)ncnc2cc1OCC(NC(=O)CN(C)C)C(C)C,5.0,6.477170990916943,0.12659160146622078,0.6511627906976745,1.4771709909169433
gin,157,C=CC(=O)Nc1cc2c(Nc3ccc(Br)cc3F)ncnc2cc1OCCCC(=O)CN(C)C,6.9871625900268555,6.7153251467805335,0.07021988889039771,0.691358024691358,0.271837443246322
gin,158,C=CC(=O)Nc1cc2c(Nc3ccc(Br)cc3F)ncnc2cc1OCCCCNC(C)=O,6.263603687286377,6.357571976795562,0.1520026155572779,0.7297297297297297,0.0939682895091849
gin,159,C=CC(=O)Nc1cc2c(Nc3ccc(Br)cc3F)ncnc2cc1OCCCNC,6.812479496002197,6.554452877788047,0.08563409789855737,0.7605633802816901,0.2580266182141502
gin,160,C=CC(=O)Nc1cc2c(Nc3ccc(Br)cc3F)ncnc2cc1OCCCNC(=O)C(F)(F)F,6.228412628173828,6.526726060391195,0.18732498250495302,0.7534246575342466,0.29831343221736706
gin,161,C=CC(=O)Nc1cc2c(Nc3ccc(Br)cc3F)ncnc2cc1OCCCNC(=O)CN(C)C,6.459670543670654,6.481467894833066,0.07386361593565878,0.7215189873417721,0.021797351162411438
gin,162,C=CC(=O)Nc1cc2c(Nc3ccc(Br)cc3F)ncnc2cc1OCCCNC(=O)CS(C)(=O)=O,6.481485843658447,6.352426972160264,0.24715798147363063,0.7125,0.12905887149818351
gin,163,C=CC(=O)Nc1cc2c(Nc3ccc(Br)cc3F)ncnc2cc1OCCCNC(=O)NCC,6.681936740875244,6.406840582043352,0.06805661041349004,0.7333333333333333,0.2750961588318921
gin,164,C=CC(=O)Nc1cc2c(Nc3ccc(Br)cc3F)ncnc2cc1OCCCNC(C)=O,6.804100513458252,6.362391494669328,0.12488783311433649,0.7638888888888888,0.44170901878892366
gin,165,C=CC(=O)Nc1cc2c(Nc3ccc(Br)cc3F)ncnc2cc1OCCCNCC(C)=O,7.026872158050537,6.579312188450199,0.09876146602320889,0.72,0.44755996960033784
gin,166,C=CC(=O)Nc1cc2c(Nc3ccc(Br)cc3F)ncnc2cc1OCCCNCCC=O,6.156144618988037,6.632357556805501,0.1316712771041169,0.7297297297297297,0.476212937817464
gin,167,C=CC(=O)Nc1cc2c(Nc3ccc(Br)cc3F)ncnc2cc1OCCN,6.263603687286377,6.52958908102138,0.13526032384761805,0.7692307692307693,0.2659853937350034
gin,168,C=CC(=O)Nc1cc2c(Nc3ccc(Br)cc3F)ncnc2cc1OCCN(C)C,6.346787452697754,6.579806340845262,0.07131777503928867,0.7246376811594203,0.23301888814750793
gin,169,C=CC(=O)Nc1cc2c(Nc3ccc(Br)cc3F)ncnc2cc1OCCN(C)C(C)=O,6.16304349899292,6.421457390592978,0.09207303682979921,0.6944444444444444,0.2584138916000578
gin,170,C=CC(=O)Nc1cc2c(Nc3ccc(Br)cc3F)ncnc2cc1OCCNC,6.289882659912109,6.475453545441449,0.04731431012344478,0.7714285714285715,0.18557088552933987
gin,171,C=CC(=O)Nc1cc2c(Nc3ccc(Br)cc3F)ncnc2cc1OCCNC(=O)C(=C)C,6.068542003631592,6.3458900761182235,0.1044757764489112,0.7671232876712328,0.27734807248663174
gin,172,C=CC(=O)Nc1cc2c(Nc3ccc(Br)cc3F)ncnc2cc1OCCNC(=O)C(=O)O,7.07572078704834,6.13360676530706,0.12498605543691184,0.7887323943661971,0.94211402174128
gin,173,C=CC(=O)Nc1cc2c(Nc3ccc(Br)cc3F)ncnc2cc1OCCNC(=O)C(=O)OCC,6.600326061248779,6.35442386938901,0.1523754978156716,0.76,0.24590219185976903
gin,174,C=CC(=O)Nc1cc2c(Nc3ccc(Br)cc3F)ncnc2cc1OCCNC(=O)C(C)C,6.156144618988037,6.405063377147726,0.0473447300016719,0.7671232876712328,0.24891875815968856
gin,175,C=CC(=O)Nc1cc2c(Nc3ccc(Br)cc3F)ncnc2cc1OCCNC(=O)C(C)CN(C)C,6.429457187652588,6.408671502796821,0.1372461240300798,0.7283950617283951,0.020785684855766817
gin,176,C=CC(=O)Nc1cc2c(Nc3ccc(Br)cc3F)ncnc2cc1OCCNC(=O)C(C)N,6.782516002655029,6.469971924873968,0.06086648090331578,0.7466666666666667,0.3125440777810615
gin,177,C=CC(=O)Nc1cc2c(Nc3ccc(Br)cc3F)ncnc2cc1OCCNC(=O)C(C)N(C)C,6.020451545715332,6.296894951064467,0.23252418825578097,0.7272727272727273,0.27644340534913514
gin,178,C=CC(=O)Nc1cc2c(Nc3ccc(Br)cc3F)ncnc2cc1OCCNC(=O)C(CO)N(C)C,6.098541736602783,6.450623417155252,0.19720060539948714,0.7088607594936709,0.3520816805524687
gin,179,C=CC(=O)Nc1cc2c(Nc3ccc(Br)cc3F)ncnc2cc1OCCNC(=O)C(COC)N(C)C,5.95194673538208,6.346952052574437,0.19760632543973783,0.7,0.3950053171923571
gin,180,C=CC(=O)Nc1cc2c(Nc3ccc(Br)cc3F)ncnc2cc1OCCNC(=O)C(F)(F)F,6.301030158996582,6.439877791221278,0.11668063108660887,0.7887323943661971,0.13884763222469587
gin,181,C=CC(=O)Nc1cc2c(Nc3ccc(Br)cc3F)ncnc2cc1OCCNC(=O)C(F)F,6.281498432159424,6.424209905289313,0.06892586709063139,0.7777777777777778,0.1427114731298893
gin,187,C=CC(=O)Nc1cc2c(Nc3ccc(Br)cc3F)ncnc2cc1OCCNC(=O)C=CC,7.180456161499023,6.163998436006632,0.2121919831546126,0.7671232876712328,1.0164577254923914
gin,188,C=CC(=O)Nc1cc2c(Nc3ccc(Br)cc3F)ncnc2cc1OCCNC(=O)C=CCC,6.4509968757629395,6.1879460320171376,0.1640529921181233,0.7466666666666667,0.2630508437458019
gin,189,C=CC(=O)Nc1cc2c(Nc3ccc(Br)cc3F)ncnc2cc1OCCNC(=O)C=CCN(C)C,6.057991981506348,6.380692010180861,0.04902549612575961,0.717948717948718,0.32270002867451364
gin,190,C=CC(=O)Nc1cc2c(Nc3ccc(Br)cc3F)ncnc2cc1OCCNC(=O)C=NOC,6.175223350524902,6.517728356016062,0.1734767459777154,0.7368421052631579,0.3425050054911596
gin,191,C=CC(=O)Nc1cc2c(Nc3ccc(Br)cc3F)ncnc2cc1OCCNC(=O)CC,6.326979160308838,6.36578241678718,0.09840405701231461,0.8028169014084507,0.03880325647834226
gin,192,C=CC(=O)Nc1cc2c(Nc3ccc(Br)cc3F)ncnc2cc1OCCNC(=O)CC(C)N(C)C,6.181774139404297,6.2419280836549795,0.1864779347035599,0.7160493827160493,0.060153944250682656
gin,193,C=CC(=O)Nc1cc2c(Nc3ccc(Br)cc3F)ncnc2cc1OCCNC(=O)CCC,6.020451545715332,6.3938883640176885,0.08789584387159056,0.8,0.3734368183023564
gin,194,C=CC(=O)Nc1cc2c(Nc3ccc(Br)cc3F)ncnc2cc1OCCNC(=O)CCCN(C)C,6.903090000152588,6.464436860808096,0.04975570365965497,0.7317073170731707,0.4386531393444919
gin,195,C=CC(=O)Nc1cc2c(Nc3ccc(Br)cc3F)ncnc2cc1OCCNC(=O)CCN,6.125518321990967,6.395068488125209,0.06472063127118617,0.7894736842105263,0.2695501661342421
gin,196,C=CC(=O)Nc1cc2c(Nc3ccc(Br)cc3F)ncnc2cc1OCCNC(=O)CCN(C)C,6.4509968757629395,6.448942852906043,0.06350800626147189,0.75,0.002054022856896154
gin,197,C=CC(=O)Nc1cc2c(Nc3ccc(Br)cc3F)ncnc2cc1OCCNC(=O)CCN(CC)CC,6.703334808349609,6.4280118741682735,0.12264077335965605,0.7317073170731707,0.2753229341813359
gin,199,C=CC(=O)Nc1cc2c(Nc3ccc(Br)cc3F)ncnc2cc1OCCNC(=O)CCO,6.6675615310668945,6.447248775558349,0.04432733305155889,0.7894736842105263,0.22031275550854534
gin,200,C=CC(=O)Nc1cc2c(Nc3ccc(Br)cc3F)ncnc2cc1OCCNC(=O)CCOC,6.636387825012207,6.378208816718445,0.0980017482989463,0.7692307692307693,0.2581790082937623
gin,201,C=CC(=O)Nc1cc2c(Nc3ccc(Br)cc3F)ncnc2cc1OCCNC(=O)CN,6.628931999206543,6.360489870028611,0.08396582928725344,0.7837837837837838,0.26844212917793175
gin,202,C=CC(=O)Nc1cc2c(Nc3ccc(Br)cc3F)ncnc2cc1OCCNC(=O)CN(C)C,6.233587265014648,6.4828603826130875,0.05243217498781153,0.7532467532467533,0.24927311759843906
gin,203,C=CC(=O)Nc1cc2c(Nc3ccc(Br)cc3F)ncnc2cc1OCCNC(=O)CN(C)CC,6.184422016143799,6.455916503936869,0.12239392891739038,0.7407407407407407,0.2714944877930705
gin,204,C=CC(=O)Nc1cc2c(Nc3ccc(Br)cc3F)ncnc2cc1OCCNC(=O)CN(CC)CC,6.335358142852783,6.443984633634159,0.11687276146832358,0.7341772151898734,0.10862649078137565
gin,211,C=CC(=O)Nc1cc2c(Nc3ccc(Br)cc3F)ncnc2cc1OCCNC(=O)CNC,6.164309501647949,6.360798562855976,0.10363333197400933,0.7866666666666666,0.19648906120802678
gin,212,C=CC(=O)Nc1cc2c(Nc3ccc(Br)cc3F)ncnc2cc1OCCNC(=O)CO,6.48811674118042,6.462618701816698,0.051039510566708475,0.7945205479452054,0.02549803936372186
gin,213,C=CC(=O)Nc1cc2c(Nc3ccc(Br)cc3F)ncnc2cc1OCCNC(=O)COC,6.7931742668151855,6.388863889396248,0.1127064084492382,0.7631578947368421,0.4043103774189376
gin,214,C=CC(=O)Nc1cc2c(Nc3ccc(Br)cc3F)ncnc2cc1OCCNC(=O)CS(C)(=O)=O,6.679853916168213,6.32821089390817,0.209651160588209,0.7435897435897436,0.35164302226004285
gin,215,C=CC(=O)Nc1cc2c(Nc3ccc(Br)cc3F)ncnc2cc1OCCNC(=O)CSC,6.197226047515869,6.375327220860676,0.1549299883860269,0.7532467532467533,0.1781011733448068
gin,220,C=CC(=O)Nc1cc2c(Nc3ccc(Br)cc3F)ncnc2cc1OCCNC(=O)NC(C)C,6.0481767654418945,6.460586590389337,0.07858551377375728,0.7466666666666667,0.41240982494744216
gin,221,C=CC(=O)Nc1cc2c(Nc3ccc(Br)cc3F)ncnc2cc1OCCNC(=O)NC(C)CC,6.489455223083496,6.460150355074905,0.03392044102784446,0.717948717948718,0.029304868008591
gin,222,C=CC(=O)Nc1cc2c(Nc3ccc(Br)cc3F)ncnc2cc1OCCNC(=O)NCC,6.602059841156006,6.356779465579414,0.09794147986550293,0.7671232876712328,0.2452803755765922
gin,223,C=CC(=O)Nc1cc2c(Nc3ccc(Br)cc3F)ncnc2cc1OCCNC(=O)NCCC,6.339134693145752,6.360572167975918,0.10191292714471815,0.7777777777777778,0.021437474830166003
gin,224,C=CC(=O)Nc1cc2c(Nc3ccc(Br)cc3F)ncnc2cc1OCCNC(=O)OC,7.07572078704834,6.404345096404125,0.08809173606911735,0.7887323943661971,0.671375690644215
gin,227,C=CC(=O)Nc1cc2c(Nc3ccc(Br)cc3F)ncnc2cc1OCCNC(=S)NC,6.340083599090576,6.42724820957462,0.13084289178646222,0.7567567567567568,0.08716461048404422
gin,228,C=CC(=O)Nc1cc2c(Nc3ccc(Br)cc3F)ncnc2cc1OCCNC(=S)NCC,6.4509968757629395,6.4298264549199935,0.11179314566361011,0.7466666666666667,0.02117042084294596
gin,229,C=CC(=O)Nc1cc2c(Nc3ccc(Br)cc3F)ncnc2cc1OCCNC(C)=O,7.017728805541992,6.336782277478985,0.09443335996999627,0.8,0.6809465280630072
gin,230,C=CC(=O)Nc1cc2c(Nc3ccc(Br)cc3F)ncnc2cc1OCCNC(N)=O,6.602059841156006,6.281271700776709,0.0700902850921222,0.8,0.3207881403792969
gin,231,C=CC(=O)Nc1cc2c(Nc3ccc(Br)cc3F)ncnc2cc1OCCNCC(C)=O,6.602059841156006,6.498776330088987,0.06792245132511425,0.7297297297297297,0.10328351106701916
gin,232,C=CC(=O)Nc1cc2c(Nc3ccc(Br)cc3F)ncnc2cc1OCCNS(C)(=O)=O,6.432973861694336,6.572995327538518,0.09348633375936166,0.7297297297297297,0.14002146584418185
gin,234,C=CC(=O)Nc1cc2c(Nc3ccc(Br)cc3F)ncnc2cc1OCCOC,6.586700439453125,6.5290640283509545,0.0715664186413268,0.746268656716418,0.05763641110217055
gin,235,C=CC(=O)Nc1cc2c(Nc3ccc(Br)cc3F)ncnc2cc1OCCOCCOC(=O)CC(=O)O,6.55439567565918,6.9680931121092256,0.024547801903729415,0.6756756756756757,0.41369743645004586
gin,236,C=CC(=O)Nc1cc2c(Nc3ccc(Br)cc3F)ncnc2cc1OCCOCCOC(=O)CC(=O)OCC,6.006563663482666,6.78709780381882,0.02180357460962866,0.6578947368421053,0.7805341403361536
gin,237,C=CC(=O)Nc1cc2c(Nc3ccc(Br)cc3F)ncnc2cc1OC[C@@H](C)NC(C)=O,6.801342964172363,6.396087677537856,0.0686703987180615,0.6944444444444444,0.4052552866345076
gin,238,C=CC(=O)Nc1cc2c(Nc3ccc(Br)cc3F)ncnc2cc1OC[C@H](C)NC(C)=O,7.148741722106934,6.330971408772044,0.06680679146281787,0.6944444444444444,0.8177703133348899
gin,240,C=CC(=O)Nc1cc2c(Nc3ccc(Br)cc3F)ncnc2cc1SCCNC(C)=O,6.105130195617676,5.80276295635116,0.19382417796601342,0.6,0.3023672392665162
gin,241,C=CC(=O)Nc1cc2c(Nc3ccc(Cl)cc3Cl)ncnc2cc1OCCNC(C)=O,6.571865081787109,5.824310308004783,0.06821223802690472,0.7536231884057971,0.7475547737823263
gin,242,C=CC(=O)Nc1cc2c(Nc3ccc(Cl)cc3F)ncnc2cc1OCCNC(=O)CN(C)C,6.120330810546875,6.403931266567711,0.06772452423600737,0.6385542168674698,0.28360045602083606
gin,243,C=CC(=O)Nc1cc2c(Nc3ccc(Cl)cc3F)ncnc2cc1OCCNC(C)=O,6.9430952072143555,6.197001407723282,0.10404366285522512,0.7083333333333334,0.7460937994910735
gin,246,C=CC(=O)Nc1cc2c(Nc3ccc(F)c(Cl)c3)ncnc2cc1OCCNC(C)=O,5.0,5.547836814736324,0.0578161610843074,0.7714285714285715,0.547836814736324
gin,249,C=CC(=O)Nc1cc2c(Nc3ccc(F)c(F)c3F)ncnc2cc1OCCNC(C)=O,6.3106913566589355,6.153241045396622,0.018532231454431315,0.6805555555555556,0.15745031126231357
gin,250,C=CC(=O)Nc1cc2c(Nc3ccc(F)cc3F)ncnc2cc1OCCNC(=O)CN(C)C,6.16304349899292,6.339883230699055,0.0989204141172727,0.654320987654321,0.17683973170613498
gin,252,C=CC(=O)Nc1cc2c(Nc3cccc(Cl)c3F)ncnc2cc1OCCNC(=O)CN(C)C,6.0245680809021,6.268545445612664,0.027273160041147555,0.5824175824175825,0.24397736471056408
gin,294,C=CCCOc1cc2ncnc(Nc3ccc(Br)cc3F)c2cc1NC(=O)C=C,6.281498432159424,6.423861640512125,0.11251566464063753,0.7575757575757576,0.1423632083527009
gin,299,C=CCNC(=O)NCCOc1cc2ncnc(Nc3ccc(Br)cc3F)c2cc1NC(=O)C=C,6.809668064117432,6.362563290871257,0.16055309190242453,0.7671232876712328,0.44710477324617504
gin,310,C=CNC(=O)NCCOc1cc2ncnc(Nc3ccc(Br)cc3F)c2cc1NC(=O)C=C,6.578395843505859,6.486475548910509,0.06800717094644512,0.7887323943661971,0.09192029459535078
gin,507,CC(C)(C)OC(=O)NCC(=O)Nc1ccc2ncnc(Nc3cccc(Br)c3)c2c1,4.728158473968506,5.343383149403375,0.14203650350599356,0.5230769230769231,0.6152246754348694
gin,786,CC(C)[C@@H](NC(=O)OC(C)(C)C)C(=O)Nc1ccc2ncnc(Nc3cccc(C(F)(F)F)c3)c2c1,4.0,5.517024858968303,0.19632710851831853,0.5189873417721519,1.5170248589683029
gin,1138,CCC(=O)Nc1cc2c(Nc3ccc(Br)cc3F)ncnc2cc1OCCNC(C)=O,6.43770694732666,6.347764672996685,0.13549551016108743,0.6533333333333333,0.08994227432997537
gin,1139,CCC(=O)Nc1ccc(Nc2ncnc3cc(OC)c(OC)cc23)cc1,5.136677265167236,5.8083110498427,0.14218243578897266,0.72,0.6716337846754641
gin,1140,CCC(=O)Nc1ccc(Nc2ncnc3cc(OC)c(OC)cc23)cc1C.Cl,5.0,5.656288194113586,0.10649505709005294,0.6338028169014085,0.6562881941135856
gin,1171,CCCC(=O)Nc1ccc(Nc2ncnc3cc(OC)c(OC)cc23)cc1C,5.397940158843994,5.473031407041067,0.04063776890330192,0.6197183098591549,0.07509124819707313
gin,1172,CCCC(=O)Nc1ccc(Nc2ncnc3cc(OC)c(OC)cc23)cc1C.Cl,5.3665313720703125,5.689785826942663,0.08588900694891478,0.6338028169014085,0.3232544548723508
gin,1182,CCCCC(=O)Nc1ccc(Nc2ncnc3cc(OC)c(OC)cc23)cc1C,5.1674909591674805,5.477828790230983,0.04666359629838013,0.5945945945945946,0.3103378310635021
gin,1183,CCCCC(=O)Nc1ccc(Nc2ncnc3cc(OC)c(OC)cc23)cc1C.Cl,5.1674909591674805,5.682483187609553,0.07454923827007848,0.6081081081081081,0.5149922284420727
gin,1209,CCCCNC(=O)Nc1cc(Cl)c(Nc2ncnc3cc(OC)c(OC)cc23)cc1Cl.Cl,5.036211967468262,6.1041493313508255,0.15614267959529238,0.582089552238806,1.0679373638825638
gin,1213,CCCCNC(=O)Nc1ccc(Nc2ncnc3cc(OC)c(OC)cc23)cc1,5.236571788787842,5.977319643402647,0.24402133733253398,0.7368421052631579,0.7407478546148054
gin,1226,CCCCOC(=O)Nc1ccc(Nc2ncnc3cc(OC)c(OC)cc23)cc1,5.1674909591674805,5.765060481796098,0.17841392137890452,0.6851851851851852,0.5975695226286177
gin,1227,CCCCOC(=O)Nc1ccc(Nc2ncnc3cc(OC)c(OC)cc23)cc1.Cl,5.1674909591674805,5.922600100288236,0.10018338586347275,0.6727272727272727,0.7551091411207551
gin,1228,CCCCOC(=O)Nc1ccc(Nc2ncnc3cc(OC)c(OC)cc23)cc1C,5.28399658203125,5.562153054283574,0.025420858430305806,0.7142857142857143,0.2781564722523244
gin,1229,CCCCOC(=O)Nc1ccc(Nc2ncnc3cc(OC)c(OC)cc23)cc1C.Cl,5.28399658203125,5.757026479074057,0.03920298243967649,0.7285714285714285,0.4730298970428066
gin,1230,CCCCOC(=O)Nc1ccc(Nc2ncnc3cc(OC)c(OC)cc23)cc1Cl,5.3098039627075195,5.763729451769564,0.050894318165032044,0.704225352112676,0.4539254890620441
gin,1231,CCCCOC(=O)Nc1ccc(Nc2ncnc3cc(OC)c(OC)cc23)cc1Cl.Cl,5.3098039627075195,5.998248732842389,0.05638175337802154,0.7183098591549296,0.6884447701348693
gin,1235,CCCCOc1cc2c(Nc3ccc(Br)cc3F)ncnc2cc1OCCN(CC)CC,5.275723934173584,7.573655874753153,0.09681328889798976,0.5942028985507246,2.297931940579569
gin,1236,CCCCOc1cc2c(Nc3ccc(NC(=O)OC)c(C)c3)ncnc2cc1OCCN(CC)CC,5.026872158050537,5.917778962345324,0.07290839879717718,0.5822784810126582,0.8909068042947865
gin,1237,CCCCOc1cc2c(Nc3ccc(NC(=O)OC)c(Cl)c3)ncnc2cc1OCCN(CC)CC,5.130768299102783,6.06052946267269,0.08240698682706754,0.575,0.929761163569907
gin,1238,CCCCOc1cc2c(Nc3ccc(NC(=O)OCC)c(C)c3)ncnc2cc1OCCN(CC)CC,5.2441253662109375,5.9843374010116195,0.11541280504577865,0.6363636363636364,0.740212034800682
gin,1239,CCCCOc1cc2c(Nc3ccc(NC(=O)OCC)c(C)c3)ncnc2cc1OCCN(CC)CC.Cl,5.2441253662109375,6.102557249486793,0.16094383715382138,0.6493506493506493,0.8584318832758555
gin,1240,CCCCOc1cc2c(Nc3ccc(NC(=O)OCC)c(Cl)c3)ncnc2cc1OCCN(CC)CC,5.318758964538574,6.123726077854386,0.14036186303275305,0.6410256410256411,0.8049671133158114
gin,1241,CCCCOc1cc2c(Nc3ccc(NC(=O)OCC)c(Cl)c3)ncnc2cc1OCCN(CC)CC.Cl,5.318758964538574,6.2451428377321365,0.19756496813865226,0.6538461538461539,0.9263838731935623
gin,1266,CCCNC(=O)Nc1ccc(Nc2ncnc3cc(OC)c(OC)cc23)cc1Cl,6.79587984085083,6.054988481832548,0.2120883038916334,0.7096774193548387,0.7408913590182822
gin,1284,CCCOC(=O)Nc1ccc(Nc2ncnc3cc(OC)c(OC)cc23)cc1,5.301030158996582,5.764305689233282,0.12455822904337047,0.6792452830188679,0.4632755302367002
gin,1285,CCCOC(=O)Nc1ccc(Nc2ncnc3cc(OC)c(OC)cc23)cc1.Cl,5.301030158996582,5.95196198929699,0.07532554176160668,0.6666666666666666,0.6509318303004079
gin,1286,CCCOC(=O)Nc1ccc(Nc2ncnc3cc(OC)c(OC)cc23)cc1C,6.070580959320068,5.5672536017170655,0.02300555328540431,0.7352941176470589,0.5033273576030028
gin,1287,CCCOC(=O)Nc1ccc(Nc2ncnc3cc(OC)c(OC)cc23)cc1C.Cl,6.070580959320068,5.7641424113079625,0.061302510816774694,0.75,0.3064385480121059
gin,1288,CCCOC(=O)Nc1ccc(Nc2ncnc3cc(OC)c(OC)cc23)cc1Cl,5.481485843658447,5.754024113713949,0.09448550359733969,0.7246376811594203,0.27253827005550146
gin,1289,CCCOC(=O)Nc1ccc(Nc2ncnc3cc(OC)c(OC)cc23)cc1Cl.Cl,5.481485843658447,5.998186108952173,0.09406432457267005,0.7391304347826086,0.5167002652937258
gin,1293,CCCOc1cc2ncnc(Nc3ccc(NC(=O)OCC)c(C)c3)c2cc1OC.Cl,6.301030158996582,5.889478160711358,0.07346734522256365,0.7941176470588235,0.4115519982852236
gin,1294,CCCOc1cc2ncnc(Nc3ccc(NC(=O)OCC)c(Cl)c3)c2cc1OC.Cl,6.301030158996582,6.089616832138702,0.11842480336550598,0.7971014492753623,0.21141332685787972
gin,1444,CCN(CC)CCOc1cc2c(Nc3ccc(Br)cc3F)ncnc2cc1OC,5.127843856811523,7.470900226473039,0.15936669024405328,0.6666666666666666,2.3430563696615154
gin,1445,CCN(CC)CCOc1cc2ncnc(Nc3ccc(Br)cc3F)c2cc1OC,6.0,7.519373070974685,0.1740759902818015,0.6666666666666666,1.5193730709746847
gin,1446,CCN(CC)CCOc1cc2ncnc(Nc3ccc(C)c(Br)c3)c2cc1OC,5.1904401779174805,6.501099344106154,0.03725638511871449,0.569620253164557,1.3106591661886737
gin,1447,CCN(CC)CCOc1cc2ncnc(Nc3ccc(F)c(Cl)c3)c2cc1OC,5.161150932312012,5.856500114580285,0.12314743959047493,0.6521739130434783,0.6953491822682736
gin,1448,CCN(CC)CCOc1cc2ncnc(Nc3ccc(NC(=O)OC)c(C)c3)c2cc1OC,5.158015251159668,5.79166817186272,0.10520319530645471,0.6447368421052632,0.6336529207030521
gin,1449,CCN(CC)CCOc1cc2ncnc(Nc3ccc(NC(=O)OC)c(Cl)c3)c2cc1OC,5.28399658203125,5.918819688503258,0.09620906455849029,0.6363636363636364,0.634823106472008
gin,1597,CCNC(=O)Nc1cc(Cl)c(Nc2ncnc3cc(OC)c(OC)cc23)cc1Cl.Cl,5.267606258392334,6.0664607189526265,0.16984054428586146,0.5606060606060606,0.7988544605602925
gin,1603,CCNC(=O)Nc1ccc(Nc2ncnc3cc(OC)c(OC)cc23)cc1,5.332547187805176,5.852920985820968,0.14589985335598143,0.76,0.5203737980157923
gin,1605,CCNC(=O)Nc1ccc(Nc2ncnc3cc(OCCN(CC)CC)c(OC)cc23)cc1,5.180456161499023,6.487995253598484,0.0898400902533322,0.6229508196721312,1.3075390920994607
gin,1730,CCOC(=O)Nc1cc(Cl)c(Nc2ncnc3cc(OC)c(OC)cc23)cc1Cl.Cl,5.004364967346191,5.627441909719835,0.3188162196576461,0.6338028169014085,0.6230769423736433
gin,1731,CCOC(=O)Nc1cc(Nc2ncnc3cc(OC)c(OC)cc23)ccc1C,5.187086582183838,5.550917594573643,0.08679422964183113,0.6571428571428571,0.363831012389805
gin,1732,CCOC(=O)Nc1cc(Nc2ncnc3cc(OC)c(OC)cc23)ccc1C.Cl,5.187086582183838,5.735094167685777,0.021954308963607644,0.6714285714285714,0.5480075855019395
gin,1733,CCOC(=O)Nc1cc(Nc2ncnc3cc(OC)c(OC)cc23)ccc1Cl,5.255706787109375,5.617640375558513,0.08319249325729548,0.676056338028169,0.3619335884491379
gin,1734,CCOC(=O)Nc1cc(Nc2ncnc3cc(OC)c(OC)cc23)ccc1Cl.Cl,5.255706787109375,5.80255075390293,0.12162549125623982,0.6901408450704225,0.5468439667935554
gin,1736,CCOC(=O)Nc1ccc(Nc2ncnc3cc(OC)c(OC)cc23)cc1,5.251811981201172,5.772213379781637,0.0996725259016154,0.7037037037037037,0.5204013985804652
gin,1737,CCOC(=O)Nc1ccc(Nc2ncnc3cc(OC)c(OC)cc23)cc1.Cl,5.251811981201172,5.949597483508929,0.02544663814807086,0.6909090909090909,0.6977855023077568
gin,1738,CCOC(=O)Nc1ccc(Nc2ncnc3cc(OC)c(OC)cc23)cc1C,6.244058132171631,5.528517200598628,0.08910203216558069,0.7575757575757576,0.7155409315730026
gin,1739,CCOC(=O)Nc1ccc(Nc2ncnc3cc(OC)c(OC)cc23)cc1C.Cl,6.187086582183838,5.708072754222068,0.09082745376923693,0.7727272727272727,0.4790138279617695
gin,1740,CCOC(=O)Nc1ccc(Nc2ncnc3cc(OC)c(OC)cc23)cc1Cl,6.301030158996582,5.719600508842102,0.11768337212732873,0.7611940298507462,0.5814296501544804
gin,1741,CCOC(=O)Nc1ccc(Nc2ncnc3cc(OC)c(OC)cc23)cc1Cl.Cl,6.301030158996582,5.961382408061648,0.12473675532817662,0.7761194029850746,0.33964775093493405
gin,1742,CCOC(=O)Nc1ccc(Nc2ncnc3cc(OC)c(OCCN(CC)CC)cc23)cc1C,5.13966178894043,5.828588718088099,0.1260081113911714,0.7162162162162162,0.6889269291476694
gin,1743,CCOC(=O)Nc1ccc(Nc2ncnc3cc(OC)c(OCCN(CC)CC)cc23)cc1C.Cl,5.142667293548584,5.959389550831418,0.1765356016617418,0.7297297297297297,0.8167222572828337
gin,1744,CCOC(=O)Nc1ccc(Nc2ncnc3cc(OCCN(CC)CC)c(OC)cc23)cc1C,5.431798458099365,5.870186032964189,0.12472398327097571,0.7162162162162162,0.4383875748648238
gin,1745,CCOC(=O)Nc1ccc(Nc2ncnc3cc(OCCN(CC)CC)c(OC)cc23)cc1C.Cl,5.431798458099365,6.001571486833394,0.16527696761901797,0.7297297297297297,0.569773028734029
gin,1746,CCOC(=O)Nc1ccc(Nc2ncnc3cc(OCCN(CC)CC)c(OC)cc23)cc1Cl,5.474955081939697,5.9906170457261965,0.13527526430506379,0.72,0.5156619637864992
gin,1747,CCOC(=O)Nc1ccc(Nc2ncnc3cc(OCCN(CC)CC)c(OC)cc23)cc1Cl.Cl,5.481485843658447,6.1268784099629885,0.16420973824766688,0.7333333333333333,0.6453925663045412
gin,1752,CCOC(=O)Nc1ccc(Nc2ncnc3ccccc23)cc1C,5.4179368019104,5.780848677036848,0.05856045723977101,0.6842105263157895,0.3629118751264473
gin,1975,CCc1c(O)cccc1Nc1ncnc2cc(OC)c(OC)cc12,5.0,5.457598030422446,0.235887156989891,0.5714285714285714,0.45759803042244585
gin,2158,CN(C)C/C=C/C(=O)Nc1ccc2ncnc(Nc3ccc(Br)cc3F)c2c1,5.178817272186279,6.3477409495493715,0.11466114365844592,0.4827586206896552,1.1689236773630922
gin,2246,CN(C)S(=O)(=O)c1ccc(Nc2nc(Cl)nc3ccccc23)cc1,4.0,5.879545618523754,0.25192214212920316,0.6415094339622641,1.8795456185237542
gin,2675,CNC(=O)[C@@H](C)N(C)Cc1cc2c(Nc3cccc(Cl)c3F)ncnc2cc1OC,5.0,5.650166405179864,0.2585322183214964,0.654320987654321,0.6501664051798643
gin,2919,CNCCCOc1cc2ncnc(Nc3c(F)ccc(O)c3C)c2cc1OC,5.0,4.700860457983633,0.018790454263048994,0.7384615384615385,0.29913954201636717
gin,2937,CNCCOc1cc2ncnc(Nc3c(F)ccc(O)c3C)c2cc1OC,5.0,4.667419225474798,0.05663211583346005,0.734375,0.3325807745252023
gin,2961,CNS(=O)(=O)c1ccc(Nc2nc(Cl)nc3cc(OC)c(OC)cc23)cc1,6.070580959320068,5.135084044118703,0.20662738496577984,0.6896551724137931,0.935496915201365
gin,3232,COC(=O)Nc1cc(Nc2ncnc3cc(OC)c(OC)cc23)ccc1C,5.107905387878418,5.400421454440429,0.051344354156170495,0.6206896551724138,0.292516066562011
gin,3233,COC(=O)Nc1cc(Nc2ncnc3cc(OC)c(OC)cc23)ccc1C.Cl,5.107905387878418,5.607550628748281,0.02261416611592996,0.6101694915254238,0.49964524086986284
gin,3234,COC(=O)Nc1cc(Nc2ncnc3cc(OC)c(OC)cc23)ccc1Cl.Cl,5.0,5.680776551986734,0.16547250496460694,0.6440677966101694,0.6807765519867344
gin,3237,COC(=O)Nc1ccc(Nc2ncnc3cc(OC)c(OC)cc23)cc1,5.236571788787842,5.625317130337351,0.14372466064236555,0.7659574468085106,0.3887453415495088
gin,3238,COC(=O)Nc1ccc(Nc2ncnc3cc(OC)c(OC)cc23)cc1C,6.070580959320068,5.360209228245954,0.06633120922057127,0.6470588235294118,0.7103717310741144
gin,3239,COC(=O)Nc1ccc(Nc2ncnc3cc(OC)c(OC)cc23)cc1C.Cl,6.070580959320068,5.565816295154586,0.089161653165815,0.6617647058823529,0.5047646641654824
gin,3240,COC(=O)Nc1ccc(Nc2ncnc3cc(OC)c(OC)cc23)cc1Cl,5.296708583831787,5.555237227981611,0.07145514141100572,0.6551724137931034,0.25852864414982424
gin,3241,COC(=O)Nc1ccc(Nc2ncnc3cc(OC)c(OC)cc23)cc1Cl.Cl,5.296708583831787,5.842781963864165,0.09122767049072748,0.6521739130434783,0.5460733800323778
gin,3459,COCC(=O)Nc1cc2ncnc(Nc3cc(O)c(C)cc3F)c2cc1OC,6.522878646850586,7.4145759915650915,0.410909885889111,0.5833333333333334,0.8916973447145056
gin,3460,COCC(=O)Nc1cc2ncnc(Nc3ccc(Cl)cc3F)c2cc1OC,4.0,6.283929878924965,0.37946796585355014,0.6060606060606061,2.2839298789249654
gin,3480,COCCCOc1cc2ncnc(Nc3c(F)ccc(O)c3C)c2cc1OC,5.0,4.624008660338556,0.039555954700092974,0.7619047619047619,0.3759913396614438
gin,3492,COCCN(Cc1cc2c(Nc3cccc(Cl)c3F)ncnc2cc1OC)[C@@H](C)C(N)=O,5.0,4.969363749513984,0.20388282205352284,0.6470588235294118,0.03063625048601626
gin,3602,COCCOc1cc2ncnc(Nc3c(F)ccc(O)c3C)c2cc1OC,5.0,4.691417762094261,0.009385078230733921,0.7580645161290323,0.308582237905739
gin,3603,COCCOc1cc2ncnc(Nc3cc(O)c(Cl)cc3F)c2cc1OC,8.698969841003418,7.912693627170502,0.2835879866561291,0.7288135593220338,0.7862762138329158
gin,3604,COCCOc1cc2ncnc(Nc3cc(O)c(Cl)cc3F)c2cc1OCCOC,7.221848964691162,7.736274302011831,0.21634467833280074,0.6779661016949152,0.5144253373206693
gin,3605,COCCOc1cc2ncnc(Nc3ccc(B(O)O)cc3)c2cc1OC,6.065501689910889,6.027043996797688,0.3978897969190497,0.5932203389830508,0.0384576931132008
gin,3606,COCCOc1cc2ncnc(Nc3ccc(B(O)O)cc3)c2cc1OCCOC,7.431798458099365,6.173869831932303,0.36131269876632904,0.5423728813559322,1.257928626167062
gin,3607,COCCOc1cc2ncnc(Nc3ccc(Cl)cc3F)c2cc1OC,8.154901504516602,7.045392668691004,0.19178655496235367,0.75,1.109508835825598
gin,3608,COCCOc1cc2ncnc(Nc3ccc(Cl)cc3F)c2cc1OCCOC,7.221848964691162,7.038366339585759,0.17664866601056903,0.7,0.1834826251054027
gin,3621,COCCOc1cc2ncnc(Nc3cccc(B(O)O)c3)c2cc1OC,6.744727611541748,6.150226095151557,0.33481570065449096,0.5645161290322581,0.5945015163901912
gin,3622,COCCOc1cc2ncnc(Nc3cccc(B(O)O)c3)c2cc1OCCOC,6.721246242523193,6.278903212905647,0.3096611424347473,0.5161290322580645,0.4423430296175468
gin,3623,COCCOc1cc2ncnc(Nc3cccc(O)c3)c2cc1OC,8.301030158996582,6.417123954508946,0.23803476407411037,0.5833333333333334,1.8839062044876362
gin,3647,COCCOc1ccc2c(Nc3cc(O)c(Cl)cc3F)ncnc2c1,6.823908805847168,8.277415940167808,0.2554582957934383,0.578125,1.45350713432064
gin,3648,COCCOc1ccc2c(Nc3ccc(Cl)cc3F)ncnc2c1,6.823908805847168,7.4688247598039466,0.1940596073484205,0.546875,0.6449159539567786
gin,3672,COCC[C@@H](C(N)=O)N(C)Cc1cc2c(Nc3cccc(Cl)c3F)ncnc2cc1OC,5.0,4.90567306176672,0.22373644546469804,0.6666666666666666,0.09432693823328009
gin,3690,COC[C@@H](C(N)=O)N(C)Cc1cc2c(Nc3cccc(Cl)c3F)ncnc2cc1OC,5.0,5.033188150098624,0.2618554925954917,0.6626506024096386,0.03318815009862419
gin,4736,COc1cc2c(Nc3c(F)ccc(O)c3C)ncnc2cc1OCCCN,5.0,4.559835614612666,0.055188833699428876,0.7619047619047619,0.4401643853873338
gin,4737,COc1cc2c(Nc3c(F)ccc(O)c3C)ncnc2cc1OCCCN(C)C,5.0,4.875366504960728,0.04623833900337404,0.7272727272727273,0.12463349503927201
gin,4746,COc1cc2c(Nc3c(F)ccc(O)c3C)ncnc2cc1OCCN,5.0,4.527344572223721,0.030051544054908435,0.7580645161290323,0.4726554277762789
gin,4747,COc1cc2c(Nc3c(F)ccc(O)c3C)ncnc2cc1OCCN(C)C,5.0,4.864388177616661,0.07950679813044033,0.7230769230769231,0.13561182238333913
gin,5392,COc1cc2nc(Cl)nc(Nc3ccc(C(=O)O)cc3)c2cc1OC,4.0,4.860158103509396,0.19469932483359287,0.5483870967741935,0.8601581035093959
gin,5393,COc1cc2nc(Cl)nc(Nc3ccc(C(N)=O)cc3)c2cc1OC,5.931814193725586,5.007569055964988,0.17245704100487305,0.5396825396825397,0.9242451377605976
gin,5394,COc1cc2nc(Cl)nc(Nc3ccc(N(C)C)cc3)c2cc1OC,4.405607223510742,4.935587571231205,0.11622576022367619,0.5409836065573771,0.5299803477204632
gin,5395,COc1cc2nc(Cl)nc(Nc3ccc(NC(C)=O)cc3)c2cc1OC,5.701147079467773,5.030793716076687,0.06862282099310084,0.5483870967741935,0.6703533633910865
gin,5396,COc1cc2nc(Cl)nc(Nc3ccc(O)cc3)c2cc1OC,5.677780628204346,5.4050326815111776,0.18935243593383125,0.559322033898305,0.27274794669316815
gin,5397,COc1cc2nc(Cl)nc(Nc3ccc(S(=O)(=O)N(C)C)cc3)c2cc1OC,4.36351203918457,5.151918437750946,0.22956612558289552,0.6727272727272727,0.7884063985663756
gin,5399,COc1cc2nc(Cl)nc(Nc3ccc(S(=O)(=O)O)cc3)c2cc1OC,4.0,5.245827174874478,0.42652030843288546,0.6440677966101694,1.2458271748744778
gin,5400,COc1cc2nc(Cl)nc(Nc3ccc(S(C)(=O)=O)cc3)c2cc1OC,4.0,5.057492130015457,0.21262712117817337,0.6551724137931034,1.057492130015457
gin,5401,COc1cc2nc(Cl)nc(Nc3ccc(S(N)(=O)=O)cc3)c2cc1OC,5.991399765014648,5.14672762976943,0.24169294841136552,0.6440677966101694,0.8446721352452187
gin,5566,COc1cc2ncnc(N(C)c3ccc(Br)cc3F)c2cc1OC,5.0,5.859570626153261,0.20525934011208627,0.4909090909090909,0.8595706261532614
gin,5567,COc1cc2ncnc(N(C)c3ccc(F)c(Cl)c3)c2cc1OC,5.0,4.82432797182355,0.17481623410324063,0.7142857142857143,0.1756720281764501
gin,5570,COc1cc2ncnc(N(C)c3cccc(Br)c3)c2cc1OC,5.0,5.190066417233463,0.3262872650472881,0.6181818181818182,0.19006641723346274
gin,5572,COc1cc2ncnc(N(C)c3cccc(O)c3)c2cc1OC,5.188375473022461,5.697938179237673,0.5494805531841922,0.6481481481481481,0.5095627062152124
gin,5582,COc1cc2ncnc(Nc3c(Cl)ccc(O)c3C)c2cc1OC,5.0,4.467010154332722,0.030613588142155212,0.578125,0.5329898456672781
gin,5583,COc1cc2ncnc(Nc3c(Cl)ccc(O)c3Cl)c2cc1OC,5.426936149597168,4.811046547921099,0.1504687532309967,0.5423728813559322,0.6158896016760691
gin,5584,COc1cc2ncnc(Nc3c(Cl)ccc(O)c3F)c2cc1OC,6.179759502410889,5.104511914934449,0.19381369196117457,0.5409836065573771,1.07524758747644
gin,5586,COc1cc2ncnc(Nc3c(F)ccc(O)c3C)c2cc1OC,5.0,4.196452358419265,0.09556951790933738,0.7413793103448276,0.8035476415807352
gin,5587,COc1cc2ncnc(Nc3c(F)ccc(O)c3Cl)c2cc1OC,5.613106727600098,4.718380370961199,0.11631505401328505,0.59375,0.8947263566388983
gin,5588,COc1cc2ncnc(Nc3c(F)ccc(O)c3F)c2cc1OC,6.637330055236816,5.187716186837292,0.13025699910705124,0.6129032258064516,1.449613868399524
gin,5589,COc1cc2ncnc(Nc3cc(C)cc(O)c3)c2cc1OC,6.188375473022461,6.698407372024319,0.33001723782267445,0.5740740740740741,0.5100318990018584
gin,5590,COc1cc2ncnc(Nc3cc(Cl)ccc3Cl)c2cc1OCCC(=O)NO,5.899629592895508,6.001610412320844,0.10689664980623413,0.5652173913043478,0.10198081942533577
gin,5591,COc1cc2ncnc(Nc3cc(Cl)ccc3Cl)c2cc1OCCCC(=O)NO,5.669586181640625,5.919446628652736,0.12041349709267468,0.6029411764705882,0.24986044701211085
gin,5592,COc1cc2ncnc(Nc3cc(Cl)ccc3Cl)c2cc1OCCCCC(=O)NO,5.28399658203125,5.91130572328107,0.10082549152734434,0.6417910447761194,0.6273091412498202
gin,5593,COc1cc2ncnc(Nc3cc(Cl)ccc3Cl)c2cc1OCCCCCC(=O)NO,5.610834121704102,5.905111305160536,0.07278077614434013,0.6567164179104478,0.29427718345643417
gin,5594,COc1cc2ncnc(Nc3cc(F)cc(O)c3C)c2cc1OC,5.114573955535889,6.359233017254962,0.513913683119167,0.5087719298245614,1.244659061719073
gin,5595,COc1cc2ncnc(Nc3cc(O)c(C)cc3Cl)c2cc1OC,7.7695512771606445,7.691006458301501,0.41570198094597477,0.5454545454545454,0.0785448188591431
gin,5596,COc1cc2ncnc(Nc3cc(O)c(C)cc3F)c2cc1OC,8.580574989318848,8.502647012640523,0.12830616550833826,0.7,0.07792797667832474
gin,5597,COc1cc2ncnc(Nc3cc(O)c(Cl)cc3Cl)c2cc1OC,7.188375473022461,7.133190674048393,0.27991839124805135,0.578125,0.05518479897406792
gin,5598,COc1cc2ncnc(Nc3cc(O)c(F)cc3F)c2cc1OC,8.022275924682617,7.331975443516494,0.09361703889864309,0.5873015873015873,0.6903004811661235
gin,5599,COc1cc2ncnc(Nc3cc(O)cc(F)c3)c2cc1OC,6.882741451263428,6.885369210274075,0.39629821044951674,0.5818181818181818,0.002627759010647601
gin,5600,COc1cc2ncnc(Nc3cc(O)ccc3C)c2cc1OC,6.324875831604004,6.635768667958946,0.19708751604786706,0.5272727272727272,0.3108928363549417
gin,5601,COc1cc2ncnc(Nc3cc(O)ccc3Cl)c2cc1OC,6.884265422821045,6.734214151235207,0.13024319980500537,0.5737704918032787,0.15005127158583775
gin,5602,COc1cc2ncnc(Nc3cc(O)ccc3F)c2cc1OC,7.353871822357178,7.394142796681725,0.13793465171510322,0.576271186440678,0.04027097432454685
gin,5608,COc1cc2ncnc(Nc3ccc(B(O)O)cc3)c2cc1OC,7.443697452545166,5.766649433091733,0.3272974396845555,0.64,1.6770480194534327
gin,5609,COc1cc2ncnc(Nc3ccc(Br)cc3)c2cc1OC,6.096909999847412,5.598071868710974,0.08630434265987547,0.7608695652173914,0.4988381311364378
gin,5610,COc1cc2ncnc(Nc3ccc(Br)cc3)c2cc1OCCCC(=O)NO,7.0087738037109375,5.887409355891815,0.025402892969078224,0.6923076923076923,1.121364447819123
gin,5611,COc1cc2ncnc(Nc3ccc(Br)cc3)c2cc1OCCCCC(=O)NO,7.229147911071777,5.879638371004224,0.036629682058801606,0.734375,1.3495095400675536
gin,5612,COc1cc2ncnc(Nc3ccc(Br)cc3)c2cc1OCCCCCC(=O)NO,6.973038196563721,5.878810874120954,0.07295325544707719,0.75,1.0942273224427668
gin,5613,COc1cc2ncnc(Nc3ccc(Br)cc3)c2cc1OCCCCCCC(=O)NO,7.130768299102783,5.877368408381756,0.09940495911089982,0.75,1.2533998907210275
gin,5614,COc1cc2ncnc(Nc3ccc(Br)cc3F)c2cc1OC,5.782516002655029,7.352768553587339,0.20335843616574645,0.7017543859649122,1.5702525509323095
gin,5615,COc1cc2ncnc(Nc3ccc(C)c(O)c3)c2cc1OC,7.744727611541748,7.257806392720454,0.2506148128586174,0.6153846153846154,0.48692121882129413
gin,5616,COc1cc2ncnc(Nc3ccc(C)c(O)c3Cl)c2cc1OC,6.221848964691162,7.126391843348567,0.11424101146860778,0.532258064516129,0.9045428786574048
gin,5617,COc1cc2ncnc(Nc3ccc(C)cc3C)c2cc1OC,5.537601947784424,5.553321770924431,0.16853426702969795,0.6071428571428571,0.015719823140007527
gin,5619,COc1cc2ncnc(Nc3ccc(Cl)c(O)c3)c2cc1OC,7.097589492797852,6.754769989266099,0.2363892957024382,0.6363636363636364,0.3428195035317527
gin,5620,COc1cc2ncnc(Nc3ccc(Cl)cc3)c2cc1OC,6.096909999847412,5.424904152245915,0.07268829810674071,0.7659574468085106,0.672005847601497
gin,5621,COc1cc2ncnc(Nc3ccc(Cl)cc3)c2cc1OCCCC(=O)NO,6.739928722381592,5.807590267774951,0.054091491444320024,0.6716417910447762,0.9323384546066409
gin,5622,COc1cc2ncnc(Nc3ccc(Cl)cc3)c2cc1OCCCCC(=O)NO,6.6575775146484375,5.8080671284754715,0.08202484945448472,0.7121212121212122,0.849510386172966
gin,5623,COc1cc2ncnc(Nc3ccc(Cl)cc3)c2cc1OCCCCCC(=O)NO,6.50445556640625,5.80101458399047,0.11667654558009513,0.7272727272727273,0.7034409824157803
gin,5624,COc1cc2ncnc(Nc3ccc(Cl)cc3)c2cc1OCCCCCCC(=O)NO,6.6675615310668945,5.80156880729722,0.15497667924931088,0.7272727272727273,0.8659927237696747
gin,5625,COc1cc2ncnc(Nc3ccc(Cl)cc3Cl)c2cc1OCCC(=O)NO,6.431798458099365,6.042939118167325,0.13815968478629587,0.5616438356164384,0.3888593399320399
gin,5626,COc1cc2ncnc(Nc3ccc(Cl)cc3Cl)c2cc1OCCCC(=O)NO,6.86012077331543,5.971544020200004,0.15541814707359267,0.5972222222222222,0.8885767531154256
gin,5627,COc1cc2ncnc(Nc3ccc(Cl)cc3Cl)c2cc1OCCCCC(=O)NO,6.93930196762085,5.962650601319315,0.13530118590766405,0.6338028169014085,0.9766513663015344
gin,5628,COc1cc2ncnc(Nc3ccc(Cl)cc3Cl)c2cc1OCCCCCC(=O)NO,7.07572078704834,5.954998891087655,0.10691973231230106,0.647887323943662,1.1207218959606848
gin,5629,COc1cc2ncnc(Nc3ccc(Cl)cc3Cl)c2cc1OCCCCCCC(=O)NO,7.07572078704834,5.955355224904888,0.07558051952073327,0.647887323943662,1.1203655621434523
gin,5630,COc1cc2ncnc(Nc3ccc(Cl)cc3F)c2cc1OC,6.411954402923584,6.906578181920224,0.13993084210682324,0.7884615384615384,0.49462377899664034
gin,5631,COc1cc2ncnc(Nc3ccc(F)c(Cl)c3)c2cc1B(O)O,6.0,5.446985253288972,0.16463953849886995,0.6842105263157895,0.5530147467110282
gin,5635,COc1cc2ncnc(Nc3ccc(F)c(Cl)c3)c2cc1OC,5.275723934173584,5.306429669598458,0.010421192874044282,0.7843137254901961,0.030705735424874092
gin,5636,COc1cc2ncnc(Nc3ccc(F)c(Cl)c3)c2cc1OCCCCCCC(=O)NO,7.0,5.675187160036899,0.053597621343570684,0.7,1.3248128399631014
gin,5638,COc1cc2ncnc(Nc3ccc(F)c(O)c3)c2cc1OC,6.793182373046875,6.222071055797542,0.20739011319374348,0.625,0.5711113172493327
gin,5639,COc1cc2ncnc(Nc3ccc(F)c(O)c3F)c2cc1OC,5.983087062835693,6.4175533824023985,0.374408135092189,0.5932203389830508,0.4344663195667051
gin,5640,COc1cc2ncnc(Nc3ccc(F)cc3)c2cc1OCCCC(=O)NO,6.424812316894531,5.885760761007077,0.07506548685611296,0.6716417910447762,0.539051555887454
gin,5641,COc1cc2ncnc(Nc3ccc(F)cc3)c2cc1OCCCCC(=O)NO,6.341988563537598,5.8804698499704955,0.08468272526556436,0.7121212121212122,0.46151871356710217
gin,5642,COc1cc2ncnc(Nc3ccc(F)cc3)c2cc1OCCCCCC(=O)NO,6.28066873550415,5.883102557814273,0.10887770829644786,0.7272727272727273,0.39756617768987734
gin,5643,COc1cc2ncnc(Nc3ccc(F)cc3)c2cc1OCCCCCCC(=O)NO,6.568636417388916,5.888524827500798,0.13903876629165685,0.7272727272727273,0.680111589888118
gin,5644,COc1cc2ncnc(Nc3ccc(F)cc3F)c2cc1OC,5.537601947784424,6.779796322796017,0.1184655500430333,0.625,1.242194375011593
gin,5664,COc1cc2ncnc(Nc3ccc(NC(=O)OC(C)C)c(C)c3)c2cc1OC,5.279840469360352,5.491212596242292,0.11531468259631551,0.6027397260273972,0.2113721268819404
gin,5665,COc1cc2ncnc(Nc3ccc(NC(=O)OC(C)C)cc3)c2cc1OC,5.296708583831787,5.70935062719722,0.03696598920063661,0.6923076923076923,0.412642043365433
gin,5686,COc1cc2ncnc(Nc3ccc(NC(C)=O)c(C)c3)c2cc1OC.Cl,5.0,5.524727860432582,0.08444486002955585,0.6142857142857143,0.5247278604325816
gin,5687,COc1cc2ncnc(Nc3ccc(NC(C)=O)cc3)c2cc1OC,5.0,5.455502127402856,0.23677030851176536,0.7659574468085106,0.45550212740285634
gin,5688,COc1cc2ncnc(Nc3ccc(O)cc3)c2cc1OC,5.552842140197754,5.787284449458525,0.2041408333268733,0.6808510638297872,0.23444230926077125
gin,5697,COc1cc2ncnc(Nc3cccc(B(O)O)c3)c2cc1OC,6.408935546875,5.908191233483251,0.24274143018342564,0.6037735849056604,0.5007443133917491
gin,5698,COc1cc2ncnc(Nc3cccc(Br)c3)c2cc1OC,5.413552761077881,5.51555156339153,0.03738925074048532,0.6078431372549019,0.10199880231364933
gin,5699,COc1cc2ncnc(Nc3cccc(Br)c3)c2cc1OCCC(=O)NO,6.20412015914917,5.930748130833574,0.007306238712710948,0.6142857142857143,0.27337202831559626
gin,5700,COc1cc2ncnc(Nc3cccc(Br)c3)c2cc1OCCCC(=O)NO,6.3625102043151855,5.8691863047299835,0.023092652002816395,0.6521739130434783,0.49332389958520206
gin,5701,COc1cc2ncnc(Nc3cccc(Br)c3)c2cc1OCCCCC(=O)NO,6.381951808929443,5.868037811885547,0.03610275585930776,0.6911764705882353,0.513913997043896
gin,5702,COc1cc2ncnc(Nc3cccc(Br)c3)c2cc1OCCCCCC(=O)NO,6.335358142852783,5.874175216094433,0.07214388083888211,0.7058823529411765,0.46118292675835004
gin,5703,COc1cc2ncnc(Nc3cccc(C(F)F)c3)c2cc1OC,5.0,5.7305095629686775,0.17297653308439892,0.576271186440678,0.7305095629686775
gin,5704,COc1cc2ncnc(Nc3cccc(Cl)c3)c2cc1B(O)O,6.0,5.745384684108454,0.3453874839734997,0.6379310344827587,0.25461531589154607
gin,5706,COc1cc2ncnc(Nc3cccc(Cl)c3)c2cc1OCCC(=O)NO,6.32239294052124,5.854056643334975,0.01418310204459123,0.6231884057971014,0.4683362971862648
gin,5707,COc1cc2ncnc(Nc3cccc(Cl)c3)c2cc1OCCCC(=O)NO,6.453457355499268,5.797542069868484,0.05171964881164222,0.6428571428571429,0.6559152856307833
gin,5708,COc1cc2ncnc(Nc3cccc(Cl)c3)c2cc1OCCCCC(=O)NO,6.2125396728515625,5.798365434401471,0.07347435394020123,0.6811594202898551,0.4141742384500917
gin,5709,COc1cc2ncnc(Nc3cccc(Cl)c3)c2cc1OCCCCCC(=O)NO,6.300162315368652,5.804621086439852,0.11816236748602262,0.6956521739130435,0.4955412289288006
gin,5710,COc1cc2ncnc(Nc3cccc(Cl)c3F)c2cc1CN(C(C)C)[C@@H](C)C(N)=O,5.0,4.91788072575351,0.21680423774827848,0.675,0.08211927424649001
gin,5716,COc1cc2ncnc(Nc3cccc(Cl)c3F)c2cc1CN(C)CC(N)=O,5.0,5.227425293123531,0.09237201337821035,0.7105263157894737,0.227425293123531
gin,5717,COc1cc2ncnc(Nc3cccc(Cl)c3F)c2cc1CN(C)[C@@H](C)C(N)=O,5.0,5.227559531896399,0.16009759591580663,0.7051282051282052,0.22755953189639921
gin,5718,COc1cc2ncnc(Nc3cccc(Cl)c3F)c2cc1CN(C)[C@@H](CN(C)C)C(N)=O,5.0,5.125559803183724,0.21824178226959354,0.6625,0.12555980318372395
gin,5719,COc1cc2ncnc(Nc3cccc(Cl)c3F)c2cc1CN(C)[C@@H](CO)C(N)=O,5.0,5.22719696198692,0.22086676136686567,0.6708860759493671,0.22719696198691963
gin,5720,COc1cc2ncnc(Nc3cccc(Cl)c3F)c2cc1CN(C)[C@H](C)C(=O)N(C)C,5.0,4.724428679193504,0.2994686151273075,0.6835443037974683,0.27557132080649627
gin,5721,COc1cc2ncnc(Nc3cccc(Cl)c3F)c2cc1CN(C)[C@H](C)C(N)=O,5.0,5.069363445733662,0.29933992858342334,0.7051282051282052,0.0693634457336616
gin,5722,COc1cc2ncnc(Nc3cccc(Cl)c3F)c2cc1CN(CCN(C)C)[C@@H](C)C(N)=O,5.0,5.057710167843179,0.1947809773354347,0.6626506024096386,0.05771016784317862
gin,5735,COc1cc2ncnc(Nc3cccc(Cl)c3F)c2cc1CN[C@H](C)C(N)=O,5.0,5.226066100503696,0.1284224111911187,0.6712328767123288,0.22606610050369635
gin,5737,COc1cc2ncnc(Nc3cccc(N)c3)c2cc1OC,5.1191864013671875,5.232558874314748,0.0907014834256379,0.62,0.11337247294756025
gin,5741,COc1cc2ncnc(Nc3cccc(NS(C)(=O)=O)c3)c2cc1OC,5.0,5.5606306463497885,0.23244390213595065,0.5925925925925926,0.5606306463497885
gin,5742,COc1cc2ncnc(Nc3cccc(O)c3)c2cc1OC,7.301030158996582,6.182207053682867,0.20548197025338025,0.64,1.118823105313715
gin,5743,COc1cc2ncnc(Nc3cccc(O)c3Br)c2cc1OC,5.193608283996582,5.89907110510038,0.4928893407787579,0.5925925925925926,0.7054628211037981
gin,5744,COc1cc2ncnc(Nc3cccc(O)c3C#N)c2cc1OC,5.0,5.99478897891719,0.17347081309625512,0.5614035087719298,0.9947889789171898
gin,5745,COc1cc2ncnc(Nc3cccc(O)c3C(F)(F)F)c2cc1OC,5.0,5.389705769262605,0.31673347435174676,0.5614035087719298,0.3897057692626049
gin,5746,COc1cc2ncnc(Nc3cccc(O)c3C)c2cc1OC,5.0,5.187634716925326,0.12227924291403286,0.6037735849056604,0.1876347169253263
gin,5747,COc1cc2ncnc(Nc3cccc(O)c3Cl)c2cc1OC,5.301030158996582,5.94361308896102,0.13550282608331476,0.5925925925925926,0.6425829299644379
gin,5748,COc1cc2ncnc(Nc3cccc(O)c3F)c2cc1OC,6.219449520111084,6.724109834759655,0.22222827477446438,0.5925925925925926,0.5046603146485706
gin,5749,COc1cc2ncnc(Nc3cccc(O)c3O)c2cc1OC,5.441198825836182,6.661956597327325,0.09849094374301291,0.6153846153846154,1.2207577714911437
gin,5750,COc1cc2ncnc(Nc3cccc(O)c3OC)c2cc1OC,5.0,6.463412186639618,0.031170990328091126,0.6037735849056604,1.4634121866396184
gin,5753,COc1cc2ncnc(Nc3ccccc3)c2cc1OC,5.15490198135376,5.179619034289544,0.08298490667859731,0.7906976744186046,0.024717052935784523
gin,5754,COc1cc2ncnc(Nc3ccccc3Br)c2cc1OCCCC(=O)NO,5.0,5.766532612801427,0.0990527140984085,0.6461538461538462,0.7665326128014271
gin,5755,COc1cc2ncnc(Nc3ccccc3Br)c2cc1OCCCCC(=O)NO,5.0,5.767334113444728,0.0773824876862624,0.6875,0.7673341134447282
gin,5756,COc1cc2ncnc(Nc3ccccc3Br)c2cc1OCCCCCC(=O)NO,5.0,5.7593057582680744,0.05714130578783621,0.703125,0.7593057582680744
gin,5757,COc1cc2ncnc(Nc3ccccc3Br)c2cc1OCCCCCCC(=O)NO,5.0,5.7596850579350685,0.04039335300545906,0.703125,0.7596850579350685
gin,5758,COc1cc2ncnc(Nc3ccccc3Cl)c2cc1OCCCC(=O)NO,6.067018985748291,5.842499010570161,0.06905396677945377,0.6363636363636364,0.22451997517813016
gin,5759,COc1cc2ncnc(Nc3ccccc3Cl)c2cc1OCCCCC(=O)NO,6.079876899719238,5.8385332566138,0.04924327727664332,0.676923076923077,0.24134364310543788
gin,5760,COc1cc2ncnc(Nc3ccccc3Cl)c2cc1OCCCCCC(=O)NO,6.164309501647949,5.8313694892947865,0.02743235644728848,0.6923076923076923,0.33294001235316273
gin,5761,COc1cc2ncnc(Nc3ccccc3Cl)c2cc1OCCCCCCC(=O)NO,6.43889856338501,5.825325213234578,0.029899298943517498,0.6923076923076923,0.6135733501504319
gin,5762,COc1cc2ncnc(Nc3ccccc3F)c2cc1OC,5.568636417388916,6.359568194690966,0.1628164716768773,0.6111111111111112,0.7909317773020499
gin,5763,COc1cc2ncnc(Nc3ccccc3F)c2cc1OCCCC(=O)NO,6.062983989715576,6.5331982319316255,0.15295006616589057,0.6363636363636364,0.47021424221604935
gin,5764,COc1cc2ncnc(Nc3ccccc3F)c2cc1OCCCCC(=O)NO,6.07572078704834,6.560471806418586,0.13426067512307188,0.676923076923077,0.484751019370246
gin,5765,COc1cc2ncnc(Nc3ccccc3F)c2cc1OCCCCCC(=O)NO,6.0371575355529785,6.583834357111187,0.11842731774555323,0.6923076923076923,0.5466768215582087
gin,5766,COc1cc2ncnc(Nc3ccccc3F)c2cc1OCCCCCCC(=O)NO,6.122628688812256,6.593566907632595,0.12076174715409309,0.6923076923076923,0.47093821882033904
gin,5767,COc1cc2ncnc(Nc3ccccc3O)c2cc1OC,5.0,6.772045004139097,0.11679891292548608,0.625,1.7720450041390974
gin,6161,COc1ccc(N(C)c2nc(C)nc3ccccc23)cc1,8.07572078704834,7.53403525085209,0.26360161342031785,0.6382978723404256,0.5416855361962503
gin,6166,COc1ccc(N(C)c2nc(Cl)nc3ccccc23)cc1,7.010995388031006,6.593123058775821,0.954854875425542,0.4716981132075472,0.4178723292551849
gin,6289,COc1ccc(Nc2ncnc3cc(OC)c(OC)cc23)cc1O,6.822657585144043,6.242430214303602,0.18723080652755528,0.6363636363636364,0.5802273708404408
gin,6534,COc1cccc(Nc2ncnc3cc(OC)c(OC)cc23)c1,5.318758964538574,5.557671157254447,0.02565579262149345,0.7551020408163265,0.2389121927158726
gin,6723,CSc1ccc(N(C)c2nc(C)nc3ccccc23)cc1,7.8326826095581055,7.450209974357449,0.30790301387197044,0.54,0.38247263520065644
gin,9457,Fc1ccc(Nc2ncnc3ccccc23)cc1Cl,5.0,5.3781858786303856,0.17479526019358385,0.6086956521739131,0.37818587863038555
gin,11575,OB(O)c1ccc2ncnc(Nc3ccc(F)c(Cl)c3)c2c1,6.0,5.419436501839907,0.008450156660756653,0.5789473684210527,0.5805634981600933
gin,11576,OB(O)c1ccc2ncnc(Nc3cccc(Cl)c3)c2c1,6.0,5.659846999222869,0.1220122171017547,0.5636363636363636,0.3401530007771312
gin,0,Br.COc1cc(OC)cc(N(CCP(=O)(O)O)c2ccc3ncc(-c4cnn(C)c4)nc3c2)c1,5.0,5.623993801509073,0.04121589996774581,0.7121212121212122,0.6239938015090729
gin,11,C#CCN(c1cc(OC)cc(OC)c1)c1ccc2ncc(-c3cnn(C)c3)nc2c1,5.139999866485596,4.992018946711975,0.0713691113190136,0.7868852459016393,0.14798091977362038
gin,13,C#CCN(c1ccc2ncc(-c3cnn(C)c3)nc2c1)c1c(Cl)c(OC)cc(OC)c1Cl,5.309999942779541,6.017799307794149,0.28726474614864334,0.6052631578947368,0.7077993650146084
gin,14,C#CCN(c1ccc2ncc(-c3cnn(C)c3)nc2c1)c1c(F)c(OC)cc(OC)c1F,6.199998378753662,6.195355799400796,0.12239429443945413,0.7428571428571429,0.004642579352865717
gin,295,C=CCN(c1cc(F)cc(OC)c1)c1ccc2ncc(-c3cnn(C)c3)nc2c1,5.180000305175781,4.967128924391204,0.07923704541227763,0.6714285714285714,0.212871380784577
gin,296,C=CCN(c1cc(OC)cc(OC)c1)c1ccc2ncc(-c3cnn(C)c3)nc2c1,5.5500006675720215,5.140053708748648,0.08437803844806611,0.75,0.4099469588233733
gin,753,CC(C)NCCN(c1cc(Cl)cc(Cl)c1)c1ccc2ncc(-c3cnn(C)c3)nc2c1,5.210000038146973,5.432265020151211,0.06912983625678885,0.6712328767123288,0.22226498200423794
gin,1258,CCCN(c1cc(OC)cc(OC)c1)c1ccc2ncc(-c3cnn(C)c3)nc2c1,6.659992218017578,5.2097827870875335,0.10044737096705754,0.7966101694915254,1.4502094309300446
gin,1353,CCCn1cc(-c2cnc3ccc(N(CCN)c4cc(OC)cc(OC)c4)cc3n2)cn1.Cl,5.679999351501465,5.261808651408065,0.17252575532954947,0.7183098591549296,0.4181907000934002
gin,1395,CCN(CC)CCN(c1cc(OC)cc(OC)c1)c1ccc2ncc(-c3cnn(C)c3)nc2c1,5.760000228881836,5.664385897641371,0.022500766075217386,0.7868852459016393,0.0956143312404647
gin,1490,CCN(CCN(c1cc(OC)cc(OC)c1)c1ccc2ncc(-c3cnn(C)c3)nc2c1)C(C)C.Cl,6.160000801086426,5.903939846466339,0.025080019885994894,0.7272727272727273,0.2560609546200867
gin,1505,CCN(c1cc(OC)cc(OC)c1)c1ccc2ncc(-c3cnn(C)c3)nc2c1,5.789999961853027,5.22013207054016,0.1273656281034309,0.7931034482758621,0.5698678913128674
gin,1508,CCN(c1ccc2ncc(-c3cnn(C)c3)nc2c1)c1cc(OC)cc(OC)c1Cl,7.309981346130371,5.452962059339086,0.10936319701148738,0.6376811594202898,1.8570192867912851
gin,1652,CCNCCN(c1cc(OC)cc(OC)c1)c1ccc2ncc(-c3cnn(C)c3)nc2c1,5.340000152587891,5.453270507982116,0.025965472307897218,0.8125,0.11327035539422514
gin,1706,CCOC(=O)CN(c1cc(OC)cc(OC)c1)c1ccc2ncc(-c3cnn(C)c3)nc2c1,5.0,5.456867906738599,0.07630580257882778,0.75,0.4568679067385988
gin,1825,CCOCCN(c1cc(OC)cc(OC)c1)c1ccc2ncc(-c3cnn(C)c3)nc2c1,5.259999752044678,5.377261885106843,0.06323075371787644,0.746031746031746,0.11726213306216504
gin,1850,CCOc1cc(F)cc(N(CCN)c2ccc3ncc(-c4cnn(C)c4)nc3c2)c1,5.039999961853027,5.088430535702173,0.2502747793263929,0.6164383561643836,0.04843057384914573
gin,1851,CCOc1cc(F)cc(N(CCO)c2ccc3ncc(-c4cnn(C)c4)nc3c2)c1,5.329999923706055,5.18036761580466,0.1611599775323996,0.5915492957746479,0.1496323079013946
gin,1911,CCS(=O)(=O)NCCN(c1cc(OC)cc(OC)c1)c1ccc2ncc(-c3cnn(C)c3)nc2c1,6.090000152587891,5.494699974303027,0.1085227277963317,0.7352941176470589,0.5953001782848633
gin,1972,CCc1c(-c2cnc3ccc(N(CCNC(C)C)c4cc(OC)cc(OC)c4)cc3n2)cnn1C.Cl,5.75,5.87742556629955,0.3344176605104157,0.6125,0.12742556629955004
gin,1973,CCc1c(-c2cnc3ccc(N(CCNCC(F)(F)F)c4cc(OC)cc(OC)c4)cc3n2)cnn1C,5.089999675750732,5.682206044650495,0.35817382310511714,0.5375,0.5922063688997623
gin,1974,CCc1c(-c2cnc3ccc(N(CCO)c4cc(OC)cc(OC)c4)cc3n2)cnn1C,5.369999408721924,5.493714796950731,0.45347435264449937,0.581081081081081,0.12371538822880712
gin,2093,CCn1cc(-c2cnc3ccc(N(CCN)c4cc(OC)cc(OC)c4)cc3n2)cn1,5.589999198913574,5.053572132446789,0.20660981994296576,0.7246376811594203,0.5364270664667856
gin,2094,CCn1cc(-c2cnc3ccc(N(CCNC(C)C)c4cc(OC)cc(OC)c4)cc3n2)cn1.Cl,5.820000171661377,5.702094220098199,0.0786126267522298,0.7567567567567568,0.11790595156317796
gin,2096,CCn1cc(-c2cnc3ccc(N(CCNC)c4cc(OC)cc(OC)c4)cc3n2)cn1,5.62999963760376,5.2391676294237755,0.13126484709680464,0.7323943661971831,0.3908320081799843
gin,2646,CNC(=O)CN(c1cc(OC)cc(OC)c1)c1ccc2ncc(-c3cnn(C)c3)nc2c1,5.0,5.208081110285055,0.07292527732500101,0.7681159420289855,0.20808111028505483
gin,2651,CNC(=O)Cn1cc(-c2cnc3ccc(N(CCCN)c4cc(OC)cc(OC)c4)cc3n2)cn1,5.150000095367432,5.189019354805093,0.15861562918444977,0.6756756756756757,0.03901925943766127
gin,2653,CNC(=O)Cn1cc(-c2cnc3ccc(N(CCCNC(C)C)c4cc(OC)cc(OC)c4)cc3n2)cn1,5.250000476837158,5.553118033533148,0.09899886670358866,0.6746987951807228,0.30311755669599005
gin,2654,CNC(=O)Cn1cc(-c2cnc3ccc(N(CCCO)c4cc(OC)cc(OC)c4)cc3n2)cn1,5.559999942779541,5.208666000639823,0.16451467835336142,0.625,0.3513339421397177
gin,2655,CNC(=O)Cn1cc(-c2cnc3ccc(N(CCNC(C)C)c4cc(OC)cc(OC)c4)cc3n2)cn1.Cl,5.390000343322754,5.707559566405867,0.06295269334880937,0.7037037037037037,0.317559223083113
gin,2656,CNC(=O)Cn1cc(-c2cnc3ccc(N(CCO)c4cc(OC)cc(OC)c4)cc3n2)cn1,5.559999942779541,5.182005028299083,0.2041294725702712,0.6351351351351351,0.37799491448045774
gin,2674,CNC(=O)OCCN(c1cc(OC)cc(OC)c1)c1ccc2ncc(-c3cnn(C)c3)nc2c1,5.259999752044678,5.470977378504358,0.024067541247646554,0.7083333333333334,0.21097762645968032
gin,2691,CNC(=O)c1cc(F)cc(N(CC(C)(C)O)c2ccc3ncc(-c4cnn(C)c4)nc3c2)c1,7.019996643066406,5.016405748946322,0.21913630612929272,0.4878048780487805,2.0035908941200846
gin,2694,CNC(=O)c1cc(F)cc(N(CCNC(C)C)c2ccc3ncc(-c4cnn(C)c4)nc3c2)c1,7.960189342498779,5.623101915095011,0.11051468340789111,0.5833333333333334,2.3370874274037687
gin,2695,CNC(=O)c1cc(F)cc(N(CCO)c2ccc3ncc(-c4cnn(C)c4)nc3c2)c1,6.290001392364502,5.199822345274375,0.15786379205329384,0.5542168674698795,1.0901790470901274
gin,2698,CNC(=O)c1cc(OC)cc(N(CC(C)(C)O)c2ccc3ncc(-c4cnn(C)c4)nc3c2)c1,6.719991207122803,5.050726846486573,0.2365344272925556,0.6164383561643836,1.6692643606362294
gin,2699,CNC(=O)c1cc(OC)cc(N(CC(O)CO)c2ccc3ncc(-c4cnn(C)c4)nc3c2)c1,5.0,5.517804445632824,0.03788449728761193,0.6538461538461539,0.5178044456328239
gin,2705,CNC(=O)c1cc(OC)cc(N(CCCO)c2ccc3ncc(-c4cnn(CCO)c4)nc3c2)c1,5.0,5.143938794218552,0.21012047855308408,0.6666666666666666,0.1439387942185517
gin,2706,CNC(=O)c1cc(OC)cc(N(CCN)c2ccc3ncc(-c4cnn(C)c4)nc3c2)c1,5.250000476837158,5.196133007985206,0.03791820399001573,0.65,0.05386746885195226
gin,2707,CNC(=O)c1cc(OC)cc(N(CCNC(C)C)c2ccc3ncc(-c4cnn(C(C)C)c4)nc3c2)c1,6.9399824142456055,5.755571265660346,0.027982180402685863,0.6075949367088608,1.1844111485852595
gin,2708,CNC(=O)c1cc(OC)cc(N(CCNC(C)C)c2ccc3ncc(-c4cnn(C)c4)nc3c2)c1,5.909999370574951,5.579122162535081,0.08841026540027473,0.6582278481012658,0.33087720803986986
gin,2709,CNC(=O)c1cc(OC)cc(N(CCO)c2ccc3ncc(-c4cnn(CCOC)c4)nc3c2)c1,5.6399993896484375,5.113398196119192,0.20568797387126192,0.5975609756097561,0.5266011935292454
gin,2915,CNCC(O)CN(c1cc(OC)cc(OC)c1)c1ccc2ncc(-c3cnn(C)c3)nc2c1,5.8000006675720215,5.556312841193763,0.04535602512539443,0.7536231884057971,0.2436878263782587
gin,2916,CNCC(O)CN(c1cc(OC)cc(OC)c1)c1ccc2ncc(-c3cnn(C)c3)nc2c1.Cl,5.779999256134033,5.697967229347114,0.08683837626626778,0.7428571428571429,0.08203202678691923
gin,2917,CNCCCN(c1cc(OC)cc(OC)c1)c1ccc2ncc(-c3cnn(C)c3)nc2c1,6.239999771118164,5.449532108425028,0.012051863375813042,0.7538461538461538,0.7904676626931364
gin,2920,CNCCN(c1cc(F)cc(OC)c1)c1ccc2ncc(-c3cnn(C)c3)nc2c1,5.529999732971191,5.2920793694670465,0.061340136592938736,0.7,0.23792036350414492
gin,2921,CNCCN(c1cc(OC)cc(OC)c1)c1ccc2ncc(-c3cn[nH]c3)nc2c1,5.0,5.479073404047483,0.08892702412747783,0.703125,0.4790734040474831
gin,2922,CNCCN(c1cc(OC)cc(OC)c1)c1ccc2ncc(-c3cnn(C(C)C)c3)nc2c1.Cl,5.59999942779541,5.8106471050251685,0.043714171119412615,0.6666666666666666,0.2106476772297583
gin,2923,CNCCN(c1cc(OC)cc(OC)c1)c1ccc2ncc(-c3cnn(C)c3)nc2c1,5.0,5.391531892420005,0.006782221255385609,0.78125,0.3915318924200051
gin,2924,CNCCN(c1cc(OC)cc(OC)c1)c1ccc2ncc(-c3cnn(CC(=O)NC)c3)nc2c1,5.239999771118164,5.271772148655979,0.1282954792948322,0.6842105263157895,0.031772377537815366
gin,2925,CNCCN(c1cc(OC)cc(OC)c1)c1ccc2ncc(-c3cnn(CC(=O)NC)c3)nc2c1.Cl,5.0,5.487913803621798,0.08297639366928528,0.6973684210526315,0.48791380362179826
gin,2927,CNCCN(c1cc(OC)cc(OC)c1)c1ccc2ncc(-c3cnn(CCO)c3)nc2c1,5.0,5.208039836871308,0.14999182875731734,0.7027027027027027,0.20803983687130767
gin,2928,CNCCN(c1cc(OC)cc(OC)c1)c1ccc2ncc(-c3cnn(CCS(C)(=O)=O)c3)nc2c1,5.0,5.1506096347600305,0.3201436532714631,0.6666666666666666,0.15060963476003053
gin,2929,CNCCN(c1cc(OC)cc(OCCO)c1)c1ccc2ncc(-c3cnn(C)c3)nc2c1.Cl,5.0,5.74107054797859,0.10381937188840458,0.7183098591549296,0.7410705479785902
gin,2940,CNC[C@@H](O)CN(c1cc(OC)cc(OC)c1)c1ccc2ncc(-c3cnn(C)c3)nc2c1,5.879999160766602,5.558000192515256,0.04367054366294486,0.7536231884057971,0.32199896825134555
gin,2941,CNC[C@H](O)CN(c1cc(OC)cc(OC)c1)c1ccc2ncc(-c3cnn(C)c3)nc2c1,5.959999084472656,5.451619270897652,0.09219568528715337,0.7536231884057971,0.5083798135750044
gin,3434,COC/C(CN(c1cc(OC)cc(OC)c1)c1ccc2ncc(-c3cnn(C)c3)nc2c1)=N/O,5.21999979019165,5.450086494521334,0.06691359152360588,0.6857142857142857,0.23008670432968348
gin,3435,COC/C(CN(c1cc(OC)cc(OC)c1)c1ccc2ncc(-c3cnn(C)c3)nc2c1)=N\O,5.369999408721924,5.450086419387692,0.06691353714411565,0.6857142857142857,0.08008701066576851
gin,3464,COCC(O)CN(c1cc(OC)cc(OC)c1)c1ccc2ncc(-c3cnn(C(C)C)c3)nc2c1,5.369999408721924,5.8028954920948195,0.07473936458010083,0.6351351351351351,0.43289608337289565
gin,3465,COCC(O)CN(c1cc(OC)cc(OC)c1)c1ccc2ncc(-c3cnn(C(C)C)c3)nc2c1.Cl,5.369999408721924,5.977870097505047,0.0821676651505636,0.6266666666666667,0.6078706887831231
gin,3466,COCC(O)CN(c1cc(OC)cc(OC)c1)c1ccc2ncc(-c3cnn(C)c3)nc2c1,5.259999752044678,5.538206935901353,0.07048519317730856,0.7761194029850746,0.27820718385667487
gin,3496,COCCN(c1cc(OC)cc(OC)c1)c1ccc2ncc(-c3cnn(C)c3)nc2c1,5.34999942779541,5.3057793378419165,0.035565064257741745,0.7833333333333333,0.04422008995349369
gin,3497,COCCN(c1cccc(OC)c1)c1ccc2ncc(-c3cnn(C)c3)nc2c1,5.0,5.137039296961348,0.047526892288864676,0.6923076923076923,0.13703929696134765
gin,3508,COCCNC(=O)CN(c1cc(OC)cc(OC)c1)c1ccc2ncc(-c3cnn(C)c3)nc2c1,5.0,5.3303935946537235,0.06611186795077276,0.8142857142857143,0.33039359465372353
gin,3693,COC[C@@H](CN(c1cc(OC)cc(OC)c1)c1ccc2ncc(-c3cnn(C)c3)nc2c1)OC(C)=O,5.079999923706055,5.434237253196841,0.06806044946605615,0.6805555555555556,0.3542373294907861
gin,3695,COC[C@@H](O)CN(c1cc(OC)cc(OC)c1)c1ccc2ncc(-c3cnn(C(C)C)c3)nc2c1.Cl,5.489999771118164,5.857266114577963,0.10710365308158222,0.6266666666666667,0.36726634345979914
gin,3696,COC[C@@H](O)CN(c1cc(OC)cc(OC)c1)c1ccc2ncc(-c3cnn(CCCN)c3)nc2c1.Cl,5.159999847412109,5.5653541481255315,0.06353219666496128,0.6075949367088608,0.40535430071342216
gin,3700,COC[C@H](CN(c1cc(OC)cc(OC)c1)c1ccc2ncc(-c3cnn(C)c3)nc2c1)OC(C)=O,5.159999847412109,5.251976312453716,0.18932083446080145,0.6805555555555556,0.09197646504160684
gin,3702,COC[C@H](O)CN(c1cc(OC)cc(OC)c1)c1ccc2ncc(-c3cnn(C(C)C)c3)nc2c1.Cl,5.489999771118164,5.821106258906259,0.09245791243487368,0.6266666666666667,0.33110648778809537
gin,3703,COC[C@H](O)CN(c1cc(OC)cc(OC)c1)c1ccc2ncc(-c3cnn(CCCN)c3)nc2c1.Cl,5.170000076293945,5.447782270958328,0.1173212459180134,0.6075949367088608,0.2777821946643826
gin,3961,COc1cc(F)cc(N(CCCNC(C)C)c2ccc3ncc(-c4cnn(C)c4)nc3c2)c1,5.5500006675720215,5.63910377789,0.09365919567361065,0.6756756756756757,0.08910311031797846
gin,3962,COc1cc(F)cc(N(CCCNCC(F)(F)F)c2ccc3ncc(-c4cnn(C)c4)nc3c2)c1,5.0,5.483182838570997,0.10266543523917325,0.6455696202531646,0.48318283857099686
gin,3963,COc1cc(F)cc(N(CCCO)c2ccc3ncc(-c4cnn(C)c4)nc3c2)c1,5.239999771118164,5.160222583481111,0.1233613532276316,0.7162162162162162,0.07977718763705344
gin,3964,COc1cc(F)cc(N(CCCO)c2ccc3ncc(-c4cnn(CCO)c4)nc3c2)c1,5.119999885559082,5.018489004469586,0.21787827994515996,0.6447368421052632,0.1015108810894958
gin,3965,COc1cc(F)cc(N(CCN)c2ccc3ncc(-c4cnn(C)c4)nc3c2)c1,5.130000114440918,5.025700707051897,0.1975718955920643,0.696969696969697,0.10429940738902133
gin,3966,COc1cc(F)cc(N(CCNC(C)C)c2ccc3ncc(-c4cn[nH]c4)nc3c2)c1.Cl,5.710000991821289,5.905957547887368,0.014009783991529317,0.6388888888888888,0.1959565560660792
gin,3967,COc1cc(F)cc(N(CCNC(C)C)c2ccc3ncc(-c4cnn(C)c4)nc3c2)c1,5.789999961853027,5.5814636273397396,0.09092401723295258,0.6973684210526315,0.2085363345132878
gin,3968,COc1cc(F)cc(N(CCO)c2ccc3ncc(-c4cn[nH]c4)nc3c2)c1,5.0,5.262782408446848,0.24679693064774416,0.6470588235294118,0.2627824084468484
gin,3969,COc1cc(F)cc(N(CCO)c2ccc3ncc(-c4cnn(CCO)c4)nc3c2)c1,5.340000152587891,4.9564767271404735,0.29375538364784637,0.6621621621621622,0.38352342544741713
gin,3973,COc1cc(N(CCCN)c2ccc3ncc(-c4cnn(C)c4)nc3c2)cc(OC)c1C(O)C(F)(F)F,5.0,5.333982252863241,0.06092388792089698,0.5949367088607594,0.33398225286324124
gin,3974,COc1cc(N(CCCNCC(F)(F)F)c2ccc3ncc(-c4cnn(C)c4)nc3c2)cc(F)c1F.Cl,5.0,5.8006607421056815,0.12097734976254432,0.573170731707317,0.8006607421056815
gin,3994,COc1cc(Nc2ccc3ncc(-c4cnn(C)c4)nc3c2)cc(OC)c1,6.251811981201172,5.379858804292705,0.06539810668012137,0.6333333333333333,0.871953176908467
gin,4074,COc1cc(O)cc(N(CCCNCC(F)(F)F)c2ccc3ncc(-c4cn[nH]c4)nc3c2)c1.Cl,5.0,6.173884633259685,0.16517622077515268,0.5769230769230769,1.1738846332596848
gin,4075,COc1cc(O)cc(N(CCCNCC(F)(F)F)c2ccc3ncc(-c4cnn(C)c4)nc3c2)c1,5.269999980926514,5.843895845144402,0.11774315353621698,0.6493506493506493,0.5738958642178886
gin,4076,COc1cc(O)cc(N(CCCO)c2ccc3ncc(-c4cn[nH]c4)nc3c2)c1,5.180000305175781,5.714459188885807,0.23513878068554225,0.6376811594202898,0.5344588837100259
gin,4077,COc1cc(O)cc(N(CCN)c2ccc3ncc(-c4cnn(C)c4)nc3c2)c1,5.0,5.35429185290629,0.17807114695128126,0.696969696969697,0.3542918529062904
gin,4078,COc1cc(O)cc(N(CCNC(C)C)c2ccc3ncc(-c4cn[nH]c4)nc3c2)c1.Cl,5.0,6.21506837500597,0.11756287218387325,0.6388888888888888,1.2150683750059699
gin,4079,COc1cc(O)cc(N(CCNC(C)C)c2ccc3ncc(-c4cnn(C)c4)nc3c2)c1,5.8299994468688965,5.922541333258285,0.039793092983414796,0.6973684210526315,0.09254188638938832
gin,4080,COc1cc(O)cc(N(CCO)c2ccc3ncc(-c4cnn(C)c4)nc3c2)c1,5.589999198913574,5.479259710433932,0.17799455331119082,0.7076923076923077,0.11073948847964221
gin,4084,COc1cc(OC)c(C)c(N(CCNC(C)C)c2ccc3ncc(-c4cnn(C)c4)nc3c2)c1.Cl,6.399996757507324,5.8218202038126305,0.03700049500569515,0.6708860759493671,0.5781765536946937
gin,4085,COc1cc(OC)c(C)c(N(CCO)c2ccc3ncc(-c4cnn(C)c4)nc3c2)c1,5.840000152587891,5.290544965195163,0.19514665828205752,0.6056338028169014,0.549455187392728
gin,4110,COc1cc(OC)c(Cl)c(N(CCNC(C)C)c2ccc3ncc(-c4cnn(C)c4)nc3c2)c1.Cl,6.959991455078125,6.0363883286627384,0.13397884211831004,0.6625,0.9236031264153866
gin,4111,COc1cc(OC)c(Cl)c(N(CCNC(C)C)c2ccc3ncc(-c4cnn(C)c4)nc3c2)c1Cl,6.329995632171631,6.213290362423696,0.2760584249681528,0.6842105263157895,0.11670526974793471
gin,4112,COc1cc(OC)c(Cl)c(N(CCO)c2ccc3ncc(-c4cnn(C)c4)nc3c2)c1,6.744993209838867,5.555831510041571,0.19535674801440633,0.6133333333333333,1.189161699797296
gin,4113,COc1cc(OC)c(Cl)c(N(CCO)c2ccc3ncc(-c4cnn(C)c4)nc3c2)c1.Cl,7.680061340332031,5.747861752613801,0.175446821071643,0.6052631578947368,1.9321995877182303
gin,4114,COc1cc(OC)c(Cl)c(N(CCO)c2ccc3ncc(-c4cnn(C)c4)nc3c2)c1Cl,5.729999542236328,6.052018796475937,0.3666705937983069,0.5774647887323944,0.322019254239609
gin,4124,COc1cc(OC)c(F)c(N(CCCNCC(F)(F)F)c2ccc3ncc(-c4cnn(C)c4)nc3c2)c1F,6.610001564025879,6.301359330998129,0.2016810834037298,0.5975609756097561,0.30864223302774985
gin,4129,COc1cc(OC)c(F)c(N(CCNC(C)C)c2ccc3ncc(-c4cnn(C)c4)nc3c2)c1F,7.609948635101318,6.352778691519679,0.23189606406955832,0.7285714285714285,1.2571699435816397
gin,4131,COc1cc(OC)c(F)c(N(CCO)c2ccc3ncc(-c4cnn(C)c4)nc3c2)c1F,6.869987964630127,6.228667413855717,0.23583368122873524,0.6712328767123288,0.6413205507744095
gin,4192,COc1cc(OC)cc(N(C)c2ccc3ncc(-c4cnn(C)c4)nc3c2)c1,6.060001850128174,5.505527633651279,0.4514933128282675,0.7068965517241379,0.554474216476895
gin,4193,COc1cc(OC)cc(N(C/C(=N/O)C(C)C)c2ccc3ncc(-c4cnn(C)c4)nc3c2)c1,5.0,5.400378027195624,0.10321973542385983,0.6911764705882353,0.4003780271956243
gin,4194,COc1cc(OC)cc(N(C/C(=N\O)C(C)C)c2ccc3ncc(-c4cnn(C)c4)nc3c2)c1,5.329999923706055,5.400378077284718,0.10321974084394452,0.6911764705882353,0.0703781535786634
gin,4195,COc1cc(OC)cc(N(C/C(C)=N/O)c2ccc3ncc(-c4cnn(C)c4)nc3c2)c1,5.309999942779541,5.232588401835869,0.026554679792718063,0.7164179104477612,0.07741154094367175
gin,4196,COc1cc(OC)cc(N(C/C(C)=N\O)c2ccc3ncc(-c4cnn(C)c4)nc3c2)c1,5.239999771118164,5.232588301657681,0.026554630338106653,0.7164179104477612,0.007411469460483211
gin,4203,COc1cc(OC)cc(N(CC#CC(C)(C)O)c2ccc3ncc(-c4cnn(C)c4)nc3c2)c1,5.139999866485596,4.9773421909081135,0.11756905331090041,0.7575757575757576,0.16265767557748223
gin,4213,COc1cc(OC)cc(N(CC#CCO)c2ccc3ncc(-c4cnn(C)c4)nc3c2)c1,5.689999580383301,5.127710002781593,0.1544202210082386,0.7936507936507936,0.5622895776017076
gin,4263,COc1cc(OC)cc(N(CC(=O)NC(C)C)c2ccc3ncc(-c4cnn(C)c4)nc3c2)c1,5.0,5.43761521163096,0.006574471047903056,0.7605633802816901,0.43761521163095995
gin,4264,COc1cc(OC)cc(N(CC(=O)NCCN)c2ccc3ncc(-c4cnn(C)c4)nc3c2)c1.Cl,5.0,5.4477407220545615,0.09173747380252989,0.8028169014084507,0.4477407220545615
gin,4266,COc1cc(OC)cc(N(CC(=O)NCCO)c2ccc3ncc(-c4cnn(C)c4)nc3c2)c1,5.0,5.3184402580435135,0.08815852304055767,0.8260869565217391,0.3184402580435135
gin,4271,COc1cc(OC)cc(N(CC(=O)O)c2ccc3ncc(-c4cnn(C)c4)nc3c2)c1.Cl,5.0,5.610461556466646,0.05362185799234381,0.78125,0.610461556466646
gin,4272,COc1cc(OC)cc(N(CC(C)(C)O)c2ccc3ncc(-c4cn[nH]c4)nc3c2)c1,5.089999675750732,5.158228186011229,0.08907960410351336,0.6515151515151515,0.06822851026049648
gin,4273,COc1cc(OC)cc(N(CC(C)(C)O)c2ccc3ncc(-c4cnn(C)c4)nc3c2)c1,5.239999771118164,5.064203943436117,0.07297580340524158,0.7540983606557377,0.17579582768204727
gin,4274,COc1cc(OC)cc(N(CC(C)C)c2ccc3ncc(-c4cnn(C)c4)nc3c2)c1,5.959999084472656,5.251260514250855,0.13195947107994796,0.75,0.7087385702218016
gin,4275,COc1cc(OC)cc(N(CC(C)N)c2ccc3ncc(-c4cnn(C)c4)nc3c2)c1,5.460000038146973,5.2740184191368185,0.1436469832326634,0.7258064516129032,0.1859816190101542
gin,4276,COc1cc(OC)cc(N(CC(C)NC(C)C)c2ccc3ncc(-c4cnn(C)c4)nc3c2)c1.Cl,5.570000648498535,5.706464819159673,0.18509502298287672,0.7014925373134329,0.1364641706611378
gin,4277,COc1cc(OC)cc(N(CC(C)NCC(F)(F)F)c2ccc3ncc(-c4cnn(C)c4)nc3c2)c1,5.0,5.5973388148151075,0.035688666483678556,0.6666666666666666,0.5973388148151075
gin,4278,COc1cc(OC)cc(N(CC(C)O)c2ccc3ncc(-c4cnn(C)c4)nc3c2)c1,5.450000286102295,5.396225240560947,0.07291527327907471,0.7575757575757576,0.05377504554134749
gin,4279,COc1cc(OC)cc(N(CC(F)CN)c2ccc3ncc(-c4cnn(C)c4)nc3c2)c1,5.929998874664307,5.364342229688361,0.09152808341739123,0.7,0.5656566449759453
gin,4280,COc1cc(OC)cc(N(CC(N)=O)c2ccc3ncc(-c4cnn(C)c4)nc3c2)c1,5.0,5.172973563874355,0.09744516510112322,0.78125,0.17297356387435503
gin,4281,COc1cc(OC)cc(N(CC(NC(C)C)C(C)C)c2ccc3ncc(-c4cnn(C)c4)nc3c2)c1,5.0,5.54742247774783,0.22569797307102213,0.7014925373134329,0.5474224777478298
gin,4282,COc1cc(OC)cc(N(CC(NC(C)C)C(C)C)c2ccc3ncc(-c4cnn(C)c4)nc3c2)c1.Cl,5.0,5.604219378394646,0.2128924506131127,0.6911764705882353,0.6042193783946459
gin,4283,COc1cc(OC)cc(N(CC(O)C(C)C)c2ccc3ncc(-c4cnn(C)c4)nc3c2)c1,5.229999542236328,5.6005943555026265,0.05401644107126735,0.7352941176470589,0.3705948132662984
gin,4284,COc1cc(OC)cc(N(CC(O)C(F)(F)F)c2ccc3ncc(-c4cnn(C(C)C)c4)nc3c2)c1,5.489999771118164,5.621030280241636,0.09276172383128324,0.6410256410256411,0.13103050912347225
gin,4285,COc1cc(OC)cc(N(CC(O)C(F)(F)F)c2ccc3ncc(-c4cnn(C)c4)nc3c2)c1,5.269999980926514,5.430744590736651,0.05637833751863263,0.7142857142857143,0.16074460981013772
gin,4286,COc1cc(OC)cc(N(CC(O)CN)c2ccc3ncc(-c4cnn(C)c4)nc3c2)c1,5.489999771118164,5.427418424426094,0.09295041563634203,0.7761194029850746,0.06258134669207038
gin,4290,COc1cc(OC)cc(N(CC(O)CNC(C)C)c2ccc3ncc(-c4cnn(C)c4)nc3c2)c1,6.020002841949463,5.811431199708181,0.037162999089926166,0.7571428571428571,0.20857164224128155
gin,4291,COc1cc(OC)cc(N(CC(O)CNC(C)C)c2ccc3ncc(-c4cnn(C)c4)nc3c2)c1.Cl,6.699991703033447,5.8883189362784565,0.07619370831543945,0.7464788732394366,0.8116727667549908
gin,4292,COc1cc(OC)cc(N(CC(O)CNCC(F)(F)F)c2ccc3ncc(-c4cnn(C)c4)nc3c2)c1,5.2900004386901855,5.699338418305047,0.03975316224225558,0.6933333333333334,0.40933797961486107
gin,4293,COc1cc(OC)cc(N(CC(O)CO)c2ccc3ncc(-c4cnn(C)c4)nc3c2)c1,5.499999523162842,5.595414191453661,0.02452140567107081,0.7878787878787878,0.09541466829081902
gin,4294,COc1cc(OC)cc(N(CC(OCC(O)C(C)C)C(C)C)c2ccc3ncc(-c4cnn(C)c4)nc3c2)c1,5.0,5.939843746865894,0.2354396941313062,0.6666666666666666,0.9398437468658942
gin,4295,COc1cc(OC)cc(N(CC(OCC(O)C(C)C)C(C)C)c2ccc3ncc(-c4cnn(C)c4)nc3c2)c1.Cl,5.0,5.986415184301326,0.17226913032420826,0.6578947368421053,0.9864151843013262
gin,4355,COc1cc(OC)cc(N(CCC#N)c2ccc3ncc(-c4cnn(C)c4)nc3c2)c1,5.470000267028809,5.2159790585045585,0.07632662591500525,0.7575757575757576,0.25402120852425014
gin,4356,COc1cc(OC)cc(N(CCC#N)c2ccc3ncc(-c4cnn(CCO)c4)nc3c2)c1,5.450000286102295,5.064679664609741,0.24625803941763366,0.6756756756756757,0.38532062149255353
gin,4357,COc1cc(OC)cc(N(CCC(=O)N(C)OC)c2ccc3ncc(-c4cnn(C)c4)nc3c2)c1,5.380000591278076,5.682879442434985,0.045511282831507203,0.7083333333333334,0.30287885115690916
gin,4358,COc1cc(OC)cc(N(CCC(=O)NC(C)C)c2ccc3ncc(-c4cnn(C)c4)nc3c2)c1,5.110000133514404,5.528290998248527,0.01541132519425179,0.6891891891891891,0.41829086473412236
gin,4359,COc1cc(OC)cc(N(CCC(=O)NCC(F)(F)F)c2ccc3ncc(-c4cnn(C)c4)nc3c2)c1,5.6399993896484375,5.513587294511903,0.14732381508722356,0.6842105263157895,0.1264120951365344
gin,4360,COc1cc(OC)cc(N(CCC(=O)O)c2ccc3ncc(-c4cnn(C)c4)nc3c2)c1.Cl,5.0,5.704243442958727,0.014696690141616283,0.7391304347826086,0.7042434429587274
gin,4361,COc1cc(OC)cc(N(CCC(C)(C)O)c2ccc3ncc(-c4cnn(C)c4)nc3c2)c1,5.679999351501465,5.218628996996794,0.09508845311769265,0.75,0.46137035450467057
gin,4364,COc1cc(OC)cc(N(CCCC#N)c2ccc3ncc(-c4cnn(C)c4)nc3c2)c1,5.77000093460083,5.3317876242386815,0.10292786835146749,0.7424242424242424,0.4382133103621486
gin,4365,COc1cc(OC)cc(N(CCCCN)c2ccc3ncc(-c4cnn(C)c4)nc3c2)c1,5.740000247955322,5.293577158610958,0.12607613955868702,0.765625,0.44642308934436414
gin,4366,COc1cc(OC)cc(N(CCCN)c2ccc3ncc(-c4cn[nH]c4)nc3c2)c1,5.529999732971191,5.385417566761343,0.12797412054715504,0.703125,0.14458216620984832
gin,4367,COc1cc(OC)cc(N(CCCN)c2ccc3ncc(-c4cnn(C(C)C)c4)nc3c2)c1,6.0,5.548878793121617,0.07880865977310772,0.7123287671232876,0.4511212068783834
gin,4368,COc1cc(OC)cc(N(CCCN)c2ccc3ncc(-c4cnn(C)c4)nc3c2)c1,5.470000267028809,5.270690324396128,0.0929203780385491,0.7777777777777778,0.19930994263268076
gin,4369,COc1cc(OC)cc(N(CCCN)c2ccc3ncc(-c4cnn(CCO)c4)nc3c2)c1,5.320000171661377,5.137785724645407,0.15141271053589964,0.684931506849315,0.18221444701597012
gin,4370,COc1cc(OC)cc(N(CCCN)c2ccc3ncc(-c4cnn(CCS(C)(=O)=O)c4)nc3c2)c1,5.070000171661377,5.111803835201367,0.33188061322555795,0.6,0.04180366353998988
gin,4421,COc1cc(OC)cc(N(CCCNC(=O)C(C)(O)C(F)(F)F)c2ccc3ncc(-c4cnn(C)c4)nc3c2)c1,5.96999979019165,5.379070351858483,0.12637956564970637,0.6708860759493671,0.5909294383331671
gin,4422,COc1cc(OC)cc(N(CCCNC(=O)C(C)(O)C(F)(F)F)c2ccc3ncc(-c4cnn(C)c4)nc3c2)c1.Cl,5.96999979019165,5.561609337164366,0.08862242641153822,0.6625,0.4083904530272848
gin,4423,COc1cc(OC)cc(N(CCCNC(=O)C(F)(F)F)c2ccc3ncc(-c4cn[nH]c4)nc3c2)c1.O=C(O)C(F)(F)F,6.130000114440918,5.583548836337684,0.03796201987461773,0.5769230769230769,0.546451278103234
gin,4424,COc1cc(OC)cc(N(CCCNC(=O)C(F)(F)F)c2ccc3ncc(-c4cnn(C)c4)nc3c2)c1,5.789999961853027,5.570272020631914,0.05238633039502846,0.7066666666666667,0.21972794122111328
gin,4425,COc1cc(OC)cc(N(CCCNC(C)(C)CF)c2ccc3ncc(-c4cnn(C)c4)nc3c2)c1,5.92000150680542,5.565353847590965,0.0722230915388633,0.684931506849315,0.3546476592144545
gin,4426,COc1cc(OC)cc(N(CCCNC(C)C)c2ccc3ncc(-c4cnn(C)c4)nc3c2)c1,5.559999942779541,5.7092833575435025,0.06298707862843726,0.7285714285714285,0.14928341476396145
gin,4427,COc1cc(OC)cc(N(CCCNC(C)C)c2ccc3ncc(-c4cnn(C)c4)nc3c2)c1.Cl,5.889999866485596,5.866597625200143,0.0710322049140252,0.7313432835820896,0.023402241285452874
gin,4428,COc1cc(OC)cc(N(CCCNCC(C)(F)F)c2ccc3ncc(-c4cnn(C)c4)nc3c2)c1,5.529999732971191,5.516206578478394,0.013271478840372474,0.6933333333333334,0.013793154492797832
gin,4429,COc1cc(OC)cc(N(CCCNCC(F)(F)F)c2ccc3ncc(-c4cn[nH]c4)nc3c2)c1,5.0,5.62888262234073,0.06054626836446613,0.625,0.62888262234073
gin,4430,COc1cc(OC)cc(N(CCCNCC(F)(F)F)c2ccc3ncc(-c4cnn(C(C)C)c4)nc3c2)c1.Cl,5.070000171661377,5.880389444451784,0.06706247331855476,0.6341463414634146,0.810389272790407
gin,4431,COc1cc(OC)cc(N(CCCNCC(F)(F)F)c2ccc3ncc(-c4cnn(C)c4)nc3c2)c1,5.0,5.555006342301188,0.0693910770565276,0.7027027027027027,0.555006342301188
gin,4432,COc1cc(OC)cc(N(CCCNCC(F)(F)F)c2ccc3ncc(-c4cnn(CCCN)c4)nc3c2)c1.Cl,5.28000020980835,5.512365871946088,0.18822926730276013,0.6022727272727273,0.23236566213773813
gin,4433,COc1cc(OC)cc(N(CCCNCC(F)F)c2ccc3ncc(-c4cnn(C)c4)nc3c2)c1,5.559999942779541,5.751938904716003,0.04316200076828059,0.6944444444444444,0.19193896193646243
gin,4434,COc1cc(OC)cc(N(CCCNCC(N)=O)c2ccc3ncc(-c4cnn(C)c4)nc3c2)c1,6.21999979019165,5.487861886275501,0.05269141703358481,0.6986301369863014,0.7321379039161497
gin,4435,COc1cc(OC)cc(N(CCCNCCC#N)c2ccc3ncc(-c4cnn(C)c4)nc3c2)c1,7.680061340332031,5.57339585204583,0.06420474523279594,0.6857142857142857,2.1066654882862013
gin,4436,COc1cc(OC)cc(N(CCCNS(=O)(=O)N(C)C)c2ccc3ncc(-c4cnn(C)c4)nc3c2)c1,6.350003719329834,5.709423807364071,0.1644981410997718,0.6805555555555556,0.6405799119657631
gin,4437,COc1cc(OC)cc(N(CCCNS(C)(=O)=O)c2ccc3ncc(-c4cnn(C)c4)nc3c2)c1,6.4500041007995605,5.5487253201365165,0.032103184571100736,0.7,0.901278780663044
gin,4438,COc1cc(OC)cc(N(CCCO)c2ccc3ncc(-c4c(C)nn(C)c4C)nc3c2)c1,5.0,6.007846736229941,0.2708905329168673,0.5375,1.0078467362299408
gin,4439,COc1cc(OC)cc(N(CCCO)c2ccc3ncc(-c4cn[nH]c4)nc3c2)c1,5.6399993896484375,5.40317194678958,0.14706316695011482,0.703125,0.23682744285885793
gin,4440,COc1cc(OC)cc(N(CCCO)c2ccc3ncc(-c4cnn(C(C)C)c4)nc3c2)c1,5.460000038146973,5.575691760819173,0.09574166024575463,0.7123287671232876,0.11569172267220029
gin,4443,COc1cc(OC)cc(N(CCCO)c2ccc3ncc(-c4cnn(C)c4)nc3c2)c1,5.909999370574951,5.2835306637337,0.08152143983304747,0.7777777777777778,0.6264687068412513
gin,4445,COc1cc(OC)cc(N(CCCO)c2ccc3ncc(-c4cnn(CCO)c4)nc3c2)c1,5.5799994468688965,5.141730716672157,0.1824972071847706,0.7142857142857143,0.4382687301967394
gin,4446,COc1cc(OC)cc(N(CCCO)c2ccc3ncc(-c4cnn(CCS(C)(=O)=O)c4)nc3c2)c1,5.650000095367432,5.138645003059044,0.3018484089141224,0.6265060240963856,0.5113550923083876
gin,4454,COc1cc(OC)cc(N(CCF)c2ccc3ncc(-c4cnn(C)c4)nc3c2)c1,5.0,5.250404491628349,0.13217425255046267,0.7833333333333333,0.2504044916283492
gin,4455,COc1cc(OC)cc(N(CCN(C)C(C)C)c2ccc3ncc(-c4cnn(C)c4)nc3c2)c1,6.0400004386901855,5.754112996811879,0.06206688220787123,0.734375,0.28588744187830617
gin,4456,COc1cc(OC)cc(N(CCN(C)C)c2ccc3ncc(-c4cnn(C)c4)nc3c2)c1,5.92000150680542,5.602056305899528,0.028330718087652754,0.7833333333333333,0.31794520090589184
gin,4457,COc1cc(OC)cc(N(CCN(CCCN)C(C)C)c2ccc3ncc(-c4cnn(C)c4)nc3c2)c1.Cl,5.410000324249268,5.857943131299521,0.0754306068264859,0.676056338028169,0.4479428070502536
gin,4460,COc1cc(OC)cc(N(CCN)c2ccc3ncc(-c4cn[nH]c4)nc3c2)c1.Cl,5.0,5.482117643890471,0.1960527788534798,0.7419354838709677,0.4821176438904713
gin,4461,COc1cc(OC)cc(N(CCN)c2ccc3ncc(-c4cnn(C(C)C)c4)nc3c2)c1,5.75,5.440119240591343,0.1511222593008681,0.684931506849315,0.30988075940865656
gin,4462,COc1cc(OC)cc(N(CCN)c2ccc3ncc(-c4cnn(C)c4)nc3c2)c1,5.0,5.163830601125596,0.13851129423500277,0.7833333333333333,0.16383060112559633
gin,4464,COc1cc(OC)cc(N(CCN)c2ccc3ncc(-c4cnn(CCO)c4)nc3c2)c1.Cl,5.0,5.298721984803858,0.1401614642568796,0.7083333333333334,0.2987219848038576
gin,4465,COc1cc(OC)cc(N(CCN)c2ccc3ncc(-c4cnn(CCS(C)(=O)=O)c4)nc3c2)c1,5.139999866485596,5.034145578092648,0.374600785563026,0.6578947368421053,0.10585428839294764
gin,4517,COc1cc(OC)cc(N(CCNC(=O)C(C)(O)C(F)(F)F)c2ccc3ncc(-c4cnn(C)c4)nc3c2)c1,5.8299994468688965,5.311203811448593,0.1295861232580129,0.7333333333333333,0.5187956354203038
gin,4518,COc1cc(OC)cc(N(CCNC(=O)C(F)(F)F)c2ccc3ncc(-c4cnn(C)c4)nc3c2)c1,5.300000190734863,5.4928456509855055,0.06078182720517121,0.7746478873239436,0.1928454602506422
gin,4521,COc1cc(OC)cc(N(CCNC(C)=O)c2ccc3ncc(-c4cnn(C)c4)nc3c2)c1,5.650000095367432,5.2503434580668795,0.07753392756985686,0.8208955223880597,0.3996566373005521
gin,4523,COc1cc(OC)cc(N(CCNC(C)C)c2ccc3ncc(-c4c(C)nn(C)c4C)nc3c2)c1.Cl,5.5400004386901855,6.14829803442601,0.16924482847348893,0.6,0.6082975957358245
gin,4524,COc1cc(OC)cc(N(CCNC(C)C)c2ccc3ncc(-c4cn(C)nc4C(F)(F)F)nc3c2)c1.Cl,5.309999942779541,5.785457074073766,0.012891555999113761,0.5975609756097561,0.47545713129422484
gin,4525,COc1cc(OC)cc(N(CCNC(C)C)c2ccc3ncc(-c4cn[nH]c4)nc3c2)c1.Cl,5.879999160766602,5.9318246581716965,0.03889155834597122,0.7121212121212122,0.0518254974050949
gin,4527,COc1cc(OC)cc(N(CCNC(C)C)c2ccc3ncc(-c4cnn(C(C)C)c4)nc3c2)c1.Cl,6.299997806549072,5.978585019148757,0.017166179552161674,0.7205882352941176,0.3214127874003152
gin,4530,COc1cc(OC)cc(N(CCNC(C)C)c2ccc3ncc(-c4cnn(C)c4)nc3c2)c1,7.375912666320801,5.657723296755914,0.045217843680115555,0.7727272727272727,1.7181893695648869
gin,4531,COc1cc(OC)cc(N(CCNC(C)C)c2ccc3ncc(-c4cnn(C)c4)nc3c2)c1.Cl,6.0,5.820949442474112,0.060422864309321894,0.7746478873239436,0.17905055752588783
gin,4532,COc1cc(OC)cc(N(CCNC(C)C)c2ccc3ncc(-c4cnn(C)c4C)nc3c2)c1,5.8000006675720215,5.8108226673008785,0.0852610702976812,0.6153846153846154,0.010821999728857001
gin,4533,COc1cc(OC)cc(N(CCNC(C)C)c2ccc3ncc(-c4cnn(C)c4CN(C)C)nc3c2)c1,5.110000133514404,5.957939152231901,0.2089287818625907,0.5853658536585366,0.8479390187174971
gin,4534,COc1cc(OC)cc(N(CCNC(C)C)c2ccc3ncc(-c4cnn(C)c4CO)nc3c2)c1,5.650000095367432,5.86284394220814,0.2787393939141817,0.6024096385542169,0.21284384684070812
gin,4540,COc1cc(OC)cc(N(CCNC(C)C)c2ccc3ncc(-c4cnn(CCC#N)c4)nc3c2)c1,6.419999122619629,5.479685567914127,0.13526639872759905,0.7125,0.9403135547055017
gin,4541,COc1cc(OC)cc(N(CCNC(C)C)c2ccc3ncc(-c4cnn(CCCN)c4)nc3c2)c1.O=C(O)C(F)(F)F,5.589999198913574,5.357043447215517,0.23064171080986537,0.6976744186046512,0.23295575169805716
gin,4548,COc1cc(OC)cc(N(CCNCC(F)(F)F)c2ccc3ncc(-c4cnn(C)c4)nc3c2)c1,5.28000020980835,5.505649124749634,0.07562884398815037,0.7647058823529411,0.22564891494128414
gin,4549,COc1cc(OC)cc(N(CCNCC(F)F)c2ccc3ncc(-c4cnn(C)c4)nc3c2)c1,5.679999351501465,5.711535513492929,0.0568084901914282,0.7647058823529411,0.03153616199146381
gin,4550,COc1cc(OC)cc(N(CCNCC(N)=O)c2ccc3ncc(-c4cnn(C)c4)nc3c2)c1,5.489999771118164,5.448810024040824,0.06120530378329632,0.7681159420289855,0.04118974707733969
gin,4553,COc1cc(OC)cc(N(CCNCCC#N)c2ccc3ncc(-c4cnn(C)c4)nc3c2)c1,5.499999523162842,5.524981336294559,0.07796633852513189,0.7536231884057971,0.02498181313171699
gin,4554,COc1cc(OC)cc(N(CCNCCC(F)(F)F)c2ccc3ncc(-c4cnn(C)c4)nc3c2)c1,5.0,5.542266807266003,0.08776843792319856,0.7536231884057971,0.5422668072660031
gin,4555,COc1cc(OC)cc(N(CCNCCF)c2ccc3ncc(-c4cnn(C)c4)nc3c2)c1,5.59999942779541,5.500523457635325,0.08682332435249734,0.7878787878787878,0.09947597016008558
gin,4556,COc1cc(OC)cc(N(CCNCCO)c2ccc3ncc(-c4cnn(C)c4)nc3c2)c1,6.309998989105225,5.488485871168412,0.10699326687838778,0.8153846153846154,0.8215131179368127
gin,4557,COc1cc(OC)cc(N(CCNC[Si](C)(C)C)c2ccc3ncc(-c4cnn(C)c4)nc3c2)c1.Cl,6.0,5.439063137081443,0.08245214505657901,0.7761194029850746,0.5609368629185569
gin,4558,COc1cc(OC)cc(N(CCNS(=O)(=O)C(C)C)c2ccc3ncc(-c4cnn(C)c4)nc3c2)c1,6.320000171661377,5.603508213433012,0.10611761284412968,0.6944444444444444,0.7164919582283646
gin,4559,COc1cc(OC)cc(N(CCNS(=O)(=O)N(C)C)c2ccc3ncc(-c4cnn(C)c4)nc3c2)c1,6.690008163452148,5.661407449823817,0.1698190668026077,0.704225352112676,1.0286007136283315
gin,4560,COc1cc(OC)cc(N(CCNS(C)(=O)=O)c2ccc3ncc(-c4cnn(C)c4)nc3c2)c1,6.74999475479126,5.488560804453566,0.032583945128456644,0.7246376811594203,1.2614339503376941
gin,4561,COc1cc(OC)cc(N(CCO)c2ccc3ncc(-c4c(C)nn(C)c4C)nc3c2)c1,5.099999904632568,5.981503992427903,0.32709299233950245,0.5675675675675675,0.8815040877953351
gin,4563,COc1cc(OC)cc(N(CCO)c2ccc3ncc(-c4cn[nH]c4)nc3c2)c1,5.410000324249268,5.3752275666287614,0.2043281225781389,0.7258064516129032,0.034772757620506134
gin,4566,COc1cc(OC)cc(N(CCO)c2ccc3ncc(-c4cnn(C)c4)nc3c2)c1,5.59999942779541,5.2666480343035955,0.10193121191364073,0.7833333333333333,0.33335139349181464
gin,4567,COc1cc(OC)cc(N(CCO)c2ccc3ncc(-c4cnn(C)c4CCCO)nc3c2)c1,5.21999979019165,5.404691048843138,0.29571913023091395,0.5657894736842105,0.18469125865148772
gin,4568,COc1cc(OC)cc(N(CCO)c2ccc3ncc(-c4cnn(C)c4CCO)nc3c2)c1,5.400000095367432,5.45219627222006,0.3925747704875693,0.581081081081081,0.05219617685262801
gin,4569,COc1cc(OC)cc(N(CCO)c2ccc3ncc(-c4cnn(C)c4CN(C)C)nc3c2)c1,5.0,5.669849302996634,0.37321509115810203,0.5657894736842105,0.6698493029966341
gin,4573,COc1cc(OC)cc(N(CCO)c2ccc3ncc(-c4cnn(CCCN)c4)nc3c2)c1.Cl,5.320000171661377,5.37253936006844,0.14019642327679524,0.6708860759493671,0.05253918840706273
gin,4574,COc1cc(OC)cc(N(CCO)c2ccc3ncc(-c4cnn(CCO)c4)nc3c2)c1,5.589999198913574,5.0846680432907005,0.2622207959470569,0.7352941176470589,0.5053311556228737
gin,4575,COc1cc(OC)cc(N(CCO)c2ccc3ncc(-c4cnn(CCS(C)(=O)=O)c4)nc3c2)c1,5.5799994468688965,5.102429410747599,0.3406374037209537,0.64,0.4775700361212971
gin,4576,COc1cc(OC)cc(N(CCS(C)(=O)=O)c2ccc3ncc(-c4cnn(C)c4)nc3c2)c1,5.62000036239624,5.39633974423064,0.12586557485766406,0.734375,0.22366061816560023
gin,4589,COc1cc(OC)cc(N(C[C@@H](C)N)c2ccc3ncc(-c4cnn(C)c4)nc3c2)c1,5.070000171661377,5.305995772818619,0.08388423483148832,0.7258064516129032,0.23599560115724216
gin,4590,COc1cc(OC)cc(N(C[C@@H](O)C(F)(F)F)c2ccc3ncc(-c4cnn(C(C)C)c4)nc3c2)c1,5.369999408721924,5.7883917690674025,0.11753627550380857,0.6410256410256411,0.41839236034547866
gin,4591,COc1cc(OC)cc(N(C[C@@H](O)C(F)(F)F)c2ccc3ncc(-c4cnn(C)c4)nc3c2)c1,5.489999771118164,5.540921739770776,0.07237468046718727,0.7142857142857143,0.050921968652612115
gin,4592,COc1cc(OC)cc(N(C[C@@H](O)C(F)(F)F)c2ccc3ncc(-c4cnn(CCCN)c4)nc3c2)c1,5.180000305175781,5.425918581629314,0.1003560069039829,0.5679012345679012,0.2459182764535326
gin,4594,COc1cc(OC)cc(N(C[C@@H](O)CNC(C)C)c2ccc3ncc(-c4cnn(C)c4)nc3c2)c1.Cl,5.520000457763672,5.8309573562264445,0.1388398441133768,0.7464788732394366,0.31095689846277264
gin,4595,COc1cc(OC)cc(N(C[C@@H](O)CNCC(F)(F)F)c2ccc3ncc(-c4cnn(C)c4)nc3c2)c1,5.480000019073486,5.695386313626898,0.08396509375618276,0.6933333333333334,0.21538629455341152
gin,4596,COc1cc(OC)cc(N(C[C@@H](O)CO)c2ccc3ncc(-c4cnn(C)c4)nc3c2)c1,5.119999885559082,5.496299093684816,0.07952181178794909,0.7878787878787878,0.3762992081257339
gin,4597,COc1cc(OC)cc(N(C[C@@H](OC(C)=O)C(F)(F)F)c2ccc3ncc(-c4cnn(C)c4)nc3c2)c1,5.250000476837158,5.501233871260543,0.09062823219162201,0.6571428571428571,0.25123339442338466
gin,4601,COc1cc(OC)cc(N(C[C@H](C)N)c2ccc3ncc(-c4cnn(C)c4)nc3c2)c1,5.21999979019165,5.194811582542513,0.12695362274265926,0.7258064516129032,0.025188207649136984
gin,4602,COc1cc(OC)cc(N(C[C@H](O)C(F)(F)F)c2ccc3ncc(-c4cnn(C(C)C)c4)nc3c2)c1,5.139999866485596,5.545192085509901,0.1529099550043255,0.6410256410256411,0.4051922190243049
gin,4603,COc1cc(OC)cc(N(C[C@H](O)C(F)(F)F)c2ccc3ncc(-c4cnn(C)c4)nc3c2)c1,5.119999885559082,5.354288446847875,0.09352440907446045,0.7142857142857143,0.2342885612887926
gin,4604,COc1cc(OC)cc(N(C[C@H](O)C(F)(F)F)c2ccc3ncc(-c4cnn(CCCN)c4)nc3c2)c1,5.0,5.14501806393459,0.24235524098919925,0.5679012345679012,0.14501806393459038
gin,4606,COc1cc(OC)cc(N(C[C@H](O)CNC(C)C)c2ccc3ncc(-c4cnn(C)c4)nc3c2)c1.Cl,5.5799994468688965,5.844614222935623,0.048214959519694546,0.7464788732394366,0.26461477606672634
gin,4607,COc1cc(OC)cc(N(C[C@H](O)CNCC(F)(F)F)c2ccc3ncc(-c4cnn(C)c4)nc3c2)c1,5.21999979019165,5.577996810852237,0.10508117322696954,0.6933333333333334,0.35799702066058625
gin,4608,COc1cc(OC)cc(N(C[C@H](O)CO)c2ccc3ncc(-c4cnn(C)c4)nc3c2)c1,5.28000020980835,5.462820194177027,0.06421312670699403,0.7878787878787878,0.18281998436867752
gin,4609,COc1cc(OC)cc(N(C[C@H](OC(C)=O)C(F)(F)F)c2ccc3ncc(-c4cnn(C)c4)nc3c2)c1,5.0,5.319504325719417,0.10887622666970598,0.6571428571428571,0.319504325719417
gin,4663,COc1cc(OC)cc(N(c2ccc3ncc(-c4cnn(C)c4)nc3c2)C(C)C(=O)NC(C)C)c1,5.0,5.658211715514956,0.20479750310241107,0.6164383561643836,0.6582117155149563
gin,4664,COc1cc(OC)cc(N(c2ccc3ncc(-c4cnn(C)c4)nc3c2)C(C)C(N)=O)c1,5.0,5.399672372034369,0.28329361393669295,0.6197183098591549,0.39967237203436934
gin,4665,COc1cc(OC)cc(N(c2ccc3ncc(-c4cnn(C)c4)nc3c2)C(C)CN)c1,5.589999198913574,5.448478309013467,0.29122861003729944,0.6461538461538462,0.14152088990010725
gin,4666,COc1cc(OC)cc(N(c2ccc3ncc(-c4cnn(C)c4)nc3c2)C(C)CNC(C)C)c1,5.9499993324279785,5.8992666967526945,0.16193973326691324,0.676056338028169,0.050732635675283966
gin,4667,COc1cc(OC)cc(N(c2ccc3ncc(-c4cnn(C)c4)nc3c2)C(C)CNCC(F)(F)F)c1,5.119999885559082,5.789565193758553,0.23691730836121566,0.5972222222222222,0.6695653081994708
gin,4668,COc1cc(OC)cc(N(c2ccc3ncc(-c4cnn(C)c4)nc3c2)C(CNC(C)C)C(C)C)c1,6.0,5.96748183221474,0.19369637661206335,0.6575342465753424,0.032518167785259955
gin,4670,COc1cc(OC)cc(N(c2ccc3ncc(-c4cnn(C)c4)nc3c2)S(=O)(=O)N(C)C)c1,5.0,5.859012783909445,0.12644789116590366,0.647887323943662,0.8590127839094448
gin,4671,COc1cc(OC)cc(N(c2ccc3ncc(-c4cnn(C)c4)nc3c2)[C@@H](C)CN)c1,5.0,5.343302806496031,0.18411973318870842,0.6461538461538462,0.3433028064960313
gin,4672,COc1cc(OC)cc(N(c2ccc3ncc(-c4cnn(C)c4)nc3c2)[C@H](C)CN)c1,5.139999866485596,5.3662354221431015,0.24529810577348077,0.6461538461538462,0.22623555565750575
gin,4680,COc1cc(OCCF)cc(N(CCNC(C)C)c2ccc3ncc(-c4cnn(C)c4)nc3c2)c1.Cl,6.0800018310546875,5.990095467986691,0.07193796561298153,0.6962025316455697,0.08990636306799615
gin,4681,COc1cc(OCCF)cc(N(CCO)c2ccc3ncc(-c4cnn(C)c4)nc3c2)c1,5.529999732971191,5.434136448894454,0.18447453333510264,0.7014925373134329,0.09586328407673772
gin,4692,COc1cc(OCCO)cc(N(CCCO)c2ccc3ncc(-c4cnn(C)c4)nc3c2)c1,5.4200005531311035,5.457614384511753,0.14001120028246838,0.7313432835820896,0.03761383138064911
gin,4693,COc1cc(OCCO)cc(N(CCN)c2ccc3ncc(-c4cnn(C)c4)nc3c2)c1.Cl,5.0,5.548254683005969,0.22713059997845073,0.7058823529411765,0.5482546830059691
gin,4694,COc1cc(OCCO)cc(N(CCO)c2ccc3ncc(-c4cnn(CCO)c4)nc3c2)c1,5.0,5.314567845114482,0.27652779629865043,0.6944444444444444,0.31456784511448177
gin,6117,COc1ccc(Cl)c(N(CCNC(C)C)c2ccc3ncc(-c4cn[nH]c4)nc3c2)c1.Cl,5.6700005531311035,5.647346814925053,0.03010051314741023,0.5454545454545454,0.0226537382060501
gin,6118,COc1ccc(Cl)c(N(CCNC(C)C)c2ccc3ncc(-c4cnn(C)c4)nc3c2)c1.Cl,5.889999866485596,5.529103142824378,0.10492016188895055,0.6375,0.3608967236612175
gin,6119,COc1ccc(Cl)c(N(CCO)c2ccc3ncc(-c4cn[nH]c4)nc3c2)c1.Cl,5.0,5.251257208370627,0.16201516231733143,0.5616438356164384,0.25125720837062726
gin,6120,COc1ccc(Cl)c(N(CCO)c2ccc3ncc(-c4cnn(C)c4)nc3c2)c1,6.120004653930664,4.88843510030127,0.05828051031700489,0.6111111111111112,1.2315695536293942
gin,6121,COc1ccc(Cl)c(N(CCO)c2ccc3ncc(-c4cnn(C)c4)nc3c2)c1.Cl,7.040005207061768,5.15125643523542,0.01637431169136257,0.6027397260273972,1.8887487718263474
gin,6306,COc1ccc(OC)c(N(CCN)c2ccc3ncc(-c4cn[nH]c4)nc3c2)c1.Cl,5.0,5.283087976317802,0.015887731468141895,0.5694444444444444,0.2830879763178018
gin,6307,COc1ccc(OC)c(N(CCNC(C)C)c2ccc3ncc(-c4cn[nH]c4)nc3c2)c1,5.660000324249268,5.554157607641912,0.21780905217192176,0.5394736842105263,0.10584271660735567
gin,6308,COc1ccc(OC)c(N(CCNC(C)C)c2ccc3ncc(-c4cnn(C)c4)nc3c2)c1,5.385000228881836,5.462015913588989,0.1894767964998651,0.6973684210526315,0.07701568470715348
gin,6309,COc1ccc(OC)c(N(CCNC(C)C)c2ccc3ncc(-c4cnn(C)c4)nc3c2)c1.Cl,5.77000093460083,5.6487001721653955,0.18659698718609785,0.6883116883116883,0.12130076243543453
gin,6310,COc1ccc(OC)c(N(CCO)c2ccc3ncc(-c4cnn(C)c4)nc3c2)c1,5.820000171661377,5.061257051748005,0.1505405308637901,0.6,0.7587431199133716
gin,6311,COc1ccc(OC)c(N(CCO)c2ccc3ncc(-c4cnn(C)c4)nc3c2)c1.Cl,5.410000324249268,5.287066928750524,0.11990074207590408,0.6056338028169014,0.12293339549874371
gin,6482,COc1cccc(N(CCNC(C)C)c2ccc3ncc(-c4cnn(C)c4)nc3c2)c1.Cl,5.589999198913574,5.728164391571037,0.11856167127666328,0.6933333333333334,0.1381651926574632
gin,6483,COc1cccc(N(CCO)c2ccc3ncc(-c4cnn(C)c4)nc3c2)c1,5.239999771118164,5.027531713895996,0.11178567995710775,0.6923076923076923,0.21246805722216777
gin,8933,Cl.[2H]C([2H])([2H])Oc1cc(OC)cc(N(CCNC(C)C)c2ccc3ncc(-c4cn[nH]c4)nc3c2)c1,5.809998989105225,5.877562303265999,0.1749386638105854,0.6714285714285714,0.06756331416077455
gin,9098,Cn1cc(-c2cnc3ccc(N(CCCNCC(F)(F)F)c4cc(Cl)cc(Cl)c4)cc3n2)cn1,5.0,5.296960902335475,0.10747886542361706,0.55,0.2969609023354751
gin,11634,[2H]C([2H])([2H])Oc1cc(F)cc(N(CCN)c2ccc3ncc(-c4cnn(C)c4)nc3c2)c1,5.159999847412109,5.063955050726274,0.1402861857015995,0.6285714285714286,0.09604479668583554
gin,11636,[2H]C([2H])([2H])Oc1cc(OC([2H])([2H])[2H])cc(N(CCCNCC(F)(F)F)c2ccc3ncc(-c4cnn(C)c4)nc3c2)c1,5.329999923706055,5.345488945019099,0.1597710166856009,0.6410256410256411,0.015489021313044304
gin,11637,[2H]C([2H])([2H])Oc1cc(OC([2H])([2H])[2H])cc(N(CCCO)c2ccc3ncc(-c4cnn(C)c4)nc3c2)c1,5.789999961853027,5.1975472735642825,0.09962351995359078,0.7014925373134329,0.5924526882887449
gin,11638,[2H]C([2H])([2H])Oc1cc(OC([2H])([2H])[2H])cc(N(c2ccc3ncc(-c4cnn(C)c4)nc3c2)C([2H])([2H])C([2H])([2H])C([2H])([2H])NCC(F)(F)F)c1,5.369999408721924,4.904511645935941,0.21408019666482744,0.5945945945945946,0.46548776278598325
gin,11639,[2H]C([2H])([2H])Oc1cc(OC([2H])([2H])[2H])cc(N(c2ccc3ncc(-c4cnn(C)c4)nc3c2)C([2H])([2H])C([2H])([2H])C([2H])([2H])O)c1,5.740000247955322,4.688143387907265,0.31078004605208176,0.6417910447761194,1.0518568600480576
gin,11640,[2H]C([2H])([2H])Oc1cc(OC([2H])([2H])[2H])cc(N(c2ccc3ncc(-c4cnn(C)c4)nc3c2)C([2H])([2H])C([2H])([2H])NC(C)C)c1,6.0400004386901855,5.180467017612405,0.2151673210791022,0.6712328767123288,0.8595334210777805
gin,11641,[2H]C([2H])([2H])Oc1cc(OC([2H])([2H])[2H])cc(N(c2ccc3ncc(-c4cnn(C)c4)nc3c2)C([2H])([2H])C([2H])([2H])O)c1,5.860001564025879,4.811930369990971,0.19824687953098802,0.6615384615384615,1.0480711940349083
gin,11642,[2H]C([2H])([2H])Oc1cc(OC)cc(N(CCNC(C)C)c2ccc3ncc(-c4cnn(C)c4)nc3c2)c1,5.959999084472656,5.631033623364108,0.13999753562230854,0.7285714285714285,0.32896546110854796
gin,11643,[2H]C([2H])([2H])Oc1cc(OC)cc(N(CCO)c2ccc3ncc(-c4cnn(C)c4)nc3c2)c1,5.650000095367432,5.269906154579473,0.05864469219848911,0.734375,0.3800939407879582
gin,11646,[2H]C([2H])([2H])n1cc(-c2cnc3ccc(N(CCNC(C)C)c4cc(OC)cc(OC)c4)cc3n2)cn1,5.889999866485596,5.1948605446322444,0.08435288193662399,0.7162162162162162,0.6951393218533513
gin,15,C#CCN1CCOC(COc2cc3ncnc(Nc4ccc(Cl)c(Cl)c4)c3cc2OC)C1,7.301030158996582,7.061946651050779,0.059118312861060264,0.7945205479452054,0.2390835079458027
gin,291,C=CCCCCCCN1CCOC(COc2cc3ncnc(Nc4ccc(Cl)c(Cl)c4)c3cc2OC)C1,7.301030158996582,6.9746920622780335,0.02982934972186984,0.7654320987654321,0.3263380967185485
gin,292,C=CCCCCN1CCOC(COc2cc3ncnc(Nc4ccc(Cl)c(Cl)c4)c3cc2OC)C1,6.139920234680176,6.948252583912525,0.027485800565479272,0.775,0.8083323492323489
gin,293,C=CCCCN1CCOC(COc2cc3ncnc(Nc4ccc(Cl)c(Cl)c4)c3cc2OC)C1,7.301030158996582,6.940368560461252,0.024648262727483494,0.7848101265822784,0.3606615985353301
gin,298,C=CCN1CCOC(COc2cc3ncnc(Nc4ccc(Cl)c(Cl)c4)c3cc2OC)C1,7.301030158996582,6.897296096711898,0.0026656142197972756,0.8082191780821918,0.4037340622846841
gin,320,CC#CCN1CCOC(COc2cc3ncnc(Nc4ccc(Cl)c(Cl)c4)c3cc2OC)C1,7.301030158996582,6.967138989995429,0.10703707153631029,0.7945205479452054,0.333891169001153
gin,775,CC(C)Oc1cc2c(Nc3ccc(Cl)c(Cl)c3)ncnc2cc1OCC1CN(C)CCO1,7.301030158996582,6.969709424572652,0.07946817167959008,0.7605633802816901,0.3313207344239304
gin,776,CC(C)Oc1cc2c(Nc3ccc(Cl)c(Cl)c3)ncnc2cc1OCC1CNCCO1,7.301030158996582,6.840373866889872,0.062311622110375775,0.7571428571428571,0.46065629210670966
gin,1132,CCC#CCN1CCOC(COc2cc3ncnc(Nc4ccc(Cl)c(Cl)c4)c3cc2OC)C1,7.301030158996582,7.014687578005787,0.13946244937186927,0.7733333333333333,0.28634258099079535
gin,1133,CCC(=O)CN1CCOC(COc2cc3ncnc(Nc4ccc(Cl)c(Cl)c4)c3cc2OC)C1,7.301030158996582,7.041790874616491,0.043580103887247416,0.7662337662337663,0.25923928438009103
gin,1134,CCC(=O)N1CCOC(COc2cc3ncnc(Nc4ccc(Cl)c(Cl)c4)c3cc2OC)C1,7.301030158996582,7.082684550417373,0.033729339395285204,0.8289473684210527,0.2183456085792086
gin,1155,CCC(CC)CN1CCOC(COc2cc3ncnc(Nc4ccc(Cl)c(Cl)c4)c3cc2OC)C1,7.301030158996582,6.964225169631864,0.005614774094766307,0.9154929577464789,0.33680498936471803
gin,1165,CCC1(C)CN(C)CC(COc2cc3ncnc(Nc4ccc(Cl)c(Cl)c4)c3cc2OC)O1,7.301030158996582,6.83972201367709,0.065564653250369,0.72,0.46130814531949227
gin,1174,CCCC(C)C(=O)N1CCOC(COc2cc3ncnc(Nc4ccc(Cl)c(Cl)c4)c3cc2OC)C1,7.301030158996582,7.1006364818337415,0.06292968563876668,0.8125,0.2003936771628405
gin,1177,CCCC(CCC)C(=O)N1CCOC(COc2cc3ncnc(Nc4ccc(Cl)c(Cl)c4)c3cc2OC)C1,7.301030158996582,7.06013626839128,0.12349153285253243,0.8227848101265823,0.2408938906053022
gin,1185,CCCCC(CC)C(=O)N1CCOC(COc2cc3ncnc(Nc4ccc(Cl)c(Cl)c4)c3cc2OC)C1,7.301030158996582,7.076229230726625,0.11971999560551778,0.8148148148148148,0.224800928269957
gin,1187,CCCCCC(=O)N1CCOC(COc2cc3ncnc(Nc4ccc(Cl)c(Cl)c4)c3cc2OC)C1,7.301030158996582,7.105782234674886,0.003317573936771456,0.8125,0.1952479243216958
gin,1193,CCCCCCCCN1CCOC(COc2cc3ncnc(Nc4ccc(Cl)c(Cl)c4)c3cc2OC)C1,6.0,7.054662106403005,0.02307948151795697,0.8157894736842105,1.054662106403005
gin,1194,CCCCCCCN1CCOC(COc2cc3ncnc(Nc4ccc(Cl)c(Cl)c4)c3cc2OC)C1,7.301030158996582,7.0412272596045495,0.020174792870701713,0.8157894736842105,0.2598028993920325
gin,1196,CCCCCCN1CCOC(COc2cc3ncnc(Nc4ccc(Cl)c(Cl)c4)c3cc2OC)C1,7.301030158996582,7.027241295023193,0.01877179948655887,0.8157894736842105,0.2737888639733894
gin,1198,CCCCCN1CCOC(COc2cc3ncnc(Nc4ccc(Cl)c(Cl)c4)c3cc2OC)C1,7.301030158996582,7.016140074086128,0.01665988631954797,0.8266666666666667,0.28489008491045364
gin,1208,CCCCN1CCOC(COc2cc3ncnc(Nc4ccc(Cl)c(Cl)c4)c3cc2OC)C1,7.301030158996582,7.0085419341408794,0.011874577165895218,0.8378378378378378,0.2924882248557026
gin,1243,CCCCS(=O)(=O)N1CCOC(COc2cc3ncnc(Nc4ccc(Cl)c(Cl)c4)c3cc2OC)C1,7.301030158996582,7.065035307398186,0.08507223945822794,0.7974683544303798,0.23599485159839606
gin,1263,CCCN1CCOC(COc2cc3ncnc(Nc4ccc(Cl)c(Cl)c4)c3cc2OC)C1,7.301030158996582,7.011940028390929,0.01536803795871074,0.9104477611940298,0.28909013060565325
gin,1509,CCN/C(=N\C#N)N1CCOC(COc2cc3ncnc(Nc4ccc(Cl)c(Cl)c4)c3cc2OC)C1,7.301030158996582,6.922002605113231,0.0674599047167771,0.8048780487804879,0.3790275538833514
gin,1588,CCN1CCOC(COc2cc3ncnc(Nc4ccc(Cl)c(Cl)c4)c3cc2OC)C1,6.139920234680176,7.027906290362107,0.0233565186906676,0.9090909090909091,0.8879860556819308
gin,1689,CCOC(=O)C(C)N1CCOC(COc2cc3ncnc(Nc4ccc(Cl)c(Cl)c4)c3cc2OC)C1,6.139920234680176,7.03439868850495,0.05160647085523105,0.7435897435897436,0.8944784538247745
gin,1853,CCOc1cc2c(Nc3ccc(Cl)c(Cl)c3)ncnc2cc1OCC1CN(C)CCO1,7.301030158996582,7.050577816604857,0.08203499759168563,0.7941176470588235,0.25045234239172487
gin,1854,CCOc1cc2c(Nc3ccc(Cl)c(Cl)c3)ncnc2cc1OCC1CNCCO1,7.301030158996582,6.920477780380641,0.0775808973094253,0.7910447761194029,0.38055237861594104
gin,1910,CCS(=O)(=O)N1CCOC(COc2cc3ncnc(Nc4ccc(Cl)c(Cl)c4)c3cc2OC)C1,7.301030158996582,7.061113080864819,0.0816879605096531,0.8513513513513513,0.23991707813176344
gin,1959,CC[C@@H](C)CN1CCOC(COc2cc3ncnc(Nc4ccc(Cl)c(Cl)c4)c3cc2OC)C1,7.301030158996582,6.913338894819248,0.022959843209640927,0.8026315789473685,0.38769126417733446
gin,2345,CN/C(=N\C#N)N1CCOC(COc2cc3ncnc(Nc4ccc(Cl)c(C)c4)c3cc2OC)C1,7.301030158996582,6.9287488297417115,0.03620341003019893,0.7590361445783133,0.37228132925487056
gin,2632,CN1CCOC(COc2cc3ncnc(Nc4ccc(Cl)c(Cl)c4)c3cc2O)C1,7.301030158996582,7.136694819433463,0.05738745589184185,0.7428571428571429,0.1643353395631193
gin,3179,COC(=O)CCC(=O)N1CCOC(COc2cc3ncnc(Nc4ccc(Cl)c(Cl)c4)c3cc2OC)C1,7.301030158996582,7.201226452985831,0.029381247150631506,0.8227848101265823,0.09980370601075084
gin,3182,COC(=O)CCCCN1CCOC(COc2cc3ncnc(Nc4ccc(Cl)c(Cl)c4)c3cc2OC)C1,7.301030158996582,7.12795251935044,0.008999689442061429,0.782051282051282,0.17307763964614242
gin,3207,COC(=O)CCN1CCOC(COc2cc3ncnc(Nc4ccc(Cl)c(Cl)c4)c3cc2OC)C1,6.139920234680176,7.093630783174234,0.021626901440789555,0.8133333333333334,0.9537105484940582
gin,3499,COCCN/C(=N\C#N)N1CCOC(COc2cc3ncnc(Nc4ccc(Cl)c(Cl)c4)c3cc2OC)C1,7.301030158996582,6.867504894075438,0.060639830388807825,0.7764705882352941,0.43352526492114407
gin,3506,COCCN1CCOC(COc2cc3ncnc(Nc4ccc(Cl)c(Cl)c4)c3cc2OC)C1,6.139920234680176,7.014261319812836,0.03950923928685681,0.9130434782608695,0.8743410851326603
gin,3545,COCCOc1cc2c(Nc3ccc(Cl)c(Cl)c3)ncnc2cc1OCC1CN(C)CCO1,7.301030158996582,6.996441272981902,0.049566925174413426,0.7857142857142857,0.30458888601468015
gin,3546,COCCOc1cc2c(Nc3ccc(Cl)c(Cl)c3)ncnc2cc1OCC1CNCCO1,7.301030158996582,6.872976488997627,0.043759109240950486,0.782608695652174,0.4280536699989552
gin,4042,COc1cc(Nc2ncnc3cc(OCC4CN(C)CCO4)c(OC)cc23)c(OC)cc1Cl,6.0,7.173908023714877,0.20282429757259027,0.7,1.1739080237148771
gin,4766,COc1cc2c(Nc3cc(Cl)c(Br)cc3F)ncnc2cc1OCC1CN(C)C(C)(C)CO1,7.301030158996582,7.041422669683897,0.06500617230832964,0.7088607594936709,0.2596074893126854
gin,4779,COc1cc2c(Nc3cc(Cl)c(Cl)c(Cl)c3)ncnc2cc1OCC1CN(C)CCO1,7.301030158996582,6.96162632201587,0.06966832549587305,0.7647058823529411,0.3394038369807122
gin,4781,COc1cc2c(Nc3cc(Cl)c(Cl)cc3F)ncnc2cc1OCC1CN(C)C(C)(C)CO1,7.301030158996582,7.143061894662234,0.07756237534749162,0.6842105263157895,0.15796826433434763
gin,4782,COc1cc2c(Nc3cc(Cl)c(Cl)cc3F)ncnc2cc1OCC1CN(C)CCO1,7.301030158996582,7.304164225213015,0.12330234607921293,0.75,0.0031340662164325295
gin,4794,COc1cc2c(Nc3cc(Cl)ccc3F)ncnc2cc1OCC1CN(C)CCO1,7.301030158996582,7.674970860501465,0.03312858591997922,0.6712328767123288,0.3739407015048828
gin,4797,COc1cc2c(Nc3cc(F)c(Br)c(F)c3)ncnc2cc1OCC1CN(C)CCO1,7.301030158996582,6.882369577900178,0.179656144641136,0.6486486486486487,0.4186605810964039
gin,4798,COc1cc2c(Nc3cc(F)c(Br)cc3F)ncnc2cc1OCC1CN(C)CCO1,7.301030158996582,7.347829318082215,0.08358141752969192,0.6533333333333333,0.0467991590856327
gin,4820,COc1cc2c(Nc3ccc(Br)c(C)c3)ncnc2cc1OCC1CN(C)CCO1,7.301030158996582,6.953898570277843,0.2546072935932118,0.7083333333333334,0.3471315887187387
gin,4823,COc1cc2c(Nc3ccc(Br)c(Cl)c3)ncnc2cc1OCC1CN(C)CCO1,7.301030158996582,6.958455932788752,0.04508292894966807,0.7857142857142857,0.3425742262078302
gin,4849,COc1cc2c(Nc3ccc(Br)c(Cl)c3C)ncnc2cc1OCC1CN(C)CCO1,7.301030158996582,7.017386516154573,0.15521829606782636,0.6666666666666666,0.2836436428420086
gin,4850,COc1cc2c(Nc3ccc(Br)c(Cl)c3Cl)ncnc2cc1OCC1CN(C)C(C)(C)CO1,7.301030158996582,6.922657156875971,0.09175489890441815,0.7012987012987013,0.3783730021206111
gin,4851,COc1cc2c(Nc3ccc(Br)c(Cl)c3Cl)ncnc2cc1OCC1CN(C)CCO1,7.301030158996582,7.088374145600464,0.16114683565623436,0.7571428571428571,0.21265601339611795
gin,4862,COc1cc2c(Nc3ccc(Br)c(Cl)c3F)ncnc2cc1OCC1CN(C)C(C)(C)CO1,7.301030158996582,7.06860329133401,0.07780282979431175,0.7125,0.23242686766257226
gin,4863,COc1cc2c(Nc3ccc(Br)c(Cl)c3F)ncnc2cc1OCC1CN(C)CCO1,7.301030158996582,7.20810168207682,0.1891856436981383,0.7671232876712328,0.09292847691976203
gin,4882,COc1cc2c(Nc3ccc(Br)c(F)c3F)ncnc2cc1OCC1CN(C)CCO1,7.301030158996582,7.300475000624307,0.20655165812981818,0.6578947368421053,0.0005551583722747111
gin,4884,COc1cc2c(Nc3ccc(Br)cc3Br)ncnc2cc1OCC1CN(C)CCO1,7.301030158996582,7.168391674186883,0.15040143008161572,0.6301369863013698,0.1326384848096991
gin,4885,COc1cc2c(Nc3ccc(Br)cc3C)ncnc2cc1OCC1CN(C)CCO1,7.301030158996582,6.9490073201251095,0.16402994470419976,0.6301369863013698,0.35202283887147257
gin,4886,COc1cc2c(Nc3ccc(Br)cc3Cl)ncnc2cc1OCC1CN(C)CCO1,7.301030158996582,7.177581244837938,0.07878541335686427,0.6986301369863014,0.12344891415864367
gin,4892,COc1cc2c(Nc3ccc(Br)cc3F)ncnc2cc1OCC1CN(C)CCO1,7.301030158996582,7.917826081357096,0.08556750810796826,0.7536231884057971,0.616795922360514
gin,4907,COc1cc2c(Nc3ccc(C)c(Br)c3)ncnc2cc1OCC1CN(C)CCO1,7.301030158996582,7.095789385217681,0.10369636628271618,0.7083333333333334,0.20524077377890126
gin,4912,COc1cc2c(Nc3ccc(C)c(Cl)c3Cl)ncnc2cc1OCC1CN(C)CCO1,7.301030158996582,7.056441734358572,0.1786148562289216,0.6621621621621622,0.24458842463801034
gin,4915,COc1cc2c(Nc3ccc(Cl)c(Br)c3)ncnc2cc1OCC1CN(C)CCO1,7.301030158996582,6.9056351670631,0.07652153790487486,0.7857142857142857,0.3953949919334816
gin,4917,COc1cc2c(Nc3ccc(Cl)c(C)c3)ncnc2cc1OCC1CN(C)CCO1,7.301030158996582,6.900966631807274,0.21582032464944476,0.8208955223880597,0.4000635271893076
gin,4931,COc1cc2c(Nc3ccc(Cl)c(Cl)c3)ncnc2cc1OCC1CN(/C(N)=N/C#N)CCO1,7.301030158996582,7.2114016142242106,0.10116460985398254,0.8354430379746836,0.08962854477237148
gin,4932,COc1cc2c(Nc3ccc(Cl)c(Cl)c3)ncnc2cc1OCC1CN(C(=O)C(C)(C)C)CCO1,7.301030158996582,6.619568455480884,0.08962544102097943,0.7922077922077922,0.6814617035156978
gin,4934,COc1cc2c(Nc3ccc(Cl)c(Cl)c3)ncnc2cc1OCC1CN(C(=O)CC(=O)O)CCO1,7.301030158996582,7.2457013863325415,0.07355943347213534,0.8205128205128205,0.05532877266404057
gin,4935,COc1cc2c(Nc3ccc(Cl)c(Cl)c3)ncnc2cc1OCC1CN(C(=O)CCC(C)C)CCO1,7.301030158996582,6.986813059609318,0.046782157529940006,0.8125,0.31421709938726394
gin,4938,COc1cc2c(Nc3ccc(Cl)c(Cl)c3)ncnc2cc1OCC1CN(C(=O)OC(C)(C)C)CCO1,7.301030158996582,6.955335181854139,0.06312990588143068,0.7721518987341772,0.34569497714244335
gin,4948,COc1cc2c(Nc3ccc(Cl)c(Cl)c3)ncnc2cc1OCC1CN(C(C)=O)CCO1,7.301030158996582,6.94701481351854,0.09229236826172299,0.9130434782608695,0.35401534547804214
gin,4949,COc1cc2c(Nc3ccc(Cl)c(Cl)c3)ncnc2cc1OCC1CN(C(C)C(C)=O)CCO1,7.301030158996582,6.837413720375167,0.06053639372117744,0.7733333333333333,0.4636164386214148
gin,4951,COc1cc2c(Nc3ccc(Cl)c(Cl)c3)ncnc2cc1OCC1CN(C(C)C)CCO1,6.790435314178467,6.8942998923103955,0.024678583330239794,0.9104477611940298,0.10386457813192873
gin,4953,COc1cc2c(Nc3ccc(Cl)c(Cl)c3)ncnc2cc1OCC1CN(C)C(C)(C)CO1,7.301030158996582,6.884348072082602,0.10622505403175848,0.8507462686567164,0.4166820869139798
gin,4954,COc1cc2c(Nc3ccc(Cl)c(Cl)c3)ncnc2cc1OCC1CN(C)CC(C)(C)O1,7.301030158996582,6.84068761245463,0.08594517357223615,0.8529411764705882,0.46034254654195195
gin,4957,COc1cc2c(Nc3ccc(Cl)c(Cl)c3)ncnc2cc1OCC1CN(C)CCO1,6.139920234680176,7.009442623713274,0.020452027843480172,0.90625,0.8695223890330981
gin,4958,COc1cc2c(Nc3ccc(Cl)c(Cl)c3)ncnc2cc1OCC1CN(C/C=C/Br)CCO1,7.301030158996582,6.87357584257839,0.05141435511386143,0.7733333333333333,0.4274543164181921
gin,4963,COc1cc2c(Nc3ccc(Cl)c(Cl)c3)ncnc2cc1OCC1CN(CC(N)=O)CCO1,7.301030158996582,6.9447734830746315,0.03417211171519079,0.7763157894736842,0.35625667592195054
gin,4969,COc1cc2c(Nc3ccc(Cl)c(Cl)c3)ncnc2cc1OCC1CN(CC=C(C)C)CCO1,7.301030158996582,6.865768154906912,0.037396338627487834,0.7763157894736842,0.43526200408966975
gin,4974,COc1cc2c(Nc3ccc(Cl)c(Cl)c3)ncnc2cc1OCC1CN(CCCC#N)CCO1,7.301030158996582,7.076327079772445,0.045561277248286486,0.7848101265822784,0.22470307922413735
gin,4975,COc1cc2c(Nc3ccc(Cl)c(Cl)c3)ncnc2cc1OCC1CN(CCCCCC#N)CCO1,6.139920234680176,7.098192659964771,0.04887541684423212,0.7654320987654321,0.9582724252845951
gin,4976,COc1cc2c(Nc3ccc(Cl)c(Cl)c3)ncnc2cc1OCC1CN(CCCCCCO)CCO1,7.301030158996582,7.059672243021187,0.030372726100421382,0.8133333333333334,0.2413579159753949
gin,4977,COc1cc2c(Nc3ccc(Cl)c(Cl)c3)ncnc2cc1OCC1CN(CCCCF)CCO1,7.301030158996582,7.060690028373908,0.03330951495471544,0.8051948051948052,0.24034013062267423
gin,4980,COc1cc2c(Nc3ccc(Cl)c(Cl)c3)ncnc2cc1OCC1CN(CCF)CCO1,7.301030158996582,7.031673591326637,0.037031074543386694,0.8450704225352113,0.269356567669945
gin,4981,COc1cc2c(Nc3ccc(Cl)c(Cl)c3)ncnc2cc1OCC1CN(CCO)CCO1,7.301030158996582,7.050497047940212,0.020100520069368633,0.8591549295774648,0.2505331110563702
gin,4982,COc1cc2c(Nc3ccc(Cl)c(Cl)c3)ncnc2cc1OCC1CN(CCOCCO)CCO1,6.139920234680176,6.997323204188461,0.04337452403820312,0.8026315789473685,0.8574029695082857
gin,4987,COc1cc2c(Nc3ccc(Cl)c(Cl)c3)ncnc2cc1OCC1CN(S(=O)(=O)CCCCl)CCO1,7.301030158996582,7.106007623077204,0.07636121039259702,0.7974683544303798,0.19502253591937802
gin,4993,COc1cc2c(Nc3ccc(Cl)c(Cl)c3)ncnc2cc1OCC1CN(S(C)(=O)=O)CCO1,7.301030158996582,7.037390460021602,0.04666007845530656,0.9130434782608695,0.26363969897497963
gin,4997,COc1cc2c(Nc3ccc(Cl)c(Cl)c3)ncnc2cc1OCC1CNCC(C)(C)O1,7.301030158996582,6.8288745628754315,0.043076754046392766,0.7183098591549296,0.47215559612115054
gin,4999,COc1cc2c(Nc3ccc(Cl)c(Cl)c3)ncnc2cc1OCC1CNCCO1,6.279840469360352,6.873506343959974,0.011570030744040614,0.9047619047619048,0.5936658745996226
gin,5122,COc1cc2c(Nc3ccc(Cl)c(Cl)c3C)ncnc2cc1OCC1CN(C)CCO1,7.301030158996582,6.970337541815847,0.12805337334172462,0.6891891891891891,0.33069261718073495
gin,5123,COc1cc2c(Nc3ccc(Cl)c(Cl)c3Cl)ncnc2cc1OCC1CN(C)CCO1,7.301030158996582,7.049977523853575,0.13919399707086297,0.7083333333333334,0.25105263514300713
gin,5128,COc1cc2c(Nc3ccc(Cl)c(Cl)c3F)ncnc2cc1OCC1CN(C)C(C)(C)CO1,7.301030158996582,7.012495478880491,0.0328152574418313,0.7051282051282052,0.28853468011609085
gin,5129,COc1cc2c(Nc3ccc(Cl)c(Cl)c3F)ncnc2cc1OCC1CN(C)CCO1,7.301030158996582,7.163404453329368,0.17978031082090912,0.7605633802816901,0.13762570566721433
gin,5155,COc1cc2c(Nc3ccc(Cl)cc3Cl)ncnc2cc1OCC1CN(C)CCO1,7.301030158996582,6.865730494169095,0.07794908566248683,0.7083333333333334,0.43529966482748694
gin,5161,COc1cc2c(Nc3ccc(Cl)cc3F)ncnc2cc1OCC1CN(C)CCO1,7.301030158996582,7.712344612852557,0.040970195409206225,0.7571428571428571,0.411314453855975
gin,5185,COc1cc2c(Nc3ccc(F)c(Cl)c3)ncnc2cc1OCC1CN(C)CCO1,7.301030158996582,6.513324474316675,0.25893193700268596,0.7857142857142857,0.7877056846799073
gin,5187,COc1cc2c(Nc3ccc(F)c(Cl)c3F)ncnc2cc1OCC1CN(C)C(C)(C)CO1,7.301030158996582,6.923464242453292,0.037594414446778274,0.7051282051282052,0.37756591654328986
gin,5188,COc1cc2c(Nc3ccc(F)c(Cl)c3F)ncnc2cc1OCC1CN(C)CCO1,7.301030158996582,7.049698402375289,0.1501422679675322,0.7605633802816901,0.25133175662129315
gin,5257,COc1cc2c(Nc3cccc(Br)c3C)ncnc2cc1OCC1CN(C)CCO1,7.301030158996582,6.899358141068988,0.317499120948619,0.6025641025641025,0.4016720179275941
gin,5259,COc1cc2c(Nc3cccc(Br)c3Cl)ncnc2cc1OCC1CN(C)CCO1,7.301030158996582,7.120967945766476,0.15324721139663852,0.6533333333333333,0.18006221323010596
gin,5262,COc1cc2c(Nc3cccc(Cl)c3C)ncnc2cc1OCC1CN(C)CCO1,7.301030158996582,6.883108218295349,0.28419014515064994,0.6666666666666666,0.4179219407012331
gin,5267,COc1cc2c(Nc3cccc(Cl)c3F)ncnc2cc1OCC1CN(C)CCO1,7.301030158996582,7.148330215517262,0.10275094247227977,0.6904761904761905,0.1526999434793197
gin,1483,CCN(CC)[C@H]1CO[C@H]2[C@@H]1OC[C@@H]2Oc1cc2ncnc(Nc3ccc(Br)c(Cl)c3)c2cc1OC,7.301030158996582,6.405351477096175,0.1341677378775621,0.7236842105263158,0.8956786819004074
gin,1835,CCO[C@H]1CO[C@H]2[C@@H]1OC[C@@H]2Oc1cc2ncnc(Nc3ccc(Br)c(Cl)c3)c2cc1OC,6.139920234680176,6.392175431256539,0.046048921635754275,0.7534246575342466,0.2522551965763631
gin,2977,CN[C@H]1CO[C@H]2[C@@H]1OC[C@@H]2Oc1cc2ncnc(Nc3ccc(Br)c(Cl)c3)c2cc1OC,6.0,6.451023530406233,0.0715292985333907,0.7534246575342466,0.4510235304062329
gin,4045,COc1cc(Nc2ncnc3cc(O[C@@H]4CO[C@@H]5[C@H]4OC[C@H]5F)c(OC)cc23)c(OC)cc1Cl,6.279840469360352,5.89936494651127,0.05664993255814453,0.6986301369863014,0.3804755228490819
gin,4148,COc1cc(OC)c(Nc2ncnc3cc(O[C@@H]4CO[C@@H]5[C@H]4OC[C@H]5F)c(OC)cc23)cc1Cl,6.279840469360352,5.945649473614243,0.07492484552067431,0.6986301369863014,0.3341909957461082
gin,4732,COc1cc2c(Nc3c(F)cc(F)cc3Br)ncnc2cc1O[C@@H]1CO[C@@H]2[C@H]1OC[C@H]2F,7.301030158996582,5.9264804648609966,0.10475515409113914,0.6153846153846154,1.3745496941355855
gin,4733,COc1cc2c(Nc3c(F)cc(F)cc3F)ncnc2cc1O[C@@H]1CO[C@@H]2[C@H]1OC[C@H]2F,6.279840469360352,6.366398742744508,0.06920600461284267,0.6575342465753424,0.08655827338415634
gin,4761,COc1cc2c(Nc3c(F)cccc3F)ncnc2cc1O[C@@H]1CO[C@@H]2[C@H]1OC[C@H]2F,7.301030158996582,6.092596557228163,0.17251555931422874,0.6712328767123288,1.2084336017684194
gin,4762,COc1cc2c(Nc3cc(Br)cc(C(F)(F)F)c3)ncnc2cc1O[C@@H]1CO[C@@H]2[C@H]1OC[C@H]2F,7.301030158996582,6.2773898210088435,0.12066465377849661,0.631578947368421,1.0236403379877386
gin,4763,COc1cc2c(Nc3cc(C(F)(F)F)ccc3Br)ncnc2cc1O[C@@H]1CO[C@@H]2[C@H]1OC[C@H]2F,6.279840469360352,5.981004998608815,0.12669107208271263,0.6049382716049383,0.2988354707515368
gin,4764,COc1cc2c(Nc3cc(C(F)(F)F)ccc3Cl)ncnc2cc1O[C@@H]1CO[C@@H]2[C@H]1OC[C@H]2F,7.301030158996582,5.866726404261726,0.041732382767882,0.6708860759493671,1.4343037547348558
gin,4765,COc1cc2c(Nc3cc(C)cc(C)c3)ncnc2cc1O[C@@H]1CO[C@@H]2[C@H]1OC[C@H]2F,6.279840469360352,6.116592313902889,0.12471555922867696,0.7164179104477612,0.1632481554574623
gin,4776,COc1cc2c(Nc3cc(Cl)c(Br)cc3F)ncnc2cc1O[C@@H]1CO[C@@H]2[C@H]1OC[C@H]2F,7.301030158996582,6.415049361268436,0.08271689077994071,0.7162162162162162,0.8859807977281458
gin,4778,COc1cc2c(Nc3cc(Cl)c(Br)cc3F)ncnc2cc1O[C@H]1CO[C@H]2[C@@H]1OC[C@@H]2OC,6.139920234680176,6.329507774129344,0.0996952847357755,0.8115942028985508,0.1895875394491684
gin,4780,COc1cc2c(Nc3cc(Cl)c(Cl)c(Cl)c3)ncnc2cc1O[C@@H]1CO[C@@H]2[C@H]1OC[C@H]2F,7.301030158996582,6.269381432597427,0.1950962169501959,0.7183098591549296,1.0316487263991547
gin,4790,COc1cc2c(Nc3cc(Cl)c(Cl)cc3F)ncnc2cc1O[C@@H]1CO[C@@H]2[C@H]1OC[C@H]2F,6.279840469360352,6.416210647180627,0.181192007264602,0.6891891891891891,0.13637017782027527
gin,4792,COc1cc2c(Nc3cc(Cl)c(Cl)cc3F)ncnc2cc1O[C@H]1CO[C@H]2[C@@H]1OC[C@@H]2OC,7.301030158996582,6.357085934137932,0.06946225355568138,0.7761194029850746,0.94394422485865
gin,4793,COc1cc2c(Nc3cc(Cl)ccc3Cl)ncnc2cc1O[C@@H]1CO[C@@H]2[C@H]1OC[C@H]2F,6.279840469360352,5.9808654754364925,0.06731318308685268,0.7066666666666667,0.29897499392385907
gin,4795,COc1cc2c(Nc3cc(Cl)ccc3F)ncnc2cc1O[C@@H]1CO[C@@H]2[C@H]1OC[C@H]2F,6.279840469360352,6.529415552049844,0.08837243077507563,0.7361111111111112,0.2495750826894927
gin,4796,COc1cc2c(Nc3cc(F)c(Br)c(Cl)c3)ncnc2cc1O[C@@H]1CO[C@@H]2[C@H]1OC[C@H]2F,7.301030158996582,6.330075402529971,0.10228033521967052,0.7297297297297297,0.970954756466611
gin,4799,COc1cc2c(Nc3cc(F)c(F)cc3F)ncnc2cc1O[C@@H]1CO[C@@H]2[C@H]1OC[C@H]2F,7.301030158996582,6.288503620569728,0.06636692347119233,0.6712328767123288,1.0125265384268545
gin,4801,COc1cc2c(Nc3cc(F)cc(F)c3)ncnc2cc1O[C@@H]1CO[C@@H]2[C@H]1OC[C@H]2F,7.301030158996582,6.15272256691983,0.1670951389313363,0.7142857142857143,1.148307592076752
gin,4802,COc1cc2c(Nc3cc(F)ccc3F)ncnc2cc1O[C@@H]1CO[C@@H]2[C@H]1OC[C@H]2F,6.279840469360352,6.536152995433972,0.06658081959420437,0.6756756756756757,0.25631252607362054
gin,4825,COc1cc2c(Nc3ccc(Br)c(Cl)c3)ncnc2cc1O[C@@H]1CO[C@H]2[C@@H]1OC[C@@H]2C(F)(F)F,6.0,6.1924469128130255,0.14848590263799433,0.7432432432432432,0.1924469128130255
gin,4826,COc1cc2c(Nc3ccc(Br)c(Cl)c3)ncnc2cc1O[C@@H]1CO[C@H]2[C@@H]1OC[C@@H]2NC(F)(F)F,6.0,6.275007536722856,0.1818608800296006,0.7142857142857143,0.27500753672285594
gin,4827,COc1cc2c(Nc3ccc(Br)c(Cl)c3)ncnc2cc1O[C@@H]1CO[C@H]2[C@@H]1OC[C@@H]2NS(C)(=O)=O,6.0,6.243227516854682,0.17949488462482857,0.7051282051282052,0.2432275168546818
gin,4828,COc1cc2c(Nc3ccc(Br)c(Cl)c3)ncnc2cc1O[C@@H]1CO[C@H]2[C@@H]1OC[C@@H]2O,6.0,6.263094853673851,0.18896391561359493,0.7638888888888888,0.2630948536738513
gin,4829,COc1cc2c(Nc3ccc(Br)c(Cl)c3)ncnc2cc1O[C@@H]1CO[C@H]2[C@@H]1OC[C@@H]2OS(C)(=O)=O,6.0,6.173420664239823,0.15860611121854826,0.7432432432432432,0.17342066423982327
gin,4832,COc1cc2c(Nc3ccc(Br)c(Cl)c3)ncnc2cc1O[C@H]1CO[C@@H]2CCO[C@H]12,6.139920234680176,6.376014150527063,0.12263189268965774,0.7361111111111112,0.23609391584688755
gin,4833,COc1cc2c(Nc3ccc(Br)c(Cl)c3)ncnc2cc1O[C@H]1CO[C@@H]2[C@@H](OC)[C@@H](OC)O[C@@H]21,6.279840469360352,6.419893022085681,0.13437083660904106,0.7272727272727273,0.14005255272532935
gin,4834,COc1cc2c(Nc3ccc(Br)c(Cl)c3)ncnc2cc1O[C@H]1CO[C@@H]2[C@@H](OC)[C@H](OC)O[C@@H]21,7.301030158996582,6.319011912768513,0.23286895623665216,0.7272727272727273,0.9820182462280691
gin,4836,COc1cc2c(Nc3ccc(Br)c(Cl)c3)ncnc2cc1O[C@H]1CO[C@H]2[C@@H]1OC[C@@H]2N,6.0,6.3922299845414265,0.15636113567972143,0.7638888888888888,0.39222998454142655
gin,4841,COc1cc2c(Nc3ccc(Br)c(Cl)c3)ncnc2cc1O[C@H]1CO[C@H]2[C@@H]1OC[C@@H]2NC(C)=O,6.0,6.2816041702710494,0.250520871309134,0.7051282051282052,0.28160417027104945
gin,4842,COc1cc2c(Nc3ccc(Br)c(Cl)c3)ncnc2cc1O[C@H]1CO[C@H]2[C@@H]1OC[C@@H]2O,6.0,6.354746310107491,0.15320140339615637,0.7638888888888888,0.35474631010749125
gin,4843,COc1cc2c(Nc3ccc(Br)c(Cl)c3)ncnc2cc1O[C@H]1CO[C@H]2[C@@H]1OC[C@@H]2OC,6.650515079498291,6.344011102705143,0.14398782526352244,0.7971014492753623,0.3065039767931479
gin,4844,COc1cc2c(Nc3ccc(Br)c(Cl)c3)ncnc2cc1O[C@H]1CO[C@H]2[C@@H]1OC[C@@H]2OC(C)=O,6.0,6.418582425279074,0.09497860135171268,0.7432432432432432,0.41858242527907397
gin,4845,COc1cc2c(Nc3ccc(Br)c(Cl)c3)ncnc2cc1O[C@H]1CO[C@H]2[C@@H]1OC[C@@H]2OC(F)F,6.650515079498291,6.4086707436339845,0.1512171138144842,0.7432432432432432,0.24184433586430654
gin,4846,COc1cc2c(Nc3ccc(Br)c(Cl)c3)ncnc2cc1O[C@H]1CO[C@H]2[C@@H]1OC[C@@H]2S(C)(=O)=O,6.0,6.284180066124841,0.17139034176852247,0.7236842105263158,0.2841800661248408
gin,4847,COc1cc2c(Nc3ccc(Br)c(Cl)c3)ncnc2cc1O[C@H]1CO[C@H]2[C@@H]1OC[C@@H]2SC,6.0,6.34688707919264,0.13870256094065356,0.7432432432432432,0.3468870791926397
gin,4848,COc1cc2c(Nc3ccc(Br)c(Cl)c3)ncnc2cc1O[C@H]1CO[C@H]2[C@@H]1OC[C@H]2OC,6.650515079498291,6.453055245034051,0.08269263321683783,0.7971014492753623,0.1974598344642402
gin,4859,COc1cc2c(Nc3ccc(Br)c(Cl)c3Cl)ncnc2cc1O[C@@H]1CO[C@@H]2[C@H]1OC[C@H]2F,6.279840469360352,6.299595337101138,0.044952064580547235,0.7534246575342466,0.019754867740786608
gin,4861,COc1cc2c(Nc3ccc(Br)c(Cl)c3Cl)ncnc2cc1O[C@H]1CO[C@H]2[C@@H]1OC[C@@H]2OC,5.489405155181885,6.245441519001768,0.04307204609898101,0.8059701492537313,0.7560363638198835
gin,4879,COc1cc2c(Nc3ccc(Br)c(Cl)c3F)ncnc2cc1O[C@@H]1CO[C@@H]2[C@H]1OC[C@H]2F,6.279840469360352,6.320191296496607,0.07820428098945445,0.72,0.040350827136255596
gin,4881,COc1cc2c(Nc3ccc(Br)c(Cl)c3F)ncnc2cc1O[C@H]1CO[C@H]2[C@@H]1OC[C@@H]2OC,5.629325866699219,6.301868561775876,0.013092617971903715,0.8142857142857143,0.6725426950766575
gin,4883,COc1cc2c(Nc3ccc(Br)cc3)ncnc2cc1O[C@@H]1CO[C@@H]2[C@H]1OC[C@H]2F,6.279840469360352,6.002157522976195,0.11618637189985939,0.7727272727272727,0.27768294638415636
gin,4887,COc1cc2c(Nc3ccc(Br)cc3Cl)ncnc2cc1O[C@@H]1CO[C@@H]2[C@H]1OC[C@H]2F,7.301030158996582,6.125381841740752,0.14669059338037224,0.6973684210526315,1.1756483172558303
gin,4903,COc1cc2c(Nc3ccc(Br)cc3F)ncnc2cc1O[C@@H]1CO[C@@H]2[C@H]1OC[C@H]2F,7.301030158996582,6.62828340300518,0.2352066339638199,0.68,0.672746755991402
gin,4906,COc1cc2c(Nc3ccc(C(F)(F)F)cc3Br)ncnc2cc1O[C@@H]1CO[C@@H]2[C@H]1OC[C@H]2F,7.301030158996582,5.96284031376418,0.1920014714761604,0.625,1.3381898452324021
gin,4911,COc1cc2c(Nc3ccc(C)c(Br)c3)ncnc2cc1O[C@@H]1CO[C@@H]2[C@H]1OC[C@H]2F,6.279840469360352,6.268956758472086,0.1257171274914162,0.6944444444444444,0.010883710888265341
gin,4916,COc1cc2c(Nc3ccc(Cl)c(C(F)(F)F)c3)ncnc2cc1O[C@@H]1CO[C@@H]2[C@H]1OC[C@H]2F,6.279840469360352,6.134844516917634,0.05725967989265612,0.6666666666666666,0.14499595244271735
gin,5119,COc1cc2c(Nc3ccc(Cl)c(Cl)c3)ncnc2cc1O[C@@H]1CO[C@@H]2[C@H]1OC[C@H]2F,7.301030158996582,6.444611468909596,0.10052143311477889,0.7142857142857143,0.8564186900869863
gin,5121,COc1cc2c(Nc3ccc(Cl)c(Cl)c3)ncnc2cc1O[C@H]1CO[C@H]2[C@@H]1OC[C@@H]2OC,5.489405155181885,6.436395968354163,0.037107516388731915,0.796875,0.9469908131722784
gin,5124,COc1cc2c(Nc3ccc(Cl)c(Cl)c3Cl)ncnc2cc1O[C@@H]1CO[C@@H]2[C@H]1OC[C@H]2F,7.301030158996582,6.188659025230716,0.06898482148900337,0.7777777777777778,1.1123711337658664
gin,5126,COc1cc2c(Nc3ccc(Cl)c(Cl)c3Cl)ncnc2cc1O[C@H]1CO[C@H]2[C@@H]1OC[C@@H]2OC,5.629325866699219,6.156843089916606,0.012834250731256812,0.7761194029850746,0.5275172232173873
gin,5149,COc1cc2c(Nc3ccc(Cl)c(Cl)c3F)ncnc2cc1O[C@@H]1CO[C@@H]2[C@H]1OC[C@H]2F,7.301030158996582,6.204786004322263,0.09723799449096078,0.7567567567567568,1.0962441546743191
gin,5151,COc1cc2c(Nc3ccc(Cl)c(Cl)c3F)ncnc2cc1O[C@H]1CO[C@H]2[C@@H]1OC[C@@H]2OC,6.139920234680176,6.206419359600043,0.036219679055907006,0.8088235294117647,0.06649912491986765
gin,5153,COc1cc2c(Nc3ccc(Cl)cc3)ncnc2cc1O[C@@H]1CO[C@@H]2[C@H]1OC[C@H]2F,6.279840469360352,5.9846411663243275,0.1730516562117287,0.7941176470588235,0.29519930303602404
gin,5154,COc1cc2c(Nc3ccc(Cl)cc3C)ncnc2cc1O[C@@H]1CO[C@@H]2[C@H]1OC[C@H]2F,6.279840469360352,5.931864917281284,0.1725343702483385,0.6933333333333334,0.3479755520790677
gin,5156,COc1cc2c(Nc3ccc(Cl)cc3Cl)ncnc2cc1O[C@@H]1CO[C@@H]2[C@H]1OC[C@H]2F,6.279840469360352,5.984772550018818,0.1538651779159639,0.7123287671232876,0.295067919341534
gin,5183,COc1cc2c(Nc3ccc(Cl)cc3F)ncnc2cc1O[C@@H]1CO[C@@H]2[C@H]1OC[C@H]2F,7.301030158996582,6.4436969343984645,0.12205212824631603,0.726027397260274,0.8573332245981176
gin,5184,COc1cc2c(Nc3ccc(F)c(C(F)(F)F)c3)ncnc2cc1O[C@@H]1CO[C@@H]2[C@H]1OC[C@H]2F,7.301030158996582,6.003776289805245,0.1638605278992086,0.6842105263157895,1.2972538691913371
gin,5186,COc1cc2c(Nc3ccc(F)c(Cl)c3)ncnc2cc1O[C@@H]1CO[C@@H]2[C@H]1OC[C@H]2F,6.279840469360352,5.840585244019915,0.17214592804047277,0.75,0.43925522534043626
gin,5196,COc1cc2c(Nc3ccc(F)c(Cl)c3F)ncnc2cc1O[C@@H]1CO[C@@H]2[C@H]1OC[C@H]2F,6.279840469360352,6.03908309689442,0.14255644434070303,0.7123287671232876,0.24075737246593132
gin,5198,COc1cc2c(Nc3ccc(F)c(Cl)c3F)ncnc2cc1O[C@H]1CO[C@H]2[C@@H]1OC[C@@H]2OC,5.629325866699219,6.05949140375903,0.10662182615280053,0.8088235294117647,0.4301655370598114
gin,5201,COc1cc2c(Nc3ccc(F)c(F)c3)ncnc2cc1O[C@@H]1CO[C@@H]2[C@H]1OC[C@H]2F,6.279840469360352,5.965474586892157,0.17574370259329125,0.7571428571428571,0.31436588246819497
gin,5202,COc1cc2c(Nc3ccc(F)c(F)c3F)ncnc2cc1O[C@@H]1CO[C@@H]2[C@H]1OC[C@H]2F,6.279840469360352,6.132935972155475,0.10298614862842476,0.6756756756756757,0.14690449720487653
gin,5204,COc1cc2c(Nc3ccc(F)cc3)ncnc2cc1O[C@@H]1CO[C@@H]2[C@H]1OC[C@H]2F,4.978810787200928,6.011944318421503,0.14969999172623755,0.7727272727272727,1.0331335312205754
gin,5205,COc1cc2c(Nc3ccc(F)cc3Br)ncnc2cc1O[C@@H]1CO[C@@H]2[C@H]1OC[C@H]2F,6.279840469360352,5.965655972025085,0.1755374667923418,0.6493506493506493,0.3141844973352663
gin,5206,COc1cc2c(Nc3ccc(F)cc3C(F)(F)F)ncnc2cc1O[C@@H]1CO[C@@H]2[C@H]1OC[C@H]2F,4.978810787200928,5.865377855574441,0.10968299558243866,0.6329113924050633,0.8865670683735134
gin,5210,COc1cc2c(Nc3ccc(F)cc3Cl)ncnc2cc1O[C@@H]1CO[C@@H]2[C@H]1OC[C@H]2F,6.279840469360352,5.847871128550963,0.14739718152717873,0.6973684210526315,0.4319693408093883
gin,5211,COc1cc2c(Nc3ccc(F)cc3F)ncnc2cc1O[C@@H]1CO[C@@H]2[C@H]1OC[C@H]2F,7.301030158996582,6.333597899306985,0.08131168529259128,0.6891891891891891,0.9674322596895975
gin,5256,COc1cc2c(Nc3cccc(Br)c3)ncnc2cc1O[C@@H]1CO[C@@H]2[C@H]1OC[C@H]2F,6.279840469360352,5.992331006879065,0.16971408108668593,0.6805555555555556,0.28750946248128617
gin,5258,COc1cc2c(Nc3cccc(Br)c3C)ncnc2cc1O[C@H]1CO[C@H]2[C@@H]1OC[C@@H]2OC,5.489405155181885,6.005845670649374,0.15935598163985853,0.6,0.5164405154674894
gin,5260,COc1cc2c(Nc3cccc(C(F)(F)F)c3F)ncnc2cc1O[C@@H]1CO[C@@H]2[C@H]1OC[C@H]2F,6.279840469360352,6.035629309832586,0.21564029785835137,0.6049382716049383,0.24421115952776518
gin,5261,COc1cc2c(Nc3cccc(Cl)c3)ncnc2cc1O[C@@H]1CO[C@@H]2[C@H]1OC[C@H]2F,4.978810787200928,5.972159139323215,0.16221159669586172,0.7123287671232876,0.993348352122287
gin,5263,COc1cc2c(Nc3cccc(Cl)c3C)ncnc2cc1O[C@@H]1CO[C@@H]2[C@H]1OC[C@H]2F,6.279840469360352,6.010025843496389,0.060270365617133406,0.6753246753246753,0.26981462586396265
gin,5264,COc1cc2c(Nc3cccc(Cl)c3C)ncnc2cc1O[C@H]1CO[C@H]2[C@@H]1OC[C@@H]2OC,5.489405155181885,6.005199208275371,0.08359107740329093,0.6,0.5157940530934866
gin,5268,COc1cc2c(Nc3cccc(Cl)c3F)ncnc2cc1O[C@@H]1CO[C@@H]2[C@H]1OC[C@H]2F,4.978810787200928,6.176512789257013,0.11270806449204891,0.6666666666666666,1.1977020020560856
gin,5269,COc1cc2c(Nc3cccc(Cl)c3F)ncnc2cc1O[C@H]1CO[C@H]2[C@@H]1OC[C@@H]2F,6.0,6.1466515558055095,0.16665464374600825,0.6666666666666666,0.14665155580550948
gin,5270,COc1cc2c(Nc3cccc(Cl)c3F)ncnc2cc1O[C@H]1CO[C@H]2[C@@H]1OC[C@@H]2OC,6.139920234680176,6.180179692893049,0.09145724550080137,0.6621621621621622,0.0402594582128728
gin,5272,COc1cc2c(Nc3cccc(F)c3F)ncnc2cc1O[C@@H]1CO[C@@H]2[C@H]1OC[C@H]2F,6.279840469360352,6.0913688484810065,0.12342717173401138,0.6447368421052632,0.1884716208793451
gin,5279,COc1cc2c(Nc3ccccc3Br)ncnc2cc1O[C@@H]1CO[C@@H]2[C@H]1OC[C@H]2F,6.279840469360352,6.021082460094931,0.22139886856254892,0.6447368421052632,0.2587580092654207
gin,5280,COc1cc2c(Nc3ccccc3Cl)ncnc2cc1O[C@@H]1CO[C@@H]2[C@H]1OC[C@H]2F,6.279840469360352,6.006027331272321,0.1567811934660234,0.6933333333333334,0.2738131380880304
gin,5281,COc1cc2c(Nc3ccccc3F)ncnc2cc1O[C@@H]1CO[C@@H]2[C@H]1OC[C@H]2F,6.279840469360352,6.328687867309153,0.135600578750239,0.6621621621621622,0.04884739794880133
gin,6313,COc1ccc(OC)c(Nc2ncnc3cc(O[C@@H]4CO[C@@H]5[C@H]4OC[C@H]5F)c(OC)cc23)c1,7.301030158996582,5.8431178613309,0.06602733392692911,0.6712328767123288,1.4579122976656818
gin,1148,CCC(C)CNCc1ccc2c(c1)NC(=O)c1c(Nc3cc(O)ccc3C)ccnc1N2,8.234331130981445,8.22138988563855,0.09230232284365299,0.7945205479452054,0.012941245342895868
gin,1156,CCC(CC)CNCc1ccc2c(c1)NC(=O)c1c(Nc3cc(O)ccc3C)ccnc1N2,8.0,8.180837804938884,0.08833500127901803,0.7727272727272727,0.1808378049388839
gin,1159,CCC(CC)NCc1ccc2c(c1)NC(=O)c1c(Nc3cc(O)ccc3C)ccnc1N2,8.213958740234375,8.326734213448503,0.13408467660173898,0.7428571428571429,0.1127754732141284
gin,1204,CCCCN(CC)Cc1ccc2c(c1)NC(=O)c1c(Nc3cc(O)c(C)cc3F)ccnc1N2,9.279840469360352,9.1925940836389,0.0743173435827755,0.68,0.0872463857214516
gin,1221,CCCCNCc1ccc2c(c1)NC(=O)c1c(Nc3cc(O)ccc3C)ccnc1N2,8.012781143188477,8.322171347398353,0.019473956984856756,0.7846153846153846,0.3093902042098762
gin,1278,CCCNCc1ccc2c(c1)NC(=O)c1c(Nc3cc(O)ccc3C)ccnc1N2,8.31966495513916,8.323320090688261,0.02851936302629653,0.8095238095238095,0.0036551355491010185
gin,1316,CCCc1ccc(Nc2ccnc3c2C(=O)Nc2cc(C#N)ccc2N3)cc1O,7.036684513092041,7.855712098121899,0.055415556172132674,0.6527777777777778,0.8190275850298576
gin,1357,CCN(C)Cc1ccc2c(c1)NC(=O)c1c(Nc3cc(O)c(C)cc3F)ccnc1N2,9.411168098449707,9.446518343188472,0.2130516006479935,0.7428571428571429,0.03535024473876547
gin,1364,CCN(CC)C(=O)c1ccc2c(c1)NC(=O)c1c(Nc3cc(O)c(C)cc3F)ccnc1N2,8.493494987487793,8.816677884879974,0.14516766688028046,0.6756756756756757,0.3231828973921811
gin,1374,CCN(CC)CC(C)NCc1ccc2c(c1)NC(=O)c1c(Nc3cc(O)ccc3C)ccnc1N2,8.17457389831543,8.297847081398308,0.22332877176736826,0.7162162162162162,0.12327318308287794
gin,1477,CCN(CC)Cc1ccc2c(c1)NC(=O)c1c(Nc3cc(O)c(C)cc3F)ccnc1N2,9.080663681030273,9.318813692678987,0.15078291886661688,0.7285714285714285,0.2381500116487132
gin,1478,CCN(CC)Cc1ccc2c(c1)NC(=O)c1c(Nc3cc(O)c(Cl)cc3F)ccnc1N2,8.769551277160645,9.03882311851684,0.17302085755922983,0.6666666666666666,0.2692718413561952
gin,1479,CCN(CC)Cc1ccc2c(c1)NC(=O)c1c(Nc3cc(O)ccc3C)ccnc1N2,7.899629592895508,8.25667564904696,0.14556062377441303,0.7164179104477612,0.3570460561514519
gin,1488,CCN(CCCO)Cc1ccc2c(c1)NC(=O)c1c(Nc3cc(O)c(C)cc3F)ccnc1N2,9.149353981018066,9.304803772988256,0.08332372996130369,0.6753246753246753,0.15544979197018982
gin,1489,CCN(CCN(C)C)Cc1ccc2c(c1)NC(=O)c1c(Nc3cc(O)c(C)cc3F)ccnc1N2,9.16178035736084,8.94821079478182,0.09746659815615125,0.68,0.2135695625790195
gin,1491,CCN(CCN)Cc1ccc2c(c1)NC(=O)c1c(Nc3cc(O)c(C)cc3F)ccnc1N2,9.146302223205566,9.286077764707747,0.08584302384144195,0.6891891891891891,0.1397755415021802
gin,1493,CCN(CCO)C(=O)c1ccc2c(c1)NC(=O)c1c(Nc3cc(O)c(C)cc3F)ccnc1N2,8.747146606445312,8.896310879489041,0.07112816030401134,0.6463414634146342,0.1491642730437288
gin,1496,CCN(CCO)Cc1ccc2c(c1)NC(=O)c1c(Nc3cc(O)c(C)cc3F)ccnc1N2,9.235076904296875,9.40126444929092,0.09307632778139201,0.6933333333333334,0.1661875449940453
gin,1497,CCN(CCO)Cc1ccc2c(c1)NC(=O)c1c(Nc3cc(O)c(Cl)cc3F)ccnc1N2,8.882728576660156,9.129758166286782,0.13401450934943768,0.6329113924050633,0.24702958962662613
gin,1498,CCN(CCOC)Cc1ccc2c(c1)NC(=O)c1c(Nc3cc(O)c(C)cc3F)ccnc1N2,9.325139045715332,9.095954739536674,0.09184051595435297,0.6623376623376623,0.2291843061786576
gin,1502,CCN(Cc1ccc2c(c1)NC(=O)c1c(Nc3cc(O)c(C)cc3F)ccnc1N2)C(C)C,9.080398559570312,9.338092283848406,0.26262493629777195,0.6891891891891891,0.25769372427809323
gin,1503,CCN(Cc1ccc2c(c1)NC(=O)c1c(Nc3cc(O)c(C)cc3F)ccnc1N2)CC(C)O,9.057000160217285,9.271533694914828,0.18756288218019423,0.6666666666666666,0.21453353469754255
gin,1643,CCNC(=O)c1ccc2c(c1)NC(=O)c1c(Nc3cc(O)c(C)cc3F)ccnc1N2,9.025028228759766,8.817884280717484,0.10865356353332487,0.684931506849315,0.20714394804228142
gin,1654,CCNCc1ccc2c(c1)NC(=O)c1c(Nc3cc(O)c(C)cc3F)ccnc1N2,9.348722457885742,9.419071923759171,0.033253258586627116,0.7941176470588235,0.07034946587342894
gin,1655,CCNCc1ccc2c(c1)NC(=O)c1c(Nc3cc(O)ccc3C)ccnc1N2,7.906578540802002,8.282330081036662,0.014090930288877722,0.8360655737704918,0.37575154023465984
gin,1735,CCOC(=O)Nc1ccc(Nc2ccnc3c2C(=O)Nc2cc(C#N)ccc2N3)cc1O,7.062983989715576,7.652918735999492,0.20591445094167238,0.6533333333333333,0.589934746283916
gin,1823,CCOCCC(C)NCc1ccc2c(c1)NC(=O)c1c(Nc3cc(O)ccc3C)ccnc1N2,8.199970245361328,8.22800074448954,0.1986493694202233,0.6883116883116883,0.028030499128211872
gin,1824,CCOCCN(CC)Cc1ccc2c(c1)NC(=O)c1c(Nc3cc(O)c(C)cc3F)ccnc1N2,9.07109260559082,9.022518517235577,0.058792902656058285,0.6538461538461539,0.04857408835524346
gin,1961,CC[C@@H](C)[C@@H](CO)NCc1ccc2c(c1)NC(=O)c1c(Nc3cc(O)c(C)cc3F)ccnc1N2,8.549751281738281,8.643420809470589,0.2634302692299872,0.7088607594936709,0.09366952773230786
gin,2954,CNCc1ccc2c(c1)NC(=O)c1c(Nc3cc(O)ccc3C)ccnc1N2,7.847711563110352,8.090549507555238,0.07336603539557204,0.8032786885245902,0.2428379444448865
gin,3475,COCCCNCc1ccc2c(c1)NC(=O)c1c(Nc3cc(O)ccc3C)ccnc1N2,8.043831825256348,8.287559382487188,0.021386165577960053,0.75,0.24372755723084083
gin,3540,COCCOCCCNCc1ccc2c(c1)NC(=O)c1c(Nc3cc(O)ccc3C)ccnc1N2,7.962573528289795,8.242875302127004,0.026105708328060282,0.7160493827160493,0.2803017738372091
gin,3543,COCCOCCOCCOCCOCCOCCOCCOCCNCc1ccc2c(c1)NC(=O)c1c(Nc3cc(O)c(C)cc3F)ccnc1N2,8.285670280456543,8.674432971348741,0.04977932502560522,0.7466666666666667,0.3887626908921984
gin,4081,COc1cc(O)cc(Nc2ccnc3c2C(=O)Nc2cc(C#N)ccc2N3)c1,7.422508239746094,7.947803502724089,0.16957765000058986,0.581081081081081,0.5252952629779957
gin,6716,CSCC(CO)NCc1ccc2c(c1)NC(=O)c1c(Nc3cc(O)c(C)cc3F)ccnc1N2,8.772112846374512,9.391007505083735,0.1764382450308963,0.782051282051282,0.6188946587092232
gin,7170,Cc1cc(F)c(Nc2ccnc3c2C(=O)Nc2cc(C#N)ccc2N3)cc1O,8.712198257446289,9.09603062451462,0.07186319894986476,0.6857142857142857,0.38383236706833124
gin,7181,Cc1cc(F)c(Nc2ccnc3c2C(=O)Nc2cc(C(=O)O)ccc2N3)cc1O,7.591760158538818,9.297230902991108,0.2327692755299395,0.7352941176470589,1.70547074445229
gin,7182,Cc1cc(F)c(Nc2ccnc3c2C(=O)Nc2cc(C(N)=O)ccc2N3)cc1O,9.079355239868164,9.164709084099437,0.13314332374582177,0.7352941176470589,0.0853538442312729
gin,7183,Cc1cc(F)c(Nc2ccnc3c2C(=O)Nc2cc(CN(C)C)ccc2N3)cc1O,8.892789840698242,9.417436314472146,0.11914580446984108,0.75,0.5246464737739043
gin,7184,Cc1cc(F)c(Nc2ccnc3c2C(=O)Nc2cc(CN(C)CCCO)ccc2N3)cc1O,9.026410102844238,9.4325930740672,0.12592316217868108,0.7027027027027027,0.406182971222961
gin,7185,Cc1cc(F)c(Nc2ccnc3c2C(=O)Nc2cc(CN(C)CCN(C)C)ccc2N3)cc1O,9.063989639282227,9.076670037497744,0.14743926889279513,0.7222222222222222,0.01268039821551703
gin,7186,Cc1cc(F)c(Nc2ccnc3c2C(=O)Nc2cc(CN(C)CCN)ccc2N3)cc1O,9.102923393249512,9.402615552522017,0.1360193142813368,0.7323943661971831,0.2996921592725048
gin,7187,Cc1cc(F)c(Nc2ccnc3c2C(=O)Nc2cc(CN(C)CCO)ccc2N3)cc1O,9.070070266723633,9.530549711261832,0.1427334912193271,0.7222222222222222,0.46047944453819944
gin,7188,Cc1cc(F)c(Nc2ccnc3c2C(=O)Nc2cc(CN(C)C[C@@H](C)O)ccc2N3)cc1O,9.137868881225586,9.098528217026379,0.30180450617069127,0.7027027027027027,0.0393406641992069
gin,7189,Cc1cc(F)c(Nc2ccnc3c2C(=O)Nc2cc(CN(C)C[C@H](C)O)ccc2N3)cc1O,9.058488845825195,9.41890232208569,0.20902419524633742,0.7027027027027027,0.36041347626049536
gin,7190,Cc1cc(F)c(Nc2ccnc3c2C(=O)Nc2cc(CN)ccc2N3)cc1O,9.212539672851562,9.4062990043426,0.07207981618219889,0.7575757575757576,0.1937593314910373
gin,7236,Cc1cc(F)c(Nc2ccnc3c2C(=O)Nc2cc(CNC(C)C)ccc2N3)cc1O,9.440093040466309,9.437230021887899,0.03908850559297418,0.8142857142857143,0.0028630185784095374
gin,7238,Cc1cc(F)c(Nc2ccnc3c2C(=O)Nc2cc(CNC(C)CO)ccc2N3)cc1O,8.962573051452637,9.475548179068483,0.05888353764837847,0.7567567567567568,0.5129751276158458
gin,7239,Cc1cc(F)c(Nc2ccnc3c2C(=O)Nc2cc(CNC(CO)C(C)C)ccc2N3)cc1O,9.151195526123047,9.493343932688655,0.2451060373190768,0.7368421052631579,0.34214840656560774
gin,7240,Cc1cc(F)c(Nc2ccnc3c2C(=O)Nc2cc(CNC(CO)CO)ccc2N3)cc1O,9.367542266845703,9.631996055660087,0.1206523151372628,0.8108108108108109,0.2644537888143841
gin,7248,Cc1cc(F)c(Nc2ccnc3c2C(=O)Nc2cc(CNCCO)ccc2N3)cc1O,9.390405654907227,9.57351212927089,0.014454558267844659,0.8235294117647058,0.18310647436366345
gin,7249,Cc1cc(F)c(Nc2ccnc3c2C(=O)Nc2cc(CNCCOCCOCCOCCOCO)ccc2N3)cc1O,9.298432350158691,9.142674590958677,0.038329214503735096,0.7466666666666667,0.15575775920001433
gin,7252,Cc1cc(F)c(Nc2ccnc3c2C(=O)Nc2cc(CN[C@@H](CO)C(N)=O)ccc2N3)cc1O,9.006123542785645,8.916090361601997,0.14948075306784156,0.6962025316455697,0.09003318118364767
gin,8004,Cc1ccc(Nc2ccnc3c2C(=O)Nc2cc(C#N)ccc2N3)cc1O,8.91009521484375,8.339753020229258,0.16642929382356306,0.7014925373134329,0.5703421946144918
gin,8043,Cc1ccc(O)cc1Nc1ccnc2c1C(=O)Nc1cc(C#N)ccc1N2,8.406713485717773,7.639022869176604,0.09637852330600456,0.6515151515151515,0.7676906165411692
gin,8051,Cc1ccc(O)cc1Nc1ccnc2c1C(=O)Nc1cc(CNC(C)C(C)C)ccc1N2,8.055024147033691,8.289416836373107,0.38682542046896534,0.7681159420289855,0.23439268933941548
gin,8052,Cc1ccc(O)cc1Nc1ccnc2c1C(=O)Nc1cc(CNC(C)C)ccc1N2,8.078313827514648,8.31885559961942,0.07397257694031685,0.8059701492537313,0.24054177210477157
gin,8054,Cc1ccc(O)cc1Nc1ccnc2c1C(=O)Nc1cc(CNC(C)CN(C)C)ccc1N2,8.07211685180664,8.185118619298729,0.1680512756801925,0.726027397260274,0.11300176749208823
gin,8068,Cc1ccc(O)cc1Nc1ccnc2c1C(=O)Nc1cc(CNCC(C)(C)C)ccc1N2,8.379863739013672,8.065890796672193,0.0789911888539206,0.796875,0.3139729423414792
gin,8069,Cc1ccc(O)cc1Nc1ccnc2c1C(=O)Nc1cc(CNCC(C)(C)N(C)C)ccc1N2,8.011441230773926,8.038682626020185,0.20752221564770926,0.75,0.027241395246258904
gin,8070,Cc1ccc(O)cc1Nc1ccnc2c1C(=O)Nc1cc(CNCC(C)C)ccc1N2,8.031517028808594,8.260275602347255,0.1211769230705506,0.8208955223880597,0.22875857353866103
gin,8073,Cc1ccc(O)cc1Nc1ccnc2c1C(=O)Nc1cc(CNCC(F)(F)F)ccc1N2,8.062481880187988,8.34986325347908,0.033855544864360265,0.8,0.28738137329109215
gin,8074,Cc1ccc(O)cc1Nc1ccnc2c1C(=O)Nc1cc(CNCC(N)=O)ccc1N2,7.97469425201416,7.907993216467257,0.24417097781184385,0.7846153846153846,0.06670103554690332
gin,8075,Cc1ccc(O)cc1Nc1ccnc2c1C(=O)Nc1cc(CNCC(O)CO)ccc1N2,8.136082649230957,8.512977537727314,0.02673260943296343,0.7611940298507462,0.37689488849635744
gin,8080,Cc1ccc(O)cc1Nc1ccnc2c1C(=O)Nc1cc(CNCCC(=O)N(C)C)ccc1N2,8.238823890686035,7.989901132519132,0.2058631676334547,0.7397260273972602,0.2489227581669029
gin,8081,Cc1ccc(O)cc1Nc1ccnc2c1C(=O)Nc1cc(CNCCC(F)(F)F)ccc1N2,8.023650169372559,8.38114113800278,0.03913730059125909,0.7761194029850746,0.3574909686302217
gin,8082,Cc1ccc(O)cc1Nc1ccnc2c1C(=O)Nc1cc(CNCCCCO)ccc1N2,7.92081880569458,8.410630441145296,0.06438677882124004,0.7727272727272727,0.4898116354507156
gin,8083,Cc1ccc(O)cc1Nc1ccnc2c1C(=O)Nc1cc(CNCCCO)ccc1N2,7.95078182220459,8.43810991937687,0.06983726089738729,0.7846153846153846,0.48732809717228065
gin,8084,Cc1ccc(O)cc1Nc1ccnc2c1C(=O)Nc1cc(CNCCCOC(C)C)ccc1N2,8.447331428527832,8.21227246832791,0.06235127202124168,0.7183098591549296,0.23505896019992178
gin,8085,Cc1ccc(O)cc1Nc1ccnc2c1C(=O)Nc1cc(CNCCF)ccc1N2,8.289036750793457,8.468723572420345,0.05708492056842452,0.8125,0.17968682162688765
gin,8086,Cc1ccc(O)cc1Nc1ccnc2c1C(=O)Nc1cc(CNCCN(C)C)ccc1N2,8.186419486999512,8.177210853616733,0.050032400220496244,0.7846153846153846,0.00920863338277833
gin,8092,Cc1ccc(O)cc1Nc1ccnc2c1C(=O)Nc1cc(CNCCO)ccc1N2,7.614393711090088,8.455409390250187,0.037910284755535095,0.8095238095238095,0.8410156791600993
gin,8105,Cc1ccc(O)cc1Nc1ccnc2c1C(=O)Nc1cc(CN[C@@H](CO)C(C)C)ccc1N2,8.192464828491211,8.07894381430439,0.2182442568010964,0.7605633802816901,0.11352101418682103
gin,9561,N#Cc1ccc2c(c1)NC(=O)c1c(Nc3cc(O)c(Br)cc3F)ccnc1N2,8.630784034729004,8.45793097543814,0.15491600785415388,0.5675675675675675,0.1728530592908637
gin,9562,N#Cc1ccc2c(c1)NC(=O)c1c(Nc3cc(O)c(Cl)cc3Cl)ccnc1N2,8.008773803710938,8.061646897974887,0.22041201958736065,0.5915492957746479,0.05287309426394948
gin,9563,N#Cc1ccc2c(c1)NC(=O)c1c(Nc3cc(O)c(Cl)cc3F)ccnc1N2,8.899629592895508,8.725228522289209,0.15867839703416817,0.6216216216216216,0.17440107060629906
gin,9564,N#Cc1ccc2c(c1)NC(=O)c1c(Nc3cc(O)c(F)c(F)c3)ccnc1N2,8.565430641174316,7.897167335281854,0.08113520805527195,0.6428571428571429,0.6682633058924621
gin,9565,N#Cc1ccc2c(c1)NC(=O)c1c(Nc3cc(O)c(F)cc3F)ccnc1N2,8.585026741027832,7.9992509632275715,0.1768882765214132,0.5915492957746479,0.5857757778002606
gin,9566,N#Cc1ccc2c(c1)NC(=O)c1c(Nc3cc(O)ccc3Cl)ccnc1N2,8.206209182739258,7.610924314783365,0.09772038963341889,0.5694444444444444,0.5952848679558924
gin,9567,N#Cc1ccc2c(c1)NC(=O)c1c(Nc3cc(O)ccc3F)ccnc1N2,8.232844352722168,7.947767338397966,0.13711982966691355,0.5774647887323944,0.2850770143242016
gin,9568,N#Cc1ccc2c(c1)NC(=O)c1c(Nc3ccc(Br)c(O)c3)ccnc1N2,8.57186508178711,7.865796886111791,0.07456706684267747,0.7121212121212122,0.7060681956753188
gin,9569,N#Cc1ccc2c(c1)NC(=O)c1c(Nc3ccc(Cl)c(O)c3)ccnc1N2,8.576754570007324,7.822670075695062,0.033039789664784575,0.7014925373134329,0.754084494312262
gin,9571,N#Cc1ccc2c(c1)NC(=O)c1c(Nc3ccc(O)c(O)c3)ccnc1N2,7.295849323272705,7.534881781591214,0.006569935528087568,0.734375,0.23903245831850928
gin,9572,N#Cc1ccc2c(c1)NC(=O)c1c(Nc3cccc(O)c3)ccnc1N2,8.16749095916748,7.568398197830675,0.08901523046447968,0.6716417910447762,0.5990927613368058
gin,86,C=CC(=O)Nc1cc(NC(=O)Nc2ccc(Oc3ccnc(NC(=O)C4CC4)c3)c(F)c2)cc(C(F)(F)F)c1,7.935542106628418,7.5151573724375,0.3633085943051038,0.7941176470588235,0.42038473419091815
gin,365,CC(=O)Nc1cc(NC(=O)Nc2ccc(Oc3ccnc(NC(=O)C4CC4)c3)c(F)c2)cc(C(F)(F)F)c1,7.847711563110352,7.697334614303959,0.08197067688751414,0.8307692307692308,0.15037694880639219
gin,759,CC(C)Nc1cc(NC(=O)Nc2ccc(Oc3ccnc(NC(=O)C4CC4)c3)c(F)c2)cc(C(F)(F)F)c1,8.16749095916748,7.967345111727961,0.08381222810021928,0.7941176470588235,0.20014584743951946
gin,1004,CC(F)(F)c1cc(F)cc(NC(=O)Nc2ccc(Oc3ccnc(NC(=O)C4CC4)c3)c(F)c2)c1,7.978810787200928,8.077299188980382,0.1446611433243618,0.803030303030303,0.09848840177945384
gin,1005,CC(F)(F)c1cc(F)cc(NC(=O)Nc2ccc(Oc3ccnc(NC(=O)C4CC4)c3)cc2F)c1,8.107905387878418,8.30369012452195,0.1216025463377937,0.803030303030303,0.1957847366435317
gin,1010,CC(F)(F)c1cc(NC(=O)Nc2ccc(Oc3ccnc(NC(=O)C4CC4)c3)c(F)c2)ccc1Cl,7.8326826095581055,8.015471414830321,0.09715602985003179,0.7391304347826086,0.18278880527221553
gin,1011,CC(F)(F)c1cc(NC(=O)Nc2ccc(Oc3ccnc(NC(=O)C4CC4)c3)c(F)c2)ccc1F,7.866461277008057,8.324122517979808,0.0689553132050419,0.7575757575757576,0.45766124097175087
gin,1012,CC(F)(F)c1cc(NC(=O)Nc2ccc(Oc3ccnc(NC(=O)C4CC4)c3)cc2)ccc1Cl,7.595166206359863,7.96760672706777,0.02772328989491752,0.8412698412698413,0.3724405207079071
gin,1013,CC(F)(F)c1cc(NC(=O)Nc2ccc(Oc3ccnc(NC(=O)C4CC4)c3)cc2)ccc1F,7.93930196762085,8.278643623870417,0.0847299656275649,0.75,0.3393416562495677
gin,1014,CC(F)(F)c1cc(NC(=O)Nc2ccc(Oc3ccnc(NC(=O)C4CC4)c3)cc2F)ccc1Cl,7.958607196807861,8.258819512374393,0.059874638241395266,0.8208955223880597,0.3002123155665313
gin,1015,CC(F)(F)c1cc(NC(=O)Nc2ccc(Oc3ccnc(NC(=O)C4CC4)c3)cc2F)ccc1F,7.826813697814941,8.560083576066782,0.08216335364120854,0.75,0.733269878251841
gin,1019,CC(F)(F)c1ccc(F)c(NC(=O)Nc2ccc(Oc3ccnc(NC(=O)C4CC4)c3)c(F)c2)c1,8.148741722106934,8.13556422602725,0.12001582558357884,0.7794117647058824,0.013177496079682882
gin,1020,CC(F)(F)c1ccc(F)c(NC(=O)Nc2ccc(Oc3ccnc(NC(=O)C4CC4)c3)cc2)c1,8.207608222961426,8.140302203551263,0.08138095758496691,0.8253968253968254,0.06730601941016268
gin,1021,CC(F)(F)c1ccc(F)c(NC(=O)Nc2ccc(Oc3ccnc(NC(=O)C4CC4)c3)cc2F)c1,8.040958404541016,8.368403731754105,0.140120969193846,0.864406779661017,0.3274453272130895
gin,1024,CC(F)(F)c1cccc(NC(=O)Nc2ccc(Oc3ccnc(NC(=O)C4CC4)c3)c(F)c2)c1,8.008773803710938,8.241926764947229,0.06664376471389942,0.8153846153846154,0.23315296123629103
gin,1025,CC(F)(F)c1cccc(NC(=O)Nc2ccc(Oc3ccnc(NC(=O)C4CC4)c3)cc2F)c1,8.004364967346191,8.474966677140591,0.07886110206622443,0.8225806451612904,0.4706017097943995
gin,1033,CC(N)c1cc(NC(=O)Nc2ccc(Oc3ccnc(NC(=O)C4CC4)c3)c(F)c2)cc(C(F)(F)F)c1,7.804100513458252,8.10054398490801,0.13269561297586674,0.7763157894736842,0.29644347144975747
gin,1059,CC1(C(=O)Nc2cc(Oc3ccc(NC(=O)Nc4ccc(Cl)c(C(F)(F)F)c4)cc3F)ccn2)CC1,7.896196365356445,7.998447484065044,0.0865122156634861,0.6,0.10225111870859838
gin,1687,CCOC(=O)C(C)(C)CNc1cc(NC(=O)Nc2ccc(Oc3ccnc(NC(=O)C4CC4)c3)c(F)c2)cc(C(F)(F)F)c1,7.892789840698242,7.418860737918844,0.15309175342945594,0.7105263157894737,0.47392910277939837
gin,3458,COCC(=O)Nc1cc(NC(=O)Nc2ccc(Oc3ccnc(NC(=O)C4CC4)c3)c(F)c2)cc(C(F)(F)F)c1,7.742321491241455,7.754054903680962,0.1455852209084706,0.7714285714285715,0.011733412439506985
gin,6682,CS(=O)(=O)Nc1cc(NC(=O)Nc2ccc(Oc3ccnc(NC(=O)C4CC4)c3)c(F)c2)cc(C(F)(F)F)c1,8.259636878967285,8.066039661460612,0.09024953457495723,0.782608695652174,0.1935972175066727
gin,6688,CS(=O)(=O)c1cc(NC(=O)Nc2ccc(Oc3ccnc(NC(=O)C4CC4)c3)c(F)c2)cc(C(F)(F)F)c1,7.86966609954834,8.267653375321894,0.1077630464298061,0.7681159420289855,0.39798727577355386
gin,6689,CS(=O)(=O)c1cc(NC(=O)Nc2ccc(Oc3ccnc(NC(=O)C4CC4)c3)cc2)cc(C(F)(F)F)c1,8.119186401367188,8.220651472209587,0.05234121197322386,0.84375,0.10146507084239964
gin,7266,Cc1cc(NC(=O)Nc2cc(C(C)(F)F)ccc2F)ccc1Oc1ccnc(NC(=O)C2CC2)c1,8.004364967346191,8.09140928685982,0.15018069649572702,0.7647058823529411,0.08704431951362857
gin,7269,Cc1cc(NC(=O)Nc2cc(F)cc(C(C)(F)F)c2)ccc1Oc1ccnc(NC(=O)C2CC2)c1,8.091514587402344,8.029334373118218,0.16678934522112188,0.6901408450704225,0.06218021428412612
gin,7284,Cc1cc(NC(=O)Nc2ccc(Cl)c(C(C)(F)F)c2)ccc1Oc1ccnc(NC(=O)C2CC2)c1,7.947585582733154,7.936610894234377,0.07853958618080732,0.7910447761194029,0.010974688498777141
gin,7287,Cc1cc(NC(=O)Nc2ccc(Cl)c(C(F)(F)F)c2)ccc1Oc1ccnc(NC(=O)C2CC2)c1,7.838632106781006,7.97441408543591,0.0999505019609013,0.803030303030303,0.13578197865490438
gin,7293,Cc1cc(NC(=O)Nc2ccc(F)c(C(F)(F)F)c2)ccc1Oc1ccnc(NC(=O)C2CC2)c1,7.931814193725586,8.218900056936414,0.08021364000190834,0.7846153846153846,0.2870858632108284
gin,7298,Cc1cc(NC(=O)Nc2cccc(C(F)(F)F)c2)ccc1Oc1ccnc(NC(=O)C2CC2)c1,7.935542106628418,8.17180694158329,0.06840089866902793,0.7121212121212122,0.23626483495487172
gin,7301,Cc1cc(NC(=O)Nc2cccc(OC(F)(F)F)c2)ccc1Oc1ccnc(NC(=O)C2CC2)c1,7.958607196807861,8.206024855589172,0.03978255792260314,0.6515151515151515,0.24741765878131083
gin,7449,Cc1cc(Oc2ccnc(NC(=O)C3CC3)c2)ccc1NC(=O)Nc1cc(C(C)(F)F)ccc1F,8.08092212677002,8.316831048514738,0.07129995306870214,0.8709677419354839,0.23590892174471811
gin,7450,Cc1cc(Oc2ccnc(NC(=O)C3CC3)c2)ccc1NC(=O)Nc1cc(F)cc(C(C)(F)F)c1,8.244125366210938,8.241375534463865,0.04108871776812891,0.7761194029850746,0.002749831747072662
gin,7451,Cc1cc(Oc2ccnc(NC(=O)C3CC3)c2)ccc1NC(=O)Nc1cc(F)cc(C(F)(F)F)c1,7.756961822509766,8.228056744097026,0.06619187272011695,0.873015873015873,0.47109492158726063
gin,7452,Cc1cc(Oc2ccnc(NC(=O)C3CC3)c2)ccc1NC(=O)Nc1cc(OC(F)(F)F)ccc1F,8.214670181274414,8.378048186515533,0.14379990645413163,0.7272727272727273,0.16337800524111934
gin,7453,Cc1cc(Oc2ccnc(NC(=O)C3CC3)c2)ccc1NC(=O)Nc1ccc(Cl)c(C(C)(F)F)c1,7.853871822357178,8.149727418346705,0.09010025100776202,0.8769230769230769,0.2958555959895275
gin,7454,Cc1cc(Oc2ccnc(NC(=O)C3CC3)c2)ccc1NC(=O)Nc1ccc(Cl)c(C(F)(F)F)c1,7.978810787200928,8.188345609202466,0.101217464585368,0.875,0.2095348220015385
gin,7455,Cc1cc(Oc2ccnc(NC(=O)C3CC3)c2)ccc1NC(=O)Nc1ccc(F)c(C(C)(F)F)c1,8.0,8.453718833226654,0.09180009522082623,0.7761194029850746,0.4537188332266542
gin,7456,Cc1cc(Oc2ccnc(NC(=O)C3CC3)c2)ccc1NC(=O)Nc1ccc(F)c(C(F)(F)F)c1,7.9281182289123535,8.429578444291982,0.07221998397596341,0.873015873015873,0.5014602153796286
gin,7457,Cc1cc(Oc2ccnc(NC(=O)C3CC3)c2)ccc1NC(=O)Nc1ccc(F)c(OC(F)(F)F)c1,7.9281182289123535,8.429459983583834,0.0912353782592112,0.6901408450704225,0.5013417546714809
gin,7458,Cc1cc(Oc2ccnc(NC(=O)C3CC3)c2)ccc1NC(=O)Nc1cccc(C(F)(F)F)c1,7.962573528289795,8.396983116408592,0.0992521525577343,0.7538461538461538,0.4344095881187968
gin,7459,Cc1cc(Oc2ccnc(NC(=O)C3CC3)c2)ccc1NC(=O)Nc1cccc(OC(F)(F)F)c1,7.978810787200928,8.423685362163079,0.16376799132567327,0.6417910447761194,0.4448745749621512
gin,7912,Cc1ccc(NC(=O)Nc2ccc(Oc3ccnc(NC(=O)C4CC4)c3)c(F)c2)cc1C(F)(F)F,7.946921348571777,8.521630528955106,0.07621798305519653,0.7619047619047619,0.5747091803833282
gin,7913,Cc1ccc(NC(=O)Nc2ccc(Oc3ccnc(NC(=O)C4CC4)c3)cc2)cc1C(F)(F)F,8.0,8.481663639144776,0.029580059582533264,0.7777777777777778,0.4816636391447755
gin,7914,Cc1ccc(NC(=O)Nc2ccc(Oc3ccnc(NC(=O)C4CC4)c3)cc2F)cc1C(F)(F)F,7.991399765014648,8.752473733826491,0.025063526536156927,0.8153846153846154,0.7610739688118429
gin,9528,N#Cc1cc(NC(=O)Nc2ccc(Cl)c(C(F)(F)F)c2)ccc1Oc1ccnc(NC(=O)C2CC2)c1,7.739928722381592,7.987174482578894,0.12874251031444928,0.7101449275362319,0.24724576019730193
gin,9529,N#Cc1cc(NC(=O)Nc2ccc(Oc3ccnc(NC(=O)C4CC4)c3)c(F)c2)cc(C(F)(F)F)c1,7.924453258514404,7.979739307502125,0.09659255918898073,0.7681159420289855,0.05528604898772027
gin,9530,N#Cc1cc(NC(=O)Nc2ccc(Oc3ccnc(NC(=O)C4CC4)c3)cc2)cc(C(F)(F)F)c1,8.148741722106934,7.953188330812584,0.07785726374648876,0.7,0.19555339129434923
gin,9546,N#Cc1ccc(NC(=O)Nc2ccc(Oc3ccnc(NC(=O)C4CC4)c3)c(F)c2)cc1C(F)(F)F,8.143875122070312,7.936089015960306,0.10249813257108364,0.7536231884057971,0.20778610611000659
gin,9547,N#Cc1ccc(NC(=O)Nc2ccc(Oc3ccnc(NC(=O)C4CC4)c3)cc2)cc1C(F)(F)F,8.0,7.901179121115926,0.059185619356551374,0.8571428571428571,0.09882087888407387
gin,9548,N#Cc1ccc(NC(=O)Nc2ccc(Oc3ccnc(NC(=O)C4CC4)c3)cc2F)cc1C(F)(F)F,7.835647106170654,8.162553782826953,0.07570521324452806,0.782608695652174,0.32690667665629825
gin,9549,N#Cc1ccc(NC(=O)Nc2ccc(Oc3ccnc(NC(=O)C4CC4)c3)cc2F)cc1Cl,8.173925399780273,7.94649855659344,0.17494506652703637,0.6911764705882353,0.2274268431868336
gin,9821,Nc1cc(NC(=O)Nc2ccc(Oc3ccnc(NC(=O)C4CC4)c3)c(F)c2)cc(C(F)(F)F)c1,8.013228416442871,7.942256486148078,0.07067566954551206,0.8153846153846154,0.07097193029479332
gin,10669,O=C(Nc1cc(F)cc(C(F)(F)F)c1)Nc1ccc(Oc2ccnc(NC(=O)C3CC3)c2)c(F)c1,7.917214393615723,8.060281118639145,0.11560356340218357,0.828125,0.14306672502342188
gin,10670,O=C(Nc1cc(F)cc(C(F)(F)F)c1)Nc1ccc(Oc2ccnc(NC(=O)C3CC3)c2)cc1F,7.826813697814941,8.288624026187676,0.08167905524359577,0.8125,0.46181032837273506
gin,10779,O=C(Nc1ccc(Cl)c(C(F)(F)F)c1)Nc1ccc(Oc2ccnc(NC(=O)C3CC3)c2)cc1F,8.408935546875,8.29637967129012,0.09036247332537718,0.803030303030303,0.11255587558487967
gin,10849,O=C(Nc1ccc(F)c(C(F)(F)F)c1)Nc1ccc(Oc2ccnc(NC(=O)C3CC3)c2)cc1F,7.600326061248779,8.524522873619466,0.038269026288508284,0.8253968253968254,0.9241968123706865
gin,10876,O=C(Nc1ccc(F)c(OC(F)(F)F)c1)Nc1ccc(Oc2ccnc(NC(=O)C3CC3)c2)cc1F,7.879426002502441,8.478151792561448,0.023461805087460996,0.7384615384615385,0.5987257900590066
gin,10927,O=C(Nc1ccc(OC(F)(F)F)cc1)Nc1ccc(Oc2ccnc(NC(=O)C3CC3)c2)c(F)c1,8.275724411010742,8.217226880828624,0.0530729437146112,0.7704918032786885,0.058497530182117785
gin,10976,O=C(Nc1ccc(Oc2ccnc(NC(=O)C3CC3)c2)c(F)c1)Nc1cc(C(F)(F)F)ccc1Cl,8.229147911071777,7.959692549981696,0.0260851044951392,0.7285714285714285,0.26945536109008117
gin,10977,O=C(Nc1ccc(Oc2ccnc(NC(=O)C3CC3)c2)c(F)c1)Nc1cc(C(F)(F)F)ccc1F,8.08092212677002,8.101174255982263,0.07834509623518945,0.7692307692307693,0.02025212921224373
gin,10980,O=C(Nc1ccc(Oc2ccnc(NC(=O)C3CC3)c2)c(F)c1)Nc1cc(Cl)ccc1F,8.119186401367188,8.243573644280483,0.061333538427910374,0.8064516129032258,0.12438724291329528
gin,10981,O=C(Nc1ccc(Oc2ccnc(NC(=O)C3CC3)c2)c(F)c1)Nc1cc(OC(F)(F)F)ccc1F,8.244125366210938,8.235238017554517,0.03359372566406632,0.7575757575757576,0.008887348656420713
gin,10982,O=C(Nc1ccc(Oc2ccnc(NC(=O)C3CC3)c2)c(F)c1)Nc1ccc(C(F)(F)F)c(Cl)c1,7.910094738006592,8.112689438239613,0.09676994675390936,0.7619047619047619,0.20259470023302129
gin,10983,O=C(Nc1ccc(Oc2ccnc(NC(=O)C3CC3)c2)c(F)c1)Nc1ccc(C(F)(F)F)cc1Cl,8.107905387878418,8.317836937707549,0.026065962854768032,0.7246376811594203,0.20993154982913076
gin,10984,O=C(Nc1ccc(Oc2ccnc(NC(=O)C3CC3)c2)c(F)c1)Nc1ccc(Cl)c(C(F)(F)F)c1,8.15291690826416,8.054809836773794,0.12582823586111092,0.8,0.09810707149036624
gin,10985,O=C(Nc1ccc(Oc2ccnc(NC(=O)C3CC3)c2)c(F)c1)Nc1ccc(Cl)c(OC(F)(F)F)c1,8.259636878967285,8.171107848093394,0.026632007904379102,0.7230769230769231,0.0885290308738913
gin,10986,O=C(Nc1ccc(Oc2ccnc(NC(=O)C3CC3)c2)c(F)c1)Nc1ccc(F)c(C(F)(F)F)c1,7.8181562423706055,8.304323451030958,0.04861363053834842,0.8,0.486167208660353
gin,10987,O=C(Nc1ccc(Oc2ccnc(NC(=O)C3CC3)c2)c(F)c1)Nc1ccc(F)c(OC(F)(F)F)c1,8.022275924682617,8.286791717027123,0.06759414163425133,0.7580645161290323,0.26451579234450584
gin,10989,O=C(Nc1ccc(Oc2ccnc(NC(=O)C3CC3)c2)cc1)Nc1cc(C(F)(F)F)ccc1Cl,7.982966423034668,7.910990673096118,0.08616290069674072,0.6811594202898551,0.0719757499385496
gin,10990,O=C(Nc1ccc(Oc2ccnc(NC(=O)C3CC3)c2)cc1)Nc1cc(F)cc(C(F)(F)F)c1,8.148741722106934,8.04378713049213,0.0809010061589644,0.8064516129032258,0.10495459161480447
gin,10992,O=C(Nc1ccc(Oc2ccnc(NC(=O)C3CC3)c2)cc1)Nc1ccc(Cl)c(C(F)(F)F)c1,7.991399765014648,8.013483378675422,0.05462325258044881,0.85,0.02208361366077405
gin,10993,O=C(Nc1ccc(Oc2ccnc(NC(=O)C3CC3)c2)cc1)Nc1ccc(F)c(C(F)(F)F)c1,7.978810787200928,8.261855262115887,0.029031198652629642,0.819672131147541,0.2830444749149592
gin,10995,O=C(Nc1ccc(Oc2ccnc(NC(=O)C3CC3)c2)cc1)Nc1cccc(C(F)(F)F)c1,7.9430952072143555,8.208586812587177,0.028001341546453534,0.8305084745762712,0.2654916053728211
gin,10996,O=C(Nc1ccc(Oc2ccnc(NC(=O)C3CC3)c2)cc1)Nc1cccc(OC(F)(F)F)c1,8.107905387878418,8.249978887399152,0.08422417913651513,0.7049180327868853,0.142073499520734
gin,10997,O=C(Nc1ccc(Oc2ccnc(NC(=O)C3CC3)c2)cc1F)Nc1cc(C(F)(F)F)ccc1Cl,7.9281182289123535,8.174381571122163,0.07302519714945407,0.7164179104477612,0.24626334220980972
gin,10998,O=C(Nc1ccc(Oc2ccnc(NC(=O)C3CC3)c2)cc1F)Nc1cc(C(F)(F)F)ccc1F,8.07572078704834,8.33080415272112,0.10160866722445691,0.819672131147541,0.25508336567278
gin,10999,O=C(Nc1ccc(Oc2ccnc(NC(=O)C3CC3)c2)cc1F)Nc1cc(OC(F)(F)F)ccc1F,8.026871681213379,8.424712589310085,0.07001758205202006,0.7142857142857143,0.3978409080967058
gin,11117,O=C(Nc1cccc(C(F)(F)F)c1)Nc1ccc(Oc2ccnc(NC(=O)C3CC3)c2)c(F)c1,8.428291320800781,8.224319646856392,0.03606195487442338,0.8095238095238095,0.2039716739443893
gin,11118,O=C(Nc1cccc(C(F)(F)F)c1)Nc1ccc(Oc2ccnc(NC(=O)C3CC3)c2)cc1F,8.107905387878418,8.459142480363274,0.040035300734010446,0.796875,0.35123709248485646
gin,11174,O=C(Nc1cccc(OC(F)(F)F)c1)Nc1ccc(Oc2ccnc(NC(=O)C3CC3)c2)c(F)c1,8.30980396270752,8.26815782259113,0.07937322737728576,0.75,0.041646140116389674
gin,11175,O=C(Nc1cccc(OC(F)(F)F)c1)Nc1ccc(Oc2ccnc(NC(=O)C3CC3)c2)cc1F,7.991399765014648,8.463142946062021,0.08929661778151199,0.6865671641791045,0.4717431810473727
gin,313,C=S(C)(=O)NC(=O)c1c[nH]c(-c2cc(Oc3ccc(NC(=O)Nc4cc(C)ccc4F)cc3)ccn2)c1,8.09691047668457,7.513655150408738,0.1941597194293726,0.7567567567567568,0.5832553262758324
gin,314,C=S(C)(=O)NC(=O)c1c[nH]c(-c2cc(Oc3ccc(NC(=O)Nc4ccc(Cl)c(C(F)(F)F)c4)cc3)ccn2)c1,7.337242126464844,7.45047689914126,0.16552662601052195,0.5897435897435898,0.11323477267641646
gin,315,C=S(C)(=O)NC(=O)c1c[nH]c(-c2cc(Oc3ccc(NC(=O)Nc4cccc(C)c4)cc3)ccn2)c1,7.744727611541748,7.430161213273247,0.2209016972964587,0.7,0.31456639826850097
gin,1360,CCN(CC)C(=O)c1c[nH]c(-c2cc(Oc3ccc(NC(=O)Nc4cc(C)ccc4F)cc3)ccn2)c1,7.698969841003418,7.380430656656927,0.12132401086129087,0.7397260273972602,0.3185391843464913
gin,1595,CCNC(=O)CCCNC(=O)c1c[nH]c(-c2cc(Oc3ccc(NC(=O)Nc4cc(C)ccc4F)cc3)ccn2)c1,7.638272285461426,7.181198003029389,0.08108617193395405,0.7325581395348837,0.4570742824320364
gin,1630,CCNC(=O)[C@H](CCC(=O)O)NC(=O)c1c[nH]c(-c2cc(Oc3ccc(NC(=O)Nc4cccc(C)c4)c(F)c3)ccn2)c1,7.79587984085083,7.227088704628007,0.21343877448999463,0.6063829787234043,0.5687911362228233
gin,1632,CCNC(=O)[C@H](CCC(=O)OC(C)(C)C)NC(=O)c1c[nH]c(-c2cc(Oc3ccc(NC(=O)Nc4cccc(C)c4)c(F)c3)ccn2)c1,7.619788646697998,6.910787509750722,0.2731133216497692,0.5816326530612245,0.7090011369472764
gin,1633,CCNC(=O)c1c[nH]c(-c2cc(Oc3ccc(NC(=O)Nc4cc(C)ccc4F)cc3)ccn2)c1,7.744727611541748,7.315838014587636,0.12393426847075645,0.75,0.4288895969541118
gin,1634,CCNC(=O)c1c[nH]c(-c2cc(Oc3ccc(NC(=O)Nc4cccc(C)c4)c(F)c3)ccn2)c1,7.698969841003418,7.570541134509862,0.1238889600199694,0.6829268292682927,0.12842870649355564
gin,1635,CCNC(=O)c1c[nH]c(-c2cc(Oc3ccc(NC(=O)Nc4cccc(C)c4)cc3)ccn2)c1,8.301030158996582,7.236716329453732,0.1733230211548385,0.6944444444444444,1.0643138295428498
gin,1700,CCOC(=O)CCCNC(=O)c1c[nH]c(-c2cc(Oc3ccc(NC(=O)Nc4cc(C)ccc4F)c(F)c3)ccn2)c1,7.508638381958008,7.740266227519991,0.059608758683110136,0.6444444444444445,0.23162784556198357
gin,1701,CCOC(=O)CCCNC(=O)c1c[nH]c(-c2cc(Oc3ccc(NC(=O)Nc4cc(C)ccc4F)cc3)ccn2)c1,7.4202165603637695,7.496567731716368,0.022622568196513086,0.7325581395348837,0.07635117135259861
gin,2683,CNC(=O)c1c[nH]c(-c2cc(Oc3ccc(NC(=O)Nc4cccc(C)c4)cc3)ccn2)c1,7.638272285461426,7.269217076604709,0.20570396803642027,0.7246376811594203,0.36905520885671717
gin,3178,COC(=O)CC=S(C)(=O)NC(=O)c1c[nH]c(-c2cc(Oc3ccc(NC(=O)Nc4cccc(C)c4)cc3)ccn2)c1,7.602059841156006,7.279888395367209,0.27082583336052174,0.620253164556962,0.322171445788797
gin,3180,COC(=O)CCC=S(C)(=O)NC(=O)c1c[nH]c(-c2cc(Oc3ccc(NC(=O)Nc4cc(C)ccc4F)cc3)ccn2)c1,7.886056423187256,7.425255737817717,0.15562550890292742,0.6352941176470588,0.4608006853695388
gin,3205,COC(=O)CCCS(C)(=O)=NC(=O)c1c[nH]c(-c2cc(Oc3ccc(NC(=O)Nc4cc(C)ccc4F)cc3)ccn2)c1,7.886056423187256,7.814637187455371,0.06220103542693925,0.6428571428571429,0.07141923573188524
gin,3206,COC(=O)CCCS(C)(=O)=NC(=O)c1c[nH]c(-c2cc(Oc3ccc(NC(=O)Nc4cccc(C)c4)cc3)ccn2)c1,7.602059841156006,7.775387648609827,0.06501613189686019,0.7105263157894737,0.1733278074538207
gin,3208,COC(=O)CC[C@H](NC(=O)c1c[nH]c(-c2cc(Oc3ccc(NC(=O)Nc4cc(C)ccc4F)cc3)ccn2)c1)C(=O)OC,7.408935546875,7.4327701037526595,0.1752007769034142,0.6506024096385542,0.023834556877659452
gin,3214,COC(=O)CNC(=O)c1c[nH]c(-c2cc(Oc3ccc(NC(=O)Nc4cc(C)ccc4F)cc3)ccn2)c1,7.522878646850586,7.6016923938030345,0.05761879353219234,0.7466666666666667,0.07881374695244858
gin,3215,COC(=O)CNC(=O)c1c[nH]c(-c2cc(Oc3ccc(NC(=O)Nc4cccc(C)c4)c(F)c3)ccn2)c1,7.823908805847168,7.828485544772263,0.08061491418429104,0.6588235294117647,0.004576738925095469
gin,3278,COC(=O)[C@H](CCC(=O)O)NC(=O)c1c[nH]c(-c2cc(Oc3ccc(NC(=O)Nc4cc(C)ccc4F)cc3)ccn2)c1,7.537601947784424,7.507291957084779,0.20343638053785815,0.6506024096385542,0.030309990699644906
gin,3279,COC(=O)[C@H](CCC(=O)OC(C)(C)C)NC(=O)c1c[nH]c(-c2cc(Oc3ccc(NC(=O)Nc4cccc(C)c4)c(F)c3)ccn2)c1,7.552842140197754,7.347421617898722,0.26789990109515216,0.59375,0.20542052229903174
gin,3280,COC(=O)[C@H](CCC(=O)OCC(O)CO)NC(=O)c1c[nH]c(-c2cc(Oc3ccc(NC(=O)Nc4cc(C)ccc4F)cc3)ccn2)c1,7.346787452697754,7.437743086785105,0.309700421192591,0.5934065934065934,0.09095563408735075
gin,3290,COC(=O)c1c[nH]c(-c2cc(Oc3ccc(NC(=O)Nc4cc(C)ccc4F)cc3)ccn2)c1,7.327902317047119,7.306134855407625,0.09567373177936217,0.7941176470588235,0.02176746163949428
gin,3291,COC(=O)c1c[nH]c(-c2cc(Oc3ccc(NC(=O)Nc4cc(C)ccc4F)cc3F)ccn2)c1,7.070580959320068,7.358469368727564,0.14621340484088494,0.6944444444444444,0.28788840940749605
gin,3292,COC(=O)c1c[nH]c(-c2cc(Oc3ccc(NC(=O)Nc4ccc(Cl)c(C(F)(F)F)c4)cc3)ccn2)c1,6.886056423187256,7.273331407337196,0.08982115465161171,0.6388888888888888,0.3872749841499399
gin,3293,COC(=O)c1c[nH]c(-c2cc(Oc3ccc(NC(=O)Nc4ccc(F)c(C(F)(F)F)c4)cc3)ccn2)c1,7.0087738037109375,7.446855307352204,0.08259259504775245,0.5844155844155844,0.43808150364126686
gin,3294,COC(=O)c1c[nH]c(-c2cc(Oc3ccc(NC(=O)Nc4cccc(C)c4)c(F)c3)ccn2)c1,7.853871822357178,7.573591084509606,0.11136746520452519,0.717948717948718,0.2802807378475718
gin,3295,COC(=O)c1c[nH]c(-c2cc(Oc3ccc(NC(=O)Nc4cccc(C)c4)cc3)ccn2)c1,7.7695512771606445,7.187012420235608,0.14381957974270232,0.7868852459016393,0.5825388569250363
gin,3511,COCCNC(=O)c1c[nH]c(-c2cc(Oc3ccc(NC(=O)Nc4cc(C)ccc4F)cc3)ccn2)c1,7.6575775146484375,7.099824562658815,0.09847891309384851,0.7439024390243902,0.5577529519896229
gin,3530,COCCOC(=O)c1c[nH]c(-c2cc(Oc3ccc(NC(=O)Nc4cc(C)ccc4F)cc3)ccn2)c1,7.602059841156006,7.0914650935239365,0.039199217669195846,0.72,0.5105947476320694
gin,3542,COCCOCCOC(=O)c1c[nH]c(-c2cc(Oc3ccc(NC(=O)Nc4cc(C)ccc4F)cc3)ccn2)c1,7.148741722106934,7.134557718133768,0.0706761448083333,0.6923076923076923,0.014184003973165993
gin,6704,CS(C)(=O)=NC(=O)c1c[nH]c(-c2cc(Oc3ccc(NC(=O)Nc4ccc(Cl)c(C(F)(F)F)c4)cc3)ccn2)c1,7.337242126464844,7.661214667118183,0.1234162042751689,0.64,0.32397254065333936
gin,7766,Cc1ccc(F)c(NC(=O)Nc2ccc(Oc3cc(N)nc(-c4ccc[nH]4)c3)cc2)c1,5.5679931640625,6.237611533856882,0.2685700803914705,0.6029411764705882,0.6696183697943816
gin,7781,Cc1ccc(F)c(NC(=O)Nc2ccc(Oc3ccnc(-c4cc(C(=O)N=S(C)(C)=O)c[nH]4)c3)cc2)c1,8.09691047668457,7.77959112540799,0.09840404262190504,0.75,0.3173193512765806
gin,7783,Cc1ccc(F)c(NC(=O)Nc2ccc(Oc3ccnc(-c4cc(C(=O)NCC(=O)NCC(O)CO)c[nH]4)c3)cc2)c1,7.698969841003418,7.09356530420564,0.04750444960008966,0.7195121951219512,0.6054045367977778
gin,7784,Cc1ccc(F)c(NC(=O)Nc2ccc(Oc3ccnc(-c4cc(C(=O)NCC(=O)O)c[nH]4)c3)cc2)c1,7.886056423187256,7.686166223891367,0.052294430584866165,0.7439024390243902,0.19989019929588903
gin,7785,Cc1ccc(F)c(NC(=O)Nc2ccc(Oc3ccnc(-c4cc(C(=O)NCC(O)CO)c[nH]4)c3)cc2)c1,7.677780628204346,7.540064925941294,0.03394728359846383,0.7894736842105263,0.1377157022630513
gin,7786,Cc1ccc(F)c(NC(=O)Nc2ccc(Oc3ccnc(-c4cc(C(=O)NCCC(=O)O)c[nH]4)c3)cc2)c1,7.721246242523193,7.685392472606338,0.02086507135223177,0.7349397590361446,0.03585376991685507
gin,7787,Cc1ccc(F)c(NC(=O)Nc2ccc(Oc3ccnc(-c4cc(C(=O)NCCC(=O)O)c[nH]4)c3)cc2F)c1,7.619788646697998,7.908133591154183,0.056968990202520005,0.6455696202531646,0.28834494445618475
gin,7788,Cc1ccc(F)c(NC(=O)Nc2ccc(Oc3ccnc(-c4cc(C(=O)NCCCC(=O)N(C)CC(O)CO)c[nH]4)c3)cc2)c1,7.602059841156006,7.733939974903119,0.20625707924030173,0.6702127659574468,0.13188013374711272
gin,7791,Cc1ccc(F)c(NC(=O)Nc2ccc(Oc3ccnc(-c4cc(C(=O)NCCCC(=O)NCC(O)CO)c[nH]4)c3)cc2)c1,7.537601947784424,7.259600533991109,0.052079173458888385,0.686046511627907,0.2780014137933149
gin,7792,Cc1ccc(F)c(NC(=O)Nc2ccc(Oc3ccnc(-c4cc(C(=O)NCCCC(=O)NO)c[nH]4)c3)cc2)c1,7.3665313720703125,7.240142185584328,0.20144120047426128,0.7411764705882353,0.12638918648598452
gin,7793,Cc1ccc(F)c(NC(=O)Nc2ccc(Oc3ccnc(-c4cc(C(=O)NCCCC(=O)O)c[nH]4)c3)cc2)c1,7.823908805847168,7.735240387970729,0.06418762213527933,0.7590361445783133,0.08866841787643853
gin,7794,Cc1ccc(F)c(NC(=O)Nc2ccc(Oc3ccnc(-c4cc(C(=O)NCCCC(=O)O)c[nH]4)c3)cc2F)c1,7.7695512771606445,7.960068368456632,0.07523649332433402,0.6666666666666666,0.19051709129598748
gin,7795,Cc1ccc(F)c(NC(=O)Nc2ccc(Oc3ccnc(-c4cc(C(=O)NCCCC(N)=O)c[nH]4)c3)cc2)c1,7.638272285461426,7.320319698738113,0.23772529036951176,0.7590361445783133,0.3179525867233126
gin,7797,Cc1ccc(F)c(NC(=O)Nc2ccc(Oc3ccnc(-c4cc(C(=O)NCCCO)c[nH]4)c3)cc2)c1,7.4202165603637695,7.422352123107127,0.10345098002544473,0.7777777777777778,0.0021355627433576885
gin,7799,Cc1ccc(F)c(NC(=O)Nc2ccc(Oc3ccnc(-c4cc(C(=O)NCCO)c[nH]4)c3)cc2)c1,7.275723934173584,7.3589741666204604,0.11706020595264363,0.7530864197530864,0.08325023244687646
gin,7800,Cc1ccc(F)c(NC(=O)Nc2ccc(Oc3ccnc(-c4cc(C(=O)NCCOCCOCCOCCO)c[nH]4)c3)cc2)c1,8.0,7.408996366988656,0.07819828306365603,0.7011494252873564,0.5910036330113444
gin,7801,Cc1ccc(F)c(NC(=O)Nc2ccc(Oc3ccnc(-c4cc(C(=O)NO)c[nH]4)c3)cc2)c1,7.853871822357178,7.3413113995457975,0.1727494374856925,0.782608695652174,0.5125604228113803
gin,7802,Cc1ccc(F)c(NC(=O)Nc2ccc(Oc3ccnc(-c4cc(C(=O)NO)c[nH]4)c3)cc2F)c1,7.638272285461426,7.548448563064198,0.14170359342347438,0.7352941176470589,0.08982372239722736
gin,7803,Cc1ccc(F)c(NC(=O)Nc2ccc(Oc3ccnc(-c4cc(C(=O)N[C@@H](CCC(=O)O)C(=O)O)c[nH]4)c3)cc2)c1,7.522878646850586,7.532821016071314,0.13490527127299573,0.6666666666666666,0.009942369220728331
gin,7804,Cc1ccc(F)c(NC(=O)Nc2ccc(Oc3ccnc(-c4cc(C(=O)N[C@@H](CCC(=O)OCC(O)CO)C(=O)OCC(O)CO)c[nH]4)c3)cc2)c1,7.443697452545166,7.476818929173703,0.20672986714070807,0.6,0.03312147662853704
gin,7805,Cc1ccc(F)c(NC(=O)Nc2ccc(Oc3ccnc(-c4cc(C(=O)O)c[nH]4)c3)c(F)c2)c1,7.744727611541748,7.562708001578453,0.15532900043220513,0.7246376811594203,0.18201960996329536
gin,7806,Cc1ccc(F)c(NC(=O)Nc2ccc(Oc3ccnc(-c4cc(C(=O)O)c[nH]4)c3)cc2)c1,7.508638381958008,7.523222292653031,0.08150276471653847,0.8059701492537313,0.014583910695023405
gin,7807,Cc1ccc(F)c(NC(=O)Nc2ccc(Oc3ccnc(-c4cc(C(=O)O)c[nH]4)c3)cc2F)c1,7.7695512771606445,7.8073603189613054,0.1307445615985193,0.7538461538461538,0.037809041800660914
gin,7808,Cc1ccc(F)c(NC(=O)Nc2ccc(Oc3ccnc(-c4cc(C(=O)OCC(O)CO)c[nH]4)c3)cc2)c1,7.3665313720703125,7.398502100652422,0.033712048136627835,0.6923076923076923,0.03197072858210959
gin,7809,Cc1ccc(F)c(NC(=O)Nc2ccc(Oc3ccnc(-c4cc(C(=O)OCCO)c[nH]4)c3)cc2)c1,7.508638381958008,7.264255313529399,0.04433483868582631,0.7567567567567568,0.24438306842860857
gin,7810,Cc1ccc(F)c(NC(=O)Nc2ccc(Oc3ccnc(-c4cc(C(N)=O)c[nH]4)c3)cc2)c1,7.677780628204346,7.45065849715284,0.118640570722022,0.7941176470588235,0.22712213105150614
gin,7811,Cc1ccc(F)c(NC(=O)Nc2ccc(Oc3ccnc(-c4ccc[nH]4)c3)cc2)c1,7.585026741027832,6.401037561671383,0.019863682969394707,0.7580645161290323,1.1839891793564492
gin,8416,Cc1cccc(NC(=O)Nc2ccc(Oc3ccnc(-c4cc(C(=O)N=S(C)(=O)CCCC(=O)O)c[nH]4)c3)cc2)c1,7.721246242523193,7.826380024646558,0.058049881588343025,0.72,0.10513378212336466
gin,8417,Cc1cccc(NC(=O)Nc2ccc(Oc3ccnc(-c4cc(C(=O)NCC(=O)O)c[nH]4)c3)cc2F)c1,7.698969841003418,7.902937999664156,0.04913489246239719,0.6666666666666666,0.20396815866073847
gin,8418,Cc1cccc(NC(=O)Nc2ccc(Oc3ccnc(-c4cc(C(=O)NCC(O)CO)c[nH]4)c3)cc2)c1,8.045757293701172,7.491681615695806,0.03223112077008348,0.6923076923076923,0.5540756780053657
gin,8419,Cc1cccc(NC(=O)Nc2ccc(Oc3ccnc(-c4cc(C(=O)NCCC(=O)O)c[nH]4)c3)cc2F)c1,7.92081880569458,7.884149530282987,0.050850279942672216,0.6511627906976745,0.03666927541159293
gin,8420,Cc1cccc(NC(=O)Nc2ccc(Oc3ccnc(-c4cc(C(=O)NCCCC(=O)O)c[nH]4)c3)cc2F)c1,7.79587984085083,7.940089531748147,0.06413171379375342,0.6363636363636364,0.14420969089731717
gin,8421,Cc1cccc(NC(=O)Nc2ccc(Oc3ccnc(-c4cc(C(=O)NO)c[nH]4)c3)cc2)c1,7.494850158691406,7.284913571235971,0.22453276034913056,0.7246376811594203,0.2099365874554353
gin,8422,Cc1cccc(NC(=O)Nc2ccc(Oc3ccnc(-c4cc(C(=O)NS(C)(=O)=CCC(=O)O)c[nH]4)c3)cc2)c1,7.721246242523193,7.36408120059167,0.18110735768501524,0.6282051282051282,0.3571650419315233
gin,8423,Cc1cccc(NC(=O)Nc2ccc(Oc3ccnc(-c4cc(C(=O)N[C@@H](CCC(=O)O)C(=O)O)c[nH]4)c3)cc2F)c1,7.568636417388916,7.734947466946949,0.14427853892927883,0.6333333333333333,0.16631104955803266
gin,8424,Cc1cccc(NC(=O)Nc2ccc(Oc3ccnc(-c4cc(C(=O)N[C@@H](CCC(=O)OC(C)(C)C)C(=O)O)c[nH]4)c3)cc2F)c1,7.7695512771606445,7.321659719757084,0.04995328382259848,0.6,0.4478915574035609
gin,8425,Cc1cccc(NC(=O)Nc2ccc(Oc3ccnc(-c4cc(C(=O)N[C@@H](CCC(=O)OCCO)C(=O)OCCO)c[nH]4)c3)cc2F)c1,7.7695512771606445,7.569128471781805,0.1879473667882166,0.59375,0.20042280537883972
gin,8426,Cc1cccc(NC(=O)Nc2ccc(Oc3ccnc(-c4cc(C(=O)O)c[nH]4)c3)cc2)c1,7.823908805847168,7.411135947698521,0.0925413482561299,0.7833333333333333,0.4127728581486467
gin,8427,Cc1cccc(NC(=O)Nc2ccc(Oc3ccnc(-c4cc(C(=O)O)c[nH]4)c3)cc2F)c1,7.853871822357178,7.801987512255455,0.09989586499070358,0.7272727272727273,0.05188431010172234
gin,8428,Cc1cccc(NC(=O)Nc2ccc(Oc3ccnc(-c4cc(C(N)=O)c[nH]4)c3)cc2)c1,8.221848487854004,7.366921878355204,0.14145814718711364,0.7352941176470589,0.8549266094987997
gin,10970,O=C(Nc1ccc(Oc2ccnc(-c3cc(C(=O)O)c[nH]3)c2)cc1)Nc1ccc(Cl)c(C(F)(F)F)c1,7.853871822357178,7.458212959407812,0.09009571563302156,0.6338028169014085,0.39565886294936536
gin,10971,O=C(Nc1ccc(Oc2ccnc(-c3cc(C(=O)O)c[nH]3)c2)cc1)Nc1ccc(F)c(C(F)(F)F)c1,7.267606258392334,7.621056687412893,0.08857578781170579,0.5789473684210527,0.3534504290205591
gin,10972,O=C(Nc1ccc(Oc2ccnc(-c3cc(C(=O)OCCO)c[nH]3)c2)cc1)Nc1ccc(Cl)c(C(F)(F)F)c1,7.2924299240112305,7.206408420242194,0.06145455841113229,0.5769230769230769,0.08602150376903683
gin,374,CC(=O)Nc1ccc2c(Cl)c(-c3nn(C(C)(C)C)c4ncnc(N)c34)[nH]c2c1,5.978810787200928,5.158837895512249,0.1706132348045459,0.7246376811594203,0.8199728916886784
gin,378,CC(=O)Nc1ccc2cc(-c3nn(C(C)(C)C)c4ncnc(N)c34)[nH]c2c1,5.97469425201416,4.991589858485194,0.25753658499842846,0.6571428571428571,0.9831043935289658
gin,598,CC(C)(C)n1nc(-c2[nH]c3cc(C#N)ccc3c2Cl)c2c(N)ncnc21,5.022733688354492,5.440691233004316,0.17043315891801555,0.6376811594202898,0.4179575446498234
gin,603,CC(C)(C)n1nc(-c2[nH]c3cc(C(=O)NCCC(F)(F)F)ccc3c2Cl)c2c(N)ncnc21,4.583359718322754,5.133272997778704,0.06243828803673938,0.7837837837837838,0.54991327945595
gin,607,CC(C)(C)n1nc(-c2[nH]c3cc(C(=O)NCCO)ccc3c2Cl)c2c(N)ncnc21,5.821022987365723,5.067593171916466,0.07360177117735989,0.8169014084507042,0.7534298154492562
gin,608,CC(C)(C)n1nc(-c2[nH]c3cc(C(=O)NCCOC(F)(F)F)ccc3c2Cl)c2c(N)ncnc21,4.97469425201416,5.142381599408736,0.16386819378009765,0.7532467532467533,0.16768734739457614
gin,610,CC(C)(C)n1nc(-c2[nH]c3cc(C(=O)NCCS(C)(=O)=O)ccc3c2Cl)c2c(N)ncnc21,4.744727611541748,4.799233235374156,0.08654461237731852,0.7837837837837838,0.05450562383240776
gin,618,CC(C)(C)n1nc(-c2[nH]c3cc(C(=O)O)ccc3c2Cl)c2c(N)ncnc21,4.522878646850586,4.969332944720956,0.2504317882366436,0.7846153846153846,0.4464542978703703
gin,619,CC(C)(C)n1nc(-c2[nH]c3cc(CN)ccc3c2Cl)c2c(N)ncnc21,5.774690628051758,5.713797061147545,0.05107209080181464,0.6666666666666666,0.06089356690421255
gin,620,CC(C)(C)n1nc(-c2[nH]c3cc(CO)ccc3c2Cl)c2c(N)ncnc21,5.296708583831787,5.302752053157367,0.19563832852128993,0.6714285714285714,0.0060434693255801974
gin,621,CC(C)(C)n1nc(-c2[nH]c3cc(Cl)ccc3c2Cl)c2c(N)ncnc21,4.522878646850586,5.130210174881711,0.2629074819348584,0.7142857142857143,0.6073315280311249
gin,622,CC(C)(C)n1nc(-c2[nH]c3ccc(F)cc3c2Cl)c2c(N)ncnc21,4.522878646850586,5.00636779425965,0.18945575352549557,0.6610169491525424,0.4834891474090641
gin,623,CC(C)(C)n1nc(-c2[nH]c3cccc(Cl)c3c2Cl)c2c(N)ncnc21,4.522878646850586,4.908037066663837,0.2041279514072284,0.6666666666666666,0.3851584198132514
gin,624,CC(C)(C)n1nc(-c2[nH]c3ccccc3c2Br)c2c(N)ncnc21,4.522878646850586,5.1054927094909885,0.2280666309474829,0.75,0.5826140626404026
gin,625,CC(C)(C)n1nc(-c2[nH]c3ccccc3c2Cl)c2c(N)ncnc21,4.522878646850586,4.87171796523891,0.16730144725875953,0.7547169811320755,0.3488393183883245
gin,626,CC(C)(C)n1nc(-c2[nH]c3ccccc3c2F)c2c(N)ncnc21,5.135488986968994,4.913920481597529,0.07968593210989089,0.6140350877192983,0.2215685053714651
gin,630,CC(C)(C)n1nc(-c2cc3c(Cl)cccc3[nH]2)c2c(N)ncnc21,4.522878646850586,5.023275067524177,0.3010217364286535,0.6101694915254238,0.5003964206735914
gin,631,CC(C)(C)n1nc(-c2cc3cc(C#N)ccc3[nH]2)c2c(N)ncnc21,4.522878646850586,5.726223489253925,0.15890154170212106,0.6949152542372882,1.2033448424033395
gin,633,CC(C)(C)n1nc(-c2cc3cc(F)ccc3[nH]2)c2c(N)ncnc21,4.522878646850586,5.7757598942793935,0.3924844468911533,0.631578947368421,1.2528812474288076
gin,634,CC(C)(C)n1nc(-c2cc3ccc(C#N)cc3[nH]2)c2c(N)ncnc21,4.522878646850586,5.404261334502678,0.11848300474604295,0.6949152542372882,0.881382687652092
gin,636,CC(C)(C)n1nc(-c2cc3ccc(C(N)=O)cc3[nH]2)c2c(N)ncnc21,4.575118541717529,4.825446411211374,0.21455845550628205,0.7121212121212122,0.25032786949384445
gin,637,CC(C)(C)n1nc(-c2cc3ccc(Cl)cc3[nH]2)c2c(N)ncnc21,4.522878646850586,5.223464623210248,0.2627611618243018,0.7090909090909091,0.7005859763596618
gin,638,CC(C)(C)n1nc(-c2cc3ccc(NS(C)(=O)=O)cc3[nH]2)c2c(N)ncnc21,5.32975435256958,4.937896077411779,0.2018605972906329,0.6031746031746031,0.39185827515780147
gin,639,CC(C)(C)n1nc(-c2cc3ccccc3[nH]2)c2c(N)ncnc21,4.585026741027832,5.033857766156491,0.11673831451210581,0.7307692307692307,0.44883102512865936
gin,701,CC(C)(O)c1ccc2c(Cl)c(-c3nn(C(C)(C)C)c4ncnc(N)c34)[nH]c2c1,4.522878646850586,5.226465485897525,0.22663250383258116,0.6716417910447762,0.7035868390469391
gin,749,CC(C)NC(=O)c1ccc2c(Cl)c(-c3nn(C(C)(C)C)c4ncnc(N)c34)[nH]c2c1,4.522878646850586,5.223060604575191,0.07115389536420771,0.7681159420289855,0.7001819577246051
gin,767,CC(C)OCCCNC(=O)c1ccc2c(Cl)c(-c3nn(C(C)(C)C)c4ncnc(N)c34)[nH]c2c1,4.522878646850586,4.976736964381037,0.023675720161985648,0.75,0.45385831753045114
gin,922,CC(C)n1nc(-c2[nH]c3cc(Br)ccc3c2Cl)c2c(N)ncnc21,4.522878646850586,5.22962543154847,0.22704579512645653,0.6875,0.7067467846978843
gin,924,CC(C)n1nc(-c2[nH]c3ccccc3c2Cl)c2c(N)ncnc21,4.821022987365723,4.807058654585035,0.03336146623251292,0.6981132075471698,0.013964332780687982
gin,934,CC(C)n1nc(-c2cc3cc(O)ccc3[nH]2)c2c(N)ncnc21,5.823908805847168,6.8762719256487985,0.11054048813040424,0.6666666666666666,1.0523631198016306
gin,937,CC(C)n1nc(-c2cc3ccc(Br)cc3[nH]2)c2c(N)ncnc21,4.522878646850586,5.402870535664306,0.12546844148053632,0.6721311475409836,0.8799918888137199
gin,939,CC(C)n1nc(-c2cc3ccccc3[nH]2)c2c(N)ncnc21,5.340083599090576,5.074880709387628,0.14883747878057565,0.6923076923076923,0.26520288970294814
gin,1142,CCC(=O)c1cc2[nH]c(-c3nn(C(C)(C)C)c4ncnc(N)c34)c(Cl)c2cc1Cl,4.522878646850586,5.024675758958684,0.3423764705538649,0.6027397260273972,0.5017971121080977
gin,1143,CCC(=O)c1ccc2c(Cl)c(-c3nn(C(C)(C)C)c4ncnc(N)c34)[nH]c2c1,4.522878646850586,5.121214373892163,0.1941726761151385,0.746268656716418,0.5983357270415768
gin,1274,CCCNC(=O)c1ccc2c(Cl)c(-c3nn(C(C)(C)C)c4ncnc(N)c34)[nH]c2c1,4.903090000152588,5.084331194131171,0.03062964541052578,0.8169014084507042,0.1812411939785834
gin,1641,CCNC(=O)c1ccc2c(Cl)c(-c3nn(C(C)(C)C)c4ncnc(N)c34)[nH]c2c1,5.213958740234375,5.170501516800717,0.07378832146237568,0.8235294117647058,0.04345722343365832
gin,1642,CCNC(=O)c1ccc2c(Cl)c(-c3nn(CC(F)(F)F)c4ncnc(N)c34)[nH]c2c1,4.853871822357178,5.004224957758652,0.17607282316980707,0.7777777777777778,0.150353135401474
gin,2130,CCn1nc(-c2[nH]c3cc(C(=O)NC)ccc3c2Cl)c2c(N)ncnc21,4.522878646850586,5.1527510687663876,0.09149273566623396,0.7571428571428571,0.6298724219158016
gin,2132,CCn1nc(-c2cc3ccc(C(=O)NC)cc3[nH]2)c2c(N)ncnc21,4.522878646850586,4.793039067699094,0.1104931251372351,0.71875,0.2701604208485078
gin,2153,CN(C)C(=O)c1ccc2c(Cl)c(-c3nn(C(C)(C)C)c4ncnc(N)c34)[nH]c2c1,4.522878646850586,4.801706384407869,0.2042995225264089,0.7575757575757576,0.2788277375572834
gin,2178,CN(C)CCCNC(=O)c1ccc2c(Cl)c(-c3nn(C(C)(C)C)c4ncnc(N)c34)[nH]c2c1,4.522878646850586,5.055969396502557,0.017792095054744834,0.7692307692307693,0.5330907496519712
gin,2206,CN(C)CCNC(=O)c1ccc2c(Cl)c(-c3nn(C(C)(C)C)c4ncnc(N)c34)[nH]c2c1,4.522878646850586,5.0710964532646585,0.03713995208589514,0.7837837837837838,0.5482178064140726
gin,2210,CN(C)CCOCCNC(=O)c1ccc2c(Cl)c(-c3nn(C(C)(C)C)c4ncnc(N)c34)[nH]c2c1,4.978810787200928,5.0747905239732445,0.046893570701311664,0.7710843373493976,0.09597973677231675
gin,2240,CN(C)Cc1ccc2c(Cl)c(-c3nn(C(C)(C)C)c4ncnc(N)c34)[nH]c2c1,4.522878646850586,5.707614238652354,0.1189032087127209,0.6301369863013698,1.1847355918017684
gin,2673,CNC(=O)Nc1ccc2cc(-c3nn(C(C)(C)C)c4ncnc(N)c34)[nH]c2c1,6.223299026489258,5.429077425320183,0.43400315707584525,0.6515151515151515,0.7942216011690748
gin,2689,CNC(=O)c1cc(Cl)c2c(Cl)c(-c3nn(C(C)(C)C)c4ncnc(N)c34)[nH]c2c1,5.257275104522705,5.096477874645586,0.3842974153882857,0.6388888888888888,0.16079722987711875
gin,2690,CNC(=O)c1cc(Cl)c2cc(-c3nn(C(C)(C)C)c4ncnc(N)c34)[nH]c2c1,4.742321491241455,5.234880754283513,0.5018514291119989,0.6086956521739131,0.4925592630420583
gin,2753,CNC(=O)c1cc2[nH]c(-c3nn(C(C)(C)C)c4ncnc(N)c34)c(Cl)c2cc1Cl,5.829738140106201,4.94605671788662,0.3941414525645344,0.6617647058823529,0.8836814222195812
gin,2754,CNC(=O)c1cc2[nH]c(-c3nn(C(C)(C)C)c4ncnc(N)c34)cc2cc1Cl,5.346787452697754,5.37550896716084,0.45145300244843456,0.6615384615384615,0.02872151446308635
gin,2796,CNC(=O)c1ccc2c(Br)c(-c3nn(C(C)(C)C)c4ncnc(N)c34)[nH]c2c1,5.0452752113342285,5.204850188387411,0.08884035471621954,0.6818181818181818,0.15957497705318247
gin,2798,CNC(=O)c1ccc2c(C)c(-c3nn(C(C)(C)C)c4ncnc(N)c34)[nH]c2c1,5.12959623336792,5.104728099465679,0.12343503400531776,0.6857142857142857,0.024868133902240963
gin,2804,CNC(=O)c1ccc2c(Cl)c(-c3nn(C(C)(C)C)c4ncnc(N)c34)[nH]c2c1,5.271646022796631,5.198780792646384,0.08086870488758648,0.803030303030303,0.0728652301502466
gin,2806,CNC(=O)c1ccc2c(Cl)c(-c3nn(C(C)(C)C)c4ncnc(N)c34)n(C(F)F)c2c1,4.522878646850586,5.196716796379898,0.036973754538214804,0.6133333333333333,0.6738381495293124
gin,2807,CNC(=O)c1ccc2c(Cl)c(-c3nn(C(C)(C)C)c4ncnc(N)c34)n(C)c2c1,4.9430952072143555,5.005755229680251,0.10136990198120749,0.5774647887323944,0.06266002246589597
gin,2811,CNC(=O)c1ccc2c(Cl)c(-c3nn(C(C)C)c4ncnc(N)c34)[nH]c2c1,5.725841999053955,5.372876033916138,0.08333800105055596,0.7424242424242424,0.352965965137817
gin,2812,CNC(=O)c1ccc2c(Cl)c(-c3nn(C)c4ncnc(N)c34)[nH]c2c1,4.522878646850586,5.224887929870856,0.122778068687378,0.7424242424242424,0.7020092830202698
gin,2818,CNC(=O)c1ccc2c(Cl)c(-c3nn(CC(F)(F)F)c4ncnc(N)c34)[nH]c2c1,4.847711563110352,4.987372031161499,0.1975504152203579,0.8,0.1396604680511473
gin,2820,CNC(=O)c1ccc2c(Cl)c(-c3nn(CCCOC)c4ncnc(N)c34)[nH]c2c1,4.522878646850586,5.036787928087089,0.11909260991087758,0.7066666666666667,0.5139092812365034
gin,2821,CNC(=O)c1ccc2c(Cl)c(-c3nn(CCN)c4ncnc(N)c34)[nH]c2c1,4.522878646850586,4.968638559605931,0.18159074620988366,0.7571428571428571,0.4457599127553449
gin,2822,CNC(=O)c1ccc2c(Cl)c(-c3nn(CCO)c4ncnc(N)c34)[nH]c2c1,4.522878646850586,5.037379054534104,0.22049406045779085,0.7464788732394366,0.514500407683518
gin,2823,CNC(=O)c1ccc2c(F)c(-c3nn(C(C)(C)C)c4ncnc(N)c34)[nH]c2c1,5.395773887634277,5.283008409791421,0.05285790863512218,0.6716417910447762,0.1127654778428564
gin,2831,CNC(=O)c1ccc2cc(-c3nn(C(C)(C)C)c4ncnc(N)c34)[nH]c2c1,5.223299026489258,4.792305412734095,0.11496336808967293,0.7575757575757576,0.4309936137551631
gin,2833,CNC(=O)c1ccc2cc(-c3nn(C(C)(C)C)c4ncnc(N)c34)n(C)c2c1,5.066006660461426,4.923942708308573,0.25067336975957866,0.6268656716417911,0.14206395215285283
gin,2836,CNC(=O)c1ccc2cc(-c3nn(C(C)C)c4ncnc(N)c34)[nH]c2c1,4.954677104949951,4.920080688866619,0.14038448463093306,0.71875,0.03459641608333186
gin,2953,CNCc1ccc2c(Cl)c(-c3nn(C(C)(C)C)c4ncnc(N)c34)[nH]c2c1,5.28483247756958,5.606281220830074,0.1754100252082149,0.676056338028169,0.3214487432604942
gin,2958,CNNc1ccc2c(Cl)c(-c3nn(C(C)(C)C)c4ncnc(N)c34)[nH]c2c1,5.978810787200928,5.471716393002453,0.16079295622707576,0.6571428571428571,0.5070943941984751
gin,3320,COC(=O)c1ccc2c(Cl)c(-c3nn(C(C)(C)C)c4ncnc(N)c34)[nH]c2c1,4.522878646850586,4.96812669915073,0.12319117028712516,0.75,0.4452480523001441
gin,3472,COCCCNC(=O)c1ccc2c(Cl)c(-c3nn(C(C)(C)C)c4ncnc(N)c34)[nH]c2c1,4.522878646850586,4.949236348551646,0.009132475386195837,0.7792207792207793,0.42635770170106024
gin,3514,COCCNC(=O)c1ccc2c(Cl)c(-c3nn(C(C)(C)C)c4ncnc(N)c34)[nH]c2c1,4.570247650146484,4.907835958950007,0.04245472687249329,0.7945205479452054,0.33758830880352253
gin,3541,COCCOCCNC(=O)c1ccc2c(Cl)c(-c3nn(C(C)(C)C)c4ncnc(N)c34)[nH]c2c1,4.522878646850586,5.034678826591137,0.026441774636676206,0.810126582278481,0.5118001797405514
gin,3714,COCc1ccc2c(Cl)c(-c3nn(C(C)(C)C)c4ncnc(N)c34)[nH]c2c1,4.522878646850586,5.136193517558638,0.2928033611698084,0.6301369863013698,0.6133148707080522
gin,3749,CONC(=O)c1ccc2c(Cl)c(-c3nn(C(C)(C)C)c4ncnc(N)c34)[nH]c2c1,6.462181091308594,5.202205058448233,0.03526592387092709,0.7794117647058824,1.2599760328603606
gin,8139,Cc1ccc2[nH]c(-c3nn(C(C)(C)C)c4ncnc(N)c34)cc2c1,5.472370147705078,5.5888207385629585,0.19796453796941052,0.6428571428571429,0.11645059085788034
gin,8148,Cc1ccc2c(Cl)c(-c3nn(C(C)(C)C)c4ncnc(N)c34)[nH]c2c1,4.522878646850586,5.2303414551522565,0.14734886456652577,0.676923076923077,0.7074628083016705
gin,8156,Cc1ccc2cc(-c3nn(C(C)(C)C)c4ncnc(N)c34)[nH]c2c1,4.522878646850586,5.291436551074658,0.15369847231769296,0.6428571428571429,0.768557904224072
gin,20,C#CCOc1nc(Nc2ccc(S(C)(=O)=O)cc2)ncc1C(F)(F)F,6.214670181274414,7.161751713572073,0.21488022236295928,0.6271186440677966,0.9470815322976591
gin,21,C#CCS(=O)(=O)c1ccc(Nc2ncc(C(F)(F)F)c(O[C@H](C)C(C)(C)O)n2)cc1,6.698969841003418,6.7533556047254235,0.1263807691265705,0.703125,0.05438576372200554
gin,305,C=CCOc1nc(Nc2ccc(S(C)(=O)=O)cc2)ncc1C(F)(F)F,6.070580959320068,6.771198767673401,0.0899115889560142,0.6271186440677966,0.700617808353333
gin,306,C=CCS(=O)(=O)c1ccc(Nc2ncc(C(F)(F)F)c(O[C@H](C)C(C)(C)O)n2)cc1,6.337242126464844,6.505047422090702,0.2516479789923322,0.6923076923076923,0.16780529562585844
gin,318,C=S(N)(=O)c1ccc(Nc2ncc(Br)c(N[C@H](C)CO)n2)cc1,7.397940158843994,6.7127432543229775,0.17502329828414948,0.5857142857142857,0.6851969045210167
gin,591,CC(C)(C)c1nc(Nc2ccc(CCO)cc2)ncc1C#N,5.79587984085083,6.694785669100085,0.24383417452462292,0.6851851851851852,0.898905828249255
gin,762,CC(C)Nc1nc(Nc2ccc(S(C)(=N)=O)cc2)ncc1Br,7.15490198135376,6.737144540132014,0.16009245811330272,0.6,0.4177574412217462
gin,782,CC(C)S(=O)(=O)c1ccc(Nc2ncc(C(F)(F)F)c(O[C@H](C)[C@@H](C)O)n2)cc1,6.7695512771606445,6.443373001964143,0.21948767363601943,0.7857142857142857,0.32617827519650167
gin,1042,CC(O)C(C)Sc1nc(Nc2ccc(S(C)(=N)=O)cc2)ncc1Br,6.823908805847168,6.579563671705391,0.39444626084422646,0.47761194029850745,0.24434513414177683
gin,1043,CC(O)CSc1nc(Nc2ccc(S(C)(=N)=O)cc2)ncc1Br,6.602059841156006,7.196919141495073,0.0072733159221360704,0.4714285714285714,0.594859300339067
gin,1054,CC(Sc1nc(Nc2ccc(S(C)(=N)=O)cc2)ncc1Br)C(C)(C)O,6.958607196807861,6.884659770255628,0.4731905768860943,0.5538461538461539,0.07394742655223308
gin,1151,CCC(C)Sc1nc(Nc2ccc(S(C)(=N)=O)cc2)ncc1Br,6.92081880569458,6.814025456759036,0.29145760160099,0.45714285714285713,0.10679334893554415
gin,1161,CCC(CO)Sc1nc(Nc2ccc(S(C)(=N)=O)cc2)ncc1Br,6.7695512771606445,7.299922342601756,0.29863160727607224,0.4383561643835616,0.5303710654411118
gin,1163,CCC(Sc1nc(Nc2ccc(S(C)(=N)=O)cc2)ncc1Br)C(C)(C)O,6.0,7.010815127509933,0.5741456275288599,0.5072463768115942,1.0108151275099333
gin,1164,CCC(Sc1nc(Nc2ccc(S(C)(=N)=O)cc2)ncc1Br)C(C)O,6.698969841003418,6.866797748763626,0.5450767508203633,0.4520547945205479,0.16782790776020828
gin,1719,CCOC(=O)N=S(=O)(CC)c1ccc(Nc2ncc(Br)c(N[C@@H](COC)[C@H](C)O)n2)cc1,6.346787452697754,6.925518070633625,0.1756831182304853,0.4318181818181818,0.5787306179358707
gin,1720,CCOC(=O)N=S(=O)(CC)c1ccc(Nc2ncc(Br)c(N[C@H](C)C(C)(C)O)n2)cc1,7.026872158050537,6.9153755173956695,0.20298831403439205,0.6,0.11149664065486764
gin,1721,CCOC(=O)N=S(=O)(CC)c1ccc(Nc2ncc(Br)c(N[C@H](C)[C@H](C)O)n2)cc1,7.036211967468262,7.052891594662611,0.193814124270668,0.4578313253012048,0.016679627194349678
gin,1722,CCOC(=O)N=S(=O)(CC)c1ccc(Nc2ncc(Br)c(O[C@H](C)[C@H](C)O)n2)cc1,6.823908805847168,6.602222149739063,0.42888025343473163,0.4794520547945205,0.22168665610810478
gin,1723,CCOC(=O)N=S(C)(=O)c1ccc(Nc2ncc(Br)c(N[C@@H](COC)[C@H](C)O)n2)cc1,6.275723934173584,6.9766117017745914,0.1608636789139694,0.42168674698795183,0.7008877676010075
gin,1724,CCOC(=O)N=S(C)(=O)c1ccc(Nc2ncc(Br)c(N[C@H](C)C(C)(C)O)n2)cc1,6.853871822357178,6.952500702616031,0.20383424391937363,0.6,0.09862888025885308
gin,1725,CCOC(=O)N=S(C)(=O)c1ccc(Nc2ncc(Br)c(N[C@H](C)C(C)(C)O)n2)cc1C,7.2441253662109375,6.823573948642103,0.21856104487803638,0.5131578947368421,0.4205514175688343
gin,1726,CCOC(=O)N=S(C)(=O)c1ccc(Nc2ncc(Br)c(N[C@H](C)[C@H](C)O)n2)cc1,7.251811981201172,7.100825442942191,0.20557939350923357,0.44871794871794873,0.150986538258981
gin,1727,CCOC(=O)N=S(C)(=O)c1ccc(Nc2ncc(Br)c(N[C@H](C)[C@H](C)O)n2)cc1C,7.229147911071777,6.953570918728265,0.21460549779002086,0.39285714285714285,0.2755769923435123
gin,1728,CCOC(=O)N=S(C)(=O)c1ccc(Nc2ncc(Br)c(O[C@H](C)[C@H](C)O)n2)cc1,6.958607196807861,6.6460042131658525,0.409004925386386,0.4794520547945205,0.3126029836420088
gin,1902,CCOc1nc(Nc2ccc(S(=N)(=O)CC)cc2)ncc1Br,7.050610065460205,6.621176620640057,0.1805448279173567,0.48484848484848486,0.4294334448201482
gin,1903,CCS(=N)(=O)c1ccc(Nc2ncc(Br)c(N[C@@H](C)C(C)(C)O)n2)cc1,7.494850158691406,7.060790682409011,0.08364363805413176,0.7966101694915254,0.4340594762823953
gin,1904,CCS(=N)(=O)c1ccc(Nc2ncc(Br)c(N[C@@H](COC)[C@H](C)O)n2)cc1,6.638272285461426,7.052018429047564,0.029834672607758145,0.5492957746478874,0.41374614358613826
gin,1905,CCS(=N)(=O)c1ccc(Nc2ncc(Br)c(N[C@H](C)C(C)(C)O)n2)cc1,7.1317620277404785,6.948393246611744,0.12940638504019836,0.7966101694915254,0.18336878112873478
gin,1906,CCS(=N)(=O)c1ccc(Nc2ncc(Br)c(N[C@H](C)[C@H](C)O)n2)cc1,7.585026741027832,7.192986471385534,0.10666059724285136,0.6,0.39204026964229843
gin,1907,CCS(=N)(=O)c1ccc(Nc2ncc(Br)c(N[C@H](COC)[C@@H](C)O)n2)cc1,6.327902317047119,7.038602434531995,0.18997002274913585,0.5492957746478874,0.7107001174848762
gin,1908,CCS(=N)(=O)c1ccc(Nc2ncc(Br)c(N[C@H](COC)[C@H](C)O)n2)cc1,6.568636417388916,7.032066975420849,0.3700039899160557,0.5492957746478874,0.46343055803193334
gin,1909,CCS(=N)(=O)c1ccc(Nc2ncc(Br)c(O[C@H](C)[C@@H](C)O)n2)cc1,7.494850158691406,6.466564546923337,0.27162865657707713,0.5522388059701493,1.0282856117680694
gin,1969,CC[S@@](=N)(=O)c1ccc(Nc2ncc(Br)c(N[C@H](C)[C@@H](C)O)n2)cc1,7.494850158691406,6.981648034989121,0.05494224608342374,0.6,0.5132021237022855
gin,2636,CN=S(C)(=O)c1ccc(Nc2ncc(Br)c(N[C@H](C)[C@@H](C)O)n2)cc1OC,7.79587984085083,7.0910283980159505,0.31937563056611573,0.4155844155844156,0.7048514428348795
gin,2637,CN=S(C)(=O)c1ccc(Nc2ncc(Br)c(N[C@H](C)[C@H](C)O)n2)cc1,7.431798458099365,7.226853886953677,0.16696139983500352,0.5074626865671642,0.20494457114568831
gin,2638,CN=S(C)(=O)c1ccc(Nc2ncc(Br)c(N[C@H](C)[C@H](C)O)n2)cc1OC,7.537601947784424,7.129955820156842,0.3171034597284824,0.4155844155844156,0.407646127627582
gin,3692,COC[C@@H](C)Oc1nc(Nc2ccc(S(C)(=O)=O)cc2)ncc1C(F)(F)F,6.397940158843994,6.5655298657777905,0.14303916975267997,0.5967741935483871,0.16758970693379638
gin,3694,COC[C@@H](Nc1nc(Nc2ccc(S(C)(=N)=O)cc2)ncc1Br)[C@@H](C)O,6.4685211181640625,7.059507700346235,0.024277281818131546,0.5217391304347826,0.5909865821821727
gin,3701,COC[C@H](Nc1nc(Nc2ccc(S(C)(=N)=O)cc2)ncc1Br)[C@H](C)O,6.522878646850586,7.057987192667466,0.38785075633773697,0.5217391304347826,0.5351085458168798
gin,3998,COc1cc(Nc2ncc(Br)c(N[C@H](C)C(C)(C)O)n2)ccc1S(C)(=N)=O,7.122062683105469,7.015145141882708,0.2589091360412077,0.6119402985074627,0.10691754122276098
gin,3999,COc1cc(Nc2ncc(Br)c(N[C@H](C)[C@@H](C)O)n2)ccc1S(C)(=N)=O,7.508638381958008,7.133845463734332,0.2703766452208909,0.4657534246575342,0.374792918223676
gin,4000,COc1cc(Nc2ncc(Br)c(N[C@H](C)[C@H](C)O)n2)ccc1S(C)(=N)=O,7.084064960479736,7.200385156557066,0.24039521664467842,0.4657534246575342,0.11632019607732946
gin,4001,COc1cc(Nc2ncc(Br)c(O[C@H](C)[C@H](C)O)n2)ccc1S(C)(=N)=O,6.823908805847168,6.683131170287926,0.32262870508119135,0.4533333333333333,0.1407776355592416
gin,6697,CS(=O)(=O)c1ccc(Nc2ncc(C(F)(F)F)c(OCCC(F)(F)F)n2)cc1,6.0,6.894973352706255,0.07709217971170672,0.6379310344827587,0.8949733527062547
gin,6765,C[C@@H](Nc1nc(Nc2ccc(S(=N)(=O)CCO)cc2)ncc1Br)C(C)(C)O,7.161150932312012,7.109880586986274,0.027423780433391737,0.7580645161290323,0.05127034532573749
gin,6767,C[C@@H](Nc1nc(Nc2ccc(S(=O)(CC=O)=NS(=O)(=O)CC[Si](C)(C)C)cc2)ncc1Br)C(C)(C)O,6.79587984085083,6.658385662830788,0.10655046917137488,0.7105263157894737,0.1374941780200425
gin,6768,C[C@@H](Nc1nc(Nc2ccc(S(C)(=N)=O)cc2)ncc1Br)C(C)(C)O,6.853871822357178,7.073557578611987,0.0734550768762919,0.7857142857142857,0.21968575625480913
gin,6806,C[C@@H](O)[C@@H](C)Nc1nc(Nc2ccc(S(C)(=N)=O)cc2)ncc1Br,7.318758964538574,7.05503886404846,0.06344567018903019,0.5806451612903226,0.2637201004901142
gin,6807,C[C@@H](O)[C@@H](C)Nc1nc(Nc2ccc([S+](N)[O-])cc2)ncc1Br,7.229147911071777,6.539768225908045,0.18051180831423796,0.4411764705882353,0.6893796851637326
gin,6809,C[C@@H](O)[C@@H](C)Oc1nc(Nc2ccc(S(=O)(=O)C(F)F)cc2)ncc1C(F)(F)F,6.3665313720703125,6.677291933935455,0.24156763375159965,0.7719298245614035,0.3107605618651421
gin,6812,C[C@@H](O)[C@@H](C)Oc1nc(Nc2ccc(S(=O)(=O)CCO)cc2)ncc1C(F)(F)F,6.7695512771606445,6.80201451769032,0.21679952960066926,0.7333333333333333,0.0324632405296752
gin,6814,C[C@@H](O)[C@@H](C)Oc1nc(Nc2ccc(S(C)(=O)=O)cc2)ncc1C(F)(F)F,6.321481704711914,6.805723151803089,0.09861741382063703,0.8,0.48424144709117467
gin,6815,C[C@@H](O)[C@@H](C)Oc1nc(Nc2ccc([S+](N)[O-])cc2)ncc1Br,6.913640022277832,6.40463241214519,0.1893173157031639,0.4696969696969697,0.5090076101326417
gin,6827,C[C@@H](Oc1nc(Nc2ccc(S(C)(=O)=O)cc2)ncc1C(F)(F)F)C(C)(C)O,6.5155253410339355,6.611820718194211,0.21828917018294297,0.7758620689655172,0.09629537716027503
gin,6847,C[C@H](CO)Nc1nc(Nc2ccc(S(C)(=O)=NS(=O)(=O)CC[Si](C)(C)C)cc2)ncc1Br,7.130768299102783,6.457370728090967,0.1333465002270096,0.7536231884057971,0.6733975710118161
gin,6848,C[C@H](CO)Nc1nc(Nc2ccc(S(N)(=O)=O)cc2)ncc1Br,7.4685211181640625,6.765712537343956,0.1593951927888746,0.6029411764705882,0.7028085808201068
gin,6849,C[C@H](CO)Nc1nc(Nc2ccc(S(N)(=O)=O)cc2)ncc1Br.Cl,7.4685211181640625,6.775624104723299,0.08670869498285771,0.5942028985507246,0.6928970134407635
gin,6850,C[C@H](CO)Nc1nc(Nc2ccc([S+](N)[O-])cc2)ncc1Br,7.4685211181640625,6.310530750613618,0.26542365737908064,0.5138888888888888,1.1579903675504442
gin,6853,C[C@H](Nc1nc(Nc2ccc(S(=N)(=O)CCO)cc2)ncc1Br)C(C)(C)O,7.229147911071777,7.043679321129541,0.13106722502736562,0.7580645161290323,0.18546858994223658
gin,6854,C[C@H](Nc1nc(Nc2ccc(S(C)(=N)=O)cc2)ncc1Br)C(C)(C)O,7.193819999694824,6.930514113432882,0.14856829270442143,0.7857142857142857,0.26330588626194196
gin,6858,C[C@H](O)[C@@H](C)Nc1nc(Nc2ccc(S(=O)(CC=O)=NS(=O)(=O)CC[Si](C)(C)C)cc2)ncc1Br,6.886056423187256,6.690339975529185,0.15510893831282085,0.6363636363636364,0.1957164476580706
gin,6859,C[C@H](O)[C@@H](C)Oc1nc(Nc2ccc(S(=O)(CCO)=NS(=O)(=O)CC[Si](C)(C)C)cc2)ncc1Br,6.086185932159424,6.482284874571806,0.23208315180281064,0.5625,0.3960989424123822
gin,6860,C[C@H](O)[C@@H](C)Oc1nc(Nc2ccc(S(C)(=N)=O)cc2)ncc1Br,6.4685211181640625,6.695129749872611,0.24533577850746657,0.578125,0.22660863170854828
gin,7335,Cc1cc(Nc2ncc(Br)c(N[C@@H](C)C(C)(C)O)n2)ccc1S(C)(=N)=O,7.318758964538574,6.979903269043224,0.03146757413198088,0.640625,0.3388556954953499
gin,7336,Cc1cc(Nc2ncc(Br)c(N[C@H](C)C(C)(C)O)n2)ccc1S(C)(=N)=O,7.263621807098389,6.865390069900457,0.17994893390729008,0.640625,0.39823173719793203
gin,7337,Cc1cc(Nc2ncc(Br)c(N[C@H](C)[C@H](C)O)n2)ccc1S(C)(=N)=O,7.408935546875,7.0824228474216495,0.1622355661523719,0.4857142857142857,0.3265126994533505
gin,309,C=CCn1nc(-c2ccc(OCC)c(OC)c2)c2c(N)ncnc21,4.0,4.893730769801816,0.2907993511321747,0.6290322580645161,0.8937307698018158
gin,402,CC(=O)c1ccc(-c2nn(C(C)C)c3ncnc(N)c23)cc1,4.0,5.147424970141022,0.03574339615112778,0.64,1.1474249701410217
gin,416,CC(=O)c1cccc(-c2nn(C(C)C)c3ncnc(N)c23)c1,4.0,5.036257209087864,0.36999051113744946,0.6612903225806451,1.0362572090878643
gin,928,CC(C)n1nc(-c2cc(F)c(C=O)c(F)c2)c2c(N)ncnc21,5.853871822357178,6.633720321403877,0.04261262543774105,0.625,0.7798484990466994
gin,929,CC(C)n1nc(-c2cc(F)c(O)cc2F)c2c(N)ncnc21,5.091515064239502,5.578280290081731,0.2546603733326673,0.5454545454545454,0.4867652258422295
gin,931,CC(C)n1nc(-c2cc(O)cc(Br)c2)c2c(N)ncnc21,7.3565473556518555,7.034709453768595,0.28525088099602386,0.6346153846153846,0.3218379018832609
gin,932,CC(C)n1nc(-c2cc(O)cc(F)c2)c2c(N)ncnc21,7.031517028808594,7.040257691266281,0.3520769990993428,0.6346153846153846,0.008740662457687343
gin,943,CC(C)n1nc(-c2ccc(Br)c(O)c2)c2c(N)ncnc21,7.259637355804443,6.897717815580672,0.3052919006444427,0.6862745098039216,0.36191954022377093
gin,944,CC(C)n1nc(-c2ccc(C#N)c(F)c2)c2c(N)ncnc21,4.0,5.375526122675656,0.13020563679554026,0.6111111111111112,1.375526122675656
gin,945,CC(C)n1nc(-c2ccc(C#N)c(O)c2)c2c(N)ncnc21,5.853871822357178,6.166927671288984,0.1073646201184368,0.6481481481481481,0.31305584893180605
gin,947,CC(C)n1nc(-c2ccc(C(N)=O)c(Cl)c2)c2c(N)ncnc21,4.0,4.969499290603305,0.13730192232059665,0.6071428571428571,0.9694992906033049
gin,948,CC(C)n1nc(-c2ccc(C=O)c(F)c2)c2c(N)ncnc21,5.92081880569458,5.720504116104242,0.12628865989875346,0.6730769230769231,0.20031468959033827
gin,949,CC(C)n1nc(-c2ccc(CC#N)cc2)c2c(N)ncnc21,4.958607196807861,6.379180258701898,0.6591810687412432,0.5918367346938775,1.4205730618940366
gin,950,CC(C)n1nc(-c2ccc(Cl)c(O)c2)c2c(N)ncnc21,7.698969841003418,6.763805272984271,0.20843840297952565,0.6862745098039216,0.9351645680191467
gin,951,CC(C)n1nc(-c2ccc(F)c(C#N)c2)c2c(N)ncnc21,5.3665313720703125,5.467138475179449,0.26743929510624403,0.6111111111111112,0.10060710310913645
gin,952,CC(C)n1nc(-c2ccc(F)c(O)c2)c2c(N)ncnc21,7.1674909591674805,6.156621683597289,0.02739052279688444,0.6862745098039216,1.0108692755701911
gin,953,CC(C)n1nc(-c2ccc(N)c(O)c2)c2c(N)ncnc21,5.665546417236328,6.035519401837301,0.1526975517051109,0.7142857142857143,0.36997298460097294
gin,954,CC(C)n1nc(-c2ccc(NS(C)(=O)=O)cc2)c2c(N)ncnc21,5.229884624481201,4.991609718811105,0.049892945580750414,0.58,0.2382749056700959
gin,955,CC(C)n1nc(-c2ccc(O)c(F)c2)c2c(N)ncnc21,5.815308570861816,5.559164438379867,0.20698237185494023,0.6862745098039216,0.2561441324819498
gin,956,CC(C)n1nc(-c2ccc(O)cc2)c2c(N)ncnc21,5.838632106781006,5.791566290644805,0.20693695115088878,0.7777777777777778,0.0470658161362012
gin,957,CC(C)n1nc(-c2ccc(S(N)(=O)=O)cc2)c2c(N)ncnc21,4.005242824554443,4.560561355500757,0.23259525756200247,0.6170212765957447,0.5553185309463133
gin,988,CC(C)n1nc(-c2cccc(C#N)c2)c2c(N)ncnc21,4.3665313720703125,5.3620568897139265,0.1612019699674391,0.6153846153846154,0.995525517643614
gin,990,CC(C)n1nc(-c2cccc(CC#N)c2)c2c(N)ncnc21,5.318758964538574,5.705945520473961,0.22800630192440952,0.5818181818181818,0.3871865559353864
gin,991,CC(C)n1nc(-c2cccc(CO)c2)c2c(N)ncnc21,4.0,4.945743285378701,0.18701855222125466,0.6153846153846154,0.9457432853787013
gin,992,CC(C)n1nc(-c2cccc(NS(C)(=O)=O)c2)c2c(N)ncnc21,4.0,5.049295776016341,0.07899923120746558,0.5714285714285714,1.0492957760163408
gin,993,CC(C)n1nc(-c2cccc(O)c2)c2c(N)ncnc21,6.6716203689575195,6.353560989256432,0.1840522462912239,0.75,0.31805937970108733
gin,994,CC(C)n1nc(-c2cccc(O)c2F)c2c(N)ncnc21,5.7798919677734375,5.258971229435663,0.20172373310160505,0.6181818181818182,0.5209207383377743
gin,995,CC(C)n1nc(-c2cccc(S(N)(=O)=O)c2)c2c(N)ncnc21,5.337242126464844,4.594281884799709,0.20425002026208364,0.6153846153846154,0.7429602416651351
gin,1153,CCC(C)n1nc(-c2ccc(C)c(O)c2)c2c(N)ncnc21,7.3665313720703125,6.605032044623549,0.43662835588124543,0.5614035087719298,0.7614993274467636
gin,1837,CCOc1cc(-c2nn(C(C)C)c3ncnc(N)c23)ccc1OC,4.0,5.259994474499668,0.24673526027341228,0.6071428571428571,1.2599944744996678
gin,1838,CCOc1cc(-c2nn(CCO)c3ncnc(N)c23)ccc1OC,4.899629592895508,5.003655319533114,0.27486277610899934,0.5967741935483871,0.10402572663760612
gin,1873,CCOc1ccc(-c2n[nH]c3ncnc(N)c23)cc1OC,4.0,5.095546568114268,0.32837115473016215,0.5714285714285714,1.0955465681142682
gin,1874,CCOc1ccc(-c2nn(C(C)C)c3ncnc(N)c23)cc1OC,4.872895240783691,5.084409658697477,0.23122075190076133,0.6610169491525424,0.21151441791378556
gin,2134,CCn1nc(-c2ccc(OC)c(O)c2)c2c(N)ncnc21,6.55439567565918,5.756636084672664,0.08700997599069196,0.6491228070175439,0.7977595909865158
gin,3689,COCOc1cc(-c2nn(C(C)C)c3ncnc(N)c23)ccc1Br,5.694648742675781,5.472292442632067,0.6016635825611436,0.5892857142857143,0.22235630004371387
gin,3824,COc1cc(-c2nn(C(C)C)c3ncnc(N)c23)cc(OC)c1OC,4.0,5.437793153138652,0.09371124036226683,0.6170212765957447,1.437793153138652
gin,3825,COc1cc(-c2nn(C(C)C)c3ncnc(N)c23)ccc1F,4.0,5.004499746530276,0.09165989102800018,0.6226415094339622,1.0044997465302758
gin,3826,COc1cc(-c2nn(C(C)C)c3ncnc(N)c23)ccc1N,5.585026741027832,5.047844519641084,0.2631366409351366,0.6470588235294118,0.5371822213867476
gin,3827,COc1cc(-c2nn(C(C)C)c3ncnc(N)c23)ccc1NC(=O)OC(C)(C)C,5.651695251464844,4.233237789312625,0.1967155724538933,0.7205882352941176,1.4184574621522188
gin,3828,COc1cc(-c2nn(C(C)C)c3ncnc(N)c23)ccc1NC(C)CO,6.712198257446289,4.752722806455647,0.22433368766635697,0.5483870967741935,1.9594754509906425
gin,3829,COc1cc(-c2nn(C(C)C)c3ncnc(N)c23)ccc1O,4.0,5.746904850555268,0.12568213709429393,0.660377358490566,1.7469048505552678
gin,3863,COc1cc(Br)cc(-c2nn(C(C)C)c3ncnc(N)c23)c1,5.991399765014648,5.476306983366328,0.1714941560835483,0.58,0.5150927816483204
gin,3954,COc1cc(F)c(-c2nn(C(C)C)c3ncnc(N)c23)cc1F,5.505845546722412,5.127197691524543,0.2596681228995744,0.5192307692307693,0.3786478551978689
gin,5932,COc1ccc(-c2n[nH]c3ncnc(N)c23)cc1O,5.97469425201416,6.3509088546704655,0.1880238822057859,0.5789473684210527,0.37621460265630535
gin,5954,COc1ccc(-c2nn(C(C)(C)C)c3ncnc(N)c23)cc1OC,4.0,5.059992352204669,0.1537920542578614,0.660377358490566,1.0599923522046693
gin,5955,COc1ccc(-c2nn(C(C)C)c3ncnc(N)c23)cc1,5.360513687133789,5.316447263068274,0.008021275530833242,0.6444444444444445,0.044066424065515086
gin,5956,COc1ccc(-c2nn(C(C)C)c3ncnc(N)c23)cc1O,6.924453258514404,6.016185186728602,0.09156153179124708,0.660377358490566,0.9082680717858027
gin,5957,COc1ccc(-c2nn(C(C)C)c3ncnc(N)c23)cc1OC,4.0,5.076897822261799,0.10958778963865563,0.66,1.0768978222617989
gin,5963,COc1ccc(-c2nn(C[C@@H](C)CO)c3ncnc(N)c23)cc1OC,5.0,4.811380291556778,0.33499490478098837,0.5573770491803278,0.1886197084432224
gin,5964,COc1ccc(-c2nn(C[C@H](C)CO)c3ncnc(N)c23)cc1OC,4.0,4.8166882829745346,0.20827080822210198,0.5573770491803278,0.8166882829745346
gin,6457,COc1cccc(-c2nn(C(C)C)c3ncnc(N)c23)c1,4.0,5.056036315532613,0.10245860866134066,0.6274509803921569,1.0560363155326131
gin,6458,COc1cccc(-c2nn(C(C)C)c3ncnc(N)c23)c1OC,5.276544094085693,5.055864635161716,0.2183112416688184,0.5892857142857143,0.22067945892397756
gin,6760,C[C@@H](CN)n1nc(-c2ccc(Cl)c(O)c2)c2c(N)ncnc21,5.9430952072143555,6.159115319070594,0.2029885217260564,0.576271186440678,0.21602011185623837
gin,6761,C[C@@H](CN)n1nc(-c2ccc(F)c(O)c2)c2c(N)ncnc21,5.552842140197754,5.594759076188609,0.28942473994016155,0.576271186440678,0.04191693599085511
gin,6844,C[C@H](CN)n1nc(-c2ccc(Cl)c(O)c2)c2c(N)ncnc21,6.256490230560303,6.457025917896004,0.05370357541283092,0.576271186440678,0.2005356873357016
gin,6845,C[C@H](CN)n1nc(-c2ccc(F)c(O)c2)c2c(N)ncnc21,5.721246242523193,5.840823480274935,0.1600683795390975,0.576271186440678,0.11957723775174145
gin,7363,Cc1cc(O)ccc1-c1nn(C(C)C)c2ncnc(N)c12,6.6716203689575195,5.430314074970681,0.19453968239749247,0.6666666666666666,1.2413062939868382
gin,7540,Cc1ccc(-c2n[nH]c3ncnc(N)c23)cc1O,6.625251770019531,7.414257475014097,0.19344994314264702,0.5961538461538461,0.7890057049945653
gin,7547,Cc1ccc(-c2nn(C(C)(C)C)c3ncnc(N)c23)cc1,5.79587984085083,5.370407668390935,0.06332387224336536,0.5185185185185185,0.4254721724598953
gin,7548,Cc1ccc(-c2nn(C(C)C)c3ncnc(N)c23)cc1O,8.0,6.822654461571768,0.3868870165050853,0.7,1.1773455384282316
gin,7549,Cc1ccc(-c2nn(C)c3ncnc(N)c23)cc1O,6.821022987365723,6.904123608114094,0.42443328654444784,0.6382978723404256,0.08310062074837177
gin,9314,Cn1nc(-c2ccc(Br)c(O)c2)c2c(N)ncnc21,5.522878646850586,6.972851106487568,0.33759700212944427,0.6538461538461539,1.4499724596369816
gin,9480,N#CCCCCn1nc(-c2ccc(F)c(O)c2)c2c(N)ncnc21,5.537601947784424,5.964080720096756,0.21818167506404174,0.5846153846153846,0.4264787723123318
gin,9484,N#CCCCn1nc(-c2ccc(F)c(O)c2)c2c(N)ncnc21,5.6716203689575195,5.876953670680507,0.14996039016472976,0.59375,0.20533330172298747
gin,312,C=Cc1cc(OC)cc(N(CC2CC2)c2ccc3ncc(-c4cnn(C)c4)nc3c2)c1.Cl,5.0,5.409716587857834,0.06148132054225183,0.7794117647058824,0.40971658785783394
gin,779,CC(C)Oc1cccc(N(CC2CC2)c2ccc3ncc(-c4cnn(C)c4)nc3c2)c1,5.0,5.17512992443083,0.07765560717926424,0.6865671641791045,0.17512992443082975
gin,1356,CCN(C)Cc1cc(OC)cc(N(CC2CC2)c2ccc3ncc(-c4cnn(C)c4)nc3c2)c1,5.0,5.6087431999957476,0.12679310183476813,0.7536231884057971,0.6087431999957476
gin,1473,CCN(CC)Cc1cc(OC)cc(N(CC2CC2)c2ccc3ncc(-c4cnn(C)c4)nc3c2)c1,5.210000038146973,5.592738757612399,0.13648663144408446,0.7611940298507462,0.3827387194654266
gin,1828,CCOCc1cc(OC)cc(N(CC2CC2)c2ccc3ncc(-c4cnn(C)c4)nc3c2)c1,5.0,5.368828534557792,0.06708084426575485,0.7611940298507462,0.3688285345577924
gin,2285,CN(C)c1cccc(N(CC2CC2)c2ccc3ncc(-c4cnn(C)c4)nc3c2)c1.Cl,5.0,4.981496229770149,0.13853753329656046,0.6716417910447762,0.01850377022985139
gin,2644,CNC(=O)C(C)(C)n1cc(-c2cnc3ccc(N(CC4CC4)c4cc(OC)cc(OC)c4)cc3n2)cn1,5.0,4.970521358573592,0.13941774340920415,0.7631578947368421,0.029478641426408103
gin,2650,CNC(=O)Cn1cc(-c2cnc3ccc(N(CC4CC4)c4cc(OC)cc(OC)c4)cc3n2)cn1,5.0,5.097258488136542,0.148222487004558,0.7763157894736842,0.09725848813654192
gin,2692,CNC(=O)c1cc(F)cc(N(CC2CC2)c2ccc3ncc(-c4cnn(C(C)C)c4)nc3c2)c1,5.529999732971191,5.504286225536816,0.1451336537617851,0.5227272727272727,0.02571350743437506
gin,2693,CNC(=O)c1cc(F)cc(N(CC2CC2)c2ccc3ncc(-c4cnn(C)c4)nc3c2)c1,5.809998989105225,5.203952040836555,0.14508031704318244,0.625,0.6060469482686699
gin,2700,CNC(=O)c1cc(OC)cc(N(CC2CC2)c2ccc3ncc(-c4cn[nH]c4)nc3c2)c1,5.380000591278076,5.278215234085432,0.12399326091900433,0.5975609756097561,0.10178535719264392
gin,2701,CNC(=O)c1cc(OC)cc(N(CC2CC2)c2ccc3ncc(-c4cnn(C)c4)nc3c2)c1,5.650000095367432,5.2355626922585925,0.14960582080883644,0.7837837837837838,0.41443740310883914
gin,2702,CNC(=O)c1cc(OC)cc(N(CC2CC2)c2ccc3ncc(-c4cnn(CCOC)c4)nc3c2)c1,5.940001487731934,5.029047209534762,0.11238043712545288,0.6707317073170732,0.9109542781971713
gin,2936,CNCCOc1cc(OC)cc(N(CC2CC2)c2ccc3ncc(-c4cnn(C)c4)nc3c2)c1,5.0,5.472598512043116,0.020833690323862387,0.7941176470588235,0.472598512043116
gin,2939,CNCCn1cc(-c2cnc3ccc(N(CC4CC4)c4cc(OC)cc(OC)c4)cc3n2)cn1,5.250000476837158,5.094788745161243,0.14611528229373436,0.7714285714285715,0.15521173167591495
gin,3025,CNc1cccc(N(CC2CC2)c2ccc3ncc(-c4cnn(C)c4)nc3c2)c1,6.170001983642578,4.715265179916059,0.1820250297330187,0.6417910447761194,1.4547368037265187
gin,3507,COCCNC(=O)C(C)(C)n1cc(-c2cnc3ccc(N(CC4CC4)c4cc(OC)cc(OC)c4)cc3n2)cn1,5.0,5.0222046385332915,0.08643965689306861,0.7160493827160493,0.022204638533291465
gin,3509,COCCNC(=O)Cn1cc(-c2cnc3ccc(N(CC4CC4)c4cc(OC)cc(OC)c4)cc3n2)cn1,5.0,5.12887277101792,0.19506758856483336,0.8181818181818182,0.12887277101792005
gin,3673,COCCc1cc(OC)cc(N(CC2CC2)c2ccc3ncc(-c4cnn(C)c4)nc3c2)c1.Cl,5.0,5.552263964385323,0.09620575308452713,0.7681159420289855,0.5522639643853227
gin,3682,COCCn1cc(-c2cnc3ccc(N(CC4CC4)c4cc(OC)cc(OC)c4)cc3n2)cn1,5.0,5.0109183634371375,0.15150794501451895,0.7941176470588235,0.01091836343713748
gin,3710,COCc1cc(OC)cc(N(CC2CC2)c2ccc3ncc(-c4cnn(C)c4)nc3c2)c1,5.0,5.267144842985942,0.09036989123500824,0.796875,0.26714484298594243
gin,3866,COc1cc(C#N)cc(N(CC2CC2)c2ccc3ncc(-c4cnn(C)c4)nc3c2)c1,5.0,5.199546780121788,0.012535004583584433,0.8181818181818182,0.19954678012178828
gin,3945,COc1cc(CN(C)C)cc(N(CC2CC2)c2ccc3ncc(-c4cnn(C)c4)nc3c2)c1,5.0,5.5599278963560055,0.1304914970959831,0.7846153846153846,0.5599278963560055
gin,3946,COc1cc(CN)cc(N(CC2CC2)c2ccc3ncc(-c4cnn(C)c4)nc3c2)c1.Cl,5.0,5.5538151735483625,0.06471055423792191,0.7910447761194029,0.5538151735483625
gin,3951,COc1cc(Cl)cc(N(CC2CC2)c2ccc3ncc(-c4cnn(C)c4)nc3c2)c1,5.0,5.075672693103002,0.02183296969403813,0.8225806451612904,0.07567269310300162
gin,3956,COc1cc(F)cc(N(CC2CC2)c2ccc3ncc(-c4cn[nH]c4)nc3c2)c1,5.0,5.175379944145296,0.18363725268254594,0.6056338028169014,0.17537994414529567
gin,3957,COc1cc(F)cc(N(CC2CC2)c2ccc3ncc(-c4cnn(C)c4)nc3c2)c1,5.84999942779541,5.110197703346368,0.06271795393466884,0.8225806451612904,0.739801724449042
gin,3958,COc1cc(F)cc(N(CC2CC2)c2ccc3ncc(-c4cnn(CCO)c4)nc3c2)c1,5.0,4.881936591288915,0.20652023038574574,0.7808219178082192,0.11806340871108478
gin,3972,COc1cc(N(CC2CC2)c2ccc3ncc(-c4cnn(C)c4)nc3c2)cc(C(F)(F)F)c1,5.0,5.278411032355261,0.07019618648042406,0.7846153846153846,0.2784110323552609
gin,4073,COc1cc(O)cc(N(CC2CC2)c2ccc3ncc(-c4cnn(C)c4)nc3c2)c1,5.130000114440918,5.438970171722322,0.15533542538058623,0.8225806451612904,0.30897005728140403
gin,4082,COc1cc(OC(C)C)cc(N(CC2CC2)c2ccc3ncc(-c4cnn(C)c4)nc3c2)c1.Cl,5.0,5.537889220775867,0.01377875251268237,0.8181818181818182,0.5378892207758668
gin,4300,COc1cc(OC)cc(N(CC2CC2)c2ccc3ncc(-c4cn[nH]c4)nc3c2)c1,5.0,5.260210934520917,0.11768325956564547,0.676923076923077,0.26021093452091737
gin,4302,COc1cc(OC)cc(N(CC2CC2)c2ccc3ncc(-c4cnn(C(C)(C)C(=O)NCCO)c4)nc3c2)c1,5.0,5.040084491742884,0.11317483102209804,0.725,0.040084491742883976
gin,4303,COc1cc(OC)cc(N(CC2CC2)c2ccc3ncc(-c4cnn(C)c4)nc3c2)c1,5.079999923706055,5.222146428514141,0.04774534131003181,0.9285714285714286,0.14214650480808633
gin,4307,COc1cc(OC)cc(N(CC2CC2)c2ccc3ncc(-c4cnn(CC(=O)N(C)C)c4)nc3c2)c1,5.019999980926514,4.973951960645877,0.22893462570013914,0.7733333333333333,0.04604802028063659
gin,4310,COc1cc(OC)cc(N(CC2CC2)c2ccc3ncc(-c4cnn(CC(=O)NCCO)c4)nc3c2)c1,5.0,5.15011250049857,0.20255712003669155,0.8289473684210527,0.15011250049856972
gin,4311,COc1cc(OC)cc(N(CC2CC2)c2ccc3ncc(-c4cnn(CC(C)(C)O)c4)nc3c2)c1,5.0,4.979262256161974,0.21842772395093144,0.7323943661971831,0.02073774383802629
gin,4312,COc1cc(OC)cc(N(CC2CC2)c2ccc3ncc(-c4cnn(CC(C)C)c4)nc3c2)c1,5.0,5.104408155375495,0.2376239521115165,0.7746478873239436,0.10440815537549497
gin,4314,COc1cc(OC)cc(N(CC2CC2)c2ccc3ncc(-c4cnn(CC(O)CO)c4)nc3c2)c1,5.099999904632568,5.420103212730301,0.050787974900923856,0.8169014084507042,0.3201033080977327
gin,4321,COc1cc(OC)cc(N(CC2CC2)c2ccc3ncc(-c4cnn(CCCN)c4)nc3c2)c1,5.0,5.031866323943177,0.16501994825570457,0.7714285714285715,0.03186632394317712
gin,4324,COc1cc(OC)cc(N(CC2CC2)c2ccc3ncc(-c4cnn(CCCNCCS(C)(=O)=O)c4)nc3c2)c1,5.079999923706055,5.091543322470784,0.3378104335173089,0.675,0.011543398764729318
gin,4325,COc1cc(OC)cc(N(CC2CC2)c2ccc3ncc(-c4cnn(CCF)c4)nc3c2)c1,5.0,4.999716187930403,0.20094788619428405,0.7941176470588235,0.0002838120695969337
gin,4326,COc1cc(OC)cc(N(CC2CC2)c2ccc3ncc(-c4cnn(CCN)c4)nc3c2)c1,5.859995365142822,4.956647280506748,0.1449387760587437,0.7941176470588235,0.9033480846360744
gin,4330,COc1cc(OC)cc(N(CC2CC2)c2ccc3ncc(-c4cnn(CCNS(=O)(=O)N(C)C)c4)nc3c2)c1,5.0,5.222550246792821,0.3293151978656522,0.7012987012987013,0.22255024679282087
gin,4331,COc1cc(OC)cc(N(CC2CC2)c2ccc3ncc(-c4cnn(CCNS(C)(=O)=O)c4)nc3c2)c1,5.059999942779541,5.05787223110796,0.22067089062171386,0.72,0.0021277116715809896
gin,4332,COc1cc(OC)cc(N(CC2CC2)c2ccc3ncc(-c4cnn(CCO)c4)nc3c2)c1,5.0,5.012327770374061,0.17905140098752675,0.8656716417910447,0.012327770374061409
gin,4333,COc1cc(OC)cc(N(CC2CC2)c2ccc3ncc(-c4cnn(C[Si](C)(C)C)c4)nc3c2)c1,5.0,4.858066182572808,0.040992696514560924,0.8181818181818182,0.14193381742719158
gin,4334,COc1cc(OC)cc(N(CC2CC2)c2ccc3ncc(-c4cnn(S(=O)(=O)N(C)C)c4)nc3c2)c1,5.0,5.307207878812885,0.1932927835673203,0.7058823529411765,0.3072078788128847
gin,4335,COc1cc(OC)cc(N(CC2CC2)c2ccc3ncc(-c4cnn(S(C)(=O)=O)c4)nc3c2)c1,5.0,5.0602370374305865,0.10493890628219339,0.7605633802816901,0.060237037430586504
gin,4599,COc1cc(OC)cc(N(C[C@@H]2C[C@H]2CO)c2ccc3ncc(-c4cnn(C)c4)nc3c2)c1,5.309999942779541,5.290639708717133,0.17842226363762848,0.7538461538461538,0.019360234062408388
gin,4683,COc1cc(OCCN)cc(N(CC2CC2)c2ccc3ncc(-c4cnn(C)c4)nc3c2)c1,5.0,5.334581243298071,0.09578376771335394,0.8181818181818182,0.3345812432980706
gin,4684,COc1cc(OCCO)cc(N(CC2CC2)c2ccc3ncc(-c4cn[nH]c4)nc3c2)c1,5.0,5.506142702685395,0.17492626883379195,0.6164383561643836,0.5061427026853949
gin,4685,COc1cc(OCCO)cc(N(CC2CC2)c2ccc3ncc(-c4cnn(C)c4)nc3c2)c1,5.890005588531494,5.400735788552045,0.12022596337773975,0.8307692307692308,0.4892697999794491
gin,4686,COc1cc(OCCO)cc(N(CC2CC2)c2ccc3ncc(-c4cnn(C)c4)nc3c2)c1.Cl,6.770010948181152,5.602868575698115,0.10944789392115593,0.8461538461538461,1.1671423724830374
gin,4687,COc1cc(OCCO)cc(N(CC2CC2)c2ccc3ncc(-c4cnn(CCO)c4)nc3c2)c1.Cl,5.070000171661377,5.510708323635735,0.1465057807097962,0.8309859154929577,0.4407081519743583
gin,4688,COc1cc(OCCO)cc(N(CC2CC2)c2ccc3ncc(-c4cnn(CCS(C)(=O)=O)c4)nc3c2)c1,5.0,5.242423721091332,0.3262376228200124,0.7215189873417721,0.24242372109133203
gin,6481,COc1cccc(N(CC2CC2)c2ccc3ncc(-c4cnn(C)c4)nc3c2)c1OC,5.0,5.39975389203543,0.216999963577181,0.6521739130434783,0.39975389203543
gin,8916,Cl.Cn1cc(-c2cnc3ccc(N(CC4CC4)c4cccc(OC(F)(F)F)c4)cc3n2)cn1,5.0,5.649237878593283,0.06005954062272864,0.676056338028169,0.6492378785932829
gin,8936,Cl.c1ccc(N(CC2CC2)c2ccc3ncc(-c4cn[nH]c4)nc3c2)cc1,5.0,5.0398006368451815,0.17554873695118123,0.5142857142857142,0.039800636845181536
gin,9095,Cn1cc(-c2cnc3ccc(N(CC4CC4)c4cccc(C#N)c4)cc3n2)cn1,5.0,4.86888026777649,0.1206073287915539,0.6428571428571429,0.13111973222351025
gin,9096,Cn1cc(-c2cnc3ccc(N(CC4CC4)c4cccc(OC(F)F)c4)cc3n2)cn1,5.0,5.236966914974251,0.11109841705337069,0.6764705882352942,0.23696691497425082
gin,9097,Cn1cc(-c2cnc3ccc(N(CC4CC4)c4ccccc4)cc3n2)cn1,5.0,4.588081906789701,0.2799118460058741,0.7049180327868853,0.41191809321029904
gin,11608,OCCn1cc(-c2cnc3ccc(N(CC4CC4)c4ccccc4)cc3n2)cn1,5.0,4.441827060720887,0.4013331022476765,0.6666666666666666,0.558172939279113
gin,422,CC(=O)c1cnc(-c2ccn3c(-c4cccc(NC(=O)NCC(F)(F)F)c4)cnc3c2)nc1,6.823908805847168,6.463234090168791,0.09846892341005072,0.746268656716418,0.3606747156783774
gin,423,CC(=O)c1cnc(-c2ccn3c(-c4cccc(NC(=O)NCC(F)(F)F)c4)cnc3c2)nc1N,6.92081880569458,6.222600078028695,0.18617238575856423,0.7368421052631579,0.6982187276658847
gin,703,CC(C)(O)c1cnc(-c2ccn3c(-c4cccc(NC(=O)NCC(F)(F)F)c4)cnc3c2)nc1,7.0,6.457089869147221,0.13309773987680748,0.8412698412698413,0.5429101308527793
gin,809,CC(C)c1cc(N)nc(-c2ccn3c(-c4cccc(NC(=O)NCC(F)(F)F)c4)cnc3c2)n1,6.229147911071777,6.381489281426258,0.13654928280066742,0.7083333333333334,0.15234137035448025
gin,872,CC(C)c1ccnc(-c2ccn3c(-c4cccc(NC(=O)NCC(F)(F)F)c4)cnc3c2)n1,5.248721122741699,6.5615654532699885,0.11071276598424867,0.7297297297297297,1.3128443305282893
gin,1028,CC(F)(F)c1cnc(-c2ccn3c(-c4cccc(NC(=O)NCC(F)(F)F)c4)cnc3c2)nc1,6.744727611541748,6.4469688604809745,0.10214850274705717,0.7692307692307693,0.29775875106077354
gin,1047,CC(O)c1cnc(-c2ccn3c(-c4cccc(NC(=O)NCC(F)(F)F)c4)cnc3c2)nc1,6.886056423187256,6.522386493088958,0.12144097920370259,0.7142857142857143,0.36366993009829773
gin,1615,CCNC(=O)Nc1cccc(-c2cnc3cc(-c4ncc(C(F)(F)F)c(N)n4)ccn23)c1,6.853871822357178,6.029305499059063,0.2819656914635787,0.6756756756756757,0.8245663232981144
gin,1616,CCNC(=O)Nc1cccc(-c2cnc3cc(-c4ncc(F)c(N)n4)ccn23)c1,6.1674909591674805,5.9977823094569045,0.2947313748416475,0.75,0.16970864971057598
gin,1617,CCNC(=O)Nc1cccc(-c2cnc3cc(-c4ncc(OC)cn4)ccn23)c1,6.853871822357178,6.356397259179663,0.19510634151848297,0.6376811594202898,0.4974745631775148
gin,1618,CCNC(=O)Nc1cccc(-c2cnc3cc(-c4ncccn4)ccn23)c1,5.86012077331543,6.424579310794887,0.08664617849977184,0.711864406779661,0.5644585374794575
gin,1666,CCNc1nc(-c2ccn3c(-c4cccc(NC(=O)NCC(F)(F)F)c4)cnc3c2)ncc1F,6.0,6.3160726737548485,0.22793546100624978,0.7837837837837838,0.3160726737548485
gin,1761,CCOC(=O)Nc1nc(-c2ccn3c(-c4cccc(NC(=O)NCC(F)(F)F)c4)cnc3c2)ncc1F,6.193819999694824,6.485786589070515,0.18705805152263663,0.7435897435897436,0.29196658937569087
gin,1810,CCOC(=O)c1cnc(-c2ccn3c(-c4cccc(NC(=O)NCC(F)(F)F)c4)cnc3c2)nc1N,6.214670181274414,6.332423397700306,0.10767256881793799,0.691358024691358,0.11775321642589187
gin,1901,CCOc1cnc(-c2ccn3c(-c4cccc(NC(=O)NCC(F)(F)F)c4)cnc3c2)nc1,6.4685211181640625,6.577314705805162,0.09564771549840495,0.7536231884057971,0.1087935876410997
gin,2241,CN(C)Cc1cnc(-c2ccn3c(-c4cccc(NC(=O)NCC(F)(F)F)c4)cnc3c2)nc1N,6.853871822357178,6.35783820346262,0.07432171443117416,0.7763157894736842,0.49603361889455755
gin,2286,CN(C)c1ccnc(-c2ccn3c(-c4cccc(NC(=O)NCC(F)(F)F)c4)cnc3c2)n1,6.416801452636719,6.437927481546133,0.11263591133442089,0.7361111111111112,0.021126028909414174
gin,2288,CN(C)c1nc(-c2ccn3c(-c4cccc(NC(=O)NCC(F)(F)F)c4)cnc3c2)ncc1F,6.28399658203125,6.3967873893150085,0.19116362559185904,0.7236842105263158,0.11279080728375845
gin,2687,CNC(=O)c1cc(C)nc(-c2ccn3c(-c4cccc(NC(=O)NCC(F)(F)F)c4)cnc3c2)n1,6.251811981201172,6.664901497973936,0.18052841642284956,0.75,0.4130895167727644
gin,2900,CNC(=O)c1ccnc(-c2ccn3c(-c4cccc(NC(=O)NCC(F)(F)F)c4)cnc3c2)n1,6.823908805847168,6.474816193021482,0.17138463489683692,0.7402597402597403,0.34909261282568593
gin,3030,CNc1nc(-c2ccn3c(-c4cccc(NC(=O)NCC(F)(F)F)c4)cnc3c2)ncc1N,6.086185932159424,6.195704344363857,0.15196987258287448,0.7222222222222222,0.10951841220443281
gin,3401,COC(=O)c1cnc(-c2ccn3c(-c4cccc(NC(=O)NCC(F)(F)F)c4)cnc3c2)nc1,6.585026741027832,6.542378035209282,0.08098247778011379,0.7246376811594203,0.04264870581855007
gin,3709,COCc1cc(N)nc(-c2ccn3c(-c4cccc(NC(=O)NCC(F)(F)F)c4)cnc3c2)n1,6.4685211181640625,6.179635812984283,0.18020681165405278,0.6891891891891891,0.28888530517977973
gin,3979,COc1cc(NC(=O)NCC(F)(F)F)cc(-c2cnc3cc(-c4ncc(F)c(N)n4)ccn23)c1,6.0,6.221637916615255,0.20687755096545918,0.7922077922077922,0.22163791661525512
gin,4675,COc1cc(OC)nc(-c2ccn3c(-c4cccc(NC(=O)NCC(F)(F)F)c4)cnc3c2)n1,4.522878646850586,6.5517790882778355,0.28509673940009483,0.8059701492537313,2.0289004414272496
gin,6586,COc1ccnc(-c2ccn3c(-c4cccc(NC(=O)NCC(F)(F)F)c4)cnc3c2)n1,6.343901634216309,6.462410085434567,0.10464445290306013,0.7971014492753623,0.11850845121825859
gin,6592,COc1cnc(-c2ccn3c(-c4cccc(NC(=O)NCC(F)(F)F)c4)cnc3c2)nc1,6.585026741027832,6.562394241512723,0.12847441648530486,0.75,0.02263249951510904
gin,6593,COc1cnc(-c2ccn3c(-c4cccc(NC(=O)NCC(F)(F)F)c4)cnc3c2)nc1N,6.4509968757629395,6.338230996528556,0.13569278432954138,0.7272727272727273,0.11276587923438353
gin,6685,CS(=O)(=O)Nc1nc(-c2ccn3c(-c4cccc(NC(=O)NCC(F)(F)F)c4)cnc3c2)ncc1F,5.677780628204346,6.536298235415508,0.06912077372692682,0.7631578947368421,0.8585176072111622
gin,7259,Cc1cc(N)nc(-c2ccn3c(-c4cccc(NC(=O)NCC(F)(F)F)c4)cnc3c2)n1,6.4685211181640625,6.4557736670578985,0.04591522576589299,0.782608695652174,0.012747451106164043
gin,7884,Cc1ccc(NC(=O)NCC(F)(F)F)cc1-c1cnc2cc(-c3ncc(F)c(N)n3)ccn12,5.0,5.841186463419443,0.31405527752597945,0.7361111111111112,0.8411864634194428
gin,8558,Cc1ccnc(-c2ccn3c(-c4cccc(NC(=O)NCC(F)(F)F)c4)cnc3c2)n1,6.202040195465088,6.585583112966506,0.07674126569088523,0.8059701492537313,0.3835429175014182
gin,8641,Cc1cnc(-c2ccn3c(-c4cccc(NC(=O)NCC(F)(F)F)c4)cnc3c2)nc1,6.376750946044922,6.53863619359224,0.13187738720172684,0.8095238095238095,0.16188524754731848
gin,8642,Cc1cnc(-c2ccn3c(-c4cccc(NC(=O)NCC(F)(F)F)c4)cnc3c2)nc1N,6.377786159515381,6.271961352796893,0.17069122218468677,0.7567567567567568,0.10582480671848771
gin,8643,Cc1cnc(-c2ccn3c(-c4cccc(NC(=O)NCC(F)(F)F)c4)cnc3c2)nc1N(C)C,6.2441253662109375,6.392579111790209,0.14389417087643666,0.7222222222222222,0.14845374557927116
gin,9581,N#Cc1ccnc(-c2ccn3c(-c4cccc(NC(=O)NCC(F)(F)F)c4)cnc3c2)n1,6.0809221267700195,6.468689287173716,0.13431724388484603,0.7361111111111112,0.38776716040369674
gin,9661,NC(=O)Nc1cccc(-c2cnc3cc(-c4ncc(F)c(N)n4)ccn23)c1,6.628931999206543,5.669882148920256,0.19058834989162807,0.765625,0.959049850286287
gin,9662,NC(=O)Nc1cccc(-c2cnc3cc(-c4ncccn4)ccn23)c1,6.151195526123047,6.279039993700053,0.09059715831410982,0.7358490566037735,0.12784446757700607
gin,9727,NC(=O)c1ccnc(-c2ccn3c(-c4cccc(NC(=O)NCC(F)(F)F)c4)cnc3c2)n1,6.767004013061523,6.460337545846926,0.12320970411221423,0.7837837837837838,0.30666646721459756
gin,9760,NCCNc1nc(-c2ccn3c(-c4cccc(NC(=O)NCC(F)(F)F)c4)cnc3c2)ncc1F,6.189095497131348,6.344335781780028,0.2239176572502154,0.7733333333333333,0.15524028464868067
gin,9820,Nc1cc(C(F)(F)F)nc(-c2ccn3c(-c4cccc(NC(=O)NCC(F)(F)F)c4)cnc3c2)n1,6.031517028808594,6.274730265410493,0.0930269556757149,0.75,0.24321323660189886
gin,9858,Nc1ccnc(-c2ccn3c(-c4cccc(NC(=O)NCC(F)(F)F)c4)cnc3c2)n1,6.50445556640625,6.405617456448329,0.04761071251768548,0.7878787878787878,0.09883810995792075
gin,9863,Nc1cnc(-c2ccn3c(-c4cccc(NC(=O)NCC(F)(F)F)c4)cnc3c2)nc1,6.347753524780273,6.539970232877647,0.08582123932250627,0.8135593220338984,0.1922167080973738
gin,9864,Nc1cnc(-c2ccn3c(-c4cccc(NC(=O)NCC(F)(F)F)c4)cnc3c2)nc1Cl,5.954677104949951,6.418387444087597,0.17915746641941996,0.7142857142857143,0.4637103391376458
gin,9865,Nc1cnc(-c2ccn3c(-c4cccc(NC(=O)NCC(F)(F)F)c4)cnc3c2)nc1N,6.4685211181640625,6.210790553469512,0.08010840619145429,0.7887323943661971,0.25773056469455025
gin,9944,Nc1nc(-c2ccn3c(-c4cc(Cl)cc(NC(=O)NCC(F)(F)F)c4)cnc3c2)ncc1F,6.552842140197754,6.283465803465778,0.19091003342765067,0.7971014492753623,0.2693763367319759
gin,9945,Nc1nc(-c2ccn3c(-c4cc(F)cc(NC(=O)NCC(F)(F)F)c4)cnc3c2)ncc1F,6.7695512771606445,6.251084218270269,0.2095643625476542,0.8208955223880597,0.5184670588903755
gin,9949,Nc1nc(-c2ccn3c(-c4cccc(NC(=O)NCC(F)(F)F)c4)cnc3c2)ncc1C(=O)O,6.4685211181640625,6.084145306089018,0.16751722377846737,0.7466666666666667,0.3843758120750449
gin,9950,Nc1nc(-c2ccn3c(-c4cccc(NC(=O)NCC(F)(F)F)c4)cnc3c2)ncc1C(F)(F)F,6.318758964538574,6.112538916553684,0.1609096458313236,0.7971014492753623,0.2062200479848899
gin,9952,Nc1nc(-c2ccn3c(-c4cccc(NC(=O)NCC(F)(F)F)c4)cnc3c2)ncc1CO,6.397940158843994,6.234377407822483,0.14930007668232287,0.8194444444444444,0.1635627510215114
gin,9953,Nc1nc(-c2ccn3c(-c4cccc(NC(=O)NCC(F)(F)F)c4)cnc3c2)ncc1F,6.571865081787109,6.129314230099136,0.20588805502545987,0.8208955223880597,0.44255085168797326
gin,9954,Nc1nc(-c2ccn3c(-c4cccc(NC(=O)NCC(F)(F)F)c4)cnc3c2)ncc1OCCO,6.481485843658447,6.337982385569869,0.1379045816939937,0.717948717948718,0.14350345808857856
gin,10521,O=C(NCC(F)(F)F)Nc1cc(-c2cnc3cc(-c4ncccn4)ccn23)cc(C(F)(F)F)c1,5.886056423187256,6.606702036160638,0.08304884243689771,0.7741935483870968,0.7206456129733825
gin,10525,O=C(NCC(F)(F)F)Nc1cc(Cl)cc(-c2cnc3cc(-c4ncccn4)ccn23)c1,6.677780628204346,6.647219862963543,0.05322895048550411,0.7741935483870968,0.030560765240802645
gin,10527,O=C(NCC(F)(F)F)Nc1cc(F)cc(-c2cnc3cc(-c4ncccn4)ccn23)c1,6.823908805847168,6.5357045430763705,0.07358373160147297,0.7868852459016393,0.28820426277079747
gin,10570,O=C(NCC(F)(F)F)Nc1cccc(-c2cnc3cc(-c4ncc(C(=O)O)cn4)ccn23)c1,6.443697452545166,6.45337679432318,0.1624703671140573,0.7538461538461538,0.009679341778014106
gin,10572,O=C(NCC(F)(F)F)Nc1cccc(-c2cnc3cc(-c4ncc(C(F)(F)F)cn4)ccn23)c1,6.165579319000244,6.4013414647291,0.09430968258447638,0.7619047619047619,0.2357621457288559
gin,10573,O=C(NCC(F)(F)F)Nc1cccc(-c2cnc3cc(-c4ncc(CO)cn4)ccn23)c1,6.619788646697998,6.54000927106556,0.10499638027485574,0.8125,0.07977937563243831
gin,10575,O=C(NCC(F)(F)F)Nc1cccc(-c2cnc3cc(-c4ncc(F)c(NCCO)n4)ccn23)c1,6.2306227684021,6.375639754895464,0.1882695333365124,0.7733333333333333,0.14501698649336436
gin,10576,O=C(NCC(F)(F)F)Nc1cccc(-c2cnc3cc(-c4ncc(F)cn4)ccn23)c1,6.455932140350342,6.527448373306892,0.1771888475216131,0.8064516129032258,0.07151623295654996
gin,10579,O=C(NCC(F)(F)F)Nc1cccc(-c2cnc3cc(-c4nccc(C(F)(F)F)n4)ccn23)c1,5.92081880569458,6.4491136629789265,0.022179638388810406,0.7611940298507462,0.5282948572843464
gin,10585,O=C(NCC(F)(F)F)Nc1cccc(-c2cnc3cc(-c4nccc(O)n4)ccn23)c1,5.4202165603637695,6.439600366511063,0.06643706900248555,0.7727272727272727,1.0193838061472933
gin,10586,O=C(NCC(F)(F)F)Nc1cccc(-c2cnc3cc(-c4ncccn4)ccn23)c1,6.369572162628174,6.567392322312007,0.0856716556939855,0.85,0.19782015968383337
gin,398,CC(=O)ON1C(=O)/C(=C\c2[nH]c(C)cc2C)c2ccccc21,6.397940158843994,5.730376250844055,0.15382133584087276,0.41379310344827586,0.6675639079999387
gin,1389,CCN(CC)CCCNC(=O)c1c(C)[nH]c(/C=C2\C(=O)Nc3ccc(F)cc32)c1C,6.318758964538574,7.6512869835727315,0.1341097303030496,0.6956521739130435,1.3325280190341573
gin,1404,CCN(CC)CCNC(=O)c1c(C)[nH]c(/C=C2\C(=O)Nc3cc(Cl)ccc32)c1C,6.686132907867432,7.2754882437400665,0.10140563501780576,0.5774647887323944,0.5893553358726349
gin,1405,CCN(CC)CCNC(=O)c1c(C)[nH]c(/C=C2\C(=O)Nc3cc(F)ccc32)c1C,6.723538398742676,7.308550151537361,0.03912096573386862,0.6197183098591549,0.585011752794685
gin,1406,CCN(CC)CCNC(=O)c1c(C)[nH]c(/C=C2\C(=O)Nc3ccc(Br)cc32)c1C,7.494850158691406,7.557280322269738,0.18026935336556973,0.6081081081081081,0.06243016357833131
gin,1407,CCN(CC)CCNC(=O)c1c(C)[nH]c(/C=C2\C(=O)Nc3ccc(C#N)cc32)c1C,6.407823085784912,7.494161727113635,0.0753136599231492,0.5753424657534246,1.086338641328723
gin,1408,CCN(CC)CCNC(=O)c1c(C)[nH]c(/C=C2\C(=O)Nc3ccc(CCC#N)cc32)c1C,5.87680196762085,7.3759230889669425,0.23625054644160193,0.5454545454545454,1.4991211213460929
gin,1409,CCN(CC)CCNC(=O)c1c(C)[nH]c(/C=C2\C(=O)Nc3ccc(CCC(N)=O)cc32)c1C,5.4179368019104,6.790796745691831,0.11097956393958017,0.5526315789473685,1.3728599437814308
gin,1410,CCN(CC)CCNC(=O)c1c(C)[nH]c(/C=C2\C(=O)Nc3ccc(CCN=[N+]=[N-])cc32)c1C,5.6458916664123535,6.291573011399218,0.027626639143251613,0.5316455696202531,0.6456813449868646
gin,1411,CCN(CC)CCNC(=O)c1c(C)[nH]c(/C=C2\C(=O)Nc3ccc(CCNC(C)=O)cc32)c1C,5.664742946624756,6.546151273296778,0.09079001099392486,0.56,0.8814083266720223
gin,1412,CCN(CC)CCNC(=O)c1c(C)[nH]c(/C=C2\C(=O)Nc3ccc(CCO)cc32)c1C,6.071604251861572,7.2838906141842585,0.19081766250173937,0.5753424657534246,1.2122863623226863
gin,1413,CCN(CC)CCNC(=O)c1c(C)[nH]c(/C=C2\C(=O)Nc3ccc(Cl)cc32)c1C,7.568636417388916,7.468743715649282,0.10612617516258675,0.6081081081081081,0.09989270173963405
gin,1414,CCN(CC)CCNC(=O)c1c(C)[nH]c(/C=C2\C(=O)Nc3ccc(F)cc32)c1C,7.401209354400635,7.585343012871419,0.05372663741407409,0.7164179104477612,0.18413365847078467
gin,1415,CCN(CC)CCNC(=O)c1c(C)[nH]c(/C=C2\C(=O)Nc3ccc(F)cc32)c1C.O=C(O)CC(O)C(=O)O,7.505845546722412,7.137346528640099,0.09996700772989142,0.6153846153846154,0.36849901808231333
gin,1416,CCN(CC)CCNC(=O)c1c(C)[nH]c(/C=C2\C(=O)Nc3ccc(F)cc32)c1C.O=C(O)C[C@H](O)C(=O)O,7.096909999847412,7.23108011672295,0.1356714379146344,0.6153846153846154,0.13417011687553781
gin,1417,CCN(CC)CCNC(=O)c1c(C)[nH]c(/C=C2\C(=O)Nc3cccc(F)c32)c1C,7.95867919921875,6.753500703440061,0.2308272332728021,0.6081081081081081,1.2051784957786893
gin,1418,CCN(CC)CCNC(=O)c1c(C)[nH]c(/C=C2\C(=O)Nc3ccccc32)c1C,7.301030158996582,7.072306039978192,0.10030855708870846,0.6363636363636364,0.2287241190183904
gin,1653,CCNCCNC(=O)c1c(C)[nH]c(/C=C2\C(=O)Nc3ccc(F)cc32)c1C,6.296708583831787,7.470871976223823,0.15173028261673419,0.75,1.1741633923920363
gin,1778,CCOC(=O)c1cc(C)c(/C=C2\C(=O)Nc3ccccc32)[nH]1,5.096909999847412,5.802457212519225,0.11443282161902776,0.532258064516129,0.7055472126718128
gin,6369,COc1ccc2c(c1)/C(=C/c1[nH]c(C)c(C(=O)NCCCN)c1C)C(=O)N2,6.0,7.311903290825228,0.08329444823257212,0.5753424657534246,1.311903290825228
gin,6397,COc1ccc2c(c1)NC(=O)/C2=C\c1[nH]c(C)c(CCC(=O)O)c1C,5.627685546875,6.286181909651655,0.17747755526284414,0.8596491228070176,0.6584963627766554
gin,6399,COc1ccc2c(c1)NC(=O)/C2=C\c1[nH]cc(CCC(=O)O)c1C,5.895242691040039,6.608072080113179,0.30597685634305016,0.8596491228070176,0.7128293890731401
gin,6717,CSCCCNC(=O)c1ccc2c(c1)/C(=C/c1[nH]c(C)cc1C)C(=O)N2,7.4202165603637695,6.871340059501681,0.4756261046054273,0.43037974683544306,0.5488765008620886
gin,6884,Cc1[nH]c(/C=C2\C(=O)Nc3ccc(Br)cc32)c(C)c1CCC(=O)O,6.458427906036377,6.957172762891872,0.08078248389238546,0.6666666666666666,0.4987448568554953
gin,6886,Cc1[nH]c(/C=C2\C(=O)Nc3ccc(C(=O)O)cc32)c(C)c1CCC(=O)O,5.727965831756592,6.941694842980812,0.39052151540213964,0.7419354838709677,1.2137290112242205
gin,6889,Cc1[nH]c(/C=C2\C(=O)Nc3ccc(F)cc32)c(C)c1C(=O)NCCC(=O)NO,7.0,7.20676236230517,0.24507379567543772,0.7272727272727273,0.2067623623051702
gin,6890,Cc1[nH]c(/C=C2\C(=O)Nc3ccc(F)cc32)c(C)c1C(=O)NCCCC(=O)NO,7.0,7.420878476906694,0.28953223482102086,0.7058823529411765,0.4208784769066938
gin,6891,Cc1[nH]c(/C=C2\C(=O)Nc3ccc(F)cc32)c(C)c1C(=O)NCCCCCC(=O)N(C)O,7.0,7.653998706962852,0.18779505825458936,0.6666666666666666,0.6539987069628523
gin,6892,Cc1[nH]c(/C=C2\C(=O)Nc3ccc(F)cc32)c(C)c1C(=O)NCCCCCC(=O)NO,7.0,7.411060263076952,0.25430925605196614,0.6857142857142857,0.4110602630769522
gin,6893,Cc1[nH]c(/C=C2\C(=O)Nc3ccc(F)cc32)c(C)c1C(=O)NCCCCCCC(=O)NO,7.0,7.400329250636257,0.23320163180395995,0.6857142857142857,0.4003292506362568
gin,6894,Cc1[nH]c(/C=C2\C(=O)Nc3ccc(F)cc32)c(C)c1C(=O)NCCCCCCCC(=O)NO,7.0,7.388154745629929,0.21197954066147692,0.6857142857142857,0.3881547456299286
gin,6895,Cc1[nH]c(/C=C2\C(=O)Nc3ccc(F)cc32)c(C)c1C(=O)NCCN(C)C,6.70203161239624,7.40089723592168,0.07269060657691997,0.7384615384615385,0.6988656235254398
gin,6902,Cc1[nH]c(/C=C2\C(=O)Nc3ccc(S(N)(=O)=O)cc32)c(C)c1CCC(=O)O,5.134092807769775,5.856937267151257,0.07599761786035504,0.6666666666666666,0.7228444593814816
gin,6903,Cc1[nH]c(/C=C2\C(=O)Nc3ccccc32)c(C)c1Br,6.494850158691406,6.600828538084986,0.25046728561643083,0.5,0.10597837939358001
gin,6904,Cc1[nH]c(/C=C2\C(=O)Nc3ccccc32)c(C)c1CCC(=O)O,5.619788646697998,6.256289177986225,0.24660221057990625,0.7777777777777778,0.6365005312882266
gin,6906,Cc1[nH]c(/C=C2\C(=O)Nc3ccccc32)c(C)c1Cl,6.0,6.34384925858015,0.1284346322838068,0.4782608695652174,0.3438492585801498
gin,6952,Cc1c(CCC(=O)O)c[nH]c1/C=C1\C(=O)Nc2ccc(C(=O)O)cc21,5.460409164428711,7.331087413962696,0.5511511204407709,0.6666666666666666,1.8706782495339853
gin,6953,Cc1c(CCC(=O)O)c[nH]c1/C=C1\C(=O)Nc2ccc(S(N)(=O)=O)cc21,5.168621063232422,6.329691118998089,0.23021816051925037,0.625,1.1610700557656672
gin,6954,Cc1c(CCC(=O)O)c[nH]c1/C=C1\C(=O)Nc2ccccc21,6.0337629318237305,6.545814917201771,0.32781195312020844,0.7777777777777778,0.512051985378041
gin,7007,Cc1c[nH]c(/C=C2\C(=O)Nc3ccc(Br)cc32)c1CCC(=O)O,6.926936149597168,6.337486851028859,0.2424466206348595,0.6451612903225806,0.5894492985683089
gin,7008,Cc1c[nH]c(/C=C2\C(=O)Nc3cccc(C)c32)c1CCC(=O)O,6.849484920501709,5.391201454664554,0.21513411798162513,0.6,1.4582834658371553
gin,7009,Cc1c[nH]c(/C=C2\C(=O)Nc3ccccc32)c1CCC(=O)O,7.698969841003418,5.926706905134296,0.3462238152508252,0.6612903225806451,1.7722629358691222
gin,7063,Cc1cc(C(=O)NCCO)[nH]c1/C=C1\C(=O)Nc2ccccc21,5.0,5.872680858053485,0.25312480480129546,0.53125,0.872680858053485
gin,7096,Cc1cc(C(=O)O)[nH]c1/C=C1\C(=O)Nc2ccccc21,5.0,5.378428334891605,0.21449819759220856,0.6981132075471698,0.37842833489160466
gin,7098,Cc1cc(C)c(/C=C2/C(=O)Nc3ccccc32)[nH]1,7.397940158843994,5.757059337519952,0.18471655510086843,0.5531914893617021,1.6408808213240418
gin,7100,Cc1cc(C)c(/C=C2\C(=O)N(O)c3ccccc32)[nH]1,6.301030158996582,5.8456251460824165,0.11090807153825942,0.46153846153846156,0.4554050129141656
gin,7106,Cc1cc(C)c(/C=C2\C(=O)Nc3ccc(O)cc32)[nH]1,7.0,6.892158007502189,0.3800091128023768,0.4339622641509434,0.10784199249781068
gin,7107,Cc1cc(C)c(/C=C2\C(=O)Nc3ccccc32)[nH]1,5.910094738006592,5.757059287430859,0.18471650249563668,0.5531914893617021,0.1530354505757332
gin,7109,Cc1cc(C)c(C=C2C(=O)Nc3ccccc32)[nH]1,4.889410495758057,5.757059337519952,0.18471662718521348,0.5531914893617021,0.8676488417618957
gin,7153,Cc1cc(CO)[nH]c1/C=C1\C(=O)Nc2ccccc21,6.494850158691406,6.324749742184181,0.3185692974522589,0.47540983606557374,0.17010041650722485
gin,8492,Cc1cccc2c1/C(=C\c1ccc[nH]1)C(=O)N2,4.508638381958008,6.086740321889295,0.5092715766918886,0.5,1.5781019399312868
gin,9219,Cn1cccc1/C=C1/C(=O)Nc2ccccc21,4.698969841003418,5.434934768880264,0.08526106659939178,0.5116279069767442,0.7359649278768456
gin,10361,O=C(CCCCC(=O)Nc1ccc2c(c1)/C(=C/c1ccc[nH]1)C(=O)N2)NO,6.537601947784424,7.303279777029464,0.010837491006318763,0.5967741935483871,0.7656778292450399
gin,10364,O=C(CCCCCCC(=O)Nc1ccc2c(c1)/C(=C/c1ccc[nH]1)C(=O)N2)NO,6.625251770019531,7.283282382311522,0.018244929408644476,0.5873015873015873,0.6580306122919906
gin,11479,O=C1Nc2ccc(O)cc2/C1=C/c1ccc[nH]1,6.392009258270264,7.715800134249283,0.4802430583762559,0.5283018867924528,1.323790875979019
gin,11498,O=C1Nc2ccccc2/C1=C/c1ccc[nH]1,6.853871822357178,6.284814997050153,0.12566293982677745,0.5833333333333334,0.5690568253070252
gin,11502,O=C1Nc2ccccc2/C1=C\c1ccc[nH]1,6.408935546875,6.284815065922658,0.1256627621007694,0.5833333333333334,0.1241204809523424
gin,438,CC(C)(C#N)c1cc(C(=O)Nc2cc(Nc3ncccc3-c3ncnc4[nH]cnc34)ccc2F)cc(C(F)(F)F)c1,6.596879482269287,6.938072676732456,0.055181392173608255,0.7108433734939759,0.34119319446316876
gin,439,CC(C)(C#N)c1cc(C(=O)Nc2ccc(F)c(Nc3ncccc3-c3ncnc4[nH]cnc34)c2F)cc(F)c1F,6.4685211181640625,6.044786466578458,0.14606729926031883,0.6666666666666666,0.42373465158560464
gin,440,CC(C)(C#N)c1cc(C(=O)Nc2ccc(F)c(Nc3ncccc3-c3ncnc4[nH]cnc34)c2F)ccc1Cl,7.086185932159424,6.241094380419862,0.15340654208193272,0.6666666666666666,0.8450915517395616
gin,442,CC(C)(C#N)c1cc(F)cc(C(=O)Nc2cc(Nc3ncccc3-c3ncnc4[nH]cnc34)ccc2F)c1,6.899629592895508,6.911578726476837,0.044258833777028016,0.8076923076923077,0.01194913358132954
gin,443,CC(C)(C#N)c1cc(F)cc(C(=O)Nc2ccc(F)c(Nc3ncccc3-c3ncnc4[nH]cnc34)c2F)c1,6.896196365356445,6.224780919630035,0.0725359690374662,0.6904761904761905,0.6714154457264101
gin,444,CC(C)(C#N)c1cccc(C(=O)Nc2c(F)ccc(Nc3ncccc3-c3ncnc4[nH]cnc34)c2F)c1,5.070580959320068,6.52351502386401,0.15774656547333735,0.8051948051948052,1.4529340645439417
gin,447,CC(C)(C#N)c1cccc(C(=O)Nc2cc(Nc3ncccc3-c3ncnc4[nH]cnc34)c(F)cc2F)c1,7.537601947784424,7.075025201598824,0.0464882033693671,0.8378378378378378,0.46257674618559985
gin,448,CC(C)(C#N)c1cccc(C(=O)Nc2cc(Nc3ncccc3-c3ncnc4[nH]cnc34)ccc2Cl)c1,6.718966484069824,6.482415002908368,0.11686339287426203,0.7468354430379747,0.23655148116145597
gin,449,CC(C)(C#N)c1cccc(C(=O)Nc2cc(Nc3ncccc3-c3ncnc4[nH]cnc34)ccc2F)c1,8.387216567993164,6.850217782686154,0.09288663423569049,0.8157894736842105,1.5369987853070102
gin,451,CC(C)(C#N)c1cccc(C(=O)Nc2ccc(F)c(Nc3ncccc3-c3ncnc4[nH]cnc34)c2)c1,8.0,7.007681841779458,0.01646836275022961,0.8904109589041096,0.9923181582205416
gin,452,CC(C)(C#N)c1cccc(C(=O)Nc2ccc(F)c(Nc3ncccc3-c3ncnc4[nH]cnc34)c2F)c1,7.92081880569458,6.1926740167668255,0.08561648890318486,0.8076923076923077,1.7281447889277546
gin,453,CC(C)(C#N)c1cccc(C(=O)Nc2ccc(F)c(Nc3ncccc3-c3ncnc4[nH]cnc34)c2F)c1Cl,5.886056423187256,6.109184374771175,0.2256278297491634,0.6296296296296297,0.22312795158391907
gin,456,CC(C)(C#N)c1cccc(C(=O)Nc2cccc(Nc3ncccc3-c3ncnc4[nH]cnc34)c2)c1,7.853871822357178,6.57412368300174,0.16445517310943322,0.8082191780821918,1.279748139355438
gin,457,CC(C)(C#N)c1cccc(C(=O)Nc2cccc(Nc3ncccc3-c3ncnc4[nH]cnc34)c2F)c1,7.92081880569458,6.88955286118258,0.020941540354937716,0.8,1.0312659445120005
gin,467,CC(C)(C(N)=O)c1cccc(C(=O)Nc2ccc(F)c(Nc3ncccc3-c3ncnc4[nH]cnc34)c2F)c1,6.033858299255371,5.654384482949031,0.04971979011734649,0.8026315789473685,0.3794738163063398
gin,2284,CN(C)c1cccc(C(=O)Nc2ccc(F)c(Nc3ncccc3-c3ncnc4[nH]cnc34)c2F)c1,6.459670543670654,5.492760699881482,0.06930885020700518,0.7012987012987013,0.9669098437891721
gin,3243,COC(=O)Nc1cccc(C(=O)Nc2ccc(F)c(Nc3ncccc3-c3ncnc4[nH]cnc34)c2F)c1,4.829738140106201,5.6070772617620905,0.05167048101778695,0.6835443037974683,0.7773391216558894
gin,3871,COc1cc(C(=O)Nc2cc(Nc3ncccc3-c3ncnc4[nH]cnc34)ccc2F)cc(C(F)(F)F)c1,5.958607196807861,6.488861996852465,0.021976959569199525,0.7,0.5302548000446032
gin,6012,COc1ccc(C(=O)Nc2ccc(F)c(Nc3ncccc3-c3ncnc4[nH]cnc34)c2F)cc1,5.602059841156006,5.450749348551464,0.08024884636459091,0.7101449275362319,0.15131049260454166
gin,6013,COc1ccc(C(=O)Nc2ccc(F)c(Nc3ncccc3-c3ncnc4[nH]cnc34)c2F)cc1C(F)(F)F,6.1191864013671875,5.439202610164671,0.10240486583365302,0.7530864197530864,0.6799837912025168
gin,6242,COc1ccc(NC(=O)c2cccc(C(F)(F)F)c2)cc1Nc1ncccc1-c1ncnc2[nH]cnc12,5.8102288246154785,5.801590220385056,0.13150313251708978,0.821917808219178,0.008638604230422509
gin,6288,COc1ccc(Nc2ncccc2-c2ncnc3[nH]cnc23)cc1NC(=O)c1cccc(C(F)(F)F)c1,6.022276401519775,5.4711824933457365,0.17773908466540717,0.8873239436619719,0.5510939081740389
gin,6467,COc1cccc(C(=O)Nc2ccc(F)c(Nc3ncccc3-c3ncnc4[nH]cnc34)c2F)c1,6.072629451751709,5.483575937783485,0.11212365852054633,0.7215189873417721,0.5890535139682243
gin,7064,Cc1cc(C(=O)Nc2cc(Nc3ncccc3-c3ncnc4[nH]cnc34)ccc2F)cc(C(F)(F)F)c1,6.899629592895508,6.530696023396765,0.06332210402931833,0.6842105263157895,0.36893356949874256
gin,7984,Cc1ccc(NC(=O)c2cccc(C(F)(F)F)c2)cc1Nc1ncccc1-c1ncnc2[nH]cnc12,5.79587984085083,6.037923791066741,0.11504927659801842,0.8059701492537313,0.24204395021591107
gin,8017,Cc1ccc(Nc2ncccc2-c2ncnc3[nH]cnc23)cc1NC(=O)c1cccc(C(F)(F)F)c1,6.096909999847412,5.790835415624542,0.08527441878101928,0.8059701492537313,0.3060745842228698
gin,8228,Cc1cccc(C(=O)Nc2ccc(F)c(Nc3ncccc3-c3ncnc4[nH]cnc34)c2F)c1,6.9281182289123535,5.565027692453081,0.10133165478894669,0.7297297297297297,1.3630905364592723
gin,9575,N#Cc1cccc(C(=O)Nc2ccc(F)c(Nc3ncccc3-c3ncnc4[nH]cnc34)c2F)c1,6.2790141105651855,5.681862082839568,0.05344795846578242,0.7662337662337663,0.5971520277256177
gin,9848,Nc1cccc(C(=O)Nc2ccc(F)c(Nc3ncccc3-c3ncnc4[nH]cnc34)c2F)c1,6.05207633972168,5.661824566757048,0.13114597607471176,0.7397260273972602,0.390251772964632
gin,10641,O=C(Nc1c(F)ccc(Nc2ncccc2-c2ncnc3[nH]cnc23)c1F)c1cccc(C(F)(F)F)c1,6.522878646850586,5.9071650832517735,0.2263462968963336,0.7285714285714285,0.6157135635988125
gin,10688,O=C(Nc1cc(Nc2ncccc2-c2ncnc3[nH]cnc23)c(F)cc1F)c1cccc(C(F)(F)F)c1,5.387216091156006,6.657906435420558,0.19123995335837793,0.7611940298507462,1.270690344264552
gin,10689,O=C(Nc1cc(Nc2ncccc2-c2ncnc3[nH]cnc23)ccc1Cl)c1cc(F)cc(C(F)(F)F)c1,7.397940158843994,5.923671017647791,0.07146086566525074,0.6794871794871795,1.4742691411962028
gin,10690,O=C(Nc1cc(Nc2ncccc2-c2ncnc3[nH]cnc23)ccc1Cl)c1cccc(C(F)(F)F)c1,7.050610065460205,5.841128798349568,0.07398902143684495,0.8059701492537313,1.209481267110637
gin,10691,O=C(Nc1cc(Nc2ncccc2-c2ncnc3[nH]cnc23)ccc1F)c1cc(C(F)(F)F)cc(C(F)(F)F)c1,7.677780628204346,6.560949697076109,0.10230825590369991,0.726027397260274,1.116830931128237
gin,10692,O=C(Nc1cc(Nc2ncccc2-c2ncnc3[nH]cnc23)ccc1F)c1cc(Cl)cc(C(F)(F)F)c1,6.735182285308838,6.612758977717939,0.07928101683026909,0.6883116883116883,0.12242330759089892
gin,10693,O=C(Nc1cc(Nc2ncccc2-c2ncnc3[nH]cnc23)ccc1F)c1cc(F)cc(C(F)(F)F)c1,7.92081880569458,6.5585763411711895,0.12565229487793084,0.7916666666666666,1.3622424645233906
gin,10694,O=C(Nc1cc(Nc2ncccc2-c2ncnc3[nH]cnc23)ccc1F)c1cc([N+](=O)[O-])cc(C(F)(F)F)c1,6.0,6.447092630633122,0.17288030517693476,0.6463414634146342,0.4470926306331222
gin,10695,O=C(Nc1cc(Nc2ncccc2-c2ncnc3[nH]cnc23)ccc1F)c1ccc(Cl)c(C(F)(F)F)c1,4.346787452697754,6.527080448560169,0.06717953852425051,0.8194444444444444,2.1802929958624153
gin,10696,O=C(Nc1cc(Nc2ncccc2-c2ncnc3[nH]cnc23)ccc1F)c1cccc(C(F)(F)F)c1,7.958607196807861,6.465818775093357,0.012903965934302188,0.8181818181818182,1.4927884217145042
gin,10852,O=C(Nc1ccc(F)c(Nc2ncccc2-c2ncnc3[nH]cnc23)c1)c1cccc(C(F)(F)F)c1,7.045757293701172,6.660619440778437,0.09649520283065569,0.8181818181818182,0.3851378529227345
gin,10854,O=C(Nc1ccc(F)c(Nc2ncccc2-c2ncnc3[nH]cnc23)c1F)c1cc(C(F)(F)F)cc(C(F)(F)F)c1,4.958607196807861,5.647654161608007,0.011914719412819944,0.8026315789473685,0.6890469648001458
gin,10855,O=C(Nc1ccc(F)c(Nc2ncccc2-c2ncnc3[nH]cnc23)c1F)c1cc(F)cc(C(F)(F)F)c1,7.130768299102783,5.610603408781856,0.08889768121075993,0.7721518987341772,1.5201648903209275
gin,10859,O=C(Nc1ccc(F)c(Nc2ncccc2-c2ncnc3[nH]cnc23)c1F)c1cc([N+](=O)[O-])cc(C(F)(F)F)c1,7.017728805541992,5.400111528169115,0.09519465712582195,0.7176470588235294,1.6176172773728767
gin,10860,O=C(Nc1ccc(F)c(Nc2ncccc2-c2ncnc3[nH]cnc23)c1F)c1ccc(C(F)(F)F)cc1,6.640164375305176,5.354074766771362,0.07419972134897992,0.7368421052631579,1.286089608533814
gin,10861,O=C(Nc1ccc(F)c(Nc2ncccc2-c2ncnc3[nH]cnc23)c1F)c1ccc(Cl)c(C(F)(F)F)c1,5.295849323272705,5.680520321224567,0.11404613386804562,0.782051282051282,0.3846709979518623
gin,10864,O=C(Nc1ccc(F)c(Nc2ncccc2-c2ncnc3[nH]cnc23)c1F)c1ccc([N+](=O)[O-])cc1,6.05207633972168,5.355146122410493,0.0483959380836094,0.6973684210526315,0.6969302173111869
gin,10866,O=C(Nc1ccc(F)c(Nc2ncccc2-c2ncnc3[nH]cnc23)c1F)c1cccc(C(F)(F)F)c1,7.958607196807861,5.527789506235858,0.07594768173180984,0.7375,2.4308176905720034
gin,10867,O=C(Nc1ccc(F)c(Nc2ncccc2-c2ncnc3[nH]cnc23)c1F)c1cccc(Cl)c1,6.8326826095581055,5.513148489000817,0.11443637379497937,0.7397260273972602,1.3195341205572886
gin,10868,O=C(Nc1ccc(F)c(Nc2ncccc2-c2ncnc3[nH]cnc23)c1F)c1cccc([N+](=O)[O-])c1,6.189767360687256,5.561422329530596,0.01699349599509678,0.6923076923076923,0.6283450311566599
gin,10869,O=C(Nc1ccc(F)c(Nc2ncccc2-c2ncnc3[nH]cnc23)c1F)c1ccccc1,6.013676166534424,5.353334074288607,0.11448796156688795,0.7692307692307693,0.6603420922458172
gin,10870,O=C(Nc1ccc(F)c(Nc2ncccc2-c2ncnc3[nH]cnc23)c1F)c1ccccc1C(F)(F)F,5.229147911071777,5.480225002415769,0.07133433233453128,0.7083333333333334,0.2510770913439915
gin,11169,O=C(Nc1cccc(Nc2ncccc2-c2ncnc3[nH]cnc23)c1)c1cccc(C(F)(F)F)c1,6.739928722381592,5.922871169944604,0.1340785214158536,0.8852459016393442,0.8170575524369879
gin,11170,O=C(Nc1cccc(Nc2ncccc2-c2ncnc3[nH]cnc23)c1)c1cccc(Cl)c1,6.229147911071777,5.917300085558755,0.16563660397884453,0.6716417910447762,0.3118478255130226
gin,1474,CCN(CC)Cc1cc(OC)cc(N(CCCN2CCCC2)c2ccc3ncc(-c4cnn(C)c4)nc3c2)c1,5.0,5.838892821177619,0.10475513530474961,0.7323943661971831,0.8388928211776188
gin,2652,CNC(=O)Cn1cc(-c2cnc3ccc(N(CCCN4CCCC4)c4cc(OC)cc(OC)c4)cc3n2)cn1,5.889999866485596,5.396919149829576,0.16670945775668575,0.7073170731707317,0.4930807166560198
gin,2703,CNC(=O)c1cc(OC)cc(N(CCCN2CCCC2)c2ccc3ncc(-c4cnn(C)c4)nc3c2)c1,6.0800018310546875,5.533983248153618,0.13156578052294118,0.8266666666666667,0.5460185829010697
gin,2704,CNC(=O)c1cc(OC)cc(N(CCCN2CCCC2)c2ccc3ncc(-c4cnn(CCO)c4)nc3c2)c1,5.0,5.315674213030566,0.18519176137933374,0.7108433734939759,0.3156742130305661
gin,2914,CNC1CCN(CCCN(c2cc(OC)cc(OC)c2)c2ccc3ncc(-c4cnn(C)c4)nc3c2)C1.Cl,5.559999942779541,5.95474779445766,0.06589131019502698,0.7671232876712328,0.3947478516781189
gin,3948,COc1cc(CO)cc(N(CCCN2CCCC2)c2ccc3ncc(-c4cnn(C)c4)nc3c2)c1,5.34999942779541,5.670392431568985,0.1296878922066895,0.7647058823529411,0.3203930037735745
gin,3952,COc1cc(Cl)cc(N(CCCN2CCCC2)c2ccc3ncc(-c4cnn(C)c4)nc3c2)c1.Cl,5.9499993324279785,5.651057865836624,0.03298952284591344,0.803030303030303,0.2989414665913541
gin,3959,COc1cc(F)cc(N(CCCN2CCC(C#N)C2)c2ccc3ncc(-c4cnn(C)c4)nc3c2)c1,5.470000267028809,5.627938868669465,0.03128142605418073,0.8311688311688312,0.1579386016406561
gin,3960,COc1cc(F)cc(N(CCCN2CCCC2)c2ccc3ncc(-c4cn[nH]c4)nc3c2)c1.Cl,5.5099992752075195,5.796968073891738,0.06276984565712111,0.8059701492537313,0.2869687986842182
gin,4083,COc1cc(OC)c(C)c(N(CCCN2CCCC2)c2ccc3ncc(-c4cnn(C)c4)nc3c2)c1.Cl,6.620006084442139,5.7403909391463985,0.1067040562061232,0.704225352112676,0.8796151452957401
gin,4109,COc1cc(OC)c(Cl)c(N(CCCN2CCCC2)c2ccc3ncc(-c4cnn(C)c4)nc3c2)c1.Cl,6.399996757507324,5.967541857733186,0.19099867350037847,0.6944444444444444,0.43245489977413865
gin,4287,COc1cc(OC)cc(N(CC(O)CN2CCC(F)(F)C2)c2ccc3ncc(-c4cnn(C)c4)nc3c2)c1.Cl,5.150000095367432,5.763265576666754,0.07688788685674137,0.7702702702702703,0.6132654812993223
gin,4376,COc1cc(OC)cc(N(CCCN2CCC(F)(F)C2)c2ccc3ncc(-c4cn[nH]c4)nc3c2)c1,5.039999961853027,5.4873911990558595,0.021398985441224903,0.6944444444444444,0.44739123720283214
gin,4377,COc1cc(OC)cc(N(CCCN2CCC(F)(F)C2)c2ccc3ncc(-c4cn[nH]c4)nc3c2)c1.Cl,5.039999961853027,5.685838130104817,0.027179652270328272,0.7083333333333334,0.6458381682517897
gin,4378,COc1cc(OC)cc(N(CCCN2CCC(F)(F)C2)c2ccc3ncc(-c4cnn(C)c4)nc3c2)c1.Cl,5.28000020980835,5.6003477168020295,0.025432285357120575,0.8656716417910447,0.32034750699367986
gin,4380,COc1cc(OC)cc(N(CCCN2CCC(F)C2)c2ccc3ncc(-c4cnn(C)c4)nc3c2)c1.Cl,6.390000343322754,5.893286885356919,0.034099707544890744,0.821917808219178,0.49671345796583477
gin,4381,COc1cc(OC)cc(N(CCCN2CCC(N)C2)c2ccc3ncc(-c4cnn(C)c4)nc3c2)c1,6.7300286293029785,5.834491943258608,0.06953405525945823,0.8955223880597015,0.8955366860443705
gin,4382,COc1cc(OC)cc(N(CCCN2CCC(N)C2)c2ccc3ncc(-c4cnn(C)c4)nc3c2)c1.Cl,7.799970626831055,5.9942033998373745,0.0577374378080327,0.9104477611940298,1.8057672269936802
gin,4386,COc1cc(OC)cc(N(CCCN2CCC(O)C2)c2ccc3ncc(-c4cnn(C)c4)nc3c2)c1,8.049976348876953,5.810075813859517,0.0683308285606714,0.9090909090909091,2.239900535017436
gin,4387,COc1cc(OC)cc(N(CCCN2CCC(O)C2)c2ccc3ncc(-c4cnn(C)c4)nc3c2)c1.Cl,7.3099045753479,5.964591353369144,0.06370748692478059,0.9104477611940298,1.3453132219787562
gin,4389,COc1cc(OC)cc(N(CCCN2CCC(S(C)(=O)=O)C2)c2ccc3ncc(-c4cnn(C)c4)nc3c2)c1,6.339998245239258,5.6547458256756995,0.051029742116009864,0.7567567567567568,0.6852524195635583
gin,4392,COc1cc(OC)cc(N(CCCN2CCCC2(C)C)c2ccc3ncc(-c4cnn(C)c4)nc3c2)c1.Cl,5.820000171661377,5.813343776642436,0.12896886728927878,0.7142857142857143,0.006656395018940664
gin,4393,COc1cc(OC)cc(N(CCCN2CCCC2)c2ccc3ncc(-c4cn[nH]c4)nc3c2)c1,6.554989337921143,5.656251729252896,0.09230585405583136,0.8852459016393442,0.8987376086682461
gin,4394,COc1cc(OC)cc(N(CCCN2CCCC2)c2ccc3ncc(-c4cn[nH]c4)nc3c2)c1.Cl,7.700057029724121,5.852271317744926,0.0951685742110563,0.9016393442622951,1.8477857119791947
gin,4395,COc1cc(OC)cc(N(CCCN2CCCC2)c2ccc3ncc(-c4cnn(C(C)C)c4)nc3c2)c1.Cl,6.090000152587891,5.936912508019769,0.06179128427235026,0.7702702702702703,0.15308764456812174
gin,4396,COc1cc(OC)cc(N(CCCN2CCCC2)c2ccc3ncc(-c4cnn(C)c4)nc3c2)c1.Cl,6.650003910064697,5.744325788131543,0.044241734373713086,0.9,0.9056781219331542
gin,4397,COc1cc(OC)cc(N(CCCN2CCCC2)c2ccc3ncc(-c4cnn(CCO)c4)nc3c2)c1.Cl,6.639993667602539,5.595012927718794,0.1025800153776718,0.7662337662337663,1.0449807398837452
gin,4398,COc1cc(OC)cc(N(CCCN2CCCC2)c2ccc3ncc(-c4cnn(CCS(C)(=O)=O)c4)nc3c2)c1,6.320000171661377,5.289978983473513,0.2916646339111789,0.684931506849315,1.030021188187864
gin,4403,COc1cc(OC)cc(N(CCCN2CCC[C@@H]2C)c2ccc3ncc(-c4cnn(C)c4)nc3c2)c1.Cl,5.8000006675720215,5.928606596649028,0.060987029802550684,0.9545454545454546,0.12860592907700674
gin,4404,COc1cc(OC)cc(N(CCCN2CCC[C@@H]2CC#N)c2ccc3ncc(-c4cnn(C)c4)nc3c2)c1.Cl,5.9499993324279785,5.891979948184769,0.08602669018117268,0.7532467532467533,0.058019384243209515
gin,4405,COc1cc(OC)cc(N(CCCN2CCC[C@@H]2CO)c2ccc3ncc(-c4cnn(C)c4)nc3c2)c1,6.600020885467529,5.902674871432983,0.08979226219275555,0.9117647058823529,0.6973460140345464
gin,4406,COc1cc(OC)cc(N(CCCN2CCC[C@H]2C)c2ccc3ncc(-c4cnn(C)c4)nc3c2)c1.Cl,6.090000152587891,5.983194856247138,0.08429517720397134,0.9545454545454546,0.10680529634075242
gin,4407,COc1cc(OC)cc(N(CCCN2CCC[C@H]2CC#N)c2ccc3ncc(-c4cnn(C)c4)nc3c2)c1.Cl,5.96999979019165,6.0160120287294205,0.05458856897388543,0.7532467532467533,0.046012238537770145
gin,4408,COc1cc(OC)cc(N(CCCN2CCC[C@H]2CNS(=O)(=O)C(F)(F)F)c2ccc3ncc(-c4cnn(C)c4)nc3c2)c1,7.049975872039795,5.894893317746484,0.151352541036531,0.6867469879518072,1.155082554293311
gin,4409,COc1cc(OC)cc(N(CCCN2CCC[C@H]2CO)c2ccc3ncc(-c4cnn(C)c4)nc3c2)c1,6.740018844604492,6.001671583627323,0.0820324394571015,0.9117647058823529,0.7383472609771689
gin,4410,COc1cc(OC)cc(N(CCCN2CCC[C@H]2CO)c2ccc3ncc(-c4cnn(C)c4)nc3c2)c1.Cl,7.519992828369141,6.133699467698435,0.08723603044912333,0.9130434782608695,1.386293360670706
gin,4415,COc1cc(OC)cc(N(CCCN2CC[C@H](C#N)C2)c2ccc3ncc(-c4cnn(C)c4)nc3c2)c1.Cl,5.62000036239624,5.830480157424536,0.04927288883455112,0.9027777777777778,0.21047979502829595
gin,4418,COc1cc(OC)cc(N(CCCN2[C@@H](C)CC[C@@H]2C)c2ccc3ncc(-c4cnn(C)c4)nc3c2)c1.Cl,5.889999866485596,5.91249729274665,0.03960107907298548,0.8870967741935484,0.022497426261054443
gin,4419,COc1cc(OC)cc(N(CCCN2[C@H](C)CC[C@@H]2C)c2ccc3ncc(-c4cnn(C)c4)nc3c2)c1,5.899998188018799,5.6927094021573525,0.02785178703786371,0.9016393442622951,0.20728878586144628
gin,4420,COc1cc(OC)cc(N(CCCN2[C@H](C)CC[C@@H]2C)c2ccc3ncc(-c4cnn(C)c4)nc3c2)c1.Cl,5.559999942779541,5.789707459308791,0.08588679818060885,0.8870967741935484,0.22970751652924992
gin,4593,COc1cc(OC)cc(N(C[C@@H](O)CN2CC[C@H](C#N)C2)c2ccc3ncc(-c4cnn(C)c4)nc3c2)c1.Cl,5.860001564025879,5.903182699716088,0.08295493726956278,0.7792207792207793,0.04318113569020898
gin,4605,COc1cc(OC)cc(N(C[C@H](O)CN2CC[C@H](C#N)C2)c2ccc3ncc(-c4cnn(C)c4)nc3c2)c1.Cl,5.5400004386901855,5.759538447155895,0.11207139478437791,0.7792207792207793,0.21953800846570903
gin,4689,COc1cc(OCCO)cc(N(CCCN2CCCC2)c2ccc3ncc(-c4cn[nH]c4)nc3c2)c1,5.210000038146973,5.859440895398886,0.08545693234131255,0.7941176470588235,0.6494408572519133
gin,4690,COc1cc(OCCO)cc(N(CCCN2CCCC2)c2ccc3ncc(-c4cnn(C)c4)nc3c2)c1,6.540011405944824,5.719855812956022,0.05639858884585733,0.7910447761194029,0.8201555929888018
gin,4691,COc1cc(OCCO)cc(N(CCCN2CCCC2)c2ccc3ncc(-c4cnn(C)c4)nc3c2)c1.Cl,7.309981346130371,5.907754807204147,0.019175977405473534,0.8059701492537313,1.4022265389262243
gin,6116,COc1ccc(Cl)c(N(CCCN2CCCC2)c2ccc3ncc(-c4cnn(C)c4)nc3c2)c1.Cl,5.0,5.467397435797257,0.06151946473103632,0.6901408450704225,0.467397435797257
gin,6305,COc1ccc(OC)c(N(CCCN2CCCC2)c2ccc3ncc(-c4cnn(C)c4)nc3c2)c1.Cl,5.170000076293945,5.574654165229636,0.17753132652667175,0.7,0.40465408893569066
gin,1318,CCCc1sc2ncnc(N)c2c1-c1ccc(NC(=O)Nc2cccc(C)c2)cc1,7.582535266876221,7.071700500394276,0.2679632915970379,0.7903225806451613,0.5108347664819446
gin,1793,CCOC(=O)c1cccc(NC(=O)Nc2ccc(-c3c(C)sc4ncnc(N)c34)cc2)c1,6.537601947784424,6.180370995666659,0.12439416558162586,0.6461538461538462,0.35723095211776457
gin,2065,CCc1sc2ncnc(N)c2c1-c1ccc(NC(=O)Nc2cccc(C(F)(F)F)c2)cc1,7.301030158996582,7.228639588211934,0.2438951568945136,0.6515151515151515,0.07239057078464839
gin,2066,CCc1sc2ncnc(N)c2c1-c1ccc(NC(=O)Nc2cccc(C)c2)cc1,7.585026741027832,7.14347275045867,0.21817461686807793,0.8166666666666667,0.44155399056916167
gin,2645,CNC(=O)CCc1sc2ncnc(N)c2c1-c1ccc(NC(=O)Nc2cccc(C)c2)cc1,6.480743885040283,6.853039482944065,0.24528108640609814,0.7692307692307693,0.37229559790378186
gin,3385,COC(=O)c1cccc(NC(=O)Nc2ccc(-c3c(C)sc4ncnc(N)c34)cc2)c1,6.530001163482666,6.154761286977077,0.1706352233029076,0.6774193548387096,0.37523987650558865
gin,3676,COCCc1sc2ncnc(N)c2c1-c1ccc(NC(=O)Nc2cccc(C)c2)cc1,7.19189453125,7.091388795310962,0.24301288371104818,0.7538461538461538,0.10050573593903778
gin,3804,COc1cc(-c2csc3ncnc(N)c23)ccc1NC(=O)Nc1cccc(C)c1,7.886056423187256,7.415165014270144,0.35733027748878005,0.5588235294117647,0.4708914089171117
gin,3984,COc1cc(NC(=O)Nc2cccc(C)c2)ccc1-c1csc2ncnc(N)c12,7.0,7.730653303843458,0.04826841691446602,0.5606060606060606,0.7306533038434582
gin,6188,COc1ccc(NC(=O)Nc2ccc(-c3c(C)sc4ncnc(N)c34)cc2)cc1,7.160585403442383,6.199966110780289,0.2451101443465569,0.6610169491525424,0.960619292662094
gin,6490,COc1cccc(NC(=O)Nc2ccc(-c3c(C)sc4ncnc(N)c34)cc2)c1,7.464283466339111,6.382505423230569,0.25456109332967225,0.6349206349206349,1.0817780431085424
gin,6568,COc1ccccc1NC(=O)Nc1ccc(-c2c(C)sc3ncnc(N)c23)cc1,6.959299564361572,5.87585343867848,0.24086711229340232,0.6507936507936508,1.0834461256830918
gin,7113,Cc1cc(C)cc(NC(=O)Nc2ccc(-c3c(C)sc4ncnc(N)c34)cc2)c1,7.920457363128662,6.502697761457981,0.2446506665731131,0.6842105263157895,1.4177596016706815
gin,7723,Cc1ccc(F)c(NC(=O)Nc2ccc(-c3c(C)sc4ncnc(N)c34)cc2)c1,7.470056533813477,6.644140279003352,0.2882695450655497,0.7096774193548387,0.8259162548101244
gin,7887,Cc1ccc(NC(=O)Nc2ccc(-c3c(C)sc4ncnc(N)c34)cc2)cc1,7.275723934173584,6.343171308949209,0.34747372359512324,0.7090909090909091,0.9325526252243748
gin,8265,Cc1cccc(N(C)C(=O)Nc2ccc(-c3c(C)sc4ncnc(N)c34)cc2)c1,5.72062349319458,5.513888680592629,0.32269160082873727,0.7049180327868853,0.20673481260195103
gin,8278,Cc1cccc(NC(=O)N(C)c2ccc(-c3c(C)sc4ncnc(N)c34)cc2)c1,7.259637355804443,5.816385486986159,0.2550284981600972,0.7333333333333333,1.443251868818284
gin,8293,Cc1cccc(NC(=O)Nc2ccc(-c3c(C(C)C)sc4ncnc(N)c34)cc2)c1,6.888036727905273,7.275488519230085,0.16588417778722095,0.703125,0.38745179132481145
gin,8296,Cc1cccc(NC(=O)Nc2ccc(-c3c(C)sc4ncnc(N)c34)cc2)c1,8.221848487854004,6.446865326322945,0.3075183918565624,0.8,1.7749831615310585
gin,8297,Cc1cccc(NC(=O)Nc2ccc(-c3c(C)sc4ncnc(N)c34)cc2)c1.Cl,8.221848487854004,6.459715677218251,0.27012076970150395,0.7857142857142857,1.7621328106357526
gin,8298,Cc1cccc(NC(=O)Nc2ccc(-c3c(CCC(=O)N(C)C)sc4ncnc(N)c34)cc2)c1,6.678889751434326,6.874754388879438,0.11032197965743462,0.7313432835820896,0.19586463744511207
gin,8299,Cc1cccc(NC(=O)Nc2ccc(-c3c(CCC(N)=O)sc4ncnc(N)c34)cc2)c1,7.769806861877441,6.887234512494966,0.1788714331458044,0.765625,0.8825723493824755
gin,8300,Cc1cccc(NC(=O)Nc2ccc(-c3c(CCCO)sc4ncnc(N)c34)cc2)c1,7.823908805847168,7.11627569958561,0.27177701653092873,0.765625,0.7076331062615582
gin,8301,Cc1cccc(NC(=O)Nc2ccc(-c3c(CCN(C)C)sc4ncnc(N)c34)cc2)c1,6.639132976531982,7.023782937331499,0.25979747279284016,0.7538461538461538,0.38464996079951685
gin,8302,Cc1cccc(NC(=O)Nc2ccc(-c3c(CCO)sc4ncnc(N)c34)cc2)c1,7.721246242523193,7.126572251744155,0.2185717589555529,0.7903225806451613,0.5946739907790386
gin,8303,Cc1cccc(NC(=O)Nc2ccc(-c3c(CN(C)C)sc4ncnc(N)c34)cc2)c1,6.742363929748535,7.088475870289959,0.2659131612074863,0.7777777777777778,0.3461119405414239
gin,8388,Cc1cccc(NC(=O)Nc2ccc(-c3csc4ncnc(N)c34)c(Cl)c2)c1,7.0,7.506379684409315,0.21527172249785487,0.578125,0.5063796844093149
gin,8389,Cc1cccc(NC(=O)Nc2ccc(-c3csc4ncnc(N)c34)c(F)c2)c1,7.958607196807861,7.659974886899287,0.11845837656748393,0.578125,0.2986323099085739
gin,8390,Cc1cccc(NC(=O)Nc2ccc(-c3csc4ncnc(N)c34)cc2)c1,8.522878646850586,7.6660682252274155,0.19812423250516872,0.7192982456140351,0.8568104216231704
gin,8391,Cc1cccc(NC(=O)Nc2ccc(-c3csc4ncnc(N)c34)cc2Cl)c1,7.080451488494873,7.679788905442801,0.3133527887431588,0.6,0.599337416947928
gin,8392,Cc1cccc(NC(=O)Nc2ccc(-c3csc4ncnc(N)c34)cc2F)c1,7.721246242523193,7.7567766699345,0.09161700422781645,0.5757575757575758,0.03553042741130685
gin,8520,Cc1ccccc1NC(=O)Nc1ccc(-c2c(C)sc3ncnc(N)c23)cc1,6.587512969970703,5.9139932849443015,0.30443025706286553,0.6949152542372882,0.6735196850264016
gin,8899,Cc1sc2ncnc(N)c2c1-c1ccc(NC(=O)Nc2cc(C(F)(F)F)ccc2F)cc1,7.339988708496094,6.755299180547946,0.3697382973712473,0.696969696969697,0.5846895279481474
gin,8900,Cc1sc2ncnc(N)c2c1-c1ccc(NC(=O)Nc2cc(Cl)cc(Cl)c2)cc1,6.797939300537109,6.913284682766315,0.35858757975350897,0.6610169491525424,0.1153453822292052
gin,8901,Cc1sc2ncnc(N)c2c1-c1ccc(NC(=O)Nc2ccc(Br)cc2)cc1,6.920403003692627,6.3971450880600615,0.37131058285212715,0.6842105263157895,0.5232579156325654
gin,8902,Cc1sc2ncnc(N)c2c1-c1ccc(NC(=O)Nc2ccc(C(F)(F)F)cc2)cc1,7.209996700286865,6.421407190363446,0.3697219735281963,0.65,0.788589509923419
gin,8903,Cc1sc2ncnc(N)c2c1-c1ccc(NC(=O)Nc2ccc(Cl)cc2)cc1,7.018862724304199,6.224585766257296,0.33675003399564724,0.6842105263157895,0.7942769580469031
gin,8904,Cc1sc2ncnc(N)c2c1-c1ccc(NC(=O)Nc2ccc(F)cc2)cc1,7.282001495361328,6.354699007219011,0.3803736907077337,0.6842105263157895,0.9273024881423169
gin,8905,Cc1sc2ncnc(N)c2c1-c1ccc(NC(=O)Nc2cccc(Br)c2)cc1,7.338615417480469,6.685034004893329,0.39194830023790117,0.6557377049180327,0.6535814125871395
gin,8906,Cc1sc2ncnc(N)c2c1-c1ccc(NC(=O)Nc2cccc(C(F)(F)F)c2)cc1,7.28399658203125,6.665894811673496,0.3467948097893689,0.6825396825396826,0.6181017703577538
gin,8907,Cc1sc2ncnc(N)c2c1-c1ccc(NC(=O)Nc2cccc(Cl)c2)cc1,7.45798921585083,6.538748848661295,0.39911436019037977,0.6666666666666666,0.9192403671895351
gin,8908,Cc1sc2ncnc(N)c2c1-c1ccc(NC(=O)Nc2cccc(F)c2)cc1,7.267606258392334,6.497702135024319,0.3585290403728882,0.6557377049180327,0.7699041233680148
gin,8909,Cc1sc2ncnc(N)c2c1-c1ccc(NC(=O)Nc2ccccc2)cc1,7.443697452545166,5.988482361225304,0.30898741338291097,0.7924528301886793,1.4552150913198618
gin,8910,Cc1sc2ncnc(N)c2c1-c1ccc(NC(=O)Nc2ccccc2Cl)cc1,6.469263076782227,5.9977619169343654,0.248781032841496,0.6721311475409836,0.4715011598478611
gin,8911,Cc1sc2ncnc(N)c2c1-c1ccc(NC(=O)Nc2ccccc2F)cc1,6.959299564361572,6.498172797199413,0.3865773614633237,0.6721311475409836,0.46112676716215883
gin,10310,Nc1ncnc2scc(-c3ccc(NC(=O)Nc4cccc(Cl)c4)cc3)c12,8.521435737609863,7.765314481289825,0.17169949845193394,0.7321428571428571,0.7561212563200383
gin,368,CC(=O)Nc1cc(Oc2ccc(NC(=O)Nc3cccc(C(F)(F)F)c3)cc2)ncn1,8.886056900024414,7.1393098708714815,0.20327863598151447,0.6721311475409836,1.7467470291529326
gin,685,CC(C)(O)CNc1cc(Oc2ccc(NC(=O)Nc3cccc(C(F)(F)F)c3)cc2)ncn1,6.494850158691406,7.282810793488181,0.14807823680584345,0.6164383561643836,0.7879606347967751
gin,715,CC(C)CNc1cc(Oc2ccc(NC(=O)Nc3cccc(C(F)(F)F)c3)cc2)ncn1,6.494850158691406,7.2803629895362105,0.2628476383224483,0.6164383561643836,0.7855128308448043
gin,760,CC(C)Nc1cc(Oc2ccc(NC(=O)Nc3cccc(C(F)(F)F)c3)cc2)ncn1,7.301030158996582,7.4229138472557565,0.1182804500919989,0.6428571428571429,0.1218836882591745
gin,1280,CCCNc1cc(Oc2ccc(NC(=O)Nc3cccc(C(F)(F)F)c3)cc2)ncn1,7.721246242523193,7.322114679001099,0.06495895647961382,0.625,0.39913156352209445
gin,1663,CCNc1cc(Oc2ccc(NC(=O)Nc3cccc(C(F)(F)F)c3)cc2)ncn1,7.79587984085083,7.383515118042681,0.05465061708602957,0.6428571428571429,0.4123647228081495
gin,1987,CCc1cc(NC(=O)Nc2cccc(C(F)(F)F)c2)cc(Cl)c1Oc1cc(NC)ncn1,5.602059841156006,7.4008965096298125,0.15170917799914385,0.6056338028169014,1.7988366684738066
gin,2042,CCc1cccc(NC(=O)Nc2ccc(Oc3cc(NC)ncn3)cc2)c1,6.886056423187256,7.363231714595979,0.26961529875945905,0.5571428571428572,0.47717529140872283
gin,2262,CN(C)c1cc(Oc2ccc(NC(=O)Nc3cccc(C(F)(F)F)c3)cc2)ncn1,5.602059841156006,6.861657480678313,0.05123288440325035,0.6229508196721312,1.2595976395223074
gin,2994,CNc1cc(Oc2c(C)cc(NC(=O)Nc3cccc(C(F)(F)F)c3)cc2C)ncn1,6.0,7.207964062290084,0.26557262855690145,0.671875,1.2079640622900838
gin,2995,CNc1cc(Oc2c(C)cc(NC(=O)Nc3cccc(C(F)(F)F)c3)cc2Cl)ncn1,6.397940158843994,7.441957745973582,0.23712078935815556,0.6231884057971014,1.0440175871295878
gin,2996,CNc1cc(Oc2c(Cl)cc(NC(=O)Nc3cccc(C(F)(F)F)c3)cc2Cl)ncn1,6.397940158843994,7.365672518597013,0.21589053189547155,0.6615384615384615,0.9677323597530192
gin,2997,CNc1cc(Oc2c(F)cc(NC(=O)Nc3cccc(C(F)(F)F)c3)cc2F)ncn1,7.301030158996582,7.198780364585342,0.26422806798185117,0.671875,0.10224979441124038
gin,2998,CNc1cc(Oc2cc(C)c(NC(=O)Nc3cccc(C(F)(F)F)c3)cc2C)ncn1,5.698969841003418,7.070238086673252,0.1453965322308557,0.734375,1.3712682456698344
gin,2999,CNc1cc(Oc2ccc(NC(=O)Nc3cccc(C(C)(C)C)c3)cc2)ncn1,7.602059841156006,7.198667300977111,0.03493798470229511,0.5757575757575758,0.4033925401788947
gin,3000,CNc1cc(Oc2ccc(NC(=O)Nc3cccc(C(C)(F)F)c3)cc2)ncn1,7.397940158843994,7.330651513619084,0.0725565019471178,0.6060606060606061,0.0672886452249104
gin,3001,CNc1cc(Oc2ccc(NC(=O)Nc3cccc(C(C)F)c3)cc2)ncn1,7.102373123168945,7.44676920419901,0.2857446423317675,0.5205479452054794,0.344396081030065
gin,3002,CNc1cc(Oc2ccc(NC(=O)Nc3cccc(C(F)(F)F)c3)c(F)c2)ncn1,8.20065975189209,7.512728677475025,0.0630784256392588,0.7076923076923077,0.6879310744170652
gin,3003,CNc1cc(Oc2ccc(NC(=O)Nc3cccc(C(F)(F)F)c3)c(F)c2F)ncn1,8.602060317993164,7.978946246871222,0.14084276813620386,0.8032786885245902,0.6231140711219423
gin,3005,CNc1cc(Oc2ccc(NC(=O)Nc3cccc(C(F)(F)F)c3)cc2)ncn1,7.602059841156006,7.301122740270216,0.04331859681506361,0.6935483870967742,0.30093710088578973
gin,3006,CNc1cc(Oc2ccc(NC(=O)Nc3cccc(C(F)(F)F)c3)cc2C)ncn1,7.200659275054932,7.2300857981109345,0.12647963736351273,0.7419354838709677,0.029426523056002907
gin,3007,CNc1cc(Oc2ccc(NC(=O)Nc3cccc(C(F)(F)F)c3)cc2Cl)ncn1,7.301030158996582,7.251983209922723,0.2543620435866775,0.7301587301587301,0.0490469490738592
gin,3008,CNc1cc(Oc2ccc(NC(=O)Nc3cccc(C(F)(F)F)c3)cc2F)ncn1,7.79587984085083,7.2484785260798885,0.03610680630738359,0.7419354838709677,0.5474013147709416
gin,3009,CNc1cc(Oc2ccc(NC(=O)Nc3cccc(C(F)F)c3)cc2)ncn1,6.886056423187256,7.0908968390096305,0.28161922252609245,0.5277777777777778,0.20484041582237467
gin,3010,CNc1cc(Oc2ccc(NC(=O)Nc3cccc(C)c3)cc2)ncn1,6.096909999847412,6.987773242503532,0.00934583241335391,0.5666666666666667,0.8908632426561196
gin,3011,CNc1cc(Oc2ccc(NC(=O)Nc3cccc(CF)c3)cc2)ncn1,6.397940158843994,7.300807479510354,0.09322725209091476,0.5555555555555556,0.9028673206663598
gin,3012,CNc1cc(Oc2ccc(NC(=O)Nc3ccccc3)cc2)ncn1,5.200659275054932,6.480406915462886,0.024526401929200553,0.5538461538461539,1.2797476404079546
gin,3104,CNc1nccc(Oc2ccc(NC(=O)Nc3cccc(C(F)(F)F)c3)cc2)n1,7.494850158691406,7.068044434786032,0.21971105245757042,0.639344262295082,0.42680572390537463
gin,3144,CO/N=C/c1c(N)ncnc1Oc1ccc(NC(=O)Nc2ccc(F)cc2)c(Cl)c1,8.552842140197754,8.06737203137042,0.03204696037089385,0.828125,0.4854701088273341
gin,3145,CO/N=C/c1c(N)ncnc1Oc1ccc(NC(=O)Nc2ccc(F)cc2F)c(Cl)c1,8.522878646850586,8.230961911569542,0.05966195539374574,0.8115942028985508,0.29191673528104367
gin,3146,CO/N=C/c1c(N)ncnc1Oc1ccc(NC(=O)Nc2cccc(F)c2)c(Cl)c1,8.769551277160645,8.144132817131057,0.07332421860591683,0.7714285714285715,0.6254184600295876
gin,3147,CO/N=C/c1c(N)ncnc1Oc1ccc(NC(=O)Nc2ccccc2)c(Cl)c1,8.522878646850586,7.931366415788261,0.10282930927602174,0.8548387096774194,0.5915122310623246
gin,3148,CO/N=C/c1c(N)ncnc1Oc1ccc(NC(=O)Nc2ccccc2C)c(Cl)c1,8.102373123168945,7.803717138772583,0.04376845149331702,0.7903225806451613,0.2986559843963619
gin,3149,CO/N=C/c1c(N)ncnc1Oc1ccc(NC(=O)Nc2ccccc2Cl)c(Cl)c1,8.585026741027832,7.626348525097721,0.05300726055195903,0.8305084745762712,0.958678215930111
gin,3150,CO/N=C/c1c(N)ncnc1Oc1ccc(NC(=O)Nc2ccccc2F)c(Cl)c1,8.481486320495605,8.085146747570965,0.13672933915733912,0.7777777777777778,0.3963395729246404
gin,3151,CO/N=C/c1c(N)ncnc1Oc1ccc(NC(=O)Nc2ccccc2OC)c(Cl)c1,8.602060317993164,7.737187401157352,0.0486389756838625,0.7777777777777778,0.8648729168358118
gin,4696,COc1cc(Oc2ccc(NC(=O)Nc3cccc(C(F)(F)F)c3)cc2)ncn1,6.397940158843994,7.1852635344617015,0.13189334554102689,0.6666666666666666,0.7873233756177074
gin,6804,C[C@@H](O)CNc1cc(Oc2ccc(NC(=O)Nc3cccc(C(F)(F)F)c3)cc2)ncn1,6.698969841003418,7.236441240147542,0.2071223950359771,0.6164383561643836,0.537471399144124
gin,6857,C[C@H](O)CNc1cc(Oc2ccc(NC(=O)Nc3cccc(C(F)(F)F)c3)cc2)ncn1,6.494850158691406,7.389310326081215,0.24257477163221344,0.6164383561643836,0.8944601673898092
gin,7448,Cc1cc(Oc2ccc(NC(=O)Nc3cccc(C(F)(F)F)c3)cc2)ncn1,7.200659275054932,7.287612083627455,0.14652002343578593,0.6415094339622641,0.08695280857252374
gin,9822,Nc1cc(Oc2ccc(NC(=O)Nc3cccc(C(F)(F)F)c3)cc2)ncn1,8.102373123168945,7.184946752245598,0.2749858399479739,0.6721311475409836,0.917426370923347
gin,10110,Nc1nccc(Oc2ccc(NC(=O)Nc3ccc(Cl)c(C(F)(F)F)c3)cc2)n1,7.638272285461426,7.210349167218197,0.13977781734131883,0.6229508196721312,0.4279231182432284
gin,10953,O=C(Nc1ccc(Oc2cc(NCCO)ncn2)cc1)Nc1cccc(C(F)(F)F)c1,7.102373123168945,7.414729038792889,0.042426128083526256,0.6338028169014085,0.31235591562394394
gin,10955,O=C(Nc1ccc(Oc2cc(O)ncn2)cc1)Nc1cccc(C(F)(F)F)c1,5.494850158691406,7.5010533353384785,0.22169308829450435,0.6538461538461539,2.0062031766470723
gin,11030,O=C(Nc1ccc(Oc2ccncn2)cc1)Nc1cccc(C(F)(F)F)c1,7.301030158996582,7.319348784255435,0.12252456474623778,0.7551020408163265,0.018318625258852528
gin,1007,CC(F)(F)c1cc(NC(=O)Nc2ccc(Oc3cc(NC(=O)C4CC4)ncn3)c(F)c2)ccc1Cl,7.946921348571777,7.770240743719512,0.06482041513377204,0.7692307692307693,0.17668060485226533
gin,1008,CC(F)(F)c1cc(NC(=O)Nc2ccc(Oc3cc(NC(=O)C4CC4)ncn3)c(F)c2)ccc1F,7.982966423034668,8.033228549758746,0.06434609296381373,0.696969696969697,0.05026212672407837
gin,1009,CC(F)(F)c1cc(NC(=O)Nc2ccc(Oc3cc(NC(=O)C4CC4)ncn3)cc2F)ccc1Cl,8.136676788330078,7.981415088242822,0.052358144357806856,0.7941176470588235,0.15526170008725604
gin,1017,CC(F)(F)c1ccc(F)c(NC(=O)Nc2ccc(Oc3cc(NC(=O)C4CC4)ncn3)c(F)c2)c1,7.991399765014648,7.7111048075891135,0.16191945397955992,0.6133333333333333,0.2802949574255349
gin,1018,CC(F)(F)c1ccc(F)c(NC(=O)Nc2ccc(Oc3cc(NC(=O)C4CC4)ncn3)cc2F)c1,7.962573528289795,7.9327624739815406,0.15173012130456612,0.676056338028169,0.02981105430825437
gin,1023,CC(F)(F)c1cccc(NC(=O)Nc2ccc(Oc3cc(NC(=O)C4CC4)ncn3)c(F)c2)c1,7.906578540802002,7.813582361217375,0.10368582140171019,0.6666666666666666,0.09299617958462658
gin,7265,Cc1cc(NC(=O)Nc2cc(C(C)(F)F)ccc2F)ccc1Oc1cc(NC(=O)C2CC2)ncn1,8.102373123168945,7.70649468247844,0.15040963450021377,0.618421052631579,0.39587844069050515
gin,7268,Cc1cc(NC(=O)Nc2cc(F)cc(C(C)(F)F)c2)ccc1Oc1cc(NC(=O)C2CC2)ncn1,8.022275924682617,7.654041207559412,0.0581217231472458,0.647887323943662,0.36823471712320544
gin,7283,Cc1cc(NC(=O)Nc2ccc(Cl)c(C(C)(F)F)c2)ccc1Oc1cc(NC(=O)C2CC2)ncn1,7.92081880569458,7.691498784009904,0.06115919674879487,0.7647058823529411,0.2293200216846758
gin,7286,Cc1cc(NC(=O)Nc2ccc(Cl)c(C(F)(F)F)c2)ccc1Oc1cc(NC(=O)C2CC2)ncn1,7.863279342651367,7.743490763058105,0.052745412108100534,0.8181818181818182,0.11978857959326206
gin,7289,Cc1cc(NC(=O)Nc2ccc(Cl)c(OC(F)(F)F)c2)ccc1Oc1cc(NC(=O)C2CC2)ncn1,8.008773803710938,7.855532478629546,0.10016303095504278,0.6666666666666666,0.15324132508139154
gin,7290,Cc1cc(NC(=O)Nc2ccc(F)c(C(C)(F)F)c2)ccc1Oc1cc(NC(=O)C2CC2)ncn1,8.130767822265625,7.9721751029183,0.13738415054029773,0.6764705882352942,0.15859271934732533
gin,7292,Cc1cc(NC(=O)Nc2ccc(F)c(C(F)(F)F)c2)ccc1Oc1cc(NC(=O)C2CC2)ncn1,8.154901504516602,7.960416888375145,0.07961205728942351,0.7384615384615385,0.19448461614145618
gin,7297,Cc1cc(NC(=O)Nc2cccc(C(F)(F)F)c2)ccc1Oc1cc(NC(=O)C2CC2)ncn1,7.838632106781006,7.795001911845058,0.0418060870473708,0.7580645161290323,0.043630194935947664
gin,7300,Cc1cc(NC(=O)Nc2cccc(OC(F)(F)F)c2)ccc1Oc1cc(NC(=O)C2CC2)ncn1,8.091514587402344,7.899442682481966,0.01355749473210346,0.8032786885245902,0.19207190492037807
gin,7424,Cc1cc(Oc2cc(NC(=O)C3CC3)ncn2)c(F)cc1NC(=O)Nc1ccc(Cl)c(C(C)(F)F)c1,7.892789840698242,7.730508020425286,0.08710278699929645,0.7391304347826086,0.16228182027295635
gin,7425,Cc1cc(Oc2cc(NC(=O)C3CC3)ncn2)c(F)cc1NC(=O)Nc1ccc(Cl)c(C(F)(F)F)c1,7.777283668518066,7.773645224329091,0.11273476815139635,0.8307692307692308,0.0036384441889749652
gin,7427,Cc1cc(Oc2cc(NC(=O)C3CC3)ncn2)ccc1NC(=O)Nc1cc(Cl)cc(C(F)(F)F)c1,7.882728576660156,8.099612027218464,0.0810333514888297,0.7466666666666667,0.21688345055830816
gin,7428,Cc1cc(Oc2cc(NC(=O)C3CC3)ncn2)ccc1NC(=O)Nc1cc(F)cc(C(C)(F)F)c1,7.844664096832275,7.946772518895007,0.013026760979663864,0.6794871794871795,0.10210842206273174
gin,7431,Cc1cc(Oc2cc(NC(=O)C3CC3)ncn2)ccc1NC(=O)Nc1cc(NC(C)C)cc(C(F)(F)F)c1,7.585026741027832,7.856988718869691,0.03126938234337166,0.75,0.27196197784185916
gin,7433,Cc1cc(Oc2cc(NC(=O)C3CC3)ncn2)ccc1NC(=O)Nc1cc(OC(F)(F)F)ccc1F,8.091514587402344,8.108951639751657,0.12231628861529507,0.6438356164383562,0.017437052349313475
gin,7434,Cc1cc(Oc2cc(NC(=O)C3CC3)ncn2)ccc1NC(=O)Nc1ccc(C#N)c(Cl)c1,8.08092212677002,7.638060983253183,0.18997726557588254,0.631578947368421,0.44286114351683636
gin,7435,Cc1cc(Oc2cc(NC(=O)C3CC3)ncn2)ccc1NC(=O)Nc1ccc(C)c(C(F)(F)F)c1,8.050609588623047,8.388366740308774,0.07981722120206754,0.7794117647058824,0.33775715168572695
gin,7436,Cc1cc(Oc2cc(NC(=O)C3CC3)ncn2)ccc1NC(=O)Nc1ccc(Cl)c(C(C)(F)F)c1,7.970616340637207,7.907931131034805,0.04623360685295081,0.7941176470588235,0.0626852096024022
gin,7437,Cc1cc(Oc2cc(NC(=O)C3CC3)ncn2)ccc1NC(=O)Nc1ccc(Cl)c(C(F)(F)F)c1,7.962573528289795,7.951255342572381,0.05365716311511083,0.8787878787878788,0.011318185717414053
gin,7438,Cc1cc(Oc2cc(NC(=O)C3CC3)ncn2)ccc1NC(=O)Nc1ccc(Cl)c(OC(F)(F)F)c1,8.16749095916748,8.07396425707831,0.07999108633757475,0.7027027027027027,0.09352670208916969
gin,7439,Cc1cc(Oc2cc(NC(=O)C3CC3)ncn2)ccc1NC(=O)Nc1ccc(F)c(C(C)(F)F)c1,7.876148223876953,8.194007780606398,0.10530300027139713,0.7012987012987013,0.3178595567294451
gin,7440,Cc1cc(Oc2cc(NC(=O)C3CC3)ncn2)ccc1NC(=O)Nc1ccc(F)c(C(F)(F)F)c1,7.958607196807861,8.18481823499989,0.07374969062113396,0.7727272727272727,0.22621103819202837
gin,7441,Cc1cc(Oc2cc(NC(=O)C3CC3)ncn2)ccc1NC(=O)Nc1ccc(F)c(OC(F)(F)F)c1,7.876148223876953,8.185691438181758,0.042019195541246245,0.6582278481012658,0.3095432143048047
gin,7443,Cc1cc(Oc2cc(NC(=O)C3CC3)ncn2)ccc1NC(=O)Nc1cccc(C(C)(F)F)c1,7.913640022277832,8.103944934236438,0.06753760354948862,0.7121212121212122,0.19030491195860577
gin,7444,Cc1cc(Oc2cc(NC(=O)C3CC3)ncn2)ccc1NC(=O)Nc1cccc(C(F)(F)F)c1,7.978810787200928,8.099068460366539,0.08469112605465003,0.8064516129032258,0.12025767316561087
gin,7445,Cc1cc(Oc2cc(NC(=O)C3CC3)ncn2)ccc1NC(=O)Nc1cccc(OC(F)(F)F)c1,7.853871822357178,8.167888171197433,0.1042462899041068,0.8360655737704918,0.314016348840255
gin,9527,N#Cc1cc(NC(=O)Nc2ccc(Cl)c(C(F)(F)F)c2)ccc1Oc1cc(NC(=O)C2CC2)ncn1,7.602059841156006,7.751186100890948,0.08799273771003026,0.7727272727272727,0.14912625973494187
gin,10668,O=C(Nc1cc(F)cc(C(F)(F)F)c1)Nc1ccc(Oc2cc(NC(=O)C3CC3)ncn2)cc1Cl,7.913640022277832,8.479049739755927,0.08735682699183729,0.765625,0.5654097174780954
gin,10778,O=C(Nc1ccc(Cl)c(C(F)(F)F)c1)Nc1ccc(Oc2cc(NC(=O)C3CC3)ncn2)cc1F,8.050609588623047,8.027901424306947,0.06708330195316985,0.8769230769230769,0.02270816431610001
gin,10848,O=C(Nc1ccc(F)c(C(F)(F)F)c1)Nc1ccc(Oc2cc(NC(=O)C3CC3)ncn2)cc1Cl,7.8181562423706055,8.702989164752543,0.02972242748750278,0.8208955223880597,0.8848329223819373
gin,10946,O=C(Nc1ccc(Oc2cc(NC(=O)C3CC3)ncn2)c(Cl)c1)Nc1ccc(F)c(C(F)(F)F)c1,7.9430952072143555,7.966525553966146,0.2372372637827476,0.8225806451612904,0.023430346751790232
gin,10947,O=C(Nc1ccc(Oc2cc(NC(=O)C3CC3)ncn2)c(F)c1)Nc1ccc(Cl)c(C(F)(F)F)c1,8.244125366210938,7.822810851094744,0.08532433847784061,0.8833333333333333,0.4213145151161939
gin,10948,O=C(Nc1ccc(Oc2cc(NC(=O)C3CC3)ncn2)cc1)Nc1cc(F)cc(C(F)(F)F)c1,7.903090000152588,7.723568051179844,0.07334163952464026,0.8596491228070176,0.1795219489727442
gin,10949,O=C(Nc1ccc(Oc2cc(NC(=O)C3CC3)ncn2)cc1)Nc1ccc(Cl)c(C(F)(F)F)c1,8.244125366210938,7.817084941318247,0.022268801484967286,0.85,0.4270404248926907
gin,10950,O=C(Nc1ccc(Oc2cc(NC(=O)C3CC3)ncn2)cc1)Nc1ccc(F)c(C(F)(F)F)c1,8.045757293701172,8.051407484950724,0.09186682304703758,0.847457627118644,0.00565019124955235
gin,10951,O=C(Nc1ccc(Oc2cc(NC(=O)C3CC3)ncn2)cc1F)Nc1cc(C(F)(F)F)ccc1F,7.872895240783691,7.894568412532219,0.1685191258385793,0.6714285714285714,0.02167317174852723
gin,11115,O=C(Nc1cccc(C(F)(F)F)c1)Nc1ccc(Oc2cc(NC(=O)C3CC3)ncn2)c(F)c1,7.823908805847168,7.804062327766322,0.1250730324404861,0.7704918032786885,0.019846478080846275
gin,11116,O=C(Nc1cccc(C(F)(F)F)c1)Nc1ccc(Oc2cc(NC(=O)C3CC3)ncn2)cc1F,8.06550121307373,8.063845158058788,0.07349264855013418,0.819672131147541,0.0016560550149424813
gin,254,C=CC(=O)Nc1ccc(-c2ccc(NC(=O)Nc3c(C)cccc3C)cc2)cn1,6.301030158996582,6.20702690900887,0.17700113258499975,0.6923076923076923,0.09400324998771215
gin,255,C=CC(=O)Nc1ccc(-c2ccc(NC(=O)Nc3ccc(C(C)(C)C)cc3)cc2)cn1,6.301030158996582,7.138237137782255,0.24815892972691342,0.6538461538461539,0.8372069787856731
gin,256,C=CC(=O)Nc1ccc(-c2ccc(NC(=O)Nc3ccc(C)c(Cl)c3)cc2)cn1,6.301030158996582,7.4685640460678355,0.08932073831234567,0.6785714285714286,1.1675338870712535
gin,257,C=CC(=O)Nc1ccc(-c2ccc(NC(=O)Nc3ccc(Cl)c(C(F)(F)F)c3)cc2)cn1,6.301030158996582,7.427832896855857,0.11224567673371513,0.6949152542372882,1.1268027378592747
gin,258,C=CC(=O)Nc1ccc(-c2ccc(NC(=O)Nc3ccc(F)cc3)cc2)cn1,8.098541259765625,6.83256940996498,0.18724754605137486,0.6326530612244898,1.2659718498006454
gin,259,C=CC(=O)Nc1ccc(-c2ccc(NC(=O)Nc3ccc(OC(F)(F)F)cc3)cc2)cn1,6.301030158996582,7.415808583998948,0.03741483851323833,0.6727272727272727,1.114778425002366
gin,260,C=CC(=O)Nc1ccc(-c2ccc(NC(=O)Nc3cccc(C(C)C)c3)cc2)cn1,8.677781105041504,7.258836011621715,0.2949992310035734,0.7142857142857143,1.4189450934197891
gin,261,C=CC(=O)Nc1ccc(-c2ccc(NC(=O)Nc3cccc(C(F)(F)F)c3)cc2)cn1,6.487022399902344,7.1344223147894565,0.103794861809527,0.7142857142857143,0.6473999148871128
gin,262,C=CC(=O)Nc1ccc(-c2ccc(NC(=O)Nc3cccc(Cl)c3)cc2)cn1,8.628931999206543,7.070950954664094,0.15944246108114116,0.6981132075471698,1.5579810445424487
gin,263,C=CC(=O)Nc1ccc(-c2ccc(NC(=O)Nc3cccc(F)c3)cc2)cn1,6.301030158996582,6.950810258292961,0.17723441420190403,0.7115384615384616,0.6497800992963789
gin,264,C=CC(=O)Nc1ccc(-c2ccc(NC(=O)Nc3ccccc3Cl)cc2)cn1,6.301030158996582,6.483712092877625,0.34164074236375025,0.6851851851851852,0.18268193388104326
gin,471,CC(C)(C)C(=O)Nc1ccc(-c2ccc(NC(=O)Nc3cc(Br)cc(C(F)(F)F)c3)cc2)cn1,6.141234397888184,6.371840509611009,0.17733513288923877,0.4931506849315068,0.23060611172282552
gin,472,CC(C)(C)C(=O)Nc1ccc(-c2ccc(NC(=O)Nc3cc(Br)ccc3OC(F)(F)F)cc2)cn1,6.0,6.096066009654256,0.008176272407399428,0.52,0.0960660096542556
gin,473,CC(C)(C)C(=O)Nc1ccc(-c2ccc(NC(=O)Nc3cc(C(F)(F)F)cc(C(F)(F)F)c3)cc2)cn1,6.0,6.114085179418656,0.12360950396320063,0.5294117647058824,0.11408517941865615
gin,474,CC(C)(C)C(=O)Nc1ccc(-c2ccc(NC(=O)Nc3ccc(Cl)c(Cl)c3)cc2)cn1,7.8774566650390625,6.632163713575636,0.3113681493545837,0.5373134328358209,1.2452929514634263
gin,475,CC(C)(C)C(=O)Nc1ccc(-c2ccc(NC(=O)Nc3ccc(Cl)cc3Cl)cc2)cn1,6.0,5.684914662516765,0.1870662951084679,0.4861111111111111,0.315085337483235
gin,476,CC(C)(C)C(=O)Nc1ccc(-c2ccc(NC(=O)Nc3ccc(OC(F)(F)F)cc3Br)cc2)cn1,6.0,6.590130659580205,0.11757231195235883,0.4935064935064935,0.5901306595802049
gin,1834,CCOP(=O)(OCC)c1cnc(N)c(-c2ccc(NC(=O)Nc3cc(C)ccc3F)cc2)c1,7.004364967346191,6.967449298196087,0.33076208735947304,0.5915492957746479,0.03691566915010469
gin,2765,CNC(=O)c1ccc(-c2ccc(NC(=O)Nc3cc(Br)cc(C(F)(F)F)c3)cc2)cn1,9.853872299194336,7.008037680966884,0.24570954951554203,0.532258064516129,2.8458346182274523
gin,2766,CNC(=O)c1ccc(-c2ccc(NC(=O)Nc3ccc(Cl)c(C(F)(F)F)c3)cc2)cn1,7.001827716827393,7.049785870456304,0.10644879188398379,0.7884615384615384,0.04795815362891176
gin,3183,COC(=O)CCCCS(=O)(CCCCC(=O)OC)=NC(=O)c1cnc(N)c(-c2ccc(NC(=O)Nc3cc(C)ccc3F)cc2)c1,7.481485843658447,7.746655717618485,0.2630784412394776,0.6136363636363636,0.2651698739600379
gin,3184,COC(=O)CCCCS(=O)(CCCCC(=O)OC)=NC(=O)c1cnc(N)c(-c2ccc(NC(=O)Nc3cccc(C(F)(F)F)c3)cc2)c1,7.376750946044922,7.640375525169627,0.3106225088913533,0.5604395604395604,0.2636245791247047
gin,3185,COC(=O)CCCCS(=O)(CCCCC(=O)OC)=NC(=O)c1cnc(N)c(-c2ccc(NC(=O)Nc3cccc(C)c3)cc2)c1,7.853871822357178,7.614573280262486,0.34552758416079493,0.6296296296296297,0.2392985420946916
gin,3419,COC(=O)c1cnc(N)c(-c2ccc(NC(=O)Nc3cc(C(F)(F)F)ccc3F)cc2)c1,8.154901504516602,7.4551742794542974,0.25400350695535934,0.5797101449275363,0.6997272250623041
gin,3420,COC(=O)c1cnc(N)c(-c2ccc(NC(=O)Nc3cc(C)ccc3F)cc2)c1,8.045757293701172,7.442889102593995,0.33061694574815675,0.6461538461538462,0.6028681911071772
gin,3421,COC(=O)c1cnc(N)c(-c2ccc(NC(=O)Nc3ccc(Cl)c(C(F)(F)F)c3)cc2)c1,8.154901504516602,7.442735253940687,0.19589750317717064,0.5384615384615384,0.7121662505759145
gin,3422,COC(=O)c1cnc(N)c(-c2ccc(NC(=O)Nc3ccccc3)cc2)c1,7.537601947784424,6.834060305597281,0.22487136197324686,0.5892857142857143,0.703541642187143
gin,3752,COP(=O)(OC)c1cnc(N)c(-c2ccc(NC(=O)Nc3cc(C(F)(F)F)ccc3F)cc2)c1,6.93930196762085,7.176618156776253,0.3046732905952114,0.5774647887323944,0.2373161891554032
gin,3753,COP(=O)(OC)c1cnc(N)c(-c2ccc(NC(=O)Nc3cc(C)ccc3F)cc2)c1,6.876148223876953,7.216472709270221,0.29416165454627274,0.6176470588235294,0.34032448539326765
gin,3754,COP(=O)(OC)c1cnc(N)c(-c2ccc(NC(=O)Nc3cccc(C(F)(F)F)c3)cc2)c1,7.2441253662109375,7.155456102958671,0.24589610079739918,0.5588235294117647,0.08866926325226654
gin,3755,COP(=O)(OC)c1cnc(N)c(-c2ccc(NC(=O)Nc3ccccc3)cc2)c1,6.050122261047363,6.657570091847826,0.2351221374726572,0.559322033898305,0.6074478308004627
gin,7724,Cc1ccc(F)c(NC(=O)Nc2ccc(-c3cc(B(O)O)cnc3N)cc2)c1,7.602059841156006,7.557388890381749,0.7660835001645172,0.65625,0.044670950774256646
gin,7726,Cc1ccc(F)c(NC(=O)Nc2ccc(-c3cc(C(=O)N=S(=O)(CCCO)CCCO)cnc3N)cc2)c1,7.585026741027832,7.810717214931249,0.10415300105245008,0.56,0.22569047390341712
gin,7727,Cc1ccc(F)c(NC(=O)Nc2ccc(-c3cc(C(=O)N=S(C)(C)=O)cnc3N)cc2)c1,8.221848487854004,7.915023321037988,0.14188102381475073,0.6176470588235294,0.306825166816016
gin,8310,Cc1cccc(NC(=O)Nc2ccc(-c3cc(C(=O)N=S(=O)(CCCO)CCCO)cnc3N)cc2)c1,7.886056423187256,7.716450541139466,0.1420820507602665,0.6266666666666667,0.16960588204779015
gin,10725,O=C(Nc1ccc(-c2cccnc2)cc1)Nc1cc(Br)cc(C(F)(F)F)c1,9.443697929382324,7.431475501019993,0.31142128250804324,0.7,2.012222428362331
gin,10726,O=C(Nc1ccc(-c2cccnc2)cc1)Nc1cc(Br)ccc1OC(F)(F)F,7.200108528137207,7.557640613125424,0.10468627439728671,0.6333333333333333,0.3575320849882173
gin,10727,O=C(Nc1ccc(-c2cccnc2)cc1)Nc1cc(C(F)(F)F)cc(C(F)(F)F)c1,9.657577514648438,7.186308618370845,0.1690305325945485,0.7777777777777778,2.471268896277593
gin,10728,O=C(Nc1ccc(-c2cccnc2)cc1)Nc1ccc(Br)cc1OC(F)(F)F,6.698969841003418,7.658881717459565,0.12318407986621509,0.5555555555555556,0.9599118764561467
gin,10729,O=C(Nc1ccc(-c2cccnc2)cc1)Nc1ccc(Cl)c(Cl)c1,8.659555435180664,7.139890102940474,0.18539635431977497,0.5,1.5196653322401898
gin,10730,O=C(Nc1ccc(-c2cccnc2)cc1)Nc1ccc(Cl)cc1Cl,6.698969841003418,6.702248092644183,0.43196700136645855,0.5254237288135594,0.0032782516407650064
gin,10731,O=C(Nc1ccc(-c2cccnc2)cc1)Nc1ccc(OC(F)(F)F)cc1Br,8.337242126464844,7.680301166610756,0.09601431040346146,0.5076923076923077,0.6569409598540874
gin,496,CC(C)(C)NC(=O)c1ccc(-c2nnc(Nc3ccc(OC(F)(F)Cl)cc3)c3ccccc23)cc1,5.0,6.3514676094749705,0.1283330501392187,0.6567164179104478,1.3514676094749705
gin,578,CC(C)(C)c1ccc(Nc2nnc(-c3ccc(C(N)=O)cc3)c3ccccc23)cc1,7.107905387878418,6.800094054854273,0.22612821840519381,0.6923076923076923,0.3078113330241452
gin,579,CC(C)(C)c1ccc(Nc2nnc(-c3cccc(C(N)=O)c3)c3ccccc23)cc1,6.397940158843994,6.906498001802437,0.13330062537576381,0.5423728813559322,0.5085578429584432
gin,589,CC(C)(C)c1cccc(Nc2nnc(-c3ccc(C(N)=O)cc3)c3ccccc23)c1,6.327902317047119,6.758639421894017,0.1705605404184017,0.5964912280701754,0.430737104846898
gin,748,CC(C)NC(=O)c1ccc(-c2nnc(Nc3ccc(OC(F)(F)Cl)cc3)c3ccccc23)cc1,5.0,6.4012097617166335,0.18478716003274098,0.6567164179104478,1.4012097617166335
gin,1878,CCOc1ccc(-c2nnc(Nc3ccc(C)cc3)c3ccccc23)cc1,5.0,6.347660313933883,0.11440086792322186,0.5517241379310345,1.3476603139338827
gin,1879,CCOc1ccc(-c2nnc(Nc3ccc(Cl)cc3)c3ccccc23)cc1,5.0,6.217733791028361,0.13667619018268223,0.5660377358490566,1.217733791028361
gin,1880,CCOc1ccc(-c2nnc(Nc3ccc(OC)cc3)c3ccccc23)cc1,5.0,6.189442280921398,0.10610996594088971,0.56,1.1894422809213978
gin,2768,CNC(=O)c1ccc(-c2nnc(Nc3ccc(C(C)(C)C)cc3)c3ccccc23)cc1,6.886056423187256,6.772297143248369,0.18790003328601423,0.543859649122807,0.11375927993888713
gin,2769,CNC(=O)c1ccc(-c2nnc(Nc3ccc(Cl)cc3)c3ccccc23)cc1,5.508638381958008,6.059646154016036,0.15515807508033574,0.5555555555555556,0.5510077720580284
gin,2962,CNS(=O)(=O)c1ccc(Nc2nnc(-c3ccc(C(N)=O)cc3)c3ccccc23)cc1,5.0,5.875254798867313,0.06717559471616533,0.6545454545454545,0.8752547988673127
gin,3316,COC(=O)c1ccc(-c2nnc(Nc3ccc(Cl)cc3)c3ccccc23)cc1,6.443697452545166,6.074341931153479,0.20920520531896147,0.5818181818181818,0.3693555213916868
gin,3317,COC(=O)c1ccc(-c2nnc(Nc3ccc(OC(F)(F)Cl)cc3)c3ccccc23)cc1,6.200659275054932,6.356420431646939,0.10208897434077795,0.6875,0.15576115659200696
gin,3318,COC(=O)c1ccc(Nc2nnc(-c3ccc(C(N)=O)cc3)c3ccccc23)cc1,5.568636417388916,5.940684154213234,0.2635847408422405,0.74,0.37204773682431824
gin,5966,COc1ccc(-c2nnc(Nc3ccc(Cl)c(Cl)c3)c3ccccc23)cc1,5.0,6.643576881565914,0.0754742423045442,0.5172413793103449,1.643576881565914
gin,5967,COc1ccc(-c2nnc(Nc3ccc(Cl)cc3)c3ccccc23)cc1,5.0,6.0230087802244485,0.15633338146415612,0.6530612244897959,1.0230087802244485
gin,5968,COc1ccc(-c2nnc(Nc3ccc(OC(F)(F)Cl)cc3)c3ccccc23)cc1,5.0,6.494322979147788,0.12488818685893946,0.6190476190476191,1.494322979147788
gin,6293,COc1ccc(Nc2nnc(-c3ccc(C(N)=O)cc3)c3ccccc23)cc1,5.698969841003418,5.97709103051488,0.2175972759355572,0.7959183673469388,0.27812118951146214
gin,6294,COc1ccc(Nc2nnc(-c3ccccc3)c3ccccc23)cc1,5.0,5.701420484212321,0.21612604083402948,0.6,0.7014204842123206
gin,7550,Cc1ccc(-c2nnc(Nc3ccc(Cl)c(Cl)c3)c3ccccc23)cc1,5.0,6.683592224748611,0.1198489190864697,0.5454545454545454,1.6835922247486108
gin,7551,Cc1ccc(-c2nnc(Nc3ccc(Cl)cc3)c3ccccc23)cc1,5.0,6.1174744000725845,0.22714107040328818,0.6382978723404256,1.1174744000725845
gin,7552,Cc1ccc(-c2nnc(Nc3ccc(OC(F)(F)Cl)cc3)c3ccccc23)cc1,5.0,6.616690866750663,0.12957593160769743,0.6190476190476191,1.6166908667506634
gin,7553,Cc1ccc(-c2nnc(Nc3ccc(OC(F)(F)Cl)cc3)c3ccccc23)cc1S(=O)(=O)NC(C)C,5.0,5.737371255481918,0.32813093529873383,0.5,0.7373712554819178
gin,7554,Cc1ccc(-c2nnc(Nc3ccc(OC(F)(F)Cl)cc3)c3ccccc23)cc1S(N)(=O)=O,5.0,6.267239791973556,0.356806161340955,0.5342465753424658,1.267239791973556
gin,8031,Cc1ccc(Nc2nnc(-c3ccc(C(=O)N(C)C)cc3)c3ccccc23)cc1,5.0,5.8040146953413325,0.18502087839710585,0.5535714285714286,0.8040146953413325
gin,8032,Cc1ccc(Nc2nnc(-c3ccc(C(N)=O)cc3)c3ccccc23)c(C)c1,5.161150932312012,5.685859843727219,0.02011214256486634,0.5614035087719298,0.5247089114152077
gin,8033,Cc1ccc(Nc2nnc(-c3ccc(C(N)=O)cc3)c3ccccc23)cc1,5.744727611541748,6.14242472340182,0.2570449964214397,0.7346938775510204,0.3976971118600723
gin,8481,Cc1cccc(Nc2nnc(-c3ccc(C(N)=O)cc3)c3ccccc23)c1,5.79587984085083,5.998227194531817,0.23159414395352465,0.6296296296296297,0.20234735368098722
gin,9366,FC(F)(Cl)Oc1ccc(Nc2nnc(-c3ccc(Cl)cc3)c3ccccc23)cc1,5.0,6.593713291445559,0.0875453266896754,0.6290322580645161,1.5937132914455594
gin,9367,FC(F)(Cl)Oc1ccc(Nc2nnc(-c3cccc(Cl)c3)c3ccccc23)cc1,5.0,6.250603857594281,0.07615140337177645,0.5901639344262295,1.2506038575942808
gin,9369,FC(F)(Cl)Oc1ccc(Nc2nnc(-c3ccccc3)c3ccccc23)cc1,5.0,6.262722651005414,0.08459193899527473,0.6333333333333333,1.2627226510054141
gin,9706,NC(=O)c1ccc(-c2nnc(Nc3ccc(Br)cc3)c3ccccc23)cc1,7.0,6.033516345215233,0.19673250134626744,0.7346938775510204,0.966483654784767
gin,9707,NC(=O)c1ccc(-c2nnc(Nc3ccc(Cl)c(Cl)c3)c3ccccc23)cc1,6.07572078704834,6.622135023806137,0.08251319032249524,0.660377358490566,0.5464142367577969
gin,9708,NC(=O)c1ccc(-c2nnc(Nc3ccc(Cl)cc3)c3ccccc23)cc1,5.886056423187256,5.977951648811792,0.22720389368005334,0.7346938775510204,0.091895225624536
gin,9709,NC(=O)c1ccc(-c2nnc(Nc3ccc(OC(F)(F)Cl)cc3)c3ccccc23)cc1,6.721246242523193,6.40796775415172,0.06843132548031695,0.7222222222222222,0.31327848837147343
gin,9712,NC(=O)c1ccc(-c2nnc(Nc3ccc(S(N)(=O)=O)cc3)c3ccccc23)cc1,5.0,5.967677905974587,0.11903451826424176,0.6923076923076923,0.967677905974587
gin,9713,NC(=O)c1ccc(-c2nnc(Nc3cccc(Br)c3)c3ccccc23)cc1,5.92081880569458,5.960950552412403,0.17167832383180165,0.6296296296296297,0.04013174671782327
gin,9714,NC(=O)c1ccc(-c2nnc(Nc3cccc(Cl)c3)c3ccccc23)cc1,5.7695512771606445,5.909435815994068,0.2436956689794592,0.6296296296296297,0.13988453883342356
gin,9715,NC(=O)c1ccc(-c2nnc(Nc3ccccc3)c3ccccc23)cc1,5.0,5.769480180692312,0.21415753750259667,0.8,0.7694801806923124
gin,9719,NC(=O)c1ccc(Nc2nnc(-c3ccc(C(N)=O)cc3)c3ccccc23)cc1,5.0,5.9417217811084555,0.2769128371266228,0.8181818181818182,0.9417217811084555
gin,9721,NC(=O)c1cccc(-c2nnc(Nc3ccc(OC(F)(F)Cl)cc3)c3ccccc23)c1,5.387216091156006,6.503543659822289,0.20834533196478128,0.5942028985507246,1.116327568666283
gin,10618,O=C(NCCO)c1ccc(-c2nnc(Nc3ccc(OC(F)(F)Cl)cc3)c3ccccc23)cc1,5.958607196807861,6.300281595260604,0.11510101952336109,0.6376811594202898,0.34167439845274306
gin,53,C/C(=N\O)c1ccc2[nH]c3c4c(c5c(c3c2c1)CNC5=O)-c1cn(C)nc1CC4,9.0,8.115115854148295,0.1841897066878591,0.7027027027027027,0.8848841458517054
gin,54,C/C(=N\OC(C)(C)C)c1ccc2[nH]c3c4c(c5c(c3c2c1)CNC5=O)-c1cn(C)nc1CC4,7.508638381958008,7.700329215854443,0.3474471473725099,0.65,0.19169083389643493
gin,55,C/C(=N\OC(C)C)c1ccc2[nH]c3c4c(c5c(c3c2c1)CNC5=O)-c1cn(C)nc1CC4,8.460409164428711,7.697580376445406,0.2423484899134904,0.65,0.7628287879833051
gin,56,C/C(=N\OC(C)C)c1ccc2c(c1)c1c3c(c4c(c1n2C(C)C)CCc1nn(C)cc1-4)C(=O)NC3,8.17827320098877,7.711192688905157,0.16929794899403672,0.6829268292682927,0.4670805120836121
gin,57,C/C(=N\OC(C)C)c1ccc2c(c1)c1c3c(c4c(c1n2CC(C)C)CCc1nn(C)cc1-4)C(=O)NC3,7.953289031982422,7.533876217977517,0.19253021244705462,0.7023809523809523,0.4194128140049047
gin,58,C/C(=N\OCC(C)C)c1ccc2[nH]c3c4c(c5c(c3c2c1)CNC5=O)-c1cn(C)nc1CC4,8.198969841003418,7.654820318377536,0.2538366825809495,0.6265060240963856,0.5441495226258821
gin,59,C/C(=N\OCC(C)C)c1ccc2c(c1)c1c3c(c4c(c1n2C(C)C)CCc1nn(C)cc1-4)C(=O)NC3,7.995699882507324,7.676898389030384,0.17214496731186468,0.6588235294117647,0.31880149347693987
gin,60,C/C(=N\OCC(C)C)c1ccc2c(c1)c1c3c(c4c(c1n2CC(C)C)CCc1nn(C)cc1-4)C(=O)NC3,7.026872158050537,7.503174508306169,0.21125531827656904,0.6941176470588235,0.47630235025563206
gin,409,CC(=O)c1ccc2[nH]c3c4c(c5c(c3c2c1)CNC5=O)-c1cn(C)nc1CC4,7.455932140350342,7.765564551093386,0.13723566905663925,0.7571428571428571,0.3096324107430446
gin,411,CC(=O)c1ccc2c(c1)c1c3c(c4c(c1n2C(C)C)CCc1nn(C)cc1-4)C(=O)NC3,7.12493896484375,7.805628663835857,0.10973588602846752,0.7702702702702703,0.680689698992107
gin,412,CC(=O)c1ccc2c(c1)c1c3c(c4c(c1n2C)CCc1nn(C)cc1-4)C(=O)NC3,8.0,7.593874988847252,0.1667149116490806,0.6282051282051282,0.40612501115274835
gin,413,CC(=O)c1ccc2c(c1)c1c3c(c4c(c1n2CC(C)C)CCc1nn(C)cc1-4)C(=O)NC3,7.677780628204346,7.5620649577851395,0.07664826458130951,0.7894736842105263,0.11571567041920616
gin,731,CC(C)Cn1c2ccc(N)cc2c2c3c(c4c(c21)CCc1nn(C)cc1-4)C(=O)NC3,7.958607196807861,7.5878624943174104,0.11650734312963486,0.7432432432432432,0.3707447024904509
gin,737,CC(C)Cn1c2ccccc2c2c3c(c4c(c21)CCc1nn(C)cc1-4)C(=O)NC3,7.7695512771606445,7.4413456321960325,0.15993531744343342,0.7361111111111112,0.328205644964612
gin,1251,CCCCn1c2ccc(/C(C)=N/OC)cc2c2c3c(c4c(c21)CCc1nn(C)cc1-4)C(=O)NC3,7.92081880569458,7.856095129426421,0.16156786841098605,0.6744186046511628,0.06472367626815867
gin,1252,CCCCn1c2ccc(C(C)=O)cc2c2c3c(c4c(c21)CCc1nn(C)cc1-4)C(=O)NC3,7.585026741027832,7.650318285532478,0.07901346246944628,0.725,0.06529154450464603
gin,1255,CCCCn1c2ccc(N)cc2c2c3c(c4c(c21)CCc1nn(C)cc1-4)C(=O)NC3,7.055517196655273,7.679292071715906,0.14974033905793316,0.7236842105263158,0.6237748750606329
gin,1290,CCCOC(=O)Nc1ccc2c(c1)c1c3c(c4c(c1n2CCC)CCc1nn(C)cc1-4)C(=O)NC3,8.522878646850586,7.6879281829189,0.12506786095502204,0.8,0.834950463931686
gin,1321,CCCn1c2ccc(/C(C)=N/OC)cc2c2c3c(c4c(c21)CCc1nn(C)cc1-4)C(=O)NC3,9.0,7.8535676337253335,0.1649834938473261,0.6951219512195121,1.1464323662746665
gin,1323,CCCn1c2ccc(C(C)=O)cc2c2c3c(c4c(c21)CCc1nn(C)cc1-4)C(=O)NC3,8.522878646850586,7.640989943045516,0.08044870971675173,0.7733333333333333,0.8818887038050702
gin,1326,CCCn1c2ccc(N)cc2c2c3c(c4c(c21)CCc1nn(C)cc1-4)C(=O)NC3,8.045757293701172,7.672316288768002,0.14440020637126674,0.7361111111111112,0.37344100493317
gin,1342,CCCn1c2ccc(NC(=O)OC(C)C)cc2c2c3c(c4c(c21)CCc1nn(C)cc1-4)C(=O)NC3,8.150514602661133,7.601474230752577,0.11255470704031016,0.7901234567901234,0.5490403719085561
gin,1343,CCCn1c2ccc(NC(=O)OCC)cc2c2c3c(c4c(c21)CCc1nn(C)cc1-4)C(=O)NC3,8.698969841003418,7.76519724776449,0.11345315310612909,0.810126582278481,0.9337725932389276
gin,1350,CCCn1c2ccccc2c2c3c(c4c(c21)CCc1nn(C)cc1-4)C(=O)NC3,7.79587984085083,7.520220152693848,0.1745746401937884,0.7285714285714285,0.27565968815698216
gin,1674,CCO/N=C(/c1ccc2[nH]c3c4c(c5c(c3c2c1)CNC5=O)-c1cn(C)nc1CC4)C(C)C,7.638272285461426,7.5941248332498885,0.31572838055979946,0.6265060240963856,0.044147452211537264
gin,1675,CCO/N=C(\C)c1ccc2[nH]c3c4c(c5c(c3c2c1)CNC5=O)-c1cn(C)nc1CC4,8.548455238342285,7.847341909920829,0.2668195243460255,0.65,0.7011133284214566
gin,1676,CCO/N=C(\C)c1ccc2c(c1)c1c3c(c4c(c1n2C(C)C)CCc1nn(C)cc1-4)C(=O)NC3,8.397939682006836,7.867819057984491,0.16608910095963833,0.6666666666666666,0.530120624022345
gin,1677,CCO/N=C(\C)c1ccc2c(c1)c1c3c(c4c(c1n2CC(C)C)CCc1nn(C)cc1-4)C(=O)NC3,8.397939682006836,7.660903889332265,0.22150481967338298,0.6941176470588235,0.737035792674571
gin,1679,CCO/N=C/c1ccc2[nH]c3c4c(c5c(c3c2c1)CNC5=O)-c1cn(C)nc1CC4,8.397939682006836,7.9275265106814645,0.13706249993242448,0.5925925925925926,0.4704131713253714
gin,2075,CCn1c2ccc(/C(C)=N/OC)cc2c2c3c(c4c(c21)CCc1nn(C)cc1-4)C(=O)NC3,8.397939682006836,7.9140882327800455,0.1516715861358766,0.691358024691358,0.48385144922679046
gin,2076,CCn1c2ccc(/C(C)=N/OCC(C)C)cc2c2c3c(c4c(c21)CCc1nn(C)cc1-4)C(=O)NC3,8.071333885192871,7.612830605536279,0.21640686163857725,0.6511627906976745,0.45850327965659243
gin,2078,CCn1c2ccc(C(C)=O)cc2c2c3c(c4c(c21)CCc1nn(C)cc1-4)C(=O)NC3,7.886056423187256,7.706220895488703,0.06739975064603414,0.7702702702702703,0.17983552769855304
gin,2082,CCn1c2ccccc2c2c3c(c4c(c21)CCc1nn(C)cc1-4)C(=O)NC3,7.823908805847168,7.589471806829901,0.15669268888889137,0.6805555555555556,0.23443699901726678
gin,3128,CO/N=C(/c1ccc2[nH]c3c4c(c5c(c3c2c1)CNC5=O)-c1cn(C)nc1CC4)C(C)C,8.397939682006836,7.684266770299833,0.30397671148702016,0.65,0.7136729117070031
gin,3129,CO/N=C(\C)c1ccc2[nH]c3c4c(c5c(c3c2c1)CNC5=O)-c1cn(C)nc1CC4,9.0,7.979805675552143,0.2034521380342722,0.6753246753246753,1.020194324447857
gin,3130,CO/N=C(\C)c1ccc2c(c1)c1c3c(c4c(c1n2C(C)C)CCc1nn(C)cc1-4)C(=O)NC3,8.397939682006836,7.980227425726601,0.11546366727260642,0.691358024691358,0.4177122562802351
gin,3131,CO/N=C(\C)c1ccc2c(c1)c1c3c(c4c(c1n2C)CCc1nn(C)cc1-4)C(=O)NC3,8.301030158996582,7.816688686492815,0.25753960087601196,0.5647058823529412,0.48434147250376736
gin,3132,CO/N=C(\C)c1ccc2c(c1)c1c3c(c4c(c1n2CC(C)C)CCc1nn(C)cc1-4)C(=O)NC3,8.276420593261719,7.7708810075680885,0.1561122540494024,0.7108433734939759,0.5055395856936302
gin,3166,CO/N=C/c1ccc2[nH]c3c4c(c5c(c3c2c1)CNC5=O)-c1cn(C)nc1CC4,7.744727611541748,8.013950709925743,0.070408700913204,0.6153846153846154,0.2692230983839945
gin,9168,Cn1cc2c(n1)CCc1c-2c2c(c3c1[nH]c1ccccc13)CNC2=O,7.79587984085083,7.625655066630941,0.1806061649796591,0.6571428571428571,0.17022477421988924
gin,429,CC(C(=O)Nc1ccc(-n2c3c(c4ncnc(N)c42)CCC3)cc1)c1ccccc1,6.698969841003418,6.907792817413754,0.15704642954788434,0.6615384615384615,0.2088229764103362
gin,3849,COc1cc(-n2c3c(c4ncnc(N)c42)CCC3)ccc1NC(=O)Cc1cc(C)ccc1F,6.698969841003418,6.389802001783262,0.23194292758048396,0.7160493827160493,0.309167839220156
gin,3850,COc1cc(-n2c3c(c4ncnc(N)c42)CCC3)ccc1NC(=O)Cc1ccc(OC(F)(F)F)cc1,6.698969841003418,6.53199950598669,0.05665915103284618,0.84,0.1669703350167282
gin,3851,COc1cc(-n2c3c(c4ncnc(N)c42)CCC3)ccc1NC(=O)Cc1ccc(OC)c(C(F)(F)F)c1,6.698969841003418,6.362867568031898,0.1381143970100891,0.7894736842105263,0.3361022729715204
gin,3908,COc1cc(CC(=O)Nc2ccc(-n3c4c(c5ncnc(N)c53)CCC4)cc2)cc(OC)c1,6.698969841003418,6.935495073153604,0.19656725191758476,0.7647058823529411,0.23652523215018562
gin,3909,COc1cc(CC(=O)Nc2ccc(-n3c4c(c5ncnc(N)c53)CCC4)cc2)ccc1C,6.698969841003418,6.841086183900676,0.1976070730601832,0.7746478873239436,0.14211634289725783
gin,3910,COc1cc(CC(=O)Nc2ccc(-n3c4c(c5ncnc(N)c53)CCC4)cc2)ccc1F,6.698969841003418,6.778532615642862,0.14568900539667237,0.8285714285714286,0.07956277463944428
gin,3955,COc1cc(F)c(CC(=O)Nc2ccc(-n3c4c(c5ncnc(N)c53)CCC4)cc2)c(F)c1,8.0,7.133344259733955,0.17792287673763388,0.7323943661971831,0.8666557402660446
gin,6062,COc1ccc(CC(=O)Nc2ccc(-n3c4c(c5ncnc(N)c53)CCC4)cc2)c(F)c1,6.698969841003418,6.94147378885044,0.0793435336087273,0.7534246575342466,0.24250394784702234
gin,6063,COc1ccc(CC(=O)Nc2ccc(-n3c4c(c5ncnc(N)c53)CCC4)cc2)c(OC)c1,6.698969841003418,6.656093631266404,0.049561560662967644,0.7671232876712328,0.042876209737014115
gin,6064,COc1ccc(CC(=O)Nc2ccc(-n3c4c(c5ncnc(N)c53)CCC4)cc2)cc1,6.698969841003418,6.930280291279303,0.04499674991299777,0.803030303030303,0.2313104502758847
gin,6065,COc1ccc(CC(=O)Nc2ccc(-n3c4c(c5ncnc(N)c53)CCC4)cc2)cc1Br,8.0,6.724756491228898,0.10440567364908009,0.7887323943661971,1.2752435087711023
gin,6066,COc1ccc(CC(=O)Nc2ccc(-n3c4c(c5ncnc(N)c53)CCC4)cc2)cc1C,6.698969841003418,6.7682485701050625,0.12111268581750738,0.8235294117647058,0.06927872910164456
gin,6067,COc1ccc(CC(=O)Nc2ccc(-n3c4c(c5ncnc(N)c53)CCC4)cc2)cc1C(F)(F)F,6.698969841003418,6.824446092126569,0.10797666131144888,0.9142857142857143,0.12547625112315064
gin,6068,COc1ccc(CC(=O)Nc2ccc(-n3c4c(c5ncnc(N)c53)CCC4)cc2)cc1F,6.698969841003418,6.858058861000155,0.1629589390029368,0.9104477611940298,0.1590890199967374
gin,6069,COc1ccc(CC(=O)Nc2ccc(-n3c4c(c5ncnc(N)c53)CCC4)cc2)cc1N(C)C,6.698969841003418,6.711202925450402,0.17903783866066442,0.7567567567567568,0.012233084446983788
gin,6072,COc1ccc(CC(=O)Nc2ccc(-n3c4c(c5ncnc(N)c53)CCC4)cc2F)c(F)c1,6.698969841003418,7.014621134822126,0.1089110322975602,0.8309859154929577,0.31565129381870793
gin,6073,COc1ccc(CC(=O)Nc2ccc(-n3c4c(c5ncnc(N)c53)CCC4)cc2OC)c(F)c1,6.698969841003418,6.487305606598728,0.11076494306776491,0.76,0.21166423440469018
gin,6474,COc1cccc(CC(=O)Nc2ccc(-n3c4c(c5ncnc(N)c53)CCC4)cc2)c1,6.698969841003418,6.833206274016277,0.1222574090117597,0.7323943661971831,0.13423643301285892
gin,7688,Cc1ccc(CC(=O)Nc2ccc(-n3c4c(c5ncnc(N)c53)CCC4)cc2)c(F)c1,8.0,6.943695766120517,0.07077280151265464,0.8088235294117647,1.0563042338794828
gin,7689,Cc1ccc(CC(=O)Nc2ccc(-n3c4c(c5ncnc(N)c53)CCC4)cc2)cc1F,6.698969841003418,6.8945592599020955,0.20408768432694982,0.7727272727272727,0.19558941889867754
gin,7717,Cc1ccc(F)c(CC(=O)Nc2ccc(-n3c4c(c5ncnc(N)c53)CCC4)cc2)c1,6.698969841003418,6.822549881803894,0.1407154337238434,0.8088235294117647,0.12358004080047635
gin,10274,Nc1ncnc2c3c(n(-c4ccc(NC(=O)Cc5cc(C(F)(F)F)ccc5F)c(F)c4)c12)CCC3,6.698969841003418,6.81732186388641,0.13205677477000163,0.8194444444444444,0.11835202288299218
gin,10276,Nc1ncnc2c3c(n(-c4ccc(NC(=O)Cc5cc(C(F)(F)F)ccc5F)cc4)c12)CCC3,6.698969841003418,6.7437918153198835,0.1278818220013926,0.7605633802816901,0.04482197431646551
gin,10278,Nc1ncnc2c3c(n(-c4ccc(NC(=O)Cc5cc(Cl)ccc5F)cc4)c12)CCC3,6.698969841003418,6.766588157324627,0.14779675421859784,0.6857142857142857,0.06761831632120874
gin,10282,Nc1ncnc2c3c(n(-c4ccc(NC(=O)Cc5ccc(Cl)c(Cl)c5)cc4)c12)CCC3,6.698969841003418,6.752853287807981,0.17526089020093513,0.9016393442622951,0.05388344680456303
gin,10283,Nc1ncnc2c3c(n(-c4ccc(NC(=O)Cc5ccc(Cl)cc5)cc4)c12)CCC3,6.698969841003418,6.904956735324627,0.08927041309416928,0.8305084745762712,0.2059868943212093
gin,10284,Nc1ncnc2c3c(n(-c4ccc(NC(=O)Cc5ccc(Cl)cc5F)cc4)c12)CCC3,6.698969841003418,6.92201926599824,0.09173797553421838,0.676056338028169,0.22304942499482205
gin,10286,Nc1ncnc2c3c(n(-c4ccc(NC(=O)Cc5ccc(F)cc5)cc4)c12)CCC3,6.698969841003418,6.876675261819945,0.09489084763672857,0.8305084745762712,0.17770542081652696
gin,10287,Nc1ncnc2c3c(n(-c4ccc(NC(=O)Cc5ccc(F)cc5Br)cc4)c12)CCC3,6.698969841003418,6.761568619609548,0.06331215943767518,0.6619718309859155,0.06259877860613017
gin,10288,Nc1ncnc2c3c(n(-c4ccc(NC(=O)Cc5ccc(F)cc5C(F)(F)F)cc4)c12)CCC3,6.698969841003418,6.783244875547491,0.08069979972509184,0.6933333333333334,0.08427503454407326
gin,10289,Nc1ncnc2c3c(n(-c4ccc(NC(=O)Cc5ccc(OC(F)(F)F)cc5)cc4)c12)CCC3,6.698969841003418,6.989493427226374,0.09509667732951263,1.0,0.2905235862229558
gin,10293,Nc1ncnc2c3c(n(-c4ccc(NC(=O)Cc5cccc(Cl)c5)cc4)c12)CCC3,6.698969841003418,6.867978693080066,0.14663869733366794,0.7575757575757576,0.16900885207664818
gin,10294,Nc1ncnc2c3c(n(-c4ccc(NC(=O)Cc5cccc(Cl)c5F)cc4)c12)CCC3,6.698969841003418,6.775695347068312,0.08621063738655681,0.6764705882352942,0.0767255060648937
gin,10295,Nc1ncnc2c3c(n(-c4ccc(NC(=O)Cc5cccc(O)c5)cc4)c12)CCC3,6.698969841003418,7.00725728035458,0.1873738534141478,0.7692307692307693,0.30828743935116165
gin,10296,Nc1ncnc2c3c(n(-c4ccc(NC(=O)Cc5cccc(OC(F)(F)F)c5)cc4)c12)CCC3,6.698969841003418,6.9585116193394,0.12302386303409989,0.8260869565217391,0.2595417783359819
gin,10297,Nc1ncnc2c3c(n(-c4ccc(NC(=O)Cc5cccc(OC(F)F)c5)cc4)c12)CCC3,6.698969841003418,6.750440978240497,0.12914525232528448,0.704225352112676,0.05147113723707886
gin,10299,Nc1ncnc2c3c(n(-c4ccc(NC(=O)Cc5ccccc5)cc4)c12)CCC3,6.698969841003418,6.876042022966852,0.11095935404507395,0.9272727272727272,0.17707218196343444
gin,10300,Nc1ncnc2c3c(n(-c4ccc(NC(=O)Cc5ccccc5)cc4F)c12)CCC3,6.698969841003418,7.014634433476677,0.15152730789392305,0.696969696969697,0.31566459247325884
gin,1485,CCN(CC)c1ccc(NC(=O)Nc2ccc(-c3ccnc4[nH]nc(C)c34)cc2)cc1,5.271483898162842,5.1300024804519735,0.15277627113030573,0.7450980392156863,0.1414814177108683
gin,1486,CCN(CC)c1cccc(NC(=O)Nc2ccc(-c3ccnc4[nH]nc(C)c34)cc2)c1,4.377102375030518,5.120241894125286,0.29702761690285884,0.6666666666666666,0.7431395190947683
gin,2036,CCc1cccc(NC(=O)Nc2ccc(-c3ccnc4[nH]nc(C(F)(F)F)c34)cc2)c1,4.301030158996582,6.642962897273748,0.47520501711766727,0.5362318840579711,2.3419327382771655
gin,2037,CCc1cccc(NC(=O)Nc2ccc(-c3ccnc4[nH]nc(C)c34)cc2)c1,5.917932987213135,5.417168542781212,0.36705046824647547,0.7017543859649122,0.5007644444319226
gin,2038,CCc1cccc(NC(=O)Nc2ccc(-c3ccnc4[nH]nc(CO)c34)cc2)c1,5.473660945892334,6.918948560330023,0.6916204301329915,0.5606060606060606,1.4452876144376887
gin,6494,COc1cccc(NC(=O)Nc2ccc(-c3ccnc4[nH]nc(N)c34)cc2)c1,8.414575576782227,7.475358406315991,0.12177799512005207,0.65,0.939217170466236
gin,7116,Cc1cc(C)cc(NC(=O)Nc2ccc(-c3ccnc4[nH]nc(N)c34)cc2)c1,8.979303359985352,7.531383158528797,0.10306818841192399,0.7169811320754716,1.4479202014565544
gin,7278,Cc1cc(NC(=O)Nc2ccc(-c3ccnc4[nH]nc(N)c34)cc2)ccc1F,8.939713478088379,7.698874353064393,0.3756637108872198,0.7368421052631579,1.240839125023986
gin,7728,Cc1ccc(F)c(NC(=O)Nc2ccc(-c3cc(O)nc4[nH]nc(C)c34)cc2)c1,5.731421947479248,6.449568215249049,0.6687657930485063,0.5757575757575758,0.718146267769801
gin,7745,Cc1ccc(F)c(NC(=O)Nc2ccc(-c3ccnc4[nH]nc(C)c34)cc2)c1,5.367238998413086,5.2181451363453375,0.26291703267800387,0.6875,0.14909386206774844
gin,7746,Cc1ccc(F)c(NC(=O)Nc2ccc(-c3ccnc4[nH]nc(N)c34)cc2)c1,8.849485397338867,7.680321527827611,0.12304609548468312,0.75,1.169163869511256
gin,7896,Cc1ccc(NC(=O)Nc2ccc(-c3ccnc4[nH]nc(C)c34)cc2)cc1,5.250804901123047,5.0064423017875015,0.13042315199846574,0.7708333333333334,0.24436259933554538
gin,7897,Cc1ccc(NC(=O)Nc2ccc(-c3ccnc4[nH]nc(N)c34)cc2)cc1,8.166741371154785,7.437868635100102,0.2180015663280763,0.74,0.728872736054683
gin,8312,Cc1cccc(NC(=O)Nc2ccc(-c3cc(O)nc4[nH]nc(C)c34)cc2)c1,5.9122185707092285,6.306088906076563,0.6339577181789725,0.5666666666666667,0.3938703353673345
gin,8350,Cc1cccc(NC(=O)Nc2ccc(-c3ccnc4[nH]nc(C(F)(F)F)c34)cc2)c1,4.301030158996582,6.199577190876611,0.23900769652087214,0.5806451612903226,1.898547031880029
gin,8351,Cc1cccc(NC(=O)Nc2ccc(-c3ccnc4[nH]nc(C)c34)cc2)c1,5.911863803863525,5.092418353904596,0.17855836096009353,0.7547169811320755,0.8194454499589297
gin,8352,Cc1cccc(NC(=O)Nc2ccc(-c3ccnc4[nH]nc(CO)c34)cc2)c1,5.308034896850586,6.547633858835269,0.5649286707655157,0.6,1.239598961984683
gin,8353,Cc1cccc(NC(=O)Nc2ccc(-c3ccnc4[nH]nc(N)c34)cc2)c1,8.849485397338867,7.557048109228314,0.16860937402669807,0.6724137931034483,1.2924372881105528
gin,8524,Cc1ccccc1NC(=O)Nc1ccc(-c2ccnc3[nH]nc(C)c23)cc1,5.364315032958984,4.760411582617128,0.19305927882633833,0.7777777777777778,0.6039034503418561
gin,8525,Cc1ccccc1NC(=O)Nc1ccc(-c2ccnc3[nH]nc(N)c23)cc1,8.056755065917969,6.918179750647209,0.33837545517913814,0.6607142857142857,1.13857531527076
gin,8693,Cc1n[nH]c2nccc(-c3ccc(NC(=O)Nc4ccc(N(C)C)cc4)cc3)c12,5.043543338775635,5.061863730858818,0.07345197789248854,0.7115384615384616,0.018320392083182924
gin,8695,Cc1n[nH]c2nccc(-c3ccc(NC(=O)Nc4cccc(Br)c4)cc3)c12,5.502379417419434,5.2746750871637955,0.24668945775318568,0.8113207547169812,0.22770433025563808
gin,8696,Cc1n[nH]c2nccc(-c3ccc(NC(=O)Nc4cccc(C#N)c4)cc3)c12,4.301030158996582,5.118035970409949,0.2532607160677122,0.6896551724137931,0.8170058114133667
gin,8697,Cc1n[nH]c2nccc(-c3ccc(NC(=O)Nc4cccc(C(F)(F)F)c4)cc3)c12,5.716472625732422,5.441558425494861,0.2544520284905256,0.8214285714285714,0.27491420023756064
gin,8698,Cc1n[nH]c2nccc(-c3ccc(NC(=O)Nc4cccc(CN(C)C)c4)cc3)c12,4.797647953033447,5.848369164416122,0.2214918196752114,0.6666666666666666,1.0507212113826752
gin,8699,Cc1n[nH]c2nccc(-c3ccc(NC(=O)Nc4cccc(Cl)c4)cc3)c12,5.392544746398926,5.164777184830693,0.25517773218660267,0.7272727272727273,0.22776756156823286
gin,8700,Cc1n[nH]c2nccc(-c3ccc(NC(=O)Nc4cccc(F)c4)cc3)c12,5.20565128326416,5.09255582342405,0.25218095303324545,0.7272727272727273,0.11309545984011038
gin,8701,Cc1n[nH]c2nccc(-c3ccc(NC(=O)Nc4cccc(N(C)C)c4)cc3)c12,5.159893989562988,5.007163935369856,0.19115801084716047,0.7017543859649122,0.15273005419313268
gin,9935,Nc1n[nH]c2nccc(-c3ccc(NC(=O)Nc4cc(C(F)(F)F)ccc4F)cc3)c12,8.36108112335205,7.701793645661515,0.19531400275867394,0.703125,0.659287477690536
gin,9936,Nc1n[nH]c2nccc(-c3ccc(NC(=O)Nc4cc(F)cc(F)c4)cc3)c12,8.146087646484375,7.492341364202086,0.0330808120364175,0.6981132075471698,0.653746282282289
gin,9937,Nc1n[nH]c2nccc(-c3ccc(NC(=O)Nc4ccc(F)c(C(F)(F)F)c4)cc3)c12,8.559593200683594,7.791872796031687,0.20614155298388373,0.6271186440677966,0.7677204046519064
gin,9938,Nc1n[nH]c2nccc(-c3ccc(NC(=O)Nc4ccc(F)c(Cl)c4)cc3)c12,8.51857852935791,7.122609972718716,0.2513183825491274,0.6491228070175439,1.3959685566391942
gin,9939,Nc1n[nH]c2nccc(-c3ccc(NC(=O)Nc4cccc(C(F)(F)F)c4)cc3)c12,8.677289009094238,7.676177807319012,0.18076930684592776,0.6451612903225806,1.0011112017752266
gin,9940,Nc1n[nH]c2nccc(-c3ccc(NC(=O)Nc4cccc(Cl)c4)cc3)c12,8.911953926086426,7.662580772033039,0.19434732413057304,0.7321428571428571,1.2493731540533872
gin,9941,Nc1n[nH]c2nccc(-c3ccc(NC(=O)Nc4ccccc4)cc3)c12,8.372364044189453,7.102644816594126,0.252443762204853,0.7551020408163265,1.2697192275953268
gin,5440,COc1cc2nccc(Oc3ccc(NC(=O)Nc4c(Cl)cccc4Cl)cc3)c2cc1OC,7.431798458099365,6.625151472028179,0.25912480743606114,0.6060606060606061,0.8066469860711862
gin,5441,COc1cc2nccc(Oc3ccc(NC(=O)Nc4c(F)cccc4F)cc3)c2cc1OC,8.74472713470459,8.095638860076141,0.16539537167073073,0.6290322580645161,0.6490882746284488
gin,5444,COc1cc2nccc(Oc3ccc(NC(=O)Nc4cc(Cl)cc(Cl)c4)cc3)c2cc1OC,8.050609588623047,8.353877443589681,0.22459068154849096,0.6612903225806451,0.30326785496663433
gin,5445,COc1cc2nccc(Oc3ccc(NC(=O)Nc4cc(Cl)ccc4Cl)cc3)c2cc1OC,8.221848487854004,7.854282931037251,0.09097472327154274,0.5882352941176471,0.3675655568167526
gin,5446,COc1cc2nccc(Oc3ccc(NC(=O)Nc4cc(F)cc(F)c4)cc3)c2cc1OC,8.74472713470459,8.11890299039419,0.21814525595072157,0.6896551724137931,0.6258241443103998
gin,5447,COc1cc2nccc(Oc3ccc(NC(=O)Nc4cc(F)ccc4F)cc3)c2cc1OC,9.397939682006836,8.156686196047076,0.2637612523568884,0.6612903225806451,1.24125348595976
gin,5448,COc1cc2nccc(Oc3ccc(NC(=O)Nc4ccc(C)cc4)cc3)c2cc1OC,9.301030158996582,7.932017599059407,0.17675933817118794,0.7288135593220338,1.3690125599371754
gin,5452,COc1cc2nccc(Oc3ccc(NC(=O)Nc4ccc(Cl)c(Cl)c4)cc3)c2cc1OC,8.431797981262207,7.716282166648796,0.10188884341776405,0.6440677966101694,0.7155158146134113
gin,5453,COc1cc2nccc(Oc3ccc(NC(=O)Nc4ccc(Cl)cc4)cc3)c2cc1OC,9.698969841003418,7.807988686649973,0.20859329756116976,0.6833333333333333,1.8909811543534447
gin,5454,COc1cc2nccc(Oc3ccc(NC(=O)Nc4ccc(Cl)cc4Cl)cc3)c2cc1OC,8.251811981201172,7.912680503827782,0.2681968960527853,0.6615384615384615,0.3391314773733898
gin,5456,COc1cc2nccc(Oc3ccc(NC(=O)Nc4ccc(F)c(F)c4)cc3)c2cc1OC,8.95860767364502,8.137438259403401,0.13593064892539364,0.6774193548387096,0.8211694142416182
gin,5457,COc1cc2nccc(Oc3ccc(NC(=O)Nc4ccc(F)cc4)cc3)c2cc1OC,9.397939682006836,8.01926275856014,0.20518719874370353,0.7777777777777778,1.3786769234466956
gin,5458,COc1cc2nccc(Oc3ccc(NC(=O)Nc4ccc(F)cc4F)c(C)c3)c2cc1OC,9.045757293701172,8.525921761846575,0.13823814887491329,0.6060606060606061,0.5198355318545964
gin,5459,COc1cc2nccc(Oc3ccc(NC(=O)Nc4ccc(F)cc4F)c(Cl)c3)c2cc1OC,9.397939682006836,9.13230118960712,0.09375812190877286,0.6923076923076923,0.2656384923997166
gin,5460,COc1cc2nccc(Oc3ccc(NC(=O)Nc4ccc(F)cc4F)c(F)c3)c2cc1OC,8.397939682006836,8.633674623758528,0.12350043619593698,0.6451612903225806,0.23573494175169252
gin,5461,COc1cc2nccc(Oc3ccc(NC(=O)Nc4ccc(F)cc4F)cc3)c2cc1OC,9.154901504516602,8.301550168143876,0.15219748383202486,0.75,0.8533513363727252
gin,5462,COc1cc2nccc(Oc3ccc(NC(=O)Nc4ccc(F)cc4F)cc3Cl)c2cc1OC,8.585026741027832,8.20518824249073,0.33642660331133384,0.6029411764705882,0.3798384985371026
gin,5463,COc1cc2nccc(Oc3ccc(NC(=O)Nc4ccc(F)cc4F)cc3F)c2cc1OC,9.0,8.236099900601062,0.29145825184300334,0.6774193548387096,0.7639000993989384
gin,5464,COc1cc2nccc(Oc3ccc(NC(=O)Nc4ccc([N+](=O)[O-])cc4)cc3)c2cc1OC,8.251811981201172,7.842332975440911,0.058704028839724295,0.6065573770491803,0.40947900576026086
gin,5465,COc1cc2nccc(Oc3ccc(NC(=O)Nc4cccc(C)c4)cc3)c2cc1OC,9.698969841003418,8.074999949282264,0.17840373590561412,0.6333333333333333,1.6239698917211545
gin,5466,COc1cc2nccc(Oc3ccc(NC(=O)Nc4cccc(Cl)c4)cc3)c2cc1OC,8.795880317687988,8.19348074315561,0.18849522037652824,0.6984126984126984,0.6023995745323791
gin,5467,COc1cc2nccc(Oc3ccc(NC(=O)Nc4cccc(Cl)c4Cl)cc3)c2cc1OC,7.568636417388916,7.810287300234411,0.026307387561823627,0.5797101449275363,0.2416508828454953
gin,5468,COc1cc2nccc(Oc3ccc(NC(=O)Nc4cccc(F)c4)cc3)c2cc1OC,8.920818328857422,8.180194310343722,0.19649186763224477,0.6984126984126984,0.7406240185136994
gin,5469,COc1cc2nccc(Oc3ccc(NC(=O)Nc4cccc(F)c4F)cc3)c2cc1OC,9.154901504516602,8.005871990164716,0.0308208003231117,0.6,1.149029514351886
gin,5470,COc1cc2nccc(Oc3ccc(NC(=O)Nc4cccc([N+](=O)[O-])c4)cc3)c2cc1OC,8.95860767364502,7.87399018467615,0.21564547412537124,0.5846153846153846,1.0846174889688696
gin,5471,COc1cc2nccc(Oc3ccc(NC(=O)Nc4ccccc4)cc3)c2cc1OC,9.698969841003418,7.781705987149792,0.14565276838872274,0.711864406779661,1.9172638538536262
gin,5472,COc1cc2nccc(Oc3ccc(NC(=O)Nc4ccccc4C)cc3)c2cc1OC,8.638272285461426,7.6210249309270734,0.10621141750608376,0.603448275862069,1.0172473545343523
gin,5473,COc1cc2nccc(Oc3ccc(NC(=O)Nc4ccccc4F)cc3)c2cc1OC,9.301030158996582,8.153445732176957,0.16616639138562994,0.6615384615384615,1.1475844268196251
gin,5474,COc1cc2nccc(Oc3ccc(NC(=O)Nc4ccccc4[N+](=O)[O-])cc3)c2cc1OC,7.721246242523193,8.148092810841566,0.1939183891547659,0.5555555555555556,0.4268465683183731
gin,6205,COc1ccc(NC(=O)Nc2ccc(Oc3ccnc4cc(OC)c(OC)cc34)cc2)cc1,8.95860767364502,7.740742374450917,0.2031566682300495,0.7346938775510204,1.2178652991941021
gin,6502,COc1cccc(NC(=O)Nc2ccc(Oc3ccnc4cc(OC)c(OC)cc34)cc2)c1,9.0,7.967867315581145,0.25303263101560974,0.7321428571428571,1.0321326844188548
gin,6570,COc1ccccc1NC(=O)Nc1ccc(Oc2ccnc3cc(OC)c(OC)cc23)cc1,9.698969841003418,7.5281618036481746,0.06305567232996899,0.625,2.1708080373552434
gin,7447,Cc1cc(Oc2ccc(NC(=O)Nc3cccc(C(F)(F)F)c3)cc2)c2ccccc2n1,5.0,7.616440626744539,0.13438276681536654,0.639344262295082,2.616440626744539
gin,11027,O=C(Nc1ccc(Oc2ccnc3ccccc23)cc1)Nc1ccc(Cl)c(C(F)(F)F)c1,6.924453258514404,7.541783532857664,0.07423227181927312,0.639344262295082,0.61733027434326
gin,11028,O=C(Nc1ccc(Oc2ccnc3ccccc23)cc1)Nc1cccc(C(F)(F)F)c1,8.301030158996582,7.528970717477439,0.1255064769060273,0.7241379310344828,0.7720594415191426
gin,27,C#Cc1cccc(Nc2nc(N)nc3[nH]c(Cc4ccc(Cl)cc4Cl)cc23)c1,4.067526340484619,4.834061935796588,0.17412747396933703,0.6349206349206349,0.7665355953119688
gin,33,C#Cc1cccc(Nc2ncnc3[nH]c(Cc4ccc(Cl)cc4Cl)cc23)c1,3.522878646850586,5.521565861128768,0.28296441148933515,0.6229508196721312,1.9986872142781822
gin,837,CC(C)c1ccc(Nc2nc(N)nc3[nH]c(Cc4ccc(Cl)cc4Cl)cc23)cc1,5.853871822357178,5.456299896408628,0.1796091111999207,0.6166666666666667,0.39757192594854995
gin,869,CC(C)c1ccccc1Nc1nc(N)nc2[nH]c(Cc3ccc(Cl)cc3Cl)cc12,3.522878646850586,5.050934616049953,0.21796050473777095,0.5384615384615384,1.5280559691993671
gin,2335,CN(c1cccc(Br)c1)c1nc(N)nc2[nH]c(Cc3ccccc3)cc12,4.04963493347168,4.36187559964992,0.19265953455925697,0.5396825396825397,0.31224066617824064
gin,2336,CN(c1cccc(Br)c1)c1nc(N)nc2c1cc(Cc1ccccc1)n2C,3.698970079421997,4.355910789937904,0.2454382334787928,0.37681159420289856,0.6569407105159071
gin,3949,COc1cc(Cc2cc3c(Nc4cccc(Br)c4)nc(N)nc3[nH]2)cc(OC)c1OC,5.025949001312256,5.029727669881557,0.2234122940790597,0.6721311475409836,0.0037786685693008693
gin,6296,COc1ccc(OC)c(Cc2cc3c(N(C)c4cccc(Br)c4)nc(N)nc3[nH]2)c1,3.698970079421997,4.687769272461537,0.3540466822990539,0.4533333333333333,0.9887991930395401
gin,6297,COc1ccc(OC)c(Cc2cc3c(N(C)c4cccc(Br)c4)nc(N)nc3n2C)c1,3.698970079421997,4.624553830041502,0.389160173515921,0.46153846153846156,0.9255837506195048
gin,6298,COc1ccc(OC)c(Cc2cc3c(Nc4ccc(Cl)cc4)nc(N)nc3[nH]2)c1,4.246417045593262,4.603375609968718,0.2160603989367946,0.6229508196721312,0.35695856437545626
gin,6299,COc1ccc(OC)c(Cc2cc3c(Nc4ccc(Cl)cc4F)nc(N)nc3[nH]2)c1,7.0,5.123324026368152,0.4212481186332992,0.4647887323943662,1.8766759736318477
gin,6300,COc1ccc(OC)c(Cc2cc3c(Nc4cccc(Br)c4)nc(N)nc3[nH]2)c1,6.207608222961426,4.598364246167724,0.25490728254892336,0.6984126984126984,1.6092439767937021
gin,6301,COc1ccc(OC)c(Cc2cc3c(Nc4cccc(Br)c4)nc(N)nc3n2C)c1,3.698970079421997,4.459339660690678,0.2856172152222074,0.6865671641791045,0.760369581268681
gin,6302,COc1ccc(OC)c(Cc2cc3c(Nc4cccc(Br)c4)ncnc3[nH]2)c1,3.522878646850586,5.201122683208344,0.3099794349517019,0.5645161290322581,1.678244036357758
gin,8508,Cc1ccccc1Cc1cc2c(N(C)c3cccc(Br)c3)nc(N)nc2[nH]1,3.698970079421997,4.784161577150409,0.2824770974696632,0.5076923076923077,1.0851914977284123
gin,8509,Cc1ccccc1Cc1cc2c(N(C)c3cccc(Br)c3)nc(N)nc2n1C,3.698970079421997,4.712287383256732,0.3089435768739742,0.4166666666666667,1.013317303834735
gin,8510,Cc1ccccc1Cc1cc2c(Nc3ccc(Cl)cc3)nc(N)nc2[nH]1,6.318758964538574,4.660247619212517,0.09524417805524837,0.7735849056603774,1.6585113453260574
gin,8511,Cc1ccccc1Cc1cc2c(Nc3ccc(Cl)cc3F)nc(N)nc2[nH]1,5.2941365242004395,5.23347417738042,0.28483201073186915,0.5714285714285714,0.060662346820019586
gin,8512,Cc1ccccc1Cc1cc2c(Nc3cccc(Br)c3)nc(N)nc2[nH]1,6.602059841156006,4.655664116455493,0.13432923714594872,0.7962962962962963,1.9463957247005128
gin,8513,Cc1ccccc1Cc1cc2c(Nc3cccc(Br)c3)nc(N)nc2n1C,3.934420347213745,4.54219513718499,0.19263451633654421,0.6557377049180327,0.6077747899712449
gin,8514,Cc1ccccc1Cc1cc2c(Nc3cccc(Br)c3)ncnc2[nH]1,4.565431118011475,5.368282788830261,0.24647844647438877,0.6545454545454545,0.8028516708187867
gin,8957,Clc1ccc(Cc2cc3c(Nc4cccc(Br)c4)ncnc3[nH]2)c(Cl)c1,3.522878646850586,5.5308660285001565,0.2581313127702789,0.603448275862069,2.0079873816495706
gin,9047,Cn1c(Cc2ccccc2)cc2c(Nc3cccc(Br)c3)nc(N)nc21,3.698970079421997,4.1128469480042895,0.17448534167093804,0.6206896551724138,0.41387686858229245
gin,9417,FC(F)(F)c1cccc(Nc2ncnc3[nH]c(Cc4ccc(Cl)cc4Cl)cc23)c1,3.522878646850586,5.616801120260344,0.26626879352870814,0.463768115942029,2.0939224734097577
gin,9968,Nc1nc(Nc2ccc(Br)cc2Cl)c2cc(Cc3ccc(Cl)cc3Cl)[nH]c2n1,7.0,5.087716315305784,0.25968535262557496,0.5396825396825397,1.9122836846942164
gin,9969,Nc1nc(Nc2ccc(C(F)(F)F)c(F)c2)c2cc(Cc3ccc(Cl)cc3Cl)[nH]c2n1,3.946537494659424,5.055725462613054,0.2991123131746245,0.5454545454545454,1.1091879679536305
gin,9976,Nc1nc(Nc2ccc(Cl)cc2F)c2cc(Cc3ccc(Cl)cc3Cl)[nH]c2n1,4.340083599090576,5.382755231218255,0.32907538269133174,0.5333333333333333,1.0426716321276785
gin,9996,Nc1nc(Nc2cccc(Br)c2)c2cc(Cc3ccc(Cl)c(Cl)c3)[nH]c2n1,4.301030158996582,5.356616262374321,0.22311155431784427,0.7678571428571429,1.0555861033777392
gin,9997,Nc1nc(Nc2cccc(Br)c2)c2cc(Cc3ccc(Cl)cc3)[nH]c2n1,5.081969738006592,4.289788376837957,0.10992483853693916,0.7962962962962963,0.7921813611686348
gin,9998,Nc1nc(Nc2cccc(Br)c2)c2cc(Cc3ccc(Cl)cc3Cl)[nH]c2n1,4.5512166023254395,4.8099696323924945,0.20210500816280708,0.7068965517241379,0.2587530300670551
gin,10001,Nc1nc(Nc2cccc(Br)c2)c2cc(Cc3ccccc3)[nH]c2n1,4.301030158996582,4.1658941039141455,0.09750155905575615,0.88,0.13513605508243653
gin,10002,Nc1nc(Nc2cccc(Br)c2)c2cc(Cc3ccccc3Cl)[nH]c2n1,5.253365993499756,4.764700160786599,0.17458518660244376,0.7962962962962963,0.4886658327131572
gin,10013,Nc1nc(Nc2cccc(C(F)(F)F)c2)c2cc(Cc3ccc(Cl)cc3Cl)[nH]c2n1,3.522878646850586,4.939978982311383,0.18925709844674776,0.5970149253731343,1.4171003354607974
gin,10017,Nc1nc(Nc2cccc(F)c2)c2cc(Cc3ccc(Cl)cc3Cl)[nH]c2n1,6.522878646850586,4.838100469207045,0.1666958401345291,0.6166666666666667,1.6847781776435413
gin,392,CC(=O)Nc1nn(C)c2cccc(-c3ccc(NC(=O)Nc4cccc(C)c4)cc3)c12,4.92081880569458,6.747657334737305,0.1637104173192962,0.5967741935483871,1.8268385290427247
gin,1450,CCN(CC)CCOc1ccc(-c2ccc(NC(=O)Nc3cccc(C)c3)cc2)c2c(N)n[nH]c12,7.455932140350342,7.60711376188586,0.09309054711975401,0.7464788732394366,0.1511816215355184
gin,1469,CCN(CC)CCOn1nc(N)c2c(-c3ccc(NC(=O)Nc4cc(C)ccc4F)cc3)cccc21,7.4773383140563965,7.389441910132082,0.20277104681560604,0.5657894736842105,0.08789640392431419
gin,2034,CCc1cccc(NC(=O)Nc2ccc(-c3cccc4[nH]nc(N)c34)cc2)c1,8.221848487854004,8.01684050004629,0.1465857766994245,0.6964285714285714,0.20500798780771312
gin,2216,CN(C)CCOc1ccc(NC(=O)Nc2ccc(-c3cccc4[nH]nc(N)c34)cc2)cc1F,8.459670066833496,7.49790911766316,0.10856103073448652,0.582089552238806,0.961760949170336
gin,3644,COCCOc1ccc(-c2ccc(NC(=O)Nc3cccc(C)c3)cc2)c2c(N)n[nH]c12,7.750844955444336,7.5982225469253235,0.07318389828856602,0.7794117647058824,0.15262240851901243
gin,3670,COCCOn1nc(N)c2c(-c3ccc(NC(=O)Nc4cc(C)ccc4F)cc3)cccc21,7.5796332359313965,7.351117992705649,0.1972447465788755,0.5972222222222222,0.2285152432257478
gin,3671,COCCOn1nc(N)c2c(-c3ccc(NC(=O)Nc4cccc(Cl)c4)cc3)cccc21,7.840968132019043,7.310310432580233,0.19787760407144156,0.5970149253731343,0.5306576994388097
gin,3688,COCCn1nc(N)c2c(-c3ccc(NC(=O)Nc4cc(C)ccc4F)cc3)cccc21,5.5100417137146,6.824068038425797,0.1091616057371408,0.6285714285714286,1.3140263247111976
gin,5888,COc1ccc(-c2ccc(NC(=O)Nc3cccc(C)c3)cc2)c2c(N)n[nH]c12,7.585026741027832,7.606423534165667,0.12061873616642578,0.7164179104477612,0.021396793137834713
gin,7275,Cc1cc(NC(=O)Nc2ccc(-c3cccc4[nH]nc(N)c34)cc2)ccc1F,8.221848487854004,7.854817657164024,0.2819440164107944,0.7678571428571429,0.36703083068997966
gin,7737,Cc1ccc(F)c(NC(=O)Nc2ccc(-c3cccc4[nH]nc(N)c34)cc2)c1,8.181255340576172,7.842527897151588,0.08604045562126426,0.7796610169491526,0.3387274434245837
gin,7889,Cc1ccc(NC(=O)Nc2ccc(-c3cccc4[nH]nc(N)c34)cc2)cc1,7.92081880569458,7.678989683853293,0.1626317197492573,0.8333333333333334,0.24182912184128735
gin,7890,Cc1ccc(NC(=O)Nc2ccc(-c3cccc4[nH]nc(N)c34)cc2)cc1F,7.381227970123291,7.934098124727029,0.16129668586821647,0.6984126984126984,0.5528701546037382
gin,8314,Cc1cccc(NC(=O)Nc2ccc(-c3ccc(Br)c4[nH]nc(N)c34)cc2)c1,8.0,7.3068015162089255,0.06366552046244048,0.6964285714285714,0.6931984837910745
gin,8315,Cc1cccc(NC(=O)Nc2ccc(-c3ccc(C)c4[nH]nc(N)c34)cc2)c1,8.522878646850586,7.024571001575239,0.3224372272727789,0.7222222222222222,1.4983076452753465
gin,8318,Cc1cccc(NC(=O)Nc2ccc(-c3ccc(F)c4[nH]nc(N)c34)cc2)c1,8.301030158996582,7.662460808652061,0.19315436527187113,0.6964285714285714,0.6385693503445209
gin,8325,Cc1cccc(NC(=O)Nc2ccc(-c3ccc(OCCN(C)C)c4[nH]nc(N)c34)cc2)c1,7.670517444610596,7.519120321404576,0.0975242880660307,0.7571428571428571,0.15139712320601983
gin,8331,Cc1cccc(NC(=O)Nc2ccc(-c3cccc4[nH]nc(N)c34)cc2)c1,8.2044677734375,7.735515051519617,0.13557180657921428,0.803921568627451,0.4689527219178826
gin,8332,Cc1cccc(NC(=O)Nc2ccc(-c3cccc4[nH]ncc34)cc2)c1,7.744727611541748,6.876450587187222,0.4253305613591133,0.6181818181818182,0.8682770243545264
gin,8344,Cc1cccc(NC(=O)Nc2ccc(-c3cccc4c3c(N(C)C)nn4C)cc2)c1,5.494850158691406,6.474555291451267,0.08954070848654509,0.5967741935483871,0.9797051327598609
gin,8345,Cc1cccc(NC(=O)Nc2ccc(-c3cccc4c3c(N)nn4C)cc2)c1,7.7984395027160645,7.118982689556314,0.27353051171067944,0.7962962962962963,0.6794568131597503
gin,8347,Cc1cccc(NC(=O)Nc2ccc(-c3cccc4c3c(N)nn4CCO)cc2)c1,6.221848964691162,6.498116705240158,0.1374721991123127,0.7704918032786885,0.27626774054899617
gin,8348,Cc1cccc(NC(=O)Nc2ccc(-c3cccc4c3cnn4C)cc2)c1,6.332547187805176,6.042283462879225,0.41185477554923017,0.5833333333333334,0.29026372492595076
gin,8522,Cc1ccccc1NC(=O)Nc1ccc(-c2cccc3[nH]nc(N)c23)cc1,7.078695297241211,7.238111210553295,0.26023157608399466,0.6727272727272727,0.15941591331208382
gin,9881,Nc1n[nH]c2cccc(-c3ccc(NC(=O)Nc4cc(C(F)(F)F)ccc4F)cc3)c12,6.933390140533447,7.804827113103461,0.1323627013203775,0.7868852459016393,0.871436972570014
gin,9882,Nc1n[nH]c2cccc(-c3ccc(NC(=O)Nc4ccc(F)cc4)cc3)c12,7.173925399780273,7.764787969774527,0.1468842141960992,0.8333333333333334,0.5908625699942531
gin,9884,Nc1n[nH]c2cccc(-c3ccc(NC(=O)Nc4cccc(Br)c4)cc3)c12,7.443697452545166,7.932783636623905,0.13945925274851612,0.7037037037037037,0.4890861840787393
gin,9885,Nc1n[nH]c2cccc(-c3ccc(NC(=O)Nc4cccc(C(F)(F)F)c4)cc3)c12,8.0,7.787204943239772,0.14336701808589952,0.7818181818181819,0.21279505676022836
gin,9886,Nc1n[nH]c2cccc(-c3ccc(NC(=O)Nc4cccc(Cl)c4)cc3)c12,7.824875831604004,7.844274053069853,0.14870679869218764,0.8571428571428571,0.01939822146584902
gin,9887,Nc1n[nH]c2cccc(-c3ccc(NC(=O)Nc4cccc(F)c4)cc3)c12,7.638272285461426,7.816484423166041,0.12559248217053268,0.8571428571428571,0.17821213770461508
gin,9888,Nc1n[nH]c2cccc(-c3ccc(NC(=O)Nc4cccc(O)c4)cc3)c12,7.259637355804443,7.927547523056546,0.10190710933597989,0.7169811320754716,0.6679101672521028
gin,9889,Nc1n[nH]c2cccc(-c3ccc(NC(=O)Nc4ccccc4)cc3)c12,7.193819999694824,7.419256967699728,0.17638065645817175,0.782608695652174,0.22543696800490398
gin,9890,Nc1n[nH]c2cccc(-c3ccc(NC(=O)Nc4ccccc4F)cc3)c12,7.086185932159424,7.809268838678918,0.1507257268984736,0.8113207547169812,0.7230829065194939
gin,687,CC(C)(O)COc1ccc2c(Oc3ccc(Nc4nccc5[nH]cc(-c6ccc(Br)cc6)c(=O)c45)cc3F)ccnc2c1,7.11861515045166,6.983505889587794,0.14150108708352988,0.6413043478260869,0.13510926086386643
gin,688,CC(C)(O)COc1ccc2c(Oc3ccc(Nc4nccc5[nH]cc(-c6ccc(Cl)cc6)c(=O)c45)cc3F)ccnc2c1,7.202040195465088,6.978124567735904,0.0746936033551454,0.6413043478260869,0.22391562772918405
gin,689,CC(C)(O)COc1ccc2c(Oc3ccc(Nc4nccc5[nH]cc(-c6ccc(F)cc6)c(=O)c45)cc3F)ccnc2c1,9.408935546875,7.064186998496211,0.07080366753178272,0.7126436781609196,2.3447485483787887
gin,690,CC(C)(O)COc1ccc2c(Oc3ccc(Nc4nccc5[nH]cc(-c6cccc(F)c6)c(=O)c45)cc3F)ccnc2c1,7.505845546722412,7.166743968383571,0.18537562949600347,0.6170212765957447,0.33910157833884114
gin,691,CC(C)(O)COc1ccc2c(Oc3ccc(Nc4nccc5[nH]cc(-c6ccccc6)c(=O)c45)cc3F)ccnc2c1,7.347367286682129,6.761083080973431,0.13820127279063546,0.6703296703296703,0.5862842057086981
gin,692,CC(C)(O)COc1ccc2c(Oc3ccc(Nc4nccc5[nH]cc(-c6ccccc6F)c(=O)c45)cc3F)ccnc2c1,7.530178070068359,6.430524053563478,0.2093676742486907,0.6170212765957447,1.0996540165048811
gin,695,CC(C)(O)COc1ccc2c(Oc3ccc(Nc4nccc5c4c(=O)c(-c4ccc(F)cc4)cn5CCO)cc3F)ccnc2c1,5.301030158996582,5.644941085812339,0.14116602288360142,0.8352941176470589,0.34391092681575675
gin,902,CC(C)n1cc(-c2ccc(F)cc2)c(=O)c2c(Nc3ccc(Oc4ccnc5cc(OCC(C)(C)O)ccc45)c(F)c3)nccc21,5.301030158996582,6.09683396938775,0.16430338962231814,0.8095238095238095,0.7958038103911678
gin,1351,CCCn1cc(-c2ccc(F)cc2)c(=O)c2c(Nc3ccc(Oc4ccnc5cc(OCC(C)(C)O)ccc45)c(F)c3)nccc21,5.301030158996582,5.649289169825901,0.16960862443277966,0.8255813953488372,0.3482590108293193
gin,2016,CCc1ccc(-c2c[nH]c3ccnc(Nc4ccc(Oc5ccnc6cc(OCC(C)(C)O)ccc56)c(F)c4)c3c2=O)cc1,6.78515625,7.190862768918578,0.18902288375667264,0.6344086021505376,0.4057065189185778
gin,2084,CCn1cc(-c2ccc(C)c(C)c2)c(=O)c2c(Nc3ccc(Oc4ccnc5cc(OCC(C)(C)O)ccc45)c(F)c3)nccc21,5.522878646850586,5.685474282923432,0.19410337174431386,0.7391304347826086,0.16259563607284644
gin,2085,CCn1cc(-c2ccc(C)cc2)c(=O)c2c(Nc3ccc(Oc4ccnc5cc(OCC(C)(C)O)ccc45)c(F)c3)nccc21,5.522878646850586,5.697602680918408,0.1775903419450892,0.7727272727272727,0.17472403406782178
gin,2088,CCn1cc(-c2ccc(F)cc2)c(=O)c2c(Nc3ccc(Oc4ccnc5cc(OCC(C)(C)O)ccc45)c(F)c3)nccc21,5.301030158996582,5.714559116629043,0.16462519881318544,0.8452380952380952,0.4135289576324608
gin,2090,CCn1cc(-c2cccc(C)c2)c(=O)c2c(Nc3ccc(Oc4ccnc5cc(OC)c(OC)cc45)c(F)c3)nccc21,5.522878646850586,5.664405382299075,0.17002770064395578,0.8481012658227848,0.14152673544848948
gin,2091,CCn1cc(-c2cccc(C)c2)c(=O)c2c(Nc3ccc(Oc4ccnc5cc(OCC(C)(C)O)ccc45)c(F)c3)nccc21,5.522878646850586,5.610634363842166,0.23540205265816466,0.7282608695652174,0.08775571699158036
gin,3677,COCCn1cc(-c2ccc(C)c(C)c2)c(=O)c2c(Nc3ccc(Oc4ccnc5cc(OCC(C)(C)O)ccc45)c(F)c3)nccc21,5.522878646850586,5.526046806465104,0.20232746512098232,0.7083333333333334,0.0031681596145176627
gin,3678,COCCn1cc(-c2ccc(C)cc2)c(=O)c2c(Nc3ccc(Oc4ccnc5cc(OCC(C)(C)O)ccc45)c(F)c3)nccc21,5.522878646850586,5.590084035611653,0.1716352032754563,0.7391304347826086,0.0672053887610673
gin,3679,COCCn1cc(-c2ccc(F)cc2)c(=O)c2c(Nc3ccc(Oc4ccnc5cc(OCC(C)(C)O)ccc45)c(F)c3)nccc21,5.301030158996582,5.608667590507821,0.15378180866367355,0.8068181818181818,0.3076374315112389
gin,3681,COCCn1cc(-c2cccc(C)c2)c(=O)c2c(Nc3ccc(Oc4ccnc5cc(OCC(C)(C)O)ccc45)c(F)c3)nccc21,5.522878646850586,5.500049439490908,0.23410104709410487,0.6979166666666666,0.02282920735967764
gin,5350,COc1cc2c(Oc3ccc(Nc4nccc5[nH]cc(-c6ccc(F)cc6)c(=O)c45)cc3F)ccnc2cc1OCC(C)(C)O,7.326979160308838,7.194509104720244,0.1052275650287513,0.8518518518518519,0.13247005558859382
gin,5351,COc1cc2c(Oc3ccc(Nc4nccc5[nH]cc(-c6ccc(F)cc6)c(=O)c45)cc3F)ccnc2cc1OCC(C)O,7.546681880950928,7.440559058102849,0.16196446665870168,0.7195121951219512,0.10612282284807861
gin,5358,COc1cc2c(Oc3ccc(Nc4nccc5[nH]cc(-c6ccccc6)c(=O)c45)cc3F)ccnc2cc1OCC(C)(C)O,7.3106913566589355,6.917639751077971,0.15478980421523758,0.7647058823529411,0.39305160558096475
gin,5481,COc1cc2nccc(Oc3ccc(Nc4nccc5[nH]cc(-c6ccc(F)cc6)c(=O)c45)cc3F)c2cc1OC,6.886658668518066,7.135275945657706,0.10890275067851271,0.8309859154929577,0.24861727713963955
gin,5482,COc1cc2nccc(Oc3ccc(Nc4nccc5[nH]cc(-c6ccc(F)cc6)c(=O)c45)cc3F)c2cc1OCC(C)(C)O,7.43889856338501,7.160074054490337,0.09805397171315905,0.8518518518518519,0.27882450889467236
gin,5483,COc1cc2nccc(Oc3ccc(Nc4nccc5[nH]cc(-c6cccc(C)c6)c(=O)c45)cc3F)c2cc1OC,7.744727611541748,6.986210769555399,0.2308511105564835,0.84,0.7585168419863493
gin,5484,COc1cc2nccc(Oc3ccc(Nc4nccc5[nH]cc(-c6ccccc6)c(=O)c45)cc3F)c2cc1OCC(C)(C)O,7.552842140197754,6.880091982951957,0.1490090293203999,0.7647058823529411,0.6727501572457966
gin,5843,COc1ccc(-c2c[nH]c3ccnc(Nc4ccc(Oc5ccnc6cc(OCC(C)(C)O)ccc56)c(F)c4)c3c2=O)cc1,7.225482940673828,6.898505128487997,0.12854259409602523,0.6741573033707865,0.3269778121858309
gin,6362,COc1ccc2c(Oc3ccc(Nc4nccc5[nH]cc(-c6ccc(F)cc6)c(=O)c45)cc3F)ccnc2c1,6.903090000152588,7.0251934775341836,0.06423983219719817,0.7142857142857143,0.12210347738159566
gin,7522,Cc1ccc(-c2c[nH]c3ccnc(Nc4ccc(Oc5ccnc6cc(OCC(C)(C)O)ccc56)c(F)c4)c3c2=O)cc1,7.2055816650390625,7.0128227359784505,0.09884942735302445,0.6483516483516484,0.19275892906061198
gin,7523,Cc1ccc(-c2c[nH]c3ccnc(Nc4ccc(Oc5ccnc6cc(OCC(C)(C)O)ccc56)c(F)c4)c3c2=O)cc1C,7.063989162445068,6.974796028454501,0.25892640162494907,0.6170212765957447,0.08919313399056694
gin,8191,Cc1cccc(-c2c[nH]c3ccnc(Nc4ccc(Oc5ccnc6cc(OCC(C)(C)O)ccc56)c(F)c4)c3c2=O)c1,7.465973854064941,6.89118787566161,0.1996354889005488,0.6404494382022472,0.5747859784033311
gin,8500,Cc1ccccc1-c1c[nH]c2ccnc(Nc3ccc(Oc4ccnc5cc(OCC(C)(C)O)ccc45)c(F)c3)c2c1=O,7.313363552093506,6.449152381848862,0.23250643597403142,0.6041666666666666,0.8642111702446442
gin,9069,Cn1cc(-c2ccc(F)cc2)c(=O)c2c(Nc3ccc(Oc4ccnc5cc(OCC(C)(C)O)ccc45)c(F)c3)nccc21,5.301030158996582,6.051674186637352,0.09300799865626684,0.8292682926829268,0.75064402764077
gin,1306,CCCc1c(C(=O)OCC)cn2ncnc(Nc3ccc(C)c(O)c3)c12,8.522878646850586,6.875718484984148,0.13949717991401087,0.6619718309859155,1.647160161866438
gin,1317,CCCc1ccc(Nc2ncnn3cc(C(=O)OC)c(C)c23)cc1O,6.721246242523193,7.11061119903879,0.13713357561949743,0.5352112676056338,0.389364956515597
gin,1760,CCOC(=O)Nc1cn2ncnc(Nc3cc(C(=O)NOC)c(F)cc3F)c2c1C(C)C,7.180456161499023,7.4782666542678085,0.17554297557162746,0.8055555555555556,0.297810492768785
gin,1794,CCOC(=O)c1cn2ncnc(Nc3cc(C(=O)NOC(C)C)c(F)cc3F)c2c1C(C)C,6.455932140350342,6.877274120770902,0.10645444616530134,0.7777777777777778,0.4213419804205598
gin,1795,CCOC(=O)c1cn2ncnc(Nc3cc(C(=O)NOC)c(C)cc3C)c2c1C(C)C,7.886056423187256,6.2497187645136405,0.2782939476776214,0.6233766233766234,1.6363376586736154
gin,1796,CCOC(=O)c1cn2ncnc(Nc3cc(C(=O)NOC)c(F)cc3F)c2c1C(C)C,7.886056423187256,7.19171082737508,0.1257388898459558,0.7887323943661971,0.6943455958121758
gin,1797,CCOC(=O)c1cn2ncnc(Nc3cc(C(=O)NOC)ccc3F)c2c1C(C)C,7.4685211181640625,7.21299881769814,0.15483480555318294,0.6329113924050633,0.2555223004659224
gin,1798,CCOC(=O)c1cn2ncnc(Nc3cc(C(=O)NOCC(C)C)c(F)cc3F)c2c1C(C)C,5.92081880569458,6.799607248337954,0.12374193478857518,0.8055555555555556,0.8787884426433736
gin,1800,CCOC(=O)c1cn2ncnc(Nc3ccc(Br)c(C(=O)NOC)c3)c2c1C(C)C,6.568636417388916,6.584287101478061,0.09296470497530361,0.5714285714285714,0.015650684089145273
gin,1801,CCOC(=O)c1cn2ncnc(Nc3ccc(C)c(C(=O)NOC)c3)c2c1C(C)C,6.92081880569458,6.534140234049873,0.02874439068796558,0.5866666666666667,0.3866785716447074
gin,1802,CCOC(=O)c1cn2ncnc(Nc3ccc(C)c(O)c3)c2c1C(C)C,7.853871822357178,7.730141894190107,0.3001273619096016,0.647887323943662,0.12372992816707029
gin,1803,CCOC(=O)c1cn2ncnc(Nc3ccc(C)c(O)c3)c2c1OCC,7.193819999694824,6.33926941858815,0.26711007739589926,0.5652173913043478,0.8545505811066745
gin,1804,CCOC(=O)c1cn2ncnc(Nc3ccc(F)c(C(=O)NOC)c3)c2c1C(C)C,7.102373123168945,6.729293494088235,0.14236832448047068,0.620253164556962,0.3730796290807099
gin,1805,CCOC(=O)c1cn2ncnc(Nc3cccc(C(=O)NOC)c3)c2c1C(C)C,6.886056423187256,6.758456966106697,0.08339646290737351,0.7142857142857143,0.1275994570805592
gin,1831,CCONC(=O)c1cc(Nc2ncnn3cc(C(=O)OCC)c(C(C)C)c23)c(F)cc1F,7.397940158843994,6.9996666224677995,0.10396702556494365,0.8405797101449275,0.39827353637619467
gin,2028,CCc1ccc(Nc2ncnn3cc(C(=O)OC)c(C)c23)cc1O,7.259637355804443,7.333346156628029,0.21024050223775478,0.5588235294117647,0.073708800823586
gin,3391,COC(=O)c1cn2ncnc(Nc3ccc(Br)c(O)c3)c2c1C,7.481485843658447,7.251834207389294,0.3172746708679962,0.5441176470588235,0.22965163626915341
gin,3392,COC(=O)c1cn2ncnc(Nc3ccc(C(C)C)c(O)c3)c2c1C,6.4202165603637695,7.2492507746920865,0.04134836544213143,0.5285714285714286,0.8290342143283169
gin,3393,COC(=O)c1cn2ncnc(Nc3ccc(C(F)(F)F)c(O)c3)c2c1C,6.431798458099365,6.822692188051522,0.13712015213140455,0.5211267605633803,0.39089372995215665
gin,3394,COC(=O)c1cn2ncnc(Nc3ccc(C)c(O)c3)c2c1C,8.0,7.494219029037576,0.2711524903529059,0.6612903225806451,0.5057809709624239
gin,3395,COC(=O)c1cn2ncnc(Nc3ccc(C)c(O)c3)c2c1C(C)(C)C,6.508638381958008,6.702274959182167,0.27963316791935044,0.5507246376811594,0.19363657722415883
gin,3396,COC(=O)c1cn2ncnc(Nc3cccc(O)c3)c2c1C,7.214670181274414,6.720429995615002,0.04207490104600095,0.4927536231884058,0.49424018565941186
gin,3474,COCCCNC(=O)c1cn2ncnc(Nc3ccc(C)c(O)c3)c2c1C,6.823908805847168,7.4919654956380555,0.13857173031469455,0.7741935483870968,0.6680566897908875
gin,3745,CONC(=O)c1cc(Nc2ncnn3cc(NC(=O)OCCCS(C)(=O)=O)c(C(C)C)c23)c(F)cc1F,7.207608222961426,7.382810940509709,0.09847225516622574,0.775,0.17520271754828354
gin,7497,Cc1cc2c(Nc3ccc(C)c(O)c3)ncnn2c1,6.2911810874938965,7.132897095605249,0.5366973822679443,0.484375,0.8417160081113524
gin,7498,Cc1cc2c(Nc3ccc(F)c(Cl)c3)ncnn2c1,6.25999641418457,5.304242679560787,0.27435398712731807,0.46296296296296297,0.9557537346237837
gin,8018,Cc1ccc(Nc2ncnn3c(C)ccc23)cc1O,4.765826225280762,7.608092202254966,0.3144369345008299,0.42424242424242425,2.842265976974204
gin,8023,Cc1ccc(Nc2ncnn3cc(C)c(C)c23)cc1O,7.198969841003418,7.088490671617341,0.4341084493283534,0.6101694915254238,0.11047916938607738
gin,8028,Cc1ccc(Nc2ncnn3ccc(C)c23)cc1O,6.841386318206787,6.422281849259619,0.2960239975688785,0.5161290322580645,0.41910446894716813
gin,8029,Cc1ccc(Nc2ncnn3cccc23)cc1O,6.067033767700195,6.76364451829708,0.16382845627218487,0.46153846153846156,0.6966107505968848
gin,8151,Cc1ccc2c(Nc3ccc(F)c(Cl)c3)ncnn12,5.593543529510498,6.111690150588724,0.5118105938412422,0.4716981132075472,0.518146621078226
gin,8556,Cc1ccn2ncnc(Nc3ccc(F)c(Cl)c3)c12,6.0,4.696202122119644,0.4911447048393983,0.5833333333333334,1.3037978778803563
gin,9460,Fc1ccc(Nc2ncnn3cccc23)cc1Cl,5.964058876037598,5.400843455060358,0.3168359050930058,0.5,0.5632154209772393
gin,1893,CCOc1cccc2c1c(/C=C1\C(=O)NN=C1c1cnns1)cn2C,7.602059841156006,7.9762101050476035,0.19108287834376572,0.5714285714285714,0.37415026389159767
gin,1894,CCOc1cccc2c1c(/C=C1\C(=O)NN=C1c1snnc1C)cn2C,7.431956768035889,7.303052097051079,0.17731572292146291,0.5416666666666666,0.1289046709848094
gin,3382,COC(=O)c1ccc2c(c1)c(/C=C1\C(=O)NN=C1c1cnns1)cn2C,7.136677265167236,7.555599432441416,0.2619139895092853,0.5068493150684932,0.41892216727417964
gin,3388,COC(=O)c1cccc2c1c(/C=C1\C(=O)NN=C1c1cnns1)cn2C,7.6575775146484375,7.678696762829513,0.2420791448588359,0.5068493150684932,0.021119248181075356
gin,6315,COc1ccc(OC)c2c1c(/C=C1\C(=O)NN=C1c1cnns1)cn2C,8.0,8.121680831388858,0.1435772230174571,0.5,0.12168083138885777
gin,6316,COc1ccc(OC)c2c1c(/C=C1\C(=O)NN=C1c1snnc1C)cn2C,7.698969841003418,7.4242215983756905,0.14357242060400804,0.4861111111111111,0.27474824262772746
gin,6367,COc1ccc2c(c(/C=C3\C(=O)NN=C3c3cnns3)cn2C)c1Br,8.221848487854004,7.95487858730155,0.34397618208446884,0.5138888888888888,0.2669699005524535
gin,6368,COc1ccc2c(c(/C=C3\C(=O)NN=C3c3snnc3C)cn2C)c1Br,7.638272285461426,7.303062039736308,0.38692830689982716,0.5,0.3352102457251176
gin,6426,COc1ccc2c(c1)c(/C=C1\C(=O)NN=C1c1cnns1)cn2C,7.552842140197754,7.798811437916129,0.13545036886247708,0.671875,0.24596929771837495
gin,6427,COc1ccc2c(c1)c(/C=C1\C(=O)NN=C1c1snnc1C)cn2C,7.045757293701172,7.123956849682476,0.1935681629563171,0.6268656716417911,0.07819955598130424
gin,6543,COc1cccc2c(/C=C3\C(=O)NN=C3c3snnc3C)cn(C)c12,6.962573528289795,7.303820588981201,0.19378182021293963,0.47297297297297297,0.34124706069140576
gin,6545,COc1cccc2c1c(/C=C1\C(=O)NN=C1c1cnns1)cn2C,7.886056423187256,7.993361387335274,0.18452053363175752,0.671875,0.10730496414801838
gin,6546,COc1cccc2c1c(/C=C1\C(=O)NN=C1c1snnc1C)cn2C,7.721246242523193,7.32704347093005,0.18438468772388286,0.6363636363636364,0.3942027715931431
gin,7047,Cc1cc(Br)c2c(/C=C3\C(=O)NN=C3c3cnns3)cn(C)c2c1,7.92081880569458,7.999997441000725,0.16533115628965248,0.4857142857142857,0.07917863530614522
gin,8153,Cc1ccc2c(c1)c(/C=C1\C(=O)NN=C1c1cnns1)cn2C,7.455932140350342,7.761979098585907,0.10767726888328759,0.5223880597014925,0.30604695823556494
gin,8863,Cc1nnsc1C1=NNC(=O)/C1=C\c1c[nH]c2ccc(Cl)cc12,6.522878646850586,7.122680992793373,0.24579916060849408,0.5245901639344263,0.5998023459427868
gin,8864,Cc1nnsc1C1=NNC(=O)/C1=C\c1c[nH]c2ccccc12,6.0,7.025454673377827,0.22517726837999066,0.5344827586206896,1.0254546733778271
gin,8865,Cc1nnsc1C1=NNC(=O)/C1=C\c1cn(C)c2ccc(C#N)cc12,6.522878646850586,7.205637198456429,0.16026272811174702,0.48484848484848486,0.6827585516058434
gin,8866,Cc1nnsc1C1=NNC(=O)/C1=C\c1cn(C)c2ccc(Cl)cc12,6.8181562423706055,7.090885475046349,0.260385969426149,0.640625,0.27272923267574356
gin,8867,Cc1nnsc1C1=NNC(=O)/C1=C\c1cn(C)c2ccc(F)cc12,7.004364967346191,7.0627817489541185,0.29087695501897065,0.640625,0.05841678160792707
gin,8868,Cc1nnsc1C1=NNC(=O)/C1=C\c1cn(C)c2cccc(Br)c12,7.4685211181640625,7.2842878582693045,0.2747593552836039,0.640625,0.18423325989475803
gin,8869,Cc1nnsc1C1=NNC(=O)/C1=C\c1cn(C)c2cccc(C)c12,7.236571788787842,7.112629777018971,0.22292257514916233,0.5245901639344263,0.12394201176887076
gin,8870,Cc1nnsc1C1=NNC(=O)/C1=C\c1cn(C)c2cccc(Cl)c12,7.346787452697754,7.207426205594913,0.1521327237197882,0.6153846153846154,0.13936124710284048
gin,8871,Cc1nnsc1C1=NNC(=O)/C1=C\c1cn(C)c2cccc(F)c12,6.863279342651367,7.240499796673466,0.19654160247865016,0.6153846153846154,0.3772204540220985
gin,8873,Cc1nnsc1C1=NNC(=O)/C1=C\c1cn(C)c2ccccc12,7.022276401519775,7.01236747619987,0.1414952572176035,0.6166666666666667,0.009908925319905393
gin,9122,Cn1cc(/C=C2\C(=O)NN=C2c2cnns2)c2c(Br)cccc21,8.09691047668457,7.91618816797173,0.2557555595155769,0.6612903225806451,0.18072230871284045
gin,9123,Cn1cc(/C=C2\C(=O)NN=C2c2cnns2)c2c(Cl)cccc21,7.79587984085083,7.8519266649052115,0.14368215861039788,0.6612903225806451,0.05604682405438144
gin,9124,Cn1cc(/C=C2\C(=O)NN=C2c2cnns2)c2c(F)cccc21,7.79587984085083,7.887091588373494,0.19896965706162564,0.6612903225806451,0.0912117475226637
gin,9125,Cn1cc(/C=C2\C(=O)NN=C2c2cnns2)c2cc(Br)ccc21,6.958607196807861,7.859799167864783,0.1525347884789357,0.5223880597014925,0.9011919710569218
gin,9126,Cn1cc(/C=C2\C(=O)NN=C2c2cnns2)c2cc(C#N)ccc21,6.759450912475586,7.818057170639652,0.1069327204411325,0.49295774647887325,1.0586062581640663
gin,9127,Cn1cc(/C=C2\C(=O)NN=C2c2cnns2)c2cc(Cl)ccc21,7.4685211181640625,7.726567636595216,0.19813552360176007,0.6612903225806451,0.25804651843115334
gin,9128,Cn1cc(/C=C2\C(=O)NN=C2c2cnns2)c2cc(F)ccc21,7.318758964538574,7.681322007398232,0.16674465193557597,0.6612903225806451,0.3625630428596578
gin,9129,Cn1cc(/C=C2\C(=O)NN=C2c2cnns2)c2ccc(Cl)cc21,7.136677265167236,7.659957706339924,0.0544777097058199,0.5606060606060606,0.5232804411726875
gin,2852,CNC(=O)c1ccccc1Sc1ccc2c(C#Cc3ccc(NC(=O)COCCOCCOCCOC)cc3)n[nH]c2c1,8.376750946044922,8.312895748727746,0.14540702663063138,0.8157894736842105,0.06385519731717615
gin,2855,CNC(=O)c1ccccc1Sc1ccc2c(C#Cc3ccc(NC(=O)COCCOCCOCCOCCOC)cc3)n[nH]c2c1,8.30980396270752,8.277472841378994,0.12385482264352662,0.8157894736842105,0.032331121328525114
gin,2857,CNC(=O)c1ccccc1Sc1ccc2c(C#Cc3ccc(NC(=O)COCCOCCOCCOCCOCCOC)cc3)n[nH]c2c1,8.318758964538574,8.232997732720454,0.08696472605851227,0.8157894736842105,0.08576123181812001
gin,2859,CNC(=O)c1ccccc1Sc1ccc2c(C#Cc3ccc(NC(=O)NCCOC)cc3)n[nH]c2c1,8.346787452697754,8.148973126674832,0.2833578494613201,0.7792207792207793,0.1978143260229217
gin,2860,CNC(=O)c1ccccc1Sc1ccc2c(C#Cc3ccc(NC(=O)NCCOCCOC)cc3)n[nH]c2c1,8.468521118164062,8.224460347122431,0.185008734439597,0.8552631578947368,0.2440607710416316
gin,2861,CNC(=O)c1ccccc1Sc1ccc2c(C#Cc3ccc(NC(=O)NCCOCCOCCN(C)C)cc3)n[nH]c2c1,8.455931663513184,8.13114987414186,0.18566887357686276,0.7586206896551724,0.3247817893713236
gin,2862,CNC(=O)c1ccccc1Sc1ccc2c(C#Cc3ccc(NC(=O)NCCOCCOCCN)cc3)n[nH]c2c1,8.552842140197754,8.288482724852505,0.1809388837620076,0.7764705882352941,0.26435941534524865
gin,2864,CNC(=O)c1ccccc1Sc1ccc2c(C#Cc3ccc(NC(=O)NCCOCCOCCNC(C)=O)cc3)n[nH]c2c1,8.29242992401123,7.719514015194686,0.22258265892331153,0.7857142857142857,0.5729159088165447
gin,2865,CNC(=O)c1ccccc1Sc1ccc2c(C#Cc3ccc(NC(=O)NCCOCCOCCO)cc3)n[nH]c2c1,8.537602424621582,8.36222288777814,0.2113020207126022,0.7857142857142857,0.1753795368434421
gin,2866,CNC(=O)c1ccccc1Sc1ccc2c(C#Cc3ccc(NC(=O)NCCOCCOCCOC)cc3)n[nH]c2c1,8.508638381958008,8.183504898945936,0.17329466533724044,0.8552631578947368,0.32513348301207223
gin,2869,CNC(=O)c1ccccc1Sc1ccc2c(C#Cc3ccc(NC(=O)NCCOCCOCCOCCOC)cc3)n[nH]c2c1,8.408935546875,8.152269990865193,0.15745286452109153,0.8552631578947368,0.256665556009807
gin,2872,CNC(=O)c1ccccc1Sc1ccc2c(C#Cc3ccc(NC(=O)NCCOCCOCCOCCOCCOC)cc3)n[nH]c2c1,8.408935546875,8.127384676919291,0.13652206995150284,0.8552631578947368,0.28155086995570855
gin,2875,CNC(=O)c1ccccc1Sc1ccc2c(C#Cc3ccc(NC(=O)OCCOC)cc3)n[nH]c2c1,8.119186401367188,8.326698249478758,0.211039343645251,0.6790123456790124,0.20751184811157053
gin,2876,CNC(=O)c1ccccc1Sc1ccc2c(C#Cc3ccc(NC(=O)OCCOCCOC)cc3)n[nH]c2c1,8.236572265625,8.320901689034676,0.1451325736450792,0.7160493827160493,0.08432942340967564
gin,2877,CNC(=O)c1ccccc1Sc1ccc2c(C#Cc3ccc(NC(=O)OCCOCCOCCOC)cc3)n[nH]c2c1,8.28399658203125,8.28163078719039,0.12593435258661698,0.7160493827160493,0.0023657948408608576
gin,2878,CNC(=O)c1ccccc1Sc1ccc2c(C#Cc3ccc(NC(=O)OCCOCCOCCOCCOC)cc3)n[nH]c2c1,8.193819999694824,8.247753028224261,0.10829731824568546,0.7160493827160493,0.053933028529437266
gin,2879,CNC(=O)c1ccccc1Sc1ccc2c(C#Cc3ccc(NC(=O)OCCOCCOCCOCCOCCOC)cc3)n[nH]c2c1,8.09691047668457,8.204208925562474,0.0716428536823186,0.7160493827160493,0.10729844887790385
gin,2880,CNC(=O)c1ccccc1Sc1ccc2c(C#Cc3ccc(NCCOCCOC)cc3)n[nH]c2c1,8.431797981262207,8.30798100678976,0.18795261334409388,0.7468354430379747,0.12381697447244733
gin,2881,CNC(=O)c1ccccc1Sc1ccc2c(C#Cc3ccc(NCCOCCOCCOC)cc3)n[nH]c2c1,8.397939682006836,8.267953709531639,0.16320005868141574,0.7468354430379747,0.12998597247519683
gin,2882,CNC(=O)c1ccccc1Sc1ccc2c(C#Cc3ccc(NCCOCCOCCOCCOC)cc3)n[nH]c2c1,8.431797981262207,8.232295032815765,0.14319804868789193,0.7468354430379747,0.19950294844644212
gin,2883,CNC(=O)c1ccccc1Sc1ccc2c(C#Cc3ccc(NCCOCCOCCOCCOCCOC)cc3)n[nH]c2c1,8.376750946044922,8.201721801671434,0.12596217004350416,0.7468354430379747,0.1750291443734877
gin,2884,CNC(=O)c1ccccc1Sc1ccc2c(C#Cc3cccc(NC(=O)COCCOCCOCCOCCOCCOC)c3)n[nH]c2c1,8.337242126464844,8.601347422797213,0.10632305577021979,0.782051282051282,0.2641052963323691
gin,2885,CNC(=O)c1ccccc1Sc1ccc2c(C#Cc3cccc(NC(=O)NCCOC)c3)n[nH]c2c1,8.397939682006836,8.471830498764916,0.16054186451203536,0.7692307692307693,0.07389081675808029
gin,2886,CNC(=O)c1ccccc1Sc1ccc2c(C#Cc3cccc(NC(=O)NCCOCCOC)c3)n[nH]c2c1,8.327901840209961,8.582767925117688,0.06026371020977885,0.8441558441558441,0.2548660849077269
gin,2887,CNC(=O)c1ccccc1Sc1ccc2c(C#Cc3cccc(NC(=O)NCCOCCOCCOC)c3)n[nH]c2c1,8.229147911071777,8.525973604059232,0.050881399645719874,0.8441558441558441,0.2968256929874542
gin,2888,CNC(=O)c1ccccc1Sc1ccc2c(C#Cc3cccc(NC(=O)NCCOCCOCCOCCOC)c3)n[nH]c2c1,8.173925399780273,8.475491109958474,0.04500126472320696,0.8441558441558441,0.3015657101782008
gin,2889,CNC(=O)c1ccccc1Sc1ccc2c(C#Cc3cccc(NC(=O)NCCOCCOCCOCCOCCOC)c3)n[nH]c2c1,8.113509178161621,8.427295383371339,0.03745967561464645,0.8441558441558441,0.313786205209718
gin,2890,CNC(=O)c1ccccc1Sc1ccc2c(C#Cc3cccc(NC(=O)OCCOC)c3)n[nH]c2c1,8.055517196655273,8.834642238391742,0.14754169343270768,0.6626506024096386,0.779125041736469
gin,2891,CNC(=O)c1ccccc1Sc1ccc2c(C#Cc3cccc(NC(=O)OCCOCCOC)c3)n[nH]c2c1,8.142667770385742,8.789773028738827,0.13437648396895918,0.6987951807228916,0.6471052583530845
gin,2892,CNC(=O)c1ccccc1Sc1ccc2c(C#Cc3cccc(NC(=O)OCCOCCOCCOC)c3)n[nH]c2c1,8.050609588623047,8.717011055736824,0.12653408385885687,0.6987951807228916,0.6664014671137775
gin,2893,CNC(=O)c1ccccc1Sc1ccc2c(C#Cc3cccc(NCCOC)c3)n[nH]c2c1,7.886056423187256,8.656572202084098,0.21037970534619851,0.6666666666666666,0.7705157788968418
gin,2894,CNC(=O)c1ccccc1Sc1ccc2c(C#Cc3cccc(NCCOCCOC)c3)n[nH]c2c1,8.004364967346191,8.731141890501325,0.1607624316542538,0.7375,0.7267769231551338
gin,2895,CNC(=O)c1ccccc1Sc1ccc2c(C#Cc3cccc(NCCOCCOCCOC)c3)n[nH]c2c1,8.0,8.658563594208317,0.14913485768033694,0.7375,0.6585635942083172
gin,5885,COc1ccc(-c2ccc(NC(=O)Nc3cc(C)ccc3F)cc2)c2c(N)noc12,7.688375473022461,6.985514825417312,0.18231762575252267,0.7027027027027027,0.7028606476051493
gin,5886,COc1ccc(-c2ccc(NC(=O)Nc3cccc(Br)c3)cc2)c2c(N)noc12,7.960409164428711,7.179041742651104,0.3472030002734922,0.4642857142857143,0.781367421777607
gin,5887,COc1ccc(-c2ccc(NC(=O)Nc3cccc(C(F)(F)F)c3)cc2)c2c(N)noc12,7.733623027801514,7.083776868342492,0.29713402763088903,0.5671641791044776,0.6498461594590212
gin,5890,COc1ccc(-c2ccc(NC(=O)Nc3cccc(Cl)c3)cc2)c2c(N)noc12,7.565971851348877,7.004932772273644,0.3365939122467385,0.5757575757575758,0.5610390790752326
gin,6189,COc1ccc(NC(=O)Nc2ccc(-c3cccc4onc(N)c34)cc2)cc1,7.316135883331299,5.828911905447143,0.2987148177355526,0.6938775510204082,1.487223977884156
gin,6190,COc1ccc(NC(=O)Nc2ccc(-c3cccc4onc(N)c34)cc2)cc1Cl,7.770303726196289,5.970954490342872,0.2615039377109135,0.6071428571428571,1.799349235853417
gin,6493,COc1cccc(NC(=O)Nc2ccc(-c3cccc4onc(N)c34)cc2)c1,7.864078998565674,5.980028699548494,0.266802358527802,0.6415094339622641,1.8840502990171801
gin,7115,Cc1cc(C)cc(NC(=O)Nc2ccc(-c3cccc4onc(N)c34)cc2)c1,8.309894561767578,6.148445056874928,0.256579416796064,0.6938775510204082,2.1614495048926505
gin,7730,Cc1ccc(F)c(NC(=O)Nc2ccc(-c3ccc(C)c4onc(N)c34)cc2)c1,7.278838634490967,6.756975405829356,0.4702730760952812,0.6956521739130435,0.5218632286616112
gin,7732,Cc1ccc(F)c(NC(=O)Nc2ccc(-c3ccc(F)c4onc(N)c34)cc2)c1,6.675717353820801,6.715067502566736,0.28510515816884147,0.7164179104477612,0.03935014874593534
gin,7733,Cc1ccc(F)c(NC(=O)Nc2ccc(-c3ccc(OC(F)(F)F)c4onc(N)c34)cc2)c1,6.774244785308838,7.451383411570873,0.19441508097511756,0.6753246753246753,0.6771386262620354
gin,7741,Cc1ccc(F)c(NC(=O)Nc2ccc(-c3cccc4onc(N)c34)cc2)c1,7.781918525695801,6.208684487059622,0.2461328911554664,0.6774193548387096,1.573234038636179
gin,7893,Cc1ccc(NC(=O)Nc2ccc(-c3cccc4onc(N)c34)cc2)cc1,7.576213836669922,5.866457012590018,0.2926121065896255,0.7391304347826086,1.7097568240799035
gin,7894,Cc1ccc(NC(=O)Nc2ccc(-c3cccc4onc(N)c34)cc2)cc1Cl,7.79587984085083,6.691179304395713,0.3058062710102165,0.6415094339622641,1.104700536455117
gin,7895,Cc1ccc(NC(=O)Nc2ccc(-c3cccc4onc(N)c34)cc2)cc1F,7.610924243927002,6.585626587169837,0.41693346006918924,0.6415094339622641,1.0252976567571652
gin,8349,Cc1cccc(NC(=O)Nc2ccc(-c3cccc4onc(N)c34)cc2)c1,8.22796630859375,5.983289199056354,0.24695424084091486,0.68,2.2446771095373963
gin,10322,Nc1noc2cccc(-c3ccc(NC(=O)Nc4cc(C(F)(F)F)ccc4F)cc3)c12,7.039938449859619,6.393407640195766,0.36191210471342755,0.6268656716417911,0.6465308096638536
gin,10323,Nc1noc2cccc(-c3ccc(NC(=O)Nc4cc(F)cc(F)c4)cc3)c12,7.132719993591309,6.085791160161123,0.33379462197218657,0.6938775510204082,1.0469288334301856
gin,10324,Nc1noc2cccc(-c3ccc(NC(=O)Nc4ccc(C(F)(F)F)cc4)cc3)c12,7.128401756286621,6.092482502795035,0.3648074863462688,0.6938775510204082,1.0359192534915858
gin,10325,Nc1noc2cccc(-c3ccc(NC(=O)Nc4ccc(F)c(C(F)(F)F)c4)cc3)c12,7.332571983337402,6.642565897373037,0.4202703835866259,0.6181818181818182,0.6900060859643657
gin,10326,Nc1noc2cccc(-c3ccc(NC(=O)Nc4ccc(F)c(Cl)c4)cc3)c12,7.4751973152160645,5.804627097131174,0.3007872179808133,0.6415094339622641,1.6705702180848903
gin,10327,Nc1noc2cccc(-c3ccc(NC(=O)Nc4ccc(F)cc4)cc3)c12,7.255583763122559,5.888508366972165,0.345212272594388,0.78,1.3670753961503932
gin,10328,Nc1noc2cccc(-c3ccc(NC(=O)Nc4ccc(OC(F)(F)F)cc4)cc3)c12,7.143422603607178,6.538618523098923,0.2557151148615699,0.6538461538461539,0.6048040805082548
gin,10329,Nc1noc2cccc(-c3ccc(NC(=O)Nc4cccc(Br)c4)cc3)c12,8.150514602661133,6.317667319554398,0.3902017154769847,0.68,1.8328472831067346
gin,10330,Nc1noc2cccc(-c3ccc(NC(=O)Nc4cccc(C(F)(F)F)c4)cc3)c12,7.309442520141602,6.3131563896339555,0.3264596832467886,0.7049180327868853,0.996286130507646
gin,10331,Nc1noc2cccc(-c3ccc(NC(=O)Nc4cccc(Cl)c4)cc3)c12,7.824875831604004,6.099338525848908,0.3373746538881106,0.6938775510204082,1.725537305755096
gin,10332,Nc1noc2cccc(-c3ccc(NC(=O)Nc4cccc(F)c4)cc3)c12,7.51716423034668,6.073295368050768,0.3124479474982819,0.68,1.4438688622959113
gin,10333,Nc1noc2cccc(-c3ccc(NC(=O)Nc4cccc([N+](=O)[O-])c4)cc3)c12,7.74539852142334,6.308479826035474,0.29068576544090535,0.6296296296296297,1.4369186953878659
gin,10334,Nc1noc2cccc(-c3ccc(NC(=O)Nc4ccccc4)cc3)c12,7.620166301727295,5.443151559229875,0.2218998176276405,0.782608695652174,2.1770147424974198
gin,10335,Nc1noc2cccc(-c3ccc(NC(=O)Nc4ccccc4C(F)(F)F)cc3)c12,5.210348606109619,5.777153153744526,0.2696968307310686,0.6296296296296297,0.5668045476349066
gin,10336,Nc1noc2cccc(-c3ccc(NC(=O)Nc4ccccc4F)cc3)c12,6.400608062744141,6.010184594619806,0.29580457362522017,0.6666666666666666,0.39042346812433504
gin,10337,Nc1noc2cccc(-c3ccc(NC(=O)Nc4ccccc4OC(F)(F)F)cc3)c12,6.04683256149292,6.234859083337199,0.2541005669609661,0.5964912280701754,0.1880265218442787
gin,370,CC(=O)Nc1ccc(-c2ccc(NC(=O)Nc3cccc(C)c3)cc2)c2c1C(=O)NC2,7.193819999694824,6.856473610036365,0.15090846306326205,0.7931034482758621,0.3373463896584594
gin,1977,CCc1cc(-c2cccc3c2CNC3=O)ccc1NC(=O)Nc1cccc(C)c1,5.221848964691162,5.533842698154861,0.1367659272872131,0.6333333333333333,0.31199373346369885
gin,2035,CCc1cccc(NC(=O)Nc2ccc(-c3cccc4c3CNC4=O)cc2)c1,7.537601947784424,6.252455976991651,0.2909090804724763,0.6545454545454545,1.2851459707927733
gin,3645,COCCOc1ccc(-c2ccc(NC(=O)Nc3cccc(C)c3)cc2)c2c1C(=O)NC2,6.899629592895508,6.9355513999054885,0.2731377661324712,0.6567164179104478,0.03592180700998071
gin,5889,COc1ccc(-c2ccc(NC(=O)Nc3cccc(C)c3)cc2)c2c1C(=O)NC2,7.677780628204346,6.728655488944757,0.27393602575642656,0.6935483870967742,0.9491251392595883
gin,6492,COc1cccc(NC(=O)Nc2ccc(-c3cccc4c3CNC4=O)cc2)c1,6.2441253662109375,5.796167374673947,0.028292934381791392,0.6545454545454545,0.4479579915369909
gin,7114,Cc1cc(C)cc(NC(=O)Nc2ccc(-c3cccc4c3CNC4=O)cc2)c1,7.0809221267700195,5.9653534589397355,0.15256869674044063,0.6730769230769231,1.115568667830284
gin,7891,Cc1ccc(NC(=O)Nc2ccc(-c3cccc4c3CNC4=O)cc2)cc1,6.3665313720703125,5.692371976973239,0.15747818880109885,0.68,0.6741593950970737
gin,7892,Cc1ccc(NC(=O)Nc2ccc(-c3cccc4c3CNC4=O)cc2)cc1C,7.301030158996582,6.279073071285737,0.2524691499861509,0.6923076923076923,1.0219570877108453
gin,8266,Cc1cccc(N(C)C(=O)Nc2ccc(-c3cccc4c3CNC4=O)cc2)c1,4.721246242523193,5.091495913142978,0.2850968357579108,0.5833333333333334,0.37024967061978487
gin,8279,Cc1cccc(NC(=O)N(C)c2ccc(-c3cccc4c3CNC4=O)cc2)c1,5.958607196807861,5.420770875313489,0.2404976181206,0.6666666666666666,0.537836321494372
gin,8291,Cc1cccc(NC(=O)Nc2c(C)cc(-c3cccc4c3CNC4=O)cc2C)c1,4.301030158996582,5.763232067062631,0.17185641506721538,0.631578947368421,1.4622019080660493
gin,8319,Cc1cccc(NC(=O)Nc2ccc(-c3ccc(N)c4c3CNC4=O)cc2)c1,7.853871822357178,6.189701222755796,0.2966566195961529,0.7166666666666667,1.6641705996013814
gin,8320,Cc1cccc(NC(=O)Nc2ccc(-c3ccc(NC(=O)CN(C)C)c4c3CNC4=O)cc2)c1,6.455932140350342,7.421510125431041,0.2261854339879827,0.71875,0.9655779850806994
gin,8335,Cc1cccc(NC(=O)Nc2ccc(-c3cccc4c3CNC4=O)c(C(F)(F)F)c2)c1,5.045757293701172,6.590365804398933,0.145943469411281,0.5483870967741935,1.5446085106977607
gin,8336,Cc1cccc(NC(=O)Nc2ccc(-c3cccc4c3CNC4=O)c(C)c2)c1,6.113509178161621,6.118018907660314,0.20961919552193645,0.5964912280701754,0.004509729498693105
gin,8337,Cc1cccc(NC(=O)Nc2ccc(-c3cccc4c3CNC4=O)c(Cl)c2)c1,7.148741722106934,6.415708644885309,0.24825962517222158,0.576271186440678,0.7330330772216245
gin,8338,Cc1cccc(NC(=O)Nc2ccc(-c3cccc4c3CNC4=O)c(F)c2)c1,7.28399658203125,6.464583377670217,0.13309448905631086,0.576271186440678,0.8194132043610329
gin,8339,Cc1cccc(NC(=O)Nc2ccc(-c3cccc4c3CNC4=O)cc2)c1,7.004386901855469,5.8064637640429355,0.1290824819988079,0.7307692307692307,1.1979231378125332
gin,8340,Cc1cccc(NC(=O)Nc2ccc(-c3cccc4c3CNC4=O)cc2C(F)(F)F)c1,7.4685211181640625,6.048343174206916,0.16153763476282917,0.5873015873015873,1.420177943957147
gin,8341,Cc1cccc(NC(=O)Nc2ccc(-c3cccc4c3CNC4=O)cc2C)c1,7.721246242523193,5.813437518382519,0.0410464477645737,0.6379310344827587,1.9078087241406747
gin,8342,Cc1cccc(NC(=O)Nc2ccc(-c3cccc4c3CNC4=O)cc2Cl)c1,7.522878646850586,6.501966391807912,0.23662117489460913,0.6166666666666667,1.0209122550426741
gin,8343,Cc1cccc(NC(=O)Nc2ccc(-c3cccc4c3CNC4=O)cc2F)c1,7.3565473556518555,6.284363531520469,0.11230299937586892,0.6166666666666667,1.0721838241313861
gin,8523,Cc1ccccc1NC(=O)Nc1ccc(-c2cccc3c2CNC3=O)cc1,5.3565473556518555,5.316992658172144,0.12624373693984361,0.6274509803921569,0.03955469747971119
gin,9576,N#Cc1cccc(NC(=O)Nc2ccc(-c3cccc4c3CNC4=O)cc2)c1,6.431798458099365,5.765916617119065,0.17144256089680115,0.6545454545454545,0.6658818409803002
gin,10714,O=C(Nc1ccc(-c2cccc3c2CNC3=O)cc1)Nc1cc(C(F)(F)F)ccc1F,7.638272285461426,6.120500715846215,0.27293378951496433,0.5737704918032787,1.5177715696152108
gin,10715,O=C(Nc1ccc(-c2cccc3c2CNC3=O)cc1)Nc1ccc(C(F)(F)F)cc1,6.7931742668151855,5.946549317933171,0.2350340839756054,0.6530612244897959,0.8466249488820141
gin,10717,O=C(Nc1ccc(-c2cccc3c2CNC3=O)cc1)Nc1cccc(C(F)(F)F)c1,8.154901504516602,6.14498204872388,0.17353954216340572,0.6545454545454545,2.009919455792722
gin,10718,O=C(Nc1ccc(-c2cccc3c2CNC3=O)cc1)Nc1cccc(Cl)c1,7.337242126464844,5.940907276084033,0.1277107811295199,0.6923076923076923,1.3963348503808106
gin,10719,O=C(Nc1ccc(-c2cccc3c2CNC3=O)cc1)Nc1cccc(F)c1,6.28399658203125,5.833781304232464,0.18261274986536294,0.6923076923076923,0.4502152777987858
gin,11211,O=C(Nc1ccccc1)Nc1ccc(-c2cccc3c2CNC3=O)cc1,5.744727611541748,5.353549156859761,0.13974248479467458,0.7674418604651163,0.3911784546819872
gin,563,CC(C)(C)c1ccc(NC(=O)c2cccc(N3CCc4nc(N)ncc4C3)c2)cc1,7.387216091156006,6.221019618399837,0.166107691338203,0.704225352112676,1.1661964727561687
gin,828,CC(C)c1ccc(NC(=O)c2cccc(N3CCc4nc(N)ncc4C3)c2)cc1,7.371280670166016,6.004530130675268,0.15239951805683175,0.7538461538461538,1.3667505394907478
gin,861,CC(C)c1cccc(NC(=O)c2cccc(N3CCc4nc(N)ncc4C3)c2)c1,7.799299716949463,6.078098412873629,0.23564412173336038,0.8524590163934426,1.7212013040758336
gin,1314,CCCc1ccc(NC(=O)c2cccc(N3CCc4nc(N)ncc4C3)c2)cc1,7.173925399780273,5.6965926593753125,0.13257814436245607,0.7014925373134329,1.477332740404961
gin,2026,CCc1ccc(NC(=O)c2cccc(N3CCc4nc(N)ncc4C3)c2)cc1,6.838632106781006,5.776301401217315,0.18888836076985788,0.704225352112676,1.0623307055636912
gin,2049,CCc1cccc(NC(=O)c2cccc(N3CCc4nc(N)ncc4C3)c2)c1,7.6575775146484375,6.2069534345685895,0.4413997801868047,0.6865671641791045,1.450624080079848
gin,6513,COc1cccc(NC(=O)c2cccc(N3CCc4nc(N)ncc4C3)c2)c1,6.991399765014648,5.687863682991387,0.13024171721231295,0.6944444444444444,1.3035360820232613
gin,6731,CSc1ncc2c(n1)CCN(c1cc(C(=O)Nc3cccc(C(C)C)c3)ccc1C)C2,7.508638381958008,5.345668539466904,0.41322230194711734,0.7605633802816901,2.162969842491104
gin,6733,CSc1ncc2c(n1)CCN(c1cc(C(=O)Nc3cccc(C(F)(F)F)c3)ccc1C)C2,7.622825622558594,5.424227298313913,0.3154879034242434,0.7638888888888888,2.1985983242446805
gin,6736,CSc1ncc2c(n1)CCN(c1cc(C)cc(C(=O)Nc3cccc(C(C)C)c3)c1)C2,6.0,5.36840104918203,0.05368124902407025,0.8115942028985508,0.6315989508179696
gin,6737,CSc1ncc2c(n1)CCN(c1cc(C)cc(C(=O)Nc3cccc(C(F)(F)F)c3)c1)C2,6.0,5.492532443878512,0.09742879424675124,0.7397260273972602,0.5074675561214876
gin,6740,CSc1ncc2c(n1)CCN(c1cccc(C(=O)Nc3cccc(C(F)(F)F)c3)c1)C2,6.116906642913818,5.524957493885647,0.14039456662792713,0.7971014492753623,0.5919491490281716
gin,7078,Cc1cc(C(=O)Nc2cccc(C(C)C)c2)cc(N2CCc3nc(CS)ncc3C2)c1,6.0,5.436979030043574,0.15811678457051215,0.8142857142857143,0.5630209699564261
gin,7079,Cc1cc(C(=O)Nc2cccc(C(C)C)c2)cc(N2CCc3nc(N)ncc3C2)c1,7.7695512771606445,5.902912193562031,0.05049338249045798,0.8059701492537313,1.8666390835986135
gin,7080,Cc1cc(C(=O)Nc2cccc(C(C)C)c2)cc(N2CCc3ncncc3C2)c1,6.798603057861328,6.2150857371383,0.0882673563680872,0.6301369863013698,0.5835173207230282
gin,7081,Cc1cc(C(=O)Nc2cccc(C(F)(F)F)c2)cc(N2CCc3nc(CS)ncc3C2)c1,6.0,5.531742086760403,0.1424642874411249,0.8028169014084507,0.4682579132395972
gin,7082,Cc1cc(C(=O)Nc2cccc(C(F)(F)F)c2)cc(N2CCc3nc(N)ncc3C2)c1,7.568636417388916,5.860968161974824,0.02664718841588585,0.803030303030303,1.7076682554140916
gin,7083,Cc1cc(C(=O)Nc2cccc(C(F)(F)F)c2)cc(N2CCc3ncncc3C2)c1,6.195179462432861,6.259418730513886,0.02422046608602745,0.6216216216216216,0.06423926808102465
gin,7621,Cc1ccc(C(=O)Nc2cccc(C(C)C)c2)cc1N1CCc2nc(CS)ncc2C1,7.508638381958008,5.425822911459098,0.3685742265750112,0.7638888888888888,2.08281547049891
gin,7622,Cc1ccc(C(=O)Nc2cccc(C(C)C)c2)cc1N1CCc2nc(N)ncc2C1,7.853871822357178,5.732503252930101,0.41920770297023763,0.7536231884057971,2.1213685694270765
gin,7623,Cc1ccc(C(=O)Nc2cccc(C(C)C)c2)cc1N1CCc2ncncc2C1,7.958607196807861,6.1045139173463525,0.5895091067325864,0.5694444444444444,1.8540932794615088
gin,7637,Cc1ccc(C(=O)Nc2cccc(C(F)(F)F)c2)cc1N1CCc2nc(CS)ncc2C1,7.148741722106934,5.475118920137352,0.28746609480830954,0.7534246575342466,1.6736228019695814
gin,7638,Cc1ccc(C(=O)Nc2cccc(C(F)(F)F)c2)cc1N1CCc2nc(N)ncc2C1,8.09691047668457,5.720569407238732,0.317820466399918,0.7761194029850746,2.3763410694458384
gin,7639,Cc1ccc(C(=O)Nc2cccc(C(F)(F)F)c2)cc1N1CCc2ncncc2C1,6.982966423034668,6.093332278368304,0.4828979755777493,0.581081081081081,0.8896341446663643
gin,7987,Cc1ccc(NC(=O)c2cccc(N3CCc4nc(N)ncc4C3)c2)cc1,6.10623836517334,5.531561164951597,0.1153512821513906,0.7352941176470589,0.5746772002217426
gin,8463,Cc1cccc(NC(=O)c2cccc(N3CCc4nc(N)ncc4C3)c2)c1,6.9430952072143555,5.6244189326974,0.1190998039292154,0.7777777777777778,1.3186762745169558
gin,10065,Nc1ncc2c(n1)CCN(c1cccc(C(=O)Nc3ccc(F)c(C(F)(F)F)c3)c1)C2,7.568636417388916,6.124590402744279,0.18532577212429957,0.6619718309859155,1.4440460146446368
gin,10066,Nc1ncc2c(n1)CCN(c1cccc(C(=O)Nc3cccc(C(F)(F)F)c3)c1)C2,7.821032524108887,5.952409435176851,0.1571411012515476,0.8548387096774194,1.8686230889320354
gin,10068,Nc1ncc2c(n1)CCN(c1cccc(C(=O)Nc3ccccc3)c1)C2,5.525783538818359,5.255522294754845,0.1755565841505245,0.8,0.2702612440635148
gin,11129,O=C(Nc1cccc(C(F)(F)F)c1)c1cccc(N2CCc3nc(CS)ncc3C2)c1,6.116906642913818,5.563659208306244,0.22744831499615156,0.8507462686567164,0.5532474346075746
gin,11131,O=C(Nc1cccc(C(F)(F)F)c1)c1cccc(N2CCc3ncncc3C2)c1,7.721246242523193,6.426828323653642,0.2284635606096116,0.6818181818181818,1.2944179188695513
gin,24,C#Cc1cccc(Nc2nc(C)nc3oc(C)cc23)c1,7.117475509643555,7.035438951338762,0.2992123792992741,0.5714285714285714,0.08203655830479306
gin,1205,CCCCN(c1ccc(OC)cc1)c1nc(C)nc2oc(C)cc12,7.463441371917725,7.935664560974753,0.4028482142429878,0.46153846153846156,0.4722231890570283
gin,1259,CCCN(c1ccc(OC)cc1)c1nc(C)nc2oc(C)cc12,8.070581436157227,7.963556322541952,0.3243209293075516,0.47619047619047616,0.10702511361527467
gin,1260,CCCN(c1ccc(OC)cc1)c1ncnc2occ(C)c12,7.92081880569458,5.59563899130912,0.29392465533039774,0.41818181818181815,2.32517981438546
gin,1506,CCN(c1ccc(OC)cc1)c1nc(C)nc2oc(C)cc12,7.97469425201416,8.123703729553426,0.2519524050779812,0.4918032786885246,0.1490094775392663
gin,1507,CCN(c1ccc(OC)cc1)c1ncnc2occ(C)c12,7.171985149383545,5.629220623549429,0.27217918185717194,0.4339622641509434,1.5427645258341158
gin,1882,CCOc1ccc(N(C)c2nc(C)nc3oc(C)cc23)cc1,6.916676998138428,8.033096214371463,0.23812731983509716,0.5686274509803921,1.1164192162330355
gin,2023,CCc1ccc(N(C)c2ncnc3occ(C)c23)cc1,8.107905387878418,5.4727468008069495,0.32243850541273644,0.2857142857142857,2.6351585870714684
gin,3022,CNc1ccc(N(C)c2ncnc3occ(C)c23)cc1,7.896196365356445,4.857699229867573,0.2575988590709715,0.3125,3.038497135488872
gin,3023,CNc1ccc(Nc2ncnc3occ(C)c23)cc1,6.698969841003418,4.769362754223607,0.27163801937832016,0.3114754098360656,1.9296070867798107
gin,3971,COc1cc(N(C)c2nc(C)nc3oc(C)cc23)cc(OC)c1OC,6.522878646850586,7.866601367056205,0.059411156782715586,0.5294117647058824,1.3437227202056192
gin,6162,COc1ccc(N(C)c2nc(C)nc3oc(C)cc23)c(OC)c1,7.490797519683838,8.089328435613083,0.08556072513922626,0.5333333333333333,0.5985309159292456
gin,6163,COc1ccc(N(C)c2nc(C)nc3oc(C)cc23)cc1,7.718966484069824,8.148897993033302,0.13856700885013357,0.6041666666666666,0.4299315089634774
gin,6164,COc1ccc(N(C)c2nc(C)nc3oc(C)cc23)cc1.Cl,7.694648742675781,8.158020569520659,0.12016779378327787,0.5918367346938775,0.46337182684487743
gin,6165,COc1ccc(N(C)c2nc(C)nc3oc(C)cc23)cc1OC,7.730486869812012,8.118677990182354,0.05850634095092946,0.6122448979591837,0.3881911203703421
gin,6168,COc1ccc(N(C)c2ncnc3occ(C)c23)cc1,8.031517028808594,5.110164268875887,0.3226660295123467,0.46938775510204084,2.9213527599327067
gin,6169,COc1ccc(N(c2nc(C)nc3oc(C)cc23)C(C)C)cc1,7.806875228881836,7.84123890439749,0.19182305148361967,0.5166666666666667,0.034363675515654
gin,6170,COc1ccc(N(c2ncnc3occ(C)c23)C(C)C)cc1,7.630784034729004,5.958530159717317,0.36746429965652627,0.4339622641509434,1.6722538750116867
gin,6259,COc1ccc(Nc2nc(C)nc3oc(C)cc23)cc1,7.365522861480713,7.033041969034149,0.3410004347413299,0.5416666666666666,0.3324808924465641
gin,6290,COc1ccc(Nc2ncnc3occ(C)c23)cc1,7.419075012207031,4.809702958054156,0.19827130955121508,0.46938775510204084,2.6093720541528755
gin,6724,CSc1ccc(N(C)c2ncnc3occ(C)c23)cc1,7.866461277008057,5.252480859901141,0.1432412993229514,0.2857142857142857,2.613980417106916
gin,8662,Cc1coc2ncnc(N(C)c3ccc(N(C)C)cc3)c12,7.806875228881836,4.734322327199341,0.24521941452370047,0.35714285714285715,3.072552901682495
gin,8663,Cc1coc2ncnc(N(C)c3ccc([N+](=O)[O-])cc3)c12,6.698969841003418,5.011231119742281,0.21746154480297777,0.3283582089552239,1.6877387212611366
gin,8664,Cc1coc2ncnc(Nc3ccc(N(C)C)cc3)c12,6.698969841003418,4.73036669124004,0.3574088875096626,0.3333333333333333,1.9686031497633776
gin,8665,Cc1coc2ncnc(Nc3ccc([N+](=O)[O-])cc3)c12,6.698969841003418,4.999517634760385,0.23309275685352124,0.390625,1.6994522062430333
gin,8734,Cc1nc(N(C)c2ccc(OC(C)C)cc2)c2cc(C)oc2n1,7.414539337158203,7.705240827224031,0.29469876502492803,0.5686274509803921,0.29070149006582824
gin,8779,Cc1nc(Nc2ccc(C(F)(F)F)cc2)c2cc(C)oc2n1,7.179141998291016,6.956231714031702,0.49920524186570525,0.5306122448979592,0.22291028425931358
gin,8780,Cc1nc(Nc2ccc(Cl)cc2)c2cc(C)oc2n1,7.15366268157959,6.869323710486199,0.4682176312358344,0.5652173913043478,0.28433897109339057
gin,8781,Cc1nc(Nc2ccc(F)c(Cl)c2)c2cc(C)oc2n1,7.235076904296875,6.269057318590138,0.36092409151957017,0.5098039215686274,0.9660195857067366
gin,8785,Cc1nc(Nc2ccccc2)c2cc(C)oc2n1,7.298431873321533,6.699990414372105,0.4827048428651292,0.6666666666666666,0.598441458949428
gin,414,CC(=O)c1ccc2c(c1)c1c3c(c4c(c1n2CCCO)Cc1ccccc1-4)C(=O)NC3,6.728158473968506,7.048559069573983,0.18233696502843305,0.5063291139240507,0.3204005956054772
gin,511,CC(C)(C)OCc1ccc2c(c1)c1c3c(c4c(c1n2CCCO)Cc1ccccc1-4)C(=O)NC3,7.958607196807861,6.829547779086956,0.6275115484890289,0.4939759036144578,1.1290594177209057
gin,708,CC(C)CCOCc1ccc2c(c1)c1c3c(c4c(c1n2CCCO)Cc1ccccc1-4)C(=O)NC3,6.559091091156006,7.0019047628625115,0.3613360977987341,0.48863636363636365,0.44281367170650565
gin,766,CC(C)OC(C)c1ccc2c(c1)c1c3c(c4c(c1n2CCCO)Cc1ccccc1-4)C(=O)NC3,6.386157989501953,6.797697006807724,0.43672104489386443,0.5301204819277109,0.41153901730577047
gin,768,CC(C)OCc1ccc2[nH]c3c4c(c5c(c3c2c1)CNC5=O)-c1ccccc1C4,7.259637355804443,7.017104808826791,0.4704781080524299,0.5396825396825397,0.24253254697765225
gin,769,CC(C)OCc1ccc2c(c1)c1c3c(c4c(c1n2CCCCC(=O)N(C)C)Cc1ccccc1-4)C(=O)NC3,7.744727611541748,6.795423769610712,0.44235894636396494,0.4777777777777778,0.9493038419310365
gin,770,CC(C)OCc1ccc2c(c1)c1c3c(c4c(c1n2CCCO)Cc1ccccc1-4)C(=O)NC3,8.09691047668457,7.0540931381191045,0.47323997581129335,0.5301204819277109,1.0428173385654658
gin,771,CC(C)OCc1ccc2c(c1)c1c3c(c4c(c1n2CCCOC(=O)CN(C)C)Cc1ccccc1-4)C(=O)NC3,7.770303726196289,6.8731565843363756,0.5305602000177378,0.46236559139784944,0.8971471418599135
gin,785,CC(C)SCc1ccc2c(c1)c1c3c(c4c(c1n2CCCO)Cc1ccccc1-4)C(=O)NC3,7.2441253662109375,7.273815318077747,0.25975952855254597,0.49411764705882355,0.029689951866809672
gin,787,CC(C)[S+]([O-])Cc1ccc2c(c1)c1c3c(c4c(c1n2CCCO)Cc1ccccc1-4)C(=O)NC3,6.5100417137146,6.553162092000899,0.32291047528504374,0.4827586206896552,0.04312037828629922
gin,1046,CC(O)c1ccc2c(c1)c1c3c(c4c(c1n2CCCO)Cc1ccccc1-4)C(=O)NC3,6.954677104949951,7.089710572726915,0.15066328364208775,0.5185185185185185,0.1350334677769638
gin,1149,CCC(C)OCc1ccc2c(c1)c1c3c(c4c(c1n2CCCO)Cc1ccccc1-4)C(=O)NC3,7.92081880569458,7.220032365894109,0.43751696071487545,0.4942528735632184,0.7007864398004715
gin,1160,CCC(CC)OCc1ccc2c(c1)c1c3c(c4c(c1n2CCCO)Cc1ccccc1-4)C(=O)NC3,7.455932140350342,7.222327216535334,0.35007629745615637,0.4827586206896552,0.2336049238150082
gin,1232,CCCCOC(C)c1ccc2c(c1)c1c3c(c4c(c1n2CCCO)Cc1ccccc1-4)C(=O)NC3,6.886056423187256,7.028836759466379,0.3648639569185682,0.5057471264367817,0.1427803362791229
gin,1233,CCCCOCc1ccc2c(c1)c1c3c(c4c(c1n2CCCO)Cc1ccccc1-4)C(=O)NC3,7.744727611541748,7.079599826063874,0.41098068102276036,0.5,0.6651277854778739
gin,1292,CCCOCc1ccc2c(c1)c1c3c(c4c(c1n2CCCO)Cc1ccccc1-4)C(=O)NC3,7.886056423187256,7.076378968943627,0.38319063633354644,0.4880952380952381,0.8096774542436291
gin,1819,CCOC(C)c1ccc2c(c1)c1c3c(c4c(c1n2CCCO)Cc1ccccc1-4)C(=O)NC3,7.0809221267700195,6.970541441996687,0.38818863691619504,0.5058823529411764,0.1103806847733324
gin,1829,CCOCc1ccc2c(c1)c1c3c(c4c(c1n2CCCO)Cc1ccccc1-4)C(=O)NC3,8.397939682006836,7.055082668526757,0.43585978646726137,0.5,1.3428570134800788
gin,1957,CCSCc1ccc2c(c1)c1c3c(c4c(c1n2CCCO)Cc1ccccc1-4)C(=O)NC3,7.677780628204346,7.263086910269958,0.25809498548681803,0.4819277108433735,0.41469371793438814
gin,1960,CC[C@@H](C)OCc1ccc2c(c1)c1c3c(c4c(c1n2CCCO)Cc1ccccc1-4)C(=O)NC3,7.92081880569458,7.02908999114402,0.35746069380290063,0.4942528735632184,0.89172881455056
gin,1964,CC[C@H](C)OCc1ccc2c(c1)c1c3c(c4c(c1n2CCCO)Cc1ccccc1-4)C(=O)NC3,7.721246242523193,7.216543184625976,0.4059774342540296,0.4942528735632184,0.5047030578972169
gin,3433,COC(C)c1ccc2c(c1)c1c3c(c4c(c1n2CCCO)Cc1ccccc1-4)C(=O)NC3,7.136677265167236,6.977087612347604,0.39961095305996297,0.5185185185185185,0.15958965281963255
gin,3715,COCc1ccc2c(c1)c1c3c(c4c(c1n2CCCO)Cc1ccccc1-4)C(=O)NC3,7.7695512771606445,7.004094485886394,0.5339780628372182,0.5316455696202531,0.7654567912742509
gin,8155,Cc1ccc2c(c1)c1c3c(c4c(c1n2CCCO)Cc1ccccc1-4)C(=O)NC3,6.787812232971191,7.10691489310437,0.23748481809499114,0.5263157894736842,0.31910266013317834
gin,11425,O=C1NCc2c1c1c(c3[nH]c4ccccc4c23)Cc2ccccc2-1,6.958607196807861,6.632809687580969,0.40060004049027054,0.8222222222222222,0.3257975092268923
gin,11426,O=C1NCc2c1c1c(c3c2c2cc(Br)ccc2n3CCCO)Cc2ccccc2-1,6.982966423034668,7.119962501114377,0.31967205415690847,0.5064935064935064,0.13699607807970882
gin,11427,O=C1NCc2c1c1c(c3c2c2cc(CO)ccc2n3CCCO)Cc2ccccc2-1,6.681936740875244,7.188219028951768,0.3661280336188523,0.5064935064935064,0.5062822880765241
gin,11428,O=C1NCc2c1c1c(c3c2c2ccccc2n3CCCO)Cc2ccccc2-1,7.318758964538574,6.806843175258521,0.3421763111268923,0.5942028985507246,0.511915789280053
gin,11429,O=C1NCc2c1c1c(c3c2c2ccccc2n3CCO)Cc2ccccc2-1,6.970616340637207,6.813446447177001,0.24001670785620274,0.6615384615384615,0.15716989346020593
gin,11529,O=Cc1ccc2c(c1)c1c3c(c4c(c1n2CCCO)Cc1ccccc1-4)C(=O)NC3,6.978810787200928,7.192926990585988,0.15364964475526374,0.4936708860759494,0.21411620338506054
gin,3181,COC(=O)CCCCCNC(=O)c1cnc(N)c(-c2cc3cc(NC(=O)Nc4cccc(C)c4)ccc3s2)c1,6.879426002502441,7.881373442406622,0.11694314682508707,0.6103896103896104,1.001947439904181
gin,3200,COC(=O)CCCC[S@](C)(=O)=NC(=O)c1cnc(N)c(-c2cc3cc(NC(=O)Nc4cc(C)ccc4F)ccc3s2)c1,8.522878646850586,8.047130527451145,0.11798645928018657,0.6521739130434783,0.47574811939944084
gin,3201,COC(=O)CCCC[S@](C)(=O)=NC(=O)c1cnc(N)c(-c2cc3cc(NC(=O)Nc4ccc(F)c(Cl)c4)ccc3s2)c1,8.397939682006836,7.666190617929469,0.10049049483492722,0.5764705882352941,0.7317490640773672
gin,3202,COC(=O)CCCC[S@](C)(=O)=NC(=O)c1cnc(N)c(-c2cc3cc(NC(=O)Nc4cccc(C)c4)ccc3s2)c1,8.301030158996582,8.009720585729383,0.10633067706512797,0.6588235294117647,0.2913095732671991
gin,3204,COC(=O)CCCNC(=O)c1cnc(N)c(-c2cc3cc(NC(=O)Nc4cccc(C)c4)ccc3s2)c1,6.9281182289123535,7.890360628071941,0.11988084922112766,0.6266666666666667,0.9622423991595879
gin,3402,COC(=O)c1cnc(N)c(-c2cc3cc(NC(=O)Nc4cc(C(F)(F)F)ccc4F)ccc3s2)c1,7.960409164428711,7.791849479558266,0.12683856136003896,0.7857142857142857,0.16855968487044493
gin,3403,COC(=O)c1cnc(N)c(-c2cc3cc(NC(=O)Nc4cc(C)ccc4F)ccc3s2)c1,7.7695512771606445,7.766204714763774,0.1408046438611969,0.7761194029850746,0.0033465623968709224
gin,3404,COC(=O)c1cnc(N)c(-c2cc3cc(NC(=O)Nc4ccc(C)cc4)ccc3s2)c1,7.346787452697754,7.6865761530395575,0.05211088603154623,0.7419354838709677,0.33978870034180364
gin,3405,COC(=O)c1cnc(N)c(-c2cc3cc(NC(=O)Nc4ccc(Cl)c(C(F)(F)F)c4)ccc3s2)c1,7.585348129272461,7.68474947890212,0.12291718316578609,0.6891891891891891,0.09940134962965885
gin,3406,COC(=O)c1cnc(N)c(-c2cc3cc(NC(=O)Nc4ccc(F)c(Cl)c4)ccc3s2)c1,7.63140344619751,7.35155594670213,0.05466914506939151,0.8412698412698413,0.27984749949537946
gin,3407,COC(=O)c1cnc(N)c(-c2cc3cc(NC(=O)Nc4ccc(F)cc4F)ccc3s2)c1,8.045757293701172,7.880506951163397,0.15062838571854895,0.6619718309859155,0.16525034253777449
gin,3408,COC(=O)c1cnc(N)c(-c2cc3cc(NC(=O)Nc4cccc(C(F)(F)F)c4)ccc3s2)c1,8.056755065917969,7.81917398213191,0.12105701049095542,0.7285714285714285,0.23758108378605858
gin,3409,COC(=O)c1cnc(N)c(-c2cc3cc(NC(=O)Nc4cccc(C)c4)ccc3s2)c1,7.698969841003418,7.73484268056156,0.1166247906206529,0.819672131147541,0.035872839558142466
gin,3410,COC(=O)c1cnc(N)c(-c2cc3cc(NC(=O)Nc4ccccc4)ccc3s2)c1,6.863279342651367,7.553498219977826,0.07231768801299164,0.8245614035087719,0.6902188773264584
gin,3411,COC(=O)c1cnc(N)c(-c2cc3cc(NC(=O)Nc4ccccc4F)ccc3s2)c1,7.091515064239502,7.818740786599392,0.09749242093734711,0.71875,0.7272257223598899
gin,6705,CS(C)(=O)=NC(=O)c1cnc(N)c(-c2cc3cc(NC(=O)Nc4cc(C(F)(F)F)ccc4F)ccc3s2)c1,8.221848487854004,8.088737334210615,0.1846134014451054,0.7972972972972973,0.1331111536433891
gin,6706,CS(C)(=O)=NC(=O)c1cnc(N)c(-c2cc3cc(NC(=O)Nc4ccc(Cl)c(C(F)(F)F)c4)ccc3s2)c1,8.090228080749512,7.953263764988681,0.20894860119205882,0.8571428571428571,0.13696431576083068
gin,6707,CS(C)(=O)=NC(=O)c1cnc(N)c(-c2cc3cc(NC(=O)Nc4ccc(F)c(Cl)c4)ccc3s2)c1,8.146214485168457,7.668927611267691,0.13403585924053144,0.7222222222222222,0.4772868739007663
gin,6708,CS(C)(=O)=NC(=O)c1cnc(N)c(-c2cc3cc(NC(=O)Nc4ccccc4)ccc3s2)c1,7.272120952606201,7.914162064105123,0.16356398882593037,0.8360655737704918,0.642041111498922
gin,6713,CS(C)(=O)=NC(=O)c1cncc(-c2cc3cc(NC(=O)Nc4cc(C(F)(F)F)ccc4F)ccc3s2)c1,8.154901504516602,7.9309452917274825,0.2881628283776081,0.5853658536585366,0.22395621278911904
gin,6714,CS(C)(=O)=NC(=O)c1cncc(-c2cc3cc(NC(=O)Nc4ccc(Cl)c(C(F)(F)F)c4)ccc3s2)c1,7.853871822357178,7.86288342889416,0.3398227049903528,0.6282051282051282,0.00901160653698252
gin,7844,Cc1ccc(F)c(NC(=O)Nc2ccc3sc(-c4cc(C(=O)N=S(C)(C)=O)cnc4N)cc3c2)c1,8.09691047668457,8.1019936133877,0.20181593311131696,0.8,0.005083136703129654
gin,7845,Cc1ccc(F)c(NC(=O)Nc2ccc3sc(-c4cc(C(=O)O)cnc4N)cc3c2)c1,7.4202165603637695,7.949679915332221,0.25554901386557843,0.7083333333333334,0.5294633549684518
gin,8434,Cc1cccc(NC(=O)Nc2ccc3sc(-c4cc(B(O)O)cnc4N)cc3c2)c1,7.031517028808594,7.939288306594865,0.3197070686499399,0.6764705882352942,0.9077712777862716
gin,8436,Cc1cccc(NC(=O)Nc2ccc3sc(-c4cc(C(=O)N=S(=O)(CCCO)CCCO)cnc4N)cc3c2)c1,8.09691047668457,7.947579003403196,0.163158077435276,0.6710526315789473,0.1493314732813742
gin,8437,Cc1cccc(NC(=O)Nc2ccc3sc(-c4cc(C(=O)N=S(C)(C)=O)cnc4N)cc3c2)c1,7.897940158843994,8.038753326776865,0.20412409211341936,0.8307692307692308,0.1408131679328708
gin,8438,Cc1cccc(NC(=O)Nc2ccc3sc(-c4cc(C(=O)O)cnc4N)cc3c2)c1,6.92081880569458,7.916230693612836,0.2500714164265205,0.6865671641791045,0.9954118879182561
gin,8439,Cc1cccc(NC(=O)Nc2ccc3sc(-c4cc(C(N)=O)cnc4N)cc3c2)c1,7.455932140350342,7.900473440910123,0.19605324501745744,0.6865671641791045,0.4445413005597816
gin,10048,Nc1ncc(B(O)O)cc1-c1cc2cc(NC(=O)Nc3ccccc3)ccc2s1,6.422508239746094,7.761875489294236,0.3815376336662667,0.5692307692307692,1.3393672495481423
gin,10055,Nc1ncc(C(=O)O)cc1-c1cc2cc(NC(=O)Nc3ccc(F)c(Cl)c3)ccc2s1,7.387216091156006,7.426339740953172,0.13309233698637427,0.6865671641791045,0.039123649797166316
gin,874,CC(C)c1cnc(N)nc1-c1ccn2c(-c3cccc(NC(=O)NCC(F)(F)F)c3)cnc2c1,7.853871822357178,6.721833398121741,0.19147178792160785,0.7183098591549296,1.1320384242354367
gin,2261,CN(C)c1cc(-c2ccn3c(-c4cccc(NC(=O)NCC(F)(F)F)c4)cnc3c2)nc(C(F)(F)F)n1,6.552842140197754,6.827057236615228,0.16334235409437703,0.7638888888888888,0.2742150964174739
gin,2989,CNc1cc(-c2ccn3c(-c4cccc(NC(=O)NCC(F)(F)F)c4)cnc3c2)nc(SC)n1,7.6575775146484375,6.863438254421912,0.11232467986535255,0.7397260273972602,0.7941392602265251
gin,2990,CNc1cc(-c2ccn3c(-c4cccc(NC(=O)NCC(F)(F)F)c4)cnc3c2)ncn1,7.431798458099365,7.305869508430287,0.08738847215592442,0.7941176470588235,0.12592894966907853
gin,3708,COCc1cc(-c2ccn3c(-c4cccc(NC(=O)NCC(F)(F)F)c4)cnc3c2)nc(N)n1,6.233623027801514,6.573638407333367,0.1929767499797737,0.7123287671232876,0.34001537953185323
gin,3795,COc1cc(-c2ccn3c(-c4cccc(NC(=O)NCC(F)(F)F)c4)cnc3c2)ncn1,6.823908805847168,7.176102664861712,0.06694708212308627,0.835820895522388,0.3521938590145437
gin,3978,COc1cc(NC(=O)NCC(F)(F)F)cc(-c2cnc3cc(-c4ccnc(C(F)(F)F)n4)ccn23)c1,6.019542217254639,6.917063776581998,0.14907424750014606,0.6363636363636364,0.8975215593273589
gin,6597,COc1cnc(Cl)nc1-c1ccn2c(-c3cccc(NC(=O)NCC(F)(F)F)c3)cnc2c1,6.0087738037109375,6.899881470361511,0.1900291617940795,0.7027027027027027,0.8911076666505737
gin,6603,COc1cncnc1-c1ccn2c(-c3cccc(NC(=O)NCC(F)(F)F)c3)cnc2c1,6.341988563537598,6.982030903504087,0.10975692111676276,0.746268656716418,0.640042339966489
gin,6616,COc1nccc(-c2ccn3c(-c4cccc(NC(=O)NCC(F)(F)F)c4)cnc3c2)n1,6.454692840576172,7.08926625741545,0.0684106745611767,0.7971014492753623,0.6345734168392783
gin,6728,CSc1nc(N)cc(-c2ccn3c(-c4cccc(NC(=O)NCC(F)(F)F)c4)cnc3c2)n1,7.229147911071777,6.642336310878498,0.02720216407383995,0.7571428571428571,0.586811600193279
gin,7026,Cc1cc(-c2ccn3c(-c4cccc(NC(=O)NCC(F)(F)F)c4)cnc3c2)nc(C(C)C)n1,7.0809221267700195,7.227929775655848,0.15318130148866363,0.8088235294117647,0.14700764888582807
gin,7027,Cc1cc(-c2ccn3c(-c4cccc(NC(=O)NCC(F)(F)F)c4)cnc3c2)nc(C(F)(F)F)n1,6.79587984085083,7.035650490106491,0.05489912180958599,0.8333333333333334,0.23977064925566083
gin,8648,Cc1cnc(N)nc1-c1ccn2c(-c3cccc(NC(=O)NCC(F)(F)F)c3)cnc2c1,6.407823085784912,6.6012399589490185,0.10470676548677833,0.7536231884057971,0.19341687316410638
gin,8721,Cc1nc(-c2ccn3c(-c4cccc(NC(=O)NCC(F)(F)F)c4)cnc3c2)cc(N(C)C)n1,6.568636417388916,7.074084565973682,0.30208839687353717,0.7746478873239436,0.5054481485847662
gin,8741,Cc1nc(N)cc(-c2ccn3c(-c4cccc(NC(=O)NCC(F)(F)F)c4)cnc3c2)n1,7.376750946044922,6.7500421485225575,0.16052524657272946,0.7910447761194029,0.6267087975223644
gin,8820,Cc1nccc(-c2ccn3c(-c4cccc(NC(=O)NCC(F)(F)F)c4)cnc3c2)n1,7.110698223114014,7.046346202257941,0.11999643522370677,0.8153846153846154,0.06435202085607283
gin,9490,N#CCc1cc(NC(=O)NCC(F)(F)F)cc(-c2cnc3cc(-c4ccnc(C(F)(F)F)n4)ccn23)c1,5.522878646850586,7.130598989172891,0.06995128412351195,0.5714285714285714,1.6077203423223052
gin,9526,N#Cc1cc(NC(=O)NCC(F)(F)F)cc(-c2cnc3cc(-c4ccnc(C(F)(F)F)n4)ccn23)c1,7.036211967468262,6.9477537340995825,0.10725314520342655,0.6075949367088608,0.0884582333686792
gin,10056,Nc1ncc(C(F)(F)F)c(-c2ccn3c(-c4cccc(NC(=O)NCC(F)(F)F)c4)cnc3c2)n1,5.0,6.458957337721441,0.12166184453008601,0.782608695652174,1.4589573377214409
gin,10520,O=C(NCC(F)(F)F)Nc1cc(-c2cnc3cc(-c4ccnc(C(F)(F)F)n4)ccn23)cc(C(F)(F)F)c1,5.886056423187256,6.945279401711015,0.11565693674979653,0.6153846153846154,1.059222978523759
gin,10522,O=C(NCC(F)(F)F)Nc1cc(Br)cc(-c2cnc3cc(-c4ccnc(C(F)(F)F)n4)ccn23)c1,6.301030158996582,7.109774022438036,0.15454843281947575,0.625,0.8087438634414541
gin,10523,O=C(NCC(F)(F)F)Nc1cc(CO)cc(-c2cnc3cc(-c4ccnc(C(F)(F)F)n4)ccn23)c1,6.3565473556518555,7.0829770707284,0.12679747664395763,0.6266666666666667,0.7264297150765442
gin,10524,O=C(NCC(F)(F)F)Nc1cc(Cl)cc(-c2cnc3cc(-c4ccnc(C(F)(F)F)n4)ccn23)c1,6.568636417388916,7.071194425229474,0.13518013740205792,0.6282051282051282,0.502558007840558
gin,10526,O=C(NCC(F)(F)F)Nc1cc(F)cc(-c2cnc3cc(-c4ccnc(C(F)(F)F)n4)ccn23)c1,6.853871822357178,7.003237636793831,0.18940469819236638,0.6527777777777778,0.14936581443665364
gin,10528,O=C(NCC(F)(F)F)Nc1cc(O)cc(-c2cnc3cc(-c4ccnc(C(F)(F)F)n4)ccn23)c1,6.221848964691162,7.128079495204626,0.17050134160456287,0.6164383561643836,0.9062305305134641
gin,10531,O=C(NCC(F)(F)F)Nc1cccc(-c2cnc3cc(-c4cc(C(F)(F)F)ncn4)ccn23)c1,6.619788646697998,7.006100241058419,0.08922975638856682,0.746268656716418,0.3863115943604214
gin,10553,O=C(NCC(F)(F)F)Nc1cccc(-c2cnc3cc(-c4ccnc(C(F)(F)F)n4)ccn23)c1,6.7695512771606445,6.941828964357366,0.16021320821137153,0.7692307692307693,0.1722776871967211
gin,10555,O=C(NCC(F)(F)F)Nc1cccc(-c2cnc3cc(-c4ccncn4)ccn23)c1,7.222573280334473,6.998276812889041,0.07488546320480839,0.8095238095238095,0.22429646744543152
gin,643,CC(C)(C)n1nc(-c2ccc3cc(C(=O)NCC(F)(F)F)[nH]c3c2)c2c(N)ncnc21,3.823908805847168,4.681562081621943,0.18177495138238037,0.7681159420289855,0.8576532757747755
gin,644,CC(C)(C)n1nc(-c2ccc3cc(C(=O)NCC(F)F)[nH]c3c2)c2c(N)ncnc21,4.640164375305176,4.405365255466147,0.13652820663528692,0.7571428571428571,0.23479911983902912
gin,646,CC(C)(C)n1nc(-c2ccc3cc(C(=O)NCCF)[nH]c3c2)c2c(N)ncnc21,4.879426002502441,4.359883556367474,0.08755084775853812,0.7971014492753623,0.5195424461349676
gin,647,CC(C)(C)n1nc(-c2ccc3cc(C(=O)NCCO)[nH]c3c2)c2c(N)ncnc21,5.522878646850586,4.34099435781756,0.05036292076450248,0.8088235294117647,1.1818842890330261
gin,662,CC(C)(C)n1nc(-c2ccc3cc(C(N)=O)[nH]c3c2)c2c(N)ncnc21,5.149353981018066,4.543729516412327,0.2017832874749755,0.746031746031746,0.6056244646057394
gin,714,CC(C)CNC(=O)c1cc2ccc(-c3nn(C(C)(C)C)c4ncnc(N)c34)cc2[nH]1,4.522878646850586,4.403106237310794,0.10155206471194628,0.7681159420289855,0.11977240953979162
gin,747,CC(C)NC(=O)c1cc2ccc(-c3nn(C(C)(C)C)c4ncnc(N)c34)cc2[nH]1,4.522878646850586,4.47161694851862,0.14224281375119727,0.7692307692307693,0.05126169833196581
gin,962,CC(C)n1nc(-c2ccc3c(C=O)c[nH]c3c2)c2c(N)ncnc21,5.6575775146484375,5.813199294649773,0.15499287237838252,0.6666666666666666,0.15562178000133553
gin,969,CC(C)n1nc(-c2ccc3cc(C(=O)NCCF)[nH]c3c2)c2c(N)ncnc21,4.93930196762085,4.362528360727538,0.09603392131786076,0.6944444444444444,0.5767736068933118
gin,973,CC(C)n1nc(-c2ccc3cc[nH]c3c2)c2c(N)ncnc21,6.327902317047119,5.902786513763161,0.26653795574620415,0.8367346938775511,0.42511580328395837
gin,1217,CCCCNC(=O)c1cc2ccc(-c3nn(C(C)(C)C)c4ncnc(N)c34)cc2[nH]1,4.262012481689453,4.386055358612755,0.07269959928857395,0.7857142857142857,0.12404287692330218
gin,1272,CCCNC(=O)c1cc2ccc(-c3nn(C(C)(C)C)c4ncnc(N)c34)cc2[nH]1,5.038578987121582,4.361023183442209,0.074103749807607,0.8088235294117647,0.6775558036793727
gin,1638,CCNC(=O)c1cc2ccc(-c3nn(C(C)(C)C)c4ncnc(N)c34)cc2[nH]1,4.7931742668151855,4.440063173263222,0.048771900170645345,0.803030303030303,0.3531110935519637
gin,1832,CCONC(=O)c1cc2ccc(-c3nn(C(C)(C)C)c4ncnc(N)c34)cc2[nH]1,5.083546161651611,4.462277836876372,0.11367287270580964,0.8088235294117647,0.6212683247752393
gin,1833,CCONC(=O)c1cc2ccc(-c3nn(C(C)C)c4ncnc(N)c34)cc2[nH]1,5.32975435256958,4.499964671111722,0.14470022316738682,0.704225352112676,0.829789681457858
gin,2135,CCn1nc(-c2ccc3cc(C(=O)NC)[nH]c3c2)c2c(N)ncnc21,5.10623836517334,4.416460741201907,0.08175135155920712,0.71875,0.689777623971433
gin,2678,CNC(=O)c1[nH]c2cc(-c3nn(C(C)(C)C)c4ncnc(N)c34)ccc2c1C,6.1348958015441895,5.304798317884452,0.229858038319792,0.5753424657534246,0.8300974836597375
gin,2679,CNC(=O)c1[nH]c2cc(-c3nn(C(C)(C)C)c4ncnc(N)c34)ccc2c1Cl,5.467245578765869,5.238447748959724,0.16311071714643835,0.6142857142857143,0.22879782980614483
gin,2680,CNC(=O)c1[nH]c2cc(-c3nn(C(C)(C)C)c4ncnc(N)c34)ccc2c1F,4.79048490524292,5.243970372146786,0.19631752059579818,0.5675675675675675,0.4534854669038664
gin,2681,CNC(=O)c1[nH]c2cc(-c3nn(C(C)C)c4ncnc(N)c34)ccc2c1C,6.34103536605835,5.321803465239346,0.20393075201032992,0.6129032258064516,1.0192319008190038
gin,2756,CNC(=O)c1cc2ccc(-c3nn(C(=O)OC(C)(C)C)c4ncnc(N)c34)cc2[nH]1,4.598599433898926,4.228001675745266,0.2954816520227574,0.75,0.3705977581536599
gin,2757,CNC(=O)c1cc2ccc(-c3nn(C(C)(C)C)c4ncnc(N)c34)cc2[nH]1,5.104025363922119,4.451769846128286,0.04004719117356201,0.7936507936507936,0.652255517793833
gin,2758,CNC(=O)c1cc2ccc(-c3nn(C(C)C)c4ncnc(N)c34)cc2[nH]1,5.182434558868408,4.488851153301994,0.05764273701714097,0.7575757575757576,0.6935834055664145
gin,2763,CNC(=O)c1cc2ccc(-c3nn(CCCOC)c4ncnc(N)c34)cc2[nH]1,4.533132553100586,4.298891719113082,0.1320787992397022,0.6666666666666666,0.23424083398750373
gin,3512,COCCNC(=O)c1cc2ccc(-c3nn(C(C)(C)C)c4ncnc(N)c34)cc2[nH]1,4.381951808929443,4.169581011882239,0.17761314988832771,0.7857142857142857,0.21237079704720419
gin,3544,COCCONC(=O)c1cc2ccc(-c3nn(C(C)(C)C)c4ncnc(N)c34)cc2[nH]1,4.522878646850586,4.512319647125007,0.13114272204937868,0.7857142857142857,0.010558999725579277
gin,3747,CONC(=O)c1cc2ccc(-c3nn(C(C)(C)C)c4ncnc(N)c34)cc2[nH]1,5.33068323135376,4.417334545452907,0.15690909581450838,0.7692307692307693,0.9133486859008526
gin,9315,Cn1nc(-c2ccc3cc[nH]c3c2)c2c(N)ncnc21,4.958607196807861,5.965341149544798,0.3553134524923242,0.6792452830188679,1.006733952736937
gin,7557,Cc1ccc(-n2cc(-c3ccc(/C=C4\C(=O)Nc5ccc(F)cc54)cc3)nn2)cc1,4.432973861694336,6.439504089010579,0.41527079729803584,0.423728813559322,2.006530227316243
gin,7558,Cc1ccc(-n2cc(-c3ccc(/C=C4\C(=O)Nc5ccccc54)cc3)nn2)cc1,6.078725337982178,6.313285030950529,0.3407175901290361,0.48148148148148145,0.2345596929683511
gin,8221,Cc1cccc(-n2cc(-c3ccc(/C=C4\C(=O)Nc5ccc(F)cc54)cc3)nn2)c1,4.049829959869385,6.2924423326762735,0.47577550656556705,0.4262295081967213,2.2426123728068887
gin,8222,Cc1cccc(-n2cc(-c3ccc(/C=C4\C(=O)Nc5ccccc54)cc3)nn2)c1,5.849984169006348,6.147538783933797,0.42685365187107716,0.45614035087719296,0.2975546149274493
gin,8505,Cc1ccccc1-n1cc(-c2ccc(/C=C3\C(=O)Nc4ccccc43)cc2)nn1,3.956244945526123,6.125004908783467,0.7264422219176044,0.48148148148148145,2.1687599632573438
gin,8506,Cc1ccccc1-n1cc(-c2ccc(C=C3C(=O)Nc4ccc(F)cc43)cc2)nn1,4.145390510559082,6.329897066570662,0.7718171265576449,0.4576271186440678,2.1845065560115797
gin,9537,N#Cc1ccc(-n2cc(-c3ccc(C=C4C(=O)Nc5ccc(F)cc54)cc3)nn2)cc1,3.7210865020751953,6.142871951707178,0.30700645360768497,0.4032258064516129,2.421785449631983
gin,9538,N#Cc1ccc(-n2cc(-c3ccc(C=C4C(=O)Nc5ccccc54)cc3)nn2)cc1,3.7473654747009277,6.022196704521103,0.29060135934092296,0.45614035087719296,2.274831229820175
gin,9573,N#Cc1cccc(-n2cc(-c3ccc(/C=C4\C(=O)Nc5ccc(F)cc54)cc3)nn2)c1,3.7135210037231445,6.194721890606066,0.4180677305477503,0.40625,2.481200886882921
gin,9574,N#Cc1cccc(-n2cc(-c3ccc(/C=C4\C(=O)Nc5ccccc54)cc3)nn2)c1,3.698970079421997,6.009210430607131,0.4037630602082327,0.43333333333333335,2.3102403511851337
gin,9578,N#Cc1ccccc1-n1cc(-c2ccc(/C=C3\C(=O)Nc4ccccc43)cc2)nn1,3.7710354328155518,6.23551517533959,0.48932799204920574,0.45614035087719296,2.4644797425240386
gin,9579,N#Cc1ccccc1-n1cc(-c2ccc(C=C3C(=O)Nc4ccc(F)cc43)cc2)nn1,3.7276012897491455,6.382617378617586,0.5274567388911295,0.43548387096774194,2.6550160888684404
gin,11469,O=C1Nc2ccc(F)cc2/C1=C/c1ccc(-c2cn(-c3ccc(Cl)c(C(F)(F)F)c3)nn2)cc1,3.7723960876464844,6.803266507125964,0.39672427983751984,0.4125,3.0308704194794798
gin,11470,O=C1Nc2ccc(F)cc2/C1=C/c1ccc(-c2cn(-c3ccc(F)cc3)nn2)cc1,3.7155466079711914,6.394847344773638,0.39490669661809724,0.48148148148148145,2.679300736802446
gin,11471,O=C1Nc2ccc(F)cc2/C1=C/c1ccc(-c2cn(-c3cccc(Cl)c3)nn2)cc1,3.7294609546661377,6.214460124349823,0.469468602007334,0.43333333333333335,2.484999169683685
gin,11472,O=C1Nc2ccc(F)cc2/C1=C/c1ccc(-c2cn(-c3cccc(F)c3)nn2)cc1,3.7666993141174316,6.2681209718437,0.543116451409869,0.45614035087719296,2.5014216577262687
gin,11473,O=C1Nc2ccc(F)cc2/C1=C/c1ccc(-c2cn(-c3ccccc3Cl)nn2)cc1,3.921072244644165,6.460753423075071,0.6094461293553358,0.4576271186440678,2.5396811784309063
gin,11474,O=C1Nc2ccc(F)cc2/C1=C/c1ccc(-c2cn(-c3ccccc3F)nn2)cc1,3.8554258346557617,6.393029423705438,0.7753445219943675,0.47368421052631576,2.5376035890496764
gin,11477,O=C1Nc2ccc(F)cc2C1=Cc1ccc(-c2cn(-c3ccc(Cl)cc3)nn2)cc1,3.7690913677215576,6.379893971946207,0.2938156678346835,0.423728813559322,2.6108026042246495
gin,11478,O=C1Nc2ccc(F)cc2C1=Cc1ccc(-c2cn(-c3ccccc3)nn2)cc1,4.00143575668335,6.0849903591998595,0.5961759646468155,0.4909090909090909,2.08355460251651
gin,11487,O=C1Nc2ccccc2/C1=C/c1ccc(-c2cn(-c3ccc(Cl)c(C(F)(F)F)c3)nn2)cc1,3.9651310443878174,6.62022209937879,0.29200127432983547,0.48,2.6550910549909723
gin,11488,O=C1Nc2ccccc2/C1=C/c1ccc(-c2cn(-c3ccc(Cl)cc3)nn2)cc1,3.7883188724517822,6.235348923374294,0.2368901816267329,0.48148148148148145,2.4470300509225114
gin,11489,O=C1Nc2ccccc2/C1=C/c1ccc(-c2cn(-c3ccc(F)cc3)nn2)cc1,3.7021520137786865,6.2488733044289075,0.2769869996643692,0.6326530612244898,2.546721290650221
gin,11490,O=C1Nc2ccccc2/C1=C/c1ccc(-c2cn(-c3cccc(Cl)c3)nn2)cc1,3.698970079421997,6.036180759455736,0.46050117922755107,0.4642857142857143,2.3372106800337393
gin,11491,O=C1Nc2ccccc2/C1=C/c1ccc(-c2cn(-c3cccc(F)c3)nn2)cc1,3.698970079421997,6.064427101721866,0.4642345439786267,0.5370370370370371,2.3654570222998688
gin,11492,O=C1Nc2ccccc2/C1=C/c1ccc(-c2cn(-c3ccccc3)nn2)cc1,4.031003475189209,5.889244288468684,0.5567119438444993,0.52,1.8582408132794752
gin,11493,O=C1Nc2ccccc2/C1=C/c1ccc(-c2cn(-c3ccccc3Cl)nn2)cc1,3.698970079421997,6.338264337081985,0.5156587397123589,0.48148148148148145,2.639294257659988
gin,11494,O=C1Nc2ccccc2/C1=C/c1ccc(-c2cn(-c3ccccc3F)nn2)cc1,3.9377188682556152,6.213838593822534,0.7237866486281136,0.5384615384615384,2.276119725566919
